stationId,start,end,hours,value_rounded,raw_min,raw_max,station,region
28602897318711027016899843809,2023-01-17 12:00:00,2023-02-15 10:00:00,695,0.4,0.3853,0.3961,Quảng Ninh Nhà máy tuyển than Nam Cầu Trắng - Hạ Long (KK),North
28602897318711027016899843809,2023-01-01 01:00:00,2023-01-17 10:00:00,394,0.4,0.3817,0.3965,Quảng Ninh Nhà máy tuyển than Nam Cầu Trắng - Hạ Long (KK),North
28602897318711027016899843809,2023-12-20 11:00:00,2024-01-03 11:00:00,337,0.6,0.5885,0.6312,Quảng Ninh Nhà máy tuyển than Nam Cầu Trắng - Hạ Long (KK),North
29518872592252585279589451187,2025-03-26 20:00:00,2025-04-08 11:00:00,304,3.8,3.8039,3.8432,Quảng Ninh Km11 - Minh Thành (KK),North
28602897318711027016899843809,2024-11-23 16:00:00,2024-12-05 12:00:00,285,0.0,0.0357,0.0364,Quảng Ninh Nhà máy tuyển than Nam Cầu Trắng - Hạ Long (KK),North
28602897318711027016899843809,2025-03-27 16:00:00,2025-04-08 10:00:00,283,0.0,0.0358,0.0364,Quảng Ninh Nhà máy tuyển than Nam Cầu Trắng - Hạ Long (KK),North
28602897318711027016899843809,2023-02-15 13:00:00,2023-02-24 09:00:00,213,0.4,0.3862,0.3966,Quảng Ninh Nhà máy tuyển than Nam Cầu Trắng - Hạ Long (KK),North
28602897318711027016899843809,2023-08-14 13:00:00,2023-08-23 00:00:00,204,0.1,0.0575,0.0614,Quảng Ninh Nhà máy tuyển than Nam Cầu Trắng - Hạ Long (KK),North
28602897318711027016899843809,2023-11-26 22:00:00,2023-12-05 08:00:00,203,0.1,0.0584,0.0627,Quảng Ninh Nhà máy tuyển than Nam Cầu Trắng - Hạ Long (KK),North
28602897318711027016899843809,2024-08-30 03:00:00,2024-09-06 10:00:00,176,0.1,0.0572,0.0606,Quảng Ninh Nhà máy tuyển than Nam Cầu Trắng - Hạ Long (KK),North
28602897318711027016899843809,2023-12-06 07:00:00,2023-12-13 07:00:00,169,0.1,0.0611,0.0651,Quảng Ninh Nhà máy tuyển than Nam Cầu Trắng - Hạ Long (KK),North
28602897318711027016899843809,2023-12-13 09:00:00,2023-12-20 09:00:00,169,0.6,0.5886,0.6357,Quảng Ninh Nhà máy tuyển than Nam Cầu Trắng - Hạ Long (KK),North
28602897318711027016899843809,2024-12-24 06:00:00,2024-12-31 03:00:00,166,0.0,0.0356,0.0363,Quảng Ninh Nhà máy tuyển than Nam Cầu Trắng - Hạ Long (KK),North
28602897318711027016899843809,2024-08-15 03:00:00,2024-08-21 12:00:00,154,0.1,0.0593,0.0625,Quảng Ninh Nhà máy tuyển than Nam Cầu Trắng - Hạ Long (KK),North
28602897318711027016899843809,2024-12-05 14:00:00,2024-12-11 18:00:00,149,0.0,0.0358,0.0364,Quảng Ninh Nhà máy tuyển than Nam Cầu Trắng - Hạ Long (KK),North
28602897318711027016899843809,2024-01-03 13:00:00,2024-01-09 09:00:00,141,0.6,0.5887,0.6281,Quảng Ninh Nhà máy tuyển than Nam Cầu Trắng - Hạ Long (KK),North
28602897318711027016899843809,2024-08-22 20:00:00,2024-08-28 09:00:00,134,0.1,0.0582,0.0617,Quảng Ninh Nhà máy tuyển than Nam Cầu Trắng - Hạ Long (KK),North
28602897318711027016899843809,2023-02-24 12:00:00,2023-03-01 16:00:00,125,0.4,0.3847,0.3962,Quảng Ninh Nhà máy tuyển than Nam Cầu Trắng - Hạ Long (KK),North
28602897318711027016899843809,2025-03-22 12:00:00,2025-03-27 14:00:00,123,0.0,0.0358,0.0364,Quảng Ninh Nhà máy tuyển than Nam Cầu Trắng - Hạ Long (KK),North
28602897318711027016899843809,2024-12-12 21:00:00,2024-12-17 06:00:00,106,0.0,0.0358,0.0364,Quảng Ninh Nhà máy tuyển than Nam Cầu Trắng - Hạ Long (KK),North
29518852005686198968139908531,2023-06-05 11:00:00,2023-06-09 09:00:00,95,11.3,11.3225,11.3464,Quảng Ninh Gần KCN Cái Lân (KK),North
29518852005686198968139908531,2024-01-26 10:00:00,2024-01-30 08:00:00,95,0.4,0.4026,0.4364,Quảng Ninh Gần KCN Cái Lân (KK),North
28602897318711027016899843809,2023-11-23 00:00:00,2023-11-26 20:00:00,93,0.1,0.0583,0.0613,Quảng Ninh Nhà máy tuyển than Nam Cầu Trắng - Hạ Long (KK),North
28602897318711027016899843809,2023-08-04 13:00:00,2023-08-08 08:00:00,92,0.1,0.0587,0.0615,Quảng Ninh Nhà máy tuyển than Nam Cầu Trắng - Hạ Long (KK),North
31616865099255512061948816121,2024-06-19 20:00:00,2024-06-23 14:00:00,91,0.0,0.0026,0.0431,Đà Nẵng Phạm Hùng (KK),Unknown
29518852005686198968139908531,2024-05-23 21:00:00,2024-05-27 10:00:00,86,3.8,3.778,3.7858,Quảng Ninh Gần KCN Cái Lân (KK),North
29518872592252585279589451187,2024-04-21 00:00:00,2024-04-24 04:00:00,77,2.8,2.8023,2.8441,Quảng Ninh Km11 - Minh Thành (KK),North
28602897318711027016899843809,2024-12-21 01:00:00,2024-12-24 03:00:00,75,0.0,0.0357,0.0363,Quảng Ninh Nhà máy tuyển than Nam Cầu Trắng - Hạ Long (KK),North
29518852005686198968139908531,2023-07-31 12:00:00,2023-08-03 10:00:00,71,8.5,8.4958,8.5145,Quảng Ninh Gần KCN Cái Lân (KK),North
29518872592252585279589451187,2025-03-23 18:00:00,2025-03-26 12:00:00,67,3.8,3.816,3.8413,Quảng Ninh Km11 - Minh Thành (KK),North
29518852005686198968139908531,2024-01-23 15:00:00,2024-01-26 08:00:00,66,0.0,0.0268,0.0289,Quảng Ninh Gần KCN Cái Lân (KK),North
28602897318711027016899843809,2025-03-19 19:00:00,2025-03-22 10:00:00,64,0.0,0.0359,0.0364,Quảng Ninh Nhà máy tuyển than Nam Cầu Trắng - Hạ Long (KK),North
31616865099255512061948816121,2024-06-24 08:00:00,2024-06-26 21:00:00,62,0.0,0.0006,0.0306,Đà Nẵng Phạm Hùng (KK),Unknown
28602897318711027016899843809,2025-03-16 08:00:00,2025-03-18 19:00:00,60,0.0,0.0359,0.0364,Quảng Ninh Nhà máy tuyển than Nam Cầu Trắng - Hạ Long (KK),North
28602897318711027016899843809,2024-11-01 22:00:00,2024-11-04 08:00:00,59,1.3,1.2511,1.3129,Quảng Ninh Nhà máy tuyển than Nam Cầu Trắng - Hạ Long (KK),North
29518872592252585279589451187,2024-01-22 07:00:00,2024-01-24 15:00:00,57,1.2,1.1619,1.2071,Quảng Ninh Km11 - Minh Thành (KK),North
28602897318711027016899843809,2025-03-14 01:00:00,2025-03-16 06:00:00,54,0.0,0.0359,0.0363,Quảng Ninh Nhà máy tuyển than Nam Cầu Trắng - Hạ Long (KK),North
29544533341424688633522251105,2024-05-14 07:00:00,2024-05-16 07:00:00,49,0.0,0.005,0.0478,Gia Lai KCN Trà Đa - Tp Pleiku (KK),Central
28602897318711027016899843809,2023-07-31 10:00:00,2023-08-02 10:00:00,49,0.1,0.0573,0.0611,Quảng Ninh Nhà máy tuyển than Nam Cầu Trắng - Hạ Long (KK),North
28602897318711027016899843809,2024-11-20 05:00:00,2024-11-22 05:00:00,49,0.0,0.0358,0.0364,Quảng Ninh Nhà máy tuyển than Nam Cầu Trắng - Hạ Long (KK),North
28602897318711027016899843809,2024-10-11 16:00:00,2024-10-13 15:00:00,48,1.2,1.1949,1.2458,Quảng Ninh Nhà máy tuyển than Nam Cầu Trắng - Hạ Long (KK),North
29518839738601389925132404147,2024-12-19 13:00:00,2024-12-21 11:00:00,47,6.2,6.1507,6.1683,"Quảng Ninh Trung tâm văn hóa thể thao Cẩm Phả, đường Trần Phú, phường Cẩm Trung (KK)",North
28602897318711027016899843809,2023-08-12 13:00:00,2023-08-14 10:00:00,46,0.1,0.0577,0.0617,Quảng Ninh Nhà máy tuyển than Nam Cầu Trắng - Hạ Long (KK),North
29518872592252585279589451187,2024-04-18 16:00:00,2024-04-20 12:00:00,45,0.1,0.1384,0.1405,Quảng Ninh Km11 - Minh Thành (KK),North
28602897318711027016899843809,2023-08-02 12:00:00,2023-08-04 08:00:00,45,0.1,0.0595,0.0621,Quảng Ninh Nhà máy tuyển than Nam Cầu Trắng - Hạ Long (KK),North
29518839738601389925132404147,2023-02-04 03:00:00,2023-02-05 23:00:00,45,0.0,0.0103,0.0109,"Quảng Ninh Trung tâm văn hóa thể thao Cẩm Phả, đường Trần Phú, phường Cẩm Trung (KK)",North
29544533341424688633522251105,2024-05-06 11:00:00,2024-05-08 03:00:00,41,0.0,0.005,0.0496,Gia Lai KCN Trà Đa - Tp Pleiku (KK),Central
28602897318711027016899843809,2024-10-29 12:00:00,2024-10-31 04:00:00,41,1.3,1.2536,1.3396,Quảng Ninh Nhà máy tuyển than Nam Cầu Trắng - Hạ Long (KK),North
29518839738601389925132404147,2023-02-08 17:00:00,2023-02-10 08:00:00,40,0.0,0.0102,0.0109,"Quảng Ninh Trung tâm văn hóa thể thao Cẩm Phả, đường Trần Phú, phường Cẩm Trung (KK)",North
28602897318711027016899843809,2023-03-01 18:00:00,2023-03-03 08:00:00,39,0.4,0.3929,0.3984,Quảng Ninh Nhà máy tuyển than Nam Cầu Trắng - Hạ Long (KK),North
28602897318711027016899843809,2024-12-19 01:00:00,2024-12-20 14:00:00,38,0.0,0.0356,0.0363,Quảng Ninh Nhà máy tuyển than Nam Cầu Trắng - Hạ Long (KK),North
28602897318711027016899843809,2025-01-01 05:00:00,2025-01-02 18:00:00,38,0.0,0.0357,0.0363,Quảng Ninh Nhà máy tuyển than Nam Cầu Trắng - Hạ Long (KK),North
28602897318711027016899843809,2024-10-25 20:00:00,2024-10-27 08:00:00,37,1.3,1.2742,1.3255,Quảng Ninh Nhà máy tuyển than Nam Cầu Trắng - Hạ Long (KK),North
28602897318711027016899843809,2024-08-12 01:00:00,2024-08-13 11:00:00,35,0.1,0.0603,0.0634,Quảng Ninh Nhà máy tuyển than Nam Cầu Trắng - Hạ Long (KK),North
28602897318711027016899843809,2024-11-16 19:00:00,2024-11-18 05:00:00,35,0.0,0.036,0.0363,Quảng Ninh Nhà máy tuyển than Nam Cầu Trắng - Hạ Long (KK),North
28602897318711027016899843809,2024-10-06 08:00:00,2024-10-07 17:00:00,34,1.2,1.1753,1.2222,Quảng Ninh Nhà máy tuyển than Nam Cầu Trắng - Hạ Long (KK),North
28602897318711027016899843809,2024-10-04 23:00:00,2024-10-06 06:00:00,32,1.2,1.161,1.2104,Quảng Ninh Nhà máy tuyển than Nam Cầu Trắng - Hạ Long (KK),North
28602897318711027016899843809,2024-11-18 18:00:00,2024-11-20 01:00:00,32,0.0,0.036,0.0364,Quảng Ninh Nhà máy tuyển than Nam Cầu Trắng - Hạ Long (KK),North
28602897318711027016899843809,2024-11-22 07:00:00,2024-11-23 14:00:00,32,0.0,0.0359,0.0364,Quảng Ninh Nhà máy tuyển than Nam Cầu Trắng - Hạ Long (KK),North
29518872592252585279589451187,2024-01-27 08:00:00,2024-01-28 14:00:00,31,1.2,1.1652,1.2291,Quảng Ninh Km11 - Minh Thành (KK),North
29544533341424688633522251105,2024-05-13 01:00:00,2024-05-14 05:00:00,29,0.0,0.007,0.0374,Gia Lai KCN Trà Đa - Tp Pleiku (KK),Central
28602897318711027016899843809,2024-10-01 04:00:00,2024-10-02 08:00:00,29,1.2,1.1506,1.2237,Quảng Ninh Nhà máy tuyển than Nam Cầu Trắng - Hạ Long (KK),North
28602897318711027016899843809,2024-10-23 10:00:00,2024-10-24 13:00:00,28,1.3,1.2525,1.2799,Quảng Ninh Nhà máy tuyển than Nam Cầu Trắng - Hạ Long (KK),North
28602897318711027016899843809,2024-11-09 23:00:00,2024-11-11 02:00:00,28,0.0,0.0359,0.0363,Quảng Ninh Nhà máy tuyển than Nam Cầu Trắng - Hạ Long (KK),North
29518852005686198968139908531,2024-06-06 09:00:00,2024-06-07 11:00:00,27,12.1,12.0951,12.1154,Quảng Ninh Gần KCN Cái Lân (KK),North
29518852005686198968139908531,2024-06-09 00:00:00,2024-06-10 02:00:00,27,12.1,12.0517,12.1271,Quảng Ninh Gần KCN Cái Lân (KK),North
28602897318711027016899843809,2024-10-10 12:00:00,2024-10-11 14:00:00,27,1.2,1.1978,1.2322,Quảng Ninh Nhà máy tuyển than Nam Cầu Trắng - Hạ Long (KK),North
29544533341424688633522251105,2024-05-17 17:00:00,2024-05-18 18:00:00,26,0.0,0.0064,0.0369,Gia Lai KCN Trà Đa - Tp Pleiku (KK),Central
29518852005686198968139908531,2024-05-22 18:00:00,2024-05-23 19:00:00,26,3.8,3.7808,3.7878,Quảng Ninh Gần KCN Cái Lân (KK),North
29518885338952740244749551027,2023-04-24 09:00:00,2023-04-25 10:00:00,26,13.2,13.1608,13.1984,Quảng Ninh Nhuệ Hổ - Đông Triều (KK),North
28602897318711027016899843809,2024-11-07 00:00:00,2024-11-08 01:00:00,26,1.8,1.7626,1.8155,Quảng Ninh Nhà máy tuyển than Nam Cầu Trắng - Hạ Long (KK),North
29518839738601389925132404147,2024-12-09 09:00:00,2024-12-10 10:00:00,26,6.2,6.1501,6.1686,"Quảng Ninh Trung tâm văn hóa thể thao Cẩm Phả, đường Trần Phú, phường Cẩm Trung (KK)",North
28602897318711027016899843809,2024-10-24 18:00:00,2024-10-25 18:00:00,25,1.3,1.2745,1.3197,Quảng Ninh Nhà máy tuyển than Nam Cầu Trắng - Hạ Long (KK),North
29544533341424688633522251105,2024-05-08 05:00:00,2024-05-09 04:00:00,24,0.0,0.0103,0.0385,Gia Lai KCN Trà Đa - Tp Pleiku (KK),Central
29518872592252585279589451187,2024-09-19 12:00:00,2024-09-20 11:00:00,24,6.8,6.7728,6.8005,Quảng Ninh Km11 - Minh Thành (KK),North
28602897318711027016899843809,2024-11-15 09:00:00,2024-11-16 08:00:00,24,0.0,0.0359,0.0364,Quảng Ninh Nhà máy tuyển than Nam Cầu Trắng - Hạ Long (KK),North
29518839738601389925132404147,2023-02-07 13:00:00,2023-02-08 12:00:00,24,0.0,0.0101,0.0109,"Quảng Ninh Trung tâm văn hóa thể thao Cẩm Phả, đường Trần Phú, phường Cẩm Trung (KK)",North
28602897318711027016899843809,2024-10-03 00:00:00,2024-10-03 22:00:00,23,1.2,1.192,1.2345,Quảng Ninh Nhà máy tuyển than Nam Cầu Trắng - Hạ Long (KK),North
29518839738601389925132404147,2024-12-22 13:00:00,2024-12-23 11:00:00,23,6.2,6.1501,6.1685,"Quảng Ninh Trung tâm văn hóa thể thao Cẩm Phả, đường Trần Phú, phường Cẩm Trung (KK)",North
29518839738601389925132404147,2024-12-30 13:00:00,2024-12-31 11:00:00,23,6.2,6.1564,6.1673,"Quảng Ninh Trung tâm văn hóa thể thao Cẩm Phả, đường Trần Phú, phường Cẩm Trung (KK)",North
29098314940209976158571475636,2023-03-26 08:00:00,2023-03-27 06:00:00,23,5.8,5.7531,5.8475,"Trà Vinh xã Dân Thành, TX Duyên Hải (KK)",South
29544533341424688633522251105,2024-05-03 17:00:00,2024-05-04 14:00:00,22,0.0,0.0067,0.0495,Gia Lai KCN Trà Đa - Tp Pleiku (KK),Central
29518852005686198968139908531,2024-06-10 04:00:00,2024-06-11 01:00:00,22,12.1,12.0628,12.1149,Quảng Ninh Gần KCN Cái Lân (KK),North
28602897318711027016899843809,2024-07-22 16:00:00,2024-07-23 13:00:00,22,0.1,0.0528,0.1055,Quảng Ninh Nhà máy tuyển than Nam Cầu Trắng - Hạ Long (KK),North
28602897318711027016899843809,2024-10-04 00:00:00,2024-10-04 21:00:00,22,1.2,1.1917,1.2347,Quảng Ninh Nhà máy tuyển than Nam Cầu Trắng - Hạ Long (KK),North
29544533341424688633522251105,2024-05-10 17:00:00,2024-05-11 13:00:00,21,0.0,0.0077,0.0316,Gia Lai KCN Trà Đa - Tp Pleiku (KK),Central
29518852005686198968139908531,2024-05-21 12:00:00,2024-05-22 08:00:00,21,7.6,7.5571,7.6489,Quảng Ninh Gần KCN Cái Lân (KK),North
29518852005686198968139908531,2024-06-07 15:00:00,2024-06-08 11:00:00,21,12.1,12.0562,12.1147,Quảng Ninh Gần KCN Cái Lân (KK),North
29518872592252585279589451187,2024-01-03 11:00:00,2024-01-04 07:00:00,21,1.2,1.1593,1.188,Quảng Ninh Km11 - Minh Thành (KK),North
28602897318711027016899843809,2024-11-04 19:00:00,2024-11-05 15:00:00,21,1.8,1.771,1.8379,Quảng Ninh Nhà máy tuyển than Nam Cầu Trắng - Hạ Long (KK),North
28602897318711027016899843809,2025-03-18 21:00:00,2025-03-19 17:00:00,21,0.0,0.036,0.0364,Quảng Ninh Nhà máy tuyển than Nam Cầu Trắng - Hạ Long (KK),North
28599103930259709512833128161,2025-05-04 15:00:00,2025-05-05 11:00:00,21,0.3,0.2658,0.3408,Quảng Ninh Phường Cẩm Thịnh - Cẩm Phả (KK),North
29518839738601389925132404147,2024-12-05 13:00:00,2024-12-06 09:00:00,21,6.2,6.1575,6.1689,"Quảng Ninh Trung tâm văn hóa thể thao Cẩm Phả, đường Trần Phú, phường Cẩm Trung (KK)",North
29518839738601389925132404147,2024-12-11 13:00:00,2024-12-12 09:00:00,21,6.2,6.1501,6.169,"Quảng Ninh Trung tâm văn hóa thể thao Cẩm Phả, đường Trần Phú, phường Cẩm Trung (KK)",North
29518839738601389925132404147,2024-12-12 13:00:00,2024-12-13 09:00:00,21,6.2,6.1501,6.1689,"Quảng Ninh Trung tâm văn hóa thể thao Cẩm Phả, đường Trần Phú, phường Cẩm Trung (KK)",North
29518839738601389925132404147,2024-12-17 13:00:00,2024-12-18 09:00:00,21,6.2,6.1581,6.1689,"Quảng Ninh Trung tâm văn hóa thể thao Cẩm Phả, đường Trần Phú, phường Cẩm Trung (KK)",North
28602897318711027016899843809,2024-10-09 05:00:00,2024-10-10 00:00:00,20,1.2,1.1687,1.2052,Quảng Ninh Nhà máy tuyển than Nam Cầu Trắng - Hạ Long (KK),North
29518839738601389925132404147,2024-12-06 13:00:00,2024-12-07 08:00:00,20,6.2,6.1512,6.1687,"Quảng Ninh Trung tâm văn hóa thể thao Cẩm Phả, đường Trần Phú, phường Cẩm Trung (KK)",North
29518839738601389925132404147,2024-12-27 13:00:00,2024-12-28 08:00:00,20,6.2,6.1571,6.1669,"Quảng Ninh Trung tâm văn hóa thể thao Cẩm Phả, đường Trần Phú, phường Cẩm Trung (KK)",North
29518839738601389925132404147,2024-12-28 13:00:00,2024-12-29 08:00:00,20,6.2,6.1568,6.1675,"Quảng Ninh Trung tâm văn hóa thể thao Cẩm Phả, đường Trần Phú, phường Cẩm Trung (KK)",North
29098314940209976158571475636,2023-10-08 21:00:00,2023-10-09 16:00:00,20,5.8,5.755,5.8308,"Trà Vinh xã Dân Thành, TX Duyên Hải (KK)",South
29098314940209976158571475636,2024-10-16 15:00:00,2024-10-17 10:00:00,20,10.1,10.0525,10.1025,"Trà Vinh xã Dân Thành, TX Duyên Hải (KK)",South
29518872592252585279589451187,2024-09-20 13:00:00,2024-09-21 07:00:00,19,6.8,6.7667,6.7925,Quảng Ninh Km11 - Minh Thành (KK),North
29518839738601389925132404147,2024-12-08 13:00:00,2024-12-09 07:00:00,19,6.2,6.1588,6.1681,"Quảng Ninh Trung tâm văn hóa thể thao Cẩm Phả, đường Trần Phú, phường Cẩm Trung (KK)",North
29518839738601389925132404147,2024-12-23 13:00:00,2024-12-24 07:00:00,19,6.2,6.15,6.1681,"Quảng Ninh Trung tâm văn hóa thể thao Cẩm Phả, đường Trần Phú, phường Cẩm Trung (KK)",North
30991938797551443885460120607,2023-06-16 00:00:00,2023-06-16 18:00:00,19,0.0,0.0025,0.0308,"Sóc Trăng Sở TNMT - 16 Hùng Vương, P.6, Tp. Sóc Trăng (KK)",South
30991938797551443885460120607,2023-06-26 14:00:00,2023-06-27 08:00:00,19,0.0,0.0033,0.0308,"Sóc Trăng Sở TNMT - 16 Hùng Vương, P.6, Tp. Sóc Trăng (KK)",South
30991938797551443885460120607,2023-07-02 14:00:00,2023-07-03 08:00:00,19,0.0,0.0025,0.0342,"Sóc Trăng Sở TNMT - 16 Hùng Vương, P.6, Tp. Sóc Trăng (KK)",South
30991938797551443885460120607,2023-07-03 14:00:00,2023-07-04 08:00:00,19,0.0,0.0008,0.045,"Sóc Trăng Sở TNMT - 16 Hùng Vương, P.6, Tp. Sóc Trăng (KK)",South
31616865099255512061948816121,2024-04-27 16:00:00,2024-04-28 10:00:00,19,0.0,0.0001,0.0003,Đà Nẵng Phạm Hùng (KK),Unknown
29544533341424688633522251105,2024-03-09 07:00:00,2024-03-10 00:00:00,18,0.1,0.0523,0.1037,Gia Lai KCN Trà Đa - Tp Pleiku (KK),Central
29544533341424688633522251105,2024-05-09 08:00:00,2024-05-10 01:00:00,18,0.0,0.0057,0.0483,Gia Lai KCN Trà Đa - Tp Pleiku (KK),Central
29518852005686198968139908531,2023-08-03 15:00:00,2023-08-04 08:00:00,18,8.8,8.7554,8.7574,Quảng Ninh Gần KCN Cái Lân (KK),North
28602897318711027016899843809,2024-10-08 10:00:00,2024-10-09 03:00:00,18,1.2,1.1827,1.2133,Quảng Ninh Nhà máy tuyển than Nam Cầu Trắng - Hạ Long (KK),North
28599103930259709512833128161,2025-04-25 16:00:00,2025-04-26 09:00:00,18,0.2,0.165,0.2467,Quảng Ninh Phường Cẩm Thịnh - Cẩm Phả (KK),North
28599103930259709512833128161,2025-05-03 18:00:00,2025-05-04 11:00:00,18,0.3,0.2692,0.3392,Quảng Ninh Phường Cẩm Thịnh - Cẩm Phả (KK),North
28599103930259709512833128161,2025-05-09 16:00:00,2025-05-10 09:00:00,18,0.2,0.1558,0.2408,Quảng Ninh Phường Cẩm Thịnh - Cẩm Phả (KK),North
29518839738601389925132404147,2024-12-07 14:00:00,2024-12-08 07:00:00,18,6.2,6.1573,6.1684,"Quảng Ninh Trung tâm văn hóa thể thao Cẩm Phả, đường Trần Phú, phường Cẩm Trung (KK)",North
29518839738601389925132404147,2024-12-16 13:00:00,2024-12-17 06:00:00,18,6.2,6.1503,6.1683,"Quảng Ninh Trung tâm văn hóa thể thao Cẩm Phả, đường Trần Phú, phường Cẩm Trung (KK)",North
30991938797551443885460120607,2023-06-13 15:00:00,2023-06-14 08:00:00,18,0.0,0.005,0.0325,"Sóc Trăng Sở TNMT - 16 Hùng Vương, P.6, Tp. Sóc Trăng (KK)",South
30991938797551443885460120607,2023-06-27 15:00:00,2023-06-28 08:00:00,18,0.0,0.0033,0.04,"Sóc Trăng Sở TNMT - 16 Hùng Vương, P.6, Tp. Sóc Trăng (KK)",South
30991938797551443885460120607,2023-06-30 14:00:00,2023-07-01 07:00:00,18,0.0,0.0008,0.0167,"Sóc Trăng Sở TNMT - 16 Hùng Vương, P.6, Tp. Sóc Trăng (KK)",South
29203727697074312726675247132,2023-04-13 12:00:00,2023-04-14 05:00:00,18,0.3,0.2658,0.33,"Thái Bình xã Thái Thọ, huyện Thái Thụy (KK)",North
29098314940209976158571475636,2023-05-04 23:00:00,2023-05-05 16:00:00,18,5.9,5.8692,5.9375,"Trà Vinh xã Dân Thành, TX Duyên Hải (KK)",South
29544533341424688633522251105,2024-05-16 09:00:00,2024-05-17 01:00:00,17,0.0,0.0044,0.0449,Gia Lai KCN Trà Đa - Tp Pleiku (KK),Central
29544533341424688633522251105,2024-05-19 00:00:00,2024-05-19 16:00:00,17,0.0,0.0009,0.0238,Gia Lai KCN Trà Đa - Tp Pleiku (KK),Central
29518852005686198968139908531,2024-05-27 16:00:00,2024-05-28 08:00:00,17,4.7,4.7155,4.724,Quảng Ninh Gần KCN Cái Lân (KK),North
28602897318711027016899843809,2024-10-31 19:00:00,2024-11-01 11:00:00,17,1.4,1.4042,1.4471,Quảng Ninh Nhà máy tuyển than Nam Cầu Trắng - Hạ Long (KK),North
29518839738601389925132404147,2024-12-04 16:00:00,2024-12-05 08:00:00,17,6.2,6.1577,6.1689,"Quảng Ninh Trung tâm văn hóa thể thao Cẩm Phả, đường Trần Phú, phường Cẩm Trung (KK)",North
29518839738601389925132404147,2024-12-10 17:00:00,2024-12-11 09:00:00,17,6.2,6.1505,6.1679,"Quảng Ninh Trung tâm văn hóa thể thao Cẩm Phả, đường Trần Phú, phường Cẩm Trung (KK)",North
30991938797551443885460120607,2023-06-20 06:00:00,2023-06-20 22:00:00,17,0.0,0.0008,0.04,"Sóc Trăng Sở TNMT - 16 Hùng Vương, P.6, Tp. Sóc Trăng (KK)",South
30991938797551443885460120607,2023-06-25 16:00:00,2023-06-26 08:00:00,17,0.0,0.0058,0.0333,"Sóc Trăng Sở TNMT - 16 Hùng Vương, P.6, Tp. Sóc Trăng (KK)",South
30991938797551443885460120607,2023-06-28 14:00:00,2023-06-29 06:00:00,17,0.0,0.0017,0.0492,"Sóc Trăng Sở TNMT - 16 Hùng Vương, P.6, Tp. Sóc Trăng (KK)",South
30991938797551443885460120607,2023-06-29 15:00:00,2023-06-30 07:00:00,17,0.0,0.0091,0.05,"Sóc Trăng Sở TNMT - 16 Hùng Vương, P.6, Tp. Sóc Trăng (KK)",South
30991938797551443885460120607,2023-08-03 08:00:00,2023-08-04 00:00:00,17,0.0,0.0008,0.0475,"Sóc Trăng Sở TNMT - 16 Hùng Vương, P.6, Tp. Sóc Trăng (KK)",South
30991938797551443885460120607,2023-08-07 09:00:00,2023-08-08 01:00:00,17,0.0,0.0008,0.03,"Sóc Trăng Sở TNMT - 16 Hùng Vương, P.6, Tp. Sóc Trăng (KK)",South
30991938797551443885460120607,2024-01-08 10:00:00,2024-01-09 02:00:00,17,0.0,0.0009,0.0442,"Sóc Trăng Sở TNMT - 16 Hùng Vương, P.6, Tp. Sóc Trăng (KK)",South
29544533341424688633522251105,2024-04-09 15:00:00,2024-04-10 06:00:00,16,0.1,0.0589,0.1451,Gia Lai KCN Trà Đa - Tp Pleiku (KK),Central
29544533341424688633522251105,2024-04-27 01:00:00,2024-04-27 16:00:00,16,0.1,0.0558,0.124,Gia Lai KCN Trà Đa - Tp Pleiku (KK),Central
29518852005686198968139908531,2024-06-04 10:00:00,2024-06-05 01:00:00,16,12.1,12.0538,12.1139,Quảng Ninh Gần KCN Cái Lân (KK),North
29518852005686198968139908531,2024-06-11 03:00:00,2024-06-11 18:00:00,16,12.1,12.058,12.1153,Quảng Ninh Gần KCN Cái Lân (KK),North
28602897318711027016899843809,2024-12-31 05:00:00,2024-12-31 20:00:00,16,0.0,0.0358,0.0362,Quảng Ninh Nhà máy tuyển than Nam Cầu Trắng - Hạ Long (KK),North
28599103930259709512833128161,2025-05-07 17:00:00,2025-05-08 08:00:00,16,0.3,0.2767,0.3483,Quảng Ninh Phường Cẩm Thịnh - Cẩm Phả (KK),North
30991938797551443885460120607,2023-07-13 10:00:00,2023-07-14 01:00:00,16,0.0,0.0008,0.0225,"Sóc Trăng Sở TNMT - 16 Hùng Vương, P.6, Tp. Sóc Trăng (KK)",South
29098314940209976158571475636,2023-03-18 12:00:00,2023-03-19 03:00:00,16,6.0,5.9608,6.0317,"Trà Vinh xã Dân Thành, TX Duyên Hải (KK)",South
29098314940209976158571475636,2023-04-05 16:00:00,2023-04-06 07:00:00,16,5.8,5.7517,5.8283,"Trà Vinh xã Dân Thành, TX Duyên Hải (KK)",South
29098314940209976158571475636,2023-09-23 14:00:00,2023-09-24 05:00:00,16,5.8,5.7645,5.8425,"Trà Vinh xã Dân Thành, TX Duyên Hải (KK)",South
29098314940209976158571475636,2023-10-02 03:00:00,2023-10-02 18:00:00,16,5.8,5.7525,5.8475,"Trà Vinh xã Dân Thành, TX Duyên Hải (KK)",South
29098314940209976158571475636,2023-10-29 18:00:00,2023-10-30 09:00:00,16,5.9,5.8517,5.9367,"Trà Vinh xã Dân Thành, TX Duyên Hải (KK)",South
29098314940209976158571475636,2024-10-25 23:00:00,2024-10-26 14:00:00,16,10.2,10.1527,10.2192,"Trà Vinh xã Dân Thành, TX Duyên Hải (KK)",South
29518852005686198968139908531,2023-06-12 21:00:00,2023-06-13 11:00:00,15,11.3,11.2569,11.3082,Quảng Ninh Gần KCN Cái Lân (KK),North
28602897318711027016899843809,2024-01-22 18:00:00,2024-01-23 08:00:00,15,0.1,0.0591,0.1037,Quảng Ninh Nhà máy tuyển than Nam Cầu Trắng - Hạ Long (KK),North
28602897318711027016899843809,2024-10-21 09:00:00,2024-10-21 23:00:00,15,1.0,0.9502,0.9815,Quảng Ninh Nhà máy tuyển than Nam Cầu Trắng - Hạ Long (KK),North
28599103930259709512833128161,2025-04-22 17:00:00,2025-04-23 07:00:00,15,0.3,0.2908,0.345,Quảng Ninh Phường Cẩm Thịnh - Cẩm Phả (KK),North
28599103930259709512833128161,2025-05-13 01:00:00,2025-05-13 15:00:00,15,0.3,0.2542,0.3358,Quảng Ninh Phường Cẩm Thịnh - Cẩm Phả (KK),North
29518839738601389925132404147,2024-12-29 21:00:00,2024-12-30 11:00:00,15,6.2,6.1566,6.1672,"Quảng Ninh Trung tâm văn hóa thể thao Cẩm Phả, đường Trần Phú, phường Cẩm Trung (KK)",North
30991938797551443885460120607,2023-06-12 18:00:00,2023-06-13 08:00:00,15,0.0,0.0008,0.02,"Sóc Trăng Sở TNMT - 16 Hùng Vương, P.6, Tp. Sóc Trăng (KK)",South
30991938797551443885460120607,2023-08-09 09:00:00,2023-08-09 23:00:00,15,0.0,0.0008,0.0258,"Sóc Trăng Sở TNMT - 16 Hùng Vương, P.6, Tp. Sóc Trăng (KK)",South
30991938797551443885460120607,2024-01-07 08:00:00,2024-01-07 22:00:00,15,0.0,0.0008,0.0208,"Sóc Trăng Sở TNMT - 16 Hùng Vương, P.6, Tp. Sóc Trăng (KK)",South
29098314940209976158571475636,2023-01-07 01:00:00,2023-01-07 15:00:00,15,5.8,5.7575,5.837,"Trà Vinh xã Dân Thành, TX Duyên Hải (KK)",South
29098314940209976158571475636,2023-09-25 14:00:00,2023-09-26 04:00:00,15,5.8,5.7542,5.8362,"Trà Vinh xã Dân Thành, TX Duyên Hải (KK)",South
29098314940209976158571475636,2023-09-30 02:00:00,2023-09-30 16:00:00,15,5.8,5.765,5.8454,"Trà Vinh xã Dân Thành, TX Duyên Hải (KK)",South
29098314940209976158571475636,2024-09-01 14:00:00,2024-09-02 04:00:00,15,10.1,10.065,10.1183,"Trà Vinh xã Dân Thành, TX Duyên Hải (KK)",South
29098314940209976158571475636,2024-10-28 19:00:00,2024-10-29 09:00:00,15,10.1,10.0775,10.1375,"Trà Vinh xã Dân Thành, TX Duyên Hải (KK)",South
29544533341424688633522251105,2024-05-04 19:00:00,2024-05-05 08:00:00,14,0.0,0.0151,0.0498,Gia Lai KCN Trà Đa - Tp Pleiku (KK),Central
29544533341424688633522251105,2024-05-05 21:00:00,2024-05-06 10:00:00,14,0.1,0.0638,0.1341,Gia Lai KCN Trà Đa - Tp Pleiku (KK),Central
29518872592252585279589451187,2024-01-28 16:00:00,2024-01-29 05:00:00,14,1.2,1.1924,1.2454,Quảng Ninh Km11 - Minh Thành (KK),North
28602897318711027016899843809,2024-10-16 00:00:00,2024-10-16 13:00:00,14,1.3,1.2543,1.2974,Quảng Ninh Nhà máy tuyển than Nam Cầu Trắng - Hạ Long (KK),North
28602897318711027016899843809,2024-10-17 15:00:00,2024-10-18 04:00:00,14,1.3,1.2526,1.2852,Quảng Ninh Nhà máy tuyển than Nam Cầu Trắng - Hạ Long (KK),North
28602897318711027016899843809,2024-11-11 07:00:00,2024-11-11 20:00:00,14,0.0,0.036,0.0363,Quảng Ninh Nhà máy tuyển than Nam Cầu Trắng - Hạ Long (KK),North
28599103930259709512833128161,2025-05-14 13:00:00,2025-05-15 02:00:00,14,0.2,0.1533,0.225,Quảng Ninh Phường Cẩm Thịnh - Cẩm Phả (KK),North
29518839738601389925132404147,2024-12-24 13:00:00,2024-12-25 02:00:00,14,6.2,6.1556,6.1681,"Quảng Ninh Trung tâm văn hóa thể thao Cẩm Phả, đường Trần Phú, phường Cẩm Trung (KK)",North
30991938797551443885460120607,2023-08-06 11:00:00,2023-08-07 00:00:00,14,0.0,0.0008,0.0233,"Sóc Trăng Sở TNMT - 16 Hùng Vương, P.6, Tp. Sóc Trăng (KK)",South
30991938797551443885460120607,2023-08-08 09:00:00,2023-08-08 22:00:00,14,0.0,0.0025,0.02,"Sóc Trăng Sở TNMT - 16 Hùng Vương, P.6, Tp. Sóc Trăng (KK)",South
30991938797551443885460120607,2023-08-24 05:00:00,2023-08-24 18:00:00,14,0.0,0.0008,0.0417,"Sóc Trăng Sở TNMT - 16 Hùng Vương, P.6, Tp. Sóc Trăng (KK)",South
30991938797551443885460120607,2023-10-12 19:00:00,2023-10-13 08:00:00,14,0.0,0.0025,0.02,"Sóc Trăng Sở TNMT - 16 Hùng Vương, P.6, Tp. Sóc Trăng (KK)",South
30991938797551443885460120607,2024-01-04 08:00:00,2024-01-04 21:00:00,14,0.0,0.0008,0.0208,"Sóc Trăng Sở TNMT - 16 Hùng Vương, P.6, Tp. Sóc Trăng (KK)",South
29203727697074312726675247132,2023-04-27 22:00:00,2023-04-28 11:00:00,14,0.2,0.1675,0.2408,"Thái Bình xã Thái Thọ, huyện Thái Thụy (KK)",North
29098314940209976158571475636,2023-04-24 01:00:00,2023-04-24 14:00:00,14,5.8,5.7808,5.8458,"Trà Vinh xã Dân Thành, TX Duyên Hải (KK)",South
29098314940209976158571475636,2023-04-24 15:00:00,2023-04-25 04:00:00,14,5.9,5.8525,5.9233,"Trà Vinh xã Dân Thành, TX Duyên Hải (KK)",South
29098314940209976158571475636,2023-07-04 00:00:00,2023-07-04 13:00:00,14,5.8,5.7592,5.8433,"Trà Vinh xã Dân Thành, TX Duyên Hải (KK)",South
29098314940209976158571475636,2023-07-04 23:00:00,2023-07-05 12:00:00,14,5.8,5.7767,5.825,"Trà Vinh xã Dân Thành, TX Duyên Hải (KK)",South
29098314940209976158571475636,2023-10-04 14:00:00,2023-10-05 03:00:00,14,5.8,5.7592,5.8433,"Trà Vinh xã Dân Thành, TX Duyên Hải (KK)",South
29098319146067624969113973428,2023-02-25 07:00:00,2023-02-25 20:00:00,14,1.2,1.21,1.2117,"Trà Vinh xã Đông Hải, huyện Duyên Hải (KK)",South
29544533341424688633522251105,2024-03-29 14:00:00,2024-03-30 02:00:00,13,0.1,0.0532,0.1488,Gia Lai KCN Trà Đa - Tp Pleiku (KK),Central
29544533341424688633522251105,2024-04-12 07:00:00,2024-04-12 19:00:00,13,0.1,0.0582,0.1142,Gia Lai KCN Trà Đa - Tp Pleiku (KK),Central
28602897318711027016899843809,2024-10-14 21:00:00,2024-10-15 09:00:00,13,1.2,1.2226,1.2482,Quảng Ninh Nhà máy tuyển than Nam Cầu Trắng - Hạ Long (KK),North
28602897318711027016899843809,2024-10-20 00:00:00,2024-10-20 12:00:00,13,1.2,1.2147,1.2452,Quảng Ninh Nhà máy tuyển than Nam Cầu Trắng - Hạ Long (KK),North
28602897318711027016899843809,2024-11-09 05:00:00,2024-11-09 17:00:00,13,0.0,0.0359,0.0364,Quảng Ninh Nhà máy tuyển than Nam Cầu Trắng - Hạ Long (KK),North
29518839738601389925132404147,2024-12-13 13:00:00,2024-12-14 01:00:00,13,6.2,6.158,6.1687,"Quảng Ninh Trung tâm văn hóa thể thao Cẩm Phả, đường Trần Phú, phường Cẩm Trung (KK)",North
30991938797551443885460120607,2023-06-02 01:00:00,2023-06-02 13:00:00,13,0.1,0.055,0.14,"Sóc Trăng Sở TNMT - 16 Hùng Vương, P.6, Tp. Sóc Trăng (KK)",South
30991938797551443885460120607,2023-06-19 09:00:00,2023-06-19 21:00:00,13,0.0,0.0025,0.0458,"Sóc Trăng Sở TNMT - 16 Hùng Vương, P.6, Tp. Sóc Trăng (KK)",South
30991938797551443885460120607,2023-07-04 20:00:00,2023-07-05 08:00:00,13,0.0,0.0025,0.03,"Sóc Trăng Sở TNMT - 16 Hùng Vương, P.6, Tp. Sóc Trăng (KK)",South
30991938797551443885460120607,2023-07-14 10:00:00,2023-07-14 22:00:00,13,0.0,0.0008,0.0425,"Sóc Trăng Sở TNMT - 16 Hùng Vương, P.6, Tp. Sóc Trăng (KK)",South
30991938797551443885460120607,2023-07-27 08:00:00,2023-07-27 20:00:00,13,0.0,0.0008,0.0217,"Sóc Trăng Sở TNMT - 16 Hùng Vương, P.6, Tp. Sóc Trăng (KK)",South
30991938797551443885460120607,2023-10-15 12:00:00,2023-10-16 00:00:00,13,0.0,0.0008,0.0208,"Sóc Trăng Sở TNMT - 16 Hùng Vương, P.6, Tp. Sóc Trăng (KK)",South
30991938797551443885460120607,2024-01-05 11:00:00,2024-01-05 23:00:00,13,0.0,0.0008,0.0208,"Sóc Trăng Sở TNMT - 16 Hùng Vương, P.6, Tp. Sóc Trăng (KK)",South
29098314940209976158571475636,2023-05-13 20:00:00,2023-05-14 08:00:00,13,5.8,5.7758,5.8277,"Trà Vinh xã Dân Thành, TX Duyên Hải (KK)",South
29098314940209976158571475636,2023-05-28 18:00:00,2023-05-29 06:00:00,13,5.9,5.8567,5.9475,"Trà Vinh xã Dân Thành, TX Duyên Hải (KK)",South
29098314940209976158571475636,2023-06-12 19:00:00,2023-06-13 07:00:00,13,5.8,5.7592,5.8425,"Trà Vinh xã Dân Thành, TX Duyên Hải (KK)",South
29098314940209976158571475636,2023-07-20 12:00:00,2023-07-21 00:00:00,13,5.8,5.7692,5.8433,"Trà Vinh xã Dân Thành, TX Duyên Hải (KK)",South
29098314940209976158571475636,2023-09-19 00:00:00,2023-09-19 12:00:00,13,5.8,5.7733,5.8336,"Trà Vinh xã Dân Thành, TX Duyên Hải (KK)",South
29098314940209976158571475636,2024-02-05 20:00:00,2024-02-06 08:00:00,13,5.9,5.8882,5.9485,"Trà Vinh xã Dân Thành, TX Duyên Hải (KK)",South
29098314940209976158571475636,2024-03-15 19:00:00,2024-03-16 07:00:00,13,6.0,5.9517,6.0292,"Trà Vinh xã Dân Thành, TX Duyên Hải (KK)",South
29098314940209976158571475636,2024-07-06 15:00:00,2024-07-07 03:00:00,13,10.2,10.1608,10.2258,"Trà Vinh xã Dân Thành, TX Duyên Hải (KK)",South
29098319146067624969113973428,2023-02-16 08:00:00,2023-02-16 20:00:00,13,1.2,1.21,1.2117,"Trà Vinh xã Đông Hải, huyện Duyên Hải (KK)",South
29544533341424688633522251105,2024-03-10 08:00:00,2024-03-10 19:00:00,12,0.1,0.0546,0.0869,Gia Lai KCN Trà Đa - Tp Pleiku (KK),Central
29544533341424688633522251105,2024-03-12 06:00:00,2024-03-12 17:00:00,12,0.0,0.0139,0.0463,Gia Lai KCN Trà Đa - Tp Pleiku (KK),Central
29544533341424688633522251105,2024-03-14 06:00:00,2024-03-14 17:00:00,12,0.1,0.0836,0.1374,Gia Lai KCN Trà Đa - Tp Pleiku (KK),Central
29544533341424688633522251105,2024-04-10 13:00:00,2024-04-11 00:00:00,12,0.1,0.0514,0.1462,Gia Lai KCN Trà Đa - Tp Pleiku (KK),Central
29544533341424688633522251105,2024-04-21 07:00:00,2024-04-21 18:00:00,12,0.1,0.0703,0.1449,Gia Lai KCN Trà Đa - Tp Pleiku (KK),Central
29518852005686198968139908531,2024-05-16 23:00:00,2024-05-17 10:00:00,12,0.0,0.0314,0.0359,Quảng Ninh Gần KCN Cái Lân (KK),North
28602897318711027016899843809,2024-01-29 00:00:00,2024-01-29 11:00:00,12,0.1,0.0596,0.1144,Quảng Ninh Nhà máy tuyển than Nam Cầu Trắng - Hạ Long (KK),North
28602897318711027016899843809,2024-03-09 23:00:00,2024-03-10 10:00:00,12,0.1,0.059,0.1003,Quảng Ninh Nhà máy tuyển than Nam Cầu Trắng - Hạ Long (KK),North
28602897318711027016899843809,2024-08-21 14:00:00,2024-08-22 01:00:00,12,0.1,0.0609,0.0626,Quảng Ninh Nhà máy tuyển than Nam Cầu Trắng - Hạ Long (KK),North
28599103930259709512833128161,2025-04-19 12:00:00,2025-04-19 23:00:00,12,0.4,0.3608,0.4492,Quảng Ninh Phường Cẩm Thịnh - Cẩm Phả (KK),North
28599103930259709512833128161,2025-05-05 20:00:00,2025-05-06 07:00:00,12,0.3,0.3008,0.3433,Quảng Ninh Phường Cẩm Thịnh - Cẩm Phả (KK),North
30991938797551443885460120607,2023-06-11 20:00:00,2023-06-12 07:00:00,12,0.0,0.0042,0.0208,"Sóc Trăng Sở TNMT - 16 Hùng Vương, P.6, Tp. Sóc Trăng (KK)",South
30991938797551443885460120607,2023-08-10 10:00:00,2023-08-10 21:00:00,12,0.0,0.0008,0.0183,"Sóc Trăng Sở TNMT - 16 Hùng Vương, P.6, Tp. Sóc Trăng (KK)",South
30991938797551443885460120607,2023-08-11 10:00:00,2023-08-11 21:00:00,12,0.0,0.0008,0.0142,"Sóc Trăng Sở TNMT - 16 Hùng Vương, P.6, Tp. Sóc Trăng (KK)",South
30991938797551443885460120607,2023-08-26 09:00:00,2023-08-26 20:00:00,12,0.0,0.0033,0.0342,"Sóc Trăng Sở TNMT - 16 Hùng Vương, P.6, Tp. Sóc Trăng (KK)",South
30991938797551443885460120607,2023-12-05 09:00:00,2023-12-05 20:00:00,12,0.0,0.0008,0.0117,"Sóc Trăng Sở TNMT - 16 Hùng Vương, P.6, Tp. Sóc Trăng (KK)",South
30991938797551443885460120607,2023-12-26 12:00:00,2023-12-26 23:00:00,12,0.0,0.0008,0.0125,"Sóc Trăng Sở TNMT - 16 Hùng Vương, P.6, Tp. Sóc Trăng (KK)",South
30991938797551443885460120607,2024-01-06 11:00:00,2024-01-06 22:00:00,12,0.0,0.0008,0.0283,"Sóc Trăng Sở TNMT - 16 Hùng Vương, P.6, Tp. Sóc Trăng (KK)",South
29203727697074312726675247132,2023-04-11 19:00:00,2023-04-12 06:00:00,12,0.3,0.2717,0.3333,"Thái Bình xã Thái Thọ, huyện Thái Thụy (KK)",North
29098314940209976158571475636,2023-03-27 18:00:00,2023-03-28 05:00:00,12,5.8,5.7992,5.8492,"Trà Vinh xã Dân Thành, TX Duyên Hải (KK)",South
29098314940209976158571475636,2023-05-13 08:00:00,2023-05-13 19:00:00,12,5.9,5.8542,5.9408,"Trà Vinh xã Dân Thành, TX Duyên Hải (KK)",South
29098314940209976158571475636,2023-06-17 21:00:00,2023-06-18 08:00:00,12,5.8,5.7508,5.8275,"Trà Vinh xã Dân Thành, TX Duyên Hải (KK)",South
29098314940209976158571475636,2023-06-25 16:00:00,2023-06-26 03:00:00,12,5.8,5.7583,5.8333,"Trà Vinh xã Dân Thành, TX Duyên Hải (KK)",South
29098314940209976158571475636,2024-02-06 19:00:00,2024-02-07 06:00:00,12,5.9,5.8785,5.9317,"Trà Vinh xã Dân Thành, TX Duyên Hải (KK)",South
29098314940209976158571475636,2024-03-06 20:00:00,2024-03-07 07:00:00,12,5.9,5.8542,5.9425,"Trà Vinh xã Dân Thành, TX Duyên Hải (KK)",South
29098314940209976158571475636,2024-03-17 13:00:00,2024-03-18 00:00:00,12,6.0,5.95,6.0333,"Trà Vinh xã Dân Thành, TX Duyên Hải (KK)",South
29098314940209976158571475636,2024-03-31 20:00:00,2024-04-01 07:00:00,12,10.2,10.1625,10.235,"Trà Vinh xã Dân Thành, TX Duyên Hải (KK)",South
29098314940209976158571475636,2024-04-21 19:00:00,2024-04-22 06:00:00,12,10.1,10.0691,10.14,"Trà Vinh xã Dân Thành, TX Duyên Hải (KK)",South
29098314940209976158571475636,2024-06-02 07:00:00,2024-06-02 18:00:00,12,10.1,10.0775,10.1375,"Trà Vinh xã Dân Thành, TX Duyên Hải (KK)",South
29098314940209976158571475636,2024-08-24 19:00:00,2024-08-25 06:00:00,12,10.1,10.0508,10.145,"Trà Vinh xã Dân Thành, TX Duyên Hải (KK)",South
29098314940209976158571475636,2024-08-31 09:00:00,2024-08-31 20:00:00,12,10.2,10.1625,10.2458,"Trà Vinh xã Dân Thành, TX Duyên Hải (KK)",South
29098314940209976158571475636,2024-10-24 21:00:00,2024-10-25 08:00:00,12,10.1,10.0892,10.1483,"Trà Vinh xã Dân Thành, TX Duyên Hải (KK)",South
29544533341424688633522251105,2024-05-12 01:00:00,2024-05-12 11:00:00,11,0.0,0.016,0.043,Gia Lai KCN Trà Đa - Tp Pleiku (KK),Central
29544533341424688633522251105,2024-05-12 14:00:00,2024-05-13 00:00:00,11,0.1,0.0585,0.1418,Gia Lai KCN Trà Đa - Tp Pleiku (KK),Central
29518852005686198968139908531,2023-09-20 07:00:00,2023-09-20 17:00:00,11,0.0,0.0205,0.0258,Quảng Ninh Gần KCN Cái Lân (KK),North
29518872592252585279589451187,2023-06-07 23:00:00,2023-06-08 09:00:00,11,11.8,11.7579,11.7864,Quảng Ninh Km11 - Minh Thành (KK),North
29518872592252585279589451187,2024-03-01 19:00:00,2024-03-02 05:00:00,11,0.9,0.862,0.9067,Quảng Ninh Km11 - Minh Thành (KK),North
29518872592252585279589451187,2024-03-09 12:00:00,2024-03-09 22:00:00,11,0.9,0.8632,0.944,Quảng Ninh Km11 - Minh Thành (KK),North
29518872592252585279589451187,2024-04-18 02:00:00,2024-04-18 12:00:00,11,0.1,0.1384,0.1392,Quảng Ninh Km11 - Minh Thành (KK),North
29518885338952740244749551027,2023-04-23 19:00:00,2023-04-24 05:00:00,11,13.2,13.1664,13.1821,Quảng Ninh Nhuệ Hổ - Đông Triều (KK),North
28602897318711027016899843809,2024-03-11 01:00:00,2024-03-11 11:00:00,11,0.1,0.0599,0.1333,Quảng Ninh Nhà máy tuyển than Nam Cầu Trắng - Hạ Long (KK),North
28602897318711027016899843809,2024-08-22 08:00:00,2024-08-22 18:00:00,11,0.1,0.0609,0.0631,Quảng Ninh Nhà máy tuyển than Nam Cầu Trắng - Hạ Long (KK),North
28599103930259709512833128161,2025-05-02 13:00:00,2025-05-02 23:00:00,11,0.2,0.1817,0.2308,Quảng Ninh Phường Cẩm Thịnh - Cẩm Phả (KK),North
30991938797551443885460120607,2023-07-26 11:00:00,2023-07-26 21:00:00,11,0.0,0.0008,0.0175,"Sóc Trăng Sở TNMT - 16 Hùng Vương, P.6, Tp. Sóc Trăng (KK)",South
30991938797551443885460120607,2023-08-01 09:00:00,2023-08-01 19:00:00,11,0.0,0.01,0.0183,"Sóc Trăng Sở TNMT - 16 Hùng Vương, P.6, Tp. Sóc Trăng (KK)",South
30991938797551443885460120607,2023-08-02 10:00:00,2023-08-02 20:00:00,11,0.0,0.0083,0.0333,"Sóc Trăng Sở TNMT - 16 Hùng Vương, P.6, Tp. Sóc Trăng (KK)",South
30991938797551443885460120607,2023-08-12 10:00:00,2023-08-12 20:00:00,11,0.0,0.0017,0.0167,"Sóc Trăng Sở TNMT - 16 Hùng Vương, P.6, Tp. Sóc Trăng (KK)",South
30991938797551443885460120607,2023-08-18 09:00:00,2023-08-18 19:00:00,11,0.0,0.0008,0.0342,"Sóc Trăng Sở TNMT - 16 Hùng Vương, P.6, Tp. Sóc Trăng (KK)",South
30991938797551443885460120607,2023-08-27 15:00:00,2023-08-28 01:00:00,11,0.0,0.0008,0.0375,"Sóc Trăng Sở TNMT - 16 Hùng Vương, P.6, Tp. Sóc Trăng (KK)",South
30991938797551443885460120607,2023-10-20 11:00:00,2023-10-20 21:00:00,11,0.0,0.0008,0.0175,"Sóc Trăng Sở TNMT - 16 Hùng Vương, P.6, Tp. Sóc Trăng (KK)",South
30991938797551443885460120607,2023-12-30 12:00:00,2023-12-30 22:00:00,11,0.0,0.0008,0.0258,"Sóc Trăng Sở TNMT - 16 Hùng Vương, P.6, Tp. Sóc Trăng (KK)",South
30991938797551443885460120607,2024-01-03 11:00:00,2024-01-03 21:00:00,11,0.0,0.0008,0.0133,"Sóc Trăng Sở TNMT - 16 Hùng Vương, P.6, Tp. Sóc Trăng (KK)",South
29203727697074312726675247132,2024-01-04 19:00:00,2024-01-05 05:00:00,11,0.4,0.3792,0.44,"Thái Bình xã Thái Thọ, huyện Thái Thụy (KK)",North
29098314940209976158571475636,2023-01-15 02:00:00,2023-01-15 12:00:00,11,5.8,5.76,5.8225,"Trà Vinh xã Dân Thành, TX Duyên Hải (KK)",South
29098314940209976158571475636,2023-03-11 13:00:00,2023-03-11 23:00:00,11,6.1,6.0508,6.1458,"Trà Vinh xã Dân Thành, TX Duyên Hải (KK)",South
29098314940209976158571475636,2023-03-25 20:00:00,2023-03-26 06:00:00,11,5.8,5.7517,5.8482,"Trà Vinh xã Dân Thành, TX Duyên Hải (KK)",South
29098314940209976158571475636,2023-07-08 21:00:00,2023-07-09 07:00:00,11,5.8,5.7727,5.8475,"Trà Vinh xã Dân Thành, TX Duyên Hải (KK)",South
29098314940209976158571475636,2023-09-14 14:00:00,2023-09-15 00:00:00,11,5.8,5.7542,5.85,"Trà Vinh xã Dân Thành, TX Duyên Hải (KK)",South
29098314940209976158571475636,2023-09-15 01:00:00,2023-09-15 11:00:00,11,5.9,5.8546,5.9417,"Trà Vinh xã Dân Thành, TX Duyên Hải (KK)",South
29098314940209976158571475636,2024-05-26 15:00:00,2024-05-27 01:00:00,11,10.2,10.1567,10.2383,"Trà Vinh xã Dân Thành, TX Duyên Hải (KK)",South
29098314940209976158571475636,2024-08-23 22:00:00,2024-08-24 08:00:00,11,10.1,10.0683,10.1133,"Trà Vinh xã Dân Thành, TX Duyên Hải (KK)",South
29098319146067624969113973428,2023-03-04 06:00:00,2023-03-04 16:00:00,11,1.2,1.21,1.2133,"Trà Vinh xã Đông Hải, huyện Duyên Hải (KK)",South
29996239538320865599553202177,2023-06-19 13:00:00,2023-06-19 23:00:00,11,0.3,0.2533,0.3258,Tây Ninh Thị xã Trảng Bàng (KK),South
29544533341424688633522251105,2024-03-16 03:00:00,2024-03-16 12:00:00,10,0.1,0.0754,0.1401,Gia Lai KCN Trà Đa - Tp Pleiku (KK),Central
29544533341424688633522251105,2024-03-26 07:00:00,2024-03-26 16:00:00,10,0.0,0.0147,0.0379,Gia Lai KCN Trà Đa - Tp Pleiku (KK),Central
29544533341424688633522251105,2024-04-03 07:00:00,2024-04-03 16:00:00,10,0.2,0.1508,0.2455,Gia Lai KCN Trà Đa - Tp Pleiku (KK),Central
29544533341424688633522251105,2024-04-11 13:00:00,2024-04-11 22:00:00,10,0.1,0.0542,0.1113,Gia Lai KCN Trà Đa - Tp Pleiku (KK),Central
29518852005686198968139908531,2024-06-08 13:00:00,2024-06-08 22:00:00,10,12.1,12.054,12.1139,Quảng Ninh Gần KCN Cái Lân (KK),North
29518885338952740244749551027,2023-12-07 22:00:00,2023-12-08 07:00:00,10,0.4,0.4159,0.4478,Quảng Ninh Nhuệ Hổ - Đông Triều (KK),North
29518885338952740244749551027,2023-12-16 21:00:00,2023-12-17 06:00:00,10,0.5,0.4598,0.5405,Quảng Ninh Nhuệ Hổ - Đông Triều (KK),North
28602897318711027016899843809,2024-02-27 00:00:00,2024-02-27 09:00:00,10,0.3,0.2735,0.2825,Quảng Ninh Nhà máy tuyển than Nam Cầu Trắng - Hạ Long (KK),North
28602897318711027016899843809,2024-10-28 01:00:00,2024-10-28 10:00:00,10,1.4,1.3603,1.4077,Quảng Ninh Nhà máy tuyển than Nam Cầu Trắng - Hạ Long (KK),North
28599103930259709512833128161,2025-04-29 09:00:00,2025-04-29 18:00:00,10,0.3,0.2533,0.2875,Quảng Ninh Phường Cẩm Thịnh - Cẩm Phả (KK),North
28599103930259709512833128161,2025-04-29 19:00:00,2025-04-30 04:00:00,10,0.2,0.1842,0.2433,Quảng Ninh Phường Cẩm Thịnh - Cẩm Phả (KK),North
29518839738601389925132404147,2024-12-21 13:00:00,2024-12-21 22:00:00,10,6.2,6.1583,6.1684,"Quảng Ninh Trung tâm văn hóa thể thao Cẩm Phả, đường Trần Phú, phường Cẩm Trung (KK)",North
30991938797551443885460120607,2023-05-13 21:00:00,2023-05-14 06:00:00,10,0.0,0.0025,0.0417,"Sóc Trăng Sở TNMT - 16 Hùng Vương, P.6, Tp. Sóc Trăng (KK)",South
30991938797551443885460120607,2023-05-30 08:00:00,2023-05-30 17:00:00,10,0.0,0.0008,0.0233,"Sóc Trăng Sở TNMT - 16 Hùng Vương, P.6, Tp. Sóc Trăng (KK)",South
30991938797551443885460120607,2023-06-14 22:00:00,2023-06-15 07:00:00,10,0.0,0.0158,0.0325,"Sóc Trăng Sở TNMT - 16 Hùng Vương, P.6, Tp. Sóc Trăng (KK)",South
30991938797551443885460120607,2023-07-20 09:00:00,2023-07-20 18:00:00,10,0.0,0.0008,0.0208,"Sóc Trăng Sở TNMT - 16 Hùng Vương, P.6, Tp. Sóc Trăng (KK)",South
30991938797551443885460120607,2023-07-24 09:00:00,2023-07-24 18:00:00,10,0.0,0.0017,0.0242,"Sóc Trăng Sở TNMT - 16 Hùng Vương, P.6, Tp. Sóc Trăng (KK)",South
30991938797551443885460120607,2023-08-05 11:00:00,2023-08-05 20:00:00,10,0.0,0.0017,0.0267,"Sóc Trăng Sở TNMT - 16 Hùng Vương, P.6, Tp. Sóc Trăng (KK)",South
30991938797551443885460120607,2023-08-17 09:00:00,2023-08-17 18:00:00,10,0.0,0.005,0.04,"Sóc Trăng Sở TNMT - 16 Hùng Vương, P.6, Tp. Sóc Trăng (KK)",South
30991938797551443885460120607,2023-08-21 20:00:00,2023-08-22 05:00:00,10,0.0,0.0017,0.0358,"Sóc Trăng Sở TNMT - 16 Hùng Vương, P.6, Tp. Sóc Trăng (KK)",South
30991938797551443885460120607,2023-08-24 20:00:00,2023-08-25 05:00:00,10,0.0,0.0008,0.0458,"Sóc Trăng Sở TNMT - 16 Hùng Vương, P.6, Tp. Sóc Trăng (KK)",South
30991938797551443885460120607,2023-09-28 12:00:00,2023-09-28 21:00:00,10,0.0,0.0025,0.0183,"Sóc Trăng Sở TNMT - 16 Hùng Vương, P.6, Tp. Sóc Trăng (KK)",South
30991938797551443885460120607,2023-10-09 12:00:00,2023-10-09 21:00:00,10,0.0,0.0042,0.0242,"Sóc Trăng Sở TNMT - 16 Hùng Vương, P.6, Tp. Sóc Trăng (KK)",South
30991938797551443885460120607,2023-11-07 12:00:00,2023-11-07 21:00:00,10,0.0,0.0025,0.01,"Sóc Trăng Sở TNMT - 16 Hùng Vương, P.6, Tp. Sóc Trăng (KK)",South
30991938797551443885460120607,2023-11-13 11:00:00,2023-11-13 20:00:00,10,0.0,0.0017,0.01,"Sóc Trăng Sở TNMT - 16 Hùng Vương, P.6, Tp. Sóc Trăng (KK)",South
30991938797551443885460120607,2023-12-08 11:00:00,2023-12-08 20:00:00,10,0.0,0.0008,0.0117,"Sóc Trăng Sở TNMT - 16 Hùng Vương, P.6, Tp. Sóc Trăng (KK)",South
30991938797551443885460120607,2023-12-12 12:00:00,2023-12-12 21:00:00,10,0.0,0.0008,0.0192,"Sóc Trăng Sở TNMT - 16 Hùng Vương, P.6, Tp. Sóc Trăng (KK)",South
30991938797551443885460120607,2023-12-27 12:00:00,2023-12-27 21:00:00,10,0.0,0.0017,0.015,"Sóc Trăng Sở TNMT - 16 Hùng Vương, P.6, Tp. Sóc Trăng (KK)",South
30991938797551443885460120607,2023-12-28 12:00:00,2023-12-28 21:00:00,10,0.0,0.0008,0.0158,"Sóc Trăng Sở TNMT - 16 Hùng Vương, P.6, Tp. Sóc Trăng (KK)",South
30991938797551443885460120607,2023-12-31 12:00:00,2023-12-31 21:00:00,10,0.0,0.0008,0.0125,"Sóc Trăng Sở TNMT - 16 Hùng Vương, P.6, Tp. Sóc Trăng (KK)",South
30991938797551443885460120607,2024-01-01 12:00:00,2024-01-01 21:00:00,10,0.0,0.0033,0.0158,"Sóc Trăng Sở TNMT - 16 Hùng Vương, P.6, Tp. Sóc Trăng (KK)",South
30991938797551443885460120607,2024-01-09 11:00:00,2024-01-09 20:00:00,10,0.0,0.0025,0.0175,"Sóc Trăng Sở TNMT - 16 Hùng Vương, P.6, Tp. Sóc Trăng (KK)",South
30991938797551443885460120607,2025-04-21 08:00:00,2025-04-21 17:00:00,10,7.2,7.22,7.22,"Sóc Trăng Sở TNMT - 16 Hùng Vương, P.6, Tp. Sóc Trăng (KK)",South
29203727697074312726675247132,2023-04-12 13:00:00,2023-04-12 22:00:00,10,0.3,0.2642,0.3375,"Thái Bình xã Thái Thọ, huyện Thái Thụy (KK)",North
29203727697074312726675247132,2023-05-01 12:00:00,2023-05-01 21:00:00,10,0.4,0.3542,0.4292,"Thái Bình xã Thái Thọ, huyện Thái Thụy (KK)",North
29203727697074312726675247132,2024-02-18 20:00:00,2024-02-19 05:00:00,10,0.1,0.1008,0.1483,"Thái Bình xã Thái Thọ, huyện Thái Thụy (KK)",North
29098314940209976158571475636,2023-02-01 23:00:00,2023-02-02 08:00:00,10,5.9,5.8533,5.9492,"Trà Vinh xã Dân Thành, TX Duyên Hải (KK)",South
29098314940209976158571475636,2023-04-01 13:00:00,2023-04-01 22:00:00,10,5.9,5.8558,5.9442,"Trà Vinh xã Dân Thành, TX Duyên Hải (KK)",South
29098314940209976158571475636,2023-04-07 19:00:00,2023-04-08 04:00:00,10,5.8,5.7592,5.8408,"Trà Vinh xã Dân Thành, TX Duyên Hải (KK)",South
29098314940209976158571475636,2023-08-20 21:00:00,2023-08-21 06:00:00,10,5.9,5.8617,5.9358,"Trà Vinh xã Dân Thành, TX Duyên Hải (KK)",South
29098314940209976158571475636,2024-02-08 14:00:00,2024-02-08 23:00:00,10,5.9,5.8508,5.9425,"Trà Vinh xã Dân Thành, TX Duyên Hải (KK)",South
29098314940209976158571475636,2024-04-20 22:00:00,2024-04-21 07:00:00,10,10.1,10.0892,10.1442,"Trà Vinh xã Dân Thành, TX Duyên Hải (KK)",South
29098314940209976158571475636,2024-04-26 19:00:00,2024-04-27 04:00:00,10,10.2,10.15,10.2375,"Trà Vinh xã Dân Thành, TX Duyên Hải (KK)",South
29098314940209976158571475636,2024-04-27 20:00:00,2024-04-28 05:00:00,10,10.1,10.0775,10.1417,"Trà Vinh xã Dân Thành, TX Duyên Hải (KK)",South
29098314940209976158571475636,2024-05-24 09:00:00,2024-05-24 18:00:00,10,10.2,10.1633,10.25,"Trà Vinh xã Dân Thành, TX Duyên Hải (KK)",South
29098314940209976158571475636,2024-06-03 14:00:00,2024-06-03 23:00:00,10,10.2,10.1508,10.2358,"Trà Vinh xã Dân Thành, TX Duyên Hải (KK)",South
29098314940209976158571475636,2024-10-21 03:00:00,2024-10-21 12:00:00,10,10.1,10.055,10.1125,"Trà Vinh xã Dân Thành, TX Duyên Hải (KK)",South
29098319146067624969113973428,2023-02-17 12:00:00,2023-02-17 21:00:00,10,1.2,1.21,1.2109,"Trà Vinh xã Đông Hải, huyện Duyên Hải (KK)",South
29544533341424688633522251105,2024-03-22 12:00:00,2024-03-22 20:00:00,9,0.1,0.0667,0.1144,Gia Lai KCN Trà Đa - Tp Pleiku (KK),Central
29544533341424688633522251105,2024-03-25 00:00:00,2024-03-25 08:00:00,9,0.1,0.1002,0.137,Gia Lai KCN Trà Đa - Tp Pleiku (KK),Central
29544533341424688633522251105,2024-03-31 06:00:00,2024-03-31 14:00:00,9,0.2,0.1529,0.2363,Gia Lai KCN Trà Đa - Tp Pleiku (KK),Central
29544533341424688633522251105,2024-04-01 08:00:00,2024-04-01 16:00:00,9,0.2,0.2121,0.2485,Gia Lai KCN Trà Đa - Tp Pleiku (KK),Central
29544533341424688633522251105,2024-05-10 06:00:00,2024-05-10 14:00:00,9,0.0,0.0109,0.0347,Gia Lai KCN Trà Đa - Tp Pleiku (KK),Central
29518872592252585279589451187,2023-09-14 09:00:00,2023-09-14 17:00:00,9,0.2,0.1829,0.2289,Quảng Ninh Km11 - Minh Thành (KK),North
29518872592252585279589451187,2024-03-10 22:00:00,2024-03-11 06:00:00,9,0.9,0.8589,0.9469,Quảng Ninh Km11 - Minh Thành (KK),North
29518872592252585279589451187,2024-04-20 14:00:00,2024-04-20 22:00:00,9,2.8,2.8049,2.8438,Quảng Ninh Km11 - Minh Thành (KK),North
28602897318711027016899843809,2024-10-23 00:00:00,2024-10-23 08:00:00,9,1.1,1.1106,1.1443,Quảng Ninh Nhà máy tuyển than Nam Cầu Trắng - Hạ Long (KK),North
28602897318711027016899843809,2024-11-14 10:00:00,2024-11-14 18:00:00,9,0.0,0.0363,0.0365,Quảng Ninh Nhà máy tuyển than Nam Cầu Trắng - Hạ Long (KK),North
28599103930259709512833128161,2025-05-03 07:00:00,2025-05-03 15:00:00,9,0.2,0.1875,0.2425,Quảng Ninh Phường Cẩm Thịnh - Cẩm Phả (KK),North
28599103930259709512833128161,2025-05-17 20:00:00,2025-05-18 04:00:00,9,0.2,0.1575,0.2367,Quảng Ninh Phường Cẩm Thịnh - Cẩm Phả (KK),North
28599103930259709512833128161,2025-05-19 23:00:00,2025-05-20 07:00:00,9,0.3,0.2733,0.3258,Quảng Ninh Phường Cẩm Thịnh - Cẩm Phả (KK),North
29518839738601389925132404147,2023-02-06 02:00:00,2023-02-06 10:00:00,9,0.0,0.0103,0.0106,"Quảng Ninh Trung tâm văn hóa thể thao Cẩm Phả, đường Trần Phú, phường Cẩm Trung (KK)",North
29518839738601389925132404147,2023-02-06 21:00:00,2023-02-07 05:00:00,9,0.0,0.0105,0.0108,"Quảng Ninh Trung tâm văn hóa thể thao Cẩm Phả, đường Trần Phú, phường Cẩm Trung (KK)",North
29518839738601389925132404147,2024-12-18 13:00:00,2024-12-18 21:00:00,9,6.2,6.1586,6.1687,"Quảng Ninh Trung tâm văn hóa thể thao Cẩm Phả, đường Trần Phú, phường Cẩm Trung (KK)",North
29518839738601389925132404147,2024-12-25 13:00:00,2024-12-25 21:00:00,9,6.2,6.1658,6.1688,"Quảng Ninh Trung tâm văn hóa thể thao Cẩm Phả, đường Trần Phú, phường Cẩm Trung (KK)",North
29518839738601389925132404147,2025-01-02 10:00:00,2025-01-02 18:00:00,9,6.2,6.1607,6.172,"Quảng Ninh Trung tâm văn hóa thể thao Cẩm Phả, đường Trần Phú, phường Cẩm Trung (KK)",North
30991938797551443885460120607,2023-04-18 00:00:00,2023-04-18 08:00:00,9,0.3,0.3,0.3392,"Sóc Trăng Sở TNMT - 16 Hùng Vương, P.6, Tp. Sóc Trăng (KK)",South
30991938797551443885460120607,2023-05-22 14:00:00,2023-05-22 22:00:00,9,0.0,0.005,0.0467,"Sóc Trăng Sở TNMT - 16 Hùng Vương, P.6, Tp. Sóc Trăng (KK)",South
30991938797551443885460120607,2023-06-03 16:00:00,2023-06-04 00:00:00,9,0.0,0.0008,0.025,"Sóc Trăng Sở TNMT - 16 Hùng Vương, P.6, Tp. Sóc Trăng (KK)",South
30991938797551443885460120607,2023-06-17 08:00:00,2023-06-17 16:00:00,9,0.0,0.0008,0.0392,"Sóc Trăng Sở TNMT - 16 Hùng Vương, P.6, Tp. Sóc Trăng (KK)",South
30991938797551443885460120607,2023-06-22 23:00:00,2023-06-23 07:00:00,9,0.0,0.0058,0.0208,"Sóc Trăng Sở TNMT - 16 Hùng Vương, P.6, Tp. Sóc Trăng (KK)",South
30991938797551443885460120607,2023-06-24 22:00:00,2023-06-25 06:00:00,9,0.0,0.0058,0.0192,"Sóc Trăng Sở TNMT - 16 Hùng Vương, P.6, Tp. Sóc Trăng (KK)",South
30991938797551443885460120607,2023-07-01 14:00:00,2023-07-01 22:00:00,9,0.0,0.0033,0.0442,"Sóc Trăng Sở TNMT - 16 Hùng Vương, P.6, Tp. Sóc Trăng (KK)",South
30991938797551443885460120607,2023-08-25 11:00:00,2023-08-25 19:00:00,9,0.0,0.01,0.0458,"Sóc Trăng Sở TNMT - 16 Hùng Vương, P.6, Tp. Sóc Trăng (KK)",South
30991938797551443885460120607,2023-10-21 11:00:00,2023-10-21 19:00:00,9,0.0,0.0008,0.015,"Sóc Trăng Sở TNMT - 16 Hùng Vương, P.6, Tp. Sóc Trăng (KK)",South
30991938797551443885460120607,2023-11-28 11:00:00,2023-11-28 19:00:00,9,0.0,0.0008,0.0217,"Sóc Trăng Sở TNMT - 16 Hùng Vương, P.6, Tp. Sóc Trăng (KK)",South
30991938797551443885460120607,2023-11-30 12:00:00,2023-11-30 20:00:00,9,0.0,0.0017,0.0375,"Sóc Trăng Sở TNMT - 16 Hùng Vương, P.6, Tp. Sóc Trăng (KK)",South
30991938797551443885460120607,2023-12-09 12:00:00,2023-12-09 20:00:00,9,0.0,0.0042,0.0183,"Sóc Trăng Sở TNMT - 16 Hùng Vương, P.6, Tp. Sóc Trăng (KK)",South
30991938797551443885460120607,2023-12-10 12:00:00,2023-12-10 20:00:00,9,0.0,0.0008,0.0083,"Sóc Trăng Sở TNMT - 16 Hùng Vương, P.6, Tp. Sóc Trăng (KK)",South
30991938797551443885460120607,2023-12-25 12:00:00,2023-12-25 20:00:00,9,0.0,0.0008,0.0092,"Sóc Trăng Sở TNMT - 16 Hùng Vương, P.6, Tp. Sóc Trăng (KK)",South
29203727697074312726675247132,2023-05-02 22:00:00,2023-05-03 06:00:00,9,0.2,0.15,0.2367,"Thái Bình xã Thái Thọ, huyện Thái Thụy (KK)",North
29203727697074312726675247132,2024-01-05 20:00:00,2024-01-06 04:00:00,9,0.3,0.2692,0.3425,"Thái Bình xã Thái Thọ, huyện Thái Thụy (KK)",North
29203727697074312726675247132,2024-02-11 21:00:00,2024-02-12 05:00:00,9,0.7,0.6817,0.7483,"Thái Bình xã Thái Thọ, huyện Thái Thụy (KK)",North
29098314940209976158571475636,2023-01-07 23:00:00,2023-01-08 07:00:00,9,5.8,5.7533,5.8308,"Trà Vinh xã Dân Thành, TX Duyên Hải (KK)",South
29098314940209976158571475636,2023-03-11 04:00:00,2023-03-11 12:00:00,9,6.2,6.1608,6.2375,"Trà Vinh xã Dân Thành, TX Duyên Hải (KK)",South
29098314940209976158571475636,2023-03-21 23:00:00,2023-03-22 07:00:00,9,5.9,5.8792,5.9267,"Trà Vinh xã Dân Thành, TX Duyên Hải (KK)",South
29098314940209976158571475636,2023-03-24 17:00:00,2023-03-25 01:00:00,9,5.8,5.79,5.8292,"Trà Vinh xã Dân Thành, TX Duyên Hải (KK)",South
29098314940209976158571475636,2023-04-03 23:00:00,2023-04-04 07:00:00,9,5.8,5.7531,5.83,"Trà Vinh xã Dân Thành, TX Duyên Hải (KK)",South
29098314940209976158571475636,2023-05-01 23:00:00,2023-05-02 07:00:00,9,6.2,6.1808,6.2467,"Trà Vinh xã Dân Thành, TX Duyên Hải (KK)",South
29098314940209976158571475636,2023-05-06 07:00:00,2023-05-06 15:00:00,9,5.9,5.9045,5.9418,"Trà Vinh xã Dân Thành, TX Duyên Hải (KK)",South
29098314940209976158571475636,2023-06-22 01:00:00,2023-06-22 09:00:00,9,5.9,5.8567,5.9292,"Trà Vinh xã Dân Thành, TX Duyên Hải (KK)",South
29098314940209976158571475636,2023-07-12 21:00:00,2023-07-13 05:00:00,9,5.8,5.7617,5.8292,"Trà Vinh xã Dân Thành, TX Duyên Hải (KK)",South
29098314940209976158571475636,2023-07-18 12:00:00,2023-07-18 20:00:00,9,5.8,5.7517,5.8458,"Trà Vinh xã Dân Thành, TX Duyên Hải (KK)",South
29098314940209976158571475636,2023-07-23 00:00:00,2023-07-23 08:00:00,9,5.8,5.7517,5.8425,"Trà Vinh xã Dân Thành, TX Duyên Hải (KK)",South
29098314940209976158571475636,2023-09-01 22:00:00,2023-09-02 06:00:00,9,5.8,5.7542,5.8167,"Trà Vinh xã Dân Thành, TX Duyên Hải (KK)",South
29098314940209976158571475636,2023-09-30 23:00:00,2023-10-01 07:00:00,9,5.8,5.7742,5.8333,"Trà Vinh xã Dân Thành, TX Duyên Hải (KK)",South
29098314940209976158571475636,2023-10-03 21:00:00,2023-10-04 05:00:00,9,5.8,5.761,5.8167,"Trà Vinh xã Dân Thành, TX Duyên Hải (KK)",South
29098314940209976158571475636,2023-11-10 23:00:00,2023-11-11 07:00:00,9,5.9,5.8817,5.9475,"Trà Vinh xã Dân Thành, TX Duyên Hải (KK)",South
29098314940209976158571475636,2024-03-05 23:00:00,2024-03-06 07:00:00,9,5.9,5.875,5.9383,"Trà Vinh xã Dân Thành, TX Duyên Hải (KK)",South
29098314940209976158571475636,2024-04-13 22:00:00,2024-04-14 06:00:00,9,10.2,10.1758,10.2383,"Trà Vinh xã Dân Thành, TX Duyên Hải (KK)",South
29098314940209976158571475636,2024-07-12 19:00:00,2024-07-13 03:00:00,9,10.1,10.0508,10.1475,"Trà Vinh xã Dân Thành, TX Duyên Hải (KK)",South
29098314940209976158571475636,2024-10-22 00:00:00,2024-10-22 08:00:00,9,10.1,10.0617,10.1225,"Trà Vinh xã Dân Thành, TX Duyên Hải (KK)",South
29098314940209976158571475636,2024-10-22 19:00:00,2024-10-23 03:00:00,9,10.1,10.0671,10.1358,"Trà Vinh xã Dân Thành, TX Duyên Hải (KK)",South
29098314940209976158571475636,2024-12-23 02:00:00,2024-12-23 10:00:00,9,10.3,10.2667,10.3469,"Trà Vinh xã Dân Thành, TX Duyên Hải (KK)",South
29098319146067624969113973428,2023-03-02 13:00:00,2023-03-02 21:00:00,9,1.2,1.21,1.2117,"Trà Vinh xã Đông Hải, huyện Duyên Hải (KK)",South
29098319146067624969113973428,2023-03-03 09:00:00,2023-03-03 17:00:00,9,1.2,1.21,1.2108,"Trà Vinh xã Đông Hải, huyện Duyên Hải (KK)",South
29996239538320865599553202177,2023-04-27 11:00:00,2023-04-27 19:00:00,9,0.3,0.2583,0.3242,Tây Ninh Thị xã Trảng Bàng (KK),South
29996239538320865599553202177,2023-05-24 05:00:00,2023-05-24 13:00:00,9,0.3,0.2617,0.3492,Tây Ninh Thị xã Trảng Bàng (KK),South
29996239538320865599553202177,2023-06-01 18:00:00,2023-06-02 02:00:00,9,0.3,0.2558,0.3233,Tây Ninh Thị xã Trảng Bàng (KK),South
29544533341424688633522251105,2024-03-11 22:00:00,2024-03-12 05:00:00,8,0.1,0.0501,0.0822,Gia Lai KCN Trà Đa - Tp Pleiku (KK),Central
29544533341424688633522251105,2024-03-13 14:00:00,2024-03-13 21:00:00,8,0.1,0.0535,0.1001,Gia Lai KCN Trà Đa - Tp Pleiku (KK),Central
29544533341424688633522251105,2024-03-15 01:00:00,2024-03-15 08:00:00,8,0.1,0.0522,0.144,Gia Lai KCN Trà Đa - Tp Pleiku (KK),Central
29544533341424688633522251105,2024-03-20 09:00:00,2024-03-20 16:00:00,8,0.1,0.0584,0.1184,Gia Lai KCN Trà Đa - Tp Pleiku (KK),Central
29544533341424688633522251105,2024-03-21 18:00:00,2024-03-22 01:00:00,8,0.0,0.0183,0.0479,Gia Lai KCN Trà Đa - Tp Pleiku (KK),Central
29544533341424688633522251105,2024-03-26 19:00:00,2024-03-27 02:00:00,8,0.1,0.0639,0.1459,Gia Lai KCN Trà Đa - Tp Pleiku (KK),Central
29544533341424688633522251105,2024-03-27 19:00:00,2024-03-28 02:00:00,8,0.1,0.0629,0.1489,Gia Lai KCN Trà Đa - Tp Pleiku (KK),Central
29544533341424688633522251105,2024-03-30 06:00:00,2024-03-30 13:00:00,8,0.0,0.0311,0.0495,Gia Lai KCN Trà Đa - Tp Pleiku (KK),Central
29544533341424688633522251105,2024-04-06 09:00:00,2024-04-06 16:00:00,8,0.2,0.1509,0.2216,Gia Lai KCN Trà Đa - Tp Pleiku (KK),Central
29544533341424688633522251105,2024-05-02 20:00:00,2024-05-03 03:00:00,8,0.1,0.0514,0.1289,Gia Lai KCN Trà Đa - Tp Pleiku (KK),Central
29544533341424688633522251105,2024-05-05 09:00:00,2024-05-05 16:00:00,8,0.1,0.057,0.0834,Gia Lai KCN Trà Đa - Tp Pleiku (KK),Central
29518852005686198968139908531,2023-06-05 02:00:00,2023-06-05 09:00:00,8,11.3,11.3005,11.3428,Quảng Ninh Gần KCN Cái Lân (KK),North
29518852005686198968139908531,2023-06-12 06:00:00,2023-06-12 13:00:00,8,11.3,11.2784,11.3478,Quảng Ninh Gần KCN Cái Lân (KK),North
29518852005686198968139908531,2023-09-14 20:00:00,2023-09-15 03:00:00,8,0.0,0.0203,0.0224,Quảng Ninh Gần KCN Cái Lân (KK),North
29518872592252585279589451187,2023-06-07 13:00:00,2023-06-07 20:00:00,8,11.7,11.6627,11.7497,Quảng Ninh Km11 - Minh Thành (KK),North
29518872592252585279589451187,2023-09-15 17:00:00,2023-09-16 00:00:00,8,0.4,0.3556,0.4355,Quảng Ninh Km11 - Minh Thành (KK),North
29518872592252585279589451187,2024-02-26 21:00:00,2024-02-27 04:00:00,8,1.2,1.1848,1.2438,Quảng Ninh Km11 - Minh Thành (KK),North
28602897318711027016899843809,2024-01-22 09:00:00,2024-01-22 16:00:00,8,0.1,0.0588,0.061,Quảng Ninh Nhà máy tuyển than Nam Cầu Trắng - Hạ Long (KK),North
28602897318711027016899843809,2024-03-09 02:00:00,2024-03-09 09:00:00,8,0.1,0.0586,0.1262,Quảng Ninh Nhà máy tuyển than Nam Cầu Trắng - Hạ Long (KK),North
28602897318711027016899843809,2024-10-08 01:00:00,2024-10-08 08:00:00,8,1.2,1.2001,1.2268,Quảng Ninh Nhà máy tuyển than Nam Cầu Trắng - Hạ Long (KK),North
28602897318711027016899843809,2024-10-27 09:00:00,2024-10-27 16:00:00,8,1.4,1.3933,1.4334,Quảng Ninh Nhà máy tuyển than Nam Cầu Trắng - Hạ Long (KK),North
28602897318711027016899843809,2024-11-12 00:00:00,2024-11-12 07:00:00,8,0.0,0.0361,0.0363,Quảng Ninh Nhà máy tuyển than Nam Cầu Trắng - Hạ Long (KK),North
28602897318711027016899843809,2024-11-18 07:00:00,2024-11-18 14:00:00,8,0.0,0.036,0.0363,Quảng Ninh Nhà máy tuyển than Nam Cầu Trắng - Hạ Long (KK),North
28602897318711027016899843809,2024-12-12 11:00:00,2024-12-12 18:00:00,8,0.0,0.0199,0.0364,Quảng Ninh Nhà máy tuyển than Nam Cầu Trắng - Hạ Long (KK),North
28599103930259709512833128161,2025-04-23 12:00:00,2025-04-23 19:00:00,8,0.4,0.3908,0.4417,Quảng Ninh Phường Cẩm Thịnh - Cẩm Phả (KK),North
28599103930259709512833128161,2025-04-24 00:00:00,2025-04-24 07:00:00,8,0.3,0.2658,0.3442,Quảng Ninh Phường Cẩm Thịnh - Cẩm Phả (KK),North
28599103930259709512833128161,2025-04-30 16:00:00,2025-04-30 23:00:00,8,0.2,0.1592,0.2475,Quảng Ninh Phường Cẩm Thịnh - Cẩm Phả (KK),North
28599103930259709512833128161,2025-05-01 21:00:00,2025-05-02 04:00:00,8,0.2,0.1683,0.2042,Quảng Ninh Phường Cẩm Thịnh - Cẩm Phả (KK),North
28599103930259709512833128161,2025-05-11 14:00:00,2025-05-11 21:00:00,8,0.3,0.2517,0.3458,Quảng Ninh Phường Cẩm Thịnh - Cẩm Phả (KK),North
28599103930259709512833128161,2025-05-13 19:00:00,2025-05-14 02:00:00,8,0.3,0.3183,0.3475,Quảng Ninh Phường Cẩm Thịnh - Cẩm Phả (KK),North
28599103930259709512833128161,2025-05-16 22:00:00,2025-05-17 05:00:00,8,0.1,0.1242,0.1358,Quảng Ninh Phường Cẩm Thịnh - Cẩm Phả (KK),North
28599103930259709512833128161,2025-05-21 06:00:00,2025-05-21 13:00:00,8,0.5,0.4533,0.5333,Quảng Ninh Phường Cẩm Thịnh - Cẩm Phả (KK),North
29518839738601389925132404147,2023-02-06 12:00:00,2023-02-06 19:00:00,8,0.0,0.0103,0.0106,"Quảng Ninh Trung tâm văn hóa thể thao Cẩm Phả, đường Trần Phú, phường Cẩm Trung (KK)",North
29518839738601389925132404147,2024-04-21 01:00:00,2024-04-21 08:00:00,8,0.0,0.0082,0.0084,"Quảng Ninh Trung tâm văn hóa thể thao Cẩm Phả, đường Trần Phú, phường Cẩm Trung (KK)",North
29518839738601389925132404147,2024-12-15 14:00:00,2024-12-15 21:00:00,8,6.2,6.1583,6.1678,"Quảng Ninh Trung tâm văn hóa thể thao Cẩm Phả, đường Trần Phú, phường Cẩm Trung (KK)",North
29518839738601389925132404147,2024-12-22 00:00:00,2024-12-22 07:00:00,8,6.2,6.1579,6.1676,"Quảng Ninh Trung tâm văn hóa thể thao Cẩm Phả, đường Trần Phú, phường Cẩm Trung (KK)",North
30991938797551443885460120607,2023-05-20 00:00:00,2023-05-20 07:00:00,8,0.0,0.0183,0.0483,"Sóc Trăng Sở TNMT - 16 Hùng Vương, P.6, Tp. Sóc Trăng (KK)",South
30991938797551443885460120607,2023-06-01 16:00:00,2023-06-01 23:00:00,8,0.1,0.14,0.14,"Sóc Trăng Sở TNMT - 16 Hùng Vương, P.6, Tp. Sóc Trăng (KK)",South
30991938797551443885460120607,2023-06-18 09:00:00,2023-06-18 16:00:00,8,0.0,0.0033,0.0225,"Sóc Trăng Sở TNMT - 16 Hùng Vương, P.6, Tp. Sóc Trăng (KK)",South
30991938797551443885460120607,2023-06-24 00:00:00,2023-06-24 07:00:00,8,0.0,0.0125,0.0267,"Sóc Trăng Sở TNMT - 16 Hùng Vương, P.6, Tp. Sóc Trăng (KK)",South
30991938797551443885460120607,2023-07-10 09:00:00,2023-07-10 16:00:00,8,0.0,0.0017,0.0217,"Sóc Trăng Sở TNMT - 16 Hùng Vương, P.6, Tp. Sóc Trăng (KK)",South
30991938797551443885460120607,2023-07-12 11:00:00,2023-07-12 18:00:00,8,0.0,0.0017,0.0437,"Sóc Trăng Sở TNMT - 16 Hùng Vương, P.6, Tp. Sóc Trăng (KK)",South
30991938797551443885460120607,2023-07-22 11:00:00,2023-07-22 18:00:00,8,0.0,0.0008,0.0208,"Sóc Trăng Sở TNMT - 16 Hùng Vương, P.6, Tp. Sóc Trăng (KK)",South
30991938797551443885460120607,2023-08-04 11:00:00,2023-08-04 18:00:00,8,0.0,0.0025,0.02,"Sóc Trăng Sở TNMT - 16 Hùng Vương, P.6, Tp. Sóc Trăng (KK)",South
30991938797551443885460120607,2023-08-19 09:00:00,2023-08-19 16:00:00,8,0.0,0.0075,0.0167,"Sóc Trăng Sở TNMT - 16 Hùng Vương, P.6, Tp. Sóc Trăng (KK)",South
30991938797551443885460120607,2023-08-21 12:00:00,2023-08-21 19:00:00,8,0.1,0.0608,0.1442,"Sóc Trăng Sở TNMT - 16 Hùng Vương, P.6, Tp. Sóc Trăng (KK)",South
30991938797551443885460120607,2023-09-06 12:00:00,2023-09-06 19:00:00,8,0.0,0.0017,0.01,"Sóc Trăng Sở TNMT - 16 Hùng Vương, P.6, Tp. Sóc Trăng (KK)",South
30991938797551443885460120607,2023-09-18 14:00:00,2023-09-18 21:00:00,8,0.0,0.0017,0.025,"Sóc Trăng Sở TNMT - 16 Hùng Vương, P.6, Tp. Sóc Trăng (KK)",South
30991938797551443885460120607,2023-10-07 10:00:00,2023-10-07 17:00:00,8,0.0,0.0008,0.0092,"Sóc Trăng Sở TNMT - 16 Hùng Vương, P.6, Tp. Sóc Trăng (KK)",South
30991938797551443885460120607,2023-10-14 20:00:00,2023-10-15 03:00:00,8,0.0,0.0025,0.0083,"Sóc Trăng Sở TNMT - 16 Hùng Vương, P.6, Tp. Sóc Trăng (KK)",South
30991938797551443885460120607,2023-10-22 13:00:00,2023-10-22 20:00:00,8,0.0,0.0017,0.0133,"Sóc Trăng Sở TNMT - 16 Hùng Vương, P.6, Tp. Sóc Trăng (KK)",South
30991938797551443885460120607,2023-11-02 13:00:00,2023-11-02 20:00:00,8,0.0,0.0008,0.0158,"Sóc Trăng Sở TNMT - 16 Hùng Vương, P.6, Tp. Sóc Trăng (KK)",South
30991938797551443885460120607,2023-11-06 13:00:00,2023-11-06 20:00:00,8,0.0,0.0008,0.0092,"Sóc Trăng Sở TNMT - 16 Hùng Vương, P.6, Tp. Sóc Trăng (KK)",South
30991938797551443885460120607,2023-11-08 12:00:00,2023-11-08 19:00:00,8,0.0,0.0008,0.0067,"Sóc Trăng Sở TNMT - 16 Hùng Vương, P.6, Tp. Sóc Trăng (KK)",South
30991938797551443885460120607,2023-11-12 14:00:00,2023-11-12 21:00:00,8,0.0,0.0008,0.0117,"Sóc Trăng Sở TNMT - 16 Hùng Vương, P.6, Tp. Sóc Trăng (KK)",South
30991938797551443885460120607,2023-11-18 12:00:00,2023-11-18 19:00:00,8,0.0,0.0008,0.01,"Sóc Trăng Sở TNMT - 16 Hùng Vương, P.6, Tp. Sóc Trăng (KK)",South
30991938797551443885460120607,2023-12-06 12:00:00,2023-12-06 19:00:00,8,0.0,0.0008,0.005,"Sóc Trăng Sở TNMT - 16 Hùng Vương, P.6, Tp. Sóc Trăng (KK)",South
30991938797551443885460120607,2023-12-29 14:00:00,2023-12-29 21:00:00,8,0.0,0.0008,0.0125,"Sóc Trăng Sở TNMT - 16 Hùng Vương, P.6, Tp. Sóc Trăng (KK)",South
29203727697074312726675247132,2023-04-19 20:00:00,2023-04-20 03:00:00,8,0.3,0.2642,0.3433,"Thái Bình xã Thái Thọ, huyện Thái Thụy (KK)",North
29203727697074312726675247132,2023-04-20 21:00:00,2023-04-21 04:00:00,8,0.4,0.4167,0.4467,"Thái Bình xã Thái Thọ, huyện Thái Thụy (KK)",North
29203727697074312726675247132,2024-01-01 23:00:00,2024-01-02 06:00:00,8,0.5,0.4933,0.5342,"Thái Bình xã Thái Thọ, huyện Thái Thụy (KK)",North
29203727697074312726675247132,2024-01-11 17:00:00,2024-01-12 00:00:00,8,0.5,0.455,0.5225,"Thái Bình xã Thái Thọ, huyện Thái Thụy (KK)",North
29203727697074312726675247132,2024-01-17 08:00:00,2024-01-17 15:00:00,8,0.2,0.155,0.2442,"Thái Bình xã Thái Thọ, huyện Thái Thụy (KK)",North
29203727697074312726675247132,2024-01-21 14:00:00,2024-01-21 21:00:00,8,0.3,0.2583,0.3458,"Thái Bình xã Thái Thọ, huyện Thái Thụy (KK)",North
29203727697074312726675247132,2024-01-23 11:00:00,2024-01-23 18:00:00,8,0.4,0.3592,0.43,"Thái Bình xã Thái Thọ, huyện Thái Thụy (KK)",North
29203727697074312726675247132,2024-02-14 20:00:00,2024-02-15 03:00:00,8,0.2,0.155,0.2025,"Thái Bình xã Thái Thọ, huyện Thái Thụy (KK)",North
29203727697074312726675247132,2024-02-17 18:00:00,2024-02-18 01:00:00,8,0.3,0.2575,0.3242,"Thái Bình xã Thái Thọ, huyện Thái Thụy (KK)",North
29098314940209976158571475636,2023-02-20 00:00:00,2023-02-20 07:00:00,8,6.2,6.1783,6.2392,"Trà Vinh xã Dân Thành, TX Duyên Hải (KK)",South
29098314940209976158571475636,2023-02-24 22:00:00,2023-02-25 05:00:00,8,6.3,6.2533,6.3492,"Trà Vinh xã Dân Thành, TX Duyên Hải (KK)",South
29098314940209976158571475636,2023-03-22 13:00:00,2023-03-22 20:00:00,8,5.9,5.8617,5.9017,"Trà Vinh xã Dân Thành, TX Duyên Hải (KK)",South
29098314940209976158571475636,2023-03-25 11:00:00,2023-03-25 18:00:00,8,5.8,5.7683,5.8217,"Trà Vinh xã Dân Thành, TX Duyên Hải (KK)",South
29098314940209976158571475636,2023-04-06 10:00:00,2023-04-06 17:00:00,8,5.8,5.7609,5.8142,"Trà Vinh xã Dân Thành, TX Duyên Hải (KK)",South
29098314940209976158571475636,2023-05-14 10:00:00,2023-05-14 17:00:00,8,5.8,5.765,5.8333,"Trà Vinh xã Dân Thành, TX Duyên Hải (KK)",South
29098314940209976158571475636,2023-05-17 07:00:00,2023-05-17 14:00:00,8,5.9,5.8958,5.9475,"Trà Vinh xã Dân Thành, TX Duyên Hải (KK)",South
29098314940209976158571475636,2023-05-18 06:00:00,2023-05-18 13:00:00,8,5.9,5.8742,5.9358,"Trà Vinh xã Dân Thành, TX Duyên Hải (KK)",South
29098314940209976158571475636,2023-05-27 22:00:00,2023-05-28 05:00:00,8,5.8,5.7692,5.8475,"Trà Vinh xã Dân Thành, TX Duyên Hải (KK)",South
29098314940209976158571475636,2023-06-01 20:00:00,2023-06-02 03:00:00,8,6.0,5.9583,6.0483,"Trà Vinh xã Dân Thành, TX Duyên Hải (KK)",South
29098314940209976158571475636,2023-06-04 20:00:00,2023-06-05 03:00:00,8,5.8,5.8233,5.8442,"Trà Vinh xã Dân Thành, TX Duyên Hải (KK)",South
29098314940209976158571475636,2023-06-21 10:00:00,2023-06-21 17:00:00,8,6.1,6.0525,6.1492,"Trà Vinh xã Dân Thành, TX Duyên Hải (KK)",South
29098314940209976158571475636,2023-07-11 01:00:00,2023-07-11 08:00:00,8,5.8,5.7608,5.8217,"Trà Vinh xã Dân Thành, TX Duyên Hải (KK)",South
29098314940209976158571475636,2023-09-10 01:00:00,2023-09-10 08:00:00,8,5.9,5.8542,5.9375,"Trà Vinh xã Dân Thành, TX Duyên Hải (KK)",South
29098314940209976158571475636,2023-09-21 23:00:00,2023-09-22 06:00:00,8,5.8,5.7867,5.8458,"Trà Vinh xã Dân Thành, TX Duyên Hải (KK)",South
29098314940209976158571475636,2023-10-02 19:00:00,2023-10-03 02:00:00,8,5.7,5.7367,5.7438,"Trà Vinh xã Dân Thành, TX Duyên Hải (KK)",South
29098314940209976158571475636,2024-02-02 00:00:00,2024-02-02 07:00:00,8,6.0,5.9615,6.0383,"Trà Vinh xã Dân Thành, TX Duyên Hải (KK)",South
29098314940209976158571475636,2024-02-04 00:00:00,2024-02-04 07:00:00,8,6.0,5.9808,6.0438,"Trà Vinh xã Dân Thành, TX Duyên Hải (KK)",South
29098314940209976158571475636,2024-03-01 14:00:00,2024-03-01 21:00:00,8,6.2,6.1533,6.2492,"Trà Vinh xã Dân Thành, TX Duyên Hải (KK)",South
29098314940209976158571475636,2024-03-15 00:00:00,2024-03-15 07:00:00,8,6.0,5.9542,6.0408,"Trà Vinh xã Dân Thành, TX Duyên Hải (KK)",South
29098314940209976158571475636,2024-03-19 16:00:00,2024-03-19 23:00:00,8,6.0,5.9917,6.035,"Trà Vinh xã Dân Thành, TX Duyên Hải (KK)",South
29098314940209976158571475636,2024-03-30 19:00:00,2024-03-31 02:00:00,8,10.3,10.2631,10.3382,"Trà Vinh xã Dân Thành, TX Duyên Hải (KK)",South
29098314940209976158571475636,2024-04-06 20:00:00,2024-04-07 03:00:00,8,10.2,10.2042,10.2454,"Trà Vinh xã Dân Thành, TX Duyên Hải (KK)",South
29098314940209976158571475636,2024-04-14 14:00:00,2024-04-14 21:00:00,8,10.3,10.2617,10.3292,"Trà Vinh xã Dân Thành, TX Duyên Hải (KK)",South
29098314940209976158571475636,2024-04-20 00:00:00,2024-04-20 07:00:00,8,10.1,10.1033,10.1445,"Trà Vinh xã Dân Thành, TX Duyên Hải (KK)",South
29098314940209976158571475636,2024-05-25 16:00:00,2024-05-25 23:00:00,8,10.2,10.15,10.2442,"Trà Vinh xã Dân Thành, TX Duyên Hải (KK)",South
29098314940209976158571475636,2024-06-01 23:00:00,2024-06-02 06:00:00,8,10.2,10.1525,10.2492,"Trà Vinh xã Dân Thành, TX Duyên Hải (KK)",South
29098314940209976158571475636,2024-06-12 20:00:00,2024-06-13 03:00:00,8,10.3,10.2642,10.3227,"Trà Vinh xã Dân Thành, TX Duyên Hải (KK)",South
29098314940209976158571475636,2024-06-15 23:00:00,2024-06-16 06:00:00,8,10.1,10.0585,10.1467,"Trà Vinh xã Dân Thành, TX Duyên Hải (KK)",South
29098314940209976158571475636,2024-06-17 23:00:00,2024-06-18 06:00:00,8,10.2,10.1858,10.2423,"Trà Vinh xã Dân Thành, TX Duyên Hải (KK)",South
29098314940209976158571475636,2024-06-27 06:00:00,2024-06-27 13:00:00,8,10.1,10.0517,10.1225,"Trà Vinh xã Dân Thành, TX Duyên Hải (KK)",South
29098314940209976158571475636,2024-06-27 22:00:00,2024-06-28 05:00:00,8,10.1,10.0754,10.1383,"Trà Vinh xã Dân Thành, TX Duyên Hải (KK)",South
29098314940209976158571475636,2024-07-13 08:00:00,2024-07-13 15:00:00,8,10.2,10.1683,10.2417,"Trà Vinh xã Dân Thành, TX Duyên Hải (KK)",South
29098314940209976158571475636,2024-07-17 21:00:00,2024-07-18 04:00:00,8,10.2,10.1567,10.2292,"Trà Vinh xã Dân Thành, TX Duyên Hải (KK)",South
29098314940209976158571475636,2024-12-24 02:00:00,2024-12-24 09:00:00,8,10.3,10.2708,10.345,"Trà Vinh xã Dân Thành, TX Duyên Hải (KK)",South
29996239538320865599553202177,2023-04-22 00:00:00,2023-04-22 07:00:00,8,0.3,0.2617,0.3392,Tây Ninh Thị xã Trảng Bàng (KK),South
29996239538320865599553202177,2023-05-08 03:00:00,2023-05-08 10:00:00,8,0.3,0.2808,0.3317,Tây Ninh Thị xã Trảng Bàng (KK),South
29544533341424688633522251105,2024-03-11 10:00:00,2024-03-11 16:00:00,7,0.0,0.0186,0.0444,Gia Lai KCN Trà Đa - Tp Pleiku (KK),Central
29544533341424688633522251105,2024-03-13 07:00:00,2024-03-13 13:00:00,7,0.0,0.0221,0.0449,Gia Lai KCN Trà Đa - Tp Pleiku (KK),Central
29544533341424688633522251105,2024-03-20 23:00:00,2024-03-21 05:00:00,7,0.0,0.0053,0.0399,Gia Lai KCN Trà Đa - Tp Pleiku (KK),Central
29544533341424688633522251105,2024-03-24 11:00:00,2024-03-24 17:00:00,7,0.2,0.1818,0.2347,Gia Lai KCN Trà Đa - Tp Pleiku (KK),Central
29544533341424688633522251105,2024-04-09 07:00:00,2024-04-09 13:00:00,7,0.1,0.0607,0.1,Gia Lai KCN Trà Đa - Tp Pleiku (KK),Central
29544533341424688633522251105,2024-04-11 01:00:00,2024-04-11 07:00:00,7,0.2,0.1814,0.2365,Gia Lai KCN Trà Đa - Tp Pleiku (KK),Central
29544533341424688633522251105,2024-04-22 12:00:00,2024-04-22 18:00:00,7,0.2,0.1649,0.2137,Gia Lai KCN Trà Đa - Tp Pleiku (KK),Central
29544533341424688633522251105,2024-04-23 12:00:00,2024-04-23 18:00:00,7,0.3,0.2617,0.3142,Gia Lai KCN Trà Đa - Tp Pleiku (KK),Central
29544533341424688633522251105,2024-04-30 12:00:00,2024-04-30 18:00:00,7,0.1,0.0715,0.1354,Gia Lai KCN Trà Đa - Tp Pleiku (KK),Central
29544533341424688633522251105,2024-05-11 15:00:00,2024-05-11 21:00:00,7,0.0,0.0104,0.0379,Gia Lai KCN Trà Đa - Tp Pleiku (KK),Central
29544533341424688633522251105,2024-05-17 09:00:00,2024-05-17 15:00:00,7,0.0,0.0085,0.049,Gia Lai KCN Trà Đa - Tp Pleiku (KK),Central
29518852005686198968139908531,2023-06-12 14:00:00,2023-06-12 20:00:00,7,11.2,11.1801,11.247,Quảng Ninh Gần KCN Cái Lân (KK),North
29518872592252585279589451187,2024-02-11 00:00:00,2024-02-11 06:00:00,7,2.3,2.2574,2.3395,Quảng Ninh Km11 - Minh Thành (KK),North
29518872592252585279589451187,2024-03-01 06:00:00,2024-03-01 12:00:00,7,0.8,0.8432,0.849,Quảng Ninh Km11 - Minh Thành (KK),North
29518872592252585279589451187,2024-03-04 03:00:00,2024-03-04 09:00:00,7,0.9,0.8702,0.9445,Quảng Ninh Km11 - Minh Thành (KK),North
29518885338952740244749551027,2023-12-03 20:00:00,2023-12-04 02:00:00,7,0.7,0.6615,0.7376,Quảng Ninh Nhuệ Hổ - Đông Triều (KK),North
29518885338952740244749551027,2023-12-07 00:00:00,2023-12-07 06:00:00,7,0.6,0.5635,0.6401,Quảng Ninh Nhuệ Hổ - Đông Triều (KK),North
28602897318711027016899843809,2024-01-27 23:00:00,2024-01-28 05:00:00,7,0.1,0.0592,0.1067,Quảng Ninh Nhà máy tuyển than Nam Cầu Trắng - Hạ Long (KK),North
28602897318711027016899843809,2024-03-04 01:00:00,2024-03-04 07:00:00,7,0.1,0.0622,0.1141,Quảng Ninh Nhà máy tuyển than Nam Cầu Trắng - Hạ Long (KK),North
28602897318711027016899843809,2024-07-24 10:00:00,2024-07-24 16:00:00,7,0.2,0.1504,0.2373,Quảng Ninh Nhà máy tuyển than Nam Cầu Trắng - Hạ Long (KK),North
28602897318711027016899843809,2024-10-14 05:00:00,2024-10-14 11:00:00,7,1.2,1.2303,1.2443,Quảng Ninh Nhà máy tuyển than Nam Cầu Trắng - Hạ Long (KK),North
28602897318711027016899843809,2024-11-14 23:00:00,2024-11-15 05:00:00,7,0.0,0.0361,0.0364,Quảng Ninh Nhà máy tuyển than Nam Cầu Trắng - Hạ Long (KK),North
28599103930259709512833128161,2025-04-21 01:00:00,2025-04-21 07:00:00,7,0.2,0.2,0.2358,Quảng Ninh Phường Cẩm Thịnh - Cẩm Phả (KK),North
28599103930259709512833128161,2025-04-21 12:00:00,2025-04-21 18:00:00,7,0.2,0.1917,0.2433,Quảng Ninh Phường Cẩm Thịnh - Cẩm Phả (KK),North
28599103930259709512833128161,2025-04-27 12:00:00,2025-04-27 18:00:00,7,0.2,0.1667,0.2492,Quảng Ninh Phường Cẩm Thịnh - Cẩm Phả (KK),North
28599103930259709512833128161,2025-04-30 05:00:00,2025-04-30 11:00:00,7,0.3,0.2542,0.3267,Quảng Ninh Phường Cẩm Thịnh - Cẩm Phả (KK),North
28599103930259709512833128161,2025-05-18 18:00:00,2025-05-19 00:00:00,7,0.3,0.2525,0.3475,Quảng Ninh Phường Cẩm Thịnh - Cẩm Phả (KK),North
29518839738601389925132404147,2023-01-15 21:00:00,2023-01-16 03:00:00,7,0.6,0.5611,0.6499,"Quảng Ninh Trung tâm văn hóa thể thao Cẩm Phả, đường Trần Phú, phường Cẩm Trung (KK)",North
29518839738601389925132404147,2023-05-26 18:00:00,2023-05-27 00:00:00,7,0.8,0.7551,0.8424,"Quảng Ninh Trung tâm văn hóa thể thao Cẩm Phả, đường Trần Phú, phường Cẩm Trung (KK)",North
29518839738601389925132404147,2023-05-31 14:00:00,2023-05-31 20:00:00,7,0.9,0.8666,0.9276,"Quảng Ninh Trung tâm văn hóa thể thao Cẩm Phả, đường Trần Phú, phường Cẩm Trung (KK)",North
29518839738601389925132404147,2024-12-25 04:00:00,2024-12-25 10:00:00,7,6.2,6.1572,6.1668,"Quảng Ninh Trung tâm văn hóa thể thao Cẩm Phả, đường Trần Phú, phường Cẩm Trung (KK)",North
29518839738601389925132404147,2024-12-27 01:00:00,2024-12-27 07:00:00,7,6.2,6.1566,6.1661,"Quảng Ninh Trung tâm văn hóa thể thao Cẩm Phả, đường Trần Phú, phường Cẩm Trung (KK)",North
29518839738601389925132404147,2024-12-29 13:00:00,2024-12-29 19:00:00,7,6.2,6.166,6.1676,"Quảng Ninh Trung tâm văn hóa thể thao Cẩm Phả, đường Trần Phú, phường Cẩm Trung (KK)",North
30991938797551443885460120607,2023-05-21 18:00:00,2023-05-22 00:00:00,7,0.0,0.0017,0.0442,"Sóc Trăng Sở TNMT - 16 Hùng Vương, P.6, Tp. Sóc Trăng (KK)",South
30991938797551443885460120607,2023-05-28 10:00:00,2023-05-28 16:00:00,7,0.0,0.0183,0.0333,"Sóc Trăng Sở TNMT - 16 Hùng Vương, P.6, Tp. Sóc Trăng (KK)",South
30991938797551443885460120607,2023-05-29 08:00:00,2023-05-29 14:00:00,7,0.0,0.0008,0.0108,"Sóc Trăng Sở TNMT - 16 Hùng Vương, P.6, Tp. Sóc Trăng (KK)",South
30991938797551443885460120607,2023-05-31 10:00:00,2023-05-31 16:00:00,7,0.0,0.0008,0.0125,"Sóc Trăng Sở TNMT - 16 Hùng Vương, P.6, Tp. Sóc Trăng (KK)",South
30991938797551443885460120607,2023-06-09 13:00:00,2023-06-09 19:00:00,7,0.0,0.005,0.0133,"Sóc Trăng Sở TNMT - 16 Hùng Vương, P.6, Tp. Sóc Trăng (KK)",South
30991938797551443885460120607,2023-06-10 08:00:00,2023-06-10 14:00:00,7,0.0,0.0058,0.0242,"Sóc Trăng Sở TNMT - 16 Hùng Vương, P.6, Tp. Sóc Trăng (KK)",South
30991938797551443885460120607,2023-07-07 21:00:00,2023-07-08 03:00:00,7,0.0,0.0042,0.0208,"Sóc Trăng Sở TNMT - 16 Hùng Vương, P.6, Tp. Sóc Trăng (KK)",South
30991938797551443885460120607,2023-07-08 20:00:00,2023-07-09 02:00:00,7,0.0,0.0025,0.0258,"Sóc Trăng Sở TNMT - 16 Hùng Vương, P.6, Tp. Sóc Trăng (KK)",South
30991938797551443885460120607,2023-07-11 11:00:00,2023-07-11 17:00:00,7,0.0,0.0025,0.0167,"Sóc Trăng Sở TNMT - 16 Hùng Vương, P.6, Tp. Sóc Trăng (KK)",South
30991938797551443885460120607,2023-07-15 17:00:00,2023-07-15 23:00:00,7,0.0,0.0025,0.0067,"Sóc Trăng Sở TNMT - 16 Hùng Vương, P.6, Tp. Sóc Trăng (KK)",South
30991938797551443885460120607,2023-07-30 13:00:00,2023-07-30 19:00:00,7,0.0,0.0008,0.04,"Sóc Trăng Sở TNMT - 16 Hùng Vương, P.6, Tp. Sóc Trăng (KK)",South
30991938797551443885460120607,2023-08-16 14:00:00,2023-08-16 20:00:00,7,0.0,0.0008,0.0175,"Sóc Trăng Sở TNMT - 16 Hùng Vương, P.6, Tp. Sóc Trăng (KK)",South
30991938797551443885460120607,2023-08-28 08:00:00,2023-08-28 14:00:00,7,0.0,0.0008,0.0175,"Sóc Trăng Sở TNMT - 16 Hùng Vương, P.6, Tp. Sóc Trăng (KK)",South
30991938797551443885460120607,2023-09-07 10:00:00,2023-09-07 16:00:00,7,0.0,0.005,0.0083,"Sóc Trăng Sở TNMT - 16 Hùng Vương, P.6, Tp. Sóc Trăng (KK)",South
30991938797551443885460120607,2023-09-13 09:00:00,2023-09-13 15:00:00,7,0.0,0.0017,0.01,"Sóc Trăng Sở TNMT - 16 Hùng Vương, P.6, Tp. Sóc Trăng (KK)",South
30991938797551443885460120607,2023-09-17 11:00:00,2023-09-17 17:00:00,7,0.0,0.0025,0.0167,"Sóc Trăng Sở TNMT - 16 Hùng Vương, P.6, Tp. Sóc Trăng (KK)",South
30991938797551443885460120607,2023-10-06 15:00:00,2023-10-06 21:00:00,7,0.0,0.0025,0.0133,"Sóc Trăng Sở TNMT - 16 Hùng Vương, P.6, Tp. Sóc Trăng (KK)",South
30991938797551443885460120607,2023-10-11 20:00:00,2023-10-12 02:00:00,7,0.0,0.0008,0.0275,"Sóc Trăng Sở TNMT - 16 Hùng Vương, P.6, Tp. Sóc Trăng (KK)",South
30991938797551443885460120607,2023-10-18 14:00:00,2023-10-18 20:00:00,7,0.0,0.0017,0.0275,"Sóc Trăng Sở TNMT - 16 Hùng Vương, P.6, Tp. Sóc Trăng (KK)",South
30991938797551443885460120607,2023-11-01 14:00:00,2023-11-01 20:00:00,7,0.0,0.0033,0.0225,"Sóc Trăng Sở TNMT - 16 Hùng Vương, P.6, Tp. Sóc Trăng (KK)",South
30991938797551443885460120607,2023-11-09 14:00:00,2023-11-09 20:00:00,7,0.0,0.0008,0.0092,"Sóc Trăng Sở TNMT - 16 Hùng Vương, P.6, Tp. Sóc Trăng (KK)",South
30991938797551443885460120607,2023-11-17 14:00:00,2023-11-17 20:00:00,7,0.0,0.0008,0.0067,"Sóc Trăng Sở TNMT - 16 Hùng Vương, P.6, Tp. Sóc Trăng (KK)",South
30991938797551443885460120607,2023-11-25 12:00:00,2023-11-25 18:00:00,7,0.0,0.0033,0.0342,"Sóc Trăng Sở TNMT - 16 Hùng Vương, P.6, Tp. Sóc Trăng (KK)",South
30991938797551443885460120607,2023-12-11 14:00:00,2023-12-11 20:00:00,7,0.0,0.0008,0.0117,"Sóc Trăng Sở TNMT - 16 Hùng Vương, P.6, Tp. Sóc Trăng (KK)",South
30991938797551443885460120607,2023-12-20 10:00:00,2023-12-20 16:00:00,7,0.0,0.0017,0.01,"Sóc Trăng Sở TNMT - 16 Hùng Vương, P.6, Tp. Sóc Trăng (KK)",South
30991938797551443885460120607,2024-01-02 12:00:00,2024-01-02 18:00:00,7,0.0,0.0042,0.0117,"Sóc Trăng Sở TNMT - 16 Hùng Vương, P.6, Tp. Sóc Trăng (KK)",South
30991938797551443885460120607,2024-03-11 01:00:00,2024-03-11 07:00:00,7,14.8,14.75,14.75,"Sóc Trăng Sở TNMT - 16 Hùng Vương, P.6, Tp. Sóc Trăng (KK)",South
29203727697074312726675247132,2023-02-09 21:00:00,2023-02-10 03:00:00,7,1.1,1.0633,1.14,"Thái Bình xã Thái Thọ, huyện Thái Thụy (KK)",North
29203727697074312726675247132,2023-03-31 23:00:00,2023-04-01 05:00:00,7,0.5,0.4717,0.535,"Thái Bình xã Thái Thọ, huyện Thái Thụy (KK)",North
29203727697074312726675247132,2023-04-03 20:00:00,2023-04-04 02:00:00,7,0.5,0.4525,0.54,"Thái Bình xã Thái Thọ, huyện Thái Thụy (KK)",North
29203727697074312726675247132,2023-04-10 11:00:00,2023-04-10 17:00:00,7,0.4,0.3675,0.44,"Thái Bình xã Thái Thọ, huyện Thái Thụy (KK)",North
29203727697074312726675247132,2023-04-14 06:00:00,2023-04-14 12:00:00,7,0.4,0.36,0.4233,"Thái Bình xã Thái Thọ, huyện Thái Thụy (KK)",North
29203727697074312726675247132,2023-04-14 20:00:00,2023-04-15 02:00:00,7,0.3,0.2658,0.3492,"Thái Bình xã Thái Thọ, huyện Thái Thụy (KK)",North
29203727697074312726675247132,2023-04-19 06:00:00,2023-04-19 12:00:00,7,0.5,0.4575,0.5408,"Thái Bình xã Thái Thọ, huyện Thái Thụy (KK)",North
29203727697074312726675247132,2023-04-22 11:00:00,2023-04-22 17:00:00,7,0.4,0.3575,0.43,"Thái Bình xã Thái Thọ, huyện Thái Thụy (KK)",North
29203727697074312726675247132,2023-04-22 23:00:00,2023-04-23 05:00:00,7,0.4,0.3567,0.4175,"Thái Bình xã Thái Thọ, huyện Thái Thụy (KK)",North
29203727697074312726675247132,2023-04-24 07:00:00,2023-04-24 13:00:00,7,0.7,0.67,0.74,"Thái Bình xã Thái Thọ, huyện Thái Thụy (KK)",North
29203727697074312726675247132,2023-04-29 04:00:00,2023-04-29 10:00:00,7,0.3,0.2667,0.3433,"Thái Bình xã Thái Thọ, huyện Thái Thụy (KK)",North
29203727697074312726675247132,2023-04-30 12:00:00,2023-04-30 18:00:00,7,0.4,0.3692,0.425,"Thái Bình xã Thái Thọ, huyện Thái Thụy (KK)",North
29203727697074312726675247132,2024-01-02 21:00:00,2024-01-03 03:00:00,7,0.3,0.2917,0.3317,"Thái Bình xã Thái Thọ, huyện Thái Thụy (KK)",North
29203727697074312726675247132,2024-01-07 22:00:00,2024-01-08 04:00:00,7,0.4,0.38,0.4142,"Thái Bình xã Thái Thọ, huyện Thái Thụy (KK)",North
29203727697074312726675247132,2024-01-16 03:00:00,2024-01-16 09:00:00,7,0.3,0.2575,0.31,"Thái Bình xã Thái Thọ, huyện Thái Thụy (KK)",North
29203727697074312726675247132,2024-01-18 23:00:00,2024-01-19 05:00:00,7,0.1,0.1231,0.1483,"Thái Bình xã Thái Thọ, huyện Thái Thụy (KK)",North
29203727697074312726675247132,2024-01-22 19:00:00,2024-01-23 01:00:00,7,0.2,0.17,0.1967,"Thái Bình xã Thái Thọ, huyện Thái Thụy (KK)",North
29203727697074312726675247132,2024-02-16 09:00:00,2024-02-16 15:00:00,7,0.2,0.1558,0.2208,"Thái Bình xã Thái Thọ, huyện Thái Thụy (KK)",North
29098314940209976158571475636,2023-01-06 00:00:00,2023-01-06 06:00:00,7,5.8,5.8017,5.83,"Trà Vinh xã Dân Thành, TX Duyên Hải (KK)",South
29098314940209976158571475636,2023-01-23 17:00:00,2023-01-23 23:00:00,7,6.1,6.0767,6.1475,"Trà Vinh xã Dân Thành, TX Duyên Hải (KK)",South
29098314940209976158571475636,2023-01-27 09:00:00,2023-01-27 15:00:00,7,5.9,5.9117,5.9467,"Trà Vinh xã Dân Thành, TX Duyên Hải (KK)",South
29098314940209976158571475636,2023-02-04 02:00:00,2023-02-04 08:00:00,7,6.0,5.9508,6.03,"Trà Vinh xã Dân Thành, TX Duyên Hải (KK)",South
29098314940209976158571475636,2023-02-13 21:00:00,2023-02-14 03:00:00,7,5.9,5.8675,5.9317,"Trà Vinh xã Dân Thành, TX Duyên Hải (KK)",South
29098314940209976158571475636,2023-03-17 16:00:00,2023-03-17 22:00:00,7,6.1,6.0575,6.1464,"Trà Vinh xã Dân Thành, TX Duyên Hải (KK)",South
29098314940209976158571475636,2023-04-03 00:00:00,2023-04-03 06:00:00,7,5.8,5.7925,5.8438,"Trà Vinh xã Dân Thành, TX Duyên Hải (KK)",South
29098314940209976158571475636,2023-04-07 09:00:00,2023-04-07 15:00:00,7,5.8,5.7658,5.8445,"Trà Vinh xã Dân Thành, TX Duyên Hải (KK)",South
29098314940209976158571475636,2023-04-08 22:00:00,2023-04-09 04:00:00,7,5.9,5.8827,5.9264,"Trà Vinh xã Dân Thành, TX Duyên Hải (KK)",South
29098314940209976158571475636,2023-05-08 02:00:00,2023-05-08 08:00:00,7,5.9,5.8583,5.9317,"Trà Vinh xã Dân Thành, TX Duyên Hải (KK)",South
29098314940209976158571475636,2023-05-24 22:00:00,2023-05-25 04:00:00,7,5.9,5.8892,5.9417,"Trà Vinh xã Dân Thành, TX Duyên Hải (KK)",South
29098314940209976158571475636,2023-05-28 11:00:00,2023-05-28 17:00:00,7,5.8,5.7783,5.8492,"Trà Vinh xã Dân Thành, TX Duyên Hải (KK)",South
29098314940209976158571475636,2023-06-09 00:00:00,2023-06-09 06:00:00,7,5.8,5.7525,5.8467,"Trà Vinh xã Dân Thành, TX Duyên Hải (KK)",South
29098314940209976158571475636,2023-06-18 20:00:00,2023-06-19 02:00:00,7,5.8,5.76,5.8336,"Trà Vinh xã Dân Thành, TX Duyên Hải (KK)",South
29098314940209976158571475636,2023-06-19 20:00:00,2023-06-20 02:00:00,7,5.9,5.8658,5.9367,"Trà Vinh xã Dân Thành, TX Duyên Hải (KK)",South
29098314940209976158571475636,2023-06-23 03:00:00,2023-06-23 09:00:00,7,5.9,5.86,5.8973,"Trà Vinh xã Dân Thành, TX Duyên Hải (KK)",South
29098314940209976158571475636,2023-06-30 00:00:00,2023-06-30 06:00:00,7,5.8,5.8045,5.8217,"Trà Vinh xã Dân Thành, TX Duyên Hải (KK)",South
29098314940209976158571475636,2023-07-01 01:00:00,2023-07-01 07:00:00,7,5.8,5.7875,5.8475,"Trà Vinh xã Dân Thành, TX Duyên Hải (KK)",South
29098314940209976158571475636,2023-07-03 14:00:00,2023-07-03 20:00:00,7,5.8,5.7567,5.8417,"Trà Vinh xã Dân Thành, TX Duyên Hải (KK)",South
29098314940209976158571475636,2023-07-06 04:00:00,2023-07-06 10:00:00,7,5.8,5.7592,5.8083,"Trà Vinh xã Dân Thành, TX Duyên Hải (KK)",South
29098314940209976158571475636,2023-07-24 00:00:00,2023-07-24 06:00:00,7,5.9,5.8527,5.9192,"Trà Vinh xã Dân Thành, TX Duyên Hải (KK)",South
29098314940209976158571475636,2023-07-31 00:00:00,2023-07-31 06:00:00,7,6.2,6.1508,6.22,"Trà Vinh xã Dân Thành, TX Duyên Hải (KK)",South
29098314940209976158571475636,2023-08-02 00:00:00,2023-08-02 06:00:00,7,5.9,5.8783,5.9491,"Trà Vinh xã Dân Thành, TX Duyên Hải (KK)",South
29098314940209976158571475636,2023-08-29 18:00:00,2023-08-30 00:00:00,7,6.0,5.9667,6.0233,"Trà Vinh xã Dân Thành, TX Duyên Hải (KK)",South
29098314940209976158571475636,2023-08-31 15:00:00,2023-08-31 21:00:00,7,5.9,5.8508,5.9442,"Trà Vinh xã Dân Thành, TX Duyên Hải (KK)",South
29098314940209976158571475636,2023-09-05 04:00:00,2023-09-05 10:00:00,7,5.8,5.7608,5.8442,"Trà Vinh xã Dân Thành, TX Duyên Hải (KK)",South
29098314940209976158571475636,2023-09-24 18:00:00,2023-09-25 00:00:00,7,5.8,5.7817,5.8208,"Trà Vinh xã Dân Thành, TX Duyên Hải (KK)",South
29098314940209976158571475636,2023-10-01 19:00:00,2023-10-02 01:00:00,7,5.8,5.7718,5.8425,"Trà Vinh xã Dân Thành, TX Duyên Hải (KK)",South
29098314940209976158571475636,2023-10-03 03:00:00,2023-10-03 09:00:00,7,5.8,5.75,5.8417,"Trà Vinh xã Dân Thành, TX Duyên Hải (KK)",South
29098314940209976158571475636,2023-10-03 14:00:00,2023-10-03 20:00:00,7,5.7,5.7167,5.7475,"Trà Vinh xã Dân Thành, TX Duyên Hải (KK)",South
29098314940209976158571475636,2023-10-15 19:00:00,2023-10-16 01:00:00,7,5.9,5.8683,5.9392,"Trà Vinh xã Dân Thành, TX Duyên Hải (KK)",South
29098314940209976158571475636,2024-01-22 12:00:00,2024-01-22 18:00:00,7,6.2,6.15,6.25,"Trà Vinh xã Dân Thành, TX Duyên Hải (KK)",South
29098314940209976158571475636,2024-01-29 20:00:00,2024-01-30 02:00:00,7,6.2,6.1773,6.2333,"Trà Vinh xã Dân Thành, TX Duyên Hải (KK)",South
29098314940209976158571475636,2024-02-22 00:00:00,2024-02-22 06:00:00,7,5.9,5.868,5.9425,"Trà Vinh xã Dân Thành, TX Duyên Hải (KK)",South
29098314940209976158571475636,2024-02-27 00:00:00,2024-02-27 06:00:00,7,6.1,6.0645,6.1433,"Trà Vinh xã Dân Thành, TX Duyên Hải (KK)",South
29098314940209976158571475636,2024-03-18 20:00:00,2024-03-19 02:00:00,7,6.0,5.9691,6.0008,"Trà Vinh xã Dân Thành, TX Duyên Hải (KK)",South
29098314940209976158571475636,2024-04-01 20:00:00,2024-04-02 02:00:00,7,10.2,10.1838,10.2458,"Trà Vinh xã Dân Thành, TX Duyên Hải (KK)",South
29098314940209976158571475636,2024-04-04 22:00:00,2024-04-05 04:00:00,7,10.1,10.1267,10.1492,"Trà Vinh xã Dân Thành, TX Duyên Hải (KK)",South
29098314940209976158571475636,2024-04-11 16:00:00,2024-04-11 22:00:00,7,10.5,10.4917,10.5417,"Trà Vinh xã Dân Thành, TX Duyên Hải (KK)",South
29098314940209976158571475636,2024-04-16 12:00:00,2024-04-16 18:00:00,7,10.3,10.2625,10.3467,"Trà Vinh xã Dân Thành, TX Duyên Hải (KK)",South
29098314940209976158571475636,2024-04-22 09:00:00,2024-04-22 15:00:00,7,10.2,10.1592,10.2375,"Trà Vinh xã Dân Thành, TX Duyên Hải (KK)",South
29098314940209976158571475636,2024-05-01 15:00:00,2024-05-01 21:00:00,7,10.1,10.0675,10.1267,"Trà Vinh xã Dân Thành, TX Duyên Hải (KK)",South
29098314940209976158571475636,2024-06-08 11:00:00,2024-06-08 17:00:00,7,10.3,10.2717,10.3358,"Trà Vinh xã Dân Thành, TX Duyên Hải (KK)",South
29098314940209976158571475636,2024-06-16 15:00:00,2024-06-16 21:00:00,7,10.2,10.1583,10.1858,"Trà Vinh xã Dân Thành, TX Duyên Hải (KK)",South
29098314940209976158571475636,2024-07-13 21:00:00,2024-07-14 03:00:00,7,10.2,10.151,10.25,"Trà Vinh xã Dân Thành, TX Duyên Hải (KK)",South
29098314940209976158571475636,2024-07-20 21:00:00,2024-07-21 03:00:00,7,10.2,10.1618,10.2033,"Trà Vinh xã Dân Thành, TX Duyên Hải (KK)",South
29098314940209976158571475636,2024-09-09 18:00:00,2024-09-10 00:00:00,7,10.3,10.2767,10.3183,"Trà Vinh xã Dân Thành, TX Duyên Hải (KK)",South
29098314940209976158571475636,2024-10-16 00:00:00,2024-10-16 06:00:00,7,10.1,10.0554,10.1417,"Trà Vinh xã Dân Thành, TX Duyên Hải (KK)",South
29098314940209976158571475636,2024-11-30 06:00:00,2024-11-30 12:00:00,7,10.3,10.2508,10.3391,"Trà Vinh xã Dân Thành, TX Duyên Hải (KK)",South
29098314940209976158571475636,2024-12-04 00:00:00,2024-12-04 06:00:00,7,10.6,10.5517,10.6482,"Trà Vinh xã Dân Thành, TX Duyên Hải (KK)",South
29098314940209976158571475636,2024-12-14 21:00:00,2024-12-15 03:00:00,7,10.4,10.37,10.45,"Trà Vinh xã Dân Thành, TX Duyên Hải (KK)",South
29098319146067624969113973428,2023-02-22 08:00:00,2023-02-22 14:00:00,7,1.2,1.21,1.2108,"Trà Vinh xã Đông Hải, huyện Duyên Hải (KK)",South
29098319146067624969113973428,2025-04-13 01:00:00,2025-04-13 07:00:00,7,1.2,1.15,1.2327,"Trà Vinh xã Đông Hải, huyện Duyên Hải (KK)",South
29996239538320865599553202177,2023-05-12 00:00:00,2023-05-12 06:00:00,7,0.3,0.2608,0.3442,Tây Ninh Thị xã Trảng Bàng (KK),South
29996239538320865599553202177,2023-05-20 00:00:00,2023-05-20 06:00:00,7,0.3,0.2542,0.345,Tây Ninh Thị xã Trảng Bàng (KK),South
29996239538320865599553202177,2023-05-20 21:00:00,2023-05-21 03:00:00,7,0.3,0.2525,0.3275,Tây Ninh Thị xã Trảng Bàng (KK),South
29996239538320865599553202177,2023-07-25 13:00:00,2023-07-25 19:00:00,7,0.3,0.2542,0.3433,Tây Ninh Thị xã Trảng Bàng (KK),South
29996239538320865599553202177,2023-07-30 07:00:00,2023-07-30 13:00:00,7,0.3,0.26,0.3433,Tây Ninh Thị xã Trảng Bàng (KK),South
29996239538320865599553202177,2023-07-31 03:00:00,2023-07-31 09:00:00,7,0.4,0.3642,0.43,Tây Ninh Thị xã Trảng Bàng (KK),South
31616865099255512061948816121,2024-06-19 06:00:00,2024-06-19 12:00:00,7,0.1,0.051,0.0923,Đà Nẵng Phạm Hùng (KK),Unknown
29544533341424688633522251105,2023-05-15 11:00:00,2023-05-15 16:00:00,6,0.3,0.2511,0.3343,Gia Lai KCN Trà Đa - Tp Pleiku (KK),Central
29544533341424688633522251105,2024-03-08 13:00:00,2024-03-08 18:00:00,6,0.1,0.0566,0.0957,Gia Lai KCN Trà Đa - Tp Pleiku (KK),Central
29544533341424688633522251105,2024-03-08 19:00:00,2024-03-09 00:00:00,6,0.0,0.0187,0.0316,Gia Lai KCN Trà Đa - Tp Pleiku (KK),Central
29544533341424688633522251105,2024-03-11 02:00:00,2024-03-11 07:00:00,6,0.0,0.0385,0.0489,Gia Lai KCN Trà Đa - Tp Pleiku (KK),Central
29544533341424688633522251105,2024-03-18 10:00:00,2024-03-18 15:00:00,6,0.1,0.0543,0.1147,Gia Lai KCN Trà Đa - Tp Pleiku (KK),Central
29544533341424688633522251105,2024-03-22 06:00:00,2024-03-22 11:00:00,6,0.0,0.0222,0.0474,Gia Lai KCN Trà Đa - Tp Pleiku (KK),Central
29544533341424688633522251105,2024-03-23 02:00:00,2024-03-23 07:00:00,6,0.0,0.0177,0.0364,Gia Lai KCN Trà Đa - Tp Pleiku (KK),Central
29544533341424688633522251105,2024-03-28 04:00:00,2024-03-28 09:00:00,6,0.1,0.0745,0.1353,Gia Lai KCN Trà Đa - Tp Pleiku (KK),Central
29544533341424688633522251105,2024-03-29 00:00:00,2024-03-29 05:00:00,6,0.1,0.0743,0.1244,Gia Lai KCN Trà Đa - Tp Pleiku (KK),Central
29544533341424688633522251105,2024-03-30 21:00:00,2024-03-31 02:00:00,6,0.2,0.1545,0.2071,Gia Lai KCN Trà Đa - Tp Pleiku (KK),Central
29544533341424688633522251105,2024-04-24 13:00:00,2024-04-24 18:00:00,6,0.1,0.1102,0.1486,Gia Lai KCN Trà Đa - Tp Pleiku (KK),Central
29544533341424688633522251105,2024-04-26 08:00:00,2024-04-26 13:00:00,6,0.1,0.0599,0.1044,Gia Lai KCN Trà Đa - Tp Pleiku (KK),Central
29544533341424688633522251105,2024-04-28 11:00:00,2024-04-28 16:00:00,6,0.1,0.0678,0.1332,Gia Lai KCN Trà Đa - Tp Pleiku (KK),Central
29544533341424688633522251105,2024-04-29 11:00:00,2024-04-29 16:00:00,6,0.1,0.0602,0.1304,Gia Lai KCN Trà Đa - Tp Pleiku (KK),Central
29544533341424688633522251105,2024-05-01 06:00:00,2024-05-01 11:00:00,6,0.0,0.0248,0.0483,Gia Lai KCN Trà Đa - Tp Pleiku (KK),Central
29544533341424688633522251105,2024-05-01 12:00:00,2024-05-01 17:00:00,6,0.1,0.0631,0.1493,Gia Lai KCN Trà Đa - Tp Pleiku (KK),Central
31390912357075263208060500522,2024-04-05 01:00:00,2024-04-05 06:00:00,6,14.3,14.2827,14.345,HCM Khu Liên cơ quan Bộ Tài Nguyên và Môi Trường - số 20 Đ. Lý Chính Thắng (KK),South
29518852005686198968139908531,2023-07-10 15:00:00,2023-07-10 20:00:00,6,39.9,39.8847,39.888,Quảng Ninh Gần KCN Cái Lân (KK),North
29518852005686198968139908531,2024-04-20 01:00:00,2024-04-20 06:00:00,6,4.1,4.0508,4.1322,Quảng Ninh Gần KCN Cái Lân (KK),North
29518852005686198968139908531,2024-06-19 20:00:00,2024-06-20 01:00:00,6,2.1,2.0643,2.1443,Quảng Ninh Gần KCN Cái Lân (KK),North
29518852005686198968139908531,2024-06-20 06:00:00,2024-06-20 11:00:00,6,2.2,2.1556,2.2405,Quảng Ninh Gần KCN Cái Lân (KK),North
29518872592252585279589451187,2023-06-06 20:00:00,2023-06-07 01:00:00,6,11.7,11.679,11.7491,Quảng Ninh Km11 - Minh Thành (KK),North
29518872592252585279589451187,2024-01-11 04:00:00,2024-01-11 09:00:00,6,1.2,1.1847,1.2211,Quảng Ninh Km11 - Minh Thành (KK),North
29518872592252585279589451187,2024-01-11 16:00:00,2024-01-11 21:00:00,6,1.4,1.3513,1.44,Quảng Ninh Km11 - Minh Thành (KK),North
29518872592252585279589451187,2024-01-25 02:00:00,2024-01-25 07:00:00,6,1.2,1.1921,1.2288,Quảng Ninh Km11 - Minh Thành (KK),North
29518872592252585279589451187,2024-02-27 08:00:00,2024-02-27 13:00:00,6,1.2,1.1929,1.2414,Quảng Ninh Km11 - Minh Thành (KK),North
29518872592252585279589451187,2024-02-29 05:00:00,2024-02-29 10:00:00,6,0.9,0.8677,0.9439,Quảng Ninh Km11 - Minh Thành (KK),North
29518872592252585279589451187,2024-02-29 16:00:00,2024-02-29 21:00:00,6,0.9,0.8504,0.8691,Quảng Ninh Km11 - Minh Thành (KK),North
29518885338952740244749551027,2023-09-14 10:00:00,2023-09-14 15:00:00,6,0.7,0.6555,0.7146,Quảng Ninh Nhuệ Hổ - Đông Triều (KK),North
29518885338952740244749551027,2023-12-19 04:00:00,2023-12-19 09:00:00,6,0.4,0.3877,0.4325,Quảng Ninh Nhuệ Hổ - Đông Triều (KK),North
28602897318711027016899843809,2024-07-31 00:00:00,2024-07-31 05:00:00,6,0.1,0.0624,0.1263,Quảng Ninh Nhà máy tuyển than Nam Cầu Trắng - Hạ Long (KK),North
28602897318711027016899843809,2024-09-30 19:00:00,2024-10-01 00:00:00,6,1.2,1.1543,1.1799,Quảng Ninh Nhà máy tuyển than Nam Cầu Trắng - Hạ Long (KK),North
28602897318711027016899843809,2024-10-18 17:00:00,2024-10-18 22:00:00,6,1.2,1.2095,1.2411,Quảng Ninh Nhà máy tuyển than Nam Cầu Trắng - Hạ Long (KK),North
28602897318711027016899843809,2024-10-19 14:00:00,2024-10-19 19:00:00,6,1.2,1.2195,1.2417,Quảng Ninh Nhà máy tuyển than Nam Cầu Trắng - Hạ Long (KK),North
28602897318711027016899843809,2024-11-08 15:00:00,2024-11-08 20:00:00,6,0.0,0.036,0.0362,Quảng Ninh Nhà máy tuyển than Nam Cầu Trắng - Hạ Long (KK),North
28602897318711027016899843809,2024-12-18 16:00:00,2024-12-18 21:00:00,6,0.0,0.0363,0.0364,Quảng Ninh Nhà máy tuyển than Nam Cầu Trắng - Hạ Long (KK),North
28602897318711027016899843809,2024-12-20 18:00:00,2024-12-20 23:00:00,6,0.0,0.0358,0.0362,Quảng Ninh Nhà máy tuyển than Nam Cầu Trắng - Hạ Long (KK),North
28599103930259709512833128161,2025-04-17 21:00:00,2025-04-18 02:00:00,6,1.4,1.3875,1.4358,Quảng Ninh Phường Cẩm Thịnh - Cẩm Phả (KK),North
28599103930259709512833128161,2025-04-28 18:00:00,2025-04-28 23:00:00,6,0.2,0.1883,0.2375,Quảng Ninh Phường Cẩm Thịnh - Cẩm Phả (KK),North
28599103930259709512833128161,2025-05-05 13:00:00,2025-05-05 18:00:00,6,0.3,0.26,0.3358,Quảng Ninh Phường Cẩm Thịnh - Cẩm Phả (KK),North
28599103930259709512833128161,2025-05-16 06:00:00,2025-05-16 11:00:00,6,0.2,0.1542,0.2333,Quảng Ninh Phường Cẩm Thịnh - Cẩm Phả (KK),North
28599103930259709512833128161,2025-05-18 10:00:00,2025-05-18 15:00:00,6,0.2,0.1742,0.2242,Quảng Ninh Phường Cẩm Thịnh - Cẩm Phả (KK),North
28599103930259709512833128161,2025-05-20 20:00:00,2025-05-21 01:00:00,6,0.5,0.4683,0.5142,Quảng Ninh Phường Cẩm Thịnh - Cẩm Phả (KK),North
29518839738601389925132404147,2023-05-26 12:00:00,2023-05-26 17:00:00,6,0.7,0.6541,0.7215,"Quảng Ninh Trung tâm văn hóa thể thao Cẩm Phả, đường Trần Phú, phường Cẩm Trung (KK)",North
29518839738601389925132404147,2024-12-15 03:00:00,2024-12-15 08:00:00,6,6.1,6.1402,6.1496,"Quảng Ninh Trung tâm văn hóa thể thao Cẩm Phả, đường Trần Phú, phường Cẩm Trung (KK)",North
29518839738601389925132404147,2024-12-15 23:00:00,2024-12-16 04:00:00,6,6.2,6.1587,6.1674,"Quảng Ninh Trung tâm văn hóa thể thao Cẩm Phả, đường Trần Phú, phường Cẩm Trung (KK)",North
29518839738601389925132404147,2024-12-16 06:00:00,2024-12-16 11:00:00,6,6.2,6.1502,6.1676,"Quảng Ninh Trung tâm văn hóa thể thao Cẩm Phả, đường Trần Phú, phường Cẩm Trung (KK)",North
29518839738601389925132404147,2024-12-18 23:00:00,2024-12-19 04:00:00,6,6.2,6.1584,6.1678,"Quảng Ninh Trung tâm văn hóa thể thao Cẩm Phả, đường Trần Phú, phường Cẩm Trung (KK)",North
28602837126985114455002404577,2024-03-30 17:00:00,2024-03-30 22:00:00,6,2.6,2.5528,2.6373,Quảng Ninh UBND TP Uông Bí (KK),North
30991938797551443885460120607,2023-04-25 03:00:00,2023-04-25 08:00:00,6,0.0,0.0025,0.0333,"Sóc Trăng Sở TNMT - 16 Hùng Vương, P.6, Tp. Sóc Trăng (KK)",South
30991938797551443885460120607,2023-05-02 02:00:00,2023-05-02 07:00:00,6,0.1,0.0833,0.1117,"Sóc Trăng Sở TNMT - 16 Hùng Vương, P.6, Tp. Sóc Trăng (KK)",South
30991938797551443885460120607,2023-05-16 19:00:00,2023-05-17 00:00:00,6,0.0,0.0008,0.0475,"Sóc Trăng Sở TNMT - 16 Hùng Vương, P.6, Tp. Sóc Trăng (KK)",South
30991938797551443885460120607,2023-05-17 20:00:00,2023-05-18 01:00:00,6,0.0,0.0025,0.01,"Sóc Trăng Sở TNMT - 16 Hùng Vương, P.6, Tp. Sóc Trăng (KK)",South
30991938797551443885460120607,2023-05-18 22:00:00,2023-05-19 03:00:00,6,0.0,0.0067,0.045,"Sóc Trăng Sở TNMT - 16 Hùng Vương, P.6, Tp. Sóc Trăng (KK)",South
30991938797551443885460120607,2023-05-26 09:00:00,2023-05-26 14:00:00,6,0.0,0.015,0.0408,"Sóc Trăng Sở TNMT - 16 Hùng Vương, P.6, Tp. Sóc Trăng (KK)",South
30991938797551443885460120607,2023-05-28 18:00:00,2023-05-28 23:00:00,6,0.0,0.0083,0.0358,"Sóc Trăng Sở TNMT - 16 Hùng Vương, P.6, Tp. Sóc Trăng (KK)",South
30991938797551443885460120607,2023-05-30 19:00:00,2023-05-31 00:00:00,6,0.0,0.0008,0.0242,"Sóc Trăng Sở TNMT - 16 Hùng Vương, P.6, Tp. Sóc Trăng (KK)",South
30991938797551443885460120607,2023-06-06 10:00:00,2023-06-06 15:00:00,6,0.0,0.0017,0.01,"Sóc Trăng Sở TNMT - 16 Hùng Vương, P.6, Tp. Sóc Trăng (KK)",South
30991938797551443885460120607,2023-06-21 02:00:00,2023-06-21 07:00:00,6,0.0,0.0208,0.0358,"Sóc Trăng Sở TNMT - 16 Hùng Vương, P.6, Tp. Sóc Trăng (KK)",South
30991938797551443885460120607,2023-06-23 10:00:00,2023-06-23 15:00:00,6,0.1,0.1067,0.1408,"Sóc Trăng Sở TNMT - 16 Hùng Vương, P.6, Tp. Sóc Trăng (KK)",South
30991938797551443885460120607,2023-06-30 08:00:00,2023-06-30 13:00:00,6,0.1,0.0533,0.105,"Sóc Trăng Sở TNMT - 16 Hùng Vương, P.6, Tp. Sóc Trăng (KK)",South
30991938797551443885460120607,2023-07-07 15:00:00,2023-07-07 20:00:00,6,0.2,0.1625,0.2008,"Sóc Trăng Sở TNMT - 16 Hùng Vương, P.6, Tp. Sóc Trăng (KK)",South
30991938797551443885460120607,2023-07-08 13:00:00,2023-07-08 18:00:00,6,0.1,0.1042,0.1442,"Sóc Trăng Sở TNMT - 16 Hùng Vương, P.6, Tp. Sóc Trăng (KK)",South
30991938797551443885460120607,2023-07-09 11:00:00,2023-07-09 16:00:00,6,0.1,0.0608,0.1217,"Sóc Trăng Sở TNMT - 16 Hùng Vương, P.6, Tp. Sóc Trăng (KK)",South
30991938797551443885460120607,2023-07-15 10:00:00,2023-07-15 15:00:00,6,0.0,0.005,0.0333,"Sóc Trăng Sở TNMT - 16 Hùng Vương, P.6, Tp. Sóc Trăng (KK)",South
30991938797551443885460120607,2023-07-19 11:00:00,2023-07-19 16:00:00,6,0.0,0.0008,0.0092,"Sóc Trăng Sở TNMT - 16 Hùng Vương, P.6, Tp. Sóc Trăng (KK)",South
30991938797551443885460120607,2023-07-25 12:00:00,2023-07-25 17:00:00,6,0.0,0.0017,0.0217,"Sóc Trăng Sở TNMT - 16 Hùng Vương, P.6, Tp. Sóc Trăng (KK)",South
30991938797551443885460120607,2023-07-25 20:00:00,2023-07-26 01:00:00,6,0.0,0.0017,0.0075,"Sóc Trăng Sở TNMT - 16 Hùng Vương, P.6, Tp. Sóc Trăng (KK)",South
30991938797551443885460120607,2023-08-27 08:00:00,2023-08-27 13:00:00,6,0.0,0.0008,0.0375,"Sóc Trăng Sở TNMT - 16 Hùng Vương, P.6, Tp. Sóc Trăng (KK)",South
30991938797551443885460120607,2023-08-29 12:00:00,2023-08-29 17:00:00,6,0.0,0.0025,0.0133,"Sóc Trăng Sở TNMT - 16 Hùng Vương, P.6, Tp. Sóc Trăng (KK)",South
30991938797551443885460120607,2023-08-30 14:00:00,2023-08-30 19:00:00,6,0.0,0.0008,0.0125,"Sóc Trăng Sở TNMT - 16 Hùng Vương, P.6, Tp. Sóc Trăng (KK)",South
30991938797551443885460120607,2023-08-31 08:00:00,2023-08-31 13:00:00,6,0.0,0.0042,0.0092,"Sóc Trăng Sở TNMT - 16 Hùng Vương, P.6, Tp. Sóc Trăng (KK)",South
30991938797551443885460120607,2023-09-11 14:00:00,2023-09-11 19:00:00,6,0.0,0.0008,0.0167,"Sóc Trăng Sở TNMT - 16 Hùng Vương, P.6, Tp. Sóc Trăng (KK)",South
30991938797551443885460120607,2023-09-14 08:00:00,2023-09-14 13:00:00,6,0.0,0.0008,0.0108,"Sóc Trăng Sở TNMT - 16 Hùng Vương, P.6, Tp. Sóc Trăng (KK)",South
30991938797551443885460120607,2023-10-13 17:00:00,2023-10-13 22:00:00,6,0.0,0.0008,0.0383,"Sóc Trăng Sở TNMT - 16 Hùng Vương, P.6, Tp. Sóc Trăng (KK)",South
30991938797551443885460120607,2023-10-19 14:00:00,2023-10-19 19:00:00,6,0.0,0.0008,0.01,"Sóc Trăng Sở TNMT - 16 Hùng Vương, P.6, Tp. Sóc Trăng (KK)",South
30991938797551443885460120607,2023-10-28 13:00:00,2023-10-28 18:00:00,6,0.0,0.0008,0.0117,"Sóc Trăng Sở TNMT - 16 Hùng Vương, P.6, Tp. Sóc Trăng (KK)",South
30991938797551443885460120607,2023-10-31 13:00:00,2023-10-31 18:00:00,6,0.0,0.0017,0.01,"Sóc Trăng Sở TNMT - 16 Hùng Vương, P.6, Tp. Sóc Trăng (KK)",South
30991938797551443885460120607,2023-11-04 14:00:00,2023-11-04 19:00:00,6,0.0,0.0033,0.01,"Sóc Trăng Sở TNMT - 16 Hùng Vương, P.6, Tp. Sóc Trăng (KK)",South
30991938797551443885460120607,2023-11-20 13:00:00,2023-11-20 18:00:00,6,0.0,0.0042,0.0133,"Sóc Trăng Sở TNMT - 16 Hùng Vương, P.6, Tp. Sóc Trăng (KK)",South
30991938797551443885460120607,2023-11-21 13:00:00,2023-11-21 18:00:00,6,0.0,0.0042,0.0125,"Sóc Trăng Sở TNMT - 16 Hùng Vương, P.6, Tp. Sóc Trăng (KK)",South
30991938797551443885460120607,2023-11-22 12:00:00,2023-11-22 17:00:00,6,0.0,0.0008,0.0092,"Sóc Trăng Sở TNMT - 16 Hùng Vương, P.6, Tp. Sóc Trăng (KK)",South
30991938797551443885460120607,2023-11-24 12:00:00,2023-11-24 17:00:00,6,0.0,0.0017,0.0083,"Sóc Trăng Sở TNMT - 16 Hùng Vương, P.6, Tp. Sóc Trăng (KK)",South
30991938797551443885460120607,2023-11-29 14:00:00,2023-11-29 19:00:00,6,0.0,0.0008,0.0075,"Sóc Trăng Sở TNMT - 16 Hùng Vương, P.6, Tp. Sóc Trăng (KK)",South
30991938797551443885460120607,2023-12-04 13:00:00,2023-12-04 18:00:00,6,0.0,0.0017,0.0133,"Sóc Trăng Sở TNMT - 16 Hùng Vương, P.6, Tp. Sóc Trăng (KK)",South
30991938797551443885460120607,2023-12-13 13:00:00,2023-12-13 18:00:00,6,0.0,0.0017,0.0167,"Sóc Trăng Sở TNMT - 16 Hùng Vương, P.6, Tp. Sóc Trăng (KK)",South
30991938797551443885460120607,2023-12-21 14:00:00,2023-12-21 19:00:00,6,0.0,0.0008,0.0067,"Sóc Trăng Sở TNMT - 16 Hùng Vương, P.6, Tp. Sóc Trăng (KK)",South
30991938797551443885460120607,2024-01-10 10:00:00,2024-01-10 15:00:00,6,0.0,0.0017,0.0083,"Sóc Trăng Sở TNMT - 16 Hùng Vương, P.6, Tp. Sóc Trăng (KK)",South
29203727697074312726675247132,2023-04-03 01:00:00,2023-04-03 06:00:00,6,0.4,0.3875,0.45,"Thái Bình xã Thái Thọ, huyện Thái Thụy (KK)",North
29203727697074312726675247132,2023-04-09 18:00:00,2023-04-09 23:00:00,6,0.6,0.5708,0.6025,"Thái Bình xã Thái Thọ, huyện Thái Thụy (KK)",North
29203727697074312726675247132,2023-04-18 04:00:00,2023-04-18 09:00:00,6,0.4,0.3542,0.41,"Thái Bình xã Thái Thọ, huyện Thái Thụy (KK)",North
29203727697074312726675247132,2023-04-21 07:00:00,2023-04-21 12:00:00,6,0.6,0.5567,0.6283,"Thái Bình xã Thái Thọ, huyện Thái Thụy (KK)",North
29203727697074312726675247132,2023-04-21 21:00:00,2023-04-22 02:00:00,6,0.4,0.4108,0.4375,"Thái Bình xã Thái Thọ, huyện Thái Thụy (KK)",North
29203727697074312726675247132,2023-11-13 21:00:00,2023-11-14 02:00:00,6,0.8,0.7758,0.845,"Thái Bình xã Thái Thọ, huyện Thái Thụy (KK)",North
29203727697074312726675247132,2023-12-14 11:00:00,2023-12-14 16:00:00,6,0.3,0.27,0.3483,"Thái Bình xã Thái Thọ, huyện Thái Thụy (KK)",North
29203727697074312726675247132,2023-12-19 08:00:00,2023-12-19 13:00:00,6,0.3,0.2992,0.3475,"Thái Bình xã Thái Thọ, huyện Thái Thụy (KK)",North
29203727697074312726675247132,2023-12-19 15:00:00,2023-12-19 20:00:00,6,0.5,0.4525,0.5175,"Thái Bình xã Thái Thọ, huyện Thái Thụy (KK)",North
29203727697074312726675247132,2023-12-30 23:00:00,2023-12-31 04:00:00,6,0.4,0.3592,0.44,"Thái Bình xã Thái Thọ, huyện Thái Thụy (KK)",North
29203727697074312726675247132,2024-01-01 15:00:00,2024-01-01 20:00:00,6,0.6,0.5808,0.6458,"Thái Bình xã Thái Thọ, huyện Thái Thụy (KK)",North
29203727697074312726675247132,2024-01-09 10:00:00,2024-01-09 15:00:00,6,0.3,0.2633,0.3408,"Thái Bình xã Thái Thọ, huyện Thái Thụy (KK)",North
29203727697074312726675247132,2024-01-12 02:00:00,2024-01-12 07:00:00,6,0.5,0.4508,0.5483,"Thái Bình xã Thái Thọ, huyện Thái Thụy (KK)",North
29203727697074312726675247132,2024-01-14 14:00:00,2024-01-14 19:00:00,6,0.4,0.3567,0.4325,"Thái Bình xã Thái Thọ, huyện Thái Thụy (KK)",North
29203727697074312726675247132,2024-02-14 01:00:00,2024-02-14 06:00:00,6,0.2,0.1692,0.2442,"Thái Bình xã Thái Thọ, huyện Thái Thụy (KK)",North
29203727697074312726675247132,2024-02-18 12:00:00,2024-02-18 17:00:00,6,0.2,0.1608,0.2192,"Thái Bình xã Thái Thọ, huyện Thái Thụy (KK)",North
29098314940209976158571475636,2023-01-08 16:00:00,2023-01-08 21:00:00,6,5.8,5.7675,5.8067,"Trà Vinh xã Dân Thành, TX Duyên Hải (KK)",South
29098314940209976158571475636,2023-01-09 21:00:00,2023-01-10 02:00:00,6,5.9,5.8536,5.935,"Trà Vinh xã Dân Thành, TX Duyên Hải (KK)",South
29098314940209976158571475636,2023-01-10 03:00:00,2023-01-10 08:00:00,6,5.8,5.765,5.8336,"Trà Vinh xã Dân Thành, TX Duyên Hải (KK)",South
29098314940209976158571475636,2023-01-11 22:00:00,2023-01-12 03:00:00,6,6.0,5.9682,6.0458,"Trà Vinh xã Dân Thành, TX Duyên Hải (KK)",South
29098314940209976158571475636,2023-01-16 19:00:00,2023-01-17 00:00:00,6,6.1,6.0517,6.1483,"Trà Vinh xã Dân Thành, TX Duyên Hải (KK)",South
29098314940209976158571475636,2023-01-19 05:00:00,2023-01-19 10:00:00,6,6.1,6.0608,6.1425,"Trà Vinh xã Dân Thành, TX Duyên Hải (KK)",South
29098314940209976158571475636,2023-01-21 19:00:00,2023-01-22 00:00:00,6,6.1,6.08,6.1375,"Trà Vinh xã Dân Thành, TX Duyên Hải (KK)",South
29098314940209976158571475636,2023-01-22 10:00:00,2023-01-22 15:00:00,6,6.0,5.9567,6.0358,"Trà Vinh xã Dân Thành, TX Duyên Hải (KK)",South
29098314940209976158571475636,2023-02-12 13:00:00,2023-02-12 18:00:00,6,6.0,5.96,6.0158,"Trà Vinh xã Dân Thành, TX Duyên Hải (KK)",South
29098314940209976158571475636,2023-02-15 01:00:00,2023-02-15 06:00:00,6,5.9,5.8975,5.9427,"Trà Vinh xã Dân Thành, TX Duyên Hải (KK)",South
29098314940209976158571475636,2023-02-18 09:00:00,2023-02-18 14:00:00,6,5.9,5.8792,5.9342,"Trà Vinh xã Dân Thành, TX Duyên Hải (KK)",South
29098314940209976158571475636,2023-02-22 17:00:00,2023-02-22 22:00:00,6,6.2,6.1675,6.21,"Trà Vinh xã Dân Thành, TX Duyên Hải (KK)",South
29098314940209976158571475636,2023-03-08 16:00:00,2023-03-08 21:00:00,6,6.3,6.2558,6.3145,"Trà Vinh xã Dân Thành, TX Duyên Hải (KK)",South
29098314940209976158571475636,2023-03-21 02:00:00,2023-03-21 07:00:00,6,5.9,5.8869,5.9358,"Trà Vinh xã Dân Thành, TX Duyên Hải (KK)",South
29098314940209976158571475636,2023-03-23 09:00:00,2023-03-23 14:00:00,6,5.9,5.8783,5.9475,"Trà Vinh xã Dân Thành, TX Duyên Hải (KK)",South
29098314940209976158571475636,2023-03-31 14:00:00,2023-03-31 19:00:00,6,6.0,5.9567,6.0458,"Trà Vinh xã Dân Thành, TX Duyên Hải (KK)",South
29098314940209976158571475636,2023-03-31 20:00:00,2023-04-01 01:00:00,6,5.9,5.8542,5.9117,"Trà Vinh xã Dân Thành, TX Duyên Hải (KK)",South
29098314940209976158571475636,2023-04-02 17:00:00,2023-04-02 22:00:00,6,5.8,5.7875,5.84,"Trà Vinh xã Dân Thành, TX Duyên Hải (KK)",South
29098314940209976158571475636,2023-04-15 16:00:00,2023-04-15 21:00:00,6,6.0,5.9992,6.0467,"Trà Vinh xã Dân Thành, TX Duyên Hải (KK)",South
29098314940209976158571475636,2023-04-19 12:00:00,2023-04-19 17:00:00,6,5.9,5.855,5.9,"Trà Vinh xã Dân Thành, TX Duyên Hải (KK)",South
29098314940209976158571475636,2023-04-20 00:00:00,2023-04-20 05:00:00,6,5.9,5.8875,5.9445,"Trà Vinh xã Dân Thành, TX Duyên Hải (KK)",South
29098314940209976158571475636,2023-04-20 20:00:00,2023-04-21 01:00:00,6,6.0,5.97,6.03,"Trà Vinh xã Dân Thành, TX Duyên Hải (KK)",South
29098314940209976158571475636,2023-04-28 15:00:00,2023-04-28 20:00:00,6,6.3,6.2533,6.3283,"Trà Vinh xã Dân Thành, TX Duyên Hải (KK)",South
29098314940209976158571475636,2023-04-30 13:00:00,2023-04-30 18:00:00,6,6.1,6.0792,6.1475,"Trà Vinh xã Dân Thành, TX Duyên Hải (KK)",South
29098314940209976158571475636,2023-05-06 21:00:00,2023-05-07 02:00:00,6,6.0,5.9592,6.0485,"Trà Vinh xã Dân Thành, TX Duyên Hải (KK)",South
29098314940209976158571475636,2023-05-07 03:00:00,2023-05-07 08:00:00,6,5.9,5.8825,5.9217,"Trà Vinh xã Dân Thành, TX Duyên Hải (KK)",South
29098314940209976158571475636,2023-05-10 09:00:00,2023-05-10 14:00:00,6,5.9,5.855,5.9478,"Trà Vinh xã Dân Thành, TX Duyên Hải (KK)",South
29098314940209976158571475636,2023-05-10 23:00:00,2023-05-11 04:00:00,6,5.9,5.8564,5.8918,"Trà Vinh xã Dân Thành, TX Duyên Hải (KK)",South
29098314940209976158571475636,2023-05-11 21:00:00,2023-05-12 02:00:00,6,5.9,5.8569,5.9492,"Trà Vinh xã Dân Thành, TX Duyên Hải (KK)",South
29098314940209976158571475636,2023-05-20 11:00:00,2023-05-20 16:00:00,6,6.0,5.9583,6.0142,"Trà Vinh xã Dân Thành, TX Duyên Hải (KK)",South
29098314940209976158571475636,2023-05-27 14:00:00,2023-05-27 19:00:00,6,5.8,5.7575,5.8267,"Trà Vinh xã Dân Thành, TX Duyên Hải (KK)",South
29098314940209976158571475636,2023-06-27 01:00:00,2023-06-27 06:00:00,6,5.8,5.7846,5.8033,"Trà Vinh xã Dân Thành, TX Duyên Hải (KK)",South
29098314940209976158571475636,2023-07-10 02:00:00,2023-07-10 07:00:00,6,5.8,5.7733,5.8392,"Trà Vinh xã Dân Thành, TX Duyên Hải (KK)",South
29098314940209976158571475636,2023-07-11 22:00:00,2023-07-12 03:00:00,6,5.8,5.78,5.8433,"Trà Vinh xã Dân Thành, TX Duyên Hải (KK)",South
29098314940209976158571475636,2023-07-17 08:00:00,2023-07-17 13:00:00,6,5.8,5.7575,5.8358,"Trà Vinh xã Dân Thành, TX Duyên Hải (KK)",South
29098314940209976158571475636,2023-07-19 01:00:00,2023-07-19 06:00:00,6,5.9,5.8792,5.9264,"Trà Vinh xã Dân Thành, TX Duyên Hải (KK)",South
29098314940209976158571475636,2023-07-19 17:00:00,2023-07-19 22:00:00,6,5.8,5.755,5.7983,"Trà Vinh xã Dân Thành, TX Duyên Hải (KK)",South
29098314940209976158571475636,2023-07-21 01:00:00,2023-07-21 06:00:00,6,5.9,5.86,5.915,"Trà Vinh xã Dân Thành, TX Duyên Hải (KK)",South
29098314940209976158571475636,2023-07-25 22:00:00,2023-07-26 03:00:00,6,5.9,5.8783,5.9083,"Trà Vinh xã Dân Thành, TX Duyên Hải (KK)",South
29098314940209976158571475636,2023-07-27 02:00:00,2023-07-27 07:00:00,6,5.9,5.8742,5.9042,"Trà Vinh xã Dân Thành, TX Duyên Hải (KK)",South
29098314940209976158571475636,2023-08-19 15:00:00,2023-08-19 20:00:00,6,5.9,5.8525,5.9292,"Trà Vinh xã Dân Thành, TX Duyên Hải (KK)",South
29098314940209976158571475636,2023-08-26 22:00:00,2023-08-27 03:00:00,6,5.9,5.8573,5.9158,"Trà Vinh xã Dân Thành, TX Duyên Hải (KK)",South
29098314940209976158571475636,2023-09-12 14:00:00,2023-09-12 19:00:00,6,5.8,5.7558,5.8317,"Trà Vinh xã Dân Thành, TX Duyên Hải (KK)",South
29098314940209976158571475636,2023-09-14 02:00:00,2023-09-14 07:00:00,6,5.9,5.8692,5.9367,"Trà Vinh xã Dân Thành, TX Duyên Hải (KK)",South
29098314940209976158571475636,2023-10-15 02:00:00,2023-10-15 07:00:00,6,5.8,5.7931,5.84,"Trà Vinh xã Dân Thành, TX Duyên Hải (KK)",South
29098314940209976158571475636,2023-10-17 03:00:00,2023-10-17 08:00:00,6,5.8,5.7708,5.845,"Trà Vinh xã Dân Thành, TX Duyên Hải (KK)",South
29098314940209976158571475636,2023-11-12 22:00:00,2023-11-13 03:00:00,6,6.1,6.0625,6.1415,"Trà Vinh xã Dân Thành, TX Duyên Hải (KK)",South
29098314940209976158571475636,2023-12-14 03:00:00,2023-12-14 08:00:00,6,6.0,5.9908,6.04,"Trà Vinh xã Dân Thành, TX Duyên Hải (KK)",South
29098314940209976158571475636,2023-12-30 20:00:00,2023-12-31 01:00:00,6,6.1,6.0683,6.1455,"Trà Vinh xã Dân Thành, TX Duyên Hải (KK)",South
29098314940209976158571475636,2024-01-08 19:00:00,2024-01-09 00:00:00,6,6.2,6.15,6.2117,"Trà Vinh xã Dân Thành, TX Duyên Hải (KK)",South
29098314940209976158571475636,2024-02-03 11:00:00,2024-02-03 16:00:00,6,6.0,5.9733,6.0383,"Trà Vinh xã Dân Thành, TX Duyên Hải (KK)",South
29098314940209976158571475636,2024-02-06 12:00:00,2024-02-06 17:00:00,6,5.9,5.88,5.9325,"Trà Vinh xã Dân Thành, TX Duyên Hải (KK)",South
29098314940209976158571475636,2024-02-09 20:00:00,2024-02-10 01:00:00,6,6.2,6.1508,6.2425,"Trà Vinh xã Dân Thành, TX Duyên Hải (KK)",South
29098314940209976158571475636,2024-02-10 08:00:00,2024-02-10 13:00:00,6,6.2,6.1764,6.2417,"Trà Vinh xã Dân Thành, TX Duyên Hải (KK)",South
29098314940209976158571475636,2024-02-10 22:00:00,2024-02-11 03:00:00,6,6.3,6.26,6.3369,"Trà Vinh xã Dân Thành, TX Duyên Hải (KK)",South
29098314940209976158571475636,2024-02-18 02:00:00,2024-02-18 07:00:00,6,6.2,6.1583,6.235,"Trà Vinh xã Dân Thành, TX Duyên Hải (KK)",South
29098314940209976158571475636,2024-03-05 17:00:00,2024-03-05 22:00:00,6,6.0,5.9592,6.0108,"Trà Vinh xã Dân Thành, TX Duyên Hải (KK)",South
29098314940209976158571475636,2024-03-12 21:00:00,2024-03-13 02:00:00,6,6.3,6.2575,6.2823,"Trà Vinh xã Dân Thành, TX Duyên Hải (KK)",South
29098314940209976158571475636,2024-04-03 00:00:00,2024-04-03 05:00:00,6,10.1,10.1117,10.1333,"Trà Vinh xã Dân Thành, TX Duyên Hải (KK)",South
29098314940209976158571475636,2024-04-19 00:00:00,2024-04-19 05:00:00,6,10.1,10.1042,10.1475,"Trà Vinh xã Dân Thành, TX Duyên Hải (KK)",South
29098314940209976158571475636,2024-04-20 16:00:00,2024-04-20 21:00:00,6,10.2,10.1642,10.2325,"Trà Vinh xã Dân Thành, TX Duyên Hải (KK)",South
29098314940209976158571475636,2024-04-23 01:00:00,2024-04-23 06:00:00,6,10.1,10.0662,10.115,"Trà Vinh xã Dân Thành, TX Duyên Hải (KK)",South
29098314940209976158571475636,2024-05-01 00:00:00,2024-05-01 05:00:00,6,10.1,10.1,10.1433,"Trà Vinh xã Dân Thành, TX Duyên Hải (KK)",South
29098314940209976158571475636,2024-05-01 23:00:00,2024-05-02 04:00:00,6,10.1,10.0942,10.1358,"Trà Vinh xã Dân Thành, TX Duyên Hải (KK)",South
29098314940209976158571475636,2024-05-07 02:00:00,2024-05-07 07:00:00,6,10.2,10.1508,10.235,"Trà Vinh xã Dân Thành, TX Duyên Hải (KK)",South
29098314940209976158571475636,2024-05-13 10:00:00,2024-05-13 15:00:00,6,10.2,10.1858,10.2375,"Trà Vinh xã Dân Thành, TX Duyên Hải (KK)",South
29098314940209976158571475636,2024-05-15 02:00:00,2024-05-15 07:00:00,6,10.3,10.26,10.33,"Trà Vinh xã Dân Thành, TX Duyên Hải (KK)",South
29098314940209976158571475636,2024-05-22 02:00:00,2024-05-22 07:00:00,6,10.3,10.2533,10.3433,"Trà Vinh xã Dân Thành, TX Duyên Hải (KK)",South
29098314940209976158571475636,2024-05-27 22:00:00,2024-05-28 03:00:00,6,10.2,10.1691,10.25,"Trà Vinh xã Dân Thành, TX Duyên Hải (KK)",South
29098314940209976158571475636,2024-06-02 23:00:00,2024-06-03 04:00:00,6,10.1,10.1233,10.1467,"Trà Vinh xã Dân Thành, TX Duyên Hải (KK)",South
29098314940209976158571475636,2024-06-26 08:00:00,2024-06-26 13:00:00,6,10.1,10.1142,10.145,"Trà Vinh xã Dân Thành, TX Duyên Hải (KK)",South
29098314940209976158571475636,2024-07-03 20:00:00,2024-07-04 01:00:00,6,10.2,10.1775,10.23,"Trà Vinh xã Dân Thành, TX Duyên Hải (KK)",South
29098314940209976158571475636,2024-07-04 13:00:00,2024-07-04 18:00:00,6,10.3,10.2692,10.3458,"Trà Vinh xã Dân Thành, TX Duyên Hải (KK)",South
29098314940209976158571475636,2024-07-15 18:00:00,2024-07-15 23:00:00,6,10.1,10.0958,10.145,"Trà Vinh xã Dân Thành, TX Duyên Hải (KK)",South
29098314940209976158571475636,2024-07-19 03:00:00,2024-07-19 08:00:00,6,10.1,10.0736,10.1325,"Trà Vinh xã Dân Thành, TX Duyên Hải (KK)",South
29098314940209976158571475636,2024-07-19 21:00:00,2024-07-20 02:00:00,6,10.2,10.2067,10.2408,"Trà Vinh xã Dân Thành, TX Duyên Hải (KK)",South
29098314940209976158571475636,2024-07-20 11:00:00,2024-07-20 16:00:00,6,10.1,10.0575,10.1336,"Trà Vinh xã Dân Thành, TX Duyên Hải (KK)",South
29098314940209976158571475636,2024-08-08 17:00:00,2024-08-08 22:00:00,6,10.3,10.2558,10.3467,"Trà Vinh xã Dân Thành, TX Duyên Hải (KK)",South
29098314940209976158571475636,2024-08-20 12:00:00,2024-08-20 17:00:00,6,10.1,10.0717,10.1392,"Trà Vinh xã Dân Thành, TX Duyên Hải (KK)",South
29098314940209976158571475636,2024-08-23 00:00:00,2024-08-23 05:00:00,6,10.1,10.0592,10.1175,"Trà Vinh xã Dân Thành, TX Duyên Hải (KK)",South
29098314940209976158571475636,2024-08-30 01:00:00,2024-08-30 06:00:00,6,10.1,10.095,10.1354,"Trà Vinh xã Dân Thành, TX Duyên Hải (KK)",South
29098314940209976158571475636,2024-08-30 22:00:00,2024-08-31 03:00:00,6,10.1,10.11,10.1454,"Trà Vinh xã Dân Thành, TX Duyên Hải (KK)",South
29098314940209976158571475636,2024-09-05 04:00:00,2024-09-05 09:00:00,6,10.3,10.2692,10.3325,"Trà Vinh xã Dân Thành, TX Duyên Hải (KK)",South
29098314940209976158571475636,2024-09-06 17:00:00,2024-09-06 22:00:00,6,10.1,10.0883,10.1425,"Trà Vinh xã Dân Thành, TX Duyên Hải (KK)",South
29098314940209976158571475636,2024-09-09 00:00:00,2024-09-09 05:00:00,6,10.2,10.17,10.2423,"Trà Vinh xã Dân Thành, TX Duyên Hải (KK)",South
29098314940209976158571475636,2024-09-21 21:00:00,2024-09-22 02:00:00,6,10.1,10.0983,10.1417,"Trà Vinh xã Dân Thành, TX Duyên Hải (KK)",South
29098314940209976158571475636,2024-09-23 21:00:00,2024-09-24 02:00:00,6,10.2,10.1617,10.2217,"Trà Vinh xã Dân Thành, TX Duyên Hải (KK)",South
29098314940209976158571475636,2024-10-14 01:00:00,2024-10-14 06:00:00,6,10.1,10.0858,10.1233,"Trà Vinh xã Dân Thành, TX Duyên Hải (KK)",South
29098314940209976158571475636,2024-11-21 02:00:00,2024-11-21 07:00:00,6,10.3,10.2867,10.3467,"Trà Vinh xã Dân Thành, TX Duyên Hải (KK)",South
29098314940209976158571475636,2024-11-23 12:00:00,2024-11-23 17:00:00,6,10.7,10.6758,10.7458,"Trà Vinh xã Dân Thành, TX Duyên Hải (KK)",South
29098314940209976158571475636,2024-12-05 04:00:00,2024-12-05 09:00:00,6,10.1,10.0508,10.1058,"Trà Vinh xã Dân Thành, TX Duyên Hải (KK)",South
29098314940209976158571475636,2025-01-24 02:00:00,2025-01-24 07:00:00,6,10.4,10.3667,10.4091,"Trà Vinh xã Dân Thành, TX Duyên Hải (KK)",South
29098314940209976158571475636,2025-01-25 02:00:00,2025-01-25 07:00:00,6,10.3,10.2825,10.3489,"Trà Vinh xã Dân Thành, TX Duyên Hải (KK)",South
29098314940209976158571475636,2025-02-02 23:00:00,2025-02-03 04:00:00,6,10.2,10.1925,10.2467,"Trà Vinh xã Dân Thành, TX Duyên Hải (KK)",South
29098314940209976158571475636,2025-02-04 00:00:00,2025-02-04 05:00:00,6,10.5,10.4718,10.5464,"Trà Vinh xã Dân Thành, TX Duyên Hải (KK)",South
29098319146067624969113973428,2023-01-04 13:00:00,2023-01-04 18:00:00,6,1.2,1.2108,1.2125,"Trà Vinh xã Đông Hải, huyện Duyên Hải (KK)",South
29098319146067624969113973428,2023-02-23 14:00:00,2023-02-23 19:00:00,6,1.2,1.21,1.2117,"Trà Vinh xã Đông Hải, huyện Duyên Hải (KK)",South
29098319146067624969113973428,2024-04-19 12:00:00,2024-04-19 17:00:00,6,1.6,1.5825,1.6175,"Trà Vinh xã Đông Hải, huyện Duyên Hải (KK)",South
29098319146067624969113973428,2024-04-23 23:00:00,2024-04-24 04:00:00,6,1.7,1.6642,1.735,"Trà Vinh xã Đông Hải, huyện Duyên Hải (KK)",South
29996239538320865599553202177,2023-04-23 16:00:00,2023-04-23 21:00:00,6,0.4,0.3717,0.4492,Tây Ninh Thị xã Trảng Bàng (KK),South
29996239538320865599553202177,2023-04-30 14:00:00,2023-04-30 19:00:00,6,0.3,0.2933,0.3467,Tây Ninh Thị xã Trảng Bàng (KK),South
29996239538320865599553202177,2023-05-26 07:00:00,2023-05-26 12:00:00,6,0.3,0.2525,0.3467,Tây Ninh Thị xã Trảng Bàng (KK),South
29996239538320865599553202177,2023-07-07 06:00:00,2023-07-07 11:00:00,6,0.4,0.3708,0.4467,Tây Ninh Thị xã Trảng Bàng (KK),South
29996239538320865599553202177,2023-07-21 00:00:00,2023-07-21 05:00:00,6,0.3,0.2717,0.3417,Tây Ninh Thị xã Trảng Bàng (KK),South
29996239538320865599553202177,2023-07-22 22:00:00,2023-07-23 03:00:00,6,0.3,0.2567,0.3492,Tây Ninh Thị xã Trảng Bàng (KK),South
29996239538320865599553202177,2023-07-31 22:00:00,2023-08-01 03:00:00,6,0.4,0.36,0.4475,Tây Ninh Thị xã Trảng Bàng (KK),South
29996239538320865599553202177,2025-09-06 23:00:00,2025-09-07 04:00:00,6,0.3,0.2536,0.3325,Tây Ninh Thị xã Trảng Bàng (KK),South
29996239538320865599553202177,2025-09-07 06:00:00,2025-09-07 11:00:00,6,0.3,0.2658,0.3264,Tây Ninh Thị xã Trảng Bàng (KK),South
31616865099255512061948816121,2024-06-19 14:00:00,2024-06-19 19:00:00,6,0.1,0.0551,0.1047,Đà Nẵng Phạm Hùng (KK),Unknown
31616865099255512061948816121,2024-06-27 09:00:00,2024-06-27 14:00:00,6,0.0,0.0002,0.0126,Đà Nẵng Phạm Hùng (KK),Unknown
31570631866920915749872483233,2024-11-02 00:00:00,2024-11-02 04:00:00,5,65.6,65.57,65.6408,Bình Định huyện Tuy Phước (KK),Central
29196010501691076420299004774,2025-12-13 22:00:00,2025-12-14 02:00:00,5,2.2,2.1605,2.2316,Bắc Ninh TT Quan trắc - phường Suối Hoa - TP Bắc Ninh (KK),North
29544533341424688633522251105,2023-05-13 09:00:00,2023-05-13 13:00:00,5,0.3,0.2719,0.3413,Gia Lai KCN Trà Đa - Tp Pleiku (KK),Central
29544533341424688633522251105,2023-05-16 20:00:00,2023-05-17 00:00:00,5,1.2,1.1615,1.2342,Gia Lai KCN Trà Đa - Tp Pleiku (KK),Central
29544533341424688633522251105,2023-06-18 04:00:00,2023-06-18 08:00:00,5,0.2,0.1852,0.2414,Gia Lai KCN Trà Đa - Tp Pleiku (KK),Central
29544533341424688633522251105,2024-03-10 21:00:00,2024-03-11 01:00:00,5,0.1,0.0599,0.0781,Gia Lai KCN Trà Đa - Tp Pleiku (KK),Central
29544533341424688633522251105,2024-03-12 21:00:00,2024-03-13 01:00:00,5,0.1,0.0541,0.0677,Gia Lai KCN Trà Đa - Tp Pleiku (KK),Central
29544533341424688633522251105,2024-03-17 12:00:00,2024-03-17 16:00:00,5,0.1,0.0543,0.0887,Gia Lai KCN Trà Đa - Tp Pleiku (KK),Central
29544533341424688633522251105,2024-03-19 18:00:00,2024-03-19 22:00:00,5,0.1,0.0881,0.0985,Gia Lai KCN Trà Đa - Tp Pleiku (KK),Central
29544533341424688633522251105,2024-03-21 12:00:00,2024-03-21 16:00:00,5,0.0,0.0209,0.0497,Gia Lai KCN Trà Đa - Tp Pleiku (KK),Central
29544533341424688633522251105,2024-03-27 03:00:00,2024-03-27 07:00:00,5,0.0,0.0133,0.0389,Gia Lai KCN Trà Đa - Tp Pleiku (KK),Central
29544533341424688633522251105,2024-03-27 08:00:00,2024-03-27 12:00:00,5,0.1,0.0558,0.0887,Gia Lai KCN Trà Đa - Tp Pleiku (KK),Central
29544533341424688633522251105,2024-04-05 12:00:00,2024-04-05 16:00:00,5,0.3,0.253,0.3434,Gia Lai KCN Trà Đa - Tp Pleiku (KK),Central
29544533341424688633522251105,2024-04-05 22:00:00,2024-04-06 02:00:00,5,0.1,0.0857,0.1289,Gia Lai KCN Trà Đa - Tp Pleiku (KK),Central
29544533341424688633522251105,2024-04-06 20:00:00,2024-04-07 00:00:00,5,0.2,0.1595,0.2114,Gia Lai KCN Trà Đa - Tp Pleiku (KK),Central
29544533341424688633522251105,2024-04-12 00:00:00,2024-04-12 04:00:00,5,0.1,0.0533,0.0877,Gia Lai KCN Trà Đa - Tp Pleiku (KK),Central
29544533341424688633522251105,2024-04-14 12:00:00,2024-04-14 16:00:00,5,0.4,0.4173,0.4397,Gia Lai KCN Trà Đa - Tp Pleiku (KK),Central
29544533341424688633522251105,2024-04-15 18:00:00,2024-04-15 22:00:00,5,0.3,0.3319,0.343,Gia Lai KCN Trà Đa - Tp Pleiku (KK),Central
29544533341424688633522251105,2024-04-17 01:00:00,2024-04-17 05:00:00,5,0.1,0.1187,0.143,Gia Lai KCN Trà Đa - Tp Pleiku (KK),Central
29544533341424688633522251105,2024-04-28 20:00:00,2024-04-29 00:00:00,5,0.1,0.0686,0.104,Gia Lai KCN Trà Đa - Tp Pleiku (KK),Central
29544533341424688633522251105,2024-05-01 20:00:00,2024-05-02 00:00:00,5,0.4,0.3614,0.4446,Gia Lai KCN Trà Đa - Tp Pleiku (KK),Central
29544533341424688633522251105,2024-05-18 19:00:00,2024-05-18 23:00:00,5,0.1,0.0662,0.0717,Gia Lai KCN Trà Đa - Tp Pleiku (KK),Central
29518872592252585279589451187,2023-03-28 20:00:00,2023-03-29 00:00:00,5,0.5,0.4735,0.547,Quảng Ninh Km11 - Minh Thành (KK),North
29518872592252585279589451187,2023-05-12 04:00:00,2023-05-12 08:00:00,5,0.5,0.4625,0.4988,Quảng Ninh Km11 - Minh Thành (KK),North
29518872592252585279589451187,2023-07-31 23:00:00,2023-08-01 03:00:00,5,0.6,0.5707,0.6412,Quảng Ninh Km11 - Minh Thành (KK),North
29518872592252585279589451187,2023-08-09 23:00:00,2023-08-10 03:00:00,5,2.2,2.1815,2.2478,Quảng Ninh Km11 - Minh Thành (KK),North
29518872592252585279589451187,2023-09-04 09:00:00,2023-09-04 13:00:00,5,0.3,0.3027,0.346,Quảng Ninh Km11 - Minh Thành (KK),North
29518872592252585279589451187,2023-10-11 03:00:00,2023-10-11 07:00:00,5,0.5,0.4571,0.5489,Quảng Ninh Km11 - Minh Thành (KK),North
29518872592252585279589451187,2023-10-11 10:00:00,2023-10-11 14:00:00,5,0.5,0.4537,0.5496,Quảng Ninh Km11 - Minh Thành (KK),North
29518872592252585279589451187,2023-10-12 02:00:00,2023-10-12 06:00:00,5,0.4,0.359,0.4128,Quảng Ninh Km11 - Minh Thành (KK),North
29518872592252585279589451187,2023-10-15 21:00:00,2023-10-16 01:00:00,5,1.2,1.2035,1.2461,Quảng Ninh Km11 - Minh Thành (KK),North
29518872592252585279589451187,2023-12-16 11:00:00,2023-12-16 15:00:00,5,0.4,0.393,0.413,Quảng Ninh Km11 - Minh Thành (KK),North
29518872592252585279589451187,2023-12-17 07:00:00,2023-12-17 11:00:00,5,0.7,0.6588,0.7495,Quảng Ninh Km11 - Minh Thành (KK),North
29518872592252585279589451187,2023-12-19 17:00:00,2023-12-19 21:00:00,5,0.5,0.4823,0.532,Quảng Ninh Km11 - Minh Thành (KK),North
29518872592252585279589451187,2023-12-21 07:00:00,2023-12-21 11:00:00,5,1.8,1.7933,1.8424,Quảng Ninh Km11 - Minh Thành (KK),North
29518872592252585279589451187,2024-01-13 03:00:00,2024-01-13 07:00:00,5,1.2,1.1935,1.2425,Quảng Ninh Km11 - Minh Thành (KK),North
29518872592252585279589451187,2024-02-07 14:00:00,2024-02-07 18:00:00,5,1.8,1.7722,1.8396,Quảng Ninh Km11 - Minh Thành (KK),North
29518872592252585279589451187,2024-02-11 23:00:00,2024-02-12 03:00:00,5,1.9,1.8547,1.9073,Quảng Ninh Km11 - Minh Thành (KK),North
29518872592252585279589451187,2024-02-24 09:00:00,2024-02-24 13:00:00,5,1.2,1.1997,1.2363,Quảng Ninh Km11 - Minh Thành (KK),North
29518872592252585279589451187,2024-02-26 09:00:00,2024-02-26 13:00:00,5,1.2,1.2022,1.2401,Quảng Ninh Km11 - Minh Thành (KK),North
29518872592252585279589451187,2024-02-29 11:00:00,2024-02-29 15:00:00,5,0.8,0.8455,0.8482,Quảng Ninh Km11 - Minh Thành (KK),North
29518872592252585279589451187,2024-03-09 04:00:00,2024-03-09 08:00:00,5,1.0,0.9609,1.0405,Quảng Ninh Km11 - Minh Thành (KK),North
29518872592252585279589451187,2024-03-10 04:00:00,2024-03-10 08:00:00,5,0.9,0.8651,0.9005,Quảng Ninh Km11 - Minh Thành (KK),North
29518872592252585279589451187,2024-03-10 10:00:00,2024-03-10 14:00:00,5,0.9,0.8721,0.9314,Quảng Ninh Km11 - Minh Thành (KK),North
29518885338952740244749551027,2023-04-21 22:00:00,2023-04-22 02:00:00,5,13.0,12.9542,13.0495,Quảng Ninh Nhuệ Hổ - Đông Triều (KK),North
29518885338952740244749551027,2023-11-13 11:00:00,2023-11-13 15:00:00,5,1.0,0.9631,1.0258,Quảng Ninh Nhuệ Hổ - Đông Triều (KK),North
29518885338952740244749551027,2023-12-01 03:00:00,2023-12-01 07:00:00,5,0.5,0.4527,0.5314,Quảng Ninh Nhuệ Hổ - Đông Triều (KK),North
29518885338952740244749551027,2023-12-02 01:00:00,2023-12-02 05:00:00,5,0.8,0.7829,0.8285,Quảng Ninh Nhuệ Hổ - Đông Triều (KK),North
28602897318711027016899843809,2024-01-24 00:00:00,2024-01-24 04:00:00,5,0.1,0.0594,0.0756,Quảng Ninh Nhà máy tuyển than Nam Cầu Trắng - Hạ Long (KK),North
28602897318711027016899843809,2024-02-09 04:00:00,2024-02-09 08:00:00,5,0.1,0.0584,0.092,Quảng Ninh Nhà máy tuyển than Nam Cầu Trắng - Hạ Long (KK),North
28602897318711027016899843809,2024-02-24 08:00:00,2024-02-24 12:00:00,5,0.1,0.0612,0.0729,Quảng Ninh Nhà máy tuyển than Nam Cầu Trắng - Hạ Long (KK),North
28602897318711027016899843809,2024-03-09 11:00:00,2024-03-09 15:00:00,5,0.1,0.06,0.1147,Quảng Ninh Nhà máy tuyển than Nam Cầu Trắng - Hạ Long (KK),North
28602897318711027016899843809,2024-03-10 13:00:00,2024-03-10 17:00:00,5,0.1,0.0602,0.0738,Quảng Ninh Nhà máy tuyển than Nam Cầu Trắng - Hạ Long (KK),North
28602897318711027016899843809,2024-07-30 02:00:00,2024-07-30 06:00:00,5,0.1,0.0613,0.1186,Quảng Ninh Nhà máy tuyển than Nam Cầu Trắng - Hạ Long (KK),North
28602897318711027016899843809,2024-10-07 19:00:00,2024-10-07 23:00:00,5,1.2,1.2088,1.217,Quảng Ninh Nhà máy tuyển than Nam Cầu Trắng - Hạ Long (KK),North
28602897318711027016899843809,2024-10-14 12:00:00,2024-10-14 16:00:00,5,1.3,1.2556,1.2832,Quảng Ninh Nhà máy tuyển than Nam Cầu Trắng - Hạ Long (KK),North
28602897318711027016899843809,2024-10-16 15:00:00,2024-10-16 19:00:00,5,1.3,1.2524,1.2745,Quảng Ninh Nhà máy tuyển than Nam Cầu Trắng - Hạ Long (KK),North
28602897318711027016899843809,2024-10-17 00:00:00,2024-10-17 04:00:00,5,1.2,1.2171,1.2487,Quảng Ninh Nhà máy tuyển than Nam Cầu Trắng - Hạ Long (KK),North
28602897318711027016899843809,2024-10-17 09:00:00,2024-10-17 13:00:00,5,1.3,1.2532,1.2595,Quảng Ninh Nhà máy tuyển than Nam Cầu Trắng - Hạ Long (KK),North
28602897318711027016899843809,2024-10-22 02:00:00,2024-10-22 06:00:00,5,0.9,0.9358,0.9497,Quảng Ninh Nhà máy tuyển than Nam Cầu Trắng - Hạ Long (KK),North
28602897318711027016899843809,2024-10-22 18:00:00,2024-10-22 22:00:00,5,1.1,1.1247,1.1401,Quảng Ninh Nhà máy tuyển than Nam Cầu Trắng - Hạ Long (KK),North
28602897318711027016899843809,2024-11-04 13:00:00,2024-11-04 17:00:00,5,1.8,1.8168,1.8458,Quảng Ninh Nhà máy tuyển than Nam Cầu Trắng - Hạ Long (KK),North
28602897318711027016899843809,2024-11-12 10:00:00,2024-11-12 14:00:00,5,0.0,0.0361,0.0363,Quảng Ninh Nhà máy tuyển than Nam Cầu Trắng - Hạ Long (KK),North
28602897318711027016899843809,2024-11-12 19:00:00,2024-11-12 23:00:00,5,0.0,0.0359,0.0362,Quảng Ninh Nhà máy tuyển than Nam Cầu Trắng - Hạ Long (KK),North
28602897318711027016899843809,2024-11-16 13:00:00,2024-11-16 17:00:00,5,0.0,0.036,0.0362,Quảng Ninh Nhà máy tuyển than Nam Cầu Trắng - Hạ Long (KK),North
28599103930259709512833128161,2025-04-15 19:00:00,2025-04-15 23:00:00,5,7.6,7.5625,7.6458,Quảng Ninh Phường Cẩm Thịnh - Cẩm Phả (KK),North
28599103930259709512833128161,2025-04-20 03:00:00,2025-04-20 07:00:00,5,0.2,0.2258,0.2492,Quảng Ninh Phường Cẩm Thịnh - Cẩm Phả (KK),North
28599103930259709512833128161,2025-04-20 11:00:00,2025-04-20 15:00:00,5,0.4,0.3525,0.4342,Quảng Ninh Phường Cẩm Thịnh - Cẩm Phả (KK),North
28599103930259709512833128161,2025-04-20 18:00:00,2025-04-20 22:00:00,5,0.3,0.2717,0.2958,Quảng Ninh Phường Cẩm Thịnh - Cẩm Phả (KK),North
28599103930259709512833128161,2025-04-22 01:00:00,2025-04-22 05:00:00,5,0.2,0.2058,0.2392,Quảng Ninh Phường Cẩm Thịnh - Cẩm Phả (KK),North
28599103930259709512833128161,2025-05-02 05:00:00,2025-05-02 09:00:00,5,0.3,0.2825,0.2983,Quảng Ninh Phường Cẩm Thịnh - Cẩm Phả (KK),North
28599103930259709512833128161,2025-05-03 01:00:00,2025-05-03 05:00:00,5,0.2,0.1708,0.1992,Quảng Ninh Phường Cẩm Thịnh - Cẩm Phả (KK),North
28599103930259709512833128161,2025-05-06 20:00:00,2025-05-07 00:00:00,5,0.2,0.2233,0.2325,Quảng Ninh Phường Cẩm Thịnh - Cẩm Phả (KK),North
28599103930259709512833128161,2025-05-08 15:00:00,2025-05-08 19:00:00,5,0.4,0.3633,0.4217,Quảng Ninh Phường Cẩm Thịnh - Cẩm Phả (KK),North
28599103930259709512833128161,2025-05-08 22:00:00,2025-05-09 02:00:00,5,0.4,0.3558,0.3892,Quảng Ninh Phường Cẩm Thịnh - Cẩm Phả (KK),North
28599103930259709512833128161,2025-05-09 07:00:00,2025-05-09 11:00:00,5,0.4,0.3642,0.4425,Quảng Ninh Phường Cẩm Thịnh - Cẩm Phả (KK),North
28599103930259709512833128161,2025-05-11 09:00:00,2025-05-11 13:00:00,5,0.2,0.17,0.2358,Quảng Ninh Phường Cẩm Thịnh - Cẩm Phả (KK),North
28599103930259709512833128161,2025-05-12 11:00:00,2025-05-12 15:00:00,5,0.2,0.2117,0.2425,Quảng Ninh Phường Cẩm Thịnh - Cẩm Phả (KK),North
28599103930259709512833128161,2025-05-12 19:00:00,2025-05-12 23:00:00,5,0.3,0.2658,0.3383,Quảng Ninh Phường Cẩm Thịnh - Cẩm Phả (KK),North
28599103930259709512833128161,2025-05-14 04:00:00,2025-05-14 08:00:00,5,0.3,0.3033,0.3483,Quảng Ninh Phường Cẩm Thịnh - Cẩm Phả (KK),North
28599103930259709512833128161,2025-05-16 01:00:00,2025-05-16 05:00:00,5,0.1,0.0958,0.1425,Quảng Ninh Phường Cẩm Thịnh - Cẩm Phả (KK),North
28599103930259709512833128161,2025-05-19 11:00:00,2025-05-19 15:00:00,5,0.4,0.3667,0.4075,Quảng Ninh Phường Cẩm Thịnh - Cẩm Phả (KK),North
28599103930259709512833128161,2025-10-20 02:00:00,2025-10-20 06:00:00,5,1.2,1.1733,1.2358,Quảng Ninh Phường Cẩm Thịnh - Cẩm Phả (KK),North
28599103930259709512833128161,2025-11-12 03:00:00,2025-11-12 07:00:00,5,0.4,0.3567,0.4258,Quảng Ninh Phường Cẩm Thịnh - Cẩm Phả (KK),North
29518839738601389925132404147,2023-02-07 07:00:00,2023-02-07 11:00:00,5,0.0,0.0103,0.0109,"Quảng Ninh Trung tâm văn hóa thể thao Cẩm Phả, đường Trần Phú, phường Cẩm Trung (KK)",North
29518839738601389925132404147,2023-02-25 08:00:00,2023-02-25 12:00:00,5,0.7,0.6603,0.743,"Quảng Ninh Trung tâm văn hóa thể thao Cẩm Phả, đường Trần Phú, phường Cẩm Trung (KK)",North
29518839738601389925132404147,2023-05-20 20:00:00,2023-05-21 00:00:00,5,2.2,2.1652,2.2282,"Quảng Ninh Trung tâm văn hóa thể thao Cẩm Phả, đường Trần Phú, phường Cẩm Trung (KK)",North
29518839738601389925132404147,2023-05-27 01:00:00,2023-05-27 05:00:00,5,0.7,0.6827,0.7345,"Quảng Ninh Trung tâm văn hóa thể thao Cẩm Phả, đường Trần Phú, phường Cẩm Trung (KK)",North
29518839738601389925132404147,2023-07-09 00:00:00,2023-07-09 04:00:00,5,2.7,2.671,2.7352,"Quảng Ninh Trung tâm văn hóa thể thao Cẩm Phả, đường Trần Phú, phường Cẩm Trung (KK)",North
29518839738601389925132404147,2024-07-19 09:00:00,2024-07-19 13:00:00,5,1.4,1.3649,1.4352,"Quảng Ninh Trung tâm văn hóa thể thao Cẩm Phả, đường Trần Phú, phường Cẩm Trung (KK)",North
29518839738601389925132404147,2024-12-08 08:00:00,2024-12-08 12:00:00,5,6.1,6.0863,6.1499,"Quảng Ninh Trung tâm văn hóa thể thao Cẩm Phả, đường Trần Phú, phường Cẩm Trung (KK)",North
29518839738601389925132404147,2024-12-14 04:00:00,2024-12-14 08:00:00,5,6.2,6.1503,6.1676,"Quảng Ninh Trung tâm văn hóa thể thao Cẩm Phả, đường Trần Phú, phường Cẩm Trung (KK)",North
29518839738601389925132404147,2024-12-24 08:00:00,2024-12-24 12:00:00,5,6.1,6.1257,6.1483,"Quảng Ninh Trung tâm văn hóa thể thao Cẩm Phả, đường Trần Phú, phường Cẩm Trung (KK)",North
29518839738601389925132404147,2024-12-26 04:00:00,2024-12-26 08:00:00,5,6.2,6.1568,6.1661,"Quảng Ninh Trung tâm văn hóa thể thao Cẩm Phả, đường Trần Phú, phường Cẩm Trung (KK)",North
28602837126985114455002404577,2023-01-07 23:00:00,2023-01-08 03:00:00,5,3.0,2.9581,3.0025,Quảng Ninh UBND TP Uông Bí (KK),North
28602837126985114455002404577,2023-01-28 22:00:00,2023-01-29 02:00:00,5,2.8,2.7815,2.8499,Quảng Ninh UBND TP Uông Bí (KK),North
28602837126985114455002404577,2024-04-18 23:00:00,2024-04-19 03:00:00,5,3.0,2.9579,3.0306,Quảng Ninh UBND TP Uông Bí (KK),North
28602837126985114455002404577,2024-06-12 00:00:00,2024-06-12 04:00:00,5,1.2,1.1719,1.2346,Quảng Ninh UBND TP Uông Bí (KK),North
30991938797551443885460120607,2023-04-06 22:00:00,2023-04-07 02:00:00,5,0.1,0.0592,0.1367,"Sóc Trăng Sở TNMT - 16 Hùng Vương, P.6, Tp. Sóc Trăng (KK)",South
30991938797551443885460120607,2023-04-09 23:00:00,2023-04-10 03:00:00,5,0.4,0.3558,0.4192,"Sóc Trăng Sở TNMT - 16 Hùng Vương, P.6, Tp. Sóc Trăng (KK)",South
30991938797551443885460120607,2023-04-27 02:00:00,2023-04-27 06:00:00,5,0.1,0.1117,0.1483,"Sóc Trăng Sở TNMT - 16 Hùng Vương, P.6, Tp. Sóc Trăng (KK)",South
30991938797551443885460120607,2023-04-28 04:00:00,2023-04-28 08:00:00,5,0.0,0.0067,0.05,"Sóc Trăng Sở TNMT - 16 Hùng Vương, P.6, Tp. Sóc Trăng (KK)",South
30991938797551443885460120607,2023-04-29 02:00:00,2023-04-29 06:00:00,5,0.1,0.07,0.09,"Sóc Trăng Sở TNMT - 16 Hùng Vương, P.6, Tp. Sóc Trăng (KK)",South
30991938797551443885460120607,2023-05-04 03:00:00,2023-05-04 07:00:00,5,0.0,0.0133,0.0442,"Sóc Trăng Sở TNMT - 16 Hùng Vương, P.6, Tp. Sóc Trăng (KK)",South
30991938797551443885460120607,2023-05-15 09:00:00,2023-05-15 13:00:00,5,0.2,0.1675,0.2308,"Sóc Trăng Sở TNMT - 16 Hùng Vương, P.6, Tp. Sóc Trăng (KK)",South
30991938797551443885460120607,2023-05-15 23:00:00,2023-05-16 03:00:00,5,0.0,0.0108,0.0425,"Sóc Trăng Sở TNMT - 16 Hùng Vương, P.6, Tp. Sóc Trăng (KK)",South
30991938797551443885460120607,2023-06-03 06:00:00,2023-06-03 10:00:00,5,0.0,0.0033,0.0492,"Sóc Trăng Sở TNMT - 16 Hùng Vương, P.6, Tp. Sóc Trăng (KK)",South
30991938797551443885460120607,2023-06-05 19:00:00,2023-06-05 23:00:00,5,0.0,0.005,0.0192,"Sóc Trăng Sở TNMT - 16 Hùng Vương, P.6, Tp. Sóc Trăng (KK)",South
30991938797551443885460120607,2023-06-11 09:00:00,2023-06-11 13:00:00,5,0.1,0.055,0.1275,"Sóc Trăng Sở TNMT - 16 Hùng Vương, P.6, Tp. Sóc Trăng (KK)",South
30991938797551443885460120607,2023-06-24 10:00:00,2023-06-24 14:00:00,5,0.1,0.1008,0.1475,"Sóc Trăng Sở TNMT - 16 Hùng Vương, P.6, Tp. Sóc Trăng (KK)",South
30991938797551443885460120607,2023-06-26 09:00:00,2023-06-26 13:00:00,5,0.1,0.065,0.1367,"Sóc Trăng Sở TNMT - 16 Hùng Vương, P.6, Tp. Sóc Trăng (KK)",South
30991938797551443885460120607,2023-06-28 09:00:00,2023-06-28 13:00:00,5,0.1,0.0717,0.1025,"Sóc Trăng Sở TNMT - 16 Hùng Vương, P.6, Tp. Sóc Trăng (KK)",South
30991938797551443885460120607,2023-07-05 20:00:00,2023-07-06 00:00:00,5,0.0,0.0008,0.0283,"Sóc Trăng Sở TNMT - 16 Hùng Vương, P.6, Tp. Sóc Trăng (KK)",South
30991938797551443885460120607,2023-07-12 20:00:00,2023-07-13 00:00:00,5,0.0,0.0018,0.0367,"Sóc Trăng Sở TNMT - 16 Hùng Vương, P.6, Tp. Sóc Trăng (KK)",South
30991938797551443885460120607,2023-07-16 14:00:00,2023-07-16 18:00:00,5,0.0,0.0008,0.0092,"Sóc Trăng Sở TNMT - 16 Hùng Vương, P.6, Tp. Sóc Trăng (KK)",South
30991938797551443885460120607,2023-07-28 11:00:00,2023-07-28 15:00:00,5,0.0,0.0008,0.02,"Sóc Trăng Sở TNMT - 16 Hùng Vương, P.6, Tp. Sóc Trăng (KK)",South
30991938797551443885460120607,2023-07-31 16:00:00,2023-07-31 20:00:00,5,0.0,0.0008,0.0225,"Sóc Trăng Sở TNMT - 16 Hùng Vương, P.6, Tp. Sóc Trăng (KK)",South
30991938797551443885460120607,2023-08-13 14:00:00,2023-08-13 18:00:00,5,0.0,0.0025,0.0083,"Sóc Trăng Sở TNMT - 16 Hùng Vương, P.6, Tp. Sóc Trăng (KK)",South
30991938797551443885460120607,2023-08-16 08:00:00,2023-08-16 12:00:00,5,0.0,0.0008,0.0083,"Sóc Trăng Sở TNMT - 16 Hùng Vương, P.6, Tp. Sóc Trăng (KK)",South
30991938797551443885460120607,2023-08-22 08:00:00,2023-08-22 12:00:00,5,0.0,0.0008,0.0192,"Sóc Trăng Sở TNMT - 16 Hùng Vương, P.6, Tp. Sóc Trăng (KK)",South
30991938797551443885460120607,2023-09-08 10:00:00,2023-09-08 14:00:00,5,0.0,0.0008,0.0083,"Sóc Trăng Sở TNMT - 16 Hùng Vương, P.6, Tp. Sóc Trăng (KK)",South
30991938797551443885460120607,2023-09-22 12:00:00,2023-09-22 16:00:00,5,0.0,0.0008,0.0067,"Sóc Trăng Sở TNMT - 16 Hùng Vương, P.6, Tp. Sóc Trăng (KK)",South
30991938797551443885460120607,2023-10-14 11:00:00,2023-10-14 15:00:00,5,0.0,0.0258,0.045,"Sóc Trăng Sở TNMT - 16 Hùng Vương, P.6, Tp. Sóc Trăng (KK)",South
30991938797551443885460120607,2023-10-27 16:00:00,2023-10-27 20:00:00,5,0.0,0.0025,0.01,"Sóc Trăng Sở TNMT - 16 Hùng Vương, P.6, Tp. Sóc Trăng (KK)",South
30991938797551443885460120607,2023-11-19 13:00:00,2023-11-19 17:00:00,5,0.0,0.0017,0.0083,"Sóc Trăng Sở TNMT - 16 Hùng Vương, P.6, Tp. Sóc Trăng (KK)",South
30991938797551443885460120607,2023-12-01 16:00:00,2023-12-01 20:00:00,5,0.0,0.0008,0.0192,"Sóc Trăng Sở TNMT - 16 Hùng Vương, P.6, Tp. Sóc Trăng (KK)",South
30991938797551443885460120607,2024-06-18 09:00:00,2024-06-18 13:00:00,5,1.0,1.0033,1.03,"Sóc Trăng Sở TNMT - 16 Hùng Vương, P.6, Tp. Sóc Trăng (KK)",South
30991938797551443885460120607,2025-08-03 19:00:00,2025-08-03 23:00:00,5,4.2,4.2,4.2,"Sóc Trăng Sở TNMT - 16 Hùng Vương, P.6, Tp. Sóc Trăng (KK)",South
29203727697074312726675247132,2023-02-02 18:00:00,2023-02-02 22:00:00,5,1.6,1.5575,1.6492,"Thái Bình xã Thái Thọ, huyện Thái Thụy (KK)",North
29203727697074312726675247132,2023-03-07 13:00:00,2023-03-07 17:00:00,5,1.9,1.8708,1.9442,"Thái Bình xã Thái Thọ, huyện Thái Thụy (KK)",North
29203727697074312726675247132,2023-03-30 22:00:00,2023-03-31 02:00:00,5,0.3,0.2717,0.3458,"Thái Bình xã Thái Thọ, huyện Thái Thụy (KK)",North
29203727697074312726675247132,2023-04-04 06:00:00,2023-04-04 10:00:00,5,0.5,0.4667,0.535,"Thái Bình xã Thái Thọ, huyện Thái Thụy (KK)",North
29203727697074312726675247132,2023-04-11 01:00:00,2023-04-11 05:00:00,5,0.2,0.1658,0.2317,"Thái Bình xã Thái Thọ, huyện Thái Thụy (KK)",North
29203727697074312726675247132,2023-04-16 11:00:00,2023-04-16 15:00:00,5,0.5,0.4675,0.5458,"Thái Bình xã Thái Thọ, huyện Thái Thụy (KK)",North
29203727697074312726675247132,2023-04-17 13:00:00,2023-04-17 17:00:00,5,0.4,0.3625,0.4258,"Thái Bình xã Thái Thọ, huyện Thái Thụy (KK)",North
29203727697074312726675247132,2023-04-17 20:00:00,2023-04-18 00:00:00,5,0.3,0.2525,0.3233,"Thái Bình xã Thái Thọ, huyện Thái Thụy (KK)",North
29203727697074312726675247132,2023-04-18 11:00:00,2023-04-18 15:00:00,5,0.4,0.3908,0.4433,"Thái Bình xã Thái Thọ, huyện Thái Thụy (KK)",North
29203727697074312726675247132,2023-04-21 13:00:00,2023-04-21 17:00:00,5,0.5,0.4783,0.5117,"Thái Bình xã Thái Thọ, huyện Thái Thụy (KK)",North
29203727697074312726675247132,2023-04-22 03:00:00,2023-04-22 07:00:00,5,0.5,0.4775,0.5225,"Thái Bình xã Thái Thọ, huyện Thái Thụy (KK)",North
29203727697074312726675247132,2023-04-23 10:00:00,2023-04-23 14:00:00,5,0.5,0.4567,0.5442,"Thái Bình xã Thái Thọ, huyện Thái Thụy (KK)",North
29203727697074312726675247132,2023-04-23 18:00:00,2023-04-23 22:00:00,5,0.7,0.6842,0.7467,"Thái Bình xã Thái Thọ, huyện Thái Thụy (KK)",North
29203727697074312726675247132,2023-04-28 23:00:00,2023-04-29 03:00:00,5,0.2,0.1825,0.24,"Thái Bình xã Thái Thọ, huyện Thái Thụy (KK)",North
29203727697074312726675247132,2023-05-01 00:00:00,2023-05-01 04:00:00,5,0.3,0.2858,0.3208,"Thái Bình xã Thái Thọ, huyện Thái Thụy (KK)",North
29203727697074312726675247132,2023-05-02 01:00:00,2023-05-02 05:00:00,5,0.4,0.3717,0.3992,"Thái Bình xã Thái Thọ, huyện Thái Thụy (KK)",North
29203727697074312726675247132,2023-05-03 17:00:00,2023-05-03 21:00:00,5,0.5,0.4625,0.54,"Thái Bình xã Thái Thọ, huyện Thái Thụy (KK)",North
29203727697074312726675247132,2023-11-27 20:00:00,2023-11-28 00:00:00,5,1.2,1.1558,1.23,"Thái Bình xã Thái Thọ, huyện Thái Thụy (KK)",North
29203727697074312726675247132,2023-12-03 01:00:00,2023-12-03 05:00:00,5,1.6,1.5567,1.6367,"Thái Bình xã Thái Thọ, huyện Thái Thụy (KK)",North
29203727697074312726675247132,2023-12-12 01:00:00,2023-12-12 05:00:00,5,0.4,0.3567,0.4033,"Thái Bình xã Thái Thọ, huyện Thái Thụy (KK)",North
29203727697074312726675247132,2023-12-12 11:00:00,2023-12-12 15:00:00,5,0.3,0.2575,0.3367,"Thái Bình xã Thái Thọ, huyện Thái Thụy (KK)",North
29203727697074312726675247132,2023-12-18 07:00:00,2023-12-18 11:00:00,5,0.8,0.755,0.8008,"Thái Bình xã Thái Thọ, huyện Thái Thụy (KK)",North
29203727697074312726675247132,2023-12-19 23:00:00,2023-12-20 03:00:00,5,0.3,0.3333,0.3417,"Thái Bình xã Thái Thọ, huyện Thái Thụy (KK)",North
29203727697074312726675247132,2023-12-22 06:00:00,2023-12-22 10:00:00,5,0.6,0.5633,0.6483,"Thái Bình xã Thái Thọ, huyện Thái Thụy (KK)",North
29203727697074312726675247132,2023-12-26 14:00:00,2023-12-26 18:00:00,5,0.7,0.675,0.7342,"Thái Bình xã Thái Thọ, huyện Thái Thụy (KK)",North
29203727697074312726675247132,2023-12-28 20:00:00,2023-12-29 00:00:00,5,0.7,0.6717,0.7267,"Thái Bình xã Thái Thọ, huyện Thái Thụy (KK)",North
29203727697074312726675247132,2023-12-31 19:00:00,2023-12-31 23:00:00,5,0.5,0.4642,0.5358,"Thái Bình xã Thái Thọ, huyện Thái Thụy (KK)",North
29203727697074312726675247132,2024-01-07 11:00:00,2024-01-07 15:00:00,5,0.5,0.4567,0.5183,"Thái Bình xã Thái Thọ, huyện Thái Thụy (KK)",North
29203727697074312726675247132,2024-01-08 23:00:00,2024-01-09 03:00:00,5,0.2,0.2275,0.2358,"Thái Bình xã Thái Thọ, huyện Thái Thụy (KK)",North
29203727697074312726675247132,2024-01-15 20:00:00,2024-01-16 00:00:00,5,0.3,0.2792,0.3142,"Thái Bình xã Thái Thọ, huyện Thái Thụy (KK)",North
29203727697074312726675247132,2024-01-16 18:00:00,2024-01-16 22:00:00,5,0.3,0.2508,0.3383,"Thái Bình xã Thái Thọ, huyện Thái Thụy (KK)",North
29203727697074312726675247132,2024-01-20 15:00:00,2024-01-20 19:00:00,5,0.2,0.1625,0.2275,"Thái Bình xã Thái Thọ, huyện Thái Thụy (KK)",North
29203727697074312726675247132,2024-01-22 04:00:00,2024-01-22 08:00:00,5,0.8,0.7542,0.7983,"Thái Bình xã Thái Thọ, huyện Thái Thụy (KK)",North
29203727697074312726675247132,2024-01-23 23:00:00,2024-01-24 03:00:00,5,0.4,0.35,0.395,"Thái Bình xã Thái Thọ, huyện Thái Thụy (KK)",North
29203727697074312726675247132,2024-02-15 10:00:00,2024-02-15 14:00:00,5,0.3,0.2717,0.3475,"Thái Bình xã Thái Thọ, huyện Thái Thụy (KK)",North
29098314940209976158571475636,2023-01-06 12:00:00,2023-01-06 16:00:00,5,5.9,5.9075,5.9375,"Trà Vinh xã Dân Thành, TX Duyên Hải (KK)",South
29098314940209976158571475636,2023-01-06 20:00:00,2023-01-07 00:00:00,5,5.9,5.86,5.9192,"Trà Vinh xã Dân Thành, TX Duyên Hải (KK)",South
29098314940209976158571475636,2023-01-09 12:00:00,2023-01-09 16:00:00,5,5.8,5.7892,5.8475,"Trà Vinh xã Dân Thành, TX Duyên Hải (KK)",South
29098314940209976158571475636,2023-01-11 01:00:00,2023-01-11 05:00:00,5,6.0,5.9636,6.0183,"Trà Vinh xã Dân Thành, TX Duyên Hải (KK)",South
29098314940209976158571475636,2023-01-19 14:00:00,2023-01-19 18:00:00,5,6.0,5.9658,6.0208,"Trà Vinh xã Dân Thành, TX Duyên Hải (KK)",South
29098314940209976158571475636,2023-01-20 07:00:00,2023-01-20 11:00:00,5,6.0,5.9525,6.0418,"Trà Vinh xã Dân Thành, TX Duyên Hải (KK)",South
29098314940209976158571475636,2023-01-21 02:00:00,2023-01-21 06:00:00,5,6.1,6.0525,6.0892,"Trà Vinh xã Dân Thành, TX Duyên Hải (KK)",South
29098314940209976158571475636,2023-01-30 07:00:00,2023-01-30 11:00:00,5,5.9,5.8683,5.9292,"Trà Vinh xã Dân Thành, TX Duyên Hải (KK)",South
29098314940209976158571475636,2023-01-31 04:00:00,2023-01-31 08:00:00,5,6.0,5.99,6.0392,"Trà Vinh xã Dân Thành, TX Duyên Hải (KK)",South
29098314940209976158571475636,2023-01-31 13:00:00,2023-01-31 17:00:00,5,6.0,5.9717,6.0425,"Trà Vinh xã Dân Thành, TX Duyên Hải (KK)",South
29098314940209976158571475636,2023-02-05 13:00:00,2023-02-05 17:00:00,5,6.0,5.9518,6.02,"Trà Vinh xã Dân Thành, TX Duyên Hải (KK)",South
29098314940209976158571475636,2023-02-10 08:00:00,2023-02-10 12:00:00,5,6.1,6.0592,6.1208,"Trà Vinh xã Dân Thành, TX Duyên Hải (KK)",South
29098314940209976158571475636,2023-02-10 19:00:00,2023-02-10 23:00:00,5,5.9,5.8725,5.9277,"Trà Vinh xã Dân Thành, TX Duyên Hải (KK)",South
29098314940209976158571475636,2023-02-11 13:00:00,2023-02-11 17:00:00,5,6.0,5.9575,6.0275,"Trà Vinh xã Dân Thành, TX Duyên Hải (KK)",South
29098314940209976158571475636,2023-02-11 21:00:00,2023-02-12 01:00:00,5,5.9,5.8709,5.9433,"Trà Vinh xã Dân Thành, TX Duyên Hải (KK)",South
29098314940209976158571475636,2023-02-14 12:00:00,2023-02-14 16:00:00,5,5.9,5.9167,5.9442,"Trà Vinh xã Dân Thành, TX Duyên Hải (KK)",South
29098314940209976158571475636,2023-02-14 19:00:00,2023-02-14 23:00:00,5,5.9,5.855,5.8936,"Trà Vinh xã Dân Thành, TX Duyên Hải (KK)",South
29098314940209976158571475636,2023-02-21 09:00:00,2023-02-21 13:00:00,5,6.3,6.255,6.3225,"Trà Vinh xã Dân Thành, TX Duyên Hải (KK)",South
29098314940209976158571475636,2023-03-07 20:00:00,2023-03-08 00:00:00,5,6.3,6.265,6.3442,"Trà Vinh xã Dân Thành, TX Duyên Hải (KK)",South
29098314940209976158571475636,2023-03-20 19:00:00,2023-03-20 23:00:00,5,5.9,5.8742,5.9375,"Trà Vinh xã Dân Thành, TX Duyên Hải (KK)",South
29098314940209976158571475636,2023-03-23 03:00:00,2023-03-23 07:00:00,5,5.9,5.8725,5.9275,"Trà Vinh xã Dân Thành, TX Duyên Hải (KK)",South
29098314940209976158571475636,2023-04-02 01:00:00,2023-04-02 05:00:00,5,5.8,5.8008,5.841,"Trà Vinh xã Dân Thành, TX Duyên Hải (KK)",South
29098314940209976158571475636,2023-04-04 18:00:00,2023-04-04 22:00:00,5,5.8,5.7617,5.8125,"Trà Vinh xã Dân Thành, TX Duyên Hải (KK)",South
29098314940209976158571475636,2023-04-08 06:00:00,2023-04-08 10:00:00,5,5.8,5.7658,5.8175,"Trà Vinh xã Dân Thành, TX Duyên Hải (KK)",South
29098314940209976158571475636,2023-04-15 00:00:00,2023-04-15 04:00:00,5,6.0,5.9717,6.02,"Trà Vinh xã Dân Thành, TX Duyên Hải (KK)",South
29098314940209976158571475636,2023-04-18 03:00:00,2023-04-18 07:00:00,5,5.9,5.8717,5.9392,"Trà Vinh xã Dân Thành, TX Duyên Hải (KK)",South
29098314940209976158571475636,2023-04-21 11:00:00,2023-04-21 15:00:00,5,6.0,5.97,6.0225,"Trà Vinh xã Dân Thành, TX Duyên Hải (KK)",South
29098314940209976158571475636,2023-04-23 11:00:00,2023-04-23 15:00:00,5,5.8,5.7983,5.85,"Trà Vinh xã Dân Thành, TX Duyên Hải (KK)",South
29098314940209976158571475636,2023-05-05 21:00:00,2023-05-06 01:00:00,5,5.9,5.8873,5.9417,"Trà Vinh xã Dân Thành, TX Duyên Hải (KK)",South
29098314940209976158571475636,2023-05-07 10:00:00,2023-05-07 14:00:00,5,5.9,5.8873,5.9358,"Trà Vinh xã Dân Thành, TX Duyên Hải (KK)",South
29098314940209976158571475636,2023-05-08 15:00:00,2023-05-08 19:00:00,5,5.9,5.8975,5.945,"Trà Vinh xã Dân Thành, TX Duyên Hải (KK)",South
29098314940209976158571475636,2023-05-09 09:00:00,2023-05-09 13:00:00,5,5.9,5.8542,5.9275,"Trà Vinh xã Dân Thành, TX Duyên Hải (KK)",South
29098314940209976158571475636,2023-05-10 16:00:00,2023-05-10 20:00:00,5,5.9,5.8978,5.9492,"Trà Vinh xã Dân Thành, TX Duyên Hải (KK)",South
29098314940209976158571475636,2023-05-14 23:00:00,2023-05-15 03:00:00,5,5.8,5.76,5.8308,"Trà Vinh xã Dân Thành, TX Duyên Hải (KK)",South
29098314940209976158571475636,2023-05-16 21:00:00,2023-05-17 01:00:00,5,5.9,5.8583,5.921,"Trà Vinh xã Dân Thành, TX Duyên Hải (KK)",South
29098314940209976158571475636,2023-05-18 21:00:00,2023-05-19 01:00:00,5,6.1,6.0533,6.1,"Trà Vinh xã Dân Thành, TX Duyên Hải (KK)",South
29098314940209976158571475636,2023-05-20 01:00:00,2023-05-20 05:00:00,5,6.0,5.9717,6.0315,"Trà Vinh xã Dân Thành, TX Duyên Hải (KK)",South
29098314940209976158571475636,2023-05-20 19:00:00,2023-05-20 23:00:00,5,5.8,5.8064,5.835,"Trà Vinh xã Dân Thành, TX Duyên Hải (KK)",South
29098314940209976158571475636,2023-05-23 10:00:00,2023-05-23 14:00:00,5,5.9,5.8817,5.9273,"Trà Vinh xã Dân Thành, TX Duyên Hải (KK)",South
29098314940209976158571475636,2023-05-24 02:00:00,2023-05-24 06:00:00,5,6.0,5.955,6.0308,"Trà Vinh xã Dân Thành, TX Duyên Hải (KK)",South
29098314940209976158571475636,2023-05-26 17:00:00,2023-05-26 21:00:00,5,5.9,5.8542,5.9317,"Trà Vinh xã Dân Thành, TX Duyên Hải (KK)",South
29098314940209976158571475636,2023-05-27 04:00:00,2023-05-27 08:00:00,5,5.9,5.865,5.9333,"Trà Vinh xã Dân Thành, TX Duyên Hải (KK)",South
29098314940209976158571475636,2023-05-28 06:00:00,2023-05-28 10:00:00,5,5.9,5.8733,5.9483,"Trà Vinh xã Dân Thành, TX Duyên Hải (KK)",South
29098314940209976158571475636,2023-05-30 21:00:00,2023-05-31 01:00:00,5,6.0,5.9625,6.0258,"Trà Vinh xã Dân Thành, TX Duyên Hải (KK)",South
29098314940209976158571475636,2023-06-03 20:00:00,2023-06-04 00:00:00,5,6.0,5.9525,6.0391,"Trà Vinh xã Dân Thành, TX Duyên Hải (KK)",South
29098314940209976158571475636,2023-06-05 04:00:00,2023-06-05 08:00:00,5,5.9,5.86,5.8808,"Trà Vinh xã Dân Thành, TX Duyên Hải (KK)",South
29098314940209976158571475636,2023-06-07 08:00:00,2023-06-07 12:00:00,5,5.8,5.7725,5.8117,"Trà Vinh xã Dân Thành, TX Duyên Hải (KK)",South
29098314940209976158571475636,2023-06-15 00:00:00,2023-06-15 04:00:00,5,5.8,5.79,5.84,"Trà Vinh xã Dân Thành, TX Duyên Hải (KK)",South
29098314940209976158571475636,2023-06-21 18:00:00,2023-06-21 22:00:00,5,5.9,5.8517,5.9092,"Trà Vinh xã Dân Thành, TX Duyên Hải (KK)",South
29098314940209976158571475636,2023-06-24 23:00:00,2023-06-25 03:00:00,5,5.8,5.8064,5.8375,"Trà Vinh xã Dân Thành, TX Duyên Hải (KK)",South
29098314940209976158571475636,2023-07-05 23:00:00,2023-07-06 03:00:00,5,5.7,5.7375,5.745,"Trà Vinh xã Dân Thành, TX Duyên Hải (KK)",South
29098314940209976158571475636,2023-07-08 08:00:00,2023-07-08 12:00:00,5,5.8,5.7633,5.8167,"Trà Vinh xã Dân Thành, TX Duyên Hải (KK)",South
29098314940209976158571475636,2023-07-13 22:00:00,2023-07-14 02:00:00,5,5.8,5.8036,5.8185,"Trà Vinh xã Dân Thành, TX Duyên Hải (KK)",South
29098314940209976158571475636,2023-07-15 00:00:00,2023-07-15 04:00:00,5,5.9,5.8783,5.8958,"Trà Vinh xã Dân Thành, TX Duyên Hải (KK)",South
29098314940209976158571475636,2023-07-16 03:00:00,2023-07-16 07:00:00,5,6.0,5.96,6.045,"Trà Vinh xã Dân Thành, TX Duyên Hải (KK)",South
29098314940209976158571475636,2023-07-21 20:00:00,2023-07-22 00:00:00,5,5.8,5.77,5.808,"Trà Vinh xã Dân Thành, TX Duyên Hải (KK)",South
29098314940209976158571475636,2023-07-25 17:00:00,2023-07-25 21:00:00,5,5.8,5.7908,5.8375,"Trà Vinh xã Dân Thành, TX Duyên Hải (KK)",South
29098314940209976158571475636,2023-07-26 16:00:00,2023-07-26 20:00:00,5,6.0,5.95,6.0158,"Trà Vinh xã Dân Thành, TX Duyên Hải (KK)",South
29098314940209976158571475636,2023-07-29 17:00:00,2023-07-29 21:00:00,5,5.9,5.8764,5.945,"Trà Vinh xã Dân Thành, TX Duyên Hải (KK)",South
29098314940209976158571475636,2023-07-31 08:00:00,2023-07-31 12:00:00,5,5.8,5.7817,5.8367,"Trà Vinh xã Dân Thành, TX Duyên Hải (KK)",South
29098314940209976158571475636,2023-08-03 01:00:00,2023-08-03 05:00:00,5,5.9,5.8667,5.9425,"Trà Vinh xã Dân Thành, TX Duyên Hải (KK)",South
29098314940209976158571475636,2023-08-03 22:00:00,2023-08-04 02:00:00,5,6.0,5.9554,6.0427,"Trà Vinh xã Dân Thành, TX Duyên Hải (KK)",South
29098314940209976158571475636,2023-08-14 23:00:00,2023-08-15 03:00:00,5,6.0,5.965,6.0369,"Trà Vinh xã Dân Thành, TX Duyên Hải (KK)",South
29098314940209976158571475636,2023-08-20 00:00:00,2023-08-20 04:00:00,5,5.8,5.7567,5.8017,"Trà Vinh xã Dân Thành, TX Duyên Hải (KK)",South
29098314940209976158571475636,2023-09-02 11:00:00,2023-09-02 15:00:00,5,5.7,5.7333,5.7458,"Trà Vinh xã Dân Thành, TX Duyên Hải (KK)",South
29098314940209976158571475636,2023-09-07 17:00:00,2023-09-07 21:00:00,5,5.9,5.8508,5.925,"Trà Vinh xã Dân Thành, TX Duyên Hải (KK)",South
29098314940209976158571475636,2023-09-08 01:00:00,2023-09-08 05:00:00,5,5.9,5.8746,5.925,"Trà Vinh xã Dân Thành, TX Duyên Hải (KK)",South
29098314940209976158571475636,2023-09-09 00:00:00,2023-09-09 04:00:00,5,5.8,5.8075,5.84,"Trà Vinh xã Dân Thành, TX Duyên Hải (KK)",South
29098314940209976158571475636,2023-09-11 03:00:00,2023-09-11 07:00:00,5,5.9,5.8525,5.9142,"Trà Vinh xã Dân Thành, TX Duyên Hải (KK)",South
29098314940209976158571475636,2023-09-11 22:00:00,2023-09-12 02:00:00,5,5.8,5.7967,5.8367,"Trà Vinh xã Dân Thành, TX Duyên Hải (KK)",South
29098314940209976158571475636,2023-09-17 13:00:00,2023-09-17 17:00:00,5,6.1,6.0708,6.1458,"Trà Vinh xã Dân Thành, TX Duyên Hải (KK)",South
29098314940209976158571475636,2023-09-20 00:00:00,2023-09-20 04:00:00,5,5.8,5.7542,5.8138,"Trà Vinh xã Dân Thành, TX Duyên Hải (KK)",South
29098314940209976158571475636,2023-10-08 00:00:00,2023-10-08 04:00:00,5,5.8,5.7977,5.845,"Trà Vinh xã Dân Thành, TX Duyên Hải (KK)",South
29098314940209976158571475636,2023-10-10 08:00:00,2023-10-10 12:00:00,5,5.8,5.8192,5.8383,"Trà Vinh xã Dân Thành, TX Duyên Hải (KK)",South
29098314940209976158571475636,2023-10-20 06:00:00,2023-10-20 10:00:00,5,5.8,5.7625,5.8208,"Trà Vinh xã Dân Thành, TX Duyên Hải (KK)",South
29098314940209976158571475636,2023-10-26 23:00:00,2023-10-27 03:00:00,5,5.8,5.8008,5.85,"Trà Vinh xã Dân Thành, TX Duyên Hải (KK)",South
29098314940209976158571475636,2023-11-01 02:00:00,2023-11-01 06:00:00,5,6.0,5.9508,6.0036,"Trà Vinh xã Dân Thành, TX Duyên Hải (KK)",South
29098314940209976158571475636,2023-11-10 13:00:00,2023-11-10 17:00:00,5,6.0,5.9617,6.0308,"Trà Vinh xã Dân Thành, TX Duyên Hải (KK)",South
29098314940209976158571475636,2023-11-14 23:00:00,2023-11-15 03:00:00,5,6.2,6.1683,6.2167,"Trà Vinh xã Dân Thành, TX Duyên Hải (KK)",South
29098314940209976158571475636,2023-11-18 06:00:00,2023-11-18 10:00:00,5,6.0,5.9567,6.0175,"Trà Vinh xã Dân Thành, TX Duyên Hải (KK)",South
29098314940209976158571475636,2023-11-19 01:00:00,2023-11-19 05:00:00,5,6.1,6.0527,6.1208,"Trà Vinh xã Dân Thành, TX Duyên Hải (KK)",South
29098314940209976158571475636,2023-11-20 07:00:00,2023-11-20 11:00:00,5,6.2,6.175,6.2233,"Trà Vinh xã Dân Thành, TX Duyên Hải (KK)",South
29098314940209976158571475636,2023-12-05 18:00:00,2023-12-05 22:00:00,5,6.4,6.3617,6.4317,"Trà Vinh xã Dân Thành, TX Duyên Hải (KK)",South
29098314940209976158571475636,2023-12-11 00:00:00,2023-12-11 04:00:00,5,6.0,5.9567,6.045,"Trà Vinh xã Dân Thành, TX Duyên Hải (KK)",South
29098314940209976158571475636,2023-12-15 03:00:00,2023-12-15 07:00:00,5,6.2,6.1845,6.235,"Trà Vinh xã Dân Thành, TX Duyên Hải (KK)",South
29098314940209976158571475636,2023-12-17 04:00:00,2023-12-17 08:00:00,5,6.2,6.15,6.1925,"Trà Vinh xã Dân Thành, TX Duyên Hải (KK)",South
29098314940209976158571475636,2023-12-23 08:00:00,2023-12-23 12:00:00,5,5.9,5.8692,5.9125,"Trà Vinh xã Dân Thành, TX Duyên Hải (KK)",South
29098314940209976158571475636,2023-12-26 03:00:00,2023-12-26 07:00:00,5,6.2,6.15,6.2475,"Trà Vinh xã Dân Thành, TX Duyên Hải (KK)",South
29098314940209976158571475636,2023-12-30 02:00:00,2023-12-30 06:00:00,5,6.4,6.3592,6.4109,"Trà Vinh xã Dân Thành, TX Duyên Hải (KK)",South
29098314940209976158571475636,2024-01-05 23:00:00,2024-01-06 03:00:00,5,6.3,6.2783,6.3391,"Trà Vinh xã Dân Thành, TX Duyên Hải (KK)",South
29098314940209976158571475636,2024-01-06 08:00:00,2024-01-06 12:00:00,5,6.4,6.3542,6.4492,"Trà Vinh xã Dân Thành, TX Duyên Hải (KK)",South
29098314940209976158571475636,2024-01-07 03:00:00,2024-01-07 07:00:00,5,6.5,6.4733,6.5142,"Trà Vinh xã Dân Thành, TX Duyên Hải (KK)",South
29098314940209976158571475636,2024-01-08 06:00:00,2024-01-08 10:00:00,5,6.3,6.2642,6.3358,"Trà Vinh xã Dân Thành, TX Duyên Hải (KK)",South
29098314940209976158571475636,2024-01-20 11:00:00,2024-01-20 15:00:00,5,6.3,6.2625,6.2825,"Trà Vinh xã Dân Thành, TX Duyên Hải (KK)",South
29098314940209976158571475636,2024-01-29 05:00:00,2024-01-29 09:00:00,5,6.2,6.1742,6.2258,"Trà Vinh xã Dân Thành, TX Duyên Hải (KK)",South
29098314940209976158571475636,2024-02-01 17:00:00,2024-02-01 21:00:00,5,6.1,6.0942,6.1491,"Trà Vinh xã Dân Thành, TX Duyên Hải (KK)",South
29098314940209976158571475636,2024-02-02 22:00:00,2024-02-03 02:00:00,5,5.9,5.9122,5.9483,"Trà Vinh xã Dân Thành, TX Duyên Hải (KK)",South
29098314940209976158571475636,2024-02-03 03:00:00,2024-02-03 07:00:00,5,6.0,5.95,6.015,"Trà Vinh xã Dân Thành, TX Duyên Hải (KK)",South
29098314940209976158571475636,2024-02-04 21:00:00,2024-02-05 01:00:00,5,6.0,5.9675,6.0008,"Trà Vinh xã Dân Thành, TX Duyên Hải (KK)",South
29098314940209976158571475636,2024-02-08 09:00:00,2024-02-08 13:00:00,5,6.0,5.9517,5.9983,"Trà Vinh xã Dân Thành, TX Duyên Hải (KK)",South
29098314940209976158571475636,2024-02-14 09:00:00,2024-02-14 13:00:00,5,6.2,6.1658,6.2417,"Trà Vinh xã Dân Thành, TX Duyên Hải (KK)",South
29098314940209976158571475636,2024-02-15 13:00:00,2024-02-15 17:00:00,5,6.2,6.1636,6.2391,"Trà Vinh xã Dân Thành, TX Duyên Hải (KK)",South
29098314940209976158571475636,2024-02-20 01:00:00,2024-02-20 05:00:00,5,5.9,5.8982,5.9355,"Trà Vinh xã Dân Thành, TX Duyên Hải (KK)",South
29098314940209976158571475636,2024-02-21 09:00:00,2024-02-21 13:00:00,5,6.0,5.9875,6.0155,"Trà Vinh xã Dân Thành, TX Duyên Hải (KK)",South
29098314940209976158571475636,2024-02-26 03:00:00,2024-02-26 07:00:00,5,6.2,6.2025,6.2383,"Trà Vinh xã Dân Thành, TX Duyên Hải (KK)",South
29098314940209976158571475636,2024-02-27 10:00:00,2024-02-27 14:00:00,5,6.2,6.162,6.2325,"Trà Vinh xã Dân Thành, TX Duyên Hải (KK)",South
29098314940209976158571475636,2024-03-04 20:00:00,2024-03-05 00:00:00,5,6.1,6.0717,6.1175,"Trà Vinh xã Dân Thành, TX Duyên Hải (KK)",South
29098314940209976158571475636,2024-03-05 07:00:00,2024-03-05 11:00:00,5,6.2,6.1767,6.2383,"Trà Vinh xã Dân Thành, TX Duyên Hải (KK)",South
29098314940209976158571475636,2024-03-06 14:00:00,2024-03-06 18:00:00,5,6.0,5.9808,6.0267,"Trà Vinh xã Dân Thành, TX Duyên Hải (KK)",South
29098314940209976158571475636,2024-03-11 03:00:00,2024-03-11 07:00:00,5,6.2,6.1533,6.2467,"Trà Vinh xã Dân Thành, TX Duyên Hải (KK)",South
29098314940209976158571475636,2024-03-11 17:00:00,2024-03-11 21:00:00,5,6.2,6.1575,6.2408,"Trà Vinh xã Dân Thành, TX Duyên Hải (KK)",South
29098314940209976158571475636,2024-03-15 08:00:00,2024-03-15 12:00:00,5,6.1,6.0708,6.1383,"Trà Vinh xã Dân Thành, TX Duyên Hải (KK)",South
29098314940209976158571475636,2024-03-16 23:00:00,2024-03-17 03:00:00,5,6.0,5.9823,6.0492,"Trà Vinh xã Dân Thành, TX Duyên Hải (KK)",South
29098314940209976158571475636,2024-03-19 05:00:00,2024-03-19 09:00:00,5,6.1,6.0542,6.1292,"Trà Vinh xã Dân Thành, TX Duyên Hải (KK)",South
29098314940209976158571475636,2024-03-25 11:00:00,2024-03-25 15:00:00,5,6.0,5.9567,6.05,"Trà Vinh xã Dân Thành, TX Duyên Hải (KK)",South
29098314940209976158571475636,2024-03-30 02:00:00,2024-03-30 06:00:00,5,10.3,10.265,10.3042,"Trà Vinh xã Dân Thành, TX Duyên Hải (KK)",South
29098314940209976158571475636,2024-04-09 10:00:00,2024-04-09 14:00:00,5,10.4,10.3842,10.4375,"Trà Vinh xã Dân Thành, TX Duyên Hải (KK)",South
29098314940209976158571475636,2024-04-10 02:00:00,2024-04-10 06:00:00,5,10.4,10.3558,10.4467,"Trà Vinh xã Dân Thành, TX Duyên Hải (KK)",South
29098314940209976158571475636,2024-04-16 19:00:00,2024-04-16 23:00:00,5,10.2,10.2008,10.2492,"Trà Vinh xã Dân Thành, TX Duyên Hải (KK)",South
29098314940209976158571475636,2024-04-25 19:00:00,2024-04-25 23:00:00,5,10.2,10.18,10.2383,"Trà Vinh xã Dân Thành, TX Duyên Hải (KK)",South
29098314940209976158571475636,2024-04-26 12:00:00,2024-04-26 16:00:00,5,10.2,10.1642,10.2255,"Trà Vinh xã Dân Thành, TX Duyên Hải (KK)",South
29098314940209976158571475636,2024-04-27 06:00:00,2024-04-27 10:00:00,5,10.2,10.1958,10.2433,"Trà Vinh xã Dân Thành, TX Duyên Hải (KK)",South
29098314940209976158571475636,2024-04-29 01:00:00,2024-04-29 05:00:00,5,10.1,10.0617,10.1333,"Trà Vinh xã Dân Thành, TX Duyên Hải (KK)",South
29098314940209976158571475636,2024-05-04 01:00:00,2024-05-04 05:00:00,5,10.2,10.1525,10.2092,"Trà Vinh xã Dân Thành, TX Duyên Hải (KK)",South
29098314940209976158571475636,2024-05-12 01:00:00,2024-05-12 05:00:00,5,10.4,10.3533,10.41,"Trà Vinh xã Dân Thành, TX Duyên Hải (KK)",South
29098314940209976158571475636,2024-05-12 23:00:00,2024-05-13 03:00:00,5,10.3,10.2555,10.3217,"Trà Vinh xã Dân Thành, TX Duyên Hải (KK)",South
29098314940209976158571475636,2024-05-14 07:00:00,2024-05-14 11:00:00,5,10.2,10.1636,10.2333,"Trà Vinh xã Dân Thành, TX Duyên Hải (KK)",South
29098314940209976158571475636,2024-05-17 11:00:00,2024-05-17 15:00:00,5,10.3,10.2525,10.2933,"Trà Vinh xã Dân Thành, TX Duyên Hải (KK)",South
29098314940209976158571475636,2024-05-24 20:00:00,2024-05-25 00:00:00,5,10.2,10.1533,10.2058,"Trà Vinh xã Dân Thành, TX Duyên Hải (KK)",South
29098314940209976158571475636,2024-05-26 03:00:00,2024-05-26 07:00:00,5,10.2,10.1583,10.2275,"Trà Vinh xã Dân Thành, TX Duyên Hải (KK)",South
29098314940209976158571475636,2024-05-27 16:00:00,2024-05-27 20:00:00,5,10.2,10.1642,10.2317,"Trà Vinh xã Dân Thành, TX Duyên Hải (KK)",South
29098314940209976158571475636,2024-06-04 23:00:00,2024-06-05 03:00:00,5,10.3,10.2831,10.3483,"Trà Vinh xã Dân Thành, TX Duyên Hải (KK)",South
29098314940209976158571475636,2024-06-08 05:00:00,2024-06-08 09:00:00,5,10.5,10.4758,10.5467,"Trà Vinh xã Dân Thành, TX Duyên Hải (KK)",South
29098314940209976158571475636,2024-06-13 18:00:00,2024-06-13 22:00:00,5,10.4,10.3692,10.4292,"Trà Vinh xã Dân Thành, TX Duyên Hải (KK)",South
29098314940209976158571475636,2024-06-21 11:00:00,2024-06-21 15:00:00,5,10.5,10.4508,10.5092,"Trà Vinh xã Dân Thành, TX Duyên Hải (KK)",South
29098314940209976158571475636,2024-06-23 01:00:00,2024-06-23 05:00:00,5,10.1,10.1015,10.13,"Trà Vinh xã Dân Thành, TX Duyên Hải (KK)",South
29098314940209976158571475636,2024-06-23 11:00:00,2024-06-23 15:00:00,5,10.2,10.1517,10.2225,"Trà Vinh xã Dân Thành, TX Duyên Hải (KK)",South
29098314940209976158571475636,2024-06-24 22:00:00,2024-06-25 02:00:00,5,10.3,10.2509,10.3491,"Trà Vinh xã Dân Thành, TX Duyên Hải (KK)",South
29098314940209976158571475636,2024-06-25 03:00:00,2024-06-25 07:00:00,5,10.1,10.06,10.1017,"Trà Vinh xã Dân Thành, TX Duyên Hải (KK)",South
29098314940209976158571475636,2024-06-25 12:00:00,2024-06-25 16:00:00,5,10.2,10.155,10.245,"Trà Vinh xã Dân Thành, TX Duyên Hải (KK)",South
29098314940209976158571475636,2024-06-26 03:00:00,2024-06-26 07:00:00,5,10.2,10.1758,10.2333,"Trà Vinh xã Dân Thành, TX Duyên Hải (KK)",South
29098314940209976158571475636,2024-06-27 01:00:00,2024-06-27 05:00:00,5,10.2,10.1675,10.2418,"Trà Vinh xã Dân Thành, TX Duyên Hải (KK)",South
29098314940209976158571475636,2024-06-29 13:00:00,2024-06-29 17:00:00,5,10.2,10.1725,10.2383,"Trà Vinh xã Dân Thành, TX Duyên Hải (KK)",South
29098314940209976158571475636,2024-07-01 15:00:00,2024-07-01 19:00:00,5,10.1,10.1325,10.1475,"Trà Vinh xã Dân Thành, TX Duyên Hải (KK)",South
29098314940209976158571475636,2024-07-11 20:00:00,2024-07-12 00:00:00,5,10.1,10.0536,10.1183,"Trà Vinh xã Dân Thành, TX Duyên Hải (KK)",South
29098314940209976158571475636,2024-07-16 23:00:00,2024-07-17 03:00:00,5,10.2,10.1518,10.2125,"Trà Vinh xã Dân Thành, TX Duyên Hải (KK)",South
29098314940209976158571475636,2024-07-19 15:00:00,2024-07-19 19:00:00,5,10.2,10.1567,10.2267,"Trà Vinh xã Dân Thành, TX Duyên Hải (KK)",South
29098314940209976158571475636,2024-07-21 16:00:00,2024-07-21 20:00:00,5,10.2,10.188,10.2383,"Trà Vinh xã Dân Thành, TX Duyên Hải (KK)",South
29098314940209976158571475636,2024-07-21 23:00:00,2024-07-22 03:00:00,5,10.2,10.1954,10.2375,"Trà Vinh xã Dân Thành, TX Duyên Hải (KK)",South
29098314940209976158571475636,2024-07-22 22:00:00,2024-07-23 02:00:00,5,10.2,10.1675,10.2123,"Trà Vinh xã Dân Thành, TX Duyên Hải (KK)",South
29098314940209976158571475636,2024-07-25 07:00:00,2024-07-25 11:00:00,5,10.6,10.5725,10.645,"Trà Vinh xã Dân Thành, TX Duyên Hải (KK)",South
29098314940209976158571475636,2024-07-27 08:00:00,2024-07-27 12:00:00,5,10.2,10.1658,10.2183,"Trà Vinh xã Dân Thành, TX Duyên Hải (KK)",South
29098314940209976158571475636,2024-07-29 14:00:00,2024-07-29 18:00:00,5,10.4,10.3508,10.3767,"Trà Vinh xã Dân Thành, TX Duyên Hải (KK)",South
29098314940209976158571475636,2024-08-01 20:00:00,2024-08-02 00:00:00,5,10.2,10.15,10.2308,"Trà Vinh xã Dân Thành, TX Duyên Hải (KK)",South
29098314940209976158571475636,2024-08-04 17:00:00,2024-08-04 21:00:00,5,10.1,10.0633,10.0875,"Trà Vinh xã Dân Thành, TX Duyên Hải (KK)",South
29098314940209976158571475636,2024-08-05 21:00:00,2024-08-06 01:00:00,5,10.1,10.09,10.1433,"Trà Vinh xã Dân Thành, TX Duyên Hải (KK)",South
29098314940209976158571475636,2024-08-06 12:00:00,2024-08-06 16:00:00,5,10.2,10.175,10.2417,"Trà Vinh xã Dân Thành, TX Duyên Hải (KK)",South
29098314940209976158571475636,2024-08-07 17:00:00,2024-08-07 21:00:00,5,10.2,10.1883,10.2217,"Trà Vinh xã Dân Thành, TX Duyên Hải (KK)",South
29098314940209976158571475636,2024-08-10 14:00:00,2024-08-10 18:00:00,5,10.2,10.185,10.2158,"Trà Vinh xã Dân Thành, TX Duyên Hải (KK)",South
29098314940209976158571475636,2024-08-16 17:00:00,2024-08-16 21:00:00,5,10.2,10.1725,10.25,"Trà Vinh xã Dân Thành, TX Duyên Hải (KK)",South
29098314940209976158571475636,2024-08-18 21:00:00,2024-08-19 01:00:00,5,10.1,10.0725,10.1382,"Trà Vinh xã Dân Thành, TX Duyên Hải (KK)",South
29098314940209976158571475636,2024-08-22 02:00:00,2024-08-22 06:00:00,5,10.2,10.1642,10.2008,"Trà Vinh xã Dân Thành, TX Duyên Hải (KK)",South
29098314940209976158571475636,2024-08-24 13:00:00,2024-08-24 17:00:00,5,10.2,10.1725,10.1942,"Trà Vinh xã Dân Thành, TX Duyên Hải (KK)",South
29098314940209976158571475636,2024-08-25 07:00:00,2024-08-25 11:00:00,5,10.2,10.155,10.1875,"Trà Vinh xã Dân Thành, TX Duyên Hải (KK)",South
29098314940209976158571475636,2024-08-29 03:00:00,2024-08-29 07:00:00,5,10.1,10.0542,10.1283,"Trà Vinh xã Dân Thành, TX Duyên Hải (KK)",South
29098314940209976158571475636,2024-09-08 18:00:00,2024-09-08 22:00:00,5,10.2,10.1542,10.2308,"Trà Vinh xã Dân Thành, TX Duyên Hải (KK)",South
29098314940209976158571475636,2024-09-09 10:00:00,2024-09-09 14:00:00,5,10.2,10.1833,10.1964,"Trà Vinh xã Dân Thành, TX Duyên Hải (KK)",South
29098314940209976158571475636,2024-09-10 21:00:00,2024-09-11 01:00:00,5,10.5,10.4664,10.5125,"Trà Vinh xã Dân Thành, TX Duyên Hải (KK)",South
29098314940209976158571475636,2024-09-12 15:00:00,2024-09-12 19:00:00,5,10.1,10.0883,10.1392,"Trà Vinh xã Dân Thành, TX Duyên Hải (KK)",South
29098314940209976158571475636,2024-09-28 19:00:00,2024-09-28 23:00:00,5,10.2,10.1625,10.2358,"Trà Vinh xã Dân Thành, TX Duyên Hải (KK)",South
29098314940209976158571475636,2024-10-02 01:00:00,2024-10-02 05:00:00,5,10.2,10.1564,10.2217,"Trà Vinh xã Dân Thành, TX Duyên Hải (KK)",South
29098314940209976158571475636,2024-10-04 22:00:00,2024-10-05 02:00:00,5,10.5,10.4608,10.5008,"Trà Vinh xã Dân Thành, TX Duyên Hải (KK)",South
29098314940209976158571475636,2024-10-20 21:00:00,2024-10-21 01:00:00,5,10.1,10.0708,10.1109,"Trà Vinh xã Dân Thành, TX Duyên Hải (KK)",South
29098314940209976158571475636,2024-10-29 20:00:00,2024-10-30 00:00:00,5,10.3,10.2717,10.3283,"Trà Vinh xã Dân Thành, TX Duyên Hải (KK)",South
29098314940209976158571475636,2024-10-30 03:00:00,2024-10-30 07:00:00,5,10.1,10.09,10.1275,"Trà Vinh xã Dân Thành, TX Duyên Hải (KK)",South
29098314940209976158571475636,2024-10-31 06:00:00,2024-10-31 10:00:00,5,10.1,10.1175,10.1342,"Trà Vinh xã Dân Thành, TX Duyên Hải (KK)",South
29098314940209976158571475636,2024-10-31 22:00:00,2024-11-01 02:00:00,5,10.2,10.1525,10.2358,"Trà Vinh xã Dân Thành, TX Duyên Hải (KK)",South
29098314940209976158571475636,2024-11-01 15:00:00,2024-11-01 19:00:00,5,10.2,10.1783,10.25,"Trà Vinh xã Dân Thành, TX Duyên Hải (KK)",South
29098314940209976158571475636,2024-11-02 04:00:00,2024-11-02 08:00:00,5,10.1,10.0908,10.1375,"Trà Vinh xã Dân Thành, TX Duyên Hải (KK)",South
29098314940209976158571475636,2024-11-07 02:00:00,2024-11-07 06:00:00,5,10.2,10.1846,10.2425,"Trà Vinh xã Dân Thành, TX Duyên Hải (KK)",South
29098314940209976158571475636,2024-11-08 22:00:00,2024-11-09 02:00:00,5,10.3,10.2592,10.3373,"Trà Vinh xã Dân Thành, TX Duyên Hải (KK)",South
29098314940209976158571475636,2024-11-15 00:00:00,2024-11-15 04:00:00,5,10.2,10.1733,10.2027,"Trà Vinh xã Dân Thành, TX Duyên Hải (KK)",South
29098314940209976158571475636,2024-11-18 02:00:00,2024-11-18 06:00:00,5,10.4,10.3675,10.4291,"Trà Vinh xã Dân Thành, TX Duyên Hải (KK)",South
29098314940209976158571475636,2024-11-23 00:00:00,2024-11-23 04:00:00,5,10.3,10.2845,10.3282,"Trà Vinh xã Dân Thành, TX Duyên Hải (KK)",South
29098314940209976158571475636,2024-11-29 06:00:00,2024-11-29 10:00:00,5,10.3,10.2533,10.29,"Trà Vinh xã Dân Thành, TX Duyên Hải (KK)",South
29098314940209976158571475636,2024-12-01 07:00:00,2024-12-01 11:00:00,5,10.3,10.2742,10.3392,"Trà Vinh xã Dân Thành, TX Duyên Hải (KK)",South
29098314940209976158571475636,2024-12-02 19:00:00,2024-12-02 23:00:00,5,10.6,10.5667,10.6483,"Trà Vinh xã Dân Thành, TX Duyên Hải (KK)",South
29098314940209976158571475636,2024-12-09 02:00:00,2024-12-09 06:00:00,5,10.3,10.2867,10.3485,"Trà Vinh xã Dân Thành, TX Duyên Hải (KK)",South
29098314940209976158571475636,2024-12-13 19:00:00,2024-12-13 23:00:00,5,10.2,10.1625,10.2445,"Trà Vinh xã Dân Thành, TX Duyên Hải (KK)",South
29098314940209976158571475636,2024-12-24 10:00:00,2024-12-24 14:00:00,5,10.2,10.195,10.2325,"Trà Vinh xã Dân Thành, TX Duyên Hải (KK)",South
29098314940209976158571475636,2025-01-02 02:00:00,2025-01-02 06:00:00,5,10.2,10.1867,10.2325,"Trà Vinh xã Dân Thành, TX Duyên Hải (KK)",South
29098314940209976158571475636,2025-01-11 07:00:00,2025-01-11 11:00:00,5,10.5,10.4533,10.5025,"Trà Vinh xã Dân Thành, TX Duyên Hải (KK)",South
29098314940209976158571475636,2025-01-12 08:00:00,2025-01-12 12:00:00,5,10.3,10.2958,10.305,"Trà Vinh xã Dân Thành, TX Duyên Hải (KK)",South
29098314940209976158571475636,2025-01-14 00:00:00,2025-01-14 04:00:00,5,10.4,10.3625,10.4325,"Trà Vinh xã Dân Thành, TX Duyên Hải (KK)",South
29098314940209976158571475636,2025-01-14 05:00:00,2025-01-14 09:00:00,5,10.3,10.2667,10.3292,"Trà Vinh xã Dân Thành, TX Duyên Hải (KK)",South
29098314940209976158571475636,2025-01-15 01:00:00,2025-01-15 05:00:00,5,10.2,10.21,10.235,"Trà Vinh xã Dân Thành, TX Duyên Hải (KK)",South
29098314940209976158571475636,2025-01-15 21:00:00,2025-01-16 01:00:00,5,10.5,10.4508,10.5345,"Trà Vinh xã Dân Thành, TX Duyên Hải (KK)",South
29098314940209976158571475636,2025-01-27 01:00:00,2025-01-27 05:00:00,5,10.6,10.5531,10.6158,"Trà Vinh xã Dân Thành, TX Duyên Hải (KK)",South
29098314940209976158571475636,2025-01-28 23:00:00,2025-01-29 03:00:00,5,10.4,10.3608,10.4333,"Trà Vinh xã Dân Thành, TX Duyên Hải (KK)",South
29098319146067624969113973428,2023-02-15 16:00:00,2023-02-15 20:00:00,5,1.2,1.21,1.2108,"Trà Vinh xã Đông Hải, huyện Duyên Hải (KK)",South
29098319146067624969113973428,2023-02-21 13:00:00,2023-02-21 17:00:00,5,1.2,1.21,1.2108,"Trà Vinh xã Đông Hải, huyện Duyên Hải (KK)",South
29098319146067624969113973428,2023-02-24 06:00:00,2023-02-24 10:00:00,5,1.2,1.21,1.24,"Trà Vinh xã Đông Hải, huyện Duyên Hải (KK)",South
29098319146067624969113973428,2023-02-24 18:00:00,2023-02-24 22:00:00,5,1.2,1.21,1.2108,"Trà Vinh xã Đông Hải, huyện Duyên Hải (KK)",South
29098319146067624969113973428,2023-03-07 11:00:00,2023-03-07 15:00:00,5,1.2,1.21,1.2108,"Trà Vinh xã Đông Hải, huyện Duyên Hải (KK)",South
29098319146067624969113973428,2023-03-09 12:00:00,2023-03-09 16:00:00,5,1.2,1.21,1.2108,"Trà Vinh xã Đông Hải, huyện Duyên Hải (KK)",South
29098319146067624969113973428,2023-03-10 09:00:00,2023-03-10 13:00:00,5,1.2,1.21,1.2108,"Trà Vinh xã Đông Hải, huyện Duyên Hải (KK)",South
29098319146067624969113973428,2023-03-13 12:00:00,2023-03-13 16:00:00,5,1.2,1.21,1.2108,"Trà Vinh xã Đông Hải, huyện Duyên Hải (KK)",South
29098319146067624969113973428,2023-03-14 14:00:00,2023-03-14 18:00:00,5,1.2,1.21,1.2108,"Trà Vinh xã Đông Hải, huyện Duyên Hải (KK)",South
29098319146067624969113973428,2023-03-17 11:00:00,2023-03-17 15:00:00,5,1.2,1.21,1.2108,"Trà Vinh xã Đông Hải, huyện Duyên Hải (KK)",South
29098319146067624969113973428,2023-03-18 06:00:00,2023-03-18 10:00:00,5,1.2,1.21,1.214,"Trà Vinh xã Đông Hải, huyện Duyên Hải (KK)",South
29098319146067624969113973428,2023-03-21 13:00:00,2023-03-21 17:00:00,5,1.2,1.21,1.2108,"Trà Vinh xã Đông Hải, huyện Duyên Hải (KK)",South
29098319146067624969113973428,2023-03-28 10:00:00,2023-03-28 14:00:00,5,1.2,1.21,1.2108,"Trà Vinh xã Đông Hải, huyện Duyên Hải (KK)",South
29098319146067624969113973428,2023-03-29 09:00:00,2023-03-29 13:00:00,5,1.2,1.21,1.2108,"Trà Vinh xã Đông Hải, huyện Duyên Hải (KK)",South
29098319146067624969113973428,2023-03-31 13:00:00,2023-03-31 17:00:00,5,1.2,1.21,1.2108,"Trà Vinh xã Đông Hải, huyện Duyên Hải (KK)",South
29098319146067624969113973428,2023-04-05 10:00:00,2023-04-05 14:00:00,5,1.2,1.21,1.2108,"Trà Vinh xã Đông Hải, huyện Duyên Hải (KK)",South
29098319146067624969113973428,2023-04-06 04:00:00,2023-04-06 08:00:00,5,1.2,1.21,1.2108,"Trà Vinh xã Đông Hải, huyện Duyên Hải (KK)",South
29098319146067624969113973428,2023-04-06 12:00:00,2023-04-06 16:00:00,5,1.2,1.21,1.2108,"Trà Vinh xã Đông Hải, huyện Duyên Hải (KK)",South
29098319146067624969113973428,2023-04-06 21:00:00,2023-04-07 01:00:00,5,1.2,1.21,1.2108,"Trà Vinh xã Đông Hải, huyện Duyên Hải (KK)",South
29098319146067624969113973428,2023-04-11 15:00:00,2023-04-11 19:00:00,5,1.2,1.21,1.2108,"Trà Vinh xã Đông Hải, huyện Duyên Hải (KK)",South
29098319146067624969113973428,2023-04-17 14:00:00,2023-04-17 18:00:00,5,1.2,1.21,1.2108,"Trà Vinh xã Đông Hải, huyện Duyên Hải (KK)",South
29098319146067624969113973428,2023-06-19 00:00:00,2023-06-19 04:00:00,5,1.2,1.21,1.21,"Trà Vinh xã Đông Hải, huyện Duyên Hải (KK)",South
29098319146067624969113973428,2024-04-28 11:00:00,2024-04-28 15:00:00,5,1.1,1.0742,1.1483,"Trà Vinh xã Đông Hải, huyện Duyên Hải (KK)",South
29098319146067624969113973428,2024-06-04 04:00:00,2024-06-04 08:00:00,5,3.0,2.9558,3.0418,"Trà Vinh xã Đông Hải, huyện Duyên Hải (KK)",South
29098319146067624969113973428,2025-07-28 01:00:00,2025-07-28 05:00:00,5,6.2,6.1592,6.2264,"Trà Vinh xã Đông Hải, huyện Duyên Hải (KK)",South
29996239538320865599553202177,2023-04-20 14:00:00,2023-04-20 18:00:00,5,0.3,0.26,0.3258,Tây Ninh Thị xã Trảng Bàng (KK),South
29996239538320865599553202177,2023-04-23 23:00:00,2023-04-24 03:00:00,5,0.4,0.3808,0.4433,Tây Ninh Thị xã Trảng Bàng (KK),South
29996239538320865599553202177,2023-04-24 19:00:00,2023-04-24 23:00:00,5,0.3,0.3042,0.3425,Tây Ninh Thị xã Trảng Bàng (KK),South
29996239538320865599553202177,2023-04-26 22:00:00,2023-04-27 02:00:00,5,0.3,0.2817,0.34,Tây Ninh Thị xã Trảng Bàng (KK),South
29996239538320865599553202177,2023-05-05 04:00:00,2023-05-05 08:00:00,5,0.3,0.2742,0.3067,Tây Ninh Thị xã Trảng Bàng (KK),South
29996239538320865599553202177,2023-05-05 15:00:00,2023-05-05 19:00:00,5,0.3,0.2975,0.3425,Tây Ninh Thị xã Trảng Bàng (KK),South
29996239538320865599553202177,2023-05-06 15:00:00,2023-05-06 19:00:00,5,0.3,0.2592,0.3442,Tây Ninh Thị xã Trảng Bàng (KK),South
29996239538320865599553202177,2023-05-13 07:00:00,2023-05-13 11:00:00,5,0.3,0.285,0.345,Tây Ninh Thị xã Trảng Bàng (KK),South
29996239538320865599553202177,2023-05-16 04:00:00,2023-05-16 08:00:00,5,0.3,0.2992,0.3383,Tây Ninh Thị xã Trảng Bàng (KK),South
29996239538320865599553202177,2023-05-18 03:00:00,2023-05-18 07:00:00,5,0.3,0.2725,0.3467,Tây Ninh Thị xã Trảng Bàng (KK),South
29996239538320865599553202177,2023-05-18 21:00:00,2023-05-19 01:00:00,5,0.4,0.38,0.4108,Tây Ninh Thị xã Trảng Bàng (KK),South
29996239538320865599553202177,2023-05-19 13:00:00,2023-05-19 17:00:00,5,0.1,0.0608,0.1267,Tây Ninh Thị xã Trảng Bàng (KK),South
29996239538320865599553202177,2023-05-22 04:00:00,2023-05-22 08:00:00,5,0.4,0.3508,0.4408,Tây Ninh Thị xã Trảng Bàng (KK),South
29996239538320865599553202177,2023-05-30 18:00:00,2023-05-30 22:00:00,5,0.3,0.2833,0.3408,Tây Ninh Thị xã Trảng Bàng (KK),South
29996239538320865599553202177,2023-06-01 06:00:00,2023-06-01 10:00:00,5,0.3,0.2742,0.3142,Tây Ninh Thị xã Trảng Bàng (KK),South
29996239538320865599553202177,2023-06-03 15:00:00,2023-06-03 19:00:00,5,0.3,0.255,0.3467,Tây Ninh Thị xã Trảng Bàng (KK),South
29996239538320865599553202177,2023-06-08 04:00:00,2023-06-08 08:00:00,5,0.3,0.2542,0.3083,Tây Ninh Thị xã Trảng Bàng (KK),South
29996239538320865599553202177,2023-06-14 21:00:00,2023-06-15 01:00:00,5,0.4,0.3525,0.4358,Tây Ninh Thị xã Trảng Bàng (KK),South
29996239538320865599553202177,2023-06-21 00:00:00,2023-06-21 04:00:00,5,0.3,0.2542,0.3433,Tây Ninh Thị xã Trảng Bàng (KK),South
29996239538320865599553202177,2023-07-09 07:00:00,2023-07-09 11:00:00,5,0.3,0.2958,0.3455,Tây Ninh Thị xã Trảng Bàng (KK),South
29996239538320865599553202177,2023-07-09 14:00:00,2023-07-09 18:00:00,5,0.3,0.2717,0.339,Tây Ninh Thị xã Trảng Bàng (KK),South
29996239538320865599553202177,2023-07-22 03:00:00,2023-07-22 07:00:00,5,0.4,0.3967,0.4492,Tây Ninh Thị xã Trảng Bàng (KK),South
29996239538320865599553202177,2023-07-24 00:00:00,2023-07-24 04:00:00,5,0.4,0.3525,0.4233,Tây Ninh Thị xã Trảng Bàng (KK),South
29996239538320865599553202177,2023-08-01 22:00:00,2023-08-02 02:00:00,5,0.3,0.2692,0.3417,Tây Ninh Thị xã Trảng Bàng (KK),South
31616865099255512061948816121,2024-06-18 08:00:00,2024-06-18 12:00:00,5,0.3,0.26,0.3179,Đà Nẵng Phạm Hùng (KK),Unknown
31616865099255512061948816121,2024-10-18 04:00:00,2024-10-18 08:00:00,5,0.3,0.2543,0.3381,Đà Nẵng Phạm Hùng (KK),Unknown
