station_id,station_name,neighbor_rank,neighbor_id,neighbor_name,distance_km
28505268571336961948594948504,Phú Thọ đường Hùng Vương - Tp Việt Trì (KK),1,31651502905690497791503780869,Thái Nguyên Sân vận động Gang thép - P Trung Thành - TP Thái Nguyên (KK),56.83
28505268571336961948594948504,Phú Thọ đường Hùng Vương - Tp Việt Trì (KK),2,31390908889087377344742439468,Hà Nội Công viên Nhân Chính - Khuất Duy Tiến (KK),57.97
28505268571336961948594948504,Phú Thọ đường Hùng Vương - Tp Việt Trì (KK),3,31390903576425084107499649578,Hà Nội ĐHBK cổng Parabol đường Giải Phóng (KK),61.64
28505268571336961948594948504,Phú Thọ đường Hùng Vương - Tp Việt Trì (KK),4,28560877461938780203765592307,Hà Nội 556 Nguyễn Văn Cừ (KK),62.43
28505268571336961948594948504,Phú Thọ đường Hùng Vương - Tp Việt Trì (KK),5,29196010501691076420299004774,Bắc Ninh TT Quan trắc - phường Suối Hoa - TP Bắc Ninh (KK),75.17
28505268571336961948594948504,Phú Thọ đường Hùng Vương - Tp Việt Trì (KK),6,28916774462801800655608897080,Bắc Ninh UBND xã Xuân Lâm - Thuận Thành (KK),75.91
28505268571336961948594948504,Phú Thọ đường Hùng Vương - Tp Việt Trì (KK),7,28916504310234840885489983032,Bắc Ninh Khu liên cơ Thuận Thành - thị trấn Hồ (KK),77.33
28505268571336961948594948504,Phú Thọ đường Hùng Vương - Tp Việt Trì (KK),8,29196021237696127337075448678,Bắc Ninh UBND xã Cao Đức - Gia Bình (KK),98.91
28505268571336961948594948504,Phú Thọ đường Hùng Vương - Tp Việt Trì (KK),9,31390921469766835629621918251,Hưng Yên số 437 Nguyễn Văn Linh - Tp Hưng Yên (KK),104.03
28505268571336961948594948504,Phú Thọ đường Hùng Vương - Tp Việt Trì (KK),10,31388883344354363840031242796,Hà Nam Công Viên Nam Cao - P.Quang Trung - TP. Phủ Lý (KK),105.89
28505268571336961948594948504,Phú Thọ đường Hùng Vương - Tp Việt Trì (KK),11,31388868531618872623864101418,Hải Dương UBND TP. Hải Dương - 106 Đường Trần Hưng Đạo (KK),109.92
28505268571336961948594948504,Phú Thọ đường Hùng Vương - Tp Việt Trì (KK),12,29518885338952740244749551027,Quảng Ninh Nhuệ Hổ - Đông Triều (KK),126.82
28505268571336961948594948504,Phú Thọ đường Hùng Vương - Tp Việt Trì (KK),13,31390957404024291365397346858,Thái Bình Cầu Thái Bình - Đ. Trần Thái Tông - P. Bồ Xuyên - TP Thái Bình (KK),141.03
28505268571336961948594948504,Phú Thọ đường Hùng Vương - Tp Việt Trì (KK),14,28602837126985114455002404577,Quảng Ninh UBND TP Uông Bí (KK),148.7
28505268571336961948594948504,Phú Thọ đường Hùng Vương - Tp Việt Trì (KK),15,29203727697074312726675247132,"Thái Bình xã Thái Thọ, huyện Thái Thụy (KK)",154.2
28505268571336961948594948504,Phú Thọ đường Hùng Vương - Tp Việt Trì (KK),16,29518872592252585279589451187,Quảng Ninh Km11 - Minh Thành (KK),159.05
28505268571336961948594948504,Phú Thọ đường Hùng Vương - Tp Việt Trì (KK),17,29518852005686198968139908531,Quảng Ninh Gần KCN Cái Lân (KK),178.6
28505268571336961948594948504,Phú Thọ đường Hùng Vương - Tp Việt Trì (KK),18,28602897318711027016899843809,Quảng Ninh Nhà máy tuyển than Nam Cầu Trắng - Hạ Long (KK),188.09
28505268571336961948594948504,Phú Thọ đường Hùng Vương - Tp Việt Trì (KK),19,29518839738601389925132404147,"Quảng Ninh Trung tâm văn hóa thể thao Cẩm Phả, đường Trần Phú, phường Cẩm Trung (KK)",201.09
28505268571336961948594948504,Phú Thọ đường Hùng Vương - Tp Việt Trì (KK),20,28599103930259709512833128161,Quảng Ninh Phường Cẩm Thịnh - Cẩm Phả (KK),208.29
28505268571336961948594948504,Phú Thọ đường Hùng Vương - Tp Việt Trì (KK),21,31388851800421997746903202346,Đà Nẵng Khuôn viên trường ĐH sư phạm Đà Nẵng (KK),656.21
28505268571336961948594948504,Phú Thọ đường Hùng Vương - Tp Việt Trì (KK),22,28505272740301122608933325208,Đà Nẵng 41 đường Lê Duẩn (KK),657.79
28505268571336961948594948504,Phú Thọ đường Hùng Vương - Tp Việt Trì (KK),23,31616865099255512061948816121,Đà Nẵng Phạm Hùng (KK),665.07
28505268571336961948594948504,Phú Thọ đường Hùng Vương - Tp Việt Trì (KK),24,31390944251495766704153049642,Quảng Nam Tiếp giáp Đ. Hùng Vương - KDC Đ. Hồ Xuân Hương (KK),721.62
28505268571336961948594948504,Phú Thọ đường Hùng Vương - Tp Việt Trì (KK),25,31390951371938979254287350314,Quảng Ngãi UBND P. Nguyễn Nghiêm - TP Quảng Ngãi (KK),780.74
28505268571336961948594948504,Phú Thọ đường Hùng Vương - Tp Việt Trì (KK),26,29544533341424688633522251105,Gia Lai KCN Trà Đa - Tp Pleiku (KK),861.63
28505268571336961948594948504,Phú Thọ đường Hùng Vương - Tp Việt Trì (KK),27,31388836637198369136462150188,Bình Định Khuôn viên Cây xanh gần cầu chui đường Hoa Lư - TP. Quy Nhơn (KK),933.79
28505268571336961948594948504,Phú Thọ đường Hùng Vương - Tp Việt Trì (KK),28,31570631866920915749872483233,Bình Định huyện Tuy Phước (KK),936.12
28505268571336961948594948504,Phú Thọ đường Hùng Vương - Tp Việt Trì (KK),29,31390928700890512538630765099,Lâm Đồng Vườn hoa - đối diện THCS Lam Sơn - Phường 6 - TP Đà Lạt (KK),1093.34
28505268571336961948594948504,Phú Thọ đường Hùng Vương - Tp Việt Trì (KK),30,29996239538320865599553202177,Tây Ninh Thị xã Trảng Bàng (KK),1151.06
28505268571336961948594948504,Phú Thọ đường Hùng Vương - Tp Việt Trì (KK),31,31390939012620449761949792810,Ninh Thuận Công viên (bến xe cũ) - Đ. Thống Nhất - P. Thanh Sơn - TP Phan Rang (KK),1152.37
28505268571336961948594948504,Phú Thọ đường Hùng Vương - Tp Việt Trì (KK),32,31388839920718814259329251882,"Bình Dương số 593 Đại lộ Bình Dương, P. Hiệp Thành (KK)",1158.65
28505268571336961948594948504,Phú Thọ đường Hùng Vương - Tp Việt Trì (KK),33,31390912357075263208060500522,HCM Khu Liên cơ quan Bộ Tài Nguyên và Môi Trường - số 20 Đ. Lý Chính Thắng (KK),1182.16
28505268571336961948594948504,Phú Thọ đường Hùng Vương - Tp Việt Trì (KK),34,31390916083317566102523755051,HCM Đ. Lê Hữu Kiều - P. Bình Trưng Tây - Quận 2 (Ngã ba Lê Hữu Kiểu và Trương Văn Bang) (KK),1182.97
28505268571336961948594948504,Phú Thọ đường Hùng Vương - Tp Việt Trì (KK),35,31390932574706768021562473002,Long An UBND Tp Tân An - 76 Hùng Vương - P.2 (KK),1205.94
28505268571336961948594948504,Phú Thọ đường Hùng Vương - Tp Việt Trì (KK),36,31390965631272148257054013994,Vũng Tàu Đ. Huyền Trân Công Chúa - Phường 8 - TP Vũng Tàu,1222.75
28505268571336961948594948504,Phú Thọ đường Hùng Vương - Tp Việt Trì (KK),37,30991938797551443885460120607,"Sóc Trăng Sở TNMT - 16 Hùng Vương, P.6, Tp. Sóc Trăng (KK)",1305.33
28505268571336961948594948504,Phú Thọ đường Hùng Vương - Tp Việt Trì (KK),38,29098314940209976158571475636,"Trà Vinh xã Dân Thành, TX Duyên Hải (KK)",1311.17
28505268571336961948594948504,Phú Thọ đường Hùng Vương - Tp Việt Trì (KK),39,29098319146067624969113973428,"Trà Vinh xã Đông Hải, huyện Duyên Hải (KK)",1313.46
28505272740301122608933325208,Đà Nẵng 41 đường Lê Duẩn (KK),1,31388851800421997746903202346,Đà Nẵng Khuôn viên trường ĐH sư phạm Đà Nẵng (KK),6.33
28505272740301122608933325208,Đà Nẵng 41 đường Lê Duẩn (KK),2,31616865099255512061948816121,Đà Nẵng Phạm Hùng (KK),8.73
28505272740301122608933325208,Đà Nẵng 41 đường Lê Duẩn (KK),3,31390944251495766704153049642,Quảng Nam Tiếp giáp Đ. Hùng Vương - KDC Đ. Hồ Xuân Hương (KK),63.83
28505272740301122608933325208,Đà Nẵng 41 đường Lê Duẩn (KK),4,31390951371938979254287350314,Quảng Ngãi UBND P. Nguyễn Nghiêm - TP Quảng Ngãi (KK),123.21
28505272740301122608933325208,Đà Nẵng 41 đường Lê Duẩn (KK),5,29544533341424688633522251105,Gia Lai KCN Trà Đa - Tp Pleiku (KK),229.48
28505272740301122608933325208,Đà Nẵng 41 đường Lê Duẩn (KK),6,31388836637198369136462150188,Bình Định Khuôn viên Cây xanh gần cầu chui đường Hoa Lư - TP. Quy Nhơn (KK),276.38
28505272740301122608933325208,Đà Nẵng 41 đường Lê Duẩn (KK),7,31570631866920915749872483233,Bình Định huyện Tuy Phước (KK),278.76
28505272740301122608933325208,Đà Nẵng 41 đường Lê Duẩn (KK),8,31390928700890512538630765099,Lâm Đồng Vườn hoa - đối diện THCS Lam Sơn - Phường 6 - TP Đà Lạt (KK),458.84
28505272740301122608933325208,Đà Nẵng 41 đường Lê Duẩn (KK),9,31390939012620449761949792810,Ninh Thuận Công viên (bến xe cũ) - Đ. Thống Nhất - P. Thanh Sơn - TP Phan Rang (KK),507.37
28505272740301122608933325208,Đà Nẵng 41 đường Lê Duẩn (KK),10,29203727697074312726675247132,"Thái Bình xã Thái Thọ, huyện Thái Thụy (KK)",519.83
28505272740301122608933325208,Đà Nẵng 41 đường Lê Duẩn (KK),11,31390957404024291365397346858,Thái Bình Cầu Thái Bình - Đ. Trần Thái Tông - P. Bồ Xuyên - TP Thái Bình (KK),526.03
28505272740301122608933325208,Đà Nẵng 41 đường Lê Duẩn (KK),12,31388883344354363840031242796,Hà Nam Công Viên Nam Cao - P.Quang Trung - TP. Phủ Lý (KK),552.39
28505272740301122608933325208,Đà Nẵng 41 đường Lê Duẩn (KK),13,28602897318711027016899843809,Quảng Ninh Nhà máy tuyển than Nam Cầu Trắng - Hạ Long (KK),553.64
28505272740301122608933325208,Đà Nẵng 41 đường Lê Duẩn (KK),14,28599103930259709512833128161,Quảng Ninh Phường Cẩm Thịnh - Cẩm Phả (KK),556.13
28505272740301122608933325208,Đà Nẵng 41 đường Lê Duẩn (KK),15,29518839738601389925132404147,"Quảng Ninh Trung tâm văn hóa thể thao Cẩm Phả, đường Trần Phú, phường Cẩm Trung (KK)",557.7
28505272740301122608933325208,Đà Nẵng 41 đường Lê Duẩn (KK),16,29518852005686198968139908531,Quảng Ninh Gần KCN Cái Lân (KK),558.54
28505272740301122608933325208,Đà Nẵng 41 đường Lê Duẩn (KK),17,31390921469766835629621918251,Hưng Yên số 437 Nguyễn Văn Linh - Tp Hưng Yên (KK),558.63
28505272740301122608933325208,Đà Nẵng 41 đường Lê Duẩn (KK),18,29518872592252585279589451187,Quảng Ninh Km11 - Minh Thành (KK),566.8
28505272740301122608933325208,Đà Nẵng 41 đường Lê Duẩn (KK),19,28602837126985114455002404577,Quảng Ninh UBND TP Uông Bí (KK),572.58
28505272740301122608933325208,Đà Nẵng 41 đường Lê Duẩn (KK),20,31388868531618872623864101418,Hải Dương UBND TP. Hải Dương - 106 Đường Trần Hưng Đạo (KK),576.06
28505272740301122608933325208,Đà Nẵng 41 đường Lê Duẩn (KK),21,29518885338952740244749551027,Quảng Ninh Nhuệ Hổ - Đông Triều (KK),582.44
28505272740301122608933325208,Đà Nẵng 41 đường Lê Duẩn (KK),22,31388839920718814259329251882,"Bình Dương số 593 Đại lộ Bình Dương, P. Hiệp Thành (KK)",589.64
28505272740301122608933325208,Đà Nẵng 41 đường Lê Duẩn (KK),23,29196021237696127337075448678,Bắc Ninh UBND xã Cao Đức - Gia Bình (KK),593.17
28505272740301122608933325208,Đà Nẵng 41 đường Lê Duẩn (KK),24,29996239538320865599553202177,Tây Ninh Thị xã Trảng Bàng (KK),595.8
28505272740301122608933325208,Đà Nẵng 41 đường Lê Duẩn (KK),25,28916504310234840885489983032,Bắc Ninh Khu liên cơ Thuận Thành - thị trấn Hồ (KK),596.88
28505272740301122608933325208,Đà Nẵng 41 đường Lê Duẩn (KK),26,28916774462801800655608897080,Bắc Ninh UBND xã Xuân Lâm - Thuận Thành (KK),597.27
28505272740301122608933325208,Đà Nẵng 41 đường Lê Duẩn (KK),27,31390903576425084107499649578,Hà Nội ĐHBK cổng Parabol đường Giải Phóng (KK),602.74
28505272740301122608933325208,Đà Nẵng 41 đường Lê Duẩn (KK),28,31390908889087377344742439468,Hà Nội Công viên Nhân Chính - Khuất Duy Tiến (KK),604.6
28505272740301122608933325208,Đà Nẵng 41 đường Lê Duẩn (KK),29,28560877461938780203765592307,Hà Nội 556 Nguyễn Văn Cừ (KK),605.4
28505272740301122608933325208,Đà Nẵng 41 đường Lê Duẩn (KK),30,31390916083317566102523755051,HCM Đ. Lê Hữu Kiều - P. Bình Trưng Tây - Quận 2 (Ngã ba Lê Hữu Kiểu và Trương Văn Bang) (KK),609.23
28505272740301122608933325208,Đà Nẵng 41 đường Lê Duẩn (KK),31,31390912357075263208060500522,HCM Khu Liên cơ quan Bộ Tài Nguyên và Môi Trường - số 20 Đ. Lý Chính Thắng (KK),611.33
28505272740301122608933325208,Đà Nẵng 41 đường Lê Duẩn (KK),32,29196010501691076420299004774,Bắc Ninh TT Quan trắc - phường Suối Hoa - TP Bắc Ninh (KK),611.73
28505272740301122608933325208,Đà Nẵng 41 đường Lê Duẩn (KK),33,31390965631272148257054013994,Vũng Tàu Đ. Huyền Trân Công Chúa - Phường 8 - TP Vũng Tàu,628.63
28505272740301122608933325208,Đà Nẵng 41 đường Lê Duẩn (KK),34,31390932574706768021562473002,Long An UBND Tp Tân An - 76 Hùng Vương - P.2 (KK),645.9
28505272740301122608933325208,Đà Nẵng 41 đường Lê Duẩn (KK),35,31651502905690497791503780869,Thái Nguyên Sân vận động Gang thép - P Trung Thành - TP Thái Nguyên (KK),655.86
28505272740301122608933325208,Đà Nẵng 41 đường Lê Duẩn (KK),36,28505268571336961948594948504,Phú Thọ đường Hùng Vương - Tp Việt Trì (KK),657.79
28505272740301122608933325208,Đà Nẵng 41 đường Lê Duẩn (KK),37,29098314940209976158571475636,"Trà Vinh xã Dân Thành, TX Duyên Hải (KK)",743.08
28505272740301122608933325208,Đà Nẵng 41 đường Lê Duẩn (KK),38,29098319146067624969113973428,"Trà Vinh xã Đông Hải, huyện Duyên Hải (KK)",746.49
28505272740301122608933325208,Đà Nẵng 41 đường Lê Duẩn (KK),39,30991938797551443885460120607,"Sóc Trăng Sở TNMT - 16 Hùng Vương, P.6, Tp. Sóc Trăng (KK)",758.57
28560877461938780203765592307,Hà Nội 556 Nguyễn Văn Cừ (KK),1,31390903576425084107499649578,Hà Nội ĐHBK cổng Parabol đường Giải Phóng (KK),6.48
28560877461938780203765592307,Hà Nội 556 Nguyễn Văn Cừ (KK),2,31390908889087377344742439468,Hà Nội Công viên Nhân Chính - Khuất Duy Tiến (KK),10.47
28560877461938780203765592307,Hà Nội 556 Nguyễn Văn Cừ (KK),3,28916774462801800655608897080,Bắc Ninh UBND xã Xuân Lâm - Thuận Thành (KK),14.18
28560877461938780203765592307,Hà Nội 556 Nguyễn Văn Cừ (KK),4,28916504310234840885489983032,Bắc Ninh Khu liên cơ Thuận Thành - thị trấn Hồ (KK),15.86
28560877461938780203765592307,Hà Nội 556 Nguyễn Văn Cừ (KK),5,29196010501691076420299004774,Bắc Ninh TT Quan trắc - phường Suối Hoa - TP Bắc Ninh (KK),25.07
28560877461938780203765592307,Hà Nội 556 Nguyễn Văn Cừ (KK),6,29196021237696127337075448678,Bắc Ninh UBND xã Cao Đức - Gia Bình (KK),41.47
28560877461938780203765592307,Hà Nội 556 Nguyễn Văn Cừ (KK),7,31390921469766835629621918251,Hưng Yên số 437 Nguyễn Văn Linh - Tp Hưng Yên (KK),46.79
28560877461938780203765592307,Hà Nội 556 Nguyễn Văn Cừ (KK),8,31388868531618872623864101418,Hải Dương UBND TP. Hải Dương - 106 Đường Trần Hưng Đạo (KK),48.62
28560877461938780203765592307,Hà Nội 556 Nguyễn Văn Cừ (KK),9,31651502905690497791503780869,Thái Nguyên Sân vận động Gang thép - P Trung Thành - TP Thái Nguyên (KK),54.5
28560877461938780203765592307,Hà Nội 556 Nguyễn Văn Cừ (KK),10,31388883344354363840031242796,Hà Nam Công Viên Nam Cao - P.Quang Trung - TP. Phủ Lý (KK),57.16
28560877461938780203765592307,Hà Nội 556 Nguyễn Văn Cừ (KK),11,28505268571336961948594948504,Phú Thọ đường Hùng Vương - Tp Việt Trì (KK),62.43
28560877461938780203765592307,Hà Nội 556 Nguyễn Văn Cừ (KK),12,29518885338952740244749551027,Quảng Ninh Nhuệ Hổ - Đông Triều (KK),69.87
28560877461938780203765592307,Hà Nội 556 Nguyễn Văn Cừ (KK),13,31390957404024291365397346858,Thái Bình Cầu Thái Bình - Đ. Trần Thái Tông - P. Bồ Xuyên - TP Thái Bình (KK),81.37
28560877461938780203765592307,Hà Nội 556 Nguyễn Văn Cừ (KK),14,28602837126985114455002404577,Quảng Ninh UBND TP Uông Bí (KK),91.44
28560877461938780203765592307,Hà Nội 556 Nguyễn Văn Cừ (KK),15,29203727697074312726675247132,"Thái Bình xã Thái Thọ, huyện Thái Thụy (KK)",92.81
28560877461938780203765592307,Hà Nội 556 Nguyễn Văn Cừ (KK),16,29518872592252585279589451187,Quảng Ninh Km11 - Minh Thành (KK),101.41
28560877461938780203765592307,Hà Nội 556 Nguyễn Văn Cừ (KK),17,29518852005686198968139908531,Quảng Ninh Gần KCN Cái Lân (KK),120.81
28560877461938780203765592307,Hà Nội 556 Nguyễn Văn Cừ (KK),18,28602897318711027016899843809,Quảng Ninh Nhà máy tuyển than Nam Cầu Trắng - Hạ Long (KK),130.07
28560877461938780203765592307,Hà Nội 556 Nguyễn Văn Cừ (KK),19,29518839738601389925132404147,"Quảng Ninh Trung tâm văn hóa thể thao Cẩm Phả, đường Trần Phú, phường Cẩm Trung (KK)",144.44
28560877461938780203765592307,Hà Nội 556 Nguyễn Văn Cừ (KK),20,28599103930259709512833128161,Quảng Ninh Phường Cẩm Thịnh - Cẩm Phả (KK),151.71
28560877461938780203765592307,Hà Nội 556 Nguyễn Văn Cừ (KK),21,31388851800421997746903202346,Đà Nẵng Khuôn viên trường ĐH sư phạm Đà Nẵng (KK),604.16
28560877461938780203765592307,Hà Nội 556 Nguyễn Văn Cừ (KK),22,28505272740301122608933325208,Đà Nẵng 41 đường Lê Duẩn (KK),605.4
28560877461938780203765592307,Hà Nội 556 Nguyễn Văn Cừ (KK),23,31616865099255512061948816121,Đà Nẵng Phạm Hùng (KK),612.93
28560877461938780203765592307,Hà Nội 556 Nguyễn Văn Cừ (KK),24,31390944251495766704153049642,Quảng Nam Tiếp giáp Đ. Hùng Vương - KDC Đ. Hồ Xuân Hương (KK),669.14
28560877461938780203765592307,Hà Nội 556 Nguyễn Văn Cừ (KK),25,31390951371938979254287350314,Quảng Ngãi UBND P. Nguyễn Nghiêm - TP Quảng Ngãi (KK),727.82
28560877461938780203765592307,Hà Nội 556 Nguyễn Văn Cừ (KK),26,29544533341424688633522251105,Gia Lai KCN Trà Đa - Tp Pleiku (KK),814.42
28560877461938780203765592307,Hà Nội 556 Nguyễn Văn Cừ (KK),27,31388836637198369136462150188,Bình Định Khuôn viên Cây xanh gần cầu chui đường Hoa Lư - TP. Quy Nhơn (KK),881.78
28560877461938780203765592307,Hà Nội 556 Nguyễn Văn Cừ (KK),28,31570631866920915749872483233,Bình Định huyện Tuy Phước (KK),884.15
28560877461938780203765592307,Hà Nội 556 Nguyễn Văn Cừ (KK),29,31390928700890512538630765099,Lâm Đồng Vườn hoa - đối diện THCS Lam Sơn - Phường 6 - TP Đà Lạt (KK),1047.2
28560877461938780203765592307,Hà Nội 556 Nguyễn Văn Cừ (KK),30,31390939012620449761949792810,Ninh Thuận Công viên (bến xe cũ) - Đ. Thống Nhất - P. Thanh Sơn - TP Phan Rang (KK),1104.49
28560877461938780203765592307,Hà Nội 556 Nguyễn Văn Cừ (KK),31,29996239538320865599553202177,Tây Ninh Thị xã Trảng Bàng (KK),1115.18
28560877461938780203765592307,Hà Nội 556 Nguyễn Văn Cừ (KK),32,31388839920718814259329251882,"Bình Dương số 593 Đại lộ Bình Dương, P. Hiệp Thành (KK)",1121.32
28560877461938780203765592307,Hà Nội 556 Nguyễn Văn Cừ (KK),33,31390912357075263208060500522,HCM Khu Liên cơ quan Bộ Tài Nguyên và Môi Trường - số 20 Đ. Lý Chính Thắng (KK),1144.81
28560877461938780203765592307,Hà Nội 556 Nguyễn Văn Cừ (KK),34,31390916083317566102523755051,HCM Đ. Lê Hữu Kiều - P. Bình Trưng Tây - Quận 2 (Ngã ba Lê Hữu Kiểu và Trương Văn Bang) (KK),1145.29
28560877461938780203765592307,Hà Nội 556 Nguyễn Văn Cừ (KK),35,31390932574706768021562473002,Long An UBND Tp Tân An - 76 Hùng Vương - P.2 (KK),1169.99
28560877461938780203765592307,Hà Nội 556 Nguyễn Văn Cừ (KK),36,31390965631272148257054013994,Vũng Tàu Đ. Huyền Trân Công Chúa - Phường 8 - TP Vũng Tàu,1182.88
28560877461938780203765592307,Hà Nội 556 Nguyễn Văn Cừ (KK),37,30991938797551443885460120607,"Sóc Trăng Sở TNMT - 16 Hùng Vương, P.6, Tp. Sóc Trăng (KK)",1271.6
28560877461938780203765592307,Hà Nội 556 Nguyễn Văn Cừ (KK),38,29098314940209976158571475636,"Trà Vinh xã Dân Thành, TX Duyên Hải (KK)",1275.0
28560877461938780203765592307,Hà Nội 556 Nguyễn Văn Cừ (KK),39,29098319146067624969113973428,"Trà Vinh xã Đông Hải, huyện Duyên Hải (KK)",1277.44
28599103930259709512833128161,Quảng Ninh Phường Cẩm Thịnh - Cẩm Phả (KK),1,29518839738601389925132404147,"Quảng Ninh Trung tâm văn hóa thể thao Cẩm Phả, đường Trần Phú, phường Cẩm Trung (KK)",7.27
28599103930259709512833128161,Quảng Ninh Phường Cẩm Thịnh - Cẩm Phả (KK),2,28602897318711027016899843809,Quảng Ninh Nhà máy tuyển than Nam Cầu Trắng - Hạ Long (KK),23.14
28599103930259709512833128161,Quảng Ninh Phường Cẩm Thịnh - Cẩm Phả (KK),3,29518852005686198968139908531,Quảng Ninh Gần KCN Cái Lân (KK),31.37
28599103930259709512833128161,Quảng Ninh Phường Cẩm Thịnh - Cẩm Phả (KK),4,29518872592252585279589451187,Quảng Ninh Km11 - Minh Thành (KK),50.35
28599103930259709512833128161,Quảng Ninh Phường Cẩm Thịnh - Cẩm Phả (KK),5,28602837126985114455002404577,Quảng Ninh UBND TP Uông Bí (KK),60.29
28599103930259709512833128161,Quảng Ninh Phường Cẩm Thịnh - Cẩm Phả (KK),6,29518885338952740244749551027,Quảng Ninh Nhuệ Hổ - Đông Triều (KK),82.08
28599103930259709512833128161,Quảng Ninh Phường Cẩm Thịnh - Cẩm Phả (KK),7,31388868531618872623864101418,Hải Dương UBND TP. Hải Dương - 106 Đường Trần Hưng Đạo (KK),104.94
28599103930259709512833128161,Quảng Ninh Phường Cẩm Thịnh - Cẩm Phả (KK),8,29203727697074312726675247132,"Thái Bình xã Thái Thọ, huyện Thái Thụy (KK)",105.2
28599103930259709512833128161,Quảng Ninh Phường Cẩm Thịnh - Cẩm Phả (KK),9,29196021237696127337075448678,Bắc Ninh UBND xã Cao Đức - Gia Bình (KK),110.65
28599103930259709512833128161,Quảng Ninh Phường Cẩm Thịnh - Cẩm Phả (KK),10,31390957404024291365397346858,Thái Bình Cầu Thái Bình - Đ. Trần Thái Tông - P. Bồ Xuyên - TP Thái Bình (KK),120.57
28599103930259709512833128161,Quảng Ninh Phường Cẩm Thịnh - Cẩm Phả (KK),11,29196010501691076420299004774,Bắc Ninh TT Quan trắc - phường Suối Hoa - TP Bắc Ninh (KK),133.28
28599103930259709512833128161,Quảng Ninh Phường Cẩm Thịnh - Cẩm Phả (KK),12,28916504310234840885489983032,Bắc Ninh Khu liên cơ Thuận Thành - thị trấn Hồ (KK),135.99
28599103930259709512833128161,Quảng Ninh Phường Cẩm Thịnh - Cẩm Phả (KK),13,28916774462801800655608897080,Bắc Ninh UBND xã Xuân Lâm - Thuận Thành (KK),137.75
28599103930259709512833128161,Quảng Ninh Phường Cẩm Thịnh - Cẩm Phả (KK),14,31390921469766835629621918251,Hưng Yên số 437 Nguyễn Văn Linh - Tp Hưng Yên (KK),138.93
28599103930259709512833128161,Quảng Ninh Phường Cẩm Thịnh - Cẩm Phả (KK),15,28560877461938780203765592307,Hà Nội 556 Nguyễn Văn Cừ (KK),151.71
28599103930259709512833128161,Quảng Ninh Phường Cẩm Thịnh - Cẩm Phả (KK),16,31390903576425084107499649578,Hà Nội ĐHBK cổng Parabol đường Giải Phóng (KK),155.92
28599103930259709512833128161,Quảng Ninh Phường Cẩm Thịnh - Cẩm Phả (KK),17,31388883344354363840031242796,Hà Nam Công Viên Nam Cao - P.Quang Trung - TP. Phủ Lý (KK),157.41
28599103930259709512833128161,Quảng Ninh Phường Cẩm Thịnh - Cẩm Phả (KK),18,31390908889087377344742439468,Hà Nội Công viên Nhân Chính - Khuất Duy Tiến (KK),160.8
28599103930259709512833128161,Quảng Ninh Phường Cẩm Thịnh - Cẩm Phả (KK),19,31651502905690497791503780869,Thái Nguyên Sân vận động Gang thép - P Trung Thành - TP Thái Nguyên (KK),163.62
28599103930259709512833128161,Quảng Ninh Phường Cẩm Thịnh - Cẩm Phả (KK),20,28505268571336961948594948504,Phú Thọ đường Hùng Vương - Tp Việt Trì (KK),208.29
28599103930259709512833128161,Quảng Ninh Phường Cẩm Thịnh - Cẩm Phả (KK),21,28505272740301122608933325208,Đà Nẵng 41 đường Lê Duẩn (KK),556.13
28599103930259709512833128161,Quảng Ninh Phường Cẩm Thịnh - Cẩm Phả (KK),22,31388851800421997746903202346,Đà Nẵng Khuôn viên trường ĐH sư phạm Đà Nẵng (KK),556.45
28599103930259709512833128161,Quảng Ninh Phường Cẩm Thịnh - Cẩm Phả (KK),23,31616865099255512061948816121,Đà Nẵng Phạm Hùng (KK),564.51
28599103930259709512833128161,Quảng Ninh Phường Cẩm Thịnh - Cẩm Phả (KK),24,31390944251495766704153049642,Quảng Nam Tiếp giáp Đ. Hùng Vương - KDC Đ. Hồ Xuân Hương (KK),617.29
28599103930259709512833128161,Quảng Ninh Phường Cẩm Thịnh - Cẩm Phả (KK),25,31390951371938979254287350314,Quảng Ngãi UBND P. Nguyễn Nghiêm - TP Quảng Ngãi (KK),672.37
28599103930259709512833128161,Quảng Ninh Phường Cẩm Thịnh - Cẩm Phả (KK),26,29544533341424688633522251105,Gia Lai KCN Trà Đa - Tp Pleiku (KK),780.56
28599103930259709512833128161,Quảng Ninh Phường Cẩm Thịnh - Cẩm Phả (KK),27,31388836637198369136462150188,Bình Định Khuôn viên Cây xanh gần cầu chui đường Hoa Lư - TP. Quy Nhơn (KK),827.25
28599103930259709512833128161,Quảng Ninh Phường Cẩm Thịnh - Cẩm Phả (KK),28,31570631866920915749872483233,Bình Định huyện Tuy Phước (KK),829.75
28599103930259709512833128161,Quảng Ninh Phường Cẩm Thịnh - Cẩm Phả (KK),29,31390928700890512538630765099,Lâm Đồng Vườn hoa - đối diện THCS Lam Sơn - Phường 6 - TP Đà Lạt (KK),1013.36
28599103930259709512833128161,Quảng Ninh Phường Cẩm Thịnh - Cẩm Phả (KK),30,31390939012620449761949792810,Ninh Thuận Công viên (bến xe cũ) - Đ. Thống Nhất - P. Thanh Sơn - TP Phan Rang (KK),1063.5
28599103930259709512833128161,Quảng Ninh Phường Cẩm Thịnh - Cẩm Phả (KK),31,29996239538320865599553202177,Tây Ninh Thị xã Trảng Bàng (KK),1114.3
28599103930259709512833128161,Quảng Ninh Phường Cẩm Thịnh - Cẩm Phả (KK),32,31388839920718814259329251882,"Bình Dương số 593 Đại lộ Bình Dương, P. Hiệp Thành (KK)",1115.93
28599103930259709512833128161,Quảng Ninh Phường Cẩm Thịnh - Cẩm Phả (KK),33,31390916083317566102523755051,HCM Đ. Lê Hữu Kiều - P. Bình Trưng Tây - Quận 2 (Ngã ba Lê Hữu Kiểu và Trương Văn Bang) (KK),1138.53
28599103930259709512833128161,Quảng Ninh Phường Cẩm Thịnh - Cẩm Phả (KK),34,31390912357075263208060500522,HCM Khu Liên cơ quan Bộ Tài Nguyên và Môi Trường - số 20 Đ. Lý Chính Thắng (KK),1139.07
28599103930259709512833128161,Quảng Ninh Phường Cẩm Thịnh - Cẩm Phả (KK),35,31390932574706768021562473002,Long An UBND Tp Tân An - 76 Hùng Vương - P.2 (KK),1168.24
28599103930259709512833128161,Quảng Ninh Phường Cẩm Thịnh - Cẩm Phả (KK),36,31390965631272148257054013994,Vũng Tàu Đ. Huyền Trân Công Chúa - Phường 8 - TP Vũng Tàu,1168.79
28599103930259709512833128161,Quảng Ninh Phường Cẩm Thịnh - Cẩm Phả (KK),37,29098314940209976158571475636,"Trà Vinh xã Dân Thành, TX Duyên Hải (KK)",1271.5
28599103930259709512833128161,Quảng Ninh Phường Cẩm Thịnh - Cẩm Phả (KK),38,29098319146067624969113973428,"Trà Vinh xã Đông Hải, huyện Duyên Hải (KK)",1274.36
28599103930259709512833128161,Quảng Ninh Phường Cẩm Thịnh - Cẩm Phả (KK),39,30991938797551443885460120607,"Sóc Trăng Sở TNMT - 16 Hùng Vương, P.6, Tp. Sóc Trăng (KK)",1275.37
28602837126985114455002404577,Quảng Ninh UBND TP Uông Bí (KK),1,29518872592252585279589451187,Quảng Ninh Km11 - Minh Thành (KK),10.4
28602837126985114455002404577,Quảng Ninh UBND TP Uông Bí (KK),2,29518885338952740244749551027,Quảng Ninh Nhuệ Hổ - Đông Triều (KK),21.92
28602837126985114455002404577,Quảng Ninh UBND TP Uông Bí (KK),3,29518852005686198968139908531,Quảng Ninh Gần KCN Cái Lân (KK),29.91
28602837126985114455002404577,Quảng Ninh UBND TP Uông Bí (KK),4,28602897318711027016899843809,Quảng Ninh Nhà máy tuyển than Nam Cầu Trắng - Hạ Long (KK),39.4
28602837126985114455002404577,Quảng Ninh UBND TP Uông Bí (KK),5,31388868531618872623864101418,Hải Dương UBND TP. Hải Dương - 106 Đường Trần Hưng Đạo (KK),45.74
28602837126985114455002404577,Quảng Ninh UBND TP Uông Bí (KK),6,29196021237696127337075448678,Bắc Ninh UBND xã Cao Đức - Gia Bình (KK),50.4
28602837126985114455002404577,Quảng Ninh UBND TP Uông Bí (KK),7,29518839738601389925132404147,"Quảng Ninh Trung tâm văn hóa thể thao Cẩm Phả, đường Trần Phú, phường Cẩm Trung (KK)",53.02
28602837126985114455002404577,Quảng Ninh UBND TP Uông Bí (KK),8,28599103930259709512833128161,Quảng Ninh Phường Cẩm Thịnh - Cẩm Phả (KK),60.29
28602837126985114455002404577,Quảng Ninh UBND TP Uông Bí (KK),9,29203727697074312726675247132,"Thái Bình xã Thái Thọ, huyện Thái Thụy (KK)",68.82
28602837126985114455002404577,Quảng Ninh UBND TP Uông Bí (KK),10,29196010501691076420299004774,Bắc Ninh TT Quan trắc - phường Suối Hoa - TP Bắc Ninh (KK),73.53
28602837126985114455002404577,Quảng Ninh UBND TP Uông Bí (KK),11,28916504310234840885489983032,Bắc Ninh Khu liên cơ Thuận Thành - thị trấn Hồ (KK),75.77
28602837126985114455002404577,Quảng Ninh UBND TP Uông Bí (KK),12,28916774462801800655608897080,Bắc Ninh UBND xã Xuân Lâm - Thuận Thành (KK),77.54
28602837126985114455002404577,Quảng Ninh UBND TP Uông Bí (KK),13,31390957404024291365397346858,Thái Bình Cầu Thái Bình - Đ. Trần Thái Tông - P. Bồ Xuyên - TP Thái Bình (KK),77.71
28602837126985114455002404577,Quảng Ninh UBND TP Uông Bí (KK),14,31390921469766835629621918251,Hưng Yên số 437 Nguyễn Văn Linh - Tp Hưng Yên (KK),84.24
28602837126985114455002404577,Quảng Ninh UBND TP Uông Bí (KK),15,28560877461938780203765592307,Hà Nội 556 Nguyễn Văn Cừ (KK),91.44
28602837126985114455002404577,Quảng Ninh UBND TP Uông Bí (KK),16,31390903576425084107499649578,Hà Nội ĐHBK cổng Parabol đường Giải Phóng (KK),95.76
28602837126985114455002404577,Quảng Ninh UBND TP Uông Bí (KK),17,31390908889087377344742439468,Hà Nội Công viên Nhân Chính - Khuất Duy Tiến (KK),100.64
28602837126985114455002404577,Quảng Ninh UBND TP Uông Bí (KK),18,31388883344354363840031242796,Hà Nam Công Viên Nam Cao - P.Quang Trung - TP. Phủ Lý (KK),104.21
28602837126985114455002404577,Quảng Ninh UBND TP Uông Bí (KK),19,31651502905690497791503780869,Thái Nguyên Sân vận động Gang thép - P Trung Thành - TP Thái Nguyên (KK),108.04
28602837126985114455002404577,Quảng Ninh UBND TP Uông Bí (KK),20,28505268571336961948594948504,Phú Thọ đường Hùng Vương - Tp Việt Trì (KK),148.7
28602837126985114455002404577,Quảng Ninh UBND TP Uông Bí (KK),21,31388851800421997746903202346,Đà Nẵng Khuôn viên trường ĐH sư phạm Đà Nẵng (KK),572.24
28602837126985114455002404577,Quảng Ninh UBND TP Uông Bí (KK),22,28505272740301122608933325208,Đà Nẵng 41 đường Lê Duẩn (KK),572.58
28602837126985114455002404577,Quảng Ninh UBND TP Uông Bí (KK),23,31616865099255512061948816121,Đà Nẵng Phạm Hùng (KK),580.66
28602837126985114455002404577,Quảng Ninh UBND TP Uông Bí (KK),24,31390944251495766704153049642,Quảng Nam Tiếp giáp Đ. Hùng Vương - KDC Đ. Hồ Xuân Hương (KK),635.22
28602837126985114455002404577,Quảng Ninh UBND TP Uông Bí (KK),25,31390951371938979254287350314,Quảng Ngãi UBND P. Nguyễn Nghiêm - TP Quảng Ngãi (KK),692.1
28602837126985114455002404577,Quảng Ninh UBND TP Uông Bí (KK),26,29544533341424688633522251105,Gia Lai KCN Trà Đa - Tp Pleiku (KK),791.91
28602837126985114455002404577,Quảng Ninh UBND TP Uông Bí (KK),27,31388836637198369136462150188,Bình Định Khuôn viên Cây xanh gần cầu chui đường Hoa Lư - TP. Quy Nhơn (KK),847.24
28602837126985114455002404577,Quảng Ninh UBND TP Uông Bí (KK),28,31570631866920915749872483233,Bình Định huyện Tuy Phước (KK),849.7
28602837126985114455002404577,Quảng Ninh UBND TP Uông Bí (KK),29,31390928700890512538630765099,Lâm Đồng Vườn hoa - đối diện THCS Lam Sơn - Phường 6 - TP Đà Lạt (KK),1025.45
28602837126985114455002404577,Quảng Ninh UBND TP Uông Bí (KK),30,31390939012620449761949792810,Ninh Thuận Công viên (bến xe cũ) - Đ. Thống Nhất - P. Thanh Sơn - TP Phan Rang (KK),1078.61
28602837126985114455002404577,Quảng Ninh UBND TP Uông Bí (KK),31,29996239538320865599553202177,Tây Ninh Thị xã Trảng Bàng (KK),1113.41
28602837126985114455002404577,Quảng Ninh UBND TP Uông Bí (KK),32,31388839920718814259329251882,"Bình Dương số 593 Đại lộ Bình Dương, P. Hiệp Thành (KK)",1116.84
28602837126985114455002404577,Quảng Ninh UBND TP Uông Bí (KK),33,31390916083317566102523755051,HCM Đ. Lê Hữu Kiều - P. Bình Trưng Tây - Quận 2 (Ngã ba Lê Hữu Kiểu và Trương Văn Bang) (KK),1140.04
28602837126985114455002404577,Quảng Ninh UBND TP Uông Bí (KK),34,31390912357075263208060500522,HCM Khu Liên cơ quan Bộ Tài Nguyên và Môi Trường - số 20 Đ. Lý Chính Thắng (KK),1140.17
28602837126985114455002404577,Quảng Ninh UBND TP Uông Bí (KK),35,31390932574706768021562473002,Long An UBND Tp Tân An - 76 Hùng Vương - P.2 (KK),1167.81
28602837126985114455002404577,Quảng Ninh UBND TP Uông Bí (KK),36,31390965631272148257054013994,Vũng Tàu Đ. Huyền Trân Công Chúa - Phường 8 - TP Vũng Tàu,1173.29
28602837126985114455002404577,Quảng Ninh UBND TP Uông Bí (KK),37,29098314940209976158571475636,"Trà Vinh xã Dân Thành, TX Duyên Hải (KK)",1271.97
28602837126985114455002404577,Quảng Ninh UBND TP Uông Bí (KK),38,30991938797551443885460120607,"Sóc Trăng Sở TNMT - 16 Hùng Vương, P.6, Tp. Sóc Trăng (KK)",1272.95
28602837126985114455002404577,Quảng Ninh UBND TP Uông Bí (KK),39,29098319146067624969113973428,"Trà Vinh xã Đông Hải, huyện Duyên Hải (KK)",1274.66
28602897318711027016899843809,Quảng Ninh Nhà máy tuyển than Nam Cầu Trắng - Hạ Long (KK),1,29518852005686198968139908531,Quảng Ninh Gần KCN Cái Lân (KK),9.52
28602897318711027016899843809,Quảng Ninh Nhà máy tuyển than Nam Cầu Trắng - Hạ Long (KK),2,29518839738601389925132404147,"Quảng Ninh Trung tâm văn hóa thể thao Cẩm Phả, đường Trần Phú, phường Cẩm Trung (KK)",16.46
28602897318711027016899843809,Quảng Ninh Nhà máy tuyển than Nam Cầu Trắng - Hạ Long (KK),3,28599103930259709512833128161,Quảng Ninh Phường Cẩm Thịnh - Cẩm Phả (KK),23.14
28602897318711027016899843809,Quảng Ninh Nhà máy tuyển than Nam Cầu Trắng - Hạ Long (KK),4,29518872592252585279589451187,Quảng Ninh Km11 - Minh Thành (KK),29.04
28602897318711027016899843809,Quảng Ninh Nhà máy tuyển than Nam Cầu Trắng - Hạ Long (KK),5,28602837126985114455002404577,Quảng Ninh UBND TP Uông Bí (KK),39.4
28602897318711027016899843809,Quảng Ninh Nhà máy tuyển than Nam Cầu Trắng - Hạ Long (KK),6,29518885338952740244749551027,Quảng Ninh Nhuệ Hổ - Đông Triều (KK),61.27
28602897318711027016899843809,Quảng Ninh Nhà máy tuyển than Nam Cầu Trắng - Hạ Long (KK),7,31388868531618872623864101418,Hải Dương UBND TP. Hải Dương - 106 Đường Trần Hưng Đạo (KK),82.56
28602897318711027016899843809,Quảng Ninh Nhà máy tuyển than Nam Cầu Trắng - Hạ Long (KK),8,29203727697074312726675247132,"Thái Bình xã Thái Thọ, huyện Thái Thụy (KK)",83.5
28602897318711027016899843809,Quảng Ninh Nhà máy tuyển than Nam Cầu Trắng - Hạ Long (KK),9,29196021237696127337075448678,Bắc Ninh UBND xã Cao Đức - Gia Bình (KK),89.55
28602897318711027016899843809,Quảng Ninh Nhà máy tuyển than Nam Cầu Trắng - Hạ Long (KK),10,31390957404024291365397346858,Thái Bình Cầu Thái Bình - Đ. Trần Thái Tông - P. Bồ Xuyên - TP Thái Bình (KK),98.19
28602897318711027016899843809,Quảng Ninh Nhà máy tuyển than Nam Cầu Trắng - Hạ Long (KK),11,29196010501691076420299004774,Bắc Ninh TT Quan trắc - phường Suối Hoa - TP Bắc Ninh (KK),112.93
28602897318711027016899843809,Quảng Ninh Nhà máy tuyển than Nam Cầu Trắng - Hạ Long (KK),12,28916504310234840885489983032,Bắc Ninh Khu liên cơ Thuận Thành - thị trấn Hồ (KK),114.25
28602897318711027016899843809,Quảng Ninh Nhà máy tuyển than Nam Cầu Trắng - Hạ Long (KK),13,31390921469766835629621918251,Hưng Yên số 437 Nguyễn Văn Linh - Tp Hưng Yên (KK),115.81
28602897318711027016899843809,Quảng Ninh Nhà máy tuyển than Nam Cầu Trắng - Hạ Long (KK),14,28916774462801800655608897080,Bắc Ninh UBND xã Xuân Lâm - Thuận Thành (KK),115.99
28602897318711027016899843809,Quảng Ninh Nhà máy tuyển than Nam Cầu Trắng - Hạ Long (KK),15,28560877461938780203765592307,Hà Nội 556 Nguyễn Văn Cừ (KK),130.07
28602897318711027016899843809,Quảng Ninh Nhà máy tuyển than Nam Cầu Trắng - Hạ Long (KK),16,31390903576425084107499649578,Hà Nội ĐHBK cổng Parabol đường Giải Phóng (KK),134.0
28602897318711027016899843809,Quảng Ninh Nhà máy tuyển than Nam Cầu Trắng - Hạ Long (KK),17,31388883344354363840031242796,Hà Nam Công Viên Nam Cao - P.Quang Trung - TP. Phủ Lý (KK),134.3
28602897318711027016899843809,Quảng Ninh Nhà máy tuyển than Nam Cầu Trắng - Hạ Long (KK),18,31390908889087377344742439468,Hà Nội Công viên Nhân Chính - Khuất Duy Tiến (KK),138.86
28602897318711027016899843809,Quảng Ninh Nhà máy tuyển than Nam Cầu Trắng - Hạ Long (KK),19,31651502905690497791503780869,Thái Nguyên Sân vận động Gang thép - P Trung Thành - TP Thái Nguyên (KK),146.23
28602897318711027016899843809,Quảng Ninh Nhà máy tuyển than Nam Cầu Trắng - Hạ Long (KK),20,28505268571336961948594948504,Phú Thọ đường Hùng Vương - Tp Việt Trì (KK),188.09
28602897318711027016899843809,Quảng Ninh Nhà máy tuyển than Nam Cầu Trắng - Hạ Long (KK),21,28505272740301122608933325208,Đà Nẵng 41 đường Lê Duẩn (KK),553.64
28602897318711027016899843809,Quảng Ninh Nhà máy tuyển than Nam Cầu Trắng - Hạ Long (KK),22,31388851800421997746903202346,Đà Nẵng Khuôn viên trường ĐH sư phạm Đà Nẵng (KK),553.69
28602897318711027016899843809,Quảng Ninh Nhà máy tuyển than Nam Cầu Trắng - Hạ Long (KK),23,31616865099255512061948816121,Đà Nẵng Phạm Hùng (KK),561.91
28602897318711027016899843809,Quảng Ninh Nhà máy tuyển than Nam Cầu Trắng - Hạ Long (KK),24,31390944251495766704153049642,Quảng Nam Tiếp giáp Đ. Hùng Vương - KDC Đ. Hồ Xuân Hương (KK),615.47
28602897318711027016899843809,Quảng Ninh Nhà máy tuyển than Nam Cầu Trắng - Hạ Long (KK),25,31390951371938979254287350314,Quảng Ngãi UBND P. Nguyễn Nghiêm - TP Quảng Ngãi (KK),671.34
28602897318711027016899843809,Quảng Ninh Nhà máy tuyển than Nam Cầu Trắng - Hạ Long (KK),26,29544533341424688633522251105,Gia Lai KCN Trà Đa - Tp Pleiku (KK),776.26
28602897318711027016899843809,Quảng Ninh Nhà máy tuyển than Nam Cầu Trắng - Hạ Long (KK),27,31388836637198369136462150188,Bình Định Khuôn viên Cây xanh gần cầu chui đường Hoa Lư - TP. Quy Nhơn (KK),826.43
28602897318711027016899843809,Quảng Ninh Nhà máy tuyển than Nam Cầu Trắng - Hạ Long (KK),28,31570631866920915749872483233,Bình Định huyện Tuy Phước (KK),828.92
28602897318711027016899843809,Quảng Ninh Nhà máy tuyển than Nam Cầu Trắng - Hạ Long (KK),29,31390928700890512538630765099,Lâm Đồng Vườn hoa - đối diện THCS Lam Sơn - Phường 6 - TP Đà Lạt (KK),1009.47
28602897318711027016899843809,Quảng Ninh Nhà máy tuyển than Nam Cầu Trắng - Hạ Long (KK),30,31390939012620449761949792810,Ninh Thuận Công viên (bến xe cũ) - Đ. Thống Nhất - P. Thanh Sơn - TP Phan Rang (KK),1060.81
28602897318711027016899843809,Quảng Ninh Nhà máy tuyển than Nam Cầu Trắng - Hạ Long (KK),31,29996239538320865599553202177,Tây Ninh Thị xã Trảng Bàng (KK),1105.61
28602897318711027016899843809,Quảng Ninh Nhà máy tuyển than Nam Cầu Trắng - Hạ Long (KK),32,31388839920718814259329251882,"Bình Dương số 593 Đại lộ Bình Dương, P. Hiệp Thành (KK)",1107.89
28602897318711027016899843809,Quảng Ninh Nhà máy tuyển than Nam Cầu Trắng - Hạ Long (KK),33,31390916083317566102523755051,HCM Đ. Lê Hữu Kiều - P. Bình Trưng Tây - Quận 2 (Ngã ba Lê Hữu Kiểu và Trương Văn Bang) (KK),1130.71
28602897318711027016899843809,Quảng Ninh Nhà máy tuyển than Nam Cầu Trắng - Hạ Long (KK),34,31390912357075263208060500522,HCM Khu Liên cơ quan Bộ Tài Nguyên và Môi Trường - số 20 Đ. Lý Chính Thắng (KK),1131.1
28602897318711027016899843809,Quảng Ninh Nhà máy tuyển than Nam Cầu Trắng - Hạ Long (KK),35,31390932574706768021562473002,Long An UBND Tp Tân An - 76 Hùng Vương - P.2 (KK),1159.72
28602897318711027016899843809,Quảng Ninh Nhà máy tuyển than Nam Cầu Trắng - Hạ Long (KK),36,31390965631272148257054013994,Vũng Tàu Đ. Huyền Trân Công Chúa - Phường 8 - TP Vũng Tàu,1162.08
28602897318711027016899843809,Quảng Ninh Nhà máy tuyển than Nam Cầu Trắng - Hạ Long (KK),37,29098314940209976158571475636,"Trà Vinh xã Dân Thành, TX Duyên Hải (KK)",1263.34
28602897318711027016899843809,Quảng Ninh Nhà máy tuyển than Nam Cầu Trắng - Hạ Long (KK),38,29098319146067624969113973428,"Trà Vinh xã Đông Hải, huyện Duyên Hải (KK)",1266.14
28602897318711027016899843809,Quảng Ninh Nhà máy tuyển than Nam Cầu Trắng - Hạ Long (KK),39,30991938797551443885460120607,"Sóc Trăng Sở TNMT - 16 Hùng Vương, P.6, Tp. Sóc Trăng (KK)",1266.18
28916504310234840885489983032,Bắc Ninh Khu liên cơ Thuận Thành - thị trấn Hồ (KK),1,28916774462801800655608897080,Bắc Ninh UBND xã Xuân Lâm - Thuận Thành (KK),1.79
28916504310234840885489983032,Bắc Ninh Khu liên cơ Thuận Thành - thị trấn Hồ (KK),2,28560877461938780203765592307,Hà Nội 556 Nguyễn Văn Cừ (KK),15.86
28916504310234840885489983032,Bắc Ninh Khu liên cơ Thuận Thành - thị trấn Hồ (KK),3,29196010501691076420299004774,Bắc Ninh TT Quan trắc - phường Suối Hoa - TP Bắc Ninh (KK),18.28
28916504310234840885489983032,Bắc Ninh Khu liên cơ Thuận Thành - thị trấn Hồ (KK),4,31390903576425084107499649578,Hà Nội ĐHBK cổng Parabol đường Giải Phóng (KK),20.08
28916504310234840885489983032,Bắc Ninh Khu liên cơ Thuận Thành - thị trấn Hồ (KK),5,31390908889087377344742439468,Hà Nội Công viên Nhân Chính - Khuất Duy Tiến (KK),24.95
28916504310234840885489983032,Bắc Ninh Khu liên cơ Thuận Thành - thị trấn Hồ (KK),6,29196021237696127337075448678,Bắc Ninh UBND xã Cao Đức - Gia Bình (KK),26.38
28916504310234840885489983032,Bắc Ninh Khu liên cơ Thuận Thành - thị trấn Hồ (KK),7,31388868531618872623864101418,Hải Dương UBND TP. Hải Dương - 106 Đường Trần Hưng Đạo (KK),32.88
28916504310234840885489983032,Bắc Ninh Khu liên cơ Thuận Thành - thị trấn Hồ (KK),8,31390921469766835629621918251,Hưng Yên số 437 Nguyễn Văn Linh - Tp Hưng Yên (KK),40.71
28916504310234840885489983032,Bắc Ninh Khu liên cơ Thuận Thành - thị trấn Hồ (KK),9,29518885338952740244749551027,Quảng Ninh Nhuệ Hổ - Đông Triều (KK),54.38
28916504310234840885489983032,Bắc Ninh Khu liên cơ Thuận Thành - thị trấn Hồ (KK),10,31388883344354363840031242796,Hà Nam Công Viên Nam Cao - P.Quang Trung - TP. Phủ Lý (KK),55.98
28916504310234840885489983032,Bắc Ninh Khu liên cơ Thuận Thành - thị trấn Hồ (KK),11,31651502905690497791503780869,Thái Nguyên Sân vận động Gang thép - P Trung Thành - TP Thái Nguyên (KK),59.34
28916504310234840885489983032,Bắc Ninh Khu liên cơ Thuận Thành - thị trấn Hồ (KK),12,31390957404024291365397346858,Thái Bình Cầu Thái Bình - Đ. Trần Thái Tông - P. Bồ Xuyên - TP Thái Bình (KK),71.05
28916504310234840885489983032,Bắc Ninh Khu liên cơ Thuận Thành - thị trấn Hồ (KK),13,28602837126985114455002404577,Quảng Ninh UBND TP Uông Bí (KK),75.77
28916504310234840885489983032,Bắc Ninh Khu liên cơ Thuận Thành - thị trấn Hồ (KK),14,28505268571336961948594948504,Phú Thọ đường Hùng Vương - Tp Việt Trì (KK),77.33
28916504310234840885489983032,Bắc Ninh Khu liên cơ Thuận Thành - thị trấn Hồ (KK),15,29203727697074312726675247132,"Thái Bình xã Thái Thọ, huyện Thái Thụy (KK)",80.49
28916504310234840885489983032,Bắc Ninh Khu liên cơ Thuận Thành - thị trấn Hồ (KK),16,29518872592252585279589451187,Quảng Ninh Km11 - Minh Thành (KK),85.66
28916504310234840885489983032,Bắc Ninh Khu liên cơ Thuận Thành - thị trấn Hồ (KK),17,29518852005686198968139908531,Quảng Ninh Gần KCN Cái Lân (KK),105.02
28916504310234840885489983032,Bắc Ninh Khu liên cơ Thuận Thành - thị trấn Hồ (KK),18,28602897318711027016899843809,Quảng Ninh Nhà máy tuyển than Nam Cầu Trắng - Hạ Long (KK),114.25
28916504310234840885489983032,Bắc Ninh Khu liên cơ Thuận Thành - thị trấn Hồ (KK),19,29518839738601389925132404147,"Quảng Ninh Trung tâm văn hóa thể thao Cẩm Phả, đường Trần Phú, phường Cẩm Trung (KK)",128.72
28916504310234840885489983032,Bắc Ninh Khu liên cơ Thuận Thành - thị trấn Hồ (KK),20,28599103930259709512833128161,Quảng Ninh Phường Cẩm Thịnh - Cẩm Phả (KK),135.99
28916504310234840885489983032,Bắc Ninh Khu liên cơ Thuận Thành - thị trấn Hồ (KK),21,31388851800421997746903202346,Đà Nẵng Khuôn viên trường ĐH sư phạm Đà Nẵng (KK),595.77
28916504310234840885489983032,Bắc Ninh Khu liên cơ Thuận Thành - thị trấn Hồ (KK),22,28505272740301122608933325208,Đà Nẵng 41 đường Lê Duẩn (KK),596.88
28916504310234840885489983032,Bắc Ninh Khu liên cơ Thuận Thành - thị trấn Hồ (KK),23,31616865099255512061948816121,Đà Nẵng Phạm Hùng (KK),604.5
28916504310234840885489983032,Bắc Ninh Khu liên cơ Thuận Thành - thị trấn Hồ (KK),24,31390944251495766704153049642,Quảng Nam Tiếp giáp Đ. Hùng Vương - KDC Đ. Hồ Xuân Hương (KK),660.52
28916504310234840885489983032,Bắc Ninh Khu liên cơ Thuận Thành - thị trấn Hồ (KK),25,31390951371938979254287350314,Quảng Ngãi UBND P. Nguyễn Nghiêm - TP Quảng Ngãi (KK),718.99
28916504310234840885489983032,Bắc Ninh Khu liên cơ Thuận Thành - thị trấn Hồ (KK),26,29544533341424688633522251105,Gia Lai KCN Trà Đa - Tp Pleiku (KK),807.74
28916504310234840885489983032,Bắc Ninh Khu liên cơ Thuận Thành - thị trấn Hồ (KK),27,31388836637198369136462150188,Bình Định Khuôn viên Cây xanh gần cầu chui đường Hoa Lư - TP. Quy Nhơn (KK),873.25
28916504310234840885489983032,Bắc Ninh Khu liên cơ Thuận Thành - thị trấn Hồ (KK),28,31570631866920915749872483233,Bình Định huyện Tuy Phước (KK),875.63
28916504310234840885489983032,Bắc Ninh Khu liên cơ Thuận Thành - thị trấn Hồ (KK),29,31390928700890512538630765099,Lâm Đồng Vườn hoa - đối diện THCS Lam Sơn - Phường 6 - TP Đà Lạt (KK),1040.79
28916504310234840885489983032,Bắc Ninh Khu liên cơ Thuận Thành - thị trấn Hồ (KK),30,31390939012620449761949792810,Ninh Thuận Công viên (bến xe cũ) - Đ. Thống Nhất - P. Thanh Sơn - TP Phan Rang (KK),1097.44
28916504310234840885489983032,Bắc Ninh Khu liên cơ Thuận Thành - thị trấn Hồ (KK),31,29996239538320865599553202177,Tây Ninh Thị xã Trảng Bàng (KK),1112.14
28916504310234840885489983032,Bắc Ninh Khu liên cơ Thuận Thành - thị trấn Hồ (KK),32,31388839920718814259329251882,"Bình Dương số 593 Đại lộ Bình Dương, P. Hiệp Thành (KK)",1117.82
28916504310234840885489983032,Bắc Ninh Khu liên cơ Thuận Thành - thị trấn Hồ (KK),33,31390912357075263208060500522,HCM Khu Liên cơ quan Bộ Tài Nguyên và Môi Trường - số 20 Đ. Lý Chính Thắng (KK),1141.29
28916504310234840885489983032,Bắc Ninh Khu liên cơ Thuận Thành - thị trấn Hồ (KK),34,31390916083317566102523755051,HCM Đ. Lê Hữu Kiều - P. Bình Trưng Tây - Quận 2 (Ngã ba Lê Hữu Kiểu và Trương Văn Bang) (KK),1141.66
28916504310234840885489983032,Bắc Ninh Khu liên cơ Thuận Thành - thị trấn Hồ (KK),35,31390932574706768021562473002,Long An UBND Tp Tân An - 76 Hùng Vương - P.2 (KK),1166.9
28916504310234840885489983032,Bắc Ninh Khu liên cơ Thuận Thành - thị trấn Hồ (KK),36,31390965631272148257054013994,Vũng Tàu Đ. Huyền Trân Công Chúa - Phường 8 - TP Vũng Tàu,1178.54
28916504310234840885489983032,Bắc Ninh Khu liên cơ Thuận Thành - thị trấn Hồ (KK),37,30991938797551443885460120607,"Sóc Trăng Sở TNMT - 16 Hùng Vương, P.6, Tp. Sóc Trăng (KK)",1269.16
28916504310234840885489983032,Bắc Ninh Khu liên cơ Thuận Thành - thị trấn Hồ (KK),38,29098314940209976158571475636,"Trà Vinh xã Dân Thành, TX Duyên Hải (KK)",1271.81
28916504310234840885489983032,Bắc Ninh Khu liên cơ Thuận Thành - thị trấn Hồ (KK),39,29098319146067624969113973428,"Trà Vinh xã Đông Hải, huyện Duyên Hải (KK)",1274.29
28916774462801800655608897080,Bắc Ninh UBND xã Xuân Lâm - Thuận Thành (KK),1,28916504310234840885489983032,Bắc Ninh Khu liên cơ Thuận Thành - thị trấn Hồ (KK),1.79
28916774462801800655608897080,Bắc Ninh UBND xã Xuân Lâm - Thuận Thành (KK),2,28560877461938780203765592307,Hà Nội 556 Nguyễn Văn Cừ (KK),14.18
28916774462801800655608897080,Bắc Ninh UBND xã Xuân Lâm - Thuận Thành (KK),3,31390903576425084107499649578,Hà Nội ĐHBK cổng Parabol đường Giải Phóng (KK),18.29
28916774462801800655608897080,Bắc Ninh UBND xã Xuân Lâm - Thuận Thành (KK),4,29196010501691076420299004774,Bắc Ninh TT Quan trắc - phường Suối Hoa - TP Bắc Ninh (KK),19.06
28916774462801800655608897080,Bắc Ninh UBND xã Xuân Lâm - Thuận Thành (KK),5,31390908889087377344742439468,Hà Nội Công viên Nhân Chính - Khuất Duy Tiến (KK),23.16
28916774462801800655608897080,Bắc Ninh UBND xã Xuân Lâm - Thuận Thành (KK),6,29196021237696127337075448678,Bắc Ninh UBND xã Cao Đức - Gia Bình (KK),28.17
28916774462801800655608897080,Bắc Ninh UBND xã Xuân Lâm - Thuận Thành (KK),7,31388868531618872623864101418,Hải Dương UBND TP. Hải Dương - 106 Đường Trần Hưng Đạo (KK),34.48
28916774462801800655608897080,Bắc Ninh UBND xã Xuân Lâm - Thuận Thành (KK),8,31390921469766835629621918251,Hưng Yên số 437 Nguyễn Văn Linh - Tp Hưng Yên (KK),40.54
28916774462801800655608897080,Bắc Ninh UBND xã Xuân Lâm - Thuận Thành (KK),9,31388883344354363840031242796,Hà Nam Công Viên Nam Cao - P.Quang Trung - TP. Phủ Lý (KK),55.3
28916774462801800655608897080,Bắc Ninh UBND xã Xuân Lâm - Thuận Thành (KK),10,29518885338952740244749551027,Quảng Ninh Nhuệ Hổ - Đông Triều (KK),56.17
28916774462801800655608897080,Bắc Ninh UBND xã Xuân Lâm - Thuận Thành (KK),11,31651502905690497791503780869,Thái Nguyên Sân vận động Gang thép - P Trung Thành - TP Thái Nguyên (KK),59.18
28916774462801800655608897080,Bắc Ninh UBND xã Xuân Lâm - Thuận Thành (KK),12,31390957404024291365397346858,Thái Bình Cầu Thái Bình - Đ. Trần Thái Tông - P. Bồ Xuyên - TP Thái Bình (KK),71.58
28916774462801800655608897080,Bắc Ninh UBND xã Xuân Lâm - Thuận Thành (KK),13,28505268571336961948594948504,Phú Thọ đường Hùng Vương - Tp Việt Trì (KK),75.91
28916774462801800655608897080,Bắc Ninh UBND xã Xuân Lâm - Thuận Thành (KK),14,28602837126985114455002404577,Quảng Ninh UBND TP Uông Bí (KK),77.54
28916774462801800655608897080,Bắc Ninh UBND xã Xuân Lâm - Thuận Thành (KK),15,29203727697074312726675247132,"Thái Bình xã Thái Thọ, huyện Thái Thụy (KK)",81.35
28916774462801800655608897080,Bắc Ninh UBND xã Xuân Lâm - Thuận Thành (KK),16,29518872592252585279589451187,Quảng Ninh Km11 - Minh Thành (KK),87.42
28916774462801800655608897080,Bắc Ninh UBND xã Xuân Lâm - Thuận Thành (KK),17,29518852005686198968139908531,Quảng Ninh Gần KCN Cái Lân (KK),106.77
28916774462801800655608897080,Bắc Ninh UBND xã Xuân Lâm - Thuận Thành (KK),18,28602897318711027016899843809,Quảng Ninh Nhà máy tuyển than Nam Cầu Trắng - Hạ Long (KK),115.99
28916774462801800655608897080,Bắc Ninh UBND xã Xuân Lâm - Thuận Thành (KK),19,29518839738601389925132404147,"Quảng Ninh Trung tâm văn hóa thể thao Cẩm Phả, đường Trần Phú, phường Cẩm Trung (KK)",130.48
28916774462801800655608897080,Bắc Ninh UBND xã Xuân Lâm - Thuận Thành (KK),20,28599103930259709512833128161,Quảng Ninh Phường Cẩm Thịnh - Cẩm Phả (KK),137.75
28916774462801800655608897080,Bắc Ninh UBND xã Xuân Lâm - Thuận Thành (KK),21,31388851800421997746903202346,Đà Nẵng Khuôn viên trường ĐH sư phạm Đà Nẵng (KK),596.14
28916774462801800655608897080,Bắc Ninh UBND xã Xuân Lâm - Thuận Thành (KK),22,28505272740301122608933325208,Đà Nẵng 41 đường Lê Duẩn (KK),597.27
28916774462801800655608897080,Bắc Ninh UBND xã Xuân Lâm - Thuận Thành (KK),23,31616865099255512061948816121,Đà Nẵng Phạm Hùng (KK),604.88
28916774462801800655608897080,Bắc Ninh UBND xã Xuân Lâm - Thuận Thành (KK),24,31390944251495766704153049642,Quảng Nam Tiếp giáp Đ. Hùng Vương - KDC Đ. Hồ Xuân Hương (KK),660.93
28916774462801800655608897080,Bắc Ninh UBND xã Xuân Lâm - Thuận Thành (KK),25,31390951371938979254287350314,Quảng Ngãi UBND P. Nguyễn Nghiêm - TP Quảng Ngãi (KK),719.43
28916774462801800655608897080,Bắc Ninh UBND xã Xuân Lâm - Thuận Thành (KK),26,29544533341424688633522251105,Gia Lai KCN Trà Đa - Tp Pleiku (KK),807.9
28916774462801800655608897080,Bắc Ninh UBND xã Xuân Lâm - Thuận Thành (KK),27,31388836637198369136462150188,Bình Định Khuôn viên Cây xanh gần cầu chui đường Hoa Lư - TP. Quy Nhơn (KK),873.65
28916774462801800655608897080,Bắc Ninh UBND xã Xuân Lâm - Thuận Thành (KK),28,31570631866920915749872483233,Bình Định huyện Tuy Phước (KK),876.03
28916774462801800655608897080,Bắc Ninh UBND xã Xuân Lâm - Thuận Thành (KK),29,31390928700890512538630765099,Lâm Đồng Vườn hoa - đối diện THCS Lam Sơn - Phường 6 - TP Đà Lạt (KK),1040.93
28916774462801800655608897080,Bắc Ninh UBND xã Xuân Lâm - Thuận Thành (KK),30,31390939012620449761949792810,Ninh Thuận Công viên (bến xe cũ) - Đ. Thống Nhất - P. Thanh Sơn - TP Phan Rang (KK),1097.66
28916774462801800655608897080,Bắc Ninh UBND xã Xuân Lâm - Thuận Thành (KK),31,29996239538320865599553202177,Tây Ninh Thị xã Trảng Bàng (KK),1111.87
28916774462801800655608897080,Bắc Ninh UBND xã Xuân Lâm - Thuận Thành (KK),32,31388839920718814259329251882,"Bình Dương số 593 Đại lộ Bình Dương, P. Hiệp Thành (KK)",1117.6
28916774462801800655608897080,Bắc Ninh UBND xã Xuân Lâm - Thuận Thành (KK),33,31390912357075263208060500522,HCM Khu Liên cơ quan Bộ Tài Nguyên và Môi Trường - số 20 Đ. Lý Chính Thắng (KK),1141.08
28916774462801800655608897080,Bắc Ninh UBND xã Xuân Lâm - Thuận Thành (KK),34,31390916083317566102523755051,HCM Đ. Lê Hữu Kiều - P. Bình Trưng Tây - Quận 2 (Ngã ba Lê Hữu Kiểu và Trương Văn Bang) (KK),1141.47
28916774462801800655608897080,Bắc Ninh UBND xã Xuân Lâm - Thuận Thành (KK),35,31390932574706768021562473002,Long An UBND Tp Tân An - 76 Hùng Vương - P.2 (KK),1166.64
28916774462801800655608897080,Bắc Ninh UBND xã Xuân Lâm - Thuận Thành (KK),36,31390965631272148257054013994,Vũng Tàu Đ. Huyền Trân Công Chúa - Phường 8 - TP Vũng Tàu,1178.42
28916774462801800655608897080,Bắc Ninh UBND xã Xuân Lâm - Thuận Thành (KK),37,30991938797551443885460120607,"Sóc Trăng Sở TNMT - 16 Hùng Vương, P.6, Tp. Sóc Trăng (KK)",1268.83
28916774462801800655608897080,Bắc Ninh UBND xã Xuân Lâm - Thuận Thành (KK),38,29098314940209976158571475636,"Trà Vinh xã Dân Thành, TX Duyên Hải (KK)",1271.56
28916774462801800655608897080,Bắc Ninh UBND xã Xuân Lâm - Thuận Thành (KK),39,29098319146067624969113973428,"Trà Vinh xã Đông Hải, huyện Duyên Hải (KK)",1274.04
29098314940209976158571475636,"Trà Vinh xã Dân Thành, TX Duyên Hải (KK)",1,29098319146067624969113973428,"Trà Vinh xã Đông Hải, huyện Duyên Hải (KK)",4.38
29098314940209976158571475636,"Trà Vinh xã Dân Thành, TX Duyên Hải (KK)",2,30991938797551443885460120607,"Sóc Trăng Sở TNMT - 16 Hùng Vương, P.6, Tp. Sóc Trăng (KK)",60.54
29098314940209976158571475636,"Trà Vinh xã Dân Thành, TX Duyên Hải (KK)",3,31390932574706768021562473002,Long An UBND Tp Tân An - 76 Hùng Vương - P.2 (KK),105.27
29098314940209976158571475636,"Trà Vinh xã Dân Thành, TX Duyên Hải (KK)",4,31390965631272148257054013994,Vũng Tàu Đ. Huyền Trân Công Chúa - Phường 8 - TP Vũng Tàu,129.42
29098314940209976158571475636,"Trà Vinh xã Dân Thành, TX Duyên Hải (KK)",5,31390912357075263208060500522,HCM Khu Liên cơ quan Bộ Tài Nguyên và Môi Trường - số 20 Đ. Lý Chính Thắng (KK),132.77
29098314940209976158571475636,"Trà Vinh xã Dân Thành, TX Duyên Hải (KK)",6,31390916083317566102523755051,HCM Đ. Lê Hữu Kiều - P. Bình Trưng Tây - Quận 2 (Ngã ba Lê Hữu Kiểu và Trương Văn Bang) (KK),134.11
29098314940209976158571475636,"Trà Vinh xã Dân Thành, TX Duyên Hải (KK)",7,31388839920718814259329251882,"Bình Dương số 593 Đại lộ Bình Dương, P. Hiệp Thành (KK)",155.65
29098314940209976158571475636,"Trà Vinh xã Dân Thành, TX Duyên Hải (KK)",8,29996239538320865599553202177,Tây Ninh Thị xã Trảng Bàng (KK),160.15
29098314940209976158571475636,"Trà Vinh xã Dân Thành, TX Duyên Hải (KK)",9,31390928700890512538630765099,Lâm Đồng Vườn hoa - đối diện THCS Lam Sơn - Phường 6 - TP Đà Lạt (KK),334.68
29098314940209976158571475636,"Trà Vinh xã Dân Thành, TX Duyên Hải (KK)",10,31390939012620449761949792810,Ninh Thuận Công viên (bến xe cũ) - Đ. Thống Nhất - P. Thanh Sơn - TP Phan Rang (KK),348.14
29098314940209976158571475636,"Trà Vinh xã Dân Thành, TX Duyên Hải (KK)",11,29544533341424688633522251105,Gia Lai KCN Trà Đa - Tp Pleiku (KK),518.24
29098314940209976158571475636,"Trà Vinh xã Dân Thành, TX Duyên Hải (KK)",12,31570631866920915749872483233,Bình Định huyện Tuy Phước (KK),548.32
29098314940209976158571475636,"Trà Vinh xã Dân Thành, TX Duyên Hải (KK)",13,31388836637198369136462150188,Bình Định Khuôn viên Cây xanh gần cầu chui đường Hoa Lư - TP. Quy Nhơn (KK),550.49
29098314940209976158571475636,"Trà Vinh xã Dân Thành, TX Duyên Hải (KK)",14,31390951371938979254287350314,Quảng Ngãi UBND P. Nguyễn Nghiêm - TP Quảng Ngãi (KK),662.19
29098314940209976158571475636,"Trà Vinh xã Dân Thành, TX Duyên Hải (KK)",15,31390944251495766704153049642,Quảng Nam Tiếp giáp Đ. Hùng Vương - KDC Đ. Hồ Xuân Hương (KK),696.53
29098314940209976158571475636,"Trà Vinh xã Dân Thành, TX Duyên Hải (KK)",16,31616865099255512061948816121,Đà Nẵng Phạm Hùng (KK),734.43
29098314940209976158571475636,"Trà Vinh xã Dân Thành, TX Duyên Hải (KK)",17,31388851800421997746903202346,Đà Nẵng Khuôn viên trường ĐH sư phạm Đà Nẵng (KK),740.28
29098314940209976158571475636,"Trà Vinh xã Dân Thành, TX Duyên Hải (KK)",18,28505272740301122608933325208,Đà Nẵng 41 đường Lê Duẩn (KK),743.08
29098314940209976158571475636,"Trà Vinh xã Dân Thành, TX Duyên Hải (KK)",19,31390957404024291365397346858,Thái Bình Cầu Thái Bình - Đ. Trần Thái Tông - P. Bồ Xuyên - TP Thái Bình (KK),1207.58
29098314940209976158571475636,"Trà Vinh xã Dân Thành, TX Duyên Hải (KK)",20,29203727697074312726675247132,"Thái Bình xã Thái Thọ, huyện Thái Thụy (KK)",1207.85
29098314940209976158571475636,"Trà Vinh xã Dân Thành, TX Duyên Hải (KK)",21,31388883344354363840031242796,Hà Nam Công Viên Nam Cao - P.Quang Trung - TP. Phủ Lý (KK),1217.84
29098314940209976158571475636,"Trà Vinh xã Dân Thành, TX Duyên Hải (KK)",22,31390921469766835629621918251,Hưng Yên số 437 Nguyễn Văn Linh - Tp Hưng Yên (KK),1231.1
29098314940209976158571475636,"Trà Vinh xã Dân Thành, TX Duyên Hải (KK)",23,31388868531618872623864101418,Hải Dương UBND TP. Hải Dương - 106 Đường Trần Hưng Đạo (KK),1260.99
29098314940209976158571475636,"Trà Vinh xã Dân Thành, TX Duyên Hải (KK)",24,28602897318711027016899843809,Quảng Ninh Nhà máy tuyển than Nam Cầu Trắng - Hạ Long (KK),1263.34
29098314940209976158571475636,"Trà Vinh xã Dân Thành, TX Duyên Hải (KK)",25,29518852005686198968139908531,Quảng Ninh Gần KCN Cái Lân (KK),1265.9
29098314940209976158571475636,"Trà Vinh xã Dân Thành, TX Duyên Hải (KK)",26,29518872592252585279589451187,Quảng Ninh Km11 - Minh Thành (KK),1268.93
29098314940209976158571475636,"Trà Vinh xã Dân Thành, TX Duyên Hải (KK)",27,31390903576425084107499649578,Hà Nội ĐHBK cổng Parabol đường Giải Phóng (KK),1270.37
29098314940209976158571475636,"Trà Vinh xã Dân Thành, TX Duyên Hải (KK)",28,31390908889087377344742439468,Hà Nội Công viên Nhân Chính - Khuất Duy Tiến (KK),1270.43
29098314940209976158571475636,"Trà Vinh xã Dân Thành, TX Duyên Hải (KK)",29,29518839738601389925132404147,"Quảng Ninh Trung tâm văn hóa thể thao Cẩm Phả, đường Trần Phú, phường Cẩm Trung (KK)",1271.32
29098314940209976158571475636,"Trà Vinh xã Dân Thành, TX Duyên Hải (KK)",30,28599103930259709512833128161,Quảng Ninh Phường Cẩm Thịnh - Cẩm Phả (KK),1271.5
29098314940209976158571475636,"Trà Vinh xã Dân Thành, TX Duyên Hải (KK)",31,28916774462801800655608897080,Bắc Ninh UBND xã Xuân Lâm - Thuận Thành (KK),1271.56
29098314940209976158571475636,"Trà Vinh xã Dân Thành, TX Duyên Hải (KK)",32,28916504310234840885489983032,Bắc Ninh Khu liên cơ Thuận Thành - thị trấn Hồ (KK),1271.81
29098314940209976158571475636,"Trà Vinh xã Dân Thành, TX Duyên Hải (KK)",33,28602837126985114455002404577,Quảng Ninh UBND TP Uông Bí (KK),1271.97
29098314940209976158571475636,"Trà Vinh xã Dân Thành, TX Duyên Hải (KK)",34,28560877461938780203765592307,Hà Nội 556 Nguyễn Văn Cừ (KK),1275.0
29098314940209976158571475636,"Trà Vinh xã Dân Thành, TX Duyên Hải (KK)",35,29518885338952740244749551027,Quảng Ninh Nhuệ Hổ - Đông Triều (KK),1275.51
29098314940209976158571475636,"Trà Vinh xã Dân Thành, TX Duyên Hải (KK)",36,29196021237696127337075448678,Bắc Ninh UBND xã Cao Đức - Gia Bình (KK),1277.23
29098314940209976158571475636,"Trà Vinh xã Dân Thành, TX Duyên Hải (KK)",37,29196010501691076420299004774,Bắc Ninh TT Quan trắc - phường Suối Hoa - TP Bắc Ninh (KK),1289.43
29098314940209976158571475636,"Trà Vinh xã Dân Thành, TX Duyên Hải (KK)",38,28505268571336961948594948504,Phú Thọ đường Hùng Vương - Tp Việt Trì (KK),1311.17
29098314940209976158571475636,"Trà Vinh xã Dân Thành, TX Duyên Hải (KK)",39,31651502905690497791503780869,Thái Nguyên Sân vận động Gang thép - P Trung Thành - TP Thái Nguyên (KK),1329.47
29098319146067624969113973428,"Trà Vinh xã Đông Hải, huyện Duyên Hải (KK)",1,29098314940209976158571475636,"Trà Vinh xã Dân Thành, TX Duyên Hải (KK)",4.38
29098319146067624969113973428,"Trà Vinh xã Đông Hải, huyện Duyên Hải (KK)",2,30991938797551443885460120607,"Sóc Trăng Sở TNMT - 16 Hùng Vương, P.6, Tp. Sóc Trăng (KK)",57.17
29098319146067624969113973428,"Trà Vinh xã Đông Hải, huyện Duyên Hải (KK)",3,31390932574706768021562473002,Long An UBND Tp Tân An - 76 Hùng Vương - P.2 (KK),107.53
29098319146067624969113973428,"Trà Vinh xã Đông Hải, huyện Duyên Hải (KK)",4,31390965631272148257054013994,Vũng Tàu Đ. Huyền Trân Công Chúa - Phường 8 - TP Vũng Tàu,133.68
29098319146067624969113973428,"Trà Vinh xã Đông Hải, huyện Duyên Hải (KK)",5,31390912357075263208060500522,HCM Khu Liên cơ quan Bộ Tài Nguyên và Môi Trường - số 20 Đ. Lý Chính Thắng (KK),135.87
29098319146067624969113973428,"Trà Vinh xã Đông Hải, huyện Duyên Hải (KK)",6,31390916083317566102523755051,HCM Đ. Lê Hữu Kiều - P. Bình Trưng Tây - Quận 2 (Ngã ba Lê Hữu Kiểu và Trương Văn Bang) (KK),137.38
29098319146067624969113973428,"Trà Vinh xã Đông Hải, huyện Duyên Hải (KK)",7,31388839920718814259329251882,"Bình Dương số 593 Đại lộ Bình Dương, P. Hiệp Thành (KK)",158.63
29098319146067624969113973428,"Trà Vinh xã Đông Hải, huyện Duyên Hải (KK)",8,29996239538320865599553202177,Tây Ninh Thị xã Trảng Bàng (KK),162.4
29098319146067624969113973428,"Trà Vinh xã Đông Hải, huyện Duyên Hải (KK)",9,31390928700890512538630765099,Lâm Đồng Vườn hoa - đối diện THCS Lam Sơn - Phường 6 - TP Đà Lạt (KK),338.92
29098319146067624969113973428,"Trà Vinh xã Đông Hải, huyện Duyên Hải (KK)",10,31390939012620449761949792810,Ninh Thuận Công viên (bến xe cũ) - Đ. Thống Nhất - P. Thanh Sơn - TP Phan Rang (KK),352.51
29098319146067624969113973428,"Trà Vinh xã Đông Hải, huyện Duyên Hải (KK)",11,29544533341424688633522251105,Gia Lai KCN Trà Đa - Tp Pleiku (KK),521.84
29098319146067624969113973428,"Trà Vinh xã Đông Hải, huyện Duyên Hải (KK)",12,31570631866920915749872483233,Bình Định huyện Tuy Phước (KK),552.41
29098319146067624969113973428,"Trà Vinh xã Đông Hải, huyện Duyên Hải (KK)",13,31388836637198369136462150188,Bình Định Khuôn viên Cây xanh gần cầu chui đường Hoa Lư - TP. Quy Nhơn (KK),554.58
29098319146067624969113973428,"Trà Vinh xã Đông Hải, huyện Duyên Hải (KK)",14,31390951371938979254287350314,Quảng Ngãi UBND P. Nguyễn Nghiêm - TP Quảng Ngãi (KK),665.93
29098319146067624969113973428,"Trà Vinh xã Đông Hải, huyện Duyên Hải (KK)",15,31390944251495766704153049642,Quảng Nam Tiếp giáp Đ. Hùng Vương - KDC Đ. Hồ Xuân Hương (KK),700.1
29098319146067624969113973428,"Trà Vinh xã Đông Hải, huyện Duyên Hải (KK)",16,31616865099255512061948816121,Đà Nẵng Phạm Hùng (KK),737.84
29098319146067624969113973428,"Trà Vinh xã Đông Hải, huyện Duyên Hải (KK)",17,31388851800421997746903202346,Đà Nẵng Khuôn viên trường ĐH sư phạm Đà Nẵng (KK),743.66
29098319146067624969113973428,"Trà Vinh xã Đông Hải, huyện Duyên Hải (KK)",18,28505272740301122608933325208,Đà Nẵng 41 đường Lê Duẩn (KK),746.49
29098319146067624969113973428,"Trà Vinh xã Đông Hải, huyện Duyên Hải (KK)",19,31390957404024291365397346858,Thái Bình Cầu Thái Bình - Đ. Trần Thái Tông - P. Bồ Xuyên - TP Thái Bình (KK),1210.15
29098319146067624969113973428,"Trà Vinh xã Đông Hải, huyện Duyên Hải (KK)",20,29203727697074312726675247132,"Thái Bình xã Thái Thọ, huyện Thái Thụy (KK)",1210.48
29098319146067624969113973428,"Trà Vinh xã Đông Hải, huyện Duyên Hải (KK)",21,31388883344354363840031242796,Hà Nam Công Viên Nam Cao - P.Quang Trung - TP. Phủ Lý (KK),1220.29
29098319146067624969113973428,"Trà Vinh xã Đông Hải, huyện Duyên Hải (KK)",22,31390921469766835629621918251,Hưng Yên số 437 Nguyễn Văn Linh - Tp Hưng Yên (KK),1233.59
29098319146067624969113973428,"Trà Vinh xã Đông Hải, huyện Duyên Hải (KK)",23,31388868531618872623864101418,Hải Dương UBND TP. Hải Dương - 106 Đường Trần Hưng Đạo (KK),1263.56
29098319146067624969113973428,"Trà Vinh xã Đông Hải, huyện Duyên Hải (KK)",24,28602897318711027016899843809,Quảng Ninh Nhà máy tuyển than Nam Cầu Trắng - Hạ Long (KK),1266.14
29098319146067624969113973428,"Trà Vinh xã Đông Hải, huyện Duyên Hải (KK)",25,29518852005686198968139908531,Quảng Ninh Gần KCN Cái Lân (KK),1268.68
29098319146067624969113973428,"Trà Vinh xã Đông Hải, huyện Duyên Hải (KK)",26,29518872592252585279589451187,Quảng Ninh Km11 - Minh Thành (KK),1271.65
29098319146067624969113973428,"Trà Vinh xã Đông Hải, huyện Duyên Hải (KK)",27,31390903576425084107499649578,Hà Nội ĐHBK cổng Parabol đường Giải Phóng (KK),1272.8
29098319146067624969113973428,"Trà Vinh xã Đông Hải, huyện Duyên Hải (KK)",28,31390908889087377344742439468,Hà Nội Công viên Nhân Chính - Khuất Duy Tiến (KK),1272.85
29098319146067624969113973428,"Trà Vinh xã Đông Hải, huyện Duyên Hải (KK)",29,28916774462801800655608897080,Bắc Ninh UBND xã Xuân Lâm - Thuận Thành (KK),1274.04
29098319146067624969113973428,"Trà Vinh xã Đông Hải, huyện Duyên Hải (KK)",30,29518839738601389925132404147,"Quảng Ninh Trung tâm văn hóa thể thao Cẩm Phả, đường Trần Phú, phường Cẩm Trung (KK)",1274.16
29098319146067624969113973428,"Trà Vinh xã Đông Hải, huyện Duyên Hải (KK)",31,28916504310234840885489983032,Bắc Ninh Khu liên cơ Thuận Thành - thị trấn Hồ (KK),1274.29
29098319146067624969113973428,"Trà Vinh xã Đông Hải, huyện Duyên Hải (KK)",32,28599103930259709512833128161,Quảng Ninh Phường Cẩm Thịnh - Cẩm Phả (KK),1274.36
29098319146067624969113973428,"Trà Vinh xã Đông Hải, huyện Duyên Hải (KK)",33,28602837126985114455002404577,Quảng Ninh UBND TP Uông Bí (KK),1274.66
29098319146067624969113973428,"Trà Vinh xã Đông Hải, huyện Duyên Hải (KK)",34,28560877461938780203765592307,Hà Nội 556 Nguyễn Văn Cừ (KK),1277.44
29098319146067624969113973428,"Trà Vinh xã Đông Hải, huyện Duyên Hải (KK)",35,29518885338952740244749551027,Quảng Ninh Nhuệ Hổ - Đông Triều (KK),1278.15
29098319146067624969113973428,"Trà Vinh xã Đông Hải, huyện Duyên Hải (KK)",36,29196021237696127337075448678,Bắc Ninh UBND xã Cao Đức - Gia Bình (KK),1279.78
29098319146067624969113973428,"Trà Vinh xã Đông Hải, huyện Duyên Hải (KK)",37,29196010501691076420299004774,Bắc Ninh TT Quan trắc - phường Suối Hoa - TP Bắc Ninh (KK),1291.93
29098319146067624969113973428,"Trà Vinh xã Đông Hải, huyện Duyên Hải (KK)",38,28505268571336961948594948504,Phú Thọ đường Hùng Vương - Tp Việt Trì (KK),1313.46
29098319146067624969113973428,"Trà Vinh xã Đông Hải, huyện Duyên Hải (KK)",39,31651502905690497791503780869,Thái Nguyên Sân vận động Gang thép - P Trung Thành - TP Thái Nguyên (KK),1331.91
29196010501691076420299004774,Bắc Ninh TT Quan trắc - phường Suối Hoa - TP Bắc Ninh (KK),1,28916504310234840885489983032,Bắc Ninh Khu liên cơ Thuận Thành - thị trấn Hồ (KK),18.28
29196010501691076420299004774,Bắc Ninh TT Quan trắc - phường Suối Hoa - TP Bắc Ninh (KK),2,28916774462801800655608897080,Bắc Ninh UBND xã Xuân Lâm - Thuận Thành (KK),19.06
29196010501691076420299004774,Bắc Ninh TT Quan trắc - phường Suối Hoa - TP Bắc Ninh (KK),3,29196021237696127337075448678,Bắc Ninh UBND xã Cao Đức - Gia Bình (KK),24.39
29196010501691076420299004774,Bắc Ninh TT Quan trắc - phường Suối Hoa - TP Bắc Ninh (KK),4,28560877461938780203765592307,Hà Nội 556 Nguyễn Văn Cừ (KK),25.07
29196010501691076420299004774,Bắc Ninh TT Quan trắc - phường Suối Hoa - TP Bắc Ninh (KK),5,31390903576425084107499649578,Hà Nội ĐHBK cổng Parabol đường Giải Phóng (KK),31.45
29196010501691076420299004774,Bắc Ninh TT Quan trắc - phường Suối Hoa - TP Bắc Ninh (KK),6,31390908889087377344742439468,Hà Nội Công viên Nhân Chính - Khuất Duy Tiến (KK),35.46
29196010501691076420299004774,Bắc Ninh TT Quan trắc - phường Suối Hoa - TP Bắc Ninh (KK),7,31388868531618872623864101418,Hải Dương UBND TP. Hải Dương - 106 Đường Trần Hưng Đạo (KK),38.82
29196010501691076420299004774,Bắc Ninh TT Quan trắc - phường Suối Hoa - TP Bắc Ninh (KK),8,31651502905690497791503780869,Thái Nguyên Sân vận động Gang thép - P Trung Thành - TP Thái Nguyên (KK),44.36
29196010501691076420299004774,Bắc Ninh TT Quan trắc - phường Suối Hoa - TP Bắc Ninh (KK),9,29518885338952740244749551027,Quảng Ninh Nhuệ Hổ - Đông Triều (KK),51.67
29196010501691076420299004774,Bắc Ninh TT Quan trắc - phường Suối Hoa - TP Bắc Ninh (KK),10,31390921469766835629621918251,Hưng Yên số 437 Nguyễn Văn Linh - Tp Hưng Yên (KK),58.45
29196010501691076420299004774,Bắc Ninh TT Quan trắc - phường Suối Hoa - TP Bắc Ninh (KK),11,28602837126985114455002404577,Quảng Ninh UBND TP Uông Bí (KK),73.53
29196010501691076420299004774,Bắc Ninh TT Quan trắc - phường Suối Hoa - TP Bắc Ninh (KK),12,31388883344354363840031242796,Hà Nam Công Viên Nam Cao - P.Quang Trung - TP. Phủ Lý (KK),74.26
29196010501691076420299004774,Bắc Ninh TT Quan trắc - phường Suối Hoa - TP Bắc Ninh (KK),13,28505268571336961948594948504,Phú Thọ đường Hùng Vương - Tp Việt Trì (KK),75.17
29196010501691076420299004774,Bắc Ninh TT Quan trắc - phường Suối Hoa - TP Bắc Ninh (KK),14,29518872592252585279589451187,Quảng Ninh Km11 - Minh Thành (KK),83.89
29196010501691076420299004774,Bắc Ninh TT Quan trắc - phường Suối Hoa - TP Bắc Ninh (KK),15,31390957404024291365397346858,Thái Bình Cầu Thái Bình - Đ. Trần Thái Tông - P. Bồ Xuyên - TP Thái Bình (KK),85.83
29196010501691076420299004774,Bắc Ninh TT Quan trắc - phường Suối Hoa - TP Bắc Ninh (KK),16,29203727697074312726675247132,"Thái Bình xã Thái Thọ, huyện Thái Thụy (KK)",92.9
29196010501691076420299004774,Bắc Ninh TT Quan trắc - phường Suối Hoa - TP Bắc Ninh (KK),17,29518852005686198968139908531,Quảng Ninh Gần KCN Cái Lân (KK),103.44
29196010501691076420299004774,Bắc Ninh TT Quan trắc - phường Suối Hoa - TP Bắc Ninh (KK),18,28602897318711027016899843809,Quảng Ninh Nhà máy tuyển than Nam Cầu Trắng - Hạ Long (KK),112.93
29196010501691076420299004774,Bắc Ninh TT Quan trắc - phường Suối Hoa - TP Bắc Ninh (KK),19,29518839738601389925132404147,"Quảng Ninh Trung tâm văn hóa thể thao Cẩm Phả, đường Trần Phú, phường Cẩm Trung (KK)",126.05
29196010501691076420299004774,Bắc Ninh TT Quan trắc - phường Suối Hoa - TP Bắc Ninh (KK),20,28599103930259709512833128161,Quảng Ninh Phường Cẩm Thịnh - Cẩm Phả (KK),133.28
29196010501691076420299004774,Bắc Ninh TT Quan trắc - phường Suối Hoa - TP Bắc Ninh (KK),21,31388851800421997746903202346,Đà Nẵng Khuôn viên trường ĐH sư phạm Đà Nẵng (KK),610.73
29196010501691076420299004774,Bắc Ninh TT Quan trắc - phường Suối Hoa - TP Bắc Ninh (KK),22,28505272740301122608933325208,Đà Nẵng 41 đường Lê Duẩn (KK),611.73
29196010501691076420299004774,Bắc Ninh TT Quan trắc - phường Suối Hoa - TP Bắc Ninh (KK),23,31616865099255512061948816121,Đà Nẵng Phạm Hùng (KK),619.43
29196010501691076420299004774,Bắc Ninh TT Quan trắc - phường Suối Hoa - TP Bắc Ninh (KK),24,31390944251495766704153049642,Quảng Nam Tiếp giáp Đ. Hùng Vương - KDC Đ. Hồ Xuân Hương (KK),675.29
29196010501691076420299004774,Bắc Ninh TT Quan trắc - phường Suối Hoa - TP Bắc Ninh (KK),25,31390951371938979254287350314,Quảng Ngãi UBND P. Nguyễn Nghiêm - TP Quảng Ngãi (KK),733.56
29196010501691076420299004774,Bắc Ninh TT Quan trắc - phường Suối Hoa - TP Bắc Ninh (KK),26,29544533341424688633522251105,Gia Lai KCN Trà Đa - Tp Pleiku (KK),823.83
29196010501691076420299004774,Bắc Ninh TT Quan trắc - phường Suối Hoa - TP Bắc Ninh (KK),27,31388836637198369136462150188,Bình Định Khuôn viên Cây xanh gần cầu chui đường Hoa Lư - TP. Quy Nhơn (KK),888.03
29196010501691076420299004774,Bắc Ninh TT Quan trắc - phường Suối Hoa - TP Bắc Ninh (KK),28,31570631866920915749872483233,Bình Định huyện Tuy Phước (KK),890.43
29196010501691076420299004774,Bắc Ninh TT Quan trắc - phường Suối Hoa - TP Bắc Ninh (KK),29,31390928700890512538630765099,Lâm Đồng Vườn hoa - đối diện THCS Lam Sơn - Phường 6 - TP Đà Lạt (KK),1057.01
29196010501691076420299004774,Bắc Ninh TT Quan trắc - phường Suối Hoa - TP Bắc Ninh (KK),30,31390939012620449761949792810,Ninh Thuận Công viên (bến xe cũ) - Đ. Thống Nhất - P. Thanh Sơn - TP Phan Rang (KK),1113.27
29196010501691076420299004774,Bắc Ninh TT Quan trắc - phường Suối Hoa - TP Bắc Ninh (KK),31,29996239538320865599553202177,Tây Ninh Thị xã Trảng Bàng (KK),1129.81
29196010501691076420299004774,Bắc Ninh TT Quan trắc - phường Suối Hoa - TP Bắc Ninh (KK),32,31388839920718814259329251882,"Bình Dương số 593 Đại lộ Bình Dương, P. Hiệp Thành (KK)",1135.34
29196010501691076420299004774,Bắc Ninh TT Quan trắc - phường Suối Hoa - TP Bắc Ninh (KK),33,31390912357075263208060500522,HCM Khu Liên cơ quan Bộ Tài Nguyên và Môi Trường - số 20 Đ. Lý Chính Thắng (KK),1158.81
29196010501691076420299004774,Bắc Ninh TT Quan trắc - phường Suối Hoa - TP Bắc Ninh (KK),34,31390916083317566102523755051,HCM Đ. Lê Hữu Kiều - P. Bình Trưng Tây - Quận 2 (Ngã ba Lê Hữu Kiểu và Trương Văn Bang) (KK),1159.15
29196010501691076420299004774,Bắc Ninh TT Quan trắc - phường Suối Hoa - TP Bắc Ninh (KK),35,31390932574706768021562473002,Long An UBND Tp Tân An - 76 Hùng Vương - P.2 (KK),1184.55
29196010501691076420299004774,Bắc Ninh TT Quan trắc - phường Suối Hoa - TP Bắc Ninh (KK),36,31390965631272148257054013994,Vũng Tàu Đ. Huyền Trân Công Chúa - Phường 8 - TP Vũng Tàu,1195.76
29196010501691076420299004774,Bắc Ninh TT Quan trắc - phường Suối Hoa - TP Bắc Ninh (KK),37,30991938797551443885460120607,"Sóc Trăng Sở TNMT - 16 Hùng Vương, P.6, Tp. Sóc Trăng (KK)",1286.99
29196010501691076420299004774,Bắc Ninh TT Quan trắc - phường Suối Hoa - TP Bắc Ninh (KK),38,29098314940209976158571475636,"Trà Vinh xã Dân Thành, TX Duyên Hải (KK)",1289.43
29196010501691076420299004774,Bắc Ninh TT Quan trắc - phường Suối Hoa - TP Bắc Ninh (KK),39,29098319146067624969113973428,"Trà Vinh xã Đông Hải, huyện Duyên Hải (KK)",1291.93
29196021237696127337075448678,Bắc Ninh UBND xã Cao Đức - Gia Bình (KK),1,31388868531618872623864101418,Hải Dương UBND TP. Hải Dương - 106 Đường Trần Hưng Đạo (KK),17.11
29196021237696127337075448678,Bắc Ninh UBND xã Cao Đức - Gia Bình (KK),2,29196010501691076420299004774,Bắc Ninh TT Quan trắc - phường Suối Hoa - TP Bắc Ninh (KK),24.39
29196021237696127337075448678,Bắc Ninh UBND xã Cao Đức - Gia Bình (KK),3,28916504310234840885489983032,Bắc Ninh Khu liên cơ Thuận Thành - thị trấn Hồ (KK),26.38
29196021237696127337075448678,Bắc Ninh UBND xã Cao Đức - Gia Bình (KK),4,28916774462801800655608897080,Bắc Ninh UBND xã Xuân Lâm - Thuận Thành (KK),28.17
29196021237696127337075448678,Bắc Ninh UBND xã Cao Đức - Gia Bình (KK),5,29518885338952740244749551027,Quảng Ninh Nhuệ Hổ - Đông Triều (KK),28.57
29196021237696127337075448678,Bắc Ninh UBND xã Cao Đức - Gia Bình (KK),6,28560877461938780203765592307,Hà Nội 556 Nguyễn Văn Cừ (KK),41.47
29196021237696127337075448678,Bắc Ninh UBND xã Cao Đức - Gia Bình (KK),7,31390903576425084107499649578,Hà Nội ĐHBK cổng Parabol đường Giải Phóng (KK),46.38
29196021237696127337075448678,Bắc Ninh UBND xã Cao Đức - Gia Bình (KK),8,28602837126985114455002404577,Quảng Ninh UBND TP Uông Bí (KK),50.4
29196021237696127337075448678,Bắc Ninh UBND xã Cao Đức - Gia Bình (KK),9,31390908889087377344742439468,Hà Nội Công viên Nhân Chính - Khuất Duy Tiến (KK),51.22
29196021237696127337075448678,Bắc Ninh UBND xã Cao Đức - Gia Bình (KK),10,31390921469766835629621918251,Hưng Yên số 437 Nguyễn Văn Linh - Tp Hưng Yên (KK),52.23
29196021237696127337075448678,Bắc Ninh UBND xã Cao Đức - Gia Bình (KK),11,29518872592252585279589451187,Quảng Ninh Km11 - Minh Thành (KK),60.59
29196021237696127337075448678,Bắc Ninh UBND xã Cao Đức - Gia Bình (KK),12,31651502905690497791503780869,Thái Nguyên Sân vận động Gang thép - P Trung Thành - TP Thái Nguyên (KK),66.07
29196021237696127337075448678,Bắc Ninh UBND xã Cao Đức - Gia Bình (KK),13,31390957404024291365397346858,Thái Bình Cầu Thái Bình - Đ. Trần Thái Tông - P. Bồ Xuyên - TP Thái Bình (KK),69.85
29196021237696127337075448678,Bắc Ninh UBND xã Cao Đức - Gia Bình (KK),14,31388883344354363840031242796,Hà Nam Công Viên Nam Cao - P.Quang Trung - TP. Phủ Lý (KK),71.7
29196021237696127337075448678,Bắc Ninh UBND xã Cao Đức - Gia Bình (KK),15,29203727697074312726675247132,"Thái Bình xã Thái Thọ, huyện Thái Thụy (KK)",73.34
29196021237696127337075448678,Bắc Ninh UBND xã Cao Đức - Gia Bình (KK),16,29518852005686198968139908531,Quảng Ninh Gần KCN Cái Lân (KK),80.14
29196021237696127337075448678,Bắc Ninh UBND xã Cao Đức - Gia Bình (KK),17,28602897318711027016899843809,Quảng Ninh Nhà máy tuyển than Nam Cầu Trắng - Hạ Long (KK),89.55
29196021237696127337075448678,Bắc Ninh UBND xã Cao Đức - Gia Bình (KK),18,28505268571336961948594948504,Phú Thọ đường Hùng Vương - Tp Việt Trì (KK),98.91
29196021237696127337075448678,Bắc Ninh UBND xã Cao Đức - Gia Bình (KK),19,29518839738601389925132404147,"Quảng Ninh Trung tâm văn hóa thể thao Cẩm Phả, đường Trần Phú, phường Cẩm Trung (KK)",103.38
29196021237696127337075448678,Bắc Ninh UBND xã Cao Đức - Gia Bình (KK),20,28599103930259709512833128161,Quảng Ninh Phường Cẩm Thịnh - Cẩm Phả (KK),110.65
29196021237696127337075448678,Bắc Ninh UBND xã Cao Đức - Gia Bình (KK),21,31388851800421997746903202346,Đà Nẵng Khuôn viên trường ĐH sư phạm Đà Nẵng (KK),592.33
29196021237696127337075448678,Bắc Ninh UBND xã Cao Đức - Gia Bình (KK),22,28505272740301122608933325208,Đà Nẵng 41 đường Lê Duẩn (KK),593.17
29196021237696127337075448678,Bắc Ninh UBND xã Cao Đức - Gia Bình (KK),23,31616865099255512061948816121,Đà Nẵng Phạm Hùng (KK),600.97
29196021237696127337075448678,Bắc Ninh UBND xã Cao Đức - Gia Bình (KK),24,31390944251495766704153049642,Quảng Nam Tiếp giáp Đ. Hùng Vương - KDC Đ. Hồ Xuân Hương (KK),656.55
29196021237696127337075448678,Bắc Ninh UBND xã Cao Đức - Gia Bình (KK),25,31390951371938979254287350314,Quảng Ngãi UBND P. Nguyễn Nghiêm - TP Quảng Ngãi (KK),714.52
29196021237696127337075448678,Bắc Ninh UBND xã Cao Đức - Gia Bình (KK),26,29544533341424688633522251105,Gia Lai KCN Trà Đa - Tp Pleiku (KK),807.32
29196021237696127337075448678,Bắc Ninh UBND xã Cao Đức - Gia Bình (KK),27,31388836637198369136462150188,Bình Định Khuôn viên Cây xanh gần cầu chui đường Hoa Lư - TP. Quy Nhơn (KK),869.25
29196021237696127337075448678,Bắc Ninh UBND xã Cao Đức - Gia Bình (KK),28,31570631866920915749872483233,Bình Định huyện Tuy Phước (KK),871.66
29196021237696127337075448678,Bắc Ninh UBND xã Cao Đức - Gia Bình (KK),29,31390928700890512538630765099,Lâm Đồng Vườn hoa - đối diện THCS Lam Sơn - Phường 6 - TP Đà Lạt (KK),1040.72
29196021237696127337075448678,Bắc Ninh UBND xã Cao Đức - Gia Bình (KK),30,31390939012620449761949792810,Ninh Thuận Công viên (bến xe cũ) - Đ. Thống Nhất - P. Thanh Sơn - TP Phan Rang (KK),1096.17
29196021237696127337075448678,Bắc Ninh UBND xã Cao Đức - Gia Bình (KK),31,29996239538320865599553202177,Tây Ninh Thị xã Trảng Bàng (KK),1117.86
29196021237696127337075448678,Bắc Ninh UBND xã Cao Đức - Gia Bình (KK),32,31388839920718814259329251882,"Bình Dương số 593 Đại lộ Bình Dương, P. Hiệp Thành (KK)",1122.78
29196021237696127337075448678,Bắc Ninh UBND xã Cao Đức - Gia Bình (KK),33,31390912357075263208060500522,HCM Khu Liên cơ quan Bộ Tài Nguyên và Môi Trường - số 20 Đ. Lý Chính Thắng (KK),1146.21
29196021237696127337075448678,Bắc Ninh UBND xã Cao Đức - Gia Bình (KK),34,31390916083317566102523755051,HCM Đ. Lê Hữu Kiều - P. Bình Trưng Tây - Quận 2 (Ngã ba Lê Hữu Kiểu và Trương Văn Bang) (KK),1146.42
29196021237696127337075448678,Bắc Ninh UBND xã Cao Đức - Gia Bình (KK),35,31390932574706768021562473002,Long An UBND Tp Tân An - 76 Hùng Vương - P.2 (KK),1172.53
29196021237696127337075448678,Bắc Ninh UBND xã Cao Đức - Gia Bình (KK),36,31390965631272148257054013994,Vũng Tàu Đ. Huyền Trân Công Chúa - Phường 8 - TP Vũng Tàu,1182.07
29196021237696127337075448678,Bắc Ninh UBND xã Cao Đức - Gia Bình (KK),37,30991938797551443885460120607,"Sóc Trăng Sở TNMT - 16 Hùng Vương, P.6, Tp. Sóc Trăng (KK)",1275.8
29196021237696127337075448678,Bắc Ninh UBND xã Cao Đức - Gia Bình (KK),38,29098314940209976158571475636,"Trà Vinh xã Dân Thành, TX Duyên Hải (KK)",1277.23
29196021237696127337075448678,Bắc Ninh UBND xã Cao Đức - Gia Bình (KK),39,29098319146067624969113973428,"Trà Vinh xã Đông Hải, huyện Duyên Hải (KK)",1279.78
29203727697074312726675247132,"Thái Bình xã Thái Thọ, huyện Thái Thụy (KK)",1,31390957404024291365397346858,Thái Bình Cầu Thái Bình - Đ. Trần Thái Tông - P. Bồ Xuyên - TP Thái Bình (KK),18.03
29203727697074312726675247132,"Thái Bình xã Thái Thọ, huyện Thái Thụy (KK)",2,31390921469766835629621918251,Hưng Yên số 437 Nguyễn Văn Linh - Tp Hưng Yên (KK),52.62
29203727697074312726675247132,"Thái Bình xã Thái Thọ, huyện Thái Thụy (KK)",3,31388868531618872623864101418,Hải Dương UBND TP. Hải Dương - 106 Đường Trần Hưng Đạo (KK),56.23
29203727697074312726675247132,"Thái Bình xã Thái Thọ, huyện Thái Thụy (KK)",4,31388883344354363840031242796,Hà Nam Công Viên Nam Cao - P.Quang Trung - TP. Phủ Lý (KK),63.14
29203727697074312726675247132,"Thái Bình xã Thái Thọ, huyện Thái Thụy (KK)",5,29518885338952740244749551027,Quảng Ninh Nhuệ Hổ - Đông Triều (KK),67.77
29203727697074312726675247132,"Thái Bình xã Thái Thọ, huyện Thái Thụy (KK)",6,28602837126985114455002404577,Quảng Ninh UBND TP Uông Bí (KK),68.82
29203727697074312726675247132,"Thái Bình xã Thái Thọ, huyện Thái Thụy (KK)",7,29518872592252585279589451187,Quảng Ninh Km11 - Minh Thành (KK),70.23
29203727697074312726675247132,"Thái Bình xã Thái Thọ, huyện Thái Thụy (KK)",8,29196021237696127337075448678,Bắc Ninh UBND xã Cao Đức - Gia Bình (KK),73.34
29203727697074312726675247132,"Thái Bình xã Thái Thọ, huyện Thái Thụy (KK)",9,29518852005686198968139908531,Quảng Ninh Gần KCN Cái Lân (KK),78.94
29203727697074312726675247132,"Thái Bình xã Thái Thọ, huyện Thái Thụy (KK)",10,28916504310234840885489983032,Bắc Ninh Khu liên cơ Thuận Thành - thị trấn Hồ (KK),80.49
29203727697074312726675247132,"Thái Bình xã Thái Thọ, huyện Thái Thụy (KK)",11,28916774462801800655608897080,Bắc Ninh UBND xã Xuân Lâm - Thuận Thành (KK),81.35
29203727697074312726675247132,"Thái Bình xã Thái Thọ, huyện Thái Thụy (KK)",12,28602897318711027016899843809,Quảng Ninh Nhà máy tuyển than Nam Cầu Trắng - Hạ Long (KK),83.5
29203727697074312726675247132,"Thái Bình xã Thái Thọ, huyện Thái Thụy (KK)",13,31390903576425084107499649578,Hà Nội ĐHBK cổng Parabol đường Giải Phóng (KK),92.63
29203727697074312726675247132,"Thái Bình xã Thái Thọ, huyện Thái Thụy (KK)",14,28560877461938780203765592307,Hà Nội 556 Nguyễn Văn Cừ (KK),92.81
29203727697074312726675247132,"Thái Bình xã Thái Thọ, huyện Thái Thụy (KK)",15,29196010501691076420299004774,Bắc Ninh TT Quan trắc - phường Suối Hoa - TP Bắc Ninh (KK),92.9
29203727697074312726675247132,"Thái Bình xã Thái Thọ, huyện Thái Thụy (KK)",16,31390908889087377344742439468,Hà Nội Công viên Nhân Chính - Khuất Duy Tiến (KK),96.24
29203727697074312726675247132,"Thái Bình xã Thái Thọ, huyện Thái Thụy (KK)",17,29518839738601389925132404147,"Quảng Ninh Trung tâm văn hóa thể thao Cẩm Phả, đường Trần Phú, phường Cẩm Trung (KK)",99.53
29203727697074312726675247132,"Thái Bình xã Thái Thọ, huyện Thái Thụy (KK)",18,28599103930259709512833128161,Quảng Ninh Phường Cẩm Thịnh - Cẩm Phả (KK),105.2
29203727697074312726675247132,"Thái Bình xã Thái Thọ, huyện Thái Thụy (KK)",19,31651502905690497791503780869,Thái Nguyên Sân vận động Gang thép - P Trung Thành - TP Thái Nguyên (KK),137.25
29203727697074312726675247132,"Thái Bình xã Thái Thọ, huyện Thái Thụy (KK)",20,28505268571336961948594948504,Phú Thọ đường Hùng Vương - Tp Việt Trì (KK),154.2
29203727697074312726675247132,"Thái Bình xã Thái Thọ, huyện Thái Thụy (KK)",21,31388851800421997746903202346,Đà Nẵng Khuôn viên trường ĐH sư phạm Đà Nẵng (KK),518.99
29203727697074312726675247132,"Thái Bình xã Thái Thọ, huyện Thái Thụy (KK)",22,28505272740301122608933325208,Đà Nẵng 41 đường Lê Duẩn (KK),519.83
29203727697074312726675247132,"Thái Bình xã Thái Thọ, huyện Thái Thụy (KK)",23,31616865099255512061948816121,Đà Nẵng Phạm Hùng (KK),527.63
29203727697074312726675247132,"Thái Bình xã Thái Thọ, huyện Thái Thụy (KK)",24,31390944251495766704153049642,Quảng Nam Tiếp giáp Đ. Hùng Vương - KDC Đ. Hồ Xuân Hương (KK),583.24
29203727697074312726675247132,"Thái Bình xã Thái Thọ, huyện Thái Thụy (KK)",25,31390951371938979254287350314,Quảng Ngãi UBND P. Nguyễn Nghiêm - TP Quảng Ngãi (KK),641.27
29203727697074312726675247132,"Thái Bình xã Thái Thọ, huyện Thái Thụy (KK)",26,29544533341424688633522251105,Gia Lai KCN Trà Đa - Tp Pleiku (KK),734.42
29203727697074312726675247132,"Thái Bình xã Thái Thọ, huyện Thái Thụy (KK)",27,31388836637198369136462150188,Bình Định Khuôn viên Cây xanh gần cầu chui đường Hoa Lư - TP. Quy Nhơn (KK),795.95
29203727697074312726675247132,"Thái Bình xã Thái Thọ, huyện Thái Thụy (KK)",28,31570631866920915749872483233,Bình Định huyện Tuy Phước (KK),798.36
29203727697074312726675247132,"Thái Bình xã Thái Thọ, huyện Thái Thụy (KK)",29,31390928700890512538630765099,Lâm Đồng Vườn hoa - đối diện THCS Lam Sơn - Phường 6 - TP Đà Lạt (KK),967.89
29203727697074312726675247132,"Thái Bình xã Thái Thọ, huyện Thái Thụy (KK)",30,31390939012620449761949792810,Ninh Thuận Công viên (bến xe cũ) - Đ. Thống Nhất - P. Thanh Sơn - TP Phan Rang (KK),1023.0
29203727697074312726675247132,"Thái Bình xã Thái Thọ, huyện Thái Thụy (KK)",31,29996239538320865599553202177,Tây Ninh Thị xã Trảng Bàng (KK),1048.85
29203727697074312726675247132,"Thái Bình xã Thái Thọ, huyện Thái Thụy (KK)",32,31388839920718814259329251882,"Bình Dương số 593 Đại lộ Bình Dương, P. Hiệp Thành (KK)",1053.05
29203727697074312726675247132,"Thái Bình xã Thái Thọ, huyện Thái Thụy (KK)",33,31390912357075263208060500522,HCM Khu Liên cơ quan Bộ Tài Nguyên và Môi Trường - số 20 Đ. Lý Chính Thắng (KK),1076.44
29203727697074312726675247132,"Thái Bình xã Thái Thọ, huyện Thái Thụy (KK)",34,31390916083317566102523755051,HCM Đ. Lê Hữu Kiều - P. Bình Trưng Tây - Quận 2 (Ngã ba Lê Hữu Kiểu và Trương Văn Bang) (KK),1076.48
29203727697074312726675247132,"Thái Bình xã Thái Thọ, huyện Thái Thụy (KK)",35,31390932574706768021562473002,Long An UBND Tp Tân An - 76 Hùng Vương - P.2 (KK),1103.4
29203727697074312726675247132,"Thái Bình xã Thái Thọ, huyện Thái Thụy (KK)",36,31390965631272148257054013994,Vũng Tàu Đ. Huyền Trân Công Chúa - Phường 8 - TP Vũng Tàu,1111.14
29203727697074312726675247132,"Thái Bình xã Thái Thọ, huyện Thái Thụy (KK)",37,30991938797551443885460120607,"Sóc Trăng Sở TNMT - 16 Hùng Vương, P.6, Tp. Sóc Trăng (KK)",1207.68
29203727697074312726675247132,"Thái Bình xã Thái Thọ, huyện Thái Thụy (KK)",38,29098314940209976158571475636,"Trà Vinh xã Dân Thành, TX Duyên Hải (KK)",1207.85
29203727697074312726675247132,"Thái Bình xã Thái Thọ, huyện Thái Thụy (KK)",39,29098319146067624969113973428,"Trà Vinh xã Đông Hải, huyện Duyên Hải (KK)",1210.48
29518839738601389925132404147,"Quảng Ninh Trung tâm văn hóa thể thao Cẩm Phả, đường Trần Phú, phường Cẩm Trung (KK)",1,28599103930259709512833128161,Quảng Ninh Phường Cẩm Thịnh - Cẩm Phả (KK),7.27
29518839738601389925132404147,"Quảng Ninh Trung tâm văn hóa thể thao Cẩm Phả, đường Trần Phú, phường Cẩm Trung (KK)",2,28602897318711027016899843809,Quảng Ninh Nhà máy tuyển than Nam Cầu Trắng - Hạ Long (KK),16.46
29518839738601389925132404147,"Quảng Ninh Trung tâm văn hóa thể thao Cẩm Phả, đường Trần Phú, phường Cẩm Trung (KK)",3,29518852005686198968139908531,Quảng Ninh Gần KCN Cái Lân (KK),24.23
29518839738601389925132404147,"Quảng Ninh Trung tâm văn hóa thể thao Cẩm Phả, đường Trần Phú, phường Cẩm Trung (KK)",4,29518872592252585279589451187,Quảng Ninh Km11 - Minh Thành (KK),43.08
29518839738601389925132404147,"Quảng Ninh Trung tâm văn hóa thể thao Cẩm Phả, đường Trần Phú, phường Cẩm Trung (KK)",5,28602837126985114455002404577,Quảng Ninh UBND TP Uông Bí (KK),53.02
29518839738601389925132404147,"Quảng Ninh Trung tâm văn hóa thể thao Cẩm Phả, đường Trần Phú, phường Cẩm Trung (KK)",6,29518885338952740244749551027,Quảng Ninh Nhuệ Hổ - Đông Triều (KK),74.82
29518839738601389925132404147,"Quảng Ninh Trung tâm văn hóa thể thao Cẩm Phả, đường Trần Phú, phường Cẩm Trung (KK)",7,31388868531618872623864101418,Hải Dương UBND TP. Hải Dương - 106 Đường Trần Hưng Đạo (KK),97.71
29518839738601389925132404147,"Quảng Ninh Trung tâm văn hóa thể thao Cẩm Phả, đường Trần Phú, phường Cẩm Trung (KK)",8,29203727697074312726675247132,"Thái Bình xã Thái Thọ, huyện Thái Thụy (KK)",99.53
29518839738601389925132404147,"Quảng Ninh Trung tâm văn hóa thể thao Cẩm Phả, đường Trần Phú, phường Cẩm Trung (KK)",9,29196021237696127337075448678,Bắc Ninh UBND xã Cao Đức - Gia Bình (KK),103.38
29518839738601389925132404147,"Quảng Ninh Trung tâm văn hóa thể thao Cẩm Phả, đường Trần Phú, phường Cẩm Trung (KK)",10,31390957404024291365397346858,Thái Bình Cầu Thái Bình - Đ. Trần Thái Tông - P. Bồ Xuyên - TP Thái Bình (KK),114.52
29518839738601389925132404147,"Quảng Ninh Trung tâm văn hóa thể thao Cẩm Phả, đường Trần Phú, phường Cẩm Trung (KK)",11,29196010501691076420299004774,Bắc Ninh TT Quan trắc - phường Suối Hoa - TP Bắc Ninh (KK),126.05
29518839738601389925132404147,"Quảng Ninh Trung tâm văn hóa thể thao Cẩm Phả, đường Trần Phú, phường Cẩm Trung (KK)",12,28916504310234840885489983032,Bắc Ninh Khu liên cơ Thuận Thành - thị trấn Hồ (KK),128.72
29518839738601389925132404147,"Quảng Ninh Trung tâm văn hóa thể thao Cẩm Phả, đường Trần Phú, phường Cẩm Trung (KK)",13,28916774462801800655608897080,Bắc Ninh UBND xã Xuân Lâm - Thuận Thành (KK),130.48
29518839738601389925132404147,"Quảng Ninh Trung tâm văn hóa thể thao Cẩm Phả, đường Trần Phú, phường Cẩm Trung (KK)",14,31390921469766835629621918251,Hưng Yên số 437 Nguyễn Văn Linh - Tp Hưng Yên (KK),132.05
29518839738601389925132404147,"Quảng Ninh Trung tâm văn hóa thể thao Cẩm Phả, đường Trần Phú, phường Cẩm Trung (KK)",15,28560877461938780203765592307,Hà Nội 556 Nguyễn Văn Cừ (KK),144.44
29518839738601389925132404147,"Quảng Ninh Trung tâm văn hóa thể thao Cẩm Phả, đường Trần Phú, phường Cẩm Trung (KK)",16,31390903576425084107499649578,Hà Nội ĐHBK cổng Parabol đường Giải Phóng (KK),148.65
29518839738601389925132404147,"Quảng Ninh Trung tâm văn hóa thể thao Cẩm Phả, đường Trần Phú, phường Cẩm Trung (KK)",17,31388883344354363840031242796,Hà Nam Công Viên Nam Cao - P.Quang Trung - TP. Phủ Lý (KK),150.68
29518839738601389925132404147,"Quảng Ninh Trung tâm văn hóa thể thao Cẩm Phả, đường Trần Phú, phường Cẩm Trung (KK)",18,31390908889087377344742439468,Hà Nội Công viên Nhân Chính - Khuất Duy Tiến (KK),153.53
29518839738601389925132404147,"Quảng Ninh Trung tâm văn hóa thể thao Cẩm Phả, đường Trần Phú, phường Cẩm Trung (KK)",19,31651502905690497791503780869,Thái Nguyên Sân vận động Gang thép - P Trung Thành - TP Thái Nguyên (KK),156.76
29518839738601389925132404147,"Quảng Ninh Trung tâm văn hóa thể thao Cẩm Phả, đường Trần Phú, phường Cẩm Trung (KK)",20,28505268571336961948594948504,Phú Thọ đường Hùng Vương - Tp Việt Trì (KK),201.09
29518839738601389925132404147,"Quảng Ninh Trung tâm văn hóa thể thao Cẩm Phả, đường Trần Phú, phường Cẩm Trung (KK)",21,28505272740301122608933325208,Đà Nẵng 41 đường Lê Duẩn (KK),557.7
29518839738601389925132404147,"Quảng Ninh Trung tâm văn hóa thể thao Cẩm Phả, đường Trần Phú, phường Cẩm Trung (KK)",22,31388851800421997746903202346,Đà Nẵng Khuôn viên trường ĐH sư phạm Đà Nẵng (KK),557.94
29518839738601389925132404147,"Quảng Ninh Trung tâm văn hóa thể thao Cẩm Phả, đường Trần Phú, phường Cẩm Trung (KK)",23,31616865099255512061948816121,Đà Nẵng Phạm Hùng (KK),566.05
29518839738601389925132404147,"Quảng Ninh Trung tâm văn hóa thể thao Cẩm Phả, đường Trần Phú, phường Cẩm Trung (KK)",24,31390944251495766704153049642,Quảng Nam Tiếp giáp Đ. Hùng Vương - KDC Đ. Hồ Xuân Hương (KK),619.08
29518839738601389925132404147,"Quảng Ninh Trung tâm văn hóa thể thao Cẩm Phả, đường Trần Phú, phường Cẩm Trung (KK)",25,31390951371938979254287350314,Quảng Ngãi UBND P. Nguyễn Nghiêm - TP Quảng Ngãi (KK),674.41
29518839738601389925132404147,"Quảng Ninh Trung tâm văn hóa thể thao Cẩm Phả, đường Trần Phú, phường Cẩm Trung (KK)",26,29544533341424688633522251105,Gia Lai KCN Trà Đa - Tp Pleiku (KK),781.6
29518839738601389925132404147,"Quảng Ninh Trung tâm văn hóa thể thao Cẩm Phả, đường Trần Phú, phường Cẩm Trung (KK)",27,31388836637198369136462150188,Bình Định Khuôn viên Cây xanh gần cầu chui đường Hoa Lư - TP. Quy Nhơn (KK),829.36
29518839738601389925132404147,"Quảng Ninh Trung tâm văn hóa thể thao Cẩm Phả, đường Trần Phú, phường Cẩm Trung (KK)",28,31570631866920915749872483233,Bình Định huyện Tuy Phước (KK),831.87
29518839738601389925132404147,"Quảng Ninh Trung tâm văn hóa thể thao Cẩm Phả, đường Trần Phú, phường Cẩm Trung (KK)",29,31390928700890512538630765099,Lâm Đồng Vườn hoa - đối diện THCS Lam Sơn - Phường 6 - TP Đà Lạt (KK),1014.54
29518839738601389925132404147,"Quảng Ninh Trung tâm văn hóa thể thao Cẩm Phả, đường Trần Phú, phường Cẩm Trung (KK)",30,31390939012620449761949792810,Ninh Thuận Công viên (bến xe cũ) - Đ. Thống Nhất - P. Thanh Sơn - TP Phan Rang (KK),1065.06
29518839738601389925132404147,"Quảng Ninh Trung tâm văn hóa thể thao Cẩm Phả, đường Trần Phú, phường Cẩm Trung (KK)",31,29996239538320865599553202177,Tây Ninh Thị xã Trảng Bàng (KK),1113.93
29518839738601389925132404147,"Quảng Ninh Trung tâm văn hóa thể thao Cẩm Phả, đường Trần Phú, phường Cẩm Trung (KK)",32,31388839920718814259329251882,"Bình Dương số 593 Đại lộ Bình Dương, P. Hiệp Thành (KK)",1115.78
29518839738601389925132404147,"Quảng Ninh Trung tâm văn hóa thể thao Cẩm Phả, đường Trần Phú, phường Cẩm Trung (KK)",33,31390916083317566102523755051,HCM Đ. Lê Hữu Kiều - P. Bình Trưng Tây - Quận 2 (Ngã ba Lê Hữu Kiểu và Trương Văn Bang) (KK),1138.45
29518839738601389925132404147,"Quảng Ninh Trung tâm văn hóa thể thao Cẩm Phả, đường Trần Phú, phường Cẩm Trung (KK)",34,31390912357075263208060500522,HCM Khu Liên cơ quan Bộ Tài Nguyên và Môi Trường - số 20 Đ. Lý Chính Thắng (KK),1138.94
29518839738601389925132404147,"Quảng Ninh Trung tâm văn hóa thể thao Cẩm Phả, đường Trần Phú, phường Cẩm Trung (KK)",35,31390932574706768021562473002,Long An UBND Tp Tân An - 76 Hùng Vương - P.2 (KK),1167.93
29518839738601389925132404147,"Quảng Ninh Trung tâm văn hóa thể thao Cẩm Phả, đường Trần Phú, phường Cẩm Trung (KK)",36,31390965631272148257054013994,Vũng Tàu Đ. Huyền Trân Công Chúa - Phường 8 - TP Vũng Tàu,1169.08
29518839738601389925132404147,"Quảng Ninh Trung tâm văn hóa thể thao Cẩm Phả, đường Trần Phú, phường Cẩm Trung (KK)",37,29098314940209976158571475636,"Trà Vinh xã Dân Thành, TX Duyên Hải (KK)",1271.32
29518839738601389925132404147,"Quảng Ninh Trung tâm văn hóa thể thao Cẩm Phả, đường Trần Phú, phường Cẩm Trung (KK)",38,29098319146067624969113973428,"Trà Vinh xã Đông Hải, huyện Duyên Hải (KK)",1274.16
29518839738601389925132404147,"Quảng Ninh Trung tâm văn hóa thể thao Cẩm Phả, đường Trần Phú, phường Cẩm Trung (KK)",39,30991938797551443885460120607,"Sóc Trăng Sở TNMT - 16 Hùng Vương, P.6, Tp. Sóc Trăng (KK)",1274.83
29518852005686198968139908531,Quảng Ninh Gần KCN Cái Lân (KK),1,28602897318711027016899843809,Quảng Ninh Nhà máy tuyển than Nam Cầu Trắng - Hạ Long (KK),9.52
29518852005686198968139908531,Quảng Ninh Gần KCN Cái Lân (KK),2,29518872592252585279589451187,Quảng Ninh Km11 - Minh Thành (KK),19.57
29518852005686198968139908531,Quảng Ninh Gần KCN Cái Lân (KK),3,29518839738601389925132404147,"Quảng Ninh Trung tâm văn hóa thể thao Cẩm Phả, đường Trần Phú, phường Cẩm Trung (KK)",24.23
29518852005686198968139908531,Quảng Ninh Gần KCN Cái Lân (KK),4,28602837126985114455002404577,Quảng Ninh UBND TP Uông Bí (KK),29.91
29518852005686198968139908531,Quảng Ninh Gần KCN Cái Lân (KK),5,28599103930259709512833128161,Quảng Ninh Phường Cẩm Thịnh - Cẩm Phả (KK),31.37
29518852005686198968139908531,Quảng Ninh Gần KCN Cái Lân (KK),6,29518885338952740244749551027,Quảng Ninh Nhuệ Hổ - Đông Triều (KK),51.8
29518852005686198968139908531,Quảng Ninh Gần KCN Cái Lân (KK),7,31388868531618872623864101418,Hải Dương UBND TP. Hải Dương - 106 Đường Trần Hưng Đạo (KK),73.62
29518852005686198968139908531,Quảng Ninh Gần KCN Cái Lân (KK),8,29203727697074312726675247132,"Thái Bình xã Thái Thọ, huyện Thái Thụy (KK)",78.94
29518852005686198968139908531,Quảng Ninh Gần KCN Cái Lân (KK),9,29196021237696127337075448678,Bắc Ninh UBND xã Cao Đức - Gia Bình (KK),80.14
29518852005686198968139908531,Quảng Ninh Gần KCN Cái Lân (KK),10,31390957404024291365397346858,Thái Bình Cầu Thái Bình - Đ. Trần Thái Tông - P. Bồ Xuyên - TP Thái Bình (KK),92.61
29518852005686198968139908531,Quảng Ninh Gần KCN Cái Lân (KK),11,29196010501691076420299004774,Bắc Ninh TT Quan trắc - phường Suối Hoa - TP Bắc Ninh (KK),103.44
29518852005686198968139908531,Quảng Ninh Gần KCN Cái Lân (KK),12,28916504310234840885489983032,Bắc Ninh Khu liên cơ Thuận Thành - thị trấn Hồ (KK),105.02
29518852005686198968139908531,Quảng Ninh Gần KCN Cái Lân (KK),13,28916774462801800655608897080,Bắc Ninh UBND xã Xuân Lâm - Thuận Thành (KK),106.77
29518852005686198968139908531,Quảng Ninh Gần KCN Cái Lân (KK),14,31390921469766835629621918251,Hưng Yên số 437 Nguyễn Văn Linh - Tp Hưng Yên (KK),108.05
29518852005686198968139908531,Quảng Ninh Gần KCN Cái Lân (KK),15,28560877461938780203765592307,Hà Nội 556 Nguyễn Văn Cừ (KK),120.81
29518852005686198968139908531,Quảng Ninh Gần KCN Cái Lân (KK),16,31390903576425084107499649578,Hà Nội ĐHBK cổng Parabol đường Giải Phóng (KK),124.84
29518852005686198968139908531,Quảng Ninh Gần KCN Cái Lân (KK),17,31388883344354363840031242796,Hà Nam Công Viên Nam Cao - P.Quang Trung - TP. Phủ Lý (KK),126.93
29518852005686198968139908531,Quảng Ninh Gần KCN Cái Lân (KK),18,31390908889087377344742439468,Hà Nội Công viên Nhân Chính - Khuất Duy Tiến (KK),129.71
29518852005686198968139908531,Quảng Ninh Gần KCN Cái Lân (KK),19,31651502905690497791503780869,Thái Nguyên Sân vận động Gang thép - P Trung Thành - TP Thái Nguyên (KK),136.82
29518852005686198968139908531,Quảng Ninh Gần KCN Cái Lân (KK),20,28505268571336961948594948504,Phú Thọ đường Hùng Vương - Tp Việt Trì (KK),178.6
29518852005686198968139908531,Quảng Ninh Gần KCN Cái Lân (KK),21,31388851800421997746903202346,Đà Nẵng Khuôn viên trường ĐH sư phạm Đà Nẵng (KK),558.5
29518852005686198968139908531,Quảng Ninh Gần KCN Cái Lân (KK),22,28505272740301122608933325208,Đà Nẵng 41 đường Lê Duẩn (KK),558.54
29518852005686198968139908531,Quảng Ninh Gần KCN Cái Lân (KK),23,31616865099255512061948816121,Đà Nẵng Phạm Hùng (KK),566.77
29518852005686198968139908531,Quảng Ninh Gần KCN Cái Lân (KK),24,31390944251495766704153049642,Quảng Nam Tiếp giáp Đ. Hùng Vương - KDC Đ. Hồ Xuân Hương (KK),620.59
29518852005686198968139908531,Quảng Ninh Gần KCN Cái Lân (KK),25,31390951371938979254287350314,Quảng Ngãi UBND P. Nguyễn Nghiêm - TP Quảng Ngãi (KK),676.71
29518852005686198968139908531,Quảng Ninh Gần KCN Cái Lân (KK),26,29544533341424688633522251105,Gia Lai KCN Trà Đa - Tp Pleiku (KK),780.44
29518852005686198968139908531,Quảng Ninh Gần KCN Cái Lân (KK),27,31388836637198369136462150188,Bình Định Khuôn viên Cây xanh gần cầu chui đường Hoa Lư - TP. Quy Nhơn (KK),831.84
29518852005686198968139908531,Quảng Ninh Gần KCN Cái Lân (KK),28,31570631866920915749872483233,Bình Định huyện Tuy Phước (KK),834.32
29518852005686198968139908531,Quảng Ninh Gần KCN Cái Lân (KK),29,31390928700890512538630765099,Lâm Đồng Vườn hoa - đối diện THCS Lam Sơn - Phường 6 - TP Đà Lạt (KK),1013.76
29518852005686198968139908531,Quảng Ninh Gần KCN Cái Lân (KK),30,31390939012620449761949792810,Ninh Thuận Công viên (bến xe cũ) - Đ. Thống Nhất - P. Thanh Sơn - TP Phan Rang (KK),1065.54
29518852005686198968139908531,Quảng Ninh Gần KCN Cái Lân (KK),31,29996239538320865599553202177,Tây Ninh Thị xã Trảng Bàng (KK),1107.96
29518852005686198968139908531,Quảng Ninh Gần KCN Cái Lân (KK),32,31388839920718814259329251882,"Bình Dương số 593 Đại lộ Bình Dương, P. Hiệp Thành (KK)",1110.51
29518852005686198968139908531,Quảng Ninh Gần KCN Cái Lân (KK),33,31390916083317566102523755051,HCM Đ. Lê Hữu Kiều - P. Bình Trưng Tây - Quận 2 (Ngã ba Lê Hữu Kiểu và Trương Văn Bang) (KK),1133.42
29518852005686198968139908531,Quảng Ninh Gần KCN Cái Lân (KK),34,31390912357075263208060500522,HCM Khu Liên cơ quan Bộ Tài Nguyên và Môi Trường - số 20 Đ. Lý Chính Thắng (KK),1133.75
29518852005686198968139908531,Quảng Ninh Gần KCN Cái Lân (KK),35,31390932574706768021562473002,Long An UBND Tp Tân An - 76 Hùng Vương - P.2 (KK),1162.15
29518852005686198968139908531,Quảng Ninh Gần KCN Cái Lân (KK),36,31390965631272148257054013994,Vũng Tàu Đ. Huyền Trân Công Chúa - Phường 8 - TP Vũng Tàu,1165.25
29518852005686198968139908531,Quảng Ninh Gần KCN Cái Lân (KK),37,29098314940209976158571475636,"Trà Vinh xã Dân Thành, TX Duyên Hải (KK)",1265.9
29518852005686198968139908531,Quảng Ninh Gần KCN Cái Lân (KK),38,30991938797551443885460120607,"Sóc Trăng Sở TNMT - 16 Hùng Vương, P.6, Tp. Sóc Trăng (KK)",1268.29
29518852005686198968139908531,Quảng Ninh Gần KCN Cái Lân (KK),39,29098319146067624969113973428,"Trà Vinh xã Đông Hải, huyện Duyên Hải (KK)",1268.68
29518872592252585279589451187,Quảng Ninh Km11 - Minh Thành (KK),1,28602837126985114455002404577,Quảng Ninh UBND TP Uông Bí (KK),10.4
29518872592252585279589451187,Quảng Ninh Km11 - Minh Thành (KK),2,29518852005686198968139908531,Quảng Ninh Gần KCN Cái Lân (KK),19.57
29518872592252585279589451187,Quảng Ninh Km11 - Minh Thành (KK),3,28602897318711027016899843809,Quảng Ninh Nhà máy tuyển than Nam Cầu Trắng - Hạ Long (KK),29.04
29518872592252585279589451187,Quảng Ninh Km11 - Minh Thành (KK),4,29518885338952740244749551027,Quảng Ninh Nhuệ Hổ - Đông Triều (KK),32.24
29518872592252585279589451187,Quảng Ninh Km11 - Minh Thành (KK),5,29518839738601389925132404147,"Quảng Ninh Trung tâm văn hóa thể thao Cẩm Phả, đường Trần Phú, phường Cẩm Trung (KK)",43.08
29518872592252585279589451187,Quảng Ninh Km11 - Minh Thành (KK),6,28599103930259709512833128161,Quảng Ninh Phường Cẩm Thịnh - Cẩm Phả (KK),50.35
29518872592252585279589451187,Quảng Ninh Km11 - Minh Thành (KK),7,31388868531618872623864101418,Hải Dương UBND TP. Hải Dương - 106 Đường Trần Hưng Đạo (KK),54.83
29518872592252585279589451187,Quảng Ninh Km11 - Minh Thành (KK),8,29196021237696127337075448678,Bắc Ninh UBND xã Cao Đức - Gia Bình (KK),60.59
29518872592252585279589451187,Quảng Ninh Km11 - Minh Thành (KK),9,29203727697074312726675247132,"Thái Bình xã Thái Thọ, huyện Thái Thụy (KK)",70.23
29518872592252585279589451187,Quảng Ninh Km11 - Minh Thành (KK),10,31390957404024291365397346858,Thái Bình Cầu Thái Bình - Đ. Trần Thái Tông - P. Bồ Xuyên - TP Thái Bình (KK),81.16
29518872592252585279589451187,Quảng Ninh Km11 - Minh Thành (KK),11,29196010501691076420299004774,Bắc Ninh TT Quan trắc - phường Suối Hoa - TP Bắc Ninh (KK),83.89
29518872592252585279589451187,Quảng Ninh Km11 - Minh Thành (KK),12,28916504310234840885489983032,Bắc Ninh Khu liên cơ Thuận Thành - thị trấn Hồ (KK),85.66
29518872592252585279589451187,Quảng Ninh Km11 - Minh Thành (KK),13,28916774462801800655608897080,Bắc Ninh UBND xã Xuân Lâm - Thuận Thành (KK),87.42
29518872592252585279589451187,Quảng Ninh Km11 - Minh Thành (KK),14,31390921469766835629621918251,Hưng Yên số 437 Nguyễn Văn Linh - Tp Hưng Yên (KK),91.54
29518872592252585279589451187,Quảng Ninh Km11 - Minh Thành (KK),15,28560877461938780203765592307,Hà Nội 556 Nguyễn Văn Cừ (KK),101.41
29518872592252585279589451187,Quảng Ninh Km11 - Minh Thành (KK),16,31390903576425084107499649578,Hà Nội ĐHBK cổng Parabol đường Giải Phóng (KK),105.57
29518872592252585279589451187,Quảng Ninh Km11 - Minh Thành (KK),17,31390908889087377344742439468,Hà Nội Công viên Nhân Chính - Khuất Duy Tiến (KK),110.45
29518872592252585279589451187,Quảng Ninh Km11 - Minh Thành (KK),18,31388883344354363840031242796,Hà Nam Công Viên Nam Cao - P.Quang Trung - TP. Phủ Lý (KK),111.11
29518872592252585279589451187,Quảng Ninh Km11 - Minh Thành (KK),19,31651502905690497791503780869,Thái Nguyên Sân vận động Gang thép - P Trung Thành - TP Thái Nguyên (KK),118.2
29518872592252585279589451187,Quảng Ninh Km11 - Minh Thành (KK),20,28505268571336961948594948504,Phú Thọ đường Hùng Vương - Tp Việt Trì (KK),159.05
29518872592252585279589451187,Quảng Ninh Km11 - Minh Thành (KK),21,31388851800421997746903202346,Đà Nẵng Khuôn viên trường ĐH sư phạm Đà Nẵng (KK),566.56
29518872592252585279589451187,Quảng Ninh Km11 - Minh Thành (KK),22,28505272740301122608933325208,Đà Nẵng 41 đường Lê Duẩn (KK),566.8
29518872592252585279589451187,Quảng Ninh Km11 - Minh Thành (KK),23,31616865099255512061948816121,Đà Nẵng Phạm Hùng (KK),574.93
29518872592252585279589451187,Quảng Ninh Km11 - Minh Thành (KK),24,31390944251495766704153049642,Quảng Nam Tiếp giáp Đ. Hùng Vương - KDC Đ. Hồ Xuân Hương (KK),629.26
29518872592252585279589451187,Quảng Ninh Km11 - Minh Thành (KK),25,31390951371938979254287350314,Quảng Ngãi UBND P. Nguyễn Nghiêm - TP Quảng Ngãi (KK),685.91
29518872592252585279589451187,Quảng Ninh Km11 - Minh Thành (KK),26,29544533341424688633522251105,Gia Lai KCN Trà Đa - Tp Pleiku (KK),787.01
29518872592252585279589451187,Quảng Ninh Km11 - Minh Thành (KK),27,31388836637198369136462150188,Bình Định Khuôn viên Cây xanh gần cầu chui đường Hoa Lư - TP. Quy Nhơn (KK),841.06
29518872592252585279589451187,Quảng Ninh Km11 - Minh Thành (KK),28,31570631866920915749872483233,Bình Định huyện Tuy Phước (KK),843.53
29518872592252585279589451187,Quảng Ninh Km11 - Minh Thành (KK),29,31390928700890512538630765099,Lâm Đồng Vườn hoa - đối diện THCS Lam Sơn - Phường 6 - TP Đà Lạt (KK),1020.51
29518872592252585279589451187,Quảng Ninh Km11 - Minh Thành (KK),30,31390939012620449761949792810,Ninh Thuận Công viên (bến xe cũ) - Đ. Thống Nhất - P. Thanh Sơn - TP Phan Rang (KK),1073.21
29518872592252585279589451187,Quảng Ninh Km11 - Minh Thành (KK),31,29996239538320865599553202177,Tây Ninh Thị xã Trảng Bàng (KK),1110.57
29518872592252585279589451187,Quảng Ninh Km11 - Minh Thành (KK),32,31388839920718814259329251882,"Bình Dương số 593 Đại lộ Bình Dương, P. Hiệp Thành (KK)",1113.7
29518872592252585279589451187,Quảng Ninh Km11 - Minh Thành (KK),33,31390916083317566102523755051,HCM Đ. Lê Hữu Kiều - P. Bình Trưng Tây - Quận 2 (Ngã ba Lê Hữu Kiểu và Trương Văn Bang) (KK),1136.8
29518872592252585279589451187,Quảng Ninh Km11 - Minh Thành (KK),34,31390912357075263208060500522,HCM Khu Liên cơ quan Bộ Tài Nguyên và Môi Trường - số 20 Đ. Lý Chính Thắng (KK),1137.0
29518872592252585279589451187,Quảng Ninh Km11 - Minh Thành (KK),35,31390932574706768021562473002,Long An UBND Tp Tân An - 76 Hùng Vương - P.2 (KK),1164.9
29518872592252585279589451187,Quảng Ninh Km11 - Minh Thành (KK),36,31390965631272148257054013994,Vũng Tàu Đ. Huyền Trân Công Chúa - Phường 8 - TP Vũng Tàu,1169.58
29518872592252585279589451187,Quảng Ninh Km11 - Minh Thành (KK),37,29098314940209976158571475636,"Trà Vinh xã Dân Thành, TX Duyên Hải (KK)",1268.93
29518872592252585279589451187,Quảng Ninh Km11 - Minh Thành (KK),38,30991938797551443885460120607,"Sóc Trăng Sở TNMT - 16 Hùng Vương, P.6, Tp. Sóc Trăng (KK)",1270.39
29518872592252585279589451187,Quảng Ninh Km11 - Minh Thành (KK),39,29098319146067624969113973428,"Trà Vinh xã Đông Hải, huyện Duyên Hải (KK)",1271.65
29518885338952740244749551027,Quảng Ninh Nhuệ Hổ - Đông Triều (KK),1,28602837126985114455002404577,Quảng Ninh UBND TP Uông Bí (KK),21.92
29518885338952740244749551027,Quảng Ninh Nhuệ Hổ - Đông Triều (KK),2,31388868531618872623864101418,Hải Dương UBND TP. Hải Dương - 106 Đường Trần Hưng Đạo (KK),27.14
29518885338952740244749551027,Quảng Ninh Nhuệ Hổ - Đông Triều (KK),3,29196021237696127337075448678,Bắc Ninh UBND xã Cao Đức - Gia Bình (KK),28.57
29518885338952740244749551027,Quảng Ninh Nhuệ Hổ - Đông Triều (KK),4,29518872592252585279589451187,Quảng Ninh Km11 - Minh Thành (KK),32.24
29518885338952740244749551027,Quảng Ninh Nhuệ Hổ - Đông Triều (KK),5,29196010501691076420299004774,Bắc Ninh TT Quan trắc - phường Suối Hoa - TP Bắc Ninh (KK),51.67
29518885338952740244749551027,Quảng Ninh Nhuệ Hổ - Đông Triều (KK),6,29518852005686198968139908531,Quảng Ninh Gần KCN Cái Lân (KK),51.8
29518885338952740244749551027,Quảng Ninh Nhuệ Hổ - Đông Triều (KK),7,28916504310234840885489983032,Bắc Ninh Khu liên cơ Thuận Thành - thị trấn Hồ (KK),54.38
29518885338952740244749551027,Quảng Ninh Nhuệ Hổ - Đông Triều (KK),8,28916774462801800655608897080,Bắc Ninh UBND xã Xuân Lâm - Thuận Thành (KK),56.17
29518885338952740244749551027,Quảng Ninh Nhuệ Hổ - Đông Triều (KK),9,28602897318711027016899843809,Quảng Ninh Nhà máy tuyển than Nam Cầu Trắng - Hạ Long (KK),61.27
29518885338952740244749551027,Quảng Ninh Nhuệ Hổ - Đông Triều (KK),10,29203727697074312726675247132,"Thái Bình xã Thái Thọ, huyện Thái Thụy (KK)",67.77
29518885338952740244749551027,Quảng Ninh Nhuệ Hổ - Đông Triều (KK),11,31390921469766835629621918251,Hưng Yên số 437 Nguyễn Văn Linh - Tp Hưng Yên (KK),68.75
29518885338952740244749551027,Quảng Ninh Nhuệ Hổ - Đông Triều (KK),12,28560877461938780203765592307,Hà Nội 556 Nguyễn Văn Cừ (KK),69.87
29518885338952740244749551027,Quảng Ninh Nhuệ Hổ - Đông Triều (KK),13,31390957404024291365397346858,Thái Bình Cầu Thái Bình - Đ. Trần Thái Tông - P. Bồ Xuyên - TP Thái Bình (KK),71.55
29518885338952740244749551027,Quảng Ninh Nhuệ Hổ - Đông Triều (KK),14,31390903576425084107499649578,Hà Nội ĐHBK cổng Parabol đường Giải Phóng (KK),74.45
29518885338952740244749551027,Quảng Ninh Nhuệ Hổ - Đông Triều (KK),15,29518839738601389925132404147,"Quảng Ninh Trung tâm văn hóa thể thao Cẩm Phả, đường Trần Phú, phường Cẩm Trung (KK)",74.82
29518885338952740244749551027,Quảng Ninh Nhuệ Hổ - Đông Triều (KK),16,31390908889087377344742439468,Hà Nội Công viên Nhân Chính - Khuất Duy Tiến (KK),79.33
29518885338952740244749551027,Quảng Ninh Nhuệ Hổ - Đông Triều (KK),17,28599103930259709512833128161,Quảng Ninh Phường Cẩm Thịnh - Cẩm Phả (KK),82.08
29518885338952740244749551027,Quảng Ninh Nhuệ Hổ - Đông Triều (KK),18,31651502905690497791503780869,Thái Nguyên Sân vận động Gang thép - P Trung Thành - TP Thái Nguyên (KK),87.99
29518885338952740244749551027,Quảng Ninh Nhuệ Hổ - Đông Triều (KK),19,31388883344354363840031242796,Hà Nam Công Viên Nam Cao - P.Quang Trung - TP. Phủ Lý (KK),89.17
29518885338952740244749551027,Quảng Ninh Nhuệ Hổ - Đông Triều (KK),20,28505268571336961948594948504,Phú Thọ đường Hùng Vương - Tp Việt Trì (KK),126.82
29518885338952740244749551027,Quảng Ninh Nhuệ Hổ - Đông Triều (KK),21,31388851800421997746903202346,Đà Nẵng Khuôn viên trường ĐH sư phạm Đà Nẵng (KK),581.89
29518885338952740244749551027,Quảng Ninh Nhuệ Hổ - Đông Triều (KK),22,28505272740301122608933325208,Đà Nẵng 41 đường Lê Duẩn (KK),582.44
29518885338952740244749551027,Quảng Ninh Nhuệ Hổ - Đông Triều (KK),23,31616865099255512061948816121,Đà Nẵng Phạm Hùng (KK),590.41
29518885338952740244749551027,Quảng Ninh Nhuệ Hổ - Đông Triều (KK),24,31390944251495766704153049642,Quảng Nam Tiếp giáp Đ. Hùng Vương - KDC Đ. Hồ Xuân Hương (KK),645.45
29518885338952740244749551027,Quảng Ninh Nhuệ Hổ - Đông Triều (KK),25,31390951371938979254287350314,Quảng Ngãi UBND P. Nguyễn Nghiêm - TP Quảng Ngãi (KK),702.83
29518885338952740244749551027,Quảng Ninh Nhuệ Hổ - Đông Triều (KK),26,29544533341424688633522251105,Gia Lai KCN Trà Đa - Tp Pleiku (KK),799.68
29518885338952740244749551027,Quảng Ninh Nhuệ Hổ - Đông Triều (KK),27,31388836637198369136462150188,Bình Định Khuôn viên Cây xanh gần cầu chui đường Hoa Lư - TP. Quy Nhơn (KK),857.85
29518885338952740244749551027,Quảng Ninh Nhuệ Hổ - Đông Triều (KK),28,31570631866920915749872483233,Bình Định huyện Tuy Phước (KK),860.29
29518885338952740244749551027,Quảng Ninh Nhuệ Hổ - Đông Triều (KK),29,31390928700890512538630765099,Lâm Đồng Vườn hoa - đối diện THCS Lam Sơn - Phường 6 - TP Đà Lạt (KK),1033.24
29518885338952740244749551027,Quảng Ninh Nhuệ Hổ - Đông Triều (KK),30,31390939012620449761949792810,Ninh Thuận Công viên (bến xe cũ) - Đ. Thống Nhất - P. Thanh Sơn - TP Phan Rang (KK),1087.39
29518885338952740244749551027,Quảng Ninh Nhuệ Hổ - Đông Triều (KK),31,29996239538320865599553202177,Tây Ninh Thị xã Trảng Bàng (KK),1116.57
29518885338952740244749551027,Quảng Ninh Nhuệ Hổ - Đông Triều (KK),32,31388839920718814259329251882,"Bình Dương số 593 Đại lộ Bình Dương, P. Hiệp Thành (KK)",1120.64
29518885338952740244749551027,Quảng Ninh Nhuệ Hổ - Đông Triều (KK),33,31390912357075263208060500522,HCM Khu Liên cơ quan Bộ Tài Nguyên và Môi Trường - số 20 Đ. Lý Chính Thắng (KK),1144.02
29518885338952740244749551027,Quảng Ninh Nhuệ Hổ - Đông Triều (KK),34,31390916083317566102523755051,HCM Đ. Lê Hữu Kiều - P. Bình Trưng Tây - Quận 2 (Ngã ba Lê Hữu Kiểu và Trương Văn Bang) (KK),1144.03
29518885338952740244749551027,Quảng Ninh Nhuệ Hổ - Đông Triều (KK),35,31390932574706768021562473002,Long An UBND Tp Tân An - 76 Hùng Vương - P.2 (KK),1171.09
29518885338952740244749551027,Quảng Ninh Nhuệ Hổ - Đông Triều (KK),36,31390965631272148257054013994,Vũng Tàu Đ. Huyền Trân Công Chúa - Phường 8 - TP Vũng Tàu,1178.33
29518885338952740244749551027,Quảng Ninh Nhuệ Hổ - Đông Triều (KK),37,30991938797551443885460120607,"Sóc Trăng Sở TNMT - 16 Hùng Vương, P.6, Tp. Sóc Trăng (KK)",1275.45
29518885338952740244749551027,Quảng Ninh Nhuệ Hổ - Đông Triều (KK),38,29098314940209976158571475636,"Trà Vinh xã Dân Thành, TX Duyên Hải (KK)",1275.51
29518885338952740244749551027,Quảng Ninh Nhuệ Hổ - Đông Triều (KK),39,29098319146067624969113973428,"Trà Vinh xã Đông Hải, huyện Duyên Hải (KK)",1278.15
29544533341424688633522251105,Gia Lai KCN Trà Đa - Tp Pleiku (KK),1,31388836637198369136462150188,Bình Định Khuôn viên Cây xanh gần cầu chui đường Hoa Lư - TP. Quy Nhơn (KK),130.5
29544533341424688633522251105,Gia Lai KCN Trà Đa - Tp Pleiku (KK),2,31570631866920915749872483233,Bình Định huyện Tuy Phước (KK),131.04
29544533341424688633522251105,Gia Lai KCN Trà Đa - Tp Pleiku (KK),3,31390951371938979254287350314,Quảng Ngãi UBND P. Nguyễn Nghiêm - TP Quảng Ngãi (KK),147.98
29544533341424688633522251105,Gia Lai KCN Trà Đa - Tp Pleiku (KK),4,31390944251495766704153049642,Quảng Nam Tiếp giáp Đ. Hùng Vương - KDC Đ. Hồ Xuân Hương (KK),178.47
29544533341424688633522251105,Gia Lai KCN Trà Đa - Tp Pleiku (KK),5,31616865099255512061948816121,Đà Nẵng Phạm Hùng (KK),220.76
29544533341424688633522251105,Gia Lai KCN Trà Đa - Tp Pleiku (KK),6,31388851800421997746903202346,Đà Nẵng Khuôn viên trường ĐH sư phạm Đà Nẵng (KK),227.73
29544533341424688633522251105,Gia Lai KCN Trà Đa - Tp Pleiku (KK),7,28505272740301122608933325208,Đà Nẵng 41 đường Lê Duẩn (KK),229.48
29544533341424688633522251105,Gia Lai KCN Trà Đa - Tp Pleiku (KK),8,31390928700890512538630765099,Lâm Đồng Vườn hoa - đối diện THCS Lam Sơn - Phường 6 - TP Đà Lạt (KK),233.57
29544533341424688633522251105,Gia Lai KCN Trà Đa - Tp Pleiku (KK),9,31390939012620449761949792810,Ninh Thuận Công viên (bến xe cũ) - Đ. Thống Nhất - P. Thanh Sơn - TP Phan Rang (KK),290.91
29544533341424688633522251105,Gia Lai KCN Trà Đa - Tp Pleiku (KK),10,31388839920718814259329251882,"Bình Dương số 593 Đại lộ Bình Dương, P. Hiệp Thành (KK)",368.12
29544533341424688633522251105,Gia Lai KCN Trà Đa - Tp Pleiku (KK),11,29996239538320865599553202177,Tây Ninh Thị xã Trảng Bàng (KK),378.88
29544533341424688633522251105,Gia Lai KCN Trà Đa - Tp Pleiku (KK),12,31390916083317566102523755051,HCM Đ. Lê Hữu Kiều - P. Bình Trưng Tây - Quận 2 (Ngã ba Lê Hữu Kiểu và Trương Văn Bang) (KK),385.66
29544533341424688633522251105,Gia Lai KCN Trà Đa - Tp Pleiku (KK),13,31390912357075263208060500522,HCM Khu Liên cơ quan Bộ Tài Nguyên và Môi Trường - số 20 Đ. Lý Chính Thắng (KK),388.56
29544533341424688633522251105,Gia Lai KCN Trà Đa - Tp Pleiku (KK),14,31390965631272148257054013994,Vũng Tàu Đ. Huyền Trân Công Chúa - Phường 8 - TP Vũng Tàu,400.28
29544533341424688633522251105,Gia Lai KCN Trà Đa - Tp Pleiku (KK),15,31390932574706768021562473002,Long An UBND Tp Tân An - 76 Hùng Vương - P.2 (KK),425.41
29544533341424688633522251105,Gia Lai KCN Trà Đa - Tp Pleiku (KK),16,29098314940209976158571475636,"Trà Vinh xã Dân Thành, TX Duyên Hải (KK)",518.24
29544533341424688633522251105,Gia Lai KCN Trà Đa - Tp Pleiku (KK),17,29098319146067624969113973428,"Trà Vinh xã Đông Hải, huyện Duyên Hải (KK)",521.84
29544533341424688633522251105,Gia Lai KCN Trà Đa - Tp Pleiku (KK),18,30991938797551443885460120607,"Sóc Trăng Sở TNMT - 16 Hùng Vương, P.6, Tp. Sóc Trăng (KK)",538.89
29544533341424688633522251105,Gia Lai KCN Trà Đa - Tp Pleiku (KK),19,29203727697074312726675247132,"Thái Bình xã Thái Thọ, huyện Thái Thụy (KK)",734.42
29544533341424688633522251105,Gia Lai KCN Trà Đa - Tp Pleiku (KK),20,31390957404024291365397346858,Thái Bình Cầu Thái Bình - Đ. Trần Thái Tông - P. Bồ Xuyên - TP Thái Bình (KK),738.25
29544533341424688633522251105,Gia Lai KCN Trà Đa - Tp Pleiku (KK),21,31388883344354363840031242796,Hà Nam Công Viên Nam Cao - P.Quang Trung - TP. Phủ Lý (KK),758.87
29544533341424688633522251105,Gia Lai KCN Trà Đa - Tp Pleiku (KK),22,31390921469766835629621918251,Hưng Yên số 437 Nguyễn Văn Linh - Tp Hưng Yên (KK),767.94
29544533341424688633522251105,Gia Lai KCN Trà Đa - Tp Pleiku (KK),23,28602897318711027016899843809,Quảng Ninh Nhà máy tuyển than Nam Cầu Trắng - Hạ Long (KK),776.26
29544533341424688633522251105,Gia Lai KCN Trà Đa - Tp Pleiku (KK),24,29518852005686198968139908531,Quảng Ninh Gần KCN Cái Lân (KK),780.44
29544533341424688633522251105,Gia Lai KCN Trà Đa - Tp Pleiku (KK),25,28599103930259709512833128161,Quảng Ninh Phường Cẩm Thịnh - Cẩm Phả (KK),780.56
29544533341424688633522251105,Gia Lai KCN Trà Đa - Tp Pleiku (KK),26,29518839738601389925132404147,"Quảng Ninh Trung tâm văn hóa thể thao Cẩm Phả, đường Trần Phú, phường Cẩm Trung (KK)",781.6
29544533341424688633522251105,Gia Lai KCN Trà Đa - Tp Pleiku (KK),27,29518872592252585279589451187,Quảng Ninh Km11 - Minh Thành (KK),787.01
29544533341424688633522251105,Gia Lai KCN Trà Đa - Tp Pleiku (KK),28,31388868531618872623864101418,Hải Dương UBND TP. Hải Dương - 106 Đường Trần Hưng Đạo (KK),790.3
29544533341424688633522251105,Gia Lai KCN Trà Đa - Tp Pleiku (KK),29,28602837126985114455002404577,Quảng Ninh UBND TP Uông Bí (KK),791.91
29544533341424688633522251105,Gia Lai KCN Trà Đa - Tp Pleiku (KK),30,29518885338952740244749551027,Quảng Ninh Nhuệ Hổ - Đông Triều (KK),799.68
29544533341424688633522251105,Gia Lai KCN Trà Đa - Tp Pleiku (KK),31,29196021237696127337075448678,Bắc Ninh UBND xã Cao Đức - Gia Bình (KK),807.32
29544533341424688633522251105,Gia Lai KCN Trà Đa - Tp Pleiku (KK),32,28916504310234840885489983032,Bắc Ninh Khu liên cơ Thuận Thành - thị trấn Hồ (KK),807.74
29544533341424688633522251105,Gia Lai KCN Trà Đa - Tp Pleiku (KK),33,28916774462801800655608897080,Bắc Ninh UBND xã Xuân Lâm - Thuận Thành (KK),807.9
29544533341424688633522251105,Gia Lai KCN Trà Đa - Tp Pleiku (KK),34,31390903576425084107499649578,Hà Nội ĐHBK cổng Parabol đường Giải Phóng (KK),810.98
29544533341424688633522251105,Gia Lai KCN Trà Đa - Tp Pleiku (KK),35,31390908889087377344742439468,Hà Nội Công viên Nhân Chính - Khuất Duy Tiến (KK),812.19
29544533341424688633522251105,Gia Lai KCN Trà Đa - Tp Pleiku (KK),36,28560877461938780203765592307,Hà Nội 556 Nguyễn Văn Cừ (KK),814.42
29544533341424688633522251105,Gia Lai KCN Trà Đa - Tp Pleiku (KK),37,29196010501691076420299004774,Bắc Ninh TT Quan trắc - phường Suối Hoa - TP Bắc Ninh (KK),823.83
29544533341424688633522251105,Gia Lai KCN Trà Đa - Tp Pleiku (KK),38,28505268571336961948594948504,Phú Thọ đường Hùng Vương - Tp Việt Trì (KK),861.63
29544533341424688633522251105,Gia Lai KCN Trà Đa - Tp Pleiku (KK),39,31651502905690497791503780869,Thái Nguyên Sân vận động Gang thép - P Trung Thành - TP Thái Nguyên (KK),867.08
29996239538320865599553202177,Tây Ninh Thị xã Trảng Bàng (KK),1,31388839920718814259329251882,"Bình Dương số 593 Đại lộ Bình Dương, P. Hiệp Thành (KK)",33.23
29996239538320865599553202177,Tây Ninh Thị xã Trảng Bàng (KK),2,31390912357075263208060500522,HCM Khu Liên cơ quan Bộ Tài Nguyên và Môi Trường - số 20 Đ. Lý Chính Thắng (KK),45.11
29996239538320865599553202177,Tây Ninh Thị xã Trảng Bàng (KK),3,31390916083317566102523755051,HCM Đ. Lê Hữu Kiều - P. Bình Trưng Tây - Quận 2 (Ngã ba Lê Hữu Kiểu và Trương Văn Bang) (KK),51.32
29996239538320865599553202177,Tây Ninh Thị xã Trảng Bàng (KK),4,31390932574706768021562473002,Long An UBND Tp Tân An - 76 Hùng Vương - P.2 (KK),54.88
29996239538320865599553202177,Tây Ninh Thị xã Trảng Bàng (KK),5,31390965631272148257054013994,Vũng Tàu Đ. Huyền Trân Công Chúa - Phường 8 - TP Vũng Tàu,116.59
29996239538320865599553202177,Tây Ninh Thị xã Trảng Bàng (KK),6,29098314940209976158571475636,"Trà Vinh xã Dân Thành, TX Duyên Hải (KK)",160.15
29996239538320865599553202177,Tây Ninh Thị xã Trảng Bàng (KK),7,29098319146067624969113973428,"Trà Vinh xã Đông Hải, huyện Duyên Hải (KK)",162.4
29996239538320865599553202177,Tây Ninh Thị xã Trảng Bàng (KK),8,30991938797551443885460120607,"Sóc Trăng Sở TNMT - 16 Hùng Vương, P.6, Tp. Sóc Trăng (KK)",163.15
29996239538320865599553202177,Tây Ninh Thị xã Trảng Bàng (KK),9,31390928700890512538630765099,Lâm Đồng Vườn hoa - đối diện THCS Lam Sơn - Phường 6 - TP Đà Lạt (KK),248.18
29996239538320865599553202177,Tây Ninh Thị xã Trảng Bàng (KK),10,31390939012620449761949792810,Ninh Thuận Công viên (bến xe cũ) - Đ. Thống Nhất - P. Thanh Sơn - TP Phan Rang (KK),293.7
29996239538320865599553202177,Tây Ninh Thị xã Trảng Bàng (KK),11,29544533341424688633522251105,Gia Lai KCN Trà Đa - Tp Pleiku (KK),378.88
29996239538320865599553202177,Tây Ninh Thị xã Trảng Bàng (KK),12,31570631866920915749872483233,Bình Định huyện Tuy Phước (KK),434.72
29996239538320865599553202177,Tây Ninh Thị xã Trảng Bàng (KK),13,31388836637198369136462150188,Bình Định Khuôn viên Cây xanh gần cầu chui đường Hoa Lư - TP. Quy Nhơn (KK),436.52
29996239538320865599553202177,Tây Ninh Thị xã Trảng Bàng (KK),14,31390951371938979254287350314,Quảng Ngãi UBND P. Nguyễn Nghiêm - TP Quảng Ngãi (KK),526.47
29996239538320865599553202177,Tây Ninh Thị xã Trảng Bàng (KK),15,31390944251495766704153049642,Quảng Nam Tiếp giáp Đ. Hùng Vương - KDC Đ. Hồ Xuân Hương (KK),554.14
29996239538320865599553202177,Tây Ninh Thị xã Trảng Bàng (KK),16,31616865099255512061948816121,Đà Nẵng Phạm Hùng (KK),587.29
29996239538320865599553202177,Tây Ninh Thị xã Trảng Bàng (KK),17,31388851800421997746903202346,Đà Nẵng Khuôn viên trường ĐH sư phạm Đà Nẵng (KK),592.47
29996239538320865599553202177,Tây Ninh Thị xã Trảng Bàng (KK),18,28505272740301122608933325208,Đà Nẵng 41 đường Lê Duẩn (KK),595.8
29996239538320865599553202177,Tây Ninh Thị xã Trảng Bàng (KK),19,31390957404024291365397346858,Thái Bình Cầu Thái Bình - Đ. Trần Thái Tông - P. Bồ Xuyên - TP Thái Bình (KK),1048.29
29996239538320865599553202177,Tây Ninh Thị xã Trảng Bàng (KK),20,29203727697074312726675247132,"Thái Bình xã Thái Thọ, huyện Thái Thụy (KK)",1048.85
29996239538320865599553202177,Tây Ninh Thị xã Trảng Bàng (KK),21,31388883344354363840031242796,Hà Nam Công Viên Nam Cao - P.Quang Trung - TP. Phủ Lý (KK),1058.03
29996239538320865599553202177,Tây Ninh Thị xã Trảng Bàng (KK),22,31390921469766835629621918251,Hưng Yên số 437 Nguyễn Văn Linh - Tp Hưng Yên (KK),1071.44
29996239538320865599553202177,Tây Ninh Thị xã Trảng Bàng (KK),23,31388868531618872623864101418,Hải Dương UBND TP. Hải Dương - 106 Đường Trần Hưng Đạo (KK),1101.7
29996239538320865599553202177,Tây Ninh Thị xã Trảng Bàng (KK),24,28602897318711027016899843809,Quảng Ninh Nhà máy tuyển than Nam Cầu Trắng - Hạ Long (KK),1105.61
29996239538320865599553202177,Tây Ninh Thị xã Trảng Bàng (KK),25,29518852005686198968139908531,Quảng Ninh Gần KCN Cái Lân (KK),1107.96
29996239538320865599553202177,Tây Ninh Thị xã Trảng Bàng (KK),26,31390903576425084107499649578,Hà Nội ĐHBK cổng Parabol đường Giải Phóng (KK),1110.51
29996239538320865599553202177,Tây Ninh Thị xã Trảng Bàng (KK),27,31390908889087377344742439468,Hà Nội Công viên Nhân Chính - Khuất Duy Tiến (KK),1110.54
29996239538320865599553202177,Tây Ninh Thị xã Trảng Bàng (KK),28,29518872592252585279589451187,Quảng Ninh Km11 - Minh Thành (KK),1110.57
29996239538320865599553202177,Tây Ninh Thị xã Trảng Bàng (KK),29,28916774462801800655608897080,Bắc Ninh UBND xã Xuân Lâm - Thuận Thành (KK),1111.87
29996239538320865599553202177,Tây Ninh Thị xã Trảng Bàng (KK),30,28916504310234840885489983032,Bắc Ninh Khu liên cơ Thuận Thành - thị trấn Hồ (KK),1112.14
29996239538320865599553202177,Tây Ninh Thị xã Trảng Bàng (KK),31,28602837126985114455002404577,Quảng Ninh UBND TP Uông Bí (KK),1113.41
29996239538320865599553202177,Tây Ninh Thị xã Trảng Bàng (KK),32,29518839738601389925132404147,"Quảng Ninh Trung tâm văn hóa thể thao Cẩm Phả, đường Trần Phú, phường Cẩm Trung (KK)",1113.93
29996239538320865599553202177,Tây Ninh Thị xã Trảng Bàng (KK),33,28599103930259709512833128161,Quảng Ninh Phường Cẩm Thịnh - Cẩm Phả (KK),1114.3
29996239538320865599553202177,Tây Ninh Thị xã Trảng Bàng (KK),34,28560877461938780203765592307,Hà Nội 556 Nguyễn Văn Cừ (KK),1115.18
29996239538320865599553202177,Tây Ninh Thị xã Trảng Bàng (KK),35,29518885338952740244749551027,Quảng Ninh Nhuệ Hổ - Đông Triều (KK),1116.57
29996239538320865599553202177,Tây Ninh Thị xã Trảng Bàng (KK),36,29196021237696127337075448678,Bắc Ninh UBND xã Cao Đức - Gia Bình (KK),1117.86
29996239538320865599553202177,Tây Ninh Thị xã Trảng Bàng (KK),37,29196010501691076420299004774,Bắc Ninh TT Quan trắc - phường Suối Hoa - TP Bắc Ninh (KK),1129.81
29996239538320865599553202177,Tây Ninh Thị xã Trảng Bàng (KK),38,28505268571336961948594948504,Phú Thọ đường Hùng Vương - Tp Việt Trì (KK),1151.06
29996239538320865599553202177,Tây Ninh Thị xã Trảng Bàng (KK),39,31651502905690497791503780869,Thái Nguyên Sân vận động Gang thép - P Trung Thành - TP Thái Nguyên (KK),1169.66
30991938797551443885460120607,"Sóc Trăng Sở TNMT - 16 Hùng Vương, P.6, Tp. Sóc Trăng (KK)",1,29098319146067624969113973428,"Trà Vinh xã Đông Hải, huyện Duyên Hải (KK)",57.17
30991938797551443885460120607,"Sóc Trăng Sở TNMT - 16 Hùng Vương, P.6, Tp. Sóc Trăng (KK)",2,29098314940209976158571475636,"Trà Vinh xã Dân Thành, TX Duyên Hải (KK)",60.54
30991938797551443885460120607,"Sóc Trăng Sở TNMT - 16 Hùng Vương, P.6, Tp. Sóc Trăng (KK)",3,31390932574706768021562473002,Long An UBND Tp Tân An - 76 Hùng Vương - P.2 (KK),113.49
30991938797551443885460120607,"Sóc Trăng Sở TNMT - 16 Hùng Vương, P.6, Tp. Sóc Trăng (KK)",4,31390912357075263208060500522,HCM Khu Liên cơ quan Bộ Tài Nguyên và Môi Trường - số 20 Đ. Lý Chính Thắng (KK),151.69
30991938797551443885460120607,"Sóc Trăng Sở TNMT - 16 Hùng Vương, P.6, Tp. Sóc Trăng (KK)",5,31390916083317566102523755051,HCM Đ. Lê Hữu Kiều - P. Bình Trưng Tây - Quận 2 (Ngã ba Lê Hữu Kiểu và Trương Văn Bang) (KK),155.87
30991938797551443885460120607,"Sóc Trăng Sở TNMT - 16 Hùng Vương, P.6, Tp. Sóc Trăng (KK)",6,29996239538320865599553202177,Tây Ninh Thị xã Trảng Bàng (KK),163.15
30991938797551443885460120607,"Sóc Trăng Sở TNMT - 16 Hùng Vương, P.6, Tp. Sóc Trăng (KK)",7,31388839920718814259329251882,"Bình Dương số 593 Đại lộ Bình Dương, P. Hiệp Thành (KK)",170.88
30991938797551443885460120607,"Sóc Trăng Sở TNMT - 16 Hùng Vương, P.6, Tp. Sóc Trăng (KK)",8,31390965631272148257054013994,Vũng Tàu Đ. Huyền Trân Công Chúa - Phường 8 - TP Vũng Tàu,173.39
30991938797551443885460120607,"Sóc Trăng Sở TNMT - 16 Hùng Vương, P.6, Tp. Sóc Trăng (KK)",9,31390928700890512538630765099,Lâm Đồng Vườn hoa - đối diện THCS Lam Sơn - Phường 6 - TP Đà Lạt (KK),374.11
30991938797551443885460120607,"Sóc Trăng Sở TNMT - 16 Hùng Vương, P.6, Tp. Sóc Trăng (KK)",10,31390939012620449761949792810,Ninh Thuận Công viên (bến xe cũ) - Đ. Thống Nhất - P. Thanh Sơn - TP Phan Rang (KK),395.89
30991938797551443885460120607,"Sóc Trăng Sở TNMT - 16 Hùng Vương, P.6, Tp. Sóc Trăng (KK)",11,29544533341424688633522251105,Gia Lai KCN Trà Đa - Tp Pleiku (KK),538.89
30991938797551443885460120607,"Sóc Trăng Sở TNMT - 16 Hùng Vương, P.6, Tp. Sóc Trăng (KK)",12,31570631866920915749872483233,Bình Định huyện Tuy Phước (KK),581.47
30991938797551443885460120607,"Sóc Trăng Sở TNMT - 16 Hùng Vương, P.6, Tp. Sóc Trăng (KK)",13,31388836637198369136462150188,Bình Định Khuôn viên Cây xanh gần cầu chui đường Hoa Lư - TP. Quy Nhơn (KK),583.5
30991938797551443885460120607,"Sóc Trăng Sở TNMT - 16 Hùng Vương, P.6, Tp. Sóc Trăng (KK)",14,31390951371938979254287350314,Quảng Ngãi UBND P. Nguyễn Nghiêm - TP Quảng Ngãi (KK),685.44
30991938797551443885460120607,"Sóc Trăng Sở TNMT - 16 Hùng Vương, P.6, Tp. Sóc Trăng (KK)",15,31390944251495766704153049642,Quảng Nam Tiếp giáp Đ. Hùng Vương - KDC Đ. Hồ Xuân Hương (KK),715.65
30991938797551443885460120607,"Sóc Trăng Sở TNMT - 16 Hùng Vương, P.6, Tp. Sóc Trăng (KK)",16,31616865099255512061948816121,Đà Nẵng Phạm Hùng (KK),750.03
30991938797551443885460120607,"Sóc Trăng Sở TNMT - 16 Hùng Vương, P.6, Tp. Sóc Trăng (KK)",17,31388851800421997746903202346,Đà Nẵng Khuôn viên trường ĐH sư phạm Đà Nẵng (KK),755.33
30991938797551443885460120607,"Sóc Trăng Sở TNMT - 16 Hùng Vương, P.6, Tp. Sóc Trăng (KK)",18,28505272740301122608933325208,Đà Nẵng 41 đường Lê Duẩn (KK),758.57
30991938797551443885460120607,"Sóc Trăng Sở TNMT - 16 Hùng Vương, P.6, Tp. Sóc Trăng (KK)",19,31390957404024291365397346858,Thái Bình Cầu Thái Bình - Đ. Trần Thái Tông - P. Bồ Xuyên - TP Thái Bình (KK),1206.5
30991938797551443885460120607,"Sóc Trăng Sở TNMT - 16 Hùng Vương, P.6, Tp. Sóc Trăng (KK)",20,29203727697074312726675247132,"Thái Bình xã Thái Thọ, huyện Thái Thụy (KK)",1207.68
30991938797551443885460120607,"Sóc Trăng Sở TNMT - 16 Hùng Vương, P.6, Tp. Sóc Trăng (KK)",21,31388883344354363840031242796,Hà Nam Công Viên Nam Cao - P.Quang Trung - TP. Phủ Lý (KK),1214.53
30991938797551443885460120607,"Sóc Trăng Sở TNMT - 16 Hùng Vương, P.6, Tp. Sóc Trăng (KK)",22,31390921469766835629621918251,Hưng Yên số 437 Nguyễn Văn Linh - Tp Hưng Yên (KK),1228.54
30991938797551443885460120607,"Sóc Trăng Sở TNMT - 16 Hùng Vương, P.6, Tp. Sóc Trăng (KK)",23,31388868531618872623864101418,Hải Dương UBND TP. Hải Dương - 106 Đường Trần Hưng Đạo (KK),1259.85
30991938797551443885460120607,"Sóc Trăng Sở TNMT - 16 Hùng Vương, P.6, Tp. Sóc Trăng (KK)",24,28602897318711027016899843809,Quảng Ninh Nhà máy tuyển than Nam Cầu Trắng - Hạ Long (KK),1266.18
30991938797551443885460120607,"Sóc Trăng Sở TNMT - 16 Hùng Vương, P.6, Tp. Sóc Trăng (KK)",25,31390908889087377344742439468,Hà Nội Công viên Nhân Chính - Khuất Duy Tiến (KK),1266.59
30991938797551443885460120607,"Sóc Trăng Sở TNMT - 16 Hùng Vương, P.6, Tp. Sóc Trăng (KK)",26,31390903576425084107499649578,Hà Nội ĐHBK cổng Parabol đường Giải Phóng (KK),1266.76
30991938797551443885460120607,"Sóc Trăng Sở TNMT - 16 Hùng Vương, P.6, Tp. Sóc Trăng (KK)",27,29518852005686198968139908531,Quảng Ninh Gần KCN Cái Lân (KK),1268.29
30991938797551443885460120607,"Sóc Trăng Sở TNMT - 16 Hùng Vương, P.6, Tp. Sóc Trăng (KK)",28,28916774462801800655608897080,Bắc Ninh UBND xã Xuân Lâm - Thuận Thành (KK),1268.83
30991938797551443885460120607,"Sóc Trăng Sở TNMT - 16 Hùng Vương, P.6, Tp. Sóc Trăng (KK)",29,28916504310234840885489983032,Bắc Ninh Khu liên cơ Thuận Thành - thị trấn Hồ (KK),1269.16
30991938797551443885460120607,"Sóc Trăng Sở TNMT - 16 Hùng Vương, P.6, Tp. Sóc Trăng (KK)",30,29518872592252585279589451187,Quảng Ninh Km11 - Minh Thành (KK),1270.39
30991938797551443885460120607,"Sóc Trăng Sở TNMT - 16 Hùng Vương, P.6, Tp. Sóc Trăng (KK)",31,28560877461938780203765592307,Hà Nội 556 Nguyễn Văn Cừ (KK),1271.6
30991938797551443885460120607,"Sóc Trăng Sở TNMT - 16 Hùng Vương, P.6, Tp. Sóc Trăng (KK)",32,28602837126985114455002404577,Quảng Ninh UBND TP Uông Bí (KK),1272.95
30991938797551443885460120607,"Sóc Trăng Sở TNMT - 16 Hùng Vương, P.6, Tp. Sóc Trăng (KK)",33,29518839738601389925132404147,"Quảng Ninh Trung tâm văn hóa thể thao Cẩm Phả, đường Trần Phú, phường Cẩm Trung (KK)",1274.83
30991938797551443885460120607,"Sóc Trăng Sở TNMT - 16 Hùng Vương, P.6, Tp. Sóc Trăng (KK)",34,28599103930259709512833128161,Quảng Ninh Phường Cẩm Thịnh - Cẩm Phả (KK),1275.37
30991938797551443885460120607,"Sóc Trăng Sở TNMT - 16 Hùng Vương, P.6, Tp. Sóc Trăng (KK)",35,29518885338952740244749551027,Quảng Ninh Nhuệ Hổ - Đông Triều (KK),1275.45
30991938797551443885460120607,"Sóc Trăng Sở TNMT - 16 Hùng Vương, P.6, Tp. Sóc Trăng (KK)",36,29196021237696127337075448678,Bắc Ninh UBND xã Cao Đức - Gia Bình (KK),1275.8
30991938797551443885460120607,"Sóc Trăng Sở TNMT - 16 Hùng Vương, P.6, Tp. Sóc Trăng (KK)",37,29196010501691076420299004774,Bắc Ninh TT Quan trắc - phường Suối Hoa - TP Bắc Ninh (KK),1286.99
30991938797551443885460120607,"Sóc Trăng Sở TNMT - 16 Hùng Vương, P.6, Tp. Sóc Trăng (KK)",38,28505268571336961948594948504,Phú Thọ đường Hùng Vương - Tp Việt Trì (KK),1305.33
30991938797551443885460120607,"Sóc Trăng Sở TNMT - 16 Hùng Vương, P.6, Tp. Sóc Trăng (KK)",39,31651502905690497791503780869,Thái Nguyên Sân vận động Gang thép - P Trung Thành - TP Thái Nguyên (KK),1326.1
31388836637198369136462150188,Bình Định Khuôn viên Cây xanh gần cầu chui đường Hoa Lư - TP. Quy Nhơn (KK),1,31570631866920915749872483233,Bình Định huyện Tuy Phước (KK),2.58
31388836637198369136462150188,Bình Định Khuôn viên Cây xanh gần cầu chui đường Hoa Lư - TP. Quy Nhơn (KK),2,29544533341424688633522251105,Gia Lai KCN Trà Đa - Tp Pleiku (KK),130.5
31388836637198369136462150188,Bình Định Khuôn viên Cây xanh gần cầu chui đường Hoa Lư - TP. Quy Nhơn (KK),3,31390951371938979254287350314,Quảng Ngãi UBND P. Nguyễn Nghiêm - TP Quảng Ngãi (KK),155.15
31388836637198369136462150188,Bình Định Khuôn viên Cây xanh gần cầu chui đường Hoa Lư - TP. Quy Nhơn (KK),4,31390944251495766704153049642,Quảng Nam Tiếp giáp Đ. Hùng Vương - KDC Đ. Hồ Xuân Hương (KK),212.74
31388836637198369136462150188,Bình Định Khuôn viên Cây xanh gần cầu chui đường Hoa Lư - TP. Quy Nhơn (KK),5,31390928700890512538630765099,Lâm Đồng Vườn hoa - đối diện THCS Lam Sơn - Phường 6 - TP Đà Lạt (KK),221.02
31388836637198369136462150188,Bình Định Khuôn viên Cây xanh gần cầu chui đường Hoa Lư - TP. Quy Nhơn (KK),6,31390939012620449761949792810,Ninh Thuận Công viên (bến xe cũ) - Đ. Thống Nhất - P. Thanh Sơn - TP Phan Rang (KK),247.15
31388836637198369136462150188,Bình Định Khuôn viên Cây xanh gần cầu chui đường Hoa Lư - TP. Quy Nhơn (KK),7,31616865099255512061948816121,Đà Nẵng Phạm Hùng (KK),268.87
31388836637198369136462150188,Bình Định Khuôn viên Cây xanh gần cầu chui đường Hoa Lư - TP. Quy Nhơn (KK),8,28505272740301122608933325208,Đà Nẵng 41 đường Lê Duẩn (KK),276.38
31388836637198369136462150188,Bình Định Khuôn viên Cây xanh gần cầu chui đường Hoa Lư - TP. Quy Nhơn (KK),9,31388851800421997746903202346,Đà Nẵng Khuôn viên trường ĐH sư phạm Đà Nẵng (KK),277.68
31388836637198369136462150188,Bình Định Khuôn viên Cây xanh gần cầu chui đường Hoa Lư - TP. Quy Nhơn (KK),10,31388839920718814259329251882,"Bình Dương số 593 Đại lộ Bình Dương, P. Hiệp Thành (KK)",416.94
31388836637198369136462150188,Bình Định Khuôn viên Cây xanh gần cầu chui đường Hoa Lư - TP. Quy Nhơn (KK),11,31390965631272148257054013994,Vũng Tàu Đ. Huyền Trân Công Chúa - Phường 8 - TP Vũng Tàu,422.54
31388836637198369136462150188,Bình Định Khuôn viên Cây xanh gần cầu chui đường Hoa Lư - TP. Quy Nhơn (KK),12,31390916083317566102523755051,HCM Đ. Lê Hữu Kiều - P. Bình Trưng Tây - Quận 2 (Ngã ba Lê Hữu Kiểu và Trương Văn Bang) (KK),428.07
31388836637198369136462150188,Bình Định Khuôn viên Cây xanh gần cầu chui đường Hoa Lư - TP. Quy Nhơn (KK),13,31390912357075263208060500522,HCM Khu Liên cơ quan Bộ Tài Nguyên và Môi Trường - số 20 Đ. Lý Chính Thắng (KK),432.95
31388836637198369136462150188,Bình Định Khuôn viên Cây xanh gần cầu chui đường Hoa Lư - TP. Quy Nhơn (KK),14,29996239538320865599553202177,Tây Ninh Thị xã Trảng Bàng (KK),436.52
31388836637198369136462150188,Bình Định Khuôn viên Cây xanh gần cầu chui đường Hoa Lư - TP. Quy Nhơn (KK),15,31390932574706768021562473002,Long An UBND Tp Tân An - 76 Hùng Vương - P.2 (KK),473.16
31388836637198369136462150188,Bình Định Khuôn viên Cây xanh gần cầu chui đường Hoa Lư - TP. Quy Nhơn (KK),16,29098314940209976158571475636,"Trà Vinh xã Dân Thành, TX Duyên Hải (KK)",550.49
31388836637198369136462150188,Bình Định Khuôn viên Cây xanh gần cầu chui đường Hoa Lư - TP. Quy Nhơn (KK),17,29098319146067624969113973428,"Trà Vinh xã Đông Hải, huyện Duyên Hải (KK)",554.58
31388836637198369136462150188,Bình Định Khuôn viên Cây xanh gần cầu chui đường Hoa Lư - TP. Quy Nhơn (KK),18,30991938797551443885460120607,"Sóc Trăng Sở TNMT - 16 Hùng Vương, P.6, Tp. Sóc Trăng (KK)",583.5
31388836637198369136462150188,Bình Định Khuôn viên Cây xanh gần cầu chui đường Hoa Lư - TP. Quy Nhơn (KK),19,29203727697074312726675247132,"Thái Bình xã Thái Thọ, huyện Thái Thụy (KK)",795.95
31388836637198369136462150188,Bình Định Khuôn viên Cây xanh gần cầu chui đường Hoa Lư - TP. Quy Nhơn (KK),20,31390957404024291365397346858,Thái Bình Cầu Thái Bình - Đ. Trần Thái Tông - P. Bồ Xuyên - TP Thái Bình (KK),802.36
31388836637198369136462150188,Bình Định Khuôn viên Cây xanh gần cầu chui đường Hoa Lư - TP. Quy Nhơn (KK),21,28602897318711027016899843809,Quảng Ninh Nhà máy tuyển than Nam Cầu Trắng - Hạ Long (KK),826.43
31388836637198369136462150188,Bình Định Khuôn viên Cây xanh gần cầu chui đường Hoa Lư - TP. Quy Nhơn (KK),22,28599103930259709512833128161,Quảng Ninh Phường Cẩm Thịnh - Cẩm Phả (KK),827.25
31388836637198369136462150188,Bình Định Khuôn viên Cây xanh gần cầu chui đường Hoa Lư - TP. Quy Nhơn (KK),23,31388883344354363840031242796,Hà Nam Công Viên Nam Cao - P.Quang Trung - TP. Phủ Lý (KK),828.58
31388836637198369136462150188,Bình Định Khuôn viên Cây xanh gần cầu chui đường Hoa Lư - TP. Quy Nhơn (KK),24,29518839738601389925132404147,"Quảng Ninh Trung tâm văn hóa thể thao Cẩm Phả, đường Trần Phú, phường Cẩm Trung (KK)",829.36
31388836637198369136462150188,Bình Định Khuôn viên Cây xanh gần cầu chui đường Hoa Lư - TP. Quy Nhơn (KK),25,29518852005686198968139908531,Quảng Ninh Gần KCN Cái Lân (KK),831.84
31388836637198369136462150188,Bình Định Khuôn viên Cây xanh gần cầu chui đường Hoa Lư - TP. Quy Nhơn (KK),26,31390921469766835629621918251,Hưng Yên số 437 Nguyễn Văn Linh - Tp Hưng Yên (KK),835.0
31388836637198369136462150188,Bình Định Khuôn viên Cây xanh gần cầu chui đường Hoa Lư - TP. Quy Nhơn (KK),27,29518872592252585279589451187,Quảng Ninh Km11 - Minh Thành (KK),841.06
31388836637198369136462150188,Bình Định Khuôn viên Cây xanh gần cầu chui đường Hoa Lư - TP. Quy Nhơn (KK),28,28602837126985114455002404577,Quảng Ninh UBND TP Uông Bí (KK),847.24
31388836637198369136462150188,Bình Định Khuôn viên Cây xanh gần cầu chui đường Hoa Lư - TP. Quy Nhơn (KK),29,31388868531618872623864101418,Hải Dương UBND TP. Hải Dương - 106 Đường Trần Hưng Đạo (KK),852.14
31388836637198369136462150188,Bình Định Khuôn viên Cây xanh gần cầu chui đường Hoa Lư - TP. Quy Nhơn (KK),30,29518885338952740244749551027,Quảng Ninh Nhuệ Hổ - Đông Triều (KK),857.85
31388836637198369136462150188,Bình Định Khuôn viên Cây xanh gần cầu chui đường Hoa Lư - TP. Quy Nhơn (KK),31,29196021237696127337075448678,Bắc Ninh UBND xã Cao Đức - Gia Bình (KK),869.25
31388836637198369136462150188,Bình Định Khuôn viên Cây xanh gần cầu chui đường Hoa Lư - TP. Quy Nhơn (KK),32,28916504310234840885489983032,Bắc Ninh Khu liên cơ Thuận Thành - thị trấn Hồ (KK),873.25
31388836637198369136462150188,Bình Định Khuôn viên Cây xanh gần cầu chui đường Hoa Lư - TP. Quy Nhơn (KK),33,28916774462801800655608897080,Bắc Ninh UBND xã Xuân Lâm - Thuận Thành (KK),873.65
31388836637198369136462150188,Bình Định Khuôn viên Cây xanh gần cầu chui đường Hoa Lư - TP. Quy Nhơn (KK),34,31390903576425084107499649578,Hà Nội ĐHBK cổng Parabol đường Giải Phóng (KK),879.09
31388836637198369136462150188,Bình Định Khuôn viên Cây xanh gần cầu chui đường Hoa Lư - TP. Quy Nhơn (KK),35,31390908889087377344742439468,Hà Nội Công viên Nhân Chính - Khuất Duy Tiến (KK),880.92
31388836637198369136462150188,Bình Định Khuôn viên Cây xanh gần cầu chui đường Hoa Lư - TP. Quy Nhơn (KK),36,28560877461938780203765592307,Hà Nội 556 Nguyễn Văn Cừ (KK),881.78
31388836637198369136462150188,Bình Định Khuôn viên Cây xanh gần cầu chui đường Hoa Lư - TP. Quy Nhơn (KK),37,29196010501691076420299004774,Bắc Ninh TT Quan trắc - phường Suối Hoa - TP Bắc Ninh (KK),888.03
31388836637198369136462150188,Bình Định Khuôn viên Cây xanh gần cầu chui đường Hoa Lư - TP. Quy Nhơn (KK),38,31651502905690497791503780869,Thái Nguyên Sân vận động Gang thép - P Trung Thành - TP Thái Nguyên (KK),932.19
31388836637198369136462150188,Bình Định Khuôn viên Cây xanh gần cầu chui đường Hoa Lư - TP. Quy Nhơn (KK),39,28505268571336961948594948504,Phú Thọ đường Hùng Vương - Tp Việt Trì (KK),933.79
31388839920718814259329251882,"Bình Dương số 593 Đại lộ Bình Dương, P. Hiệp Thành (KK)",1,31390912357075263208060500522,HCM Khu Liên cơ quan Bộ Tài Nguyên và Môi Trường - số 20 Đ. Lý Chính Thắng (KK),23.51
31388839920718814259329251882,"Bình Dương số 593 Đại lộ Bình Dương, P. Hiệp Thành (KK)",2,31390916083317566102523755051,HCM Đ. Lê Hữu Kiều - P. Bình Trưng Tây - Quận 2 (Ngã ba Lê Hữu Kiểu và Trương Văn Bang) (KK),25.46
31388839920718814259329251882,"Bình Dương số 593 Đại lộ Bình Dương, P. Hiệp Thành (KK)",3,29996239538320865599553202177,Tây Ninh Thị xã Trảng Bàng (KK),33.23
31388839920718814259329251882,"Bình Dương số 593 Đại lộ Bình Dương, P. Hiệp Thành (KK)",4,31390932574706768021562473002,Long An UBND Tp Tân An - 76 Hùng Vương - P.2 (KK),57.47
31388839920718814259329251882,"Bình Dương số 593 Đại lộ Bình Dương, P. Hiệp Thành (KK)",5,31390965631272148257054013994,Vũng Tàu Đ. Huyền Trân Công Chúa - Phường 8 - TP Vũng Tàu,87.06
31388839920718814259329251882,"Bình Dương số 593 Đại lộ Bình Dương, P. Hiệp Thành (KK)",6,29098314940209976158571475636,"Trà Vinh xã Dân Thành, TX Duyên Hải (KK)",155.65
31388839920718814259329251882,"Bình Dương số 593 Đại lộ Bình Dương, P. Hiệp Thành (KK)",7,29098319146067624969113973428,"Trà Vinh xã Đông Hải, huyện Duyên Hải (KK)",158.63
31388839920718814259329251882,"Bình Dương số 593 Đại lộ Bình Dương, P. Hiệp Thành (KK)",8,30991938797551443885460120607,"Sóc Trăng Sở TNMT - 16 Hùng Vương, P.6, Tp. Sóc Trăng (KK)",170.88
31388839920718814259329251882,"Bình Dương số 593 Đại lộ Bình Dương, P. Hiệp Thành (KK)",9,31390928700890512538630765099,Lâm Đồng Vườn hoa - đối diện THCS Lam Sơn - Phường 6 - TP Đà Lạt (KK),220.66
31388839920718814259329251882,"Bình Dương số 593 Đại lộ Bình Dương, P. Hiệp Thành (KK)",10,31390939012620449761949792810,Ninh Thuận Công viên (bến xe cũ) - Đ. Thống Nhất - P. Thanh Sơn - TP Phan Rang (KK),262.59
31388839920718814259329251882,"Bình Dương số 593 Đại lộ Bình Dương, P. Hiệp Thành (KK)",11,29544533341424688633522251105,Gia Lai KCN Trà Đa - Tp Pleiku (KK),368.12
31388839920718814259329251882,"Bình Dương số 593 Đại lộ Bình Dương, P. Hiệp Thành (KK)",12,31570631866920915749872483233,Bình Định huyện Tuy Phước (KK),415.03
31388839920718814259329251882,"Bình Dương số 593 Đại lộ Bình Dương, P. Hiệp Thành (KK)",13,31388836637198369136462150188,Bình Định Khuôn viên Cây xanh gần cầu chui đường Hoa Lư - TP. Quy Nhơn (KK),416.94
31388839920718814259329251882,"Bình Dương số 593 Đại lộ Bình Dương, P. Hiệp Thành (KK)",14,31390951371938979254287350314,Quảng Ngãi UBND P. Nguyễn Nghiêm - TP Quảng Ngãi (KK),514.56
31388839920718814259329251882,"Bình Dương số 593 Đại lộ Bình Dương, P. Hiệp Thành (KK)",15,31390944251495766704153049642,Quảng Nam Tiếp giáp Đ. Hùng Vương - KDC Đ. Hồ Xuân Hương (KK),545.31
31388839920718814259329251882,"Bình Dương số 593 Đại lộ Bình Dương, P. Hiệp Thành (KK)",16,31616865099255512061948816121,Đà Nẵng Phạm Hùng (KK),581.04
31388839920718814259329251882,"Bình Dương số 593 Đại lộ Bình Dương, P. Hiệp Thành (KK)",17,31388851800421997746903202346,Đà Nẵng Khuôn viên trường ĐH sư phạm Đà Nẵng (KK),586.62
31388839920718814259329251882,"Bình Dương số 593 Đại lộ Bình Dương, P. Hiệp Thành (KK)",18,28505272740301122608933325208,Đà Nẵng 41 đường Lê Duẩn (KK),589.64
31388839920718814259329251882,"Bình Dương số 593 Đại lộ Bình Dương, P. Hiệp Thành (KK)",19,29203727697074312726675247132,"Thái Bình xã Thái Thọ, huyện Thái Thụy (KK)",1053.05
31388839920718814259329251882,"Bình Dương số 593 Đại lộ Bình Dương, P. Hiệp Thành (KK)",20,31390957404024291365397346858,Thái Bình Cầu Thái Bình - Đ. Trần Thái Tông - P. Bồ Xuyên - TP Thái Bình (KK),1053.05
31388839920718814259329251882,"Bình Dương số 593 Đại lộ Bình Dương, P. Hiệp Thành (KK)",21,31388883344354363840031242796,Hà Nam Công Viên Nam Cao - P.Quang Trung - TP. Phủ Lý (KK),1064.17
31388839920718814259329251882,"Bình Dương số 593 Đại lộ Bình Dương, P. Hiệp Thành (KK)",22,31390921469766835629621918251,Hưng Yên số 437 Nguyễn Văn Linh - Tp Hưng Yên (KK),1077.1
31388839920718814259329251882,"Bình Dương số 593 Đại lộ Bình Dương, P. Hiệp Thành (KK)",23,31388868531618872623864101418,Hải Dương UBND TP. Hải Dương - 106 Đường Trần Hưng Đạo (KK),1106.46
31388839920718814259329251882,"Bình Dương số 593 Đại lộ Bình Dương, P. Hiệp Thành (KK)",24,28602897318711027016899843809,Quảng Ninh Nhà máy tuyển than Nam Cầu Trắng - Hạ Long (KK),1107.89
31388839920718814259329251882,"Bình Dương số 593 Đại lộ Bình Dương, P. Hiệp Thành (KK)",25,29518852005686198968139908531,Quảng Ninh Gần KCN Cái Lân (KK),1110.51
31388839920718814259329251882,"Bình Dương số 593 Đại lộ Bình Dương, P. Hiệp Thành (KK)",26,29518872592252585279589451187,Quảng Ninh Km11 - Minh Thành (KK),1113.7
31388839920718814259329251882,"Bình Dương số 593 Đại lộ Bình Dương, P. Hiệp Thành (KK)",27,29518839738601389925132404147,"Quảng Ninh Trung tâm văn hóa thể thao Cẩm Phả, đường Trần Phú, phường Cẩm Trung (KK)",1115.78
31388839920718814259329251882,"Bình Dương số 593 Đại lộ Bình Dương, P. Hiệp Thành (KK)",28,28599103930259709512833128161,Quảng Ninh Phường Cẩm Thịnh - Cẩm Phả (KK),1115.93
31388839920718814259329251882,"Bình Dương số 593 Đại lộ Bình Dương, P. Hiệp Thành (KK)",29,31390903576425084107499649578,Hà Nội ĐHBK cổng Parabol đường Giải Phóng (KK),1116.78
31388839920718814259329251882,"Bình Dương số 593 Đại lộ Bình Dương, P. Hiệp Thành (KK)",30,28602837126985114455002404577,Quảng Ninh UBND TP Uông Bí (KK),1116.84
31388839920718814259329251882,"Bình Dương số 593 Đại lộ Bình Dương, P. Hiệp Thành (KK)",31,31390908889087377344742439468,Hà Nội Công viên Nhân Chính - Khuất Duy Tiến (KK),1116.95
31388839920718814259329251882,"Bình Dương số 593 Đại lộ Bình Dương, P. Hiệp Thành (KK)",32,28916774462801800655608897080,Bắc Ninh UBND xã Xuân Lâm - Thuận Thành (KK),1117.6
31388839920718814259329251882,"Bình Dương số 593 Đại lộ Bình Dương, P. Hiệp Thành (KK)",33,28916504310234840885489983032,Bắc Ninh Khu liên cơ Thuận Thành - thị trấn Hồ (KK),1117.82
31388839920718814259329251882,"Bình Dương số 593 Đại lộ Bình Dương, P. Hiệp Thành (KK)",34,29518885338952740244749551027,Quảng Ninh Nhuệ Hổ - Đông Triều (KK),1120.64
31388839920718814259329251882,"Bình Dương số 593 Đại lộ Bình Dương, P. Hiệp Thành (KK)",35,28560877461938780203765592307,Hà Nội 556 Nguyễn Văn Cừ (KK),1121.32
31388839920718814259329251882,"Bình Dương số 593 Đại lộ Bình Dương, P. Hiệp Thành (KK)",36,29196021237696127337075448678,Bắc Ninh UBND xã Cao Đức - Gia Bình (KK),1122.78
31388839920718814259329251882,"Bình Dương số 593 Đại lộ Bình Dương, P. Hiệp Thành (KK)",37,29196010501691076420299004774,Bắc Ninh TT Quan trắc - phường Suối Hoa - TP Bắc Ninh (KK),1135.34
31388839920718814259329251882,"Bình Dương số 593 Đại lộ Bình Dương, P. Hiệp Thành (KK)",38,28505268571336961948594948504,Phú Thọ đường Hùng Vương - Tp Việt Trì (KK),1158.65
31388839920718814259329251882,"Bình Dương số 593 Đại lộ Bình Dương, P. Hiệp Thành (KK)",39,31651502905690497791503780869,Thái Nguyên Sân vận động Gang thép - P Trung Thành - TP Thái Nguyên (KK),1175.74
31388851800421997746903202346,Đà Nẵng Khuôn viên trường ĐH sư phạm Đà Nẵng (KK),1,28505272740301122608933325208,Đà Nẵng 41 đường Lê Duẩn (KK),6.33
31388851800421997746903202346,Đà Nẵng Khuôn viên trường ĐH sư phạm Đà Nẵng (KK),2,31616865099255512061948816121,Đà Nẵng Phạm Hùng (KK),8.96
31388851800421997746903202346,Đà Nẵng Khuôn viên trường ĐH sư phạm Đà Nẵng (KK),3,31390944251495766704153049642,Quảng Nam Tiếp giáp Đ. Hùng Vương - KDC Đ. Hồ Xuân Hương (KK),65.76
31388851800421997746903202346,Đà Nẵng Khuôn viên trường ĐH sư phạm Đà Nẵng (KK),4,31390951371938979254287350314,Quảng Ngãi UBND P. Nguyễn Nghiêm - TP Quảng Ngãi (KK),125.4
31388851800421997746903202346,Đà Nẵng Khuôn viên trường ĐH sư phạm Đà Nẵng (KK),5,29544533341424688633522251105,Gia Lai KCN Trà Đa - Tp Pleiku (KK),227.73
31388851800421997746903202346,Đà Nẵng Khuôn viên trường ĐH sư phạm Đà Nẵng (KK),6,31388836637198369136462150188,Bình Định Khuôn viên Cây xanh gần cầu chui đường Hoa Lư - TP. Quy Nhơn (KK),277.68
31388851800421997746903202346,Đà Nẵng Khuôn viên trường ĐH sư phạm Đà Nẵng (KK),7,31570631866920915749872483233,Bình Định huyện Tuy Phước (KK),280.03
31388851800421997746903202346,Đà Nẵng Khuôn viên trường ĐH sư phạm Đà Nẵng (KK),8,31390928700890512538630765099,Lâm Đồng Vườn hoa - đối diện THCS Lam Sơn - Phường 6 - TP Đà Lạt (KK),457.89
31388851800421997746903202346,Đà Nẵng Khuôn viên trường ĐH sư phạm Đà Nẵng (KK),9,31390939012620449761949792810,Ninh Thuận Công viên (bến xe cũ) - Đ. Thống Nhất - P. Thanh Sơn - TP Phan Rang (KK),507.14
31388851800421997746903202346,Đà Nẵng Khuôn viên trường ĐH sư phạm Đà Nẵng (KK),10,29203727697074312726675247132,"Thái Bình xã Thái Thọ, huyện Thái Thụy (KK)",518.99
31388851800421997746903202346,Đà Nẵng Khuôn viên trường ĐH sư phạm Đà Nẵng (KK),11,31390957404024291365397346858,Thái Bình Cầu Thái Bình - Đ. Trần Thái Tông - P. Bồ Xuyên - TP Thái Bình (KK),524.98
31388851800421997746903202346,Đà Nẵng Khuôn viên trường ĐH sư phạm Đà Nẵng (KK),12,31388883344354363840031242796,Hà Nam Công Viên Nam Cao - P.Quang Trung - TP. Phủ Lý (KK),550.91
31388851800421997746903202346,Đà Nẵng Khuôn viên trường ĐH sư phạm Đà Nẵng (KK),13,28602897318711027016899843809,Quảng Ninh Nhà máy tuyển than Nam Cầu Trắng - Hạ Long (KK),553.69
31388851800421997746903202346,Đà Nẵng Khuôn viên trường ĐH sư phạm Đà Nẵng (KK),14,28599103930259709512833128161,Quảng Ninh Phường Cẩm Thịnh - Cẩm Phả (KK),556.45
31388851800421997746903202346,Đà Nẵng Khuôn viên trường ĐH sư phạm Đà Nẵng (KK),15,31390921469766835629621918251,Hưng Yên số 437 Nguyễn Văn Linh - Tp Hưng Yên (KK),557.37
31388851800421997746903202346,Đà Nẵng Khuôn viên trường ĐH sư phạm Đà Nẵng (KK),16,29518839738601389925132404147,"Quảng Ninh Trung tâm văn hóa thể thao Cẩm Phả, đường Trần Phú, phường Cẩm Trung (KK)",557.94
31388851800421997746903202346,Đà Nẵng Khuôn viên trường ĐH sư phạm Đà Nẵng (KK),17,29518852005686198968139908531,Quảng Ninh Gần KCN Cái Lân (KK),558.5
31388851800421997746903202346,Đà Nẵng Khuôn viên trường ĐH sư phạm Đà Nẵng (KK),18,29518872592252585279589451187,Quảng Ninh Km11 - Minh Thành (KK),566.56
31388851800421997746903202346,Đà Nẵng Khuôn viên trường ĐH sư phạm Đà Nẵng (KK),19,28602837126985114455002404577,Quảng Ninh UBND TP Uông Bí (KK),572.24
31388851800421997746903202346,Đà Nẵng Khuôn viên trường ĐH sư phạm Đà Nẵng (KK),20,31388868531618872623864101418,Hải Dương UBND TP. Hải Dương - 106 Đường Trần Hưng Đạo (KK),575.22
31388851800421997746903202346,Đà Nẵng Khuôn viên trường ĐH sư phạm Đà Nẵng (KK),21,29518885338952740244749551027,Quảng Ninh Nhuệ Hổ - Đông Triều (KK),581.89
31388851800421997746903202346,Đà Nẵng Khuôn viên trường ĐH sư phạm Đà Nẵng (KK),22,31388839920718814259329251882,"Bình Dương số 593 Đại lộ Bình Dương, P. Hiệp Thành (KK)",586.62
31388851800421997746903202346,Đà Nẵng Khuôn viên trường ĐH sư phạm Đà Nẵng (KK),23,29196021237696127337075448678,Bắc Ninh UBND xã Cao Đức - Gia Bình (KK),592.33
31388851800421997746903202346,Đà Nẵng Khuôn viên trường ĐH sư phạm Đà Nẵng (KK),24,29996239538320865599553202177,Tây Ninh Thị xã Trảng Bàng (KK),592.47
31388851800421997746903202346,Đà Nẵng Khuôn viên trường ĐH sư phạm Đà Nẵng (KK),25,28916504310234840885489983032,Bắc Ninh Khu liên cơ Thuận Thành - thị trấn Hồ (KK),595.77
31388851800421997746903202346,Đà Nẵng Khuôn viên trường ĐH sư phạm Đà Nẵng (KK),26,28916774462801800655608897080,Bắc Ninh UBND xã Xuân Lâm - Thuận Thành (KK),596.14
31388851800421997746903202346,Đà Nẵng Khuôn viên trường ĐH sư phạm Đà Nẵng (KK),27,31390903576425084107499649578,Hà Nội ĐHBK cổng Parabol đường Giải Phóng (KK),601.43
31388851800421997746903202346,Đà Nẵng Khuôn viên trường ĐH sư phạm Đà Nẵng (KK),28,31390908889087377344742439468,Hà Nội Công viên Nhân Chính - Khuất Duy Tiến (KK),603.25
31388851800421997746903202346,Đà Nẵng Khuôn viên trường ĐH sư phạm Đà Nẵng (KK),29,28560877461938780203765592307,Hà Nội 556 Nguyễn Văn Cừ (KK),604.16
31388851800421997746903202346,Đà Nẵng Khuôn viên trường ĐH sư phạm Đà Nẵng (KK),30,31390916083317566102523755051,HCM Đ. Lê Hữu Kiều - P. Bình Trưng Tây - Quận 2 (Ngã ba Lê Hữu Kiểu và Trương Văn Bang) (KK),606.36
31388851800421997746903202346,Đà Nẵng Khuôn viên trường ĐH sư phạm Đà Nẵng (KK),31,31390912357075263208060500522,HCM Khu Liên cơ quan Bộ Tài Nguyên và Môi Trường - số 20 Đ. Lý Chính Thắng (KK),608.4
31388851800421997746903202346,Đà Nẵng Khuôn viên trường ĐH sư phạm Đà Nẵng (KK),32,29196010501691076420299004774,Bắc Ninh TT Quan trắc - phường Suối Hoa - TP Bắc Ninh (KK),610.73
31388851800421997746903202346,Đà Nẵng Khuôn viên trường ĐH sư phạm Đà Nẵng (KK),33,31390965631272148257054013994,Vũng Tàu Đ. Huyền Trân Công Chúa - Phường 8 - TP Vũng Tàu,626.35
31388851800421997746903202346,Đà Nẵng Khuôn viên trường ĐH sư phạm Đà Nẵng (KK),34,31390932574706768021562473002,Long An UBND Tp Tân An - 76 Hùng Vương - P.2 (KK),642.78
31388851800421997746903202346,Đà Nẵng Khuôn viên trường ĐH sư phạm Đà Nẵng (KK),35,31651502905690497791503780869,Thái Nguyên Sân vận động Gang thép - P Trung Thành - TP Thái Nguyên (KK),654.81
31388851800421997746903202346,Đà Nẵng Khuôn viên trường ĐH sư phạm Đà Nẵng (KK),36,28505268571336961948594948504,Phú Thọ đường Hùng Vương - Tp Việt Trì (KK),656.21
31388851800421997746903202346,Đà Nẵng Khuôn viên trường ĐH sư phạm Đà Nẵng (KK),37,29098314940209976158571475636,"Trà Vinh xã Dân Thành, TX Duyên Hải (KK)",740.28
31388851800421997746903202346,Đà Nẵng Khuôn viên trường ĐH sư phạm Đà Nẵng (KK),38,29098319146067624969113973428,"Trà Vinh xã Đông Hải, huyện Duyên Hải (KK)",743.66
31388851800421997746903202346,Đà Nẵng Khuôn viên trường ĐH sư phạm Đà Nẵng (KK),39,30991938797551443885460120607,"Sóc Trăng Sở TNMT - 16 Hùng Vương, P.6, Tp. Sóc Trăng (KK)",755.33
31388868531618872623864101418,Hải Dương UBND TP. Hải Dương - 106 Đường Trần Hưng Đạo (KK),1,29196021237696127337075448678,Bắc Ninh UBND xã Cao Đức - Gia Bình (KK),17.11
31388868531618872623864101418,Hải Dương UBND TP. Hải Dương - 106 Đường Trần Hưng Đạo (KK),2,29518885338952740244749551027,Quảng Ninh Nhuệ Hổ - Đông Triều (KK),27.14
31388868531618872623864101418,Hải Dương UBND TP. Hải Dương - 106 Đường Trần Hưng Đạo (KK),3,28916504310234840885489983032,Bắc Ninh Khu liên cơ Thuận Thành - thị trấn Hồ (KK),32.88
31388868531618872623864101418,Hải Dương UBND TP. Hải Dương - 106 Đường Trần Hưng Đạo (KK),4,28916774462801800655608897080,Bắc Ninh UBND xã Xuân Lâm - Thuận Thành (KK),34.48
31388868531618872623864101418,Hải Dương UBND TP. Hải Dương - 106 Đường Trần Hưng Đạo (KK),5,29196010501691076420299004774,Bắc Ninh TT Quan trắc - phường Suối Hoa - TP Bắc Ninh (KK),38.82
31388868531618872623864101418,Hải Dương UBND TP. Hải Dương - 106 Đường Trần Hưng Đạo (KK),6,31390921469766835629621918251,Hưng Yên số 437 Nguyễn Văn Linh - Tp Hưng Yên (KK),42.11
31388868531618872623864101418,Hải Dương UBND TP. Hải Dương - 106 Đường Trần Hưng Đạo (KK),7,28602837126985114455002404577,Quảng Ninh UBND TP Uông Bí (KK),45.74
31388868531618872623864101418,Hải Dương UBND TP. Hải Dương - 106 Đường Trần Hưng Đạo (KK),8,28560877461938780203765592307,Hà Nội 556 Nguyễn Văn Cừ (KK),48.62
31388868531618872623864101418,Hải Dương UBND TP. Hải Dương - 106 Đường Trần Hưng Đạo (KK),9,31390903576425084107499649578,Hà Nội ĐHBK cổng Parabol đường Giải Phóng (KK),51.83
31388868531618872623864101418,Hải Dương UBND TP. Hải Dương - 106 Đường Trần Hưng Đạo (KK),10,31390957404024291365397346858,Thái Bình Cầu Thái Bình - Đ. Trần Thái Tông - P. Bồ Xuyên - TP Thái Bình (KK),53.41
31388868531618872623864101418,Hải Dương UBND TP. Hải Dương - 106 Đường Trần Hưng Đạo (KK),11,29518872592252585279589451187,Quảng Ninh Km11 - Minh Thành (KK),54.83
31388868531618872623864101418,Hải Dương UBND TP. Hải Dương - 106 Đường Trần Hưng Đạo (KK),12,29203727697074312726675247132,"Thái Bình xã Thái Thọ, huyện Thái Thụy (KK)",56.23
31388868531618872623864101418,Hải Dương UBND TP. Hải Dương - 106 Đường Trần Hưng Đạo (KK),13,31390908889087377344742439468,Hà Nội Công viên Nhân Chính - Khuất Duy Tiến (KK),56.63
31388868531618872623864101418,Hải Dương UBND TP. Hải Dương - 106 Đường Trần Hưng Đạo (KK),14,31388883344354363840031242796,Hà Nam Công Viên Nam Cao - P.Quang Trung - TP. Phủ Lý (KK),62.5
31388868531618872623864101418,Hải Dương UBND TP. Hải Dương - 106 Đường Trần Hưng Đạo (KK),15,29518852005686198968139908531,Quảng Ninh Gần KCN Cái Lân (KK),73.62
31388868531618872623864101418,Hải Dương UBND TP. Hải Dương - 106 Đường Trần Hưng Đạo (KK),16,31651502905690497791503780869,Thái Nguyên Sân vận động Gang thép - P Trung Thành - TP Thái Nguyên (KK),82.33
31388868531618872623864101418,Hải Dương UBND TP. Hải Dương - 106 Đường Trần Hưng Đạo (KK),17,28602897318711027016899843809,Quảng Ninh Nhà máy tuyển than Nam Cầu Trắng - Hạ Long (KK),82.56
31388868531618872623864101418,Hải Dương UBND TP. Hải Dương - 106 Đường Trần Hưng Đạo (KK),18,29518839738601389925132404147,"Quảng Ninh Trung tâm văn hóa thể thao Cẩm Phả, đường Trần Phú, phường Cẩm Trung (KK)",97.71
31388868531618872623864101418,Hải Dương UBND TP. Hải Dương - 106 Đường Trần Hưng Đạo (KK),19,28599103930259709512833128161,Quảng Ninh Phường Cẩm Thịnh - Cẩm Phả (KK),104.94
31388868531618872623864101418,Hải Dương UBND TP. Hải Dương - 106 Đường Trần Hưng Đạo (KK),20,28505268571336961948594948504,Phú Thọ đường Hùng Vương - Tp Việt Trì (KK),109.92
31388868531618872623864101418,Hải Dương UBND TP. Hải Dương - 106 Đường Trần Hưng Đạo (KK),21,31388851800421997746903202346,Đà Nẵng Khuôn viên trường ĐH sư phạm Đà Nẵng (KK),575.22
31388868531618872623864101418,Hải Dương UBND TP. Hải Dương - 106 Đường Trần Hưng Đạo (KK),22,28505272740301122608933325208,Đà Nẵng 41 đường Lê Duẩn (KK),576.06
31388868531618872623864101418,Hải Dương UBND TP. Hải Dương - 106 Đường Trần Hưng Đạo (KK),23,31616865099255512061948816121,Đà Nẵng Phạm Hùng (KK),583.85
31388868531618872623864101418,Hải Dương UBND TP. Hải Dương - 106 Đường Trần Hưng Đạo (KK),24,31390944251495766704153049642,Quảng Nam Tiếp giáp Đ. Hùng Vương - KDC Đ. Hồ Xuân Hương (KK),639.45
31388868531618872623864101418,Hải Dương UBND TP. Hải Dương - 106 Đường Trần Hưng Đạo (KK),25,31390951371938979254287350314,Quảng Ngãi UBND P. Nguyễn Nghiêm - TP Quảng Ngãi (KK),697.43
31388868531618872623864101418,Hải Dương UBND TP. Hải Dương - 106 Đường Trần Hưng Đạo (KK),26,29544533341424688633522251105,Gia Lai KCN Trà Đa - Tp Pleiku (KK),790.3
31388868531618872623864101418,Hải Dương UBND TP. Hải Dương - 106 Đường Trần Hưng Đạo (KK),27,31388836637198369136462150188,Bình Định Khuôn viên Cây xanh gần cầu chui đường Hoa Lư - TP. Quy Nhơn (KK),852.14
31388868531618872623864101418,Hải Dương UBND TP. Hải Dương - 106 Đường Trần Hưng Đạo (KK),28,31570631866920915749872483233,Bình Định huyện Tuy Phước (KK),854.56
31388868531618872623864101418,Hải Dương UBND TP. Hải Dương - 106 Đường Trần Hưng Đạo (KK),29,31390928700890512538630765099,Lâm Đồng Vườn hoa - đối diện THCS Lam Sơn - Phường 6 - TP Đà Lạt (KK),1023.72
31388868531618872623864101418,Hải Dương UBND TP. Hải Dương - 106 Đường Trần Hưng Đạo (KK),30,31390939012620449761949792810,Ninh Thuận Công viên (bến xe cũ) - Đ. Thống Nhất - P. Thanh Sơn - TP Phan Rang (KK),1079.09
31388868531618872623864101418,Hải Dương UBND TP. Hải Dương - 106 Đường Trần Hưng Đạo (KK),31,29996239538320865599553202177,Tây Ninh Thị xã Trảng Bàng (KK),1101.7
31388868531618872623864101418,Hải Dương UBND TP. Hải Dương - 106 Đường Trần Hưng Đạo (KK),32,31388839920718814259329251882,"Bình Dương số 593 Đại lộ Bình Dương, P. Hiệp Thành (KK)",1106.46
31388868531618872623864101418,Hải Dương UBND TP. Hải Dương - 106 Đường Trần Hưng Đạo (KK),33,31390912357075263208060500522,HCM Khu Liên cơ quan Bộ Tài Nguyên và Môi Trường - số 20 Đ. Lý Chính Thắng (KK),1129.88
31388868531618872623864101418,Hải Dương UBND TP. Hải Dương - 106 Đường Trần Hưng Đạo (KK),34,31390916083317566102523755051,HCM Đ. Lê Hữu Kiều - P. Bình Trưng Tây - Quận 2 (Ngã ba Lê Hữu Kiểu và Trương Văn Bang) (KK),1130.05
31388868531618872623864101418,Hải Dương UBND TP. Hải Dương - 106 Đường Trần Hưng Đạo (KK),35,31390932574706768021562473002,Long An UBND Tp Tân An - 76 Hùng Vương - P.2 (KK),1156.34
31388868531618872623864101418,Hải Dương UBND TP. Hải Dương - 106 Đường Trần Hưng Đạo (KK),36,31390965631272148257054013994,Vũng Tàu Đ. Huyền Trân Công Chúa - Phường 8 - TP Vũng Tàu,1165.48
31388868531618872623864101418,Hải Dương UBND TP. Hải Dương - 106 Đường Trần Hưng Đạo (KK),37,30991938797551443885460120607,"Sóc Trăng Sở TNMT - 16 Hùng Vương, P.6, Tp. Sóc Trăng (KK)",1259.85
31388868531618872623864101418,Hải Dương UBND TP. Hải Dương - 106 Đường Trần Hưng Đạo (KK),38,29098314940209976158571475636,"Trà Vinh xã Dân Thành, TX Duyên Hải (KK)",1260.99
31388868531618872623864101418,Hải Dương UBND TP. Hải Dương - 106 Đường Trần Hưng Đạo (KK),39,29098319146067624969113973428,"Trà Vinh xã Đông Hải, huyện Duyên Hải (KK)",1263.56
31388883344354363840031242796,Hà Nam Công Viên Nam Cao - P.Quang Trung - TP. Phủ Lý (KK),1,31390921469766835629621918251,Hưng Yên số 437 Nguyễn Văn Linh - Tp Hưng Yên (KK),20.43
31388883344354363840031242796,Hà Nam Công Viên Nam Cao - P.Quang Trung - TP. Phủ Lý (KK),2,31390957404024291365397346858,Thái Bình Cầu Thái Bình - Đ. Trần Thái Tông - P. Bồ Xuyên - TP Thái Bình (KK),45.42
31388883344354363840031242796,Hà Nam Công Viên Nam Cao - P.Quang Trung - TP. Phủ Lý (KK),3,31390903576425084107499649578,Hà Nội ĐHBK cổng Parabol đường Giải Phóng (KK),52.74
31388883344354363840031242796,Hà Nam Công Viên Nam Cao - P.Quang Trung - TP. Phủ Lý (KK),4,31390908889087377344742439468,Hà Nội Công viên Nhân Chính - Khuất Duy Tiến (KK),53.44
31388883344354363840031242796,Hà Nam Công Viên Nam Cao - P.Quang Trung - TP. Phủ Lý (KK),5,28916774462801800655608897080,Bắc Ninh UBND xã Xuân Lâm - Thuận Thành (KK),55.3
31388883344354363840031242796,Hà Nam Công Viên Nam Cao - P.Quang Trung - TP. Phủ Lý (KK),6,28916504310234840885489983032,Bắc Ninh Khu liên cơ Thuận Thành - thị trấn Hồ (KK),55.98
31388883344354363840031242796,Hà Nam Công Viên Nam Cao - P.Quang Trung - TP. Phủ Lý (KK),7,28560877461938780203765592307,Hà Nội 556 Nguyễn Văn Cừ (KK),57.16
31388883344354363840031242796,Hà Nam Công Viên Nam Cao - P.Quang Trung - TP. Phủ Lý (KK),8,31388868531618872623864101418,Hải Dương UBND TP. Hải Dương - 106 Đường Trần Hưng Đạo (KK),62.5
31388883344354363840031242796,Hà Nam Công Viên Nam Cao - P.Quang Trung - TP. Phủ Lý (KK),9,29203727697074312726675247132,"Thái Bình xã Thái Thọ, huyện Thái Thụy (KK)",63.14
31388883344354363840031242796,Hà Nam Công Viên Nam Cao - P.Quang Trung - TP. Phủ Lý (KK),10,29196021237696127337075448678,Bắc Ninh UBND xã Cao Đức - Gia Bình (KK),71.7
31388883344354363840031242796,Hà Nam Công Viên Nam Cao - P.Quang Trung - TP. Phủ Lý (KK),11,29196010501691076420299004774,Bắc Ninh TT Quan trắc - phường Suối Hoa - TP Bắc Ninh (KK),74.26
31388883344354363840031242796,Hà Nam Công Viên Nam Cao - P.Quang Trung - TP. Phủ Lý (KK),12,29518885338952740244749551027,Quảng Ninh Nhuệ Hổ - Đông Triều (KK),89.17
31388883344354363840031242796,Hà Nam Công Viên Nam Cao - P.Quang Trung - TP. Phủ Lý (KK),13,28602837126985114455002404577,Quảng Ninh UBND TP Uông Bí (KK),104.21
31388883344354363840031242796,Hà Nam Công Viên Nam Cao - P.Quang Trung - TP. Phủ Lý (KK),14,28505268571336961948594948504,Phú Thọ đường Hùng Vương - Tp Việt Trì (KK),105.89
31388883344354363840031242796,Hà Nam Công Viên Nam Cao - P.Quang Trung - TP. Phủ Lý (KK),15,29518872592252585279589451187,Quảng Ninh Km11 - Minh Thành (KK),111.11
31388883344354363840031242796,Hà Nam Công Viên Nam Cao - P.Quang Trung - TP. Phủ Lý (KK),16,31651502905690497791503780869,Thái Nguyên Sân vận động Gang thép - P Trung Thành - TP Thái Nguyên (KK),111.63
31388883344354363840031242796,Hà Nam Công Viên Nam Cao - P.Quang Trung - TP. Phủ Lý (KK),17,29518852005686198968139908531,Quảng Ninh Gần KCN Cái Lân (KK),126.93
31388883344354363840031242796,Hà Nam Công Viên Nam Cao - P.Quang Trung - TP. Phủ Lý (KK),18,28602897318711027016899843809,Quảng Ninh Nhà máy tuyển than Nam Cầu Trắng - Hạ Long (KK),134.3
31388883344354363840031242796,Hà Nam Công Viên Nam Cao - P.Quang Trung - TP. Phủ Lý (KK),19,29518839738601389925132404147,"Quảng Ninh Trung tâm văn hóa thể thao Cẩm Phả, đường Trần Phú, phường Cẩm Trung (KK)",150.68
31388883344354363840031242796,Hà Nam Công Viên Nam Cao - P.Quang Trung - TP. Phủ Lý (KK),20,28599103930259709512833128161,Quảng Ninh Phường Cẩm Thịnh - Cẩm Phả (KK),157.41
31388883344354363840031242796,Hà Nam Công Viên Nam Cao - P.Quang Trung - TP. Phủ Lý (KK),21,31388851800421997746903202346,Đà Nẵng Khuôn viên trường ĐH sư phạm Đà Nẵng (KK),550.91
31388883344354363840031242796,Hà Nam Công Viên Nam Cao - P.Quang Trung - TP. Phủ Lý (KK),22,28505272740301122608933325208,Đà Nẵng 41 đường Lê Duẩn (KK),552.39
31388883344354363840031242796,Hà Nam Công Viên Nam Cao - P.Quang Trung - TP. Phủ Lý (KK),23,31616865099255512061948816121,Đà Nẵng Phạm Hùng (KK),559.75
31388883344354363840031242796,Hà Nam Công Viên Nam Cao - P.Quang Trung - TP. Phủ Lý (KK),24,31390944251495766704153049642,Quảng Nam Tiếp giáp Đ. Hùng Vương - KDC Đ. Hồ Xuân Hương (KK),616.21
31388883344354363840031242796,Hà Nam Công Viên Nam Cao - P.Quang Trung - TP. Phủ Lý (KK),25,31390951371938979254287350314,Quảng Ngãi UBND P. Nguyễn Nghiêm - TP Quảng Ngãi (KK),675.21
31388883344354363840031242796,Hà Nam Công Viên Nam Cao - P.Quang Trung - TP. Phủ Lý (KK),26,29544533341424688633522251105,Gia Lai KCN Trà Đa - Tp Pleiku (KK),758.87
31388883344354363840031242796,Hà Nam Công Viên Nam Cao - P.Quang Trung - TP. Phủ Lý (KK),27,31388836637198369136462150188,Bình Định Khuôn viên Cây xanh gần cầu chui đường Hoa Lư - TP. Quy Nhơn (KK),828.58
31388883344354363840031242796,Hà Nam Công Viên Nam Cao - P.Quang Trung - TP. Phủ Lý (KK),28,31570631866920915749872483233,Bình Định huyện Tuy Phước (KK),830.92
31388883344354363840031242796,Hà Nam Công Viên Nam Cao - P.Quang Trung - TP. Phủ Lý (KK),29,31390928700890512538630765099,Lâm Đồng Vườn hoa - đối diện THCS Lam Sơn - Phường 6 - TP Đà Lạt (KK),991.35
31388883344354363840031242796,Hà Nam Công Viên Nam Cao - P.Quang Trung - TP. Phủ Lý (KK),30,31390939012620449761949792810,Ninh Thuận Công viên (bến xe cũ) - Đ. Thống Nhất - P. Thanh Sơn - TP Phan Rang (KK),1049.25
31388883344354363840031242796,Hà Nam Công Viên Nam Cao - P.Quang Trung - TP. Phủ Lý (KK),31,29996239538320865599553202177,Tây Ninh Thị xã Trảng Bàng (KK),1058.03
31388883344354363840031242796,Hà Nam Công Viên Nam Cao - P.Quang Trung - TP. Phủ Lý (KK),32,31388839920718814259329251882,"Bình Dương số 593 Đại lộ Bình Dương, P. Hiệp Thành (KK)",1064.17
31388883344354363840031242796,Hà Nam Công Viên Nam Cao - P.Quang Trung - TP. Phủ Lý (KK),33,31390912357075263208060500522,HCM Khu Liên cơ quan Bộ Tài Nguyên và Môi Trường - số 20 Đ. Lý Chính Thắng (KK),1087.66
31388883344354363840031242796,Hà Nam Công Viên Nam Cao - P.Quang Trung - TP. Phủ Lý (KK),34,31390916083317566102523755051,HCM Đ. Lê Hữu Kiều - P. Bình Trưng Tây - Quận 2 (Ngã ba Lê Hữu Kiểu và Trương Văn Bang) (KK),1088.15
31388883344354363840031242796,Hà Nam Công Viên Nam Cao - P.Quang Trung - TP. Phủ Lý (KK),35,31390932574706768021562473002,Long An UBND Tp Tân An - 76 Hùng Vương - P.2 (KK),1112.83
31388883344354363840031242796,Hà Nam Công Viên Nam Cao - P.Quang Trung - TP. Phủ Lý (KK),36,31390965631272148257054013994,Vũng Tàu Đ. Huyền Trân Công Chúa - Phường 8 - TP Vũng Tàu,1125.86
31388883344354363840031242796,Hà Nam Công Viên Nam Cao - P.Quang Trung - TP. Phủ Lý (KK),37,30991938797551443885460120607,"Sóc Trăng Sở TNMT - 16 Hùng Vương, P.6, Tp. Sóc Trăng (KK)",1214.53
31388883344354363840031242796,Hà Nam Công Viên Nam Cao - P.Quang Trung - TP. Phủ Lý (KK),38,29098314940209976158571475636,"Trà Vinh xã Dân Thành, TX Duyên Hải (KK)",1217.84
31388883344354363840031242796,Hà Nam Công Viên Nam Cao - P.Quang Trung - TP. Phủ Lý (KK),39,29098319146067624969113973428,"Trà Vinh xã Đông Hải, huyện Duyên Hải (KK)",1220.29
31390903576425084107499649578,Hà Nội ĐHBK cổng Parabol đường Giải Phóng (KK),1,31390908889087377344742439468,Hà Nội Công viên Nhân Chính - Khuất Duy Tiến (KK),4.88
31390903576425084107499649578,Hà Nội ĐHBK cổng Parabol đường Giải Phóng (KK),2,28560877461938780203765592307,Hà Nội 556 Nguyễn Văn Cừ (KK),6.48
31390903576425084107499649578,Hà Nội ĐHBK cổng Parabol đường Giải Phóng (KK),3,28916774462801800655608897080,Bắc Ninh UBND xã Xuân Lâm - Thuận Thành (KK),18.29
31390903576425084107499649578,Hà Nội ĐHBK cổng Parabol đường Giải Phóng (KK),4,28916504310234840885489983032,Bắc Ninh Khu liên cơ Thuận Thành - thị trấn Hồ (KK),20.08
31390903576425084107499649578,Hà Nội ĐHBK cổng Parabol đường Giải Phóng (KK),5,29196010501691076420299004774,Bắc Ninh TT Quan trắc - phường Suối Hoa - TP Bắc Ninh (KK),31.45
31390903576425084107499649578,Hà Nội ĐHBK cổng Parabol đường Giải Phóng (KK),6,31390921469766835629621918251,Hưng Yên số 437 Nguyễn Văn Linh - Tp Hưng Yên (KK),44.35
31390903576425084107499649578,Hà Nội ĐHBK cổng Parabol đường Giải Phóng (KK),7,29196021237696127337075448678,Bắc Ninh UBND xã Cao Đức - Gia Bình (KK),46.38
31390903576425084107499649578,Hà Nội ĐHBK cổng Parabol đường Giải Phóng (KK),8,31388868531618872623864101418,Hải Dương UBND TP. Hải Dương - 106 Đường Trần Hưng Đạo (KK),51.83
31390903576425084107499649578,Hà Nội ĐHBK cổng Parabol đường Giải Phóng (KK),9,31388883344354363840031242796,Hà Nam Công Viên Nam Cao - P.Quang Trung - TP. Phủ Lý (KK),52.74
31390903576425084107499649578,Hà Nội ĐHBK cổng Parabol đường Giải Phóng (KK),10,31651502905690497791503780869,Thái Nguyên Sân vận động Gang thép - P Trung Thành - TP Thái Nguyên (KK),59.45
31390903576425084107499649578,Hà Nội ĐHBK cổng Parabol đường Giải Phóng (KK),11,28505268571336961948594948504,Phú Thọ đường Hùng Vương - Tp Việt Trì (KK),61.64
31390903576425084107499649578,Hà Nội ĐHBK cổng Parabol đường Giải Phóng (KK),12,29518885338952740244749551027,Quảng Ninh Nhuệ Hổ - Đông Triều (KK),74.45
31390903576425084107499649578,Hà Nội ĐHBK cổng Parabol đường Giải Phóng (KK),13,31390957404024291365397346858,Thái Bình Cầu Thái Bình - Đ. Trần Thái Tông - P. Bồ Xuyên - TP Thái Bình (KK),80.19
31390903576425084107499649578,Hà Nội ĐHBK cổng Parabol đường Giải Phóng (KK),14,29203727697074312726675247132,"Thái Bình xã Thái Thọ, huyện Thái Thụy (KK)",92.63
31390903576425084107499649578,Hà Nội ĐHBK cổng Parabol đường Giải Phóng (KK),15,28602837126985114455002404577,Quảng Ninh UBND TP Uông Bí (KK),95.76
31390903576425084107499649578,Hà Nội ĐHBK cổng Parabol đường Giải Phóng (KK),16,29518872592252585279589451187,Quảng Ninh Km11 - Minh Thành (KK),105.57
31390903576425084107499649578,Hà Nội ĐHBK cổng Parabol đường Giải Phóng (KK),17,29518852005686198968139908531,Quảng Ninh Gần KCN Cái Lân (KK),124.84
31390903576425084107499649578,Hà Nội ĐHBK cổng Parabol đường Giải Phóng (KK),18,28602897318711027016899843809,Quảng Ninh Nhà máy tuyển than Nam Cầu Trắng - Hạ Long (KK),134.0
31390903576425084107499649578,Hà Nội ĐHBK cổng Parabol đường Giải Phóng (KK),19,29518839738601389925132404147,"Quảng Ninh Trung tâm văn hóa thể thao Cẩm Phả, đường Trần Phú, phường Cẩm Trung (KK)",148.65
31390903576425084107499649578,Hà Nội ĐHBK cổng Parabol đường Giải Phóng (KK),20,28599103930259709512833128161,Quảng Ninh Phường Cẩm Thịnh - Cẩm Phả (KK),155.92
31390903576425084107499649578,Hà Nội ĐHBK cổng Parabol đường Giải Phóng (KK),21,31388851800421997746903202346,Đà Nẵng Khuôn viên trường ĐH sư phạm Đà Nẵng (KK),601.43
31390903576425084107499649578,Hà Nội ĐHBK cổng Parabol đường Giải Phóng (KK),22,28505272740301122608933325208,Đà Nẵng 41 đường Lê Duẩn (KK),602.74
31390903576425084107499649578,Hà Nội ĐHBK cổng Parabol đường Giải Phóng (KK),23,31616865099255512061948816121,Đà Nẵng Phạm Hùng (KK),610.22
31390903576425084107499649578,Hà Nội ĐHBK cổng Parabol đường Giải Phóng (KK),24,31390944251495766704153049642,Quảng Nam Tiếp giáp Đ. Hùng Vương - KDC Đ. Hồ Xuân Hương (KK),666.51
31390903576425084107499649578,Hà Nội ĐHBK cổng Parabol đường Giải Phóng (KK),25,31390951371938979254287350314,Quảng Ngãi UBND P. Nguyễn Nghiêm - TP Quảng Ngãi (KK),725.28
31390903576425084107499649578,Hà Nội ĐHBK cổng Parabol đường Giải Phóng (KK),26,29544533341424688633522251105,Gia Lai KCN Trà Đa - Tp Pleiku (KK),810.98
31390903576425084107499649578,Hà Nội ĐHBK cổng Parabol đường Giải Phóng (KK),27,31388836637198369136462150188,Bình Định Khuôn viên Cây xanh gần cầu chui đường Hoa Lư - TP. Quy Nhơn (KK),879.09
31390903576425084107499649578,Hà Nội ĐHBK cổng Parabol đường Giải Phóng (KK),28,31570631866920915749872483233,Bình Định huyện Tuy Phước (KK),881.46
31390903576425084107499649578,Hà Nội ĐHBK cổng Parabol đường Giải Phóng (KK),29,31390928700890512538630765099,Lâm Đồng Vườn hoa - đối diện THCS Lam Sơn - Phường 6 - TP Đà Lạt (KK),1043.64
31390903576425084107499649578,Hà Nội ĐHBK cổng Parabol đường Giải Phóng (KK),30,31390939012620449761949792810,Ninh Thuận Công viên (bến xe cũ) - Đ. Thống Nhất - P. Thanh Sơn - TP Phan Rang (KK),1101.17
31390903576425084107499649578,Hà Nội ĐHBK cổng Parabol đường Giải Phóng (KK),31,29996239538320865599553202177,Tây Ninh Thị xã Trảng Bàng (KK),1110.51
31390903576425084107499649578,Hà Nội ĐHBK cổng Parabol đường Giải Phóng (KK),32,31388839920718814259329251882,"Bình Dương số 593 Đại lộ Bình Dương, P. Hiệp Thành (KK)",1116.78
31390903576425084107499649578,Hà Nội ĐHBK cổng Parabol đường Giải Phóng (KK),33,31390912357075263208060500522,HCM Khu Liên cơ quan Bộ Tài Nguyên và Môi Trường - số 20 Đ. Lý Chính Thắng (KK),1140.28
31390903576425084107499649578,Hà Nội ĐHBK cổng Parabol đường Giải Phóng (KK),34,31390916083317566102523755051,HCM Đ. Lê Hữu Kiều - P. Bình Trưng Tây - Quận 2 (Ngã ba Lê Hữu Kiểu và Trương Văn Bang) (KK),1140.79
31390903576425084107499649578,Hà Nội ĐHBK cổng Parabol đường Giải Phóng (KK),35,31390932574706768021562473002,Long An UBND Tp Tân An - 76 Hùng Vương - P.2 (KK),1165.33
31390903576425084107499649578,Hà Nội ĐHBK cổng Parabol đường Giải Phóng (KK),36,31390965631272148257054013994,Vũng Tàu Đ. Huyền Trân Công Chúa - Phường 8 - TP Vũng Tàu,1178.6
31390903576425084107499649578,Hà Nội ĐHBK cổng Parabol đường Giải Phóng (KK),37,30991938797551443885460120607,"Sóc Trăng Sở TNMT - 16 Hùng Vương, P.6, Tp. Sóc Trăng (KK)",1266.76
31390903576425084107499649578,Hà Nội ĐHBK cổng Parabol đường Giải Phóng (KK),38,29098314940209976158571475636,"Trà Vinh xã Dân Thành, TX Duyên Hải (KK)",1270.37
31390903576425084107499649578,Hà Nội ĐHBK cổng Parabol đường Giải Phóng (KK),39,29098319146067624969113973428,"Trà Vinh xã Đông Hải, huyện Duyên Hải (KK)",1272.8
31390908889087377344742439468,Hà Nội Công viên Nhân Chính - Khuất Duy Tiến (KK),1,31390903576425084107499649578,Hà Nội ĐHBK cổng Parabol đường Giải Phóng (KK),4.88
31390908889087377344742439468,Hà Nội Công viên Nhân Chính - Khuất Duy Tiến (KK),2,28560877461938780203765592307,Hà Nội 556 Nguyễn Văn Cừ (KK),10.47
31390908889087377344742439468,Hà Nội Công viên Nhân Chính - Khuất Duy Tiến (KK),3,28916774462801800655608897080,Bắc Ninh UBND xã Xuân Lâm - Thuận Thành (KK),23.16
31390908889087377344742439468,Hà Nội Công viên Nhân Chính - Khuất Duy Tiến (KK),4,28916504310234840885489983032,Bắc Ninh Khu liên cơ Thuận Thành - thị trấn Hồ (KK),24.95
31390908889087377344742439468,Hà Nội Công viên Nhân Chính - Khuất Duy Tiến (KK),5,29196010501691076420299004774,Bắc Ninh TT Quan trắc - phường Suối Hoa - TP Bắc Ninh (KK),35.46
31390908889087377344742439468,Hà Nội Công viên Nhân Chính - Khuất Duy Tiến (KK),6,31390921469766835629621918251,Hưng Yên số 437 Nguyễn Văn Linh - Tp Hưng Yên (KK),46.83
31390908889087377344742439468,Hà Nội Công viên Nhân Chính - Khuất Duy Tiến (KK),7,29196021237696127337075448678,Bắc Ninh UBND xã Cao Đức - Gia Bình (KK),51.22
31390908889087377344742439468,Hà Nội Công viên Nhân Chính - Khuất Duy Tiến (KK),8,31388883344354363840031242796,Hà Nam Công Viên Nam Cao - P.Quang Trung - TP. Phủ Lý (KK),53.44
31390908889087377344742439468,Hà Nội Công viên Nhân Chính - Khuất Duy Tiến (KK),9,31388868531618872623864101418,Hải Dương UBND TP. Hải Dương - 106 Đường Trần Hưng Đạo (KK),56.63
31390908889087377344742439468,Hà Nội Công viên Nhân Chính - Khuất Duy Tiến (KK),10,28505268571336961948594948504,Phú Thọ đường Hùng Vương - Tp Việt Trì (KK),57.97
31390908889087377344742439468,Hà Nội Công viên Nhân Chính - Khuất Duy Tiến (KK),11,31651502905690497791503780869,Thái Nguyên Sân vận động Gang thép - P Trung Thành - TP Thái Nguyên (KK),60.13
31390908889087377344742439468,Hà Nội Công viên Nhân Chính - Khuất Duy Tiến (KK),12,29518885338952740244749551027,Quảng Ninh Nhuệ Hổ - Đông Triều (KK),79.33
31390908889087377344742439468,Hà Nội Công viên Nhân Chính - Khuất Duy Tiến (KK),13,31390957404024291365397346858,Thái Bình Cầu Thái Bình - Đ. Trần Thái Tông - P. Bồ Xuyên - TP Thái Bình (KK),83.28
31390908889087377344742439468,Hà Nội Công viên Nhân Chính - Khuất Duy Tiến (KK),14,29203727697074312726675247132,"Thái Bình xã Thái Thọ, huyện Thái Thụy (KK)",96.24
31390908889087377344742439468,Hà Nội Công viên Nhân Chính - Khuất Duy Tiến (KK),15,28602837126985114455002404577,Quảng Ninh UBND TP Uông Bí (KK),100.64
31390908889087377344742439468,Hà Nội Công viên Nhân Chính - Khuất Duy Tiến (KK),16,29518872592252585279589451187,Quảng Ninh Km11 - Minh Thành (KK),110.45
31390908889087377344742439468,Hà Nội Công viên Nhân Chính - Khuất Duy Tiến (KK),17,29518852005686198968139908531,Quảng Ninh Gần KCN Cái Lân (KK),129.71
31390908889087377344742439468,Hà Nội Công viên Nhân Chính - Khuất Duy Tiến (KK),18,28602897318711027016899843809,Quảng Ninh Nhà máy tuyển than Nam Cầu Trắng - Hạ Long (KK),138.86
31390908889087377344742439468,Hà Nội Công viên Nhân Chính - Khuất Duy Tiến (KK),19,29518839738601389925132404147,"Quảng Ninh Trung tâm văn hóa thể thao Cẩm Phả, đường Trần Phú, phường Cẩm Trung (KK)",153.53
31390908889087377344742439468,Hà Nội Công viên Nhân Chính - Khuất Duy Tiến (KK),20,28599103930259709512833128161,Quảng Ninh Phường Cẩm Thịnh - Cẩm Phả (KK),160.8
31390908889087377344742439468,Hà Nội Công viên Nhân Chính - Khuất Duy Tiến (KK),21,31388851800421997746903202346,Đà Nẵng Khuôn viên trường ĐH sư phạm Đà Nẵng (KK),603.25
31390908889087377344742439468,Hà Nội Công viên Nhân Chính - Khuất Duy Tiến (KK),22,28505272740301122608933325208,Đà Nẵng 41 đường Lê Duẩn (KK),604.6
31390908889087377344742439468,Hà Nội Công viên Nhân Chính - Khuất Duy Tiến (KK),23,31616865099255512061948816121,Đà Nẵng Phạm Hùng (KK),612.05
31390908889087377344742439468,Hà Nội Công viên Nhân Chính - Khuất Duy Tiến (KK),24,31390944251495766704153049642,Quảng Nam Tiếp giáp Đ. Hùng Vương - KDC Đ. Hồ Xuân Hương (KK),668.39
31390908889087377344742439468,Hà Nội Công viên Nhân Chính - Khuất Duy Tiến (KK),25,31390951371938979254287350314,Quảng Ngãi UBND P. Nguyễn Nghiêm - TP Quảng Ngãi (KK),727.23
31390908889087377344742439468,Hà Nội Công viên Nhân Chính - Khuất Duy Tiến (KK),26,29544533341424688633522251105,Gia Lai KCN Trà Đa - Tp Pleiku (KK),812.19
31390908889087377344742439468,Hà Nội Công viên Nhân Chính - Khuất Duy Tiến (KK),27,31388836637198369136462150188,Bình Định Khuôn viên Cây xanh gần cầu chui đường Hoa Lư - TP. Quy Nhơn (KK),880.92
31390908889087377344742439468,Hà Nội Công viên Nhân Chính - Khuất Duy Tiến (KK),28,31570631866920915749872483233,Bình Định huyện Tuy Phước (KK),883.28
31390908889087377344742439468,Hà Nội Công viên Nhân Chính - Khuất Duy Tiến (KK),29,31390928700890512538630765099,Lâm Đồng Vườn hoa - đối diện THCS Lam Sơn - Phường 6 - TP Đà Lạt (KK),1044.74
31390908889087377344742439468,Hà Nội Công viên Nhân Chính - Khuất Duy Tiến (KK),30,31390939012620449761949792810,Ninh Thuận Công viên (bến xe cũ) - Đ. Thống Nhất - P. Thanh Sơn - TP Phan Rang (KK),1102.49
31390908889087377344742439468,Hà Nội Công viên Nhân Chính - Khuất Duy Tiến (KK),31,29996239538320865599553202177,Tây Ninh Thị xã Trảng Bàng (KK),1110.54
31390908889087377344742439468,Hà Nội Công viên Nhân Chính - Khuất Duy Tiến (KK),32,31388839920718814259329251882,"Bình Dương số 593 Đại lộ Bình Dương, P. Hiệp Thành (KK)",1116.95
31390908889087377344742439468,Hà Nội Công viên Nhân Chính - Khuất Duy Tiến (KK),33,31390912357075263208060500522,HCM Khu Liên cơ quan Bộ Tài Nguyên và Môi Trường - số 20 Đ. Lý Chính Thắng (KK),1140.45
31390908889087377344742439468,Hà Nội Công viên Nhân Chính - Khuất Duy Tiến (KK),34,31390916083317566102523755051,HCM Đ. Lê Hữu Kiều - P. Bình Trưng Tây - Quận 2 (Ngã ba Lê Hữu Kiểu và Trương Văn Bang) (KK),1140.99
31390908889087377344742439468,Hà Nội Công viên Nhân Chính - Khuất Duy Tiến (KK),35,31390932574706768021562473002,Long An UBND Tp Tân An - 76 Hùng Vương - P.2 (KK),1165.37
31390908889087377344742439468,Hà Nội Công viên Nhân Chính - Khuất Duy Tiến (KK),36,31390965631272148257054013994,Vũng Tàu Đ. Huyền Trân Công Chúa - Phường 8 - TP Vũng Tàu,1179.03
31390908889087377344742439468,Hà Nội Công viên Nhân Chính - Khuất Duy Tiến (KK),37,30991938797551443885460120607,"Sóc Trăng Sở TNMT - 16 Hùng Vương, P.6, Tp. Sóc Trăng (KK)",1266.59
31390908889087377344742439468,Hà Nội Công viên Nhân Chính - Khuất Duy Tiến (KK),38,29098314940209976158571475636,"Trà Vinh xã Dân Thành, TX Duyên Hải (KK)",1270.43
31390908889087377344742439468,Hà Nội Công viên Nhân Chính - Khuất Duy Tiến (KK),39,29098319146067624969113973428,"Trà Vinh xã Đông Hải, huyện Duyên Hải (KK)",1272.85
31390912357075263208060500522,HCM Khu Liên cơ quan Bộ Tài Nguyên và Môi Trường - số 20 Đ. Lý Chính Thắng (KK),1,31390916083317566102523755051,HCM Đ. Lê Hữu Kiều - P. Bình Trưng Tây - Quận 2 (Ngã ba Lê Hữu Kiểu và Trương Văn Bang) (KK),7.65
31390912357075263208060500522,HCM Khu Liên cơ quan Bộ Tài Nguyên và Môi Trường - số 20 Đ. Lý Chính Thắng (KK),2,31388839920718814259329251882,"Bình Dương số 593 Đại lộ Bình Dương, P. Hiệp Thành (KK)",23.51
31390912357075263208060500522,HCM Khu Liên cơ quan Bộ Tài Nguyên và Môi Trường - số 20 Đ. Lý Chính Thắng (KK),3,31390932574706768021562473002,Long An UBND Tp Tân An - 76 Hùng Vương - P.2 (KK),40.67
31390912357075263208060500522,HCM Khu Liên cơ quan Bộ Tài Nguyên và Môi Trường - số 20 Đ. Lý Chính Thắng (KK),4,29996239538320865599553202177,Tây Ninh Thị xã Trảng Bàng (KK),45.11
31390912357075263208060500522,HCM Khu Liên cơ quan Bộ Tài Nguyên và Môi Trường - số 20 Đ. Lý Chính Thắng (KK),5,31390965631272148257054013994,Vũng Tàu Đ. Huyền Trân Công Chúa - Phường 8 - TP Vũng Tàu,72.03
31390912357075263208060500522,HCM Khu Liên cơ quan Bộ Tài Nguyên và Môi Trường - số 20 Đ. Lý Chính Thắng (KK),6,29098314940209976158571475636,"Trà Vinh xã Dân Thành, TX Duyên Hải (KK)",132.77
31390912357075263208060500522,HCM Khu Liên cơ quan Bộ Tài Nguyên và Môi Trường - số 20 Đ. Lý Chính Thắng (KK),7,29098319146067624969113973428,"Trà Vinh xã Đông Hải, huyện Duyên Hải (KK)",135.87
31390912357075263208060500522,HCM Khu Liên cơ quan Bộ Tài Nguyên và Môi Trường - số 20 Đ. Lý Chính Thắng (KK),8,30991938797551443885460120607,"Sóc Trăng Sở TNMT - 16 Hùng Vương, P.6, Tp. Sóc Trăng (KK)",151.69
31390912357075263208060500522,HCM Khu Liên cơ quan Bộ Tài Nguyên và Môi Trường - số 20 Đ. Lý Chính Thắng (KK),9,31390928700890512538630765099,Lâm Đồng Vườn hoa - đối diện THCS Lam Sơn - Phường 6 - TP Đà Lạt (KK),230.66
31390912357075263208060500522,HCM Khu Liên cơ quan Bộ Tài Nguyên và Môi Trường - số 20 Đ. Lý Chính Thắng (KK),10,31390939012620449761949792810,Ninh Thuận Công viên (bến xe cũ) - Đ. Thống Nhất - P. Thanh Sơn - TP Phan Rang (KK),266.8
31390912357075263208060500522,HCM Khu Liên cơ quan Bộ Tài Nguyên và Môi Trường - số 20 Đ. Lý Chính Thắng (KK),11,29544533341424688633522251105,Gia Lai KCN Trà Đa - Tp Pleiku (KK),388.56
31390912357075263208060500522,HCM Khu Liên cơ quan Bộ Tài Nguyên và Môi Trường - số 20 Đ. Lý Chính Thắng (KK),12,31570631866920915749872483233,Bình Định huyện Tuy Phước (KK),430.97
31390912357075263208060500522,HCM Khu Liên cơ quan Bộ Tài Nguyên và Môi Trường - số 20 Đ. Lý Chính Thắng (KK),13,31388836637198369136462150188,Bình Định Khuôn viên Cây xanh gần cầu chui đường Hoa Lư - TP. Quy Nhơn (KK),432.95
31390912357075263208060500522,HCM Khu Liên cơ quan Bộ Tài Nguyên và Môi Trường - số 20 Đ. Lý Chính Thắng (KK),14,31390951371938979254287350314,Quảng Ngãi UBND P. Nguyễn Nghiêm - TP Quảng Ngãi (KK),534.37
31390912357075263208060500522,HCM Khu Liên cơ quan Bộ Tài Nguyên và Môi Trường - số 20 Đ. Lý Chính Thắng (KK),15,31390944251495766704153049642,Quảng Nam Tiếp giáp Đ. Hùng Vương - KDC Đ. Hồ Xuân Hương (KK),566.22
31390912357075263208060500522,HCM Khu Liên cơ quan Bộ Tài Nguyên và Môi Trường - số 20 Đ. Lý Chính Thắng (KK),16,31616865099255512061948816121,Đà Nẵng Phạm Hùng (KK),602.71
31390912357075263208060500522,HCM Khu Liên cơ quan Bộ Tài Nguyên và Môi Trường - số 20 Đ. Lý Chính Thắng (KK),17,31388851800421997746903202346,Đà Nẵng Khuôn viên trường ĐH sư phạm Đà Nẵng (KK),608.4
31390912357075263208060500522,HCM Khu Liên cơ quan Bộ Tài Nguyên và Môi Trường - số 20 Đ. Lý Chính Thắng (KK),18,28505272740301122608933325208,Đà Nẵng 41 đường Lê Duẩn (KK),611.33
31390912357075263208060500522,HCM Khu Liên cơ quan Bộ Tài Nguyên và Môi Trường - số 20 Đ. Lý Chính Thắng (KK),19,29203727697074312726675247132,"Thái Bình xã Thái Thọ, huyện Thái Thụy (KK)",1076.44
31390912357075263208060500522,HCM Khu Liên cơ quan Bộ Tài Nguyên và Môi Trường - số 20 Đ. Lý Chính Thắng (KK),20,31390957404024291365397346858,Thái Bình Cầu Thái Bình - Đ. Trần Thái Tông - P. Bồ Xuyên - TP Thái Bình (KK),1076.48
31390912357075263208060500522,HCM Khu Liên cơ quan Bộ Tài Nguyên và Môi Trường - số 20 Đ. Lý Chính Thắng (KK),21,31388883344354363840031242796,Hà Nam Công Viên Nam Cao - P.Quang Trung - TP. Phủ Lý (KK),1087.66
31390912357075263208060500522,HCM Khu Liên cơ quan Bộ Tài Nguyên và Môi Trường - số 20 Đ. Lý Chính Thắng (KK),22,31390921469766835629621918251,Hưng Yên số 437 Nguyễn Văn Linh - Tp Hưng Yên (KK),1100.57
31390912357075263208060500522,HCM Khu Liên cơ quan Bộ Tài Nguyên và Môi Trường - số 20 Đ. Lý Chính Thắng (KK),23,31388868531618872623864101418,Hải Dương UBND TP. Hải Dương - 106 Đường Trần Hưng Đạo (KK),1129.88
31390912357075263208060500522,HCM Khu Liên cơ quan Bộ Tài Nguyên và Môi Trường - số 20 Đ. Lý Chính Thắng (KK),24,28602897318711027016899843809,Quảng Ninh Nhà máy tuyển than Nam Cầu Trắng - Hạ Long (KK),1131.1
31390912357075263208060500522,HCM Khu Liên cơ quan Bộ Tài Nguyên và Môi Trường - số 20 Đ. Lý Chính Thắng (KK),25,29518852005686198968139908531,Quảng Ninh Gần KCN Cái Lân (KK),1133.75
31390912357075263208060500522,HCM Khu Liên cơ quan Bộ Tài Nguyên và Môi Trường - số 20 Đ. Lý Chính Thắng (KK),26,29518872592252585279589451187,Quảng Ninh Km11 - Minh Thành (KK),1137.0
31390912357075263208060500522,HCM Khu Liên cơ quan Bộ Tài Nguyên và Môi Trường - số 20 Đ. Lý Chính Thắng (KK),27,29518839738601389925132404147,"Quảng Ninh Trung tâm văn hóa thể thao Cẩm Phả, đường Trần Phú, phường Cẩm Trung (KK)",1138.94
31390912357075263208060500522,HCM Khu Liên cơ quan Bộ Tài Nguyên và Môi Trường - số 20 Đ. Lý Chính Thắng (KK),28,28599103930259709512833128161,Quảng Ninh Phường Cẩm Thịnh - Cẩm Phả (KK),1139.07
31390912357075263208060500522,HCM Khu Liên cơ quan Bộ Tài Nguyên và Môi Trường - số 20 Đ. Lý Chính Thắng (KK),29,28602837126985114455002404577,Quảng Ninh UBND TP Uông Bí (KK),1140.17
31390912357075263208060500522,HCM Khu Liên cơ quan Bộ Tài Nguyên và Môi Trường - số 20 Đ. Lý Chính Thắng (KK),30,31390903576425084107499649578,Hà Nội ĐHBK cổng Parabol đường Giải Phóng (KK),1140.28
31390912357075263208060500522,HCM Khu Liên cơ quan Bộ Tài Nguyên và Môi Trường - số 20 Đ. Lý Chính Thắng (KK),31,31390908889087377344742439468,Hà Nội Công viên Nhân Chính - Khuất Duy Tiến (KK),1140.45
31390912357075263208060500522,HCM Khu Liên cơ quan Bộ Tài Nguyên và Môi Trường - số 20 Đ. Lý Chính Thắng (KK),32,28916774462801800655608897080,Bắc Ninh UBND xã Xuân Lâm - Thuận Thành (KK),1141.08
31390912357075263208060500522,HCM Khu Liên cơ quan Bộ Tài Nguyên và Môi Trường - số 20 Đ. Lý Chính Thắng (KK),33,28916504310234840885489983032,Bắc Ninh Khu liên cơ Thuận Thành - thị trấn Hồ (KK),1141.29
31390912357075263208060500522,HCM Khu Liên cơ quan Bộ Tài Nguyên và Môi Trường - số 20 Đ. Lý Chính Thắng (KK),34,29518885338952740244749551027,Quảng Ninh Nhuệ Hổ - Đông Triều (KK),1144.02
31390912357075263208060500522,HCM Khu Liên cơ quan Bộ Tài Nguyên và Môi Trường - số 20 Đ. Lý Chính Thắng (KK),35,28560877461938780203765592307,Hà Nội 556 Nguyễn Văn Cừ (KK),1144.81
31390912357075263208060500522,HCM Khu Liên cơ quan Bộ Tài Nguyên và Môi Trường - số 20 Đ. Lý Chính Thắng (KK),36,29196021237696127337075448678,Bắc Ninh UBND xã Cao Đức - Gia Bình (KK),1146.21
31390912357075263208060500522,HCM Khu Liên cơ quan Bộ Tài Nguyên và Môi Trường - số 20 Đ. Lý Chính Thắng (KK),37,29196010501691076420299004774,Bắc Ninh TT Quan trắc - phường Suối Hoa - TP Bắc Ninh (KK),1158.81
31390912357075263208060500522,HCM Khu Liên cơ quan Bộ Tài Nguyên và Môi Trường - số 20 Đ. Lý Chính Thắng (KK),38,28505268571336961948594948504,Phú Thọ đường Hùng Vương - Tp Việt Trì (KK),1182.16
31390912357075263208060500522,HCM Khu Liên cơ quan Bộ Tài Nguyên và Môi Trường - số 20 Đ. Lý Chính Thắng (KK),39,31651502905690497791503780869,Thái Nguyên Sân vận động Gang thép - P Trung Thành - TP Thái Nguyên (KK),1199.22
31390916083317566102523755051,HCM Đ. Lê Hữu Kiều - P. Bình Trưng Tây - Quận 2 (Ngã ba Lê Hữu Kiểu và Trương Văn Bang) (KK),1,31390912357075263208060500522,HCM Khu Liên cơ quan Bộ Tài Nguyên và Môi Trường - số 20 Đ. Lý Chính Thắng (KK),7.65
31390916083317566102523755051,HCM Đ. Lê Hữu Kiều - P. Bình Trưng Tây - Quận 2 (Ngã ba Lê Hữu Kiểu và Trương Văn Bang) (KK),2,31388839920718814259329251882,"Bình Dương số 593 Đại lộ Bình Dương, P. Hiệp Thành (KK)",25.46
31390916083317566102523755051,HCM Đ. Lê Hữu Kiều - P. Bình Trưng Tây - Quận 2 (Ngã ba Lê Hữu Kiểu và Trương Văn Bang) (KK),3,31390932574706768021562473002,Long An UBND Tp Tân An - 76 Hùng Vương - P.2 (KK),46.72
31390916083317566102523755051,HCM Đ. Lê Hữu Kiều - P. Bình Trưng Tây - Quận 2 (Ngã ba Lê Hữu Kiểu và Trương Văn Bang) (KK),4,29996239538320865599553202177,Tây Ninh Thị xã Trảng Bàng (KK),51.32
31390916083317566102523755051,HCM Đ. Lê Hữu Kiều - P. Bình Trưng Tây - Quận 2 (Ngã ba Lê Hữu Kiểu và Trương Văn Bang) (KK),5,31390965631272148257054013994,Vũng Tàu Đ. Huyền Trân Công Chúa - Phường 8 - TP Vũng Tàu,65.31
31390916083317566102523755051,HCM Đ. Lê Hữu Kiều - P. Bình Trưng Tây - Quận 2 (Ngã ba Lê Hữu Kiểu và Trương Văn Bang) (KK),6,29098314940209976158571475636,"Trà Vinh xã Dân Thành, TX Duyên Hải (KK)",134.11
31390916083317566102523755051,HCM Đ. Lê Hữu Kiều - P. Bình Trưng Tây - Quận 2 (Ngã ba Lê Hữu Kiểu và Trương Văn Bang) (KK),7,29098319146067624969113973428,"Trà Vinh xã Đông Hải, huyện Duyên Hải (KK)",137.38
31390916083317566102523755051,HCM Đ. Lê Hữu Kiều - P. Bình Trưng Tây - Quận 2 (Ngã ba Lê Hữu Kiểu và Trương Văn Bang) (KK),8,30991938797551443885460120607,"Sóc Trăng Sở TNMT - 16 Hùng Vương, P.6, Tp. Sóc Trăng (KK)",155.87
31390916083317566102523755051,HCM Đ. Lê Hữu Kiều - P. Bình Trưng Tây - Quận 2 (Ngã ba Lê Hữu Kiểu và Trương Văn Bang) (KK),9,31390928700890512538630765099,Lâm Đồng Vườn hoa - đối diện THCS Lam Sơn - Phường 6 - TP Đà Lạt (KK),224.35
31390916083317566102523755051,HCM Đ. Lê Hữu Kiều - P. Bình Trưng Tây - Quận 2 (Ngã ba Lê Hữu Kiểu và Trương Văn Bang) (KK),10,31390939012620449761949792810,Ninh Thuận Công viên (bến xe cũ) - Đ. Thống Nhất - P. Thanh Sơn - TP Phan Rang (KK),259.57
31390916083317566102523755051,HCM Đ. Lê Hữu Kiều - P. Bình Trưng Tây - Quận 2 (Ngã ba Lê Hữu Kiểu và Trương Văn Bang) (KK),11,29544533341424688633522251105,Gia Lai KCN Trà Đa - Tp Pleiku (KK),385.66
31390916083317566102523755051,HCM Đ. Lê Hữu Kiều - P. Bình Trưng Tây - Quận 2 (Ngã ba Lê Hữu Kiểu và Trương Văn Bang) (KK),12,31570631866920915749872483233,Bình Định huyện Tuy Phước (KK),426.07
31390916083317566102523755051,HCM Đ. Lê Hữu Kiều - P. Bình Trưng Tây - Quận 2 (Ngã ba Lê Hữu Kiểu và Trương Văn Bang) (KK),13,31388836637198369136462150188,Bình Định Khuôn viên Cây xanh gần cầu chui đường Hoa Lư - TP. Quy Nhơn (KK),428.07
31390916083317566102523755051,HCM Đ. Lê Hữu Kiều - P. Bình Trưng Tây - Quận 2 (Ngã ba Lê Hữu Kiểu và Trương Văn Bang) (KK),14,31390951371938979254287350314,Quảng Ngãi UBND P. Nguyễn Nghiêm - TP Quảng Ngãi (KK),531.06
31390916083317566102523755051,HCM Đ. Lê Hữu Kiều - P. Bình Trưng Tây - Quận 2 (Ngã ba Lê Hữu Kiểu và Trương Văn Bang) (KK),15,31390944251495766704153049642,Quảng Nam Tiếp giáp Đ. Hùng Vương - KDC Đ. Hồ Xuân Hương (KK),563.56
31390916083317566102523755051,HCM Đ. Lê Hữu Kiều - P. Bình Trưng Tây - Quận 2 (Ngã ba Lê Hữu Kiểu và Trương Văn Bang) (KK),16,31616865099255512061948816121,Đà Nẵng Phạm Hùng (KK),600.59
31390916083317566102523755051,HCM Đ. Lê Hữu Kiều - P. Bình Trưng Tây - Quận 2 (Ngã ba Lê Hữu Kiểu và Trương Văn Bang) (KK),17,31388851800421997746903202346,Đà Nẵng Khuôn viên trường ĐH sư phạm Đà Nẵng (KK),606.36
31390916083317566102523755051,HCM Đ. Lê Hữu Kiều - P. Bình Trưng Tây - Quận 2 (Ngã ba Lê Hữu Kiểu và Trương Văn Bang) (KK),18,28505272740301122608933325208,Đà Nẵng 41 đường Lê Duẩn (KK),609.23
31390916083317566102523755051,HCM Đ. Lê Hữu Kiều - P. Bình Trưng Tây - Quận 2 (Ngã ba Lê Hữu Kiểu và Trương Văn Bang) (KK),19,29203727697074312726675247132,"Thái Bình xã Thái Thọ, huyện Thái Thụy (KK)",1076.48
31390916083317566102523755051,HCM Đ. Lê Hữu Kiều - P. Bình Trưng Tây - Quận 2 (Ngã ba Lê Hữu Kiểu và Trương Văn Bang) (KK),20,31390957404024291365397346858,Thái Bình Cầu Thái Bình - Đ. Trần Thái Tông - P. Bồ Xuyên - TP Thái Bình (KK),1076.66
31390916083317566102523755051,HCM Đ. Lê Hữu Kiều - P. Bình Trưng Tây - Quận 2 (Ngã ba Lê Hữu Kiểu và Trương Văn Bang) (KK),21,31388883344354363840031242796,Hà Nam Công Viên Nam Cao - P.Quang Trung - TP. Phủ Lý (KK),1088.15
31390916083317566102523755051,HCM Đ. Lê Hữu Kiều - P. Bình Trưng Tây - Quận 2 (Ngã ba Lê Hữu Kiểu và Trương Văn Bang) (KK),22,31390921469766835629621918251,Hưng Yên số 437 Nguyễn Văn Linh - Tp Hưng Yên (KK),1100.95
31390916083317566102523755051,HCM Đ. Lê Hữu Kiều - P. Bình Trưng Tây - Quận 2 (Ngã ba Lê Hữu Kiểu và Trương Văn Bang) (KK),23,31388868531618872623864101418,Hải Dương UBND TP. Hải Dương - 106 Đường Trần Hưng Đạo (KK),1130.05
31390916083317566102523755051,HCM Đ. Lê Hữu Kiều - P. Bình Trưng Tây - Quận 2 (Ngã ba Lê Hữu Kiểu và Trương Văn Bang) (KK),24,28602897318711027016899843809,Quảng Ninh Nhà máy tuyển than Nam Cầu Trắng - Hạ Long (KK),1130.71
31390916083317566102523755051,HCM Đ. Lê Hữu Kiều - P. Bình Trưng Tây - Quận 2 (Ngã ba Lê Hữu Kiểu và Trương Văn Bang) (KK),25,29518852005686198968139908531,Quảng Ninh Gần KCN Cái Lân (KK),1133.42
31390916083317566102523755051,HCM Đ. Lê Hữu Kiều - P. Bình Trưng Tây - Quận 2 (Ngã ba Lê Hữu Kiểu và Trương Văn Bang) (KK),26,29518872592252585279589451187,Quảng Ninh Km11 - Minh Thành (KK),1136.8
31390916083317566102523755051,HCM Đ. Lê Hữu Kiều - P. Bình Trưng Tây - Quận 2 (Ngã ba Lê Hữu Kiểu và Trương Văn Bang) (KK),27,29518839738601389925132404147,"Quảng Ninh Trung tâm văn hóa thể thao Cẩm Phả, đường Trần Phú, phường Cẩm Trung (KK)",1138.45
31390916083317566102523755051,HCM Đ. Lê Hữu Kiều - P. Bình Trưng Tây - Quận 2 (Ngã ba Lê Hữu Kiểu và Trương Văn Bang) (KK),28,28599103930259709512833128161,Quảng Ninh Phường Cẩm Thịnh - Cẩm Phả (KK),1138.53
31390916083317566102523755051,HCM Đ. Lê Hữu Kiều - P. Bình Trưng Tây - Quận 2 (Ngã ba Lê Hữu Kiểu và Trương Văn Bang) (KK),29,28602837126985114455002404577,Quảng Ninh UBND TP Uông Bí (KK),1140.04
31390916083317566102523755051,HCM Đ. Lê Hữu Kiều - P. Bình Trưng Tây - Quận 2 (Ngã ba Lê Hữu Kiểu và Trương Văn Bang) (KK),30,31390903576425084107499649578,Hà Nội ĐHBK cổng Parabol đường Giải Phóng (KK),1140.79
31390916083317566102523755051,HCM Đ. Lê Hữu Kiều - P. Bình Trưng Tây - Quận 2 (Ngã ba Lê Hữu Kiểu và Trương Văn Bang) (KK),31,31390908889087377344742439468,Hà Nội Công viên Nhân Chính - Khuất Duy Tiến (KK),1140.99
31390916083317566102523755051,HCM Đ. Lê Hữu Kiều - P. Bình Trưng Tây - Quận 2 (Ngã ba Lê Hữu Kiểu và Trương Văn Bang) (KK),32,28916774462801800655608897080,Bắc Ninh UBND xã Xuân Lâm - Thuận Thành (KK),1141.47
31390916083317566102523755051,HCM Đ. Lê Hữu Kiều - P. Bình Trưng Tây - Quận 2 (Ngã ba Lê Hữu Kiểu và Trương Văn Bang) (KK),33,28916504310234840885489983032,Bắc Ninh Khu liên cơ Thuận Thành - thị trấn Hồ (KK),1141.66
31390916083317566102523755051,HCM Đ. Lê Hữu Kiều - P. Bình Trưng Tây - Quận 2 (Ngã ba Lê Hữu Kiểu và Trương Văn Bang) (KK),34,29518885338952740244749551027,Quảng Ninh Nhuệ Hổ - Đông Triều (KK),1144.03
31390916083317566102523755051,HCM Đ. Lê Hữu Kiều - P. Bình Trưng Tây - Quận 2 (Ngã ba Lê Hữu Kiểu và Trương Văn Bang) (KK),35,28560877461938780203765592307,Hà Nội 556 Nguyễn Văn Cừ (KK),1145.29
31390916083317566102523755051,HCM Đ. Lê Hữu Kiều - P. Bình Trưng Tây - Quận 2 (Ngã ba Lê Hữu Kiểu và Trương Văn Bang) (KK),36,29196021237696127337075448678,Bắc Ninh UBND xã Cao Đức - Gia Bình (KK),1146.42
31390916083317566102523755051,HCM Đ. Lê Hữu Kiều - P. Bình Trưng Tây - Quận 2 (Ngã ba Lê Hữu Kiểu và Trương Văn Bang) (KK),37,29196010501691076420299004774,Bắc Ninh TT Quan trắc - phường Suối Hoa - TP Bắc Ninh (KK),1159.15
31390916083317566102523755051,HCM Đ. Lê Hữu Kiều - P. Bình Trưng Tây - Quận 2 (Ngã ba Lê Hữu Kiểu và Trương Văn Bang) (KK),38,28505268571336961948594948504,Phú Thọ đường Hùng Vương - Tp Việt Trì (KK),1182.97
31390916083317566102523755051,HCM Đ. Lê Hữu Kiều - P. Bình Trưng Tây - Quận 2 (Ngã ba Lê Hữu Kiểu và Trương Văn Bang) (KK),39,31651502905690497791503780869,Thái Nguyên Sân vận động Gang thép - P Trung Thành - TP Thái Nguyên (KK),1199.68
31390921469766835629621918251,Hưng Yên số 437 Nguyễn Văn Linh - Tp Hưng Yên (KK),1,31388883344354363840031242796,Hà Nam Công Viên Nam Cao - P.Quang Trung - TP. Phủ Lý (KK),20.43
31390921469766835629621918251,Hưng Yên số 437 Nguyễn Văn Linh - Tp Hưng Yên (KK),2,31390957404024291365397346858,Thái Bình Cầu Thái Bình - Đ. Trần Thái Tông - P. Bồ Xuyên - TP Thái Bình (KK),37.35
31390921469766835629621918251,Hưng Yên số 437 Nguyễn Văn Linh - Tp Hưng Yên (KK),3,28916774462801800655608897080,Bắc Ninh UBND xã Xuân Lâm - Thuận Thành (KK),40.54
31390921469766835629621918251,Hưng Yên số 437 Nguyễn Văn Linh - Tp Hưng Yên (KK),4,28916504310234840885489983032,Bắc Ninh Khu liên cơ Thuận Thành - thị trấn Hồ (KK),40.71
31390921469766835629621918251,Hưng Yên số 437 Nguyễn Văn Linh - Tp Hưng Yên (KK),5,31388868531618872623864101418,Hải Dương UBND TP. Hải Dương - 106 Đường Trần Hưng Đạo (KK),42.11
31390921469766835629621918251,Hưng Yên số 437 Nguyễn Văn Linh - Tp Hưng Yên (KK),6,31390903576425084107499649578,Hà Nội ĐHBK cổng Parabol đường Giải Phóng (KK),44.35
31390921469766835629621918251,Hưng Yên số 437 Nguyễn Văn Linh - Tp Hưng Yên (KK),7,28560877461938780203765592307,Hà Nội 556 Nguyễn Văn Cừ (KK),46.79
31390921469766835629621918251,Hưng Yên số 437 Nguyễn Văn Linh - Tp Hưng Yên (KK),8,31390908889087377344742439468,Hà Nội Công viên Nhân Chính - Khuất Duy Tiến (KK),46.83
31390921469766835629621918251,Hưng Yên số 437 Nguyễn Văn Linh - Tp Hưng Yên (KK),9,29196021237696127337075448678,Bắc Ninh UBND xã Cao Đức - Gia Bình (KK),52.23
31390921469766835629621918251,Hưng Yên số 437 Nguyễn Văn Linh - Tp Hưng Yên (KK),10,29203727697074312726675247132,"Thái Bình xã Thái Thọ, huyện Thái Thụy (KK)",52.62
31390921469766835629621918251,Hưng Yên số 437 Nguyễn Văn Linh - Tp Hưng Yên (KK),11,29196010501691076420299004774,Bắc Ninh TT Quan trắc - phường Suối Hoa - TP Bắc Ninh (KK),58.45
31390921469766835629621918251,Hưng Yên số 437 Nguyễn Văn Linh - Tp Hưng Yên (KK),12,29518885338952740244749551027,Quảng Ninh Nhuệ Hổ - Đông Triều (KK),68.75
31390921469766835629621918251,Hưng Yên số 437 Nguyễn Văn Linh - Tp Hưng Yên (KK),13,28602837126985114455002404577,Quảng Ninh UBND TP Uông Bí (KK),84.24
31390921469766835629621918251,Hưng Yên số 437 Nguyễn Văn Linh - Tp Hưng Yên (KK),14,29518872592252585279589451187,Quảng Ninh Km11 - Minh Thành (KK),91.54
31390921469766835629621918251,Hưng Yên số 437 Nguyễn Văn Linh - Tp Hưng Yên (KK),15,31651502905690497791503780869,Thái Nguyên Sân vận động Gang thép - P Trung Thành - TP Thái Nguyên (KK),99.46
31390921469766835629621918251,Hưng Yên số 437 Nguyễn Văn Linh - Tp Hưng Yên (KK),16,28505268571336961948594948504,Phú Thọ đường Hùng Vương - Tp Việt Trì (KK),104.03
31390921469766835629621918251,Hưng Yên số 437 Nguyễn Văn Linh - Tp Hưng Yên (KK),17,29518852005686198968139908531,Quảng Ninh Gần KCN Cái Lân (KK),108.05
31390921469766835629621918251,Hưng Yên số 437 Nguyễn Văn Linh - Tp Hưng Yên (KK),18,28602897318711027016899843809,Quảng Ninh Nhà máy tuyển than Nam Cầu Trắng - Hạ Long (KK),115.81
31390921469766835629621918251,Hưng Yên số 437 Nguyễn Văn Linh - Tp Hưng Yên (KK),19,29518839738601389925132404147,"Quảng Ninh Trung tâm văn hóa thể thao Cẩm Phả, đường Trần Phú, phường Cẩm Trung (KK)",132.05
31390921469766835629621918251,Hưng Yên số 437 Nguyễn Văn Linh - Tp Hưng Yên (KK),20,28599103930259709512833128161,Quảng Ninh Phường Cẩm Thịnh - Cẩm Phả (KK),138.93
31390921469766835629621918251,Hưng Yên số 437 Nguyễn Văn Linh - Tp Hưng Yên (KK),21,31388851800421997746903202346,Đà Nẵng Khuôn viên trường ĐH sư phạm Đà Nẵng (KK),557.37
31390921469766835629621918251,Hưng Yên số 437 Nguyễn Văn Linh - Tp Hưng Yên (KK),22,28505272740301122608933325208,Đà Nẵng 41 đường Lê Duẩn (KK),558.63
31390921469766835629621918251,Hưng Yên số 437 Nguyễn Văn Linh - Tp Hưng Yên (KK),23,31616865099255512061948816121,Đà Nẵng Phạm Hùng (KK),566.15
31390921469766835629621918251,Hưng Yên số 437 Nguyễn Văn Linh - Tp Hưng Yên (KK),24,31390944251495766704153049642,Quảng Nam Tiếp giáp Đ. Hùng Vương - KDC Đ. Hồ Xuân Hương (KK),622.37
31390921469766835629621918251,Hưng Yên số 437 Nguyễn Văn Linh - Tp Hưng Yên (KK),25,31390951371938979254287350314,Quảng Ngãi UBND P. Nguyễn Nghiêm - TP Quảng Ngãi (KK),681.08
31390921469766835629621918251,Hưng Yên số 437 Nguyễn Văn Linh - Tp Hưng Yên (KK),26,29544533341424688633522251105,Gia Lai KCN Trà Đa - Tp Pleiku (KK),767.94
31390921469766835629621918251,Hưng Yên số 437 Nguyễn Văn Linh - Tp Hưng Yên (KK),27,31388836637198369136462150188,Bình Định Khuôn viên Cây xanh gần cầu chui đường Hoa Lư - TP. Quy Nhơn (KK),835.0
31390921469766835629621918251,Hưng Yên số 437 Nguyễn Văn Linh - Tp Hưng Yên (KK),28,31570631866920915749872483233,Bình Định huyện Tuy Phước (KK),837.37
31390921469766835629621918251,Hưng Yên số 437 Nguyễn Văn Linh - Tp Hưng Yên (KK),29,31390928700890512538630765099,Lâm Đồng Vườn hoa - đối diện THCS Lam Sơn - Phường 6 - TP Đà Lạt (KK),1000.84
31390921469766835629621918251,Hưng Yên số 437 Nguyễn Văn Linh - Tp Hưng Yên (KK),30,31390939012620449761949792810,Ninh Thuận Công viên (bến xe cũ) - Đ. Thống Nhất - P. Thanh Sơn - TP Phan Rang (KK),1057.9
31390921469766835629621918251,Hưng Yên số 437 Nguyễn Văn Linh - Tp Hưng Yên (KK),31,29996239538320865599553202177,Tây Ninh Thị xã Trảng Bàng (KK),1071.44
31390921469766835629621918251,Hưng Yên số 437 Nguyễn Văn Linh - Tp Hưng Yên (KK),32,31388839920718814259329251882,"Bình Dương số 593 Đại lộ Bình Dương, P. Hiệp Thành (KK)",1077.1
31390921469766835629621918251,Hưng Yên số 437 Nguyễn Văn Linh - Tp Hưng Yên (KK),33,31390912357075263208060500522,HCM Khu Liên cơ quan Bộ Tài Nguyên và Môi Trường - số 20 Đ. Lý Chính Thắng (KK),1100.57
31390921469766835629621918251,Hưng Yên số 437 Nguyễn Văn Linh - Tp Hưng Yên (KK),34,31390916083317566102523755051,HCM Đ. Lê Hữu Kiều - P. Bình Trưng Tây - Quận 2 (Ngã ba Lê Hữu Kiểu và Trương Văn Bang) (KK),1100.95
31390921469766835629621918251,Hưng Yên số 437 Nguyễn Văn Linh - Tp Hưng Yên (KK),35,31390932574706768021562473002,Long An UBND Tp Tân An - 76 Hùng Vương - P.2 (KK),1126.2
31390921469766835629621918251,Hưng Yên số 437 Nguyễn Văn Linh - Tp Hưng Yên (KK),36,31390965631272148257054013994,Vũng Tàu Đ. Huyền Trân Công Chúa - Phường 8 - TP Vũng Tàu,1137.88
31390921469766835629621918251,Hưng Yên số 437 Nguyễn Văn Linh - Tp Hưng Yên (KK),37,30991938797551443885460120607,"Sóc Trăng Sở TNMT - 16 Hùng Vương, P.6, Tp. Sóc Trăng (KK)",1228.54
31390921469766835629621918251,Hưng Yên số 437 Nguyễn Văn Linh - Tp Hưng Yên (KK),38,29098314940209976158571475636,"Trà Vinh xã Dân Thành, TX Duyên Hải (KK)",1231.1
31390921469766835629621918251,Hưng Yên số 437 Nguyễn Văn Linh - Tp Hưng Yên (KK),39,29098319146067624969113973428,"Trà Vinh xã Đông Hải, huyện Duyên Hải (KK)",1233.59
31390928700890512538630765099,Lâm Đồng Vườn hoa - đối diện THCS Lam Sơn - Phường 6 - TP Đà Lạt (KK),1,31390939012620449761949792810,Ninh Thuận Công viên (bến xe cũ) - Đ. Thống Nhất - P. Thanh Sơn - TP Phan Rang (KK),74.3
31390928700890512538630765099,Lâm Đồng Vườn hoa - đối diện THCS Lam Sơn - Phường 6 - TP Đà Lạt (KK),2,31390965631272148257054013994,Vũng Tàu Đ. Huyền Trân Công Chúa - Phường 8 - TP Vũng Tàu,205.31
31390928700890512538630765099,Lâm Đồng Vườn hoa - đối diện THCS Lam Sơn - Phường 6 - TP Đà Lạt (KK),3,31570631866920915749872483233,Bình Định huyện Tuy Phước (KK),218.64
31390928700890512538630765099,Lâm Đồng Vườn hoa - đối diện THCS Lam Sơn - Phường 6 - TP Đà Lạt (KK),4,31388839920718814259329251882,"Bình Dương số 593 Đại lộ Bình Dương, P. Hiệp Thành (KK)",220.66
31390928700890512538630765099,Lâm Đồng Vườn hoa - đối diện THCS Lam Sơn - Phường 6 - TP Đà Lạt (KK),5,31388836637198369136462150188,Bình Định Khuôn viên Cây xanh gần cầu chui đường Hoa Lư - TP. Quy Nhơn (KK),221.02
31390928700890512538630765099,Lâm Đồng Vườn hoa - đối diện THCS Lam Sơn - Phường 6 - TP Đà Lạt (KK),6,31390916083317566102523755051,HCM Đ. Lê Hữu Kiều - P. Bình Trưng Tây - Quận 2 (Ngã ba Lê Hữu Kiểu và Trương Văn Bang) (KK),224.35
31390928700890512538630765099,Lâm Đồng Vườn hoa - đối diện THCS Lam Sơn - Phường 6 - TP Đà Lạt (KK),7,31390912357075263208060500522,HCM Khu Liên cơ quan Bộ Tài Nguyên và Môi Trường - số 20 Đ. Lý Chính Thắng (KK),230.66
31390928700890512538630765099,Lâm Đồng Vườn hoa - đối diện THCS Lam Sơn - Phường 6 - TP Đà Lạt (KK),8,29544533341424688633522251105,Gia Lai KCN Trà Đa - Tp Pleiku (KK),233.57
31390928700890512538630765099,Lâm Đồng Vườn hoa - đối diện THCS Lam Sơn - Phường 6 - TP Đà Lạt (KK),9,29996239538320865599553202177,Tây Ninh Thị xã Trảng Bàng (KK),248.18
31390928700890512538630765099,Lâm Đồng Vườn hoa - đối diện THCS Lam Sơn - Phường 6 - TP Đà Lạt (KK),10,31390932574706768021562473002,Long An UBND Tp Tân An - 76 Hùng Vương - P.2 (KK),271.07
31390928700890512538630765099,Lâm Đồng Vườn hoa - đối diện THCS Lam Sơn - Phường 6 - TP Đà Lạt (KK),11,29098314940209976158571475636,"Trà Vinh xã Dân Thành, TX Duyên Hải (KK)",334.68
31390928700890512538630765099,Lâm Đồng Vườn hoa - đối diện THCS Lam Sơn - Phường 6 - TP Đà Lạt (KK),12,29098319146067624969113973428,"Trà Vinh xã Đông Hải, huyện Duyên Hải (KK)",338.92
31390928700890512538630765099,Lâm Đồng Vườn hoa - đối diện THCS Lam Sơn - Phường 6 - TP Đà Lạt (KK),13,31390951371938979254287350314,Quảng Ngãi UBND P. Nguyễn Nghiêm - TP Quảng Ngãi (KK),354.61
31390928700890512538630765099,Lâm Đồng Vườn hoa - đối diện THCS Lam Sơn - Phường 6 - TP Đà Lạt (KK),14,30991938797551443885460120607,"Sóc Trăng Sở TNMT - 16 Hùng Vương, P.6, Tp. Sóc Trăng (KK)",374.11
31390928700890512538630765099,Lâm Đồng Vườn hoa - đối diện THCS Lam Sơn - Phường 6 - TP Đà Lạt (KK),15,31390944251495766704153049642,Quảng Nam Tiếp giáp Đ. Hùng Vương - KDC Đ. Hồ Xuân Hương (KK),401.39
31390928700890512538630765099,Lâm Đồng Vườn hoa - đối diện THCS Lam Sơn - Phường 6 - TP Đà Lạt (KK),16,31616865099255512061948816121,Đà Nẵng Phạm Hùng (KK),450.25
31390928700890512538630765099,Lâm Đồng Vườn hoa - đối diện THCS Lam Sơn - Phường 6 - TP Đà Lạt (KK),17,31388851800421997746903202346,Đà Nẵng Khuôn viên trường ĐH sư phạm Đà Nẵng (KK),457.89
31390928700890512538630765099,Lâm Đồng Vườn hoa - đối diện THCS Lam Sơn - Phường 6 - TP Đà Lạt (KK),18,28505272740301122608933325208,Đà Nẵng 41 đường Lê Duẩn (KK),458.84
31390928700890512538630765099,Lâm Đồng Vườn hoa - đối diện THCS Lam Sơn - Phường 6 - TP Đà Lạt (KK),19,29203727697074312726675247132,"Thái Bình xã Thái Thọ, huyện Thái Thụy (KK)",967.89
31390928700890512538630765099,Lâm Đồng Vườn hoa - đối diện THCS Lam Sơn - Phường 6 - TP Đà Lạt (KK),20,31390957404024291365397346858,Thái Bình Cầu Thái Bình - Đ. Trần Thái Tông - P. Bồ Xuyên - TP Thái Bình (KK),971.54
31390928700890512538630765099,Lâm Đồng Vườn hoa - đối diện THCS Lam Sơn - Phường 6 - TP Đà Lạt (KK),21,31388883344354363840031242796,Hà Nam Công Viên Nam Cao - P.Quang Trung - TP. Phủ Lý (KK),991.35
31390928700890512538630765099,Lâm Đồng Vườn hoa - đối diện THCS Lam Sơn - Phường 6 - TP Đà Lạt (KK),22,31390921469766835629621918251,Hưng Yên số 437 Nguyễn Văn Linh - Tp Hưng Yên (KK),1000.84
31390928700890512538630765099,Lâm Đồng Vườn hoa - đối diện THCS Lam Sơn - Phường 6 - TP Đà Lạt (KK),23,28602897318711027016899843809,Quảng Ninh Nhà máy tuyển than Nam Cầu Trắng - Hạ Long (KK),1009.47
31390928700890512538630765099,Lâm Đồng Vườn hoa - đối diện THCS Lam Sơn - Phường 6 - TP Đà Lạt (KK),24,28599103930259709512833128161,Quảng Ninh Phường Cẩm Thịnh - Cẩm Phả (KK),1013.36
31390928700890512538630765099,Lâm Đồng Vườn hoa - đối diện THCS Lam Sơn - Phường 6 - TP Đà Lạt (KK),25,29518852005686198968139908531,Quảng Ninh Gần KCN Cái Lân (KK),1013.76
31390928700890512538630765099,Lâm Đồng Vườn hoa - đối diện THCS Lam Sơn - Phường 6 - TP Đà Lạt (KK),26,29518839738601389925132404147,"Quảng Ninh Trung tâm văn hóa thể thao Cẩm Phả, đường Trần Phú, phường Cẩm Trung (KK)",1014.54
31390928700890512538630765099,Lâm Đồng Vườn hoa - đối diện THCS Lam Sơn - Phường 6 - TP Đà Lạt (KK),27,29518872592252585279589451187,Quảng Ninh Km11 - Minh Thành (KK),1020.51
31390928700890512538630765099,Lâm Đồng Vườn hoa - đối diện THCS Lam Sơn - Phường 6 - TP Đà Lạt (KK),28,31388868531618872623864101418,Hải Dương UBND TP. Hải Dương - 106 Đường Trần Hưng Đạo (KK),1023.72
31390928700890512538630765099,Lâm Đồng Vườn hoa - đối diện THCS Lam Sơn - Phường 6 - TP Đà Lạt (KK),29,28602837126985114455002404577,Quảng Ninh UBND TP Uông Bí (KK),1025.45
31390928700890512538630765099,Lâm Đồng Vườn hoa - đối diện THCS Lam Sơn - Phường 6 - TP Đà Lạt (KK),30,29518885338952740244749551027,Quảng Ninh Nhuệ Hổ - Đông Triều (KK),1033.24
31390928700890512538630765099,Lâm Đồng Vườn hoa - đối diện THCS Lam Sơn - Phường 6 - TP Đà Lạt (KK),31,29196021237696127337075448678,Bắc Ninh UBND xã Cao Đức - Gia Bình (KK),1040.72
31390928700890512538630765099,Lâm Đồng Vườn hoa - đối diện THCS Lam Sơn - Phường 6 - TP Đà Lạt (KK),32,28916504310234840885489983032,Bắc Ninh Khu liên cơ Thuận Thành - thị trấn Hồ (KK),1040.79
31390928700890512538630765099,Lâm Đồng Vườn hoa - đối diện THCS Lam Sơn - Phường 6 - TP Đà Lạt (KK),33,28916774462801800655608897080,Bắc Ninh UBND xã Xuân Lâm - Thuận Thành (KK),1040.93
31390928700890512538630765099,Lâm Đồng Vườn hoa - đối diện THCS Lam Sơn - Phường 6 - TP Đà Lạt (KK),34,31390903576425084107499649578,Hà Nội ĐHBK cổng Parabol đường Giải Phóng (KK),1043.64
31390928700890512538630765099,Lâm Đồng Vườn hoa - đối diện THCS Lam Sơn - Phường 6 - TP Đà Lạt (KK),35,31390908889087377344742439468,Hà Nội Công viên Nhân Chính - Khuất Duy Tiến (KK),1044.74
31390928700890512538630765099,Lâm Đồng Vườn hoa - đối diện THCS Lam Sơn - Phường 6 - TP Đà Lạt (KK),36,28560877461938780203765592307,Hà Nội 556 Nguyễn Văn Cừ (KK),1047.2
31390928700890512538630765099,Lâm Đồng Vườn hoa - đối diện THCS Lam Sơn - Phường 6 - TP Đà Lạt (KK),37,29196010501691076420299004774,Bắc Ninh TT Quan trắc - phường Suối Hoa - TP Bắc Ninh (KK),1057.01
31390928700890512538630765099,Lâm Đồng Vườn hoa - đối diện THCS Lam Sơn - Phường 6 - TP Đà Lạt (KK),38,28505268571336961948594948504,Phú Thọ đường Hùng Vương - Tp Việt Trì (KK),1093.34
31390928700890512538630765099,Lâm Đồng Vườn hoa - đối diện THCS Lam Sơn - Phường 6 - TP Đà Lạt (KK),39,31651502905690497791503780869,Thái Nguyên Sân vận động Gang thép - P Trung Thành - TP Thái Nguyên (KK),1100.11
31390932574706768021562473002,Long An UBND Tp Tân An - 76 Hùng Vương - P.2 (KK),1,31390912357075263208060500522,HCM Khu Liên cơ quan Bộ Tài Nguyên và Môi Trường - số 20 Đ. Lý Chính Thắng (KK),40.67
31390932574706768021562473002,Long An UBND Tp Tân An - 76 Hùng Vương - P.2 (KK),2,31390916083317566102523755051,HCM Đ. Lê Hữu Kiều - P. Bình Trưng Tây - Quận 2 (Ngã ba Lê Hữu Kiểu và Trương Văn Bang) (KK),46.72
31390932574706768021562473002,Long An UBND Tp Tân An - 76 Hùng Vương - P.2 (KK),3,29996239538320865599553202177,Tây Ninh Thị xã Trảng Bàng (KK),54.88
31390932574706768021562473002,Long An UBND Tp Tân An - 76 Hùng Vương - P.2 (KK),4,31388839920718814259329251882,"Bình Dương số 593 Đại lộ Bình Dương, P. Hiệp Thành (KK)",57.47
31390932574706768021562473002,Long An UBND Tp Tân An - 76 Hùng Vương - P.2 (KK),5,31390965631272148257054013994,Vũng Tàu Đ. Huyền Trân Công Chúa - Phường 8 - TP Vũng Tàu,95.13
31390932574706768021562473002,Long An UBND Tp Tân An - 76 Hùng Vương - P.2 (KK),6,29098314940209976158571475636,"Trà Vinh xã Dân Thành, TX Duyên Hải (KK)",105.27
31390932574706768021562473002,Long An UBND Tp Tân An - 76 Hùng Vương - P.2 (KK),7,29098319146067624969113973428,"Trà Vinh xã Đông Hải, huyện Duyên Hải (KK)",107.53
31390932574706768021562473002,Long An UBND Tp Tân An - 76 Hùng Vương - P.2 (KK),8,30991938797551443885460120607,"Sóc Trăng Sở TNMT - 16 Hùng Vương, P.6, Tp. Sóc Trăng (KK)",113.49
31390932574706768021562473002,Long An UBND Tp Tân An - 76 Hùng Vương - P.2 (KK),9,31390928700890512538630765099,Lâm Đồng Vườn hoa - đối diện THCS Lam Sơn - Phường 6 - TP Đà Lạt (KK),271.07
31390932574706768021562473002,Long An UBND Tp Tân An - 76 Hùng Vương - P.2 (KK),10,31390939012620449761949792810,Ninh Thuận Công viên (bến xe cũ) - Đ. Thống Nhất - P. Thanh Sơn - TP Phan Rang (KK),304.85
31390932574706768021562473002,Long An UBND Tp Tân An - 76 Hùng Vương - P.2 (KK),11,29544533341424688633522251105,Gia Lai KCN Trà Đa - Tp Pleiku (KK),425.41
31390932574706768021562473002,Long An UBND Tp Tân An - 76 Hùng Vương - P.2 (KK),12,31570631866920915749872483233,Bình Định huyện Tuy Phước (KK),471.2
31390932574706768021562473002,Long An UBND Tp Tân An - 76 Hùng Vương - P.2 (KK),13,31388836637198369136462150188,Bình Định Khuôn viên Cây xanh gần cầu chui đường Hoa Lư - TP. Quy Nhơn (KK),473.16
31390932574706768021562473002,Long An UBND Tp Tân An - 76 Hùng Vương - P.2 (KK),14,31390951371938979254287350314,Quảng Ngãi UBND P. Nguyễn Nghiêm - TP Quảng Ngãi (KK),572.0
31390932574706768021562473002,Long An UBND Tp Tân An - 76 Hùng Vương - P.2 (KK),15,31390944251495766704153049642,Quảng Nam Tiếp giáp Đ. Hùng Vương - KDC Đ. Hồ Xuân Hương (KK),602.31
31390932574706768021562473002,Long An UBND Tp Tân An - 76 Hùng Vương - P.2 (KK),16,31616865099255512061948816121,Đà Nẵng Phạm Hùng (KK),637.34
31390932574706768021562473002,Long An UBND Tp Tân An - 76 Hùng Vương - P.2 (KK),17,31388851800421997746903202346,Đà Nẵng Khuôn viên trường ĐH sư phạm Đà Nẵng (KK),642.78
31390932574706768021562473002,Long An UBND Tp Tân An - 76 Hùng Vương - P.2 (KK),18,28505272740301122608933325208,Đà Nẵng 41 đường Lê Duẩn (KK),645.9
31390932574706768021562473002,Long An UBND Tp Tân An - 76 Hùng Vương - P.2 (KK),19,31390957404024291365397346858,Thái Bình Cầu Thái Bình - Đ. Trần Thái Tông - P. Bồ Xuyên - TP Thái Bình (KK),1102.93
31390932574706768021562473002,Long An UBND Tp Tân An - 76 Hùng Vương - P.2 (KK),20,29203727697074312726675247132,"Thái Bình xã Thái Thọ, huyện Thái Thụy (KK)",1103.4
31390932574706768021562473002,Long An UBND Tp Tân An - 76 Hùng Vương - P.2 (KK),21,31388883344354363840031242796,Hà Nam Công Viên Nam Cao - P.Quang Trung - TP. Phủ Lý (KK),1112.83
31390932574706768021562473002,Long An UBND Tp Tân An - 76 Hùng Vương - P.2 (KK),22,31390921469766835629621918251,Hưng Yên số 437 Nguyễn Văn Linh - Tp Hưng Yên (KK),1126.2
31390932574706768021562473002,Long An UBND Tp Tân An - 76 Hùng Vương - P.2 (KK),23,31388868531618872623864101418,Hải Dương UBND TP. Hải Dương - 106 Đường Trần Hưng Đạo (KK),1156.34
31390932574706768021562473002,Long An UBND Tp Tân An - 76 Hùng Vương - P.2 (KK),24,28602897318711027016899843809,Quảng Ninh Nhà máy tuyển than Nam Cầu Trắng - Hạ Long (KK),1159.72
31390932574706768021562473002,Long An UBND Tp Tân An - 76 Hùng Vương - P.2 (KK),25,29518852005686198968139908531,Quảng Ninh Gần KCN Cái Lân (KK),1162.15
31390932574706768021562473002,Long An UBND Tp Tân An - 76 Hùng Vương - P.2 (KK),26,29518872592252585279589451187,Quảng Ninh Km11 - Minh Thành (KK),1164.9
31390932574706768021562473002,Long An UBND Tp Tân An - 76 Hùng Vương - P.2 (KK),27,31390903576425084107499649578,Hà Nội ĐHBK cổng Parabol đường Giải Phóng (KK),1165.33
31390932574706768021562473002,Long An UBND Tp Tân An - 76 Hùng Vương - P.2 (KK),28,31390908889087377344742439468,Hà Nội Công viên Nhân Chính - Khuất Duy Tiến (KK),1165.37
31390932574706768021562473002,Long An UBND Tp Tân An - 76 Hùng Vương - P.2 (KK),29,28916774462801800655608897080,Bắc Ninh UBND xã Xuân Lâm - Thuận Thành (KK),1166.64
31390932574706768021562473002,Long An UBND Tp Tân An - 76 Hùng Vương - P.2 (KK),30,28916504310234840885489983032,Bắc Ninh Khu liên cơ Thuận Thành - thị trấn Hồ (KK),1166.9
31390932574706768021562473002,Long An UBND Tp Tân An - 76 Hùng Vương - P.2 (KK),31,28602837126985114455002404577,Quảng Ninh UBND TP Uông Bí (KK),1167.81
31390932574706768021562473002,Long An UBND Tp Tân An - 76 Hùng Vương - P.2 (KK),32,29518839738601389925132404147,"Quảng Ninh Trung tâm văn hóa thể thao Cẩm Phả, đường Trần Phú, phường Cẩm Trung (KK)",1167.93
31390932574706768021562473002,Long An UBND Tp Tân An - 76 Hùng Vương - P.2 (KK),33,28599103930259709512833128161,Quảng Ninh Phường Cẩm Thịnh - Cẩm Phả (KK),1168.24
31390932574706768021562473002,Long An UBND Tp Tân An - 76 Hùng Vương - P.2 (KK),34,28560877461938780203765592307,Hà Nội 556 Nguyễn Văn Cừ (KK),1169.99
31390932574706768021562473002,Long An UBND Tp Tân An - 76 Hùng Vương - P.2 (KK),35,29518885338952740244749551027,Quảng Ninh Nhuệ Hổ - Đông Triều (KK),1171.09
31390932574706768021562473002,Long An UBND Tp Tân An - 76 Hùng Vương - P.2 (KK),36,29196021237696127337075448678,Bắc Ninh UBND xã Cao Đức - Gia Bình (KK),1172.53
31390932574706768021562473002,Long An UBND Tp Tân An - 76 Hùng Vương - P.2 (KK),37,29196010501691076420299004774,Bắc Ninh TT Quan trắc - phường Suối Hoa - TP Bắc Ninh (KK),1184.55
31390932574706768021562473002,Long An UBND Tp Tân An - 76 Hùng Vương - P.2 (KK),38,28505268571336961948594948504,Phú Thọ đường Hùng Vương - Tp Việt Trì (KK),1205.94
31390932574706768021562473002,Long An UBND Tp Tân An - 76 Hùng Vương - P.2 (KK),39,31651502905690497791503780869,Thái Nguyên Sân vận động Gang thép - P Trung Thành - TP Thái Nguyên (KK),1224.46
31390939012620449761949792810,Ninh Thuận Công viên (bến xe cũ) - Đ. Thống Nhất - P. Thanh Sơn - TP Phan Rang (KK),1,31390928700890512538630765099,Lâm Đồng Vườn hoa - đối diện THCS Lam Sơn - Phường 6 - TP Đà Lạt (KK),74.3
31390939012620449761949792810,Ninh Thuận Công viên (bến xe cũ) - Đ. Thống Nhất - P. Thanh Sơn - TP Phan Rang (KK),2,31390965631272148257054013994,Vũng Tàu Đ. Huyền Trân Công Chúa - Phường 8 - TP Vũng Tàu,222.55
31390939012620449761949792810,Ninh Thuận Công viên (bến xe cũ) - Đ. Thống Nhất - P. Thanh Sơn - TP Phan Rang (KK),3,31570631866920915749872483233,Bình Định huyện Tuy Phước (KK),244.58
31390939012620449761949792810,Ninh Thuận Công viên (bến xe cũ) - Đ. Thống Nhất - P. Thanh Sơn - TP Phan Rang (KK),4,31388836637198369136462150188,Bình Định Khuôn viên Cây xanh gần cầu chui đường Hoa Lư - TP. Quy Nhơn (KK),247.15
31390939012620449761949792810,Ninh Thuận Công viên (bến xe cũ) - Đ. Thống Nhất - P. Thanh Sơn - TP Phan Rang (KK),5,31390916083317566102523755051,HCM Đ. Lê Hữu Kiều - P. Bình Trưng Tây - Quận 2 (Ngã ba Lê Hữu Kiểu và Trương Văn Bang) (KK),259.57
31390939012620449761949792810,Ninh Thuận Công viên (bến xe cũ) - Đ. Thống Nhất - P. Thanh Sơn - TP Phan Rang (KK),6,31388839920718814259329251882,"Bình Dương số 593 Đại lộ Bình Dương, P. Hiệp Thành (KK)",262.59
31390939012620449761949792810,Ninh Thuận Công viên (bến xe cũ) - Đ. Thống Nhất - P. Thanh Sơn - TP Phan Rang (KK),7,31390912357075263208060500522,HCM Khu Liên cơ quan Bộ Tài Nguyên và Môi Trường - số 20 Đ. Lý Chính Thắng (KK),266.8
31390939012620449761949792810,Ninh Thuận Công viên (bến xe cũ) - Đ. Thống Nhất - P. Thanh Sơn - TP Phan Rang (KK),8,29544533341424688633522251105,Gia Lai KCN Trà Đa - Tp Pleiku (KK),290.91
31390939012620449761949792810,Ninh Thuận Công viên (bến xe cũ) - Đ. Thống Nhất - P. Thanh Sơn - TP Phan Rang (KK),9,29996239538320865599553202177,Tây Ninh Thị xã Trảng Bàng (KK),293.7
31390939012620449761949792810,Ninh Thuận Công viên (bến xe cũ) - Đ. Thống Nhất - P. Thanh Sơn - TP Phan Rang (KK),10,31390932574706768021562473002,Long An UBND Tp Tân An - 76 Hùng Vương - P.2 (KK),304.85
31390939012620449761949792810,Ninh Thuận Công viên (bến xe cũ) - Đ. Thống Nhất - P. Thanh Sơn - TP Phan Rang (KK),11,29098314940209976158571475636,"Trà Vinh xã Dân Thành, TX Duyên Hải (KK)",348.14
31390939012620449761949792810,Ninh Thuận Công viên (bến xe cũ) - Đ. Thống Nhất - P. Thanh Sơn - TP Phan Rang (KK),12,29098319146067624969113973428,"Trà Vinh xã Đông Hải, huyện Duyên Hải (KK)",352.51
31390939012620449761949792810,Ninh Thuận Công viên (bến xe cũ) - Đ. Thống Nhất - P. Thanh Sơn - TP Phan Rang (KK),13,31390951371938979254287350314,Quảng Ngãi UBND P. Nguyễn Nghiêm - TP Quảng Ngãi (KK),394.98
31390939012620449761949792810,Ninh Thuận Công viên (bến xe cũ) - Đ. Thống Nhất - P. Thanh Sơn - TP Phan Rang (KK),14,30991938797551443885460120607,"Sóc Trăng Sở TNMT - 16 Hùng Vương, P.6, Tp. Sóc Trăng (KK)",395.89
31390939012620449761949792810,Ninh Thuận Công viên (bến xe cũ) - Đ. Thống Nhất - P. Thanh Sơn - TP Phan Rang (KK),15,31390944251495766704153049642,Quảng Nam Tiếp giáp Đ. Hùng Vương - KDC Đ. Hồ Xuân Hương (KK),446.85
31390939012620449761949792810,Ninh Thuận Công viên (bến xe cũ) - Đ. Thống Nhất - P. Thanh Sơn - TP Phan Rang (KK),16,31616865099255512061948816121,Đà Nẵng Phạm Hùng (KK),499.01
31390939012620449761949792810,Ninh Thuận Công viên (bến xe cũ) - Đ. Thống Nhất - P. Thanh Sơn - TP Phan Rang (KK),17,31388851800421997746903202346,Đà Nẵng Khuôn viên trường ĐH sư phạm Đà Nẵng (KK),507.14
31390939012620449761949792810,Ninh Thuận Công viên (bến xe cũ) - Đ. Thống Nhất - P. Thanh Sơn - TP Phan Rang (KK),18,28505272740301122608933325208,Đà Nẵng 41 đường Lê Duẩn (KK),507.37
31390939012620449761949792810,Ninh Thuận Công viên (bến xe cũ) - Đ. Thống Nhất - P. Thanh Sơn - TP Phan Rang (KK),19,29203727697074312726675247132,"Thái Bình xã Thái Thọ, huyện Thái Thụy (KK)",1023.0
31390939012620449761949792810,Ninh Thuận Công viên (bến xe cũ) - Đ. Thống Nhất - P. Thanh Sơn - TP Phan Rang (KK),20,31390957404024291365397346858,Thái Bình Cầu Thái Bình - Đ. Trần Thái Tông - P. Bồ Xuyên - TP Thái Bình (KK),1027.52
31390939012620449761949792810,Ninh Thuận Công viên (bến xe cũ) - Đ. Thống Nhất - P. Thanh Sơn - TP Phan Rang (KK),21,31388883344354363840031242796,Hà Nam Công Viên Nam Cao - P.Quang Trung - TP. Phủ Lý (KK),1049.25
31390939012620449761949792810,Ninh Thuận Công viên (bến xe cũ) - Đ. Thống Nhất - P. Thanh Sơn - TP Phan Rang (KK),22,31390921469766835629621918251,Hưng Yên số 437 Nguyễn Văn Linh - Tp Hưng Yên (KK),1057.9
31390939012620449761949792810,Ninh Thuận Công viên (bến xe cũ) - Đ. Thống Nhất - P. Thanh Sơn - TP Phan Rang (KK),23,28602897318711027016899843809,Quảng Ninh Nhà máy tuyển than Nam Cầu Trắng - Hạ Long (KK),1060.81
31390939012620449761949792810,Ninh Thuận Công viên (bến xe cũ) - Đ. Thống Nhất - P. Thanh Sơn - TP Phan Rang (KK),24,28599103930259709512833128161,Quảng Ninh Phường Cẩm Thịnh - Cẩm Phả (KK),1063.5
31390939012620449761949792810,Ninh Thuận Công viên (bến xe cũ) - Đ. Thống Nhất - P. Thanh Sơn - TP Phan Rang (KK),25,29518839738601389925132404147,"Quảng Ninh Trung tâm văn hóa thể thao Cẩm Phả, đường Trần Phú, phường Cẩm Trung (KK)",1065.06
31390939012620449761949792810,Ninh Thuận Công viên (bến xe cũ) - Đ. Thống Nhất - P. Thanh Sơn - TP Phan Rang (KK),26,29518852005686198968139908531,Quảng Ninh Gần KCN Cái Lân (KK),1065.54
31390939012620449761949792810,Ninh Thuận Công viên (bến xe cũ) - Đ. Thống Nhất - P. Thanh Sơn - TP Phan Rang (KK),27,29518872592252585279589451187,Quảng Ninh Km11 - Minh Thành (KK),1073.21
31390939012620449761949792810,Ninh Thuận Công viên (bến xe cũ) - Đ. Thống Nhất - P. Thanh Sơn - TP Phan Rang (KK),28,28602837126985114455002404577,Quảng Ninh UBND TP Uông Bí (KK),1078.61
31390939012620449761949792810,Ninh Thuận Công viên (bến xe cũ) - Đ. Thống Nhất - P. Thanh Sơn - TP Phan Rang (KK),29,31388868531618872623864101418,Hải Dương UBND TP. Hải Dương - 106 Đường Trần Hưng Đạo (KK),1079.09
31390939012620449761949792810,Ninh Thuận Công viên (bến xe cũ) - Đ. Thống Nhất - P. Thanh Sơn - TP Phan Rang (KK),30,29518885338952740244749551027,Quảng Ninh Nhuệ Hổ - Đông Triều (KK),1087.39
31390939012620449761949792810,Ninh Thuận Công viên (bến xe cũ) - Đ. Thống Nhất - P. Thanh Sơn - TP Phan Rang (KK),31,29196021237696127337075448678,Bắc Ninh UBND xã Cao Đức - Gia Bình (KK),1096.17
31390939012620449761949792810,Ninh Thuận Công viên (bến xe cũ) - Đ. Thống Nhất - P. Thanh Sơn - TP Phan Rang (KK),32,28916504310234840885489983032,Bắc Ninh Khu liên cơ Thuận Thành - thị trấn Hồ (KK),1097.44
31390939012620449761949792810,Ninh Thuận Công viên (bến xe cũ) - Đ. Thống Nhất - P. Thanh Sơn - TP Phan Rang (KK),33,28916774462801800655608897080,Bắc Ninh UBND xã Xuân Lâm - Thuận Thành (KK),1097.66
31390939012620449761949792810,Ninh Thuận Công viên (bến xe cũ) - Đ. Thống Nhất - P. Thanh Sơn - TP Phan Rang (KK),34,31390903576425084107499649578,Hà Nội ĐHBK cổng Parabol đường Giải Phóng (KK),1101.17
31390939012620449761949792810,Ninh Thuận Công viên (bến xe cũ) - Đ. Thống Nhất - P. Thanh Sơn - TP Phan Rang (KK),35,31390908889087377344742439468,Hà Nội Công viên Nhân Chính - Khuất Duy Tiến (KK),1102.49
31390939012620449761949792810,Ninh Thuận Công viên (bến xe cũ) - Đ. Thống Nhất - P. Thanh Sơn - TP Phan Rang (KK),36,28560877461938780203765592307,Hà Nội 556 Nguyễn Văn Cừ (KK),1104.49
31390939012620449761949792810,Ninh Thuận Công viên (bến xe cũ) - Đ. Thống Nhất - P. Thanh Sơn - TP Phan Rang (KK),37,29196010501691076420299004774,Bắc Ninh TT Quan trắc - phường Suối Hoa - TP Bắc Ninh (KK),1113.27
31390939012620449761949792810,Ninh Thuận Công viên (bến xe cũ) - Đ. Thống Nhất - P. Thanh Sơn - TP Phan Rang (KK),38,28505268571336961948594948504,Phú Thọ đường Hùng Vương - Tp Việt Trì (KK),1152.37
31390939012620449761949792810,Ninh Thuận Công viên (bến xe cũ) - Đ. Thống Nhất - P. Thanh Sơn - TP Phan Rang (KK),39,31651502905690497791503780869,Thái Nguyên Sân vận động Gang thép - P Trung Thành - TP Thái Nguyên (KK),1156.78
31390944251495766704153049642,Quảng Nam Tiếp giáp Đ. Hùng Vương - KDC Đ. Hồ Xuân Hương (KK),1,31616865099255512061948816121,Đà Nẵng Phạm Hùng (KK),56.8
31390944251495766704153049642,Quảng Nam Tiếp giáp Đ. Hùng Vương - KDC Đ. Hồ Xuân Hương (KK),2,31390951371938979254287350314,Quảng Ngãi UBND P. Nguyễn Nghiêm - TP Quảng Ngãi (KK),59.68
31390944251495766704153049642,Quảng Nam Tiếp giáp Đ. Hùng Vương - KDC Đ. Hồ Xuân Hương (KK),3,28505272740301122608933325208,Đà Nẵng 41 đường Lê Duẩn (KK),63.83
31390944251495766704153049642,Quảng Nam Tiếp giáp Đ. Hùng Vương - KDC Đ. Hồ Xuân Hương (KK),4,31388851800421997746903202346,Đà Nẵng Khuôn viên trường ĐH sư phạm Đà Nẵng (KK),65.76
31390944251495766704153049642,Quảng Nam Tiếp giáp Đ. Hùng Vương - KDC Đ. Hồ Xuân Hương (KK),5,29544533341424688633522251105,Gia Lai KCN Trà Đa - Tp Pleiku (KK),178.47
31390944251495766704153049642,Quảng Nam Tiếp giáp Đ. Hùng Vương - KDC Đ. Hồ Xuân Hương (KK),6,31388836637198369136462150188,Bình Định Khuôn viên Cây xanh gần cầu chui đường Hoa Lư - TP. Quy Nhơn (KK),212.74
31390944251495766704153049642,Quảng Nam Tiếp giáp Đ. Hùng Vương - KDC Đ. Hồ Xuân Hương (KK),7,31570631866920915749872483233,Bình Định huyện Tuy Phước (KK),215.14
31390944251495766704153049642,Quảng Nam Tiếp giáp Đ. Hùng Vương - KDC Đ. Hồ Xuân Hương (KK),8,31390928700890512538630765099,Lâm Đồng Vườn hoa - đối diện THCS Lam Sơn - Phường 6 - TP Đà Lạt (KK),401.39
31390944251495766704153049642,Quảng Nam Tiếp giáp Đ. Hùng Vương - KDC Đ. Hồ Xuân Hương (KK),9,31390939012620449761949792810,Ninh Thuận Công viên (bến xe cũ) - Đ. Thống Nhất - P. Thanh Sơn - TP Phan Rang (KK),446.85
31390944251495766704153049642,Quảng Nam Tiếp giáp Đ. Hùng Vương - KDC Đ. Hồ Xuân Hương (KK),10,31388839920718814259329251882,"Bình Dương số 593 Đại lộ Bình Dương, P. Hiệp Thành (KK)",545.31
31390944251495766704153049642,Quảng Nam Tiếp giáp Đ. Hùng Vương - KDC Đ. Hồ Xuân Hương (KK),11,29996239538320865599553202177,Tây Ninh Thị xã Trảng Bàng (KK),554.14
31390944251495766704153049642,Quảng Nam Tiếp giáp Đ. Hùng Vương - KDC Đ. Hồ Xuân Hương (KK),12,31390916083317566102523755051,HCM Đ. Lê Hữu Kiều - P. Bình Trưng Tây - Quận 2 (Ngã ba Lê Hữu Kiểu và Trương Văn Bang) (KK),563.56
31390944251495766704153049642,Quảng Nam Tiếp giáp Đ. Hùng Vương - KDC Đ. Hồ Xuân Hương (KK),13,31390912357075263208060500522,HCM Khu Liên cơ quan Bộ Tài Nguyên và Môi Trường - số 20 Đ. Lý Chính Thắng (KK),566.22
31390944251495766704153049642,Quảng Nam Tiếp giáp Đ. Hùng Vương - KDC Đ. Hồ Xuân Hương (KK),14,31390965631272148257054013994,Vũng Tàu Đ. Huyền Trân Công Chúa - Phường 8 - TP Vũng Tàu,578.49
31390944251495766704153049642,Quảng Nam Tiếp giáp Đ. Hùng Vương - KDC Đ. Hồ Xuân Hương (KK),15,29203727697074312726675247132,"Thái Bình xã Thái Thọ, huyện Thái Thụy (KK)",583.24
31390944251495766704153049642,Quảng Nam Tiếp giáp Đ. Hùng Vương - KDC Đ. Hồ Xuân Hương (KK),16,31390957404024291365397346858,Thái Bình Cầu Thái Bình - Đ. Trần Thái Tông - P. Bồ Xuyên - TP Thái Bình (KK),589.63
31390944251495766704153049642,Quảng Nam Tiếp giáp Đ. Hùng Vương - KDC Đ. Hồ Xuân Hương (KK),17,31390932574706768021562473002,Long An UBND Tp Tân An - 76 Hùng Vương - P.2 (KK),602.31
31390944251495766704153049642,Quảng Nam Tiếp giáp Đ. Hùng Vương - KDC Đ. Hồ Xuân Hương (KK),18,28602897318711027016899843809,Quảng Ninh Nhà máy tuyển than Nam Cầu Trắng - Hạ Long (KK),615.47
31390944251495766704153049642,Quảng Nam Tiếp giáp Đ. Hùng Vương - KDC Đ. Hồ Xuân Hương (KK),19,31388883344354363840031242796,Hà Nam Công Viên Nam Cao - P.Quang Trung - TP. Phủ Lý (KK),616.21
31390944251495766704153049642,Quảng Nam Tiếp giáp Đ. Hùng Vương - KDC Đ. Hồ Xuân Hương (KK),20,28599103930259709512833128161,Quảng Ninh Phường Cẩm Thịnh - Cẩm Phả (KK),617.29
31390944251495766704153049642,Quảng Nam Tiếp giáp Đ. Hùng Vương - KDC Đ. Hồ Xuân Hương (KK),21,29518839738601389925132404147,"Quảng Ninh Trung tâm văn hóa thể thao Cẩm Phả, đường Trần Phú, phường Cẩm Trung (KK)",619.08
31390944251495766704153049642,Quảng Nam Tiếp giáp Đ. Hùng Vương - KDC Đ. Hồ Xuân Hương (KK),22,29518852005686198968139908531,Quảng Ninh Gần KCN Cái Lân (KK),620.59
31390944251495766704153049642,Quảng Nam Tiếp giáp Đ. Hùng Vương - KDC Đ. Hồ Xuân Hương (KK),23,31390921469766835629621918251,Hưng Yên số 437 Nguyễn Văn Linh - Tp Hưng Yên (KK),622.37
31390944251495766704153049642,Quảng Nam Tiếp giáp Đ. Hùng Vương - KDC Đ. Hồ Xuân Hương (KK),24,29518872592252585279589451187,Quảng Ninh Km11 - Minh Thành (KK),629.26
31390944251495766704153049642,Quảng Nam Tiếp giáp Đ. Hùng Vương - KDC Đ. Hồ Xuân Hương (KK),25,28602837126985114455002404577,Quảng Ninh UBND TP Uông Bí (KK),635.22
31390944251495766704153049642,Quảng Nam Tiếp giáp Đ. Hùng Vương - KDC Đ. Hồ Xuân Hương (KK),26,31388868531618872623864101418,Hải Dương UBND TP. Hải Dương - 106 Đường Trần Hưng Đạo (KK),639.45
31390944251495766704153049642,Quảng Nam Tiếp giáp Đ. Hùng Vương - KDC Đ. Hồ Xuân Hương (KK),27,29518885338952740244749551027,Quảng Ninh Nhuệ Hổ - Đông Triều (KK),645.45
31390944251495766704153049642,Quảng Nam Tiếp giáp Đ. Hùng Vương - KDC Đ. Hồ Xuân Hương (KK),28,29196021237696127337075448678,Bắc Ninh UBND xã Cao Đức - Gia Bình (KK),656.55
31390944251495766704153049642,Quảng Nam Tiếp giáp Đ. Hùng Vương - KDC Đ. Hồ Xuân Hương (KK),29,28916504310234840885489983032,Bắc Ninh Khu liên cơ Thuận Thành - thị trấn Hồ (KK),660.52
31390944251495766704153049642,Quảng Nam Tiếp giáp Đ. Hùng Vương - KDC Đ. Hồ Xuân Hương (KK),30,28916774462801800655608897080,Bắc Ninh UBND xã Xuân Lâm - Thuận Thành (KK),660.93
31390944251495766704153049642,Quảng Nam Tiếp giáp Đ. Hùng Vương - KDC Đ. Hồ Xuân Hương (KK),31,31390903576425084107499649578,Hà Nội ĐHBK cổng Parabol đường Giải Phóng (KK),666.51
31390944251495766704153049642,Quảng Nam Tiếp giáp Đ. Hùng Vương - KDC Đ. Hồ Xuân Hương (KK),32,31390908889087377344742439468,Hà Nội Công viên Nhân Chính - Khuất Duy Tiến (KK),668.39
31390944251495766704153049642,Quảng Nam Tiếp giáp Đ. Hùng Vương - KDC Đ. Hồ Xuân Hương (KK),33,28560877461938780203765592307,Hà Nội 556 Nguyễn Văn Cừ (KK),669.14
31390944251495766704153049642,Quảng Nam Tiếp giáp Đ. Hùng Vương - KDC Đ. Hồ Xuân Hương (KK),34,29196010501691076420299004774,Bắc Ninh TT Quan trắc - phường Suối Hoa - TP Bắc Ninh (KK),675.29
31390944251495766704153049642,Quảng Nam Tiếp giáp Đ. Hùng Vương - KDC Đ. Hồ Xuân Hương (KK),35,29098314940209976158571475636,"Trà Vinh xã Dân Thành, TX Duyên Hải (KK)",696.53
31390944251495766704153049642,Quảng Nam Tiếp giáp Đ. Hùng Vương - KDC Đ. Hồ Xuân Hương (KK),36,29098319146067624969113973428,"Trà Vinh xã Đông Hải, huyện Duyên Hải (KK)",700.1
31390944251495766704153049642,Quảng Nam Tiếp giáp Đ. Hùng Vương - KDC Đ. Hồ Xuân Hương (KK),37,30991938797551443885460120607,"Sóc Trăng Sở TNMT - 16 Hùng Vương, P.6, Tp. Sóc Trăng (KK)",715.65
31390944251495766704153049642,Quảng Nam Tiếp giáp Đ. Hùng Vương - KDC Đ. Hồ Xuân Hương (KK),38,31651502905690497791503780869,Thái Nguyên Sân vận động Gang thép - P Trung Thành - TP Thái Nguyên (KK),719.45
31390944251495766704153049642,Quảng Nam Tiếp giáp Đ. Hùng Vương - KDC Đ. Hồ Xuân Hương (KK),39,28505268571336961948594948504,Phú Thọ đường Hùng Vương - Tp Việt Trì (KK),721.62
31390951371938979254287350314,Quảng Ngãi UBND P. Nguyễn Nghiêm - TP Quảng Ngãi (KK),1,31390944251495766704153049642,Quảng Nam Tiếp giáp Đ. Hùng Vương - KDC Đ. Hồ Xuân Hương (KK),59.68
31390951371938979254287350314,Quảng Ngãi UBND P. Nguyễn Nghiêm - TP Quảng Ngãi (KK),2,31616865099255512061948816121,Đà Nẵng Phạm Hùng (KK),116.44
31390951371938979254287350314,Quảng Ngãi UBND P. Nguyễn Nghiêm - TP Quảng Ngãi (KK),3,28505272740301122608933325208,Đà Nẵng 41 đường Lê Duẩn (KK),123.21
31390951371938979254287350314,Quảng Ngãi UBND P. Nguyễn Nghiêm - TP Quảng Ngãi (KK),4,31388851800421997746903202346,Đà Nẵng Khuôn viên trường ĐH sư phạm Đà Nẵng (KK),125.4
31390951371938979254287350314,Quảng Ngãi UBND P. Nguyễn Nghiêm - TP Quảng Ngãi (KK),5,29544533341424688633522251105,Gia Lai KCN Trà Đa - Tp Pleiku (KK),147.98
31390951371938979254287350314,Quảng Ngãi UBND P. Nguyễn Nghiêm - TP Quảng Ngãi (KK),6,31388836637198369136462150188,Bình Định Khuôn viên Cây xanh gần cầu chui đường Hoa Lư - TP. Quy Nhơn (KK),155.15
31390951371938979254287350314,Quảng Ngãi UBND P. Nguyễn Nghiêm - TP Quảng Ngãi (KK),7,31570631866920915749872483233,Bình Định huyện Tuy Phước (KK),157.62
31390951371938979254287350314,Quảng Ngãi UBND P. Nguyễn Nghiêm - TP Quảng Ngãi (KK),8,31390928700890512538630765099,Lâm Đồng Vườn hoa - đối diện THCS Lam Sơn - Phường 6 - TP Đà Lạt (KK),354.61
31390951371938979254287350314,Quảng Ngãi UBND P. Nguyễn Nghiêm - TP Quảng Ngãi (KK),9,31390939012620449761949792810,Ninh Thuận Công viên (bến xe cũ) - Đ. Thống Nhất - P. Thanh Sơn - TP Phan Rang (KK),394.98
31390951371938979254287350314,Quảng Ngãi UBND P. Nguyễn Nghiêm - TP Quảng Ngãi (KK),10,31388839920718814259329251882,"Bình Dương số 593 Đại lộ Bình Dương, P. Hiệp Thành (KK)",514.56
31390951371938979254287350314,Quảng Ngãi UBND P. Nguyễn Nghiêm - TP Quảng Ngãi (KK),11,29996239538320865599553202177,Tây Ninh Thị xã Trảng Bàng (KK),526.47
31390951371938979254287350314,Quảng Ngãi UBND P. Nguyễn Nghiêm - TP Quảng Ngãi (KK),12,31390916083317566102523755051,HCM Đ. Lê Hữu Kiều - P. Bình Trưng Tây - Quận 2 (Ngã ba Lê Hữu Kiểu và Trương Văn Bang) (KK),531.06
31390951371938979254287350314,Quảng Ngãi UBND P. Nguyễn Nghiêm - TP Quảng Ngãi (KK),13,31390912357075263208060500522,HCM Khu Liên cơ quan Bộ Tài Nguyên và Môi Trường - số 20 Đ. Lý Chính Thắng (KK),534.37
31390951371938979254287350314,Quảng Ngãi UBND P. Nguyễn Nghiêm - TP Quảng Ngãi (KK),14,31390965631272148257054013994,Vũng Tàu Đ. Huyền Trân Công Chúa - Phường 8 - TP Vũng Tàu,540.41
31390951371938979254287350314,Quảng Ngãi UBND P. Nguyễn Nghiêm - TP Quảng Ngãi (KK),15,31390932574706768021562473002,Long An UBND Tp Tân An - 76 Hùng Vương - P.2 (KK),572.0
31390951371938979254287350314,Quảng Ngãi UBND P. Nguyễn Nghiêm - TP Quảng Ngãi (KK),16,29203727697074312726675247132,"Thái Bình xã Thái Thọ, huyện Thái Thụy (KK)",641.27
31390951371938979254287350314,Quảng Ngãi UBND P. Nguyễn Nghiêm - TP Quảng Ngãi (KK),17,31390957404024291365397346858,Thái Bình Cầu Thái Bình - Đ. Trần Thái Tông - P. Bồ Xuyên - TP Thái Bình (KK),648.02
31390951371938979254287350314,Quảng Ngãi UBND P. Nguyễn Nghiêm - TP Quảng Ngãi (KK),18,29098314940209976158571475636,"Trà Vinh xã Dân Thành, TX Duyên Hải (KK)",662.19
31390951371938979254287350314,Quảng Ngãi UBND P. Nguyễn Nghiêm - TP Quảng Ngãi (KK),19,29098319146067624969113973428,"Trà Vinh xã Đông Hải, huyện Duyên Hải (KK)",665.93
31390951371938979254287350314,Quảng Ngãi UBND P. Nguyễn Nghiêm - TP Quảng Ngãi (KK),20,28602897318711027016899843809,Quảng Ninh Nhà máy tuyển than Nam Cầu Trắng - Hạ Long (KK),671.34
31390951371938979254287350314,Quảng Ngãi UBND P. Nguyễn Nghiêm - TP Quảng Ngãi (KK),21,28599103930259709512833128161,Quảng Ninh Phường Cẩm Thịnh - Cẩm Phả (KK),672.37
31390951371938979254287350314,Quảng Ngãi UBND P. Nguyễn Nghiêm - TP Quảng Ngãi (KK),22,29518839738601389925132404147,"Quảng Ninh Trung tâm văn hóa thể thao Cẩm Phả, đường Trần Phú, phường Cẩm Trung (KK)",674.41
31390951371938979254287350314,Quảng Ngãi UBND P. Nguyễn Nghiêm - TP Quảng Ngãi (KK),23,31388883344354363840031242796,Hà Nam Công Viên Nam Cao - P.Quang Trung - TP. Phủ Lý (KK),675.21
31390951371938979254287350314,Quảng Ngãi UBND P. Nguyễn Nghiêm - TP Quảng Ngãi (KK),24,29518852005686198968139908531,Quảng Ninh Gần KCN Cái Lân (KK),676.71
31390951371938979254287350314,Quảng Ngãi UBND P. Nguyễn Nghiêm - TP Quảng Ngãi (KK),25,31390921469766835629621918251,Hưng Yên số 437 Nguyễn Văn Linh - Tp Hưng Yên (KK),681.08
31390951371938979254287350314,Quảng Ngãi UBND P. Nguyễn Nghiêm - TP Quảng Ngãi (KK),26,30991938797551443885460120607,"Sóc Trăng Sở TNMT - 16 Hùng Vương, P.6, Tp. Sóc Trăng (KK)",685.44
31390951371938979254287350314,Quảng Ngãi UBND P. Nguyễn Nghiêm - TP Quảng Ngãi (KK),27,29518872592252585279589451187,Quảng Ninh Km11 - Minh Thành (KK),685.91
31390951371938979254287350314,Quảng Ngãi UBND P. Nguyễn Nghiêm - TP Quảng Ngãi (KK),28,28602837126985114455002404577,Quảng Ninh UBND TP Uông Bí (KK),692.1
31390951371938979254287350314,Quảng Ngãi UBND P. Nguyễn Nghiêm - TP Quảng Ngãi (KK),29,31388868531618872623864101418,Hải Dương UBND TP. Hải Dương - 106 Đường Trần Hưng Đạo (KK),697.43
31390951371938979254287350314,Quảng Ngãi UBND P. Nguyễn Nghiêm - TP Quảng Ngãi (KK),30,29518885338952740244749551027,Quảng Ninh Nhuệ Hổ - Đông Triều (KK),702.83
31390951371938979254287350314,Quảng Ngãi UBND P. Nguyễn Nghiêm - TP Quảng Ngãi (KK),31,29196021237696127337075448678,Bắc Ninh UBND xã Cao Đức - Gia Bình (KK),714.52
31390951371938979254287350314,Quảng Ngãi UBND P. Nguyễn Nghiêm - TP Quảng Ngãi (KK),32,28916504310234840885489983032,Bắc Ninh Khu liên cơ Thuận Thành - thị trấn Hồ (KK),718.99
31390951371938979254287350314,Quảng Ngãi UBND P. Nguyễn Nghiêm - TP Quảng Ngãi (KK),33,28916774462801800655608897080,Bắc Ninh UBND xã Xuân Lâm - Thuận Thành (KK),719.43
31390951371938979254287350314,Quảng Ngãi UBND P. Nguyễn Nghiêm - TP Quảng Ngãi (KK),34,31390903576425084107499649578,Hà Nội ĐHBK cổng Parabol đường Giải Phóng (KK),725.28
31390951371938979254287350314,Quảng Ngãi UBND P. Nguyễn Nghiêm - TP Quảng Ngãi (KK),35,31390908889087377344742439468,Hà Nội Công viên Nhân Chính - Khuất Duy Tiến (KK),727.23
31390951371938979254287350314,Quảng Ngãi UBND P. Nguyễn Nghiêm - TP Quảng Ngãi (KK),36,28560877461938780203765592307,Hà Nội 556 Nguyễn Văn Cừ (KK),727.82
31390951371938979254287350314,Quảng Ngãi UBND P. Nguyễn Nghiêm - TP Quảng Ngãi (KK),37,29196010501691076420299004774,Bắc Ninh TT Quan trắc - phường Suối Hoa - TP Bắc Ninh (KK),733.56
31390951371938979254287350314,Quảng Ngãi UBND P. Nguyễn Nghiêm - TP Quảng Ngãi (KK),38,31651502905690497791503780869,Thái Nguyên Sân vận động Gang thép - P Trung Thành - TP Thái Nguyên (KK),777.79
31390951371938979254287350314,Quảng Ngãi UBND P. Nguyễn Nghiêm - TP Quảng Ngãi (KK),39,28505268571336961948594948504,Phú Thọ đường Hùng Vương - Tp Việt Trì (KK),780.74
31390957404024291365397346858,Thái Bình Cầu Thái Bình - Đ. Trần Thái Tông - P. Bồ Xuyên - TP Thái Bình (KK),1,29203727697074312726675247132,"Thái Bình xã Thái Thọ, huyện Thái Thụy (KK)",18.03
31390957404024291365397346858,Thái Bình Cầu Thái Bình - Đ. Trần Thái Tông - P. Bồ Xuyên - TP Thái Bình (KK),2,31390921469766835629621918251,Hưng Yên số 437 Nguyễn Văn Linh - Tp Hưng Yên (KK),37.35
31390957404024291365397346858,Thái Bình Cầu Thái Bình - Đ. Trần Thái Tông - P. Bồ Xuyên - TP Thái Bình (KK),3,31388883344354363840031242796,Hà Nam Công Viên Nam Cao - P.Quang Trung - TP. Phủ Lý (KK),45.42
31390957404024291365397346858,Thái Bình Cầu Thái Bình - Đ. Trần Thái Tông - P. Bồ Xuyên - TP Thái Bình (KK),4,31388868531618872623864101418,Hải Dương UBND TP. Hải Dương - 106 Đường Trần Hưng Đạo (KK),53.41
31390957404024291365397346858,Thái Bình Cầu Thái Bình - Đ. Trần Thái Tông - P. Bồ Xuyên - TP Thái Bình (KK),5,29196021237696127337075448678,Bắc Ninh UBND xã Cao Đức - Gia Bình (KK),69.85
31390957404024291365397346858,Thái Bình Cầu Thái Bình - Đ. Trần Thái Tông - P. Bồ Xuyên - TP Thái Bình (KK),6,28916504310234840885489983032,Bắc Ninh Khu liên cơ Thuận Thành - thị trấn Hồ (KK),71.05
31390957404024291365397346858,Thái Bình Cầu Thái Bình - Đ. Trần Thái Tông - P. Bồ Xuyên - TP Thái Bình (KK),7,29518885338952740244749551027,Quảng Ninh Nhuệ Hổ - Đông Triều (KK),71.55
31390957404024291365397346858,Thái Bình Cầu Thái Bình - Đ. Trần Thái Tông - P. Bồ Xuyên - TP Thái Bình (KK),8,28916774462801800655608897080,Bắc Ninh UBND xã Xuân Lâm - Thuận Thành (KK),71.58
31390957404024291365397346858,Thái Bình Cầu Thái Bình - Đ. Trần Thái Tông - P. Bồ Xuyên - TP Thái Bình (KK),9,28602837126985114455002404577,Quảng Ninh UBND TP Uông Bí (KK),77.71
31390957404024291365397346858,Thái Bình Cầu Thái Bình - Đ. Trần Thái Tông - P. Bồ Xuyên - TP Thái Bình (KK),10,31390903576425084107499649578,Hà Nội ĐHBK cổng Parabol đường Giải Phóng (KK),80.19
31390957404024291365397346858,Thái Bình Cầu Thái Bình - Đ. Trần Thái Tông - P. Bồ Xuyên - TP Thái Bình (KK),11,29518872592252585279589451187,Quảng Ninh Km11 - Minh Thành (KK),81.16
31390957404024291365397346858,Thái Bình Cầu Thái Bình - Đ. Trần Thái Tông - P. Bồ Xuyên - TP Thái Bình (KK),12,28560877461938780203765592307,Hà Nội 556 Nguyễn Văn Cừ (KK),81.37
31390957404024291365397346858,Thái Bình Cầu Thái Bình - Đ. Trần Thái Tông - P. Bồ Xuyên - TP Thái Bình (KK),13,31390908889087377344742439468,Hà Nội Công viên Nhân Chính - Khuất Duy Tiến (KK),83.28
31390957404024291365397346858,Thái Bình Cầu Thái Bình - Đ. Trần Thái Tông - P. Bồ Xuyên - TP Thái Bình (KK),14,29196010501691076420299004774,Bắc Ninh TT Quan trắc - phường Suối Hoa - TP Bắc Ninh (KK),85.83
31390957404024291365397346858,Thái Bình Cầu Thái Bình - Đ. Trần Thái Tông - P. Bồ Xuyên - TP Thái Bình (KK),15,29518852005686198968139908531,Quảng Ninh Gần KCN Cái Lân (KK),92.61
31390957404024291365397346858,Thái Bình Cầu Thái Bình - Đ. Trần Thái Tông - P. Bồ Xuyên - TP Thái Bình (KK),16,28602897318711027016899843809,Quảng Ninh Nhà máy tuyển than Nam Cầu Trắng - Hạ Long (KK),98.19
31390957404024291365397346858,Thái Bình Cầu Thái Bình - Đ. Trần Thái Tông - P. Bồ Xuyên - TP Thái Bình (KK),17,29518839738601389925132404147,"Quảng Ninh Trung tâm văn hóa thể thao Cẩm Phả, đường Trần Phú, phường Cẩm Trung (KK)",114.52
31390957404024291365397346858,Thái Bình Cầu Thái Bình - Đ. Trần Thái Tông - P. Bồ Xuyên - TP Thái Bình (KK),18,28599103930259709512833128161,Quảng Ninh Phường Cẩm Thịnh - Cẩm Phả (KK),120.57
31390957404024291365397346858,Thái Bình Cầu Thái Bình - Đ. Trần Thái Tông - P. Bồ Xuyên - TP Thái Bình (KK),19,31651502905690497791503780869,Thái Nguyên Sân vận động Gang thép - P Trung Thành - TP Thái Nguyên (KK),129.84
31390957404024291365397346858,Thái Bình Cầu Thái Bình - Đ. Trần Thái Tông - P. Bồ Xuyên - TP Thái Bình (KK),20,28505268571336961948594948504,Phú Thọ đường Hùng Vương - Tp Việt Trì (KK),141.03
31390957404024291365397346858,Thái Bình Cầu Thái Bình - Đ. Trần Thái Tông - P. Bồ Xuyên - TP Thái Bình (KK),21,31388851800421997746903202346,Đà Nẵng Khuôn viên trường ĐH sư phạm Đà Nẵng (KK),524.98
31390957404024291365397346858,Thái Bình Cầu Thái Bình - Đ. Trần Thái Tông - P. Bồ Xuyên - TP Thái Bình (KK),22,28505272740301122608933325208,Đà Nẵng 41 đường Lê Duẩn (KK),526.03
31390957404024291365397346858,Thái Bình Cầu Thái Bình - Đ. Trần Thái Tông - P. Bồ Xuyên - TP Thái Bình (KK),23,31616865099255512061948816121,Đà Nẵng Phạm Hùng (KK),533.69
31390957404024291365397346858,Thái Bình Cầu Thái Bình - Đ. Trần Thái Tông - P. Bồ Xuyên - TP Thái Bình (KK),24,31390944251495766704153049642,Quảng Nam Tiếp giáp Đ. Hùng Vương - KDC Đ. Hồ Xuân Hương (KK),589.63
31390957404024291365397346858,Thái Bình Cầu Thái Bình - Đ. Trần Thái Tông - P. Bồ Xuyên - TP Thái Bình (KK),25,31390951371938979254287350314,Quảng Ngãi UBND P. Nguyễn Nghiêm - TP Quảng Ngãi (KK),648.02
31390957404024291365397346858,Thái Bình Cầu Thái Bình - Đ. Trần Thái Tông - P. Bồ Xuyên - TP Thái Bình (KK),26,29544533341424688633522251105,Gia Lai KCN Trà Đa - Tp Pleiku (KK),738.25
31390957404024291365397346858,Thái Bình Cầu Thái Bình - Đ. Trần Thái Tông - P. Bồ Xuyên - TP Thái Bình (KK),27,31388836637198369136462150188,Bình Định Khuôn viên Cây xanh gần cầu chui đường Hoa Lư - TP. Quy Nhơn (KK),802.36
31390957404024291365397346858,Thái Bình Cầu Thái Bình - Đ. Trần Thái Tông - P. Bồ Xuyên - TP Thái Bình (KK),28,31570631866920915749872483233,Bình Định huyện Tuy Phước (KK),804.76
31390957404024291365397346858,Thái Bình Cầu Thái Bình - Đ. Trần Thái Tông - P. Bồ Xuyên - TP Thái Bình (KK),29,31390928700890512538630765099,Lâm Đồng Vườn hoa - đối diện THCS Lam Sơn - Phường 6 - TP Đà Lạt (KK),971.54
31390957404024291365397346858,Thái Bình Cầu Thái Bình - Đ. Trần Thái Tông - P. Bồ Xuyên - TP Thái Bình (KK),30,31390939012620449761949792810,Ninh Thuận Công viên (bến xe cũ) - Đ. Thống Nhất - P. Thanh Sơn - TP Phan Rang (KK),1027.52
31390957404024291365397346858,Thái Bình Cầu Thái Bình - Đ. Trần Thái Tông - P. Bồ Xuyên - TP Thái Bình (KK),31,29996239538320865599553202177,Tây Ninh Thị xã Trảng Bàng (KK),1048.29
31390957404024291365397346858,Thái Bình Cầu Thái Bình - Đ. Trần Thái Tông - P. Bồ Xuyên - TP Thái Bình (KK),32,31388839920718814259329251882,"Bình Dương số 593 Đại lộ Bình Dương, P. Hiệp Thành (KK)",1053.05
31390957404024291365397346858,Thái Bình Cầu Thái Bình - Đ. Trần Thái Tông - P. Bồ Xuyên - TP Thái Bình (KK),33,31390912357075263208060500522,HCM Khu Liên cơ quan Bộ Tài Nguyên và Môi Trường - số 20 Đ. Lý Chính Thắng (KK),1076.48
31390957404024291365397346858,Thái Bình Cầu Thái Bình - Đ. Trần Thái Tông - P. Bồ Xuyên - TP Thái Bình (KK),34,31390916083317566102523755051,HCM Đ. Lê Hữu Kiều - P. Bình Trưng Tây - Quận 2 (Ngã ba Lê Hữu Kiểu và Trương Văn Bang) (KK),1076.66
31390957404024291365397346858,Thái Bình Cầu Thái Bình - Đ. Trần Thái Tông - P. Bồ Xuyên - TP Thái Bình (KK),35,31390932574706768021562473002,Long An UBND Tp Tân An - 76 Hùng Vương - P.2 (KK),1102.93
31390957404024291365397346858,Thái Bình Cầu Thái Bình - Đ. Trần Thái Tông - P. Bồ Xuyên - TP Thái Bình (KK),36,31390965631272148257054013994,Vũng Tàu Đ. Huyền Trân Công Chúa - Phường 8 - TP Vũng Tàu,1112.22
31390957404024291365397346858,Thái Bình Cầu Thái Bình - Đ. Trần Thái Tông - P. Bồ Xuyên - TP Thái Bình (KK),37,30991938797551443885460120607,"Sóc Trăng Sở TNMT - 16 Hùng Vương, P.6, Tp. Sóc Trăng (KK)",1206.5
31390957404024291365397346858,Thái Bình Cầu Thái Bình - Đ. Trần Thái Tông - P. Bồ Xuyên - TP Thái Bình (KK),38,29098314940209976158571475636,"Trà Vinh xã Dân Thành, TX Duyên Hải (KK)",1207.58
31390957404024291365397346858,Thái Bình Cầu Thái Bình - Đ. Trần Thái Tông - P. Bồ Xuyên - TP Thái Bình (KK),39,29098319146067624969113973428,"Trà Vinh xã Đông Hải, huyện Duyên Hải (KK)",1210.15
31390965631272148257054013994,Vũng Tàu Đ. Huyền Trân Công Chúa - Phường 8 - TP Vũng Tàu,1,31390916083317566102523755051,HCM Đ. Lê Hữu Kiều - P. Bình Trưng Tây - Quận 2 (Ngã ba Lê Hữu Kiểu và Trương Văn Bang) (KK),65.31
31390965631272148257054013994,Vũng Tàu Đ. Huyền Trân Công Chúa - Phường 8 - TP Vũng Tàu,2,31390912357075263208060500522,HCM Khu Liên cơ quan Bộ Tài Nguyên và Môi Trường - số 20 Đ. Lý Chính Thắng (KK),72.03
31390965631272148257054013994,Vũng Tàu Đ. Huyền Trân Công Chúa - Phường 8 - TP Vũng Tàu,3,31388839920718814259329251882,"Bình Dương số 593 Đại lộ Bình Dương, P. Hiệp Thành (KK)",87.06
31390965631272148257054013994,Vũng Tàu Đ. Huyền Trân Công Chúa - Phường 8 - TP Vũng Tàu,4,31390932574706768021562473002,Long An UBND Tp Tân An - 76 Hùng Vương - P.2 (KK),95.13
31390965631272148257054013994,Vũng Tàu Đ. Huyền Trân Công Chúa - Phường 8 - TP Vũng Tàu,5,29996239538320865599553202177,Tây Ninh Thị xã Trảng Bàng (KK),116.59
31390965631272148257054013994,Vũng Tàu Đ. Huyền Trân Công Chúa - Phường 8 - TP Vũng Tàu,6,29098314940209976158571475636,"Trà Vinh xã Dân Thành, TX Duyên Hải (KK)",129.42
31390965631272148257054013994,Vũng Tàu Đ. Huyền Trân Công Chúa - Phường 8 - TP Vũng Tàu,7,29098319146067624969113973428,"Trà Vinh xã Đông Hải, huyện Duyên Hải (KK)",133.68
31390965631272148257054013994,Vũng Tàu Đ. Huyền Trân Công Chúa - Phường 8 - TP Vũng Tàu,8,30991938797551443885460120607,"Sóc Trăng Sở TNMT - 16 Hùng Vương, P.6, Tp. Sóc Trăng (KK)",173.39
31390965631272148257054013994,Vũng Tàu Đ. Huyền Trân Công Chúa - Phường 8 - TP Vũng Tàu,9,31390928700890512538630765099,Lâm Đồng Vườn hoa - đối diện THCS Lam Sơn - Phường 6 - TP Đà Lạt (KK),205.31
31390965631272148257054013994,Vũng Tàu Đ. Huyền Trân Công Chúa - Phường 8 - TP Vũng Tàu,10,31390939012620449761949792810,Ninh Thuận Công viên (bến xe cũ) - Đ. Thống Nhất - P. Thanh Sơn - TP Phan Rang (KK),222.55
31390965631272148257054013994,Vũng Tàu Đ. Huyền Trân Công Chúa - Phường 8 - TP Vũng Tàu,11,29544533341424688633522251105,Gia Lai KCN Trà Đa - Tp Pleiku (KK),400.28
31390965631272148257054013994,Vũng Tàu Đ. Huyền Trân Công Chúa - Phường 8 - TP Vũng Tàu,12,31570631866920915749872483233,Bình Định huyện Tuy Phước (KK),420.31
31390965631272148257054013994,Vũng Tàu Đ. Huyền Trân Công Chúa - Phường 8 - TP Vũng Tàu,13,31388836637198369136462150188,Bình Định Khuôn viên Cây xanh gần cầu chui đường Hoa Lư - TP. Quy Nhơn (KK),422.54
31390965631272148257054013994,Vũng Tàu Đ. Huyền Trân Công Chúa - Phường 8 - TP Vũng Tàu,14,31390951371938979254287350314,Quảng Ngãi UBND P. Nguyễn Nghiêm - TP Quảng Ngãi (KK),540.41
31390965631272148257054013994,Vũng Tàu Đ. Huyền Trân Công Chúa - Phường 8 - TP Vũng Tàu,15,31390944251495766704153049642,Quảng Nam Tiếp giáp Đ. Hùng Vương - KDC Đ. Hồ Xuân Hương (KK),578.49
31390965631272148257054013994,Vũng Tàu Đ. Huyền Trân Công Chúa - Phường 8 - TP Vũng Tàu,16,31616865099255512061948816121,Đà Nẵng Phạm Hùng (KK),619.91
31390965631272148257054013994,Vũng Tàu Đ. Huyền Trân Công Chúa - Phường 8 - TP Vũng Tàu,17,31388851800421997746903202346,Đà Nẵng Khuôn viên trường ĐH sư phạm Đà Nẵng (KK),626.35
31390965631272148257054013994,Vũng Tàu Đ. Huyền Trân Công Chúa - Phường 8 - TP Vũng Tàu,18,28505272740301122608933325208,Đà Nẵng 41 đường Lê Duẩn (KK),628.63
31390965631272148257054013994,Vũng Tàu Đ. Huyền Trân Công Chúa - Phường 8 - TP Vũng Tàu,19,29203727697074312726675247132,"Thái Bình xã Thái Thọ, huyện Thái Thụy (KK)",1111.14
31390965631272148257054013994,Vũng Tàu Đ. Huyền Trân Công Chúa - Phường 8 - TP Vũng Tàu,20,31390957404024291365397346858,Thái Bình Cầu Thái Bình - Đ. Trần Thái Tông - P. Bồ Xuyên - TP Thái Bình (KK),1112.22
31390965631272148257054013994,Vũng Tàu Đ. Huyền Trân Công Chúa - Phường 8 - TP Vũng Tàu,21,31388883344354363840031242796,Hà Nam Công Viên Nam Cao - P.Quang Trung - TP. Phủ Lý (KK),1125.86
31390965631272148257054013994,Vũng Tàu Đ. Huyền Trân Công Chúa - Phường 8 - TP Vũng Tàu,22,31390921469766835629621918251,Hưng Yên số 437 Nguyễn Văn Linh - Tp Hưng Yên (KK),1137.88
31390965631272148257054013994,Vũng Tàu Đ. Huyền Trân Công Chúa - Phường 8 - TP Vũng Tàu,23,28602897318711027016899843809,Quảng Ninh Nhà máy tuyển than Nam Cầu Trắng - Hạ Long (KK),1162.08
31390965631272148257054013994,Vũng Tàu Đ. Huyền Trân Công Chúa - Phường 8 - TP Vũng Tàu,24,29518852005686198968139908531,Quảng Ninh Gần KCN Cái Lân (KK),1165.25
31390965631272148257054013994,Vũng Tàu Đ. Huyền Trân Công Chúa - Phường 8 - TP Vũng Tàu,25,31388868531618872623864101418,Hải Dương UBND TP. Hải Dương - 106 Đường Trần Hưng Đạo (KK),1165.48
31390965631272148257054013994,Vũng Tàu Đ. Huyền Trân Công Chúa - Phường 8 - TP Vũng Tàu,26,28599103930259709512833128161,Quảng Ninh Phường Cẩm Thịnh - Cẩm Phả (KK),1168.79
31390965631272148257054013994,Vũng Tàu Đ. Huyền Trân Công Chúa - Phường 8 - TP Vũng Tàu,27,29518839738601389925132404147,"Quảng Ninh Trung tâm văn hóa thể thao Cẩm Phả, đường Trần Phú, phường Cẩm Trung (KK)",1169.08
31390965631272148257054013994,Vũng Tàu Đ. Huyền Trân Công Chúa - Phường 8 - TP Vũng Tàu,28,29518872592252585279589451187,Quảng Ninh Km11 - Minh Thành (KK),1169.58
31390965631272148257054013994,Vũng Tàu Đ. Huyền Trân Công Chúa - Phường 8 - TP Vũng Tàu,29,28602837126985114455002404577,Quảng Ninh UBND TP Uông Bí (KK),1173.29
31390965631272148257054013994,Vũng Tàu Đ. Huyền Trân Công Chúa - Phường 8 - TP Vũng Tàu,30,29518885338952740244749551027,Quảng Ninh Nhuệ Hổ - Đông Triều (KK),1178.33
31390965631272148257054013994,Vũng Tàu Đ. Huyền Trân Công Chúa - Phường 8 - TP Vũng Tàu,31,28916774462801800655608897080,Bắc Ninh UBND xã Xuân Lâm - Thuận Thành (KK),1178.42
31390965631272148257054013994,Vũng Tàu Đ. Huyền Trân Công Chúa - Phường 8 - TP Vũng Tàu,32,28916504310234840885489983032,Bắc Ninh Khu liên cơ Thuận Thành - thị trấn Hồ (KK),1178.54
31390965631272148257054013994,Vũng Tàu Đ. Huyền Trân Công Chúa - Phường 8 - TP Vũng Tàu,33,31390903576425084107499649578,Hà Nội ĐHBK cổng Parabol đường Giải Phóng (KK),1178.6
31390965631272148257054013994,Vũng Tàu Đ. Huyền Trân Công Chúa - Phường 8 - TP Vũng Tàu,34,31390908889087377344742439468,Hà Nội Công viên Nhân Chính - Khuất Duy Tiến (KK),1179.03
31390965631272148257054013994,Vũng Tàu Đ. Huyền Trân Công Chúa - Phường 8 - TP Vũng Tàu,35,29196021237696127337075448678,Bắc Ninh UBND xã Cao Đức - Gia Bình (KK),1182.07
31390965631272148257054013994,Vũng Tàu Đ. Huyền Trân Công Chúa - Phường 8 - TP Vũng Tàu,36,28560877461938780203765592307,Hà Nội 556 Nguyễn Văn Cừ (KK),1182.88
31390965631272148257054013994,Vũng Tàu Đ. Huyền Trân Công Chúa - Phường 8 - TP Vũng Tàu,37,29196010501691076420299004774,Bắc Ninh TT Quan trắc - phường Suối Hoa - TP Bắc Ninh (KK),1195.76
31390965631272148257054013994,Vũng Tàu Đ. Huyền Trân Công Chúa - Phường 8 - TP Vũng Tàu,38,28505268571336961948594948504,Phú Thọ đường Hùng Vương - Tp Việt Trì (KK),1222.75
31390965631272148257054013994,Vũng Tàu Đ. Huyền Trân Công Chúa - Phường 8 - TP Vũng Tàu,39,31651502905690497791503780869,Thái Nguyên Sân vận động Gang thép - P Trung Thành - TP Thái Nguyên (KK),1237.07
31570631866920915749872483233,Bình Định huyện Tuy Phước (KK),1,31388836637198369136462150188,Bình Định Khuôn viên Cây xanh gần cầu chui đường Hoa Lư - TP. Quy Nhơn (KK),2.58
31570631866920915749872483233,Bình Định huyện Tuy Phước (KK),2,29544533341424688633522251105,Gia Lai KCN Trà Đa - Tp Pleiku (KK),131.04
31570631866920915749872483233,Bình Định huyện Tuy Phước (KK),3,31390951371938979254287350314,Quảng Ngãi UBND P. Nguyễn Nghiêm - TP Quảng Ngãi (KK),157.62
31570631866920915749872483233,Bình Định huyện Tuy Phước (KK),4,31390944251495766704153049642,Quảng Nam Tiếp giáp Đ. Hùng Vương - KDC Đ. Hồ Xuân Hương (KK),215.14
31570631866920915749872483233,Bình Định huyện Tuy Phước (KK),5,31390928700890512538630765099,Lâm Đồng Vườn hoa - đối diện THCS Lam Sơn - Phường 6 - TP Đà Lạt (KK),218.64
31570631866920915749872483233,Bình Định huyện Tuy Phước (KK),6,31390939012620449761949792810,Ninh Thuận Công viên (bến xe cũ) - Đ. Thống Nhất - P. Thanh Sơn - TP Phan Rang (KK),244.58
31570631866920915749872483233,Bình Định huyện Tuy Phước (KK),7,31616865099255512061948816121,Đà Nẵng Phạm Hùng (KK),271.23
31570631866920915749872483233,Bình Định huyện Tuy Phước (KK),8,28505272740301122608933325208,Đà Nẵng 41 đường Lê Duẩn (KK),278.76
31570631866920915749872483233,Bình Định huyện Tuy Phước (KK),9,31388851800421997746903202346,Đà Nẵng Khuôn viên trường ĐH sư phạm Đà Nẵng (KK),280.03
31570631866920915749872483233,Bình Định huyện Tuy Phước (KK),10,31388839920718814259329251882,"Bình Dương số 593 Đại lộ Bình Dương, P. Hiệp Thành (KK)",415.03
31570631866920915749872483233,Bình Định huyện Tuy Phước (KK),11,31390965631272148257054013994,Vũng Tàu Đ. Huyền Trân Công Chúa - Phường 8 - TP Vũng Tàu,420.31
31570631866920915749872483233,Bình Định huyện Tuy Phước (KK),12,31390916083317566102523755051,HCM Đ. Lê Hữu Kiều - P. Bình Trưng Tây - Quận 2 (Ngã ba Lê Hữu Kiểu và Trương Văn Bang) (KK),426.07
31570631866920915749872483233,Bình Định huyện Tuy Phước (KK),13,31390912357075263208060500522,HCM Khu Liên cơ quan Bộ Tài Nguyên và Môi Trường - số 20 Đ. Lý Chính Thắng (KK),430.97
31570631866920915749872483233,Bình Định huyện Tuy Phước (KK),14,29996239538320865599553202177,Tây Ninh Thị xã Trảng Bàng (KK),434.72
31570631866920915749872483233,Bình Định huyện Tuy Phước (KK),15,31390932574706768021562473002,Long An UBND Tp Tân An - 76 Hùng Vương - P.2 (KK),471.2
31570631866920915749872483233,Bình Định huyện Tuy Phước (KK),16,29098314940209976158571475636,"Trà Vinh xã Dân Thành, TX Duyên Hải (KK)",548.32
31570631866920915749872483233,Bình Định huyện Tuy Phước (KK),17,29098319146067624969113973428,"Trà Vinh xã Đông Hải, huyện Duyên Hải (KK)",552.41
31570631866920915749872483233,Bình Định huyện Tuy Phước (KK),18,30991938797551443885460120607,"Sóc Trăng Sở TNMT - 16 Hùng Vương, P.6, Tp. Sóc Trăng (KK)",581.47
31570631866920915749872483233,Bình Định huyện Tuy Phước (KK),19,29203727697074312726675247132,"Thái Bình xã Thái Thọ, huyện Thái Thụy (KK)",798.36
31570631866920915749872483233,Bình Định huyện Tuy Phước (KK),20,31390957404024291365397346858,Thái Bình Cầu Thái Bình - Đ. Trần Thái Tông - P. Bồ Xuyên - TP Thái Bình (KK),804.76
31570631866920915749872483233,Bình Định huyện Tuy Phước (KK),21,28602897318711027016899843809,Quảng Ninh Nhà máy tuyển than Nam Cầu Trắng - Hạ Long (KK),828.92
31570631866920915749872483233,Bình Định huyện Tuy Phước (KK),22,28599103930259709512833128161,Quảng Ninh Phường Cẩm Thịnh - Cẩm Phả (KK),829.75
31570631866920915749872483233,Bình Định huyện Tuy Phước (KK),23,31388883344354363840031242796,Hà Nam Công Viên Nam Cao - P.Quang Trung - TP. Phủ Lý (KK),830.92
31570631866920915749872483233,Bình Định huyện Tuy Phước (KK),24,29518839738601389925132404147,"Quảng Ninh Trung tâm văn hóa thể thao Cẩm Phả, đường Trần Phú, phường Cẩm Trung (KK)",831.87
31570631866920915749872483233,Bình Định huyện Tuy Phước (KK),25,29518852005686198968139908531,Quảng Ninh Gần KCN Cái Lân (KK),834.32
31570631866920915749872483233,Bình Định huyện Tuy Phước (KK),26,31390921469766835629621918251,Hưng Yên số 437 Nguyễn Văn Linh - Tp Hưng Yên (KK),837.37
31570631866920915749872483233,Bình Định huyện Tuy Phước (KK),27,29518872592252585279589451187,Quảng Ninh Km11 - Minh Thành (KK),843.53
31570631866920915749872483233,Bình Định huyện Tuy Phước (KK),28,28602837126985114455002404577,Quảng Ninh UBND TP Uông Bí (KK),849.7
31570631866920915749872483233,Bình Định huyện Tuy Phước (KK),29,31388868531618872623864101418,Hải Dương UBND TP. Hải Dương - 106 Đường Trần Hưng Đạo (KK),854.56
31570631866920915749872483233,Bình Định huyện Tuy Phước (KK),30,29518885338952740244749551027,Quảng Ninh Nhuệ Hổ - Đông Triều (KK),860.29
31570631866920915749872483233,Bình Định huyện Tuy Phước (KK),31,29196021237696127337075448678,Bắc Ninh UBND xã Cao Đức - Gia Bình (KK),871.66
31570631866920915749872483233,Bình Định huyện Tuy Phước (KK),32,28916504310234840885489983032,Bắc Ninh Khu liên cơ Thuận Thành - thị trấn Hồ (KK),875.63
31570631866920915749872483233,Bình Định huyện Tuy Phước (KK),33,28916774462801800655608897080,Bắc Ninh UBND xã Xuân Lâm - Thuận Thành (KK),876.03
31570631866920915749872483233,Bình Định huyện Tuy Phước (KK),34,31390903576425084107499649578,Hà Nội ĐHBK cổng Parabol đường Giải Phóng (KK),881.46
31570631866920915749872483233,Bình Định huyện Tuy Phước (KK),35,31390908889087377344742439468,Hà Nội Công viên Nhân Chính - Khuất Duy Tiến (KK),883.28
31570631866920915749872483233,Bình Định huyện Tuy Phước (KK),36,28560877461938780203765592307,Hà Nội 556 Nguyễn Văn Cừ (KK),884.15
31570631866920915749872483233,Bình Định huyện Tuy Phước (KK),37,29196010501691076420299004774,Bắc Ninh TT Quan trắc - phường Suối Hoa - TP Bắc Ninh (KK),890.43
31570631866920915749872483233,Bình Định huyện Tuy Phước (KK),38,31651502905690497791503780869,Thái Nguyên Sân vận động Gang thép - P Trung Thành - TP Thái Nguyên (KK),934.59
31570631866920915749872483233,Bình Định huyện Tuy Phước (KK),39,28505268571336961948594948504,Phú Thọ đường Hùng Vương - Tp Việt Trì (KK),936.12
31616865099255512061948816121,Đà Nẵng Phạm Hùng (KK),1,28505272740301122608933325208,Đà Nẵng 41 đường Lê Duẩn (KK),8.73
31616865099255512061948816121,Đà Nẵng Phạm Hùng (KK),2,31388851800421997746903202346,Đà Nẵng Khuôn viên trường ĐH sư phạm Đà Nẵng (KK),8.96
31616865099255512061948816121,Đà Nẵng Phạm Hùng (KK),3,31390944251495766704153049642,Quảng Nam Tiếp giáp Đ. Hùng Vương - KDC Đ. Hồ Xuân Hương (KK),56.8
31616865099255512061948816121,Đà Nẵng Phạm Hùng (KK),4,31390951371938979254287350314,Quảng Ngãi UBND P. Nguyễn Nghiêm - TP Quảng Ngãi (KK),116.44
31616865099255512061948816121,Đà Nẵng Phạm Hùng (KK),5,29544533341424688633522251105,Gia Lai KCN Trà Đa - Tp Pleiku (KK),220.76
31616865099255512061948816121,Đà Nẵng Phạm Hùng (KK),6,31388836637198369136462150188,Bình Định Khuôn viên Cây xanh gần cầu chui đường Hoa Lư - TP. Quy Nhơn (KK),268.87
31616865099255512061948816121,Đà Nẵng Phạm Hùng (KK),7,31570631866920915749872483233,Bình Định huyện Tuy Phước (KK),271.23
31616865099255512061948816121,Đà Nẵng Phạm Hùng (KK),8,31390928700890512538630765099,Lâm Đồng Vườn hoa - đối diện THCS Lam Sơn - Phường 6 - TP Đà Lạt (KK),450.25
31616865099255512061948816121,Đà Nẵng Phạm Hùng (KK),9,31390939012620449761949792810,Ninh Thuận Công viên (bến xe cũ) - Đ. Thống Nhất - P. Thanh Sơn - TP Phan Rang (KK),499.01
31616865099255512061948816121,Đà Nẵng Phạm Hùng (KK),10,29203727697074312726675247132,"Thái Bình xã Thái Thọ, huyện Thái Thụy (KK)",527.63
31616865099255512061948816121,Đà Nẵng Phạm Hùng (KK),11,31390957404024291365397346858,Thái Bình Cầu Thái Bình - Đ. Trần Thái Tông - P. Bồ Xuyên - TP Thái Bình (KK),533.69
31616865099255512061948816121,Đà Nẵng Phạm Hùng (KK),12,31388883344354363840031242796,Hà Nam Công Viên Nam Cao - P.Quang Trung - TP. Phủ Lý (KK),559.75
31616865099255512061948816121,Đà Nẵng Phạm Hùng (KK),13,28602897318711027016899843809,Quảng Ninh Nhà máy tuyển than Nam Cầu Trắng - Hạ Long (KK),561.91
31616865099255512061948816121,Đà Nẵng Phạm Hùng (KK),14,28599103930259709512833128161,Quảng Ninh Phường Cẩm Thịnh - Cẩm Phả (KK),564.51
31616865099255512061948816121,Đà Nẵng Phạm Hùng (KK),15,29518839738601389925132404147,"Quảng Ninh Trung tâm văn hóa thể thao Cẩm Phả, đường Trần Phú, phường Cẩm Trung (KK)",566.05
31616865099255512061948816121,Đà Nẵng Phạm Hùng (KK),16,31390921469766835629621918251,Hưng Yên số 437 Nguyễn Văn Linh - Tp Hưng Yên (KK),566.15
31616865099255512061948816121,Đà Nẵng Phạm Hùng (KK),17,29518852005686198968139908531,Quảng Ninh Gần KCN Cái Lân (KK),566.77
31616865099255512061948816121,Đà Nẵng Phạm Hùng (KK),18,29518872592252585279589451187,Quảng Ninh Km11 - Minh Thành (KK),574.93
31616865099255512061948816121,Đà Nẵng Phạm Hùng (KK),19,28602837126985114455002404577,Quảng Ninh UBND TP Uông Bí (KK),580.66
31616865099255512061948816121,Đà Nẵng Phạm Hùng (KK),20,31388839920718814259329251882,"Bình Dương số 593 Đại lộ Bình Dương, P. Hiệp Thành (KK)",581.04
31616865099255512061948816121,Đà Nẵng Phạm Hùng (KK),21,31388868531618872623864101418,Hải Dương UBND TP. Hải Dương - 106 Đường Trần Hưng Đạo (KK),583.85
31616865099255512061948816121,Đà Nẵng Phạm Hùng (KK),22,29996239538320865599553202177,Tây Ninh Thị xã Trảng Bàng (KK),587.29
31616865099255512061948816121,Đà Nẵng Phạm Hùng (KK),23,29518885338952740244749551027,Quảng Ninh Nhuệ Hổ - Đông Triều (KK),590.41
31616865099255512061948816121,Đà Nẵng Phạm Hùng (KK),24,31390916083317566102523755051,HCM Đ. Lê Hữu Kiều - P. Bình Trưng Tây - Quận 2 (Ngã ba Lê Hữu Kiểu và Trương Văn Bang) (KK),600.59
31616865099255512061948816121,Đà Nẵng Phạm Hùng (KK),25,29196021237696127337075448678,Bắc Ninh UBND xã Cao Đức - Gia Bình (KK),600.97
31616865099255512061948816121,Đà Nẵng Phạm Hùng (KK),26,31390912357075263208060500522,HCM Khu Liên cơ quan Bộ Tài Nguyên và Môi Trường - số 20 Đ. Lý Chính Thắng (KK),602.71
31616865099255512061948816121,Đà Nẵng Phạm Hùng (KK),27,28916504310234840885489983032,Bắc Ninh Khu liên cơ Thuận Thành - thị trấn Hồ (KK),604.5
31616865099255512061948816121,Đà Nẵng Phạm Hùng (KK),28,28916774462801800655608897080,Bắc Ninh UBND xã Xuân Lâm - Thuận Thành (KK),604.88
31616865099255512061948816121,Đà Nẵng Phạm Hùng (KK),29,31390903576425084107499649578,Hà Nội ĐHBK cổng Parabol đường Giải Phóng (KK),610.22
31616865099255512061948816121,Đà Nẵng Phạm Hùng (KK),30,31390908889087377344742439468,Hà Nội Công viên Nhân Chính - Khuất Duy Tiến (KK),612.05
31616865099255512061948816121,Đà Nẵng Phạm Hùng (KK),31,28560877461938780203765592307,Hà Nội 556 Nguyễn Văn Cừ (KK),612.93
31616865099255512061948816121,Đà Nẵng Phạm Hùng (KK),32,29196010501691076420299004774,Bắc Ninh TT Quan trắc - phường Suối Hoa - TP Bắc Ninh (KK),619.43
31616865099255512061948816121,Đà Nẵng Phạm Hùng (KK),33,31390965631272148257054013994,Vũng Tàu Đ. Huyền Trân Công Chúa - Phường 8 - TP Vũng Tàu,619.91
31616865099255512061948816121,Đà Nẵng Phạm Hùng (KK),34,31390932574706768021562473002,Long An UBND Tp Tân An - 76 Hùng Vương - P.2 (KK),637.34
31616865099255512061948816121,Đà Nẵng Phạm Hùng (KK),35,31651502905690497791503780869,Thái Nguyên Sân vận động Gang thép - P Trung Thành - TP Thái Nguyên (KK),663.52
31616865099255512061948816121,Đà Nẵng Phạm Hùng (KK),36,28505268571336961948594948504,Phú Thọ đường Hùng Vương - Tp Việt Trì (KK),665.07
31616865099255512061948816121,Đà Nẵng Phạm Hùng (KK),37,29098314940209976158571475636,"Trà Vinh xã Dân Thành, TX Duyên Hải (KK)",734.43
31616865099255512061948816121,Đà Nẵng Phạm Hùng (KK),38,29098319146067624969113973428,"Trà Vinh xã Đông Hải, huyện Duyên Hải (KK)",737.84
31616865099255512061948816121,Đà Nẵng Phạm Hùng (KK),39,30991938797551443885460120607,"Sóc Trăng Sở TNMT - 16 Hùng Vương, P.6, Tp. Sóc Trăng (KK)",750.03
31651502905690497791503780869,Thái Nguyên Sân vận động Gang thép - P Trung Thành - TP Thái Nguyên (KK),1,29196010501691076420299004774,Bắc Ninh TT Quan trắc - phường Suối Hoa - TP Bắc Ninh (KK),44.36
31651502905690497791503780869,Thái Nguyên Sân vận động Gang thép - P Trung Thành - TP Thái Nguyên (KK),2,28560877461938780203765592307,Hà Nội 556 Nguyễn Văn Cừ (KK),54.5
31651502905690497791503780869,Thái Nguyên Sân vận động Gang thép - P Trung Thành - TP Thái Nguyên (KK),3,28505268571336961948594948504,Phú Thọ đường Hùng Vương - Tp Việt Trì (KK),56.83
31651502905690497791503780869,Thái Nguyên Sân vận động Gang thép - P Trung Thành - TP Thái Nguyên (KK),4,28916774462801800655608897080,Bắc Ninh UBND xã Xuân Lâm - Thuận Thành (KK),59.18
31651502905690497791503780869,Thái Nguyên Sân vận động Gang thép - P Trung Thành - TP Thái Nguyên (KK),5,28916504310234840885489983032,Bắc Ninh Khu liên cơ Thuận Thành - thị trấn Hồ (KK),59.34
31651502905690497791503780869,Thái Nguyên Sân vận động Gang thép - P Trung Thành - TP Thái Nguyên (KK),6,31390903576425084107499649578,Hà Nội ĐHBK cổng Parabol đường Giải Phóng (KK),59.45
31651502905690497791503780869,Thái Nguyên Sân vận động Gang thép - P Trung Thành - TP Thái Nguyên (KK),7,31390908889087377344742439468,Hà Nội Công viên Nhân Chính - Khuất Duy Tiến (KK),60.13
31651502905690497791503780869,Thái Nguyên Sân vận động Gang thép - P Trung Thành - TP Thái Nguyên (KK),8,29196021237696127337075448678,Bắc Ninh UBND xã Cao Đức - Gia Bình (KK),66.07
31651502905690497791503780869,Thái Nguyên Sân vận động Gang thép - P Trung Thành - TP Thái Nguyên (KK),9,31388868531618872623864101418,Hải Dương UBND TP. Hải Dương - 106 Đường Trần Hưng Đạo (KK),82.33
31651502905690497791503780869,Thái Nguyên Sân vận động Gang thép - P Trung Thành - TP Thái Nguyên (KK),10,29518885338952740244749551027,Quảng Ninh Nhuệ Hổ - Đông Triều (KK),87.99
31651502905690497791503780869,Thái Nguyên Sân vận động Gang thép - P Trung Thành - TP Thái Nguyên (KK),11,31390921469766835629621918251,Hưng Yên số 437 Nguyễn Văn Linh - Tp Hưng Yên (KK),99.46
31651502905690497791503780869,Thái Nguyên Sân vận động Gang thép - P Trung Thành - TP Thái Nguyên (KK),12,28602837126985114455002404577,Quảng Ninh UBND TP Uông Bí (KK),108.04
31651502905690497791503780869,Thái Nguyên Sân vận động Gang thép - P Trung Thành - TP Thái Nguyên (KK),13,31388883344354363840031242796,Hà Nam Công Viên Nam Cao - P.Quang Trung - TP. Phủ Lý (KK),111.63
31651502905690497791503780869,Thái Nguyên Sân vận động Gang thép - P Trung Thành - TP Thái Nguyên (KK),14,29518872592252585279589451187,Quảng Ninh Km11 - Minh Thành (KK),118.2
31651502905690497791503780869,Thái Nguyên Sân vận động Gang thép - P Trung Thành - TP Thái Nguyên (KK),15,31390957404024291365397346858,Thái Bình Cầu Thái Bình - Đ. Trần Thái Tông - P. Bồ Xuyên - TP Thái Bình (KK),129.84
31651502905690497791503780869,Thái Nguyên Sân vận động Gang thép - P Trung Thành - TP Thái Nguyên (KK),16,29518852005686198968139908531,Quảng Ninh Gần KCN Cái Lân (KK),136.82
31651502905690497791503780869,Thái Nguyên Sân vận động Gang thép - P Trung Thành - TP Thái Nguyên (KK),17,29203727697074312726675247132,"Thái Bình xã Thái Thọ, huyện Thái Thụy (KK)",137.25
31651502905690497791503780869,Thái Nguyên Sân vận động Gang thép - P Trung Thành - TP Thái Nguyên (KK),18,28602897318711027016899843809,Quảng Ninh Nhà máy tuyển than Nam Cầu Trắng - Hạ Long (KK),146.23
31651502905690497791503780869,Thái Nguyên Sân vận động Gang thép - P Trung Thành - TP Thái Nguyên (KK),19,29518839738601389925132404147,"Quảng Ninh Trung tâm văn hóa thể thao Cẩm Phả, đường Trần Phú, phường Cẩm Trung (KK)",156.76
31651502905690497791503780869,Thái Nguyên Sân vận động Gang thép - P Trung Thành - TP Thái Nguyên (KK),20,28599103930259709512833128161,Quảng Ninh Phường Cẩm Thịnh - Cẩm Phả (KK),163.62
31651502905690497791503780869,Thái Nguyên Sân vận động Gang thép - P Trung Thành - TP Thái Nguyên (KK),21,31388851800421997746903202346,Đà Nẵng Khuôn viên trường ĐH sư phạm Đà Nẵng (KK),654.81
31651502905690497791503780869,Thái Nguyên Sân vận động Gang thép - P Trung Thành - TP Thái Nguyên (KK),22,28505272740301122608933325208,Đà Nẵng 41 đường Lê Duẩn (KK),655.86
31651502905690497791503780869,Thái Nguyên Sân vận động Gang thép - P Trung Thành - TP Thái Nguyên (KK),23,31616865099255512061948816121,Đà Nẵng Phạm Hùng (KK),663.52
31651502905690497791503780869,Thái Nguyên Sân vận động Gang thép - P Trung Thành - TP Thái Nguyên (KK),24,31390944251495766704153049642,Quảng Nam Tiếp giáp Đ. Hùng Vương - KDC Đ. Hồ Xuân Hương (KK),719.45
31651502905690497791503780869,Thái Nguyên Sân vận động Gang thép - P Trung Thành - TP Thái Nguyên (KK),25,31390951371938979254287350314,Quảng Ngãi UBND P. Nguyễn Nghiêm - TP Quảng Ngãi (KK),777.79
31651502905690497791503780869,Thái Nguyên Sân vận động Gang thép - P Trung Thành - TP Thái Nguyên (KK),26,29544533341424688633522251105,Gia Lai KCN Trà Đa - Tp Pleiku (KK),867.08
31651502905690497791503780869,Thái Nguyên Sân vận động Gang thép - P Trung Thành - TP Thái Nguyên (KK),27,31388836637198369136462150188,Bình Định Khuôn viên Cây xanh gần cầu chui đường Hoa Lư - TP. Quy Nhơn (KK),932.19
31651502905690497791503780869,Thái Nguyên Sân vận động Gang thép - P Trung Thành - TP Thái Nguyên (KK),28,31570631866920915749872483233,Bình Định huyện Tuy Phước (KK),934.59
31651502905690497791503780869,Thái Nguyên Sân vận động Gang thép - P Trung Thành - TP Thái Nguyên (KK),29,31390928700890512538630765099,Lâm Đồng Vườn hoa - đối diện THCS Lam Sơn - Phường 6 - TP Đà Lạt (KK),1100.11
31651502905690497791503780869,Thái Nguyên Sân vận động Gang thép - P Trung Thành - TP Thái Nguyên (KK),30,31390939012620449761949792810,Ninh Thuận Công viên (bến xe cũ) - Đ. Thống Nhất - P. Thanh Sơn - TP Phan Rang (KK),1156.78
31651502905690497791503780869,Thái Nguyên Sân vận động Gang thép - P Trung Thành - TP Thái Nguyên (KK),31,29996239538320865599553202177,Tây Ninh Thị xã Trảng Bàng (KK),1169.66
31651502905690497791503780869,Thái Nguyên Sân vận động Gang thép - P Trung Thành - TP Thái Nguyên (KK),32,31388839920718814259329251882,"Bình Dương số 593 Đại lộ Bình Dương, P. Hiệp Thành (KK)",1175.74
31651502905690497791503780869,Thái Nguyên Sân vận động Gang thép - P Trung Thành - TP Thái Nguyên (KK),33,31390912357075263208060500522,HCM Khu Liên cơ quan Bộ Tài Nguyên và Môi Trường - số 20 Đ. Lý Chính Thắng (KK),1199.22
31651502905690497791503780869,Thái Nguyên Sân vận động Gang thép - P Trung Thành - TP Thái Nguyên (KK),34,31390916083317566102523755051,HCM Đ. Lê Hữu Kiều - P. Bình Trưng Tây - Quận 2 (Ngã ba Lê Hữu Kiểu và Trương Văn Bang) (KK),1199.68
31651502905690497791503780869,Thái Nguyên Sân vận động Gang thép - P Trung Thành - TP Thái Nguyên (KK),35,31390932574706768021562473002,Long An UBND Tp Tân An - 76 Hùng Vương - P.2 (KK),1224.46
31651502905690497791503780869,Thái Nguyên Sân vận động Gang thép - P Trung Thành - TP Thái Nguyên (KK),36,31390965631272148257054013994,Vũng Tàu Đ. Huyền Trân Công Chúa - Phường 8 - TP Vũng Tàu,1237.07
31651502905690497791503780869,Thái Nguyên Sân vận động Gang thép - P Trung Thành - TP Thái Nguyên (KK),37,30991938797551443885460120607,"Sóc Trăng Sở TNMT - 16 Hùng Vương, P.6, Tp. Sóc Trăng (KK)",1326.1
31651502905690497791503780869,Thái Nguyên Sân vận động Gang thép - P Trung Thành - TP Thái Nguyên (KK),38,29098314940209976158571475636,"Trà Vinh xã Dân Thành, TX Duyên Hải (KK)",1329.47
31651502905690497791503780869,Thái Nguyên Sân vận động Gang thép - P Trung Thành - TP Thái Nguyên (KK),39,29098319146067624969113973428,"Trà Vinh xã Đông Hải, huyện Duyên Hải (KK)",1331.91
