timestamp,AOT_Merged,AOT_Pure,AOT_Merged_uncertainty,AOT_Pure_uncertainty,AE_Merged,AE_Pure,QA_flag_Merged,QA_flag_Pure,AOT_L2_Mean,AOT_L2_SDV,AOT_L2_Num,AE_L2_Mean,AE_L2_SDV,AE_L2_Num
2025-01-01 07:00:00,,,,,,,1273.0,1273.0,,,0.0,,,0.0
2025-01-01 08:00:00,,,,,,,1273.0,1273.0,,,0.0,,,0.0
2025-01-01 09:00:00,,,,,,,505.0,505.0,,,0.0,,,0.0
2025-01-01 10:00:00,,,,,,,249.0,248.0,1.4006,0.1498,4.0,1.6740999,0.3918,4.0
2025-01-01 11:00:00,,,,,,,509.0,509.0,1.2157999,0.094399996,2.0,0.9044,0.109699965,2.0
2025-01-01 12:00:00,,,,,,,509.0,509.0,,,0.0,,,0.0
2025-01-01 13:00:00,,,,,,,505.0,505.0,,,0.0,,,0.0
2025-01-01 14:00:00,0.8182,,,,,,193.0,249.0,,,0.0,,,0.0
2025-01-01 15:00:00,0.73859996,,,,,,193.0,249.0,,,0.0,,,0.0
2025-01-01 16:00:00,,,,,,,1533.0,1533.0,,,0.0,,,0.0
2025-01-01 17:00:00,,,,,,,1273.0,1273.0,,,0.0,,,0.0
2025-01-01 18:00:00,,,,,,,1273.0,1273.0,,,0.0,,,0.0
2025-01-01 19:00:00,,,,,,,1273.0,1273.0,,,0.0,,,0.0
2025-01-01 20:00:00,,,,,,,1273.0,1273.0,,,0.0,,,0.0
2025-01-01 21:00:00,,,,,,,1273.0,1273.0,,,0.0,,,0.0
2025-01-01 22:00:00,,,,,,,1273.0,1273.0,,,0.0,,,0.0
2025-01-01 23:00:00,,,,,,,1533.0,1533.0,,,0.0,,,0.0
2025-01-02 00:00:00,,,,,,,1273.0,1273.0,,,0.0,,,0.0
2025-01-02 01:00:00,,,,,,,1529.0,1529.0,,,0.0,,,0.0
2025-01-02 02:00:00,,,,,,,1529.0,1529.0,,,0.0,,,0.0
2025-01-02 03:00:00,,,,,,,1529.0,1529.0,,,0.0,,,0.0
2025-01-02 04:00:00,,,,,,,1529.0,1529.0,,,0.0,,,0.0
2025-01-02 05:00:00,,,,,,,1529.0,1529.0,,,0.0,,,0.0
2025-01-02 06:00:00,,,,,,,1529.0,1529.0,,,0.0,,,0.0
2025-01-02 07:00:00,,,,,,,1533.0,1533.0,,,0.0,,,0.0
2025-01-02 08:00:00,,,,,,,1533.0,1533.0,,,0.0,,,0.0
2025-01-02 09:00:00,,,,,,,509.0,509.0,,,0.0,,,0.0
2025-01-02 10:00:00,,,,,,,509.0,509.0,,,0.0,,,0.0
2025-01-02 11:00:00,,,,,,,509.0,509.0,,,0.0,,,0.0
2025-01-02 12:00:00,,,,,,,509.0,509.0,,,0.0,,,0.0
2025-01-02 13:00:00,,,,,,,509.0,509.0,,,0.0,,,0.0
2025-01-02 14:00:00,0.9532,,,,,,193.0,249.0,,,0.0,,,0.0
2025-01-02 15:00:00,0.8736,,,,,,193.0,249.0,,,0.0,,,0.0
2025-01-02 16:00:00,,,,,,,1533.0,1533.0,,,0.0,,,0.0
2025-01-02 17:00:00,,,,,,,1273.0,1273.0,,,0.0,,,0.0
2025-01-02 18:00:00,,,,,,,1273.0,1273.0,,,0.0,,,0.0
2025-01-02 19:00:00,,,,,,,1273.0,1273.0,,,0.0,,,0.0
2025-01-02 20:00:00,,,,,,,1273.0,1273.0,,,0.0,,,0.0
2025-01-02 21:00:00,,,,,,,1533.0,1533.0,,,0.0,,,0.0
2025-01-02 22:00:00,,,,,,,1273.0,1273.0,,,0.0,,,0.0
2025-01-02 23:00:00,,,,,,,1273.0,1273.0,,,0.0,,,0.0
2025-01-03 00:00:00,,,,,,,1273.0,1273.0,,,0.0,,,0.0
2025-01-03 01:00:00,,,,,,,1529.0,1529.0,,,0.0,,,0.0
2025-01-03 02:00:00,,,,,,,1533.0,1533.0,,,0.0,,,0.0
2025-01-03 03:00:00,,,,,,,1529.0,1529.0,,,0.0,,,0.0
2025-01-03 04:00:00,,,,,,,1533.0,1533.0,,,0.0,,,0.0
2025-01-03 05:00:00,,,,,,,1533.0,1533.0,,,0.0,,,0.0
2025-01-03 06:00:00,,,,,,,1273.0,1273.0,,,0.0,,,0.0
2025-01-03 07:00:00,,,,,,,1273.0,1273.0,,,0.0,,,0.0
2025-01-03 08:00:00,,,,,,,1273.0,1273.0,,,0.0,,,0.0
2025-01-03 09:00:00,1.1316,1.0382,0.44829997,0.4472,,,2240.0,2240.0,1.2035999,0.0866,5.0,1.8102999,0.012499988,5.0
2025-01-03 10:00:00,0.945,0.3572,0.56729996,0.5671,,,2240.0,2240.0,0.9608,0.317,5.0,1.6396999,0.3358,5.0
2025-01-03 11:00:00,1.031,1.0568,0.34039998,0.3396,,,2240.0,2240.0,0.5184,0.2706,6.0,1.1681,0.1674,6.0
2025-01-03 12:00:00,1.2816,,,,,,193.0,249.0,1.0288,0.031,4.0,1.0845,0.023000002,4.0
2025-01-03 13:00:00,,,,,,,505.0,505.0,,,0.0,,,0.0
2025-01-03 14:00:00,,,,,,,505.0,505.0,,,0.0,,,0.0
2025-01-03 15:00:00,,,,,,,249.0,249.0,,,0.0,,,0.0
2025-01-03 16:00:00,,,,,,,1529.0,1529.0,,,0.0,,,0.0
2025-01-03 17:00:00,,,,,,,1273.0,1273.0,,,0.0,,,0.0
2025-01-03 18:00:00,,,,,,,1273.0,1273.0,,,0.0,,,0.0
2025-01-03 19:00:00,,,,,,,1273.0,1273.0,,,0.0,,,0.0
2025-01-03 20:00:00,,,,,,,1273.0,1273.0,,,0.0,,,0.0
2025-01-03 21:00:00,,,,,,,1273.0,1273.0,,,0.0,,,0.0
2025-01-03 22:00:00,,,,,,,1273.0,1273.0,,,0.0,,,0.0
2025-01-03 23:00:00,,,,,,,1273.0,1273.0,,,0.0,,,0.0
2025-01-04 00:00:00,,,,,,,1273.0,1273.0,,,0.0,,,0.0
2025-01-04 01:00:00,,,,,,,1273.0,1273.0,,,0.0,,,0.0
2025-01-04 02:00:00,,,,,,,1273.0,1273.0,,,0.0,,,0.0
2025-01-04 03:00:00,,,,,,,1273.0,1273.0,,,0.0,,,0.0
2025-01-04 04:00:00,,,,,,,1273.0,1273.0,,,0.0,,,0.0
2025-01-04 05:00:00,,,,,,,1273.0,1273.0,,,0.0,,,0.0
2025-01-04 06:00:00,,,,,,,1273.0,1273.0,,,0.0,,,0.0
2025-01-04 07:00:00,,,,,,,1273.0,1273.0,,,0.0,,,0.0
2025-01-04 08:00:00,,,,,,,1273.0,1273.0,,,0.0,,,0.0
2025-01-04 09:00:00,0.4224,0.4982,0.3741,0.3737,,,2240.0,2240.0,0.38819999,0.0622,5.0,1.5546,0.0582,5.0
2025-01-04 10:00:00,0.5006,0.3854,0.58,0.5798,,,2240.0,2240.0,0.4818,0.099,6.0,1.3938999,0.1652,6.0
2025-01-04 11:00:00,0.6942,0.7044,0.3328,0.3324,,,2240.0,2240.0,0.3768,0.15259999,6.0,1.2195,0.27209997,6.0
2025-01-04 12:00:00,0.9156,1.0792,0.8042,0.8039,,,2240.0,2240.0,0.85139996,0.114199996,6.0,0.9728999,0.17329997,6.0
2025-01-04 13:00:00,1.0054,,,,,,193.0,249.0,1.2758,0.0652,5.0,1.1673,0.08559996,5.0
2025-01-04 14:00:00,0.84279996,,,,,,193.0,249.0,,,0.0,,,0.0
2025-01-04 15:00:00,0.6706,0.671,0.1724,0.17029999,0.31439996,1.1674,0.0,0.0,0.671,0.0,1.0,1.1674,0.0,1.0
2025-01-04 16:00:00,0.7518,,,,1.2694999,,1285.0,1533.0,0.789,0.0782,4.0,1.2960999,0.024500012,4.0
2025-01-04 17:00:00,,,,,,,1273.0,1273.0,,,0.0,,,0.0
2025-01-04 18:00:00,,,,,,,1273.0,1273.0,,,0.0,,,0.0
2025-01-04 19:00:00,,,,,,,1533.0,1533.0,,,0.0,,,0.0
2025-01-04 20:00:00,,,,,,,1533.0,1533.0,,,0.0,,,0.0
2025-01-04 21:00:00,,,,,,,1529.0,1529.0,,,0.0,,,0.0
2025-01-04 22:00:00,,,,,,,1529.0,1529.0,,,0.0,,,0.0
2025-01-04 23:00:00,,,,,,,1533.0,1533.0,,,0.0,,,0.0
2025-01-05 00:00:00,,,,,,,1533.0,1533.0,,,0.0,,,0.0
2025-01-05 01:00:00,,,,,,,1533.0,1533.0,,,0.0,,,0.0
2025-01-05 02:00:00,,,,,,,1533.0,1533.0,,,0.0,,,0.0
2025-01-05 03:00:00,,,,,,,1529.0,1529.0,,,0.0,,,0.0
2025-01-05 04:00:00,,,,,,,1529.0,1529.0,,,0.0,,,0.0
2025-01-05 05:00:00,,,,,,,1273.0,1273.0,,,0.0,,,0.0
2025-01-05 06:00:00,,,,,,,1273.0,1273.0,,,0.0,,,0.0
2025-01-05 07:00:00,,,,,,,1529.0,1529.0,,,0.0,,,0.0
2025-01-05 08:00:00,,,,,,,1273.0,1273.0,,,0.0,,,0.0
2025-01-05 09:00:00,0.4346,0.4578,0.3879,0.3876,,,2240.0,2240.0,0.3922,0.0576,5.0,1.346,0.081799984,5.0
2025-01-05 10:00:00,0.44439998,0.3858,0.6028,0.6027,,,192.0,192.0,0.4544,0.033,6.0,1.1541,0.125,6.0
2025-01-05 11:00:00,0.62619996,0.5816,0.3518,0.3515,-0.11220002,0.408,0.0,0.0,0.3062,0.1314,6.0,1.0816,0.31049997,6.0
2025-01-05 12:00:00,0.75159997,0.7902,0.7739,0.7737,,,2240.0,2240.0,0.6074,0.0884,6.0,0.76479995,0.18079996,6.0
2025-01-05 13:00:00,0.80579996,,,,,,193.0,249.0,0.83559996,0.047399998,5.0,1.1365,0.041499972,5.0
2025-01-05 14:00:00,0.72279996,,,,,,193.0,249.0,,,0.0,,,0.0
2025-01-05 15:00:00,0.6512,0.7244,0.1805,0.1777,0.2715,1.127,0.0,0.0,0.7244,0.0,1.0,1.127,0.0,1.0
2025-01-05 16:00:00,0.72319996,,,,1.2558,,1285.0,1533.0,0.7848,0.049999997,4.0,1.2326,0.06709999,4.0
2025-01-05 17:00:00,,,,,,,1273.0,1273.0,,,0.0,,,0.0
2025-01-05 18:00:00,,,,,,,1273.0,1273.0,,,0.0,,,0.0
2025-01-05 19:00:00,,,,,,,1273.0,1273.0,,,0.0,,,0.0
2025-01-05 20:00:00,,,,,,,1273.0,1273.0,,,0.0,,,0.0
2025-01-05 21:00:00,,,,,,,1273.0,1273.0,,,0.0,,,0.0
2025-01-05 22:00:00,,,,,,,1273.0,1273.0,,,0.0,,,0.0
2025-01-05 23:00:00,,,,,,,1273.0,1273.0,,,0.0,,,0.0
2025-01-06 00:00:00,,,,,,,1273.0,1273.0,,,0.0,,,0.0
2025-01-06 01:00:00,,,,,,,1273.0,1273.0,,,0.0,,,0.0
2025-01-06 02:00:00,,,,,,,1273.0,1273.0,,,0.0,,,0.0
2025-01-06 03:00:00,,,,,,,1273.0,1273.0,,,0.0,,,0.0
2025-01-06 04:00:00,,,,,,,1273.0,1273.0,,,0.0,,,0.0
2025-01-06 06:00:00,,,,,,,1273.0,1273.0,,,0.0,,,0.0
2025-01-06 07:00:00,,,,,,,1273.0,1273.0,,,0.0,,,0.0
2025-01-06 08:00:00,,,,,,,1273.0,1273.0,,,0.0,,,0.0
2025-01-06 09:00:00,0.6368,0.7578,0.3972,0.3965,,,2240.0,2240.0,0.727,0.079399996,5.0,1.6403999,0.06639999,5.0
2025-01-06 10:00:00,0.67399997,0.5948,0.5685,0.5683,,,2240.0,2240.0,0.863,0.1292,6.0,1.4961,0.12949997,6.0
2025-01-06 11:00:00,0.77239996,0.7704,0.34489998,0.3445,-0.06820002,0.49949998,0.0,0.0,0.518,0.1152,6.0,1.1827999,0.306,6.0
2025-01-06 12:00:00,0.8778,0.8656,0.78209996,0.7819,,,2240.0,2240.0,0.7848,0.0488,6.0,0.7681,0.18619996,6.0
2025-01-06 13:00:00,0.8894,,,,,,193.0,249.0,1.0122,0.061199997,4.0,1.1417999,0.044799984,4.0
2025-01-06 14:00:00,0.84779996,,,,,,193.0,249.0,,,0.0,,,0.0
2025-01-06 15:00:00,0.78639996,0.8024,0.18609999,0.1832,0.49369997,1.1911,0.0,0.0,0.8024,0.0,1.0,1.1911,0.0,1.0
2025-01-06 16:00:00,0.8438,,,,1.2543,,1285.0,1533.0,0.9676,0.137,4.0,1.2493,0.037999988,4.0
2025-01-06 17:00:00,,,,,,,1273.0,1273.0,,,0.0,,,0.0
2025-01-06 18:00:00,,,,,,,1273.0,1273.0,,,0.0,,,0.0
2025-01-06 19:00:00,,,,,,,1273.0,1273.0,,,0.0,,,0.0
2025-01-06 20:00:00,,,,,,,1273.0,1273.0,,,0.0,,,0.0
2025-01-06 21:00:00,,,,,,,1273.0,1273.0,,,0.0,,,0.0
2025-01-06 22:00:00,,,,,,,1273.0,1273.0,,,0.0,,,0.0
2025-01-06 23:00:00,,,,,,,1529.0,1529.0,,,0.0,,,0.0
2025-01-07 00:00:00,,,,,,,1529.0,1529.0,,,0.0,,,0.0
2025-01-07 01:00:00,,,,,,,1273.0,1273.0,,,0.0,,,0.0
2025-01-07 02:00:00,,,,,,,1533.0,1533.0,,,0.0,,,0.0
2025-01-07 03:00:00,,,,,,,1533.0,1533.0,,,0.0,,,0.0
2025-01-07 04:00:00,,,,,,,1273.0,1273.0,,,0.0,,,0.0
2025-01-07 05:00:00,,,,,,,1529.0,1529.0,,,0.0,,,0.0
2025-01-07 06:00:00,,,,,,,1533.0,1533.0,,,0.0,,,0.0
2025-01-07 07:00:00,,,,,,,1273.0,1273.0,,,0.0,,,0.0
2025-01-07 08:00:00,,,,,,,1533.0,1533.0,,,0.0,,,0.0
2025-01-07 09:00:00,,,,,,,509.0,509.0,,,0.0,,,0.0
2025-01-07 10:00:00,,,,,,,509.0,509.0,,,0.0,,,0.0
2025-01-07 11:00:00,,,,,,,509.0,509.0,,,0.0,,,0.0
2025-01-07 12:00:00,,,,,,,509.0,509.0,,,0.0,,,0.0
2025-01-07 13:00:00,,,,,,,509.0,509.0,2.1973999,0.22819999,3.0,1.2541,0.0715,3.0
2025-01-07 14:00:00,,,,,,,509.0,509.0,,,0.0,,,0.0
2025-01-07 15:00:00,,,,,,,505.0,504.0,1.7542,0.0,1.0,0.97609997,0.0,1.0
2025-01-07 16:00:00,,,,,,,1533.0,1533.0,,,0.0,,,0.0
2025-01-07 17:00:00,,,,,,,1533.0,1533.0,,,0.0,,,0.0
2025-01-07 18:00:00,,,,,,,1273.0,1273.0,,,0.0,,,0.0
2025-01-07 19:00:00,,,,,,,1529.0,1529.0,,,0.0,,,0.0
2025-01-07 20:00:00,,,,,,,1273.0,1273.0,,,0.0,,,0.0
2025-01-07 21:00:00,,,,,,,1273.0,1273.0,,,0.0,,,0.0
2025-01-07 22:00:00,,,,,,,1533.0,1533.0,,,0.0,,,0.0
2025-01-07 23:00:00,,,,,,,1529.0,1529.0,,,0.0,,,0.0
2025-01-08 00:00:00,,,,,,,1273.0,1273.0,,,0.0,,,0.0
2025-01-08 01:00:00,,,,,,,1273.0,1273.0,,,0.0,,,0.0
2025-01-08 02:00:00,,,,,,,1273.0,1273.0,,,0.0,,,0.0
2025-01-08 04:00:00,,,,,,,1273.0,1273.0,,,0.0,,,0.0
2025-01-08 05:00:00,,,,,,,1273.0,1273.0,,,0.0,,,0.0
2025-01-08 06:00:00,,,,,,,1273.0,1273.0,,,0.0,,,0.0
2025-01-08 07:00:00,,,,,,,1273.0,1273.0,,,0.0,,,0.0
2025-01-08 08:00:00,,,,,,,1533.0,1533.0,,,0.0,,,0.0
2025-01-08 09:00:00,,,,,,,509.0,509.0,,,0.0,,,0.0
2025-01-08 10:00:00,,,,,,,509.0,509.0,,,0.0,,,0.0
2025-01-08 11:00:00,,,,,,,509.0,509.0,,,0.0,,,0.0
2025-01-08 12:00:00,,,,,,,509.0,509.0,2.1843998,0.0,1.0,0.3879,0.0,1.0
2025-01-08 13:00:00,,,,,,,505.0,505.0,,,0.0,,,0.0
2025-01-08 14:00:00,,,,,,,509.0,509.0,,,0.0,,,0.0
2025-01-08 15:00:00,,,,,,,509.0,509.0,,,0.0,,,0.0
2025-01-08 16:00:00,,,,,,,1533.0,1533.0,,,0.0,,,0.0
2025-01-08 17:00:00,,,,,,,1533.0,1533.0,,,0.0,,,0.0
2025-01-08 18:00:00,,,,,,,1533.0,1533.0,,,0.0,,,0.0
2025-01-08 19:00:00,,,,,,,1533.0,1533.0,,,0.0,,,0.0
2025-01-08 20:00:00,,,,,,,1533.0,1533.0,,,0.0,,,0.0
2025-01-08 21:00:00,,,,,,,1529.0,1529.0,,,0.0,,,0.0
2025-01-08 22:00:00,,,,,,,1533.0,1533.0,,,0.0,,,0.0
2025-01-08 23:00:00,,,,,,,1273.0,1273.0,,,0.0,,,0.0
2025-01-09 00:00:00,,,,,,,1529.0,1529.0,,,0.0,,,0.0
2025-01-09 01:00:00,,,,,,,1533.0,1533.0,,,0.0,,,0.0
2025-01-09 02:00:00,,,,,,,1533.0,1533.0,,,0.0,,,0.0
2025-01-09 03:00:00,,,,,,,1533.0,1533.0,,,0.0,,,0.0
2025-01-09 04:00:00,,,,,,,1529.0,1529.0,,,0.0,,,0.0
2025-01-09 05:00:00,,,,,,,1533.0,1533.0,,,0.0,,,0.0
2025-01-09 06:00:00,,,,,,,1529.0,1529.0,,,0.0,,,0.0
2025-01-09 07:00:00,,,,,,,1273.0,1273.0,,,0.0,,,0.0
2025-01-09 08:00:00,,,,,,,1533.0,1533.0,,,0.0,,,0.0
2025-01-09 09:00:00,,,,,,,509.0,509.0,,,0.0,,,0.0
2025-01-09 10:00:00,,,,,,,509.0,509.0,,,0.0,,,0.0
2025-01-09 11:00:00,,,,,,,509.0,509.0,,,0.0,,,0.0
2025-01-09 12:00:00,,,,,,,509.0,509.0,,,0.0,,,0.0
2025-01-09 13:00:00,,,,,,,509.0,509.0,,,0.0,,,0.0
2025-01-09 14:00:00,,,,,,,509.0,509.0,,,0.0,,,0.0
2025-01-09 15:00:00,,,,,,,509.0,509.0,,,0.0,,,0.0
2025-01-09 16:00:00,,,,,,,1533.0,1533.0,,,0.0,,,0.0
2025-01-09 17:00:00,,,,,,,1533.0,1533.0,,,0.0,,,0.0
2025-01-09 18:00:00,,,,,,,1273.0,1273.0,,,0.0,,,0.0
2025-01-09 19:00:00,,,,,,,1273.0,1273.0,,,0.0,,,0.0
2025-01-09 20:00:00,,,,,,,1273.0,1273.0,,,0.0,,,0.0
2025-01-09 21:00:00,,,,,,,1273.0,1273.0,,,0.0,,,0.0
2025-01-09 22:00:00,,,,,,,1273.0,1273.0,,,0.0,,,0.0
2025-01-09 23:00:00,,,,,,,1273.0,1273.0,,,0.0,,,0.0
2025-01-10 00:00:00,,,,,,,1273.0,1273.0,,,0.0,,,0.0
2025-01-10 01:00:00,,,,,,,1273.0,1273.0,,,0.0,,,0.0
2025-01-10 02:00:00,,,,,,,1273.0,1273.0,,,0.0,,,0.0
2025-01-10 03:00:00,,,,,,,1533.0,1533.0,,,0.0,,,0.0
2025-01-10 04:00:00,,,,,,,1273.0,1273.0,,,0.0,,,0.0
2025-01-10 05:00:00,,,,,,,1273.0,1273.0,,,0.0,,,0.0
2025-01-10 06:00:00,,,,,,,1533.0,1533.0,,,0.0,,,0.0
2025-01-10 07:00:00,,,,,,,1273.0,1273.0,,,0.0,,,0.0
2025-01-10 08:00:00,,,,,,,1533.0,1533.0,,,0.0,,,0.0
2025-01-10 09:00:00,,,,,,,509.0,509.0,,,0.0,,,0.0
2025-01-10 10:00:00,,,,,,,509.0,509.0,,,0.0,,,0.0
2025-01-10 11:00:00,,,,,,,509.0,509.0,,,0.0,,,0.0
2025-01-10 12:00:00,,,,,,,509.0,509.0,,,0.0,,,0.0
2025-01-10 13:00:00,,,,,,,509.0,509.0,,,0.0,,,0.0
2025-01-10 14:00:00,,,,,,,509.0,509.0,,,0.0,,,0.0
2025-01-10 15:00:00,,,,,,,509.0,509.0,,,0.0,,,0.0
2025-01-10 16:00:00,,,,,,,1533.0,1533.0,,,0.0,,,0.0
2025-01-10 17:00:00,,,,,,,1533.0,1533.0,,,0.0,,,0.0
2025-01-10 18:00:00,,,,,,,1273.0,1273.0,,,0.0,,,0.0
2025-01-10 19:00:00,,,,,,,1273.0,1273.0,,,0.0,,,0.0
2025-01-10 20:00:00,,,,,,,1273.0,1273.0,,,0.0,,,0.0
2025-01-10 21:00:00,,,,,,,1273.0,1273.0,,,0.0,,,0.0
2025-01-10 22:00:00,,,,,,,1273.0,1273.0,,,0.0,,,0.0
2025-01-10 23:00:00,,,,,,,1273.0,1273.0,,,0.0,,,0.0
2025-01-11 00:00:00,,,,,,,1273.0,1273.0,,,0.0,,,0.0
2025-01-11 01:00:00,,,,,,,1273.0,1273.0,,,0.0,,,0.0
2025-01-11 02:00:00,,,,,,,1273.0,1273.0,,,0.0,,,0.0
2025-01-11 03:00:00,,,,,,,1273.0,1273.0,,,0.0,,,0.0
2025-01-11 04:00:00,,,,,,,1533.0,1533.0,,,0.0,,,0.0
2025-01-11 05:00:00,,,,,,,1273.0,1273.0,,,0.0,,,0.0
2025-01-11 06:00:00,,,,,,,1529.0,1529.0,,,0.0,,,0.0
2025-01-11 07:00:00,,,,,,,1533.0,1533.0,,,0.0,,,0.0
2025-01-11 08:00:00,,,,,,,1533.0,1533.0,,,0.0,,,0.0
2025-01-11 09:00:00,,,,,,,509.0,509.0,,,0.0,,,0.0
2025-01-11 10:00:00,,,,,,,509.0,509.0,,,0.0,,,0.0
2025-01-11 11:00:00,,,,,,,509.0,509.0,,,0.0,,,0.0
2025-01-11 12:00:00,,,,,,,509.0,509.0,,,0.0,,,0.0
2025-01-11 13:00:00,,,,,,,509.0,509.0,,,0.0,,,0.0
2025-01-11 14:00:00,,,,,,,505.0,505.0,,,0.0,,,0.0
2025-01-11 15:00:00,,,,,,,249.0,249.0,,,0.0,,,0.0
2025-01-11 16:00:00,,,,,,,1533.0,1533.0,0.1964,0.0176,4.0,0.6833,0.34389997,4.0
2025-01-11 17:00:00,,,,,,,1533.0,1533.0,,,0.0,,,0.0
2025-01-11 18:00:00,,,,,,,1273.0,1273.0,,,0.0,,,0.0
2025-01-11 19:00:00,,,,,,,1273.0,1273.0,,,0.0,,,0.0
2025-01-11 20:00:00,,,,,,,1273.0,1273.0,,,0.0,,,0.0
2025-01-11 21:00:00,,,,,,,1273.0,1273.0,,,0.0,,,0.0
2025-01-11 22:00:00,,,,,,,1273.0,1273.0,,,0.0,,,0.0
2025-01-11 23:00:00,,,,,,,1273.0,1273.0,,,0.0,,,0.0
2025-01-12 00:00:00,,,,,,,1273.0,1273.0,,,0.0,,,0.0
2025-01-12 01:00:00,,,,,,,1273.0,1273.0,,,0.0,,,0.0
2025-01-12 02:00:00,,,,,,,1273.0,1273.0,,,0.0,,,0.0
2025-01-12 03:00:00,,,,,,,1273.0,1273.0,,,0.0,,,0.0
2025-01-12 04:00:00,,,,,,,1273.0,1273.0,,,0.0,,,0.0
2025-01-12 05:00:00,,,,,,,1273.0,1273.0,,,0.0,,,0.0
2025-01-12 06:00:00,,,,,,,1273.0,1273.0,,,0.0,,,0.0
2025-01-12 07:00:00,,,,,,,1273.0,1273.0,,,0.0,,,0.0
2025-01-12 08:00:00,,,,,,,1273.0,1273.0,,,0.0,,,0.0
2025-01-12 09:00:00,,,,,,,509.0,509.0,,,0.0,,,0.0
2025-01-12 10:00:00,,,,,,,505.0,505.0,,,0.0,,,0.0
2025-01-12 11:00:00,,,,,,,509.0,509.0,,,0.0,,,0.0
2025-01-12 12:00:00,,,,,,,509.0,509.0,,,0.0,,,0.0
2025-01-12 13:00:00,,,,,,,509.0,509.0,,,0.0,,,0.0
2025-01-12 14:00:00,,,,,,,509.0,509.0,,,0.0,,,0.0
2025-01-12 15:00:00,,,,,,,249.0,249.0,,,0.0,,,0.0
2025-01-12 17:00:00,,,,,,,1273.0,1273.0,,,0.0,,,0.0
2025-01-12 18:00:00,,,,,,,1273.0,1273.0,,,0.0,,,0.0
2025-01-12 19:00:00,,,,,,,1273.0,1273.0,,,0.0,,,0.0
2025-01-12 20:00:00,,,,,,,1273.0,1273.0,,,0.0,,,0.0
2025-01-12 21:00:00,,,,,,,1273.0,1273.0,,,0.0,,,0.0
2025-01-12 22:00:00,,,,,,,1273.0,1273.0,,,0.0,,,0.0
2025-01-12 23:00:00,,,,,,,1273.0,1273.0,,,0.0,,,0.0
2025-01-13 00:00:00,,,,,,,1273.0,1273.0,,,0.0,,,0.0
2025-01-13 01:00:00,,,,,,,1273.0,1273.0,,,0.0,,,0.0
2025-01-13 02:00:00,,,,,,,1273.0,1273.0,,,0.0,,,0.0
2025-01-13 03:00:00,,,,,,,1273.0,1273.0,,,0.0,,,0.0
2025-01-13 04:00:00,,,,,,,1273.0,1273.0,,,0.0,,,0.0
2025-01-13 05:00:00,,,,,,,1273.0,1273.0,,,0.0,,,0.0
2025-01-13 06:00:00,,,,,,,1273.0,1273.0,,,0.0,,,0.0
2025-01-13 07:00:00,,,,,,,1273.0,1273.0,,,0.0,,,0.0
2025-01-13 08:00:00,,,,,,,1273.0,1273.0,,,0.0,,,0.0
2025-01-13 09:00:00,,,,,,,249.0,249.0,,,0.0,,,0.0
2025-01-13 10:00:00,,,,,,,249.0,249.0,,,0.0,,,0.0
2025-01-13 11:00:00,,,,,,,249.0,249.0,,,0.0,,,0.0
2025-01-13 12:00:00,,,,,,,509.0,509.0,,,0.0,,,0.0
2025-01-13 13:00:00,,,,,,,249.0,249.0,,,0.0,,,0.0
2025-01-13 14:00:00,0.2818,,,,,,193.0,249.0,,,0.0,,,0.0
2025-01-13 15:00:00,0.2914,0.184,0.1803,0.17979999,,,2240.0,2240.0,0.184,0.0,1.0,0.8018,0.0,1.0
2025-01-13 16:00:00,0.221,,,,,,1477.0,1533.0,0.24399999,0.034199998,5.0,0.9491,0.2299,5.0
2025-01-13 17:00:00,,,,,,,1533.0,1533.0,,,0.0,,,0.0
2025-01-13 18:00:00,,,,,,,1273.0,1273.0,,,0.0,,,0.0
2025-01-13 19:00:00,,,,,,,1273.0,1273.0,,,0.0,,,0.0
2025-01-13 20:00:00,,,,,,,1273.0,1273.0,,,0.0,,,0.0
2025-01-13 21:00:00,,,,,,,1273.0,1273.0,,,0.0,,,0.0
2025-01-13 22:00:00,,,,,,,1273.0,1273.0,,,0.0,,,0.0
2025-01-13 23:00:00,,,,,,,1273.0,1273.0,,,0.0,,,0.0
2025-01-14 00:00:00,,,,,,,1273.0,1273.0,,,0.0,,,0.0
2025-01-14 01:00:00,,,,,,,1273.0,1273.0,,,0.0,,,0.0
2025-01-14 02:00:00,,,,,,,1273.0,1273.0,,,0.0,,,0.0
2025-01-14 03:00:00,,,,,,,1273.0,1273.0,,,0.0,,,0.0
2025-01-14 04:00:00,,,,,,,1273.0,1273.0,,,0.0,,,0.0
2025-01-14 05:00:00,,,,,,,1273.0,1273.0,,,0.0,,,0.0
2025-01-14 06:00:00,,,,,,,1273.0,1273.0,,,0.0,,,0.0
2025-01-14 07:00:00,,,,,,,1273.0,1273.0,,,0.0,,,0.0
2025-01-14 08:00:00,,,,,,,1273.0,1273.0,,,0.0,,,0.0
2025-01-14 09:00:00,,,,,,,505.0,504.0,0.13319999,0.063599996,3.0,1.025,0.10799998,3.0
2025-01-14 10:00:00,,,,,,,249.0,249.0,0.1034,0.038799997,4.0,1.0746,0.08880001,4.0
2025-01-14 11:00:00,0.2716,,,,,,193.0,249.0,,,0.0,,,0.0
2025-01-14 12:00:00,0.3144,,,,,,453.0,509.0,,,0.0,,,0.0
2025-01-14 13:00:00,0.37399998,,,,,,193.0,249.0,0.4768,0.054399997,5.0,1.1014,0.07370001,5.0
2025-01-14 14:00:00,0.31939998,,,,,,193.0,249.0,,,0.0,,,0.0
2025-01-14 15:00:00,0.26659998,0.2474,0.18509999,0.1848,,,2240.0,2240.0,0.2474,0.0,1.0,1.1179,0.0,1.0
2025-01-14 16:00:00,0.2566,,,,,,1477.0,1533.0,0.3854,0.093399994,5.0,1.3874999,0.12189996,5.0
2025-01-14 17:00:00,,,,,,,1273.0,1273.0,,,0.0,,,0.0
2025-01-14 18:00:00,,,,,,,1273.0,1273.0,,,0.0,,,0.0
2025-01-14 19:00:00,,,,,,,1273.0,1273.0,,,0.0,,,0.0
2025-01-14 20:00:00,,,,,,,1273.0,1273.0,,,0.0,,,0.0
2025-01-14 21:00:00,,,,,,,1273.0,1273.0,,,0.0,,,0.0
2025-01-14 22:00:00,,,,,,,1273.0,1273.0,,,0.0,,,0.0
2025-01-14 23:00:00,,,,,,,1273.0,1273.0,,,0.0,,,0.0
2025-01-15 00:00:00,,,,,,,1273.0,1273.0,,,0.0,,,0.0
2025-01-15 02:00:00,,,,,,,1529.0,1529.0,,,0.0,,,0.0
2025-01-15 03:00:00,,,,,,,1529.0,1529.0,,,0.0,,,0.0
2025-01-15 04:00:00,,,,,,,1529.0,1529.0,,,0.0,,,0.0
2025-01-15 05:00:00,,,,,,,1273.0,1273.0,,,0.0,,,0.0
2025-01-15 06:00:00,,,,,,,1273.0,1273.0,,,0.0,,,0.0
2025-01-15 07:00:00,,,,,,,1273.0,1273.0,,,0.0,,,0.0
2025-01-15 08:00:00,,,,,,,1533.0,1533.0,,,0.0,,,0.0
2025-01-15 09:00:00,,,,,,,509.0,509.0,,,0.0,,,0.0
2025-01-15 10:00:00,,,,,,,509.0,509.0,,,0.0,,,0.0
2025-01-15 11:00:00,,,,,,,509.0,509.0,,,0.0,,,0.0
2025-01-15 12:00:00,,,,,,,505.0,504.0,3.05,0.0016,2.0,0.5217999,0.09469998,2.0
2025-01-15 13:00:00,,,,,,,505.0,505.0,3.6294,0.44579998,3.0,0.5976,0.030699968,3.0
2025-01-15 14:00:00,,,,,,,509.0,509.0,,,0.0,,,0.0
2025-01-15 15:00:00,,,,,,,509.0,509.0,,,0.0,,,0.0
2025-01-15 16:00:00,,,,,,,1533.0,1533.0,1.0568,0.0,1.0,0.204,0.0,1.0
2025-01-15 17:00:00,,,,,,,1533.0,1533.0,,,0.0,,,0.0
2025-01-15 18:00:00,,,,,,,1273.0,1273.0,,,0.0,,,0.0
2025-01-15 19:00:00,,,,,,,1529.0,1529.0,,,0.0,,,0.0
2025-01-15 20:00:00,,,,,,,1529.0,1529.0,,,0.0,,,0.0
2025-01-15 21:00:00,,,,,,,1533.0,1533.0,,,0.0,,,0.0
2025-01-15 22:00:00,,,,,,,1529.0,1529.0,,,0.0,,,0.0
2025-01-15 23:00:00,,,,,,,1273.0,1273.0,,,0.0,,,0.0
2025-01-16 00:00:00,,,,,,,1273.0,1273.0,,,0.0,,,0.0
2025-01-16 01:00:00,,,,,,,1529.0,1529.0,,,0.0,,,0.0
2025-01-16 02:00:00,,,,,,,1273.0,1273.0,,,0.0,,,0.0
2025-01-16 03:00:00,,,,,,,1273.0,1273.0,,,0.0,,,0.0
2025-01-16 04:00:00,,,,,,,1529.0,1529.0,,,0.0,,,0.0
2025-01-16 05:00:00,,,,,,,1529.0,1529.0,,,0.0,,,0.0
2025-01-16 06:00:00,,,,,,,1533.0,1533.0,,,0.0,,,0.0
2025-01-16 07:00:00,,,,,,,1273.0,1273.0,,,0.0,,,0.0
2025-01-16 08:00:00,,,,,,,1533.0,1533.0,,,0.0,,,0.0
2025-01-16 09:00:00,,,,,,,509.0,509.0,,,0.0,,,0.0
2025-01-16 10:00:00,,,,,,,505.0,504.0,0.3362,0.0,1.0,0.6891,0.0,1.0
2025-01-16 11:00:00,,,,,,,509.0,509.0,0.295,0.0704,5.0,0.72679996,0.07989997,5.0
2025-01-16 12:00:00,,,,,,,509.0,509.0,0.76739997,0.15259999,2.0,0.5336,0.6215999,2.0
2025-01-16 13:00:00,,,,,,,505.0,505.0,1.0432,0.1594,4.0,1.0165,0.17759997,4.0
2025-01-16 14:00:00,,,,,,,505.0,505.0,,,0.0,,,0.0
2025-01-16 15:00:00,,,,,,,2297.0,2296.0,0.44939998,0.0,1.0,1.449,0.0,1.0
2025-01-16 16:00:00,,,,,,,1533.0,1533.0,0.5674,0.0324,3.0,1.3112999,0.09579998,3.0
2025-01-16 17:00:00,,,,,,,1533.0,1533.0,,,0.0,,,0.0
2025-01-16 18:00:00,,,,,,,1529.0,1529.0,,,0.0,,,0.0
2025-01-16 19:00:00,,,,,,,1529.0,1529.0,,,0.0,,,0.0
2025-01-16 20:00:00,,,,,,,1533.0,1533.0,,,0.0,,,0.0
2025-01-16 21:00:00,,,,,,,1273.0,1273.0,,,0.0,,,0.0
2025-01-16 22:00:00,,,,,,,1273.0,1273.0,,,0.0,,,0.0
2025-01-16 23:00:00,,,,,,,1273.0,1273.0,,,0.0,,,0.0
2025-01-17 00:00:00,,,,,,,1273.0,1273.0,,,0.0,,,0.0
2025-01-17 01:00:00,,,,,,,1273.0,1273.0,,,0.0,,,0.0
2025-01-17 02:00:00,,,,,,,1273.0,1273.0,,,0.0,,,0.0
2025-01-17 03:00:00,,,,,,,1273.0,1273.0,,,0.0,,,0.0
2025-01-17 04:00:00,,,,,,,1273.0,1273.0,,,0.0,,,0.0
2025-01-17 05:00:00,,,,,,,1273.0,1273.0,,,0.0,,,0.0
2025-01-17 06:00:00,,,,,,,1273.0,1273.0,,,0.0,,,0.0
2025-01-17 07:00:00,,,,,,,1273.0,1273.0,,,0.0,,,0.0
2025-01-17 08:00:00,,,,,,,1273.0,1273.0,,,0.0,,,0.0
2025-01-17 09:00:00,0.38239998,,,,,,2241.0,2296.0,0.4696,0.0358,5.0,1.316,0.0905,5.0
2025-01-17 10:00:00,0.4244,0.56,0.5305,0.5302,-0.1615,0.9362,0.0,0.0,0.369,0.0932,6.0,1.1398,0.099699974,6.0
2025-01-17 11:00:00,0.608,,,,,,193.0,248.0,0.55799997,0.16399999,6.0,0.91919994,0.27709997,6.0
2025-01-17 12:00:00,0.87,1.0842,0.8703,0.87,,,2240.0,2240.0,0.8544,0.118,6.0,0.6228,0.1749,6.0
2025-01-17 13:00:00,0.9298,,,,,,193.0,249.0,1.1056,0.0196,5.0,1.0490999,0.07409996,5.0
2025-01-17 14:00:00,0.8498,,,,,,193.0,249.0,,,0.0,,,0.0
2025-01-17 15:00:00,0.80539995,0.9604,0.19389999,0.19039999,0.362,1.1033,0.0,0.0,0.9604,0.0,1.0,1.1033,0.0,1.0
2025-01-17 16:00:00,0.8524,,,,1.0634999,,1285.0,1533.0,1.1159999,0.1574,5.0,1.3036,0.072699964,5.0
2025-01-17 17:00:00,,,,,,,1529.0,1529.0,,,0.0,,,0.0
2025-01-17 18:00:00,,,,,,,1273.0,1273.0,,,0.0,,,0.0
2025-01-17 19:00:00,,,,,,,1273.0,1273.0,,,0.0,,,0.0
2025-01-17 20:00:00,,,,,,,1273.0,1273.0,,,0.0,,,0.0
2025-01-17 21:00:00,,,,,,,1273.0,1273.0,,,0.0,,,0.0
2025-01-17 22:00:00,,,,,,,1273.0,1273.0,,,0.0,,,0.0
2025-01-17 23:00:00,,,,,,,1273.0,1273.0,,,0.0,,,0.0
2025-01-18 00:00:00,,,,,,,1273.0,1273.0,,,0.0,,,0.0
2025-01-18 01:00:00,,,,,,,1273.0,1273.0,,,0.0,,,0.0
2025-01-18 02:00:00,,,,,,,1273.0,1273.0,,,0.0,,,0.0
2025-01-18 03:00:00,,,,,,,1273.0,1273.0,,,0.0,,,0.0
2025-01-18 04:00:00,,,,,,,1529.0,1529.0,,,0.0,,,0.0
2025-01-18 05:00:00,,,,,,,1273.0,1273.0,,,0.0,,,0.0
2025-01-18 06:00:00,,,,,,,1273.0,1273.0,,,0.0,,,0.0
2025-01-18 07:00:00,,,,,,,1273.0,1273.0,,,0.0,,,0.0
2025-01-18 08:00:00,,,,,,,1533.0,1533.0,,,0.0,,,0.0
2025-01-18 09:00:00,,,,,,,509.0,509.0,,,0.0,,,0.0
2025-01-18 10:00:00,,,,,,,509.0,509.0,,,0.0,,,0.0
2025-01-18 11:00:00,,,,,,,509.0,509.0,,,0.0,,,0.0
2025-01-18 12:00:00,,,,,,,509.0,509.0,,,0.0,,,0.0
2025-01-18 13:00:00,,,,,,,509.0,509.0,,,0.0,,,0.0
2025-01-18 14:00:00,,,,,,,509.0,509.0,,,0.0,,,0.0
2025-01-18 15:00:00,,,,,,,509.0,509.0,,,0.0,,,0.0
2025-01-18 16:00:00,,,,,,,1533.0,1533.0,,,0.0,,,0.0
2025-01-18 17:00:00,,,,,,,1533.0,1533.0,,,0.0,,,0.0
2025-01-18 18:00:00,,,,,,,1273.0,1273.0,,,0.0,,,0.0
2025-01-18 19:00:00,,,,,,,1273.0,1273.0,,,0.0,,,0.0
2025-01-18 20:00:00,,,,,,,1273.0,1273.0,,,0.0,,,0.0
2025-01-18 21:00:00,,,,,,,1273.0,1273.0,,,0.0,,,0.0
2025-01-18 22:00:00,,,,,,,1273.0,1273.0,,,0.0,,,0.0
2025-01-18 23:00:00,,,,,,,1273.0,1273.0,,,0.0,,,0.0
2025-01-19 00:00:00,,,,,,,1273.0,1273.0,,,0.0,,,0.0
2025-01-19 01:00:00,,,,,,,1273.0,1273.0,,,0.0,,,0.0
2025-01-19 03:00:00,,,,,,,1273.0,1273.0,,,0.0,,,0.0
2025-01-19 04:00:00,,,,,,,1273.0,1273.0,,,0.0,,,0.0
2025-01-19 05:00:00,,,,,,,1273.0,1273.0,,,0.0,,,0.0
2025-01-19 06:00:00,,,,,,,1273.0,1273.0,,,0.0,,,0.0
2025-01-19 07:00:00,,,,,,,1273.0,1273.0,,,0.0,,,0.0
2025-01-19 08:00:00,,,,,,,1533.0,1533.0,,,0.0,,,0.0
2025-01-19 09:00:00,,,,,,,509.0,509.0,,,0.0,,,0.0
2025-01-19 11:00:00,,,,,,,509.0,509.0,,,0.0,,,0.0
2025-01-19 12:00:00,,,,,,,509.0,509.0,,,0.0,,,0.0
2025-01-19 13:00:00,,,,,,,509.0,509.0,,,0.0,,,0.0
2025-01-19 14:00:00,,,,,,,505.0,505.0,,,0.0,,,0.0
2025-01-19 15:00:00,,,,,,,505.0,504.0,0.8652,0.0,1.0,0.2464,0.0,1.0
2025-01-19 16:00:00,,,,,,,1533.0,1533.0,0.5956,0.04,3.0,1.2063999,0.15459996,3.0
2025-01-19 17:00:00,,,,,,,1533.0,1533.0,,,0.0,,,0.0
2025-01-19 18:00:00,,,,,,,1529.0,1529.0,,,0.0,,,0.0
2025-01-19 19:00:00,,,,,,,1273.0,1273.0,,,0.0,,,0.0
2025-01-19 21:00:00,,,,,,,1273.0,1273.0,,,0.0,,,0.0
2025-01-19 22:00:00,,,,,,,1529.0,1529.0,,,0.0,,,0.0
2025-01-19 23:00:00,,,,,,,1529.0,1529.0,,,0.0,,,0.0
2025-01-20 00:00:00,,,,,,,1273.0,1273.0,,,0.0,,,0.0
2025-01-20 01:00:00,,,,,,,1529.0,1529.0,,,0.0,,,0.0
2025-01-20 02:00:00,,,,,,,1273.0,1273.0,,,0.0,,,0.0
2025-01-20 03:00:00,,,,,,,1273.0,1273.0,,,0.0,,,0.0
2025-01-20 04:00:00,,,,,,,1533.0,1533.0,,,0.0,,,0.0
2025-01-20 05:00:00,,,,,,,1273.0,1273.0,,,0.0,,,0.0
2025-01-20 06:00:00,,,,,,,1533.0,1533.0,,,0.0,,,0.0
2025-01-20 07:00:00,,,,,,,1273.0,1273.0,,,0.0,,,0.0
2025-01-20 08:00:00,,,,,,,1533.0,1533.0,,,0.0,,,0.0
2025-01-20 09:00:00,,,,,,,509.0,509.0,,,0.0,,,0.0
2025-01-20 10:00:00,,,,,,,505.0,505.0,,,0.0,,,0.0
2025-01-20 11:00:00,,,,,,,509.0,509.0,3.1973999,0.3048,2.0,0.8434,0.064499974,2.0
2025-01-20 12:00:00,,,,,,,509.0,509.0,,,0.0,,,0.0
2025-01-20 13:00:00,1.0582,1.1602,0.2827,0.2796,0.47389996,0.712,0.0,0.0,1.428,0.1286,6.0,0.99399996,0.14019996,6.0
2025-01-20 14:00:00,1.0458,1.163,0.23449999,0.233,0.039900005,1.0523,0.0,0.0,1.0688,0.060399998,6.0,1.0087999,0.11049998,6.0
2025-01-20 15:00:00,0.9564,0.9058,0.2243,0.2226,0.66929996,1.0718,0.0,0.0,1.0652,0.074599996,6.0,1.1661999,0.06459999,6.0
2025-01-20 16:00:00,0.96519995,,,,1.0331,,1285.0,1533.0,1.0244,0.085599996,5.0,1.2838999,0.07929999,5.0
2025-01-20 17:00:00,,,,,,,1533.0,1533.0,,,0.0,,,0.0
2025-01-20 18:00:00,,,,,,,1273.0,1273.0,,,0.0,,,0.0
2025-01-20 19:00:00,,,,,,,1273.0,1273.0,,,0.0,,,0.0
2025-01-20 20:00:00,,,,,,,1273.0,1273.0,,,0.0,,,0.0
2025-01-20 21:00:00,,,,,,,1273.0,1273.0,,,0.0,,,0.0
2025-01-20 22:00:00,,,,,,,1273.0,1273.0,,,0.0,,,0.0
2025-01-20 23:00:00,,,,,,,1273.0,1273.0,,,0.0,,,0.0
2025-01-21 00:00:00,,,,,,,1273.0,1273.0,,,0.0,,,0.0
2025-01-21 01:00:00,,,,,,,1529.0,1529.0,,,0.0,,,0.0
2025-01-21 02:00:00,,,,,,,1273.0,1273.0,,,0.0,,,0.0
2025-01-21 03:00:00,,,,,,,1529.0,1529.0,,,0.0,,,0.0
2025-01-21 04:00:00,,,,,,,1273.0,1273.0,,,0.0,,,0.0
2025-01-21 05:00:00,,,,,,,1529.0,1529.0,,,0.0,,,0.0
2025-01-21 06:00:00,,,,,,,1533.0,1533.0,,,0.0,,,0.0
2025-01-21 07:00:00,,,,,,,1533.0,1533.0,,,0.0,,,0.0
2025-01-21 08:00:00,,,,,,,1533.0,1533.0,,,0.0,,,0.0
2025-01-21 09:00:00,,,,,,,509.0,509.0,2.677,0.0,1.0,1.109,0.0,1.0
2025-01-21 10:00:00,,,,,,,2297.0,2296.0,1.044,0.147,4.0,1.6375,0.16469997,4.0
2025-01-21 11:00:00,,,,,,,509.0,509.0,1.561,0.25079998,2.0,1.1870999,0.020399988,2.0
2025-01-21 12:00:00,,,,,,,2553.0,2552.0,1.375,0.0,1.0,0.9584999,0.0,1.0
2025-01-21 13:00:00,,,,,,,509.0,509.0,1.3723999,0.0748,4.0,1.0629,0.083299994,4.0
2025-01-21 14:00:00,,,,,,,2553.0,2552.0,0.7488,0.0628,4.0,1.0123999,0.24919999,4.0
2025-01-21 15:00:00,,,,,,,249.0,248.0,0.6904,0.0748,2.0,1.0882,0.013899982,2.0
2025-01-21 16:00:00,,,,,,,1533.0,1533.0,0.7,0.073,5.0,1.3407999,0.114199996,5.0
2025-01-21 17:00:00,,,,,,,1533.0,1533.0,,,0.0,,,0.0
2025-01-21 18:00:00,,,,,,,1529.0,1529.0,,,0.0,,,0.0
2025-01-21 19:00:00,,,,,,,1533.0,1533.0,,,0.0,,,0.0
2025-01-21 20:00:00,,,,,,,1273.0,1273.0,,,0.0,,,0.0
2025-01-21 21:00:00,,,,,,,1529.0,1529.0,,,0.0,,,0.0
2025-01-21 22:00:00,,,,,,,1533.0,1533.0,,,0.0,,,0.0
2025-01-22 02:00:00,,,,,,,1273.0,1273.0,,,0.0,,,0.0
2025-01-22 03:00:00,,,,,,,1273.0,1273.0,,,0.0,,,0.0
2025-01-22 04:00:00,,,,,,,1529.0,1529.0,,,0.0,,,0.0
2025-01-22 05:00:00,,,,,,,1533.0,1533.0,,,0.0,,,0.0
2025-01-22 06:00:00,,,,,,,1273.0,1273.0,,,0.0,,,0.0
2025-01-22 07:00:00,,,,,,,1273.0,1273.0,,,0.0,,,0.0
2025-01-22 08:00:00,,,,,,,1533.0,1533.0,,,0.0,,,0.0
2025-01-22 09:00:00,,,,,,,509.0,509.0,,,0.0,,,0.0
2025-01-22 10:00:00,,,,,,,509.0,509.0,,,0.0,,,0.0
2025-01-22 11:00:00,,,,,,,509.0,509.0,,,0.0,,,0.0
2025-01-22 12:00:00,,,,,,,509.0,509.0,,,0.0,,,0.0
2025-01-22 13:00:00,,,,,,,509.0,509.0,,,0.0,,,0.0
2025-01-22 14:00:00,,,,,,,509.0,509.0,,,0.0,,,0.0
2025-01-22 15:00:00,,,,,,,509.0,509.0,,,0.0,,,0.0
2025-01-22 16:00:00,,,,,,,1533.0,1533.0,,,0.0,,,0.0
2025-01-22 17:00:00,,,,,,,1533.0,1533.0,,,0.0,,,0.0
2025-01-22 18:00:00,,,,,,,1273.0,1273.0,,,0.0,,,0.0
2025-01-22 19:00:00,,,,,,,1273.0,1273.0,,,0.0,,,0.0
2025-01-22 20:00:00,,,,,,,1273.0,1273.0,,,0.0,,,0.0
2025-01-22 21:00:00,,,,,,,1273.0,1273.0,,,0.0,,,0.0
2025-01-22 22:00:00,,,,,,,1273.0,1273.0,,,0.0,,,0.0
2025-01-22 23:00:00,,,,,,,1273.0,1273.0,,,0.0,,,0.0
2025-01-23 00:00:00,,,,,,,1273.0,1273.0,,,0.0,,,0.0
2025-01-23 01:00:00,,,,,,,1273.0,1273.0,,,0.0,,,0.0
2025-01-23 02:00:00,,,,,,,1273.0,1273.0,,,0.0,,,0.0
2025-01-23 03:00:00,,,,,,,1273.0,1273.0,,,0.0,,,0.0
2025-01-23 04:00:00,,,,,,,1273.0,1273.0,,,0.0,,,0.0
2025-01-23 05:00:00,,,,,,,1273.0,1273.0,,,0.0,,,0.0
2025-01-23 06:00:00,,,,,,,1273.0,1273.0,,,0.0,,,0.0
2025-01-23 07:00:00,,,,,,,1273.0,1273.0,,,0.0,,,0.0
2025-01-23 08:00:00,,,,,,,1533.0,1533.0,,,0.0,,,0.0
2025-01-23 09:00:00,,,,,,,509.0,509.0,,,0.0,,,0.0
2025-01-23 10:00:00,,,,,,,509.0,509.0,,,0.0,,,0.0
2025-01-23 11:00:00,,,,,,,509.0,509.0,,,0.0,,,0.0
2025-01-23 12:00:00,,,,,,,509.0,509.0,,,0.0,,,0.0
2025-01-23 13:00:00,,,,,,,509.0,509.0,,,0.0,,,0.0
2025-01-23 14:00:00,,,,,,,509.0,509.0,,,0.0,,,0.0
2025-01-23 15:00:00,,,,,,,509.0,509.0,,,0.0,,,0.0
2025-01-23 16:00:00,,,,,,,509.0,509.0,,,0.0,,,0.0
2025-01-23 17:00:00,,,,,,,1533.0,1533.0,,,0.0,,,0.0
2025-01-23 18:00:00,,,,,,,1273.0,1273.0,,,0.0,,,0.0
2025-01-23 19:00:00,,,,,,,1273.0,1273.0,,,0.0,,,0.0
2025-01-23 20:00:00,,,,,,,1273.0,1273.0,,,0.0,,,0.0
2025-01-23 21:00:00,,,,,,,1273.0,1273.0,,,0.0,,,0.0
2025-01-23 22:00:00,,,,,,,1273.0,1273.0,,,0.0,,,0.0
2025-01-23 23:00:00,,,,,,,1273.0,1273.0,,,0.0,,,0.0
2025-01-24 00:00:00,,,,,,,1273.0,1273.0,,,0.0,,,0.0
2025-01-24 01:00:00,,,,,,,1273.0,1273.0,,,0.0,,,0.0
2025-01-24 02:00:00,,,,,,,1273.0,1273.0,,,0.0,,,0.0
2025-01-24 03:00:00,,,,,,,1273.0,1273.0,,,0.0,,,0.0
2025-01-24 04:00:00,,,,,,,1273.0,1273.0,,,0.0,,,0.0
2025-01-24 05:00:00,,,,,,,1273.0,1273.0,,,0.0,,,0.0
2025-01-24 06:00:00,,,,,,,1273.0,1273.0,,,0.0,,,0.0
2025-01-24 07:00:00,,,,,,,1273.0,1273.0,,,0.0,,,0.0
2025-01-24 08:00:00,,,,,,,1533.0,1533.0,,,0.0,,,0.0
2025-01-24 09:00:00,,,,,,,509.0,509.0,,,0.0,,,0.0
2025-01-24 10:00:00,,,,,,,509.0,509.0,,,0.0,,,0.0
2025-01-24 11:00:00,,,,,,,509.0,509.0,,,0.0,,,0.0
2025-01-24 12:00:00,,,,,,,509.0,509.0,,,0.0,,,0.0
2025-01-24 13:00:00,,,,,,,509.0,509.0,,,0.0,,,0.0
2025-01-24 14:00:00,,,,,,,509.0,509.0,,,0.0,,,0.0
2025-01-24 15:00:00,,,,,,,509.0,509.0,,,0.0,,,0.0
2025-01-24 16:00:00,,,,,,,509.0,509.0,,,0.0,,,0.0
2025-01-24 17:00:00,,,,,,,1533.0,1533.0,,,0.0,,,0.0
2025-01-24 18:00:00,,,,,,,1273.0,1273.0,,,0.0,,,0.0
2025-01-24 19:00:00,,,,,,,1273.0,1273.0,,,0.0,,,0.0
2025-01-24 20:00:00,,,,,,,1529.0,1529.0,,,0.0,,,0.0
2025-01-24 21:00:00,,,,,,,1273.0,1273.0,,,0.0,,,0.0
2025-01-24 22:00:00,,,,,,,1273.0,1273.0,,,0.0,,,0.0
2025-01-24 23:00:00,,,,,,,1273.0,1273.0,,,0.0,,,0.0
2025-01-25 00:00:00,,,,,,,1273.0,1273.0,,,0.0,,,0.0
2025-01-25 01:00:00,,,,,,,1273.0,1273.0,,,0.0,,,0.0
2025-01-25 02:00:00,,,,,,,1273.0,1273.0,,,0.0,,,0.0
2025-01-25 03:00:00,,,,,,,1273.0,1273.0,,,0.0,,,0.0
2025-01-25 04:00:00,,,,,,,1273.0,1273.0,,,0.0,,,0.0
2025-01-25 05:00:00,,,,,,,1273.0,1273.0,,,0.0,,,0.0
2025-01-25 06:00:00,,,,,,,1529.0,1529.0,,,0.0,,,0.0
2025-01-25 07:00:00,,,,,,,1273.0,1273.0,,,0.0,,,0.0
2025-01-25 08:00:00,,,,,,,1533.0,1533.0,,,0.0,,,0.0
2025-01-25 09:00:00,,,,,,,509.0,509.0,,,0.0,,,0.0
2025-01-25 10:00:00,,,,,,,509.0,509.0,,,0.0,,,0.0
2025-01-25 11:00:00,,,,,,,509.0,509.0,,,0.0,,,0.0
2025-01-25 12:00:00,,,,,,,509.0,509.0,,,0.0,,,0.0
2025-01-25 13:00:00,,,,,,,509.0,509.0,,,0.0,,,0.0
2025-01-25 14:00:00,,,,,,,509.0,509.0,,,0.0,,,0.0
2025-01-25 15:00:00,,,,,,,509.0,509.0,,,0.0,,,0.0
2025-01-25 16:00:00,,,,,,,509.0,509.0,,,0.0,,,0.0
2025-01-25 17:00:00,,,,,,,1533.0,1533.0,,,0.0,,,0.0
2025-01-25 18:00:00,,,,,,,1273.0,1273.0,,,0.0,,,0.0
2025-01-25 19:00:00,,,,,,,1273.0,1273.0,,,0.0,,,0.0
2025-01-25 20:00:00,,,,,,,1273.0,1273.0,,,0.0,,,0.0
2025-01-25 21:00:00,,,,,,,1273.0,1273.0,,,0.0,,,0.0
2025-01-25 22:00:00,,,,,,,1529.0,1529.0,,,0.0,,,0.0
2025-01-25 23:00:00,,,,,,,1529.0,1529.0,,,0.0,,,0.0
2025-01-26 00:00:00,,,,,,,1529.0,1529.0,,,0.0,,,0.0
2025-01-26 01:00:00,,,,,,,1529.0,1529.0,,,0.0,,,0.0
2025-01-26 02:00:00,,,,,,,1273.0,1273.0,,,0.0,,,0.0
2025-01-26 03:00:00,,,,,,,1533.0,1533.0,,,0.0,,,0.0
2025-01-26 04:00:00,,,,,,,1529.0,1529.0,,,0.0,,,0.0
2025-01-26 05:00:00,,,,,,,1533.0,1533.0,,,0.0,,,0.0
2025-01-26 06:00:00,,,,,,,1533.0,1533.0,,,0.0,,,0.0
2025-01-26 07:00:00,,,,,,,1533.0,1533.0,,,0.0,,,0.0
2025-01-26 08:00:00,,,,,,,1533.0,1533.0,,,0.0,,,0.0
2025-01-26 09:00:00,,,,,,,509.0,509.0,,,0.0,,,0.0
2025-01-26 10:00:00,,,,,,,509.0,509.0,,,0.0,,,0.0
2025-01-26 11:00:00,,,,,,,509.0,509.0,,,0.0,,,0.0
2025-01-26 12:00:00,,,,,,,509.0,509.0,,,0.0,,,0.0
2025-01-26 13:00:00,,,,,,,509.0,509.0,,,0.0,,,0.0
2025-01-26 14:00:00,,,,,,,509.0,509.0,,,0.0,,,0.0
2025-01-26 15:00:00,,,,,,,509.0,509.0,,,0.0,,,0.0
2025-01-26 16:00:00,,,,,,,509.0,509.0,,,0.0,,,0.0
2025-01-26 17:00:00,,,,,,,1533.0,1533.0,,,0.0,,,0.0
2025-01-26 18:00:00,,,,,,,1529.0,1529.0,,,0.0,,,0.0
2025-01-26 19:00:00,,,,,,,1533.0,1533.0,,,0.0,,,0.0
2025-01-26 20:00:00,,,,,,,1533.0,1533.0,,,0.0,,,0.0
2025-01-26 21:00:00,,,,,,,1533.0,1533.0,,,0.0,,,0.0
2025-01-26 22:00:00,,,,,,,1533.0,1533.0,,,0.0,,,0.0
2025-01-26 23:00:00,,,,,,,1533.0,1533.0,,,0.0,,,0.0
2025-01-27 00:00:00,,,,,,,1529.0,1529.0,,,0.0,,,0.0
2025-01-27 01:00:00,,,,,,,1529.0,1529.0,,,0.0,,,0.0
2025-01-27 02:00:00,,,,,,,1533.0,1533.0,,,0.0,,,0.0
2025-01-27 03:00:00,,,,,,,1533.0,1533.0,,,0.0,,,0.0
2025-01-27 04:00:00,,,,,,,1529.0,1529.0,,,0.0,,,0.0
2025-01-27 05:00:00,,,,,,,1533.0,1533.0,,,0.0,,,0.0
2025-01-27 06:00:00,,,,,,,1533.0,1533.0,,,0.0,,,0.0
2025-01-27 07:00:00,,,,,,,1533.0,1533.0,,,0.0,,,0.0
2025-01-27 08:00:00,,,,,,,1533.0,1533.0,,,0.0,,,0.0
2025-01-27 09:00:00,,,,,,,509.0,509.0,,,0.0,,,0.0
2025-01-27 10:00:00,,,,,,,505.0,504.0,0.5528,0.1384,5.0,0.63909996,0.2934,5.0
2025-01-27 11:00:00,,,,,,,505.0,504.0,0.39699998,0.21519999,4.0,0.5569999,0.39169997,4.0
2025-01-27 12:00:00,,,,,,,509.0,509.0,0.5222,0.17359999,2.0,0.8592,0.2062,2.0
2025-01-27 13:00:00,,,,,,,509.0,509.0,1.7464,0.0,1.0,0.4784,0.0,1.0
2025-01-27 14:00:00,,,,,,,509.0,509.0,,,0.0,,,0.0
2025-01-27 15:00:00,,,,,,,509.0,509.0,,,0.0,,,0.0
2025-01-27 16:00:00,,,,,,,509.0,509.0,0.4314,0.0,1.0,0.59860003,0.0,1.0
2025-01-27 17:00:00,,,,,,,1533.0,1533.0,,,0.0,,,0.0
2025-01-27 18:00:00,,,,,,,1533.0,1533.0,,,0.0,,,0.0
2025-01-27 19:00:00,,,,,,,1273.0,1273.0,,,0.0,,,0.0
2025-01-27 20:00:00,,,,,,,1529.0,1529.0,,,0.0,,,0.0
2025-01-27 21:00:00,,,,,,,1533.0,1533.0,,,0.0,,,0.0
2025-01-27 22:00:00,,,,,,,1533.0,1533.0,,,0.0,,,0.0
2025-01-27 23:00:00,,,,,,,1533.0,1533.0,,,0.0,,,0.0
2025-01-28 00:00:00,,,,,,,1533.0,1533.0,,,0.0,,,0.0
2025-01-28 01:00:00,,,,,,,1533.0,1533.0,,,0.0,,,0.0
2025-01-28 02:00:00,,,,,,,1529.0,1529.0,,,0.0,,,0.0
2025-01-28 03:00:00,,,,,,,1273.0,1273.0,,,0.0,,,0.0
2025-01-28 04:00:00,,,,,,,1273.0,1273.0,,,0.0,,,0.0
2025-01-28 05:00:00,,,,,,,1533.0,1533.0,,,0.0,,,0.0
2025-01-28 06:00:00,,,,,,,1273.0,1273.0,,,0.0,,,0.0
2025-01-28 07:00:00,,,,,,,1529.0,1529.0,,,0.0,,,0.0
2025-01-28 08:00:00,,,,,,,1533.0,1533.0,,,0.0,,,0.0
2025-01-28 09:00:00,,,,,,,509.0,509.0,,,0.0,,,0.0
2025-01-28 10:00:00,,,,,,,509.0,509.0,,,0.0,,,0.0
2025-01-28 11:00:00,,,,,,,509.0,509.0,,,0.0,,,0.0
2025-01-28 12:00:00,,,,,,,509.0,509.0,,,0.0,,,0.0
2025-01-28 13:00:00,,,,,,,509.0,509.0,1.0848,0.0,1.0,1.0812,0.0,1.0
2025-01-28 14:00:00,,,,,,,509.0,509.0,,,0.0,,,0.0
2025-01-28 15:00:00,,,,,,,509.0,509.0,0.4342,0.1392,2.0,0.45699996,0.0022999644,2.0
2025-01-28 16:00:00,,,,,,,509.0,509.0,,,0.0,,,0.0
2025-01-28 17:00:00,,,,,,,1533.0,1533.0,,,0.0,,,0.0
2025-01-28 18:00:00,,,,,,,1273.0,1273.0,,,0.0,,,0.0
2025-01-28 19:00:00,,,,,,,1529.0,1529.0,,,0.0,,,0.0
2025-01-28 20:00:00,,,,,,,1533.0,1533.0,,,0.0,,,0.0
2025-01-28 21:00:00,,,,,,,1529.0,1529.0,,,0.0,,,0.0
2025-01-28 22:00:00,,,,,,,1529.0,1529.0,,,0.0,,,0.0
2025-01-28 23:00:00,,,,,,,1273.0,1273.0,,,0.0,,,0.0
2025-01-29 00:00:00,,,,,,,1533.0,1533.0,,,0.0,,,0.0
2025-01-29 01:00:00,,,,,,,1533.0,1533.0,,,0.0,,,0.0
2025-01-29 02:00:00,,,,,,,1529.0,1529.0,,,0.0,,,0.0
2025-01-29 03:00:00,,,,,,,1533.0,1533.0,,,0.0,,,0.0
2025-01-29 04:00:00,,,,,,,1529.0,1529.0,,,0.0,,,0.0
2025-01-29 05:00:00,,,,,,,1533.0,1533.0,,,0.0,,,0.0
2025-01-29 06:00:00,,,,,,,1529.0,1529.0,,,0.0,,,0.0
2025-01-29 07:00:00,,,,,,,1533.0,1533.0,,,0.0,,,0.0
2025-01-29 08:00:00,,,,,,,1533.0,1533.0,,,0.0,,,0.0
2025-01-29 09:00:00,,,,,,,509.0,509.0,,,0.0,,,0.0
2025-01-29 10:00:00,,,,,,,509.0,509.0,,,0.0,,,0.0
2025-01-29 11:00:00,,,,,,,509.0,509.0,,,0.0,,,0.0
2025-01-29 12:00:00,,,,,,,509.0,509.0,,,0.0,,,0.0
2025-01-29 13:00:00,,,,,,,2297.0,2296.0,0.6182,0.0862,2.0,0.9153999,0.27569997,2.0
2025-01-29 14:00:00,,,,,,,505.0,504.0,2.0221999,1.0804,3.0,0.36759996,0.12959999,3.0
2025-01-29 15:00:00,,,,,,,509.0,509.0,3.2472,0.0,1.0,0.20050001,0.0,1.0
2025-01-29 16:00:00,,,,,,,509.0,509.0,,,0.0,,,0.0
2025-01-29 17:00:00,,,,,,,1533.0,1533.0,,,0.0,,,0.0
2025-01-29 18:00:00,,,,,,,1273.0,1273.0,,,0.0,,,0.0
2025-01-29 19:00:00,,,,,,,1533.0,1533.0,,,0.0,,,0.0
2025-01-29 20:00:00,,,,,,,1273.0,1273.0,,,0.0,,,0.0
2025-01-29 21:00:00,,,,,,,1273.0,1273.0,,,0.0,,,0.0
2025-01-29 22:00:00,,,,,,,1273.0,1273.0,,,0.0,,,0.0
2025-01-29 23:00:00,,,,,,,1273.0,1273.0,,,0.0,,,0.0
2025-01-30 00:00:00,,,,,,,1273.0,1273.0,,,0.0,,,0.0
2025-01-30 01:00:00,,,,,,,1273.0,1273.0,,,0.0,,,0.0
2025-01-30 02:00:00,,,,,,,1529.0,1529.0,,,0.0,,,0.0
2025-01-30 03:00:00,,,,,,,1533.0,1533.0,,,0.0,,,0.0
2025-01-30 04:00:00,,,,,,,1273.0,1273.0,,,0.0,,,0.0
2025-01-30 05:00:00,,,,,,,1529.0,1529.0,,,0.0,,,0.0
2025-01-30 06:00:00,,,,,,,1533.0,1533.0,,,0.0,,,0.0
2025-01-30 07:00:00,,,,,,,1533.0,1533.0,,,0.0,,,0.0
2025-01-30 08:00:00,,,,,,,1533.0,1533.0,,,0.0,,,0.0
2025-01-30 09:00:00,,,,,,,509.0,509.0,0.7894,0.0,1.0,1.631,0.0,1.0
2025-01-30 10:00:00,,,,,,,505.0,504.0,0.4378,0.34,2.0,1.1307,0.21529996,2.0
2025-01-30 11:00:00,,,,,,,505.0,504.0,0.368,0.098,6.0,1.1665,0.13659996,6.0
2025-01-30 12:00:00,,,,,,,2297.0,2296.0,0.5204,0.1274,6.0,1.3619,0.14389998,6.0
2025-01-30 13:00:00,0.6236,0.5636,0.2443,0.2436,,0.7141,192.0,0.0,0.5948,0.0532,6.0,1.1322999,0.18809998,6.0
2025-01-30 14:00:00,0.5994,,,,,,193.0,249.0,0.56,0.0436,5.0,1.4478999,0.11570001,5.0
2025-01-30 15:00:00,0.52419996,0.34939998,0.2069,0.20629999,-0.275,,2048.0,2240.0,0.5032,0.0704,6.0,1.5191998,0.22389996,6.0
2025-01-30 16:00:00,0.5,,,,0.067200005,,261.0,509.0,0.4296,0.064399995,5.0,1.542,0.04859996,5.0
2025-01-30 17:00:00,,,,,,,1533.0,1533.0,,,0.0,,,0.0
2025-01-30 18:00:00,,,,,,,1273.0,1273.0,,,0.0,,,0.0
2025-01-30 19:00:00,,,,,,,1273.0,1273.0,,,0.0,,,0.0
2025-01-30 20:00:00,,,,,,,1273.0,1273.0,,,0.0,,,0.0
2025-01-30 21:00:00,,,,,,,1273.0,1273.0,,,0.0,,,0.0
2025-01-30 22:00:00,,,,,,,1273.0,1273.0,,,0.0,,,0.0
2025-01-30 23:00:00,,,,,,,1273.0,1273.0,,,0.0,,,0.0
2025-01-31 00:00:00,,,,,,,1529.0,1529.0,,,0.0,,,0.0
2025-01-31 01:00:00,,,,,,,1533.0,1533.0,,,0.0,,,0.0
2025-01-31 02:00:00,,,,,,,1273.0,1273.0,,,0.0,,,0.0
2025-01-31 03:00:00,,,,,,,1273.0,1273.0,,,0.0,,,0.0
2025-01-31 04:00:00,,,,,,,1273.0,1273.0,,,0.0,,,0.0
2025-01-31 05:00:00,,,,,,,1533.0,1533.0,,,0.0,,,0.0
2025-01-31 06:00:00,,,,,,,1533.0,1533.0,,,0.0,,,0.0
2025-01-31 07:00:00,,,,,,,1533.0,1533.0,,,0.0,,,0.0
2025-01-31 08:00:00,,,,,,,1533.0,1533.0,,,0.0,,,0.0
2025-01-31 09:00:00,,,,,,,509.0,509.0,,,0.0,,,0.0
2025-01-31 10:00:00,,,,,,,509.0,509.0,,,0.0,,,0.0
2025-01-31 11:00:00,,,,,,,509.0,509.0,,,0.0,,,0.0
2025-01-31 12:00:00,,,,,,,509.0,509.0,,,0.0,,,0.0
2025-01-31 13:00:00,,,,,,,509.0,509.0,,,0.0,,,0.0
2025-01-31 14:00:00,,,,,,,509.0,509.0,,,0.0,,,0.0
2025-01-31 15:00:00,,,,,,,509.0,509.0,,,0.0,,,0.0
2025-01-31 16:00:00,,,,,,,509.0,509.0,,,0.0,,,0.0
2025-01-31 17:00:00,,,,,,,1533.0,1533.0,,,0.0,,,0.0
2025-01-31 18:00:00,,,,,,,1529.0,1529.0,,,0.0,,,0.0
2025-01-31 19:00:00,,,,,,,1273.0,1273.0,,,0.0,,,0.0
2025-01-31 20:00:00,,,,,,,1529.0,1529.0,,,0.0,,,0.0
2025-01-31 21:00:00,,,,,,,1273.0,1273.0,,,0.0,,,0.0
2025-01-31 22:00:00,,,,,,,1273.0,1273.0,,,0.0,,,0.0
2025-01-31 23:00:00,,,,,,,1273.0,1273.0,,,0.0,,,0.0
2025-02-01 00:00:00,,,,,,,1273.0,1273.0,,,0.0,,,0.0
2025-02-01 01:00:00,,,,,,,1273.0,1273.0,,,0.0,,,0.0
2025-02-01 02:00:00,,,,,,,1273.0,1273.0,,,0.0,,,0.0
2025-02-01 03:00:00,,,,,,,1273.0,1273.0,,,0.0,,,0.0
2025-02-01 04:00:00,,,,,,,1273.0,1273.0,,,0.0,,,0.0
2025-02-01 05:00:00,,,,,,,1273.0,1273.0,,,0.0,,,0.0
2025-02-01 06:00:00,,,,,,,1273.0,1273.0,,,0.0,,,0.0
2025-02-01 07:00:00,,,,,,,1533.0,1533.0,,,0.0,,,0.0
2025-02-01 08:00:00,,,,,,,1533.0,1533.0,,,0.0,,,0.0
2025-02-01 09:00:00,,,,,,,509.0,509.0,,,0.0,,,0.0
2025-02-01 10:00:00,,,,,,,509.0,509.0,,,0.0,,,0.0
2025-02-01 11:00:00,,,,,,,509.0,509.0,,,0.0,,,0.0
2025-02-01 12:00:00,,,,,,,509.0,509.0,,,0.0,,,0.0
2025-02-01 13:00:00,,,,,,,509.0,509.0,,,0.0,,,0.0
2025-02-01 14:00:00,,,,,,,509.0,509.0,,,0.0,,,0.0
2025-02-01 15:00:00,,,,,,,509.0,509.0,,,0.0,,,0.0
2025-02-01 16:00:00,,,,,,,509.0,509.0,,,0.0,,,0.0
2025-02-01 17:00:00,,,,,,,1533.0,1533.0,,,0.0,,,0.0
2025-02-01 18:00:00,,,,,,,1273.0,1273.0,,,0.0,,,0.0
2025-02-01 19:00:00,,,,,,,1273.0,1273.0,,,0.0,,,0.0
2025-02-01 20:00:00,,,,,,,1273.0,1273.0,,,0.0,,,0.0
2025-02-01 21:00:00,,,,,,,1273.0,1273.0,,,0.0,,,0.0
2025-02-01 22:00:00,,,,,,,1273.0,1273.0,,,0.0,,,0.0
2025-02-01 23:00:00,,,,,,,1533.0,1533.0,,,0.0,,,0.0
2025-02-02 00:00:00,,,,,,,1273.0,1273.0,,,0.0,,,0.0
2025-02-02 01:00:00,,,,,,,1273.0,1273.0,,,0.0,,,0.0
2025-02-02 02:00:00,,,,,,,1273.0,1273.0,,,0.0,,,0.0
2025-02-02 03:00:00,,,,,,,1273.0,1273.0,,,0.0,,,0.0
2025-02-02 04:00:00,,,,,,,1273.0,1273.0,,,0.0,,,0.0
2025-02-02 05:00:00,,,,,,,1273.0,1273.0,,,0.0,,,0.0
2025-02-02 06:00:00,,,,,,,1273.0,1273.0,,,0.0,,,0.0
2025-02-02 07:00:00,,,,,,,1533.0,1533.0,,,0.0,,,0.0
2025-02-02 08:00:00,,,,,,,1533.0,1533.0,,,0.0,,,0.0
2025-02-02 09:00:00,,,,,,,509.0,509.0,,,0.0,,,0.0
2025-02-02 10:00:00,,,,,,,509.0,509.0,,,0.0,,,0.0
2025-02-02 11:00:00,,,,,,,509.0,509.0,,,0.0,,,0.0
2025-02-02 12:00:00,,,,,,,509.0,509.0,,,0.0,,,0.0
2025-02-02 13:00:00,,,,,,,509.0,509.0,,,0.0,,,0.0
2025-02-02 14:00:00,,,,,,,509.0,509.0,,,0.0,,,0.0
2025-02-02 15:00:00,,,,,,,509.0,509.0,,,0.0,,,0.0
2025-02-02 16:00:00,,,,,,,509.0,509.0,,,0.0,,,0.0
2025-02-02 17:00:00,,,,,,,1533.0,1533.0,,,0.0,,,0.0
2025-02-02 18:00:00,,,,,,,1273.0,1273.0,,,0.0,,,0.0
2025-02-02 19:00:00,,,,,,,1529.0,1529.0,,,0.0,,,0.0
2025-02-02 20:00:00,,,,,,,1273.0,1273.0,,,0.0,,,0.0
2025-02-02 21:00:00,,,,,,,1273.0,1273.0,,,0.0,,,0.0
2025-02-02 22:00:00,,,,,,,1273.0,1273.0,,,0.0,,,0.0
2025-02-02 23:00:00,,,,,,,1273.0,1273.0,,,0.0,,,0.0
2025-02-03 00:00:00,,,,,,,1273.0,1273.0,,,0.0,,,0.0
2025-02-03 01:00:00,,,,,,,1273.0,1273.0,,,0.0,,,0.0
2025-02-03 02:00:00,,,,,,,1273.0,1273.0,,,0.0,,,0.0
2025-02-03 03:00:00,,,,,,,1273.0,1273.0,,,0.0,,,0.0
2025-02-03 04:00:00,,,,,,,1529.0,1529.0,,,0.0,,,0.0
2025-02-03 05:00:00,,,,,,,1273.0,1273.0,,,0.0,,,0.0
2025-02-03 06:00:00,,,,,,,1533.0,1533.0,,,0.0,,,0.0
2025-02-03 07:00:00,,,,,,,1533.0,1533.0,,,0.0,,,0.0
2025-02-03 08:00:00,,,,,,,1533.0,1533.0,,,0.0,,,0.0
2025-02-03 09:00:00,,,,,,,509.0,509.0,,,0.0,,,0.0
2025-02-03 10:00:00,,,,,,,509.0,509.0,,,0.0,,,0.0
2025-02-03 11:00:00,,,,,,,509.0,509.0,,,0.0,,,0.0
2025-02-03 12:00:00,,,,,,,509.0,509.0,,,0.0,,,0.0
2025-02-03 13:00:00,,,,,,,509.0,509.0,,,0.0,,,0.0
2025-02-03 14:00:00,,,,,,,509.0,509.0,,,0.0,,,0.0
2025-02-03 15:00:00,,,,,,,509.0,509.0,,,0.0,,,0.0
2025-02-03 16:00:00,,,,,,,509.0,509.0,,,0.0,,,0.0
2025-02-03 17:00:00,,,,,,,1533.0,1533.0,,,0.0,,,0.0
2025-02-03 18:00:00,,,,,,,1273.0,1273.0,,,0.0,,,0.0
2025-02-03 19:00:00,,,,,,,1273.0,1273.0,,,0.0,,,0.0
2025-02-03 20:00:00,,,,,,,1273.0,1273.0,,,0.0,,,0.0
2025-02-03 21:00:00,,,,,,,1273.0,1273.0,,,0.0,,,0.0
2025-02-03 22:00:00,,,,,,,1273.0,1273.0,,,0.0,,,0.0
2025-02-03 23:00:00,,,,,,,1529.0,1529.0,,,0.0,,,0.0
2025-02-04 00:00:00,,,,,,,1273.0,1273.0,,,0.0,,,0.0
2025-02-04 01:00:00,,,,,,,1529.0,1529.0,,,0.0,,,0.0
2025-02-04 02:00:00,,,,,,,1273.0,1273.0,,,0.0,,,0.0
2025-02-04 03:00:00,,,,,,,1533.0,1533.0,,,0.0,,,0.0
2025-02-04 04:00:00,,,,,,,1529.0,1529.0,,,0.0,,,0.0
2025-02-04 05:00:00,,,,,,,1529.0,1529.0,,,0.0,,,0.0
2025-02-04 06:00:00,,,,,,,1529.0,1529.0,,,0.0,,,0.0
2025-02-04 07:00:00,,,,,,,1533.0,1533.0,,,0.0,,,0.0
2025-02-04 08:00:00,,,,,,,1533.0,1533.0,,,0.0,,,0.0
2025-02-04 09:00:00,,,,,,,509.0,509.0,,,0.0,,,0.0
2025-02-04 10:00:00,,,,,,,509.0,509.0,,,0.0,,,0.0
2025-02-04 11:00:00,,,,,,,505.0,504.0,2.5458,0.0,1.0,0.026300013,0.0,1.0
2025-02-04 12:00:00,,,,,,,509.0,509.0,3.1023998,0.0242,2.0,0.08160001,0.0079,2.0
2025-02-04 13:00:00,,,,,,,509.0,509.0,,,0.0,,,0.0
2025-02-04 14:00:00,,,,,,,509.0,509.0,0.8756,0.0,1.0,0.7493,0.0,1.0
2025-02-04 15:00:00,,,,,,,509.0,509.0,3.0981998,1.4616,2.0,0.46269995,0.11799997,2.0
2025-02-04 16:00:00,,,,,,,509.0,509.0,0.38239998,0.0,1.0,1.2106999,0.0,1.0
2025-02-04 17:00:00,,,,,,,1533.0,1533.0,,,0.0,,,0.0
2025-02-04 18:00:00,,,,,,,1273.0,1273.0,,,0.0,,,0.0
2025-02-04 19:00:00,,,,,,,1533.0,1533.0,,,0.0,,,0.0
2025-02-04 20:00:00,,,,,,,1273.0,1273.0,,,0.0,,,0.0
2025-02-04 21:00:00,,,,,,,1533.0,1533.0,,,0.0,,,0.0
2025-02-04 22:00:00,,,,,,,1533.0,1533.0,,,0.0,,,0.0
2025-02-04 23:00:00,,,,,,,1533.0,1533.0,,,0.0,,,0.0
2025-02-05 00:00:00,,,,,,,1529.0,1529.0,,,0.0,,,0.0
2025-02-05 01:00:00,,,,,,,1533.0,1533.0,,,0.0,,,0.0
2025-02-05 02:00:00,,,,,,,1533.0,1533.0,,,0.0,,,0.0
2025-02-05 03:00:00,,,,,,,1273.0,1273.0,,,0.0,,,0.0
2025-02-05 04:00:00,,,,,,,1529.0,1529.0,,,0.0,,,0.0
2025-02-05 05:00:00,,,,,,,1529.0,1529.0,,,0.0,,,0.0
2025-02-05 06:00:00,,,,,,,1273.0,1273.0,,,0.0,,,0.0
2025-02-05 07:00:00,,,,,,,1533.0,1533.0,,,0.0,,,0.0
2025-02-05 08:00:00,,,,,,,1533.0,1533.0,,,0.0,,,0.0
2025-02-05 09:00:00,,,,,,,509.0,509.0,,,0.0,,,0.0
2025-02-05 10:00:00,,,,,,,509.0,509.0,,,0.0,,,0.0
2025-02-05 11:00:00,,,,,,,509.0,509.0,,,0.0,,,0.0
2025-02-05 12:00:00,,,,,,,509.0,509.0,,,0.0,,,0.0
2025-02-05 13:00:00,,,,,,,509.0,509.0,,,0.0,,,0.0
2025-02-05 14:00:00,,,,,,,509.0,509.0,,,0.0,,,0.0
2025-02-05 15:00:00,,,,,,,509.0,509.0,,,0.0,,,0.0
2025-02-05 16:00:00,,,,,,,509.0,509.0,,,0.0,,,0.0
2025-02-05 17:00:00,,,,,,,1533.0,1533.0,,,0.0,,,0.0
2025-02-05 18:00:00,,,,,,,1273.0,1273.0,,,0.0,,,0.0
2025-02-05 19:00:00,,,,,,,1529.0,1529.0,,,0.0,,,0.0
2025-02-05 20:00:00,,,,,,,1529.0,1529.0,,,0.0,,,0.0
2025-02-05 21:00:00,,,,,,,1273.0,1273.0,,,0.0,,,0.0
2025-02-05 22:00:00,,,,,,,1273.0,1273.0,,,0.0,,,0.0
2025-02-05 23:00:00,,,,,,,1273.0,1273.0,,,0.0,,,0.0
2025-02-06 00:00:00,,,,,,,1273.0,1273.0,,,0.0,,,0.0
2025-02-06 01:00:00,,,,,,,1273.0,1273.0,,,0.0,,,0.0
2025-02-06 02:00:00,,,,,,,1529.0,1529.0,,,0.0,,,0.0
2025-02-06 03:00:00,,,,,,,1529.0,1529.0,,,0.0,,,0.0
2025-02-06 04:00:00,,,,,,,1529.0,1529.0,,,0.0,,,0.0
2025-02-06 05:00:00,,,,,,,1273.0,1273.0,,,0.0,,,0.0
2025-02-06 06:00:00,,,,,,,1529.0,1529.0,,,0.0,,,0.0
2025-02-06 07:00:00,,,,,,,1533.0,1533.0,,,0.0,,,0.0
2025-02-06 08:00:00,,,,,,,1533.0,1533.0,,,0.0,,,0.0
2025-02-06 09:00:00,,,,,,,509.0,509.0,,,0.0,,,0.0
2025-02-06 10:00:00,,,,,,,509.0,509.0,,,0.0,,,0.0
2025-02-06 11:00:00,,,,,,,509.0,509.0,,,0.0,,,0.0
2025-02-06 12:00:00,,,,,,,509.0,509.0,,,0.0,,,0.0
2025-02-06 13:00:00,,,,,,,509.0,509.0,,,0.0,,,0.0
2025-02-06 14:00:00,,,,,,,509.0,509.0,,,0.0,,,0.0
2025-02-06 15:00:00,,,,,,,509.0,509.0,,,0.0,,,0.0
2025-02-06 16:00:00,,,,,,,509.0,509.0,,,0.0,,,0.0
2025-02-06 17:00:00,,,,,,,1533.0,1533.0,,,0.0,,,0.0
2025-02-06 18:00:00,,,,,,,1273.0,1273.0,,,0.0,,,0.0
2025-02-06 19:00:00,,,,,,,1273.0,1273.0,,,0.0,,,0.0
2025-02-06 20:00:00,,,,,,,1273.0,1273.0,,,0.0,,,0.0
2025-02-06 21:00:00,,,,,,,1273.0,1273.0,,,0.0,,,0.0
2025-02-06 22:00:00,,,,,,,1273.0,1273.0,,,0.0,,,0.0
2025-02-06 23:00:00,,,,,,,1273.0,1273.0,,,0.0,,,0.0
2025-02-07 00:00:00,,,,,,,1273.0,1273.0,,,0.0,,,0.0
2025-02-07 01:00:00,,,,,,,1273.0,1273.0,,,0.0,,,0.0
2025-02-07 02:00:00,,,,,,,1533.0,1533.0,,,0.0,,,0.0
2025-02-07 03:00:00,,,,,,,1533.0,1533.0,,,0.0,,,0.0
2025-02-07 04:00:00,,,,,,,1533.0,1533.0,,,0.0,,,0.0
2025-02-07 05:00:00,,,,,,,1529.0,1529.0,,,0.0,,,0.0
2025-02-07 06:00:00,,,,,,,1273.0,1273.0,,,0.0,,,0.0
2025-02-07 07:00:00,,,,,,,1533.0,1533.0,,,0.0,,,0.0
2025-02-07 08:00:00,,,,,,,1533.0,1533.0,,,0.0,,,0.0
2025-02-07 09:00:00,,,,,,,509.0,509.0,,,0.0,,,0.0
2025-02-07 10:00:00,,,,,,,509.0,509.0,,,0.0,,,0.0
2025-02-07 11:00:00,,,,,,,509.0,509.0,,,0.0,,,0.0
2025-02-07 12:00:00,,,,,,,509.0,509.0,,,0.0,,,0.0
2025-02-07 13:00:00,,,,,,,509.0,509.0,,,0.0,,,0.0
2025-02-07 14:00:00,,,,,,,509.0,509.0,,,0.0,,,0.0
2025-02-07 15:00:00,,,,,,,509.0,509.0,,,0.0,,,0.0
2025-02-07 16:00:00,,,,,,,509.0,509.0,,,0.0,,,0.0
2025-02-07 17:00:00,,,,,,,1533.0,1533.0,,,0.0,,,0.0
2025-02-07 18:00:00,,,,,,,1273.0,1273.0,,,0.0,,,0.0
2025-02-07 19:00:00,,,,,,,1533.0,1533.0,,,0.0,,,0.0
2025-02-07 20:00:00,,,,,,,1273.0,1273.0,,,0.0,,,0.0
2025-02-07 21:00:00,,,,,,,1273.0,1273.0,,,0.0,,,0.0
2025-02-07 22:00:00,,,,,,,1273.0,1273.0,,,0.0,,,0.0
2025-02-07 23:00:00,,,,,,,1273.0,1273.0,,,0.0,,,0.0
2025-02-08 00:00:00,,,,,,,1273.0,1273.0,,,0.0,,,0.0
2025-02-08 01:00:00,,,,,,,1273.0,1273.0,,,0.0,,,0.0
2025-02-08 02:00:00,,,,,,,1273.0,1273.0,,,0.0,,,0.0
2025-02-08 03:00:00,,,,,,,1273.0,1273.0,,,0.0,,,0.0
2025-02-08 04:00:00,,,,,,,1529.0,1529.0,,,0.0,,,0.0
2025-02-08 05:00:00,,,,,,,1533.0,1533.0,,,0.0,,,0.0
2025-02-08 06:00:00,,,,,,,1529.0,1529.0,,,0.0,,,0.0
2025-02-08 07:00:00,,,,,,,1533.0,1533.0,,,0.0,,,0.0
2025-02-08 08:00:00,,,,,,,1533.0,1533.0,,,0.0,,,0.0
2025-02-08 09:00:00,,,,,,,509.0,509.0,,,0.0,,,0.0
2025-02-08 10:00:00,,,,,,,509.0,509.0,,,0.0,,,0.0
2025-02-08 11:00:00,,,,,,,509.0,509.0,,,0.0,,,0.0
2025-02-08 12:00:00,,,,,,,509.0,509.0,,,0.0,,,0.0
2025-02-08 13:00:00,,,,,,,509.0,509.0,,,0.0,,,0.0
2025-02-08 14:00:00,,,,,,,509.0,509.0,,,0.0,,,0.0
2025-02-08 15:00:00,,,,,,,509.0,509.0,,,0.0,,,0.0
2025-02-08 16:00:00,,,,,,,509.0,509.0,,,0.0,,,0.0
2025-02-08 17:00:00,,,,,,,1533.0,1533.0,,,0.0,,,0.0
2025-02-08 18:00:00,,,,,,,1273.0,1273.0,,,0.0,,,0.0
2025-02-08 19:00:00,,,,,,,1529.0,1529.0,,,0.0,,,0.0
2025-02-08 20:00:00,,,,,,,1529.0,1529.0,,,0.0,,,0.0
2025-02-08 21:00:00,,,,,,,1529.0,1529.0,,,0.0,,,0.0
2025-02-08 22:00:00,,,,,,,1529.0,1529.0,,,0.0,,,0.0
2025-02-08 23:00:00,,,,,,,1529.0,1529.0,,,0.0,,,0.0
2025-02-09 00:00:00,,,,,,,1529.0,1529.0,,,0.0,,,0.0
2025-02-09 01:00:00,,,,,,,1529.0,1529.0,,,0.0,,,0.0
2025-02-09 02:00:00,,,,,,,1533.0,1533.0,,,0.0,,,0.0
2025-02-09 03:00:00,,,,,,,1529.0,1529.0,,,0.0,,,0.0
2025-02-09 04:00:00,,,,,,,1533.0,1533.0,,,0.0,,,0.0
2025-02-09 05:00:00,,,,,,,1533.0,1533.0,,,0.0,,,0.0
2025-02-09 06:00:00,,,,,,,1273.0,1273.0,,,0.0,,,0.0
2025-02-09 07:00:00,,,,,,,1533.0,1533.0,,,0.0,,,0.0
2025-02-09 08:00:00,,,,,,,1533.0,1533.0,,,0.0,,,0.0
2025-02-09 09:00:00,,,,,,,509.0,509.0,,,0.0,,,0.0
2025-02-09 10:00:00,,,,,,,509.0,509.0,,,0.0,,,0.0
2025-02-09 11:00:00,,,,,,,509.0,509.0,,,0.0,,,0.0
2025-02-09 12:00:00,,,,,,,509.0,509.0,,,0.0,,,0.0
2025-02-09 13:00:00,,,,,,,509.0,509.0,,,0.0,,,0.0
2025-02-09 14:00:00,,,,,,,509.0,509.0,,,0.0,,,0.0
2025-02-09 15:00:00,,,,,,,509.0,509.0,,,0.0,,,0.0
2025-02-09 16:00:00,,,,,,,509.0,509.0,,,0.0,,,0.0
2025-02-09 17:00:00,,,,,,,1533.0,1533.0,,,0.0,,,0.0
2025-02-09 18:00:00,,,,,,,1529.0,1529.0,,,0.0,,,0.0
2025-02-09 19:00:00,,,,,,,1273.0,1273.0,,,0.0,,,0.0
2025-02-09 20:00:00,,,,,,,1273.0,1273.0,,,0.0,,,0.0
2025-02-09 21:00:00,,,,,,,1533.0,1533.0,,,0.0,,,0.0
2025-02-09 22:00:00,,,,,,,1273.0,1273.0,,,0.0,,,0.0
2025-02-09 23:00:00,,,,,,,1273.0,1273.0,,,0.0,,,0.0
2025-02-10 00:00:00,,,,,,,1533.0,1533.0,,,0.0,,,0.0
2025-02-10 01:00:00,,,,,,,1529.0,1529.0,,,0.0,,,0.0
2025-02-10 02:00:00,,,,,,,1273.0,1273.0,,,0.0,,,0.0
2025-02-10 03:00:00,,,,,,,1273.0,1273.0,,,0.0,,,0.0
2025-02-10 04:00:00,,,,,,,1273.0,1273.0,,,0.0,,,0.0
2025-02-10 05:00:00,,,,,,,1273.0,1273.0,,,0.0,,,0.0
2025-02-10 06:00:00,,,,,,,1273.0,1273.0,,,0.0,,,0.0
2025-02-10 07:00:00,,,,,,,1533.0,1533.0,,,0.0,,,0.0
2025-02-10 08:00:00,,,,,,,1533.0,1533.0,,,0.0,,,0.0
2025-02-10 09:00:00,,,,,,,509.0,509.0,,,0.0,,,0.0
2025-02-10 10:00:00,,,,,,,509.0,509.0,,,0.0,,,0.0
2025-02-10 11:00:00,,,,,,,509.0,509.0,,,0.0,,,0.0
2025-02-10 12:00:00,,,,,,,509.0,509.0,,,0.0,,,0.0
2025-02-10 13:00:00,,,,,,,509.0,509.0,,,0.0,,,0.0
2025-02-10 14:00:00,,,,,,,509.0,509.0,,,0.0,,,0.0
2025-02-10 15:00:00,,,,,,,509.0,509.0,,,0.0,,,0.0
2025-02-10 16:00:00,,,,,,,509.0,509.0,,,0.0,,,0.0
2025-02-10 17:00:00,,,,,,,1533.0,1533.0,,,0.0,,,0.0
2025-02-10 18:00:00,,,,,,,1273.0,1273.0,,,0.0,,,0.0
2025-02-10 19:00:00,,,,,,,1529.0,1529.0,,,0.0,,,0.0
2025-02-10 20:00:00,,,,,,,1273.0,1273.0,,,0.0,,,0.0
2025-02-10 21:00:00,,,,,,,1273.0,1273.0,,,0.0,,,0.0
2025-02-10 22:00:00,,,,,,,1273.0,1273.0,,,0.0,,,0.0
2025-02-10 23:00:00,,,,,,,1273.0,1273.0,,,0.0,,,0.0
2025-02-11 00:00:00,,,,,,,1273.0,1273.0,,,0.0,,,0.0
2025-02-11 01:00:00,,,,,,,1273.0,1273.0,,,0.0,,,0.0
2025-02-11 02:00:00,,,,,,,1273.0,1273.0,,,0.0,,,0.0
2025-02-11 03:00:00,,,,,,,1273.0,1273.0,,,0.0,,,0.0
2025-02-11 04:00:00,,,,,,,1273.0,1273.0,,,0.0,,,0.0
2025-02-11 05:00:00,,,,,,,1273.0,1273.0,,,0.0,,,0.0
2025-02-11 06:00:00,,,,,,,1273.0,1273.0,,,0.0,,,0.0
2025-02-11 07:00:00,,,,,,,1533.0,1533.0,,,0.0,,,0.0
2025-02-11 08:00:00,,,,,,,1533.0,1533.0,,,0.0,,,0.0
2025-02-11 09:00:00,,,,,,,509.0,509.0,,,0.0,,,0.0
2025-02-11 10:00:00,,,,,,,509.0,509.0,,,0.0,,,0.0
2025-02-11 11:00:00,,,,,,,509.0,509.0,,,0.0,,,0.0
2025-02-11 12:00:00,,,,,,,509.0,509.0,,,0.0,,,0.0
2025-02-11 13:00:00,,,,,,,509.0,509.0,,,0.0,,,0.0
2025-02-11 14:00:00,,,,,,,509.0,509.0,,,0.0,,,0.0
2025-02-11 15:00:00,,,,,,,505.0,504.0,1.6832,0.0,1.0,0.9979,0.0,1.0
2025-02-11 16:00:00,,,,,,,509.0,509.0,1.4246,0.0,1.0,1.0461,0.0,1.0
2025-02-11 17:00:00,,,,,,,1533.0,1533.0,,,0.0,,,0.0
2025-02-11 18:00:00,,,,,,,1529.0,1529.0,,,0.0,,,0.0
2025-02-11 19:00:00,,,,,,,1273.0,1273.0,,,0.0,,,0.0
2025-02-11 20:00:00,,,,,,,1273.0,1273.0,,,0.0,,,0.0
2025-02-11 21:00:00,,,,,,,1273.0,1273.0,,,0.0,,,0.0
2025-02-11 22:00:00,,,,,,,1273.0,1273.0,,,0.0,,,0.0
2025-02-11 23:00:00,,,,,,,1273.0,1273.0,,,0.0,,,0.0
2025-02-12 00:00:00,,,,,,,1273.0,1273.0,,,0.0,,,0.0
2025-02-12 01:00:00,,,,,,,1273.0,1273.0,,,0.0,,,0.0
2025-02-12 02:00:00,,,,,,,1273.0,1273.0,,,0.0,,,0.0
2025-02-12 03:00:00,,,,,,,1273.0,1273.0,,,0.0,,,0.0
2025-02-12 04:00:00,,,,,,,1273.0,1273.0,,,0.0,,,0.0
2025-02-12 05:00:00,,,,,,,1273.0,1273.0,,,0.0,,,0.0
2025-02-12 06:00:00,,,,,,,1273.0,1273.0,,,0.0,,,0.0
2025-02-12 07:00:00,,,,,,,1533.0,1533.0,,,0.0,,,0.0
2025-02-12 08:00:00,,,,,,,1533.0,1533.0,,,0.0,,,0.0
2025-02-12 09:00:00,,,,,,,509.0,509.0,,,0.0,,,0.0
2025-02-12 10:00:00,,,,,,,509.0,509.0,,,0.0,,,0.0
2025-02-12 11:00:00,,,,,,,509.0,509.0,,,0.0,,,0.0
2025-02-12 12:00:00,,,,,,,509.0,509.0,,,0.0,,,0.0
2025-02-12 13:00:00,,,,,,,509.0,509.0,,,0.0,,,0.0
2025-02-12 14:00:00,,,,,,,509.0,509.0,,,0.0,,,0.0
2025-02-12 15:00:00,,,,,,,509.0,509.0,,,0.0,,,0.0
2025-02-12 16:00:00,,,,,,,509.0,509.0,,,0.0,,,0.0
2025-02-12 17:00:00,,,,,,,1533.0,1533.0,,,0.0,,,0.0
2025-02-12 18:00:00,,,,,,,1273.0,1273.0,,,0.0,,,0.0
2025-02-12 19:00:00,,,,,,,1273.0,1273.0,,,0.0,,,0.0
2025-02-12 20:00:00,,,,,,,1273.0,1273.0,,,0.0,,,0.0
2025-02-12 21:00:00,,,,,,,1273.0,1273.0,,,0.0,,,0.0
2025-02-12 22:00:00,,,,,,,1273.0,1273.0,,,0.0,,,0.0
2025-02-12 23:00:00,,,,,,,1273.0,1273.0,,,0.0,,,0.0
2025-02-13 00:00:00,,,,,,,1529.0,1529.0,,,0.0,,,0.0
2025-02-13 01:00:00,,,,,,,1273.0,1273.0,,,0.0,,,0.0
2025-02-13 02:00:00,,,,,,,1273.0,1273.0,,,0.0,,,0.0
2025-02-13 03:00:00,,,,,,,1273.0,1273.0,,,0.0,,,0.0
2025-02-13 04:00:00,,,,,,,1273.0,1273.0,,,0.0,,,0.0
2025-02-13 05:00:00,,,,,,,1529.0,1529.0,,,0.0,,,0.0
2025-02-13 06:00:00,,,,,,,1273.0,1273.0,,,0.0,,,0.0
2025-02-13 07:00:00,,,,,,,1533.0,1533.0,,,0.0,,,0.0
2025-02-13 08:00:00,,,,,,,1533.0,1533.0,,,0.0,,,0.0
2025-02-13 09:00:00,,,,,,,509.0,509.0,,,0.0,,,0.0
2025-02-13 10:00:00,,,,,,,509.0,509.0,,,0.0,,,0.0
2025-02-13 11:00:00,,,,,,,509.0,509.0,,,0.0,,,0.0
2025-02-13 12:00:00,,,,,,,509.0,509.0,,,0.0,,,0.0
2025-02-13 13:00:00,,,,,,,509.0,509.0,,,0.0,,,0.0
2025-02-13 14:00:00,,,,,,,509.0,509.0,,,0.0,,,0.0
2025-02-13 15:00:00,,,,,,,509.0,509.0,,,0.0,,,0.0
2025-02-13 16:00:00,,,,,,,509.0,509.0,,,0.0,,,0.0
2025-02-13 17:00:00,,,,,,,1533.0,1533.0,,,0.0,,,0.0
2025-02-13 18:00:00,,,,,,,1273.0,1273.0,,,0.0,,,0.0
2025-02-13 19:00:00,,,,,,,1273.0,1273.0,,,0.0,,,0.0
2025-02-13 20:00:00,,,,,,,1273.0,1273.0,,,0.0,,,0.0
2025-02-13 21:00:00,,,,,,,1273.0,1273.0,,,0.0,,,0.0
2025-02-13 22:00:00,,,,,,,1273.0,1273.0,,,0.0,,,0.0
2025-02-13 23:00:00,,,,,,,1273.0,1273.0,,,0.0,,,0.0
2025-02-14 00:00:00,,,,,,,1529.0,1529.0,,,0.0,,,0.0
2025-02-14 01:00:00,,,,,,,1273.0,1273.0,,,0.0,,,0.0
2025-02-14 02:00:00,,,,,,,1273.0,1273.0,,,0.0,,,0.0
2025-02-14 03:00:00,,,,,,,1273.0,1273.0,,,0.0,,,0.0
2025-02-14 04:00:00,,,,,,,1273.0,1273.0,,,0.0,,,0.0
2025-02-14 05:00:00,,,,,,,1273.0,1273.0,,,0.0,,,0.0
2025-02-14 06:00:00,,,,,,,1273.0,1273.0,,,0.0,,,0.0
2025-02-14 07:00:00,,,,,,,1533.0,1533.0,,,0.0,,,0.0
2025-02-14 08:00:00,,,,,,,1533.0,1533.0,,,0.0,,,0.0
2025-02-14 09:00:00,,,,,,,509.0,509.0,,,0.0,,,0.0
2025-02-14 10:00:00,,,,,,,509.0,509.0,,,0.0,,,0.0
2025-02-14 11:00:00,,,,,,,509.0,509.0,,,0.0,,,0.0
2025-02-14 12:00:00,,,,,,,509.0,509.0,,,0.0,,,0.0
2025-02-14 13:00:00,,,,,,,509.0,509.0,,,0.0,,,0.0
2025-02-14 14:00:00,,,,,,,509.0,509.0,,,0.0,,,0.0
2025-02-14 15:00:00,,,,,,,509.0,509.0,,,0.0,,,0.0
2025-02-14 16:00:00,,,,,,,509.0,509.0,,,0.0,,,0.0
2025-02-14 17:00:00,,,,,,,1533.0,1533.0,,,0.0,,,0.0
2025-02-14 18:00:00,,,,,,,1273.0,1273.0,,,0.0,,,0.0
2025-02-14 19:00:00,,,,,,,1273.0,1273.0,,,0.0,,,0.0
2025-02-14 20:00:00,,,,,,,1273.0,1273.0,,,0.0,,,0.0
2025-02-14 21:00:00,,,,,,,1273.0,1273.0,,,0.0,,,0.0
2025-02-14 22:00:00,,,,,,,1273.0,1273.0,,,0.0,,,0.0
2025-02-14 23:00:00,,,,,,,1273.0,1273.0,,,0.0,,,0.0
2025-02-15 00:00:00,,,,,,,1273.0,1273.0,,,0.0,,,0.0
2025-02-15 01:00:00,,,,,,,1273.0,1273.0,,,0.0,,,0.0
2025-02-15 02:00:00,,,,,,,1273.0,1273.0,,,0.0,,,0.0
2025-02-15 03:00:00,,,,,,,1273.0,1273.0,,,0.0,,,0.0
2025-02-15 04:00:00,,,,,,,1273.0,1273.0,,,0.0,,,0.0
2025-02-15 05:00:00,,,,,,,1273.0,1273.0,,,0.0,,,0.0
2025-02-15 06:00:00,,,,,,,1273.0,1273.0,,,0.0,,,0.0
2025-02-15 07:00:00,,,,,,,1533.0,1533.0,,,0.0,,,0.0
2025-02-15 08:00:00,,,,,,,1533.0,1533.0,,,0.0,,,0.0
2025-02-15 09:00:00,,,,,,,509.0,509.0,,,0.0,,,0.0
2025-02-15 10:00:00,,,,,,,509.0,509.0,,,0.0,,,0.0
2025-02-15 11:00:00,,,,,,,509.0,509.0,,,0.0,,,0.0
2025-02-15 12:00:00,,,,,,,509.0,509.0,,,0.0,,,0.0
2025-02-15 13:00:00,,,,,,,509.0,509.0,,,0.0,,,0.0
2025-02-15 14:00:00,,,,,,,509.0,509.0,,,0.0,,,0.0
2025-02-15 15:00:00,,,,,,,509.0,509.0,,,0.0,,,0.0
2025-02-15 16:00:00,,,,,,,509.0,509.0,,,0.0,,,0.0
2025-02-15 17:00:00,,,,,,,1533.0,1533.0,,,0.0,,,0.0
2025-02-15 18:00:00,,,,,,,1273.0,1273.0,,,0.0,,,0.0
2025-02-15 19:00:00,,,,,,,1273.0,1273.0,,,0.0,,,0.0
2025-02-15 20:00:00,,,,,,,1273.0,1273.0,,,0.0,,,0.0
2025-02-15 21:00:00,,,,,,,1273.0,1273.0,,,0.0,,,0.0
2025-02-15 22:00:00,,,,,,,1273.0,1273.0,,,0.0,,,0.0
2025-02-15 23:00:00,,,,,,,1273.0,1273.0,,,0.0,,,0.0
2025-02-16 00:00:00,,,,,,,1273.0,1273.0,,,0.0,,,0.0
2025-02-16 01:00:00,,,,,,,1273.0,1273.0,,,0.0,,,0.0
2025-02-16 02:00:00,,,,,,,1273.0,1273.0,,,0.0,,,0.0
2025-02-16 03:00:00,,,,,,,1273.0,1273.0,,,0.0,,,0.0
2025-02-16 04:00:00,,,,,,,1273.0,1273.0,,,0.0,,,0.0
2025-02-16 05:00:00,,,,,,,1273.0,1273.0,,,0.0,,,0.0
2025-02-16 06:00:00,,,,,,,1273.0,1273.0,,,0.0,,,0.0
2025-02-16 07:00:00,,,,,,,1533.0,1533.0,,,0.0,,,0.0
2025-02-16 08:00:00,,,,,,,509.0,509.0,,,0.0,,,0.0
2025-02-16 09:00:00,,,,,,,505.0,505.0,,,0.0,,,0.0
2025-02-16 10:00:00,,,,,,,509.0,509.0,,,0.0,,,0.0
2025-02-16 11:00:00,,,,,,,509.0,509.0,,,0.0,,,0.0
2025-02-16 12:00:00,,,,,,,509.0,509.0,,,0.0,,,0.0
2025-02-16 13:00:00,,,,,,,509.0,509.0,,,0.0,,,0.0
2025-02-16 14:00:00,,,,,,,509.0,509.0,,,0.0,,,0.0
2025-02-16 15:00:00,,,,,,,509.0,509.0,,,0.0,,,0.0
2025-02-16 16:00:00,,,,,,,509.0,509.0,,,0.0,,,0.0
2025-02-16 17:00:00,,,,,,,1533.0,1533.0,,,0.0,,,0.0
2025-02-16 18:00:00,,,,,,,1533.0,1533.0,,,0.0,,,0.0
2025-02-16 19:00:00,,,,,,,1273.0,1273.0,,,0.0,,,0.0
2025-02-16 20:00:00,,,,,,,1533.0,1533.0,,,0.0,,,0.0
2025-02-16 21:00:00,,,,,,,1273.0,1273.0,,,0.0,,,0.0
2025-02-16 22:00:00,,,,,,,1533.0,1533.0,,,0.0,,,0.0
2025-02-16 23:00:00,,,,,,,1533.0,1533.0,,,0.0,,,0.0
2025-02-17 00:00:00,,,,,,,1529.0,1529.0,,,0.0,,,0.0
2025-02-17 01:00:00,,,,,,,1529.0,1529.0,,,0.0,,,0.0
2025-02-17 02:00:00,,,,,,,1533.0,1533.0,,,0.0,,,0.0
2025-02-17 03:00:00,,,,,,,1533.0,1533.0,,,0.0,,,0.0
2025-02-17 04:00:00,,,,,,,1273.0,1273.0,,,0.0,,,0.0
2025-02-17 05:00:00,,,,,,,1273.0,1273.0,,,0.0,,,0.0
2025-02-17 06:00:00,,,,,,,1529.0,1529.0,,,0.0,,,0.0
2025-02-17 07:00:00,,,,,,,1533.0,1533.0,,,0.0,,,0.0
2025-02-17 08:00:00,,,,,,,509.0,509.0,,,0.0,,,0.0
2025-02-17 09:00:00,,,,,,,509.0,509.0,,,0.0,,,0.0
2025-02-17 10:00:00,,,,,,,509.0,509.0,,,0.0,,,0.0
2025-02-17 11:00:00,,,,,,,509.0,509.0,,,0.0,,,0.0
2025-02-17 12:00:00,,,,,,,509.0,509.0,,,0.0,,,0.0
2025-02-17 13:00:00,,,,,,,509.0,509.0,,,0.0,,,0.0
2025-02-17 14:00:00,,,,,,,509.0,509.0,,,0.0,,,0.0
2025-02-17 15:00:00,,,,,,,509.0,509.0,,,0.0,,,0.0
2025-02-17 16:00:00,,,,,,,509.0,509.0,,,0.0,,,0.0
2025-02-17 17:00:00,,,,,,,1533.0,1533.0,,,0.0,,,0.0
2025-02-17 18:00:00,,,,,,,1273.0,1273.0,,,0.0,,,0.0
2025-02-17 19:00:00,,,,,,,1273.0,1273.0,,,0.0,,,0.0
2025-02-17 20:00:00,,,,,,,1273.0,1273.0,,,0.0,,,0.0
2025-02-17 21:00:00,,,,,,,1273.0,1273.0,,,0.0,,,0.0
2025-02-17 22:00:00,,,,,,,1273.0,1273.0,,,0.0,,,0.0
2025-02-17 23:00:00,,,,,,,1273.0,1273.0,,,0.0,,,0.0
2025-02-18 00:00:00,,,,,,,1273.0,1273.0,,,0.0,,,0.0
2025-02-18 01:00:00,,,,,,,1273.0,1273.0,,,0.0,,,0.0
2025-02-18 02:00:00,,,,,,,1273.0,1273.0,,,0.0,,,0.0
2025-02-18 03:00:00,,,,,,,1273.0,1273.0,,,0.0,,,0.0
2025-02-18 04:00:00,,,,,,,1533.0,1533.0,,,0.0,,,0.0
2025-02-18 05:00:00,,,,,,,1529.0,1529.0,,,0.0,,,0.0
2025-02-18 06:00:00,,,,,,,1529.0,1529.0,,,0.0,,,0.0
2025-02-18 07:00:00,,,,,,,1533.0,1533.0,,,0.0,,,0.0
2025-02-18 08:00:00,,,,,,,509.0,509.0,,,0.0,,,0.0
2025-02-18 09:00:00,,,,,,,509.0,509.0,,,0.0,,,0.0
2025-02-18 10:00:00,,,,,,,509.0,509.0,,,0.0,,,0.0
2025-02-18 11:00:00,,,,,,,509.0,509.0,,,0.0,,,0.0
2025-02-18 12:00:00,,,,,,,509.0,509.0,,,0.0,,,0.0
2025-02-18 13:00:00,,,,,,,509.0,509.0,,,0.0,,,0.0
2025-02-18 14:00:00,,,,,,,509.0,509.0,,,0.0,,,0.0
2025-02-18 15:00:00,,,,,,,509.0,509.0,,,0.0,,,0.0
2025-02-18 16:00:00,,,,,,,509.0,509.0,,,0.0,,,0.0
2025-02-18 17:00:00,,,,,,,1533.0,1533.0,,,0.0,,,0.0
2025-02-18 18:00:00,,,,,,,1273.0,1273.0,,,0.0,,,0.0
2025-02-18 19:00:00,,,,,,,1273.0,1273.0,,,0.0,,,0.0
2025-02-18 20:00:00,,,,,,,1533.0,1533.0,,,0.0,,,0.0
2025-02-18 21:00:00,,,,,,,1529.0,1529.0,,,0.0,,,0.0
2025-02-18 22:00:00,,,,,,,1273.0,1273.0,,,0.0,,,0.0
2025-02-18 23:00:00,,,,,,,1273.0,1273.0,,,0.0,,,0.0
2025-02-19 00:00:00,,,,,,,1273.0,1273.0,,,0.0,,,0.0
2025-02-19 01:00:00,,,,,,,1273.0,1273.0,,,0.0,,,0.0
2025-02-19 02:00:00,,,,,,,1533.0,1533.0,,,0.0,,,0.0
2025-02-19 03:00:00,,,,,,,1533.0,1533.0,,,0.0,,,0.0
2025-02-19 04:00:00,,,,,,,1533.0,1533.0,,,0.0,,,0.0
2025-02-19 05:00:00,,,,,,,1533.0,1533.0,,,0.0,,,0.0
2025-02-19 06:00:00,,,,,,,1533.0,1533.0,,,0.0,,,0.0
2025-02-19 07:00:00,,,,,,,1533.0,1533.0,,,0.0,,,0.0
2025-02-19 08:00:00,,,,,,,509.0,509.0,,,0.0,,,0.0
2025-02-19 09:00:00,,,,,,,509.0,509.0,,,0.0,,,0.0
2025-02-19 10:00:00,,,,,,,509.0,509.0,,,0.0,,,0.0
2025-02-19 11:00:00,,,,,,,509.0,509.0,,,0.0,,,0.0
2025-02-19 12:00:00,,,,,,,509.0,509.0,,,0.0,,,0.0
2025-02-19 13:00:00,,,,,,,509.0,509.0,,,0.0,,,0.0
2025-02-19 14:00:00,,,,,,,509.0,509.0,,,0.0,,,0.0
2025-02-19 15:00:00,,,,,,,509.0,509.0,,,0.0,,,0.0
2025-02-19 16:00:00,,,,,,,509.0,509.0,,,0.0,,,0.0
2025-02-19 17:00:00,,,,,,,1533.0,1533.0,,,0.0,,,0.0
2025-02-19 18:00:00,,,,,,,1273.0,1273.0,,,0.0,,,0.0
2025-02-19 19:00:00,,,,,,,1529.0,1529.0,,,0.0,,,0.0
2025-02-19 20:00:00,,,,,,,1533.0,1533.0,,,0.0,,,0.0
2025-02-19 21:00:00,,,,,,,1533.0,1533.0,,,0.0,,,0.0
2025-02-19 22:00:00,,,,,,,1533.0,1533.0,,,0.0,,,0.0
2025-02-19 23:00:00,,,,,,,1533.0,1533.0,,,0.0,,,0.0
2025-02-20 00:00:00,,,,,,,1533.0,1533.0,,,0.0,,,0.0
2025-02-20 01:00:00,,,,,,,1533.0,1533.0,,,0.0,,,0.0
2025-02-20 02:00:00,,,,,,,1529.0,1529.0,,,0.0,,,0.0
2025-02-20 03:00:00,,,,,,,1273.0,1273.0,,,0.0,,,0.0
2025-02-20 04:00:00,,,,,,,1273.0,1273.0,,,0.0,,,0.0
2025-02-20 05:00:00,,,,,,,1529.0,1529.0,,,0.0,,,0.0
2025-02-20 06:00:00,,,,,,,1273.0,1273.0,,,0.0,,,0.0
2025-02-20 07:00:00,,,,,,,1533.0,1533.0,,,0.0,,,0.0
2025-02-20 08:00:00,,,,,,,509.0,509.0,,,0.0,,,0.0
2025-02-20 09:00:00,,,,,,,509.0,509.0,,,0.0,,,0.0
2025-02-20 10:00:00,,,,,,,509.0,509.0,,,0.0,,,0.0
2025-02-20 11:00:00,,,,,,,509.0,509.0,,,0.0,,,0.0
2025-02-20 12:00:00,,,,,,,509.0,509.0,,,0.0,,,0.0
2025-02-20 13:00:00,,,,,,,509.0,509.0,,,0.0,,,0.0
2025-02-20 14:00:00,,,,,,,509.0,509.0,,,0.0,,,0.0
2025-02-20 15:00:00,,,,,,,509.0,509.0,,,0.0,,,0.0
2025-02-20 16:00:00,,,,,,,509.0,509.0,,,0.0,,,0.0
2025-02-20 17:00:00,,,,,,,1533.0,1533.0,,,0.0,,,0.0
2025-02-20 18:00:00,,,,,,,1273.0,1273.0,,,0.0,,,0.0
2025-02-20 19:00:00,,,,,,,1273.0,1273.0,,,0.0,,,0.0
2025-02-20 20:00:00,,,,,,,1273.0,1273.0,,,0.0,,,0.0
2025-02-20 21:00:00,,,,,,,1273.0,1273.0,,,0.0,,,0.0
2025-02-20 22:00:00,,,,,,,1273.0,1273.0,,,0.0,,,0.0
2025-02-20 23:00:00,,,,,,,1273.0,1273.0,,,0.0,,,0.0
2025-02-21 00:00:00,,,,,,,1273.0,1273.0,,,0.0,,,0.0
2025-02-21 01:00:00,,,,,,,1273.0,1273.0,,,0.0,,,0.0
2025-02-21 02:00:00,,,,,,,1529.0,1529.0,,,0.0,,,0.0
2025-02-21 03:00:00,,,,,,,1273.0,1273.0,,,0.0,,,0.0
2025-02-21 04:00:00,,,,,,,1529.0,1529.0,,,0.0,,,0.0
2025-02-21 05:00:00,,,,,,,1533.0,1533.0,,,0.0,,,0.0
2025-02-21 06:00:00,,,,,,,1273.0,1273.0,,,0.0,,,0.0
2025-02-21 07:00:00,,,,,,,1533.0,1533.0,,,0.0,,,0.0
2025-02-21 08:00:00,,,,,,,509.0,509.0,,,0.0,,,0.0
2025-02-21 09:00:00,,,,,,,509.0,509.0,,,0.0,,,0.0
2025-02-21 10:00:00,,,,,,,509.0,509.0,,,0.0,,,0.0
2025-02-21 11:00:00,,,,,,,509.0,509.0,,,0.0,,,0.0
2025-02-21 12:00:00,,,,,,,509.0,509.0,,,0.0,,,0.0
2025-02-21 13:00:00,,,,,,,509.0,509.0,,,0.0,,,0.0
2025-02-21 14:00:00,,,,,,,509.0,509.0,,,0.0,,,0.0
2025-02-21 15:00:00,,,,,,,509.0,509.0,,,0.0,,,0.0
2025-02-21 16:00:00,,,,,,,509.0,509.0,,,0.0,,,0.0
2025-02-21 17:00:00,,,,,,,1533.0,1533.0,,,0.0,,,0.0
2025-02-21 18:00:00,,,,,,,1273.0,1273.0,,,0.0,,,0.0
2025-02-21 19:00:00,,,,,,,1533.0,1533.0,,,0.0,,,0.0
2025-02-21 20:00:00,,,,,,,1273.0,1273.0,,,0.0,,,0.0
2025-02-21 21:00:00,,,,,,,1533.0,1533.0,,,0.0,,,0.0
2025-02-21 22:00:00,,,,,,,1273.0,1273.0,,,0.0,,,0.0
2025-02-21 23:00:00,,,,,,,1533.0,1533.0,,,0.0,,,0.0
2025-02-22 00:00:00,,,,,,,1529.0,1529.0,,,0.0,,,0.0
2025-02-22 01:00:00,,,,,,,1533.0,1533.0,,,0.0,,,0.0
2025-02-22 02:00:00,,,,,,,1529.0,1529.0,,,0.0,,,0.0
2025-02-22 03:00:00,,,,,,,1533.0,1533.0,,,0.0,,,0.0
2025-02-22 04:00:00,,,,,,,1273.0,1273.0,,,0.0,,,0.0
2025-02-22 05:00:00,,,,,,,1273.0,1273.0,,,0.0,,,0.0
2025-02-22 06:00:00,,,,,,,1273.0,1273.0,,,0.0,,,0.0
2025-02-22 07:00:00,,,,,,,1533.0,1533.0,,,0.0,,,0.0
2025-02-22 08:00:00,,,,,,,509.0,509.0,,,0.0,,,0.0
2025-02-22 09:00:00,,,,,,,509.0,509.0,,,0.0,,,0.0
2025-02-22 10:00:00,,,,,,,509.0,509.0,,,0.0,,,0.0
2025-02-22 11:00:00,,,,,,,509.0,509.0,,,0.0,,,0.0
2025-02-22 12:00:00,,,,,,,509.0,509.0,,,0.0,,,0.0
2025-02-22 13:00:00,,,,,,,509.0,509.0,,,0.0,,,0.0
2025-02-22 14:00:00,,,,,,,509.0,509.0,,,0.0,,,0.0
2025-02-22 15:00:00,,,,,,,509.0,509.0,,,0.0,,,0.0
2025-02-22 16:00:00,,,,,,,509.0,509.0,,,0.0,,,0.0
2025-02-22 17:00:00,,,,,,,1533.0,1533.0,,,0.0,,,0.0
2025-02-22 18:00:00,,,,,,,1273.0,1273.0,,,0.0,,,0.0
2025-02-22 19:00:00,,,,,,,1273.0,1273.0,,,0.0,,,0.0
2025-02-22 20:00:00,,,,,,,1273.0,1273.0,,,0.0,,,0.0
2025-02-22 21:00:00,,,,,,,1273.0,1273.0,,,0.0,,,0.0
2025-02-22 22:00:00,,,,,,,1273.0,1273.0,,,0.0,,,0.0
2025-02-22 23:00:00,,,,,,,1273.0,1273.0,,,0.0,,,0.0
2025-02-23 00:00:00,,,,,,,1273.0,1273.0,,,0.0,,,0.0
2025-02-23 01:00:00,,,,,,,1533.0,1533.0,,,0.0,,,0.0
2025-02-23 02:00:00,,,,,,,1273.0,1273.0,,,0.0,,,0.0
2025-02-23 03:00:00,,,,,,,1273.0,1273.0,,,0.0,,,0.0
2025-02-23 04:00:00,,,,,,,1529.0,1529.0,,,0.0,,,0.0
2025-02-23 05:00:00,,,,,,,1273.0,1273.0,,,0.0,,,0.0
2025-02-23 06:00:00,,,,,,,1273.0,1273.0,,,0.0,,,0.0
2025-02-23 07:00:00,,,,,,,1533.0,1533.0,,,0.0,,,0.0
2025-02-23 08:00:00,,,,,,,509.0,509.0,,,0.0,,,0.0
2025-02-23 09:00:00,,,,,,,509.0,509.0,,,0.0,,,0.0
2025-02-23 10:00:00,,,,,,,509.0,509.0,,,0.0,,,0.0
2025-02-23 11:00:00,,,,,,,509.0,509.0,,,0.0,,,0.0
2025-02-23 12:00:00,,,,,,,509.0,509.0,,,0.0,,,0.0
2025-02-23 13:00:00,,,,,,,509.0,509.0,,,0.0,,,0.0
2025-02-23 14:00:00,,,,,,,509.0,509.0,,,0.0,,,0.0
2025-02-23 15:00:00,,,,,,,509.0,509.0,,,0.0,,,0.0
2025-02-23 16:00:00,,,,,,,509.0,509.0,,,0.0,,,0.0
2025-02-23 17:00:00,,,,,,,1533.0,1533.0,,,0.0,,,0.0
2025-02-23 18:00:00,,,,,,,1273.0,1273.0,,,0.0,,,0.0
2025-02-23 19:00:00,,,,,,,1273.0,1273.0,,,0.0,,,0.0
2025-02-23 20:00:00,,,,,,,1273.0,1273.0,,,0.0,,,0.0
2025-02-23 21:00:00,,,,,,,1273.0,1273.0,,,0.0,,,0.0
2025-02-23 22:00:00,,,,,,,1273.0,1273.0,,,0.0,,,0.0
2025-02-23 23:00:00,,,,,,,1273.0,1273.0,,,0.0,,,0.0
2025-02-24 00:00:00,,,,,,,1273.0,1273.0,,,0.0,,,0.0
2025-02-24 01:00:00,,,,,,,1273.0,1273.0,,,0.0,,,0.0
2025-02-24 02:00:00,,,,,,,1529.0,1529.0,,,0.0,,,0.0
2025-02-24 03:00:00,,,,,,,1533.0,1533.0,,,0.0,,,0.0
2025-02-24 04:00:00,,,,,,,1529.0,1529.0,,,0.0,,,0.0
2025-02-24 05:00:00,,,,,,,1533.0,1533.0,,,0.0,,,0.0
2025-02-24 06:00:00,,,,,,,1529.0,1529.0,,,0.0,,,0.0
2025-02-24 07:00:00,,,,,,,1533.0,1533.0,,,0.0,,,0.0
2025-02-24 08:00:00,,,,,,,509.0,509.0,,,0.0,,,0.0
2025-02-24 09:00:00,,,,,,,509.0,509.0,,,0.0,,,0.0
2025-02-24 10:00:00,,,,,,,509.0,509.0,,,0.0,,,0.0
2025-02-24 11:00:00,,,,,,,509.0,509.0,,,0.0,,,0.0
2025-02-24 12:00:00,,,,,,,509.0,509.0,,,0.0,,,0.0
2025-02-24 13:00:00,,,,,,,509.0,509.0,,,0.0,,,0.0
2025-02-24 14:00:00,,,,,,,509.0,509.0,,,0.0,,,0.0
2025-02-24 15:00:00,,,,,,,509.0,509.0,,,0.0,,,0.0
2025-02-24 16:00:00,,,,,,,509.0,509.0,,,0.0,,,0.0
2025-02-24 17:00:00,,,,,,,1533.0,1533.0,,,0.0,,,0.0
2025-02-24 18:00:00,,,,,,,1533.0,1533.0,,,0.0,,,0.0
2025-02-24 19:00:00,,,,,,,1533.0,1533.0,,,0.0,,,0.0
2025-02-24 20:00:00,,,,,,,1529.0,1529.0,,,0.0,,,0.0
2025-02-24 21:00:00,,,,,,,1529.0,1529.0,,,0.0,,,0.0
2025-02-24 22:00:00,,,,,,,1533.0,1533.0,,,0.0,,,0.0
2025-02-24 23:00:00,,,,,,,1533.0,1533.0,,,0.0,,,0.0
2025-02-25 00:00:00,,,,,,,1533.0,1533.0,,,0.0,,,0.0
2025-02-25 01:00:00,,,,,,,1529.0,1529.0,,,0.0,,,0.0
2025-02-25 02:00:00,,,,,,,1533.0,1533.0,,,0.0,,,0.0
2025-02-25 03:00:00,,,,,,,1529.0,1529.0,,,0.0,,,0.0
2025-02-25 04:00:00,,,,,,,1529.0,1529.0,,,0.0,,,0.0
2025-02-25 05:00:00,,,,,,,1529.0,1529.0,,,0.0,,,0.0
2025-02-25 06:00:00,,,,,,,1529.0,1529.0,,,0.0,,,0.0
2025-02-25 07:00:00,,,,,,,1533.0,1533.0,,,0.0,,,0.0
2025-02-25 08:00:00,,,,,,,509.0,509.0,,,0.0,,,0.0
2025-02-25 09:00:00,,,,,,,509.0,509.0,,,0.0,,,0.0
2025-02-25 10:00:00,,,,,,,509.0,509.0,,,0.0,,,0.0
2025-02-25 11:00:00,,,,,,,509.0,509.0,,,0.0,,,0.0
2025-02-25 12:00:00,,,,,,,509.0,509.0,,,0.0,,,0.0
2025-02-25 13:00:00,,,,,,,509.0,509.0,,,0.0,,,0.0
2025-02-25 14:00:00,,,,,,,509.0,509.0,,,0.0,,,0.0
2025-02-25 15:00:00,,,,,,,509.0,509.0,,,0.0,,,0.0
2025-02-25 16:00:00,,,,,,,509.0,509.0,,,0.0,,,0.0
2025-02-25 17:00:00,,,,,,,1533.0,1533.0,,,0.0,,,0.0
2025-02-25 18:00:00,,,,,,,1533.0,1533.0,,,0.0,,,0.0
2025-02-25 19:00:00,,,,,,,1529.0,1529.0,,,0.0,,,0.0
2025-02-25 20:00:00,,,,,,,1533.0,1533.0,,,0.0,,,0.0
2025-02-25 21:00:00,,,,,,,1533.0,1533.0,,,0.0,,,0.0
2025-02-25 22:00:00,,,,,,,1533.0,1533.0,,,0.0,,,0.0
2025-02-25 23:00:00,,,,,,,1533.0,1533.0,,,0.0,,,0.0
2025-02-26 00:00:00,,,,,,,1533.0,1533.0,,,0.0,,,0.0
2025-02-26 01:00:00,,,,,,,1533.0,1533.0,,,0.0,,,0.0
2025-02-26 02:00:00,,,,,,,1533.0,1533.0,,,0.0,,,0.0
2025-02-26 03:00:00,,,,,,,1533.0,1533.0,,,0.0,,,0.0
2025-02-26 04:00:00,,,,,,,1533.0,1533.0,,,0.0,,,0.0
2025-02-26 05:00:00,,,,,,,1533.0,1533.0,,,0.0,,,0.0
2025-02-26 06:00:00,,,,,,,1533.0,1533.0,,,0.0,,,0.0
2025-02-26 07:00:00,,,,,,,1533.0,1533.0,,,0.0,,,0.0
2025-02-26 08:00:00,,,,,,,509.0,509.0,,,0.0,,,0.0
2025-02-26 09:00:00,,,,,,,509.0,509.0,,,0.0,,,0.0
2025-02-26 10:00:00,,,,,,,509.0,509.0,,,0.0,,,0.0
2025-02-26 11:00:00,,,,,,,509.0,509.0,,,0.0,,,0.0
2025-02-26 12:00:00,,,,,,,509.0,509.0,,,0.0,,,0.0
2025-02-26 13:00:00,,,,,,,509.0,509.0,,,0.0,,,0.0
2025-02-26 14:00:00,,,,,,,509.0,509.0,,,0.0,,,0.0
2025-02-26 15:00:00,,,,,,,509.0,509.0,,,0.0,,,0.0
2025-02-26 16:00:00,,,,,,,509.0,509.0,,,0.0,,,0.0
2025-02-26 17:00:00,,,,,,,1533.0,1533.0,,,0.0,,,0.0
2025-02-26 18:00:00,,,,,,,1273.0,1273.0,,,0.0,,,0.0
2025-02-26 19:00:00,,,,,,,1273.0,1273.0,,,0.0,,,0.0
2025-02-26 20:00:00,,,,,,,1273.0,1273.0,,,0.0,,,0.0
2025-02-26 21:00:00,,,,,,,1273.0,1273.0,,,0.0,,,0.0
2025-02-26 22:00:00,,,,,,,1273.0,1273.0,,,0.0,,,0.0
2025-02-26 23:00:00,,,,,,,1273.0,1273.0,,,0.0,,,0.0
2025-02-27 00:00:00,,,,,,,1273.0,1273.0,,,0.0,,,0.0
2025-02-27 01:00:00,,,,,,,1273.0,1273.0,,,0.0,,,0.0
2025-02-27 02:00:00,,,,,,,1273.0,1273.0,,,0.0,,,0.0
2025-02-27 03:00:00,,,,,,,1273.0,1273.0,,,0.0,,,0.0
2025-02-27 04:00:00,,,,,,,1273.0,1273.0,,,0.0,,,0.0
2025-02-27 05:00:00,,,,,,,1273.0,1273.0,,,0.0,,,0.0
2025-02-27 06:00:00,,,,,,,1273.0,1273.0,,,0.0,,,0.0
2025-02-27 07:00:00,,,,,,,1533.0,1533.0,,,0.0,,,0.0
2025-02-27 08:00:00,,,,,,,509.0,509.0,,,0.0,,,0.0
2025-02-27 09:00:00,,,,,,,509.0,509.0,,,0.0,,,0.0
2025-02-27 10:00:00,,,,,,,509.0,509.0,,,0.0,,,0.0
2025-02-27 11:00:00,,,,,,,509.0,509.0,,,0.0,,,0.0
2025-02-27 12:00:00,,,,,,,509.0,509.0,,,0.0,,,0.0
2025-02-27 13:00:00,,,,,,,509.0,509.0,,,0.0,,,0.0
2025-02-27 14:00:00,,,,,,,509.0,509.0,,,0.0,,,0.0
2025-02-27 15:00:00,,,,,,,509.0,509.0,,,0.0,,,0.0
2025-02-27 16:00:00,,,,,,,509.0,509.0,,,0.0,,,0.0
2025-02-27 17:00:00,,,,,,,1533.0,1533.0,,,0.0,,,0.0
2025-02-27 18:00:00,,,,,,,1273.0,1273.0,,,0.0,,,0.0
2025-02-27 19:00:00,,,,,,,1273.0,1273.0,,,0.0,,,0.0
2025-02-27 20:00:00,,,,,,,1273.0,1273.0,,,0.0,,,0.0
2025-02-27 21:00:00,,,,,,,1273.0,1273.0,,,0.0,,,0.0
2025-02-27 22:00:00,,,,,,,1273.0,1273.0,,,0.0,,,0.0
2025-02-27 23:00:00,,,,,,,1273.0,1273.0,,,0.0,,,0.0
2025-02-28 00:00:00,,,,,,,1273.0,1273.0,,,0.0,,,0.0
2025-02-28 01:00:00,,,,,,,1273.0,1273.0,,,0.0,,,0.0
2025-02-28 02:00:00,,,,,,,1529.0,1529.0,,,0.0,,,0.0
2025-02-28 03:00:00,,,,,,,1533.0,1533.0,,,0.0,,,0.0
2025-02-28 04:00:00,,,,,,,1273.0,1273.0,,,0.0,,,0.0
2025-02-28 05:00:00,,,,,,,1533.0,1533.0,,,0.0,,,0.0
2025-02-28 06:00:00,,,,,,,1533.0,1533.0,,,0.0,,,0.0
2025-02-28 07:00:00,,,,,,,1533.0,1533.0,,,0.0,,,0.0
2025-02-28 08:00:00,,,,,,,509.0,509.0,,,0.0,,,0.0
2025-02-28 09:00:00,,,,,,,509.0,509.0,,,0.0,,,0.0
2025-02-28 10:00:00,,,,,,,509.0,509.0,,,0.0,,,0.0
2025-02-28 11:00:00,,,,,,,509.0,509.0,,,0.0,,,0.0
2025-02-28 12:00:00,,,,,,,509.0,509.0,,,0.0,,,0.0
2025-02-28 13:00:00,,,,,,,509.0,509.0,,,0.0,,,0.0
2025-02-28 14:00:00,,,,,,,509.0,509.0,,,0.0,,,0.0
2025-02-28 15:00:00,,,,,,,509.0,509.0,,,0.0,,,0.0
2025-02-28 16:00:00,,,,,,,509.0,509.0,,,0.0,,,0.0
2025-02-28 17:00:00,,,,,,,1533.0,1533.0,,,0.0,,,0.0
2025-02-28 18:00:00,,,,,,,1273.0,1273.0,,,0.0,,,0.0
2025-02-28 19:00:00,,,,,,,1533.0,1533.0,,,0.0,,,0.0
2025-02-28 20:00:00,,,,,,,1273.0,1273.0,,,0.0,,,0.0
2025-02-28 21:00:00,,,,,,,1529.0,1529.0,,,0.0,,,0.0
2025-02-28 22:00:00,,,,,,,1529.0,1529.0,,,0.0,,,0.0
2025-02-28 23:00:00,,,,,,,1273.0,1273.0,,,0.0,,,0.0
2025-03-01 00:00:00,,,,,,,1529.0,1529.0,,,0.0,,,0.0
2025-03-01 01:00:00,,,,,,,1533.0,1533.0,,,0.0,,,0.0
2025-03-01 02:00:00,,,,,,,1533.0,1533.0,,,0.0,,,0.0
2025-03-01 03:00:00,,,,,,,1533.0,1533.0,,,0.0,,,0.0
2025-03-01 04:00:00,,,,,,,1533.0,1533.0,,,0.0,,,0.0
2025-03-01 05:00:00,,,,,,,1273.0,1273.0,,,0.0,,,0.0
2025-03-01 06:00:00,,,,,,,1273.0,1273.0,,,0.0,,,0.0
2025-03-01 07:00:00,,,,,,,1533.0,1533.0,,,0.0,,,0.0
2025-03-01 08:00:00,,,,,,,509.0,509.0,,,0.0,,,0.0
2025-03-01 09:00:00,,,,,,,509.0,509.0,,,0.0,,,0.0
2025-03-01 10:00:00,,,,,,,509.0,509.0,,,0.0,,,0.0
2025-03-01 11:00:00,,,,,,,509.0,509.0,,,0.0,,,0.0
2025-03-01 12:00:00,,,,,,,509.0,509.0,,,0.0,,,0.0
2025-03-01 13:00:00,,,,,,,509.0,509.0,,,0.0,,,0.0
2025-03-01 14:00:00,,,,,,,509.0,509.0,,,0.0,,,0.0
2025-03-01 15:00:00,,,,,,,509.0,509.0,,,0.0,,,0.0
2025-03-01 16:00:00,,,,,,,509.0,509.0,,,0.0,,,0.0
2025-03-01 17:00:00,,,,,,,1533.0,1533.0,,,0.0,,,0.0
2025-03-01 18:00:00,,,,,,,1273.0,1273.0,,,0.0,,,0.0
2025-03-01 19:00:00,,,,,,,1273.0,1273.0,,,0.0,,,0.0
2025-03-01 20:00:00,,,,,,,1273.0,1273.0,,,0.0,,,0.0
2025-03-01 21:00:00,,,,,,,1273.0,1273.0,,,0.0,,,0.0
2025-03-01 22:00:00,,,,,,,1273.0,1273.0,,,0.0,,,0.0
2025-03-01 23:00:00,,,,,,,1273.0,1273.0,,,0.0,,,0.0
2025-03-02 00:00:00,,,,,,,1273.0,1273.0,,,0.0,,,0.0
2025-03-02 01:00:00,,,,,,,1273.0,1273.0,,,0.0,,,0.0
2025-03-02 02:00:00,,,,,,,1273.0,1273.0,,,0.0,,,0.0
2025-03-02 03:00:00,,,,,,,1273.0,1273.0,,,0.0,,,0.0
2025-03-02 04:00:00,,,,,,,1273.0,1273.0,,,0.0,,,0.0
2025-03-02 05:00:00,,,,,,,1273.0,1273.0,,,0.0,,,0.0
2025-03-02 06:00:00,,,,,,,1273.0,1273.0,,,0.0,,,0.0
2025-03-02 07:00:00,,,,,,,1533.0,1533.0,,,0.0,,,0.0
2025-03-02 08:00:00,,,,,,,509.0,509.0,,,0.0,,,0.0
2025-03-02 09:00:00,,,,,,,509.0,509.0,,,0.0,,,0.0
2025-03-02 10:00:00,,,,,,,509.0,509.0,,,0.0,,,0.0
2025-03-02 11:00:00,,,,,,,509.0,509.0,,,0.0,,,0.0
2025-03-02 12:00:00,,,,,,,509.0,509.0,,,0.0,,,0.0
2025-03-02 13:00:00,,,,,,,509.0,509.0,,,0.0,,,0.0
2025-03-02 14:00:00,,,,,,,509.0,509.0,,,0.0,,,0.0
2025-03-02 15:00:00,,,,,,,509.0,509.0,,,0.0,,,0.0
2025-03-02 16:00:00,,,,,,,509.0,509.0,,,0.0,,,0.0
2025-03-02 17:00:00,,,,,,,1533.0,1533.0,,,0.0,,,0.0
2025-03-02 18:00:00,,,,,,,1273.0,1273.0,,,0.0,,,0.0
2025-03-02 19:00:00,,,,,,,1273.0,1273.0,,,0.0,,,0.0
2025-03-02 20:00:00,,,,,,,1273.0,1273.0,,,0.0,,,0.0
2025-03-02 21:00:00,,,,,,,1273.0,1273.0,,,0.0,,,0.0
2025-03-02 22:00:00,,,,,,,1273.0,1273.0,,,0.0,,,0.0
2025-03-02 23:00:00,,,,,,,1273.0,1273.0,,,0.0,,,0.0
2025-03-03 00:00:00,,,,,,,1529.0,1529.0,,,0.0,,,0.0
2025-03-03 01:00:00,,,,,,,1273.0,1273.0,,,0.0,,,0.0
2025-03-03 02:00:00,,,,,,,1273.0,1273.0,,,0.0,,,0.0
2025-03-03 03:00:00,,,,,,,1273.0,1273.0,,,0.0,,,0.0
2025-03-03 04:00:00,,,,,,,1273.0,1273.0,,,0.0,,,0.0
2025-03-03 05:00:00,,,,,,,1273.0,1273.0,,,0.0,,,0.0
2025-03-03 06:00:00,,,,,,,1273.0,1273.0,,,0.0,,,0.0
2025-03-03 07:00:00,,,,,,,1533.0,1533.0,,,0.0,,,0.0
2025-03-03 08:00:00,,,,,,,509.0,509.0,,,0.0,,,0.0
2025-03-03 09:00:00,,,,,,,249.0,249.0,,,0.0,,,0.0
2025-03-03 10:00:00,,,,,,,509.0,509.0,,,0.0,,,0.0
2025-03-03 11:00:00,,,,,,,509.0,509.0,,,0.0,,,0.0
2025-03-03 12:00:00,,,,,,,509.0,509.0,,,0.0,,,0.0
2025-03-03 13:00:00,,,,,,,509.0,509.0,,,0.0,,,0.0
2025-03-03 14:00:00,,,,,,,509.0,509.0,,,0.0,,,0.0
2025-03-03 15:00:00,,,,,,,509.0,509.0,,,0.0,,,0.0
2025-03-03 16:00:00,,,,,,,509.0,509.0,,,0.0,,,0.0
2025-03-03 17:00:00,,,,,,,1533.0,1533.0,,,0.0,,,0.0
2025-03-03 18:00:00,,,,,,,1273.0,1273.0,,,0.0,,,0.0
2025-03-03 19:00:00,,,,,,,1273.0,1273.0,,,0.0,,,0.0
2025-03-03 20:00:00,,,,,,,1273.0,1273.0,,,0.0,,,0.0
2025-03-03 21:00:00,,,,,,,1273.0,1273.0,,,0.0,,,0.0
2025-03-03 22:00:00,,,,,,,1273.0,1273.0,,,0.0,,,0.0
2025-03-03 23:00:00,,,,,,,1273.0,1273.0,,,0.0,,,0.0
2025-03-04 00:00:00,,,,,,,1273.0,1273.0,,,0.0,,,0.0
2025-03-04 01:00:00,,,,,,,1273.0,1273.0,,,0.0,,,0.0
2025-03-04 02:00:00,,,,,,,1273.0,1273.0,,,0.0,,,0.0
2025-03-04 03:00:00,,,,,,,1273.0,1273.0,,,0.0,,,0.0
2025-03-04 04:00:00,,,,,,,1273.0,1273.0,,,0.0,,,0.0
2025-03-04 05:00:00,,,,,,,1273.0,1273.0,,,0.0,,,0.0
2025-03-04 06:00:00,,,,,,,1273.0,1273.0,,,0.0,,,0.0
2025-03-04 07:00:00,,,,,,,1533.0,1533.0,,,0.0,,,0.0
2025-03-04 08:00:00,,,,,,,509.0,509.0,,,0.0,,,0.0
2025-03-04 09:00:00,,,,,,,509.0,509.0,,,0.0,,,0.0
2025-03-04 10:00:00,,,,,,,509.0,509.0,,,0.0,,,0.0
2025-03-04 11:00:00,,,,,,,509.0,509.0,,,0.0,,,0.0
2025-03-04 12:00:00,,,,,,,509.0,509.0,,,0.0,,,0.0
2025-03-04 13:00:00,,,,,,,509.0,509.0,1.6186,0.0,1.0,0.8873999,0.0,1.0
2025-03-04 14:00:00,,,,,,,509.0,509.0,0.899,0.0,1.0,1.1947,0.0,1.0
2025-03-04 15:00:00,,,,,,,509.0,509.0,,,0.0,,,0.0
2025-03-04 16:00:00,,,,,,,509.0,509.0,,,0.0,,,0.0
2025-03-04 17:00:00,,,,,,,1533.0,1533.0,,,0.0,,,0.0
2025-03-04 18:00:00,,,,,,,1273.0,1273.0,,,0.0,,,0.0
2025-03-04 19:00:00,,,,,,,1273.0,1273.0,,,0.0,,,0.0
2025-03-04 20:00:00,,,,,,,1273.0,1273.0,,,0.0,,,0.0
2025-03-04 21:00:00,,,,,,,1529.0,1529.0,,,0.0,,,0.0
2025-03-04 22:00:00,,,,,,,1529.0,1529.0,,,0.0,,,0.0
2025-03-04 23:00:00,,,,,,,1273.0,1273.0,,,0.0,,,0.0
2025-03-05 00:00:00,,,,,,,1273.0,1273.0,,,0.0,,,0.0
2025-03-05 01:00:00,,,,,,,1273.0,1273.0,,,0.0,,,0.0
2025-03-05 02:00:00,,,,,,,1273.0,1273.0,,,0.0,,,0.0
2025-03-05 03:00:00,,,,,,,1273.0,1273.0,,,0.0,,,0.0
2025-03-05 04:00:00,,,,,,,1273.0,1273.0,,,0.0,,,0.0
2025-03-05 05:00:00,,,,,,,1273.0,1273.0,,,0.0,,,0.0
2025-03-05 06:00:00,,,,,,,1273.0,1273.0,,,0.0,,,0.0
2025-03-05 07:00:00,,,,,,,1533.0,1533.0,,,0.0,,,0.0
2025-03-05 08:00:00,,,,,,,509.0,509.0,,,0.0,,,0.0
2025-03-05 09:00:00,,,,,,,509.0,509.0,,,0.0,,,0.0
2025-03-05 10:00:00,,,,,,,509.0,509.0,,,0.0,,,0.0
2025-03-05 11:00:00,,,,,,,509.0,509.0,,,0.0,,,0.0
2025-03-05 12:00:00,,,,,,,509.0,509.0,,,0.0,,,0.0
2025-03-05 13:00:00,,,,,,,509.0,509.0,,,0.0,,,0.0
2025-03-05 14:00:00,,,,,,,509.0,509.0,,,0.0,,,0.0
2025-03-05 15:00:00,,,,,,,509.0,509.0,,,0.0,,,0.0
2025-03-05 16:00:00,,,,,,,509.0,509.0,,,0.0,,,0.0
2025-03-05 17:00:00,,,,,,,1533.0,1533.0,,,0.0,,,0.0
2025-03-05 18:00:00,,,,,,,1273.0,1273.0,,,0.0,,,0.0
2025-03-05 19:00:00,,,,,,,1273.0,1273.0,,,0.0,,,0.0
2025-03-05 20:00:00,,,,,,,1273.0,1273.0,,,0.0,,,0.0
2025-03-05 21:00:00,,,,,,,1533.0,1533.0,,,0.0,,,0.0
2025-03-05 22:00:00,,,,,,,1529.0,1529.0,,,0.0,,,0.0
2025-03-05 23:00:00,,,,,,,1529.0,1529.0,,,0.0,,,0.0
2025-03-06 00:00:00,,,,,,,1529.0,1529.0,,,0.0,,,0.0
2025-03-06 01:00:00,,,,,,,1533.0,1533.0,,,0.0,,,0.0
2025-03-06 02:00:00,,,,,,,1529.0,1529.0,,,0.0,,,0.0
2025-03-06 03:00:00,,,,,,,1533.0,1533.0,,,0.0,,,0.0
2025-03-06 04:00:00,,,,,,,1529.0,1529.0,,,0.0,,,0.0
2025-03-06 05:00:00,,,,,,,1533.0,1533.0,,,0.0,,,0.0
2025-03-06 06:00:00,,,,,,,1529.0,1529.0,,,0.0,,,0.0
2025-03-06 07:00:00,,,,,,,1533.0,1533.0,,,0.0,,,0.0
2025-03-06 08:00:00,,,,,,,509.0,509.0,,,0.0,,,0.0
2025-03-06 09:00:00,,,,,,,509.0,509.0,,,0.0,,,0.0
2025-03-06 10:00:00,,,,,,,509.0,509.0,,,0.0,,,0.0
2025-03-06 11:00:00,,,,,,,509.0,509.0,,,0.0,,,0.0
2025-03-06 12:00:00,,,,,,,509.0,509.0,,,0.0,,,0.0
2025-03-06 13:00:00,,,,,,,509.0,509.0,,,0.0,,,0.0
2025-03-06 14:00:00,,,,,,,509.0,509.0,,,0.0,,,0.0
2025-03-06 15:00:00,,,,,,,509.0,509.0,,,0.0,,,0.0
2025-03-06 16:00:00,,,,,,,509.0,509.0,,,0.0,,,0.0
2025-03-06 17:00:00,,,,,,,1533.0,1533.0,,,0.0,,,0.0
2025-03-06 18:00:00,,,,,,,1533.0,1533.0,,,0.0,,,0.0
2025-03-06 19:00:00,,,,,,,1533.0,1533.0,,,0.0,,,0.0
2025-03-06 20:00:00,,,,,,,1273.0,1273.0,,,0.0,,,0.0
2025-03-06 21:00:00,,,,,,,1273.0,1273.0,,,0.0,,,0.0
2025-03-06 22:00:00,,,,,,,1273.0,1273.0,,,0.0,,,0.0
2025-03-06 23:00:00,,,,,,,1273.0,1273.0,,,0.0,,,0.0
2025-03-07 00:00:00,,,,,,,1273.0,1273.0,,,0.0,,,0.0
2025-03-07 01:00:00,,,,,,,1273.0,1273.0,,,0.0,,,0.0
2025-03-07 02:00:00,,,,,,,1529.0,1529.0,,,0.0,,,0.0
2025-03-07 03:00:00,,,,,,,1533.0,1533.0,,,0.0,,,0.0
2025-03-07 04:00:00,,,,,,,1529.0,1529.0,,,0.0,,,0.0
2025-03-07 05:00:00,,,,,,,1533.0,1533.0,,,0.0,,,0.0
2025-03-07 06:00:00,,,,,,,1273.0,1273.0,,,0.0,,,0.0
2025-03-07 07:00:00,,,,,,,1533.0,1533.0,,,0.0,,,0.0
2025-03-07 08:00:00,,,,,,,509.0,509.0,,,0.0,,,0.0
2025-03-07 09:00:00,,,,,,,509.0,509.0,,,0.0,,,0.0
2025-03-07 10:00:00,,,,,,,509.0,509.0,,,0.0,,,0.0
2025-03-07 11:00:00,,,,,,,509.0,509.0,,,0.0,,,0.0
2025-03-07 12:00:00,,,,,,,509.0,509.0,,,0.0,,,0.0
2025-03-07 13:00:00,,,,,,,509.0,509.0,,,0.0,,,0.0
2025-03-07 14:00:00,,,,,,,509.0,509.0,,,0.0,,,0.0
2025-03-07 15:00:00,,,,,,,509.0,509.0,,,0.0,,,0.0
2025-03-07 16:00:00,,,,,,,509.0,509.0,,,0.0,,,0.0
2025-03-07 17:00:00,,,,,,,1529.0,1529.0,,,0.0,,,0.0
2025-03-07 18:00:00,,,,,,,1533.0,1533.0,,,0.0,,,0.0
2025-03-07 19:00:00,,,,,,,1529.0,1529.0,,,0.0,,,0.0
2025-03-07 20:00:00,,,,,,,1533.0,1533.0,,,0.0,,,0.0
2025-03-07 21:00:00,,,,,,,1533.0,1533.0,,,0.0,,,0.0
2025-03-07 22:00:00,,,,,,,1529.0,1529.0,,,0.0,,,0.0
2025-03-07 23:00:00,,,,,,,1533.0,1533.0,,,0.0,,,0.0
2025-03-08 00:00:00,,,,,,,1533.0,1533.0,,,0.0,,,0.0
2025-03-08 01:00:00,,,,,,,1273.0,1273.0,,,0.0,,,0.0
2025-03-08 02:00:00,,,,,,,1533.0,1533.0,,,0.0,,,0.0
2025-03-08 03:00:00,,,,,,,1529.0,1529.0,,,0.0,,,0.0
2025-03-08 04:00:00,,,,,,,1273.0,1273.0,,,0.0,,,0.0
2025-03-08 05:00:00,,,,,,,1273.0,1273.0,,,0.0,,,0.0
2025-03-08 06:00:00,,,,,,,1273.0,1273.0,,,0.0,,,0.0
2025-03-08 07:00:00,,,,,,,1533.0,1533.0,,,0.0,,,0.0
2025-03-08 08:00:00,,,,,,,509.0,509.0,,,0.0,,,0.0
2025-03-08 09:00:00,,,,,,,509.0,509.0,,,0.0,,,0.0
2025-03-08 10:00:00,,,,,,,509.0,509.0,,,0.0,,,0.0
2025-03-08 11:00:00,,,,,,,509.0,509.0,,,0.0,,,0.0
2025-03-08 12:00:00,,,,,,,509.0,509.0,,,0.0,,,0.0
2025-03-08 13:00:00,,,,,,,509.0,509.0,,,0.0,,,0.0
2025-03-08 14:00:00,,,,,,,509.0,509.0,,,0.0,,,0.0
2025-03-08 15:00:00,,,,,,,509.0,509.0,,,0.0,,,0.0
2025-03-08 16:00:00,,,,,,,509.0,509.0,,,0.0,,,0.0
2025-03-08 17:00:00,,,,,,,1533.0,1533.0,,,0.0,,,0.0
2025-03-08 18:00:00,,,,,,,1533.0,1533.0,,,0.0,,,0.0
2025-03-08 19:00:00,,,,,,,1533.0,1533.0,,,0.0,,,0.0
2025-03-08 20:00:00,,,,,,,1533.0,1533.0,,,0.0,,,0.0
2025-03-08 21:00:00,,,,,,,1533.0,1533.0,,,0.0,,,0.0
2025-03-08 22:00:00,,,,,,,1273.0,1273.0,,,0.0,,,0.0
2025-03-08 23:00:00,,,,,,,1273.0,1273.0,,,0.0,,,0.0
2025-03-09 00:00:00,,,,,,,1273.0,1273.0,,,0.0,,,0.0
2025-03-09 01:00:00,,,,,,,1273.0,1273.0,,,0.0,,,0.0
2025-03-09 02:00:00,,,,,,,1273.0,1273.0,,,0.0,,,0.0
2025-03-09 03:00:00,,,,,,,1533.0,1533.0,,,0.0,,,0.0
2025-03-09 04:00:00,,,,,,,1273.0,1273.0,,,0.0,,,0.0
2025-03-09 05:00:00,,,,,,,1273.0,1273.0,,,0.0,,,0.0
2025-03-09 06:00:00,,,,,,,1273.0,1273.0,,,0.0,,,0.0
2025-03-09 07:00:00,,,,,,,1533.0,1533.0,,,0.0,,,0.0
2025-03-09 08:00:00,,,,,,,509.0,509.0,,,0.0,,,0.0
2025-03-09 09:00:00,,,,,,,509.0,509.0,,,0.0,,,0.0
2025-03-09 10:00:00,,,,,,,509.0,509.0,,,0.0,,,0.0
2025-03-09 11:00:00,,,,,,,509.0,509.0,,,0.0,,,0.0
2025-03-09 12:00:00,,,,,,,509.0,509.0,,,0.0,,,0.0
2025-03-09 13:00:00,,,,,,,509.0,509.0,,,0.0,,,0.0
2025-03-09 14:00:00,,,,,,,509.0,509.0,,,0.0,,,0.0
2025-03-09 15:00:00,,,,,,,509.0,509.0,,,0.0,,,0.0
2025-03-09 16:00:00,,,,,,,509.0,509.0,,,0.0,,,0.0
2025-03-09 17:00:00,,,,,,,1533.0,1533.0,,,0.0,,,0.0
2025-03-09 18:00:00,,,,,,,1533.0,1533.0,,,0.0,,,0.0
2025-03-09 19:00:00,,,,,,,1529.0,1529.0,,,0.0,,,0.0
2025-03-09 20:00:00,,,,,,,1273.0,1273.0,,,0.0,,,0.0
2025-03-09 21:00:00,,,,,,,1273.0,1273.0,,,0.0,,,0.0
2025-03-09 22:00:00,,,,,,,1533.0,1533.0,,,0.0,,,0.0
2025-03-09 23:00:00,,,,,,,1529.0,1529.0,,,0.0,,,0.0
2025-03-10 00:00:00,,,,,,,1533.0,1533.0,,,0.0,,,0.0
2025-03-10 01:00:00,,,,,,,1273.0,1273.0,,,0.0,,,0.0
2025-03-10 02:00:00,,,,,,,1273.0,1273.0,,,0.0,,,0.0
2025-03-10 03:00:00,,,,,,,1533.0,1533.0,,,0.0,,,0.0
2025-03-10 04:00:00,,,,,,,1533.0,1533.0,,,0.0,,,0.0
2025-03-10 05:00:00,,,,,,,1273.0,1273.0,,,0.0,,,0.0
2025-03-10 06:00:00,,,,,,,1273.0,1273.0,,,0.0,,,0.0
2025-03-10 07:00:00,,,,,,,1533.0,1533.0,,,0.0,,,0.0
2025-03-10 08:00:00,,,,,,,509.0,509.0,,,0.0,,,0.0
2025-03-10 09:00:00,,,,,,,249.0,249.0,,,0.0,,,0.0
2025-03-10 10:00:00,,,,,,,509.0,509.0,,,0.0,,,0.0
2025-03-10 11:00:00,,,,,,,509.0,509.0,,,0.0,,,0.0
2025-03-10 12:00:00,,,,,,,509.0,509.0,,,0.0,,,0.0
2025-03-10 13:00:00,,,,,,,509.0,509.0,,,0.0,,,0.0
2025-03-10 14:00:00,,,,,,,509.0,509.0,,,0.0,,,0.0
2025-03-10 15:00:00,,,,,,,509.0,509.0,,,0.0,,,0.0
2025-03-10 16:00:00,,,,,,,509.0,509.0,,,0.0,,,0.0
2025-03-10 17:00:00,,,,,,,1533.0,1533.0,,,0.0,,,0.0
2025-03-10 18:00:00,,,,,,,1273.0,1273.0,,,0.0,,,0.0
2025-03-10 19:00:00,,,,,,,1273.0,1273.0,,,0.0,,,0.0
2025-03-10 20:00:00,,,,,,,1273.0,1273.0,,,0.0,,,0.0
2025-03-10 21:00:00,,,,,,,1273.0,1273.0,,,0.0,,,0.0
2025-03-10 22:00:00,,,,,,,1273.0,1273.0,,,0.0,,,0.0
2025-03-11 01:00:00,,,,,,,1529.0,1529.0,,,0.0,,,0.0
2025-03-11 02:00:00,,,,,,,1529.0,1529.0,,,0.0,,,0.0
2025-03-11 03:00:00,,,,,,,1533.0,1533.0,,,0.0,,,0.0
2025-03-11 04:00:00,,,,,,,1273.0,1273.0,,,0.0,,,0.0
2025-03-11 05:00:00,,,,,,,1273.0,1273.0,,,0.0,,,0.0
2025-03-11 06:00:00,,,,,,,1273.0,1273.0,,,0.0,,,0.0
2025-03-11 07:00:00,,,,,,,1533.0,1533.0,,,0.0,,,0.0
2025-03-11 08:00:00,,,,,,,509.0,509.0,,,0.0,,,0.0
2025-03-11 09:00:00,,,,,,,249.0,249.0,,,0.0,,,0.0
2025-03-11 10:00:00,,,,,,,509.0,509.0,,,0.0,,,0.0
2025-03-11 11:00:00,,,,,,,509.0,509.0,,,0.0,,,0.0
2025-03-11 12:00:00,,,,,,,509.0,509.0,,,0.0,,,0.0
2025-03-11 13:00:00,,,,,,,509.0,509.0,,,0.0,,,0.0
2025-03-11 14:00:00,,,,,,,505.0,505.0,,,0.0,,,0.0
2025-03-11 15:00:00,,,,,,,509.0,509.0,,,0.0,,,0.0
2025-03-11 16:00:00,,,,,,,509.0,509.0,,,0.0,,,0.0
2025-03-11 17:00:00,,,,,,,1533.0,1533.0,,,0.0,,,0.0
2025-03-11 18:00:00,,,,,,,1533.0,1533.0,,,0.0,,,0.0
2025-03-11 19:00:00,,,,,,,1529.0,1529.0,,,0.0,,,0.0
2025-03-11 20:00:00,,,,,,,1529.0,1529.0,,,0.0,,,0.0
2025-03-11 21:00:00,,,,,,,1273.0,1273.0,,,0.0,,,0.0
2025-03-11 22:00:00,,,,,,,1273.0,1273.0,,,0.0,,,0.0
2025-03-11 23:00:00,,,,,,,1273.0,1273.0,,,0.0,,,0.0
2025-03-12 00:00:00,,,,,,,1529.0,1529.0,,,0.0,,,0.0
2025-03-12 01:00:00,,,,,,,1529.0,1529.0,,,0.0,,,0.0
2025-03-12 02:00:00,,,,,,,1533.0,1533.0,,,0.0,,,0.0
2025-03-12 03:00:00,,,,,,,1533.0,1533.0,,,0.0,,,0.0
2025-03-12 04:00:00,,,,,,,1533.0,1533.0,,,0.0,,,0.0
2025-03-12 05:00:00,,,,,,,1529.0,1529.0,,,0.0,,,0.0
2025-03-12 06:00:00,,,,,,,1529.0,1529.0,,,0.0,,,0.0
2025-03-12 07:00:00,,,,,,,1533.0,1533.0,,,0.0,,,0.0
2025-03-12 08:00:00,,,,,,,509.0,509.0,,,0.0,,,0.0
2025-03-12 09:00:00,,,,,,,509.0,509.0,,,0.0,,,0.0
2025-03-12 10:00:00,,,,,,,509.0,509.0,,,0.0,,,0.0
2025-03-12 11:00:00,,,,,,,509.0,509.0,,,0.0,,,0.0
2025-03-12 12:00:00,,,,,,,509.0,509.0,,,0.0,,,0.0
2025-03-12 13:00:00,,,,,,,509.0,509.0,,,0.0,,,0.0
2025-03-12 14:00:00,,,,,,,509.0,509.0,,,0.0,,,0.0
2025-03-12 15:00:00,,,,,,,509.0,509.0,,,0.0,,,0.0
2025-03-12 16:00:00,,,,,,,509.0,509.0,,,0.0,,,0.0
2025-03-12 17:00:00,,,,,,,1533.0,1533.0,,,0.0,,,0.0
2025-03-12 18:00:00,,,,,,,1273.0,1273.0,,,0.0,,,0.0
2025-03-12 19:00:00,,,,,,,1529.0,1529.0,,,0.0,,,0.0
2025-03-12 20:00:00,,,,,,,1273.0,1273.0,,,0.0,,,0.0
2025-03-12 21:00:00,,,,,,,1529.0,1529.0,,,0.0,,,0.0
2025-03-12 22:00:00,,,,,,,1529.0,1529.0,,,0.0,,,0.0
2025-03-12 23:00:00,,,,,,,1273.0,1273.0,,,0.0,,,0.0
2025-03-13 00:00:00,,,,,,,1273.0,1273.0,,,0.0,,,0.0
2025-03-13 01:00:00,,,,,,,1273.0,1273.0,,,0.0,,,0.0
2025-03-13 02:00:00,,,,,,,1273.0,1273.0,,,0.0,,,0.0
2025-03-13 03:00:00,,,,,,,1273.0,1273.0,,,0.0,,,0.0
2025-03-13 04:00:00,,,,,,,1273.0,1273.0,,,0.0,,,0.0
2025-03-13 05:00:00,,,,,,,1273.0,1273.0,,,0.0,,,0.0
2025-03-13 06:00:00,,,,,,,1273.0,1273.0,,,0.0,,,0.0
2025-03-13 07:00:00,,,,,,,1533.0,1533.0,,,0.0,,,0.0
2025-03-13 08:00:00,,,,,,,509.0,509.0,,,0.0,,,0.0
2025-03-13 09:00:00,,,,,,,509.0,509.0,,,0.0,,,0.0
2025-03-13 10:00:00,,,,,,,509.0,509.0,,,0.0,,,0.0
2025-03-13 11:00:00,,,,,,,509.0,509.0,,,0.0,,,0.0
2025-03-13 12:00:00,,,,,,,509.0,509.0,,,0.0,,,0.0
2025-03-13 13:00:00,,,,,,,509.0,509.0,,,0.0,,,0.0
2025-03-13 14:00:00,,,,,,,509.0,509.0,,,0.0,,,0.0
2025-03-13 15:00:00,,,,,,,509.0,509.0,,,0.0,,,0.0
2025-03-13 16:00:00,,,,,,,509.0,509.0,,,0.0,,,0.0
2025-03-13 17:00:00,,,,,,,1533.0,1533.0,,,0.0,,,0.0
2025-03-13 18:00:00,,,,,,,1533.0,1533.0,,,0.0,,,0.0
2025-03-13 19:00:00,,,,,,,1529.0,1529.0,,,0.0,,,0.0
2025-03-13 20:00:00,,,,,,,1273.0,1273.0,,,0.0,,,0.0
2025-03-13 21:00:00,,,,,,,1273.0,1273.0,,,0.0,,,0.0
2025-03-13 22:00:00,,,,,,,1273.0,1273.0,,,0.0,,,0.0
2025-03-13 23:00:00,,,,,,,1273.0,1273.0,,,0.0,,,0.0
2025-03-14 00:00:00,,,,,,,1273.0,1273.0,,,0.0,,,0.0
2025-03-14 01:00:00,,,,,,,1273.0,1273.0,,,0.0,,,0.0
2025-03-14 02:00:00,,,,,,,1273.0,1273.0,,,0.0,,,0.0
2025-03-14 03:00:00,,,,,,,1273.0,1273.0,,,0.0,,,0.0
2025-03-14 04:00:00,,,,,,,1273.0,1273.0,,,0.0,,,0.0
2025-03-14 05:00:00,,,,,,,1273.0,1273.0,,,0.0,,,0.0
2025-03-14 06:00:00,,,,,,,1529.0,1529.0,,,0.0,,,0.0
2025-03-14 07:00:00,,,,,,,1533.0,1533.0,,,0.0,,,0.0
2025-03-14 08:00:00,,,,,,,509.0,509.0,,,0.0,,,0.0
2025-03-14 09:00:00,,,,,,,505.0,505.0,,,0.0,,,0.0
2025-03-14 10:00:00,,,,,,,509.0,509.0,,,0.0,,,0.0
2025-03-14 11:00:00,,,,,,,509.0,509.0,,,0.0,,,0.0
2025-03-14 12:00:00,,,,,,,505.0,504.0,1.023,0.0,1.0,0.8816,0.0,1.0
2025-03-14 13:00:00,,,,,,,509.0,509.0,0.98539996,0.24679999,4.0,0.86039996,0.13889998,4.0
2025-03-14 14:00:00,,,,,,,509.0,509.0,,,0.0,,,0.0
2025-03-14 15:00:00,,,,,,,509.0,509.0,,,0.0,,,0.0
2025-03-14 16:00:00,,,,,,,509.0,509.0,,,0.0,,,0.0
2025-03-14 17:00:00,,,,,,,1533.0,1533.0,,,0.0,,,0.0
2025-03-14 18:00:00,,,,,,,1273.0,1273.0,,,0.0,,,0.0
2025-03-14 19:00:00,,,,,,,1273.0,1273.0,,,0.0,,,0.0
2025-03-14 20:00:00,,,,,,,1273.0,1273.0,,,0.0,,,0.0
2025-03-14 21:00:00,,,,,,,1273.0,1273.0,,,0.0,,,0.0
2025-03-14 22:00:00,,,,,,,1273.0,1273.0,,,0.0,,,0.0
2025-03-14 23:00:00,,,,,,,1273.0,1273.0,,,0.0,,,0.0
2025-03-15 00:00:00,,,,,,,1273.0,1273.0,,,0.0,,,0.0
2025-03-15 01:00:00,,,,,,,1273.0,1273.0,,,0.0,,,0.0
2025-03-15 02:00:00,,,,,,,1273.0,1273.0,,,0.0,,,0.0
2025-03-15 03:00:00,,,,,,,1273.0,1273.0,,,0.0,,,0.0
2025-03-15 04:00:00,,,,,,,1273.0,1273.0,,,0.0,,,0.0
2025-03-15 05:00:00,,,,,,,1273.0,1273.0,,,0.0,,,0.0
2025-03-15 06:00:00,,,,,,,1273.0,1273.0,,,0.0,,,0.0
2025-03-15 07:00:00,,,,,,,1533.0,1533.0,,,0.0,,,0.0
2025-03-15 08:00:00,,,,,,,509.0,509.0,,,0.0,,,0.0
2025-03-15 09:00:00,,,,,,,249.0,248.0,0.6624,0.0,1.0,1.0106,0.0,1.0
2025-03-15 10:00:00,,,,,,,509.0,509.0,1.064,0.056199998,3.0,0.9994999,0.0020999908,3.0
2025-03-15 11:00:00,,,,,,,509.0,509.0,,,0.0,,,0.0
2025-03-15 12:00:00,,,,,,,509.0,509.0,,,0.0,,,0.0
2025-03-15 13:00:00,,,,,,,509.0,509.0,,,0.0,,,0.0
2025-03-15 14:00:00,,,,,,,509.0,509.0,,,0.0,,,0.0
2025-03-15 15:00:00,,,,,,,505.0,505.0,1.1215999,0.0052,2.0,0.9943999,0.014199972,2.0
2025-03-15 16:00:00,,,,,,,509.0,509.0,,,0.0,,,0.0
2025-03-15 17:00:00,,,,,,,1533.0,1533.0,,,0.0,,,0.0
2025-03-15 18:00:00,,,,,,,1529.0,1529.0,,,0.0,,,0.0
2025-03-15 19:00:00,,,,,,,1533.0,1533.0,,,0.0,,,0.0
2025-03-15 20:00:00,,,,,,,1273.0,1273.0,,,0.0,,,0.0
2025-03-15 21:00:00,,,,,,,1529.0,1529.0,,,0.0,,,0.0
2025-03-15 22:00:00,,,,,,,1533.0,1533.0,,,0.0,,,0.0
2025-03-15 23:00:00,,,,,,,1533.0,1533.0,,,0.0,,,0.0
2025-03-16 00:00:00,,,,,,,1529.0,1529.0,,,0.0,,,0.0
2025-03-16 01:00:00,,,,,,,1273.0,1273.0,,,0.0,,,0.0
2025-03-16 02:00:00,,,,,,,1529.0,1529.0,,,0.0,,,0.0
2025-03-16 03:00:00,,,,,,,1533.0,1533.0,,,0.0,,,0.0
2025-03-16 04:00:00,,,,,,,1273.0,1273.0,,,0.0,,,0.0
2025-03-16 05:00:00,,,,,,,1533.0,1533.0,,,0.0,,,0.0
2025-03-16 06:00:00,,,,,,,1533.0,1533.0,,,0.0,,,0.0
2025-03-16 07:00:00,,,,,,,1533.0,1533.0,,,0.0,,,0.0
2025-03-16 08:00:00,,,,,,,509.0,509.0,,,0.0,,,0.0
2025-03-16 09:00:00,,,,,,,505.0,505.0,,,0.0,,,0.0
2025-03-16 10:00:00,,,,,,,509.0,509.0,1.1194,0.0,1.0,1.056,0.0,1.0
2025-03-16 11:00:00,,,,,,,509.0,509.0,,,0.0,,,0.0
2025-03-16 12:00:00,,,,,,,509.0,509.0,,,0.0,,,0.0
2025-03-16 13:00:00,,,,,,,509.0,509.0,,,0.0,,,0.0
2025-03-16 14:00:00,,,,,,,509.0,509.0,,,0.0,,,0.0
2025-03-16 15:00:00,,,,,,,509.0,509.0,1.0418,0.0,1.0,1.0554,0.0,1.0
2025-03-16 16:00:00,,,,,,,509.0,509.0,,,0.0,,,0.0
2025-03-16 17:00:00,,,,,,,1533.0,1533.0,,,0.0,,,0.0
2025-03-16 18:00:00,,,,,,,1273.0,1273.0,,,0.0,,,0.0
2025-03-16 19:00:00,,,,,,,1273.0,1273.0,,,0.0,,,0.0
2025-03-16 20:00:00,,,,,,,1273.0,1273.0,,,0.0,,,0.0
2025-03-16 21:00:00,,,,,,,1273.0,1273.0,,,0.0,,,0.0
2025-03-16 22:00:00,,,,,,,1273.0,1273.0,,,0.0,,,0.0
2025-03-16 23:00:00,,,,,,,1273.0,1273.0,,,0.0,,,0.0
2025-03-17 00:00:00,,,,,,,1273.0,1273.0,,,0.0,,,0.0
2025-03-17 01:00:00,,,,,,,1273.0,1273.0,,,0.0,,,0.0
2025-03-17 02:00:00,,,,,,,1533.0,1533.0,,,0.0,,,0.0
2025-03-17 03:00:00,,,,,,,1273.0,1273.0,,,0.0,,,0.0
2025-03-17 04:00:00,,,,,,,1273.0,1273.0,,,0.0,,,0.0
2025-03-17 05:00:00,,,,,,,1273.0,1273.0,,,0.0,,,0.0
2025-03-17 06:00:00,,,,,,,1273.0,1273.0,,,0.0,,,0.0
2025-03-17 07:00:00,,,,,,,1533.0,1533.0,,,0.0,,,0.0
2025-03-17 08:00:00,,,,,,,509.0,509.0,,,0.0,,,0.0
2025-03-17 09:00:00,,,,,,,509.0,509.0,,,0.0,,,0.0
2025-03-17 10:00:00,,,,,,,505.0,505.0,,,0.0,,,0.0
2025-03-17 11:00:00,,,,,,,509.0,509.0,,,0.0,,,0.0
2025-03-17 12:00:00,,,,,,,509.0,509.0,,,0.0,,,0.0
2025-03-17 13:00:00,,,,,,,509.0,509.0,,,0.0,,,0.0
2025-03-17 14:00:00,,,,,,,509.0,509.0,,,0.0,,,0.0
2025-03-17 15:00:00,,,,,,,509.0,509.0,,,0.0,,,0.0
2025-03-17 16:00:00,,,,,,,509.0,509.0,,,0.0,,,0.0
2025-03-17 17:00:00,,,,,,,1533.0,1533.0,,,0.0,,,0.0
2025-03-17 18:00:00,,,,,,,1273.0,1273.0,,,0.0,,,0.0
2025-03-17 19:00:00,,,,,,,1273.0,1273.0,,,0.0,,,0.0
2025-03-17 20:00:00,,,,,,,1273.0,1273.0,,,0.0,,,0.0
2025-03-17 21:00:00,,,,,,,1273.0,1273.0,,,0.0,,,0.0
2025-03-17 22:00:00,,,,,,,1273.0,1273.0,,,0.0,,,0.0
2025-03-17 23:00:00,,,,,,,1273.0,1273.0,,,0.0,,,0.0
2025-03-18 00:00:00,,,,,,,1273.0,1273.0,,,0.0,,,0.0
2025-03-18 01:00:00,,,,,,,1529.0,1529.0,,,0.0,,,0.0
2025-03-18 02:00:00,,,,,,,1273.0,1273.0,,,0.0,,,0.0
2025-03-18 03:00:00,,,,,,,1273.0,1273.0,,,0.0,,,0.0
2025-03-18 04:00:00,,,,,,,1529.0,1529.0,,,0.0,,,0.0
2025-03-18 05:00:00,,,,,,,1529.0,1529.0,,,0.0,,,0.0
2025-03-18 06:00:00,,,,,,,1533.0,1533.0,,,0.0,,,0.0
2025-03-18 07:00:00,,,,,,,1533.0,1533.0,,,0.0,,,0.0
2025-03-18 08:00:00,,,,,,,509.0,509.0,,,0.0,,,0.0
2025-03-18 09:00:00,,,,,,,509.0,509.0,,,0.0,,,0.0
2025-03-18 10:00:00,,,,,,,509.0,509.0,0.9486,0.0,2.0,1.0891,0.0,2.0
2025-03-18 11:00:00,,,,,,,509.0,509.0,,,0.0,,,0.0
2025-03-18 12:00:00,,,,,,,509.0,509.0,,,0.0,,,0.0
2025-03-18 13:00:00,,,,,,,509.0,509.0,,,0.0,,,0.0
2025-03-18 14:00:00,,,,,,,509.0,509.0,,,0.0,,,0.0
2025-03-18 15:00:00,,,,,,,509.0,509.0,,,0.0,,,0.0
2025-03-18 16:00:00,,,,,,,509.0,509.0,,,0.0,,,0.0
2025-03-18 17:00:00,,,,,,,1533.0,1533.0,,,0.0,,,0.0
2025-03-18 18:00:00,,,,,,,1529.0,1529.0,,,0.0,,,0.0
2025-03-18 19:00:00,,,,,,,1273.0,1273.0,,,0.0,,,0.0
2025-03-18 20:00:00,,,,,,,1529.0,1529.0,,,0.0,,,0.0
2025-03-18 21:00:00,,,,,,,1273.0,1273.0,,,0.0,,,0.0
2025-03-18 22:00:00,,,,,,,1273.0,1273.0,,,0.0,,,0.0
2025-03-18 23:00:00,,,,,,,1533.0,1533.0,,,0.0,,,0.0
2025-03-19 00:00:00,,,,,,,1533.0,1533.0,,,0.0,,,0.0
2025-03-19 01:00:00,,,,,,,1529.0,1529.0,,,0.0,,,0.0
2025-03-19 02:00:00,,,,,,,1533.0,1533.0,,,0.0,,,0.0
2025-03-19 03:00:00,,,,,,,1533.0,1533.0,,,0.0,,,0.0
2025-03-19 04:00:00,,,,,,,1529.0,1529.0,,,0.0,,,0.0
2025-03-19 05:00:00,,,,,,,1533.0,1533.0,,,0.0,,,0.0
2025-03-19 06:00:00,,,,,,,1529.0,1529.0,,,0.0,,,0.0
2025-03-19 07:00:00,,,,,,,1533.0,1533.0,,,0.0,,,0.0
2025-03-19 08:00:00,,,,,,,509.0,509.0,,,0.0,,,0.0
2025-03-19 09:00:00,,,,,,,2553.0,2552.0,1.327,0.0,1.0,1.0626,0.0,1.0
2025-03-19 10:00:00,,,,,,,509.0,509.0,1.5654,0.0462,3.0,1.0057,0.011599958,3.0
2025-03-19 11:00:00,,,,,,,509.0,509.0,,,0.0,,,0.0
2025-03-19 12:00:00,,,,,,,509.0,509.0,,,0.0,,,0.0
2025-03-19 13:00:00,,,,,,,509.0,509.0,,,0.0,,,0.0
2025-03-19 14:00:00,,,,,,,509.0,509.0,,,0.0,,,0.0
2025-03-19 15:00:00,,,,,,,509.0,509.0,,,0.0,,,0.0
2025-03-19 16:00:00,,,,,,,509.0,509.0,,,0.0,,,0.0
2025-03-19 17:00:00,,,,,,,1533.0,1533.0,,,0.0,,,0.0
2025-03-19 18:00:00,,,,,,,1529.0,1529.0,,,0.0,,,0.0
2025-03-19 19:00:00,,,,,,,1273.0,1273.0,,,0.0,,,0.0
2025-03-19 20:00:00,,,,,,,1273.0,1273.0,,,0.0,,,0.0
2025-03-19 21:00:00,,,,,,,1533.0,1533.0,,,0.0,,,0.0
2025-03-19 22:00:00,,,,,,,1273.0,1273.0,,,0.0,,,0.0
2025-03-19 23:00:00,,,,,,,1273.0,1273.0,,,0.0,,,0.0
2025-03-20 00:00:00,,,,,,,1273.0,1273.0,,,0.0,,,0.0
2025-03-20 01:00:00,,,,,,,1273.0,1273.0,,,0.0,,,0.0
2025-03-20 02:00:00,,,,,,,1273.0,1273.0,,,0.0,,,0.0
2025-03-20 03:00:00,,,,,,,1273.0,1273.0,,,0.0,,,0.0
2025-03-20 04:00:00,,,,,,,1273.0,1273.0,,,0.0,,,0.0
2025-03-20 05:00:00,,,,,,,1273.0,1273.0,,,0.0,,,0.0
2025-03-20 06:00:00,,,,,,,1273.0,1273.0,,,0.0,,,0.0
2025-03-20 07:00:00,,,,,,,1533.0,1533.0,,,0.0,,,0.0
2025-03-20 08:00:00,,,,,,,509.0,509.0,,,0.0,,,0.0
2025-03-20 09:00:00,,,,,,,509.0,509.0,,,0.0,,,0.0
2025-03-20 10:00:00,,,,,,,505.0,505.0,,,0.0,,,0.0
2025-03-20 11:00:00,,,,,,,249.0,249.0,,,0.0,,,0.0
2025-03-20 12:00:00,,,,,,,249.0,249.0,,,0.0,,,0.0
2025-03-20 13:00:00,,,,,,,509.0,509.0,,,0.0,,,0.0
2025-03-20 14:00:00,,,,,,,505.0,505.0,,,0.0,,,0.0
2025-03-20 15:00:00,,,,,,,509.0,509.0,,,0.0,,,0.0
2025-03-20 16:00:00,,,,,,,509.0,509.0,,,0.0,,,0.0
2025-03-20 17:00:00,,,,,,,1533.0,1533.0,,,0.0,,,0.0
2025-03-20 18:00:00,,,,,,,1273.0,1273.0,,,0.0,,,0.0
2025-03-20 19:00:00,,,,,,,1273.0,1273.0,,,0.0,,,0.0
2025-03-20 20:00:00,,,,,,,1533.0,1533.0,,,0.0,,,0.0
2025-03-20 21:00:00,,,,,,,1533.0,1533.0,,,0.0,,,0.0
2025-03-20 22:00:00,,,,,,,1533.0,1533.0,,,0.0,,,0.0
2025-03-20 23:00:00,,,,,,,1533.0,1533.0,,,0.0,,,0.0
2025-03-21 00:00:00,,,,,,,1533.0,1533.0,,,0.0,,,0.0
2025-03-21 01:00:00,,,,,,,1273.0,1273.0,,,0.0,,,0.0
2025-03-21 02:00:00,,,,,,,1533.0,1533.0,,,0.0,,,0.0
2025-03-21 03:00:00,,,,,,,1529.0,1529.0,,,0.0,,,0.0
2025-03-21 04:00:00,,,,,,,1533.0,1533.0,,,0.0,,,0.0
2025-03-21 05:00:00,,,,,,,1529.0,1529.0,,,0.0,,,0.0
2025-03-21 06:00:00,,,,,,,1273.0,1273.0,,,0.0,,,0.0
2025-03-21 07:00:00,,,,,,,1533.0,1533.0,,,0.0,,,0.0
2025-03-21 08:00:00,,,,,,,509.0,509.0,,,0.0,,,0.0
2025-03-21 09:00:00,,,,,,,249.0,249.0,,,0.0,,,0.0
2025-03-21 10:00:00,,,,,,,249.0,249.0,,,0.0,,,0.0
2025-03-21 11:00:00,,,,,,,249.0,249.0,,,0.0,,,0.0
2025-03-21 12:00:00,,,,,,,249.0,249.0,,,0.0,,,0.0
2025-03-21 13:00:00,,,,,,,249.0,249.0,,,0.0,,,0.0
2025-03-21 14:00:00,,,,,,,249.0,249.0,,,0.0,,,0.0
2025-03-21 15:00:00,,,,,,,505.0,505.0,,,0.0,,,0.0
2025-03-21 16:00:00,,,,,,,509.0,509.0,,,0.0,,,0.0
2025-03-21 17:00:00,,,,,,,1533.0,1533.0,,,0.0,,,0.0
2025-03-21 18:00:00,,,,,,,1273.0,1273.0,,,0.0,,,0.0
2025-03-21 19:00:00,,,,,,,1273.0,1273.0,,,0.0,,,0.0
2025-03-21 20:00:00,,,,,,,1273.0,1273.0,,,0.0,,,0.0
2025-03-21 21:00:00,,,,,,,1273.0,1273.0,,,0.0,,,0.0
2025-03-21 22:00:00,,,,,,,1273.0,1273.0,,,0.0,,,0.0
2025-03-21 23:00:00,,,,,,,1273.0,1273.0,,,0.0,,,0.0
2025-03-22 00:00:00,,,,,,,1273.0,1273.0,,,0.0,,,0.0
2025-03-22 01:00:00,,,,,,,1273.0,1273.0,,,0.0,,,0.0
2025-03-22 02:00:00,,,,,,,1529.0,1529.0,,,0.0,,,0.0
2025-03-22 03:00:00,,,,,,,1533.0,1533.0,,,0.0,,,0.0
2025-03-22 04:00:00,,,,,,,1273.0,1273.0,,,0.0,,,0.0
2025-03-22 05:00:00,,,,,,,1273.0,1273.0,,,0.0,,,0.0
2025-03-22 06:00:00,,,,,,,1273.0,1273.0,,,0.0,,,0.0
2025-03-22 07:00:00,,,,,,,1533.0,1533.0,,,0.0,,,0.0
2025-03-22 08:00:00,,,,,,,509.0,509.0,,,0.0,,,0.0
2025-03-22 09:00:00,,,,,,,249.0,249.0,,,0.0,,,0.0
2025-03-22 10:00:00,,,,,,,249.0,249.0,,,0.0,,,0.0
2025-03-22 11:00:00,,,,,,,249.0,249.0,,,0.0,,,0.0
2025-03-22 12:00:00,,,,,,,249.0,249.0,,,0.0,,,0.0
2025-03-22 13:00:00,,,,,,,249.0,249.0,,,0.0,,,0.0
2025-03-22 14:00:00,,,,,,,249.0,249.0,,,0.0,,,0.0
2025-03-22 15:00:00,,,,,,,505.0,505.0,,,0.0,,,0.0
2025-03-22 16:00:00,,,,,,,509.0,509.0,,,0.0,,,0.0
2025-03-22 17:00:00,,,,,,,1533.0,1533.0,,,0.0,,,0.0
2025-03-22 18:00:00,,,,,,,1273.0,1273.0,,,0.0,,,0.0
2025-03-22 19:00:00,,,,,,,1273.0,1273.0,,,0.0,,,0.0
2025-03-22 20:00:00,,,,,,,1273.0,1273.0,,,0.0,,,0.0
2025-03-22 21:00:00,,,,,,,1273.0,1273.0,,,0.0,,,0.0
2025-03-22 22:00:00,,,,,,,1273.0,1273.0,,,0.0,,,0.0
2025-03-22 23:00:00,,,,,,,1273.0,1273.0,,,0.0,,,0.0
2025-03-23 00:00:00,,,,,,,1273.0,1273.0,,,0.0,,,0.0
2025-03-23 01:00:00,,,,,,,1273.0,1273.0,,,0.0,,,0.0
2025-03-23 02:00:00,,,,,,,1273.0,1273.0,,,0.0,,,0.0
2025-03-23 03:00:00,,,,,,,1273.0,1273.0,,,0.0,,,0.0
2025-03-23 04:00:00,,,,,,,1273.0,1273.0,,,0.0,,,0.0
2025-03-23 05:00:00,,,,,,,1273.0,1273.0,,,0.0,,,0.0
2025-03-23 06:00:00,,,,,,,1273.0,1273.0,,,0.0,,,0.0
2025-03-23 07:00:00,,,,,,,1273.0,1273.0,,,0.0,,,0.0
2025-03-23 08:00:00,,,,,,,2553.0,2552.0,0.9076,0.0,1.0,1.2206,0.0,1.0
2025-03-23 09:00:00,,,,,,,509.0,509.0,0.9456,0.0075999997,5.0,1.226,0.0022999644,5.0
2025-03-23 10:00:00,,,,,,,2553.0,2552.0,1.5754,0.0,1.0,1.1194999,0.0,1.0
2025-03-23 11:00:00,,,,,,,509.0,509.0,1.56,0.0032,2.0,1.0970999,0.012899995,2.0
2025-03-23 12:00:00,,,,,,,249.0,249.0,,,0.0,,,0.0
2025-03-23 13:00:00,,,,,,,249.0,249.0,,,0.0,,,0.0
2025-03-23 14:00:00,,,,,,,249.0,249.0,,,0.0,,,0.0
2025-03-23 15:00:00,,,,,,,505.0,505.0,,,0.0,,,0.0
2025-03-23 16:00:00,,,,,,,509.0,509.0,,,0.0,,,0.0
2025-03-23 17:00:00,,,,,,,1533.0,1533.0,,,0.0,,,0.0
2025-03-23 18:00:00,,,,,,,1273.0,1273.0,,,0.0,,,0.0
2025-03-23 19:00:00,,,,,,,1273.0,1273.0,,,0.0,,,0.0
2025-03-23 20:00:00,,,,,,,1273.0,1273.0,,,0.0,,,0.0
2025-03-23 21:00:00,,,,,,,1273.0,1273.0,,,0.0,,,0.0
2025-03-23 22:00:00,,,,,,,1273.0,1273.0,,,0.0,,,0.0
2025-03-23 23:00:00,,,,,,,1273.0,1273.0,,,0.0,,,0.0
2025-03-24 00:00:00,,,,,,,1273.0,1273.0,,,0.0,,,0.0
2025-03-24 01:00:00,,,,,,,1273.0,1273.0,,,0.0,,,0.0
2025-03-24 02:00:00,,,,,,,1273.0,1273.0,,,0.0,,,0.0
2025-03-24 03:00:00,,,,,,,1529.0,1529.0,,,0.0,,,0.0
2025-03-24 04:00:00,,,,,,,1273.0,1273.0,,,0.0,,,0.0
2025-03-24 05:00:00,,,,,,,1273.0,1273.0,,,0.0,,,0.0
2025-03-24 06:00:00,,,,,,,1273.0,1273.0,,,0.0,,,0.0
2025-03-24 07:00:00,,,,,,,1533.0,1533.0,,,0.0,,,0.0
2025-03-24 08:00:00,,,,,,,2553.0,2552.0,3.0002,0.0,1.0,1.0049,0.0,1.0
2025-03-24 09:00:00,,,,,,,249.0,249.0,,,0.0,,,0.0
2025-03-24 10:00:00,,,,,,,249.0,249.0,,,0.0,,,0.0
2025-03-24 11:00:00,,,,,,,509.0,509.0,,,0.0,,,0.0
2025-03-24 12:00:00,,,,,,,249.0,249.0,,,0.0,,,0.0
2025-03-24 13:00:00,,,,,,,249.0,249.0,,,0.0,,,0.0
2025-03-24 14:00:00,,,,,,,505.0,505.0,,,0.0,,,0.0
2025-03-24 15:00:00,,,,,,,505.0,505.0,,,0.0,,,0.0
2025-03-24 16:00:00,,,,,,,509.0,509.0,,,0.0,,,0.0
2025-03-24 17:00:00,,,,,,,1533.0,1533.0,,,0.0,,,0.0
2025-03-24 18:00:00,,,,,,,1273.0,1273.0,,,0.0,,,0.0
2025-03-24 19:00:00,,,,,,,1273.0,1273.0,,,0.0,,,0.0
2025-03-24 20:00:00,,,,,,,1273.0,1273.0,,,0.0,,,0.0
2025-03-24 21:00:00,,,,,,,1273.0,1273.0,,,0.0,,,0.0
2025-03-24 22:00:00,,,,,,,1273.0,1273.0,,,0.0,,,0.0
2025-03-24 23:00:00,,,,,,,1273.0,1273.0,,,0.0,,,0.0
2025-03-25 00:00:00,,,,,,,1273.0,1273.0,,,0.0,,,0.0
2025-03-25 01:00:00,,,,,,,1273.0,1273.0,,,0.0,,,0.0
2025-03-25 02:00:00,,,,,,,1273.0,1273.0,,,0.0,,,0.0
2025-03-25 03:00:00,,,,,,,1273.0,1273.0,,,0.0,,,0.0
2025-03-25 04:00:00,,,,,,,1273.0,1273.0,,,0.0,,,0.0
2025-03-25 05:00:00,,,,,,,1273.0,1273.0,,,0.0,,,0.0
2025-03-25 06:00:00,,,,,,,1273.0,1273.0,,,0.0,,,0.0
2025-03-25 07:00:00,,,,,,,1273.0,1273.0,,,0.0,,,0.0
2025-03-25 08:00:00,,,,,,,2553.0,2552.0,1.8426,0.0,1.0,1.1179,0.0,1.0
2025-03-25 09:00:00,,,,,,,2553.0,2552.0,1.7041999,0.3612,5.0,1.1215999,0.03219998,5.0
2025-03-25 10:00:00,,,,,,,509.0,509.0,1.0856,0.0286,4.0,1.1790999,0.0011000037,4.0
2025-03-25 11:00:00,,,,,,,509.0,509.0,,,0.0,,,0.0
2025-03-25 12:00:00,,,,,,,249.0,249.0,,,0.0,,,0.0
2025-03-25 13:00:00,,,,,,,509.0,509.0,,,0.0,,,0.0
2025-03-25 14:00:00,,,,,,,505.0,505.0,,,0.0,,,0.0
2025-03-25 15:00:00,,,,,,,505.0,505.0,,,0.0,,,0.0
2025-03-25 16:00:00,,,,,,,509.0,509.0,,,0.0,,,0.0
2025-03-25 17:00:00,,,,,,,1533.0,1533.0,,,0.0,,,0.0
2025-03-25 18:00:00,,,,,,,1273.0,1273.0,,,0.0,,,0.0
2025-03-25 19:00:00,,,,,,,1273.0,1273.0,,,0.0,,,0.0
2025-03-25 20:00:00,,,,,,,1533.0,1533.0,,,0.0,,,0.0
2025-03-25 21:00:00,,,,,,,1533.0,1533.0,,,0.0,,,0.0
2025-03-25 22:00:00,,,,,,,1533.0,1533.0,,,0.0,,,0.0
2025-03-25 23:00:00,,,,,,,1533.0,1533.0,,,0.0,,,0.0
2025-03-26 00:00:00,,,,,,,1533.0,1533.0,,,0.0,,,0.0
2025-03-26 01:00:00,,,,,,,1533.0,1533.0,,,0.0,,,0.0
2025-03-26 02:00:00,,,,,,,1273.0,1273.0,,,0.0,,,0.0
2025-03-26 03:00:00,,,,,,,1273.0,1273.0,,,0.0,,,0.0
2025-03-26 04:00:00,,,,,,,1273.0,1273.0,,,0.0,,,0.0
2025-03-26 05:00:00,,,,,,,1273.0,1273.0,,,0.0,,,0.0
2025-03-26 06:00:00,,,,,,,1273.0,1273.0,,,0.0,,,0.0
2025-03-26 07:00:00,,,,,,,1273.0,1273.0,,,0.0,,,0.0
2025-03-26 08:00:00,,,,,,,2553.0,2552.0,0.871,0.0,1.0,1.1722,0.0,1.0
2025-03-26 09:00:00,,,,,,,249.0,248.0,0.9364,0.052199997,6.0,1.1748999,0.013199985,6.0
2025-03-26 10:00:00,,,,,,,2553.0,2552.0,0.82339996,0.271,6.0,1.1802,0.047100008,6.0
2025-03-26 11:00:00,,,,,,,505.0,505.0,1.1475999,0.1286,5.0,1.145,0.022799969,5.0
2025-03-26 12:00:00,,,,,,,509.0,509.0,,,0.0,,,0.0
2025-03-26 13:00:00,,,,,,,509.0,509.0,,,0.0,,,0.0
2025-03-26 14:00:00,,,,,,,505.0,504.0,0.931,0.0,1.0,1.2132,0.0,1.0
2025-03-26 15:00:00,,,,,,,509.0,509.0,0.8358,0.0,1.0,1.1854,0.0,1.0
2025-03-26 16:00:00,,,,,,,505.0,505.0,,,0.0,,,0.0
2025-03-26 17:00:00,,,,,,,1533.0,1533.0,,,0.0,,,0.0
2025-03-26 18:00:00,,,,,,,1273.0,1273.0,,,0.0,,,0.0
2025-03-26 19:00:00,,,,,,,1273.0,1273.0,,,0.0,,,0.0
2025-03-26 20:00:00,,,,,,,1529.0,1529.0,,,0.0,,,0.0
2025-03-26 21:00:00,,,,,,,1273.0,1273.0,,,0.0,,,0.0
2025-03-26 22:00:00,,,,,,,1533.0,1533.0,,,0.0,,,0.0
2025-03-26 23:00:00,,,,,,,1533.0,1533.0,,,0.0,,,0.0
2025-03-27 00:00:00,,,,,,,1533.0,1533.0,,,0.0,,,0.0
2025-03-27 01:00:00,,,,,,,1273.0,1273.0,,,0.0,,,0.0
2025-03-27 02:00:00,,,,,,,1273.0,1273.0,,,0.0,,,0.0
2025-03-27 03:00:00,,,,,,,1273.0,1273.0,,,0.0,,,0.0
2025-03-27 04:00:00,,,,,,,1273.0,1273.0,,,0.0,,,0.0
2025-03-27 05:00:00,,,,,,,1273.0,1273.0,,,0.0,,,0.0
2025-03-27 06:00:00,,,,,,,1273.0,1273.0,,,0.0,,,0.0
2025-03-27 07:00:00,,,,,,,1533.0,1533.0,,,0.0,,,0.0
2025-03-27 08:00:00,,,,,,,2553.0,2552.0,0.821,0.0,1.0,1.1868,0.0,1.0
2025-03-27 09:00:00,,,,,,,249.0,249.0,0.70919997,0.040599998,5.0,1.1987,0.0029000044,5.0
2025-03-27 10:00:00,,,,,,,2553.0,2552.0,0.6814,0.0,1.0,1.2098,0.0,1.0
2025-03-27 11:00:00,,,,,,,509.0,509.0,0.18239999,0.1846,4.0,1.2287999,0.005699992,3.0
2025-03-27 12:00:00,,,,,,,509.0,509.0,,,0.0,,,0.0
2025-03-27 13:00:00,,,,,,,509.0,509.0,,,0.0,,,0.0
2025-03-27 14:00:00,,,,,,,505.0,505.0,,,0.0,,,0.0
2025-03-27 15:00:00,,,,,,,2553.0,2552.0,0.89739996,0.46539998,3.0,1.1933,0.034699976,3.0
2025-03-27 16:00:00,,,,,,,509.0,509.0,0.2086,0.0,1.0,1.2277,0.0,1.0
2025-03-27 17:00:00,,,,,,,1533.0,1533.0,,,0.0,,,0.0
2025-03-27 18:00:00,,,,,,,1273.0,1273.0,,,0.0,,,0.0
2025-03-27 19:00:00,,,,,,,1273.0,1273.0,,,0.0,,,0.0
2025-03-27 20:00:00,,,,,,,1273.0,1273.0,,,0.0,,,0.0
2025-03-27 21:00:00,,,,,,,1273.0,1273.0,,,0.0,,,0.0
2025-03-27 22:00:00,,,,,,,1273.0,1273.0,,,0.0,,,0.0
2025-03-27 23:00:00,,,,,,,1273.0,1273.0,,,0.0,,,0.0
2025-03-28 00:00:00,,,,,,,1273.0,1273.0,,,0.0,,,0.0
2025-03-28 01:00:00,,,,,,,1273.0,1273.0,,,0.0,,,0.0
2025-03-28 02:00:00,,,,,,,1273.0,1273.0,,,0.0,,,0.0
2025-03-28 03:00:00,,,,,,,1273.0,1273.0,,,0.0,,,0.0
2025-03-28 04:00:00,,,,,,,1273.0,1273.0,,,0.0,,,0.0
2025-03-28 05:00:00,,,,,,,1273.0,1273.0,,,0.0,,,0.0
2025-03-28 06:00:00,,,,,,,1273.0,1273.0,,,0.0,,,0.0
2025-03-28 07:00:00,,,,,,,1529.0,1529.0,,,0.0,,,0.0
2025-03-28 08:00:00,,,,,,,2297.0,2296.0,1.841,0.0,1.0,0.8943,0.0,1.0
2025-03-28 09:00:00,,,,,,,2297.0,2296.0,2.2247999,0.28399998,5.0,0.814,0.052399993,5.0
2025-03-28 10:00:00,,,,,,,2553.0,2552.0,2.106,0.7276,4.0,0.7693,0.18119997,4.0
2025-03-28 11:00:00,,,,,,,509.0,509.0,2.5674,0.0,1.0,0.549,0.0,1.0
2025-03-28 12:00:00,,,,,,,509.0,509.0,,,0.0,,,0.0
2025-03-28 13:00:00,,,,,,,509.0,509.0,,,0.0,,,0.0
2025-03-28 14:00:00,,,,,,,509.0,509.0,,,0.0,,,0.0
2025-03-28 15:00:00,,,,,,,2553.0,2552.0,1.8704,0.348,2.0,0.956,0.15679997,2.0
2025-03-28 16:00:00,,,,,,,509.0,509.0,1.4676,0.17279999,2.0,1.0165,0.073300004,2.0
2025-03-28 17:00:00,,,,,,,1533.0,1533.0,,,0.0,,,0.0
2025-03-28 18:00:00,,,,,,,1273.0,1273.0,,,0.0,,,0.0
2025-03-28 19:00:00,,,,,,,1533.0,1533.0,,,0.0,,,0.0
2025-03-28 20:00:00,,,,,,,1529.0,1529.0,,,0.0,,,0.0
2025-03-28 21:00:00,,,,,,,1533.0,1533.0,,,0.0,,,0.0
2025-03-28 22:00:00,,,,,,,1529.0,1529.0,,,0.0,,,0.0
2025-03-28 23:00:00,,,,,,,1273.0,1273.0,,,0.0,,,0.0
2025-03-29 00:00:00,,,,,,,1533.0,1533.0,,,0.0,,,0.0
2025-03-29 01:00:00,,,,,,,1533.0,1533.0,,,0.0,,,0.0
2025-03-29 02:00:00,,,,,,,1533.0,1533.0,,,0.0,,,0.0
2025-03-29 03:00:00,,,,,,,1529.0,1529.0,,,0.0,,,0.0
2025-03-29 04:00:00,,,,,,,1529.0,1529.0,,,0.0,,,0.0
2025-03-29 05:00:00,,,,,,,1529.0,1529.0,,,0.0,,,0.0
2025-03-29 06:00:00,,,,,,,1529.0,1529.0,,,0.0,,,0.0
2025-03-29 07:00:00,,,,,,,1533.0,1533.0,,,0.0,,,0.0
2025-03-29 08:00:00,,,,,,,509.0,509.0,,,0.0,,,0.0
2025-03-29 09:00:00,,,,,,,509.0,509.0,,,0.0,,,0.0
2025-03-29 10:00:00,,,,,,,509.0,509.0,,,0.0,,,0.0
2025-03-29 11:00:00,,,,,,,509.0,509.0,,,0.0,,,0.0
2025-03-29 12:00:00,,,,,,,509.0,509.0,,,0.0,,,0.0
2025-03-29 13:00:00,,,,,,,509.0,509.0,,,0.0,,,0.0
2025-03-29 14:00:00,,,,,,,509.0,509.0,,,0.0,,,0.0
2025-03-29 15:00:00,,,,,,,505.0,505.0,,,0.0,,,0.0
2025-03-29 16:00:00,,,,,,,509.0,509.0,,,0.0,,,0.0
2025-03-29 17:00:00,,,,,,,1533.0,1533.0,,,0.0,,,0.0
2025-03-29 18:00:00,,,,,,,1273.0,1273.0,,,0.0,,,0.0
2025-03-29 19:00:00,,,,,,,1273.0,1273.0,,,0.0,,,0.0
2025-03-29 20:00:00,,,,,,,1273.0,1273.0,,,0.0,,,0.0
2025-03-29 21:00:00,,,,,,,1529.0,1529.0,,,0.0,,,0.0
2025-03-29 22:00:00,,,,,,,1533.0,1533.0,,,0.0,,,0.0
2025-03-29 23:00:00,,,,,,,1529.0,1529.0,,,0.0,,,0.0
2025-03-30 00:00:00,,,,,,,1529.0,1529.0,,,0.0,,,0.0
2025-03-30 01:00:00,,,,,,,1533.0,1533.0,,,0.0,,,0.0
2025-03-30 02:00:00,,,,,,,1273.0,1273.0,,,0.0,,,0.0
2025-03-30 03:00:00,,,,,,,1533.0,1533.0,,,0.0,,,0.0
2025-03-30 04:00:00,,,,,,,1529.0,1529.0,,,0.0,,,0.0
2025-03-30 05:00:00,,,,,,,1529.0,1529.0,,,0.0,,,0.0
2025-03-30 06:00:00,,,,,,,1273.0,1273.0,,,0.0,,,0.0
2025-03-30 07:00:00,,,,,,,1533.0,1533.0,,,0.0,,,0.0
2025-03-30 08:00:00,,,,,,,509.0,509.0,,,0.0,,,0.0
2025-03-30 09:00:00,,,,,,,509.0,509.0,1.13,0.0296,5.0,0.9763,0.0018000007,5.0
2025-03-30 10:00:00,,,,,,,2553.0,2552.0,1.3306,0.0,1.0,0.8698,0.0,1.0
2025-03-30 11:00:00,,,,,,,509.0,509.0,1.3808,0.0,1.0,0.9067,0.0,1.0
2025-03-30 12:00:00,,,,,,,509.0,509.0,,,0.0,,,0.0
2025-03-30 13:00:00,,,,,,,509.0,509.0,,,0.0,,,0.0
2025-03-30 14:00:00,,,,,,,509.0,509.0,,,0.0,,,0.0
2025-03-30 15:00:00,,,,,,,505.0,505.0,,,0.0,,,0.0
2025-03-30 16:00:00,,,,,,,509.0,509.0,,,0.0,,,0.0
2025-03-30 17:00:00,,,,,,,1533.0,1533.0,,,0.0,,,0.0
2025-03-30 18:00:00,,,,,,,1273.0,1273.0,,,0.0,,,0.0
2025-03-30 19:00:00,,,,,,,1273.0,1273.0,,,0.0,,,0.0
2025-03-30 20:00:00,,,,,,,1273.0,1273.0,,,0.0,,,0.0
2025-03-30 21:00:00,,,,,,,1273.0,1273.0,,,0.0,,,0.0
2025-03-30 22:00:00,,,,,,,1273.0,1273.0,,,0.0,,,0.0
2025-03-30 23:00:00,,,,,,,1273.0,1273.0,,,0.0,,,0.0
2025-03-31 00:00:00,,,,,,,1273.0,1273.0,,,0.0,,,0.0
2025-03-31 01:00:00,,,,,,,1273.0,1273.0,,,0.0,,,0.0
2025-03-31 02:00:00,,,,,,,1273.0,1273.0,,,0.0,,,0.0
2025-03-31 03:00:00,,,,,,,1273.0,1273.0,,,0.0,,,0.0
2025-03-31 04:00:00,,,,,,,1273.0,1273.0,,,0.0,,,0.0
2025-03-31 05:00:00,,,,,,,1273.0,1273.0,,,0.0,,,0.0
2025-03-31 06:00:00,,,,,,,1273.0,1273.0,,,0.0,,,0.0
2025-03-31 07:00:00,,,,,,,1533.0,1533.0,,,0.0,,,0.0
2025-03-31 08:00:00,,,,,,,509.0,509.0,,,0.0,,,0.0
2025-03-31 09:00:00,,,,,,,509.0,509.0,,,0.0,,,0.0
2025-03-31 10:00:00,,,,,,,509.0,509.0,,,0.0,,,0.0
2025-03-31 11:00:00,,,,,,,509.0,509.0,,,0.0,,,0.0
2025-03-31 12:00:00,,,,,,,509.0,509.0,,,0.0,,,0.0
2025-03-31 13:00:00,,,,,,,509.0,509.0,,,0.0,,,0.0
2025-03-31 14:00:00,,,,,,,509.0,509.0,,,0.0,,,0.0
2025-03-31 15:00:00,,,,,,,509.0,509.0,,,0.0,,,0.0
2025-03-31 16:00:00,,,,,,,509.0,509.0,,,0.0,,,0.0
2025-03-31 17:00:00,,,,,,,1533.0,1533.0,,,0.0,,,0.0
2025-03-31 18:00:00,,,,,,,1273.0,1273.0,,,0.0,,,0.0
2025-03-31 19:00:00,,,,,,,1273.0,1273.0,,,0.0,,,0.0
2025-03-31 20:00:00,,,,,,,1273.0,1273.0,,,0.0,,,0.0
2025-03-31 21:00:00,,,,,,,1273.0,1273.0,,,0.0,,,0.0
2025-03-31 22:00:00,,,,,,,1273.0,1273.0,,,0.0,,,0.0
2025-03-31 23:00:00,,,,,,,1273.0,1273.0,,,0.0,,,0.0
2025-04-01 00:00:00,,,,,,,1529.0,1529.0,,,0.0,,,0.0
2025-04-01 01:00:00,,,,,,,1533.0,1533.0,,,0.0,,,0.0
2025-04-01 02:00:00,,,,,,,1533.0,1533.0,,,0.0,,,0.0
2025-04-01 03:00:00,,,,,,,1533.0,1533.0,,,0.0,,,0.0
2025-04-01 04:00:00,,,,,,,1533.0,1533.0,,,0.0,,,0.0
2025-04-01 05:00:00,,,,,,,1273.0,1273.0,,,0.0,,,0.0
2025-04-01 06:00:00,,,,,,,1273.0,1273.0,,,0.0,,,0.0
2025-04-01 07:00:00,,,,,,,1533.0,1533.0,,,0.0,,,0.0
2025-04-01 08:00:00,,,,,,,509.0,509.0,,,0.0,,,0.0
2025-04-01 09:00:00,,,,,,,509.0,509.0,,,0.0,,,0.0
2025-04-01 10:00:00,,,,,,,509.0,509.0,,,0.0,,,0.0
2025-04-01 11:00:00,,,,,,,509.0,509.0,,,0.0,,,0.0
2025-04-01 12:00:00,,,,,,,509.0,509.0,,,0.0,,,0.0
2025-04-01 13:00:00,,,,,,,505.0,504.0,2.4385998,0.0,1.0,0.2389,0.0,1.0
2025-04-01 14:00:00,,,,,,,505.0,504.0,1.301,0.0,1.0,1.0798999,0.0,1.0
2025-04-01 15:00:00,,,,,,,509.0,509.0,1.614,0.3098,3.0,1.0195999,0.05399996,3.0
2025-04-01 16:00:00,,,,,,,509.0,509.0,1.0993999,0.0784,5.0,1.0864999,0.0062999725,5.0
2025-04-01 17:00:00,,,,,,,1533.0,1533.0,,,0.0,,,0.0
2025-04-01 18:00:00,,,,,,,1529.0,1529.0,,,0.0,,,0.0
2025-04-01 19:00:00,,,,,,,1529.0,1529.0,,,0.0,,,0.0
2025-04-01 20:00:00,,,,,,,1273.0,1273.0,,,0.0,,,0.0
2025-04-01 21:00:00,,,,,,,1533.0,1533.0,,,0.0,,,0.0
2025-04-01 22:00:00,,,,,,,1529.0,1529.0,,,0.0,,,0.0
2025-04-01 23:00:00,,,,,,,1273.0,1273.0,,,0.0,,,0.0
2025-04-02 00:00:00,,,,,,,1273.0,1273.0,,,0.0,,,0.0
2025-04-02 01:00:00,,,,,,,1273.0,1273.0,,,0.0,,,0.0
2025-04-02 02:00:00,,,,,,,1273.0,1273.0,,,0.0,,,0.0
2025-04-02 03:00:00,,,,,,,1273.0,1273.0,,,0.0,,,0.0
2025-04-02 04:00:00,,,,,,,1273.0,1273.0,,,0.0,,,0.0
2025-04-02 05:00:00,,,,,,,1529.0,1529.0,,,0.0,,,0.0
2025-04-02 06:00:00,,,,,,,1533.0,1533.0,,,0.0,,,0.0
2025-04-02 07:00:00,,,,,,,1533.0,1533.0,,,0.0,,,0.0
2025-04-02 08:00:00,,,,,,,509.0,509.0,,,0.0,,,0.0
2025-04-02 09:00:00,,,,,,,509.0,509.0,,,0.0,,,0.0
2025-04-02 10:00:00,,,,,,,509.0,509.0,,,0.0,,,0.0
2025-04-02 11:00:00,,,,,,,509.0,509.0,,,0.0,,,0.0
2025-04-02 12:00:00,,,,,,,509.0,509.0,,,0.0,,,0.0
2025-04-02 13:00:00,,,,,,,505.0,504.0,1.8434,0.111999996,2.0,0.5444,0.14609998,2.0
2025-04-02 14:00:00,,,,,,,249.0,248.0,0.9662,0.3102,5.0,0.9053999,0.20279998,5.0
2025-04-02 15:00:00,,,,,,,505.0,504.0,0.7104,0.0414,4.0,1.1696,0.0015999675,4.0
2025-04-02 16:00:00,,,,,,,509.0,509.0,0.68,0.0602,5.0,1.1740999,0.0041999817,5.0
2025-04-02 17:00:00,,,,,,,1533.0,1533.0,,,0.0,,,0.0
2025-04-02 18:00:00,,,,,,,1273.0,1273.0,,,0.0,,,0.0
2025-04-02 19:00:00,,,,,,,1273.0,1273.0,,,0.0,,,0.0
2025-04-02 20:00:00,,,,,,,1529.0,1529.0,,,0.0,,,0.0
2025-04-02 21:00:00,,,,,,,1273.0,1273.0,,,0.0,,,0.0
2025-04-02 22:00:00,,,,,,,1273.0,1273.0,,,0.0,,,0.0
2025-04-02 23:00:00,,,,,,,1273.0,1273.0,,,0.0,,,0.0
2025-04-03 00:00:00,,,,,,,1533.0,1533.0,,,0.0,,,0.0
2025-04-03 01:00:00,,,,,,,1273.0,1273.0,,,0.0,,,0.0
2025-04-03 02:00:00,,,,,,,1273.0,1273.0,,,0.0,,,0.0
2025-04-03 03:00:00,,,,,,,1273.0,1273.0,,,0.0,,,0.0
2025-04-03 04:00:00,,,,,,,1273.0,1273.0,,,0.0,,,0.0
2025-04-03 05:00:00,,,,,,,1273.0,1273.0,,,0.0,,,0.0
2025-04-03 06:00:00,,,,,,,1273.0,1273.0,,,0.0,,,0.0
2025-04-03 07:00:00,,,,,,,1533.0,1533.0,,,0.0,,,0.0
2025-04-03 08:00:00,,,,,,,509.0,509.0,,,0.0,,,0.0
2025-04-03 09:00:00,,,,,,,2553.0,2552.0,0.8566,0.1908,3.0,1.1836,0.005800009,3.0
2025-04-03 10:00:00,,,,,,,249.0,248.0,0.78459996,0.028199999,6.0,1.1923,0.0026000142,6.0
2025-04-03 11:00:00,,,,,,,249.0,248.0,0.8664,0.036599997,6.0,1.1998999,0.003099978,6.0
2025-04-03 12:00:00,,,,,,,249.0,248.0,1.0164,0.072399996,6.0,1.2127999,0.0033999681,6.0
2025-04-03 13:00:00,1.0302,1.2772,0.3928,0.3908,0.17199999,0.9247999,0.0,0.0,1.1594,0.0602,6.0,1.2149999,0.13229996,6.0
2025-04-03 14:00:00,,,,,,,509.0,509.0,1.194,0.083799995,5.0,1.0447999,0.15819997,5.0
2025-04-03 15:00:00,,,,,,,509.0,509.0,1.3636,0.021399999,4.0,1.1729,0.008000016,4.0
2025-04-03 16:00:00,,,,,,,509.0,509.0,1.4626,0.0,1.0,1.1042,0.0,1.0
2025-04-03 17:00:00,,,,,,,1533.0,1533.0,,,0.0,,,0.0
2025-04-03 18:00:00,,,,,,,1529.0,1529.0,,,0.0,,,0.0
2025-04-03 19:00:00,,,,,,,1273.0,1273.0,,,0.0,,,0.0
2025-04-03 20:00:00,,,,,,,1273.0,1273.0,,,0.0,,,0.0
2025-04-03 21:00:00,,,,,,,1273.0,1273.0,,,0.0,,,0.0
2025-04-03 22:00:00,,,,,,,1273.0,1273.0,,,0.0,,,0.0
2025-04-03 23:00:00,,,,,,,1273.0,1273.0,,,0.0,,,0.0
2025-04-04 00:00:00,,,,,,,1273.0,1273.0,,,0.0,,,0.0
2025-04-04 01:00:00,,,,,,,1273.0,1273.0,,,0.0,,,0.0
2025-04-04 02:00:00,,,,,,,1273.0,1273.0,,,0.0,,,0.0
2025-04-04 03:00:00,,,,,,,1273.0,1273.0,,,0.0,,,0.0
2025-04-04 04:00:00,,,,,,,1273.0,1273.0,,,0.0,,,0.0
2025-04-04 05:00:00,,,,,,,1273.0,1273.0,,,0.0,,,0.0
2025-04-04 06:00:00,,,,,,,1273.0,1273.0,,,0.0,,,0.0
2025-04-04 07:00:00,,,,,,,1273.0,1273.0,,,0.0,,,0.0
2025-04-04 08:00:00,,,,,,,249.0,248.0,2.1754,0.7102,3.0,1.3046999,0.12919998,3.0
2025-04-04 09:00:00,,,,,,,249.0,248.0,1.2817999,0.066,4.0,1.1507,0.006399989,4.0
2025-04-04 10:00:00,,,,,,,505.0,504.0,1.3429999,0.0246,2.0,1.1688,0.005800009,2.0
2025-04-04 11:00:00,,,,,,,509.0,509.0,1.5408,0.0,1.0,1.1904,0.0,1.0
2025-04-04 12:00:00,,,,,,,509.0,509.0,,,0.0,,,0.0
2025-04-04 13:00:00,,,,,,,509.0,509.0,,,0.0,,,0.0
2025-04-04 14:00:00,,,,,,,509.0,509.0,2.5818,0.155,4.0,0.36249995,0.09009999,4.0
2025-04-04 15:00:00,,,,,,,505.0,504.0,1.4546,0.0708,5.0,1.1814,0.005499959,5.0
2025-04-04 16:00:00,,,,,,,509.0,509.0,1.3529999,0.017199999,5.0,1.1920999,0.006399989,5.0
2025-04-04 17:00:00,,,,,,,1533.0,1533.0,,,0.0,,,0.0
2025-04-04 18:00:00,,,,,,,1273.0,1273.0,,,0.0,,,0.0
2025-04-04 19:00:00,,,,,,,1273.0,1273.0,,,0.0,,,0.0
2025-04-04 20:00:00,,,,,,,1529.0,1529.0,,,0.0,,,0.0
2025-04-04 21:00:00,,,,,,,1273.0,1273.0,,,0.0,,,0.0
2025-04-04 22:00:00,,,,,,,1273.0,1273.0,,,0.0,,,0.0
2025-04-04 23:00:00,,,,,,,1533.0,1533.0,,,0.0,,,0.0
2025-04-05 00:00:00,,,,,,,1273.0,1273.0,,,0.0,,,0.0
2025-04-05 01:00:00,,,,,,,1273.0,1273.0,,,0.0,,,0.0
2025-04-05 02:00:00,,,,,,,1273.0,1273.0,,,0.0,,,0.0
2025-04-05 03:00:00,,,,,,,1273.0,1273.0,,,0.0,,,0.0
2025-04-05 04:00:00,,,,,,,1273.0,1273.0,,,0.0,,,0.0
2025-04-05 05:00:00,,,,,,,1273.0,1273.0,,,0.0,,,0.0
2025-04-05 06:00:00,,,,,,,1533.0,1533.0,,,0.0,,,0.0
2025-04-05 07:00:00,,,,,,,1533.0,1533.0,,,0.0,,,0.0
2025-04-05 08:00:00,,,,,,,509.0,509.0,,,0.0,,,0.0
2025-04-05 09:00:00,,,,,,,509.0,509.0,,,0.0,,,0.0
2025-04-05 10:00:00,,,,,,,509.0,509.0,,,0.0,,,0.0
2025-04-05 11:00:00,,,,,,,509.0,509.0,,,0.0,,,0.0
2025-04-05 12:00:00,,,,,,,509.0,509.0,,,0.0,,,0.0
2025-04-05 13:00:00,,,,,,,509.0,509.0,,,0.0,,,0.0
2025-04-05 14:00:00,,,,,,,509.0,509.0,,,0.0,,,0.0
2025-04-05 15:00:00,,,,,,,509.0,509.0,,,0.0,,,0.0
2025-04-05 16:00:00,,,,,,,509.0,509.0,,,0.0,,,0.0
2025-04-05 17:00:00,,,,,,,1533.0,1533.0,,,0.0,,,0.0
2025-04-05 18:00:00,,,,,,,1273.0,1273.0,,,0.0,,,0.0
2025-04-05 19:00:00,,,,,,,1533.0,1533.0,,,0.0,,,0.0
2025-04-05 20:00:00,,,,,,,1533.0,1533.0,,,0.0,,,0.0
2025-04-05 21:00:00,,,,,,,1533.0,1533.0,,,0.0,,,0.0
2025-04-05 22:00:00,,,,,,,1533.0,1533.0,,,0.0,,,0.0
2025-04-05 23:00:00,,,,,,,1529.0,1529.0,,,0.0,,,0.0
2025-04-06 00:00:00,,,,,,,1533.0,1533.0,,,0.0,,,0.0
2025-04-06 01:00:00,,,,,,,1529.0,1529.0,,,0.0,,,0.0
2025-04-06 02:00:00,,,,,,,1529.0,1529.0,,,0.0,,,0.0
2025-04-06 03:00:00,,,,,,,1533.0,1533.0,,,0.0,,,0.0
2025-04-06 04:00:00,,,,,,,1533.0,1533.0,,,0.0,,,0.0
2025-04-06 05:00:00,,,,,,,1533.0,1533.0,,,0.0,,,0.0
2025-04-06 06:00:00,,,,,,,1533.0,1533.0,,,0.0,,,0.0
2025-04-06 07:00:00,,,,,,,1533.0,1533.0,,,0.0,,,0.0
2025-04-06 08:00:00,,,,,,,509.0,509.0,,,0.0,,,0.0
2025-04-06 09:00:00,,,,,,,509.0,509.0,,,0.0,,,0.0
2025-04-06 10:00:00,,,,,,,509.0,509.0,,,0.0,,,0.0
2025-04-06 11:00:00,,,,,,,509.0,509.0,,,0.0,,,0.0
2025-04-06 12:00:00,,,,,,,509.0,509.0,,,0.0,,,0.0
2025-04-06 13:00:00,,,,,,,509.0,509.0,,,0.0,,,0.0
2025-04-06 14:00:00,,,,,,,509.0,509.0,,,0.0,,,0.0
2025-04-06 15:00:00,,,,,,,509.0,509.0,,,0.0,,,0.0
2025-04-06 16:00:00,,,,,,,509.0,509.0,,,0.0,,,0.0
2025-04-06 17:00:00,,,,,,,1533.0,1533.0,,,0.0,,,0.0
2025-04-06 18:00:00,,,,,,,1533.0,1533.0,,,0.0,,,0.0
2025-04-06 19:00:00,,,,,,,1533.0,1533.0,,,0.0,,,0.0
2025-04-06 20:00:00,,,,,,,1533.0,1533.0,,,0.0,,,0.0
2025-04-06 21:00:00,,,,,,,1533.0,1533.0,,,0.0,,,0.0
2025-04-06 22:00:00,,,,,,,1533.0,1533.0,,,0.0,,,0.0
2025-04-06 23:00:00,,,,,,,1529.0,1529.0,,,0.0,,,0.0
2025-04-07 00:00:00,,,,,,,1273.0,1273.0,,,0.0,,,0.0
2025-04-07 01:00:00,,,,,,,1533.0,1533.0,,,0.0,,,0.0
2025-04-07 02:00:00,,,,,,,1533.0,1533.0,,,0.0,,,0.0
2025-04-07 03:00:00,,,,,,,1533.0,1533.0,,,0.0,,,0.0
2025-04-07 04:00:00,,,,,,,1529.0,1529.0,,,0.0,,,0.0
2025-04-07 05:00:00,,,,,,,1533.0,1533.0,,,0.0,,,0.0
2025-04-07 06:00:00,,,,,,,1533.0,1533.0,,,0.0,,,0.0
2025-04-07 07:00:00,,,,,,,1533.0,1533.0,,,0.0,,,0.0
2025-04-07 08:00:00,,,,,,,509.0,509.0,,,0.0,,,0.0
2025-04-07 09:00:00,,,,,,,509.0,509.0,,,0.0,,,0.0
2025-04-07 10:00:00,,,,,,,509.0,509.0,,,0.0,,,0.0
2025-04-07 11:00:00,,,,,,,509.0,509.0,,,0.0,,,0.0
2025-04-07 12:00:00,,,,,,,509.0,509.0,,,0.0,,,0.0
2025-04-07 13:00:00,,,,,,,509.0,509.0,,,0.0,,,0.0
2025-04-07 14:00:00,,,,,,,509.0,509.0,,,0.0,,,0.0
2025-04-07 15:00:00,,,,,,,509.0,509.0,,,0.0,,,0.0
2025-04-07 16:00:00,,,,,,,509.0,509.0,,,0.0,,,0.0
2025-04-07 17:00:00,,,,,,,1533.0,1533.0,,,0.0,,,0.0
2025-04-07 18:00:00,,,,,,,1533.0,1533.0,,,0.0,,,0.0
2025-04-07 19:00:00,,,,,,,1533.0,1533.0,,,0.0,,,0.0
2025-04-07 20:00:00,,,,,,,1529.0,1529.0,,,0.0,,,0.0
2025-04-07 21:00:00,,,,,,,1533.0,1533.0,,,0.0,,,0.0
2025-04-07 22:00:00,,,,,,,1529.0,1529.0,,,0.0,,,0.0
2025-04-07 23:00:00,,,,,,,1533.0,1533.0,,,0.0,,,0.0
2025-04-08 00:00:00,,,,,,,1533.0,1533.0,,,0.0,,,0.0
2025-04-08 01:00:00,,,,,,,1529.0,1529.0,,,0.0,,,0.0
2025-04-08 02:00:00,,,,,,,1273.0,1273.0,,,0.0,,,0.0
2025-04-08 03:00:00,,,,,,,1533.0,1533.0,,,0.0,,,0.0
2025-04-08 04:00:00,,,,,,,1533.0,1533.0,,,0.0,,,0.0
2025-04-08 05:00:00,,,,,,,1533.0,1533.0,,,0.0,,,0.0
2025-04-08 06:00:00,,,,,,,1533.0,1533.0,,,0.0,,,0.0
2025-04-08 07:00:00,,,,,,,1533.0,1533.0,,,0.0,,,0.0
2025-04-08 08:00:00,,,,,,,509.0,509.0,,,0.0,,,0.0
2025-04-08 09:00:00,,,,,,,509.0,509.0,,,0.0,,,0.0
2025-04-08 10:00:00,,,,,,,509.0,509.0,,,0.0,,,0.0
2025-04-08 11:00:00,,,,,,,509.0,509.0,,,0.0,,,0.0
2025-04-08 12:00:00,,,,,,,509.0,509.0,,,0.0,,,0.0
2025-04-08 13:00:00,,,,,,,509.0,509.0,,,0.0,,,0.0
2025-04-08 14:00:00,,,,,,,509.0,509.0,,,0.0,,,0.0
2025-04-08 15:00:00,,,,,,,505.0,504.0,1.3646,0.23719999,3.0,1.0475999,0.025099993,3.0
2025-04-08 16:00:00,,,,,,,509.0,509.0,1.3026,0.0,1.0,1.0712,0.0,1.0
2025-04-08 17:00:00,,,,,,,1533.0,1533.0,,,0.0,,,0.0
2025-04-08 18:00:00,,,,,,,1273.0,1273.0,,,0.0,,,0.0
2025-04-08 19:00:00,,,,,,,1273.0,1273.0,,,0.0,,,0.0
2025-04-08 20:00:00,,,,,,,1273.0,1273.0,,,0.0,,,0.0
2025-04-08 21:00:00,,,,,,,1533.0,1533.0,,,0.0,,,0.0
2025-04-08 22:00:00,,,,,,,1273.0,1273.0,,,0.0,,,0.0
2025-04-08 23:00:00,,,,,,,1273.0,1273.0,,,0.0,,,0.0
2025-04-09 00:00:00,,,,,,,1273.0,1273.0,,,0.0,,,0.0
2025-04-09 01:00:00,,,,,,,1273.0,1273.0,,,0.0,,,0.0
2025-04-09 02:00:00,,,,,,,1273.0,1273.0,,,0.0,,,0.0
2025-04-09 03:00:00,,,,,,,1529.0,1529.0,,,0.0,,,0.0
2025-04-09 04:00:00,,,,,,,1529.0,1529.0,,,0.0,,,0.0
2025-04-09 05:00:00,,,,,,,1529.0,1529.0,,,0.0,,,0.0
2025-04-09 06:00:00,,,,,,,1533.0,1533.0,,,0.0,,,0.0
2025-04-09 07:00:00,,,,,,,1533.0,1533.0,,,0.0,,,0.0
2025-04-09 08:00:00,,,,,,,509.0,509.0,,,0.0,,,0.0
2025-04-09 09:00:00,,,,,,,509.0,509.0,,,0.0,,,0.0
2025-04-09 10:00:00,,,,,,,509.0,509.0,,,0.0,,,0.0
2025-04-09 11:00:00,,,,,,,509.0,509.0,,,0.0,,,0.0
2025-04-09 12:00:00,,,,,,,509.0,509.0,,,0.0,,,0.0
2025-04-09 13:00:00,,,,,,,509.0,509.0,,,0.0,,,0.0
2025-04-09 14:00:00,,,,,,,509.0,509.0,,,0.0,,,0.0
2025-04-09 15:00:00,,,,,,,509.0,509.0,,,0.0,,,0.0
2025-04-09 16:00:00,,,,,,,509.0,509.0,,,0.0,,,0.0
2025-04-09 17:00:00,,,,,,,1533.0,1533.0,,,0.0,,,0.0
2025-04-09 18:00:00,,,,,,,1529.0,1529.0,,,0.0,,,0.0
2025-04-09 19:00:00,,,,,,,1533.0,1533.0,,,0.0,,,0.0
2025-04-09 20:00:00,,,,,,,1533.0,1533.0,,,0.0,,,0.0
2025-04-09 21:00:00,,,,,,,1529.0,1529.0,,,0.0,,,0.0
2025-04-09 22:00:00,,,,,,,1529.0,1529.0,,,0.0,,,0.0
2025-04-09 23:00:00,,,,,,,1273.0,1273.0,,,0.0,,,0.0
2025-04-10 00:00:00,,,,,,,1273.0,1273.0,,,0.0,,,0.0
2025-04-10 01:00:00,,,,,,,1529.0,1529.0,,,0.0,,,0.0
2025-04-10 02:00:00,,,,,,,1533.0,1533.0,,,0.0,,,0.0
2025-04-10 03:00:00,,,,,,,1533.0,1533.0,,,0.0,,,0.0
2025-04-10 04:00:00,,,,,,,1533.0,1533.0,,,0.0,,,0.0
2025-04-10 05:00:00,,,,,,,1533.0,1533.0,,,0.0,,,0.0
2025-04-10 06:00:00,,,,,,,1533.0,1533.0,,,0.0,,,0.0
2025-04-10 07:00:00,,,,,,,1533.0,1533.0,,,0.0,,,0.0
2025-04-10 08:00:00,,,,,,,509.0,509.0,,,0.0,,,0.0
2025-04-10 09:00:00,,,,,,,509.0,509.0,,,0.0,,,0.0
2025-04-10 10:00:00,,,,,,,509.0,509.0,,,0.0,,,0.0
2025-04-10 11:00:00,,,,,,,509.0,509.0,,,0.0,,,0.0
2025-04-10 12:00:00,,,,,,,509.0,509.0,,,0.0,,,0.0
2025-04-10 13:00:00,,,,,,,509.0,509.0,,,0.0,,,0.0
2025-04-10 14:00:00,,,,,,,505.0,504.0,1.2082,0.334,3.0,1.0956,0.032000005,3.0
2025-04-10 15:00:00,,,,,,,509.0,509.0,,,0.0,,,0.0
2025-04-10 16:00:00,,,,,,,509.0,509.0,,,0.0,,,0.0
2025-04-10 17:00:00,,,,,,,1533.0,1533.0,,,0.0,,,0.0
2025-04-10 18:00:00,,,,,,,1273.0,1273.0,,,0.0,,,0.0
2025-04-10 19:00:00,,,,,,,1533.0,1533.0,,,0.0,,,0.0
2025-04-10 20:00:00,,,,,,,1273.0,1273.0,,,0.0,,,0.0
2025-04-10 21:00:00,,,,,,,1273.0,1273.0,,,0.0,,,0.0
2025-04-10 22:00:00,,,,,,,1273.0,1273.0,,,0.0,,,0.0
2025-04-10 23:00:00,,,,,,,1529.0,1529.0,,,0.0,,,0.0
2025-04-11 00:00:00,,,,,,,1529.0,1529.0,,,0.0,,,0.0
2025-04-11 01:00:00,,,,,,,1273.0,1273.0,,,0.0,,,0.0
2025-04-11 02:00:00,,,,,,,1273.0,1273.0,,,0.0,,,0.0
2025-04-11 03:00:00,,,,,,,1533.0,1533.0,,,0.0,,,0.0
2025-04-11 04:00:00,,,,,,,1533.0,1533.0,,,0.0,,,0.0
2025-04-11 05:00:00,,,,,,,1533.0,1533.0,,,0.0,,,0.0
2025-04-11 06:00:00,,,,,,,1533.0,1533.0,,,0.0,,,0.0
2025-04-11 07:00:00,,,,,,,1533.0,1533.0,,,0.0,,,0.0
2025-04-11 08:00:00,,,,,,,509.0,509.0,,,0.0,,,0.0
2025-04-11 09:00:00,,,,,,,509.0,509.0,,,0.0,,,0.0
2025-04-11 10:00:00,,,,,,,509.0,509.0,,,0.0,,,0.0
2025-04-11 11:00:00,,,,,,,509.0,509.0,,,0.0,,,0.0
2025-04-11 12:00:00,,,,,,,509.0,509.0,,,0.0,,,0.0
2025-04-11 13:00:00,,,,,,,509.0,509.0,,,0.0,,,0.0
2025-04-11 14:00:00,,,,,,,509.0,509.0,,,0.0,,,0.0
2025-04-11 15:00:00,,,,,,,509.0,509.0,,,0.0,,,0.0
2025-04-11 16:00:00,,,,,,,509.0,509.0,,,0.0,,,0.0
2025-04-11 17:00:00,,,,,,,1533.0,1533.0,,,0.0,,,0.0
2025-04-11 18:00:00,,,,,,,1533.0,1533.0,,,0.0,,,0.0
2025-04-11 19:00:00,,,,,,,1533.0,1533.0,,,0.0,,,0.0
2025-04-11 20:00:00,,,,,,,1533.0,1533.0,,,0.0,,,0.0
2025-04-11 21:00:00,,,,,,,1533.0,1533.0,,,0.0,,,0.0
2025-04-11 22:00:00,,,,,,,1533.0,1533.0,,,0.0,,,0.0
2025-04-11 23:00:00,,,,,,,1533.0,1533.0,,,0.0,,,0.0
2025-04-12 00:00:00,,,,,,,1529.0,1529.0,,,0.0,,,0.0
2025-04-12 01:00:00,,,,,,,1529.0,1529.0,,,0.0,,,0.0
2025-04-12 02:00:00,,,,,,,1533.0,1533.0,,,0.0,,,0.0
2025-04-12 03:00:00,,,,,,,1533.0,1533.0,,,0.0,,,0.0
2025-04-12 04:00:00,,,,,,,1533.0,1533.0,,,0.0,,,0.0
2025-04-12 05:00:00,,,,,,,1533.0,1533.0,,,0.0,,,0.0
2025-04-12 06:00:00,,,,,,,1533.0,1533.0,,,0.0,,,0.0
2025-04-12 07:00:00,,,,,,,1533.0,1533.0,,,0.0,,,0.0
2025-04-12 08:00:00,,,,,,,509.0,509.0,,,0.0,,,0.0
2025-04-12 09:00:00,,,,,,,509.0,509.0,,,0.0,,,0.0
2025-04-12 10:00:00,,,,,,,509.0,509.0,,,0.0,,,0.0
2025-04-12 11:00:00,,,,,,,509.0,509.0,,,0.0,,,0.0
2025-04-12 12:00:00,,,,,,,509.0,509.0,,,0.0,,,0.0
2025-04-12 13:00:00,,,,,,,509.0,509.0,,,0.0,,,0.0
2025-04-12 14:00:00,,,,,,,509.0,509.0,,,0.0,,,0.0
2025-04-12 15:00:00,,,,,,,509.0,509.0,,,0.0,,,0.0
2025-04-12 16:00:00,,,,,,,509.0,509.0,,,0.0,,,0.0
2025-04-12 17:00:00,,,,,,,1533.0,1533.0,,,0.0,,,0.0
2025-04-12 18:00:00,,,,,,,1533.0,1533.0,,,0.0,,,0.0
2025-04-12 19:00:00,,,,,,,1533.0,1533.0,,,0.0,,,0.0
2025-04-12 20:00:00,,,,,,,1533.0,1533.0,,,0.0,,,0.0
2025-04-12 21:00:00,,,,,,,1529.0,1529.0,,,0.0,,,0.0
2025-04-12 22:00:00,,,,,,,1533.0,1533.0,,,0.0,,,0.0
2025-04-12 23:00:00,,,,,,,1533.0,1533.0,,,0.0,,,0.0
2025-04-13 00:00:00,,,,,,,1533.0,1533.0,,,0.0,,,0.0
2025-04-13 01:00:00,,,,,,,1533.0,1533.0,,,0.0,,,0.0
2025-04-13 02:00:00,,,,,,,1529.0,1529.0,,,0.0,,,0.0
2025-04-13 03:00:00,,,,,,,1529.0,1529.0,,,0.0,,,0.0
2025-04-13 04:00:00,,,,,,,1533.0,1533.0,,,0.0,,,0.0
2025-04-13 05:00:00,,,,,,,1529.0,1529.0,,,0.0,,,0.0
2025-04-13 06:00:00,,,,,,,1533.0,1533.0,,,0.0,,,0.0
2025-04-13 07:00:00,,,,,,,1533.0,1533.0,,,0.0,,,0.0
2025-04-13 08:00:00,,,,,,,509.0,509.0,,,0.0,,,0.0
2025-04-13 09:00:00,,,,,,,509.0,509.0,,,0.0,,,0.0
2025-04-13 10:00:00,,,,,,,509.0,509.0,,,0.0,,,0.0
2025-04-13 11:00:00,,,,,,,509.0,509.0,,,0.0,,,0.0
2025-04-13 12:00:00,,,,,,,509.0,509.0,,,0.0,,,0.0
2025-04-13 13:00:00,,,,,,,509.0,509.0,,,0.0,,,0.0
2025-04-13 14:00:00,,,,,,,509.0,509.0,,,0.0,,,0.0
2025-04-13 15:00:00,,,,,,,509.0,509.0,,,0.0,,,0.0
2025-04-13 16:00:00,,,,,,,509.0,509.0,,,0.0,,,0.0
2025-04-13 17:00:00,,,,,,,1533.0,1533.0,,,0.0,,,0.0
2025-04-13 18:00:00,,,,,,,1529.0,1529.0,,,0.0,,,0.0
2025-04-13 19:00:00,,,,,,,1533.0,1533.0,,,0.0,,,0.0
2025-04-13 20:00:00,,,,,,,1533.0,1533.0,,,0.0,,,0.0
2025-04-13 21:00:00,,,,,,,1273.0,1273.0,,,0.0,,,0.0
2025-04-13 22:00:00,,,,,,,1529.0,1529.0,,,0.0,,,0.0
2025-04-13 23:00:00,,,,,,,1533.0,1533.0,,,0.0,,,0.0
2025-04-14 00:00:00,,,,,,,1533.0,1533.0,,,0.0,,,0.0
2025-04-14 01:00:00,,,,,,,1533.0,1533.0,,,0.0,,,0.0
2025-04-14 02:00:00,,,,,,,1529.0,1529.0,,,0.0,,,0.0
2025-04-14 03:00:00,,,,,,,1529.0,1529.0,,,0.0,,,0.0
2025-04-14 04:00:00,,,,,,,1533.0,1533.0,,,0.0,,,0.0
2025-04-14 05:00:00,,,,,,,1533.0,1533.0,,,0.0,,,0.0
2025-04-14 06:00:00,,,,,,,1533.0,1533.0,,,0.0,,,0.0
2025-04-14 07:00:00,,,,,,,1533.0,1533.0,,,0.0,,,0.0
2025-04-14 08:00:00,,,,,,,2553.0,2552.0,1.2508,0.0,1.0,0.3642,0.0,1.0
2025-04-14 09:00:00,,,,,,,509.0,509.0,,,0.0,,,0.0
2025-04-14 10:00:00,,,,,,,2553.0,2552.0,1.1304,0.030199999,2.0,0.36939996,0.008099973,2.0
2025-04-14 11:00:00,,,,,,,509.0,509.0,1.1589999,0.022599999,2.0,0.37869996,0.000100016594,2.0
2025-04-14 12:00:00,,,,,,,509.0,509.0,0.80799997,0.0009999999,2.0,0.38269997,0.0069999695,2.0
2025-04-14 13:00:00,,,,,,,509.0,509.0,,,0.0,,,0.0
2025-04-14 14:00:00,,,,,,,509.0,509.0,,,0.0,,,0.0
2025-04-14 15:00:00,,,,,,,509.0,509.0,,,0.0,,,0.0
2025-04-14 16:00:00,,,,,,,509.0,509.0,,,0.0,,,0.0
2025-04-14 17:00:00,,,,,,,1533.0,1533.0,,,0.0,,,0.0
2025-04-14 18:00:00,,,,,,,1533.0,1533.0,,,0.0,,,0.0
2025-04-14 19:00:00,,,,,,,1533.0,1533.0,,,0.0,,,0.0
2025-04-14 20:00:00,,,,,,,1533.0,1533.0,,,0.0,,,0.0
2025-04-14 21:00:00,,,,,,,1533.0,1533.0,,,0.0,,,0.0
2025-04-14 22:00:00,,,,,,,1533.0,1533.0,,,0.0,,,0.0
2025-04-14 23:00:00,,,,,,,1533.0,1533.0,,,0.0,,,0.0
2025-04-15 00:00:00,,,,,,,1533.0,1533.0,,,0.0,,,0.0
2025-04-15 01:00:00,,,,,,,1529.0,1529.0,,,0.0,,,0.0
2025-04-15 02:00:00,,,,,,,1273.0,1273.0,,,0.0,,,0.0
2025-04-15 03:00:00,,,,,,,1529.0,1529.0,,,0.0,,,0.0
2025-04-15 04:00:00,,,,,,,1533.0,1533.0,,,0.0,,,0.0
2025-04-15 05:00:00,,,,,,,1533.0,1533.0,,,0.0,,,0.0
2025-04-15 06:00:00,,,,,,,1533.0,1533.0,,,0.0,,,0.0
2025-04-15 07:00:00,,,,,,,1533.0,1533.0,,,0.0,,,0.0
2025-04-15 08:00:00,,,,,,,509.0,509.0,0.745,0.0,1.0,0.6215,0.0,1.0
2025-04-15 09:00:00,,,,,,,509.0,509.0,0.0356,0.0,1.0,0.6538,0.0,1.0
2025-04-15 10:00:00,,,,,,,2553.0,2552.0,0.1528,0.0668,2.0,0.6516,0.004799962,2.0
2025-04-15 11:00:00,,,,,,,2553.0,2552.0,0.2366,0.0,1.0,0.6553999,0.0,1.0
2025-04-15 12:00:00,,,,,,,509.0,509.0,,,0.0,,,0.0
2025-04-15 13:00:00,,,,,,,509.0,509.0,,,0.0,,,0.0
2025-04-15 14:00:00,,,,,,,509.0,509.0,,,0.0,,,0.0
2025-04-15 15:00:00,,,,,,,509.0,509.0,,,0.0,,,0.0
2025-04-15 16:00:00,,,,,,,509.0,509.0,0.0714,0.0,1.0,0.7235,0.0,1.0
2025-04-15 17:00:00,,,,,,,1533.0,1533.0,,,0.0,,,0.0
2025-04-15 18:00:00,,,,,,,1273.0,1273.0,,,0.0,,,0.0
2025-04-15 19:00:00,,,,,,,1273.0,1273.0,,,0.0,,,0.0
2025-04-15 20:00:00,,,,,,,1273.0,1273.0,,,0.0,,,0.0
2025-04-15 21:00:00,,,,,,,1529.0,1529.0,,,0.0,,,0.0
2025-04-15 22:00:00,,,,,,,1273.0,1273.0,,,0.0,,,0.0
2025-04-15 23:00:00,,,,,,,1529.0,1529.0,,,0.0,,,0.0
2025-04-16 00:00:00,,,,,,,1533.0,1533.0,,,0.0,,,0.0
2025-04-16 01:00:00,,,,,,,1273.0,1273.0,,,0.0,,,0.0
2025-04-16 02:00:00,,,,,,,1273.0,1273.0,,,0.0,,,0.0
2025-04-16 03:00:00,,,,,,,1533.0,1533.0,,,0.0,,,0.0
2025-04-16 04:00:00,,,,,,,1533.0,1533.0,,,0.0,,,0.0
2025-04-16 05:00:00,,,,,,,1533.0,1533.0,,,0.0,,,0.0
2025-04-16 06:00:00,,,,,,,1533.0,1533.0,,,0.0,,,0.0
2025-04-16 07:00:00,,,,,,,1533.0,1533.0,,,0.0,,,0.0
2025-04-16 08:00:00,,,,,,,509.0,509.0,,,0.0,,,0.0
2025-04-16 09:00:00,,,,,,,509.0,509.0,0.32439998,0.024799999,4.0,0.7336,0.0020999908,4.0
2025-04-16 10:00:00,,,,,,,505.0,504.0,0.3706,0.073199995,2.0,0.76259995,0.009499967,2.0
2025-04-16 11:00:00,,,,,,,509.0,509.0,0.4926,0.025799999,2.0,0.7738999,0.00049996376,2.0
2025-04-16 12:00:00,,,,,,,509.0,509.0,,,0.0,,,0.0
2025-04-16 13:00:00,,,,,,,509.0,509.0,,,0.0,,,0.0
2025-04-16 14:00:00,,,,,,,509.0,509.0,,,0.0,,,0.0
2025-04-16 15:00:00,,,,,,,509.0,509.0,0.7802,0.0,1.0,0.8306,0.0,1.0
2025-04-16 16:00:00,,,,,,,509.0,509.0,,,0.0,,,0.0
2025-04-16 17:00:00,,,,,,,1533.0,1533.0,,,0.0,,,0.0
2025-04-16 18:00:00,,,,,,,1533.0,1533.0,,,0.0,,,0.0
2025-04-16 19:00:00,,,,,,,1533.0,1533.0,,,0.0,,,0.0
2025-04-16 20:00:00,,,,,,,1533.0,1533.0,,,0.0,,,0.0
2025-04-16 21:00:00,,,,,,,1533.0,1533.0,,,0.0,,,0.0
2025-04-16 22:00:00,,,,,,,1533.0,1533.0,,,0.0,,,0.0
2025-04-16 23:00:00,,,,,,,1533.0,1533.0,,,0.0,,,0.0
2025-04-17 00:00:00,,,,,,,1533.0,1533.0,,,0.0,,,0.0
2025-04-17 01:00:00,,,,,,,1533.0,1533.0,,,0.0,,,0.0
2025-04-17 02:00:00,,,,,,,1529.0,1529.0,,,0.0,,,0.0
2025-04-17 03:00:00,,,,,,,1533.0,1533.0,,,0.0,,,0.0
2025-04-17 04:00:00,,,,,,,1533.0,1533.0,,,0.0,,,0.0
2025-04-17 05:00:00,,,,,,,1533.0,1533.0,,,0.0,,,0.0
2025-04-17 06:00:00,,,,,,,1533.0,1533.0,,,0.0,,,0.0
2025-04-17 07:00:00,,,,,,,1533.0,1533.0,,,0.0,,,0.0
2025-04-17 08:00:00,,,,,,,509.0,509.0,,,0.0,,,0.0
2025-04-17 09:00:00,,,,,,,509.0,509.0,,,0.0,,,0.0
2025-04-17 10:00:00,,,,,,,509.0,509.0,,,0.0,,,0.0
2025-04-17 11:00:00,,,,,,,509.0,509.0,,,0.0,,,0.0
2025-04-17 12:00:00,,,,,,,509.0,509.0,,,0.0,,,0.0
2025-04-17 13:00:00,,,,,,,509.0,509.0,,,0.0,,,0.0
2025-04-17 14:00:00,,,,,,,509.0,509.0,,,0.0,,,0.0
2025-04-17 15:00:00,,,,,,,509.0,509.0,,,0.0,,,0.0
2025-04-17 16:00:00,,,,,,,509.0,509.0,,,0.0,,,0.0
2025-04-17 17:00:00,,,,,,,1533.0,1533.0,0.0132,0.0,1.0,1.1143999,0.0,1.0
2025-04-17 18:00:00,,,,,,,1533.0,1533.0,,,0.0,,,0.0
2025-04-17 19:00:00,,,,,,,1273.0,1273.0,,,0.0,,,0.0
2025-04-17 20:00:00,,,,,,,1273.0,1273.0,,,0.0,,,0.0
2025-04-17 21:00:00,,,,,,,1533.0,1533.0,,,0.0,,,0.0
2025-04-17 22:00:00,,,,,,,1533.0,1533.0,,,0.0,,,0.0
2025-04-17 23:00:00,,,,,,,1529.0,1529.0,,,0.0,,,0.0
2025-04-18 00:00:00,,,,,,,1273.0,1273.0,,,0.0,,,0.0
2025-04-18 01:00:00,,,,,,,1529.0,1529.0,,,0.0,,,0.0
2025-04-18 02:00:00,,,,,,,1529.0,1529.0,,,0.0,,,0.0
2025-04-18 03:00:00,,,,,,,1533.0,1533.0,,,0.0,,,0.0
2025-04-18 04:00:00,,,,,,,1533.0,1533.0,,,0.0,,,0.0
2025-04-18 05:00:00,,,,,,,1533.0,1533.0,,,0.0,,,0.0
2025-04-18 06:00:00,,,,,,,1533.0,1533.0,,,0.0,,,0.0
2025-04-18 07:00:00,,,,,,,1533.0,1533.0,,,0.0,,,0.0
2025-04-18 08:00:00,,,,,,,509.0,509.0,,,0.0,,,0.0
2025-04-18 09:00:00,,,,,,,509.0,509.0,,,0.0,,,0.0
2025-04-18 10:00:00,,,,,,,509.0,509.0,,,0.0,,,0.0
2025-04-18 11:00:00,,,,,,,509.0,509.0,,,0.0,,,0.0
2025-04-18 12:00:00,,,,,,,509.0,509.0,,,0.0,,,0.0
2025-04-18 13:00:00,,,,,,,509.0,509.0,,,0.0,,,0.0
2025-04-18 14:00:00,,,,,,,509.0,509.0,,,0.0,,,0.0
2025-04-18 15:00:00,,,,,,,509.0,509.0,,,0.0,,,0.0
2025-04-18 16:00:00,,,,,,,509.0,509.0,,,0.0,,,0.0
2025-04-18 17:00:00,,,,,,,1533.0,1533.0,,,0.0,,,0.0
2025-04-18 18:00:00,,,,,,,1533.0,1533.0,,,0.0,,,0.0
2025-04-18 19:00:00,,,,,,,1533.0,1533.0,,,0.0,,,0.0
2025-04-18 20:00:00,,,,,,,1533.0,1533.0,,,0.0,,,0.0
2025-04-18 21:00:00,,,,,,,1533.0,1533.0,,,0.0,,,0.0
2025-04-18 22:00:00,,,,,,,1533.0,1533.0,,,0.0,,,0.0
2025-04-18 23:00:00,,,,,,,1533.0,1533.0,,,0.0,,,0.0
2025-04-19 00:00:00,,,,,,,1529.0,1529.0,,,0.0,,,0.0
2025-04-19 01:00:00,,,,,,,1529.0,1529.0,,,0.0,,,0.0
2025-04-19 02:00:00,,,,,,,1533.0,1533.0,,,0.0,,,0.0
2025-04-19 03:00:00,,,,,,,1273.0,1273.0,,,0.0,,,0.0
2025-04-19 04:00:00,,,,,,,1533.0,1533.0,,,0.0,,,0.0
2025-04-19 05:00:00,,,,,,,1529.0,1529.0,,,0.0,,,0.0
2025-04-19 06:00:00,,,,,,,1533.0,1533.0,,,0.0,,,0.0
2025-04-19 07:00:00,,,,,,,1533.0,1533.0,,,0.0,,,0.0
2025-04-19 08:00:00,,,,,,,509.0,509.0,,,0.0,,,0.0
2025-04-19 09:00:00,,,,,,,509.0,509.0,,,0.0,,,0.0
2025-04-19 10:00:00,,,,,,,509.0,509.0,,,0.0,,,0.0
2025-04-19 11:00:00,,,,,,,509.0,509.0,,,0.0,,,0.0
2025-04-19 12:00:00,,,,,,,509.0,509.0,,,0.0,,,0.0
2025-04-19 13:00:00,,,,,,,509.0,509.0,,,0.0,,,0.0
2025-04-19 14:00:00,,,,,,,2297.0,2296.0,0.1196,0.1152,2.0,1.1882,0.0041999817,2.0
2025-04-19 15:00:00,,,,,,,2553.0,2552.0,0.3184,0.31759998,2.0,1.1737,0.005400002,2.0
2025-04-19 16:00:00,,,,,,,505.0,505.0,0.0664,0.049,5.0,1.1784999,0.0016999841,5.0
2025-04-19 17:00:00,,,,,,,1533.0,1533.0,,,0.0,,,0.0
2025-04-19 18:00:00,,,,,,,1533.0,1533.0,,,0.0,,,0.0
2025-04-19 19:00:00,,,,,,,1533.0,1533.0,,,0.0,,,0.0
2025-04-19 20:00:00,,,,,,,1533.0,1533.0,,,0.0,,,0.0
2025-04-19 21:00:00,,,,,,,1533.0,1533.0,,,0.0,,,0.0
2025-04-19 22:00:00,,,,,,,1533.0,1533.0,,,0.0,,,0.0
2025-04-19 23:00:00,,,,,,,1533.0,1533.0,,,0.0,,,0.0
2025-04-20 00:00:00,,,,,,,1533.0,1533.0,,,0.0,,,0.0
2025-04-20 01:00:00,,,,,,,1533.0,1533.0,,,0.0,,,0.0
2025-04-20 02:00:00,,,,,,,1529.0,1529.0,,,0.0,,,0.0
2025-04-20 03:00:00,,,,,,,1529.0,1529.0,,,0.0,,,0.0
2025-04-20 04:00:00,,,,,,,1273.0,1273.0,,,0.0,,,0.0
2025-04-20 05:00:00,,,,,,,1533.0,1533.0,,,0.0,,,0.0
2025-04-20 06:00:00,,,,,,,1533.0,1533.0,,,0.0,,,0.0
2025-04-20 07:00:00,,,,,,,1533.0,1533.0,,,0.0,,,0.0
2025-04-20 08:00:00,,,,,,,509.0,509.0,,,0.0,,,0.0
2025-04-20 09:00:00,,,,,,,509.0,509.0,,,0.0,,,0.0
2025-04-20 10:00:00,,,,,,,509.0,509.0,,,0.0,,,0.0
2025-04-20 11:00:00,,,,,,,505.0,504.0,0.24939999,0.040799998,2.0,1.1895,0.0036000013,2.0
2025-04-20 12:00:00,,,,,,,2553.0,2552.0,0.0804,0.0726,2.0,1.1927999,0.0024999976,2.0
2025-04-20 13:00:00,,,,,,,509.0,509.0,0.0332,0.021399999,4.0,1.1969999,0.00069999695,3.0
2025-04-20 14:00:00,,,,,,,509.0,509.0,0.073199995,0.0222,2.0,1.2056999,0.00089997053,2.0
2025-04-20 15:00:00,,,,,,,509.0,509.0,,,0.0,,,0.0
2025-04-20 16:00:00,,,,,,,509.0,509.0,,,0.0,,,0.0
2025-04-20 17:00:00,,,,,,,1533.0,1533.0,,,0.0,,,0.0
2025-04-20 18:00:00,,,,,,,1533.0,1533.0,,,0.0,,,0.0
2025-04-20 19:00:00,,,,,,,1533.0,1533.0,,,0.0,,,0.0
2025-04-20 20:00:00,,,,,,,1533.0,1533.0,,,0.0,,,0.0
2025-04-20 21:00:00,,,,,,,1533.0,1533.0,,,0.0,,,0.0
2025-04-20 22:00:00,,,,,,,1273.0,1273.0,,,0.0,,,0.0
2025-04-20 23:00:00,,,,,,,1533.0,1533.0,,,0.0,,,0.0
2025-04-21 00:00:00,,,,,,,1533.0,1533.0,,,0.0,,,0.0
2025-04-21 01:00:00,,,,,,,1533.0,1533.0,,,0.0,,,0.0
2025-04-21 02:00:00,,,,,,,1273.0,1273.0,,,0.0,,,0.0
2025-04-21 03:00:00,,,,,,,1533.0,1533.0,,,0.0,,,0.0
2025-04-21 04:00:00,,,,,,,1529.0,1529.0,,,0.0,,,0.0
2025-04-21 05:00:00,,,,,,,1529.0,1529.0,,,0.0,,,0.0
2025-04-21 06:00:00,,,,,,,1533.0,1533.0,,,0.0,,,0.0
2025-04-21 07:00:00,,,,,,,1533.0,1533.0,,,0.0,,,0.0
2025-04-21 08:00:00,,,,,,,509.0,509.0,,,0.0,,,0.0
2025-04-21 09:00:00,,,,,,,509.0,509.0,,,0.0,,,0.0
2025-04-21 10:00:00,,,,,,,509.0,509.0,,,0.0,,,0.0
2025-04-21 11:00:00,,,,,,,509.0,509.0,,,0.0,,,0.0
2025-04-21 12:00:00,,,,,,,509.0,509.0,,,0.0,,,0.0
2025-04-21 13:00:00,,,,,,,509.0,509.0,,,0.0,,,0.0
2025-04-21 14:00:00,,,,,,,509.0,509.0,,,0.0,,,0.0
2025-04-21 15:00:00,,,,,,,509.0,509.0,,,0.0,,,0.0
2025-04-21 16:00:00,,,,,,,509.0,509.0,,,0.0,,,0.0
2025-04-21 17:00:00,,,,,,,1533.0,1533.0,,,0.0,,,0.0
2025-04-21 18:00:00,,,,,,,1533.0,1533.0,,,0.0,,,0.0
2025-04-21 19:00:00,,,,,,,1533.0,1533.0,,,0.0,,,0.0
2025-04-21 20:00:00,,,,,,,1533.0,1533.0,,,0.0,,,0.0
2025-04-21 21:00:00,,,,,,,1529.0,1529.0,,,0.0,,,0.0
2025-04-21 22:00:00,,,,,,,1529.0,1529.0,,,0.0,,,0.0
2025-04-21 23:00:00,,,,,,,1529.0,1529.0,,,0.0,,,0.0
2025-04-22 00:00:00,,,,,,,1273.0,1273.0,,,0.0,,,0.0
2025-04-22 01:00:00,,,,,,,1529.0,1529.0,,,0.0,,,0.0
2025-04-22 02:00:00,,,,,,,1273.0,1273.0,,,0.0,,,0.0
2025-04-22 03:00:00,,,,,,,1273.0,1273.0,,,0.0,,,0.0
2025-04-22 04:00:00,,,,,,,1273.0,1273.0,,,0.0,,,0.0
2025-04-22 05:00:00,,,,,,,1533.0,1533.0,,,0.0,,,0.0
2025-04-22 06:00:00,,,,,,,1533.0,1533.0,,,0.0,,,0.0
2025-04-22 07:00:00,,,,,,,1533.0,1533.0,,,0.0,,,0.0
2025-04-22 08:00:00,,,,,,,509.0,509.0,,,0.0,,,0.0
2025-04-22 09:00:00,,,,,,,509.0,509.0,,,0.0,,,0.0
2025-04-22 10:00:00,,,,,,,509.0,509.0,,,0.0,,,0.0
2025-04-22 11:00:00,,,,,,,509.0,509.0,,,0.0,,,0.0
2025-04-22 12:00:00,,,,,,,505.0,504.0,0.88659996,0.0578,4.0,1.1614,0.020299971,4.0
2025-04-22 13:00:00,,,,,,,509.0,509.0,,,0.0,,,0.0
2025-04-22 14:00:00,,,,,,,509.0,509.0,,,0.0,,,0.0
2025-04-22 15:00:00,,,,,,,509.0,509.0,,,0.0,,,0.0
2025-04-22 16:00:00,,,,,,,509.0,509.0,,,0.0,,,0.0
2025-04-22 17:00:00,,,,,,,1533.0,1533.0,,,0.0,,,0.0
2025-04-22 18:00:00,,,,,,,1529.0,1529.0,,,0.0,,,0.0
2025-04-22 19:00:00,,,,,,,1533.0,1533.0,,,0.0,,,0.0
2025-04-22 20:00:00,,,,,,,1533.0,1533.0,,,0.0,,,0.0
2025-04-22 21:00:00,,,,,,,1529.0,1529.0,,,0.0,,,0.0
2025-04-22 22:00:00,,,,,,,1533.0,1533.0,,,0.0,,,0.0
2025-04-22 23:00:00,,,,,,,1533.0,1533.0,,,0.0,,,0.0
2025-04-23 00:00:00,,,,,,,1273.0,1273.0,,,0.0,,,0.0
2025-04-23 01:00:00,,,,,,,1273.0,1273.0,,,0.0,,,0.0
2025-04-23 02:00:00,,,,,,,1273.0,1273.0,,,0.0,,,0.0
2025-04-23 03:00:00,,,,,,,1273.0,1273.0,,,0.0,,,0.0
2025-04-23 04:00:00,,,,,,,1533.0,1533.0,,,0.0,,,0.0
2025-04-23 05:00:00,,,,,,,1533.0,1533.0,,,0.0,,,0.0
2025-04-23 06:00:00,,,,,,,1533.0,1533.0,,,0.0,,,0.0
2025-04-23 07:00:00,,,,,,,1533.0,1533.0,,,0.0,,,0.0
2025-04-23 08:00:00,,,,,,,509.0,509.0,,,0.0,,,0.0
2025-04-23 09:00:00,,,,,,,509.0,509.0,,,0.0,,,0.0
2025-04-23 10:00:00,,,,,,,509.0,509.0,1.3464,0.0,1.0,1.0281,0.0,1.0
2025-04-23 11:00:00,,,,,,,505.0,504.0,1.1466,0.016999999,5.0,1.0205,0.0079,5.0
2025-04-23 12:00:00,,,,,,,2297.0,2296.0,1.0627999,0.049999997,6.0,0.99539995,0.008099973,6.0
2025-04-23 13:00:00,,,,,,,249.0,248.0,1.0152,0.051799998,6.0,0.9791,0.017399967,6.0
2025-04-23 14:00:00,,,,,,,249.0,248.0,1.0056,0.0354,6.0,0.9339,0.0123000145,6.0
2025-04-23 15:00:00,,,,,,,2553.0,2552.0,0.954,0.022599999,6.0,0.9166,0.010899961,6.0
2025-04-23 16:00:00,,,,,,,249.0,249.0,0.8088,0.1268,3.0,0.9165,0.0059999824,3.0
2025-04-23 17:00:00,,,,,,,1533.0,1533.0,,,0.0,,,0.0
2025-04-23 18:00:00,,,,,,,1533.0,1533.0,,,0.0,,,0.0
2025-04-23 19:00:00,,,,,,,1273.0,1273.0,,,0.0,,,0.0
2025-04-23 20:00:00,,,,,,,1533.0,1533.0,,,0.0,,,0.0
2025-04-23 21:00:00,,,,,,,1533.0,1533.0,,,0.0,,,0.0
2025-04-23 22:00:00,,,,,,,1533.0,1533.0,,,0.0,,,0.0
2025-04-23 23:00:00,,,,,,,1533.0,1533.0,,,0.0,,,0.0
2025-04-24 00:00:00,,,,,,,1529.0,1529.0,,,0.0,,,0.0
2025-04-24 01:00:00,,,,,,,1273.0,1273.0,,,0.0,,,0.0
2025-04-24 02:00:00,,,,,,,1529.0,1529.0,,,0.0,,,0.0
2025-04-24 03:00:00,,,,,,,1529.0,1529.0,,,0.0,,,0.0
2025-04-24 04:00:00,,,,,,,1533.0,1533.0,,,0.0,,,0.0
2025-04-24 05:00:00,,,,,,,1533.0,1533.0,,,0.0,,,0.0
2025-04-24 06:00:00,,,,,,,1533.0,1533.0,,,0.0,,,0.0
2025-04-24 07:00:00,,,,,,,1533.0,1533.0,,,0.0,,,0.0
2025-04-24 08:00:00,,,,,,,509.0,509.0,,,0.0,,,0.0
2025-04-24 09:00:00,,,,,,,509.0,509.0,,,0.0,,,0.0
2025-04-24 10:00:00,,,,,,,509.0,509.0,2.1252,0.0,2.0,0.8521,0.0,2.0
2025-04-24 11:00:00,,,,,,,509.0,509.0,,,0.0,,,0.0
2025-04-24 12:00:00,,,,,,,509.0,509.0,,,0.0,,,0.0
2025-04-24 13:00:00,,,,,,,509.0,509.0,,,0.0,,,0.0
2025-04-24 14:00:00,,,,,,,509.0,509.0,,,0.0,,,0.0
2025-04-24 15:00:00,,,,,,,509.0,509.0,1.7093999,0.043199997,3.0,0.9247999,0.004700005,3.0
2025-04-24 16:00:00,,,,,,,505.0,504.0,1.209,0.2364,2.0,1.0126,0.010100007,2.0
2025-04-24 17:00:00,,,,,,,1533.0,1533.0,,,0.0,,,0.0
2025-04-24 18:00:00,,,,,,,1533.0,1533.0,,,0.0,,,0.0
2025-04-24 19:00:00,,,,,,,1533.0,1533.0,,,0.0,,,0.0
2025-04-24 20:00:00,,,,,,,1533.0,1533.0,,,0.0,,,0.0
2025-04-24 21:00:00,,,,,,,1529.0,1529.0,,,0.0,,,0.0
2025-04-24 22:00:00,,,,,,,1533.0,1533.0,,,0.0,,,0.0
2025-04-24 23:00:00,,,,,,,1529.0,1529.0,,,0.0,,,0.0
2025-04-25 00:00:00,,,,,,,1533.0,1533.0,,,0.0,,,0.0
2025-04-25 01:00:00,,,,,,,1533.0,1533.0,,,0.0,,,0.0
2025-04-25 02:00:00,,,,,,,1529.0,1529.0,,,0.0,,,0.0
2025-04-25 03:00:00,,,,,,,1533.0,1533.0,,,0.0,,,0.0
2025-04-25 04:00:00,,,,,,,1533.0,1533.0,,,0.0,,,0.0
2025-04-25 05:00:00,,,,,,,1533.0,1533.0,,,0.0,,,0.0
2025-04-25 06:00:00,,,,,,,1533.0,1533.0,,,0.0,,,0.0
2025-04-25 07:00:00,,,,,,,1533.0,1533.0,,,0.0,,,0.0
2025-04-25 08:00:00,,,,,,,509.0,509.0,,,0.0,,,0.0
2025-04-25 09:00:00,,,,,,,509.0,509.0,,,0.0,,,0.0
2025-04-25 10:00:00,,,,,,,509.0,509.0,,,0.0,,,0.0
2025-04-25 11:00:00,,,,,,,509.0,509.0,,,0.0,,,0.0
2025-04-25 12:00:00,,,,,,,509.0,509.0,,,0.0,,,0.0
2025-04-25 13:00:00,,,,,,,509.0,509.0,,,0.0,,,0.0
2025-04-25 14:00:00,,,,,,,509.0,509.0,,,0.0,,,0.0
2025-04-25 15:00:00,,,,,,,509.0,509.0,,,0.0,,,0.0
2025-04-25 16:00:00,,,,,,,509.0,509.0,,,0.0,,,0.0
2025-04-25 17:00:00,,,,,,,1533.0,1533.0,,,0.0,,,0.0
2025-04-25 18:00:00,,,,,,,1533.0,1533.0,,,0.0,,,0.0
2025-04-25 19:00:00,,,,,,,1533.0,1533.0,,,0.0,,,0.0
2025-04-25 20:00:00,,,,,,,1529.0,1529.0,,,0.0,,,0.0
2025-04-25 21:00:00,,,,,,,1529.0,1529.0,,,0.0,,,0.0
2025-04-25 22:00:00,,,,,,,1529.0,1529.0,,,0.0,,,0.0
2025-04-25 23:00:00,,,,,,,1529.0,1529.0,,,0.0,,,0.0
2025-04-26 00:00:00,,,,,,,1273.0,1273.0,,,0.0,,,0.0
2025-04-26 01:00:00,,,,,,,1273.0,1273.0,,,0.0,,,0.0
2025-04-26 02:00:00,,,,,,,1273.0,1273.0,,,0.0,,,0.0
2025-04-26 03:00:00,,,,,,,1273.0,1273.0,,,0.0,,,0.0
2025-04-26 04:00:00,,,,,,,1533.0,1533.0,,,0.0,,,0.0
2025-04-26 05:00:00,,,,,,,1533.0,1533.0,,,0.0,,,0.0
2025-04-26 06:00:00,,,,,,,1533.0,1533.0,,,0.0,,,0.0
2025-04-26 07:00:00,,,,,,,509.0,509.0,,,0.0,,,0.0
2025-04-26 08:00:00,,,,,,,509.0,509.0,,,0.0,,,0.0
2025-04-26 09:00:00,,,,,,,509.0,509.0,,,0.0,,,0.0
2025-04-26 10:00:00,,,,,,,509.0,509.0,,,0.0,,,0.0
2025-04-26 11:00:00,,,,,,,509.0,509.0,,,0.0,,,0.0
2025-04-26 12:00:00,,,,,,,509.0,509.0,,,0.0,,,0.0
2025-04-26 13:00:00,,,,,,,509.0,509.0,,,0.0,,,0.0
2025-04-26 14:00:00,,,,,,,509.0,509.0,,,0.0,,,0.0
2025-04-26 15:00:00,,,,,,,509.0,509.0,,,0.0,,,0.0
2025-04-26 16:00:00,,,,,,,509.0,509.0,,,0.0,,,0.0
2025-04-26 17:00:00,,,,,,,1533.0,1533.0,,,0.0,,,0.0
2025-04-26 18:00:00,,,,,,,1529.0,1529.0,,,0.0,,,0.0
2025-04-26 19:00:00,,,,,,,1533.0,1533.0,,,0.0,,,0.0
2025-04-26 20:00:00,,,,,,,1533.0,1533.0,,,0.0,,,0.0
2025-04-26 21:00:00,,,,,,,1533.0,1533.0,,,0.0,,,0.0
2025-04-26 22:00:00,,,,,,,1529.0,1529.0,,,0.0,,,0.0
2025-04-26 23:00:00,,,,,,,1533.0,1533.0,,,0.0,,,0.0
2025-04-27 00:00:00,,,,,,,1533.0,1533.0,,,0.0,,,0.0
2025-04-27 01:00:00,,,,,,,1533.0,1533.0,,,0.0,,,0.0
2025-04-27 02:00:00,,,,,,,1533.0,1533.0,,,0.0,,,0.0
2025-04-27 03:00:00,,,,,,,1529.0,1529.0,,,0.0,,,0.0
2025-04-27 04:00:00,,,,,,,1273.0,1273.0,,,0.0,,,0.0
2025-04-27 05:00:00,,,,,,,1533.0,1533.0,,,0.0,,,0.0
2025-04-27 06:00:00,,,,,,,1533.0,1533.0,,,0.0,,,0.0
2025-04-27 07:00:00,,,,,,,509.0,509.0,,,0.0,,,0.0
2025-04-27 08:00:00,,,,,,,509.0,509.0,,,0.0,,,0.0
2025-04-27 09:00:00,,,,,,,509.0,509.0,,,0.0,,,0.0
2025-04-27 10:00:00,,,,,,,509.0,509.0,,,0.0,,,0.0
2025-04-27 11:00:00,,,,,,,509.0,509.0,,,0.0,,,0.0
2025-04-27 12:00:00,,,,,,,509.0,509.0,,,0.0,,,0.0
2025-04-27 13:00:00,,,,,,,509.0,509.0,,,0.0,,,0.0
2025-04-27 14:00:00,,,,,,,509.0,509.0,,,0.0,,,0.0
2025-04-27 15:00:00,,,,,,,509.0,509.0,,,0.0,,,0.0
2025-04-27 16:00:00,,,,,,,509.0,509.0,,,0.0,,,0.0
2025-04-27 17:00:00,,,,,,,1533.0,1533.0,,,0.0,,,0.0
2025-04-27 18:00:00,,,,,,,1533.0,1533.0,,,0.0,,,0.0
2025-04-27 19:00:00,,,,,,,1533.0,1533.0,,,0.0,,,0.0
2025-04-27 20:00:00,,,,,,,1533.0,1533.0,,,0.0,,,0.0
2025-04-27 21:00:00,,,,,,,1533.0,1533.0,,,0.0,,,0.0
2025-04-27 22:00:00,,,,,,,1533.0,1533.0,,,0.0,,,0.0
2025-04-27 23:00:00,,,,,,,1273.0,1273.0,,,0.0,,,0.0
2025-04-28 00:00:00,,,,,,,1533.0,1533.0,,,0.0,,,0.0
2025-04-28 01:00:00,,,,,,,1533.0,1533.0,,,0.0,,,0.0
2025-04-28 02:00:00,,,,,,,1529.0,1529.0,,,0.0,,,0.0
2025-04-28 03:00:00,,,,,,,1533.0,1533.0,,,0.0,,,0.0
2025-04-28 04:00:00,,,,,,,1529.0,1529.0,,,0.0,,,0.0
2025-04-28 05:00:00,,,,,,,1533.0,1533.0,,,0.0,,,0.0
2025-04-28 06:00:00,,,,,,,1533.0,1533.0,,,0.0,,,0.0
2025-04-28 07:00:00,,,,,,,505.0,504.0,1.7012,0.0,1.0,0.9453,0.0,1.0
2025-04-28 08:00:00,,,,,,,509.0,509.0,,,0.0,,,0.0
2025-04-28 09:00:00,,,,,,,509.0,509.0,,,0.0,,,0.0
2025-04-28 10:00:00,,,,,,,509.0,509.0,,,0.0,,,0.0
2025-04-28 11:00:00,,,,,,,509.0,509.0,,,0.0,,,0.0
2025-04-28 12:00:00,,,,,,,509.0,509.0,,,0.0,,,0.0
2025-04-28 13:00:00,,,,,,,509.0,509.0,,,0.0,,,0.0
2025-04-28 14:00:00,,,,,,,509.0,509.0,,,0.0,,,0.0
2025-04-28 15:00:00,,,,,,,509.0,509.0,,,0.0,,,0.0
2025-04-28 16:00:00,,,,,,,509.0,509.0,,,0.0,,,0.0
2025-04-28 17:00:00,,,,,,,1533.0,1533.0,,,0.0,,,0.0
2025-04-28 18:00:00,,,,,,,1533.0,1533.0,,,0.0,,,0.0
2025-04-28 19:00:00,,,,,,,1533.0,1533.0,,,0.0,,,0.0
2025-04-28 20:00:00,,,,,,,1533.0,1533.0,,,0.0,,,0.0
2025-04-28 21:00:00,,,,,,,1533.0,1533.0,,,0.0,,,0.0
2025-04-28 22:00:00,,,,,,,1533.0,1533.0,,,0.0,,,0.0
2025-04-28 23:00:00,,,,,,,1529.0,1529.0,,,0.0,,,0.0
2025-04-29 00:00:00,,,,,,,1533.0,1533.0,,,0.0,,,0.0
2025-04-29 01:00:00,,,,,,,1533.0,1533.0,,,0.0,,,0.0
2025-04-29 02:00:00,,,,,,,1533.0,1533.0,,,0.0,,,0.0
2025-04-29 03:00:00,,,,,,,1533.0,1533.0,,,0.0,,,0.0
2025-04-29 04:00:00,,,,,,,1533.0,1533.0,,,0.0,,,0.0
2025-04-29 05:00:00,,,,,,,1533.0,1533.0,,,0.0,,,0.0
2025-04-29 06:00:00,,,,,,,1533.0,1533.0,,,0.0,,,0.0
2025-04-29 07:00:00,,,,,,,509.0,509.0,,,0.0,,,0.0
2025-04-29 08:00:00,,,,,,,509.0,509.0,,,0.0,,,0.0
2025-04-29 09:00:00,,,,,,,509.0,509.0,,,0.0,,,0.0
2025-04-29 10:00:00,,,,,,,509.0,509.0,,,0.0,,,0.0
2025-04-29 11:00:00,,,,,,,509.0,509.0,,,0.0,,,0.0
2025-04-29 12:00:00,,,,,,,509.0,509.0,,,0.0,,,0.0
2025-04-29 13:00:00,,,,,,,509.0,509.0,,,0.0,,,0.0
2025-04-29 14:00:00,,,,,,,505.0,504.0,1.5902,0.0888,4.0,1.0552,0.007099986,4.0
2025-04-29 15:00:00,,,,,,,509.0,509.0,1.4784,0.0,1.0,1.0446,0.0,1.0
2025-04-29 16:00:00,,,,,,,509.0,509.0,,,0.0,,,0.0
2025-04-29 17:00:00,,,,,,,1533.0,1533.0,0.40559998,0.0,1.0,1.0925,0.0,1.0
2025-04-29 18:00:00,,,,,,,1533.0,1533.0,,,0.0,,,0.0
2025-04-29 19:00:00,,,,,,,1529.0,1529.0,,,0.0,,,0.0
2025-04-29 20:00:00,,,,,,,1533.0,1533.0,,,0.0,,,0.0
2025-04-29 21:00:00,,,,,,,1533.0,1533.0,,,0.0,,,0.0
2025-04-29 22:00:00,,,,,,,1273.0,1273.0,,,0.0,,,0.0
2025-04-29 23:00:00,,,,,,,1533.0,1533.0,,,0.0,,,0.0
2025-04-30 00:00:00,,,,,,,1273.0,1273.0,,,0.0,,,0.0
2025-04-30 01:00:00,,,,,,,1529.0,1529.0,,,0.0,,,0.0
2025-04-30 02:00:00,,,,,,,1273.0,1273.0,,,0.0,,,0.0
2025-04-30 03:00:00,,,,,,,1533.0,1533.0,,,0.0,,,0.0
2025-04-30 04:00:00,,,,,,,1529.0,1529.0,,,0.0,,,0.0
2025-04-30 05:00:00,,,,,,,1529.0,1529.0,,,0.0,,,0.0
2025-04-30 06:00:00,,,,,,,1533.0,1533.0,,,0.0,,,0.0
2025-04-30 07:00:00,,,,,,,509.0,509.0,,,0.0,,,0.0
2025-04-30 08:00:00,,,,,,,509.0,509.0,,,0.0,,,0.0
2025-04-30 09:00:00,,,,,,,509.0,509.0,,,0.0,,,0.0
2025-04-30 10:00:00,,,,,,,509.0,509.0,,,0.0,,,0.0
2025-04-30 11:00:00,,,,,,,509.0,509.0,,,0.0,,,0.0
2025-04-30 12:00:00,,,,,,,509.0,509.0,,,0.0,,,0.0
2025-04-30 13:00:00,,,,,,,509.0,509.0,,,0.0,,,0.0
2025-04-30 14:00:00,,,,,,,509.0,509.0,,,0.0,,,0.0
2025-04-30 15:00:00,,,,,,,509.0,509.0,,,0.0,,,0.0
2025-04-30 16:00:00,,,,,,,509.0,509.0,,,0.0,,,0.0
2025-04-30 17:00:00,,,,,,,1533.0,1533.0,,,0.0,,,0.0
2025-04-30 18:00:00,,,,,,,1533.0,1533.0,,,0.0,,,0.0
2025-04-30 19:00:00,,,,,,,1533.0,1533.0,,,0.0,,,0.0
2025-04-30 20:00:00,,,,,,,1529.0,1529.0,,,0.0,,,0.0
2025-04-30 21:00:00,,,,,,,1533.0,1533.0,,,0.0,,,0.0
2025-04-30 22:00:00,,,,,,,1533.0,1533.0,,,0.0,,,0.0
2025-04-30 23:00:00,,,,,,,1533.0,1533.0,,,0.0,,,0.0
2025-05-01 00:00:00,,,,,,,1533.0,1533.0,,,0.0,,,0.0
2025-05-01 01:00:00,,,,,,,1529.0,1529.0,,,0.0,,,0.0
2025-05-01 02:00:00,,,,,,,1533.0,1533.0,,,0.0,,,0.0
2025-05-01 03:00:00,,,,,,,1529.0,1529.0,,,0.0,,,0.0
2025-05-01 04:00:00,,,,,,,1529.0,1529.0,,,0.0,,,0.0
2025-05-01 05:00:00,,,,,,,1533.0,1533.0,,,0.0,,,0.0
2025-05-01 06:00:00,,,,,,,1533.0,1533.0,,,0.0,,,0.0
2025-05-01 07:00:00,,,,,,,509.0,509.0,,,0.0,,,0.0
2025-05-01 08:00:00,,,,,,,509.0,509.0,,,0.0,,,0.0
2025-05-01 09:00:00,,,,,,,509.0,509.0,,,0.0,,,0.0
2025-05-01 10:00:00,,,,,,,509.0,509.0,,,0.0,,,0.0
2025-05-01 11:00:00,,,,,,,509.0,509.0,,,0.0,,,0.0
2025-05-01 12:00:00,,,,,,,509.0,509.0,,,0.0,,,0.0
2025-05-01 13:00:00,,,,,,,509.0,509.0,,,0.0,,,0.0
2025-05-01 14:00:00,,,,,,,509.0,509.0,,,0.0,,,0.0
2025-05-01 15:00:00,,,,,,,509.0,509.0,,,0.0,,,0.0
2025-05-01 16:00:00,,,,,,,509.0,509.0,,,0.0,,,0.0
2025-05-01 17:00:00,,,,,,,1533.0,1533.0,,,0.0,,,0.0
2025-05-01 18:00:00,,,,,,,1533.0,1533.0,,,0.0,,,0.0
2025-05-01 19:00:00,,,,,,,1533.0,1533.0,,,0.0,,,0.0
2025-05-01 20:00:00,,,,,,,1529.0,1529.0,,,0.0,,,0.0
2025-05-01 21:00:00,,,,,,,1533.0,1533.0,,,0.0,,,0.0
2025-05-01 22:00:00,,,,,,,1529.0,1529.0,,,0.0,,,0.0
2025-05-01 23:00:00,,,,,,,1533.0,1533.0,,,0.0,,,0.0
2025-05-02 00:00:00,,,,,,,1533.0,1533.0,,,0.0,,,0.0
2025-05-02 01:00:00,,,,,,,1533.0,1533.0,,,0.0,,,0.0
2025-05-02 02:00:00,,,,,,,1533.0,1533.0,,,0.0,,,0.0
2025-05-02 03:00:00,,,,,,,1273.0,1273.0,,,0.0,,,0.0
2025-05-02 04:00:00,,,,,,,1273.0,1273.0,,,0.0,,,0.0
2025-05-02 05:00:00,,,,,,,1273.0,1273.0,,,0.0,,,0.0
2025-05-02 06:00:00,,,,,,,1533.0,1533.0,,,0.0,,,0.0
2025-05-02 07:00:00,,,,,,,505.0,505.0,,,0.0,,,0.0
2025-05-02 08:00:00,,,,,,,509.0,509.0,0.745,0.0,1.0,1.1157,0.0,1.0
2025-05-02 09:00:00,,,,,,,249.0,249.0,0.037,0.036,2.0,1.1077,0.0029999614,2.0
2025-05-02 10:00:00,,,,,,,509.0,509.0,,,0.0,,,0.0
2025-05-02 11:00:00,,,,,,,509.0,509.0,,,0.0,,,0.0
2025-05-02 12:00:00,,,,,,,509.0,509.0,0.0122,0.0,1.0,1.1372,0.0,1.0
2025-05-02 13:00:00,,,,,,,509.0,509.0,,,0.0,,,0.0
2025-05-02 14:00:00,,,,,,,509.0,509.0,,,0.0,,,0.0
2025-05-02 15:00:00,,,,,,,509.0,509.0,,,0.0,,,0.0
2025-05-02 16:00:00,,,,,,,2553.0,2552.0,0.2658,0.14819999,3.0,1.1172999,0.015100002,3.0
2025-05-02 17:00:00,,,,,,,1533.0,1533.0,0.094,0.028199999,4.0,1.1385,0.00049996376,4.0
2025-05-02 18:00:00,,,,,,,1273.0,1273.0,,,0.0,,,0.0
2025-05-02 19:00:00,,,,,,,1533.0,1533.0,,,0.0,,,0.0
2025-05-02 20:00:00,,,,,,,1273.0,1273.0,,,0.0,,,0.0
2025-05-02 21:00:00,,,,,,,1533.0,1533.0,,,0.0,,,0.0
2025-05-02 22:00:00,,,,,,,1533.0,1533.0,,,0.0,,,0.0
2025-05-02 23:00:00,,,,,,,1533.0,1533.0,,,0.0,,,0.0
2025-05-03 00:00:00,,,,,,,1529.0,1529.0,,,0.0,,,0.0
2025-05-03 01:00:00,,,,,,,1533.0,1533.0,,,0.0,,,0.0
2025-05-03 02:00:00,,,,,,,1533.0,1533.0,,,0.0,,,0.0
2025-05-03 03:00:00,,,,,,,1529.0,1529.0,,,0.0,,,0.0
2025-05-03 04:00:00,,,,,,,1529.0,1529.0,,,0.0,,,0.0
2025-05-03 05:00:00,,,,,,,1533.0,1533.0,,,0.0,,,0.0
2025-05-03 06:00:00,,,,,,,1533.0,1533.0,,,0.0,,,0.0
2025-05-03 07:00:00,,,,,,,509.0,509.0,,,0.0,,,0.0
2025-05-03 08:00:00,,,,,,,509.0,509.0,,,0.0,,,0.0
2025-05-03 09:00:00,,,,,,,509.0,509.0,,,0.0,,,0.0
2025-05-03 10:00:00,,,,,,,509.0,509.0,,,0.0,,,0.0
2025-05-03 11:00:00,,,,,,,509.0,509.0,,,0.0,,,0.0
2025-05-03 12:00:00,,,,,,,509.0,509.0,,,0.0,,,0.0
2025-05-03 13:00:00,,,,,,,509.0,509.0,,,0.0,,,0.0
2025-05-03 14:00:00,,,,,,,509.0,509.0,,,0.0,,,0.0
2025-05-03 15:00:00,,,,,,,509.0,509.0,,,0.0,,,0.0
2025-05-03 16:00:00,,,,,,,505.0,504.0,0.7102,0.2092,3.0,1.0472,0.024500012,3.0
2025-05-03 17:00:00,,,,,,,1533.0,1533.0,0.4996,0.0402,4.0,1.0807999,0.0024999976,4.0
2025-05-03 18:00:00,,,,,,,1533.0,1533.0,,,0.0,,,0.0
2025-05-03 19:00:00,,,,,,,1273.0,1273.0,,,0.0,,,0.0
2025-05-03 20:00:00,,,,,,,1533.0,1533.0,,,0.0,,,0.0
2025-05-03 21:00:00,,,,,,,1273.0,1273.0,,,0.0,,,0.0
2025-05-03 22:00:00,,,,,,,1273.0,1273.0,,,0.0,,,0.0
2025-05-03 23:00:00,,,,,,,1273.0,1273.0,,,0.0,,,0.0
2025-05-04 00:00:00,,,,,,,1273.0,1273.0,,,0.0,,,0.0
2025-05-04 01:00:00,,,,,,,1273.0,1273.0,,,0.0,,,0.0
2025-05-04 02:00:00,,,,,,,1273.0,1273.0,,,0.0,,,0.0
2025-05-04 03:00:00,,,,,,,1533.0,1533.0,,,0.0,,,0.0
2025-05-04 04:00:00,,,,,,,1529.0,1529.0,,,0.0,,,0.0
2025-05-04 05:00:00,,,,,,,1533.0,1533.0,,,0.0,,,0.0
2025-05-04 06:00:00,,,,,,,1533.0,1533.0,,,0.0,,,0.0
2025-05-04 07:00:00,,,,,,,509.0,509.0,,,0.0,,,0.0
2025-05-04 08:00:00,,,,,,,509.0,509.0,,,0.0,,,0.0
2025-05-04 09:00:00,,,,,,,509.0,509.0,,,0.0,,,0.0
2025-05-04 10:00:00,,,,,,,509.0,509.0,,,0.0,,,0.0
2025-05-04 11:00:00,,,,,,,509.0,509.0,,,0.0,,,0.0
2025-05-04 12:00:00,,,,,,,509.0,509.0,,,0.0,,,0.0
2025-05-04 13:00:00,,,,,,,509.0,509.0,,,0.0,,,0.0
2025-05-04 14:00:00,,,,,,,509.0,509.0,,,0.0,,,0.0
2025-05-04 15:00:00,,,,,,,509.0,509.0,,,0.0,,,0.0
2025-05-04 16:00:00,,,,,,,509.0,509.0,,,0.0,,,0.0
2025-05-04 17:00:00,,,,,,,1533.0,1533.0,,,0.0,,,0.0
2025-05-04 18:00:00,,,,,,,1533.0,1533.0,,,0.0,,,0.0
2025-05-04 19:00:00,,,,,,,1273.0,1273.0,,,0.0,,,0.0
2025-05-04 20:00:00,,,,,,,1273.0,1273.0,,,0.0,,,0.0
2025-05-04 21:00:00,,,,,,,1533.0,1533.0,,,0.0,,,0.0
2025-05-04 22:00:00,,,,,,,1273.0,1273.0,,,0.0,,,0.0
2025-05-04 23:00:00,,,,,,,1533.0,1533.0,,,0.0,,,0.0
2025-05-05 00:00:00,,,,,,,1529.0,1529.0,,,0.0,,,0.0
2025-05-05 01:00:00,,,,,,,1529.0,1529.0,,,0.0,,,0.0
2025-05-05 02:00:00,,,,,,,1273.0,1273.0,,,0.0,,,0.0
2025-05-05 03:00:00,,,,,,,1273.0,1273.0,,,0.0,,,0.0
2025-05-05 04:00:00,,,,,,,1273.0,1273.0,,,0.0,,,0.0
2025-05-05 05:00:00,,,,,,,1273.0,1273.0,,,0.0,,,0.0
2025-05-05 06:00:00,,,,,,,1533.0,1533.0,,,0.0,,,0.0
2025-05-05 07:00:00,,,,,,,509.0,509.0,,,0.0,,,0.0
2025-05-05 08:00:00,,,,,,,509.0,509.0,,,0.0,,,0.0
2025-05-05 09:00:00,,,,,,,509.0,509.0,,,0.0,,,0.0
2025-05-05 10:00:00,,,,,,,509.0,509.0,,,0.0,,,0.0
2025-05-05 11:00:00,,,,,,,2297.0,2296.0,0.2626,0.1882,4.0,1.1261,0.010100007,4.0
2025-05-05 12:00:00,,,,,,,509.0,509.0,0.0138,0.0,1.0,1.1366,0.0,1.0
2025-05-05 13:00:00,,,,,,,249.0,249.0,0.0002,0.0002,2.0,,-0.5,0.0
2025-05-05 14:00:00,,,,,,,509.0,509.0,0.0002,0.0,1.0,,-0.5,0.0
2025-05-05 15:00:00,,,,,,,249.0,248.0,0.47559997,0.0,1.0,1.1179999,0.0,1.0
2025-05-05 16:00:00,,,,,,,505.0,504.0,0.4962,0.0964,6.0,1.1111,0.0092999935,6.0
2025-05-05 17:00:00,,,,,,,1533.0,1533.0,0.1012,0.0,1.0,1.1273999,0.0,1.0
2025-05-05 18:00:00,,,,,,,1533.0,1533.0,,,0.0,,,0.0
2025-05-05 19:00:00,,,,,,,1533.0,1533.0,,,0.0,,,0.0
2025-05-05 20:00:00,,,,,,,1529.0,1529.0,,,0.0,,,0.0
2025-05-05 21:00:00,,,,,,,1529.0,1529.0,,,0.0,,,0.0
2025-05-05 22:00:00,,,,,,,1529.0,1529.0,,,0.0,,,0.0
2025-05-05 23:00:00,,,,,,,1533.0,1533.0,,,0.0,,,0.0
2025-05-06 00:00:00,,,,,,,1533.0,1533.0,,,0.0,,,0.0
2025-05-06 01:00:00,,,,,,,1533.0,1533.0,,,0.0,,,0.0
2025-05-06 02:00:00,,,,,,,1533.0,1533.0,,,0.0,,,0.0
2025-05-06 03:00:00,,,,,,,1533.0,1533.0,,,0.0,,,0.0
2025-05-06 04:00:00,,,,,,,1529.0,1529.0,,,0.0,,,0.0
2025-05-06 05:00:00,,,,,,,1533.0,1533.0,,,0.0,,,0.0
2025-05-06 06:00:00,,,,,,,1533.0,1533.0,,,0.0,,,0.0
2025-05-06 07:00:00,,,,,,,509.0,509.0,,,0.0,,,0.0
2025-05-06 08:00:00,,,,,,,509.0,509.0,,,0.0,,,0.0
2025-05-06 09:00:00,,,,,,,509.0,509.0,,,0.0,,,0.0
2025-05-06 10:00:00,,,,,,,509.0,509.0,,,0.0,,,0.0
2025-05-06 11:00:00,,,,,,,509.0,509.0,,,0.0,,,0.0
2025-05-06 12:00:00,,,,,,,509.0,509.0,,,0.0,,,0.0
2025-05-06 13:00:00,,,,,,,509.0,509.0,,,0.0,,,0.0
2025-05-06 14:00:00,,,,,,,509.0,509.0,,,0.0,,,0.0
2025-05-06 15:00:00,,,,,,,509.0,509.0,,,0.0,,,0.0
2025-05-06 16:00:00,,,,,,,509.0,509.0,,,0.0,,,0.0
2025-05-06 17:00:00,,,,,,,1533.0,1533.0,0.3312,0.0,1.0,1.1136,0.0,1.0
2025-05-06 18:00:00,,,,,,,1273.0,1273.0,,,0.0,,,0.0
2025-05-06 19:00:00,,,,,,,1529.0,1529.0,,,0.0,,,0.0
2025-05-06 20:00:00,,,,,,,1533.0,1533.0,,,0.0,,,0.0
2025-05-06 21:00:00,,,,,,,1533.0,1533.0,,,0.0,,,0.0
2025-05-06 22:00:00,,,,,,,1533.0,1533.0,,,0.0,,,0.0
2025-05-06 23:00:00,,,,,,,1529.0,1529.0,,,0.0,,,0.0
2025-05-07 00:00:00,,,,,,,1529.0,1529.0,,,0.0,,,0.0
2025-05-07 01:00:00,,,,,,,1533.0,1533.0,,,0.0,,,0.0
2025-05-07 02:00:00,,,,,,,1533.0,1533.0,,,0.0,,,0.0
2025-05-07 03:00:00,,,,,,,1273.0,1273.0,,,0.0,,,0.0
2025-05-07 04:00:00,,,,,,,1533.0,1533.0,,,0.0,,,0.0
2025-05-07 05:00:00,,,,,,,1529.0,1529.0,,,0.0,,,0.0
2025-05-07 06:00:00,,,,,,,1533.0,1533.0,,,0.0,,,0.0
2025-05-07 07:00:00,,,,,,,509.0,509.0,,,0.0,,,0.0
2025-05-07 08:00:00,,,,,,,509.0,509.0,,,0.0,,,0.0
2025-05-07 09:00:00,,,,,,,509.0,509.0,,,0.0,,,0.0
2025-05-07 10:00:00,,,,,,,509.0,509.0,,,0.0,,,0.0
2025-05-07 11:00:00,,,,,,,509.0,509.0,,,0.0,,,0.0
2025-05-07 12:00:00,,,,,,,509.0,509.0,,,0.0,,,0.0
2025-05-07 13:00:00,,,,,,,509.0,509.0,,,0.0,,,0.0
2025-05-07 14:00:00,,,,,,,509.0,509.0,,,0.0,,,0.0
2025-05-07 15:00:00,,,,,,,509.0,509.0,,,0.0,,,0.0
2025-05-07 16:00:00,,,,,,,509.0,509.0,,,0.0,,,0.0
2025-05-07 17:00:00,,,,,,,1533.0,1533.0,,,0.0,,,0.0
2025-05-07 18:00:00,,,,,,,1529.0,1529.0,,,0.0,,,0.0
2025-05-07 19:00:00,,,,,,,1529.0,1529.0,,,0.0,,,0.0
2025-05-07 20:00:00,,,,,,,1533.0,1533.0,,,0.0,,,0.0
2025-05-07 21:00:00,,,,,,,1529.0,1529.0,,,0.0,,,0.0
2025-05-07 22:00:00,,,,,,,1533.0,1533.0,,,0.0,,,0.0
2025-05-07 23:00:00,,,,,,,1533.0,1533.0,,,0.0,,,0.0
2025-05-08 00:00:00,,,,,,,1533.0,1533.0,,,0.0,,,0.0
2025-05-08 01:00:00,,,,,,,1533.0,1533.0,,,0.0,,,0.0
2025-05-08 02:00:00,,,,,,,1529.0,1529.0,,,0.0,,,0.0
2025-05-08 03:00:00,,,,,,,1533.0,1533.0,,,0.0,,,0.0
2025-05-08 04:00:00,,,,,,,1529.0,1529.0,,,0.0,,,0.0
2025-05-08 05:00:00,,,,,,,1533.0,1533.0,,,0.0,,,0.0
2025-05-08 06:00:00,,,,,,,1533.0,1533.0,,,0.0,,,0.0
2025-05-08 07:00:00,,,,,,,509.0,509.0,,,0.0,,,0.0
2025-05-08 08:00:00,,,,,,,509.0,509.0,,,0.0,,,0.0
2025-05-08 09:00:00,,,,,,,509.0,509.0,,,0.0,,,0.0
2025-05-08 10:00:00,,,,,,,509.0,509.0,1.2478,0.0,1.0,1.0242,0.0,1.0
2025-05-08 11:00:00,,,,,,,509.0,509.0,,,0.0,,,0.0
2025-05-08 12:00:00,,,,,,,509.0,509.0,,,0.0,,,0.0
2025-05-08 13:00:00,,,,,,,2553.0,2552.0,0.2698,0.0,1.0,1.2283,0.0,1.0
2025-05-08 14:00:00,,,,,,,509.0,509.0,0.2908,0.0,1.0,1.2227,0.0,1.0
2025-05-08 15:00:00,,,,,,,505.0,504.0,0.486,0.1898,2.0,1.1794,0.012199998,2.0
2025-05-08 16:00:00,,,,,,,505.0,504.0,0.6006,0.0972,6.0,1.1611999,0.010199964,6.0
2025-05-08 17:00:00,,,,,,,1533.0,1533.0,0.50659996,0.0468,3.0,1.1911,0.0045999885,3.0
2025-05-08 18:00:00,,,,,,,1533.0,1533.0,,,0.0,,,0.0
2025-05-08 19:00:00,,,,,,,1533.0,1533.0,,,0.0,,,0.0
2025-05-08 20:00:00,,,,,,,1533.0,1533.0,,,0.0,,,0.0
2025-05-08 21:00:00,,,,,,,1533.0,1533.0,,,0.0,,,0.0
2025-05-08 22:00:00,,,,,,,1533.0,1533.0,,,0.0,,,0.0
2025-05-08 23:00:00,,,,,,,1529.0,1529.0,,,0.0,,,0.0
2025-05-09 00:00:00,,,,,,,1533.0,1533.0,,,0.0,,,0.0
2025-05-09 01:00:00,,,,,,,1529.0,1529.0,,,0.0,,,0.0
2025-05-09 02:00:00,,,,,,,1533.0,1533.0,,,0.0,,,0.0
2025-05-09 03:00:00,,,,,,,1533.0,1533.0,,,0.0,,,0.0
2025-05-09 04:00:00,,,,,,,1533.0,1533.0,,,0.0,,,0.0
2025-05-09 05:00:00,,,,,,,1533.0,1533.0,,,0.0,,,0.0
2025-05-09 06:00:00,,,,,,,1533.0,1533.0,,,0.0,,,0.0
2025-05-09 07:00:00,,,,,,,509.0,509.0,,,0.0,,,0.0
2025-05-09 08:00:00,,,,,,,509.0,509.0,,,0.0,,,0.0
2025-05-09 09:00:00,,,,,,,509.0,509.0,,,0.0,,,0.0
2025-05-09 10:00:00,,,,,,,509.0,509.0,,,0.0,,,0.0
2025-05-09 11:00:00,,,,,,,509.0,509.0,,,0.0,,,0.0
2025-05-09 12:00:00,,,,,,,509.0,509.0,,,0.0,,,0.0
2025-05-09 13:00:00,,,,,,,509.0,509.0,,,0.0,,,0.0
2025-05-09 14:00:00,,,,,,,509.0,509.0,,,0.0,,,0.0
2025-05-09 15:00:00,,,,,,,509.0,509.0,,,0.0,,,0.0
2025-05-09 16:00:00,,,,,,,509.0,509.0,,,0.0,,,0.0
2025-05-09 17:00:00,,,,,,,1533.0,1533.0,,,0.0,,,0.0
2025-05-09 18:00:00,,,,,,,1533.0,1533.0,,,0.0,,,0.0
2025-05-09 19:00:00,,,,,,,1533.0,1533.0,,,0.0,,,0.0
2025-05-09 20:00:00,,,,,,,1529.0,1529.0,,,0.0,,,0.0
2025-05-09 21:00:00,,,,,,,1529.0,1529.0,,,0.0,,,0.0
2025-05-09 22:00:00,,,,,,,1533.0,1533.0,,,0.0,,,0.0
2025-05-09 23:00:00,,,,,,,1533.0,1533.0,,,0.0,,,0.0
2025-05-10 00:00:00,,,,,,,1533.0,1533.0,,,0.0,,,0.0
2025-05-10 01:00:00,,,,,,,1533.0,1533.0,,,0.0,,,0.0
2025-05-10 02:00:00,,,,,,,1533.0,1533.0,,,0.0,,,0.0
2025-05-10 03:00:00,,,,,,,1529.0,1529.0,,,0.0,,,0.0
2025-05-10 04:00:00,,,,,,,1533.0,1533.0,,,0.0,,,0.0
2025-05-10 05:00:00,,,,,,,1529.0,1529.0,,,0.0,,,0.0
2025-05-10 06:00:00,,,,,,,1533.0,1533.0,,,0.0,,,0.0
2025-05-10 07:00:00,,,,,,,509.0,509.0,,,0.0,,,0.0
2025-05-10 08:00:00,,,,,,,509.0,509.0,,,0.0,,,0.0
2025-05-10 09:00:00,,,,,,,509.0,509.0,,,0.0,,,0.0
2025-05-10 10:00:00,,,,,,,509.0,509.0,,,0.0,,,0.0
2025-05-10 11:00:00,,,,,,,509.0,509.0,,,0.0,,,0.0
2025-05-10 12:00:00,,,,,,,509.0,509.0,,,0.0,,,0.0
2025-05-10 13:00:00,,,,,,,509.0,509.0,,,0.0,,,0.0
2025-05-10 14:00:00,,,,,,,509.0,509.0,,,0.0,,,0.0
2025-05-10 15:00:00,,,,,,,509.0,509.0,,,0.0,,,0.0
2025-05-10 16:00:00,,,,,,,509.0,509.0,,,0.0,,,0.0
2025-05-10 17:00:00,,,,,,,1533.0,1533.0,,,0.0,,,0.0
2025-05-10 18:00:00,,,,,,,1533.0,1533.0,,,0.0,,,0.0
2025-05-10 19:00:00,,,,,,,1533.0,1533.0,,,0.0,,,0.0
2025-05-10 20:00:00,,,,,,,1533.0,1533.0,,,0.0,,,0.0
2025-05-10 21:00:00,,,,,,,1533.0,1533.0,,,0.0,,,0.0
2025-05-10 22:00:00,,,,,,,1533.0,1533.0,,,0.0,,,0.0
2025-05-10 23:00:00,,,,,,,1533.0,1533.0,,,0.0,,,0.0
2025-05-11 00:00:00,,,,,,,1533.0,1533.0,,,0.0,,,0.0
2025-05-11 01:00:00,,,,,,,1533.0,1533.0,,,0.0,,,0.0
2025-05-11 02:00:00,,,,,,,1533.0,1533.0,,,0.0,,,0.0
2025-05-11 03:00:00,,,,,,,1533.0,1533.0,,,0.0,,,0.0
2025-05-11 04:00:00,,,,,,,1533.0,1533.0,,,0.0,,,0.0
2025-05-11 05:00:00,,,,,,,1533.0,1533.0,,,0.0,,,0.0
2025-05-11 06:00:00,,,,,,,1533.0,1533.0,,,0.0,,,0.0
2025-05-11 07:00:00,,,,,,,509.0,509.0,,,0.0,,,0.0
2025-05-11 08:00:00,,,,,,,509.0,509.0,,,0.0,,,0.0
2025-05-11 09:00:00,,,,,,,509.0,509.0,,,0.0,,,0.0
2025-05-11 10:00:00,,,,,,,509.0,509.0,,,0.0,,,0.0
2025-05-11 11:00:00,,,,,,,509.0,509.0,,,0.0,,,0.0
2025-05-11 12:00:00,,,,,,,509.0,509.0,,,0.0,,,0.0
2025-05-11 13:00:00,,,,,,,509.0,509.0,,,0.0,,,0.0
2025-05-11 14:00:00,,,,,,,509.0,509.0,,,0.0,,,0.0
2025-05-11 15:00:00,,,,,,,509.0,509.0,,,0.0,,,0.0
2025-05-11 16:00:00,,,,,,,509.0,509.0,,,0.0,,,0.0
2025-05-11 17:00:00,,,,,,,1533.0,1533.0,,,0.0,,,0.0
2025-05-11 18:00:00,,,,,,,1529.0,1529.0,,,0.0,,,0.0
2025-05-11 19:00:00,,,,,,,1533.0,1533.0,,,0.0,,,0.0
2025-05-11 20:00:00,,,,,,,1529.0,1529.0,,,0.0,,,0.0
2025-05-11 21:00:00,,,,,,,1529.0,1529.0,,,0.0,,,0.0
2025-05-11 22:00:00,,,,,,,1273.0,1273.0,,,0.0,,,0.0
2025-05-11 23:00:00,,,,,,,1273.0,1273.0,,,0.0,,,0.0
2025-05-12 00:00:00,,,,,,,1273.0,1273.0,,,0.0,,,0.0
2025-05-12 01:00:00,,,,,,,1533.0,1533.0,,,0.0,,,0.0
2025-05-12 02:00:00,,,,,,,1273.0,1273.0,,,0.0,,,0.0
2025-05-12 03:00:00,,,,,,,1273.0,1273.0,,,0.0,,,0.0
2025-05-12 04:00:00,,,,,,,1273.0,1273.0,,,0.0,,,0.0
2025-05-12 05:00:00,,,,,,,1273.0,1273.0,,,0.0,,,0.0
2025-05-12 06:00:00,,,,,,,1533.0,1533.0,,,0.0,,,0.0
2025-05-12 07:00:00,,,,,,,509.0,509.0,,,0.0,,,0.0
2025-05-12 08:00:00,,,,,,,509.0,509.0,,,0.0,,,0.0
2025-05-12 09:00:00,,,,,,,509.0,509.0,,,0.0,,,0.0
2025-05-12 10:00:00,,,,,,,509.0,509.0,,,0.0,,,0.0
2025-05-12 11:00:00,,,,,,,509.0,509.0,,,0.0,,,0.0
2025-05-12 12:00:00,,,,,,,509.0,509.0,,,0.0,,,0.0
2025-05-12 13:00:00,,,,,,,509.0,509.0,,,0.0,,,0.0
2025-05-12 14:00:00,,,,,,,509.0,509.0,,,0.0,,,0.0
2025-05-12 15:00:00,,,,,,,509.0,509.0,,,0.0,,,0.0
2025-05-12 16:00:00,,,,,,,509.0,509.0,,,0.0,,,0.0
2025-05-12 17:00:00,,,,,,,1533.0,1533.0,0.031799998,0.019,4.0,1.0946,0.00029999018,3.0
2025-05-12 18:00:00,,,,,,,1273.0,1273.0,,,0.0,,,0.0
2025-05-12 19:00:00,,,,,,,1273.0,1273.0,,,0.0,,,0.0
2025-05-12 20:00:00,,,,,,,1273.0,1273.0,,,0.0,,,0.0
2025-05-12 21:00:00,,,,,,,1273.0,1273.0,,,0.0,,,0.0
2025-05-12 22:00:00,,,,,,,1529.0,1529.0,,,0.0,,,0.0
2025-05-12 23:00:00,,,,,,,1529.0,1529.0,,,0.0,,,0.0
2025-05-13 00:00:00,,,,,,,1273.0,1273.0,,,0.0,,,0.0
2025-05-13 01:00:00,,,,,,,1273.0,1273.0,,,0.0,,,0.0
2025-05-13 02:00:00,,,,,,,1273.0,1273.0,,,0.0,,,0.0
2025-05-13 03:00:00,,,,,,,1273.0,1273.0,,,0.0,,,0.0
2025-05-13 04:00:00,,,,,,,1273.0,1273.0,,,0.0,,,0.0
2025-05-13 05:00:00,,,,,,,1533.0,1533.0,,,0.0,,,0.0
2025-05-13 06:00:00,,,,,,,1533.0,1533.0,,,0.0,,,0.0
2025-05-13 07:00:00,,,,,,,2553.0,2552.0,0.5546,0.0,1.0,1.0999,0.0,1.0
2025-05-13 08:00:00,,,,,,,2553.0,2552.0,0.49519998,0.2916,2.0,1.1298,0.04759997,2.0
2025-05-13 09:00:00,,,,,,,509.0,509.0,0.1604,0.0308,5.0,1.1759,0.002399981,5.0
2025-05-13 10:00:00,,,,,,,509.0,509.0,,,0.0,,,0.0
2025-05-13 11:00:00,,,,,,,249.0,248.0,0.081999995,0.060599998,2.0,1.1657,0.0018999577,2.0
2025-05-13 12:00:00,,,,,,,249.0,249.0,0.1266,0.0312,3.0,1.1909,0.008000016,3.0
2025-05-13 13:00:00,,,,,,,249.0,248.0,0.15079999,0.0914,4.0,1.1911,0.008300006,4.0
2025-05-13 14:00:00,0.4418,,,,,,453.0,509.0,0.42639998,0.1378,5.0,1.1105,0.09529996,5.0
2025-05-13 15:00:00,0.41959998,,,,,,193.0,249.0,,,0.0,,,0.0
2025-05-13 16:00:00,0.4166,,,,,,193.0,248.0,0.38,0.0,1.0,1.1452999,0.0,1.0
2025-05-13 17:00:00,,,,,,,1533.0,1533.0,0.4166,0.0206,4.0,1.1502999,0.0034999847,4.0
2025-05-13 18:00:00,,,,,,,1273.0,1273.0,,,0.0,,,0.0
2025-05-13 19:00:00,,,,,,,1529.0,1529.0,,,0.0,,,0.0
2025-05-13 20:00:00,,,,,,,1529.0,1529.0,,,0.0,,,0.0
2025-05-13 21:00:00,,,,,,,1529.0,1529.0,,,0.0,,,0.0
2025-05-13 22:00:00,,,,,,,1273.0,1273.0,,,0.0,,,0.0
2025-05-13 23:00:00,,,,,,,1533.0,1533.0,,,0.0,,,0.0
2025-05-14 00:00:00,,,,,,,1273.0,1273.0,,,0.0,,,0.0
2025-05-14 01:00:00,,,,,,,1273.0,1273.0,,,0.0,,,0.0
2025-05-14 02:00:00,,,,,,,1273.0,1273.0,,,0.0,,,0.0
2025-05-14 03:00:00,,,,,,,1529.0,1529.0,,,0.0,,,0.0
2025-05-14 04:00:00,,,,,,,1529.0,1529.0,,,0.0,,,0.0
2025-05-14 05:00:00,,,,,,,1529.0,1529.0,,,0.0,,,0.0
2025-05-14 06:00:00,,,,,,,1529.0,1529.0,,,0.0,,,0.0
2025-05-14 07:00:00,,,,,,,509.0,509.0,,,0.0,,,0.0
2025-05-14 08:00:00,,,,,,,509.0,509.0,,,0.0,,,0.0
2025-05-14 09:00:00,,,,,,,509.0,509.0,,,0.0,,,0.0
2025-05-14 10:00:00,,,,,,,509.0,509.0,,,0.0,,,0.0
2025-05-14 11:00:00,,,,,,,509.0,509.0,,,0.0,,,0.0
2025-05-14 12:00:00,,,,,,,509.0,509.0,,,0.0,,,0.0
2025-05-14 13:00:00,,,,,,,509.0,509.0,,,0.0,,,0.0
2025-05-14 14:00:00,,,,,,,509.0,509.0,,,0.0,,,0.0
2025-05-14 15:00:00,,,,,,,509.0,509.0,,,0.0,,,0.0
2025-05-14 16:00:00,,,,,,,509.0,509.0,,,0.0,,,0.0
2025-05-14 17:00:00,,,,,,,1533.0,1533.0,,,0.0,,,0.0
2025-05-14 18:00:00,,,,,,,1533.0,1533.0,,,0.0,,,0.0
2025-05-14 19:00:00,,,,,,,1529.0,1529.0,,,0.0,,,0.0
2025-05-14 20:00:00,,,,,,,1533.0,1533.0,,,0.0,,,0.0
2025-05-14 21:00:00,,,,,,,1529.0,1529.0,,,0.0,,,0.0
2025-05-14 22:00:00,,,,,,,1533.0,1533.0,,,0.0,,,0.0
2025-05-14 23:00:00,,,,,,,1533.0,1533.0,,,0.0,,,0.0
2025-05-15 00:00:00,,,,,,,1533.0,1533.0,,,0.0,,,0.0
2025-05-15 01:00:00,,,,,,,1533.0,1533.0,,,0.0,,,0.0
2025-05-15 02:00:00,,,,,,,1533.0,1533.0,,,0.0,,,0.0
2025-05-15 03:00:00,,,,,,,1529.0,1529.0,,,0.0,,,0.0
2025-05-15 04:00:00,,,,,,,1529.0,1529.0,,,0.0,,,0.0
2025-05-15 05:00:00,,,,,,,1533.0,1533.0,,,0.0,,,0.0
2025-05-15 06:00:00,,,,,,,1533.0,1533.0,,,0.0,,,0.0
2025-05-15 07:00:00,,,,,,,509.0,509.0,,,0.0,,,0.0
2025-05-15 08:00:00,,,,,,,509.0,509.0,,,0.0,,,0.0
2025-05-15 09:00:00,,,,,,,509.0,509.0,,,0.0,,,0.0
2025-05-15 10:00:00,,,,,,,509.0,509.0,,,0.0,,,0.0
2025-05-15 11:00:00,,,,,,,509.0,509.0,,,0.0,,,0.0
2025-05-15 12:00:00,,,,,,,509.0,509.0,,,0.0,,,0.0
2025-05-15 13:00:00,,,,,,,509.0,509.0,,,0.0,,,0.0
2025-05-15 14:00:00,,,,,,,509.0,509.0,,,0.0,,,0.0
2025-05-15 15:00:00,,,,,,,509.0,509.0,,,0.0,,,0.0
2025-05-15 16:00:00,,,,,,,509.0,509.0,,,0.0,,,0.0
2025-05-15 17:00:00,,,,,,,1533.0,1533.0,,,0.0,,,0.0
2025-05-15 18:00:00,,,,,,,1533.0,1533.0,,,0.0,,,0.0
2025-05-15 19:00:00,,,,,,,1533.0,1533.0,,,0.0,,,0.0
2025-05-15 20:00:00,,,,,,,1533.0,1533.0,,,0.0,,,0.0
2025-05-15 21:00:00,,,,,,,1533.0,1533.0,,,0.0,,,0.0
2025-05-15 22:00:00,,,,,,,1533.0,1533.0,,,0.0,,,0.0
2025-05-15 23:00:00,,,,,,,1533.0,1533.0,,,0.0,,,0.0
2025-05-16 00:00:00,,,,,,,1533.0,1533.0,,,0.0,,,0.0
2025-05-16 01:00:00,,,,,,,1533.0,1533.0,,,0.0,,,0.0
2025-05-16 02:00:00,,,,,,,1533.0,1533.0,,,0.0,,,0.0
2025-05-16 03:00:00,,,,,,,1529.0,1529.0,,,0.0,,,0.0
2025-05-16 04:00:00,,,,,,,1533.0,1533.0,,,0.0,,,0.0
2025-05-16 05:00:00,,,,,,,1533.0,1533.0,,,0.0,,,0.0
2025-05-16 06:00:00,,,,,,,1533.0,1533.0,,,0.0,,,0.0
2025-05-16 07:00:00,,,,,,,509.0,509.0,,,0.0,,,0.0
2025-05-16 08:00:00,,,,,,,509.0,509.0,,,0.0,,,0.0
2025-05-16 09:00:00,,,,,,,509.0,509.0,,,0.0,,,0.0
2025-05-16 10:00:00,,,,,,,509.0,509.0,,,0.0,,,0.0
2025-05-16 11:00:00,,,,,,,509.0,509.0,,,0.0,,,0.0
2025-05-16 12:00:00,,,,,,,509.0,509.0,,,0.0,,,0.0
2025-05-16 13:00:00,,,,,,,509.0,509.0,,,0.0,,,0.0
2025-05-16 14:00:00,,,,,,,509.0,509.0,,,0.0,,,0.0
2025-05-16 15:00:00,,,,,,,509.0,509.0,,,0.0,,,0.0
2025-05-16 16:00:00,,,,,,,509.0,509.0,,,0.0,,,0.0
2025-05-16 17:00:00,,,,,,,1533.0,1533.0,,,0.0,,,0.0
2025-05-16 18:00:00,,,,,,,1533.0,1533.0,,,0.0,,,0.0
2025-05-16 19:00:00,,,,,,,1529.0,1529.0,,,0.0,,,0.0
2025-05-16 20:00:00,,,,,,,1533.0,1533.0,,,0.0,,,0.0
2025-05-16 21:00:00,,,,,,,1533.0,1533.0,,,0.0,,,0.0
2025-05-16 22:00:00,,,,,,,1533.0,1533.0,,,0.0,,,0.0
2025-05-16 23:00:00,,,,,,,1529.0,1529.0,,,0.0,,,0.0
2025-05-17 00:00:00,,,,,,,1533.0,1533.0,,,0.0,,,0.0
2025-05-17 01:00:00,,,,,,,1529.0,1529.0,,,0.0,,,0.0
2025-05-17 02:00:00,,,,,,,1533.0,1533.0,,,0.0,,,0.0
2025-05-17 03:00:00,,,,,,,1533.0,1533.0,,,0.0,,,0.0
2025-05-17 04:00:00,,,,,,,1533.0,1533.0,,,0.0,,,0.0
2025-05-17 05:00:00,,,,,,,1533.0,1533.0,,,0.0,,,0.0
2025-05-17 06:00:00,,,,,,,1533.0,1533.0,,,0.0,,,0.0
2025-05-17 07:00:00,,,,,,,509.0,509.0,,,0.0,,,0.0
2025-05-17 08:00:00,,,,,,,509.0,509.0,,,0.0,,,0.0
2025-05-17 09:00:00,,,,,,,509.0,509.0,,,0.0,,,0.0
2025-05-17 10:00:00,,,,,,,509.0,509.0,,,0.0,,,0.0
2025-05-17 11:00:00,,,,,,,509.0,509.0,,,0.0,,,0.0
2025-05-17 12:00:00,,,,,,,509.0,509.0,,,0.0,,,0.0
2025-05-17 13:00:00,,,,,,,509.0,509.0,,,0.0,,,0.0
2025-05-17 14:00:00,,,,,,,509.0,509.0,,,0.0,,,0.0
2025-05-17 15:00:00,,,,,,,509.0,509.0,,,0.0,,,0.0
2025-05-17 16:00:00,,,,,,,509.0,509.0,,,0.0,,,0.0
2025-05-17 17:00:00,,,,,,,1533.0,1533.0,,,0.0,,,0.0
2025-05-17 18:00:00,,,,,,,1533.0,1533.0,,,0.0,,,0.0
2025-05-17 19:00:00,,,,,,,1529.0,1529.0,,,0.0,,,0.0
2025-05-17 20:00:00,,,,,,,1529.0,1529.0,,,0.0,,,0.0
2025-05-17 21:00:00,,,,,,,1529.0,1529.0,,,0.0,,,0.0
2025-05-17 22:00:00,,,,,,,1529.0,1529.0,,,0.0,,,0.0
2025-05-17 23:00:00,,,,,,,1533.0,1533.0,,,0.0,,,0.0
2025-05-18 00:00:00,,,,,,,1533.0,1533.0,,,0.0,,,0.0
2025-05-18 01:00:00,,,,,,,1533.0,1533.0,,,0.0,,,0.0
2025-05-18 02:00:00,,,,,,,1533.0,1533.0,,,0.0,,,0.0
2025-05-18 03:00:00,,,,,,,1533.0,1533.0,,,0.0,,,0.0
2025-05-18 04:00:00,,,,,,,1533.0,1533.0,,,0.0,,,0.0
2025-05-18 05:00:00,,,,,,,1533.0,1533.0,,,0.0,,,0.0
2025-05-18 06:00:00,,,,,,,1533.0,1533.0,,,0.0,,,0.0
2025-05-18 07:00:00,,,,,,,509.0,509.0,,,0.0,,,0.0
2025-05-18 08:00:00,,,,,,,509.0,509.0,,,0.0,,,0.0
2025-05-18 09:00:00,,,,,,,509.0,509.0,0.18239999,0.14019999,2.0,0.81859994,0.08739996,2.0
2025-05-18 10:00:00,,,,,,,509.0,509.0,,,0.0,,,0.0
2025-05-18 11:00:00,,,,,,,509.0,509.0,,,0.0,,,0.0
2025-05-18 12:00:00,,,,,,,509.0,509.0,,,0.0,,,0.0
2025-05-18 13:00:00,,,,,,,509.0,509.0,,,0.0,,,0.0
2025-05-18 14:00:00,,,,,,,509.0,509.0,,,0.0,,,0.0
2025-05-18 15:00:00,,,,,,,2553.0,2552.0,0.3098,0.0,1.0,1.2837,0.0,1.0
2025-05-18 16:00:00,,,,,,,509.0,509.0,0.1542,0.0,1.0,0.6896,0.0,1.0
2025-05-18 17:00:00,,,,,,,1533.0,1533.0,,,0.0,,,0.0
2025-05-18 18:00:00,,,,,,,1533.0,1533.0,,,0.0,,,0.0
2025-05-18 19:00:00,,,,,,,1533.0,1533.0,,,0.0,,,0.0
2025-05-18 20:00:00,,,,,,,1533.0,1533.0,,,0.0,,,0.0
2025-05-18 21:00:00,,,,,,,1533.0,1533.0,,,0.0,,,0.0
2025-05-18 22:00:00,,,,,,,1529.0,1529.0,,,0.0,,,0.0
2025-05-18 23:00:00,,,,,,,1529.0,1529.0,,,0.0,,,0.0
2025-05-19 00:00:00,,,,,,,1533.0,1533.0,,,0.0,,,0.0
2025-05-19 01:00:00,,,,,,,1529.0,1529.0,,,0.0,,,0.0
2025-05-19 02:00:00,,,,,,,1533.0,1533.0,,,0.0,,,0.0
2025-05-19 03:00:00,,,,,,,1533.0,1533.0,,,0.0,,,0.0
2025-05-19 04:00:00,,,,,,,1533.0,1533.0,,,0.0,,,0.0
2025-05-19 05:00:00,,,,,,,1533.0,1533.0,,,0.0,,,0.0
2025-05-19 06:00:00,,,,,,,1533.0,1533.0,,,0.0,,,0.0
2025-05-19 07:00:00,,,,,,,509.0,509.0,,,0.0,,,0.0
2025-05-19 08:00:00,,,,,,,509.0,509.0,,,0.0,,,0.0
2025-05-19 09:00:00,,,,,,,509.0,509.0,,,0.0,,,0.0
2025-05-19 10:00:00,,,,,,,509.0,509.0,,,0.0,,,0.0
2025-05-19 11:00:00,,,,,,,509.0,509.0,,,0.0,,,0.0
2025-05-19 12:00:00,,,,,,,509.0,509.0,,,0.0,,,0.0
2025-05-19 13:00:00,,,,,,,509.0,509.0,,,0.0,,,0.0
2025-05-19 14:00:00,,,,,,,509.0,509.0,,,0.0,,,0.0
2025-05-19 15:00:00,,,,,,,509.0,509.0,,,0.0,,,0.0
2025-05-19 16:00:00,,,,,,,509.0,509.0,,,0.0,,,0.0
2025-05-19 17:00:00,,,,,,,1533.0,1533.0,,,0.0,,,0.0
2025-05-19 18:00:00,,,,,,,1533.0,1533.0,,,0.0,,,0.0
2025-05-19 19:00:00,,,,,,,1533.0,1533.0,,,0.0,,,0.0
2025-05-19 20:00:00,,,,,,,1529.0,1529.0,,,0.0,,,0.0
2025-05-19 21:00:00,,,,,,,1533.0,1533.0,,,0.0,,,0.0
2025-05-19 22:00:00,,,,,,,1529.0,1529.0,,,0.0,,,0.0
2025-05-19 23:00:00,,,,,,,1533.0,1533.0,,,0.0,,,0.0
2025-05-20 00:00:00,,,,,,,1273.0,1273.0,,,0.0,,,0.0
2025-05-20 01:00:00,,,,,,,1533.0,1533.0,,,0.0,,,0.0
2025-05-20 02:00:00,,,,,,,1529.0,1529.0,,,0.0,,,0.0
2025-05-20 03:00:00,,,,,,,1533.0,1533.0,,,0.0,,,0.0
2025-05-20 04:00:00,,,,,,,1533.0,1533.0,,,0.0,,,0.0
2025-05-20 05:00:00,,,,,,,1533.0,1533.0,,,0.0,,,0.0
2025-05-20 06:00:00,,,,,,,1533.0,1533.0,,,0.0,,,0.0
2025-05-20 07:00:00,,,,,,,509.0,509.0,,,0.0,,,0.0
2025-05-20 08:00:00,,,,,,,509.0,509.0,,,0.0,,,0.0
2025-05-20 09:00:00,,,,,,,509.0,509.0,,,0.0,,,0.0
2025-05-20 10:00:00,,,,,,,509.0,509.0,,,0.0,,,0.0
2025-05-20 11:00:00,,,,,,,509.0,509.0,,,0.0,,,0.0
2025-05-20 12:00:00,,,,,,,509.0,509.0,,,0.0,,,0.0
2025-05-20 13:00:00,,,,,,,509.0,509.0,,,0.0,,,0.0
2025-05-20 14:00:00,,,,,,,509.0,509.0,,,0.0,,,0.0
2025-05-20 15:00:00,,,,,,,509.0,509.0,,,0.0,,,0.0
2025-05-20 16:00:00,,,,,,,509.0,509.0,,,0.0,,,0.0
2025-05-20 17:00:00,,,,,,,1533.0,1533.0,,,0.0,,,0.0
2025-05-20 18:00:00,,,,,,,1533.0,1533.0,,,0.0,,,0.0
2025-05-20 19:00:00,,,,,,,1529.0,1529.0,,,0.0,,,0.0
2025-05-20 20:00:00,,,,,,,1529.0,1529.0,,,0.0,,,0.0
2025-05-20 21:00:00,,,,,,,1273.0,1273.0,,,0.0,,,0.0
2025-05-20 22:00:00,,,,,,,1533.0,1533.0,,,0.0,,,0.0
2025-05-20 23:00:00,,,,,,,1533.0,1533.0,,,0.0,,,0.0
2025-05-21 00:00:00,,,,,,,1533.0,1533.0,,,0.0,,,0.0
2025-05-21 01:00:00,,,,,,,1533.0,1533.0,,,0.0,,,0.0
2025-05-21 02:00:00,,,,,,,1533.0,1533.0,,,0.0,,,0.0
2025-05-21 03:00:00,,,,,,,1533.0,1533.0,,,0.0,,,0.0
2025-05-21 04:00:00,,,,,,,1529.0,1529.0,,,0.0,,,0.0
2025-05-21 05:00:00,,,,,,,1533.0,1533.0,,,0.0,,,0.0
2025-05-21 06:00:00,,,,,,,1533.0,1533.0,,,0.0,,,0.0
2025-05-21 07:00:00,,,,,,,509.0,509.0,,,0.0,,,0.0
2025-05-21 08:00:00,,,,,,,509.0,509.0,,,0.0,,,0.0
2025-05-21 09:00:00,,,,,,,509.0,509.0,,,0.0,,,0.0
2025-05-21 10:00:00,,,,,,,509.0,509.0,,,0.0,,,0.0
2025-05-21 11:00:00,,,,,,,509.0,509.0,,,0.0,,,0.0
2025-05-21 12:00:00,,,,,,,509.0,509.0,,,0.0,,,0.0
2025-05-21 13:00:00,,,,,,,509.0,509.0,,,0.0,,,0.0
2025-05-21 14:00:00,,,,,,,509.0,509.0,,,0.0,,,0.0
2025-05-21 15:00:00,,,,,,,509.0,509.0,,,0.0,,,0.0
2025-05-21 16:00:00,,,,,,,509.0,509.0,,,0.0,,,0.0
2025-05-21 17:00:00,,,,,,,1533.0,1533.0,0.5604,0.0,1.0,1.0295,0.0,1.0
2025-05-21 18:00:00,,,,,,,1533.0,1533.0,,,0.0,,,0.0
2025-05-21 19:00:00,,,,,,,1533.0,1533.0,,,0.0,,,0.0
2025-05-21 20:00:00,,,,,,,1529.0,1529.0,,,0.0,,,0.0
2025-05-21 21:00:00,,,,,,,1529.0,1529.0,,,0.0,,,0.0
2025-05-21 22:00:00,,,,,,,1529.0,1529.0,,,0.0,,,0.0
2025-05-21 23:00:00,,,,,,,1533.0,1533.0,,,0.0,,,0.0
2025-05-22 00:00:00,,,,,,,1533.0,1533.0,,,0.0,,,0.0
2025-05-22 01:00:00,,,,,,,1533.0,1533.0,,,0.0,,,0.0
2025-05-22 02:00:00,,,,,,,1529.0,1529.0,,,0.0,,,0.0
2025-05-22 03:00:00,,,,,,,1533.0,1533.0,,,0.0,,,0.0
2025-05-22 04:00:00,,,,,,,1533.0,1533.0,,,0.0,,,0.0
2025-05-22 05:00:00,,,,,,,1529.0,1529.0,,,0.0,,,0.0
2025-05-22 06:00:00,,,,,,,1533.0,1533.0,,,0.0,,,0.0
2025-05-22 07:00:00,,,,,,,509.0,509.0,,,0.0,,,0.0
2025-05-22 08:00:00,,,,,,,509.0,509.0,,,0.0,,,0.0
2025-05-22 09:00:00,,,,,,,509.0,509.0,,,0.0,,,0.0
2025-05-22 10:00:00,,,,,,,509.0,509.0,,,0.0,,,0.0
2025-05-22 11:00:00,,,,,,,509.0,509.0,,,0.0,,,0.0
2025-05-22 12:00:00,,,,,,,509.0,509.0,,,0.0,,,0.0
2025-05-22 13:00:00,,,,,,,509.0,509.0,,,0.0,,,0.0
2025-05-22 14:00:00,,,,,,,509.0,509.0,,,0.0,,,0.0
2025-05-22 15:00:00,,,,,,,509.0,509.0,,,0.0,,,0.0
2025-05-22 16:00:00,,,,,,,509.0,509.0,,,0.0,,,0.0
2025-05-22 17:00:00,,,,,,,509.0,509.0,0.06,0.0,1.0,1.1151999,0.0,1.0
2025-05-22 18:00:00,,,,,,,1533.0,1533.0,,,0.0,,,0.0
2025-05-22 19:00:00,,,,,,,1529.0,1529.0,,,0.0,,,0.0
2025-05-22 20:00:00,,,,,,,1533.0,1533.0,,,0.0,,,0.0
2025-05-22 21:00:00,,,,,,,1529.0,1529.0,,,0.0,,,0.0
2025-05-22 22:00:00,,,,,,,1529.0,1529.0,,,0.0,,,0.0
2025-05-22 23:00:00,,,,,,,1533.0,1533.0,,,0.0,,,0.0
2025-05-23 00:00:00,,,,,,,1533.0,1533.0,,,0.0,,,0.0
2025-05-23 01:00:00,,,,,,,1533.0,1533.0,,,0.0,,,0.0
2025-05-23 02:00:00,,,,,,,1533.0,1533.0,,,0.0,,,0.0
2025-05-23 03:00:00,,,,,,,1533.0,1533.0,,,0.0,,,0.0
2025-05-23 04:00:00,,,,,,,1533.0,1533.0,,,0.0,,,0.0
2025-05-23 05:00:00,,,,,,,1533.0,1533.0,,,0.0,,,0.0
2025-05-23 06:00:00,,,,,,,1533.0,1533.0,,,0.0,,,0.0
2025-05-23 07:00:00,,,,,,,509.0,509.0,,,0.0,,,0.0
2025-05-23 08:00:00,,,,,,,509.0,509.0,,,0.0,,,0.0
2025-05-23 09:00:00,,,,,,,509.0,509.0,,,0.0,,,0.0
2025-05-23 10:00:00,,,,,,,509.0,509.0,,,0.0,,,0.0
2025-05-23 11:00:00,,,,,,,509.0,509.0,,,0.0,,,0.0
2025-05-23 12:00:00,,,,,,,509.0,509.0,,,0.0,,,0.0
2025-05-23 13:00:00,,,,,,,509.0,509.0,,,0.0,,,0.0
2025-05-23 14:00:00,,,,,,,509.0,509.0,,,0.0,,,0.0
2025-05-23 15:00:00,,,,,,,509.0,509.0,,,0.0,,,0.0
2025-05-23 16:00:00,,,,,,,509.0,509.0,,,0.0,,,0.0
2025-05-23 17:00:00,,,,,,,1533.0,1533.0,,,0.0,,,0.0
2025-05-23 18:00:00,,,,,,,1533.0,1533.0,,,0.0,,,0.0
2025-05-23 19:00:00,,,,,,,1533.0,1533.0,,,0.0,,,0.0
2025-05-23 20:00:00,,,,,,,1273.0,1273.0,,,0.0,,,0.0
2025-05-23 21:00:00,,,,,,,1533.0,1533.0,,,0.0,,,0.0
2025-05-23 22:00:00,,,,,,,1533.0,1533.0,,,0.0,,,0.0
2025-05-23 23:00:00,,,,,,,1529.0,1529.0,,,0.0,,,0.0
2025-05-24 00:00:00,,,,,,,1533.0,1533.0,,,0.0,,,0.0
2025-05-24 01:00:00,,,,,,,1533.0,1533.0,,,0.0,,,0.0
2025-05-24 02:00:00,,,,,,,1529.0,1529.0,,,0.0,,,0.0
2025-05-24 03:00:00,,,,,,,1529.0,1529.0,,,0.0,,,0.0
2025-05-24 04:00:00,,,,,,,1533.0,1533.0,,,0.0,,,0.0
2025-05-24 05:00:00,,,,,,,1533.0,1533.0,,,0.0,,,0.0
2025-05-24 06:00:00,,,,,,,1533.0,1533.0,,,0.0,,,0.0
2025-05-24 07:00:00,,,,,,,509.0,509.0,,,0.0,,,0.0
2025-05-24 08:00:00,,,,,,,509.0,509.0,,,0.0,,,0.0
2025-05-24 09:00:00,,,,,,,509.0,509.0,,,0.0,,,0.0
2025-05-24 10:00:00,,,,,,,509.0,509.0,,,0.0,,,0.0
2025-05-24 11:00:00,,,,,,,509.0,509.0,,,0.0,,,0.0
2025-05-24 12:00:00,,,,,,,509.0,509.0,,,0.0,,,0.0
2025-05-24 13:00:00,,,,,,,509.0,509.0,,,0.0,,,0.0
2025-05-24 14:00:00,,,,,,,509.0,509.0,,,0.0,,,0.0
2025-05-24 15:00:00,,,,,,,509.0,509.0,,,0.0,,,0.0
2025-05-24 16:00:00,,,,,,,509.0,509.0,,,0.0,,,0.0
2025-05-24 17:00:00,,,,,,,1533.0,1533.0,,,0.0,,,0.0
2025-05-24 18:00:00,,,,,,,1533.0,1533.0,,,0.0,,,0.0
2025-05-24 19:00:00,,,,,,,1533.0,1533.0,,,0.0,,,0.0
2025-05-24 20:00:00,,,,,,,1533.0,1533.0,,,0.0,,,0.0
2025-05-24 21:00:00,,,,,,,1529.0,1529.0,,,0.0,,,0.0
2025-05-24 22:00:00,,,,,,,1273.0,1273.0,,,0.0,,,0.0
2025-05-24 23:00:00,,,,,,,1533.0,1533.0,,,0.0,,,0.0
2025-05-25 00:00:00,,,,,,,1273.0,1273.0,,,0.0,,,0.0
2025-05-25 01:00:00,,,,,,,1533.0,1533.0,,,0.0,,,0.0
2025-05-25 02:00:00,,,,,,,1529.0,1529.0,,,0.0,,,0.0
2025-05-25 03:00:00,,,,,,,1529.0,1529.0,,,0.0,,,0.0
2025-05-25 04:00:00,,,,,,,1529.0,1529.0,,,0.0,,,0.0
2025-05-25 05:00:00,,,,,,,1533.0,1533.0,,,0.0,,,0.0
2025-05-25 06:00:00,,,,,,,1533.0,1533.0,,,0.0,,,0.0
2025-05-25 07:00:00,,,,,,,509.0,509.0,,,0.0,,,0.0
2025-05-25 08:00:00,,,,,,,509.0,509.0,,,0.0,,,0.0
2025-05-25 09:00:00,,,,,,,509.0,509.0,,,0.0,,,0.0
2025-05-25 10:00:00,,,,,,,509.0,509.0,,,0.0,,,0.0
2025-05-25 11:00:00,,,,,,,509.0,509.0,,,0.0,,,0.0
2025-05-25 12:00:00,,,,,,,509.0,509.0,,,0.0,,,0.0
2025-05-25 13:00:00,,,,,,,509.0,509.0,,,0.0,,,0.0
2025-05-25 14:00:00,,,,,,,509.0,509.0,,,0.0,,,0.0
2025-05-25 15:00:00,,,,,,,509.0,509.0,,,0.0,,,0.0
2025-05-25 16:00:00,,,,,,,509.0,509.0,,,0.0,,,0.0
2025-05-25 17:00:00,,,,,,,1533.0,1533.0,,,0.0,,,0.0
2025-05-25 18:00:00,,,,,,,1533.0,1533.0,,,0.0,,,0.0
2025-05-25 19:00:00,,,,,,,1273.0,1273.0,,,0.0,,,0.0
2025-05-25 20:00:00,,,,,,,1273.0,1273.0,,,0.0,,,0.0
2025-05-25 21:00:00,,,,,,,1529.0,1529.0,,,0.0,,,0.0
2025-05-25 22:00:00,,,,,,,1533.0,1533.0,,,0.0,,,0.0
2025-05-25 23:00:00,,,,,,,1533.0,1533.0,,,0.0,,,0.0
2025-05-26 00:00:00,,,,,,,1273.0,1273.0,,,0.0,,,0.0
2025-05-26 01:00:00,,,,,,,1533.0,1533.0,,,0.0,,,0.0
2025-05-26 02:00:00,,,,,,,1529.0,1529.0,,,0.0,,,0.0
2025-05-26 03:00:00,,,,,,,1533.0,1533.0,,,0.0,,,0.0
2025-05-26 04:00:00,,,,,,,1533.0,1533.0,,,0.0,,,0.0
2025-05-26 05:00:00,,,,,,,1529.0,1529.0,,,0.0,,,0.0
2025-05-26 06:00:00,,,,,,,1533.0,1533.0,,,0.0,,,0.0
2025-05-26 07:00:00,,,,,,,509.0,509.0,,,0.0,,,0.0
2025-05-26 08:00:00,,,,,,,509.0,509.0,,,0.0,,,0.0
2025-05-26 09:00:00,,,,,,,509.0,509.0,,,0.0,,,0.0
2025-05-26 10:00:00,,,,,,,509.0,509.0,,,0.0,,,0.0
2025-05-26 11:00:00,,,,,,,509.0,509.0,,,0.0,,,0.0
2025-05-26 12:00:00,,,,,,,509.0,509.0,,,0.0,,,0.0
2025-05-26 13:00:00,,,,,,,509.0,509.0,,,0.0,,,0.0
2025-05-26 14:00:00,,,,,,,509.0,509.0,,,0.0,,,0.0
2025-05-26 15:00:00,,,,,,,509.0,509.0,,,0.0,,,0.0
2025-05-26 16:00:00,,,,,,,509.0,509.0,,,0.0,,,0.0
2025-05-26 17:00:00,,,,,,,1533.0,1533.0,,,0.0,,,0.0
2025-05-26 18:00:00,,,,,,,1533.0,1533.0,,,0.0,,,0.0
2025-05-26 19:00:00,,,,,,,1273.0,1273.0,,,0.0,,,0.0
2025-05-26 20:00:00,,,,,,,1533.0,1533.0,,,0.0,,,0.0
2025-05-26 21:00:00,,,,,,,1533.0,1533.0,,,0.0,,,0.0
2025-05-26 22:00:00,,,,,,,1273.0,1273.0,,,0.0,,,0.0
2025-05-26 23:00:00,,,,,,,1529.0,1529.0,,,0.0,,,0.0
2025-05-27 00:00:00,,,,,,,1529.0,1529.0,,,0.0,,,0.0
2025-05-27 01:00:00,,,,,,,1533.0,1533.0,,,0.0,,,0.0
2025-05-27 02:00:00,,,,,,,1529.0,1529.0,,,0.0,,,0.0
2025-05-27 03:00:00,,,,,,,1533.0,1533.0,,,0.0,,,0.0
2025-05-27 04:00:00,,,,,,,1533.0,1533.0,,,0.0,,,0.0
2025-05-27 05:00:00,,,,,,,1533.0,1533.0,,,0.0,,,0.0
2025-05-27 06:00:00,,,,,,,1533.0,1533.0,,,0.0,,,0.0
2025-05-27 07:00:00,,,,,,,509.0,509.0,,,0.0,,,0.0
2025-05-27 08:00:00,,,,,,,509.0,509.0,,,0.0,,,0.0
2025-05-27 09:00:00,,,,,,,509.0,509.0,,,0.0,,,0.0
2025-05-27 10:00:00,,,,,,,509.0,509.0,,,0.0,,,0.0
2025-05-27 11:00:00,,,,,,,509.0,509.0,,,0.0,,,0.0
2025-05-27 12:00:00,,,,,,,509.0,509.0,,,0.0,,,0.0
2025-05-27 13:00:00,,,,,,,509.0,509.0,,,0.0,,,0.0
2025-05-27 14:00:00,,,,,,,509.0,509.0,,,0.0,,,0.0
2025-05-27 15:00:00,,,,,,,509.0,509.0,,,0.0,,,0.0
2025-05-27 16:00:00,,,,,,,509.0,509.0,,,0.0,,,0.0
2025-05-27 17:00:00,,,,,,,1533.0,1533.0,,,0.0,,,0.0
2025-05-27 18:00:00,,,,,,,1533.0,1533.0,,,0.0,,,0.0
2025-05-27 19:00:00,,,,,,,1533.0,1533.0,,,0.0,,,0.0
2025-05-27 20:00:00,,,,,,,1533.0,1533.0,,,0.0,,,0.0
2025-05-27 21:00:00,,,,,,,1529.0,1529.0,,,0.0,,,0.0
2025-05-27 22:00:00,,,,,,,1533.0,1533.0,,,0.0,,,0.0
2025-05-27 23:00:00,,,,,,,1533.0,1533.0,,,0.0,,,0.0
2025-05-28 00:00:00,,,,,,,1533.0,1533.0,,,0.0,,,0.0
2025-05-28 01:00:00,,,,,,,1533.0,1533.0,,,0.0,,,0.0
2025-05-28 02:00:00,,,,,,,1533.0,1533.0,,,0.0,,,0.0
2025-05-28 03:00:00,,,,,,,1533.0,1533.0,,,0.0,,,0.0
2025-05-28 04:00:00,,,,,,,1533.0,1533.0,,,0.0,,,0.0
2025-05-28 05:00:00,,,,,,,1533.0,1533.0,,,0.0,,,0.0
2025-05-28 06:00:00,,,,,,,1533.0,1533.0,,,0.0,,,0.0
2025-05-28 07:00:00,,,,,,,509.0,509.0,,,0.0,,,0.0
2025-05-28 08:00:00,,,,,,,509.0,509.0,,,0.0,,,0.0
2025-05-28 09:00:00,,,,,,,509.0,509.0,,,0.0,,,0.0
2025-05-28 10:00:00,,,,,,,509.0,509.0,,,0.0,,,0.0
2025-05-28 11:00:00,,,,,,,509.0,509.0,,,0.0,,,0.0
2025-05-28 12:00:00,,,,,,,509.0,509.0,,,0.0,,,0.0
2025-05-28 13:00:00,,,,,,,509.0,509.0,,,0.0,,,0.0
2025-05-28 14:00:00,,,,,,,509.0,509.0,,,0.0,,,0.0
2025-05-28 15:00:00,,,,,,,509.0,509.0,,,0.0,,,0.0
2025-05-28 16:00:00,,,,,,,509.0,509.0,,,0.0,,,0.0
2025-05-28 17:00:00,,,,,,,1533.0,1533.0,,,0.0,,,0.0
2025-05-28 18:00:00,,,,,,,1533.0,1533.0,,,0.0,,,0.0
2025-05-28 19:00:00,,,,,,,1533.0,1533.0,,,0.0,,,0.0
2025-05-28 20:00:00,,,,,,,1529.0,1529.0,,,0.0,,,0.0
2025-05-28 21:00:00,,,,,,,1529.0,1529.0,,,0.0,,,0.0
2025-05-28 22:00:00,,,,,,,1533.0,1533.0,,,0.0,,,0.0
2025-05-28 23:00:00,,,,,,,1533.0,1533.0,,,0.0,,,0.0
2025-05-29 00:00:00,,,,,,,1533.0,1533.0,,,0.0,,,0.0
2025-05-29 01:00:00,,,,,,,1533.0,1533.0,,,0.0,,,0.0
2025-05-29 02:00:00,,,,,,,1533.0,1533.0,,,0.0,,,0.0
2025-05-29 03:00:00,,,,,,,1533.0,1533.0,,,0.0,,,0.0
2025-05-29 04:00:00,,,,,,,1533.0,1533.0,,,0.0,,,0.0
2025-05-29 05:00:00,,,,,,,1533.0,1533.0,,,0.0,,,0.0
2025-05-29 06:00:00,,,,,,,1533.0,1533.0,,,0.0,,,0.0
2025-05-29 07:00:00,,,,,,,509.0,509.0,,,0.0,,,0.0
2025-05-29 08:00:00,,,,,,,509.0,509.0,,,0.0,,,0.0
2025-05-29 09:00:00,,,,,,,509.0,509.0,,,0.0,,,0.0
2025-05-29 10:00:00,,,,,,,509.0,509.0,,,0.0,,,0.0
2025-05-29 11:00:00,,,,,,,509.0,509.0,,,0.0,,,0.0
2025-05-29 12:00:00,,,,,,,509.0,509.0,,,0.0,,,0.0
2025-05-29 13:00:00,,,,,,,509.0,509.0,,,0.0,,,0.0
2025-05-29 14:00:00,,,,,,,509.0,509.0,,,0.0,,,0.0
2025-05-29 15:00:00,,,,,,,509.0,509.0,,,0.0,,,0.0
2025-05-29 16:00:00,,,,,,,509.0,509.0,,,0.0,,,0.0
2025-05-29 17:00:00,,,,,,,1533.0,1533.0,,,0.0,,,0.0
2025-05-29 18:00:00,,,,,,,1533.0,1533.0,,,0.0,,,0.0
2025-05-29 19:00:00,,,,,,,1533.0,1533.0,,,0.0,,,0.0
2025-05-29 20:00:00,,,,,,,1533.0,1533.0,,,0.0,,,0.0
2025-05-29 21:00:00,,,,,,,1529.0,1529.0,,,0.0,,,0.0
2025-05-29 22:00:00,,,,,,,1529.0,1529.0,,,0.0,,,0.0
2025-05-29 23:00:00,,,,,,,1533.0,1533.0,,,0.0,,,0.0
2025-05-30 00:00:00,,,,,,,1529.0,1529.0,,,0.0,,,0.0
2025-05-30 01:00:00,,,,,,,1533.0,1533.0,,,0.0,,,0.0
2025-05-30 02:00:00,,,,,,,1533.0,1533.0,,,0.0,,,0.0
2025-05-30 03:00:00,,,,,,,1533.0,1533.0,,,0.0,,,0.0
2025-05-30 04:00:00,,,,,,,1533.0,1533.0,,,0.0,,,0.0
2025-05-30 05:00:00,,,,,,,1533.0,1533.0,,,0.0,,,0.0
2025-05-30 06:00:00,,,,,,,1533.0,1533.0,,,0.0,,,0.0
2025-05-30 07:00:00,,,,,,,509.0,509.0,,,0.0,,,0.0
2025-05-30 08:00:00,,,,,,,509.0,509.0,,,0.0,,,0.0
2025-05-30 09:00:00,,,,,,,509.0,509.0,,,0.0,,,0.0
2025-05-30 10:00:00,,,,,,,509.0,509.0,,,0.0,,,0.0
2025-05-30 11:00:00,,,,,,,509.0,509.0,,,0.0,,,0.0
2025-05-30 12:00:00,,,,,,,509.0,509.0,,,0.0,,,0.0
2025-05-30 13:00:00,,,,,,,509.0,509.0,,,0.0,,,0.0
2025-05-30 14:00:00,,,,,,,509.0,509.0,,,0.0,,,0.0
2025-05-30 15:00:00,,,,,,,509.0,509.0,,,0.0,,,0.0
2025-05-30 16:00:00,,,,,,,509.0,509.0,,,0.0,,,0.0
2025-05-30 17:00:00,,,,,,,1533.0,1533.0,,,0.0,,,0.0
2025-05-30 18:00:00,,,,,,,1533.0,1533.0,,,0.0,,,0.0
2025-05-30 19:00:00,,,,,,,1273.0,1273.0,,,0.0,,,0.0
2025-05-30 20:00:00,,,,,,,1273.0,1273.0,,,0.0,,,0.0
2025-05-30 21:00:00,,,,,,,1273.0,1273.0,,,0.0,,,0.0
2025-05-30 22:00:00,,,,,,,1273.0,1273.0,,,0.0,,,0.0
2025-05-30 23:00:00,,,,,,,1533.0,1533.0,,,0.0,,,0.0
2025-05-31 00:00:00,,,,,,,1533.0,1533.0,,,0.0,,,0.0
2025-05-31 01:00:00,,,,,,,1533.0,1533.0,,,0.0,,,0.0
2025-05-31 02:00:00,,,,,,,1529.0,1529.0,,,0.0,,,0.0
2025-05-31 03:00:00,,,,,,,1533.0,1533.0,,,0.0,,,0.0
2025-05-31 04:00:00,,,,,,,1273.0,1273.0,,,0.0,,,0.0
2025-05-31 05:00:00,,,,,,,1273.0,1273.0,,,0.0,,,0.0
2025-05-31 06:00:00,,,,,,,1533.0,1533.0,,,0.0,,,0.0
2025-05-31 07:00:00,,,,,,,509.0,509.0,,,0.0,,,0.0
2025-05-31 08:00:00,,,,,,,509.0,509.0,,,0.0,,,0.0
2025-05-31 09:00:00,,,,,,,509.0,509.0,,,0.0,,,0.0
2025-05-31 10:00:00,,,,,,,509.0,509.0,,,0.0,,,0.0
2025-05-31 11:00:00,,,,,,,509.0,509.0,,,0.0,,,0.0
2025-05-31 12:00:00,,,,,,,509.0,509.0,,,0.0,,,0.0
2025-05-31 13:00:00,,,,,,,509.0,509.0,,,0.0,,,0.0
2025-05-31 14:00:00,,,,,,,509.0,509.0,,,0.0,,,0.0
2025-05-31 15:00:00,,,,,,,509.0,509.0,,,0.0,,,0.0
2025-05-31 16:00:00,,,,,,,509.0,509.0,,,0.0,,,0.0
2025-05-31 17:00:00,,,,,,,1533.0,1533.0,1.1838,0.0,1.0,0.5374,0.0,1.0
2025-05-31 18:00:00,,,,,,,1533.0,1533.0,,,0.0,,,0.0
2025-05-31 19:00:00,,,,,,,1533.0,1533.0,,,0.0,,,0.0
2025-05-31 20:00:00,,,,,,,1533.0,1533.0,,,0.0,,,0.0
2025-05-31 21:00:00,,,,,,,1533.0,1533.0,,,0.0,,,0.0
2025-05-31 22:00:00,,,,,,,1533.0,1533.0,,,0.0,,,0.0
2025-05-31 23:00:00,,,,,,,1529.0,1529.0,,,0.0,,,0.0
2025-06-01 00:00:00,,,,,,,1533.0,1533.0,,,0.0,,,0.0
2025-06-01 01:00:00,,,,,,,1529.0,1529.0,,,0.0,,,0.0
2025-06-01 02:00:00,,,,,,,1533.0,1533.0,,,0.0,,,0.0
2025-06-01 03:00:00,,,,,,,1533.0,1533.0,,,0.0,,,0.0
2025-06-01 04:00:00,,,,,,,1533.0,1533.0,,,0.0,,,0.0
2025-06-01 05:00:00,,,,,,,1533.0,1533.0,,,0.0,,,0.0
2025-06-01 06:00:00,,,,,,,1533.0,1533.0,,,0.0,,,0.0
2025-06-01 07:00:00,,,,,,,509.0,509.0,,,0.0,,,0.0
2025-06-01 08:00:00,,,,,,,2553.0,2552.0,0.2298,0.2262,2.0,0.8708,0.18739998,2.0
2025-06-01 09:00:00,,,,,,,2297.0,2296.0,0.078,0.015,2.0,1.0814999,0.0058999658,2.0
2025-06-01 10:00:00,,,,,,,509.0,509.0,0.011,0.0,1.0,1.0884,0.0,1.0
2025-06-01 11:00:00,,,,,,,509.0,509.0,,,0.0,,,0.0
2025-06-01 12:00:00,,,,,,,509.0,509.0,,,0.0,,,0.0
2025-06-01 13:00:00,,,,,,,509.0,509.0,0.0094,0.0,1.0,1.0777,0.0,1.0
2025-06-01 14:00:00,,,,,,,509.0,509.0,,,0.0,,,0.0
2025-06-01 15:00:00,,,,,,,509.0,509.0,,,0.0,,,0.0
2025-06-01 16:00:00,,,,,,,509.0,509.0,,,0.0,,,0.0
2025-06-01 17:00:00,,,,,,,1529.0,1529.0,,,0.0,,,0.0
2025-06-01 18:00:00,,,,,,,1533.0,1533.0,,,0.0,,,0.0
2025-06-01 19:00:00,,,,,,,1529.0,1529.0,,,0.0,,,0.0
2025-06-01 20:00:00,,,,,,,1529.0,1529.0,,,0.0,,,0.0
2025-06-01 21:00:00,,,,,,,1533.0,1533.0,,,0.0,,,0.0
2025-06-01 22:00:00,,,,,,,1529.0,1529.0,,,0.0,,,0.0
2025-06-01 23:00:00,,,,,,,1533.0,1533.0,,,0.0,,,0.0
2025-06-02 00:00:00,,,,,,,1533.0,1533.0,,,0.0,,,0.0
2025-06-02 01:00:00,,,,,,,1529.0,1529.0,,,0.0,,,0.0
2025-06-02 02:00:00,,,,,,,1273.0,1273.0,,,0.0,,,0.0
2025-06-02 03:00:00,,,,,,,1273.0,1273.0,,,0.0,,,0.0
2025-06-02 04:00:00,,,,,,,1529.0,1529.0,,,0.0,,,0.0
2025-06-02 05:00:00,,,,,,,1529.0,1529.0,,,0.0,,,0.0
2025-06-02 06:00:00,,,,,,,1533.0,1533.0,,,0.0,,,0.0
2025-06-02 07:00:00,,,,,,,509.0,509.0,,,0.0,,,0.0
2025-06-02 08:00:00,,,,,,,2297.0,2296.0,0.2582,0.19,4.0,0.9094,0.16389996,4.0
2025-06-02 09:00:00,,,,,,,2553.0,2552.0,0.3084,0.0266,4.0,0.87819993,0.08709997,4.0
2025-06-02 10:00:00,,,,,,,505.0,505.0,0.18079999,0.0596,4.0,0.9900999,0.0018000007,4.0
2025-06-02 11:00:00,,,,,,,509.0,509.0,,,0.0,,,0.0
2025-06-02 12:00:00,,,,,,,249.0,249.0,0.5302,0.051999997,2.0,0.9741,0.008399963,2.0
2025-06-02 13:00:00,,,,,,,249.0,249.0,0.2452,0.039,5.0,0.9749999,0.013399959,5.0
2025-06-02 14:00:00,,,,,,,509.0,509.0,0.1444,0.0,1.0,1.0015,0.0,1.0
2025-06-02 15:00:00,,,,,,,509.0,509.0,,,0.0,,,0.0
2025-06-02 16:00:00,,,,,,,509.0,509.0,,,0.0,,,0.0
2025-06-02 17:00:00,,,,,,,1533.0,1533.0,,,0.0,,,0.0
2025-06-02 18:00:00,,,,,,,1533.0,1533.0,,,0.0,,,0.0
2025-06-02 19:00:00,,,,,,,1533.0,1533.0,,,0.0,,,0.0
2025-06-02 20:00:00,,,,,,,1533.0,1533.0,,,0.0,,,0.0
2025-06-02 21:00:00,,,,,,,1533.0,1533.0,,,0.0,,,0.0
2025-06-02 22:00:00,,,,,,,1533.0,1533.0,,,0.0,,,0.0
2025-06-02 23:00:00,,,,,,,1529.0,1529.0,,,0.0,,,0.0
2025-06-03 00:00:00,,,,,,,1529.0,1529.0,,,0.0,,,0.0
2025-06-03 01:00:00,,,,,,,1533.0,1533.0,,,0.0,,,0.0
2025-06-03 02:00:00,,,,,,,1533.0,1533.0,,,0.0,,,0.0
2025-06-03 03:00:00,,,,,,,1533.0,1533.0,,,0.0,,,0.0
2025-06-03 04:00:00,,,,,,,1529.0,1529.0,,,0.0,,,0.0
2025-06-03 05:00:00,,,,,,,1533.0,1533.0,,,0.0,,,0.0
2025-06-03 06:00:00,,,,,,,1533.0,1533.0,,,0.0,,,0.0
2025-06-03 07:00:00,,,,,,,509.0,509.0,,,0.0,,,0.0
2025-06-03 08:00:00,,,,,,,509.0,509.0,0.4842,0.0,1.0,0.9424,0.0,1.0
2025-06-03 09:00:00,,,,,,,505.0,505.0,,,0.0,,,0.0
2025-06-03 10:00:00,,,,,,,509.0,509.0,,,0.0,,,0.0
2025-06-03 11:00:00,,,,,,,509.0,509.0,,,0.0,,,0.0
2025-06-03 12:00:00,,,,,,,509.0,509.0,,,0.0,,,0.0
2025-06-03 13:00:00,,,,,,,509.0,509.0,,,0.0,,,0.0
2025-06-03 14:00:00,,,,,,,509.0,509.0,,,0.0,,,0.0
2025-06-03 15:00:00,,,,,,,509.0,509.0,,,0.0,,,0.0
2025-06-03 16:00:00,,,,,,,509.0,509.0,,,0.0,,,0.0
2025-06-03 17:00:00,,,,,,,1533.0,1533.0,,,0.0,,,0.0
2025-06-03 18:00:00,,,,,,,1533.0,1533.0,,,0.0,,,0.0
2025-06-03 19:00:00,,,,,,,1533.0,1533.0,,,0.0,,,0.0
2025-06-03 20:00:00,,,,,,,1533.0,1533.0,,,0.0,,,0.0
2025-06-03 21:00:00,,,,,,,1533.0,1533.0,,,0.0,,,0.0
2025-06-03 22:00:00,,,,,,,1533.0,1533.0,,,0.0,,,0.0
2025-06-03 23:00:00,,,,,,,1533.0,1533.0,,,0.0,,,0.0
2025-06-04 00:00:00,,,,,,,1533.0,1533.0,,,0.0,,,0.0
2025-06-04 01:00:00,,,,,,,1533.0,1533.0,,,0.0,,,0.0
2025-06-04 02:00:00,,,,,,,1533.0,1533.0,,,0.0,,,0.0
2025-06-04 03:00:00,,,,,,,1533.0,1533.0,,,0.0,,,0.0
2025-06-04 04:00:00,,,,,,,1533.0,1533.0,,,0.0,,,0.0
2025-06-04 05:00:00,,,,,,,1529.0,1529.0,,,0.0,,,0.0
2025-06-04 06:00:00,,,,,,,1533.0,1533.0,,,0.0,,,0.0
2025-06-04 07:00:00,,,,,,,509.0,509.0,,,0.0,,,0.0
2025-06-04 08:00:00,,,,,,,509.0,509.0,,,0.0,,,0.0
2025-06-04 09:00:00,,,,,,,509.0,509.0,,,0.0,,,0.0
2025-06-04 10:00:00,,,,,,,509.0,509.0,,,0.0,,,0.0
2025-06-04 11:00:00,,,,,,,509.0,509.0,,,0.0,,,0.0
2025-06-04 12:00:00,,,,,,,509.0,509.0,,,0.0,,,0.0
2025-06-04 13:00:00,,,,,,,509.0,509.0,,,0.0,,,0.0
2025-06-04 14:00:00,,,,,,,509.0,509.0,,,0.0,,,0.0
2025-06-04 15:00:00,,,,,,,509.0,509.0,,,0.0,,,0.0
2025-06-04 16:00:00,,,,,,,509.0,509.0,,,0.0,,,0.0
2025-06-04 17:00:00,,,,,,,1533.0,1533.0,,,0.0,,,0.0
2025-06-04 18:00:00,,,,,,,1533.0,1533.0,,,0.0,,,0.0
2025-06-04 19:00:00,,,,,,,1529.0,1529.0,,,0.0,,,0.0
2025-06-04 20:00:00,,,,,,,1533.0,1533.0,,,0.0,,,0.0
2025-06-04 21:00:00,,,,,,,1533.0,1533.0,,,0.0,,,0.0
2025-06-04 22:00:00,,,,,,,1533.0,1533.0,,,0.0,,,0.0
2025-06-04 23:00:00,,,,,,,1533.0,1533.0,,,0.0,,,0.0
2025-06-05 00:00:00,,,,,,,1533.0,1533.0,,,0.0,,,0.0
2025-06-05 01:00:00,,,,,,,1533.0,1533.0,,,0.0,,,0.0
2025-06-05 02:00:00,,,,,,,1533.0,1533.0,,,0.0,,,0.0
2025-06-05 03:00:00,,,,,,,1529.0,1529.0,,,0.0,,,0.0
2025-06-05 04:00:00,,,,,,,1529.0,1529.0,,,0.0,,,0.0
2025-06-05 05:00:00,,,,,,,1529.0,1529.0,,,0.0,,,0.0
2025-06-05 06:00:00,,,,,,,1533.0,1533.0,,,0.0,,,0.0
2025-06-05 07:00:00,,,,,,,509.0,509.0,,,0.0,,,0.0
2025-06-05 08:00:00,,,,,,,509.0,509.0,,,0.0,,,0.0
2025-06-05 09:00:00,,,,,,,509.0,509.0,,,0.0,,,0.0
2025-06-05 10:00:00,,,,,,,509.0,509.0,0.7086,0.0,1.0,0.9749,0.0,1.0
2025-06-05 11:00:00,,,,,,,509.0,509.0,,,0.0,,,0.0
2025-06-05 12:00:00,,,,,,,509.0,509.0,,,0.0,,,0.0
2025-06-05 13:00:00,,,,,,,509.0,509.0,,,0.0,,,0.0
2025-06-05 14:00:00,,,,,,,509.0,509.0,,,0.0,,,0.0
2025-06-05 15:00:00,,,,,,,509.0,509.0,,,0.0,,,0.0
2025-06-05 16:00:00,,,,,,,509.0,509.0,,,0.0,,,0.0
2025-06-05 17:00:00,,,,,,,509.0,509.0,0.3362,0.0056,2.0,1.1085999,0.011099994,2.0
2025-06-05 18:00:00,,,,,,,1533.0,1533.0,,,0.0,,,0.0
2025-06-05 19:00:00,,,,,,,1529.0,1529.0,,,0.0,,,0.0
2025-06-05 20:00:00,,,,,,,1529.0,1529.0,,,0.0,,,0.0
2025-06-05 21:00:00,,,,,,,1533.0,1533.0,,,0.0,,,0.0
2025-06-05 22:00:00,,,,,,,1533.0,1533.0,,,0.0,,,0.0
2025-06-05 23:00:00,,,,,,,1533.0,1533.0,,,0.0,,,0.0
2025-06-06 00:00:00,,,,,,,1529.0,1529.0,,,0.0,,,0.0
2025-06-06 01:00:00,,,,,,,1533.0,1533.0,,,0.0,,,0.0
2025-06-06 02:00:00,,,,,,,1273.0,1273.0,,,0.0,,,0.0
2025-06-06 03:00:00,,,,,,,1273.0,1273.0,,,0.0,,,0.0
2025-06-06 04:00:00,,,,,,,1273.0,1273.0,,,0.0,,,0.0
2025-06-06 05:00:00,,,,,,,1529.0,1529.0,,,0.0,,,0.0
2025-06-06 06:00:00,,,,,,,1533.0,1533.0,,,0.0,,,0.0
2025-06-06 07:00:00,,,,,,,509.0,509.0,,,0.0,,,0.0
2025-06-06 08:00:00,,,,,,,509.0,509.0,,,0.0,,,0.0
2025-06-06 09:00:00,,,,,,,509.0,509.0,0.7528,0.0,1.0,0.7831,0.0,1.0
2025-06-06 10:00:00,,,,,,,509.0,509.0,,,0.0,,,0.0
2025-06-06 11:00:00,,,,,,,509.0,509.0,,,0.0,,,0.0
2025-06-06 12:00:00,,,,,,,509.0,509.0,,,0.0,,,0.0
2025-06-06 13:00:00,,,,,,,509.0,509.0,,,0.0,,,0.0
2025-06-06 14:00:00,,,,,,,509.0,509.0,,,0.0,,,0.0
2025-06-06 15:00:00,,,,,,,509.0,509.0,,,0.0,,,0.0
2025-06-06 16:00:00,,,,,,,509.0,509.0,,,0.0,,,0.0
2025-06-06 17:00:00,,,,,,,509.0,509.0,,,0.0,,,0.0
2025-06-06 18:00:00,,,,,,,1533.0,1533.0,,,0.0,,,0.0
2025-06-06 19:00:00,,,,,,,1529.0,1529.0,,,0.0,,,0.0
2025-06-06 20:00:00,,,,,,,1533.0,1533.0,,,0.0,,,0.0
2025-06-06 21:00:00,,,,,,,1273.0,1273.0,,,0.0,,,0.0
2025-06-06 22:00:00,,,,,,,1529.0,1529.0,,,0.0,,,0.0
2025-06-06 23:00:00,,,,,,,1533.0,1533.0,,,0.0,,,0.0
2025-06-07 00:00:00,,,,,,,1529.0,1529.0,,,0.0,,,0.0
2025-06-07 01:00:00,,,,,,,1529.0,1529.0,,,0.0,,,0.0
2025-06-07 02:00:00,,,,,,,1533.0,1533.0,,,0.0,,,0.0
2025-06-07 03:00:00,,,,,,,1529.0,1529.0,,,0.0,,,0.0
2025-06-07 04:00:00,,,,,,,1533.0,1533.0,,,0.0,,,0.0
2025-06-07 05:00:00,,,,,,,1533.0,1533.0,,,0.0,,,0.0
2025-06-07 06:00:00,,,,,,,1533.0,1533.0,,,0.0,,,0.0
2025-06-07 07:00:00,,,,,,,509.0,509.0,,,0.0,,,0.0
2025-06-07 08:00:00,,,,,,,509.0,509.0,,,0.0,,,0.0
2025-06-07 09:00:00,,,,,,,509.0,509.0,,,0.0,,,0.0
2025-06-07 10:00:00,,,,,,,509.0,509.0,,,0.0,,,0.0
2025-06-07 11:00:00,,,,,,,509.0,509.0,,,0.0,,,0.0
2025-06-07 12:00:00,,,,,,,509.0,509.0,,,0.0,,,0.0
2025-06-07 13:00:00,,,,,,,509.0,509.0,,,0.0,,,0.0
2025-06-07 14:00:00,,,,,,,509.0,509.0,,,0.0,,,0.0
2025-06-07 15:00:00,,,,,,,509.0,509.0,,,0.0,,,0.0
2025-06-07 16:00:00,,,,,,,509.0,509.0,,,0.0,,,0.0
2025-06-07 17:00:00,,,,,,,509.0,509.0,,,0.0,,,0.0
2025-06-07 18:00:00,,,,,,,1533.0,1533.0,,,0.0,,,0.0
2025-06-07 19:00:00,,,,,,,1533.0,1533.0,,,0.0,,,0.0
2025-06-07 20:00:00,,,,,,,1533.0,1533.0,,,0.0,,,0.0
2025-06-07 21:00:00,,,,,,,1533.0,1533.0,,,0.0,,,0.0
2025-06-07 22:00:00,,,,,,,1533.0,1533.0,,,0.0,,,0.0
2025-06-07 23:00:00,,,,,,,1273.0,1273.0,,,0.0,,,0.0
2025-06-08 00:00:00,,,,,,,1533.0,1533.0,,,0.0,,,0.0
2025-06-08 01:00:00,,,,,,,1273.0,1273.0,,,0.0,,,0.0
2025-06-08 02:00:00,,,,,,,1529.0,1529.0,,,0.0,,,0.0
2025-06-08 03:00:00,,,,,,,1533.0,1533.0,,,0.0,,,0.0
2025-06-08 04:00:00,,,,,,,1533.0,1533.0,,,0.0,,,0.0
2025-06-08 05:00:00,,,,,,,1533.0,1533.0,,,0.0,,,0.0
2025-06-08 06:00:00,,,,,,,1533.0,1533.0,,,0.0,,,0.0
2025-06-08 07:00:00,,,,,,,509.0,509.0,,,0.0,,,0.0
2025-06-08 08:00:00,,,,,,,509.0,509.0,,,0.0,,,0.0
2025-06-08 09:00:00,,,,,,,509.0,509.0,,,0.0,,,0.0
2025-06-08 10:00:00,,,,,,,509.0,509.0,,,0.0,,,0.0
2025-06-08 11:00:00,,,,,,,509.0,509.0,,,0.0,,,0.0
2025-06-08 12:00:00,,,,,,,509.0,509.0,,,0.0,,,0.0
2025-06-08 13:00:00,,,,,,,509.0,509.0,,,0.0,,,0.0
2025-06-08 14:00:00,,,,,,,509.0,509.0,,,0.0,,,0.0
2025-06-08 15:00:00,,,,,,,509.0,509.0,,,0.0,,,0.0
2025-06-08 16:00:00,,,,,,,509.0,509.0,,,0.0,,,0.0
2025-06-08 17:00:00,,,,,,,509.0,509.0,,,0.0,,,0.0
2025-06-08 18:00:00,,,,,,,1533.0,1533.0,,,0.0,,,0.0
2025-06-08 19:00:00,,,,,,,1533.0,1533.0,,,0.0,,,0.0
2025-06-08 20:00:00,,,,,,,1533.0,1533.0,,,0.0,,,0.0
2025-06-08 21:00:00,,,,,,,1533.0,1533.0,,,0.0,,,0.0
2025-06-08 22:00:00,,,,,,,1533.0,1533.0,,,0.0,,,0.0
2025-06-08 23:00:00,,,,,,,1533.0,1533.0,,,0.0,,,0.0
2025-06-09 00:00:00,,,,,,,1533.0,1533.0,,,0.0,,,0.0
2025-06-09 01:00:00,,,,,,,1529.0,1529.0,,,0.0,,,0.0
2025-06-09 02:00:00,,,,,,,1533.0,1533.0,,,0.0,,,0.0
2025-06-09 03:00:00,,,,,,,1529.0,1529.0,,,0.0,,,0.0
2025-06-09 04:00:00,,,,,,,1533.0,1533.0,,,0.0,,,0.0
2025-06-09 05:00:00,,,,,,,1533.0,1533.0,,,0.0,,,0.0
2025-06-09 06:00:00,,,,,,,1533.0,1533.0,,,0.0,,,0.0
2025-06-09 07:00:00,,,,,,,505.0,504.0,1.0526,0.0,1.0,0.85539997,0.0,1.0
2025-06-09 08:00:00,,,,,,,509.0,509.0,,,0.0,,,0.0
2025-06-09 09:00:00,,,,,,,509.0,509.0,,,0.0,,,0.0
2025-06-09 10:00:00,,,,,,,509.0,509.0,,,0.0,,,0.0
2025-06-09 11:00:00,,,,,,,509.0,509.0,,,0.0,,,0.0
2025-06-09 12:00:00,,,,,,,509.0,509.0,,,0.0,,,0.0
2025-06-09 13:00:00,,,,,,,509.0,509.0,,,0.0,,,0.0
2025-06-09 14:00:00,,,,,,,509.0,509.0,,,0.0,,,0.0
2025-06-09 15:00:00,,,,,,,509.0,509.0,,,0.0,,,0.0
2025-06-09 16:00:00,,,,,,,509.0,509.0,,,0.0,,,0.0
2025-06-09 17:00:00,,,,,,,509.0,509.0,,,0.0,,,0.0
2025-06-09 18:00:00,,,,,,,1533.0,1533.0,,,0.0,,,0.0
2025-06-09 19:00:00,,,,,,,1533.0,1533.0,,,0.0,,,0.0
2025-06-09 20:00:00,,,,,,,1529.0,1529.0,,,0.0,,,0.0
2025-06-09 21:00:00,,,,,,,1533.0,1533.0,,,0.0,,,0.0
2025-06-09 22:00:00,,,,,,,1533.0,1533.0,,,0.0,,,0.0
2025-06-09 23:00:00,,,,,,,1533.0,1533.0,,,0.0,,,0.0
2025-06-10 00:00:00,,,,,,,1273.0,1273.0,,,0.0,,,0.0
2025-06-10 01:00:00,,,,,,,1529.0,1529.0,,,0.0,,,0.0
2025-06-10 02:00:00,,,,,,,1533.0,1533.0,,,0.0,,,0.0
2025-06-10 03:00:00,,,,,,,1533.0,1533.0,,,0.0,,,0.0
2025-06-10 04:00:00,,,,,,,1533.0,1533.0,,,0.0,,,0.0
2025-06-10 05:00:00,,,,,,,1529.0,1529.0,,,0.0,,,0.0
2025-06-10 06:00:00,,,,,,,1533.0,1533.0,,,0.0,,,0.0
2025-06-10 07:00:00,,,,,,,509.0,509.0,,,0.0,,,0.0
2025-06-10 08:00:00,,,,,,,509.0,509.0,,,0.0,,,0.0
2025-06-10 09:00:00,,,,,,,509.0,509.0,,,0.0,,,0.0
2025-06-10 10:00:00,,,,,,,509.0,509.0,,,0.0,,,0.0
2025-06-10 11:00:00,,,,,,,509.0,509.0,,,0.0,,,0.0
2025-06-10 12:00:00,,,,,,,509.0,509.0,,,0.0,,,0.0
2025-06-10 13:00:00,,,,,,,509.0,509.0,,,0.0,,,0.0
2025-06-10 14:00:00,,,,,,,509.0,509.0,,,0.0,,,0.0
2025-06-10 15:00:00,,,,,,,509.0,509.0,,,0.0,,,0.0
2025-06-10 16:00:00,,,,,,,509.0,509.0,,,0.0,,,0.0
2025-06-10 17:00:00,,,,,,,509.0,509.0,,,0.0,,,0.0
2025-06-10 18:00:00,,,,,,,1533.0,1533.0,,,0.0,,,0.0
2025-06-10 19:00:00,,,,,,,1533.0,1533.0,,,0.0,,,0.0
2025-06-10 20:00:00,,,,,,,1533.0,1533.0,,,0.0,,,0.0
2025-06-10 21:00:00,,,,,,,1533.0,1533.0,,,0.0,,,0.0
2025-06-10 22:00:00,,,,,,,1529.0,1529.0,,,0.0,,,0.0
2025-06-10 23:00:00,,,,,,,1273.0,1273.0,,,0.0,,,0.0
2025-06-11 00:00:00,,,,,,,1529.0,1529.0,,,0.0,,,0.0
2025-06-11 01:00:00,,,,,,,1533.0,1533.0,,,0.0,,,0.0
2025-06-11 02:00:00,,,,,,,1533.0,1533.0,,,0.0,,,0.0
2025-06-11 03:00:00,,,,,,,1529.0,1529.0,,,0.0,,,0.0
2025-06-11 04:00:00,,,,,,,1533.0,1533.0,,,0.0,,,0.0
2025-06-11 05:00:00,,,,,,,1533.0,1533.0,,,0.0,,,0.0
2025-06-11 06:00:00,,,,,,,1533.0,1533.0,,,0.0,,,0.0
2025-06-11 07:00:00,,,,,,,509.0,509.0,,,0.0,,,0.0
2025-06-11 08:00:00,,,,,,,509.0,509.0,,,0.0,,,0.0
2025-06-11 09:00:00,,,,,,,509.0,509.0,,,0.0,,,0.0
2025-06-11 10:00:00,,,,,,,509.0,509.0,,,0.0,,,0.0
2025-06-11 11:00:00,,,,,,,509.0,509.0,,,0.0,,,0.0
2025-06-11 12:00:00,,,,,,,509.0,509.0,,,0.0,,,0.0
2025-06-11 13:00:00,,,,,,,509.0,509.0,,,0.0,,,0.0
2025-06-11 14:00:00,,,,,,,509.0,509.0,,,0.0,,,0.0
2025-06-11 15:00:00,,,,,,,509.0,509.0,,,0.0,,,0.0
2025-06-11 16:00:00,,,,,,,509.0,509.0,,,0.0,,,0.0
2025-06-11 17:00:00,,,,,,,509.0,509.0,,,0.0,,,0.0
2025-06-11 18:00:00,,,,,,,1533.0,1533.0,,,0.0,,,0.0
2025-06-11 19:00:00,,,,,,,1533.0,1533.0,,,0.0,,,0.0
2025-06-11 20:00:00,,,,,,,1533.0,1533.0,,,0.0,,,0.0
2025-06-11 21:00:00,,,,,,,1533.0,1533.0,,,0.0,,,0.0
2025-06-11 22:00:00,,,,,,,1533.0,1533.0,,,0.0,,,0.0
2025-06-11 23:00:00,,,,,,,1533.0,1533.0,,,0.0,,,0.0
2025-06-12 00:00:00,,,,,,,1533.0,1533.0,,,0.0,,,0.0
2025-06-12 01:00:00,,,,,,,1533.0,1533.0,,,0.0,,,0.0
2025-06-12 02:00:00,,,,,,,1529.0,1529.0,,,0.0,,,0.0
2025-06-12 03:00:00,,,,,,,1533.0,1533.0,,,0.0,,,0.0
2025-06-12 04:00:00,,,,,,,1529.0,1529.0,,,0.0,,,0.0
2025-06-12 05:00:00,,,,,,,1533.0,1533.0,,,0.0,,,0.0
2025-06-12 06:00:00,,,,,,,1533.0,1533.0,,,0.0,,,0.0
2025-06-12 07:00:00,,,,,,,509.0,509.0,,,0.0,,,0.0
2025-06-12 08:00:00,,,,,,,509.0,509.0,,,0.0,,,0.0
2025-06-12 09:00:00,,,,,,,509.0,509.0,,,0.0,,,0.0
2025-06-12 10:00:00,,,,,,,509.0,509.0,,,0.0,,,0.0
2025-06-12 11:00:00,,,,,,,509.0,509.0,,,0.0,,,0.0
2025-06-12 12:00:00,,,,,,,509.0,509.0,,,0.0,,,0.0
2025-06-12 13:00:00,,,,,,,509.0,509.0,,,0.0,,,0.0
2025-06-12 14:00:00,,,,,,,509.0,509.0,,,0.0,,,0.0
2025-06-12 15:00:00,,,,,,,509.0,509.0,,,0.0,,,0.0
2025-06-12 16:00:00,,,,,,,509.0,509.0,,,0.0,,,0.0
2025-06-12 17:00:00,,,,,,,509.0,509.0,,,0.0,,,0.0
2025-06-12 18:00:00,,,,,,,1533.0,1533.0,,,0.0,,,0.0
2025-06-12 19:00:00,,,,,,,1529.0,1529.0,,,0.0,,,0.0
2025-06-12 20:00:00,,,,,,,1533.0,1533.0,,,0.0,,,0.0
2025-06-12 21:00:00,,,,,,,1533.0,1533.0,,,0.0,,,0.0
2025-06-12 22:00:00,,,,,,,1529.0,1529.0,,,0.0,,,0.0
2025-06-12 23:00:00,,,,,,,1533.0,1533.0,,,0.0,,,0.0
2025-06-13 00:00:00,,,,,,,1533.0,1533.0,,,0.0,,,0.0
2025-06-13 01:00:00,,,,,,,1529.0,1529.0,,,0.0,,,0.0
2025-06-13 02:00:00,,,,,,,1529.0,1529.0,,,0.0,,,0.0
2025-06-13 03:00:00,,,,,,,1533.0,1533.0,,,0.0,,,0.0
2025-06-13 04:00:00,,,,,,,1533.0,1533.0,,,0.0,,,0.0
2025-06-13 05:00:00,,,,,,,1533.0,1533.0,,,0.0,,,0.0
2025-06-13 06:00:00,,,,,,,1533.0,1533.0,,,0.0,,,0.0
2025-06-13 07:00:00,,,,,,,509.0,509.0,,,0.0,,,0.0
2025-06-13 08:00:00,,,,,,,509.0,509.0,,,0.0,,,0.0
2025-06-13 09:00:00,,,,,,,509.0,509.0,,,0.0,,,0.0
2025-06-13 10:00:00,,,,,,,509.0,509.0,,,0.0,,,0.0
2025-06-13 11:00:00,,,,,,,509.0,509.0,,,0.0,,,0.0
2025-06-13 12:00:00,,,,,,,509.0,509.0,,,0.0,,,0.0
2025-06-13 13:00:00,,,,,,,509.0,509.0,,,0.0,,,0.0
2025-06-13 14:00:00,,,,,,,509.0,509.0,,,0.0,,,0.0
2025-06-13 15:00:00,,,,,,,509.0,509.0,,,0.0,,,0.0
2025-06-13 16:00:00,,,,,,,509.0,509.0,,,0.0,,,0.0
2025-06-13 17:00:00,,,,,,,509.0,509.0,,,0.0,,,0.0
2025-06-13 18:00:00,,,,,,,1533.0,1533.0,,,0.0,,,0.0
2025-06-13 19:00:00,,,,,,,1533.0,1533.0,,,0.0,,,0.0
2025-06-13 20:00:00,,,,,,,1533.0,1533.0,,,0.0,,,0.0
2025-06-13 21:00:00,,,,,,,1533.0,1533.0,,,0.0,,,0.0
2025-06-13 22:00:00,,,,,,,1533.0,1533.0,,,0.0,,,0.0
2025-06-13 23:00:00,,,,,,,1533.0,1533.0,,,0.0,,,0.0
2025-06-14 00:00:00,,,,,,,1533.0,1533.0,,,0.0,,,0.0
2025-06-14 01:00:00,,,,,,,1529.0,1529.0,,,0.0,,,0.0
2025-06-14 02:00:00,,,,,,,1529.0,1529.0,,,0.0,,,0.0
2025-06-14 03:00:00,,,,,,,1533.0,1533.0,,,0.0,,,0.0
2025-06-14 04:00:00,,,,,,,1529.0,1529.0,,,0.0,,,0.0
2025-06-14 05:00:00,,,,,,,1533.0,1533.0,,,0.0,,,0.0
2025-06-14 06:00:00,,,,,,,1533.0,1533.0,,,0.0,,,0.0
2025-06-14 07:00:00,,,,,,,509.0,509.0,,,0.0,,,0.0
2025-06-14 08:00:00,,,,,,,509.0,509.0,,,0.0,,,0.0
2025-06-14 09:00:00,,,,,,,249.0,249.0,,,0.0,,,0.0
2025-06-14 10:00:00,,,,,,,509.0,509.0,,,0.0,,,0.0
2025-06-14 11:00:00,,,,,,,509.0,509.0,,,0.0,,,0.0
2025-06-14 12:00:00,,,,,,,509.0,509.0,0.0098,0.0,1.0,1.1588,0.0,1.0
2025-06-14 13:00:00,,,,,,,509.0,509.0,,,0.0,,,0.0
2025-06-14 14:00:00,,,,,,,509.0,509.0,,,0.0,,,0.0
2025-06-14 15:00:00,,,,,,,509.0,509.0,,,0.0,,,0.0
2025-06-14 16:00:00,,,,,,,509.0,509.0,0.5538,0.0,1.0,0.3114,0.0,1.0
2025-06-14 17:00:00,,,,,,,509.0,509.0,0.039,0.0166,2.0,1.1831,0.0015000105,2.0
2025-06-14 18:00:00,,,,,,,1533.0,1533.0,,,0.0,,,0.0
2025-06-14 19:00:00,,,,,,,1533.0,1533.0,,,0.0,,,0.0
2025-06-14 20:00:00,,,,,,,1533.0,1533.0,,,0.0,,,0.0
2025-06-14 21:00:00,,,,,,,1533.0,1533.0,,,0.0,,,0.0
2025-06-14 22:00:00,,,,,,,1533.0,1533.0,,,0.0,,,0.0
2025-06-14 23:00:00,,,,,,,1533.0,1533.0,,,0.0,,,0.0
2025-06-15 00:00:00,,,,,,,1273.0,1273.0,,,0.0,,,0.0
2025-06-15 01:00:00,,,,,,,1529.0,1529.0,,,0.0,,,0.0
2025-06-15 02:00:00,,,,,,,1273.0,1273.0,,,0.0,,,0.0
2025-06-15 03:00:00,,,,,,,1529.0,1529.0,,,0.0,,,0.0
2025-06-15 04:00:00,,,,,,,1273.0,1273.0,,,0.0,,,0.0
2025-06-15 05:00:00,,,,,,,1533.0,1533.0,,,0.0,,,0.0
2025-06-15 06:00:00,,,,,,,1533.0,1533.0,,,0.0,,,0.0
2025-06-15 07:00:00,,,,,,,509.0,509.0,,,0.0,,,0.0
2025-06-15 08:00:00,,,,,,,509.0,509.0,,,0.0,,,0.0
2025-06-15 09:00:00,,,,,,,505.0,504.0,0.86679995,0.146,2.0,0.9596,0.15619999,2.0
2025-06-15 10:00:00,,,,,,,509.0,509.0,,,0.0,,,0.0
2025-06-15 11:00:00,,,,,,,509.0,509.0,1.1286,0.1232,2.0,1.4798,0.18540001,2.0
2025-06-15 12:00:00,,,,,,,509.0,509.0,,,0.0,,,0.0
2025-06-15 13:00:00,,,,,,,505.0,505.0,,,0.0,,,0.0
2025-06-15 14:00:00,,,,,,,509.0,509.0,,,0.0,,,0.0
2025-06-15 15:00:00,,,,,,,509.0,509.0,,,0.0,,,0.0
2025-06-15 16:00:00,,,,,,,509.0,509.0,,,0.0,,,0.0
2025-06-15 17:00:00,,,,,,,509.0,509.0,,,0.0,,,0.0
2025-06-15 18:00:00,,,,,,,1533.0,1533.0,,,0.0,,,0.0
2025-06-15 19:00:00,,,,,,,1529.0,1529.0,,,0.0,,,0.0
2025-06-15 20:00:00,,,,,,,1533.0,1533.0,,,0.0,,,0.0
2025-06-15 21:00:00,,,,,,,1533.0,1533.0,,,0.0,,,0.0
2025-06-15 22:00:00,,,,,,,1533.0,1533.0,,,0.0,,,0.0
2025-06-15 23:00:00,,,,,,,1533.0,1533.0,,,0.0,,,0.0
2025-06-16 00:00:00,,,,,,,1533.0,1533.0,,,0.0,,,0.0
2025-06-16 01:00:00,,,,,,,1533.0,1533.0,,,0.0,,,0.0
2025-06-16 02:00:00,,,,,,,1533.0,1533.0,,,0.0,,,0.0
2025-06-16 03:00:00,,,,,,,1533.0,1533.0,,,0.0,,,0.0
2025-06-16 04:00:00,,,,,,,1533.0,1533.0,,,0.0,,,0.0
2025-06-16 05:00:00,,,,,,,1533.0,1533.0,,,0.0,,,0.0
2025-06-16 06:00:00,,,,,,,1533.0,1533.0,,,0.0,,,0.0
2025-06-16 07:00:00,,,,,,,509.0,509.0,,,0.0,,,0.0
2025-06-16 08:00:00,,,,,,,509.0,509.0,,,0.0,,,0.0
2025-06-16 09:00:00,,,,,,,509.0,509.0,,,0.0,,,0.0
2025-06-16 10:00:00,,,,,,,509.0,509.0,,,0.0,,,0.0
2025-06-16 11:00:00,,,,,,,509.0,509.0,,,0.0,,,0.0
2025-06-16 12:00:00,,,,,,,509.0,509.0,,,0.0,,,0.0
2025-06-16 13:00:00,,,,,,,509.0,509.0,,,0.0,,,0.0
2025-06-16 14:00:00,,,,,,,509.0,509.0,,,0.0,,,0.0
2025-06-16 15:00:00,,,,,,,509.0,509.0,,,0.0,,,0.0
2025-06-16 16:00:00,,,,,,,509.0,509.0,,,0.0,,,0.0
2025-06-16 17:00:00,,,,,,,509.0,509.0,,,0.0,,,0.0
2025-06-16 18:00:00,,,,,,,1533.0,1533.0,,,0.0,,,0.0
2025-06-16 19:00:00,,,,,,,1529.0,1529.0,,,0.0,,,0.0
2025-06-16 20:00:00,,,,,,,1533.0,1533.0,,,0.0,,,0.0
2025-06-16 21:00:00,,,,,,,1533.0,1533.0,,,0.0,,,0.0
2025-06-16 22:00:00,,,,,,,1533.0,1533.0,,,0.0,,,0.0
2025-06-16 23:00:00,,,,,,,1529.0,1529.0,,,0.0,,,0.0
2025-06-17 00:00:00,,,,,,,1533.0,1533.0,,,0.0,,,0.0
2025-06-17 01:00:00,,,,,,,1533.0,1533.0,,,0.0,,,0.0
2025-06-17 02:00:00,,,,,,,1533.0,1533.0,,,0.0,,,0.0
2025-06-17 03:00:00,,,,,,,1533.0,1533.0,,,0.0,,,0.0
2025-06-17 04:00:00,,,,,,,1533.0,1533.0,,,0.0,,,0.0
2025-06-17 05:00:00,,,,,,,1533.0,1533.0,,,0.0,,,0.0
2025-06-17 06:00:00,,,,,,,1533.0,1533.0,,,0.0,,,0.0
2025-06-17 07:00:00,,,,,,,509.0,509.0,,,0.0,,,0.0
2025-06-17 08:00:00,,,,,,,509.0,509.0,,,0.0,,,0.0
2025-06-17 09:00:00,,,,,,,509.0,509.0,,,0.0,,,0.0
2025-06-17 10:00:00,,,,,,,509.0,509.0,,,0.0,,,0.0
2025-06-17 11:00:00,,,,,,,509.0,509.0,,,0.0,,,0.0
2025-06-17 12:00:00,,,,,,,509.0,509.0,,,0.0,,,0.0
2025-06-17 13:00:00,,,,,,,509.0,509.0,,,0.0,,,0.0
2025-06-17 14:00:00,,,,,,,509.0,509.0,,,0.0,,,0.0
2025-06-17 15:00:00,,,,,,,509.0,509.0,,,0.0,,,0.0
2025-06-17 16:00:00,,,,,,,509.0,509.0,,,0.0,,,0.0
2025-06-17 17:00:00,,,,,,,509.0,509.0,,,0.0,,,0.0
2025-06-17 18:00:00,,,,,,,1533.0,1533.0,,,0.0,,,0.0
2025-06-17 19:00:00,,,,,,,1533.0,1533.0,,,0.0,,,0.0
2025-06-17 20:00:00,,,,,,,1533.0,1533.0,,,0.0,,,0.0
2025-06-17 21:00:00,,,,,,,1533.0,1533.0,,,0.0,,,0.0
2025-06-17 22:00:00,,,,,,,1533.0,1533.0,,,0.0,,,0.0
2025-06-17 23:00:00,,,,,,,1533.0,1533.0,,,0.0,,,0.0
2025-06-18 00:00:00,,,,,,,1529.0,1529.0,,,0.0,,,0.0
2025-06-18 01:00:00,,,,,,,1533.0,1533.0,,,0.0,,,0.0
2025-06-18 02:00:00,,,,,,,1533.0,1533.0,,,0.0,,,0.0
2025-06-18 03:00:00,,,,,,,1533.0,1533.0,,,0.0,,,0.0
2025-06-18 04:00:00,,,,,,,1533.0,1533.0,,,0.0,,,0.0
2025-06-18 05:00:00,,,,,,,1529.0,1529.0,,,0.0,,,0.0
2025-06-18 06:00:00,,,,,,,1533.0,1533.0,,,0.0,,,0.0
2025-06-18 07:00:00,,,,,,,509.0,509.0,,,0.0,,,0.0
2025-06-18 08:00:00,,,,,,,509.0,509.0,,,0.0,,,0.0
2025-06-18 09:00:00,,,,,,,509.0,509.0,,,0.0,,,0.0
2025-06-18 10:00:00,,,,,,,509.0,509.0,,,0.0,,,0.0
2025-06-18 11:00:00,,,,,,,509.0,509.0,,,0.0,,,0.0
2025-06-18 12:00:00,,,,,,,509.0,509.0,,,0.0,,,0.0
2025-06-18 13:00:00,,,,,,,505.0,505.0,,,0.0,,,0.0
2025-06-18 14:00:00,,,,,,,509.0,509.0,,,0.0,,,0.0
2025-06-18 15:00:00,,,,,,,509.0,509.0,,,0.0,,,0.0
2025-06-18 16:00:00,,,,,,,509.0,509.0,,,0.0,,,0.0
2025-06-18 17:00:00,,,,,,,509.0,509.0,,,0.0,,,0.0
2025-06-18 18:00:00,,,,,,,1533.0,1533.0,,,0.0,,,0.0
2025-06-18 19:00:00,,,,,,,1529.0,1529.0,,,0.0,,,0.0
2025-06-18 20:00:00,,,,,,,1533.0,1533.0,,,0.0,,,0.0
2025-06-18 21:00:00,,,,,,,1533.0,1533.0,,,0.0,,,0.0
2025-06-18 22:00:00,,,,,,,1529.0,1529.0,,,0.0,,,0.0
2025-06-18 23:00:00,,,,,,,1533.0,1533.0,,,0.0,,,0.0
2025-06-19 00:00:00,,,,,,,1533.0,1533.0,,,0.0,,,0.0
2025-06-19 01:00:00,,,,,,,1533.0,1533.0,,,0.0,,,0.0
2025-06-19 02:00:00,,,,,,,1533.0,1533.0,,,0.0,,,0.0
2025-06-19 03:00:00,,,,,,,1533.0,1533.0,,,0.0,,,0.0
2025-06-19 04:00:00,,,,,,,1533.0,1533.0,,,0.0,,,0.0
2025-06-19 05:00:00,,,,,,,1529.0,1529.0,,,0.0,,,0.0
2025-06-19 06:00:00,,,,,,,1533.0,1533.0,,,0.0,,,0.0
2025-06-19 07:00:00,,,,,,,509.0,509.0,,,0.0,,,0.0
2025-06-19 08:00:00,,,,,,,509.0,509.0,,,0.0,,,0.0
2025-06-19 09:00:00,,,,,,,509.0,509.0,,,0.0,,,0.0
2025-06-19 10:00:00,,,,,,,509.0,509.0,,,0.0,,,0.0
2025-06-19 11:00:00,,,,,,,509.0,509.0,,,0.0,,,0.0
2025-06-19 12:00:00,,,,,,,509.0,509.0,,,0.0,,,0.0
2025-06-19 13:00:00,,,,,,,509.0,509.0,,,0.0,,,0.0
2025-06-19 14:00:00,,,,,,,509.0,509.0,,,0.0,,,0.0
2025-06-19 15:00:00,,,,,,,509.0,509.0,,,0.0,,,0.0
2025-06-19 16:00:00,,,,,,,509.0,509.0,,,0.0,,,0.0
2025-06-19 17:00:00,,,,,,,509.0,509.0,,,0.0,,,0.0
2025-06-19 18:00:00,,,,,,,1533.0,1533.0,,,0.0,,,0.0
2025-06-19 19:00:00,,,,,,,1533.0,1533.0,,,0.0,,,0.0
2025-06-19 20:00:00,,,,,,,1533.0,1533.0,,,0.0,,,0.0
2025-06-19 21:00:00,,,,,,,1533.0,1533.0,,,0.0,,,0.0
2025-06-19 22:00:00,,,,,,,1529.0,1529.0,,,0.0,,,0.0
2025-06-19 23:00:00,,,,,,,1533.0,1533.0,,,0.0,,,0.0
2025-06-20 00:00:00,,,,,,,1529.0,1529.0,,,0.0,,,0.0
2025-06-20 01:00:00,,,,,,,1533.0,1533.0,,,0.0,,,0.0
2025-06-20 02:00:00,,,,,,,1529.0,1529.0,,,0.0,,,0.0
2025-06-20 03:00:00,,,,,,,1533.0,1533.0,,,0.0,,,0.0
2025-06-20 04:00:00,,,,,,,1533.0,1533.0,,,0.0,,,0.0
2025-06-20 05:00:00,,,,,,,1533.0,1533.0,,,0.0,,,0.0
2025-06-20 06:00:00,,,,,,,1533.0,1533.0,,,0.0,,,0.0
2025-06-20 07:00:00,,,,,,,509.0,509.0,,,0.0,,,0.0
2025-06-20 08:00:00,,,,,,,509.0,509.0,,,0.0,,,0.0
2025-06-20 09:00:00,,,,,,,509.0,509.0,,,0.0,,,0.0
2025-06-20 10:00:00,,,,,,,509.0,509.0,,,0.0,,,0.0
2025-06-20 11:00:00,,,,,,,509.0,509.0,,,0.0,,,0.0
2025-06-20 12:00:00,,,,,,,509.0,509.0,,,0.0,,,0.0
2025-06-20 13:00:00,,,,,,,509.0,509.0,,,0.0,,,0.0
2025-06-20 14:00:00,,,,,,,509.0,509.0,,,0.0,,,0.0
2025-06-20 15:00:00,,,,,,,509.0,509.0,,,0.0,,,0.0
2025-06-20 16:00:00,,,,,,,509.0,509.0,,,0.0,,,0.0
2025-06-20 17:00:00,,,,,,,509.0,509.0,,,0.0,,,0.0
2025-06-20 18:00:00,,,,,,,1533.0,1533.0,,,0.0,,,0.0
2025-06-20 19:00:00,,,,,,,1533.0,1533.0,,,0.0,,,0.0
2025-06-20 20:00:00,,,,,,,1533.0,1533.0,,,0.0,,,0.0
2025-06-20 21:00:00,,,,,,,1533.0,1533.0,,,0.0,,,0.0
2025-06-20 22:00:00,,,,,,,1529.0,1529.0,,,0.0,,,0.0
2025-06-20 23:00:00,,,,,,,1533.0,1533.0,,,0.0,,,0.0
2025-06-21 00:00:00,,,,,,,1529.0,1529.0,,,0.0,,,0.0
2025-06-21 01:00:00,,,,,,,1529.0,1529.0,,,0.0,,,0.0
2025-06-21 02:00:00,,,,,,,1529.0,1529.0,,,0.0,,,0.0
2025-06-21 03:00:00,,,,,,,1529.0,1529.0,,,0.0,,,0.0
2025-06-21 04:00:00,,,,,,,1529.0,1529.0,,,0.0,,,0.0
2025-06-21 05:00:00,,,,,,,1273.0,1273.0,,,0.0,,,0.0
2025-06-21 06:00:00,,,,,,,1533.0,1533.0,,,0.0,,,0.0
2025-06-21 07:00:00,,,,,,,509.0,509.0,,,0.0,,,0.0
2025-06-21 08:00:00,,,,,,,509.0,509.0,,,0.0,,,0.0
2025-06-21 09:00:00,,,,,,,509.0,509.0,,,0.0,,,0.0
2025-06-21 10:00:00,,,,,,,509.0,509.0,,,0.0,,,0.0
2025-06-21 11:00:00,,,,,,,509.0,509.0,,,0.0,,,0.0
2025-06-21 12:00:00,,,,,,,509.0,509.0,,,0.0,,,0.0
2025-06-21 13:00:00,,,,,,,509.0,509.0,,,0.0,,,0.0
2025-06-21 14:00:00,,,,,,,509.0,509.0,,,0.0,,,0.0
2025-06-21 15:00:00,,,,,,,509.0,509.0,,,0.0,,,0.0
2025-06-21 16:00:00,,,,,,,509.0,509.0,,,0.0,,,0.0
2025-06-21 17:00:00,,,,,,,509.0,509.0,,,0.0,,,0.0
2025-06-21 18:00:00,,,,,,,1533.0,1533.0,,,0.0,,,0.0
2025-06-21 19:00:00,,,,,,,1533.0,1533.0,,,0.0,,,0.0
2025-06-21 20:00:00,,,,,,,1533.0,1533.0,,,0.0,,,0.0
2025-06-21 21:00:00,,,,,,,1533.0,1533.0,,,0.0,,,0.0
2025-06-21 22:00:00,,,,,,,1533.0,1533.0,,,0.0,,,0.0
2025-06-21 23:00:00,,,,,,,1533.0,1533.0,,,0.0,,,0.0
2025-06-22 00:00:00,,,,,,,1533.0,1533.0,,,0.0,,,0.0
2025-06-22 01:00:00,,,,,,,1529.0,1529.0,,,0.0,,,0.0
2025-06-22 02:00:00,,,,,,,1533.0,1533.0,,,0.0,,,0.0
2025-06-22 03:00:00,,,,,,,1533.0,1533.0,,,0.0,,,0.0
2025-06-22 04:00:00,,,,,,,1533.0,1533.0,,,0.0,,,0.0
2025-06-22 05:00:00,,,,,,,1533.0,1533.0,,,0.0,,,0.0
2025-06-22 06:00:00,,,,,,,1533.0,1533.0,,,0.0,,,0.0
2025-06-22 07:00:00,,,,,,,509.0,509.0,,,0.0,,,0.0
2025-06-22 08:00:00,,,,,,,509.0,509.0,,,0.0,,,0.0
2025-06-22 09:00:00,,,,,,,509.0,509.0,,,0.0,,,0.0
2025-06-22 10:00:00,,,,,,,509.0,509.0,,,0.0,,,0.0
2025-06-22 11:00:00,,,,,,,509.0,509.0,,,0.0,,,0.0
2025-06-22 12:00:00,,,,,,,509.0,509.0,,,0.0,,,0.0
2025-06-22 13:00:00,,,,,,,509.0,509.0,,,0.0,,,0.0
2025-06-22 14:00:00,,,,,,,509.0,509.0,,,0.0,,,0.0
2025-06-22 15:00:00,,,,,,,509.0,509.0,,,0.0,,,0.0
2025-06-22 16:00:00,,,,,,,509.0,509.0,,,0.0,,,0.0
2025-06-22 17:00:00,,,,,,,505.0,505.0,,,0.0,,,0.0
2025-06-22 18:00:00,,,,,,,1533.0,1533.0,,,0.0,,,0.0
2025-06-22 19:00:00,,,,,,,1529.0,1529.0,,,0.0,,,0.0
2025-06-22 20:00:00,,,,,,,1533.0,1533.0,,,0.0,,,0.0
2025-06-22 21:00:00,,,,,,,1533.0,1533.0,,,0.0,,,0.0
2025-06-22 22:00:00,,,,,,,1533.0,1533.0,,,0.0,,,0.0
2025-06-22 23:00:00,,,,,,,1533.0,1533.0,,,0.0,,,0.0
2025-06-23 00:00:00,,,,,,,1533.0,1533.0,,,0.0,,,0.0
2025-06-23 01:00:00,,,,,,,1533.0,1533.0,,,0.0,,,0.0
2025-06-23 02:00:00,,,,,,,1533.0,1533.0,,,0.0,,,0.0
2025-06-23 03:00:00,,,,,,,1533.0,1533.0,,,0.0,,,0.0
2025-06-23 04:00:00,,,,,,,1533.0,1533.0,,,0.0,,,0.0
2025-06-23 05:00:00,,,,,,,1533.0,1533.0,,,0.0,,,0.0
2025-06-23 06:00:00,,,,,,,1533.0,1533.0,,,0.0,,,0.0
2025-06-23 07:00:00,,,,,,,509.0,509.0,,,0.0,,,0.0
2025-06-23 08:00:00,,,,,,,509.0,509.0,,,0.0,,,0.0
2025-06-23 09:00:00,,,,,,,509.0,509.0,,,0.0,,,0.0
2025-06-23 10:00:00,,,,,,,509.0,509.0,,,0.0,,,0.0
2025-06-23 11:00:00,,,,,,,509.0,509.0,,,0.0,,,0.0
2025-06-23 12:00:00,,,,,,,509.0,509.0,,,0.0,,,0.0
2025-06-23 13:00:00,,,,,,,509.0,509.0,,,0.0,,,0.0
2025-06-23 14:00:00,,,,,,,509.0,509.0,,,0.0,,,0.0
2025-06-23 15:00:00,,,,,,,509.0,509.0,,,0.0,,,0.0
2025-06-23 16:00:00,,,,,,,509.0,509.0,,,0.0,,,0.0
2025-06-23 17:00:00,,,,,,,509.0,509.0,,,0.0,,,0.0
2025-06-23 18:00:00,,,,,,,1529.0,1529.0,,,0.0,,,0.0
2025-06-23 19:00:00,,,,,,,1533.0,1533.0,,,0.0,,,0.0
2025-06-23 20:00:00,,,,,,,1529.0,1529.0,,,0.0,,,0.0
2025-06-23 21:00:00,,,,,,,1533.0,1533.0,,,0.0,,,0.0
2025-06-23 22:00:00,,,,,,,1533.0,1533.0,,,0.0,,,0.0
2025-06-23 23:00:00,,,,,,,1533.0,1533.0,,,0.0,,,0.0
2025-06-24 00:00:00,,,,,,,1533.0,1533.0,,,0.0,,,0.0
2025-06-24 01:00:00,,,,,,,1533.0,1533.0,,,0.0,,,0.0
2025-06-24 02:00:00,,,,,,,1533.0,1533.0,,,0.0,,,0.0
2025-06-24 03:00:00,,,,,,,1533.0,1533.0,,,0.0,,,0.0
2025-06-24 04:00:00,,,,,,,1533.0,1533.0,,,0.0,,,0.0
2025-06-24 05:00:00,,,,,,,1533.0,1533.0,,,0.0,,,0.0
2025-06-24 06:00:00,,,,,,,1533.0,1533.0,,,0.0,,,0.0
2025-06-24 07:00:00,,,,,,,509.0,509.0,,,0.0,,,0.0
2025-06-24 08:00:00,,,,,,,509.0,509.0,,,0.0,,,0.0
2025-06-24 09:00:00,,,,,,,509.0,509.0,,,0.0,,,0.0
2025-06-24 10:00:00,,,,,,,509.0,509.0,,,0.0,,,0.0
2025-06-24 11:00:00,,,,,,,509.0,509.0,,,0.0,,,0.0
2025-06-24 12:00:00,,,,,,,509.0,509.0,,,0.0,,,0.0
2025-06-24 13:00:00,,,,,,,509.0,509.0,,,0.0,,,0.0
2025-06-24 14:00:00,,,,,,,509.0,509.0,,,0.0,,,0.0
2025-06-24 15:00:00,,,,,,,509.0,509.0,,,0.0,,,0.0
2025-06-24 16:00:00,,,,,,,509.0,509.0,,,0.0,,,0.0
2025-06-24 17:00:00,,,,,,,509.0,509.0,,,0.0,,,0.0
2025-06-24 18:00:00,,,,,,,1533.0,1533.0,,,0.0,,,0.0
2025-06-24 19:00:00,,,,,,,1533.0,1533.0,,,0.0,,,0.0
2025-06-24 20:00:00,,,,,,,1529.0,1529.0,,,0.0,,,0.0
2025-06-24 21:00:00,,,,,,,1533.0,1533.0,,,0.0,,,0.0
2025-06-24 22:00:00,,,,,,,1533.0,1533.0,,,0.0,,,0.0
2025-06-24 23:00:00,,,,,,,1533.0,1533.0,,,0.0,,,0.0
2025-06-25 00:00:00,,,,,,,1533.0,1533.0,,,0.0,,,0.0
2025-06-25 01:00:00,,,,,,,1533.0,1533.0,,,0.0,,,0.0
2025-06-25 02:00:00,,,,,,,1529.0,1529.0,,,0.0,,,0.0
2025-06-25 03:00:00,,,,,,,1533.0,1533.0,,,0.0,,,0.0
2025-06-25 04:00:00,,,,,,,1533.0,1533.0,,,0.0,,,0.0
2025-06-25 05:00:00,,,,,,,1533.0,1533.0,,,0.0,,,0.0
2025-06-25 06:00:00,,,,,,,1533.0,1533.0,,,0.0,,,0.0
2025-06-25 07:00:00,,,,,,,509.0,509.0,,,0.0,,,0.0
2025-06-25 08:00:00,,,,,,,509.0,509.0,,,0.0,,,0.0
2025-06-25 09:00:00,,,,,,,509.0,509.0,,,0.0,,,0.0
2025-06-25 10:00:00,,,,,,,509.0,509.0,,,0.0,,,0.0
2025-06-25 11:00:00,,,,,,,509.0,509.0,0.8104,0.0,1.0,0.6941,0.0,1.0
2025-06-25 12:00:00,,,,,,,505.0,504.0,0.5284,0.0,1.0,1.0604,0.0,1.0
2025-06-25 13:00:00,,,,,,,509.0,509.0,,,0.0,,,0.0
2025-06-25 14:00:00,,,,,,,509.0,509.0,,,0.0,,,0.0
2025-06-25 15:00:00,,,,,,,509.0,509.0,,,0.0,,,0.0
2025-06-25 16:00:00,,,,,,,509.0,509.0,,,0.0,,,0.0
2025-06-25 17:00:00,,,,,,,509.0,509.0,,,0.0,,,0.0
2025-06-25 18:00:00,,,,,,,1533.0,1533.0,,,0.0,,,0.0
2025-06-25 19:00:00,,,,,,,1533.0,1533.0,,,0.0,,,0.0
2025-06-25 20:00:00,,,,,,,1533.0,1533.0,,,0.0,,,0.0
2025-06-25 21:00:00,,,,,,,1533.0,1533.0,,,0.0,,,0.0
2025-06-25 22:00:00,,,,,,,1533.0,1533.0,,,0.0,,,0.0
2025-06-25 23:00:00,,,,,,,1533.0,1533.0,,,0.0,,,0.0
2025-06-26 00:00:00,,,,,,,1529.0,1529.0,,,0.0,,,0.0
2025-06-26 01:00:00,,,,,,,1533.0,1533.0,,,0.0,,,0.0
2025-06-26 02:00:00,,,,,,,1533.0,1533.0,,,0.0,,,0.0
2025-06-26 03:00:00,,,,,,,1529.0,1529.0,,,0.0,,,0.0
2025-06-26 04:00:00,,,,,,,1529.0,1529.0,,,0.0,,,0.0
2025-06-26 05:00:00,,,,,,,1529.0,1529.0,,,0.0,,,0.0
2025-06-26 06:00:00,,,,,,,1533.0,1533.0,,,0.0,,,0.0
2025-06-26 07:00:00,,,,,,,509.0,509.0,,,0.0,,,0.0
2025-06-26 08:00:00,,,,,,,509.0,509.0,,,0.0,,,0.0
2025-06-26 09:00:00,,,,,,,509.0,509.0,,,0.0,,,0.0
2025-06-26 10:00:00,,,,,,,509.0,509.0,,,0.0,,,0.0
2025-06-26 11:00:00,,,,,,,509.0,509.0,,,0.0,,,0.0
2025-06-26 12:00:00,,,,,,,509.0,509.0,,,0.0,,,0.0
2025-06-26 13:00:00,,,,,,,509.0,509.0,,,0.0,,,0.0
2025-06-26 14:00:00,,,,,,,509.0,509.0,,,0.0,,,0.0
2025-06-26 15:00:00,,,,,,,509.0,509.0,,,0.0,,,0.0
2025-06-26 16:00:00,,,,,,,509.0,509.0,,,0.0,,,0.0
2025-06-26 17:00:00,,,,,,,509.0,509.0,,,0.0,,,0.0
2025-06-26 18:00:00,,,,,,,1533.0,1533.0,,,0.0,,,0.0
2025-06-26 19:00:00,,,,,,,1533.0,1533.0,,,0.0,,,0.0
2025-06-26 20:00:00,,,,,,,1533.0,1533.0,,,0.0,,,0.0
2025-06-26 21:00:00,,,,,,,1529.0,1529.0,,,0.0,,,0.0
2025-06-26 22:00:00,,,,,,,1533.0,1533.0,,,0.0,,,0.0
2025-06-26 23:00:00,,,,,,,1533.0,1533.0,,,0.0,,,0.0
2025-06-27 00:00:00,,,,,,,1533.0,1533.0,,,0.0,,,0.0
2025-06-27 01:00:00,,,,,,,1533.0,1533.0,,,0.0,,,0.0
2025-06-27 02:00:00,,,,,,,1533.0,1533.0,,,0.0,,,0.0
2025-06-27 03:00:00,,,,,,,1533.0,1533.0,,,0.0,,,0.0
2025-06-27 04:00:00,,,,,,,1529.0,1529.0,,,0.0,,,0.0
2025-06-27 05:00:00,,,,,,,1529.0,1529.0,,,0.0,,,0.0
2025-06-27 06:00:00,,,,,,,1533.0,1533.0,,,0.0,,,0.0
2025-06-27 07:00:00,,,,,,,509.0,509.0,,,0.0,,,0.0
2025-06-27 08:00:00,,,,,,,509.0,509.0,,,0.0,,,0.0
2025-06-27 09:00:00,,,,,,,509.0,509.0,,,0.0,,,0.0
2025-06-27 10:00:00,,,,,,,509.0,509.0,,,0.0,,,0.0
2025-06-27 11:00:00,,,,,,,509.0,509.0,,,0.0,,,0.0
2025-06-27 12:00:00,,,,,,,509.0,509.0,,,0.0,,,0.0
2025-06-27 13:00:00,,,,,,,509.0,509.0,,,0.0,,,0.0
2025-06-27 14:00:00,,,,,,,509.0,509.0,,,0.0,,,0.0
2025-06-27 15:00:00,,,,,,,509.0,509.0,,,0.0,,,0.0
2025-06-27 16:00:00,,,,,,,509.0,509.0,,,0.0,,,0.0
2025-06-27 17:00:00,,,,,,,509.0,509.0,,,0.0,,,0.0
2025-06-27 18:00:00,,,,,,,1533.0,1533.0,,,0.0,,,0.0
2025-06-27 19:00:00,,,,,,,1533.0,1533.0,,,0.0,,,0.0
2025-06-27 20:00:00,,,,,,,1533.0,1533.0,,,0.0,,,0.0
2025-06-27 21:00:00,,,,,,,1529.0,1529.0,,,0.0,,,0.0
2025-06-27 22:00:00,,,,,,,1533.0,1533.0,,,0.0,,,0.0
2025-06-27 23:00:00,,,,,,,1533.0,1533.0,,,0.0,,,0.0
2025-06-28 00:00:00,,,,,,,1533.0,1533.0,,,0.0,,,0.0
2025-06-28 01:00:00,,,,,,,1533.0,1533.0,,,0.0,,,0.0
2025-06-28 02:00:00,,,,,,,1533.0,1533.0,,,0.0,,,0.0
2025-06-28 03:00:00,,,,,,,1533.0,1533.0,,,0.0,,,0.0
2025-06-28 04:00:00,,,,,,,1533.0,1533.0,,,0.0,,,0.0
2025-06-28 05:00:00,,,,,,,1533.0,1533.0,,,0.0,,,0.0
2025-06-28 06:00:00,,,,,,,1533.0,1533.0,,,0.0,,,0.0
2025-06-28 07:00:00,,,,,,,509.0,509.0,,,0.0,,,0.0
2025-06-28 08:00:00,,,,,,,509.0,509.0,,,0.0,,,0.0
2025-06-28 09:00:00,,,,,,,509.0,509.0,,,0.0,,,0.0
2025-06-28 10:00:00,,,,,,,509.0,509.0,,,0.0,,,0.0
2025-06-28 11:00:00,,,,,,,509.0,509.0,,,0.0,,,0.0
2025-06-28 12:00:00,,,,,,,509.0,509.0,,,0.0,,,0.0
2025-06-28 13:00:00,,,,,,,509.0,509.0,,,0.0,,,0.0
2025-06-28 14:00:00,,,,,,,509.0,509.0,,,0.0,,,0.0
2025-06-28 15:00:00,,,,,,,509.0,509.0,,,0.0,,,0.0
2025-06-28 16:00:00,,,,,,,509.0,509.0,,,0.0,,,0.0
2025-06-28 17:00:00,,,,,,,509.0,509.0,,,0.0,,,0.0
2025-06-28 18:00:00,,,,,,,1533.0,1533.0,,,0.0,,,0.0
2025-06-28 19:00:00,,,,,,,1533.0,1533.0,,,0.0,,,0.0
2025-06-28 20:00:00,,,,,,,1533.0,1533.0,,,0.0,,,0.0
2025-06-28 21:00:00,,,,,,,1533.0,1533.0,,,0.0,,,0.0
2025-06-28 22:00:00,,,,,,,1533.0,1533.0,,,0.0,,,0.0
2025-06-28 23:00:00,,,,,,,1533.0,1533.0,,,0.0,,,0.0
2025-06-29 00:00:00,,,,,,,1533.0,1533.0,,,0.0,,,0.0
2025-06-29 01:00:00,,,,,,,1529.0,1529.0,,,0.0,,,0.0
2025-06-29 02:00:00,,,,,,,1533.0,1533.0,,,0.0,,,0.0
2025-06-29 03:00:00,,,,,,,1533.0,1533.0,,,0.0,,,0.0
2025-06-29 04:00:00,,,,,,,1533.0,1533.0,,,0.0,,,0.0
2025-06-29 05:00:00,,,,,,,1533.0,1533.0,,,0.0,,,0.0
2025-06-29 06:00:00,,,,,,,1533.0,1533.0,,,0.0,,,0.0
2025-06-29 07:00:00,,,,,,,509.0,509.0,,,0.0,,,0.0
2025-06-29 08:00:00,,,,,,,509.0,509.0,,,0.0,,,0.0
2025-06-29 09:00:00,,,,,,,509.0,509.0,,,0.0,,,0.0
2025-06-29 10:00:00,,,,,,,509.0,509.0,,,0.0,,,0.0
2025-06-29 11:00:00,,,,,,,509.0,509.0,,,0.0,,,0.0
2025-06-29 12:00:00,,,,,,,509.0,509.0,,,0.0,,,0.0
2025-06-29 13:00:00,,,,,,,509.0,509.0,,,0.0,,,0.0
2025-06-29 14:00:00,,,,,,,509.0,509.0,,,0.0,,,0.0
2025-06-29 15:00:00,,,,,,,509.0,509.0,,,0.0,,,0.0
2025-06-29 16:00:00,,,,,,,509.0,509.0,,,0.0,,,0.0
2025-06-29 17:00:00,,,,,,,509.0,509.0,,,0.0,,,0.0
2025-06-29 18:00:00,,,,,,,1533.0,1533.0,,,0.0,,,0.0
2025-06-29 19:00:00,,,,,,,1533.0,1533.0,,,0.0,,,0.0
2025-06-29 20:00:00,,,,,,,1533.0,1533.0,,,0.0,,,0.0
2025-06-29 21:00:00,,,,,,,1529.0,1529.0,,,0.0,,,0.0
2025-06-29 22:00:00,,,,,,,1533.0,1533.0,,,0.0,,,0.0
2025-06-29 23:00:00,,,,,,,1529.0,1529.0,,,0.0,,,0.0
2025-06-30 00:00:00,,,,,,,1533.0,1533.0,,,0.0,,,0.0
2025-06-30 01:00:00,,,,,,,1533.0,1533.0,,,0.0,,,0.0
2025-06-30 02:00:00,,,,,,,1533.0,1533.0,,,0.0,,,0.0
2025-06-30 03:00:00,,,,,,,1533.0,1533.0,,,0.0,,,0.0
2025-06-30 04:00:00,,,,,,,1273.0,1273.0,,,0.0,,,0.0
2025-06-30 05:00:00,,,,,,,1533.0,1533.0,,,0.0,,,0.0
2025-06-30 06:00:00,,,,,,,1533.0,1533.0,,,0.0,,,0.0
2025-06-30 07:00:00,,,,,,,509.0,509.0,,,0.0,,,0.0
2025-06-30 08:00:00,,,,,,,509.0,509.0,,,0.0,,,0.0
2025-06-30 09:00:00,,,,,,,509.0,509.0,,,0.0,,,0.0
2025-06-30 10:00:00,,,,,,,509.0,509.0,,,0.0,,,0.0
2025-06-30 11:00:00,,,,,,,509.0,509.0,,,0.0,,,0.0
2025-06-30 12:00:00,,,,,,,509.0,509.0,,,0.0,,,0.0
2025-06-30 13:00:00,,,,,,,509.0,509.0,,,0.0,,,0.0
2025-06-30 14:00:00,,,,,,,509.0,509.0,,,0.0,,,0.0
2025-06-30 15:00:00,,,,,,,509.0,509.0,,,0.0,,,0.0
2025-06-30 16:00:00,,,,,,,509.0,509.0,,,0.0,,,0.0
2025-06-30 17:00:00,,,,,,,509.0,509.0,,,0.0,,,0.0
2025-06-30 18:00:00,,,,,,,1533.0,1533.0,,,0.0,,,0.0
2025-06-30 19:00:00,,,,,,,1529.0,1529.0,,,0.0,,,0.0
2025-06-30 20:00:00,,,,,,,1533.0,1533.0,,,0.0,,,0.0
2025-06-30 21:00:00,,,,,,,1533.0,1533.0,,,0.0,,,0.0
2025-06-30 22:00:00,,,,,,,1533.0,1533.0,,,0.0,,,0.0
2025-06-30 23:00:00,,,,,,,1533.0,1533.0,,,0.0,,,0.0
2025-07-01 00:00:00,,,,,,,1533.0,1533.0,,,0.0,,,0.0
2025-07-01 01:00:00,,,,,,,1533.0,1533.0,,,0.0,,,0.0
2025-07-01 02:00:00,,,,,,,1529.0,1529.0,,,0.0,,,0.0
2025-07-01 03:00:00,,,,,,,1533.0,1533.0,,,0.0,,,0.0
2025-07-01 04:00:00,,,,,,,1533.0,1533.0,,,0.0,,,0.0
2025-07-01 05:00:00,,,,,,,1533.0,1533.0,,,0.0,,,0.0
2025-07-01 06:00:00,,,,,,,1533.0,1533.0,,,0.0,,,0.0
2025-07-01 07:00:00,,,,,,,509.0,509.0,,,0.0,,,0.0
2025-07-01 08:00:00,,,,,,,509.0,509.0,,,0.0,,,0.0
2025-07-01 09:00:00,,,,,,,509.0,509.0,,,0.0,,,0.0
2025-07-01 10:00:00,,,,,,,509.0,509.0,,,0.0,,,0.0
2025-07-01 11:00:00,,,,,,,509.0,509.0,,,0.0,,,0.0
2025-07-01 12:00:00,,,,,,,509.0,509.0,,,0.0,,,0.0
2025-07-01 13:00:00,,,,,,,509.0,509.0,,,0.0,,,0.0
2025-07-01 14:00:00,,,,,,,509.0,509.0,,,0.0,,,0.0
2025-07-01 15:00:00,,,,,,,509.0,509.0,,,0.0,,,0.0
2025-07-01 16:00:00,,,,,,,509.0,509.0,,,0.0,,,0.0
2025-07-01 17:00:00,,,,,,,509.0,509.0,,,0.0,,,0.0
2025-07-01 18:00:00,,,,,,,1533.0,1533.0,,,0.0,,,0.0
2025-07-01 19:00:00,,,,,,,1529.0,1529.0,,,0.0,,,0.0
2025-07-01 20:00:00,,,,,,,1533.0,1533.0,,,0.0,,,0.0
2025-07-01 21:00:00,,,,,,,1533.0,1533.0,,,0.0,,,0.0
2025-07-01 22:00:00,,,,,,,1533.0,1533.0,,,0.0,,,0.0
2025-07-01 23:00:00,,,,,,,1533.0,1533.0,,,0.0,,,0.0
2025-07-02 00:00:00,,,,,,,1533.0,1533.0,,,0.0,,,0.0
2025-07-02 01:00:00,,,,,,,1529.0,1529.0,,,0.0,,,0.0
2025-07-02 02:00:00,,,,,,,1529.0,1529.0,,,0.0,,,0.0
2025-07-02 03:00:00,,,,,,,1273.0,1273.0,,,0.0,,,0.0
2025-07-02 04:00:00,,,,,,,1533.0,1533.0,,,0.0,,,0.0
2025-07-02 05:00:00,,,,,,,1533.0,1533.0,,,0.0,,,0.0
2025-07-02 06:00:00,,,,,,,1533.0,1533.0,,,0.0,,,0.0
2025-07-02 07:00:00,,,,,,,509.0,509.0,,,0.0,,,0.0
2025-07-02 08:00:00,,,,,,,509.0,509.0,,,0.0,,,0.0
2025-07-02 09:00:00,,,,,,,509.0,509.0,,,0.0,,,0.0
2025-07-02 10:00:00,,,,,,,509.0,509.0,,,0.0,,,0.0
2025-07-02 11:00:00,,,,,,,509.0,509.0,,,0.0,,,0.0
2025-07-02 12:00:00,,,,,,,509.0,509.0,,,0.0,,,0.0
2025-07-02 13:00:00,,,,,,,509.0,509.0,,,0.0,,,0.0
2025-07-02 14:00:00,,,,,,,509.0,509.0,,,0.0,,,0.0
2025-07-02 15:00:00,,,,,,,509.0,509.0,,,0.0,,,0.0
2025-07-02 16:00:00,,,,,,,509.0,509.0,,,0.0,,,0.0
2025-07-02 17:00:00,,,,,,,509.0,509.0,0.1498,0.0,1.0,0.8298,0.0,1.0
2025-07-02 18:00:00,,,,,,,1529.0,1529.0,,,0.0,,,0.0
2025-07-02 19:00:00,,,,,,,1529.0,1529.0,,,0.0,,,0.0
2025-07-02 20:00:00,,,,,,,1273.0,1273.0,,,0.0,,,0.0
2025-07-02 21:00:00,,,,,,,1529.0,1529.0,,,0.0,,,0.0
2025-07-02 22:00:00,,,,,,,1529.0,1529.0,,,0.0,,,0.0
2025-07-02 23:00:00,,,,,,,1533.0,1533.0,,,0.0,,,0.0
2025-07-03 00:00:00,,,,,,,1533.0,1533.0,,,0.0,,,0.0
2025-07-03 01:00:00,,,,,,,1529.0,1529.0,,,0.0,,,0.0
2025-07-03 02:00:00,,,,,,,1533.0,1533.0,,,0.0,,,0.0
2025-07-03 03:00:00,,,,,,,1529.0,1529.0,,,0.0,,,0.0
2025-07-03 04:00:00,,,,,,,1529.0,1529.0,,,0.0,,,0.0
2025-07-03 05:00:00,,,,,,,1529.0,1529.0,,,0.0,,,0.0
2025-07-03 06:00:00,,,,,,,1533.0,1533.0,,,0.0,,,0.0
2025-07-03 07:00:00,,,,,,,509.0,509.0,,,0.0,,,0.0
2025-07-03 08:00:00,,,,,,,509.0,509.0,,,0.0,,,0.0
2025-07-03 09:00:00,,,,,,,509.0,509.0,,,0.0,,,0.0
2025-07-03 10:00:00,,,,,,,509.0,509.0,,,0.0,,,0.0
2025-07-03 11:00:00,,,,,,,509.0,509.0,,,0.0,,,0.0
2025-07-03 12:00:00,,,,,,,509.0,509.0,,,0.0,,,0.0
2025-07-03 13:00:00,,,,,,,509.0,509.0,,,0.0,,,0.0
2025-07-03 14:00:00,,,,,,,509.0,509.0,,,0.0,,,0.0
2025-07-03 15:00:00,,,,,,,509.0,509.0,,,0.0,,,0.0
2025-07-03 16:00:00,,,,,,,509.0,509.0,,,0.0,,,0.0
2025-07-03 17:00:00,,,,,,,509.0,509.0,,,0.0,,,0.0
2025-07-03 18:00:00,,,,,,,1533.0,1533.0,,,0.0,,,0.0
2025-07-03 19:00:00,,,,,,,1533.0,1533.0,,,0.0,,,0.0
2025-07-03 20:00:00,,,,,,,1533.0,1533.0,,,0.0,,,0.0
2025-07-03 21:00:00,,,,,,,1533.0,1533.0,,,0.0,,,0.0
2025-07-03 22:00:00,,,,,,,1533.0,1533.0,,,0.0,,,0.0
2025-07-03 23:00:00,,,,,,,1533.0,1533.0,,,0.0,,,0.0
2025-07-04 00:00:00,,,,,,,1529.0,1529.0,,,0.0,,,0.0
2025-07-04 01:00:00,,,,,,,1533.0,1533.0,,,0.0,,,0.0
2025-07-04 02:00:00,,,,,,,1533.0,1533.0,,,0.0,,,0.0
2025-07-04 03:00:00,,,,,,,1533.0,1533.0,,,0.0,,,0.0
2025-07-04 04:00:00,,,,,,,1529.0,1529.0,,,0.0,,,0.0
2025-07-04 05:00:00,,,,,,,1533.0,1533.0,,,0.0,,,0.0
2025-07-04 06:00:00,,,,,,,1533.0,1533.0,,,0.0,,,0.0
2025-07-04 07:00:00,,,,,,,509.0,509.0,,,0.0,,,0.0
2025-07-04 08:00:00,,,,,,,509.0,509.0,,,0.0,,,0.0
2025-07-04 09:00:00,,,,,,,509.0,509.0,,,0.0,,,0.0
2025-07-04 10:00:00,,,,,,,509.0,509.0,,,0.0,,,0.0
2025-07-04 11:00:00,,,,,,,509.0,509.0,,,0.0,,,0.0
2025-07-04 12:00:00,,,,,,,509.0,509.0,,,0.0,,,0.0
2025-07-04 13:00:00,,,,,,,509.0,509.0,,,0.0,,,0.0
2025-07-04 14:00:00,,,,,,,509.0,509.0,,,0.0,,,0.0
2025-07-04 15:00:00,,,,,,,509.0,509.0,,,0.0,,,0.0
2025-07-04 16:00:00,,,,,,,509.0,509.0,,,0.0,,,0.0
2025-07-04 17:00:00,,,,,,,509.0,509.0,,,0.0,,,0.0
2025-07-04 18:00:00,,,,,,,1533.0,1533.0,,,0.0,,,0.0
2025-07-04 19:00:00,,,,,,,1529.0,1529.0,,,0.0,,,0.0
2025-07-04 20:00:00,,,,,,,1533.0,1533.0,,,0.0,,,0.0
2025-07-04 21:00:00,,,,,,,1529.0,1529.0,,,0.0,,,0.0
2025-07-04 22:00:00,,,,,,,1273.0,1273.0,,,0.0,,,0.0
2025-07-04 23:00:00,,,,,,,1533.0,1533.0,,,0.0,,,0.0
2025-07-05 00:00:00,,,,,,,1533.0,1533.0,,,0.0,,,0.0
2025-07-05 01:00:00,,,,,,,1533.0,1533.0,,,0.0,,,0.0
2025-07-05 02:00:00,,,,,,,1529.0,1529.0,,,0.0,,,0.0
2025-07-05 03:00:00,,,,,,,1273.0,1273.0,,,0.0,,,0.0
2025-07-05 04:00:00,,,,,,,1273.0,1273.0,,,0.0,,,0.0
2025-07-05 05:00:00,,,,,,,1529.0,1529.0,,,0.0,,,0.0
2025-07-05 06:00:00,,,,,,,1533.0,1533.0,,,0.0,,,0.0
2025-07-05 07:00:00,,,,,,,509.0,509.0,,,0.0,,,0.0
2025-07-05 08:00:00,,,,,,,509.0,509.0,,,0.0,,,0.0
2025-07-05 09:00:00,,,,,,,509.0,509.0,,,0.0,,,0.0
2025-07-05 10:00:00,,,,,,,509.0,509.0,,,0.0,,,0.0
2025-07-05 11:00:00,,,,,,,509.0,509.0,,,0.0,,,0.0
2025-07-05 12:00:00,,,,,,,509.0,509.0,,,0.0,,,0.0
2025-07-05 13:00:00,,,,,,,509.0,509.0,,,0.0,,,0.0
2025-07-05 14:00:00,,,,,,,509.0,509.0,,,0.0,,,0.0
2025-07-05 15:00:00,,,,,,,509.0,509.0,,,0.0,,,0.0
2025-07-05 16:00:00,,,,,,,509.0,509.0,,,0.0,,,0.0
2025-07-05 17:00:00,,,,,,,509.0,509.0,0.0624,0.053,2.0,1.1262,0.013999999,2.0
2025-07-05 18:00:00,,,,,,,1529.0,1529.0,,,0.0,,,0.0
2025-07-05 19:00:00,,,,,,,1533.0,1533.0,,,0.0,,,0.0
2025-07-05 20:00:00,,,,,,,1529.0,1529.0,,,0.0,,,0.0
2025-07-05 21:00:00,,,,,,,1533.0,1533.0,,,0.0,,,0.0
2025-07-05 22:00:00,,,,,,,1533.0,1533.0,,,0.0,,,0.0
2025-07-05 23:00:00,,,,,,,1533.0,1533.0,,,0.0,,,0.0
2025-07-06 00:00:00,,,,,,,1529.0,1529.0,,,0.0,,,0.0
2025-07-06 01:00:00,,,,,,,1533.0,1533.0,,,0.0,,,0.0
2025-07-06 02:00:00,,,,,,,1533.0,1533.0,,,0.0,,,0.0
2025-07-06 03:00:00,,,,,,,1533.0,1533.0,,,0.0,,,0.0
2025-07-06 04:00:00,,,,,,,1533.0,1533.0,,,0.0,,,0.0
2025-07-06 05:00:00,,,,,,,1533.0,1533.0,,,0.0,,,0.0
2025-07-06 06:00:00,,,,,,,1533.0,1533.0,,,0.0,,,0.0
2025-07-06 07:00:00,,,,,,,509.0,509.0,,,0.0,,,0.0
2025-07-06 08:00:00,,,,,,,509.0,509.0,,,0.0,,,0.0
2025-07-06 09:00:00,,,,,,,509.0,509.0,0.8452,0.0,1.0,1.5504,0.0,1.0
2025-07-06 10:00:00,,,,,,,509.0,509.0,,,0.0,,,0.0
2025-07-06 11:00:00,,,,,,,509.0,509.0,,,0.0,,,0.0
2025-07-06 12:00:00,,,,,,,509.0,509.0,,,0.0,,,0.0
2025-07-06 13:00:00,,,,,,,509.0,509.0,,,0.0,,,0.0
2025-07-06 14:00:00,,,,,,,509.0,509.0,,,0.0,,,0.0
2025-07-06 15:00:00,,,,,,,509.0,509.0,,,0.0,,,0.0
2025-07-06 16:00:00,,,,,,,509.0,509.0,,,0.0,,,0.0
2025-07-06 17:00:00,,,,,,,509.0,509.0,,,0.0,,,0.0
2025-07-06 18:00:00,,,,,,,1533.0,1533.0,,,0.0,,,0.0
2025-07-06 19:00:00,,,,,,,1533.0,1533.0,,,0.0,,,0.0
2025-07-06 20:00:00,,,,,,,1529.0,1529.0,,,0.0,,,0.0
2025-07-06 21:00:00,,,,,,,1529.0,1529.0,,,0.0,,,0.0
2025-07-06 22:00:00,,,,,,,1529.0,1529.0,,,0.0,,,0.0
2025-07-06 23:00:00,,,,,,,1529.0,1529.0,,,0.0,,,0.0
2025-07-07 00:00:00,,,,,,,1273.0,1273.0,,,0.0,,,0.0
2025-07-07 01:00:00,,,,,,,1273.0,1273.0,,,0.0,,,0.0
2025-07-07 02:00:00,,,,,,,1273.0,1273.0,,,0.0,,,0.0
2025-07-07 03:00:00,,,,,,,1273.0,1273.0,,,0.0,,,0.0
2025-07-07 04:00:00,,,,,,,1273.0,1273.0,,,0.0,,,0.0
2025-07-07 05:00:00,,,,,,,1533.0,1533.0,,,0.0,,,0.0
2025-07-07 06:00:00,,,,,,,1533.0,1533.0,,,0.0,,,0.0
2025-07-07 07:00:00,,,,,,,509.0,509.0,,,0.0,,,0.0
2025-07-07 08:00:00,,,,,,,509.0,509.0,,,0.0,,,0.0
2025-07-07 09:00:00,,,,,,,509.0,509.0,,,0.0,,,0.0
2025-07-07 10:00:00,,,,,,,509.0,509.0,,,0.0,,,0.0
2025-07-07 11:00:00,,,,,,,509.0,509.0,,,0.0,,,0.0
2025-07-07 12:00:00,,,,,,,509.0,509.0,,,0.0,,,0.0
2025-07-07 13:00:00,,,,,,,509.0,509.0,0.0346,0.0,1.0,1.0712999,0.0,1.0
2025-07-07 14:00:00,,,,,,,509.0,509.0,,,0.0,,,0.0
2025-07-07 15:00:00,,,,,,,509.0,509.0,,,0.0,,,0.0
2025-07-07 16:00:00,,,,,,,505.0,504.0,0.2636,0.1554,2.0,1.1133,0.13739997,2.0
2025-07-07 17:00:00,,,,,,,509.0,509.0,0.4252,0.056599997,4.0,0.9707999,0.07019997,4.0
2025-07-07 18:00:00,,,,,,,1529.0,1529.0,,,0.0,,,0.0
2025-07-07 19:00:00,,,,,,,1273.0,1273.0,,,0.0,,,0.0
2025-07-07 20:00:00,,,,,,,1529.0,1529.0,,,0.0,,,0.0
2025-07-07 21:00:00,,,,,,,1533.0,1533.0,,,0.0,,,0.0
2025-07-07 22:00:00,,,,,,,1529.0,1529.0,,,0.0,,,0.0
2025-07-07 23:00:00,,,,,,,1533.0,1533.0,,,0.0,,,0.0
2025-07-08 00:00:00,,,,,,,1529.0,1529.0,,,0.0,,,0.0
2025-07-08 01:00:00,,,,,,,1273.0,1273.0,,,0.0,,,0.0
2025-07-08 02:00:00,,,,,,,1533.0,1533.0,,,0.0,,,0.0
2025-07-08 03:00:00,,,,,,,1529.0,1529.0,,,0.0,,,0.0
2025-07-08 04:00:00,,,,,,,1273.0,1273.0,,,0.0,,,0.0
2025-07-08 05:00:00,,,,,,,1273.0,1273.0,,,0.0,,,0.0
2025-07-08 06:00:00,,,,,,,1533.0,1533.0,,,0.0,,,0.0
2025-07-08 07:00:00,,,,,,,509.0,509.0,,,0.0,,,0.0
2025-07-08 08:00:00,,,,,,,509.0,509.0,,,0.0,,,0.0
2025-07-08 09:00:00,,,,,,,509.0,509.0,,,0.0,,,0.0
2025-07-08 10:00:00,,,,,,,249.0,248.0,0.504,0.0804,3.0,1.0195999,0.1293,3.0
2025-07-08 11:00:00,,,,,,,509.0,509.0,,,0.0,,,0.0
2025-07-08 12:00:00,,,,,,,509.0,509.0,,,0.0,,,0.0
2025-07-08 13:00:00,,,,,,,509.0,509.0,,,0.0,,,0.0
2025-07-08 14:00:00,,,,,,,509.0,509.0,,,0.0,,,0.0
2025-07-08 15:00:00,,,,,,,509.0,509.0,,,0.0,,,0.0
2025-07-08 16:00:00,,,,,,,509.0,509.0,,,0.0,,,0.0
2025-07-08 17:00:00,,,,,,,509.0,509.0,,,0.0,,,0.0
2025-07-08 18:00:00,,,,,,,1533.0,1533.0,,,0.0,,,0.0
2025-07-08 19:00:00,,,,,,,1533.0,1533.0,,,0.0,,,0.0
2025-07-08 20:00:00,,,,,,,1533.0,1533.0,,,0.0,,,0.0
2025-07-08 21:00:00,,,,,,,1529.0,1529.0,,,0.0,,,0.0
2025-07-08 22:00:00,,,,,,,1533.0,1533.0,,,0.0,,,0.0
2025-07-08 23:00:00,,,,,,,1533.0,1533.0,,,0.0,,,0.0
2025-07-09 00:00:00,,,,,,,1533.0,1533.0,,,0.0,,,0.0
2025-07-09 01:00:00,,,,,,,1529.0,1529.0,,,0.0,,,0.0
2025-07-09 02:00:00,,,,,,,1529.0,1529.0,,,0.0,,,0.0
2025-07-09 03:00:00,,,,,,,1533.0,1533.0,,,0.0,,,0.0
2025-07-09 04:00:00,,,,,,,1529.0,1529.0,,,0.0,,,0.0
2025-07-09 05:00:00,,,,,,,1529.0,1529.0,,,0.0,,,0.0
2025-07-09 06:00:00,,,,,,,1533.0,1533.0,,,0.0,,,0.0
2025-07-09 07:00:00,,,,,,,509.0,509.0,,,0.0,,,0.0
2025-07-09 08:00:00,,,,,,,509.0,509.0,,,0.0,,,0.0
2025-07-09 09:00:00,,,,,,,509.0,509.0,0.4558,0.0,1.0,0.8083,0.0,1.0
2025-07-09 10:00:00,,,,,,,505.0,504.0,0.4526,0.0,1.0,0.9404,0.0,1.0
2025-07-09 11:00:00,,,,,,,509.0,509.0,0.5546,0.0,1.0,0.8873,0.0,1.0
2025-07-09 12:00:00,,,,,,,509.0,509.0,,,0.0,,,0.0
2025-07-09 13:00:00,,,,,,,509.0,509.0,,,0.0,,,0.0
2025-07-09 14:00:00,,,,,,,509.0,509.0,,,0.0,,,0.0
2025-07-09 15:00:00,,,,,,,509.0,509.0,,,0.0,,,0.0
2025-07-09 16:00:00,,,,,,,509.0,509.0,,,0.0,,,0.0
2025-07-09 17:00:00,,,,,,,509.0,509.0,,,0.0,,,0.0
2025-07-09 18:00:00,,,,,,,1533.0,1533.0,,,0.0,,,0.0
2025-07-09 19:00:00,,,,,,,1533.0,1533.0,,,0.0,,,0.0
2025-07-09 20:00:00,,,,,,,1533.0,1533.0,,,0.0,,,0.0
2025-07-09 21:00:00,,,,,,,1533.0,1533.0,,,0.0,,,0.0
2025-07-09 22:00:00,,,,,,,1529.0,1529.0,,,0.0,,,0.0
2025-07-09 23:00:00,,,,,,,1533.0,1533.0,,,0.0,,,0.0
2025-07-10 00:00:00,,,,,,,1529.0,1529.0,,,0.0,,,0.0
2025-07-10 01:00:00,,,,,,,1533.0,1533.0,,,0.0,,,0.0
2025-07-10 02:00:00,,,,,,,1533.0,1533.0,,,0.0,,,0.0
2025-07-10 03:00:00,,,,,,,1533.0,1533.0,,,0.0,,,0.0
2025-07-10 04:00:00,,,,,,,1533.0,1533.0,,,0.0,,,0.0
2025-07-10 05:00:00,,,,,,,1533.0,1533.0,,,0.0,,,0.0
2025-07-10 06:00:00,,,,,,,1533.0,1533.0,,,0.0,,,0.0
2025-07-10 07:00:00,,,,,,,509.0,509.0,,,0.0,,,0.0
2025-07-10 08:00:00,,,,,,,509.0,509.0,,,0.0,,,0.0
2025-07-10 09:00:00,,,,,,,509.0,509.0,,,0.0,,,0.0
2025-07-10 10:00:00,,,,,,,509.0,509.0,,,0.0,,,0.0
2025-07-10 11:00:00,,,,,,,509.0,509.0,,,0.0,,,0.0
2025-07-10 12:00:00,,,,,,,509.0,509.0,,,0.0,,,0.0
2025-07-10 13:00:00,,,,,,,509.0,509.0,,,0.0,,,0.0
2025-07-10 14:00:00,,,,,,,509.0,509.0,,,0.0,,,0.0
2025-07-10 15:00:00,,,,,,,509.0,509.0,,,0.0,,,0.0
2025-07-10 16:00:00,,,,,,,509.0,509.0,,,0.0,,,0.0
2025-07-10 17:00:00,,,,,,,509.0,509.0,,,0.0,,,0.0
2025-07-10 18:00:00,,,,,,,1533.0,1533.0,,,0.0,,,0.0
2025-07-10 19:00:00,,,,,,,1533.0,1533.0,,,0.0,,,0.0
2025-07-10 20:00:00,,,,,,,1533.0,1533.0,,,0.0,,,0.0
2025-07-10 21:00:00,,,,,,,1533.0,1533.0,,,0.0,,,0.0
2025-07-10 22:00:00,,,,,,,1533.0,1533.0,,,0.0,,,0.0
2025-07-10 23:00:00,,,,,,,1529.0,1529.0,,,0.0,,,0.0
2025-07-11 00:00:00,,,,,,,1533.0,1533.0,,,0.0,,,0.0
2025-07-11 01:00:00,,,,,,,1533.0,1533.0,,,0.0,,,0.0
2025-07-11 02:00:00,,,,,,,1533.0,1533.0,,,0.0,,,0.0
2025-07-11 03:00:00,,,,,,,1533.0,1533.0,,,0.0,,,0.0
2025-07-11 04:00:00,,,,,,,1533.0,1533.0,,,0.0,,,0.0
2025-07-11 05:00:00,,,,,,,1533.0,1533.0,,,0.0,,,0.0
2025-07-11 06:00:00,,,,,,,1533.0,1533.0,,,0.0,,,0.0
2025-07-11 07:00:00,,,,,,,509.0,509.0,,,0.0,,,0.0
2025-07-11 08:00:00,,,,,,,509.0,509.0,,,0.0,,,0.0
2025-07-11 09:00:00,,,,,,,509.0,509.0,,,0.0,,,0.0
2025-07-11 10:00:00,,,,,,,509.0,509.0,,,0.0,,,0.0
2025-07-11 11:00:00,,,,,,,509.0,509.0,,,0.0,,,0.0
2025-07-11 12:00:00,,,,,,,509.0,509.0,,,0.0,,,0.0
2025-07-11 13:00:00,,,,,,,509.0,509.0,,,0.0,,,0.0
2025-07-11 14:00:00,,,,,,,509.0,509.0,,,0.0,,,0.0
2025-07-11 15:00:00,,,,,,,509.0,509.0,,,0.0,,,0.0
2025-07-11 16:00:00,,,,,,,509.0,509.0,,,0.0,,,0.0
2025-07-11 17:00:00,,,,,,,509.0,509.0,,,0.0,,,0.0
2025-07-11 18:00:00,,,,,,,1529.0,1529.0,,,0.0,,,0.0
2025-07-11 19:00:00,,,,,,,1529.0,1529.0,,,0.0,,,0.0
2025-07-11 20:00:00,,,,,,,1533.0,1533.0,,,0.0,,,0.0
2025-07-11 21:00:00,,,,,,,1533.0,1533.0,,,0.0,,,0.0
2025-07-11 22:00:00,,,,,,,1533.0,1533.0,,,0.0,,,0.0
2025-07-11 23:00:00,,,,,,,1533.0,1533.0,,,0.0,,,0.0
2025-07-12 00:00:00,,,,,,,1533.0,1533.0,,,0.0,,,0.0
2025-07-12 01:00:00,,,,,,,1533.0,1533.0,,,0.0,,,0.0
2025-07-12 02:00:00,,,,,,,1533.0,1533.0,,,0.0,,,0.0
2025-07-12 03:00:00,,,,,,,1529.0,1529.0,,,0.0,,,0.0
2025-07-12 04:00:00,,,,,,,1529.0,1529.0,,,0.0,,,0.0
2025-07-12 05:00:00,,,,,,,1533.0,1533.0,,,0.0,,,0.0
2025-07-12 06:00:00,,,,,,,1533.0,1533.0,,,0.0,,,0.0
2025-07-12 07:00:00,,,,,,,509.0,509.0,,,0.0,,,0.0
2025-07-12 08:00:00,,,,,,,509.0,509.0,,,0.0,,,0.0
2025-07-12 09:00:00,,,,,,,509.0,509.0,,,0.0,,,0.0
2025-07-12 10:00:00,,,,,,,509.0,509.0,,,0.0,,,0.0
2025-07-12 11:00:00,,,,,,,509.0,509.0,,,0.0,,,0.0
2025-07-12 12:00:00,,,,,,,509.0,509.0,,,0.0,,,0.0
2025-07-12 13:00:00,,,,,,,509.0,509.0,,,0.0,,,0.0
2025-07-12 14:00:00,,,,,,,509.0,509.0,,,0.0,,,0.0
2025-07-12 15:00:00,,,,,,,509.0,509.0,,,0.0,,,0.0
2025-07-12 16:00:00,,,,,,,509.0,509.0,,,0.0,,,0.0
2025-07-12 17:00:00,,,,,,,509.0,509.0,,,0.0,,,0.0
2025-07-12 18:00:00,,,,,,,1533.0,1533.0,,,0.0,,,0.0
2025-07-12 19:00:00,,,,,,,1533.0,1533.0,,,0.0,,,0.0
2025-07-12 20:00:00,,,,,,,1533.0,1533.0,,,0.0,,,0.0
2025-07-12 21:00:00,,,,,,,1533.0,1533.0,,,0.0,,,0.0
2025-07-12 22:00:00,,,,,,,1533.0,1533.0,,,0.0,,,0.0
2025-07-12 23:00:00,,,,,,,1533.0,1533.0,,,0.0,,,0.0
2025-07-13 00:00:00,,,,,,,1529.0,1529.0,,,0.0,,,0.0
2025-07-13 01:00:00,,,,,,,1533.0,1533.0,,,0.0,,,0.0
2025-07-13 02:00:00,,,,,,,1533.0,1533.0,,,0.0,,,0.0
2025-07-13 03:00:00,,,,,,,1529.0,1529.0,,,0.0,,,0.0
2025-07-13 04:00:00,,,,,,,1529.0,1529.0,,,0.0,,,0.0
2025-07-13 05:00:00,,,,,,,1533.0,1533.0,,,0.0,,,0.0
2025-07-13 06:00:00,,,,,,,1533.0,1533.0,,,0.0,,,0.0
2025-07-13 07:00:00,,,,,,,509.0,509.0,,,0.0,,,0.0
2025-07-13 08:00:00,,,,,,,509.0,509.0,,,0.0,,,0.0
2025-07-13 09:00:00,,,,,,,509.0,509.0,,,0.0,,,0.0
2025-07-13 10:00:00,,,,,,,509.0,509.0,,,0.0,,,0.0
2025-07-13 11:00:00,,,,,,,509.0,509.0,,,0.0,,,0.0
2025-07-13 12:00:00,,,,,,,509.0,509.0,,,0.0,,,0.0
2025-07-13 13:00:00,,,,,,,509.0,509.0,,,0.0,,,0.0
2025-07-13 14:00:00,,,,,,,509.0,509.0,,,0.0,,,0.0
2025-07-13 15:00:00,,,,,,,509.0,509.0,,,0.0,,,0.0
2025-07-13 16:00:00,,,,,,,509.0,509.0,,,0.0,,,0.0
2025-07-13 17:00:00,,,,,,,509.0,509.0,0.3664,0.049,2.0,0.9247,0.055899978,2.0
2025-07-13 18:00:00,,,,,,,1533.0,1533.0,,,0.0,,,0.0
2025-07-13 19:00:00,,,,,,,1533.0,1533.0,,,0.0,,,0.0
2025-07-13 20:00:00,,,,,,,1533.0,1533.0,,,0.0,,,0.0
2025-07-13 21:00:00,,,,,,,1533.0,1533.0,,,0.0,,,0.0
2025-07-13 22:00:00,,,,,,,1533.0,1533.0,,,0.0,,,0.0
2025-07-13 23:00:00,,,,,,,1533.0,1533.0,,,0.0,,,0.0
2025-07-14 00:00:00,,,,,,,1533.0,1533.0,,,0.0,,,0.0
2025-07-14 01:00:00,,,,,,,1533.0,1533.0,,,0.0,,,0.0
2025-07-14 02:00:00,,,,,,,1533.0,1533.0,,,0.0,,,0.0
2025-07-14 03:00:00,,,,,,,1533.0,1533.0,,,0.0,,,0.0
2025-07-14 04:00:00,,,,,,,1533.0,1533.0,,,0.0,,,0.0
2025-07-14 05:00:00,,,,,,,1533.0,1533.0,,,0.0,,,0.0
2025-07-14 06:00:00,,,,,,,1533.0,1533.0,,,0.0,,,0.0
2025-07-14 07:00:00,,,,,,,509.0,509.0,,,0.0,,,0.0
2025-07-14 08:00:00,,,,,,,509.0,509.0,,,0.0,,,0.0
2025-07-14 09:00:00,,,,,,,505.0,504.0,1.8618,0.0,1.0,1.0842999,0.0,1.0
2025-07-14 10:00:00,,,,,,,509.0,509.0,,,0.0,,,0.0
2025-07-14 11:00:00,,,,,,,509.0,509.0,,,0.0,,,0.0
2025-07-14 12:00:00,,,,,,,509.0,509.0,,,0.0,,,0.0
2025-07-14 13:00:00,,,,,,,509.0,509.0,,,0.0,,,0.0
2025-07-14 14:00:00,,,,,,,509.0,509.0,,,0.0,,,0.0
2025-07-14 15:00:00,,,,,,,509.0,509.0,,,0.0,,,0.0
2025-07-14 16:00:00,,,,,,,509.0,509.0,,,0.0,,,0.0
2025-07-14 17:00:00,,,,,,,509.0,509.0,,,0.0,,,0.0
2025-07-14 18:00:00,,,,,,,1533.0,1533.0,,,0.0,,,0.0
2025-07-14 19:00:00,,,,,,,1529.0,1529.0,,,0.0,,,0.0
2025-07-14 20:00:00,,,,,,,1533.0,1533.0,,,0.0,,,0.0
2025-07-14 21:00:00,,,,,,,1533.0,1533.0,,,0.0,,,0.0
2025-07-14 22:00:00,,,,,,,1533.0,1533.0,,,0.0,,,0.0
2025-07-14 23:00:00,,,,,,,1533.0,1533.0,,,0.0,,,0.0
2025-07-15 00:00:00,,,,,,,1533.0,1533.0,,,0.0,,,0.0
2025-07-15 01:00:00,,,,,,,1533.0,1533.0,,,0.0,,,0.0
2025-07-15 02:00:00,,,,,,,1533.0,1533.0,,,0.0,,,0.0
2025-07-15 03:00:00,,,,,,,1529.0,1529.0,,,0.0,,,0.0
2025-07-15 04:00:00,,,,,,,1529.0,1529.0,,,0.0,,,0.0
2025-07-15 05:00:00,,,,,,,1533.0,1533.0,,,0.0,,,0.0
2025-07-15 06:00:00,,,,,,,1533.0,1533.0,,,0.0,,,0.0
2025-07-15 07:00:00,,,,,,,509.0,509.0,,,0.0,,,0.0
2025-07-15 08:00:00,,,,,,,509.0,509.0,,,0.0,,,0.0
2025-07-15 09:00:00,,,,,,,509.0,509.0,,,0.0,,,0.0
2025-07-15 10:00:00,,,,,,,509.0,509.0,,,0.0,,,0.0
2025-07-15 11:00:00,,,,,,,509.0,509.0,,,0.0,,,0.0
2025-07-15 12:00:00,,,,,,,509.0,509.0,,,0.0,,,0.0
2025-07-15 13:00:00,,,,,,,509.0,509.0,,,0.0,,,0.0
2025-07-15 14:00:00,,,,,,,509.0,509.0,,,0.0,,,0.0
2025-07-15 15:00:00,,,,,,,509.0,509.0,,,0.0,,,0.0
2025-07-15 16:00:00,,,,,,,249.0,248.0,0.1698,0.0,1.0,1.0332999,0.0,1.0
2025-07-15 17:00:00,,,,,,,505.0,504.0,0.2716,0.1012,6.0,0.8412,0.16279995,6.0
2025-07-15 18:00:00,,,,,,,1533.0,1533.0,,,0.0,,,0.0
2025-07-15 19:00:00,,,,,,,1533.0,1533.0,,,0.0,,,0.0
2025-07-15 20:00:00,,,,,,,1529.0,1529.0,,,0.0,,,0.0
2025-07-15 21:00:00,,,,,,,1533.0,1533.0,,,0.0,,,0.0
2025-07-15 22:00:00,,,,,,,1533.0,1533.0,,,0.0,,,0.0
2025-07-15 23:00:00,,,,,,,1533.0,1533.0,,,0.0,,,0.0
2025-07-16 00:00:00,,,,,,,1533.0,1533.0,,,0.0,,,0.0
2025-07-16 01:00:00,,,,,,,1529.0,1529.0,,,0.0,,,0.0
2025-07-16 02:00:00,,,,,,,1533.0,1533.0,,,0.0,,,0.0
2025-07-16 03:00:00,,,,,,,1529.0,1529.0,,,0.0,,,0.0
2025-07-16 04:00:00,,,,,,,1533.0,1533.0,,,0.0,,,0.0
2025-07-16 05:00:00,,,,,,,1533.0,1533.0,,,0.0,,,0.0
2025-07-16 06:00:00,,,,,,,1533.0,1533.0,,,0.0,,,0.0
2025-07-16 07:00:00,,,,,,,509.0,509.0,,,0.0,,,0.0
2025-07-16 08:00:00,,,,,,,509.0,509.0,,,0.0,,,0.0
2025-07-16 09:00:00,,,,,,,509.0,509.0,,,0.0,,,0.0
2025-07-16 10:00:00,,,,,,,509.0,509.0,,,0.0,,,0.0
2025-07-16 11:00:00,,,,,,,509.0,509.0,,,0.0,,,0.0
2025-07-16 12:00:00,,,,,,,509.0,509.0,,,0.0,,,0.0
2025-07-16 13:00:00,,,,,,,509.0,509.0,,,0.0,,,0.0
2025-07-16 14:00:00,,,,,,,509.0,509.0,,,0.0,,,0.0
2025-07-16 15:00:00,,,,,,,509.0,509.0,,,0.0,,,0.0
2025-07-16 16:00:00,,,,,,,509.0,509.0,,,0.0,,,0.0
2025-07-16 17:00:00,,,,,,,509.0,509.0,,,0.0,,,0.0
2025-07-16 18:00:00,,,,,,,1533.0,1533.0,,,0.0,,,0.0
2025-07-16 19:00:00,,,,,,,1533.0,1533.0,,,0.0,,,0.0
2025-07-16 20:00:00,,,,,,,1533.0,1533.0,,,0.0,,,0.0
2025-07-16 21:00:00,,,,,,,1529.0,1529.0,,,0.0,,,0.0
2025-07-16 22:00:00,,,,,,,1533.0,1533.0,,,0.0,,,0.0
2025-07-16 23:00:00,,,,,,,1529.0,1529.0,,,0.0,,,0.0
2025-07-17 00:00:00,,,,,,,1533.0,1533.0,,,0.0,,,0.0
2025-07-17 01:00:00,,,,,,,1533.0,1533.0,,,0.0,,,0.0
2025-07-17 02:00:00,,,,,,,1533.0,1533.0,,,0.0,,,0.0
2025-07-17 03:00:00,,,,,,,1529.0,1529.0,,,0.0,,,0.0
2025-07-17 04:00:00,,,,,,,1273.0,1273.0,,,0.0,,,0.0
2025-07-17 05:00:00,,,,,,,1273.0,1273.0,,,0.0,,,0.0
2025-07-17 06:00:00,,,,,,,1533.0,1533.0,,,0.0,,,0.0
2025-07-17 07:00:00,,,,,,,509.0,509.0,,,0.0,,,0.0
2025-07-17 08:00:00,,,,,,,509.0,509.0,,,0.0,,,0.0
2025-07-17 09:00:00,,,,,,,509.0,509.0,,,0.0,,,0.0
2025-07-17 10:00:00,,,,,,,509.0,509.0,,,0.0,,,0.0
2025-07-17 11:00:00,,,,,,,509.0,509.0,,,0.0,,,0.0
2025-07-17 12:00:00,,,,,,,509.0,509.0,,,0.0,,,0.0
2025-07-17 13:00:00,,,,,,,509.0,509.0,,,0.0,,,0.0
2025-07-17 14:00:00,,,,,,,509.0,509.0,,,0.0,,,0.0
2025-07-17 15:00:00,,,,,,,509.0,509.0,,,0.0,,,0.0
2025-07-17 16:00:00,,,,,,,509.0,509.0,,,0.0,,,0.0
2025-07-17 17:00:00,,,,,,,505.0,504.0,0.3202,0.0,1.0,0.52390003,0.0,1.0
2025-07-17 18:00:00,,,,,,,1533.0,1533.0,,,0.0,,,0.0
2025-07-17 19:00:00,,,,,,,1529.0,1529.0,,,0.0,,,0.0
2025-07-17 20:00:00,,,,,,,1529.0,1529.0,,,0.0,,,0.0
2025-07-17 21:00:00,,,,,,,1533.0,1533.0,,,0.0,,,0.0
2025-07-17 22:00:00,,,,,,,1529.0,1529.0,,,0.0,,,0.0
2025-07-17 23:00:00,,,,,,,1533.0,1533.0,,,0.0,,,0.0
2025-07-18 00:00:00,,,,,,,1273.0,1273.0,,,0.0,,,0.0
2025-07-18 01:00:00,,,,,,,1529.0,1529.0,,,0.0,,,0.0
2025-07-18 02:00:00,,,,,,,1533.0,1533.0,,,0.0,,,0.0
2025-07-18 03:00:00,,,,,,,1533.0,1533.0,,,0.0,,,0.0
2025-07-18 04:00:00,,,,,,,1529.0,1529.0,,,0.0,,,0.0
2025-07-18 05:00:00,,,,,,,1533.0,1533.0,,,0.0,,,0.0
2025-07-18 06:00:00,,,,,,,1533.0,1533.0,,,0.0,,,0.0
2025-07-18 07:00:00,,,,,,,509.0,509.0,,,0.0,,,0.0
2025-07-18 08:00:00,,,,,,,505.0,504.0,1.1574,0.0,1.0,0.7176,0.0,1.0
2025-07-18 09:00:00,,,,,,,249.0,248.0,0.9896,0.111999996,4.0,1.1083,0.13529998,4.0
2025-07-18 10:00:00,,,,,,,509.0,509.0,1.1652,0.007999999,4.0,1.1491,0.061500013,4.0
2025-07-18 11:00:00,,,,,,,509.0,509.0,,,0.0,,,0.0
2025-07-18 12:00:00,,,,,,,2553.0,2552.0,0.0314,0.0,1.0,1.0524,0.0,1.0
2025-07-18 13:00:00,,,,,,,509.0,509.0,,,0.0,,,0.0
2025-07-18 14:00:00,,,,,,,249.0,249.0,,,0.0,,,0.0
2025-07-18 15:00:00,,,,,,,509.0,509.0,,,0.0,,,0.0
2025-07-18 16:00:00,,,,,,,509.0,509.0,0.4682,0.0,1.0,1.0281,0.0,1.0
2025-07-18 17:00:00,,,,,,,509.0,509.0,0.7416,0.088599995,3.0,0.7061,0.029999971,3.0
2025-07-18 18:00:00,,,,,,,1533.0,1533.0,,,0.0,,,0.0
2025-07-18 19:00:00,,,,,,,1533.0,1533.0,,,0.0,,,0.0
2025-07-18 20:00:00,,,,,,,1529.0,1529.0,,,0.0,,,0.0
2025-07-18 21:00:00,,,,,,,1533.0,1533.0,,,0.0,,,0.0
2025-07-18 22:00:00,,,,,,,1533.0,1533.0,,,0.0,,,0.0
2025-07-18 23:00:00,,,,,,,1529.0,1529.0,,,0.0,,,0.0
2025-07-19 00:00:00,,,,,,,1529.0,1529.0,,,0.0,,,0.0
2025-07-19 01:00:00,,,,,,,1533.0,1533.0,,,0.0,,,0.0
2025-07-19 02:00:00,,,,,,,1533.0,1533.0,,,0.0,,,0.0
2025-07-19 03:00:00,,,,,,,1533.0,1533.0,,,0.0,,,0.0
2025-07-19 04:00:00,,,,,,,1529.0,1529.0,,,0.0,,,0.0
2025-07-19 05:00:00,,,,,,,1533.0,1533.0,,,0.0,,,0.0
2025-07-19 06:00:00,,,,,,,1533.0,1533.0,,,0.0,,,0.0
2025-07-19 07:00:00,,,,,,,249.0,249.0,,,0.0,,,0.0
2025-07-19 08:00:00,,,,,,,509.0,509.0,,,0.0,,,0.0
2025-07-19 09:00:00,,,,,,,509.0,509.0,0.8006,0.0,1.0,0.8974999,0.0,1.0
2025-07-19 10:00:00,,,,,,,509.0,509.0,,,0.0,,,0.0
2025-07-19 11:00:00,,,,,,,505.0,505.0,,,0.0,,,0.0
2025-07-19 12:00:00,,,,,,,2553.0,2552.0,0.3202,0.266,2.0,0.96309996,0.024199963,2.0
2025-07-19 13:00:00,,,,,,,505.0,505.0,0.024999999,0.0139999995,5.0,0.93499994,0.0011999607,5.0
2025-07-19 14:00:00,,,,,,,509.0,509.0,,,0.0,,,0.0
2025-07-19 15:00:00,,,,,,,509.0,509.0,,,0.0,,,0.0
2025-07-19 16:00:00,,,,,,,509.0,509.0,,,0.0,,,0.0
2025-07-19 17:00:00,,,,,,,509.0,509.0,,,0.0,,,0.0
2025-07-19 18:00:00,,,,,,,1533.0,1533.0,,,0.0,,,0.0
2025-07-19 19:00:00,,,,,,,1533.0,1533.0,,,0.0,,,0.0
2025-07-19 20:00:00,,,,,,,1273.0,1273.0,,,0.0,,,0.0
2025-07-19 21:00:00,,,,,,,1533.0,1533.0,,,0.0,,,0.0
2025-07-19 22:00:00,,,,,,,1533.0,1533.0,,,0.0,,,0.0
2025-07-19 23:00:00,,,,,,,1533.0,1533.0,,,0.0,,,0.0
2025-07-20 00:00:00,,,,,,,1533.0,1533.0,,,0.0,,,0.0
2025-07-20 01:00:00,,,,,,,1529.0,1529.0,,,0.0,,,0.0
2025-07-20 02:00:00,,,,,,,1533.0,1533.0,,,0.0,,,0.0
2025-07-20 03:00:00,,,,,,,1533.0,1533.0,,,0.0,,,0.0
2025-07-20 04:00:00,,,,,,,1533.0,1533.0,,,0.0,,,0.0
2025-07-20 05:00:00,,,,,,,1533.0,1533.0,,,0.0,,,0.0
2025-07-20 06:00:00,,,,,,,1533.0,1533.0,,,0.0,,,0.0
2025-07-20 07:00:00,,,,,,,509.0,509.0,,,0.0,,,0.0
2025-07-20 08:00:00,,,,,,,2553.0,2552.0,0.6362,0.0,1.0,1.6633,0.0,1.0
2025-07-20 09:00:00,,,,,,,509.0,509.0,0.3224,0.1116,4.0,1.4505999,0.11829996,4.0
2025-07-20 10:00:00,,,,,,,509.0,509.0,,,0.0,,,0.0
2025-07-20 11:00:00,,,,,,,509.0,509.0,,,0.0,,,0.0
2025-07-20 12:00:00,,,,,,,509.0,509.0,,,0.0,,,0.0
2025-07-20 13:00:00,,,,,,,509.0,509.0,,,0.0,,,0.0
2025-07-20 14:00:00,,,,,,,509.0,509.0,,,0.0,,,0.0
2025-07-20 15:00:00,,,,,,,509.0,509.0,,,0.0,,,0.0
2025-07-20 16:00:00,,,,,,,509.0,509.0,,,0.0,,,0.0
2025-07-20 17:00:00,,,,,,,509.0,509.0,,,0.0,,,0.0
2025-07-20 18:00:00,,,,,,,1533.0,1533.0,,,0.0,,,0.0
2025-07-20 19:00:00,,,,,,,1533.0,1533.0,,,0.0,,,0.0
2025-07-20 20:00:00,,,,,,,1533.0,1533.0,,,0.0,,,0.0
2025-07-20 21:00:00,,,,,,,1533.0,1533.0,,,0.0,,,0.0
2025-07-20 22:00:00,,,,,,,1533.0,1533.0,,,0.0,,,0.0
2025-07-20 23:00:00,,,,,,,1533.0,1533.0,,,0.0,,,0.0
2025-07-21 00:00:00,,,,,,,1529.0,1529.0,,,0.0,,,0.0
2025-07-21 01:00:00,,,,,,,1529.0,1529.0,,,0.0,,,0.0
2025-07-21 02:00:00,,,,,,,1533.0,1533.0,,,0.0,,,0.0
2025-07-21 03:00:00,,,,,,,1533.0,1533.0,,,0.0,,,0.0
2025-07-21 04:00:00,,,,,,,1533.0,1533.0,,,0.0,,,0.0
2025-07-21 05:00:00,,,,,,,1533.0,1533.0,,,0.0,,,0.0
2025-07-21 06:00:00,,,,,,,1533.0,1533.0,,,0.0,,,0.0
2025-07-21 07:00:00,,,,,,,509.0,509.0,,,0.0,,,0.0
2025-07-21 08:00:00,,,,,,,509.0,509.0,,,0.0,,,0.0
2025-07-21 09:00:00,,,,,,,509.0,509.0,,,0.0,,,0.0
2025-07-21 10:00:00,,,,,,,509.0,509.0,,,0.0,,,0.0
2025-07-21 11:00:00,,,,,,,509.0,509.0,,,0.0,,,0.0
2025-07-21 12:00:00,,,,,,,509.0,509.0,,,0.0,,,0.0
2025-07-21 13:00:00,,,,,,,509.0,509.0,,,0.0,,,0.0
2025-07-21 14:00:00,,,,,,,509.0,509.0,,,0.0,,,0.0
2025-07-21 15:00:00,,,,,,,509.0,509.0,,,0.0,,,0.0
2025-07-21 16:00:00,,,,,,,509.0,509.0,,,0.0,,,0.0
2025-07-21 17:00:00,,,,,,,509.0,509.0,,,0.0,,,0.0
2025-07-21 18:00:00,,,,,,,1533.0,1533.0,,,0.0,,,0.0
2025-07-21 19:00:00,,,,,,,1533.0,1533.0,,,0.0,,,0.0
2025-07-21 20:00:00,,,,,,,1533.0,1533.0,,,0.0,,,0.0
2025-07-21 21:00:00,,,,,,,1533.0,1533.0,,,0.0,,,0.0
2025-07-21 22:00:00,,,,,,,1533.0,1533.0,,,0.0,,,0.0
2025-07-21 23:00:00,,,,,,,1533.0,1533.0,,,0.0,,,0.0
2025-07-22 00:00:00,,,,,,,1533.0,1533.0,,,0.0,,,0.0
2025-07-22 01:00:00,,,,,,,1533.0,1533.0,,,0.0,,,0.0
2025-07-22 02:00:00,,,,,,,1533.0,1533.0,,,0.0,,,0.0
2025-07-22 03:00:00,,,,,,,1533.0,1533.0,,,0.0,,,0.0
2025-07-22 04:00:00,,,,,,,1529.0,1529.0,,,0.0,,,0.0
2025-07-22 05:00:00,,,,,,,1529.0,1529.0,,,0.0,,,0.0
2025-07-22 06:00:00,,,,,,,1533.0,1533.0,,,0.0,,,0.0
2025-07-22 07:00:00,,,,,,,509.0,509.0,,,0.0,,,0.0
2025-07-22 08:00:00,,,,,,,509.0,509.0,,,0.0,,,0.0
2025-07-22 09:00:00,,,,,,,509.0,509.0,,,0.0,,,0.0
2025-07-22 10:00:00,,,,,,,509.0,509.0,,,0.0,,,0.0
2025-07-22 11:00:00,,,,,,,509.0,509.0,,,0.0,,,0.0
2025-07-22 12:00:00,,,,,,,509.0,509.0,,,0.0,,,0.0
2025-07-22 13:00:00,,,,,,,509.0,509.0,,,0.0,,,0.0
2025-07-22 14:00:00,,,,,,,509.0,509.0,,,0.0,,,0.0
2025-07-22 15:00:00,,,,,,,509.0,509.0,,,0.0,,,0.0
2025-07-22 16:00:00,,,,,,,509.0,509.0,,,0.0,,,0.0
2025-07-22 17:00:00,,,,,,,509.0,509.0,,,0.0,,,0.0
2025-07-22 18:00:00,,,,,,,1533.0,1533.0,,,0.0,,,0.0
2025-07-22 19:00:00,,,,,,,1533.0,1533.0,,,0.0,,,0.0
2025-07-22 20:00:00,,,,,,,1533.0,1533.0,,,0.0,,,0.0
2025-07-22 21:00:00,,,,,,,1529.0,1529.0,,,0.0,,,0.0
2025-07-22 22:00:00,,,,,,,1533.0,1533.0,,,0.0,,,0.0
2025-07-22 23:00:00,,,,,,,1529.0,1529.0,,,0.0,,,0.0
2025-07-23 00:00:00,,,,,,,1533.0,1533.0,,,0.0,,,0.0
2025-07-23 01:00:00,,,,,,,1533.0,1533.0,,,0.0,,,0.0
2025-07-23 02:00:00,,,,,,,1533.0,1533.0,,,0.0,,,0.0
2025-07-23 03:00:00,,,,,,,1533.0,1533.0,,,0.0,,,0.0
2025-07-23 04:00:00,,,,,,,1533.0,1533.0,,,0.0,,,0.0
2025-07-23 05:00:00,,,,,,,1273.0,1273.0,,,0.0,,,0.0
2025-07-23 06:00:00,,,,,,,1533.0,1533.0,,,0.0,,,0.0
2025-07-23 07:00:00,,,,,,,509.0,509.0,,,0.0,,,0.0
2025-07-23 08:00:00,,,,,,,509.0,509.0,,,0.0,,,0.0
2025-07-23 09:00:00,,,,,,,509.0,509.0,,,0.0,,,0.0
2025-07-23 10:00:00,,,,,,,509.0,509.0,,,0.0,,,0.0
2025-07-23 11:00:00,,,,,,,509.0,509.0,,,0.0,,,0.0
2025-07-23 12:00:00,,,,,,,509.0,509.0,,,0.0,,,0.0
2025-07-23 13:00:00,,,,,,,509.0,509.0,,,0.0,,,0.0
2025-07-23 14:00:00,,,,,,,509.0,509.0,,,0.0,,,0.0
2025-07-23 15:00:00,,,,,,,509.0,509.0,,,0.0,,,0.0
2025-07-23 16:00:00,,,,,,,509.0,509.0,,,0.0,,,0.0
2025-07-23 17:00:00,,,,,,,509.0,509.0,,,0.0,,,0.0
2025-07-23 18:00:00,,,,,,,1533.0,1533.0,,,0.0,,,0.0
2025-07-23 19:00:00,,,,,,,1529.0,1529.0,,,0.0,,,0.0
2025-07-23 20:00:00,,,,,,,1529.0,1529.0,,,0.0,,,0.0
2025-07-23 21:00:00,,,,,,,1533.0,1533.0,,,0.0,,,0.0
2025-07-23 22:00:00,,,,,,,1533.0,1533.0,,,0.0,,,0.0
2025-07-23 23:00:00,,,,,,,1533.0,1533.0,,,0.0,,,0.0
2025-07-24 00:00:00,,,,,,,1533.0,1533.0,,,0.0,,,0.0
2025-07-24 01:00:00,,,,,,,1533.0,1533.0,,,0.0,,,0.0
2025-07-24 02:00:00,,,,,,,1529.0,1529.0,,,0.0,,,0.0
2025-07-24 03:00:00,,,,,,,1533.0,1533.0,,,0.0,,,0.0
2025-07-24 04:00:00,,,,,,,1533.0,1533.0,,,0.0,,,0.0
2025-07-24 05:00:00,,,,,,,1533.0,1533.0,,,0.0,,,0.0
2025-07-24 06:00:00,,,,,,,1533.0,1533.0,,,0.0,,,0.0
2025-07-24 07:00:00,,,,,,,509.0,509.0,,,0.0,,,0.0
2025-07-24 08:00:00,,,,,,,509.0,509.0,,,0.0,,,0.0
2025-07-24 09:00:00,,,,,,,509.0,509.0,,,0.0,,,0.0
2025-07-24 10:00:00,,,,,,,509.0,509.0,,,0.0,,,0.0
2025-07-24 11:00:00,,,,,,,509.0,509.0,,,0.0,,,0.0
2025-07-24 12:00:00,,,,,,,509.0,509.0,,,0.0,,,0.0
2025-07-24 13:00:00,,,,,,,509.0,509.0,,,0.0,,,0.0
2025-07-24 14:00:00,,,,,,,509.0,509.0,,,0.0,,,0.0
2025-07-24 15:00:00,,,,,,,509.0,509.0,,,0.0,,,0.0
2025-07-24 16:00:00,,,,,,,509.0,509.0,,,0.0,,,0.0
2025-07-24 17:00:00,,,,,,,509.0,509.0,,,0.0,,,0.0
2025-07-24 18:00:00,,,,,,,1533.0,1533.0,,,0.0,,,0.0
2025-07-24 19:00:00,,,,,,,1533.0,1533.0,,,0.0,,,0.0
2025-07-24 20:00:00,,,,,,,1533.0,1533.0,,,0.0,,,0.0
2025-07-24 21:00:00,,,,,,,1533.0,1533.0,,,0.0,,,0.0
2025-07-24 22:00:00,,,,,,,1533.0,1533.0,,,0.0,,,0.0
2025-07-24 23:00:00,,,,,,,1533.0,1533.0,,,0.0,,,0.0
2025-07-25 00:00:00,,,,,,,1533.0,1533.0,,,0.0,,,0.0
2025-07-25 01:00:00,,,,,,,1529.0,1529.0,,,0.0,,,0.0
2025-07-25 02:00:00,,,,,,,1529.0,1529.0,,,0.0,,,0.0
2025-07-25 03:00:00,,,,,,,1533.0,1533.0,,,0.0,,,0.0
2025-07-25 04:00:00,,,,,,,1529.0,1529.0,,,0.0,,,0.0
2025-07-25 05:00:00,,,,,,,1533.0,1533.0,,,0.0,,,0.0
2025-07-25 06:00:00,,,,,,,1529.0,1529.0,,,0.0,,,0.0
2025-07-25 07:00:00,,,,,,,1533.0,1533.0,,,0.0,,,0.0
2025-07-25 08:00:00,,,,,,,509.0,509.0,,,0.0,,,0.0
2025-07-25 09:00:00,,,,,,,509.0,509.0,,,0.0,,,0.0
2025-07-25 10:00:00,,,,,,,509.0,509.0,,,0.0,,,0.0
2025-07-25 11:00:00,,,,,,,509.0,509.0,,,0.0,,,0.0
2025-07-25 12:00:00,,,,,,,509.0,509.0,,,0.0,,,0.0
2025-07-25 13:00:00,,,,,,,509.0,509.0,,,0.0,,,0.0
2025-07-25 14:00:00,,,,,,,509.0,509.0,,,0.0,,,0.0
2025-07-25 15:00:00,,,,,,,509.0,509.0,,,0.0,,,0.0
2025-07-25 16:00:00,,,,,,,509.0,509.0,,,0.0,,,0.0
2025-07-25 17:00:00,,,,,,,509.0,509.0,,,0.0,,,0.0
2025-07-25 18:00:00,,,,,,,1533.0,1533.0,,,0.0,,,0.0
2025-07-25 19:00:00,,,,,,,1533.0,1533.0,,,0.0,,,0.0
2025-07-25 20:00:00,,,,,,,1533.0,1533.0,,,0.0,,,0.0
2025-07-25 21:00:00,,,,,,,1533.0,1533.0,,,0.0,,,0.0
2025-07-25 22:00:00,,,,,,,1533.0,1533.0,,,0.0,,,0.0
2025-07-25 23:00:00,,,,,,,1529.0,1529.0,,,0.0,,,0.0
2025-07-26 00:00:00,,,,,,,1533.0,1533.0,,,0.0,,,0.0
2025-07-26 01:00:00,,,,,,,1533.0,1533.0,,,0.0,,,0.0
2025-07-26 02:00:00,,,,,,,1533.0,1533.0,,,0.0,,,0.0
2025-07-26 03:00:00,,,,,,,1533.0,1533.0,,,0.0,,,0.0
2025-07-26 04:00:00,,,,,,,1529.0,1529.0,,,0.0,,,0.0
2025-07-26 05:00:00,,,,,,,1529.0,1529.0,,,0.0,,,0.0
2025-07-26 06:00:00,,,,,,,1533.0,1533.0,,,0.0,,,0.0
2025-07-26 07:00:00,,,,,,,1533.0,1533.0,,,0.0,,,0.0
2025-07-26 08:00:00,,,,,,,509.0,509.0,,,0.0,,,0.0
2025-07-26 09:00:00,,,,,,,509.0,509.0,,,0.0,,,0.0
2025-07-26 10:00:00,,,,,,,509.0,509.0,,,0.0,,,0.0
2025-07-26 11:00:00,,,,,,,509.0,509.0,,,0.0,,,0.0
2025-07-26 12:00:00,,,,,,,509.0,509.0,,,0.0,,,0.0
2025-07-26 13:00:00,,,,,,,509.0,509.0,,,0.0,,,0.0
2025-07-26 14:00:00,,,,,,,509.0,509.0,,,0.0,,,0.0
2025-07-26 15:00:00,,,,,,,509.0,509.0,,,0.0,,,0.0
2025-07-26 16:00:00,,,,,,,509.0,509.0,,,0.0,,,0.0
2025-07-26 17:00:00,,,,,,,509.0,509.0,,,0.0,,,0.0
2025-07-26 18:00:00,,,,,,,1533.0,1533.0,,,0.0,,,0.0
2025-07-26 19:00:00,,,,,,,1533.0,1533.0,,,0.0,,,0.0
2025-07-26 20:00:00,,,,,,,1529.0,1529.0,,,0.0,,,0.0
2025-07-26 21:00:00,,,,,,,1533.0,1533.0,,,0.0,,,0.0
2025-07-26 22:00:00,,,,,,,1533.0,1533.0,,,0.0,,,0.0
2025-07-26 23:00:00,,,,,,,1533.0,1533.0,,,0.0,,,0.0
2025-07-27 00:00:00,,,,,,,1533.0,1533.0,,,0.0,,,0.0
2025-07-27 01:00:00,,,,,,,1533.0,1533.0,,,0.0,,,0.0
2025-07-27 02:00:00,,,,,,,1533.0,1533.0,,,0.0,,,0.0
2025-07-27 03:00:00,,,,,,,1533.0,1533.0,,,0.0,,,0.0
2025-07-27 04:00:00,,,,,,,1533.0,1533.0,,,0.0,,,0.0
2025-07-27 05:00:00,,,,,,,1533.0,1533.0,,,0.0,,,0.0
2025-07-27 06:00:00,,,,,,,1533.0,1533.0,,,0.0,,,0.0
2025-07-27 07:00:00,,,,,,,1533.0,1533.0,,,0.0,,,0.0
2025-07-27 08:00:00,,,,,,,509.0,509.0,,,0.0,,,0.0
2025-07-27 09:00:00,,,,,,,509.0,509.0,,,0.0,,,0.0
2025-07-27 10:00:00,,,,,,,509.0,509.0,2.1355999,0.0,2.0,0.1828,0.0,2.0
2025-07-27 11:00:00,,,,,,,509.0,509.0,,,0.0,,,0.0
2025-07-27 12:00:00,,,,,,,509.0,509.0,,,0.0,,,0.0
2025-07-27 13:00:00,,,,,,,509.0,509.0,,,0.0,,,0.0
2025-07-27 14:00:00,,,,,,,509.0,509.0,,,0.0,,,0.0
2025-07-27 15:00:00,,,,,,,509.0,509.0,,,0.0,,,0.0
2025-07-27 16:00:00,,,,,,,509.0,509.0,,,0.0,,,0.0
2025-07-27 17:00:00,,,,,,,249.0,248.0,0.1422,0.1744,4.0,1.152,0.1412,4.0
2025-07-27 18:00:00,,,,,,,1533.0,1533.0,,,0.0,,,0.0
2025-07-27 19:00:00,,,,,,,1533.0,1533.0,,,0.0,,,0.0
2025-07-27 20:00:00,,,,,,,1529.0,1529.0,,,0.0,,,0.0
2025-07-27 21:00:00,,,,,,,1533.0,1533.0,,,0.0,,,0.0
2025-07-27 22:00:00,,,,,,,1529.0,1529.0,,,0.0,,,0.0
2025-07-27 23:00:00,,,,,,,1273.0,1273.0,,,0.0,,,0.0
2025-07-28 00:00:00,,,,,,,1529.0,1529.0,,,0.0,,,0.0
2025-07-28 01:00:00,,,,,,,1529.0,1529.0,,,0.0,,,0.0
2025-07-28 02:00:00,,,,,,,1529.0,1529.0,,,0.0,,,0.0
2025-07-28 03:00:00,,,,,,,1273.0,1273.0,,,0.0,,,0.0
2025-07-28 04:00:00,,,,,,,1273.0,1273.0,,,0.0,,,0.0
2025-07-28 05:00:00,,,,,,,1273.0,1273.0,,,0.0,,,0.0
2025-07-28 06:00:00,,,,,,,1529.0,1529.0,,,0.0,,,0.0
2025-07-28 07:00:00,,,,,,,1533.0,1533.0,,,0.0,,,0.0
2025-07-28 08:00:00,,,,,,,249.0,248.0,0.5288,0.0,1.0,0.9282,0.0,1.0
2025-07-28 09:00:00,,,,,,,249.0,248.0,0.7114,0.081,5.0,0.8263999,0.07929999,5.0
2025-07-28 10:00:00,,,,,,,509.0,509.0,1.1738,0.0,1.0,0.7918999,0.0,1.0
2025-07-28 11:00:00,,,,,,,505.0,505.0,0.1996,0.0,1.0,1.1629,0.0,1.0
2025-07-28 12:00:00,,,,,,,2297.0,2296.0,0.0554,0.0,1.0,1.1409999,0.0,1.0
2025-07-28 13:00:00,,,,,,,509.0,509.0,,,0.0,,,0.0
2025-07-28 14:00:00,,,,,,,509.0,509.0,,,0.0,,,0.0
2025-07-28 15:00:00,,,,,,,509.0,509.0,0.0094,0.0,1.0,1.171,0.0,1.0
2025-07-28 16:00:00,,,,,,,509.0,509.0,,,0.0,,,0.0
2025-07-28 17:00:00,,,,,,,509.0,509.0,,,0.0,,,0.0
2025-07-28 18:00:00,,,,,,,1533.0,1533.0,,,0.0,,,0.0
2025-07-28 19:00:00,,,,,,,1533.0,1533.0,,,0.0,,,0.0
2025-07-28 20:00:00,,,,,,,1533.0,1533.0,,,0.0,,,0.0
2025-07-28 21:00:00,,,,,,,1533.0,1533.0,,,0.0,,,0.0
2025-07-28 22:00:00,,,,,,,1273.0,1273.0,,,0.0,,,0.0
2025-07-28 23:00:00,,,,,,,1273.0,1273.0,,,0.0,,,0.0
2025-07-29 00:00:00,,,,,,,1273.0,1273.0,,,0.0,,,0.0
2025-07-29 01:00:00,,,,,,,1533.0,1533.0,,,0.0,,,0.0
2025-07-29 02:00:00,,,,,,,1529.0,1529.0,,,0.0,,,0.0
2025-07-29 03:00:00,,,,,,,1529.0,1529.0,,,0.0,,,0.0
2025-07-29 04:00:00,,,,,,,1529.0,1529.0,,,0.0,,,0.0
2025-07-29 05:00:00,,,,,,,1529.0,1529.0,,,0.0,,,0.0
2025-07-29 06:00:00,,,,,,,1533.0,1533.0,,,0.0,,,0.0
2025-07-29 07:00:00,,,,,,,1533.0,1533.0,,,0.0,,,0.0
2025-07-29 08:00:00,,,,,,,249.0,248.0,0.567,0.0218,2.0,1.1185,0.0029000044,2.0
2025-07-29 09:00:00,,,,,,,2553.0,2552.0,0.4378,0.251,3.0,1.1614,0.042699993,3.0
2025-07-29 10:00:00,,,,,,,509.0,509.0,,,0.0,,,0.0
2025-07-29 11:00:00,,,,,,,249.0,249.0,,,0.0,,,0.0
2025-07-29 12:00:00,,,,,,,505.0,505.0,,,0.0,,,0.0
2025-07-29 13:00:00,,,,,,,505.0,505.0,0.0008,0.0,1.0,,-0.5,0.0
2025-07-29 14:00:00,,,,,,,505.0,504.0,0.49179998,0.0,1.0,1.1768,0.0,1.0
2025-07-29 15:00:00,,,,,,,509.0,509.0,0.43539998,0.078999996,3.0,1.1602,0.00940001,3.0
2025-07-29 16:00:00,,,,,,,505.0,504.0,0.1056,0.0,1.0,1.171,0.0,1.0
2025-07-29 17:00:00,,,,,,,509.0,509.0,0.14899999,0.0,1.0,1.1581,0.0,1.0
2025-07-29 18:00:00,,,,,,,1533.0,1533.0,,,0.0,,,0.0
2025-07-29 19:00:00,,,,,,,1533.0,1533.0,,,0.0,,,0.0
2025-07-29 20:00:00,,,,,,,1533.0,1533.0,,,0.0,,,0.0
2025-07-29 21:00:00,,,,,,,1533.0,1533.0,,,0.0,,,0.0
2025-07-29 22:00:00,,,,,,,1533.0,1533.0,,,0.0,,,0.0
2025-07-29 23:00:00,,,,,,,1529.0,1529.0,,,0.0,,,0.0
2025-07-30 00:00:00,,,,,,,1529.0,1529.0,,,0.0,,,0.0
2025-07-30 01:00:00,,,,,,,1273.0,1273.0,,,0.0,,,0.0
2025-07-30 02:00:00,,,,,,,1273.0,1273.0,,,0.0,,,0.0
2025-07-30 03:00:00,,,,,,,1529.0,1529.0,,,0.0,,,0.0
2025-07-30 04:00:00,,,,,,,1273.0,1273.0,,,0.0,,,0.0
2025-07-30 05:00:00,,,,,,,1533.0,1533.0,,,0.0,,,0.0
2025-07-30 06:00:00,,,,,,,1533.0,1533.0,,,0.0,,,0.0
2025-07-30 07:00:00,,,,,,,1533.0,1533.0,,,0.0,,,0.0
2025-07-30 08:00:00,,,,,,,509.0,509.0,,,0.0,,,0.0
2025-07-30 09:00:00,,,,,,,509.0,509.0,,,0.0,,,0.0
2025-07-30 10:00:00,,,,,,,509.0,509.0,,,0.0,,,0.0
2025-07-30 11:00:00,,,,,,,509.0,509.0,,,0.0,,,0.0
2025-07-30 12:00:00,,,,,,,509.0,509.0,,,0.0,,,0.0
2025-07-30 13:00:00,,,,,,,509.0,509.0,,,0.0,,,0.0
2025-07-30 14:00:00,,,,,,,509.0,509.0,,,0.0,,,0.0
2025-07-30 15:00:00,,,,,,,509.0,509.0,0.7338,0.0622,2.0,0.99759996,0.034999967,2.0
2025-07-30 16:00:00,,,,,,,509.0,509.0,,,0.0,,,0.0
2025-07-30 17:00:00,,,,,,,509.0,509.0,,,0.0,,,0.0
2025-07-30 18:00:00,,,,,,,1533.0,1533.0,,,0.0,,,0.0
2025-07-30 19:00:00,,,,,,,1529.0,1529.0,,,0.0,,,0.0
2025-07-30 20:00:00,,,,,,,1273.0,1273.0,,,0.0,,,0.0
2025-07-30 21:00:00,,,,,,,1529.0,1529.0,,,0.0,,,0.0
2025-07-30 22:00:00,,,,,,,1529.0,1529.0,,,0.0,,,0.0
2025-07-30 23:00:00,,,,,,,1529.0,1529.0,,,0.0,,,0.0
2025-07-31 00:00:00,,,,,,,1273.0,1273.0,,,0.0,,,0.0
2025-07-31 01:00:00,,,,,,,1529.0,1529.0,,,0.0,,,0.0
2025-07-31 02:00:00,,,,,,,1533.0,1533.0,,,0.0,,,0.0
2025-07-31 03:00:00,,,,,,,1533.0,1533.0,,,0.0,,,0.0
2025-07-31 04:00:00,,,,,,,1533.0,1533.0,,,0.0,,,0.0
2025-07-31 05:00:00,,,,,,,1533.0,1533.0,,,0.0,,,0.0
2025-07-31 06:00:00,,,,,,,1533.0,1533.0,,,0.0,,,0.0
2025-07-31 07:00:00,,,,,,,1533.0,1533.0,,,0.0,,,0.0
2025-07-31 08:00:00,,,,,,,509.0,509.0,,,0.0,,,0.0
2025-07-31 09:00:00,,,,,,,509.0,509.0,1.1694,0.0,1.0,0.6575999,0.0,1.0
2025-07-31 10:00:00,,,,,,,509.0,509.0,,,0.0,,,0.0
2025-07-31 11:00:00,,,,,,,509.0,509.0,,,0.0,,,0.0
2025-07-31 12:00:00,,,,,,,509.0,509.0,,,0.0,,,0.0
2025-07-31 13:00:00,,,,,,,509.0,509.0,,,0.0,,,0.0
2025-07-31 14:00:00,,,,,,,509.0,509.0,,,0.0,,,0.0
2025-07-31 15:00:00,,,,,,,509.0,509.0,,,0.0,,,0.0
2025-07-31 16:00:00,,,,,,,509.0,509.0,,,0.0,,,0.0
2025-07-31 17:00:00,,,,,,,249.0,249.0,0.019,0.0,1.0,1.0094,0.0,1.0
2025-07-31 18:00:00,,,,,,,1529.0,1529.0,,,0.0,,,0.0
2025-07-31 19:00:00,,,,,,,1533.0,1533.0,,,0.0,,,0.0
2025-07-31 20:00:00,,,,,,,1533.0,1533.0,,,0.0,,,0.0
2025-07-31 21:00:00,,,,,,,1533.0,1533.0,,,0.0,,,0.0
2025-07-31 22:00:00,,,,,,,1533.0,1533.0,,,0.0,,,0.0
2025-07-31 23:00:00,,,,,,,1529.0,1529.0,,,0.0,,,0.0
2025-08-01 00:00:00,,,,,,,1533.0,1533.0,,,0.0,,,0.0
2025-08-01 01:00:00,,,,,,,1533.0,1533.0,,,0.0,,,0.0
2025-08-01 02:00:00,,,,,,,1533.0,1533.0,,,0.0,,,0.0
2025-08-01 03:00:00,,,,,,,1529.0,1529.0,,,0.0,,,0.0
2025-08-01 04:00:00,,,,,,,1529.0,1529.0,,,0.0,,,0.0
2025-08-01 05:00:00,,,,,,,1533.0,1533.0,,,0.0,,,0.0
2025-08-01 06:00:00,,,,,,,1533.0,1533.0,,,0.0,,,0.0
2025-08-01 07:00:00,,,,,,,1533.0,1533.0,,,0.0,,,0.0
2025-08-01 08:00:00,,,,,,,509.0,509.0,1.0691999,0.1734,2.0,0.9088,0.0747,2.0
2025-08-01 09:00:00,,,,,,,509.0,509.0,,,0.0,,,0.0
2025-08-01 10:00:00,,,,,,,509.0,509.0,,,0.0,,,0.0
2025-08-01 11:00:00,,,,,,,509.0,509.0,,,0.0,,,0.0
2025-08-01 12:00:00,,,,,,,509.0,509.0,,,0.0,,,0.0
2025-08-01 13:00:00,,,,,,,509.0,509.0,,,0.0,,,0.0
2025-08-01 14:00:00,,,,,,,509.0,509.0,,,0.0,,,0.0
2025-08-01 15:00:00,,,,,,,509.0,509.0,,,0.0,,,0.0
2025-08-01 16:00:00,,,,,,,509.0,509.0,,,0.0,,,0.0
2025-08-01 17:00:00,,,,,,,505.0,505.0,,,0.0,,,0.0
2025-08-01 18:00:00,,,,,,,1533.0,1533.0,,,0.0,,,0.0
2025-08-01 19:00:00,,,,,,,1533.0,1533.0,,,0.0,,,0.0
2025-08-01 20:00:00,,,,,,,1529.0,1529.0,,,0.0,,,0.0
2025-08-01 21:00:00,,,,,,,1273.0,1273.0,,,0.0,,,0.0
2025-08-01 22:00:00,,,,,,,1273.0,1273.0,,,0.0,,,0.0
2025-08-01 23:00:00,,,,,,,1533.0,1533.0,,,0.0,,,0.0
2025-08-02 00:00:00,,,,,,,1533.0,1533.0,,,0.0,,,0.0
2025-08-02 01:00:00,,,,,,,1529.0,1529.0,,,0.0,,,0.0
2025-08-02 02:00:00,,,,,,,1273.0,1273.0,,,0.0,,,0.0
2025-08-02 03:00:00,,,,,,,1273.0,1273.0,,,0.0,,,0.0
2025-08-02 04:00:00,,,,,,,1273.0,1273.0,,,0.0,,,0.0
2025-08-02 05:00:00,,,,,,,1273.0,1273.0,,,0.0,,,0.0
2025-08-02 06:00:00,,,,,,,1273.0,1273.0,,,0.0,,,0.0
2025-08-02 07:00:00,,,,,,,1529.0,1529.0,,,0.0,,,0.0
2025-08-02 08:00:00,,,,,,,509.0,509.0,0.3224,0.0,1.0,0.9599,0.0,1.0
2025-08-02 09:00:00,,,,,,,509.0,509.0,,,0.0,,,0.0
2025-08-02 10:00:00,,,,,,,509.0,509.0,,,0.0,,,0.0
2025-08-02 11:00:00,,,,,,,509.0,509.0,,,0.0,,,0.0
2025-08-02 12:00:00,,,,,,,509.0,509.0,,,0.0,,,0.0
2025-08-02 13:00:00,,,,,,,509.0,509.0,,,0.0,,,0.0
2025-08-02 14:00:00,,,,,,,2553.0,2552.0,0.242,0.0,1.0,0.9977,0.0,1.0
2025-08-02 15:00:00,,,,,,,509.0,509.0,0.021,0.0,1.0,1.0005,0.0,1.0
2025-08-02 16:00:00,,,,,,,509.0,509.0,,,0.0,,,0.0
2025-08-02 17:00:00,,,,,,,509.0,509.0,,,0.0,,,0.0
2025-08-02 18:00:00,,,,,,,1533.0,1533.0,,,0.0,,,0.0
2025-08-02 19:00:00,,,,,,,1533.0,1533.0,,,0.0,,,0.0
2025-08-02 20:00:00,,,,,,,1529.0,1529.0,,,0.0,,,0.0
2025-08-02 21:00:00,,,,,,,1533.0,1533.0,,,0.0,,,0.0
2025-08-02 22:00:00,,,,,,,1529.0,1529.0,,,0.0,,,0.0
2025-08-02 23:00:00,,,,,,,1273.0,1273.0,,,0.0,,,0.0
2025-08-03 00:00:00,,,,,,,1533.0,1533.0,,,0.0,,,0.0
2025-08-03 01:00:00,,,,,,,1533.0,1533.0,,,0.0,,,0.0
2025-08-03 02:00:00,,,,,,,1533.0,1533.0,,,0.0,,,0.0
2025-08-03 03:00:00,,,,,,,1529.0,1529.0,,,0.0,,,0.0
2025-08-03 04:00:00,,,,,,,1533.0,1533.0,,,0.0,,,0.0
2025-08-03 05:00:00,,,,,,,1273.0,1273.0,,,0.0,,,0.0
2025-08-03 06:00:00,,,,,,,1529.0,1529.0,,,0.0,,,0.0
2025-08-03 07:00:00,,,,,,,1533.0,1533.0,,,0.0,,,0.0
2025-08-03 08:00:00,,,,,,,249.0,248.0,0.3538,0.22039999,3.0,0.8493999,0.1774,3.0
2025-08-03 09:00:00,,,,,,,505.0,505.0,0.2444,0.078,4.0,0.8284,0.059899986,4.0
2025-08-03 10:00:00,,,,,,,249.0,248.0,0.4626,0.0,1.0,0.9003999,0.0,1.0
2025-08-03 11:00:00,,,,,,,509.0,509.0,0.2226,0.0,1.0,1.0216,0.0,1.0
2025-08-03 12:00:00,,,,,,,509.0,509.0,,,0.0,,,0.0
2025-08-03 13:00:00,,,,,,,509.0,509.0,,,0.0,,,0.0
2025-08-03 14:00:00,,,,,,,509.0,509.0,,,0.0,,,0.0
2025-08-03 15:00:00,,,,,,,509.0,509.0,,,0.0,,,0.0
2025-08-03 16:00:00,,,,,,,509.0,509.0,,,0.0,,,0.0
2025-08-03 17:00:00,,,,,,,505.0,505.0,,,0.0,,,0.0
2025-08-03 18:00:00,,,,,,,1533.0,1533.0,,,0.0,,,0.0
2025-08-03 19:00:00,,,,,,,1533.0,1533.0,,,0.0,,,0.0
2025-08-03 20:00:00,,,,,,,1533.0,1533.0,,,0.0,,,0.0
2025-08-03 21:00:00,,,,,,,1533.0,1533.0,,,0.0,,,0.0
2025-08-03 22:00:00,,,,,,,1529.0,1529.0,,,0.0,,,0.0
2025-08-03 23:00:00,,,,,,,1273.0,1273.0,,,0.0,,,0.0
2025-08-04 00:00:00,,,,,,,1273.0,1273.0,,,0.0,,,0.0
2025-08-04 01:00:00,,,,,,,1273.0,1273.0,,,0.0,,,0.0
2025-08-04 02:00:00,,,,,,,1273.0,1273.0,,,0.0,,,0.0
2025-08-04 03:00:00,,,,,,,1273.0,1273.0,,,0.0,,,0.0
2025-08-04 04:00:00,,,,,,,1273.0,1273.0,,,0.0,,,0.0
2025-08-04 05:00:00,,,,,,,1273.0,1273.0,,,0.0,,,0.0
2025-08-04 06:00:00,,,,,,,1273.0,1273.0,,,0.0,,,0.0
2025-08-04 07:00:00,,,,,,,1273.0,1273.0,,,0.0,,,0.0
2025-08-04 08:00:00,,,,,,,249.0,249.0,,,0.0,,,0.0
2025-08-04 09:00:00,,,,,,,505.0,505.0,,,0.0,,,0.0
2025-08-04 10:00:00,,,,,,,509.0,509.0,,,0.0,,,0.0
2025-08-04 11:00:00,,,,,,,509.0,509.0,,,0.0,,,0.0
2025-08-04 12:00:00,,,,,,,509.0,509.0,,,0.0,,,0.0
2025-08-04 13:00:00,,,,,,,509.0,509.0,,,0.0,,,0.0
2025-08-04 14:00:00,,,,,,,509.0,509.0,,,0.0,,,0.0
2025-08-04 15:00:00,,,,,,,509.0,509.0,,,0.0,,,0.0
2025-08-04 16:00:00,,,,,,,509.0,509.0,,,0.0,,,0.0
2025-08-04 17:00:00,,,,,,,509.0,509.0,0.0356,0.0,1.0,0.9015,0.0,1.0
2025-08-04 18:00:00,,,,,,,1533.0,1533.0,,,0.0,,,0.0
2025-08-04 19:00:00,,,,,,,1533.0,1533.0,,,0.0,,,0.0
2025-08-04 20:00:00,,,,,,,1533.0,1533.0,,,0.0,,,0.0
2025-08-04 21:00:00,,,,,,,1529.0,1529.0,,,0.0,,,0.0
2025-08-04 22:00:00,,,,,,,1529.0,1529.0,,,0.0,,,0.0
2025-08-04 23:00:00,,,,,,,1529.0,1529.0,,,0.0,,,0.0
2025-08-05 00:00:00,,,,,,,1533.0,1533.0,,,0.0,,,0.0
2025-08-05 01:00:00,,,,,,,1533.0,1533.0,,,0.0,,,0.0
2025-08-05 02:00:00,,,,,,,1533.0,1533.0,,,0.0,,,0.0
2025-08-05 03:00:00,,,,,,,1533.0,1533.0,,,0.0,,,0.0
2025-08-05 04:00:00,,,,,,,1533.0,1533.0,,,0.0,,,0.0
2025-08-05 05:00:00,,,,,,,1529.0,1529.0,,,0.0,,,0.0
2025-08-05 06:00:00,,,,,,,1533.0,1533.0,,,0.0,,,0.0
2025-08-05 07:00:00,,,,,,,1533.0,1533.0,,,0.0,,,0.0
2025-08-05 08:00:00,,,,,,,509.0,509.0,,,0.0,,,0.0
2025-08-05 09:00:00,,,,,,,509.0,509.0,,,0.0,,,0.0
2025-08-05 10:00:00,,,,,,,509.0,509.0,,,0.0,,,0.0
2025-08-05 11:00:00,,,,,,,509.0,509.0,,,0.0,,,0.0
2025-08-05 12:00:00,,,,,,,509.0,509.0,,,0.0,,,0.0
2025-08-05 13:00:00,,,,,,,509.0,509.0,,,0.0,,,0.0
2025-08-05 14:00:00,,,,,,,509.0,509.0,,,0.0,,,0.0
2025-08-05 15:00:00,,,,,,,509.0,509.0,,,0.0,,,0.0
2025-08-05 16:00:00,,,,,,,509.0,509.0,,,0.0,,,0.0
2025-08-05 17:00:00,,,,,,,509.0,509.0,,,0.0,,,0.0
2025-08-05 18:00:00,,,,,,,1533.0,1533.0,,,0.0,,,0.0
2025-08-05 19:00:00,,,,,,,1529.0,1529.0,,,0.0,,,0.0
2025-08-05 20:00:00,,,,,,,1273.0,1273.0,,,0.0,,,0.0
2025-08-05 21:00:00,,,,,,,1533.0,1533.0,,,0.0,,,0.0
2025-08-05 22:00:00,,,,,,,1533.0,1533.0,,,0.0,,,0.0
2025-08-05 23:00:00,,,,,,,1533.0,1533.0,,,0.0,,,0.0
2025-08-06 00:00:00,,,,,,,1529.0,1529.0,,,0.0,,,0.0
2025-08-06 01:00:00,,,,,,,1529.0,1529.0,,,0.0,,,0.0
2025-08-06 02:00:00,,,,,,,1273.0,1273.0,,,0.0,,,0.0
2025-08-06 03:00:00,,,,,,,1533.0,1533.0,,,0.0,,,0.0
2025-08-06 04:00:00,,,,,,,1529.0,1529.0,,,0.0,,,0.0
2025-08-06 05:00:00,,,,,,,1533.0,1533.0,,,0.0,,,0.0
2025-08-06 06:00:00,,,,,,,1533.0,1533.0,,,0.0,,,0.0
2025-08-06 07:00:00,,,,,,,1533.0,1533.0,,,0.0,,,0.0
2025-08-06 08:00:00,,,,,,,509.0,509.0,,,0.0,,,0.0
2025-08-06 09:00:00,,,,,,,509.0,509.0,,,0.0,,,0.0
2025-08-06 10:00:00,,,,,,,509.0,509.0,,,0.0,,,0.0
2025-08-06 11:00:00,,,,,,,509.0,509.0,,,0.0,,,0.0
2025-08-06 12:00:00,,,,,,,509.0,509.0,,,0.0,,,0.0
2025-08-06 13:00:00,,,,,,,509.0,509.0,,,0.0,,,0.0
2025-08-06 14:00:00,,,,,,,509.0,509.0,,,0.0,,,0.0
2025-08-06 15:00:00,,,,,,,509.0,509.0,,,0.0,,,0.0
2025-08-06 16:00:00,,,,,,,509.0,509.0,,,0.0,,,0.0
2025-08-06 17:00:00,,,,,,,509.0,509.0,,,0.0,,,0.0
2025-08-06 18:00:00,,,,,,,1533.0,1533.0,,,0.0,,,0.0
2025-08-06 19:00:00,,,,,,,1529.0,1529.0,,,0.0,,,0.0
2025-08-06 20:00:00,,,,,,,1529.0,1529.0,,,0.0,,,0.0
2025-08-06 21:00:00,,,,,,,1529.0,1529.0,,,0.0,,,0.0
2025-08-06 22:00:00,,,,,,,1529.0,1529.0,,,0.0,,,0.0
2025-08-06 23:00:00,,,,,,,1533.0,1533.0,,,0.0,,,0.0
2025-08-07 00:00:00,,,,,,,1529.0,1529.0,,,0.0,,,0.0
2025-08-07 01:00:00,,,,,,,1529.0,1529.0,,,0.0,,,0.0
2025-08-07 02:00:00,,,,,,,1533.0,1533.0,,,0.0,,,0.0
2025-08-07 03:00:00,,,,,,,1533.0,1533.0,,,0.0,,,0.0
2025-08-07 04:00:00,,,,,,,1533.0,1533.0,,,0.0,,,0.0
2025-08-07 05:00:00,,,,,,,1533.0,1533.0,,,0.0,,,0.0
2025-08-07 06:00:00,,,,,,,1533.0,1533.0,,,0.0,,,0.0
2025-08-07 07:00:00,,,,,,,1533.0,1533.0,,,0.0,,,0.0
2025-08-07 08:00:00,,,,,,,509.0,509.0,,,0.0,,,0.0
2025-08-07 09:00:00,,,,,,,509.0,509.0,,,0.0,,,0.0
2025-08-07 10:00:00,,,,,,,509.0,509.0,,,0.0,,,0.0
2025-08-07 11:00:00,,,,,,,509.0,509.0,,,0.0,,,0.0
2025-08-07 12:00:00,,,,,,,509.0,509.0,,,0.0,,,0.0
2025-08-07 13:00:00,,,,,,,509.0,509.0,,,0.0,,,0.0
2025-08-07 14:00:00,,,,,,,509.0,509.0,,,0.0,,,0.0
2025-08-07 15:00:00,,,,,,,509.0,509.0,,,0.0,,,0.0
2025-08-07 16:00:00,,,,,,,509.0,509.0,,,0.0,,,0.0
2025-08-07 17:00:00,,,,,,,1533.0,1533.0,,,0.0,,,0.0
2025-08-07 18:00:00,,,,,,,1533.0,1533.0,,,0.0,,,0.0
2025-08-07 19:00:00,,,,,,,1533.0,1533.0,,,0.0,,,0.0
2025-08-07 20:00:00,,,,,,,1533.0,1533.0,,,0.0,,,0.0
2025-08-07 21:00:00,,,,,,,1533.0,1533.0,,,0.0,,,0.0
2025-08-07 22:00:00,,,,,,,1533.0,1533.0,,,0.0,,,0.0
2025-08-07 23:00:00,,,,,,,1533.0,1533.0,,,0.0,,,0.0
2025-08-08 00:00:00,,,,,,,1533.0,1533.0,,,0.0,,,0.0
2025-08-08 01:00:00,,,,,,,1529.0,1529.0,,,0.0,,,0.0
2025-08-08 02:00:00,,,,,,,1273.0,1273.0,,,0.0,,,0.0
2025-08-08 03:00:00,,,,,,,1273.0,1273.0,,,0.0,,,0.0
2025-08-08 04:00:00,,,,,,,1529.0,1529.0,,,0.0,,,0.0
2025-08-08 05:00:00,,,,,,,1533.0,1533.0,,,0.0,,,0.0
2025-08-08 06:00:00,,,,,,,1533.0,1533.0,,,0.0,,,0.0
2025-08-08 07:00:00,,,,,,,1533.0,1533.0,,,0.0,,,0.0
2025-08-08 08:00:00,,,,,,,509.0,509.0,,,0.0,,,0.0
2025-08-08 09:00:00,,,,,,,509.0,509.0,,,0.0,,,0.0
2025-08-08 10:00:00,,,,,,,509.0,509.0,,,0.0,,,0.0
2025-08-08 11:00:00,,,,,,,509.0,509.0,,,0.0,,,0.0
2025-08-08 12:00:00,,,,,,,505.0,505.0,,,0.0,,,0.0
2025-08-08 13:00:00,,,,,,,509.0,509.0,,,0.0,,,0.0
2025-08-08 14:00:00,,,,,,,509.0,509.0,,,0.0,,,0.0
2025-08-08 15:00:00,,,,,,,509.0,509.0,,,0.0,,,0.0
2025-08-08 16:00:00,,,,,,,509.0,509.0,,,0.0,,,0.0
2025-08-08 17:00:00,,,,,,,1533.0,1533.0,,,0.0,,,0.0
2025-08-08 18:00:00,,,,,,,1533.0,1533.0,,,0.0,,,0.0
2025-08-08 19:00:00,,,,,,,1533.0,1533.0,,,0.0,,,0.0
2025-08-08 20:00:00,,,,,,,1273.0,1273.0,,,0.0,,,0.0
2025-08-08 21:00:00,,,,,,,1273.0,1273.0,,,0.0,,,0.0
2025-08-08 22:00:00,,,,,,,1273.0,1273.0,,,0.0,,,0.0
2025-08-08 23:00:00,,,,,,,1273.0,1273.0,,,0.0,,,0.0
2025-08-09 00:00:00,,,,,,,1273.0,1273.0,,,0.0,,,0.0
2025-08-09 01:00:00,,,,,,,1273.0,1273.0,,,0.0,,,0.0
2025-08-09 02:00:00,,,,,,,1273.0,1273.0,,,0.0,,,0.0
2025-08-09 03:00:00,,,,,,,1273.0,1273.0,,,0.0,,,0.0
2025-08-09 04:00:00,,,,,,,1273.0,1273.0,,,0.0,,,0.0
2025-08-09 05:00:00,,,,,,,1273.0,1273.0,,,0.0,,,0.0
2025-08-09 06:00:00,,,,,,,1273.0,1273.0,,,0.0,,,0.0
2025-08-09 07:00:00,,,,,,,1533.0,1533.0,,,0.0,,,0.0
2025-08-09 08:00:00,,,,,,,249.0,249.0,,,0.0,,,0.0
2025-08-09 09:00:00,,,,,,,249.0,249.0,,,0.0,,,0.0
2025-08-09 10:00:00,,,,,,,509.0,509.0,,,0.0,,,0.0
2025-08-09 11:00:00,,,,,,,509.0,509.0,,,0.0,,,0.0
2025-08-09 12:00:00,,,,,,,509.0,509.0,0.0332,0.0,1.0,1.0906,0.0,1.0
2025-08-09 13:00:00,,,,,,,509.0,509.0,,,0.0,,,0.0
2025-08-09 14:00:00,,,,,,,509.0,509.0,,,0.0,,,0.0
2025-08-09 15:00:00,,,,,,,509.0,509.0,,,0.0,,,0.0
2025-08-09 16:00:00,,,,,,,509.0,509.0,,,0.0,,,0.0
2025-08-09 17:00:00,,,,,,,1533.0,1533.0,0.1214,0.0,1.0,0.9792,0.0,1.0
2025-08-09 18:00:00,,,,,,,1533.0,1533.0,,,0.0,,,0.0
2025-08-09 19:00:00,,,,,,,1273.0,1273.0,,,0.0,,,0.0
2025-08-09 20:00:00,,,,,,,1273.0,1273.0,,,0.0,,,0.0
2025-08-09 21:00:00,,,,,,,1529.0,1529.0,,,0.0,,,0.0
2025-08-09 22:00:00,,,,,,,1533.0,1533.0,,,0.0,,,0.0
2025-08-09 23:00:00,,,,,,,1533.0,1533.0,,,0.0,,,0.0
2025-08-10 00:00:00,,,,,,,1533.0,1533.0,,,0.0,,,0.0
2025-08-10 01:00:00,,,,,,,1529.0,1529.0,,,0.0,,,0.0
2025-08-10 02:00:00,,,,,,,1273.0,1273.0,,,0.0,,,0.0
2025-08-10 03:00:00,,,,,,,1529.0,1529.0,,,0.0,,,0.0
2025-08-10 04:00:00,,,,,,,1533.0,1533.0,,,0.0,,,0.0
2025-08-10 05:00:00,,,,,,,1529.0,1529.0,,,0.0,,,0.0
2025-08-10 06:00:00,,,,,,,1533.0,1533.0,,,0.0,,,0.0
2025-08-10 07:00:00,,,,,,,1533.0,1533.0,,,0.0,,,0.0
2025-08-10 08:00:00,,,,,,,509.0,509.0,,,0.0,,,0.0
2025-08-10 09:00:00,,,,,,,509.0,509.0,,,0.0,,,0.0
2025-08-10 10:00:00,,,,,,,509.0,509.0,,,0.0,,,0.0
2025-08-10 11:00:00,,,,,,,509.0,509.0,,,0.0,,,0.0
2025-08-10 12:00:00,,,,,,,509.0,509.0,,,0.0,,,0.0
2025-08-10 13:00:00,,,,,,,509.0,509.0,,,0.0,,,0.0
2025-08-10 14:00:00,,,,,,,509.0,509.0,,,0.0,,,0.0
2025-08-10 15:00:00,,,,,,,509.0,509.0,,,0.0,,,0.0
2025-08-10 16:00:00,,,,,,,509.0,509.0,,,0.0,,,0.0
2025-08-10 17:00:00,,,,,,,1533.0,1533.0,,,0.0,,,0.0
2025-08-10 18:00:00,,,,,,,1533.0,1533.0,,,0.0,,,0.0
2025-08-10 19:00:00,,,,,,,1529.0,1529.0,,,0.0,,,0.0
2025-08-10 20:00:00,,,,,,,1273.0,1273.0,,,0.0,,,0.0
2025-08-10 21:00:00,,,,,,,1533.0,1533.0,,,0.0,,,0.0
2025-08-10 22:00:00,,,,,,,1533.0,1533.0,,,0.0,,,0.0
2025-08-10 23:00:00,,,,,,,1533.0,1533.0,,,0.0,,,0.0
2025-08-11 00:00:00,,,,,,,1533.0,1533.0,,,0.0,,,0.0
2025-08-11 01:00:00,,,,,,,1533.0,1533.0,,,0.0,,,0.0
2025-08-11 02:00:00,,,,,,,1529.0,1529.0,,,0.0,,,0.0
2025-08-11 03:00:00,,,,,,,1533.0,1533.0,,,0.0,,,0.0
2025-08-11 04:00:00,,,,,,,1273.0,1273.0,,,0.0,,,0.0
2025-08-11 05:00:00,,,,,,,1533.0,1533.0,,,0.0,,,0.0
2025-08-11 06:00:00,,,,,,,1533.0,1533.0,,,0.0,,,0.0
2025-08-11 07:00:00,,,,,,,1529.0,1529.0,,,0.0,,,0.0
2025-08-11 08:00:00,,,,,,,509.0,509.0,,,0.0,,,0.0
2025-08-11 09:00:00,,,,,,,509.0,509.0,0.8232,0.044999998,2.0,0.66769993,0.017399967,2.0
2025-08-11 10:00:00,,,,,,,509.0,509.0,1.2544,0.0,1.0,0.7674,0.0,1.0
2025-08-11 11:00:00,,,,,,,509.0,509.0,,,0.0,,,0.0
2025-08-11 12:00:00,,,,,,,509.0,509.0,0.4632,0.0,1.0,0.9749,0.0,1.0
2025-08-11 13:00:00,,,,,,,509.0,509.0,,,0.0,,,0.0
2025-08-11 14:00:00,,,,,,,509.0,509.0,,,0.0,,,0.0
2025-08-11 15:00:00,,,,,,,509.0,509.0,,,0.0,,,0.0
2025-08-11 16:00:00,,,,,,,509.0,509.0,,,0.0,,,0.0
2025-08-11 17:00:00,,,,,,,1533.0,1533.0,,,0.0,,,0.0
2025-08-11 18:00:00,,,,,,,1533.0,1533.0,,,0.0,,,0.0
2025-08-11 19:00:00,,,,,,,1533.0,1533.0,,,0.0,,,0.0
2025-08-11 20:00:00,,,,,,,1533.0,1533.0,,,0.0,,,0.0
2025-08-11 21:00:00,,,,,,,1529.0,1529.0,,,0.0,,,0.0
2025-08-11 22:00:00,,,,,,,1529.0,1529.0,,,0.0,,,0.0
2025-08-11 23:00:00,,,,,,,1533.0,1533.0,,,0.0,,,0.0
2025-08-12 00:00:00,,,,,,,1529.0,1529.0,,,0.0,,,0.0
2025-08-12 01:00:00,,,,,,,1529.0,1529.0,,,0.0,,,0.0
2025-08-12 02:00:00,,,,,,,1529.0,1529.0,,,0.0,,,0.0
2025-08-12 03:00:00,,,,,,,1529.0,1529.0,,,0.0,,,0.0
2025-08-12 04:00:00,,,,,,,1533.0,1533.0,,,0.0,,,0.0
2025-08-12 05:00:00,,,,,,,1529.0,1529.0,,,0.0,,,0.0
2025-08-12 06:00:00,,,,,,,1273.0,1273.0,,,0.0,,,0.0
2025-08-12 07:00:00,,,,,,,1533.0,1533.0,,,0.0,,,0.0
2025-08-12 08:00:00,,,,,,,509.0,509.0,0.8638,0.0,1.0,0.86689997,0.0,1.0
2025-08-12 09:00:00,,,,,,,509.0,509.0,,,0.0,,,0.0
2025-08-12 10:00:00,,,,,,,509.0,509.0,1.1026,0.0,1.0,0.765,0.0,1.0
2025-08-12 11:00:00,,,,,,,509.0,509.0,,,0.0,,,0.0
2025-08-12 12:00:00,,,,,,,509.0,509.0,,,0.0,,,0.0
2025-08-12 13:00:00,,,,,,,509.0,509.0,,,0.0,,,0.0
2025-08-12 14:00:00,,,,,,,509.0,509.0,,,0.0,,,0.0
2025-08-12 15:00:00,,,,,,,509.0,509.0,,,0.0,,,0.0
2025-08-12 16:00:00,,,,,,,509.0,509.0,,,0.0,,,0.0
2025-08-12 17:00:00,,,,,,,1533.0,1533.0,,,0.0,,,0.0
2025-08-12 18:00:00,,,,,,,1533.0,1533.0,,,0.0,,,0.0
2025-08-12 19:00:00,,,,,,,1533.0,1533.0,,,0.0,,,0.0
2025-08-12 20:00:00,,,,,,,1533.0,1533.0,,,0.0,,,0.0
2025-08-12 21:00:00,,,,,,,1529.0,1529.0,,,0.0,,,0.0
2025-08-12 22:00:00,,,,,,,1533.0,1533.0,,,0.0,,,0.0
2025-08-12 23:00:00,,,,,,,1533.0,1533.0,,,0.0,,,0.0
2025-08-13 00:00:00,,,,,,,1533.0,1533.0,,,0.0,,,0.0
2025-08-13 01:00:00,,,,,,,1533.0,1533.0,,,0.0,,,0.0
2025-08-13 02:00:00,,,,,,,1533.0,1533.0,,,0.0,,,0.0
2025-08-13 03:00:00,,,,,,,1533.0,1533.0,,,0.0,,,0.0
2025-08-13 04:00:00,,,,,,,1533.0,1533.0,,,0.0,,,0.0
2025-08-13 05:00:00,,,,,,,1273.0,1273.0,,,0.0,,,0.0
2025-08-13 06:00:00,,,,,,,1533.0,1533.0,,,0.0,,,0.0
2025-08-13 07:00:00,,,,,,,1533.0,1533.0,,,0.0,,,0.0
2025-08-13 08:00:00,,,,,,,509.0,509.0,,,0.0,,,0.0
2025-08-13 09:00:00,,,,,,,509.0,509.0,,,0.0,,,0.0
2025-08-13 10:00:00,,,,,,,509.0,509.0,,,0.0,,,0.0
2025-08-13 11:00:00,,,,,,,509.0,509.0,,,0.0,,,0.0
2025-08-13 12:00:00,,,,,,,509.0,509.0,,,0.0,,,0.0
2025-08-13 13:00:00,,,,,,,509.0,509.0,,,0.0,,,0.0
2025-08-13 14:00:00,,,,,,,509.0,509.0,,,0.0,,,0.0
2025-08-13 15:00:00,,,,,,,509.0,509.0,,,0.0,,,0.0
2025-08-13 16:00:00,,,,,,,509.0,509.0,,,0.0,,,0.0
2025-08-13 17:00:00,,,,,,,1533.0,1533.0,0.1118,0.027999999,3.0,1.0182999,0.028899968,3.0
2025-08-13 18:00:00,,,,,,,1529.0,1529.0,,,0.0,,,0.0
2025-08-13 19:00:00,,,,,,,1533.0,1533.0,,,0.0,,,0.0
2025-08-13 20:00:00,,,,,,,1529.0,1529.0,,,0.0,,,0.0
2025-08-13 21:00:00,,,,,,,1529.0,1529.0,,,0.0,,,0.0
2025-08-13 22:00:00,,,,,,,1533.0,1533.0,,,0.0,,,0.0
2025-08-13 23:00:00,,,,,,,1529.0,1529.0,,,0.0,,,0.0
2025-08-14 00:00:00,,,,,,,1533.0,1533.0,,,0.0,,,0.0
2025-08-14 01:00:00,,,,,,,1529.0,1529.0,,,0.0,,,0.0
2025-08-14 02:00:00,,,,,,,1529.0,1529.0,,,0.0,,,0.0
2025-08-14 03:00:00,,,,,,,1273.0,1273.0,,,0.0,,,0.0
2025-08-14 04:00:00,,,,,,,1273.0,1273.0,,,0.0,,,0.0
2025-08-14 05:00:00,,,,,,,1529.0,1529.0,,,0.0,,,0.0
2025-08-14 06:00:00,,,,,,,1533.0,1533.0,,,0.0,,,0.0
2025-08-14 07:00:00,,,,,,,1529.0,1529.0,,,0.0,,,0.0
2025-08-14 08:00:00,,,,,,,505.0,504.0,0.37719998,0.0694,5.0,0.9547,0.15039998,5.0
2025-08-14 09:00:00,,,,,,,509.0,509.0,0.39699998,0.14559999,4.0,1.16,0.0934,4.0
2025-08-14 10:00:00,,,,,,,509.0,509.0,,,0.0,,,0.0
2025-08-14 11:00:00,,,,,,,509.0,509.0,1.2184,0.0,1.0,0.4892,0.0,1.0
2025-08-14 12:00:00,,,,,,,509.0,509.0,,,0.0,,,0.0
2025-08-14 13:00:00,,,,,,,509.0,509.0,,,0.0,,,0.0
2025-08-14 14:00:00,,,,,,,509.0,509.0,,,0.0,,,0.0
2025-08-14 15:00:00,,,,,,,509.0,509.0,,,0.0,,,0.0
2025-08-14 16:00:00,,,,,,,509.0,509.0,,,0.0,,,0.0
2025-08-14 17:00:00,,,,,,,1533.0,1533.0,,,0.0,,,0.0
2025-08-14 18:00:00,,,,,,,1533.0,1533.0,,,0.0,,,0.0
2025-08-14 19:00:00,,,,,,,1533.0,1533.0,,,0.0,,,0.0
2025-08-14 20:00:00,,,,,,,1533.0,1533.0,,,0.0,,,0.0
2025-08-14 21:00:00,,,,,,,1533.0,1533.0,,,0.0,,,0.0
2025-08-14 22:00:00,,,,,,,1533.0,1533.0,,,0.0,,,0.0
2025-08-14 23:00:00,,,,,,,1533.0,1533.0,,,0.0,,,0.0
2025-08-15 00:00:00,,,,,,,1533.0,1533.0,,,0.0,,,0.0
2025-08-15 01:00:00,,,,,,,1533.0,1533.0,,,0.0,,,0.0
2025-08-15 02:00:00,,,,,,,1533.0,1533.0,,,0.0,,,0.0
2025-08-15 03:00:00,,,,,,,1529.0,1529.0,,,0.0,,,0.0
2025-08-15 04:00:00,,,,,,,1529.0,1529.0,,,0.0,,,0.0
2025-08-15 05:00:00,,,,,,,1529.0,1529.0,,,0.0,,,0.0
2025-08-15 06:00:00,,,,,,,1533.0,1533.0,,,0.0,,,0.0
2025-08-15 07:00:00,,,,,,,1533.0,1533.0,,,0.0,,,0.0
2025-08-15 08:00:00,,,,,,,509.0,509.0,,,0.0,,,0.0
2025-08-15 09:00:00,,,,,,,509.0,509.0,,,0.0,,,0.0
2025-08-15 10:00:00,,,,,,,509.0,509.0,,,0.0,,,0.0
2025-08-15 11:00:00,,,,,,,509.0,509.0,,,0.0,,,0.0
2025-08-15 12:00:00,,,,,,,509.0,509.0,,,0.0,,,0.0
2025-08-15 13:00:00,,,,,,,509.0,509.0,,,0.0,,,0.0
2025-08-15 14:00:00,,,,,,,509.0,509.0,,,0.0,,,0.0
2025-08-15 15:00:00,,,,,,,509.0,509.0,,,0.0,,,0.0
2025-08-15 16:00:00,,,,,,,509.0,509.0,,,0.0,,,0.0
2025-08-15 17:00:00,,,,,,,1533.0,1533.0,,,0.0,,,0.0
2025-08-15 18:00:00,,,,,,,1533.0,1533.0,,,0.0,,,0.0
2025-08-15 19:00:00,,,,,,,1533.0,1533.0,,,0.0,,,0.0
2025-08-15 20:00:00,,,,,,,1533.0,1533.0,,,0.0,,,0.0
2025-08-15 21:00:00,,,,,,,1533.0,1533.0,,,0.0,,,0.0
2025-08-15 22:00:00,,,,,,,1533.0,1533.0,,,0.0,,,0.0
2025-08-15 23:00:00,,,,,,,1533.0,1533.0,,,0.0,,,0.0
2025-08-16 00:00:00,,,,,,,1533.0,1533.0,,,0.0,,,0.0
2025-08-16 01:00:00,,,,,,,1533.0,1533.0,,,0.0,,,0.0
2025-08-16 02:00:00,,,,,,,1533.0,1533.0,,,0.0,,,0.0
2025-08-16 03:00:00,,,,,,,1529.0,1529.0,,,0.0,,,0.0
2025-08-16 04:00:00,,,,,,,1533.0,1533.0,,,0.0,,,0.0
2025-08-16 05:00:00,,,,,,,1529.0,1529.0,,,0.0,,,0.0
2025-08-16 06:00:00,,,,,,,1533.0,1533.0,,,0.0,,,0.0
2025-08-16 07:00:00,,,,,,,1533.0,1533.0,,,0.0,,,0.0
2025-08-16 08:00:00,,,,,,,509.0,509.0,,,0.0,,,0.0
2025-08-16 09:00:00,,,,,,,509.0,509.0,,,0.0,,,0.0
2025-08-16 10:00:00,,,,,,,509.0,509.0,,,0.0,,,0.0
2025-08-16 11:00:00,,,,,,,509.0,509.0,,,0.0,,,0.0
2025-08-16 12:00:00,,,,,,,509.0,509.0,,,0.0,,,0.0
2025-08-16 13:00:00,,,,,,,509.0,509.0,,,0.0,,,0.0
2025-08-16 14:00:00,,,,,,,509.0,509.0,,,0.0,,,0.0
2025-08-16 15:00:00,,,,,,,509.0,509.0,,,0.0,,,0.0
2025-08-16 16:00:00,,,,,,,509.0,509.0,,,0.0,,,0.0
2025-08-16 17:00:00,,,,,,,1533.0,1533.0,,,0.0,,,0.0
2025-08-16 18:00:00,,,,,,,1533.0,1533.0,,,0.0,,,0.0
2025-08-16 19:00:00,,,,,,,1533.0,1533.0,,,0.0,,,0.0
2025-08-16 20:00:00,,,,,,,1533.0,1533.0,,,0.0,,,0.0
2025-08-16 21:00:00,,,,,,,1533.0,1533.0,,,0.0,,,0.0
2025-08-16 22:00:00,,,,,,,1533.0,1533.0,,,0.0,,,0.0
2025-08-16 23:00:00,,,,,,,1529.0,1529.0,,,0.0,,,0.0
2025-08-17 00:00:00,,,,,,,1533.0,1533.0,,,0.0,,,0.0
2025-08-17 01:00:00,,,,,,,1533.0,1533.0,,,0.0,,,0.0
2025-08-17 02:00:00,,,,,,,1533.0,1533.0,,,0.0,,,0.0
2025-08-17 03:00:00,,,,,,,1529.0,1529.0,,,0.0,,,0.0
2025-08-17 04:00:00,,,,,,,1529.0,1529.0,,,0.0,,,0.0
2025-08-17 05:00:00,,,,,,,1533.0,1533.0,,,0.0,,,0.0
2025-08-17 06:00:00,,,,,,,1529.0,1529.0,,,0.0,,,0.0
2025-08-17 07:00:00,,,,,,,1533.0,1533.0,,,0.0,,,0.0
2025-08-17 08:00:00,,,,,,,509.0,509.0,,,0.0,,,0.0
2025-08-17 09:00:00,,,,,,,509.0,509.0,,,0.0,,,0.0
2025-08-17 10:00:00,,,,,,,509.0,509.0,,,0.0,,,0.0
2025-08-17 11:00:00,,,,,,,509.0,509.0,,,0.0,,,0.0
2025-08-17 12:00:00,,,,,,,509.0,509.0,,,0.0,,,0.0
2025-08-17 13:00:00,,,,,,,509.0,509.0,,,0.0,,,0.0
2025-08-17 14:00:00,,,,,,,509.0,509.0,,,0.0,,,0.0
2025-08-17 15:00:00,,,,,,,509.0,509.0,,,0.0,,,0.0
2025-08-17 16:00:00,,,,,,,509.0,509.0,,,0.0,,,0.0
2025-08-17 17:00:00,,,,,,,1533.0,1533.0,,,0.0,,,0.0
2025-08-17 18:00:00,,,,,,,1533.0,1533.0,,,0.0,,,0.0
2025-08-17 19:00:00,,,,,,,1533.0,1533.0,,,0.0,,,0.0
2025-08-17 20:00:00,,,,,,,1533.0,1533.0,,,0.0,,,0.0
2025-08-17 21:00:00,,,,,,,1533.0,1533.0,,,0.0,,,0.0
2025-08-17 22:00:00,,,,,,,1533.0,1533.0,,,0.0,,,0.0
2025-08-17 23:00:00,,,,,,,1533.0,1533.0,,,0.0,,,0.0
2025-08-18 00:00:00,,,,,,,1533.0,1533.0,,,0.0,,,0.0
2025-08-18 01:00:00,,,,,,,1533.0,1533.0,,,0.0,,,0.0
2025-08-18 02:00:00,,,,,,,1273.0,1273.0,,,0.0,,,0.0
2025-08-18 03:00:00,,,,,,,1533.0,1533.0,,,0.0,,,0.0
2025-08-18 04:00:00,,,,,,,1533.0,1533.0,,,0.0,,,0.0
2025-08-18 05:00:00,,,,,,,1533.0,1533.0,,,0.0,,,0.0
2025-08-18 06:00:00,,,,,,,1533.0,1533.0,,,0.0,,,0.0
2025-08-18 07:00:00,,,,,,,1533.0,1533.0,,,0.0,,,0.0
2025-08-18 08:00:00,,,,,,,509.0,509.0,,,0.0,,,0.0
2025-08-18 09:00:00,,,,,,,509.0,509.0,,,0.0,,,0.0
2025-08-18 10:00:00,,,,,,,509.0,509.0,,,0.0,,,0.0
2025-08-18 11:00:00,,,,,,,509.0,509.0,,,0.0,,,0.0
2025-08-18 12:00:00,,,,,,,509.0,509.0,,,0.0,,,0.0
2025-08-18 13:00:00,,,,,,,509.0,509.0,,,0.0,,,0.0
2025-08-18 14:00:00,,,,,,,509.0,509.0,,,0.0,,,0.0
2025-08-18 15:00:00,,,,,,,509.0,509.0,,,0.0,,,0.0
2025-08-18 16:00:00,,,,,,,509.0,509.0,,,0.0,,,0.0
2025-08-18 17:00:00,,,,,,,1533.0,1533.0,,,0.0,,,0.0
2025-08-18 18:00:00,,,,,,,1533.0,1533.0,,,0.0,,,0.0
2025-08-18 19:00:00,,,,,,,1533.0,1533.0,,,0.0,,,0.0
2025-08-18 20:00:00,,,,,,,1533.0,1533.0,,,0.0,,,0.0
2025-08-18 21:00:00,,,,,,,1533.0,1533.0,,,0.0,,,0.0
2025-08-18 22:00:00,,,,,,,1533.0,1533.0,,,0.0,,,0.0
2025-08-18 23:00:00,,,,,,,1529.0,1529.0,,,0.0,,,0.0
2025-08-19 00:00:00,,,,,,,1533.0,1533.0,,,0.0,,,0.0
2025-08-19 01:00:00,,,,,,,1533.0,1533.0,,,0.0,,,0.0
2025-08-19 02:00:00,,,,,,,1529.0,1529.0,,,0.0,,,0.0
2025-08-19 03:00:00,,,,,,,1533.0,1533.0,,,0.0,,,0.0
2025-08-19 04:00:00,,,,,,,1529.0,1529.0,,,0.0,,,0.0
2025-08-19 05:00:00,,,,,,,1533.0,1533.0,,,0.0,,,0.0
2025-08-19 06:00:00,,,,,,,1529.0,1529.0,,,0.0,,,0.0
2025-08-19 07:00:00,,,,,,,1533.0,1533.0,,,0.0,,,0.0
2025-08-19 08:00:00,,,,,,,509.0,509.0,,,0.0,,,0.0
2025-08-19 09:00:00,,,,,,,509.0,509.0,,,0.0,,,0.0
2025-08-19 10:00:00,,,,,,,509.0,509.0,,,0.0,,,0.0
2025-08-19 11:00:00,,,,,,,509.0,509.0,,,0.0,,,0.0
2025-08-19 12:00:00,,,,,,,509.0,509.0,,,0.0,,,0.0
2025-08-19 13:00:00,,,,,,,509.0,509.0,,,0.0,,,0.0
2025-08-19 14:00:00,,,,,,,509.0,509.0,,,0.0,,,0.0
2025-08-19 15:00:00,,,,,,,509.0,509.0,,,0.0,,,0.0
2025-08-19 16:00:00,,,,,,,509.0,509.0,,,0.0,,,0.0
2025-08-19 17:00:00,,,,,,,1533.0,1533.0,,,0.0,,,0.0
2025-08-19 18:00:00,,,,,,,1533.0,1533.0,,,0.0,,,0.0
2025-08-19 19:00:00,,,,,,,1533.0,1533.0,,,0.0,,,0.0
2025-08-19 20:00:00,,,,,,,1533.0,1533.0,,,0.0,,,0.0
2025-08-19 21:00:00,,,,,,,1533.0,1533.0,,,0.0,,,0.0
2025-08-19 22:00:00,,,,,,,1529.0,1529.0,,,0.0,,,0.0
2025-08-19 23:00:00,,,,,,,1533.0,1533.0,,,0.0,,,0.0
2025-08-20 00:00:00,,,,,,,1533.0,1533.0,,,0.0,,,0.0
2025-08-20 01:00:00,,,,,,,1529.0,1529.0,,,0.0,,,0.0
2025-08-20 02:00:00,,,,,,,1533.0,1533.0,,,0.0,,,0.0
2025-08-20 03:00:00,,,,,,,1533.0,1533.0,,,0.0,,,0.0
2025-08-20 04:00:00,,,,,,,1529.0,1529.0,,,0.0,,,0.0
2025-08-20 05:00:00,,,,,,,1273.0,1273.0,,,0.0,,,0.0
2025-08-20 06:00:00,,,,,,,1273.0,1273.0,,,0.0,,,0.0
2025-08-20 07:00:00,,,,,,,1533.0,1533.0,,,0.0,,,0.0
2025-08-20 08:00:00,,,,,,,509.0,509.0,,,0.0,,,0.0
2025-08-20 09:00:00,,,,,,,509.0,509.0,,,0.0,,,0.0
2025-08-20 10:00:00,,,,,,,509.0,509.0,,,0.0,,,0.0
2025-08-20 11:00:00,,,,,,,509.0,509.0,,,0.0,,,0.0
2025-08-20 12:00:00,,,,,,,509.0,509.0,,,0.0,,,0.0
2025-08-20 13:00:00,,,,,,,509.0,509.0,,,0.0,,,0.0
2025-08-20 14:00:00,,,,,,,509.0,509.0,,,0.0,,,0.0
2025-08-20 15:00:00,,,,,,,509.0,509.0,,,0.0,,,0.0
2025-08-20 16:00:00,,,,,,,509.0,509.0,,,0.0,,,0.0
2025-08-20 17:00:00,,,,,,,1533.0,1533.0,,,0.0,,,0.0
2025-08-20 18:00:00,,,,,,,1533.0,1533.0,,,0.0,,,0.0
2025-08-20 19:00:00,,,,,,,1529.0,1529.0,,,0.0,,,0.0
2025-08-20 20:00:00,,,,,,,1533.0,1533.0,,,0.0,,,0.0
2025-08-20 21:00:00,,,,,,,1533.0,1533.0,,,0.0,,,0.0
2025-08-20 22:00:00,,,,,,,1533.0,1533.0,,,0.0,,,0.0
2025-08-20 23:00:00,,,,,,,1533.0,1533.0,,,0.0,,,0.0
2025-08-21 00:00:00,,,,,,,1533.0,1533.0,,,0.0,,,0.0
2025-08-21 01:00:00,,,,,,,1533.0,1533.0,,,0.0,,,0.0
2025-08-21 02:00:00,,,,,,,1533.0,1533.0,,,0.0,,,0.0
2025-08-21 03:00:00,,,,,,,1533.0,1533.0,,,0.0,,,0.0
2025-08-21 04:00:00,,,,,,,1533.0,1533.0,,,0.0,,,0.0
2025-08-21 05:00:00,,,,,,,1533.0,1533.0,,,0.0,,,0.0
2025-08-21 06:00:00,,,,,,,1533.0,1533.0,,,0.0,,,0.0
2025-08-21 07:00:00,,,,,,,1533.0,1533.0,,,0.0,,,0.0
2025-08-21 08:00:00,,,,,,,509.0,509.0,,,0.0,,,0.0
2025-08-21 09:00:00,,,,,,,509.0,509.0,,,0.0,,,0.0
2025-08-21 10:00:00,,,,,,,509.0,509.0,,,0.0,,,0.0
2025-08-21 11:00:00,,,,,,,509.0,509.0,,,0.0,,,0.0
2025-08-21 12:00:00,,,,,,,509.0,509.0,,,0.0,,,0.0
2025-08-21 13:00:00,,,,,,,509.0,509.0,,,0.0,,,0.0
2025-08-21 14:00:00,,,,,,,509.0,509.0,,,0.0,,,0.0
2025-08-21 15:00:00,,,,,,,509.0,509.0,,,0.0,,,0.0
2025-08-21 16:00:00,,,,,,,509.0,509.0,,,0.0,,,0.0
2025-08-21 17:00:00,,,,,,,1533.0,1533.0,,,0.0,,,0.0
2025-08-21 18:00:00,,,,,,,1533.0,1533.0,,,0.0,,,0.0
2025-08-21 19:00:00,,,,,,,1533.0,1533.0,,,0.0,,,0.0
2025-08-21 20:00:00,,,,,,,1533.0,1533.0,,,0.0,,,0.0
2025-08-21 21:00:00,,,,,,,1273.0,1273.0,,,0.0,,,0.0
2025-08-21 22:00:00,,,,,,,1533.0,1533.0,,,0.0,,,0.0
2025-08-21 23:00:00,,,,,,,1533.0,1533.0,,,0.0,,,0.0
2025-08-22 00:00:00,,,,,,,1533.0,1533.0,,,0.0,,,0.0
2025-08-22 01:00:00,,,,,,,1533.0,1533.0,,,0.0,,,0.0
2025-08-22 02:00:00,,,,,,,1533.0,1533.0,,,0.0,,,0.0
2025-08-22 03:00:00,,,,,,,1533.0,1533.0,,,0.0,,,0.0
2025-08-22 04:00:00,,,,,,,1529.0,1529.0,,,0.0,,,0.0
2025-08-22 05:00:00,,,,,,,1533.0,1533.0,,,0.0,,,0.0
2025-08-22 06:00:00,,,,,,,1533.0,1533.0,,,0.0,,,0.0
2025-08-22 07:00:00,,,,,,,1533.0,1533.0,,,0.0,,,0.0
2025-08-22 08:00:00,,,,,,,509.0,509.0,,,0.0,,,0.0
2025-08-22 09:00:00,,,,,,,509.0,509.0,,,0.0,,,0.0
2025-08-22 10:00:00,,,,,,,509.0,509.0,,,0.0,,,0.0
2025-08-22 11:00:00,,,,,,,509.0,509.0,,,0.0,,,0.0
2025-08-22 12:00:00,,,,,,,509.0,509.0,,,0.0,,,0.0
2025-08-22 13:00:00,,,,,,,509.0,509.0,,,0.0,,,0.0
2025-08-22 14:00:00,,,,,,,509.0,509.0,,,0.0,,,0.0
2025-08-22 15:00:00,,,,,,,509.0,509.0,,,0.0,,,0.0
2025-08-22 16:00:00,,,,,,,509.0,509.0,,,0.0,,,0.0
2025-08-22 17:00:00,,,,,,,1533.0,1533.0,,,0.0,,,0.0
2025-08-22 18:00:00,,,,,,,1533.0,1533.0,,,0.0,,,0.0
2025-08-22 19:00:00,,,,,,,1529.0,1529.0,,,0.0,,,0.0
2025-08-22 20:00:00,,,,,,,1529.0,1529.0,,,0.0,,,0.0
2025-08-22 21:00:00,,,,,,,1533.0,1533.0,,,0.0,,,0.0
2025-08-22 22:00:00,,,,,,,1533.0,1533.0,,,0.0,,,0.0
2025-08-22 23:00:00,,,,,,,1529.0,1529.0,,,0.0,,,0.0
2025-08-23 00:00:00,,,,,,,1529.0,1529.0,,,0.0,,,0.0
2025-08-23 01:00:00,,,,,,,1273.0,1273.0,,,0.0,,,0.0
2025-08-23 02:00:00,,,,,,,1529.0,1529.0,,,0.0,,,0.0
2025-08-23 03:00:00,,,,,,,1529.0,1529.0,,,0.0,,,0.0
2025-08-23 04:00:00,,,,,,,1533.0,1533.0,,,0.0,,,0.0
2025-08-23 05:00:00,,,,,,,1529.0,1529.0,,,0.0,,,0.0
2025-08-23 06:00:00,,,,,,,1273.0,1273.0,,,0.0,,,0.0
2025-08-23 07:00:00,,,,,,,1533.0,1533.0,,,0.0,,,0.0
2025-08-23 08:00:00,,,,,,,509.0,509.0,,,0.0,,,0.0
2025-08-23 09:00:00,,,,,,,509.0,509.0,,,0.0,,,0.0
2025-08-23 10:00:00,,,,,,,509.0,509.0,,,0.0,,,0.0
2025-08-23 11:00:00,,,,,,,509.0,509.0,,,0.0,,,0.0
2025-08-23 12:00:00,,,,,,,509.0,509.0,,,0.0,,,0.0
2025-08-23 13:00:00,,,,,,,509.0,509.0,,,0.0,,,0.0
2025-08-23 14:00:00,,,,,,,509.0,509.0,,,0.0,,,0.0
2025-08-23 15:00:00,,,,,,,509.0,509.0,,,0.0,,,0.0
2025-08-23 16:00:00,,,,,,,509.0,509.0,,,0.0,,,0.0
2025-08-23 17:00:00,,,,,,,1529.0,1529.0,,,0.0,,,0.0
2025-08-23 18:00:00,,,,,,,1273.0,1273.0,,,0.0,,,0.0
2025-08-23 19:00:00,,,,,,,1273.0,1273.0,,,0.0,,,0.0
2025-08-23 20:00:00,,,,,,,1273.0,1273.0,,,0.0,,,0.0
2025-08-23 21:00:00,,,,,,,1529.0,1529.0,,,0.0,,,0.0
2025-08-23 22:00:00,,,,,,,1529.0,1529.0,,,0.0,,,0.0
2025-08-23 23:00:00,,,,,,,1533.0,1533.0,,,0.0,,,0.0
2025-08-24 00:00:00,,,,,,,1273.0,1273.0,,,0.0,,,0.0
2025-08-24 01:00:00,,,,,,,1273.0,1273.0,,,0.0,,,0.0
2025-08-24 02:00:00,,,,,,,1533.0,1533.0,,,0.0,,,0.0
2025-08-24 03:00:00,,,,,,,1533.0,1533.0,,,0.0,,,0.0
2025-08-24 04:00:00,,,,,,,1273.0,1273.0,,,0.0,,,0.0
2025-08-24 05:00:00,,,,,,,1273.0,1273.0,,,0.0,,,0.0
2025-08-24 06:00:00,,,,,,,1273.0,1273.0,,,0.0,,,0.0
2025-08-24 07:00:00,,,,,,,1533.0,1533.0,,,0.0,,,0.0
2025-08-24 08:00:00,,,,,,,509.0,509.0,0.228,0.0,1.0,0.7078999,0.0,1.0
2025-08-24 09:00:00,,,,,,,509.0,509.0,0.1706,0.011399999,2.0,0.9541,0.0,2.0
2025-08-24 10:00:00,,,,,,,509.0,509.0,,,0.0,,,0.0
2025-08-24 11:00:00,,,,,,,509.0,509.0,,,0.0,,,0.0
2025-08-24 12:00:00,,,,,,,509.0,509.0,,,0.0,,,0.0
2025-08-24 13:00:00,,,,,,,509.0,509.0,,,0.0,,,0.0
2025-08-24 14:00:00,,,,,,,509.0,509.0,,,0.0,,,0.0
2025-08-24 15:00:00,,,,,,,509.0,509.0,,,0.0,,,0.0
2025-08-24 16:00:00,,,,,,,509.0,509.0,,,0.0,,,0.0
2025-08-24 17:00:00,,,,,,,1533.0,1533.0,,,0.0,,,0.0
2025-08-24 18:00:00,,,,,,,1533.0,1533.0,,,0.0,,,0.0
2025-08-24 19:00:00,,,,,,,1533.0,1533.0,,,0.0,,,0.0
2025-08-24 20:00:00,,,,,,,1533.0,1533.0,,,0.0,,,0.0
2025-08-24 21:00:00,,,,,,,1533.0,1533.0,,,0.0,,,0.0
2025-08-24 22:00:00,,,,,,,1533.0,1533.0,,,0.0,,,0.0
2025-08-24 23:00:00,,,,,,,1533.0,1533.0,,,0.0,,,0.0
2025-08-25 00:00:00,,,,,,,1533.0,1533.0,,,0.0,,,0.0
2025-08-25 01:00:00,,,,,,,1533.0,1533.0,,,0.0,,,0.0
2025-08-25 02:00:00,,,,,,,1533.0,1533.0,,,0.0,,,0.0
2025-08-25 03:00:00,,,,,,,1533.0,1533.0,,,0.0,,,0.0
2025-08-25 04:00:00,,,,,,,1273.0,1273.0,,,0.0,,,0.0
2025-08-25 05:00:00,,,,,,,1529.0,1529.0,,,0.0,,,0.0
2025-08-25 06:00:00,,,,,,,1529.0,1529.0,,,0.0,,,0.0
2025-08-25 07:00:00,,,,,,,1533.0,1533.0,,,0.0,,,0.0
2025-08-25 08:00:00,,,,,,,509.0,509.0,,,0.0,,,0.0
2025-08-25 09:00:00,,,,,,,509.0,509.0,,,0.0,,,0.0
2025-08-25 10:00:00,,,,,,,509.0,509.0,,,0.0,,,0.0
2025-08-25 11:00:00,,,,,,,509.0,509.0,,,0.0,,,0.0
2025-08-25 12:00:00,,,,,,,509.0,509.0,,,0.0,,,0.0
2025-08-25 13:00:00,,,,,,,509.0,509.0,,,0.0,,,0.0
2025-08-25 14:00:00,,,,,,,509.0,509.0,,,0.0,,,0.0
2025-08-25 15:00:00,,,,,,,509.0,509.0,,,0.0,,,0.0
2025-08-25 16:00:00,,,,,,,509.0,509.0,,,0.0,,,0.0
2025-08-25 17:00:00,,,,,,,1533.0,1533.0,,,0.0,,,0.0
2025-08-25 18:00:00,,,,,,,1533.0,1533.0,,,0.0,,,0.0
2025-08-25 19:00:00,,,,,,,1529.0,1529.0,,,0.0,,,0.0
2025-08-25 20:00:00,,,,,,,1533.0,1533.0,,,0.0,,,0.0
2025-08-25 21:00:00,,,,,,,1529.0,1529.0,,,0.0,,,0.0
2025-08-25 22:00:00,,,,,,,1533.0,1533.0,,,0.0,,,0.0
2025-08-25 23:00:00,,,,,,,1533.0,1533.0,,,0.0,,,0.0
2025-08-26 00:00:00,,,,,,,1533.0,1533.0,,,0.0,,,0.0
2025-08-26 01:00:00,,,,,,,1533.0,1533.0,,,0.0,,,0.0
2025-08-26 02:00:00,,,,,,,1529.0,1529.0,,,0.0,,,0.0
2025-08-26 03:00:00,,,,,,,1533.0,1533.0,,,0.0,,,0.0
2025-08-26 04:00:00,,,,,,,1533.0,1533.0,,,0.0,,,0.0
2025-08-26 05:00:00,,,,,,,1533.0,1533.0,,,0.0,,,0.0
2025-08-26 06:00:00,,,,,,,1533.0,1533.0,,,0.0,,,0.0
2025-08-26 07:00:00,,,,,,,1533.0,1533.0,,,0.0,,,0.0
2025-08-26 08:00:00,,,,,,,509.0,509.0,,,0.0,,,0.0
2025-08-26 09:00:00,,,,,,,509.0,509.0,,,0.0,,,0.0
2025-08-26 10:00:00,,,,,,,509.0,509.0,,,0.0,,,0.0
2025-08-26 11:00:00,,,,,,,509.0,509.0,,,0.0,,,0.0
2025-08-26 12:00:00,,,,,,,509.0,509.0,,,0.0,,,0.0
2025-08-26 13:00:00,,,,,,,509.0,509.0,,,0.0,,,0.0
2025-08-26 14:00:00,,,,,,,509.0,509.0,,,0.0,,,0.0
2025-08-26 15:00:00,,,,,,,509.0,509.0,,,0.0,,,0.0
2025-08-26 16:00:00,,,,,,,509.0,509.0,,,0.0,,,0.0
2025-08-26 17:00:00,,,,,,,1533.0,1533.0,,,0.0,,,0.0
2025-08-26 18:00:00,,,,,,,1529.0,1529.0,,,0.0,,,0.0
2025-08-26 19:00:00,,,,,,,1533.0,1533.0,,,0.0,,,0.0
2025-08-26 20:00:00,,,,,,,1533.0,1533.0,,,0.0,,,0.0
2025-08-26 21:00:00,,,,,,,1533.0,1533.0,,,0.0,,,0.0
2025-08-26 22:00:00,,,,,,,1273.0,1273.0,,,0.0,,,0.0
2025-08-26 23:00:00,,,,,,,1529.0,1529.0,,,0.0,,,0.0
2025-08-27 00:00:00,,,,,,,1533.0,1533.0,,,0.0,,,0.0
2025-08-27 01:00:00,,,,,,,1533.0,1533.0,,,0.0,,,0.0
2025-08-27 02:00:00,,,,,,,1533.0,1533.0,,,0.0,,,0.0
2025-08-27 03:00:00,,,,,,,1529.0,1529.0,,,0.0,,,0.0
2025-08-27 04:00:00,,,,,,,1533.0,1533.0,,,0.0,,,0.0
2025-08-27 05:00:00,,,,,,,1533.0,1533.0,,,0.0,,,0.0
2025-08-27 06:00:00,,,,,,,1529.0,1529.0,,,0.0,,,0.0
2025-08-27 07:00:00,,,,,,,1533.0,1533.0,,,0.0,,,0.0
2025-08-27 08:00:00,,,,,,,509.0,509.0,,,0.0,,,0.0
2025-08-27 09:00:00,,,,,,,509.0,509.0,,,0.0,,,0.0
2025-08-27 10:00:00,,,,,,,509.0,509.0,,,0.0,,,0.0
2025-08-27 11:00:00,,,,,,,509.0,509.0,,,0.0,,,0.0
2025-08-27 12:00:00,,,,,,,509.0,509.0,,,0.0,,,0.0
2025-08-27 13:00:00,,,,,,,509.0,509.0,,,0.0,,,0.0
2025-08-27 14:00:00,,,,,,,509.0,509.0,,,0.0,,,0.0
2025-08-27 15:00:00,,,,,,,509.0,509.0,,,0.0,,,0.0
2025-08-27 16:00:00,,,,,,,509.0,509.0,,,0.0,,,0.0
2025-08-27 17:00:00,,,,,,,1533.0,1533.0,,,0.0,,,0.0
2025-08-27 18:00:00,,,,,,,1533.0,1533.0,,,0.0,,,0.0
2025-08-27 19:00:00,,,,,,,1533.0,1533.0,,,0.0,,,0.0
2025-08-27 20:00:00,,,,,,,1533.0,1533.0,,,0.0,,,0.0
2025-08-27 21:00:00,,,,,,,1533.0,1533.0,,,0.0,,,0.0
2025-08-27 22:00:00,,,,,,,1529.0,1529.0,,,0.0,,,0.0
2025-08-27 23:00:00,,,,,,,1533.0,1533.0,,,0.0,,,0.0
2025-08-28 00:00:00,,,,,,,1533.0,1533.0,,,0.0,,,0.0
2025-08-28 01:00:00,,,,,,,1533.0,1533.0,,,0.0,,,0.0
2025-08-28 02:00:00,,,,,,,1533.0,1533.0,,,0.0,,,0.0
2025-08-28 03:00:00,,,,,,,1529.0,1529.0,,,0.0,,,0.0
2025-08-28 04:00:00,,,,,,,1533.0,1533.0,,,0.0,,,0.0
2025-08-28 05:00:00,,,,,,,1273.0,1273.0,,,0.0,,,0.0
2025-08-28 06:00:00,,,,,,,1273.0,1273.0,,,0.0,,,0.0
2025-08-28 07:00:00,,,,,,,1529.0,1529.0,,,0.0,,,0.0
2025-08-28 08:00:00,,,,,,,509.0,509.0,1.1034,0.0,1.0,0.7168,0.0,1.0
2025-08-28 09:00:00,,,,,,,509.0,509.0,,,0.0,,,0.0
2025-08-28 10:00:00,,,,,,,509.0,509.0,,,0.0,,,0.0
2025-08-28 11:00:00,,,,,,,509.0,509.0,,,0.0,,,0.0
2025-08-28 12:00:00,,,,,,,509.0,509.0,,,0.0,,,0.0
2025-08-28 13:00:00,,,,,,,509.0,509.0,,,0.0,,,0.0
2025-08-28 14:00:00,,,,,,,509.0,509.0,,,0.0,,,0.0
2025-08-28 15:00:00,,,,,,,509.0,509.0,,,0.0,,,0.0
2025-08-28 16:00:00,,,,,,,509.0,509.0,,,0.0,,,0.0
2025-08-28 17:00:00,,,,,,,1533.0,1533.0,,,0.0,,,0.0
2025-08-28 18:00:00,,,,,,,1273.0,1273.0,,,0.0,,,0.0
2025-08-28 19:00:00,,,,,,,1273.0,1273.0,,,0.0,,,0.0
2025-08-28 20:00:00,,,,,,,1533.0,1533.0,,,0.0,,,0.0
2025-08-28 21:00:00,,,,,,,1533.0,1533.0,,,0.0,,,0.0
2025-08-28 22:00:00,,,,,,,1529.0,1529.0,,,0.0,,,0.0
2025-08-28 23:00:00,,,,,,,1533.0,1533.0,,,0.0,,,0.0
2025-08-29 00:00:00,,,,,,,1529.0,1529.0,,,0.0,,,0.0
2025-08-29 01:00:00,,,,,,,1529.0,1529.0,,,0.0,,,0.0
2025-08-29 02:00:00,,,,,,,1533.0,1533.0,,,0.0,,,0.0
2025-08-29 03:00:00,,,,,,,1533.0,1533.0,,,0.0,,,0.0
2025-08-29 04:00:00,,,,,,,1533.0,1533.0,,,0.0,,,0.0
2025-08-29 05:00:00,,,,,,,1533.0,1533.0,,,0.0,,,0.0
2025-08-29 06:00:00,,,,,,,1533.0,1533.0,,,0.0,,,0.0
2025-08-29 07:00:00,,,,,,,1533.0,1533.0,,,0.0,,,0.0
2025-08-29 08:00:00,,,,,,,509.0,509.0,0.552,0.0,1.0,1.2038,0.0,1.0
2025-08-29 09:00:00,,,,,,,509.0,509.0,0.3398,0.0506,2.0,1.1602,0.0092999935,2.0
2025-08-29 10:00:00,,,,,,,509.0,509.0,,,0.0,,,0.0
2025-08-29 11:00:00,,,,,,,509.0,509.0,,,0.0,,,0.0
2025-08-29 12:00:00,,,,,,,509.0,509.0,,,0.0,,,0.0
2025-08-29 13:00:00,,,,,,,509.0,509.0,,,0.0,,,0.0
2025-08-29 14:00:00,,,,,,,509.0,509.0,,,0.0,,,0.0
2025-08-29 15:00:00,,,,,,,509.0,509.0,,,0.0,,,0.0
2025-08-29 16:00:00,,,,,,,509.0,509.0,,,0.0,,,0.0
2025-08-29 17:00:00,,,,,,,1533.0,1533.0,,,0.0,,,0.0
2025-08-29 18:00:00,,,,,,,1533.0,1533.0,,,0.0,,,0.0
2025-08-29 19:00:00,,,,,,,1533.0,1533.0,,,0.0,,,0.0
2025-08-29 20:00:00,,,,,,,1533.0,1533.0,,,0.0,,,0.0
2025-08-29 21:00:00,,,,,,,1533.0,1533.0,,,0.0,,,0.0
2025-08-29 22:00:00,,,,,,,1533.0,1533.0,,,0.0,,,0.0
2025-08-29 23:00:00,,,,,,,1529.0,1529.0,,,0.0,,,0.0
2025-08-30 00:00:00,,,,,,,1533.0,1533.0,,,0.0,,,0.0
2025-08-30 01:00:00,,,,,,,1533.0,1533.0,,,0.0,,,0.0
2025-08-30 02:00:00,,,,,,,1533.0,1533.0,,,0.0,,,0.0
2025-08-30 03:00:00,,,,,,,1533.0,1533.0,,,0.0,,,0.0
2025-08-30 04:00:00,,,,,,,1529.0,1529.0,,,0.0,,,0.0
2025-08-30 05:00:00,,,,,,,1529.0,1529.0,,,0.0,,,0.0
2025-08-30 06:00:00,,,,,,,1533.0,1533.0,,,0.0,,,0.0
2025-08-30 07:00:00,,,,,,,1533.0,1533.0,,,0.0,,,0.0
2025-08-30 08:00:00,,,,,,,509.0,509.0,,,0.0,,,0.0
2025-08-30 09:00:00,,,,,,,509.0,509.0,,,0.0,,,0.0
2025-08-30 10:00:00,,,,,,,509.0,509.0,,,0.0,,,0.0
2025-08-30 11:00:00,,,,,,,509.0,509.0,,,0.0,,,0.0
2025-08-30 12:00:00,,,,,,,509.0,509.0,,,0.0,,,0.0
2025-08-30 13:00:00,,,,,,,509.0,509.0,,,0.0,,,0.0
2025-08-30 14:00:00,,,,,,,509.0,509.0,,,0.0,,,0.0
2025-08-30 15:00:00,,,,,,,509.0,509.0,,,0.0,,,0.0
2025-08-30 16:00:00,,,,,,,509.0,509.0,,,0.0,,,0.0
2025-08-30 17:00:00,,,,,,,1533.0,1533.0,,,0.0,,,0.0
2025-08-30 18:00:00,,,,,,,1533.0,1533.0,,,0.0,,,0.0
2025-08-30 19:00:00,,,,,,,1533.0,1533.0,,,0.0,,,0.0
2025-08-30 20:00:00,,,,,,,1529.0,1529.0,,,0.0,,,0.0
2025-08-30 21:00:00,,,,,,,1533.0,1533.0,,,0.0,,,0.0
2025-08-30 22:00:00,,,,,,,1533.0,1533.0,,,0.0,,,0.0
2025-08-30 23:00:00,,,,,,,1533.0,1533.0,,,0.0,,,0.0
2025-08-31 00:00:00,,,,,,,1533.0,1533.0,,,0.0,,,0.0
2025-08-31 01:00:00,,,,,,,1533.0,1533.0,,,0.0,,,0.0
2025-08-31 02:00:00,,,,,,,1529.0,1529.0,,,0.0,,,0.0
2025-08-31 03:00:00,,,,,,,1529.0,1529.0,,,0.0,,,0.0
2025-08-31 04:00:00,,,,,,,1533.0,1533.0,,,0.0,,,0.0
2025-08-31 05:00:00,,,,,,,1533.0,1533.0,,,0.0,,,0.0
2025-08-31 06:00:00,,,,,,,1533.0,1533.0,,,0.0,,,0.0
2025-08-31 07:00:00,,,,,,,1533.0,1533.0,,,0.0,,,0.0
2025-08-31 08:00:00,,,,,,,509.0,509.0,,,0.0,,,0.0
2025-08-31 09:00:00,,,,,,,509.0,509.0,,,0.0,,,0.0
2025-08-31 10:00:00,,,,,,,509.0,509.0,,,0.0,,,0.0
2025-08-31 11:00:00,,,,,,,509.0,509.0,,,0.0,,,0.0
2025-08-31 12:00:00,,,,,,,509.0,509.0,,,0.0,,,0.0
2025-08-31 13:00:00,,,,,,,509.0,509.0,,,0.0,,,0.0
2025-08-31 14:00:00,,,,,,,509.0,509.0,,,0.0,,,0.0
2025-08-31 15:00:00,,,,,,,509.0,509.0,,,0.0,,,0.0
2025-08-31 16:00:00,,,,,,,509.0,509.0,,,0.0,,,0.0
2025-08-31 17:00:00,,,,,,,1533.0,1533.0,,,0.0,,,0.0
2025-08-31 18:00:00,,,,,,,1533.0,1533.0,,,0.0,,,0.0
2025-08-31 19:00:00,,,,,,,1529.0,1529.0,,,0.0,,,0.0
2025-08-31 20:00:00,,,,,,,1533.0,1533.0,,,0.0,,,0.0
2025-08-31 21:00:00,,,,,,,1533.0,1533.0,,,0.0,,,0.0
2025-08-31 22:00:00,,,,,,,1529.0,1529.0,,,0.0,,,0.0
2025-08-31 23:00:00,,,,,,,1533.0,1533.0,,,0.0,,,0.0
2025-09-01 00:00:00,,,,,,,1529.0,1529.0,,,0.0,,,0.0
2025-09-01 01:00:00,,,,,,,1533.0,1533.0,,,0.0,,,0.0
2025-09-01 02:00:00,,,,,,,1533.0,1533.0,,,0.0,,,0.0
2025-09-01 03:00:00,,,,,,,1273.0,1273.0,,,0.0,,,0.0
2025-09-01 04:00:00,,,,,,,1273.0,1273.0,,,0.0,,,0.0
2025-09-01 05:00:00,,,,,,,1529.0,1529.0,,,0.0,,,0.0
2025-09-01 06:00:00,,,,,,,1533.0,1533.0,,,0.0,,,0.0
2025-09-01 07:00:00,,,,,,,1533.0,1533.0,,,0.0,,,0.0
2025-09-01 08:00:00,,,,,,,509.0,509.0,,,0.0,,,0.0
2025-09-01 09:00:00,,,,,,,509.0,509.0,,,0.0,,,0.0
2025-09-01 10:00:00,,,,,,,509.0,509.0,,,0.0,,,0.0
2025-09-01 11:00:00,,,,,,,509.0,509.0,,,0.0,,,0.0
2025-09-01 12:00:00,,,,,,,509.0,509.0,,,0.0,,,0.0
2025-09-01 13:00:00,,,,,,,509.0,509.0,,,0.0,,,0.0
2025-09-01 14:00:00,,,,,,,509.0,509.0,,,0.0,,,0.0
2025-09-01 15:00:00,,,,,,,509.0,509.0,,,0.0,,,0.0
2025-09-01 16:00:00,,,,,,,509.0,509.0,,,0.0,,,0.0
2025-09-01 17:00:00,,,,,,,1533.0,1533.0,,,0.0,,,0.0
2025-09-01 18:00:00,,,,,,,1533.0,1533.0,,,0.0,,,0.0
2025-09-01 19:00:00,,,,,,,1533.0,1533.0,,,0.0,,,0.0
2025-09-01 20:00:00,,,,,,,1533.0,1533.0,,,0.0,,,0.0
2025-09-01 21:00:00,,,,,,,1533.0,1533.0,,,0.0,,,0.0
2025-09-01 22:00:00,,,,,,,1533.0,1533.0,,,0.0,,,0.0
2025-09-01 23:00:00,,,,,,,1533.0,1533.0,,,0.0,,,0.0
2025-09-02 00:00:00,,,,,,,1533.0,1533.0,,,0.0,,,0.0
2025-09-02 01:00:00,,,,,,,1533.0,1533.0,,,0.0,,,0.0
2025-09-02 02:00:00,,,,,,,1533.0,1533.0,,,0.0,,,0.0
2025-09-02 03:00:00,,,,,,,1533.0,1533.0,,,0.0,,,0.0
2025-09-02 04:00:00,,,,,,,1533.0,1533.0,,,0.0,,,0.0
2025-09-02 05:00:00,,,,,,,1273.0,1273.0,,,0.0,,,0.0
2025-09-02 06:00:00,,,,,,,1529.0,1529.0,,,0.0,,,0.0
2025-09-02 07:00:00,,,,,,,1533.0,1533.0,,,0.0,,,0.0
2025-09-02 08:00:00,,,,,,,509.0,509.0,,,0.0,,,0.0
2025-09-02 09:00:00,,,,,,,509.0,509.0,,,0.0,,,0.0
2025-09-02 10:00:00,,,,,,,509.0,509.0,,,0.0,,,0.0
2025-09-02 11:00:00,,,,,,,509.0,509.0,,,0.0,,,0.0
2025-09-02 12:00:00,,,,,,,509.0,509.0,,,0.0,,,0.0
2025-09-02 13:00:00,,,,,,,509.0,509.0,,,0.0,,,0.0
2025-09-02 14:00:00,,,,,,,509.0,509.0,,,0.0,,,0.0
2025-09-02 15:00:00,,,,,,,509.0,509.0,,,0.0,,,0.0
2025-09-02 16:00:00,,,,,,,509.0,509.0,,,0.0,,,0.0
2025-09-02 17:00:00,,,,,,,1273.0,1273.0,0.28079998,0.0296,3.0,0.7793,0.023400009,3.0
2025-09-02 18:00:00,,,,,,,1529.0,1529.0,,,0.0,,,0.0
2025-09-02 19:00:00,,,,,,,1529.0,1529.0,,,0.0,,,0.0
2025-09-02 20:00:00,,,,,,,1533.0,1533.0,,,0.0,,,0.0
2025-09-02 21:00:00,,,,,,,1273.0,1273.0,,,0.0,,,0.0
2025-09-02 22:00:00,,,,,,,1273.0,1273.0,,,0.0,,,0.0
2025-09-02 23:00:00,,,,,,,1273.0,1273.0,,,0.0,,,0.0
2025-09-03 00:00:00,,,,,,,1273.0,1273.0,,,0.0,,,0.0
2025-09-03 01:00:00,,,,,,,1273.0,1273.0,,,0.0,,,0.0
2025-09-03 02:00:00,,,,,,,1273.0,1273.0,,,0.0,,,0.0
2025-09-03 03:00:00,,,,,,,1273.0,1273.0,,,0.0,,,0.0
2025-09-03 04:00:00,,,,,,,1529.0,1529.0,,,0.0,,,0.0
2025-09-03 05:00:00,,,,,,,1533.0,1533.0,,,0.0,,,0.0
2025-09-03 06:00:00,,,,,,,1529.0,1529.0,,,0.0,,,0.0
2025-09-03 07:00:00,,,,,,,1533.0,1533.0,,,0.0,,,0.0
2025-09-03 08:00:00,,,,,,,509.0,509.0,,,0.0,,,0.0
2025-09-03 09:00:00,,,,,,,509.0,509.0,,,0.0,,,0.0
2025-09-03 10:00:00,,,,,,,509.0,509.0,,,0.0,,,0.0
2025-09-03 11:00:00,,,,,,,509.0,509.0,,,0.0,,,0.0
2025-09-03 12:00:00,,,,,,,509.0,509.0,,,0.0,,,0.0
2025-09-03 13:00:00,,,,,,,509.0,509.0,,,0.0,,,0.0
2025-09-03 14:00:00,,,,,,,509.0,509.0,,,0.0,,,0.0
2025-09-03 15:00:00,,,,,,,509.0,509.0,,,0.0,,,0.0
2025-09-03 16:00:00,,,,,,,249.0,248.0,0.2234,0.0,1.0,0.821,0.0,1.0
2025-09-03 17:00:00,0.1862,,,,,,1217.0,1273.0,0.205,0.0116,4.0,0.842,0.015599966,4.0
2025-09-03 18:00:00,,,,,,,1273.0,1273.0,,,0.0,,,0.0
2025-09-03 19:00:00,,,,,,,1273.0,1273.0,,,0.0,,,0.0
2025-09-03 20:00:00,,,,,,,1273.0,1273.0,,,0.0,,,0.0
2025-09-03 21:00:00,,,,,,,1273.0,1273.0,,,0.0,,,0.0
2025-09-03 22:00:00,,,,,,,1273.0,1273.0,,,0.0,,,0.0
2025-09-03 23:00:00,,,,,,,1273.0,1273.0,,,0.0,,,0.0
2025-09-04 00:00:00,,,,,,,1273.0,1273.0,,,0.0,,,0.0
2025-09-04 01:00:00,,,,,,,1273.0,1273.0,,,0.0,,,0.0
2025-09-04 02:00:00,,,,,,,1273.0,1273.0,,,0.0,,,0.0
2025-09-04 03:00:00,,,,,,,1273.0,1273.0,,,0.0,,,0.0
2025-09-04 04:00:00,,,,,,,1273.0,1273.0,,,0.0,,,0.0
2025-09-04 05:00:00,,,,,,,1273.0,1273.0,,,0.0,,,0.0
2025-09-04 06:00:00,,,,,,,1273.0,1273.0,,,0.0,,,0.0
2025-09-04 07:00:00,,,,,,,1533.0,1533.0,,,0.0,,,0.0
2025-09-04 08:00:00,,,,,,,509.0,509.0,,,0.0,,,0.0
2025-09-04 09:00:00,,,,,,,505.0,504.0,0.4112,0.0712,2.0,0.47959995,0.022399962,2.0
2025-09-04 10:00:00,,,,,,,509.0,509.0,0.3646,0.0,1.0,0.4389,0.0,1.0
2025-09-04 11:00:00,,,,,,,509.0,509.0,,,0.0,,,0.0
2025-09-04 12:00:00,,,,,,,509.0,509.0,,,0.0,,,0.0
2025-09-04 13:00:00,,,,,,,509.0,509.0,,,0.0,,,0.0
2025-09-04 14:00:00,,,,,,,509.0,509.0,,,0.0,,,0.0
2025-09-04 15:00:00,,,,,,,509.0,509.0,,,0.0,,,0.0
2025-09-04 16:00:00,,,,,,,505.0,505.0,,,0.0,,,0.0
2025-09-04 17:00:00,,,,,,,1273.0,1273.0,,,0.0,,,0.0
2025-09-04 18:00:00,,,,,,,1273.0,1273.0,,,0.0,,,0.0
2025-09-04 19:00:00,,,,,,,1273.0,1273.0,,,0.0,,,0.0
2025-09-04 20:00:00,,,,,,,1529.0,1529.0,,,0.0,,,0.0
2025-09-04 21:00:00,,,,,,,1273.0,1273.0,,,0.0,,,0.0
2025-09-04 22:00:00,,,,,,,1273.0,1273.0,,,0.0,,,0.0
2025-09-04 23:00:00,,,,,,,1529.0,1529.0,,,0.0,,,0.0
2025-09-05 00:00:00,,,,,,,1273.0,1273.0,,,0.0,,,0.0
2025-09-05 01:00:00,,,,,,,1529.0,1529.0,,,0.0,,,0.0
2025-09-05 02:00:00,,,,,,,1273.0,1273.0,,,0.0,,,0.0
2025-09-05 03:00:00,,,,,,,1273.0,1273.0,,,0.0,,,0.0
2025-09-05 04:00:00,,,,,,,1533.0,1533.0,,,0.0,,,0.0
2025-09-05 05:00:00,,,,,,,1273.0,1273.0,,,0.0,,,0.0
2025-09-05 06:00:00,,,,,,,1529.0,1529.0,,,0.0,,,0.0
2025-09-05 07:00:00,,,,,,,1533.0,1533.0,,,0.0,,,0.0
2025-09-05 08:00:00,,,,,,,505.0,504.0,0.7032,0.0,1.0,0.9283,0.0,1.0
2025-09-05 09:00:00,,,,,,,509.0,509.0,,,0.0,,,0.0
2025-09-05 10:00:00,,,,,,,509.0,509.0,,,0.0,,,0.0
2025-09-05 11:00:00,,,,,,,509.0,509.0,,,0.0,,,0.0
2025-09-05 12:00:00,,,,,,,509.0,509.0,,,0.0,,,0.0
2025-09-05 13:00:00,,,,,,,509.0,509.0,,,0.0,,,0.0
2025-09-05 14:00:00,,,,,,,509.0,509.0,,,0.0,,,0.0
2025-09-05 15:00:00,,,,,,,505.0,505.0,,,0.0,,,0.0
2025-09-05 16:00:00,,,,,,,509.0,509.0,,,0.0,,,0.0
2025-09-05 17:00:00,,,,,,,1533.0,1533.0,,,0.0,,,0.0
2025-09-05 18:00:00,,,,,,,1533.0,1533.0,,,0.0,,,0.0
2025-09-05 19:00:00,,,,,,,1273.0,1273.0,,,0.0,,,0.0
2025-09-05 20:00:00,,,,,,,1273.0,1273.0,,,0.0,,,0.0
2025-09-05 21:00:00,,,,,,,1273.0,1273.0,,,0.0,,,0.0
2025-09-05 22:00:00,,,,,,,1533.0,1533.0,,,0.0,,,0.0
2025-09-05 23:00:00,,,,,,,1273.0,1273.0,,,0.0,,,0.0
2025-09-06 00:00:00,,,,,,,1533.0,1533.0,,,0.0,,,0.0
2025-09-06 01:00:00,,,,,,,1533.0,1533.0,,,0.0,,,0.0
2025-09-06 02:00:00,,,,,,,1273.0,1273.0,,,0.0,,,0.0
2025-09-06 03:00:00,,,,,,,1533.0,1533.0,,,0.0,,,0.0
2025-09-06 04:00:00,,,,,,,1533.0,1533.0,,,0.0,,,0.0
2025-09-06 05:00:00,,,,,,,1529.0,1529.0,,,0.0,,,0.0
2025-09-06 06:00:00,,,,,,,1533.0,1533.0,,,0.0,,,0.0
2025-09-06 07:00:00,,,,,,,1533.0,1533.0,,,0.0,,,0.0
2025-09-06 08:00:00,,,,,,,509.0,509.0,,,0.0,,,0.0
2025-09-06 09:00:00,,,,,,,509.0,509.0,,,0.0,,,0.0
2025-09-06 10:00:00,,,,,,,509.0,509.0,,,0.0,,,0.0
2025-09-06 11:00:00,,,,,,,509.0,509.0,,,0.0,,,0.0
2025-09-06 12:00:00,,,,,,,509.0,509.0,,,0.0,,,0.0
2025-09-06 13:00:00,,,,,,,509.0,509.0,,,0.0,,,0.0
2025-09-06 14:00:00,,,,,,,505.0,505.0,,,0.0,,,0.0
2025-09-06 15:00:00,,,,,,,509.0,509.0,,,0.0,,,0.0
2025-09-06 16:00:00,,,,,,,509.0,509.0,,,0.0,,,0.0
2025-09-06 17:00:00,,,,,,,1533.0,1533.0,,,0.0,,,0.0
2025-09-06 18:00:00,,,,,,,1529.0,1529.0,,,0.0,,,0.0
2025-09-06 19:00:00,,,,,,,1529.0,1529.0,,,0.0,,,0.0
2025-09-06 20:00:00,,,,,,,1533.0,1533.0,,,0.0,,,0.0
2025-09-06 21:00:00,,,,,,,1529.0,1529.0,,,0.0,,,0.0
2025-09-06 22:00:00,,,,,,,1529.0,1529.0,,,0.0,,,0.0
2025-09-06 23:00:00,,,,,,,1273.0,1273.0,,,0.0,,,0.0
2025-09-07 00:00:00,,,,,,,1533.0,1533.0,,,0.0,,,0.0
2025-09-07 01:00:00,,,,,,,1273.0,1273.0,,,0.0,,,0.0
2025-09-07 02:00:00,,,,,,,1273.0,1273.0,,,0.0,,,0.0
2025-09-07 03:00:00,,,,,,,1273.0,1273.0,,,0.0,,,0.0
2025-09-07 04:00:00,,,,,,,1273.0,1273.0,,,0.0,,,0.0
2025-09-07 05:00:00,,,,,,,1273.0,1273.0,,,0.0,,,0.0
2025-09-07 06:00:00,,,,,,,1529.0,1529.0,,,0.0,,,0.0
2025-09-07 07:00:00,,,,,,,1533.0,1533.0,,,0.0,,,0.0
2025-09-07 08:00:00,,,,,,,509.0,509.0,,,0.0,,,0.0
2025-09-07 09:00:00,,,,,,,509.0,509.0,,,0.0,,,0.0
2025-09-07 10:00:00,,,,,,,509.0,509.0,,,0.0,,,0.0
2025-09-07 11:00:00,,,,,,,509.0,509.0,,,0.0,,,0.0
2025-09-07 12:00:00,,,,,,,509.0,509.0,0.589,0.0,1.0,1.1815,0.0,1.0
2025-09-07 13:00:00,,,,,,,509.0,509.0,,,0.0,,,0.0
2025-09-07 14:00:00,,,,,,,505.0,505.0,,,0.0,,,0.0
2025-09-07 15:00:00,,,,,,,509.0,509.0,,,0.0,,,0.0
2025-09-07 16:00:00,,,,,,,509.0,509.0,0.5072,0.1476,2.0,0.9779999,0.16029996,2.0
2025-09-07 17:00:00,,,,,,,1533.0,1533.0,0.3408,0.0053999997,2.0,1.2678,0.011299968,2.0
2025-09-07 18:00:00,,,,,,,1273.0,1273.0,,,0.0,,,0.0
2025-09-07 19:00:00,,,,,,,1273.0,1273.0,,,0.0,,,0.0
2025-09-07 20:00:00,,,,,,,1273.0,1273.0,,,0.0,,,0.0
2025-09-07 21:00:00,,,,,,,1533.0,1533.0,,,0.0,,,0.0
2025-09-07 22:00:00,,,,,,,1273.0,1273.0,,,0.0,,,0.0
2025-09-07 23:00:00,,,,,,,1529.0,1529.0,,,0.0,,,0.0
2025-09-08 00:00:00,,,,,,,1529.0,1529.0,,,0.0,,,0.0
2025-09-08 01:00:00,,,,,,,1273.0,1273.0,,,0.0,,,0.0
2025-09-08 02:00:00,,,,,,,1529.0,1529.0,,,0.0,,,0.0
2025-09-08 03:00:00,,,,,,,1533.0,1533.0,,,0.0,,,0.0
2025-09-08 04:00:00,,,,,,,1533.0,1533.0,,,0.0,,,0.0
2025-09-08 05:00:00,,,,,,,1273.0,1273.0,,,0.0,,,0.0
2025-09-08 06:00:00,,,,,,,1273.0,1273.0,,,0.0,,,0.0
2025-09-08 07:00:00,,,,,,,1273.0,1273.0,,,0.0,,,0.0
2025-09-08 08:00:00,0.5208,0.4912,0.1494,0.1486,,,2240.0,2240.0,0.519,0.021399999,4.0,1.4002999,0.07969999,4.0
2025-09-08 09:00:00,0.552,,,,,,193.0,248.0,0.5524,0.0376,6.0,1.1462,0.08099997,6.0
2025-09-08 10:00:00,0.52239996,,,,-0.3542,,1.0,249.0,0.5854,0.0184,4.0,1.0241,0.034799993,4.0
2025-09-08 11:00:00,,,,,,,249.0,248.0,0.37899998,0.0,1.0,1.1689,0.0,1.0
2025-09-08 12:00:00,,,,,,,509.0,509.0,0.3646,0.0,1.0,1.1701,0.0,1.0
2025-09-08 13:00:00,,,,,,,509.0,509.0,,,0.0,,,0.0
2025-09-08 14:00:00,,,,,,,509.0,509.0,,,0.0,,,0.0
2025-09-08 15:00:00,,,,,,,249.0,248.0,0.6344,0.0,1.0,0.8219,0.0,1.0
2025-09-08 16:00:00,,,,,,,509.0,509.0,0.7324,0.0,1.0,0.5310999,0.0,1.0
2025-09-08 17:00:00,,,,,,,1533.0,1533.0,,,0.0,,,0.0
2025-09-08 18:00:00,,,,,,,1533.0,1533.0,,,0.0,,,0.0
2025-09-08 19:00:00,,,,,,,1533.0,1533.0,,,0.0,,,0.0
2025-09-08 20:00:00,,,,,,,1533.0,1533.0,,,0.0,,,0.0
2025-09-08 21:00:00,,,,,,,511.0,511.0,,,0.0,,,0.0
2025-09-08 22:00:00,,,,,,,1533.0,1533.0,,,0.0,,,0.0
2025-09-08 23:00:00,,,,,,,1529.0,1529.0,,,0.0,,,0.0
2025-09-09 00:00:00,,,,,,,1533.0,1533.0,,,0.0,,,0.0
2025-09-09 01:00:00,,,,,,,1533.0,1533.0,,,0.0,,,0.0
2025-09-09 02:00:00,,,,,,,1273.0,1273.0,,,0.0,,,0.0
2025-09-09 03:00:00,,,,,,,1533.0,1533.0,,,0.0,,,0.0
2025-09-09 04:00:00,,,,,,,1533.0,1533.0,,,0.0,,,0.0
2025-09-09 05:00:00,,,,,,,1533.0,1533.0,,,0.0,,,0.0
2025-09-09 06:00:00,,,,,,,1533.0,1533.0,,,0.0,,,0.0
2025-09-09 07:00:00,,,,,,,1533.0,1533.0,,,0.0,,,0.0
2025-09-09 08:00:00,,,,,,,509.0,509.0,,,0.0,,,0.0
2025-09-09 09:00:00,,,,,,,509.0,509.0,,,0.0,,,0.0
2025-09-09 10:00:00,,,,,,,509.0,509.0,,,0.0,,,0.0
2025-09-09 11:00:00,,,,,,,509.0,509.0,,,0.0,,,0.0
2025-09-09 12:00:00,,,,,,,509.0,509.0,,,0.0,,,0.0
2025-09-09 13:00:00,,,,,,,509.0,509.0,,,0.0,,,0.0
2025-09-09 14:00:00,,,,,,,509.0,509.0,,,0.0,,,0.0
2025-09-09 15:00:00,,,,,,,509.0,509.0,,,0.0,,,0.0
2025-09-09 16:00:00,,,,,,,509.0,509.0,,,0.0,,,0.0
2025-09-09 17:00:00,,,,,,,1533.0,1533.0,,,0.0,,,0.0
2025-09-09 18:00:00,,,,,,,1529.0,1529.0,,,0.0,,,0.0
2025-09-09 19:00:00,,,,,,,1533.0,1533.0,,,0.0,,,0.0
2025-09-09 20:00:00,,,,,,,1529.0,1529.0,,,0.0,,,0.0
2025-09-09 21:00:00,,,,,,,511.0,511.0,,,0.0,,,0.0
2025-09-09 22:00:00,,,,,,,1533.0,1533.0,,,0.0,,,0.0
2025-09-09 23:00:00,,,,,,,1533.0,1533.0,,,0.0,,,0.0
2025-09-10 00:00:00,,,,,,,1529.0,1529.0,,,0.0,,,0.0
2025-09-10 01:00:00,,,,,,,1533.0,1533.0,,,0.0,,,0.0
2025-09-10 02:00:00,,,,,,,1533.0,1533.0,,,0.0,,,0.0
2025-09-10 03:00:00,,,,,,,1533.0,1533.0,,,0.0,,,0.0
2025-09-10 04:00:00,,,,,,,1533.0,1533.0,,,0.0,,,0.0
2025-09-10 05:00:00,,,,,,,1533.0,1533.0,,,0.0,,,0.0
2025-09-10 06:00:00,,,,,,,1533.0,1533.0,,,0.0,,,0.0
2025-09-10 07:00:00,,,,,,,1533.0,1533.0,,,0.0,,,0.0
2025-09-10 08:00:00,,,,,,,509.0,509.0,,,0.0,,,0.0
2025-09-10 09:00:00,,,,,,,509.0,509.0,,,0.0,,,0.0
2025-09-10 10:00:00,,,,,,,509.0,509.0,,,0.0,,,0.0
2025-09-10 11:00:00,,,,,,,509.0,509.0,,,0.0,,,0.0
2025-09-10 12:00:00,,,,,,,509.0,509.0,,,0.0,,,0.0
2025-09-10 13:00:00,,,,,,,509.0,509.0,,,0.0,,,0.0
2025-09-10 14:00:00,,,,,,,509.0,509.0,,,0.0,,,0.0
2025-09-10 15:00:00,,,,,,,509.0,509.0,,,0.0,,,0.0
2025-09-10 16:00:00,,,,,,,509.0,509.0,,,0.0,,,0.0
2025-09-10 17:00:00,,,,,,,1533.0,1533.0,,,0.0,,,0.0
2025-09-10 18:00:00,,,,,,,1533.0,1533.0,,,0.0,,,0.0
2025-09-10 19:00:00,,,,,,,1533.0,1533.0,,,0.0,,,0.0
2025-09-10 20:00:00,,,,,,,1529.0,1529.0,,,0.0,,,0.0
2025-09-10 21:00:00,,,,,,,511.0,511.0,,,0.0,,,0.0
2025-09-10 22:00:00,,,,,,,1533.0,1533.0,,,0.0,,,0.0
2025-09-10 23:00:00,,,,,,,1533.0,1533.0,,,0.0,,,0.0
2025-09-11 00:00:00,,,,,,,1533.0,1533.0,,,0.0,,,0.0
2025-09-11 01:00:00,,,,,,,1273.0,1273.0,,,0.0,,,0.0
2025-09-11 02:00:00,,,,,,,1529.0,1529.0,,,0.0,,,0.0
2025-09-11 03:00:00,,,,,,,1529.0,1529.0,,,0.0,,,0.0
2025-09-11 04:00:00,,,,,,,1529.0,1529.0,,,0.0,,,0.0
2025-09-11 05:00:00,,,,,,,1533.0,1533.0,,,0.0,,,0.0
2025-09-11 06:00:00,,,,,,,1533.0,1533.0,,,0.0,,,0.0
2025-09-11 07:00:00,,,,,,,1533.0,1533.0,,,0.0,,,0.0
2025-09-11 08:00:00,,,,,,,509.0,509.0,,,0.0,,,0.0
2025-09-11 09:00:00,,,,,,,509.0,509.0,,,0.0,,,0.0
2025-09-11 10:00:00,,,,,,,509.0,509.0,,,0.0,,,0.0
2025-09-11 11:00:00,,,,,,,509.0,509.0,,,0.0,,,0.0
2025-09-11 12:00:00,,,,,,,509.0,509.0,,,0.0,,,0.0
2025-09-11 13:00:00,,,,,,,509.0,509.0,,,0.0,,,0.0
2025-09-11 14:00:00,,,,,,,509.0,509.0,,,0.0,,,0.0
2025-09-11 15:00:00,,,,,,,509.0,509.0,,,0.0,,,0.0
2025-09-11 16:00:00,,,,,,,509.0,509.0,,,0.0,,,0.0
2025-09-11 17:00:00,,,,,,,1533.0,1533.0,,,0.0,,,0.0
2025-09-11 18:00:00,,,,,,,1533.0,1533.0,,,0.0,,,0.0
2025-09-11 19:00:00,,,,,,,1533.0,1533.0,,,0.0,,,0.0
2025-09-11 20:00:00,,,,,,,1533.0,1533.0,,,0.0,,,0.0
2025-09-11 21:00:00,,,,,,,511.0,511.0,,,0.0,,,0.0
2025-09-11 22:00:00,,,,,,,1533.0,1533.0,,,0.0,,,0.0
2025-09-11 23:00:00,,,,,,,1533.0,1533.0,,,0.0,,,0.0
2025-09-12 00:00:00,,,,,,,1529.0,1529.0,,,0.0,,,0.0
2025-09-12 01:00:00,,,,,,,1533.0,1533.0,,,0.0,,,0.0
2025-09-12 02:00:00,,,,,,,1533.0,1533.0,,,0.0,,,0.0
2025-09-12 03:00:00,,,,,,,1533.0,1533.0,,,0.0,,,0.0
2025-09-12 04:00:00,,,,,,,1533.0,1533.0,,,0.0,,,0.0
2025-09-12 05:00:00,,,,,,,1529.0,1529.0,,,0.0,,,0.0
2025-09-12 06:00:00,,,,,,,1533.0,1533.0,,,0.0,,,0.0
2025-09-12 07:00:00,,,,,,,1533.0,1533.0,,,0.0,,,0.0
2025-09-12 08:00:00,,,,,,,509.0,509.0,,,0.0,,,0.0
2025-09-12 09:00:00,,,,,,,509.0,509.0,,,0.0,,,0.0
2025-09-12 10:00:00,,,,,,,509.0,509.0,,,0.0,,,0.0
2025-09-12 11:00:00,,,,,,,509.0,509.0,,,0.0,,,0.0
2025-09-12 12:00:00,,,,,,,509.0,509.0,,,0.0,,,0.0
2025-09-12 13:00:00,,,,,,,509.0,509.0,,,0.0,,,0.0
2025-09-12 14:00:00,,,,,,,509.0,509.0,,,0.0,,,0.0
2025-09-12 15:00:00,,,,,,,509.0,509.0,,,0.0,,,0.0
2025-09-12 16:00:00,,,,,,,509.0,509.0,,,0.0,,,0.0
2025-09-12 17:00:00,,,,,,,1533.0,1533.0,,,0.0,,,0.0
2025-09-12 18:00:00,,,,,,,1533.0,1533.0,,,0.0,,,0.0
2025-09-12 19:00:00,,,,,,,1533.0,1533.0,,,0.0,,,0.0
2025-09-12 20:00:00,,,,,,,1533.0,1533.0,,,0.0,,,0.0
2025-09-12 21:00:00,,,,,,,511.0,511.0,,,0.0,,,0.0
2025-09-12 22:00:00,,,,,,,1273.0,1273.0,,,0.0,,,0.0
2025-09-12 23:00:00,,,,,,,1529.0,1529.0,,,0.0,,,0.0
2025-09-13 00:00:00,,,,,,,1529.0,1529.0,,,0.0,,,0.0
2025-09-13 01:00:00,,,,,,,1533.0,1533.0,,,0.0,,,0.0
2025-09-13 02:00:00,,,,,,,1533.0,1533.0,,,0.0,,,0.0
2025-09-13 03:00:00,,,,,,,1533.0,1533.0,,,0.0,,,0.0
2025-09-13 04:00:00,,,,,,,1533.0,1533.0,,,0.0,,,0.0
2025-09-13 05:00:00,,,,,,,1533.0,1533.0,,,0.0,,,0.0
2025-09-13 06:00:00,,,,,,,1533.0,1533.0,,,0.0,,,0.0
2025-09-13 07:00:00,,,,,,,1533.0,1533.0,,,0.0,,,0.0
2025-09-13 08:00:00,,,,,,,509.0,509.0,,,0.0,,,0.0
2025-09-13 09:00:00,,,,,,,509.0,509.0,,,0.0,,,0.0
2025-09-13 10:00:00,,,,,,,509.0,509.0,,,0.0,,,0.0
2025-09-13 11:00:00,,,,,,,509.0,509.0,,,0.0,,,0.0
2025-09-13 12:00:00,,,,,,,505.0,505.0,,,0.0,,,0.0
2025-09-13 13:00:00,,,,,,,509.0,509.0,,,0.0,,,0.0
2025-09-13 14:00:00,,,,,,,509.0,509.0,,,0.0,,,0.0
2025-09-13 15:00:00,,,,,,,509.0,509.0,,,0.0,,,0.0
2025-09-13 16:00:00,,,,,,,509.0,509.0,,,0.0,,,0.0
2025-09-13 17:00:00,,,,,,,1533.0,1533.0,,,0.0,,,0.0
2025-09-13 18:00:00,,,,,,,1533.0,1533.0,,,0.0,,,0.0
2025-09-13 19:00:00,,,,,,,1533.0,1533.0,,,0.0,,,0.0
2025-09-13 20:00:00,,,,,,,1533.0,1533.0,,,0.0,,,0.0
2025-09-13 21:00:00,,,,,,,511.0,511.0,,,0.0,,,0.0
2025-09-13 22:00:00,,,,,,,1529.0,1529.0,,,0.0,,,0.0
2025-09-13 23:00:00,,,,,,,1533.0,1533.0,,,0.0,,,0.0
2025-09-14 00:00:00,,,,,,,1533.0,1533.0,,,0.0,,,0.0
2025-09-14 01:00:00,,,,,,,1533.0,1533.0,,,0.0,,,0.0
2025-09-14 02:00:00,,,,,,,1533.0,1533.0,,,0.0,,,0.0
2025-09-14 03:00:00,,,,,,,1533.0,1533.0,,,0.0,,,0.0
2025-09-14 04:00:00,,,,,,,1533.0,1533.0,,,0.0,,,0.0
2025-09-14 05:00:00,,,,,,,1533.0,1533.0,,,0.0,,,0.0
2025-09-14 06:00:00,,,,,,,1273.0,1273.0,,,0.0,,,0.0
2025-09-14 07:00:00,,,,,,,1529.0,1529.0,,,0.0,,,0.0
2025-09-14 08:00:00,,,,,,,2553.0,2552.0,0.332,0.2958,2.0,0.706,0.33209997,2.0
2025-09-14 09:00:00,,,,,,,509.0,509.0,,,0.0,,,0.0
2025-09-14 10:00:00,,,,,,,509.0,509.0,,,0.0,,,0.0
2025-09-14 11:00:00,,,,,,,509.0,509.0,,,0.0,,,0.0
2025-09-14 12:00:00,,,,,,,505.0,505.0,,,0.0,,,0.0
2025-09-14 13:00:00,,,,,,,509.0,509.0,,,0.0,,,0.0
2025-09-14 14:00:00,,,,,,,509.0,509.0,,,0.0,,,0.0
2025-09-14 15:00:00,,,,,,,509.0,509.0,,,0.0,,,0.0
2025-09-14 16:00:00,,,,,,,509.0,509.0,,,0.0,,,0.0
2025-09-14 17:00:00,,,,,,,1533.0,1533.0,0.2604,0.0,1.0,1.0381,0.0,1.0
2025-09-14 18:00:00,,,,,,,1533.0,1533.0,,,0.0,,,0.0
2025-09-14 19:00:00,,,,,,,1533.0,1533.0,,,0.0,,,0.0
2025-09-14 20:00:00,,,,,,,1529.0,1529.0,,,0.0,,,0.0
2025-09-14 21:00:00,,,,,,,511.0,511.0,,,0.0,,,0.0
2025-09-14 22:00:00,,,,,,,1529.0,1529.0,,,0.0,,,0.0
2025-09-14 23:00:00,,,,,,,1529.0,1529.0,,,0.0,,,0.0
2025-09-15 00:00:00,,,,,,,1273.0,1273.0,,,0.0,,,0.0
2025-09-15 01:00:00,,,,,,,1529.0,1529.0,,,0.0,,,0.0
2025-09-15 02:00:00,,,,,,,1529.0,1529.0,,,0.0,,,0.0
2025-09-15 03:00:00,,,,,,,1529.0,1529.0,,,0.0,,,0.0
2025-09-15 04:00:00,,,,,,,1533.0,1533.0,,,0.0,,,0.0
2025-09-15 05:00:00,,,,,,,1529.0,1529.0,,,0.0,,,0.0
2025-09-15 06:00:00,,,,,,,1533.0,1533.0,,,0.0,,,0.0
2025-09-15 07:00:00,,,,,,,1533.0,1533.0,,,0.0,,,0.0
2025-09-15 08:00:00,,,,,,,509.0,509.0,,,0.0,,,0.0
2025-09-15 09:00:00,,,,,,,509.0,509.0,,,0.0,,,0.0
2025-09-15 10:00:00,,,,,,,509.0,509.0,,,0.0,,,0.0
2025-09-15 11:00:00,,,,,,,509.0,509.0,,,0.0,,,0.0
2025-09-15 12:00:00,,,,,,,509.0,509.0,,,0.0,,,0.0
2025-09-15 13:00:00,,,,,,,509.0,509.0,,,0.0,,,0.0
2025-09-15 14:00:00,,,,,,,509.0,509.0,,,0.0,,,0.0
2025-09-15 15:00:00,,,,,,,509.0,509.0,,,0.0,,,0.0
2025-09-15 16:00:00,,,,,,,509.0,509.0,,,0.0,,,0.0
2025-09-15 17:00:00,,,,,,,1533.0,1533.0,,,0.0,,,0.0
2025-09-15 18:00:00,,,,,,,1533.0,1533.0,,,0.0,,,0.0
2025-09-15 19:00:00,,,,,,,1533.0,1533.0,,,0.0,,,0.0
2025-09-15 20:00:00,,,,,,,1529.0,1529.0,,,0.0,,,0.0
2025-09-15 21:00:00,,,,,,,1533.0,1533.0,,,0.0,,,0.0
2025-09-15 22:00:00,,,,,,,1533.0,1533.0,,,0.0,,,0.0
2025-09-15 23:00:00,,,,,,,1533.0,1533.0,,,0.0,,,0.0
2025-09-16 00:00:00,,,,,,,1533.0,1533.0,,,0.0,,,0.0
2025-09-16 01:00:00,,,,,,,1529.0,1529.0,,,0.0,,,0.0
2025-09-16 02:00:00,,,,,,,1533.0,1533.0,,,0.0,,,0.0
2025-09-16 03:00:00,,,,,,,1529.0,1529.0,,,0.0,,,0.0
2025-09-16 04:00:00,,,,,,,1273.0,1273.0,,,0.0,,,0.0
2025-09-16 05:00:00,,,,,,,1273.0,1273.0,,,0.0,,,0.0
2025-09-16 06:00:00,,,,,,,1273.0,1273.0,,,0.0,,,0.0
2025-09-16 07:00:00,,,,,,,1533.0,1533.0,,,0.0,,,0.0
2025-09-16 08:00:00,,,,,,,509.0,509.0,,,0.0,,,0.0
2025-09-16 09:00:00,,,,,,,509.0,509.0,,,0.0,,,0.0
2025-09-16 10:00:00,,,,,,,509.0,509.0,,,0.0,,,0.0
2025-09-16 11:00:00,,,,,,,509.0,509.0,,,0.0,,,0.0
2025-09-16 12:00:00,,,,,,,509.0,509.0,,,0.0,,,0.0
2025-09-16 13:00:00,,,,,,,509.0,509.0,,,0.0,,,0.0
2025-09-16 14:00:00,,,,,,,509.0,509.0,,,0.0,,,0.0
2025-09-16 15:00:00,,,,,,,509.0,509.0,,,0.0,,,0.0
2025-09-16 16:00:00,,,,,,,249.0,248.0,0.1938,0.019399999,4.0,1.1541,0.050799966,4.0
2025-09-16 17:00:00,,,,,,,1273.0,1273.0,0.203,0.0002,2.0,1.132,0.0015000105,2.0
2025-09-16 18:00:00,,,,,,,1273.0,1273.0,,,0.0,,,0.0
2025-09-16 19:00:00,,,,,,,1529.0,1529.0,,,0.0,,,0.0
2025-09-16 20:00:00,,,,,,,1533.0,1533.0,,,0.0,,,0.0
2025-09-16 21:00:00,,,,,,,1533.0,1533.0,,,0.0,,,0.0
2025-09-16 22:00:00,,,,,,,1529.0,1529.0,,,0.0,,,0.0
2025-09-16 23:00:00,,,,,,,1273.0,1273.0,,,0.0,,,0.0
2025-09-17 00:00:00,,,,,,,1529.0,1529.0,,,0.0,,,0.0
2025-09-17 01:00:00,,,,,,,1533.0,1533.0,,,0.0,,,0.0
2025-09-17 02:00:00,,,,,,,1533.0,1533.0,,,0.0,,,0.0
2025-09-17 03:00:00,,,,,,,1273.0,1273.0,,,0.0,,,0.0
2025-09-17 04:00:00,,,,,,,1529.0,1529.0,,,0.0,,,0.0
2025-09-17 05:00:00,,,,,,,1533.0,1533.0,,,0.0,,,0.0
2025-09-17 06:00:00,,,,,,,1529.0,1529.0,,,0.0,,,0.0
2025-09-17 07:00:00,,,,,,,1533.0,1533.0,,,0.0,,,0.0
2025-09-17 08:00:00,,,,,,,509.0,509.0,,,0.0,,,0.0
2025-09-17 09:00:00,,,,,,,509.0,509.0,,,0.0,,,0.0
2025-09-17 10:00:00,,,,,,,509.0,509.0,,,0.0,,,0.0
2025-09-17 11:00:00,,,,,,,509.0,509.0,,,0.0,,,0.0
2025-09-17 12:00:00,,,,,,,509.0,509.0,,,0.0,,,0.0
2025-09-17 13:00:00,,,,,,,509.0,509.0,,,0.0,,,0.0
2025-09-17 14:00:00,,,,,,,509.0,509.0,,,0.0,,,0.0
2025-09-17 15:00:00,,,,,,,509.0,509.0,,,0.0,,,0.0
2025-09-17 16:00:00,,,,,,,509.0,509.0,,,0.0,,,0.0
2025-09-17 17:00:00,,,,,,,1533.0,1533.0,,,0.0,,,0.0
2025-09-17 18:00:00,,,,,,,1529.0,1529.0,,,0.0,,,0.0
2025-09-17 19:00:00,,,,,,,1529.0,1529.0,,,0.0,,,0.0
2025-09-17 20:00:00,,,,,,,1533.0,1533.0,,,0.0,,,0.0
2025-09-17 21:00:00,,,,,,,1533.0,1533.0,,,0.0,,,0.0
2025-09-17 22:00:00,,,,,,,1533.0,1533.0,,,0.0,,,0.0
2025-09-17 23:00:00,,,,,,,1533.0,1533.0,,,0.0,,,0.0
2025-09-18 00:00:00,,,,,,,1529.0,1529.0,,,0.0,,,0.0
2025-09-18 01:00:00,,,,,,,1533.0,1533.0,,,0.0,,,0.0
2025-09-18 02:00:00,,,,,,,1529.0,1529.0,,,0.0,,,0.0
2025-09-18 03:00:00,,,,,,,1533.0,1533.0,,,0.0,,,0.0
2025-09-18 04:00:00,,,,,,,1529.0,1529.0,,,0.0,,,0.0
2025-09-18 05:00:00,,,,,,,1533.0,1533.0,,,0.0,,,0.0
2025-09-18 06:00:00,,,,,,,1273.0,1273.0,,,0.0,,,0.0
2025-09-18 07:00:00,,,,,,,1533.0,1533.0,,,0.0,,,0.0
2025-09-18 08:00:00,,,,,,,509.0,509.0,,,0.0,,,0.0
2025-09-18 09:00:00,,,,,,,509.0,509.0,,,0.0,,,0.0
2025-09-18 10:00:00,,,,,,,509.0,509.0,,,0.0,,,0.0
2025-09-18 11:00:00,,,,,,,509.0,509.0,,,0.0,,,0.0
2025-09-18 12:00:00,,,,,,,509.0,509.0,,,0.0,,,0.0
2025-09-18 13:00:00,,,,,,,509.0,509.0,,,0.0,,,0.0
2025-09-18 14:00:00,,,,,,,509.0,509.0,,,0.0,,,0.0
2025-09-18 15:00:00,,,,,,,509.0,509.0,,,0.0,,,0.0
2025-09-18 16:00:00,,,,,,,509.0,509.0,,,0.0,,,0.0
2025-09-18 17:00:00,,,,,,,1533.0,1533.0,,,0.0,,,0.0
2025-09-18 18:00:00,,,,,,,1533.0,1533.0,,,0.0,,,0.0
2025-09-18 19:00:00,,,,,,,1529.0,1529.0,,,0.0,,,0.0
2025-09-18 20:00:00,,,,,,,1533.0,1533.0,,,0.0,,,0.0
2025-09-18 21:00:00,,,,,,,1533.0,1533.0,,,0.0,,,0.0
2025-09-18 22:00:00,,,,,,,1529.0,1529.0,,,0.0,,,0.0
2025-09-18 23:00:00,,,,,,,1533.0,1533.0,,,0.0,,,0.0
2025-09-19 00:00:00,,,,,,,1533.0,1533.0,,,0.0,,,0.0
2025-09-19 01:00:00,,,,,,,1273.0,1273.0,,,0.0,,,0.0
2025-09-19 02:00:00,,,,,,,1273.0,1273.0,,,0.0,,,0.0
2025-09-19 03:00:00,,,,,,,1273.0,1273.0,,,0.0,,,0.0
2025-09-19 04:00:00,,,,,,,1533.0,1533.0,,,0.0,,,0.0
2025-09-19 05:00:00,,,,,,,1529.0,1529.0,,,0.0,,,0.0
2025-09-19 06:00:00,,,,,,,1273.0,1273.0,,,0.0,,,0.0
2025-09-19 07:00:00,,,,,,,1273.0,1273.0,,,0.0,,,0.0
2025-09-19 08:00:00,0.0758,,,,,,449.0,505.0,,,0.0,,,0.0
2025-09-19 09:00:00,,,,,,,509.0,509.0,,,0.0,,,0.0
2025-09-19 10:00:00,,,,,,,509.0,509.0,,,0.0,,,0.0
2025-09-19 11:00:00,,,,,,,509.0,509.0,,,0.0,,,0.0
2025-09-19 12:00:00,,,,,,,509.0,509.0,,,0.0,,,0.0
2025-09-19 13:00:00,,,,,,,509.0,509.0,,,0.0,,,0.0
2025-09-19 14:00:00,,,,,,,509.0,509.0,,,0.0,,,0.0
2025-09-19 15:00:00,,,,,,,509.0,509.0,,,0.0,,,0.0
2025-09-19 16:00:00,,,,,,,509.0,509.0,0.3418,0.0,1.0,1.4849,0.0,1.0
2025-09-19 17:00:00,,,,,,,1533.0,1533.0,,,0.0,,,0.0
2025-09-19 18:00:00,,,,,,,1533.0,1533.0,,,0.0,,,0.0
2025-09-19 19:00:00,,,,,,,1533.0,1533.0,,,0.0,,,0.0
2025-09-19 20:00:00,,,,,,,1273.0,1273.0,,,0.0,,,0.0
2025-09-19 21:00:00,,,,,,,1533.0,1533.0,,,0.0,,,0.0
2025-09-19 22:00:00,,,,,,,1533.0,1533.0,,,0.0,,,0.0
2025-09-19 23:00:00,,,,,,,1273.0,1273.0,,,0.0,,,0.0
2025-09-20 00:00:00,,,,,,,1273.0,1273.0,,,0.0,,,0.0
2025-09-20 01:00:00,,,,,,,1273.0,1273.0,,,0.0,,,0.0
2025-09-20 02:00:00,,,,,,,1273.0,1273.0,,,0.0,,,0.0
2025-09-20 03:00:00,,,,,,,1273.0,1273.0,,,0.0,,,0.0
2025-09-20 04:00:00,,,,,,,1273.0,1273.0,,,0.0,,,0.0
2025-09-20 05:00:00,,,,,,,1529.0,1529.0,,,0.0,,,0.0
2025-09-20 06:00:00,,,,,,,1529.0,1529.0,,,0.0,,,0.0
2025-09-20 07:00:00,,,,,,,1273.0,1273.0,,,0.0,,,0.0
2025-09-20 08:00:00,0.18599999,0.092,0.132,0.132,,,192.0,192.0,0.104399994,0.0338,5.0,1.0493,0.02880001,5.0
2025-09-20 09:00:00,0.14199999,,,,,,453.0,509.0,0.113199994,0.038599998,4.0,0.9779999,0.0589,4.0
2025-09-20 10:00:00,,,,,,,509.0,509.0,,,0.0,,,0.0
2025-09-20 11:00:00,,,,,,,509.0,509.0,,,0.0,,,0.0
2025-09-20 12:00:00,,,,,,,509.0,509.0,,,0.0,,,0.0
2025-09-20 13:00:00,,,,,,,509.0,509.0,,,0.0,,,0.0
2025-09-20 14:00:00,,,,,,,509.0,509.0,,,0.0,,,0.0
2025-09-20 15:00:00,,,,,,,509.0,509.0,,,0.0,,,0.0
2025-09-20 16:00:00,,,,,,,249.0,248.0,0.4052,0.0,1.0,1.1746,0.0,1.0
2025-09-20 17:00:00,0.1964,,,,,,1477.0,1533.0,0.42459998,0.0033999998,2.0,1.1898999,0.005199969,2.0
2025-09-20 18:00:00,,,,,,,1273.0,1273.0,,,0.0,,,0.0
2025-09-20 19:00:00,,,,,,,1273.0,1273.0,,,0.0,,,0.0
2025-09-20 20:00:00,,,,,,,1273.0,1273.0,,,0.0,,,0.0
2025-09-20 21:00:00,,,,,,,1273.0,1273.0,,,0.0,,,0.0
2025-09-20 22:00:00,,,,,,,1273.0,1273.0,,,0.0,,,0.0
2025-09-20 23:00:00,,,,,,,1273.0,1273.0,,,0.0,,,0.0
2025-09-21 00:00:00,,,,,,,1273.0,1273.0,,,0.0,,,0.0
2025-09-21 01:00:00,,,,,,,1273.0,1273.0,,,0.0,,,0.0
2025-09-21 02:00:00,,,,,,,1273.0,1273.0,,,0.0,,,0.0
2025-09-21 03:00:00,,,,,,,1273.0,1273.0,,,0.0,,,0.0
2025-09-21 04:00:00,,,,,,,1529.0,1529.0,,,0.0,,,0.0
2025-09-21 05:00:00,,,,,,,1273.0,1273.0,,,0.0,,,0.0
2025-09-21 06:00:00,,,,,,,1273.0,1273.0,,,0.0,,,0.0
2025-09-21 07:00:00,,,,,,,1273.0,1273.0,,,0.0,,,0.0
2025-09-21 08:00:00,0.4538,0.48259997,0.15339999,0.1525,,,2240.0,2240.0,0.4136,0.0554,5.0,1.3677,0.13229996,5.0
2025-09-21 09:00:00,0.48319998,,,,,,2497.0,2552.0,0.45839998,0.0594,6.0,1.2791,0.12759995,6.0
2025-09-21 10:00:00,,,,,,,505.0,504.0,0.5688,0.1264,5.0,1.3075999,0.2486,5.0
2025-09-21 11:00:00,,,,,,,509.0,509.0,0.4026,0.0324,2.0,1.2028999,0.005400002,2.0
2025-09-21 12:00:00,,,,,,,509.0,509.0,,,0.0,,,0.0
2025-09-21 13:00:00,,,,,,,509.0,509.0,,,0.0,,,0.0
2025-09-21 14:00:00,,,,,,,509.0,509.0,,,0.0,,,0.0
2025-09-21 15:00:00,,,,,,,509.0,509.0,,,0.0,,,0.0
2025-09-21 16:00:00,,,,,,,509.0,509.0,,,0.0,,,0.0
2025-09-21 17:00:00,,,,,,,1533.0,1533.0,,,0.0,,,0.0
2025-09-21 18:00:00,,,,,,,1533.0,1533.0,,,0.0,,,0.0
2025-09-21 19:00:00,,,,,,,1533.0,1533.0,,,0.0,,,0.0
2025-09-21 20:00:00,,,,,,,1533.0,1533.0,,,0.0,,,0.0
2025-09-21 21:00:00,,,,,,,1533.0,1533.0,,,0.0,,,0.0
2025-09-21 22:00:00,,,,,,,1533.0,1533.0,,,0.0,,,0.0
2025-09-21 23:00:00,,,,,,,1533.0,1533.0,,,0.0,,,0.0
2025-09-22 00:00:00,,,,,,,1529.0,1529.0,,,0.0,,,0.0
2025-09-22 01:00:00,,,,,,,1529.0,1529.0,,,0.0,,,0.0
2025-09-22 02:00:00,,,,,,,1533.0,1533.0,,,0.0,,,0.0
2025-09-22 03:00:00,,,,,,,1533.0,1533.0,,,0.0,,,0.0
2025-09-22 04:00:00,,,,,,,1533.0,1533.0,,,0.0,,,0.0
2025-09-22 05:00:00,,,,,,,1533.0,1533.0,,,0.0,,,0.0
2025-09-22 06:00:00,,,,,,,1529.0,1529.0,,,0.0,,,0.0
2025-09-22 07:00:00,,,,,,,1533.0,1533.0,,,0.0,,,0.0
2025-09-22 08:00:00,,,,,,,505.0,504.0,0.4678,0.060399998,3.0,0.6962999,0.15920001,3.0
2025-09-22 09:00:00,,,,,,,509.0,509.0,,,0.0,,,0.0
2025-09-22 10:00:00,,,,,,,509.0,509.0,,,0.0,,,0.0
2025-09-22 11:00:00,,,,,,,509.0,509.0,,,0.0,,,0.0
2025-09-22 12:00:00,,,,,,,509.0,509.0,,,0.0,,,0.0
2025-09-22 13:00:00,,,,,,,509.0,509.0,,,0.0,,,0.0
2025-09-22 14:00:00,,,,,,,509.0,509.0,,,0.0,,,0.0
2025-09-22 15:00:00,,,,,,,2297.0,2296.0,0.4732,0.0246,5.0,1.308,0.11930001,5.0
2025-09-22 16:00:00,,,,,,,2297.0,2296.0,0.3926,0.055,5.0,1.3505,0.122099996,5.0
2025-09-22 17:00:00,,,,,,,1533.0,1533.0,0.41,0.0,1.0,1.1989,0.0,1.0
2025-09-22 18:00:00,,,,,,,1529.0,1529.0,,,0.0,,,0.0
2025-09-22 19:00:00,,,,,,,1273.0,1273.0,,,0.0,,,0.0
2025-09-22 20:00:00,,,,,,,1529.0,1529.0,,,0.0,,,0.0
2025-09-22 21:00:00,,,,,,,1273.0,1273.0,,,0.0,,,0.0
2025-09-22 22:00:00,,,,,,,1273.0,1273.0,,,0.0,,,0.0
2025-09-22 23:00:00,,,,,,,1533.0,1533.0,,,0.0,,,0.0
2025-09-23 00:00:00,,,,,,,1273.0,1273.0,,,0.0,,,0.0
2025-09-23 01:00:00,,,,,,,1533.0,1533.0,,,0.0,,,0.0
2025-09-23 02:00:00,,,,,,,1529.0,1529.0,,,0.0,,,0.0
2025-09-23 03:00:00,,,,,,,1533.0,1533.0,,,0.0,,,0.0
2025-09-23 04:00:00,,,,,,,1529.0,1529.0,,,0.0,,,0.0
2025-09-23 05:00:00,,,,,,,1273.0,1273.0,,,0.0,,,0.0
2025-09-23 06:00:00,,,,,,,1273.0,1273.0,,,0.0,,,0.0
2025-09-23 07:00:00,,,,,,,1533.0,1533.0,,,0.0,,,0.0
2025-09-23 08:00:00,,,,,,,509.0,509.0,,,0.0,,,0.0
2025-09-23 09:00:00,,,,,,,509.0,509.0,,,0.0,,,0.0
2025-09-23 10:00:00,,,,,,,509.0,509.0,,,0.0,,,0.0
2025-09-23 11:00:00,,,,,,,509.0,509.0,,,0.0,,,0.0
2025-09-23 12:00:00,,,,,,,509.0,509.0,,,0.0,,,0.0
2025-09-23 13:00:00,,,,,,,509.0,509.0,,,0.0,,,0.0
2025-09-23 14:00:00,,,,,,,509.0,509.0,,,0.0,,,0.0
2025-09-23 15:00:00,,,,,,,509.0,509.0,,,0.0,,,0.0
2025-09-23 16:00:00,,,,,,,509.0,509.0,0.1188,0.0,1.0,1.1372,0.0,1.0
2025-09-23 17:00:00,,,,,,,1273.0,1273.0,0.17799999,0.0,1.0,0.9662,0.0,1.0
2025-09-23 18:00:00,,,,,,,1533.0,1533.0,,,0.0,,,0.0
2025-09-23 19:00:00,,,,,,,1529.0,1529.0,,,0.0,,,0.0
2025-09-23 20:00:00,,,,,,,1533.0,1533.0,,,0.0,,,0.0
2025-09-23 21:00:00,,,,,,,1529.0,1529.0,,,0.0,,,0.0
2025-09-23 22:00:00,,,,,,,1529.0,1529.0,,,0.0,,,0.0
2025-09-23 23:00:00,,,,,,,1529.0,1529.0,,,0.0,,,0.0
2025-09-24 00:00:00,,,,,,,1529.0,1529.0,,,0.0,,,0.0
2025-09-24 01:00:00,,,,,,,1533.0,1533.0,,,0.0,,,0.0
2025-09-24 02:00:00,,,,,,,1533.0,1533.0,,,0.0,,,0.0
2025-09-24 03:00:00,,,,,,,1533.0,1533.0,,,0.0,,,0.0
2025-09-24 04:00:00,,,,,,,1533.0,1533.0,,,0.0,,,0.0
2025-09-24 05:00:00,,,,,,,1273.0,1273.0,,,0.0,,,0.0
2025-09-24 06:00:00,,,,,,,1533.0,1533.0,,,0.0,,,0.0
2025-09-24 07:00:00,,,,,,,1533.0,1533.0,,,0.0,,,0.0
2025-09-24 08:00:00,,,,,,,509.0,509.0,,,0.0,,,0.0
2025-09-24 09:00:00,,,,,,,509.0,509.0,,,0.0,,,0.0
2025-09-24 10:00:00,,,,,,,509.0,509.0,,,0.0,,,0.0
2025-09-24 11:00:00,,,,,,,509.0,509.0,,,0.0,,,0.0
2025-09-24 12:00:00,,,,,,,509.0,509.0,,,0.0,,,0.0
2025-09-24 13:00:00,,,,,,,509.0,509.0,,,0.0,,,0.0
2025-09-24 14:00:00,,,,,,,509.0,509.0,,,0.0,,,0.0
2025-09-24 15:00:00,,,,,,,509.0,509.0,,,0.0,,,0.0
2025-09-24 16:00:00,,,,,,,509.0,509.0,,,0.0,,,0.0
2025-09-24 17:00:00,,,,,,,1533.0,1533.0,,,0.0,,,0.0
2025-09-24 18:00:00,,,,,,,1533.0,1533.0,,,0.0,,,0.0
2025-09-24 19:00:00,,,,,,,1533.0,1533.0,,,0.0,,,0.0
2025-09-24 20:00:00,,,,,,,1533.0,1533.0,,,0.0,,,0.0
2025-09-24 21:00:00,,,,,,,1533.0,1533.0,,,0.0,,,0.0
2025-09-24 22:00:00,,,,,,,1533.0,1533.0,,,0.0,,,0.0
2025-09-24 23:00:00,,,,,,,1533.0,1533.0,,,0.0,,,0.0
2025-09-25 00:00:00,,,,,,,1533.0,1533.0,,,0.0,,,0.0
2025-09-25 01:00:00,,,,,,,1533.0,1533.0,,,0.0,,,0.0
2025-09-25 02:00:00,,,,,,,1533.0,1533.0,,,0.0,,,0.0
2025-09-25 03:00:00,,,,,,,1533.0,1533.0,,,0.0,,,0.0
2025-09-25 04:00:00,,,,,,,1533.0,1533.0,,,0.0,,,0.0
2025-09-25 05:00:00,,,,,,,1533.0,1533.0,,,0.0,,,0.0
2025-09-25 06:00:00,,,,,,,1533.0,1533.0,,,0.0,,,0.0
2025-09-25 07:00:00,,,,,,,1533.0,1533.0,,,0.0,,,0.0
2025-09-25 08:00:00,,,,,,,509.0,509.0,,,0.0,,,0.0
2025-09-25 09:00:00,,,,,,,509.0,509.0,,,0.0,,,0.0
2025-09-25 10:00:00,,,,,,,509.0,509.0,,,0.0,,,0.0
2025-09-25 11:00:00,,,,,,,509.0,509.0,,,0.0,,,0.0
2025-09-25 12:00:00,,,,,,,509.0,509.0,,,0.0,,,0.0
2025-09-25 13:00:00,,,,,,,509.0,509.0,,,0.0,,,0.0
2025-09-25 14:00:00,,,,,,,509.0,509.0,,,0.0,,,0.0
2025-09-25 15:00:00,,,,,,,509.0,509.0,,,0.0,,,0.0
2025-09-25 16:00:00,,,,,,,509.0,509.0,,,0.0,,,0.0
2025-09-25 17:00:00,,,,,,,1533.0,1533.0,,,0.0,,,0.0
2025-09-25 18:00:00,,,,,,,1533.0,1533.0,,,0.0,,,0.0
2025-09-25 19:00:00,,,,,,,1533.0,1533.0,,,0.0,,,0.0
2025-09-25 20:00:00,,,,,,,1533.0,1533.0,,,0.0,,,0.0
2025-09-25 21:00:00,,,,,,,1273.0,1273.0,,,0.0,,,0.0
2025-09-25 22:00:00,,,,,,,1273.0,1273.0,,,0.0,,,0.0
2025-09-25 23:00:00,,,,,,,1529.0,1529.0,,,0.0,,,0.0
2025-09-26 00:00:00,,,,,,,1529.0,1529.0,,,0.0,,,0.0
2025-09-26 01:00:00,,,,,,,1533.0,1533.0,,,0.0,,,0.0
2025-09-26 02:00:00,,,,,,,1533.0,1533.0,,,0.0,,,0.0
2025-09-26 03:00:00,,,,,,,1533.0,1533.0,,,0.0,,,0.0
2025-09-26 04:00:00,,,,,,,1533.0,1533.0,,,0.0,,,0.0
2025-09-26 05:00:00,,,,,,,1533.0,1533.0,,,0.0,,,0.0
2025-09-26 06:00:00,,,,,,,1533.0,1533.0,,,0.0,,,0.0
2025-09-26 07:00:00,,,,,,,1533.0,1533.0,,,0.0,,,0.0
2025-09-26 08:00:00,,,,,,,509.0,509.0,,,0.0,,,0.0
2025-09-26 09:00:00,,,,,,,509.0,509.0,,,0.0,,,0.0
2025-09-26 10:00:00,,,,,,,509.0,509.0,,,0.0,,,0.0
2025-09-26 11:00:00,,,,,,,509.0,509.0,,,0.0,,,0.0
2025-09-26 12:00:00,,,,,,,509.0,509.0,,,0.0,,,0.0
2025-09-26 13:00:00,,,,,,,509.0,509.0,,,0.0,,,0.0
2025-09-26 14:00:00,,,,,,,509.0,509.0,,,0.0,,,0.0
2025-09-26 15:00:00,,,,,,,509.0,509.0,,,0.0,,,0.0
2025-09-26 16:00:00,,,,,,,509.0,509.0,,,0.0,,,0.0
2025-09-26 17:00:00,,,,,,,1533.0,1533.0,,,0.0,,,0.0
2025-09-26 18:00:00,,,,,,,1533.0,1533.0,,,0.0,,,0.0
2025-09-26 19:00:00,,,,,,,1533.0,1533.0,,,0.0,,,0.0
2025-09-26 20:00:00,,,,,,,1533.0,1533.0,,,0.0,,,0.0
2025-09-26 21:00:00,,,,,,,1273.0,1273.0,,,0.0,,,0.0
2025-09-26 22:00:00,,,,,,,1529.0,1529.0,,,0.0,,,0.0
2025-09-26 23:00:00,,,,,,,1533.0,1533.0,,,0.0,,,0.0
2025-09-27 00:00:00,,,,,,,1529.0,1529.0,,,0.0,,,0.0
2025-09-27 01:00:00,,,,,,,1273.0,1273.0,,,0.0,,,0.0
2025-09-27 02:00:00,,,,,,,1533.0,1533.0,,,0.0,,,0.0
2025-09-27 03:00:00,,,,,,,1533.0,1533.0,,,0.0,,,0.0
2025-09-27 04:00:00,,,,,,,1533.0,1533.0,,,0.0,,,0.0
2025-09-27 05:00:00,,,,,,,1533.0,1533.0,,,0.0,,,0.0
2025-09-27 06:00:00,,,,,,,1529.0,1529.0,,,0.0,,,0.0
2025-09-27 07:00:00,,,,,,,1533.0,1533.0,,,0.0,,,0.0
2025-09-27 08:00:00,,,,,,,509.0,509.0,,,0.0,,,0.0
2025-09-27 09:00:00,,,,,,,509.0,509.0,,,0.0,,,0.0
2025-09-27 10:00:00,,,,,,,509.0,509.0,,,0.0,,,0.0
2025-09-27 11:00:00,,,,,,,509.0,509.0,,,0.0,,,0.0
2025-09-27 12:00:00,,,,,,,509.0,509.0,,,0.0,,,0.0
2025-09-27 13:00:00,,,,,,,509.0,509.0,,,0.0,,,0.0
2025-09-27 14:00:00,,,,,,,509.0,509.0,,,0.0,,,0.0
2025-09-27 15:00:00,,,,,,,509.0,509.0,,,0.0,,,0.0
2025-09-27 16:00:00,,,,,,,509.0,509.0,,,0.0,,,0.0
2025-09-27 17:00:00,,,,,,,1533.0,1533.0,,,0.0,,,0.0
2025-09-27 18:00:00,,,,,,,1533.0,1533.0,,,0.0,,,0.0
2025-09-27 19:00:00,,,,,,,1533.0,1533.0,,,0.0,,,0.0
2025-09-27 20:00:00,,,,,,,1533.0,1533.0,,,0.0,,,0.0
2025-09-27 21:00:00,,,,,,,1533.0,1533.0,,,0.0,,,0.0
2025-09-27 22:00:00,,,,,,,1273.0,1273.0,,,0.0,,,0.0
2025-09-27 23:00:00,,,,,,,1533.0,1533.0,,,0.0,,,0.0
2025-09-28 00:00:00,,,,,,,1533.0,1533.0,,,0.0,,,0.0
2025-09-28 01:00:00,,,,,,,1533.0,1533.0,,,0.0,,,0.0
2025-09-28 02:00:00,,,,,,,1533.0,1533.0,,,0.0,,,0.0
2025-09-28 03:00:00,,,,,,,1533.0,1533.0,,,0.0,,,0.0
2025-09-28 04:00:00,,,,,,,1529.0,1529.0,,,0.0,,,0.0
2025-09-28 05:00:00,,,,,,,1533.0,1533.0,,,0.0,,,0.0
2025-09-28 06:00:00,,,,,,,1533.0,1533.0,,,0.0,,,0.0
2025-09-28 07:00:00,,,,,,,1533.0,1533.0,,,0.0,,,0.0
2025-09-28 08:00:00,,,,,,,509.0,509.0,,,0.0,,,0.0
2025-09-28 09:00:00,,,,,,,509.0,509.0,,,0.0,,,0.0
2025-09-28 10:00:00,,,,,,,509.0,509.0,,,0.0,,,0.0
2025-09-28 11:00:00,,,,,,,509.0,509.0,,,0.0,,,0.0
2025-09-28 12:00:00,,,,,,,509.0,509.0,,,0.0,,,0.0
2025-09-28 13:00:00,,,,,,,509.0,509.0,,,0.0,,,0.0
2025-09-28 14:00:00,,,,,,,509.0,509.0,,,0.0,,,0.0
2025-09-28 15:00:00,,,,,,,509.0,509.0,,,0.0,,,0.0
2025-09-28 16:00:00,,,,,,,509.0,509.0,,,0.0,,,0.0
2025-09-28 17:00:00,,,,,,,1533.0,1533.0,,,0.0,,,0.0
2025-09-28 18:00:00,,,,,,,1533.0,1533.0,,,0.0,,,0.0
2025-09-28 19:00:00,,,,,,,1533.0,1533.0,,,0.0,,,0.0
2025-09-28 20:00:00,,,,,,,1533.0,1533.0,,,0.0,,,0.0
2025-09-28 21:00:00,,,,,,,1529.0,1529.0,,,0.0,,,0.0
2025-09-28 22:00:00,,,,,,,1533.0,1533.0,,,0.0,,,0.0
2025-09-28 23:00:00,,,,,,,1533.0,1533.0,,,0.0,,,0.0
2025-09-29 00:00:00,,,,,,,1529.0,1529.0,,,0.0,,,0.0
2025-09-29 01:00:00,,,,,,,1533.0,1533.0,,,0.0,,,0.0
2025-09-29 02:00:00,,,,,,,1533.0,1533.0,,,0.0,,,0.0
2025-09-29 03:00:00,,,,,,,1533.0,1533.0,,,0.0,,,0.0
2025-09-29 04:00:00,,,,,,,1533.0,1533.0,,,0.0,,,0.0
2025-09-29 05:00:00,,,,,,,1533.0,1533.0,,,0.0,,,0.0
2025-09-29 06:00:00,,,,,,,1533.0,1533.0,,,0.0,,,0.0
2025-09-29 07:00:00,,,,,,,1533.0,1533.0,,,0.0,,,0.0
2025-09-29 08:00:00,,,,,,,509.0,509.0,,,0.0,,,0.0
2025-09-29 09:00:00,,,,,,,509.0,509.0,,,0.0,,,0.0
2025-09-29 10:00:00,,,,,,,509.0,509.0,,,0.0,,,0.0
2025-09-29 11:00:00,,,,,,,509.0,509.0,,,0.0,,,0.0
2025-09-29 12:00:00,,,,,,,509.0,509.0,,,0.0,,,0.0
2025-09-29 13:00:00,,,,,,,509.0,509.0,,,0.0,,,0.0
2025-09-29 14:00:00,,,,,,,509.0,509.0,,,0.0,,,0.0
2025-09-29 15:00:00,,,,,,,509.0,509.0,,,0.0,,,0.0
2025-09-29 16:00:00,,,,,,,509.0,509.0,,,0.0,,,0.0
2025-09-29 17:00:00,,,,,,,1533.0,1533.0,,,0.0,,,0.0
2025-09-29 18:00:00,,,,,,,1273.0,1273.0,,,0.0,,,0.0
2025-09-29 19:00:00,,,,,,,1529.0,1529.0,,,0.0,,,0.0
2025-09-29 20:00:00,,,,,,,1533.0,1533.0,,,0.0,,,0.0
2025-09-29 21:00:00,,,,,,,1533.0,1533.0,,,0.0,,,0.0
2025-09-29 22:00:00,,,,,,,1533.0,1533.0,,,0.0,,,0.0
2025-09-29 23:00:00,,,,,,,1533.0,1533.0,,,0.0,,,0.0
2025-09-30 00:00:00,,,,,,,1533.0,1533.0,,,0.0,,,0.0
2025-09-30 01:00:00,,,,,,,1529.0,1529.0,,,0.0,,,0.0
2025-09-30 02:00:00,,,,,,,1533.0,1533.0,,,0.0,,,0.0
2025-09-30 03:00:00,,,,,,,1533.0,1533.0,,,0.0,,,0.0
2025-09-30 04:00:00,,,,,,,1533.0,1533.0,,,0.0,,,0.0
2025-09-30 05:00:00,,,,,,,1273.0,1273.0,,,0.0,,,0.0
2025-09-30 06:00:00,,,,,,,1533.0,1533.0,,,0.0,,,0.0
2025-09-30 07:00:00,,,,,,,1533.0,1533.0,,,0.0,,,0.0
2025-09-30 08:00:00,,,,,,,509.0,509.0,,,0.0,,,0.0
2025-09-30 09:00:00,,,,,,,509.0,509.0,,,0.0,,,0.0
2025-09-30 10:00:00,,,,,,,509.0,509.0,,,0.0,,,0.0
2025-09-30 11:00:00,,,,,,,509.0,509.0,,,0.0,,,0.0
2025-09-30 12:00:00,,,,,,,509.0,509.0,,,0.0,,,0.0
2025-09-30 13:00:00,,,,,,,509.0,509.0,,,0.0,,,0.0
2025-09-30 14:00:00,,,,,,,509.0,509.0,,,0.0,,,0.0
2025-09-30 15:00:00,,,,,,,509.0,509.0,,,0.0,,,0.0
2025-09-30 16:00:00,,,,,,,509.0,509.0,,,0.0,,,0.0
2025-09-30 17:00:00,,,,,,,1533.0,1533.0,,,0.0,,,0.0
2025-09-30 18:00:00,,,,,,,1273.0,1273.0,,,0.0,,,0.0
2025-09-30 19:00:00,,,,,,,1529.0,1529.0,,,0.0,,,0.0
2025-09-30 20:00:00,,,,,,,1533.0,1533.0,,,0.0,,,0.0
2025-09-30 21:00:00,,,,,,,1529.0,1529.0,,,0.0,,,0.0
2025-09-30 22:00:00,,,,,,,1533.0,1533.0,,,0.0,,,0.0
2025-09-30 23:00:00,,,,,,,1529.0,1529.0,,,0.0,,,0.0
2025-10-01 00:00:00,,,,,,,1533.0,1533.0,,,0.0,,,0.0
2025-10-01 01:00:00,,,,,,,1533.0,1533.0,,,0.0,,,0.0
2025-10-01 02:00:00,,,,,,,1533.0,1533.0,,,0.0,,,0.0
2025-10-01 03:00:00,,,,,,,1529.0,1529.0,,,0.0,,,0.0
2025-10-01 04:00:00,,,,,,,1533.0,1533.0,,,0.0,,,0.0
2025-10-01 05:00:00,,,,,,,1533.0,1533.0,,,0.0,,,0.0
2025-10-01 06:00:00,,,,,,,1533.0,1533.0,,,0.0,,,0.0
2025-10-01 07:00:00,,,,,,,1533.0,1533.0,,,0.0,,,0.0
2025-10-01 08:00:00,,,,,,,509.0,509.0,,,0.0,,,0.0
2025-10-01 09:00:00,,,,,,,509.0,509.0,,,0.0,,,0.0
2025-10-01 10:00:00,,,,,,,509.0,509.0,,,0.0,,,0.0
2025-10-01 11:00:00,,,,,,,509.0,509.0,,,0.0,,,0.0
2025-10-01 12:00:00,,,,,,,509.0,509.0,,,0.0,,,0.0
2025-10-01 13:00:00,,,,,,,509.0,509.0,,,0.0,,,0.0
2025-10-01 14:00:00,,,,,,,509.0,509.0,,,0.0,,,0.0
2025-10-01 15:00:00,,,,,,,509.0,509.0,,,0.0,,,0.0
2025-10-01 16:00:00,,,,,,,509.0,509.0,,,0.0,,,0.0
2025-10-01 17:00:00,,,,,,,1533.0,1533.0,,,0.0,,,0.0
2025-10-01 18:00:00,,,,,,,1529.0,1529.0,,,0.0,,,0.0
2025-10-01 19:00:00,,,,,,,1533.0,1533.0,,,0.0,,,0.0
2025-10-01 20:00:00,,,,,,,1273.0,1273.0,,,0.0,,,0.0
2025-10-01 21:00:00,,,,,,,1273.0,1273.0,,,0.0,,,0.0
2025-10-01 22:00:00,,,,,,,1529.0,1529.0,,,0.0,,,0.0
2025-10-01 23:00:00,,,,,,,1529.0,1529.0,,,0.0,,,0.0
2025-10-02 00:00:00,,,,,,,1529.0,1529.0,,,0.0,,,0.0
2025-10-02 01:00:00,,,,,,,1533.0,1533.0,,,0.0,,,0.0
2025-10-02 02:00:00,,,,,,,1529.0,1529.0,,,0.0,,,0.0
2025-10-02 03:00:00,,,,,,,1529.0,1529.0,,,0.0,,,0.0
2025-10-02 04:00:00,,,,,,,1533.0,1533.0,,,0.0,,,0.0
2025-10-02 05:00:00,,,,,,,1529.0,1529.0,,,0.0,,,0.0
2025-10-02 06:00:00,,,,,,,1529.0,1529.0,,,0.0,,,0.0
2025-10-02 07:00:00,,,,,,,1533.0,1533.0,,,0.0,,,0.0
2025-10-02 08:00:00,,,,,,,509.0,509.0,,,0.0,,,0.0
2025-10-02 09:00:00,,,,,,,509.0,509.0,,,0.0,,,0.0
2025-10-02 10:00:00,,,,,,,509.0,509.0,,,0.0,,,0.0
2025-10-02 11:00:00,,,,,,,509.0,509.0,,,0.0,,,0.0
2025-10-02 12:00:00,,,,,,,509.0,509.0,,,0.0,,,0.0
2025-10-02 13:00:00,,,,,,,509.0,509.0,,,0.0,,,0.0
2025-10-02 14:00:00,,,,,,,509.0,509.0,,,0.0,,,0.0
2025-10-02 15:00:00,,,,,,,509.0,509.0,,,0.0,,,0.0
2025-10-02 16:00:00,,,,,,,509.0,509.0,,,0.0,,,0.0
2025-10-02 17:00:00,,,,,,,1533.0,1533.0,,,0.0,,,0.0
2025-10-02 18:00:00,,,,,,,1533.0,1533.0,,,0.0,,,0.0
2025-10-02 19:00:00,,,,,,,1533.0,1533.0,,,0.0,,,0.0
2025-10-02 20:00:00,,,,,,,1529.0,1529.0,,,0.0,,,0.0
2025-10-02 21:00:00,,,,,,,1273.0,1273.0,,,0.0,,,0.0
2025-10-02 22:00:00,,,,,,,1529.0,1529.0,,,0.0,,,0.0
2025-10-02 23:00:00,,,,,,,1273.0,1273.0,,,0.0,,,0.0
2025-10-03 00:00:00,,,,,,,1533.0,1533.0,,,0.0,,,0.0
2025-10-03 01:00:00,,,,,,,1533.0,1533.0,,,0.0,,,0.0
2025-10-03 02:00:00,,,,,,,1533.0,1533.0,,,0.0,,,0.0
2025-10-03 03:00:00,,,,,,,1529.0,1529.0,,,0.0,,,0.0
2025-10-03 04:00:00,,,,,,,1529.0,1529.0,,,0.0,,,0.0
2025-10-03 05:00:00,,,,,,,1529.0,1529.0,,,0.0,,,0.0
2025-10-03 06:00:00,,,,,,,1529.0,1529.0,,,0.0,,,0.0
2025-10-03 07:00:00,,,,,,,1533.0,1533.0,,,0.0,,,0.0
2025-10-03 08:00:00,,,,,,,509.0,509.0,,,0.0,,,0.0
2025-10-03 09:00:00,,,,,,,509.0,509.0,,,0.0,,,0.0
2025-10-03 10:00:00,,,,,,,509.0,509.0,,,0.0,,,0.0
2025-10-03 11:00:00,,,,,,,509.0,509.0,,,0.0,,,0.0
2025-10-03 12:00:00,,,,,,,509.0,509.0,,,0.0,,,0.0
2025-10-03 13:00:00,,,,,,,509.0,509.0,,,0.0,,,0.0
2025-10-03 14:00:00,,,,,,,509.0,509.0,,,0.0,,,0.0
2025-10-03 15:00:00,,,,,,,509.0,509.0,,,0.0,,,0.0
2025-10-03 16:00:00,,,,,,,509.0,509.0,,,0.0,,,0.0
2025-10-03 17:00:00,,,,,,,1533.0,1533.0,,,0.0,,,0.0
2025-10-03 18:00:00,,,,,,,1273.0,1273.0,,,0.0,,,0.0
2025-10-03 19:00:00,,,,,,,1529.0,1529.0,,,0.0,,,0.0
2025-10-03 20:00:00,,,,,,,1533.0,1533.0,,,0.0,,,0.0
2025-10-03 21:00:00,,,,,,,1533.0,1533.0,,,0.0,,,0.0
2025-10-03 22:00:00,,,,,,,1273.0,1273.0,,,0.0,,,0.0
2025-10-03 23:00:00,,,,,,,1273.0,1273.0,,,0.0,,,0.0
2025-10-04 00:00:00,,,,,,,1273.0,1273.0,,,0.0,,,0.0
2025-10-04 01:00:00,,,,,,,1273.0,1273.0,,,0.0,,,0.0
2025-10-04 02:00:00,,,,,,,1273.0,1273.0,,,0.0,,,0.0
2025-10-04 03:00:00,,,,,,,1273.0,1273.0,,,0.0,,,0.0
2025-10-04 04:00:00,,,,,,,1273.0,1273.0,,,0.0,,,0.0
2025-10-04 05:00:00,,,,,,,1273.0,1273.0,,,0.0,,,0.0
2025-10-04 06:00:00,,,,,,,1273.0,1273.0,,,0.0,,,0.0
2025-10-04 07:00:00,,,,,,,1529.0,1529.0,,,0.0,,,0.0
2025-10-04 08:00:00,,,,,,,509.0,509.0,0.4994,0.1282,3.0,0.6941,0.085399985,3.0
2025-10-04 09:00:00,,,,,,,509.0,509.0,,,0.0,,,0.0
2025-10-04 10:00:00,,,,,,,509.0,509.0,,,0.0,,,0.0
2025-10-04 11:00:00,,,,,,,509.0,509.0,,,0.0,,,0.0
2025-10-04 12:00:00,,,,,,,509.0,509.0,,,0.0,,,0.0
2025-10-04 13:00:00,,,,,,,509.0,509.0,,,0.0,,,0.0
2025-10-04 14:00:00,,,,,,,509.0,509.0,,,0.0,,,0.0
2025-10-04 15:00:00,,,,,,,509.0,509.0,,,0.0,,,0.0
2025-10-04 16:00:00,,,,,,,249.0,248.0,0.3798,0.0,1.0,1.1969999,0.0,1.0
2025-10-04 17:00:00,,,,,,,1529.0,1529.0,,,0.0,,,0.0
2025-10-04 18:00:00,,,,,,,1273.0,1273.0,,,0.0,,,0.0
2025-10-04 19:00:00,,,,,,,1529.0,1529.0,,,0.0,,,0.0
2025-10-04 20:00:00,,,,,,,1533.0,1533.0,,,0.0,,,0.0
2025-10-04 21:00:00,,,,,,,1529.0,1529.0,,,0.0,,,0.0
2025-10-04 22:00:00,,,,,,,1533.0,1533.0,,,0.0,,,0.0
2025-10-04 23:00:00,,,,,,,1529.0,1529.0,,,0.0,,,0.0
2025-10-05 00:00:00,,,,,,,1533.0,1533.0,,,0.0,,,0.0
2025-10-05 01:00:00,,,,,,,1533.0,1533.0,,,0.0,,,0.0
2025-10-05 02:00:00,,,,,,,1529.0,1529.0,,,0.0,,,0.0
2025-10-05 03:00:00,,,,,,,1533.0,1533.0,,,0.0,,,0.0
2025-10-05 04:00:00,,,,,,,1533.0,1533.0,,,0.0,,,0.0
2025-10-05 05:00:00,,,,,,,1533.0,1533.0,,,0.0,,,0.0
2025-10-05 06:00:00,,,,,,,1533.0,1533.0,,,0.0,,,0.0
2025-10-05 07:00:00,,,,,,,1533.0,1533.0,,,0.0,,,0.0
2025-10-05 08:00:00,,,,,,,2553.0,2552.0,0.8932,0.0678,3.0,0.8908,0.24739999,3.0
2025-10-05 09:00:00,,,,,,,509.0,509.0,0.833,0.0958,4.0,1.1683999,0.1789,4.0
2025-10-05 10:00:00,,,,,,,509.0,509.0,,,0.0,,,0.0
2025-10-05 11:00:00,,,,,,,509.0,509.0,0.4314,0.0,1.0,1.1423,0.0,1.0
2025-10-05 12:00:00,,,,,,,509.0,509.0,,,0.0,,,0.0
2025-10-05 13:00:00,,,,,,,509.0,509.0,,,0.0,,,0.0
2025-10-05 14:00:00,,,,,,,509.0,509.0,,,0.0,,,0.0
2025-10-05 15:00:00,,,,,,,505.0,504.0,0.4788,0.0,1.0,1.0245999,0.0,1.0
2025-10-05 16:00:00,,,,,,,505.0,504.0,0.4326,0.029199999,3.0,1.0566,0.072399974,3.0
2025-10-05 17:00:00,,,,,,,1533.0,1533.0,,,0.0,,,0.0
2025-10-05 18:00:00,,,,,,,1533.0,1533.0,,,0.0,,,0.0
2025-10-05 19:00:00,,,,,,,1533.0,1533.0,,,0.0,,,0.0
2025-10-05 20:00:00,,,,,,,1273.0,1273.0,,,0.0,,,0.0
2025-10-05 21:00:00,,,,,,,1273.0,1273.0,,,0.0,,,0.0
2025-10-05 22:00:00,,,,,,,1529.0,1529.0,,,0.0,,,0.0
2025-10-05 23:00:00,,,,,,,1533.0,1533.0,,,0.0,,,0.0
2025-10-06 00:00:00,,,,,,,1533.0,1533.0,,,0.0,,,0.0
2025-10-06 01:00:00,,,,,,,1533.0,1533.0,,,0.0,,,0.0
2025-10-06 02:00:00,,,,,,,1533.0,1533.0,,,0.0,,,0.0
2025-10-06 03:00:00,,,,,,,1533.0,1533.0,,,0.0,,,0.0
2025-10-06 04:00:00,,,,,,,1533.0,1533.0,,,0.0,,,0.0
2025-10-06 05:00:00,,,,,,,1533.0,1533.0,,,0.0,,,0.0
2025-10-06 06:00:00,,,,,,,1529.0,1529.0,,,0.0,,,0.0
2025-10-06 07:00:00,,,,,,,1533.0,1533.0,,,0.0,,,0.0
2025-10-06 08:00:00,,,,,,,509.0,509.0,,,0.0,,,0.0
2025-10-06 09:00:00,,,,,,,509.0,509.0,,,0.0,,,0.0
2025-10-06 10:00:00,,,,,,,509.0,509.0,,,0.0,,,0.0
2025-10-06 11:00:00,,,,,,,509.0,509.0,,,0.0,,,0.0
2025-10-06 12:00:00,,,,,,,509.0,509.0,,,0.0,,,0.0
2025-10-06 13:00:00,,,,,,,509.0,509.0,,,0.0,,,0.0
2025-10-06 14:00:00,,,,,,,509.0,509.0,,,0.0,,,0.0
2025-10-06 15:00:00,,,,,,,509.0,509.0,,,0.0,,,0.0
2025-10-06 16:00:00,,,,,,,509.0,509.0,,,0.0,,,0.0
2025-10-06 17:00:00,,,,,,,1533.0,1533.0,,,0.0,,,0.0
2025-10-06 18:00:00,,,,,,,1529.0,1529.0,,,0.0,,,0.0
2025-10-06 19:00:00,,,,,,,1533.0,1533.0,,,0.0,,,0.0
2025-10-06 20:00:00,,,,,,,1533.0,1533.0,,,0.0,,,0.0
2025-10-06 21:00:00,,,,,,,1533.0,1533.0,,,0.0,,,0.0
2025-10-06 22:00:00,,,,,,,1529.0,1529.0,,,0.0,,,0.0
2025-10-06 23:00:00,,,,,,,1533.0,1533.0,,,0.0,,,0.0
2025-10-07 00:00:00,,,,,,,1529.0,1529.0,,,0.0,,,0.0
2025-10-07 01:00:00,,,,,,,1529.0,1529.0,,,0.0,,,0.0
2025-10-07 02:00:00,,,,,,,1533.0,1533.0,,,0.0,,,0.0
2025-10-07 03:00:00,,,,,,,1533.0,1533.0,,,0.0,,,0.0
2025-10-07 04:00:00,,,,,,,1533.0,1533.0,,,0.0,,,0.0
2025-10-07 05:00:00,,,,,,,1529.0,1529.0,,,0.0,,,0.0
2025-10-07 06:00:00,,,,,,,1533.0,1533.0,,,0.0,,,0.0
2025-10-07 07:00:00,,,,,,,1533.0,1533.0,,,0.0,,,0.0
2025-10-07 08:00:00,,,,,,,509.0,509.0,,,0.0,,,0.0
2025-10-07 09:00:00,,,,,,,509.0,509.0,,,0.0,,,0.0
2025-10-07 10:00:00,,,,,,,509.0,509.0,,,0.0,,,0.0
2025-10-07 11:00:00,,,,,,,509.0,509.0,,,0.0,,,0.0
2025-10-07 12:00:00,,,,,,,509.0,509.0,,,0.0,,,0.0
2025-10-07 13:00:00,,,,,,,509.0,509.0,,,0.0,,,0.0
2025-10-07 14:00:00,,,,,,,509.0,509.0,,,0.0,,,0.0
2025-10-07 15:00:00,,,,,,,509.0,509.0,,,0.0,,,0.0
2025-10-07 16:00:00,,,,,,,509.0,509.0,,,0.0,,,0.0
2025-10-07 17:00:00,,,,,,,1533.0,1533.0,,,0.0,,,0.0
2025-10-07 18:00:00,,,,,,,1533.0,1533.0,,,0.0,,,0.0
2025-10-07 19:00:00,,,,,,,1533.0,1533.0,,,0.0,,,0.0
2025-10-07 20:00:00,,,,,,,1529.0,1529.0,,,0.0,,,0.0
2025-10-07 21:00:00,,,,,,,1533.0,1533.0,,,0.0,,,0.0
2025-10-07 22:00:00,,,,,,,1533.0,1533.0,,,0.0,,,0.0
2025-10-07 23:00:00,,,,,,,1533.0,1533.0,,,0.0,,,0.0
2025-10-08 00:00:00,,,,,,,1533.0,1533.0,,,0.0,,,0.0
2025-10-08 01:00:00,,,,,,,1533.0,1533.0,,,0.0,,,0.0
2025-10-08 02:00:00,,,,,,,1533.0,1533.0,,,0.0,,,0.0
2025-10-08 03:00:00,,,,,,,1529.0,1529.0,,,0.0,,,0.0
2025-10-08 04:00:00,,,,,,,1529.0,1529.0,,,0.0,,,0.0
2025-10-08 05:00:00,,,,,,,1533.0,1533.0,,,0.0,,,0.0
2025-10-08 06:00:00,,,,,,,1533.0,1533.0,,,0.0,,,0.0
2025-10-08 07:00:00,,,,,,,1533.0,1533.0,,,0.0,,,0.0
2025-10-08 08:00:00,,,,,,,509.0,509.0,,,0.0,,,0.0
2025-10-08 09:00:00,,,,,,,509.0,509.0,,,0.0,,,0.0
2025-10-08 10:00:00,,,,,,,509.0,509.0,,,0.0,,,0.0
2025-10-08 11:00:00,,,,,,,509.0,509.0,,,0.0,,,0.0
2025-10-08 12:00:00,,,,,,,509.0,509.0,,,0.0,,,0.0
2025-10-08 13:00:00,,,,,,,509.0,509.0,,,0.0,,,0.0
2025-10-08 14:00:00,,,,,,,509.0,509.0,,,0.0,,,0.0
2025-10-08 15:00:00,,,,,,,509.0,509.0,,,0.0,,,0.0
2025-10-08 16:00:00,,,,,,,509.0,509.0,,,0.0,,,0.0
2025-10-08 17:00:00,,,,,,,1273.0,1273.0,,,0.0,,,0.0
2025-10-08 18:00:00,,,,,,,1273.0,1273.0,,,0.0,,,0.0
2025-10-08 19:00:00,,,,,,,1273.0,1273.0,,,0.0,,,0.0
2025-10-08 20:00:00,,,,,,,1273.0,1273.0,,,0.0,,,0.0
2025-10-08 21:00:00,,,,,,,1273.0,1273.0,,,0.0,,,0.0
2025-10-08 22:00:00,,,,,,,1273.0,1273.0,,,0.0,,,0.0
2025-10-08 23:00:00,,,,,,,1273.0,1273.0,,,0.0,,,0.0
2025-10-09 00:00:00,,,,,,,1273.0,1273.0,,,0.0,,,0.0
2025-10-09 01:00:00,,,,,,,1273.0,1273.0,,,0.0,,,0.0
2025-10-09 02:00:00,,,,,,,1273.0,1273.0,,,0.0,,,0.0
2025-10-09 03:00:00,,,,,,,1273.0,1273.0,,,0.0,,,0.0
2025-10-09 04:00:00,,,,,,,1273.0,1273.0,,,0.0,,,0.0
2025-10-09 05:00:00,,,,,,,1273.0,1273.0,,,0.0,,,0.0
2025-10-09 06:00:00,,,,,,,1273.0,1273.0,,,0.0,,,0.0
2025-10-09 07:00:00,,,,,,,1533.0,1533.0,,,0.0,,,0.0
2025-10-09 08:00:00,,,,,,,509.0,509.0,,,0.0,,,0.0
2025-10-09 09:00:00,,,,,,,509.0,509.0,,,0.0,,,0.0
2025-10-09 10:00:00,,,,,,,509.0,509.0,,,0.0,,,0.0
2025-10-09 11:00:00,,,,,,,509.0,509.0,,,0.0,,,0.0
2025-10-09 12:00:00,,,,,,,509.0,509.0,,,0.0,,,0.0
2025-10-09 13:00:00,,,,,,,509.0,509.0,,,0.0,,,0.0
2025-10-09 14:00:00,,,,,,,505.0,505.0,,,0.0,,,0.0
2025-10-09 15:00:00,,,,,,,509.0,509.0,,,0.0,,,0.0
2025-10-09 16:00:00,,0.1122,,0.0611,,,2296.0,2240.0,0.1122,0.0,1.0,1.3592999,0.0,1.0
2025-10-09 17:00:00,,,,,,,1529.0,1529.0,,,0.0,,,0.0
2025-10-09 18:00:00,,,,,,,1273.0,1273.0,,,0.0,,,0.0
2025-10-09 19:00:00,,,,,,,1273.0,1273.0,,,0.0,,,0.0
2025-10-09 20:00:00,,,,,,,1273.0,1273.0,,,0.0,,,0.0
2025-10-09 21:00:00,,,,,,,1273.0,1273.0,,,0.0,,,0.0
2025-10-09 22:00:00,,,,,,,1273.0,1273.0,,,0.0,,,0.0
2025-10-09 23:00:00,,,,,,,1273.0,1273.0,,,0.0,,,0.0
2025-10-10 00:00:00,,,,,,,1273.0,1273.0,,,0.0,,,0.0
2025-10-10 01:00:00,,,,,,,1273.0,1273.0,,,0.0,,,0.0
2025-10-10 02:00:00,,,,,,,1273.0,1273.0,,,0.0,,,0.0
2025-10-10 03:00:00,,,,,,,1529.0,1529.0,,,0.0,,,0.0
2025-10-10 04:00:00,,,,,,,1529.0,1529.0,,,0.0,,,0.0
2025-10-10 05:00:00,,,,,,,1529.0,1529.0,,,0.0,,,0.0
2025-10-10 06:00:00,,,,,,,1273.0,1273.0,,,0.0,,,0.0
2025-10-10 07:00:00,,,,,,,1533.0,1533.0,,,0.0,,,0.0
2025-10-10 08:00:00,,,,,,,509.0,509.0,,,0.0,,,0.0
2025-10-10 09:00:00,,,,,,,509.0,509.0,,,0.0,,,0.0
2025-10-10 10:00:00,,,,,,,509.0,509.0,,,0.0,,,0.0
2025-10-10 11:00:00,,,,,,,509.0,509.0,,,0.0,,,0.0
2025-10-10 12:00:00,,,,,,,509.0,509.0,,,0.0,,,0.0
2025-10-10 13:00:00,,,,,,,509.0,509.0,,,0.0,,,0.0
2025-10-10 14:00:00,,,,,,,509.0,509.0,,,0.0,,,0.0
2025-10-10 15:00:00,,,,,,,509.0,509.0,,,0.0,,,0.0
2025-10-10 16:00:00,0.2138,0.1218,0.060099997,0.059,,,2240.0,2240.0,0.1218,0.0,1.0,1.2105,0.0,1.0
2025-10-10 17:00:00,,,,,,,1529.0,1529.0,,,0.0,,,0.0
2025-10-10 18:00:00,,,,,,,1273.0,1273.0,,,0.0,,,0.0
2025-10-10 19:00:00,,,,,,,1273.0,1273.0,,,0.0,,,0.0
2025-10-10 20:00:00,,,,,,,1273.0,1273.0,,,0.0,,,0.0
2025-10-10 21:00:00,,,,,,,1273.0,1273.0,,,0.0,,,0.0
2025-10-10 22:00:00,,,,,,,1273.0,1273.0,,,0.0,,,0.0
2025-10-10 23:00:00,,,,,,,1273.0,1273.0,,,0.0,,,0.0
2025-10-11 00:00:00,,,,,,,1273.0,1273.0,,,0.0,,,0.0
2025-10-11 01:00:00,,,,,,,1529.0,1529.0,,,0.0,,,0.0
2025-10-11 02:00:00,,,,,,,1533.0,1533.0,,,0.0,,,0.0
2025-10-11 03:00:00,,,,,,,1529.0,1529.0,,,0.0,,,0.0
2025-10-11 04:00:00,,,,,,,1273.0,1273.0,,,0.0,,,0.0
2025-10-11 05:00:00,,,,,,,1533.0,1533.0,,,0.0,,,0.0
2025-10-11 06:00:00,,,,,,,1533.0,1533.0,,,0.0,,,0.0
2025-10-11 07:00:00,,,,,,,1273.0,1273.0,,,0.0,,,0.0
2025-10-11 08:00:00,,,,,,,2553.0,2552.0,1.0574,0.24759999,2.0,1.7165,0.06269997,2.0
2025-10-11 09:00:00,,,,,,,509.0,509.0,1.2796,0.166,4.0,1.4718,0.222,4.0
2025-10-11 10:00:00,,,,,,,509.0,509.0,0.9684,0.0,1.0,0.5116,0.0,1.0
2025-10-11 11:00:00,,,,,,,509.0,509.0,,,0.0,,,0.0
2025-10-11 12:00:00,,,,,,,509.0,509.0,,,0.0,,,0.0
2025-10-11 13:00:00,,,,,,,509.0,509.0,,,0.0,,,0.0
2025-10-11 14:00:00,,,,,,,509.0,509.0,,,0.0,,,0.0
2025-10-11 15:00:00,,,,,,,509.0,509.0,,,0.0,,,0.0
2025-10-11 16:00:00,,,,,,,509.0,509.0,,,0.0,,,0.0
2025-10-11 17:00:00,,,,,,,1533.0,1533.0,,,0.0,,,0.0
2025-10-11 18:00:00,,,,,,,1529.0,1529.0,,,0.0,,,0.0
2025-10-11 19:00:00,,,,,,,1533.0,1533.0,,,0.0,,,0.0
2025-10-11 20:00:00,,,,,,,1533.0,1533.0,,,0.0,,,0.0
2025-10-11 21:00:00,,,,,,,1533.0,1533.0,,,0.0,,,0.0
2025-10-11 22:00:00,,,,,,,1529.0,1529.0,,,0.0,,,0.0
2025-10-11 23:00:00,,,,,,,1273.0,1273.0,,,0.0,,,0.0
2025-10-12 18:00:00,,,,,,,1273.0,1273.0,,,0.0,,,0.0
2025-10-12 19:00:00,,,,,,,1273.0,1273.0,,,0.0,,,0.0
2025-10-12 20:00:00,,,,,,,1273.0,1273.0,,,0.0,,,0.0
2025-10-12 21:00:00,,,,,,,1273.0,1273.0,,,0.0,,,0.0
2025-10-12 22:00:00,,,,,,,1273.0,1273.0,,,0.0,,,0.0
2025-10-12 23:00:00,,,,,,,1273.0,1273.0,,,0.0,,,0.0
2025-10-13 00:00:00,,,,,,,1529.0,1529.0,,,0.0,,,0.0
2025-10-13 01:00:00,,,,,,,1529.0,1529.0,,,0.0,,,0.0
2025-10-13 02:00:00,,,,,,,1533.0,1533.0,,,0.0,,,0.0
2025-10-13 03:00:00,,,,,,,1529.0,1529.0,,,0.0,,,0.0
2025-10-13 04:00:00,,,,,,,1533.0,1533.0,,,0.0,,,0.0
2025-10-13 05:00:00,,,,,,,1273.0,1273.0,,,0.0,,,0.0
2025-10-13 06:00:00,,,,,,,1533.0,1533.0,,,0.0,,,0.0
2025-10-13 07:00:00,,,,,,,1533.0,1533.0,,,0.0,,,0.0
2025-10-13 08:00:00,,,,,,,509.0,509.0,0.20539999,0.0196,2.0,0.9318999,0.007099986,2.0
2025-10-13 09:00:00,,,,,,,509.0,509.0,0.34919998,0.0,1.0,0.995,0.0,1.0
2025-10-13 10:00:00,,,,,,,509.0,509.0,,,0.0,,,0.0
2025-10-13 11:00:00,,,,,,,509.0,509.0,,,0.0,,,0.0
2025-10-13 12:00:00,,,,,,,509.0,509.0,,,0.0,,,0.0
2025-10-13 13:00:00,,,,,,,509.0,509.0,,,0.0,,,0.0
2025-10-13 14:00:00,,,,,,,509.0,509.0,,,0.0,,,0.0
2025-10-13 15:00:00,,,,,,,509.0,509.0,,,0.0,,,0.0
2025-10-13 16:00:00,,,,,,,509.0,509.0,,,0.0,,,0.0
2025-10-13 17:00:00,,,,,,,1533.0,1533.0,,,0.0,,,0.0
2025-10-13 18:00:00,,,,,,,1533.0,1533.0,,,0.0,,,0.0
2025-10-13 19:00:00,,,,,,,1533.0,1533.0,,,0.0,,,0.0
2025-10-13 20:00:00,,,,,,,1273.0,1273.0,,,0.0,,,0.0
2025-10-13 21:00:00,,,,,,,1533.0,1533.0,,,0.0,,,0.0
2025-10-13 22:00:00,,,,,,,1533.0,1533.0,,,0.0,,,0.0
2025-10-13 23:00:00,,,,,,,1533.0,1533.0,,,0.0,,,0.0
2025-10-14 00:00:00,,,,,,,1533.0,1533.0,,,0.0,,,0.0
2025-10-14 01:00:00,,,,,,,1529.0,1529.0,,,0.0,,,0.0
2025-10-14 02:00:00,,,,,,,1529.0,1529.0,,,0.0,,,0.0
2025-10-14 03:00:00,,,,,,,1529.0,1529.0,,,0.0,,,0.0
2025-10-14 04:00:00,,,,,,,1529.0,1529.0,,,0.0,,,0.0
2025-10-14 05:00:00,,,,,,,1533.0,1533.0,,,0.0,,,0.0
2025-10-14 06:00:00,,,,,,,1533.0,1533.0,,,0.0,,,0.0
2025-10-14 07:00:00,,,,,,,1533.0,1533.0,,,0.0,,,0.0
2025-10-14 08:00:00,,,,,,,509.0,509.0,,,0.0,,,0.0
2025-10-14 09:00:00,,,,,,,509.0,509.0,,,0.0,,,0.0
2025-10-14 10:00:00,,,,,,,509.0,509.0,,,0.0,,,0.0
2025-10-14 11:00:00,,,,,,,509.0,509.0,,,0.0,,,0.0
2025-10-14 12:00:00,,,,,,,509.0,509.0,,,0.0,,,0.0
2025-10-14 13:00:00,,,,,,,509.0,509.0,,,0.0,,,0.0
2025-10-14 14:00:00,,,,,,,509.0,509.0,,,0.0,,,0.0
2025-10-14 15:00:00,,,,,,,509.0,509.0,,,0.0,,,0.0
2025-10-14 16:00:00,,,,,,,509.0,509.0,,,0.0,,,0.0
2025-10-14 17:00:00,,,,,,,1533.0,1533.0,,,0.0,,,0.0
2025-10-14 18:00:00,,,,,,,1533.0,1533.0,,,0.0,,,0.0
2025-10-14 19:00:00,,,,,,,1529.0,1529.0,,,0.0,,,0.0
2025-10-14 20:00:00,,,,,,,1533.0,1533.0,,,0.0,,,0.0
2025-10-14 21:00:00,,,,,,,1273.0,1273.0,,,0.0,,,0.0
2025-10-14 22:00:00,,,,,,,1533.0,1533.0,,,0.0,,,0.0
2025-10-14 23:00:00,,,,,,,1529.0,1529.0,,,0.0,,,0.0
2025-10-15 00:00:00,,,,,,,1533.0,1533.0,,,0.0,,,0.0
2025-10-15 01:00:00,,,,,,,1273.0,1273.0,,,0.0,,,0.0
2025-10-15 02:00:00,,,,,,,1533.0,1533.0,,,0.0,,,0.0
2025-10-15 03:00:00,,,,,,,1533.0,1533.0,,,0.0,,,0.0
2025-10-15 04:00:00,,,,,,,1533.0,1533.0,,,0.0,,,0.0
2025-10-15 05:00:00,,,,,,,1529.0,1529.0,,,0.0,,,0.0
2025-10-15 06:00:00,,,,,,,1533.0,1533.0,,,0.0,,,0.0
2025-10-15 07:00:00,,,,,,,1533.0,1533.0,,,0.0,,,0.0
2025-10-15 08:00:00,,,,,,,509.0,509.0,,,0.0,,,0.0
2025-10-15 09:00:00,,,,,,,509.0,509.0,,,0.0,,,0.0
2025-10-15 10:00:00,,,,,,,509.0,509.0,,,0.0,,,0.0
2025-10-15 11:00:00,,,,,,,509.0,509.0,,,0.0,,,0.0
2025-10-15 12:00:00,,,,,,,509.0,509.0,,,0.0,,,0.0
2025-10-15 13:00:00,,,,,,,509.0,509.0,,,0.0,,,0.0
2025-10-15 14:00:00,,,,,,,509.0,509.0,,,0.0,,,0.0
2025-10-15 15:00:00,,,,,,,509.0,509.0,,,0.0,,,0.0
2025-10-15 16:00:00,,,,,,,1533.0,1533.0,,,0.0,,,0.0
2025-10-15 17:00:00,,,,,,,1533.0,1533.0,,,0.0,,,0.0
2025-10-15 18:00:00,,,,,,,1533.0,1533.0,,,0.0,,,0.0
2025-10-15 19:00:00,,,,,,,1529.0,1529.0,,,0.0,,,0.0
2025-10-15 20:00:00,,,,,,,1533.0,1533.0,,,0.0,,,0.0
2025-10-15 21:00:00,,,,,,,1529.0,1529.0,,,0.0,,,0.0
2025-10-15 22:00:00,,,,,,,1533.0,1533.0,,,0.0,,,0.0
2025-10-15 23:00:00,,,,,,,1533.0,1533.0,,,0.0,,,0.0
2025-10-16 00:00:00,,,,,,,1533.0,1533.0,,,0.0,,,0.0
2025-10-16 01:00:00,,,,,,,1529.0,1529.0,,,0.0,,,0.0
2025-10-16 02:00:00,,,,,,,1533.0,1533.0,,,0.0,,,0.0
2025-10-16 03:00:00,,,,,,,1529.0,1529.0,,,0.0,,,0.0
2025-10-16 04:00:00,,,,,,,1533.0,1533.0,,,0.0,,,0.0
2025-10-16 05:00:00,,,,,,,1533.0,1533.0,,,0.0,,,0.0
2025-10-16 06:00:00,,,,,,,1533.0,1533.0,,,0.0,,,0.0
2025-10-16 07:00:00,,,,,,,1533.0,1533.0,,,0.0,,,0.0
2025-10-16 08:00:00,,,,,,,509.0,509.0,,,0.0,,,0.0
2025-10-16 09:00:00,,,,,,,509.0,509.0,,,0.0,,,0.0
2025-10-16 10:00:00,,,,,,,509.0,509.0,,,0.0,,,0.0
2025-10-16 11:00:00,,,,,,,509.0,509.0,,,0.0,,,0.0
2025-10-16 12:00:00,,,,,,,509.0,509.0,,,0.0,,,0.0
2025-10-16 13:00:00,,,,,,,509.0,509.0,,,0.0,,,0.0
2025-10-16 14:00:00,,,,,,,509.0,509.0,,,0.0,,,0.0
2025-10-16 15:00:00,,,,,,,509.0,509.0,,,0.0,,,0.0
2025-10-16 16:00:00,,,,,,,1533.0,1533.0,,,0.0,,,0.0
2025-10-16 17:00:00,,,,,,,1533.0,1533.0,,,0.0,,,0.0
2025-10-16 18:00:00,,,,,,,1533.0,1533.0,,,0.0,,,0.0
2025-10-16 19:00:00,,,,,,,1533.0,1533.0,,,0.0,,,0.0
2025-10-16 20:00:00,,,,,,,1273.0,1273.0,,,0.0,,,0.0
2025-10-16 21:00:00,,,,,,,1273.0,1273.0,,,0.0,,,0.0
2025-10-16 22:00:00,,,,,,,1273.0,1273.0,,,0.0,,,0.0
2025-10-16 23:00:00,,,,,,,1273.0,1273.0,,,0.0,,,0.0
2025-10-17 00:00:00,,,,,,,1273.0,1273.0,,,0.0,,,0.0
2025-10-17 01:00:00,,,,,,,1273.0,1273.0,,,0.0,,,0.0
2025-10-17 02:00:00,,,,,,,1533.0,1533.0,,,0.0,,,0.0
2025-10-17 03:00:00,,,,,,,1273.0,1273.0,,,0.0,,,0.0
2025-10-17 04:00:00,,,,,,,1273.0,1273.0,,,0.0,,,0.0
2025-10-17 05:00:00,,,,,,,1273.0,1273.0,,,0.0,,,0.0
2025-10-17 06:00:00,,,,,,,1529.0,1529.0,,,0.0,,,0.0
2025-10-17 07:00:00,,,,,,,1533.0,1533.0,,,0.0,,,0.0
2025-10-17 08:00:00,,,,,,,505.0,505.0,,,0.0,,,0.0
2025-10-17 09:00:00,,,,,,,509.0,509.0,,,0.0,,,0.0
2025-10-17 10:00:00,,,,,,,509.0,509.0,,,0.0,,,0.0
2025-10-17 11:00:00,,,,,,,509.0,509.0,,,0.0,,,0.0
2025-10-17 12:00:00,,,,,,,509.0,509.0,,,0.0,,,0.0
2025-10-17 13:00:00,,,,,,,509.0,509.0,,,0.0,,,0.0
2025-10-17 14:00:00,,,,,,,505.0,505.0,,,0.0,,,0.0
2025-10-17 15:00:00,,,,,,,505.0,505.0,,,0.0,,,0.0
2025-10-17 16:00:00,,,,,,,1529.0,1529.0,,,0.0,,,0.0
2025-10-17 17:00:00,,,,,,,1533.0,1533.0,,,0.0,,,0.0
2025-10-17 18:00:00,,,,,,,1529.0,1529.0,,,0.0,,,0.0
2025-10-17 19:00:00,,,,,,,1273.0,1273.0,,,0.0,,,0.0
2025-10-17 20:00:00,,,,,,,1273.0,1273.0,,,0.0,,,0.0
2025-10-17 21:00:00,,,,,,,1273.0,1273.0,,,0.0,,,0.0
2025-10-17 22:00:00,,,,,,,1273.0,1273.0,,,0.0,,,0.0
2025-10-17 23:00:00,,,,,,,1273.0,1273.0,,,0.0,,,0.0
2025-10-18 00:00:00,,,,,,,1273.0,1273.0,,,0.0,,,0.0
2025-10-18 01:00:00,,,,,,,1273.0,1273.0,,,0.0,,,0.0
2025-10-18 02:00:00,,,,,,,1273.0,1273.0,,,0.0,,,0.0
2025-10-18 03:00:00,,,,,,,1273.0,1273.0,,,0.0,,,0.0
2025-10-18 04:00:00,,,,,,,1273.0,1273.0,,,0.0,,,0.0
2025-10-18 05:00:00,,,,,,,1273.0,1273.0,,,0.0,,,0.0
2025-10-18 06:00:00,,,,,,,1273.0,1273.0,,,0.0,,,0.0
2025-10-18 07:00:00,,,,,,,1273.0,1273.0,,,0.0,,,0.0
2025-10-18 08:00:00,,,,,,,2553.0,2552.0,0.2482,0.0398,4.0,1.0095999,0.04820001,4.0
2025-10-18 09:00:00,,,,,,,509.0,509.0,0.24239999,0.031799998,4.0,1.0094999,0.07159996,4.0
2025-10-18 10:00:00,,,,,,,509.0,509.0,,,0.0,,,0.0
2025-10-18 11:00:00,,,,,,,509.0,509.0,,,0.0,,,0.0
2025-10-18 12:00:00,,,,,,,509.0,509.0,,,0.0,,,0.0
2025-10-18 13:00:00,,,,,,,509.0,509.0,,,0.0,,,0.0
2025-10-18 14:00:00,,,,,,,509.0,509.0,,,0.0,,,0.0
2025-10-18 15:00:00,,,,,,,509.0,509.0,,,0.0,,,0.0
2025-10-18 16:00:00,,,,,,,1529.0,1529.0,,,0.0,,,0.0
2025-10-18 17:00:00,,,,,,,1533.0,1533.0,,,0.0,,,0.0
2025-10-18 18:00:00,,,,,,,1529.0,1529.0,,,0.0,,,0.0
2025-10-18 19:00:00,,,,,,,1273.0,1273.0,,,0.0,,,0.0
2025-10-18 20:00:00,,,,,,,1273.0,1273.0,,,0.0,,,0.0
2025-10-18 21:00:00,,,,,,,1533.0,1533.0,,,0.0,,,0.0
2025-10-18 22:00:00,,,,,,,1533.0,1533.0,,,0.0,,,0.0
2025-10-18 23:00:00,,,,,,,1533.0,1533.0,,,0.0,,,0.0
2025-10-19 00:00:00,,,,,,,1533.0,1533.0,,,0.0,,,0.0
2025-10-19 01:00:00,,,,,,,1529.0,1529.0,,,0.0,,,0.0
2025-10-19 02:00:00,,,,,,,1273.0,1273.0,,,0.0,,,0.0
2025-10-19 03:00:00,,,,,,,1273.0,1273.0,,,0.0,,,0.0
2025-10-19 04:00:00,,,,,,,1533.0,1533.0,,,0.0,,,0.0
2025-10-19 05:00:00,,,,,,,1529.0,1529.0,,,0.0,,,0.0
2025-10-19 06:00:00,,,,,,,1529.0,1529.0,,,0.0,,,0.0
2025-10-19 07:00:00,,,,,,,1533.0,1533.0,,,0.0,,,0.0
2025-10-19 08:00:00,,,,,,,509.0,509.0,0.32299998,0.0332,2.0,0.9676,0.010100007,2.0
2025-10-19 09:00:00,,,,,,,505.0,505.0,0.43019998,0.045199998,3.0,1.0691999,0.08789998,3.0
2025-10-19 10:00:00,,,,,,,505.0,505.0,,,0.0,,,0.0
2025-10-19 11:00:00,,,,,,,509.0,509.0,,,0.0,,,0.0
2025-10-19 12:00:00,,,,,,,509.0,509.0,,,0.0,,,0.0
2025-10-19 13:00:00,,,,,,,509.0,509.0,,,0.0,,,0.0
2025-10-19 14:00:00,,,,,,,509.0,509.0,0.0094,0.0,1.0,1.1341,0.0,1.0
2025-10-19 15:00:00,,,,,,,509.0,509.0,,,0.0,,,0.0
2025-10-19 16:00:00,,,,,,,1533.0,1533.0,,,0.0,,,0.0
2025-10-19 17:00:00,,,,,,,1533.0,1533.0,,,0.0,,,0.0
2025-10-19 18:00:00,,,,,,,1533.0,1533.0,,,0.0,,,0.0
2025-10-19 19:00:00,,,,,,,1533.0,1533.0,,,0.0,,,0.0
2025-10-19 20:00:00,,,,,,,1529.0,1529.0,,,0.0,,,0.0
2025-10-19 21:00:00,,,,,,,1273.0,1273.0,,,0.0,,,0.0
2025-10-19 22:00:00,,,,,,,1533.0,1533.0,,,0.0,,,0.0
2025-10-19 23:00:00,,,,,,,1533.0,1533.0,,,0.0,,,0.0
2025-10-20 00:00:00,,,,,,,1533.0,1533.0,,,0.0,,,0.0
2025-10-20 01:00:00,,,,,,,1273.0,1273.0,,,0.0,,,0.0
2025-10-20 02:00:00,,,,,,,1273.0,1273.0,,,0.0,,,0.0
2025-10-20 03:00:00,,,,,,,1273.0,1273.0,,,0.0,,,0.0
2025-10-20 04:00:00,,,,,,,1273.0,1273.0,,,0.0,,,0.0
2025-10-20 05:00:00,,,,,,,1273.0,1273.0,,,0.0,,,0.0
2025-10-20 06:00:00,,,,,,,1529.0,1529.0,,,0.0,,,0.0
2025-10-20 07:00:00,,,,,,,1533.0,1533.0,,,0.0,,,0.0
2025-10-20 08:00:00,,,,,,,509.0,509.0,,,0.0,,,0.0
2025-10-20 09:00:00,,,,,,,509.0,509.0,0.339,0.0672,3.0,1.3097999,0.0704,3.0
2025-10-20 10:00:00,,,,,,,509.0,509.0,,,0.0,,,0.0
2025-10-20 11:00:00,,,,,,,509.0,509.0,,,0.0,,,0.0
2025-10-20 12:00:00,,,,,,,509.0,509.0,,,0.0,,,0.0
2025-10-20 13:00:00,,,,,,,509.0,509.0,,,0.0,,,0.0
2025-10-20 14:00:00,,,,,,,509.0,509.0,,,0.0,,,0.0
2025-10-20 15:00:00,,,,,,,509.0,509.0,,,0.0,,,0.0
2025-10-20 16:00:00,,,,,,,1529.0,1529.0,,,0.0,,,0.0
2025-10-20 17:00:00,,,,,,,1533.0,1533.0,,,0.0,,,0.0
2025-10-20 18:00:00,,,,,,,1273.0,1273.0,,,0.0,,,0.0
2025-10-20 19:00:00,,,,,,,1273.0,1273.0,,,0.0,,,0.0
2025-10-20 20:00:00,,,,,,,1533.0,1533.0,,,0.0,,,0.0
2025-10-20 21:00:00,,,,,,,1533.0,1533.0,,,0.0,,,0.0
2025-10-20 22:00:00,,,,,,,1533.0,1533.0,,,0.0,,,0.0
2025-10-20 23:00:00,,,,,,,1529.0,1529.0,,,0.0,,,0.0
2025-10-21 00:00:00,,,,,,,1533.0,1533.0,,,0.0,,,0.0
2025-10-21 01:00:00,,,,,,,1273.0,1273.0,,,0.0,,,0.0
2025-10-21 02:00:00,,,,,,,1273.0,1273.0,,,0.0,,,0.0
2025-10-21 03:00:00,,,,,,,1273.0,1273.0,,,0.0,,,0.0
2025-10-21 04:00:00,,,,,,,1273.0,1273.0,,,0.0,,,0.0
2025-10-21 05:00:00,,,,,,,1273.0,1273.0,,,0.0,,,0.0
2025-10-21 06:00:00,,,,,,,1273.0,1273.0,,,0.0,,,0.0
2025-10-21 07:00:00,,,,,,,1533.0,1533.0,,,0.0,,,0.0
2025-10-21 08:00:00,,,,,,,2553.0,2552.0,0.3744,0.1074,4.0,0.9850999,0.102099955,4.0
2025-10-21 09:00:00,,,,,,,509.0,509.0,0.17979999,0.033,4.0,1.1395999,0.061399996,4.0
2025-10-21 10:00:00,,,,,,,509.0,509.0,,,0.0,,,0.0
2025-10-21 11:00:00,,,,,,,509.0,509.0,,,0.0,,,0.0
2025-10-21 12:00:00,,,,,,,505.0,505.0,,,0.0,,,0.0
2025-10-21 13:00:00,,,,,,,509.0,509.0,,,0.0,,,0.0
2025-10-21 14:00:00,,,,,,,509.0,509.0,,,0.0,,,0.0
2025-10-21 15:00:00,,,,,,,509.0,509.0,,,0.0,,,0.0
2025-10-21 16:00:00,,,,,,,1533.0,1533.0,,,0.0,,,0.0
2025-10-21 17:00:00,,,,,,,1533.0,1533.0,,,0.0,,,0.0
2025-10-21 18:00:00,,,,,,,1533.0,1533.0,,,0.0,,,0.0
2025-10-21 19:00:00,,,,,,,1533.0,1533.0,,,0.0,,,0.0
2025-10-21 20:00:00,,,,,,,1533.0,1533.0,,,0.0,,,0.0
2025-10-21 21:00:00,,,,,,,1533.0,1533.0,,,0.0,,,0.0
2025-10-21 22:00:00,,,,,,,1529.0,1529.0,,,0.0,,,0.0
2025-10-21 23:00:00,,,,,,,1273.0,1273.0,,,0.0,,,0.0
2025-10-22 00:00:00,,,,,,,1529.0,1529.0,,,0.0,,,0.0
2025-10-22 01:00:00,,,,,,,1529.0,1529.0,,,0.0,,,0.0
2025-10-22 02:00:00,,,,,,,1533.0,1533.0,,,0.0,,,0.0
2025-10-22 03:00:00,,,,,,,1533.0,1533.0,,,0.0,,,0.0
2025-10-22 04:00:00,,,,,,,1533.0,1533.0,,,0.0,,,0.0
2025-10-22 05:00:00,,,,,,,1533.0,1533.0,,,0.0,,,0.0
2025-10-22 06:00:00,,,,,,,1533.0,1533.0,,,0.0,,,0.0
2025-10-22 07:00:00,,,,,,,1533.0,1533.0,,,0.0,,,0.0
2025-10-22 08:00:00,,,,,,,509.0,509.0,,,0.0,,,0.0
2025-10-22 09:00:00,,,,,,,509.0,509.0,,,0.0,,,0.0
2025-10-22 10:00:00,,,,,,,509.0,509.0,,,0.0,,,0.0
2025-10-22 11:00:00,,,,,,,509.0,509.0,,,0.0,,,0.0
2025-10-22 12:00:00,,,,,,,509.0,509.0,,,0.0,,,0.0
2025-10-22 13:00:00,,,,,,,509.0,509.0,,,0.0,,,0.0
2025-10-22 14:00:00,,,,,,,509.0,509.0,,,0.0,,,0.0
2025-10-22 15:00:00,,,,,,,509.0,509.0,,,0.0,,,0.0
2025-10-22 16:00:00,,,,,,,1533.0,1533.0,,,0.0,,,0.0
2025-10-22 17:00:00,,,,,,,1533.0,1533.0,,,0.0,,,0.0
2025-10-22 18:00:00,,,,,,,1533.0,1533.0,,,0.0,,,0.0
2025-10-22 19:00:00,,,,,,,1533.0,1533.0,,,0.0,,,0.0
2025-10-22 20:00:00,,,,,,,1533.0,1533.0,,,0.0,,,0.0
2025-10-22 21:00:00,,,,,,,1533.0,1533.0,,,0.0,,,0.0
2025-10-22 22:00:00,,,,,,,1533.0,1533.0,,,0.0,,,0.0
2025-10-22 23:00:00,,,,,,,1533.0,1533.0,,,0.0,,,0.0
2025-10-23 00:00:00,,,,,,,1529.0,1529.0,,,0.0,,,0.0
2025-10-23 01:00:00,,,,,,,1529.0,1529.0,,,0.0,,,0.0
2025-10-23 02:00:00,,,,,,,1529.0,1529.0,,,0.0,,,0.0
2025-10-23 03:00:00,,,,,,,1529.0,1529.0,,,0.0,,,0.0
2025-10-23 04:00:00,,,,,,,1529.0,1529.0,,,0.0,,,0.0
2025-10-23 05:00:00,,,,,,,1533.0,1533.0,,,0.0,,,0.0
2025-10-23 06:00:00,,,,,,,1273.0,1273.0,,,0.0,,,0.0
2025-10-23 07:00:00,,,,,,,1533.0,1533.0,,,0.0,,,0.0
2025-10-23 08:00:00,,,,,,,509.0,509.0,,,0.0,,,0.0
2025-10-23 09:00:00,,,,,,,509.0,509.0,,,0.0,,,0.0
2025-10-23 10:00:00,,,,,,,509.0,509.0,,,0.0,,,0.0
2025-10-23 11:00:00,,,,,,,509.0,509.0,,,0.0,,,0.0
2025-10-23 12:00:00,,,,,,,509.0,509.0,,,0.0,,,0.0
2025-10-23 13:00:00,,,,,,,509.0,509.0,,,0.0,,,0.0
2025-10-23 14:00:00,,,,,,,509.0,509.0,,,0.0,,,0.0
2025-10-23 15:00:00,,,,,,,509.0,509.0,,,0.0,,,0.0
2025-10-23 16:00:00,,,,,,,1533.0,1533.0,,,0.0,,,0.0
2025-10-23 17:00:00,,,,,,,1273.0,1273.0,,,0.0,,,0.0
2025-10-23 18:00:00,,,,,,,1529.0,1529.0,,,0.0,,,0.0
2025-10-23 19:00:00,,,,,,,1533.0,1533.0,,,0.0,,,0.0
2025-10-23 20:00:00,,,,,,,1529.0,1529.0,,,0.0,,,0.0
2025-10-23 21:00:00,,,,,,,1273.0,1273.0,,,0.0,,,0.0
2025-10-23 22:00:00,,,,,,,1529.0,1529.0,,,0.0,,,0.0
2025-10-23 23:00:00,,,,,,,1533.0,1533.0,,,0.0,,,0.0
2025-10-24 00:00:00,,,,,,,1273.0,1273.0,,,0.0,,,0.0
2025-10-24 01:00:00,,,,,,,1529.0,1529.0,,,0.0,,,0.0
2025-10-24 02:00:00,,,,,,,1529.0,1529.0,,,0.0,,,0.0
2025-10-24 03:00:00,,,,,,,1533.0,1533.0,,,0.0,,,0.0
2025-10-24 04:00:00,,,,,,,1533.0,1533.0,,,0.0,,,0.0
2025-10-24 05:00:00,,,,,,,1529.0,1529.0,,,0.0,,,0.0
2025-10-24 06:00:00,,,,,,,1533.0,1533.0,,,0.0,,,0.0
2025-10-24 07:00:00,,,,,,,1533.0,1533.0,,,0.0,,,0.0
2025-10-24 08:00:00,,,,,,,509.0,509.0,,,0.0,,,0.0
2025-10-24 09:00:00,,,,,,,509.0,509.0,,,0.0,,,0.0
2025-10-24 10:00:00,,,,,,,509.0,509.0,,,0.0,,,0.0
2025-10-24 11:00:00,,,,,,,509.0,509.0,,,0.0,,,0.0
2025-10-24 12:00:00,,,,,,,509.0,509.0,,,0.0,,,0.0
2025-10-24 13:00:00,,,,,,,509.0,509.0,,,0.0,,,0.0
2025-10-24 14:00:00,,,,,,,509.0,509.0,,,0.0,,,0.0
2025-10-24 15:00:00,,,,,,,509.0,509.0,,,0.0,,,0.0
2025-10-24 16:00:00,,,,,,,1533.0,1533.0,,,0.0,,,0.0
2025-10-24 17:00:00,,,,,,,1533.0,1533.0,,,0.0,,,0.0
2025-10-24 18:00:00,,,,,,,1273.0,1273.0,,,0.0,,,0.0
2025-10-24 19:00:00,,,,,,,1273.0,1273.0,,,0.0,,,0.0
2025-10-24 20:00:00,,,,,,,1533.0,1533.0,,,0.0,,,0.0
2025-10-24 21:00:00,,,,,,,1533.0,1533.0,,,0.0,,,0.0
2025-10-24 22:00:00,,,,,,,1273.0,1273.0,,,0.0,,,0.0
2025-10-24 23:00:00,,,,,,,1533.0,1533.0,,,0.0,,,0.0
2025-10-25 00:00:00,,,,,,,1529.0,1529.0,,,0.0,,,0.0
2025-10-25 01:00:00,,,,,,,1273.0,1273.0,,,0.0,,,0.0
2025-10-25 02:00:00,,,,,,,1273.0,1273.0,,,0.0,,,0.0
2025-10-25 03:00:00,,,,,,,1273.0,1273.0,,,0.0,,,0.0
2025-10-25 04:00:00,,,,,,,1273.0,1273.0,,,0.0,,,0.0
2025-10-25 05:00:00,,,,,,,1273.0,1273.0,,,0.0,,,0.0
2025-10-25 06:00:00,,,,,,,1273.0,1273.0,,,0.0,,,0.0
2025-10-25 07:00:00,,,,,,,1533.0,1533.0,,,0.0,,,0.0
2025-10-25 08:00:00,,,,,,,509.0,509.0,,,0.0,,,0.0
2025-10-25 09:00:00,,,,,,,509.0,509.0,,,0.0,,,0.0
2025-10-25 10:00:00,,,,,,,509.0,509.0,,,0.0,,,0.0
2025-10-25 11:00:00,,,,,,,509.0,509.0,,,0.0,,,0.0
2025-10-25 12:00:00,,,,,,,509.0,509.0,,,0.0,,,0.0
2025-10-25 13:00:00,,,,,,,509.0,509.0,,,0.0,,,0.0
2025-10-25 14:00:00,,,,,,,509.0,509.0,,,0.0,,,0.0
2025-10-25 15:00:00,,,,,,,509.0,509.0,,,0.0,,,0.0
2025-10-25 16:00:00,,,,,,,1533.0,1533.0,,,0.0,,,0.0
2025-10-25 17:00:00,,,,,,,1273.0,1273.0,,,0.0,,,0.0
2025-10-25 18:00:00,,,,,,,1273.0,1273.0,,,0.0,,,0.0
2025-10-25 19:00:00,,,,,,,1529.0,1529.0,,,0.0,,,0.0
2025-10-25 20:00:00,,,,,,,1533.0,1533.0,,,0.0,,,0.0
2025-10-25 21:00:00,,,,,,,1273.0,1273.0,,,0.0,,,0.0
2025-10-25 22:00:00,,,,,,,1529.0,1529.0,,,0.0,,,0.0
2025-10-25 23:00:00,,,,,,,1273.0,1273.0,,,0.0,,,0.0
2025-10-26 00:00:00,,,,,,,1529.0,1529.0,,,0.0,,,0.0
2025-10-26 01:00:00,,,,,,,1273.0,1273.0,,,0.0,,,0.0
2025-10-26 02:00:00,,,,,,,1529.0,1529.0,,,0.0,,,0.0
2025-10-26 03:00:00,,,,,,,1533.0,1533.0,,,0.0,,,0.0
2025-10-26 04:00:00,,,,,,,1533.0,1533.0,,,0.0,,,0.0
2025-10-26 05:00:00,,,,,,,1529.0,1529.0,,,0.0,,,0.0
2025-10-26 06:00:00,,,,,,,1533.0,1533.0,,,0.0,,,0.0
2025-10-26 07:00:00,,,,,,,1533.0,1533.0,,,0.0,,,0.0
2025-10-26 08:00:00,,,,,,,509.0,509.0,,,0.0,,,0.0
2025-10-26 09:00:00,,,,,,,509.0,509.0,,,0.0,,,0.0
2025-10-26 10:00:00,,,,,,,509.0,509.0,,,0.0,,,0.0
2025-10-26 11:00:00,,,,,,,509.0,509.0,1.9346,0.0084,3.0,0.6357,0.043599963,3.0
2025-10-26 12:00:00,,,,,,,509.0,509.0,,,0.0,,,0.0
2025-10-26 13:00:00,,,,,,,509.0,509.0,,,0.0,,,0.0
2025-10-26 14:00:00,,,,,,,509.0,509.0,,,0.0,,,0.0
2025-10-26 15:00:00,,,,,,,509.0,509.0,,,0.0,,,0.0
2025-10-26 16:00:00,,,,,,,1533.0,1533.0,,,0.0,,,0.0
2025-10-26 17:00:00,,,,,,,1273.0,1273.0,,,0.0,,,0.0
2025-10-26 18:00:00,,,,,,,1273.0,1273.0,,,0.0,,,0.0
2025-10-26 19:00:00,,,,,,,1273.0,1273.0,,,0.0,,,0.0
2025-10-26 20:00:00,,,,,,,1273.0,1273.0,,,0.0,,,0.0
2025-10-26 21:00:00,,,,,,,1273.0,1273.0,,,0.0,,,0.0
2025-10-26 22:00:00,,,,,,,1273.0,1273.0,,,0.0,,,0.0
2025-10-26 23:00:00,,,,,,,1273.0,1273.0,,,0.0,,,0.0
2025-10-27 00:00:00,,,,,,,1273.0,1273.0,,,0.0,,,0.0
2025-10-27 01:00:00,,,,,,,1529.0,1529.0,,,0.0,,,0.0
2025-10-27 02:00:00,,,,,,,1529.0,1529.0,,,0.0,,,0.0
2025-10-27 03:00:00,,,,,,,1533.0,1533.0,,,0.0,,,0.0
2025-10-27 04:00:00,,,,,,,1273.0,1273.0,,,0.0,,,0.0
2025-10-27 05:00:00,,,,,,,1533.0,1533.0,,,0.0,,,0.0
2025-10-27 06:00:00,,,,,,,1533.0,1533.0,,,0.0,,,0.0
2025-10-27 07:00:00,,,,,,,1533.0,1533.0,,,0.0,,,0.0
2025-10-27 08:00:00,,,,,,,509.0,509.0,,,0.0,,,0.0
2025-10-27 09:00:00,,,,,,,509.0,509.0,,,0.0,,,0.0
2025-10-27 10:00:00,,,,,,,509.0,509.0,,,0.0,,,0.0
2025-10-27 11:00:00,,,,,,,509.0,509.0,,,0.0,,,0.0
2025-10-27 12:00:00,,,,,,,509.0,509.0,,,0.0,,,0.0
2025-10-27 13:00:00,,,,,,,509.0,509.0,,,0.0,,,0.0
2025-10-27 14:00:00,,,,,,,509.0,509.0,,,0.0,,,0.0
2025-10-27 15:00:00,,,,,,,509.0,509.0,,,0.0,,,0.0
2025-10-27 16:00:00,,,,,,,1533.0,1533.0,,,0.0,,,0.0
2025-10-27 17:00:00,,,,,,,1529.0,1529.0,,,0.0,,,0.0
2025-10-27 18:00:00,,,,,,,1273.0,1273.0,,,0.0,,,0.0
2025-10-27 19:00:00,,,,,,,1273.0,1273.0,,,0.0,,,0.0
2025-10-27 20:00:00,,,,,,,1273.0,1273.0,,,0.0,,,0.0
2025-10-27 21:00:00,,,,,,,1273.0,1273.0,,,0.0,,,0.0
2025-10-27 22:00:00,,,,,,,1273.0,1273.0,,,0.0,,,0.0
2025-10-27 23:00:00,,,,,,,1529.0,1529.0,,,0.0,,,0.0
2025-10-28 00:00:00,,,,,,,1273.0,1273.0,,,0.0,,,0.0
2025-10-28 01:00:00,,,,,,,1529.0,1529.0,,,0.0,,,0.0
2025-10-28 02:00:00,,,,,,,1533.0,1533.0,,,0.0,,,0.0
2025-10-28 03:00:00,,,,,,,1529.0,1529.0,,,0.0,,,0.0
2025-10-28 04:00:00,,,,,,,1273.0,1273.0,,,0.0,,,0.0
2025-10-28 05:00:00,,,,,,,1529.0,1529.0,,,0.0,,,0.0
2025-10-28 06:00:00,,,,,,,1529.0,1529.0,,,0.0,,,0.0
2025-10-28 07:00:00,,,,,,,1533.0,1533.0,,,0.0,,,0.0
2025-10-28 08:00:00,,,,,,,509.0,509.0,,,0.0,,,0.0
2025-10-28 09:00:00,,,,,,,509.0,509.0,1.548,0.0,1.0,1.1768,0.0,1.0
2025-10-28 10:00:00,,,,,,,509.0,509.0,,,0.0,,,0.0
2025-10-28 11:00:00,,,,,,,509.0,509.0,,,0.0,,,0.0
2025-10-28 12:00:00,,,,,,,509.0,509.0,,,0.0,,,0.0
2025-10-28 13:00:00,,,,,,,509.0,509.0,,,0.0,,,0.0
2025-10-28 14:00:00,,,,,,,509.0,509.0,,,0.0,,,0.0
2025-10-28 15:00:00,,,,,,,505.0,505.0,,,0.0,,,0.0
2025-10-28 16:00:00,,,,,,,1533.0,1533.0,,,0.0,,,0.0
2025-10-28 17:00:00,,,,,,,1529.0,1529.0,,,0.0,,,0.0
2025-10-28 18:00:00,,,,,,,1533.0,1533.0,,,0.0,,,0.0
2025-10-28 19:00:00,,,,,,,1273.0,1273.0,,,0.0,,,0.0
2025-10-28 20:00:00,,,,,,,1533.0,1533.0,,,0.0,,,0.0
2025-10-28 21:00:00,,,,,,,1529.0,1529.0,,,0.0,,,0.0
2025-10-28 22:00:00,,,,,,,1533.0,1533.0,,,0.0,,,0.0
2025-10-28 23:00:00,,,,,,,1529.0,1529.0,,,0.0,,,0.0
2025-10-29 00:00:00,,,,,,,1273.0,1273.0,,,0.0,,,0.0
2025-10-29 01:00:00,,,,,,,1273.0,1273.0,,,0.0,,,0.0
2025-10-29 02:00:00,,,,,,,1273.0,1273.0,,,0.0,,,0.0
2025-10-29 03:00:00,,,,,,,1533.0,1533.0,,,0.0,,,0.0
2025-10-29 04:00:00,,,,,,,1273.0,1273.0,,,0.0,,,0.0
2025-10-29 05:00:00,,,,,,,1529.0,1529.0,,,0.0,,,0.0
2025-10-29 06:00:00,,,,,,,1529.0,1529.0,,,0.0,,,0.0
2025-10-29 07:00:00,,,,,,,1533.0,1533.0,,,0.0,,,0.0
2025-10-29 08:00:00,,,,,,,509.0,509.0,,,0.0,,,0.0
2025-10-29 09:00:00,,,,,,,509.0,509.0,,,0.0,,,0.0
2025-10-29 10:00:00,,,,,,,509.0,509.0,,,0.0,,,0.0
2025-10-29 11:00:00,,,,,,,509.0,509.0,,,0.0,,,0.0
2025-10-29 12:00:00,,,,,,,509.0,509.0,,,0.0,,,0.0
2025-10-29 13:00:00,,,,,,,505.0,505.0,,,0.0,,,0.0
2025-10-29 14:00:00,,,,,,,509.0,509.0,,,0.0,,,0.0
2025-10-29 15:00:00,,,,,,,509.0,509.0,,,0.0,,,0.0
2025-10-29 16:00:00,,,,,,,1533.0,1533.0,,,0.0,,,0.0
2025-10-29 17:00:00,,,,,,,1273.0,1273.0,,,0.0,,,0.0
2025-10-29 18:00:00,,,,,,,1273.0,1273.0,,,0.0,,,0.0
2025-10-29 19:00:00,,,,,,,1273.0,1273.0,,,0.0,,,0.0
2025-10-29 20:00:00,,,,,,,1529.0,1529.0,,,0.0,,,0.0
2025-10-29 21:00:00,,,,,,,1529.0,1529.0,,,0.0,,,0.0
2025-10-29 22:00:00,,,,,,,1273.0,1273.0,,,0.0,,,0.0
2025-10-29 23:00:00,,,,,,,1273.0,1273.0,,,0.0,,,0.0
2025-10-30 00:00:00,,,,,,,1529.0,1529.0,,,0.0,,,0.0
2025-10-30 01:00:00,,,,,,,1273.0,1273.0,,,0.0,,,0.0
2025-10-30 02:00:00,,,,,,,1273.0,1273.0,,,0.0,,,0.0
2025-10-30 03:00:00,,,,,,,1273.0,1273.0,,,0.0,,,0.0
2025-10-30 04:00:00,,,,,,,1533.0,1533.0,,,0.0,,,0.0
2025-10-30 05:00:00,,,,,,,1273.0,1273.0,,,0.0,,,0.0
2025-10-30 06:00:00,,,,,,,1273.0,1273.0,,,0.0,,,0.0
2025-10-30 07:00:00,,,,,,,1533.0,1533.0,,,0.0,,,0.0
2025-10-30 08:00:00,,,,,,,509.0,509.0,,,0.0,,,0.0
2025-10-30 09:00:00,,,,,,,509.0,509.0,,,0.0,,,0.0
2025-10-30 10:00:00,,,,,,,509.0,509.0,,,0.0,,,0.0
2025-10-30 11:00:00,,,,,,,509.0,509.0,,,0.0,,,0.0
2025-10-30 12:00:00,,,,,,,509.0,509.0,,,0.0,,,0.0
2025-10-30 13:00:00,,,,,,,509.0,509.0,,,0.0,,,0.0
2025-10-30 14:00:00,,,,,,,509.0,509.0,,,0.0,,,0.0
2025-10-30 15:00:00,,,,,,,509.0,509.0,,,0.0,,,0.0
2025-10-30 16:00:00,,,,,,,1533.0,1533.0,,,0.0,,,0.0
2025-10-30 17:00:00,,,,,,,1273.0,1273.0,,,0.0,,,0.0
2025-10-30 18:00:00,,,,,,,1533.0,1533.0,,,0.0,,,0.0
2025-10-30 19:00:00,,,,,,,1533.0,1533.0,,,0.0,,,0.0
2025-10-30 20:00:00,,,,,,,1533.0,1533.0,,,0.0,,,0.0
2025-10-30 21:00:00,,,,,,,1529.0,1529.0,,,0.0,,,0.0
2025-10-30 22:00:00,,,,,,,1533.0,1533.0,,,0.0,,,0.0
2025-10-30 23:00:00,,,,,,,1529.0,1529.0,,,0.0,,,0.0
2025-10-31 00:00:00,,,,,,,1529.0,1529.0,,,0.0,,,0.0
2025-10-31 01:00:00,,,,,,,1533.0,1533.0,,,0.0,,,0.0
2025-10-31 02:00:00,,,,,,,1533.0,1533.0,,,0.0,,,0.0
2025-10-31 03:00:00,,,,,,,1529.0,1529.0,,,0.0,,,0.0
2025-10-31 04:00:00,,,,,,,1529.0,1529.0,,,0.0,,,0.0
2025-10-31 05:00:00,,,,,,,1529.0,1529.0,,,0.0,,,0.0
2025-10-31 06:00:00,,,,,,,1533.0,1533.0,,,0.0,,,0.0
2025-10-31 07:00:00,,,,,,,1533.0,1533.0,,,0.0,,,0.0
2025-10-31 08:00:00,,,,,,,509.0,509.0,,,0.0,,,0.0
2025-10-31 09:00:00,,,,,,,509.0,509.0,,,0.0,,,0.0
2025-10-31 10:00:00,,,,,,,509.0,509.0,,,0.0,,,0.0
2025-10-31 11:00:00,,,,,,,509.0,509.0,,,0.0,,,0.0
2025-10-31 12:00:00,,,,,,,509.0,509.0,,,0.0,,,0.0
2025-10-31 13:00:00,,,,,,,509.0,509.0,,,0.0,,,0.0
2025-10-31 14:00:00,,,,,,,509.0,509.0,,,0.0,,,0.0
2025-10-31 15:00:00,,,,,,,509.0,509.0,,,0.0,,,0.0
2025-10-31 16:00:00,,,,,,,1533.0,1533.0,,,0.0,,,0.0
2025-10-31 17:00:00,,,,,,,1533.0,1533.0,,,0.0,,,0.0
2025-10-31 18:00:00,,,,,,,1273.0,1273.0,,,0.0,,,0.0
2025-10-31 19:00:00,,,,,,,1529.0,1529.0,,,0.0,,,0.0
2025-10-31 20:00:00,,,,,,,1273.0,1273.0,,,0.0,,,0.0
2025-10-31 21:00:00,,,,,,,1529.0,1529.0,,,0.0,,,0.0
2025-10-31 22:00:00,,,,,,,1273.0,1273.0,,,0.0,,,0.0
2025-10-31 23:00:00,,,,,,,1273.0,1273.0,,,0.0,,,0.0
2025-11-01 00:00:00,,,,,,,1273.0,1273.0,,,0.0,,,0.0
2025-11-01 01:00:00,,,,,,,1533.0,1533.0,,,0.0,,,0.0
2025-11-01 02:00:00,,,,,,,1529.0,1529.0,,,0.0,,,0.0
2025-11-01 03:00:00,,,,,,,1533.0,1533.0,,,0.0,,,0.0
2025-11-01 04:00:00,,,,,,,1529.0,1529.0,,,0.0,,,0.0
2025-11-01 05:00:00,,,,,,,1533.0,1533.0,,,0.0,,,0.0
2025-11-01 06:00:00,,,,,,,1533.0,1533.0,,,0.0,,,0.0
2025-11-01 07:00:00,,,,,,,1533.0,1533.0,,,0.0,,,0.0
2025-11-01 08:00:00,,,,,,,509.0,509.0,,,0.0,,,0.0
2025-11-01 09:00:00,,,,,,,509.0,509.0,,,0.0,,,0.0
2025-11-01 10:00:00,,,,,,,509.0,509.0,,,0.0,,,0.0
2025-11-01 11:00:00,,,,,,,509.0,509.0,,,0.0,,,0.0
2025-11-01 12:00:00,,,,,,,509.0,509.0,,,0.0,,,0.0
2025-11-01 13:00:00,,,,,,,509.0,509.0,,,0.0,,,0.0
2025-11-01 14:00:00,,,,,,,509.0,509.0,,,0.0,,,0.0
2025-11-01 15:00:00,,,,,,,509.0,509.0,,,0.0,,,0.0
2025-11-01 16:00:00,,,,,,,1533.0,1533.0,,,0.0,,,0.0
2025-11-01 17:00:00,,,,,,,1273.0,1273.0,,,0.0,,,0.0
2025-11-01 18:00:00,,,,,,,1273.0,1273.0,,,0.0,,,0.0
2025-11-01 19:00:00,,,,,,,1533.0,1533.0,,,0.0,,,0.0
2025-11-01 20:00:00,,,,,,,1533.0,1533.0,,,0.0,,,0.0
2025-11-01 21:00:00,,,,,,,1529.0,1529.0,,,0.0,,,0.0
2025-11-01 22:00:00,,,,,,,1533.0,1533.0,,,0.0,,,0.0
2025-11-01 23:00:00,,,,,,,1533.0,1533.0,,,0.0,,,0.0
2025-11-02 00:00:00,,,,,,,1533.0,1533.0,,,0.0,,,0.0
2025-11-02 01:00:00,,,,,,,1529.0,1529.0,,,0.0,,,0.0
2025-11-02 02:00:00,,,,,,,1533.0,1533.0,,,0.0,,,0.0
2025-11-02 03:00:00,,,,,,,1533.0,1533.0,,,0.0,,,0.0
2025-11-02 04:00:00,,,,,,,1529.0,1529.0,,,0.0,,,0.0
2025-11-02 05:00:00,,,,,,,1533.0,1533.0,,,0.0,,,0.0
2025-11-02 06:00:00,,,,,,,1529.0,1529.0,,,0.0,,,0.0
2025-11-02 07:00:00,,,,,,,1533.0,1533.0,,,0.0,,,0.0
2025-11-02 08:00:00,,,,,,,509.0,509.0,,,0.0,,,0.0
2025-11-02 09:00:00,,,,,,,509.0,509.0,,,0.0,,,0.0
2025-11-02 10:00:00,,,,,,,509.0,509.0,,,0.0,,,0.0
2025-11-02 11:00:00,,,,,,,509.0,509.0,,,0.0,,,0.0
2025-11-02 12:00:00,,,,,,,509.0,509.0,,,0.0,,,0.0
2025-11-02 13:00:00,,,,,,,509.0,509.0,,,0.0,,,0.0
2025-11-02 14:00:00,,,,,,,509.0,509.0,,,0.0,,,0.0
2025-11-02 15:00:00,,,,,,,509.0,509.0,,,0.0,,,0.0
2025-11-02 16:00:00,,,,,,,1533.0,1533.0,,,0.0,,,0.0
2025-11-02 17:00:00,,,,,,,1529.0,1529.0,,,0.0,,,0.0
2025-11-02 18:00:00,,,,,,,1529.0,1529.0,,,0.0,,,0.0
2025-11-02 19:00:00,,,,,,,1529.0,1529.0,,,0.0,,,0.0
2025-11-02 20:00:00,,,,,,,1273.0,1273.0,,,0.0,,,0.0
2025-11-02 21:00:00,,,,,,,1273.0,1273.0,,,0.0,,,0.0
2025-11-02 22:00:00,,,,,,,1273.0,1273.0,,,0.0,,,0.0
2025-11-02 23:00:00,,,,,,,1529.0,1529.0,,,0.0,,,0.0
2025-11-03 00:00:00,,,,,,,1273.0,1273.0,,,0.0,,,0.0
2025-11-03 01:00:00,,,,,,,1273.0,1273.0,,,0.0,,,0.0
2025-11-03 02:00:00,,,,,,,1273.0,1273.0,,,0.0,,,0.0
2025-11-03 03:00:00,,,,,,,1529.0,1529.0,,,0.0,,,0.0
2025-11-03 04:00:00,,,,,,,1529.0,1529.0,,,0.0,,,0.0
2025-11-03 05:00:00,,,,,,,1533.0,1533.0,,,0.0,,,0.0
2025-11-03 06:00:00,,,,,,,1529.0,1529.0,,,0.0,,,0.0
2025-11-03 07:00:00,,,,,,,1533.0,1533.0,,,0.0,,,0.0
2025-11-03 08:00:00,,,,,,,509.0,509.0,,,0.0,,,0.0
2025-11-03 09:00:00,,,,,,,509.0,509.0,,,0.0,,,0.0
2025-11-03 10:00:00,,,,,,,509.0,509.0,,,0.0,,,0.0
2025-11-03 11:00:00,,,,,,,509.0,509.0,,,0.0,,,0.0
2025-11-03 12:00:00,,,,,,,509.0,509.0,,,0.0,,,0.0
2025-11-03 13:00:00,,,,,,,509.0,509.0,,,0.0,,,0.0
2025-11-03 14:00:00,,,,,,,509.0,509.0,,,0.0,,,0.0
2025-11-03 15:00:00,,,,,,,509.0,509.0,,,0.0,,,0.0
2025-11-03 16:00:00,,,,,,,1533.0,1533.0,,,0.0,,,0.0
2025-11-03 17:00:00,,,,,,,1529.0,1529.0,,,0.0,,,0.0
2025-11-03 18:00:00,,,,,,,1533.0,1533.0,,,0.0,,,0.0
2025-11-03 19:00:00,,,,,,,1533.0,1533.0,,,0.0,,,0.0
2025-11-03 20:00:00,,,,,,,1533.0,1533.0,,,0.0,,,0.0
2025-11-03 21:00:00,,,,,,,1533.0,1533.0,,,0.0,,,0.0
2025-11-03 22:00:00,,,,,,,1533.0,1533.0,,,0.0,,,0.0
2025-11-03 23:00:00,,,,,,,1533.0,1533.0,,,0.0,,,0.0
2025-11-04 00:00:00,,,,,,,1529.0,1529.0,,,0.0,,,0.0
2025-11-04 01:00:00,,,,,,,1529.0,1529.0,,,0.0,,,0.0
2025-11-04 02:00:00,,,,,,,1529.0,1529.0,,,0.0,,,0.0
2025-11-04 03:00:00,,,,,,,1529.0,1529.0,,,0.0,,,0.0
2025-11-04 04:00:00,,,,,,,1533.0,1533.0,,,0.0,,,0.0
2025-11-04 05:00:00,,,,,,,1529.0,1529.0,,,0.0,,,0.0
2025-11-04 06:00:00,,,,,,,1529.0,1529.0,,,0.0,,,0.0
2025-11-04 07:00:00,,,,,,,1533.0,1533.0,,,0.0,,,0.0
2025-11-04 08:00:00,,,,,,,509.0,509.0,,,0.0,,,0.0
2025-11-04 09:00:00,,,,,,,509.0,509.0,,,0.0,,,0.0
2025-11-04 10:00:00,,,,,,,509.0,509.0,,,0.0,,,0.0
2025-11-04 11:00:00,,,,,,,509.0,509.0,,,0.0,,,0.0
2025-11-04 12:00:00,,,,,,,509.0,509.0,,,0.0,,,0.0
2025-11-04 13:00:00,,,,,,,509.0,509.0,,,0.0,,,0.0
2025-11-04 14:00:00,,,,,,,509.0,509.0,,,0.0,,,0.0
2025-11-04 15:00:00,,,,,,,509.0,509.0,,,0.0,,,0.0
2025-11-04 16:00:00,,,,,,,1533.0,1533.0,,,0.0,,,0.0
2025-11-04 17:00:00,,,,,,,1273.0,1273.0,,,0.0,,,0.0
2025-11-04 18:00:00,,,,,,,1273.0,1273.0,,,0.0,,,0.0
2025-11-04 19:00:00,,,,,,,1273.0,1273.0,,,0.0,,,0.0
2025-11-04 20:00:00,,,,,,,1273.0,1273.0,,,0.0,,,0.0
2025-11-04 21:00:00,,,,,,,1273.0,1273.0,,,0.0,,,0.0
2025-11-04 22:00:00,,,,,,,1273.0,1273.0,,,0.0,,,0.0
2025-11-04 23:00:00,,,,,,,1529.0,1529.0,,,0.0,,,0.0
2025-11-05 00:00:00,,,,,,,1529.0,1529.0,,,0.0,,,0.0
2025-11-05 01:00:00,,,,,,,1529.0,1529.0,,,0.0,,,0.0
2025-11-05 02:00:00,,,,,,,1533.0,1533.0,,,0.0,,,0.0
2025-11-05 03:00:00,,,,,,,1273.0,1273.0,,,0.0,,,0.0
2025-11-05 04:00:00,,,,,,,1529.0,1529.0,,,0.0,,,0.0
2025-11-05 05:00:00,,,,,,,1533.0,1533.0,,,0.0,,,0.0
2025-11-05 06:00:00,,,,,,,1533.0,1533.0,,,0.0,,,0.0
2025-11-05 07:00:00,,,,,,,1533.0,1533.0,,,0.0,,,0.0
2025-11-05 08:00:00,,,,,,,509.0,509.0,,,0.0,,,0.0
2025-11-05 09:00:00,,,,,,,509.0,509.0,,,0.0,,,0.0
2025-11-05 10:00:00,,,,,,,509.0,509.0,,,0.0,,,0.0
2025-11-05 11:00:00,,,,,,,509.0,509.0,,,0.0,,,0.0
2025-11-05 12:00:00,,,,,,,509.0,509.0,,,0.0,,,0.0
2025-11-05 13:00:00,,,,,,,509.0,509.0,,,0.0,,,0.0
2025-11-05 14:00:00,,,,,,,509.0,509.0,,,0.0,,,0.0
2025-11-05 15:00:00,,,,,,,509.0,509.0,,,0.0,,,0.0
2025-11-05 16:00:00,,,,,,,1533.0,1533.0,,,0.0,,,0.0
2025-11-05 17:00:00,,,,,,,1273.0,1273.0,,,0.0,,,0.0
2025-11-05 18:00:00,,,,,,,1529.0,1529.0,,,0.0,,,0.0
2025-11-05 19:00:00,,,,,,,1273.0,1273.0,,,0.0,,,0.0
2025-11-05 20:00:00,,,,,,,1273.0,1273.0,,,0.0,,,0.0
2025-11-05 21:00:00,,,,,,,1533.0,1533.0,,,0.0,,,0.0
2025-11-05 22:00:00,,,,,,,1533.0,1533.0,,,0.0,,,0.0
2025-11-05 23:00:00,,,,,,,1273.0,1273.0,,,0.0,,,0.0
2025-11-06 00:00:00,,,,,,,1273.0,1273.0,,,0.0,,,0.0
2025-11-06 01:00:00,,,,,,,1273.0,1273.0,,,0.0,,,0.0
2025-11-06 02:00:00,,,,,,,1273.0,1273.0,,,0.0,,,0.0
2025-11-06 03:00:00,,,,,,,1273.0,1273.0,,,0.0,,,0.0
2025-11-06 04:00:00,,,,,,,1529.0,1529.0,,,0.0,,,0.0
2025-11-06 05:00:00,,,,,,,1529.0,1529.0,,,0.0,,,0.0
2025-11-06 06:00:00,,,,,,,1273.0,1273.0,,,0.0,,,0.0
2025-11-06 07:00:00,,,,,,,1273.0,1273.0,,,0.0,,,0.0
2025-11-06 08:00:00,,,,,,,2297.0,2296.0,0.2192,0.020399999,3.0,1.1243999,0.029500008,3.0
2025-11-06 09:00:00,,,,,,,509.0,509.0,,,0.0,,,0.0
2025-11-06 10:00:00,,,,,,,509.0,509.0,,,0.0,,,0.0
2025-11-06 11:00:00,,,,,,,509.0,509.0,,,0.0,,,0.0
2025-11-06 12:00:00,,,,,,,509.0,509.0,,,0.0,,,0.0
2025-11-06 13:00:00,,,,,,,509.0,509.0,,,0.0,,,0.0
2025-11-06 14:00:00,,,,,,,509.0,509.0,,,0.0,,,0.0
2025-11-06 15:00:00,,,,,,,509.0,509.0,,,0.0,,,0.0
2025-11-06 16:00:00,,,,,,,1533.0,1533.0,,,0.0,,,0.0
2025-11-06 17:00:00,,,,,,,1273.0,1273.0,,,0.0,,,0.0
2025-11-06 18:00:00,,,,,,,1273.0,1273.0,,,0.0,,,0.0
2025-11-06 19:00:00,,,,,,,1273.0,1273.0,,,0.0,,,0.0
2025-11-06 20:00:00,,,,,,,1273.0,1273.0,,,0.0,,,0.0
2025-11-06 21:00:00,,,,,,,1533.0,1533.0,,,0.0,,,0.0
2025-11-06 22:00:00,,,,,,,1273.0,1273.0,,,0.0,,,0.0
2025-11-06 23:00:00,,,,,,,1273.0,1273.0,,,0.0,,,0.0
2025-11-07 00:00:00,,,,,,,1273.0,1273.0,,,0.0,,,0.0
2025-11-07 01:00:00,,,,,,,1273.0,1273.0,,,0.0,,,0.0
2025-11-07 02:00:00,,,,,,,1273.0,1273.0,,,0.0,,,0.0
2025-11-07 03:00:00,,,,,,,1533.0,1533.0,,,0.0,,,0.0
2025-11-07 04:00:00,,,,,,,1529.0,1529.0,,,0.0,,,0.0
2025-11-07 05:00:00,,,,,,,1529.0,1529.0,,,0.0,,,0.0
2025-11-07 06:00:00,,,,,,,1533.0,1533.0,,,0.0,,,0.0
2025-11-07 07:00:00,,,,,,,1533.0,1533.0,,,0.0,,,0.0
2025-11-07 08:00:00,,,,,,,509.0,509.0,,,0.0,,,0.0
2025-11-07 09:00:00,,,,,,,509.0,509.0,,,0.0,,,0.0
2025-11-07 10:00:00,,,,,,,509.0,509.0,,,0.0,,,0.0
2025-11-07 11:00:00,,,,,,,509.0,509.0,,,0.0,,,0.0
2025-11-07 12:00:00,,,,,,,509.0,509.0,,,0.0,,,0.0
2025-11-07 13:00:00,,,,,,,509.0,509.0,,,0.0,,,0.0
2025-11-07 14:00:00,,,,,,,509.0,509.0,,,0.0,,,0.0
2025-11-07 15:00:00,,,,,,,509.0,509.0,,,0.0,,,0.0
2025-11-07 16:00:00,,,,,,,1533.0,1533.0,,,0.0,,,0.0
2025-11-07 17:00:00,,,,,,,1533.0,1533.0,,,0.0,,,0.0
2025-11-07 18:00:00,,,,,,,1529.0,1529.0,,,0.0,,,0.0
2025-11-07 19:00:00,,,,,,,1273.0,1273.0,,,0.0,,,0.0
2025-11-07 20:00:00,,,,,,,1273.0,1273.0,,,0.0,,,0.0
2025-11-07 21:00:00,,,,,,,1533.0,1533.0,,,0.0,,,0.0
2025-11-07 22:00:00,,,,,,,1533.0,1533.0,,,0.0,,,0.0
2025-11-07 23:00:00,,,,,,,1529.0,1529.0,,,0.0,,,0.0
2025-11-08 00:00:00,,,,,,,1533.0,1533.0,,,0.0,,,0.0
2025-11-08 01:00:00,,,,,,,1533.0,1533.0,,,0.0,,,0.0
2025-11-08 02:00:00,,,,,,,1533.0,1533.0,,,0.0,,,0.0
2025-11-08 03:00:00,,,,,,,1273.0,1273.0,,,0.0,,,0.0
2025-11-08 04:00:00,,,,,,,1529.0,1529.0,,,0.0,,,0.0
2025-11-08 05:00:00,,,,,,,1529.0,1529.0,,,0.0,,,0.0
2025-11-08 06:00:00,,,,,,,1533.0,1533.0,,,0.0,,,0.0
2025-11-08 07:00:00,,,,,,,1533.0,1533.0,,,0.0,,,0.0
2025-11-08 08:00:00,,,,,,,509.0,509.0,,,0.0,,,0.0
2025-11-08 09:00:00,,,,,,,509.0,509.0,,,0.0,,,0.0
2025-11-08 10:00:00,,,,,,,509.0,509.0,,,0.0,,,0.0
2025-11-08 11:00:00,,,,,,,509.0,509.0,,,0.0,,,0.0
2025-11-08 12:00:00,,,,,,,509.0,509.0,,,0.0,,,0.0
2025-11-08 13:00:00,,,,,,,509.0,509.0,,,0.0,,,0.0
2025-11-08 14:00:00,,,,,,,509.0,509.0,,,0.0,,,0.0
2025-11-08 15:00:00,,,,,,,509.0,509.0,,,0.0,,,0.0
2025-11-08 16:00:00,,,,,,,1533.0,1533.0,,,0.0,,,0.0
2025-11-08 17:00:00,,,,,,,1529.0,1529.0,,,0.0,,,0.0
2025-11-08 18:00:00,,,,,,,1533.0,1533.0,,,0.0,,,0.0
2025-11-08 19:00:00,,,,,,,1273.0,1273.0,,,0.0,,,0.0
2025-11-08 20:00:00,,,,,,,1529.0,1529.0,,,0.0,,,0.0
2025-11-08 21:00:00,,,,,,,1529.0,1529.0,,,0.0,,,0.0
2025-11-08 22:00:00,,,,,,,1529.0,1529.0,,,0.0,,,0.0
2025-11-08 23:00:00,,,,,,,1533.0,1533.0,,,0.0,,,0.0
2025-11-09 00:00:00,,,,,,,1533.0,1533.0,,,0.0,,,0.0
2025-11-09 01:00:00,,,,,,,1529.0,1529.0,,,0.0,,,0.0
2025-11-09 02:00:00,,,,,,,1529.0,1529.0,,,0.0,,,0.0
2025-11-09 03:00:00,,,,,,,1529.0,1529.0,,,0.0,,,0.0
2025-11-09 04:00:00,,,,,,,1533.0,1533.0,,,0.0,,,0.0
2025-11-09 05:00:00,,,,,,,1533.0,1533.0,,,0.0,,,0.0
2025-11-09 06:00:00,,,,,,,1533.0,1533.0,,,0.0,,,0.0
2025-11-09 07:00:00,,,,,,,1533.0,1533.0,,,0.0,,,0.0
2025-11-09 08:00:00,,,,,,,509.0,509.0,,,0.0,,,0.0
2025-11-09 09:00:00,,,,,,,509.0,509.0,,,0.0,,,0.0
2025-11-09 10:00:00,,,,,,,509.0,509.0,,,0.0,,,0.0
2025-11-09 11:00:00,,,,,,,509.0,509.0,,,0.0,,,0.0
2025-11-09 12:00:00,,,,,,,509.0,509.0,,,0.0,,,0.0
2025-11-09 13:00:00,,,,,,,509.0,509.0,,,0.0,,,0.0
2025-11-09 14:00:00,,,,,,,509.0,509.0,,,0.0,,,0.0
2025-11-09 15:00:00,,,,,,,509.0,509.0,,,0.0,,,0.0
2025-11-09 16:00:00,,,,,,,1533.0,1533.0,,,0.0,,,0.0
2025-11-09 17:00:00,,,,,,,1529.0,1529.0,,,0.0,,,0.0
2025-11-09 18:00:00,,,,,,,1529.0,1529.0,,,0.0,,,0.0
2025-11-09 19:00:00,,,,,,,1529.0,1529.0,,,0.0,,,0.0
2025-11-09 20:00:00,,,,,,,1529.0,1529.0,,,0.0,,,0.0
2025-11-09 21:00:00,,,,,,,1273.0,1273.0,,,0.0,,,0.0
2025-11-09 22:00:00,,,,,,,1273.0,1273.0,,,0.0,,,0.0
2025-11-09 23:00:00,,,,,,,1529.0,1529.0,,,0.0,,,0.0
2025-11-10 00:00:00,,,,,,,1529.0,1529.0,,,0.0,,,0.0
2025-11-10 01:00:00,,,,,,,1273.0,1273.0,,,0.0,,,0.0
2025-11-10 02:00:00,,,,,,,1529.0,1529.0,,,0.0,,,0.0
2025-11-10 03:00:00,,,,,,,1273.0,1273.0,,,0.0,,,0.0
2025-11-10 04:00:00,,,,,,,1533.0,1533.0,,,0.0,,,0.0
2025-11-10 05:00:00,,,,,,,1529.0,1529.0,,,0.0,,,0.0
2025-11-10 06:00:00,,,,,,,1273.0,1273.0,,,0.0,,,0.0
2025-11-10 07:00:00,,,,,,,1533.0,1533.0,,,0.0,,,0.0
2025-11-10 08:00:00,,,,,,,509.0,509.0,,,0.0,,,0.0
2025-11-10 09:00:00,,,,,,,509.0,509.0,,,0.0,,,0.0
2025-11-10 10:00:00,,,,,,,509.0,509.0,,,0.0,,,0.0
2025-11-10 11:00:00,,,,,,,509.0,509.0,,,0.0,,,0.0
2025-11-10 12:00:00,,,,,,,509.0,509.0,,,0.0,,,0.0
2025-11-10 13:00:00,,,,,,,509.0,509.0,,,0.0,,,0.0
2025-11-10 14:00:00,,,,,,,509.0,509.0,,,0.0,,,0.0
2025-11-10 15:00:00,,,,,,,509.0,509.0,,,0.0,,,0.0
2025-11-10 16:00:00,,,,,,,1533.0,1533.0,,,0.0,,,0.0
2025-11-10 17:00:00,,,,,,,1533.0,1533.0,,,0.0,,,0.0
2025-11-10 18:00:00,,,,,,,1533.0,1533.0,,,0.0,,,0.0
2025-11-10 19:00:00,,,,,,,1533.0,1533.0,,,0.0,,,0.0
2025-11-10 20:00:00,,,,,,,1273.0,1273.0,,,0.0,,,0.0
2025-11-10 21:00:00,,,,,,,1273.0,1273.0,,,0.0,,,0.0
2025-11-10 22:00:00,,,,,,,1533.0,1533.0,,,0.0,,,0.0
2025-11-10 23:00:00,,,,,,,1533.0,1533.0,,,0.0,,,0.0
2025-11-11 00:00:00,,,,,,,1529.0,1529.0,,,0.0,,,0.0
2025-11-11 01:00:00,,,,,,,1529.0,1529.0,,,0.0,,,0.0
2025-11-11 02:00:00,,,,,,,1529.0,1529.0,,,0.0,,,0.0
2025-11-11 03:00:00,,,,,,,1533.0,1533.0,,,0.0,,,0.0
2025-11-11 04:00:00,,,,,,,1273.0,1273.0,,,0.0,,,0.0
2025-11-11 05:00:00,,,,,,,1273.0,1273.0,,,0.0,,,0.0
2025-11-11 06:00:00,,,,,,,1273.0,1273.0,,,0.0,,,0.0
2025-11-11 07:00:00,,,,,,,1533.0,1533.0,,,0.0,,,0.0
2025-11-11 08:00:00,,,,,,,509.0,509.0,,,0.0,,,0.0
2025-11-11 09:00:00,,,,,,,509.0,509.0,,,0.0,,,0.0
2025-11-11 10:00:00,,,,,,,509.0,509.0,,,0.0,,,0.0
2025-11-11 11:00:00,,,,,,,509.0,509.0,,,0.0,,,0.0
2025-11-11 12:00:00,,,,,,,509.0,509.0,,,0.0,,,0.0
2025-11-11 13:00:00,,,,,,,509.0,509.0,,,0.0,,,0.0
2025-11-11 14:00:00,,,,,,,509.0,509.0,,,0.0,,,0.0
2025-11-11 15:00:00,,,,,,,509.0,509.0,,,0.0,,,0.0
2025-11-11 16:00:00,,,,,,,1533.0,1533.0,,,0.0,,,0.0
2025-11-11 17:00:00,,,,,,,1529.0,1529.0,,,0.0,,,0.0
2025-11-11 18:00:00,,,,,,,1529.0,1529.0,,,0.0,,,0.0
2025-11-11 19:00:00,,,,,,,1533.0,1533.0,,,0.0,,,0.0
2025-11-11 20:00:00,,,,,,,1533.0,1533.0,,,0.0,,,0.0
2025-11-11 21:00:00,,,,,,,1533.0,1533.0,,,0.0,,,0.0
2025-11-11 22:00:00,,,,,,,1533.0,1533.0,,,0.0,,,0.0
2025-11-11 23:00:00,,,,,,,1529.0,1529.0,,,0.0,,,0.0
2025-11-12 00:00:00,,,,,,,1533.0,1533.0,,,0.0,,,0.0
2025-11-12 01:00:00,,,,,,,1273.0,1273.0,,,0.0,,,0.0
2025-11-12 02:00:00,,,,,,,1273.0,1273.0,,,0.0,,,0.0
2025-11-12 03:00:00,,,,,,,1529.0,1529.0,,,0.0,,,0.0
2025-11-12 04:00:00,,,,,,,1273.0,1273.0,,,0.0,,,0.0
2025-11-12 05:00:00,,,,,,,1529.0,1529.0,,,0.0,,,0.0
2025-11-12 06:00:00,,,,,,,1529.0,1529.0,,,0.0,,,0.0
2025-11-12 07:00:00,,,,,,,1533.0,1533.0,,,0.0,,,0.0
2025-11-12 08:00:00,,,,,,,509.0,509.0,,,0.0,,,0.0
2025-11-12 09:00:00,,,,,,,509.0,509.0,,,0.0,,,0.0
2025-11-12 10:00:00,,,,,,,509.0,509.0,,,0.0,,,0.0
2025-11-12 11:00:00,,,,,,,509.0,509.0,,,0.0,,,0.0
2025-11-12 12:00:00,,,,,,,509.0,509.0,,,0.0,,,0.0
2025-11-12 13:00:00,,,,,,,509.0,509.0,0.593,0.0,1.0,1.1157,0.0,1.0
2025-11-12 14:00:00,,,,,,,509.0,509.0,,,0.0,,,0.0
2025-11-12 15:00:00,,,,,,,509.0,509.0,0.3928,0.0,1.0,0.6775,0.0,1.0
2025-11-12 16:00:00,,,,,,,1533.0,1533.0,,,0.0,,,0.0
2025-11-12 17:00:00,,,,,,,1533.0,1533.0,,,0.0,,,0.0
2025-11-12 18:00:00,,,,,,,1533.0,1533.0,,,0.0,,,0.0
2025-11-12 19:00:00,,,,,,,1529.0,1529.0,,,0.0,,,0.0
2025-11-12 20:00:00,,,,,,,1529.0,1529.0,,,0.0,,,0.0
2025-11-12 21:00:00,,,,,,,1529.0,1529.0,,,0.0,,,0.0
2025-11-12 22:00:00,,,,,,,1529.0,1529.0,,,0.0,,,0.0
2025-11-12 23:00:00,,,,,,,1533.0,1533.0,,,0.0,,,0.0
2025-11-13 00:00:00,,,,,,,1533.0,1533.0,,,0.0,,,0.0
2025-11-13 01:00:00,,,,,,,1273.0,1273.0,,,0.0,,,0.0
2025-11-13 02:00:00,,,,,,,1529.0,1529.0,,,0.0,,,0.0
2025-11-13 03:00:00,,,,,,,1529.0,1529.0,,,0.0,,,0.0
2025-11-13 04:00:00,,,,,,,1529.0,1529.0,,,0.0,,,0.0
2025-11-13 05:00:00,,,,,,,1533.0,1533.0,,,0.0,,,0.0
2025-11-13 06:00:00,,,,,,,1533.0,1533.0,,,0.0,,,0.0
2025-11-13 07:00:00,,,,,,,1533.0,1533.0,,,0.0,,,0.0
2025-11-13 08:00:00,,,,,,,505.0,504.0,0.5446,0.0,1.0,1.0885999,0.0,1.0
2025-11-13 09:00:00,,,,,,,509.0,509.0,0.0128,0.0,1.0,1.1588999,0.0,1.0
2025-11-13 10:00:00,,,,,,,509.0,509.0,,,0.0,,,0.0
2025-11-13 11:00:00,,,,,,,509.0,509.0,,,0.0,,,0.0
2025-11-13 12:00:00,,,,,,,509.0,509.0,,,0.0,,,0.0
2025-11-13 13:00:00,,,,,,,509.0,509.0,,,0.0,,,0.0
2025-11-13 14:00:00,,,,,,,509.0,509.0,,,0.0,,,0.0
2025-11-13 15:00:00,,,,,,,509.0,509.0,,,0.0,,,0.0
2025-11-13 16:00:00,,,,,,,1273.0,1273.0,,,0.0,,,0.0
2025-11-13 17:00:00,,,,,,,1273.0,1273.0,,,0.0,,,0.0
2025-11-13 18:00:00,,,,,,,1273.0,1273.0,,,0.0,,,0.0
2025-11-13 19:00:00,,,,,,,1273.0,1273.0,,,0.0,,,0.0
2025-11-13 20:00:00,,,,,,,1273.0,1273.0,,,0.0,,,0.0
2025-11-13 21:00:00,,,,,,,1273.0,1273.0,,,0.0,,,0.0
2025-11-13 22:00:00,,,,,,,1273.0,1273.0,,,0.0,,,0.0
2025-11-13 23:00:00,,,,,,,1273.0,1273.0,,,0.0,,,0.0
2025-11-14 00:00:00,,,,,,,1273.0,1273.0,,,0.0,,,0.0
2025-11-14 01:00:00,,,,,,,1273.0,1273.0,,,0.0,,,0.0
2025-11-14 02:00:00,,,,,,,1273.0,1273.0,,,0.0,,,0.0
2025-11-14 03:00:00,,,,,,,1273.0,1273.0,,,0.0,,,0.0
2025-11-14 04:00:00,,,,,,,1273.0,1273.0,,,0.0,,,0.0
2025-11-14 05:00:00,,,,,,,1533.0,1533.0,,,0.0,,,0.0
2025-11-14 06:00:00,,,,,,,1273.0,1273.0,,,0.0,,,0.0
2025-11-14 07:00:00,,,,,,,1529.0,1529.0,,,0.0,,,0.0
2025-11-14 08:00:00,,,,,,,2553.0,2552.0,0.018,0.0052,2.0,1.226,0.0018000007,2.0
2025-11-14 09:00:00,,,,,,,505.0,505.0,0.0212,0.0134,4.0,1.2277,0.0018000007,3.0
2025-11-14 10:00:00,,,,,,,509.0,509.0,,,0.0,,,0.0
2025-11-14 11:00:00,,,,,,,509.0,509.0,,,0.0,,,0.0
2025-11-14 12:00:00,,,,,,,509.0,509.0,,,0.0,,,0.0
2025-11-14 13:00:00,,,,,,,509.0,509.0,,,0.0,,,0.0
2025-11-14 14:00:00,,,,,,,505.0,505.0,0.23339999,0.0552,2.0,1.0439999,0.058499992,2.0
2025-11-14 15:00:00,,,,,,,505.0,505.0,,,0.0,,,0.0
2025-11-14 16:00:00,,,,,,,1273.0,1273.0,,,0.0,,,0.0
2025-11-14 17:00:00,,,,,,,1273.0,1273.0,,,0.0,,,0.0
2025-11-14 18:00:00,,,,,,,1273.0,1273.0,,,0.0,,,0.0
2025-11-14 19:00:00,,,,,,,1273.0,1273.0,,,0.0,,,0.0
2025-11-14 20:00:00,,,,,,,1273.0,1273.0,,,0.0,,,0.0
2025-11-14 21:00:00,,,,,,,1273.0,1273.0,,,0.0,,,0.0
2025-11-14 22:00:00,,,,,,,1273.0,1273.0,,,0.0,,,0.0
2025-11-14 23:00:00,,,,,,,1273.0,1273.0,,,0.0,,,0.0
2025-11-15 00:00:00,,,,,,,1273.0,1273.0,,,0.0,,,0.0
2025-11-15 01:00:00,,,,,,,1273.0,1273.0,,,0.0,,,0.0
2025-11-15 02:00:00,,,,,,,1273.0,1273.0,,,0.0,,,0.0
2025-11-15 03:00:00,,,,,,,1273.0,1273.0,,,0.0,,,0.0
2025-11-15 04:00:00,,,,,,,1273.0,1273.0,,,0.0,,,0.0
2025-11-15 05:00:00,,,,,,,1273.0,1273.0,,,0.0,,,0.0
2025-11-15 06:00:00,,,,,,,1273.0,1273.0,,,0.0,,,0.0
2025-11-15 07:00:00,,,,,,,1529.0,1529.0,,,0.0,,,0.0
2025-11-15 08:00:00,,0.0058,,0.3822,,,2296.0,2240.0,0.0061999997,0.0004,2.0,1.2515999,0.0016999841,2.0
2025-11-15 09:00:00,0.047,,,,,,453.0,509.0,0.0023999999,0.0014,3.0,1.2506,0.00069999695,2.0
2025-11-15 10:00:00,,,,,,,509.0,509.0,,,0.0,,,0.0
2025-11-15 11:00:00,,,,,,,509.0,509.0,,,0.0,,,0.0
2025-11-15 12:00:00,,,,,,,509.0,509.0,,,0.0,,,0.0
2025-11-15 13:00:00,,,,,,,505.0,505.0,,,0.0,,,0.0
2025-11-15 14:00:00,,,,,,,505.0,505.0,,,0.0,,,0.0
2025-11-15 15:00:00,,,,,,,505.0,505.0,,,0.0,,,0.0
2025-11-15 16:00:00,,,,,,,1273.0,1273.0,,,0.0,,,0.0
2025-11-15 17:00:00,,,,,,,1273.0,1273.0,,,0.0,,,0.0
2025-11-15 18:00:00,,,,,,,1273.0,1273.0,,,0.0,,,0.0
2025-11-15 19:00:00,,,,,,,1273.0,1273.0,,,0.0,,,0.0
2025-11-15 20:00:00,,,,,,,1273.0,1273.0,,,0.0,,,0.0
2025-11-15 21:00:00,,,,,,,1273.0,1273.0,,,0.0,,,0.0
2025-11-15 22:00:00,,,,,,,1273.0,1273.0,,,0.0,,,0.0
2025-11-15 23:00:00,,,,,,,1533.0,1533.0,,,0.0,,,0.0
2025-11-16 00:00:00,,,,,,,1273.0,1273.0,,,0.0,,,0.0
2025-11-16 01:00:00,,,,,,,1533.0,1533.0,,,0.0,,,0.0
2025-11-16 02:00:00,,,,,,,1533.0,1533.0,,,0.0,,,0.0
2025-11-16 03:00:00,,,,,,,1533.0,1533.0,,,0.0,,,0.0
2025-11-16 04:00:00,,,,,,,1273.0,1273.0,,,0.0,,,0.0
2025-11-16 05:00:00,,,,,,,1533.0,1533.0,,,0.0,,,0.0
2025-11-16 06:00:00,,,,,,,1533.0,1533.0,,,0.0,,,0.0
2025-11-16 07:00:00,,,,,,,1533.0,1533.0,,,0.0,,,0.0
2025-11-16 08:00:00,,,,,,,509.0,509.0,,,0.0,,,0.0
2025-11-16 09:00:00,,,,,,,509.0,509.0,,,0.0,,,0.0
2025-11-16 10:00:00,,,,,,,509.0,509.0,,,0.0,,,0.0
2025-11-16 11:00:00,,,,,,,509.0,509.0,,,0.0,,,0.0
2025-11-16 12:00:00,,,,,,,509.0,509.0,,,0.0,,,0.0
2025-11-16 13:00:00,,,,,,,509.0,509.0,,,0.0,,,0.0
2025-11-16 14:00:00,,,,,,,509.0,509.0,,,0.0,,,0.0
2025-11-16 15:00:00,,,,,,,509.0,509.0,,,0.0,,,0.0
2025-11-16 16:00:00,,,,,,,1273.0,1273.0,,,0.0,,,0.0
2025-11-16 17:00:00,,,,,,,1273.0,1273.0,,,0.0,,,0.0
2025-11-16 18:00:00,,,,,,,1533.0,1533.0,,,0.0,,,0.0
2025-11-16 19:00:00,,,,,,,1533.0,1533.0,,,0.0,,,0.0
2025-11-16 20:00:00,,,,,,,1533.0,1533.0,,,0.0,,,0.0
2025-11-16 21:00:00,,,,,,,1533.0,1533.0,,,0.0,,,0.0
2025-11-16 22:00:00,,,,,,,1533.0,1533.0,,,0.0,,,0.0
2025-11-16 23:00:00,,,,,,,1273.0,1273.0,,,0.0,,,0.0
2025-11-17 00:00:00,,,,,,,1533.0,1533.0,,,0.0,,,0.0
2025-11-17 01:00:00,,,,,,,1533.0,1533.0,,,0.0,,,0.0
2025-11-17 02:00:00,,,,,,,1529.0,1529.0,,,0.0,,,0.0
2025-11-17 03:00:00,,,,,,,1533.0,1533.0,,,0.0,,,0.0
2025-11-17 04:00:00,,,,,,,1529.0,1529.0,,,0.0,,,0.0
2025-11-17 05:00:00,,,,,,,1273.0,1273.0,,,0.0,,,0.0
2025-11-17 06:00:00,,,,,,,1529.0,1529.0,,,0.0,,,0.0
2025-11-17 07:00:00,,,,,,,1533.0,1533.0,,,0.0,,,0.0
2025-11-17 08:00:00,,,,,,,509.0,509.0,,,0.0,,,0.0
2025-11-17 09:00:00,,,,,,,509.0,509.0,,,0.0,,,0.0
2025-11-17 10:00:00,,,,,,,509.0,509.0,,,0.0,,,0.0
2025-11-17 11:00:00,,,,,,,509.0,509.0,,,0.0,,,0.0
2025-11-17 12:00:00,,,,,,,509.0,509.0,,,0.0,,,0.0
2025-11-17 13:00:00,,,,,,,509.0,509.0,,,0.0,,,0.0
2025-11-17 14:00:00,,,,,,,509.0,509.0,,,0.0,,,0.0
2025-11-17 15:00:00,,,,,,,509.0,509.0,,,0.0,,,0.0
2025-11-17 16:00:00,,,,,,,1533.0,1533.0,,,0.0,,,0.0
2025-11-17 17:00:00,,,,,,,1533.0,1533.0,,,0.0,,,0.0
2025-11-17 18:00:00,,,,,,,1533.0,1533.0,,,0.0,,,0.0
2025-11-17 19:00:00,,,,,,,1529.0,1529.0,,,0.0,,,0.0
2025-11-17 20:00:00,,,,,,,1533.0,1533.0,,,0.0,,,0.0
2025-11-17 21:00:00,,,,,,,1533.0,1533.0,,,0.0,,,0.0
2025-11-17 22:00:00,,,,,,,1533.0,1533.0,,,0.0,,,0.0
2025-11-17 23:00:00,,,,,,,1533.0,1533.0,,,0.0,,,0.0
2025-11-18 00:00:00,,,,,,,1529.0,1529.0,,,0.0,,,0.0
2025-11-18 01:00:00,,,,,,,1533.0,1533.0,,,0.0,,,0.0
2025-11-18 02:00:00,,,,,,,1533.0,1533.0,,,0.0,,,0.0
2025-11-18 03:00:00,,,,,,,1533.0,1533.0,,,0.0,,,0.0
2025-11-18 04:00:00,,,,,,,1533.0,1533.0,,,0.0,,,0.0
2025-11-18 05:00:00,,,,,,,1529.0,1529.0,,,0.0,,,0.0
2025-11-18 06:00:00,,,,,,,1533.0,1533.0,,,0.0,,,0.0
2025-11-18 07:00:00,,,,,,,1533.0,1533.0,,,0.0,,,0.0
2025-11-18 08:00:00,,,,,,,509.0,509.0,,,0.0,,,0.0
2025-11-18 09:00:00,,,,,,,509.0,509.0,,,0.0,,,0.0
2025-11-18 10:00:00,,,,,,,509.0,509.0,,,0.0,,,0.0
2025-11-18 11:00:00,,,,,,,509.0,509.0,,,0.0,,,0.0
2025-11-18 12:00:00,,,,,,,509.0,509.0,,,0.0,,,0.0
2025-11-18 13:00:00,,,,,,,509.0,509.0,,,0.0,,,0.0
2025-11-18 14:00:00,,,,,,,509.0,509.0,,,0.0,,,0.0
2025-11-18 15:00:00,,,,,,,509.0,509.0,,,0.0,,,0.0
2025-11-18 16:00:00,,,,,,,1533.0,1533.0,,,0.0,,,0.0
2025-11-18 17:00:00,,,,,,,1533.0,1533.0,,,0.0,,,0.0
2025-11-18 18:00:00,,,,,,,1533.0,1533.0,,,0.0,,,0.0
2025-11-18 19:00:00,,,,,,,1529.0,1529.0,,,0.0,,,0.0
2025-11-18 20:00:00,,,,,,,1533.0,1533.0,,,0.0,,,0.0
2025-11-18 21:00:00,,,,,,,1529.0,1529.0,,,0.0,,,0.0
2025-11-18 22:00:00,,,,,,,1533.0,1533.0,,,0.0,,,0.0
2025-11-18 23:00:00,,,,,,,1533.0,1533.0,,,0.0,,,0.0
2025-11-19 00:00:00,,,,,,,1533.0,1533.0,,,0.0,,,0.0
2025-11-19 01:00:00,,,,,,,1529.0,1529.0,,,0.0,,,0.0
2025-11-19 02:00:00,,,,,,,1529.0,1529.0,,,0.0,,,0.0
2025-11-19 03:00:00,,,,,,,1529.0,1529.0,,,0.0,,,0.0
2025-11-19 04:00:00,,,,,,,1533.0,1533.0,,,0.0,,,0.0
2025-11-19 05:00:00,,,,,,,1533.0,1533.0,,,0.0,,,0.0
2025-11-19 06:00:00,,,,,,,1533.0,1533.0,,,0.0,,,0.0
2025-11-19 07:00:00,,,,,,,1529.0,1529.0,,,0.0,,,0.0
2025-11-19 08:00:00,,,,,,,509.0,509.0,,,0.0,,,0.0
2025-11-19 09:00:00,,,,,,,509.0,509.0,,,0.0,,,0.0
2025-11-19 10:00:00,,,,,,,509.0,509.0,,,0.0,,,0.0
2025-11-19 11:00:00,,,,,,,509.0,509.0,,,0.0,,,0.0
2025-11-19 12:00:00,,,,,,,509.0,509.0,,,0.0,,,0.0
2025-11-19 13:00:00,,,,,,,509.0,509.0,,,0.0,,,0.0
2025-11-19 14:00:00,,,,,,,509.0,509.0,,,0.0,,,0.0
2025-11-19 15:00:00,,,,,,,509.0,509.0,,,0.0,,,0.0
2025-11-19 16:00:00,,,,,,,1533.0,1533.0,,,0.0,,,0.0
2025-11-19 17:00:00,,,,,,,1533.0,1533.0,,,0.0,,,0.0
2025-11-19 18:00:00,,,,,,,1529.0,1529.0,,,0.0,,,0.0
2025-11-19 19:00:00,,,,,,,1533.0,1533.0,,,0.0,,,0.0
2025-11-19 20:00:00,,,,,,,1533.0,1533.0,,,0.0,,,0.0
2025-11-19 21:00:00,,,,,,,1273.0,1273.0,,,0.0,,,0.0
2025-11-19 22:00:00,,,,,,,1273.0,1273.0,,,0.0,,,0.0
2025-11-19 23:00:00,,,,,,,1533.0,1533.0,,,0.0,,,0.0
2025-11-20 00:00:00,,,,,,,1533.0,1533.0,,,0.0,,,0.0
2025-11-20 01:00:00,,,,,,,1529.0,1529.0,,,0.0,,,0.0
2025-11-20 02:00:00,,,,,,,1529.0,1529.0,,,0.0,,,0.0
2025-11-20 03:00:00,,,,,,,1529.0,1529.0,,,0.0,,,0.0
2025-11-20 04:00:00,,,,,,,1529.0,1529.0,,,0.0,,,0.0
2025-11-20 05:00:00,,,,,,,1273.0,1273.0,,,0.0,,,0.0
2025-11-20 06:00:00,,,,,,,1273.0,1273.0,,,0.0,,,0.0
2025-11-20 07:00:00,,,,,,,1533.0,1533.0,,,0.0,,,0.0
2025-11-20 08:00:00,,,,,,,509.0,509.0,,,0.0,,,0.0
2025-11-20 09:00:00,,,,,,,509.0,509.0,0.872,0.0,1.0,1.2306,0.0,1.0
2025-11-20 10:00:00,,,,,,,505.0,505.0,,,0.0,,,0.0
2025-11-20 11:00:00,,,,,,,505.0,505.0,,,0.0,,,0.0
2025-11-20 12:00:00,,,,,,,509.0,509.0,,,0.0,,,0.0
2025-11-20 13:00:00,,,,,,,505.0,505.0,,,0.0,,,0.0
2025-11-20 14:00:00,,,,,,,505.0,505.0,,,0.0,,,0.0
2025-11-20 15:00:00,,,,,,,509.0,509.0,,,0.0,,,0.0
2025-11-20 16:00:00,,,,,,,1273.0,1273.0,,,0.0,,,0.0
2025-11-20 17:00:00,,,,,,,1529.0,1529.0,,,0.0,,,0.0
2025-11-20 18:00:00,,,,,,,1529.0,1529.0,,,0.0,,,0.0
2025-11-20 19:00:00,,,,,,,1529.0,1529.0,,,0.0,,,0.0
2025-11-20 20:00:00,,,,,,,1273.0,1273.0,,,0.0,,,0.0
2025-11-20 21:00:00,,,,,,,1273.0,1273.0,,,0.0,,,0.0
2025-11-20 22:00:00,,,,,,,1273.0,1273.0,,,0.0,,,0.0
2025-11-20 23:00:00,,,,,,,1273.0,1273.0,,,0.0,,,0.0
2025-11-21 00:00:00,,,,,,,1273.0,1273.0,,,0.0,,,0.0
2025-11-21 01:00:00,,,,,,,1529.0,1529.0,,,0.0,,,0.0
2025-11-21 02:00:00,,,,,,,1529.0,1529.0,,,0.0,,,0.0
2025-11-21 03:00:00,,,,,,,1529.0,1529.0,,,0.0,,,0.0
2025-11-21 04:00:00,,,,,,,1529.0,1529.0,,,0.0,,,0.0
2025-11-21 05:00:00,,,,,,,1533.0,1533.0,,,0.0,,,0.0
2025-11-21 06:00:00,,,,,,,1533.0,1533.0,,,0.0,,,0.0
2025-11-21 07:00:00,,,,,,,1273.0,1273.0,,,0.0,,,0.0
2025-11-21 08:00:00,,,,,,,509.0,509.0,,,0.0,,,0.0
2025-11-21 09:00:00,,,,,,,509.0,509.0,0.4098,0.0,1.0,1.3476,0.0,1.0
2025-11-21 10:00:00,,,,,,,509.0,509.0,,,0.0,,,0.0
2025-11-21 11:00:00,,,,,,,509.0,509.0,,,0.0,,,0.0
2025-11-21 12:00:00,,,,,,,509.0,509.0,,,0.0,,,0.0
2025-11-21 13:00:00,,,,,,,505.0,505.0,,,0.0,,,0.0
2025-11-21 14:00:00,,,,,,,509.0,509.0,,,0.0,,,0.0
2025-11-21 15:00:00,,,,,,,509.0,509.0,,,0.0,,,0.0
2025-11-21 16:00:00,,,,,,,1529.0,1529.0,,,0.0,,,0.0
2025-11-21 17:00:00,,,,,,,1273.0,1273.0,,,0.0,,,0.0
2025-11-21 18:00:00,,,,,,,1529.0,1529.0,,,0.0,,,0.0
2025-11-21 19:00:00,,,,,,,1529.0,1529.0,,,0.0,,,0.0
2025-11-21 20:00:00,,,,,,,1273.0,1273.0,,,0.0,,,0.0
2025-11-21 21:00:00,,,,,,,1273.0,1273.0,,,0.0,,,0.0
2025-11-21 22:00:00,,,,,,,1529.0,1529.0,,,0.0,,,0.0
2025-11-21 23:00:00,,,,,,,1273.0,1273.0,,,0.0,,,0.0
2025-11-22 00:00:00,,,,,,,1273.0,1273.0,,,0.0,,,0.0
2025-11-22 01:00:00,,,,,,,1273.0,1273.0,,,0.0,,,0.0
2025-11-22 02:00:00,,,,,,,1273.0,1273.0,,,0.0,,,0.0
2025-11-22 03:00:00,,,,,,,1273.0,1273.0,,,0.0,,,0.0
2025-11-22 04:00:00,,,,,,,1529.0,1529.0,,,0.0,,,0.0
2025-11-22 05:00:00,,,,,,,1529.0,1529.0,,,0.0,,,0.0
2025-11-22 06:00:00,,,,,,,1529.0,1529.0,,,0.0,,,0.0
2025-11-22 07:00:00,,,,,,,1533.0,1533.0,,,0.0,,,0.0
2025-11-22 08:00:00,,,,,,,509.0,509.0,,,0.0,,,0.0
2025-11-22 09:00:00,,,,,,,505.0,505.0,,,0.0,,,0.0
2025-11-22 10:00:00,,,,,,,509.0,509.0,0.9734,0.0,2.0,1.3819,0.0,2.0
2025-11-22 11:00:00,,,,,,,509.0,509.0,,,0.0,,,0.0
2025-11-22 12:00:00,,,,,,,509.0,509.0,,,0.0,,,0.0
2025-11-22 13:00:00,,,,,,,505.0,505.0,,,0.0,,,0.0
2025-11-22 14:00:00,,,,,,,509.0,509.0,,,0.0,,,0.0
2025-11-22 15:00:00,,,,,,,509.0,509.0,,,0.0,,,0.0
2025-11-22 16:00:00,0.1942,,,,,,1217.0,1273.0,,,0.0,,,0.0
2025-11-22 17:00:00,,,,,,,1273.0,1273.0,,,0.0,,,0.0
2025-11-22 18:00:00,,,,,,,1273.0,1273.0,,,0.0,,,0.0
2025-11-22 19:00:00,,,,,,,1529.0,1529.0,,,0.0,,,0.0
2025-11-22 20:00:00,,,,,,,1529.0,1529.0,,,0.0,,,0.0
2025-11-22 21:00:00,,,,,,,1529.0,1529.0,,,0.0,,,0.0
2025-11-22 22:00:00,,,,,,,1273.0,1273.0,,,0.0,,,0.0
2025-11-22 23:00:00,,,,,,,1273.0,1273.0,,,0.0,,,0.0
2025-11-23 00:00:00,,,,,,,1273.0,1273.0,,,0.0,,,0.0
2025-11-23 01:00:00,,,,,,,1529.0,1529.0,,,0.0,,,0.0
2025-11-23 02:00:00,,,,,,,1273.0,1273.0,,,0.0,,,0.0
2025-11-23 03:00:00,,,,,,,1529.0,1529.0,,,0.0,,,0.0
2025-11-23 04:00:00,,,,,,,1529.0,1529.0,,,0.0,,,0.0
2025-11-23 05:00:00,,,,,,,1273.0,1273.0,,,0.0,,,0.0
2025-11-23 06:00:00,,,,,,,1273.0,1273.0,,,0.0,,,0.0
2025-11-23 07:00:00,,,,,,,1273.0,1273.0,,,0.0,,,0.0
2025-11-23 08:00:00,,,,,,,2297.0,2296.0,0.0954,0.0,1.0,1.227,0.0,1.0
2025-11-23 09:00:00,0.1594,,,,,,449.0,505.0,0.049999997,0.0336,5.0,1.2286999,0.0033000112,4.0
2025-11-23 10:00:00,0.18339999,,,,,,453.0,509.0,,,0.0,,,0.0
2025-11-23 11:00:00,,,,,,,509.0,509.0,,,0.0,,,0.0
2025-11-23 12:00:00,,,,,,,509.0,509.0,,,0.0,,,0.0
2025-11-23 13:00:00,,,,,,,505.0,505.0,,,0.0,,,0.0
2025-11-23 14:00:00,,,,,,,505.0,505.0,,,0.0,,,0.0
2025-11-23 15:00:00,,,,,,,505.0,505.0,,,0.0,,,0.0
2025-11-23 16:00:00,0.0894,,,,,,1217.0,1273.0,,,0.0,,,0.0
2025-11-23 17:00:00,,,,,,,1273.0,1273.0,,,0.0,,,0.0
2025-11-23 18:00:00,,,,,,,1273.0,1273.0,,,0.0,,,0.0
2025-11-23 19:00:00,,,,,,,1273.0,1273.0,,,0.0,,,0.0
2025-11-23 20:00:00,,,,,,,1273.0,1273.0,,,0.0,,,0.0
2025-11-23 21:00:00,,,,,,,1273.0,1273.0,,,0.0,,,0.0
2025-11-23 22:00:00,,,,,,,1273.0,1273.0,,,0.0,,,0.0
2025-11-23 23:00:00,,,,,,,1273.0,1273.0,,,0.0,,,0.0
2025-11-24 00:00:00,,,,,,,1273.0,1273.0,,,0.0,,,0.0
2025-11-24 01:00:00,,,,,,,1273.0,1273.0,,,0.0,,,0.0
2025-11-24 02:00:00,,,,,,,1273.0,1273.0,,,0.0,,,0.0
2025-11-24 03:00:00,,,,,,,1273.0,1273.0,,,0.0,,,0.0
2025-11-24 04:00:00,,,,,,,1529.0,1529.0,,,0.0,,,0.0
2025-11-24 05:00:00,,,,,,,1529.0,1529.0,,,0.0,,,0.0
2025-11-24 06:00:00,,,,,,,1533.0,1533.0,,,0.0,,,0.0
2025-11-24 07:00:00,,,,,,,1533.0,1533.0,,,0.0,,,0.0
2025-11-24 08:00:00,,,,,,,509.0,509.0,,,0.0,,,0.0
2025-11-24 09:00:00,,,,,,,509.0,509.0,0.0242,0.0,1.0,1.1808,0.0,1.0
2025-11-24 10:00:00,,,,,,,509.0,509.0,,,0.0,,,0.0
2025-11-24 11:00:00,,,,,,,509.0,509.0,,,0.0,,,0.0
2025-11-24 12:00:00,,,,,,,509.0,509.0,,,0.0,,,0.0
2025-11-24 13:00:00,,,,,,,509.0,509.0,,,0.0,,,0.0
2025-11-24 14:00:00,0.20619999,,,,,,193.0,249.0,,,0.0,,,0.0
2025-11-24 15:00:00,0.176,,,,,,449.0,505.0,,,0.0,,,0.0
2025-11-24 16:00:00,0.167,,,,,,1217.0,1273.0,,,0.0,,,0.0
2025-11-24 17:00:00,,,,,,,1273.0,1273.0,,,0.0,,,0.0
2025-11-24 18:00:00,,,,,,,1273.0,1273.0,,,0.0,,,0.0
2025-11-24 19:00:00,,,,,,,1273.0,1273.0,,,0.0,,,0.0
2025-11-24 20:00:00,,,,,,,1273.0,1273.0,,,0.0,,,0.0
2025-11-24 21:00:00,,,,,,,1273.0,1273.0,,,0.0,,,0.0
2025-11-24 22:00:00,,,,,,,1273.0,1273.0,,,0.0,,,0.0
2025-11-24 23:00:00,,,,,,,1529.0,1529.0,,,0.0,,,0.0
2025-11-25 00:00:00,,,,,,,1533.0,1533.0,,,0.0,,,0.0
2025-11-25 01:00:00,,,,,,,1529.0,1529.0,,,0.0,,,0.0
2025-11-25 02:00:00,,,,,,,1273.0,1273.0,,,0.0,,,0.0
2025-11-25 03:00:00,,,,,,,1533.0,1533.0,,,0.0,,,0.0
2025-11-25 04:00:00,,,,,,,1533.0,1533.0,,,0.0,,,0.0
2025-11-25 05:00:00,,,,,,,1273.0,1273.0,,,0.0,,,0.0
2025-11-25 06:00:00,,,,,,,1533.0,1533.0,,,0.0,,,0.0
2025-11-25 07:00:00,,,,,,,1533.0,1533.0,,,0.0,,,0.0
2025-11-25 08:00:00,,,,,,,505.0,505.0,,,0.0,,,0.0
2025-11-25 09:00:00,,,,,,,509.0,509.0,0.060599998,0.0592,5.0,1.2378999,0.003799975,5.0
2025-11-25 10:00:00,,,,,,,505.0,505.0,,,0.0,,,0.0
2025-11-25 11:00:00,,,,,,,509.0,509.0,,,0.0,,,0.0
2025-11-25 12:00:00,,,,,,,509.0,509.0,,,0.0,,,0.0
2025-11-25 13:00:00,,,,,,,509.0,509.0,,,0.0,,,0.0
2025-11-25 14:00:00,,,,,,,249.0,249.0,,,0.0,,,0.0
2025-11-25 15:00:00,,,,,,,249.0,249.0,,,0.0,,,0.0
2025-11-25 16:00:00,0.14559999,,,,,,1477.0,1533.0,,,0.0,,,0.0
2025-11-25 17:00:00,,,,,,,1533.0,1533.0,,,0.0,,,0.0
2025-11-25 18:00:00,,,,,,,1273.0,1273.0,,,0.0,,,0.0
2025-11-25 19:00:00,,,,,,,1273.0,1273.0,,,0.0,,,0.0
2025-11-25 20:00:00,,,,,,,1273.0,1273.0,,,0.0,,,0.0
2025-11-25 21:00:00,,,,,,,1533.0,1533.0,,,0.0,,,0.0
2025-11-25 22:00:00,,,,,,,1273.0,1273.0,,,0.0,,,0.0
2025-11-25 23:00:00,,,,,,,1273.0,1273.0,,,0.0,,,0.0
2025-11-26 00:00:00,,,,,,,1529.0,1529.0,,,0.0,,,0.0
2025-11-26 01:00:00,,,,,,,1273.0,1273.0,,,0.0,,,0.0
2025-11-26 02:00:00,,,,,,,1273.0,1273.0,,,0.0,,,0.0
2025-11-26 03:00:00,,,,,,,1533.0,1533.0,,,0.0,,,0.0
2025-11-26 04:00:00,,,,,,,1533.0,1533.0,,,0.0,,,0.0
2025-11-26 05:00:00,,,,,,,1273.0,1273.0,,,0.0,,,0.0
2025-11-26 06:00:00,,,,,,,1273.0,1273.0,,,0.0,,,0.0
2025-11-26 07:00:00,,,,,,,1533.0,1533.0,,,0.0,,,0.0
2025-11-26 08:00:00,,,,,,,2297.0,2296.0,0.0052,0.0,1.0,1.0271,0.0,1.0
2025-11-26 09:00:00,,,,,,,509.0,509.0,0.1278,0.0642,4.0,0.96889997,0.033299983,4.0
2025-11-26 10:00:00,,,,,,,509.0,509.0,0.0004,0.0,1.0,,-0.5,0.0
2025-11-26 11:00:00,,,,,,,509.0,509.0,0.236,0.0,1.0,1.018,0.0,1.0
2025-11-26 12:00:00,,,,,,,509.0,509.0,,,0.0,,,0.0
2025-11-26 13:00:00,,,,,,,509.0,509.0,,,0.0,,,0.0
2025-11-26 14:00:00,,,,,,,509.0,509.0,,,0.0,,,0.0
2025-11-26 15:00:00,,,,,,,249.0,249.0,,,0.0,,,0.0
2025-11-26 16:00:00,,,,,,,1273.0,1273.0,,,0.0,,,0.0
2025-11-26 17:00:00,,,,,,,1273.0,1273.0,,,0.0,,,0.0
2025-11-26 18:00:00,,,,,,,1273.0,1273.0,,,0.0,,,0.0
2025-11-26 19:00:00,,,,,,,1273.0,1273.0,,,0.0,,,0.0
2025-11-26 20:00:00,,,,,,,1273.0,1273.0,,,0.0,,,0.0
2025-11-26 21:00:00,,,,,,,1273.0,1273.0,,,0.0,,,0.0
2025-11-26 22:00:00,,,,,,,1273.0,1273.0,,,0.0,,,0.0
2025-11-26 23:00:00,,,,,,,1533.0,1533.0,,,0.0,,,0.0
2025-11-27 00:00:00,,,,,,,1273.0,1273.0,,,0.0,,,0.0
2025-11-27 01:00:00,,,,,,,1273.0,1273.0,,,0.0,,,0.0
2025-11-27 02:00:00,,,,,,,1273.0,1273.0,,,0.0,,,0.0
2025-11-27 03:00:00,,,,,,,1273.0,1273.0,,,0.0,,,0.0
2025-11-27 04:00:00,,,,,,,1273.0,1273.0,,,0.0,,,0.0
2025-11-27 05:00:00,,,,,,,1273.0,1273.0,,,0.0,,,0.0
2025-11-27 06:00:00,,,,,,,1529.0,1529.0,,,0.0,,,0.0
2025-11-27 07:00:00,,,,,,,1273.0,1273.0,,,0.0,,,0.0
2025-11-27 08:00:00,,,,,,,509.0,509.0,,,0.0,,,0.0
2025-11-27 09:00:00,,,,,,,509.0,509.0,,,0.0,,,0.0
2025-11-27 10:00:00,,,,,,,509.0,509.0,,,0.0,,,0.0
2025-11-27 11:00:00,,,,,,,509.0,509.0,,,0.0,,,0.0
2025-11-27 12:00:00,,,,,,,509.0,509.0,,,0.0,,,0.0
2025-11-27 13:00:00,,,,,,,509.0,509.0,,,0.0,,,0.0
2025-11-27 14:00:00,,,,,,,249.0,249.0,,,0.0,,,0.0
2025-11-27 15:00:00,0.17539999,,,,,,193.0,249.0,,,0.0,,,0.0
2025-11-27 16:00:00,0.1304,,,,,,1473.0,1529.0,,,0.0,,,0.0
2025-11-27 17:00:00,,,,,,,1273.0,1273.0,,,0.0,,,0.0
2025-11-27 18:00:00,,,,,,,1529.0,1529.0,,,0.0,,,0.0
2025-11-27 19:00:00,,,,,,,1533.0,1533.0,,,0.0,,,0.0
2025-11-27 20:00:00,,,,,,,1273.0,1273.0,,,0.0,,,0.0
2025-11-27 21:00:00,,,,,,,1273.0,1273.0,,,0.0,,,0.0
2025-11-27 22:00:00,,,,,,,1533.0,1533.0,,,0.0,,,0.0
2025-11-27 23:00:00,,,,,,,1533.0,1533.0,,,0.0,,,0.0
2025-11-28 00:00:00,,,,,,,1533.0,1533.0,,,0.0,,,0.0
2025-11-28 01:00:00,,,,,,,1533.0,1533.0,,,0.0,,,0.0
2025-11-28 02:00:00,,,,,,,1533.0,1533.0,,,0.0,,,0.0
2025-11-28 03:00:00,,,,,,,1273.0,1273.0,,,0.0,,,0.0
2025-11-28 04:00:00,,,,,,,1529.0,1529.0,,,0.0,,,0.0
2025-11-28 05:00:00,,,,,,,1273.0,1273.0,,,0.0,,,0.0
2025-11-28 06:00:00,,,,,,,1273.0,1273.0,,,0.0,,,0.0
2025-11-28 07:00:00,,,,,,,1529.0,1529.0,,,0.0,,,0.0
2025-11-28 08:00:00,,,,,,,509.0,509.0,,,0.0,,,0.0
2025-11-28 09:00:00,,,,,,,509.0,509.0,,,0.0,,,0.0
2025-11-28 10:00:00,,,,,,,509.0,509.0,,,0.0,,,0.0
2025-11-28 11:00:00,,,,,,,509.0,509.0,,,0.0,,,0.0
2025-11-28 12:00:00,,,,,,,509.0,509.0,,,0.0,,,0.0
2025-11-28 13:00:00,,,,,,,509.0,509.0,,,0.0,,,0.0
2025-11-28 14:00:00,,,,,,,509.0,509.0,,,0.0,,,0.0
2025-11-28 15:00:00,,,,,,,509.0,509.0,,,0.0,,,0.0
2025-11-28 16:00:00,,,,,,,1273.0,1273.0,,,0.0,,,0.0
2025-11-28 17:00:00,,,,,,,1273.0,1273.0,,,0.0,,,0.0
2025-11-28 18:00:00,,,,,,,1273.0,1273.0,,,0.0,,,0.0
2025-11-28 19:00:00,,,,,,,1273.0,1273.0,,,0.0,,,0.0
2025-11-28 20:00:00,,,,,,,1273.0,1273.0,,,0.0,,,0.0
2025-11-28 21:00:00,,,,,,,1273.0,1273.0,,,0.0,,,0.0
2025-11-28 22:00:00,,,,,,,1273.0,1273.0,,,0.0,,,0.0
2025-11-28 23:00:00,,,,,,,1273.0,1273.0,,,0.0,,,0.0
2025-11-29 00:00:00,,,,,,,1273.0,1273.0,,,0.0,,,0.0
2025-11-29 01:00:00,,,,,,,1273.0,1273.0,,,0.0,,,0.0
2025-11-29 02:00:00,,,,,,,1273.0,1273.0,,,0.0,,,0.0
2025-11-29 03:00:00,,,,,,,1273.0,1273.0,,,0.0,,,0.0
2025-11-29 04:00:00,,,,,,,1273.0,1273.0,,,0.0,,,0.0
2025-11-29 05:00:00,,,,,,,1273.0,1273.0,,,0.0,,,0.0
2025-11-29 06:00:00,,,,,,,1273.0,1273.0,,,0.0,,,0.0
2025-11-29 07:00:00,,,,,,,1273.0,1273.0,,,0.0,,,0.0
2025-11-29 08:00:00,,,,,,,509.0,509.0,,,0.0,,,0.0
2025-11-29 09:00:00,,,,,,,509.0,509.0,,,0.0,,,0.0
2025-11-29 10:00:00,,,,,,,509.0,509.0,,,0.0,,,0.0
2025-11-29 11:00:00,,,,,,,509.0,509.0,,,0.0,,,0.0
2025-11-29 12:00:00,,,,,,,509.0,509.0,,,0.0,,,0.0
2025-11-29 13:00:00,,,,,,,509.0,509.0,,,0.0,,,0.0
2025-11-29 14:00:00,,,,,,,509.0,509.0,,,0.0,,,0.0
2025-11-29 15:00:00,,,,,,,249.0,249.0,,,0.0,,,0.0
2025-11-29 16:00:00,0.079399996,,,,,,1217.0,1273.0,,,0.0,,,0.0
2025-11-29 17:00:00,,,,,,,1273.0,1273.0,,,0.0,,,0.0
2025-11-29 18:00:00,,,,,,,1273.0,1273.0,,,0.0,,,0.0
2025-11-29 19:00:00,,,,,,,1273.0,1273.0,,,0.0,,,0.0
2025-11-29 20:00:00,,,,,,,1273.0,1273.0,,,0.0,,,0.0
2025-11-29 21:00:00,,,,,,,1273.0,1273.0,,,0.0,,,0.0
2025-11-29 22:00:00,,,,,,,1273.0,1273.0,,,0.0,,,0.0
2025-11-29 23:00:00,,,,,,,1273.0,1273.0,,,0.0,,,0.0
2025-11-30 00:00:00,,,,,,,1273.0,1273.0,,,0.0,,,0.0
2025-11-30 01:00:00,,,,,,,1273.0,1273.0,,,0.0,,,0.0
2025-11-30 02:00:00,,,,,,,1273.0,1273.0,,,0.0,,,0.0
2025-11-30 03:00:00,,,,,,,1273.0,1273.0,,,0.0,,,0.0
2025-11-30 04:00:00,,,,,,,1273.0,1273.0,,,0.0,,,0.0
2025-11-30 05:00:00,,,,,,,1273.0,1273.0,,,0.0,,,0.0
2025-11-30 06:00:00,,,,,,,1273.0,1273.0,,,0.0,,,0.0
2025-11-30 07:00:00,,,,,,,1273.0,1273.0,,,0.0,,,0.0
2025-11-30 08:00:00,,,,,,,249.0,249.0,,,0.0,,,0.0
2025-11-30 09:00:00,,,,,,,509.0,509.0,,,0.0,,,0.0
2025-11-30 10:00:00,,,,,,,509.0,509.0,,,0.0,,,0.0
2025-11-30 11:00:00,,,,,,,509.0,509.0,,,0.0,,,0.0
2025-11-30 12:00:00,,,,,,,509.0,509.0,,,0.0,,,0.0
2025-11-30 13:00:00,,,,,,,509.0,509.0,,,0.0,,,0.0
2025-11-30 14:00:00,,,,,,,509.0,509.0,,,0.0,,,0.0
2025-11-30 15:00:00,0.1982,,,,,,193.0,249.0,,,0.0,,,0.0
2025-11-30 16:00:00,0.22999999,,,,,,1217.0,1273.0,,,0.0,,,0.0
2025-11-30 17:00:00,,,,,,,1273.0,1273.0,,,0.0,,,0.0
2025-11-30 18:00:00,,,,,,,1273.0,1273.0,,,0.0,,,0.0
2025-11-30 19:00:00,,,,,,,1273.0,1273.0,,,0.0,,,0.0
2025-11-30 20:00:00,,,,,,,1273.0,1273.0,,,0.0,,,0.0
2025-11-30 21:00:00,,,,,,,1273.0,1273.0,,,0.0,,,0.0
2025-11-30 22:00:00,,,,,,,1273.0,1273.0,,,0.0,,,0.0
2025-11-30 23:00:00,,,,,,,1273.0,1273.0,,,0.0,,,0.0
2025-12-01 00:00:00,,,,,,,1273.0,1273.0,,,0.0,,,0.0
2025-12-01 01:00:00,,,,,,,1273.0,1273.0,,,0.0,,,0.0
2025-12-01 02:00:00,,,,,,,1273.0,1273.0,,,0.0,,,0.0
2025-12-01 03:00:00,,,,,,,1529.0,1529.0,,,0.0,,,0.0
2025-12-01 04:00:00,,,,,,,1273.0,1273.0,,,0.0,,,0.0
2025-12-01 05:00:00,,,,,,,1273.0,1273.0,,,0.0,,,0.0
2025-12-01 06:00:00,,,,,,,1273.0,1273.0,,,0.0,,,0.0
2025-12-01 07:00:00,,,,,,,1533.0,1533.0,,,0.0,,,0.0
2025-12-01 08:00:00,,,,,,,509.0,509.0,,,0.0,,,0.0
2025-12-01 09:00:00,,,,,,,509.0,509.0,,,0.0,,,0.0
2025-12-01 10:00:00,,,,,,,509.0,509.0,,,0.0,,,0.0
2025-12-01 11:00:00,,,,,,,509.0,509.0,,,0.0,,,0.0
2025-12-01 12:00:00,,,,,,,509.0,509.0,,,0.0,,,0.0
2025-12-01 13:00:00,,,,,,,509.0,509.0,,,0.0,,,0.0
2025-12-01 14:00:00,0.5922,,,,,,193.0,249.0,0.44099998,0.063599996,5.0,1.2105999,0.22429997,5.0
2025-12-01 15:00:00,0.522,,,,,,449.0,505.0,,,0.0,,,0.0
2025-12-01 16:00:00,,,,,,,1529.0,1529.0,,,0.0,,,0.0
2025-12-01 17:00:00,,,,,,,1273.0,1273.0,,,0.0,,,0.0
2025-12-01 18:00:00,,,,,,,1273.0,1273.0,,,0.0,,,0.0
2025-12-01 19:00:00,,,,,,,1273.0,1273.0,,,0.0,,,0.0
2025-12-01 20:00:00,,,,,,,1533.0,1533.0,,,0.0,,,0.0
2025-12-01 21:00:00,,,,,,,1273.0,1273.0,,,0.0,,,0.0
2025-12-01 22:00:00,,,,,,,1273.0,1273.0,,,0.0,,,0.0
2025-12-01 23:00:00,,,,,,,1529.0,1529.0,,,0.0,,,0.0
2025-12-02 00:00:00,,,,,,,1273.0,1273.0,,,0.0,,,0.0
2025-12-02 01:00:00,,,,,,,1529.0,1529.0,,,0.0,,,0.0
2025-12-02 02:00:00,,,,,,,1273.0,1273.0,,,0.0,,,0.0
2025-12-02 03:00:00,,,,,,,1529.0,1529.0,,,0.0,,,0.0
2025-12-02 04:00:00,,,,,,,1273.0,1273.0,,,0.0,,,0.0
2025-12-02 05:00:00,,,,,,,1533.0,1533.0,,,0.0,,,0.0
2025-12-02 06:00:00,,,,,,,1529.0,1529.0,,,0.0,,,0.0
2025-12-02 07:00:00,,,,,,,1273.0,1273.0,,,0.0,,,0.0
2025-12-02 08:00:00,,,,,,,1533.0,1533.0,,,0.0,,,0.0
2025-12-02 09:00:00,,,,,,,509.0,509.0,,,0.0,,,0.0
2025-12-02 10:00:00,,,,,,,509.0,509.0,,,0.0,,,0.0
2025-12-02 11:00:00,,,,,,,249.0,249.0,,,0.0,,,0.0
2025-12-02 12:00:00,,,,,,,509.0,509.0,,,0.0,,,0.0
2025-12-02 13:00:00,,,,,,,509.0,509.0,,,0.0,,,0.0
2025-12-02 14:00:00,,,,,,,509.0,509.0,,,0.0,,,0.0
2025-12-02 15:00:00,,,,,,,509.0,509.0,,,0.0,,,0.0
2025-12-02 16:00:00,,,,,,,505.0,505.0,,,0.0,,,0.0
2025-12-02 17:00:00,,,,,,,1533.0,1533.0,,,0.0,,,0.0
2025-12-02 18:00:00,,,,,,0.0001,1273.0,1081.0,,,0.0,,,0.0
2025-12-02 19:00:00,,,,,,,1273.0,1273.0,,,0.0,,,0.0
2025-12-02 20:00:00,,,,,,,1533.0,1533.0,,,0.0,,,0.0
2025-12-02 21:00:00,,,,,,,1529.0,1529.0,,,0.0,,,0.0
2025-12-02 22:00:00,,,,,,,1533.0,1533.0,,,0.0,,,0.0
2025-12-02 23:00:00,,,,,,,1273.0,1273.0,,,0.0,,,0.0
2025-12-03 00:00:00,,,,,,,1533.0,1533.0,,,0.0,,,0.0
2025-12-03 01:00:00,,,,,,,1273.0,1273.0,,,0.0,,,0.0
2025-12-03 02:00:00,,,,,,,1273.0,1273.0,,,0.0,,,0.0
2025-12-03 03:00:00,,,,,,,1273.0,1273.0,,,0.0,,,0.0
2025-12-03 04:00:00,,,,,,,1273.0,1273.0,,,0.0,,,0.0
2025-12-03 05:00:00,,,,,,,1273.0,1273.0,,,0.0,,,0.0
2025-12-03 06:00:00,,,,,,,1273.0,1273.0,,,0.0,,,0.0
2025-12-03 07:00:00,,,,,,,1273.0,1273.0,,,0.0,,,0.0
2025-12-03 08:00:00,,,,,,,1533.0,1533.0,,,0.0,,,0.0
2025-12-03 09:00:00,,,,,,,509.0,509.0,,,0.0,,,0.0
2025-12-03 10:00:00,,,,,,,509.0,509.0,,,0.0,,,0.0
2025-12-03 11:00:00,,,,,,,509.0,509.0,,,0.0,,,0.0
2025-12-03 12:00:00,,,,,,,509.0,509.0,,,0.0,,,0.0
2025-12-03 13:00:00,,,,,,,509.0,509.0,,,0.0,,,0.0
2025-12-03 14:00:00,,,,,,,509.0,509.0,,,0.0,,,0.0
2025-12-03 15:00:00,,,,,,,509.0,509.0,,,0.0,,,0.0
2025-12-03 16:00:00,,,,,,,509.0,509.0,,,0.0,,,0.0
2025-12-03 17:00:00,,,,,,,1533.0,1533.0,,,0.0,,,0.0
2025-12-03 18:00:00,,,,,,,1273.0,1273.0,,,0.0,,,0.0
2025-12-03 19:00:00,,,,,,,1273.0,1273.0,,,0.0,,,0.0
2025-12-03 20:00:00,,,,,,,1273.0,1273.0,,,0.0,,,0.0
2025-12-03 21:00:00,,,,,,,1529.0,1529.0,,,0.0,,,0.0
2025-12-03 22:00:00,,,,,,,1529.0,1529.0,,,0.0,,,0.0
2025-12-03 23:00:00,,,,,,,1273.0,1273.0,,,0.0,,,0.0
2025-12-04 00:00:00,,,,,,,1273.0,1273.0,,,0.0,,,0.0
2025-12-04 01:00:00,,,,,,,1273.0,1273.0,,,0.0,,,0.0
2025-12-04 02:00:00,,,,,,,1273.0,1273.0,,,0.0,,,0.0
2025-12-04 03:00:00,,,,,,,1273.0,1273.0,,,0.0,,,0.0
2025-12-04 04:00:00,,,,,,,1273.0,1273.0,,,0.0,,,0.0
2025-12-04 05:00:00,,,,,,,1273.0,1273.0,,,0.0,,,0.0
2025-12-04 06:00:00,,,,,,,1273.0,1273.0,,,0.0,,,0.0
2025-12-04 07:00:00,,,,,,,1533.0,1533.0,,,0.0,,,0.0
2025-12-04 08:00:00,,,,,,,1533.0,1533.0,,,0.0,,,0.0
2025-12-04 09:00:00,,,,,,,509.0,509.0,,,0.0,,,0.0
2025-12-04 10:00:00,,,,,,,509.0,509.0,,,0.0,,,0.0
2025-12-04 11:00:00,,,,,,,509.0,509.0,,,0.0,,,0.0
2025-12-04 12:00:00,,,,,,,509.0,509.0,,,0.0,,,0.0
2025-12-04 13:00:00,,,,,,,509.0,509.0,,,0.0,,,0.0
2025-12-04 14:00:00,,,,,,,509.0,509.0,,,0.0,,,0.0
2025-12-04 15:00:00,,,,,,,509.0,509.0,,,0.0,,,0.0
2025-12-04 16:00:00,,,,,,,1533.0,1533.0,,,0.0,,,0.0
2025-12-04 17:00:00,,,,,,,1533.0,1533.0,,,0.0,,,0.0
2025-12-04 18:00:00,,,,,,,1533.0,1533.0,,,0.0,,,0.0
2025-12-04 19:00:00,,,,,,,1273.0,1273.0,,,0.0,,,0.0
2025-12-04 20:00:00,,,,,,,1273.0,1273.0,,,0.0,,,0.0
2025-12-04 21:00:00,,,,,,,1273.0,1273.0,,,0.0,,,0.0
2025-12-04 22:00:00,,,,,,,1533.0,1533.0,,,0.0,,,0.0
2025-12-04 23:00:00,,,,,,,1273.0,1273.0,,,0.0,,,0.0
2025-12-05 00:00:00,,,,,,,1273.0,1273.0,,,0.0,,,0.0
2025-12-05 01:00:00,,,,,,,1273.0,1273.0,,,0.0,,,0.0
2025-12-05 02:00:00,,,,,,,1273.0,1273.0,,,0.0,,,0.0
2025-12-05 03:00:00,,,,,,,1273.0,1273.0,,,0.0,,,0.0
2025-12-05 04:00:00,,,,,,,1273.0,1273.0,,,0.0,,,0.0
2025-12-05 05:00:00,,,,,,,1273.0,1273.0,,,0.0,,,0.0
2025-12-05 06:00:00,,,,,,,1273.0,1273.0,,,0.0,,,0.0
2025-12-05 07:00:00,,,,,,,1533.0,1533.0,,,0.0,,,0.0
2025-12-05 08:00:00,,,,,,,1533.0,1533.0,,,0.0,,,0.0
2025-12-05 09:00:00,,,,,,,509.0,509.0,,,0.0,,,0.0
2025-12-05 10:00:00,,,,,,,509.0,509.0,,,0.0,,,0.0
2025-12-05 11:00:00,,,,,,,509.0,509.0,,,0.0,,,0.0
2025-12-05 12:00:00,,,,,,,509.0,509.0,,,0.0,,,0.0
2025-12-05 13:00:00,,,,,,,509.0,509.0,,,0.0,,,0.0
2025-12-05 14:00:00,,,,,,,509.0,509.0,,,0.0,,,0.0
2025-12-05 15:00:00,,,,,,,509.0,509.0,,,0.0,,,0.0
2025-12-05 16:00:00,,,,,,,1533.0,1533.0,,,0.0,,,0.0
2025-12-05 17:00:00,,,,,,,1273.0,1273.0,,,0.0,,,0.0
2025-12-05 18:00:00,,,,,,,1273.0,1273.0,,,0.0,,,0.0
2025-12-05 19:00:00,,,,,,,1273.0,1273.0,,,0.0,,,0.0
2025-12-05 20:00:00,,,,,,,1273.0,1273.0,,,0.0,,,0.0
2025-12-05 21:00:00,,,,,,,1273.0,1273.0,,,0.0,,,0.0
2025-12-05 22:00:00,,,,,,,1273.0,1273.0,,,0.0,,,0.0
2025-12-05 23:00:00,,,,,,,1273.0,1273.0,,,0.0,,,0.0
2025-12-06 00:00:00,,,,,,,1533.0,1533.0,,,0.0,,,0.0
2025-12-06 01:00:00,,,,,,,1273.0,1273.0,,,0.0,,,0.0
2025-12-06 02:00:00,,,,,,,1533.0,1533.0,,,0.0,,,0.0
2025-12-06 03:00:00,,,,,,,1273.0,1273.0,,,0.0,,,0.0
2025-12-06 04:00:00,,,,,,,1529.0,1529.0,,,0.0,,,0.0
2025-12-06 05:00:00,,,,,,,1529.0,1529.0,,,0.0,,,0.0
2025-12-06 06:00:00,,,,,,,1273.0,1273.0,,,0.0,,,0.0
2025-12-06 07:00:00,,,,,,,1533.0,1533.0,,,0.0,,,0.0
2025-12-06 08:00:00,,,,,,,1533.0,1533.0,,,0.0,,,0.0
2025-12-06 09:00:00,,,,,,,509.0,509.0,,,0.0,,,0.0
2025-12-06 10:00:00,,,,,,,509.0,509.0,,,0.0,,,0.0
2025-12-06 11:00:00,,,,,,,509.0,509.0,,,0.0,,,0.0
2025-12-06 12:00:00,,,,,,,509.0,509.0,,,0.0,,,0.0
2025-12-06 13:00:00,,,,,,,509.0,509.0,,,0.0,,,0.0
2025-12-06 14:00:00,,,,,,,509.0,509.0,,,0.0,,,0.0
2025-12-06 15:00:00,,,,,,,509.0,509.0,,,0.0,,,0.0
2025-12-06 16:00:00,,,,,,,1533.0,1533.0,,,0.0,,,0.0
2025-12-06 17:00:00,,,,,,,1273.0,1273.0,,,0.0,,,0.0
2025-12-06 18:00:00,,,,,,,1273.0,1273.0,,,0.0,,,0.0
2025-12-06 19:00:00,,,,,,,1273.0,1273.0,,,0.0,,,0.0
2025-12-06 20:00:00,,,,,,,1273.0,1273.0,,,0.0,,,0.0
2025-12-06 21:00:00,,,,,,,1273.0,1273.0,,,0.0,,,0.0
2025-12-06 22:00:00,,,,,,,1273.0,1273.0,,,0.0,,,0.0
2025-12-06 23:00:00,,,,,,,1273.0,1273.0,,,0.0,,,0.0
2025-12-07 00:00:00,,,,,,,1273.0,1273.0,,,0.0,,,0.0
2025-12-07 01:00:00,,,,,,,1273.0,1273.0,,,0.0,,,0.0
2025-12-07 02:00:00,,,,,,,1273.0,1273.0,,,0.0,,,0.0
2025-12-07 03:00:00,,,,,,,1273.0,1273.0,,,0.0,,,0.0
2025-12-07 04:00:00,,,,,,,1273.0,1273.0,,,0.0,,,0.0
2025-12-07 05:00:00,,,,,,,1273.0,1273.0,,,0.0,,,0.0
2025-12-07 06:00:00,,,,,,,1529.0,1529.0,,,0.0,,,0.0
2025-12-07 07:00:00,,,,,,,1533.0,1533.0,,,0.0,,,0.0
2025-12-07 08:00:00,,,,,,,1533.0,1533.0,,,0.0,,,0.0
2025-12-07 09:00:00,,,,,,,509.0,509.0,,,0.0,,,0.0
2025-12-07 10:00:00,,,,,,,509.0,509.0,,,0.0,,,0.0
2025-12-07 11:00:00,,,,,,,509.0,509.0,,,0.0,,,0.0
2025-12-07 12:00:00,,,,,,,509.0,509.0,,,0.0,,,0.0
2025-12-07 13:00:00,,,,,,,509.0,509.0,,,0.0,,,0.0
2025-12-07 14:00:00,,,,,,,509.0,509.0,,,0.0,,,0.0
2025-12-07 15:00:00,,,,,,,509.0,509.0,,,0.0,,,0.0
2025-12-07 16:00:00,,,,,,,1533.0,1533.0,,,0.0,,,0.0
2025-12-07 17:00:00,,,,,,,1273.0,1273.0,,,0.0,,,0.0
2025-12-07 18:00:00,,,,,,,1273.0,1273.0,,,0.0,,,0.0
2025-12-07 19:00:00,,,,,,,1273.0,1273.0,,,0.0,,,0.0
2025-12-07 20:00:00,,,,,,,1273.0,1273.0,,,0.0,,,0.0
2025-12-07 21:00:00,,,,,,,1273.0,1273.0,,,0.0,,,0.0
2025-12-07 22:00:00,,,,,,,1273.0,1273.0,,,0.0,,,0.0
2025-12-07 23:00:00,,,,,,,1533.0,1533.0,,,0.0,,,0.0
2025-12-08 00:00:00,,,,,,,1533.0,1533.0,,,0.0,,,0.0
2025-12-08 01:00:00,,,,,,,1273.0,1273.0,,,0.0,,,0.0
2025-12-08 02:00:00,,,,,,,1273.0,1273.0,,,0.0,,,0.0
2025-12-08 03:00:00,,,,,,,1273.0,1273.0,,,0.0,,,0.0
2025-12-08 04:00:00,,,,,,,1273.0,1273.0,,,0.0,,,0.0
2025-12-08 05:00:00,,,,,,,1273.0,1273.0,,,0.0,,,0.0
2025-12-08 06:00:00,,,,,,,1273.0,1273.0,,,0.0,,,0.0
2025-12-08 07:00:00,,,,,,,1533.0,1533.0,,,0.0,,,0.0
2025-12-08 08:00:00,,,,,,,1533.0,1533.0,,,0.0,,,0.0
2025-12-08 09:00:00,,,,,,,509.0,509.0,,,0.0,,,0.0
2025-12-08 10:00:00,,,,,,,509.0,509.0,,,0.0,,,0.0
2025-12-08 11:00:00,,,,,,,509.0,509.0,,,0.0,,,0.0
2025-12-08 12:00:00,,,,,,,509.0,509.0,,,0.0,,,0.0
2025-12-08 13:00:00,,,,,,,509.0,509.0,,,0.0,,,0.0
2025-12-08 14:00:00,,,,,,,509.0,509.0,,,0.0,,,0.0
2025-12-08 15:00:00,,,,,,,509.0,509.0,,,0.0,,,0.0
2025-12-08 16:00:00,,,,,,,1533.0,1533.0,,,0.0,,,0.0
2025-12-08 17:00:00,,,,,,,1533.0,1533.0,,,0.0,,,0.0
2025-12-08 18:00:00,,,,,,,1273.0,1273.0,,,0.0,,,0.0
2025-12-08 19:00:00,,,,,,,1273.0,1273.0,,,0.0,,,0.0
2025-12-08 20:00:00,,,,,,,1273.0,1273.0,,,0.0,,,0.0
2025-12-08 21:00:00,,,,,,,1273.0,1273.0,,,0.0,,,0.0
2025-12-08 22:00:00,,,,,,,1273.0,1273.0,,,0.0,,,0.0
2025-12-08 23:00:00,,,,,,,1273.0,1273.0,,,0.0,,,0.0
2025-12-09 00:00:00,,,,,,,1273.0,1273.0,,,0.0,,,0.0
2025-12-09 01:00:00,,,,,,,1273.0,1273.0,,,0.0,,,0.0
2025-12-09 02:00:00,,,,,,,1273.0,1273.0,,,0.0,,,0.0
2025-12-09 03:00:00,,,,,,,1273.0,1273.0,,,0.0,,,0.0
2025-12-09 04:00:00,,,,,,,1529.0,1529.0,,,0.0,,,0.0
2025-12-09 05:00:00,,,,,,,1529.0,1529.0,,,0.0,,,0.0
2025-12-09 06:00:00,,,,,,,1529.0,1529.0,,,0.0,,,0.0
2025-12-09 07:00:00,,,,,,,1529.0,1529.0,,,0.0,,,0.0
2025-12-09 08:00:00,,,,,,,1533.0,1533.0,,,0.0,,,0.0
2025-12-09 09:00:00,,,,,,,509.0,509.0,,,0.0,,,0.0
2025-12-09 10:00:00,,,,,,,509.0,509.0,,,0.0,,,0.0
2025-12-09 11:00:00,,,,,,,505.0,505.0,,,0.0,,,0.0
2025-12-09 12:00:00,,,,,,,249.0,249.0,,,0.0,,,0.0
2025-12-09 13:00:00,,,,,,,509.0,509.0,,,0.0,,,0.0
2025-12-09 14:00:00,,,,,,,509.0,509.0,,,0.0,,,0.0
2025-12-09 15:00:00,,,,,,,505.0,505.0,,,0.0,,,0.0
2025-12-09 16:00:00,,,,,,,1533.0,1533.0,,,0.0,,,0.0
2025-12-09 17:00:00,,,,,,,1533.0,1533.0,,,0.0,,,0.0
2025-12-09 18:00:00,,,,,,,1273.0,1273.0,,,0.0,,,0.0
2025-12-09 19:00:00,,,,,,,1273.0,1273.0,,,0.0,,,0.0
2025-12-09 20:00:00,,,,,,,1273.0,1273.0,,,0.0,,,0.0
2025-12-09 21:00:00,,,,,,,1273.0,1273.0,,,0.0,,,0.0
2025-12-09 22:00:00,,,,,,,1529.0,1529.0,,,0.0,,,0.0
2025-12-09 23:00:00,,,,,,,1529.0,1529.0,,,0.0,,,0.0
2025-12-10 00:00:00,,,,,,,1273.0,1273.0,,,0.0,,,0.0
2025-12-10 01:00:00,,,,,,,1273.0,1273.0,,,0.0,,,0.0
2025-12-10 02:00:00,,,,,,,1273.0,1273.0,,,0.0,,,0.0
2025-12-10 03:00:00,,,,,,,1533.0,1533.0,,,0.0,,,0.0
2025-12-10 04:00:00,,,,,,,1273.0,1273.0,,,0.0,,,0.0
2025-12-10 05:00:00,,,,,,,1273.0,1273.0,,,0.0,,,0.0
2025-12-10 06:00:00,,,,,,,1273.0,1273.0,,,0.0,,,0.0
2025-12-10 07:00:00,,,,,,,1273.0,1273.0,,,0.0,,,0.0
2025-12-10 08:00:00,,,,,,,1533.0,1533.0,,,0.0,,,0.0
2025-12-10 09:00:00,,,,,,,2553.0,2552.0,1.1256,0.0,1.0,1.2835,0.0,1.0
2025-12-10 10:00:00,,,,,,,505.0,505.0,,,0.0,,,0.0
2025-12-10 11:00:00,0.9034,,,,,,193.0,249.0,,,0.0,,,0.0
2025-12-10 12:00:00,,,,,,,509.0,509.0,,,0.0,,,0.0
2025-12-10 13:00:00,0.83,,,,,,193.0,249.0,,,0.0,,,0.0
2025-12-10 14:00:00,0.791,0.8786,0.181,0.1778,,1.2378,192.0,0.0,0.89879996,0.0464,3.0,1.2328999,0.030999959,3.0
2025-12-10 15:00:00,,,,,,,509.0,509.0,,,0.0,,,0.0
2025-12-10 16:00:00,,,,,,,1533.0,1533.0,,,0.0,,,0.0
2025-12-10 17:00:00,,,,,,,1533.0,1533.0,,,0.0,,,0.0
2025-12-10 18:00:00,,,,,,,1529.0,1529.0,,,0.0,,,0.0
2025-12-10 19:00:00,,,,,,,1273.0,1273.0,,,0.0,,,0.0
2025-12-10 20:00:00,,,,,,,1529.0,1529.0,,,0.0,,,0.0
2025-12-10 21:00:00,,,,,,,1273.0,1273.0,,,0.0,,,0.0
2025-12-10 22:00:00,,,,,,,1273.0,1273.0,,,0.0,,,0.0
2025-12-10 23:00:00,,,,,,,1273.0,1273.0,,,0.0,,,0.0
2025-12-11 00:00:00,,,,,,,1273.0,1273.0,,,0.0,,,0.0
2025-12-11 01:00:00,,,,,,,1533.0,1533.0,,,0.0,,,0.0
2025-12-11 02:00:00,,,,,,,1533.0,1533.0,,,0.0,,,0.0
2025-12-11 03:00:00,,,,,,,1529.0,1529.0,,,0.0,,,0.0
2025-12-11 04:00:00,,,,,,,1529.0,1529.0,,,0.0,,,0.0
2025-12-11 05:00:00,,,,,,,1533.0,1533.0,,,0.0,,,0.0
2025-12-11 06:00:00,,,,,,,1533.0,1533.0,,,0.0,,,0.0
2025-12-11 07:00:00,,,,,,,1533.0,1533.0,,,0.0,,,0.0
2025-12-11 08:00:00,,,,,,,1533.0,1533.0,,,0.0,,,0.0
2025-12-11 09:00:00,,,,,,,509.0,509.0,,,0.0,,,0.0
2025-12-11 10:00:00,,,,,,,509.0,509.0,,,0.0,,,0.0
2025-12-11 11:00:00,,,,,,,509.0,509.0,,,0.0,,,0.0
2025-12-11 12:00:00,,,,,,,509.0,509.0,,,0.0,,,0.0
2025-12-11 13:00:00,,,,,,,509.0,509.0,,,0.0,,,0.0
2025-12-11 14:00:00,,,,,,,509.0,509.0,,,0.0,,,0.0
2025-12-11 15:00:00,,,,,,,509.0,509.0,,,0.0,,,0.0
2025-12-11 16:00:00,,,,,,,1533.0,1533.0,,,0.0,,,0.0
2025-12-11 17:00:00,,,,,,,1529.0,1529.0,,,0.0,,,0.0
2025-12-11 18:00:00,,,,,,,1273.0,1273.0,,,0.0,,,0.0
2025-12-11 19:00:00,,,,,,,1529.0,1529.0,,,0.0,,,0.0
2025-12-11 20:00:00,,,,,,,1533.0,1533.0,,,0.0,,,0.0
2025-12-11 21:00:00,,,,,,,1533.0,1533.0,,,0.0,,,0.0
2025-12-11 22:00:00,,,,,,,1273.0,1273.0,,,0.0,,,0.0
2025-12-11 23:00:00,,,,,,,1533.0,1533.0,,,0.0,,,0.0
2025-12-12 00:00:00,,,,,,,1273.0,1273.0,,,0.0,,,0.0
2025-12-12 01:00:00,,,,,,,1273.0,1273.0,,,0.0,,,0.0
2025-12-12 02:00:00,,,,,,,1273.0,1273.0,,,0.0,,,0.0
2025-12-12 03:00:00,,,,,,,1533.0,1533.0,,,0.0,,,0.0
2025-12-12 04:00:00,,,,,,,1533.0,1533.0,,,0.0,,,0.0
2025-12-12 05:00:00,,,,,,,1273.0,1273.0,,,0.0,,,0.0
2025-12-12 06:00:00,,,,,,,1273.0,1273.0,,,0.0,,,0.0
2025-12-12 07:00:00,,,,,,,1533.0,1533.0,,,0.0,,,0.0
2025-12-12 08:00:00,,,,,,,1533.0,1533.0,,,0.0,,,0.0
2025-12-12 09:00:00,,,,,,,509.0,509.0,,,0.0,,,0.0
2025-12-12 10:00:00,,,,,,,509.0,509.0,,,0.0,,,0.0
2025-12-12 11:00:00,,,,,,,509.0,509.0,,,0.0,,,0.0
2025-12-12 12:00:00,,,,,,,509.0,509.0,,,0.0,,,0.0
2025-12-12 13:00:00,,,,,,,509.0,509.0,,,0.0,,,0.0
2025-12-12 14:00:00,,,,,,,509.0,509.0,,,0.0,,,0.0
2025-12-12 15:00:00,,,,,,,509.0,509.0,,,0.0,,,0.0
2025-12-12 16:00:00,,,,,,,1533.0,1533.0,,,0.0,,,0.0
2025-12-12 17:00:00,,,,,,,1533.0,1533.0,,,0.0,,,0.0
2025-12-12 18:00:00,,,,,,,1533.0,1533.0,,,0.0,,,0.0
2025-12-12 19:00:00,,,,,,,1533.0,1533.0,,,0.0,,,0.0
2025-12-12 20:00:00,,,,,,,1533.0,1533.0,,,0.0,,,0.0
2025-12-12 21:00:00,,,,,,,1533.0,1533.0,,,0.0,,,0.0
2025-12-12 22:00:00,,,,,,,1529.0,1529.0,,,0.0,,,0.0
2025-12-12 23:00:00,,,,,,,1533.0,1533.0,,,0.0,,,0.0
2025-12-13 00:00:00,,,,,,,1533.0,1533.0,,,0.0,,,0.0
2025-12-13 01:00:00,,,,,,,1533.0,1533.0,,,0.0,,,0.0
2025-12-13 02:00:00,,,,,,,1529.0,1529.0,,,0.0,,,0.0
2025-12-13 03:00:00,,,,,,,1529.0,1529.0,,,0.0,,,0.0
2025-12-13 04:00:00,,,,,,,1533.0,1533.0,,,0.0,,,0.0
2025-12-13 05:00:00,,,,,,,1533.0,1533.0,,,0.0,,,0.0
2025-12-13 06:00:00,,,,,,,1533.0,1533.0,,,0.0,,,0.0
2025-12-13 07:00:00,,,,,,,1533.0,1533.0,,,0.0,,,0.0
2025-12-13 08:00:00,,,,,,,1533.0,1533.0,,,0.0,,,0.0
2025-12-13 09:00:00,,,,,,,509.0,509.0,,,0.0,,,0.0
2025-12-13 10:00:00,,,,,,,509.0,509.0,,,0.0,,,0.0
2025-12-13 11:00:00,,,,,,,509.0,509.0,,,0.0,,,0.0
2025-12-13 12:00:00,,,,,,,509.0,509.0,,,0.0,,,0.0
2025-12-13 13:00:00,,,,,,,509.0,509.0,,,0.0,,,0.0
2025-12-13 14:00:00,,,,,,,509.0,509.0,,,0.0,,,0.0
2025-12-13 15:00:00,,,,,,,509.0,509.0,,,0.0,,,0.0
2025-12-13 16:00:00,,,,,,,1533.0,1533.0,,,0.0,,,0.0
2025-12-13 17:00:00,,,,,,,1533.0,1533.0,,,0.0,,,0.0
2025-12-13 18:00:00,,,,,,,1533.0,1533.0,,,0.0,,,0.0
2025-12-13 19:00:00,,,,,,,1533.0,1533.0,,,0.0,,,0.0
2025-12-13 20:00:00,,,,,,,1273.0,1273.0,,,0.0,,,0.0
2025-12-13 21:00:00,,,,,,,1529.0,1529.0,,,0.0,,,0.0
2025-12-13 22:00:00,,,,,,,1533.0,1533.0,,,0.0,,,0.0
2025-12-13 23:00:00,,,,,,,1533.0,1533.0,,,0.0,,,0.0
2025-12-14 00:00:00,,,,,,,1533.0,1533.0,,,0.0,,,0.0
2025-12-14 01:00:00,,,,,,,1533.0,1533.0,,,0.0,,,0.0
2025-12-14 02:00:00,,,,,,,1529.0,1529.0,,,0.0,,,0.0
2025-12-14 03:00:00,,,,,,,1273.0,1273.0,,,0.0,,,0.0
2025-12-14 04:00:00,,,,,,,1273.0,1273.0,,,0.0,,,0.0
2025-12-14 05:00:00,,,,,,,1533.0,1533.0,,,0.0,,,0.0
2025-12-14 06:00:00,,,,,,,1533.0,1533.0,,,0.0,,,0.0
2025-12-14 07:00:00,,,,,,,1533.0,1533.0,,,0.0,,,0.0
2025-12-14 08:00:00,,,,,,,1533.0,1533.0,,,0.0,,,0.0
2025-12-14 09:00:00,,,,,,,509.0,509.0,0.3978,0.0,1.0,0.801,0.0,1.0
2025-12-14 10:00:00,,,,,,,509.0,509.0,,,0.0,,,0.0
2025-12-14 11:00:00,,,,,,,509.0,509.0,,,0.0,,,0.0
2025-12-14 12:00:00,,,,,,,509.0,509.0,,,0.0,,,0.0
2025-12-14 13:00:00,,,,,,,509.0,509.0,,,0.0,,,0.0
2025-12-14 14:00:00,,,,,,,509.0,509.0,,,0.0,,,0.0
2025-12-14 15:00:00,,,,,,,509.0,509.0,,,0.0,,,0.0
2025-12-14 16:00:00,,,,,,,1533.0,1533.0,,,0.0,,,0.0
2025-12-14 17:00:00,,,,,,,1529.0,1529.0,,,0.0,,,0.0
2025-12-14 18:00:00,,,,,,,1273.0,1273.0,,,0.0,,,0.0
2025-12-14 19:00:00,,,,,,,1529.0,1529.0,,,0.0,,,0.0
2025-12-14 20:00:00,,,,,,,1273.0,1273.0,,,0.0,,,0.0
2025-12-14 21:00:00,,,,,,,1529.0,1529.0,,,0.0,,,0.0
2025-12-14 22:00:00,,,,,,,1273.0,1273.0,,,0.0,,,0.0
2025-12-14 23:00:00,,,,,,,1273.0,1273.0,,,0.0,,,0.0
2025-12-15 00:00:00,,,,,,,1273.0,1273.0,,,0.0,,,0.0
2025-12-15 01:00:00,,,,,,,1273.0,1273.0,,,0.0,,,0.0
2025-12-15 02:00:00,,,,,,,1273.0,1273.0,,,0.0,,,0.0
2025-12-15 03:00:00,,,,,,,1273.0,1273.0,,,0.0,,,0.0
2025-12-15 04:00:00,,,,,,,1273.0,1273.0,,,0.0,,,0.0
2025-12-15 05:00:00,,,,,,,1273.0,1273.0,,,0.0,,,0.0
2025-12-15 06:00:00,,,,,,,1273.0,1273.0,,,0.0,,,0.0
2025-12-15 07:00:00,,,,,,,1533.0,1533.0,,,0.0,,,0.0
2025-12-15 08:00:00,,,,,,,1533.0,1533.0,,,0.0,,,0.0
2025-12-15 09:00:00,,,,,,,509.0,509.0,,,0.0,,,0.0
2025-12-15 10:00:00,,,,,,,509.0,509.0,,,0.0,,,0.0
2025-12-15 11:00:00,,,,,,,509.0,509.0,1.7464,0.0,1.0,0.7049999,0.0,1.0
2025-12-15 12:00:00,,,,,,,509.0,509.0,,,0.0,,,0.0
2025-12-15 13:00:00,,,,,,,505.0,504.0,2.5562,0.0,1.0,0.2001,0.0,1.0
2025-12-15 14:00:00,,,,,,,509.0,509.0,,,0.0,,,0.0
2025-12-15 15:00:00,,,,,,,249.0,248.0,0.6418,0.063599996,4.0,1.0864999,0.094799995,4.0
2025-12-15 16:00:00,,,,,,,1529.0,1529.0,0.7418,0.0138,3.0,0.94799995,0.005199969,3.0
2025-12-15 17:00:00,,,,,,,1273.0,1273.0,,,0.0,,,0.0
2025-12-15 18:00:00,,,,,,,1533.0,1533.0,,,0.0,,,0.0
2025-12-15 19:00:00,,,,,,,1273.0,1273.0,,,0.0,,,0.0
2025-12-15 20:00:00,,,,,,,1529.0,1529.0,,,0.0,,,0.0
2025-12-15 21:00:00,,,,,,,1273.0,1273.0,,,0.0,,,0.0
2025-12-15 22:00:00,,,,,,,1273.0,1273.0,,,0.0,,,0.0
2025-12-15 23:00:00,,,,,,,1529.0,1529.0,,,0.0,,,0.0
2025-12-16 00:00:00,,,,,,,1273.0,1273.0,,,0.0,,,0.0
2025-12-16 01:00:00,,,,,,,1273.0,1273.0,,,0.0,,,0.0
2025-12-16 02:00:00,,,,,,,1273.0,1273.0,,,0.0,,,0.0
2025-12-16 03:00:00,,,,,,,1273.0,1273.0,,,0.0,,,0.0
2025-12-16 04:00:00,,,,,,,1273.0,1273.0,,,0.0,,,0.0
2025-12-16 05:00:00,,,,,,,1273.0,1273.0,,,0.0,,,0.0
2025-12-16 06:00:00,,,,,,,1273.0,1273.0,,,0.0,,,0.0
2025-12-16 07:00:00,,,,,,,1533.0,1533.0,,,0.0,,,0.0
2025-12-16 08:00:00,,,,,,,1533.0,1533.0,,,0.0,,,0.0
2025-12-16 09:00:00,,,,,,,1533.0,1533.0,,,0.0,,,0.0
2025-12-16 10:00:00,,,,,,,509.0,509.0,,,0.0,,,0.0
2025-12-16 11:00:00,,0.0,,3.2768,,0.0001,248.0,0.0,,,0.0,,,0.0
2025-12-16 12:00:00,,,,,,,509.0,509.0,,,0.0,,,0.0
2025-12-16 13:00:00,,,,,,,509.0,509.0,,,0.0,,,0.0
2025-12-16 14:00:00,,,,,,,509.0,509.0,,,0.0,,,0.0
2025-12-16 15:00:00,,,,,,,509.0,509.0,,,0.0,,,0.0
2025-12-16 16:00:00,,,,,,,1533.0,1533.0,,,0.0,,,0.0
2025-12-16 17:00:00,,,,,,,1273.0,1273.0,,,0.0,,,0.0
2025-12-16 18:00:00,,,,,,,1273.0,1273.0,,,0.0,,,0.0
2025-12-16 19:00:00,,,,,,,1273.0,1273.0,,,0.0,,,0.0
2025-12-16 20:00:00,,,,,,,1273.0,1273.0,,,0.0,,,0.0
2025-12-16 21:00:00,,,,,,,1273.0,1273.0,,,0.0,,,0.0
2025-12-16 22:00:00,,,,,,,1273.0,1273.0,,,0.0,,,0.0
2025-12-16 23:00:00,,,,,,,1273.0,1273.0,,,0.0,,,0.0
2025-12-17 00:00:00,,,,,,,1273.0,1273.0,,,0.0,,,0.0
2025-12-17 01:00:00,,,,,,,1273.0,1273.0,,,0.0,,,0.0
2025-12-17 02:00:00,,,,,,,1273.0,1273.0,,,0.0,,,0.0
2025-12-17 03:00:00,,,,,,,1273.0,1273.0,,,0.0,,,0.0
2025-12-17 04:00:00,,,,,,,1529.0,1529.0,,,0.0,,,0.0
2025-12-17 05:00:00,,,,,,,1533.0,1533.0,,,0.0,,,0.0
2025-12-17 06:00:00,,,,,,,1273.0,1273.0,,,0.0,,,0.0
2025-12-17 07:00:00,,,,,,,1533.0,1533.0,,,0.0,,,0.0
2025-12-17 08:00:00,,,,,,,1533.0,1533.0,,,0.0,,,0.0
2025-12-17 09:00:00,,,,,,,509.0,509.0,,,0.0,,,0.0
2025-12-17 10:00:00,,,,,,,509.0,509.0,,,0.0,,,0.0
2025-12-17 11:00:00,,,,,,,509.0,509.0,,,0.0,,,0.0
2025-12-17 12:00:00,,,,,,,509.0,509.0,,,0.0,,,0.0
2025-12-17 13:00:00,,,,,,,509.0,509.0,,,0.0,,,0.0
2025-12-17 14:00:00,,,,,,,509.0,509.0,,,0.0,,,0.0
2025-12-17 15:00:00,,,,,,,509.0,509.0,,,0.0,,,0.0
2025-12-17 16:00:00,,,,,,,1533.0,1533.0,,,0.0,,,0.0
2025-12-17 17:00:00,,,,,,,1533.0,1533.0,,,0.0,,,0.0
2025-12-17 18:00:00,,,,,,,1533.0,1533.0,,,0.0,,,0.0
2025-12-17 19:00:00,,,,,,,1529.0,1529.0,,,0.0,,,0.0
2025-12-17 20:00:00,,,,,,,1533.0,1533.0,,,0.0,,,0.0
2025-12-17 21:00:00,,,,,,,1529.0,1529.0,,,0.0,,,0.0
2025-12-17 22:00:00,,,,,,,1533.0,1533.0,,,0.0,,,0.0
2025-12-17 23:00:00,,,,,,,1533.0,1533.0,,,0.0,,,0.0
2025-12-18 00:00:00,,,,,,,1533.0,1533.0,,,0.0,,,0.0
2025-12-18 01:00:00,,,,,,,1529.0,1529.0,,,0.0,,,0.0
2025-12-18 02:00:00,,,,,,,1533.0,1533.0,,,0.0,,,0.0
2025-12-18 03:00:00,,,,,,,1273.0,1273.0,,,0.0,,,0.0
2025-12-18 04:00:00,,,,,,,1529.0,1529.0,,,0.0,,,0.0
2025-12-18 05:00:00,,,,,,,1273.0,1273.0,,,0.0,,,0.0
2025-12-18 06:00:00,,,,,,,1273.0,1273.0,,,0.0,,,0.0
2025-12-18 08:00:00,,,,,,,1533.0,1533.0,,,0.0,,,0.0
2025-12-18 09:00:00,,,,,,,509.0,509.0,,,0.0,,,0.0
2025-12-18 10:00:00,,,,,,,509.0,509.0,,,0.0,,,0.0
2025-12-18 11:00:00,,,,,,,509.0,509.0,,,0.0,,,0.0
2025-12-18 12:00:00,,,,,,,509.0,509.0,,,0.0,,,0.0
2025-12-18 13:00:00,,,,,,,509.0,509.0,,,0.0,,,0.0
2025-12-18 14:00:00,,,,,,,509.0,509.0,0.691,0.0,1.0,0.6631,0.0,1.0
2025-12-18 15:00:00,,,,,,,505.0,504.0,0.7822,0.1012,3.0,0.84799993,0.16409999,3.0
2025-12-18 16:00:00,,,,,,,1533.0,1533.0,0.92999995,0.2436,2.0,0.8649,0.13059998,2.0
2025-12-18 17:00:00,,,,,,,1529.0,1529.0,,,0.0,,,0.0
2025-12-18 18:00:00,,,,,,,1533.0,1533.0,,,0.0,,,0.0
2025-12-18 19:00:00,,,,,,,1529.0,1529.0,,,0.0,,,0.0
2025-12-18 20:00:00,,,,,,,1533.0,1533.0,,,0.0,,,0.0
2025-12-18 21:00:00,,,,,,,1273.0,1273.0,,,0.0,,,0.0
2025-12-18 22:00:00,,,,,,,1273.0,1273.0,,,0.0,,,0.0
2025-12-18 23:00:00,,,,,,,1273.0,1273.0,,,0.0,,,0.0
2025-12-19 00:00:00,,,,,,,1273.0,1273.0,,,0.0,,,0.0
2025-12-19 01:00:00,,,,,,,1273.0,1273.0,,,0.0,,,0.0
2025-12-19 02:00:00,,,,,,,1273.0,1273.0,,,0.0,,,0.0
2025-12-19 03:00:00,,,,,,,1273.0,1273.0,,,0.0,,,0.0
2025-12-19 04:00:00,,,,,,,1273.0,1273.0,,,0.0,,,0.0
2025-12-19 05:00:00,,,,,,,1273.0,1273.0,,,0.0,,,0.0
2025-12-19 06:00:00,,,,,,,1273.0,1273.0,,,0.0,,,0.0
2025-12-19 07:00:00,,,,,,,1533.0,1533.0,,,0.0,,,0.0
2025-12-19 08:00:00,,,,,,,1533.0,1533.0,,,0.0,,,0.0
2025-12-19 09:00:00,,,,,,,509.0,509.0,,,0.0,,,0.0
2025-12-19 10:00:00,,,,,,,505.0,504.0,1.127,0.092999995,5.0,1.6057,0.2022,5.0
2025-12-19 11:00:00,,,,,,,509.0,509.0,1.076,0.1174,2.0,1.2002,0.0449,2.0
2025-12-19 12:00:00,,,,,,,509.0,509.0,,,0.0,,,0.0
2025-12-19 13:00:00,,,,,,,505.0,504.0,1.2761999,0.13599999,4.0,1.0805999,0.2062,4.0
2025-12-19 14:00:00,,,,,,,509.0,509.0,1.0613999,0.0398,2.0,0.8935,0.016499996,2.0
2025-12-19 15:00:00,,,,,,,509.0,509.0,,,0.0,,,0.0
2025-12-19 16:00:00,,,,,,,1533.0,1533.0,,,0.0,,,0.0
2025-12-19 17:00:00,,,,,,,1533.0,1533.0,,,0.0,,,0.0
2025-12-19 18:00:00,,,,,,,1529.0,1529.0,,,0.0,,,0.0
2025-12-19 19:00:00,,,,,,,1529.0,1529.0,,,0.0,,,0.0
2025-12-19 20:00:00,,,,,,,1533.0,1533.0,,,0.0,,,0.0
2025-12-19 21:00:00,,,,,,,1529.0,1529.0,,,0.0,,,0.0
2025-12-19 22:00:00,,,,,,,1273.0,1273.0,,,0.0,,,0.0
2025-12-19 23:00:00,,,,,,,1273.0,1273.0,,,0.0,,,0.0
2025-12-20 00:00:00,,,,,,,1273.0,1273.0,,,0.0,,,0.0
2025-12-20 01:00:00,,,,,,,1273.0,1273.0,,,0.0,,,0.0
2025-12-20 02:00:00,,,,,,,1529.0,1529.0,,,0.0,,,0.0
2025-12-20 03:00:00,,,,,,,1273.0,1273.0,,,0.0,,,0.0
2025-12-20 04:00:00,,,,,,,1273.0,1273.0,,,0.0,,,0.0
2025-12-20 05:00:00,,,,,,,1273.0,1273.0,,,0.0,,,0.0
2025-12-20 06:00:00,,,,,,,1273.0,1273.0,,,0.0,,,0.0
2025-12-20 07:00:00,,,,,,,1533.0,1533.0,,,0.0,,,0.0
2025-12-20 08:00:00,,,,,,,1533.0,1533.0,,,0.0,,,0.0
2025-12-20 09:00:00,,,,,,,509.0,509.0,,,0.0,,,0.0
2025-12-20 10:00:00,,,,,,,509.0,509.0,,,0.0,,,0.0
2025-12-20 11:00:00,,,,,,,509.0,509.0,,,0.0,,,0.0
2025-12-20 12:00:00,,,,,,,509.0,509.0,,,0.0,,,0.0
2025-12-20 13:00:00,,,,,,,509.0,509.0,,,0.0,,,0.0
2025-12-20 14:00:00,,,,,,,509.0,509.0,,,0.0,,,0.0
2025-12-20 15:00:00,,,,,,,509.0,509.0,,,0.0,,,0.0
2025-12-20 16:00:00,,,,,,,1273.0,1273.0,0.5244,0.0,1.0,0.8471999,0.0,1.0
2025-12-20 17:00:00,,,,,,,1273.0,1273.0,,,0.0,,,0.0
2025-12-20 18:00:00,,,,,,,1273.0,1273.0,,,0.0,,,0.0
2025-12-20 19:00:00,,,,,,,1273.0,1273.0,,,0.0,,,0.0
2025-12-20 20:00:00,,,,,,,1273.0,1273.0,,,0.0,,,0.0
2025-12-20 21:00:00,,,,,,,1273.0,1273.0,,,0.0,,,0.0
2025-12-20 22:00:00,,,,,,,1529.0,1529.0,,,0.0,,,0.0
2025-12-20 23:00:00,,,,,,,1529.0,1529.0,,,0.0,,,0.0
2025-12-21 00:00:00,,,,,,,1529.0,1529.0,,,0.0,,,0.0
2025-12-21 01:00:00,,,,,,,1529.0,1529.0,,,0.0,,,0.0
2025-12-21 02:00:00,,,,,,,1273.0,1273.0,,,0.0,,,0.0
2025-12-21 03:00:00,,,,,,,1273.0,1273.0,,,0.0,,,0.0
2025-12-21 04:00:00,,,,,,,1529.0,1529.0,,,0.0,,,0.0
2025-12-21 05:00:00,,,,,,,1533.0,1533.0,,,0.0,,,0.0
2025-12-21 06:00:00,,,,,,,1529.0,1529.0,,,0.0,,,0.0
2025-12-21 07:00:00,,,,,,,1533.0,1533.0,,,0.0,,,0.0
2025-12-21 08:00:00,,,,,,,1533.0,1533.0,,,0.0,,,0.0
2025-12-21 09:00:00,,,,,,,509.0,509.0,,,0.0,,,0.0
2025-12-21 10:00:00,,,,,,,509.0,509.0,,,0.0,,,0.0
2025-12-21 11:00:00,,,,,,,509.0,509.0,,,0.0,,,0.0
2025-12-21 12:00:00,,,,,,,509.0,509.0,,,0.0,,,0.0
2025-12-21 13:00:00,,,,,,,509.0,509.0,,,0.0,,,0.0
2025-12-21 14:00:00,,,,,,,509.0,509.0,,,0.0,,,0.0
2025-12-21 15:00:00,,,,,,,505.0,505.0,,,0.0,,,0.0
2025-12-21 16:00:00,,,,,,,1273.0,1273.0,0.4378,0.038399998,3.0,1.0576999,0.050199986,3.0
2025-12-21 17:00:00,,,,,,,1273.0,1273.0,,,0.0,,,0.0
2025-12-21 18:00:00,,,,,,,1273.0,1273.0,,,0.0,,,0.0
2025-12-21 19:00:00,,,,,,,1273.0,1273.0,,,0.0,,,0.0
2025-12-21 20:00:00,,,,,,,1273.0,1273.0,,,0.0,,,0.0
2025-12-21 21:00:00,,,,,,,1273.0,1273.0,,,0.0,,,0.0
2025-12-21 22:00:00,,,,,,,1273.0,1273.0,,,0.0,,,0.0
2025-12-21 23:00:00,,,,,,,1273.0,1273.0,,,0.0,,,0.0
2025-12-22 00:00:00,,,,,,,1533.0,1533.0,,,0.0,,,0.0
2025-12-22 01:00:00,,,,,,,1533.0,1533.0,,,0.0,,,0.0
2025-12-22 02:00:00,,,,,,,1533.0,1533.0,,,0.0,,,0.0
2025-12-22 03:00:00,,,,,,,1533.0,1533.0,,,0.0,,,0.0
2025-12-22 04:00:00,,,,,,,1533.0,1533.0,,,0.0,,,0.0
2025-12-22 05:00:00,,,,,,,1529.0,1529.0,,,0.0,,,0.0
2025-12-22 06:00:00,,,,,,,1533.0,1533.0,,,0.0,,,0.0
2025-12-22 07:00:00,,,,,,,1533.0,1533.0,,,0.0,,,0.0
2025-12-22 08:00:00,,,,,,,1533.0,1533.0,,,0.0,,,0.0
2025-12-22 09:00:00,,,,,,,509.0,509.0,,,0.0,,,0.0
2025-12-22 10:00:00,,,,,,,509.0,509.0,,,0.0,,,0.0
2025-12-22 11:00:00,,,,,,,509.0,509.0,,,0.0,,,0.0
2025-12-22 12:00:00,,,,,,,509.0,509.0,,,0.0,,,0.0
2025-12-22 13:00:00,,,,,,,505.0,505.0,,,0.0,,,0.0
2025-12-22 14:00:00,,,,,,,505.0,504.0,0.6264,0.0,1.0,0.7211,0.0,1.0
2025-12-22 15:00:00,,,,,,,509.0,509.0,0.6344,0.1082,3.0,0.78909993,0.21709996,3.0
2025-12-22 16:00:00,,,,,,,1529.0,1529.0,0.5096,0.0958,3.0,1.0719999,0.0765,3.0
2025-12-22 17:00:00,,,,,,,1273.0,1273.0,,,0.0,,,0.0
2025-12-22 18:00:00,,,,,,,1273.0,1273.0,,,0.0,,,0.0
2025-12-22 19:00:00,,,,,,,1273.0,1273.0,,,0.0,,,0.0
2025-12-22 20:00:00,,,,,,,1273.0,1273.0,,,0.0,,,0.0
2025-12-22 21:00:00,,,,,,,1273.0,1273.0,,,0.0,,,0.0
2025-12-22 22:00:00,,,,,,,1529.0,1529.0,,,0.0,,,0.0
2025-12-22 23:00:00,,,,,,,1529.0,1529.0,,,0.0,,,0.0
2025-12-23 00:00:00,,,,,,,1273.0,1273.0,,,0.0,,,0.0
2025-12-23 01:00:00,,,,,,,1273.0,1273.0,,,0.0,,,0.0
2025-12-23 02:00:00,,,,,,,1529.0,1529.0,,,0.0,,,0.0
2025-12-23 03:00:00,,,,,,,1533.0,1533.0,,,0.0,,,0.0
2025-12-23 04:00:00,,,,,,,1529.0,1529.0,,,0.0,,,0.0
2025-12-23 05:00:00,,,,,,,1533.0,1533.0,,,0.0,,,0.0
2025-12-23 06:00:00,,,,,,,1273.0,1273.0,,,0.0,,,0.0
2025-12-23 07:00:00,,,,,,,1533.0,1533.0,,,0.0,,,0.0
2025-12-23 08:00:00,,,,,,,1533.0,1533.0,,,0.0,,,0.0
2025-12-23 09:00:00,,,,,,,509.0,509.0,,,0.0,,,0.0
2025-12-23 10:00:00,,,,,,,509.0,509.0,,,0.0,,,0.0
2025-12-23 11:00:00,,,,,,,509.0,509.0,,,0.0,,,0.0
2025-12-23 12:00:00,,,,,,,509.0,509.0,,,0.0,,,0.0
2025-12-23 13:00:00,,,,,,,509.0,509.0,,,0.0,,,0.0
2025-12-23 14:00:00,,,,,,,509.0,509.0,,,0.0,,,0.0
2025-12-23 15:00:00,,,,,,,509.0,509.0,,,0.0,,,0.0
2025-12-23 16:00:00,,,,,,,1533.0,1533.0,,,0.0,,,0.0
2025-12-23 17:00:00,,,,,,,1533.0,1533.0,,,0.0,,,0.0
2025-12-23 18:00:00,,,,,,,1533.0,1533.0,,,0.0,,,0.0
2025-12-23 19:00:00,,,,,,,1529.0,1529.0,,,0.0,,,0.0
2025-12-23 20:00:00,,,,,,,1529.0,1529.0,,,0.0,,,0.0
2025-12-23 21:00:00,,,,,,,1533.0,1533.0,,,0.0,,,0.0
2025-12-23 22:00:00,,,,,,,1273.0,1273.0,,,0.0,,,0.0
2025-12-23 23:00:00,,,,,,,1273.0,1273.0,,,0.0,,,0.0
2025-12-24 00:00:00,,,,,,,1533.0,1533.0,,,0.0,,,0.0
2025-12-24 01:00:00,,,,,,,1273.0,1273.0,,,0.0,,,0.0
2025-12-24 02:00:00,,,,,,,1273.0,1273.0,,,0.0,,,0.0
2025-12-24 03:00:00,,,,,,,1529.0,1529.0,,,0.0,,,0.0
2025-12-24 04:00:00,,,,,,,1529.0,1529.0,,,0.0,,,0.0
2025-12-24 05:00:00,,,,,,,1533.0,1533.0,,,0.0,,,0.0
2025-12-24 06:00:00,,,,,,,1529.0,1529.0,,,0.0,,,0.0
2025-12-24 07:00:00,,,,,,,1533.0,1533.0,,,0.0,,,0.0
2025-12-24 08:00:00,,,,,,,1533.0,1533.0,,,0.0,,,0.0
2025-12-24 09:00:00,,,,,,,509.0,509.0,,,0.0,,,0.0
2025-12-24 10:00:00,,,,,,,509.0,509.0,,,0.0,,,0.0
2025-12-24 11:00:00,,,,,,,509.0,509.0,,,0.0,,,0.0
2025-12-24 12:00:00,,,,,,,509.0,509.0,,,0.0,,,0.0
2025-12-24 13:00:00,,,,,,,509.0,509.0,,,0.0,,,0.0
2025-12-24 14:00:00,,,,,,,509.0,509.0,,,0.0,,,0.0
2025-12-24 15:00:00,,,,,,,509.0,509.0,,,0.0,,,0.0
2025-12-24 16:00:00,,,,,,,1533.0,1533.0,,,0.0,,,0.0
2025-12-24 17:00:00,,,,,,,1533.0,1533.0,,,0.0,,,0.0
2025-12-24 18:00:00,,,,,,,1533.0,1533.0,,,0.0,,,0.0
2025-12-24 19:00:00,,,,,,,1533.0,1533.0,,,0.0,,,0.0
2025-12-24 20:00:00,,,,,,,1533.0,1533.0,,,0.0,,,0.0
2025-12-24 21:00:00,,,,,,,1533.0,1533.0,,,0.0,,,0.0
2025-12-24 22:00:00,,,,,,,1533.0,1533.0,,,0.0,,,0.0
2025-12-24 23:00:00,,,,,,,1533.0,1533.0,,,0.0,,,0.0
2025-12-25 00:00:00,,,,,,,1533.0,1533.0,,,0.0,,,0.0
2025-12-25 01:00:00,,,,,,,1533.0,1533.0,,,0.0,,,0.0
2025-12-25 02:00:00,,,,,,,1533.0,1533.0,,,0.0,,,0.0
2025-12-25 03:00:00,,,,,,,1533.0,1533.0,,,0.0,,,0.0
2025-12-25 04:00:00,,,,,,,1529.0,1529.0,,,0.0,,,0.0
2025-12-25 05:00:00,,,,,,,1529.0,1529.0,,,0.0,,,0.0
2025-12-25 06:00:00,,,,,,,1529.0,1529.0,,,0.0,,,0.0
2025-12-25 07:00:00,,,,,,,1533.0,1533.0,,,0.0,,,0.0
2025-12-25 08:00:00,,,,,,,1533.0,1533.0,,,0.0,,,0.0
2025-12-25 09:00:00,,,,,,,509.0,509.0,,,0.0,,,0.0
2025-12-25 10:00:00,,,,,,,509.0,509.0,,,0.0,,,0.0
2025-12-25 11:00:00,,,,,,,509.0,509.0,,,0.0,,,0.0
2025-12-25 12:00:00,,,,,,,509.0,509.0,,,0.0,,,0.0
2025-12-25 13:00:00,,,,,,,509.0,509.0,,,0.0,,,0.0
2025-12-25 14:00:00,,,,,,,509.0,509.0,,,0.0,,,0.0
2025-12-25 15:00:00,,,,,,,509.0,509.0,,,0.0,,,0.0
2025-12-25 16:00:00,,,,,,,1533.0,1533.0,,,0.0,,,0.0
2025-12-25 17:00:00,,,,,,,1529.0,1529.0,,,0.0,,,0.0
2025-12-25 18:00:00,,,,,,,1529.0,1529.0,,,0.0,,,0.0
2025-12-25 19:00:00,,,,,,,1533.0,1533.0,,,0.0,,,0.0
2025-12-25 20:00:00,,,,,,,1533.0,1533.0,,,0.0,,,0.0
2025-12-25 21:00:00,,,,,,,1533.0,1533.0,,,0.0,,,0.0
2025-12-25 22:00:00,,,,,,,1529.0,1529.0,,,0.0,,,0.0
2025-12-25 23:00:00,,,,,,,1533.0,1533.0,,,0.0,,,0.0
2025-12-26 00:00:00,,,,,,,1273.0,1273.0,,,0.0,,,0.0
2025-12-26 01:00:00,,,,,,,1273.0,1273.0,,,0.0,,,0.0
2025-12-26 02:00:00,,,,,,,1533.0,1533.0,,,0.0,,,0.0
2025-12-26 03:00:00,,,,,,,1529.0,1529.0,,,0.0,,,0.0
2025-12-26 04:00:00,,,,,,,1273.0,1273.0,,,0.0,,,0.0
2025-12-26 05:00:00,,,,,,,1529.0,1529.0,,,0.0,,,0.0
2025-12-26 06:00:00,,,,,,,1533.0,1533.0,,,0.0,,,0.0
2025-12-26 07:00:00,,,,,,,1529.0,1529.0,,,0.0,,,0.0
2025-12-26 08:00:00,,,,,,,1533.0,1533.0,,,0.0,,,0.0
2025-12-26 09:00:00,,,,,,,509.0,509.0,,,0.0,,,0.0
2025-12-26 10:00:00,,,,,,,509.0,509.0,,,0.0,,,0.0
2025-12-26 11:00:00,,,,,,,509.0,509.0,,,0.0,,,0.0
2025-12-26 12:00:00,,,,,,,509.0,509.0,,,0.0,,,0.0
2025-12-26 13:00:00,,,,,,,249.0,249.0,,,0.0,,,0.0
2025-12-26 14:00:00,0.38979998,,,,,,193.0,249.0,,,0.0,,,0.0
2025-12-26 15:00:00,0.3532,0.3236,0.2665,0.2662,0.30249995,,0.0,192.0,0.33699998,0.0222,5.0,0.9067999,0.09759998,5.0
2025-12-26 16:00:00,0.3464,,,,-0.04100001,,1025.0,1273.0,0.3554,0.003,3.0,1.1139,0.020500004,3.0
2025-12-26 17:00:00,,,,,,,1273.0,1273.0,,,0.0,,,0.0
2025-12-26 18:00:00,,,,,,,1529.0,1529.0,,,0.0,,,0.0
2025-12-26 19:00:00,,,,,,,1533.0,1533.0,,,0.0,,,0.0
2025-12-26 20:00:00,,,,,,,1273.0,1273.0,,,0.0,,,0.0
2025-12-26 21:00:00,,,,,,,1273.0,1273.0,,,0.0,,,0.0
2025-12-26 22:00:00,,,,,,,1533.0,1533.0,,,0.0,,,0.0
2025-12-26 23:00:00,,,,,,,1273.0,1273.0,,,0.0,,,0.0
2025-12-27 00:00:00,,,,,,,1529.0,1529.0,,,0.0,,,0.0
2025-12-27 01:00:00,,,,,,,1273.0,1273.0,,,0.0,,,0.0
2025-12-27 02:00:00,,,,,,,1273.0,1273.0,,,0.0,,,0.0
2025-12-27 03:00:00,,,,,,,1273.0,1273.0,,,0.0,,,0.0
2025-12-27 04:00:00,,,,,,,1273.0,1273.0,,,0.0,,,0.0
2025-12-27 05:00:00,,,,,,,1273.0,1273.0,,,0.0,,,0.0
2025-12-27 06:00:00,,,,,,,1273.0,1273.0,,,0.0,,,0.0
2025-12-27 07:00:00,,,,,,,1533.0,1533.0,,,0.0,,,0.0
2025-12-27 08:00:00,,,,,,,1533.0,1533.0,,,0.0,,,0.0
2025-12-27 09:00:00,,,,,,,509.0,509.0,,,0.0,,,0.0
2025-12-27 10:00:00,,,,,,,509.0,509.0,,,0.0,,,0.0
2025-12-27 11:00:00,,,,,,,509.0,509.0,,,0.0,,,0.0
2025-12-27 12:00:00,,,,,,,509.0,509.0,,,0.0,,,0.0
2025-12-27 13:00:00,,,,,,,509.0,509.0,,,0.0,,,0.0
2025-12-27 14:00:00,,,,,,,509.0,509.0,,,0.0,,,0.0
2025-12-27 15:00:00,,,,,,,509.0,509.0,,,0.0,,,0.0
2025-12-27 16:00:00,,,,,,,1533.0,1533.0,,,0.0,,,0.0
2025-12-27 17:00:00,,,,,,,1273.0,1273.0,,,0.0,,,0.0
2025-12-27 18:00:00,,,,,,,1273.0,1273.0,,,0.0,,,0.0
2025-12-27 19:00:00,,,,,,,1273.0,1273.0,,,0.0,,,0.0
2025-12-27 20:00:00,,,,,,,1273.0,1273.0,,,0.0,,,0.0
2025-12-27 21:00:00,,,,,,,1273.0,1273.0,,,0.0,,,0.0
2025-12-27 22:00:00,,,,,,,1273.0,1273.0,,,0.0,,,0.0
2025-12-27 23:00:00,,,,,,,1273.0,1273.0,,,0.0,,,0.0
2025-12-28 00:00:00,,,,,,,1273.0,1273.0,,,0.0,,,0.0
2025-12-28 01:00:00,,,,,,,1273.0,1273.0,,,0.0,,,0.0
2025-12-28 02:00:00,,,,,,,1273.0,1273.0,,,0.0,,,0.0
2025-12-28 03:00:00,,,,,,,1273.0,1273.0,,,0.0,,,0.0
2025-12-28 04:00:00,,,,,,,1273.0,1273.0,,,0.0,,,0.0
2025-12-28 05:00:00,,,,,,,1273.0,1273.0,,,0.0,,,0.0
2025-12-28 06:00:00,,,,,,,1273.0,1273.0,,,0.0,,,0.0
2025-12-28 07:00:00,,,,,,,1529.0,1529.0,,,0.0,,,0.0
2025-12-28 08:00:00,,,,,,,1533.0,1533.0,,,0.0,,,0.0
2025-12-28 09:00:00,,,,,,,509.0,509.0,,,0.0,,,0.0
2025-12-28 10:00:00,,,,,,,509.0,509.0,,,0.0,,,0.0
2025-12-28 11:00:00,,,,,,,509.0,509.0,,,0.0,,,0.0
2025-12-28 12:00:00,,,,,,,509.0,509.0,,,0.0,,,0.0
2025-12-28 13:00:00,,,,,,,509.0,509.0,,,0.0,,,0.0
2025-12-28 14:00:00,,,,,,,509.0,509.0,,,0.0,,,0.0
2025-12-28 15:00:00,,,,,,,509.0,509.0,,,0.0,,,0.0
2025-12-28 16:00:00,,,,,,,1533.0,1533.0,,,0.0,,,0.0
2025-12-28 17:00:00,,,,,,,1273.0,1273.0,,,0.0,,,0.0
2025-12-28 18:00:00,,,,,,,1273.0,1273.0,,,0.0,,,0.0
2025-12-28 19:00:00,,,,,,,1273.0,1273.0,,,0.0,,,0.0
2025-12-28 20:00:00,,,,,,,1273.0,1273.0,,,0.0,,,0.0
2025-12-28 21:00:00,,,,,,,1273.0,1273.0,,,0.0,,,0.0
2025-12-28 22:00:00,,,,,,,1273.0,1273.0,,,0.0,,,0.0
2025-12-28 23:00:00,,,,,,,1273.0,1273.0,,,0.0,,,0.0
2025-12-29 00:00:00,,,,,,,1273.0,1273.0,,,0.0,,,0.0
2025-12-29 01:00:00,,,,,,,1273.0,1273.0,,,0.0,,,0.0
2025-12-29 02:00:00,,,,,,,1273.0,1273.0,,,0.0,,,0.0
2025-12-29 03:00:00,,,,,,,1273.0,1273.0,,,0.0,,,0.0
2025-12-29 04:00:00,,,,,,,1273.0,1273.0,,,0.0,,,0.0
2025-12-29 05:00:00,,,,,,,1273.0,1273.0,,,0.0,,,0.0
2025-12-29 06:00:00,,,,,,,1273.0,1273.0,,,0.0,,,0.0
2025-12-29 07:00:00,,,,,,,1273.0,1273.0,,,0.0,,,0.0
2025-12-29 08:00:00,,,,,,,1533.0,1533.0,,,0.0,,,0.0
2025-12-29 09:00:00,,,,,,,509.0,509.0,,,0.0,,,0.0
2025-12-29 10:00:00,,,,,,,509.0,509.0,,,0.0,,,0.0
2025-12-29 11:00:00,,,,,,,509.0,509.0,,,0.0,,,0.0
2025-12-29 12:00:00,,,,,,,509.0,509.0,,,0.0,,,0.0
2025-12-29 13:00:00,,,,,,,509.0,509.0,,,0.0,,,0.0
2025-12-29 14:00:00,,,,,,,509.0,509.0,,,0.0,,,0.0
2025-12-29 15:00:00,,,,,,,509.0,509.0,,,0.0,,,0.0
2025-12-29 16:00:00,,,,,,,1533.0,1533.0,,,0.0,,,0.0
2025-12-29 17:00:00,,,,,,,1273.0,1273.0,,,0.0,,,0.0
2025-12-29 18:00:00,,,,,,,1273.0,1273.0,,,0.0,,,0.0
2025-12-29 19:00:00,,,,,,,1273.0,1273.0,,,0.0,,,0.0
2025-12-29 20:00:00,,,,,,,1273.0,1273.0,,,0.0,,,0.0
2025-12-29 21:00:00,,,,,,,1273.0,1273.0,,,0.0,,,0.0
2025-12-29 22:00:00,,,,,,,1273.0,1273.0,,,0.0,,,0.0
2025-12-29 23:00:00,,,,,,,1273.0,1273.0,,,0.0,,,0.0
2025-12-30 00:00:00,,,,,,,1273.0,1273.0,,,0.0,,,0.0
2025-12-30 01:00:00,,,,,,,1273.0,1273.0,,,0.0,,,0.0
2025-12-30 02:00:00,,,,,,,1273.0,1273.0,,,0.0,,,0.0
2025-12-30 03:00:00,,,,,,,1273.0,1273.0,,,0.0,,,0.0
2025-12-30 04:00:00,,,,,,,1273.0,1273.0,,,0.0,,,0.0
2025-12-30 05:00:00,,,,,,,1273.0,1273.0,,,0.0,,,0.0
2025-12-30 06:00:00,,,,,,,1273.0,1273.0,,,0.0,,,0.0
2025-12-30 07:00:00,,,,,,,1273.0,1273.0,,,0.0,,,0.0
2025-12-30 08:00:00,,,,,,,1533.0,1533.0,,,0.0,,,0.0
2025-12-30 09:00:00,,,,,,,509.0,509.0,,,0.0,,,0.0
2025-12-30 10:00:00,,,,,,,509.0,509.0,,,0.0,,,0.0
2025-12-30 11:00:00,,,,,,,509.0,509.0,,,0.0,,,0.0
2025-12-30 12:00:00,,,,,,,509.0,509.0,,,0.0,,,0.0
2025-12-30 13:00:00,,,,,,,509.0,509.0,,,0.0,,,0.0
2025-12-30 14:00:00,,,,,,,509.0,509.0,,,0.0,,,0.0
2025-12-30 15:00:00,,,,,,,509.0,509.0,,,0.0,,,0.0
2025-12-30 16:00:00,,,,,,,1533.0,1533.0,,,0.0,,,0.0
2025-12-30 17:00:00,,,,,,,1533.0,1533.0,,,0.0,,,0.0
2025-12-30 18:00:00,,,,,,,1533.0,1533.0,,,0.0,,,0.0
2025-12-30 19:00:00,,,,,,,1533.0,1533.0,,,0.0,,,0.0
2025-12-30 20:00:00,,,,,,,1533.0,1533.0,,,0.0,,,0.0
2025-12-30 21:00:00,,,,,,,1529.0,1529.0,,,0.0,,,0.0
2025-12-30 22:00:00,,,,,,,1533.0,1533.0,,,0.0,,,0.0
2025-12-30 23:00:00,,,,,,,1533.0,1533.0,,,0.0,,,0.0
2025-12-31 00:00:00,,,,,,,1533.0,1533.0,,,0.0,,,0.0
2025-12-31 01:00:00,,,,,,,1533.0,1533.0,,,0.0,,,0.0
2025-12-31 02:00:00,,,,,,,1533.0,1533.0,,,0.0,,,0.0
2025-12-31 03:00:00,,,,,,,1533.0,1533.0,,,0.0,,,0.0
2025-12-31 04:00:00,,,,,,,1533.0,1533.0,,,0.0,,,0.0
2025-12-31 05:00:00,,,,,,,1529.0,1529.0,,,0.0,,,0.0
2025-12-31 06:00:00,,,,,,,1533.0,1533.0,,,0.0,,,0.0
2025-12-31 07:00:00,,,,,,,1533.0,1533.0,,,0.0,,,0.0
2025-12-31 09:00:00,,,,,,,509.0,509.0,,,0.0,,,0.0
2025-12-31 10:00:00,,,,,,,509.0,509.0,,,0.0,,,0.0
2025-12-31 11:00:00,,,,,,,509.0,509.0,,,0.0,,,0.0
2025-12-31 12:00:00,,,,,,,509.0,509.0,,,0.0,,,0.0
2025-12-31 13:00:00,,,,,,,509.0,509.0,,,0.0,,,0.0
2025-12-31 14:00:00,,,,,,,509.0,509.0,,,0.0,,,0.0
2025-12-31 15:00:00,,,,,,,509.0,509.0,,,0.0,,,0.0
2025-12-31 16:00:00,,,,,,,1533.0,1533.0,,,0.0,,,0.0
2025-12-31 17:00:00,,,,,,,1533.0,1533.0,,,0.0,,,0.0
2025-12-31 18:00:00,,,,,,,1533.0,1533.0,,,0.0,,,0.0
2025-12-31 19:00:00,,,,,,,1529.0,1529.0,,,0.0,,,0.0
2025-12-31 20:00:00,,,,,,,1273.0,1273.0,,,0.0,,,0.0
2025-12-31 21:00:00,,,,,,,1533.0,1533.0,,,0.0,,,0.0
2025-12-31 22:00:00,,,,,,,1273.0,1273.0,,,0.0,,,0.0
2025-12-31 23:00:00,,,,,,,1273.0,1273.0,,,0.0,,,0.0
2026-01-01 00:00:00,,,,,,,1533.0,1533.0,,,0.0,,,0.0
2026-01-01 01:00:00,,,,,,,1529.0,1529.0,,,0.0,,,0.0
2026-01-01 02:00:00,,,,,,,1273.0,1273.0,,,0.0,,,0.0
2026-01-01 03:00:00,,,,,,,1273.0,1273.0,,,0.0,,,0.0
2026-01-01 04:00:00,,,,,,,1529.0,1529.0,,,0.0,,,0.0
2026-01-01 05:00:00,,,,,,,1529.0,1529.0,,,0.0,,,0.0
2026-01-01 06:00:00,,,,,,,1273.0,1273.0,,,0.0,,,0.0
