timestamp,AOT_Merged,AOT_Pure,AOT_Merged_uncertainty,AOT_Pure_uncertainty,AE_Merged,AE_Pure,QA_flag_Merged,QA_flag_Pure,AOT_L2_Mean,AOT_L2_SDV,AOT_L2_Num,AE_L2_Mean,AE_L2_SDV,AE_L2_Num
2025-01-01 07:00:00,,,,,,,1273.0,1273.0,,,0.0,,,0.0
2025-01-01 08:00:00,,,,,,,1273.0,1273.0,,,0.0,,,0.0
2025-01-01 09:00:00,0.72859997,0.6254,0.5395,0.5388,,,2240.0,2240.0,0.6094,0.14999999,4.0,1.8239999,0.11369997,4.0
2025-01-01 10:00:00,0.7028,0.745,0.5717,0.5712,,1.3439,192.0,0.0,0.65459996,0.110599995,6.0,1.6891999,0.15859997,6.0
2025-01-01 11:00:00,0.9098,1.0454,0.4238,0.4231,,1.0676,192.0,0.0,0.82659996,0.12019999,6.0,1.2643,0.1279,6.0
2025-01-01 12:00:00,1.0418,,,,,,193.0,248.0,1.0175999,0.1642,6.0,1.2483,0.20789999,6.0
2025-01-01 13:00:00,1.0696,,,,-0.3311,,2049.0,2296.0,0.7668,0.042,6.0,1.3550999,0.12019998,6.0
2025-01-01 14:00:00,0.907,0.8692,0.3276,0.3272,0.020799994,1.2391,0.0,0.0,0.76159996,0.058,6.0,1.4927,0.12909997,6.0
2025-01-01 15:00:00,0.8262,,,,0.16569996,,1.0,249.0,0.94339997,0.0892,5.0,1.3484999,0.10460001,5.0
2025-01-01 16:00:00,0.7872,,,,,,1477.0,1533.0,,,0.0,,,0.0
2025-01-01 17:00:00,,,,,,,1273.0,1273.0,,,0.0,,,0.0
2025-01-01 18:00:00,,,,,,,1273.0,1273.0,,,0.0,,,0.0
2025-01-01 19:00:00,,,,,,,1273.0,1273.0,,,0.0,,,0.0
2025-01-01 20:00:00,,,,,,,1273.0,1273.0,,,0.0,,,0.0
2025-01-01 21:00:00,,,,,,,1273.0,1273.0,,,0.0,,,0.0
2025-01-01 22:00:00,,,,,,,1273.0,1273.0,,,0.0,,,0.0
2025-01-01 23:00:00,,,,,,,1273.0,1273.0,,,0.0,,,0.0
2025-01-02 00:00:00,,,,,,,1273.0,1273.0,,,0.0,,,0.0
2025-01-02 01:00:00,,,,,,,1273.0,1273.0,,,0.0,,,0.0
2025-01-02 02:00:00,,,,,,,1273.0,1273.0,,,0.0,,,0.0
2025-01-02 03:00:00,,,,,,,1273.0,1273.0,,,0.0,,,0.0
2025-01-02 04:00:00,,,,,,,1529.0,1529.0,,,0.0,,,0.0
2025-01-02 05:00:00,,,,,,,1529.0,1529.0,,,0.0,,,0.0
2025-01-02 06:00:00,,,,,,,1529.0,1529.0,,,0.0,,,0.0
2025-01-02 07:00:00,,,,,,,1529.0,1529.0,,,0.0,,,0.0
2025-01-02 08:00:00,,,,,,,1273.0,1273.0,,,0.0,,,0.0
2025-01-02 09:00:00,,,,,,,2297.0,2296.0,0.7854,0.33519998,2.0,1.8185999,0.14919996,2.0
2025-01-02 10:00:00,0.78279996,0.8276,0.5739,0.573,,1.3535,192.0,0.0,0.8244,0.14299999,6.0,1.7017999,0.1692,6.0
2025-01-02 11:00:00,0.90739995,,,,,,193.0,248.0,0.9756,0.1926,6.0,1.3576,0.1519,6.0
2025-01-02 12:00:00,,,,,,,505.0,504.0,1.2282,0.16059999,6.0,1.2595999,0.072399974,6.0
2025-01-02 13:00:00,,,,,,,505.0,505.0,,,0.0,,,0.0
2025-01-02 14:00:00,,,,,,,505.0,505.0,0.7502,0.094,3.0,1.7439001,0.14999998,3.0
2025-01-02 15:00:00,,,,,,,509.0,509.0,,,0.0,,,0.0
2025-01-02 16:00:00,,,,,,,1533.0,1533.0,,,0.0,,,0.0
2025-01-02 17:00:00,,,,,,,1529.0,1529.0,,,0.0,,,0.0
2025-01-02 18:00:00,,,,,,,1529.0,1529.0,,,0.0,,,0.0
2025-01-02 19:00:00,,,,,,,1273.0,1273.0,,,0.0,,,0.0
2025-01-02 20:00:00,,,,,,,1529.0,1529.0,,,0.0,,,0.0
2025-01-02 21:00:00,,,,,,,1533.0,1533.0,,,0.0,,,0.0
2025-01-02 22:00:00,,,,,,,1273.0,1273.0,,,0.0,,,0.0
2025-01-02 23:00:00,,,,,,,1533.0,1533.0,,,0.0,,,0.0
2025-01-03 00:00:00,,,,,,,1533.0,1533.0,,,0.0,,,0.0
2025-01-03 01:00:00,,,,,,,1529.0,1529.0,,,0.0,,,0.0
2025-01-03 02:00:00,,,,,,,1273.0,1273.0,,,0.0,,,0.0
2025-01-03 03:00:00,,,,,,,1273.0,1273.0,,,0.0,,,0.0
2025-01-03 04:00:00,,,,,,,1273.0,1273.0,,,0.0,,,0.0
2025-01-03 05:00:00,,,,,,,1273.0,1273.0,,,0.0,,,0.0
2025-01-03 06:00:00,,,,,,,1273.0,1273.0,,,0.0,,,0.0
2025-01-03 07:00:00,,,,,,,1533.0,1533.0,,,0.0,,,0.0
2025-01-03 08:00:00,,,,,,,1273.0,1273.0,,,0.0,,,0.0
2025-01-03 09:00:00,0.779,,,,,,2241.0,2296.0,0.8236,0.2766,5.0,1.7841,0.102,5.0
2025-01-03 10:00:00,0.7748,0.6386,0.5728,0.5725,,1.1889,192.0,0.0,0.52279997,0.13319999,6.0,1.5198,0.2618,6.0
2025-01-03 11:00:00,0.79679996,,,,,,193.0,248.0,0.83059996,0.19479999,6.0,1.2184999,0.16109997,6.0
2025-01-03 12:00:00,0.963,,,,,,2241.0,2296.0,0.9262,0.1244,5.0,1.2578,0.1031,5.0
2025-01-03 13:00:00,0.856,,,,,,193.0,249.0,0.69519997,0.04,5.0,1.3499,0.075100005,5.0
2025-01-03 14:00:00,0.7166,0.8458,0.36589998,0.3655,-0.1735,1.0453999,0.0,0.0,0.59959996,0.1108,6.0,1.4397999,0.18129998,6.0
2025-01-03 15:00:00,0.73399997,0.7776,0.2572,0.2565,-0.4917,,2048.0,2240.0,0.7826,0.049999997,6.0,1.3816999,0.1857,6.0
2025-01-03 16:00:00,0.695,,,,-0.1884,,1025.0,1273.0,0.8294,0.093399994,2.0,1.6617,0.032700002,2.0
2025-01-03 17:00:00,,,,,,,1273.0,1273.0,,,0.0,,,0.0
2025-01-03 18:00:00,,,,,,,1273.0,1273.0,,,0.0,,,0.0
2025-01-03 19:00:00,,,,,,,1273.0,1273.0,,,0.0,,,0.0
2025-01-03 20:00:00,,,,,,,1273.0,1273.0,,,0.0,,,0.0
2025-01-03 21:00:00,,,,,,,1273.0,1273.0,,,0.0,,,0.0
2025-01-03 22:00:00,,,,,,,1273.0,1273.0,,,0.0,,,0.0
2025-01-03 23:00:00,,,,,,,1273.0,1273.0,,,0.0,,,0.0
2025-01-04 00:00:00,,,,,,,1273.0,1273.0,,,0.0,,,0.0
2025-01-04 01:00:00,,,,,,,1273.0,1273.0,,,0.0,,,0.0
2025-01-04 02:00:00,,,,,,,1273.0,1273.0,,,0.0,,,0.0
2025-01-04 03:00:00,,,,,,,1273.0,1273.0,,,0.0,,,0.0
2025-01-04 04:00:00,,,,,,,1273.0,1273.0,,,0.0,,,0.0
2025-01-04 05:00:00,,,,,,,1273.0,1273.0,,,0.0,,,0.0
2025-01-04 06:00:00,,,,,,,1273.0,1273.0,,,0.0,,,0.0
2025-01-04 07:00:00,,,,,,,1273.0,1273.0,,,0.0,,,0.0
2025-01-04 08:00:00,,,,,,,1273.0,1273.0,,,0.0,,,0.0
2025-01-04 09:00:00,0.6994,0.9212,0.4459,0.445,,,2240.0,2240.0,0.54219997,0.1918,5.0,1.7876,0.0636,5.0
2025-01-04 10:00:00,0.819,,,,,,193.0,248.0,0.7574,0.1434,4.0,1.4511,0.44869995,4.0
2025-01-04 11:00:00,,,,,,,509.0,509.0,1.2996,0.0316,2.0,1.5351999,0.117299974,2.0
2025-01-04 12:00:00,1.1683999,,,,-0.068700016,,1.0,248.0,1.4904,0.3678,6.0,1.2560999,0.16289997,6.0
2025-01-04 13:00:00,1.0771999,,,,0.24790001,,2049.0,2296.0,0.9314,0.131,6.0,1.2989,0.18369997,6.0
2025-01-04 14:00:00,,,,,,,505.0,504.0,0.9016,0.1196,5.0,1.3543999,0.26309997,5.0
2025-01-04 15:00:00,,,,,,,505.0,505.0,0.9934,0.026999999,4.0,1.1595999,0.18720001,4.0
2025-01-04 16:00:00,,,,,,,1533.0,1533.0,,,0.0,,,0.0
2025-01-04 17:00:00,,,,,,,1273.0,1273.0,,,0.0,,,0.0
2025-01-04 18:00:00,,,,,,,1273.0,1273.0,,,0.0,,,0.0
2025-01-04 19:00:00,,,,,,,1273.0,1273.0,,,0.0,,,0.0
2025-01-04 20:00:00,,,,,,,1273.0,1273.0,,,0.0,,,0.0
2025-01-04 21:00:00,,,,,,,1529.0,1529.0,,,0.0,,,0.0
2025-01-04 22:00:00,,,,,,,1533.0,1533.0,,,0.0,,,0.0
2025-01-04 23:00:00,,,,,,,1529.0,1529.0,,,0.0,,,0.0
2025-01-05 00:00:00,,,,,,,1533.0,1533.0,,,0.0,,,0.0
2025-01-05 01:00:00,,,,,,,1273.0,1273.0,,,0.0,,,0.0
2025-01-05 02:00:00,,,,,,,1273.0,1273.0,,,0.0,,,0.0
2025-01-05 03:00:00,,,,,,,1273.0,1273.0,,,0.0,,,0.0
2025-01-05 04:00:00,,,,,,,1529.0,1529.0,,,0.0,,,0.0
2025-01-05 05:00:00,,,,,,,1533.0,1533.0,,,0.0,,,0.0
2025-01-05 06:00:00,,,,,,,1533.0,1533.0,,,0.0,,,0.0
2025-01-05 07:00:00,,,,,,,1533.0,1533.0,,,0.0,,,0.0
2025-01-05 08:00:00,,,,,,,1533.0,1533.0,,,0.0,,,0.0
2025-01-05 09:00:00,,,,,,,249.0,249.0,0.5308,0.064399995,2.0,1.8378999,0.026300013,2.0
2025-01-05 10:00:00,0.8346,0.6724,0.43069997,0.4303,,1.3341999,192.0,0.0,0.8174,0.1046,5.0,1.6889999,0.185,5.0
2025-01-05 11:00:00,0.89059997,0.9442,0.46409997,0.4635,,1.2220999,192.0,0.0,0.77279997,0.13679999,6.0,1.4240999,0.18769997,6.0
2025-01-05 12:00:00,0.9378,1.0798,0.45659998,0.456,-0.256,1.1452,0.0,0.0,0.9622,0.1174,6.0,1.351,0.13659996,6.0
2025-01-05 13:00:00,0.9332,0.654,0.3775,0.3773,,,2240.0,2240.0,0.8206,0.12,6.0,1.3995999,0.1501,6.0
2025-01-05 14:00:00,0.886,0.8038,0.3209,0.3204,0.15679997,1.0969,0.0,0.0,0.8088,0.051,6.0,1.384,0.17519999,6.0
2025-01-05 15:00:00,0.90059996,,,,1.1414,,1.0,249.0,0.9446,0.088199995,5.0,1.2558,0.0891,5.0
2025-01-05 16:00:00,,,,,,,1533.0,1533.0,,,0.0,,,0.0
2025-01-05 17:00:00,,,,,,,1273.0,1273.0,,,0.0,,,0.0
2025-01-05 18:00:00,,,,,,,1273.0,1273.0,,,0.0,,,0.0
2025-01-05 19:00:00,,,,,,,1273.0,1273.0,,,0.0,,,0.0
2025-01-05 20:00:00,,,,,,,1273.0,1273.0,,,0.0,,,0.0
2025-01-05 21:00:00,,,,,,,1273.0,1273.0,,,0.0,,,0.0
2025-01-05 22:00:00,,,,,,,1273.0,1273.0,,,0.0,,,0.0
2025-01-05 23:00:00,,,,,,,1273.0,1273.0,,,0.0,,,0.0
2025-01-06 00:00:00,,,,,,,1273.0,1273.0,,,0.0,,,0.0
2025-01-06 01:00:00,,,,,,,1273.0,1273.0,,,0.0,,,0.0
2025-01-06 02:00:00,,,,,,,1273.0,1273.0,,,0.0,,,0.0
2025-01-06 03:00:00,,,,,,,1273.0,1273.0,,,0.0,,,0.0
2025-01-06 04:00:00,,,,,,,1273.0,1273.0,,,0.0,,,0.0
2025-01-06 06:00:00,,,,,,,1273.0,1273.0,,,0.0,,,0.0
2025-01-06 07:00:00,,,,,,,1273.0,1273.0,,,0.0,,,0.0
2025-01-06 08:00:00,,,,,,,1273.0,1273.0,,,0.0,,,0.0
2025-01-06 09:00:00,0.6156,0.5872,0.32099998,0.3204,,,2240.0,2240.0,0.4084,0.090799995,5.0,1.8088999,0.06189996,5.0
2025-01-06 10:00:00,0.6598,0.47219998,0.456,0.4558,,0.8162,192.0,0.0,0.49359998,0.1408,6.0,1.6004,0.36319995,6.0
2025-01-06 11:00:00,0.80219996,0.8444,0.4813,0.4809,,1.1222,192.0,0.0,0.69699997,0.1638,6.0,1.3611,0.2087,6.0
2025-01-06 12:00:00,0.9256,0.8778,0.44099998,0.4407,-0.28280002,1.178,0.0,0.0,0.9598,0.1138,6.0,1.3471999,0.09319997,6.0
2025-01-06 13:00:00,0.88879997,0.742,0.40219998,0.4019,,1.1435,192.0,0.0,0.8224,0.0964,6.0,1.3270999,0.13980001,6.0
2025-01-06 14:00:00,0.81,0.788,0.33859998,0.3382,0.119699955,1.0466,0.0,0.0,0.7224,0.0844,6.0,1.5019,0.222,6.0
2025-01-06 15:00:00,0.8372,,,,0.93569994,,1.0,249.0,0.8684,0.0756,5.0,1.2486,0.099999964,5.0
2025-01-06 16:00:00,,,,,,,1533.0,1533.0,,,0.0,,,0.0
2025-01-06 17:00:00,,,,,,,1273.0,1273.0,,,0.0,,,0.0
2025-01-06 18:00:00,,,,,,,1273.0,1273.0,,,0.0,,,0.0
2025-01-06 19:00:00,,,,,,,1273.0,1273.0,,,0.0,,,0.0
2025-01-06 20:00:00,,,,,,,1273.0,1273.0,,,0.0,,,0.0
2025-01-06 21:00:00,,,,,,,1273.0,1273.0,,,0.0,,,0.0
2025-01-06 22:00:00,,,,,,,1273.0,1273.0,,,0.0,,,0.0
2025-01-06 23:00:00,,,,,,,1273.0,1273.0,,,0.0,,,0.0
2025-01-07 00:00:00,,,,,,,1273.0,1273.0,,,0.0,,,0.0
2025-01-07 01:00:00,,,,,,,1273.0,1273.0,,,0.0,,,0.0
2025-01-07 02:00:00,,,,,,,1273.0,1273.0,,,0.0,,,0.0
2025-01-07 03:00:00,,,,,,,1529.0,1529.0,,,0.0,,,0.0
2025-01-07 04:00:00,,,,,,,1529.0,1529.0,,,0.0,,,0.0
2025-01-07 05:00:00,,,,,,,1273.0,1273.0,,,0.0,,,0.0
2025-01-07 06:00:00,,,,,,,1529.0,1529.0,,,0.0,,,0.0
2025-01-07 07:00:00,,,,,,,1533.0,1533.0,,,0.0,,,0.0
2025-01-07 08:00:00,,,,,,,1533.0,1533.0,,,0.0,,,0.0
2025-01-07 09:00:00,,,,,,,509.0,509.0,,,0.0,,,0.0
2025-01-07 10:00:00,,,,,,,509.0,509.0,,,0.0,,,0.0
2025-01-07 11:00:00,,,,,,,509.0,509.0,,,0.0,,,0.0
2025-01-07 12:00:00,,,,,,,509.0,509.0,,,0.0,,,0.0
2025-01-07 13:00:00,,,,,,,509.0,509.0,,,0.0,,,0.0
2025-01-07 14:00:00,,,,,,,509.0,509.0,,,0.0,,,0.0
2025-01-07 15:00:00,,,,,,,509.0,509.0,,,0.0,,,0.0
2025-01-07 16:00:00,,,,,,,1533.0,1533.0,,,0.0,,,0.0
2025-01-07 17:00:00,,,,,,,1529.0,1529.0,,,0.0,,,0.0
2025-01-07 18:00:00,,,,,,,1533.0,1533.0,,,0.0,,,0.0
2025-01-07 19:00:00,,,,,,,1273.0,1273.0,,,0.0,,,0.0
2025-01-07 20:00:00,,,,,,,1273.0,1273.0,,,0.0,,,0.0
2025-01-07 21:00:00,,,,,,,1273.0,1273.0,,,0.0,,,0.0
2025-01-07 22:00:00,,,,,,,1273.0,1273.0,,,0.0,,,0.0
2025-01-07 23:00:00,,,,,,,1529.0,1529.0,,,0.0,,,0.0
2025-01-08 00:00:00,,,,,,,1273.0,1273.0,,,0.0,,,0.0
2025-01-08 01:00:00,,,,,,,1273.0,1273.0,,,0.0,,,0.0
2025-01-08 02:00:00,,,,,,,1533.0,1533.0,,,0.0,,,0.0
2025-01-08 04:00:00,,,,,,,1273.0,1273.0,,,0.0,,,0.0
2025-01-08 05:00:00,,,,,,,1273.0,1273.0,,,0.0,,,0.0
2025-01-08 06:00:00,,,,,,,1273.0,1273.0,,,0.0,,,0.0
2025-01-08 07:00:00,,,,,,,1533.0,1533.0,,,0.0,,,0.0
2025-01-08 08:00:00,,,,,,,1533.0,1533.0,,,0.0,,,0.0
2025-01-08 09:00:00,,,,,,,509.0,509.0,,,0.0,,,0.0
2025-01-08 10:00:00,,,,,,,509.0,509.0,,,0.0,,,0.0
2025-01-08 11:00:00,,,,,,,509.0,509.0,,,0.0,,,0.0
2025-01-08 12:00:00,,,,,,,509.0,509.0,,,0.0,,,0.0
2025-01-08 13:00:00,,,,,,,509.0,509.0,,,0.0,,,0.0
2025-01-08 14:00:00,,,,,,,509.0,509.0,,,0.0,,,0.0
2025-01-08 15:00:00,,,,,,,509.0,509.0,,,0.0,,,0.0
2025-01-08 16:00:00,,,,,,,1533.0,1533.0,,,0.0,,,0.0
2025-01-08 17:00:00,,,,,,,1533.0,1533.0,,,0.0,,,0.0
2025-01-08 18:00:00,,,,,,,1529.0,1529.0,,,0.0,,,0.0
2025-01-08 19:00:00,,,,,,,1533.0,1533.0,,,0.0,,,0.0
2025-01-08 20:00:00,,,,,,,1529.0,1529.0,,,0.0,,,0.0
2025-01-08 21:00:00,,,,,,,1529.0,1529.0,,,0.0,,,0.0
2025-01-08 22:00:00,,,,,,,1529.0,1529.0,,,0.0,,,0.0
2025-01-08 23:00:00,,,,,,,1273.0,1273.0,,,0.0,,,0.0
2025-01-09 00:00:00,,,,,,,1529.0,1529.0,,,0.0,,,0.0
2025-01-09 01:00:00,,,,,,,1273.0,1273.0,,,0.0,,,0.0
2025-01-09 02:00:00,,,,,,,1533.0,1533.0,,,0.0,,,0.0
2025-01-09 03:00:00,,,,,,,1529.0,1529.0,,,0.0,,,0.0
2025-01-09 04:00:00,,,,,,,1533.0,1533.0,,,0.0,,,0.0
2025-01-09 05:00:00,,,,,,,1273.0,1273.0,,,0.0,,,0.0
2025-01-09 06:00:00,,,,,,,1273.0,1273.0,,,0.0,,,0.0
2025-01-09 07:00:00,,,,,,,1529.0,1529.0,,,0.0,,,0.0
2025-01-09 08:00:00,,,,,,,1533.0,1533.0,,,0.0,,,0.0
2025-01-09 09:00:00,,,,,,,509.0,509.0,,,0.0,,,0.0
2025-01-09 10:00:00,,,,,,,509.0,509.0,,,0.0,,,0.0
2025-01-09 11:00:00,,,,,,,509.0,509.0,,,0.0,,,0.0
2025-01-09 12:00:00,,,,,,,509.0,509.0,,,0.0,,,0.0
2025-01-09 13:00:00,,,,,,,509.0,509.0,,,0.0,,,0.0
2025-01-09 14:00:00,,,,,,,509.0,509.0,,,0.0,,,0.0
2025-01-09 15:00:00,,,,,,,509.0,509.0,,,0.0,,,0.0
2025-01-09 16:00:00,,,,,,,1533.0,1533.0,,,0.0,,,0.0
2025-01-09 17:00:00,,,,,,,1533.0,1533.0,,,0.0,,,0.0
2025-01-09 18:00:00,,,,,,,1529.0,1529.0,,,0.0,,,0.0
2025-01-09 19:00:00,,,,,,,1273.0,1273.0,,,0.0,,,0.0
2025-01-09 20:00:00,,,,,,,1529.0,1529.0,,,0.0,,,0.0
2025-01-09 21:00:00,,,,,,,1529.0,1529.0,,,0.0,,,0.0
2025-01-09 22:00:00,,,,,,,1533.0,1533.0,,,0.0,,,0.0
2025-01-09 23:00:00,,,,,,,1273.0,1273.0,,,0.0,,,0.0
2025-01-10 00:00:00,,,,,,,1273.0,1273.0,,,0.0,,,0.0
2025-01-10 01:00:00,,,,,,,1273.0,1273.0,,,0.0,,,0.0
2025-01-10 02:00:00,,,,,,,1273.0,1273.0,,,0.0,,,0.0
2025-01-10 03:00:00,,,,,,,1529.0,1529.0,,,0.0,,,0.0
2025-01-10 04:00:00,,,,,,,1273.0,1273.0,,,0.0,,,0.0
2025-01-10 05:00:00,,,,,,,1273.0,1273.0,,,0.0,,,0.0
2025-01-10 06:00:00,,,,,,,1533.0,1533.0,,,0.0,,,0.0
2025-01-10 07:00:00,,,,,,,1533.0,1533.0,,,0.0,,,0.0
2025-01-10 08:00:00,,,,,,,1533.0,1533.0,,,0.0,,,0.0
2025-01-10 09:00:00,,,,,,,509.0,509.0,,,0.0,,,0.0
2025-01-10 10:00:00,,,,,,,509.0,509.0,,,0.0,,,0.0
2025-01-10 11:00:00,,,,,,,509.0,509.0,,,0.0,,,0.0
2025-01-10 12:00:00,,,,,,,509.0,509.0,,,0.0,,,0.0
2025-01-10 13:00:00,,,,,,,509.0,509.0,,,0.0,,,0.0
2025-01-10 14:00:00,,,,,,,509.0,509.0,,,0.0,,,0.0
2025-01-10 15:00:00,,,,,,,509.0,509.0,,,0.0,,,0.0
2025-01-10 16:00:00,,,,,,,1533.0,1533.0,,,0.0,,,0.0
2025-01-10 17:00:00,,,,,,,1533.0,1533.0,,,0.0,,,0.0
2025-01-10 18:00:00,,,,,,,1273.0,1273.0,,,0.0,,,0.0
2025-01-10 19:00:00,,,,,,,1273.0,1273.0,,,0.0,,,0.0
2025-01-10 20:00:00,,,,,,,1273.0,1273.0,,,0.0,,,0.0
2025-01-10 21:00:00,,,,,,,1273.0,1273.0,,,0.0,,,0.0
2025-01-10 22:00:00,,,,,,,1273.0,1273.0,,,0.0,,,0.0
2025-01-10 23:00:00,,,,,,,1273.0,1273.0,,,0.0,,,0.0
2025-01-11 00:00:00,,,,,,,1273.0,1273.0,,,0.0,,,0.0
2025-01-11 01:00:00,,,,,,,1273.0,1273.0,,,0.0,,,0.0
2025-01-11 02:00:00,,,,,,,1273.0,1273.0,,,0.0,,,0.0
2025-01-11 03:00:00,,,,,,,1273.0,1273.0,,,0.0,,,0.0
2025-01-11 04:00:00,,,,,,,1273.0,1273.0,,,0.0,,,0.0
2025-01-11 05:00:00,,,,,,,1273.0,1273.0,,,0.0,,,0.0
2025-01-11 06:00:00,,,,,,,1273.0,1273.0,,,0.0,,,0.0
2025-01-11 07:00:00,,,,,,,1273.0,1273.0,,,0.0,,,0.0
2025-01-11 08:00:00,,,,,,,1533.0,1533.0,,,0.0,,,0.0
2025-01-11 09:00:00,,,,,,,509.0,509.0,,,0.0,,,0.0
2025-01-11 10:00:00,,,,,,,509.0,509.0,,,0.0,,,0.0
2025-01-11 11:00:00,,,,,,,509.0,509.0,,,0.0,,,0.0
2025-01-11 12:00:00,,,,,,,509.0,509.0,,,0.0,,,0.0
2025-01-11 13:00:00,,,,,,,509.0,509.0,,,0.0,,,0.0
2025-01-11 14:00:00,,,,,,,509.0,509.0,,,0.0,,,0.0
2025-01-11 15:00:00,,,,,,,249.0,249.0,0.14639999,0.0466,3.0,1.2861999,0.2988,3.0
2025-01-11 16:00:00,,,,,,,1533.0,1533.0,,,0.0,,,0.0
2025-01-11 17:00:00,,,,,,,1533.0,1533.0,,,0.0,,,0.0
2025-01-11 18:00:00,,,,,,,1273.0,1273.0,,,0.0,,,0.0
2025-01-11 19:00:00,,,,,,,1273.0,1273.0,,,0.0,,,0.0
2025-01-11 20:00:00,,,,,,,1273.0,1273.0,,,0.0,,,0.0
2025-01-11 21:00:00,,,,,,,1273.0,1273.0,,,0.0,,,0.0
2025-01-11 22:00:00,,,,,,,1273.0,1273.0,,,0.0,,,0.0
2025-01-11 23:00:00,,,,,,,1273.0,1273.0,,,0.0,,,0.0
2025-01-12 00:00:00,,,,,,,1273.0,1273.0,,,0.0,,,0.0
2025-01-12 01:00:00,,,,,,,1273.0,1273.0,,,0.0,,,0.0
2025-01-12 02:00:00,,,,,,,1273.0,1273.0,,,0.0,,,0.0
2025-01-12 03:00:00,,,,,,,1273.0,1273.0,,,0.0,,,0.0
2025-01-12 04:00:00,,,,,,,1273.0,1273.0,,,0.0,,,0.0
2025-01-12 05:00:00,,,,,,,1273.0,1273.0,,,0.0,,,0.0
2025-01-12 06:00:00,,,,,,,1273.0,1273.0,,,0.0,,,0.0
2025-01-12 07:00:00,,,,,,,1273.0,1273.0,,,0.0,,,0.0
2025-01-12 08:00:00,,,,,,,1273.0,1273.0,,,0.0,,,0.0
2025-01-12 09:00:00,,,,,,,249.0,249.0,,,0.0,,,0.0
2025-01-12 10:00:00,0.1024,,,,,,193.0,249.0,,,0.0,,,0.0
2025-01-12 11:00:00,0.1572,,,,,,2241.0,2296.0,0.3198,0.2976,2.0,0.576,0.30039996,2.0
2025-01-12 12:00:00,0.19319999,,,,,,449.0,505.0,0.4608,0.088,2.0,0.41189998,0.13239998,2.0
2025-01-12 13:00:00,,,,,,,249.0,249.0,,,0.0,,,0.0
2025-01-12 14:00:00,0.17719999,,,,,,193.0,249.0,0.011,0.0,1.0,1.3305,0.0,1.0
2025-01-12 15:00:00,0.0858,,,,,,193.0,249.0,0.0574,0.0,1.0,1.2465,0.0,1.0
2025-01-12 17:00:00,,,,,,,1529.0,1529.0,,,0.0,,,0.0
2025-01-12 18:00:00,,,,,,,1273.0,1273.0,,,0.0,,,0.0
2025-01-12 19:00:00,,,,,,,1273.0,1273.0,,,0.0,,,0.0
2025-01-12 20:00:00,,,,,,,1273.0,1273.0,,,0.0,,,0.0
2025-01-12 21:00:00,,,,,,,1273.0,1273.0,,,0.0,,,0.0
2025-01-12 22:00:00,,,,,,,1273.0,1273.0,,,0.0,,,0.0
2025-01-12 23:00:00,,,,,,,1273.0,1273.0,,,0.0,,,0.0
2025-01-13 00:00:00,,,,,,,1273.0,1273.0,,,0.0,,,0.0
2025-01-13 01:00:00,,,,,,,1273.0,1273.0,,,0.0,,,0.0
2025-01-13 02:00:00,,,,,,,1273.0,1273.0,,,0.0,,,0.0
2025-01-13 03:00:00,,,,,,,1273.0,1273.0,,,0.0,,,0.0
2025-01-13 04:00:00,,,,,,,1273.0,1273.0,,,0.0,,,0.0
2025-01-13 05:00:00,,,,,,,1273.0,1273.0,,,0.0,,,0.0
2025-01-13 06:00:00,,,,,,,1273.0,1273.0,,,0.0,,,0.0
2025-01-13 07:00:00,,,,,,,1273.0,1273.0,,,0.0,,,0.0
2025-01-13 08:00:00,,,,,,,1273.0,1273.0,,,0.0,,,0.0
2025-01-13 09:00:00,0.110599995,0.1222,0.4279,0.4278,,,192.0,192.0,0.060599998,0.048,3.0,0.992,0.2758,3.0
2025-01-13 10:00:00,0.1832,,,,,,193.0,249.0,0.14199999,0.0398,5.0,0.4526,0.26919997,5.0
2025-01-13 11:00:00,0.3516,0.5876,0.4976,0.4971,-0.07430002,0.7041,0.0,0.0,0.2962,0.14019999,6.0,0.7242,0.40989995,6.0
2025-01-13 12:00:00,0.6034,,,,-0.15220001,,1.0,248.0,0.677,0.12019999,6.0,1.0353,0.2471,6.0
2025-01-13 13:00:00,0.5796,0.4082,0.47329998,0.473,,,2240.0,2240.0,0.5148,0.057,6.0,1.3031,0.08399999,6.0
2025-01-13 14:00:00,0.5488,0.4096,0.36789998,0.3676,,0.9807,192.0,0.0,0.4172,0.0578,5.0,1.4018999,0.27379996,5.0
2025-01-13 15:00:00,0.511,,,,,,193.0,248.0,0.58019996,0.076,6.0,1.1959,0.15849996,6.0
2025-01-13 16:00:00,0.5122,,,,,,1477.0,1533.0,0.58599997,0.051599998,5.0,1.2801,0.075699985,5.0
2025-01-13 17:00:00,,,,,,,1273.0,1273.0,,,0.0,,,0.0
2025-01-13 18:00:00,,,,,,,1273.0,1273.0,,,0.0,,,0.0
2025-01-13 19:00:00,,,,,,,1273.0,1273.0,,,0.0,,,0.0
2025-01-13 20:00:00,,,,,,,1273.0,1273.0,,,0.0,,,0.0
2025-01-13 21:00:00,,,,,,,1273.0,1273.0,,,0.0,,,0.0
2025-01-13 22:00:00,,,,,,,1273.0,1273.0,,,0.0,,,0.0
2025-01-13 23:00:00,,,,,,,1273.0,1273.0,,,0.0,,,0.0
2025-01-14 00:00:00,,,,,,,1273.0,1273.0,,,0.0,,,0.0
2025-01-14 01:00:00,,,,,,,1273.0,1273.0,,,0.0,,,0.0
2025-01-14 02:00:00,,,,,,,1273.0,1273.0,,,0.0,,,0.0
2025-01-14 03:00:00,,,,,,,1529.0,1529.0,,,0.0,,,0.0
2025-01-14 04:00:00,,,,,,,1529.0,1529.0,,,0.0,,,0.0
2025-01-14 05:00:00,,,,,,,1533.0,1533.0,,,0.0,,,0.0
2025-01-14 06:00:00,,,,,,,1533.0,1533.0,,,0.0,,,0.0
2025-01-14 07:00:00,,,,,,,1273.0,1273.0,,,0.0,,,0.0
2025-01-14 08:00:00,,,,,,,1533.0,1533.0,,,0.0,,,0.0
2025-01-14 09:00:00,,,,,,,509.0,509.0,,,0.0,,,0.0
2025-01-14 10:00:00,,,,,,,509.0,509.0,,,0.0,,,0.0
2025-01-14 11:00:00,,,,,,,509.0,509.0,,,0.0,,,0.0
2025-01-14 12:00:00,,,,,,,509.0,509.0,,,0.0,,,0.0
2025-01-14 13:00:00,,,,,,,509.0,509.0,,,0.0,,,0.0
2025-01-14 14:00:00,,,,,,,509.0,509.0,1.2816,0.1364,2.0,0.5588,0.12129998,2.0
2025-01-14 15:00:00,,,,,,,509.0,509.0,,,0.0,,,0.0
2025-01-14 16:00:00,,,,,,,1533.0,1533.0,,,0.0,,,0.0
2025-01-14 17:00:00,,,,,,,1533.0,1533.0,,,0.0,,,0.0
2025-01-14 18:00:00,,,,,,,1273.0,1273.0,,,0.0,,,0.0
2025-01-14 19:00:00,,,,,,,1273.0,1273.0,,,0.0,,,0.0
2025-01-14 20:00:00,,,,,,,1529.0,1529.0,,,0.0,,,0.0
2025-01-14 21:00:00,,,,,,,1533.0,1533.0,,,0.0,,,0.0
2025-01-14 22:00:00,,,,,,,1533.0,1533.0,,,0.0,,,0.0
2025-01-14 23:00:00,,,,,,,1533.0,1533.0,,,0.0,,,0.0
2025-01-15 00:00:00,,,,,,,1533.0,1533.0,,,0.0,,,0.0
2025-01-15 02:00:00,,,,,,,1273.0,1273.0,,,0.0,,,0.0
2025-01-15 03:00:00,,,,,,,1273.0,1273.0,,,0.0,,,0.0
2025-01-15 04:00:00,,,,,,,1273.0,1273.0,,,0.0,,,0.0
2025-01-15 05:00:00,,,,,,,1273.0,1273.0,,,0.0,,,0.0
2025-01-15 06:00:00,,,,,,,1273.0,1273.0,,,0.0,,,0.0
2025-01-15 07:00:00,,,,,,,1529.0,1529.0,,,0.0,,,0.0
2025-01-15 08:00:00,,,,,,,1533.0,1533.0,,,0.0,,,0.0
2025-01-15 09:00:00,,,,,,,509.0,509.0,,,0.0,,,0.0
2025-01-15 10:00:00,,,,,,,509.0,509.0,,,0.0,,,0.0
2025-01-15 11:00:00,,,,,,,509.0,509.0,2.4445999,0.0,1.0,0.53180003,0.0,1.0
2025-01-15 12:00:00,,,,,,,505.0,505.0,2.1972,0.0,1.0,0.394,0.0,1.0
2025-01-15 13:00:00,,,,,,,505.0,504.0,1.795,0.48979998,2.0,0.5107,0.39819998,2.0
2025-01-15 14:00:00,,,,,,,509.0,509.0,,,0.0,,,0.0
2025-01-15 15:00:00,,,,,,,509.0,509.0,,,0.0,,,0.0
2025-01-15 16:00:00,,,,,,,1533.0,1533.0,,,0.0,,,0.0
2025-01-15 17:00:00,,,,,,,1533.0,1533.0,,,0.0,,,0.0
2025-01-15 18:00:00,,,,,,,1273.0,1273.0,,,0.0,,,0.0
2025-01-15 19:00:00,,,,,,,1529.0,1529.0,,,0.0,,,0.0
2025-01-15 20:00:00,,,,,,,1529.0,1529.0,,,0.0,,,0.0
2025-01-15 21:00:00,,,,,,,1529.0,1529.0,,,0.0,,,0.0
2025-01-15 22:00:00,,,,,,,1529.0,1529.0,,,0.0,,,0.0
2025-01-15 23:00:00,,,,,,,1533.0,1533.0,,,0.0,,,0.0
2025-01-16 00:00:00,,,,,,,1273.0,1273.0,,,0.0,,,0.0
2025-01-16 01:00:00,,,,,,,1529.0,1529.0,,,0.0,,,0.0
2025-01-16 02:00:00,,,,,,,1273.0,1273.0,,,0.0,,,0.0
2025-01-16 03:00:00,,,,,,,1273.0,1273.0,,,0.0,,,0.0
2025-01-16 04:00:00,,,,,,,1529.0,1529.0,,,0.0,,,0.0
2025-01-16 05:00:00,,,,,,,1273.0,1273.0,,,0.0,,,0.0
2025-01-16 06:00:00,,,,,,,1273.0,1273.0,,,0.0,,,0.0
2025-01-16 07:00:00,,,,,,,1273.0,1273.0,,,0.0,,,0.0
2025-01-16 08:00:00,,,,,,,1273.0,1273.0,,,0.0,,,0.0
2025-01-16 09:00:00,0.18419999,,,,,,193.0,248.0,0.154,0.0514,5.0,1.4031999,0.24449998,5.0
2025-01-16 10:00:00,0.29979998,0.29099998,0.4888,0.4887,,,192.0,192.0,0.1946,0.049999997,6.0,0.7959,0.32369995,6.0
2025-01-16 11:00:00,0.3918,,,,,,193.0,248.0,0.29479998,0.1162,6.0,1.0683999,0.3405,6.0
2025-01-16 12:00:00,,,,,,,505.0,505.0,1.5414,0.4048,4.0,0.5490999,0.35869998,4.0
2025-01-16 13:00:00,,,,,,,2297.0,2296.0,0.3014,0.0,1.0,1.4251,0.0,1.0
2025-01-16 14:00:00,0.47219998,0.243,0.4344,0.4341,,,2240.0,2240.0,0.37399998,0.068799995,5.0,1.5578,0.18829995,5.0
2025-01-16 15:00:00,0.4118,,,,,,2241.0,2296.0,0.4168,0.105799995,6.0,1.1873,0.277,6.0
2025-01-16 16:00:00,0.3778,,,,,,1477.0,1533.0,0.312,0.051,5.0,1.3651999,0.0146999955,5.0
2025-01-16 17:00:00,,,,,,,1533.0,1533.0,,,0.0,,,0.0
2025-01-16 18:00:00,,,,,,,1273.0,1273.0,,,0.0,,,0.0
2025-01-16 19:00:00,,,,,,,1529.0,1529.0,,,0.0,,,0.0
2025-01-16 20:00:00,,,,,,,1529.0,1529.0,,,0.0,,,0.0
2025-01-16 21:00:00,,,,,,,1273.0,1273.0,,,0.0,,,0.0
2025-01-16 22:00:00,,,,,,,1273.0,1273.0,,,0.0,,,0.0
2025-01-16 23:00:00,,,,,,,1273.0,1273.0,,,0.0,,,0.0
2025-01-17 00:00:00,,,,,,,1273.0,1273.0,,,0.0,,,0.0
2025-01-17 01:00:00,,,,,,,1273.0,1273.0,,,0.0,,,0.0
2025-01-17 02:00:00,,,,,,,1273.0,1273.0,,,0.0,,,0.0
2025-01-17 03:00:00,,,,,,,1273.0,1273.0,,,0.0,,,0.0
2025-01-17 04:00:00,,,,,,,1273.0,1273.0,,,0.0,,,0.0
2025-01-17 05:00:00,,,,,,,1273.0,1273.0,,,0.0,,,0.0
2025-01-17 06:00:00,,,,,,,1273.0,1273.0,,,0.0,,,0.0
2025-01-17 07:00:00,,,,,,,1273.0,1273.0,,,0.0,,,0.0
2025-01-17 08:00:00,,,,,,,1273.0,1273.0,,,0.0,,,0.0
2025-01-17 09:00:00,0.5536,0.6512,0.40489998,0.4044,,,2240.0,2240.0,0.4044,0.124199994,5.0,1.7347,0.075100005,5.0
2025-01-17 10:00:00,0.5524,0.505,0.4728,0.4723,,1.1679,192.0,0.0,0.405,0.0704,6.0,1.5685999,0.23879999,6.0
2025-01-17 11:00:00,0.7906,0.8732,0.4728,0.4723,,1.3011999,192.0,0.0,0.639,0.1268,6.0,1.4824,0.1297,6.0
2025-01-17 12:00:00,0.8976,,,,-0.3172,,1.0,248.0,0.8404,0.0698,5.0,1.3527,0.13729995,5.0
2025-01-17 13:00:00,0.96879995,0.7384,0.4366,0.436,-0.07950002,1.2671,0.0,0.0,0.6992,0.038,6.0,1.2801,0.028100014,6.0
2025-01-17 14:00:00,0.92399997,0.6914,0.35639998,0.3561,-0.077200025,1.2615999,0.0,0.0,0.74579996,0.0532,6.0,1.5056999,0.14819998,6.0
2025-01-17 15:00:00,0.8772,,,,-0.026300013,,1.0,248.0,0.881,0.081,6.0,1.2649,0.11339998,6.0
2025-01-17 16:00:00,0.899,,,,0.65349996,,1285.0,1533.0,0.95419997,0.1884,5.0,1.352,0.043299973,5.0
2025-01-17 17:00:00,,,,,,,1533.0,1533.0,,,0.0,,,0.0
2025-01-17 18:00:00,,,,,,,1273.0,1273.0,,,0.0,,,0.0
2025-01-17 19:00:00,,,,,,,1273.0,1273.0,,,0.0,,,0.0
2025-01-17 20:00:00,,,,,,,1273.0,1273.0,,,0.0,,,0.0
2025-01-17 21:00:00,,,,,,,1273.0,1273.0,,,0.0,,,0.0
2025-01-17 22:00:00,,,,,,,1273.0,1273.0,,,0.0,,,0.0
2025-01-17 23:00:00,,,,,,,1273.0,1273.0,,,0.0,,,0.0
2025-01-18 00:00:00,,,,,,,1273.0,1273.0,,,0.0,,,0.0
2025-01-18 01:00:00,,,,,,,1273.0,1273.0,,,0.0,,,0.0
2025-01-18 02:00:00,,,,,,,1273.0,1273.0,,,0.0,,,0.0
2025-01-18 03:00:00,,,,,,,1273.0,1273.0,,,0.0,,,0.0
2025-01-18 04:00:00,,,,,,,1529.0,1529.0,,,0.0,,,0.0
2025-01-18 05:00:00,,,,,,,1529.0,1529.0,,,0.0,,,0.0
2025-01-18 06:00:00,,,,,,,1273.0,1273.0,,,0.0,,,0.0
2025-01-18 07:00:00,,,,,,,1273.0,1273.0,,,0.0,,,0.0
2025-01-18 08:00:00,,,,,,,1533.0,1533.0,,,0.0,,,0.0
2025-01-18 09:00:00,,,,,,,509.0,509.0,,,0.0,,,0.0
2025-01-18 10:00:00,,,,,,,509.0,509.0,,,0.0,,,0.0
2025-01-18 11:00:00,,,,,,,509.0,509.0,,,0.0,,,0.0
2025-01-18 12:00:00,,,,,,,509.0,509.0,,,0.0,,,0.0
2025-01-18 13:00:00,,,,,,,509.0,509.0,,,0.0,,,0.0
2025-01-18 14:00:00,,,,,,,509.0,509.0,,,0.0,,,0.0
2025-01-18 15:00:00,,,,,,,509.0,509.0,,,0.0,,,0.0
2025-01-18 16:00:00,,,,,,,1533.0,1533.0,,,0.0,,,0.0
2025-01-18 17:00:00,,,,,,,1533.0,1533.0,,,0.0,,,0.0
2025-01-18 18:00:00,,,,,,,1273.0,1273.0,,,0.0,,,0.0
2025-01-18 19:00:00,,,,,,,1273.0,1273.0,,,0.0,,,0.0
2025-01-18 20:00:00,,,,,,,1273.0,1273.0,,,0.0,,,0.0
2025-01-18 21:00:00,,,,,,,1273.0,1273.0,,,0.0,,,0.0
2025-01-18 22:00:00,,,,,,,1273.0,1273.0,,,0.0,,,0.0
2025-01-18 23:00:00,,,,,,,1273.0,1273.0,,,0.0,,,0.0
2025-01-19 00:00:00,,,,,,,1273.0,1273.0,,,0.0,,,0.0
2025-01-19 01:00:00,,,,,,,1273.0,1273.0,,,0.0,,,0.0
2025-01-19 03:00:00,,,,,,,1273.0,1273.0,,,0.0,,,0.0
2025-01-19 04:00:00,,,,,,,1273.0,1273.0,,,0.0,,,0.0
2025-01-19 05:00:00,,,,,,,1273.0,1273.0,,,0.0,,,0.0
2025-01-19 06:00:00,,,,,,,1273.0,1273.0,,,0.0,,,0.0
2025-01-19 07:00:00,,,,,,,1529.0,1529.0,,,0.0,,,0.0
2025-01-19 08:00:00,,,,,,,1533.0,1533.0,,,0.0,,,0.0
2025-01-19 09:00:00,,,,,,,509.0,509.0,,,0.0,,,0.0
2025-01-19 11:00:00,,,,,,,509.0,509.0,,,0.0,,,0.0
2025-01-19 12:00:00,,,,,,,509.0,509.0,,,0.0,,,0.0
2025-01-19 13:00:00,,,,,,,509.0,509.0,,,0.0,,,0.0
2025-01-19 14:00:00,,,,,,,249.0,248.0,0.9338,0.1372,2.0,0.89039993,0.061500013,2.0
2025-01-19 15:00:00,,,,,,,249.0,248.0,0.755,0.0858,6.0,1.2046,0.16979998,6.0
2025-01-19 16:00:00,0.74539995,,,,0.2582,,1285.0,1533.0,0.78679997,0.1554,5.0,1.3146,0.09649998,5.0
2025-01-19 17:00:00,,,,,,,1533.0,1533.0,,,0.0,,,0.0
2025-01-19 18:00:00,,,,,,,1273.0,1273.0,,,0.0,,,0.0
2025-01-19 19:00:00,,,,,,,1273.0,1273.0,,,0.0,,,0.0
2025-01-19 21:00:00,,,,,,,1533.0,1533.0,,,0.0,,,0.0
2025-01-19 22:00:00,,,,,,,1273.0,1273.0,,,0.0,,,0.0
2025-01-19 23:00:00,,,,,,,1529.0,1529.0,,,0.0,,,0.0
2025-01-20 00:00:00,,,,,,,1273.0,1273.0,,,0.0,,,0.0
2025-01-20 01:00:00,,,,,,,1529.0,1529.0,,,0.0,,,0.0
2025-01-20 02:00:00,,,,,,,1273.0,1273.0,,,0.0,,,0.0
2025-01-20 03:00:00,,,,,,,1533.0,1533.0,,,0.0,,,0.0
2025-01-20 04:00:00,,,,,,,1529.0,1529.0,,,0.0,,,0.0
2025-01-20 05:00:00,,,,,,,1533.0,1533.0,,,0.0,,,0.0
2025-01-20 06:00:00,,,,,,,1273.0,1273.0,,,0.0,,,0.0
2025-01-20 07:00:00,,,,,,,1529.0,1529.0,,,0.0,,,0.0
2025-01-20 08:00:00,,,,,,,1533.0,1533.0,,,0.0,,,0.0
2025-01-20 09:00:00,,,,,,,509.0,509.0,,,0.0,,,0.0
2025-01-20 10:00:00,,,,,,,509.0,509.0,,,0.0,,,0.0
2025-01-20 11:00:00,,,,,,,509.0,509.0,,,0.0,,,0.0
2025-01-20 12:00:00,,,,,,,509.0,509.0,,,0.0,,,0.0
2025-01-20 13:00:00,0.9856,0.7528,0.3852,0.3834,0.42719996,1.2494999,0.0,0.0,0.912,0.085,5.0,1.3314999,0.072399974,5.0
2025-01-20 14:00:00,0.9158,0.8466,0.30519998,0.3046,-0.1415,1.158,0.0,0.0,0.78099996,0.0686,6.0,1.285,0.14770001,6.0
2025-01-20 15:00:00,0.8908,0.9942,0.6465,0.6461,0.6213,1.4172,0.0,0.0,0.9812,0.088999994,6.0,1.28,0.114199996,6.0
2025-01-20 16:00:00,0.95839995,,,,0.8031,,1285.0,1533.0,1.2686,0.1678,5.0,1.4273,0.044699967,5.0
2025-01-20 17:00:00,,,,,,,1533.0,1533.0,,,0.0,,,0.0
2025-01-20 18:00:00,,,,,,,1273.0,1273.0,,,0.0,,,0.0
2025-01-20 19:00:00,,,,,,,1273.0,1273.0,,,0.0,,,0.0
2025-01-20 20:00:00,,,,,,,1273.0,1273.0,,,0.0,,,0.0
2025-01-20 21:00:00,,,,,,,1273.0,1273.0,,,0.0,,,0.0
2025-01-20 22:00:00,,,,,,,1273.0,1273.0,,,0.0,,,0.0
2025-01-20 23:00:00,,,,,,,1273.0,1273.0,,,0.0,,,0.0
2025-01-21 00:00:00,,,,,,,1273.0,1273.0,,,0.0,,,0.0
2025-01-21 01:00:00,,,,,,,1273.0,1273.0,,,0.0,,,0.0
2025-01-21 02:00:00,,,,,,,1529.0,1529.0,,,0.0,,,0.0
2025-01-21 03:00:00,,,,,,,1273.0,1273.0,,,0.0,,,0.0
2025-01-21 04:00:00,,,,,,,1273.0,1273.0,,,0.0,,,0.0
2025-01-21 05:00:00,,,,,,,1529.0,1529.0,,,0.0,,,0.0
2025-01-21 06:00:00,,,,,,,1533.0,1533.0,,,0.0,,,0.0
2025-01-21 07:00:00,,,,,,,1533.0,1533.0,,,0.0,,,0.0
2025-01-21 08:00:00,,,,,,,1273.0,1273.0,,,0.0,,,0.0
2025-01-21 09:00:00,0.5724,,,,,,193.0,249.0,0.47079998,0.1182,3.0,1.7916,0.07010001,3.0
2025-01-21 10:00:00,0.58919996,,,,,,193.0,248.0,0.43899998,0.0,1.0,1.0683999,0.0,1.0
2025-01-21 11:00:00,0.5906,0.5686,0.97099996,0.9708,0.28959996,1.1783999,0.0,0.0,0.4448,0.055999998,6.0,1.3485999,0.08880001,6.0
2025-01-21 12:00:00,0.6174,,,,,,193.0,248.0,0.5284,0.0486,6.0,1.4152999,0.14679998,6.0
2025-01-21 13:00:00,0.63199997,0.675,0.4256,0.4251,-0.20700002,0.7587999,0.0,0.0,0.6462,0.0212,6.0,1.2189,0.21129996,6.0
2025-01-21 14:00:00,0.59459996,0.5884,0.2546,0.2541,,1.0805,192.0,0.0,0.5348,0.038399998,6.0,1.3549,0.218,6.0
2025-01-21 15:00:00,0.6078,0.5592,0.658,0.6577,0.0661,,0.0,192.0,0.699,0.0714,6.0,1.3166,0.16829997,6.0
2025-01-21 16:00:00,0.593,,,,0.06760001,,1285.0,1533.0,0.6482,0.047199998,5.0,1.3364999,0.103599966,5.0
2025-01-21 17:00:00,,,,,,,1533.0,1533.0,,,0.0,,,0.0
2025-01-21 18:00:00,,,,,,,1273.0,1273.0,,,0.0,,,0.0
2025-01-21 19:00:00,,,,,,,1273.0,1273.0,,,0.0,,,0.0
2025-01-21 20:00:00,,,,,,,1529.0,1529.0,,,0.0,,,0.0
2025-01-21 21:00:00,,,,,,,1533.0,1533.0,,,0.0,,,0.0
2025-01-21 22:00:00,,,,,,,1533.0,1533.0,,,0.0,,,0.0
2025-01-22 02:00:00,,,,,,,1529.0,1529.0,,,0.0,,,0.0
2025-01-22 03:00:00,,,,,,,1533.0,1533.0,,,0.0,,,0.0
2025-01-22 04:00:00,,,,,,,1529.0,1529.0,,,0.0,,,0.0
2025-01-22 05:00:00,,,,,,,1533.0,1533.0,,,0.0,,,0.0
2025-01-22 06:00:00,,,,,,,1529.0,1529.0,,,0.0,,,0.0
2025-01-22 07:00:00,,,,,,,1533.0,1533.0,,,0.0,,,0.0
2025-01-22 08:00:00,,,,,,,1533.0,1533.0,,,0.0,,,0.0
2025-01-22 09:00:00,,,,,,,509.0,509.0,,,0.0,,,0.0
2025-01-22 10:00:00,,,,,,,509.0,509.0,,,0.0,,,0.0
2025-01-22 11:00:00,,,,,,,509.0,509.0,,,0.0,,,0.0
2025-01-22 12:00:00,,,,,,,509.0,509.0,,,0.0,,,0.0
2025-01-22 13:00:00,,,,,,,509.0,509.0,,,0.0,,,0.0
2025-01-22 14:00:00,,,,,,,509.0,509.0,,,0.0,,,0.0
2025-01-22 15:00:00,,,,,,,509.0,509.0,,,0.0,,,0.0
2025-01-22 16:00:00,,,,,,,1533.0,1533.0,,,0.0,,,0.0
2025-01-22 17:00:00,,,,,,,1533.0,1533.0,,,0.0,,,0.0
2025-01-22 18:00:00,,,,,,,1273.0,1273.0,,,0.0,,,0.0
2025-01-22 19:00:00,,,,,,,1273.0,1273.0,,,0.0,,,0.0
2025-01-22 20:00:00,,,,,,,1273.0,1273.0,,,0.0,,,0.0
2025-01-22 21:00:00,,,,,,,1273.0,1273.0,,,0.0,,,0.0
2025-01-22 22:00:00,,,,,,,1273.0,1273.0,,,0.0,,,0.0
2025-01-22 23:00:00,,,,,,,1273.0,1273.0,,,0.0,,,0.0
2025-01-23 00:00:00,,,,,,,1273.0,1273.0,,,0.0,,,0.0
2025-01-23 01:00:00,,,,,,,1273.0,1273.0,,,0.0,,,0.0
2025-01-23 02:00:00,,,,,,,1273.0,1273.0,,,0.0,,,0.0
2025-01-23 03:00:00,,,,,,,1273.0,1273.0,,,0.0,,,0.0
2025-01-23 04:00:00,,,,,,,1273.0,1273.0,,,0.0,,,0.0
2025-01-23 05:00:00,,,,,,,1273.0,1273.0,,,0.0,,,0.0
2025-01-23 06:00:00,,,,,,,1273.0,1273.0,,,0.0,,,0.0
2025-01-23 07:00:00,,,,,,,1533.0,1533.0,,,0.0,,,0.0
2025-01-23 08:00:00,,,,,,,1533.0,1533.0,,,0.0,,,0.0
2025-01-23 09:00:00,,,,,,,509.0,509.0,,,0.0,,,0.0
2025-01-23 10:00:00,,,,,,,509.0,509.0,,,0.0,,,0.0
2025-01-23 11:00:00,,,,,,,509.0,509.0,,,0.0,,,0.0
2025-01-23 12:00:00,,,,,,,509.0,509.0,,,0.0,,,0.0
2025-01-23 13:00:00,,,,,,,509.0,509.0,,,0.0,,,0.0
2025-01-23 14:00:00,,,,,,,509.0,509.0,,,0.0,,,0.0
2025-01-23 15:00:00,,,,,,,509.0,509.0,,,0.0,,,0.0
2025-01-23 16:00:00,,,,,,,1533.0,1533.0,,,0.0,,,0.0
2025-01-23 17:00:00,,,,,,,1533.0,1533.0,,,0.0,,,0.0
2025-01-23 18:00:00,,,,,,,1529.0,1529.0,,,0.0,,,0.0
2025-01-23 19:00:00,,,,,,,1533.0,1533.0,,,0.0,,,0.0
2025-01-23 20:00:00,,,,,,,1273.0,1273.0,,,0.0,,,0.0
2025-01-23 21:00:00,,,,,,,1529.0,1529.0,,,0.0,,,0.0
2025-01-23 22:00:00,,,,,,,1273.0,1273.0,,,0.0,,,0.0
2025-01-23 23:00:00,,,,,,,1273.0,1273.0,,,0.0,,,0.0
2025-01-24 00:00:00,,,,,,,1273.0,1273.0,,,0.0,,,0.0
2025-01-24 01:00:00,,,,,,,1273.0,1273.0,,,0.0,,,0.0
2025-01-24 02:00:00,,,,,,,1273.0,1273.0,,,0.0,,,0.0
2025-01-24 03:00:00,,,,,,,1273.0,1273.0,,,0.0,,,0.0
2025-01-24 04:00:00,,,,,,,1273.0,1273.0,,,0.0,,,0.0
2025-01-24 05:00:00,,,,,,,1273.0,1273.0,,,0.0,,,0.0
2025-01-24 06:00:00,,,,,,,1273.0,1273.0,,,0.0,,,0.0
2025-01-24 07:00:00,,,,,,,1533.0,1533.0,,,0.0,,,0.0
2025-01-24 08:00:00,,,,,,,1533.0,1533.0,,,0.0,,,0.0
2025-01-24 09:00:00,,,,,,,509.0,509.0,,,0.0,,,0.0
2025-01-24 10:00:00,,,,,,,509.0,509.0,,,0.0,,,0.0
2025-01-24 11:00:00,,,,,,,509.0,509.0,,,0.0,,,0.0
2025-01-24 12:00:00,,,,,,,509.0,509.0,,,0.0,,,0.0
2025-01-24 13:00:00,,,,,,,509.0,509.0,,,0.0,,,0.0
2025-01-24 14:00:00,,,,,,,509.0,509.0,,,0.0,,,0.0
2025-01-24 15:00:00,,,,,,,509.0,509.0,,,0.0,,,0.0
2025-01-24 16:00:00,,,,,,,1533.0,1533.0,,,0.0,,,0.0
2025-01-24 17:00:00,,,,,,,1533.0,1533.0,,,0.0,,,0.0
2025-01-24 18:00:00,,,,,,,1273.0,1273.0,,,0.0,,,0.0
2025-01-24 19:00:00,,,,,,,1533.0,1533.0,,,0.0,,,0.0
2025-01-24 20:00:00,,,,,,,1273.0,1273.0,,,0.0,,,0.0
2025-01-24 21:00:00,,,,,,,1273.0,1273.0,,,0.0,,,0.0
2025-01-24 22:00:00,,,,,,,1273.0,1273.0,,,0.0,,,0.0
2025-01-24 23:00:00,,,,,,,1273.0,1273.0,,,0.0,,,0.0
2025-01-25 00:00:00,,,,,,,1273.0,1273.0,,,0.0,,,0.0
2025-01-25 01:00:00,,,,,,,1273.0,1273.0,,,0.0,,,0.0
2025-01-25 02:00:00,,,,,,,1273.0,1273.0,,,0.0,,,0.0
2025-01-25 03:00:00,,,,,,,1273.0,1273.0,,,0.0,,,0.0
2025-01-25 04:00:00,,,,,,,1273.0,1273.0,,,0.0,,,0.0
2025-01-25 05:00:00,,,,,,,1273.0,1273.0,,,0.0,,,0.0
2025-01-25 06:00:00,,,,,,,1273.0,1273.0,,,0.0,,,0.0
2025-01-25 07:00:00,,,,,,,1533.0,1533.0,,,0.0,,,0.0
2025-01-25 08:00:00,,,,,,,1533.0,1533.0,,,0.0,,,0.0
2025-01-25 09:00:00,,,,,,,509.0,509.0,,,0.0,,,0.0
2025-01-25 10:00:00,,,,,,,509.0,509.0,,,0.0,,,0.0
2025-01-25 11:00:00,,,,,,,509.0,509.0,,,0.0,,,0.0
2025-01-25 12:00:00,,,,,,,509.0,509.0,,,0.0,,,0.0
2025-01-25 13:00:00,,,,,,,509.0,509.0,,,0.0,,,0.0
2025-01-25 14:00:00,,,,,,,509.0,509.0,,,0.0,,,0.0
2025-01-25 15:00:00,,,,,,,509.0,509.0,,,0.0,,,0.0
2025-01-25 16:00:00,,,,,,,509.0,509.0,,,0.0,,,0.0
2025-01-25 17:00:00,,,,,,,1529.0,1529.0,,,0.0,,,0.0
2025-01-25 18:00:00,,,,,,,1273.0,1273.0,,,0.0,,,0.0
2025-01-25 19:00:00,,,,,,,1273.0,1273.0,,,0.0,,,0.0
2025-01-25 20:00:00,,,,,,,1273.0,1273.0,,,0.0,,,0.0
2025-01-25 21:00:00,,,,,,,1273.0,1273.0,,,0.0,,,0.0
2025-01-25 22:00:00,,,,,,,1529.0,1529.0,,,0.0,,,0.0
2025-01-25 23:00:00,,,,,,,1273.0,1273.0,,,0.0,,,0.0
2025-01-26 00:00:00,,,,,,,1533.0,1533.0,,,0.0,,,0.0
2025-01-26 01:00:00,,,,,,,1273.0,1273.0,,,0.0,,,0.0
2025-01-26 02:00:00,,,,,,,1533.0,1533.0,,,0.0,,,0.0
2025-01-26 03:00:00,,,,,,,1533.0,1533.0,,,0.0,,,0.0
2025-01-26 04:00:00,,,,,,,1533.0,1533.0,,,0.0,,,0.0
2025-01-26 05:00:00,,,,,,,1533.0,1533.0,,,0.0,,,0.0
2025-01-26 06:00:00,,,,,,,1529.0,1529.0,,,0.0,,,0.0
2025-01-26 07:00:00,,,,,,,1533.0,1533.0,,,0.0,,,0.0
2025-01-26 08:00:00,,,,,,,1533.0,1533.0,,,0.0,,,0.0
2025-01-26 09:00:00,,,,,,,509.0,509.0,,,0.0,,,0.0
2025-01-26 10:00:00,,,,,,,509.0,509.0,,,0.0,,,0.0
2025-01-26 11:00:00,,,,,,,509.0,509.0,,,0.0,,,0.0
2025-01-26 12:00:00,,,,,,,509.0,509.0,,,0.0,,,0.0
2025-01-26 13:00:00,,,,,,,509.0,509.0,,,0.0,,,0.0
2025-01-26 14:00:00,,,,,,,509.0,509.0,,,0.0,,,0.0
2025-01-26 15:00:00,,,,,,,509.0,509.0,,,0.0,,,0.0
2025-01-26 16:00:00,,,,,,,509.0,509.0,,,0.0,,,0.0
2025-01-26 17:00:00,,,,,,,1533.0,1533.0,,,0.0,,,0.0
2025-01-26 18:00:00,,,,,,,1529.0,1529.0,,,0.0,,,0.0
2025-01-26 19:00:00,,,,,,,1533.0,1533.0,,,0.0,,,0.0
2025-01-26 20:00:00,,,,,,,1533.0,1533.0,,,0.0,,,0.0
2025-01-26 21:00:00,,,,,,,1533.0,1533.0,,,0.0,,,0.0
2025-01-26 22:00:00,,,,,,,1529.0,1529.0,,,0.0,,,0.0
2025-01-26 23:00:00,,,,,,,1273.0,1273.0,,,0.0,,,0.0
2025-01-27 00:00:00,,,,,,,1529.0,1529.0,,,0.0,,,0.0
2025-01-27 01:00:00,,,,,,,1533.0,1533.0,,,0.0,,,0.0
2025-01-27 02:00:00,,,,,,,1529.0,1529.0,,,0.0,,,0.0
2025-01-27 03:00:00,,,,,,,1533.0,1533.0,,,0.0,,,0.0
2025-01-27 04:00:00,,,,,,,1529.0,1529.0,,,0.0,,,0.0
2025-01-27 05:00:00,,,,,,,1529.0,1529.0,,,0.0,,,0.0
2025-01-27 06:00:00,,,,,,,1533.0,1533.0,,,0.0,,,0.0
2025-01-27 07:00:00,,,,,,,1533.0,1533.0,,,0.0,,,0.0
2025-01-27 08:00:00,,,,,,,1533.0,1533.0,,,0.0,,,0.0
2025-01-27 09:00:00,,,,,,,509.0,509.0,,,0.0,,,0.0
2025-01-27 10:00:00,,,,,,,249.0,248.0,0.099,0.0804,2.0,1.4896,0.36089998,2.0
2025-01-27 11:00:00,,,,,,,249.0,248.0,0.1988,0.147,6.0,1.0993999,0.24589998,6.0
2025-01-27 12:00:00,0.2518,,,,,,193.0,248.0,0.19039999,0.0404,6.0,1.1462,0.14929998,6.0
2025-01-27 13:00:00,,,,,,,509.0,509.0,0.22839999,0.011399999,3.0,1.273,0.023699999,3.0
2025-01-27 14:00:00,,,,,,,509.0,509.0,0.4772,0.0316,2.0,1.0055,0.6948,2.0
2025-01-27 15:00:00,,,,,,,249.0,248.0,0.40399998,0.084,6.0,1.0393,0.24469995,6.0
2025-01-27 16:00:00,,,,,,,509.0,509.0,0.4104,0.097399995,5.0,1.1886,0.092700005,5.0
2025-01-27 17:00:00,,,,,,,1533.0,1533.0,,,0.0,,,0.0
2025-01-27 18:00:00,,,,,,,1533.0,1533.0,,,0.0,,,0.0
2025-01-27 19:00:00,,,,,,,1529.0,1529.0,,,0.0,,,0.0
2025-01-27 20:00:00,,,,,,,1533.0,1533.0,,,0.0,,,0.0
2025-01-27 21:00:00,,,,,,,1533.0,1533.0,,,0.0,,,0.0
2025-01-27 22:00:00,,,,,,,1529.0,1529.0,,,0.0,,,0.0
2025-01-27 23:00:00,,,,,,,1529.0,1529.0,,,0.0,,,0.0
2025-01-28 00:00:00,,,,,,,1533.0,1533.0,,,0.0,,,0.0
2025-01-28 01:00:00,,,,,,,1529.0,1529.0,,,0.0,,,0.0
2025-01-28 02:00:00,,,,,,,1273.0,1273.0,,,0.0,,,0.0
2025-01-28 03:00:00,,,,,,,1533.0,1533.0,,,0.0,,,0.0
2025-01-28 04:00:00,,,,,,,1273.0,1273.0,,,0.0,,,0.0
2025-01-28 05:00:00,,,,,,,1273.0,1273.0,,,0.0,,,0.0
2025-01-28 06:00:00,,,,,,,1533.0,1533.0,,,0.0,,,0.0
2025-01-28 07:00:00,,,,,,,1533.0,1533.0,,,0.0,,,0.0
2025-01-28 08:00:00,,,,,,,1533.0,1533.0,,,0.0,,,0.0
2025-01-28 09:00:00,,,,,,,509.0,509.0,,,0.0,,,0.0
2025-01-28 10:00:00,,,,,,,509.0,509.0,,,0.0,,,0.0
2025-01-28 11:00:00,,,,,,,509.0,509.0,,,0.0,,,0.0
2025-01-28 12:00:00,,,,,,,509.0,509.0,,,0.0,,,0.0
2025-01-28 13:00:00,,,,,,,509.0,509.0,,,0.0,,,0.0
2025-01-28 14:00:00,,,,,,,509.0,509.0,,,0.0,,,0.0
2025-01-28 15:00:00,,,,,,,509.0,509.0,,,0.0,,,0.0
2025-01-28 16:00:00,,,,,,,509.0,509.0,0.27899998,0.0402,2.0,1.3508999,0.09139997,2.0
2025-01-28 17:00:00,,,,,,,1533.0,1533.0,,,0.0,,,0.0
2025-01-28 18:00:00,,,,,,,1273.0,1273.0,,,0.0,,,0.0
2025-01-28 19:00:00,,,,,,,1273.0,1273.0,,,0.0,,,0.0
2025-01-28 20:00:00,,,,,,,1529.0,1529.0,,,0.0,,,0.0
2025-01-28 21:00:00,,,,,,,1533.0,1533.0,,,0.0,,,0.0
2025-01-28 22:00:00,,,,,,,1273.0,1273.0,,,0.0,,,0.0
2025-01-28 23:00:00,,,,,,,1529.0,1529.0,,,0.0,,,0.0
2025-01-29 00:00:00,,,,,,,1529.0,1529.0,,,0.0,,,0.0
2025-01-29 01:00:00,,,,,,,1529.0,1529.0,,,0.0,,,0.0
2025-01-29 02:00:00,,,,,,,1529.0,1529.0,,,0.0,,,0.0
2025-01-29 03:00:00,,,,,,,1529.0,1529.0,,,0.0,,,0.0
2025-01-29 04:00:00,,,,,,,1533.0,1533.0,,,0.0,,,0.0
2025-01-29 05:00:00,,,,,,,1273.0,1273.0,,,0.0,,,0.0
2025-01-29 06:00:00,,,,,,,1533.0,1533.0,,,0.0,,,0.0
2025-01-29 07:00:00,,,,,,,1533.0,1533.0,,,0.0,,,0.0
2025-01-29 08:00:00,,,,,,,1533.0,1533.0,,,0.0,,,0.0
2025-01-29 09:00:00,,,,,,,509.0,509.0,,,0.0,,,0.0
2025-01-29 10:00:00,,,,,,,509.0,509.0,,,0.0,,,0.0
2025-01-29 11:00:00,,,,,,,509.0,509.0,,,0.0,,,0.0
2025-01-29 12:00:00,,,,,,,509.0,509.0,,,0.0,,,0.0
2025-01-29 13:00:00,,,,,,,509.0,509.0,,,0.0,,,0.0
2025-01-29 14:00:00,,,,,,,509.0,509.0,,,0.0,,,0.0
2025-01-29 15:00:00,,,,,,,505.0,504.0,0.5762,0.08,3.0,0.9146,0.14379996,3.0
2025-01-29 16:00:00,0.2978,,,,,,453.0,509.0,0.3682,0.091,5.0,1.275,0.16029996,5.0
2025-01-29 17:00:00,,,,,,,1533.0,1533.0,,,0.0,,,0.0
2025-01-29 18:00:00,,,,,,,1273.0,1273.0,,,0.0,,,0.0
2025-01-29 19:00:00,,,,,,,1273.0,1273.0,,,0.0,,,0.0
2025-01-29 20:00:00,,,,,,,1273.0,1273.0,,,0.0,,,0.0
2025-01-29 21:00:00,,,,,,,1273.0,1273.0,,,0.0,,,0.0
2025-01-29 22:00:00,,,,,,,1529.0,1529.0,,,0.0,,,0.0
2025-01-29 23:00:00,,,,,,,1529.0,1529.0,,,0.0,,,0.0
2025-01-30 00:00:00,,,,,,,1273.0,1273.0,,,0.0,,,0.0
2025-01-30 01:00:00,,,,,,,1529.0,1529.0,,,0.0,,,0.0
2025-01-30 02:00:00,,,,,,,1529.0,1529.0,,,0.0,,,0.0
2025-01-30 03:00:00,,,,,,,1273.0,1273.0,,,0.0,,,0.0
2025-01-30 04:00:00,,,,,,,1529.0,1529.0,,,0.0,,,0.0
2025-01-30 05:00:00,,,,,,,1529.0,1529.0,,,0.0,,,0.0
2025-01-30 06:00:00,,,,,,,1533.0,1533.0,,,0.0,,,0.0
2025-01-30 07:00:00,,,,,,,1533.0,1533.0,,,0.0,,,0.0
2025-01-30 08:00:00,,,,,,,1529.0,1529.0,,,0.0,,,0.0
2025-01-30 09:00:00,,,,,,,509.0,509.0,0.45459998,0.0,1.0,1.308,0.0,1.0
2025-01-30 10:00:00,,,,,,,509.0,509.0,,,0.0,,,0.0
2025-01-30 11:00:00,,,,,,,505.0,504.0,0.65959996,0.23179999,3.0,1.0175999,0.3146,3.0
2025-01-30 12:00:00,,,,,,,505.0,504.0,0.5294,0.20019999,6.0,1.1229,0.24619997,6.0
2025-01-30 13:00:00,,0.4696,,0.4811,,0.6487,248.0,0.0,0.3536,0.0618,6.0,1.1898999,0.2421,6.0
2025-01-30 14:00:00,,,,,,,249.0,248.0,0.41459998,0.103999995,5.0,1.2357,0.38949996,5.0
2025-01-30 15:00:00,0.3304,,,,,,193.0,248.0,0.3742,0.0652,6.0,1.1768,0.20499998,6.0
2025-01-30 16:00:00,0.3278,,,,,,453.0,509.0,0.41619998,0.051599998,5.0,1.2371,0.087199986,5.0
2025-01-30 17:00:00,,,,,,,1533.0,1533.0,,,0.0,,,0.0
2025-01-30 18:00:00,,,,,,,1529.0,1529.0,,,0.0,,,0.0
2025-01-30 19:00:00,,,,,,,1533.0,1533.0,,,0.0,,,0.0
2025-01-30 20:00:00,,,,,,,1533.0,1533.0,,,0.0,,,0.0
2025-01-30 21:00:00,,,,,,,1529.0,1529.0,,,0.0,,,0.0
2025-01-30 22:00:00,,,,,,,1533.0,1533.0,,,0.0,,,0.0
2025-01-30 23:00:00,,,,,,,1529.0,1529.0,,,0.0,,,0.0
2025-01-31 00:00:00,,,,,,,1533.0,1533.0,,,0.0,,,0.0
2025-01-31 01:00:00,,,,,,,1529.0,1529.0,,,0.0,,,0.0
2025-01-31 02:00:00,,,,,,,1273.0,1273.0,,,0.0,,,0.0
2025-01-31 03:00:00,,,,,,,1273.0,1273.0,,,0.0,,,0.0
2025-01-31 04:00:00,,,,,,,1273.0,1273.0,,,0.0,,,0.0
2025-01-31 05:00:00,,,,,,,1273.0,1273.0,,,0.0,,,0.0
2025-01-31 06:00:00,,,,,,,1273.0,1273.0,,,0.0,,,0.0
2025-01-31 07:00:00,,,,,,,1533.0,1533.0,,,0.0,,,0.0
2025-01-31 08:00:00,,,,,,,1533.0,1533.0,,,0.0,,,0.0
2025-01-31 09:00:00,,,,,,,509.0,509.0,,,0.0,,,0.0
2025-01-31 10:00:00,,,,,,,509.0,509.0,,,0.0,,,0.0
2025-01-31 11:00:00,,,,,,,509.0,509.0,,,0.0,,,0.0
2025-01-31 12:00:00,,,,,,,509.0,509.0,,,0.0,,,0.0
2025-01-31 13:00:00,,,,,,,509.0,509.0,,,0.0,,,0.0
2025-01-31 14:00:00,,,,,,,509.0,509.0,,,0.0,,,0.0
2025-01-31 15:00:00,,,,,,,509.0,509.0,,,0.0,,,0.0
2025-01-31 16:00:00,,,,,,,509.0,509.0,,,0.0,,,0.0
2025-01-31 17:00:00,,,,,,,1533.0,1533.0,,,0.0,,,0.0
2025-01-31 18:00:00,,,,,,,1273.0,1273.0,,,0.0,,,0.0
2025-01-31 19:00:00,,,,,,,1273.0,1273.0,,,0.0,,,0.0
2025-01-31 20:00:00,,,,,,,1273.0,1273.0,,,0.0,,,0.0
2025-01-31 21:00:00,,,,,,,1273.0,1273.0,,,0.0,,,0.0
2025-01-31 22:00:00,,,,,,,1273.0,1273.0,,,0.0,,,0.0
2025-01-31 23:00:00,,,,,,,1273.0,1273.0,,,0.0,,,0.0
2025-02-01 00:00:00,,,,,,,1273.0,1273.0,,,0.0,,,0.0
2025-02-01 01:00:00,,,,,,,1533.0,1533.0,,,0.0,,,0.0
2025-02-01 02:00:00,,,,,,,1273.0,1273.0,,,0.0,,,0.0
2025-02-01 03:00:00,,,,,,,1273.0,1273.0,,,0.0,,,0.0
2025-02-01 04:00:00,,,,,,,1273.0,1273.0,,,0.0,,,0.0
2025-02-01 05:00:00,,,,,,,1273.0,1273.0,,,0.0,,,0.0
2025-02-01 06:00:00,,,,,,,1273.0,1273.0,,,0.0,,,0.0
2025-02-01 07:00:00,,,,,,,1533.0,1533.0,,,0.0,,,0.0
2025-02-01 08:00:00,,,,,,,1533.0,1533.0,,,0.0,,,0.0
2025-02-01 09:00:00,,,,,,,509.0,509.0,,,0.0,,,0.0
2025-02-01 10:00:00,,,,,,,509.0,509.0,,,0.0,,,0.0
2025-02-01 11:00:00,,,,,,,509.0,509.0,,,0.0,,,0.0
2025-02-01 12:00:00,,,,,,,509.0,509.0,,,0.0,,,0.0
2025-02-01 13:00:00,,,,,,,509.0,509.0,,,0.0,,,0.0
2025-02-01 14:00:00,,,,,,,509.0,509.0,,,0.0,,,0.0
2025-02-01 15:00:00,,,,,,,509.0,509.0,,,0.0,,,0.0
2025-02-01 16:00:00,,,,,,,509.0,509.0,,,0.0,,,0.0
2025-02-01 17:00:00,,,,,,,1533.0,1533.0,,,0.0,,,0.0
2025-02-01 18:00:00,,,,,,,1273.0,1273.0,,,0.0,,,0.0
2025-02-01 19:00:00,,,,,,,1273.0,1273.0,,,0.0,,,0.0
2025-02-01 20:00:00,,,,,,,1273.0,1273.0,,,0.0,,,0.0
2025-02-01 21:00:00,,,,,,,1273.0,1273.0,,,0.0,,,0.0
2025-02-01 22:00:00,,,,,,,1273.0,1273.0,,,0.0,,,0.0
2025-02-01 23:00:00,,,,,,,1273.0,1273.0,,,0.0,,,0.0
2025-02-02 00:00:00,,,,,,,1273.0,1273.0,,,0.0,,,0.0
2025-02-02 01:00:00,,,,,,,1273.0,1273.0,,,0.0,,,0.0
2025-02-02 02:00:00,,,,,,,1273.0,1273.0,,,0.0,,,0.0
2025-02-02 03:00:00,,,,,,,1273.0,1273.0,,,0.0,,,0.0
2025-02-02 04:00:00,,,,,,,1273.0,1273.0,,,0.0,,,0.0
2025-02-02 05:00:00,,,,,,,1273.0,1273.0,,,0.0,,,0.0
2025-02-02 06:00:00,,,,,,,1273.0,1273.0,,,0.0,,,0.0
2025-02-02 07:00:00,,,,,,,1533.0,1533.0,,,0.0,,,0.0
2025-02-02 08:00:00,,,,,,,1533.0,1533.0,,,0.0,,,0.0
2025-02-02 09:00:00,,,,,,,509.0,509.0,,,0.0,,,0.0
2025-02-02 10:00:00,,,,,,,509.0,509.0,,,0.0,,,0.0
2025-02-02 11:00:00,,,,,,,509.0,509.0,,,0.0,,,0.0
2025-02-02 12:00:00,,,,,,,509.0,509.0,,,0.0,,,0.0
2025-02-02 13:00:00,,,,,,,509.0,509.0,,,0.0,,,0.0
2025-02-02 14:00:00,,,,,,,509.0,509.0,,,0.0,,,0.0
2025-02-02 15:00:00,,,,,,,509.0,509.0,1.5896,0.0,1.0,1.1278,0.0,1.0
2025-02-02 16:00:00,,,,,,,509.0,509.0,1.6464,0.0,1.0,0.72,0.0,1.0
2025-02-02 17:00:00,,,,,,,1533.0,1533.0,,,0.0,,,0.0
2025-02-02 18:00:00,,,,,,,1273.0,1273.0,,,0.0,,,0.0
2025-02-02 19:00:00,,,,,,,1273.0,1273.0,,,0.0,,,0.0
2025-02-02 20:00:00,,,,,,,1529.0,1529.0,,,0.0,,,0.0
2025-02-02 21:00:00,,,,,,,1273.0,1273.0,,,0.0,,,0.0
2025-02-02 22:00:00,,,,,,,1273.0,1273.0,,,0.0,,,0.0
2025-02-02 23:00:00,,,,,,,1273.0,1273.0,,,0.0,,,0.0
2025-02-03 00:00:00,,,,,,,1273.0,1273.0,,,0.0,,,0.0
2025-02-03 01:00:00,,,,,,,1273.0,1273.0,,,0.0,,,0.0
2025-02-03 02:00:00,,,,,,,1273.0,1273.0,,,0.0,,,0.0
2025-02-03 03:00:00,,,,,,,1273.0,1273.0,,,0.0,,,0.0
2025-02-03 04:00:00,,,,,,,1533.0,1533.0,,,0.0,,,0.0
2025-02-03 05:00:00,,,,,,,1529.0,1529.0,,,0.0,,,0.0
2025-02-03 06:00:00,,,,,,,1529.0,1529.0,,,0.0,,,0.0
2025-02-03 07:00:00,,,,,,,1533.0,1533.0,,,0.0,,,0.0
2025-02-03 08:00:00,,,,,,,1533.0,1533.0,,,0.0,,,0.0
2025-02-03 09:00:00,,,,,,,509.0,509.0,,,0.0,,,0.0
2025-02-03 10:00:00,,,,,,,509.0,509.0,,,0.0,,,0.0
2025-02-03 11:00:00,,,,,,,509.0,509.0,,,0.0,,,0.0
2025-02-03 12:00:00,,,,,,,509.0,509.0,,,0.0,,,0.0
2025-02-03 13:00:00,,,,,,,509.0,509.0,,,0.0,,,0.0
2025-02-03 14:00:00,,,,,,,509.0,509.0,,,0.0,,,0.0
2025-02-03 15:00:00,,,,,,,509.0,509.0,,,0.0,,,0.0
2025-02-03 16:00:00,,,,,,,509.0,509.0,,,0.0,,,0.0
2025-02-03 17:00:00,,,,,,,1533.0,1533.0,,,0.0,,,0.0
2025-02-03 18:00:00,,,,,,,1273.0,1273.0,,,0.0,,,0.0
2025-02-03 19:00:00,,,,,,,1273.0,1273.0,,,0.0,,,0.0
2025-02-03 20:00:00,,,,,,,1273.0,1273.0,,,0.0,,,0.0
2025-02-03 21:00:00,,,,,,,1273.0,1273.0,,,0.0,,,0.0
2025-02-03 22:00:00,,,,,,,1273.0,1273.0,,,0.0,,,0.0
2025-02-03 23:00:00,,,,,,,1529.0,1529.0,,,0.0,,,0.0
2025-02-04 00:00:00,,,,,,,1273.0,1273.0,,,0.0,,,0.0
2025-02-04 01:00:00,,,,,,,1529.0,1529.0,,,0.0,,,0.0
2025-02-04 02:00:00,,,,,,,1273.0,1273.0,,,0.0,,,0.0
2025-02-04 03:00:00,,,,,,,1529.0,1529.0,,,0.0,,,0.0
2025-02-04 04:00:00,,,,,,,1529.0,1529.0,,,0.0,,,0.0
2025-02-04 05:00:00,,,,,,,1529.0,1529.0,,,0.0,,,0.0
2025-02-04 06:00:00,,,,,,,1533.0,1533.0,,,0.0,,,0.0
2025-02-04 07:00:00,,,,,,,1533.0,1533.0,,,0.0,,,0.0
2025-02-04 08:00:00,,,,,,,1533.0,1533.0,,,0.0,,,0.0
2025-02-04 09:00:00,,,,,,,509.0,509.0,,,0.0,,,0.0
2025-02-04 10:00:00,,,,,,,509.0,509.0,,,0.0,,,0.0
2025-02-04 11:00:00,,,,,,,509.0,509.0,,,0.0,,,0.0
2025-02-04 12:00:00,,,,,,,509.0,509.0,,,0.0,,,0.0
2025-02-04 13:00:00,,,,,,,249.0,248.0,0.13319999,0.038399998,5.0,1.2994,0.013399959,5.0
2025-02-04 14:00:00,0.2298,0.0614,0.4502,0.4502,,,2240.0,2240.0,0.14019999,0.047199998,6.0,1.3725,0.104499996,6.0
2025-02-04 15:00:00,0.1724,,,,-0.4915,,2049.0,2296.0,0.24919999,0.0786,6.0,1.2168,0.31589997,6.0
2025-02-04 16:00:00,0.21,,,,,,453.0,509.0,0.22839999,0.039,5.0,1.4290999,0.08859998,5.0
2025-02-04 17:00:00,,,,,,,1533.0,1533.0,,,0.0,,,0.0
2025-02-04 18:00:00,,,,,,,1529.0,1529.0,,,0.0,,,0.0
2025-02-04 19:00:00,,,,,,,1533.0,1533.0,,,0.0,,,0.0
2025-02-04 20:00:00,,,,,,,1533.0,1533.0,,,0.0,,,0.0
2025-02-04 21:00:00,,,,,,,1529.0,1529.0,,,0.0,,,0.0
2025-02-04 22:00:00,,,,,,,1529.0,1529.0,,,0.0,,,0.0
2025-02-04 23:00:00,,,,,,,1533.0,1533.0,,,0.0,,,0.0
2025-02-05 00:00:00,,,,,,,1533.0,1533.0,,,0.0,,,0.0
2025-02-05 01:00:00,,,,,,,1533.0,1533.0,,,0.0,,,0.0
2025-02-05 02:00:00,,,,,,,1533.0,1533.0,,,0.0,,,0.0
2025-02-05 03:00:00,,,,,,,1533.0,1533.0,,,0.0,,,0.0
2025-02-05 04:00:00,,,,,,,1529.0,1529.0,,,0.0,,,0.0
2025-02-05 05:00:00,,,,,,,1533.0,1533.0,,,0.0,,,0.0
2025-02-05 06:00:00,,,,,,,1273.0,1273.0,,,0.0,,,0.0
2025-02-05 07:00:00,,,,,,,1533.0,1533.0,,,0.0,,,0.0
2025-02-05 08:00:00,,,,,,,1533.0,1533.0,,,0.0,,,0.0
2025-02-05 09:00:00,,,,,,,509.0,509.0,,,0.0,,,0.0
2025-02-05 10:00:00,,,,,,,509.0,509.0,,,0.0,,,0.0
2025-02-05 11:00:00,,,,,,,509.0,509.0,,,0.0,,,0.0
2025-02-05 12:00:00,,,,,,,509.0,509.0,,,0.0,,,0.0
2025-02-05 13:00:00,,,,,,,509.0,509.0,,,0.0,,,0.0
2025-02-05 14:00:00,,,,,,,509.0,509.0,,,0.0,,,0.0
2025-02-05 15:00:00,,,,,,,509.0,509.0,,,0.0,,,0.0
2025-02-05 16:00:00,,,,,,,509.0,509.0,,,0.0,,,0.0
2025-02-05 17:00:00,,,,,,,1533.0,1533.0,,,0.0,,,0.0
2025-02-05 18:00:00,,,,,,,1273.0,1273.0,,,0.0,,,0.0
2025-02-05 19:00:00,,,,,,,1273.0,1273.0,,,0.0,,,0.0
2025-02-05 20:00:00,,,,,,,1273.0,1273.0,,,0.0,,,0.0
2025-02-05 21:00:00,,,,,,,1273.0,1273.0,,,0.0,,,0.0
2025-02-05 22:00:00,,,,,,,1273.0,1273.0,,,0.0,,,0.0
2025-02-05 23:00:00,,,,,,,1273.0,1273.0,,,0.0,,,0.0
2025-02-06 00:00:00,,,,,,,1273.0,1273.0,,,0.0,,,0.0
2025-02-06 01:00:00,,,,,,,1273.0,1273.0,,,0.0,,,0.0
2025-02-06 02:00:00,,,,,,,1273.0,1273.0,,,0.0,,,0.0
2025-02-06 03:00:00,,,,,,,1273.0,1273.0,,,0.0,,,0.0
2025-02-06 04:00:00,,,,,,,1533.0,1533.0,,,0.0,,,0.0
2025-02-06 05:00:00,,,,,,,1533.0,1533.0,,,0.0,,,0.0
2025-02-06 06:00:00,,,,,,,1273.0,1273.0,,,0.0,,,0.0
2025-02-06 07:00:00,,,,,,,1533.0,1533.0,,,0.0,,,0.0
2025-02-06 08:00:00,,,,,,,1533.0,1533.0,,,0.0,,,0.0
2025-02-06 09:00:00,,,,,,,509.0,509.0,,,0.0,,,0.0
2025-02-06 10:00:00,,,,,,,509.0,509.0,,,0.0,,,0.0
2025-02-06 11:00:00,,,,,,,509.0,509.0,,,0.0,,,0.0
2025-02-06 12:00:00,,,,,,,509.0,509.0,,,0.0,,,0.0
2025-02-06 13:00:00,,,,,,,509.0,509.0,,,0.0,,,0.0
2025-02-06 14:00:00,,,,,,,509.0,509.0,,,0.0,,,0.0
2025-02-06 15:00:00,,,,,,,509.0,509.0,,,0.0,,,0.0
2025-02-06 16:00:00,,,,,,,509.0,509.0,,,0.0,,,0.0
2025-02-06 17:00:00,,,,,,,1533.0,1533.0,,,0.0,,,0.0
2025-02-06 18:00:00,,,,,,,1273.0,1273.0,,,0.0,,,0.0
2025-02-06 19:00:00,,,,,,,1273.0,1273.0,,,0.0,,,0.0
2025-02-06 20:00:00,,,,,,,1273.0,1273.0,,,0.0,,,0.0
2025-02-06 21:00:00,,,,,,,1273.0,1273.0,,,0.0,,,0.0
2025-02-06 22:00:00,,,,,,,1273.0,1273.0,,,0.0,,,0.0
2025-02-06 23:00:00,,,,,,,1273.0,1273.0,,,0.0,,,0.0
2025-02-07 00:00:00,,,,,,,1533.0,1533.0,,,0.0,,,0.0
2025-02-07 01:00:00,,,,,,,1273.0,1273.0,,,0.0,,,0.0
2025-02-07 02:00:00,,,,,,,1533.0,1533.0,,,0.0,,,0.0
2025-02-07 03:00:00,,,,,,,1533.0,1533.0,,,0.0,,,0.0
2025-02-07 04:00:00,,,,,,,1529.0,1529.0,,,0.0,,,0.0
2025-02-07 05:00:00,,,,,,,1273.0,1273.0,,,0.0,,,0.0
2025-02-07 06:00:00,,,,,,,1273.0,1273.0,,,0.0,,,0.0
2025-02-07 07:00:00,,,,,,,1533.0,1533.0,,,0.0,,,0.0
2025-02-07 08:00:00,,,,,,,1533.0,1533.0,,,0.0,,,0.0
2025-02-07 09:00:00,,,,,,,509.0,509.0,,,0.0,,,0.0
2025-02-07 10:00:00,,,,,,,509.0,509.0,,,0.0,,,0.0
2025-02-07 11:00:00,,,,,,,509.0,509.0,,,0.0,,,0.0
2025-02-07 12:00:00,,,,,,,509.0,509.0,,,0.0,,,0.0
2025-02-07 13:00:00,,,,,,,509.0,509.0,,,0.0,,,0.0
2025-02-07 14:00:00,,,,,,,509.0,509.0,,,0.0,,,0.0
2025-02-07 15:00:00,,,,,,,509.0,509.0,,,0.0,,,0.0
2025-02-07 16:00:00,,,,,,,509.0,509.0,,,0.0,,,0.0
2025-02-07 17:00:00,,,,,,,1533.0,1533.0,,,0.0,,,0.0
2025-02-07 18:00:00,,,,,,,1273.0,1273.0,,,0.0,,,0.0
2025-02-07 19:00:00,,,,,,,1273.0,1273.0,,,0.0,,,0.0
2025-02-07 20:00:00,,,,,,,1273.0,1273.0,,,0.0,,,0.0
2025-02-07 21:00:00,,,,,,,1533.0,1533.0,,,0.0,,,0.0
2025-02-07 22:00:00,,,,,,,1273.0,1273.0,,,0.0,,,0.0
2025-02-07 23:00:00,,,,,,,1273.0,1273.0,,,0.0,,,0.0
2025-02-08 00:00:00,,,,,,,1273.0,1273.0,,,0.0,,,0.0
2025-02-08 01:00:00,,,,,,,1533.0,1533.0,,,0.0,,,0.0
2025-02-08 02:00:00,,,,,,,1533.0,1533.0,,,0.0,,,0.0
2025-02-08 03:00:00,,,,,,,1533.0,1533.0,,,0.0,,,0.0
2025-02-08 04:00:00,,,,,,,1529.0,1529.0,,,0.0,,,0.0
2025-02-08 05:00:00,,,,,,,1533.0,1533.0,,,0.0,,,0.0
2025-02-08 06:00:00,,,,,,,1533.0,1533.0,,,0.0,,,0.0
2025-02-08 07:00:00,,,,,,,1533.0,1533.0,,,0.0,,,0.0
2025-02-08 08:00:00,,,,,,,1533.0,1533.0,,,0.0,,,0.0
2025-02-08 09:00:00,,,,,,,509.0,509.0,,,0.0,,,0.0
2025-02-08 10:00:00,,,,,,,509.0,509.0,,,0.0,,,0.0
2025-02-08 11:00:00,,,,,,,509.0,509.0,,,0.0,,,0.0
2025-02-08 12:00:00,,,,,,,509.0,509.0,,,0.0,,,0.0
2025-02-08 13:00:00,,,,,,,509.0,509.0,,,0.0,,,0.0
2025-02-08 14:00:00,,,,,,,509.0,509.0,,,0.0,,,0.0
2025-02-08 15:00:00,,,,,,,509.0,509.0,,,0.0,,,0.0
2025-02-08 16:00:00,,,,,,,509.0,509.0,,,0.0,,,0.0
2025-02-08 17:00:00,,,,,,,1533.0,1533.0,,,0.0,,,0.0
2025-02-08 18:00:00,,,,,,,1273.0,1273.0,,,0.0,,,0.0
2025-02-08 19:00:00,,,,,,,1529.0,1529.0,,,0.0,,,0.0
2025-02-08 20:00:00,,,,,,,1273.0,1273.0,,,0.0,,,0.0
2025-02-08 21:00:00,,,,,,,1529.0,1529.0,,,0.0,,,0.0
2025-02-08 22:00:00,,,,,,,1273.0,1273.0,,,0.0,,,0.0
2025-02-08 23:00:00,,,,,,,1533.0,1533.0,,,0.0,,,0.0
2025-02-09 00:00:00,,,,,,,1533.0,1533.0,,,0.0,,,0.0
2025-02-09 01:00:00,,,,,,,1529.0,1529.0,,,0.0,,,0.0
2025-02-09 02:00:00,,,,,,,1529.0,1529.0,,,0.0,,,0.0
2025-02-09 03:00:00,,,,,,,1529.0,1529.0,,,0.0,,,0.0
2025-02-09 04:00:00,,,,,,,1273.0,1273.0,,,0.0,,,0.0
2025-02-09 05:00:00,,,,,,,1533.0,1533.0,,,0.0,,,0.0
2025-02-09 06:00:00,,,,,,,1273.0,1273.0,,,0.0,,,0.0
2025-02-09 07:00:00,,,,,,,1533.0,1533.0,,,0.0,,,0.0
2025-02-09 08:00:00,,,,,,,1533.0,1533.0,,,0.0,,,0.0
2025-02-09 09:00:00,,,,,,,509.0,509.0,,,0.0,,,0.0
2025-02-09 10:00:00,,,,,,,509.0,509.0,,,0.0,,,0.0
2025-02-09 11:00:00,,,,,,,509.0,509.0,,,0.0,,,0.0
2025-02-09 12:00:00,,,,,,,509.0,509.0,,,0.0,,,0.0
2025-02-09 13:00:00,,,,,,,509.0,509.0,,,0.0,,,0.0
2025-02-09 14:00:00,,,,,,,509.0,509.0,,,0.0,,,0.0
2025-02-09 15:00:00,,,,,,,509.0,509.0,,,0.0,,,0.0
2025-02-09 16:00:00,,,,,,,509.0,509.0,1.6308,0.0,1.0,0.7322,0.0,1.0
2025-02-09 17:00:00,,,,,,,1533.0,1533.0,,,0.0,,,0.0
2025-02-09 18:00:00,,,,,,,1273.0,1273.0,,,0.0,,,0.0
2025-02-09 19:00:00,,,,,,,1529.0,1529.0,,,0.0,,,0.0
2025-02-09 20:00:00,,,,,,,1273.0,1273.0,,,0.0,,,0.0
2025-02-09 21:00:00,,,,,,,1273.0,1273.0,,,0.0,,,0.0
2025-02-09 22:00:00,,,,,,,1529.0,1529.0,,,0.0,,,0.0
2025-02-09 23:00:00,,,,,,,1273.0,1273.0,,,0.0,,,0.0
2025-02-10 00:00:00,,,,,,,1529.0,1529.0,,,0.0,,,0.0
2025-02-10 01:00:00,,,,,,,1273.0,1273.0,,,0.0,,,0.0
2025-02-10 02:00:00,,,,,,,1273.0,1273.0,,,0.0,,,0.0
2025-02-10 03:00:00,,,,,,,1273.0,1273.0,,,0.0,,,0.0
2025-02-10 04:00:00,,,,,,,1273.0,1273.0,,,0.0,,,0.0
2025-02-10 05:00:00,,,,,,,1273.0,1273.0,,,0.0,,,0.0
2025-02-10 06:00:00,,,,,,,1273.0,1273.0,,,0.0,,,0.0
2025-02-10 07:00:00,,,,,,,1533.0,1533.0,,,0.0,,,0.0
2025-02-10 08:00:00,,,,,,,1533.0,1533.0,,,0.0,,,0.0
2025-02-10 09:00:00,,,,,,,509.0,509.0,,,0.0,,,0.0
2025-02-10 10:00:00,,,,,,,509.0,509.0,,,0.0,,,0.0
2025-02-10 11:00:00,,,,,,,509.0,509.0,,,0.0,,,0.0
2025-02-10 12:00:00,,,,,,,509.0,509.0,,,0.0,,,0.0
2025-02-10 13:00:00,,,,,,,509.0,509.0,,,0.0,,,0.0
2025-02-10 14:00:00,,,,,,,509.0,509.0,,,0.0,,,0.0
2025-02-10 15:00:00,,,,,,,509.0,509.0,,,0.0,,,0.0
2025-02-10 16:00:00,,,,,,,509.0,509.0,,,0.0,,,0.0
2025-02-10 17:00:00,,,,,,,1533.0,1533.0,,,0.0,,,0.0
2025-02-10 18:00:00,,,,,,,1529.0,1529.0,,,0.0,,,0.0
2025-02-10 19:00:00,,,,,,,1529.0,1529.0,,,0.0,,,0.0
2025-02-10 20:00:00,,,,,,,1273.0,1273.0,,,0.0,,,0.0
2025-02-10 21:00:00,,,,,,,1273.0,1273.0,,,0.0,,,0.0
2025-02-10 22:00:00,,,,,,,1273.0,1273.0,,,0.0,,,0.0
2025-02-10 23:00:00,,,,,,,1273.0,1273.0,,,0.0,,,0.0
2025-02-11 00:00:00,,,,,,,1273.0,1273.0,,,0.0,,,0.0
2025-02-11 01:00:00,,,,,,,1273.0,1273.0,,,0.0,,,0.0
2025-02-11 02:00:00,,,,,,,1273.0,1273.0,,,0.0,,,0.0
2025-02-11 03:00:00,,,,,,,1273.0,1273.0,,,0.0,,,0.0
2025-02-11 04:00:00,,,,,,,1273.0,1273.0,,,0.0,,,0.0
2025-02-11 05:00:00,,,,,,,1273.0,1273.0,,,0.0,,,0.0
2025-02-11 06:00:00,,,,,,,1273.0,1273.0,,,0.0,,,0.0
2025-02-11 07:00:00,,,,,,,1533.0,1533.0,,,0.0,,,0.0
2025-02-11 08:00:00,,,,,,,1533.0,1533.0,,,0.0,,,0.0
2025-02-11 09:00:00,,,,,,,509.0,509.0,,,0.0,,,0.0
2025-02-11 10:00:00,,,,,,,505.0,505.0,,,0.0,,,0.0
2025-02-11 11:00:00,,,,,,,509.0,509.0,1.36,0.0,1.0,1.5504,0.0,1.0
2025-02-11 12:00:00,,,,,,,505.0,504.0,1.084,0.0,1.0,1.3549,0.0,1.0
2025-02-11 13:00:00,,,,,,,249.0,248.0,1.0696,0.0704,6.0,1.3994999,0.05489999,6.0
2025-02-11 14:00:00,,,,,,,505.0,504.0,1.4666,0.49359998,5.0,1.4240999,0.2313,5.0
2025-02-11 15:00:00,,,,,,,509.0,509.0,1.2048,0.1522,2.0,0.98389995,0.021899998,2.0
2025-02-11 16:00:00,,,,,,,509.0,509.0,1.744,0.0,1.0,1.2213,0.0,1.0
2025-02-11 17:00:00,,,,,,,1533.0,1533.0,,,0.0,,,0.0
2025-02-11 18:00:00,,,,,,,1273.0,1273.0,,,0.0,,,0.0
2025-02-11 19:00:00,,,,,,,1273.0,1273.0,,,0.0,,,0.0
2025-02-11 20:00:00,,,,,,,1529.0,1529.0,,,0.0,,,0.0
2025-02-11 21:00:00,,,,,,,1273.0,1273.0,,,0.0,,,0.0
2025-02-11 22:00:00,,,,,,,1529.0,1529.0,,,0.0,,,0.0
2025-02-11 23:00:00,,,,,,,1273.0,1273.0,,,0.0,,,0.0
2025-02-12 00:00:00,,,,,,,1273.0,1273.0,,,0.0,,,0.0
2025-02-12 01:00:00,,,,,,,1273.0,1273.0,,,0.0,,,0.0
2025-02-12 02:00:00,,,,,,,1273.0,1273.0,,,0.0,,,0.0
2025-02-12 03:00:00,,,,,,,1273.0,1273.0,,,0.0,,,0.0
2025-02-12 04:00:00,,,,,,,1273.0,1273.0,,,0.0,,,0.0
2025-02-12 05:00:00,,,,,,,1273.0,1273.0,,,0.0,,,0.0
2025-02-12 06:00:00,,,,,,,1273.0,1273.0,,,0.0,,,0.0
2025-02-12 07:00:00,,,,,,,1533.0,1533.0,,,0.0,,,0.0
2025-02-12 08:00:00,,,,,,,1533.0,1533.0,,,0.0,,,0.0
2025-02-12 09:00:00,,,,,,,509.0,509.0,,,0.0,,,0.0
2025-02-12 10:00:00,,,,,,,509.0,509.0,,,0.0,,,0.0
2025-02-12 11:00:00,,,,,,,509.0,509.0,,,0.0,,,0.0
2025-02-12 12:00:00,,,,,,,509.0,509.0,,,0.0,,,0.0
2025-02-12 13:00:00,,,,,,,509.0,509.0,,,0.0,,,0.0
2025-02-12 14:00:00,,,,,,,509.0,509.0,,,0.0,,,0.0
2025-02-12 15:00:00,,,,,,,509.0,509.0,,,0.0,,,0.0
2025-02-12 16:00:00,,,,,,,509.0,509.0,,,0.0,,,0.0
2025-02-12 17:00:00,,,,,,,1533.0,1533.0,,,0.0,,,0.0
2025-02-12 18:00:00,,,,,,,1273.0,1273.0,,,0.0,,,0.0
2025-02-12 19:00:00,,,,,,,1273.0,1273.0,,,0.0,,,0.0
2025-02-12 20:00:00,,,,,,,1529.0,1529.0,,,0.0,,,0.0
2025-02-12 21:00:00,,,,,,,1533.0,1533.0,,,0.0,,,0.0
2025-02-12 22:00:00,,,,,,,1529.0,1529.0,,,0.0,,,0.0
2025-02-12 23:00:00,,,,,,,1529.0,1529.0,,,0.0,,,0.0
2025-02-13 00:00:00,,,,,,,1273.0,1273.0,,,0.0,,,0.0
2025-02-13 01:00:00,,,,,,,1273.0,1273.0,,,0.0,,,0.0
2025-02-13 02:00:00,,,,,,,1273.0,1273.0,,,0.0,,,0.0
2025-02-13 03:00:00,,,,,,,1273.0,1273.0,,,0.0,,,0.0
2025-02-13 04:00:00,,,,,,,1273.0,1273.0,,,0.0,,,0.0
2025-02-13 05:00:00,,,,,,,1273.0,1273.0,,,0.0,,,0.0
2025-02-13 06:00:00,,,,,,,1273.0,1273.0,,,0.0,,,0.0
2025-02-13 07:00:00,,,,,,,1533.0,1533.0,,,0.0,,,0.0
2025-02-13 08:00:00,,,,,,,509.0,509.0,,,0.0,,,0.0
2025-02-13 09:00:00,,,,,,,509.0,509.0,,,0.0,,,0.0
2025-02-13 10:00:00,,,,,,,509.0,509.0,,,0.0,,,0.0
2025-02-13 11:00:00,,,,,,,509.0,509.0,,,0.0,,,0.0
2025-02-13 12:00:00,,,,,,,509.0,509.0,,,0.0,,,0.0
2025-02-13 13:00:00,,,,,,,509.0,509.0,,,0.0,,,0.0
2025-02-13 14:00:00,,,,,,,509.0,509.0,,,0.0,,,0.0
2025-02-13 15:00:00,,,,,,,509.0,509.0,,,0.0,,,0.0
2025-02-13 16:00:00,,,,,,,509.0,509.0,,,0.0,,,0.0
2025-02-13 17:00:00,,,,,,,1533.0,1533.0,,,0.0,,,0.0
2025-02-13 18:00:00,,,,,,,1533.0,1533.0,,,0.0,,,0.0
2025-02-13 19:00:00,,,,,,,1529.0,1529.0,,,0.0,,,0.0
2025-02-13 20:00:00,,,,,,,1533.0,1533.0,,,0.0,,,0.0
2025-02-13 21:00:00,,,,,,,1273.0,1273.0,,,0.0,,,0.0
2025-02-13 22:00:00,,,,,,,1273.0,1273.0,,,0.0,,,0.0
2025-02-13 23:00:00,,,,,,,1273.0,1273.0,,,0.0,,,0.0
2025-02-14 00:00:00,,,,,,,1273.0,1273.0,,,0.0,,,0.0
2025-02-14 01:00:00,,,,,,,1273.0,1273.0,,,0.0,,,0.0
2025-02-14 02:00:00,,,,,,,1273.0,1273.0,,,0.0,,,0.0
2025-02-14 03:00:00,,,,,,,1273.0,1273.0,,,0.0,,,0.0
2025-02-14 04:00:00,,,,,,,1273.0,1273.0,,,0.0,,,0.0
2025-02-14 05:00:00,,,,,,,1273.0,1273.0,,,0.0,,,0.0
2025-02-14 06:00:00,,,,,,,1273.0,1273.0,,,0.0,,,0.0
2025-02-14 07:00:00,,,,,,,1533.0,1533.0,,,0.0,,,0.0
2025-02-14 08:00:00,,,,,,,509.0,509.0,,,0.0,,,0.0
2025-02-14 09:00:00,,,,,,,509.0,509.0,,,0.0,,,0.0
2025-02-14 10:00:00,,,,,,,509.0,509.0,,,0.0,,,0.0
2025-02-14 11:00:00,,,,,,,509.0,509.0,,,0.0,,,0.0
2025-02-14 12:00:00,,,,,,,509.0,509.0,,,0.0,,,0.0
2025-02-14 13:00:00,,,,,,,509.0,509.0,,,0.0,,,0.0
2025-02-14 14:00:00,,,,,,,509.0,509.0,,,0.0,,,0.0
2025-02-14 15:00:00,,,,,,,509.0,509.0,,,0.0,,,0.0
2025-02-14 16:00:00,,,,,,,509.0,509.0,,,0.0,,,0.0
2025-02-14 17:00:00,,,,,,,1533.0,1533.0,,,0.0,,,0.0
2025-02-14 18:00:00,,,,,,,1273.0,1273.0,,,0.0,,,0.0
2025-02-14 19:00:00,,,,,,,1273.0,1273.0,,,0.0,,,0.0
2025-02-14 20:00:00,,,,,,,1273.0,1273.0,,,0.0,,,0.0
2025-02-14 21:00:00,,,,,,,1273.0,1273.0,,,0.0,,,0.0
2025-02-14 22:00:00,,,,,,,1273.0,1273.0,,,0.0,,,0.0
2025-02-14 23:00:00,,,,,,,1273.0,1273.0,,,0.0,,,0.0
2025-02-15 00:00:00,,,,,,,1273.0,1273.0,,,0.0,,,0.0
2025-02-15 01:00:00,,,,,,,1273.0,1273.0,,,0.0,,,0.0
2025-02-15 02:00:00,,,,,,,1273.0,1273.0,,,0.0,,,0.0
2025-02-15 03:00:00,,,,,,,1273.0,1273.0,,,0.0,,,0.0
2025-02-15 04:00:00,,,,,,,1273.0,1273.0,,,0.0,,,0.0
2025-02-15 05:00:00,,,,,,,1273.0,1273.0,,,0.0,,,0.0
2025-02-15 06:00:00,,,,,,,1273.0,1273.0,,,0.0,,,0.0
2025-02-15 07:00:00,,,,,,,1533.0,1533.0,,,0.0,,,0.0
2025-02-15 08:00:00,,,,,,,509.0,509.0,,,0.0,,,0.0
2025-02-15 09:00:00,,,,,,,509.0,509.0,,,0.0,,,0.0
2025-02-15 10:00:00,,,,,,,509.0,509.0,,,0.0,,,0.0
2025-02-15 11:00:00,,,,,,,509.0,509.0,,,0.0,,,0.0
2025-02-15 12:00:00,,,,,,,509.0,509.0,,,0.0,,,0.0
2025-02-15 13:00:00,,,,,,,509.0,509.0,,,0.0,,,0.0
2025-02-15 14:00:00,,,,,,,509.0,509.0,,,0.0,,,0.0
2025-02-15 15:00:00,,,,,,,509.0,509.0,,,0.0,,,0.0
2025-02-15 16:00:00,,,,,,,509.0,509.0,,,0.0,,,0.0
2025-02-15 17:00:00,,,,,,,1533.0,1533.0,,,0.0,,,0.0
2025-02-15 18:00:00,,,,,,,1273.0,1273.0,,,0.0,,,0.0
2025-02-15 19:00:00,,,,,,,1273.0,1273.0,,,0.0,,,0.0
2025-02-15 20:00:00,,,,,,,1273.0,1273.0,,,0.0,,,0.0
2025-02-15 21:00:00,,,,,,,1273.0,1273.0,,,0.0,,,0.0
2025-02-15 22:00:00,,,,,,,1273.0,1273.0,,,0.0,,,0.0
2025-02-15 23:00:00,,,,,,,1273.0,1273.0,,,0.0,,,0.0
2025-02-16 00:00:00,,,,,,,1273.0,1273.0,,,0.0,,,0.0
2025-02-16 01:00:00,,,,,,,1273.0,1273.0,,,0.0,,,0.0
2025-02-16 02:00:00,,,,,,,1273.0,1273.0,,,0.0,,,0.0
2025-02-16 03:00:00,,,,,,,1533.0,1533.0,,,0.0,,,0.0
2025-02-16 04:00:00,,,,,,,1529.0,1529.0,,,0.0,,,0.0
2025-02-16 05:00:00,,,,,,,1273.0,1273.0,,,0.0,,,0.0
2025-02-16 06:00:00,,,,,,,1533.0,1533.0,,,0.0,,,0.0
2025-02-16 07:00:00,,,,,,,1533.0,1533.0,,,0.0,,,0.0
2025-02-16 08:00:00,,,,,,,509.0,509.0,,,0.0,,,0.0
2025-02-16 09:00:00,,,,,,,509.0,509.0,,,0.0,,,0.0
2025-02-16 10:00:00,,,,,,,509.0,509.0,,,0.0,,,0.0
2025-02-16 11:00:00,,,,,,,509.0,509.0,,,0.0,,,0.0
2025-02-16 12:00:00,,,,,,,509.0,509.0,,,0.0,,,0.0
2025-02-16 13:00:00,,,,,,,509.0,509.0,,,0.0,,,0.0
2025-02-16 14:00:00,,,,,,,509.0,509.0,,,0.0,,,0.0
2025-02-16 15:00:00,,,,,,,509.0,509.0,,,0.0,,,0.0
2025-02-16 16:00:00,,,,,,,509.0,509.0,,,0.0,,,0.0
2025-02-16 17:00:00,,,,,,,1533.0,1533.0,,,0.0,,,0.0
2025-02-16 18:00:00,,,,,,,1273.0,1273.0,,,0.0,,,0.0
2025-02-16 19:00:00,,,,,,,1273.0,1273.0,,,0.0,,,0.0
2025-02-16 20:00:00,,,,,,,1273.0,1273.0,,,0.0,,,0.0
2025-02-16 21:00:00,,,,,,,1529.0,1529.0,,,0.0,,,0.0
2025-02-16 22:00:00,,,,,,,1273.0,1273.0,,,0.0,,,0.0
2025-02-16 23:00:00,,,,,,,1533.0,1533.0,,,0.0,,,0.0
2025-02-17 00:00:00,,,,,,,1533.0,1533.0,,,0.0,,,0.0
2025-02-17 01:00:00,,,,,,,1273.0,1273.0,,,0.0,,,0.0
2025-02-17 02:00:00,,,,,,,1533.0,1533.0,,,0.0,,,0.0
2025-02-17 03:00:00,,,,,,,1273.0,1273.0,,,0.0,,,0.0
2025-02-17 04:00:00,,,,,,,1273.0,1273.0,,,0.0,,,0.0
2025-02-17 05:00:00,,,,,,,1273.0,1273.0,,,0.0,,,0.0
2025-02-17 06:00:00,,,,,,,1273.0,1273.0,,,0.0,,,0.0
2025-02-17 07:00:00,,,,,,,1533.0,1533.0,,,0.0,,,0.0
2025-02-17 08:00:00,,,,,,,509.0,509.0,,,0.0,,,0.0
2025-02-17 09:00:00,,,,,,,509.0,509.0,,,0.0,,,0.0
2025-02-17 10:00:00,,,,,,,509.0,509.0,,,0.0,,,0.0
2025-02-17 11:00:00,,,,,,,509.0,509.0,,,0.0,,,0.0
2025-02-17 12:00:00,,,,,,,509.0,509.0,,,0.0,,,0.0
2025-02-17 13:00:00,,,,,,,509.0,509.0,,,0.0,,,0.0
2025-02-17 14:00:00,,,,,,,509.0,509.0,,,0.0,,,0.0
2025-02-17 15:00:00,,,,,,,509.0,509.0,,,0.0,,,0.0
2025-02-17 16:00:00,,,,,,,509.0,509.0,,,0.0,,,0.0
2025-02-17 17:00:00,,,,,,,1533.0,1533.0,,,0.0,,,0.0
2025-02-17 18:00:00,,,,,,,1273.0,1273.0,,,0.0,,,0.0
2025-02-17 19:00:00,,,,,,,1273.0,1273.0,,,0.0,,,0.0
2025-02-17 20:00:00,,,,,,,1273.0,1273.0,,,0.0,,,0.0
2025-02-17 21:00:00,,,,,,,1273.0,1273.0,,,0.0,,,0.0
2025-02-17 22:00:00,,,,,,,1273.0,1273.0,,,0.0,,,0.0
2025-02-17 23:00:00,,,,,,,1273.0,1273.0,,,0.0,,,0.0
2025-02-18 00:00:00,,,,,,,1273.0,1273.0,,,0.0,,,0.0
2025-02-18 01:00:00,,,,,,,1529.0,1529.0,,,0.0,,,0.0
2025-02-18 02:00:00,,,,,,,1273.0,1273.0,,,0.0,,,0.0
2025-02-18 03:00:00,,,,,,,1529.0,1529.0,,,0.0,,,0.0
2025-02-18 04:00:00,,,,,,,1533.0,1533.0,,,0.0,,,0.0
2025-02-18 05:00:00,,,,,,,1529.0,1529.0,,,0.0,,,0.0
2025-02-18 06:00:00,,,,,,,1529.0,1529.0,,,0.0,,,0.0
2025-02-18 07:00:00,,,,,,,1533.0,1533.0,,,0.0,,,0.0
2025-02-18 08:00:00,,,,,,,509.0,509.0,,,0.0,,,0.0
2025-02-18 09:00:00,,,,,,,509.0,509.0,,,0.0,,,0.0
2025-02-18 10:00:00,,,,,,,509.0,509.0,,,0.0,,,0.0
2025-02-18 11:00:00,,,,,,,509.0,509.0,,,0.0,,,0.0
2025-02-18 12:00:00,,,,,,,509.0,509.0,,,0.0,,,0.0
2025-02-18 13:00:00,,,,,,,509.0,509.0,,,0.0,,,0.0
2025-02-18 14:00:00,,,,,,,509.0,509.0,,,0.0,,,0.0
2025-02-18 15:00:00,,,,,,,509.0,509.0,,,0.0,,,0.0
2025-02-18 16:00:00,,,,,,,509.0,509.0,,,0.0,,,0.0
2025-02-18 17:00:00,,,,,,,1533.0,1533.0,,,0.0,,,0.0
2025-02-18 18:00:00,,,,,,,1273.0,1273.0,,,0.0,,,0.0
2025-02-18 19:00:00,,,,,,,1273.0,1273.0,,,0.0,,,0.0
2025-02-18 20:00:00,,,,,,,1273.0,1273.0,,,0.0,,,0.0
2025-02-18 21:00:00,,,,,,,1529.0,1529.0,,,0.0,,,0.0
2025-02-18 22:00:00,,,,,,,1533.0,1533.0,,,0.0,,,0.0
2025-02-18 23:00:00,,,,,,,1529.0,1529.0,,,0.0,,,0.0
2025-02-19 00:00:00,,,,,,,1273.0,1273.0,,,0.0,,,0.0
2025-02-19 01:00:00,,,,,,,1533.0,1533.0,,,0.0,,,0.0
2025-02-19 02:00:00,,,,,,,1529.0,1529.0,,,0.0,,,0.0
2025-02-19 03:00:00,,,,,,,1529.0,1529.0,,,0.0,,,0.0
2025-02-19 04:00:00,,,,,,,1529.0,1529.0,,,0.0,,,0.0
2025-02-19 05:00:00,,,,,,,1533.0,1533.0,,,0.0,,,0.0
2025-02-19 06:00:00,,,,,,,1533.0,1533.0,,,0.0,,,0.0
2025-02-19 07:00:00,,,,,,,1533.0,1533.0,,,0.0,,,0.0
2025-02-19 08:00:00,,,,,,,509.0,509.0,,,0.0,,,0.0
2025-02-19 09:00:00,,,,,,,509.0,509.0,,,0.0,,,0.0
2025-02-19 10:00:00,,,,,,,509.0,509.0,,,0.0,,,0.0
2025-02-19 11:00:00,,,,,,,509.0,509.0,,,0.0,,,0.0
2025-02-19 12:00:00,,,,,,,509.0,509.0,,,0.0,,,0.0
2025-02-19 13:00:00,,,,,,,509.0,509.0,,,0.0,,,0.0
2025-02-19 14:00:00,,,,,,,509.0,509.0,,,0.0,,,0.0
2025-02-19 15:00:00,,,,,,,509.0,509.0,,,0.0,,,0.0
2025-02-19 16:00:00,,,,,,,509.0,509.0,,,0.0,,,0.0
2025-02-19 17:00:00,,,,,,,1533.0,1533.0,,,0.0,,,0.0
2025-02-19 18:00:00,,,,,,,1533.0,1533.0,,,0.0,,,0.0
2025-02-19 19:00:00,,,,,,,1533.0,1533.0,,,0.0,,,0.0
2025-02-19 20:00:00,,,,,,,1533.0,1533.0,,,0.0,,,0.0
2025-02-19 21:00:00,,,,,,,1533.0,1533.0,,,0.0,,,0.0
2025-02-19 22:00:00,,,,,,,1533.0,1533.0,,,0.0,,,0.0
2025-02-19 23:00:00,,,,,,,1533.0,1533.0,,,0.0,,,0.0
2025-02-20 00:00:00,,,,,,,1533.0,1533.0,,,0.0,,,0.0
2025-02-20 01:00:00,,,,,,,1533.0,1533.0,,,0.0,,,0.0
2025-02-20 02:00:00,,,,,,,1533.0,1533.0,,,0.0,,,0.0
2025-02-20 03:00:00,,,,,,,1533.0,1533.0,,,0.0,,,0.0
2025-02-20 04:00:00,,,,,,,1533.0,1533.0,,,0.0,,,0.0
2025-02-20 05:00:00,,,,,,,1529.0,1529.0,,,0.0,,,0.0
2025-02-20 06:00:00,,,,,,,1273.0,1273.0,,,0.0,,,0.0
2025-02-20 07:00:00,,,,,,,1533.0,1533.0,,,0.0,,,0.0
2025-02-20 08:00:00,,,,,,,509.0,509.0,,,0.0,,,0.0
2025-02-20 09:00:00,,,,,,,509.0,509.0,,,0.0,,,0.0
2025-02-20 10:00:00,,,,,,,509.0,509.0,,,0.0,,,0.0
2025-02-20 11:00:00,,,,,,,509.0,509.0,,,0.0,,,0.0
2025-02-20 12:00:00,,,,,,,509.0,509.0,,,0.0,,,0.0
2025-02-20 13:00:00,,,,,,,509.0,509.0,,,0.0,,,0.0
2025-02-20 14:00:00,,,,,,,509.0,509.0,,,0.0,,,0.0
2025-02-20 15:00:00,,,,,,,509.0,509.0,,,0.0,,,0.0
2025-02-20 16:00:00,,,,,,,509.0,509.0,,,0.0,,,0.0
2025-02-20 17:00:00,,,,,,,1533.0,1533.0,,,0.0,,,0.0
2025-02-20 18:00:00,,,,,,,1273.0,1273.0,,,0.0,,,0.0
2025-02-20 19:00:00,,,,,,,1273.0,1273.0,,,0.0,,,0.0
2025-02-20 20:00:00,,,,,,,1273.0,1273.0,,,0.0,,,0.0
2025-02-20 21:00:00,,,,,,,1273.0,1273.0,,,0.0,,,0.0
2025-02-20 22:00:00,,,,,,,1273.0,1273.0,,,0.0,,,0.0
2025-02-20 23:00:00,,,,,,,1273.0,1273.0,,,0.0,,,0.0
2025-02-21 00:00:00,,,,,,,1273.0,1273.0,,,0.0,,,0.0
2025-02-21 01:00:00,,,,,,,1273.0,1273.0,,,0.0,,,0.0
2025-02-21 02:00:00,,,,,,,1273.0,1273.0,,,0.0,,,0.0
2025-02-21 03:00:00,,,,,,,1273.0,1273.0,,,0.0,,,0.0
2025-02-21 04:00:00,,,,,,,1273.0,1273.0,,,0.0,,,0.0
2025-02-21 05:00:00,,,,,,,1273.0,1273.0,,,0.0,,,0.0
2025-02-21 06:00:00,,,,,,,1529.0,1529.0,,,0.0,,,0.0
2025-02-21 07:00:00,,,,,,,1533.0,1533.0,,,0.0,,,0.0
2025-02-21 08:00:00,,,,,,,509.0,509.0,,,0.0,,,0.0
2025-02-21 09:00:00,,,,,,,509.0,509.0,,,0.0,,,0.0
2025-02-21 10:00:00,,,,,,,509.0,509.0,,,0.0,,,0.0
2025-02-21 11:00:00,,,,,,,509.0,509.0,,,0.0,,,0.0
2025-02-21 12:00:00,,,,,,,509.0,509.0,,,0.0,,,0.0
2025-02-21 13:00:00,,,,,,,509.0,509.0,,,0.0,,,0.0
2025-02-21 14:00:00,,,,,,,509.0,509.0,,,0.0,,,0.0
2025-02-21 15:00:00,,,,,,,509.0,509.0,,,0.0,,,0.0
2025-02-21 16:00:00,,,,,,,509.0,509.0,,,0.0,,,0.0
2025-02-21 17:00:00,,,,,,,1533.0,1533.0,,,0.0,,,0.0
2025-02-21 18:00:00,,,,,,,1273.0,1273.0,,,0.0,,,0.0
2025-02-21 19:00:00,,,,,,,1533.0,1533.0,,,0.0,,,0.0
2025-02-21 20:00:00,,,,,,,1529.0,1529.0,,,0.0,,,0.0
2025-02-21 21:00:00,,,,,,,1273.0,1273.0,,,0.0,,,0.0
2025-02-21 22:00:00,,,,,,,1273.0,1273.0,,,0.0,,,0.0
2025-02-21 23:00:00,,,,,,,1273.0,1273.0,,,0.0,,,0.0
2025-02-22 00:00:00,,,,,,,1273.0,1273.0,,,0.0,,,0.0
2025-02-22 01:00:00,,,,,,,1529.0,1529.0,,,0.0,,,0.0
2025-02-22 02:00:00,,,,,,,1533.0,1533.0,,,0.0,,,0.0
2025-02-22 03:00:00,,,,,,,1529.0,1529.0,,,0.0,,,0.0
2025-02-22 04:00:00,,,,,,,1533.0,1533.0,,,0.0,,,0.0
2025-02-22 05:00:00,,,,,,,1533.0,1533.0,,,0.0,,,0.0
2025-02-22 06:00:00,,,,,,,1273.0,1273.0,,,0.0,,,0.0
2025-02-22 07:00:00,,,,,,,1533.0,1533.0,,,0.0,,,0.0
2025-02-22 08:00:00,,,,,,,509.0,509.0,,,0.0,,,0.0
2025-02-22 09:00:00,,,,,,,509.0,509.0,,,0.0,,,0.0
2025-02-22 10:00:00,,,,,,,509.0,509.0,,,0.0,,,0.0
2025-02-22 11:00:00,,,,,,,509.0,509.0,,,0.0,,,0.0
2025-02-22 12:00:00,,,,,,,509.0,509.0,,,0.0,,,0.0
2025-02-22 13:00:00,,,,,,,509.0,509.0,,,0.0,,,0.0
2025-02-22 14:00:00,,,,,,,509.0,509.0,,,0.0,,,0.0
2025-02-22 15:00:00,,,,,,,509.0,509.0,,,0.0,,,0.0
2025-02-22 16:00:00,,,,,,,509.0,509.0,,,0.0,,,0.0
2025-02-22 17:00:00,,,,,,,1533.0,1533.0,,,0.0,,,0.0
2025-02-22 18:00:00,,,,,,,1273.0,1273.0,,,0.0,,,0.0
2025-02-22 19:00:00,,,,,,,1273.0,1273.0,,,0.0,,,0.0
2025-02-22 20:00:00,,,,,,,1273.0,1273.0,,,0.0,,,0.0
2025-02-22 21:00:00,,,,,,,1273.0,1273.0,,,0.0,,,0.0
2025-02-22 22:00:00,,,,,,,1273.0,1273.0,,,0.0,,,0.0
2025-02-22 23:00:00,,,,,,,1533.0,1533.0,,,0.0,,,0.0
2025-02-23 00:00:00,,,,,,,1273.0,1273.0,,,0.0,,,0.0
2025-02-23 01:00:00,,,,,,,1273.0,1273.0,,,0.0,,,0.0
2025-02-23 02:00:00,,,,,,,1529.0,1529.0,,,0.0,,,0.0
2025-02-23 03:00:00,,,,,,,1273.0,1273.0,,,0.0,,,0.0
2025-02-23 04:00:00,,,,,,,1273.0,1273.0,,,0.0,,,0.0
2025-02-23 05:00:00,,,,,,,1273.0,1273.0,,,0.0,,,0.0
2025-02-23 06:00:00,,,,,,,1273.0,1273.0,,,0.0,,,0.0
2025-02-23 07:00:00,,,,,,,1533.0,1533.0,,,0.0,,,0.0
2025-02-23 08:00:00,,,,,,,509.0,509.0,,,0.0,,,0.0
2025-02-23 09:00:00,,,,,,,509.0,509.0,,,0.0,,,0.0
2025-02-23 10:00:00,,,,,,,509.0,509.0,,,0.0,,,0.0
2025-02-23 11:00:00,,,,,,,509.0,509.0,,,0.0,,,0.0
2025-02-23 12:00:00,,,,,,,509.0,509.0,,,0.0,,,0.0
2025-02-23 13:00:00,,,,,,,509.0,509.0,,,0.0,,,0.0
2025-02-23 14:00:00,,,,,,,509.0,509.0,,,0.0,,,0.0
2025-02-23 15:00:00,,,,,,,509.0,509.0,,,0.0,,,0.0
2025-02-23 16:00:00,,,,,,,509.0,509.0,,,0.0,,,0.0
2025-02-23 17:00:00,,,,,,,1533.0,1533.0,,,0.0,,,0.0
2025-02-23 18:00:00,,,,,,,1529.0,1529.0,,,0.0,,,0.0
2025-02-23 19:00:00,,,,,,,1533.0,1533.0,,,0.0,,,0.0
2025-02-23 20:00:00,,,,,,,1529.0,1529.0,,,0.0,,,0.0
2025-02-23 21:00:00,,,,,,,1529.0,1529.0,,,0.0,,,0.0
2025-02-23 22:00:00,,,,,,,1533.0,1533.0,,,0.0,,,0.0
2025-02-23 23:00:00,,,,,,,1529.0,1529.0,,,0.0,,,0.0
2025-02-24 00:00:00,,,,,,,1533.0,1533.0,,,0.0,,,0.0
2025-02-24 01:00:00,,,,,,,1533.0,1533.0,,,0.0,,,0.0
2025-02-24 02:00:00,,,,,,,1273.0,1273.0,,,0.0,,,0.0
2025-02-24 03:00:00,,,,,,,1533.0,1533.0,,,0.0,,,0.0
2025-02-24 04:00:00,,,,,,,1533.0,1533.0,,,0.0,,,0.0
2025-02-24 05:00:00,,,,,,,1533.0,1533.0,,,0.0,,,0.0
2025-02-24 06:00:00,,,,,,,1533.0,1533.0,,,0.0,,,0.0
2025-02-24 07:00:00,,,,,,,1533.0,1533.0,,,0.0,,,0.0
2025-02-24 08:00:00,,,,,,,509.0,509.0,,,0.0,,,0.0
2025-02-24 09:00:00,,,,,,,509.0,509.0,,,0.0,,,0.0
2025-02-24 10:00:00,,,,,,,509.0,509.0,,,0.0,,,0.0
2025-02-24 11:00:00,,,,,,,509.0,509.0,,,0.0,,,0.0
2025-02-24 12:00:00,,,,,,,509.0,509.0,,,0.0,,,0.0
2025-02-24 13:00:00,,,,,,,509.0,509.0,,,0.0,,,0.0
2025-02-24 14:00:00,,,,,,,509.0,509.0,,,0.0,,,0.0
2025-02-24 15:00:00,,,,,,,509.0,509.0,,,0.0,,,0.0
2025-02-24 16:00:00,,,,,,,509.0,509.0,,,0.0,,,0.0
2025-02-24 17:00:00,,,,,,,1533.0,1533.0,,,0.0,,,0.0
2025-02-24 18:00:00,,,,,,,1533.0,1533.0,,,0.0,,,0.0
2025-02-24 19:00:00,,,,,,,1533.0,1533.0,,,0.0,,,0.0
2025-02-24 20:00:00,,,,,,,1529.0,1529.0,,,0.0,,,0.0
2025-02-24 21:00:00,,,,,,,1533.0,1533.0,,,0.0,,,0.0
2025-02-24 22:00:00,,,,,,,1533.0,1533.0,,,0.0,,,0.0
2025-02-24 23:00:00,,,,,,,1533.0,1533.0,,,0.0,,,0.0
2025-02-25 00:00:00,,,,,,,1533.0,1533.0,,,0.0,,,0.0
2025-02-25 01:00:00,,,,,,,1533.0,1533.0,,,0.0,,,0.0
2025-02-25 02:00:00,,,,,,,1533.0,1533.0,,,0.0,,,0.0
2025-02-25 03:00:00,,,,,,,1533.0,1533.0,,,0.0,,,0.0
2025-02-25 04:00:00,,,,,,,1533.0,1533.0,,,0.0,,,0.0
2025-02-25 05:00:00,,,,,,,1533.0,1533.0,,,0.0,,,0.0
2025-02-25 06:00:00,,,,,,,1533.0,1533.0,,,0.0,,,0.0
2025-02-25 07:00:00,,,,,,,1533.0,1533.0,,,0.0,,,0.0
2025-02-25 08:00:00,,,,,,,509.0,509.0,,,0.0,,,0.0
2025-02-25 09:00:00,,,,,,,509.0,509.0,,,0.0,,,0.0
2025-02-25 10:00:00,,,,,,,509.0,509.0,,,0.0,,,0.0
2025-02-25 11:00:00,,,,,,,509.0,509.0,,,0.0,,,0.0
2025-02-25 12:00:00,,,,,,,509.0,509.0,,,0.0,,,0.0
2025-02-25 13:00:00,,,,,,,509.0,509.0,,,0.0,,,0.0
2025-02-25 14:00:00,,,,,,,509.0,509.0,,,0.0,,,0.0
2025-02-25 15:00:00,,,,,,,509.0,509.0,,,0.0,,,0.0
2025-02-25 16:00:00,,,,,,,509.0,509.0,,,0.0,,,0.0
2025-02-25 17:00:00,,,,,,,1533.0,1533.0,,,0.0,,,0.0
2025-02-25 18:00:00,,,,,,,1533.0,1533.0,,,0.0,,,0.0
2025-02-25 19:00:00,,,,,,,1533.0,1533.0,,,0.0,,,0.0
2025-02-25 20:00:00,,,,,,,1533.0,1533.0,,,0.0,,,0.0
2025-02-25 21:00:00,,,,,,,1533.0,1533.0,,,0.0,,,0.0
2025-02-25 22:00:00,,,,,,,1533.0,1533.0,,,0.0,,,0.0
2025-02-25 23:00:00,,,,,,,1533.0,1533.0,,,0.0,,,0.0
2025-02-26 00:00:00,,,,,,,1533.0,1533.0,,,0.0,,,0.0
2025-02-26 01:00:00,,,,,,,1529.0,1529.0,,,0.0,,,0.0
2025-02-26 02:00:00,,,,,,,1529.0,1529.0,,,0.0,,,0.0
2025-02-26 03:00:00,,,,,,,1533.0,1533.0,,,0.0,,,0.0
2025-02-26 04:00:00,,,,,,,1533.0,1533.0,,,0.0,,,0.0
2025-02-26 05:00:00,,,,,,,1533.0,1533.0,,,0.0,,,0.0
2025-02-26 06:00:00,,,,,,,1533.0,1533.0,,,0.0,,,0.0
2025-02-26 07:00:00,,,,,,,1533.0,1533.0,,,0.0,,,0.0
2025-02-26 08:00:00,,,,,,,509.0,509.0,,,0.0,,,0.0
2025-02-26 09:00:00,,,,,,,509.0,509.0,,,0.0,,,0.0
2025-02-26 10:00:00,,,,,,,509.0,509.0,,,0.0,,,0.0
2025-02-26 11:00:00,,,,,,,509.0,509.0,,,0.0,,,0.0
2025-02-26 12:00:00,,,,,,,509.0,509.0,,,0.0,,,0.0
2025-02-26 13:00:00,,,,,,,509.0,509.0,,,0.0,,,0.0
2025-02-26 14:00:00,,,,,,,509.0,509.0,,,0.0,,,0.0
2025-02-26 15:00:00,,,,,,,509.0,509.0,,,0.0,,,0.0
2025-02-26 16:00:00,,,,,,,509.0,509.0,,,0.0,,,0.0
2025-02-26 17:00:00,,,,,,,1533.0,1533.0,,,0.0,,,0.0
2025-02-26 18:00:00,,,,,,,1273.0,1273.0,,,0.0,,,0.0
2025-02-26 19:00:00,,,,,,,1273.0,1273.0,,,0.0,,,0.0
2025-02-26 20:00:00,,,,,,,1273.0,1273.0,,,0.0,,,0.0
2025-02-26 21:00:00,,,,,,,1273.0,1273.0,,,0.0,,,0.0
2025-02-26 22:00:00,,,,,,,1273.0,1273.0,,,0.0,,,0.0
2025-02-26 23:00:00,,,,,,,1273.0,1273.0,,,0.0,,,0.0
2025-02-27 00:00:00,,,,,,,1273.0,1273.0,,,0.0,,,0.0
2025-02-27 01:00:00,,,,,,,1273.0,1273.0,,,0.0,,,0.0
2025-02-27 02:00:00,,,,,,,1273.0,1273.0,,,0.0,,,0.0
2025-02-27 03:00:00,,,,,,,1273.0,1273.0,,,0.0,,,0.0
2025-02-27 04:00:00,,,,,,,1273.0,1273.0,,,0.0,,,0.0
2025-02-27 05:00:00,,,,,,,1273.0,1273.0,,,0.0,,,0.0
2025-02-27 06:00:00,,,,,,,1273.0,1273.0,,,0.0,,,0.0
2025-02-27 07:00:00,,,,,,,1533.0,1533.0,,,0.0,,,0.0
2025-02-27 08:00:00,,,,,,,509.0,509.0,,,0.0,,,0.0
2025-02-27 09:00:00,,,,,,,509.0,509.0,,,0.0,,,0.0
2025-02-27 10:00:00,,,,,,,509.0,509.0,,,0.0,,,0.0
2025-02-27 11:00:00,,,,,,,509.0,509.0,,,0.0,,,0.0
2025-02-27 12:00:00,,,,,,,509.0,509.0,,,0.0,,,0.0
2025-02-27 13:00:00,,,,,,,509.0,509.0,,,0.0,,,0.0
2025-02-27 14:00:00,,,,,,,509.0,509.0,,,0.0,,,0.0
2025-02-27 15:00:00,,,,,,,509.0,509.0,,,0.0,,,0.0
2025-02-27 16:00:00,,,,,,,509.0,509.0,,,0.0,,,0.0
2025-02-27 17:00:00,,,,,,,1533.0,1533.0,,,0.0,,,0.0
2025-02-27 18:00:00,,,,,,,1273.0,1273.0,,,0.0,,,0.0
2025-02-27 19:00:00,,,,,,,1273.0,1273.0,,,0.0,,,0.0
2025-02-27 20:00:00,,,,,,,1273.0,1273.0,,,0.0,,,0.0
2025-02-27 21:00:00,,,,,,,1273.0,1273.0,,,0.0,,,0.0
2025-02-27 22:00:00,,,,,,,1273.0,1273.0,,,0.0,,,0.0
2025-02-27 23:00:00,,,,,,,1273.0,1273.0,,,0.0,,,0.0
2025-02-28 00:00:00,,,,,,,1273.0,1273.0,,,0.0,,,0.0
2025-02-28 01:00:00,,,,,,,1273.0,1273.0,,,0.0,,,0.0
2025-02-28 02:00:00,,,,,,,1273.0,1273.0,,,0.0,,,0.0
2025-02-28 03:00:00,,,,,,,1273.0,1273.0,,,0.0,,,0.0
2025-02-28 04:00:00,,,,,,,1529.0,1529.0,,,0.0,,,0.0
2025-02-28 05:00:00,,,,,,,1529.0,1529.0,,,0.0,,,0.0
2025-02-28 06:00:00,,,,,,,1273.0,1273.0,,,0.0,,,0.0
2025-02-28 07:00:00,,,,,,,1533.0,1533.0,,,0.0,,,0.0
2025-02-28 08:00:00,,,,,,,509.0,509.0,,,0.0,,,0.0
2025-02-28 09:00:00,,,,,,,509.0,509.0,,,0.0,,,0.0
2025-02-28 10:00:00,,,,,,,509.0,509.0,,,0.0,,,0.0
2025-02-28 11:00:00,,,,,,,509.0,509.0,,,0.0,,,0.0
2025-02-28 12:00:00,,,,,,,509.0,509.0,,,0.0,,,0.0
2025-02-28 13:00:00,,,,,,,509.0,509.0,,,0.0,,,0.0
2025-02-28 14:00:00,,,,,,,509.0,509.0,,,0.0,,,0.0
2025-02-28 15:00:00,,,,,,,509.0,509.0,,,0.0,,,0.0
2025-02-28 16:00:00,,,,,,,509.0,509.0,,,0.0,,,0.0
2025-02-28 17:00:00,,,,,,,1533.0,1533.0,,,0.0,,,0.0
2025-02-28 18:00:00,,,,,,,1273.0,1273.0,,,0.0,,,0.0
2025-02-28 19:00:00,,,,,,,1273.0,1273.0,,,0.0,,,0.0
2025-02-28 20:00:00,,,,,,,1273.0,1273.0,,,0.0,,,0.0
2025-02-28 21:00:00,,,,,,,1533.0,1533.0,,,0.0,,,0.0
2025-02-28 22:00:00,,,,,,,1529.0,1529.0,,,0.0,,,0.0
2025-02-28 23:00:00,,,,,,,1529.0,1529.0,,,0.0,,,0.0
2025-03-01 00:00:00,,,,,,,1273.0,1273.0,,,0.0,,,0.0
2025-03-01 01:00:00,,,,,,,1533.0,1533.0,,,0.0,,,0.0
2025-03-01 02:00:00,,,,,,,1533.0,1533.0,,,0.0,,,0.0
2025-03-01 03:00:00,,,,,,,1533.0,1533.0,,,0.0,,,0.0
2025-03-01 04:00:00,,,,,,,1533.0,1533.0,,,0.0,,,0.0
2025-03-01 05:00:00,,,,,,,1533.0,1533.0,,,0.0,,,0.0
2025-03-01 06:00:00,,,,,,,1273.0,1273.0,,,0.0,,,0.0
2025-03-01 07:00:00,,,,,,,1533.0,1533.0,,,0.0,,,0.0
2025-03-01 08:00:00,,,,,,,505.0,505.0,,,0.0,,,0.0
2025-03-01 09:00:00,,,,,,,509.0,509.0,,,0.0,,,0.0
2025-03-01 10:00:00,,,,,,,509.0,509.0,,,0.0,,,0.0
2025-03-01 11:00:00,,,,,,,509.0,509.0,,,0.0,,,0.0
2025-03-01 12:00:00,,,,,,,509.0,509.0,,,0.0,,,0.0
2025-03-01 13:00:00,,,,,,,509.0,509.0,,,0.0,,,0.0
2025-03-01 14:00:00,,,,,,,509.0,509.0,,,0.0,,,0.0
2025-03-01 15:00:00,,,,,,,509.0,509.0,,,0.0,,,0.0
2025-03-01 16:00:00,,,,,,,509.0,509.0,,,0.0,,,0.0
2025-03-01 17:00:00,,,,,,,1533.0,1533.0,,,0.0,,,0.0
2025-03-01 18:00:00,,,,,,,1273.0,1273.0,,,0.0,,,0.0
2025-03-01 19:00:00,,,,,,,1273.0,1273.0,,,0.0,,,0.0
2025-03-01 20:00:00,,,,,,,1273.0,1273.0,,,0.0,,,0.0
2025-03-01 21:00:00,,,,,,,1273.0,1273.0,,,0.0,,,0.0
2025-03-01 22:00:00,,,,,,,1273.0,1273.0,,,0.0,,,0.0
2025-03-01 23:00:00,,,,,,,1273.0,1273.0,,,0.0,,,0.0
2025-03-02 00:00:00,,,,,,,1273.0,1273.0,,,0.0,,,0.0
2025-03-02 01:00:00,,,,,,,1273.0,1273.0,,,0.0,,,0.0
2025-03-02 02:00:00,,,,,,,1273.0,1273.0,,,0.0,,,0.0
2025-03-02 03:00:00,,,,,,,1273.0,1273.0,,,0.0,,,0.0
2025-03-02 04:00:00,,,,,,,1273.0,1273.0,,,0.0,,,0.0
2025-03-02 05:00:00,,,,,,,1273.0,1273.0,,,0.0,,,0.0
2025-03-02 06:00:00,,,,,,,1273.0,1273.0,,,0.0,,,0.0
2025-03-02 07:00:00,,,,,,,1533.0,1533.0,,,0.0,,,0.0
2025-03-02 08:00:00,,,,,,,505.0,505.0,,,0.0,,,0.0
2025-03-02 09:00:00,,,,,,,509.0,509.0,,,0.0,,,0.0
2025-03-02 10:00:00,,,,,,,509.0,509.0,,,0.0,,,0.0
2025-03-02 11:00:00,,,,,,,509.0,509.0,,,0.0,,,0.0
2025-03-02 12:00:00,,,,,,,509.0,509.0,,,0.0,,,0.0
2025-03-02 13:00:00,,,,,,,509.0,509.0,,,0.0,,,0.0
2025-03-02 14:00:00,,,,,,,509.0,509.0,,,0.0,,,0.0
2025-03-02 15:00:00,,,,,,,509.0,509.0,,,0.0,,,0.0
2025-03-02 16:00:00,,,,,,,509.0,509.0,,,0.0,,,0.0
2025-03-02 17:00:00,,,,,,,1533.0,1533.0,,,0.0,,,0.0
2025-03-02 18:00:00,,,,,,,1273.0,1273.0,,,0.0,,,0.0
2025-03-02 19:00:00,,,,,,,1273.0,1273.0,,,0.0,,,0.0
2025-03-02 20:00:00,,,,,,,1529.0,1529.0,,,0.0,,,0.0
2025-03-02 21:00:00,,,,,,,1273.0,1273.0,,,0.0,,,0.0
2025-03-02 22:00:00,,,,,,,1273.0,1273.0,,,0.0,,,0.0
2025-03-02 23:00:00,,,,,,,1273.0,1273.0,,,0.0,,,0.0
2025-03-03 00:00:00,,,,,,,1273.0,1273.0,,,0.0,,,0.0
2025-03-03 01:00:00,,,,,,,1273.0,1273.0,,,0.0,,,0.0
2025-03-03 02:00:00,,,,,,,1273.0,1273.0,,,0.0,,,0.0
2025-03-03 03:00:00,,,,,,,1273.0,1273.0,,,0.0,,,0.0
2025-03-03 04:00:00,,,,,,,1273.0,1273.0,,,0.0,,,0.0
2025-03-03 05:00:00,,,,,,,1273.0,1273.0,,,0.0,,,0.0
2025-03-03 06:00:00,,,,,,,1273.0,1273.0,,,0.0,,,0.0
2025-03-03 07:00:00,,,,,,,1533.0,1533.0,,,0.0,,,0.0
2025-03-03 08:00:00,,,,,,,505.0,505.0,,,0.0,,,0.0
2025-03-03 09:00:00,,,,,,,509.0,509.0,,,0.0,,,0.0
2025-03-03 10:00:00,,,,,,,509.0,509.0,,,0.0,,,0.0
2025-03-03 11:00:00,,,,,,,509.0,509.0,,,0.0,,,0.0
2025-03-03 12:00:00,,,,,,,509.0,509.0,,,0.0,,,0.0
2025-03-03 13:00:00,,,,,,,509.0,509.0,,,0.0,,,0.0
2025-03-03 14:00:00,,,,,,,509.0,509.0,,,0.0,,,0.0
2025-03-03 15:00:00,,,,,,,509.0,509.0,,,0.0,,,0.0
2025-03-03 16:00:00,,,,,,,509.0,509.0,,,0.0,,,0.0
2025-03-03 17:00:00,,,,,,,1533.0,1533.0,,,0.0,,,0.0
2025-03-03 18:00:00,,,,,,,1273.0,1273.0,,,0.0,,,0.0
2025-03-03 19:00:00,,,,,,,1273.0,1273.0,,,0.0,,,0.0
2025-03-03 20:00:00,,,,,,,1533.0,1533.0,,,0.0,,,0.0
2025-03-03 21:00:00,,,,,,,1529.0,1529.0,,,0.0,,,0.0
2025-03-03 22:00:00,,,,,,,1529.0,1529.0,,,0.0,,,0.0
2025-03-03 23:00:00,,,,,,,1273.0,1273.0,,,0.0,,,0.0
2025-03-04 00:00:00,,,,,,,1273.0,1273.0,,,0.0,,,0.0
2025-03-04 01:00:00,,,,,,,1273.0,1273.0,,,0.0,,,0.0
2025-03-04 02:00:00,,,,,,,1273.0,1273.0,,,0.0,,,0.0
2025-03-04 03:00:00,,,,,,,1273.0,1273.0,,,0.0,,,0.0
2025-03-04 04:00:00,,,,,,,1273.0,1273.0,,,0.0,,,0.0
2025-03-04 05:00:00,,,,,,,1273.0,1273.0,,,0.0,,,0.0
2025-03-04 06:00:00,,,,,,,1273.0,1273.0,,,0.0,,,0.0
2025-03-04 07:00:00,,,,,,,1533.0,1533.0,,,0.0,,,0.0
2025-03-04 08:00:00,,,,,,,505.0,505.0,,,0.0,,,0.0
2025-03-04 09:00:00,,,,,,,509.0,509.0,,,0.0,,,0.0
2025-03-04 10:00:00,,,,,,,509.0,509.0,,,0.0,,,0.0
2025-03-04 11:00:00,,,,,,,509.0,509.0,,,0.0,,,0.0
2025-03-04 12:00:00,,,,,,,509.0,509.0,,,0.0,,,0.0
2025-03-04 13:00:00,,,,,,,509.0,509.0,,,0.0,,,0.0
2025-03-04 14:00:00,,,,,,,509.0,509.0,,,0.0,,,0.0
2025-03-04 15:00:00,,,,,,,509.0,509.0,,,0.0,,,0.0
2025-03-04 16:00:00,,,,,,,505.0,505.0,,,0.0,,,0.0
2025-03-04 17:00:00,,,,,,,1529.0,1529.0,,,0.0,,,0.0
2025-03-04 18:00:00,,,,,,,1529.0,1529.0,,,0.0,,,0.0
2025-03-04 19:00:00,,,,,,,1273.0,1273.0,,,0.0,,,0.0
2025-03-04 20:00:00,,,,,,,1273.0,1273.0,,,0.0,,,0.0
2025-03-04 21:00:00,,,,,,,1273.0,1273.0,,,0.0,,,0.0
2025-03-04 22:00:00,,,,,,,1273.0,1273.0,,,0.0,,,0.0
2025-03-04 23:00:00,,,,,,,1273.0,1273.0,,,0.0,,,0.0
2025-03-05 00:00:00,,,,,,,1273.0,1273.0,,,0.0,,,0.0
2025-03-05 01:00:00,,,,,,,1273.0,1273.0,,,0.0,,,0.0
2025-03-05 02:00:00,,,,,,,1273.0,1273.0,,,0.0,,,0.0
2025-03-05 03:00:00,,,,,,,1273.0,1273.0,,,0.0,,,0.0
2025-03-05 04:00:00,,,,,,,1273.0,1273.0,,,0.0,,,0.0
2025-03-05 05:00:00,,,,,,,1273.0,1273.0,,,0.0,,,0.0
2025-03-05 06:00:00,,,,,,,1273.0,1273.0,,,0.0,,,0.0
2025-03-05 07:00:00,,,,,,,1533.0,1533.0,,,0.0,,,0.0
2025-03-05 08:00:00,,,,,,,505.0,505.0,,,0.0,,,0.0
2025-03-05 09:00:00,,,,,,,509.0,509.0,,,0.0,,,0.0
2025-03-05 10:00:00,,,,,,,509.0,509.0,,,0.0,,,0.0
2025-03-05 11:00:00,,,,,,,509.0,509.0,,,0.0,,,0.0
2025-03-05 12:00:00,,,,,,,509.0,509.0,,,0.0,,,0.0
2025-03-05 13:00:00,,,,,,,509.0,509.0,,,0.0,,,0.0
2025-03-05 14:00:00,,,,,,,509.0,509.0,,,0.0,,,0.0
2025-03-05 15:00:00,,,,,,,509.0,509.0,,,0.0,,,0.0
2025-03-05 16:00:00,,,,,,,509.0,509.0,,,0.0,,,0.0
2025-03-05 17:00:00,,,,,,,1533.0,1533.0,,,0.0,,,0.0
2025-03-05 18:00:00,,,,,,,1273.0,1273.0,,,0.0,,,0.0
2025-03-05 19:00:00,,,,,,,1273.0,1273.0,,,0.0,,,0.0
2025-03-05 20:00:00,,,,,,,1273.0,1273.0,,,0.0,,,0.0
2025-03-05 21:00:00,,,,,,,1529.0,1529.0,,,0.0,,,0.0
2025-03-05 22:00:00,,,,,,,1273.0,1273.0,,,0.0,,,0.0
2025-03-05 23:00:00,,,,,,,1533.0,1533.0,,,0.0,,,0.0
2025-03-06 00:00:00,,,,,,,1529.0,1529.0,,,0.0,,,0.0
2025-03-06 01:00:00,,,,,,,1529.0,1529.0,,,0.0,,,0.0
2025-03-06 02:00:00,,,,,,,1529.0,1529.0,,,0.0,,,0.0
2025-03-06 03:00:00,,,,,,,1533.0,1533.0,,,0.0,,,0.0
2025-03-06 04:00:00,,,,,,,1529.0,1529.0,,,0.0,,,0.0
2025-03-06 05:00:00,,,,,,,1529.0,1529.0,,,0.0,,,0.0
2025-03-06 06:00:00,,,,,,,1533.0,1533.0,,,0.0,,,0.0
2025-03-06 07:00:00,,,,,,,1533.0,1533.0,,,0.0,,,0.0
2025-03-06 08:00:00,,,,,,,509.0,509.0,,,0.0,,,0.0
2025-03-06 09:00:00,,,,,,,509.0,509.0,,,0.0,,,0.0
2025-03-06 10:00:00,,,,,,,509.0,509.0,,,0.0,,,0.0
2025-03-06 11:00:00,,,,,,,509.0,509.0,,,0.0,,,0.0
2025-03-06 12:00:00,,,,,,,509.0,509.0,,,0.0,,,0.0
2025-03-06 13:00:00,,,,,,,509.0,509.0,,,0.0,,,0.0
2025-03-06 14:00:00,,,,,,,509.0,509.0,,,0.0,,,0.0
2025-03-06 15:00:00,,,,,,,509.0,509.0,,,0.0,,,0.0
2025-03-06 16:00:00,,,,,,,509.0,509.0,,,0.0,,,0.0
2025-03-06 17:00:00,,,,,,,1533.0,1533.0,,,0.0,,,0.0
2025-03-06 18:00:00,,,,,,,1273.0,1273.0,,,0.0,,,0.0
2025-03-06 19:00:00,,,,,,,1273.0,1273.0,,,0.0,,,0.0
2025-03-06 20:00:00,,,,,,,1273.0,1273.0,,,0.0,,,0.0
2025-03-06 21:00:00,,,,,,,1273.0,1273.0,,,0.0,,,0.0
2025-03-06 22:00:00,,,,,,,1273.0,1273.0,,,0.0,,,0.0
2025-03-06 23:00:00,,,,,,,1273.0,1273.0,,,0.0,,,0.0
2025-03-07 00:00:00,,,,,,,1273.0,1273.0,,,0.0,,,0.0
2025-03-07 01:00:00,,,,,,,1273.0,1273.0,,,0.0,,,0.0
2025-03-07 02:00:00,,,,,,,1273.0,1273.0,,,0.0,,,0.0
2025-03-07 03:00:00,,,,,,,1273.0,1273.0,,,0.0,,,0.0
2025-03-07 04:00:00,,,,,,,1533.0,1533.0,,,0.0,,,0.0
2025-03-07 05:00:00,,,,,,,1533.0,1533.0,,,0.0,,,0.0
2025-03-07 06:00:00,,,,,,,1529.0,1529.0,,,0.0,,,0.0
2025-03-07 07:00:00,,,,,,,1533.0,1533.0,,,0.0,,,0.0
2025-03-07 08:00:00,,,,,,,509.0,509.0,,,0.0,,,0.0
2025-03-07 09:00:00,,,,,,,509.0,509.0,,,0.0,,,0.0
2025-03-07 10:00:00,,,,,,,509.0,509.0,,,0.0,,,0.0
2025-03-07 11:00:00,,,,,,,509.0,509.0,,,0.0,,,0.0
2025-03-07 12:00:00,,,,,,,509.0,509.0,,,0.0,,,0.0
2025-03-07 13:00:00,,,,,,,509.0,509.0,,,0.0,,,0.0
2025-03-07 14:00:00,,,,,,,509.0,509.0,,,0.0,,,0.0
2025-03-07 15:00:00,,,,,,,509.0,509.0,,,0.0,,,0.0
2025-03-07 16:00:00,,,,,,,509.0,509.0,,,0.0,,,0.0
2025-03-07 17:00:00,,,,,,,1533.0,1533.0,,,0.0,,,0.0
2025-03-07 18:00:00,,,,,,,1533.0,1533.0,,,0.0,,,0.0
2025-03-07 19:00:00,,,,,,,1529.0,1529.0,,,0.0,,,0.0
2025-03-07 20:00:00,,,,,,,1533.0,1533.0,,,0.0,,,0.0
2025-03-07 21:00:00,,,,,,,1533.0,1533.0,,,0.0,,,0.0
2025-03-07 22:00:00,,,,,,,1533.0,1533.0,,,0.0,,,0.0
2025-03-07 23:00:00,,,,,,,1533.0,1533.0,,,0.0,,,0.0
2025-03-08 00:00:00,,,,,,,1529.0,1529.0,,,0.0,,,0.0
2025-03-08 01:00:00,,,,,,,1529.0,1529.0,,,0.0,,,0.0
2025-03-08 02:00:00,,,,,,,1273.0,1273.0,,,0.0,,,0.0
2025-03-08 03:00:00,,,,,,,1533.0,1533.0,,,0.0,,,0.0
2025-03-08 04:00:00,,,,,,,1533.0,1533.0,,,0.0,,,0.0
2025-03-08 05:00:00,,,,,,,1273.0,1273.0,,,0.0,,,0.0
2025-03-08 06:00:00,,,,,,,1273.0,1273.0,,,0.0,,,0.0
2025-03-08 07:00:00,,,,,,,1533.0,1533.0,,,0.0,,,0.0
2025-03-08 08:00:00,,,,,,,509.0,509.0,,,0.0,,,0.0
2025-03-08 09:00:00,,,,,,,509.0,509.0,,,0.0,,,0.0
2025-03-08 10:00:00,,,,,,,509.0,509.0,,,0.0,,,0.0
2025-03-08 11:00:00,,,,,,,509.0,509.0,,,0.0,,,0.0
2025-03-08 12:00:00,,,,,,,509.0,509.0,,,0.0,,,0.0
2025-03-08 13:00:00,,,,,,,509.0,509.0,,,0.0,,,0.0
2025-03-08 14:00:00,,,,,,,509.0,509.0,,,0.0,,,0.0
2025-03-08 15:00:00,,,,,,,509.0,509.0,,,0.0,,,0.0
2025-03-08 16:00:00,,,,,,,509.0,509.0,,,0.0,,,0.0
2025-03-08 17:00:00,,,,,,,1533.0,1533.0,,,0.0,,,0.0
2025-03-08 18:00:00,,,,,,,1529.0,1529.0,,,0.0,,,0.0
2025-03-08 19:00:00,,,,,,,1533.0,1533.0,,,0.0,,,0.0
2025-03-08 20:00:00,,,,,,,1533.0,1533.0,,,0.0,,,0.0
2025-03-08 21:00:00,,,,,,,1533.0,1533.0,,,0.0,,,0.0
2025-03-08 22:00:00,,,,,,,1533.0,1533.0,,,0.0,,,0.0
2025-03-08 23:00:00,,,,,,,1529.0,1529.0,,,0.0,,,0.0
2025-03-09 00:00:00,,,,,,,1533.0,1533.0,,,0.0,,,0.0
2025-03-09 01:00:00,,,,,,,1533.0,1533.0,,,0.0,,,0.0
2025-03-09 02:00:00,,,,,,,1273.0,1273.0,,,0.0,,,0.0
2025-03-09 03:00:00,,,,,,,1529.0,1529.0,,,0.0,,,0.0
2025-03-09 04:00:00,,,,,,,1273.0,1273.0,,,0.0,,,0.0
2025-03-09 05:00:00,,,,,,,1273.0,1273.0,,,0.0,,,0.0
2025-03-09 06:00:00,,,,,,,1273.0,1273.0,,,0.0,,,0.0
2025-03-09 07:00:00,,,,,,,1533.0,1533.0,,,0.0,,,0.0
2025-03-09 08:00:00,,,,,,,505.0,505.0,,,0.0,,,0.0
2025-03-09 09:00:00,,,,,,,509.0,509.0,,,0.0,,,0.0
2025-03-09 10:00:00,,,,,,,505.0,505.0,,,0.0,,,0.0
2025-03-09 11:00:00,,,,,,,509.0,509.0,,,0.0,,,0.0
2025-03-09 12:00:00,,,,,,,509.0,509.0,,,0.0,,,0.0
2025-03-09 13:00:00,,,,,,,509.0,509.0,,,0.0,,,0.0
2025-03-09 14:00:00,,,,,,,509.0,509.0,,,0.0,,,0.0
2025-03-09 15:00:00,,,,,,,509.0,509.0,,,0.0,,,0.0
2025-03-09 16:00:00,,,,,,,509.0,509.0,,,0.0,,,0.0
2025-03-09 17:00:00,,,,,,,1533.0,1533.0,,,0.0,,,0.0
2025-03-09 18:00:00,,,,,,,1529.0,1529.0,,,0.0,,,0.0
2025-03-09 19:00:00,,,,,,,1529.0,1529.0,,,0.0,,,0.0
2025-03-09 20:00:00,,,,,,,1533.0,1533.0,,,0.0,,,0.0
2025-03-09 21:00:00,,,,,,,1533.0,1533.0,,,0.0,,,0.0
2025-03-09 22:00:00,,,,,,,1533.0,1533.0,,,0.0,,,0.0
2025-03-09 23:00:00,,,,,,,1533.0,1533.0,,,0.0,,,0.0
2025-03-10 00:00:00,,,,,,,1529.0,1529.0,,,0.0,,,0.0
2025-03-10 01:00:00,,,,,,,1533.0,1533.0,,,0.0,,,0.0
2025-03-10 02:00:00,,,,,,,1529.0,1529.0,,,0.0,,,0.0
2025-03-10 03:00:00,,,,,,,1273.0,1273.0,,,0.0,,,0.0
2025-03-10 04:00:00,,,,,,,1273.0,1273.0,,,0.0,,,0.0
2025-03-10 05:00:00,,,,,,,1273.0,1273.0,,,0.0,,,0.0
2025-03-10 06:00:00,,,,,,,1273.0,1273.0,,,0.0,,,0.0
2025-03-10 07:00:00,,,,,,,1533.0,1533.0,,,0.0,,,0.0
2025-03-10 08:00:00,,,,,,,505.0,505.0,,,0.0,,,0.0
2025-03-10 09:00:00,,,,,,,509.0,509.0,,,0.0,,,0.0
2025-03-10 10:00:00,,,,,,,505.0,505.0,,,0.0,,,0.0
2025-03-10 11:00:00,,,,,,,509.0,509.0,,,0.0,,,0.0
2025-03-10 12:00:00,,,,,,,509.0,509.0,,,0.0,,,0.0
2025-03-10 13:00:00,,,,,,,509.0,509.0,,,0.0,,,0.0
2025-03-10 14:00:00,,,,,,,509.0,509.0,,,0.0,,,0.0
2025-03-10 15:00:00,,,,,,,509.0,509.0,,,0.0,,,0.0
2025-03-10 16:00:00,,,,,,,509.0,509.0,,,0.0,,,0.0
2025-03-10 17:00:00,,,,,,,1533.0,1533.0,,,0.0,,,0.0
2025-03-10 18:00:00,,,,,,,1273.0,1273.0,,,0.0,,,0.0
2025-03-10 19:00:00,,,,,,,1273.0,1273.0,,,0.0,,,0.0
2025-03-10 20:00:00,,,,,,,1273.0,1273.0,,,0.0,,,0.0
2025-03-10 21:00:00,,,,,,,1273.0,1273.0,,,0.0,,,0.0
2025-03-10 22:00:00,,,,,,,1273.0,1273.0,,,0.0,,,0.0
2025-03-11 01:00:00,,,,,,,1273.0,1273.0,,,0.0,,,0.0
2025-03-11 02:00:00,,,,,,,1273.0,1273.0,,,0.0,,,0.0
2025-03-11 03:00:00,,,,,,,1273.0,1273.0,,,0.0,,,0.0
2025-03-11 04:00:00,,,,,,,1273.0,1273.0,,,0.0,,,0.0
2025-03-11 05:00:00,,,,,,,1273.0,1273.0,,,0.0,,,0.0
2025-03-11 06:00:00,,,,,,,1273.0,1273.0,,,0.0,,,0.0
2025-03-11 07:00:00,,,,,,,1533.0,1533.0,,,0.0,,,0.0
2025-03-11 08:00:00,,,,,,,505.0,505.0,,,0.0,,,0.0
2025-03-11 09:00:00,,,,,,,509.0,509.0,,,0.0,,,0.0
2025-03-11 10:00:00,,,,,,,505.0,505.0,,,0.0,,,0.0
2025-03-11 11:00:00,,,,,,,509.0,509.0,,,0.0,,,0.0
2025-03-11 12:00:00,,,,,,,509.0,509.0,,,0.0,,,0.0
2025-03-11 13:00:00,,,,,,,509.0,509.0,,,0.0,,,0.0
2025-03-11 14:00:00,,,,,,,509.0,509.0,,,0.0,,,0.0
2025-03-11 15:00:00,,,,,,,509.0,509.0,,,0.0,,,0.0
2025-03-11 16:00:00,,,,,,,509.0,509.0,,,0.0,,,0.0
2025-03-11 17:00:00,,,,,,,1533.0,1533.0,,,0.0,,,0.0
2025-03-11 18:00:00,,,,,,,1273.0,1273.0,,,0.0,,,0.0
2025-03-11 19:00:00,,,,,,,1273.0,1273.0,,,0.0,,,0.0
2025-03-11 20:00:00,,,,,,,1533.0,1533.0,,,0.0,,,0.0
2025-03-11 21:00:00,,,,,,,1273.0,1273.0,,,0.0,,,0.0
2025-03-11 22:00:00,,,,,,,1273.0,1273.0,,,0.0,,,0.0
2025-03-11 23:00:00,,,,,,,1273.0,1273.0,,,0.0,,,0.0
2025-03-12 00:00:00,,,,,,,1529.0,1529.0,,,0.0,,,0.0
2025-03-12 01:00:00,,,,,,,1533.0,1533.0,,,0.0,,,0.0
2025-03-12 02:00:00,,,,,,,1533.0,1533.0,,,0.0,,,0.0
2025-03-12 03:00:00,,,,,,,1529.0,1529.0,,,0.0,,,0.0
2025-03-12 04:00:00,,,,,,,1533.0,1533.0,,,0.0,,,0.0
2025-03-12 05:00:00,,,,,,,1533.0,1533.0,,,0.0,,,0.0
2025-03-12 06:00:00,,,,,,,1533.0,1533.0,,,0.0,,,0.0
2025-03-12 07:00:00,,,,,,,1533.0,1533.0,,,0.0,,,0.0
2025-03-12 08:00:00,,,,,,,509.0,509.0,,,0.0,,,0.0
2025-03-12 09:00:00,,,,,,,509.0,509.0,,,0.0,,,0.0
2025-03-12 10:00:00,,,,,,,509.0,509.0,,,0.0,,,0.0
2025-03-12 11:00:00,,,,,,,509.0,509.0,,,0.0,,,0.0
2025-03-12 12:00:00,,,,,,,509.0,509.0,,,0.0,,,0.0
2025-03-12 13:00:00,,,,,,,509.0,509.0,,,0.0,,,0.0
2025-03-12 14:00:00,,,,,,,509.0,509.0,,,0.0,,,0.0
2025-03-12 15:00:00,,,,,,,509.0,509.0,,,0.0,,,0.0
2025-03-12 16:00:00,,,,,,,509.0,509.0,,,0.0,,,0.0
2025-03-12 17:00:00,,,,,,,1533.0,1533.0,,,0.0,,,0.0
2025-03-12 18:00:00,,,,,,,1533.0,1533.0,,,0.0,,,0.0
2025-03-12 19:00:00,,,,,,,1533.0,1533.0,,,0.0,,,0.0
2025-03-12 20:00:00,,,,,,,1533.0,1533.0,,,0.0,,,0.0
2025-03-12 21:00:00,,,,,,,1273.0,1273.0,,,0.0,,,0.0
2025-03-12 22:00:00,,,,,,,1533.0,1533.0,,,0.0,,,0.0
2025-03-12 23:00:00,,,,,,,1273.0,1273.0,,,0.0,,,0.0
2025-03-13 00:00:00,,,,,,,1529.0,1529.0,,,0.0,,,0.0
2025-03-13 01:00:00,,,,,,,1273.0,1273.0,,,0.0,,,0.0
2025-03-13 02:00:00,,,,,,,1273.0,1273.0,,,0.0,,,0.0
2025-03-13 03:00:00,,,,,,,1273.0,1273.0,,,0.0,,,0.0
2025-03-13 04:00:00,,,,,,,1273.0,1273.0,,,0.0,,,0.0
2025-03-13 05:00:00,,,,,,,1273.0,1273.0,,,0.0,,,0.0
2025-03-13 06:00:00,,,,,,,1273.0,1273.0,,,0.0,,,0.0
2025-03-13 07:00:00,,,,,,,1533.0,1533.0,,,0.0,,,0.0
2025-03-13 08:00:00,,,,,,,509.0,509.0,,,0.0,,,0.0
2025-03-13 09:00:00,,,,,,,509.0,509.0,,,0.0,,,0.0
2025-03-13 10:00:00,,,,,,,509.0,509.0,,,0.0,,,0.0
2025-03-13 11:00:00,,,,,,,509.0,509.0,,,0.0,,,0.0
2025-03-13 12:00:00,,,,,,,509.0,509.0,,,0.0,,,0.0
2025-03-13 13:00:00,,,,,,,509.0,509.0,,,0.0,,,0.0
2025-03-13 14:00:00,,,,,,,509.0,509.0,,,0.0,,,0.0
2025-03-13 15:00:00,,,,,,,509.0,509.0,,,0.0,,,0.0
2025-03-13 16:00:00,,,,,,,509.0,509.0,,,0.0,,,0.0
2025-03-13 17:00:00,,,,,,,1533.0,1533.0,,,0.0,,,0.0
2025-03-13 18:00:00,,,,,,,1273.0,1273.0,,,0.0,,,0.0
2025-03-13 19:00:00,,,,,,,1273.0,1273.0,,,0.0,,,0.0
2025-03-13 20:00:00,,,,,,,1273.0,1273.0,,,0.0,,,0.0
2025-03-13 21:00:00,,,,,,,1533.0,1533.0,,,0.0,,,0.0
2025-03-13 22:00:00,,,,,,,1273.0,1273.0,,,0.0,,,0.0
2025-03-13 23:00:00,,,,,,,1273.0,1273.0,,,0.0,,,0.0
2025-03-14 00:00:00,,,,,,,1273.0,1273.0,,,0.0,,,0.0
2025-03-14 01:00:00,,,,,,,1273.0,1273.0,,,0.0,,,0.0
2025-03-14 02:00:00,,,,,,,1273.0,1273.0,,,0.0,,,0.0
2025-03-14 03:00:00,,,,,,,1273.0,1273.0,,,0.0,,,0.0
2025-03-14 04:00:00,,,,,,,1273.0,1273.0,,,0.0,,,0.0
2025-03-14 05:00:00,,,,,,,1273.0,1273.0,,,0.0,,,0.0
2025-03-14 06:00:00,,,,,,,1273.0,1273.0,,,0.0,,,0.0
2025-03-14 07:00:00,,,,,,,1533.0,1533.0,,,0.0,,,0.0
2025-03-14 08:00:00,,,,,,,509.0,509.0,,,0.0,,,0.0
2025-03-14 09:00:00,,,,,,,509.0,509.0,,,0.0,,,0.0
2025-03-14 10:00:00,,,,,,,505.0,505.0,,,0.0,,,0.0
2025-03-14 11:00:00,,,,,,,509.0,509.0,,,0.0,,,0.0
2025-03-14 12:00:00,,,,,,,509.0,509.0,,,0.0,,,0.0
2025-03-14 13:00:00,,,,,,,509.0,509.0,,,0.0,,,0.0
2025-03-14 14:00:00,,,,,,,509.0,509.0,,,0.0,,,0.0
2025-03-14 15:00:00,,,,,,,509.0,509.0,,,0.0,,,0.0
2025-03-14 16:00:00,,,,,,,509.0,509.0,,,0.0,,,0.0
2025-03-14 17:00:00,,,,,,,1533.0,1533.0,,,0.0,,,0.0
2025-03-14 18:00:00,,,,,,,1273.0,1273.0,,,0.0,,,0.0
2025-03-14 19:00:00,,,,,,,1273.0,1273.0,,,0.0,,,0.0
2025-03-14 20:00:00,,,,,,,1273.0,1273.0,,,0.0,,,0.0
2025-03-14 21:00:00,,,,,,,1273.0,1273.0,,,0.0,,,0.0
2025-03-14 22:00:00,,,,,,,1273.0,1273.0,,,0.0,,,0.0
2025-03-14 23:00:00,,,,,,,1273.0,1273.0,,,0.0,,,0.0
2025-03-15 00:00:00,,,,,,,1273.0,1273.0,,,0.0,,,0.0
2025-03-15 01:00:00,,,,,,,1273.0,1273.0,,,0.0,,,0.0
2025-03-15 02:00:00,,,,,,,1533.0,1533.0,,,0.0,,,0.0
2025-03-15 03:00:00,,,,,,,1273.0,1273.0,,,0.0,,,0.0
2025-03-15 04:00:00,,,,,,,1273.0,1273.0,,,0.0,,,0.0
2025-03-15 05:00:00,,,,,,,1273.0,1273.0,,,0.0,,,0.0
2025-03-15 06:00:00,,,,,,,1273.0,1273.0,,,0.0,,,0.0
2025-03-15 07:00:00,,,,,,,1533.0,1533.0,,,0.0,,,0.0
2025-03-15 08:00:00,,,,,,,2553.0,2552.0,0.634,0.0,1.0,0.9958999,0.0,1.0
2025-03-15 09:00:00,,,,,,,509.0,509.0,0.6774,0.0,1.0,0.9907,0.0,1.0
2025-03-15 10:00:00,,,,,,,505.0,505.0,,,0.0,,,0.0
2025-03-15 11:00:00,,,,,,,509.0,509.0,,,0.0,,,0.0
2025-03-15 12:00:00,,,,,,,509.0,509.0,,,0.0,,,0.0
2025-03-15 13:00:00,,,,,,,509.0,509.0,,,0.0,,,0.0
2025-03-15 14:00:00,,,,,,,509.0,509.0,,,0.0,,,0.0
2025-03-15 15:00:00,,,,,,,505.0,505.0,,,0.0,,,0.0
2025-03-15 16:00:00,,,,,,,509.0,509.0,,,0.0,,,0.0
2025-03-15 17:00:00,,,,,,,1533.0,1533.0,,,0.0,,,0.0
2025-03-15 18:00:00,,,,,,,1533.0,1533.0,,,0.0,,,0.0
2025-03-15 19:00:00,,,,,,,1533.0,1533.0,,,0.0,,,0.0
2025-03-15 20:00:00,,,,,,,1529.0,1529.0,,,0.0,,,0.0
2025-03-15 21:00:00,,,,,,,1529.0,1529.0,,,0.0,,,0.0
2025-03-15 22:00:00,,,,,,,1533.0,1533.0,,,0.0,,,0.0
2025-03-15 23:00:00,,,,,,,1533.0,1533.0,,,0.0,,,0.0
2025-03-16 00:00:00,,,,,,,1533.0,1533.0,,,0.0,,,0.0
2025-03-16 01:00:00,,,,,,,1273.0,1273.0,,,0.0,,,0.0
2025-03-16 02:00:00,,,,,,,1533.0,1533.0,,,0.0,,,0.0
2025-03-16 03:00:00,,,,,,,1533.0,1533.0,,,0.0,,,0.0
2025-03-16 04:00:00,,,,,,,1529.0,1529.0,,,0.0,,,0.0
2025-03-16 05:00:00,,,,,,,1529.0,1529.0,,,0.0,,,0.0
2025-03-16 06:00:00,,,,,,,1533.0,1533.0,,,0.0,,,0.0
2025-03-16 07:00:00,,,,,,,1533.0,1533.0,,,0.0,,,0.0
2025-03-16 08:00:00,,,,,,,509.0,509.0,,,0.0,,,0.0
2025-03-16 09:00:00,,,,,,,509.0,509.0,,,0.0,,,0.0
2025-03-16 10:00:00,,,,,,,509.0,509.0,,,0.0,,,0.0
2025-03-16 11:00:00,,,,,,,509.0,509.0,1.2126,0.0206,2.0,1.0468,0.0013999939,2.0
2025-03-16 12:00:00,,,,,,,509.0,509.0,,,0.0,,,0.0
2025-03-16 13:00:00,,,,,,,509.0,509.0,,,0.0,,,0.0
2025-03-16 14:00:00,,,,,,,509.0,509.0,,,0.0,,,0.0
2025-03-16 15:00:00,,,,,,,509.0,509.0,,,0.0,,,0.0
2025-03-16 16:00:00,,,,,,,509.0,509.0,,,0.0,,,0.0
2025-03-16 17:00:00,,,,,,,1533.0,1533.0,,,0.0,,,0.0
2025-03-16 18:00:00,,,,,,,1273.0,1273.0,,,0.0,,,0.0
2025-03-16 19:00:00,,,,,,,1273.0,1273.0,,,0.0,,,0.0
2025-03-16 20:00:00,,,,,,,1273.0,1273.0,,,0.0,,,0.0
2025-03-16 21:00:00,,,,,,,1273.0,1273.0,,,0.0,,,0.0
2025-03-16 22:00:00,,,,,,,1273.0,1273.0,,,0.0,,,0.0
2025-03-16 23:00:00,,,,,,,1273.0,1273.0,,,0.0,,,0.0
2025-03-17 00:00:00,,,,,,,1529.0,1529.0,,,0.0,,,0.0
2025-03-17 01:00:00,,,,,,,1533.0,1533.0,,,0.0,,,0.0
2025-03-17 02:00:00,,,,,,,1533.0,1533.0,,,0.0,,,0.0
2025-03-17 03:00:00,,,,,,,1529.0,1529.0,,,0.0,,,0.0
2025-03-17 04:00:00,,,,,,,1273.0,1273.0,,,0.0,,,0.0
2025-03-17 05:00:00,,,,,,,1273.0,1273.0,,,0.0,,,0.0
2025-03-17 06:00:00,,,,,,,1273.0,1273.0,,,0.0,,,0.0
2025-03-17 07:00:00,,,,,,,1529.0,1529.0,,,0.0,,,0.0
2025-03-17 08:00:00,,,,,,,509.0,509.0,,,0.0,,,0.0
2025-03-17 09:00:00,,,,,,,509.0,509.0,,,0.0,,,0.0
2025-03-17 10:00:00,,,,,,,509.0,509.0,,,0.0,,,0.0
2025-03-17 11:00:00,,,,,,,509.0,509.0,,,0.0,,,0.0
2025-03-17 12:00:00,,,,,,,509.0,509.0,,,0.0,,,0.0
2025-03-17 13:00:00,,,,,,,509.0,509.0,,,0.0,,,0.0
2025-03-17 14:00:00,,,,,,,509.0,509.0,,,0.0,,,0.0
2025-03-17 15:00:00,,,,,,,509.0,509.0,,,0.0,,,0.0
2025-03-17 16:00:00,,,,,,,509.0,509.0,,,0.0,,,0.0
2025-03-17 17:00:00,,,,,,,1533.0,1533.0,,,0.0,,,0.0
2025-03-17 18:00:00,,,,,,,1273.0,1273.0,,,0.0,,,0.0
2025-03-17 19:00:00,,,,,,,1273.0,1273.0,,,0.0,,,0.0
2025-03-17 20:00:00,,,,,,,1273.0,1273.0,,,0.0,,,0.0
2025-03-17 21:00:00,,,,,,,1273.0,1273.0,,,0.0,,,0.0
2025-03-17 22:00:00,,,,,,,1273.0,1273.0,,,0.0,,,0.0
2025-03-17 23:00:00,,,,,,,1273.0,1273.0,,,0.0,,,0.0
2025-03-18 00:00:00,,,,,,,1273.0,1273.0,,,0.0,,,0.0
2025-03-18 01:00:00,,,,,,,1273.0,1273.0,,,0.0,,,0.0
2025-03-18 02:00:00,,,,,,,1529.0,1529.0,,,0.0,,,0.0
2025-03-18 03:00:00,,,,,,,1273.0,1273.0,,,0.0,,,0.0
2025-03-18 04:00:00,,,,,,,1533.0,1533.0,,,0.0,,,0.0
2025-03-18 05:00:00,,,,,,,1273.0,1273.0,,,0.0,,,0.0
2025-03-18 06:00:00,,,,,,,1529.0,1529.0,,,0.0,,,0.0
2025-03-18 07:00:00,,,,,,,1533.0,1533.0,,,0.0,,,0.0
2025-03-18 08:00:00,,,,,,,509.0,509.0,,,0.0,,,0.0
2025-03-18 09:00:00,,,,,,,509.0,509.0,1.1938,0.20719999,3.0,1.1499,0.004400015,3.0
2025-03-18 10:00:00,,,,,,,505.0,505.0,,,0.0,,,0.0
2025-03-18 11:00:00,,,,,,,509.0,509.0,,,0.0,,,0.0
2025-03-18 12:00:00,,,,,,,509.0,509.0,,,0.0,,,0.0
2025-03-18 13:00:00,,,,,,,509.0,509.0,,,0.0,,,0.0
2025-03-18 14:00:00,,,,,,,509.0,509.0,,,0.0,,,0.0
2025-03-18 15:00:00,,,,,,,505.0,505.0,,,0.0,,,0.0
2025-03-18 16:00:00,,,,,,,509.0,509.0,,,0.0,,,0.0
2025-03-18 17:00:00,,,,,,,1533.0,1533.0,,,0.0,,,0.0
2025-03-18 18:00:00,,,,,,,1273.0,1273.0,,,0.0,,,0.0
2025-03-18 19:00:00,,,,,,,1273.0,1273.0,,,0.0,,,0.0
2025-03-18 20:00:00,,,,,,,1273.0,1273.0,,,0.0,,,0.0
2025-03-18 21:00:00,,,,,,,1273.0,1273.0,,,0.0,,,0.0
2025-03-18 22:00:00,,,,,,,1273.0,1273.0,,,0.0,,,0.0
2025-03-18 23:00:00,,,,,,,1273.0,1273.0,,,0.0,,,0.0
2025-03-19 00:00:00,,,,,,,1529.0,1529.0,,,0.0,,,0.0
2025-03-19 01:00:00,,,,,,,1529.0,1529.0,,,0.0,,,0.0
2025-03-19 02:00:00,,,,,,,1533.0,1533.0,,,0.0,,,0.0
2025-03-19 03:00:00,,,,,,,1273.0,1273.0,,,0.0,,,0.0
2025-03-19 04:00:00,,,,,,,1533.0,1533.0,,,0.0,,,0.0
2025-03-19 05:00:00,,,,,,,1529.0,1529.0,,,0.0,,,0.0
2025-03-19 06:00:00,,,,,,,1529.0,1529.0,,,0.0,,,0.0
2025-03-19 07:00:00,,,,,,,1533.0,1533.0,,,0.0,,,0.0
2025-03-19 08:00:00,,,,,,,505.0,505.0,,,0.0,,,0.0
2025-03-19 09:00:00,,,,,,,509.0,509.0,,,0.0,,,0.0
2025-03-19 10:00:00,,,,,,,505.0,505.0,,,0.0,,,0.0
2025-03-19 11:00:00,,,,,,,509.0,509.0,1.6718,0.0,1.0,1.0188,0.0,1.0
2025-03-19 12:00:00,,,,,,,509.0,509.0,,,0.0,,,0.0
2025-03-19 13:00:00,,,,,,,509.0,509.0,,,0.0,,,0.0
2025-03-19 14:00:00,,,,,,,509.0,509.0,,,0.0,,,0.0
2025-03-19 15:00:00,,,,,,,505.0,505.0,,,0.0,,,0.0
2025-03-19 16:00:00,,,,,,,509.0,509.0,,,0.0,,,0.0
2025-03-19 17:00:00,,,,,,,1533.0,1533.0,,,0.0,,,0.0
2025-03-19 18:00:00,,,,,,,1273.0,1273.0,,,0.0,,,0.0
2025-03-19 19:00:00,,,,,,,1273.0,1273.0,,,0.0,,,0.0
2025-03-19 20:00:00,,,,,,,1273.0,1273.0,,,0.0,,,0.0
2025-03-19 21:00:00,,,,,,,1273.0,1273.0,,,0.0,,,0.0
2025-03-19 22:00:00,,,,,,,1533.0,1533.0,,,0.0,,,0.0
2025-03-19 23:00:00,,,,,,,1533.0,1533.0,,,0.0,,,0.0
2025-03-20 00:00:00,,,,,,,1533.0,1533.0,,,0.0,,,0.0
2025-03-20 01:00:00,,,,,,,1273.0,1273.0,,,0.0,,,0.0
2025-03-20 02:00:00,,,,,,,1529.0,1529.0,,,0.0,,,0.0
2025-03-20 03:00:00,,,,,,,1273.0,1273.0,,,0.0,,,0.0
2025-03-20 04:00:00,,,,,,,1273.0,1273.0,,,0.0,,,0.0
2025-03-20 05:00:00,,,,,,,1273.0,1273.0,,,0.0,,,0.0
2025-03-20 06:00:00,,,,,,,1273.0,1273.0,,,0.0,,,0.0
2025-03-20 07:00:00,,,,,,,1533.0,1533.0,,,0.0,,,0.0
2025-03-20 08:00:00,,,,,,,509.0,509.0,,,0.0,,,0.0
2025-03-20 09:00:00,,,,,,,249.0,249.0,,,0.0,,,0.0
2025-03-20 10:00:00,,,,,,,505.0,505.0,,,0.0,,,0.0
2025-03-20 11:00:00,,,,,,,249.0,249.0,,,0.0,,,0.0
2025-03-20 12:00:00,,,,,,,249.0,249.0,,,0.0,,,0.0
2025-03-20 13:00:00,,,,,,,249.0,249.0,,,0.0,,,0.0
2025-03-20 14:00:00,,,,,,,505.0,505.0,,,0.0,,,0.0
2025-03-20 15:00:00,,,,,,,509.0,509.0,,,0.0,,,0.0
2025-03-20 16:00:00,,,,,,,509.0,509.0,,,0.0,,,0.0
2025-03-20 17:00:00,,,,,,,1533.0,1533.0,,,0.0,,,0.0
2025-03-20 18:00:00,,,,,,,1273.0,1273.0,,,0.0,,,0.0
2025-03-20 19:00:00,,,,,,,1273.0,1273.0,,,0.0,,,0.0
2025-03-20 20:00:00,,,,,,,1273.0,1273.0,,,0.0,,,0.0
2025-03-20 21:00:00,,,,,,,1533.0,1533.0,,,0.0,,,0.0
2025-03-20 22:00:00,,,,,,,1529.0,1529.0,,,0.0,,,0.0
2025-03-20 23:00:00,,,,,,,1533.0,1533.0,,,0.0,,,0.0
2025-03-21 00:00:00,,,,,,,1533.0,1533.0,,,0.0,,,0.0
2025-03-21 01:00:00,,,,,,,1273.0,1273.0,,,0.0,,,0.0
2025-03-21 02:00:00,,,,,,,1273.0,1273.0,,,0.0,,,0.0
2025-03-21 03:00:00,,,,,,,1273.0,1273.0,,,0.0,,,0.0
2025-03-21 04:00:00,,,,,,,1273.0,1273.0,,,0.0,,,0.0
2025-03-21 05:00:00,,,,,,,1529.0,1529.0,,,0.0,,,0.0
2025-03-21 06:00:00,,,,,,,1529.0,1529.0,,,0.0,,,0.0
2025-03-21 07:00:00,,,,,,,1533.0,1533.0,,,0.0,,,0.0
2025-03-21 08:00:00,,,,,,,505.0,505.0,,,0.0,,,0.0
2025-03-21 09:00:00,,,,,,,249.0,249.0,,,0.0,,,0.0
2025-03-21 10:00:00,,,,,,,505.0,505.0,,,0.0,,,0.0
2025-03-21 11:00:00,,,,,,,249.0,249.0,1.0432,0.0047999998,2.0,1.1869999,0.0009999871,2.0
2025-03-21 12:00:00,,,,,,,249.0,249.0,,,0.0,,,0.0
2025-03-21 13:00:00,,,,,,,249.0,249.0,,,0.0,,,0.0
2025-03-21 14:00:00,,,,,,,249.0,249.0,,,0.0,,,0.0
2025-03-21 15:00:00,,,,,,,505.0,505.0,,,0.0,,,0.0
2025-03-21 16:00:00,,,,,,,509.0,509.0,,,0.0,,,0.0
2025-03-21 17:00:00,,,,,,,1533.0,1533.0,,,0.0,,,0.0
2025-03-21 18:00:00,,,,,,,1529.0,1529.0,,,0.0,,,0.0
2025-03-21 19:00:00,,,,,,,1273.0,1273.0,,,0.0,,,0.0
2025-03-21 20:00:00,,,,,,,1529.0,1529.0,,,0.0,,,0.0
2025-03-21 21:00:00,,,,,,,1273.0,1273.0,,,0.0,,,0.0
2025-03-21 22:00:00,,,,,,,1273.0,1273.0,,,0.0,,,0.0
2025-03-21 23:00:00,,,,,,,1273.0,1273.0,,,0.0,,,0.0
2025-03-22 00:00:00,,,,,,,1273.0,1273.0,,,0.0,,,0.0
2025-03-22 01:00:00,,,,,,,1273.0,1273.0,,,0.0,,,0.0
2025-03-22 02:00:00,,,,,,,1273.0,1273.0,,,0.0,,,0.0
2025-03-22 03:00:00,,,,,,,1273.0,1273.0,,,0.0,,,0.0
2025-03-22 04:00:00,,,,,,,1273.0,1273.0,,,0.0,,,0.0
2025-03-22 05:00:00,,,,,,,1273.0,1273.0,,,0.0,,,0.0
2025-03-22 06:00:00,,,,,,,1273.0,1273.0,,,0.0,,,0.0
2025-03-22 07:00:00,,,,,,,1533.0,1533.0,,,0.0,,,0.0
2025-03-22 08:00:00,,,,,,,505.0,505.0,,,0.0,,,0.0
2025-03-22 09:00:00,,,,,,,249.0,249.0,,,0.0,,,0.0
2025-03-22 10:00:00,,,,,,,505.0,505.0,,,0.0,,,0.0
2025-03-22 11:00:00,,,,,,,249.0,249.0,,,0.0,,,0.0
2025-03-22 12:00:00,,,,,,,249.0,249.0,,,0.0,,,0.0
2025-03-22 13:00:00,,,,,,,249.0,249.0,,,0.0,,,0.0
2025-03-22 14:00:00,,,,,,,249.0,249.0,,,0.0,,,0.0
2025-03-22 15:00:00,,,,,,,505.0,505.0,,,0.0,,,0.0
2025-03-22 16:00:00,,,,,,,509.0,509.0,,,0.0,,,0.0
2025-03-22 17:00:00,,,,,,,1533.0,1533.0,,,0.0,,,0.0
2025-03-22 18:00:00,,,,,,,1273.0,1273.0,,,0.0,,,0.0
2025-03-22 19:00:00,,,,,,,1273.0,1273.0,,,0.0,,,0.0
2025-03-22 20:00:00,,,,,,,1273.0,1273.0,,,0.0,,,0.0
2025-03-22 21:00:00,,,,,,,1273.0,1273.0,,,0.0,,,0.0
2025-03-22 22:00:00,,,,,,,1273.0,1273.0,,,0.0,,,0.0
2025-03-22 23:00:00,,,,,,,1273.0,1273.0,,,0.0,,,0.0
2025-03-23 00:00:00,,,,,,,1273.0,1273.0,,,0.0,,,0.0
2025-03-23 01:00:00,,,,,,,1273.0,1273.0,,,0.0,,,0.0
2025-03-23 02:00:00,,,,,,,1273.0,1273.0,,,0.0,,,0.0
2025-03-23 03:00:00,,,,,,,1273.0,1273.0,,,0.0,,,0.0
2025-03-23 04:00:00,,,,,,,1273.0,1273.0,,,0.0,,,0.0
2025-03-23 05:00:00,,,,,,,1273.0,1273.0,,,0.0,,,0.0
2025-03-23 06:00:00,,,,,,,1273.0,1273.0,,,0.0,,,0.0
2025-03-23 07:00:00,,,,,,,1533.0,1533.0,,,0.0,,,0.0
2025-03-23 08:00:00,,,,,,,509.0,509.0,,,0.0,,,0.0
2025-03-23 09:00:00,,,,,,,505.0,504.0,1.058,0.1954,4.0,1.2308999,0.00879997,4.0
2025-03-23 10:00:00,,,,,,,509.0,509.0,1.3357999,0.0039999997,2.0,1.2227,0.0,2.0
2025-03-23 11:00:00,,,,,,,249.0,249.0,0.9942,0.033999998,5.0,1.1874,0.0076000094,5.0
2025-03-23 12:00:00,,,,,,,505.0,505.0,,,0.0,,,0.0
2025-03-23 13:00:00,,,,,,,249.0,249.0,,,0.0,,,0.0
2025-03-23 14:00:00,,,,,,,505.0,505.0,,,0.0,,,0.0
2025-03-23 15:00:00,,,,,,,505.0,505.0,,,0.0,,,0.0
2025-03-23 16:00:00,,,,,,,509.0,509.0,0.4348,0.257,5.0,1.1906999,0.015599966,5.0
2025-03-23 17:00:00,,,,,,,1533.0,1533.0,,,0.0,,,0.0
2025-03-23 18:00:00,,,,,,,1273.0,1273.0,,,0.0,,,0.0
2025-03-23 19:00:00,,,,,,,1273.0,1273.0,,,0.0,,,0.0
2025-03-23 20:00:00,,,,,,,1273.0,1273.0,,,0.0,,,0.0
2025-03-23 21:00:00,,,,,,,1273.0,1273.0,,,0.0,,,0.0
2025-03-23 22:00:00,,,,,,,1273.0,1273.0,,,0.0,,,0.0
2025-03-23 23:00:00,,,,,,,1273.0,1273.0,,,0.0,,,0.0
2025-03-24 00:00:00,,,,,,,1273.0,1273.0,,,0.0,,,0.0
2025-03-24 01:00:00,,,,,,,1273.0,1273.0,,,0.0,,,0.0
2025-03-24 02:00:00,,,,,,,1273.0,1273.0,,,0.0,,,0.0
2025-03-24 03:00:00,,,,,,,1273.0,1273.0,,,0.0,,,0.0
2025-03-24 04:00:00,,,,,,,1273.0,1273.0,,,0.0,,,0.0
2025-03-24 05:00:00,,,,,,,1273.0,1273.0,,,0.0,,,0.0
2025-03-24 06:00:00,,,,,,,1273.0,1273.0,,,0.0,,,0.0
2025-03-24 07:00:00,,,,,,,1533.0,1533.0,,,0.0,,,0.0
2025-03-24 08:00:00,,,,,,,505.0,505.0,,,0.0,,,0.0
2025-03-24 09:00:00,,,,,,,2297.0,2296.0,1.2278,0.0,1.0,1.1661999,0.0,1.0
2025-03-24 10:00:00,,,,,,,2297.0,2296.0,1.2955999,0.1292,6.0,1.1671,0.003099978,6.0
2025-03-24 11:00:00,,,,,,,249.0,249.0,1.625,0.0234,5.0,1.1516999,0.00879997,5.0
2025-03-24 12:00:00,,,,,,,249.0,249.0,,,0.0,,,0.0
2025-03-24 13:00:00,,,,,,,249.0,249.0,,,0.0,,,0.0
2025-03-24 14:00:00,,,,,,,509.0,509.0,,,0.0,,,0.0
2025-03-24 15:00:00,,,,,,,505.0,505.0,,,0.0,,,0.0
2025-03-24 16:00:00,,,,,,,509.0,509.0,0.6562,0.2566,4.0,1.2095,0.013199985,4.0
2025-03-24 17:00:00,,,,,,,1533.0,1533.0,,,0.0,,,0.0
2025-03-24 18:00:00,,,,,,,1273.0,1273.0,,,0.0,,,0.0
2025-03-24 19:00:00,,,,,,,1273.0,1273.0,,,0.0,,,0.0
2025-03-24 20:00:00,,,,,,,1273.0,1273.0,,,0.0,,,0.0
2025-03-24 21:00:00,,,,,,,1273.0,1273.0,,,0.0,,,0.0
2025-03-24 22:00:00,,,,,,,1273.0,1273.0,,,0.0,,,0.0
2025-03-24 23:00:00,,,,,,,1273.0,1273.0,,,0.0,,,0.0
2025-03-25 00:00:00,,,,,,,1273.0,1273.0,,,0.0,,,0.0
2025-03-25 01:00:00,,,,,,,1273.0,1273.0,,,0.0,,,0.0
2025-03-25 02:00:00,,,,,,,1273.0,1273.0,,,0.0,,,0.0
2025-03-25 03:00:00,,,,,,,1273.0,1273.0,,,0.0,,,0.0
2025-03-25 04:00:00,,,,,,,1273.0,1273.0,,,0.0,,,0.0
2025-03-25 05:00:00,,,,,,,1273.0,1273.0,,,0.0,,,0.0
2025-03-25 06:00:00,,,,,,,1273.0,1273.0,,,0.0,,,0.0
2025-03-25 07:00:00,,,,,,,1273.0,1273.0,,,0.0,,,0.0
2025-03-25 08:00:00,,,,,,,2297.0,2296.0,1.4654,0.0,1.0,1.1811999,0.0,1.0
2025-03-25 09:00:00,,,,,,,505.0,504.0,1.288,0.1786,5.0,1.1797999,0.0069000125,5.0
2025-03-25 10:00:00,,,,,,,509.0,509.0,1.4942,0.0,1.0,1.1875,0.0,1.0
2025-03-25 11:00:00,,,,,,,505.0,505.0,,,0.0,,,0.0
2025-03-25 12:00:00,,,,,,,509.0,509.0,1.5586,0.3178,2.0,1.1636,0.003099978,2.0
2025-03-25 13:00:00,,,,,,,505.0,505.0,3.2382,0.5132,3.0,0.8866,0.069000006,3.0
2025-03-25 14:00:00,,,,,,,509.0,509.0,,,0.0,,,0.0
2025-03-25 15:00:00,,,,,,,2553.0,2552.0,0.8214,0.0,1.0,1.2105999,0.0,1.0
2025-03-25 16:00:00,,,,,,,509.0,509.0,0.4484,0.0536,5.0,1.2224,0.011500001,5.0
2025-03-25 17:00:00,,,,,,,1533.0,1533.0,,,0.0,,,0.0
2025-03-25 18:00:00,,,,,,,1273.0,1273.0,,,0.0,,,0.0
2025-03-25 19:00:00,,,,,,,1273.0,1273.0,,,0.0,,,0.0
2025-03-25 20:00:00,,,,,,,1529.0,1529.0,,,0.0,,,0.0
2025-03-25 21:00:00,,,,,,,1533.0,1533.0,,,0.0,,,0.0
2025-03-25 22:00:00,,,,,,,1533.0,1533.0,,,0.0,,,0.0
2025-03-25 23:00:00,,,,,,,1533.0,1533.0,,,0.0,,,0.0
2025-03-26 00:00:00,,,,,,,1273.0,1273.0,,,0.0,,,0.0
2025-03-26 01:00:00,,,,,,,1533.0,1533.0,,,0.0,,,0.0
2025-03-26 02:00:00,,,,,,,1273.0,1273.0,,,0.0,,,0.0
2025-03-26 03:00:00,,,,,,,1273.0,1273.0,,,0.0,,,0.0
2025-03-26 04:00:00,,,,,,,1273.0,1273.0,,,0.0,,,0.0
2025-03-26 05:00:00,,,,,,,1273.0,1273.0,,,0.0,,,0.0
2025-03-26 06:00:00,,,,,,,1273.0,1273.0,,,0.0,,,0.0
2025-03-26 07:00:00,,,,,,,1273.0,1273.0,,,0.0,,,0.0
2025-03-26 08:00:00,,,,,,,2297.0,2296.0,0.7528,0.0,1.0,1.2018,0.0,1.0
2025-03-26 09:00:00,,,,,,,509.0,509.0,0.8016,0.039,5.0,1.2035999,0.0013999939,5.0
2025-03-26 10:00:00,,,,,,,509.0,509.0,,,0.0,,,0.0
2025-03-26 11:00:00,,,,,,,249.0,249.0,,,0.0,,,0.0
2025-03-26 12:00:00,,,,,,,2553.0,2552.0,0.0288,0.0,1.0,1.2864,0.0,1.0
2025-03-26 13:00:00,,,,,,,509.0,509.0,0.0512,0.058799997,5.0,1.2594,0.021200001,5.0
2025-03-26 14:00:00,,,,,,,509.0,509.0,,,0.0,,,0.0
2025-03-26 15:00:00,,,,,,,505.0,504.0,2.7774,0.0,1.0,0.5008,0.0,1.0
2025-03-26 16:00:00,,,,,,,509.0,509.0,,,0.0,,,0.0
2025-03-26 17:00:00,,,,,,,1529.0,1529.0,,,0.0,,,0.0
2025-03-26 18:00:00,,,,,,,1273.0,1273.0,,,0.0,,,0.0
2025-03-26 19:00:00,,,,,,,1533.0,1533.0,,,0.0,,,0.0
2025-03-26 20:00:00,,,,,,,1529.0,1529.0,,,0.0,,,0.0
2025-03-26 21:00:00,,,,,,,1529.0,1529.0,,,0.0,,,0.0
2025-03-26 22:00:00,,,,,,,1533.0,1533.0,,,0.0,,,0.0
2025-03-26 23:00:00,,,,,,,1533.0,1533.0,,,0.0,,,0.0
2025-03-27 00:00:00,,,,,,,1533.0,1533.0,,,0.0,,,0.0
2025-03-27 01:00:00,,,,,,,1273.0,1273.0,,,0.0,,,0.0
2025-03-27 02:00:00,,,,,,,1273.0,1273.0,,,0.0,,,0.0
2025-03-27 03:00:00,,,,,,,1533.0,1533.0,,,0.0,,,0.0
2025-03-27 04:00:00,,,,,,,1273.0,1273.0,,,0.0,,,0.0
2025-03-27 05:00:00,,,,,,,1273.0,1273.0,,,0.0,,,0.0
2025-03-27 06:00:00,,,,,,,1273.0,1273.0,,,0.0,,,0.0
2025-03-27 07:00:00,,,,,,,1533.0,1533.0,,,0.0,,,0.0
2025-03-27 08:00:00,,,,,,,2553.0,2552.0,0.9174,0.0,1.0,1.2246,0.0,1.0
2025-03-27 09:00:00,,,,,,,509.0,509.0,1.0388,0.0744,2.0,1.2231,0.0019999743,2.0
2025-03-27 10:00:00,,,,,,,509.0,509.0,,,0.0,,,0.0
2025-03-27 11:00:00,,,,,,,509.0,509.0,,,0.0,,,0.0
2025-03-27 12:00:00,,,,,,,505.0,505.0,,,0.0,,,0.0
2025-03-27 13:00:00,,,,,,,509.0,509.0,,,0.0,,,0.0
2025-03-27 14:00:00,,,,,,,509.0,509.0,,,0.0,,,0.0
2025-03-27 15:00:00,,,,,,,509.0,509.0,,,0.0,,,0.0
2025-03-27 16:00:00,,,,,,,509.0,509.0,,,0.0,,,0.0
2025-03-27 17:00:00,,,,,,,1533.0,1533.0,,,0.0,,,0.0
2025-03-27 18:00:00,,,,,,,1273.0,1273.0,,,0.0,,,0.0
2025-03-27 19:00:00,,,,,,,1273.0,1273.0,,,0.0,,,0.0
2025-03-27 20:00:00,,,,,,,1273.0,1273.0,,,0.0,,,0.0
2025-03-27 21:00:00,,,,,,,1273.0,1273.0,,,0.0,,,0.0
2025-03-27 22:00:00,,,,,,,1273.0,1273.0,,,0.0,,,0.0
2025-03-27 23:00:00,,,,,,,1273.0,1273.0,,,0.0,,,0.0
2025-03-28 00:00:00,,,,,,,1273.0,1273.0,,,0.0,,,0.0
2025-03-28 01:00:00,,,,,,,1273.0,1273.0,,,0.0,,,0.0
2025-03-28 02:00:00,,,,,,,1273.0,1273.0,,,0.0,,,0.0
2025-03-28 03:00:00,,,,,,,1273.0,1273.0,,,0.0,,,0.0
2025-03-28 04:00:00,,,,,,,1273.0,1273.0,,,0.0,,,0.0
2025-03-28 05:00:00,,,,,,,1273.0,1273.0,,,0.0,,,0.0
2025-03-28 06:00:00,,,,,,,1273.0,1273.0,,,0.0,,,0.0
2025-03-28 07:00:00,,,,,,,1529.0,1529.0,,,0.0,,,0.0
2025-03-28 08:00:00,,,,,,,2297.0,2296.0,1.8068,0.0,1.0,0.923,0.0,1.0
2025-03-28 09:00:00,,,,,,,505.0,504.0,1.7803999,0.1686,5.0,0.8981999,0.050199986,5.0
2025-03-28 10:00:00,,,,,,,509.0,509.0,1.7379999,0.043399997,2.0,0.8182,0.009599984,2.0
2025-03-28 11:00:00,,,,,,,249.0,249.0,,,0.0,,,0.0
2025-03-28 12:00:00,,,,,,,509.0,509.0,0.4402,0.13859999,2.0,1.0137,0.0048999786,2.0
2025-03-28 13:00:00,,,,,,,505.0,505.0,2.3504,0.059,4.0,0.6136999,0.03999996,4.0
2025-03-28 14:00:00,,,,,,,509.0,509.0,,,0.0,,,0.0
2025-03-28 15:00:00,,,,,,,505.0,504.0,2.7918,0.0,1.0,0.343,0.0,1.0
2025-03-28 16:00:00,,,,,,,509.0,509.0,2.8148,0.0,1.0,0.5374,0.0,1.0
2025-03-28 17:00:00,,,,,,,1533.0,1533.0,,,0.0,,,0.0
2025-03-28 18:00:00,,,,,,,1273.0,1273.0,,,0.0,,,0.0
2025-03-28 19:00:00,,,,,,,1273.0,1273.0,,,0.0,,,0.0
2025-03-28 20:00:00,,,,,,,1273.0,1273.0,,,0.0,,,0.0
2025-03-28 21:00:00,,,,,,,1533.0,1533.0,,,0.0,,,0.0
2025-03-28 22:00:00,,,,,,,1273.0,1273.0,,,0.0,,,0.0
2025-03-28 23:00:00,,,,,,,1273.0,1273.0,,,0.0,,,0.0
2025-03-29 00:00:00,,,,,,,1273.0,1273.0,,,0.0,,,0.0
2025-03-29 01:00:00,,,,,,,1273.0,1273.0,,,0.0,,,0.0
2025-03-29 02:00:00,,,,,,,1529.0,1529.0,,,0.0,,,0.0
2025-03-29 03:00:00,,,,,,,1529.0,1529.0,,,0.0,,,0.0
2025-03-29 04:00:00,,,,,,,1533.0,1533.0,,,0.0,,,0.0
2025-03-29 05:00:00,,,,,,,1529.0,1529.0,,,0.0,,,0.0
2025-03-29 06:00:00,,,,,,,1273.0,1273.0,,,0.0,,,0.0
2025-03-29 07:00:00,,,,,,,1533.0,1533.0,,,0.0,,,0.0
2025-03-29 08:00:00,,,,,,,509.0,509.0,,,0.0,,,0.0
2025-03-29 09:00:00,,,,,,,509.0,509.0,,,0.0,,,0.0
2025-03-29 10:00:00,,,,,,,509.0,509.0,,,0.0,,,0.0
2025-03-29 11:00:00,,,,,,,509.0,509.0,,,0.0,,,0.0
2025-03-29 12:00:00,,,,,,,509.0,509.0,,,0.0,,,0.0
2025-03-29 13:00:00,,,,,,,509.0,509.0,,,0.0,,,0.0
2025-03-29 14:00:00,,,,,,,509.0,509.0,,,0.0,,,0.0
2025-03-29 15:00:00,,,,,,,509.0,509.0,,,0.0,,,0.0
2025-03-29 16:00:00,,,,,,,509.0,509.0,,,0.0,,,0.0
2025-03-29 17:00:00,,,,,,,1533.0,1533.0,,,0.0,,,0.0
2025-03-29 18:00:00,,,,,,,1273.0,1273.0,,,0.0,,,0.0
2025-03-29 19:00:00,,,,,,,1273.0,1273.0,,,0.0,,,0.0
2025-03-29 20:00:00,,,,,,,1273.0,1273.0,,,0.0,,,0.0
2025-03-29 21:00:00,,,,,,,1533.0,1533.0,,,0.0,,,0.0
2025-03-29 22:00:00,,,,,,,1533.0,1533.0,,,0.0,,,0.0
2025-03-29 23:00:00,,,,,,,1533.0,1533.0,,,0.0,,,0.0
2025-03-30 00:00:00,,,,,,,1529.0,1529.0,,,0.0,,,0.0
2025-03-30 01:00:00,,,,,,,1533.0,1533.0,,,0.0,,,0.0
2025-03-30 02:00:00,,,,,,,1529.0,1529.0,,,0.0,,,0.0
2025-03-30 03:00:00,,,,,,,1533.0,1533.0,,,0.0,,,0.0
2025-03-30 04:00:00,,,,,,,1529.0,1529.0,,,0.0,,,0.0
2025-03-30 05:00:00,,,,,,,1529.0,1529.0,,,0.0,,,0.0
2025-03-30 06:00:00,,,,,,,1273.0,1273.0,,,0.0,,,0.0
2025-03-30 07:00:00,,,,,,,1533.0,1533.0,,,0.0,,,0.0
2025-03-30 08:00:00,,,,,,,2553.0,2552.0,1.1632,0.0,1.0,0.9706,0.0,1.0
2025-03-30 09:00:00,,,,,,,509.0,509.0,1.3471999,0.0288,4.0,0.9863,0.0048999786,4.0
2025-03-30 10:00:00,,,,,,,509.0,509.0,,,0.0,,,0.0
2025-03-30 11:00:00,,,,,,,505.0,505.0,,,0.0,,,0.0
2025-03-30 12:00:00,,,,,,,2553.0,2552.0,1.5862,0.0,1.0,0.9971,0.0,1.0
2025-03-30 13:00:00,,,,,,,509.0,509.0,1.684,0.0,1.0,0.9828999,0.0,1.0
2025-03-30 14:00:00,,,,,,,509.0,509.0,,,0.0,,,0.0
2025-03-30 15:00:00,,,,,,,509.0,509.0,,,0.0,,,0.0
2025-03-30 16:00:00,,,,,,,509.0,509.0,,,0.0,,,0.0
2025-03-30 17:00:00,,,,,,,1533.0,1533.0,,,0.0,,,0.0
2025-03-30 18:00:00,,,,,,,1273.0,1273.0,,,0.0,,,0.0
2025-03-30 19:00:00,,,,,,,1273.0,1273.0,,,0.0,,,0.0
2025-03-30 20:00:00,,,,,,,1273.0,1273.0,,,0.0,,,0.0
2025-03-30 21:00:00,,,,,,,1273.0,1273.0,,,0.0,,,0.0
2025-03-30 22:00:00,,,,,,,1273.0,1273.0,,,0.0,,,0.0
2025-03-30 23:00:00,,,,,,,1529.0,1529.0,,,0.0,,,0.0
2025-03-31 00:00:00,,,,,,,1273.0,1273.0,,,0.0,,,0.0
2025-03-31 01:00:00,,,,,,,1273.0,1273.0,,,0.0,,,0.0
2025-03-31 02:00:00,,,,,,,1273.0,1273.0,,,0.0,,,0.0
2025-03-31 03:00:00,,,,,,,1273.0,1273.0,,,0.0,,,0.0
2025-03-31 04:00:00,,,,,,,1273.0,1273.0,,,0.0,,,0.0
2025-03-31 05:00:00,,,,,,,1273.0,1273.0,,,0.0,,,0.0
2025-03-31 06:00:00,,,,,,,1273.0,1273.0,,,0.0,,,0.0
2025-03-31 07:00:00,,,,,,,1529.0,1529.0,,,0.0,,,0.0
2025-03-31 08:00:00,,,,,,,509.0,509.0,1.6918,0.0,1.0,0.9836,0.0,1.0
2025-03-31 09:00:00,,,,,,,509.0,509.0,2.0132,0.0,1.0,1.0124999,0.0,1.0
2025-03-31 10:00:00,,,,,,,509.0,509.0,,,0.0,,,0.0
2025-03-31 11:00:00,,,,,,,509.0,509.0,,,0.0,,,0.0
2025-03-31 12:00:00,,,,,,,509.0,509.0,,,0.0,,,0.0
2025-03-31 13:00:00,,,,,,,509.0,509.0,,,0.0,,,0.0
2025-03-31 14:00:00,,,,,,,509.0,509.0,,,0.0,,,0.0
2025-03-31 15:00:00,,,,,,,509.0,509.0,,,0.0,,,0.0
2025-03-31 16:00:00,,,,,,,2553.0,2552.0,1.1918,0.0,1.0,1.1645,0.0,1.0
2025-03-31 17:00:00,,,,,,,1533.0,1533.0,,,0.0,,,0.0
2025-03-31 18:00:00,,,,,,,1529.0,1529.0,,,0.0,,,0.0
2025-03-31 19:00:00,,,,,,,1273.0,1273.0,,,0.0,,,0.0
2025-03-31 20:00:00,,,,,,,1273.0,1273.0,,,0.0,,,0.0
2025-03-31 21:00:00,,,,,,,1273.0,1273.0,,,0.0,,,0.0
2025-03-31 22:00:00,,,,,,,1273.0,1273.0,,,0.0,,,0.0
2025-03-31 23:00:00,,,,,,,1273.0,1273.0,,,0.0,,,0.0
2025-04-01 00:00:00,,,,,,,1273.0,1273.0,,,0.0,,,0.0
2025-04-01 01:00:00,,,,,,,1273.0,1273.0,,,0.0,,,0.0
2025-04-01 02:00:00,,,,,,,1529.0,1529.0,,,0.0,,,0.0
2025-04-01 03:00:00,,,,,,,1273.0,1273.0,,,0.0,,,0.0
2025-04-01 04:00:00,,,,,,,1529.0,1529.0,,,0.0,,,0.0
2025-04-01 05:00:00,,,,,,,1529.0,1529.0,,,0.0,,,0.0
2025-04-01 06:00:00,,,,,,,1273.0,1273.0,,,0.0,,,0.0
2025-04-01 07:00:00,,,,,,,1529.0,1529.0,,,0.0,,,0.0
2025-04-01 08:00:00,,,,,,,509.0,509.0,1.5884,0.0,1.0,1.0302,0.0,1.0
2025-04-01 09:00:00,,,,,,,509.0,509.0,,,0.0,,,0.0
2025-04-01 10:00:00,,,,,,,509.0,509.0,,,0.0,,,0.0
2025-04-01 11:00:00,,,,,,,509.0,509.0,1.4815999,0.010799999,2.0,1.0974,0.0011000037,2.0
2025-04-01 12:00:00,,,,,,,509.0,509.0,1.1106,0.0558,3.0,1.1006999,0.005800009,3.0
2025-04-01 13:00:00,,,,,,,505.0,505.0,1.7176,0.0,1.0,1.1323999,0.0,1.0
2025-04-01 14:00:00,,,,,,,505.0,504.0,1.2048,0.0,1.0,1.1236999,0.0,1.0
2025-04-01 15:00:00,,,,,,,249.0,248.0,1.1074,0.058,6.0,1.1334,0.005499959,6.0
2025-04-01 16:00:00,,,,,,,505.0,505.0,0.9622,0.0262,5.0,1.1392,0.0052999854,5.0
2025-04-01 17:00:00,,,,,,,1533.0,1533.0,,,0.0,,,0.0
2025-04-01 18:00:00,,,,,,,1529.0,1529.0,,,0.0,,,0.0
2025-04-01 19:00:00,,,,,,,1529.0,1529.0,,,0.0,,,0.0
2025-04-01 20:00:00,,,,,,,1273.0,1273.0,,,0.0,,,0.0
2025-04-01 21:00:00,,,,,,,1273.0,1273.0,,,0.0,,,0.0
2025-04-01 22:00:00,,,,,,,1273.0,1273.0,,,0.0,,,0.0
2025-04-01 23:00:00,,,,,,,1273.0,1273.0,,,0.0,,,0.0
2025-04-02 00:00:00,,,,,,,1273.0,1273.0,,,0.0,,,0.0
2025-04-02 01:00:00,,,,,,,1273.0,1273.0,,,0.0,,,0.0
2025-04-02 02:00:00,,,,,,,1273.0,1273.0,,,0.0,,,0.0
2025-04-02 03:00:00,,,,,,,1273.0,1273.0,,,0.0,,,0.0
2025-04-02 04:00:00,,,,,,,1273.0,1273.0,,,0.0,,,0.0
2025-04-02 05:00:00,,,,,,,1273.0,1273.0,,,0.0,,,0.0
2025-04-02 06:00:00,,,,,,,1273.0,1273.0,,,0.0,,,0.0
2025-04-02 07:00:00,,,,,,,1533.0,1533.0,,,0.0,,,0.0
2025-04-02 08:00:00,,,,,,,509.0,509.0,,,0.0,,,0.0
2025-04-02 09:00:00,,,,,,,509.0,509.0,,,0.0,,,0.0
2025-04-02 10:00:00,,,,,,,509.0,509.0,,,0.0,,,0.0
2025-04-02 11:00:00,,,,,,,509.0,509.0,,,0.0,,,0.0
2025-04-02 12:00:00,,,,,,,505.0,504.0,1.4734,0.0,1.0,1.2354,0.0,1.0
2025-04-02 13:00:00,,,,,,,249.0,249.0,1.436,0.0,1.0,1.2508,0.0,1.0
2025-04-02 14:00:00,,,,,,,249.0,248.0,0.8014,0.0,1.0,1.2013999,0.0,1.0
2025-04-02 15:00:00,,,,,,,249.0,248.0,0.81619996,0.051,6.0,1.2083,0.00849998,6.0
2025-04-02 16:00:00,,,,,,,505.0,505.0,0.7916,0.0444,5.0,1.2112,0.005499959,5.0
2025-04-02 17:00:00,,,,,,,1533.0,1533.0,,,0.0,,,0.0
2025-04-02 18:00:00,,,,,,,1273.0,1273.0,,,0.0,,,0.0
2025-04-02 19:00:00,,,,,,,1273.0,1273.0,,,0.0,,,0.0
2025-04-02 20:00:00,,,,,,,1273.0,1273.0,,,0.0,,,0.0
2025-04-02 21:00:00,,,,,,,1529.0,1529.0,,,0.0,,,0.0
2025-04-02 22:00:00,,,,,,,1273.0,1273.0,,,0.0,,,0.0
2025-04-02 23:00:00,,,,,,,1273.0,1273.0,,,0.0,,,0.0
2025-04-03 00:00:00,,,,,,,1273.0,1273.0,,,0.0,,,0.0
2025-04-03 01:00:00,,,,,,,1273.0,1273.0,,,0.0,,,0.0
2025-04-03 02:00:00,,,,,,,1273.0,1273.0,,,0.0,,,0.0
2025-04-03 03:00:00,,,,,,,1273.0,1273.0,,,0.0,,,0.0
2025-04-03 04:00:00,,,,,,,1273.0,1273.0,,,0.0,,,0.0
2025-04-03 05:00:00,,,,,,,1273.0,1273.0,,,0.0,,,0.0
2025-04-03 06:00:00,,,,,,,1273.0,1273.0,,,0.0,,,0.0
2025-04-03 07:00:00,,,,,,,1533.0,1533.0,,,0.0,,,0.0
2025-04-03 08:00:00,,,,,,,2553.0,2552.0,0.6706,0.0,1.0,1.2146,0.0,1.0
2025-04-03 09:00:00,,,,,,,249.0,248.0,0.6444,0.0095999995,6.0,1.2095,0.0011999607,6.0
2025-04-03 10:00:00,,,,,,,249.0,248.0,0.63479996,0.053799998,6.0,1.2069,0.00069999695,6.0
2025-04-03 11:00:00,,,,,,,249.0,248.0,0.77379996,0.0156,6.0,1.2084999,0.0009999871,6.0
2025-04-03 12:00:00,,,,,,,2297.0,2296.0,0.82019997,0.0078,6.0,1.2070999,0.0011000037,6.0
2025-04-03 13:00:00,,,,,,,249.0,249.0,0.8592,0.014599999,5.0,1.2081,0.0020999908,5.0
2025-04-03 14:00:00,,,,,,,249.0,248.0,0.894,0.0,1.0,1.1947,0.0,1.0
2025-04-03 15:00:00,,,,,,,249.0,248.0,0.9262,0.049599998,6.0,1.2032,0.009599984,6.0
2025-04-03 16:00:00,,,,,,,505.0,505.0,0.886,0.023,5.0,1.1968,0.004400015,5.0
2025-04-03 17:00:00,,,,,,,1533.0,1533.0,,,0.0,,,0.0
2025-04-03 18:00:00,,,,,,,1273.0,1273.0,,,0.0,,,0.0
2025-04-03 19:00:00,,,,,,,1529.0,1529.0,,,0.0,,,0.0
2025-04-03 20:00:00,,,,,,,1273.0,1273.0,,,0.0,,,0.0
2025-04-03 21:00:00,,,,,,,1273.0,1273.0,,,0.0,,,0.0
2025-04-03 22:00:00,,,,,,,1529.0,1529.0,,,0.0,,,0.0
2025-04-03 23:00:00,,,,,,,1273.0,1273.0,,,0.0,,,0.0
2025-04-04 00:00:00,,,,,,,1273.0,1273.0,,,0.0,,,0.0
2025-04-04 01:00:00,,,,,,,1273.0,1273.0,,,0.0,,,0.0
2025-04-04 02:00:00,,,,,,,1273.0,1273.0,,,0.0,,,0.0
2025-04-04 03:00:00,,,,,,,1273.0,1273.0,,,0.0,,,0.0
2025-04-04 04:00:00,,,,,,,1273.0,1273.0,,,0.0,,,0.0
2025-04-04 05:00:00,,,,,,,1273.0,1273.0,,,0.0,,,0.0
2025-04-04 06:00:00,,,,,,,1273.0,1273.0,,,0.0,,,0.0
2025-04-04 07:00:00,,,,,,,1529.0,1529.0,,,0.0,,,0.0
2025-04-04 08:00:00,,,,,,,509.0,509.0,1.104,0.0094,3.0,1.1513,0.0026000142,3.0
2025-04-04 09:00:00,,,,,,,509.0,509.0,1.3906,0.0,1.0,1.1832,0.0,1.0
2025-04-04 10:00:00,,,,,,,509.0,509.0,,,0.0,,,0.0
2025-04-04 11:00:00,,,,,,,249.0,248.0,1.2307999,0.038599998,4.0,1.1945,0.004999995,4.0
2025-04-04 12:00:00,,,,,,,249.0,248.0,1.2766,0.0246,3.0,1.2074,0.0026999712,3.0
2025-04-04 13:00:00,,,,,,,249.0,249.0,1.3177999,0.0316,5.0,1.2157999,0.0027999878,5.0
2025-04-04 14:00:00,,,,,,,509.0,509.0,,,0.0,,,0.0
2025-04-04 15:00:00,,,,,,,249.0,248.0,1.6176,0.0792,4.0,1.1149,0.02849996,4.0
2025-04-04 16:00:00,,,,,,,2553.0,2552.0,2.003,0.0,1.0,1.2111,0.0,1.0
2025-04-04 17:00:00,,,,,,,1533.0,1533.0,1.814,0.0,1.0,1.2041,0.0,1.0
2025-04-04 18:00:00,,,,,,,1273.0,1273.0,,,0.0,,,0.0
2025-04-04 19:00:00,,,,,,,1273.0,1273.0,,,0.0,,,0.0
2025-04-04 20:00:00,,,,,,,1273.0,1273.0,,,0.0,,,0.0
2025-04-04 21:00:00,,,,,,,1273.0,1273.0,,,0.0,,,0.0
2025-04-04 22:00:00,,,,,,,1273.0,1273.0,,,0.0,,,0.0
2025-04-04 23:00:00,,,,,,,1273.0,1273.0,,,0.0,,,0.0
2025-04-05 00:00:00,,,,,,,1273.0,1273.0,,,0.0,,,0.0
2025-04-05 01:00:00,,,,,,,1273.0,1273.0,,,0.0,,,0.0
2025-04-05 02:00:00,,,,,,,1273.0,1273.0,,,0.0,,,0.0
2025-04-05 03:00:00,,,,,,,1273.0,1273.0,,,0.0,,,0.0
2025-04-05 04:00:00,,,,,,,1273.0,1273.0,,,0.0,,,0.0
2025-04-05 05:00:00,,,,,,,1273.0,1273.0,,,0.0,,,0.0
2025-04-05 06:00:00,,,,,,,1273.0,1273.0,,,0.0,,,0.0
2025-04-05 07:00:00,,,,,,,1533.0,1533.0,,,0.0,,,0.0
2025-04-05 08:00:00,,,,,,,509.0,509.0,,,0.0,,,0.0
2025-04-05 09:00:00,,,,,,,509.0,509.0,,,0.0,,,0.0
2025-04-05 10:00:00,,,,,,,509.0,509.0,,,0.0,,,0.0
2025-04-05 11:00:00,,,,,,,509.0,509.0,,,0.0,,,0.0
2025-04-05 12:00:00,,,,,,,509.0,509.0,,,0.0,,,0.0
2025-04-05 13:00:00,,,,,,,509.0,509.0,,,0.0,,,0.0
2025-04-05 14:00:00,,,,,,,509.0,509.0,,,0.0,,,0.0
2025-04-05 15:00:00,,,,,,,509.0,509.0,,,0.0,,,0.0
2025-04-05 16:00:00,,,,,,,509.0,509.0,,,0.0,,,0.0
2025-04-05 17:00:00,,,,,,,1533.0,1533.0,,,0.0,,,0.0
2025-04-05 18:00:00,,,,,,,1273.0,1273.0,,,0.0,,,0.0
2025-04-05 19:00:00,,,,,,,1533.0,1533.0,,,0.0,,,0.0
2025-04-05 20:00:00,,,,,,,1533.0,1533.0,,,0.0,,,0.0
2025-04-05 21:00:00,,,,,,,1533.0,1533.0,,,0.0,,,0.0
2025-04-05 22:00:00,,,,,,,1533.0,1533.0,,,0.0,,,0.0
2025-04-05 23:00:00,,,,,,,1533.0,1533.0,,,0.0,,,0.0
2025-04-06 00:00:00,,,,,,,1533.0,1533.0,,,0.0,,,0.0
2025-04-06 01:00:00,,,,,,,1533.0,1533.0,,,0.0,,,0.0
2025-04-06 02:00:00,,,,,,,1533.0,1533.0,,,0.0,,,0.0
2025-04-06 03:00:00,,,,,,,1533.0,1533.0,,,0.0,,,0.0
2025-04-06 04:00:00,,,,,,,1533.0,1533.0,,,0.0,,,0.0
2025-04-06 05:00:00,,,,,,,1533.0,1533.0,,,0.0,,,0.0
2025-04-06 06:00:00,,,,,,,1533.0,1533.0,,,0.0,,,0.0
2025-04-06 07:00:00,,,,,,,1533.0,1533.0,,,0.0,,,0.0
2025-04-06 08:00:00,,,,,,,509.0,509.0,,,0.0,,,0.0
2025-04-06 09:00:00,,,,,,,509.0,509.0,,,0.0,,,0.0
2025-04-06 10:00:00,,,,,,,509.0,509.0,,,0.0,,,0.0
2025-04-06 11:00:00,,,,,,,509.0,509.0,,,0.0,,,0.0
2025-04-06 12:00:00,,,,,,,509.0,509.0,,,0.0,,,0.0
2025-04-06 13:00:00,,,,,,,509.0,509.0,,,0.0,,,0.0
2025-04-06 14:00:00,,,,,,,509.0,509.0,,,0.0,,,0.0
2025-04-06 15:00:00,,,,,,,509.0,509.0,,,0.0,,,0.0
2025-04-06 16:00:00,,,,,,,509.0,509.0,,,0.0,,,0.0
2025-04-06 17:00:00,,,,,,,1533.0,1533.0,,,0.0,,,0.0
2025-04-06 18:00:00,,,,,,,1533.0,1533.0,,,0.0,,,0.0
2025-04-06 19:00:00,,,,,,,1533.0,1533.0,,,0.0,,,0.0
2025-04-06 20:00:00,,,,,,,1533.0,1533.0,,,0.0,,,0.0
2025-04-06 21:00:00,,,,,,,1533.0,1533.0,,,0.0,,,0.0
2025-04-06 22:00:00,,,,,,,1533.0,1533.0,,,0.0,,,0.0
2025-04-06 23:00:00,,,,,,,1533.0,1533.0,,,0.0,,,0.0
2025-04-07 00:00:00,,,,,,,1533.0,1533.0,,,0.0,,,0.0
2025-04-07 01:00:00,,,,,,,1533.0,1533.0,,,0.0,,,0.0
2025-04-07 02:00:00,,,,,,,1533.0,1533.0,,,0.0,,,0.0
2025-04-07 03:00:00,,,,,,,1533.0,1533.0,,,0.0,,,0.0
2025-04-07 04:00:00,,,,,,,1529.0,1529.0,,,0.0,,,0.0
2025-04-07 05:00:00,,,,,,,1529.0,1529.0,,,0.0,,,0.0
2025-04-07 06:00:00,,,,,,,1533.0,1533.0,,,0.0,,,0.0
2025-04-07 07:00:00,,,,,,,1533.0,1533.0,,,0.0,,,0.0
2025-04-07 08:00:00,,,,,,,509.0,509.0,,,0.0,,,0.0
2025-04-07 09:00:00,,,,,,,509.0,509.0,,,0.0,,,0.0
2025-04-07 10:00:00,,,,,,,509.0,509.0,,,0.0,,,0.0
2025-04-07 11:00:00,,,,,,,509.0,509.0,,,0.0,,,0.0
2025-04-07 12:00:00,,,,,,,509.0,509.0,,,0.0,,,0.0
2025-04-07 13:00:00,,,,,,,509.0,509.0,,,0.0,,,0.0
2025-04-07 14:00:00,,,,,,,509.0,509.0,,,0.0,,,0.0
2025-04-07 15:00:00,,,,,,,509.0,509.0,,,0.0,,,0.0
2025-04-07 16:00:00,,,,,,,505.0,505.0,,,0.0,,,0.0
2025-04-07 17:00:00,,,,,,,1533.0,1533.0,,,0.0,,,0.0
2025-04-07 18:00:00,,,,,,,1273.0,1273.0,,,0.0,,,0.0
2025-04-07 19:00:00,,,,,,,1533.0,1533.0,,,0.0,,,0.0
2025-04-07 20:00:00,,,,,,,1533.0,1533.0,,,0.0,,,0.0
2025-04-07 21:00:00,,,,,,,1529.0,1529.0,,,0.0,,,0.0
2025-04-07 22:00:00,,,,,,,1533.0,1533.0,,,0.0,,,0.0
2025-04-07 23:00:00,,,,,,,1533.0,1533.0,,,0.0,,,0.0
2025-04-08 00:00:00,,,,,,,1533.0,1533.0,,,0.0,,,0.0
2025-04-08 01:00:00,,,,,,,1533.0,1533.0,,,0.0,,,0.0
2025-04-08 02:00:00,,,,,,,1529.0,1529.0,,,0.0,,,0.0
2025-04-08 03:00:00,,,,,,,1533.0,1533.0,,,0.0,,,0.0
2025-04-08 04:00:00,,,,,,,1533.0,1533.0,,,0.0,,,0.0
2025-04-08 05:00:00,,,,,,,1533.0,1533.0,,,0.0,,,0.0
2025-04-08 06:00:00,,,,,,,1533.0,1533.0,,,0.0,,,0.0
2025-04-08 07:00:00,,,,,,,1533.0,1533.0,,,0.0,,,0.0
2025-04-08 08:00:00,,,,,,,509.0,509.0,,,0.0,,,0.0
2025-04-08 09:00:00,,,,,,,509.0,509.0,,,0.0,,,0.0
2025-04-08 10:00:00,,,,,,,509.0,509.0,,,0.0,,,0.0
2025-04-08 11:00:00,,,,,,,509.0,509.0,,,0.0,,,0.0
2025-04-08 12:00:00,,,,,,,509.0,509.0,,,0.0,,,0.0
2025-04-08 13:00:00,,,,,,,509.0,509.0,,,0.0,,,0.0
2025-04-08 14:00:00,,,,,,,509.0,509.0,,,0.0,,,0.0
2025-04-08 15:00:00,,,,,,,509.0,509.0,,,0.0,,,0.0
2025-04-08 16:00:00,,,,,,,509.0,509.0,,,0.0,,,0.0
2025-04-08 17:00:00,,,,,,,1533.0,1533.0,,,0.0,,,0.0
2025-04-08 18:00:00,,,,,,,1273.0,1273.0,,,0.0,,,0.0
2025-04-08 19:00:00,,,,,,,1273.0,1273.0,,,0.0,,,0.0
2025-04-08 20:00:00,,,,,,,1273.0,1273.0,,,0.0,,,0.0
2025-04-08 21:00:00,,,,,,,1273.0,1273.0,,,0.0,,,0.0
2025-04-08 22:00:00,,,,,,,1273.0,1273.0,,,0.0,,,0.0
2025-04-08 23:00:00,,,,,,,1273.0,1273.0,,,0.0,,,0.0
2025-04-09 00:00:00,,,,,,,1273.0,1273.0,,,0.0,,,0.0
2025-04-09 01:00:00,,,,,,,1273.0,1273.0,,,0.0,,,0.0
2025-04-09 02:00:00,,,,,,,1273.0,1273.0,,,0.0,,,0.0
2025-04-09 03:00:00,,,,,,,1273.0,1273.0,,,0.0,,,0.0
2025-04-09 04:00:00,,,,,,,1273.0,1273.0,,,0.0,,,0.0
2025-04-09 05:00:00,,,,,,,1273.0,1273.0,,,0.0,,,0.0
2025-04-09 06:00:00,,,,,,,1273.0,1273.0,,,0.0,,,0.0
2025-04-09 07:00:00,,,,,,,1533.0,1533.0,,,0.0,,,0.0
2025-04-09 08:00:00,,,,,,,509.0,509.0,,,0.0,,,0.0
2025-04-09 09:00:00,,,,,,,509.0,509.0,,,0.0,,,0.0
2025-04-09 10:00:00,,,,,,,509.0,509.0,,,0.0,,,0.0
2025-04-09 11:00:00,,,,,,,509.0,509.0,,,0.0,,,0.0
2025-04-09 12:00:00,,,,,,,509.0,509.0,,,0.0,,,0.0
2025-04-09 13:00:00,,,,,,,509.0,509.0,,,0.0,,,0.0
2025-04-09 14:00:00,,,,,,,509.0,509.0,,,0.0,,,0.0
2025-04-09 15:00:00,,,,,,,509.0,509.0,,,0.0,,,0.0
2025-04-09 16:00:00,,,,,,,509.0,509.0,,,0.0,,,0.0
2025-04-09 17:00:00,,,,,,,1533.0,1533.0,,,0.0,,,0.0
2025-04-09 18:00:00,,,,,,,1533.0,1533.0,,,0.0,,,0.0
2025-04-09 19:00:00,,,,,,,1533.0,1533.0,,,0.0,,,0.0
2025-04-09 20:00:00,,,,,,,1533.0,1533.0,,,0.0,,,0.0
2025-04-09 21:00:00,,,,,,,1529.0,1529.0,,,0.0,,,0.0
2025-04-09 22:00:00,,,,,,,1533.0,1533.0,,,0.0,,,0.0
2025-04-09 23:00:00,,,,,,,1533.0,1533.0,,,0.0,,,0.0
2025-04-10 00:00:00,,,,,,,1533.0,1533.0,,,0.0,,,0.0
2025-04-10 01:00:00,,,,,,,1529.0,1529.0,,,0.0,,,0.0
2025-04-10 02:00:00,,,,,,,1529.0,1529.0,,,0.0,,,0.0
2025-04-10 03:00:00,,,,,,,1529.0,1529.0,,,0.0,,,0.0
2025-04-10 04:00:00,,,,,,,1533.0,1533.0,,,0.0,,,0.0
2025-04-10 05:00:00,,,,,,,1529.0,1529.0,,,0.0,,,0.0
2025-04-10 06:00:00,,,,,,,1533.0,1533.0,,,0.0,,,0.0
2025-04-10 07:00:00,,,,,,,1533.0,1533.0,,,0.0,,,0.0
2025-04-10 08:00:00,,,,,,,509.0,509.0,,,0.0,,,0.0
2025-04-10 09:00:00,,,,,,,509.0,509.0,,,0.0,,,0.0
2025-04-10 10:00:00,,,,,,,509.0,509.0,,,0.0,,,0.0
2025-04-10 11:00:00,,,,,,,509.0,509.0,,,0.0,,,0.0
2025-04-10 12:00:00,,,,,,,509.0,509.0,,,0.0,,,0.0
2025-04-10 13:00:00,,,,,,,509.0,509.0,,,0.0,,,0.0
2025-04-10 14:00:00,,,,,,,509.0,509.0,,,0.0,,,0.0
2025-04-10 15:00:00,,,,,,,509.0,509.0,,,0.0,,,0.0
2025-04-10 16:00:00,,,,,,,509.0,509.0,,,0.0,,,0.0
2025-04-10 17:00:00,,,,,,,1533.0,1533.0,,,0.0,,,0.0
2025-04-10 18:00:00,,,,,,,1533.0,1533.0,,,0.0,,,0.0
2025-04-10 19:00:00,,,,,,,1533.0,1533.0,,,0.0,,,0.0
2025-04-10 20:00:00,,,,,,,1529.0,1529.0,,,0.0,,,0.0
2025-04-10 21:00:00,,,,,,,1533.0,1533.0,,,0.0,,,0.0
2025-04-10 22:00:00,,,,,,,1529.0,1529.0,,,0.0,,,0.0
2025-04-10 23:00:00,,,,,,,1529.0,1529.0,,,0.0,,,0.0
2025-04-11 00:00:00,,,,,,,1533.0,1533.0,,,0.0,,,0.0
2025-04-11 01:00:00,,,,,,,1529.0,1529.0,,,0.0,,,0.0
2025-04-11 02:00:00,,,,,,,1533.0,1533.0,,,0.0,,,0.0
2025-04-11 03:00:00,,,,,,,1529.0,1529.0,,,0.0,,,0.0
2025-04-11 04:00:00,,,,,,,1529.0,1529.0,,,0.0,,,0.0
2025-04-11 05:00:00,,,,,,,1533.0,1533.0,,,0.0,,,0.0
2025-04-11 06:00:00,,,,,,,1533.0,1533.0,,,0.0,,,0.0
2025-04-11 07:00:00,,,,,,,1533.0,1533.0,,,0.0,,,0.0
2025-04-11 08:00:00,,,,,,,509.0,509.0,,,0.0,,,0.0
2025-04-11 09:00:00,,,,,,,509.0,509.0,,,0.0,,,0.0
2025-04-11 10:00:00,,,,,,,509.0,509.0,,,0.0,,,0.0
2025-04-11 11:00:00,,,,,,,509.0,509.0,,,0.0,,,0.0
2025-04-11 12:00:00,,,,,,,509.0,509.0,,,0.0,,,0.0
2025-04-11 13:00:00,,,,,,,509.0,509.0,,,0.0,,,0.0
2025-04-11 14:00:00,,,,,,,509.0,509.0,,,0.0,,,0.0
2025-04-11 15:00:00,,,,,,,509.0,509.0,,,0.0,,,0.0
2025-04-11 16:00:00,,,,,,,509.0,509.0,,,0.0,,,0.0
2025-04-11 17:00:00,,,,,,,1533.0,1533.0,0.403,0.0,1.0,1.0698,0.0,1.0
2025-04-11 18:00:00,,,,,,,1533.0,1533.0,,,0.0,,,0.0
2025-04-11 19:00:00,,,,,,,1529.0,1529.0,,,0.0,,,0.0
2025-04-11 20:00:00,,,,,,,1533.0,1533.0,,,0.0,,,0.0
2025-04-11 21:00:00,,,,,,,1533.0,1533.0,,,0.0,,,0.0
2025-04-11 22:00:00,,,,,,,1533.0,1533.0,,,0.0,,,0.0
2025-04-11 23:00:00,,,,,,,1533.0,1533.0,,,0.0,,,0.0
2025-04-12 00:00:00,,,,,,,1533.0,1533.0,,,0.0,,,0.0
2025-04-12 01:00:00,,,,,,,1529.0,1529.0,,,0.0,,,0.0
2025-04-12 02:00:00,,,,,,,1533.0,1533.0,,,0.0,,,0.0
2025-04-12 03:00:00,,,,,,,1533.0,1533.0,,,0.0,,,0.0
2025-04-12 04:00:00,,,,,,,1533.0,1533.0,,,0.0,,,0.0
2025-04-12 05:00:00,,,,,,,1533.0,1533.0,,,0.0,,,0.0
2025-04-12 06:00:00,,,,,,,1533.0,1533.0,,,0.0,,,0.0
2025-04-12 07:00:00,,,,,,,1533.0,1533.0,,,0.0,,,0.0
2025-04-12 08:00:00,,,,,,,509.0,509.0,,,0.0,,,0.0
2025-04-12 09:00:00,,,,,,,509.0,509.0,,,0.0,,,0.0
2025-04-12 10:00:00,,,,,,,509.0,509.0,,,0.0,,,0.0
2025-04-12 11:00:00,,,,,,,509.0,509.0,,,0.0,,,0.0
2025-04-12 12:00:00,,,,,,,509.0,509.0,1.0455999,0.0074,2.0,0.8794999,0.005100012,2.0
2025-04-12 13:00:00,,,,,,,509.0,509.0,1.1051999,0.0037999998,2.0,0.9252,0.00069999695,2.0
2025-04-12 14:00:00,,,,,,,505.0,504.0,0.7644,0.0,1.0,0.8181,0.0,1.0
2025-04-12 15:00:00,,,,,,,509.0,509.0,,,0.0,,,0.0
2025-04-12 16:00:00,,,,,,,509.0,509.0,,,0.0,,,0.0
2025-04-12 17:00:00,,,,,,,1533.0,1533.0,,,0.0,,,0.0
2025-04-12 18:00:00,,,,,,,1533.0,1533.0,,,0.0,,,0.0
2025-04-12 19:00:00,,,,,,,1529.0,1529.0,,,0.0,,,0.0
2025-04-12 20:00:00,,,,,,,1533.0,1533.0,,,0.0,,,0.0
2025-04-12 21:00:00,,,,,,,1533.0,1533.0,,,0.0,,,0.0
2025-04-12 22:00:00,,,,,,,1529.0,1529.0,,,0.0,,,0.0
2025-04-12 23:00:00,,,,,,,1533.0,1533.0,,,0.0,,,0.0
2025-04-13 00:00:00,,,,,,,1273.0,1273.0,,,0.0,,,0.0
2025-04-13 01:00:00,,,,,,,1533.0,1533.0,,,0.0,,,0.0
2025-04-13 02:00:00,,,,,,,1529.0,1529.0,,,0.0,,,0.0
2025-04-13 03:00:00,,,,,,,1533.0,1533.0,,,0.0,,,0.0
2025-04-13 04:00:00,,,,,,,1529.0,1529.0,,,0.0,,,0.0
2025-04-13 05:00:00,,,,,,,1533.0,1533.0,,,0.0,,,0.0
2025-04-13 06:00:00,,,,,,,1533.0,1533.0,,,0.0,,,0.0
2025-04-13 07:00:00,,,,,,,1533.0,1533.0,,,0.0,,,0.0
2025-04-13 08:00:00,,,,,,,509.0,509.0,,,0.0,,,0.0
2025-04-13 09:00:00,,,,,,,509.0,509.0,,,0.0,,,0.0
2025-04-13 10:00:00,,,,,,,509.0,509.0,,,0.0,,,0.0
2025-04-13 11:00:00,,,,,,,509.0,509.0,,,0.0,,,0.0
2025-04-13 12:00:00,,,,,,,509.0,509.0,,,0.0,,,0.0
2025-04-13 13:00:00,,,,,,,2553.0,2552.0,1.454,0.0,1.0,-0.0756,0.0,1.0
2025-04-13 14:00:00,,,,,,,509.0,509.0,,,0.0,,,0.0
2025-04-13 15:00:00,,,,,,,509.0,509.0,1.1646,0.091,3.0,0.16979998,0.022700012,3.0
2025-04-13 16:00:00,,,,,,,509.0,509.0,,,0.0,,,0.0
2025-04-13 17:00:00,,,,,,,1533.0,1533.0,0.2886,0.0,1.0,0.2611,0.0,1.0
2025-04-13 18:00:00,,,,,,,1529.0,1529.0,,,0.0,,,0.0
2025-04-13 19:00:00,,,,,,,1533.0,1533.0,,,0.0,,,0.0
2025-04-13 20:00:00,,,,,,,1533.0,1533.0,,,0.0,,,0.0
2025-04-13 21:00:00,,,,,,,1533.0,1533.0,,,0.0,,,0.0
2025-04-13 22:00:00,,,,,,,1533.0,1533.0,,,0.0,,,0.0
2025-04-13 23:00:00,,,,,,,1273.0,1273.0,,,0.0,,,0.0
2025-04-14 00:00:00,,,,,,,1533.0,1533.0,,,0.0,,,0.0
2025-04-14 01:00:00,,,,,,,1533.0,1533.0,,,0.0,,,0.0
2025-04-14 02:00:00,,,,,,,1529.0,1529.0,,,0.0,,,0.0
2025-04-14 03:00:00,,,,,,,1533.0,1533.0,,,0.0,,,0.0
2025-04-14 04:00:00,,,,,,,1533.0,1533.0,,,0.0,,,0.0
2025-04-14 05:00:00,,,,,,,1533.0,1533.0,,,0.0,,,0.0
2025-04-14 06:00:00,,,,,,,1533.0,1533.0,,,0.0,,,0.0
2025-04-14 07:00:00,,,,,,,1533.0,1533.0,,,0.0,,,0.0
2025-04-14 08:00:00,,,,,,,509.0,509.0,,,0.0,,,0.0
2025-04-14 09:00:00,,,,,,,509.0,509.0,,,0.0,,,0.0
2025-04-14 10:00:00,,,,,,,509.0,509.0,,,0.0,,,0.0
2025-04-14 11:00:00,,,,,,,2553.0,2552.0,0.8998,0.0,1.0,0.3595,0.0,1.0
2025-04-14 12:00:00,,,,,,,509.0,509.0,,,0.0,,,0.0
2025-04-14 13:00:00,,,,,,,509.0,509.0,0.9508,0.0,1.0,0.3728,0.0,1.0
2025-04-14 14:00:00,,,,,,,509.0,509.0,,,0.0,,,0.0
2025-04-14 15:00:00,,,,,,,509.0,509.0,,,0.0,,,0.0
2025-04-14 16:00:00,,,,,,,509.0,509.0,,,0.0,,,0.0
2025-04-14 17:00:00,,,,,,,1533.0,1533.0,,,0.0,,,0.0
2025-04-14 18:00:00,,,,,,,1533.0,1533.0,,,0.0,,,0.0
2025-04-14 19:00:00,,,,,,,1533.0,1533.0,,,0.0,,,0.0
2025-04-14 20:00:00,,,,,,,1529.0,1529.0,,,0.0,,,0.0
2025-04-14 21:00:00,,,,,,,1529.0,1529.0,,,0.0,,,0.0
2025-04-14 22:00:00,,,,,,,1533.0,1533.0,,,0.0,,,0.0
2025-04-14 23:00:00,,,,,,,1533.0,1533.0,,,0.0,,,0.0
2025-04-15 00:00:00,,,,,,,1533.0,1533.0,,,0.0,,,0.0
2025-04-15 01:00:00,,,,,,,1533.0,1533.0,,,0.0,,,0.0
2025-04-15 02:00:00,,,,,,,1529.0,1529.0,,,0.0,,,0.0
2025-04-15 03:00:00,,,,,,,1273.0,1273.0,,,0.0,,,0.0
2025-04-15 04:00:00,,,,,,,1533.0,1533.0,,,0.0,,,0.0
2025-04-15 05:00:00,,,,,,,1529.0,1529.0,,,0.0,,,0.0
2025-04-15 06:00:00,,,,,,,1533.0,1533.0,,,0.0,,,0.0
2025-04-15 07:00:00,,,,,,,1533.0,1533.0,,,0.0,,,0.0
2025-04-15 08:00:00,,,,,,,509.0,509.0,0.486,0.0,1.0,0.7192,0.0,1.0
2025-04-15 09:00:00,,,,,,,509.0,509.0,,,0.0,,,0.0
2025-04-15 10:00:00,,,,,,,509.0,509.0,0.2688,0.0758,4.0,0.70149994,0.005699992,4.0
2025-04-15 11:00:00,,,,,,,509.0,509.0,0.398,0.0,1.0,0.6855,0.0,1.0
2025-04-15 12:00:00,,,,,,,2553.0,2552.0,0.47419998,0.0,1.0,0.6804,0.0,1.0
2025-04-15 13:00:00,,,,,,,2553.0,2552.0,0.6726,0.3644,4.0,0.6141,0.11199999,4.0
2025-04-15 14:00:00,,,,,,,2553.0,2552.0,0.8114,0.0,1.0,0.6481,0.0,1.0
2025-04-15 15:00:00,,,,,,,509.0,509.0,0.4068,0.0,1.0,0.6826999,0.0,1.0
2025-04-15 16:00:00,,,,,,,505.0,505.0,,,0.0,,,0.0
2025-04-15 17:00:00,,,,,,,1533.0,1533.0,0.3942,0.0,1.0,0.7285,0.0,1.0
2025-04-15 18:00:00,,,,,,,1529.0,1529.0,,,0.0,,,0.0
2025-04-15 19:00:00,,,,,,,1273.0,1273.0,,,0.0,,,0.0
2025-04-15 20:00:00,,,,,,,1273.0,1273.0,,,0.0,,,0.0
2025-04-15 21:00:00,,,,,,,1273.0,1273.0,,,0.0,,,0.0
2025-04-15 22:00:00,,,,,,,1273.0,1273.0,,,0.0,,,0.0
2025-04-15 23:00:00,,,,,,,1533.0,1533.0,,,0.0,,,0.0
2025-04-16 00:00:00,,,,,,,1273.0,1273.0,,,0.0,,,0.0
2025-04-16 01:00:00,,,,,,,1529.0,1529.0,,,0.0,,,0.0
2025-04-16 02:00:00,,,,,,,1529.0,1529.0,,,0.0,,,0.0
2025-04-16 03:00:00,,,,,,,1533.0,1533.0,,,0.0,,,0.0
2025-04-16 04:00:00,,,,,,,1529.0,1529.0,,,0.0,,,0.0
2025-04-16 05:00:00,,,,,,,1533.0,1533.0,,,0.0,,,0.0
2025-04-16 06:00:00,,,,,,,1533.0,1533.0,,,0.0,,,0.0
2025-04-16 07:00:00,,,,,,,1533.0,1533.0,,,0.0,,,0.0
2025-04-16 08:00:00,,,,,,,509.0,509.0,,,0.0,,,0.0
2025-04-16 09:00:00,,,,,,,2553.0,2552.0,0.1872,0.0346,3.0,0.7149,0.0048999786,3.0
2025-04-16 10:00:00,,,,,,,509.0,509.0,,,0.0,,,0.0
2025-04-16 11:00:00,,,,,,,509.0,509.0,0.42999998,0.0,1.0,0.737,0.0,1.0
2025-04-16 12:00:00,,,,,,,509.0,509.0,0.37219998,0.0,1.0,0.748,0.0,1.0
2025-04-16 13:00:00,,,,,,,2553.0,2552.0,0.713,0.3618,2.0,0.67779994,0.08520001,2.0
2025-04-16 14:00:00,,,,,,,509.0,509.0,,,0.0,,,0.0
2025-04-16 15:00:00,,,,,,,509.0,509.0,0.1568,0.0,1.0,0.7753,0.0,1.0
2025-04-16 16:00:00,,,,,,,509.0,509.0,0.0938,0.0716,2.0,0.7580999,0.027199984,2.0
2025-04-16 17:00:00,,,,,,,1533.0,1533.0,0.1538,0.03,4.0,0.7673,0.004000008,4.0
2025-04-16 18:00:00,,,,,,,1273.0,1273.0,,,0.0,,,0.0
2025-04-16 19:00:00,,,,,,,1529.0,1529.0,,,0.0,,,0.0
2025-04-16 20:00:00,,,,,,,1533.0,1533.0,,,0.0,,,0.0
2025-04-16 21:00:00,,,,,,,1273.0,1273.0,,,0.0,,,0.0
2025-04-16 22:00:00,,,,,,,1529.0,1529.0,,,0.0,,,0.0
2025-04-16 23:00:00,,,,,,,1533.0,1533.0,,,0.0,,,0.0
2025-04-17 00:00:00,,,,,,,1533.0,1533.0,,,0.0,,,0.0
2025-04-17 01:00:00,,,,,,,1533.0,1533.0,,,0.0,,,0.0
2025-04-17 02:00:00,,,,,,,1533.0,1533.0,,,0.0,,,0.0
2025-04-17 03:00:00,,,,,,,1533.0,1533.0,,,0.0,,,0.0
2025-04-17 04:00:00,,,,,,,1533.0,1533.0,,,0.0,,,0.0
2025-04-17 05:00:00,,,,,,,1529.0,1529.0,,,0.0,,,0.0
2025-04-17 06:00:00,,,,,,,1533.0,1533.0,,,0.0,,,0.0
2025-04-17 07:00:00,,,,,,,1533.0,1533.0,,,0.0,,,0.0
2025-04-17 08:00:00,,,,,,,509.0,509.0,,,0.0,,,0.0
2025-04-17 09:00:00,,,,,,,509.0,509.0,,,0.0,,,0.0
2025-04-17 10:00:00,,,,,,,509.0,509.0,,,0.0,,,0.0
2025-04-17 11:00:00,,,,,,,509.0,509.0,,,0.0,,,0.0
2025-04-17 12:00:00,,,,,,,509.0,509.0,,,0.0,,,0.0
2025-04-17 13:00:00,,,,,,,509.0,509.0,,,0.0,,,0.0
2025-04-17 14:00:00,,,,,,,509.0,509.0,,,0.0,,,0.0
2025-04-17 15:00:00,,,,,,,509.0,509.0,,,0.0,,,0.0
2025-04-17 16:00:00,,,,,,,509.0,509.0,,,0.0,,,0.0
2025-04-17 17:00:00,,,,,,,1533.0,1533.0,,,0.0,,,0.0
2025-04-17 18:00:00,,,,,,,1529.0,1529.0,,,0.0,,,0.0
2025-04-17 19:00:00,,,,,,,1273.0,1273.0,,,0.0,,,0.0
2025-04-17 20:00:00,,,,,,,1529.0,1529.0,,,0.0,,,0.0
2025-04-17 21:00:00,,,,,,,1533.0,1533.0,,,0.0,,,0.0
2025-04-17 22:00:00,,,,,,,1533.0,1533.0,,,0.0,,,0.0
2025-04-17 23:00:00,,,,,,,1529.0,1529.0,,,0.0,,,0.0
2025-04-18 00:00:00,,,,,,,1533.0,1533.0,,,0.0,,,0.0
2025-04-18 01:00:00,,,,,,,1533.0,1533.0,,,0.0,,,0.0
2025-04-18 02:00:00,,,,,,,1533.0,1533.0,,,0.0,,,0.0
2025-04-18 03:00:00,,,,,,,1533.0,1533.0,,,0.0,,,0.0
2025-04-18 04:00:00,,,,,,,1533.0,1533.0,,,0.0,,,0.0
2025-04-18 05:00:00,,,,,,,1533.0,1533.0,,,0.0,,,0.0
2025-04-18 06:00:00,,,,,,,1533.0,1533.0,,,0.0,,,0.0
2025-04-18 07:00:00,,,,,,,1533.0,1533.0,,,0.0,,,0.0
2025-04-18 08:00:00,,,,,,,509.0,509.0,,,0.0,,,0.0
2025-04-18 09:00:00,,,,,,,509.0,509.0,,,0.0,,,0.0
2025-04-18 10:00:00,,,,,,,509.0,509.0,,,0.0,,,0.0
2025-04-18 11:00:00,,,,,,,509.0,509.0,,,0.0,,,0.0
2025-04-18 12:00:00,,,,,,,509.0,509.0,,,0.0,,,0.0
2025-04-18 13:00:00,,,,,,,249.0,249.0,0.1072,0.0047999998,2.0,1.1616,0.00029999018,2.0
2025-04-18 14:00:00,,,,,,,509.0,509.0,0.0422,0.0,1.0,1.1503999,0.0,1.0
2025-04-18 15:00:00,,,,,,,509.0,509.0,0.0002,0.0,1.0,,-0.5,0.0
2025-04-18 16:00:00,,,,,,,509.0,509.0,,,0.0,,,0.0
2025-04-18 17:00:00,,,,,,,1533.0,1533.0,,,0.0,,,0.0
2025-04-18 18:00:00,,,,,,,1533.0,1533.0,,,0.0,,,0.0
2025-04-18 19:00:00,,,,,,,1533.0,1533.0,,,0.0,,,0.0
2025-04-18 20:00:00,,,,,,,1533.0,1533.0,,,0.0,,,0.0
2025-04-18 21:00:00,,,,,,,1533.0,1533.0,,,0.0,,,0.0
2025-04-18 22:00:00,,,,,,,1533.0,1533.0,,,0.0,,,0.0
2025-04-18 23:00:00,,,,,,,1533.0,1533.0,,,0.0,,,0.0
2025-04-19 00:00:00,,,,,,,1533.0,1533.0,,,0.0,,,0.0
2025-04-19 01:00:00,,,,,,,1533.0,1533.0,,,0.0,,,0.0
2025-04-19 02:00:00,,,,,,,1533.0,1533.0,,,0.0,,,0.0
2025-04-19 03:00:00,,,,,,,1533.0,1533.0,,,0.0,,,0.0
2025-04-19 04:00:00,,,,,,,1533.0,1533.0,,,0.0,,,0.0
2025-04-19 05:00:00,,,,,,,1533.0,1533.0,,,0.0,,,0.0
2025-04-19 06:00:00,,,,,,,1533.0,1533.0,,,0.0,,,0.0
2025-04-19 07:00:00,,,,,,,1533.0,1533.0,,,0.0,,,0.0
2025-04-19 08:00:00,,,,,,,509.0,509.0,,,0.0,,,0.0
2025-04-19 09:00:00,,,,,,,509.0,509.0,,,0.0,,,0.0
2025-04-19 10:00:00,,,,,,,509.0,509.0,,,0.0,,,0.0
2025-04-19 11:00:00,,,,,,,509.0,509.0,,,0.0,,,0.0
2025-04-19 12:00:00,,,,,,,509.0,509.0,,,0.0,,,0.0
2025-04-19 13:00:00,,,,,,,509.0,509.0,,,0.0,,,0.0
2025-04-19 14:00:00,,,,,,,509.0,509.0,,,0.0,,,0.0
2025-04-19 15:00:00,,,,,,,2553.0,2552.0,0.0466,0.0,1.0,1.1775,0.0,1.0
2025-04-19 16:00:00,,,,,,,2553.0,2552.0,0.0424,0.0088,2.0,1.1746,0.005699992,2.0
2025-04-19 17:00:00,,,,,,,1533.0,1533.0,0.1052,0.0,1.0,1.1666,0.0,1.0
2025-04-19 18:00:00,,,,,,,1533.0,1533.0,,,0.0,,,0.0
2025-04-19 19:00:00,,,,,,,1533.0,1533.0,,,0.0,,,0.0
2025-04-19 20:00:00,,,,,,,1533.0,1533.0,,,0.0,,,0.0
2025-04-19 21:00:00,,,,,,,1533.0,1533.0,,,0.0,,,0.0
2025-04-19 22:00:00,,,,,,,1533.0,1533.0,,,0.0,,,0.0
2025-04-19 23:00:00,,,,,,,1533.0,1533.0,,,0.0,,,0.0
2025-04-20 00:00:00,,,,,,,1529.0,1529.0,,,0.0,,,0.0
2025-04-20 01:00:00,,,,,,,1533.0,1533.0,,,0.0,,,0.0
2025-04-20 02:00:00,,,,,,,1529.0,1529.0,,,0.0,,,0.0
2025-04-20 03:00:00,,,,,,,1529.0,1529.0,,,0.0,,,0.0
2025-04-20 04:00:00,,,,,,,1533.0,1533.0,,,0.0,,,0.0
2025-04-20 05:00:00,,,,,,,1533.0,1533.0,,,0.0,,,0.0
2025-04-20 06:00:00,,,,,,,1533.0,1533.0,,,0.0,,,0.0
2025-04-20 07:00:00,,,,,,,1529.0,1529.0,,,0.0,,,0.0
2025-04-20 08:00:00,,,,,,,509.0,509.0,0.7352,0.0,1.0,1.1208999,0.0,1.0
2025-04-20 09:00:00,,,,,,,509.0,509.0,1.01,0.0,1.0,1.1315,0.0,1.0
2025-04-20 10:00:00,,,,,,,509.0,509.0,,,0.0,,,0.0
2025-04-20 11:00:00,,,,,,,509.0,509.0,0.2564,0.0037999998,2.0,1.1582999,0.0,2.0
2025-04-20 12:00:00,,,,,,,509.0,509.0,,,0.0,,,0.0
2025-04-20 13:00:00,,,,,,,505.0,505.0,,,0.0,,,0.0
2025-04-20 14:00:00,,,,,,,509.0,509.0,,,0.0,,,0.0
2025-04-20 15:00:00,,,,,,,509.0,509.0,,,0.0,,,0.0
2025-04-20 16:00:00,,,,,,,509.0,509.0,,,0.0,,,0.0
2025-04-20 17:00:00,,,,,,,1533.0,1533.0,,,0.0,,,0.0
2025-04-20 18:00:00,,,,,,,1533.0,1533.0,,,0.0,,,0.0
2025-04-20 19:00:00,,,,,,,1533.0,1533.0,,,0.0,,,0.0
2025-04-20 20:00:00,,,,,,,1529.0,1529.0,,,0.0,,,0.0
2025-04-20 21:00:00,,,,,,,1533.0,1533.0,,,0.0,,,0.0
2025-04-20 22:00:00,,,,,,,1533.0,1533.0,,,0.0,,,0.0
2025-04-20 23:00:00,,,,,,,1533.0,1533.0,,,0.0,,,0.0
2025-04-21 00:00:00,,,,,,,1533.0,1533.0,,,0.0,,,0.0
2025-04-21 01:00:00,,,,,,,1533.0,1533.0,,,0.0,,,0.0
2025-04-21 02:00:00,,,,,,,1533.0,1533.0,,,0.0,,,0.0
2025-04-21 03:00:00,,,,,,,1273.0,1273.0,,,0.0,,,0.0
2025-04-21 04:00:00,,,,,,,1533.0,1533.0,,,0.0,,,0.0
2025-04-21 05:00:00,,,,,,,1533.0,1533.0,,,0.0,,,0.0
2025-04-21 06:00:00,,,,,,,1529.0,1529.0,,,0.0,,,0.0
2025-04-21 07:00:00,,,,,,,1533.0,1533.0,,,0.0,,,0.0
2025-04-21 08:00:00,,,,,,,509.0,509.0,,,0.0,,,0.0
2025-04-21 09:00:00,,,,,,,509.0,509.0,,,0.0,,,0.0
2025-04-21 10:00:00,,,,,,,509.0,509.0,,,0.0,,,0.0
2025-04-21 11:00:00,,,,,,,509.0,509.0,,,0.0,,,0.0
2025-04-21 12:00:00,,,,,,,509.0,509.0,,,0.0,,,0.0
2025-04-21 13:00:00,,,,,,,509.0,509.0,,,0.0,,,0.0
2025-04-21 14:00:00,,,,,,,509.0,509.0,,,0.0,,,0.0
2025-04-21 15:00:00,,,,,,,509.0,509.0,,,0.0,,,0.0
2025-04-21 16:00:00,,,,,,,509.0,509.0,,,0.0,,,0.0
2025-04-21 17:00:00,,,,,,,1533.0,1533.0,,,0.0,,,0.0
2025-04-21 18:00:00,,,,,,,1533.0,1533.0,,,0.0,,,0.0
2025-04-21 19:00:00,,,,,,,1529.0,1529.0,,,0.0,,,0.0
2025-04-21 20:00:00,,,,,,,1533.0,1533.0,,,0.0,,,0.0
2025-04-21 21:00:00,,,,,,,1533.0,1533.0,,,0.0,,,0.0
2025-04-21 22:00:00,,,,,,,1533.0,1533.0,,,0.0,,,0.0
2025-04-21 23:00:00,,,,,,,1533.0,1533.0,,,0.0,,,0.0
2025-04-22 00:00:00,,,,,,,1533.0,1533.0,,,0.0,,,0.0
2025-04-22 01:00:00,,,,,,,1529.0,1529.0,,,0.0,,,0.0
2025-04-22 02:00:00,,,,,,,1533.0,1533.0,,,0.0,,,0.0
2025-04-22 03:00:00,,,,,,,1533.0,1533.0,,,0.0,,,0.0
2025-04-22 04:00:00,,,,,,,1273.0,1273.0,,,0.0,,,0.0
2025-04-22 05:00:00,,,,,,,1533.0,1533.0,,,0.0,,,0.0
2025-04-22 06:00:00,,,,,,,1533.0,1533.0,,,0.0,,,0.0
2025-04-22 07:00:00,,,,,,,509.0,509.0,,,0.0,,,0.0
2025-04-22 08:00:00,,,,,,,509.0,509.0,,,0.0,,,0.0
2025-04-22 09:00:00,,,,,,,509.0,509.0,,,0.0,,,0.0
2025-04-22 10:00:00,,,,,,,509.0,509.0,,,0.0,,,0.0
2025-04-22 11:00:00,,,,,,,509.0,509.0,,,0.0,,,0.0
2025-04-22 12:00:00,,,,,,,509.0,509.0,,,0.0,,,0.0
2025-04-22 13:00:00,,,,,,,509.0,509.0,,,0.0,,,0.0
2025-04-22 14:00:00,,,,,,,509.0,509.0,,,0.0,,,0.0
2025-04-22 15:00:00,,,,,,,509.0,509.0,,,0.0,,,0.0
2025-04-22 16:00:00,,,,,,,509.0,509.0,,,0.0,,,0.0
2025-04-22 17:00:00,,,,,,,1533.0,1533.0,,,0.0,,,0.0
2025-04-22 18:00:00,,,,,,,1533.0,1533.0,,,0.0,,,0.0
2025-04-22 19:00:00,,,,,,,1529.0,1529.0,,,0.0,,,0.0
2025-04-22 20:00:00,,,,,,,1533.0,1533.0,,,0.0,,,0.0
2025-04-22 21:00:00,,,,,,,1533.0,1533.0,,,0.0,,,0.0
2025-04-22 22:00:00,,,,,,,1533.0,1533.0,,,0.0,,,0.0
2025-04-22 23:00:00,,,,,,,1533.0,1533.0,,,0.0,,,0.0
2025-04-23 00:00:00,,,,,,,1533.0,1533.0,,,0.0,,,0.0
2025-04-23 01:00:00,,,,,,,1273.0,1273.0,,,0.0,,,0.0
2025-04-23 02:00:00,,,,,,,1273.0,1273.0,,,0.0,,,0.0
2025-04-23 03:00:00,,,,,,,1273.0,1273.0,,,0.0,,,0.0
2025-04-23 04:00:00,,,,,,,1273.0,1273.0,,,0.0,,,0.0
2025-04-23 05:00:00,,,,,,,1273.0,1273.0,,,0.0,,,0.0
2025-04-23 06:00:00,,,,,,,1533.0,1533.0,,,0.0,,,0.0
2025-04-23 07:00:00,,,,,,,509.0,509.0,,,0.0,,,0.0
2025-04-23 08:00:00,,,,,,,509.0,509.0,,,0.0,,,0.0
2025-04-23 09:00:00,,,,,,,509.0,509.0,,,0.0,,,0.0
2025-04-23 10:00:00,,,,,,,509.0,509.0,,,0.0,,,0.0
2025-04-23 11:00:00,,,,,,,509.0,509.0,,,0.0,,,0.0
2025-04-23 12:00:00,,,,,,,2553.0,2552.0,1.1438,0.022,4.0,1.0192,0.0038999915,4.0
2025-04-23 13:00:00,,,,,,,2553.0,2552.0,0.8912,0.2214,2.0,1.0216999,0.0009999871,2.0
2025-04-23 14:00:00,,,,,,,2297.0,2296.0,0.86679995,0.1056,4.0,0.99099994,0.026799977,4.0
2025-04-23 15:00:00,,,,,,,2297.0,2296.0,0.9784,0.0464,6.0,0.99909997,0.011599958,6.0
2025-04-23 16:00:00,,,,,,,509.0,509.0,0.9928,0.086799994,4.0,0.9893,0.0036999583,4.0
2025-04-23 17:00:00,,,,,,,1533.0,1533.0,1.7952,0.0,1.0,0.7185,0.0,1.0
2025-04-23 18:00:00,,,,,,,1533.0,1533.0,,,0.0,,,0.0
2025-04-23 19:00:00,,,,,,,1529.0,1529.0,,,0.0,,,0.0
2025-04-23 20:00:00,,,,,,,1529.0,1529.0,,,0.0,,,0.0
2025-04-23 21:00:00,,,,,,,1533.0,1533.0,,,0.0,,,0.0
2025-04-23 22:00:00,,,,,,,1529.0,1529.0,,,0.0,,,0.0
2025-04-23 23:00:00,,,,,,,1533.0,1533.0,,,0.0,,,0.0
2025-04-24 00:00:00,,,,,,,1273.0,1273.0,,,0.0,,,0.0
2025-04-24 01:00:00,,,,,,,1529.0,1529.0,,,0.0,,,0.0
2025-04-24 02:00:00,,,,,,,1529.0,1529.0,,,0.0,,,0.0
2025-04-24 03:00:00,,,,,,,1533.0,1533.0,,,0.0,,,0.0
2025-04-24 04:00:00,,,,,,,1533.0,1533.0,,,0.0,,,0.0
2025-04-24 05:00:00,,,,,,,1533.0,1533.0,,,0.0,,,0.0
2025-04-24 06:00:00,,,,,,,1533.0,1533.0,,,0.0,,,0.0
2025-04-24 07:00:00,,,,,,,509.0,509.0,,,0.0,,,0.0
2025-04-24 08:00:00,,,,,,,509.0,509.0,,,0.0,,,0.0
2025-04-24 09:00:00,,,,,,,509.0,509.0,,,0.0,,,0.0
2025-04-24 10:00:00,,,,,,,509.0,509.0,,,0.0,,,0.0
2025-04-24 11:00:00,,,,,,,509.0,509.0,,,0.0,,,0.0
2025-04-24 12:00:00,,,,,,,509.0,509.0,,,0.0,,,0.0
2025-04-24 13:00:00,,,,,,,509.0,509.0,,,0.0,,,0.0
2025-04-24 14:00:00,,,,,,,509.0,509.0,,,0.0,,,0.0
2025-04-24 15:00:00,,,,,,,509.0,509.0,,,0.0,,,0.0
2025-04-24 16:00:00,,,,,,,509.0,509.0,,,0.0,,,0.0
2025-04-24 17:00:00,,,,,,,1533.0,1533.0,,,0.0,,,0.0
2025-04-24 18:00:00,,,,,,,1533.0,1533.0,,,0.0,,,0.0
2025-04-24 19:00:00,,,,,,,1533.0,1533.0,,,0.0,,,0.0
2025-04-24 20:00:00,,,,,,,1533.0,1533.0,,,0.0,,,0.0
2025-04-24 21:00:00,,,,,,,1533.0,1533.0,,,0.0,,,0.0
2025-04-24 22:00:00,,,,,,,1533.0,1533.0,,,0.0,,,0.0
2025-04-24 23:00:00,,,,,,,1533.0,1533.0,,,0.0,,,0.0
2025-04-25 00:00:00,,,,,,,1529.0,1529.0,,,0.0,,,0.0
2025-04-25 01:00:00,,,,,,,1529.0,1529.0,,,0.0,,,0.0
2025-04-25 02:00:00,,,,,,,1533.0,1533.0,,,0.0,,,0.0
2025-04-25 03:00:00,,,,,,,1533.0,1533.0,,,0.0,,,0.0
2025-04-25 04:00:00,,,,,,,1533.0,1533.0,,,0.0,,,0.0
2025-04-25 05:00:00,,,,,,,1533.0,1533.0,,,0.0,,,0.0
2025-04-25 06:00:00,,,,,,,1533.0,1533.0,,,0.0,,,0.0
2025-04-25 07:00:00,,,,,,,509.0,509.0,,,0.0,,,0.0
2025-04-25 08:00:00,,,,,,,509.0,509.0,,,0.0,,,0.0
2025-04-25 09:00:00,,,,,,,509.0,509.0,,,0.0,,,0.0
2025-04-25 10:00:00,,,,,,,509.0,509.0,,,0.0,,,0.0
2025-04-25 11:00:00,,,,,,,509.0,509.0,,,0.0,,,0.0
2025-04-25 12:00:00,,,,,,,509.0,509.0,,,0.0,,,0.0
2025-04-25 13:00:00,,,,,,,509.0,509.0,,,0.0,,,0.0
2025-04-25 14:00:00,,,,,,,509.0,509.0,,,0.0,,,0.0
2025-04-25 15:00:00,,,,,,,509.0,509.0,,,0.0,,,0.0
2025-04-25 16:00:00,,,,,,,509.0,509.0,,,0.0,,,0.0
2025-04-25 17:00:00,,,,,,,1533.0,1533.0,,,0.0,,,0.0
2025-04-25 18:00:00,,,,,,,1533.0,1533.0,,,0.0,,,0.0
2025-04-25 19:00:00,,,,,,,1529.0,1529.0,,,0.0,,,0.0
2025-04-25 20:00:00,,,,,,,1533.0,1533.0,,,0.0,,,0.0
2025-04-25 21:00:00,,,,,,,1529.0,1529.0,,,0.0,,,0.0
2025-04-25 22:00:00,,,,,,,1273.0,1273.0,,,0.0,,,0.0
2025-04-25 23:00:00,,,,,,,1533.0,1533.0,,,0.0,,,0.0
2025-04-26 00:00:00,,,,,,,1533.0,1533.0,,,0.0,,,0.0
2025-04-26 01:00:00,,,,,,,1529.0,1529.0,,,0.0,,,0.0
2025-04-26 02:00:00,,,,,,,1533.0,1533.0,,,0.0,,,0.0
2025-04-26 03:00:00,,,,,,,1273.0,1273.0,,,0.0,,,0.0
2025-04-26 04:00:00,,,,,,,1529.0,1529.0,,,0.0,,,0.0
2025-04-26 05:00:00,,,,,,,1533.0,1533.0,,,0.0,,,0.0
2025-04-26 06:00:00,,,,,,,1533.0,1533.0,,,0.0,,,0.0
2025-04-26 07:00:00,,,,,,,509.0,509.0,,,0.0,,,0.0
2025-04-26 08:00:00,,,,,,,509.0,509.0,,,0.0,,,0.0
2025-04-26 09:00:00,,,,,,,509.0,509.0,,,0.0,,,0.0
2025-04-26 10:00:00,,,,,,,509.0,509.0,,,0.0,,,0.0
2025-04-26 11:00:00,,,,,,,509.0,509.0,,,0.0,,,0.0
2025-04-26 12:00:00,,,,,,,509.0,509.0,,,0.0,,,0.0
2025-04-26 13:00:00,,,,,,,509.0,509.0,,,0.0,,,0.0
2025-04-26 14:00:00,,,,,,,509.0,509.0,,,0.0,,,0.0
2025-04-26 15:00:00,,,,,,,509.0,509.0,,,0.0,,,0.0
2025-04-26 16:00:00,,,,,,,509.0,509.0,,,0.0,,,0.0
2025-04-26 17:00:00,,,,,,,1533.0,1533.0,,,0.0,,,0.0
2025-04-26 18:00:00,,,,,,,1273.0,1273.0,,,0.0,,,0.0
2025-04-26 19:00:00,,,,,,,1273.0,1273.0,,,0.0,,,0.0
2025-04-26 20:00:00,,,,,,,1273.0,1273.0,,,0.0,,,0.0
2025-04-26 21:00:00,,,,,,,1529.0,1529.0,,,0.0,,,0.0
2025-04-26 22:00:00,,,,,,,1533.0,1533.0,,,0.0,,,0.0
2025-04-26 23:00:00,,,,,,,1533.0,1533.0,,,0.0,,,0.0
2025-04-27 00:00:00,,,,,,,1533.0,1533.0,,,0.0,,,0.0
2025-04-27 01:00:00,,,,,,,1533.0,1533.0,,,0.0,,,0.0
2025-04-27 02:00:00,,,,,,,1533.0,1533.0,,,0.0,,,0.0
2025-04-27 03:00:00,,,,,,,1529.0,1529.0,,,0.0,,,0.0
2025-04-27 04:00:00,,,,,,,1533.0,1533.0,,,0.0,,,0.0
2025-04-27 05:00:00,,,,,,,1533.0,1533.0,,,0.0,,,0.0
2025-04-27 06:00:00,,,,,,,1533.0,1533.0,,,0.0,,,0.0
2025-04-27 07:00:00,,,,,,,509.0,509.0,,,0.0,,,0.0
2025-04-27 08:00:00,,,,,,,509.0,509.0,,,0.0,,,0.0
2025-04-27 09:00:00,,,,,,,509.0,509.0,,,0.0,,,0.0
2025-04-27 10:00:00,,,,,,,509.0,509.0,,,0.0,,,0.0
2025-04-27 11:00:00,,,,,,,509.0,509.0,,,0.0,,,0.0
2025-04-27 12:00:00,,,,,,,509.0,509.0,,,0.0,,,0.0
2025-04-27 13:00:00,,,,,,,509.0,509.0,,,0.0,,,0.0
2025-04-27 14:00:00,,,,,,,509.0,509.0,,,0.0,,,0.0
2025-04-27 15:00:00,,,,,,,509.0,509.0,,,0.0,,,0.0
2025-04-27 16:00:00,,,,,,,509.0,509.0,,,0.0,,,0.0
2025-04-27 17:00:00,,,,,,,1533.0,1533.0,,,0.0,,,0.0
2025-04-27 18:00:00,,,,,,,1533.0,1533.0,,,0.0,,,0.0
2025-04-27 19:00:00,,,,,,,1533.0,1533.0,,,0.0,,,0.0
2025-04-27 20:00:00,,,,,,,1529.0,1529.0,,,0.0,,,0.0
2025-04-27 21:00:00,,,,,,,1533.0,1533.0,,,0.0,,,0.0
2025-04-27 22:00:00,,,,,,,1529.0,1529.0,,,0.0,,,0.0
2025-04-27 23:00:00,,,,,,,1529.0,1529.0,,,0.0,,,0.0
2025-04-28 00:00:00,,,,,,,1529.0,1529.0,,,0.0,,,0.0
2025-04-28 01:00:00,,,,,,,1529.0,1529.0,,,0.0,,,0.0
2025-04-28 02:00:00,,,,,,,1529.0,1529.0,,,0.0,,,0.0
2025-04-28 03:00:00,,,,,,,1529.0,1529.0,,,0.0,,,0.0
2025-04-28 04:00:00,,,,,,,1533.0,1533.0,,,0.0,,,0.0
2025-04-28 05:00:00,,,,,,,1533.0,1533.0,,,0.0,,,0.0
2025-04-28 06:00:00,,,,,,,1533.0,1533.0,,,0.0,,,0.0
2025-04-28 07:00:00,,,,,,,509.0,509.0,,,0.0,,,0.0
2025-04-28 08:00:00,,,,,,,509.0,509.0,,,0.0,,,0.0
2025-04-28 09:00:00,,,,,,,509.0,509.0,,,0.0,,,0.0
2025-04-28 10:00:00,,,,,,,509.0,509.0,,,0.0,,,0.0
2025-04-28 11:00:00,,,,,,,509.0,509.0,,,0.0,,,0.0
2025-04-28 12:00:00,,,,,,,509.0,509.0,,,0.0,,,0.0
2025-04-28 13:00:00,,,,,,,509.0,509.0,,,0.0,,,0.0
2025-04-28 14:00:00,,,,,,,509.0,509.0,,,0.0,,,0.0
2025-04-28 15:00:00,,,,,,,509.0,509.0,,,0.0,,,0.0
2025-04-28 16:00:00,,,,,,,509.0,509.0,,,0.0,,,0.0
2025-04-28 17:00:00,,,,,,,1533.0,1533.0,,,0.0,,,0.0
2025-04-28 18:00:00,,,,,,,1533.0,1533.0,,,0.0,,,0.0
2025-04-28 19:00:00,,,,,,,1533.0,1533.0,,,0.0,,,0.0
2025-04-28 20:00:00,,,,,,,1533.0,1533.0,,,0.0,,,0.0
2025-04-28 21:00:00,,,,,,,1533.0,1533.0,,,0.0,,,0.0
2025-04-28 22:00:00,,,,,,,1529.0,1529.0,,,0.0,,,0.0
2025-04-28 23:00:00,,,,,,,1529.0,1529.0,,,0.0,,,0.0
2025-04-29 00:00:00,,,,,,,1529.0,1529.0,,,0.0,,,0.0
2025-04-29 01:00:00,,,,,,,1533.0,1533.0,,,0.0,,,0.0
2025-04-29 02:00:00,,,,,,,1533.0,1533.0,,,0.0,,,0.0
2025-04-29 03:00:00,,,,,,,1533.0,1533.0,,,0.0,,,0.0
2025-04-29 04:00:00,,,,,,,1533.0,1533.0,,,0.0,,,0.0
2025-04-29 05:00:00,,,,,,,1533.0,1533.0,,,0.0,,,0.0
2025-04-29 06:00:00,,,,,,,1533.0,1533.0,,,0.0,,,0.0
2025-04-29 07:00:00,,,,,,,509.0,509.0,,,0.0,,,0.0
2025-04-29 08:00:00,,,,,,,509.0,509.0,,,0.0,,,0.0
2025-04-29 09:00:00,,,,,,,509.0,509.0,,,0.0,,,0.0
2025-04-29 10:00:00,,,,,,,509.0,509.0,,,0.0,,,0.0
2025-04-29 11:00:00,,,,,,,509.0,509.0,,,0.0,,,0.0
2025-04-29 12:00:00,,,,,,,509.0,509.0,,,0.0,,,0.0
2025-04-29 13:00:00,,,,,,,509.0,509.0,,,0.0,,,0.0
2025-04-29 14:00:00,,,,,,,509.0,509.0,,,0.0,,,0.0
2025-04-29 15:00:00,,,,,,,509.0,509.0,,,0.0,,,0.0
2025-04-29 16:00:00,,,,,,,2553.0,2552.0,0.37199998,0.1494,4.0,1.0863999,0.0055999756,4.0
2025-04-29 17:00:00,,,,,,,1533.0,1533.0,0.2698,0.0262,2.0,1.0916,0.0031999946,2.0
2025-04-29 18:00:00,,,,,,,1273.0,1273.0,,,0.0,,,0.0
2025-04-29 19:00:00,,,,,,,1533.0,1533.0,,,0.0,,,0.0
2025-04-29 20:00:00,,,,,,,1533.0,1533.0,,,0.0,,,0.0
2025-04-29 21:00:00,,,,,,,1529.0,1529.0,,,0.0,,,0.0
2025-04-29 22:00:00,,,,,,,1273.0,1273.0,,,0.0,,,0.0
2025-04-29 23:00:00,,,,,,,1533.0,1533.0,,,0.0,,,0.0
2025-04-30 00:00:00,,,,,,,1533.0,1533.0,,,0.0,,,0.0
2025-04-30 01:00:00,,,,,,,1529.0,1529.0,,,0.0,,,0.0
2025-04-30 02:00:00,,,,,,,1529.0,1529.0,,,0.0,,,0.0
2025-04-30 03:00:00,,,,,,,1273.0,1273.0,,,0.0,,,0.0
2025-04-30 04:00:00,,,,,,,1533.0,1533.0,,,0.0,,,0.0
2025-04-30 05:00:00,,,,,,,1533.0,1533.0,,,0.0,,,0.0
2025-04-30 06:00:00,,,,,,,1533.0,1533.0,,,0.0,,,0.0
2025-04-30 07:00:00,,,,,,,509.0,509.0,,,0.0,,,0.0
2025-04-30 08:00:00,,,,,,,509.0,509.0,,,0.0,,,0.0
2025-04-30 09:00:00,,,,,,,509.0,509.0,,,0.0,,,0.0
2025-04-30 10:00:00,,,,,,,509.0,509.0,,,0.0,,,0.0
2025-04-30 11:00:00,,,,,,,509.0,509.0,,,0.0,,,0.0
2025-04-30 12:00:00,,,,,,,509.0,509.0,,,0.0,,,0.0
2025-04-30 13:00:00,,,,,,,509.0,509.0,,,0.0,,,0.0
2025-04-30 14:00:00,,,,,,,509.0,509.0,,,0.0,,,0.0
2025-04-30 15:00:00,,,,,,,509.0,509.0,,,0.0,,,0.0
2025-04-30 16:00:00,,,,,,,509.0,509.0,,,0.0,,,0.0
2025-04-30 17:00:00,,,,,,,1529.0,1529.0,,,0.0,,,0.0
2025-04-30 18:00:00,,,,,,,1533.0,1533.0,,,0.0,,,0.0
2025-04-30 19:00:00,,,,,,,1533.0,1533.0,,,0.0,,,0.0
2025-04-30 20:00:00,,,,,,,1533.0,1533.0,,,0.0,,,0.0
2025-04-30 21:00:00,,,,,,,1533.0,1533.0,,,0.0,,,0.0
2025-04-30 22:00:00,,,,,,,1529.0,1529.0,,,0.0,,,0.0
2025-04-30 23:00:00,,,,,,,1533.0,1533.0,,,0.0,,,0.0
2025-05-01 00:00:00,,,,,,,1533.0,1533.0,,,0.0,,,0.0
2025-05-01 01:00:00,,,,,,,1529.0,1529.0,,,0.0,,,0.0
2025-05-01 02:00:00,,,,,,,1533.0,1533.0,,,0.0,,,0.0
2025-05-01 03:00:00,,,,,,,1529.0,1529.0,,,0.0,,,0.0
2025-05-01 04:00:00,,,,,,,1273.0,1273.0,,,0.0,,,0.0
2025-05-01 05:00:00,,,,,,,1533.0,1533.0,,,0.0,,,0.0
2025-05-01 06:00:00,,,,,,,1533.0,1533.0,,,0.0,,,0.0
2025-05-01 07:00:00,,,,,,,509.0,509.0,,,0.0,,,0.0
2025-05-01 08:00:00,,,,,,,509.0,509.0,,,0.0,,,0.0
2025-05-01 09:00:00,,,,,,,509.0,509.0,,,0.0,,,0.0
2025-05-01 10:00:00,,,,,,,509.0,509.0,,,0.0,,,0.0
2025-05-01 11:00:00,,,,,,,509.0,509.0,,,0.0,,,0.0
2025-05-01 12:00:00,,,,,,,509.0,509.0,,,0.0,,,0.0
2025-05-01 13:00:00,,,,,,,509.0,509.0,,,0.0,,,0.0
2025-05-01 14:00:00,,,,,,,2297.0,2296.0,0.2056,0.075399995,4.0,1.069,0.005100012,4.0
2025-05-01 15:00:00,,,,,,,509.0,509.0,0.2644,0.0,1.0,1.0741,0.0,1.0
2025-05-01 16:00:00,,,,,,,509.0,509.0,,,0.0,,,0.0
2025-05-01 17:00:00,,,,,,,1533.0,1533.0,,,0.0,,,0.0
2025-05-01 18:00:00,,,,,,,1533.0,1533.0,,,0.0,,,0.0
2025-05-01 19:00:00,,,,,,,1533.0,1533.0,,,0.0,,,0.0
2025-05-01 20:00:00,,,,,,,1533.0,1533.0,,,0.0,,,0.0
2025-05-01 21:00:00,,,,,,,1533.0,1533.0,,,0.0,,,0.0
2025-05-01 22:00:00,,,,,,,1533.0,1533.0,,,0.0,,,0.0
2025-05-01 23:00:00,,,,,,,1529.0,1529.0,,,0.0,,,0.0
2025-05-02 00:00:00,,,,,,,1533.0,1533.0,,,0.0,,,0.0
2025-05-02 01:00:00,,,,,,,1533.0,1533.0,,,0.0,,,0.0
2025-05-02 02:00:00,,,,,,,1273.0,1273.0,,,0.0,,,0.0
2025-05-02 03:00:00,,,,,,,1529.0,1529.0,,,0.0,,,0.0
2025-05-02 04:00:00,,,,,,,1533.0,1533.0,,,0.0,,,0.0
2025-05-02 05:00:00,,,,,,,1273.0,1273.0,,,0.0,,,0.0
2025-05-02 06:00:00,,,,,,,1533.0,1533.0,,,0.0,,,0.0
2025-05-02 07:00:00,,,,,,,249.0,249.0,,,0.0,,,0.0
2025-05-02 08:00:00,,,,,,,2553.0,2552.0,0.0122,0.0,1.0,1.1019,0.0,1.0
2025-05-02 09:00:00,,,,,,,2553.0,2552.0,0.0268,0.023,6.0,1.1069,0.003099978,6.0
2025-05-02 10:00:00,,,,,,,509.0,509.0,0.0312,0.029199999,4.0,1.1146,0.0026999712,4.0
2025-05-02 11:00:00,,,,,,,509.0,509.0,,,0.0,,,0.0
2025-05-02 12:00:00,,,,,,,509.0,509.0,,,0.0,,,0.0
2025-05-02 13:00:00,,,,,,,509.0,509.0,,,0.0,,,0.0
2025-05-02 14:00:00,,,,,,,509.0,509.0,,,0.0,,,0.0
2025-05-02 15:00:00,,,,,,,509.0,509.0,,,0.0,,,0.0
2025-05-02 16:00:00,,,,,,,509.0,509.0,0.3066,0.0,1.0,1.1718,0.0,1.0
2025-05-02 17:00:00,,,,,,,1533.0,1533.0,,,0.0,,,0.0
2025-05-02 18:00:00,,,,,,,1273.0,1273.0,,,0.0,,,0.0
2025-05-02 19:00:00,,,,,,,1533.0,1533.0,,,0.0,,,0.0
2025-05-02 20:00:00,,,,,,,1533.0,1533.0,,,0.0,,,0.0
2025-05-02 21:00:00,,,,,,,1529.0,1529.0,,,0.0,,,0.0
2025-05-02 22:00:00,,,,,,,1533.0,1533.0,,,0.0,,,0.0
2025-05-02 23:00:00,,,,,,,1529.0,1529.0,,,0.0,,,0.0
2025-05-03 00:00:00,,,,,,,1533.0,1533.0,,,0.0,,,0.0
2025-05-03 01:00:00,,,,,,,1533.0,1533.0,,,0.0,,,0.0
2025-05-03 02:00:00,,,,,,,1533.0,1533.0,,,0.0,,,0.0
2025-05-03 03:00:00,,,,,,,1533.0,1533.0,,,0.0,,,0.0
2025-05-03 04:00:00,,,,,,,1533.0,1533.0,,,0.0,,,0.0
2025-05-03 05:00:00,,,,,,,1533.0,1533.0,,,0.0,,,0.0
2025-05-03 06:00:00,,,,,,,1533.0,1533.0,,,0.0,,,0.0
2025-05-03 07:00:00,,,,,,,509.0,509.0,,,0.0,,,0.0
2025-05-03 08:00:00,,,,,,,509.0,509.0,,,0.0,,,0.0
2025-05-03 09:00:00,,,,,,,509.0,509.0,,,0.0,,,0.0
2025-05-03 10:00:00,,,,,,,509.0,509.0,,,0.0,,,0.0
2025-05-03 11:00:00,,,,,,,509.0,509.0,,,0.0,,,0.0
2025-05-03 12:00:00,,,,,,,509.0,509.0,,,0.0,,,0.0
2025-05-03 13:00:00,,,,,,,509.0,509.0,,,0.0,,,0.0
2025-05-03 14:00:00,,,,,,,509.0,509.0,,,0.0,,,0.0
2025-05-03 15:00:00,,,,,,,509.0,509.0,,,0.0,,,0.0
2025-05-03 16:00:00,,,,,,,509.0,509.0,,,0.0,,,0.0
2025-05-03 17:00:00,,,,,,,1533.0,1533.0,,,0.0,,,0.0
2025-05-03 18:00:00,,,,,,,1533.0,1533.0,,,0.0,,,0.0
2025-05-03 19:00:00,,,,,,,1529.0,1529.0,,,0.0,,,0.0
2025-05-03 20:00:00,,,,,,,1533.0,1533.0,,,0.0,,,0.0
2025-05-03 21:00:00,,,,,,,1529.0,1529.0,,,0.0,,,0.0
2025-05-03 22:00:00,,,,,,,1529.0,1529.0,,,0.0,,,0.0
2025-05-03 23:00:00,,,,,,,1273.0,1273.0,,,0.0,,,0.0
2025-05-04 00:00:00,,,,,,,1533.0,1533.0,,,0.0,,,0.0
2025-05-04 01:00:00,,,,,,,1533.0,1533.0,,,0.0,,,0.0
2025-05-04 02:00:00,,,,,,,1533.0,1533.0,,,0.0,,,0.0
2025-05-04 03:00:00,,,,,,,1533.0,1533.0,,,0.0,,,0.0
2025-05-04 04:00:00,,,,,,,1533.0,1533.0,,,0.0,,,0.0
2025-05-04 05:00:00,,,,,,,1533.0,1533.0,,,0.0,,,0.0
2025-05-04 06:00:00,,,,,,,1533.0,1533.0,,,0.0,,,0.0
2025-05-04 07:00:00,,,,,,,509.0,509.0,,,0.0,,,0.0
2025-05-04 08:00:00,,,,,,,509.0,509.0,,,0.0,,,0.0
2025-05-04 09:00:00,,,,,,,509.0,509.0,,,0.0,,,0.0
2025-05-04 10:00:00,,,,,,,509.0,509.0,,,0.0,,,0.0
2025-05-04 11:00:00,,,,,,,509.0,509.0,,,0.0,,,0.0
2025-05-04 12:00:00,,,,,,,509.0,509.0,,,0.0,,,0.0
2025-05-04 13:00:00,,,,,,,509.0,509.0,,,0.0,,,0.0
2025-05-04 14:00:00,,,,,,,509.0,509.0,,,0.0,,,0.0
2025-05-04 15:00:00,,,,,,,509.0,509.0,,,0.0,,,0.0
2025-05-04 16:00:00,,,,,,,509.0,509.0,,,0.0,,,0.0
2025-05-04 17:00:00,,,,,,,1533.0,1533.0,,,0.0,,,0.0
2025-05-04 18:00:00,,,,,,,1533.0,1533.0,,,0.0,,,0.0
2025-05-04 19:00:00,,,,,,,1533.0,1533.0,,,0.0,,,0.0
2025-05-04 20:00:00,,,,,,,1273.0,1273.0,,,0.0,,,0.0
2025-05-04 21:00:00,,,,,,,1529.0,1529.0,,,0.0,,,0.0
2025-05-04 22:00:00,,,,,,,1529.0,1529.0,,,0.0,,,0.0
2025-05-04 23:00:00,,,,,,,1533.0,1533.0,,,0.0,,,0.0
2025-05-05 00:00:00,,,,,,,1533.0,1533.0,,,0.0,,,0.0
2025-05-05 01:00:00,,,,,,,1533.0,1533.0,,,0.0,,,0.0
2025-05-05 02:00:00,,,,,,,1273.0,1273.0,,,0.0,,,0.0
2025-05-05 03:00:00,,,,,,,1533.0,1533.0,,,0.0,,,0.0
2025-05-05 04:00:00,,,,,,,1273.0,1273.0,,,0.0,,,0.0
2025-05-05 05:00:00,,,,,,,1273.0,1273.0,,,0.0,,,0.0
2025-05-05 06:00:00,,,,,,,1533.0,1533.0,,,0.0,,,0.0
2025-05-05 07:00:00,,,,,,,505.0,505.0,,,0.0,,,0.0
2025-05-05 08:00:00,,,,,,,509.0,509.0,,,0.0,,,0.0
2025-05-05 09:00:00,,,,,,,509.0,509.0,,,0.0,,,0.0
2025-05-05 10:00:00,,,,,,,509.0,509.0,,,0.0,,,0.0
2025-05-05 11:00:00,,,,,,,509.0,509.0,,,0.0,,,0.0
2025-05-05 12:00:00,,,,,,,509.0,509.0,,,0.0,,,0.0
2025-05-05 13:00:00,,,,,,,509.0,509.0,,,0.0,,,0.0
2025-05-05 14:00:00,,,,,,,509.0,509.0,0.47039998,0.0,1.0,1.1689,0.0,1.0
2025-05-05 15:00:00,,,,,,,509.0,509.0,0.459,0.0,1.0,1.1867,0.0,1.0
2025-05-05 16:00:00,,,,,,,2553.0,2552.0,0.32299998,0.0,1.0,1.1423999,0.0,1.0
2025-05-05 17:00:00,,,,,,,1533.0,1533.0,0.385,0.005,3.0,1.152,0.0029999614,3.0
2025-05-05 18:00:00,,,,,,,1529.0,1529.0,,,0.0,,,0.0
2025-05-05 19:00:00,,,,,,,1529.0,1529.0,,,0.0,,,0.0
2025-05-05 20:00:00,,,,,,,1533.0,1533.0,,,0.0,,,0.0
2025-05-05 21:00:00,,,,,,,1533.0,1533.0,,,0.0,,,0.0
2025-05-05 22:00:00,,,,,,,1533.0,1533.0,,,0.0,,,0.0
2025-05-05 23:00:00,,,,,,,1529.0,1529.0,,,0.0,,,0.0
2025-05-06 00:00:00,,,,,,,1529.0,1529.0,,,0.0,,,0.0
2025-05-06 01:00:00,,,,,,,1529.0,1529.0,,,0.0,,,0.0
2025-05-06 02:00:00,,,,,,,1533.0,1533.0,,,0.0,,,0.0
2025-05-06 03:00:00,,,,,,,1533.0,1533.0,,,0.0,,,0.0
2025-05-06 04:00:00,,,,,,,1533.0,1533.0,,,0.0,,,0.0
2025-05-06 05:00:00,,,,,,,1533.0,1533.0,,,0.0,,,0.0
2025-05-06 06:00:00,,,,,,,1533.0,1533.0,,,0.0,,,0.0
2025-05-06 07:00:00,,,,,,,509.0,509.0,,,0.0,,,0.0
2025-05-06 08:00:00,,,,,,,509.0,509.0,,,0.0,,,0.0
2025-05-06 09:00:00,,,,,,,509.0,509.0,,,0.0,,,0.0
2025-05-06 10:00:00,,,,,,,509.0,509.0,,,0.0,,,0.0
2025-05-06 11:00:00,,,,,,,509.0,509.0,,,0.0,,,0.0
2025-05-06 12:00:00,,,,,,,509.0,509.0,,,0.0,,,0.0
2025-05-06 13:00:00,,,,,,,509.0,509.0,1.5114,0.0,1.0,1.1105,0.0,1.0
2025-05-06 14:00:00,,,,,,,509.0,509.0,,,0.0,,,0.0
2025-05-06 15:00:00,,,,,,,509.0,509.0,,,0.0,,,0.0
2025-05-06 16:00:00,,,,,,,509.0,509.0,,,0.0,,,0.0
2025-05-06 17:00:00,,,,,,,1533.0,1533.0,,,0.0,,,0.0
2025-05-06 18:00:00,,,,,,,1273.0,1273.0,,,0.0,,,0.0
2025-05-06 19:00:00,,,,,,,1533.0,1533.0,,,0.0,,,0.0
2025-05-06 20:00:00,,,,,,,1533.0,1533.0,,,0.0,,,0.0
2025-05-06 21:00:00,,,,,,,1533.0,1533.0,,,0.0,,,0.0
2025-05-06 22:00:00,,,,,,,1533.0,1533.0,,,0.0,,,0.0
2025-05-06 23:00:00,,,,,,,1533.0,1533.0,,,0.0,,,0.0
2025-05-07 00:00:00,,,,,,,1533.0,1533.0,,,0.0,,,0.0
2025-05-07 01:00:00,,,,,,,1533.0,1533.0,,,0.0,,,0.0
2025-05-07 02:00:00,,,,,,,1529.0,1529.0,,,0.0,,,0.0
2025-05-07 03:00:00,,,,,,,1529.0,1529.0,,,0.0,,,0.0
2025-05-07 04:00:00,,,,,,,1529.0,1529.0,,,0.0,,,0.0
2025-05-07 05:00:00,,,,,,,1533.0,1533.0,,,0.0,,,0.0
2025-05-07 06:00:00,,,,,,,1533.0,1533.0,,,0.0,,,0.0
2025-05-07 07:00:00,,,,,,,509.0,509.0,,,0.0,,,0.0
2025-05-07 08:00:00,,,,,,,509.0,509.0,,,0.0,,,0.0
2025-05-07 09:00:00,,,,,,,509.0,509.0,,,0.0,,,0.0
2025-05-07 10:00:00,,,,,,,509.0,509.0,,,0.0,,,0.0
2025-05-07 11:00:00,,,,,,,509.0,509.0,,,0.0,,,0.0
2025-05-07 12:00:00,,,,,,,509.0,509.0,,,0.0,,,0.0
2025-05-07 13:00:00,,,,,,,509.0,509.0,,,0.0,,,0.0
2025-05-07 14:00:00,,,,,,,509.0,509.0,,,0.0,,,0.0
2025-05-07 15:00:00,,,,,,,509.0,509.0,,,0.0,,,0.0
2025-05-07 16:00:00,,,,,,,509.0,509.0,0.7424,0.0,1.0,1.1177,0.0,1.0
2025-05-07 17:00:00,,,,,,,1533.0,1533.0,,,0.0,,,0.0
2025-05-07 18:00:00,,,,,,,1533.0,1533.0,,,0.0,,,0.0
2025-05-07 19:00:00,,,,,,,1533.0,1533.0,,,0.0,,,0.0
2025-05-07 20:00:00,,,,,,,1533.0,1533.0,,,0.0,,,0.0
2025-05-07 21:00:00,,,,,,,1533.0,1533.0,,,0.0,,,0.0
2025-05-07 22:00:00,,,,,,,1533.0,1533.0,,,0.0,,,0.0
2025-05-07 23:00:00,,,,,,,1533.0,1533.0,,,0.0,,,0.0
2025-05-08 00:00:00,,,,,,,1533.0,1533.0,,,0.0,,,0.0
2025-05-08 01:00:00,,,,,,,1529.0,1529.0,,,0.0,,,0.0
2025-05-08 02:00:00,,,,,,,1533.0,1533.0,,,0.0,,,0.0
2025-05-08 03:00:00,,,,,,,1533.0,1533.0,,,0.0,,,0.0
2025-05-08 04:00:00,,,,,,,1533.0,1533.0,,,0.0,,,0.0
2025-05-08 05:00:00,,,,,,,1533.0,1533.0,,,0.0,,,0.0
2025-05-08 06:00:00,,,,,,,1533.0,1533.0,,,0.0,,,0.0
2025-05-08 07:00:00,,,,,,,509.0,509.0,,,0.0,,,0.0
2025-05-08 08:00:00,,,,,,,509.0,509.0,,,0.0,,,0.0
2025-05-08 09:00:00,,,,,,,509.0,509.0,,,0.0,,,0.0
2025-05-08 10:00:00,,,,,,,509.0,509.0,,,0.0,,,0.0
2025-05-08 11:00:00,,,,,,,509.0,509.0,,,0.0,,,0.0
2025-05-08 12:00:00,,,,,,,509.0,509.0,,,0.0,,,0.0
2025-05-08 13:00:00,,,,,,,509.0,509.0,,,0.0,,,0.0
2025-05-08 14:00:00,,,,,,,509.0,509.0,0.9984,0.0402,2.0,1.2509999,0.0022999644,2.0
2025-05-08 15:00:00,,,,,,,505.0,504.0,1.003,0.0,1.0,1.1558,0.0,1.0
2025-05-08 16:00:00,,,,,,,509.0,509.0,,,0.0,,,0.0
2025-05-08 17:00:00,,,,,,,1533.0,1533.0,0.6362,0.0,1.0,1.2184,0.0,1.0
2025-05-08 18:00:00,,,,,,,1273.0,1273.0,,,0.0,,,0.0
2025-05-08 19:00:00,,,,,,,1533.0,1533.0,,,0.0,,,0.0
2025-05-08 20:00:00,,,,,,,1529.0,1529.0,,,0.0,,,0.0
2025-05-08 21:00:00,,,,,,,1533.0,1533.0,,,0.0,,,0.0
2025-05-08 22:00:00,,,,,,,1533.0,1533.0,,,0.0,,,0.0
2025-05-08 23:00:00,,,,,,,1533.0,1533.0,,,0.0,,,0.0
2025-05-09 00:00:00,,,,,,,1533.0,1533.0,,,0.0,,,0.0
2025-05-09 01:00:00,,,,,,,1533.0,1533.0,,,0.0,,,0.0
2025-05-09 02:00:00,,,,,,,1533.0,1533.0,,,0.0,,,0.0
2025-05-09 03:00:00,,,,,,,1533.0,1533.0,,,0.0,,,0.0
2025-05-09 04:00:00,,,,,,,1529.0,1529.0,,,0.0,,,0.0
2025-05-09 05:00:00,,,,,,,1533.0,1533.0,,,0.0,,,0.0
2025-05-09 06:00:00,,,,,,,1533.0,1533.0,,,0.0,,,0.0
2025-05-09 07:00:00,,,,,,,509.0,509.0,,,0.0,,,0.0
2025-05-09 08:00:00,,,,,,,509.0,509.0,,,0.0,,,0.0
2025-05-09 09:00:00,,,,,,,509.0,509.0,1.3398,0.0,1.0,1.2429,0.0,1.0
2025-05-09 10:00:00,,,,,,,509.0,509.0,1.2376,0.0,2.0,1.2156,0.0,2.0
2025-05-09 11:00:00,,,,,,,509.0,509.0,,,0.0,,,0.0
2025-05-09 12:00:00,,,,,,,509.0,509.0,,,0.0,,,0.0
2025-05-09 13:00:00,,,,,,,509.0,509.0,,,0.0,,,0.0
2025-05-09 14:00:00,,,,,,,509.0,509.0,1.6322,0.0,1.0,1.2005999,0.0,1.0
2025-05-09 15:00:00,,,,,,,509.0,509.0,,,0.0,,,0.0
2025-05-09 16:00:00,,,,,,,509.0,509.0,,,0.0,,,0.0
2025-05-09 17:00:00,,,,,,,1533.0,1533.0,,,0.0,,,0.0
2025-05-09 18:00:00,,,,,,,1533.0,1533.0,,,0.0,,,0.0
2025-05-09 19:00:00,,,,,,,1529.0,1529.0,,,0.0,,,0.0
2025-05-09 20:00:00,,,,,,,1533.0,1533.0,,,0.0,,,0.0
2025-05-09 21:00:00,,,,,,,1533.0,1533.0,,,0.0,,,0.0
2025-05-09 22:00:00,,,,,,,1533.0,1533.0,,,0.0,,,0.0
2025-05-09 23:00:00,,,,,,,1529.0,1529.0,,,0.0,,,0.0
2025-05-10 00:00:00,,,,,,,1533.0,1533.0,,,0.0,,,0.0
2025-05-10 01:00:00,,,,,,,1533.0,1533.0,,,0.0,,,0.0
2025-05-10 02:00:00,,,,,,,1533.0,1533.0,,,0.0,,,0.0
2025-05-10 03:00:00,,,,,,,1533.0,1533.0,,,0.0,,,0.0
2025-05-10 04:00:00,,,,,,,1533.0,1533.0,,,0.0,,,0.0
2025-05-10 05:00:00,,,,,,,1533.0,1533.0,,,0.0,,,0.0
2025-05-10 06:00:00,,,,,,,1533.0,1533.0,,,0.0,,,0.0
2025-05-10 07:00:00,,,,,,,509.0,509.0,,,0.0,,,0.0
2025-05-10 08:00:00,,,,,,,509.0,509.0,,,0.0,,,0.0
2025-05-10 09:00:00,,,,,,,509.0,509.0,,,0.0,,,0.0
2025-05-10 10:00:00,,,,,,,509.0,509.0,,,0.0,,,0.0
2025-05-10 11:00:00,,,,,,,509.0,509.0,,,0.0,,,0.0
2025-05-10 12:00:00,,,,,,,509.0,509.0,,,0.0,,,0.0
2025-05-10 13:00:00,,,,,,,509.0,509.0,,,0.0,,,0.0
2025-05-10 14:00:00,,,,,,,509.0,509.0,,,0.0,,,0.0
2025-05-10 15:00:00,,,,,,,509.0,509.0,,,0.0,,,0.0
2025-05-10 16:00:00,,,,,,,509.0,509.0,,,0.0,,,0.0
2025-05-10 17:00:00,,,,,,,1533.0,1533.0,,,0.0,,,0.0
2025-05-10 18:00:00,,,,,,,1533.0,1533.0,,,0.0,,,0.0
2025-05-10 19:00:00,,,,,,,1533.0,1533.0,,,0.0,,,0.0
2025-05-10 20:00:00,,,,,,,1533.0,1533.0,,,0.0,,,0.0
2025-05-10 21:00:00,,,,,,,1533.0,1533.0,,,0.0,,,0.0
2025-05-10 22:00:00,,,,,,,1533.0,1533.0,,,0.0,,,0.0
2025-05-10 23:00:00,,,,,,,1533.0,1533.0,,,0.0,,,0.0
2025-05-11 00:00:00,,,,,,,1533.0,1533.0,,,0.0,,,0.0
2025-05-11 01:00:00,,,,,,,1533.0,1533.0,,,0.0,,,0.0
2025-05-11 02:00:00,,,,,,,1533.0,1533.0,,,0.0,,,0.0
2025-05-11 03:00:00,,,,,,,1533.0,1533.0,,,0.0,,,0.0
2025-05-11 04:00:00,,,,,,,1533.0,1533.0,,,0.0,,,0.0
2025-05-11 05:00:00,,,,,,,1533.0,1533.0,,,0.0,,,0.0
2025-05-11 06:00:00,,,,,,,1533.0,1533.0,,,0.0,,,0.0
2025-05-11 07:00:00,,,,,,,509.0,509.0,,,0.0,,,0.0
2025-05-11 08:00:00,,,,,,,509.0,509.0,,,0.0,,,0.0
2025-05-11 09:00:00,,,,,,,509.0,509.0,,,0.0,,,0.0
2025-05-11 10:00:00,,,,,,,509.0,509.0,,,0.0,,,0.0
2025-05-11 11:00:00,,,,,,,509.0,509.0,,,0.0,,,0.0
2025-05-11 12:00:00,,,,,,,509.0,509.0,,,0.0,,,0.0
2025-05-11 13:00:00,,,,,,,509.0,509.0,,,0.0,,,0.0
2025-05-11 14:00:00,,,,,,,509.0,509.0,,,0.0,,,0.0
2025-05-11 15:00:00,,,,,,,505.0,504.0,0.4878,0.0,1.0,0.6385,0.0,1.0
2025-05-11 16:00:00,,,,,,,509.0,509.0,,,0.0,,,0.0
2025-05-11 17:00:00,,,,,,,1533.0,1533.0,,,0.0,,,0.0
2025-05-11 18:00:00,,,,,,,1533.0,1533.0,,,0.0,,,0.0
2025-05-11 19:00:00,,,,,,,1529.0,1529.0,,,0.0,,,0.0
2025-05-11 20:00:00,,,,,,,1533.0,1533.0,,,0.0,,,0.0
2025-05-11 21:00:00,,,,,,,1529.0,1529.0,,,0.0,,,0.0
2025-05-11 22:00:00,,,,,,,1273.0,1273.0,,,0.0,,,0.0
2025-05-11 23:00:00,,,,,,,1529.0,1529.0,,,0.0,,,0.0
2025-05-12 00:00:00,,,,,,,1273.0,1273.0,,,0.0,,,0.0
2025-05-12 01:00:00,,,,,,,1533.0,1533.0,,,0.0,,,0.0
2025-05-12 02:00:00,,,,,,,1533.0,1533.0,,,0.0,,,0.0
2025-05-12 03:00:00,,,,,,,1529.0,1529.0,,,0.0,,,0.0
2025-05-12 04:00:00,,,,,,,1273.0,1273.0,,,0.0,,,0.0
2025-05-12 05:00:00,,,,,,,1529.0,1529.0,,,0.0,,,0.0
2025-05-12 06:00:00,,,,,,,1533.0,1533.0,,,0.0,,,0.0
2025-05-12 07:00:00,,,,,,,509.0,509.0,,,0.0,,,0.0
2025-05-12 08:00:00,,,,,,,509.0,509.0,,,0.0,,,0.0
2025-05-12 09:00:00,,,,,,,509.0,509.0,,,0.0,,,0.0
2025-05-12 10:00:00,,,,,,,505.0,505.0,0.1034,0.0,1.0,1.0653,0.0,1.0
2025-05-12 11:00:00,,,,,,,505.0,505.0,,,0.0,,,0.0
2025-05-12 12:00:00,,,,,,,505.0,505.0,,,0.0,,,0.0
2025-05-12 13:00:00,,,,,,,2297.0,2296.0,0.0066,0.0,1.0,1.1078,0.0,1.0
2025-05-12 14:00:00,,,,,,,2553.0,2552.0,0.0734,0.0412,6.0,1.1112,0.0048999786,6.0
2025-05-12 15:00:00,0.13859999,,,,,,193.0,249.0,0.15359999,0.045599997,5.0,1.0999,0.00080001354,5.0
2025-05-12 16:00:00,0.1478,,,,,,2241.0,2296.0,0.1046,0.056599997,6.0,1.2603999,0.14699996,6.0
2025-05-12 17:00:00,,,,,,,1533.0,1533.0,0.219,0.0122,4.0,1.1254,0.00080001354,4.0
2025-05-12 18:00:00,,,,,,,1273.0,1273.0,,,0.0,,,0.0
2025-05-12 19:00:00,,,,,,,1273.0,1273.0,,,0.0,,,0.0
2025-05-12 20:00:00,,,,,,,1273.0,1273.0,,,0.0,,,0.0
2025-05-12 21:00:00,,,,,,,1529.0,1529.0,,,0.0,,,0.0
2025-05-12 22:00:00,,,,,,,1273.0,1273.0,,,0.0,,,0.0
2025-05-12 23:00:00,,,,,,,1529.0,1529.0,,,0.0,,,0.0
2025-05-13 00:00:00,,,,,,,1533.0,1533.0,,,0.0,,,0.0
2025-05-13 01:00:00,,,,,,,1533.0,1533.0,,,0.0,,,0.0
2025-05-13 02:00:00,,,,,,,1273.0,1273.0,,,0.0,,,0.0
2025-05-13 03:00:00,,,,,,,1273.0,1273.0,,,0.0,,,0.0
2025-05-13 04:00:00,,,,,,,1529.0,1529.0,,,0.0,,,0.0
2025-05-13 05:00:00,,,,,,,1273.0,1273.0,,,0.0,,,0.0
2025-05-13 06:00:00,,,,,,,1533.0,1533.0,,,0.0,,,0.0
2025-05-13 07:00:00,,,,,,,509.0,509.0,,,0.0,,,0.0
2025-05-13 08:00:00,,,,,,,509.0,509.0,,,0.0,,,0.0
2025-05-13 09:00:00,,,,,,,509.0,509.0,0.1982,0.055,4.0,1.1263,0.0026000142,4.0
2025-05-13 10:00:00,,,,,,,2553.0,2552.0,0.493,0.6586,3.0,1.1177,0.018299997,3.0
2025-05-13 11:00:00,,,,,,,249.0,249.0,0.0252,0.010199999,5.0,1.1186,0.002399981,5.0
2025-05-13 12:00:00,,,,,,,509.0,509.0,,,0.0,,,0.0
2025-05-13 13:00:00,,,,,,,249.0,248.0,0.1926,0.1454,6.0,1.1394,0.0034999847,6.0
2025-05-13 14:00:00,,,,,,,509.0,509.0,,,0.0,,,0.0
2025-05-13 15:00:00,,,,,,,509.0,509.0,,,0.0,,,0.0
2025-05-13 16:00:00,,,,,,,509.0,509.0,,,0.0,,,0.0
2025-05-13 17:00:00,,,,,,,1533.0,1533.0,0.43899998,0.029,3.0,1.1280999,0.0041999817,3.0
2025-05-13 18:00:00,,,,,,,1529.0,1529.0,,,0.0,,,0.0
2025-05-13 19:00:00,,,,,,,1529.0,1529.0,,,0.0,,,0.0
2025-05-13 20:00:00,,,,,,,1529.0,1529.0,,,0.0,,,0.0
2025-05-13 21:00:00,,,,,,,1529.0,1529.0,,,0.0,,,0.0
2025-05-13 22:00:00,,,,,,,1533.0,1533.0,,,0.0,,,0.0
2025-05-13 23:00:00,,,,,,,1533.0,1533.0,,,0.0,,,0.0
2025-05-14 00:00:00,,,,,,,1273.0,1273.0,,,0.0,,,0.0
2025-05-14 01:00:00,,,,,,,1273.0,1273.0,,,0.0,,,0.0
2025-05-14 02:00:00,,,,,,,1529.0,1529.0,,,0.0,,,0.0
2025-05-14 03:00:00,,,,,,,1273.0,1273.0,,,0.0,,,0.0
2025-05-14 04:00:00,,,,,,,1529.0,1529.0,,,0.0,,,0.0
2025-05-14 05:00:00,,,,,,,1273.0,1273.0,,,0.0,,,0.0
2025-05-14 06:00:00,,,,,,,1533.0,1533.0,,,0.0,,,0.0
2025-05-14 07:00:00,,,,,,,509.0,509.0,,,0.0,,,0.0
2025-05-14 08:00:00,,,,,,,509.0,509.0,,,0.0,,,0.0
2025-05-14 09:00:00,,,,,,,509.0,509.0,,,0.0,,,0.0
2025-05-14 10:00:00,,,,,,,509.0,509.0,,,0.0,,,0.0
2025-05-14 11:00:00,,,,,,,509.0,509.0,,,0.0,,,0.0
2025-05-14 12:00:00,,,,,,,509.0,509.0,,,0.0,,,0.0
2025-05-14 13:00:00,,,,,,,509.0,509.0,,,0.0,,,0.0
2025-05-14 14:00:00,,,,,,,509.0,509.0,,,0.0,,,0.0
2025-05-14 15:00:00,,,,,,,509.0,509.0,,,0.0,,,0.0
2025-05-14 16:00:00,,,,,,,509.0,509.0,,,0.0,,,0.0
2025-05-14 17:00:00,,,,,,,1533.0,1533.0,,,0.0,,,0.0
2025-05-14 18:00:00,,,,,,,1273.0,1273.0,,,0.0,,,0.0
2025-05-14 19:00:00,,,,,,,1273.0,1273.0,,,0.0,,,0.0
2025-05-14 20:00:00,,,,,,,1273.0,1273.0,,,0.0,,,0.0
2025-05-14 21:00:00,,,,,,,1273.0,1273.0,,,0.0,,,0.0
2025-05-14 22:00:00,,,,,,,1533.0,1533.0,,,0.0,,,0.0
2025-05-14 23:00:00,,,,,,,1273.0,1273.0,,,0.0,,,0.0
2025-05-15 00:00:00,,,,,,,1529.0,1529.0,,,0.0,,,0.0
2025-05-15 01:00:00,,,,,,,1529.0,1529.0,,,0.0,,,0.0
2025-05-15 02:00:00,,,,,,,1533.0,1533.0,,,0.0,,,0.0
2025-05-15 03:00:00,,,,,,,1529.0,1529.0,,,0.0,,,0.0
2025-05-15 04:00:00,,,,,,,1533.0,1533.0,,,0.0,,,0.0
2025-05-15 05:00:00,,,,,,,1533.0,1533.0,,,0.0,,,0.0
2025-05-15 06:00:00,,,,,,,1533.0,1533.0,,,0.0,,,0.0
2025-05-15 07:00:00,,,,,,,509.0,509.0,,,0.0,,,0.0
2025-05-15 08:00:00,,,,,,,509.0,509.0,,,0.0,,,0.0
2025-05-15 09:00:00,,,,,,,509.0,509.0,,,0.0,,,0.0
2025-05-15 10:00:00,,,,,,,509.0,509.0,,,0.0,,,0.0
2025-05-15 11:00:00,,,,,,,509.0,509.0,,,0.0,,,0.0
2025-05-15 12:00:00,,,,,,,509.0,509.0,,,0.0,,,0.0
2025-05-15 13:00:00,,,,,,,509.0,509.0,,,0.0,,,0.0
2025-05-15 14:00:00,,,,,,,509.0,509.0,,,0.0,,,0.0
2025-05-15 15:00:00,,,,,,,509.0,509.0,,,0.0,,,0.0
2025-05-15 16:00:00,,,,,,,509.0,509.0,,,0.0,,,0.0
2025-05-15 17:00:00,,,,,,,1533.0,1533.0,,,0.0,,,0.0
2025-05-15 18:00:00,,,,,,,1533.0,1533.0,,,0.0,,,0.0
2025-05-15 19:00:00,,,,,,,1533.0,1533.0,,,0.0,,,0.0
2025-05-15 20:00:00,,,,,,,1533.0,1533.0,,,0.0,,,0.0
2025-05-15 21:00:00,,,,,,,1533.0,1533.0,,,0.0,,,0.0
2025-05-15 22:00:00,,,,,,,1533.0,1533.0,,,0.0,,,0.0
2025-05-15 23:00:00,,,,,,,1533.0,1533.0,,,0.0,,,0.0
2025-05-16 00:00:00,,,,,,,1533.0,1533.0,,,0.0,,,0.0
2025-05-16 01:00:00,,,,,,,1529.0,1529.0,,,0.0,,,0.0
2025-05-16 02:00:00,,,,,,,1533.0,1533.0,,,0.0,,,0.0
2025-05-16 03:00:00,,,,,,,1533.0,1533.0,,,0.0,,,0.0
2025-05-16 04:00:00,,,,,,,1529.0,1529.0,,,0.0,,,0.0
2025-05-16 05:00:00,,,,,,,1533.0,1533.0,,,0.0,,,0.0
2025-05-16 06:00:00,,,,,,,1533.0,1533.0,,,0.0,,,0.0
2025-05-16 07:00:00,,,,,,,509.0,509.0,,,0.0,,,0.0
2025-05-16 08:00:00,,,,,,,509.0,509.0,,,0.0,,,0.0
2025-05-16 09:00:00,,,,,,,509.0,509.0,,,0.0,,,0.0
2025-05-16 10:00:00,,,,,,,509.0,509.0,,,0.0,,,0.0
2025-05-16 11:00:00,,,,,,,509.0,509.0,,,0.0,,,0.0
2025-05-16 12:00:00,,,,,,,509.0,509.0,,,0.0,,,0.0
2025-05-16 13:00:00,,,,,,,509.0,509.0,,,0.0,,,0.0
2025-05-16 14:00:00,,,,,,,509.0,509.0,,,0.0,,,0.0
2025-05-16 15:00:00,,,,,,,509.0,509.0,,,0.0,,,0.0
2025-05-16 16:00:00,,,,,,,509.0,509.0,,,0.0,,,0.0
2025-05-16 17:00:00,,,,,,,1533.0,1533.0,,,0.0,,,0.0
2025-05-16 18:00:00,,,,,,,1533.0,1533.0,,,0.0,,,0.0
2025-05-16 19:00:00,,,,,,,1533.0,1533.0,,,0.0,,,0.0
2025-05-16 20:00:00,,,,,,,1529.0,1529.0,,,0.0,,,0.0
2025-05-16 21:00:00,,,,,,,1533.0,1533.0,,,0.0,,,0.0
2025-05-16 22:00:00,,,,,,,1533.0,1533.0,,,0.0,,,0.0
2025-05-16 23:00:00,,,,,,,1533.0,1533.0,,,0.0,,,0.0
2025-05-17 00:00:00,,,,,,,1529.0,1529.0,,,0.0,,,0.0
2025-05-17 01:00:00,,,,,,,1533.0,1533.0,,,0.0,,,0.0
2025-05-17 02:00:00,,,,,,,1533.0,1533.0,,,0.0,,,0.0
2025-05-17 03:00:00,,,,,,,1529.0,1529.0,,,0.0,,,0.0
2025-05-17 04:00:00,,,,,,,1533.0,1533.0,,,0.0,,,0.0
2025-05-17 05:00:00,,,,,,,1533.0,1533.0,,,0.0,,,0.0
2025-05-17 06:00:00,,,,,,,1533.0,1533.0,,,0.0,,,0.0
2025-05-17 07:00:00,,,,,,,509.0,509.0,,,0.0,,,0.0
2025-05-17 08:00:00,,,,,,,509.0,509.0,,,0.0,,,0.0
2025-05-17 09:00:00,,,,,,,509.0,509.0,,,0.0,,,0.0
2025-05-17 10:00:00,,,,,,,509.0,509.0,,,0.0,,,0.0
2025-05-17 11:00:00,,,,,,,505.0,505.0,,,0.0,,,0.0
2025-05-17 12:00:00,,,,,,,505.0,504.0,2.0667999,0.0,1.0,0.1577,0.0,1.0
2025-05-17 13:00:00,,,,,,,509.0,509.0,,,0.0,,,0.0
2025-05-17 14:00:00,,,,,,,509.0,509.0,,,0.0,,,0.0
2025-05-17 15:00:00,,,,,,,509.0,509.0,,,0.0,,,0.0
2025-05-17 16:00:00,,,,,,,509.0,509.0,,,0.0,,,0.0
2025-05-17 17:00:00,,,,,,,1533.0,1533.0,,,0.0,,,0.0
2025-05-17 18:00:00,,,,,,,1533.0,1533.0,,,0.0,,,0.0
2025-05-17 19:00:00,,,,,,,1533.0,1533.0,,,0.0,,,0.0
2025-05-17 20:00:00,,,,,,,1529.0,1529.0,,,0.0,,,0.0
2025-05-17 21:00:00,,,,,,,1533.0,1533.0,,,0.0,,,0.0
2025-05-17 22:00:00,,,,,,,1533.0,1533.0,,,0.0,,,0.0
2025-05-17 23:00:00,,,,,,,1529.0,1529.0,,,0.0,,,0.0
2025-05-18 00:00:00,,,,,,,1533.0,1533.0,,,0.0,,,0.0
2025-05-18 01:00:00,,,,,,,1533.0,1533.0,,,0.0,,,0.0
2025-05-18 02:00:00,,,,,,,1533.0,1533.0,,,0.0,,,0.0
2025-05-18 03:00:00,,,,,,,1533.0,1533.0,,,0.0,,,0.0
2025-05-18 04:00:00,,,,,,,1533.0,1533.0,,,0.0,,,0.0
2025-05-18 05:00:00,,,,,,,1533.0,1533.0,,,0.0,,,0.0
2025-05-18 06:00:00,,,,,,,1533.0,1533.0,,,0.0,,,0.0
2025-05-18 07:00:00,,,,,,,509.0,509.0,,,0.0,,,0.0
2025-05-18 08:00:00,,,,,,,505.0,504.0,0.6716,0.2014,5.0,0.96959996,0.036000013,5.0
2025-05-18 09:00:00,,,,,,,509.0,509.0,0.7958,0.0332,3.0,0.9237,0.007099986,3.0
2025-05-18 10:00:00,,,,,,,509.0,509.0,0.524,0.0,2.0,0.9611,0.0,2.0
2025-05-18 11:00:00,,,,,,,509.0,509.0,,,0.0,,,0.0
2025-05-18 12:00:00,,,,,,,509.0,509.0,,,0.0,,,0.0
2025-05-18 13:00:00,,,,,,,509.0,509.0,,,0.0,,,0.0
2025-05-18 14:00:00,,,,,,,509.0,509.0,,,0.0,,,0.0
2025-05-18 15:00:00,,,,,,,509.0,509.0,,,0.0,,,0.0
2025-05-18 16:00:00,,,,,,,509.0,509.0,0.0164,0.0,1.0,0.9987999,0.0,1.0
2025-05-18 17:00:00,,,,,,,1533.0,1533.0,,,0.0,,,0.0
2025-05-18 18:00:00,,,,,,,1533.0,1533.0,,,0.0,,,0.0
2025-05-18 19:00:00,,,,,,,1533.0,1533.0,,,0.0,,,0.0
2025-05-18 20:00:00,,,,,,,1529.0,1529.0,,,0.0,,,0.0
2025-05-18 21:00:00,,,,,,,1533.0,1533.0,,,0.0,,,0.0
2025-05-18 22:00:00,,,,,,,1533.0,1533.0,,,0.0,,,0.0
2025-05-18 23:00:00,,,,,,,1529.0,1529.0,,,0.0,,,0.0
2025-05-19 00:00:00,,,,,,,1533.0,1533.0,,,0.0,,,0.0
2025-05-19 01:00:00,,,,,,,1529.0,1529.0,,,0.0,,,0.0
2025-05-19 02:00:00,,,,,,,1533.0,1533.0,,,0.0,,,0.0
2025-05-19 03:00:00,,,,,,,1529.0,1529.0,,,0.0,,,0.0
2025-05-19 04:00:00,,,,,,,1533.0,1533.0,,,0.0,,,0.0
2025-05-19 05:00:00,,,,,,,1533.0,1533.0,,,0.0,,,0.0
2025-05-19 06:00:00,,,,,,,1533.0,1533.0,,,0.0,,,0.0
2025-05-19 07:00:00,,,,,,,509.0,509.0,,,0.0,,,0.0
2025-05-19 08:00:00,,,,,,,509.0,509.0,,,0.0,,,0.0
2025-05-19 09:00:00,,,,,,,509.0,509.0,,,0.0,,,0.0
2025-05-19 10:00:00,,,,,,,509.0,509.0,,,0.0,,,0.0
2025-05-19 11:00:00,,,,,,,509.0,509.0,,,0.0,,,0.0
2025-05-19 12:00:00,,,,,,,509.0,509.0,,,0.0,,,0.0
2025-05-19 13:00:00,,,,,,,509.0,509.0,,,0.0,,,0.0
2025-05-19 14:00:00,,,,,,,509.0,509.0,,,0.0,,,0.0
2025-05-19 15:00:00,,,,,,,509.0,509.0,,,0.0,,,0.0
2025-05-19 16:00:00,,,,,,,509.0,509.0,,,0.0,,,0.0
2025-05-19 17:00:00,,,,,,,1533.0,1533.0,,,0.0,,,0.0
2025-05-19 18:00:00,,,,,,,1533.0,1533.0,,,0.0,,,0.0
2025-05-19 19:00:00,,,,,,,1533.0,1533.0,,,0.0,,,0.0
2025-05-19 20:00:00,,,,,,,1529.0,1529.0,,,0.0,,,0.0
2025-05-19 21:00:00,,,,,,,1533.0,1533.0,,,0.0,,,0.0
2025-05-19 22:00:00,,,,,,,1533.0,1533.0,,,0.0,,,0.0
2025-05-19 23:00:00,,,,,,,1533.0,1533.0,,,0.0,,,0.0
2025-05-20 00:00:00,,,,,,,1533.0,1533.0,,,0.0,,,0.0
2025-05-20 01:00:00,,,,,,,1529.0,1529.0,,,0.0,,,0.0
2025-05-20 02:00:00,,,,,,,1533.0,1533.0,,,0.0,,,0.0
2025-05-20 03:00:00,,,,,,,1533.0,1533.0,,,0.0,,,0.0
2025-05-20 04:00:00,,,,,,,1529.0,1529.0,,,0.0,,,0.0
2025-05-20 05:00:00,,,,,,,1533.0,1533.0,,,0.0,,,0.0
2025-05-20 06:00:00,,,,,,,1533.0,1533.0,,,0.0,,,0.0
2025-05-20 07:00:00,,,,,,,509.0,509.0,,,0.0,,,0.0
2025-05-20 08:00:00,,,,,,,509.0,509.0,,,0.0,,,0.0
2025-05-20 09:00:00,,,,,,,509.0,509.0,,,0.0,,,0.0
2025-05-20 10:00:00,,,,,,,509.0,509.0,,,0.0,,,0.0
2025-05-20 11:00:00,,,,,,,509.0,509.0,1.0374,0.0,1.0,0.9397,0.0,1.0
2025-05-20 12:00:00,,,,,,,509.0,509.0,,,0.0,,,0.0
2025-05-20 13:00:00,,,,,,,509.0,509.0,,,0.0,,,0.0
2025-05-20 14:00:00,,,,,,,509.0,509.0,,,0.0,,,0.0
2025-05-20 15:00:00,,,,,,,509.0,509.0,,,0.0,,,0.0
2025-05-20 16:00:00,,,,,,,509.0,509.0,,,0.0,,,0.0
2025-05-20 17:00:00,,,,,,,1533.0,1533.0,,,0.0,,,0.0
2025-05-20 18:00:00,,,,,,,1533.0,1533.0,,,0.0,,,0.0
2025-05-20 19:00:00,,,,,,,1533.0,1533.0,,,0.0,,,0.0
2025-05-20 20:00:00,,,,,,,1533.0,1533.0,,,0.0,,,0.0
2025-05-20 21:00:00,,,,,,,1533.0,1533.0,,,0.0,,,0.0
2025-05-20 22:00:00,,,,,,,1529.0,1529.0,,,0.0,,,0.0
2025-05-20 23:00:00,,,,,,,1533.0,1533.0,,,0.0,,,0.0
2025-05-21 00:00:00,,,,,,,1533.0,1533.0,,,0.0,,,0.0
2025-05-21 01:00:00,,,,,,,1529.0,1529.0,,,0.0,,,0.0
2025-05-21 02:00:00,,,,,,,1529.0,1529.0,,,0.0,,,0.0
2025-05-21 03:00:00,,,,,,,1533.0,1533.0,,,0.0,,,0.0
2025-05-21 04:00:00,,,,,,,1533.0,1533.0,,,0.0,,,0.0
2025-05-21 05:00:00,,,,,,,1533.0,1533.0,,,0.0,,,0.0
2025-05-21 06:00:00,,,,,,,1533.0,1533.0,,,0.0,,,0.0
2025-05-21 07:00:00,,,,,,,509.0,509.0,,,0.0,,,0.0
2025-05-21 08:00:00,,,,,,,509.0,509.0,,,0.0,,,0.0
2025-05-21 09:00:00,,,,,,,509.0,509.0,,,0.0,,,0.0
2025-05-21 10:00:00,,,,,,,509.0,509.0,,,0.0,,,0.0
2025-05-21 11:00:00,,,,,,,509.0,509.0,,,0.0,,,0.0
2025-05-21 12:00:00,,,,,,,509.0,509.0,,,0.0,,,0.0
2025-05-21 13:00:00,,,,,,,509.0,509.0,,,0.0,,,0.0
2025-05-21 14:00:00,,,,,,,509.0,509.0,,,0.0,,,0.0
2025-05-21 15:00:00,,,,,,,509.0,509.0,,,0.0,,,0.0
2025-05-21 16:00:00,,,,,,,509.0,509.0,,,0.0,,,0.0
2025-05-21 17:00:00,,,,,,,1533.0,1533.0,,,0.0,,,0.0
2025-05-21 18:00:00,,,,,,,1533.0,1533.0,,,0.0,,,0.0
2025-05-21 19:00:00,,,,,,,1533.0,1533.0,,,0.0,,,0.0
2025-05-21 20:00:00,,,,,,,1533.0,1533.0,,,0.0,,,0.0
2025-05-21 21:00:00,,,,,,,1533.0,1533.0,,,0.0,,,0.0
2025-05-21 22:00:00,,,,,,,1529.0,1529.0,,,0.0,,,0.0
2025-05-21 23:00:00,,,,,,,1529.0,1529.0,,,0.0,,,0.0
2025-05-22 00:00:00,,,,,,,1533.0,1533.0,,,0.0,,,0.0
2025-05-22 01:00:00,,,,,,,1533.0,1533.0,,,0.0,,,0.0
2025-05-22 02:00:00,,,,,,,1533.0,1533.0,,,0.0,,,0.0
2025-05-22 03:00:00,,,,,,,1533.0,1533.0,,,0.0,,,0.0
2025-05-22 04:00:00,,,,,,,1533.0,1533.0,,,0.0,,,0.0
2025-05-22 05:00:00,,,,,,,1533.0,1533.0,,,0.0,,,0.0
2025-05-22 06:00:00,,,,,,,1533.0,1533.0,,,0.0,,,0.0
2025-05-22 07:00:00,,,,,,,509.0,509.0,,,0.0,,,0.0
2025-05-22 08:00:00,,,,,,,509.0,509.0,,,0.0,,,0.0
2025-05-22 09:00:00,,,,,,,509.0,509.0,,,0.0,,,0.0
2025-05-22 10:00:00,,,,,,,509.0,509.0,,,0.0,,,0.0
2025-05-22 11:00:00,,,,,,,509.0,509.0,,,0.0,,,0.0
2025-05-22 12:00:00,,,,,,,509.0,509.0,,,0.0,,,0.0
2025-05-22 13:00:00,,,,,,,509.0,509.0,,,0.0,,,0.0
2025-05-22 14:00:00,,,,,,,509.0,509.0,,,0.0,,,0.0
2025-05-22 15:00:00,,,,,,,509.0,509.0,,,0.0,,,0.0
2025-05-22 16:00:00,,,,,,,509.0,509.0,,,0.0,,,0.0
2025-05-22 17:00:00,,,,,,,509.0,509.0,0.7158,0.0,1.0,1.0173999,0.0,1.0
2025-05-22 18:00:00,,,,,,,1533.0,1533.0,,,0.0,,,0.0
2025-05-22 19:00:00,,,,,,,1529.0,1529.0,,,0.0,,,0.0
2025-05-22 20:00:00,,,,,,,1533.0,1533.0,,,0.0,,,0.0
2025-05-22 21:00:00,,,,,,,1529.0,1529.0,,,0.0,,,0.0
2025-05-22 22:00:00,,,,,,,1533.0,1533.0,,,0.0,,,0.0
2025-05-22 23:00:00,,,,,,,1533.0,1533.0,,,0.0,,,0.0
2025-05-23 00:00:00,,,,,,,1533.0,1533.0,,,0.0,,,0.0
2025-05-23 01:00:00,,,,,,,1533.0,1533.0,,,0.0,,,0.0
2025-05-23 02:00:00,,,,,,,1533.0,1533.0,,,0.0,,,0.0
2025-05-23 03:00:00,,,,,,,1533.0,1533.0,,,0.0,,,0.0
2025-05-23 04:00:00,,,,,,,1533.0,1533.0,,,0.0,,,0.0
2025-05-23 05:00:00,,,,,,,1533.0,1533.0,,,0.0,,,0.0
2025-05-23 06:00:00,,,,,,,1533.0,1533.0,,,0.0,,,0.0
2025-05-23 07:00:00,,,,,,,509.0,509.0,,,0.0,,,0.0
2025-05-23 08:00:00,,,,,,,509.0,509.0,,,0.0,,,0.0
2025-05-23 09:00:00,,,,,,,509.0,509.0,,,0.0,,,0.0
2025-05-23 10:00:00,,,,,,,509.0,509.0,,,0.0,,,0.0
2025-05-23 11:00:00,,,,,,,509.0,509.0,,,0.0,,,0.0
2025-05-23 12:00:00,,,,,,,509.0,509.0,,,0.0,,,0.0
2025-05-23 13:00:00,,,,,,,509.0,509.0,,,0.0,,,0.0
2025-05-23 14:00:00,,,,,,,509.0,509.0,,,0.0,,,0.0
2025-05-23 15:00:00,,,,,,,509.0,509.0,,,0.0,,,0.0
2025-05-23 16:00:00,,,,,,,509.0,509.0,,,0.0,,,0.0
2025-05-23 17:00:00,,,,,,,1533.0,1533.0,,,0.0,,,0.0
2025-05-23 18:00:00,,,,,,,1533.0,1533.0,,,0.0,,,0.0
2025-05-23 19:00:00,,,,,,,1533.0,1533.0,,,0.0,,,0.0
2025-05-23 20:00:00,,,,,,,1529.0,1529.0,,,0.0,,,0.0
2025-05-23 21:00:00,,,,,,,1533.0,1533.0,,,0.0,,,0.0
2025-05-23 22:00:00,,,,,,,1529.0,1529.0,,,0.0,,,0.0
2025-05-23 23:00:00,,,,,,,1529.0,1529.0,,,0.0,,,0.0
2025-05-24 00:00:00,,,,,,,1533.0,1533.0,,,0.0,,,0.0
2025-05-24 01:00:00,,,,,,,1529.0,1529.0,,,0.0,,,0.0
2025-05-24 02:00:00,,,,,,,1533.0,1533.0,,,0.0,,,0.0
2025-05-24 03:00:00,,,,,,,1533.0,1533.0,,,0.0,,,0.0
2025-05-24 04:00:00,,,,,,,1533.0,1533.0,,,0.0,,,0.0
2025-05-24 05:00:00,,,,,,,1533.0,1533.0,,,0.0,,,0.0
2025-05-24 06:00:00,,,,,,,1533.0,1533.0,,,0.0,,,0.0
2025-05-24 07:00:00,,,,,,,509.0,509.0,,,0.0,,,0.0
2025-05-24 08:00:00,,,,,,,509.0,509.0,,,0.0,,,0.0
2025-05-24 09:00:00,,,,,,,509.0,509.0,,,0.0,,,0.0
2025-05-24 10:00:00,,,,,,,509.0,509.0,,,0.0,,,0.0
2025-05-24 11:00:00,,,,,,,509.0,509.0,,,0.0,,,0.0
2025-05-24 12:00:00,,,,,,,509.0,509.0,,,0.0,,,0.0
2025-05-24 13:00:00,,,,,,,509.0,509.0,,,0.0,,,0.0
2025-05-24 14:00:00,,,,,,,509.0,509.0,,,0.0,,,0.0
2025-05-24 15:00:00,,,,,,,509.0,509.0,,,0.0,,,0.0
2025-05-24 16:00:00,,,,,,,509.0,509.0,,,0.0,,,0.0
2025-05-24 17:00:00,,,,,,,1533.0,1533.0,,,0.0,,,0.0
2025-05-24 18:00:00,,,,,,,1533.0,1533.0,,,0.0,,,0.0
2025-05-24 19:00:00,,,,,,,1273.0,1273.0,,,0.0,,,0.0
2025-05-24 20:00:00,,,,,,,1533.0,1533.0,,,0.0,,,0.0
2025-05-24 21:00:00,,,,,,,1529.0,1529.0,,,0.0,,,0.0
2025-05-24 22:00:00,,,,,,,1529.0,1529.0,,,0.0,,,0.0
2025-05-24 23:00:00,,,,,,,1529.0,1529.0,,,0.0,,,0.0
2025-05-25 00:00:00,,,,,,,1533.0,1533.0,,,0.0,,,0.0
2025-05-25 01:00:00,,,,,,,1529.0,1529.0,,,0.0,,,0.0
2025-05-25 02:00:00,,,,,,,1529.0,1529.0,,,0.0,,,0.0
2025-05-25 03:00:00,,,,,,,1529.0,1529.0,,,0.0,,,0.0
2025-05-25 04:00:00,,,,,,,1533.0,1533.0,,,0.0,,,0.0
2025-05-25 05:00:00,,,,,,,1529.0,1529.0,,,0.0,,,0.0
2025-05-25 06:00:00,,,,,,,1533.0,1533.0,,,0.0,,,0.0
2025-05-25 07:00:00,,,,,,,509.0,509.0,,,0.0,,,0.0
2025-05-25 08:00:00,,,,,,,509.0,509.0,,,0.0,,,0.0
2025-05-25 09:00:00,,,,,,,509.0,509.0,,,0.0,,,0.0
2025-05-25 10:00:00,,,,,,,509.0,509.0,,,0.0,,,0.0
2025-05-25 11:00:00,,,,,,,509.0,509.0,,,0.0,,,0.0
2025-05-25 12:00:00,,,,,,,509.0,509.0,,,0.0,,,0.0
2025-05-25 13:00:00,,,,,,,509.0,509.0,,,0.0,,,0.0
2025-05-25 14:00:00,,,,,,,509.0,509.0,,,0.0,,,0.0
2025-05-25 15:00:00,,,,,,,505.0,504.0,0.8276,0.0,1.0,0.3639,0.0,1.0
2025-05-25 16:00:00,,,,,,,509.0,509.0,1.1558,0.0,1.0,0.057200015,0.0,1.0
2025-05-25 17:00:00,,,,,,,1533.0,1533.0,,,0.0,,,0.0
2025-05-25 18:00:00,,,,,,,1533.0,1533.0,,,0.0,,,0.0
2025-05-25 19:00:00,,,,,,,1273.0,1273.0,,,0.0,,,0.0
2025-05-25 20:00:00,,,,,,,1529.0,1529.0,,,0.0,,,0.0
2025-05-25 21:00:00,,,,,,,1273.0,1273.0,,,0.0,,,0.0
2025-05-25 22:00:00,,,,,,,1273.0,1273.0,,,0.0,,,0.0
2025-05-25 23:00:00,,,,,,,1529.0,1529.0,,,0.0,,,0.0
2025-05-26 00:00:00,,,,,,,1533.0,1533.0,,,0.0,,,0.0
2025-05-26 01:00:00,,,,,,,1529.0,1529.0,,,0.0,,,0.0
2025-05-26 02:00:00,,,,,,,1533.0,1533.0,,,0.0,,,0.0
2025-05-26 03:00:00,,,,,,,1529.0,1529.0,,,0.0,,,0.0
2025-05-26 04:00:00,,,,,,,1529.0,1529.0,,,0.0,,,0.0
2025-05-26 05:00:00,,,,,,,1273.0,1273.0,,,0.0,,,0.0
2025-05-26 06:00:00,,,,,,,1533.0,1533.0,,,0.0,,,0.0
2025-05-26 07:00:00,,,,,,,509.0,509.0,,,0.0,,,0.0
2025-05-26 08:00:00,,,,,,,509.0,509.0,,,0.0,,,0.0
2025-05-26 09:00:00,,,,,,,509.0,509.0,,,0.0,,,0.0
2025-05-26 10:00:00,,,,,,,509.0,509.0,,,0.0,,,0.0
2025-05-26 11:00:00,,,,,,,509.0,509.0,,,0.0,,,0.0
2025-05-26 12:00:00,,,,,,,509.0,509.0,,,0.0,,,0.0
2025-05-26 13:00:00,,,,,,,509.0,509.0,,,0.0,,,0.0
2025-05-26 14:00:00,,,,,,,509.0,509.0,,,0.0,,,0.0
2025-05-26 15:00:00,,,,,,,509.0,509.0,,,0.0,,,0.0
2025-05-26 16:00:00,,,,,,,509.0,509.0,,,0.0,,,0.0
2025-05-26 17:00:00,,,,,,,1533.0,1533.0,,,0.0,,,0.0
2025-05-26 18:00:00,,,,,,,1533.0,1533.0,,,0.0,,,0.0
2025-05-26 19:00:00,,,,,,,1273.0,1273.0,,,0.0,,,0.0
2025-05-26 20:00:00,,,,,,,1273.0,1273.0,,,0.0,,,0.0
2025-05-26 21:00:00,,,,,,,1533.0,1533.0,,,0.0,,,0.0
2025-05-26 22:00:00,,,,,,,1529.0,1529.0,,,0.0,,,0.0
2025-05-26 23:00:00,,,,,,,1529.0,1529.0,,,0.0,,,0.0
2025-05-27 00:00:00,,,,,,,1273.0,1273.0,,,0.0,,,0.0
2025-05-27 01:00:00,,,,,,,1533.0,1533.0,,,0.0,,,0.0
2025-05-27 02:00:00,,,,,,,1529.0,1529.0,,,0.0,,,0.0
2025-05-27 03:00:00,,,,,,,1529.0,1529.0,,,0.0,,,0.0
2025-05-27 04:00:00,,,,,,,1533.0,1533.0,,,0.0,,,0.0
2025-05-27 05:00:00,,,,,,,1533.0,1533.0,,,0.0,,,0.0
2025-05-27 06:00:00,,,,,,,1533.0,1533.0,,,0.0,,,0.0
2025-05-27 07:00:00,,,,,,,509.0,509.0,,,0.0,,,0.0
2025-05-27 08:00:00,,,,,,,509.0,509.0,,,0.0,,,0.0
2025-05-27 09:00:00,,,,,,,509.0,509.0,,,0.0,,,0.0
2025-05-27 10:00:00,,,,,,,509.0,509.0,,,0.0,,,0.0
2025-05-27 11:00:00,,,,,,,509.0,509.0,,,0.0,,,0.0
2025-05-27 12:00:00,,,,,,,509.0,509.0,,,0.0,,,0.0
2025-05-27 13:00:00,,,,,,,509.0,509.0,,,0.0,,,0.0
2025-05-27 14:00:00,,,,,,,509.0,509.0,,,0.0,,,0.0
2025-05-27 15:00:00,,,,,,,509.0,509.0,,,0.0,,,0.0
2025-05-27 16:00:00,,,,,,,509.0,509.0,,,0.0,,,0.0
2025-05-27 17:00:00,,,,,,,1533.0,1533.0,,,0.0,,,0.0
2025-05-27 18:00:00,,,,,,,1533.0,1533.0,,,0.0,,,0.0
2025-05-27 19:00:00,,,,,,,1533.0,1533.0,,,0.0,,,0.0
2025-05-27 20:00:00,,,,,,,1533.0,1533.0,,,0.0,,,0.0
2025-05-27 21:00:00,,,,,,,1533.0,1533.0,,,0.0,,,0.0
2025-05-27 22:00:00,,,,,,,1533.0,1533.0,,,0.0,,,0.0
2025-05-27 23:00:00,,,,,,,1533.0,1533.0,,,0.0,,,0.0
2025-05-28 00:00:00,,,,,,,1533.0,1533.0,,,0.0,,,0.0
2025-05-28 01:00:00,,,,,,,1533.0,1533.0,,,0.0,,,0.0
2025-05-28 02:00:00,,,,,,,1533.0,1533.0,,,0.0,,,0.0
2025-05-28 03:00:00,,,,,,,1529.0,1529.0,,,0.0,,,0.0
2025-05-28 04:00:00,,,,,,,1533.0,1533.0,,,0.0,,,0.0
2025-05-28 05:00:00,,,,,,,1533.0,1533.0,,,0.0,,,0.0
2025-05-28 06:00:00,,,,,,,1533.0,1533.0,,,0.0,,,0.0
2025-05-28 07:00:00,,,,,,,509.0,509.0,,,0.0,,,0.0
2025-05-28 08:00:00,,,,,,,509.0,509.0,,,0.0,,,0.0
2025-05-28 09:00:00,,,,,,,509.0,509.0,,,0.0,,,0.0
2025-05-28 10:00:00,,,,,,,509.0,509.0,,,0.0,,,0.0
2025-05-28 11:00:00,,,,,,,509.0,509.0,,,0.0,,,0.0
2025-05-28 12:00:00,,,,,,,509.0,509.0,,,0.0,,,0.0
2025-05-28 13:00:00,,,,,,,509.0,509.0,,,0.0,,,0.0
2025-05-28 14:00:00,,,,,,,505.0,505.0,,,0.0,,,0.0
2025-05-28 15:00:00,,,,,,,509.0,509.0,,,0.0,,,0.0
2025-05-28 16:00:00,,,,,,,509.0,509.0,,,0.0,,,0.0
2025-05-28 17:00:00,,,,,,,1533.0,1533.0,0.19,0.0686,2.0,1.1144999,0.010899961,2.0
2025-05-28 18:00:00,,,,,,,1533.0,1533.0,,,0.0,,,0.0
2025-05-28 19:00:00,,,,,,,1529.0,1529.0,,,0.0,,,0.0
2025-05-28 20:00:00,,,,,,,1529.0,1529.0,,,0.0,,,0.0
2025-05-28 21:00:00,,,,,,,1273.0,1273.0,,,0.0,,,0.0
2025-05-28 22:00:00,,,,,,,1529.0,1529.0,,,0.0,,,0.0
2025-05-28 23:00:00,,,,,,,1529.0,1529.0,,,0.0,,,0.0
2025-05-29 00:00:00,,,,,,,1533.0,1533.0,,,0.0,,,0.0
2025-05-29 01:00:00,,,,,,,1533.0,1533.0,,,0.0,,,0.0
2025-05-29 02:00:00,,,,,,,1529.0,1529.0,,,0.0,,,0.0
2025-05-29 03:00:00,,,,,,,1533.0,1533.0,,,0.0,,,0.0
2025-05-29 04:00:00,,,,,,,1533.0,1533.0,,,0.0,,,0.0
2025-05-29 05:00:00,,,,,,,1529.0,1529.0,,,0.0,,,0.0
2025-05-29 06:00:00,,,,,,,1533.0,1533.0,,,0.0,,,0.0
2025-05-29 07:00:00,,,,,,,509.0,509.0,,,0.0,,,0.0
2025-05-29 08:00:00,,,,,,,509.0,509.0,,,0.0,,,0.0
2025-05-29 09:00:00,,,,,,,509.0,509.0,,,0.0,,,0.0
2025-05-29 10:00:00,,,,,,,509.0,509.0,,,0.0,,,0.0
2025-05-29 11:00:00,,,,,,,509.0,509.0,,,0.0,,,0.0
2025-05-29 12:00:00,,,,,,,509.0,509.0,,,0.0,,,0.0
2025-05-29 13:00:00,,,,,,,509.0,509.0,,,0.0,,,0.0
2025-05-29 14:00:00,,,,,,,509.0,509.0,,,0.0,,,0.0
2025-05-29 15:00:00,,,,,,,509.0,509.0,,,0.0,,,0.0
2025-05-29 16:00:00,,,,,,,509.0,509.0,,,0.0,,,0.0
2025-05-29 17:00:00,,,,,,,1533.0,1533.0,,,0.0,,,0.0
2025-05-29 18:00:00,,,,,,,1533.0,1533.0,,,0.0,,,0.0
2025-05-29 19:00:00,,,,,,,1533.0,1533.0,,,0.0,,,0.0
2025-05-29 20:00:00,,,,,,,1533.0,1533.0,,,0.0,,,0.0
2025-05-29 21:00:00,,,,,,,1533.0,1533.0,,,0.0,,,0.0
2025-05-29 22:00:00,,,,,,,1533.0,1533.0,,,0.0,,,0.0
2025-05-29 23:00:00,,,,,,,1533.0,1533.0,,,0.0,,,0.0
2025-05-30 00:00:00,,,,,,,1533.0,1533.0,,,0.0,,,0.0
2025-05-30 01:00:00,,,,,,,1529.0,1529.0,,,0.0,,,0.0
2025-05-30 02:00:00,,,,,,,1533.0,1533.0,,,0.0,,,0.0
2025-05-30 03:00:00,,,,,,,1529.0,1529.0,,,0.0,,,0.0
2025-05-30 04:00:00,,,,,,,1529.0,1529.0,,,0.0,,,0.0
2025-05-30 05:00:00,,,,,,,1529.0,1529.0,,,0.0,,,0.0
2025-05-30 06:00:00,,,,,,,1533.0,1533.0,,,0.0,,,0.0
2025-05-30 07:00:00,,,,,,,509.0,509.0,,,0.0,,,0.0
2025-05-30 08:00:00,,,,,,,509.0,509.0,,,0.0,,,0.0
2025-05-30 09:00:00,,,,,,,509.0,509.0,,,0.0,,,0.0
2025-05-30 10:00:00,,,,,,,509.0,509.0,,,0.0,,,0.0
2025-05-30 11:00:00,,,,,,,509.0,509.0,,,0.0,,,0.0
2025-05-30 12:00:00,,,,,,,509.0,509.0,,,0.0,,,0.0
2025-05-30 13:00:00,,,,,,,509.0,509.0,,,0.0,,,0.0
2025-05-30 14:00:00,,,,,,,509.0,509.0,,,0.0,,,0.0
2025-05-30 15:00:00,,,,,,,509.0,509.0,,,0.0,,,0.0
2025-05-30 16:00:00,,,,,,,509.0,509.0,,,0.0,,,0.0
2025-05-30 17:00:00,,,,,,,1533.0,1533.0,,,0.0,,,0.0
2025-05-30 18:00:00,,,,,,,1533.0,1533.0,,,0.0,,,0.0
2025-05-30 19:00:00,,,,,,,1529.0,1529.0,,,0.0,,,0.0
2025-05-30 20:00:00,,,,,,,1533.0,1533.0,,,0.0,,,0.0
2025-05-30 21:00:00,,,,,,,1529.0,1529.0,,,0.0,,,0.0
2025-05-30 22:00:00,,,,,,,1529.0,1529.0,,,0.0,,,0.0
2025-05-30 23:00:00,,,,,,,1273.0,1273.0,,,0.0,,,0.0
2025-05-31 00:00:00,,,,,,,1529.0,1529.0,,,0.0,,,0.0
2025-05-31 01:00:00,,,,,,,1533.0,1533.0,,,0.0,,,0.0
2025-05-31 02:00:00,,,,,,,1529.0,1529.0,,,0.0,,,0.0
2025-05-31 03:00:00,,,,,,,1533.0,1533.0,,,0.0,,,0.0
2025-05-31 04:00:00,,,,,,,1273.0,1273.0,,,0.0,,,0.0
2025-05-31 05:00:00,,,,,,,1273.0,1273.0,,,0.0,,,0.0
2025-05-31 06:00:00,,,,,,,1533.0,1533.0,,,0.0,,,0.0
2025-05-31 07:00:00,,,,,,,509.0,509.0,,,0.0,,,0.0
2025-05-31 08:00:00,,,,,,,509.0,509.0,,,0.0,,,0.0
2025-05-31 09:00:00,,,,,,,509.0,509.0,,,0.0,,,0.0
2025-05-31 10:00:00,,,,,,,509.0,509.0,,,0.0,,,0.0
2025-05-31 11:00:00,,,,,,,509.0,509.0,,,0.0,,,0.0
2025-05-31 12:00:00,,,,,,,509.0,509.0,,,0.0,,,0.0
2025-05-31 13:00:00,,,,,,,509.0,509.0,,,0.0,,,0.0
2025-05-31 14:00:00,,,,,,,505.0,504.0,0.9094,0.3498,2.0,0.8024,0.2651,2.0
2025-05-31 15:00:00,,,,,,,509.0,509.0,,,0.0,,,0.0
2025-05-31 16:00:00,,,,,,,509.0,509.0,,,0.0,,,0.0
2025-05-31 17:00:00,,,,,,,1533.0,1533.0,,,0.0,,,0.0
2025-05-31 18:00:00,,,,,,,1533.0,1533.0,,,0.0,,,0.0
2025-05-31 19:00:00,,,,,,,1273.0,1273.0,,,0.0,,,0.0
2025-05-31 20:00:00,,,,,,,1529.0,1529.0,,,0.0,,,0.0
2025-05-31 21:00:00,,,,,,,1533.0,1533.0,,,0.0,,,0.0
2025-05-31 22:00:00,,,,,,,1533.0,1533.0,,,0.0,,,0.0
2025-05-31 23:00:00,,,,,,,1529.0,1529.0,,,0.0,,,0.0
2025-06-01 00:00:00,,,,,,,1533.0,1533.0,,,0.0,,,0.0
2025-06-01 01:00:00,,,,,,,1529.0,1529.0,,,0.0,,,0.0
2025-06-01 02:00:00,,,,,,,1533.0,1533.0,,,0.0,,,0.0
2025-06-01 03:00:00,,,,,,,1533.0,1533.0,,,0.0,,,0.0
2025-06-01 04:00:00,,,,,,,1533.0,1533.0,,,0.0,,,0.0
2025-06-01 05:00:00,,,,,,,1533.0,1533.0,,,0.0,,,0.0
2025-06-01 06:00:00,,,,,,,1533.0,1533.0,,,0.0,,,0.0
2025-06-01 07:00:00,,,,,,,509.0,509.0,,,0.0,,,0.0
2025-06-01 08:00:00,,,,,,,509.0,509.0,0.2608,0.0392,2.0,1.0546,0.0012999773,2.0
2025-06-01 09:00:00,,,,,,,505.0,504.0,0.1406,0.0424,5.0,1.0623,0.011799991,5.0
2025-06-01 10:00:00,,,,,,,509.0,509.0,0.1882,0.0,1.0,1.0755,0.0,1.0
2025-06-01 11:00:00,,,,,,,505.0,504.0,0.273,0.049599998,2.0,0.9433999,0.1293,2.0
2025-06-01 12:00:00,,,,,,,505.0,504.0,0.2914,0.23179999,6.0,0.86609995,0.2342,6.0
2025-06-01 13:00:00,,,,,,,2553.0,2552.0,0.24219999,0.105399996,5.0,1.0935,0.0055999756,5.0
2025-06-01 14:00:00,,,,,,,509.0,509.0,0.025799999,0.018199999,2.0,1.0831,0.0,2.0
2025-06-01 15:00:00,,,,,,,509.0,509.0,,,0.0,,,0.0
2025-06-01 16:00:00,,,,,,,509.0,509.0,,,0.0,,,0.0
2025-06-01 17:00:00,,,,,,,1533.0,1533.0,,,0.0,,,0.0
2025-06-01 18:00:00,,,,,,,1533.0,1533.0,,,0.0,,,0.0
2025-06-01 19:00:00,,,,,,,1529.0,1529.0,,,0.0,,,0.0
2025-06-01 20:00:00,,,,,,,1529.0,1529.0,,,0.0,,,0.0
2025-06-01 21:00:00,,,,,,,1533.0,1533.0,,,0.0,,,0.0
2025-06-01 22:00:00,,,,,,,1529.0,1529.0,,,0.0,,,0.0
2025-06-01 23:00:00,,,,,,,1529.0,1529.0,,,0.0,,,0.0
2025-06-02 00:00:00,,,,,,,1529.0,1529.0,,,0.0,,,0.0
2025-06-02 01:00:00,,,,,,,1529.0,1529.0,,,0.0,,,0.0
2025-06-02 02:00:00,,,,,,,1273.0,1273.0,,,0.0,,,0.0
2025-06-02 03:00:00,,,,,,,1273.0,1273.0,,,0.0,,,0.0
2025-06-02 04:00:00,,,,,,,1273.0,1273.0,,,0.0,,,0.0
2025-06-02 05:00:00,,,,,,,1529.0,1529.0,,,0.0,,,0.0
2025-06-02 06:00:00,,,,,,,1533.0,1533.0,,,0.0,,,0.0
2025-06-02 07:00:00,,,,,,,505.0,504.0,0.42659998,0.0,1.0,1.0287,0.0,1.0
2025-06-02 08:00:00,,,,,,,505.0,504.0,0.48799998,0.058199998,5.0,1.0107,0.03609997,5.0
2025-06-02 09:00:00,,,,,,,505.0,504.0,0.55219996,0.108799994,4.0,0.96879995,0.014299989,4.0
2025-06-02 10:00:00,,,,,,,509.0,509.0,0.559,0.0,1.0,0.9943,0.0,1.0
2025-06-02 11:00:00,,,,,,,505.0,505.0,0.4538,0.0558,2.0,1.0093,0.0036000013,2.0
2025-06-02 12:00:00,,,,,,,509.0,509.0,0.34739998,0.0,1.0,0.549,0.0,1.0
2025-06-02 13:00:00,,,,,,,509.0,509.0,0.47259998,0.0994,3.0,1.0335,0.002399981,3.0
2025-06-02 14:00:00,,,,,,,505.0,505.0,0.6792,0.040799998,3.0,1.0142,0.008399963,3.0
2025-06-02 15:00:00,,,,,,,509.0,509.0,,,0.0,,,0.0
2025-06-02 16:00:00,,,,,,,509.0,509.0,,,0.0,,,0.0
2025-06-02 17:00:00,,,,,,,1533.0,1533.0,,,0.0,,,0.0
2025-06-02 18:00:00,,,,,,,1533.0,1533.0,,,0.0,,,0.0
2025-06-02 19:00:00,,,,,,,1533.0,1533.0,,,0.0,,,0.0
2025-06-02 20:00:00,,,,,,,1529.0,1529.0,,,0.0,,,0.0
2025-06-02 21:00:00,,,,,,,1529.0,1529.0,,,0.0,,,0.0
2025-06-02 22:00:00,,,,,,,1533.0,1533.0,,,0.0,,,0.0
2025-06-02 23:00:00,,,,,,,1529.0,1529.0,,,0.0,,,0.0
2025-06-03 00:00:00,,,,,,,1533.0,1533.0,,,0.0,,,0.0
2025-06-03 01:00:00,,,,,,,1533.0,1533.0,,,0.0,,,0.0
2025-06-03 02:00:00,,,,,,,1529.0,1529.0,,,0.0,,,0.0
2025-06-03 03:00:00,,,,,,,1533.0,1533.0,,,0.0,,,0.0
2025-06-03 04:00:00,,,,,,,1529.0,1529.0,,,0.0,,,0.0
2025-06-03 05:00:00,,,,,,,1533.0,1533.0,,,0.0,,,0.0
2025-06-03 06:00:00,,,,,,,1533.0,1533.0,,,0.0,,,0.0
2025-06-03 07:00:00,,,,,,,509.0,509.0,,,0.0,,,0.0
2025-06-03 08:00:00,,,,,,,509.0,509.0,,,0.0,,,0.0
2025-06-03 09:00:00,,,,,,,509.0,509.0,,,0.0,,,0.0
2025-06-03 10:00:00,,,,,,,509.0,509.0,,,0.0,,,0.0
2025-06-03 11:00:00,,,,,,,509.0,509.0,,,0.0,,,0.0
2025-06-03 12:00:00,,,,,,,509.0,509.0,,,0.0,,,0.0
2025-06-03 13:00:00,,,,,,,509.0,509.0,,,0.0,,,0.0
2025-06-03 14:00:00,,,,,,,509.0,509.0,,,0.0,,,0.0
2025-06-03 15:00:00,,,,,,,509.0,509.0,,,0.0,,,0.0
2025-06-03 16:00:00,,,,,,,509.0,509.0,,,0.0,,,0.0
2025-06-03 17:00:00,,,,,,,1533.0,1533.0,0.7244,0.0,1.0,0.9397999,0.0,1.0
2025-06-03 18:00:00,,,,,,,1533.0,1533.0,,,0.0,,,0.0
2025-06-03 19:00:00,,,,,,,1533.0,1533.0,,,0.0,,,0.0
2025-06-03 20:00:00,,,,,,,1533.0,1533.0,,,0.0,,,0.0
2025-06-03 21:00:00,,,,,,,1533.0,1533.0,,,0.0,,,0.0
2025-06-03 22:00:00,,,,,,,1533.0,1533.0,,,0.0,,,0.0
2025-06-03 23:00:00,,,,,,,1533.0,1533.0,,,0.0,,,0.0
2025-06-04 00:00:00,,,,,,,1533.0,1533.0,,,0.0,,,0.0
2025-06-04 01:00:00,,,,,,,1529.0,1529.0,,,0.0,,,0.0
2025-06-04 02:00:00,,,,,,,1273.0,1273.0,,,0.0,,,0.0
2025-06-04 03:00:00,,,,,,,1533.0,1533.0,,,0.0,,,0.0
2025-06-04 04:00:00,,,,,,,1533.0,1533.0,,,0.0,,,0.0
2025-06-04 05:00:00,,,,,,,1529.0,1529.0,,,0.0,,,0.0
2025-06-04 06:00:00,,,,,,,1533.0,1533.0,,,0.0,,,0.0
2025-06-04 07:00:00,,,,,,,509.0,509.0,,,0.0,,,0.0
2025-06-04 08:00:00,,,,,,,509.0,509.0,,,0.0,,,0.0
2025-06-04 09:00:00,,,,,,,509.0,509.0,,,0.0,,,0.0
2025-06-04 10:00:00,,,,,,,509.0,509.0,,,0.0,,,0.0
2025-06-04 11:00:00,,,,,,,509.0,509.0,,,0.0,,,0.0
2025-06-04 12:00:00,,,,,,,509.0,509.0,,,0.0,,,0.0
2025-06-04 13:00:00,,,,,,,509.0,509.0,,,0.0,,,0.0
2025-06-04 14:00:00,,,,,,,509.0,509.0,1.0976,0.0254,3.0,1.0496999,0.0062999725,3.0
2025-06-04 15:00:00,,,,,,,509.0,509.0,,,0.0,,,0.0
2025-06-04 16:00:00,,,,,,,509.0,509.0,,,0.0,,,0.0
2025-06-04 17:00:00,,,,,,,1533.0,1533.0,,,0.0,,,0.0
2025-06-04 18:00:00,,,,,,,1533.0,1533.0,,,0.0,,,0.0
2025-06-04 19:00:00,,,,,,,1533.0,1533.0,,,0.0,,,0.0
2025-06-04 20:00:00,,,,,,,1529.0,1529.0,,,0.0,,,0.0
2025-06-04 21:00:00,,,,,,,1533.0,1533.0,,,0.0,,,0.0
2025-06-04 22:00:00,,,,,,,1529.0,1529.0,,,0.0,,,0.0
2025-06-04 23:00:00,,,,,,,1533.0,1533.0,,,0.0,,,0.0
2025-06-05 00:00:00,,,,,,,1529.0,1529.0,,,0.0,,,0.0
2025-06-05 01:00:00,,,,,,,1533.0,1533.0,,,0.0,,,0.0
2025-06-05 02:00:00,,,,,,,1533.0,1533.0,,,0.0,,,0.0
2025-06-05 03:00:00,,,,,,,1529.0,1529.0,,,0.0,,,0.0
2025-06-05 04:00:00,,,,,,,1529.0,1529.0,,,0.0,,,0.0
2025-06-05 05:00:00,,,,,,,1273.0,1273.0,,,0.0,,,0.0
2025-06-05 06:00:00,,,,,,,1533.0,1533.0,,,0.0,,,0.0
2025-06-05 07:00:00,,,,,,,509.0,509.0,,,0.0,,,0.0
2025-06-05 08:00:00,,,,,,,509.0,509.0,,,0.0,,,0.0
2025-06-05 09:00:00,,,,,,,509.0,509.0,,,0.0,,,0.0
2025-06-05 10:00:00,,,,,,,509.0,509.0,,,0.0,,,0.0
2025-06-05 11:00:00,,,,,,,509.0,509.0,,,0.0,,,0.0
2025-06-05 12:00:00,,,,,,,509.0,509.0,,,0.0,,,0.0
2025-06-05 13:00:00,,,,,,,509.0,509.0,,,0.0,,,0.0
2025-06-05 14:00:00,,,,,,,509.0,509.0,,,0.0,,,0.0
2025-06-05 15:00:00,,,,,,,505.0,505.0,,,0.0,,,0.0
2025-06-05 16:00:00,,,,,,,505.0,504.0,0.35,0.0,1.0,1.0532,0.0,1.0
2025-06-05 17:00:00,,,,,,,1533.0,1533.0,0.3592,0.038399998,3.0,1.0627999,0.0073999763,3.0
2025-06-05 18:00:00,,,,,,,1533.0,1533.0,,,0.0,,,0.0
2025-06-05 19:00:00,,,,,,,1533.0,1533.0,,,0.0,,,0.0
2025-06-05 20:00:00,,,,,,,1273.0,1273.0,,,0.0,,,0.0
2025-06-05 21:00:00,,,,,,,1533.0,1533.0,,,0.0,,,0.0
2025-06-05 22:00:00,,,,,,,1273.0,1273.0,,,0.0,,,0.0
2025-06-05 23:00:00,,,,,,,1533.0,1533.0,,,0.0,,,0.0
2025-06-06 00:00:00,,,,,,,1533.0,1533.0,,,0.0,,,0.0
2025-06-06 01:00:00,,,,,,,1533.0,1533.0,,,0.0,,,0.0
2025-06-06 02:00:00,,,,,,,1533.0,1533.0,,,0.0,,,0.0
2025-06-06 03:00:00,,,,,,,1273.0,1273.0,,,0.0,,,0.0
2025-06-06 04:00:00,,,,,,,1533.0,1533.0,,,0.0,,,0.0
2025-06-06 05:00:00,,,,,,,1533.0,1533.0,,,0.0,,,0.0
2025-06-06 06:00:00,,,,,,,1533.0,1533.0,,,0.0,,,0.0
2025-06-06 07:00:00,,,,,,,509.0,509.0,,,0.0,,,0.0
2025-06-06 08:00:00,,,,,,,509.0,509.0,,,0.0,,,0.0
2025-06-06 09:00:00,,,,,,,509.0,509.0,,,0.0,,,0.0
2025-06-06 10:00:00,,,,,,,509.0,509.0,,,0.0,,,0.0
2025-06-06 11:00:00,,,,,,,509.0,509.0,,,0.0,,,0.0
2025-06-06 12:00:00,,,,,,,509.0,509.0,,,0.0,,,0.0
2025-06-06 13:00:00,,,,,,,509.0,509.0,,,0.0,,,0.0
2025-06-06 14:00:00,,,,,,,509.0,509.0,,,0.0,,,0.0
2025-06-06 15:00:00,,,,,,,509.0,509.0,,,0.0,,,0.0
2025-06-06 16:00:00,,,,,,,509.0,509.0,,,0.0,,,0.0
2025-06-06 17:00:00,,,,,,,1533.0,1533.0,,,0.0,,,0.0
2025-06-06 18:00:00,,,,,,,1533.0,1533.0,,,0.0,,,0.0
2025-06-06 19:00:00,,,,,,,1529.0,1529.0,,,0.0,,,0.0
2025-06-06 20:00:00,,,,,,,1273.0,1273.0,,,0.0,,,0.0
2025-06-06 21:00:00,,,,,,,1533.0,1533.0,,,0.0,,,0.0
2025-06-06 22:00:00,,,,,,,1529.0,1529.0,,,0.0,,,0.0
2025-06-06 23:00:00,,,,,,,1533.0,1533.0,,,0.0,,,0.0
2025-06-07 00:00:00,,,,,,,1529.0,1529.0,,,0.0,,,0.0
2025-06-07 01:00:00,,,,,,,1273.0,1273.0,,,0.0,,,0.0
2025-06-07 02:00:00,,,,,,,1533.0,1533.0,,,0.0,,,0.0
2025-06-07 03:00:00,,,,,,,1529.0,1529.0,,,0.0,,,0.0
2025-06-07 04:00:00,,,,,,,1529.0,1529.0,,,0.0,,,0.0
2025-06-07 05:00:00,,,,,,,1533.0,1533.0,,,0.0,,,0.0
2025-06-07 06:00:00,,,,,,,1533.0,1533.0,,,0.0,,,0.0
2025-06-07 07:00:00,,,,,,,509.0,509.0,,,0.0,,,0.0
2025-06-07 08:00:00,,,,,,,509.0,509.0,,,0.0,,,0.0
2025-06-07 09:00:00,,,,,,,505.0,505.0,,,0.0,,,0.0
2025-06-07 10:00:00,,,,,,,509.0,509.0,,,0.0,,,0.0
2025-06-07 11:00:00,,,,,,,509.0,509.0,,,0.0,,,0.0
2025-06-07 12:00:00,,,,,,,509.0,509.0,,,0.0,,,0.0
2025-06-07 13:00:00,,,,,,,509.0,509.0,,,0.0,,,0.0
2025-06-07 14:00:00,,,,,,,509.0,509.0,,,0.0,,,0.0
2025-06-07 15:00:00,,,,,,,509.0,509.0,,,0.0,,,0.0
2025-06-07 16:00:00,,,,,,,509.0,509.0,,,0.0,,,0.0
2025-06-07 17:00:00,,,,,,,1533.0,1533.0,,,0.0,,,0.0
2025-06-07 18:00:00,,,,,,,1533.0,1533.0,,,0.0,,,0.0
2025-06-07 19:00:00,,,,,,,1529.0,1529.0,,,0.0,,,0.0
2025-06-07 20:00:00,,,,,,,1529.0,1529.0,,,0.0,,,0.0
2025-06-07 21:00:00,,,,,,,1273.0,1273.0,,,0.0,,,0.0
2025-06-07 22:00:00,,,,,,,1533.0,1533.0,,,0.0,,,0.0
2025-06-07 23:00:00,,,,,,,1533.0,1533.0,,,0.0,,,0.0
2025-06-08 00:00:00,,,,,,,1529.0,1529.0,,,0.0,,,0.0
2025-06-08 01:00:00,,,,,,,1529.0,1529.0,,,0.0,,,0.0
2025-06-08 02:00:00,,,,,,,1533.0,1533.0,,,0.0,,,0.0
2025-06-08 03:00:00,,,,,,,1529.0,1529.0,,,0.0,,,0.0
2025-06-08 04:00:00,,,,,,,1529.0,1529.0,,,0.0,,,0.0
2025-06-08 05:00:00,,,,,,,1273.0,1273.0,,,0.0,,,0.0
2025-06-08 06:00:00,,,,,,,1533.0,1533.0,,,0.0,,,0.0
2025-06-08 07:00:00,,,,,,,509.0,509.0,,,0.0,,,0.0
2025-06-08 08:00:00,,,,,,,509.0,509.0,,,0.0,,,0.0
2025-06-08 09:00:00,,,,,,,509.0,509.0,,,0.0,,,0.0
2025-06-08 10:00:00,,,,,,,509.0,509.0,,,0.0,,,0.0
2025-06-08 11:00:00,,,,,,,509.0,509.0,1.2076,0.0,1.0,0.6859,0.0,1.0
2025-06-08 12:00:00,,,,,,,509.0,509.0,,,0.0,,,0.0
2025-06-08 13:00:00,,,,,,,509.0,509.0,,,0.0,,,0.0
2025-06-08 14:00:00,,,,,,,509.0,509.0,,,0.0,,,0.0
2025-06-08 15:00:00,,,,,,,509.0,509.0,,,0.0,,,0.0
2025-06-08 16:00:00,,,,,,,509.0,509.0,,,0.0,,,0.0
2025-06-08 17:00:00,,,,,,,1533.0,1533.0,,,0.0,,,0.0
2025-06-08 18:00:00,,,,,,,1533.0,1533.0,,,0.0,,,0.0
2025-06-08 19:00:00,,,,,,,1533.0,1533.0,,,0.0,,,0.0
2025-06-08 20:00:00,,,,,,,1533.0,1533.0,,,0.0,,,0.0
2025-06-08 21:00:00,,,,,,,1533.0,1533.0,,,0.0,,,0.0
2025-06-08 22:00:00,,,,,,,1533.0,1533.0,,,0.0,,,0.0
2025-06-08 23:00:00,,,,,,,1533.0,1533.0,,,0.0,,,0.0
2025-06-09 00:00:00,,,,,,,1533.0,1533.0,,,0.0,,,0.0
2025-06-09 01:00:00,,,,,,,1533.0,1533.0,,,0.0,,,0.0
2025-06-09 02:00:00,,,,,,,1533.0,1533.0,,,0.0,,,0.0
2025-06-09 03:00:00,,,,,,,1533.0,1533.0,,,0.0,,,0.0
2025-06-09 04:00:00,,,,,,,1533.0,1533.0,,,0.0,,,0.0
2025-06-09 05:00:00,,,,,,,1533.0,1533.0,,,0.0,,,0.0
2025-06-09 06:00:00,,,,,,,1533.0,1533.0,,,0.0,,,0.0
2025-06-09 07:00:00,,,,,,,509.0,509.0,,,0.0,,,0.0
2025-06-09 08:00:00,,,,,,,509.0,509.0,,,0.0,,,0.0
2025-06-09 09:00:00,,,,,,,509.0,509.0,,,0.0,,,0.0
2025-06-09 10:00:00,,,,,,,509.0,509.0,,,0.0,,,0.0
2025-06-09 11:00:00,,,,,,,509.0,509.0,,,0.0,,,0.0
2025-06-09 12:00:00,,,,,,,509.0,509.0,,,0.0,,,0.0
2025-06-09 13:00:00,,,,,,,509.0,509.0,,,0.0,,,0.0
2025-06-09 14:00:00,,,,,,,509.0,509.0,,,0.0,,,0.0
2025-06-09 15:00:00,,,,,,,509.0,509.0,,,0.0,,,0.0
2025-06-09 16:00:00,,,,,,,509.0,509.0,,,0.0,,,0.0
2025-06-09 17:00:00,,,,,,,1533.0,1533.0,,,0.0,,,0.0
2025-06-09 18:00:00,,,,,,,1533.0,1533.0,,,0.0,,,0.0
2025-06-09 19:00:00,,,,,,,1533.0,1533.0,,,0.0,,,0.0
2025-06-09 20:00:00,,,,,,,1533.0,1533.0,,,0.0,,,0.0
2025-06-09 21:00:00,,,,,,,1529.0,1529.0,,,0.0,,,0.0
2025-06-09 22:00:00,,,,,,,1533.0,1533.0,,,0.0,,,0.0
2025-06-09 23:00:00,,,,,,,1529.0,1529.0,,,0.0,,,0.0
2025-06-10 00:00:00,,,,,,,1533.0,1533.0,,,0.0,,,0.0
2025-06-10 01:00:00,,,,,,,1533.0,1533.0,,,0.0,,,0.0
2025-06-10 02:00:00,,,,,,,1533.0,1533.0,,,0.0,,,0.0
2025-06-10 03:00:00,,,,,,,1533.0,1533.0,,,0.0,,,0.0
2025-06-10 04:00:00,,,,,,,1533.0,1533.0,,,0.0,,,0.0
2025-06-10 05:00:00,,,,,,,1529.0,1529.0,,,0.0,,,0.0
2025-06-10 06:00:00,,,,,,,1533.0,1533.0,,,0.0,,,0.0
2025-06-10 07:00:00,,,,,,,509.0,509.0,,,0.0,,,0.0
2025-06-10 08:00:00,,,,,,,509.0,509.0,,,0.0,,,0.0
2025-06-10 09:00:00,,,,,,,509.0,509.0,,,0.0,,,0.0
2025-06-10 10:00:00,,,,,,,509.0,509.0,,,0.0,,,0.0
2025-06-10 11:00:00,,,,,,,509.0,509.0,,,0.0,,,0.0
2025-06-10 12:00:00,,,,,,,509.0,509.0,,,0.0,,,0.0
2025-06-10 13:00:00,,,,,,,509.0,509.0,,,0.0,,,0.0
2025-06-10 14:00:00,,,,,,,509.0,509.0,,,0.0,,,0.0
2025-06-10 15:00:00,,,,,,,509.0,509.0,,,0.0,,,0.0
2025-06-10 16:00:00,,,,,,,509.0,509.0,,,0.0,,,0.0
2025-06-10 17:00:00,,,,,,,1533.0,1533.0,,,0.0,,,0.0
2025-06-10 18:00:00,,,,,,,1533.0,1533.0,,,0.0,,,0.0
2025-06-10 19:00:00,,,,,,,1529.0,1529.0,,,0.0,,,0.0
2025-06-10 20:00:00,,,,,,,1533.0,1533.0,,,0.0,,,0.0
2025-06-10 21:00:00,,,,,,,1533.0,1533.0,,,0.0,,,0.0
2025-06-10 22:00:00,,,,,,,1273.0,1273.0,,,0.0,,,0.0
2025-06-10 23:00:00,,,,,,,1533.0,1533.0,,,0.0,,,0.0
2025-06-11 00:00:00,,,,,,,1533.0,1533.0,,,0.0,,,0.0
2025-06-11 01:00:00,,,,,,,1529.0,1529.0,,,0.0,,,0.0
2025-06-11 02:00:00,,,,,,,1529.0,1529.0,,,0.0,,,0.0
2025-06-11 03:00:00,,,,,,,1533.0,1533.0,,,0.0,,,0.0
2025-06-11 04:00:00,,,,,,,1533.0,1533.0,,,0.0,,,0.0
2025-06-11 05:00:00,,,,,,,1529.0,1529.0,,,0.0,,,0.0
2025-06-11 06:00:00,,,,,,,1533.0,1533.0,,,0.0,,,0.0
2025-06-11 07:00:00,,,,,,,509.0,509.0,,,0.0,,,0.0
2025-06-11 08:00:00,,,,,,,509.0,509.0,,,0.0,,,0.0
2025-06-11 09:00:00,,,,,,,509.0,509.0,,,0.0,,,0.0
2025-06-11 10:00:00,,,,,,,509.0,509.0,,,0.0,,,0.0
2025-06-11 11:00:00,,,,,,,249.0,248.0,0.696,0.33699998,2.0,0.83599997,0.23439997,2.0
2025-06-11 12:00:00,,,,,,,505.0,504.0,0.5956,0.0682,6.0,0.8663,0.12599999,6.0
2025-06-11 13:00:00,,,,,,,505.0,504.0,0.6652,0.0848,6.0,1.0403,0.005699992,6.0
2025-06-11 14:00:00,,,,,,,505.0,504.0,0.7442,0.0898,6.0,1.0124999,0.024999976,6.0
2025-06-11 15:00:00,,,,,,,505.0,505.0,0.6082,0.06,4.0,1.0041,0.010699987,4.0
2025-06-11 16:00:00,,,,,,,509.0,509.0,,,0.0,,,0.0
2025-06-11 17:00:00,,,,,,,1533.0,1533.0,0.1832,0.0,1.0,1.0702,0.0,1.0
2025-06-11 18:00:00,,,,,,,1533.0,1533.0,,,0.0,,,0.0
2025-06-11 19:00:00,,,,,,,1529.0,1529.0,,,0.0,,,0.0
2025-06-11 20:00:00,,,,,,,1533.0,1533.0,,,0.0,,,0.0
2025-06-11 21:00:00,,,,,,,1533.0,1533.0,,,0.0,,,0.0
2025-06-11 22:00:00,,,,,,,1533.0,1533.0,,,0.0,,,0.0
2025-06-11 23:00:00,,,,,,,1533.0,1533.0,,,0.0,,,0.0
2025-06-12 00:00:00,,,,,,,1533.0,1533.0,,,0.0,,,0.0
2025-06-12 01:00:00,,,,,,,1529.0,1529.0,,,0.0,,,0.0
2025-06-12 02:00:00,,,,,,,1533.0,1533.0,,,0.0,,,0.0
2025-06-12 03:00:00,,,,,,,1533.0,1533.0,,,0.0,,,0.0
2025-06-12 04:00:00,,,,,,,1533.0,1533.0,,,0.0,,,0.0
2025-06-12 05:00:00,,,,,,,1533.0,1533.0,,,0.0,,,0.0
2025-06-12 06:00:00,,,,,,,1533.0,1533.0,,,0.0,,,0.0
2025-06-12 07:00:00,,,,,,,509.0,509.0,,,0.0,,,0.0
2025-06-12 08:00:00,,,,,,,509.0,509.0,,,0.0,,,0.0
2025-06-12 09:00:00,,,,,,,509.0,509.0,,,0.0,,,0.0
2025-06-12 10:00:00,,,,,,,509.0,509.0,,,0.0,,,0.0
2025-06-12 11:00:00,,,,,,,509.0,509.0,1.7874,0.0,1.0,0.5682,0.0,1.0
2025-06-12 12:00:00,,,,,,,509.0,509.0,1.4454,0.0,1.0,0.19940001,0.0,1.0
2025-06-12 13:00:00,,,,,,,509.0,509.0,0.6928,0.0,1.0,1.0324999,0.0,1.0
2025-06-12 14:00:00,,,,,,,509.0,509.0,,,0.0,,,0.0
2025-06-12 15:00:00,,,,,,,509.0,509.0,,,0.0,,,0.0
2025-06-12 16:00:00,,,,,,,509.0,509.0,,,0.0,,,0.0
2025-06-12 17:00:00,,,,,,,1533.0,1533.0,,,0.0,,,0.0
2025-06-12 18:00:00,,,,,,,1533.0,1533.0,,,0.0,,,0.0
2025-06-12 19:00:00,,,,,,,1529.0,1529.0,,,0.0,,,0.0
2025-06-12 20:00:00,,,,,,,1533.0,1533.0,,,0.0,,,0.0
2025-06-12 21:00:00,,,,,,,1533.0,1533.0,,,0.0,,,0.0
2025-06-12 22:00:00,,,,,,,1529.0,1529.0,,,0.0,,,0.0
2025-06-12 23:00:00,,,,,,,1529.0,1529.0,,,0.0,,,0.0
2025-06-13 00:00:00,,,,,,,1533.0,1533.0,,,0.0,,,0.0
2025-06-13 01:00:00,,,,,,,1533.0,1533.0,,,0.0,,,0.0
2025-06-13 02:00:00,,,,,,,1529.0,1529.0,,,0.0,,,0.0
2025-06-13 03:00:00,,,,,,,1533.0,1533.0,,,0.0,,,0.0
2025-06-13 04:00:00,,,,,,,1533.0,1533.0,,,0.0,,,0.0
2025-06-13 05:00:00,,,,,,,1533.0,1533.0,,,0.0,,,0.0
2025-06-13 06:00:00,,,,,,,1533.0,1533.0,,,0.0,,,0.0
2025-06-13 07:00:00,,,,,,,509.0,509.0,,,0.0,,,0.0
2025-06-13 08:00:00,,,,,,,509.0,509.0,,,0.0,,,0.0
2025-06-13 09:00:00,,,,,,,509.0,509.0,,,0.0,,,0.0
2025-06-13 10:00:00,,,,,,,509.0,509.0,,,0.0,,,0.0
2025-06-13 11:00:00,,,,,,,509.0,509.0,,,0.0,,,0.0
2025-06-13 12:00:00,,,,,,,509.0,509.0,,,0.0,,,0.0
2025-06-13 13:00:00,,,,,,,509.0,509.0,,,0.0,,,0.0
2025-06-13 14:00:00,,,,,,,509.0,509.0,,,0.0,,,0.0
2025-06-13 15:00:00,,,,,,,509.0,509.0,,,0.0,,,0.0
2025-06-13 16:00:00,,,,,,,509.0,509.0,,,0.0,,,0.0
2025-06-13 17:00:00,,,,,,,1533.0,1533.0,,,0.0,,,0.0
2025-06-13 18:00:00,,,,,,,1533.0,1533.0,,,0.0,,,0.0
2025-06-13 19:00:00,,,,,,,1533.0,1533.0,,,0.0,,,0.0
2025-06-13 20:00:00,,,,,,,1533.0,1533.0,,,0.0,,,0.0
2025-06-13 21:00:00,,,,,,,1533.0,1533.0,,,0.0,,,0.0
2025-06-13 22:00:00,,,,,,,1533.0,1533.0,,,0.0,,,0.0
2025-06-13 23:00:00,,,,,,,1533.0,1533.0,,,0.0,,,0.0
2025-06-14 00:00:00,,,,,,,1533.0,1533.0,,,0.0,,,0.0
2025-06-14 01:00:00,,,,,,,1273.0,1273.0,,,0.0,,,0.0
2025-06-14 02:00:00,,,,,,,1529.0,1529.0,,,0.0,,,0.0
2025-06-14 03:00:00,,,,,,,1529.0,1529.0,,,0.0,,,0.0
2025-06-14 04:00:00,,,,,,,1273.0,1273.0,,,0.0,,,0.0
2025-06-14 05:00:00,,,,,,,1529.0,1529.0,,,0.0,,,0.0
2025-06-14 06:00:00,,,,,,,1533.0,1533.0,,,0.0,,,0.0
2025-06-14 07:00:00,,,,,,,509.0,509.0,,,0.0,,,0.0
2025-06-14 08:00:00,,,,,,,505.0,504.0,0.2562,0.0502,3.0,1.0495,0.0013999939,3.0
2025-06-14 09:00:00,,,,,,,509.0,509.0,0.16839999,0.16759999,2.0,1.0584999,0.011299968,2.0
2025-06-14 10:00:00,,,,,,,249.0,248.0,0.76019996,0.2548,3.0,0.93349993,0.1868,3.0
2025-06-14 11:00:00,,,,,,,509.0,509.0,1.0871999,0.0652,3.0,0.7178999,0.046799958,3.0
2025-06-14 12:00:00,,,,,,,509.0,509.0,,,0.0,,,0.0
2025-06-14 13:00:00,,,,,,,509.0,509.0,,,0.0,,,0.0
2025-06-14 14:00:00,,,,,,,509.0,509.0,,,0.0,,,0.0
2025-06-14 15:00:00,,,,,,,509.0,509.0,,,0.0,,,0.0
2025-06-14 16:00:00,,,,,,,509.0,509.0,,,0.0,,,0.0
2025-06-14 17:00:00,,,,,,,1533.0,1533.0,,,0.0,,,0.0
2025-06-14 18:00:00,,,,,,,1533.0,1533.0,,,0.0,,,0.0
2025-06-14 19:00:00,,,,,,,1533.0,1533.0,,,0.0,,,0.0
2025-06-14 20:00:00,,,,,,,1533.0,1533.0,,,0.0,,,0.0
2025-06-14 21:00:00,,,,,,,1533.0,1533.0,,,0.0,,,0.0
2025-06-14 22:00:00,,,,,,,1533.0,1533.0,,,0.0,,,0.0
2025-06-14 23:00:00,,,,,,,1533.0,1533.0,,,0.0,,,0.0
2025-06-15 00:00:00,,,,,,,1529.0,1529.0,,,0.0,,,0.0
2025-06-15 01:00:00,,,,,,,1529.0,1529.0,,,0.0,,,0.0
2025-06-15 02:00:00,,,,,,,1533.0,1533.0,,,0.0,,,0.0
2025-06-15 03:00:00,,,,,,,1273.0,1273.0,,,0.0,,,0.0
2025-06-15 04:00:00,,,,,,,1273.0,1273.0,,,0.0,,,0.0
2025-06-15 05:00:00,,,,,,,1273.0,1273.0,,,0.0,,,0.0
2025-06-15 06:00:00,,,,,,,1533.0,1533.0,,,0.0,,,0.0
2025-06-15 07:00:00,,,,,,,509.0,509.0,,,0.0,,,0.0
2025-06-15 08:00:00,,,,,,,509.0,509.0,0.48639998,0.0,1.0,1.092,0.0,1.0
2025-06-15 09:00:00,,,,,,,509.0,509.0,0.6854,0.0288,2.0,1.1364,0.0123000145,2.0
2025-06-15 10:00:00,,,,,,,505.0,504.0,0.49539998,0.1564,4.0,1.0504,0.10609996,4.0
2025-06-15 11:00:00,,,,,,,505.0,504.0,0.51699996,0.18879999,4.0,1.0144,0.1846,4.0
2025-06-15 12:00:00,,,,,,,505.0,504.0,0.84499997,0.22739999,3.0,0.81859994,0.2371,3.0
2025-06-15 13:00:00,,,,,,,509.0,509.0,0.6648,0.0,1.0,1.1322999,0.0,1.0
2025-06-15 14:00:00,,,,,,,509.0,509.0,,,0.0,,,0.0
2025-06-15 15:00:00,,,,,,,509.0,509.0,,,0.0,,,0.0
2025-06-15 16:00:00,,,,,,,509.0,509.0,,,0.0,,,0.0
2025-06-15 17:00:00,,,,,,,509.0,509.0,,,0.0,,,0.0
2025-06-15 18:00:00,,,,,,,1533.0,1533.0,,,0.0,,,0.0
2025-06-15 19:00:00,,,,,,,1533.0,1533.0,,,0.0,,,0.0
2025-06-15 20:00:00,,,,,,,1533.0,1533.0,,,0.0,,,0.0
2025-06-15 21:00:00,,,,,,,1529.0,1529.0,,,0.0,,,0.0
2025-06-15 22:00:00,,,,,,,1533.0,1533.0,,,0.0,,,0.0
2025-06-15 23:00:00,,,,,,,1529.0,1529.0,,,0.0,,,0.0
2025-06-16 00:00:00,,,,,,,1529.0,1529.0,,,0.0,,,0.0
2025-06-16 01:00:00,,,,,,,1533.0,1533.0,,,0.0,,,0.0
2025-06-16 02:00:00,,,,,,,1529.0,1529.0,,,0.0,,,0.0
2025-06-16 03:00:00,,,,,,,1533.0,1533.0,,,0.0,,,0.0
2025-06-16 04:00:00,,,,,,,1533.0,1533.0,,,0.0,,,0.0
2025-06-16 05:00:00,,,,,,,1533.0,1533.0,,,0.0,,,0.0
2025-06-16 06:00:00,,,,,,,1533.0,1533.0,,,0.0,,,0.0
2025-06-16 07:00:00,,,,,,,509.0,509.0,,,0.0,,,0.0
2025-06-16 08:00:00,,,,,,,509.0,509.0,,,0.0,,,0.0
2025-06-16 09:00:00,,,,,,,509.0,509.0,,,0.0,,,0.0
2025-06-16 10:00:00,,,,,,,509.0,509.0,,,0.0,,,0.0
2025-06-16 11:00:00,,,,,,,509.0,509.0,,,0.0,,,0.0
2025-06-16 12:00:00,,,,,,,509.0,509.0,,,0.0,,,0.0
2025-06-16 13:00:00,,,,,,,509.0,509.0,,,0.0,,,0.0
2025-06-16 14:00:00,,,,,,,509.0,509.0,,,0.0,,,0.0
2025-06-16 15:00:00,,,,,,,509.0,509.0,,,0.0,,,0.0
2025-06-16 16:00:00,,,,,,,509.0,509.0,,,0.0,,,0.0
2025-06-16 17:00:00,,,,,,,509.0,509.0,,,0.0,,,0.0
2025-06-16 18:00:00,,,,,,,1533.0,1533.0,,,0.0,,,0.0
2025-06-16 19:00:00,,,,,,,1533.0,1533.0,,,0.0,,,0.0
2025-06-16 20:00:00,,,,,,,1533.0,1533.0,,,0.0,,,0.0
2025-06-16 21:00:00,,,,,,,1533.0,1533.0,,,0.0,,,0.0
2025-06-16 22:00:00,,,,,,,1533.0,1533.0,,,0.0,,,0.0
2025-06-16 23:00:00,,,,,,,1533.0,1533.0,,,0.0,,,0.0
2025-06-17 00:00:00,,,,,,,1533.0,1533.0,,,0.0,,,0.0
2025-06-17 01:00:00,,,,,,,1533.0,1533.0,,,0.0,,,0.0
2025-06-17 02:00:00,,,,,,,1529.0,1529.0,,,0.0,,,0.0
2025-06-17 03:00:00,,,,,,,1533.0,1533.0,,,0.0,,,0.0
2025-06-17 04:00:00,,,,,,,1533.0,1533.0,,,0.0,,,0.0
2025-06-17 05:00:00,,,,,,,1533.0,1533.0,,,0.0,,,0.0
2025-06-17 06:00:00,,,,,,,1533.0,1533.0,,,0.0,,,0.0
2025-06-17 07:00:00,,,,,,,509.0,509.0,,,0.0,,,0.0
2025-06-17 08:00:00,,,,,,,509.0,509.0,,,0.0,,,0.0
2025-06-17 09:00:00,,,,,,,509.0,509.0,,,0.0,,,0.0
2025-06-17 10:00:00,,,,,,,509.0,509.0,,,0.0,,,0.0
2025-06-17 11:00:00,,,,,,,509.0,509.0,,,0.0,,,0.0
2025-06-17 12:00:00,,,,,,,509.0,509.0,,,0.0,,,0.0
2025-06-17 13:00:00,,,,,,,509.0,509.0,,,0.0,,,0.0
2025-06-17 14:00:00,,,,,,,509.0,509.0,,,0.0,,,0.0
2025-06-17 15:00:00,,,,,,,509.0,509.0,0.30859998,0.0,1.0,0.9648,0.0,1.0
2025-06-17 16:00:00,,,,,,,509.0,509.0,,,0.0,,,0.0
2025-06-17 17:00:00,,,,,,,509.0,509.0,,,0.0,,,0.0
2025-06-17 18:00:00,,,,,,,1533.0,1533.0,,,0.0,,,0.0
2025-06-17 19:00:00,,,,,,,1533.0,1533.0,,,0.0,,,0.0
2025-06-17 20:00:00,,,,,,,1533.0,1533.0,,,0.0,,,0.0
2025-06-17 21:00:00,,,,,,,1533.0,1533.0,,,0.0,,,0.0
2025-06-17 22:00:00,,,,,,,1533.0,1533.0,,,0.0,,,0.0
2025-06-17 23:00:00,,,,,,,1533.0,1533.0,,,0.0,,,0.0
2025-06-18 00:00:00,,,,,,,1529.0,1529.0,,,0.0,,,0.0
2025-06-18 01:00:00,,,,,,,1533.0,1533.0,,,0.0,,,0.0
2025-06-18 02:00:00,,,,,,,1533.0,1533.0,,,0.0,,,0.0
2025-06-18 03:00:00,,,,,,,1533.0,1533.0,,,0.0,,,0.0
2025-06-18 04:00:00,,,,,,,1533.0,1533.0,,,0.0,,,0.0
2025-06-18 05:00:00,,,,,,,1533.0,1533.0,,,0.0,,,0.0
2025-06-18 06:00:00,,,,,,,1533.0,1533.0,,,0.0,,,0.0
2025-06-18 07:00:00,,,,,,,509.0,509.0,,,0.0,,,0.0
2025-06-18 08:00:00,,,,,,,509.0,509.0,,,0.0,,,0.0
2025-06-18 09:00:00,,,,,,,509.0,509.0,,,0.0,,,0.0
2025-06-18 10:00:00,,,,,,,509.0,509.0,,,0.0,,,0.0
2025-06-18 11:00:00,,,,,,,509.0,509.0,,,0.0,,,0.0
2025-06-18 12:00:00,,,,,,,509.0,509.0,,,0.0,,,0.0
2025-06-18 13:00:00,,,,,,,509.0,509.0,,,0.0,,,0.0
2025-06-18 14:00:00,,,,,,,509.0,509.0,,,0.0,,,0.0
2025-06-18 15:00:00,,,,,,,509.0,509.0,,,0.0,,,0.0
2025-06-18 16:00:00,,,,,,,509.0,509.0,,,0.0,,,0.0
2025-06-18 17:00:00,,,,,,,509.0,509.0,,,0.0,,,0.0
2025-06-18 18:00:00,,,,,,,1533.0,1533.0,,,0.0,,,0.0
2025-06-18 19:00:00,,,,,,,1533.0,1533.0,,,0.0,,,0.0
2025-06-18 20:00:00,,,,,,,1533.0,1533.0,,,0.0,,,0.0
2025-06-18 21:00:00,,,,,,,1533.0,1533.0,,,0.0,,,0.0
2025-06-18 22:00:00,,,,,,,1533.0,1533.0,,,0.0,,,0.0
2025-06-18 23:00:00,,,,,,,1533.0,1533.0,,,0.0,,,0.0
2025-06-19 00:00:00,,,,,,,1529.0,1529.0,,,0.0,,,0.0
2025-06-19 01:00:00,,,,,,,1533.0,1533.0,,,0.0,,,0.0
2025-06-19 02:00:00,,,,,,,1533.0,1533.0,,,0.0,,,0.0
2025-06-19 03:00:00,,,,,,,1533.0,1533.0,,,0.0,,,0.0
2025-06-19 04:00:00,,,,,,,1533.0,1533.0,,,0.0,,,0.0
2025-06-19 05:00:00,,,,,,,1533.0,1533.0,,,0.0,,,0.0
2025-06-19 06:00:00,,,,,,,1533.0,1533.0,,,0.0,,,0.0
2025-06-19 07:00:00,,,,,,,509.0,509.0,,,0.0,,,0.0
2025-06-19 08:00:00,,,,,,,509.0,509.0,,,0.0,,,0.0
2025-06-19 09:00:00,,,,,,,509.0,509.0,,,0.0,,,0.0
2025-06-19 10:00:00,,,,,,,509.0,509.0,,,0.0,,,0.0
2025-06-19 11:00:00,,,,,,,509.0,509.0,,,0.0,,,0.0
2025-06-19 12:00:00,,,,,,,509.0,509.0,,,0.0,,,0.0
2025-06-19 13:00:00,,,,,,,509.0,509.0,,,0.0,,,0.0
2025-06-19 14:00:00,,,,,,,509.0,509.0,,,0.0,,,0.0
2025-06-19 15:00:00,,,,,,,505.0,505.0,,,0.0,,,0.0
2025-06-19 16:00:00,,,,,,,509.0,509.0,,,0.0,,,0.0
2025-06-19 17:00:00,,,,,,,509.0,509.0,,,0.0,,,0.0
2025-06-19 18:00:00,,,,,,,1533.0,1533.0,,,0.0,,,0.0
2025-06-19 19:00:00,,,,,,,1273.0,1273.0,,,0.0,,,0.0
2025-06-19 20:00:00,,,,,,,1533.0,1533.0,,,0.0,,,0.0
2025-06-19 21:00:00,,,,,,,1533.0,1533.0,,,0.0,,,0.0
2025-06-19 22:00:00,,,,,,,1533.0,1533.0,,,0.0,,,0.0
2025-06-19 23:00:00,,,,,,,1533.0,1533.0,,,0.0,,,0.0
2025-06-20 00:00:00,,,,,,,1533.0,1533.0,,,0.0,,,0.0
2025-06-20 01:00:00,,,,,,,1529.0,1529.0,,,0.0,,,0.0
2025-06-20 02:00:00,,,,,,,1533.0,1533.0,,,0.0,,,0.0
2025-06-20 03:00:00,,,,,,,1533.0,1533.0,,,0.0,,,0.0
2025-06-20 04:00:00,,,,,,,1533.0,1533.0,,,0.0,,,0.0
2025-06-20 05:00:00,,,,,,,1529.0,1529.0,,,0.0,,,0.0
2025-06-20 06:00:00,,,,,,,1533.0,1533.0,,,0.0,,,0.0
2025-06-20 07:00:00,,,,,,,509.0,509.0,,,0.0,,,0.0
2025-06-20 08:00:00,,,,,,,509.0,509.0,,,0.0,,,0.0
2025-06-20 09:00:00,,,,,,,509.0,509.0,,,0.0,,,0.0
2025-06-20 10:00:00,,,,,,,509.0,509.0,,,0.0,,,0.0
2025-06-20 11:00:00,,,,,,,509.0,509.0,,,0.0,,,0.0
2025-06-20 12:00:00,,,,,,,509.0,509.0,,,0.0,,,0.0
2025-06-20 13:00:00,,,,,,,509.0,509.0,,,0.0,,,0.0
2025-06-20 14:00:00,,,,,,,509.0,509.0,,,0.0,,,0.0
2025-06-20 15:00:00,,,,,,,509.0,509.0,,,0.0,,,0.0
2025-06-20 16:00:00,,,,,,,509.0,509.0,,,0.0,,,0.0
2025-06-20 17:00:00,,,,,,,509.0,509.0,,,0.0,,,0.0
2025-06-20 18:00:00,,,,,,,1533.0,1533.0,,,0.0,,,0.0
2025-06-20 19:00:00,,,,,,,1533.0,1533.0,,,0.0,,,0.0
2025-06-20 20:00:00,,,,,,,1533.0,1533.0,,,0.0,,,0.0
2025-06-20 21:00:00,,,,,,,1533.0,1533.0,,,0.0,,,0.0
2025-06-20 22:00:00,,,,,,,1533.0,1533.0,,,0.0,,,0.0
2025-06-20 23:00:00,,,,,,,1533.0,1533.0,,,0.0,,,0.0
2025-06-21 00:00:00,,,,,,,1533.0,1533.0,,,0.0,,,0.0
2025-06-21 01:00:00,,,,,,,1533.0,1533.0,,,0.0,,,0.0
2025-06-21 02:00:00,,,,,,,1533.0,1533.0,,,0.0,,,0.0
2025-06-21 03:00:00,,,,,,,1533.0,1533.0,,,0.0,,,0.0
2025-06-21 04:00:00,,,,,,,1533.0,1533.0,,,0.0,,,0.0
2025-06-21 05:00:00,,,,,,,1529.0,1529.0,,,0.0,,,0.0
2025-06-21 06:00:00,,,,,,,1533.0,1533.0,,,0.0,,,0.0
2025-06-21 07:00:00,,,,,,,509.0,509.0,,,0.0,,,0.0
2025-06-21 08:00:00,,,,,,,509.0,509.0,,,0.0,,,0.0
2025-06-21 09:00:00,,,,,,,509.0,509.0,,,0.0,,,0.0
2025-06-21 10:00:00,,,,,,,509.0,509.0,,,0.0,,,0.0
2025-06-21 11:00:00,,,,,,,509.0,509.0,,,0.0,,,0.0
2025-06-21 12:00:00,,,,,,,509.0,509.0,,,0.0,,,0.0
2025-06-21 13:00:00,,,,,,,509.0,509.0,,,0.0,,,0.0
2025-06-21 14:00:00,,,,,,,509.0,509.0,,,0.0,,,0.0
2025-06-21 15:00:00,,,,,,,509.0,509.0,,,0.0,,,0.0
2025-06-21 16:00:00,,,,,,,509.0,509.0,,,0.0,,,0.0
2025-06-21 17:00:00,,,,,,,509.0,509.0,,,0.0,,,0.0
2025-06-21 18:00:00,,,,,,,1533.0,1533.0,,,0.0,,,0.0
2025-06-21 19:00:00,,,,,,,1533.0,1533.0,,,0.0,,,0.0
2025-06-21 20:00:00,,,,,,,1529.0,1529.0,,,0.0,,,0.0
2025-06-21 21:00:00,,,,,,,1533.0,1533.0,,,0.0,,,0.0
2025-06-21 22:00:00,,,,,,,1529.0,1529.0,,,0.0,,,0.0
2025-06-21 23:00:00,,,,,,,1533.0,1533.0,,,0.0,,,0.0
2025-06-22 00:00:00,,,,,,,1533.0,1533.0,,,0.0,,,0.0
2025-06-22 01:00:00,,,,,,,1533.0,1533.0,,,0.0,,,0.0
2025-06-22 02:00:00,,,,,,,1529.0,1529.0,,,0.0,,,0.0
2025-06-22 03:00:00,,,,,,,1529.0,1529.0,,,0.0,,,0.0
2025-06-22 04:00:00,,,,,,,1533.0,1533.0,,,0.0,,,0.0
2025-06-22 05:00:00,,,,,,,1533.0,1533.0,,,0.0,,,0.0
2025-06-22 06:00:00,,,,,,,1533.0,1533.0,,,0.0,,,0.0
2025-06-22 07:00:00,,,,,,,509.0,509.0,,,0.0,,,0.0
2025-06-22 08:00:00,,,,,,,509.0,509.0,,,0.0,,,0.0
2025-06-22 09:00:00,,,,,,,509.0,509.0,,,0.0,,,0.0
2025-06-22 10:00:00,,,,,,,509.0,509.0,,,0.0,,,0.0
2025-06-22 11:00:00,,,,,,,509.0,509.0,,,0.0,,,0.0
2025-06-22 12:00:00,,,,,,,509.0,509.0,,,0.0,,,0.0
2025-06-22 13:00:00,,,,,,,509.0,509.0,,,0.0,,,0.0
2025-06-22 14:00:00,,,,,,,509.0,509.0,,,0.0,,,0.0
2025-06-22 15:00:00,,,,,,,509.0,509.0,,,0.0,,,0.0
2025-06-22 16:00:00,,,,,,,509.0,509.0,,,0.0,,,0.0
2025-06-22 17:00:00,,,,,,,509.0,509.0,,,0.0,,,0.0
2025-06-22 18:00:00,,,,,,,1533.0,1533.0,,,0.0,,,0.0
2025-06-22 19:00:00,,,,,,,1533.0,1533.0,,,0.0,,,0.0
2025-06-22 20:00:00,,,,,,,1533.0,1533.0,,,0.0,,,0.0
2025-06-22 21:00:00,,,,,,,1533.0,1533.0,,,0.0,,,0.0
2025-06-22 22:00:00,,,,,,,1533.0,1533.0,,,0.0,,,0.0
2025-06-22 23:00:00,,,,,,,1533.0,1533.0,,,0.0,,,0.0
2025-06-23 00:00:00,,,,,,,1533.0,1533.0,,,0.0,,,0.0
2025-06-23 01:00:00,,,,,,,1529.0,1529.0,,,0.0,,,0.0
2025-06-23 02:00:00,,,,,,,1533.0,1533.0,,,0.0,,,0.0
2025-06-23 03:00:00,,,,,,,1533.0,1533.0,,,0.0,,,0.0
2025-06-23 04:00:00,,,,,,,1533.0,1533.0,,,0.0,,,0.0
2025-06-23 05:00:00,,,,,,,1533.0,1533.0,,,0.0,,,0.0
2025-06-23 06:00:00,,,,,,,1533.0,1533.0,,,0.0,,,0.0
2025-06-23 07:00:00,,,,,,,509.0,509.0,,,0.0,,,0.0
2025-06-23 08:00:00,,,,,,,509.0,509.0,,,0.0,,,0.0
2025-06-23 09:00:00,,,,,,,509.0,509.0,,,0.0,,,0.0
2025-06-23 10:00:00,,,,,,,509.0,509.0,,,0.0,,,0.0
2025-06-23 11:00:00,,,,,,,509.0,509.0,0.5596,0.110599995,4.0,1.0252999,0.055899978,4.0
2025-06-23 12:00:00,,,,,,,509.0,509.0,,,0.0,,,0.0
2025-06-23 13:00:00,,,,,,,509.0,509.0,,,0.0,,,0.0
2025-06-23 14:00:00,,,,,,,509.0,509.0,,,0.0,,,0.0
2025-06-23 15:00:00,,,,,,,509.0,509.0,,,0.0,,,0.0
2025-06-23 16:00:00,,,,,,,509.0,509.0,,,0.0,,,0.0
2025-06-23 17:00:00,,,,,,,509.0,509.0,,,0.0,,,0.0
2025-06-23 18:00:00,,,,,,,1533.0,1533.0,,,0.0,,,0.0
2025-06-23 19:00:00,,,,,,,1529.0,1529.0,,,0.0,,,0.0
2025-06-23 20:00:00,,,,,,,1533.0,1533.0,,,0.0,,,0.0
2025-06-23 21:00:00,,,,,,,1533.0,1533.0,,,0.0,,,0.0
2025-06-23 22:00:00,,,,,,,1533.0,1533.0,,,0.0,,,0.0
2025-06-23 23:00:00,,,,,,,1533.0,1533.0,,,0.0,,,0.0
2025-06-24 00:00:00,,,,,,,1533.0,1533.0,,,0.0,,,0.0
2025-06-24 01:00:00,,,,,,,1533.0,1533.0,,,0.0,,,0.0
2025-06-24 02:00:00,,,,,,,1533.0,1533.0,,,0.0,,,0.0
2025-06-24 03:00:00,,,,,,,1529.0,1529.0,,,0.0,,,0.0
2025-06-24 04:00:00,,,,,,,1533.0,1533.0,,,0.0,,,0.0
2025-06-24 05:00:00,,,,,,,1533.0,1533.0,,,0.0,,,0.0
2025-06-24 06:00:00,,,,,,,1533.0,1533.0,,,0.0,,,0.0
2025-06-24 07:00:00,,,,,,,509.0,509.0,,,0.0,,,0.0
2025-06-24 08:00:00,,,,,,,509.0,509.0,,,0.0,,,0.0
2025-06-24 09:00:00,,,,,,,509.0,509.0,,,0.0,,,0.0
2025-06-24 10:00:00,,,,,,,509.0,509.0,,,0.0,,,0.0
2025-06-24 11:00:00,,,,,,,509.0,509.0,,,0.0,,,0.0
2025-06-24 12:00:00,,,,,,,509.0,509.0,,,0.0,,,0.0
2025-06-24 13:00:00,,,,,,,509.0,509.0,,,0.0,,,0.0
2025-06-24 14:00:00,,,,,,,509.0,509.0,,,0.0,,,0.0
2025-06-24 15:00:00,,,,,,,509.0,509.0,,,0.0,,,0.0
2025-06-24 16:00:00,,,,,,,509.0,509.0,,,0.0,,,0.0
2025-06-24 17:00:00,,,,,,,509.0,509.0,,,0.0,,,0.0
2025-06-24 18:00:00,,,,,,,1533.0,1533.0,,,0.0,,,0.0
2025-06-24 19:00:00,,,,,,,1273.0,1273.0,,,0.0,,,0.0
2025-06-24 20:00:00,,,,,,,1533.0,1533.0,,,0.0,,,0.0
2025-06-24 21:00:00,,,,,,,1529.0,1529.0,,,0.0,,,0.0
2025-06-24 22:00:00,,,,,,,1529.0,1529.0,,,0.0,,,0.0
2025-06-24 23:00:00,,,,,,,1529.0,1529.0,,,0.0,,,0.0
2025-06-25 00:00:00,,,,,,,1273.0,1273.0,,,0.0,,,0.0
2025-06-25 01:00:00,,,,,,,1273.0,1273.0,,,0.0,,,0.0
2025-06-25 02:00:00,,,,,,,1529.0,1529.0,,,0.0,,,0.0
2025-06-25 03:00:00,,,,,,,1533.0,1533.0,,,0.0,,,0.0
2025-06-25 04:00:00,,,,,,,1529.0,1529.0,,,0.0,,,0.0
2025-06-25 05:00:00,,,,,,,1533.0,1533.0,,,0.0,,,0.0
2025-06-25 06:00:00,,,,,,,1533.0,1533.0,,,0.0,,,0.0
2025-06-25 07:00:00,,,,,,,509.0,509.0,,,0.0,,,0.0
2025-06-25 08:00:00,,,,,,,509.0,509.0,,,0.0,,,0.0
2025-06-25 09:00:00,,,,,,,509.0,509.0,,,0.0,,,0.0
2025-06-25 10:00:00,,,,,,,509.0,509.0,,,0.0,,,0.0
2025-06-25 11:00:00,,,,,,,509.0,509.0,0.0196,0.0,1.0,1.0884,0.0,1.0
2025-06-25 12:00:00,,,,,,,505.0,505.0,0.0266,0.0354,4.0,1.0849999,0.008599997,3.0
2025-06-25 13:00:00,,,,,,,509.0,509.0,0.021,0.0,1.0,1.0776,0.0,1.0
2025-06-25 14:00:00,,,,,,,509.0,509.0,,,0.0,,,0.0
2025-06-25 15:00:00,,,,,,,509.0,509.0,,,0.0,,,0.0
2025-06-25 16:00:00,,,,,,,509.0,509.0,,,0.0,,,0.0
2025-06-25 17:00:00,,,,,,,509.0,509.0,,,0.0,,,0.0
2025-06-25 18:00:00,,,,,,,1533.0,1533.0,,,0.0,,,0.0
2025-06-25 19:00:00,,,,,,,1529.0,1529.0,,,0.0,,,0.0
2025-06-25 20:00:00,,,,,,,1529.0,1529.0,,,0.0,,,0.0
2025-06-25 21:00:00,,,,,,,1529.0,1529.0,,,0.0,,,0.0
2025-06-25 22:00:00,,,,,,,1273.0,1273.0,,,0.0,,,0.0
2025-06-25 23:00:00,,,,,,,1273.0,1273.0,,,0.0,,,0.0
2025-06-26 00:00:00,,,,,,,1273.0,1273.0,,,0.0,,,0.0
2025-06-26 01:00:00,,,,,,,1273.0,1273.0,,,0.0,,,0.0
2025-06-26 02:00:00,,,,,,,1273.0,1273.0,,,0.0,,,0.0
2025-06-26 03:00:00,,,,,,,1273.0,1273.0,,,0.0,,,0.0
2025-06-26 04:00:00,,,,,,,1273.0,1273.0,,,0.0,,,0.0
2025-06-26 05:00:00,,,,,,,1273.0,1273.0,,,0.0,,,0.0
2025-06-26 06:00:00,,,,,,,1533.0,1533.0,,,0.0,,,0.0
2025-06-26 07:00:00,,,,,,,509.0,509.0,,,0.0,,,0.0
2025-06-26 08:00:00,,,,,,,509.0,509.0,,,0.0,,,0.0
2025-06-26 09:00:00,,,,,,,509.0,509.0,,,0.0,,,0.0
2025-06-26 10:00:00,,,,,,,509.0,509.0,,,0.0,,,0.0
2025-06-26 11:00:00,,,,,,,509.0,509.0,0.6688,0.0,1.0,0.98039997,0.0,1.0
2025-06-26 12:00:00,,,,,,,509.0,509.0,,,0.0,,,0.0
2025-06-26 13:00:00,,,,,,,509.0,509.0,,,0.0,,,0.0
2025-06-26 14:00:00,,,,,,,509.0,509.0,,,0.0,,,0.0
2025-06-26 15:00:00,,,,,,,509.0,509.0,,,0.0,,,0.0
2025-06-26 16:00:00,,,,,,,509.0,509.0,,,0.0,,,0.0
2025-06-26 17:00:00,,,,,,,509.0,509.0,,,0.0,,,0.0
2025-06-26 18:00:00,,,,,,,1533.0,1533.0,,,0.0,,,0.0
2025-06-26 19:00:00,,,,,,,1533.0,1533.0,,,0.0,,,0.0
2025-06-26 20:00:00,,,,,,,1533.0,1533.0,,,0.0,,,0.0
2025-06-26 21:00:00,,,,,,,1533.0,1533.0,,,0.0,,,0.0
2025-06-26 22:00:00,,,,,,,1533.0,1533.0,,,0.0,,,0.0
2025-06-26 23:00:00,,,,,,,1533.0,1533.0,,,0.0,,,0.0
2025-06-27 00:00:00,,,,,,,1533.0,1533.0,,,0.0,,,0.0
2025-06-27 01:00:00,,,,,,,1533.0,1533.0,,,0.0,,,0.0
2025-06-27 02:00:00,,,,,,,1529.0,1529.0,,,0.0,,,0.0
2025-06-27 03:00:00,,,,,,,1533.0,1533.0,,,0.0,,,0.0
2025-06-27 04:00:00,,,,,,,1533.0,1533.0,,,0.0,,,0.0
2025-06-27 05:00:00,,,,,,,1533.0,1533.0,,,0.0,,,0.0
2025-06-27 06:00:00,,,,,,,1533.0,1533.0,,,0.0,,,0.0
2025-06-27 07:00:00,,,,,,,509.0,509.0,,,0.0,,,0.0
2025-06-27 08:00:00,,,,,,,509.0,509.0,,,0.0,,,0.0
2025-06-27 09:00:00,,,,,,,509.0,509.0,,,0.0,,,0.0
2025-06-27 10:00:00,,,,,,,509.0,509.0,,,0.0,,,0.0
2025-06-27 11:00:00,,,,,,,509.0,509.0,,,0.0,,,0.0
2025-06-27 12:00:00,,,,,,,509.0,509.0,,,0.0,,,0.0
2025-06-27 13:00:00,,,,,,,509.0,509.0,,,0.0,,,0.0
2025-06-27 14:00:00,,,,,,,509.0,509.0,,,0.0,,,0.0
2025-06-27 15:00:00,,,,,,,509.0,509.0,,,0.0,,,0.0
2025-06-27 16:00:00,,,,,,,509.0,509.0,,,0.0,,,0.0
2025-06-27 17:00:00,,,,,,,509.0,509.0,,,0.0,,,0.0
2025-06-27 18:00:00,,,,,,,1533.0,1533.0,,,0.0,,,0.0
2025-06-27 19:00:00,,,,,,,1529.0,1529.0,,,0.0,,,0.0
2025-06-27 20:00:00,,,,,,,1533.0,1533.0,,,0.0,,,0.0
2025-06-27 21:00:00,,,,,,,1533.0,1533.0,,,0.0,,,0.0
2025-06-27 22:00:00,,,,,,,1533.0,1533.0,,,0.0,,,0.0
2025-06-27 23:00:00,,,,,,,1533.0,1533.0,,,0.0,,,0.0
2025-06-28 00:00:00,,,,,,,1533.0,1533.0,,,0.0,,,0.0
2025-06-28 01:00:00,,,,,,,1529.0,1529.0,,,0.0,,,0.0
2025-06-28 02:00:00,,,,,,,1533.0,1533.0,,,0.0,,,0.0
2025-06-28 03:00:00,,,,,,,1533.0,1533.0,,,0.0,,,0.0
2025-06-28 04:00:00,,,,,,,1533.0,1533.0,,,0.0,,,0.0
2025-06-28 05:00:00,,,,,,,1533.0,1533.0,,,0.0,,,0.0
2025-06-28 06:00:00,,,,,,,1533.0,1533.0,,,0.0,,,0.0
2025-06-28 07:00:00,,,,,,,509.0,509.0,,,0.0,,,0.0
2025-06-28 08:00:00,,,,,,,509.0,509.0,,,0.0,,,0.0
2025-06-28 09:00:00,,,,,,,509.0,509.0,,,0.0,,,0.0
2025-06-28 10:00:00,,,,,,,509.0,509.0,,,0.0,,,0.0
2025-06-28 11:00:00,,,,,,,509.0,509.0,,,0.0,,,0.0
2025-06-28 12:00:00,,,,,,,509.0,509.0,,,0.0,,,0.0
2025-06-28 13:00:00,,,,,,,509.0,509.0,,,0.0,,,0.0
2025-06-28 14:00:00,,,,,,,509.0,509.0,,,0.0,,,0.0
2025-06-28 15:00:00,,,,,,,509.0,509.0,,,0.0,,,0.0
2025-06-28 16:00:00,,,,,,,509.0,509.0,,,0.0,,,0.0
2025-06-28 17:00:00,,,,,,,509.0,509.0,,,0.0,,,0.0
2025-06-28 18:00:00,,,,,,,1533.0,1533.0,,,0.0,,,0.0
2025-06-28 19:00:00,,,,,,,1529.0,1529.0,,,0.0,,,0.0
2025-06-28 20:00:00,,,,,,,1529.0,1529.0,,,0.0,,,0.0
2025-06-28 21:00:00,,,,,,,1529.0,1529.0,,,0.0,,,0.0
2025-06-28 22:00:00,,,,,,,1533.0,1533.0,,,0.0,,,0.0
2025-06-28 23:00:00,,,,,,,1533.0,1533.0,,,0.0,,,0.0
2025-06-29 00:00:00,,,,,,,1533.0,1533.0,,,0.0,,,0.0
2025-06-29 01:00:00,,,,,,,1529.0,1529.0,,,0.0,,,0.0
2025-06-29 02:00:00,,,,,,,1533.0,1533.0,,,0.0,,,0.0
2025-06-29 03:00:00,,,,,,,1533.0,1533.0,,,0.0,,,0.0
2025-06-29 04:00:00,,,,,,,1533.0,1533.0,,,0.0,,,0.0
2025-06-29 05:00:00,,,,,,,1533.0,1533.0,,,0.0,,,0.0
2025-06-29 06:00:00,,,,,,,1533.0,1533.0,,,0.0,,,0.0
2025-06-29 07:00:00,,,,,,,509.0,509.0,,,0.0,,,0.0
2025-06-29 08:00:00,,,,,,,509.0,509.0,,,0.0,,,0.0
2025-06-29 09:00:00,,,,,,,509.0,509.0,,,0.0,,,0.0
2025-06-29 10:00:00,,,,,,,509.0,509.0,,,0.0,,,0.0
2025-06-29 11:00:00,,,,,,,509.0,509.0,,,0.0,,,0.0
2025-06-29 12:00:00,,,,,,,509.0,509.0,,,0.0,,,0.0
2025-06-29 13:00:00,,,,,,,509.0,509.0,,,0.0,,,0.0
2025-06-29 14:00:00,,,,,,,509.0,509.0,,,0.0,,,0.0
2025-06-29 15:00:00,,,,,,,509.0,509.0,,,0.0,,,0.0
2025-06-29 16:00:00,,,,,,,509.0,509.0,,,0.0,,,0.0
2025-06-29 17:00:00,,,,,,,509.0,509.0,,,0.0,,,0.0
2025-06-29 18:00:00,,,,,,,1533.0,1533.0,,,0.0,,,0.0
2025-06-29 19:00:00,,,,,,,1529.0,1529.0,,,0.0,,,0.0
2025-06-29 20:00:00,,,,,,,1533.0,1533.0,,,0.0,,,0.0
2025-06-29 21:00:00,,,,,,,1533.0,1533.0,,,0.0,,,0.0
2025-06-29 22:00:00,,,,,,,1533.0,1533.0,,,0.0,,,0.0
2025-06-29 23:00:00,,,,,,,1533.0,1533.0,,,0.0,,,0.0
2025-06-30 00:00:00,,,,,,,1533.0,1533.0,,,0.0,,,0.0
2025-06-30 01:00:00,,,,,,,1533.0,1533.0,,,0.0,,,0.0
2025-06-30 02:00:00,,,,,,,1533.0,1533.0,,,0.0,,,0.0
2025-06-30 03:00:00,,,,,,,1533.0,1533.0,,,0.0,,,0.0
2025-06-30 04:00:00,,,,,,,1533.0,1533.0,,,0.0,,,0.0
2025-06-30 05:00:00,,,,,,,1533.0,1533.0,,,0.0,,,0.0
2025-06-30 06:00:00,,,,,,,1533.0,1533.0,,,0.0,,,0.0
2025-06-30 07:00:00,,,,,,,509.0,509.0,,,0.0,,,0.0
2025-06-30 08:00:00,,,,,,,509.0,509.0,,,0.0,,,0.0
2025-06-30 09:00:00,,,,,,,509.0,509.0,,,0.0,,,0.0
2025-06-30 10:00:00,,,,,,,509.0,509.0,,,0.0,,,0.0
2025-06-30 11:00:00,,,,,,,509.0,509.0,,,0.0,,,0.0
2025-06-30 12:00:00,,,,,,,509.0,509.0,,,0.0,,,0.0
2025-06-30 13:00:00,,,,,,,509.0,509.0,,,0.0,,,0.0
2025-06-30 14:00:00,,,,,,,509.0,509.0,,,0.0,,,0.0
2025-06-30 15:00:00,,,,,,,509.0,509.0,,,0.0,,,0.0
2025-06-30 16:00:00,,,,,,,509.0,509.0,,,0.0,,,0.0
2025-06-30 17:00:00,,,,,,,509.0,509.0,,,0.0,,,0.0
2025-06-30 18:00:00,,,,,,,1533.0,1533.0,,,0.0,,,0.0
2025-06-30 19:00:00,,,,,,,1533.0,1533.0,,,0.0,,,0.0
2025-06-30 20:00:00,,,,,,,1533.0,1533.0,,,0.0,,,0.0
2025-06-30 21:00:00,,,,,,,1533.0,1533.0,,,0.0,,,0.0
2025-06-30 22:00:00,,,,,,,1533.0,1533.0,,,0.0,,,0.0
2025-06-30 23:00:00,,,,,,,1533.0,1533.0,,,0.0,,,0.0
2025-07-01 00:00:00,,,,,,,1533.0,1533.0,,,0.0,,,0.0
2025-07-01 01:00:00,,,,,,,1533.0,1533.0,,,0.0,,,0.0
2025-07-01 02:00:00,,,,,,,1533.0,1533.0,,,0.0,,,0.0
2025-07-01 03:00:00,,,,,,,1533.0,1533.0,,,0.0,,,0.0
2025-07-01 04:00:00,,,,,,,1533.0,1533.0,,,0.0,,,0.0
2025-07-01 05:00:00,,,,,,,1533.0,1533.0,,,0.0,,,0.0
2025-07-01 06:00:00,,,,,,,1533.0,1533.0,,,0.0,,,0.0
2025-07-01 07:00:00,,,,,,,509.0,509.0,,,0.0,,,0.0
2025-07-01 08:00:00,,,,,,,509.0,509.0,,,0.0,,,0.0
2025-07-01 09:00:00,,,,,,,509.0,509.0,,,0.0,,,0.0
2025-07-01 10:00:00,,,,,,,509.0,509.0,,,0.0,,,0.0
2025-07-01 11:00:00,,,,,,,509.0,509.0,,,0.0,,,0.0
2025-07-01 12:00:00,,,,,,,509.0,509.0,,,0.0,,,0.0
2025-07-01 13:00:00,,,,,,,509.0,509.0,,,0.0,,,0.0
2025-07-01 14:00:00,,,,,,,509.0,509.0,,,0.0,,,0.0
2025-07-01 15:00:00,,,,,,,509.0,509.0,,,0.0,,,0.0
2025-07-01 16:00:00,,,,,,,509.0,509.0,,,0.0,,,0.0
2025-07-01 17:00:00,,,,,,,509.0,509.0,,,0.0,,,0.0
2025-07-01 18:00:00,,,,,,,1529.0,1529.0,,,0.0,,,0.0
2025-07-01 19:00:00,,,,,,,1533.0,1533.0,,,0.0,,,0.0
2025-07-01 20:00:00,,,,,,,1533.0,1533.0,,,0.0,,,0.0
2025-07-01 21:00:00,,,,,,,1533.0,1533.0,,,0.0,,,0.0
2025-07-01 22:00:00,,,,,,,1533.0,1533.0,,,0.0,,,0.0
2025-07-01 23:00:00,,,,,,,1533.0,1533.0,,,0.0,,,0.0
2025-07-02 00:00:00,,,,,,,1533.0,1533.0,,,0.0,,,0.0
2025-07-02 01:00:00,,,,,,,1533.0,1533.0,,,0.0,,,0.0
2025-07-02 02:00:00,,,,,,,1533.0,1533.0,,,0.0,,,0.0
2025-07-02 03:00:00,,,,,,,1529.0,1529.0,,,0.0,,,0.0
2025-07-02 04:00:00,,,,,,,1533.0,1533.0,,,0.0,,,0.0
2025-07-02 05:00:00,,,,,,,1533.0,1533.0,,,0.0,,,0.0
2025-07-02 06:00:00,,,,,,,1533.0,1533.0,,,0.0,,,0.0
2025-07-02 07:00:00,,,,,,,509.0,509.0,,,0.0,,,0.0
2025-07-02 08:00:00,,,,,,,509.0,509.0,,,0.0,,,0.0
2025-07-02 09:00:00,,,,,,,509.0,509.0,,,0.0,,,0.0
2025-07-02 10:00:00,,,,,,,509.0,509.0,,,0.0,,,0.0
2025-07-02 11:00:00,,,,,,,509.0,509.0,,,0.0,,,0.0
2025-07-02 12:00:00,,,,,,,509.0,509.0,,,0.0,,,0.0
2025-07-02 13:00:00,,,,,,,509.0,509.0,,,0.0,,,0.0
2025-07-02 14:00:00,,,,,,,509.0,509.0,,,0.0,,,0.0
2025-07-02 15:00:00,,,,,,,509.0,509.0,,,0.0,,,0.0
2025-07-02 16:00:00,,,,,,,509.0,509.0,,,0.0,,,0.0
2025-07-02 17:00:00,,,,,,,509.0,509.0,,,0.0,,,0.0
2025-07-02 18:00:00,,,,,,,1533.0,1533.0,,,0.0,,,0.0
2025-07-02 19:00:00,,,,,,,1533.0,1533.0,,,0.0,,,0.0
2025-07-02 20:00:00,,,,,,,1533.0,1533.0,,,0.0,,,0.0
2025-07-02 21:00:00,,,,,,,1533.0,1533.0,,,0.0,,,0.0
2025-07-02 22:00:00,,,,,,,1273.0,1273.0,,,0.0,,,0.0
2025-07-02 23:00:00,,,,,,,1273.0,1273.0,,,0.0,,,0.0
2025-07-03 00:00:00,,,,,,,1533.0,1533.0,,,0.0,,,0.0
2025-07-03 01:00:00,,,,,,,1533.0,1533.0,,,0.0,,,0.0
2025-07-03 02:00:00,,,,,,,1273.0,1273.0,,,0.0,,,0.0
2025-07-03 03:00:00,,,,,,,1529.0,1529.0,,,0.0,,,0.0
2025-07-03 04:00:00,,,,,,,1529.0,1529.0,,,0.0,,,0.0
2025-07-03 05:00:00,,,,,,,1529.0,1529.0,,,0.0,,,0.0
2025-07-03 06:00:00,,,,,,,1533.0,1533.0,,,0.0,,,0.0
2025-07-03 07:00:00,,,,,,,509.0,509.0,,,0.0,,,0.0
2025-07-03 08:00:00,,,,,,,509.0,509.0,,,0.0,,,0.0
2025-07-03 09:00:00,,,,,,,509.0,509.0,,,0.0,,,0.0
2025-07-03 10:00:00,,,,,,,509.0,509.0,,,0.0,,,0.0
2025-07-03 11:00:00,,,,,,,509.0,509.0,,,0.0,,,0.0
2025-07-03 12:00:00,,,,,,,509.0,509.0,,,0.0,,,0.0
2025-07-03 13:00:00,,,,,,,509.0,509.0,,,0.0,,,0.0
2025-07-03 14:00:00,,,,,,,509.0,509.0,,,0.0,,,0.0
2025-07-03 15:00:00,,,,,,,509.0,509.0,,,0.0,,,0.0
2025-07-03 16:00:00,,,,,,,509.0,509.0,,,0.0,,,0.0
2025-07-03 17:00:00,,,,,,,509.0,509.0,,,0.0,,,0.0
2025-07-03 18:00:00,,,,,,,1529.0,1529.0,,,0.0,,,0.0
2025-07-03 19:00:00,,,,,,,1533.0,1533.0,,,0.0,,,0.0
2025-07-03 20:00:00,,,,,,,1529.0,1529.0,,,0.0,,,0.0
2025-07-03 21:00:00,,,,,,,1533.0,1533.0,,,0.0,,,0.0
2025-07-03 22:00:00,,,,,,,1533.0,1533.0,,,0.0,,,0.0
2025-07-03 23:00:00,,,,,,,1529.0,1529.0,,,0.0,,,0.0
2025-07-04 00:00:00,,,,,,,1533.0,1533.0,,,0.0,,,0.0
2025-07-04 01:00:00,,,,,,,1533.0,1533.0,,,0.0,,,0.0
2025-07-04 02:00:00,,,,,,,1529.0,1529.0,,,0.0,,,0.0
2025-07-04 03:00:00,,,,,,,1533.0,1533.0,,,0.0,,,0.0
2025-07-04 04:00:00,,,,,,,1533.0,1533.0,,,0.0,,,0.0
2025-07-04 05:00:00,,,,,,,1529.0,1529.0,,,0.0,,,0.0
2025-07-04 06:00:00,,,,,,,1533.0,1533.0,,,0.0,,,0.0
2025-07-04 07:00:00,,,,,,,2297.0,2296.0,0.3506,0.0,1.0,0.801,0.0,1.0
2025-07-04 08:00:00,,,,,,,505.0,504.0,0.37019998,0.0,1.0,0.88989997,0.0,1.0
2025-07-04 09:00:00,,,,,,,509.0,509.0,1.0784,0.0,1.0,0.56700003,0.0,1.0
2025-07-04 10:00:00,,,,,,,509.0,509.0,,,0.0,,,0.0
2025-07-04 11:00:00,,,,,,,509.0,509.0,,,0.0,,,0.0
2025-07-04 12:00:00,,,,,,,509.0,509.0,,,0.0,,,0.0
2025-07-04 13:00:00,,,,,,,509.0,509.0,,,0.0,,,0.0
2025-07-04 14:00:00,,,,,,,509.0,509.0,,,0.0,,,0.0
2025-07-04 15:00:00,,,,,,,509.0,509.0,,,0.0,,,0.0
2025-07-04 16:00:00,,,,,,,509.0,509.0,,,0.0,,,0.0
2025-07-04 17:00:00,,,,,,,509.0,509.0,,,0.0,,,0.0
2025-07-04 18:00:00,,,,,,,1533.0,1533.0,,,0.0,,,0.0
2025-07-04 19:00:00,,,,,,,1273.0,1273.0,,,0.0,,,0.0
2025-07-04 20:00:00,,,,,,,1533.0,1533.0,,,0.0,,,0.0
2025-07-04 21:00:00,,,,,,,1533.0,1533.0,,,0.0,,,0.0
2025-07-04 22:00:00,,,,,,,1533.0,1533.0,,,0.0,,,0.0
2025-07-04 23:00:00,,,,,,,1529.0,1529.0,,,0.0,,,0.0
2025-07-05 00:00:00,,,,,,,1533.0,1533.0,,,0.0,,,0.0
2025-07-05 01:00:00,,,,,,,1533.0,1533.0,,,0.0,,,0.0
2025-07-05 02:00:00,,,,,,,1529.0,1529.0,,,0.0,,,0.0
2025-07-05 03:00:00,,,,,,,1533.0,1533.0,,,0.0,,,0.0
2025-07-05 04:00:00,,,,,,,1533.0,1533.0,,,0.0,,,0.0
2025-07-05 05:00:00,,,,,,,1533.0,1533.0,,,0.0,,,0.0
2025-07-05 06:00:00,,,,,,,1533.0,1533.0,,,0.0,,,0.0
2025-07-05 07:00:00,,,,,,,509.0,509.0,,,0.0,,,0.0
2025-07-05 08:00:00,,,,,,,509.0,509.0,,,0.0,,,0.0
2025-07-05 09:00:00,,,,,,,509.0,509.0,,,0.0,,,0.0
2025-07-05 10:00:00,,,,,,,509.0,509.0,,,0.0,,,0.0
2025-07-05 11:00:00,,,,,,,509.0,509.0,,,0.0,,,0.0
2025-07-05 12:00:00,,,,,,,509.0,509.0,,,0.0,,,0.0
2025-07-05 13:00:00,,,,,,,509.0,509.0,,,0.0,,,0.0
2025-07-05 14:00:00,,,,,,,509.0,509.0,,,0.0,,,0.0
2025-07-05 15:00:00,,,,,,,509.0,509.0,,,0.0,,,0.0
2025-07-05 16:00:00,,,,,,,505.0,504.0,0.2112,0.1328,3.0,0.9778,0.09990001,3.0
2025-07-05 17:00:00,,,,,,,509.0,509.0,0.2742,0.021399999,3.0,0.9448999,0.023699999,3.0
2025-07-05 18:00:00,,,,,,,1533.0,1533.0,,,0.0,,,0.0
2025-07-05 19:00:00,,,,,,,1529.0,1529.0,,,0.0,,,0.0
2025-07-05 20:00:00,,,,,,,1529.0,1529.0,,,0.0,,,0.0
2025-07-05 21:00:00,,,,,,,1533.0,1533.0,,,0.0,,,0.0
2025-07-05 22:00:00,,,,,,,1533.0,1533.0,,,0.0,,,0.0
2025-07-05 23:00:00,,,,,,,1533.0,1533.0,,,0.0,,,0.0
2025-07-06 00:00:00,,,,,,,1533.0,1533.0,,,0.0,,,0.0
2025-07-06 01:00:00,,,,,,,1533.0,1533.0,,,0.0,,,0.0
2025-07-06 02:00:00,,,,,,,1533.0,1533.0,,,0.0,,,0.0
2025-07-06 03:00:00,,,,,,,1533.0,1533.0,,,0.0,,,0.0
2025-07-06 04:00:00,,,,,,,1533.0,1533.0,,,0.0,,,0.0
2025-07-06 05:00:00,,,,,,,1529.0,1529.0,,,0.0,,,0.0
2025-07-06 06:00:00,,,,,,,1533.0,1533.0,,,0.0,,,0.0
2025-07-06 07:00:00,,,,,,,509.0,509.0,,,0.0,,,0.0
2025-07-06 08:00:00,,,,,,,509.0,509.0,,,0.0,,,0.0
2025-07-06 09:00:00,,,,,,,509.0,509.0,,,0.0,,,0.0
2025-07-06 10:00:00,,,,,,,509.0,509.0,,,0.0,,,0.0
2025-07-06 11:00:00,,,,,,,509.0,509.0,,,0.0,,,0.0
2025-07-06 12:00:00,,,,,,,509.0,509.0,,,0.0,,,0.0
2025-07-06 13:00:00,,,,,,,509.0,509.0,,,0.0,,,0.0
2025-07-06 14:00:00,,,,,,,509.0,509.0,,,0.0,,,0.0
2025-07-06 15:00:00,,,,,,,509.0,509.0,,,0.0,,,0.0
2025-07-06 16:00:00,,,,,,,509.0,509.0,,,0.0,,,0.0
2025-07-06 17:00:00,,,,,,,509.0,509.0,,,0.0,,,0.0
2025-07-06 18:00:00,,,,,,,1533.0,1533.0,,,0.0,,,0.0
2025-07-06 19:00:00,,,,,,,1533.0,1533.0,,,0.0,,,0.0
2025-07-06 20:00:00,,,,,,,1529.0,1529.0,,,0.0,,,0.0
2025-07-06 21:00:00,,,,,,,1533.0,1533.0,,,0.0,,,0.0
2025-07-06 22:00:00,,,,,,,1529.0,1529.0,,,0.0,,,0.0
2025-07-06 23:00:00,,,,,,,1273.0,1273.0,,,0.0,,,0.0
2025-07-07 00:00:00,,,,,,,1273.0,1273.0,,,0.0,,,0.0
2025-07-07 01:00:00,,,,,,,1533.0,1533.0,,,0.0,,,0.0
2025-07-07 02:00:00,,,,,,,1529.0,1529.0,,,0.0,,,0.0
2025-07-07 03:00:00,,,,,,,1529.0,1529.0,,,0.0,,,0.0
2025-07-07 04:00:00,,,,,,,1533.0,1533.0,,,0.0,,,0.0
2025-07-07 05:00:00,,,,,,,1273.0,1273.0,,,0.0,,,0.0
2025-07-07 06:00:00,,,,,,,1533.0,1533.0,,,0.0,,,0.0
2025-07-07 07:00:00,,,,,,,509.0,509.0,,,0.0,,,0.0
2025-07-07 08:00:00,,,,,,,509.0,509.0,,,0.0,,,0.0
2025-07-07 09:00:00,,,,,,,509.0,509.0,,,0.0,,,0.0
2025-07-07 10:00:00,,,,,,,509.0,509.0,,,0.0,,,0.0
2025-07-07 11:00:00,,,,,,,509.0,509.0,,,0.0,,,0.0
2025-07-07 12:00:00,,,,,,,509.0,509.0,,,0.0,,,0.0
2025-07-07 13:00:00,,,,,,,509.0,509.0,,,0.0,,,0.0
2025-07-07 14:00:00,,,,,,,2553.0,2552.0,0.0176,0.0106,5.0,1.0895,0.0020999908,5.0
2025-07-07 15:00:00,,,,,,,509.0,509.0,0.1674,0.0,1.0,1.11,0.0,1.0
2025-07-07 16:00:00,,,,,,,505.0,504.0,0.5352,0.058,2.0,1.0856999,0.0722,2.0
2025-07-07 17:00:00,,,,,,,509.0,509.0,0.6762,0.0095999995,2.0,1.0322,0.016900003,2.0
2025-07-07 18:00:00,,,,,,,1533.0,1533.0,,,0.0,,,0.0
2025-07-07 19:00:00,,,,,,,1273.0,1273.0,,,0.0,,,0.0
2025-07-07 20:00:00,,,,,,,1273.0,1273.0,,,0.0,,,0.0
2025-07-07 21:00:00,,,,,,,1273.0,1273.0,,,0.0,,,0.0
2025-07-07 22:00:00,,,,,,,1533.0,1533.0,,,0.0,,,0.0
2025-07-07 23:00:00,,,,,,,1533.0,1533.0,,,0.0,,,0.0
2025-07-08 00:00:00,,,,,,,1529.0,1529.0,,,0.0,,,0.0
2025-07-08 01:00:00,,,,,,,1529.0,1529.0,,,0.0,,,0.0
2025-07-08 02:00:00,,,,,,,1529.0,1529.0,,,0.0,,,0.0
2025-07-08 03:00:00,,,,,,,1273.0,1273.0,,,0.0,,,0.0
2025-07-08 04:00:00,,,,,,,1273.0,1273.0,,,0.0,,,0.0
2025-07-08 05:00:00,,,,,,,1273.0,1273.0,,,0.0,,,0.0
2025-07-08 06:00:00,,,,,,,1533.0,1533.0,,,0.0,,,0.0
2025-07-08 07:00:00,,,,,,,509.0,509.0,,,0.0,,,0.0
2025-07-08 08:00:00,,,,,,,249.0,249.0,,,0.0,,,0.0
2025-07-08 09:00:00,,,,,,,505.0,505.0,0.0088,0.0056,2.0,0.96299994,0.00019997358,2.0
2025-07-08 10:00:00,,,,,,,505.0,504.0,0.2732,0.0,1.0,0.9384999,0.0,1.0
2025-07-08 11:00:00,,,,,,,509.0,509.0,0.6576,0.089999996,2.0,0.95079994,0.0011999607,2.0
2025-07-08 12:00:00,,,,,,,509.0,509.0,,,0.0,,,0.0
2025-07-08 13:00:00,,,,,,,509.0,509.0,,,0.0,,,0.0
2025-07-08 14:00:00,,,,,,,509.0,509.0,,,0.0,,,0.0
2025-07-08 15:00:00,,,,,,,509.0,509.0,0.65779996,0.025799999,2.0,0.93569994,0.009800017,2.0
2025-07-08 16:00:00,,,,,,,505.0,504.0,0.9094,0.0,1.0,0.6694,0.0,1.0
2025-07-08 17:00:00,,,,,,,509.0,509.0,,,0.0,,,0.0
2025-07-08 18:00:00,,,,,,,1533.0,1533.0,,,0.0,,,0.0
2025-07-08 19:00:00,,,,,,,1533.0,1533.0,,,0.0,,,0.0
2025-07-08 20:00:00,,,,,,,1533.0,1533.0,,,0.0,,,0.0
2025-07-08 21:00:00,,,,,,,1533.0,1533.0,,,0.0,,,0.0
2025-07-08 22:00:00,,,,,,,1533.0,1533.0,,,0.0,,,0.0
2025-07-08 23:00:00,,,,,,,1533.0,1533.0,,,0.0,,,0.0
2025-07-09 00:00:00,,,,,,,1529.0,1529.0,,,0.0,,,0.0
2025-07-09 01:00:00,,,,,,,1533.0,1533.0,,,0.0,,,0.0
2025-07-09 02:00:00,,,,,,,1533.0,1533.0,,,0.0,,,0.0
2025-07-09 03:00:00,,,,,,,1529.0,1529.0,,,0.0,,,0.0
2025-07-09 04:00:00,,,,,,,1533.0,1533.0,,,0.0,,,0.0
2025-07-09 05:00:00,,,,,,,1533.0,1533.0,,,0.0,,,0.0
2025-07-09 06:00:00,,,,,,,1533.0,1533.0,,,0.0,,,0.0
2025-07-09 07:00:00,,,,,,,509.0,509.0,,,0.0,,,0.0
2025-07-09 08:00:00,,,,,,,249.0,248.0,0.29099998,0.0,1.0,0.9001,0.0,1.0
2025-07-09 09:00:00,,,,,,,249.0,249.0,0.077599995,0.0708,4.0,0.9283,0.00940001,4.0
2025-07-09 10:00:00,,,,,,,505.0,504.0,0.1436,0.0,1.0,0.9455999,0.0,1.0
2025-07-09 11:00:00,,,,,,,505.0,504.0,0.081,0.0752,5.0,0.95159996,0.009199977,4.0
2025-07-09 12:00:00,,,,,,,2553.0,2552.0,0.15259999,0.0284,6.0,0.9323,0.008700013,6.0
2025-07-09 13:00:00,,,,,,,505.0,505.0,0.1218,0.015199999,5.0,0.91279995,0.00019997358,5.0
2025-07-09 14:00:00,,,,,,,509.0,509.0,0.0178,0.0,1.0,0.86,0.0,1.0
2025-07-09 15:00:00,,,,,,,509.0,509.0,,,0.0,,,0.0
2025-07-09 16:00:00,,,,,,,509.0,509.0,,,0.0,,,0.0
2025-07-09 17:00:00,,,,,,,509.0,509.0,,,0.0,,,0.0
2025-07-09 18:00:00,,,,,,,1533.0,1533.0,,,0.0,,,0.0
2025-07-09 19:00:00,,,,,,,1533.0,1533.0,,,0.0,,,0.0
2025-07-09 20:00:00,,,,,,,1533.0,1533.0,,,0.0,,,0.0
2025-07-09 21:00:00,,,,,,,1533.0,1533.0,,,0.0,,,0.0
2025-07-09 22:00:00,,,,,,,1533.0,1533.0,,,0.0,,,0.0
2025-07-09 23:00:00,,,,,,,1533.0,1533.0,,,0.0,,,0.0
2025-07-10 00:00:00,,,,,,,1529.0,1529.0,,,0.0,,,0.0
2025-07-10 01:00:00,,,,,,,1533.0,1533.0,,,0.0,,,0.0
2025-07-10 02:00:00,,,,,,,1533.0,1533.0,,,0.0,,,0.0
2025-07-10 03:00:00,,,,,,,1529.0,1529.0,,,0.0,,,0.0
2025-07-10 04:00:00,,,,,,,1533.0,1533.0,,,0.0,,,0.0
2025-07-10 05:00:00,,,,,,,1529.0,1529.0,,,0.0,,,0.0
2025-07-10 06:00:00,,,,,,,1533.0,1533.0,,,0.0,,,0.0
2025-07-10 07:00:00,,,,,,,509.0,509.0,,,0.0,,,0.0
2025-07-10 08:00:00,,,,,,,509.0,509.0,,,0.0,,,0.0
2025-07-10 09:00:00,,,,,,,509.0,509.0,,,0.0,,,0.0
2025-07-10 10:00:00,,,,,,,509.0,509.0,,,0.0,,,0.0
2025-07-10 11:00:00,,,,,,,509.0,509.0,,,0.0,,,0.0
2025-07-10 12:00:00,,,,,,,509.0,509.0,,,0.0,,,0.0
2025-07-10 13:00:00,,,,,,,509.0,509.0,,,0.0,,,0.0
2025-07-10 14:00:00,,,,,,,505.0,505.0,,,0.0,,,0.0
2025-07-10 15:00:00,,,,,,,509.0,509.0,0.0,0.0,1.0,,-0.5,0.0
2025-07-10 16:00:00,,,,,,,509.0,509.0,,,0.0,,,0.0
2025-07-10 17:00:00,,,,,,,509.0,509.0,,,0.0,,,0.0
2025-07-10 18:00:00,,,,,,,1533.0,1533.0,,,0.0,,,0.0
2025-07-10 19:00:00,,,,,,,1533.0,1533.0,,,0.0,,,0.0
2025-07-10 20:00:00,,,,,,,1533.0,1533.0,,,0.0,,,0.0
2025-07-10 21:00:00,,,,,,,1533.0,1533.0,,,0.0,,,0.0
2025-07-10 22:00:00,,,,,,,1533.0,1533.0,,,0.0,,,0.0
2025-07-10 23:00:00,,,,,,,1533.0,1533.0,,,0.0,,,0.0
2025-07-11 00:00:00,,,,,,,1533.0,1533.0,,,0.0,,,0.0
2025-07-11 01:00:00,,,,,,,1533.0,1533.0,,,0.0,,,0.0
2025-07-11 02:00:00,,,,,,,1533.0,1533.0,,,0.0,,,0.0
2025-07-11 03:00:00,,,,,,,1533.0,1533.0,,,0.0,,,0.0
2025-07-11 04:00:00,,,,,,,1533.0,1533.0,,,0.0,,,0.0
2025-07-11 05:00:00,,,,,,,1533.0,1533.0,,,0.0,,,0.0
2025-07-11 06:00:00,,,,,,,1533.0,1533.0,,,0.0,,,0.0
2025-07-11 07:00:00,,,,,,,509.0,509.0,,,0.0,,,0.0
2025-07-11 08:00:00,,,,,,,509.0,509.0,,,0.0,,,0.0
2025-07-11 09:00:00,,,,,,,509.0,509.0,,,0.0,,,0.0
2025-07-11 10:00:00,,,,,,,509.0,509.0,,,0.0,,,0.0
2025-07-11 11:00:00,,,,,,,509.0,509.0,,,0.0,,,0.0
2025-07-11 12:00:00,,,,,,,509.0,509.0,,,0.0,,,0.0
2025-07-11 13:00:00,,,,,,,509.0,509.0,,,0.0,,,0.0
2025-07-11 14:00:00,,,,,,,509.0,509.0,,,0.0,,,0.0
2025-07-11 15:00:00,,,,,,,509.0,509.0,0.6084,0.0,1.0,1.1186,0.0,1.0
2025-07-11 16:00:00,,,,,,,509.0,509.0,,,0.0,,,0.0
2025-07-11 17:00:00,,,,,,,509.0,509.0,,,0.0,,,0.0
2025-07-11 18:00:00,,,,,,,1533.0,1533.0,,,0.0,,,0.0
2025-07-11 19:00:00,,,,,,,1533.0,1533.0,,,0.0,,,0.0
2025-07-11 20:00:00,,,,,,,1533.0,1533.0,,,0.0,,,0.0
2025-07-11 21:00:00,,,,,,,1533.0,1533.0,,,0.0,,,0.0
2025-07-11 22:00:00,,,,,,,1533.0,1533.0,,,0.0,,,0.0
2025-07-11 23:00:00,,,,,,,1533.0,1533.0,,,0.0,,,0.0
2025-07-12 00:00:00,,,,,,,1533.0,1533.0,,,0.0,,,0.0
2025-07-12 01:00:00,,,,,,,1529.0,1529.0,,,0.0,,,0.0
2025-07-12 02:00:00,,,,,,,1533.0,1533.0,,,0.0,,,0.0
2025-07-12 03:00:00,,,,,,,1533.0,1533.0,,,0.0,,,0.0
2025-07-12 04:00:00,,,,,,,1533.0,1533.0,,,0.0,,,0.0
2025-07-12 05:00:00,,,,,,,1533.0,1533.0,,,0.0,,,0.0
2025-07-12 06:00:00,,,,,,,1533.0,1533.0,,,0.0,,,0.0
2025-07-12 07:00:00,,,,,,,505.0,505.0,,,0.0,,,0.0
2025-07-12 08:00:00,,,,,,,509.0,509.0,0.49139997,0.012999999,2.0,1.1118,0.009000003,2.0
2025-07-12 09:00:00,,,,,,,509.0,509.0,,,0.0,,,0.0
2025-07-12 10:00:00,,,,,,,509.0,509.0,,,0.0,,,0.0
2025-07-12 11:00:00,,,,,,,509.0,509.0,,,0.0,,,0.0
2025-07-12 12:00:00,,,,,,,509.0,509.0,,,0.0,,,0.0
2025-07-12 13:00:00,,,,,,,509.0,509.0,,,0.0,,,0.0
2025-07-12 14:00:00,,,,,,,509.0,509.0,,,0.0,,,0.0
2025-07-12 15:00:00,,,,,,,509.0,509.0,0.269,0.0,1.0,1.1528,0.0,1.0
2025-07-12 16:00:00,,,,,,,509.0,509.0,,,0.0,,,0.0
2025-07-12 17:00:00,,,,,,,509.0,509.0,,,0.0,,,0.0
2025-07-12 18:00:00,,,,,,,1533.0,1533.0,,,0.0,,,0.0
2025-07-12 19:00:00,,,,,,,1533.0,1533.0,,,0.0,,,0.0
2025-07-12 20:00:00,,,,,,,1533.0,1533.0,,,0.0,,,0.0
2025-07-12 21:00:00,,,,,,,1529.0,1529.0,,,0.0,,,0.0
2025-07-12 22:00:00,,,,,,,1533.0,1533.0,,,0.0,,,0.0
2025-07-12 23:00:00,,,,,,,1533.0,1533.0,,,0.0,,,0.0
2025-07-13 00:00:00,,,,,,,1533.0,1533.0,,,0.0,,,0.0
2025-07-13 01:00:00,,,,,,,1529.0,1529.0,,,0.0,,,0.0
2025-07-13 02:00:00,,,,,,,1533.0,1533.0,,,0.0,,,0.0
2025-07-13 03:00:00,,,,,,,1533.0,1533.0,,,0.0,,,0.0
2025-07-13 04:00:00,,,,,,,1533.0,1533.0,,,0.0,,,0.0
2025-07-13 05:00:00,,,,,,,1533.0,1533.0,,,0.0,,,0.0
2025-07-13 06:00:00,,,,,,,1533.0,1533.0,,,0.0,,,0.0
2025-07-13 07:00:00,,,,,,,509.0,509.0,,,0.0,,,0.0
2025-07-13 08:00:00,,,,,,,509.0,509.0,,,0.0,,,0.0
2025-07-13 09:00:00,,,,,,,509.0,509.0,,,0.0,,,0.0
2025-07-13 10:00:00,,,,,,,509.0,509.0,1.4692,0.0,1.0,0.8385999,0.0,1.0
2025-07-13 11:00:00,,,,,,,509.0,509.0,,,0.0,,,0.0
2025-07-13 12:00:00,,,,,,,509.0,509.0,,,0.0,,,0.0
2025-07-13 13:00:00,,,,,,,509.0,509.0,,,0.0,,,0.0
2025-07-13 14:00:00,,,,,,,509.0,509.0,,,0.0,,,0.0
2025-07-13 15:00:00,,,,,,,509.0,509.0,,,0.0,,,0.0
2025-07-13 16:00:00,,,,,,,509.0,509.0,,,0.0,,,0.0
2025-07-13 17:00:00,,,,,,,509.0,509.0,,,0.0,,,0.0
2025-07-13 18:00:00,,,,,,,1529.0,1529.0,,,0.0,,,0.0
2025-07-13 19:00:00,,,,,,,1533.0,1533.0,,,0.0,,,0.0
2025-07-13 20:00:00,,,,,,,1533.0,1533.0,,,0.0,,,0.0
2025-07-13 21:00:00,,,,,,,1533.0,1533.0,,,0.0,,,0.0
2025-07-13 22:00:00,,,,,,,1533.0,1533.0,,,0.0,,,0.0
2025-07-13 23:00:00,,,,,,,1533.0,1533.0,,,0.0,,,0.0
2025-07-14 00:00:00,,,,,,,1533.0,1533.0,,,0.0,,,0.0
2025-07-14 01:00:00,,,,,,,1533.0,1533.0,,,0.0,,,0.0
2025-07-14 02:00:00,,,,,,,1529.0,1529.0,,,0.0,,,0.0
2025-07-14 03:00:00,,,,,,,1533.0,1533.0,,,0.0,,,0.0
2025-07-14 04:00:00,,,,,,,1529.0,1529.0,,,0.0,,,0.0
2025-07-14 05:00:00,,,,,,,1529.0,1529.0,,,0.0,,,0.0
2025-07-14 06:00:00,,,,,,,1533.0,1533.0,,,0.0,,,0.0
2025-07-14 07:00:00,,,,,,,509.0,509.0,,,0.0,,,0.0
2025-07-14 08:00:00,,,,,,,509.0,509.0,,,0.0,,,0.0
2025-07-14 09:00:00,,,,,,,509.0,509.0,,,0.0,,,0.0
2025-07-14 10:00:00,,,,,,,509.0,509.0,,,0.0,,,0.0
2025-07-14 11:00:00,,,,,,,509.0,509.0,,,0.0,,,0.0
2025-07-14 12:00:00,,,,,,,509.0,509.0,,,0.0,,,0.0
2025-07-14 13:00:00,,,,,,,509.0,509.0,,,0.0,,,0.0
2025-07-14 14:00:00,,,,,,,509.0,509.0,,,0.0,,,0.0
2025-07-14 15:00:00,,,,,,,509.0,509.0,,,0.0,,,0.0
2025-07-14 16:00:00,,,,,,,509.0,509.0,,,0.0,,,0.0
2025-07-14 17:00:00,,,,,,,509.0,509.0,,,0.0,,,0.0
2025-07-14 18:00:00,,,,,,,1533.0,1533.0,,,0.0,,,0.0
2025-07-14 19:00:00,,,,,,,1533.0,1533.0,,,0.0,,,0.0
2025-07-14 20:00:00,,,,,,,1529.0,1529.0,,,0.0,,,0.0
2025-07-14 21:00:00,,,,,,,1533.0,1533.0,,,0.0,,,0.0
2025-07-14 22:00:00,,,,,,,1533.0,1533.0,,,0.0,,,0.0
2025-07-14 23:00:00,,,,,,,1533.0,1533.0,,,0.0,,,0.0
2025-07-15 00:00:00,,,,,,,1533.0,1533.0,,,0.0,,,0.0
2025-07-15 01:00:00,,,,,,,1533.0,1533.0,,,0.0,,,0.0
2025-07-15 02:00:00,,,,,,,1533.0,1533.0,,,0.0,,,0.0
2025-07-15 03:00:00,,,,,,,1533.0,1533.0,,,0.0,,,0.0
2025-07-15 04:00:00,,,,,,,1529.0,1529.0,,,0.0,,,0.0
2025-07-15 05:00:00,,,,,,,1533.0,1533.0,,,0.0,,,0.0
2025-07-15 06:00:00,,,,,,,1533.0,1533.0,,,0.0,,,0.0
2025-07-15 07:00:00,,,,,,,509.0,509.0,,,0.0,,,0.0
2025-07-15 08:00:00,,,,,,,509.0,509.0,,,0.0,,,0.0
2025-07-15 09:00:00,,,,,,,509.0,509.0,,,0.0,,,0.0
2025-07-15 10:00:00,,,,,,,509.0,509.0,,,0.0,,,0.0
2025-07-15 11:00:00,,,,,,,509.0,509.0,,,0.0,,,0.0
2025-07-15 12:00:00,,,,,,,509.0,509.0,,,0.0,,,0.0
2025-07-15 13:00:00,,,,,,,509.0,509.0,,,0.0,,,0.0
2025-07-15 14:00:00,,,,,,,509.0,509.0,,,0.0,,,0.0
2025-07-15 15:00:00,,,,,,,509.0,509.0,,,0.0,,,0.0
2025-07-15 16:00:00,,,,,,,509.0,509.0,,,0.0,,,0.0
2025-07-15 17:00:00,,,,,,,509.0,509.0,,,0.0,,,0.0
2025-07-15 18:00:00,,,,,,,1533.0,1533.0,,,0.0,,,0.0
2025-07-15 19:00:00,,,,,,,1529.0,1529.0,,,0.0,,,0.0
2025-07-15 20:00:00,,,,,,,1529.0,1529.0,,,0.0,,,0.0
2025-07-15 21:00:00,,,,,,,1533.0,1533.0,,,0.0,,,0.0
2025-07-15 22:00:00,,,,,,,1533.0,1533.0,,,0.0,,,0.0
2025-07-15 23:00:00,,,,,,,1533.0,1533.0,,,0.0,,,0.0
2025-07-16 00:00:00,,,,,,,1533.0,1533.0,,,0.0,,,0.0
2025-07-16 01:00:00,,,,,,,1533.0,1533.0,,,0.0,,,0.0
2025-07-16 02:00:00,,,,,,,1529.0,1529.0,,,0.0,,,0.0
2025-07-16 03:00:00,,,,,,,1533.0,1533.0,,,0.0,,,0.0
2025-07-16 04:00:00,,,,,,,1533.0,1533.0,,,0.0,,,0.0
2025-07-16 05:00:00,,,,,,,1533.0,1533.0,,,0.0,,,0.0
2025-07-16 06:00:00,,,,,,,1533.0,1533.0,,,0.0,,,0.0
2025-07-16 07:00:00,,,,,,,509.0,509.0,,,0.0,,,0.0
2025-07-16 08:00:00,,,,,,,509.0,509.0,,,0.0,,,0.0
2025-07-16 09:00:00,,,,,,,509.0,509.0,,,0.0,,,0.0
2025-07-16 10:00:00,,,,,,,509.0,509.0,,,0.0,,,0.0
2025-07-16 11:00:00,,,,,,,509.0,509.0,,,0.0,,,0.0
2025-07-16 12:00:00,,,,,,,509.0,509.0,,,0.0,,,0.0
2025-07-16 13:00:00,,,,,,,509.0,509.0,,,0.0,,,0.0
2025-07-16 14:00:00,,,,,,,509.0,509.0,,,0.0,,,0.0
2025-07-16 15:00:00,,,,,,,509.0,509.0,,,0.0,,,0.0
2025-07-16 16:00:00,,,,,,,509.0,509.0,,,0.0,,,0.0
2025-07-16 17:00:00,,,,,,,509.0,509.0,,,0.0,,,0.0
2025-07-16 18:00:00,,,,,,,1533.0,1533.0,,,0.0,,,0.0
2025-07-16 19:00:00,,,,,,,1533.0,1533.0,,,0.0,,,0.0
2025-07-16 20:00:00,,,,,,,1533.0,1533.0,,,0.0,,,0.0
2025-07-16 21:00:00,,,,,,,1533.0,1533.0,,,0.0,,,0.0
2025-07-16 22:00:00,,,,,,,1533.0,1533.0,,,0.0,,,0.0
2025-07-16 23:00:00,,,,,,,1533.0,1533.0,,,0.0,,,0.0
2025-07-17 00:00:00,,,,,,,1533.0,1533.0,,,0.0,,,0.0
2025-07-17 01:00:00,,,,,,,1529.0,1529.0,,,0.0,,,0.0
2025-07-17 02:00:00,,,,,,,1273.0,1273.0,,,0.0,,,0.0
2025-07-17 03:00:00,,,,,,,1273.0,1273.0,,,0.0,,,0.0
2025-07-17 04:00:00,,,,,,,1273.0,1273.0,,,0.0,,,0.0
2025-07-17 05:00:00,,,,,,,1273.0,1273.0,,,0.0,,,0.0
2025-07-17 06:00:00,,,,,,,1533.0,1533.0,,,0.0,,,0.0
2025-07-17 07:00:00,,,,,,,249.0,248.0,0.3032,0.0,1.0,0.9936,0.0,1.0
2025-07-17 08:00:00,,,,,,,2553.0,2552.0,0.2572,0.058199998,2.0,0.98749995,0.00029999018,2.0
2025-07-17 09:00:00,,,,,,,509.0,509.0,,,0.0,,,0.0
2025-07-17 10:00:00,,,,,,,509.0,509.0,,,0.0,,,0.0
2025-07-17 11:00:00,,,,,,,509.0,509.0,,,0.0,,,0.0
2025-07-17 12:00:00,,,,,,,509.0,509.0,,,0.0,,,0.0
2025-07-17 13:00:00,,,,,,,509.0,509.0,,,0.0,,,0.0
2025-07-17 14:00:00,,,,,,,509.0,509.0,,,0.0,,,0.0
2025-07-17 15:00:00,,,,,,,509.0,509.0,,,0.0,,,0.0
2025-07-17 16:00:00,,,,,,,505.0,505.0,0.106599994,0.0178,2.0,0.94939995,0.00029999018,2.0
2025-07-17 17:00:00,,,,,,,509.0,509.0,0.1116,0.0532,2.0,0.94929993,0.006099999,2.0
2025-07-17 18:00:00,,,,,,,1533.0,1533.0,,,0.0,,,0.0
2025-07-17 19:00:00,,,,,,,1533.0,1533.0,,,0.0,,,0.0
2025-07-17 20:00:00,,,,,,,1533.0,1533.0,,,0.0,,,0.0
2025-07-17 21:00:00,,,,,,,1529.0,1529.0,,,0.0,,,0.0
2025-07-17 22:00:00,,,,,,,1529.0,1529.0,,,0.0,,,0.0
2025-07-17 23:00:00,,,,,,,1273.0,1273.0,,,0.0,,,0.0
2025-07-18 00:00:00,,,,,,,1273.0,1273.0,,,0.0,,,0.0
2025-07-18 01:00:00,,,,,,,1533.0,1533.0,,,0.0,,,0.0
2025-07-18 02:00:00,,,,,,,1533.0,1533.0,,,0.0,,,0.0
2025-07-18 03:00:00,,,,,,,1529.0,1529.0,,,0.0,,,0.0
2025-07-18 04:00:00,,,,,,,1533.0,1533.0,,,0.0,,,0.0
2025-07-18 05:00:00,,,,,,,1533.0,1533.0,,,0.0,,,0.0
2025-07-18 06:00:00,,,,,,,1533.0,1533.0,,,0.0,,,0.0
2025-07-18 07:00:00,,,,,,,509.0,509.0,,,0.0,,,0.0
2025-07-18 08:00:00,,,,,,,509.0,509.0,0.23439999,0.0906,4.0,1.03,0.010899961,4.0
2025-07-18 09:00:00,,,,,,,505.0,504.0,0.48459998,0.076,4.0,0.94429994,0.028599977,4.0
2025-07-18 10:00:00,,,,,,,509.0,509.0,0.3074,0.134,2.0,1.0293,0.061999977,2.0
2025-07-18 11:00:00,,,,,,,509.0,509.0,0.4948,0.0,1.0,1.0504999,0.0,1.0
2025-07-18 12:00:00,,,,,,,505.0,505.0,,,0.0,,,0.0
2025-07-18 13:00:00,,,,,,,505.0,505.0,,,0.0,,,0.0
2025-07-18 14:00:00,,,,,,,509.0,509.0,1.023,0.0,1.0,0.5497999,0.0,1.0
2025-07-18 15:00:00,,,,,,,509.0,509.0,0.79459995,0.138,2.0,0.66489995,0.037,2.0
2025-07-18 16:00:00,,,,,,,505.0,504.0,0.77779996,0.0092,2.0,0.8873,0.08469999,2.0
2025-07-18 17:00:00,,,,,,,509.0,509.0,,,0.0,,,0.0
2025-07-18 18:00:00,,,,,,,1533.0,1533.0,,,0.0,,,0.0
2025-07-18 19:00:00,,,,,,,1529.0,1529.0,,,0.0,,,0.0
2025-07-18 20:00:00,,,,,,,1533.0,1533.0,,,0.0,,,0.0
2025-07-18 21:00:00,,,,,,,1533.0,1533.0,,,0.0,,,0.0
2025-07-18 22:00:00,,,,,,,1533.0,1533.0,,,0.0,,,0.0
2025-07-18 23:00:00,,,,,,,1533.0,1533.0,,,0.0,,,0.0
2025-07-19 00:00:00,,,,,,,1533.0,1533.0,,,0.0,,,0.0
2025-07-19 01:00:00,,,,,,,1533.0,1533.0,,,0.0,,,0.0
2025-07-19 02:00:00,,,,,,,1533.0,1533.0,,,0.0,,,0.0
2025-07-19 03:00:00,,,,,,,1529.0,1529.0,,,0.0,,,0.0
2025-07-19 04:00:00,,,,,,,1529.0,1529.0,,,0.0,,,0.0
2025-07-19 05:00:00,,,,,,,1533.0,1533.0,,,0.0,,,0.0
2025-07-19 06:00:00,,,,,,,1533.0,1533.0,,,0.0,,,0.0
2025-07-19 07:00:00,,,,,,,509.0,509.0,,,0.0,,,0.0
2025-07-19 08:00:00,,,,,,,249.0,248.0,0.811,0.1784,2.0,0.89039993,0.0679,2.0
2025-07-19 09:00:00,,,,,,,505.0,504.0,0.759,0.0736,5.0,0.93359995,0.032099962,5.0
2025-07-19 10:00:00,,,,,,,505.0,504.0,0.71959996,0.090399995,4.0,0.9497,0.023000002,4.0
2025-07-19 11:00:00,,,,,,,505.0,505.0,0.9016,0.0,1.0,0.9534,0.0,1.0
2025-07-19 12:00:00,,,,,,,509.0,509.0,,,0.0,,,0.0
2025-07-19 13:00:00,,,,,,,505.0,505.0,,,0.0,,,0.0
2025-07-19 14:00:00,,,,,,,509.0,509.0,,,0.0,,,0.0
2025-07-19 15:00:00,,,,,,,509.0,509.0,1.3284,0.0,1.0,0.4091,0.0,1.0
2025-07-19 16:00:00,,,,,,,509.0,509.0,,,0.0,,,0.0
2025-07-19 17:00:00,,,,,,,509.0,509.0,,,0.0,,,0.0
2025-07-19 18:00:00,,,,,,,1533.0,1533.0,,,0.0,,,0.0
2025-07-19 19:00:00,,,,,,,1533.0,1533.0,,,0.0,,,0.0
2025-07-19 20:00:00,,,,,,,1533.0,1533.0,,,0.0,,,0.0
2025-07-19 21:00:00,,,,,,,1533.0,1533.0,,,0.0,,,0.0
2025-07-19 22:00:00,,,,,,,1533.0,1533.0,,,0.0,,,0.0
2025-07-19 23:00:00,,,,,,,1529.0,1529.0,,,0.0,,,0.0
2025-07-20 00:00:00,,,,,,,1529.0,1529.0,,,0.0,,,0.0
2025-07-20 01:00:00,,,,,,,1529.0,1529.0,,,0.0,,,0.0
2025-07-20 02:00:00,,,,,,,1533.0,1533.0,,,0.0,,,0.0
2025-07-20 03:00:00,,,,,,,1533.0,1533.0,,,0.0,,,0.0
2025-07-20 04:00:00,,,,,,,1533.0,1533.0,,,0.0,,,0.0
2025-07-20 05:00:00,,,,,,,1533.0,1533.0,,,0.0,,,0.0
2025-07-20 06:00:00,,,,,,,1533.0,1533.0,,,0.0,,,0.0
2025-07-20 07:00:00,,,,,,,509.0,509.0,,,0.0,,,0.0
2025-07-20 08:00:00,,,,,,,509.0,509.0,0.3728,0.0,1.0,1.092,0.0,1.0
2025-07-20 09:00:00,,,,,,,509.0,509.0,,,0.0,,,0.0
2025-07-20 10:00:00,,,,,,,509.0,509.0,,,0.0,,,0.0
2025-07-20 11:00:00,,,,,,,509.0,509.0,,,0.0,,,0.0
2025-07-20 12:00:00,,,,,,,509.0,509.0,,,0.0,,,0.0
2025-07-20 13:00:00,,,,,,,509.0,509.0,,,0.0,,,0.0
2025-07-20 14:00:00,,,,,,,509.0,509.0,,,0.0,,,0.0
2025-07-20 15:00:00,,,,,,,509.0,509.0,,,0.0,,,0.0
2025-07-20 16:00:00,,,,,,,509.0,509.0,,,0.0,,,0.0
2025-07-20 17:00:00,,,,,,,509.0,509.0,,,0.0,,,0.0
2025-07-20 18:00:00,,,,,,,1533.0,1533.0,,,0.0,,,0.0
2025-07-20 19:00:00,,,,,,,1533.0,1533.0,,,0.0,,,0.0
2025-07-20 20:00:00,,,,,,,1533.0,1533.0,,,0.0,,,0.0
2025-07-20 21:00:00,,,,,,,1533.0,1533.0,,,0.0,,,0.0
2025-07-20 22:00:00,,,,,,,1533.0,1533.0,,,0.0,,,0.0
2025-07-20 23:00:00,,,,,,,1529.0,1529.0,,,0.0,,,0.0
2025-07-21 00:00:00,,,,,,,1533.0,1533.0,,,0.0,,,0.0
2025-07-21 01:00:00,,,,,,,1533.0,1533.0,,,0.0,,,0.0
2025-07-21 02:00:00,,,,,,,1533.0,1533.0,,,0.0,,,0.0
2025-07-21 03:00:00,,,,,,,1533.0,1533.0,,,0.0,,,0.0
2025-07-21 04:00:00,,,,,,,1533.0,1533.0,,,0.0,,,0.0
2025-07-21 05:00:00,,,,,,,1533.0,1533.0,,,0.0,,,0.0
2025-07-21 06:00:00,,,,,,,1533.0,1533.0,,,0.0,,,0.0
2025-07-21 07:00:00,,,,,,,509.0,509.0,,,0.0,,,0.0
2025-07-21 08:00:00,,,,,,,509.0,509.0,,,0.0,,,0.0
2025-07-21 09:00:00,,,,,,,509.0,509.0,,,0.0,,,0.0
2025-07-21 10:00:00,,,,,,,509.0,509.0,,,0.0,,,0.0
2025-07-21 11:00:00,,,,,,,509.0,509.0,,,0.0,,,0.0
2025-07-21 12:00:00,,,,,,,509.0,509.0,,,0.0,,,0.0
2025-07-21 13:00:00,,,,,,,509.0,509.0,,,0.0,,,0.0
2025-07-21 14:00:00,,,,,,,509.0,509.0,,,0.0,,,0.0
2025-07-21 15:00:00,,,,,,,509.0,509.0,,,0.0,,,0.0
2025-07-21 16:00:00,,,,,,,509.0,509.0,,,0.0,,,0.0
2025-07-21 17:00:00,,,,,,,509.0,509.0,,,0.0,,,0.0
2025-07-21 18:00:00,,,,,,,1533.0,1533.0,,,0.0,,,0.0
2025-07-21 19:00:00,,,,,,,1533.0,1533.0,,,0.0,,,0.0
2025-07-21 20:00:00,,,,,,,1533.0,1533.0,,,0.0,,,0.0
2025-07-21 21:00:00,,,,,,,1533.0,1533.0,,,0.0,,,0.0
2025-07-21 22:00:00,,,,,,,1533.0,1533.0,,,0.0,,,0.0
2025-07-21 23:00:00,,,,,,,1533.0,1533.0,,,0.0,,,0.0
2025-07-22 00:00:00,,,,,,,1533.0,1533.0,,,0.0,,,0.0
2025-07-22 01:00:00,,,,,,,1529.0,1529.0,,,0.0,,,0.0
2025-07-22 02:00:00,,,,,,,1533.0,1533.0,,,0.0,,,0.0
2025-07-22 03:00:00,,,,,,,1533.0,1533.0,,,0.0,,,0.0
2025-07-22 04:00:00,,,,,,,1529.0,1529.0,,,0.0,,,0.0
2025-07-22 05:00:00,,,,,,,1529.0,1529.0,,,0.0,,,0.0
2025-07-22 06:00:00,,,,,,,1533.0,1533.0,,,0.0,,,0.0
2025-07-22 07:00:00,,,,,,,509.0,509.0,,,0.0,,,0.0
2025-07-22 08:00:00,,,,,,,509.0,509.0,,,0.0,,,0.0
2025-07-22 09:00:00,,,,,,,509.0,509.0,,,0.0,,,0.0
2025-07-22 10:00:00,,,,,,,509.0,509.0,,,0.0,,,0.0
2025-07-22 11:00:00,,,,,,,509.0,509.0,,,0.0,,,0.0
2025-07-22 12:00:00,,,,,,,509.0,509.0,,,0.0,,,0.0
2025-07-22 13:00:00,,,,,,,509.0,509.0,,,0.0,,,0.0
2025-07-22 14:00:00,,,,,,,509.0,509.0,,,0.0,,,0.0
2025-07-22 15:00:00,,,,,,,509.0,509.0,,,0.0,,,0.0
2025-07-22 16:00:00,,,,,,,509.0,509.0,,,0.0,,,0.0
2025-07-22 17:00:00,,,,,,,509.0,509.0,,,0.0,,,0.0
2025-07-22 18:00:00,,,,,,,1529.0,1529.0,,,0.0,,,0.0
2025-07-22 19:00:00,,,,,,,1529.0,1529.0,,,0.0,,,0.0
2025-07-22 20:00:00,,,,,,,1529.0,1529.0,,,0.0,,,0.0
2025-07-22 21:00:00,,,,,,,1533.0,1533.0,,,0.0,,,0.0
2025-07-22 22:00:00,,,,,,,1529.0,1529.0,,,0.0,,,0.0
2025-07-22 23:00:00,,,,,,,1273.0,1273.0,,,0.0,,,0.0
2025-07-23 00:00:00,,,,,,,1533.0,1533.0,,,0.0,,,0.0
2025-07-23 01:00:00,,,,,,,1533.0,1533.0,,,0.0,,,0.0
2025-07-23 02:00:00,,,,,,,1533.0,1533.0,,,0.0,,,0.0
2025-07-23 03:00:00,,,,,,,1533.0,1533.0,,,0.0,,,0.0
2025-07-23 04:00:00,,,,,,,1529.0,1529.0,,,0.0,,,0.0
2025-07-23 05:00:00,,,,,,,1533.0,1533.0,,,0.0,,,0.0
2025-07-23 06:00:00,,,,,,,1533.0,1533.0,,,0.0,,,0.0
2025-07-23 07:00:00,,,,,,,509.0,509.0,,,0.0,,,0.0
2025-07-23 08:00:00,,,,,,,509.0,509.0,,,0.0,,,0.0
2025-07-23 09:00:00,,,,,,,509.0,509.0,,,0.0,,,0.0
2025-07-23 10:00:00,,,,,,,509.0,509.0,0.6404,0.0,1.0,0.5756,0.0,1.0
2025-07-23 11:00:00,,,,,,,509.0,509.0,,,0.0,,,0.0
2025-07-23 12:00:00,,,,,,,509.0,509.0,,,0.0,,,0.0
2025-07-23 13:00:00,,,,,,,509.0,509.0,,,0.0,,,0.0
2025-07-23 14:00:00,,,,,,,509.0,509.0,,,0.0,,,0.0
2025-07-23 15:00:00,,,,,,,509.0,509.0,,,0.0,,,0.0
2025-07-23 16:00:00,,,,,,,509.0,509.0,,,0.0,,,0.0
2025-07-23 17:00:00,,,,,,,509.0,509.0,,,0.0,,,0.0
2025-07-23 18:00:00,,,,,,,1533.0,1533.0,,,0.0,,,0.0
2025-07-23 19:00:00,,,,,,,1533.0,1533.0,,,0.0,,,0.0
2025-07-23 20:00:00,,,,,,,1533.0,1533.0,,,0.0,,,0.0
2025-07-23 21:00:00,,,,,,,1533.0,1533.0,,,0.0,,,0.0
2025-07-23 22:00:00,,,,,,,1533.0,1533.0,,,0.0,,,0.0
2025-07-23 23:00:00,,,,,,,1533.0,1533.0,,,0.0,,,0.0
2025-07-24 00:00:00,,,,,,,1533.0,1533.0,,,0.0,,,0.0
2025-07-24 01:00:00,,,,,,,1533.0,1533.0,,,0.0,,,0.0
2025-07-24 02:00:00,,,,,,,1533.0,1533.0,,,0.0,,,0.0
2025-07-24 03:00:00,,,,,,,1533.0,1533.0,,,0.0,,,0.0
2025-07-24 04:00:00,,,,,,,1533.0,1533.0,,,0.0,,,0.0
2025-07-24 05:00:00,,,,,,,1529.0,1529.0,,,0.0,,,0.0
2025-07-24 06:00:00,,,,,,,1533.0,1533.0,,,0.0,,,0.0
2025-07-24 07:00:00,,,,,,,509.0,509.0,,,0.0,,,0.0
2025-07-24 08:00:00,,,,,,,509.0,509.0,,,0.0,,,0.0
2025-07-24 09:00:00,,,,,,,509.0,509.0,,,0.0,,,0.0
2025-07-24 10:00:00,,,,,,,509.0,509.0,,,0.0,,,0.0
2025-07-24 11:00:00,,,,,,,509.0,509.0,,,0.0,,,0.0
2025-07-24 12:00:00,,,,,,,509.0,509.0,,,0.0,,,0.0
2025-07-24 13:00:00,,,,,,,509.0,509.0,,,0.0,,,0.0
2025-07-24 14:00:00,,,,,,,509.0,509.0,,,0.0,,,0.0
2025-07-24 15:00:00,,,,,,,509.0,509.0,,,0.0,,,0.0
2025-07-24 16:00:00,,,,,,,509.0,509.0,,,0.0,,,0.0
2025-07-24 17:00:00,,,,,,,509.0,509.0,,,0.0,,,0.0
2025-07-24 18:00:00,,,,,,,1533.0,1533.0,,,0.0,,,0.0
2025-07-24 19:00:00,,,,,,,1533.0,1533.0,,,0.0,,,0.0
2025-07-24 20:00:00,,,,,,,1533.0,1533.0,,,0.0,,,0.0
2025-07-24 21:00:00,,,,,,,1529.0,1529.0,,,0.0,,,0.0
2025-07-24 22:00:00,,,,,,,1529.0,1529.0,,,0.0,,,0.0
2025-07-24 23:00:00,,,,,,,1533.0,1533.0,,,0.0,,,0.0
2025-07-25 00:00:00,,,,,,,1529.0,1529.0,,,0.0,,,0.0
2025-07-25 01:00:00,,,,,,,1533.0,1533.0,,,0.0,,,0.0
2025-07-25 02:00:00,,,,,,,1533.0,1533.0,,,0.0,,,0.0
2025-07-25 03:00:00,,,,,,,1533.0,1533.0,,,0.0,,,0.0
2025-07-25 04:00:00,,,,,,,1529.0,1529.0,,,0.0,,,0.0
2025-07-25 05:00:00,,,,,,,1533.0,1533.0,,,0.0,,,0.0
2025-07-25 06:00:00,,,,,,,1533.0,1533.0,,,0.0,,,0.0
2025-07-25 07:00:00,,,,,,,509.0,509.0,,,0.0,,,0.0
2025-07-25 08:00:00,,,,,,,509.0,509.0,,,0.0,,,0.0
2025-07-25 09:00:00,,,,,,,509.0,509.0,,,0.0,,,0.0
2025-07-25 10:00:00,,,,,,,509.0,509.0,,,0.0,,,0.0
2025-07-25 11:00:00,,,,,,,509.0,509.0,,,0.0,,,0.0
2025-07-25 12:00:00,,,,,,,509.0,509.0,,,0.0,,,0.0
2025-07-25 13:00:00,,,,,,,509.0,509.0,,,0.0,,,0.0
2025-07-25 14:00:00,,,,,,,509.0,509.0,,,0.0,,,0.0
2025-07-25 15:00:00,,,,,,,509.0,509.0,,,0.0,,,0.0
2025-07-25 16:00:00,,,,,,,509.0,509.0,,,0.0,,,0.0
2025-07-25 17:00:00,,,,,,,509.0,509.0,,,0.0,,,0.0
2025-07-25 18:00:00,,,,,,,1533.0,1533.0,,,0.0,,,0.0
2025-07-25 19:00:00,,,,,,,1533.0,1533.0,,,0.0,,,0.0
2025-07-25 20:00:00,,,,,,,1533.0,1533.0,,,0.0,,,0.0
2025-07-25 21:00:00,,,,,,,1533.0,1533.0,,,0.0,,,0.0
2025-07-25 22:00:00,,,,,,,1533.0,1533.0,,,0.0,,,0.0
2025-07-25 23:00:00,,,,,,,1533.0,1533.0,,,0.0,,,0.0
2025-07-26 00:00:00,,,,,,,1533.0,1533.0,,,0.0,,,0.0
2025-07-26 01:00:00,,,,,,,1533.0,1533.0,,,0.0,,,0.0
2025-07-26 02:00:00,,,,,,,1533.0,1533.0,,,0.0,,,0.0
2025-07-26 03:00:00,,,,,,,1273.0,1273.0,,,0.0,,,0.0
2025-07-26 04:00:00,,,,,,,1533.0,1533.0,,,0.0,,,0.0
2025-07-26 05:00:00,,,,,,,1529.0,1529.0,,,0.0,,,0.0
2025-07-26 06:00:00,,,,,,,1533.0,1533.0,,,0.0,,,0.0
2025-07-26 07:00:00,,,,,,,509.0,509.0,,,0.0,,,0.0
2025-07-26 08:00:00,,,,,,,509.0,509.0,0.7008,0.0,1.0,0.9642,0.0,1.0
2025-07-26 09:00:00,,,,,,,509.0,509.0,,,0.0,,,0.0
2025-07-26 10:00:00,,,,,,,509.0,509.0,,,0.0,,,0.0
2025-07-26 11:00:00,,,,,,,509.0,509.0,,,0.0,,,0.0
2025-07-26 12:00:00,,,,,,,509.0,509.0,,,0.0,,,0.0
2025-07-26 13:00:00,,,,,,,509.0,509.0,,,0.0,,,0.0
2025-07-26 14:00:00,,,,,,,509.0,509.0,,,0.0,,,0.0
2025-07-26 15:00:00,,,,,,,509.0,509.0,,,0.0,,,0.0
2025-07-26 16:00:00,,,,,,,509.0,509.0,,,0.0,,,0.0
2025-07-26 17:00:00,,,,,,,509.0,509.0,,,0.0,,,0.0
2025-07-26 18:00:00,,,,,,,1533.0,1533.0,,,0.0,,,0.0
2025-07-26 19:00:00,,,,,,,1529.0,1529.0,,,0.0,,,0.0
2025-07-26 20:00:00,,,,,,,1529.0,1529.0,,,0.0,,,0.0
2025-07-26 21:00:00,,,,,,,1533.0,1533.0,,,0.0,,,0.0
2025-07-26 22:00:00,,,,,,,1529.0,1529.0,,,0.0,,,0.0
2025-07-26 23:00:00,,,,,,,1533.0,1533.0,,,0.0,,,0.0
2025-07-27 00:00:00,,,,,,,1529.0,1529.0,,,0.0,,,0.0
2025-07-27 01:00:00,,,,,,,1533.0,1533.0,,,0.0,,,0.0
2025-07-27 02:00:00,,,,,,,1529.0,1529.0,,,0.0,,,0.0
2025-07-27 03:00:00,,,,,,,1533.0,1533.0,,,0.0,,,0.0
2025-07-27 04:00:00,,,,,,,1529.0,1529.0,,,0.0,,,0.0
2025-07-27 05:00:00,,,,,,,1533.0,1533.0,,,0.0,,,0.0
2025-07-27 06:00:00,,,,,,,1533.0,1533.0,,,0.0,,,0.0
2025-07-27 07:00:00,,,,,,,509.0,509.0,,,0.0,,,0.0
2025-07-27 08:00:00,,,,,,,505.0,504.0,0.6454,0.1344,4.0,0.99529994,0.022499979,4.0
2025-07-27 09:00:00,,,,,,,505.0,504.0,0.659,0.1626,3.0,1.0423,0.0066999793,3.0
2025-07-27 10:00:00,,,,,,,509.0,509.0,,,0.0,,,0.0
2025-07-27 11:00:00,,,,,,,509.0,509.0,,,0.0,,,0.0
2025-07-27 12:00:00,,,,,,,509.0,509.0,,,0.0,,,0.0
2025-07-27 13:00:00,,,,,,,509.0,509.0,,,0.0,,,0.0
2025-07-27 14:00:00,,,,,,,509.0,509.0,,,0.0,,,0.0
2025-07-27 15:00:00,,,,,,,509.0,509.0,,,0.0,,,0.0
2025-07-27 16:00:00,,,,,,,509.0,509.0,,,0.0,,,0.0
2025-07-27 17:00:00,,,,,,,509.0,509.0,,,0.0,,,0.0
2025-07-27 18:00:00,,,,,,,1533.0,1533.0,,,0.0,,,0.0
2025-07-27 19:00:00,,,,,,,1533.0,1533.0,,,0.0,,,0.0
2025-07-27 20:00:00,,,,,,,1533.0,1533.0,,,0.0,,,0.0
2025-07-27 21:00:00,,,,,,,1533.0,1533.0,,,0.0,,,0.0
2025-07-27 22:00:00,,,,,,,1533.0,1533.0,,,0.0,,,0.0
2025-07-27 23:00:00,,,,,,,1533.0,1533.0,,,0.0,,,0.0
2025-07-28 00:00:00,,,,,,,1533.0,1533.0,,,0.0,,,0.0
2025-07-28 01:00:00,,,,,,,1533.0,1533.0,,,0.0,,,0.0
2025-07-28 02:00:00,,,,,,,1529.0,1529.0,,,0.0,,,0.0
2025-07-28 03:00:00,,,,,,,1273.0,1273.0,,,0.0,,,0.0
2025-07-28 04:00:00,,,,,,,1273.0,1273.0,,,0.0,,,0.0
2025-07-28 05:00:00,,,,,,,1273.0,1273.0,,,0.0,,,0.0
2025-07-28 06:00:00,,,,,,,1533.0,1533.0,,,0.0,,,0.0
2025-07-28 07:00:00,,,,,,,249.0,248.0,0.5226,0.0,1.0,1.1384,0.0,1.0
2025-07-28 08:00:00,0.5936,,,,,,453.0,509.0,0.52739996,0.0061999997,4.0,1.1618999,0.030600011,4.0
2025-07-28 09:00:00,,,,,,,505.0,504.0,0.7272,0.0032,2.0,1.1077,0.0029000044,2.0
2025-07-28 10:00:00,,,,,,,505.0,504.0,0.7062,0.0184,4.0,1.1121,0.010500014,4.0
2025-07-28 11:00:00,,,,,,,505.0,504.0,0.7576,0.106599994,5.0,1.1601,0.026499987,5.0
2025-07-28 12:00:00,,,,,,,505.0,504.0,0.69439995,0.1428,5.0,1.1896,0.009899974,5.0
2025-07-28 13:00:00,,,,,,,505.0,505.0,0.6246,0.038,5.0,1.1974,0.0062000155,5.0
2025-07-28 14:00:00,,,,,,,2553.0,2552.0,0.4086,0.17819999,6.0,1.0636,0.0984,6.0
2025-07-28 15:00:00,,,,,,,505.0,505.0,0.127,0.0,1.0,1.1652,0.0,1.0
2025-07-28 16:00:00,,,,,,,505.0,504.0,0.1594,0.0,1.0,1.1344,0.0,1.0
2025-07-28 17:00:00,,,,,,,509.0,509.0,,,0.0,,,0.0
2025-07-28 18:00:00,,,,,,,1533.0,1533.0,,,0.0,,,0.0
2025-07-28 19:00:00,,,,,,,1533.0,1533.0,,,0.0,,,0.0
2025-07-28 20:00:00,,,,,,,1533.0,1533.0,,,0.0,,,0.0
2025-07-28 21:00:00,,,,,,,1273.0,1273.0,,,0.0,,,0.0
2025-07-28 22:00:00,,,,,,,1273.0,1273.0,,,0.0,,,0.0
2025-07-28 23:00:00,,,,,,,1273.0,1273.0,,,0.0,,,0.0
2025-07-29 00:00:00,,,,,,,1529.0,1529.0,,,0.0,,,0.0
2025-07-29 01:00:00,,,,,,,1273.0,1273.0,,,0.0,,,0.0
2025-07-29 02:00:00,,,,,,,1533.0,1533.0,,,0.0,,,0.0
2025-07-29 03:00:00,,,,,,,1529.0,1529.0,,,0.0,,,0.0
2025-07-29 04:00:00,,,,,,,1529.0,1529.0,,,0.0,,,0.0
2025-07-29 05:00:00,,,,,,,1533.0,1533.0,,,0.0,,,0.0
2025-07-29 06:00:00,,,,,,,1533.0,1533.0,,,0.0,,,0.0
2025-07-29 07:00:00,,,,,,,509.0,509.0,,,0.0,,,0.0
2025-07-29 08:00:00,,,,,,,509.0,509.0,,,0.0,,,0.0
2025-07-29 09:00:00,,,,,,,505.0,504.0,1.2916,0.0,1.0,1.002,0.0,1.0
2025-07-29 10:00:00,,,,,,,509.0,509.0,0.611,0.0,2.0,1.1775,0.0,2.0
2025-07-29 11:00:00,,,,,,,505.0,504.0,0.5776,0.049999997,6.0,1.16,0.013999999,6.0
2025-07-29 12:00:00,,,,,,,509.0,509.0,0.45459998,0.1048,5.0,1.1795,0.0022999644,5.0
2025-07-29 13:00:00,,,,,,,509.0,509.0,0.4384,0.096,5.0,1.1934999,0.0022999644,5.0
2025-07-29 14:00:00,,,,,,,509.0,509.0,0.79859996,0.1496,3.0,1.0674,0.07409996,3.0
2025-07-29 15:00:00,,,,,,,509.0,509.0,,,0.0,,,0.0
2025-07-29 16:00:00,,,,,,,509.0,509.0,,,0.0,,,0.0
2025-07-29 17:00:00,,,,,,,509.0,509.0,,,0.0,,,0.0
2025-07-29 18:00:00,,,,,,,1533.0,1533.0,,,0.0,,,0.0
2025-07-29 19:00:00,,,,,,,1533.0,1533.0,,,0.0,,,0.0
2025-07-29 20:00:00,,,,,,,1533.0,1533.0,,,0.0,,,0.0
2025-07-29 21:00:00,,,,,,,1533.0,1533.0,,,0.0,,,0.0
2025-07-29 22:00:00,,,,,,,1533.0,1533.0,,,0.0,,,0.0
2025-07-29 23:00:00,,,,,,,1533.0,1533.0,,,0.0,,,0.0
2025-07-30 00:00:00,,,,,,,1533.0,1533.0,,,0.0,,,0.0
2025-07-30 01:00:00,,,,,,,1529.0,1529.0,,,0.0,,,0.0
2025-07-30 02:00:00,,,,,,,1529.0,1529.0,,,0.0,,,0.0
2025-07-30 03:00:00,,,,,,,1273.0,1273.0,,,0.0,,,0.0
2025-07-30 04:00:00,,,,,,,1273.0,1273.0,,,0.0,,,0.0
2025-07-30 05:00:00,,,,,,,1273.0,1273.0,,,0.0,,,0.0
2025-07-30 06:00:00,,,,,,,1529.0,1529.0,,,0.0,,,0.0
2025-07-30 07:00:00,,,,,,,509.0,509.0,,,0.0,,,0.0
2025-07-30 08:00:00,,,,,,,505.0,504.0,1.03,0.109799996,5.0,0.8572999,0.037499964,5.0
2025-07-30 09:00:00,,,,,,,509.0,509.0,,,0.0,,,0.0
2025-07-30 10:00:00,,,,,,,509.0,509.0,,,0.0,,,0.0
2025-07-30 11:00:00,,,,,,,509.0,509.0,,,0.0,,,0.0
2025-07-30 12:00:00,,,,,,,509.0,509.0,,,0.0,,,0.0
2025-07-30 13:00:00,,,,,,,505.0,504.0,1.0242,0.099999994,2.0,1.1327,0.014800012,2.0
2025-07-30 14:00:00,,,,,,,505.0,504.0,0.7568,0.0,1.0,1.1018,0.0,1.0
2025-07-30 15:00:00,,,,,,,509.0,509.0,,,0.0,,,0.0
2025-07-30 16:00:00,,,,,,,509.0,509.0,,,0.0,,,0.0
2025-07-30 17:00:00,,,,,,,509.0,509.0,,,0.0,,,0.0
2025-07-30 18:00:00,,,,,,,1533.0,1533.0,,,0.0,,,0.0
2025-07-30 19:00:00,,,,,,,1529.0,1529.0,,,0.0,,,0.0
2025-07-30 20:00:00,,,,,,,1529.0,1529.0,,,0.0,,,0.0
2025-07-30 21:00:00,,,,,,,1533.0,1533.0,,,0.0,,,0.0
2025-07-30 22:00:00,,,,,,,1529.0,1529.0,,,0.0,,,0.0
2025-07-30 23:00:00,,,,,,,1533.0,1533.0,,,0.0,,,0.0
2025-07-31 00:00:00,,,,,,,1533.0,1533.0,,,0.0,,,0.0
2025-07-31 01:00:00,,,,,,,1533.0,1533.0,,,0.0,,,0.0
2025-07-31 02:00:00,,,,,,,1533.0,1533.0,,,0.0,,,0.0
2025-07-31 03:00:00,,,,,,,1529.0,1529.0,,,0.0,,,0.0
2025-07-31 04:00:00,,,,,,,1533.0,1533.0,,,0.0,,,0.0
2025-07-31 05:00:00,,,,,,,1533.0,1533.0,,,0.0,,,0.0
2025-07-31 06:00:00,,,,,,,1533.0,1533.0,,,0.0,,,0.0
2025-07-31 07:00:00,,,,,,,509.0,509.0,,,0.0,,,0.0
2025-07-31 08:00:00,,,,,,,509.0,509.0,,,0.0,,,0.0
2025-07-31 09:00:00,,,,,,,509.0,509.0,,,0.0,,,0.0
2025-07-31 10:00:00,,,,,,,509.0,509.0,,,0.0,,,0.0
2025-07-31 11:00:00,,,,,,,509.0,509.0,,,0.0,,,0.0
2025-07-31 12:00:00,,,,,,,505.0,505.0,,,0.0,,,0.0
2025-07-31 13:00:00,,,,,,,509.0,509.0,,,0.0,,,0.0
2025-07-31 14:00:00,,,,,,,509.0,509.0,1.066,0.0374,2.0,1.1468999,0.021299958,2.0
2025-07-31 15:00:00,,,,,,,509.0,509.0,0.6134,0.12539999,3.0,0.8773,0.048699975,3.0
2025-07-31 16:00:00,,,,,,,509.0,509.0,,,0.0,,,0.0
2025-07-31 17:00:00,,,,,,,1533.0,1533.0,0.6128,0.0,1.0,0.6000999,0.0,1.0
2025-07-31 18:00:00,,,,,,,1533.0,1533.0,,,0.0,,,0.0
2025-07-31 19:00:00,,,,,,,1529.0,1529.0,,,0.0,,,0.0
2025-07-31 20:00:00,,,,,,,1533.0,1533.0,,,0.0,,,0.0
2025-07-31 21:00:00,,,,,,,1533.0,1533.0,,,0.0,,,0.0
2025-07-31 22:00:00,,,,,,,1529.0,1529.0,,,0.0,,,0.0
2025-07-31 23:00:00,,,,,,,1533.0,1533.0,,,0.0,,,0.0
2025-08-01 00:00:00,,,,,,,1533.0,1533.0,,,0.0,,,0.0
2025-08-01 01:00:00,,,,,,,1533.0,1533.0,,,0.0,,,0.0
2025-08-01 02:00:00,,,,,,,1533.0,1533.0,,,0.0,,,0.0
2025-08-01 03:00:00,,,,,,,1533.0,1533.0,,,0.0,,,0.0
2025-08-01 04:00:00,,,,,,,1529.0,1529.0,,,0.0,,,0.0
2025-08-01 05:00:00,,,,,,,1533.0,1533.0,,,0.0,,,0.0
2025-08-01 06:00:00,,,,,,,1533.0,1533.0,,,0.0,,,0.0
2025-08-01 07:00:00,,,,,,,1533.0,1533.0,,,0.0,,,0.0
2025-08-01 08:00:00,,,,,,,2553.0,2552.0,0.461,0.0568,3.0,0.9735999,0.010699987,3.0
2025-08-01 09:00:00,,,,,,,509.0,509.0,,,0.0,,,0.0
2025-08-01 10:00:00,,,,,,,509.0,509.0,,,0.0,,,0.0
2025-08-01 11:00:00,,,,,,,505.0,505.0,0.6534,0.0066,2.0,0.9470999,0.010800004,2.0
2025-08-01 12:00:00,,,,,,,509.0,509.0,0.7028,0.047599997,2.0,1.0393,0.00029999018,2.0
2025-08-01 13:00:00,,,,,,,509.0,509.0,0.292,0.0278,3.0,1.0259,0.0012999773,3.0
2025-08-01 14:00:00,,,,,,,509.0,509.0,,,0.0,,,0.0
2025-08-01 15:00:00,,,,,,,509.0,509.0,,,0.0,,,0.0
2025-08-01 16:00:00,,,,,,,509.0,509.0,,,0.0,,,0.0
2025-08-01 17:00:00,,,,,,,1533.0,1533.0,,,0.0,,,0.0
2025-08-01 18:00:00,,,,,,,1533.0,1533.0,,,0.0,,,0.0
2025-08-01 19:00:00,,,,,,,1533.0,1533.0,,,0.0,,,0.0
2025-08-01 20:00:00,,,,,,,1529.0,1529.0,,,0.0,,,0.0
2025-08-01 21:00:00,,,,,,,1533.0,1533.0,,,0.0,,,0.0
2025-08-01 22:00:00,,,,,,,1533.0,1533.0,,,0.0,,,0.0
2025-08-01 23:00:00,,,,,,,1533.0,1533.0,,,0.0,,,0.0
2025-08-02 00:00:00,,,,,,,1533.0,1533.0,,,0.0,,,0.0
2025-08-02 01:00:00,,,,,,,1529.0,1529.0,,,0.0,,,0.0
2025-08-02 02:00:00,,,,,,,1533.0,1533.0,,,0.0,,,0.0
2025-08-02 03:00:00,,,,,,,1273.0,1273.0,,,0.0,,,0.0
2025-08-02 04:00:00,,,,,,,1273.0,1273.0,,,0.0,,,0.0
2025-08-02 05:00:00,,,,,,,1273.0,1273.0,,,0.0,,,0.0
2025-08-02 06:00:00,,,,,,,1529.0,1529.0,,,0.0,,,0.0
2025-08-02 07:00:00,,,,,,,1529.0,1529.0,,,0.0,,,0.0
2025-08-02 08:00:00,,,,,,,505.0,504.0,0.0718,0.0218,6.0,1.0033,0.0045999885,6.0
2025-08-02 09:00:00,,,,,,,2553.0,2552.0,0.058,0.0332,6.0,1.0008999,0.010500014,6.0
2025-08-02 10:00:00,,,,,,,509.0,509.0,0.055,0.090399995,5.0,0.9828,0.0072999597,5.0
2025-08-02 11:00:00,,,,,,,509.0,509.0,,,0.0,,,0.0
2025-08-02 12:00:00,,,,,,,509.0,509.0,,,0.0,,,0.0
2025-08-02 13:00:00,,,,,,,509.0,509.0,,,0.0,,,0.0
2025-08-02 14:00:00,,,,,,,509.0,509.0,0.8732,0.0906,2.0,1.0472,0.04609996,2.0
2025-08-02 15:00:00,,,,,,,505.0,505.0,0.4174,0.0,1.0,1.2041,0.0,1.0
2025-08-02 16:00:00,,,,,,,505.0,505.0,,,0.0,,,0.0
2025-08-02 17:00:00,,,,,,,1533.0,1533.0,0.3574,0.0,1.0,1.0856,0.0,1.0
2025-08-02 18:00:00,,,,,,,1273.0,1273.0,,,0.0,,,0.0
2025-08-02 19:00:00,,,,,,,1533.0,1533.0,,,0.0,,,0.0
2025-08-02 20:00:00,,,,,,,1533.0,1533.0,,,0.0,,,0.0
2025-08-02 21:00:00,,,,,,,1533.0,1533.0,,,0.0,,,0.0
2025-08-02 22:00:00,,,,,,,1533.0,1533.0,,,0.0,,,0.0
2025-08-02 23:00:00,,,,,,,1533.0,1533.0,,,0.0,,,0.0
2025-08-03 00:00:00,,,,,,,1533.0,1533.0,,,0.0,,,0.0
2025-08-03 01:00:00,,,,,,,1529.0,1529.0,,,0.0,,,0.0
2025-08-03 02:00:00,,,,,,,1533.0,1533.0,,,0.0,,,0.0
2025-08-03 03:00:00,,,,,,,1533.0,1533.0,,,0.0,,,0.0
2025-08-03 04:00:00,,,,,,,1529.0,1529.0,,,0.0,,,0.0
2025-08-03 05:00:00,,,,,,,1529.0,1529.0,,,0.0,,,0.0
2025-08-03 06:00:00,,,,,,,1529.0,1529.0,,,0.0,,,0.0
2025-08-03 07:00:00,,,,,,,1533.0,1533.0,,,0.0,,,0.0
2025-08-03 08:00:00,,,,,,,2553.0,2552.0,0.4186,0.0,1.0,0.9376,0.0,1.0
2025-08-03 09:00:00,,,,,,,505.0,504.0,0.3272,0.034399997,3.0,0.92279994,0.0076000094,3.0
2025-08-03 10:00:00,,,,,,,509.0,509.0,0.19479999,0.0972,3.0,0.94569993,0.012499988,3.0
2025-08-03 11:00:00,,,,,,,509.0,509.0,0.3612,0.042799998,3.0,0.93349993,0.0176,3.0
2025-08-03 12:00:00,,,,,,,509.0,509.0,0.3024,0.0254,2.0,0.98249996,0.00040000677,2.0
2025-08-03 13:00:00,,,,,,,509.0,509.0,,,0.0,,,0.0
2025-08-03 14:00:00,,,,,,,509.0,509.0,,,0.0,,,0.0
2025-08-03 15:00:00,,,,,,,509.0,509.0,,,0.0,,,0.0
2025-08-03 16:00:00,,,,,,,509.0,509.0,,,0.0,,,0.0
2025-08-03 17:00:00,,,,,,,1533.0,1533.0,,,0.0,,,0.0
2025-08-03 18:00:00,,,,,,,1533.0,1533.0,,,0.0,,,0.0
2025-08-03 19:00:00,,,,,,,1273.0,1273.0,,,0.0,,,0.0
2025-08-03 20:00:00,,,,,,,1529.0,1529.0,,,0.0,,,0.0
2025-08-03 21:00:00,,,,,,,1529.0,1529.0,,,0.0,,,0.0
2025-08-03 22:00:00,,,,,,,1273.0,1273.0,,,0.0,,,0.0
2025-08-03 23:00:00,,,,,,,1529.0,1529.0,,,0.0,,,0.0
2025-08-04 00:00:00,,,,,,,1273.0,1273.0,,,0.0,,,0.0
2025-08-04 01:00:00,,,,,,,1529.0,1529.0,,,0.0,,,0.0
2025-08-04 02:00:00,,,,,,,1273.0,1273.0,,,0.0,,,0.0
2025-08-04 03:00:00,,,,,,,1273.0,1273.0,,,0.0,,,0.0
2025-08-04 04:00:00,,,,,,,1273.0,1273.0,,,0.0,,,0.0
2025-08-04 05:00:00,,,,,,,1273.0,1273.0,,,0.0,,,0.0
2025-08-04 06:00:00,,,,,,,1529.0,1529.0,,,0.0,,,0.0
2025-08-04 07:00:00,,,,,,,1529.0,1529.0,,,0.0,,,0.0
2025-08-04 08:00:00,,,,,,,505.0,505.0,0.042999998,0.023,2.0,0.8081,0.067200005,2.0
2025-08-04 09:00:00,,,,,,,505.0,504.0,0.056399997,0.058199998,4.0,0.8866999,0.019499958,4.0
2025-08-04 10:00:00,,,,,,,509.0,509.0,,,0.0,,,0.0
2025-08-04 11:00:00,,,,,,,509.0,509.0,0.2322,0.0928,3.0,0.9016,0.0076000094,3.0
2025-08-04 12:00:00,,,,,,,2297.0,2296.0,0.031799998,0.0278,5.0,0.9232,0.003799975,5.0
2025-08-04 13:00:00,,,,,,,509.0,509.0,0.1046,0.0,1.0,0.9194,0.0,1.0
2025-08-04 14:00:00,,,,,,,509.0,509.0,,,0.0,,,0.0
2025-08-04 15:00:00,,,,,,,509.0,509.0,,,0.0,,,0.0
2025-08-04 16:00:00,,,,,,,509.0,509.0,,,0.0,,,0.0
2025-08-04 17:00:00,,,,,,,1533.0,1533.0,0.876,0.0,1.0,0.043500006,0.0,1.0
2025-08-04 18:00:00,,,,,,,1533.0,1533.0,,,0.0,,,0.0
2025-08-04 19:00:00,,,,,,,1533.0,1533.0,,,0.0,,,0.0
2025-08-04 20:00:00,,,,,,,1533.0,1533.0,,,0.0,,,0.0
2025-08-04 21:00:00,,,,,,,1533.0,1533.0,,,0.0,,,0.0
2025-08-04 22:00:00,,,,,,,1529.0,1529.0,,,0.0,,,0.0
2025-08-04 23:00:00,,,,,,,1533.0,1533.0,,,0.0,,,0.0
2025-08-05 00:00:00,,,,,,,1533.0,1533.0,,,0.0,,,0.0
2025-08-05 01:00:00,,,,,,,1529.0,1529.0,,,0.0,,,0.0
2025-08-05 02:00:00,,,,,,,1533.0,1533.0,,,0.0,,,0.0
2025-08-05 03:00:00,,,,,,,1529.0,1529.0,,,0.0,,,0.0
2025-08-05 04:00:00,,,,,,,1533.0,1533.0,,,0.0,,,0.0
2025-08-05 05:00:00,,,,,,,1533.0,1533.0,,,0.0,,,0.0
2025-08-05 06:00:00,,,,,,,1529.0,1529.0,,,0.0,,,0.0
2025-08-05 07:00:00,,,,,,,1533.0,1533.0,,,0.0,,,0.0
2025-08-05 08:00:00,,,,,,,509.0,509.0,,,0.0,,,0.0
2025-08-05 09:00:00,,,,,,,505.0,504.0,1.1056,0.0,1.0,0.7279999,0.0,1.0
2025-08-05 10:00:00,,,,,,,509.0,509.0,1.0203999,0.0154,2.0,0.7803,0.0033000112,2.0
2025-08-05 11:00:00,,,,,,,509.0,509.0,,,0.0,,,0.0
2025-08-05 12:00:00,,,,,,,509.0,509.0,,,0.0,,,0.0
2025-08-05 13:00:00,,,,,,,509.0,509.0,,,0.0,,,0.0
2025-08-05 14:00:00,,,,,,,509.0,509.0,,,0.0,,,0.0
2025-08-05 15:00:00,,,,,,,509.0,509.0,,,0.0,,,0.0
2025-08-05 16:00:00,,,,,,,509.0,509.0,,,0.0,,,0.0
2025-08-05 17:00:00,,,,,,,1533.0,1533.0,,,0.0,,,0.0
2025-08-05 18:00:00,,,,,,,1533.0,1533.0,,,0.0,,,0.0
2025-08-05 19:00:00,,,,,,,1533.0,1533.0,,,0.0,,,0.0
2025-08-05 20:00:00,,,,,,,1273.0,1273.0,,,0.0,,,0.0
2025-08-05 21:00:00,,,,,,,1529.0,1529.0,,,0.0,,,0.0
2025-08-05 22:00:00,,,,,,,1533.0,1533.0,,,0.0,,,0.0
2025-08-05 23:00:00,,,,,,,1529.0,1529.0,,,0.0,,,0.0
2025-08-06 00:00:00,,,,,,,1533.0,1533.0,,,0.0,,,0.0
2025-08-06 01:00:00,,,,,,,1533.0,1533.0,,,0.0,,,0.0
2025-08-06 02:00:00,,,,,,,1533.0,1533.0,,,0.0,,,0.0
2025-08-06 03:00:00,,,,,,,1533.0,1533.0,,,0.0,,,0.0
2025-08-06 04:00:00,,,,,,,1533.0,1533.0,,,0.0,,,0.0
2025-08-06 05:00:00,,,,,,,1533.0,1533.0,,,0.0,,,0.0
2025-08-06 06:00:00,,,,,,,1533.0,1533.0,,,0.0,,,0.0
2025-08-06 07:00:00,,,,,,,1533.0,1533.0,,,0.0,,,0.0
2025-08-06 08:00:00,,,,,,,509.0,509.0,,,0.0,,,0.0
2025-08-06 09:00:00,,,,,,,509.0,509.0,,,0.0,,,0.0
2025-08-06 10:00:00,,,,,,,509.0,509.0,,,0.0,,,0.0
2025-08-06 11:00:00,,,,,,,509.0,509.0,,,0.0,,,0.0
2025-08-06 12:00:00,,,,,,,509.0,509.0,,,0.0,,,0.0
2025-08-06 13:00:00,,,,,,,509.0,509.0,,,0.0,,,0.0
2025-08-06 14:00:00,,,,,,,509.0,509.0,,,0.0,,,0.0
2025-08-06 15:00:00,,,,,,,509.0,509.0,,,0.0,,,0.0
2025-08-06 16:00:00,,,,,,,509.0,509.0,,,0.0,,,0.0
2025-08-06 17:00:00,,,,,,,1533.0,1533.0,,,0.0,,,0.0
2025-08-06 18:00:00,,,,,,,1533.0,1533.0,,,0.0,,,0.0
2025-08-06 19:00:00,,,,,,,1529.0,1529.0,,,0.0,,,0.0
2025-08-06 20:00:00,,,,,,,1533.0,1533.0,,,0.0,,,0.0
2025-08-06 21:00:00,,,,,,,1533.0,1533.0,,,0.0,,,0.0
2025-08-06 22:00:00,,,,,,,1529.0,1529.0,,,0.0,,,0.0
2025-08-06 23:00:00,,,,,,,1533.0,1533.0,,,0.0,,,0.0
2025-08-07 00:00:00,,,,,,,1533.0,1533.0,,,0.0,,,0.0
2025-08-07 01:00:00,,,,,,,1533.0,1533.0,,,0.0,,,0.0
2025-08-07 02:00:00,,,,,,,1533.0,1533.0,,,0.0,,,0.0
2025-08-07 03:00:00,,,,,,,1533.0,1533.0,,,0.0,,,0.0
2025-08-07 04:00:00,,,,,,,1533.0,1533.0,,,0.0,,,0.0
2025-08-07 05:00:00,,,,,,,1533.0,1533.0,,,0.0,,,0.0
2025-08-07 06:00:00,,,,,,,1533.0,1533.0,,,0.0,,,0.0
2025-08-07 07:00:00,,,,,,,1533.0,1533.0,,,0.0,,,0.0
2025-08-07 08:00:00,,,,,,,509.0,509.0,,,0.0,,,0.0
2025-08-07 09:00:00,,,,,,,509.0,509.0,,,0.0,,,0.0
2025-08-07 10:00:00,,,,,,,509.0,509.0,,,0.0,,,0.0
2025-08-07 11:00:00,,,,,,,509.0,509.0,,,0.0,,,0.0
2025-08-07 12:00:00,,,,,,,509.0,509.0,,,0.0,,,0.0
2025-08-07 13:00:00,,,,,,,509.0,509.0,,,0.0,,,0.0
2025-08-07 14:00:00,,,,,,,509.0,509.0,,,0.0,,,0.0
2025-08-07 15:00:00,,,,,,,509.0,509.0,,,0.0,,,0.0
2025-08-07 16:00:00,,,,,,,509.0,509.0,,,0.0,,,0.0
2025-08-07 17:00:00,,,,,,,1533.0,1533.0,,,0.0,,,0.0
2025-08-07 18:00:00,,,,,,,1533.0,1533.0,,,0.0,,,0.0
2025-08-07 19:00:00,,,,,,,1533.0,1533.0,,,0.0,,,0.0
2025-08-07 20:00:00,,,,,,,1533.0,1533.0,,,0.0,,,0.0
2025-08-07 21:00:00,,,,,,,1533.0,1533.0,,,0.0,,,0.0
2025-08-07 22:00:00,,,,,,,1533.0,1533.0,,,0.0,,,0.0
2025-08-07 23:00:00,,,,,,,1529.0,1529.0,,,0.0,,,0.0
2025-08-08 00:00:00,,,,,,,1533.0,1533.0,,,0.0,,,0.0
2025-08-08 01:00:00,,,,,,,1529.0,1529.0,,,0.0,,,0.0
2025-08-08 02:00:00,,,,,,,1533.0,1533.0,,,0.0,,,0.0
2025-08-08 03:00:00,,,,,,,1529.0,1529.0,,,0.0,,,0.0
2025-08-08 04:00:00,,,,,,,1529.0,1529.0,,,0.0,,,0.0
2025-08-08 05:00:00,,,,,,,1529.0,1529.0,,,0.0,,,0.0
2025-08-08 06:00:00,,,,,,,1529.0,1529.0,,,0.0,,,0.0
2025-08-08 07:00:00,,,,,,,1533.0,1533.0,,,0.0,,,0.0
2025-08-08 08:00:00,,,,,,,509.0,509.0,,,0.0,,,0.0
2025-08-08 09:00:00,,,,,,,509.0,509.0,,,0.0,,,0.0
2025-08-08 10:00:00,,,,,,,509.0,509.0,0.50479996,0.081999995,3.0,0.94859993,0.038399994,3.0
2025-08-08 11:00:00,,,,,,,509.0,509.0,0.38599998,0.054199997,2.0,0.9806,0.014400005,2.0
2025-08-08 12:00:00,,,,,,,509.0,509.0,,,0.0,,,0.0
2025-08-08 13:00:00,,,,,,,509.0,509.0,,,0.0,,,0.0
2025-08-08 14:00:00,,,,,,,509.0,509.0,,,0.0,,,0.0
2025-08-08 15:00:00,,,,,,,509.0,509.0,,,0.0,,,0.0
2025-08-08 16:00:00,,,,,,,509.0,509.0,,,0.0,,,0.0
2025-08-08 17:00:00,,,,,,,1533.0,1533.0,,,0.0,,,0.0
2025-08-08 18:00:00,,,,,,,1529.0,1529.0,,,0.0,,,0.0
2025-08-08 19:00:00,,,,,,,1273.0,1273.0,,,0.0,,,0.0
2025-08-08 20:00:00,,,,,,,1273.0,1273.0,,,0.0,,,0.0
2025-08-08 21:00:00,,,,,,,1273.0,1273.0,,,0.0,,,0.0
2025-08-08 22:00:00,,,,,,,1273.0,1273.0,,,0.0,,,0.0
2025-08-08 23:00:00,,,,,,,1273.0,1273.0,,,0.0,,,0.0
2025-08-09 00:00:00,,,,,,,1273.0,1273.0,,,0.0,,,0.0
2025-08-09 01:00:00,,,,,,,1533.0,1533.0,,,0.0,,,0.0
2025-08-09 02:00:00,,,,,,,1533.0,1533.0,,,0.0,,,0.0
2025-08-09 03:00:00,,,,,,,1273.0,1273.0,,,0.0,,,0.0
2025-08-09 04:00:00,,,,,,,1273.0,1273.0,,,0.0,,,0.0
2025-08-09 05:00:00,,,,,,,1273.0,1273.0,,,0.0,,,0.0
2025-08-09 06:00:00,,,,,,,1533.0,1533.0,,,0.0,,,0.0
2025-08-09 07:00:00,,,,,,,1529.0,1529.0,,,0.0,,,0.0
2025-08-09 08:00:00,,,,,,,505.0,504.0,0.0552,0.018199999,6.0,1.0608,0.008300006,6.0
2025-08-09 09:00:00,,,,,,,505.0,505.0,0.0198,0.0164,5.0,1.0704,0.0065000057,4.0
2025-08-09 10:00:00,,,,,,,505.0,504.0,0.0764,0.0742,2.0,1.0466,0.00080001354,2.0
2025-08-09 11:00:00,,,,,,,509.0,509.0,0.1206,0.033999998,3.0,1.0566,0.005800009,3.0
2025-08-09 12:00:00,,,,,,,509.0,509.0,,,0.0,,,0.0
2025-08-09 13:00:00,,,,,,,509.0,509.0,,,0.0,,,0.0
2025-08-09 14:00:00,,,,,,,509.0,509.0,,,0.0,,,0.0
2025-08-09 15:00:00,,,,,,,509.0,509.0,,,0.0,,,0.0
2025-08-09 16:00:00,,,,,,,505.0,505.0,0.021,0.02,2.0,1.0742999,0.003099978,2.0
2025-08-09 17:00:00,,,,,,,1533.0,1533.0,0.0047999998,0.0018,2.0,1.0881,0.00089997053,2.0
2025-08-09 18:00:00,,,,,,,1533.0,1533.0,,,0.0,,,0.0
2025-08-09 19:00:00,,,,,,,1533.0,1533.0,,,0.0,,,0.0
2025-08-09 20:00:00,,,,,,,1529.0,1529.0,,,0.0,,,0.0
2025-08-09 21:00:00,,,,,,,1273.0,1273.0,,,0.0,,,0.0
2025-08-09 22:00:00,,,,,,,1529.0,1529.0,,,0.0,,,0.0
2025-08-09 23:00:00,,,,,,,1529.0,1529.0,,,0.0,,,0.0
2025-08-10 00:00:00,,,,,,,1533.0,1533.0,,,0.0,,,0.0
2025-08-10 01:00:00,,,,,,,1529.0,1529.0,,,0.0,,,0.0
2025-08-10 02:00:00,,,,,,,1273.0,1273.0,,,0.0,,,0.0
2025-08-10 03:00:00,,,,,,,1529.0,1529.0,,,0.0,,,0.0
2025-08-10 04:00:00,,,,,,,1533.0,1533.0,,,0.0,,,0.0
2025-08-10 05:00:00,,,,,,,1529.0,1529.0,,,0.0,,,0.0
2025-08-10 06:00:00,,,,,,,1533.0,1533.0,,,0.0,,,0.0
2025-08-10 07:00:00,,,,,,,1533.0,1533.0,,,0.0,,,0.0
2025-08-10 08:00:00,,,,,,,509.0,509.0,,,0.0,,,0.0
2025-08-10 09:00:00,,,,,,,509.0,509.0,,,0.0,,,0.0
2025-08-10 10:00:00,,,,,,,509.0,509.0,,,0.0,,,0.0
2025-08-10 11:00:00,,,,,,,509.0,509.0,,,0.0,,,0.0
2025-08-10 12:00:00,,,,,,,509.0,509.0,,,0.0,,,0.0
2025-08-10 13:00:00,,,,,,,509.0,509.0,,,0.0,,,0.0
2025-08-10 14:00:00,,,,,,,509.0,509.0,,,0.0,,,0.0
2025-08-10 15:00:00,,,,,,,509.0,509.0,,,0.0,,,0.0
2025-08-10 16:00:00,,,,,,,509.0,509.0,,,0.0,,,0.0
2025-08-10 17:00:00,,,,,,,1533.0,1533.0,,,0.0,,,0.0
2025-08-10 18:00:00,,,,,,,1533.0,1533.0,,,0.0,,,0.0
2025-08-10 19:00:00,,,,,,,1273.0,1273.0,,,0.0,,,0.0
2025-08-10 20:00:00,,,,,,,1273.0,1273.0,,,0.0,,,0.0
2025-08-10 21:00:00,,,,,,,1273.0,1273.0,,,0.0,,,0.0
2025-08-10 22:00:00,,,,,,,1273.0,1273.0,,,0.0,,,0.0
2025-08-10 23:00:00,,,,,,,1529.0,1529.0,,,0.0,,,0.0
2025-08-11 00:00:00,,,,,,,1529.0,1529.0,,,0.0,,,0.0
2025-08-11 01:00:00,,,,,,,1533.0,1533.0,,,0.0,,,0.0
2025-08-11 02:00:00,,,,,,,1533.0,1533.0,,,0.0,,,0.0
2025-08-11 03:00:00,,,,,,,1533.0,1533.0,,,0.0,,,0.0
2025-08-11 04:00:00,,,,,,,1533.0,1533.0,,,0.0,,,0.0
2025-08-11 05:00:00,,,,,,,1533.0,1533.0,,,0.0,,,0.0
2025-08-11 06:00:00,,,,,,,1529.0,1529.0,,,0.0,,,0.0
2025-08-11 07:00:00,,,,,,,1533.0,1533.0,,,0.0,,,0.0
2025-08-11 08:00:00,,,,,,,509.0,509.0,0.1774,0.0466,3.0,1.0464,0.023099959,3.0
2025-08-11 09:00:00,,,,,,,509.0,509.0,,,0.0,,,0.0
2025-08-11 10:00:00,,,,,,,509.0,509.0,0.2322,0.0,2.0,1.0547,0.0,2.0
2025-08-11 11:00:00,,,,,,,509.0,509.0,0.527,0.0,1.0,1.0192,0.0,1.0
2025-08-11 12:00:00,,,,,,,505.0,504.0,0.6324,0.0208,2.0,1.1116999,0.004000008,2.0
2025-08-11 13:00:00,,,,,,,509.0,509.0,0.6882,0.0,1.0,1.1308999,0.0,1.0
2025-08-11 14:00:00,,,,,,,505.0,504.0,0.7134,0.083799995,2.0,1.0419999,0.09349996,2.0
2025-08-11 15:00:00,,,,,,,509.0,509.0,,,0.0,,,0.0
2025-08-11 16:00:00,,,,,,,2553.0,2552.0,0.053799998,0.0484,2.0,1.0589,0.021499991,2.0
2025-08-11 17:00:00,,,,,,,1533.0,1533.0,0.148,0.0396,4.0,1.0109,0.028100014,4.0
2025-08-11 18:00:00,,,,,,,1533.0,1533.0,,,0.0,,,0.0
2025-08-11 19:00:00,,,,,,,1533.0,1533.0,,,0.0,,,0.0
2025-08-11 20:00:00,,,,,,,1273.0,1273.0,,,0.0,,,0.0
2025-08-11 21:00:00,,,,,,,1529.0,1529.0,,,0.0,,,0.0
2025-08-11 22:00:00,,,,,,,1529.0,1529.0,,,0.0,,,0.0
2025-08-11 23:00:00,,,,,,,1529.0,1529.0,,,0.0,,,0.0
2025-08-12 00:00:00,,,,,,,1533.0,1533.0,,,0.0,,,0.0
2025-08-12 01:00:00,,,,,,,1533.0,1533.0,,,0.0,,,0.0
2025-08-12 02:00:00,,,,,,,1533.0,1533.0,,,0.0,,,0.0
2025-08-12 03:00:00,,,,,,,1533.0,1533.0,,,0.0,,,0.0
2025-08-12 04:00:00,,,,,,,1529.0,1529.0,,,0.0,,,0.0
2025-08-12 05:00:00,,,,,,,1529.0,1529.0,,,0.0,,,0.0
2025-08-12 06:00:00,,,,,,,1529.0,1529.0,,,0.0,,,0.0
2025-08-12 07:00:00,,,,,,,1533.0,1533.0,,,0.0,,,0.0
2025-08-12 08:00:00,,,,,,,505.0,504.0,0.49679998,0.2316,5.0,0.88609993,0.07889998,5.0
2025-08-12 09:00:00,,,,,,,505.0,504.0,0.40579998,0.18699999,3.0,0.9693999,0.0661,3.0
2025-08-12 10:00:00,,,,,,,505.0,504.0,0.31379998,0.084,4.0,1.0106,0.019599974,4.0
2025-08-12 11:00:00,,,,,,,509.0,509.0,0.48959997,0.060999997,2.0,1.0159999,0.0097,2.0
2025-08-12 12:00:00,,,,,,,505.0,504.0,0.564,0.0,1.0,1.082,0.0,1.0
2025-08-12 13:00:00,,,,,,,509.0,509.0,0.5726,0.0,1.0,1.086,0.0,1.0
2025-08-12 14:00:00,,,,,,,509.0,509.0,0.21779999,0.0046,2.0,1.0498999,0.0011000037,2.0
2025-08-12 15:00:00,,,,,,,509.0,509.0,,,0.0,,,0.0
2025-08-12 16:00:00,,,,,,,509.0,509.0,,,0.0,,,0.0
2025-08-12 17:00:00,,,,,,,1533.0,1533.0,,,0.0,,,0.0
2025-08-12 18:00:00,,,,,,,1533.0,1533.0,,,0.0,,,0.0
2025-08-12 19:00:00,,,,,,,1533.0,1533.0,,,0.0,,,0.0
2025-08-12 20:00:00,,,,,,,1533.0,1533.0,,,0.0,,,0.0
2025-08-12 21:00:00,,,,,,,1533.0,1533.0,,,0.0,,,0.0
2025-08-12 22:00:00,,,,,,,1533.0,1533.0,,,0.0,,,0.0
2025-08-12 23:00:00,,,,,,,1529.0,1529.0,,,0.0,,,0.0
2025-08-13 00:00:00,,,,,,,1533.0,1533.0,,,0.0,,,0.0
2025-08-13 01:00:00,,,,,,,1529.0,1529.0,,,0.0,,,0.0
2025-08-13 02:00:00,,,,,,,1273.0,1273.0,,,0.0,,,0.0
2025-08-13 03:00:00,,,,,,,1529.0,1529.0,,,0.0,,,0.0
2025-08-13 04:00:00,,,,,,,1273.0,1273.0,,,0.0,,,0.0
2025-08-13 05:00:00,,,,,,,1529.0,1529.0,,,0.0,,,0.0
2025-08-13 06:00:00,,,,,,,1533.0,1533.0,,,0.0,,,0.0
2025-08-13 07:00:00,,,,,,,1533.0,1533.0,,,0.0,,,0.0
2025-08-13 08:00:00,,,,,,,509.0,509.0,,,0.0,,,0.0
2025-08-13 09:00:00,,,,,,,509.0,509.0,,,0.0,,,0.0
2025-08-13 10:00:00,,,,,,,509.0,509.0,,,0.0,,,0.0
2025-08-13 11:00:00,,,,,,,509.0,509.0,,,0.0,,,0.0
2025-08-13 12:00:00,,,,,,,505.0,504.0,0.39659998,0.033,5.0,1.0975,0.011999965,5.0
2025-08-13 13:00:00,,,,,,,509.0,509.0,,,0.0,,,0.0
2025-08-13 14:00:00,,,,,,,509.0,509.0,,,0.0,,,0.0
2025-08-13 15:00:00,,,,,,,509.0,509.0,,,0.0,,,0.0
2025-08-13 16:00:00,,,,,,,509.0,509.0,,,0.0,,,0.0
2025-08-13 17:00:00,,,,,,,1533.0,1533.0,0.5054,0.1056,3.0,1.0653,0.119399965,3.0
2025-08-13 18:00:00,,,,,,,1273.0,1273.0,,,0.0,,,0.0
2025-08-13 19:00:00,,,,,,,1533.0,1533.0,,,0.0,,,0.0
2025-08-13 20:00:00,,,,,,,1529.0,1529.0,,,0.0,,,0.0
2025-08-13 21:00:00,,,,,,,1533.0,1533.0,,,0.0,,,0.0
2025-08-13 22:00:00,,,,,,,1529.0,1529.0,,,0.0,,,0.0
2025-08-13 23:00:00,,,,,,,1529.0,1529.0,,,0.0,,,0.0
2025-08-14 00:00:00,,,,,,,1273.0,1273.0,,,0.0,,,0.0
2025-08-14 01:00:00,,,,,,,1533.0,1533.0,,,0.0,,,0.0
2025-08-14 02:00:00,,,,,,,1533.0,1533.0,,,0.0,,,0.0
2025-08-14 03:00:00,,,,,,,1533.0,1533.0,,,0.0,,,0.0
2025-08-14 04:00:00,,,,,,,1529.0,1529.0,,,0.0,,,0.0
2025-08-14 05:00:00,,,,,,,1533.0,1533.0,,,0.0,,,0.0
2025-08-14 06:00:00,,,,,,,1533.0,1533.0,,,0.0,,,0.0
2025-08-14 07:00:00,,,,,,,1533.0,1533.0,,,0.0,,,0.0
2025-08-14 08:00:00,,,,,,,509.0,509.0,,,0.0,,,0.0
2025-08-14 09:00:00,,,,,,,509.0,509.0,,,0.0,,,0.0
2025-08-14 10:00:00,,,,,,,509.0,509.0,,,0.0,,,0.0
2025-08-14 11:00:00,,,,,,,509.0,509.0,,,0.0,,,0.0
2025-08-14 12:00:00,,,,,,,509.0,509.0,,,0.0,,,0.0
2025-08-14 13:00:00,,,,,,,509.0,509.0,,,0.0,,,0.0
2025-08-14 14:00:00,,,,,,,509.0,509.0,,,0.0,,,0.0
2025-08-14 15:00:00,,,,,,,509.0,509.0,,,0.0,,,0.0
2025-08-14 16:00:00,,,,,,,509.0,509.0,,,0.0,,,0.0
2025-08-14 17:00:00,,,,,,,1533.0,1533.0,0.1732,0.0,1.0,1.0597,0.0,1.0
2025-08-14 18:00:00,,,,,,,1529.0,1529.0,,,0.0,,,0.0
2025-08-14 19:00:00,,,,,,,1533.0,1533.0,,,0.0,,,0.0
2025-08-14 20:00:00,,,,,,,1533.0,1533.0,,,0.0,,,0.0
2025-08-14 21:00:00,,,,,,,1533.0,1533.0,,,0.0,,,0.0
2025-08-14 22:00:00,,,,,,,1533.0,1533.0,,,0.0,,,0.0
2025-08-14 23:00:00,,,,,,,1533.0,1533.0,,,0.0,,,0.0
2025-08-15 00:00:00,,,,,,,1533.0,1533.0,,,0.0,,,0.0
2025-08-15 01:00:00,,,,,,,1533.0,1533.0,,,0.0,,,0.0
2025-08-15 02:00:00,,,,,,,1533.0,1533.0,,,0.0,,,0.0
2025-08-15 03:00:00,,,,,,,1533.0,1533.0,,,0.0,,,0.0
2025-08-15 04:00:00,,,,,,,1529.0,1529.0,,,0.0,,,0.0
2025-08-15 05:00:00,,,,,,,1529.0,1529.0,,,0.0,,,0.0
2025-08-15 06:00:00,,,,,,,1533.0,1533.0,,,0.0,,,0.0
2025-08-15 07:00:00,,,,,,,1533.0,1533.0,,,0.0,,,0.0
2025-08-15 08:00:00,,,,,,,509.0,509.0,,,0.0,,,0.0
2025-08-15 09:00:00,,,,,,,509.0,509.0,,,0.0,,,0.0
2025-08-15 10:00:00,,,,,,,509.0,509.0,,,0.0,,,0.0
2025-08-15 11:00:00,,,,,,,509.0,509.0,,,0.0,,,0.0
2025-08-15 12:00:00,,,,,,,509.0,509.0,,,0.0,,,0.0
2025-08-15 13:00:00,,,,,,,509.0,509.0,,,0.0,,,0.0
2025-08-15 14:00:00,,,,,,,509.0,509.0,,,0.0,,,0.0
2025-08-15 15:00:00,,,,,,,509.0,509.0,,,0.0,,,0.0
2025-08-15 16:00:00,,,,,,,509.0,509.0,,,0.0,,,0.0
2025-08-15 17:00:00,,,,,,,1533.0,1533.0,,,0.0,,,0.0
2025-08-15 18:00:00,,,,,,,1529.0,1529.0,,,0.0,,,0.0
2025-08-15 19:00:00,,,,,,,1533.0,1533.0,,,0.0,,,0.0
2025-08-15 20:00:00,,,,,,,1533.0,1533.0,,,0.0,,,0.0
2025-08-15 21:00:00,,,,,,,1533.0,1533.0,,,0.0,,,0.0
2025-08-15 22:00:00,,,,,,,1533.0,1533.0,,,0.0,,,0.0
2025-08-15 23:00:00,,,,,,,1533.0,1533.0,,,0.0,,,0.0
2025-08-16 00:00:00,,,,,,,1529.0,1529.0,,,0.0,,,0.0
2025-08-16 01:00:00,,,,,,,1533.0,1533.0,,,0.0,,,0.0
2025-08-16 02:00:00,,,,,,,1533.0,1533.0,,,0.0,,,0.0
2025-08-16 03:00:00,,,,,,,1529.0,1529.0,,,0.0,,,0.0
2025-08-16 04:00:00,,,,,,,1533.0,1533.0,,,0.0,,,0.0
2025-08-16 05:00:00,,,,,,,1529.0,1529.0,,,0.0,,,0.0
2025-08-16 06:00:00,,,,,,,1533.0,1533.0,,,0.0,,,0.0
2025-08-16 07:00:00,,,,,,,1529.0,1529.0,,,0.0,,,0.0
2025-08-16 08:00:00,,,,,,,509.0,509.0,,,0.0,,,0.0
2025-08-16 09:00:00,,,,,,,509.0,509.0,,,0.0,,,0.0
2025-08-16 10:00:00,,,,,,,509.0,509.0,,,0.0,,,0.0
2025-08-16 11:00:00,,,,,,,509.0,509.0,,,0.0,,,0.0
2025-08-16 12:00:00,,,,,,,509.0,509.0,,,0.0,,,0.0
2025-08-16 13:00:00,,,,,,,509.0,509.0,,,0.0,,,0.0
2025-08-16 14:00:00,,,,,,,509.0,509.0,,,0.0,,,0.0
2025-08-16 15:00:00,,,,,,,509.0,509.0,,,0.0,,,0.0
2025-08-16 16:00:00,,,,,,,509.0,509.0,,,0.0,,,0.0
2025-08-16 17:00:00,,,,,,,1533.0,1533.0,,,0.0,,,0.0
2025-08-16 18:00:00,,,,,,,1529.0,1529.0,,,0.0,,,0.0
2025-08-16 19:00:00,,,,,,,1533.0,1533.0,,,0.0,,,0.0
2025-08-16 20:00:00,,,,,,,1533.0,1533.0,,,0.0,,,0.0
2025-08-16 21:00:00,,,,,,,1273.0,1273.0,,,0.0,,,0.0
2025-08-16 22:00:00,,,,,,,1529.0,1529.0,,,0.0,,,0.0
2025-08-16 23:00:00,,,,,,,1529.0,1529.0,,,0.0,,,0.0
2025-08-17 00:00:00,,,,,,,1533.0,1533.0,,,0.0,,,0.0
2025-08-17 01:00:00,,,,,,,1533.0,1533.0,,,0.0,,,0.0
2025-08-17 02:00:00,,,,,,,1533.0,1533.0,,,0.0,,,0.0
2025-08-17 03:00:00,,,,,,,1529.0,1529.0,,,0.0,,,0.0
2025-08-17 04:00:00,,,,,,,1533.0,1533.0,,,0.0,,,0.0
2025-08-17 05:00:00,,,,,,,1533.0,1533.0,,,0.0,,,0.0
2025-08-17 06:00:00,,,,,,,1533.0,1533.0,,,0.0,,,0.0
2025-08-17 07:00:00,,,,,,,1533.0,1533.0,,,0.0,,,0.0
2025-08-17 08:00:00,,,,,,,509.0,509.0,,,0.0,,,0.0
2025-08-17 09:00:00,,,,,,,509.0,509.0,,,0.0,,,0.0
2025-08-17 10:00:00,,,,,,,509.0,509.0,,,0.0,,,0.0
2025-08-17 11:00:00,,,,,,,509.0,509.0,,,0.0,,,0.0
2025-08-17 12:00:00,,,,,,,509.0,509.0,,,0.0,,,0.0
2025-08-17 13:00:00,,,,,,,509.0,509.0,,,0.0,,,0.0
2025-08-17 14:00:00,,,,,,,509.0,509.0,,,0.0,,,0.0
2025-08-17 15:00:00,,,,,,,509.0,509.0,,,0.0,,,0.0
2025-08-17 16:00:00,,,,,,,509.0,509.0,,,0.0,,,0.0
2025-08-17 17:00:00,,,,,,,1533.0,1533.0,,,0.0,,,0.0
2025-08-17 18:00:00,,,,,,,1533.0,1533.0,,,0.0,,,0.0
2025-08-17 19:00:00,,,,,,,1533.0,1533.0,,,0.0,,,0.0
2025-08-17 20:00:00,,,,,,,1533.0,1533.0,,,0.0,,,0.0
2025-08-17 21:00:00,,,,,,,1533.0,1533.0,,,0.0,,,0.0
2025-08-17 22:00:00,,,,,,,1533.0,1533.0,,,0.0,,,0.0
2025-08-17 23:00:00,,,,,,,1533.0,1533.0,,,0.0,,,0.0
2025-08-18 00:00:00,,,,,,,1533.0,1533.0,,,0.0,,,0.0
2025-08-18 01:00:00,,,,,,,1529.0,1529.0,,,0.0,,,0.0
2025-08-18 02:00:00,,,,,,,1533.0,1533.0,,,0.0,,,0.0
2025-08-18 03:00:00,,,,,,,1529.0,1529.0,,,0.0,,,0.0
2025-08-18 04:00:00,,,,,,,1533.0,1533.0,,,0.0,,,0.0
2025-08-18 05:00:00,,,,,,,1533.0,1533.0,,,0.0,,,0.0
2025-08-18 06:00:00,,,,,,,1533.0,1533.0,,,0.0,,,0.0
2025-08-18 07:00:00,,,,,,,1533.0,1533.0,,,0.0,,,0.0
2025-08-18 08:00:00,,,,,,,509.0,509.0,,,0.0,,,0.0
2025-08-18 09:00:00,,,,,,,509.0,509.0,,,0.0,,,0.0
2025-08-18 10:00:00,,,,,,,509.0,509.0,,,0.0,,,0.0
2025-08-18 11:00:00,,,,,,,509.0,509.0,,,0.0,,,0.0
2025-08-18 12:00:00,,,,,,,509.0,509.0,,,0.0,,,0.0
2025-08-18 13:00:00,,,,,,,509.0,509.0,,,0.0,,,0.0
2025-08-18 14:00:00,,,,,,,509.0,509.0,,,0.0,,,0.0
2025-08-18 15:00:00,,,,,,,509.0,509.0,,,0.0,,,0.0
2025-08-18 16:00:00,,,,,,,509.0,509.0,,,0.0,,,0.0
2025-08-18 17:00:00,,,,,,,1533.0,1533.0,,,0.0,,,0.0
2025-08-18 18:00:00,,,,,,,1533.0,1533.0,,,0.0,,,0.0
2025-08-18 19:00:00,,,,,,,1533.0,1533.0,,,0.0,,,0.0
2025-08-18 20:00:00,,,,,,,1533.0,1533.0,,,0.0,,,0.0
2025-08-18 21:00:00,,,,,,,1533.0,1533.0,,,0.0,,,0.0
2025-08-18 22:00:00,,,,,,,1533.0,1533.0,,,0.0,,,0.0
2025-08-18 23:00:00,,,,,,,1533.0,1533.0,,,0.0,,,0.0
2025-08-19 00:00:00,,,,,,,1533.0,1533.0,,,0.0,,,0.0
2025-08-19 01:00:00,,,,,,,1533.0,1533.0,,,0.0,,,0.0
2025-08-19 02:00:00,,,,,,,1529.0,1529.0,,,0.0,,,0.0
2025-08-19 03:00:00,,,,,,,1533.0,1533.0,,,0.0,,,0.0
2025-08-19 04:00:00,,,,,,,1533.0,1533.0,,,0.0,,,0.0
2025-08-19 05:00:00,,,,,,,1529.0,1529.0,,,0.0,,,0.0
2025-08-19 06:00:00,,,,,,,1533.0,1533.0,,,0.0,,,0.0
2025-08-19 07:00:00,,,,,,,1533.0,1533.0,,,0.0,,,0.0
2025-08-19 08:00:00,,,,,,,509.0,509.0,,,0.0,,,0.0
2025-08-19 09:00:00,,,,,,,509.0,509.0,,,0.0,,,0.0
2025-08-19 10:00:00,,,,,,,509.0,509.0,,,0.0,,,0.0
2025-08-19 11:00:00,,,,,,,509.0,509.0,,,0.0,,,0.0
2025-08-19 12:00:00,,,,,,,509.0,509.0,,,0.0,,,0.0
2025-08-19 13:00:00,,,,,,,509.0,509.0,,,0.0,,,0.0
2025-08-19 14:00:00,,,,,,,509.0,509.0,,,0.0,,,0.0
2025-08-19 15:00:00,,,,,,,509.0,509.0,,,0.0,,,0.0
2025-08-19 16:00:00,,,,,,,509.0,509.0,,,0.0,,,0.0
2025-08-19 17:00:00,,,,,,,1533.0,1533.0,,,0.0,,,0.0
2025-08-19 18:00:00,,,,,,,1533.0,1533.0,,,0.0,,,0.0
2025-08-19 19:00:00,,,,,,,1533.0,1533.0,,,0.0,,,0.0
2025-08-19 20:00:00,,,,,,,1533.0,1533.0,,,0.0,,,0.0
2025-08-19 21:00:00,,,,,,,1533.0,1533.0,,,0.0,,,0.0
2025-08-19 22:00:00,,,,,,,1533.0,1533.0,,,0.0,,,0.0
2025-08-19 23:00:00,,,,,,,1533.0,1533.0,,,0.0,,,0.0
2025-08-20 00:00:00,,,,,,,1529.0,1529.0,,,0.0,,,0.0
2025-08-20 01:00:00,,,,,,,1533.0,1533.0,,,0.0,,,0.0
2025-08-20 02:00:00,,,,,,,1529.0,1529.0,,,0.0,,,0.0
2025-08-20 03:00:00,,,,,,,1533.0,1533.0,,,0.0,,,0.0
2025-08-20 04:00:00,,,,,,,1533.0,1533.0,,,0.0,,,0.0
2025-08-20 05:00:00,,,,,,,1529.0,1529.0,,,0.0,,,0.0
2025-08-20 06:00:00,,,,,,,1533.0,1533.0,,,0.0,,,0.0
2025-08-20 07:00:00,,,,,,,1529.0,1529.0,,,0.0,,,0.0
2025-08-20 08:00:00,,,,,,,509.0,509.0,0.7098,0.174,3.0,0.9635999,0.11339998,3.0
2025-08-20 09:00:00,,,,,,,509.0,509.0,,,0.0,,,0.0
2025-08-20 10:00:00,,,,,,,505.0,504.0,0.8068,0.0,1.0,0.9196,0.0,1.0
2025-08-20 11:00:00,,,,,,,505.0,504.0,1.002,0.0828,2.0,0.80859995,0.07429999,2.0
2025-08-20 12:00:00,,,,,,,509.0,509.0,0.8412,0.0,1.0,0.9196,0.0,1.0
2025-08-20 13:00:00,,,,,,,505.0,504.0,0.5354,0.058799997,3.0,1.0825,0.06879997,3.0
2025-08-20 14:00:00,,,,,,,509.0,509.0,,,0.0,,,0.0
2025-08-20 15:00:00,,,,,,,509.0,509.0,,,0.0,,,0.0
2025-08-20 16:00:00,,,,,,,509.0,509.0,,,0.0,,,0.0
2025-08-20 17:00:00,,,,,,,1533.0,1533.0,,,0.0,,,0.0
2025-08-20 18:00:00,,,,,,,1533.0,1533.0,,,0.0,,,0.0
2025-08-20 19:00:00,,,,,,,1533.0,1533.0,,,0.0,,,0.0
2025-08-20 20:00:00,,,,,,,1533.0,1533.0,,,0.0,,,0.0
2025-08-20 21:00:00,,,,,,,1529.0,1529.0,,,0.0,,,0.0
2025-08-20 22:00:00,,,,,,,1529.0,1529.0,,,0.0,,,0.0
2025-08-20 23:00:00,,,,,,,1533.0,1533.0,,,0.0,,,0.0
2025-08-21 00:00:00,,,,,,,1533.0,1533.0,,,0.0,,,0.0
2025-08-21 01:00:00,,,,,,,1533.0,1533.0,,,0.0,,,0.0
2025-08-21 02:00:00,,,,,,,1533.0,1533.0,,,0.0,,,0.0
2025-08-21 03:00:00,,,,,,,1533.0,1533.0,,,0.0,,,0.0
2025-08-21 04:00:00,,,,,,,1533.0,1533.0,,,0.0,,,0.0
2025-08-21 05:00:00,,,,,,,1533.0,1533.0,,,0.0,,,0.0
2025-08-21 06:00:00,,,,,,,1533.0,1533.0,,,0.0,,,0.0
2025-08-21 07:00:00,,,,,,,1533.0,1533.0,,,0.0,,,0.0
2025-08-21 08:00:00,,,,,,,509.0,509.0,,,0.0,,,0.0
2025-08-21 09:00:00,,,,,,,509.0,509.0,,,0.0,,,0.0
2025-08-21 10:00:00,,,,,,,509.0,509.0,,,0.0,,,0.0
2025-08-21 11:00:00,,,,,,,509.0,509.0,,,0.0,,,0.0
2025-08-21 12:00:00,,,,,,,509.0,509.0,,,0.0,,,0.0
2025-08-21 13:00:00,,,,,,,509.0,509.0,,,0.0,,,0.0
2025-08-21 14:00:00,,,,,,,509.0,509.0,,,0.0,,,0.0
2025-08-21 15:00:00,,,,,,,509.0,509.0,,,0.0,,,0.0
2025-08-21 16:00:00,,,,,,,509.0,509.0,,,0.0,,,0.0
2025-08-21 17:00:00,,,,,,,1533.0,1533.0,,,0.0,,,0.0
2025-08-21 18:00:00,,,,,,,1533.0,1533.0,,,0.0,,,0.0
2025-08-21 19:00:00,,,,,,,1533.0,1533.0,,,0.0,,,0.0
2025-08-21 20:00:00,,,,,,,1533.0,1533.0,,,0.0,,,0.0
2025-08-21 21:00:00,,,,,,,1533.0,1533.0,,,0.0,,,0.0
2025-08-21 22:00:00,,,,,,,1533.0,1533.0,,,0.0,,,0.0
2025-08-21 23:00:00,,,,,,,1533.0,1533.0,,,0.0,,,0.0
2025-08-22 00:00:00,,,,,,,1533.0,1533.0,,,0.0,,,0.0
2025-08-22 01:00:00,,,,,,,1533.0,1533.0,,,0.0,,,0.0
2025-08-22 02:00:00,,,,,,,1533.0,1533.0,,,0.0,,,0.0
2025-08-22 03:00:00,,,,,,,1533.0,1533.0,,,0.0,,,0.0
2025-08-22 04:00:00,,,,,,,1533.0,1533.0,,,0.0,,,0.0
2025-08-22 05:00:00,,,,,,,1533.0,1533.0,,,0.0,,,0.0
2025-08-22 06:00:00,,,,,,,1533.0,1533.0,,,0.0,,,0.0
2025-08-22 07:00:00,,,,,,,1533.0,1533.0,,,0.0,,,0.0
2025-08-22 08:00:00,,,,,,,509.0,509.0,,,0.0,,,0.0
2025-08-22 09:00:00,,,,,,,509.0,509.0,,,0.0,,,0.0
2025-08-22 10:00:00,,,,,,,509.0,509.0,,,0.0,,,0.0
2025-08-22 11:00:00,,,,,,,509.0,509.0,,,0.0,,,0.0
2025-08-22 12:00:00,,,,,,,509.0,509.0,,,0.0,,,0.0
2025-08-22 13:00:00,,,,,,,509.0,509.0,,,0.0,,,0.0
2025-08-22 14:00:00,,,,,,,509.0,509.0,0.7884,0.0,1.0,0.9326,0.0,1.0
2025-08-22 15:00:00,,,,,,,509.0,509.0,,,0.0,,,0.0
2025-08-22 16:00:00,,,,,,,509.0,509.0,,,0.0,,,0.0
2025-08-22 17:00:00,,,,,,,1533.0,1533.0,,,0.0,,,0.0
2025-08-22 18:00:00,,,,,,,1533.0,1533.0,,,0.0,,,0.0
2025-08-22 19:00:00,,,,,,,1533.0,1533.0,,,0.0,,,0.0
2025-08-22 20:00:00,,,,,,,1533.0,1533.0,,,0.0,,,0.0
2025-08-22 21:00:00,,,,,,,1533.0,1533.0,,,0.0,,,0.0
2025-08-22 22:00:00,,,,,,,1533.0,1533.0,,,0.0,,,0.0
2025-08-22 23:00:00,,,,,,,1529.0,1529.0,,,0.0,,,0.0
2025-08-23 00:00:00,,,,,,,1533.0,1533.0,,,0.0,,,0.0
2025-08-23 01:00:00,,,,,,,1273.0,1273.0,,,0.0,,,0.0
2025-08-23 02:00:00,,,,,,,1529.0,1529.0,,,0.0,,,0.0
2025-08-23 03:00:00,,,,,,,1533.0,1533.0,,,0.0,,,0.0
2025-08-23 04:00:00,,,,,,,1533.0,1533.0,,,0.0,,,0.0
2025-08-23 05:00:00,,,,,,,1533.0,1533.0,,,0.0,,,0.0
2025-08-23 06:00:00,,,,,,,1533.0,1533.0,,,0.0,,,0.0
2025-08-23 07:00:00,,,,,,,1533.0,1533.0,,,0.0,,,0.0
2025-08-23 08:00:00,,,,,,,509.0,509.0,,,0.0,,,0.0
2025-08-23 09:00:00,,,,,,,509.0,509.0,,,0.0,,,0.0
2025-08-23 10:00:00,,,,,,,509.0,509.0,,,0.0,,,0.0
2025-08-23 11:00:00,,,,,,,509.0,509.0,,,0.0,,,0.0
2025-08-23 12:00:00,,,,,,,509.0,509.0,0.677,0.0,1.0,1.4361,0.0,1.0
2025-08-23 13:00:00,,,,,,,2553.0,2552.0,0.32479998,0.16499999,5.0,1.0719,0.008300006,5.0
2025-08-23 14:00:00,,,,,,,509.0,509.0,0.1086,0.0,1.0,1.0611999,0.0,1.0
2025-08-23 15:00:00,,,,,,,509.0,509.0,,,0.0,,,0.0
2025-08-23 16:00:00,,,,,,,509.0,509.0,,,0.0,,,0.0
2025-08-23 17:00:00,,,,,,,1533.0,1533.0,,,0.0,,,0.0
2025-08-23 18:00:00,,,,,,,1533.0,1533.0,,,0.0,,,0.0
2025-08-23 19:00:00,,,,,,,1533.0,1533.0,,,0.0,,,0.0
2025-08-23 20:00:00,,,,,,,1533.0,1533.0,,,0.0,,,0.0
2025-08-23 21:00:00,,,,,,,1529.0,1529.0,,,0.0,,,0.0
2025-08-23 22:00:00,,,,,,,1273.0,1273.0,,,0.0,,,0.0
2025-08-23 23:00:00,,,,,,,1273.0,1273.0,,,0.0,,,0.0
2025-08-24 00:00:00,,,,,,,1273.0,1273.0,,,0.0,,,0.0
2025-08-24 01:00:00,,,,,,,1529.0,1529.0,,,0.0,,,0.0
2025-08-24 02:00:00,,,,,,,1533.0,1533.0,,,0.0,,,0.0
2025-08-24 03:00:00,,,,,,,1273.0,1273.0,,,0.0,,,0.0
2025-08-24 04:00:00,,,,,,,1273.0,1273.0,,,0.0,,,0.0
2025-08-24 05:00:00,,,,,,,1273.0,1273.0,,,0.0,,,0.0
2025-08-24 06:00:00,,,,,,,1533.0,1533.0,,,0.0,,,0.0
2025-08-24 07:00:00,,,,,,,1533.0,1533.0,,,0.0,,,0.0
2025-08-24 08:00:00,,,,,,,509.0,509.0,,,0.0,,,0.0
2025-08-24 09:00:00,,,,,,,509.0,509.0,,,0.0,,,0.0
2025-08-24 10:00:00,,,,,,,505.0,504.0,0.4016,0.0,1.0,0.9627,0.0,1.0
2025-08-24 11:00:00,,,,,,,509.0,509.0,0.2042,0.051999997,5.0,1.1489999,0.013499975,5.0
2025-08-24 12:00:00,,,,,,,509.0,509.0,0.6272,0.0,1.0,0.9986,0.0,1.0
2025-08-24 13:00:00,,,,,,,509.0,509.0,,,0.0,,,0.0
2025-08-24 14:00:00,,,,,,,509.0,509.0,,,0.0,,,0.0
2025-08-24 15:00:00,,,,,,,509.0,509.0,,,0.0,,,0.0
2025-08-24 16:00:00,,,,,,,509.0,509.0,,,0.0,,,0.0
2025-08-24 17:00:00,,,,,,,1533.0,1533.0,,,0.0,,,0.0
2025-08-24 18:00:00,,,,,,,1533.0,1533.0,,,0.0,,,0.0
2025-08-24 19:00:00,,,,,,,1533.0,1533.0,,,0.0,,,0.0
2025-08-24 20:00:00,,,,,,,1533.0,1533.0,,,0.0,,,0.0
2025-08-24 21:00:00,,,,,,,1533.0,1533.0,,,0.0,,,0.0
2025-08-24 22:00:00,,,,,,,1533.0,1533.0,,,0.0,,,0.0
2025-08-24 23:00:00,,,,,,,1533.0,1533.0,,,0.0,,,0.0
2025-08-25 00:00:00,,,,,,,1533.0,1533.0,,,0.0,,,0.0
2025-08-25 01:00:00,,,,,,,1533.0,1533.0,,,0.0,,,0.0
2025-08-25 02:00:00,,,,,,,1529.0,1529.0,,,0.0,,,0.0
2025-08-25 03:00:00,,,,,,,1533.0,1533.0,,,0.0,,,0.0
2025-08-25 04:00:00,,,,,,,1533.0,1533.0,,,0.0,,,0.0
2025-08-25 05:00:00,,,,,,,1533.0,1533.0,,,0.0,,,0.0
2025-08-25 06:00:00,,,,,,,1533.0,1533.0,,,0.0,,,0.0
2025-08-25 07:00:00,,,,,,,1533.0,1533.0,,,0.0,,,0.0
2025-08-25 08:00:00,,,,,,,509.0,509.0,,,0.0,,,0.0
2025-08-25 09:00:00,,,,,,,509.0,509.0,,,0.0,,,0.0
2025-08-25 10:00:00,,,,,,,509.0,509.0,,,0.0,,,0.0
2025-08-25 11:00:00,,,,,,,509.0,509.0,,,0.0,,,0.0
2025-08-25 12:00:00,,,,,,,509.0,509.0,,,0.0,,,0.0
2025-08-25 13:00:00,,,,,,,509.0,509.0,,,0.0,,,0.0
2025-08-25 14:00:00,,,,,,,509.0,509.0,,,0.0,,,0.0
2025-08-25 15:00:00,,,,,,,509.0,509.0,,,0.0,,,0.0
2025-08-25 16:00:00,,,,,,,509.0,509.0,,,0.0,,,0.0
2025-08-25 17:00:00,,,,,,,1533.0,1533.0,,,0.0,,,0.0
2025-08-25 18:00:00,,,,,,,1529.0,1529.0,,,0.0,,,0.0
2025-08-25 19:00:00,,,,,,,1533.0,1533.0,,,0.0,,,0.0
2025-08-25 20:00:00,,,,,,,1533.0,1533.0,,,0.0,,,0.0
2025-08-25 21:00:00,,,,,,,1529.0,1529.0,,,0.0,,,0.0
2025-08-25 22:00:00,,,,,,,1533.0,1533.0,,,0.0,,,0.0
2025-08-25 23:00:00,,,,,,,1533.0,1533.0,,,0.0,,,0.0
2025-08-26 00:00:00,,,,,,,1533.0,1533.0,,,0.0,,,0.0
2025-08-26 01:00:00,,,,,,,1533.0,1533.0,,,0.0,,,0.0
2025-08-26 02:00:00,,,,,,,1529.0,1529.0,,,0.0,,,0.0
2025-08-26 03:00:00,,,,,,,1533.0,1533.0,,,0.0,,,0.0
2025-08-26 04:00:00,,,,,,,1533.0,1533.0,,,0.0,,,0.0
2025-08-26 05:00:00,,,,,,,1533.0,1533.0,,,0.0,,,0.0
2025-08-26 06:00:00,,,,,,,1533.0,1533.0,,,0.0,,,0.0
2025-08-26 07:00:00,,,,,,,1533.0,1533.0,,,0.0,,,0.0
2025-08-26 08:00:00,,,,,,,509.0,509.0,,,0.0,,,0.0
2025-08-26 09:00:00,,,,,,,509.0,509.0,,,0.0,,,0.0
2025-08-26 10:00:00,,,,,,,509.0,509.0,,,0.0,,,0.0
2025-08-26 11:00:00,,,,,,,509.0,509.0,,,0.0,,,0.0
2025-08-26 12:00:00,,,,,,,509.0,509.0,,,0.0,,,0.0
2025-08-26 13:00:00,,,,,,,509.0,509.0,,,0.0,,,0.0
2025-08-26 14:00:00,,,,,,,509.0,509.0,,,0.0,,,0.0
2025-08-26 15:00:00,,,,,,,509.0,509.0,,,0.0,,,0.0
2025-08-26 16:00:00,,,,,,,509.0,509.0,,,0.0,,,0.0
2025-08-26 17:00:00,,,,,,,1533.0,1533.0,,,0.0,,,0.0
2025-08-26 18:00:00,,,,,,,1533.0,1533.0,,,0.0,,,0.0
2025-08-26 19:00:00,,,,,,,1529.0,1529.0,,,0.0,,,0.0
2025-08-26 20:00:00,,,,,,,1533.0,1533.0,,,0.0,,,0.0
2025-08-26 21:00:00,,,,,,,1533.0,1533.0,,,0.0,,,0.0
2025-08-26 22:00:00,,,,,,,1533.0,1533.0,,,0.0,,,0.0
2025-08-26 23:00:00,,,,,,,1533.0,1533.0,,,0.0,,,0.0
2025-08-27 00:00:00,,,,,,,1533.0,1533.0,,,0.0,,,0.0
2025-08-27 01:00:00,,,,,,,1533.0,1533.0,,,0.0,,,0.0
2025-08-27 02:00:00,,,,,,,1533.0,1533.0,,,0.0,,,0.0
2025-08-27 03:00:00,,,,,,,1529.0,1529.0,,,0.0,,,0.0
2025-08-27 04:00:00,,,,,,,1529.0,1529.0,,,0.0,,,0.0
2025-08-27 05:00:00,,,,,,,1533.0,1533.0,,,0.0,,,0.0
2025-08-27 06:00:00,,,,,,,1533.0,1533.0,,,0.0,,,0.0
2025-08-27 07:00:00,,,,,,,1533.0,1533.0,,,0.0,,,0.0
2025-08-27 08:00:00,,,,,,,509.0,509.0,,,0.0,,,0.0
2025-08-27 09:00:00,,,,,,,509.0,509.0,,,0.0,,,0.0
2025-08-27 10:00:00,,,,,,,509.0,509.0,,,0.0,,,0.0
2025-08-27 11:00:00,,,,,,,509.0,509.0,,,0.0,,,0.0
2025-08-27 12:00:00,,,,,,,509.0,509.0,,,0.0,,,0.0
2025-08-27 13:00:00,,,,,,,509.0,509.0,,,0.0,,,0.0
2025-08-27 14:00:00,,,,,,,509.0,509.0,,,0.0,,,0.0
2025-08-27 15:00:00,,,,,,,509.0,509.0,,,0.0,,,0.0
2025-08-27 16:00:00,,,,,,,509.0,509.0,,,0.0,,,0.0
2025-08-27 17:00:00,,,,,,,1533.0,1533.0,,,0.0,,,0.0
2025-08-27 18:00:00,,,,,,,1533.0,1533.0,,,0.0,,,0.0
2025-08-27 19:00:00,,,,,,,1533.0,1533.0,,,0.0,,,0.0
2025-08-27 20:00:00,,,,,,,1533.0,1533.0,,,0.0,,,0.0
2025-08-27 21:00:00,,,,,,,1533.0,1533.0,,,0.0,,,0.0
2025-08-27 22:00:00,,,,,,,1533.0,1533.0,,,0.0,,,0.0
2025-08-27 23:00:00,,,,,,,1529.0,1529.0,,,0.0,,,0.0
2025-08-28 00:00:00,,,,,,,1533.0,1533.0,,,0.0,,,0.0
2025-08-28 01:00:00,,,,,,,1533.0,1533.0,,,0.0,,,0.0
2025-08-28 02:00:00,,,,,,,1273.0,1273.0,,,0.0,,,0.0
2025-08-28 03:00:00,,,,,,,1273.0,1273.0,,,0.0,,,0.0
2025-08-28 04:00:00,,,,,,,1529.0,1529.0,,,0.0,,,0.0
2025-08-28 05:00:00,,,,,,,1273.0,1273.0,,,0.0,,,0.0
2025-08-28 06:00:00,,,,,,,1273.0,1273.0,,,0.0,,,0.0
2025-08-28 07:00:00,,,,,,,1533.0,1533.0,,,0.0,,,0.0
2025-08-28 08:00:00,,,,,,,509.0,509.0,0.4052,0.0458,3.0,1.2472,0.19239998,3.0
2025-08-28 09:00:00,,,,,,,509.0,509.0,,,0.0,,,0.0
2025-08-28 10:00:00,,,,,,,509.0,509.0,,,0.0,,,0.0
2025-08-28 11:00:00,,,,,,,509.0,509.0,,,0.0,,,0.0
2025-08-28 12:00:00,,,,,,,509.0,509.0,,,0.0,,,0.0
2025-08-28 13:00:00,,,,,,,509.0,509.0,,,0.0,,,0.0
2025-08-28 14:00:00,,,,,,,509.0,509.0,,,0.0,,,0.0
2025-08-28 15:00:00,,,,,,,509.0,509.0,,,0.0,,,0.0
2025-08-28 16:00:00,,,,,,,509.0,509.0,,,0.0,,,0.0
2025-08-28 17:00:00,,,,,,,1533.0,1533.0,,,0.0,,,0.0
2025-08-28 18:00:00,,,,,,,1273.0,1273.0,,,0.0,,,0.0
2025-08-28 19:00:00,,,,,,,1533.0,1533.0,,,0.0,,,0.0
2025-08-28 20:00:00,,,,,,,1533.0,1533.0,,,0.0,,,0.0
2025-08-28 21:00:00,,,,,,,1533.0,1533.0,,,0.0,,,0.0
2025-08-28 22:00:00,,,,,,,1533.0,1533.0,,,0.0,,,0.0
2025-08-28 23:00:00,,,,,,,1533.0,1533.0,,,0.0,,,0.0
2025-08-29 00:00:00,,,,,,,1529.0,1529.0,,,0.0,,,0.0
2025-08-29 01:00:00,,,,,,,1533.0,1533.0,,,0.0,,,0.0
2025-08-29 02:00:00,,,,,,,1529.0,1529.0,,,0.0,,,0.0
2025-08-29 03:00:00,,,,,,,1533.0,1533.0,,,0.0,,,0.0
2025-08-29 04:00:00,,,,,,,1529.0,1529.0,,,0.0,,,0.0
2025-08-29 05:00:00,,,,,,,1533.0,1533.0,,,0.0,,,0.0
2025-08-29 06:00:00,,,,,,,1533.0,1533.0,,,0.0,,,0.0
2025-08-29 07:00:00,,,,,,,1533.0,1533.0,,,0.0,,,0.0
2025-08-29 08:00:00,,,,,,,509.0,509.0,,,0.0,,,0.0
2025-08-29 09:00:00,,,,,,,509.0,509.0,,,0.0,,,0.0
2025-08-29 10:00:00,,,,,,,509.0,509.0,,,0.0,,,0.0
2025-08-29 11:00:00,,,,,,,509.0,509.0,,,0.0,,,0.0
2025-08-29 12:00:00,,,,,,,509.0,509.0,,,0.0,,,0.0
2025-08-29 13:00:00,,,,,,,509.0,509.0,,,0.0,,,0.0
2025-08-29 14:00:00,,,,,,,509.0,509.0,,,0.0,,,0.0
2025-08-29 15:00:00,,,,,,,509.0,509.0,,,0.0,,,0.0
2025-08-29 16:00:00,,,,,,,509.0,509.0,,,0.0,,,0.0
2025-08-29 17:00:00,,,,,,,1533.0,1533.0,,,0.0,,,0.0
2025-08-29 18:00:00,,,,,,,1533.0,1533.0,,,0.0,,,0.0
2025-08-29 19:00:00,,,,,,,1533.0,1533.0,,,0.0,,,0.0
2025-08-29 20:00:00,,,,,,,1533.0,1533.0,,,0.0,,,0.0
2025-08-29 21:00:00,,,,,,,1533.0,1533.0,,,0.0,,,0.0
2025-08-29 22:00:00,,,,,,,1533.0,1533.0,,,0.0,,,0.0
2025-08-29 23:00:00,,,,,,,1533.0,1533.0,,,0.0,,,0.0
2025-08-30 00:00:00,,,,,,,1533.0,1533.0,,,0.0,,,0.0
2025-08-30 01:00:00,,,,,,,1529.0,1529.0,,,0.0,,,0.0
2025-08-30 02:00:00,,,,,,,1533.0,1533.0,,,0.0,,,0.0
2025-08-30 03:00:00,,,,,,,1529.0,1529.0,,,0.0,,,0.0
2025-08-30 04:00:00,,,,,,,1533.0,1533.0,,,0.0,,,0.0
2025-08-30 05:00:00,,,,,,,1533.0,1533.0,,,0.0,,,0.0
2025-08-30 06:00:00,,,,,,,1533.0,1533.0,,,0.0,,,0.0
2025-08-30 07:00:00,,,,,,,1533.0,1533.0,,,0.0,,,0.0
2025-08-30 08:00:00,,,,,,,509.0,509.0,,,0.0,,,0.0
2025-08-30 09:00:00,,,,,,,509.0,509.0,,,0.0,,,0.0
2025-08-30 10:00:00,,,,,,,505.0,504.0,0.7834,0.0,1.0,0.84749997,0.0,1.0
2025-08-30 11:00:00,,,,,,,509.0,509.0,,,0.0,,,0.0
2025-08-30 12:00:00,,,,,,,509.0,509.0,,,0.0,,,0.0
2025-08-30 13:00:00,,,,,,,509.0,509.0,,,0.0,,,0.0
2025-08-30 14:00:00,,,,,,,509.0,509.0,,,0.0,,,0.0
2025-08-30 15:00:00,,,,,,,509.0,509.0,,,0.0,,,0.0
2025-08-30 16:00:00,,,,,,,509.0,509.0,,,0.0,,,0.0
2025-08-30 17:00:00,,,,,,,1533.0,1533.0,,,0.0,,,0.0
2025-08-30 18:00:00,,,,,,,1533.0,1533.0,,,0.0,,,0.0
2025-08-30 19:00:00,,,,,,,1533.0,1533.0,,,0.0,,,0.0
2025-08-30 20:00:00,,,,,,,1533.0,1533.0,,,0.0,,,0.0
2025-08-30 21:00:00,,,,,,,1533.0,1533.0,,,0.0,,,0.0
2025-08-30 22:00:00,,,,,,,1529.0,1529.0,,,0.0,,,0.0
2025-08-30 23:00:00,,,,,,,1533.0,1533.0,,,0.0,,,0.0
2025-08-31 00:00:00,,,,,,,1529.0,1529.0,,,0.0,,,0.0
2025-08-31 01:00:00,,,,,,,1533.0,1533.0,,,0.0,,,0.0
2025-08-31 02:00:00,,,,,,,1533.0,1533.0,,,0.0,,,0.0
2025-08-31 03:00:00,,,,,,,1533.0,1533.0,,,0.0,,,0.0
2025-08-31 04:00:00,,,,,,,1533.0,1533.0,,,0.0,,,0.0
2025-08-31 05:00:00,,,,,,,1533.0,1533.0,,,0.0,,,0.0
2025-08-31 06:00:00,,,,,,,1533.0,1533.0,,,0.0,,,0.0
2025-08-31 07:00:00,,,,,,,1533.0,1533.0,,,0.0,,,0.0
2025-08-31 08:00:00,,,,,,,509.0,509.0,0.7184,0.0,1.0,0.7982,0.0,1.0
2025-08-31 09:00:00,,,,,,,509.0,509.0,0.21679999,0.0632,5.0,0.98609996,0.028999984,5.0
2025-08-31 10:00:00,,,,,,,509.0,509.0,,,0.0,,,0.0
2025-08-31 11:00:00,,,,,,,509.0,509.0,,,0.0,,,0.0
2025-08-31 12:00:00,,,,,,,509.0,509.0,,,0.0,,,0.0
2025-08-31 13:00:00,,,,,,,509.0,509.0,,,0.0,,,0.0
2025-08-31 14:00:00,,,,,,,509.0,509.0,0.2068,0.0,1.0,0.8471999,0.0,1.0
2025-08-31 15:00:00,,,,,,,509.0,509.0,,,0.0,,,0.0
2025-08-31 16:00:00,,,,,,,509.0,509.0,,,0.0,,,0.0
2025-08-31 17:00:00,,,,,,,1533.0,1533.0,,,0.0,,,0.0
2025-08-31 18:00:00,,,,,,,1533.0,1533.0,,,0.0,,,0.0
2025-08-31 19:00:00,,,,,,,1533.0,1533.0,,,0.0,,,0.0
2025-08-31 20:00:00,,,,,,,1533.0,1533.0,,,0.0,,,0.0
2025-08-31 21:00:00,,,,,,,1533.0,1533.0,,,0.0,,,0.0
2025-08-31 22:00:00,,,,,,,1529.0,1529.0,,,0.0,,,0.0
2025-08-31 23:00:00,,,,,,,1533.0,1533.0,,,0.0,,,0.0
2025-09-01 00:00:00,,,,,,,1533.0,1533.0,,,0.0,,,0.0
2025-09-01 01:00:00,,,,,,,1529.0,1529.0,,,0.0,,,0.0
2025-09-01 02:00:00,,,,,,,1533.0,1533.0,,,0.0,,,0.0
2025-09-01 03:00:00,,,,,,,1273.0,1273.0,,,0.0,,,0.0
2025-09-01 04:00:00,,,,,,,1533.0,1533.0,,,0.0,,,0.0
2025-09-01 05:00:00,,,,,,,1529.0,1529.0,,,0.0,,,0.0
2025-09-01 06:00:00,,,,,,,1533.0,1533.0,,,0.0,,,0.0
2025-09-01 07:00:00,,,,,,,1533.0,1533.0,,,0.0,,,0.0
2025-09-01 08:00:00,,,,,,,509.0,509.0,,,0.0,,,0.0
2025-09-01 09:00:00,,,,,,,509.0,509.0,,,0.0,,,0.0
2025-09-01 10:00:00,,,,,,,509.0,509.0,,,0.0,,,0.0
2025-09-01 11:00:00,,,,,,,509.0,509.0,,,0.0,,,0.0
2025-09-01 12:00:00,,,,,,,509.0,509.0,,,0.0,,,0.0
2025-09-01 13:00:00,,,,,,,509.0,509.0,,,0.0,,,0.0
2025-09-01 14:00:00,,,,,,,509.0,509.0,,,0.0,,,0.0
2025-09-01 15:00:00,,,,,,,509.0,509.0,,,0.0,,,0.0
2025-09-01 16:00:00,,,,,,,509.0,509.0,,,0.0,,,0.0
2025-09-01 17:00:00,,,,,,,1533.0,1533.0,,,0.0,,,0.0
2025-09-01 18:00:00,,,,,,,1533.0,1533.0,,,0.0,,,0.0
2025-09-01 19:00:00,,,,,,,1533.0,1533.0,,,0.0,,,0.0
2025-09-01 20:00:00,,,,,,,1529.0,1529.0,,,0.0,,,0.0
2025-09-01 21:00:00,,,,,,,1533.0,1533.0,,,0.0,,,0.0
2025-09-01 22:00:00,,,,,,,1533.0,1533.0,,,0.0,,,0.0
2025-09-01 23:00:00,,,,,,,1533.0,1533.0,,,0.0,,,0.0
2025-09-02 00:00:00,,,,,,,1533.0,1533.0,,,0.0,,,0.0
2025-09-02 01:00:00,,,,,,,1273.0,1273.0,,,0.0,,,0.0
2025-09-02 02:00:00,,,,,,,1273.0,1273.0,,,0.0,,,0.0
2025-09-02 03:00:00,,,,,,,1273.0,1273.0,,,0.0,,,0.0
2025-09-02 04:00:00,,,,,,,1273.0,1273.0,,,0.0,,,0.0
2025-09-02 05:00:00,,,,,,,1273.0,1273.0,,,0.0,,,0.0
2025-09-02 06:00:00,,,,,,,1273.0,1273.0,,,0.0,,,0.0
2025-09-02 07:00:00,,,,,,,1533.0,1533.0,,,0.0,,,0.0
2025-09-02 08:00:00,,,,,,,509.0,509.0,,,0.0,,,0.0
2025-09-02 09:00:00,,,,,,,509.0,509.0,0.7152,0.0,1.0,0.901,0.0,1.0
2025-09-02 10:00:00,,,,,,,509.0,509.0,,,0.0,,,0.0
2025-09-02 11:00:00,,,,,,,509.0,509.0,,,0.0,,,0.0
2025-09-02 12:00:00,,,,,,,509.0,509.0,,,0.0,,,0.0
2025-09-02 13:00:00,,,,,,,509.0,509.0,,,0.0,,,0.0
2025-09-02 14:00:00,,,,,,,509.0,509.0,,,0.0,,,0.0
2025-09-02 15:00:00,,,,,,,509.0,509.0,,,0.0,,,0.0
2025-09-02 16:00:00,,,,,,,509.0,509.0,,,0.0,,,0.0
2025-09-02 17:00:00,,,,,,,1533.0,1533.0,,,0.0,,,0.0
2025-09-02 18:00:00,,,,,,,1533.0,1533.0,,,0.0,,,0.0
2025-09-02 19:00:00,,,,,,,1533.0,1533.0,,,0.0,,,0.0
2025-09-02 20:00:00,,,,,,,1273.0,1273.0,,,0.0,,,0.0
2025-09-02 21:00:00,,,,,,,1529.0,1529.0,,,0.0,,,0.0
2025-09-02 22:00:00,,,,,,,1273.0,1273.0,,,0.0,,,0.0
2025-09-02 23:00:00,,,,,,,1533.0,1533.0,,,0.0,,,0.0
2025-09-03 00:00:00,,,,,,,1273.0,1273.0,,,0.0,,,0.0
2025-09-03 01:00:00,,,,,,,1273.0,1273.0,,,0.0,,,0.0
2025-09-03 02:00:00,,,,,,,1273.0,1273.0,,,0.0,,,0.0
2025-09-03 03:00:00,,,,,,,1273.0,1273.0,,,0.0,,,0.0
2025-09-03 04:00:00,,,,,,,1273.0,1273.0,,,0.0,,,0.0
2025-09-03 05:00:00,,,,,,,1273.0,1273.0,,,0.0,,,0.0
2025-09-03 06:00:00,,,,,,,1273.0,1273.0,,,0.0,,,0.0
2025-09-03 07:00:00,,,,,,,1529.0,1529.0,,,0.0,,,0.0
2025-09-03 08:00:00,,,,,,,509.0,509.0,0.9228,0.0,1.0,0.8313999,0.0,1.0
2025-09-03 09:00:00,,,,,,,509.0,509.0,0.8448,0.0,1.0,0.8492999,0.0,1.0
2025-09-03 10:00:00,,,,,,,509.0,509.0,0.7816,0.0,1.0,0.8965,0.0,1.0
2025-09-03 11:00:00,,,,,,,509.0,509.0,0.58379996,0.1494,3.0,1.0724,0.02639997,3.0
2025-09-03 12:00:00,,,,,,,509.0,509.0,,,0.0,,,0.0
2025-09-03 13:00:00,,,,,,,509.0,509.0,0.2254,0.0,1.0,1.1029999,0.0,1.0
2025-09-03 14:00:00,,,,,,,505.0,505.0,0.005,0.0042,2.0,1.1069,0.0,1.0
2025-09-03 15:00:00,,,,,,,505.0,505.0,,,0.0,,,0.0
2025-09-03 16:00:00,,,,,,,2553.0,2552.0,0.003,0.0,1.0,1.0970999,0.0,1.0
2025-09-03 17:00:00,,,,,,,1533.0,1533.0,0.0462,0.0212,3.0,1.1101999,0.004400015,3.0
2025-09-03 18:00:00,,,,,,,1273.0,1273.0,,,0.0,,,0.0
2025-09-03 19:00:00,,,,,,,1273.0,1273.0,,,0.0,,,0.0
2025-09-03 20:00:00,,,,,,,1533.0,1533.0,,,0.0,,,0.0
2025-09-03 21:00:00,,,,,,,1529.0,1529.0,,,0.0,,,0.0
2025-09-03 22:00:00,,,,,,,1273.0,1273.0,,,0.0,,,0.0
2025-09-03 23:00:00,,,,,,,1273.0,1273.0,,,0.0,,,0.0
2025-09-04 00:00:00,,,,,,,1273.0,1273.0,,,0.0,,,0.0
2025-09-04 01:00:00,,,,,,,1273.0,1273.0,,,0.0,,,0.0
2025-09-04 02:00:00,,,,,,,1273.0,1273.0,,,0.0,,,0.0
2025-09-04 03:00:00,,,,,,,1273.0,1273.0,,,0.0,,,0.0
2025-09-04 04:00:00,,,,,,,1273.0,1273.0,,,0.0,,,0.0
2025-09-04 05:00:00,,,,,,,1273.0,1273.0,,,0.0,,,0.0
2025-09-04 06:00:00,,,,,,,1273.0,1273.0,,,0.0,,,0.0
2025-09-04 07:00:00,,,,,,,1529.0,1529.0,,,0.0,,,0.0
2025-09-04 08:00:00,,,,,,,505.0,504.0,0.021599999,0.024799999,5.0,1.0629,0.058699965,4.0
2025-09-04 09:00:00,,,,,,,505.0,504.0,0.1162,0.0614,6.0,1.0587,0.034699976,6.0
2025-09-04 10:00:00,,,,,,,509.0,509.0,0.24239999,0.0186,2.0,1.0446999,0.029500008,2.0
2025-09-04 11:00:00,,,,,,,509.0,509.0,,,0.0,,,0.0
2025-09-04 12:00:00,,,,,,,509.0,509.0,,,0.0,,,0.0
2025-09-04 13:00:00,,,,,,,505.0,505.0,0.184,0.0,1.0,1.1603999,0.0,1.0
2025-09-04 14:00:00,,,,,,,509.0,509.0,0.0004,0.0,1.0,,-0.5,0.0
2025-09-04 15:00:00,,,,,,,505.0,505.0,,,0.0,,,0.0
2025-09-04 16:00:00,,,,,,,505.0,505.0,,,0.0,,,0.0
2025-09-04 17:00:00,,,,,,,1533.0,1533.0,,,0.0,,,0.0
2025-09-04 18:00:00,,,,,,,1273.0,1273.0,,,0.0,,,0.0
2025-09-04 19:00:00,,,,,,,1273.0,1273.0,,,0.0,,,0.0
2025-09-04 20:00:00,,,,,,,1273.0,1273.0,,,0.0,,,0.0
2025-09-04 21:00:00,,,,,,,1273.0,1273.0,,,0.0,,,0.0
2025-09-04 22:00:00,,,,,,,1273.0,1273.0,,,0.0,,,0.0
2025-09-04 23:00:00,,,,,,,1529.0,1529.0,,,0.0,,,0.0
2025-09-05 00:00:00,,,,,,,1273.0,1273.0,,,0.0,,,0.0
2025-09-05 01:00:00,,,,,,,1273.0,1273.0,,,0.0,,,0.0
2025-09-05 02:00:00,,,,,,,1273.0,1273.0,,,0.0,,,0.0
2025-09-05 03:00:00,,,,,,,1533.0,1533.0,,,0.0,,,0.0
2025-09-05 04:00:00,,,,,,,1533.0,1533.0,,,0.0,,,0.0
2025-09-05 05:00:00,,,,,,,1533.0,1533.0,,,0.0,,,0.0
2025-09-05 06:00:00,,,,,,,1533.0,1533.0,,,0.0,,,0.0
2025-09-05 07:00:00,,,,,,,1529.0,1529.0,,,0.0,,,0.0
2025-09-05 08:00:00,,,,,,,509.0,509.0,0.4136,0.0002,2.0,0.8102,0.015299976,2.0
2025-09-05 09:00:00,,,,,,,505.0,504.0,0.3044,0.049799997,3.0,0.9743999,0.028100014,3.0
2025-09-05 10:00:00,,,,,,,505.0,504.0,0.18519999,0.0492,5.0,1.0238,0.031499982,5.0
2025-09-05 11:00:00,,,,,,,505.0,504.0,0.0862,0.1284,5.0,1.0988,0.034799993,3.0
2025-09-05 12:00:00,,,,,,,505.0,504.0,0.4154,0.0598,3.0,1.0936999,0.045300007,3.0
2025-09-05 13:00:00,,,,,,,509.0,509.0,,,0.0,,,0.0
2025-09-05 14:00:00,,,,,,,505.0,505.0,0.024799999,0.0126,2.0,1.1484,0.0009999871,2.0
2025-09-05 15:00:00,,,,,,,509.0,509.0,,,0.0,,,0.0
2025-09-05 16:00:00,,,,,,,509.0,509.0,,,0.0,,,0.0
2025-09-05 17:00:00,,,,,,,1533.0,1533.0,,,0.0,,,0.0
2025-09-05 18:00:00,,,,,,,1273.0,1273.0,,,0.0,,,0.0
2025-09-05 19:00:00,,,,,,,1273.0,1273.0,,,0.0,,,0.0
2025-09-05 20:00:00,,,,,,,1533.0,1533.0,,,0.0,,,0.0
2025-09-05 21:00:00,,,,,,,1529.0,1529.0,,,0.0,,,0.0
2025-09-05 22:00:00,,,,,,,1533.0,1533.0,,,0.0,,,0.0
2025-09-05 23:00:00,,,,,,,1533.0,1533.0,,,0.0,,,0.0
2025-09-06 00:00:00,,,,,,,1529.0,1529.0,,,0.0,,,0.0
2025-09-06 01:00:00,,,,,,,1273.0,1273.0,,,0.0,,,0.0
2025-09-06 02:00:00,,,,,,,1273.0,1273.0,,,0.0,,,0.0
2025-09-06 03:00:00,,,,,,,1273.0,1273.0,,,0.0,,,0.0
2025-09-06 04:00:00,,,,,,,1273.0,1273.0,,,0.0,,,0.0
2025-09-06 05:00:00,,,,,,,1533.0,1533.0,,,0.0,,,0.0
2025-09-06 06:00:00,,,,,,,1529.0,1529.0,,,0.0,,,0.0
2025-09-06 07:00:00,,,,,,,1529.0,1529.0,,,0.0,,,0.0
2025-09-06 08:00:00,,,,,,,509.0,509.0,,,0.0,,,0.0
2025-09-06 09:00:00,,,,,,,509.0,509.0,,,0.0,,,0.0
2025-09-06 10:00:00,,,,,,,509.0,509.0,,,0.0,,,0.0
2025-09-06 11:00:00,,,,,,,509.0,509.0,,,0.0,,,0.0
2025-09-06 12:00:00,,,,,,,509.0,509.0,,,0.0,,,0.0
2025-09-06 13:00:00,,,,,,,509.0,509.0,,,0.0,,,0.0
2025-09-06 14:00:00,,,,,,,509.0,509.0,0.218,0.0,1.0,1.1674,0.0,1.0
2025-09-06 15:00:00,,,,,,,509.0,509.0,,,0.0,,,0.0
2025-09-06 16:00:00,,,,,,,505.0,504.0,0.8304,0.0,1.0,1.0259,0.0,1.0
2025-09-06 17:00:00,,,,,,,1533.0,1533.0,,,0.0,,,0.0
2025-09-06 18:00:00,,,,,,,1533.0,1533.0,,,0.0,,,0.0
2025-09-06 19:00:00,,,,,,,1533.0,1533.0,,,0.0,,,0.0
2025-09-06 20:00:00,,,,,,,1533.0,1533.0,,,0.0,,,0.0
2025-09-06 21:00:00,,,,,,,1533.0,1533.0,,,0.0,,,0.0
2025-09-06 22:00:00,,,,,,,1273.0,1273.0,,,0.0,,,0.0
2025-09-06 23:00:00,,,,,,,1529.0,1529.0,,,0.0,,,0.0
2025-09-07 00:00:00,,,,,,,1273.0,1273.0,,,0.0,,,0.0
2025-09-07 01:00:00,,,,,,,1273.0,1273.0,,,0.0,,,0.0
2025-09-07 02:00:00,,,,,,,1273.0,1273.0,,,0.0,,,0.0
2025-09-07 03:00:00,,,,,,,1273.0,1273.0,,,0.0,,,0.0
2025-09-07 04:00:00,,,,,,,1273.0,1273.0,,,0.0,,,0.0
2025-09-07 05:00:00,,,,,,,1273.0,1273.0,,,0.0,,,0.0
2025-09-07 06:00:00,,,,,,,1273.0,1273.0,,,0.0,,,0.0
2025-09-07 07:00:00,,,,,,,1533.0,1533.0,,,0.0,,,0.0
2025-09-07 08:00:00,,,,,,,505.0,504.0,0.2898,0.0778,3.0,1.0446999,0.025999963,3.0
2025-09-07 09:00:00,,,,,,,505.0,504.0,0.57739997,0.1656,5.0,0.9096999,0.06339997,5.0
2025-09-07 10:00:00,,,,,,,505.0,504.0,0.24659999,0.038599998,2.0,1.1144999,0.007099986,2.0
2025-09-07 11:00:00,,,,,,,509.0,509.0,0.3032,0.023599999,3.0,1.1331999,0.0034999847,3.0
2025-09-07 12:00:00,,,,,,,509.0,509.0,,,0.0,,,0.0
2025-09-07 13:00:00,,,,,,,509.0,509.0,,,0.0,,,0.0
2025-09-07 14:00:00,,,,,,,509.0,509.0,,,0.0,,,0.0
2025-09-07 15:00:00,,,,,,,509.0,509.0,,,0.0,,,0.0
2025-09-07 16:00:00,,,,,,,509.0,509.0,0.3172,0.0,1.0,1.3506,0.0,1.0
2025-09-07 17:00:00,,,,,,,1529.0,1529.0,0.30719998,0.0312,2.0,1.2993,0.00879997,2.0
2025-09-07 18:00:00,,,,,,,1529.0,1529.0,,,0.0,,,0.0
2025-09-07 19:00:00,,,,,,,1529.0,1529.0,,,0.0,,,0.0
2025-09-07 20:00:00,,,,,,,1533.0,1533.0,,,0.0,,,0.0
2025-09-07 21:00:00,,,,,,,1533.0,1533.0,,,0.0,,,0.0
2025-09-07 22:00:00,,,,,,,1273.0,1273.0,,,0.0,,,0.0
2025-09-07 23:00:00,,,,,,,1529.0,1529.0,,,0.0,,,0.0
2025-09-08 00:00:00,,,,,,,1273.0,1273.0,,,0.0,,,0.0
2025-09-08 01:00:00,,,,,,,1273.0,1273.0,,,0.0,,,0.0
2025-09-08 02:00:00,,,,,,,1533.0,1533.0,,,0.0,,,0.0
2025-09-08 03:00:00,,,,,,,1273.0,1273.0,,,0.0,,,0.0
2025-09-08 04:00:00,,,,,,,1273.0,1273.0,,,0.0,,,0.0
2025-09-08 05:00:00,,,,,,,1273.0,1273.0,,,0.0,,,0.0
2025-09-08 06:00:00,,,,,,,1273.0,1273.0,,,0.0,,,0.0
2025-09-08 07:00:00,,,,,,,1529.0,1529.0,,,0.0,,,0.0
2025-09-08 08:00:00,,,,,,,505.0,504.0,0.6422,0.042999998,2.0,1.361,0.03909999,2.0
2025-09-08 09:00:00,,,,,,,249.0,248.0,0.8138,0.0844,5.0,1.2041,0.072399974,5.0
2025-09-08 10:00:00,,,,,,,249.0,248.0,0.8408,0.070599996,4.0,1.1624,0.029500008,4.0
2025-09-08 11:00:00,,,,,,,509.0,509.0,0.7592,0.0334,4.0,1.2120999,0.011500001,4.0
2025-09-08 12:00:00,,,,,,,505.0,504.0,0.7676,0.274,4.0,1.1164,0.08929998,4.0
2025-09-08 13:00:00,,,,,,,509.0,509.0,0.93479997,0.02,2.0,1.0609,0.04399997,2.0
2025-09-08 14:00:00,,,,,,,509.0,509.0,,,0.0,,,0.0
2025-09-08 15:00:00,,,,,,,509.0,509.0,,,0.0,,,0.0
2025-09-08 16:00:00,,,,,,,509.0,509.0,,,0.0,,,0.0
2025-09-08 17:00:00,,,,,,,1529.0,1529.0,,,0.0,,,0.0
2025-09-08 18:00:00,,,,,,,1533.0,1533.0,,,0.0,,,0.0
2025-09-08 19:00:00,,,,,,,1533.0,1533.0,,,0.0,,,0.0
2025-09-08 20:00:00,,,,,,,1529.0,1529.0,,,0.0,,,0.0
2025-09-08 21:00:00,,,,,,,511.0,511.0,,,0.0,,,0.0
2025-09-08 22:00:00,,,,,,,1533.0,1533.0,,,0.0,,,0.0
2025-09-08 23:00:00,,,,,,,1533.0,1533.0,,,0.0,,,0.0
2025-09-09 00:00:00,,,,,,,1533.0,1533.0,,,0.0,,,0.0
2025-09-09 01:00:00,,,,,,,1529.0,1529.0,,,0.0,,,0.0
2025-09-09 02:00:00,,,,,,,1529.0,1529.0,,,0.0,,,0.0
2025-09-09 03:00:00,,,,,,,1533.0,1533.0,,,0.0,,,0.0
2025-09-09 04:00:00,,,,,,,1533.0,1533.0,,,0.0,,,0.0
2025-09-09 05:00:00,,,,,,,1533.0,1533.0,,,0.0,,,0.0
2025-09-09 06:00:00,,,,,,,1533.0,1533.0,,,0.0,,,0.0
2025-09-09 07:00:00,,,,,,,1533.0,1533.0,,,0.0,,,0.0
2025-09-09 08:00:00,,,,,,,509.0,509.0,,,0.0,,,0.0
2025-09-09 09:00:00,,,,,,,509.0,509.0,,,0.0,,,0.0
2025-09-09 10:00:00,,,,,,,509.0,509.0,,,0.0,,,0.0
2025-09-09 11:00:00,,,,,,,509.0,509.0,,,0.0,,,0.0
2025-09-09 12:00:00,,,,,,,509.0,509.0,,,0.0,,,0.0
2025-09-09 13:00:00,,,,,,,509.0,509.0,,,0.0,,,0.0
2025-09-09 14:00:00,,,,,,,509.0,509.0,,,0.0,,,0.0
2025-09-09 15:00:00,,,,,,,509.0,509.0,,,0.0,,,0.0
2025-09-09 16:00:00,,,,,,,509.0,509.0,,,0.0,,,0.0
2025-09-09 17:00:00,,,,,,,1533.0,1533.0,,,0.0,,,0.0
2025-09-09 18:00:00,,,,,,,1533.0,1533.0,,,0.0,,,0.0
2025-09-09 19:00:00,,,,,,,1533.0,1533.0,,,0.0,,,0.0
2025-09-09 20:00:00,,,,,,,1533.0,1533.0,,,0.0,,,0.0
2025-09-09 21:00:00,,,,,,,511.0,511.0,,,0.0,,,0.0
2025-09-09 22:00:00,,,,,,,1533.0,1533.0,,,0.0,,,0.0
2025-09-09 23:00:00,,,,,,,1533.0,1533.0,,,0.0,,,0.0
2025-09-10 00:00:00,,,,,,,1533.0,1533.0,,,0.0,,,0.0
2025-09-10 01:00:00,,,,,,,1533.0,1533.0,,,0.0,,,0.0
2025-09-10 02:00:00,,,,,,,1533.0,1533.0,,,0.0,,,0.0
2025-09-10 03:00:00,,,,,,,1529.0,1529.0,,,0.0,,,0.0
2025-09-10 04:00:00,,,,,,,1529.0,1529.0,,,0.0,,,0.0
2025-09-10 05:00:00,,,,,,,1533.0,1533.0,,,0.0,,,0.0
2025-09-10 06:00:00,,,,,,,1533.0,1533.0,,,0.0,,,0.0
2025-09-10 07:00:00,,,,,,,1533.0,1533.0,,,0.0,,,0.0
2025-09-10 08:00:00,,,,,,,509.0,509.0,,,0.0,,,0.0
2025-09-10 09:00:00,,,,,,,509.0,509.0,,,0.0,,,0.0
2025-09-10 10:00:00,,,,,,,509.0,509.0,,,0.0,,,0.0
2025-09-10 11:00:00,,,,,,,509.0,509.0,,,0.0,,,0.0
2025-09-10 12:00:00,,,,,,,509.0,509.0,,,0.0,,,0.0
2025-09-10 13:00:00,,,,,,,509.0,509.0,,,0.0,,,0.0
2025-09-10 14:00:00,,,,,,,509.0,509.0,,,0.0,,,0.0
2025-09-10 15:00:00,,,,,,,509.0,509.0,,,0.0,,,0.0
2025-09-10 16:00:00,,,,,,,509.0,509.0,,,0.0,,,0.0
2025-09-10 17:00:00,,,,,,,1533.0,1533.0,0.2622,0.0,1.0,1.0444,0.0,1.0
2025-09-10 18:00:00,,,,,,,1529.0,1529.0,,,0.0,,,0.0
2025-09-10 19:00:00,,,,,,,1533.0,1533.0,,,0.0,,,0.0
2025-09-10 20:00:00,,,,,,,1533.0,1533.0,,,0.0,,,0.0
2025-09-10 21:00:00,,,,,,,511.0,511.0,,,0.0,,,0.0
2025-09-10 22:00:00,,,,,,,1533.0,1533.0,,,0.0,,,0.0
2025-09-10 23:00:00,,,,,,,1533.0,1533.0,,,0.0,,,0.0
2025-09-11 00:00:00,,,,,,,1533.0,1533.0,,,0.0,,,0.0
2025-09-11 01:00:00,,,,,,,1533.0,1533.0,,,0.0,,,0.0
2025-09-11 02:00:00,,,,,,,1273.0,1273.0,,,0.0,,,0.0
2025-09-11 03:00:00,,,,,,,1529.0,1529.0,,,0.0,,,0.0
2025-09-11 04:00:00,,,,,,,1529.0,1529.0,,,0.0,,,0.0
2025-09-11 05:00:00,,,,,,,1529.0,1529.0,,,0.0,,,0.0
2025-09-11 06:00:00,,,,,,,1533.0,1533.0,,,0.0,,,0.0
2025-09-11 07:00:00,,,,,,,1533.0,1533.0,,,0.0,,,0.0
2025-09-11 08:00:00,,,,,,,509.0,509.0,,,0.0,,,0.0
2025-09-11 09:00:00,,,,,,,509.0,509.0,,,0.0,,,0.0
2025-09-11 10:00:00,,,,,,,509.0,509.0,,,0.0,,,0.0
2025-09-11 11:00:00,,,,,,,509.0,509.0,,,0.0,,,0.0
2025-09-11 12:00:00,,,,,,,509.0,509.0,,,0.0,,,0.0
2025-09-11 13:00:00,,,,,,,509.0,509.0,,,0.0,,,0.0
2025-09-11 14:00:00,,,,,,,509.0,509.0,,,0.0,,,0.0
2025-09-11 15:00:00,,,,,,,509.0,509.0,,,0.0,,,0.0
2025-09-11 16:00:00,,,,,,,509.0,509.0,,,0.0,,,0.0
2025-09-11 17:00:00,,,,,,,1533.0,1533.0,,,0.0,,,0.0
2025-09-11 18:00:00,,,,,,,1533.0,1533.0,,,0.0,,,0.0
2025-09-11 19:00:00,,,,,,,1533.0,1533.0,,,0.0,,,0.0
2025-09-11 20:00:00,,,,,,,1533.0,1533.0,,,0.0,,,0.0
2025-09-11 21:00:00,,,,,,,511.0,511.0,,,0.0,,,0.0
2025-09-11 22:00:00,,,,,,,1533.0,1533.0,,,0.0,,,0.0
2025-09-11 23:00:00,,,,,,,1533.0,1533.0,,,0.0,,,0.0
2025-09-12 00:00:00,,,,,,,1533.0,1533.0,,,0.0,,,0.0
2025-09-12 01:00:00,,,,,,,1529.0,1529.0,,,0.0,,,0.0
2025-09-12 02:00:00,,,,,,,1529.0,1529.0,,,0.0,,,0.0
2025-09-12 03:00:00,,,,,,,1529.0,1529.0,,,0.0,,,0.0
2025-09-12 04:00:00,,,,,,,1533.0,1533.0,,,0.0,,,0.0
2025-09-12 05:00:00,,,,,,,1533.0,1533.0,,,0.0,,,0.0
2025-09-12 06:00:00,,,,,,,1533.0,1533.0,,,0.0,,,0.0
2025-09-12 07:00:00,,,,,,,1533.0,1533.0,,,0.0,,,0.0
2025-09-12 08:00:00,,,,,,,509.0,509.0,,,0.0,,,0.0
2025-09-12 09:00:00,,,,,,,509.0,509.0,,,0.0,,,0.0
2025-09-12 10:00:00,,,,,,,509.0,509.0,,,0.0,,,0.0
2025-09-12 11:00:00,,,,,,,509.0,509.0,,,0.0,,,0.0
2025-09-12 12:00:00,,,,,,,509.0,509.0,,,0.0,,,0.0
2025-09-12 13:00:00,,,,,,,509.0,509.0,,,0.0,,,0.0
2025-09-12 14:00:00,,,,,,,509.0,509.0,,,0.0,,,0.0
2025-09-12 15:00:00,,,,,,,509.0,509.0,,,0.0,,,0.0
2025-09-12 16:00:00,,,,,,,509.0,509.0,0.9332,0.0,1.0,0.482,0.0,1.0
2025-09-12 17:00:00,,,,,,,1529.0,1529.0,,,0.0,,,0.0
2025-09-12 18:00:00,,,,,,,1273.0,1273.0,,,0.0,,,0.0
2025-09-12 19:00:00,,,,,,,1533.0,1533.0,,,0.0,,,0.0
2025-09-12 20:00:00,,,,,,,1529.0,1529.0,,,0.0,,,0.0
2025-09-12 21:00:00,,,,,,,511.0,511.0,,,0.0,,,0.0
2025-09-12 22:00:00,,,,,,,1273.0,1273.0,,,0.0,,,0.0
2025-09-12 23:00:00,,,,,,,1529.0,1529.0,,,0.0,,,0.0
2025-09-13 00:00:00,,,,,,,1529.0,1529.0,,,0.0,,,0.0
2025-09-13 01:00:00,,,,,,,1529.0,1529.0,,,0.0,,,0.0
2025-09-13 02:00:00,,,,,,,1273.0,1273.0,,,0.0,,,0.0
2025-09-13 03:00:00,,,,,,,1273.0,1273.0,,,0.0,,,0.0
2025-09-13 04:00:00,,,,,,,1273.0,1273.0,,,0.0,,,0.0
2025-09-13 05:00:00,,,,,,,1273.0,1273.0,,,0.0,,,0.0
2025-09-13 06:00:00,,,,,,,1529.0,1529.0,,,0.0,,,0.0
2025-09-13 07:00:00,,,,,,,1529.0,1529.0,,,0.0,,,0.0
2025-09-13 08:00:00,,,,,,,509.0,509.0,,,0.0,,,0.0
2025-09-13 09:00:00,,,,,,,509.0,509.0,,,0.0,,,0.0
2025-09-13 10:00:00,,,,,,,505.0,504.0,0.936,0.214,3.0,0.8219,0.11489999,3.0
2025-09-13 11:00:00,,,,,,,509.0,509.0,0.5908,0.0414,3.0,1.0218999,0.033299983,3.0
2025-09-13 12:00:00,,,,,,,509.0,509.0,0.7718,0.0,1.0,1.0124999,0.0,1.0
2025-09-13 13:00:00,,,,,,,509.0,509.0,,,0.0,,,0.0
2025-09-13 14:00:00,,,,,,,509.0,509.0,,,0.0,,,0.0
2025-09-13 15:00:00,,,,,,,509.0,509.0,,,0.0,,,0.0
2025-09-13 16:00:00,,,,,,,509.0,509.0,,,0.0,,,0.0
2025-09-13 17:00:00,,,,,,,1533.0,1533.0,,,0.0,,,0.0
2025-09-13 18:00:00,,,,,,,1533.0,1533.0,,,0.0,,,0.0
2025-09-13 19:00:00,,,,,,,1533.0,1533.0,,,0.0,,,0.0
2025-09-13 20:00:00,,,,,,,1529.0,1529.0,,,0.0,,,0.0
2025-09-13 21:00:00,,,,,,,511.0,511.0,,,0.0,,,0.0
2025-09-13 22:00:00,,,,,,,1533.0,1533.0,,,0.0,,,0.0
2025-09-13 23:00:00,,,,,,,1533.0,1533.0,,,0.0,,,0.0
2025-09-14 00:00:00,,,,,,,1533.0,1533.0,,,0.0,,,0.0
2025-09-14 01:00:00,,,,,,,1533.0,1533.0,,,0.0,,,0.0
2025-09-14 02:00:00,,,,,,,1533.0,1533.0,,,0.0,,,0.0
2025-09-14 03:00:00,,,,,,,1529.0,1529.0,,,0.0,,,0.0
2025-09-14 04:00:00,,,,,,,1533.0,1533.0,,,0.0,,,0.0
2025-09-14 05:00:00,,,,,,,1529.0,1529.0,,,0.0,,,0.0
2025-09-14 06:00:00,,,,,,,1529.0,1529.0,,,0.0,,,0.0
2025-09-14 07:00:00,,,,,,,1529.0,1529.0,,,0.0,,,0.0
2025-09-14 08:00:00,,,,,,,509.0,509.0,0.56479996,0.1266,3.0,0.844,0.031499982,3.0
2025-09-14 09:00:00,,,,,,,509.0,509.0,,,0.0,,,0.0
2025-09-14 10:00:00,,,,,,,509.0,509.0,,,0.0,,,0.0
2025-09-14 11:00:00,,,,,,,509.0,509.0,,,0.0,,,0.0
2025-09-14 12:00:00,,,,,,,509.0,509.0,,,0.0,,,0.0
2025-09-14 13:00:00,,,,,,,505.0,505.0,,,0.0,,,0.0
2025-09-14 14:00:00,,,,,,,509.0,509.0,,,0.0,,,0.0
2025-09-14 15:00:00,,,,,,,509.0,509.0,,,0.0,,,0.0
2025-09-14 16:00:00,,,,,,,509.0,509.0,,,0.0,,,0.0
2025-09-14 17:00:00,,,,,,,1533.0,1533.0,,,0.0,,,0.0
2025-09-14 18:00:00,,,,,,,1533.0,1533.0,,,0.0,,,0.0
2025-09-14 19:00:00,,,,,,,1533.0,1533.0,,,0.0,,,0.0
2025-09-14 20:00:00,,,,,,,1273.0,1273.0,,,0.0,,,0.0
2025-09-14 21:00:00,,,,,,,511.0,511.0,,,0.0,,,0.0
2025-09-14 22:00:00,,,,,,,1529.0,1529.0,,,0.0,,,0.0
2025-09-14 23:00:00,,,,,,,1273.0,1273.0,,,0.0,,,0.0
2025-09-15 00:00:00,,,,,,,1533.0,1533.0,,,0.0,,,0.0
2025-09-15 01:00:00,,,,,,,1529.0,1529.0,,,0.0,,,0.0
2025-09-15 02:00:00,,,,,,,1273.0,1273.0,,,0.0,,,0.0
2025-09-15 03:00:00,,,,,,,1533.0,1533.0,,,0.0,,,0.0
2025-09-15 04:00:00,,,,,,,1529.0,1529.0,,,0.0,,,0.0
2025-09-15 05:00:00,,,,,,,1533.0,1533.0,,,0.0,,,0.0
2025-09-15 06:00:00,,,,,,,1529.0,1529.0,,,0.0,,,0.0
2025-09-15 07:00:00,,,,,,,1529.0,1529.0,,,0.0,,,0.0
2025-09-15 08:00:00,,,,,,,509.0,509.0,,,0.0,,,0.0
2025-09-15 09:00:00,,,,,,,509.0,509.0,,,0.0,,,0.0
2025-09-15 10:00:00,,,,,,,509.0,509.0,,,0.0,,,0.0
2025-09-15 11:00:00,,,,,,,509.0,509.0,,,0.0,,,0.0
2025-09-15 12:00:00,,,,,,,509.0,509.0,,,0.0,,,0.0
2025-09-15 13:00:00,,,,,,,509.0,509.0,,,0.0,,,0.0
2025-09-15 14:00:00,,,,,,,509.0,509.0,,,0.0,,,0.0
2025-09-15 15:00:00,,,,,,,509.0,509.0,,,0.0,,,0.0
2025-09-15 16:00:00,,,,,,,509.0,509.0,,,0.0,,,0.0
2025-09-15 17:00:00,,,,,,,1533.0,1533.0,,,0.0,,,0.0
2025-09-15 18:00:00,,,,,,,1533.0,1533.0,,,0.0,,,0.0
2025-09-15 19:00:00,,,,,,,1533.0,1533.0,,,0.0,,,0.0
2025-09-15 20:00:00,,,,,,,1529.0,1529.0,,,0.0,,,0.0
2025-09-15 21:00:00,,,,,,,1533.0,1533.0,,,0.0,,,0.0
2025-09-15 22:00:00,,,,,,,1529.0,1529.0,,,0.0,,,0.0
2025-09-15 23:00:00,,,,,,,1529.0,1529.0,,,0.0,,,0.0
2025-09-16 00:00:00,,,,,,,1529.0,1529.0,,,0.0,,,0.0
2025-09-16 01:00:00,,,,,,,1529.0,1529.0,,,0.0,,,0.0
2025-09-16 02:00:00,,,,,,,1273.0,1273.0,,,0.0,,,0.0
2025-09-16 03:00:00,,,,,,,1273.0,1273.0,,,0.0,,,0.0
2025-09-16 04:00:00,,,,,,,1533.0,1533.0,,,0.0,,,0.0
2025-09-16 05:00:00,,,,,,,1273.0,1273.0,,,0.0,,,0.0
2025-09-16 06:00:00,,,,,,,1529.0,1529.0,,,0.0,,,0.0
2025-09-16 07:00:00,,,,,,,1533.0,1533.0,,,0.0,,,0.0
2025-09-16 08:00:00,,,,,,,505.0,504.0,0.1618,0.024,5.0,1.0231,0.05309999,5.0
2025-09-16 09:00:00,,,,,,,509.0,509.0,0.1858,0.0,1.0,1.0245,0.0,1.0
2025-09-16 10:00:00,,,,,,,509.0,509.0,,,0.0,,,0.0
2025-09-16 11:00:00,,,,,,,509.0,509.0,,,0.0,,,0.0
2025-09-16 12:00:00,,,,,,,509.0,509.0,,,0.0,,,0.0
2025-09-16 13:00:00,,,,,,,505.0,504.0,0.4064,0.026999999,3.0,1.1513,0.007499993,3.0
2025-09-16 14:00:00,,,,,,,509.0,509.0,0.3408,0.030199999,3.0,1.1277,0.010199964,3.0
2025-09-16 15:00:00,,,,,,,509.0,509.0,0.7772,0.0,1.0,0.6438,0.0,1.0
2025-09-16 16:00:00,,,,,,,509.0,509.0,,,0.0,,,0.0
2025-09-16 17:00:00,,,,,,,1533.0,1533.0,,,0.0,,,0.0
2025-09-16 18:00:00,,,,,,,1533.0,1533.0,,,0.0,,,0.0
2025-09-16 19:00:00,,,,,,,1529.0,1529.0,,,0.0,,,0.0
2025-09-16 20:00:00,,,,,,,1273.0,1273.0,,,0.0,,,0.0
2025-09-16 21:00:00,,,,,,,1533.0,1533.0,,,0.0,,,0.0
2025-09-16 22:00:00,,,,,,,1529.0,1529.0,,,0.0,,,0.0
2025-09-16 23:00:00,,,,,,,1533.0,1533.0,,,0.0,,,0.0
2025-09-17 00:00:00,,,,,,,1529.0,1529.0,,,0.0,,,0.0
2025-09-17 01:00:00,,,,,,,1273.0,1273.0,,,0.0,,,0.0
2025-09-17 02:00:00,,,,,,,1273.0,1273.0,,,0.0,,,0.0
2025-09-17 03:00:00,,,,,,,1273.0,1273.0,,,0.0,,,0.0
2025-09-17 04:00:00,,,,,,,1529.0,1529.0,,,0.0,,,0.0
2025-09-17 05:00:00,,,,,,,1273.0,1273.0,,,0.0,,,0.0
2025-09-17 06:00:00,,,,,,,1273.0,1273.0,,,0.0,,,0.0
2025-09-17 07:00:00,,,,,,,1533.0,1533.0,,,0.0,,,0.0
2025-09-17 08:00:00,,,,,,,505.0,504.0,0.20439999,0.0458,2.0,0.98399997,0.035399973,2.0
2025-09-17 09:00:00,,,,,,,505.0,504.0,0.2926,0.067999996,4.0,0.96739995,0.1749,4.0
2025-09-17 10:00:00,,,,,,,509.0,509.0,,,0.0,,,0.0
2025-09-17 11:00:00,,,,,,,509.0,509.0,,,0.0,,,0.0
2025-09-17 12:00:00,,,,,,,509.0,509.0,,,0.0,,,0.0
2025-09-17 13:00:00,,,,,,,509.0,509.0,,,0.0,,,0.0
2025-09-17 14:00:00,,,,,,,509.0,509.0,,,0.0,,,0.0
2025-09-17 15:00:00,,,,,,,509.0,509.0,,,0.0,,,0.0
2025-09-17 16:00:00,,,,,,,509.0,509.0,,,0.0,,,0.0
2025-09-17 17:00:00,,,,,,,1533.0,1533.0,,,0.0,,,0.0
2025-09-17 18:00:00,,,,,,,1533.0,1533.0,,,0.0,,,0.0
2025-09-17 19:00:00,,,,,,,1533.0,1533.0,,,0.0,,,0.0
2025-09-17 20:00:00,,,,,,,1533.0,1533.0,,,0.0,,,0.0
2025-09-17 21:00:00,,,,,,,1533.0,1533.0,,,0.0,,,0.0
2025-09-17 22:00:00,,,,,,,1533.0,1533.0,,,0.0,,,0.0
2025-09-17 23:00:00,,,,,,,1273.0,1273.0,,,0.0,,,0.0
2025-09-18 00:00:00,,,,,,,1533.0,1533.0,,,0.0,,,0.0
2025-09-18 01:00:00,,,,,,,1529.0,1529.0,,,0.0,,,0.0
2025-09-18 02:00:00,,,,,,,1529.0,1529.0,,,0.0,,,0.0
2025-09-18 03:00:00,,,,,,,1273.0,1273.0,,,0.0,,,0.0
2025-09-18 04:00:00,,,,,,,1533.0,1533.0,,,0.0,,,0.0
2025-09-18 05:00:00,,,,,,,1533.0,1533.0,,,0.0,,,0.0
2025-09-18 06:00:00,,,,,,,1533.0,1533.0,,,0.0,,,0.0
2025-09-18 07:00:00,,,,,,,1533.0,1533.0,,,0.0,,,0.0
2025-09-18 08:00:00,,,,,,,509.0,509.0,0.629,0.0,1.0,0.7679,0.0,1.0
2025-09-18 09:00:00,,,,,,,509.0,509.0,0.177,0.0,1.0,1.397,0.0,1.0
2025-09-18 10:00:00,,,,,,,509.0,509.0,,,0.0,,,0.0
2025-09-18 11:00:00,,,,,,,509.0,509.0,,,0.0,,,0.0
2025-09-18 12:00:00,,,,,,,509.0,509.0,,,0.0,,,0.0
2025-09-18 13:00:00,,,,,,,509.0,509.0,,,0.0,,,0.0
2025-09-18 14:00:00,,,,,,,509.0,509.0,,,0.0,,,0.0
2025-09-18 15:00:00,,,,,,,509.0,509.0,,,0.0,,,0.0
2025-09-18 16:00:00,,,,,,,509.0,509.0,,,0.0,,,0.0
2025-09-18 17:00:00,,,,,,,1529.0,1529.0,0.4276,0.0,1.0,1.0769,0.0,1.0
2025-09-18 18:00:00,,,,,,,1533.0,1533.0,,,0.0,,,0.0
2025-09-18 19:00:00,,,,,,,1533.0,1533.0,,,0.0,,,0.0
2025-09-18 20:00:00,,,,,,,1533.0,1533.0,,,0.0,,,0.0
2025-09-18 21:00:00,,,,,,,1529.0,1529.0,,,0.0,,,0.0
2025-09-18 22:00:00,,,,,,,1533.0,1533.0,,,0.0,,,0.0
2025-09-18 23:00:00,,,,,,,1529.0,1529.0,,,0.0,,,0.0
2025-09-19 00:00:00,,,,,,,1529.0,1529.0,,,0.0,,,0.0
2025-09-19 01:00:00,,,,,,,1273.0,1273.0,,,0.0,,,0.0
2025-09-19 02:00:00,,,,,,,1273.0,1273.0,,,0.0,,,0.0
2025-09-19 03:00:00,,,,,,,1533.0,1533.0,,,0.0,,,0.0
2025-09-19 04:00:00,,,,,,,1529.0,1529.0,,,0.0,,,0.0
2025-09-19 05:00:00,,,,,,,1273.0,1273.0,,,0.0,,,0.0
2025-09-19 06:00:00,,,,,,,1273.0,1273.0,,,0.0,,,0.0
2025-09-19 07:00:00,,,,,,,1273.0,1273.0,,,0.0,,,0.0
2025-09-19 08:00:00,,,,,,,2553.0,2552.0,0.1382,0.1016,4.0,0.8823,0.10249996,4.0
2025-09-19 09:00:00,,,,,,,509.0,509.0,0.074,0.0142,5.0,0.92289996,0.039200008,5.0
2025-09-19 10:00:00,,,,,,,505.0,504.0,0.5026,0.22219999,3.0,0.89829993,0.13819999,3.0
2025-09-19 11:00:00,,,,,,,509.0,509.0,,,0.0,,,0.0
2025-09-19 12:00:00,,,,,,,509.0,509.0,,,0.0,,,0.0
2025-09-19 13:00:00,,,,,,,509.0,509.0,,,0.0,,,0.0
2025-09-19 14:00:00,,,,,,,509.0,509.0,,,0.0,,,0.0
2025-09-19 15:00:00,,,,,,,509.0,509.0,,,0.0,,,0.0
2025-09-19 16:00:00,,,,,,,509.0,509.0,,,0.0,,,0.0
2025-09-19 17:00:00,,,,,,,1533.0,1533.0,,,0.0,,,0.0
2025-09-19 18:00:00,,,,,,,1533.0,1533.0,,,0.0,,,0.0
2025-09-19 19:00:00,,,,,,,1529.0,1529.0,,,0.0,,,0.0
2025-09-19 20:00:00,,,,,,,1533.0,1533.0,,,0.0,,,0.0
2025-09-19 21:00:00,,,,,,,1533.0,1533.0,,,0.0,,,0.0
2025-09-19 22:00:00,,,,,,,1533.0,1533.0,,,0.0,,,0.0
2025-09-19 23:00:00,,,,,,,1529.0,1529.0,,,0.0,,,0.0
2025-09-20 00:00:00,,,,,,,1273.0,1273.0,,,0.0,,,0.0
2025-09-20 01:00:00,,,,,,,1273.0,1273.0,,,0.0,,,0.0
2025-09-20 02:00:00,,,,,,,1273.0,1273.0,,,0.0,,,0.0
2025-09-20 03:00:00,,,,,,,1273.0,1273.0,,,0.0,,,0.0
2025-09-20 04:00:00,,,,,,,1273.0,1273.0,,,0.0,,,0.0
2025-09-20 05:00:00,,,,,,,1273.0,1273.0,,,0.0,,,0.0
2025-09-20 06:00:00,,,,,,,1273.0,1273.0,,,0.0,,,0.0
2025-09-20 07:00:00,,,,,,,1273.0,1273.0,,,0.0,,,0.0
2025-09-20 08:00:00,0.301,,,,,,2241.0,2296.0,0.2658,0.023,5.0,1.2442,0.1519,5.0
2025-09-20 09:00:00,,,,,,,509.0,509.0,0.31599998,0.0176,3.0,1.2714,0.08129996,3.0
2025-09-20 10:00:00,,,,,,,509.0,509.0,0.2856,0.1048,4.0,1.2081,0.12099999,4.0
2025-09-20 11:00:00,,,,,,,2553.0,2552.0,0.2606,0.1078,5.0,1.1156,0.051400006,5.0
2025-09-20 12:00:00,,,,,,,509.0,509.0,0.3238,0.095199995,3.0,1.1653999,0.0027999878,3.0
2025-09-20 13:00:00,,,,,,,509.0,509.0,,,0.0,,,0.0
2025-09-20 14:00:00,,,,,,,509.0,509.0,,,0.0,,,0.0
2025-09-20 15:00:00,,,,,,,509.0,509.0,,,0.0,,,0.0
2025-09-20 16:00:00,,,,,,,505.0,504.0,0.48119998,0.021,4.0,1.3302,0.11049998,4.0
2025-09-20 17:00:00,,,,,,,1533.0,1533.0,0.5564,0.0,1.0,1.2175,0.0,1.0
2025-09-20 18:00:00,,,,,,,1273.0,1273.0,,,0.0,,,0.0
2025-09-20 19:00:00,,,,,,,1273.0,1273.0,,,0.0,,,0.0
2025-09-20 20:00:00,,,,,,,1273.0,1273.0,,,0.0,,,0.0
2025-09-20 21:00:00,,,,,,,1533.0,1533.0,,,0.0,,,0.0
2025-09-20 22:00:00,,,,,,,1273.0,1273.0,,,0.0,,,0.0
2025-09-20 23:00:00,,,,,,,1273.0,1273.0,,,0.0,,,0.0
2025-09-21 00:00:00,,,,,,,1273.0,1273.0,,,0.0,,,0.0
2025-09-21 01:00:00,,,,,,,1273.0,1273.0,,,0.0,,,0.0
2025-09-21 02:00:00,,,,,,,1273.0,1273.0,,,0.0,,,0.0
2025-09-21 03:00:00,,,,,,,1273.0,1273.0,,,0.0,,,0.0
2025-09-21 04:00:00,,,,,,,1529.0,1529.0,,,0.0,,,0.0
2025-09-21 05:00:00,,,,,,,1273.0,1273.0,,,0.0,,,0.0
2025-09-21 06:00:00,,,,,,,1273.0,1273.0,,,0.0,,,0.0
2025-09-21 07:00:00,,,,,,,1273.0,1273.0,,,0.0,,,0.0
2025-09-21 08:00:00,0.546,0.7152,0.2868,0.2861,,,2240.0,2240.0,0.505,0.114999995,5.0,1.329,0.2055,5.0
2025-09-21 09:00:00,0.61899996,,,,,,193.0,248.0,0.872,0.2148,5.0,1.5079,0.23249996,5.0
2025-09-21 10:00:00,,,,,,,509.0,509.0,0.9384,0.0154,4.0,1.2508999,0.10719997,4.0
2025-09-21 11:00:00,,,,,,,509.0,509.0,,,0.0,,,0.0
2025-09-21 12:00:00,,,,,,,509.0,509.0,,,0.0,,,0.0
2025-09-21 13:00:00,,,,,,,509.0,509.0,,,0.0,,,0.0
2025-09-21 14:00:00,,,,,,,509.0,509.0,,,0.0,,,0.0
2025-09-21 15:00:00,,,,,,,509.0,509.0,,,0.0,,,0.0
2025-09-21 16:00:00,,,,,,,509.0,509.0,,,0.0,,,0.0
2025-09-21 17:00:00,,,,,,,1533.0,1533.0,,,0.0,,,0.0
2025-09-21 18:00:00,,,,,,,1533.0,1533.0,,,0.0,,,0.0
2025-09-21 19:00:00,,,,,,,1533.0,1533.0,,,0.0,,,0.0
2025-09-21 20:00:00,,,,,,,1529.0,1529.0,,,0.0,,,0.0
2025-09-21 21:00:00,,,,,,,1533.0,1533.0,,,0.0,,,0.0
2025-09-21 22:00:00,,,,,,,1529.0,1529.0,,,0.0,,,0.0
2025-09-21 23:00:00,,,,,,,1533.0,1533.0,,,0.0,,,0.0
2025-09-22 00:00:00,,,,,,,1529.0,1529.0,,,0.0,,,0.0
2025-09-22 01:00:00,,,,,,,1529.0,1529.0,,,0.0,,,0.0
2025-09-22 02:00:00,,,,,,,1533.0,1533.0,,,0.0,,,0.0
2025-09-22 03:00:00,,,,,,,1533.0,1533.0,,,0.0,,,0.0
2025-09-22 04:00:00,,,,,,,1533.0,1533.0,,,0.0,,,0.0
2025-09-22 05:00:00,,,,,,,1533.0,1533.0,,,0.0,,,0.0
2025-09-22 06:00:00,,,,,,,1533.0,1533.0,,,0.0,,,0.0
2025-09-22 07:00:00,,,,,,,1533.0,1533.0,,,0.0,,,0.0
2025-09-22 08:00:00,,,,,,,509.0,509.0,,,0.0,,,0.0
2025-09-22 09:00:00,,,,,,,509.0,509.0,,,0.0,,,0.0
2025-09-22 10:00:00,,,,,,,509.0,509.0,,,0.0,,,0.0
2025-09-22 11:00:00,,,,,,,509.0,509.0,,,0.0,,,0.0
2025-09-22 12:00:00,,,,,,,509.0,509.0,,,0.0,,,0.0
2025-09-22 13:00:00,,,,,,,509.0,509.0,,,0.0,,,0.0
2025-09-22 14:00:00,,,,,,,509.0,509.0,,,0.0,,,0.0
2025-09-22 15:00:00,,,,,,,509.0,509.0,,,0.0,,,0.0
2025-09-22 16:00:00,,,,,,,509.0,509.0,,,0.0,,,0.0
2025-09-22 17:00:00,,,,,,,1273.0,1273.0,,,0.0,,,0.0
2025-09-22 18:00:00,,,,,,,1529.0,1529.0,,,0.0,,,0.0
2025-09-22 19:00:00,,,,,,,1529.0,1529.0,,,0.0,,,0.0
2025-09-22 20:00:00,,,,,,,1273.0,1273.0,,,0.0,,,0.0
2025-09-22 21:00:00,,,,,,,1273.0,1273.0,,,0.0,,,0.0
2025-09-22 22:00:00,,,,,,,1273.0,1273.0,,,0.0,,,0.0
2025-09-22 23:00:00,,,,,,,1529.0,1529.0,,,0.0,,,0.0
2025-09-23 00:00:00,,,,,,,1273.0,1273.0,,,0.0,,,0.0
2025-09-23 01:00:00,,,,,,,1273.0,1273.0,,,0.0,,,0.0
2025-09-23 02:00:00,,,,,,,1533.0,1533.0,,,0.0,,,0.0
2025-09-23 03:00:00,,,,,,,1533.0,1533.0,,,0.0,,,0.0
2025-09-23 04:00:00,,,,,,,1273.0,1273.0,,,0.0,,,0.0
2025-09-23 05:00:00,,,,,,,1273.0,1273.0,,,0.0,,,0.0
2025-09-23 06:00:00,,,,,,,1533.0,1533.0,,,0.0,,,0.0
2025-09-23 07:00:00,,,,,,,1533.0,1533.0,,,0.0,,,0.0
2025-09-23 08:00:00,,,,,,,509.0,509.0,,,0.0,,,0.0
2025-09-23 09:00:00,,,,,,,509.0,509.0,,,0.0,,,0.0
2025-09-23 10:00:00,,,,,,,509.0,509.0,,,0.0,,,0.0
2025-09-23 11:00:00,,,,,,,509.0,509.0,,,0.0,,,0.0
2025-09-23 12:00:00,,,,,,,509.0,509.0,,,0.0,,,0.0
2025-09-23 13:00:00,,,,,,,509.0,509.0,0.40559998,0.0069999998,2.0,1.0231,0.0042999983,2.0
2025-09-23 14:00:00,,,,,,,505.0,504.0,0.6872,0.1426,3.0,0.9819,0.034200013,3.0
2025-09-23 15:00:00,,,,,,,2553.0,2552.0,0.189,0.072799996,6.0,1.0935,0.023599982,6.0
2025-09-23 16:00:00,,,,,,,509.0,509.0,0.252,0.0,1.0,1.097,0.0,1.0
2025-09-23 17:00:00,,,,,,,1533.0,1533.0,,,0.0,,,0.0
2025-09-23 18:00:00,,,,,,,1529.0,1529.0,,,0.0,,,0.0
2025-09-23 19:00:00,,,,,,,1529.0,1529.0,,,0.0,,,0.0
2025-09-23 20:00:00,,,,,,,1273.0,1273.0,,,0.0,,,0.0
2025-09-23 21:00:00,,,,,,,1273.0,1273.0,,,0.0,,,0.0
2025-09-23 22:00:00,,,,,,,1529.0,1529.0,,,0.0,,,0.0
2025-09-23 23:00:00,,,,,,,1529.0,1529.0,,,0.0,,,0.0
2025-09-24 00:00:00,,,,,,,1529.0,1529.0,,,0.0,,,0.0
2025-09-24 01:00:00,,,,,,,1533.0,1533.0,,,0.0,,,0.0
2025-09-24 02:00:00,,,,,,,1273.0,1273.0,,,0.0,,,0.0
2025-09-24 03:00:00,,,,,,,1273.0,1273.0,,,0.0,,,0.0
2025-09-24 04:00:00,,,,,,,1273.0,1273.0,,,0.0,,,0.0
2025-09-24 05:00:00,,,,,,,1273.0,1273.0,,,0.0,,,0.0
2025-09-24 06:00:00,,,,,,,1273.0,1273.0,,,0.0,,,0.0
2025-09-24 07:00:00,,,,,,,1533.0,1533.0,,,0.0,,,0.0
2025-09-24 08:00:00,,,,,,,509.0,509.0,0.5258,0.1718,4.0,0.8699,0.05519998,4.0
2025-09-24 09:00:00,,,,,,,509.0,509.0,,,0.0,,,0.0
2025-09-24 10:00:00,,,,,,,509.0,509.0,,,0.0,,,0.0
2025-09-24 11:00:00,,,,,,,509.0,509.0,0.8196,0.0,1.0,0.9239999,0.0,1.0
2025-09-24 12:00:00,,,,,,,509.0,509.0,0.7086,0.0,1.0,1.0044,0.0,1.0
2025-09-24 13:00:00,,,,,,,509.0,509.0,,,0.0,,,0.0
2025-09-24 14:00:00,,,,,,,505.0,504.0,0.2906,0.0314,2.0,1.0906,0.069599986,2.0
2025-09-24 15:00:00,,,,,,,509.0,509.0,1.1086,0.0,1.0,0.6725999,0.0,1.0
2025-09-24 16:00:00,,,,,,,509.0,509.0,,,0.0,,,0.0
2025-09-24 17:00:00,,,,,,,1533.0,1533.0,,,0.0,,,0.0
2025-09-24 18:00:00,,,,,,,1533.0,1533.0,,,0.0,,,0.0
2025-09-24 19:00:00,,,,,,,1533.0,1533.0,,,0.0,,,0.0
2025-09-24 20:00:00,,,,,,,1533.0,1533.0,,,0.0,,,0.0
2025-09-24 21:00:00,,,,,,,1529.0,1529.0,,,0.0,,,0.0
2025-09-24 22:00:00,,,,,,,1529.0,1529.0,,,0.0,,,0.0
2025-09-24 23:00:00,,,,,,,1533.0,1533.0,,,0.0,,,0.0
2025-09-25 00:00:00,,,,,,,1533.0,1533.0,,,0.0,,,0.0
2025-09-25 01:00:00,,,,,,,1529.0,1529.0,,,0.0,,,0.0
2025-09-25 02:00:00,,,,,,,1533.0,1533.0,,,0.0,,,0.0
2025-09-25 03:00:00,,,,,,,1533.0,1533.0,,,0.0,,,0.0
2025-09-25 04:00:00,,,,,,,1533.0,1533.0,,,0.0,,,0.0
2025-09-25 05:00:00,,,,,,,1533.0,1533.0,,,0.0,,,0.0
2025-09-25 06:00:00,,,,,,,1533.0,1533.0,,,0.0,,,0.0
2025-09-25 07:00:00,,,,,,,1533.0,1533.0,,,0.0,,,0.0
2025-09-25 08:00:00,,,,,,,509.0,509.0,,,0.0,,,0.0
2025-09-25 09:00:00,,,,,,,509.0,509.0,,,0.0,,,0.0
2025-09-25 10:00:00,,,,,,,509.0,509.0,,,0.0,,,0.0
2025-09-25 11:00:00,,,,,,,509.0,509.0,,,0.0,,,0.0
2025-09-25 12:00:00,,,,,,,509.0,509.0,,,0.0,,,0.0
2025-09-25 13:00:00,,,,,,,509.0,509.0,,,0.0,,,0.0
2025-09-25 14:00:00,,,,,,,509.0,509.0,,,0.0,,,0.0
2025-09-25 15:00:00,,,,,,,509.0,509.0,,,0.0,,,0.0
2025-09-25 16:00:00,,,,,,,509.0,509.0,,,0.0,,,0.0
2025-09-25 17:00:00,,,,,,,1533.0,1533.0,,,0.0,,,0.0
2025-09-25 18:00:00,,,,,,,1533.0,1533.0,,,0.0,,,0.0
2025-09-25 19:00:00,,,,,,,1533.0,1533.0,,,0.0,,,0.0
2025-09-25 20:00:00,,,,,,,1529.0,1529.0,,,0.0,,,0.0
2025-09-25 21:00:00,,,,,,,1529.0,1529.0,,,0.0,,,0.0
2025-09-25 22:00:00,,,,,,,1529.0,1529.0,,,0.0,,,0.0
2025-09-25 23:00:00,,,,,,,1533.0,1533.0,,,0.0,,,0.0
2025-09-26 00:00:00,,,,,,,1533.0,1533.0,,,0.0,,,0.0
2025-09-26 01:00:00,,,,,,,1533.0,1533.0,,,0.0,,,0.0
2025-09-26 02:00:00,,,,,,,1533.0,1533.0,,,0.0,,,0.0
2025-09-26 03:00:00,,,,,,,1533.0,1533.0,,,0.0,,,0.0
2025-09-26 04:00:00,,,,,,,1533.0,1533.0,,,0.0,,,0.0
2025-09-26 05:00:00,,,,,,,1533.0,1533.0,,,0.0,,,0.0
2025-09-26 06:00:00,,,,,,,1533.0,1533.0,,,0.0,,,0.0
2025-09-26 07:00:00,,,,,,,1533.0,1533.0,,,0.0,,,0.0
2025-09-26 08:00:00,,,,,,,509.0,509.0,,,0.0,,,0.0
2025-09-26 09:00:00,,,,,,,509.0,509.0,,,0.0,,,0.0
2025-09-26 10:00:00,,,,,,,509.0,509.0,,,0.0,,,0.0
2025-09-26 11:00:00,,,,,,,509.0,509.0,,,0.0,,,0.0
2025-09-26 12:00:00,,,,,,,509.0,509.0,,,0.0,,,0.0
2025-09-26 13:00:00,,,,,,,509.0,509.0,,,0.0,,,0.0
2025-09-26 14:00:00,,,,,,,509.0,509.0,,,0.0,,,0.0
2025-09-26 15:00:00,,,,,,,509.0,509.0,,,0.0,,,0.0
2025-09-26 16:00:00,,,,,,,509.0,509.0,,,0.0,,,0.0
2025-09-26 17:00:00,,,,,,,1533.0,1533.0,,,0.0,,,0.0
2025-09-26 18:00:00,,,,,,,1533.0,1533.0,,,0.0,,,0.0
2025-09-26 19:00:00,,,,,,,1533.0,1533.0,,,0.0,,,0.0
2025-09-26 20:00:00,,,,,,,1533.0,1533.0,,,0.0,,,0.0
2025-09-26 21:00:00,,,,,,,1533.0,1533.0,,,0.0,,,0.0
2025-09-26 22:00:00,,,,,,,1533.0,1533.0,,,0.0,,,0.0
2025-09-26 23:00:00,,,,,,,1533.0,1533.0,,,0.0,,,0.0
2025-09-27 00:00:00,,,,,,,1533.0,1533.0,,,0.0,,,0.0
2025-09-27 01:00:00,,,,,,,1533.0,1533.0,,,0.0,,,0.0
2025-09-27 02:00:00,,,,,,,1533.0,1533.0,,,0.0,,,0.0
2025-09-27 03:00:00,,,,,,,1533.0,1533.0,,,0.0,,,0.0
2025-09-27 04:00:00,,,,,,,1529.0,1529.0,,,0.0,,,0.0
2025-09-27 05:00:00,,,,,,,1533.0,1533.0,,,0.0,,,0.0
2025-09-27 06:00:00,,,,,,,1533.0,1533.0,,,0.0,,,0.0
2025-09-27 07:00:00,,,,,,,1533.0,1533.0,,,0.0,,,0.0
2025-09-27 08:00:00,,,,,,,505.0,504.0,0.22,0.0,1.0,0.6481,0.0,1.0
2025-09-27 09:00:00,,,,,,,509.0,509.0,0.2712,0.0186,3.0,0.48929995,0.078399956,3.0
2025-09-27 10:00:00,,,,,,,509.0,509.0,0.4244,0.081199996,4.0,0.6237,0.117299974,4.0
2025-09-27 11:00:00,,,,,,,509.0,509.0,,,0.0,,,0.0
2025-09-27 12:00:00,,,,,,,509.0,509.0,,,0.0,,,0.0
2025-09-27 13:00:00,,,,,,,509.0,509.0,,,0.0,,,0.0
2025-09-27 14:00:00,,,,,,,509.0,509.0,,,0.0,,,0.0
2025-09-27 15:00:00,,,,,,,509.0,509.0,,,0.0,,,0.0
2025-09-27 16:00:00,,,,,,,509.0,509.0,,,0.0,,,0.0
2025-09-27 17:00:00,,,,,,,1533.0,1533.0,,,0.0,,,0.0
2025-09-27 18:00:00,,,,,,,1533.0,1533.0,,,0.0,,,0.0
2025-09-27 19:00:00,,,,,,,1273.0,1273.0,,,0.0,,,0.0
2025-09-27 20:00:00,,,,,,,1529.0,1529.0,,,0.0,,,0.0
2025-09-27 21:00:00,,,,,,,1529.0,1529.0,,,0.0,,,0.0
2025-09-27 22:00:00,,,,,,,1529.0,1529.0,,,0.0,,,0.0
2025-09-27 23:00:00,,,,,,,1529.0,1529.0,,,0.0,,,0.0
2025-09-28 00:00:00,,,,,,,1533.0,1533.0,,,0.0,,,0.0
2025-09-28 01:00:00,,,,,,,1533.0,1533.0,,,0.0,,,0.0
2025-09-28 02:00:00,,,,,,,1533.0,1533.0,,,0.0,,,0.0
2025-09-28 03:00:00,,,,,,,1533.0,1533.0,,,0.0,,,0.0
2025-09-28 04:00:00,,,,,,,1533.0,1533.0,,,0.0,,,0.0
2025-09-28 05:00:00,,,,,,,1533.0,1533.0,,,0.0,,,0.0
2025-09-28 06:00:00,,,,,,,1529.0,1529.0,,,0.0,,,0.0
2025-09-28 07:00:00,,,,,,,1533.0,1533.0,,,0.0,,,0.0
2025-09-28 08:00:00,,,,,,,509.0,509.0,,,0.0,,,0.0
2025-09-28 09:00:00,,,,,,,509.0,509.0,,,0.0,,,0.0
2025-09-28 10:00:00,,,,,,,509.0,509.0,,,0.0,,,0.0
2025-09-28 11:00:00,,,,,,,509.0,509.0,,,0.0,,,0.0
2025-09-28 12:00:00,,,,,,,509.0,509.0,,,0.0,,,0.0
2025-09-28 13:00:00,,,,,,,509.0,509.0,,,0.0,,,0.0
2025-09-28 14:00:00,,,,,,,509.0,509.0,,,0.0,,,0.0
2025-09-28 15:00:00,,,,,,,509.0,509.0,,,0.0,,,0.0
2025-09-28 16:00:00,,,,,,,509.0,509.0,,,0.0,,,0.0
2025-09-28 17:00:00,,,,,,,1533.0,1533.0,,,0.0,,,0.0
2025-09-28 18:00:00,,,,,,,1533.0,1533.0,,,0.0,,,0.0
2025-09-28 19:00:00,,,,,,,1533.0,1533.0,,,0.0,,,0.0
2025-09-28 20:00:00,,,,,,,1533.0,1533.0,,,0.0,,,0.0
2025-09-28 21:00:00,,,,,,,1533.0,1533.0,,,0.0,,,0.0
2025-09-28 22:00:00,,,,,,,1533.0,1533.0,,,0.0,,,0.0
2025-09-28 23:00:00,,,,,,,1529.0,1529.0,,,0.0,,,0.0
2025-09-29 00:00:00,,,,,,,1533.0,1533.0,,,0.0,,,0.0
2025-09-29 01:00:00,,,,,,,1533.0,1533.0,,,0.0,,,0.0
2025-09-29 02:00:00,,,,,,,1533.0,1533.0,,,0.0,,,0.0
2025-09-29 03:00:00,,,,,,,1533.0,1533.0,,,0.0,,,0.0
2025-09-29 04:00:00,,,,,,,1533.0,1533.0,,,0.0,,,0.0
2025-09-29 05:00:00,,,,,,,1533.0,1533.0,,,0.0,,,0.0
2025-09-29 06:00:00,,,,,,,1533.0,1533.0,,,0.0,,,0.0
2025-09-29 07:00:00,,,,,,,1533.0,1533.0,,,0.0,,,0.0
2025-09-29 08:00:00,,,,,,,509.0,509.0,,,0.0,,,0.0
2025-09-29 09:00:00,,,,,,,509.0,509.0,,,0.0,,,0.0
2025-09-29 10:00:00,,,,,,,509.0,509.0,,,0.0,,,0.0
2025-09-29 11:00:00,,,,,,,509.0,509.0,,,0.0,,,0.0
2025-09-29 12:00:00,,,,,,,509.0,509.0,,,0.0,,,0.0
2025-09-29 13:00:00,,,,,,,509.0,509.0,,,0.0,,,0.0
2025-09-29 14:00:00,,,,,,,509.0,509.0,,,0.0,,,0.0
2025-09-29 15:00:00,,,,,,,509.0,509.0,,,0.0,,,0.0
2025-09-29 16:00:00,,,,,,,509.0,509.0,,,0.0,,,0.0
2025-09-29 17:00:00,,,,,,,1533.0,1533.0,,,0.0,,,0.0
2025-09-29 18:00:00,,,,,,,1529.0,1529.0,,,0.0,,,0.0
2025-09-29 19:00:00,,,,,,,1529.0,1529.0,,,0.0,,,0.0
2025-09-29 20:00:00,,,,,,,1533.0,1533.0,,,0.0,,,0.0
2025-09-29 21:00:00,,,,,,,1533.0,1533.0,,,0.0,,,0.0
2025-09-29 22:00:00,,,,,,,1533.0,1533.0,,,0.0,,,0.0
2025-09-29 23:00:00,,,,,,,1533.0,1533.0,,,0.0,,,0.0
2025-09-30 00:00:00,,,,,,,1533.0,1533.0,,,0.0,,,0.0
2025-09-30 01:00:00,,,,,,,1533.0,1533.0,,,0.0,,,0.0
2025-09-30 02:00:00,,,,,,,1533.0,1533.0,,,0.0,,,0.0
2025-09-30 03:00:00,,,,,,,1533.0,1533.0,,,0.0,,,0.0
2025-09-30 04:00:00,,,,,,,1533.0,1533.0,,,0.0,,,0.0
2025-09-30 05:00:00,,,,,,,1529.0,1529.0,,,0.0,,,0.0
2025-09-30 06:00:00,,,,,,,1529.0,1529.0,,,0.0,,,0.0
2025-09-30 07:00:00,,,,,,,1533.0,1533.0,,,0.0,,,0.0
2025-09-30 08:00:00,,,,,,,509.0,509.0,,,0.0,,,0.0
2025-09-30 09:00:00,,,,,,,509.0,509.0,,,0.0,,,0.0
2025-09-30 10:00:00,,,,,,,509.0,509.0,,,0.0,,,0.0
2025-09-30 11:00:00,,,,,,,509.0,509.0,,,0.0,,,0.0
2025-09-30 12:00:00,,,,,,,509.0,509.0,,,0.0,,,0.0
2025-09-30 13:00:00,,,,,,,509.0,509.0,,,0.0,,,0.0
2025-09-30 14:00:00,,,,,,,509.0,509.0,,,0.0,,,0.0
2025-09-30 15:00:00,,,,,,,509.0,509.0,,,0.0,,,0.0
2025-09-30 16:00:00,,,,,,,509.0,509.0,,,0.0,,,0.0
2025-09-30 17:00:00,,,,,,,1533.0,1533.0,,,0.0,,,0.0
2025-09-30 18:00:00,,,,,,,1529.0,1529.0,,,0.0,,,0.0
2025-09-30 19:00:00,,,,,,,1533.0,1533.0,,,0.0,,,0.0
2025-09-30 20:00:00,,,,,,,1533.0,1533.0,,,0.0,,,0.0
2025-09-30 21:00:00,,,,,,,1533.0,1533.0,,,0.0,,,0.0
2025-09-30 22:00:00,,,,,,,1273.0,1273.0,,,0.0,,,0.0
2025-09-30 23:00:00,,,,,,,1529.0,1529.0,,,0.0,,,0.0
2025-10-01 00:00:00,,,,,,,1529.0,1529.0,,,0.0,,,0.0
2025-10-01 01:00:00,,,,,,,1533.0,1533.0,,,0.0,,,0.0
2025-10-01 02:00:00,,,,,,,1533.0,1533.0,,,0.0,,,0.0
2025-10-01 03:00:00,,,,,,,1529.0,1529.0,,,0.0,,,0.0
2025-10-01 04:00:00,,,,,,,1533.0,1533.0,,,0.0,,,0.0
2025-10-01 05:00:00,,,,,,,1529.0,1529.0,,,0.0,,,0.0
2025-10-01 06:00:00,,,,,,,1529.0,1529.0,,,0.0,,,0.0
2025-10-01 07:00:00,,,,,,,1533.0,1533.0,,,0.0,,,0.0
2025-10-01 08:00:00,,,,,,,509.0,509.0,,,0.0,,,0.0
2025-10-01 09:00:00,,,,,,,509.0,509.0,,,0.0,,,0.0
2025-10-01 10:00:00,,,,,,,509.0,509.0,,,0.0,,,0.0
2025-10-01 11:00:00,,,,,,,509.0,509.0,,,0.0,,,0.0
2025-10-01 12:00:00,,,,,,,509.0,509.0,,,0.0,,,0.0
2025-10-01 13:00:00,,,,,,,509.0,509.0,,,0.0,,,0.0
2025-10-01 14:00:00,,,,,,,509.0,509.0,,,0.0,,,0.0
2025-10-01 15:00:00,,,,,,,509.0,509.0,,,0.0,,,0.0
2025-10-01 16:00:00,,,,,,,509.0,509.0,,,0.0,,,0.0
2025-10-01 17:00:00,,,,,,,1533.0,1533.0,,,0.0,,,0.0
2025-10-01 18:00:00,,,,,,,1529.0,1529.0,,,0.0,,,0.0
2025-10-01 19:00:00,,,,,,,1273.0,1273.0,,,0.0,,,0.0
2025-10-01 20:00:00,,,,,,,1529.0,1529.0,,,0.0,,,0.0
2025-10-01 21:00:00,,,,,,,1273.0,1273.0,,,0.0,,,0.0
2025-10-01 22:00:00,,,,,,,1273.0,1273.0,,,0.0,,,0.0
2025-10-01 23:00:00,,,,,,,1273.0,1273.0,,,0.0,,,0.0
2025-10-02 00:00:00,,,,,,,1533.0,1533.0,,,0.0,,,0.0
2025-10-02 01:00:00,,,,,,,1533.0,1533.0,,,0.0,,,0.0
2025-10-02 02:00:00,,,,,,,1529.0,1529.0,,,0.0,,,0.0
2025-10-02 03:00:00,,,,,,,1533.0,1533.0,,,0.0,,,0.0
2025-10-02 04:00:00,,,,,,,1529.0,1529.0,,,0.0,,,0.0
2025-10-02 05:00:00,,,,,,,1529.0,1529.0,,,0.0,,,0.0
2025-10-02 06:00:00,,,,,,,1529.0,1529.0,,,0.0,,,0.0
2025-10-02 07:00:00,,,,,,,1529.0,1529.0,,,0.0,,,0.0
2025-10-02 08:00:00,,,,,,,509.0,509.0,,,0.0,,,0.0
2025-10-02 09:00:00,,,,,,,509.0,509.0,,,0.0,,,0.0
2025-10-02 10:00:00,,,,,,,505.0,504.0,0.54679996,0.1218,2.0,0.9353,0.11899996,2.0
2025-10-02 11:00:00,,,,,,,509.0,509.0,0.3832,0.076,4.0,0.9326,0.013300002,4.0
2025-10-02 12:00:00,,,,,,,509.0,509.0,0.5948,0.0,1.0,1.0281999,0.0,1.0
2025-10-02 13:00:00,,,,,,,509.0,509.0,,,0.0,,,0.0
2025-10-02 14:00:00,,,,,,,509.0,509.0,0.19139999,0.0392,3.0,1.0228,0.008099973,3.0
2025-10-02 15:00:00,,,,,,,509.0,509.0,,,0.0,,,0.0
2025-10-02 16:00:00,,,,,,,2553.0,2552.0,0.30519998,0.0916,2.0,1.1130999,0.08939999,2.0
2025-10-02 17:00:00,,,,,,,1533.0,1533.0,,,0.0,,,0.0
2025-10-02 18:00:00,,,,,,,1273.0,1273.0,,,0.0,,,0.0
2025-10-02 19:00:00,,,,,,,1273.0,1273.0,,,0.0,,,0.0
2025-10-02 20:00:00,,,,,,,1273.0,1273.0,,,0.0,,,0.0
2025-10-02 21:00:00,,,,,,,1273.0,1273.0,,,0.0,,,0.0
2025-10-02 22:00:00,,,,,,,1273.0,1273.0,,,0.0,,,0.0
2025-10-02 23:00:00,,,,,,,1273.0,1273.0,,,0.0,,,0.0
2025-10-03 00:00:00,,,,,,,1273.0,1273.0,,,0.0,,,0.0
2025-10-03 01:00:00,,,,,,,1273.0,1273.0,,,0.0,,,0.0
2025-10-03 02:00:00,,,,,,,1273.0,1273.0,,,0.0,,,0.0
2025-10-03 03:00:00,,,,,,,1273.0,1273.0,,,0.0,,,0.0
2025-10-03 04:00:00,,,,,,,1273.0,1273.0,,,0.0,,,0.0
2025-10-03 05:00:00,,,,,,,1273.0,1273.0,,,0.0,,,0.0
2025-10-03 06:00:00,,,,,,,1273.0,1273.0,,,0.0,,,0.0
2025-10-03 07:00:00,,,,,,,1273.0,1273.0,,,0.0,,,0.0
2025-10-03 08:00:00,,,,,,,505.0,504.0,0.4166,0.176,4.0,0.8391,0.04460001,4.0
2025-10-03 09:00:00,,,,,,,505.0,504.0,1.166,0.0,1.0,0.3451,0.0,1.0
2025-10-03 10:00:00,,,,,,,505.0,504.0,0.422,0.079399996,5.0,0.9239,0.094199955,5.0
2025-10-03 11:00:00,,,,,,,2553.0,2552.0,0.25779998,0.1276,6.0,1.0055,0.03979999,6.0
2025-10-03 12:00:00,,,,,,,509.0,509.0,0.0738,0.0484,5.0,1.0569999,0.007799983,5.0
2025-10-03 13:00:00,,,,,,,509.0,509.0,,,0.0,,,0.0
2025-10-03 14:00:00,,,,,,,509.0,509.0,,,0.0,,,0.0
2025-10-03 15:00:00,,,,,,,509.0,509.0,,,0.0,,,0.0
2025-10-03 16:00:00,,,,,,,505.0,504.0,0.14,0.0534,2.0,1.1222999,0.03939998,2.0
2025-10-03 17:00:00,,,,,,,1533.0,1533.0,,,0.0,,,0.0
2025-10-03 18:00:00,,,,,,,1529.0,1529.0,,,0.0,,,0.0
2025-10-03 19:00:00,,,,,,,1533.0,1533.0,,,0.0,,,0.0
2025-10-03 20:00:00,,,,,,,1273.0,1273.0,,,0.0,,,0.0
2025-10-03 21:00:00,,,,,,,1273.0,1273.0,,,0.0,,,0.0
2025-10-03 22:00:00,,,,,,,1273.0,1273.0,,,0.0,,,0.0
2025-10-03 23:00:00,,,,,,,1273.0,1273.0,,,0.0,,,0.0
2025-10-04 00:00:00,,,,,,,1273.0,1273.0,,,0.0,,,0.0
2025-10-04 01:00:00,,,,,,,1273.0,1273.0,,,0.0,,,0.0
2025-10-04 02:00:00,,,,,,,1273.0,1273.0,,,0.0,,,0.0
2025-10-04 03:00:00,,,,,,,1273.0,1273.0,,,0.0,,,0.0
2025-10-04 04:00:00,,,,,,,1273.0,1273.0,,,0.0,,,0.0
2025-10-04 05:00:00,,,,,,,1273.0,1273.0,,,0.0,,,0.0
2025-10-04 06:00:00,,,,,,,1273.0,1273.0,,,0.0,,,0.0
2025-10-04 07:00:00,,,,,,,1533.0,1533.0,,,0.0,,,0.0
2025-10-04 08:00:00,,,,,,,509.0,509.0,,,0.0,,,0.0
2025-10-04 09:00:00,,,,,,,509.0,509.0,,,0.0,,,0.0
2025-10-04 10:00:00,,,,,,,509.0,509.0,,,0.0,,,0.0
2025-10-04 11:00:00,,,,,,,509.0,509.0,,,0.0,,,0.0
2025-10-04 12:00:00,,,,,,,509.0,509.0,,,0.0,,,0.0
2025-10-04 13:00:00,,,,,,,509.0,509.0,,,0.0,,,0.0
2025-10-04 14:00:00,,,,,,,509.0,509.0,0.9508,0.0,1.0,0.8275,0.0,1.0
2025-10-04 15:00:00,,,,,,,509.0,509.0,,,0.0,,,0.0
2025-10-04 16:00:00,,,,,,,509.0,509.0,,,0.0,,,0.0
2025-10-04 17:00:00,,,,,,,1273.0,1273.0,,,0.0,,,0.0
2025-10-04 18:00:00,,,,,,,1533.0,1533.0,,,0.0,,,0.0
2025-10-04 19:00:00,,,,,,,1533.0,1533.0,,,0.0,,,0.0
2025-10-04 20:00:00,,,,,,,1533.0,1533.0,,,0.0,,,0.0
2025-10-04 21:00:00,,,,,,,1533.0,1533.0,,,0.0,,,0.0
2025-10-04 22:00:00,,,,,,,1533.0,1533.0,,,0.0,,,0.0
2025-10-04 23:00:00,,,,,,,1533.0,1533.0,,,0.0,,,0.0
2025-10-05 00:00:00,,,,,,,1533.0,1533.0,,,0.0,,,0.0
2025-10-05 01:00:00,,,,,,,1533.0,1533.0,,,0.0,,,0.0
2025-10-05 02:00:00,,,,,,,1533.0,1533.0,,,0.0,,,0.0
2025-10-05 03:00:00,,,,,,,1533.0,1533.0,,,0.0,,,0.0
2025-10-05 04:00:00,,,,,,,1533.0,1533.0,,,0.0,,,0.0
2025-10-05 05:00:00,,,,,,,1533.0,1533.0,,,0.0,,,0.0
2025-10-05 06:00:00,,,,,,,1533.0,1533.0,,,0.0,,,0.0
2025-10-05 07:00:00,,,,,,,1273.0,1273.0,,,0.0,,,0.0
2025-10-05 08:00:00,,0.2676,,0.2899,,1.1839,248.0,0.0,0.4208,0.097799994,5.0,0.9986999,0.103599966,5.0
2025-10-05 09:00:00,0.4822,,,,-0.4612,,1.0,248.0,0.39479998,0.0736,6.0,1.0597,0.1789,6.0
2025-10-05 10:00:00,,,,,,,505.0,504.0,0.5446,0.095599994,4.0,1.0031999,0.034200013,4.0
2025-10-05 11:00:00,,,,,,,2297.0,2296.0,0.4852,0.0284,5.0,1.0963999,0.037400007,5.0
2025-10-05 12:00:00,,,,,,,509.0,509.0,,,0.0,,,0.0
2025-10-05 13:00:00,,,,,,,505.0,504.0,0.5482,0.0,1.0,1.1610999,0.0,1.0
2025-10-05 14:00:00,,,,,,,509.0,509.0,0.5032,0.0,1.0,1.099,0.0,1.0
2025-10-05 15:00:00,,,,,,,509.0,509.0,,,0.0,,,0.0
2025-10-05 16:00:00,,,,,,,509.0,509.0,,,0.0,,,0.0
2025-10-05 17:00:00,,,,,,,1533.0,1533.0,,,0.0,,,0.0
2025-10-05 18:00:00,,,,,,,1529.0,1529.0,,,0.0,,,0.0
2025-10-05 19:00:00,,,,,,,1533.0,1533.0,,,0.0,,,0.0
2025-10-05 20:00:00,,,,,,,1533.0,1533.0,,,0.0,,,0.0
2025-10-05 21:00:00,,,,,,,1529.0,1529.0,,,0.0,,,0.0
2025-10-05 22:00:00,,,,,,,1533.0,1533.0,,,0.0,,,0.0
2025-10-05 23:00:00,,,,,,,1533.0,1533.0,,,0.0,,,0.0
2025-10-06 00:00:00,,,,,,,1533.0,1533.0,,,0.0,,,0.0
2025-10-06 01:00:00,,,,,,,1533.0,1533.0,,,0.0,,,0.0
2025-10-06 02:00:00,,,,,,,1533.0,1533.0,,,0.0,,,0.0
2025-10-06 03:00:00,,,,,,,1533.0,1533.0,,,0.0,,,0.0
2025-10-06 04:00:00,,,,,,,1533.0,1533.0,,,0.0,,,0.0
2025-10-06 05:00:00,,,,,,,1529.0,1529.0,,,0.0,,,0.0
2025-10-06 06:00:00,,,,,,,1533.0,1533.0,,,0.0,,,0.0
2025-10-06 07:00:00,,,,,,,1533.0,1533.0,,,0.0,,,0.0
2025-10-06 08:00:00,,,,,,,509.0,509.0,,,0.0,,,0.0
2025-10-06 09:00:00,,,,,,,509.0,509.0,,,0.0,,,0.0
2025-10-06 10:00:00,,,,,,,509.0,509.0,,,0.0,,,0.0
2025-10-06 11:00:00,,,,,,,509.0,509.0,,,0.0,,,0.0
2025-10-06 12:00:00,,,,,,,509.0,509.0,,,0.0,,,0.0
2025-10-06 13:00:00,,,,,,,509.0,509.0,,,0.0,,,0.0
2025-10-06 14:00:00,,,,,,,509.0,509.0,,,0.0,,,0.0
2025-10-06 15:00:00,,,,,,,509.0,509.0,,,0.0,,,0.0
2025-10-06 16:00:00,,,,,,,509.0,509.0,,,0.0,,,0.0
2025-10-06 17:00:00,,,,,,,1533.0,1533.0,,,0.0,,,0.0
2025-10-06 18:00:00,,,,,,,1529.0,1529.0,,,0.0,,,0.0
2025-10-06 19:00:00,,,,,,,1533.0,1533.0,,,0.0,,,0.0
2025-10-06 20:00:00,,,,,,,1533.0,1533.0,,,0.0,,,0.0
2025-10-06 21:00:00,,,,,,,1533.0,1533.0,,,0.0,,,0.0
2025-10-06 22:00:00,,,,,,,1533.0,1533.0,,,0.0,,,0.0
2025-10-06 23:00:00,,,,,,,1533.0,1533.0,,,0.0,,,0.0
2025-10-07 00:00:00,,,,,,,1533.0,1533.0,,,0.0,,,0.0
2025-10-07 01:00:00,,,,,,,1533.0,1533.0,,,0.0,,,0.0
2025-10-07 02:00:00,,,,,,,1529.0,1529.0,,,0.0,,,0.0
2025-10-07 03:00:00,,,,,,,1533.0,1533.0,,,0.0,,,0.0
2025-10-07 04:00:00,,,,,,,1529.0,1529.0,,,0.0,,,0.0
2025-10-07 05:00:00,,,,,,,1533.0,1533.0,,,0.0,,,0.0
2025-10-07 06:00:00,,,,,,,1533.0,1533.0,,,0.0,,,0.0
2025-10-07 07:00:00,,,,,,,1533.0,1533.0,,,0.0,,,0.0
2025-10-07 08:00:00,,,,,,,509.0,509.0,,,0.0,,,0.0
2025-10-07 09:00:00,,,,,,,509.0,509.0,,,0.0,,,0.0
2025-10-07 10:00:00,,,,,,,509.0,509.0,,,0.0,,,0.0
2025-10-07 11:00:00,,,,,,,509.0,509.0,,,0.0,,,0.0
2025-10-07 12:00:00,,,,,,,509.0,509.0,,,0.0,,,0.0
2025-10-07 13:00:00,,,,,,,509.0,509.0,,,0.0,,,0.0
2025-10-07 14:00:00,,,,,,,509.0,509.0,,,0.0,,,0.0
2025-10-07 15:00:00,,,,,,,509.0,509.0,,,0.0,,,0.0
2025-10-07 16:00:00,,,,,,,509.0,509.0,,,0.0,,,0.0
2025-10-07 17:00:00,,,,,,,1533.0,1533.0,,,0.0,,,0.0
2025-10-07 18:00:00,,,,,,,1533.0,1533.0,,,0.0,,,0.0
2025-10-07 19:00:00,,,,,,,1533.0,1533.0,,,0.0,,,0.0
2025-10-07 20:00:00,,,,,,,1533.0,1533.0,,,0.0,,,0.0
2025-10-07 21:00:00,,,,,,,1533.0,1533.0,,,0.0,,,0.0
2025-10-07 22:00:00,,,,,,,1533.0,1533.0,,,0.0,,,0.0
2025-10-07 23:00:00,,,,,,,1529.0,1529.0,,,0.0,,,0.0
2025-10-08 00:00:00,,,,,,,1533.0,1533.0,,,0.0,,,0.0
2025-10-08 01:00:00,,,,,,,1529.0,1529.0,,,0.0,,,0.0
2025-10-08 02:00:00,,,,,,,1529.0,1529.0,,,0.0,,,0.0
2025-10-08 03:00:00,,,,,,,1533.0,1533.0,,,0.0,,,0.0
2025-10-08 04:00:00,,,,,,,1529.0,1529.0,,,0.0,,,0.0
2025-10-08 05:00:00,,,,,,,1529.0,1529.0,,,0.0,,,0.0
2025-10-08 06:00:00,,,,,,,1529.0,1529.0,,,0.0,,,0.0
2025-10-08 07:00:00,,,,,,,1533.0,1533.0,,,0.0,,,0.0
2025-10-08 08:00:00,,,,,,,505.0,505.0,0.1192,0.0,1.0,1.0113,0.0,1.0
2025-10-08 09:00:00,,,,,,,509.0,509.0,,,0.0,,,0.0
2025-10-08 10:00:00,,,,,,,509.0,509.0,,,0.0,,,0.0
2025-10-08 11:00:00,,,,,,,509.0,509.0,,,0.0,,,0.0
2025-10-08 12:00:00,,,,,,,509.0,509.0,,,0.0,,,0.0
2025-10-08 13:00:00,,,,,,,509.0,509.0,,,0.0,,,0.0
2025-10-08 14:00:00,,,,,,,509.0,509.0,,,0.0,,,0.0
2025-10-08 15:00:00,,,,,,,509.0,509.0,,,0.0,,,0.0
2025-10-08 16:00:00,,,,,,,509.0,509.0,0.2418,0.034199998,3.0,1.1195999,0.010399997,3.0
2025-10-08 17:00:00,,,,,,,1273.0,1273.0,,,0.0,,,0.0
2025-10-08 18:00:00,,,,,,,1273.0,1273.0,,,0.0,,,0.0
2025-10-08 19:00:00,,,,,,,1273.0,1273.0,,,0.0,,,0.0
2025-10-08 20:00:00,,,,,,,1273.0,1273.0,,,0.0,,,0.0
2025-10-08 21:00:00,,,,,,,1273.0,1273.0,,,0.0,,,0.0
2025-10-08 22:00:00,,,,,,,1273.0,1273.0,,,0.0,,,0.0
2025-10-08 23:00:00,,,,,,,1273.0,1273.0,,,0.0,,,0.0
2025-10-09 00:00:00,,,,,,,1273.0,1273.0,,,0.0,,,0.0
2025-10-09 01:00:00,,,,,,,1273.0,1273.0,,,0.0,,,0.0
2025-10-09 02:00:00,,,,,,,1273.0,1273.0,,,0.0,,,0.0
2025-10-09 03:00:00,,,,,,,1273.0,1273.0,,,0.0,,,0.0
2025-10-09 04:00:00,,,,,,,1273.0,1273.0,,,0.0,,,0.0
2025-10-09 05:00:00,,,,,,,1529.0,1529.0,,,0.0,,,0.0
2025-10-09 06:00:00,,,,,,,1273.0,1273.0,,,0.0,,,0.0
2025-10-09 07:00:00,,,,,,,1529.0,1529.0,,,0.0,,,0.0
2025-10-09 08:00:00,,,,,,,249.0,249.0,0.6354,0.124199994,4.0,1.1567,0.0812,4.0
2025-10-09 09:00:00,,,,,,,249.0,248.0,0.6326,0.30719998,3.0,1.2314,0.1379,3.0
2025-10-09 10:00:00,,,,,,,249.0,248.0,0.1158,0.124,5.0,1.1582999,0.034099996,5.0
2025-10-09 11:00:00,,,,,,,509.0,509.0,0.4632,0.0848,2.0,1.0504,0.032899976,2.0
2025-10-09 12:00:00,,,,,,,509.0,509.0,,,0.0,,,0.0
2025-10-09 13:00:00,,,,,,,509.0,509.0,,,0.0,,,0.0
2025-10-09 14:00:00,,,,,,,509.0,509.0,,,0.0,,,0.0
2025-10-09 15:00:00,,,,,,,509.0,509.0,,,0.0,,,0.0
2025-10-09 16:00:00,,,,,,,509.0,509.0,,,0.0,,,0.0
2025-10-09 17:00:00,,,,,,,1529.0,1529.0,,,0.0,,,0.0
2025-10-09 18:00:00,,,,,,,1273.0,1273.0,,,0.0,,,0.0
2025-10-09 19:00:00,,,,,,,1273.0,1273.0,,,0.0,,,0.0
2025-10-09 20:00:00,,,,,,,1529.0,1529.0,,,0.0,,,0.0
2025-10-09 21:00:00,,,,,,,1273.0,1273.0,,,0.0,,,0.0
2025-10-09 22:00:00,,,,,,,1273.0,1273.0,,,0.0,,,0.0
2025-10-09 23:00:00,,,,,,,1273.0,1273.0,,,0.0,,,0.0
2025-10-10 00:00:00,,,,,,,1273.0,1273.0,,,0.0,,,0.0
2025-10-10 01:00:00,,,,,,,1273.0,1273.0,,,0.0,,,0.0
2025-10-10 02:00:00,,,,,,,1529.0,1529.0,,,0.0,,,0.0
2025-10-10 03:00:00,,,,,,,1273.0,1273.0,,,0.0,,,0.0
2025-10-10 04:00:00,,,,,,,1273.0,1273.0,,,0.0,,,0.0
2025-10-10 05:00:00,,,,,,,1273.0,1273.0,,,0.0,,,0.0
2025-10-10 06:00:00,,,,,,,1273.0,1273.0,,,0.0,,,0.0
2025-10-10 07:00:00,,,,,,,1533.0,1533.0,,,0.0,,,0.0
2025-10-10 08:00:00,,,,,,,509.0,509.0,,,0.0,,,0.0
2025-10-10 09:00:00,,,,,,,509.0,509.0,0.7772,0.20799999,3.0,1.1209999,0.3653,3.0
2025-10-10 10:00:00,,,,,,,509.0,509.0,,,0.0,,,0.0
2025-10-10 11:00:00,,,,,,,509.0,509.0,,,0.0,,,0.0
2025-10-10 12:00:00,,,,,,,509.0,509.0,,,0.0,,,0.0
2025-10-10 13:00:00,,,,,,,509.0,509.0,,,0.0,,,0.0
2025-10-10 14:00:00,,,,,,,509.0,509.0,,,0.0,,,0.0
2025-10-10 15:00:00,,,,,,,509.0,509.0,,,0.0,,,0.0
2025-10-10 16:00:00,,,,,,,2297.0,2296.0,0.2316,0.0,1.0,1.1881,0.0,1.0
2025-10-10 17:00:00,,,,,,,1273.0,1273.0,,,0.0,,,0.0
2025-10-10 18:00:00,,,,,,,1273.0,1273.0,,,0.0,,,0.0
2025-10-10 19:00:00,,,,,,,1273.0,1273.0,,,0.0,,,0.0
2025-10-10 20:00:00,,,,,,,1273.0,1273.0,,,0.0,,,0.0
2025-10-10 21:00:00,,,,,,,1529.0,1529.0,,,0.0,,,0.0
2025-10-10 22:00:00,,,,,,,1273.0,1273.0,,,0.0,,,0.0
2025-10-10 23:00:00,,,,,,,1529.0,1529.0,,,0.0,,,0.0
2025-10-11 00:00:00,,,,,,,1273.0,1273.0,,,0.0,,,0.0
2025-10-11 01:00:00,,,,,,,1273.0,1273.0,,,0.0,,,0.0
2025-10-11 02:00:00,,,,,,,1273.0,1273.0,,,0.0,,,0.0
2025-10-11 03:00:00,,,,,,,1273.0,1273.0,,,0.0,,,0.0
2025-10-11 04:00:00,,,,,,,1273.0,1273.0,,,0.0,,,0.0
2025-10-11 05:00:00,,,,,,,1533.0,1533.0,,,0.0,,,0.0
2025-10-11 06:00:00,,,,,,,1533.0,1533.0,,,0.0,,,0.0
2025-10-11 07:00:00,,,,,,,1533.0,1533.0,,,0.0,,,0.0
2025-10-11 08:00:00,,,,,,,509.0,509.0,,,0.0,,,0.0
2025-10-11 09:00:00,,,,,,,509.0,509.0,,,0.0,,,0.0
2025-10-11 10:00:00,,,,,,,509.0,509.0,,,0.0,,,0.0
2025-10-11 11:00:00,,,,,,,509.0,509.0,,,0.0,,,0.0
2025-10-11 12:00:00,,,,,,,509.0,509.0,,,0.0,,,0.0
2025-10-11 13:00:00,,,,,,,509.0,509.0,,,0.0,,,0.0
2025-10-11 14:00:00,,,,,,,509.0,509.0,,,0.0,,,0.0
2025-10-11 15:00:00,,,,,,,509.0,509.0,,,0.0,,,0.0
2025-10-11 16:00:00,,,,,,,509.0,509.0,,,0.0,,,0.0
2025-10-11 17:00:00,,,,,,,1533.0,1533.0,,,0.0,,,0.0
2025-10-11 18:00:00,,,,,,,1533.0,1533.0,,,0.0,,,0.0
2025-10-11 19:00:00,,,,,,,1533.0,1533.0,,,0.0,,,0.0
2025-10-11 20:00:00,,,,,,,1533.0,1533.0,,,0.0,,,0.0
2025-10-11 21:00:00,,,,,,,1273.0,1273.0,,,0.0,,,0.0
2025-10-11 22:00:00,,,,,,,1529.0,1529.0,,,0.0,,,0.0
2025-10-11 23:00:00,,,,,,,1529.0,1529.0,,,0.0,,,0.0
2025-10-12 18:00:00,,,,,,,1273.0,1273.0,,,0.0,,,0.0
2025-10-12 19:00:00,,,,,,,1273.0,1273.0,,,0.0,,,0.0
2025-10-12 20:00:00,,,,,,,1273.0,1273.0,,,0.0,,,0.0
2025-10-12 21:00:00,,,,,,,1273.0,1273.0,,,0.0,,,0.0
2025-10-12 22:00:00,,,,,,,1273.0,1273.0,,,0.0,,,0.0
2025-10-12 23:00:00,,,,,,,1529.0,1529.0,,,0.0,,,0.0
2025-10-13 00:00:00,,,,,,,1533.0,1533.0,,,0.0,,,0.0
2025-10-13 01:00:00,,,,,,,1533.0,1533.0,,,0.0,,,0.0
2025-10-13 02:00:00,,,,,,,1533.0,1533.0,,,0.0,,,0.0
2025-10-13 03:00:00,,,,,,,1533.0,1533.0,,,0.0,,,0.0
2025-10-13 04:00:00,,,,,,,1273.0,1273.0,,,0.0,,,0.0
2025-10-13 05:00:00,,,,,,,1273.0,1273.0,,,0.0,,,0.0
2025-10-13 06:00:00,,,,,,,1273.0,1273.0,,,0.0,,,0.0
2025-10-13 07:00:00,,,,,,,1533.0,1533.0,,,0.0,,,0.0
2025-10-13 08:00:00,,,,,,,509.0,509.0,0.68659997,0.03,2.0,0.97519994,0.0176,2.0
2025-10-13 09:00:00,,,,,,,509.0,509.0,,,0.0,,,0.0
2025-10-13 10:00:00,,,,,,,509.0,509.0,,,0.0,,,0.0
2025-10-13 11:00:00,,,,,,,509.0,509.0,,,0.0,,,0.0
2025-10-13 12:00:00,,,,,,,509.0,509.0,,,0.0,,,0.0
2025-10-13 13:00:00,,,,,,,509.0,509.0,,,0.0,,,0.0
2025-10-13 14:00:00,,,,,,,509.0,509.0,,,0.0,,,0.0
2025-10-13 15:00:00,,,,,,,509.0,509.0,,,0.0,,,0.0
2025-10-13 16:00:00,,,,,,,1533.0,1533.0,,,0.0,,,0.0
2025-10-13 17:00:00,,,,,,,1533.0,1533.0,,,0.0,,,0.0
2025-10-13 18:00:00,,,,,,,1533.0,1533.0,,,0.0,,,0.0
2025-10-13 19:00:00,,,,,,,1533.0,1533.0,,,0.0,,,0.0
2025-10-13 20:00:00,,,,,,,1533.0,1533.0,,,0.0,,,0.0
2025-10-13 21:00:00,,,,,,,1529.0,1529.0,,,0.0,,,0.0
2025-10-13 22:00:00,,,,,,,1533.0,1533.0,,,0.0,,,0.0
2025-10-13 23:00:00,,,,,,,1533.0,1533.0,,,0.0,,,0.0
2025-10-14 00:00:00,,,,,,,1533.0,1533.0,,,0.0,,,0.0
2025-10-14 01:00:00,,,,,,,1533.0,1533.0,,,0.0,,,0.0
2025-10-14 02:00:00,,,,,,,1529.0,1529.0,,,0.0,,,0.0
2025-10-14 03:00:00,,,,,,,1529.0,1529.0,,,0.0,,,0.0
2025-10-14 04:00:00,,,,,,,1533.0,1533.0,,,0.0,,,0.0
2025-10-14 05:00:00,,,,,,,1533.0,1533.0,,,0.0,,,0.0
2025-10-14 06:00:00,,,,,,,1533.0,1533.0,,,0.0,,,0.0
2025-10-14 07:00:00,,,,,,,1533.0,1533.0,,,0.0,,,0.0
2025-10-14 08:00:00,,,,,,,509.0,509.0,,,0.0,,,0.0
2025-10-14 09:00:00,,,,,,,509.0,509.0,,,0.0,,,0.0
2025-10-14 10:00:00,,,,,,,509.0,509.0,,,0.0,,,0.0
2025-10-14 11:00:00,,,,,,,509.0,509.0,,,0.0,,,0.0
2025-10-14 12:00:00,,,,,,,509.0,509.0,,,0.0,,,0.0
2025-10-14 13:00:00,,,,,,,509.0,509.0,,,0.0,,,0.0
2025-10-14 14:00:00,,,,,,,509.0,509.0,,,0.0,,,0.0
2025-10-14 15:00:00,,,,,,,509.0,509.0,,,0.0,,,0.0
2025-10-14 16:00:00,,,,,,,1533.0,1533.0,,,0.0,,,0.0
2025-10-14 17:00:00,,,,,,,1533.0,1533.0,,,0.0,,,0.0
2025-10-14 18:00:00,,,,,,,1533.0,1533.0,,,0.0,,,0.0
2025-10-14 19:00:00,,,,,,,1533.0,1533.0,,,0.0,,,0.0
2025-10-14 20:00:00,,,,,,,1529.0,1529.0,,,0.0,,,0.0
2025-10-14 21:00:00,,,,,,,1529.0,1529.0,,,0.0,,,0.0
2025-10-14 22:00:00,,,,,,,1529.0,1529.0,,,0.0,,,0.0
2025-10-14 23:00:00,,,,,,,1273.0,1273.0,,,0.0,,,0.0
2025-10-15 00:00:00,,,,,,,1533.0,1533.0,,,0.0,,,0.0
2025-10-15 01:00:00,,,,,,,1533.0,1533.0,,,0.0,,,0.0
2025-10-15 02:00:00,,,,,,,1533.0,1533.0,,,0.0,,,0.0
2025-10-15 03:00:00,,,,,,,1533.0,1533.0,,,0.0,,,0.0
2025-10-15 04:00:00,,,,,,,1529.0,1529.0,,,0.0,,,0.0
2025-10-15 05:00:00,,,,,,,1533.0,1533.0,,,0.0,,,0.0
2025-10-15 06:00:00,,,,,,,1529.0,1529.0,,,0.0,,,0.0
2025-10-15 07:00:00,,,,,,,1533.0,1533.0,,,0.0,,,0.0
2025-10-15 08:00:00,,,,,,,509.0,509.0,,,0.0,,,0.0
2025-10-15 09:00:00,,,,,,,509.0,509.0,,,0.0,,,0.0
2025-10-15 10:00:00,,,,,,,509.0,509.0,,,0.0,,,0.0
2025-10-15 11:00:00,,,,,,,509.0,509.0,,,0.0,,,0.0
2025-10-15 12:00:00,,,,,,,509.0,509.0,,,0.0,,,0.0
2025-10-15 13:00:00,,,,,,,509.0,509.0,,,0.0,,,0.0
2025-10-15 14:00:00,,,,,,,509.0,509.0,,,0.0,,,0.0
2025-10-15 15:00:00,,,,,,,509.0,509.0,,,0.0,,,0.0
2025-10-15 16:00:00,,,,,,,1533.0,1533.0,,,0.0,,,0.0
2025-10-15 17:00:00,,,,,,,1533.0,1533.0,,,0.0,,,0.0
2025-10-15 18:00:00,,,,,,,1533.0,1533.0,,,0.0,,,0.0
2025-10-15 19:00:00,,,,,,,1533.0,1533.0,,,0.0,,,0.0
2025-10-15 20:00:00,,,,,,,1533.0,1533.0,,,0.0,,,0.0
2025-10-15 21:00:00,,,,,,,1533.0,1533.0,,,0.0,,,0.0
2025-10-15 22:00:00,,,,,,,1533.0,1533.0,,,0.0,,,0.0
2025-10-15 23:00:00,,,,,,,1529.0,1529.0,,,0.0,,,0.0
2025-10-16 00:00:00,,,,,,,1273.0,1273.0,,,0.0,,,0.0
2025-10-16 01:00:00,,,,,,,1533.0,1533.0,,,0.0,,,0.0
2025-10-16 02:00:00,,,,,,,1533.0,1533.0,,,0.0,,,0.0
2025-10-16 03:00:00,,,,,,,1533.0,1533.0,,,0.0,,,0.0
2025-10-16 04:00:00,,,,,,,1533.0,1533.0,,,0.0,,,0.0
2025-10-16 05:00:00,,,,,,,1533.0,1533.0,,,0.0,,,0.0
2025-10-16 06:00:00,,,,,,,1533.0,1533.0,,,0.0,,,0.0
2025-10-16 07:00:00,,,,,,,1533.0,1533.0,,,0.0,,,0.0
2025-10-16 08:00:00,,,,,,,509.0,509.0,,,0.0,,,0.0
2025-10-16 09:00:00,,,,,,,509.0,509.0,,,0.0,,,0.0
2025-10-16 10:00:00,,,,,,,509.0,509.0,0.5484,0.0372,2.0,0.9252,0.031399965,2.0
2025-10-16 11:00:00,,,,,,,509.0,509.0,0.103999995,0.0508,2.0,1.0043,0.00999999,2.0
2025-10-16 12:00:00,,,,,,,509.0,509.0,,,0.0,,,0.0
2025-10-16 13:00:00,,,,,,,509.0,509.0,,,0.0,,,0.0
2025-10-16 14:00:00,,,,,,,509.0,509.0,,,0.0,,,0.0
2025-10-16 15:00:00,,,,,,,509.0,509.0,,,0.0,,,0.0
2025-10-16 16:00:00,,,,,,,1533.0,1533.0,,,0.0,,,0.0
2025-10-16 17:00:00,,,,,,,1533.0,1533.0,,,0.0,,,0.0
2025-10-16 18:00:00,,,,,,,1533.0,1533.0,,,0.0,,,0.0
2025-10-16 19:00:00,,,,,,,1533.0,1533.0,,,0.0,,,0.0
2025-10-16 20:00:00,,,,,,,1273.0,1273.0,,,0.0,,,0.0
2025-10-16 21:00:00,,,,,,,1273.0,1273.0,,,0.0,,,0.0
2025-10-16 22:00:00,,,,,,,1273.0,1273.0,,,0.0,,,0.0
2025-10-16 23:00:00,,,,,,,1273.0,1273.0,,,0.0,,,0.0
2025-10-17 00:00:00,,,,,,,1273.0,1273.0,,,0.0,,,0.0
2025-10-17 01:00:00,,,,,,,1273.0,1273.0,,,0.0,,,0.0
2025-10-17 02:00:00,,,,,,,1273.0,1273.0,,,0.0,,,0.0
2025-10-17 03:00:00,,,,,,,1273.0,1273.0,,,0.0,,,0.0
2025-10-17 04:00:00,,,,,,,1273.0,1273.0,,,0.0,,,0.0
2025-10-17 05:00:00,,,,,,,1273.0,1273.0,,,0.0,,,0.0
2025-10-17 06:00:00,,,,,,,1273.0,1273.0,,,0.0,,,0.0
2025-10-17 07:00:00,,,,,,,1533.0,1533.0,,,0.0,,,0.0
2025-10-17 08:00:00,,,,,,,505.0,505.0,,,0.0,,,0.0
2025-10-17 09:00:00,,,,,,,505.0,504.0,0.2782,0.0,1.0,0.9584,0.0,1.0
2025-10-17 10:00:00,,,,,,,509.0,509.0,,,0.0,,,0.0
2025-10-17 11:00:00,,,,,,,509.0,509.0,,,0.0,,,0.0
2025-10-17 12:00:00,,,,,,,509.0,509.0,,,0.0,,,0.0
2025-10-17 13:00:00,,,,,,,509.0,509.0,,,0.0,,,0.0
2025-10-17 14:00:00,,,,,,,509.0,509.0,,,0.0,,,0.0
2025-10-17 15:00:00,,,,,,,509.0,509.0,0.4518,0.0,1.0,1.3108,0.0,1.0
2025-10-17 16:00:00,,,,,,,1529.0,1529.0,0.30539998,0.0,1.0,1.3858,0.0,1.0
2025-10-17 17:00:00,,,,,,,1529.0,1529.0,,,0.0,,,0.0
2025-10-17 18:00:00,,,,,,,1273.0,1273.0,,,0.0,,,0.0
2025-10-17 19:00:00,,,,,,,1273.0,1273.0,,,0.0,,,0.0
2025-10-17 20:00:00,,,,,,,1273.0,1273.0,,,0.0,,,0.0
2025-10-17 21:00:00,,,,,,,1273.0,1273.0,,,0.0,,,0.0
2025-10-17 22:00:00,,,,,,,1273.0,1273.0,,,0.0,,,0.0
2025-10-17 23:00:00,,,,,,,1273.0,1273.0,,,0.0,,,0.0
2025-10-18 00:00:00,,,,,,,1273.0,1273.0,,,0.0,,,0.0
2025-10-18 01:00:00,,,,,,,1273.0,1273.0,,,0.0,,,0.0
2025-10-18 02:00:00,,,,,,,1273.0,1273.0,,,0.0,,,0.0
2025-10-18 03:00:00,,,,,,,1273.0,1273.0,,,0.0,,,0.0
2025-10-18 04:00:00,,,,,,,1273.0,1273.0,,,0.0,,,0.0
2025-10-18 05:00:00,,,,,,,1273.0,1273.0,,,0.0,,,0.0
2025-10-18 06:00:00,,,,,,,1529.0,1529.0,,,0.0,,,0.0
2025-10-18 07:00:00,,,,,,,1533.0,1533.0,,,0.0,,,0.0
2025-10-18 08:00:00,,,,,,,2297.0,2296.0,0.3692,0.2644,2.0,1.0227,0.18419999,2.0
2025-10-18 09:00:00,0.132,,,,,,193.0,249.0,0.121999994,0.053,5.0,1.1021999,0.041999996,5.0
2025-10-18 10:00:00,,,,,,,509.0,509.0,0.023,0.029399998,3.0,1.0919,0.0,3.0
2025-10-18 11:00:00,,,,,,,509.0,509.0,0.872,0.0,1.0,0.9275999,0.0,1.0
2025-10-18 12:00:00,,,,,,,509.0,509.0,,,0.0,,,0.0
2025-10-18 13:00:00,,,,,,,509.0,509.0,,,0.0,,,0.0
2025-10-18 14:00:00,,,,,,,2553.0,2552.0,0.363,0.0,1.0,0.8219,0.0,1.0
2025-10-18 15:00:00,,,,,,,509.0,509.0,,,0.0,,,0.0
2025-10-18 16:00:00,,,,,,,1533.0,1533.0,0.7466,0.090799995,2.0,0.96729994,0.09859997,2.0
2025-10-18 17:00:00,,,,,,,1533.0,1533.0,,,0.0,,,0.0
2025-10-18 18:00:00,,,,,,,1529.0,1529.0,,,0.0,,,0.0
2025-10-18 19:00:00,,,,,,,1273.0,1273.0,,,0.0,,,0.0
2025-10-18 20:00:00,,,,,,,1273.0,1273.0,,,0.0,,,0.0
2025-10-18 21:00:00,,,,,,,1529.0,1529.0,,,0.0,,,0.0
2025-10-18 22:00:00,,,,,,,1273.0,1273.0,,,0.0,,,0.0
2025-10-18 23:00:00,,,,,,,1533.0,1533.0,,,0.0,,,0.0
2025-10-19 00:00:00,,,,,,,1273.0,1273.0,,,0.0,,,0.0
2025-10-19 01:00:00,,,,,,,1273.0,1273.0,,,0.0,,,0.0
2025-10-19 02:00:00,,,,,,,1273.0,1273.0,,,0.0,,,0.0
2025-10-19 03:00:00,,,,,,,1273.0,1273.0,,,0.0,,,0.0
2025-10-19 04:00:00,,,,,,,1529.0,1529.0,,,0.0,,,0.0
2025-10-19 05:00:00,,,,,,,1273.0,1273.0,,,0.0,,,0.0
2025-10-19 06:00:00,,,,,,,1533.0,1533.0,,,0.0,,,0.0
2025-10-19 07:00:00,,,,,,,1529.0,1529.0,,,0.0,,,0.0
2025-10-19 08:00:00,,,,,,,509.0,509.0,0.7078,0.049799997,2.0,1.0182999,0.030499995,2.0
2025-10-19 09:00:00,,,,,,,505.0,504.0,0.377,0.0,1.0,1.1193,0.0,1.0
2025-10-19 10:00:00,,,,,,,505.0,504.0,0.41939998,0.37399998,6.0,1.1481999,0.04579997,6.0
2025-10-19 11:00:00,,,,,,,509.0,509.0,0.9314,0.2078,4.0,1.1178,0.059099972,4.0
2025-10-19 12:00:00,,,,,,,509.0,509.0,,,0.0,,,0.0
2025-10-19 13:00:00,,,,,,,509.0,509.0,,,0.0,,,0.0
2025-10-19 14:00:00,,,,,,,509.0,509.0,,,0.0,,,0.0
2025-10-19 15:00:00,,,,,,,509.0,509.0,,,0.0,,,0.0
2025-10-19 16:00:00,,,,,,,1533.0,1533.0,,,0.0,,,0.0
2025-10-19 17:00:00,,,,,,,1529.0,1529.0,,,0.0,,,0.0
2025-10-19 18:00:00,,,,,,,1533.0,1533.0,,,0.0,,,0.0
2025-10-19 19:00:00,,,,,,,1533.0,1533.0,,,0.0,,,0.0
2025-10-19 20:00:00,,,,,,,1533.0,1533.0,,,0.0,,,0.0
2025-10-19 21:00:00,,,,,,,1533.0,1533.0,,,0.0,,,0.0
2025-10-19 22:00:00,,,,,,,1533.0,1533.0,,,0.0,,,0.0
2025-10-19 23:00:00,,,,,,,1529.0,1529.0,,,0.0,,,0.0
2025-10-20 00:00:00,,,,,,,1533.0,1533.0,,,0.0,,,0.0
2025-10-20 01:00:00,,,,,,,1273.0,1273.0,,,0.0,,,0.0
2025-10-20 02:00:00,,,,,,,1273.0,1273.0,,,0.0,,,0.0
2025-10-20 03:00:00,,,,,,,1273.0,1273.0,,,0.0,,,0.0
2025-10-20 04:00:00,,,,,,,1529.0,1529.0,,,0.0,,,0.0
2025-10-20 05:00:00,,,,,,,1273.0,1273.0,,,0.0,,,0.0
2025-10-20 06:00:00,,,,,,,1273.0,1273.0,,,0.0,,,0.0
2025-10-20 07:00:00,,,,,,,1533.0,1533.0,,,0.0,,,0.0
2025-10-20 08:00:00,,,,,,,2553.0,2552.0,0.5934,0.2796,3.0,1.0776,0.14429998,3.0
2025-10-20 09:00:00,,,,,,,249.0,248.0,0.185,0.0744,5.0,1.1952,0.023000002,5.0
2025-10-20 10:00:00,,,,,,,505.0,505.0,0.0122,0.0126,3.0,1.1761,0.018400013,3.0
2025-10-20 11:00:00,,,,,,,509.0,509.0,,,0.0,,,0.0
2025-10-20 12:00:00,,,,,,,509.0,509.0,,,0.0,,,0.0
2025-10-20 13:00:00,,,,,,,509.0,509.0,,,0.0,,,0.0
2025-10-20 14:00:00,,,,,,,509.0,509.0,,,0.0,,,0.0
2025-10-20 15:00:00,,,,,,,509.0,509.0,,,0.0,,,0.0
2025-10-20 16:00:00,,,,,,,1533.0,1533.0,0.1392,0.0,1.0,1.084,0.0,1.0
2025-10-20 17:00:00,,,,,,,1529.0,1529.0,,,0.0,,,0.0
2025-10-20 18:00:00,,,,,,,1273.0,1273.0,,,0.0,,,0.0
2025-10-20 19:00:00,,,,,,,1273.0,1273.0,,,0.0,,,0.0
2025-10-20 20:00:00,,,,,,,1273.0,1273.0,,,0.0,,,0.0
2025-10-20 21:00:00,,,,,,,1273.0,1273.0,,,0.0,,,0.0
2025-10-20 22:00:00,,,,,,,1273.0,1273.0,,,0.0,,,0.0
2025-10-20 23:00:00,,,,,,,1273.0,1273.0,,,0.0,,,0.0
2025-10-21 00:00:00,,,,,,,1273.0,1273.0,,,0.0,,,0.0
2025-10-21 01:00:00,,,,,,,1273.0,1273.0,,,0.0,,,0.0
2025-10-21 02:00:00,,,,,,,1273.0,1273.0,,,0.0,,,0.0
2025-10-21 03:00:00,,,,,,,1273.0,1273.0,,,0.0,,,0.0
2025-10-21 04:00:00,,,,,,,1273.0,1273.0,,,0.0,,,0.0
2025-10-21 05:00:00,,,,,,,1273.0,1273.0,,,0.0,,,0.0
2025-10-21 06:00:00,,,,,,,1529.0,1529.0,,,0.0,,,0.0
2025-10-21 07:00:00,,,,,,,1529.0,1529.0,,,0.0,,,0.0
2025-10-21 08:00:00,,,,,,,505.0,505.0,0.8998,0.0,1.0,0.7723,0.0,1.0
2025-10-21 09:00:00,,,,,,,2553.0,2552.0,0.1664,0.099599995,5.0,1.0351,0.10859996,5.0
2025-10-21 10:00:00,,,,,,,509.0,509.0,0.0196,0.0098,2.0,1.1790999,0.005499959,2.0
2025-10-21 11:00:00,,,,,,,509.0,509.0,,,0.0,,,0.0
2025-10-21 12:00:00,,,,,,,509.0,509.0,,,0.0,,,0.0
2025-10-21 13:00:00,,,,,,,509.0,509.0,,,0.0,,,0.0
2025-10-21 14:00:00,,,,,,,509.0,509.0,,,0.0,,,0.0
2025-10-21 15:00:00,,,,,,,509.0,509.0,,,0.0,,,0.0
2025-10-21 16:00:00,,,,,,,1533.0,1533.0,,,0.0,,,0.0
2025-10-21 17:00:00,,,,,,,1273.0,1273.0,,,0.0,,,0.0
2025-10-21 18:00:00,,,,,,,1273.0,1273.0,,,0.0,,,0.0
2025-10-21 19:00:00,,,,,,,1533.0,1533.0,,,0.0,,,0.0
2025-10-21 20:00:00,,,,,,,1529.0,1529.0,,,0.0,,,0.0
2025-10-21 21:00:00,,,,,,,1533.0,1533.0,,,0.0,,,0.0
2025-10-21 22:00:00,,,,,,,1529.0,1529.0,,,0.0,,,0.0
2025-10-21 23:00:00,,,,,,,1529.0,1529.0,,,0.0,,,0.0
2025-10-22 00:00:00,,,,,,,1533.0,1533.0,,,0.0,,,0.0
2025-10-22 01:00:00,,,,,,,1273.0,1273.0,,,0.0,,,0.0
2025-10-22 02:00:00,,,,,,,1533.0,1533.0,,,0.0,,,0.0
2025-10-22 03:00:00,,,,,,,1533.0,1533.0,,,0.0,,,0.0
2025-10-22 04:00:00,,,,,,,1533.0,1533.0,,,0.0,,,0.0
2025-10-22 05:00:00,,,,,,,1533.0,1533.0,,,0.0,,,0.0
2025-10-22 06:00:00,,,,,,,1533.0,1533.0,,,0.0,,,0.0
2025-10-22 07:00:00,,,,,,,1533.0,1533.0,,,0.0,,,0.0
2025-10-22 08:00:00,,,,,,,509.0,509.0,,,0.0,,,0.0
2025-10-22 09:00:00,,,,,,,509.0,509.0,,,0.0,,,0.0
2025-10-22 10:00:00,,,,,,,509.0,509.0,,,0.0,,,0.0
2025-10-22 11:00:00,,,,,,,509.0,509.0,,,0.0,,,0.0
2025-10-22 12:00:00,,,,,,,509.0,509.0,,,0.0,,,0.0
2025-10-22 13:00:00,,,,,,,509.0,509.0,,,0.0,,,0.0
2025-10-22 14:00:00,,,,,,,509.0,509.0,,,0.0,,,0.0
2025-10-22 15:00:00,,,,,,,509.0,509.0,,,0.0,,,0.0
2025-10-22 16:00:00,,,,,,,1533.0,1533.0,,,0.0,,,0.0
2025-10-22 17:00:00,,,,,,,1529.0,1529.0,,,0.0,,,0.0
2025-10-22 18:00:00,,,,,,,1533.0,1533.0,,,0.0,,,0.0
2025-10-22 19:00:00,,,,,,,1533.0,1533.0,,,0.0,,,0.0
2025-10-22 20:00:00,,,,,,,1529.0,1529.0,,,0.0,,,0.0
2025-10-22 21:00:00,,,,,,,1529.0,1529.0,,,0.0,,,0.0
2025-10-22 22:00:00,,,,,,,1529.0,1529.0,,,0.0,,,0.0
2025-10-22 23:00:00,,,,,,,1529.0,1529.0,,,0.0,,,0.0
2025-10-23 00:00:00,,,,,,,1533.0,1533.0,,,0.0,,,0.0
2025-10-23 01:00:00,,,,,,,1529.0,1529.0,,,0.0,,,0.0
2025-10-23 02:00:00,,,,,,,1533.0,1533.0,,,0.0,,,0.0
2025-10-23 03:00:00,,,,,,,1529.0,1529.0,,,0.0,,,0.0
2025-10-23 04:00:00,,,,,,,1533.0,1533.0,,,0.0,,,0.0
2025-10-23 05:00:00,,,,,,,1533.0,1533.0,,,0.0,,,0.0
2025-10-23 06:00:00,,,,,,,1533.0,1533.0,,,0.0,,,0.0
2025-10-23 07:00:00,,,,,,,1533.0,1533.0,,,0.0,,,0.0
2025-10-23 08:00:00,,,,,,,509.0,509.0,,,0.0,,,0.0
2025-10-23 09:00:00,,,,,,,509.0,509.0,,,0.0,,,0.0
2025-10-23 10:00:00,,,,,,,509.0,509.0,,,0.0,,,0.0
2025-10-23 11:00:00,,,,,,,509.0,509.0,,,0.0,,,0.0
2025-10-23 12:00:00,,,,,,,509.0,509.0,,,0.0,,,0.0
2025-10-23 13:00:00,,,,,,,509.0,509.0,,,0.0,,,0.0
2025-10-23 14:00:00,,,,,,,509.0,509.0,,,0.0,,,0.0
2025-10-23 15:00:00,,,,,,,509.0,509.0,,,0.0,,,0.0
2025-10-23 16:00:00,,,,,,,1533.0,1533.0,,,0.0,,,0.0
2025-10-23 17:00:00,,,,,,,1273.0,1273.0,,,0.0,,,0.0
2025-10-23 18:00:00,,,,,,,1533.0,1533.0,,,0.0,,,0.0
2025-10-23 19:00:00,,,,,,,1533.0,1533.0,,,0.0,,,0.0
2025-10-23 20:00:00,,,,,,,1533.0,1533.0,,,0.0,,,0.0
2025-10-23 21:00:00,,,,,,,1529.0,1529.0,,,0.0,,,0.0
2025-10-23 22:00:00,,,,,,,1529.0,1529.0,,,0.0,,,0.0
2025-10-23 23:00:00,,,,,,,1533.0,1533.0,,,0.0,,,0.0
2025-10-24 00:00:00,,,,,,,1273.0,1273.0,,,0.0,,,0.0
2025-10-24 01:00:00,,,,,,,1533.0,1533.0,,,0.0,,,0.0
2025-10-24 02:00:00,,,,,,,1273.0,1273.0,,,0.0,,,0.0
2025-10-24 03:00:00,,,,,,,1529.0,1529.0,,,0.0,,,0.0
2025-10-24 04:00:00,,,,,,,1529.0,1529.0,,,0.0,,,0.0
2025-10-24 05:00:00,,,,,,,1529.0,1529.0,,,0.0,,,0.0
2025-10-24 06:00:00,,,,,,,1529.0,1529.0,,,0.0,,,0.0
2025-10-24 07:00:00,,,,,,,1533.0,1533.0,,,0.0,,,0.0
2025-10-24 08:00:00,,,,,,,509.0,509.0,,,0.0,,,0.0
2025-10-24 09:00:00,,,,,,,509.0,509.0,,,0.0,,,0.0
2025-10-24 10:00:00,,,,,,,509.0,509.0,,,0.0,,,0.0
2025-10-24 11:00:00,,,,,,,509.0,509.0,,,0.0,,,0.0
2025-10-24 12:00:00,,,,,,,509.0,509.0,,,0.0,,,0.0
2025-10-24 13:00:00,,,,,,,509.0,509.0,,,0.0,,,0.0
2025-10-24 14:00:00,,,,,,,509.0,509.0,,,0.0,,,0.0
2025-10-24 15:00:00,,,,,,,509.0,509.0,,,0.0,,,0.0
2025-10-24 16:00:00,,,,,,,1533.0,1533.0,,,0.0,,,0.0
2025-10-24 17:00:00,,,,,,,1529.0,1529.0,,,0.0,,,0.0
2025-10-24 18:00:00,,,,,,,1533.0,1533.0,,,0.0,,,0.0
2025-10-24 19:00:00,,,,,,,1529.0,1529.0,,,0.0,,,0.0
2025-10-24 20:00:00,,,,,,,1533.0,1533.0,,,0.0,,,0.0
2025-10-24 21:00:00,,,,,,,1533.0,1533.0,,,0.0,,,0.0
2025-10-24 22:00:00,,,,,,,1273.0,1273.0,,,0.0,,,0.0
2025-10-24 23:00:00,,,,,,,1529.0,1529.0,,,0.0,,,0.0
2025-10-25 00:00:00,,,,,,,1273.0,1273.0,,,0.0,,,0.0
2025-10-25 01:00:00,,,,,,,1273.0,1273.0,,,0.0,,,0.0
2025-10-25 02:00:00,,,,,,,1273.0,1273.0,,,0.0,,,0.0
2025-10-25 03:00:00,,,,,,,1529.0,1529.0,,,0.0,,,0.0
2025-10-25 04:00:00,,,,,,,1273.0,1273.0,,,0.0,,,0.0
2025-10-25 05:00:00,,,,,,,1273.0,1273.0,,,0.0,,,0.0
2025-10-25 06:00:00,,,,,,,1273.0,1273.0,,,0.0,,,0.0
2025-10-25 07:00:00,,,,,,,1533.0,1533.0,,,0.0,,,0.0
2025-10-25 08:00:00,,,,,,,509.0,509.0,,,0.0,,,0.0
2025-10-25 09:00:00,,,,,,,509.0,509.0,,,0.0,,,0.0
2025-10-25 10:00:00,,,,,,,509.0,509.0,,,0.0,,,0.0
2025-10-25 11:00:00,,,,,,,509.0,509.0,,,0.0,,,0.0
2025-10-25 12:00:00,,,,,,,509.0,509.0,,,0.0,,,0.0
2025-10-25 13:00:00,,,,,,,509.0,509.0,,,0.0,,,0.0
2025-10-25 14:00:00,,,,,,,509.0,509.0,,,0.0,,,0.0
2025-10-25 15:00:00,,,,,,,509.0,509.0,,,0.0,,,0.0
2025-10-25 16:00:00,,,,,,,1533.0,1533.0,,,0.0,,,0.0
2025-10-25 17:00:00,,,,,,,1273.0,1273.0,,,0.0,,,0.0
2025-10-25 18:00:00,,,,,,,1273.0,1273.0,,,0.0,,,0.0
2025-10-25 19:00:00,,,,,,,1273.0,1273.0,,,0.0,,,0.0
2025-10-25 20:00:00,,,,,,,1529.0,1529.0,,,0.0,,,0.0
2025-10-25 21:00:00,,,,,,,1273.0,1273.0,,,0.0,,,0.0
2025-10-25 22:00:00,,,,,,,1533.0,1533.0,,,0.0,,,0.0
2025-10-25 23:00:00,,,,,,,1529.0,1529.0,,,0.0,,,0.0
2025-10-26 00:00:00,,,,,,,1529.0,1529.0,,,0.0,,,0.0
2025-10-26 01:00:00,,,,,,,1273.0,1273.0,,,0.0,,,0.0
2025-10-26 02:00:00,,,,,,,1529.0,1529.0,,,0.0,,,0.0
2025-10-26 03:00:00,,,,,,,1273.0,1273.0,,,0.0,,,0.0
2025-10-26 04:00:00,,,,,,,1533.0,1533.0,,,0.0,,,0.0
2025-10-26 05:00:00,,,,,,,1529.0,1529.0,,,0.0,,,0.0
2025-10-26 06:00:00,,,,,,,1533.0,1533.0,,,0.0,,,0.0
2025-10-26 07:00:00,,,,,,,1533.0,1533.0,,,0.0,,,0.0
2025-10-26 08:00:00,,,,,,,509.0,509.0,,,0.0,,,0.0
2025-10-26 09:00:00,,,,,,,509.0,509.0,1.433,0.0,1.0,0.9836,0.0,1.0
2025-10-26 10:00:00,,,,,,,509.0,509.0,,,0.0,,,0.0
2025-10-26 11:00:00,,,,,,,509.0,509.0,2.4582,0.0,1.0,0.18290001,0.0,1.0
2025-10-26 12:00:00,,,,,,,2553.0,2552.0,0.91819996,0.7754,4.0,0.9541999,0.25629997,4.0
2025-10-26 13:00:00,,,,,,,249.0,248.0,0.081199996,0.124199994,5.0,1.211,0.0052999854,5.0
2025-10-26 14:00:00,,,,,,,509.0,509.0,0.426,0.0,1.0,1.2119,0.0,1.0
2025-10-26 15:00:00,,,,,,,509.0,509.0,,,0.0,,,0.0
2025-10-26 16:00:00,,,,,,,1533.0,1533.0,,,0.0,,,0.0
2025-10-26 17:00:00,,,,,,,1533.0,1533.0,,,0.0,,,0.0
2025-10-26 18:00:00,,,,,,,1529.0,1529.0,,,0.0,,,0.0
2025-10-26 19:00:00,,,,,,,1533.0,1533.0,,,0.0,,,0.0
2025-10-26 20:00:00,,,,,,,1533.0,1533.0,,,0.0,,,0.0
2025-10-26 21:00:00,,,,,,,1533.0,1533.0,,,0.0,,,0.0
2025-10-26 22:00:00,,,,,,,1273.0,1273.0,,,0.0,,,0.0
2025-10-26 23:00:00,,,,,,,1273.0,1273.0,,,0.0,,,0.0
2025-10-27 00:00:00,,,,,,,1273.0,1273.0,,,0.0,,,0.0
2025-10-27 01:00:00,,,,,,,1273.0,1273.0,,,0.0,,,0.0
2025-10-27 02:00:00,,,,,,,1273.0,1273.0,,,0.0,,,0.0
2025-10-27 03:00:00,,,,,,,1533.0,1533.0,,,0.0,,,0.0
2025-10-27 04:00:00,,,,,,,1529.0,1529.0,,,0.0,,,0.0
2025-10-27 05:00:00,,,,,,,1533.0,1533.0,,,0.0,,,0.0
2025-10-27 06:00:00,,,,,,,1273.0,1273.0,,,0.0,,,0.0
2025-10-27 07:00:00,,,,,,,1533.0,1533.0,,,0.0,,,0.0
2025-10-27 08:00:00,,,,,,,509.0,509.0,,,0.0,,,0.0
2025-10-27 09:00:00,,,,,,,509.0,509.0,,,0.0,,,0.0
2025-10-27 10:00:00,,,,,,,509.0,509.0,,,0.0,,,0.0
2025-10-27 11:00:00,,,,,,,509.0,509.0,,,0.0,,,0.0
2025-10-27 12:00:00,,,,,,,509.0,509.0,,,0.0,,,0.0
2025-10-27 13:00:00,,,,,,,509.0,509.0,,,0.0,,,0.0
2025-10-27 14:00:00,,,,,,,509.0,509.0,,,0.0,,,0.0
2025-10-27 15:00:00,,,,,,,509.0,509.0,,,0.0,,,0.0
2025-10-27 16:00:00,,,,,,,1533.0,1533.0,,,0.0,,,0.0
2025-10-27 17:00:00,,,,,,,1533.0,1533.0,,,0.0,,,0.0
2025-10-27 18:00:00,,,,,,,1273.0,1273.0,,,0.0,,,0.0
2025-10-27 19:00:00,,,,,,,1273.0,1273.0,,,0.0,,,0.0
2025-10-27 20:00:00,,,,,,,1273.0,1273.0,,,0.0,,,0.0
2025-10-27 21:00:00,,,,,,,1529.0,1529.0,,,0.0,,,0.0
2025-10-27 22:00:00,,,,,,,1529.0,1529.0,,,0.0,,,0.0
2025-10-27 23:00:00,,,,,,,1533.0,1533.0,,,0.0,,,0.0
2025-10-28 00:00:00,,,,,,,1533.0,1533.0,,,0.0,,,0.0
2025-10-28 01:00:00,,,,,,,1529.0,1529.0,,,0.0,,,0.0
2025-10-28 02:00:00,,,,,,,1273.0,1273.0,,,0.0,,,0.0
2025-10-28 03:00:00,,,,,,,1273.0,1273.0,,,0.0,,,0.0
2025-10-28 04:00:00,,,,,,,1273.0,1273.0,,,0.0,,,0.0
2025-10-28 05:00:00,,,,,,,1273.0,1273.0,,,0.0,,,0.0
2025-10-28 06:00:00,,,,,,,1273.0,1273.0,,,0.0,,,0.0
2025-10-28 07:00:00,,,,,,,1533.0,1533.0,,,0.0,,,0.0
2025-10-28 08:00:00,,,,,,,509.0,509.0,,,0.0,,,0.0
2025-10-28 09:00:00,,,,,,,509.0,509.0,,,0.0,,,0.0
2025-10-28 10:00:00,,,,,,,509.0,509.0,,,0.0,,,0.0
2025-10-28 11:00:00,,,,,,,505.0,504.0,2.3658,0.1804,2.0,0.32909995,0.17249995,2.0
2025-10-28 12:00:00,,,,,,,509.0,509.0,,,0.0,,,0.0
2025-10-28 13:00:00,,,,,,,509.0,509.0,,,0.0,,,0.0
2025-10-28 14:00:00,,,,,,,505.0,504.0,1.4074,0.0,1.0,0.6539,0.0,1.0
2025-10-28 15:00:00,,,,,,,505.0,504.0,0.6508,0.1182,5.0,0.8392999,0.042299986,5.0
2025-10-28 16:00:00,,,,,,,1533.0,1533.0,0.76299995,0.020399999,3.0,0.8454,0.013300002,3.0
2025-10-28 17:00:00,,,,,,,1273.0,1273.0,,,0.0,,,0.0
2025-10-28 18:00:00,,,,,,,1273.0,1273.0,,,0.0,,,0.0
2025-10-28 19:00:00,,,,,,,1529.0,1529.0,,,0.0,,,0.0
2025-10-28 20:00:00,,,,,,,1529.0,1529.0,,,0.0,,,0.0
2025-10-28 21:00:00,,,,,,,1273.0,1273.0,,,0.0,,,0.0
2025-10-28 22:00:00,,,,,,,1273.0,1273.0,,,0.0,,,0.0
2025-10-28 23:00:00,,,,,,,1529.0,1529.0,,,0.0,,,0.0
2025-10-29 00:00:00,,,,,,,1533.0,1533.0,,,0.0,,,0.0
2025-10-29 01:00:00,,,,,,,1529.0,1529.0,,,0.0,,,0.0
2025-10-29 02:00:00,,,,,,,1273.0,1273.0,,,0.0,,,0.0
2025-10-29 03:00:00,,,,,,,1533.0,1533.0,,,0.0,,,0.0
2025-10-29 04:00:00,,,,,,,1529.0,1529.0,,,0.0,,,0.0
2025-10-29 05:00:00,,,,,,,1273.0,1273.0,,,0.0,,,0.0
2025-10-29 06:00:00,,,,,,,1273.0,1273.0,,,0.0,,,0.0
2025-10-29 07:00:00,,,,,,,1533.0,1533.0,,,0.0,,,0.0
2025-10-29 08:00:00,,,,,,,509.0,509.0,,,0.0,,,0.0
2025-10-29 09:00:00,,,,,,,509.0,509.0,,,0.0,,,0.0
2025-10-29 10:00:00,,,,,,,509.0,509.0,,,0.0,,,0.0
2025-10-29 11:00:00,,,,,,,509.0,509.0,,,0.0,,,0.0
2025-10-29 12:00:00,,,,,,,509.0,509.0,,,0.0,,,0.0
2025-10-29 13:00:00,,,,,,,509.0,509.0,,,0.0,,,0.0
2025-10-29 14:00:00,,,,,,,509.0,509.0,,,0.0,,,0.0
2025-10-29 15:00:00,,,,,,,509.0,509.0,,,0.0,,,0.0
2025-10-29 16:00:00,,,,,,,1533.0,1533.0,,,0.0,,,0.0
2025-10-29 17:00:00,,,,,,,1533.0,1533.0,,,0.0,,,0.0
2025-10-29 18:00:00,,,,,,,1273.0,1273.0,,,0.0,,,0.0
2025-10-29 19:00:00,,,,,,,1273.0,1273.0,,,0.0,,,0.0
2025-10-29 20:00:00,,,,,,,1273.0,1273.0,,,0.0,,,0.0
2025-10-29 21:00:00,,,,,,,1273.0,1273.0,,,0.0,,,0.0
2025-10-29 22:00:00,,,,,,,1273.0,1273.0,,,0.0,,,0.0
2025-10-29 23:00:00,,,,,,,1529.0,1529.0,,,0.0,,,0.0
2025-10-30 00:00:00,,,,,,,1273.0,1273.0,,,0.0,,,0.0
2025-10-30 01:00:00,,,,,,,1273.0,1273.0,,,0.0,,,0.0
2025-10-30 02:00:00,,,,,,,1533.0,1533.0,,,0.0,,,0.0
2025-10-30 03:00:00,,,,,,,1273.0,1273.0,,,0.0,,,0.0
2025-10-30 04:00:00,,,,,,,1273.0,1273.0,,,0.0,,,0.0
2025-10-30 05:00:00,,,,,,,1273.0,1273.0,,,0.0,,,0.0
2025-10-30 06:00:00,,,,,,,1273.0,1273.0,,,0.0,,,0.0
2025-10-30 07:00:00,,,,,,,1533.0,1533.0,,,0.0,,,0.0
2025-10-30 08:00:00,,,,,,,509.0,509.0,,,0.0,,,0.0
2025-10-30 09:00:00,,,,,,,509.0,509.0,,,0.0,,,0.0
2025-10-30 10:00:00,,,,,,,509.0,509.0,,,0.0,,,0.0
2025-10-30 11:00:00,,,,,,,509.0,509.0,,,0.0,,,0.0
2025-10-30 12:00:00,,,,,,,509.0,509.0,,,0.0,,,0.0
2025-10-30 13:00:00,,,,,,,509.0,509.0,,,0.0,,,0.0
2025-10-30 14:00:00,,,,,,,509.0,509.0,,,0.0,,,0.0
2025-10-30 15:00:00,,,,,,,509.0,509.0,,,0.0,,,0.0
2025-10-30 16:00:00,,,,,,,1533.0,1533.0,,,0.0,,,0.0
2025-10-30 17:00:00,,,,,,,1533.0,1533.0,,,0.0,,,0.0
2025-10-30 18:00:00,,,,,,,1533.0,1533.0,,,0.0,,,0.0
2025-10-30 19:00:00,,,,,,,1529.0,1529.0,,,0.0,,,0.0
2025-10-30 20:00:00,,,,,,,1533.0,1533.0,,,0.0,,,0.0
2025-10-30 21:00:00,,,,,,,1529.0,1529.0,,,0.0,,,0.0
2025-10-30 22:00:00,,,,,,,1533.0,1533.0,,,0.0,,,0.0
2025-10-30 23:00:00,,,,,,,1529.0,1529.0,,,0.0,,,0.0
2025-10-31 00:00:00,,,,,,,1529.0,1529.0,,,0.0,,,0.0
2025-10-31 01:00:00,,,,,,,1529.0,1529.0,,,0.0,,,0.0
2025-10-31 02:00:00,,,,,,,1533.0,1533.0,,,0.0,,,0.0
2025-10-31 03:00:00,,,,,,,1533.0,1533.0,,,0.0,,,0.0
2025-10-31 04:00:00,,,,,,,1533.0,1533.0,,,0.0,,,0.0
2025-10-31 05:00:00,,,,,,,1529.0,1529.0,,,0.0,,,0.0
2025-10-31 06:00:00,,,,,,,1529.0,1529.0,,,0.0,,,0.0
2025-10-31 07:00:00,,,,,,,1533.0,1533.0,,,0.0,,,0.0
2025-10-31 08:00:00,,,,,,,509.0,509.0,,,0.0,,,0.0
2025-10-31 09:00:00,,,,,,,509.0,509.0,,,0.0,,,0.0
2025-10-31 10:00:00,,,,,,,509.0,509.0,,,0.0,,,0.0
2025-10-31 11:00:00,,,,,,,509.0,509.0,,,0.0,,,0.0
2025-10-31 12:00:00,,,,,,,509.0,509.0,,,0.0,,,0.0
2025-10-31 13:00:00,,,,,,,509.0,509.0,,,0.0,,,0.0
2025-10-31 14:00:00,,,,,,,509.0,509.0,,,0.0,,,0.0
2025-10-31 15:00:00,,,,,,,509.0,509.0,,,0.0,,,0.0
2025-10-31 16:00:00,,,,,,,1533.0,1533.0,,,0.0,,,0.0
2025-10-31 17:00:00,,,,,,,1533.0,1533.0,,,0.0,,,0.0
2025-10-31 18:00:00,,,,,,,1529.0,1529.0,,,0.0,,,0.0
2025-10-31 19:00:00,,,,,,,1529.0,1529.0,,,0.0,,,0.0
2025-10-31 20:00:00,,,,,,,1533.0,1533.0,,,0.0,,,0.0
2025-10-31 21:00:00,,,,,,,1529.0,1529.0,,,0.0,,,0.0
2025-10-31 22:00:00,,,,,,,1529.0,1529.0,,,0.0,,,0.0
2025-10-31 23:00:00,,,,,,,1273.0,1273.0,,,0.0,,,0.0
2025-11-01 00:00:00,,,,,,,1273.0,1273.0,,,0.0,,,0.0
2025-11-01 01:00:00,,,,,,,1273.0,1273.0,,,0.0,,,0.0
2025-11-01 02:00:00,,,,,,,1533.0,1533.0,,,0.0,,,0.0
2025-11-01 03:00:00,,,,,,,1533.0,1533.0,,,0.0,,,0.0
2025-11-01 04:00:00,,,,,,,1533.0,1533.0,,,0.0,,,0.0
2025-11-01 05:00:00,,,,,,,1529.0,1529.0,,,0.0,,,0.0
2025-11-01 06:00:00,,,,,,,1533.0,1533.0,,,0.0,,,0.0
2025-11-01 07:00:00,,,,,,,1533.0,1533.0,,,0.0,,,0.0
2025-11-01 08:00:00,,,,,,,509.0,509.0,,,0.0,,,0.0
2025-11-01 09:00:00,,,,,,,509.0,509.0,,,0.0,,,0.0
2025-11-01 10:00:00,,,,,,,509.0,509.0,,,0.0,,,0.0
2025-11-01 11:00:00,,,,,,,509.0,509.0,,,0.0,,,0.0
2025-11-01 12:00:00,,,,,,,509.0,509.0,,,0.0,,,0.0
2025-11-01 13:00:00,,,,,,,509.0,509.0,,,0.0,,,0.0
2025-11-01 14:00:00,,,,,,,509.0,509.0,,,0.0,,,0.0
2025-11-01 15:00:00,,,,,,,509.0,509.0,,,0.0,,,0.0
2025-11-01 16:00:00,,,,,,,1533.0,1533.0,,,0.0,,,0.0
2025-11-01 17:00:00,,,,,,,1529.0,1529.0,,,0.0,,,0.0
2025-11-01 18:00:00,,,,,,,1529.0,1529.0,,,0.0,,,0.0
2025-11-01 19:00:00,,,,,,,1533.0,1533.0,,,0.0,,,0.0
2025-11-01 20:00:00,,,,,,,1533.0,1533.0,,,0.0,,,0.0
2025-11-01 21:00:00,,,,,,,1533.0,1533.0,,,0.0,,,0.0
2025-11-01 22:00:00,,,,,,,1533.0,1533.0,,,0.0,,,0.0
2025-11-01 23:00:00,,,,,,,1533.0,1533.0,,,0.0,,,0.0
2025-11-02 00:00:00,,,,,,,1533.0,1533.0,,,0.0,,,0.0
2025-11-02 01:00:00,,,,,,,1533.0,1533.0,,,0.0,,,0.0
2025-11-02 02:00:00,,,,,,,1533.0,1533.0,,,0.0,,,0.0
2025-11-02 03:00:00,,,,,,,1529.0,1529.0,,,0.0,,,0.0
2025-11-02 04:00:00,,,,,,,1529.0,1529.0,,,0.0,,,0.0
2025-11-02 05:00:00,,,,,,,1529.0,1529.0,,,0.0,,,0.0
2025-11-02 06:00:00,,,,,,,1529.0,1529.0,,,0.0,,,0.0
2025-11-02 07:00:00,,,,,,,1533.0,1533.0,,,0.0,,,0.0
2025-11-02 08:00:00,,,,,,,509.0,509.0,,,0.0,,,0.0
2025-11-02 09:00:00,,,,,,,509.0,509.0,,,0.0,,,0.0
2025-11-02 10:00:00,,,,,,,509.0,509.0,,,0.0,,,0.0
2025-11-02 11:00:00,,,,,,,509.0,509.0,,,0.0,,,0.0
2025-11-02 12:00:00,,,,,,,509.0,509.0,,,0.0,,,0.0
2025-11-02 13:00:00,,,,,,,509.0,509.0,,,0.0,,,0.0
2025-11-02 14:00:00,,,,,,,509.0,509.0,,,0.0,,,0.0
2025-11-02 15:00:00,,,,,,,509.0,509.0,,,0.0,,,0.0
2025-11-02 16:00:00,,,,,,,1533.0,1533.0,,,0.0,,,0.0
2025-11-02 17:00:00,,,,,,,1529.0,1529.0,,,0.0,,,0.0
2025-11-02 18:00:00,,,,,,,1529.0,1529.0,,,0.0,,,0.0
2025-11-02 19:00:00,,,,,,,1273.0,1273.0,,,0.0,,,0.0
2025-11-02 20:00:00,,,,,,,1273.0,1273.0,,,0.0,,,0.0
2025-11-02 21:00:00,,,,,,,1273.0,1273.0,,,0.0,,,0.0
2025-11-02 22:00:00,,,,,,,1273.0,1273.0,,,0.0,,,0.0
2025-11-02 23:00:00,,,,,,,1273.0,1273.0,,,0.0,,,0.0
2025-11-03 00:00:00,,,,,,,1533.0,1533.0,,,0.0,,,0.0
2025-11-03 01:00:00,,,,,,,1533.0,1533.0,,,0.0,,,0.0
2025-11-03 02:00:00,,,,,,,1533.0,1533.0,,,0.0,,,0.0
2025-11-03 03:00:00,,,,,,,1529.0,1529.0,,,0.0,,,0.0
2025-11-03 04:00:00,,,,,,,1533.0,1533.0,,,0.0,,,0.0
2025-11-03 05:00:00,,,,,,,1533.0,1533.0,,,0.0,,,0.0
2025-11-03 06:00:00,,,,,,,1533.0,1533.0,,,0.0,,,0.0
2025-11-03 07:00:00,,,,,,,1533.0,1533.0,,,0.0,,,0.0
2025-11-03 08:00:00,,,,,,,509.0,509.0,,,0.0,,,0.0
2025-11-03 09:00:00,,,,,,,509.0,509.0,,,0.0,,,0.0
2025-11-03 10:00:00,,,,,,,509.0,509.0,,,0.0,,,0.0
2025-11-03 11:00:00,,,,,,,509.0,509.0,,,0.0,,,0.0
2025-11-03 12:00:00,,,,,,,509.0,509.0,,,0.0,,,0.0
2025-11-03 13:00:00,,,,,,,509.0,509.0,,,0.0,,,0.0
2025-11-03 14:00:00,,,,,,,509.0,509.0,,,0.0,,,0.0
2025-11-03 15:00:00,,,,,,,509.0,509.0,,,0.0,,,0.0
2025-11-03 16:00:00,,,,,,,1533.0,1533.0,,,0.0,,,0.0
2025-11-03 17:00:00,,,,,,,1533.0,1533.0,,,0.0,,,0.0
2025-11-03 18:00:00,,,,,,,1533.0,1533.0,,,0.0,,,0.0
2025-11-03 19:00:00,,,,,,,1529.0,1529.0,,,0.0,,,0.0
2025-11-03 20:00:00,,,,,,,1533.0,1533.0,,,0.0,,,0.0
2025-11-03 21:00:00,,,,,,,1533.0,1533.0,,,0.0,,,0.0
2025-11-03 22:00:00,,,,,,,1533.0,1533.0,,,0.0,,,0.0
2025-11-03 23:00:00,,,,,,,1533.0,1533.0,,,0.0,,,0.0
2025-11-04 00:00:00,,,,,,,1533.0,1533.0,,,0.0,,,0.0
2025-11-04 01:00:00,,,,,,,1529.0,1529.0,,,0.0,,,0.0
2025-11-04 02:00:00,,,,,,,1533.0,1533.0,,,0.0,,,0.0
2025-11-04 03:00:00,,,,,,,1533.0,1533.0,,,0.0,,,0.0
2025-11-04 04:00:00,,,,,,,1533.0,1533.0,,,0.0,,,0.0
2025-11-04 05:00:00,,,,,,,1533.0,1533.0,,,0.0,,,0.0
2025-11-04 06:00:00,,,,,,,1533.0,1533.0,,,0.0,,,0.0
2025-11-04 07:00:00,,,,,,,1533.0,1533.0,,,0.0,,,0.0
2025-11-04 08:00:00,,,,,,,509.0,509.0,,,0.0,,,0.0
2025-11-04 09:00:00,,,,,,,509.0,509.0,,,0.0,,,0.0
2025-11-04 10:00:00,,,,,,,509.0,509.0,,,0.0,,,0.0
2025-11-04 11:00:00,,,,,,,509.0,509.0,,,0.0,,,0.0
2025-11-04 12:00:00,,,,,,,509.0,509.0,,,0.0,,,0.0
2025-11-04 13:00:00,,,,,,,509.0,509.0,,,0.0,,,0.0
2025-11-04 14:00:00,,,,,,,509.0,509.0,,,0.0,,,0.0
2025-11-04 15:00:00,,,,,,,509.0,509.0,,,0.0,,,0.0
2025-11-04 16:00:00,,,,,,,1533.0,1533.0,,,0.0,,,0.0
2025-11-04 17:00:00,,,,,,,1533.0,1533.0,,,0.0,,,0.0
2025-11-04 18:00:00,,,,,,,1533.0,1533.0,,,0.0,,,0.0
2025-11-04 19:00:00,,,,,,,1533.0,1533.0,,,0.0,,,0.0
2025-11-04 20:00:00,,,,,,,1273.0,1273.0,,,0.0,,,0.0
2025-11-04 21:00:00,,,,,,,1273.0,1273.0,,,0.0,,,0.0
2025-11-04 22:00:00,,,,,,,1529.0,1529.0,,,0.0,,,0.0
2025-11-04 23:00:00,,,,,,,1273.0,1273.0,,,0.0,,,0.0
2025-11-05 00:00:00,,,,,,,1529.0,1529.0,,,0.0,,,0.0
2025-11-05 01:00:00,,,,,,,1273.0,1273.0,,,0.0,,,0.0
2025-11-05 02:00:00,,,,,,,1273.0,1273.0,,,0.0,,,0.0
2025-11-05 03:00:00,,,,,,,1273.0,1273.0,,,0.0,,,0.0
2025-11-05 04:00:00,,,,,,,1529.0,1529.0,,,0.0,,,0.0
2025-11-05 05:00:00,,,,,,,1529.0,1529.0,,,0.0,,,0.0
2025-11-05 06:00:00,,,,,,,1533.0,1533.0,,,0.0,,,0.0
2025-11-05 07:00:00,,,,,,,1533.0,1533.0,,,0.0,,,0.0
2025-11-05 08:00:00,,,,,,,509.0,509.0,,,0.0,,,0.0
2025-11-05 09:00:00,,,,,,,509.0,509.0,,,0.0,,,0.0
2025-11-05 10:00:00,,,,,,,509.0,509.0,,,0.0,,,0.0
2025-11-05 11:00:00,,,,,,,509.0,509.0,,,0.0,,,0.0
2025-11-05 12:00:00,,,,,,,509.0,509.0,,,0.0,,,0.0
2025-11-05 13:00:00,,,,,,,509.0,509.0,,,0.0,,,0.0
2025-11-05 14:00:00,,,,,,,509.0,509.0,,,0.0,,,0.0
2025-11-05 15:00:00,,,,,,,509.0,509.0,,,0.0,,,0.0
2025-11-05 16:00:00,,,,,,,1533.0,1533.0,,,0.0,,,0.0
2025-11-05 17:00:00,,,,,,,1273.0,1273.0,,,0.0,,,0.0
2025-11-05 18:00:00,,,,,,,1273.0,1273.0,,,0.0,,,0.0
2025-11-05 19:00:00,,,,,,,1273.0,1273.0,,,0.0,,,0.0
2025-11-05 20:00:00,,,,,,,1273.0,1273.0,,,0.0,,,0.0
2025-11-05 21:00:00,,,,,,,1533.0,1533.0,,,0.0,,,0.0
2025-11-05 22:00:00,,,,,,,1273.0,1273.0,,,0.0,,,0.0
2025-11-05 23:00:00,,,,,,,1273.0,1273.0,,,0.0,,,0.0
2025-11-06 00:00:00,,,,,,,1529.0,1529.0,,,0.0,,,0.0
2025-11-06 01:00:00,,,,,,,1273.0,1273.0,,,0.0,,,0.0
2025-11-06 02:00:00,,,,,,,1529.0,1529.0,,,0.0,,,0.0
2025-11-06 03:00:00,,,,,,,1533.0,1533.0,,,0.0,,,0.0
2025-11-06 04:00:00,,,,,,,1529.0,1529.0,,,0.0,,,0.0
2025-11-06 05:00:00,,,,,,,1533.0,1533.0,,,0.0,,,0.0
2025-11-06 06:00:00,,,,,,,1273.0,1273.0,,,0.0,,,0.0
2025-11-06 07:00:00,,,,,,,1533.0,1533.0,,,0.0,,,0.0
2025-11-06 08:00:00,,,,,,,509.0,509.0,,,0.0,,,0.0
2025-11-06 09:00:00,,,,,,,509.0,509.0,,,0.0,,,0.0
2025-11-06 10:00:00,,,,,,,509.0,509.0,,,0.0,,,0.0
2025-11-06 11:00:00,,,,,,,509.0,509.0,,,0.0,,,0.0
2025-11-06 12:00:00,,,,,,,509.0,509.0,,,0.0,,,0.0
2025-11-06 13:00:00,,,,,,,509.0,509.0,,,0.0,,,0.0
2025-11-06 14:00:00,,,,,,,509.0,509.0,,,0.0,,,0.0
2025-11-06 15:00:00,,,,,,,509.0,509.0,,,0.0,,,0.0
2025-11-06 16:00:00,,,,,,,1533.0,1533.0,,,0.0,,,0.0
2025-11-06 17:00:00,,,,,,,1273.0,1273.0,,,0.0,,,0.0
2025-11-06 18:00:00,,,,,,,1273.0,1273.0,,,0.0,,,0.0
2025-11-06 19:00:00,,,,,,,1273.0,1273.0,,,0.0,,,0.0
2025-11-06 20:00:00,,,,,,,1273.0,1273.0,,,0.0,,,0.0
2025-11-06 21:00:00,,,,,,,1273.0,1273.0,,,0.0,,,0.0
2025-11-06 22:00:00,,,,,,,1273.0,1273.0,,,0.0,,,0.0
2025-11-06 23:00:00,,,,,,,1273.0,1273.0,,,0.0,,,0.0
2025-11-07 00:00:00,,,,,,,1273.0,1273.0,,,0.0,,,0.0
2025-11-07 01:00:00,,,,,,,1533.0,1533.0,,,0.0,,,0.0
2025-11-07 02:00:00,,,,,,,1529.0,1529.0,,,0.0,,,0.0
2025-11-07 03:00:00,,,,,,,1529.0,1529.0,,,0.0,,,0.0
2025-11-07 04:00:00,,,,,,,1533.0,1533.0,,,0.0,,,0.0
2025-11-07 05:00:00,,,,,,,1529.0,1529.0,,,0.0,,,0.0
2025-11-07 06:00:00,,,,,,,1529.0,1529.0,,,0.0,,,0.0
2025-11-07 07:00:00,,,,,,,1533.0,1533.0,,,0.0,,,0.0
2025-11-07 08:00:00,,,,,,,509.0,509.0,,,0.0,,,0.0
2025-11-07 09:00:00,,,,,,,509.0,509.0,,,0.0,,,0.0
2025-11-07 10:00:00,,,,,,,509.0,509.0,,,0.0,,,0.0
2025-11-07 11:00:00,,,,,,,509.0,509.0,,,0.0,,,0.0
2025-11-07 12:00:00,,,,,,,509.0,509.0,,,0.0,,,0.0
2025-11-07 13:00:00,,,,,,,509.0,509.0,,,0.0,,,0.0
2025-11-07 14:00:00,,,,,,,509.0,509.0,,,0.0,,,0.0
2025-11-07 15:00:00,,,,,,,509.0,509.0,,,0.0,,,0.0
2025-11-07 16:00:00,,,,,,,1533.0,1533.0,,,0.0,,,0.0
2025-11-07 17:00:00,,,,,,,1529.0,1529.0,,,0.0,,,0.0
2025-11-07 18:00:00,,,,,,,1273.0,1273.0,,,0.0,,,0.0
2025-11-07 19:00:00,,,,,,,1273.0,1273.0,,,0.0,,,0.0
2025-11-07 20:00:00,,,,,,,1533.0,1533.0,,,0.0,,,0.0
2025-11-07 21:00:00,,,,,,,1533.0,1533.0,,,0.0,,,0.0
2025-11-07 22:00:00,,,,,,,1533.0,1533.0,,,0.0,,,0.0
2025-11-07 23:00:00,,,,,,,1533.0,1533.0,,,0.0,,,0.0
2025-11-08 00:00:00,,,,,,,1529.0,1529.0,,,0.0,,,0.0
2025-11-08 01:00:00,,,,,,,1529.0,1529.0,,,0.0,,,0.0
2025-11-08 02:00:00,,,,,,,1273.0,1273.0,,,0.0,,,0.0
2025-11-08 03:00:00,,,,,,,1529.0,1529.0,,,0.0,,,0.0
2025-11-08 04:00:00,,,,,,,1273.0,1273.0,,,0.0,,,0.0
2025-11-08 05:00:00,,,,,,,1529.0,1529.0,,,0.0,,,0.0
2025-11-08 06:00:00,,,,,,,1533.0,1533.0,,,0.0,,,0.0
2025-11-08 07:00:00,,,,,,,1533.0,1533.0,,,0.0,,,0.0
2025-11-08 08:00:00,,,,,,,509.0,509.0,,,0.0,,,0.0
2025-11-08 09:00:00,,,,,,,509.0,509.0,,,0.0,,,0.0
2025-11-08 10:00:00,,,,,,,509.0,509.0,,,0.0,,,0.0
2025-11-08 11:00:00,,,,,,,509.0,509.0,,,0.0,,,0.0
2025-11-08 12:00:00,,,,,,,509.0,509.0,,,0.0,,,0.0
2025-11-08 13:00:00,,,,,,,509.0,509.0,,,0.0,,,0.0
2025-11-08 14:00:00,,,,,,,509.0,509.0,,,0.0,,,0.0
2025-11-08 15:00:00,,,,,,,509.0,509.0,,,0.0,,,0.0
2025-11-08 16:00:00,,,,,,,1533.0,1533.0,,,0.0,,,0.0
2025-11-08 17:00:00,,,,,,,1533.0,1533.0,,,0.0,,,0.0
2025-11-08 18:00:00,,,,,,,1533.0,1533.0,,,0.0,,,0.0
2025-11-08 19:00:00,,,,,,,1529.0,1529.0,,,0.0,,,0.0
2025-11-08 20:00:00,,,,,,,1533.0,1533.0,,,0.0,,,0.0
2025-11-08 21:00:00,,,,,,,1529.0,1529.0,,,0.0,,,0.0
2025-11-08 22:00:00,,,,,,,1533.0,1533.0,,,0.0,,,0.0
2025-11-08 23:00:00,,,,,,,1533.0,1533.0,,,0.0,,,0.0
2025-11-09 00:00:00,,,,,,,1533.0,1533.0,,,0.0,,,0.0
2025-11-09 01:00:00,,,,,,,1529.0,1529.0,,,0.0,,,0.0
2025-11-09 02:00:00,,,,,,,1533.0,1533.0,,,0.0,,,0.0
2025-11-09 03:00:00,,,,,,,1533.0,1533.0,,,0.0,,,0.0
2025-11-09 04:00:00,,,,,,,1529.0,1529.0,,,0.0,,,0.0
2025-11-09 05:00:00,,,,,,,1533.0,1533.0,,,0.0,,,0.0
2025-11-09 06:00:00,,,,,,,1533.0,1533.0,,,0.0,,,0.0
2025-11-09 07:00:00,,,,,,,1533.0,1533.0,,,0.0,,,0.0
2025-11-09 08:00:00,,,,,,,509.0,509.0,,,0.0,,,0.0
2025-11-09 09:00:00,,,,,,,509.0,509.0,,,0.0,,,0.0
2025-11-09 10:00:00,,,,,,,509.0,509.0,,,0.0,,,0.0
2025-11-09 11:00:00,,,,,,,509.0,509.0,,,0.0,,,0.0
2025-11-09 12:00:00,,,,,,,509.0,509.0,,,0.0,,,0.0
2025-11-09 13:00:00,,,,,,,509.0,509.0,,,0.0,,,0.0
2025-11-09 14:00:00,,,,,,,509.0,509.0,,,0.0,,,0.0
2025-11-09 15:00:00,,,,,,,509.0,509.0,,,0.0,,,0.0
2025-11-09 16:00:00,,,,,,,1533.0,1533.0,,,0.0,,,0.0
2025-11-09 17:00:00,,,,,,,1533.0,1533.0,,,0.0,,,0.0
2025-11-09 18:00:00,,,,,,,1533.0,1533.0,,,0.0,,,0.0
2025-11-09 19:00:00,,,,,,,1529.0,1529.0,,,0.0,,,0.0
2025-11-09 20:00:00,,,,,,,1273.0,1273.0,,,0.0,,,0.0
2025-11-09 21:00:00,,,,,,,1529.0,1529.0,,,0.0,,,0.0
2025-11-09 22:00:00,,,,,,,1273.0,1273.0,,,0.0,,,0.0
2025-11-09 23:00:00,,,,,,,1529.0,1529.0,,,0.0,,,0.0
2025-11-10 00:00:00,,,,,,,1529.0,1529.0,,,0.0,,,0.0
2025-11-10 01:00:00,,,,,,,1273.0,1273.0,,,0.0,,,0.0
2025-11-10 02:00:00,,,,,,,1273.0,1273.0,,,0.0,,,0.0
2025-11-10 03:00:00,,,,,,,1273.0,1273.0,,,0.0,,,0.0
2025-11-10 04:00:00,,,,,,,1533.0,1533.0,,,0.0,,,0.0
2025-11-10 05:00:00,,,,,,,1533.0,1533.0,,,0.0,,,0.0
2025-11-10 06:00:00,,,,,,,1529.0,1529.0,,,0.0,,,0.0
2025-11-10 07:00:00,,,,,,,1533.0,1533.0,,,0.0,,,0.0
2025-11-10 08:00:00,,,,,,,509.0,509.0,,,0.0,,,0.0
2025-11-10 09:00:00,,,,,,,509.0,509.0,,,0.0,,,0.0
2025-11-10 10:00:00,,,,,,,509.0,509.0,,,0.0,,,0.0
2025-11-10 11:00:00,,,,,,,509.0,509.0,,,0.0,,,0.0
2025-11-10 12:00:00,,,,,,,509.0,509.0,,,0.0,,,0.0
2025-11-10 13:00:00,,,,,,,509.0,509.0,,,0.0,,,0.0
2025-11-10 14:00:00,,,,,,,509.0,509.0,,,0.0,,,0.0
2025-11-10 15:00:00,,,,,,,509.0,509.0,,,0.0,,,0.0
2025-11-10 16:00:00,,,,,,,1533.0,1533.0,,,0.0,,,0.0
2025-11-10 17:00:00,,,,,,,1533.0,1533.0,,,0.0,,,0.0
2025-11-10 18:00:00,,,,,,,1533.0,1533.0,,,0.0,,,0.0
2025-11-10 19:00:00,,,,,,,1529.0,1529.0,,,0.0,,,0.0
2025-11-10 20:00:00,,,,,,,1533.0,1533.0,,,0.0,,,0.0
2025-11-10 21:00:00,,,,,,,1533.0,1533.0,,,0.0,,,0.0
2025-11-10 22:00:00,,,,,,,1529.0,1529.0,,,0.0,,,0.0
2025-11-10 23:00:00,,,,,,,1533.0,1533.0,,,0.0,,,0.0
2025-11-11 00:00:00,,,,,,,1529.0,1529.0,,,0.0,,,0.0
2025-11-11 01:00:00,,,,,,,1273.0,1273.0,,,0.0,,,0.0
2025-11-11 02:00:00,,,,,,,1533.0,1533.0,,,0.0,,,0.0
2025-11-11 03:00:00,,,,,,,1273.0,1273.0,,,0.0,,,0.0
2025-11-11 04:00:00,,,,,,,1273.0,1273.0,,,0.0,,,0.0
2025-11-11 05:00:00,,,,,,,1529.0,1529.0,,,0.0,,,0.0
2025-11-11 06:00:00,,,,,,,1529.0,1529.0,,,0.0,,,0.0
2025-11-11 07:00:00,,,,,,,1533.0,1533.0,,,0.0,,,0.0
2025-11-11 08:00:00,,,,,,,509.0,509.0,,,0.0,,,0.0
2025-11-11 09:00:00,,,,,,,509.0,509.0,,,0.0,,,0.0
2025-11-11 10:00:00,,,,,,,509.0,509.0,,,0.0,,,0.0
2025-11-11 11:00:00,,,,,,,509.0,509.0,,,0.0,,,0.0
2025-11-11 12:00:00,,,,,,,509.0,509.0,,,0.0,,,0.0
2025-11-11 13:00:00,,,,,,,509.0,509.0,,,0.0,,,0.0
2025-11-11 14:00:00,,,,,,,509.0,509.0,,,0.0,,,0.0
2025-11-11 15:00:00,,,,,,,509.0,509.0,,,0.0,,,0.0
2025-11-11 16:00:00,,,,,,,1533.0,1533.0,,,0.0,,,0.0
2025-11-11 17:00:00,,,,,,,1273.0,1273.0,,,0.0,,,0.0
2025-11-11 18:00:00,,,,,,,1533.0,1533.0,,,0.0,,,0.0
2025-11-11 19:00:00,,,,,,,1533.0,1533.0,,,0.0,,,0.0
2025-11-11 20:00:00,,,,,,,1533.0,1533.0,,,0.0,,,0.0
2025-11-11 21:00:00,,,,,,,1529.0,1529.0,,,0.0,,,0.0
2025-11-11 22:00:00,,,,,,,1529.0,1529.0,,,0.0,,,0.0
2025-11-11 23:00:00,,,,,,,1529.0,1529.0,,,0.0,,,0.0
2025-11-12 00:00:00,,,,,,,1273.0,1273.0,,,0.0,,,0.0
2025-11-12 01:00:00,,,,,,,1273.0,1273.0,,,0.0,,,0.0
2025-11-12 02:00:00,,,,,,,1533.0,1533.0,,,0.0,,,0.0
2025-11-12 03:00:00,,,,,,,1529.0,1529.0,,,0.0,,,0.0
2025-11-12 04:00:00,,,,,,,1529.0,1529.0,,,0.0,,,0.0
2025-11-12 05:00:00,,,,,,,1529.0,1529.0,,,0.0,,,0.0
2025-11-12 06:00:00,,,,,,,1529.0,1529.0,,,0.0,,,0.0
2025-11-12 07:00:00,,,,,,,1533.0,1533.0,,,0.0,,,0.0
2025-11-12 08:00:00,,,,,,,509.0,509.0,,,0.0,,,0.0
2025-11-12 09:00:00,,,,,,,509.0,509.0,,,0.0,,,0.0
2025-11-12 10:00:00,,,,,,,509.0,509.0,,,0.0,,,0.0
2025-11-12 11:00:00,,,,,,,509.0,509.0,1.6492,0.0,1.0,0.8533,0.0,1.0
2025-11-12 12:00:00,,,,,,,505.0,505.0,0.1248,0.1336,3.0,1.1061,0.01999998,3.0
2025-11-12 13:00:00,,,,,,,505.0,505.0,,,0.0,,,0.0
2025-11-12 14:00:00,,,,,,,249.0,249.0,,,0.0,,,0.0
2025-11-12 15:00:00,,,,,,,505.0,504.0,0.24419999,0.16839999,4.0,1.0376999,0.0801,4.0
2025-11-12 16:00:00,,,,,,,1273.0,1273.0,0.5076,0.0,1.0,1.1011,0.0,1.0
2025-11-12 17:00:00,,,,,,,1529.0,1529.0,,,0.0,,,0.0
2025-11-12 18:00:00,,,,,,,1529.0,1529.0,,,0.0,,,0.0
2025-11-12 19:00:00,,,,,,,1529.0,1529.0,,,0.0,,,0.0
2025-11-12 20:00:00,,,,,,,1273.0,1273.0,,,0.0,,,0.0
2025-11-12 21:00:00,,,,,,,1273.0,1273.0,,,0.0,,,0.0
2025-11-12 22:00:00,,,,,,,1533.0,1533.0,,,0.0,,,0.0
2025-11-12 23:00:00,,,,,,,1529.0,1529.0,,,0.0,,,0.0
2025-11-13 00:00:00,,,,,,,1529.0,1529.0,,,0.0,,,0.0
2025-11-13 01:00:00,,,,,,,1529.0,1529.0,,,0.0,,,0.0
2025-11-13 02:00:00,,,,,,,1273.0,1273.0,,,0.0,,,0.0
2025-11-13 03:00:00,,,,,,,1529.0,1529.0,,,0.0,,,0.0
2025-11-13 04:00:00,,,,,,,1529.0,1529.0,,,0.0,,,0.0
2025-11-13 05:00:00,,,,,,,1529.0,1529.0,,,0.0,,,0.0
2025-11-13 06:00:00,,,,,,,1533.0,1533.0,,,0.0,,,0.0
2025-11-13 07:00:00,,,,,,,1533.0,1533.0,,,0.0,,,0.0
2025-11-13 08:00:00,,,,,,,2553.0,2552.0,0.0166,0.0,1.0,1.1423,0.0,1.0
2025-11-13 09:00:00,,,,,,,509.0,509.0,0.0046,0.0019999999,2.0,1.1402999,0.00019997358,2.0
2025-11-13 10:00:00,,,,,,,509.0,509.0,,,0.0,,,0.0
2025-11-13 11:00:00,,,,,,,2553.0,2552.0,0.086799994,0.0514,6.0,1.16,0.009499967,6.0
2025-11-13 12:00:00,,,,,,,505.0,505.0,0.0018,0.0,1.0,1.1724,0.0,1.0
2025-11-13 13:00:00,,,,,,,505.0,505.0,,,0.0,,,0.0
2025-11-13 14:00:00,,,,,,,249.0,249.0,,,0.0,,,0.0
2025-11-13 15:00:00,,,,,,,2297.0,2296.0,0.117,0.056599997,4.0,1.2064999,0.020099998,4.0
2025-11-13 16:00:00,,,,,,,1273.0,1273.0,0.21679999,0.0416,3.0,1.1509999,0.041799963,3.0
2025-11-13 17:00:00,,,,,,,1273.0,1273.0,,,0.0,,,0.0
2025-11-13 18:00:00,,,,,,,1273.0,1273.0,,,0.0,,,0.0
2025-11-13 19:00:00,,,,,,,1273.0,1273.0,,,0.0,,,0.0
2025-11-13 20:00:00,,,,,,,1273.0,1273.0,,,0.0,,,0.0
2025-11-13 21:00:00,,,,,,,1273.0,1273.0,,,0.0,,,0.0
2025-11-13 22:00:00,,,,,,,1273.0,1273.0,,,0.0,,,0.0
2025-11-13 23:00:00,,,,,,,1273.0,1273.0,,,0.0,,,0.0
2025-11-14 00:00:00,,,,,,,1273.0,1273.0,,,0.0,,,0.0
2025-11-14 01:00:00,,,,,,,1273.0,1273.0,,,0.0,,,0.0
2025-11-14 02:00:00,,,,,,,1273.0,1273.0,,,0.0,,,0.0
2025-11-14 03:00:00,,,,,,,1273.0,1273.0,,,0.0,,,0.0
2025-11-14 04:00:00,,,,,,,1273.0,1273.0,,,0.0,,,0.0
2025-11-14 05:00:00,,,,,,,1529.0,1529.0,,,0.0,,,0.0
2025-11-14 06:00:00,,,,,,,1273.0,1273.0,,,0.0,,,0.0
2025-11-14 07:00:00,,,,,,,1273.0,1273.0,,,0.0,,,0.0
2025-11-14 08:00:00,,,,,,,505.0,505.0,0.0,0.0,1.0,,-0.5,0.0
2025-11-14 09:00:00,,,,,,,2553.0,2552.0,0.0067999996,0.0047999998,5.0,1.242,0.0033999681,4.0
2025-11-14 10:00:00,,,,,,,505.0,504.0,0.1274,0.1248,2.0,1.1578,0.0492,2.0
2025-11-14 11:00:00,,,,,,,2553.0,2552.0,0.1292,0.0672,6.0,1.2291,0.00819999,6.0
2025-11-14 12:00:00,,,,,,,505.0,505.0,0.018,0.0176,4.0,1.227,0.010599971,3.0
2025-11-14 13:00:00,,,,,,,505.0,505.0,,,0.0,,,0.0
2025-11-14 14:00:00,,,,,,,249.0,249.0,,,0.0,,,0.0
2025-11-14 15:00:00,,,,,,,249.0,249.0,,,0.0,,,0.0
2025-11-14 16:00:00,,,,,,,1273.0,1273.0,,,0.0,,,0.0
2025-11-14 17:00:00,,,,,,,1273.0,1273.0,,,0.0,,,0.0
2025-11-14 18:00:00,,,,,,,1273.0,1273.0,,,0.0,,,0.0
2025-11-14 19:00:00,,,,,,,1273.0,1273.0,,,0.0,,,0.0
2025-11-14 20:00:00,,,,,,,1273.0,1273.0,,,0.0,,,0.0
2025-11-14 21:00:00,,,,,,,1273.0,1273.0,,,0.0,,,0.0
2025-11-14 22:00:00,,,,,,,1273.0,1273.0,,,0.0,,,0.0
2025-11-14 23:00:00,,,,,,,1273.0,1273.0,,,0.0,,,0.0
2025-11-15 00:00:00,,,,,,,1273.0,1273.0,,,0.0,,,0.0
2025-11-15 01:00:00,,,,,,,1273.0,1273.0,,,0.0,,,0.0
2025-11-15 02:00:00,,,,,,,1273.0,1273.0,,,0.0,,,0.0
2025-11-15 03:00:00,,,,,,,1273.0,1273.0,,,0.0,,,0.0
2025-11-15 04:00:00,,,,,,,1273.0,1273.0,,,0.0,,,0.0
2025-11-15 05:00:00,,,,,,,1273.0,1273.0,,,0.0,,,0.0
2025-11-15 06:00:00,,,,,,,1273.0,1273.0,,,0.0,,,0.0
2025-11-15 07:00:00,,,,,,,1273.0,1273.0,,,0.0,,,0.0
2025-11-15 08:00:00,,,,,,,2553.0,2552.0,0.039,0.019,2.0,1.2430999,0.004499972,2.0
2025-11-15 09:00:00,0.0626,,,,,,449.0,504.0,0.036399998,0.0368,3.0,1.2233,0.01999998,3.0
2025-11-15 10:00:00,0.044999998,,,,,,193.0,248.0,0.0736,0.097799994,5.0,1.1972,0.016900003,5.0
2025-11-15 11:00:00,,,,,,,2297.0,2296.0,0.1428,0.0672,6.0,1.2200999,0.004400015,6.0
2025-11-15 12:00:00,,,,,,,249.0,249.0,0.0092,0.0104,5.0,1.2100999,0.003799975,3.0
2025-11-15 13:00:00,,,,,,,505.0,505.0,0.0162,0.011399999,2.0,1.1448,0.03249997,2.0
2025-11-15 14:00:00,,,,,,,505.0,505.0,,,0.0,,,0.0
2025-11-15 15:00:00,,,,,,,249.0,249.0,0.0084,0.0023999999,2.0,1.1775999,0.045300007,2.0
2025-11-15 16:00:00,,,,,,,1273.0,1273.0,,,0.0,,,0.0
2025-11-15 17:00:00,,,,,,,1273.0,1273.0,,,0.0,,,0.0
2025-11-15 18:00:00,,,,,,,1273.0,1273.0,,,0.0,,,0.0
2025-11-15 19:00:00,,,,,,,1273.0,1273.0,,,0.0,,,0.0
2025-11-15 20:00:00,,,,,,,1273.0,1273.0,,,0.0,,,0.0
2025-11-15 21:00:00,,,,,,,1273.0,1273.0,,,0.0,,,0.0
2025-11-15 22:00:00,,,,,,,1533.0,1533.0,,,0.0,,,0.0
2025-11-15 23:00:00,,,,,,,1533.0,1533.0,,,0.0,,,0.0
2025-11-16 00:00:00,,,,,,,1529.0,1529.0,,,0.0,,,0.0
2025-11-16 01:00:00,,,,,,,1533.0,1533.0,,,0.0,,,0.0
2025-11-16 02:00:00,,,,,,,1529.0,1529.0,,,0.0,,,0.0
2025-11-16 03:00:00,,,,,,,1529.0,1529.0,,,0.0,,,0.0
2025-11-16 04:00:00,,,,,,,1533.0,1533.0,,,0.0,,,0.0
2025-11-16 05:00:00,,,,,,,1533.0,1533.0,,,0.0,,,0.0
2025-11-16 06:00:00,,,,,,,1533.0,1533.0,,,0.0,,,0.0
2025-11-16 07:00:00,,,,,,,1533.0,1533.0,,,0.0,,,0.0
2025-11-16 08:00:00,,,,,,,509.0,509.0,,,0.0,,,0.0
2025-11-16 09:00:00,,,,,,,509.0,509.0,,,0.0,,,0.0
2025-11-16 10:00:00,,,,,,,509.0,509.0,,,0.0,,,0.0
2025-11-16 11:00:00,,,,,,,509.0,509.0,,,0.0,,,0.0
2025-11-16 12:00:00,,,,,,,509.0,509.0,,,0.0,,,0.0
2025-11-16 13:00:00,,,,,,,509.0,509.0,,,0.0,,,0.0
2025-11-16 14:00:00,,,,,,,249.0,248.0,0.3254,0.019399999,2.0,1.094,0.0826,2.0
2025-11-16 15:00:00,,,,,,,249.0,248.0,0.35079998,0.0722,6.0,1.1595,0.045700014,6.0
2025-11-16 16:00:00,,,,,,,1529.0,1529.0,0.2656,0.0642,3.0,1.1197,0.04759997,3.0
2025-11-16 17:00:00,,,,,,,1529.0,1529.0,,,0.0,,,0.0
2025-11-16 18:00:00,,,,,,,1533.0,1533.0,,,0.0,,,0.0
2025-11-16 19:00:00,,,,,,,1529.0,1529.0,,,0.0,,,0.0
2025-11-16 20:00:00,,,,,,,1533.0,1533.0,,,0.0,,,0.0
2025-11-16 21:00:00,,,,,,,1533.0,1533.0,,,0.0,,,0.0
2025-11-16 22:00:00,,,,,,,1533.0,1533.0,,,0.0,,,0.0
2025-11-16 23:00:00,,,,,,,1533.0,1533.0,,,0.0,,,0.0
2025-11-17 00:00:00,,,,,,,1533.0,1533.0,,,0.0,,,0.0
2025-11-17 01:00:00,,,,,,,1533.0,1533.0,,,0.0,,,0.0
2025-11-17 02:00:00,,,,,,,1533.0,1533.0,,,0.0,,,0.0
2025-11-17 03:00:00,,,,,,,1533.0,1533.0,,,0.0,,,0.0
2025-11-17 04:00:00,,,,,,,1529.0,1529.0,,,0.0,,,0.0
2025-11-17 05:00:00,,,,,,,1529.0,1529.0,,,0.0,,,0.0
2025-11-17 06:00:00,,,,,,,1533.0,1533.0,,,0.0,,,0.0
2025-11-17 07:00:00,,,,,,,1533.0,1533.0,,,0.0,,,0.0
2025-11-17 08:00:00,,,,,,,509.0,509.0,,,0.0,,,0.0
2025-11-17 09:00:00,,,,,,,509.0,509.0,,,0.0,,,0.0
2025-11-17 10:00:00,,,,,,,509.0,509.0,,,0.0,,,0.0
2025-11-17 11:00:00,,,,,,,509.0,509.0,,,0.0,,,0.0
2025-11-17 12:00:00,,,,,,,509.0,509.0,,,0.0,,,0.0
2025-11-17 13:00:00,,,,,,,509.0,509.0,,,0.0,,,0.0
2025-11-17 14:00:00,,,,,,,509.0,509.0,,,0.0,,,0.0
2025-11-17 15:00:00,,,,,,,509.0,509.0,,,0.0,,,0.0
2025-11-17 16:00:00,,,,,,,1533.0,1533.0,,,0.0,,,0.0
2025-11-17 17:00:00,,,,,,,1533.0,1533.0,,,0.0,,,0.0
2025-11-17 18:00:00,,,,,,,1533.0,1533.0,,,0.0,,,0.0
2025-11-17 19:00:00,,,,,,,1533.0,1533.0,,,0.0,,,0.0
2025-11-17 20:00:00,,,,,,,1529.0,1529.0,,,0.0,,,0.0
2025-11-17 21:00:00,,,,,,,1533.0,1533.0,,,0.0,,,0.0
2025-11-17 22:00:00,,,,,,,1533.0,1533.0,,,0.0,,,0.0
2025-11-17 23:00:00,,,,,,,1533.0,1533.0,,,0.0,,,0.0
2025-11-18 00:00:00,,,,,,,1533.0,1533.0,,,0.0,,,0.0
2025-11-18 01:00:00,,,,,,,1533.0,1533.0,,,0.0,,,0.0
2025-11-18 02:00:00,,,,,,,1533.0,1533.0,,,0.0,,,0.0
2025-11-18 03:00:00,,,,,,,1533.0,1533.0,,,0.0,,,0.0
2025-11-18 04:00:00,,,,,,,1533.0,1533.0,,,0.0,,,0.0
2025-11-18 05:00:00,,,,,,,1533.0,1533.0,,,0.0,,,0.0
2025-11-18 06:00:00,,,,,,,1533.0,1533.0,,,0.0,,,0.0
2025-11-18 07:00:00,,,,,,,1533.0,1533.0,,,0.0,,,0.0
2025-11-18 08:00:00,,,,,,,509.0,509.0,,,0.0,,,0.0
2025-11-18 09:00:00,,,,,,,509.0,509.0,,,0.0,,,0.0
2025-11-18 10:00:00,,,,,,,509.0,509.0,,,0.0,,,0.0
2025-11-18 11:00:00,,,,,,,509.0,509.0,,,0.0,,,0.0
2025-11-18 12:00:00,,,,,,,509.0,509.0,,,0.0,,,0.0
2025-11-18 13:00:00,,,,,,,509.0,509.0,,,0.0,,,0.0
2025-11-18 14:00:00,,,,,,,509.0,509.0,,,0.0,,,0.0
2025-11-18 15:00:00,,,,,,,509.0,509.0,,,0.0,,,0.0
2025-11-18 16:00:00,,,,,,,1533.0,1533.0,,,0.0,,,0.0
2025-11-18 17:00:00,,,,,,,1529.0,1529.0,,,0.0,,,0.0
2025-11-18 18:00:00,,,,,,,1529.0,1529.0,,,0.0,,,0.0
2025-11-18 19:00:00,,,,,,,1273.0,1273.0,,,0.0,,,0.0
2025-11-18 20:00:00,,,,,,,1529.0,1529.0,,,0.0,,,0.0
2025-11-18 21:00:00,,,,,,,1529.0,1529.0,,,0.0,,,0.0
2025-11-18 22:00:00,,,,,,,1533.0,1533.0,,,0.0,,,0.0
2025-11-18 23:00:00,,,,,,,1533.0,1533.0,,,0.0,,,0.0
2025-11-19 00:00:00,,,,,,,1529.0,1529.0,,,0.0,,,0.0
2025-11-19 01:00:00,,,,,,,1533.0,1533.0,,,0.0,,,0.0
2025-11-19 02:00:00,,,,,,,1533.0,1533.0,,,0.0,,,0.0
2025-11-19 03:00:00,,,,,,,1529.0,1529.0,,,0.0,,,0.0
2025-11-19 04:00:00,,,,,,,1533.0,1533.0,,,0.0,,,0.0
2025-11-19 05:00:00,,,,,,,1533.0,1533.0,,,0.0,,,0.0
2025-11-19 06:00:00,,,,,,,1533.0,1533.0,,,0.0,,,0.0
2025-11-19 07:00:00,,,,,,,1533.0,1533.0,,,0.0,,,0.0
2025-11-19 08:00:00,,,,,,,509.0,509.0,,,0.0,,,0.0
2025-11-19 09:00:00,,,,,,,509.0,509.0,,,0.0,,,0.0
2025-11-19 10:00:00,,,,,,,509.0,509.0,,,0.0,,,0.0
2025-11-19 11:00:00,,,,,,,509.0,509.0,,,0.0,,,0.0
2025-11-19 12:00:00,,,,,,,509.0,509.0,,,0.0,,,0.0
2025-11-19 13:00:00,,,,,,,509.0,509.0,,,0.0,,,0.0
2025-11-19 14:00:00,,,,,,,509.0,509.0,,,0.0,,,0.0
2025-11-19 15:00:00,,,,,,,509.0,509.0,,,0.0,,,0.0
2025-11-19 16:00:00,,,,,,,1533.0,1533.0,,,0.0,,,0.0
2025-11-19 17:00:00,,,,,,,1529.0,1529.0,,,0.0,,,0.0
2025-11-19 18:00:00,,,,,,,1533.0,1533.0,,,0.0,,,0.0
2025-11-19 19:00:00,,,,,,,1529.0,1529.0,,,0.0,,,0.0
2025-11-19 20:00:00,,,,,,,1529.0,1529.0,,,0.0,,,0.0
2025-11-19 21:00:00,,,,,,,1533.0,1533.0,,,0.0,,,0.0
2025-11-19 22:00:00,,,,,,,1533.0,1533.0,,,0.0,,,0.0
2025-11-19 23:00:00,,,,,,,1533.0,1533.0,,,0.0,,,0.0
2025-11-20 00:00:00,,,,,,,1533.0,1533.0,,,0.0,,,0.0
2025-11-20 01:00:00,,,,,,,1529.0,1529.0,,,0.0,,,0.0
2025-11-20 02:00:00,,,,,,,1533.0,1533.0,,,0.0,,,0.0
2025-11-20 03:00:00,,,,,,,1273.0,1273.0,,,0.0,,,0.0
2025-11-20 04:00:00,,,,,,,1273.0,1273.0,,,0.0,,,0.0
2025-11-20 05:00:00,,,,,,,1273.0,1273.0,,,0.0,,,0.0
2025-11-20 06:00:00,,,,,,,1273.0,1273.0,,,0.0,,,0.0
2025-11-20 07:00:00,,,,,,,1533.0,1533.0,,,0.0,,,0.0
2025-11-20 08:00:00,,,,,,,509.0,509.0,,,0.0,,,0.0
2025-11-20 09:00:00,,,,,,,509.0,509.0,,,0.0,,,0.0
2025-11-20 10:00:00,,,,,,,505.0,504.0,0.6344,0.0,1.0,1.1294,0.0,1.0
2025-11-20 11:00:00,,,,,,,505.0,504.0,0.1928,0.0,1.0,1.2356,0.0,1.0
2025-11-20 12:00:00,,,,,,,249.0,248.0,0.0568,0.04,6.0,1.2445999,0.0018000007,6.0
2025-11-20 13:00:00,,,,,,,505.0,504.0,0.038399998,0.0148,6.0,1.2507,0.0020999908,6.0
2025-11-20 14:00:00,0.107599996,0.0232,0.68399996,0.6839,,,2240.0,2240.0,0.0556,0.0218,5.0,1.2242,0.0097,5.0
2025-11-20 15:00:00,0.091,0.0008,0.9661,0.9661,,,2240.0,2240.0,0.008599999,0.010799999,6.0,1.2248,0.006099999,6.0
2025-11-20 16:00:00,,,,,,,1273.0,1273.0,0.0002,0.0,1.0,,-0.5,0.0
2025-11-20 17:00:00,,,,,,,1273.0,1273.0,,,0.0,,,0.0
2025-11-20 18:00:00,,,,,,,1273.0,1273.0,,,0.0,,,0.0
2025-11-20 19:00:00,,,,,,,1273.0,1273.0,,,0.0,,,0.0
2025-11-20 20:00:00,,,,,,,1273.0,1273.0,,,0.0,,,0.0
2025-11-20 21:00:00,,,,,,,1533.0,1533.0,,,0.0,,,0.0
2025-11-20 22:00:00,,,,,,,1273.0,1273.0,,,0.0,,,0.0
2025-11-20 23:00:00,,,,,,,1273.0,1273.0,,,0.0,,,0.0
2025-11-21 00:00:00,,,,,,,1273.0,1273.0,,,0.0,,,0.0
2025-11-21 01:00:00,,,,,,,1273.0,1273.0,,,0.0,,,0.0
2025-11-21 02:00:00,,,,,,,1533.0,1533.0,,,0.0,,,0.0
2025-11-21 03:00:00,,,,,,,1533.0,1533.0,,,0.0,,,0.0
2025-11-21 04:00:00,,,,,,,1533.0,1533.0,,,0.0,,,0.0
2025-11-21 05:00:00,,,,,,,1533.0,1533.0,,,0.0,,,0.0
2025-11-21 06:00:00,,,,,,,1529.0,1529.0,,,0.0,,,0.0
2025-11-21 07:00:00,,,,,,,1533.0,1533.0,,,0.0,,,0.0
2025-11-21 08:00:00,,,,,,,509.0,509.0,,,0.0,,,0.0
2025-11-21 09:00:00,,,,,,,509.0,509.0,,,0.0,,,0.0
2025-11-21 10:00:00,,,,,,,509.0,509.0,,,0.0,,,0.0
2025-11-21 11:00:00,,,,,,,505.0,505.0,0.9916,0.0,1.0,1.1373,0.0,1.0
2025-11-21 12:00:00,,,,,,,505.0,504.0,0.1026,0.019399999,2.0,1.2206999,0.04009998,2.0
2025-11-21 13:00:00,,,,,,,505.0,504.0,0.0742,0.021399999,6.0,1.2708,0.01730001,6.0
2025-11-21 14:00:00,0.0424,,,,,,2241.0,2296.0,0.0412,0.016999999,6.0,1.2706,0.013199985,6.0
2025-11-21 15:00:00,0.0628,0.0556,0.9428,0.9428,,,192.0,192.0,0.063999996,0.0324,6.0,1.2759,0.010199964,6.0
2025-11-21 16:00:00,0.079799995,,,,,,1217.0,1273.0,0.101799995,0.015999999,3.0,1.2832999,0.0058999658,3.0
2025-11-21 17:00:00,,,,,,,1273.0,1273.0,,,0.0,,,0.0
2025-11-21 18:00:00,,,,,,,1273.0,1273.0,,,0.0,,,0.0
2025-11-21 19:00:00,,,,,,,1533.0,1533.0,,,0.0,,,0.0
2025-11-21 20:00:00,,,,,,,1529.0,1529.0,,,0.0,,,0.0
2025-11-21 21:00:00,,,,,,,1533.0,1533.0,,,0.0,,,0.0
2025-11-21 22:00:00,,,,,,,1529.0,1529.0,,,0.0,,,0.0
2025-11-21 23:00:00,,,,,,,1533.0,1533.0,,,0.0,,,0.0
2025-11-22 00:00:00,,,,,,,1273.0,1273.0,,,0.0,,,0.0
2025-11-22 01:00:00,,,,,,,1529.0,1529.0,,,0.0,,,0.0
2025-11-22 02:00:00,,,,,,,1533.0,1533.0,,,0.0,,,0.0
2025-11-22 03:00:00,,,,,,,1529.0,1529.0,,,0.0,,,0.0
2025-11-22 04:00:00,,,,,,,1533.0,1533.0,,,0.0,,,0.0
2025-11-22 05:00:00,,,,,,,1529.0,1529.0,,,0.0,,,0.0
2025-11-22 06:00:00,,,,,,,1273.0,1273.0,,,0.0,,,0.0
2025-11-22 07:00:00,,,,,,,1533.0,1533.0,,,0.0,,,0.0
2025-11-22 08:00:00,,,,,,,509.0,509.0,,,0.0,,,0.0
2025-11-22 09:00:00,,,,,,,509.0,509.0,,,0.0,,,0.0
2025-11-22 10:00:00,,,,,,,509.0,509.0,,,0.0,,,0.0
2025-11-22 11:00:00,,,,,,,509.0,509.0,,,0.0,,,0.0
2025-11-22 12:00:00,,,,,,,509.0,509.0,,,0.0,,,0.0
2025-11-22 13:00:00,,,,,,,509.0,509.0,,,0.0,,,0.0
2025-11-22 14:00:00,,,,,,,509.0,509.0,,,0.0,,,0.0
2025-11-22 15:00:00,,,,,,,509.0,509.0,,,0.0,,,0.0
2025-11-22 16:00:00,,,,,,,1533.0,1533.0,,,0.0,,,0.0
2025-11-22 17:00:00,,,,,,,1273.0,1273.0,,,0.0,,,0.0
2025-11-22 18:00:00,,,,,,,1273.0,1273.0,,,0.0,,,0.0
2025-11-22 19:00:00,,,,,,,1273.0,1273.0,,,0.0,,,0.0
2025-11-22 20:00:00,,,,,,,1273.0,1273.0,,,0.0,,,0.0
2025-11-22 21:00:00,,,,,,,1273.0,1273.0,,,0.0,,,0.0
2025-11-22 22:00:00,,,,,,,1273.0,1273.0,,,0.0,,,0.0
2025-11-22 23:00:00,,,,,,,1529.0,1529.0,,,0.0,,,0.0
2025-11-23 00:00:00,,,,,,,1273.0,1273.0,,,0.0,,,0.0
2025-11-23 01:00:00,,,,,,,1273.0,1273.0,,,0.0,,,0.0
2025-11-23 02:00:00,,,,,,,1273.0,1273.0,,,0.0,,,0.0
2025-11-23 03:00:00,,,,,,,1273.0,1273.0,,,0.0,,,0.0
2025-11-23 04:00:00,,,,,,,1273.0,1273.0,,,0.0,,,0.0
2025-11-23 05:00:00,,,,,,,1529.0,1529.0,,,0.0,,,0.0
2025-11-23 06:00:00,,,,,,,1529.0,1529.0,,,0.0,,,0.0
2025-11-23 07:00:00,,,,,,,1533.0,1533.0,,,0.0,,,0.0
2025-11-23 08:00:00,,,,,,,509.0,509.0,,,0.0,,,0.0
2025-11-23 09:00:00,,,,,,,509.0,509.0,0.8792,0.0,1.0,0.9045999,0.0,1.0
2025-11-23 10:00:00,,,,,,,249.0,248.0,0.2742,0.0714,4.0,1.1848999,0.06979996,4.0
2025-11-23 11:00:00,,,,,,,249.0,248.0,0.3302,0.036,4.0,1.1143,0.009599984,4.0
2025-11-23 12:00:00,,,,,,,249.0,249.0,0.3328,0.0094,5.0,1.112,0.013099968,5.0
2025-11-23 13:00:00,0.35099998,0.3202,0.287,0.2866,,0.9979,192.0,0.0,0.502,0.24319999,4.0,0.88469994,0.13589996,4.0
2025-11-23 14:00:00,0.3302,0.27019998,0.53859997,0.5385,-0.4314,,0.0,192.0,0.3504,0.0678,6.0,1.217,0.16999996,6.0
2025-11-23 15:00:00,0.2778,0.29999998,0.7686,0.7686,,,192.0,192.0,0.29799998,0.02,6.0,1.1653999,0.11479998,6.0
2025-11-23 16:00:00,0.2408,,,,,,1217.0,1273.0,0.2886,0.0139999995,3.0,1.1959,0.041799963,3.0
2025-11-23 17:00:00,,,,,,,1273.0,1273.0,,,0.0,,,0.0
2025-11-23 18:00:00,,,,,,,1273.0,1273.0,,,0.0,,,0.0
2025-11-23 19:00:00,,,,,,,1273.0,1273.0,,,0.0,,,0.0
2025-11-23 20:00:00,,,,,,,1273.0,1273.0,,,0.0,,,0.0
2025-11-23 21:00:00,,,,,,,1273.0,1273.0,,,0.0,,,0.0
2025-11-23 22:00:00,,,,,,,1273.0,1273.0,,,0.0,,,0.0
2025-11-23 23:00:00,,,,,,,1273.0,1273.0,,,0.0,,,0.0
2025-11-24 00:00:00,,,,,,,1273.0,1273.0,,,0.0,,,0.0
2025-11-24 01:00:00,,,,,,,1273.0,1273.0,,,0.0,,,0.0
2025-11-24 02:00:00,,,,,,,1273.0,1273.0,,,0.0,,,0.0
2025-11-24 03:00:00,,,,,,,1529.0,1529.0,,,0.0,,,0.0
2025-11-24 04:00:00,,,,,,,1529.0,1529.0,,,0.0,,,0.0
2025-11-24 05:00:00,,,,,,,1533.0,1533.0,,,0.0,,,0.0
2025-11-24 06:00:00,,,,,,,1273.0,1273.0,,,0.0,,,0.0
2025-11-24 07:00:00,,,,,,,1533.0,1533.0,,,0.0,,,0.0
2025-11-24 08:00:00,,,,,,,249.0,248.0,0.3428,0.099,2.0,1.0978999,0.060599983,2.0
2025-11-24 09:00:00,,,,,,,2297.0,2296.0,0.20359999,0.047799997,6.0,1.1897,0.03670001,6.0
2025-11-24 10:00:00,0.2192,,,,,,193.0,248.0,0.20019999,0.0546,6.0,1.221,0.02700001,6.0
2025-11-24 11:00:00,0.23339999,,,,,,449.0,504.0,0.2206,0.023799999,6.0,1.184,0.0058999658,6.0
2025-11-24 12:00:00,,,,,,,505.0,504.0,0.2358,0.0338,6.0,1.1693,0.0546,6.0
2025-11-24 13:00:00,0.2206,0.1972,0.32029998,0.3202,,,192.0,192.0,0.21679999,0.029,6.0,1.1243999,0.082399964,6.0
2025-11-24 14:00:00,0.1822,0.1314,0.6185,0.6185,,,192.0,192.0,0.1682,0.024999999,6.0,1.2472,0.032400012,6.0
2025-11-24 15:00:00,0.13419999,0.0576,0.88229996,0.8822,,,192.0,192.0,0.1232,0.031,6.0,1.2292999,0.014999986,6.0
2025-11-24 16:00:00,0.0898,,,,,,1217.0,1273.0,0.1126,0.0095999995,3.0,1.2397,0.00879997,3.0
2025-11-24 17:00:00,,,,,,,1273.0,1273.0,,,0.0,,,0.0
2025-11-24 18:00:00,,,,,,,1273.0,1273.0,,,0.0,,,0.0
2025-11-24 19:00:00,,,,,,,1273.0,1273.0,,,0.0,,,0.0
2025-11-24 20:00:00,,,,,,,1273.0,1273.0,,,0.0,,,0.0
2025-11-24 21:00:00,,,,,,,1273.0,1273.0,,,0.0,,,0.0
2025-11-24 22:00:00,,,,,,,1273.0,1273.0,,,0.0,,,0.0
2025-11-24 23:00:00,,,,,,,1273.0,1273.0,,,0.0,,,0.0
2025-11-25 00:00:00,,,,,,,1273.0,1273.0,,,0.0,,,0.0
2025-11-25 01:00:00,,,,,,,1273.0,1273.0,,,0.0,,,0.0
2025-11-25 02:00:00,,,,,,,1273.0,1273.0,,,0.0,,,0.0
2025-11-25 03:00:00,,,,,,,1273.0,1273.0,,,0.0,,,0.0
2025-11-25 04:00:00,,,,,,,1273.0,1273.0,,,0.0,,,0.0
2025-11-25 05:00:00,,,,,,,1529.0,1529.0,,,0.0,,,0.0
2025-11-25 06:00:00,,,,,,,1529.0,1529.0,,,0.0,,,0.0
2025-11-25 07:00:00,,,,,,,1533.0,1533.0,,,0.0,,,0.0
2025-11-25 08:00:00,,,,,,,249.0,248.0,0.0802,0.0,1.0,1.2239,0.0,1.0
2025-11-25 09:00:00,0.16759999,0.1384,0.60319996,0.6031,,,192.0,192.0,0.108399995,0.056599997,6.0,1.1944,0.034500003,6.0
2025-11-25 10:00:00,0.17379999,,,,,,453.0,509.0,0.13319999,0.0254,5.0,1.1961,0.031700015,5.0
2025-11-25 11:00:00,,,,,,,505.0,504.0,0.2498,0.049799997,6.0,1.2111,0.0076999664,6.0
2025-11-25 12:00:00,0.2536,0.26639998,0.3128,0.3127,,1.0041,192.0,0.0,0.24059999,0.0156,6.0,1.1748999,0.076600015,6.0
2025-11-25 13:00:00,0.287,0.285,0.27539998,0.2753,,1.0123,192.0,0.0,0.2234,0.044,3.0,1.0884,0.05669999,3.0
2025-11-25 14:00:00,0.232,0.17799999,0.606,0.606,,,192.0,192.0,0.24,0.0356,5.0,1.1607,0.061699986,5.0
2025-11-25 15:00:00,0.24039999,0.1408,0.7859,0.7859,,,192.0,192.0,0.2122,0.040599998,6.0,1.1761,0.03219998,6.0
2025-11-25 16:00:00,0.1814,,,,,,1217.0,1273.0,0.1718,0.023799999,3.0,1.1626999,0.015500009,3.0
2025-11-25 17:00:00,,,,,,,1529.0,1529.0,,,0.0,,,0.0
2025-11-25 18:00:00,,,,,,,1529.0,1529.0,,,0.0,,,0.0
2025-11-25 19:00:00,,,,,,,1273.0,1273.0,,,0.0,,,0.0
2025-11-25 20:00:00,,,,,,,1533.0,1533.0,,,0.0,,,0.0
2025-11-25 21:00:00,,,,,,,1529.0,1529.0,,,0.0,,,0.0
2025-11-25 22:00:00,,,,,,,1273.0,1273.0,,,0.0,,,0.0
2025-11-25 23:00:00,,,,,,,1273.0,1273.0,,,0.0,,,0.0
2025-11-26 00:00:00,,,,,,,1273.0,1273.0,,,0.0,,,0.0
2025-11-26 01:00:00,,,,,,,1533.0,1533.0,,,0.0,,,0.0
2025-11-26 02:00:00,,,,,,,1529.0,1529.0,,,0.0,,,0.0
2025-11-26 03:00:00,,,,,,,1533.0,1533.0,,,0.0,,,0.0
2025-11-26 04:00:00,,,,,,,1533.0,1533.0,,,0.0,,,0.0
2025-11-26 05:00:00,,,,,,,1533.0,1533.0,,,0.0,,,0.0
2025-11-26 06:00:00,,,,,,,1273.0,1273.0,,,0.0,,,0.0
2025-11-26 07:00:00,,,,,,,1533.0,1533.0,,,0.0,,,0.0
2025-11-26 08:00:00,,,,,,,249.0,248.0,0.3136,0.0,1.0,0.97179997,0.0,1.0
2025-11-26 09:00:00,,,,,,,249.0,249.0,0.2096,0.0558,3.0,1.036,0.0055999756,3.0
2025-11-26 10:00:00,0.2618,,,,-0.27060002,,1.0,248.0,0.2518,0.122999996,4.0,1.0653,0.07949996,4.0
2025-11-26 11:00:00,0.30879998,,,,,,193.0,248.0,0.23979999,0.051599998,6.0,1.0244,0.0036000013,6.0
2025-11-26 12:00:00,0.3126,,,,,,449.0,504.0,0.3062,0.0254,6.0,1.045,0.0041999817,6.0
2025-11-26 13:00:00,0.2348,,,,,,193.0,249.0,0.012,0.0084,5.0,1.0347999,0.0052999854,5.0
2025-11-26 14:00:00,0.1374,0.2376,0.4012,0.401,,,2240.0,2240.0,0.2182,0.023,5.0,0.9756,0.025399983,5.0
2025-11-26 15:00:00,0.1804,,,,,,2241.0,2296.0,0.22459999,0.022799999,2.0,0.94799995,0.043200016,2.0
2025-11-26 16:00:00,,,,,,,1273.0,1273.0,0.24039999,0.0168,2.0,0.8960999,0.0069000125,2.0
2025-11-26 17:00:00,,,,,,,1273.0,1273.0,,,0.0,,,0.0
2025-11-26 18:00:00,,,,,,,1529.0,1529.0,,,0.0,,,0.0
2025-11-26 19:00:00,,,,,,,1273.0,1273.0,,,0.0,,,0.0
2025-11-26 20:00:00,,,,,,,1273.0,1273.0,,,0.0,,,0.0
2025-11-26 21:00:00,,,,,,,1273.0,1273.0,,,0.0,,,0.0
2025-11-26 22:00:00,,,,,,,1273.0,1273.0,,,0.0,,,0.0
2025-11-26 23:00:00,,,,,,,1273.0,1273.0,,,0.0,,,0.0
2025-11-27 00:00:00,,,,,,,1273.0,1273.0,,,0.0,,,0.0
2025-11-27 01:00:00,,,,,,,1273.0,1273.0,,,0.0,,,0.0
2025-11-27 02:00:00,,,,,,,1273.0,1273.0,,,0.0,,,0.0
2025-11-27 03:00:00,,,,,,,1273.0,1273.0,,,0.0,,,0.0
2025-11-27 04:00:00,,,,,,,1273.0,1273.0,,,0.0,,,0.0
2025-11-27 05:00:00,,,,,,,1273.0,1273.0,,,0.0,,,0.0
2025-11-27 06:00:00,,,,,,,1273.0,1273.0,,,0.0,,,0.0
2025-11-27 07:00:00,,,,,,,1273.0,1273.0,,,0.0,,,0.0
2025-11-27 08:00:00,,,,,,,249.0,249.0,,,0.0,,,0.0
2025-11-27 09:00:00,,,,,,,249.0,249.0,,,0.0,,,0.0
2025-11-27 10:00:00,,,,,,,505.0,505.0,,,0.0,,,0.0
2025-11-27 11:00:00,0.19,0.3646,0.9345,0.9343,,,2240.0,2240.0,0.19559999,0.121599995,3.0,1.0835999,0.008599997,3.0
2025-11-27 12:00:00,,,,,,,509.0,509.0,0.312,0.0548,5.0,1.1187999,0.007099986,5.0
2025-11-27 13:00:00,,,,,,,2297.0,2296.0,0.034199998,0.0098,6.0,1.1489999,0.0029000044,6.0
2025-11-27 14:00:00,,,,,,,2553.0,2552.0,0.12539999,0.062,4.0,1.106,0.030200005,4.0
2025-11-27 15:00:00,,,,,,,505.0,505.0,0.0884,0.076799996,2.0,1.1011,0.0528,2.0
2025-11-27 16:00:00,,,,,,,1529.0,1529.0,,,0.0,,,0.0
2025-11-27 17:00:00,,,,,,,1529.0,1529.0,,,0.0,,,0.0
2025-11-27 18:00:00,,,,,,,1533.0,1533.0,,,0.0,,,0.0
2025-11-27 19:00:00,,,,,,,1533.0,1533.0,,,0.0,,,0.0
2025-11-27 20:00:00,,,,,,,1529.0,1529.0,,,0.0,,,0.0
2025-11-27 21:00:00,,,,,,,1529.0,1529.0,,,0.0,,,0.0
2025-11-27 22:00:00,,,,,,,1529.0,1529.0,,,0.0,,,0.0
2025-11-27 23:00:00,,,,,,,1533.0,1533.0,,,0.0,,,0.0
2025-11-28 00:00:00,,,,,,,1533.0,1533.0,,,0.0,,,0.0
2025-11-28 01:00:00,,,,,,,1533.0,1533.0,,,0.0,,,0.0
2025-11-28 02:00:00,,,,,,,1533.0,1533.0,,,0.0,,,0.0
2025-11-28 03:00:00,,,,,,,1533.0,1533.0,,,0.0,,,0.0
2025-11-28 04:00:00,,,,,,,1533.0,1533.0,,,0.0,,,0.0
2025-11-28 05:00:00,,,,,,,1529.0,1529.0,,,0.0,,,0.0
2025-11-28 06:00:00,,,,,,,1529.0,1529.0,,,0.0,,,0.0
2025-11-28 07:00:00,,,,,,,1273.0,1273.0,,,0.0,,,0.0
2025-11-28 08:00:00,,,,,,,505.0,505.0,,,0.0,,,0.0
2025-11-28 09:00:00,,,,,,,249.0,249.0,,,0.0,,,0.0
2025-11-28 10:00:00,,,,,,,505.0,505.0,0.005,0.0,1.0,1.0733999,0.0,1.0
2025-11-28 11:00:00,,,,,,,505.0,504.0,0.41619998,0.0,1.0,1.0324999,0.0,1.0
2025-11-28 12:00:00,,,,,,,505.0,504.0,0.4536,0.0752,4.0,1.0817,0.030499995,4.0
2025-11-28 13:00:00,,,,,,,505.0,504.0,0.434,0.3518,3.0,1.022,0.1358,3.0
2025-11-28 14:00:00,,,,,,,505.0,504.0,0.6234,0.2452,3.0,0.91349995,0.09779996,3.0
2025-11-28 15:00:00,0.1252,,,,,,2241.0,2296.0,0.1528,0.0074,3.0,0.9915,0.010999978,3.0
2025-11-28 16:00:00,,,,,,,1273.0,1273.0,0.31219998,0.0,1.0,0.969,0.0,1.0
2025-11-28 17:00:00,,,,,,,1273.0,1273.0,,,0.0,,,0.0
2025-11-28 18:00:00,,,,,,,1273.0,1273.0,,,0.0,,,0.0
2025-11-28 19:00:00,,,,,,,1273.0,1273.0,,,0.0,,,0.0
2025-11-28 20:00:00,,,,,,,1273.0,1273.0,,,0.0,,,0.0
2025-11-28 21:00:00,,,,,,,1273.0,1273.0,,,0.0,,,0.0
2025-11-28 22:00:00,,,,,,,1273.0,1273.0,,,0.0,,,0.0
2025-11-28 23:00:00,,,,,,,1273.0,1273.0,,,0.0,,,0.0
2025-11-29 00:00:00,,,,,,,1273.0,1273.0,,,0.0,,,0.0
2025-11-29 01:00:00,,,,,,,1273.0,1273.0,,,0.0,,,0.0
2025-11-29 02:00:00,,,,,,,1273.0,1273.0,,,0.0,,,0.0
2025-11-29 03:00:00,,,,,,,1273.0,1273.0,,,0.0,,,0.0
2025-11-29 04:00:00,,,,,,,1273.0,1273.0,,,0.0,,,0.0
2025-11-29 05:00:00,,,,,,,1273.0,1273.0,,,0.0,,,0.0
2025-11-29 06:00:00,,,,,,,1273.0,1273.0,,,0.0,,,0.0
2025-11-29 07:00:00,,,,,,,1273.0,1273.0,,,0.0,,,0.0
2025-11-29 08:00:00,,,,,,,249.0,249.0,,,0.0,,,0.0
2025-11-29 09:00:00,0.0464,,,,,,2241.0,2296.0,0.0052,0.0,2.0,1.0094999,0.0055999756,2.0
2025-11-29 10:00:00,0.076,,,,,,193.0,249.0,,,0.0,,,0.0
2025-11-29 11:00:00,0.22659999,0.5732,0.96209997,0.9618,,,2240.0,2240.0,0.5732,0.0,1.0,0.8773,0.0,1.0
2025-11-29 12:00:00,0.4682,,,,,,2241.0,2296.0,0.4364,0.1028,6.0,0.9771,0.026600003,6.0
2025-11-29 13:00:00,0.45279998,0.8052,0.5771,0.5766,,,2240.0,2240.0,0.24499999,0.2522,6.0,0.9592999,0.11689997,6.0
2025-11-29 14:00:00,0.39679998,0.3576,0.3988,0.3985,,,2240.0,2240.0,0.5536,0.1214,4.0,0.7739999,0.015699983,4.0
2025-11-29 15:00:00,0.361,,,,-0.347,,1.0,248.0,0.405,0.055999998,6.0,0.8779,0.10820001,6.0
2025-11-29 16:00:00,0.34579998,,,,,,1217.0,1273.0,0.45319998,0.0168,2.0,0.89479995,0.03979999,2.0
2025-11-29 17:00:00,,,,,,,1273.0,1273.0,,,0.0,,,0.0
2025-11-29 18:00:00,,,,,,,1273.0,1273.0,,,0.0,,,0.0
2025-11-29 19:00:00,,,,,,,1273.0,1273.0,,,0.0,,,0.0
2025-11-29 20:00:00,,,,,,,1273.0,1273.0,,,0.0,,,0.0
2025-11-29 21:00:00,,,,,,,1273.0,1273.0,,,0.0,,,0.0
2025-11-29 22:00:00,,,,,,,1273.0,1273.0,,,0.0,,,0.0
2025-11-29 23:00:00,,,,,,,1273.0,1273.0,,,0.0,,,0.0
2025-11-30 00:00:00,,,,,,,1273.0,1273.0,,,0.0,,,0.0
2025-11-30 01:00:00,,,,,,,1533.0,1533.0,,,0.0,,,0.0
2025-11-30 02:00:00,,,,,,,1273.0,1273.0,,,0.0,,,0.0
2025-11-30 03:00:00,,,,,,,1273.0,1273.0,,,0.0,,,0.0
2025-11-30 04:00:00,,,,,,,1529.0,1529.0,,,0.0,,,0.0
2025-11-30 05:00:00,,,,,,,1273.0,1273.0,,,0.0,,,0.0
2025-11-30 06:00:00,,,,,,,1273.0,1273.0,,,0.0,,,0.0
2025-11-30 07:00:00,,,,,,,1529.0,1529.0,,,0.0,,,0.0
2025-11-30 08:00:00,,,,,,,249.0,249.0,,,0.0,,,0.0
2025-11-30 09:00:00,,,,,,,509.0,509.0,,,0.0,,,0.0
2025-11-30 10:00:00,,,,,,,509.0,509.0,0.3178,0.040599998,3.0,0.9634,0.031399965,3.0
2025-11-30 11:00:00,,,,,,,249.0,248.0,0.7306,0.104399994,4.0,1.0421,0.20159996,4.0
2025-11-30 12:00:00,0.583,,,,,,2241.0,2296.0,0.6274,0.1478,6.0,0.8485,0.056800008,6.0
2025-11-30 13:00:00,0.5758,0.8524,0.5654,0.5647,,0.7348,192.0,0.0,0.43039998,0.1892,6.0,0.9045,0.0765,6.0
2025-11-30 14:00:00,0.56799996,0.6084,0.41459998,0.4143,,0.8965,192.0,0.0,0.6584,0.0524,6.0,0.8923999,0.04859996,6.0
2025-11-30 15:00:00,0.5726,,,,,,193.0,248.0,0.6418,0.0436,6.0,0.9878,0.08469999,6.0
2025-11-30 16:00:00,0.617,,,,,,1217.0,1273.0,0.6836,0.044999998,2.0,0.88909996,0.014199972,2.0
2025-11-30 17:00:00,,,,,,,1273.0,1273.0,,,0.0,,,0.0
2025-11-30 18:00:00,,,,,,,1273.0,1273.0,,,0.0,,,0.0
2025-11-30 19:00:00,,,,,,,1273.0,1273.0,,,0.0,,,0.0
2025-11-30 20:00:00,,,,,,,1273.0,1273.0,,,0.0,,,0.0
2025-11-30 21:00:00,,,,,,,1273.0,1273.0,,,0.0,,,0.0
2025-11-30 22:00:00,,,,,,,1273.0,1273.0,,,0.0,,,0.0
2025-11-30 23:00:00,,,,,,,1273.0,1273.0,,,0.0,,,0.0
2025-12-01 00:00:00,,,,,,,1273.0,1273.0,,,0.0,,,0.0
2025-12-01 01:00:00,,,,,,,1273.0,1273.0,,,0.0,,,0.0
2025-12-01 02:00:00,,,,,,,1273.0,1273.0,,,0.0,,,0.0
2025-12-01 03:00:00,,,,,,,1273.0,1273.0,,,0.0,,,0.0
2025-12-01 04:00:00,,,,,,,1273.0,1273.0,,,0.0,,,0.0
2025-12-01 05:00:00,,,,,,,1273.0,1273.0,,,0.0,,,0.0
2025-12-01 06:00:00,,,,,,,1273.0,1273.0,,,0.0,,,0.0
2025-12-01 07:00:00,,,,,,,1533.0,1533.0,,,0.0,,,0.0
2025-12-01 08:00:00,,,,,,,509.0,509.0,,,0.0,,,0.0
2025-12-01 09:00:00,,,,,,,509.0,509.0,,,0.0,,,0.0
2025-12-01 10:00:00,,,,,,,509.0,509.0,,,0.0,,,0.0
2025-12-01 11:00:00,,,,,,,505.0,504.0,2.1062,0.0,1.0,0.9958999,0.0,1.0
2025-12-01 12:00:00,,,,,,,249.0,248.0,1.1164,0.28239998,6.0,0.9928,0.09889996,6.0
2025-12-01 13:00:00,0.75479996,,,,,,193.0,248.0,0.63159996,0.21319999,6.0,1.1918,0.17649996,6.0
2025-12-01 14:00:00,0.552,0.6308,0.4236,0.4229,0.19909996,0.9023,0.0,0.0,0.70019996,0.073199995,6.0,0.87969995,0.1458,6.0
2025-12-01 15:00:00,0.5744,0.57,0.7708,0.7705,0.013799965,,0.0,192.0,0.5808,0.0514,6.0,1.0619999,0.11309999,6.0
2025-12-01 16:00:00,0.56299996,,,,0.17969996,,1025.0,1273.0,0.58059996,0.0028,2.0,1.0438,0.090299964,2.0
2025-12-01 17:00:00,,,,,,,1273.0,1273.0,,,0.0,,,0.0
2025-12-01 18:00:00,,,,,,,1273.0,1273.0,,,0.0,,,0.0
2025-12-01 19:00:00,,,,,,,1273.0,1273.0,,,0.0,,,0.0
2025-12-01 20:00:00,,,,,,,1273.0,1273.0,,,0.0,,,0.0
2025-12-01 21:00:00,,,,,,,1533.0,1533.0,,,0.0,,,0.0
2025-12-01 22:00:00,,,,,,,1273.0,1273.0,,,0.0,,,0.0
2025-12-01 23:00:00,,,,,,,1273.0,1273.0,,,0.0,,,0.0
2025-12-02 00:00:00,,,,,,,1273.0,1273.0,,,0.0,,,0.0
2025-12-02 01:00:00,,,,,,,1273.0,1273.0,,,0.0,,,0.0
2025-12-02 02:00:00,,,,,,,1533.0,1533.0,,,0.0,,,0.0
2025-12-02 03:00:00,,,,,,,1533.0,1533.0,,,0.0,,,0.0
2025-12-02 04:00:00,,,,,,,1529.0,1529.0,,,0.0,,,0.0
2025-12-02 05:00:00,,,,,,,1529.0,1529.0,,,0.0,,,0.0
2025-12-02 06:00:00,,,,,,,1529.0,1529.0,,,0.0,,,0.0
2025-12-02 07:00:00,,,,,,,1273.0,1273.0,,,0.0,,,0.0
2025-12-02 08:00:00,,,,,,,1533.0,1533.0,,,0.0,,,0.0
2025-12-02 09:00:00,,,,,,,505.0,504.0,2.1554,0.0,1.0,0.7135,0.0,1.0
2025-12-02 10:00:00,,,,,,,509.0,509.0,,,0.0,,,0.0
2025-12-02 11:00:00,,,,,,,509.0,509.0,,,0.0,,,0.0
2025-12-02 12:00:00,,,,,,,509.0,509.0,,,0.0,,,0.0
2025-12-02 13:00:00,,,,,,,509.0,509.0,,,0.0,,,0.0
2025-12-02 14:00:00,,,,,,,509.0,509.0,,,0.0,,,0.0
2025-12-02 15:00:00,,,,,,,505.0,504.0,0.6568,0.048,3.0,1.2279999,0.07349998,3.0
2025-12-02 16:00:00,,,,,,,505.0,504.0,0.7532,0.046,2.0,0.9964,0.023699999,2.0
2025-12-02 17:00:00,,,,,,,1533.0,1533.0,,,0.0,,,0.0
2025-12-02 18:00:00,,,,,,0.0001,1273.0,1081.0,,,0.0,,,0.0
2025-12-02 19:00:00,,,,,,,1533.0,1533.0,,,0.0,,,0.0
2025-12-02 20:00:00,,,,,,,1273.0,1273.0,,,0.0,,,0.0
2025-12-02 21:00:00,,,,,,,1533.0,1533.0,,,0.0,,,0.0
2025-12-02 22:00:00,,,,,,,1529.0,1529.0,,,0.0,,,0.0
2025-12-02 23:00:00,,,,,,,1529.0,1529.0,,,0.0,,,0.0
2025-12-03 00:00:00,,,,,,,1529.0,1529.0,,,0.0,,,0.0
2025-12-03 01:00:00,,,,,,,1273.0,1273.0,,,0.0,,,0.0
2025-12-03 02:00:00,,,,,,,1273.0,1273.0,,,0.0,,,0.0
2025-12-03 03:00:00,,,,,,,1529.0,1529.0,,,0.0,,,0.0
2025-12-03 04:00:00,,,,,,,1529.0,1529.0,,,0.0,,,0.0
2025-12-03 05:00:00,,,,,,,1533.0,1533.0,,,0.0,,,0.0
2025-12-03 06:00:00,,,,,,,1273.0,1273.0,,,0.0,,,0.0
2025-12-03 07:00:00,,,,,,,1533.0,1533.0,,,0.0,,,0.0
2025-12-03 08:00:00,,,,,,,1533.0,1533.0,,,0.0,,,0.0
2025-12-03 09:00:00,,,,,,,509.0,509.0,,,0.0,,,0.0
2025-12-03 10:00:00,,,,,,,509.0,509.0,,,0.0,,,0.0
2025-12-03 11:00:00,,,,,,,509.0,509.0,,,0.0,,,0.0
2025-12-03 12:00:00,,,,,,,509.0,509.0,,,0.0,,,0.0
2025-12-03 13:00:00,,,,,,,509.0,509.0,,,0.0,,,0.0
2025-12-03 14:00:00,,,,,,,509.0,509.0,,,0.0,,,0.0
2025-12-03 15:00:00,,,,,,,509.0,509.0,,,0.0,,,0.0
2025-12-03 16:00:00,,,,,,,1533.0,1533.0,,,0.0,,,0.0
2025-12-03 17:00:00,,,,,,,1533.0,1533.0,,,0.0,,,0.0
2025-12-03 18:00:00,,,,,,,1273.0,1273.0,,,0.0,,,0.0
2025-12-03 19:00:00,,,,,,,1273.0,1273.0,,,0.0,,,0.0
2025-12-03 20:00:00,,,,,,,1273.0,1273.0,,,0.0,,,0.0
2025-12-03 21:00:00,,,,,,,1273.0,1273.0,,,0.0,,,0.0
2025-12-03 22:00:00,,,,,,,1273.0,1273.0,,,0.0,,,0.0
2025-12-03 23:00:00,,,,,,,1273.0,1273.0,,,0.0,,,0.0
2025-12-04 00:00:00,,,,,,,1273.0,1273.0,,,0.0,,,0.0
2025-12-04 01:00:00,,,,,,,1529.0,1529.0,,,0.0,,,0.0
2025-12-04 02:00:00,,,,,,,1273.0,1273.0,,,0.0,,,0.0
2025-12-04 03:00:00,,,,,,,1273.0,1273.0,,,0.0,,,0.0
2025-12-04 04:00:00,,,,,,,1273.0,1273.0,,,0.0,,,0.0
2025-12-04 05:00:00,,,,,,,1529.0,1529.0,,,0.0,,,0.0
2025-12-04 06:00:00,,,,,,,1273.0,1273.0,,,0.0,,,0.0
2025-12-04 07:00:00,,,,,,,1533.0,1533.0,,,0.0,,,0.0
2025-12-04 08:00:00,,,,,,,509.0,509.0,,,0.0,,,0.0
2025-12-04 09:00:00,,,,,,,509.0,509.0,,,0.0,,,0.0
2025-12-04 10:00:00,,,,,,,509.0,509.0,,,0.0,,,0.0
2025-12-04 11:00:00,,,,,,,509.0,509.0,,,0.0,,,0.0
2025-12-04 12:00:00,,,,,,,509.0,509.0,,,0.0,,,0.0
2025-12-04 13:00:00,,,,,,,509.0,509.0,2.112,0.0,1.0,0.551,0.0,1.0
2025-12-04 14:00:00,,,,,,,509.0,509.0,,,0.0,,,0.0
2025-12-04 15:00:00,,,,,,,509.0,509.0,,,0.0,,,0.0
2025-12-04 16:00:00,,,,,,,1533.0,1533.0,,,0.0,,,0.0
2025-12-04 17:00:00,,,,,,,1273.0,1273.0,,,0.0,,,0.0
2025-12-04 18:00:00,,,,,,,1273.0,1273.0,,,0.0,,,0.0
2025-12-04 19:00:00,,,,,,,1529.0,1529.0,,,0.0,,,0.0
2025-12-04 20:00:00,,,,,,,1533.0,1533.0,,,0.0,,,0.0
2025-12-04 21:00:00,,,,,,,1273.0,1273.0,,,0.0,,,0.0
2025-12-04 22:00:00,,,,,,,1273.0,1273.0,,,0.0,,,0.0
2025-12-04 23:00:00,,,,,,,1273.0,1273.0,,,0.0,,,0.0
2025-12-05 00:00:00,,,,,,,1273.0,1273.0,,,0.0,,,0.0
2025-12-05 01:00:00,,,,,,,1273.0,1273.0,,,0.0,,,0.0
2025-12-05 02:00:00,,,,,,,1273.0,1273.0,,,0.0,,,0.0
2025-12-05 03:00:00,,,,,,,1273.0,1273.0,,,0.0,,,0.0
2025-12-05 04:00:00,,,,,,,1273.0,1273.0,,,0.0,,,0.0
2025-12-05 05:00:00,,,,,,,1273.0,1273.0,,,0.0,,,0.0
2025-12-05 06:00:00,,,,,,,1273.0,1273.0,,,0.0,,,0.0
2025-12-05 07:00:00,,,,,,,1533.0,1533.0,,,0.0,,,0.0
2025-12-05 08:00:00,,,,,,,509.0,509.0,,,0.0,,,0.0
2025-12-05 09:00:00,,,,,,,509.0,509.0,,,0.0,,,0.0
2025-12-05 10:00:00,,,,,,,509.0,509.0,,,0.0,,,0.0
2025-12-05 11:00:00,,,,,,,509.0,509.0,,,0.0,,,0.0
2025-12-05 12:00:00,,,,,,,509.0,509.0,,,0.0,,,0.0
2025-12-05 13:00:00,,,,,,,509.0,509.0,,,0.0,,,0.0
2025-12-05 14:00:00,,,,,,,509.0,509.0,,,0.0,,,0.0
2025-12-05 15:00:00,,,,,,,509.0,509.0,,,0.0,,,0.0
2025-12-05 16:00:00,,,,,,,1533.0,1533.0,,,0.0,,,0.0
2025-12-05 17:00:00,,,,,,,1529.0,1529.0,,,0.0,,,0.0
2025-12-05 18:00:00,,,,,,,1273.0,1273.0,,,0.0,,,0.0
2025-12-05 19:00:00,,,,,,,1273.0,1273.0,,,0.0,,,0.0
2025-12-05 20:00:00,,,,,,,1273.0,1273.0,,,0.0,,,0.0
2025-12-05 21:00:00,,,,,,,1273.0,1273.0,,,0.0,,,0.0
2025-12-05 22:00:00,,,,,,,1273.0,1273.0,,,0.0,,,0.0
2025-12-05 23:00:00,,,,,,,1273.0,1273.0,,,0.0,,,0.0
2025-12-06 00:00:00,,,,,,,1533.0,1533.0,,,0.0,,,0.0
2025-12-06 01:00:00,,,,,,,1529.0,1529.0,,,0.0,,,0.0
2025-12-06 02:00:00,,,,,,,1529.0,1529.0,,,0.0,,,0.0
2025-12-06 03:00:00,,,,,,,1529.0,1529.0,,,0.0,,,0.0
2025-12-06 04:00:00,,,,,,,1273.0,1273.0,,,0.0,,,0.0
2025-12-06 05:00:00,,,,,,,1273.0,1273.0,,,0.0,,,0.0
2025-12-06 06:00:00,,,,,,,1273.0,1273.0,,,0.0,,,0.0
2025-12-06 07:00:00,,,,,,,1533.0,1533.0,,,0.0,,,0.0
2025-12-06 08:00:00,,,,,,,509.0,509.0,,,0.0,,,0.0
2025-12-06 09:00:00,,,,,,,509.0,509.0,,,0.0,,,0.0
2025-12-06 10:00:00,,,,,,,509.0,509.0,,,0.0,,,0.0
2025-12-06 11:00:00,,,,,,,509.0,509.0,,,0.0,,,0.0
2025-12-06 12:00:00,,,,,,,509.0,509.0,,,0.0,,,0.0
2025-12-06 13:00:00,,,,,,,509.0,509.0,,,0.0,,,0.0
2025-12-06 14:00:00,,,,,,,509.0,509.0,,,0.0,,,0.0
2025-12-06 15:00:00,,,,,,,509.0,509.0,,,0.0,,,0.0
2025-12-06 16:00:00,,,,,,,1533.0,1533.0,,,0.0,,,0.0
2025-12-06 17:00:00,,,,,,,1273.0,1273.0,,,0.0,,,0.0
2025-12-06 18:00:00,,,,,,,1273.0,1273.0,,,0.0,,,0.0
2025-12-06 19:00:00,,,,,,,1273.0,1273.0,,,0.0,,,0.0
2025-12-06 20:00:00,,,,,,,1273.0,1273.0,,,0.0,,,0.0
2025-12-06 21:00:00,,,,,,,1273.0,1273.0,,,0.0,,,0.0
2025-12-06 22:00:00,,,,,,,1273.0,1273.0,,,0.0,,,0.0
2025-12-06 23:00:00,,,,,,,1273.0,1273.0,,,0.0,,,0.0
2025-12-07 00:00:00,,,,,,,1273.0,1273.0,,,0.0,,,0.0
2025-12-07 01:00:00,,,,,,,1273.0,1273.0,,,0.0,,,0.0
2025-12-07 02:00:00,,,,,,,1273.0,1273.0,,,0.0,,,0.0
2025-12-07 03:00:00,,,,,,,1273.0,1273.0,,,0.0,,,0.0
2025-12-07 04:00:00,,,,,,,1273.0,1273.0,,,0.0,,,0.0
2025-12-07 05:00:00,,,,,,,1273.0,1273.0,,,0.0,,,0.0
2025-12-07 06:00:00,,,,,,,1533.0,1533.0,,,0.0,,,0.0
2025-12-07 07:00:00,,,,,,,1533.0,1533.0,,,0.0,,,0.0
2025-12-07 08:00:00,,,,,,,1533.0,1533.0,,,0.0,,,0.0
2025-12-07 09:00:00,,,,,,,509.0,509.0,,,0.0,,,0.0
2025-12-07 10:00:00,,,,,,,509.0,509.0,,,0.0,,,0.0
2025-12-07 11:00:00,,,,,,,509.0,509.0,,,0.0,,,0.0
2025-12-07 12:00:00,,,,,,,509.0,509.0,,,0.0,,,0.0
2025-12-07 13:00:00,,,,,,,509.0,509.0,,,0.0,,,0.0
2025-12-07 14:00:00,,,,,,,509.0,509.0,,,0.0,,,0.0
2025-12-07 15:00:00,,,,,,,509.0,509.0,,,0.0,,,0.0
2025-12-07 16:00:00,,,,,,,1533.0,1533.0,1.0224,0.0,1.0,1.1136999,0.0,1.0
2025-12-07 17:00:00,,,,,,,1273.0,1273.0,,,0.0,,,0.0
2025-12-07 18:00:00,,,,,,,1533.0,1533.0,,,0.0,,,0.0
2025-12-07 19:00:00,,,,,,,1273.0,1273.0,,,0.0,,,0.0
2025-12-07 20:00:00,,,,,,,1533.0,1533.0,,,0.0,,,0.0
2025-12-07 21:00:00,,,,,,,1529.0,1529.0,,,0.0,,,0.0
2025-12-07 22:00:00,,,,,,,1529.0,1529.0,,,0.0,,,0.0
2025-12-07 23:00:00,,,,,,,1273.0,1273.0,,,0.0,,,0.0
2025-12-08 00:00:00,,,,,,,1273.0,1273.0,,,0.0,,,0.0
2025-12-08 01:00:00,,,,,,,1273.0,1273.0,,,0.0,,,0.0
2025-12-08 02:00:00,,,,,,,1273.0,1273.0,,,0.0,,,0.0
2025-12-08 03:00:00,,,,,,,1273.0,1273.0,,,0.0,,,0.0
2025-12-08 04:00:00,,,,,,,1273.0,1273.0,,,0.0,,,0.0
2025-12-08 05:00:00,,,,,,,1273.0,1273.0,,,0.0,,,0.0
2025-12-08 06:00:00,,,,,,,1529.0,1529.0,,,0.0,,,0.0
2025-12-08 07:00:00,,,,,,,1533.0,1533.0,,,0.0,,,0.0
2025-12-08 08:00:00,,,,,,,1529.0,1529.0,,,0.0,,,0.0
2025-12-08 09:00:00,,,,,,,2297.0,2296.0,0.2426,0.0,1.0,1.2544,0.0,1.0
2025-12-08 10:00:00,,,,,,,509.0,509.0,0.2444,0.0234,5.0,1.2162,0.013300002,5.0
2025-12-08 11:00:00,,,,,,,249.0,248.0,0.9702,0.073199995,5.0,1.2645999,0.10679996,5.0
2025-12-08 12:00:00,,,,,,,249.0,248.0,0.76,0.1522,6.0,1.1064999,0.037199974,6.0
2025-12-08 13:00:00,,,,,,,509.0,509.0,0.581,0.0358,4.0,1.1686,0.008399963,4.0
2025-12-08 14:00:00,,,,,,,509.0,509.0,1.3701999,0.2254,3.0,0.9022,0.06909996,3.0
2025-12-08 15:00:00,,,,,,,509.0,509.0,,,0.0,,,0.0
2025-12-08 16:00:00,,,,,,,1533.0,1533.0,,,0.0,,,0.0
2025-12-08 17:00:00,,,,,,,1273.0,1273.0,,,0.0,,,0.0
2025-12-08 18:00:00,,,,,,,1273.0,1273.0,,,0.0,,,0.0
2025-12-08 19:00:00,,,,,,,1533.0,1533.0,,,0.0,,,0.0
2025-12-08 20:00:00,,,,,,,1533.0,1533.0,,,0.0,,,0.0
2025-12-08 21:00:00,,,,,,,1273.0,1273.0,,,0.0,,,0.0
2025-12-08 22:00:00,,,,,,,1273.0,1273.0,,,0.0,,,0.0
2025-12-08 23:00:00,,,,,,,1273.0,1273.0,,,0.0,,,0.0
2025-12-09 00:00:00,,,,,,,1273.0,1273.0,,,0.0,,,0.0
2025-12-09 01:00:00,,,,,,,1529.0,1529.0,,,0.0,,,0.0
2025-12-09 02:00:00,,,,,,,1273.0,1273.0,,,0.0,,,0.0
2025-12-09 03:00:00,,,,,,,1273.0,1273.0,,,0.0,,,0.0
2025-12-09 04:00:00,,,,,,,1533.0,1533.0,,,0.0,,,0.0
2025-12-09 05:00:00,,,,,,,1533.0,1533.0,,,0.0,,,0.0
2025-12-09 06:00:00,,,,,,,1529.0,1529.0,,,0.0,,,0.0
2025-12-09 07:00:00,,,,,,,1533.0,1533.0,,,0.0,,,0.0
2025-12-09 08:00:00,,,,,,,1273.0,1273.0,,,0.0,,,0.0
2025-12-09 09:00:00,,,,,,,509.0,509.0,,,0.0,,,0.0
2025-12-09 10:00:00,,,,,,,509.0,509.0,1.4476,0.0,1.0,0.9346,0.0,1.0
2025-12-09 11:00:00,,,,,,,509.0,509.0,,,0.0,,,0.0
2025-12-09 12:00:00,,,,,,,249.0,248.0,0.7262,0.0,1.0,1.1473,0.0,1.0
2025-12-09 13:00:00,,,,,,,509.0,509.0,,,0.0,,,0.0
2025-12-09 14:00:00,,,,,,,509.0,509.0,,,0.0,,,0.0
2025-12-09 15:00:00,,,,,,,509.0,509.0,,,0.0,,,0.0
2025-12-09 16:00:00,,,,,,,1533.0,1533.0,,,0.0,,,0.0
2025-12-09 17:00:00,,,,,,,1533.0,1533.0,,,0.0,,,0.0
2025-12-09 18:00:00,,,,,,,1533.0,1533.0,,,0.0,,,0.0
2025-12-09 19:00:00,,,,,,,1273.0,1273.0,,,0.0,,,0.0
2025-12-09 20:00:00,,,,,,,1273.0,1273.0,,,0.0,,,0.0
2025-12-09 21:00:00,,,,,,,1529.0,1529.0,,,0.0,,,0.0
2025-12-09 22:00:00,,,,,,,1529.0,1529.0,,,0.0,,,0.0
2025-12-09 23:00:00,,,,,,,1529.0,1529.0,,,0.0,,,0.0
2025-12-10 00:00:00,,,,,,,1529.0,1529.0,,,0.0,,,0.0
2025-12-10 01:00:00,,,,,,,1273.0,1273.0,,,0.0,,,0.0
2025-12-10 02:00:00,,,,,,,1273.0,1273.0,,,0.0,,,0.0
2025-12-10 03:00:00,,,,,,,1273.0,1273.0,,,0.0,,,0.0
2025-12-10 04:00:00,,,,,,,1273.0,1273.0,,,0.0,,,0.0
2025-12-10 05:00:00,,,,,,,1273.0,1273.0,,,0.0,,,0.0
2025-12-10 06:00:00,,,,,,,1273.0,1273.0,,,0.0,,,0.0
2025-12-10 07:00:00,,,,,,,1273.0,1273.0,,,0.0,,,0.0
2025-12-10 08:00:00,,,,,,,1273.0,1273.0,,,0.0,,,0.0
2025-12-10 09:00:00,,,,,,,249.0,249.0,,,0.0,,,0.0
2025-12-10 10:00:00,,,,,,,509.0,509.0,0.3234,0.0116,2.0,1.3278999,0.03979999,2.0
2025-12-10 11:00:00,,,,,,,509.0,509.0,,,0.0,,,0.0
2025-12-10 12:00:00,,,,,,,509.0,509.0,,,0.0,,,0.0
2025-12-10 13:00:00,,,,,,,505.0,504.0,1.3664,0.0,1.0,0.9247,0.0,1.0
2025-12-10 14:00:00,,,,,,,509.0,509.0,,,0.0,,,0.0
2025-12-10 15:00:00,,,,,,,509.0,509.0,,,0.0,,,0.0
2025-12-10 16:00:00,,,,,,,1533.0,1533.0,,,0.0,,,0.0
2025-12-10 17:00:00,,,,,,,1273.0,1273.0,,,0.0,,,0.0
2025-12-10 18:00:00,,,,,,,1529.0,1529.0,,,0.0,,,0.0
2025-12-10 19:00:00,,,,,,,1529.0,1529.0,,,0.0,,,0.0
2025-12-10 20:00:00,,,,,,,1273.0,1273.0,,,0.0,,,0.0
2025-12-10 21:00:00,,,,,,,1273.0,1273.0,,,0.0,,,0.0
2025-12-10 22:00:00,,,,,,,1529.0,1529.0,,,0.0,,,0.0
2025-12-10 23:00:00,,,,,,,1533.0,1533.0,,,0.0,,,0.0
2025-12-11 00:00:00,,,,,,,1533.0,1533.0,,,0.0,,,0.0
2025-12-11 01:00:00,,,,,,,1529.0,1529.0,,,0.0,,,0.0
2025-12-11 02:00:00,,,,,,,1273.0,1273.0,,,0.0,,,0.0
2025-12-11 03:00:00,,,,,,,1529.0,1529.0,,,0.0,,,0.0
2025-12-11 04:00:00,,,,,,,1273.0,1273.0,,,0.0,,,0.0
2025-12-11 05:00:00,,,,,,,1529.0,1529.0,,,0.0,,,0.0
2025-12-11 06:00:00,,,,,,,1273.0,1273.0,,,0.0,,,0.0
2025-12-11 07:00:00,,,,,,,1533.0,1533.0,,,0.0,,,0.0
2025-12-11 08:00:00,,,,,,,1533.0,1533.0,,,0.0,,,0.0
2025-12-11 09:00:00,,,,,,,509.0,509.0,,,0.0,,,0.0
2025-12-11 10:00:00,,,,,,,509.0,509.0,,,0.0,,,0.0
2025-12-11 11:00:00,,,,,,,509.0,509.0,,,0.0,,,0.0
2025-12-11 12:00:00,,,,,,,509.0,509.0,,,0.0,,,0.0
2025-12-11 13:00:00,,,,,,,509.0,509.0,,,0.0,,,0.0
2025-12-11 14:00:00,,,,,,,509.0,509.0,,,0.0,,,0.0
2025-12-11 15:00:00,,,,,,,509.0,509.0,,,0.0,,,0.0
2025-12-11 16:00:00,,,,,,,1533.0,1533.0,,,0.0,,,0.0
2025-12-11 17:00:00,,,,,,,1533.0,1533.0,,,0.0,,,0.0
2025-12-11 18:00:00,,,,,,,1533.0,1533.0,,,0.0,,,0.0
2025-12-11 19:00:00,,,,,,,1273.0,1273.0,,,0.0,,,0.0
2025-12-11 20:00:00,,,,,,,1529.0,1529.0,,,0.0,,,0.0
2025-12-11 21:00:00,,,,,,,1529.0,1529.0,,,0.0,,,0.0
2025-12-11 22:00:00,,,,,,,1529.0,1529.0,,,0.0,,,0.0
2025-12-11 23:00:00,,,,,,,1533.0,1533.0,,,0.0,,,0.0
2025-12-12 00:00:00,,,,,,,1529.0,1529.0,,,0.0,,,0.0
2025-12-12 01:00:00,,,,,,,1529.0,1529.0,,,0.0,,,0.0
2025-12-12 02:00:00,,,,,,,1529.0,1529.0,,,0.0,,,0.0
2025-12-12 03:00:00,,,,,,,1273.0,1273.0,,,0.0,,,0.0
2025-12-12 04:00:00,,,,,,,1273.0,1273.0,,,0.0,,,0.0
2025-12-12 05:00:00,,,,,,,1533.0,1533.0,,,0.0,,,0.0
2025-12-12 06:00:00,,,,,,,1273.0,1273.0,,,0.0,,,0.0
2025-12-12 07:00:00,,,,,,,1533.0,1533.0,,,0.0,,,0.0
2025-12-12 08:00:00,,,,,,,1533.0,1533.0,,,0.0,,,0.0
2025-12-12 09:00:00,,,,,,,509.0,509.0,,,0.0,,,0.0
2025-12-12 10:00:00,,,,,,,509.0,509.0,,,0.0,,,0.0
2025-12-12 11:00:00,,,,,,,509.0,509.0,,,0.0,,,0.0
2025-12-12 12:00:00,,,,,,,509.0,509.0,,,0.0,,,0.0
2025-12-12 13:00:00,,,,,,,509.0,509.0,,,0.0,,,0.0
2025-12-12 14:00:00,,,,,,,509.0,509.0,,,0.0,,,0.0
2025-12-12 15:00:00,,,,,,,509.0,509.0,,,0.0,,,0.0
2025-12-12 16:00:00,,,,,,,1533.0,1533.0,,,0.0,,,0.0
2025-12-12 17:00:00,,,,,,,1533.0,1533.0,,,0.0,,,0.0
2025-12-12 18:00:00,,,,,,,1533.0,1533.0,,,0.0,,,0.0
2025-12-12 19:00:00,,,,,,,1533.0,1533.0,,,0.0,,,0.0
2025-12-12 20:00:00,,,,,,,1529.0,1529.0,,,0.0,,,0.0
2025-12-12 21:00:00,,,,,,,1533.0,1533.0,,,0.0,,,0.0
2025-12-12 22:00:00,,,,,,,1529.0,1529.0,,,0.0,,,0.0
2025-12-12 23:00:00,,,,,,,1533.0,1533.0,,,0.0,,,0.0
2025-12-13 00:00:00,,,,,,,1533.0,1533.0,,,0.0,,,0.0
2025-12-13 01:00:00,,,,,,,1529.0,1529.0,,,0.0,,,0.0
2025-12-13 02:00:00,,,,,,,1533.0,1533.0,,,0.0,,,0.0
2025-12-13 03:00:00,,,,,,,1533.0,1533.0,,,0.0,,,0.0
2025-12-13 04:00:00,,,,,,,1533.0,1533.0,,,0.0,,,0.0
2025-12-13 05:00:00,,,,,,,1533.0,1533.0,,,0.0,,,0.0
2025-12-13 06:00:00,,,,,,,1529.0,1529.0,,,0.0,,,0.0
2025-12-13 07:00:00,,,,,,,1533.0,1533.0,,,0.0,,,0.0
2025-12-13 08:00:00,,,,,,,1533.0,1533.0,,,0.0,,,0.0
2025-12-13 09:00:00,,,,,,,509.0,509.0,,,0.0,,,0.0
2025-12-13 10:00:00,,,,,,,509.0,509.0,,,0.0,,,0.0
2025-12-13 11:00:00,,,,,,,509.0,509.0,,,0.0,,,0.0
2025-12-13 12:00:00,,,,,,,509.0,509.0,,,0.0,,,0.0
2025-12-13 13:00:00,,,,,,,509.0,509.0,,,0.0,,,0.0
2025-12-13 14:00:00,,,,,,,509.0,509.0,,,0.0,,,0.0
2025-12-13 15:00:00,,,,,,,509.0,509.0,,,0.0,,,0.0
2025-12-13 16:00:00,,,,,,,1533.0,1533.0,,,0.0,,,0.0
2025-12-13 17:00:00,,,,,,,1533.0,1533.0,,,0.0,,,0.0
2025-12-13 18:00:00,,,,,,,1533.0,1533.0,,,0.0,,,0.0
2025-12-13 19:00:00,,,,,,,1533.0,1533.0,,,0.0,,,0.0
2025-12-13 20:00:00,,,,,,,1533.0,1533.0,,,0.0,,,0.0
2025-12-13 21:00:00,,,,,,,1529.0,1529.0,,,0.0,,,0.0
2025-12-13 22:00:00,,,,,,,1533.0,1533.0,,,0.0,,,0.0
2025-12-13 23:00:00,,,,,,,1533.0,1533.0,,,0.0,,,0.0
2025-12-14 00:00:00,,,,,,,1533.0,1533.0,,,0.0,,,0.0
2025-12-14 01:00:00,,,,,,,1533.0,1533.0,,,0.0,,,0.0
2025-12-14 02:00:00,,,,,,,1533.0,1533.0,,,0.0,,,0.0
2025-12-14 03:00:00,,,,,,,1533.0,1533.0,,,0.0,,,0.0
2025-12-14 04:00:00,,,,,,,1533.0,1533.0,,,0.0,,,0.0
2025-12-14 05:00:00,,,,,,,1533.0,1533.0,,,0.0,,,0.0
2025-12-14 06:00:00,,,,,,,1529.0,1529.0,,,0.0,,,0.0
2025-12-14 07:00:00,,,,,,,1533.0,1533.0,,,0.0,,,0.0
2025-12-14 08:00:00,,,,,,,1533.0,1533.0,,,0.0,,,0.0
2025-12-14 09:00:00,,,,,,,509.0,509.0,,,0.0,,,0.0
2025-12-14 10:00:00,,,,,,,509.0,509.0,,,0.0,,,0.0
2025-12-14 11:00:00,,,,,,,509.0,509.0,,,0.0,,,0.0
2025-12-14 12:00:00,,,,,,,505.0,504.0,0.5572,0.275,4.0,0.98089993,0.22529995,4.0
2025-12-14 13:00:00,,,,,,,249.0,248.0,0.7114,0.4658,2.0,0.834,0.22119999,2.0
2025-12-14 14:00:00,,,,,,,249.0,249.0,0.206,0.015999999,5.0,1.2314999,0.02669996,5.0
2025-12-14 15:00:00,,,,,,,509.0,509.0,,,0.0,,,0.0
2025-12-14 16:00:00,,,,,,,1533.0,1533.0,,,0.0,,,0.0
2025-12-14 17:00:00,,,,,,,1529.0,1529.0,,,0.0,,,0.0
2025-12-14 18:00:00,,,,,,,1529.0,1529.0,,,0.0,,,0.0
2025-12-14 19:00:00,,,,,,,1529.0,1529.0,,,0.0,,,0.0
2025-12-14 20:00:00,,,,,,,1529.0,1529.0,,,0.0,,,0.0
2025-12-14 21:00:00,,,,,,,1533.0,1533.0,,,0.0,,,0.0
2025-12-14 22:00:00,,,,,,,1273.0,1273.0,,,0.0,,,0.0
2025-12-14 23:00:00,,,,,,,1273.0,1273.0,,,0.0,,,0.0
2025-12-15 00:00:00,,,,,,,1273.0,1273.0,,,0.0,,,0.0
2025-12-15 01:00:00,,,,,,,1273.0,1273.0,,,0.0,,,0.0
2025-12-15 02:00:00,,,,,,,1273.0,1273.0,,,0.0,,,0.0
2025-12-15 03:00:00,,,,,,,1273.0,1273.0,,,0.0,,,0.0
2025-12-15 04:00:00,,,,,,,1273.0,1273.0,,,0.0,,,0.0
2025-12-15 05:00:00,,,,,,,1273.0,1273.0,,,0.0,,,0.0
2025-12-15 06:00:00,,,,,,,1273.0,1273.0,,,0.0,,,0.0
2025-12-15 07:00:00,,,,,,,1533.0,1533.0,,,0.0,,,0.0
2025-12-15 08:00:00,,,,,,,1533.0,1533.0,,,0.0,,,0.0
2025-12-15 09:00:00,,,,,,,509.0,509.0,,,0.0,,,0.0
2025-12-15 10:00:00,,,,,,,509.0,509.0,,,0.0,,,0.0
2025-12-15 11:00:00,,,,,,,505.0,505.0,,,0.0,,,0.0
2025-12-15 12:00:00,,,,,,,509.0,509.0,1.6666,0.0,1.0,0.6903,0.0,1.0
2025-12-15 13:00:00,,,,,,,509.0,509.0,,,0.0,,,0.0
2025-12-15 14:00:00,,,,,,,249.0,248.0,0.43339998,0.0742,4.0,1.1818999,0.1336,4.0
2025-12-15 15:00:00,0.556,0.4298,0.6315,0.6314,0.595,,0.0,192.0,0.4166,0.0218,6.0,1.1767,0.0776,6.0
2025-12-15 16:00:00,0.5132,,,,0.255,,1025.0,1273.0,0.4252,0.0142,3.0,1.15,0.00999999,3.0
2025-12-15 17:00:00,,,,,,,1273.0,1273.0,,,0.0,,,0.0
2025-12-15 18:00:00,,,,,,,1273.0,1273.0,,,0.0,,,0.0
2025-12-15 19:00:00,,,,,,,1273.0,1273.0,,,0.0,,,0.0
2025-12-15 20:00:00,,,,,,,1273.0,1273.0,,,0.0,,,0.0
2025-12-15 21:00:00,,,,,,,1273.0,1273.0,,,0.0,,,0.0
2025-12-15 22:00:00,,,,,,,1273.0,1273.0,,,0.0,,,0.0
2025-12-15 23:00:00,,,,,,,1273.0,1273.0,,,0.0,,,0.0
2025-12-16 00:00:00,,,,,,,1529.0,1529.0,,,0.0,,,0.0
2025-12-16 01:00:00,,,,,,,1273.0,1273.0,,,0.0,,,0.0
2025-12-16 02:00:00,,,,,,,1273.0,1273.0,,,0.0,,,0.0
2025-12-16 03:00:00,,,,,,,1273.0,1273.0,,,0.0,,,0.0
2025-12-16 04:00:00,,,,,,,1273.0,1273.0,,,0.0,,,0.0
2025-12-16 05:00:00,,,,,,,1273.0,1273.0,,,0.0,,,0.0
2025-12-16 06:00:00,,,,,,,1273.0,1273.0,,,0.0,,,0.0
2025-12-16 07:00:00,,,,,,,1533.0,1533.0,,,0.0,,,0.0
2025-12-16 08:00:00,,,,,,,1533.0,1533.0,,,0.0,,,0.0
2025-12-16 09:00:00,,,,,,,509.0,509.0,,,0.0,,,0.0
2025-12-16 10:00:00,,,,,,,509.0,509.0,,,0.0,,,0.0
2025-12-16 11:00:00,,0.0,,3.2768,,0.0001,248.0,0.0,,,0.0,,,0.0
2025-12-16 12:00:00,,,,,,,509.0,509.0,,,0.0,,,0.0
2025-12-16 13:00:00,,,,,,,509.0,509.0,,,0.0,,,0.0
2025-12-16 14:00:00,,,,,,,509.0,509.0,,,0.0,,,0.0
2025-12-16 15:00:00,,,,,,,509.0,509.0,,,0.0,,,0.0
2025-12-16 16:00:00,,,,,,,1533.0,1533.0,,,0.0,,,0.0
2025-12-16 17:00:00,,,,,,,1273.0,1273.0,,,0.0,,,0.0
2025-12-16 18:00:00,,,,,,,1273.0,1273.0,,,0.0,,,0.0
2025-12-16 19:00:00,,,,,,,1529.0,1529.0,,,0.0,,,0.0
2025-12-16 20:00:00,,,,,,,1273.0,1273.0,,,0.0,,,0.0
2025-12-16 21:00:00,,,,,,,1273.0,1273.0,,,0.0,,,0.0
2025-12-16 22:00:00,,,,,,,1273.0,1273.0,,,0.0,,,0.0
2025-12-16 23:00:00,,,,,,,1529.0,1529.0,,,0.0,,,0.0
2025-12-17 00:00:00,,,,,,,1273.0,1273.0,,,0.0,,,0.0
2025-12-17 01:00:00,,,,,,,1529.0,1529.0,,,0.0,,,0.0
2025-12-17 02:00:00,,,,,,,1533.0,1533.0,,,0.0,,,0.0
2025-12-17 03:00:00,,,,,,,1533.0,1533.0,,,0.0,,,0.0
2025-12-17 04:00:00,,,,,,,1529.0,1529.0,,,0.0,,,0.0
2025-12-17 05:00:00,,,,,,,1533.0,1533.0,,,0.0,,,0.0
2025-12-17 06:00:00,,,,,,,1533.0,1533.0,,,0.0,,,0.0
2025-12-17 07:00:00,,,,,,,1533.0,1533.0,,,0.0,,,0.0
2025-12-17 08:00:00,,,,,,,1533.0,1533.0,,,0.0,,,0.0
2025-12-17 09:00:00,,,,,,,509.0,509.0,,,0.0,,,0.0
2025-12-17 10:00:00,,,,,,,509.0,509.0,,,0.0,,,0.0
2025-12-17 11:00:00,,,,,,,509.0,509.0,,,0.0,,,0.0
2025-12-17 12:00:00,,,,,,,509.0,509.0,,,0.0,,,0.0
2025-12-17 13:00:00,,,,,,,509.0,509.0,,,0.0,,,0.0
2025-12-17 14:00:00,,,,,,,509.0,509.0,,,0.0,,,0.0
2025-12-17 15:00:00,,,,,,,509.0,509.0,,,0.0,,,0.0
2025-12-17 16:00:00,,,,,,,1533.0,1533.0,0.6732,0.0,1.0,0.9190999,0.0,1.0
2025-12-17 17:00:00,,,,,,,1533.0,1533.0,,,0.0,,,0.0
2025-12-17 18:00:00,,,,,,,1533.0,1533.0,,,0.0,,,0.0
2025-12-17 19:00:00,,,,,,,1529.0,1529.0,,,0.0,,,0.0
2025-12-17 20:00:00,,,,,,,1529.0,1529.0,,,0.0,,,0.0
2025-12-17 21:00:00,,,,,,,1529.0,1529.0,,,0.0,,,0.0
2025-12-17 22:00:00,,,,,,,1529.0,1529.0,,,0.0,,,0.0
2025-12-17 23:00:00,,,,,,,1533.0,1533.0,,,0.0,,,0.0
2025-12-18 00:00:00,,,,,,,1533.0,1533.0,,,0.0,,,0.0
2025-12-18 01:00:00,,,,,,,1529.0,1529.0,,,0.0,,,0.0
2025-12-18 02:00:00,,,,,,,1533.0,1533.0,,,0.0,,,0.0
2025-12-18 03:00:00,,,,,,,1529.0,1529.0,,,0.0,,,0.0
2025-12-18 04:00:00,,,,,,,1533.0,1533.0,,,0.0,,,0.0
2025-12-18 05:00:00,,,,,,,1529.0,1529.0,,,0.0,,,0.0
2025-12-18 06:00:00,,,,,,,1273.0,1273.0,,,0.0,,,0.0
2025-12-18 08:00:00,,,,,,,1529.0,1529.0,,,0.0,,,0.0
2025-12-18 09:00:00,,,,,,,505.0,504.0,0.65,0.25759998,6.0,1.0744,0.1318,6.0
2025-12-18 10:00:00,,,,,,,505.0,504.0,0.498,0.0914,5.0,1.3836999,0.17769998,5.0
2025-12-18 11:00:00,0.5858,,,,,,193.0,248.0,0.56159997,0.066,6.0,1.0919,0.030600011,6.0
2025-12-18 12:00:00,0.7542,,,,,,193.0,248.0,0.7784,0.15699999,5.0,0.9764,0.19909996,5.0
2025-12-18 13:00:00,,,,,,,505.0,504.0,1.0935999,0.1108,5.0,0.68579996,0.11159998,5.0
2025-12-18 14:00:00,,,,,,,509.0,509.0,,,0.0,,,0.0
2025-12-18 15:00:00,,,,,,,509.0,509.0,,,0.0,,,0.0
2025-12-18 16:00:00,,,,,,,1529.0,1529.0,0.6234,0.2024,2.0,1.1166999,0.118799984,2.0
2025-12-18 17:00:00,,,,,,,1273.0,1273.0,,,0.0,,,0.0
2025-12-18 18:00:00,,,,,,,1529.0,1529.0,,,0.0,,,0.0
2025-12-18 19:00:00,,,,,,,1529.0,1529.0,,,0.0,,,0.0
2025-12-18 20:00:00,,,,,,,1533.0,1533.0,,,0.0,,,0.0
2025-12-18 21:00:00,,,,,,,1529.0,1529.0,,,0.0,,,0.0
2025-12-18 22:00:00,,,,,,,1273.0,1273.0,,,0.0,,,0.0
2025-12-18 23:00:00,,,,,,,1273.0,1273.0,,,0.0,,,0.0
2025-12-19 00:00:00,,,,,,,1273.0,1273.0,,,0.0,,,0.0
2025-12-19 01:00:00,,,,,,,1273.0,1273.0,,,0.0,,,0.0
2025-12-19 02:00:00,,,,,,,1273.0,1273.0,,,0.0,,,0.0
2025-12-19 03:00:00,,,,,,,1273.0,1273.0,,,0.0,,,0.0
2025-12-19 04:00:00,,,,,,,1273.0,1273.0,,,0.0,,,0.0
2025-12-19 05:00:00,,,,,,,1273.0,1273.0,,,0.0,,,0.0
2025-12-19 06:00:00,,,,,,,1273.0,1273.0,,,0.0,,,0.0
2025-12-19 07:00:00,,,,,,,1273.0,1273.0,,,0.0,,,0.0
2025-12-19 08:00:00,,,,,,,1529.0,1529.0,,,0.0,,,0.0
2025-12-19 09:00:00,0.5302,,,,,,193.0,249.0,0.4482,0.015999999,5.0,1.4481,0.033500016,5.0
2025-12-19 10:00:00,0.59819996,,,,,,449.0,504.0,0.90779996,0.3644,3.0,1.3331,0.26749998,3.0
2025-12-19 11:00:00,,,,,,,509.0,509.0,,,0.0,,,0.0
2025-12-19 12:00:00,,,,,,,505.0,504.0,1.4,0.0,1.0,0.7803,0.0,1.0
2025-12-19 13:00:00,,,,,,,509.0,509.0,,,0.0,,,0.0
2025-12-19 14:00:00,,,,,,,509.0,509.0,,,0.0,,,0.0
2025-12-19 15:00:00,,,,,,,505.0,505.0,,,0.0,,,0.0
2025-12-19 16:00:00,,,,,,,1273.0,1273.0,0.6638,0.047,3.0,1.2093999,0.035099983,3.0
2025-12-19 17:00:00,,,,,,,1273.0,1273.0,,,0.0,,,0.0
2025-12-19 18:00:00,,,,,,,1273.0,1273.0,,,0.0,,,0.0
2025-12-19 19:00:00,,,,,,,1273.0,1273.0,,,0.0,,,0.0
2025-12-19 20:00:00,,,,,,,1529.0,1529.0,,,0.0,,,0.0
2025-12-19 21:00:00,,,,,,,1273.0,1273.0,,,0.0,,,0.0
2025-12-19 22:00:00,,,,,,,1273.0,1273.0,,,0.0,,,0.0
2025-12-19 23:00:00,,,,,,,1273.0,1273.0,,,0.0,,,0.0
2025-12-20 00:00:00,,,,,,,1529.0,1529.0,,,0.0,,,0.0
2025-12-20 01:00:00,,,,,,,1529.0,1529.0,,,0.0,,,0.0
2025-12-20 02:00:00,,,,,,,1533.0,1533.0,,,0.0,,,0.0
2025-12-20 03:00:00,,,,,,,1529.0,1529.0,,,0.0,,,0.0
2025-12-20 04:00:00,,,,,,,1273.0,1273.0,,,0.0,,,0.0
2025-12-20 05:00:00,,,,,,,1273.0,1273.0,,,0.0,,,0.0
2025-12-20 06:00:00,,,,,,,1533.0,1533.0,,,0.0,,,0.0
2025-12-20 07:00:00,,,,,,,1533.0,1533.0,,,0.0,,,0.0
2025-12-20 08:00:00,,,,,,,1533.0,1533.0,,,0.0,,,0.0
2025-12-20 09:00:00,,,,,,,509.0,509.0,,,0.0,,,0.0
2025-12-20 10:00:00,,,,,,,509.0,509.0,,,0.0,,,0.0
2025-12-20 11:00:00,,,,,,,509.0,509.0,,,0.0,,,0.0
2025-12-20 12:00:00,,,,,,,505.0,505.0,,,0.0,,,0.0
2025-12-20 13:00:00,,,,,,,509.0,509.0,,,0.0,,,0.0
2025-12-20 14:00:00,,,,,,,509.0,509.0,,,0.0,,,0.0
2025-12-20 15:00:00,,,,,,,505.0,504.0,1.2968,0.0,1.0,0.9276999,0.0,1.0
2025-12-20 16:00:00,,,,,,,1533.0,1533.0,0.90919995,0.118999995,2.0,1.0725,0.023299992,2.0
2025-12-20 17:00:00,,,,,,,1533.0,1533.0,,,0.0,,,0.0
2025-12-20 18:00:00,,,,,,,1533.0,1533.0,,,0.0,,,0.0
2025-12-20 19:00:00,,,,,,,1529.0,1529.0,,,0.0,,,0.0
2025-12-20 20:00:00,,,,,,,1273.0,1273.0,,,0.0,,,0.0
2025-12-20 21:00:00,,,,,,,1273.0,1273.0,,,0.0,,,0.0
2025-12-20 22:00:00,,,,,,,1273.0,1273.0,,,0.0,,,0.0
2025-12-20 23:00:00,,,,,,,1273.0,1273.0,,,0.0,,,0.0
2025-12-21 00:00:00,,,,,,,1533.0,1533.0,,,0.0,,,0.0
2025-12-21 01:00:00,,,,,,,1533.0,1533.0,,,0.0,,,0.0
2025-12-21 02:00:00,,,,,,,1533.0,1533.0,,,0.0,,,0.0
2025-12-21 03:00:00,,,,,,,1533.0,1533.0,,,0.0,,,0.0
2025-12-21 04:00:00,,,,,,,1529.0,1529.0,,,0.0,,,0.0
2025-12-21 05:00:00,,,,,,,1273.0,1273.0,,,0.0,,,0.0
2025-12-21 06:00:00,,,,,,,1533.0,1533.0,,,0.0,,,0.0
2025-12-21 07:00:00,,,,,,,1533.0,1533.0,,,0.0,,,0.0
2025-12-21 08:00:00,,,,,,,1533.0,1533.0,,,0.0,,,0.0
2025-12-21 09:00:00,,,,,,,249.0,248.0,0.5518,0.0968,4.0,1.1129999,0.0059999824,4.0
2025-12-21 10:00:00,0.4116,,,,,,193.0,248.0,0.406,0.0448,6.0,1.1031,0.013000011,6.0
2025-12-21 11:00:00,,,,,,,509.0,509.0,0.58239996,0.0234,3.0,1.0977,0.012600005,3.0
2025-12-21 12:00:00,,,,,,,509.0,509.0,,,0.0,,,0.0
2025-12-21 13:00:00,,,,,,,509.0,509.0,,,0.0,,,0.0
2025-12-21 14:00:00,,,,,,,509.0,509.0,,,0.0,,,0.0
2025-12-21 15:00:00,,,,,,,505.0,504.0,0.848,0.0274,2.0,1.0410999,0.037199974,2.0
2025-12-21 16:00:00,,,,,,,1273.0,1273.0,0.59279996,0.1758,3.0,1.2263999,0.031700015,3.0
2025-12-21 17:00:00,,,,,,,1273.0,1273.0,,,0.0,,,0.0
2025-12-21 18:00:00,,,,,,,1273.0,1273.0,,,0.0,,,0.0
2025-12-21 19:00:00,,,,,,,1533.0,1533.0,,,0.0,,,0.0
2025-12-21 20:00:00,,,,,,,1273.0,1273.0,,,0.0,,,0.0
2025-12-21 21:00:00,,,,,,,1273.0,1273.0,,,0.0,,,0.0
2025-12-21 22:00:00,,,,,,,1273.0,1273.0,,,0.0,,,0.0
2025-12-21 23:00:00,,,,,,,1533.0,1533.0,,,0.0,,,0.0
2025-12-22 00:00:00,,,,,,,1529.0,1529.0,,,0.0,,,0.0
2025-12-22 01:00:00,,,,,,,1533.0,1533.0,,,0.0,,,0.0
2025-12-22 02:00:00,,,,,,,1529.0,1529.0,,,0.0,,,0.0
2025-12-22 03:00:00,,,,,,,1533.0,1533.0,,,0.0,,,0.0
2025-12-22 04:00:00,,,,,,,1533.0,1533.0,,,0.0,,,0.0
2025-12-22 05:00:00,,,,,,,1529.0,1529.0,,,0.0,,,0.0
2025-12-22 06:00:00,,,,,,,1529.0,1529.0,,,0.0,,,0.0
2025-12-22 07:00:00,,,,,,,1533.0,1533.0,,,0.0,,,0.0
2025-12-22 08:00:00,,,,,,,1533.0,1533.0,,,0.0,,,0.0
2025-12-22 09:00:00,,,,,,,509.0,509.0,,,0.0,,,0.0
2025-12-22 10:00:00,,,,,,,509.0,509.0,,,0.0,,,0.0
2025-12-22 11:00:00,,,,,,,509.0,509.0,,,0.0,,,0.0
2025-12-22 12:00:00,,,,,,,509.0,509.0,,,0.0,,,0.0
2025-12-22 13:00:00,,,,,,,509.0,509.0,,,0.0,,,0.0
2025-12-22 14:00:00,,,,,,,505.0,505.0,,,0.0,,,0.0
2025-12-22 15:00:00,,,,,,,509.0,509.0,,,0.0,,,0.0
2025-12-22 16:00:00,,,,,,,1533.0,1533.0,,,0.0,,,0.0
2025-12-22 17:00:00,,,,,,,1273.0,1273.0,,,0.0,,,0.0
2025-12-22 18:00:00,,,,,,,1273.0,1273.0,,,0.0,,,0.0
2025-12-22 19:00:00,,,,,,,1273.0,1273.0,,,0.0,,,0.0
2025-12-22 20:00:00,,,,,,,1273.0,1273.0,,,0.0,,,0.0
2025-12-22 21:00:00,,,,,,,1273.0,1273.0,,,0.0,,,0.0
2025-12-22 22:00:00,,,,,,,1529.0,1529.0,,,0.0,,,0.0
2025-12-22 23:00:00,,,,,,,1273.0,1273.0,,,0.0,,,0.0
2025-12-23 00:00:00,,,,,,,1273.0,1273.0,,,0.0,,,0.0
2025-12-23 01:00:00,,,,,,,1273.0,1273.0,,,0.0,,,0.0
2025-12-23 02:00:00,,,,,,,1529.0,1529.0,,,0.0,,,0.0
2025-12-23 03:00:00,,,,,,,1533.0,1533.0,,,0.0,,,0.0
2025-12-23 04:00:00,,,,,,,1529.0,1529.0,,,0.0,,,0.0
2025-12-23 05:00:00,,,,,,,1273.0,1273.0,,,0.0,,,0.0
2025-12-23 06:00:00,,,,,,,1533.0,1533.0,,,0.0,,,0.0
2025-12-23 07:00:00,,,,,,,1533.0,1533.0,,,0.0,,,0.0
2025-12-23 08:00:00,,,,,,,1533.0,1533.0,,,0.0,,,0.0
2025-12-23 09:00:00,,,,,,,509.0,509.0,,,0.0,,,0.0
2025-12-23 10:00:00,,,,,,,509.0,509.0,,,0.0,,,0.0
2025-12-23 11:00:00,,,,,,,509.0,509.0,,,0.0,,,0.0
2025-12-23 12:00:00,,,,,,,509.0,509.0,,,0.0,,,0.0
2025-12-23 13:00:00,,,,,,,509.0,509.0,,,0.0,,,0.0
2025-12-23 14:00:00,,,,,,,509.0,509.0,,,0.0,,,0.0
2025-12-23 15:00:00,,,,,,,509.0,509.0,0.4048,0.0,1.0,1.1091,0.0,1.0
2025-12-23 16:00:00,,,,,,,1529.0,1529.0,,,0.0,,,0.0
2025-12-23 17:00:00,,,,,,,1533.0,1533.0,,,0.0,,,0.0
2025-12-23 18:00:00,,,,,,,1273.0,1273.0,,,0.0,,,0.0
2025-12-23 19:00:00,,,,,,,1533.0,1533.0,,,0.0,,,0.0
2025-12-23 20:00:00,,,,,,,1533.0,1533.0,,,0.0,,,0.0
2025-12-23 21:00:00,,,,,,,1533.0,1533.0,,,0.0,,,0.0
2025-12-23 22:00:00,,,,,,,1533.0,1533.0,,,0.0,,,0.0
2025-12-23 23:00:00,,,,,,,1533.0,1533.0,,,0.0,,,0.0
2025-12-24 00:00:00,,,,,,,1533.0,1533.0,,,0.0,,,0.0
2025-12-24 01:00:00,,,,,,,1533.0,1533.0,,,0.0,,,0.0
2025-12-24 02:00:00,,,,,,,1529.0,1529.0,,,0.0,,,0.0
2025-12-24 03:00:00,,,,,,,1273.0,1273.0,,,0.0,,,0.0
2025-12-24 04:00:00,,,,,,,1273.0,1273.0,,,0.0,,,0.0
2025-12-24 05:00:00,,,,,,,1273.0,1273.0,,,0.0,,,0.0
2025-12-24 06:00:00,,,,,,,1529.0,1529.0,,,0.0,,,0.0
2025-12-24 07:00:00,,,,,,,1533.0,1533.0,,,0.0,,,0.0
2025-12-24 08:00:00,,,,,,,1533.0,1533.0,,,0.0,,,0.0
2025-12-24 09:00:00,,,,,,,509.0,509.0,,,0.0,,,0.0
2025-12-24 10:00:00,,,,,,,509.0,509.0,1.8792,0.0,2.0,0.8471,0.0,2.0
2025-12-24 11:00:00,,,,,,,509.0,509.0,,,0.0,,,0.0
2025-12-24 12:00:00,,,,,,,509.0,509.0,,,0.0,,,0.0
2025-12-24 13:00:00,,,,,,,509.0,509.0,,,0.0,,,0.0
2025-12-24 14:00:00,,,,,,,509.0,509.0,,,0.0,,,0.0
2025-12-24 15:00:00,,,,,,,509.0,509.0,,,0.0,,,0.0
2025-12-24 16:00:00,,,,,,,1529.0,1529.0,,,0.0,,,0.0
2025-12-24 17:00:00,,,,,,,1533.0,1533.0,,,0.0,,,0.0
2025-12-24 18:00:00,,,,,,,1529.0,1529.0,,,0.0,,,0.0
2025-12-24 19:00:00,,,,,,,1533.0,1533.0,,,0.0,,,0.0
2025-12-24 20:00:00,,,,,,,1533.0,1533.0,,,0.0,,,0.0
2025-12-24 21:00:00,,,,,,,1533.0,1533.0,,,0.0,,,0.0
2025-12-24 22:00:00,,,,,,,1529.0,1529.0,,,0.0,,,0.0
2025-12-24 23:00:00,,,,,,,1529.0,1529.0,,,0.0,,,0.0
2025-12-25 00:00:00,,,,,,,1533.0,1533.0,,,0.0,,,0.0
2025-12-25 01:00:00,,,,,,,1533.0,1533.0,,,0.0,,,0.0
2025-12-25 02:00:00,,,,,,,1533.0,1533.0,,,0.0,,,0.0
2025-12-25 03:00:00,,,,,,,1533.0,1533.0,,,0.0,,,0.0
2025-12-25 04:00:00,,,,,,,1533.0,1533.0,,,0.0,,,0.0
2025-12-25 05:00:00,,,,,,,1529.0,1529.0,,,0.0,,,0.0
2025-12-25 06:00:00,,,,,,,1533.0,1533.0,,,0.0,,,0.0
2025-12-25 07:00:00,,,,,,,1533.0,1533.0,,,0.0,,,0.0
2025-12-25 08:00:00,,,,,,,1533.0,1533.0,,,0.0,,,0.0
2025-12-25 09:00:00,,,,,,,509.0,509.0,,,0.0,,,0.0
2025-12-25 10:00:00,,,,,,,509.0,509.0,,,0.0,,,0.0
2025-12-25 11:00:00,,,,,,,509.0,509.0,,,0.0,,,0.0
2025-12-25 12:00:00,,,,,,,509.0,509.0,,,0.0,,,0.0
2025-12-25 13:00:00,,,,,,,509.0,509.0,,,0.0,,,0.0
2025-12-25 14:00:00,,,,,,,509.0,509.0,,,0.0,,,0.0
2025-12-25 15:00:00,,,,,,,509.0,509.0,,,0.0,,,0.0
2025-12-25 16:00:00,,,,,,,1533.0,1533.0,,,0.0,,,0.0
2025-12-25 17:00:00,,,,,,,1533.0,1533.0,,,0.0,,,0.0
2025-12-25 18:00:00,,,,,,,1533.0,1533.0,,,0.0,,,0.0
2025-12-25 19:00:00,,,,,,,1529.0,1529.0,,,0.0,,,0.0
2025-12-25 20:00:00,,,,,,,1529.0,1529.0,,,0.0,,,0.0
2025-12-25 21:00:00,,,,,,,1529.0,1529.0,,,0.0,,,0.0
2025-12-25 22:00:00,,,,,,,1533.0,1533.0,,,0.0,,,0.0
2025-12-25 23:00:00,,,,,,,1533.0,1533.0,,,0.0,,,0.0
2025-12-26 00:00:00,,,,,,,1529.0,1529.0,,,0.0,,,0.0
2025-12-26 01:00:00,,,,,,,1533.0,1533.0,,,0.0,,,0.0
2025-12-26 02:00:00,,,,,,,1533.0,1533.0,,,0.0,,,0.0
2025-12-26 03:00:00,,,,,,,1529.0,1529.0,,,0.0,,,0.0
2025-12-26 04:00:00,,,,,,,1529.0,1529.0,,,0.0,,,0.0
2025-12-26 05:00:00,,,,,,,1533.0,1533.0,,,0.0,,,0.0
2025-12-26 06:00:00,,,,,,,1533.0,1533.0,,,0.0,,,0.0
2025-12-26 07:00:00,,,,,,,1533.0,1533.0,,,0.0,,,0.0
2025-12-26 08:00:00,,,,,,,1533.0,1533.0,,,0.0,,,0.0
2025-12-26 09:00:00,,,,,,,249.0,248.0,0.45099998,0.13759999,5.0,1.0588,0.01879996,5.0
2025-12-26 10:00:00,0.1954,,,,,,193.0,248.0,0.1936,0.0488,6.0,1.0539,0.0048999786,6.0
2025-12-26 11:00:00,0.2032,,,,,,193.0,248.0,0.219,0.0332,6.0,1.0689,0.00879997,6.0
2025-12-26 12:00:00,0.1688,0.1788,0.5015,0.5015,,,192.0,192.0,0.1776,0.0186,6.0,1.0728999,0.006799996,6.0
2025-12-26 13:00:00,0.1938,0.2332,0.3128,0.3127,,,192.0,192.0,0.2082,0.0138,5.0,1.0927999,0.060599983,5.0
2025-12-26 14:00:00,0.1926,0.1884,0.3175,0.3175,,,2240.0,2240.0,0.318,0.117,6.0,1.0121,0.111499965,6.0
2025-12-26 15:00:00,0.19919999,,,,,,193.0,248.0,0.2198,0.0508,6.0,1.1233,0.0855,6.0
2025-12-26 16:00:00,0.2164,,,,,,1217.0,1273.0,0.20719999,0.010199999,3.0,1.1162,0.00940001,3.0
2025-12-26 17:00:00,,,,,,,1273.0,1273.0,,,0.0,,,0.0
2025-12-26 18:00:00,,,,,,,1273.0,1273.0,,,0.0,,,0.0
2025-12-26 19:00:00,,,,,,,1529.0,1529.0,,,0.0,,,0.0
2025-12-26 20:00:00,,,,,,,1529.0,1529.0,,,0.0,,,0.0
2025-12-26 21:00:00,,,,,,,1529.0,1529.0,,,0.0,,,0.0
2025-12-26 22:00:00,,,,,,,1529.0,1529.0,,,0.0,,,0.0
2025-12-26 23:00:00,,,,,,,1273.0,1273.0,,,0.0,,,0.0
2025-12-27 00:00:00,,,,,,,1533.0,1533.0,,,0.0,,,0.0
2025-12-27 01:00:00,,,,,,,1529.0,1529.0,,,0.0,,,0.0
2025-12-27 02:00:00,,,,,,,1273.0,1273.0,,,0.0,,,0.0
2025-12-27 03:00:00,,,,,,,1273.0,1273.0,,,0.0,,,0.0
2025-12-27 04:00:00,,,,,,,1273.0,1273.0,,,0.0,,,0.0
2025-12-27 05:00:00,,,,,,,1273.0,1273.0,,,0.0,,,0.0
2025-12-27 06:00:00,,,,,,,1273.0,1273.0,,,0.0,,,0.0
2025-12-27 07:00:00,,,,,,,1533.0,1533.0,,,0.0,,,0.0
2025-12-27 08:00:00,,,,,,,1533.0,1533.0,,,0.0,,,0.0
2025-12-27 09:00:00,,,,,,,509.0,509.0,,,0.0,,,0.0
2025-12-27 10:00:00,,,,,,,509.0,509.0,,,0.0,,,0.0
2025-12-27 11:00:00,,,,,,,509.0,509.0,,,0.0,,,0.0
2025-12-27 12:00:00,,,,,,,509.0,509.0,,,0.0,,,0.0
2025-12-27 13:00:00,,,,,,,509.0,509.0,,,0.0,,,0.0
2025-12-27 14:00:00,,,,,,,509.0,509.0,,,0.0,,,0.0
2025-12-27 15:00:00,,,,,,,509.0,509.0,,,0.0,,,0.0
2025-12-27 16:00:00,,,,,,,1533.0,1533.0,,,0.0,,,0.0
2025-12-27 17:00:00,,,,,,,1273.0,1273.0,,,0.0,,,0.0
2025-12-27 18:00:00,,,,,,,1273.0,1273.0,,,0.0,,,0.0
2025-12-27 19:00:00,,,,,,,1273.0,1273.0,,,0.0,,,0.0
2025-12-27 20:00:00,,,,,,,1273.0,1273.0,,,0.0,,,0.0
2025-12-27 21:00:00,,,,,,,1273.0,1273.0,,,0.0,,,0.0
2025-12-27 22:00:00,,,,,,,1273.0,1273.0,,,0.0,,,0.0
2025-12-27 23:00:00,,,,,,,1273.0,1273.0,,,0.0,,,0.0
2025-12-28 00:00:00,,,,,,,1273.0,1273.0,,,0.0,,,0.0
2025-12-28 01:00:00,,,,,,,1273.0,1273.0,,,0.0,,,0.0
2025-12-28 02:00:00,,,,,,,1273.0,1273.0,,,0.0,,,0.0
2025-12-28 03:00:00,,,,,,,1273.0,1273.0,,,0.0,,,0.0
2025-12-28 04:00:00,,,,,,,1273.0,1273.0,,,0.0,,,0.0
2025-12-28 05:00:00,,,,,,,1273.0,1273.0,,,0.0,,,0.0
2025-12-28 06:00:00,,,,,,,1273.0,1273.0,,,0.0,,,0.0
2025-12-28 07:00:00,,,,,,,1533.0,1533.0,,,0.0,,,0.0
2025-12-28 08:00:00,,,,,,,1533.0,1533.0,,,0.0,,,0.0
2025-12-28 09:00:00,,,,,,,509.0,509.0,,,0.0,,,0.0
2025-12-28 10:00:00,,,,,,,509.0,509.0,,,0.0,,,0.0
2025-12-28 11:00:00,,,,,,,509.0,509.0,,,0.0,,,0.0
2025-12-28 12:00:00,,,,,,,509.0,509.0,,,0.0,,,0.0
2025-12-28 13:00:00,,,,,,,509.0,509.0,,,0.0,,,0.0
2025-12-28 14:00:00,,,,,,,509.0,509.0,,,0.0,,,0.0
2025-12-28 15:00:00,,,,,,,509.0,509.0,,,0.0,,,0.0
2025-12-28 16:00:00,,,,,,,1533.0,1533.0,,,0.0,,,0.0
2025-12-28 17:00:00,,,,,,,1273.0,1273.0,,,0.0,,,0.0
2025-12-28 18:00:00,,,,,,,1273.0,1273.0,,,0.0,,,0.0
2025-12-28 19:00:00,,,,,,,1273.0,1273.0,,,0.0,,,0.0
2025-12-28 20:00:00,,,,,,,1533.0,1533.0,,,0.0,,,0.0
2025-12-28 21:00:00,,,,,,,1273.0,1273.0,,,0.0,,,0.0
2025-12-28 22:00:00,,,,,,,1273.0,1273.0,,,0.0,,,0.0
2025-12-28 23:00:00,,,,,,,1273.0,1273.0,,,0.0,,,0.0
2025-12-29 00:00:00,,,,,,,1273.0,1273.0,,,0.0,,,0.0
2025-12-29 01:00:00,,,,,,,1273.0,1273.0,,,0.0,,,0.0
2025-12-29 02:00:00,,,,,,,1273.0,1273.0,,,0.0,,,0.0
2025-12-29 03:00:00,,,,,,,1529.0,1529.0,,,0.0,,,0.0
2025-12-29 04:00:00,,,,,,,1273.0,1273.0,,,0.0,,,0.0
2025-12-29 05:00:00,,,,,,,1273.0,1273.0,,,0.0,,,0.0
2025-12-29 06:00:00,,,,,,,1273.0,1273.0,,,0.0,,,0.0
2025-12-29 07:00:00,,,,,,,1533.0,1533.0,,,0.0,,,0.0
2025-12-29 08:00:00,,,,,,,1533.0,1533.0,,,0.0,,,0.0
2025-12-29 09:00:00,,,,,,,509.0,509.0,,,0.0,,,0.0
2025-12-29 10:00:00,,,,,,,509.0,509.0,,,0.0,,,0.0
2025-12-29 11:00:00,,,,,,,509.0,509.0,,,0.0,,,0.0
2025-12-29 12:00:00,,,,,,,509.0,509.0,,,0.0,,,0.0
2025-12-29 13:00:00,,,,,,,509.0,509.0,,,0.0,,,0.0
2025-12-29 14:00:00,,,,,,,509.0,509.0,,,0.0,,,0.0
2025-12-29 15:00:00,,,,,,,509.0,509.0,,,0.0,,,0.0
2025-12-29 16:00:00,,,,,,,1533.0,1533.0,,,0.0,,,0.0
2025-12-29 17:00:00,,,,,,,1273.0,1273.0,,,0.0,,,0.0
2025-12-29 18:00:00,,,,,,,1273.0,1273.0,,,0.0,,,0.0
2025-12-29 19:00:00,,,,,,,1273.0,1273.0,,,0.0,,,0.0
2025-12-29 20:00:00,,,,,,,1273.0,1273.0,,,0.0,,,0.0
2025-12-29 21:00:00,,,,,,,1273.0,1273.0,,,0.0,,,0.0
2025-12-29 22:00:00,,,,,,,1273.0,1273.0,,,0.0,,,0.0
2025-12-29 23:00:00,,,,,,,1273.0,1273.0,,,0.0,,,0.0
2025-12-30 00:00:00,,,,,,,1273.0,1273.0,,,0.0,,,0.0
2025-12-30 01:00:00,,,,,,,1273.0,1273.0,,,0.0,,,0.0
2025-12-30 02:00:00,,,,,,,1273.0,1273.0,,,0.0,,,0.0
2025-12-30 03:00:00,,,,,,,1273.0,1273.0,,,0.0,,,0.0
2025-12-30 04:00:00,,,,,,,1273.0,1273.0,,,0.0,,,0.0
2025-12-30 05:00:00,,,,,,,1273.0,1273.0,,,0.0,,,0.0
2025-12-30 06:00:00,,,,,,,1273.0,1273.0,,,0.0,,,0.0
2025-12-30 07:00:00,,,,,,,1533.0,1533.0,,,0.0,,,0.0
2025-12-30 08:00:00,,,,,,,1533.0,1533.0,,,0.0,,,0.0
2025-12-30 09:00:00,,,,,,,509.0,509.0,,,0.0,,,0.0
2025-12-30 10:00:00,,,,,,,509.0,509.0,,,0.0,,,0.0
2025-12-30 11:00:00,,,,,,,509.0,509.0,,,0.0,,,0.0
2025-12-30 12:00:00,,,,,,,509.0,509.0,,,0.0,,,0.0
2025-12-30 13:00:00,,,,,,,509.0,509.0,,,0.0,,,0.0
2025-12-30 14:00:00,,,,,,,509.0,509.0,,,0.0,,,0.0
2025-12-30 15:00:00,,,,,,,509.0,509.0,,,0.0,,,0.0
2025-12-30 16:00:00,,,,,,,1533.0,1533.0,,,0.0,,,0.0
2025-12-30 17:00:00,,,,,,,1533.0,1533.0,,,0.0,,,0.0
2025-12-30 18:00:00,,,,,,,1533.0,1533.0,,,0.0,,,0.0
2025-12-30 19:00:00,,,,,,,1533.0,1533.0,,,0.0,,,0.0
2025-12-30 20:00:00,,,,,,,1533.0,1533.0,,,0.0,,,0.0
2025-12-30 21:00:00,,,,,,,1533.0,1533.0,,,0.0,,,0.0
2025-12-30 22:00:00,,,,,,,1533.0,1533.0,,,0.0,,,0.0
2025-12-30 23:00:00,,,,,,,1533.0,1533.0,,,0.0,,,0.0
2025-12-31 00:00:00,,,,,,,1533.0,1533.0,,,0.0,,,0.0
2025-12-31 01:00:00,,,,,,,1529.0,1529.0,,,0.0,,,0.0
2025-12-31 02:00:00,,,,,,,1533.0,1533.0,,,0.0,,,0.0
2025-12-31 03:00:00,,,,,,,1533.0,1533.0,,,0.0,,,0.0
2025-12-31 04:00:00,,,,,,,1533.0,1533.0,,,0.0,,,0.0
2025-12-31 05:00:00,,,,,,,1533.0,1533.0,,,0.0,,,0.0
2025-12-31 06:00:00,,,,,,,1533.0,1533.0,,,0.0,,,0.0
2025-12-31 07:00:00,,,,,,,1533.0,1533.0,,,0.0,,,0.0
2025-12-31 09:00:00,,,,,,,509.0,509.0,,,0.0,,,0.0
2025-12-31 10:00:00,,,,,,,509.0,509.0,,,0.0,,,0.0
2025-12-31 11:00:00,,,,,,,509.0,509.0,,,0.0,,,0.0
2025-12-31 12:00:00,,,,,,,509.0,509.0,,,0.0,,,0.0
2025-12-31 13:00:00,,,,,,,509.0,509.0,,,0.0,,,0.0
2025-12-31 14:00:00,,,,,,,509.0,509.0,,,0.0,,,0.0
2025-12-31 15:00:00,,,,,,,509.0,509.0,,,0.0,,,0.0
2025-12-31 16:00:00,,,,,,,1533.0,1533.0,,,0.0,,,0.0
2025-12-31 17:00:00,,,,,,,1533.0,1533.0,,,0.0,,,0.0
2025-12-31 18:00:00,,,,,,,1529.0,1529.0,,,0.0,,,0.0
2025-12-31 19:00:00,,,,,,,1533.0,1533.0,,,0.0,,,0.0
2025-12-31 20:00:00,,,,,,,1529.0,1529.0,,,0.0,,,0.0
2025-12-31 21:00:00,,,,,,,1273.0,1273.0,,,0.0,,,0.0
2025-12-31 22:00:00,,,,,,,1273.0,1273.0,,,0.0,,,0.0
2025-12-31 23:00:00,,,,,,,1273.0,1273.0,,,0.0,,,0.0
2026-01-01 00:00:00,,,,,,,1273.0,1273.0,,,0.0,,,0.0
2026-01-01 01:00:00,,,,,,,1529.0,1529.0,,,0.0,,,0.0
2026-01-01 02:00:00,,,,,,,1529.0,1529.0,,,0.0,,,0.0
2026-01-01 03:00:00,,,,,,,1533.0,1533.0,,,0.0,,,0.0
2026-01-01 04:00:00,,,,,,,1533.0,1533.0,,,0.0,,,0.0
2026-01-01 05:00:00,,,,,,,1273.0,1273.0,,,0.0,,,0.0
2026-01-01 06:00:00,,,,,,,1533.0,1533.0,,,0.0,,,0.0
