timestamp,AOT_Merged,AOT_Pure,AOT_Merged_uncertainty,AOT_Pure_uncertainty,AE_Merged,AE_Pure,QA_flag_Merged,QA_flag_Pure,AOT_L2_Mean,AOT_L2_SDV,AOT_L2_Num,AE_L2_Mean,AE_L2_SDV,AE_L2_Num
2025-01-01 07:00:00,,,,,,,1533.0,1533.0,,,0.0,,,0.0
2025-01-01 08:00:00,,,,,,,509.0,509.0,,,0.0,,,0.0
2025-01-01 09:00:00,,,,,,,509.0,509.0,,,0.0,,,0.0
2025-01-01 10:00:00,,,,,,,509.0,509.0,,,0.0,,,0.0
2025-01-01 11:00:00,,,,,,,509.0,509.0,,,0.0,,,0.0
2025-01-01 12:00:00,,,,,,,509.0,509.0,,,0.0,,,0.0
2025-01-01 13:00:00,,,,,,,509.0,509.0,,,0.0,,,0.0
2025-01-01 14:00:00,,,,,,,509.0,509.0,,,0.0,,,0.0
2025-01-01 15:00:00,,,,,,,509.0,509.0,,,0.0,,,0.0
2025-01-01 16:00:00,,,,,,,1533.0,1533.0,,,0.0,,,0.0
2025-01-01 17:00:00,,,,,,,1533.0,1533.0,,,0.0,,,0.0
2025-01-01 18:00:00,,,,,,,1533.0,1533.0,,,0.0,,,0.0
2025-01-01 19:00:00,,,,,,,1533.0,1533.0,,,0.0,,,0.0
2025-01-01 20:00:00,,,,,,,1533.0,1533.0,,,0.0,,,0.0
2025-01-01 21:00:00,,,,,,,1533.0,1533.0,,,0.0,,,0.0
2025-01-01 22:00:00,,,,,,,1529.0,1529.0,,,0.0,,,0.0
2025-01-01 23:00:00,,,,,,,1529.0,1529.0,,,0.0,,,0.0
2025-01-02 00:00:00,,,,,,,1273.0,1273.0,,,0.0,,,0.0
2025-01-02 01:00:00,,,,,,,1529.0,1529.0,,,0.0,,,0.0
2025-01-02 02:00:00,,,,,,,1273.0,1273.0,,,0.0,,,0.0
2025-01-02 03:00:00,,,,,,,1529.0,1529.0,,,0.0,,,0.0
2025-01-02 04:00:00,,,,,,,1273.0,1273.0,,,0.0,,,0.0
2025-01-02 05:00:00,,,,,,,1273.0,1273.0,,,0.0,,,0.0
2025-01-02 06:00:00,,,,,,,1273.0,1273.0,,,0.0,,,0.0
2025-01-02 07:00:00,,,,,,,1533.0,1533.0,,,0.0,,,0.0
2025-01-02 08:00:00,,,,,,,505.0,505.0,,,0.0,,,0.0
2025-01-02 09:00:00,,,,,,,509.0,509.0,,,0.0,,,0.0
2025-01-02 10:00:00,,,,,,,509.0,509.0,,,0.0,,,0.0
2025-01-02 11:00:00,,,,,,,509.0,509.0,,,0.0,,,0.0
2025-01-02 12:00:00,,,,,,,509.0,509.0,,,0.0,,,0.0
2025-01-02 13:00:00,,,,,,,509.0,509.0,,,0.0,,,0.0
2025-01-02 14:00:00,,,,,,,509.0,509.0,,,0.0,,,0.0
2025-01-02 15:00:00,,,,,,,509.0,509.0,,,0.0,,,0.0
2025-01-02 16:00:00,,,,,,,1533.0,1533.0,,,0.0,,,0.0
2025-01-02 17:00:00,,,,,,,1533.0,1533.0,,,0.0,,,0.0
2025-01-02 18:00:00,,,,,,,1273.0,1273.0,,,0.0,,,0.0
2025-01-02 19:00:00,,,,,,,1529.0,1529.0,,,0.0,,,0.0
2025-01-02 20:00:00,,,,,,,1533.0,1533.0,,,0.0,,,0.0
2025-01-02 21:00:00,,,,,,,1533.0,1533.0,,,0.0,,,0.0
2025-01-02 22:00:00,,,,,,,1533.0,1533.0,,,0.0,,,0.0
2025-01-02 23:00:00,,,,,,,1533.0,1533.0,,,0.0,,,0.0
2025-01-03 00:00:00,,,,,,,1533.0,1533.0,,,0.0,,,0.0
2025-01-03 01:00:00,,,,,,,1533.0,1533.0,,,0.0,,,0.0
2025-01-03 02:00:00,,,,,,,1529.0,1529.0,,,0.0,,,0.0
2025-01-03 03:00:00,,,,,,,1273.0,1273.0,,,0.0,,,0.0
2025-01-03 04:00:00,,,,,,,1533.0,1533.0,,,0.0,,,0.0
2025-01-03 05:00:00,,,,,,,1529.0,1529.0,,,0.0,,,0.0
2025-01-03 06:00:00,,,,,,,1273.0,1273.0,,,0.0,,,0.0
2025-01-03 07:00:00,,,,,,,1533.0,1533.0,,,0.0,,,0.0
2025-01-03 08:00:00,,,,,,,509.0,509.0,,,0.0,,,0.0
2025-01-03 09:00:00,,,,,,,509.0,509.0,,,0.0,,,0.0
2025-01-03 10:00:00,,,,,,,509.0,509.0,,,0.0,,,0.0
2025-01-03 11:00:00,,,,,,,509.0,509.0,,,0.0,,,0.0
2025-01-03 12:00:00,,,,,,,509.0,509.0,,,0.0,,,0.0
2025-01-03 13:00:00,,,,,,,509.0,509.0,,,0.0,,,0.0
2025-01-03 14:00:00,,,,,,,509.0,509.0,,,0.0,,,0.0
2025-01-03 15:00:00,,,,,,,509.0,509.0,,,0.0,,,0.0
2025-01-03 16:00:00,,,,,,,1533.0,1533.0,,,0.0,,,0.0
2025-01-03 17:00:00,,,,,,,1273.0,1273.0,,,0.0,,,0.0
2025-01-03 18:00:00,,,,,,,1273.0,1273.0,,,0.0,,,0.0
2025-01-03 19:00:00,,,,,,,1273.0,1273.0,,,0.0,,,0.0
2025-01-03 20:00:00,,,,,,,1529.0,1529.0,,,0.0,,,0.0
2025-01-03 21:00:00,,,,,,,1533.0,1533.0,,,0.0,,,0.0
2025-01-03 22:00:00,,,,,,,1533.0,1533.0,,,0.0,,,0.0
2025-01-03 23:00:00,,,,,,,1529.0,1529.0,,,0.0,,,0.0
2025-01-04 00:00:00,,,,,,,1529.0,1529.0,,,0.0,,,0.0
2025-01-04 01:00:00,,,,,,,1273.0,1273.0,,,0.0,,,0.0
2025-01-04 02:00:00,,,,,,,1533.0,1533.0,,,0.0,,,0.0
2025-01-04 03:00:00,,,,,,,1529.0,1529.0,,,0.0,,,0.0
2025-01-04 04:00:00,,,,,,,1529.0,1529.0,,,0.0,,,0.0
2025-01-04 05:00:00,,,,,,,1533.0,1533.0,,,0.0,,,0.0
2025-01-04 06:00:00,,,,,,,1529.0,1529.0,,,0.0,,,0.0
2025-01-04 07:00:00,,,,,,,1533.0,1533.0,,,0.0,,,0.0
2025-01-04 08:00:00,,,,,,,509.0,509.0,,,0.0,,,0.0
2025-01-04 09:00:00,,,,,,,509.0,509.0,,,0.0,,,0.0
2025-01-04 10:00:00,,,,,,,509.0,509.0,,,0.0,,,0.0
2025-01-04 11:00:00,,,,,,,505.0,505.0,,,0.0,,,0.0
2025-01-04 12:00:00,,,,,,,509.0,509.0,,,0.0,,,0.0
2025-01-04 13:00:00,,,,,,,509.0,509.0,,,0.0,,,0.0
2025-01-04 14:00:00,,,,,,,509.0,509.0,,,0.0,,,0.0
2025-01-04 15:00:00,,,,,,,509.0,509.0,,,0.0,,,0.0
2025-01-04 16:00:00,,,,,,,1533.0,1533.0,,,0.0,,,0.0
2025-01-04 17:00:00,,,,,,,1529.0,1529.0,,,0.0,,,0.0
2025-01-04 18:00:00,,,,,,,1529.0,1529.0,,,0.0,,,0.0
2025-01-04 19:00:00,,,,,,,1533.0,1533.0,,,0.0,,,0.0
2025-01-04 20:00:00,,,,,,,1529.0,1529.0,,,0.0,,,0.0
2025-01-04 21:00:00,,,,,,,1533.0,1533.0,,,0.0,,,0.0
2025-01-04 22:00:00,,,,,,,1273.0,1273.0,,,0.0,,,0.0
2025-01-04 23:00:00,,,,,,,1529.0,1529.0,,,0.0,,,0.0
2025-01-05 00:00:00,,,,,,,1533.0,1533.0,,,0.0,,,0.0
2025-01-05 01:00:00,,,,,,,1529.0,1529.0,,,0.0,,,0.0
2025-01-05 02:00:00,,,,,,,1533.0,1533.0,,,0.0,,,0.0
2025-01-05 03:00:00,,,,,,,1529.0,1529.0,,,0.0,,,0.0
2025-01-05 04:00:00,,,,,,,1529.0,1529.0,,,0.0,,,0.0
2025-01-05 05:00:00,,,,,,,1533.0,1533.0,,,0.0,,,0.0
2025-01-05 06:00:00,,,,,,,1533.0,1533.0,,,0.0,,,0.0
2025-01-05 07:00:00,,,,,,,1533.0,1533.0,,,0.0,,,0.0
2025-01-05 08:00:00,,,,,,,505.0,505.0,,,0.0,,,0.0
2025-01-05 09:00:00,,,,,,,509.0,509.0,,,0.0,,,0.0
2025-01-05 10:00:00,,,,,,,509.0,509.0,,,0.0,,,0.0
2025-01-05 11:00:00,,,,,,,509.0,509.0,,,0.0,,,0.0
2025-01-05 12:00:00,,,,,,,509.0,509.0,,,0.0,,,0.0
2025-01-05 13:00:00,,,,,,,509.0,509.0,,,0.0,,,0.0
2025-01-05 14:00:00,,,,,,,249.0,249.0,,,0.0,,,0.0
2025-01-05 15:00:00,,,,,,,509.0,509.0,,,0.0,,,0.0
2025-01-05 16:00:00,,,,,,,1533.0,1533.0,0.322,0.0,1.0,1.0041,0.0,1.0
2025-01-05 17:00:00,,,,,,,1273.0,1273.0,,,0.0,,,0.0
2025-01-05 18:00:00,,,,,,,1273.0,1273.0,,,0.0,,,0.0
2025-01-05 19:00:00,,,,,,,1273.0,1273.0,,,0.0,,,0.0
2025-01-05 20:00:00,,,,,,,1533.0,1533.0,,,0.0,,,0.0
2025-01-05 21:00:00,,,,,,,1533.0,1533.0,,,0.0,,,0.0
2025-01-05 22:00:00,,,,,,,1529.0,1529.0,,,0.0,,,0.0
2025-01-05 23:00:00,,,,,,,1533.0,1533.0,,,0.0,,,0.0
2025-01-06 00:00:00,,,,,,,1533.0,1533.0,,,0.0,,,0.0
2025-01-06 01:00:00,,,,,,,1529.0,1529.0,,,0.0,,,0.0
2025-01-06 02:00:00,,,,,,,1529.0,1529.0,,,0.0,,,0.0
2025-01-06 03:00:00,,,,,,,1529.0,1529.0,,,0.0,,,0.0
2025-01-06 04:00:00,,,,,,,1533.0,1533.0,,,0.0,,,0.0
2025-01-06 06:00:00,,,,,,,1533.0,1533.0,,,0.0,,,0.0
2025-01-06 07:00:00,,,,,,,1533.0,1533.0,,,0.0,,,0.0
2025-01-06 08:00:00,,,,,,,509.0,509.0,,,0.0,,,0.0
2025-01-06 09:00:00,,,,,,,505.0,505.0,,,0.0,,,0.0
2025-01-06 10:00:00,,,,,,,509.0,509.0,,,0.0,,,0.0
2025-01-06 11:00:00,,,,,,,509.0,509.0,,,0.0,,,0.0
2025-01-06 12:00:00,,,,,,,509.0,509.0,,,0.0,,,0.0
2025-01-06 13:00:00,,,,,,,509.0,509.0,,,0.0,,,0.0
2025-01-06 14:00:00,,,,,,,509.0,509.0,,,0.0,,,0.0
2025-01-06 15:00:00,,,,,,,509.0,509.0,,,0.0,,,0.0
2025-01-06 16:00:00,,,,,,,1529.0,1529.0,0.28239998,0.0,1.0,1.1363,0.0,1.0
2025-01-06 17:00:00,,,,,,,1273.0,1273.0,,,0.0,,,0.0
2025-01-06 18:00:00,,,,,,,1529.0,1529.0,,,0.0,,,0.0
2025-01-06 19:00:00,,,,,,,1529.0,1529.0,,,0.0,,,0.0
2025-01-06 20:00:00,,,,,,,1529.0,1529.0,,,0.0,,,0.0
2025-01-06 21:00:00,,,,,,,1273.0,1273.0,,,0.0,,,0.0
2025-01-06 22:00:00,,,,,,,1273.0,1273.0,,,0.0,,,0.0
2025-01-06 23:00:00,,,,,,,1529.0,1529.0,,,0.0,,,0.0
2025-01-07 00:00:00,,,,,,,1533.0,1533.0,,,0.0,,,0.0
2025-01-07 01:00:00,,,,,,,1529.0,1529.0,,,0.0,,,0.0
2025-01-07 02:00:00,,,,,,,1529.0,1529.0,,,0.0,,,0.0
2025-01-07 03:00:00,,,,,,,1273.0,1273.0,,,0.0,,,0.0
2025-01-07 04:00:00,,,,,,,1533.0,1533.0,,,0.0,,,0.0
2025-01-07 05:00:00,,,,,,,1533.0,1533.0,,,0.0,,,0.0
2025-01-07 06:00:00,,,,,,,1529.0,1529.0,,,0.0,,,0.0
2025-01-07 07:00:00,,,,,,,1533.0,1533.0,,,0.0,,,0.0
2025-01-07 08:00:00,,,,,,,509.0,509.0,,,0.0,,,0.0
2025-01-07 09:00:00,,,,,,,509.0,509.0,,,0.0,,,0.0
2025-01-07 10:00:00,,,,,,,509.0,509.0,,,0.0,,,0.0
2025-01-07 11:00:00,,,,,,,509.0,509.0,,,0.0,,,0.0
2025-01-07 12:00:00,,,,,,,509.0,509.0,,,0.0,,,0.0
2025-01-07 13:00:00,,,,,,,509.0,509.0,,,0.0,,,0.0
2025-01-07 14:00:00,,,,,,,505.0,505.0,,,0.0,,,0.0
2025-01-07 15:00:00,,,,,,,505.0,505.0,,,0.0,,,0.0
2025-01-07 16:00:00,,,,,,,1533.0,1533.0,,,0.0,,,0.0
2025-01-07 17:00:00,,,,,,,1533.0,1533.0,,,0.0,,,0.0
2025-01-07 18:00:00,,,,,,,1533.0,1533.0,,,0.0,,,0.0
2025-01-07 19:00:00,,,,,,,1529.0,1529.0,,,0.0,,,0.0
2025-01-07 20:00:00,,,,,,,1529.0,1529.0,,,0.0,,,0.0
2025-01-07 21:00:00,,,,,,,1533.0,1533.0,,,0.0,,,0.0
2025-01-07 22:00:00,,,,,,,1529.0,1529.0,,,0.0,,,0.0
2025-01-07 23:00:00,,,,,,,1273.0,1273.0,,,0.0,,,0.0
2025-01-08 00:00:00,,,,,,,1529.0,1529.0,,,0.0,,,0.0
2025-01-08 01:00:00,,,,,,,1529.0,1529.0,,,0.0,,,0.0
2025-01-08 02:00:00,,,,,,,1529.0,1529.0,,,0.0,,,0.0
2025-01-08 04:00:00,,,,,,,1273.0,1273.0,,,0.0,,,0.0
2025-01-08 05:00:00,,,,,,,1529.0,1529.0,,,0.0,,,0.0
2025-01-08 06:00:00,,,,,,,1273.0,1273.0,,,0.0,,,0.0
2025-01-08 07:00:00,,,,,,,1533.0,1533.0,,,0.0,,,0.0
2025-01-08 08:00:00,,,,,,,509.0,509.0,,,0.0,,,0.0
2025-01-08 09:00:00,,,,,,,509.0,509.0,,,0.0,,,0.0
2025-01-08 10:00:00,,,,,,,509.0,509.0,,,0.0,,,0.0
2025-01-08 11:00:00,,,,,,,509.0,509.0,,,0.0,,,0.0
2025-01-08 12:00:00,,,,,,,509.0,509.0,,,0.0,,,0.0
2025-01-08 13:00:00,,,,,,,509.0,509.0,,,0.0,,,0.0
2025-01-08 14:00:00,,,,,,,509.0,509.0,,,0.0,,,0.0
2025-01-08 15:00:00,,,,,,,509.0,509.0,,,0.0,,,0.0
2025-01-08 16:00:00,,,,,,,1533.0,1533.0,,,0.0,,,0.0
2025-01-08 17:00:00,,,,,,,1533.0,1533.0,,,0.0,,,0.0
2025-01-08 18:00:00,,,,,,,1273.0,1273.0,,,0.0,,,0.0
2025-01-08 19:00:00,,,,,,,1529.0,1529.0,,,0.0,,,0.0
2025-01-08 20:00:00,,,,,,,1273.0,1273.0,,,0.0,,,0.0
2025-01-08 21:00:00,,,,,,,1273.0,1273.0,,,0.0,,,0.0
2025-01-08 22:00:00,,,,,,,1533.0,1533.0,,,0.0,,,0.0
2025-01-08 23:00:00,,,,,,,1273.0,1273.0,,,0.0,,,0.0
2025-01-09 00:00:00,,,,,,,1529.0,1529.0,,,0.0,,,0.0
2025-01-09 01:00:00,,,,,,,1529.0,1529.0,,,0.0,,,0.0
2025-01-09 02:00:00,,,,,,,1273.0,1273.0,,,0.0,,,0.0
2025-01-09 03:00:00,,,,,,,1533.0,1533.0,,,0.0,,,0.0
2025-01-09 04:00:00,,,,,,,1533.0,1533.0,,,0.0,,,0.0
2025-01-09 05:00:00,,,,,,,1533.0,1533.0,,,0.0,,,0.0
2025-01-09 06:00:00,,,,,,,1533.0,1533.0,,,0.0,,,0.0
2025-01-09 07:00:00,,,,,,,1533.0,1533.0,,,0.0,,,0.0
2025-01-09 08:00:00,,,,,,,509.0,509.0,,,0.0,,,0.0
2025-01-09 09:00:00,,,,,,,509.0,509.0,,,0.0,,,0.0
2025-01-09 10:00:00,,,,,,,509.0,509.0,,,0.0,,,0.0
2025-01-09 11:00:00,,,,,,,509.0,509.0,,,0.0,,,0.0
2025-01-09 12:00:00,,,,,,,509.0,509.0,,,0.0,,,0.0
2025-01-09 13:00:00,,,,,,,509.0,509.0,,,0.0,,,0.0
2025-01-09 14:00:00,,,,,,,509.0,509.0,,,0.0,,,0.0
2025-01-09 15:00:00,,,,,,,509.0,509.0,,,0.0,,,0.0
2025-01-09 16:00:00,,,,,,,1533.0,1533.0,,,0.0,,,0.0
2025-01-09 17:00:00,,,,,,,1533.0,1533.0,,,0.0,,,0.0
2025-01-09 18:00:00,,,,,,,1273.0,1273.0,,,0.0,,,0.0
2025-01-09 19:00:00,,,,,,,1273.0,1273.0,,,0.0,,,0.0
2025-01-09 20:00:00,,,,,,,1273.0,1273.0,,,0.0,,,0.0
2025-01-09 21:00:00,,,,,,,1529.0,1529.0,,,0.0,,,0.0
2025-01-09 22:00:00,,,,,,,1273.0,1273.0,,,0.0,,,0.0
2025-01-09 23:00:00,,,,,,,1273.0,1273.0,,,0.0,,,0.0
2025-01-10 00:00:00,,,,,,,1273.0,1273.0,,,0.0,,,0.0
2025-01-10 01:00:00,,,,,,,1533.0,1533.0,,,0.0,,,0.0
2025-01-10 02:00:00,,,,,,,1273.0,1273.0,,,0.0,,,0.0
2025-01-10 03:00:00,,,,,,,1273.0,1273.0,,,0.0,,,0.0
2025-01-10 04:00:00,,,,,,,1273.0,1273.0,,,0.0,,,0.0
2025-01-10 05:00:00,,,,,,,1533.0,1533.0,,,0.0,,,0.0
2025-01-10 06:00:00,,,,,,,1273.0,1273.0,,,0.0,,,0.0
2025-01-10 07:00:00,,,,,,,1533.0,1533.0,,,0.0,,,0.0
2025-01-10 08:00:00,,,,,,,505.0,505.0,,,0.0,,,0.0
2025-01-10 09:00:00,,,,,,,509.0,509.0,,,0.0,,,0.0
2025-01-10 10:00:00,,,,,,,509.0,509.0,,,0.0,,,0.0
2025-01-10 11:00:00,,,,,,,509.0,509.0,,,0.0,,,0.0
2025-01-10 12:00:00,,,,,,,509.0,509.0,,,0.0,,,0.0
2025-01-10 13:00:00,,,,,,,509.0,509.0,,,0.0,,,0.0
2025-01-10 14:00:00,,,,,,,509.0,509.0,,,0.0,,,0.0
2025-01-10 15:00:00,,,,,,,509.0,509.0,,,0.0,,,0.0
2025-01-10 16:00:00,,,,,,,1533.0,1533.0,,,0.0,,,0.0
2025-01-10 17:00:00,,,,,,,1533.0,1533.0,,,0.0,,,0.0
2025-01-10 18:00:00,,,,,,,1529.0,1529.0,,,0.0,,,0.0
2025-01-10 19:00:00,,,,,,,1533.0,1533.0,,,0.0,,,0.0
2025-01-10 20:00:00,,,,,,,1533.0,1533.0,,,0.0,,,0.0
2025-01-10 21:00:00,,,,,,,1529.0,1529.0,,,0.0,,,0.0
2025-01-10 22:00:00,,,,,,,1533.0,1533.0,,,0.0,,,0.0
2025-01-10 23:00:00,,,,,,,1533.0,1533.0,,,0.0,,,0.0
2025-01-11 00:00:00,,,,,,,1529.0,1529.0,,,0.0,,,0.0
2025-01-11 01:00:00,,,,,,,1529.0,1529.0,,,0.0,,,0.0
2025-01-11 02:00:00,,,,,,,1533.0,1533.0,,,0.0,,,0.0
2025-01-11 03:00:00,,,,,,,1529.0,1529.0,,,0.0,,,0.0
2025-01-11 04:00:00,,,,,,,1533.0,1533.0,,,0.0,,,0.0
2025-01-11 05:00:00,,,,,,,1533.0,1533.0,,,0.0,,,0.0
2025-01-11 06:00:00,,,,,,,1533.0,1533.0,,,0.0,,,0.0
2025-01-11 07:00:00,,,,,,,1533.0,1533.0,,,0.0,,,0.0
2025-01-11 08:00:00,,,,,,,509.0,509.0,,,0.0,,,0.0
2025-01-11 09:00:00,,,,,,,509.0,509.0,,,0.0,,,0.0
2025-01-11 10:00:00,,,,,,,509.0,509.0,,,0.0,,,0.0
2025-01-11 11:00:00,,,,,,,509.0,509.0,,,0.0,,,0.0
2025-01-11 12:00:00,,,,,,,509.0,509.0,,,0.0,,,0.0
2025-01-11 13:00:00,,,,,,,509.0,509.0,,,0.0,,,0.0
2025-01-11 14:00:00,,,,,,,509.0,509.0,,,0.0,,,0.0
2025-01-11 15:00:00,,,,,,,509.0,509.0,,,0.0,,,0.0
2025-01-11 16:00:00,,,,,,,1533.0,1533.0,,,0.0,,,0.0
2025-01-11 17:00:00,,,,,,,1533.0,1533.0,,,0.0,,,0.0
2025-01-11 18:00:00,,,,,,,1273.0,1273.0,,,0.0,,,0.0
2025-01-11 19:00:00,,,,,,,1533.0,1533.0,,,0.0,,,0.0
2025-01-11 20:00:00,,,,,,,1533.0,1533.0,,,0.0,,,0.0
2025-01-11 21:00:00,,,,,,,1533.0,1533.0,,,0.0,,,0.0
2025-01-11 22:00:00,,,,,,,1533.0,1533.0,,,0.0,,,0.0
2025-01-11 23:00:00,,,,,,,1529.0,1529.0,,,0.0,,,0.0
2025-01-12 00:00:00,,,,,,,1529.0,1529.0,,,0.0,,,0.0
2025-01-12 01:00:00,,,,,,,1529.0,1529.0,,,0.0,,,0.0
2025-01-12 02:00:00,,,,,,,1533.0,1533.0,,,0.0,,,0.0
2025-01-12 03:00:00,,,,,,,1533.0,1533.0,,,0.0,,,0.0
2025-01-12 04:00:00,,,,,,,1533.0,1533.0,,,0.0,,,0.0
2025-01-12 05:00:00,,,,,,,1529.0,1529.0,,,0.0,,,0.0
2025-01-12 06:00:00,,,,,,,1533.0,1533.0,,,0.0,,,0.0
2025-01-12 07:00:00,,,,,,,1533.0,1533.0,,,0.0,,,0.0
2025-01-12 08:00:00,,,,,,,509.0,509.0,,,0.0,,,0.0
2025-01-12 09:00:00,,,,,,,509.0,509.0,,,0.0,,,0.0
2025-01-12 10:00:00,,,,,,,509.0,509.0,,,0.0,,,0.0
2025-01-12 11:00:00,,,,,,,509.0,509.0,,,0.0,,,0.0
2025-01-12 12:00:00,,,,,,,509.0,509.0,,,0.0,,,0.0
2025-01-12 13:00:00,,,,,,,509.0,509.0,,,0.0,,,0.0
2025-01-12 14:00:00,,,,,,,509.0,509.0,,,0.0,,,0.0
2025-01-12 15:00:00,,,,,,,509.0,509.0,,,0.0,,,0.0
2025-01-12 17:00:00,,,,,,,1533.0,1533.0,,,0.0,,,0.0
2025-01-12 18:00:00,,,,,,,1529.0,1529.0,,,0.0,,,0.0
2025-01-12 19:00:00,,,,,,,1273.0,1273.0,,,0.0,,,0.0
2025-01-12 20:00:00,,,,,,,1533.0,1533.0,,,0.0,,,0.0
2025-01-12 21:00:00,,,,,,,1529.0,1529.0,,,0.0,,,0.0
2025-01-12 22:00:00,,,,,,,1533.0,1533.0,,,0.0,,,0.0
2025-01-12 23:00:00,,,,,,,1529.0,1529.0,,,0.0,,,0.0
2025-01-13 00:00:00,,,,,,,1529.0,1529.0,,,0.0,,,0.0
2025-01-13 01:00:00,,,,,,,1529.0,1529.0,,,0.0,,,0.0
2025-01-13 02:00:00,,,,,,,1529.0,1529.0,,,0.0,,,0.0
2025-01-13 03:00:00,,,,,,,1533.0,1533.0,,,0.0,,,0.0
2025-01-13 04:00:00,,,,,,,1533.0,1533.0,,,0.0,,,0.0
2025-01-13 05:00:00,,,,,,,1533.0,1533.0,,,0.0,,,0.0
2025-01-13 06:00:00,,,,,,,1533.0,1533.0,,,0.0,,,0.0
2025-01-13 07:00:00,,,,,,,1533.0,1533.0,,,0.0,,,0.0
2025-01-13 08:00:00,,,,,,,509.0,509.0,,,0.0,,,0.0
2025-01-13 09:00:00,,,,,,,509.0,509.0,,,0.0,,,0.0
2025-01-13 10:00:00,,,,,,,509.0,509.0,,,0.0,,,0.0
2025-01-13 11:00:00,,,,,,,509.0,509.0,,,0.0,,,0.0
2025-01-13 12:00:00,,,,,,,509.0,509.0,,,0.0,,,0.0
2025-01-13 13:00:00,,,,,,,509.0,509.0,,,0.0,,,0.0
2025-01-13 14:00:00,,,,,,,509.0,509.0,,,0.0,,,0.0
2025-01-13 15:00:00,,,,,,,509.0,509.0,,,0.0,,,0.0
2025-01-13 16:00:00,,,,,,,1533.0,1533.0,,,0.0,,,0.0
2025-01-13 17:00:00,,,,,,,1533.0,1533.0,,,0.0,,,0.0
2025-01-13 18:00:00,,,,,,,1273.0,1273.0,,,0.0,,,0.0
2025-01-13 19:00:00,,,,,,,1273.0,1273.0,,,0.0,,,0.0
2025-01-13 20:00:00,,,,,,,1273.0,1273.0,,,0.0,,,0.0
2025-01-13 21:00:00,,,,,,,1273.0,1273.0,,,0.0,,,0.0
2025-01-13 22:00:00,,,,,,,1273.0,1273.0,,,0.0,,,0.0
2025-01-13 23:00:00,,,,,,,1273.0,1273.0,,,0.0,,,0.0
2025-01-14 00:00:00,,,,,,,1273.0,1273.0,,,0.0,,,0.0
2025-01-14 01:00:00,,,,,,,1273.0,1273.0,,,0.0,,,0.0
2025-01-14 02:00:00,,,,,,,1273.0,1273.0,,,0.0,,,0.0
2025-01-14 03:00:00,,,,,,,1273.0,1273.0,,,0.0,,,0.0
2025-01-14 04:00:00,,,,,,,1273.0,1273.0,,,0.0,,,0.0
2025-01-14 05:00:00,,,,,,,1533.0,1533.0,,,0.0,,,0.0
2025-01-14 06:00:00,,,,,,,1529.0,1529.0,,,0.0,,,0.0
2025-01-14 07:00:00,,,,,,,1533.0,1533.0,,,0.0,,,0.0
2025-01-14 08:00:00,,,,,,,505.0,505.0,,,0.0,,,0.0
2025-01-14 09:00:00,,,,,,,509.0,509.0,,,0.0,,,0.0
2025-01-14 10:00:00,,,,,,,505.0,505.0,,,0.0,,,0.0
2025-01-14 11:00:00,,,,,,,509.0,509.0,,,0.0,,,0.0
2025-01-14 12:00:00,,,,,,,509.0,509.0,,,0.0,,,0.0
2025-01-14 13:00:00,,,,,,,509.0,509.0,,,0.0,,,0.0
2025-01-14 14:00:00,,,,,,,509.0,509.0,,,0.0,,,0.0
2025-01-14 15:00:00,,,,,,,509.0,509.0,,,0.0,,,0.0
2025-01-14 16:00:00,,,,,,,1533.0,1533.0,,,0.0,,,0.0
2025-01-14 17:00:00,,,,,,,1533.0,1533.0,,,0.0,,,0.0
2025-01-14 18:00:00,,,,,,,1533.0,1533.0,,,0.0,,,0.0
2025-01-14 19:00:00,,,,,,,1529.0,1529.0,,,0.0,,,0.0
2025-01-14 20:00:00,,,,,,,1273.0,1273.0,,,0.0,,,0.0
2025-01-14 21:00:00,,,,,,,1273.0,1273.0,,,0.0,,,0.0
2025-01-14 22:00:00,,,,,,,1533.0,1533.0,,,0.0,,,0.0
2025-01-14 23:00:00,,,,,,,1273.0,1273.0,,,0.0,,,0.0
2025-01-15 00:00:00,,,,,,,1529.0,1529.0,,,0.0,,,0.0
2025-01-15 02:00:00,,,,,,,1273.0,1273.0,,,0.0,,,0.0
2025-01-15 03:00:00,,,,,,,1273.0,1273.0,,,0.0,,,0.0
2025-01-15 04:00:00,,,,,,,1273.0,1273.0,,,0.0,,,0.0
2025-01-15 05:00:00,,,,,,,1273.0,1273.0,,,0.0,,,0.0
2025-01-15 06:00:00,,,,,,,1529.0,1529.0,,,0.0,,,0.0
2025-01-15 07:00:00,,,,,,,1533.0,1533.0,,,0.0,,,0.0
2025-01-15 08:00:00,,,,,,,509.0,509.0,,,0.0,,,0.0
2025-01-15 09:00:00,,,,,,,509.0,509.0,,,0.0,,,0.0
2025-01-15 10:00:00,,,,,,,509.0,509.0,,,0.0,,,0.0
2025-01-15 11:00:00,,,,,,,509.0,509.0,,,0.0,,,0.0
2025-01-15 12:00:00,,,,,,,509.0,509.0,,,0.0,,,0.0
2025-01-15 13:00:00,,,,,,,509.0,509.0,,,0.0,,,0.0
2025-01-15 14:00:00,,,,,,,509.0,509.0,,,0.0,,,0.0
2025-01-15 15:00:00,,,,,,,509.0,509.0,,,0.0,,,0.0
2025-01-15 16:00:00,,,,,,,1533.0,1533.0,,,0.0,,,0.0
2025-01-15 17:00:00,,,,,,,1533.0,1533.0,,,0.0,,,0.0
2025-01-15 18:00:00,,,,,,,1529.0,1529.0,,,0.0,,,0.0
2025-01-15 19:00:00,,,,,,,1273.0,1273.0,,,0.0,,,0.0
2025-01-15 20:00:00,,,,,,,1273.0,1273.0,,,0.0,,,0.0
2025-01-15 21:00:00,,,,,,,1533.0,1533.0,,,0.0,,,0.0
2025-01-15 22:00:00,,,,,,,1273.0,1273.0,,,0.0,,,0.0
2025-01-15 23:00:00,,,,,,,1529.0,1529.0,,,0.0,,,0.0
2025-01-16 00:00:00,,,,,,,1273.0,1273.0,,,0.0,,,0.0
2025-01-16 01:00:00,,,,,,,1273.0,1273.0,,,0.0,,,0.0
2025-01-16 02:00:00,,,,,,,1273.0,1273.0,,,0.0,,,0.0
2025-01-16 03:00:00,,,,,,,1273.0,1273.0,,,0.0,,,0.0
2025-01-16 04:00:00,,,,,,,1273.0,1273.0,,,0.0,,,0.0
2025-01-16 05:00:00,,,,,,,1273.0,1273.0,,,0.0,,,0.0
2025-01-16 06:00:00,,,,,,,1273.0,1273.0,,,0.0,,,0.0
2025-01-16 07:00:00,,,,,,,1533.0,1533.0,,,0.0,,,0.0
2025-01-16 08:00:00,,,,,,,509.0,509.0,,,0.0,,,0.0
2025-01-16 09:00:00,,,,,,,509.0,509.0,,,0.0,,,0.0
2025-01-16 10:00:00,,,,,,,509.0,509.0,,,0.0,,,0.0
2025-01-16 11:00:00,,,,,,,509.0,509.0,,,0.0,,,0.0
2025-01-16 12:00:00,,,,,,,509.0,509.0,,,0.0,,,0.0
2025-01-16 13:00:00,,,,,,,509.0,509.0,,,0.0,,,0.0
2025-01-16 14:00:00,,,,,,,509.0,509.0,,,0.0,,,0.0
2025-01-16 15:00:00,,,,,,,509.0,509.0,,,0.0,,,0.0
2025-01-16 16:00:00,,,,,,,1533.0,1533.0,,,0.0,,,0.0
2025-01-16 17:00:00,,,,,,,1533.0,1533.0,,,0.0,,,0.0
2025-01-16 18:00:00,,,,,,,1273.0,1273.0,,,0.0,,,0.0
2025-01-16 19:00:00,,,,,,,1273.0,1273.0,,,0.0,,,0.0
2025-01-16 20:00:00,,,,,,,1273.0,1273.0,,,0.0,,,0.0
2025-01-16 21:00:00,,,,,,,1273.0,1273.0,,,0.0,,,0.0
2025-01-16 22:00:00,,,,,,,1273.0,1273.0,,,0.0,,,0.0
2025-01-16 23:00:00,,,,,,,1273.0,1273.0,,,0.0,,,0.0
2025-01-17 00:00:00,,,,,,,1273.0,1273.0,,,0.0,,,0.0
2025-01-17 01:00:00,,,,,,,1273.0,1273.0,,,0.0,,,0.0
2025-01-17 02:00:00,,,,,,,1273.0,1273.0,,,0.0,,,0.0
2025-01-17 03:00:00,,,,,,,1273.0,1273.0,,,0.0,,,0.0
2025-01-17 04:00:00,,,,,,,1273.0,1273.0,,,0.0,,,0.0
2025-01-17 05:00:00,,,,,,,1273.0,1273.0,,,0.0,,,0.0
2025-01-17 06:00:00,,,,,,,1273.0,1273.0,,,0.0,,,0.0
2025-01-17 07:00:00,,,,,,,1533.0,1533.0,,,0.0,,,0.0
2025-01-17 08:00:00,,,,,,,509.0,509.0,,,0.0,,,0.0
2025-01-17 09:00:00,,,,,,,509.0,509.0,,,0.0,,,0.0
2025-01-17 10:00:00,,,,,,,509.0,509.0,,,0.0,,,0.0
2025-01-17 11:00:00,,,,,,,505.0,505.0,,,0.0,,,0.0
2025-01-17 12:00:00,,,,,,,509.0,509.0,,,0.0,,,0.0
2025-01-17 13:00:00,,,,,,,509.0,509.0,,,0.0,,,0.0
2025-01-17 14:00:00,,,,,,,509.0,509.0,,,0.0,,,0.0
2025-01-17 15:00:00,,,,,,,509.0,509.0,,,0.0,,,0.0
2025-01-17 16:00:00,,,,,,,1533.0,1533.0,,,0.0,,,0.0
2025-01-17 17:00:00,,,,,,,1533.0,1533.0,,,0.0,,,0.0
2025-01-17 18:00:00,,,,,,,1273.0,1273.0,,,0.0,,,0.0
2025-01-17 19:00:00,,,,,,,1273.0,1273.0,,,0.0,,,0.0
2025-01-17 20:00:00,,,,,,,1273.0,1273.0,,,0.0,,,0.0
2025-01-17 21:00:00,,,,,,,1273.0,1273.0,,,0.0,,,0.0
2025-01-17 22:00:00,,,,,,,1273.0,1273.0,,,0.0,,,0.0
2025-01-17 23:00:00,,,,,,,1273.0,1273.0,,,0.0,,,0.0
2025-01-18 00:00:00,,,,,,,1273.0,1273.0,,,0.0,,,0.0
2025-01-18 01:00:00,,,,,,,1529.0,1529.0,,,0.0,,,0.0
2025-01-18 02:00:00,,,,,,,1533.0,1533.0,,,0.0,,,0.0
2025-01-18 03:00:00,,,,,,,1533.0,1533.0,,,0.0,,,0.0
2025-01-18 04:00:00,,,,,,,1529.0,1529.0,,,0.0,,,0.0
2025-01-18 05:00:00,,,,,,,1273.0,1273.0,,,0.0,,,0.0
2025-01-18 06:00:00,,,,,,,1273.0,1273.0,,,0.0,,,0.0
2025-01-18 07:00:00,,,,,,,1533.0,1533.0,,,0.0,,,0.0
2025-01-18 08:00:00,,,,,,,505.0,505.0,,,0.0,,,0.0
2025-01-18 09:00:00,,,,,,,509.0,509.0,0.1866,0.0,1.0,1.2774999,0.0,1.0
2025-01-18 10:00:00,,,,,,,509.0,509.0,,,0.0,,,0.0
2025-01-18 11:00:00,,,,,,,509.0,509.0,,,0.0,,,0.0
2025-01-18 12:00:00,,,,,,,509.0,509.0,,,0.0,,,0.0
2025-01-18 13:00:00,,,,,,,509.0,509.0,,,0.0,,,0.0
2025-01-18 14:00:00,,,,,,,509.0,509.0,,,0.0,,,0.0
2025-01-18 15:00:00,,,,,,,509.0,509.0,,,0.0,,,0.0
2025-01-18 16:00:00,,,,,,,1533.0,1533.0,,,0.0,,,0.0
2025-01-18 17:00:00,,,,,,,1533.0,1533.0,,,0.0,,,0.0
2025-01-18 18:00:00,,,,,,,1273.0,1273.0,,,0.0,,,0.0
2025-01-18 19:00:00,,,,,,,1273.0,1273.0,,,0.0,,,0.0
2025-01-18 20:00:00,,,,,,,1529.0,1529.0,,,0.0,,,0.0
2025-01-18 21:00:00,,,,,,,1529.0,1529.0,,,0.0,,,0.0
2025-01-18 22:00:00,,,,,,,1529.0,1529.0,,,0.0,,,0.0
2025-01-18 23:00:00,,,,,,,1529.0,1529.0,,,0.0,,,0.0
2025-01-19 00:00:00,,,,,,,1273.0,1273.0,,,0.0,,,0.0
2025-01-19 01:00:00,,,,,,,1529.0,1529.0,,,0.0,,,0.0
2025-01-19 03:00:00,,,,,,,1273.0,1273.0,,,0.0,,,0.0
2025-01-19 04:00:00,,,,,,,1273.0,1273.0,,,0.0,,,0.0
2025-01-19 05:00:00,,,,,,,1273.0,1273.0,,,0.0,,,0.0
2025-01-19 06:00:00,,,,,,,1273.0,1273.0,,,0.0,,,0.0
2025-01-19 07:00:00,,,,,,,1533.0,1533.0,,,0.0,,,0.0
2025-01-19 08:00:00,,,,,,,505.0,505.0,,,0.0,,,0.0
2025-01-19 09:00:00,,,,,,,509.0,509.0,0.191,0.0,1.0,1.2925999,0.0,1.0
2025-01-19 11:00:00,,,,,,,509.0,509.0,,,0.0,,,0.0
2025-01-19 12:00:00,,,,,,,509.0,509.0,,,0.0,,,0.0
2025-01-19 13:00:00,,,,,,,509.0,509.0,,,0.0,,,0.0
2025-01-19 14:00:00,,,,,,,509.0,509.0,,,0.0,,,0.0
2025-01-19 15:00:00,,,,,,,509.0,509.0,,,0.0,,,0.0
2025-01-19 16:00:00,,,,,,,1533.0,1533.0,,,0.0,,,0.0
2025-01-19 17:00:00,,,,,,,1533.0,1533.0,,,0.0,,,0.0
2025-01-19 18:00:00,,,,,,,1273.0,1273.0,,,0.0,,,0.0
2025-01-19 19:00:00,,,,,,,1273.0,1273.0,,,0.0,,,0.0
2025-01-19 21:00:00,,,,,,,1273.0,1273.0,,,0.0,,,0.0
2025-01-19 22:00:00,,,,,,,1273.0,1273.0,,,0.0,,,0.0
2025-01-19 23:00:00,,,,,,,1273.0,1273.0,,,0.0,,,0.0
2025-01-20 00:00:00,,,,,,,1273.0,1273.0,,,0.0,,,0.0
2025-01-20 01:00:00,,,,,,,1273.0,1273.0,,,0.0,,,0.0
2025-01-20 02:00:00,,,,,,,1273.0,1273.0,,,0.0,,,0.0
2025-01-20 03:00:00,,,,,,,1273.0,1273.0,,,0.0,,,0.0
2025-01-20 04:00:00,,,,,,,1529.0,1529.0,,,0.0,,,0.0
2025-01-20 05:00:00,,,,,,,1529.0,1529.0,,,0.0,,,0.0
2025-01-20 06:00:00,,,,,,,1273.0,1273.0,,,0.0,,,0.0
2025-01-20 07:00:00,,,,,,,1533.0,1533.0,,,0.0,,,0.0
2025-01-20 08:00:00,,,,,,,505.0,505.0,,,0.0,,,0.0
2025-01-20 09:00:00,,,,,,,509.0,509.0,0.9666,0.60539997,3.0,1.275,0.015100002,3.0
2025-01-20 10:00:00,,,,,,,509.0,509.0,,,0.0,,,0.0
2025-01-20 11:00:00,,,,,,,509.0,509.0,,,0.0,,,0.0
2025-01-20 12:00:00,,,,,,,509.0,509.0,,,0.0,,,0.0
2025-01-20 13:00:00,,,,,,,509.0,509.0,,,0.0,,,0.0
2025-01-20 14:00:00,,,,,,,505.0,505.0,,,0.0,,,0.0
2025-01-20 15:00:00,,,,,,,509.0,509.0,,,0.0,,,0.0
2025-01-20 16:00:00,,,,,,,1533.0,1533.0,,,0.0,,,0.0
2025-01-20 17:00:00,,,,,,,1533.0,1533.0,,,0.0,,,0.0
2025-01-20 18:00:00,,,,,,,1273.0,1273.0,,,0.0,,,0.0
2025-01-20 19:00:00,,,,,,,1529.0,1529.0,,,0.0,,,0.0
2025-01-20 20:00:00,,,,,,,1529.0,1529.0,,,0.0,,,0.0
2025-01-20 21:00:00,,,,,,,1273.0,1273.0,,,0.0,,,0.0
2025-01-20 22:00:00,,,,,,,1529.0,1529.0,,,0.0,,,0.0
2025-01-20 23:00:00,,,,,,,1273.0,1273.0,,,0.0,,,0.0
2025-01-21 00:00:00,,,,,,,1273.0,1273.0,,,0.0,,,0.0
2025-01-21 01:00:00,,,,,,,1273.0,1273.0,,,0.0,,,0.0
2025-01-21 02:00:00,,,,,,,1273.0,1273.0,,,0.0,,,0.0
2025-01-21 03:00:00,,,,,,,1533.0,1533.0,,,0.0,,,0.0
2025-01-21 04:00:00,,,,,,,1529.0,1529.0,,,0.0,,,0.0
2025-01-21 05:00:00,,,,,,,1529.0,1529.0,,,0.0,,,0.0
2025-01-21 06:00:00,,,,,,,1533.0,1533.0,,,0.0,,,0.0
2025-01-21 07:00:00,,,,,,,1533.0,1533.0,,,0.0,,,0.0
2025-01-21 08:00:00,,,,,,,505.0,505.0,,,0.0,,,0.0
2025-01-21 09:00:00,,,,,,,509.0,509.0,,,0.0,,,0.0
2025-01-21 10:00:00,,,,,,,509.0,509.0,,,0.0,,,0.0
2025-01-21 11:00:00,,,,,,,509.0,509.0,,,0.0,,,0.0
2025-01-21 12:00:00,,,,,,,509.0,509.0,,,0.0,,,0.0
2025-01-21 13:00:00,,,,,,,509.0,509.0,,,0.0,,,0.0
2025-01-21 14:00:00,,,,,,,509.0,509.0,,,0.0,,,0.0
2025-01-21 15:00:00,,,,,,,509.0,509.0,,,0.0,,,0.0
2025-01-21 16:00:00,,,,,,,1529.0,1529.0,,,0.0,,,0.0
2025-01-21 17:00:00,,,,,,,1533.0,1533.0,,,0.0,,,0.0
2025-01-21 18:00:00,,,,,,,1273.0,1273.0,,,0.0,,,0.0
2025-01-21 19:00:00,,,,,,,1533.0,1533.0,,,0.0,,,0.0
2025-01-21 20:00:00,,,,,,,1533.0,1533.0,,,0.0,,,0.0
2025-01-21 21:00:00,,,,,,,1529.0,1529.0,,,0.0,,,0.0
2025-01-21 22:00:00,,,,,,,1533.0,1533.0,,,0.0,,,0.0
2025-01-22 02:00:00,,,,,,,1273.0,1273.0,,,0.0,,,0.0
2025-01-22 03:00:00,,,,,,,1273.0,1273.0,,,0.0,,,0.0
2025-01-22 04:00:00,,,,,,,1273.0,1273.0,,,0.0,,,0.0
2025-01-22 05:00:00,,,,,,,1533.0,1533.0,,,0.0,,,0.0
2025-01-22 06:00:00,,,,,,,1533.0,1533.0,,,0.0,,,0.0
2025-01-22 07:00:00,,,,,,,1533.0,1533.0,,,0.0,,,0.0
2025-01-22 08:00:00,,,,,,,509.0,509.0,,,0.0,,,0.0
2025-01-22 09:00:00,,,,,,,509.0,509.0,,,0.0,,,0.0
2025-01-22 10:00:00,,,,,,,509.0,509.0,,,0.0,,,0.0
2025-01-22 11:00:00,,,,,,,509.0,509.0,,,0.0,,,0.0
2025-01-22 12:00:00,,,,,,,509.0,509.0,,,0.0,,,0.0
2025-01-22 13:00:00,,,,,,,509.0,509.0,,,0.0,,,0.0
2025-01-22 14:00:00,,,,,,,509.0,509.0,,,0.0,,,0.0
2025-01-22 15:00:00,,,,,,,509.0,509.0,,,0.0,,,0.0
2025-01-22 16:00:00,,,,,,,509.0,509.0,,,0.0,,,0.0
2025-01-22 17:00:00,,,,,,,1533.0,1533.0,,,0.0,,,0.0
2025-01-22 18:00:00,,,,,,,1273.0,1273.0,,,0.0,,,0.0
2025-01-22 19:00:00,,,,,,,1273.0,1273.0,,,0.0,,,0.0
2025-01-22 20:00:00,,,,,,,1273.0,1273.0,,,0.0,,,0.0
2025-01-22 21:00:00,,,,,,,1533.0,1533.0,,,0.0,,,0.0
2025-01-22 22:00:00,,,,,,,1529.0,1529.0,,,0.0,,,0.0
2025-01-22 23:00:00,,,,,,,1529.0,1529.0,,,0.0,,,0.0
2025-01-23 00:00:00,,,,,,,1273.0,1273.0,,,0.0,,,0.0
2025-01-23 01:00:00,,,,,,,1273.0,1273.0,,,0.0,,,0.0
2025-01-23 02:00:00,,,,,,,1273.0,1273.0,,,0.0,,,0.0
2025-01-23 03:00:00,,,,,,,1273.0,1273.0,,,0.0,,,0.0
2025-01-23 04:00:00,,,,,,,1273.0,1273.0,,,0.0,,,0.0
2025-01-23 05:00:00,,,,,,,1533.0,1533.0,,,0.0,,,0.0
2025-01-23 06:00:00,,,,,,,1533.0,1533.0,,,0.0,,,0.0
2025-01-23 07:00:00,,,,,,,1533.0,1533.0,,,0.0,,,0.0
2025-01-23 08:00:00,,,,,,,509.0,509.0,,,0.0,,,0.0
2025-01-23 09:00:00,,,,,,,509.0,509.0,,,0.0,,,0.0
2025-01-23 10:00:00,,,,,,,509.0,509.0,,,0.0,,,0.0
2025-01-23 11:00:00,,,,,,,509.0,509.0,,,0.0,,,0.0
2025-01-23 12:00:00,,,,,,,509.0,509.0,,,0.0,,,0.0
2025-01-23 13:00:00,,,,,,,509.0,509.0,,,0.0,,,0.0
2025-01-23 14:00:00,,,,,,,509.0,509.0,,,0.0,,,0.0
2025-01-23 15:00:00,,,,,,,509.0,509.0,,,0.0,,,0.0
2025-01-23 16:00:00,,,,,,,509.0,509.0,,,0.0,,,0.0
2025-01-23 17:00:00,,,,,,,1533.0,1533.0,,,0.0,,,0.0
2025-01-23 18:00:00,,,,,,,1273.0,1273.0,,,0.0,,,0.0
2025-01-23 19:00:00,,,,,,,1273.0,1273.0,,,0.0,,,0.0
2025-01-23 20:00:00,,,,,,,1273.0,1273.0,,,0.0,,,0.0
2025-01-23 21:00:00,,,,,,,1529.0,1529.0,,,0.0,,,0.0
2025-01-23 22:00:00,,,,,,,1533.0,1533.0,,,0.0,,,0.0
2025-01-23 23:00:00,,,,,,,1533.0,1533.0,,,0.0,,,0.0
2025-01-24 00:00:00,,,,,,,1529.0,1529.0,,,0.0,,,0.0
2025-01-24 01:00:00,,,,,,,1533.0,1533.0,,,0.0,,,0.0
2025-01-24 02:00:00,,,,,,,1533.0,1533.0,,,0.0,,,0.0
2025-01-24 03:00:00,,,,,,,1529.0,1529.0,,,0.0,,,0.0
2025-01-24 04:00:00,,,,,,,1529.0,1529.0,,,0.0,,,0.0
2025-01-24 05:00:00,,,,,,,1529.0,1529.0,,,0.0,,,0.0
2025-01-24 06:00:00,,,,,,,1533.0,1533.0,,,0.0,,,0.0
2025-01-24 07:00:00,,,,,,,1533.0,1533.0,,,0.0,,,0.0
2025-01-24 08:00:00,,,,,,,509.0,509.0,,,0.0,,,0.0
2025-01-24 09:00:00,,,,,,,509.0,509.0,,,0.0,,,0.0
2025-01-24 10:00:00,,,,,,,509.0,509.0,,,0.0,,,0.0
2025-01-24 11:00:00,,,,,,,509.0,509.0,,,0.0,,,0.0
2025-01-24 12:00:00,,,,,,,509.0,509.0,,,0.0,,,0.0
2025-01-24 13:00:00,,,,,,,509.0,509.0,,,0.0,,,0.0
2025-01-24 14:00:00,,,,,,,509.0,509.0,,,0.0,,,0.0
2025-01-24 15:00:00,,,,,,,509.0,509.0,,,0.0,,,0.0
2025-01-24 16:00:00,,,,,,,249.0,249.0,,,0.0,,,0.0
2025-01-24 17:00:00,,,,,,,1529.0,1529.0,,,0.0,,,0.0
2025-01-24 18:00:00,,,,,,,1529.0,1529.0,,,0.0,,,0.0
2025-01-24 19:00:00,,,,,,,1273.0,1273.0,,,0.0,,,0.0
2025-01-24 20:00:00,,,,,,,1273.0,1273.0,,,0.0,,,0.0
2025-01-24 21:00:00,,,,,,,1273.0,1273.0,,,0.0,,,0.0
2025-01-24 22:00:00,,,,,,,1273.0,1273.0,,,0.0,,,0.0
2025-01-24 23:00:00,,,,,,,1273.0,1273.0,,,0.0,,,0.0
2025-01-25 00:00:00,,,,,,,1273.0,1273.0,,,0.0,,,0.0
2025-01-25 01:00:00,,,,,,,1273.0,1273.0,,,0.0,,,0.0
2025-01-25 02:00:00,,,,,,,1273.0,1273.0,,,0.0,,,0.0
2025-01-25 03:00:00,,,,,,,1273.0,1273.0,,,0.0,,,0.0
2025-01-25 04:00:00,,,,,,,1273.0,1273.0,,,0.0,,,0.0
2025-01-25 05:00:00,,,,,,,1273.0,1273.0,,,0.0,,,0.0
2025-01-25 06:00:00,,,,,,,1273.0,1273.0,,,0.0,,,0.0
2025-01-25 07:00:00,,,,,,,1533.0,1533.0,,,0.0,,,0.0
2025-01-25 08:00:00,,,,,,,505.0,505.0,,,0.0,,,0.0
2025-01-25 09:00:00,,,,,,,509.0,509.0,,,0.0,,,0.0
2025-01-25 10:00:00,,,,,,,509.0,509.0,,,0.0,,,0.0
2025-01-25 11:00:00,,,,,,,509.0,509.0,,,0.0,,,0.0
2025-01-25 12:00:00,,,,,,,509.0,509.0,,,0.0,,,0.0
2025-01-25 13:00:00,,,,,,,509.0,509.0,,,0.0,,,0.0
2025-01-25 14:00:00,,,,,,,509.0,509.0,,,0.0,,,0.0
2025-01-25 15:00:00,,,,,,,505.0,505.0,,,0.0,,,0.0
2025-01-25 16:00:00,,,,,,,505.0,505.0,,,0.0,,,0.0
2025-01-25 17:00:00,,,,,,,1533.0,1533.0,,,0.0,,,0.0
2025-01-25 18:00:00,,,,,,,1273.0,1273.0,,,0.0,,,0.0
2025-01-25 19:00:00,,,,,,,1533.0,1533.0,,,0.0,,,0.0
2025-01-25 20:00:00,,,,,,,1273.0,1273.0,,,0.0,,,0.0
2025-01-25 21:00:00,,,,,,,1529.0,1529.0,,,0.0,,,0.0
2025-01-25 22:00:00,,,,,,,1533.0,1533.0,,,0.0,,,0.0
2025-01-25 23:00:00,,,,,,,1273.0,1273.0,,,0.0,,,0.0
2025-01-26 00:00:00,,,,,,,1529.0,1529.0,,,0.0,,,0.0
2025-01-26 01:00:00,,,,,,,1529.0,1529.0,,,0.0,,,0.0
2025-01-26 02:00:00,,,,,,,1533.0,1533.0,,,0.0,,,0.0
2025-01-26 03:00:00,,,,,,,1533.0,1533.0,,,0.0,,,0.0
2025-01-26 04:00:00,,,,,,,1533.0,1533.0,,,0.0,,,0.0
2025-01-26 05:00:00,,,,,,,1529.0,1529.0,,,0.0,,,0.0
2025-01-26 06:00:00,,,,,,,1529.0,1529.0,,,0.0,,,0.0
2025-01-26 07:00:00,,,,,,,1533.0,1533.0,,,0.0,,,0.0
2025-01-26 08:00:00,,,,,,,509.0,509.0,,,0.0,,,0.0
2025-01-26 09:00:00,,,,,,,509.0,509.0,,,0.0,,,0.0
2025-01-26 10:00:00,,,,,,,505.0,505.0,,,0.0,,,0.0
2025-01-26 11:00:00,,,,,,,509.0,509.0,,,0.0,,,0.0
2025-01-26 12:00:00,,,,,,,509.0,509.0,,,0.0,,,0.0
2025-01-26 13:00:00,,,,,,,509.0,509.0,,,0.0,,,0.0
2025-01-26 14:00:00,,,,,,,509.0,509.0,,,0.0,,,0.0
2025-01-26 15:00:00,,,,,,,509.0,509.0,,,0.0,,,0.0
2025-01-26 16:00:00,,,,,,,509.0,509.0,,,0.0,,,0.0
2025-01-26 17:00:00,,,,,,,1529.0,1529.0,,,0.0,,,0.0
2025-01-26 18:00:00,,,,,,,1533.0,1533.0,,,0.0,,,0.0
2025-01-26 19:00:00,,,,,,,1273.0,1273.0,,,0.0,,,0.0
2025-01-26 20:00:00,,,,,,,1273.0,1273.0,,,0.0,,,0.0
2025-01-26 21:00:00,,,,,,,1273.0,1273.0,,,0.0,,,0.0
2025-01-26 22:00:00,,,,,,,1273.0,1273.0,,,0.0,,,0.0
2025-01-26 23:00:00,,,,,,,1273.0,1273.0,,,0.0,,,0.0
2025-01-27 00:00:00,,,,,,,1529.0,1529.0,,,0.0,,,0.0
2025-01-27 01:00:00,,,,,,,1273.0,1273.0,,,0.0,,,0.0
2025-01-27 02:00:00,,,,,,,1533.0,1533.0,,,0.0,,,0.0
2025-01-27 03:00:00,,,,,,,1273.0,1273.0,,,0.0,,,0.0
2025-01-27 04:00:00,,,,,,,1273.0,1273.0,,,0.0,,,0.0
2025-01-27 05:00:00,,,,,,,1273.0,1273.0,,,0.0,,,0.0
2025-01-27 06:00:00,,,,,,,1273.0,1273.0,,,0.0,,,0.0
2025-01-27 07:00:00,,,,,,,1533.0,1533.0,,,0.0,,,0.0
2025-01-27 08:00:00,,,,,,,509.0,509.0,,,0.0,,,0.0
2025-01-27 09:00:00,,,,,,,509.0,509.0,,,0.0,,,0.0
2025-01-27 10:00:00,,,,,,,509.0,509.0,,,0.0,,,0.0
2025-01-27 11:00:00,,,,,,,509.0,509.0,,,0.0,,,0.0
2025-01-27 12:00:00,,,,,,,509.0,509.0,,,0.0,,,0.0
2025-01-27 13:00:00,,,,,,,509.0,509.0,,,0.0,,,0.0
2025-01-27 14:00:00,,,,,,,509.0,509.0,,,0.0,,,0.0
2025-01-27 15:00:00,,,,,,,509.0,509.0,,,0.0,,,0.0
2025-01-27 16:00:00,,,,,,,509.0,509.0,,,0.0,,,0.0
2025-01-27 17:00:00,,,,,,,1529.0,1529.0,,,0.0,,,0.0
2025-01-27 18:00:00,,,,,,,1533.0,1533.0,,,0.0,,,0.0
2025-01-27 19:00:00,,,,,,,1529.0,1529.0,,,0.0,,,0.0
2025-01-27 20:00:00,,,,,,,1273.0,1273.0,,,0.0,,,0.0
2025-01-27 21:00:00,,,,,,,1273.0,1273.0,,,0.0,,,0.0
2025-01-27 22:00:00,,,,,,,1273.0,1273.0,,,0.0,,,0.0
2025-01-27 23:00:00,,,,,,,1273.0,1273.0,,,0.0,,,0.0
2025-01-28 00:00:00,,,,,,,1273.0,1273.0,,,0.0,,,0.0
2025-01-28 01:00:00,,,,,,,1273.0,1273.0,,,0.0,,,0.0
2025-01-28 02:00:00,,,,,,,1273.0,1273.0,,,0.0,,,0.0
2025-01-28 03:00:00,,,,,,,1533.0,1533.0,,,0.0,,,0.0
2025-01-28 04:00:00,,,,,,,1273.0,1273.0,,,0.0,,,0.0
2025-01-28 05:00:00,,,,,,,1273.0,1273.0,,,0.0,,,0.0
2025-01-28 06:00:00,,,,,,,1533.0,1533.0,,,0.0,,,0.0
2025-01-28 07:00:00,,,,,,,1533.0,1533.0,,,0.0,,,0.0
2025-01-28 08:00:00,,,,,,,509.0,509.0,,,0.0,,,0.0
2025-01-28 09:00:00,,,,,,,509.0,509.0,,,0.0,,,0.0
2025-01-28 10:00:00,,,,,,,509.0,509.0,,,0.0,,,0.0
2025-01-28 11:00:00,,,,,,,509.0,509.0,,,0.0,,,0.0
2025-01-28 12:00:00,,,,,,,509.0,509.0,,,0.0,,,0.0
2025-01-28 13:00:00,,,,,,,509.0,509.0,,,0.0,,,0.0
2025-01-28 14:00:00,,,,,,,509.0,509.0,,,0.0,,,0.0
2025-01-28 15:00:00,,,,,,,509.0,509.0,,,0.0,,,0.0
2025-01-28 16:00:00,,,,,,,509.0,509.0,,,0.0,,,0.0
2025-01-28 17:00:00,,,,,,,1533.0,1533.0,,,0.0,,,0.0
2025-01-28 18:00:00,,,,,,,1273.0,1273.0,,,0.0,,,0.0
2025-01-28 19:00:00,,,,,,,1533.0,1533.0,,,0.0,,,0.0
2025-01-28 20:00:00,,,,,,,1533.0,1533.0,,,0.0,,,0.0
2025-01-28 21:00:00,,,,,,,1533.0,1533.0,,,0.0,,,0.0
2025-01-28 22:00:00,,,,,,,1533.0,1533.0,,,0.0,,,0.0
2025-01-28 23:00:00,,,,,,,1529.0,1529.0,,,0.0,,,0.0
2025-01-29 00:00:00,,,,,,,1273.0,1273.0,,,0.0,,,0.0
2025-01-29 01:00:00,,,,,,,1273.0,1273.0,,,0.0,,,0.0
2025-01-29 02:00:00,,,,,,,1533.0,1533.0,,,0.0,,,0.0
2025-01-29 03:00:00,,,,,,,1533.0,1533.0,,,0.0,,,0.0
2025-01-29 04:00:00,,,,,,,1533.0,1533.0,,,0.0,,,0.0
2025-01-29 05:00:00,,,,,,,1533.0,1533.0,,,0.0,,,0.0
2025-01-29 06:00:00,,,,,,,1533.0,1533.0,,,0.0,,,0.0
2025-01-29 07:00:00,,,,,,,1533.0,1533.0,,,0.0,,,0.0
2025-01-29 08:00:00,,,,,,,509.0,509.0,,,0.0,,,0.0
2025-01-29 09:00:00,,,,,,,509.0,509.0,,,0.0,,,0.0
2025-01-29 10:00:00,,,,,,,509.0,509.0,,,0.0,,,0.0
2025-01-29 11:00:00,,,,,,,509.0,509.0,,,0.0,,,0.0
2025-01-29 12:00:00,,,,,,,509.0,509.0,,,0.0,,,0.0
2025-01-29 13:00:00,,,,,,,509.0,509.0,,,0.0,,,0.0
2025-01-29 14:00:00,,,,,,,509.0,509.0,,,0.0,,,0.0
2025-01-29 15:00:00,,,,,,,505.0,504.0,0.3976,0.1962,3.0,1.0827,0.4784,3.0
2025-01-29 16:00:00,,,,,,,249.0,249.0,0.3978,0.047199998,5.0,1.0722,0.1117,5.0
2025-01-29 17:00:00,,,,,,,1533.0,1533.0,,,0.0,,,0.0
2025-01-29 18:00:00,,,,,,,1529.0,1529.0,,,0.0,,,0.0
2025-01-29 19:00:00,,,,,,,1529.0,1529.0,,,0.0,,,0.0
2025-01-29 20:00:00,,,,,,,1273.0,1273.0,,,0.0,,,0.0
2025-01-29 21:00:00,,,,,,,1273.0,1273.0,,,0.0,,,0.0
2025-01-29 22:00:00,,,,,,,1529.0,1529.0,,,0.0,,,0.0
2025-01-29 23:00:00,,,,,,,1533.0,1533.0,,,0.0,,,0.0
2025-01-30 00:00:00,,,,,,,1533.0,1533.0,,,0.0,,,0.0
2025-01-30 01:00:00,,,,,,,1529.0,1529.0,,,0.0,,,0.0
2025-01-30 02:00:00,,,,,,,1533.0,1533.0,,,0.0,,,0.0
2025-01-30 03:00:00,,,,,,,1529.0,1529.0,,,0.0,,,0.0
2025-01-30 04:00:00,,,,,,,1533.0,1533.0,,,0.0,,,0.0
2025-01-30 05:00:00,,,,,,,1529.0,1529.0,,,0.0,,,0.0
2025-01-30 06:00:00,,,,,,,1533.0,1533.0,,,0.0,,,0.0
2025-01-30 07:00:00,,,,,,,1533.0,1533.0,,,0.0,,,0.0
2025-01-30 08:00:00,,,,,,,509.0,509.0,,,0.0,,,0.0
2025-01-30 09:00:00,,,,,,,509.0,509.0,,,0.0,,,0.0
2025-01-30 10:00:00,,,,,,,509.0,509.0,,,0.0,,,0.0
2025-01-30 11:00:00,,,,,,,509.0,509.0,,,0.0,,,0.0
2025-01-30 12:00:00,,,,,,,509.0,509.0,,,0.0,,,0.0
2025-01-30 13:00:00,,,,,,,509.0,509.0,,,0.0,,,0.0
2025-01-30 14:00:00,,,,,,,509.0,509.0,,,0.0,,,0.0
2025-01-30 15:00:00,,,,,,,249.0,249.0,,,0.0,,,0.0
2025-01-30 16:00:00,,,,,,,505.0,505.0,0.069,0.0,1.0,1.0718,0.0,1.0
2025-01-30 17:00:00,,,,,,,1533.0,1533.0,,,0.0,,,0.0
2025-01-30 18:00:00,,,,,,,1533.0,1533.0,,,0.0,,,0.0
2025-01-30 19:00:00,,,,,,,1273.0,1273.0,,,0.0,,,0.0
2025-01-30 20:00:00,,,,,,,1273.0,1273.0,,,0.0,,,0.0
2025-01-30 21:00:00,,,,,,,1273.0,1273.0,,,0.0,,,0.0
2025-01-30 22:00:00,,,,,,,1273.0,1273.0,,,0.0,,,0.0
2025-01-30 23:00:00,,,,,,,1273.0,1273.0,,,0.0,,,0.0
2025-01-31 00:00:00,,,,,,,1273.0,1273.0,,,0.0,,,0.0
2025-01-31 01:00:00,,,,,,,1273.0,1273.0,,,0.0,,,0.0
2025-01-31 02:00:00,,,,,,,1533.0,1533.0,,,0.0,,,0.0
2025-01-31 03:00:00,,,,,,,1273.0,1273.0,,,0.0,,,0.0
2025-01-31 04:00:00,,,,,,,1273.0,1273.0,,,0.0,,,0.0
2025-01-31 05:00:00,,,,,,,1273.0,1273.0,,,0.0,,,0.0
2025-01-31 06:00:00,,,,,,,1273.0,1273.0,,,0.0,,,0.0
2025-01-31 07:00:00,,,,,,,1533.0,1533.0,,,0.0,,,0.0
2025-01-31 08:00:00,,,,,,,509.0,509.0,,,0.0,,,0.0
2025-01-31 09:00:00,,,,,,,509.0,509.0,,,0.0,,,0.0
2025-01-31 10:00:00,,,,,,,509.0,509.0,,,0.0,,,0.0
2025-01-31 11:00:00,,,,,,,509.0,509.0,,,0.0,,,0.0
2025-01-31 12:00:00,,,,,,,509.0,509.0,,,0.0,,,0.0
2025-01-31 13:00:00,,,,,,,509.0,509.0,,,0.0,,,0.0
2025-01-31 14:00:00,,,,,,,509.0,509.0,,,0.0,,,0.0
2025-01-31 15:00:00,,,,,,,509.0,509.0,,,0.0,,,0.0
2025-01-31 16:00:00,,,,,,,249.0,249.0,0.1064,0.0,1.0,0.5634999,0.0,1.0
2025-01-31 17:00:00,,,,,,,1533.0,1533.0,,,0.0,,,0.0
2025-01-31 18:00:00,,,,,,,1273.0,1273.0,,,0.0,,,0.0
2025-01-31 19:00:00,,,,,,,1533.0,1533.0,,,0.0,,,0.0
2025-01-31 20:00:00,,,,,,,1529.0,1529.0,,,0.0,,,0.0
2025-01-31 21:00:00,,,,,,,1533.0,1533.0,,,0.0,,,0.0
2025-01-31 22:00:00,,,,,,,1533.0,1533.0,,,0.0,,,0.0
2025-01-31 23:00:00,,,,,,,1273.0,1273.0,,,0.0,,,0.0
2025-02-01 00:00:00,,,,,,,1529.0,1529.0,,,0.0,,,0.0
2025-02-01 01:00:00,,,,,,,1273.0,1273.0,,,0.0,,,0.0
2025-02-01 02:00:00,,,,,,,1273.0,1273.0,,,0.0,,,0.0
2025-02-01 03:00:00,,,,,,,1273.0,1273.0,,,0.0,,,0.0
2025-02-01 04:00:00,,,,,,,1273.0,1273.0,,,0.0,,,0.0
2025-02-01 05:00:00,,,,,,,1529.0,1529.0,,,0.0,,,0.0
2025-02-01 06:00:00,,,,,,,1273.0,1273.0,,,0.0,,,0.0
2025-02-01 07:00:00,,,,,,,1533.0,1533.0,,,0.0,,,0.0
2025-02-01 08:00:00,,,,,,,509.0,509.0,,,0.0,,,0.0
2025-02-01 09:00:00,,,,,,,509.0,509.0,,,0.0,,,0.0
2025-02-01 10:00:00,,,,,,,509.0,509.0,,,0.0,,,0.0
2025-02-01 11:00:00,,,,,,,509.0,509.0,,,0.0,,,0.0
2025-02-01 12:00:00,,,,,,,509.0,509.0,,,0.0,,,0.0
2025-02-01 13:00:00,,,,,,,509.0,509.0,,,0.0,,,0.0
2025-02-01 14:00:00,,,,,,,509.0,509.0,,,0.0,,,0.0
2025-02-01 15:00:00,,,,,,,509.0,509.0,,,0.0,,,0.0
2025-02-01 16:00:00,,,,,,,249.0,249.0,0.1144,0.0,1.0,0.43919998,0.0,1.0
2025-02-01 17:00:00,,,,,,,1533.0,1533.0,,,0.0,,,0.0
2025-02-01 18:00:00,,,,,,,1273.0,1273.0,,,0.0,,,0.0
2025-02-01 19:00:00,,,,,,,1529.0,1529.0,,,0.0,,,0.0
2025-02-01 20:00:00,,,,,,,1273.0,1273.0,,,0.0,,,0.0
2025-02-01 21:00:00,,,,,,,1273.0,1273.0,,,0.0,,,0.0
2025-02-01 22:00:00,,,,,,,1273.0,1273.0,,,0.0,,,0.0
2025-02-01 23:00:00,,,,,,,1273.0,1273.0,,,0.0,,,0.0
2025-02-02 00:00:00,,,,,,,1273.0,1273.0,,,0.0,,,0.0
2025-02-02 01:00:00,,,,,,,1273.0,1273.0,,,0.0,,,0.0
2025-02-02 02:00:00,,,,,,,1273.0,1273.0,,,0.0,,,0.0
2025-02-02 03:00:00,,,,,,,1273.0,1273.0,,,0.0,,,0.0
2025-02-02 04:00:00,,,,,,,1273.0,1273.0,,,0.0,,,0.0
2025-02-02 05:00:00,,,,,,,1273.0,1273.0,,,0.0,,,0.0
2025-02-02 06:00:00,,,,,,,1273.0,1273.0,,,0.0,,,0.0
2025-02-02 07:00:00,,,,,,,1533.0,1533.0,,,0.0,,,0.0
2025-02-02 08:00:00,,,,,,,505.0,504.0,0.49519998,0.0,1.0,1.0897,0.0,1.0
2025-02-02 09:00:00,,,,,,,509.0,509.0,,,0.0,,,0.0
2025-02-02 10:00:00,,,,,,,509.0,509.0,,,0.0,,,0.0
2025-02-02 11:00:00,,,,,,,509.0,509.0,,,0.0,,,0.0
2025-02-02 12:00:00,,,,,,,509.0,509.0,,,0.0,,,0.0
2025-02-02 13:00:00,,,,,,,509.0,509.0,,,0.0,,,0.0
2025-02-02 14:00:00,,,,,,,509.0,509.0,,,0.0,,,0.0
2025-02-02 15:00:00,,,,,,,249.0,248.0,0.27719998,0.20099999,2.0,0.7328,0.46559995,2.0
2025-02-02 16:00:00,,,,,,,249.0,249.0,0.076,0.034199998,5.0,1.3963,0.065,5.0
2025-02-02 17:00:00,,,,,,,1529.0,1529.0,,,0.0,,,0.0
2025-02-02 18:00:00,,,,,,,1273.0,1273.0,,,0.0,,,0.0
2025-02-02 19:00:00,,,,,,,1273.0,1273.0,,,0.0,,,0.0
2025-02-02 20:00:00,,,,,,,1529.0,1529.0,,,0.0,,,0.0
2025-02-02 21:00:00,,,,,,,1273.0,1273.0,,,0.0,,,0.0
2025-02-02 22:00:00,,,,,,,1529.0,1529.0,,,0.0,,,0.0
2025-02-02 23:00:00,,,,,,,1273.0,1273.0,,,0.0,,,0.0
2025-02-03 00:00:00,,,,,,,1273.0,1273.0,,,0.0,,,0.0
2025-02-03 01:00:00,,,,,,,1273.0,1273.0,,,0.0,,,0.0
2025-02-03 02:00:00,,,,,,,1273.0,1273.0,,,0.0,,,0.0
2025-02-03 03:00:00,,,,,,,1529.0,1529.0,,,0.0,,,0.0
2025-02-03 04:00:00,,,,,,,1273.0,1273.0,,,0.0,,,0.0
2025-02-03 05:00:00,,,,,,,1529.0,1529.0,,,0.0,,,0.0
2025-02-03 06:00:00,,,,,,,1273.0,1273.0,,,0.0,,,0.0
2025-02-03 07:00:00,,,,,,,1533.0,1533.0,,,0.0,,,0.0
2025-02-03 08:00:00,,,,,,,509.0,509.0,,,0.0,,,0.0
2025-02-03 09:00:00,,,,,,,509.0,509.0,,,0.0,,,0.0
2025-02-03 10:00:00,,,,,,,509.0,509.0,,,0.0,,,0.0
2025-02-03 11:00:00,,,,,,,509.0,509.0,,,0.0,,,0.0
2025-02-03 12:00:00,,,,,,,509.0,509.0,,,0.0,,,0.0
2025-02-03 13:00:00,,,,,,,509.0,509.0,,,0.0,,,0.0
2025-02-03 14:00:00,,,,,,,509.0,509.0,,,0.0,,,0.0
2025-02-03 15:00:00,,,,,,,509.0,509.0,,,0.0,,,0.0
2025-02-03 16:00:00,,,,,,,509.0,509.0,,,0.0,,,0.0
2025-02-03 17:00:00,,,,,,,1533.0,1533.0,,,0.0,,,0.0
2025-02-03 18:00:00,,,,,,,1273.0,1273.0,,,0.0,,,0.0
2025-02-03 19:00:00,,,,,,,1533.0,1533.0,,,0.0,,,0.0
2025-02-03 20:00:00,,,,,,,1533.0,1533.0,,,0.0,,,0.0
2025-02-03 21:00:00,,,,,,,1529.0,1529.0,,,0.0,,,0.0
2025-02-03 22:00:00,,,,,,,1533.0,1533.0,,,0.0,,,0.0
2025-02-03 23:00:00,,,,,,,1533.0,1533.0,,,0.0,,,0.0
2025-02-04 00:00:00,,,,,,,1273.0,1273.0,,,0.0,,,0.0
2025-02-04 01:00:00,,,,,,,1273.0,1273.0,,,0.0,,,0.0
2025-02-04 02:00:00,,,,,,,1273.0,1273.0,,,0.0,,,0.0
2025-02-04 03:00:00,,,,,,,1273.0,1273.0,,,0.0,,,0.0
2025-02-04 04:00:00,,,,,,,1273.0,1273.0,,,0.0,,,0.0
2025-02-04 05:00:00,,,,,,,1273.0,1273.0,,,0.0,,,0.0
2025-02-04 06:00:00,,,,,,,1273.0,1273.0,,,0.0,,,0.0
2025-02-04 07:00:00,,,,,,,1533.0,1533.0,,,0.0,,,0.0
2025-02-04 08:00:00,,,,,,,509.0,509.0,,,0.0,,,0.0
2025-02-04 09:00:00,,,,,,,509.0,509.0,,,0.0,,,0.0
2025-02-04 10:00:00,,,,,,,509.0,509.0,,,0.0,,,0.0
2025-02-04 11:00:00,,,,,,,509.0,509.0,,,0.0,,,0.0
2025-02-04 12:00:00,,,,,,,509.0,509.0,,,0.0,,,0.0
2025-02-04 13:00:00,,,,,,,509.0,509.0,,,0.0,,,0.0
2025-02-04 14:00:00,,,,,,,509.0,509.0,,,0.0,,,0.0
2025-02-04 15:00:00,,,,,,,509.0,509.0,,,0.0,,,0.0
2025-02-04 16:00:00,,,,,,,509.0,509.0,,,0.0,,,0.0
2025-02-04 17:00:00,,,,,,,1533.0,1533.0,,,0.0,,,0.0
2025-02-04 18:00:00,,,,,,,1273.0,1273.0,,,0.0,,,0.0
2025-02-04 19:00:00,,,,,,,1529.0,1529.0,,,0.0,,,0.0
2025-02-04 20:00:00,,,,,,,1533.0,1533.0,,,0.0,,,0.0
2025-02-04 21:00:00,,,,,,,1529.0,1529.0,,,0.0,,,0.0
2025-02-04 22:00:00,,,,,,,1273.0,1273.0,,,0.0,,,0.0
2025-02-04 23:00:00,,,,,,,1273.0,1273.0,,,0.0,,,0.0
2025-02-05 00:00:00,,,,,,,1529.0,1529.0,,,0.0,,,0.0
2025-02-05 01:00:00,,,,,,,1273.0,1273.0,,,0.0,,,0.0
2025-02-05 02:00:00,,,,,,,1273.0,1273.0,,,0.0,,,0.0
2025-02-05 03:00:00,,,,,,,1273.0,1273.0,,,0.0,,,0.0
2025-02-05 04:00:00,,,,,,,1273.0,1273.0,,,0.0,,,0.0
2025-02-05 05:00:00,,,,,,,1533.0,1533.0,,,0.0,,,0.0
2025-02-05 06:00:00,,,,,,,1529.0,1529.0,,,0.0,,,0.0
2025-02-05 07:00:00,,,,,,,1533.0,1533.0,,,0.0,,,0.0
2025-02-05 08:00:00,,,,,,,509.0,509.0,,,0.0,,,0.0
2025-02-05 09:00:00,,,,,,,505.0,505.0,,,0.0,,,0.0
2025-02-05 10:00:00,,,,,,,509.0,509.0,,,0.0,,,0.0
2025-02-05 11:00:00,,,,,,,509.0,509.0,,,0.0,,,0.0
2025-02-05 12:00:00,,,,,,,509.0,509.0,,,0.0,,,0.0
2025-02-05 13:00:00,,,,,,,509.0,509.0,,,0.0,,,0.0
2025-02-05 14:00:00,,,,,,,509.0,509.0,,,0.0,,,0.0
2025-02-05 15:00:00,,,,,,,509.0,509.0,0.389,0.0,1.0,1.1524,0.0,1.0
2025-02-05 16:00:00,,,,,,,509.0,509.0,,,0.0,,,0.0
2025-02-05 17:00:00,,,,,,,1533.0,1533.0,,,0.0,,,0.0
2025-02-05 18:00:00,,,,,,,1529.0,1529.0,,,0.0,,,0.0
2025-02-05 19:00:00,,,,,,,1533.0,1533.0,,,0.0,,,0.0
2025-02-05 20:00:00,,,,,,,1273.0,1273.0,,,0.0,,,0.0
2025-02-05 21:00:00,,,,,,,1273.0,1273.0,,,0.0,,,0.0
2025-02-05 22:00:00,,,,,,,1273.0,1273.0,,,0.0,,,0.0
2025-02-05 23:00:00,,,,,,,1273.0,1273.0,,,0.0,,,0.0
2025-02-06 00:00:00,,,,,,,1529.0,1529.0,,,0.0,,,0.0
2025-02-06 01:00:00,,,,,,,1273.0,1273.0,,,0.0,,,0.0
2025-02-06 02:00:00,,,,,,,1533.0,1533.0,,,0.0,,,0.0
2025-02-06 03:00:00,,,,,,,1533.0,1533.0,,,0.0,,,0.0
2025-02-06 04:00:00,,,,,,,1273.0,1273.0,,,0.0,,,0.0
2025-02-06 05:00:00,,,,,,,1529.0,1529.0,,,0.0,,,0.0
2025-02-06 06:00:00,,,,,,,1273.0,1273.0,,,0.0,,,0.0
2025-02-06 07:00:00,,,,,,,1533.0,1533.0,,,0.0,,,0.0
2025-02-06 08:00:00,,,,,,,509.0,509.0,,,0.0,,,0.0
2025-02-06 09:00:00,,,,,,,509.0,509.0,,,0.0,,,0.0
2025-02-06 10:00:00,,,,,,,509.0,509.0,,,0.0,,,0.0
2025-02-06 11:00:00,,,,,,,509.0,509.0,,,0.0,,,0.0
2025-02-06 12:00:00,,,,,,,509.0,509.0,,,0.0,,,0.0
2025-02-06 13:00:00,,,,,,,509.0,509.0,,,0.0,,,0.0
2025-02-06 14:00:00,,,,,,,509.0,509.0,,,0.0,,,0.0
2025-02-06 15:00:00,,,,,,,249.0,248.0,0.1916,0.118599996,5.0,0.83809996,0.48679996,5.0
2025-02-06 16:00:00,,,,,,,505.0,505.0,0.3584,0.0348,5.0,1.1531999,0.15329999,5.0
2025-02-06 17:00:00,,,,,,,1533.0,1533.0,,,0.0,,,0.0
2025-02-06 18:00:00,,,,,,,1273.0,1273.0,,,0.0,,,0.0
2025-02-06 19:00:00,,,,,,,1529.0,1529.0,,,0.0,,,0.0
2025-02-06 20:00:00,,,,,,,1273.0,1273.0,,,0.0,,,0.0
2025-02-06 21:00:00,,,,,,,1273.0,1273.0,,,0.0,,,0.0
2025-02-06 22:00:00,,,,,,,1529.0,1529.0,,,0.0,,,0.0
2025-02-06 23:00:00,,,,,,,1273.0,1273.0,,,0.0,,,0.0
2025-02-07 00:00:00,,,,,,,1273.0,1273.0,,,0.0,,,0.0
2025-02-07 01:00:00,,,,,,,1529.0,1529.0,,,0.0,,,0.0
2025-02-07 02:00:00,,,,,,,1533.0,1533.0,,,0.0,,,0.0
2025-02-07 03:00:00,,,,,,,1273.0,1273.0,,,0.0,,,0.0
2025-02-07 04:00:00,,,,,,,1273.0,1273.0,,,0.0,,,0.0
2025-02-07 05:00:00,,,,,,,1529.0,1529.0,,,0.0,,,0.0
2025-02-07 06:00:00,,,,,,,1529.0,1529.0,,,0.0,,,0.0
2025-02-07 07:00:00,,,,,,,1533.0,1533.0,,,0.0,,,0.0
2025-02-07 08:00:00,,,,,,,509.0,509.0,,,0.0,,,0.0
2025-02-07 09:00:00,,,,,,,509.0,509.0,,,0.0,,,0.0
2025-02-07 10:00:00,,,,,,,509.0,509.0,,,0.0,,,0.0
2025-02-07 11:00:00,,,,,,,509.0,509.0,,,0.0,,,0.0
2025-02-07 12:00:00,,,,,,,509.0,509.0,,,0.0,,,0.0
2025-02-07 13:00:00,,,,,,,509.0,509.0,,,0.0,,,0.0
2025-02-07 14:00:00,,,,,,,509.0,509.0,,,0.0,,,0.0
2025-02-07 15:00:00,,,,,,,509.0,509.0,,,0.0,,,0.0
2025-02-07 16:00:00,,,,,,,509.0,509.0,,,0.0,,,0.0
2025-02-07 17:00:00,,,,,,,1533.0,1533.0,,,0.0,,,0.0
2025-02-07 18:00:00,,,,,,,1533.0,1533.0,,,0.0,,,0.0
2025-02-07 19:00:00,,,,,,,1533.0,1533.0,,,0.0,,,0.0
2025-02-07 20:00:00,,,,,,,1533.0,1533.0,,,0.0,,,0.0
2025-02-07 21:00:00,,,,,,,1533.0,1533.0,,,0.0,,,0.0
2025-02-07 22:00:00,,,,,,,1533.0,1533.0,,,0.0,,,0.0
2025-02-07 23:00:00,,,,,,,1533.0,1533.0,,,0.0,,,0.0
2025-02-08 00:00:00,,,,,,,1533.0,1533.0,,,0.0,,,0.0
2025-02-08 01:00:00,,,,,,,1273.0,1273.0,,,0.0,,,0.0
2025-02-08 02:00:00,,,,,,,1529.0,1529.0,,,0.0,,,0.0
2025-02-08 03:00:00,,,,,,,1533.0,1533.0,,,0.0,,,0.0
2025-02-08 04:00:00,,,,,,,1533.0,1533.0,,,0.0,,,0.0
2025-02-08 05:00:00,,,,,,,1529.0,1529.0,,,0.0,,,0.0
2025-02-08 06:00:00,,,,,,,1529.0,1529.0,,,0.0,,,0.0
2025-02-08 07:00:00,,,,,,,1533.0,1533.0,,,0.0,,,0.0
2025-02-08 08:00:00,,,,,,,509.0,509.0,,,0.0,,,0.0
2025-02-08 09:00:00,,,,,,,509.0,509.0,,,0.0,,,0.0
2025-02-08 10:00:00,,,,,,,509.0,509.0,,,0.0,,,0.0
2025-02-08 11:00:00,,,,,,,509.0,509.0,,,0.0,,,0.0
2025-02-08 12:00:00,,,,,,,509.0,509.0,,,0.0,,,0.0
2025-02-08 13:00:00,,,,,,,509.0,509.0,,,0.0,,,0.0
2025-02-08 14:00:00,,,,,,,509.0,509.0,,,0.0,,,0.0
2025-02-08 15:00:00,,,,,,,509.0,509.0,,,0.0,,,0.0
2025-02-08 16:00:00,,,,,,,509.0,509.0,,,0.0,,,0.0
2025-02-08 17:00:00,,,,,,,1533.0,1533.0,,,0.0,,,0.0
2025-02-08 18:00:00,,,,,,,1273.0,1273.0,,,0.0,,,0.0
2025-02-08 19:00:00,,,,,,,1273.0,1273.0,,,0.0,,,0.0
2025-02-08 20:00:00,,,,,,,1533.0,1533.0,,,0.0,,,0.0
2025-02-08 21:00:00,,,,,,,1529.0,1529.0,,,0.0,,,0.0
2025-02-08 22:00:00,,,,,,,1273.0,1273.0,,,0.0,,,0.0
2025-02-08 23:00:00,,,,,,,1529.0,1529.0,,,0.0,,,0.0
2025-02-09 00:00:00,,,,,,,1529.0,1529.0,,,0.0,,,0.0
2025-02-09 01:00:00,,,,,,,1273.0,1273.0,,,0.0,,,0.0
2025-02-09 02:00:00,,,,,,,1533.0,1533.0,,,0.0,,,0.0
2025-02-09 03:00:00,,,,,,,1529.0,1529.0,,,0.0,,,0.0
2025-02-09 04:00:00,,,,,,,1273.0,1273.0,,,0.0,,,0.0
2025-02-09 05:00:00,,,,,,,1273.0,1273.0,,,0.0,,,0.0
2025-02-09 06:00:00,,,,,,,1273.0,1273.0,,,0.0,,,0.0
2025-02-09 07:00:00,,,,,,,1533.0,1533.0,,,0.0,,,0.0
2025-02-09 08:00:00,,,,,,,509.0,509.0,,,0.0,,,0.0
2025-02-09 09:00:00,,,,,,,509.0,509.0,,,0.0,,,0.0
2025-02-09 10:00:00,,,,,,,509.0,509.0,,,0.0,,,0.0
2025-02-09 11:00:00,,,,,,,509.0,509.0,,,0.0,,,0.0
2025-02-09 12:00:00,,,,,,,509.0,509.0,,,0.0,,,0.0
2025-02-09 13:00:00,,,,,,,509.0,509.0,,,0.0,,,0.0
2025-02-09 14:00:00,,,,,,,509.0,509.0,,,0.0,,,0.0
2025-02-09 15:00:00,,,,,,,509.0,509.0,,,0.0,,,0.0
2025-02-09 16:00:00,,,,,,,509.0,509.0,,,0.0,,,0.0
2025-02-09 17:00:00,,,,,,,1533.0,1533.0,,,0.0,,,0.0
2025-02-09 18:00:00,,,,,,,1529.0,1529.0,,,0.0,,,0.0
2025-02-09 19:00:00,,,,,,,1533.0,1533.0,,,0.0,,,0.0
2025-02-09 20:00:00,,,,,,,1533.0,1533.0,,,0.0,,,0.0
2025-02-09 21:00:00,,,,,,,1273.0,1273.0,,,0.0,,,0.0
2025-02-09 22:00:00,,,,,,,1273.0,1273.0,,,0.0,,,0.0
2025-02-09 23:00:00,,,,,,,1529.0,1529.0,,,0.0,,,0.0
2025-02-10 00:00:00,,,,,,,1529.0,1529.0,,,0.0,,,0.0
2025-02-10 01:00:00,,,,,,,1529.0,1529.0,,,0.0,,,0.0
2025-02-10 02:00:00,,,,,,,1533.0,1533.0,,,0.0,,,0.0
2025-02-10 03:00:00,,,,,,,1529.0,1529.0,,,0.0,,,0.0
2025-02-10 04:00:00,,,,,,,1533.0,1533.0,,,0.0,,,0.0
2025-02-10 05:00:00,,,,,,,1273.0,1273.0,,,0.0,,,0.0
2025-02-10 06:00:00,,,,,,,1273.0,1273.0,,,0.0,,,0.0
2025-02-10 07:00:00,,,,,,,1533.0,1533.0,,,0.0,,,0.0
2025-02-10 08:00:00,,,,,,,509.0,509.0,,,0.0,,,0.0
2025-02-10 09:00:00,,,,,,,509.0,509.0,,,0.0,,,0.0
2025-02-10 10:00:00,,,,,,,509.0,509.0,,,0.0,,,0.0
2025-02-10 11:00:00,,,,,,,509.0,509.0,,,0.0,,,0.0
2025-02-10 12:00:00,,,,,,,509.0,509.0,,,0.0,,,0.0
2025-02-10 13:00:00,,,,,,,509.0,509.0,,,0.0,,,0.0
2025-02-10 14:00:00,,,,,,,509.0,509.0,,,0.0,,,0.0
2025-02-10 15:00:00,,,,,,,509.0,509.0,,,0.0,,,0.0
2025-02-10 16:00:00,,,,,,,509.0,509.0,,,0.0,,,0.0
2025-02-10 17:00:00,,,,,,,1533.0,1533.0,,,0.0,,,0.0
2025-02-10 18:00:00,,,,,,,1533.0,1533.0,,,0.0,,,0.0
2025-02-10 19:00:00,,,,,,,1533.0,1533.0,,,0.0,,,0.0
2025-02-10 20:00:00,,,,,,,1533.0,1533.0,,,0.0,,,0.0
2025-02-10 21:00:00,,,,,,,1533.0,1533.0,,,0.0,,,0.0
2025-02-10 22:00:00,,,,,,,1533.0,1533.0,,,0.0,,,0.0
2025-02-10 23:00:00,,,,,,,1533.0,1533.0,,,0.0,,,0.0
2025-02-11 00:00:00,,,,,,,1529.0,1529.0,,,0.0,,,0.0
2025-02-11 01:00:00,,,,,,,1533.0,1533.0,,,0.0,,,0.0
2025-02-11 02:00:00,,,,,,,1529.0,1529.0,,,0.0,,,0.0
2025-02-11 03:00:00,,,,,,,1533.0,1533.0,,,0.0,,,0.0
2025-02-11 04:00:00,,,,,,,1273.0,1273.0,,,0.0,,,0.0
2025-02-11 05:00:00,,,,,,,1533.0,1533.0,,,0.0,,,0.0
2025-02-11 06:00:00,,,,,,,1529.0,1529.0,,,0.0,,,0.0
2025-02-11 07:00:00,,,,,,,1533.0,1533.0,,,0.0,,,0.0
2025-02-11 08:00:00,,,,,,,509.0,509.0,,,0.0,,,0.0
2025-02-11 09:00:00,,,,,,,509.0,509.0,,,0.0,,,0.0
2025-02-11 10:00:00,,,,,,,505.0,505.0,,,0.0,,,0.0
2025-02-11 11:00:00,,,,,,,505.0,505.0,,,0.0,,,0.0
2025-02-11 12:00:00,,,,,,,509.0,509.0,,,0.0,,,0.0
2025-02-11 13:00:00,,,,,,,509.0,509.0,,,0.0,,,0.0
2025-02-11 14:00:00,,,,,,,509.0,509.0,,,0.0,,,0.0
2025-02-11 15:00:00,,,,,,,509.0,509.0,,,0.0,,,0.0
2025-02-11 16:00:00,,,,,,,509.0,509.0,,,0.0,,,0.0
2025-02-11 17:00:00,,,,,,,1533.0,1533.0,,,0.0,,,0.0
2025-02-11 18:00:00,,,,,,,1273.0,1273.0,,,0.0,,,0.0
2025-02-11 19:00:00,,,,,,,1273.0,1273.0,,,0.0,,,0.0
2025-02-11 20:00:00,,,,,,,1529.0,1529.0,,,0.0,,,0.0
2025-02-11 21:00:00,,,,,,,1529.0,1529.0,,,0.0,,,0.0
2025-02-11 22:00:00,,,,,,,1529.0,1529.0,,,0.0,,,0.0
2025-02-11 23:00:00,,,,,,,1273.0,1273.0,,,0.0,,,0.0
2025-02-12 00:00:00,,,,,,,1273.0,1273.0,,,0.0,,,0.0
2025-02-12 01:00:00,,,,,,,1273.0,1273.0,,,0.0,,,0.0
2025-02-12 02:00:00,,,,,,,1273.0,1273.0,,,0.0,,,0.0
2025-02-12 03:00:00,,,,,,,1273.0,1273.0,,,0.0,,,0.0
2025-02-12 04:00:00,,,,,,,1273.0,1273.0,,,0.0,,,0.0
2025-02-12 05:00:00,,,,,,,1273.0,1273.0,,,0.0,,,0.0
2025-02-12 06:00:00,,,,,,,1273.0,1273.0,,,0.0,,,0.0
2025-02-12 07:00:00,,,,,,,1533.0,1533.0,,,0.0,,,0.0
2025-02-12 08:00:00,,,,,,,509.0,509.0,,,0.0,,,0.0
2025-02-12 09:00:00,,,,,,,505.0,505.0,,,0.0,,,0.0
2025-02-12 10:00:00,,,,,,,509.0,509.0,,,0.0,,,0.0
2025-02-12 11:00:00,,,,,,,2553.0,2552.0,0.41779998,0.0,1.0,1.3039,0.0,1.0
2025-02-12 12:00:00,,,,,,,509.0,509.0,,,0.0,,,0.0
2025-02-12 13:00:00,,,,,,,509.0,509.0,,,0.0,,,0.0
2025-02-12 14:00:00,,,,,,,509.0,509.0,,,0.0,,,0.0
2025-02-12 15:00:00,,,,,,,509.0,509.0,,,0.0,,,0.0
2025-02-12 16:00:00,,,,,,,509.0,509.0,,,0.0,,,0.0
2025-02-12 17:00:00,,,,,,,1533.0,1533.0,,,0.0,,,0.0
2025-02-12 18:00:00,,,,,,,1529.0,1529.0,,,0.0,,,0.0
2025-02-12 19:00:00,,,,,,,1529.0,1529.0,,,0.0,,,0.0
2025-02-12 20:00:00,,,,,,,1529.0,1529.0,,,0.0,,,0.0
2025-02-12 21:00:00,,,,,,,1533.0,1533.0,,,0.0,,,0.0
2025-02-12 22:00:00,,,,,,,1273.0,1273.0,,,0.0,,,0.0
2025-02-12 23:00:00,,,,,,,1529.0,1529.0,,,0.0,,,0.0
2025-02-13 00:00:00,,,,,,,1273.0,1273.0,,,0.0,,,0.0
2025-02-13 01:00:00,,,,,,,1273.0,1273.0,,,0.0,,,0.0
2025-02-13 02:00:00,,,,,,,1273.0,1273.0,,,0.0,,,0.0
2025-02-13 03:00:00,,,,,,,1273.0,1273.0,,,0.0,,,0.0
2025-02-13 04:00:00,,,,,,,1273.0,1273.0,,,0.0,,,0.0
2025-02-13 05:00:00,,,,,,,1273.0,1273.0,,,0.0,,,0.0
2025-02-13 06:00:00,,,,,,,1273.0,1273.0,,,0.0,,,0.0
2025-02-13 07:00:00,,,,,,,1533.0,1533.0,,,0.0,,,0.0
2025-02-13 08:00:00,,,,,,,509.0,509.0,,,0.0,,,0.0
2025-02-13 09:00:00,,,,,,,509.0,509.0,,,0.0,,,0.0
2025-02-13 10:00:00,,,,,,,509.0,509.0,,,0.0,,,0.0
2025-02-13 11:00:00,,,,,,,509.0,509.0,,,0.0,,,0.0
2025-02-13 12:00:00,,,,,,,509.0,509.0,,,0.0,,,0.0
2025-02-13 13:00:00,,,,,,,509.0,509.0,,,0.0,,,0.0
2025-02-13 14:00:00,,,,,,,509.0,509.0,,,0.0,,,0.0
2025-02-13 15:00:00,,,,,,,509.0,509.0,,,0.0,,,0.0
2025-02-13 16:00:00,,,,,,,509.0,509.0,,,0.0,,,0.0
2025-02-13 17:00:00,,,,,,,1533.0,1533.0,,,0.0,,,0.0
2025-02-13 18:00:00,,,,,,,1529.0,1529.0,,,0.0,,,0.0
2025-02-13 19:00:00,,,,,,,1529.0,1529.0,,,0.0,,,0.0
2025-02-13 20:00:00,,,,,,,1273.0,1273.0,,,0.0,,,0.0
2025-02-13 21:00:00,,,,,,,1533.0,1533.0,,,0.0,,,0.0
2025-02-13 22:00:00,,,,,,,1529.0,1529.0,,,0.0,,,0.0
2025-02-13 23:00:00,,,,,,,1529.0,1529.0,,,0.0,,,0.0
2025-02-14 00:00:00,,,,,,,1529.0,1529.0,,,0.0,,,0.0
2025-02-14 01:00:00,,,,,,,1273.0,1273.0,,,0.0,,,0.0
2025-02-14 02:00:00,,,,,,,1273.0,1273.0,,,0.0,,,0.0
2025-02-14 03:00:00,,,,,,,1273.0,1273.0,,,0.0,,,0.0
2025-02-14 04:00:00,,,,,,,1273.0,1273.0,,,0.0,,,0.0
2025-02-14 05:00:00,,,,,,,1273.0,1273.0,,,0.0,,,0.0
2025-02-14 06:00:00,,,,,,,1273.0,1273.0,,,0.0,,,0.0
2025-02-14 07:00:00,,,,,,,1533.0,1533.0,,,0.0,,,0.0
2025-02-14 08:00:00,,,,,,,509.0,509.0,,,0.0,,,0.0
2025-02-14 09:00:00,,,,,,,509.0,509.0,,,0.0,,,0.0
2025-02-14 10:00:00,,,,,,,505.0,505.0,,,0.0,,,0.0
2025-02-14 11:00:00,,,,,,,505.0,505.0,,,0.0,,,0.0
2025-02-14 12:00:00,,,,,,,509.0,509.0,0.62119997,0.3674,3.0,1.259,0.025099993,3.0
2025-02-14 13:00:00,,,,,,,509.0,509.0,,,0.0,,,0.0
2025-02-14 14:00:00,,,,,,,509.0,509.0,,,0.0,,,0.0
2025-02-14 15:00:00,,,,,,,509.0,509.0,,,0.0,,,0.0
2025-02-14 16:00:00,,,,,,,509.0,509.0,,,0.0,,,0.0
2025-02-14 17:00:00,,,,,,,1533.0,1533.0,,,0.0,,,0.0
2025-02-14 18:00:00,,,,,,,1273.0,1273.0,,,0.0,,,0.0
2025-02-14 19:00:00,,,,,,,1533.0,1533.0,,,0.0,,,0.0
2025-02-14 20:00:00,,,,,,,1529.0,1529.0,,,0.0,,,0.0
2025-02-14 21:00:00,,,,,,,1273.0,1273.0,,,0.0,,,0.0
2025-02-14 22:00:00,,,,,,,1529.0,1529.0,,,0.0,,,0.0
2025-02-14 23:00:00,,,,,,,1273.0,1273.0,,,0.0,,,0.0
2025-02-15 00:00:00,,,,,,,1273.0,1273.0,,,0.0,,,0.0
2025-02-15 01:00:00,,,,,,,1529.0,1529.0,,,0.0,,,0.0
2025-02-15 02:00:00,,,,,,,1533.0,1533.0,,,0.0,,,0.0
2025-02-15 03:00:00,,,,,,,1273.0,1273.0,,,0.0,,,0.0
2025-02-15 04:00:00,,,,,,,1529.0,1529.0,,,0.0,,,0.0
2025-02-15 05:00:00,,,,,,,1529.0,1529.0,,,0.0,,,0.0
2025-02-15 06:00:00,,,,,,,1529.0,1529.0,,,0.0,,,0.0
2025-02-15 07:00:00,,,,,,,1533.0,1533.0,,,0.0,,,0.0
2025-02-15 08:00:00,,,,,,,509.0,509.0,,,0.0,,,0.0
2025-02-15 09:00:00,,,,,,,509.0,509.0,,,0.0,,,0.0
2025-02-15 10:00:00,,,,,,,509.0,509.0,1.0174,0.48459998,5.0,1.3543999,0.011299968,5.0
2025-02-15 11:00:00,,,,,,,509.0,509.0,,,0.0,,,0.0
2025-02-15 12:00:00,,,,,,,509.0,509.0,,,0.0,,,0.0
2025-02-15 13:00:00,,,,,,,509.0,509.0,,,0.0,,,0.0
2025-02-15 14:00:00,,,,,,,509.0,509.0,,,0.0,,,0.0
2025-02-15 15:00:00,,,,,,,505.0,504.0,0.2218,0.019,2.0,1.2725999,0.20159996,2.0
2025-02-15 16:00:00,,,,,,,509.0,509.0,0.2662,0.036199998,4.0,1.0245,0.1645,4.0
2025-02-15 17:00:00,,,,,,,1533.0,1533.0,,,0.0,,,0.0
2025-02-15 18:00:00,,,,,,,1273.0,1273.0,,,0.0,,,0.0
2025-02-15 19:00:00,,,,,,,1273.0,1273.0,,,0.0,,,0.0
2025-02-15 20:00:00,,,,,,,1529.0,1529.0,,,0.0,,,0.0
2025-02-15 21:00:00,,,,,,,1273.0,1273.0,,,0.0,,,0.0
2025-02-15 22:00:00,,,,,,,1273.0,1273.0,,,0.0,,,0.0
2025-02-15 23:00:00,,,,,,,1273.0,1273.0,,,0.0,,,0.0
2025-02-16 00:00:00,,,,,,,1273.0,1273.0,,,0.0,,,0.0
2025-02-16 01:00:00,,,,,,,1273.0,1273.0,,,0.0,,,0.0
2025-02-16 02:00:00,,,,,,,1273.0,1273.0,,,0.0,,,0.0
2025-02-16 03:00:00,,,,,,,1529.0,1529.0,,,0.0,,,0.0
2025-02-16 04:00:00,,,,,,,1273.0,1273.0,,,0.0,,,0.0
2025-02-16 05:00:00,,,,,,,1273.0,1273.0,,,0.0,,,0.0
2025-02-16 06:00:00,,,,,,,1273.0,1273.0,,,0.0,,,0.0
2025-02-16 07:00:00,,,,,,,1533.0,1533.0,,,0.0,,,0.0
2025-02-16 08:00:00,,,,,,,509.0,509.0,,,0.0,,,0.0
2025-02-16 09:00:00,,,,,,,509.0,509.0,,,0.0,,,0.0
2025-02-16 10:00:00,,,,,,,509.0,509.0,,,0.0,,,0.0
2025-02-16 11:00:00,,,,,,,509.0,509.0,,,0.0,,,0.0
2025-02-16 12:00:00,,,,,,,509.0,509.0,,,0.0,,,0.0
2025-02-16 13:00:00,,,,,,,509.0,509.0,,,0.0,,,0.0
2025-02-16 14:00:00,,,,,,,509.0,509.0,,,0.0,,,0.0
2025-02-16 15:00:00,,,,,,,509.0,509.0,0.4678,0.0412,2.0,1.3673999,0.19799995,2.0
2025-02-16 16:00:00,,,,,,,509.0,509.0,,,0.0,,,0.0
2025-02-16 17:00:00,,,,,,,1533.0,1533.0,,,0.0,,,0.0
2025-02-16 18:00:00,,,,,,,1529.0,1529.0,,,0.0,,,0.0
2025-02-16 19:00:00,,,,,,,1273.0,1273.0,,,0.0,,,0.0
2025-02-16 20:00:00,,,,,,,1529.0,1529.0,,,0.0,,,0.0
2025-02-16 21:00:00,,,,,,,1529.0,1529.0,,,0.0,,,0.0
2025-02-16 22:00:00,,,,,,,1273.0,1273.0,,,0.0,,,0.0
2025-02-16 23:00:00,,,,,,,1529.0,1529.0,,,0.0,,,0.0
2025-02-17 00:00:00,,,,,,,1273.0,1273.0,,,0.0,,,0.0
2025-02-17 01:00:00,,,,,,,1273.0,1273.0,,,0.0,,,0.0
2025-02-17 02:00:00,,,,,,,1529.0,1529.0,,,0.0,,,0.0
2025-02-17 03:00:00,,,,,,,1533.0,1533.0,,,0.0,,,0.0
2025-02-17 04:00:00,,,,,,,1529.0,1529.0,,,0.0,,,0.0
2025-02-17 05:00:00,,,,,,,1529.0,1529.0,,,0.0,,,0.0
2025-02-17 06:00:00,,,,,,,1273.0,1273.0,,,0.0,,,0.0
2025-02-17 07:00:00,,,,,,,1533.0,1533.0,,,0.0,,,0.0
2025-02-17 08:00:00,,,,,,,509.0,509.0,,,0.0,,,0.0
2025-02-17 09:00:00,,,,,,,509.0,509.0,,,0.0,,,0.0
2025-02-17 10:00:00,,,,,,,509.0,509.0,,,0.0,,,0.0
2025-02-17 11:00:00,,,,,,,509.0,509.0,,,0.0,,,0.0
2025-02-17 12:00:00,,,,,,,509.0,509.0,,,0.0,,,0.0
2025-02-17 13:00:00,,,,,,,509.0,509.0,,,0.0,,,0.0
2025-02-17 14:00:00,,,,,,,509.0,509.0,,,0.0,,,0.0
2025-02-17 15:00:00,,,,,,,509.0,509.0,,,0.0,,,0.0
2025-02-17 16:00:00,,,,,,,505.0,505.0,0.14119999,0.0134,4.0,1.3349999,0.11079997,4.0
2025-02-17 17:00:00,,,,,,,1533.0,1533.0,,,0.0,,,0.0
2025-02-17 18:00:00,,,,,,,1273.0,1273.0,,,0.0,,,0.0
2025-02-17 19:00:00,,,,,,,1273.0,1273.0,,,0.0,,,0.0
2025-02-17 20:00:00,,,,,,,1273.0,1273.0,,,0.0,,,0.0
2025-02-17 21:00:00,,,,,,,1273.0,1273.0,,,0.0,,,0.0
2025-02-17 22:00:00,,,,,,,1273.0,1273.0,,,0.0,,,0.0
2025-02-17 23:00:00,,,,,,,1273.0,1273.0,,,0.0,,,0.0
2025-02-18 00:00:00,,,,,,,1529.0,1529.0,,,0.0,,,0.0
2025-02-18 01:00:00,,,,,,,1529.0,1529.0,,,0.0,,,0.0
2025-02-18 02:00:00,,,,,,,1273.0,1273.0,,,0.0,,,0.0
2025-02-18 03:00:00,,,,,,,1533.0,1533.0,,,0.0,,,0.0
2025-02-18 04:00:00,,,,,,,1273.0,1273.0,,,0.0,,,0.0
2025-02-18 05:00:00,,,,,,,1529.0,1529.0,,,0.0,,,0.0
2025-02-18 06:00:00,,,,,,,1529.0,1529.0,,,0.0,,,0.0
2025-02-18 07:00:00,,,,,,,1533.0,1533.0,,,0.0,,,0.0
2025-02-18 08:00:00,,,,,,,509.0,509.0,,,0.0,,,0.0
2025-02-18 09:00:00,,,,,,,509.0,509.0,,,0.0,,,0.0
2025-02-18 10:00:00,,,,,,,509.0,509.0,,,0.0,,,0.0
2025-02-18 11:00:00,,,,,,,509.0,509.0,,,0.0,,,0.0
2025-02-18 12:00:00,,,,,,,509.0,509.0,,,0.0,,,0.0
2025-02-18 13:00:00,,,,,,,509.0,509.0,,,0.0,,,0.0
2025-02-18 14:00:00,,,,,,,509.0,509.0,,,0.0,,,0.0
2025-02-18 15:00:00,,,,,,,509.0,509.0,,,0.0,,,0.0
2025-02-18 16:00:00,,,,,,,509.0,509.0,,,0.0,,,0.0
2025-02-18 17:00:00,,,,,,,1533.0,1533.0,,,0.0,,,0.0
2025-02-18 18:00:00,,,,,,,1273.0,1273.0,,,0.0,,,0.0
2025-02-18 19:00:00,,,,,,,1273.0,1273.0,,,0.0,,,0.0
2025-02-18 20:00:00,,,,,,,1533.0,1533.0,,,0.0,,,0.0
2025-02-18 21:00:00,,,,,,,1273.0,1273.0,,,0.0,,,0.0
2025-02-18 22:00:00,,,,,,,1273.0,1273.0,,,0.0,,,0.0
2025-02-18 23:00:00,,,,,,,1273.0,1273.0,,,0.0,,,0.0
2025-02-19 00:00:00,,,,,,,1533.0,1533.0,,,0.0,,,0.0
2025-02-19 01:00:00,,,,,,,1273.0,1273.0,,,0.0,,,0.0
2025-02-19 02:00:00,,,,,,,1273.0,1273.0,,,0.0,,,0.0
2025-02-19 03:00:00,,,,,,,1273.0,1273.0,,,0.0,,,0.0
2025-02-19 04:00:00,,,,,,,1533.0,1533.0,,,0.0,,,0.0
2025-02-19 05:00:00,,,,,,,1273.0,1273.0,,,0.0,,,0.0
2025-02-19 06:00:00,,,,,,,1529.0,1529.0,,,0.0,,,0.0
2025-02-19 07:00:00,,,,,,,1533.0,1533.0,,,0.0,,,0.0
2025-02-19 08:00:00,,,,,,,2553.0,2552.0,0.5492,0.0,1.0,1.4138,0.0,1.0
2025-02-19 09:00:00,,,,,,,509.0,509.0,0.689,0.0,1.0,1.4746,0.0,1.0
2025-02-19 10:00:00,,,,,,,509.0,509.0,,,0.0,,,0.0
2025-02-19 11:00:00,,,,,,,509.0,509.0,,,0.0,,,0.0
2025-02-19 12:00:00,,,,,,,509.0,509.0,,,0.0,,,0.0
2025-02-19 13:00:00,,,,,,,509.0,509.0,,,0.0,,,0.0
2025-02-19 14:00:00,,,,,,,509.0,509.0,,,0.0,,,0.0
2025-02-19 15:00:00,,,,,,,509.0,509.0,,,0.0,,,0.0
2025-02-19 16:00:00,,,,,,,509.0,509.0,,,0.0,,,0.0
2025-02-19 17:00:00,,,,,,,1533.0,1533.0,,,0.0,,,0.0
2025-02-19 18:00:00,,,,,,,1273.0,1273.0,,,0.0,,,0.0
2025-02-19 19:00:00,,,,,,,1529.0,1529.0,,,0.0,,,0.0
2025-02-19 20:00:00,,,,,,,1529.0,1529.0,,,0.0,,,0.0
2025-02-19 21:00:00,,,,,,,1533.0,1533.0,,,0.0,,,0.0
2025-02-19 22:00:00,,,,,,,1529.0,1529.0,,,0.0,,,0.0
2025-02-19 23:00:00,,,,,,,1273.0,1273.0,,,0.0,,,0.0
2025-02-20 00:00:00,,,,,,,1273.0,1273.0,,,0.0,,,0.0
2025-02-20 01:00:00,,,,,,,1273.0,1273.0,,,0.0,,,0.0
2025-02-20 02:00:00,,,,,,,1273.0,1273.0,,,0.0,,,0.0
2025-02-20 03:00:00,,,,,,,1273.0,1273.0,,,0.0,,,0.0
2025-02-20 04:00:00,,,,,,,1273.0,1273.0,,,0.0,,,0.0
2025-02-20 05:00:00,,,,,,,1529.0,1529.0,,,0.0,,,0.0
2025-02-20 06:00:00,,,,,,,1273.0,1273.0,,,0.0,,,0.0
2025-02-20 07:00:00,,,,,,,1533.0,1533.0,,,0.0,,,0.0
2025-02-20 08:00:00,,,,,,,509.0,509.0,,,0.0,,,0.0
2025-02-20 09:00:00,,,,,,,505.0,505.0,,,0.0,,,0.0
2025-02-20 10:00:00,,,,,,,509.0,509.0,,,0.0,,,0.0
2025-02-20 11:00:00,,,,,,,509.0,509.0,,,0.0,,,0.0
2025-02-20 12:00:00,,,,,,,509.0,509.0,,,0.0,,,0.0
2025-02-20 13:00:00,,,,,,,509.0,509.0,,,0.0,,,0.0
2025-02-20 14:00:00,,,,,,,509.0,509.0,,,0.0,,,0.0
2025-02-20 15:00:00,,,,,,,509.0,509.0,,,0.0,,,0.0
2025-02-20 16:00:00,,,,,,,509.0,509.0,,,0.0,,,0.0
2025-02-20 17:00:00,,,,,,,1533.0,1533.0,,,0.0,,,0.0
2025-02-20 18:00:00,,,,,,,1273.0,1273.0,,,0.0,,,0.0
2025-02-20 19:00:00,,,,,,,1273.0,1273.0,,,0.0,,,0.0
2025-02-20 20:00:00,,,,,,,1273.0,1273.0,,,0.0,,,0.0
2025-02-20 21:00:00,,,,,,,1273.0,1273.0,,,0.0,,,0.0
2025-02-20 22:00:00,,,,,,,1529.0,1529.0,,,0.0,,,0.0
2025-02-20 23:00:00,,,,,,,1273.0,1273.0,,,0.0,,,0.0
2025-02-21 00:00:00,,,,,,,1529.0,1529.0,,,0.0,,,0.0
2025-02-21 01:00:00,,,,,,,1533.0,1533.0,,,0.0,,,0.0
2025-02-21 02:00:00,,,,,,,1533.0,1533.0,,,0.0,,,0.0
2025-02-21 03:00:00,,,,,,,1533.0,1533.0,,,0.0,,,0.0
2025-02-21 04:00:00,,,,,,,1273.0,1273.0,,,0.0,,,0.0
2025-02-21 05:00:00,,,,,,,1529.0,1529.0,,,0.0,,,0.0
2025-02-21 06:00:00,,,,,,,1533.0,1533.0,,,0.0,,,0.0
2025-02-21 07:00:00,,,,,,,1533.0,1533.0,,,0.0,,,0.0
2025-02-21 08:00:00,,,,,,,509.0,509.0,,,0.0,,,0.0
2025-02-21 09:00:00,,,,,,,509.0,509.0,,,0.0,,,0.0
2025-02-21 10:00:00,,,,,,,509.0,509.0,0.8628,0.0,1.0,1.3281,0.0,1.0
2025-02-21 11:00:00,,,,,,,509.0,509.0,,,0.0,,,0.0
2025-02-21 12:00:00,,,,,,,509.0,509.0,,,0.0,,,0.0
2025-02-21 13:00:00,,,,,,,509.0,509.0,,,0.0,,,0.0
2025-02-21 14:00:00,,,,,,,509.0,509.0,,,0.0,,,0.0
2025-02-21 15:00:00,,,,,,,509.0,509.0,,,0.0,,,0.0
2025-02-21 16:00:00,,,,,,,509.0,509.0,,,0.0,,,0.0
2025-02-21 17:00:00,,,,,,,1533.0,1533.0,,,0.0,,,0.0
2025-02-21 18:00:00,,,,,,,1273.0,1273.0,,,0.0,,,0.0
2025-02-21 19:00:00,,,,,,,1273.0,1273.0,,,0.0,,,0.0
2025-02-21 20:00:00,,,,,,,1273.0,1273.0,,,0.0,,,0.0
2025-02-21 21:00:00,,,,,,,1273.0,1273.0,,,0.0,,,0.0
2025-02-21 22:00:00,,,,,,,1529.0,1529.0,,,0.0,,,0.0
2025-02-21 23:00:00,,,,,,,1533.0,1533.0,,,0.0,,,0.0
2025-02-22 00:00:00,,,,,,,1533.0,1533.0,,,0.0,,,0.0
2025-02-22 01:00:00,,,,,,,1533.0,1533.0,,,0.0,,,0.0
2025-02-22 02:00:00,,,,,,,1529.0,1529.0,,,0.0,,,0.0
2025-02-22 03:00:00,,,,,,,1529.0,1529.0,,,0.0,,,0.0
2025-02-22 04:00:00,,,,,,,1273.0,1273.0,,,0.0,,,0.0
2025-02-22 05:00:00,,,,,,,1529.0,1529.0,,,0.0,,,0.0
2025-02-22 06:00:00,,,,,,,1533.0,1533.0,,,0.0,,,0.0
2025-02-22 07:00:00,,,,,,,1533.0,1533.0,,,0.0,,,0.0
2025-02-22 08:00:00,,,,,,,509.0,509.0,,,0.0,,,0.0
2025-02-22 09:00:00,,,,,,,509.0,509.0,,,0.0,,,0.0
2025-02-22 10:00:00,,,,,,,509.0,509.0,,,0.0,,,0.0
2025-02-22 11:00:00,,,,,,,509.0,509.0,,,0.0,,,0.0
2025-02-22 12:00:00,,,,,,,509.0,509.0,,,0.0,,,0.0
2025-02-22 13:00:00,,,,,,,509.0,509.0,,,0.0,,,0.0
2025-02-22 14:00:00,,,,,,,509.0,509.0,,,0.0,,,0.0
2025-02-22 15:00:00,,,,,,,509.0,509.0,,,0.0,,,0.0
2025-02-22 16:00:00,,,,,,,509.0,509.0,,,0.0,,,0.0
2025-02-22 17:00:00,,,,,,,1533.0,1533.0,,,0.0,,,0.0
2025-02-22 18:00:00,,,,,,,1529.0,1529.0,,,0.0,,,0.0
2025-02-22 19:00:00,,,,,,,1273.0,1273.0,,,0.0,,,0.0
2025-02-22 20:00:00,,,,,,,1529.0,1529.0,,,0.0,,,0.0
2025-02-22 21:00:00,,,,,,,1533.0,1533.0,,,0.0,,,0.0
2025-02-22 22:00:00,,,,,,,1533.0,1533.0,,,0.0,,,0.0
2025-02-22 23:00:00,,,,,,,1533.0,1533.0,,,0.0,,,0.0
2025-02-23 00:00:00,,,,,,,1529.0,1529.0,,,0.0,,,0.0
2025-02-23 01:00:00,,,,,,,1533.0,1533.0,,,0.0,,,0.0
2025-02-23 02:00:00,,,,,,,1533.0,1533.0,,,0.0,,,0.0
2025-02-23 03:00:00,,,,,,,1533.0,1533.0,,,0.0,,,0.0
2025-02-23 04:00:00,,,,,,,1533.0,1533.0,,,0.0,,,0.0
2025-02-23 05:00:00,,,,,,,1533.0,1533.0,,,0.0,,,0.0
2025-02-23 06:00:00,,,,,,,1529.0,1529.0,,,0.0,,,0.0
2025-02-23 07:00:00,,,,,,,1533.0,1533.0,,,0.0,,,0.0
2025-02-23 08:00:00,,,,,,,509.0,509.0,,,0.0,,,0.0
2025-02-23 09:00:00,,,,,,,509.0,509.0,,,0.0,,,0.0
2025-02-23 10:00:00,,,,,,,509.0,509.0,,,0.0,,,0.0
2025-02-23 11:00:00,,,,,,,509.0,509.0,,,0.0,,,0.0
2025-02-23 12:00:00,,,,,,,509.0,509.0,,,0.0,,,0.0
2025-02-23 13:00:00,,,,,,,509.0,509.0,,,0.0,,,0.0
2025-02-23 14:00:00,,,,,,,509.0,509.0,,,0.0,,,0.0
2025-02-23 15:00:00,,,,,,,509.0,509.0,,,0.0,,,0.0
2025-02-23 16:00:00,,,,,,,509.0,509.0,,,0.0,,,0.0
2025-02-23 17:00:00,,,,,,,1533.0,1533.0,,,0.0,,,0.0
2025-02-23 18:00:00,,,,,,,1533.0,1533.0,,,0.0,,,0.0
2025-02-23 19:00:00,,,,,,,1533.0,1533.0,,,0.0,,,0.0
2025-02-23 20:00:00,,,,,,,1533.0,1533.0,,,0.0,,,0.0
2025-02-23 21:00:00,,,,,,,1529.0,1529.0,,,0.0,,,0.0
2025-02-23 22:00:00,,,,,,,1273.0,1273.0,,,0.0,,,0.0
2025-02-23 23:00:00,,,,,,,1533.0,1533.0,,,0.0,,,0.0
2025-02-24 00:00:00,,,,,,,1533.0,1533.0,,,0.0,,,0.0
2025-02-24 01:00:00,,,,,,,1273.0,1273.0,,,0.0,,,0.0
2025-02-24 02:00:00,,,,,,,1273.0,1273.0,,,0.0,,,0.0
2025-02-24 03:00:00,,,,,,,1529.0,1529.0,,,0.0,,,0.0
2025-02-24 04:00:00,,,,,,,1533.0,1533.0,,,0.0,,,0.0
2025-02-24 05:00:00,,,,,,,1533.0,1533.0,,,0.0,,,0.0
2025-02-24 06:00:00,,,,,,,1533.0,1533.0,,,0.0,,,0.0
2025-02-24 07:00:00,,,,,,,1533.0,1533.0,,,0.0,,,0.0
2025-02-24 08:00:00,,,,,,,509.0,509.0,,,0.0,,,0.0
2025-02-24 09:00:00,,,,,,,509.0,509.0,,,0.0,,,0.0
2025-02-24 10:00:00,,,,,,,509.0,509.0,,,0.0,,,0.0
2025-02-24 11:00:00,,,,,,,509.0,509.0,,,0.0,,,0.0
2025-02-24 12:00:00,,,,,,,509.0,509.0,,,0.0,,,0.0
2025-02-24 13:00:00,,,,,,,509.0,509.0,,,0.0,,,0.0
2025-02-24 14:00:00,,,,,,,509.0,509.0,,,0.0,,,0.0
2025-02-24 15:00:00,,,,,,,509.0,509.0,,,0.0,,,0.0
2025-02-24 16:00:00,,,,,,,509.0,509.0,,,0.0,,,0.0
2025-02-24 17:00:00,,,,,,,1533.0,1533.0,,,0.0,,,0.0
2025-02-24 18:00:00,,,,,,,1273.0,1273.0,,,0.0,,,0.0
2025-02-24 19:00:00,,,,,,,1533.0,1533.0,,,0.0,,,0.0
2025-02-24 20:00:00,,,,,,,1529.0,1529.0,,,0.0,,,0.0
2025-02-24 21:00:00,,,,,,,1533.0,1533.0,,,0.0,,,0.0
2025-02-24 22:00:00,,,,,,,1273.0,1273.0,,,0.0,,,0.0
2025-02-24 23:00:00,,,,,,,1529.0,1529.0,,,0.0,,,0.0
2025-02-25 00:00:00,,,,,,,1529.0,1529.0,,,0.0,,,0.0
2025-02-25 01:00:00,,,,,,,1273.0,1273.0,,,0.0,,,0.0
2025-02-25 02:00:00,,,,,,,1533.0,1533.0,,,0.0,,,0.0
2025-02-25 03:00:00,,,,,,,1533.0,1533.0,,,0.0,,,0.0
2025-02-25 04:00:00,,,,,,,1273.0,1273.0,,,0.0,,,0.0
2025-02-25 05:00:00,,,,,,,1533.0,1533.0,,,0.0,,,0.0
2025-02-25 06:00:00,,,,,,,1533.0,1533.0,,,0.0,,,0.0
2025-02-25 07:00:00,,,,,,,1533.0,1533.0,,,0.0,,,0.0
2025-02-25 08:00:00,,,,,,,509.0,509.0,,,0.0,,,0.0
2025-02-25 09:00:00,,,,,,,509.0,509.0,,,0.0,,,0.0
2025-02-25 10:00:00,,,,,,,509.0,509.0,,,0.0,,,0.0
2025-02-25 11:00:00,,,,,,,509.0,509.0,,,0.0,,,0.0
2025-02-25 12:00:00,,,,,,,509.0,509.0,,,0.0,,,0.0
2025-02-25 13:00:00,,,,,,,509.0,509.0,,,0.0,,,0.0
2025-02-25 14:00:00,,,,,,,509.0,509.0,,,0.0,,,0.0
2025-02-25 15:00:00,,,,,,,509.0,509.0,,,0.0,,,0.0
2025-02-25 16:00:00,,,,,,,509.0,509.0,,,0.0,,,0.0
2025-02-25 17:00:00,,,,,,,1533.0,1533.0,,,0.0,,,0.0
2025-02-25 18:00:00,,,,,,,1529.0,1529.0,,,0.0,,,0.0
2025-02-25 19:00:00,,,,,,,1533.0,1533.0,,,0.0,,,0.0
2025-02-25 20:00:00,,,,,,,1533.0,1533.0,,,0.0,,,0.0
2025-02-25 21:00:00,,,,,,,1273.0,1273.0,,,0.0,,,0.0
2025-02-25 22:00:00,,,,,,,1273.0,1273.0,,,0.0,,,0.0
2025-02-25 23:00:00,,,,,,,1273.0,1273.0,,,0.0,,,0.0
2025-02-26 00:00:00,,,,,,,1273.0,1273.0,,,0.0,,,0.0
2025-02-26 01:00:00,,,,,,,1533.0,1533.0,,,0.0,,,0.0
2025-02-26 02:00:00,,,,,,,1533.0,1533.0,,,0.0,,,0.0
2025-02-26 03:00:00,,,,,,,1533.0,1533.0,,,0.0,,,0.0
2025-02-26 04:00:00,,,,,,,1529.0,1529.0,,,0.0,,,0.0
2025-02-26 05:00:00,,,,,,,1529.0,1529.0,,,0.0,,,0.0
2025-02-26 06:00:00,,,,,,,1273.0,1273.0,,,0.0,,,0.0
2025-02-26 07:00:00,,,,,,,1533.0,1533.0,,,0.0,,,0.0
2025-02-26 08:00:00,,,,,,,509.0,509.0,,,0.0,,,0.0
2025-02-26 09:00:00,,,,,,,509.0,509.0,,,0.0,,,0.0
2025-02-26 10:00:00,,,,,,,509.0,509.0,,,0.0,,,0.0
2025-02-26 11:00:00,,,,,,,509.0,509.0,,,0.0,,,0.0
2025-02-26 12:00:00,,,,,,,509.0,509.0,,,0.0,,,0.0
2025-02-26 13:00:00,,,,,,,509.0,509.0,,,0.0,,,0.0
2025-02-26 14:00:00,,,,,,,509.0,509.0,,,0.0,,,0.0
2025-02-26 15:00:00,,,,,,,509.0,509.0,,,0.0,,,0.0
2025-02-26 16:00:00,,,,,,,509.0,509.0,,,0.0,,,0.0
2025-02-26 17:00:00,,,,,,,1533.0,1533.0,,,0.0,,,0.0
2025-02-26 18:00:00,,,,,,,1533.0,1533.0,,,0.0,,,0.0
2025-02-26 19:00:00,,,,,,,1529.0,1529.0,,,0.0,,,0.0
2025-02-26 20:00:00,,,,,,,1529.0,1529.0,,,0.0,,,0.0
2025-02-26 21:00:00,,,,,,,1273.0,1273.0,,,0.0,,,0.0
2025-02-26 22:00:00,,,,,,,1533.0,1533.0,,,0.0,,,0.0
2025-02-26 23:00:00,,,,,,,1533.0,1533.0,,,0.0,,,0.0
2025-02-27 00:00:00,,,,,,,1533.0,1533.0,,,0.0,,,0.0
2025-02-27 01:00:00,,,,,,,1529.0,1529.0,,,0.0,,,0.0
2025-02-27 02:00:00,,,,,,,1533.0,1533.0,,,0.0,,,0.0
2025-02-27 03:00:00,,,,,,,1533.0,1533.0,,,0.0,,,0.0
2025-02-27 04:00:00,,,,,,,1533.0,1533.0,,,0.0,,,0.0
2025-02-27 05:00:00,,,,,,,1533.0,1533.0,,,0.0,,,0.0
2025-02-27 06:00:00,,,,,,,1529.0,1529.0,,,0.0,,,0.0
2025-02-27 07:00:00,,,,,,,1533.0,1533.0,,,0.0,,,0.0
2025-02-27 08:00:00,,,,,,,509.0,509.0,,,0.0,,,0.0
2025-02-27 09:00:00,,,,,,,509.0,509.0,,,0.0,,,0.0
2025-02-27 10:00:00,,,,,,,509.0,509.0,,,0.0,,,0.0
2025-02-27 11:00:00,,,,,,,509.0,509.0,,,0.0,,,0.0
2025-02-27 12:00:00,,,,,,,509.0,509.0,,,0.0,,,0.0
2025-02-27 13:00:00,,,,,,,509.0,509.0,,,0.0,,,0.0
2025-02-27 14:00:00,,,,,,,509.0,509.0,,,0.0,,,0.0
2025-02-27 15:00:00,,,,,,,509.0,509.0,,,0.0,,,0.0
2025-02-27 16:00:00,,,,,,,509.0,509.0,,,0.0,,,0.0
2025-02-27 17:00:00,,,,,,,1533.0,1533.0,,,0.0,,,0.0
2025-02-27 18:00:00,,,,,,,1533.0,1533.0,,,0.0,,,0.0
2025-02-27 19:00:00,,,,,,,1533.0,1533.0,,,0.0,,,0.0
2025-02-27 20:00:00,,,,,,,1273.0,1273.0,,,0.0,,,0.0
2025-02-27 21:00:00,,,,,,,1273.0,1273.0,,,0.0,,,0.0
2025-02-27 22:00:00,,,,,,,1273.0,1273.0,,,0.0,,,0.0
2025-02-27 23:00:00,,,,,,,1273.0,1273.0,,,0.0,,,0.0
2025-02-28 00:00:00,,,,,,,1273.0,1273.0,,,0.0,,,0.0
2025-02-28 01:00:00,,,,,,,1273.0,1273.0,,,0.0,,,0.0
2025-02-28 02:00:00,,,,,,,1529.0,1529.0,,,0.0,,,0.0
2025-02-28 03:00:00,,,,,,,1529.0,1529.0,,,0.0,,,0.0
2025-02-28 04:00:00,,,,,,,1273.0,1273.0,,,0.0,,,0.0
2025-02-28 05:00:00,,,,,,,1533.0,1533.0,,,0.0,,,0.0
2025-02-28 06:00:00,,,,,,,1529.0,1529.0,,,0.0,,,0.0
2025-02-28 07:00:00,,,,,,,1529.0,1529.0,,,0.0,,,0.0
2025-02-28 08:00:00,,,,,,,509.0,509.0,,,0.0,,,0.0
2025-02-28 09:00:00,,,,,,,509.0,509.0,,,0.0,,,0.0
2025-02-28 10:00:00,,,,,,,509.0,509.0,,,0.0,,,0.0
2025-02-28 11:00:00,,,,,,,509.0,509.0,,,0.0,,,0.0
2025-02-28 12:00:00,,,,,,,509.0,509.0,1.936,0.0,1.0,1.3022,0.0,1.0
2025-02-28 13:00:00,,,,,,,509.0,509.0,,,0.0,,,0.0
2025-02-28 14:00:00,,,,,,,509.0,509.0,,,0.0,,,0.0
2025-02-28 15:00:00,,,,,,,509.0,509.0,,,0.0,,,0.0
2025-02-28 16:00:00,,,,,,,509.0,509.0,,,0.0,,,0.0
2025-02-28 17:00:00,,,,,,,1533.0,1533.0,,,0.0,,,0.0
2025-02-28 18:00:00,,,,,,,1273.0,1273.0,,,0.0,,,0.0
2025-02-28 19:00:00,,,,,,,1529.0,1529.0,,,0.0,,,0.0
2025-02-28 20:00:00,,,,,,,1273.0,1273.0,,,0.0,,,0.0
2025-02-28 21:00:00,,,,,,,1533.0,1533.0,,,0.0,,,0.0
2025-02-28 22:00:00,,,,,,,1273.0,1273.0,,,0.0,,,0.0
2025-02-28 23:00:00,,,,,,,1273.0,1273.0,,,0.0,,,0.0
2025-03-01 00:00:00,,,,,,,1273.0,1273.0,,,0.0,,,0.0
2025-03-01 01:00:00,,,,,,,1529.0,1529.0,,,0.0,,,0.0
2025-03-01 02:00:00,,,,,,,1273.0,1273.0,,,0.0,,,0.0
2025-03-01 03:00:00,,,,,,,1273.0,1273.0,,,0.0,,,0.0
2025-03-01 04:00:00,,,,,,,1273.0,1273.0,,,0.0,,,0.0
2025-03-01 05:00:00,,,,,,,1529.0,1529.0,,,0.0,,,0.0
2025-03-01 06:00:00,,,,,,,1273.0,1273.0,,,0.0,,,0.0
2025-03-01 07:00:00,,,,,,,1273.0,1273.0,,,0.0,,,0.0
2025-03-01 08:00:00,,,,,,,509.0,509.0,,,0.0,,,0.0
2025-03-01 09:00:00,,,,,,,509.0,509.0,,,0.0,,,0.0
2025-03-01 10:00:00,,,,,,,509.0,509.0,,,0.0,,,0.0
2025-03-01 11:00:00,,,,,,,509.0,509.0,,,0.0,,,0.0
2025-03-01 12:00:00,,,,,,,509.0,509.0,,,0.0,,,0.0
2025-03-01 13:00:00,,,,,,,509.0,509.0,,,0.0,,,0.0
2025-03-01 14:00:00,,,,,,,509.0,509.0,,,0.0,,,0.0
2025-03-01 15:00:00,,,,,,,509.0,509.0,,,0.0,,,0.0
2025-03-01 16:00:00,,,,,,,249.0,249.0,,,0.0,,,0.0
2025-03-01 17:00:00,,,,,,,1533.0,1533.0,,,0.0,,,0.0
2025-03-01 18:00:00,,,,,,,1273.0,1273.0,,,0.0,,,0.0
2025-03-01 19:00:00,,,,,,,1273.0,1273.0,,,0.0,,,0.0
2025-03-01 20:00:00,,,,,,,1273.0,1273.0,,,0.0,,,0.0
2025-03-01 21:00:00,,,,,,,1273.0,1273.0,,,0.0,,,0.0
2025-03-01 22:00:00,,,,,,,1273.0,1273.0,,,0.0,,,0.0
2025-03-01 23:00:00,,,,,,,1273.0,1273.0,,,0.0,,,0.0
2025-03-02 00:00:00,,,,,,,1273.0,1273.0,,,0.0,,,0.0
2025-03-02 01:00:00,,,,,,,1273.0,1273.0,,,0.0,,,0.0
2025-03-02 02:00:00,,,,,,,1273.0,1273.0,,,0.0,,,0.0
2025-03-02 03:00:00,,,,,,,1273.0,1273.0,,,0.0,,,0.0
2025-03-02 04:00:00,,,,,,,1273.0,1273.0,,,0.0,,,0.0
2025-03-02 05:00:00,,,,,,,1273.0,1273.0,,,0.0,,,0.0
2025-03-02 06:00:00,,,,,,,1273.0,1273.0,,,0.0,,,0.0
2025-03-02 07:00:00,,,,,,,1529.0,1529.0,,,0.0,,,0.0
2025-03-02 08:00:00,,,,,,,509.0,509.0,,,0.0,,,0.0
2025-03-02 09:00:00,,,,,,,509.0,509.0,,,0.0,,,0.0
2025-03-02 10:00:00,,,,,,,509.0,509.0,,,0.0,,,0.0
2025-03-02 11:00:00,,,,,,,509.0,509.0,,,0.0,,,0.0
2025-03-02 12:00:00,,,,,,,509.0,509.0,,,0.0,,,0.0
2025-03-02 13:00:00,,,,,,,509.0,509.0,,,0.0,,,0.0
2025-03-02 14:00:00,,,,,,,509.0,509.0,,,0.0,,,0.0
2025-03-02 15:00:00,,,,,,,509.0,509.0,,,0.0,,,0.0
2025-03-02 16:00:00,,,,,,,249.0,249.0,,,0.0,,,0.0
2025-03-02 17:00:00,,,,,,,1533.0,1533.0,,,0.0,,,0.0
2025-03-02 18:00:00,,,,,,,1273.0,1273.0,,,0.0,,,0.0
2025-03-02 19:00:00,,,,,,,1273.0,1273.0,,,0.0,,,0.0
2025-03-02 20:00:00,,,,,,,1273.0,1273.0,,,0.0,,,0.0
2025-03-02 21:00:00,,,,,,,1273.0,1273.0,,,0.0,,,0.0
2025-03-02 22:00:00,,,,,,,1273.0,1273.0,,,0.0,,,0.0
2025-03-02 23:00:00,,,,,,,1273.0,1273.0,,,0.0,,,0.0
2025-03-03 00:00:00,,,,,,,1273.0,1273.0,,,0.0,,,0.0
2025-03-03 01:00:00,,,,,,,1273.0,1273.0,,,0.0,,,0.0
2025-03-03 02:00:00,,,,,,,1273.0,1273.0,,,0.0,,,0.0
2025-03-03 03:00:00,,,,,,,1273.0,1273.0,,,0.0,,,0.0
2025-03-03 04:00:00,,,,,,,1273.0,1273.0,,,0.0,,,0.0
2025-03-03 05:00:00,,,,,,,1273.0,1273.0,,,0.0,,,0.0
2025-03-03 06:00:00,,,,,,,1273.0,1273.0,,,0.0,,,0.0
2025-03-03 07:00:00,,,,,,,1533.0,1533.0,,,0.0,,,0.0
2025-03-03 08:00:00,,,,,,,509.0,509.0,,,0.0,,,0.0
2025-03-03 09:00:00,,,,,,,509.0,509.0,,,0.0,,,0.0
2025-03-03 10:00:00,,,,,,,509.0,509.0,,,0.0,,,0.0
2025-03-03 11:00:00,,,,,,,509.0,509.0,,,0.0,,,0.0
2025-03-03 12:00:00,,,,,,,509.0,509.0,,,0.0,,,0.0
2025-03-03 13:00:00,,,,,,,509.0,509.0,,,0.0,,,0.0
2025-03-03 14:00:00,,,,,,,509.0,509.0,,,0.0,,,0.0
2025-03-03 15:00:00,,,,,,,509.0,509.0,,,0.0,,,0.0
2025-03-03 16:00:00,0.22399999,,,,,,193.0,249.0,,,0.0,,,0.0
2025-03-03 17:00:00,,,,,,,1533.0,1533.0,,,0.0,,,0.0
2025-03-03 18:00:00,,,,,,,1533.0,1533.0,,,0.0,,,0.0
2025-03-03 19:00:00,,,,,,,1533.0,1533.0,,,0.0,,,0.0
2025-03-03 20:00:00,,,,,,,1533.0,1533.0,,,0.0,,,0.0
2025-03-03 21:00:00,,,,,,,1533.0,1533.0,,,0.0,,,0.0
2025-03-03 22:00:00,,,,,,,1529.0,1529.0,,,0.0,,,0.0
2025-03-03 23:00:00,,,,,,,1529.0,1529.0,,,0.0,,,0.0
2025-03-04 00:00:00,,,,,,,1533.0,1533.0,,,0.0,,,0.0
2025-03-04 01:00:00,,,,,,,1533.0,1533.0,,,0.0,,,0.0
2025-03-04 02:00:00,,,,,,,1533.0,1533.0,,,0.0,,,0.0
2025-03-04 03:00:00,,,,,,,1273.0,1273.0,,,0.0,,,0.0
2025-03-04 04:00:00,,,,,,,1529.0,1529.0,,,0.0,,,0.0
2025-03-04 05:00:00,,,,,,,1529.0,1529.0,,,0.0,,,0.0
2025-03-04 06:00:00,,,,,,,1273.0,1273.0,,,0.0,,,0.0
2025-03-04 07:00:00,,,,,,,1533.0,1533.0,,,0.0,,,0.0
2025-03-04 08:00:00,,,,,,,509.0,509.0,,,0.0,,,0.0
2025-03-04 09:00:00,,,,,,,249.0,249.0,0.36659998,0.339,2.0,1.2581999,0.035299957,2.0
2025-03-04 10:00:00,0.6076,,,,,,193.0,249.0,,,0.0,,,0.0
2025-03-04 11:00:00,0.541,,,,,,193.0,249.0,,,0.0,,,0.0
2025-03-04 12:00:00,0.5966,,,,,,193.0,249.0,,,0.0,,,0.0
2025-03-04 13:00:00,0.6462,,,,,,193.0,249.0,,,0.0,,,0.0
2025-03-04 14:00:00,0.6852,,,,,,193.0,249.0,,,0.0,,,0.0
2025-03-04 15:00:00,,,,,,,509.0,509.0,,,0.0,,,0.0
2025-03-04 16:00:00,,,,,,,509.0,509.0,,,0.0,,,0.0
2025-03-04 17:00:00,,,,,,,1533.0,1533.0,,,0.0,,,0.0
2025-03-04 18:00:00,,,,,,,1273.0,1273.0,,,0.0,,,0.0
2025-03-04 19:00:00,,,,,,,1273.0,1273.0,,,0.0,,,0.0
2025-03-04 20:00:00,,,,,,,1273.0,1273.0,,,0.0,,,0.0
2025-03-04 21:00:00,,,,,,,1533.0,1533.0,,,0.0,,,0.0
2025-03-04 22:00:00,,,,,,,1529.0,1529.0,,,0.0,,,0.0
2025-03-04 23:00:00,,,,,,,1273.0,1273.0,,,0.0,,,0.0
2025-03-05 00:00:00,,,,,,,1529.0,1529.0,,,0.0,,,0.0
2025-03-05 01:00:00,,,,,,,1533.0,1533.0,,,0.0,,,0.0
2025-03-05 02:00:00,,,,,,,1273.0,1273.0,,,0.0,,,0.0
2025-03-05 03:00:00,,,,,,,1273.0,1273.0,,,0.0,,,0.0
2025-03-05 04:00:00,,,,,,,1273.0,1273.0,,,0.0,,,0.0
2025-03-05 05:00:00,,,,,,,1529.0,1529.0,,,0.0,,,0.0
2025-03-05 06:00:00,,,,,,,1273.0,1273.0,,,0.0,,,0.0
2025-03-05 07:00:00,,,,,,,1273.0,1273.0,,,0.0,,,0.0
2025-03-05 08:00:00,,,,,,,249.0,249.0,,,0.0,,,0.0
2025-03-05 09:00:00,0.5972,,,,,,453.0,509.0,,,0.0,,,0.0
2025-03-05 10:00:00,0.3532,,,,,,453.0,509.0,,,0.0,,,0.0
2025-03-05 11:00:00,,,,,,,509.0,509.0,,,0.0,,,0.0
2025-03-05 12:00:00,,,,,,,509.0,509.0,,,0.0,,,0.0
2025-03-05 13:00:00,0.55079997,,,,,,193.0,249.0,,,0.0,,,0.0
2025-03-05 14:00:00,0.6532,,,,,,193.0,249.0,,,0.0,,,0.0
2025-03-05 15:00:00,,,,,,,509.0,509.0,,,0.0,,,0.0
2025-03-05 16:00:00,,,,,,,509.0,509.0,,,0.0,,,0.0
2025-03-05 17:00:00,,,,,,,1533.0,1533.0,,,0.0,,,0.0
2025-03-05 18:00:00,,,,,,,1533.0,1533.0,,,0.0,,,0.0
2025-03-05 19:00:00,,,,,,,1533.0,1533.0,,,0.0,,,0.0
2025-03-05 20:00:00,,,,,,,1533.0,1533.0,,,0.0,,,0.0
2025-03-05 21:00:00,,,,,,,1533.0,1533.0,,,0.0,,,0.0
2025-03-05 22:00:00,,,,,,,1533.0,1533.0,,,0.0,,,0.0
2025-03-05 23:00:00,,,,,,,1529.0,1529.0,,,0.0,,,0.0
2025-03-06 00:00:00,,,,,,,1529.0,1529.0,,,0.0,,,0.0
2025-03-06 01:00:00,,,,,,,1529.0,1529.0,,,0.0,,,0.0
2025-03-06 02:00:00,,,,,,,1529.0,1529.0,,,0.0,,,0.0
2025-03-06 03:00:00,,,,,,,1529.0,1529.0,,,0.0,,,0.0
2025-03-06 04:00:00,,,,,,,1533.0,1533.0,,,0.0,,,0.0
2025-03-06 05:00:00,,,,,,,1533.0,1533.0,,,0.0,,,0.0
2025-03-06 06:00:00,,,,,,,1533.0,1533.0,,,0.0,,,0.0
2025-03-06 07:00:00,,,,,,,1529.0,1529.0,,,0.0,,,0.0
2025-03-06 08:00:00,,,,,,,509.0,509.0,,,0.0,,,0.0
2025-03-06 09:00:00,,,,,,,509.0,509.0,,,0.0,,,0.0
2025-03-06 10:00:00,,,,,,,509.0,509.0,,,0.0,,,0.0
2025-03-06 11:00:00,,,,,,,509.0,509.0,0.5614,0.0,1.0,0.9942,0.0,1.0
2025-03-06 12:00:00,,,,,,,509.0,509.0,0.5166,0.0,1.0,0.9965,0.0,1.0
2025-03-06 13:00:00,,,,,,,509.0,509.0,,,0.0,,,0.0
2025-03-06 14:00:00,,,,,,,509.0,509.0,,,0.0,,,0.0
2025-03-06 15:00:00,,,,,,,505.0,505.0,,,0.0,,,0.0
2025-03-06 16:00:00,,,,,,,509.0,509.0,,,0.0,,,0.0
2025-03-06 17:00:00,,,,,,,1533.0,1533.0,,,0.0,,,0.0
2025-03-06 18:00:00,,,,,,,1533.0,1533.0,,,0.0,,,0.0
2025-03-06 19:00:00,,,,,,,1533.0,1533.0,,,0.0,,,0.0
2025-03-06 20:00:00,,,,,,,1529.0,1529.0,,,0.0,,,0.0
2025-03-06 21:00:00,,,,,,,1533.0,1533.0,,,0.0,,,0.0
2025-03-06 22:00:00,,,,,,,1533.0,1533.0,,,0.0,,,0.0
2025-03-06 23:00:00,,,,,,,1533.0,1533.0,,,0.0,,,0.0
2025-03-07 00:00:00,,,,,,,1533.0,1533.0,,,0.0,,,0.0
2025-03-07 01:00:00,,,,,,,1533.0,1533.0,,,0.0,,,0.0
2025-03-07 02:00:00,,,,,,,1533.0,1533.0,,,0.0,,,0.0
2025-03-07 03:00:00,,,,,,,1533.0,1533.0,,,0.0,,,0.0
2025-03-07 04:00:00,,,,,,,1533.0,1533.0,,,0.0,,,0.0
2025-03-07 05:00:00,,,,,,,1533.0,1533.0,,,0.0,,,0.0
2025-03-07 06:00:00,,,,,,,1533.0,1533.0,,,0.0,,,0.0
2025-03-07 07:00:00,,,,,,,1533.0,1533.0,,,0.0,,,0.0
2025-03-07 08:00:00,,,,,,,509.0,509.0,,,0.0,,,0.0
2025-03-07 09:00:00,,,,,,,509.0,509.0,,,0.0,,,0.0
2025-03-07 10:00:00,,,,,,,509.0,509.0,,,0.0,,,0.0
2025-03-07 11:00:00,,,,,,,509.0,509.0,0.8756,0.0,1.0,0.4131,0.0,1.0
2025-03-07 12:00:00,,,,,,,509.0,509.0,,,0.0,,,0.0
2025-03-07 13:00:00,,,,,,,509.0,509.0,,,0.0,,,0.0
2025-03-07 14:00:00,,,,,,,509.0,509.0,,,0.0,,,0.0
2025-03-07 15:00:00,,,,,,,509.0,509.0,,,0.0,,,0.0
2025-03-07 16:00:00,,,,,,,509.0,509.0,,,0.0,,,0.0
2025-03-07 17:00:00,,,,,,,1533.0,1533.0,,,0.0,,,0.0
2025-03-07 18:00:00,,,,,,,1529.0,1529.0,,,0.0,,,0.0
2025-03-07 19:00:00,,,,,,,1529.0,1529.0,,,0.0,,,0.0
2025-03-07 20:00:00,,,,,,,1533.0,1533.0,,,0.0,,,0.0
2025-03-07 21:00:00,,,,,,,1529.0,1529.0,,,0.0,,,0.0
2025-03-07 22:00:00,,,,,,,1529.0,1529.0,,,0.0,,,0.0
2025-03-07 23:00:00,,,,,,,1529.0,1529.0,,,0.0,,,0.0
2025-03-08 00:00:00,,,,,,,1533.0,1533.0,,,0.0,,,0.0
2025-03-08 01:00:00,,,,,,,1273.0,1273.0,,,0.0,,,0.0
2025-03-08 02:00:00,,,,,,,1273.0,1273.0,,,0.0,,,0.0
2025-03-08 03:00:00,,,,,,,1533.0,1533.0,,,0.0,,,0.0
2025-03-08 04:00:00,,,,,,,1273.0,1273.0,,,0.0,,,0.0
2025-03-08 05:00:00,,,,,,,1529.0,1529.0,,,0.0,,,0.0
2025-03-08 06:00:00,,,,,,,1533.0,1533.0,,,0.0,,,0.0
2025-03-08 07:00:00,,,,,,,1533.0,1533.0,,,0.0,,,0.0
2025-03-08 08:00:00,,,,,,,509.0,509.0,0.599,0.088999994,2.0,0.21569997,0.029500008,2.0
2025-03-08 09:00:00,,,,,,,509.0,509.0,,,0.0,,,0.0
2025-03-08 10:00:00,,,,,,,509.0,509.0,,,0.0,,,0.0
2025-03-08 11:00:00,,,,,,,509.0,509.0,,,0.0,,,0.0
2025-03-08 12:00:00,,,,,,,509.0,509.0,0.489,0.0,1.0,0.2974,0.0,1.0
2025-03-08 13:00:00,,,,,,,509.0,509.0,,,0.0,,,0.0
2025-03-08 14:00:00,,,,,,,509.0,509.0,,,0.0,,,0.0
2025-03-08 15:00:00,,,,,,,509.0,509.0,,,0.0,,,0.0
2025-03-08 16:00:00,,,,,,,509.0,509.0,,,0.0,,,0.0
2025-03-08 17:00:00,,,,,,,1533.0,1533.0,,,0.0,,,0.0
2025-03-08 18:00:00,,,,,,,1529.0,1529.0,,,0.0,,,0.0
2025-03-08 19:00:00,,,,,,,1529.0,1529.0,,,0.0,,,0.0
2025-03-08 20:00:00,,,,,,,1529.0,1529.0,,,0.0,,,0.0
2025-03-08 21:00:00,,,,,,,1273.0,1273.0,,,0.0,,,0.0
2025-03-08 22:00:00,,,,,,,1273.0,1273.0,,,0.0,,,0.0
2025-03-08 23:00:00,,,,,,,1273.0,1273.0,,,0.0,,,0.0
2025-03-09 00:00:00,,,,,,,1273.0,1273.0,,,0.0,,,0.0
2025-03-09 01:00:00,,,,,,,1273.0,1273.0,,,0.0,,,0.0
2025-03-09 02:00:00,,,,,,,1273.0,1273.0,,,0.0,,,0.0
2025-03-09 03:00:00,,,,,,,1273.0,1273.0,,,0.0,,,0.0
2025-03-09 04:00:00,,,,,,,1273.0,1273.0,,,0.0,,,0.0
2025-03-09 05:00:00,,,,,,,1533.0,1533.0,,,0.0,,,0.0
2025-03-09 06:00:00,,,,,,,1529.0,1529.0,,,0.0,,,0.0
2025-03-09 07:00:00,,,,,,,1533.0,1533.0,,,0.0,,,0.0
2025-03-09 08:00:00,,,,,,,509.0,509.0,,,0.0,,,0.0
2025-03-09 09:00:00,,,,,,,509.0,509.0,,,0.0,,,0.0
2025-03-09 10:00:00,,,,,,,509.0,509.0,,,0.0,,,0.0
2025-03-09 11:00:00,,,,,,,509.0,509.0,,,0.0,,,0.0
2025-03-09 12:00:00,,,,,,,509.0,509.0,,,0.0,,,0.0
2025-03-09 13:00:00,,,,,,,509.0,509.0,,,0.0,,,0.0
2025-03-09 14:00:00,,,,,,,509.0,509.0,,,0.0,,,0.0
2025-03-09 15:00:00,,,,,,,509.0,509.0,,,0.0,,,0.0
2025-03-09 16:00:00,,,,,,,509.0,509.0,,,0.0,,,0.0
2025-03-09 17:00:00,,,,,,,1533.0,1533.0,,,0.0,,,0.0
2025-03-09 18:00:00,,,,,,,1273.0,1273.0,,,0.0,,,0.0
2025-03-09 19:00:00,,,,,,,1273.0,1273.0,,,0.0,,,0.0
2025-03-09 20:00:00,,,,,,,1273.0,1273.0,,,0.0,,,0.0
2025-03-09 21:00:00,,,,,,,1273.0,1273.0,,,0.0,,,0.0
2025-03-09 22:00:00,,,,,,,1533.0,1533.0,,,0.0,,,0.0
2025-03-09 23:00:00,,,,,,,1529.0,1529.0,,,0.0,,,0.0
2025-03-10 00:00:00,,,,,,,1533.0,1533.0,,,0.0,,,0.0
2025-03-10 01:00:00,,,,,,,1273.0,1273.0,,,0.0,,,0.0
2025-03-10 02:00:00,,,,,,,1533.0,1533.0,,,0.0,,,0.0
2025-03-10 03:00:00,,,,,,,1533.0,1533.0,,,0.0,,,0.0
2025-03-10 04:00:00,,,,,,,1529.0,1529.0,,,0.0,,,0.0
2025-03-10 05:00:00,,,,,,,1529.0,1529.0,,,0.0,,,0.0
2025-03-10 06:00:00,,,,,,,1273.0,1273.0,,,0.0,,,0.0
2025-03-10 07:00:00,,,,,,,1529.0,1529.0,,,0.0,,,0.0
2025-03-10 08:00:00,,,,,,,509.0,509.0,,,0.0,,,0.0
2025-03-10 09:00:00,,,,,,,509.0,509.0,,,0.0,,,0.0
2025-03-10 10:00:00,,,,,,,509.0,509.0,,,0.0,,,0.0
2025-03-10 11:00:00,,,,,,,509.0,509.0,,,0.0,,,0.0
2025-03-10 12:00:00,,,,,,,509.0,509.0,,,0.0,,,0.0
2025-03-10 13:00:00,,,,,,,509.0,509.0,,,0.0,,,0.0
2025-03-10 14:00:00,,,,,,,509.0,509.0,,,0.0,,,0.0
2025-03-10 15:00:00,,,,,,,509.0,509.0,,,0.0,,,0.0
2025-03-10 16:00:00,,,,,,,509.0,509.0,,,0.0,,,0.0
2025-03-10 17:00:00,,,,,,,1533.0,1533.0,,,0.0,,,0.0
2025-03-10 18:00:00,,,,,,,1273.0,1273.0,,,0.0,,,0.0
2025-03-10 19:00:00,,,,,,,1533.0,1533.0,,,0.0,,,0.0
2025-03-10 20:00:00,,,,,,,1533.0,1533.0,,,0.0,,,0.0
2025-03-10 21:00:00,,,,,,,1533.0,1533.0,,,0.0,,,0.0
2025-03-10 22:00:00,,,,,,,1533.0,1533.0,,,0.0,,,0.0
2025-03-11 01:00:00,,,,,,,1529.0,1529.0,,,0.0,,,0.0
2025-03-11 02:00:00,,,,,,,1273.0,1273.0,,,0.0,,,0.0
2025-03-11 03:00:00,,,,,,,1533.0,1533.0,,,0.0,,,0.0
2025-03-11 04:00:00,,,,,,,1529.0,1529.0,,,0.0,,,0.0
2025-03-11 05:00:00,,,,,,,1533.0,1533.0,,,0.0,,,0.0
2025-03-11 06:00:00,,,,,,,1533.0,1533.0,,,0.0,,,0.0
2025-03-11 07:00:00,,,,,,,1533.0,1533.0,,,0.0,,,0.0
2025-03-11 08:00:00,,,,,,,509.0,509.0,,,0.0,,,0.0
2025-03-11 09:00:00,,,,,,,509.0,509.0,,,0.0,,,0.0
2025-03-11 10:00:00,,,,,,,509.0,509.0,,,0.0,,,0.0
2025-03-11 11:00:00,,,,,,,509.0,509.0,,,0.0,,,0.0
2025-03-11 12:00:00,,,,,,,509.0,509.0,0.3594,0.0,1.0,0.3391,0.0,1.0
2025-03-11 13:00:00,,,,,,,509.0,509.0,,,0.0,,,0.0
2025-03-11 14:00:00,,,,,,,509.0,509.0,,,0.0,,,0.0
2025-03-11 15:00:00,,,,,,,509.0,509.0,,,0.0,,,0.0
2025-03-11 16:00:00,,,,,,,509.0,509.0,,,0.0,,,0.0
2025-03-11 17:00:00,,,,,,,1533.0,1533.0,,,0.0,,,0.0
2025-03-11 18:00:00,,,,,,,1273.0,1273.0,,,0.0,,,0.0
2025-03-11 19:00:00,,,,,,,1529.0,1529.0,,,0.0,,,0.0
2025-03-11 20:00:00,,,,,,,1273.0,1273.0,,,0.0,,,0.0
2025-03-11 21:00:00,,,,,,,1529.0,1529.0,,,0.0,,,0.0
2025-03-11 22:00:00,,,,,,,1533.0,1533.0,,,0.0,,,0.0
2025-03-11 23:00:00,,,,,,,1533.0,1533.0,,,0.0,,,0.0
2025-03-12 00:00:00,,,,,,,1533.0,1533.0,,,0.0,,,0.0
2025-03-12 01:00:00,,,,,,,1533.0,1533.0,,,0.0,,,0.0
2025-03-12 02:00:00,,,,,,,1533.0,1533.0,,,0.0,,,0.0
2025-03-12 03:00:00,,,,,,,1529.0,1529.0,,,0.0,,,0.0
2025-03-12 04:00:00,,,,,,,1529.0,1529.0,,,0.0,,,0.0
2025-03-12 05:00:00,,,,,,,1529.0,1529.0,,,0.0,,,0.0
2025-03-12 06:00:00,,,,,,,1529.0,1529.0,,,0.0,,,0.0
2025-03-12 07:00:00,,,,,,,1533.0,1533.0,,,0.0,,,0.0
2025-03-12 08:00:00,,,,,,,509.0,509.0,,,0.0,,,0.0
2025-03-12 09:00:00,,,,,,,509.0,509.0,,,0.0,,,0.0
2025-03-12 10:00:00,,,,,,,509.0,509.0,,,0.0,,,0.0
2025-03-12 11:00:00,,,,,,,509.0,509.0,,,0.0,,,0.0
2025-03-12 12:00:00,,,,,,,509.0,509.0,,,0.0,,,0.0
2025-03-12 13:00:00,,,,,,,509.0,509.0,,,0.0,,,0.0
2025-03-12 14:00:00,,,,,,,509.0,509.0,,,0.0,,,0.0
2025-03-12 15:00:00,,,,,,,509.0,509.0,,,0.0,,,0.0
2025-03-12 16:00:00,,,,,,,509.0,509.0,,,0.0,,,0.0
2025-03-12 17:00:00,,,,,,,1533.0,1533.0,,,0.0,,,0.0
2025-03-12 18:00:00,,,,,,,1529.0,1529.0,,,0.0,,,0.0
2025-03-12 19:00:00,,,,,,,1529.0,1529.0,,,0.0,,,0.0
2025-03-12 20:00:00,,,,,,,1529.0,1529.0,,,0.0,,,0.0
2025-03-12 21:00:00,,,,,,,1533.0,1533.0,,,0.0,,,0.0
2025-03-12 22:00:00,,,,,,,1533.0,1533.0,,,0.0,,,0.0
2025-03-12 23:00:00,,,,,,,1529.0,1529.0,,,0.0,,,0.0
2025-03-13 00:00:00,,,,,,,1273.0,1273.0,,,0.0,,,0.0
2025-03-13 01:00:00,,,,,,,1533.0,1533.0,,,0.0,,,0.0
2025-03-13 02:00:00,,,,,,,1533.0,1533.0,,,0.0,,,0.0
2025-03-13 03:00:00,,,,,,,1533.0,1533.0,,,0.0,,,0.0
2025-03-13 04:00:00,,,,,,,1273.0,1273.0,,,0.0,,,0.0
2025-03-13 05:00:00,,,,,,,1533.0,1533.0,,,0.0,,,0.0
2025-03-13 06:00:00,,,,,,,1529.0,1529.0,,,0.0,,,0.0
2025-03-13 07:00:00,,,,,,,1533.0,1533.0,,,0.0,,,0.0
2025-03-13 08:00:00,,,,,,,509.0,509.0,,,0.0,,,0.0
2025-03-13 09:00:00,,,,,,,509.0,509.0,,,0.0,,,0.0
2025-03-13 10:00:00,,,,,,,509.0,509.0,,,0.0,,,0.0
2025-03-13 11:00:00,,,,,,,509.0,509.0,,,0.0,,,0.0
2025-03-13 12:00:00,,,,,,,509.0,509.0,,,0.0,,,0.0
2025-03-13 13:00:00,,,,,,,509.0,509.0,,,0.0,,,0.0
2025-03-13 14:00:00,,,,,,,509.0,509.0,,,0.0,,,0.0
2025-03-13 15:00:00,,,,,,,509.0,509.0,,,0.0,,,0.0
2025-03-13 16:00:00,,,,,,,509.0,509.0,,,0.0,,,0.0
2025-03-13 17:00:00,,,,,,,1533.0,1533.0,,,0.0,,,0.0
2025-03-13 18:00:00,,,,,,,1533.0,1533.0,,,0.0,,,0.0
2025-03-13 19:00:00,,,,,,,1533.0,1533.0,,,0.0,,,0.0
2025-03-13 20:00:00,,,,,,,1273.0,1273.0,,,0.0,,,0.0
2025-03-13 21:00:00,,,,,,,1529.0,1529.0,,,0.0,,,0.0
2025-03-13 22:00:00,,,,,,,1533.0,1533.0,,,0.0,,,0.0
2025-03-13 23:00:00,,,,,,,1533.0,1533.0,,,0.0,,,0.0
2025-03-14 00:00:00,,,,,,,1529.0,1529.0,,,0.0,,,0.0
2025-03-14 01:00:00,,,,,,,1529.0,1529.0,,,0.0,,,0.0
2025-03-14 02:00:00,,,,,,,1533.0,1533.0,,,0.0,,,0.0
2025-03-14 03:00:00,,,,,,,1533.0,1533.0,,,0.0,,,0.0
2025-03-14 04:00:00,,,,,,,1533.0,1533.0,,,0.0,,,0.0
2025-03-14 05:00:00,,,,,,,1529.0,1529.0,,,0.0,,,0.0
2025-03-14 06:00:00,,,,,,,1529.0,1529.0,,,0.0,,,0.0
2025-03-14 07:00:00,,,,,,,1533.0,1533.0,,,0.0,,,0.0
2025-03-14 08:00:00,,,,,,,509.0,509.0,,,0.0,,,0.0
2025-03-14 09:00:00,,,,,,,509.0,509.0,,,0.0,,,0.0
2025-03-14 10:00:00,,,,,,,509.0,509.0,,,0.0,,,0.0
2025-03-14 11:00:00,,,,,,,509.0,509.0,,,0.0,,,0.0
2025-03-14 12:00:00,,,,,,,505.0,505.0,,,0.0,,,0.0
2025-03-14 13:00:00,,,,,,,509.0,509.0,,,0.0,,,0.0
2025-03-14 14:00:00,,,,,,,509.0,509.0,,,0.0,,,0.0
2025-03-14 15:00:00,,,,,,,509.0,509.0,,,0.0,,,0.0
2025-03-14 16:00:00,,,,,,,509.0,509.0,,,0.0,,,0.0
2025-03-14 17:00:00,,,,,,,1529.0,1529.0,,,0.0,,,0.0
2025-03-14 18:00:00,,,,,,,1529.0,1529.0,,,0.0,,,0.0
2025-03-14 19:00:00,,,,,,,1533.0,1533.0,,,0.0,,,0.0
2025-03-14 20:00:00,,,,,,,1533.0,1533.0,,,0.0,,,0.0
2025-03-14 21:00:00,,,,,,,1273.0,1273.0,,,0.0,,,0.0
2025-03-14 22:00:00,,,,,,,1529.0,1529.0,,,0.0,,,0.0
2025-03-14 23:00:00,,,,,,,1529.0,1529.0,,,0.0,,,0.0
2025-03-15 00:00:00,,,,,,,1273.0,1273.0,,,0.0,,,0.0
2025-03-15 01:00:00,,,,,,,1273.0,1273.0,,,0.0,,,0.0
2025-03-15 02:00:00,,,,,,,1273.0,1273.0,,,0.0,,,0.0
2025-03-15 03:00:00,,,,,,,1273.0,1273.0,,,0.0,,,0.0
2025-03-15 04:00:00,,,,,,,1273.0,1273.0,,,0.0,,,0.0
2025-03-15 05:00:00,,,,,,,1529.0,1529.0,,,0.0,,,0.0
2025-03-15 06:00:00,,,,,,,1533.0,1533.0,,,0.0,,,0.0
2025-03-15 07:00:00,,,,,,,1273.0,1273.0,,,0.0,,,0.0
2025-03-15 08:00:00,,,,,,,509.0,509.0,,,0.0,,,0.0
2025-03-15 09:00:00,,,,,,,509.0,509.0,,,0.0,,,0.0
2025-03-15 10:00:00,,,,,,,509.0,509.0,,,0.0,,,0.0
2025-03-15 11:00:00,,,,,,,509.0,509.0,,,0.0,,,0.0
2025-03-15 12:00:00,,,,,,,509.0,509.0,,,0.0,,,0.0
2025-03-15 13:00:00,,,,,,,509.0,509.0,,,0.0,,,0.0
2025-03-15 14:00:00,,,,,,,509.0,509.0,,,0.0,,,0.0
2025-03-15 15:00:00,,,,,,,505.0,505.0,,,0.0,,,0.0
2025-03-15 16:00:00,0.2708,,,,,,193.0,249.0,,,0.0,,,0.0
2025-03-15 17:00:00,,,,,,,1533.0,1533.0,,,0.0,,,0.0
2025-03-15 18:00:00,,,,,,,1273.0,1273.0,,,0.0,,,0.0
2025-03-15 19:00:00,,,,,,,1273.0,1273.0,,,0.0,,,0.0
2025-03-15 20:00:00,,,,,,,1273.0,1273.0,,,0.0,,,0.0
2025-03-15 21:00:00,,,,,,,1273.0,1273.0,,,0.0,,,0.0
2025-03-15 22:00:00,,,,,,,1273.0,1273.0,,,0.0,,,0.0
2025-03-15 23:00:00,,,,,,,1529.0,1529.0,,,0.0,,,0.0
2025-03-16 00:00:00,,,,,,,1273.0,1273.0,,,0.0,,,0.0
2025-03-16 01:00:00,,,,,,,1273.0,1273.0,,,0.0,,,0.0
2025-03-16 02:00:00,,,,,,,1529.0,1529.0,,,0.0,,,0.0
2025-03-16 03:00:00,,,,,,,1533.0,1533.0,,,0.0,,,0.0
2025-03-16 04:00:00,,,,,,,1529.0,1529.0,,,0.0,,,0.0
2025-03-16 05:00:00,,,,,,,1533.0,1533.0,,,0.0,,,0.0
2025-03-16 06:00:00,,,,,,,1533.0,1533.0,,,0.0,,,0.0
2025-03-16 07:00:00,,,,,,,1533.0,1533.0,,,0.0,,,0.0
2025-03-16 08:00:00,,,,,,,509.0,509.0,,,0.0,,,0.0
2025-03-16 09:00:00,,,,,,,509.0,509.0,,,0.0,,,0.0
2025-03-16 10:00:00,,,,,,,509.0,509.0,,,0.0,,,0.0
2025-03-16 11:00:00,,,,,,,509.0,509.0,,,0.0,,,0.0
2025-03-16 12:00:00,,,,,,,509.0,509.0,,,0.0,,,0.0
2025-03-16 13:00:00,,,,,,,509.0,509.0,,,0.0,,,0.0
2025-03-16 14:00:00,,,,,,,509.0,509.0,,,0.0,,,0.0
2025-03-16 15:00:00,,,,,,,509.0,509.0,,,0.0,,,0.0
2025-03-16 16:00:00,,,,,,,509.0,509.0,,,0.0,,,0.0
2025-03-16 17:00:00,,,,,,,1533.0,1533.0,,,0.0,,,0.0
2025-03-16 18:00:00,,,,,,,1533.0,1533.0,,,0.0,,,0.0
2025-03-16 19:00:00,,,,,,,1533.0,1533.0,,,0.0,,,0.0
2025-03-16 20:00:00,,,,,,,1529.0,1529.0,,,0.0,,,0.0
2025-03-16 21:00:00,,,,,,,1529.0,1529.0,,,0.0,,,0.0
2025-03-16 22:00:00,,,,,,,1533.0,1533.0,,,0.0,,,0.0
2025-03-16 23:00:00,,,,,,,1533.0,1533.0,,,0.0,,,0.0
2025-03-17 00:00:00,,,,,,,1533.0,1533.0,,,0.0,,,0.0
2025-03-17 01:00:00,,,,,,,1533.0,1533.0,,,0.0,,,0.0
2025-03-17 02:00:00,,,,,,,1529.0,1529.0,,,0.0,,,0.0
2025-03-17 03:00:00,,,,,,,1533.0,1533.0,,,0.0,,,0.0
2025-03-17 04:00:00,,,,,,,1533.0,1533.0,,,0.0,,,0.0
2025-03-17 05:00:00,,,,,,,1533.0,1533.0,,,0.0,,,0.0
2025-03-17 06:00:00,,,,,,,1533.0,1533.0,,,0.0,,,0.0
2025-03-17 07:00:00,,,,,,,1533.0,1533.0,,,0.0,,,0.0
2025-03-17 08:00:00,,,,,,,509.0,509.0,,,0.0,,,0.0
2025-03-17 09:00:00,,,,,,,509.0,509.0,,,0.0,,,0.0
2025-03-17 10:00:00,,,,,,,509.0,509.0,,,0.0,,,0.0
2025-03-17 11:00:00,,,,,,,505.0,504.0,1.4426,0.0,1.0,0.9001,0.0,1.0
2025-03-17 12:00:00,,,,,,,509.0,509.0,1.4923999,0.0678,2.0,0.8958,0.012899995,2.0
2025-03-17 13:00:00,,,,,,,509.0,509.0,,,0.0,,,0.0
2025-03-17 14:00:00,,,,,,,509.0,509.0,,,0.0,,,0.0
2025-03-17 15:00:00,,,,,,,509.0,509.0,,,0.0,,,0.0
2025-03-17 16:00:00,,,,,,,509.0,509.0,,,0.0,,,0.0
2025-03-17 17:00:00,,,,,,,1533.0,1533.0,,,0.0,,,0.0
2025-03-17 18:00:00,,,,,,,1273.0,1273.0,,,0.0,,,0.0
2025-03-17 19:00:00,,,,,,,1273.0,1273.0,,,0.0,,,0.0
2025-03-17 20:00:00,,,,,,,1273.0,1273.0,,,0.0,,,0.0
2025-03-17 21:00:00,,,,,,,1533.0,1533.0,,,0.0,,,0.0
2025-03-17 22:00:00,,,,,,,1273.0,1273.0,,,0.0,,,0.0
2025-03-17 23:00:00,,,,,,,1273.0,1273.0,,,0.0,,,0.0
2025-03-18 00:00:00,,,,,,,1533.0,1533.0,,,0.0,,,0.0
2025-03-18 01:00:00,,,,,,,1273.0,1273.0,,,0.0,,,0.0
2025-03-18 02:00:00,,,,,,,1273.0,1273.0,,,0.0,,,0.0
2025-03-18 03:00:00,,,,,,,1273.0,1273.0,,,0.0,,,0.0
2025-03-18 04:00:00,,,,,,,1273.0,1273.0,,,0.0,,,0.0
2025-03-18 05:00:00,,,,,,,1273.0,1273.0,,,0.0,,,0.0
2025-03-18 06:00:00,,,,,,,1273.0,1273.0,,,0.0,,,0.0
2025-03-18 07:00:00,,,,,,,1533.0,1533.0,,,0.0,,,0.0
2025-03-18 08:00:00,,,,,,,509.0,509.0,,,0.0,,,0.0
2025-03-18 09:00:00,,,,,,,509.0,509.0,,,0.0,,,0.0
2025-03-18 10:00:00,,,,,,,509.0,509.0,,,0.0,,,0.0
2025-03-18 11:00:00,,,,,,,509.0,509.0,,,0.0,,,0.0
2025-03-18 12:00:00,,,,,,,509.0,509.0,,,0.0,,,0.0
2025-03-18 13:00:00,,,,,,,509.0,509.0,,,0.0,,,0.0
2025-03-18 14:00:00,,,,,,,509.0,509.0,,,0.0,,,0.0
2025-03-18 15:00:00,,,,,,,509.0,509.0,,,0.0,,,0.0
2025-03-18 16:00:00,,,,,,,509.0,509.0,,,0.0,,,0.0
2025-03-18 17:00:00,,,,,,,1533.0,1533.0,,,0.0,,,0.0
2025-03-18 18:00:00,,,,,,,1529.0,1529.0,,,0.0,,,0.0
2025-03-18 19:00:00,,,,,,,1533.0,1533.0,,,0.0,,,0.0
2025-03-18 20:00:00,,,,,,,1273.0,1273.0,,,0.0,,,0.0
2025-03-18 21:00:00,,,,,,,1273.0,1273.0,,,0.0,,,0.0
2025-03-18 22:00:00,,,,,,,1273.0,1273.0,,,0.0,,,0.0
2025-03-18 23:00:00,,,,,,,1273.0,1273.0,,,0.0,,,0.0
2025-03-19 00:00:00,,,,,,,1273.0,1273.0,,,0.0,,,0.0
2025-03-19 01:00:00,,,,,,,1273.0,1273.0,,,0.0,,,0.0
2025-03-19 02:00:00,,,,,,,1273.0,1273.0,,,0.0,,,0.0
2025-03-19 03:00:00,,,,,,,1533.0,1533.0,,,0.0,,,0.0
2025-03-19 04:00:00,,,,,,,1273.0,1273.0,,,0.0,,,0.0
2025-03-19 05:00:00,,,,,,,1529.0,1529.0,,,0.0,,,0.0
2025-03-19 06:00:00,,,,,,,1273.0,1273.0,,,0.0,,,0.0
2025-03-19 07:00:00,,,,,,,1533.0,1533.0,,,0.0,,,0.0
2025-03-19 08:00:00,,,,,,,509.0,509.0,,,0.0,,,0.0
2025-03-19 09:00:00,,,,,,,509.0,509.0,,,0.0,,,0.0
2025-03-19 10:00:00,,,,,,,509.0,509.0,,,0.0,,,0.0
2025-03-19 11:00:00,,,,,,,509.0,509.0,,,0.0,,,0.0
2025-03-19 12:00:00,,,,,,,509.0,509.0,,,0.0,,,0.0
2025-03-19 13:00:00,,,,,,,509.0,509.0,,,0.0,,,0.0
2025-03-19 14:00:00,,,,,,,509.0,509.0,,,0.0,,,0.0
2025-03-19 15:00:00,,,,,,,509.0,509.0,,,0.0,,,0.0
2025-03-19 16:00:00,,,,,,,509.0,509.0,,,0.0,,,0.0
2025-03-19 17:00:00,,,,,,,1533.0,1533.0,,,0.0,,,0.0
2025-03-19 18:00:00,,,,,,,1273.0,1273.0,,,0.0,,,0.0
2025-03-19 19:00:00,,,,,,,1273.0,1273.0,,,0.0,,,0.0
2025-03-19 20:00:00,,,,,,,1273.0,1273.0,,,0.0,,,0.0
2025-03-19 21:00:00,,,,,,,1273.0,1273.0,,,0.0,,,0.0
2025-03-19 22:00:00,,,,,,,1273.0,1273.0,,,0.0,,,0.0
2025-03-19 23:00:00,,,,,,,1273.0,1273.0,,,0.0,,,0.0
2025-03-20 00:00:00,,,,,,,1273.0,1273.0,,,0.0,,,0.0
2025-03-20 01:00:00,,,,,,,1273.0,1273.0,,,0.0,,,0.0
2025-03-20 02:00:00,,,,,,,1273.0,1273.0,,,0.0,,,0.0
2025-03-20 03:00:00,,,,,,,1273.0,1273.0,,,0.0,,,0.0
2025-03-20 04:00:00,,,,,,,1273.0,1273.0,,,0.0,,,0.0
2025-03-20 05:00:00,,,,,,,1273.0,1273.0,,,0.0,,,0.0
2025-03-20 06:00:00,,,,,,,1273.0,1273.0,,,0.0,,,0.0
2025-03-20 07:00:00,,,,,,,1533.0,1533.0,,,0.0,,,0.0
2025-03-20 08:00:00,,,,,,,509.0,509.0,,,0.0,,,0.0
2025-03-20 09:00:00,,,,,,,509.0,509.0,,,0.0,,,0.0
2025-03-20 10:00:00,,,,,,,509.0,509.0,,,0.0,,,0.0
2025-03-20 11:00:00,,,,,,,505.0,504.0,0.8124,0.0,1.0,1.1208,0.0,1.0
2025-03-20 12:00:00,,,,,,,509.0,509.0,,,0.0,,,0.0
2025-03-20 13:00:00,,,,,,,509.0,509.0,,,0.0,,,0.0
2025-03-20 14:00:00,,,,,,,509.0,509.0,,,0.0,,,0.0
2025-03-20 15:00:00,,,,,,,509.0,509.0,,,0.0,,,0.0
2025-03-20 16:00:00,,,,,,,509.0,509.0,,,0.0,,,0.0
2025-03-20 17:00:00,,,,,,,1533.0,1533.0,,,0.0,,,0.0
2025-03-20 18:00:00,,,,,,,1533.0,1533.0,,,0.0,,,0.0
2025-03-20 19:00:00,,,,,,,1529.0,1529.0,,,0.0,,,0.0
2025-03-20 20:00:00,,,,,,,1533.0,1533.0,,,0.0,,,0.0
2025-03-20 21:00:00,,,,,,,1533.0,1533.0,,,0.0,,,0.0
2025-03-20 22:00:00,,,,,,,1533.0,1533.0,,,0.0,,,0.0
2025-03-20 23:00:00,,,,,,,1273.0,1273.0,,,0.0,,,0.0
2025-03-21 00:00:00,,,,,,,1529.0,1529.0,,,0.0,,,0.0
2025-03-21 01:00:00,,,,,,,1533.0,1533.0,,,0.0,,,0.0
2025-03-21 02:00:00,,,,,,,1533.0,1533.0,,,0.0,,,0.0
2025-03-21 03:00:00,,,,,,,1533.0,1533.0,,,0.0,,,0.0
2025-03-21 04:00:00,,,,,,,1533.0,1533.0,,,0.0,,,0.0
2025-03-21 05:00:00,,,,,,,1529.0,1529.0,,,0.0,,,0.0
2025-03-21 06:00:00,,,,,,,1533.0,1533.0,,,0.0,,,0.0
2025-03-21 07:00:00,,,,,,,1533.0,1533.0,,,0.0,,,0.0
2025-03-21 08:00:00,,,,,,,509.0,509.0,,,0.0,,,0.0
2025-03-21 09:00:00,,,,,,,509.0,509.0,,,0.0,,,0.0
2025-03-21 10:00:00,,,,,,,509.0,509.0,,,0.0,,,0.0
2025-03-21 11:00:00,,,,,,,509.0,509.0,,,0.0,,,0.0
2025-03-21 12:00:00,,,,,,,509.0,509.0,0.6164,0.0,1.0,0.8111,0.0,1.0
2025-03-21 13:00:00,,,,,,,505.0,505.0,,,0.0,,,0.0
2025-03-21 14:00:00,,,,,,,505.0,505.0,,,0.0,,,0.0
2025-03-21 15:00:00,,,,,,,505.0,505.0,,,0.0,,,0.0
2025-03-21 16:00:00,,,,,,,505.0,505.0,,,0.0,,,0.0
2025-03-21 17:00:00,,,,,,,1533.0,1533.0,,,0.0,,,0.0
2025-03-21 18:00:00,,,,,,,1533.0,1533.0,,,0.0,,,0.0
2025-03-21 19:00:00,,,,,,,1533.0,1533.0,,,0.0,,,0.0
2025-03-21 20:00:00,,,,,,,1529.0,1529.0,,,0.0,,,0.0
2025-03-21 21:00:00,,,,,,,1529.0,1529.0,,,0.0,,,0.0
2025-03-21 22:00:00,,,,,,,1533.0,1533.0,,,0.0,,,0.0
2025-03-21 23:00:00,,,,,,,1533.0,1533.0,,,0.0,,,0.0
2025-03-22 00:00:00,,,,,,,1273.0,1273.0,,,0.0,,,0.0
2025-03-22 01:00:00,,,,,,,1533.0,1533.0,,,0.0,,,0.0
2025-03-22 02:00:00,,,,,,,1533.0,1533.0,,,0.0,,,0.0
2025-03-22 03:00:00,,,,,,,1533.0,1533.0,,,0.0,,,0.0
2025-03-22 04:00:00,,,,,,,1533.0,1533.0,,,0.0,,,0.0
2025-03-22 05:00:00,,,,,,,1273.0,1273.0,,,0.0,,,0.0
2025-03-22 06:00:00,,,,,,,1273.0,1273.0,,,0.0,,,0.0
2025-03-22 07:00:00,,,,,,,1533.0,1533.0,,,0.0,,,0.0
2025-03-22 08:00:00,,,,,,,509.0,509.0,,,0.0,,,0.0
2025-03-22 09:00:00,,,,,,,509.0,509.0,,,0.0,,,0.0
2025-03-22 10:00:00,,,,,,,505.0,505.0,,,0.0,,,0.0
2025-03-22 11:00:00,,,,,,,505.0,505.0,,,0.0,,,0.0
2025-03-22 12:00:00,,,,,,,505.0,505.0,,,0.0,,,0.0
2025-03-22 13:00:00,,,,,,,505.0,505.0,,,0.0,,,0.0
2025-03-22 14:00:00,,,,,,,249.0,249.0,,,0.0,,,0.0
2025-03-22 15:00:00,,,,,,,249.0,249.0,,,0.0,,,0.0
2025-03-22 16:00:00,,,,,,,249.0,249.0,,,0.0,,,0.0
2025-03-22 17:00:00,,,,,,,1533.0,1533.0,,,0.0,,,0.0
2025-03-22 18:00:00,,,,,,,1533.0,1533.0,,,0.0,,,0.0
2025-03-22 19:00:00,,,,,,,1273.0,1273.0,,,0.0,,,0.0
2025-03-22 20:00:00,,,,,,,1273.0,1273.0,,,0.0,,,0.0
2025-03-22 21:00:00,,,,,,,1273.0,1273.0,,,0.0,,,0.0
2025-03-22 22:00:00,,,,,,,1273.0,1273.0,,,0.0,,,0.0
2025-03-22 23:00:00,,,,,,,1529.0,1529.0,,,0.0,,,0.0
2025-03-23 00:00:00,,,,,,,1273.0,1273.0,,,0.0,,,0.0
2025-03-23 01:00:00,,,,,,,1273.0,1273.0,,,0.0,,,0.0
2025-03-23 02:00:00,,,,,,,1529.0,1529.0,,,0.0,,,0.0
2025-03-23 03:00:00,,,,,,,1529.0,1529.0,,,0.0,,,0.0
2025-03-23 04:00:00,,,,,,,1529.0,1529.0,,,0.0,,,0.0
2025-03-23 05:00:00,,,,,,,1273.0,1273.0,,,0.0,,,0.0
2025-03-23 06:00:00,,,,,,,1273.0,1273.0,,,0.0,,,0.0
2025-03-23 07:00:00,,,,,,,1273.0,1273.0,,,0.0,,,0.0
2025-03-23 08:00:00,,,,,,,2553.0,2552.0,0.0032,0.0,1.0,0.9405,0.0,1.0
2025-03-23 09:00:00,,,,,,,509.0,509.0,0.0058,0.0011999999,2.0,0.93569994,0.0033000112,2.0
2025-03-23 10:00:00,,,,,,,509.0,509.0,,,0.0,,,0.0
2025-03-23 11:00:00,,,,,,,509.0,509.0,,,0.0,,,0.0
2025-03-23 12:00:00,,,,,,,509.0,509.0,,,0.0,,,0.0
2025-03-23 13:00:00,,,,,,,509.0,509.0,,,0.0,,,0.0
2025-03-23 14:00:00,,,,,,,249.0,249.0,,,0.0,,,0.0
2025-03-23 15:00:00,0.3992,,,,,,193.0,249.0,,,0.0,,,0.0
2025-03-23 16:00:00,0.371,,,,,,193.0,249.0,,,0.0,,,0.0
2025-03-23 17:00:00,,,,,,,1533.0,1533.0,,,0.0,,,0.0
2025-03-23 18:00:00,,,,,,,1273.0,1273.0,,,0.0,,,0.0
2025-03-23 19:00:00,,,,,,,1273.0,1273.0,,,0.0,,,0.0
2025-03-23 20:00:00,,,,,,,1273.0,1273.0,,,0.0,,,0.0
2025-03-23 21:00:00,,,,,,,1273.0,1273.0,,,0.0,,,0.0
2025-03-23 22:00:00,,,,,,,1273.0,1273.0,,,0.0,,,0.0
2025-03-23 23:00:00,,,,,,,1273.0,1273.0,,,0.0,,,0.0
2025-03-24 00:00:00,,,,,,,1273.0,1273.0,,,0.0,,,0.0
2025-03-24 01:00:00,,,,,,,1273.0,1273.0,,,0.0,,,0.0
2025-03-24 02:00:00,,,,,,,1273.0,1273.0,,,0.0,,,0.0
2025-03-24 03:00:00,,,,,,,1273.0,1273.0,,,0.0,,,0.0
2025-03-24 04:00:00,,,,,,,1273.0,1273.0,,,0.0,,,0.0
2025-03-24 05:00:00,,,,,,,1273.0,1273.0,,,0.0,,,0.0
2025-03-24 06:00:00,,,,,,,1273.0,1273.0,,,0.0,,,0.0
2025-03-24 07:00:00,,,,,,,1273.0,1273.0,,,0.0,,,0.0
2025-03-24 08:00:00,,,,,,,2553.0,2552.0,0.081,0.0,1.0,1.0798999,0.0,1.0
2025-03-24 09:00:00,,,,,,,509.0,509.0,1.0834,0.0,1.0,1.0346,0.0,1.0
2025-03-24 10:00:00,,,,,,,509.0,509.0,,,0.0,,,0.0
2025-03-24 11:00:00,,,,,,,509.0,509.0,,,0.0,,,0.0
2025-03-24 12:00:00,,,,,,,509.0,509.0,0.0022,0.0,1.0,1.1127,0.0,1.0
2025-03-24 13:00:00,,,,,,,509.0,509.0,,,0.0,,,0.0
2025-03-24 14:00:00,,,,,,,249.0,249.0,,,0.0,,,0.0
2025-03-24 15:00:00,0.3278,,,,,,193.0,249.0,,,0.0,,,0.0
2025-03-24 16:00:00,0.36659998,,,,,,193.0,249.0,,,0.0,,,0.0
2025-03-24 17:00:00,,,,,,,1533.0,1533.0,,,0.0,,,0.0
2025-03-24 18:00:00,,,,,,,1273.0,1273.0,,,0.0,,,0.0
2025-03-24 19:00:00,,,,,,,1273.0,1273.0,,,0.0,,,0.0
2025-03-24 20:00:00,,,,,,,1273.0,1273.0,,,0.0,,,0.0
2025-03-24 21:00:00,,,,,,,1273.0,1273.0,,,0.0,,,0.0
2025-03-24 22:00:00,,,,,,,1273.0,1273.0,,,0.0,,,0.0
2025-03-24 23:00:00,,,,,,,1273.0,1273.0,,,0.0,,,0.0
2025-03-25 00:00:00,,,,,,,1273.0,1273.0,,,0.0,,,0.0
2025-03-25 01:00:00,,,,,,,1273.0,1273.0,,,0.0,,,0.0
2025-03-25 02:00:00,,,,,,,1273.0,1273.0,,,0.0,,,0.0
2025-03-25 03:00:00,,,,,,,1273.0,1273.0,,,0.0,,,0.0
2025-03-25 04:00:00,,,,,,,1273.0,1273.0,,,0.0,,,0.0
2025-03-25 05:00:00,,,,,,,1273.0,1273.0,,,0.0,,,0.0
2025-03-25 06:00:00,,,,,,,1273.0,1273.0,,,0.0,,,0.0
2025-03-25 07:00:00,,,,,,,1533.0,1533.0,,,0.0,,,0.0
2025-03-25 08:00:00,,,,,,,505.0,504.0,0.5196,0.1724,2.0,1.1515,0.03670001,2.0
2025-03-25 09:00:00,,,,,,,509.0,509.0,0.3468,0.036599997,3.0,1.1883,0.00019997358,3.0
2025-03-25 10:00:00,,,,,,,509.0,509.0,0.22659999,0.1002,3.0,1.2032,0.007499993,3.0
2025-03-25 11:00:00,,,,,,,509.0,509.0,,,0.0,,,0.0
2025-03-25 12:00:00,,,,,,,509.0,509.0,,,0.0,,,0.0
2025-03-25 13:00:00,,,,,,,509.0,509.0,,,0.0,,,0.0
2025-03-25 14:00:00,,,,,,,249.0,249.0,,,0.0,,,0.0
2025-03-25 15:00:00,0.2474,,,,,,193.0,249.0,,,0.0,,,0.0
2025-03-25 16:00:00,0.2888,,,,,,193.0,249.0,,,0.0,,,0.0
2025-03-25 17:00:00,,,,,,,1529.0,1529.0,,,0.0,,,0.0
2025-03-25 18:00:00,,,,,,,1273.0,1273.0,,,0.0,,,0.0
2025-03-25 19:00:00,,,,,,,1273.0,1273.0,,,0.0,,,0.0
2025-03-25 20:00:00,,,,,,,1273.0,1273.0,,,0.0,,,0.0
2025-03-25 21:00:00,,,,,,,1273.0,1273.0,,,0.0,,,0.0
2025-03-25 22:00:00,,,,,,,1273.0,1273.0,,,0.0,,,0.0
2025-03-25 23:00:00,,,,,,,1273.0,1273.0,,,0.0,,,0.0
2025-03-26 00:00:00,,,,,,,1273.0,1273.0,,,0.0,,,0.0
2025-03-26 01:00:00,,,,,,,1273.0,1273.0,,,0.0,,,0.0
2025-03-26 02:00:00,,,,,,,1273.0,1273.0,,,0.0,,,0.0
2025-03-26 03:00:00,,,,,,,1273.0,1273.0,,,0.0,,,0.0
2025-03-26 04:00:00,,,,,,,1273.0,1273.0,,,0.0,,,0.0
2025-03-26 05:00:00,,,,,,,1273.0,1273.0,,,0.0,,,0.0
2025-03-26 06:00:00,,,,,,,1273.0,1273.0,,,0.0,,,0.0
2025-03-26 07:00:00,,,,,,,1533.0,1533.0,,,0.0,,,0.0
2025-03-26 08:00:00,0.177,,,,,,2241.0,2296.0,0.0256,0.022799999,3.0,1.1869999,0.005499959,3.0
2025-03-26 09:00:00,0.19299999,,,,,,453.0,509.0,0.014599999,0.0008,2.0,1.196,0.0,2.0
2025-03-26 10:00:00,,,,,,,509.0,509.0,,,0.0,,,0.0
2025-03-26 11:00:00,,,,,,,509.0,509.0,,,0.0,,,0.0
2025-03-26 12:00:00,0.5074,,,,,,193.0,249.0,0.040599998,0.0254,4.0,1.2184,0.0024999976,4.0
2025-03-26 13:00:00,0.59139997,,,,,,193.0,249.0,,,0.0,,,0.0
2025-03-26 14:00:00,0.5262,,,,,,193.0,249.0,,,0.0,,,0.0
2025-03-26 15:00:00,0.5132,,,,,,193.0,249.0,,,0.0,,,0.0
2025-03-26 16:00:00,0.48639998,,,,,,193.0,249.0,,,0.0,,,0.0
2025-03-26 17:00:00,,,,,,,1533.0,1533.0,,,0.0,,,0.0
2025-03-26 18:00:00,,,,,,,1273.0,1273.0,,,0.0,,,0.0
2025-03-26 19:00:00,,,,,,,1273.0,1273.0,,,0.0,,,0.0
2025-03-26 20:00:00,,,,,,,1273.0,1273.0,,,0.0,,,0.0
2025-03-26 21:00:00,,,,,,,1273.0,1273.0,,,0.0,,,0.0
2025-03-26 22:00:00,,,,,,,1273.0,1273.0,,,0.0,,,0.0
2025-03-26 23:00:00,,,,,,,1273.0,1273.0,,,0.0,,,0.0
2025-03-27 00:00:00,,,,,,,1273.0,1273.0,,,0.0,,,0.0
2025-03-27 01:00:00,,,,,,,1273.0,1273.0,,,0.0,,,0.0
2025-03-27 02:00:00,,,,,,,1273.0,1273.0,,,0.0,,,0.0
2025-03-27 03:00:00,,,,,,,1273.0,1273.0,,,0.0,,,0.0
2025-03-27 04:00:00,,,,,,,1529.0,1529.0,,,0.0,,,0.0
2025-03-27 05:00:00,,,,,,,1273.0,1273.0,,,0.0,,,0.0
2025-03-27 06:00:00,,,,,,,1273.0,1273.0,,,0.0,,,0.0
2025-03-27 07:00:00,,,,,,,1273.0,1273.0,,,0.0,,,0.0
2025-03-27 08:00:00,1.2587999,,,,,,2241.0,2296.0,0.189,0.15519999,6.0,1.244,0.005800009,5.0
2025-03-27 09:00:00,1.2084,,,,,,2241.0,2296.0,0.45999998,0.0758,6.0,1.2526,0.0029999614,6.0
2025-03-27 10:00:00,1.0472,,,,,,2241.0,2296.0,0.3796,0.049,5.0,1.2669,0.030900002,5.0
2025-03-27 11:00:00,1.048,,,,,,193.0,249.0,0.23979999,0.0622,5.0,1.3179,0.01609999,5.0
2025-03-27 12:00:00,1.2271999,,,,,,193.0,249.0,,,0.0,,,0.0
2025-03-27 13:00:00,1.2772,,,,,,193.0,249.0,,,0.0,,,0.0
2025-03-27 14:00:00,1.2767999,,,,,,193.0,249.0,,,0.0,,,0.0
2025-03-27 15:00:00,1.3268,,,,,,449.0,505.0,,,0.0,,,0.0
2025-03-27 16:00:00,,,,,,,509.0,509.0,,,0.0,,,0.0
2025-03-27 17:00:00,,,,,,,1533.0,1533.0,,,0.0,,,0.0
2025-03-27 18:00:00,,,,,,,1533.0,1533.0,,,0.0,,,0.0
2025-03-27 19:00:00,,,,,,,1529.0,1529.0,,,0.0,,,0.0
2025-03-27 20:00:00,,,,,,,1533.0,1533.0,,,0.0,,,0.0
2025-03-27 21:00:00,,,,,,,1533.0,1533.0,,,0.0,,,0.0
2025-03-27 22:00:00,,,,,,,1529.0,1529.0,,,0.0,,,0.0
2025-03-27 23:00:00,,,,,,,1533.0,1533.0,,,0.0,,,0.0
2025-03-28 00:00:00,,,,,,,1533.0,1533.0,,,0.0,,,0.0
2025-03-28 01:00:00,,,,,,,1273.0,1273.0,,,0.0,,,0.0
2025-03-28 02:00:00,,,,,,,1273.0,1273.0,,,0.0,,,0.0
2025-03-28 03:00:00,,,,,,,1273.0,1273.0,,,0.0,,,0.0
2025-03-28 04:00:00,,,,,,,1529.0,1529.0,,,0.0,,,0.0
2025-03-28 05:00:00,,,,,,,1533.0,1533.0,,,0.0,,,0.0
2025-03-28 06:00:00,,,,,,,1529.0,1529.0,,,0.0,,,0.0
2025-03-28 07:00:00,,,,,,,1533.0,1533.0,,,0.0,,,0.0
2025-03-28 08:00:00,,,,,,,509.0,509.0,2.1656,0.0,1.0,1.0188,0.0,1.0
2025-03-28 09:00:00,,,,,,,2297.0,2296.0,0.3718,0.1048,5.0,1.1732,0.0041999817,5.0
2025-03-28 10:00:00,1.2838,,,,,,2241.0,2296.0,0.19319999,0.092999995,6.0,1.196,0.03789997,6.0
2025-03-28 11:00:00,1.242,,,,,,2241.0,2296.0,0.2654,0.1256,6.0,1.2407,0.025999963,6.0
2025-03-28 12:00:00,1.2825999,,,,,,193.0,249.0,0.152,0.0508,4.0,1.1949999,0.0042999983,4.0
2025-03-28 13:00:00,1.197,,,,,,193.0,249.0,,,0.0,,,0.0
2025-03-28 14:00:00,1.1206,,,,,,193.0,249.0,,,0.0,,,0.0
2025-03-28 15:00:00,0.96379995,,,,,,193.0,249.0,,,0.0,,,0.0
2025-03-28 16:00:00,,,,,,,509.0,509.0,,,0.0,,,0.0
2025-03-28 17:00:00,,,,,,,1529.0,1529.0,,,0.0,,,0.0
2025-03-28 18:00:00,,,,,,,1533.0,1533.0,,,0.0,,,0.0
2025-03-28 19:00:00,,,,,,,1533.0,1533.0,,,0.0,,,0.0
2025-03-28 20:00:00,,,,,,,1533.0,1533.0,,,0.0,,,0.0
2025-03-28 21:00:00,,,,,,,1533.0,1533.0,,,0.0,,,0.0
2025-03-28 22:00:00,,,,,,,1529.0,1529.0,,,0.0,,,0.0
2025-03-28 23:00:00,,,,,,,1529.0,1529.0,,,0.0,,,0.0
2025-03-29 00:00:00,,,,,,,1529.0,1529.0,,,0.0,,,0.0
2025-03-29 01:00:00,,,,,,,1533.0,1533.0,,,0.0,,,0.0
2025-03-29 02:00:00,,,,,,,1533.0,1533.0,,,0.0,,,0.0
2025-03-29 03:00:00,,,,,,,1533.0,1533.0,,,0.0,,,0.0
2025-03-29 04:00:00,,,,,,,1529.0,1529.0,,,0.0,,,0.0
2025-03-29 05:00:00,,,,,,,1533.0,1533.0,,,0.0,,,0.0
2025-03-29 06:00:00,,,,,,,1533.0,1533.0,,,0.0,,,0.0
2025-03-29 07:00:00,,,,,,,1529.0,1529.0,,,0.0,,,0.0
2025-03-29 08:00:00,,,,,,,509.0,509.0,,,0.0,,,0.0
2025-03-29 09:00:00,,,,,,,509.0,509.0,,,0.0,,,0.0
2025-03-29 10:00:00,,,,,,,509.0,509.0,1.3188,0.0,2.0,0.8607,0.0,2.0
2025-03-29 11:00:00,,,,,,,505.0,505.0,,,0.0,,,0.0
2025-03-29 12:00:00,,,,,,,509.0,509.0,,,0.0,,,0.0
2025-03-29 13:00:00,,,,,,,509.0,509.0,,,0.0,,,0.0
2025-03-29 14:00:00,,,,,,,505.0,505.0,,,0.0,,,0.0
2025-03-29 15:00:00,,,,,,,509.0,509.0,,,0.0,,,0.0
2025-03-29 16:00:00,,,,,,,509.0,509.0,,,0.0,,,0.0
2025-03-29 17:00:00,,,,,,,1533.0,1533.0,,,0.0,,,0.0
2025-03-29 18:00:00,,,,,,,1273.0,1273.0,,,0.0,,,0.0
2025-03-29 19:00:00,,,,,,,1529.0,1529.0,,,0.0,,,0.0
2025-03-29 20:00:00,,,,,,,1529.0,1529.0,,,0.0,,,0.0
2025-03-29 21:00:00,,,,,,,1529.0,1529.0,,,0.0,,,0.0
2025-03-29 22:00:00,,,,,,,1533.0,1533.0,,,0.0,,,0.0
2025-03-29 23:00:00,,,,,,,1529.0,1529.0,,,0.0,,,0.0
2025-03-30 00:00:00,,,,,,,1529.0,1529.0,,,0.0,,,0.0
2025-03-30 01:00:00,,,,,,,1273.0,1273.0,,,0.0,,,0.0
2025-03-30 02:00:00,,,,,,,1529.0,1529.0,,,0.0,,,0.0
2025-03-30 03:00:00,,,,,,,1273.0,1273.0,,,0.0,,,0.0
2025-03-30 04:00:00,,,,,,,1533.0,1533.0,,,0.0,,,0.0
2025-03-30 05:00:00,,,,,,,1529.0,1529.0,,,0.0,,,0.0
2025-03-30 06:00:00,,,,,,,1533.0,1533.0,,,0.0,,,0.0
2025-03-30 07:00:00,,,,,,,1533.0,1533.0,,,0.0,,,0.0
2025-03-30 08:00:00,,,,,,,509.0,509.0,,,0.0,,,0.0
2025-03-30 09:00:00,,,,,,,509.0,509.0,,,0.0,,,0.0
2025-03-30 10:00:00,,,,,,,509.0,509.0,,,0.0,,,0.0
2025-03-30 11:00:00,,,,,,,505.0,505.0,,,0.0,,,0.0
2025-03-30 12:00:00,,,,,,,509.0,509.0,,,0.0,,,0.0
2025-03-30 13:00:00,,,,,,,509.0,509.0,,,0.0,,,0.0
2025-03-30 14:00:00,,,,,,,509.0,509.0,,,0.0,,,0.0
2025-03-30 15:00:00,,,,,,,509.0,509.0,,,0.0,,,0.0
2025-03-30 16:00:00,,,,,,,509.0,509.0,,,0.0,,,0.0
2025-03-30 17:00:00,,,,,,,1533.0,1533.0,,,0.0,,,0.0
2025-03-30 18:00:00,,,,,,,1533.0,1533.0,,,0.0,,,0.0
2025-03-30 19:00:00,,,,,,,1533.0,1533.0,,,0.0,,,0.0
2025-03-30 20:00:00,,,,,,,1533.0,1533.0,,,0.0,,,0.0
2025-03-30 21:00:00,,,,,,,1533.0,1533.0,,,0.0,,,0.0
2025-03-30 22:00:00,,,,,,,1529.0,1529.0,,,0.0,,,0.0
2025-03-30 23:00:00,,,,,,,1273.0,1273.0,,,0.0,,,0.0
2025-03-31 00:00:00,,,,,,,1529.0,1529.0,,,0.0,,,0.0
2025-03-31 01:00:00,,,,,,,1529.0,1529.0,,,0.0,,,0.0
2025-03-31 02:00:00,,,,,,,1273.0,1273.0,,,0.0,,,0.0
2025-03-31 03:00:00,,,,,,,1273.0,1273.0,,,0.0,,,0.0
2025-03-31 04:00:00,,,,,,,1273.0,1273.0,,,0.0,,,0.0
2025-03-31 05:00:00,,,,,,,1273.0,1273.0,,,0.0,,,0.0
2025-03-31 06:00:00,,,,,,,1529.0,1529.0,,,0.0,,,0.0
2025-03-31 07:00:00,,,,,,,1533.0,1533.0,,,0.0,,,0.0
2025-03-31 08:00:00,,,,,,,509.0,509.0,,,0.0,,,0.0
2025-03-31 09:00:00,,,,,,,509.0,509.0,,,0.0,,,0.0
2025-03-31 10:00:00,,,,,,,509.0,509.0,,,0.0,,,0.0
2025-03-31 11:00:00,,,,,,,509.0,509.0,,,0.0,,,0.0
2025-03-31 12:00:00,,,,,,,509.0,509.0,,,0.0,,,0.0
2025-03-31 13:00:00,,,,,,,509.0,509.0,,,0.0,,,0.0
2025-03-31 14:00:00,,,,,,,509.0,509.0,,,0.0,,,0.0
2025-03-31 15:00:00,,,,,,,509.0,509.0,,,0.0,,,0.0
2025-03-31 16:00:00,,,,,,,509.0,509.0,,,0.0,,,0.0
2025-03-31 17:00:00,,,,,,,1533.0,1533.0,,,0.0,,,0.0
2025-03-31 18:00:00,,,,,,,1273.0,1273.0,,,0.0,,,0.0
2025-03-31 19:00:00,,,,,,,1529.0,1529.0,,,0.0,,,0.0
2025-03-31 20:00:00,,,,,,,1273.0,1273.0,,,0.0,,,0.0
2025-03-31 21:00:00,,,,,,,1529.0,1529.0,,,0.0,,,0.0
2025-03-31 22:00:00,,,,,,,1529.0,1529.0,,,0.0,,,0.0
2025-03-31 23:00:00,,,,,,,1533.0,1533.0,,,0.0,,,0.0
2025-04-01 00:00:00,,,,,,,1533.0,1533.0,,,0.0,,,0.0
2025-04-01 01:00:00,,,,,,,1533.0,1533.0,,,0.0,,,0.0
2025-04-01 02:00:00,,,,,,,1533.0,1533.0,,,0.0,,,0.0
2025-04-01 03:00:00,,,,,,,1533.0,1533.0,,,0.0,,,0.0
2025-04-01 04:00:00,,,,,,,1529.0,1529.0,,,0.0,,,0.0
2025-04-01 05:00:00,,,,,,,1529.0,1529.0,,,0.0,,,0.0
2025-04-01 06:00:00,,,,,,,1529.0,1529.0,,,0.0,,,0.0
2025-04-01 07:00:00,,,,,,,1533.0,1533.0,,,0.0,,,0.0
2025-04-01 08:00:00,,,,,,,509.0,509.0,,,0.0,,,0.0
2025-04-01 09:00:00,,,,,,,509.0,509.0,,,0.0,,,0.0
2025-04-01 10:00:00,,,,,,,509.0,509.0,,,0.0,,,0.0
2025-04-01 11:00:00,,,,,,,509.0,509.0,,,0.0,,,0.0
2025-04-01 12:00:00,,,,,,,509.0,509.0,,,0.0,,,0.0
2025-04-01 13:00:00,,,,,,,509.0,509.0,,,0.0,,,0.0
2025-04-01 14:00:00,,,,,,,509.0,509.0,,,0.0,,,0.0
2025-04-01 15:00:00,,,,,,,509.0,509.0,,,0.0,,,0.0
2025-04-01 16:00:00,,,,,,,509.0,509.0,,,0.0,,,0.0
2025-04-01 17:00:00,,,,,,,1533.0,1533.0,,,0.0,,,0.0
2025-04-01 18:00:00,,,,,,,1533.0,1533.0,,,0.0,,,0.0
2025-04-01 19:00:00,,,,,,,1529.0,1529.0,,,0.0,,,0.0
2025-04-01 20:00:00,,,,,,,1273.0,1273.0,,,0.0,,,0.0
2025-04-01 21:00:00,,,,,,,1273.0,1273.0,,,0.0,,,0.0
2025-04-01 22:00:00,,,,,,,1273.0,1273.0,,,0.0,,,0.0
2025-04-01 23:00:00,,,,,,,1273.0,1273.0,,,0.0,,,0.0
2025-04-02 00:00:00,,,,,,,1273.0,1273.0,,,0.0,,,0.0
2025-04-02 01:00:00,,,,,,,1273.0,1273.0,,,0.0,,,0.0
2025-04-02 02:00:00,,,,,,,1273.0,1273.0,,,0.0,,,0.0
2025-04-02 03:00:00,,,,,,,1273.0,1273.0,,,0.0,,,0.0
2025-04-02 04:00:00,,,,,,,1273.0,1273.0,,,0.0,,,0.0
2025-04-02 05:00:00,,,,,,,1273.0,1273.0,,,0.0,,,0.0
2025-04-02 06:00:00,,,,,,,1529.0,1529.0,,,0.0,,,0.0
2025-04-02 07:00:00,,,,,,,1533.0,1533.0,,,0.0,,,0.0
2025-04-02 08:00:00,,,,,,,509.0,509.0,,,0.0,,,0.0
2025-04-02 09:00:00,,,,,,,509.0,509.0,,,0.0,,,0.0
2025-04-02 10:00:00,,,,,,,509.0,509.0,,,0.0,,,0.0
2025-04-02 11:00:00,,,,,,,509.0,509.0,,,0.0,,,0.0
2025-04-02 12:00:00,,,,,,,509.0,509.0,,,0.0,,,0.0
2025-04-02 13:00:00,,,,,,,509.0,509.0,,,0.0,,,0.0
2025-04-02 14:00:00,,,,,,,509.0,509.0,,,0.0,,,0.0
2025-04-02 15:00:00,,,,,,,509.0,509.0,,,0.0,,,0.0
2025-04-02 16:00:00,,,,,,,509.0,509.0,,,0.0,,,0.0
2025-04-02 17:00:00,,,,,,,1533.0,1533.0,,,0.0,,,0.0
2025-04-02 18:00:00,,,,,,,1273.0,1273.0,,,0.0,,,0.0
2025-04-02 19:00:00,,,,,,,1273.0,1273.0,,,0.0,,,0.0
2025-04-02 20:00:00,,,,,,,1273.0,1273.0,,,0.0,,,0.0
2025-04-02 21:00:00,,,,,,,1273.0,1273.0,,,0.0,,,0.0
2025-04-02 22:00:00,,,,,,,1273.0,1273.0,,,0.0,,,0.0
2025-04-02 23:00:00,,,,,,,1273.0,1273.0,,,0.0,,,0.0
2025-04-03 00:00:00,,,,,,,1529.0,1529.0,,,0.0,,,0.0
2025-04-03 01:00:00,,,,,,,1273.0,1273.0,,,0.0,,,0.0
2025-04-03 02:00:00,,,,,,,1273.0,1273.0,,,0.0,,,0.0
2025-04-03 03:00:00,,,,,,,1273.0,1273.0,,,0.0,,,0.0
2025-04-03 04:00:00,,,,,,,1273.0,1273.0,,,0.0,,,0.0
2025-04-03 05:00:00,,,,,,,1273.0,1273.0,,,0.0,,,0.0
2025-04-03 06:00:00,,,,,,,1273.0,1273.0,,,0.0,,,0.0
2025-04-03 07:00:00,,,,,,,1533.0,1533.0,,,0.0,,,0.0
2025-04-03 08:00:00,,,,,,,509.0,509.0,,,0.0,,,0.0
2025-04-03 09:00:00,,,,,,,509.0,509.0,,,0.0,,,0.0
2025-04-03 10:00:00,,,,,,,509.0,509.0,,,0.0,,,0.0
2025-04-03 11:00:00,,,,,,,509.0,509.0,,,0.0,,,0.0
2025-04-03 12:00:00,,,,,,,509.0,509.0,,,0.0,,,0.0
2025-04-03 13:00:00,,,,,,,509.0,509.0,,,0.0,,,0.0
2025-04-03 14:00:00,,,,,,,509.0,509.0,,,0.0,,,0.0
2025-04-03 15:00:00,,,,,,,509.0,509.0,,,0.0,,,0.0
2025-04-03 16:00:00,,,,,,,509.0,509.0,,,0.0,,,0.0
2025-04-03 17:00:00,,,,,,,1533.0,1533.0,,,0.0,,,0.0
2025-04-03 18:00:00,,,,,,,1273.0,1273.0,,,0.0,,,0.0
2025-04-03 19:00:00,,,,,,,1529.0,1529.0,,,0.0,,,0.0
2025-04-03 20:00:00,,,,,,,1529.0,1529.0,,,0.0,,,0.0
2025-04-03 21:00:00,,,,,,,1529.0,1529.0,,,0.0,,,0.0
2025-04-03 22:00:00,,,,,,,1529.0,1529.0,,,0.0,,,0.0
2025-04-03 23:00:00,,,,,,,1273.0,1273.0,,,0.0,,,0.0
2025-04-04 00:00:00,,,,,,,1273.0,1273.0,,,0.0,,,0.0
2025-04-04 01:00:00,,,,,,,1273.0,1273.0,,,0.0,,,0.0
2025-04-04 02:00:00,,,,,,,1273.0,1273.0,,,0.0,,,0.0
2025-04-04 03:00:00,,,,,,,1273.0,1273.0,,,0.0,,,0.0
2025-04-04 04:00:00,,,,,,,1273.0,1273.0,,,0.0,,,0.0
2025-04-04 05:00:00,,,,,,,1273.0,1273.0,,,0.0,,,0.0
2025-04-04 06:00:00,,,,,,,1273.0,1273.0,,,0.0,,,0.0
2025-04-04 07:00:00,,,,,,,1533.0,1533.0,,,0.0,,,0.0
2025-04-04 08:00:00,,,,,,,509.0,509.0,,,0.0,,,0.0
2025-04-04 09:00:00,,,,,,,509.0,509.0,,,0.0,,,0.0
2025-04-04 10:00:00,,,,,,,509.0,509.0,,,0.0,,,0.0
2025-04-04 11:00:00,,,,,,,509.0,509.0,,,0.0,,,0.0
2025-04-04 12:00:00,,,,,,,509.0,509.0,,,0.0,,,0.0
2025-04-04 13:00:00,,,,,,,509.0,509.0,,,0.0,,,0.0
2025-04-04 14:00:00,,,,,,,509.0,509.0,,,0.0,,,0.0
2025-04-04 15:00:00,,,,,,,509.0,509.0,,,0.0,,,0.0
2025-04-04 16:00:00,,,,,,,509.0,509.0,,,0.0,,,0.0
2025-04-04 17:00:00,,,,,,,1533.0,1533.0,,,0.0,,,0.0
2025-04-04 18:00:00,,,,,,,1273.0,1273.0,,,0.0,,,0.0
2025-04-04 19:00:00,,,,,,,1273.0,1273.0,,,0.0,,,0.0
2025-04-04 20:00:00,,,,,,,1273.0,1273.0,,,0.0,,,0.0
2025-04-04 21:00:00,,,,,,,1273.0,1273.0,,,0.0,,,0.0
2025-04-04 22:00:00,,,,,,,1273.0,1273.0,,,0.0,,,0.0
2025-04-04 23:00:00,,,,,,,1273.0,1273.0,,,0.0,,,0.0
2025-04-05 00:00:00,,,,,,,1273.0,1273.0,,,0.0,,,0.0
2025-04-05 01:00:00,,,,,,,1273.0,1273.0,,,0.0,,,0.0
2025-04-05 02:00:00,,,,,,,1273.0,1273.0,,,0.0,,,0.0
2025-04-05 03:00:00,,,,,,,1273.0,1273.0,,,0.0,,,0.0
2025-04-05 04:00:00,,,,,,,1273.0,1273.0,,,0.0,,,0.0
2025-04-05 05:00:00,,,,,,,1273.0,1273.0,,,0.0,,,0.0
2025-04-05 06:00:00,,,,,,,1273.0,1273.0,,,0.0,,,0.0
2025-04-05 07:00:00,,,,,,,1273.0,1273.0,,,0.0,,,0.0
2025-04-05 08:00:00,,,,,,,505.0,504.0,0.5268,0.027199998,6.0,0.9556999,0.005400002,6.0
2025-04-05 09:00:00,,,,,,,505.0,504.0,0.69,0.1396,4.0,0.96389997,0.012699962,4.0
2025-04-05 10:00:00,,,,,,,509.0,509.0,0.9612,0.0,1.0,0.9821999,0.0,1.0
2025-04-05 11:00:00,,,,,,,509.0,509.0,,,0.0,,,0.0
2025-04-05 12:00:00,,,,,,,509.0,509.0,,,0.0,,,0.0
2025-04-05 13:00:00,,,,,,,505.0,505.0,,,0.0,,,0.0
2025-04-05 14:00:00,,,,,,,505.0,505.0,,,0.0,,,0.0
2025-04-05 15:00:00,,,,,,,249.0,249.0,,,0.0,,,0.0
2025-04-05 16:00:00,,,,,,,509.0,509.0,,,0.0,,,0.0
2025-04-05 17:00:00,,,,,,,1529.0,1529.0,,,0.0,,,0.0
2025-04-05 18:00:00,,,,,,,1533.0,1533.0,,,0.0,,,0.0
2025-04-05 19:00:00,,,,,,,1273.0,1273.0,,,0.0,,,0.0
2025-04-05 20:00:00,,,,,,,1533.0,1533.0,,,0.0,,,0.0
2025-04-05 21:00:00,,,,,,,1533.0,1533.0,,,0.0,,,0.0
2025-04-05 22:00:00,,,,,,,1273.0,1273.0,,,0.0,,,0.0
2025-04-05 23:00:00,,,,,,,1529.0,1529.0,,,0.0,,,0.0
2025-04-06 00:00:00,,,,,,,1533.0,1533.0,,,0.0,,,0.0
2025-04-06 01:00:00,,,,,,,1533.0,1533.0,,,0.0,,,0.0
2025-04-06 02:00:00,,,,,,,1529.0,1529.0,,,0.0,,,0.0
2025-04-06 03:00:00,,,,,,,1533.0,1533.0,,,0.0,,,0.0
2025-04-06 04:00:00,,,,,,,1529.0,1529.0,,,0.0,,,0.0
2025-04-06 05:00:00,,,,,,,1533.0,1533.0,,,0.0,,,0.0
2025-04-06 06:00:00,,,,,,,1533.0,1533.0,,,0.0,,,0.0
2025-04-06 07:00:00,,,,,,,1533.0,1533.0,,,0.0,,,0.0
2025-04-06 08:00:00,,,,,,,509.0,509.0,,,0.0,,,0.0
2025-04-06 09:00:00,,,,,,,509.0,509.0,,,0.0,,,0.0
2025-04-06 10:00:00,,,,,,,509.0,509.0,,,0.0,,,0.0
2025-04-06 11:00:00,,,,,,,509.0,509.0,,,0.0,,,0.0
2025-04-06 12:00:00,,,,,,,509.0,509.0,0.5466,0.0422,2.0,1.1407,0.004400015,2.0
2025-04-06 13:00:00,,,,,,,509.0,509.0,,,0.0,,,0.0
2025-04-06 14:00:00,,,,,,,509.0,509.0,,,0.0,,,0.0
2025-04-06 15:00:00,,,,,,,509.0,509.0,,,0.0,,,0.0
2025-04-06 16:00:00,,,,,,,509.0,509.0,,,0.0,,,0.0
2025-04-06 17:00:00,,,,,,,1533.0,1533.0,,,0.0,,,0.0
2025-04-06 18:00:00,,,,,,,1533.0,1533.0,,,0.0,,,0.0
2025-04-06 19:00:00,,,,,,,1533.0,1533.0,,,0.0,,,0.0
2025-04-06 20:00:00,,,,,,,1529.0,1529.0,,,0.0,,,0.0
2025-04-06 21:00:00,,,,,,,1533.0,1533.0,,,0.0,,,0.0
2025-04-06 22:00:00,,,,,,,1533.0,1533.0,,,0.0,,,0.0
2025-04-06 23:00:00,,,,,,,1273.0,1273.0,,,0.0,,,0.0
2025-04-07 00:00:00,,,,,,,1529.0,1529.0,,,0.0,,,0.0
2025-04-07 01:00:00,,,,,,,1533.0,1533.0,,,0.0,,,0.0
2025-04-07 02:00:00,,,,,,,1273.0,1273.0,,,0.0,,,0.0
2025-04-07 03:00:00,,,,,,,1273.0,1273.0,,,0.0,,,0.0
2025-04-07 04:00:00,,,,,,,1529.0,1529.0,,,0.0,,,0.0
2025-04-07 05:00:00,,,,,,,1273.0,1273.0,,,0.0,,,0.0
2025-04-07 06:00:00,,,,,,,1533.0,1533.0,,,0.0,,,0.0
2025-04-07 07:00:00,,,,,,,1533.0,1533.0,,,0.0,,,0.0
2025-04-07 08:00:00,,,,,,,509.0,509.0,,,0.0,,,0.0
2025-04-07 09:00:00,,,,,,,509.0,509.0,,,0.0,,,0.0
2025-04-07 10:00:00,,,,,,,2553.0,2552.0,0.4632,0.2056,6.0,1.1064,0.035399973,6.0
2025-04-07 11:00:00,,,,,,,509.0,509.0,0.0008,0.0,2.0,1.1941999,0.0022999644,2.0
2025-04-07 12:00:00,,,,,,,505.0,505.0,0.6724,0.0004,2.0,1.0611999,0.0,2.0
2025-04-07 13:00:00,,,,,,,505.0,505.0,,,0.0,,,0.0
2025-04-07 14:00:00,,,,,,,509.0,509.0,,,0.0,,,0.0
2025-04-07 15:00:00,,,,,,,249.0,249.0,,,0.0,,,0.0
2025-04-07 16:00:00,,,,,,,249.0,248.0,0.6788,0.0,1.0,1.117,0.0,1.0
2025-04-07 17:00:00,,,,,,,1533.0,1533.0,0.59459996,0.0682,3.0,1.1367999,0.0076999664,3.0
2025-04-07 18:00:00,,,,,,,1529.0,1529.0,,,0.0,,,0.0
2025-04-07 19:00:00,,,,,,,1533.0,1533.0,,,0.0,,,0.0
2025-04-07 20:00:00,,,,,,,1533.0,1533.0,,,0.0,,,0.0
2025-04-07 21:00:00,,,,,,,1529.0,1529.0,,,0.0,,,0.0
2025-04-07 22:00:00,,,,,,,1533.0,1533.0,,,0.0,,,0.0
2025-04-07 23:00:00,,,,,,,1273.0,1273.0,,,0.0,,,0.0
2025-04-08 00:00:00,,,,,,,1533.0,1533.0,,,0.0,,,0.0
2025-04-08 01:00:00,,,,,,,1533.0,1533.0,,,0.0,,,0.0
2025-04-08 02:00:00,,,,,,,1533.0,1533.0,,,0.0,,,0.0
2025-04-08 03:00:00,,,,,,,1533.0,1533.0,,,0.0,,,0.0
2025-04-08 04:00:00,,,,,,,1529.0,1529.0,,,0.0,,,0.0
2025-04-08 05:00:00,,,,,,,1533.0,1533.0,,,0.0,,,0.0
2025-04-08 06:00:00,,,,,,,1533.0,1533.0,,,0.0,,,0.0
2025-04-08 07:00:00,,,,,,,1533.0,1533.0,,,0.0,,,0.0
2025-04-08 08:00:00,,,,,,,509.0,509.0,0.8858,0.0,1.0,1.0716,0.0,1.0
2025-04-08 09:00:00,,,,,,,509.0,509.0,,,0.0,,,0.0
2025-04-08 10:00:00,,,,,,,509.0,509.0,,,0.0,,,0.0
2025-04-08 11:00:00,,,,,,,509.0,509.0,,,0.0,,,0.0
2025-04-08 12:00:00,,,,,,,509.0,509.0,,,0.0,,,0.0
2025-04-08 13:00:00,,,,,,,509.0,509.0,,,0.0,,,0.0
2025-04-08 14:00:00,,,,,,,505.0,505.0,,,0.0,,,0.0
2025-04-08 15:00:00,,,,,,,505.0,505.0,,,0.0,,,0.0
2025-04-08 16:00:00,,,,,,,505.0,504.0,0.4068,0.0,1.0,1.2262,0.0,1.0
2025-04-08 17:00:00,,,,,,,1533.0,1533.0,0.4314,0.028199999,2.0,1.2274,0.03189999,2.0
2025-04-08 18:00:00,,,,,,,1529.0,1529.0,,,0.0,,,0.0
2025-04-08 19:00:00,,,,,,,1533.0,1533.0,,,0.0,,,0.0
2025-04-08 20:00:00,,,,,,,1533.0,1533.0,,,0.0,,,0.0
2025-04-08 21:00:00,,,,,,,1533.0,1533.0,,,0.0,,,0.0
2025-04-08 22:00:00,,,,,,,1533.0,1533.0,,,0.0,,,0.0
2025-04-08 23:00:00,,,,,,,1533.0,1533.0,,,0.0,,,0.0
2025-04-09 00:00:00,,,,,,,1273.0,1273.0,,,0.0,,,0.0
2025-04-09 01:00:00,,,,,,,1529.0,1529.0,,,0.0,,,0.0
2025-04-09 02:00:00,,,,,,,1273.0,1273.0,,,0.0,,,0.0
2025-04-09 03:00:00,,,,,,,1273.0,1273.0,,,0.0,,,0.0
2025-04-09 04:00:00,,,,,,,1273.0,1273.0,,,0.0,,,0.0
2025-04-09 05:00:00,,,,,,,1273.0,1273.0,,,0.0,,,0.0
2025-04-09 06:00:00,,,,,,,1533.0,1533.0,,,0.0,,,0.0
2025-04-09 07:00:00,,,,,,,1533.0,1533.0,,,0.0,,,0.0
2025-04-09 08:00:00,,,,,,,509.0,509.0,,,0.0,,,0.0
2025-04-09 09:00:00,,,,,,,509.0,509.0,,,0.0,,,0.0
2025-04-09 10:00:00,,,,,,,509.0,509.0,,,0.0,,,0.0
2025-04-09 11:00:00,,,,,,,509.0,509.0,,,0.0,,,0.0
2025-04-09 12:00:00,,,,,,,509.0,509.0,,,0.0,,,0.0
2025-04-09 13:00:00,,,,,,,249.0,249.0,,,0.0,,,0.0
2025-04-09 14:00:00,,,,,,,249.0,249.0,,,0.0,,,0.0
2025-04-09 15:00:00,,,,,,,505.0,505.0,,,0.0,,,0.0
2025-04-09 16:00:00,,,,,,,509.0,509.0,,,0.0,,,0.0
2025-04-09 17:00:00,,,,,,,1533.0,1533.0,,,0.0,,,0.0
2025-04-09 18:00:00,,,,,,,1533.0,1533.0,,,0.0,,,0.0
2025-04-09 19:00:00,,,,,,,1533.0,1533.0,,,0.0,,,0.0
2025-04-09 20:00:00,,,,,,,1533.0,1533.0,,,0.0,,,0.0
2025-04-09 21:00:00,,,,,,,1533.0,1533.0,,,0.0,,,0.0
2025-04-09 22:00:00,,,,,,,1533.0,1533.0,,,0.0,,,0.0
2025-04-09 23:00:00,,,,,,,1533.0,1533.0,,,0.0,,,0.0
2025-04-10 00:00:00,,,,,,,1533.0,1533.0,,,0.0,,,0.0
2025-04-10 01:00:00,,,,,,,1533.0,1533.0,,,0.0,,,0.0
2025-04-10 02:00:00,,,,,,,1533.0,1533.0,,,0.0,,,0.0
2025-04-10 03:00:00,,,,,,,1533.0,1533.0,,,0.0,,,0.0
2025-04-10 04:00:00,,,,,,,1533.0,1533.0,,,0.0,,,0.0
2025-04-10 05:00:00,,,,,,,1533.0,1533.0,,,0.0,,,0.0
2025-04-10 06:00:00,,,,,,,1533.0,1533.0,,,0.0,,,0.0
2025-04-10 07:00:00,,,,,,,509.0,509.0,,,0.0,,,0.0
2025-04-10 08:00:00,,,,,,,509.0,509.0,,,0.0,,,0.0
2025-04-10 09:00:00,,,,,,,509.0,509.0,,,0.0,,,0.0
2025-04-10 10:00:00,,,,,,,509.0,509.0,,,0.0,,,0.0
2025-04-10 11:00:00,,,,,,,509.0,509.0,,,0.0,,,0.0
2025-04-10 12:00:00,,,,,,,509.0,509.0,,,0.0,,,0.0
2025-04-10 13:00:00,,,,,,,509.0,509.0,,,0.0,,,0.0
2025-04-10 14:00:00,,,,,,,509.0,509.0,,,0.0,,,0.0
2025-04-10 15:00:00,,,,,,,509.0,509.0,,,0.0,,,0.0
2025-04-10 16:00:00,,,,,,,509.0,509.0,,,0.0,,,0.0
2025-04-10 17:00:00,,,,,,,1533.0,1533.0,,,0.0,,,0.0
2025-04-10 18:00:00,,,,,,,1533.0,1533.0,,,0.0,,,0.0
2025-04-10 19:00:00,,,,,,,1529.0,1529.0,,,0.0,,,0.0
2025-04-10 20:00:00,,,,,,,1533.0,1533.0,,,0.0,,,0.0
2025-04-10 21:00:00,,,,,,,1529.0,1529.0,,,0.0,,,0.0
2025-04-10 22:00:00,,,,,,,1273.0,1273.0,,,0.0,,,0.0
2025-04-10 23:00:00,,,,,,,1273.0,1273.0,,,0.0,,,0.0
2025-04-11 00:00:00,,,,,,,1533.0,1533.0,,,0.0,,,0.0
2025-04-11 01:00:00,,,,,,,1533.0,1533.0,,,0.0,,,0.0
2025-04-11 02:00:00,,,,,,,1533.0,1533.0,,,0.0,,,0.0
2025-04-11 03:00:00,,,,,,,1273.0,1273.0,,,0.0,,,0.0
2025-04-11 04:00:00,,,,,,,1529.0,1529.0,,,0.0,,,0.0
2025-04-11 05:00:00,,,,,,,1533.0,1533.0,,,0.0,,,0.0
2025-04-11 06:00:00,,,,,,,1533.0,1533.0,,,0.0,,,0.0
2025-04-11 07:00:00,,,,,,,2553.0,2552.0,0.7108,0.0,1.0,1.1452,0.0,1.0
2025-04-11 08:00:00,,,,,,,509.0,509.0,0.43379998,0.0,1.0,1.1594,0.0,1.0
2025-04-11 09:00:00,,,,,,,509.0,509.0,,,0.0,,,0.0
2025-04-11 10:00:00,,,,,,,509.0,509.0,,,0.0,,,0.0
2025-04-11 11:00:00,,,,,,,509.0,509.0,,,0.0,,,0.0
2025-04-11 12:00:00,,,,,,,509.0,509.0,,,0.0,,,0.0
2025-04-11 13:00:00,,,,,,,509.0,509.0,,,0.0,,,0.0
2025-04-11 14:00:00,,,,,,,509.0,509.0,,,0.0,,,0.0
2025-04-11 15:00:00,,,,,,,509.0,509.0,,,0.0,,,0.0
2025-04-11 16:00:00,,,,,,,509.0,509.0,,,0.0,,,0.0
2025-04-11 17:00:00,,,,,,,1533.0,1533.0,0.085,0.0,1.0,1.0566,0.0,1.0
2025-04-11 18:00:00,,,,,,,1533.0,1533.0,,,0.0,,,0.0
2025-04-11 19:00:00,,,,,,,1533.0,1533.0,,,0.0,,,0.0
2025-04-11 20:00:00,,,,,,,1533.0,1533.0,,,0.0,,,0.0
2025-04-11 21:00:00,,,,,,,1533.0,1533.0,,,0.0,,,0.0
2025-04-11 22:00:00,,,,,,,1533.0,1533.0,,,0.0,,,0.0
2025-04-11 23:00:00,,,,,,,1529.0,1529.0,,,0.0,,,0.0
2025-04-12 00:00:00,,,,,,,1273.0,1273.0,,,0.0,,,0.0
2025-04-12 01:00:00,,,,,,,1533.0,1533.0,,,0.0,,,0.0
2025-04-12 02:00:00,,,,,,,1533.0,1533.0,,,0.0,,,0.0
2025-04-12 03:00:00,,,,,,,1533.0,1533.0,,,0.0,,,0.0
2025-04-12 04:00:00,,,,,,,1529.0,1529.0,,,0.0,,,0.0
2025-04-12 05:00:00,,,,,,,1533.0,1533.0,,,0.0,,,0.0
2025-04-12 06:00:00,,,,,,,1533.0,1533.0,,,0.0,,,0.0
2025-04-12 07:00:00,,,,,,,505.0,504.0,0.8046,0.0,1.0,1.0745,0.0,1.0
2025-04-12 08:00:00,,,,,,,509.0,509.0,0.8172,0.0,1.0,1.074,0.0,1.0
2025-04-12 09:00:00,,,,,,,509.0,509.0,,,0.0,,,0.0
2025-04-12 10:00:00,,,,,,,505.0,505.0,,,0.0,,,0.0
2025-04-12 11:00:00,,,,,,,509.0,509.0,,,0.0,,,0.0
2025-04-12 12:00:00,,,,,,,509.0,509.0,0.5004,0.0,1.0,1.1057999,0.0,1.0
2025-04-12 13:00:00,,,,,,,509.0,509.0,,,0.0,,,0.0
2025-04-12 14:00:00,,,,,,,505.0,505.0,,,0.0,,,0.0
2025-04-12 15:00:00,,,,,,,249.0,249.0,,,0.0,,,0.0
2025-04-12 16:00:00,,,,,,,509.0,509.0,,,0.0,,,0.0
2025-04-12 17:00:00,,,,,,,1533.0,1533.0,,,0.0,,,0.0
2025-04-12 18:00:00,,,,,,,1533.0,1533.0,,,0.0,,,0.0
2025-04-12 19:00:00,,,,,,,1533.0,1533.0,,,0.0,,,0.0
2025-04-12 20:00:00,,,,,,,1533.0,1533.0,,,0.0,,,0.0
2025-04-12 21:00:00,,,,,,,1529.0,1529.0,,,0.0,,,0.0
2025-04-12 22:00:00,,,,,,,1529.0,1529.0,,,0.0,,,0.0
2025-04-12 23:00:00,,,,,,,1533.0,1533.0,,,0.0,,,0.0
2025-04-13 00:00:00,,,,,,,1533.0,1533.0,,,0.0,,,0.0
2025-04-13 01:00:00,,,,,,,1529.0,1529.0,,,0.0,,,0.0
2025-04-13 02:00:00,,,,,,,1533.0,1533.0,,,0.0,,,0.0
2025-04-13 03:00:00,,,,,,,1529.0,1529.0,,,0.0,,,0.0
2025-04-13 04:00:00,,,,,,,1533.0,1533.0,,,0.0,,,0.0
2025-04-13 05:00:00,,,,,,,1533.0,1533.0,,,0.0,,,0.0
2025-04-13 06:00:00,,,,,,,1533.0,1533.0,,,0.0,,,0.0
2025-04-13 07:00:00,,,,,,,509.0,509.0,,,0.0,,,0.0
2025-04-13 08:00:00,,,,,,,509.0,509.0,,,0.0,,,0.0
2025-04-13 09:00:00,,,,,,,509.0,509.0,,,0.0,,,0.0
2025-04-13 10:00:00,,,,,,,509.0,509.0,,,0.0,,,0.0
2025-04-13 11:00:00,,,,,,,509.0,509.0,,,0.0,,,0.0
2025-04-13 12:00:00,,,,,,,509.0,509.0,,,0.0,,,0.0
2025-04-13 13:00:00,,,,,,,509.0,509.0,,,0.0,,,0.0
2025-04-13 14:00:00,,,,,,,509.0,509.0,,,0.0,,,0.0
2025-04-13 15:00:00,,,,,,,509.0,509.0,,,0.0,,,0.0
2025-04-13 16:00:00,,,,,,,509.0,509.0,,,0.0,,,0.0
2025-04-13 17:00:00,,,,,,,1533.0,1533.0,,,0.0,,,0.0
2025-04-13 18:00:00,,,,,,,1533.0,1533.0,,,0.0,,,0.0
2025-04-13 19:00:00,,,,,,,1533.0,1533.0,,,0.0,,,0.0
2025-04-13 20:00:00,,,,,,,1533.0,1533.0,,,0.0,,,0.0
2025-04-13 21:00:00,,,,,,,1533.0,1533.0,,,0.0,,,0.0
2025-04-13 22:00:00,,,,,,,1529.0,1529.0,,,0.0,,,0.0
2025-04-13 23:00:00,,,,,,,1529.0,1529.0,,,0.0,,,0.0
2025-04-14 00:00:00,,,,,,,1533.0,1533.0,,,0.0,,,0.0
2025-04-14 01:00:00,,,,,,,1533.0,1533.0,,,0.0,,,0.0
2025-04-14 02:00:00,,,,,,,1533.0,1533.0,,,0.0,,,0.0
2025-04-14 03:00:00,,,,,,,1533.0,1533.0,,,0.0,,,0.0
2025-04-14 04:00:00,,,,,,,1273.0,1273.0,,,0.0,,,0.0
2025-04-14 05:00:00,,,,,,,1529.0,1529.0,,,0.0,,,0.0
2025-04-14 06:00:00,,,,,,,1533.0,1533.0,,,0.0,,,0.0
2025-04-14 07:00:00,,,,,,,509.0,509.0,,,0.0,,,0.0
2025-04-14 08:00:00,,,,,,,509.0,509.0,,,0.0,,,0.0
2025-04-14 09:00:00,,,,,,,509.0,509.0,,,0.0,,,0.0
2025-04-14 10:00:00,,,,,,,509.0,509.0,,,0.0,,,0.0
2025-04-14 11:00:00,,,,,,,509.0,509.0,,,0.0,,,0.0
2025-04-14 12:00:00,,,,,,,509.0,509.0,,,0.0,,,0.0
2025-04-14 13:00:00,,,,,,,509.0,509.0,,,0.0,,,0.0
2025-04-14 14:00:00,,,,,,,509.0,509.0,,,0.0,,,0.0
2025-04-14 15:00:00,,,,,,,509.0,509.0,,,0.0,,,0.0
2025-04-14 16:00:00,,,,,,,509.0,509.0,,,0.0,,,0.0
2025-04-14 17:00:00,,,,,,,1533.0,1533.0,,,0.0,,,0.0
2025-04-14 18:00:00,,,,,,,1533.0,1533.0,,,0.0,,,0.0
2025-04-14 19:00:00,,,,,,,1529.0,1529.0,,,0.0,,,0.0
2025-04-14 20:00:00,,,,,,,1533.0,1533.0,,,0.0,,,0.0
2025-04-14 21:00:00,,,,,,,1533.0,1533.0,,,0.0,,,0.0
2025-04-14 22:00:00,,,,,,,1533.0,1533.0,,,0.0,,,0.0
2025-04-14 23:00:00,,,,,,,1533.0,1533.0,,,0.0,,,0.0
2025-04-15 00:00:00,,,,,,,1533.0,1533.0,,,0.0,,,0.0
2025-04-15 01:00:00,,,,,,,1533.0,1533.0,,,0.0,,,0.0
2025-04-15 02:00:00,,,,,,,1533.0,1533.0,,,0.0,,,0.0
2025-04-15 03:00:00,,,,,,,1533.0,1533.0,,,0.0,,,0.0
2025-04-15 04:00:00,,,,,,,1533.0,1533.0,,,0.0,,,0.0
2025-04-15 05:00:00,,,,,,,1533.0,1533.0,,,0.0,,,0.0
2025-04-15 06:00:00,,,,,,,1533.0,1533.0,,,0.0,,,0.0
2025-04-15 07:00:00,,,,,,,509.0,509.0,,,0.0,,,0.0
2025-04-15 08:00:00,,,,,,,509.0,509.0,,,0.0,,,0.0
2025-04-15 09:00:00,,,,,,,2553.0,2552.0,0.6188,0.0,1.0,0.7442,0.0,1.0
2025-04-15 10:00:00,,,,,,,509.0,509.0,,,0.0,,,0.0
2025-04-15 11:00:00,,,,,,,509.0,509.0,1.1904,0.0,1.0,0.6797999,0.0,1.0
2025-04-15 12:00:00,,,,,,,505.0,505.0,0.6102,0.0,1.0,0.7643,0.0,1.0
2025-04-15 13:00:00,,,,,,,509.0,509.0,,,0.0,,,0.0
2025-04-15 14:00:00,,,,,,,509.0,509.0,,,0.0,,,0.0
2025-04-15 15:00:00,,,,,,,509.0,509.0,,,0.0,,,0.0
2025-04-15 16:00:00,,,,,,,505.0,504.0,0.8154,0.0,1.0,0.6201,0.0,1.0
2025-04-15 17:00:00,,,,,,,1533.0,1533.0,,,0.0,,,0.0
2025-04-15 18:00:00,,,,,,,1533.0,1533.0,,,0.0,,,0.0
2025-04-15 19:00:00,,,,,,,1529.0,1529.0,,,0.0,,,0.0
2025-04-15 20:00:00,,,,,,,1533.0,1533.0,,,0.0,,,0.0
2025-04-15 21:00:00,,,,,,,1533.0,1533.0,,,0.0,,,0.0
2025-04-15 22:00:00,,,,,,,1533.0,1533.0,,,0.0,,,0.0
2025-04-15 23:00:00,,,,,,,1533.0,1533.0,,,0.0,,,0.0
2025-04-16 00:00:00,,,,,,,1533.0,1533.0,,,0.0,,,0.0
2025-04-16 01:00:00,,,,,,,1529.0,1529.0,,,0.0,,,0.0
2025-04-16 02:00:00,,,,,,,1273.0,1273.0,,,0.0,,,0.0
2025-04-16 03:00:00,,,,,,,1273.0,1273.0,,,0.0,,,0.0
2025-04-16 04:00:00,,,,,,,1533.0,1533.0,,,0.0,,,0.0
2025-04-16 05:00:00,,,,,,,1529.0,1529.0,,,0.0,,,0.0
2025-04-16 06:00:00,,,,,,,1533.0,1533.0,,,0.0,,,0.0
2025-04-16 07:00:00,,,,,,,505.0,504.0,0.5934,0.0,1.0,0.8873,0.0,1.0
2025-04-16 08:00:00,,,,,,,509.0,509.0,0.81799996,0.13499999,3.0,0.84369993,0.022599995,3.0
2025-04-16 09:00:00,,,,,,,509.0,509.0,0.7596,0.0,1.0,0.8448,0.0,1.0
2025-04-16 10:00:00,,,,,,,2553.0,2552.0,0.235,0.0,1.0,0.9051,0.0,1.0
2025-04-16 11:00:00,,,,,,,509.0,509.0,0.3718,0.0,1.0,0.8988999,0.0,1.0
2025-04-16 12:00:00,,,,,,,505.0,505.0,,,0.0,,,0.0
2025-04-16 13:00:00,,,,,,,509.0,509.0,,,0.0,,,0.0
2025-04-16 14:00:00,,,,,,,509.0,509.0,,,0.0,,,0.0
2025-04-16 15:00:00,,,,,,,509.0,509.0,,,0.0,,,0.0
2025-04-16 16:00:00,,,,,,,509.0,509.0,,,0.0,,,0.0
2025-04-16 17:00:00,,,,,,,1533.0,1533.0,0.7676,0.0,1.0,0.7387999,0.0,1.0
2025-04-16 18:00:00,,,,,,,1533.0,1533.0,,,0.0,,,0.0
2025-04-16 19:00:00,,,,,,,1533.0,1533.0,,,0.0,,,0.0
2025-04-16 20:00:00,,,,,,,1533.0,1533.0,,,0.0,,,0.0
2025-04-16 21:00:00,,,,,,,1529.0,1529.0,,,0.0,,,0.0
2025-04-16 22:00:00,,,,,,,1529.0,1529.0,,,0.0,,,0.0
2025-04-16 23:00:00,,,,,,,1533.0,1533.0,,,0.0,,,0.0
2025-04-17 00:00:00,,,,,,,1533.0,1533.0,,,0.0,,,0.0
2025-04-17 01:00:00,,,,,,,1533.0,1533.0,,,0.0,,,0.0
2025-04-17 02:00:00,,,,,,,1533.0,1533.0,,,0.0,,,0.0
2025-04-17 03:00:00,,,,,,,1533.0,1533.0,,,0.0,,,0.0
2025-04-17 04:00:00,,,,,,,1533.0,1533.0,,,0.0,,,0.0
2025-04-17 05:00:00,,,,,,,1529.0,1529.0,,,0.0,,,0.0
2025-04-17 06:00:00,,,,,,,1533.0,1533.0,,,0.0,,,0.0
2025-04-17 07:00:00,,,,,,,509.0,509.0,,,0.0,,,0.0
2025-04-17 08:00:00,,,,,,,509.0,509.0,,,0.0,,,0.0
2025-04-17 09:00:00,,,,,,,509.0,509.0,0.475,0.0,1.0,0.9520999,0.0,1.0
2025-04-17 10:00:00,,,,,,,509.0,509.0,,,0.0,,,0.0
2025-04-17 11:00:00,,,,,,,509.0,509.0,,,0.0,,,0.0
2025-04-17 12:00:00,,,,,,,509.0,509.0,,,0.0,,,0.0
2025-04-17 13:00:00,,,,,,,509.0,509.0,,,0.0,,,0.0
2025-04-17 14:00:00,,,,,,,505.0,505.0,,,0.0,,,0.0
2025-04-17 15:00:00,,,,,,,509.0,509.0,,,0.0,,,0.0
2025-04-17 16:00:00,,,,,,,509.0,509.0,,,0.0,,,0.0
2025-04-17 17:00:00,,,,,,,1533.0,1533.0,,,0.0,,,0.0
2025-04-17 18:00:00,,,,,,,1533.0,1533.0,,,0.0,,,0.0
2025-04-17 19:00:00,,,,,,,1533.0,1533.0,,,0.0,,,0.0
2025-04-17 20:00:00,,,,,,,1533.0,1533.0,,,0.0,,,0.0
2025-04-17 21:00:00,,,,,,,1533.0,1533.0,,,0.0,,,0.0
2025-04-17 22:00:00,,,,,,,1533.0,1533.0,,,0.0,,,0.0
2025-04-17 23:00:00,,,,,,,1533.0,1533.0,,,0.0,,,0.0
2025-04-18 00:00:00,,,,,,,1533.0,1533.0,,,0.0,,,0.0
2025-04-18 01:00:00,,,,,,,1533.0,1533.0,,,0.0,,,0.0
2025-04-18 02:00:00,,,,,,,1273.0,1273.0,,,0.0,,,0.0
2025-04-18 03:00:00,,,,,,,1273.0,1273.0,,,0.0,,,0.0
2025-04-18 04:00:00,,,,,,,1273.0,1273.0,,,0.0,,,0.0
2025-04-18 05:00:00,,,,,,,1273.0,1273.0,,,0.0,,,0.0
2025-04-18 06:00:00,,,,,,,1533.0,1533.0,,,0.0,,,0.0
2025-04-18 07:00:00,,,,,,,509.0,509.0,,,0.0,,,0.0
2025-04-18 08:00:00,,,,,,,249.0,248.0,0.35279998,0.12619999,4.0,1.0625,0.0123000145,4.0
2025-04-18 09:00:00,,,,,,,509.0,509.0,0.2586,0.019,2.0,1.0541999,0.00040000677,2.0
2025-04-18 10:00:00,,,,,,,509.0,509.0,,,0.0,,,0.0
2025-04-18 11:00:00,,,,,,,509.0,509.0,,,0.0,,,0.0
2025-04-18 12:00:00,,,,,,,509.0,509.0,,,0.0,,,0.0
2025-04-18 13:00:00,,,,,,,509.0,509.0,,,0.0,,,0.0
2025-04-18 14:00:00,,,,,,,505.0,505.0,,,0.0,,,0.0
2025-04-18 15:00:00,,,,,,,509.0,509.0,,,0.0,,,0.0
2025-04-18 16:00:00,,,,,,,509.0,509.0,,,0.0,,,0.0
2025-04-18 17:00:00,,,,,,,1533.0,1533.0,,,0.0,,,0.0
2025-04-18 18:00:00,,,,,,,1533.0,1533.0,,,0.0,,,0.0
2025-04-18 19:00:00,,,,,,,1533.0,1533.0,,,0.0,,,0.0
2025-04-18 20:00:00,,,,,,,1533.0,1533.0,,,0.0,,,0.0
2025-04-18 21:00:00,,,,,,,1533.0,1533.0,,,0.0,,,0.0
2025-04-18 22:00:00,,,,,,,1529.0,1529.0,,,0.0,,,0.0
2025-04-18 23:00:00,,,,,,,1533.0,1533.0,,,0.0,,,0.0
2025-04-19 00:00:00,,,,,,,1533.0,1533.0,,,0.0,,,0.0
2025-04-19 01:00:00,,,,,,,1533.0,1533.0,,,0.0,,,0.0
2025-04-19 02:00:00,,,,,,,1533.0,1533.0,,,0.0,,,0.0
2025-04-19 03:00:00,,,,,,,1533.0,1533.0,,,0.0,,,0.0
2025-04-19 04:00:00,,,,,,,1533.0,1533.0,,,0.0,,,0.0
2025-04-19 05:00:00,,,,,,,1273.0,1273.0,,,0.0,,,0.0
2025-04-19 06:00:00,,,,,,,1529.0,1529.0,,,0.0,,,0.0
2025-04-19 07:00:00,,,,,,,509.0,509.0,,,0.0,,,0.0
2025-04-19 08:00:00,,,,,,,509.0,509.0,,,0.0,,,0.0
2025-04-19 09:00:00,,,,,,,509.0,509.0,,,0.0,,,0.0
2025-04-19 10:00:00,,,,,,,509.0,509.0,,,0.0,,,0.0
2025-04-19 11:00:00,,,,,,,509.0,509.0,,,0.0,,,0.0
2025-04-19 12:00:00,,,,,,,509.0,509.0,,,0.0,,,0.0
2025-04-19 13:00:00,,,,,,,509.0,509.0,,,0.0,,,0.0
2025-04-19 14:00:00,,,,,,,505.0,504.0,1.1352,0.0,1.0,0.02520001,0.0,1.0
2025-04-19 15:00:00,,,,,,,249.0,248.0,0.8678,0.0,1.0,0.7228,0.0,1.0
2025-04-19 16:00:00,,,,,,,505.0,505.0,0.617,0.1222,3.0,0.7818999,0.05739999,3.0
2025-04-19 17:00:00,,,,,,,1533.0,1533.0,,,0.0,,,0.0
2025-04-19 18:00:00,,,,,,,1533.0,1533.0,,,0.0,,,0.0
2025-04-19 19:00:00,,,,,,,1529.0,1529.0,,,0.0,,,0.0
2025-04-19 20:00:00,,,,,,,1533.0,1533.0,,,0.0,,,0.0
2025-04-19 21:00:00,,,,,,,1533.0,1533.0,,,0.0,,,0.0
2025-04-19 22:00:00,,,,,,,1533.0,1533.0,,,0.0,,,0.0
2025-04-19 23:00:00,,,,,,,1533.0,1533.0,,,0.0,,,0.0
2025-04-20 00:00:00,,,,,,,1533.0,1533.0,,,0.0,,,0.0
2025-04-20 01:00:00,,,,,,,1533.0,1533.0,,,0.0,,,0.0
2025-04-20 02:00:00,,,,,,,1529.0,1529.0,,,0.0,,,0.0
2025-04-20 03:00:00,,,,,,,1529.0,1529.0,,,0.0,,,0.0
2025-04-20 04:00:00,,,,,,,1533.0,1533.0,,,0.0,,,0.0
2025-04-20 05:00:00,,,,,,,1533.0,1533.0,,,0.0,,,0.0
2025-04-20 06:00:00,,,,,,,1533.0,1533.0,,,0.0,,,0.0
2025-04-20 07:00:00,,,,,,,509.0,509.0,,,0.0,,,0.0
2025-04-20 08:00:00,,,,,,,509.0,509.0,,,0.0,,,0.0
2025-04-20 09:00:00,,,,,,,509.0,509.0,0.121,0.0,1.0,1.1112,0.0,1.0
2025-04-20 10:00:00,,,,,,,509.0,509.0,0.0053999997,0.0033999998,3.0,1.1243,0.0,3.0
2025-04-20 11:00:00,,,,,,,509.0,509.0,,,0.0,,,0.0
2025-04-20 12:00:00,,,,,,,509.0,509.0,,,0.0,,,0.0
2025-04-20 13:00:00,,,,,,,509.0,509.0,,,0.0,,,0.0
2025-04-20 14:00:00,,,,,,,505.0,504.0,1.3406,0.0,1.0,0.037,0.0,1.0
2025-04-20 15:00:00,,,,,,,249.0,248.0,1.2382,0.0692,4.0,0.21819997,0.2295,4.0
2025-04-20 16:00:00,,,,,,,249.0,248.0,0.7046,0.264,5.0,0.7851,0.15609998,5.0
2025-04-20 17:00:00,,,,,,,1529.0,1529.0,0.2386,0.0,1.0,1.0094999,0.0,1.0
2025-04-20 18:00:00,,,,,,,1533.0,1533.0,,,0.0,,,0.0
2025-04-20 19:00:00,,,,,,,1533.0,1533.0,,,0.0,,,0.0
2025-04-20 20:00:00,,,,,,,1533.0,1533.0,,,0.0,,,0.0
2025-04-20 21:00:00,,,,,,,1533.0,1533.0,,,0.0,,,0.0
2025-04-20 22:00:00,,,,,,,1533.0,1533.0,,,0.0,,,0.0
2025-04-20 23:00:00,,,,,,,1529.0,1529.0,,,0.0,,,0.0
2025-04-21 00:00:00,,,,,,,1273.0,1273.0,,,0.0,,,0.0
2025-04-21 01:00:00,,,,,,,1273.0,1273.0,,,0.0,,,0.0
2025-04-21 02:00:00,,,,,,,1273.0,1273.0,,,0.0,,,0.0
2025-04-21 03:00:00,,,,,,,1533.0,1533.0,,,0.0,,,0.0
2025-04-21 04:00:00,,,,,,,1529.0,1529.0,,,0.0,,,0.0
2025-04-21 05:00:00,,,,,,,1273.0,1273.0,,,0.0,,,0.0
2025-04-21 06:00:00,,,,,,,1533.0,1533.0,,,0.0,,,0.0
2025-04-21 07:00:00,,,,,,,2297.0,2296.0,0.0266,0.0,1.0,1.115,0.0,1.0
2025-04-21 08:00:00,0.19039999,,,,,,453.0,509.0,0.024799999,0.0037999998,2.0,1.1150999,0.0,2.0
2025-04-21 09:00:00,,,,,,,509.0,509.0,,,0.0,,,0.0
2025-04-21 10:00:00,,,,,,,509.0,509.0,0.060399998,0.0,1.0,1.1437999,0.0,1.0
2025-04-21 11:00:00,,,,,,,509.0,509.0,,,0.0,,,0.0
2025-04-21 12:00:00,,,,,,,509.0,509.0,,,0.0,,,0.0
2025-04-21 13:00:00,,,,,,,509.0,509.0,,,0.0,,,0.0
2025-04-21 14:00:00,,,,,,,505.0,505.0,,,0.0,,,0.0
2025-04-21 15:00:00,,,,,,,505.0,504.0,1.1566,0.0,1.0,0.6496,0.0,1.0
2025-04-21 16:00:00,,,,,,,505.0,504.0,0.4488,0.27899998,6.0,0.8806,0.11250001,6.0
2025-04-21 17:00:00,,,,,,,1533.0,1533.0,0.1642,0.038,2.0,1.0548999,0.019199967,2.0
2025-04-21 18:00:00,,,,,,,1529.0,1529.0,,,0.0,,,0.0
2025-04-21 19:00:00,,,,,,,1533.0,1533.0,,,0.0,,,0.0
2025-04-21 20:00:00,,,,,,,1529.0,1529.0,,,0.0,,,0.0
2025-04-21 21:00:00,,,,,,,1273.0,1273.0,,,0.0,,,0.0
2025-04-21 22:00:00,,,,,,,1529.0,1529.0,,,0.0,,,0.0
2025-04-21 23:00:00,,,,,,,1273.0,1273.0,,,0.0,,,0.0
2025-04-22 00:00:00,,,,,,,1273.0,1273.0,,,0.0,,,0.0
2025-04-22 01:00:00,,,,,,,1273.0,1273.0,,,0.0,,,0.0
2025-04-22 02:00:00,,,,,,,1273.0,1273.0,,,0.0,,,0.0
2025-04-22 03:00:00,,,,,,,1273.0,1273.0,,,0.0,,,0.0
2025-04-22 04:00:00,,,,,,,1529.0,1529.0,,,0.0,,,0.0
2025-04-22 05:00:00,,,,,,,1529.0,1529.0,,,0.0,,,0.0
2025-04-22 06:00:00,,,,,,,1533.0,1533.0,,,0.0,,,0.0
2025-04-22 07:00:00,,,,,,,509.0,509.0,,,0.0,,,0.0
2025-04-22 08:00:00,,,,,,,509.0,509.0,,,0.0,,,0.0
2025-04-22 09:00:00,,,,,,,509.0,509.0,,,0.0,,,0.0
2025-04-22 10:00:00,,,,,,,509.0,509.0,,,0.0,,,0.0
2025-04-22 11:00:00,,,,,,,509.0,509.0,,,0.0,,,0.0
2025-04-22 12:00:00,0.26839998,,,,,,453.0,509.0,,,0.0,,,0.0
2025-04-22 13:00:00,,,,,,,509.0,509.0,,,0.0,,,0.0
2025-04-22 14:00:00,,,,,,,505.0,505.0,,,0.0,,,0.0
2025-04-22 15:00:00,,,,,,,249.0,248.0,1.0918,0.083399996,3.0,0.3383,0.3524,3.0
2025-04-22 16:00:00,,,,,,,249.0,248.0,0.5812,0.2674,6.0,0.9439,0.09020001,6.0
2025-04-22 17:00:00,,,,,,,1533.0,1533.0,0.0802,0.0,1.0,1.0770999,0.0,1.0
2025-04-22 18:00:00,,,,,,,1533.0,1533.0,,,0.0,,,0.0
2025-04-22 19:00:00,,,,,,,1533.0,1533.0,,,0.0,,,0.0
2025-04-22 20:00:00,,,,,,,1533.0,1533.0,,,0.0,,,0.0
2025-04-22 21:00:00,,,,,,,1533.0,1533.0,,,0.0,,,0.0
2025-04-22 22:00:00,,,,,,,1533.0,1533.0,,,0.0,,,0.0
2025-04-22 23:00:00,,,,,,,1529.0,1529.0,,,0.0,,,0.0
2025-04-23 00:00:00,,,,,,,1273.0,1273.0,,,0.0,,,0.0
2025-04-23 01:00:00,,,,,,,1273.0,1273.0,,,0.0,,,0.0
2025-04-23 02:00:00,,,,,,,1273.0,1273.0,,,0.0,,,0.0
2025-04-23 03:00:00,,,,,,,1533.0,1533.0,,,0.0,,,0.0
2025-04-23 04:00:00,,,,,,,1273.0,1273.0,,,0.0,,,0.0
2025-04-23 05:00:00,,,,,,,1273.0,1273.0,,,0.0,,,0.0
2025-04-23 06:00:00,,,,,,,1533.0,1533.0,,,0.0,,,0.0
2025-04-23 07:00:00,,,,,,,505.0,504.0,0.3418,0.0,1.0,1.1559,0.0,1.0
2025-04-23 08:00:00,0.2294,,,,,,2497.0,2552.0,0.16,0.0832,6.0,1.1448,0.0079,6.0
2025-04-23 09:00:00,,,,,,,509.0,509.0,,,0.0,,,0.0
2025-04-23 10:00:00,,,,,,,509.0,509.0,0.0018,0.0,1.0,1.1437,0.0,1.0
2025-04-23 11:00:00,,,,,,,509.0,509.0,,,0.0,,,0.0
2025-04-23 12:00:00,,,,,,,509.0,509.0,,,0.0,,,0.0
2025-04-23 13:00:00,,,,,,,509.0,509.0,,,0.0,,,0.0
2025-04-23 14:00:00,,,,,,,505.0,505.0,,,0.0,,,0.0
2025-04-23 15:00:00,,,,,,,249.0,248.0,0.8114,0.0,1.0,0.9972,0.0,1.0
2025-04-23 16:00:00,,,,,,,505.0,505.0,0.779,0.0822,4.0,0.9182999,0.028299987,4.0
2025-04-23 17:00:00,,,,,,,1529.0,1529.0,,,0.0,,,0.0
2025-04-23 18:00:00,,,,,,,1533.0,1533.0,,,0.0,,,0.0
2025-04-23 19:00:00,,,,,,,1529.0,1529.0,,,0.0,,,0.0
2025-04-23 20:00:00,,,,,,,1529.0,1529.0,,,0.0,,,0.0
2025-04-23 21:00:00,,,,,,,1273.0,1273.0,,,0.0,,,0.0
2025-04-23 22:00:00,,,,,,,1273.0,1273.0,,,0.0,,,0.0
2025-04-23 23:00:00,,,,,,,1273.0,1273.0,,,0.0,,,0.0
2025-04-24 00:00:00,,,,,,,1273.0,1273.0,,,0.0,,,0.0
2025-04-24 01:00:00,,,,,,,1529.0,1529.0,,,0.0,,,0.0
2025-04-24 02:00:00,,,,,,,1529.0,1529.0,,,0.0,,,0.0
2025-04-24 03:00:00,,,,,,,1273.0,1273.0,,,0.0,,,0.0
2025-04-24 04:00:00,,,,,,,1273.0,1273.0,,,0.0,,,0.0
2025-04-24 05:00:00,,,,,,,1533.0,1533.0,,,0.0,,,0.0
2025-04-24 06:00:00,,,,,,,1533.0,1533.0,,,0.0,,,0.0
2025-04-24 07:00:00,,,,,,,509.0,509.0,,,0.0,,,0.0
2025-04-24 08:00:00,,,,,,,509.0,509.0,0.9338,0.0,1.0,1.0985999,0.0,1.0
2025-04-24 09:00:00,,,,,,,509.0,509.0,,,0.0,,,0.0
2025-04-24 10:00:00,,,,,,,509.0,509.0,,,0.0,,,0.0
2025-04-24 11:00:00,,,,,,,509.0,509.0,0.0176,0.0,1.0,1.1797,0.0,1.0
2025-04-24 12:00:00,,,,,,,509.0,509.0,,,0.0,,,0.0
2025-04-24 13:00:00,,,,,,,509.0,509.0,,,0.0,,,0.0
2025-04-24 14:00:00,,,,,,,509.0,509.0,1.678,0.196,2.0,0.61179996,0.09009999,2.0
2025-04-24 15:00:00,,,,,,,505.0,504.0,1.1882,0.0,1.0,0.5985,0.0,1.0
2025-04-24 16:00:00,,,,,,,505.0,504.0,0.4806,0.41239998,4.0,0.74249995,0.13669997,4.0
2025-04-24 17:00:00,,,,,,,1533.0,1533.0,,,0.0,,,0.0
2025-04-24 18:00:00,,,,,,,1533.0,1533.0,,,0.0,,,0.0
2025-04-24 19:00:00,,,,,,,1533.0,1533.0,,,0.0,,,0.0
2025-04-24 20:00:00,,,,,,,1533.0,1533.0,,,0.0,,,0.0
2025-04-24 21:00:00,,,,,,,1529.0,1529.0,,,0.0,,,0.0
2025-04-24 22:00:00,,,,,,,1533.0,1533.0,,,0.0,,,0.0
2025-04-24 23:00:00,,,,,,,1533.0,1533.0,,,0.0,,,0.0
2025-04-25 00:00:00,,,,,,,1533.0,1533.0,,,0.0,,,0.0
2025-04-25 01:00:00,,,,,,,1533.0,1533.0,,,0.0,,,0.0
2025-04-25 02:00:00,,,,,,,1529.0,1529.0,,,0.0,,,0.0
2025-04-25 03:00:00,,,,,,,1533.0,1533.0,,,0.0,,,0.0
2025-04-25 04:00:00,,,,,,,1273.0,1273.0,,,0.0,,,0.0
2025-04-25 05:00:00,,,,,,,1273.0,1273.0,,,0.0,,,0.0
2025-04-25 06:00:00,,,,,,,1533.0,1533.0,,,0.0,,,0.0
2025-04-25 07:00:00,,,,,,,505.0,504.0,0.39999998,0.0,1.0,1.0861,0.0,1.0
2025-04-25 08:00:00,,,,,,,2553.0,2552.0,0.35279998,0.109,3.0,1.0691999,0.017799973,3.0
2025-04-25 09:00:00,,,,,,,249.0,248.0,0.33679998,0.106199995,2.0,1.0769999,0.0062999725,2.0
2025-04-25 10:00:00,,,,,,,509.0,509.0,0.6354,0.2092,2.0,1.055,0.017499983,2.0
2025-04-25 11:00:00,,,,,,,509.0,509.0,,,0.0,,,0.0
2025-04-25 12:00:00,,,,,,,505.0,505.0,0.9384,0.3218,4.0,0.95019996,0.08050001,4.0
2025-04-25 13:00:00,,,,,,,509.0,509.0,,,0.0,,,0.0
2025-04-25 14:00:00,,,,,,,509.0,509.0,,,0.0,,,0.0
2025-04-25 15:00:00,,,,,,,509.0,509.0,,,0.0,,,0.0
2025-04-25 16:00:00,,,,,,,509.0,509.0,,,0.0,,,0.0
2025-04-25 17:00:00,,,,,,,1533.0,1533.0,,,0.0,,,0.0
2025-04-25 18:00:00,,,,,,,1533.0,1533.0,,,0.0,,,0.0
2025-04-25 19:00:00,,,,,,,1533.0,1533.0,,,0.0,,,0.0
2025-04-25 20:00:00,,,,,,,1533.0,1533.0,,,0.0,,,0.0
2025-04-25 21:00:00,,,,,,,1533.0,1533.0,,,0.0,,,0.0
2025-04-25 22:00:00,,,,,,,1529.0,1529.0,,,0.0,,,0.0
2025-04-25 23:00:00,,,,,,,1533.0,1533.0,,,0.0,,,0.0
2025-04-26 00:00:00,,,,,,,1529.0,1529.0,,,0.0,,,0.0
2025-04-26 01:00:00,,,,,,,1273.0,1273.0,,,0.0,,,0.0
2025-04-26 02:00:00,,,,,,,1533.0,1533.0,,,0.0,,,0.0
2025-04-26 03:00:00,,,,,,,1533.0,1533.0,,,0.0,,,0.0
2025-04-26 04:00:00,,,,,,,1533.0,1533.0,,,0.0,,,0.0
2025-04-26 05:00:00,,,,,,,1533.0,1533.0,,,0.0,,,0.0
2025-04-26 06:00:00,,,,,,,1533.0,1533.0,,,0.0,,,0.0
2025-04-26 07:00:00,,,,,,,509.0,509.0,,,0.0,,,0.0
2025-04-26 08:00:00,,,,,,,505.0,504.0,0.39519998,0.0398,2.0,1.1179999,0.009199977,2.0
2025-04-26 09:00:00,,,,,,,249.0,248.0,0.3394,0.039,3.0,1.114,0.0033000112,3.0
2025-04-26 10:00:00,,,,,,,509.0,509.0,0.3902,0.012399999,5.0,1.1104,0.0009999871,5.0
2025-04-26 11:00:00,,,,,,,509.0,509.0,0.24859999,0.0094,2.0,1.1230999,0.0015999675,2.0
2025-04-26 12:00:00,,,,,,,505.0,505.0,,,0.0,,,0.0
2025-04-26 13:00:00,,,,,,,505.0,504.0,0.9622,0.0,1.0,0.91789997,0.0,1.0
2025-04-26 14:00:00,,,,,,,249.0,249.0,1.5948,0.18679999,4.0,0.53999996,0.0898,4.0
2025-04-26 15:00:00,,,,,,,249.0,248.0,1.5078,0.0,1.0,0.4867,0.0,1.0
2025-04-26 16:00:00,,,,,,,509.0,509.0,1.1534,0.16399999,5.0,0.6898999,0.109399974,5.0
2025-04-26 17:00:00,,,,,,,1533.0,1533.0,,,0.0,,,0.0
2025-04-26 18:00:00,,,,,,,1273.0,1273.0,,,0.0,,,0.0
2025-04-26 19:00:00,,,,,,,1529.0,1529.0,,,0.0,,,0.0
2025-04-26 20:00:00,,,,,,,1529.0,1529.0,,,0.0,,,0.0
2025-04-26 21:00:00,,,,,,,1533.0,1533.0,,,0.0,,,0.0
2025-04-26 22:00:00,,,,,,,1533.0,1533.0,,,0.0,,,0.0
2025-04-26 23:00:00,,,,,,,1533.0,1533.0,,,0.0,,,0.0
2025-04-27 00:00:00,,,,,,,1273.0,1273.0,,,0.0,,,0.0
2025-04-27 01:00:00,,,,,,,1529.0,1529.0,,,0.0,,,0.0
2025-04-27 02:00:00,,,,,,,1273.0,1273.0,,,0.0,,,0.0
2025-04-27 03:00:00,,,,,,,1529.0,1529.0,,,0.0,,,0.0
2025-04-27 04:00:00,,,,,,,1533.0,1533.0,,,0.0,,,0.0
2025-04-27 05:00:00,,,,,,,1533.0,1533.0,,,0.0,,,0.0
2025-04-27 06:00:00,,,,,,,1533.0,1533.0,,,0.0,,,0.0
2025-04-27 07:00:00,,,,,,,509.0,509.0,,,0.0,,,0.0
2025-04-27 08:00:00,,,,,,,509.0,509.0,0.8524,0.0,1.0,0.9899,0.0,1.0
2025-04-27 09:00:00,,,,,,,509.0,509.0,1.02,0.0,1.0,1.0208,0.0,1.0
2025-04-27 10:00:00,,,,,,,509.0,509.0,,,0.0,,,0.0
2025-04-27 11:00:00,,,,,,,505.0,504.0,1.119,0.6102,3.0,0.88119996,0.3416,3.0
2025-04-27 12:00:00,,,,,,,509.0,509.0,,,0.0,,,0.0
2025-04-27 13:00:00,,,,,,,509.0,509.0,,,0.0,,,0.0
2025-04-27 14:00:00,,,,,,,509.0,509.0,,,0.0,,,0.0
2025-04-27 15:00:00,,,,,,,509.0,509.0,,,0.0,,,0.0
2025-04-27 16:00:00,,,,,,,505.0,504.0,0.9072,0.14199999,4.0,0.7667999,0.13639998,4.0
2025-04-27 17:00:00,,,,,,,1533.0,1533.0,,,0.0,,,0.0
2025-04-27 18:00:00,,,,,,,1529.0,1529.0,,,0.0,,,0.0
2025-04-27 19:00:00,,,,,,,1273.0,1273.0,,,0.0,,,0.0
2025-04-27 20:00:00,,,,,,,1273.0,1273.0,,,0.0,,,0.0
2025-04-27 21:00:00,,,,,,,1273.0,1273.0,,,0.0,,,0.0
2025-04-27 22:00:00,,,,,,,1533.0,1533.0,,,0.0,,,0.0
2025-04-27 23:00:00,,,,,,,1529.0,1529.0,,,0.0,,,0.0
2025-04-28 00:00:00,,,,,,,1533.0,1533.0,,,0.0,,,0.0
2025-04-28 01:00:00,,,,,,,1533.0,1533.0,,,0.0,,,0.0
2025-04-28 02:00:00,,,,,,,1533.0,1533.0,,,0.0,,,0.0
2025-04-28 03:00:00,,,,,,,1533.0,1533.0,,,0.0,,,0.0
2025-04-28 04:00:00,,,,,,,1529.0,1529.0,,,0.0,,,0.0
2025-04-28 05:00:00,,,,,,,1533.0,1533.0,,,0.0,,,0.0
2025-04-28 06:00:00,,,,,,,1533.0,1533.0,,,0.0,,,0.0
2025-04-28 07:00:00,,,,,,,509.0,509.0,,,0.0,,,0.0
2025-04-28 08:00:00,0.24059999,,,,,,193.0,248.0,0.1392,0.049599998,4.0,1.0505999,0.0059999824,4.0
2025-04-28 09:00:00,,,,,,,509.0,509.0,0.36519998,0.0,1.0,1.0396999,0.0,1.0
2025-04-28 10:00:00,,,,,,,2553.0,2552.0,0.15339999,0.1126,2.0,1.0691999,0.006399989,2.0
2025-04-28 11:00:00,,,,,,,509.0,509.0,,,0.0,,,0.0
2025-04-28 12:00:00,,,,,,,509.0,509.0,,,0.0,,,0.0
2025-04-28 13:00:00,,,,,,,509.0,509.0,,,0.0,,,0.0
2025-04-28 14:00:00,,,,,,,249.0,248.0,1.2128,0.2286,6.0,0.63179994,0.16589999,6.0
2025-04-28 15:00:00,,,,,,,249.0,248.0,1.4482,0.1514,2.0,0.39129996,0.10280001,2.0
2025-04-28 16:00:00,,,,,,,249.0,248.0,0.95659995,0.1722,6.0,0.66129994,0.1243,6.0
2025-04-28 17:00:00,,,,,,,1533.0,1533.0,0.6188,0.0,1.0,0.9663999,0.0,1.0
2025-04-28 18:00:00,,,,,,,1533.0,1533.0,,,0.0,,,0.0
2025-04-28 19:00:00,,,,,,,1529.0,1529.0,,,0.0,,,0.0
2025-04-28 20:00:00,,,,,,,1533.0,1533.0,,,0.0,,,0.0
2025-04-28 21:00:00,,,,,,,1529.0,1529.0,,,0.0,,,0.0
2025-04-28 22:00:00,,,,,,,1533.0,1533.0,,,0.0,,,0.0
2025-04-28 23:00:00,,,,,,,1529.0,1529.0,,,0.0,,,0.0
2025-04-29 00:00:00,,,,,,,1533.0,1533.0,,,0.0,,,0.0
2025-04-29 01:00:00,,,,,,,1533.0,1533.0,,,0.0,,,0.0
2025-04-29 02:00:00,,,,,,,1533.0,1533.0,,,0.0,,,0.0
2025-04-29 03:00:00,,,,,,,1533.0,1533.0,,,0.0,,,0.0
2025-04-29 04:00:00,,,,,,,1529.0,1529.0,,,0.0,,,0.0
2025-04-29 05:00:00,,,,,,,1529.0,1529.0,,,0.0,,,0.0
2025-04-29 06:00:00,,,,,,,1533.0,1533.0,,,0.0,,,0.0
2025-04-29 07:00:00,,,,,,,509.0,509.0,,,0.0,,,0.0
2025-04-29 08:00:00,,,,,,,509.0,509.0,0.0008,0.0,1.0,1.0381,0.0,1.0
2025-04-29 09:00:00,,,,,,,2553.0,2552.0,0.1162,0.0,1.0,1.0918,0.0,1.0
2025-04-29 10:00:00,,,,,,,509.0,509.0,0.126,0.0058,2.0,1.0912,0.00019997358,2.0
2025-04-29 11:00:00,,,,,,,509.0,509.0,,,0.0,,,0.0
2025-04-29 12:00:00,,,,,,,509.0,509.0,,,0.0,,,0.0
2025-04-29 13:00:00,,,,,,,509.0,509.0,,,0.0,,,0.0
2025-04-29 14:00:00,,,,,,,505.0,504.0,1.3122,0.1362,4.0,0.352,0.17619997,4.0
2025-04-29 15:00:00,,,,,,,249.0,248.0,1.3858,0.0,1.0,0.19819999,0.0,1.0
2025-04-29 16:00:00,,,,,,,249.0,248.0,0.9892,0.2306,6.0,0.52619994,0.2051,6.0
2025-04-29 17:00:00,,,,,,,1533.0,1533.0,0.5334,0.0234,2.0,0.99549997,0.008599997,2.0
2025-04-29 18:00:00,,,,,,,1273.0,1273.0,,,0.0,,,0.0
2025-04-29 19:00:00,,,,,,,1273.0,1273.0,,,0.0,,,0.0
2025-04-29 20:00:00,,,,,,,1273.0,1273.0,,,0.0,,,0.0
2025-04-29 21:00:00,,,,,,,1273.0,1273.0,,,0.0,,,0.0
2025-04-29 22:00:00,,,,,,,1273.0,1273.0,,,0.0,,,0.0
2025-04-29 23:00:00,,,,,,,1273.0,1273.0,,,0.0,,,0.0
2025-04-30 00:00:00,,,,,,,1273.0,1273.0,,,0.0,,,0.0
2025-04-30 01:00:00,,,,,,,1273.0,1273.0,,,0.0,,,0.0
2025-04-30 02:00:00,,,,,,,1529.0,1529.0,,,0.0,,,0.0
2025-04-30 03:00:00,,,,,,,1529.0,1529.0,,,0.0,,,0.0
2025-04-30 04:00:00,,,,,,,1529.0,1529.0,,,0.0,,,0.0
2025-04-30 05:00:00,,,,,,,1273.0,1273.0,,,0.0,,,0.0
2025-04-30 06:00:00,,,,,,,1533.0,1533.0,,,0.0,,,0.0
2025-04-30 07:00:00,,,,,,,249.0,248.0,1.1408,0.0,1.0,1.0157,0.0,1.0
2025-04-30 08:00:00,,,,,,,505.0,504.0,0.89959997,0.177,5.0,1.0318999,0.033500016,5.0
2025-04-30 09:00:00,,,,,,,505.0,504.0,0.6088,0.0398,4.0,1.1051999,0.012499988,4.0
2025-04-30 10:00:00,,,,,,,509.0,509.0,0.69799995,0.017199999,2.0,1.1245999,0.0018000007,2.0
2025-04-30 11:00:00,,,,,,,509.0,509.0,,,0.0,,,0.0
2025-04-30 12:00:00,,,,,,,509.0,509.0,,,0.0,,,0.0
2025-04-30 13:00:00,,,,,,,505.0,505.0,,,0.0,,,0.0
2025-04-30 14:00:00,,,,,,,509.0,509.0,1.9072,0.0,1.0,0.3628,0.0,1.0
2025-04-30 15:00:00,,,,,,,505.0,505.0,,,0.0,,,0.0
2025-04-30 16:00:00,,,,,,,509.0,509.0,,,0.0,,,0.0
2025-04-30 17:00:00,,,,,,,1533.0,1533.0,,,0.0,,,0.0
2025-04-30 18:00:00,,,,,,,1533.0,1533.0,,,0.0,,,0.0
2025-04-30 19:00:00,,,,,,,1533.0,1533.0,,,0.0,,,0.0
2025-04-30 20:00:00,,,,,,,1529.0,1529.0,,,0.0,,,0.0
2025-04-30 21:00:00,,,,,,,1533.0,1533.0,,,0.0,,,0.0
2025-04-30 22:00:00,,,,,,,1529.0,1529.0,,,0.0,,,0.0
2025-04-30 23:00:00,,,,,,,1533.0,1533.0,,,0.0,,,0.0
2025-05-01 00:00:00,,,,,,,1529.0,1529.0,,,0.0,,,0.0
2025-05-01 01:00:00,,,,,,,1529.0,1529.0,,,0.0,,,0.0
2025-05-01 02:00:00,,,,,,,1273.0,1273.0,,,0.0,,,0.0
2025-05-01 03:00:00,,,,,,,1273.0,1273.0,,,0.0,,,0.0
2025-05-01 04:00:00,,,,,,,1273.0,1273.0,,,0.0,,,0.0
2025-05-01 05:00:00,,,,,,,1273.0,1273.0,,,0.0,,,0.0
2025-05-01 06:00:00,,,,,,,1533.0,1533.0,,,0.0,,,0.0
2025-05-01 07:00:00,,,,,,,509.0,509.0,,,0.0,,,0.0
2025-05-01 08:00:00,,,,,,,509.0,509.0,,,0.0,,,0.0
2025-05-01 09:00:00,,,,,,,509.0,509.0,,,0.0,,,0.0
2025-05-01 10:00:00,,,,,,,509.0,509.0,,,0.0,,,0.0
2025-05-01 11:00:00,,,,,,,509.0,509.0,,,0.0,,,0.0
2025-05-01 12:00:00,,,,,,,509.0,509.0,,,0.0,,,0.0
2025-05-01 13:00:00,,,,,,,509.0,509.0,,,0.0,,,0.0
2025-05-01 14:00:00,,,,,,,249.0,249.0,1.3133999,0.1532,4.0,0.49409997,0.104799986,4.0
2025-05-01 15:00:00,,,,,,,505.0,504.0,1.38,0.0,1.0,0.07440001,0.0,1.0
2025-05-01 16:00:00,,,,,,,249.0,248.0,0.9392,0.2258,6.0,0.38479996,0.22909999,6.0
2025-05-01 17:00:00,,,,,,,1533.0,1533.0,0.5234,0.0166,2.0,0.84949994,0.015900016,2.0
2025-05-01 18:00:00,,,,,,,1273.0,1273.0,,,0.0,,,0.0
2025-05-01 19:00:00,,,,,,,1273.0,1273.0,,,0.0,,,0.0
2025-05-01 20:00:00,,,,,,,1273.0,1273.0,,,0.0,,,0.0
2025-05-01 21:00:00,,,,,,,1273.0,1273.0,,,0.0,,,0.0
2025-05-01 22:00:00,,,,,,,1273.0,1273.0,,,0.0,,,0.0
2025-05-01 23:00:00,,,,,,,1273.0,1273.0,,,0.0,,,0.0
2025-05-02 00:00:00,,,,,,,1529.0,1529.0,,,0.0,,,0.0
2025-05-02 01:00:00,,,,,,,1273.0,1273.0,,,0.0,,,0.0
2025-05-02 02:00:00,,,,,,,1273.0,1273.0,,,0.0,,,0.0
2025-05-02 03:00:00,,,,,,,1273.0,1273.0,,,0.0,,,0.0
2025-05-02 04:00:00,,,,,,,1273.0,1273.0,,,0.0,,,0.0
2025-05-02 05:00:00,,,,,,,1273.0,1273.0,,,0.0,,,0.0
2025-05-02 06:00:00,,,,,,,1533.0,1533.0,,,0.0,,,0.0
2025-05-02 07:00:00,,,,,,,509.0,509.0,,,0.0,,,0.0
2025-05-02 08:00:00,,,,,,,509.0,509.0,0.0188,0.0,1.0,1.0006,0.0,1.0
2025-05-02 09:00:00,,,,,,,2553.0,2552.0,0.0332,0.0,1.0,1.0321,0.0,1.0
2025-05-02 10:00:00,,,,,,,509.0,509.0,,,0.0,,,0.0
2025-05-02 11:00:00,,,,,,,509.0,509.0,,,0.0,,,0.0
2025-05-02 12:00:00,,,,,,,509.0,509.0,,,0.0,,,0.0
2025-05-02 13:00:00,,,,,,,509.0,509.0,,,0.0,,,0.0
2025-05-02 14:00:00,,,,,,,505.0,504.0,0.73939997,0.4556,3.0,0.80429995,0.1663,3.0
2025-05-02 15:00:00,,,,,,,249.0,248.0,1.3966,0.065,5.0,0.43339998,0.14649999,5.0
2025-05-02 16:00:00,,,,,,,249.0,248.0,1.0086,0.283,6.0,0.4439,0.20539999,6.0
2025-05-02 17:00:00,,,,,,,1533.0,1533.0,0.4464,0.0382,3.0,0.9425,0.035099983,3.0
2025-05-02 18:00:00,,,,,,,1273.0,1273.0,,,0.0,,,0.0
2025-05-02 19:00:00,,,,,,,1273.0,1273.0,,,0.0,,,0.0
2025-05-02 20:00:00,,,,,,,1533.0,1533.0,,,0.0,,,0.0
2025-05-02 21:00:00,,,,,,,1273.0,1273.0,,,0.0,,,0.0
2025-05-02 22:00:00,,,,,,,1529.0,1529.0,,,0.0,,,0.0
2025-05-02 23:00:00,,,,,,,1529.0,1529.0,,,0.0,,,0.0
2025-05-03 00:00:00,,,,,,,1273.0,1273.0,,,0.0,,,0.0
2025-05-03 01:00:00,,,,,,,1533.0,1533.0,,,0.0,,,0.0
2025-05-03 02:00:00,,,,,,,1273.0,1273.0,,,0.0,,,0.0
2025-05-03 03:00:00,,,,,,,1533.0,1533.0,,,0.0,,,0.0
2025-05-03 04:00:00,,,,,,,1529.0,1529.0,,,0.0,,,0.0
2025-05-03 05:00:00,,,,,,,1533.0,1533.0,,,0.0,,,0.0
2025-05-03 06:00:00,,,,,,,1533.0,1533.0,,,0.0,,,0.0
2025-05-03 07:00:00,,,,,,,249.0,248.0,0.5726,0.0,1.0,0.9956,0.0,1.0
2025-05-03 08:00:00,,,,,,,509.0,509.0,0.7402,0.0576,3.0,0.9707999,0.0158,3.0
2025-05-03 09:00:00,,,,,,,509.0,509.0,,,0.0,,,0.0
2025-05-03 10:00:00,,,,,,,505.0,504.0,1.2196,0.0032,2.0,0.96589994,0.029199958,2.0
2025-05-03 11:00:00,,,,,,,505.0,505.0,1.2724,0.0,1.0,1.0769,0.0,1.0
2025-05-03 12:00:00,,,,,,,509.0,509.0,,,0.0,,,0.0
2025-05-03 13:00:00,,,,,,,2553.0,2552.0,0.524,0.0,1.0,1.3024,0.0,1.0
2025-05-03 14:00:00,,,,,,,509.0,509.0,,,0.0,,,0.0
2025-05-03 15:00:00,,,,,,,509.0,509.0,,,0.0,,,0.0
2025-05-03 16:00:00,,,,,,,509.0,509.0,,,0.0,,,0.0
2025-05-03 17:00:00,,,,,,,1529.0,1529.0,,,0.0,,,0.0
2025-05-03 18:00:00,,,,,,,1273.0,1273.0,,,0.0,,,0.0
2025-05-03 19:00:00,,,,,,,1533.0,1533.0,,,0.0,,,0.0
2025-05-03 20:00:00,,,,,,,1533.0,1533.0,,,0.0,,,0.0
2025-05-03 21:00:00,,,,,,,1529.0,1529.0,,,0.0,,,0.0
2025-05-03 22:00:00,,,,,,,1273.0,1273.0,,,0.0,,,0.0
2025-05-03 23:00:00,,,,,,,1529.0,1529.0,,,0.0,,,0.0
2025-05-04 00:00:00,,,,,,,1533.0,1533.0,,,0.0,,,0.0
2025-05-04 01:00:00,,,,,,,1533.0,1533.0,,,0.0,,,0.0
2025-05-04 02:00:00,,,,,,,1533.0,1533.0,,,0.0,,,0.0
2025-05-04 03:00:00,,,,,,,1533.0,1533.0,,,0.0,,,0.0
2025-05-04 04:00:00,,,,,,,1533.0,1533.0,,,0.0,,,0.0
2025-05-04 05:00:00,,,,,,,1273.0,1273.0,,,0.0,,,0.0
2025-05-04 06:00:00,,,,,,,1533.0,1533.0,,,0.0,,,0.0
2025-05-04 07:00:00,,,,,,,249.0,248.0,0.2324,0.0,1.0,1.0314,0.0,1.0
2025-05-04 08:00:00,,,,,,,505.0,505.0,0.32479998,0.1274,4.0,1.0033,0.01969999,4.0
2025-05-04 09:00:00,,,,,,,509.0,509.0,,,0.0,,,0.0
2025-05-04 10:00:00,,,,,,,505.0,504.0,0.5372,0.0766,5.0,1.0366,0.011299968,5.0
2025-05-04 11:00:00,,,,,,,509.0,509.0,,,0.0,,,0.0
2025-05-04 12:00:00,,,,,,,509.0,509.0,,,0.0,,,0.0
2025-05-04 13:00:00,,,,,,,509.0,509.0,,,0.0,,,0.0
2025-05-04 14:00:00,,,,,,,505.0,504.0,0.88299996,0.42839998,4.0,0.8600999,0.1343,4.0
2025-05-04 15:00:00,,,,,,,509.0,509.0,1.4147999,0.055,4.0,0.7118,0.019599974,4.0
2025-05-04 16:00:00,,,,,,,509.0,509.0,1.1266,0.0,1.0,0.6265,0.0,1.0
2025-05-04 17:00:00,,,,,,,1533.0,1533.0,,,0.0,,,0.0
2025-05-04 18:00:00,,,,,,,1533.0,1533.0,,,0.0,,,0.0
2025-05-04 19:00:00,,,,,,,1533.0,1533.0,,,0.0,,,0.0
2025-05-04 20:00:00,,,,,,,1533.0,1533.0,,,0.0,,,0.0
2025-05-04 21:00:00,,,,,,,1533.0,1533.0,,,0.0,,,0.0
2025-05-04 22:00:00,,,,,,,1533.0,1533.0,,,0.0,,,0.0
2025-05-04 23:00:00,,,,,,,1533.0,1533.0,,,0.0,,,0.0
2025-05-05 00:00:00,,,,,,,1533.0,1533.0,,,0.0,,,0.0
2025-05-05 01:00:00,,,,,,,1529.0,1529.0,,,0.0,,,0.0
2025-05-05 02:00:00,,,,,,,1533.0,1533.0,,,0.0,,,0.0
2025-05-05 03:00:00,,,,,,,1529.0,1529.0,,,0.0,,,0.0
2025-05-05 04:00:00,,,,,,,1533.0,1533.0,,,0.0,,,0.0
2025-05-05 05:00:00,,,,,,,1533.0,1533.0,,,0.0,,,0.0
2025-05-05 06:00:00,,,,,,,1529.0,1529.0,,,0.0,,,0.0
2025-05-05 07:00:00,,,,,,,509.0,509.0,,,0.0,,,0.0
2025-05-05 08:00:00,,,,,,,509.0,509.0,0.1222,0.0,1.0,1.0648999,0.0,1.0
2025-05-05 09:00:00,,,,,,,509.0,509.0,,,0.0,,,0.0
2025-05-05 10:00:00,,,,,,,509.0,509.0,,,0.0,,,0.0
2025-05-05 11:00:00,,,,,,,509.0,509.0,,,0.0,,,0.0
2025-05-05 12:00:00,,,,,,,509.0,509.0,,,0.0,,,0.0
2025-05-05 13:00:00,,,,,,,509.0,509.0,,,0.0,,,0.0
2025-05-05 14:00:00,,,,,,,505.0,504.0,1.2662,0.145,5.0,0.62829995,0.074,5.0
2025-05-05 15:00:00,,,,,,,505.0,504.0,1.4668,0.1192,6.0,0.61259997,0.1383,6.0
2025-05-05 16:00:00,,,,,,,509.0,509.0,1.4448,0.0,1.0,0.4626,0.0,1.0
2025-05-05 17:00:00,,,,,,,1533.0,1533.0,,,0.0,,,0.0
2025-05-05 18:00:00,,,,,,,1533.0,1533.0,,,0.0,,,0.0
2025-05-05 19:00:00,,,,,,,1533.0,1533.0,,,0.0,,,0.0
2025-05-05 20:00:00,,,,,,,1533.0,1533.0,,,0.0,,,0.0
2025-05-05 21:00:00,,,,,,,1533.0,1533.0,,,0.0,,,0.0
2025-05-05 22:00:00,,,,,,,1533.0,1533.0,,,0.0,,,0.0
2025-05-05 23:00:00,,,,,,,1533.0,1533.0,,,0.0,,,0.0
2025-05-06 00:00:00,,,,,,,1533.0,1533.0,,,0.0,,,0.0
2025-05-06 01:00:00,,,,,,,1533.0,1533.0,,,0.0,,,0.0
2025-05-06 02:00:00,,,,,,,1529.0,1529.0,,,0.0,,,0.0
2025-05-06 03:00:00,,,,,,,1529.0,1529.0,,,0.0,,,0.0
2025-05-06 04:00:00,,,,,,,1533.0,1533.0,,,0.0,,,0.0
2025-05-06 05:00:00,,,,,,,1273.0,1273.0,,,0.0,,,0.0
2025-05-06 06:00:00,,,,,,,1533.0,1533.0,,,0.0,,,0.0
2025-05-06 07:00:00,,,,,,,509.0,509.0,,,0.0,,,0.0
2025-05-06 08:00:00,,,,,,,509.0,509.0,,,0.0,,,0.0
2025-05-06 09:00:00,,,,,,,509.0,509.0,,,0.0,,,0.0
2025-05-06 10:00:00,,,,,,,509.0,509.0,,,0.0,,,0.0
2025-05-06 11:00:00,,,,,,,509.0,509.0,,,0.0,,,0.0
2025-05-06 12:00:00,,,,,,,509.0,509.0,,,0.0,,,0.0
2025-05-06 13:00:00,,,,,,,509.0,509.0,,,0.0,,,0.0
2025-05-06 14:00:00,,,,,,,505.0,504.0,0.685,0.4834,4.0,0.8981999,0.13839996,4.0
2025-05-06 15:00:00,,,,,,,505.0,504.0,1.5963999,0.117599994,6.0,0.5289,0.13529998,6.0
2025-05-06 16:00:00,,,,,,,509.0,509.0,,,0.0,,,0.0
2025-05-06 17:00:00,,,,,,,1529.0,1529.0,0.0762,0.036399998,3.0,1.0432,0.0062000155,3.0
2025-05-06 18:00:00,,,,,,,1533.0,1533.0,,,0.0,,,0.0
2025-05-06 19:00:00,,,,,,,1533.0,1533.0,,,0.0,,,0.0
2025-05-06 20:00:00,,,,,,,1533.0,1533.0,,,0.0,,,0.0
2025-05-06 21:00:00,,,,,,,1533.0,1533.0,,,0.0,,,0.0
2025-05-06 22:00:00,,,,,,,1533.0,1533.0,,,0.0,,,0.0
2025-05-06 23:00:00,,,,,,,1529.0,1529.0,,,0.0,,,0.0
2025-05-07 00:00:00,,,,,,,1533.0,1533.0,,,0.0,,,0.0
2025-05-07 01:00:00,,,,,,,1533.0,1533.0,,,0.0,,,0.0
2025-05-07 02:00:00,,,,,,,1533.0,1533.0,,,0.0,,,0.0
2025-05-07 03:00:00,,,,,,,1529.0,1529.0,,,0.0,,,0.0
2025-05-07 04:00:00,,,,,,,1533.0,1533.0,,,0.0,,,0.0
2025-05-07 05:00:00,,,,,,,1533.0,1533.0,,,0.0,,,0.0
2025-05-07 06:00:00,,,,,,,1533.0,1533.0,,,0.0,,,0.0
2025-05-07 07:00:00,,,,,,,509.0,509.0,,,0.0,,,0.0
2025-05-07 08:00:00,,,,,,,509.0,509.0,1.8808,0.0,1.0,0.5792,0.0,1.0
2025-05-07 09:00:00,,,,,,,509.0,509.0,,,0.0,,,0.0
2025-05-07 10:00:00,,,,,,,509.0,509.0,,,0.0,,,0.0
2025-05-07 11:00:00,,,,,,,509.0,509.0,0.4912,0.0,1.0,1.0834,0.0,1.0
2025-05-07 12:00:00,,,,,,,509.0,509.0,,,0.0,,,0.0
2025-05-07 13:00:00,,,,,,,505.0,504.0,0.3486,0.0,1.0,1.1459,0.0,1.0
2025-05-07 14:00:00,,,,,,,249.0,248.0,0.7206,0.33159998,6.0,1.0173999,0.16649997,6.0
2025-05-07 15:00:00,,,,,,,509.0,509.0,0.8818,0.36859998,3.0,0.9527999,0.13199997,3.0
2025-05-07 16:00:00,,,,,,,505.0,504.0,0.4324,0.1898,2.0,0.8500999,0.02880001,2.0
2025-05-07 17:00:00,,,,,,,1533.0,1533.0,0.5166,0.0,1.0,0.8569,0.0,1.0
2025-05-07 18:00:00,,,,,,,1533.0,1533.0,,,0.0,,,0.0
2025-05-07 19:00:00,,,,,,,1533.0,1533.0,,,0.0,,,0.0
2025-05-07 20:00:00,,,,,,,1533.0,1533.0,,,0.0,,,0.0
2025-05-07 21:00:00,,,,,,,1529.0,1529.0,,,0.0,,,0.0
2025-05-07 22:00:00,,,,,,,1533.0,1533.0,,,0.0,,,0.0
2025-05-07 23:00:00,,,,,,,1273.0,1273.0,,,0.0,,,0.0
2025-05-08 00:00:00,,,,,,,1273.0,1273.0,,,0.0,,,0.0
2025-05-08 01:00:00,,,,,,,1529.0,1529.0,,,0.0,,,0.0
2025-05-08 02:00:00,,,,,,,1273.0,1273.0,,,0.0,,,0.0
2025-05-08 03:00:00,,,,,,,1529.0,1529.0,,,0.0,,,0.0
2025-05-08 04:00:00,,,,,,,1273.0,1273.0,,,0.0,,,0.0
2025-05-08 05:00:00,,,,,,,1529.0,1529.0,,,0.0,,,0.0
2025-05-08 06:00:00,,,,,,,1533.0,1533.0,,,0.0,,,0.0
2025-05-08 07:00:00,,,,,,,505.0,504.0,0.3992,0.0,1.0,1.0594,0.0,1.0
2025-05-08 08:00:00,,,,,,,509.0,509.0,0.168,0.0,1.0,1.0811,0.0,1.0
2025-05-08 09:00:00,,,,,,,249.0,248.0,0.51,0.0,1.0,1.086,0.0,1.0
2025-05-08 10:00:00,,,,,,,509.0,509.0,0.5428,0.040599998,2.0,1.0794,0.0062000155,2.0
2025-05-08 11:00:00,,,,,,,509.0,509.0,,,0.0,,,0.0
2025-05-08 12:00:00,,,,,,,509.0,509.0,,,0.0,,,0.0
2025-05-08 13:00:00,,,,,,,509.0,509.0,,,0.0,,,0.0
2025-05-08 14:00:00,,,,,,,249.0,248.0,0.91719997,0.2826,3.0,0.8608999,0.05070001,3.0
2025-05-08 15:00:00,,,,,,,505.0,504.0,1.4979999,0.051999997,5.0,0.5898,0.120000005,5.0
2025-05-08 16:00:00,,,,,,,505.0,505.0,1.4951999,0.0284,2.0,0.339,0.0194,2.0
2025-05-08 17:00:00,,,,,,,1533.0,1533.0,,,0.0,,,0.0
2025-05-08 18:00:00,,,,,,,1533.0,1533.0,,,0.0,,,0.0
2025-05-08 19:00:00,,,,,,,1529.0,1529.0,,,0.0,,,0.0
2025-05-08 20:00:00,,,,,,,1533.0,1533.0,,,0.0,,,0.0
2025-05-08 21:00:00,,,,,,,1533.0,1533.0,,,0.0,,,0.0
2025-05-08 22:00:00,,,,,,,1533.0,1533.0,,,0.0,,,0.0
2025-05-08 23:00:00,,,,,,,1533.0,1533.0,,,0.0,,,0.0
2025-05-09 00:00:00,,,,,,,1529.0,1529.0,,,0.0,,,0.0
2025-05-09 01:00:00,,,,,,,1533.0,1533.0,,,0.0,,,0.0
2025-05-09 02:00:00,,,,,,,1273.0,1273.0,,,0.0,,,0.0
2025-05-09 03:00:00,,,,,,,1273.0,1273.0,,,0.0,,,0.0
2025-05-09 04:00:00,,,,,,,1533.0,1533.0,,,0.0,,,0.0
2025-05-09 05:00:00,,,,,,,1533.0,1533.0,,,0.0,,,0.0
2025-05-09 06:00:00,,,,,,,1533.0,1533.0,,,0.0,,,0.0
2025-05-09 07:00:00,,,,,,,505.0,504.0,0.2254,0.0,1.0,1.0991,0.0,1.0
2025-05-09 08:00:00,,,,,,,509.0,509.0,,,0.0,,,0.0
2025-05-09 09:00:00,,,,,,,509.0,509.0,,,0.0,,,0.0
2025-05-09 10:00:00,,,,,,,509.0,509.0,0.39819998,0.0,1.0,1.132,0.0,1.0
2025-05-09 11:00:00,,,,,,,509.0,509.0,,,0.0,,,0.0
2025-05-09 12:00:00,,,,,,,505.0,505.0,,,0.0,,,0.0
2025-05-09 13:00:00,,,,,,,509.0,509.0,,,0.0,,,0.0
2025-05-09 14:00:00,,,,,,,509.0,509.0,0.5118,0.18779999,3.0,0.9906,0.14539999,3.0
2025-05-09 15:00:00,,,,,,,509.0,509.0,,,0.0,,,0.0
2025-05-09 16:00:00,,,,,,,509.0,509.0,,,0.0,,,0.0
2025-05-09 17:00:00,,,,,,,1533.0,1533.0,,,0.0,,,0.0
2025-05-09 18:00:00,,,,,,,1533.0,1533.0,,,0.0,,,0.0
2025-05-09 19:00:00,,,,,,,1533.0,1533.0,,,0.0,,,0.0
2025-05-09 20:00:00,,,,,,,1533.0,1533.0,,,0.0,,,0.0
2025-05-09 21:00:00,,,,,,,1533.0,1533.0,,,0.0,,,0.0
2025-05-09 22:00:00,,,,,,,1533.0,1533.0,,,0.0,,,0.0
2025-05-09 23:00:00,,,,,,,1529.0,1529.0,,,0.0,,,0.0
2025-05-10 00:00:00,,,,,,,1533.0,1533.0,,,0.0,,,0.0
2025-05-10 01:00:00,,,,,,,1533.0,1533.0,,,0.0,,,0.0
2025-05-10 02:00:00,,,,,,,1533.0,1533.0,,,0.0,,,0.0
2025-05-10 03:00:00,,,,,,,1529.0,1529.0,,,0.0,,,0.0
2025-05-10 04:00:00,,,,,,,1529.0,1529.0,,,0.0,,,0.0
2025-05-10 05:00:00,,,,,,,1533.0,1533.0,,,0.0,,,0.0
2025-05-10 06:00:00,,,,,,,1533.0,1533.0,,,0.0,,,0.0
2025-05-10 07:00:00,,,,,,,509.0,509.0,,,0.0,,,0.0
2025-05-10 08:00:00,,,,,,,509.0,509.0,,,0.0,,,0.0
2025-05-10 09:00:00,,,,,,,509.0,509.0,,,0.0,,,0.0
2025-05-10 10:00:00,,,,,,,509.0,509.0,,,0.0,,,0.0
2025-05-10 11:00:00,,,,,,,509.0,509.0,,,0.0,,,0.0
2025-05-10 12:00:00,,,,,,,509.0,509.0,,,0.0,,,0.0
2025-05-10 13:00:00,,,,,,,2297.0,2296.0,0.1008,0.0,1.0,1.0603,0.0,1.0
2025-05-10 14:00:00,,,,,,,509.0,509.0,0.273,0.047399998,2.0,1.1028,0.010800004,2.0
2025-05-10 15:00:00,,,,,,,509.0,509.0,,,0.0,,,0.0
2025-05-10 16:00:00,,,,,,,509.0,509.0,,,0.0,,,0.0
2025-05-10 17:00:00,,,,,,,1533.0,1533.0,,,0.0,,,0.0
2025-05-10 18:00:00,,,,,,,1533.0,1533.0,,,0.0,,,0.0
2025-05-10 19:00:00,,,,,,,1533.0,1533.0,,,0.0,,,0.0
2025-05-10 20:00:00,,,,,,,1529.0,1529.0,,,0.0,,,0.0
2025-05-10 21:00:00,,,,,,,1533.0,1533.0,,,0.0,,,0.0
2025-05-10 22:00:00,,,,,,,1533.0,1533.0,,,0.0,,,0.0
2025-05-10 23:00:00,,,,,,,1529.0,1529.0,,,0.0,,,0.0
2025-05-11 00:00:00,,,,,,,1529.0,1529.0,,,0.0,,,0.0
2025-05-11 01:00:00,,,,,,,1533.0,1533.0,,,0.0,,,0.0
2025-05-11 02:00:00,,,,,,,1533.0,1533.0,,,0.0,,,0.0
2025-05-11 03:00:00,,,,,,,1529.0,1529.0,,,0.0,,,0.0
2025-05-11 04:00:00,,,,,,,1533.0,1533.0,,,0.0,,,0.0
2025-05-11 05:00:00,,,,,,,1529.0,1529.0,,,0.0,,,0.0
2025-05-11 06:00:00,,,,,,,1533.0,1533.0,,,0.0,,,0.0
2025-05-11 07:00:00,,,,,,,509.0,509.0,,,0.0,,,0.0
2025-05-11 08:00:00,,,,,,,509.0,509.0,0.34739998,0.0792,2.0,0.90839994,0.0011000037,2.0
2025-05-11 09:00:00,,,,,,,509.0,509.0,,,0.0,,,0.0
2025-05-11 10:00:00,,,,,,,509.0,509.0,,,0.0,,,0.0
2025-05-11 11:00:00,,,,,,,509.0,509.0,,,0.0,,,0.0
2025-05-11 12:00:00,,,,,,,509.0,509.0,,,0.0,,,0.0
2025-05-11 13:00:00,,,,,,,509.0,509.0,,,0.0,,,0.0
2025-05-11 14:00:00,,,,,,,509.0,509.0,,,0.0,,,0.0
2025-05-11 15:00:00,,,,,,,509.0,509.0,,,0.0,,,0.0
2025-05-11 16:00:00,,,,,,,509.0,509.0,,,0.0,,,0.0
2025-05-11 17:00:00,,,,,,,1533.0,1533.0,,,0.0,,,0.0
2025-05-11 18:00:00,,,,,,,1533.0,1533.0,,,0.0,,,0.0
2025-05-11 19:00:00,,,,,,,1529.0,1529.0,,,0.0,,,0.0
2025-05-11 20:00:00,,,,,,,1533.0,1533.0,,,0.0,,,0.0
2025-05-11 21:00:00,,,,,,,1533.0,1533.0,,,0.0,,,0.0
2025-05-11 22:00:00,,,,,,,1533.0,1533.0,,,0.0,,,0.0
2025-05-11 23:00:00,,,,,,,1533.0,1533.0,,,0.0,,,0.0
2025-05-12 00:00:00,,,,,,,1529.0,1529.0,,,0.0,,,0.0
2025-05-12 01:00:00,,,,,,,1533.0,1533.0,,,0.0,,,0.0
2025-05-12 02:00:00,,,,,,,1529.0,1529.0,,,0.0,,,0.0
2025-05-12 03:00:00,,,,,,,1533.0,1533.0,,,0.0,,,0.0
2025-05-12 04:00:00,,,,,,,1533.0,1533.0,,,0.0,,,0.0
2025-05-12 05:00:00,,,,,,,1533.0,1533.0,,,0.0,,,0.0
2025-05-12 06:00:00,,,,,,,1533.0,1533.0,,,0.0,,,0.0
2025-05-12 07:00:00,,,,,,,509.0,509.0,,,0.0,,,0.0
2025-05-12 08:00:00,,,,,,,509.0,509.0,,,0.0,,,0.0
2025-05-12 09:00:00,,,,,,,509.0,509.0,,,0.0,,,0.0
2025-05-12 10:00:00,,,,,,,509.0,509.0,,,0.0,,,0.0
2025-05-12 11:00:00,,,,,,,509.0,509.0,,,0.0,,,0.0
2025-05-12 12:00:00,,,,,,,509.0,509.0,,,0.0,,,0.0
2025-05-12 13:00:00,,,,,,,509.0,509.0,,,0.0,,,0.0
2025-05-12 14:00:00,,,,,,,509.0,509.0,,,0.0,,,0.0
2025-05-12 15:00:00,,,,,,,509.0,509.0,,,0.0,,,0.0
2025-05-12 16:00:00,,,,,,,509.0,509.0,,,0.0,,,0.0
2025-05-12 17:00:00,,,,,,,1533.0,1533.0,,,0.0,,,0.0
2025-05-12 18:00:00,,,,,,,1533.0,1533.0,,,0.0,,,0.0
2025-05-12 19:00:00,,,,,,,1529.0,1529.0,,,0.0,,,0.0
2025-05-12 20:00:00,,,,,,,1533.0,1533.0,,,0.0,,,0.0
2025-05-12 21:00:00,,,,,,,1529.0,1529.0,,,0.0,,,0.0
2025-05-12 22:00:00,,,,,,,1533.0,1533.0,,,0.0,,,0.0
2025-05-12 23:00:00,,,,,,,1529.0,1529.0,,,0.0,,,0.0
2025-05-13 00:00:00,,,,,,,1529.0,1529.0,,,0.0,,,0.0
2025-05-13 01:00:00,,,,,,,1533.0,1533.0,,,0.0,,,0.0
2025-05-13 02:00:00,,,,,,,1529.0,1529.0,,,0.0,,,0.0
2025-05-13 03:00:00,,,,,,,1533.0,1533.0,,,0.0,,,0.0
2025-05-13 04:00:00,,,,,,,1533.0,1533.0,,,0.0,,,0.0
2025-05-13 05:00:00,,,,,,,1533.0,1533.0,,,0.0,,,0.0
2025-05-13 06:00:00,,,,,,,1533.0,1533.0,,,0.0,,,0.0
2025-05-13 07:00:00,,,,,,,509.0,509.0,,,0.0,,,0.0
2025-05-13 08:00:00,,,,,,,509.0,509.0,,,0.0,,,0.0
2025-05-13 09:00:00,,,,,,,509.0,509.0,,,0.0,,,0.0
2025-05-13 10:00:00,,,,,,,509.0,509.0,,,0.0,,,0.0
2025-05-13 11:00:00,,,,,,,509.0,509.0,,,0.0,,,0.0
2025-05-13 12:00:00,,,,,,,509.0,509.0,,,0.0,,,0.0
2025-05-13 13:00:00,,,,,,,509.0,509.0,,,0.0,,,0.0
2025-05-13 14:00:00,,,,,,,509.0,509.0,,,0.0,,,0.0
2025-05-13 15:00:00,,,,,,,509.0,509.0,,,0.0,,,0.0
2025-05-13 16:00:00,,,,,,,509.0,509.0,,,0.0,,,0.0
2025-05-13 17:00:00,,,,,,,1533.0,1533.0,,,0.0,,,0.0
2025-05-13 18:00:00,,,,,,,1533.0,1533.0,,,0.0,,,0.0
2025-05-13 19:00:00,,,,,,,1533.0,1533.0,,,0.0,,,0.0
2025-05-13 20:00:00,,,,,,,1529.0,1529.0,,,0.0,,,0.0
2025-05-13 21:00:00,,,,,,,1533.0,1533.0,,,0.0,,,0.0
2025-05-13 22:00:00,,,,,,,1533.0,1533.0,,,0.0,,,0.0
2025-05-13 23:00:00,,,,,,,1529.0,1529.0,,,0.0,,,0.0
2025-05-14 00:00:00,,,,,,,1529.0,1529.0,,,0.0,,,0.0
2025-05-14 01:00:00,,,,,,,1533.0,1533.0,,,0.0,,,0.0
2025-05-14 02:00:00,,,,,,,1533.0,1533.0,,,0.0,,,0.0
2025-05-14 03:00:00,,,,,,,1533.0,1533.0,,,0.0,,,0.0
2025-05-14 04:00:00,,,,,,,1533.0,1533.0,,,0.0,,,0.0
2025-05-14 05:00:00,,,,,,,1533.0,1533.0,,,0.0,,,0.0
2025-05-14 06:00:00,,,,,,,1533.0,1533.0,,,0.0,,,0.0
2025-05-14 07:00:00,,,,,,,509.0,509.0,,,0.0,,,0.0
2025-05-14 08:00:00,,,,,,,509.0,509.0,,,0.0,,,0.0
2025-05-14 09:00:00,,,,,,,509.0,509.0,,,0.0,,,0.0
2025-05-14 10:00:00,,,,,,,509.0,509.0,,,0.0,,,0.0
2025-05-14 11:00:00,,,,,,,509.0,509.0,,,0.0,,,0.0
2025-05-14 12:00:00,,,,,,,509.0,509.0,,,0.0,,,0.0
2025-05-14 13:00:00,,,,,,,509.0,509.0,,,0.0,,,0.0
2025-05-14 14:00:00,,,,,,,509.0,509.0,,,0.0,,,0.0
2025-05-14 15:00:00,,,,,,,509.0,509.0,,,0.0,,,0.0
2025-05-14 16:00:00,,,,,,,509.0,509.0,0.28219998,0.0,1.0,0.8773999,0.0,1.0
2025-05-14 17:00:00,,,,,,,1533.0,1533.0,,,0.0,,,0.0
2025-05-14 18:00:00,,,,,,,1529.0,1529.0,,,0.0,,,0.0
2025-05-14 19:00:00,,,,,,,1533.0,1533.0,,,0.0,,,0.0
2025-05-14 20:00:00,,,,,,,1529.0,1529.0,,,0.0,,,0.0
2025-05-14 21:00:00,,,,,,,1533.0,1533.0,,,0.0,,,0.0
2025-05-14 22:00:00,,,,,,,1533.0,1533.0,,,0.0,,,0.0
2025-05-14 23:00:00,,,,,,,1529.0,1529.0,,,0.0,,,0.0
2025-05-15 00:00:00,,,,,,,1533.0,1533.0,,,0.0,,,0.0
2025-05-15 01:00:00,,,,,,,1529.0,1529.0,,,0.0,,,0.0
2025-05-15 02:00:00,,,,,,,1533.0,1533.0,,,0.0,,,0.0
2025-05-15 03:00:00,,,,,,,1529.0,1529.0,,,0.0,,,0.0
2025-05-15 04:00:00,,,,,,,1533.0,1533.0,,,0.0,,,0.0
2025-05-15 05:00:00,,,,,,,1533.0,1533.0,,,0.0,,,0.0
2025-05-15 06:00:00,,,,,,,1533.0,1533.0,,,0.0,,,0.0
2025-05-15 07:00:00,,,,,,,509.0,509.0,,,0.0,,,0.0
2025-05-15 08:00:00,,,,,,,509.0,509.0,,,0.0,,,0.0
2025-05-15 09:00:00,,,,,,,509.0,509.0,,,0.0,,,0.0
2025-05-15 10:00:00,,,,,,,509.0,509.0,,,0.0,,,0.0
2025-05-15 11:00:00,,,,,,,509.0,509.0,,,0.0,,,0.0
2025-05-15 12:00:00,,,,,,,509.0,509.0,,,0.0,,,0.0
2025-05-15 13:00:00,,,,,,,509.0,509.0,,,0.0,,,0.0
2025-05-15 14:00:00,,,,,,,509.0,509.0,,,0.0,,,0.0
2025-05-15 15:00:00,,,,,,,509.0,509.0,,,0.0,,,0.0
2025-05-15 16:00:00,,,,,,,509.0,509.0,,,0.0,,,0.0
2025-05-15 17:00:00,,,,,,,1533.0,1533.0,,,0.0,,,0.0
2025-05-15 18:00:00,,,,,,,1533.0,1533.0,,,0.0,,,0.0
2025-05-15 19:00:00,,,,,,,1533.0,1533.0,,,0.0,,,0.0
2025-05-15 20:00:00,,,,,,,1273.0,1273.0,,,0.0,,,0.0
2025-05-15 21:00:00,,,,,,,1533.0,1533.0,,,0.0,,,0.0
2025-05-15 22:00:00,,,,,,,1533.0,1533.0,,,0.0,,,0.0
2025-05-15 23:00:00,,,,,,,1529.0,1529.0,,,0.0,,,0.0
2025-05-16 00:00:00,,,,,,,1533.0,1533.0,,,0.0,,,0.0
2025-05-16 01:00:00,,,,,,,1529.0,1529.0,,,0.0,,,0.0
2025-05-16 02:00:00,,,,,,,1533.0,1533.0,,,0.0,,,0.0
2025-05-16 03:00:00,,,,,,,1533.0,1533.0,,,0.0,,,0.0
2025-05-16 04:00:00,,,,,,,1533.0,1533.0,,,0.0,,,0.0
2025-05-16 05:00:00,,,,,,,1529.0,1529.0,,,0.0,,,0.0
2025-05-16 06:00:00,,,,,,,1533.0,1533.0,,,0.0,,,0.0
2025-05-16 07:00:00,,,,,,,509.0,509.0,,,0.0,,,0.0
2025-05-16 08:00:00,,,,,,,505.0,505.0,,,0.0,,,0.0
2025-05-16 09:00:00,,,,,,,509.0,509.0,,,0.0,,,0.0
2025-05-16 10:00:00,,,,,,,509.0,509.0,,,0.0,,,0.0
2025-05-16 11:00:00,,,,,,,509.0,509.0,,,0.0,,,0.0
2025-05-16 12:00:00,,,,,,,509.0,509.0,,,0.0,,,0.0
2025-05-16 13:00:00,,,,,,,505.0,504.0,0.1296,0.0,1.0,0.98,0.0,1.0
2025-05-16 14:00:00,,,,,,,505.0,504.0,0.9088,0.48619998,6.0,0.6474999,0.21689999,6.0
2025-05-16 15:00:00,,,,,,,509.0,509.0,,,0.0,,,0.0
2025-05-16 16:00:00,,,,,,,509.0,509.0,1.3172,0.0686,2.0,0.4155,0.012499988,2.0
2025-05-16 17:00:00,,,,,,,1533.0,1533.0,,,0.0,,,0.0
2025-05-16 18:00:00,,,,,,,1273.0,1273.0,,,0.0,,,0.0
2025-05-16 19:00:00,,,,,,,1273.0,1273.0,,,0.0,,,0.0
2025-05-16 20:00:00,,,,,,,1529.0,1529.0,,,0.0,,,0.0
2025-05-16 21:00:00,,,,,,,1273.0,1273.0,,,0.0,,,0.0
2025-05-16 22:00:00,,,,,,,1273.0,1273.0,,,0.0,,,0.0
2025-05-16 23:00:00,,,,,,,1273.0,1273.0,,,0.0,,,0.0
2025-05-17 00:00:00,,,,,,,1273.0,1273.0,,,0.0,,,0.0
2025-05-17 01:00:00,,,,,,,1273.0,1273.0,,,0.0,,,0.0
2025-05-17 02:00:00,,,,,,,1273.0,1273.0,,,0.0,,,0.0
2025-05-17 03:00:00,,,,,,,1533.0,1533.0,,,0.0,,,0.0
2025-05-17 04:00:00,,,,,,,1533.0,1533.0,,,0.0,,,0.0
2025-05-17 05:00:00,,,,,,,1533.0,1533.0,,,0.0,,,0.0
2025-05-17 06:00:00,,,,,,,1533.0,1533.0,,,0.0,,,0.0
2025-05-17 07:00:00,,,,,,,509.0,509.0,,,0.0,,,0.0
2025-05-17 08:00:00,,,,,,,509.0,509.0,,,0.0,,,0.0
2025-05-17 09:00:00,,,,,,,509.0,509.0,,,0.0,,,0.0
2025-05-17 10:00:00,,,,,,,509.0,509.0,,,0.0,,,0.0
2025-05-17 11:00:00,,,,,,,509.0,509.0,,,0.0,,,0.0
2025-05-17 12:00:00,,,,,,,509.0,509.0,,,0.0,,,0.0
2025-05-17 13:00:00,,,,,,,2553.0,2552.0,0.1052,0.0,1.0,1.0605999,0.0,1.0
2025-05-17 14:00:00,,,,,,,505.0,504.0,0.89059997,0.491,6.0,0.7909,0.24199998,6.0
2025-05-17 15:00:00,,,,,,,505.0,504.0,1.6223999,0.0392,6.0,0.4303,0.032700002,6.0
2025-05-17 16:00:00,,,,,,,249.0,248.0,1.1364,0.242,5.0,0.61459994,0.119099975,5.0
2025-05-17 17:00:00,,,,,,,1529.0,1529.0,0.5596,0.105799995,2.0,0.819,0.022300005,2.0
2025-05-17 18:00:00,,,,,,,1273.0,1273.0,,,0.0,,,0.0
2025-05-17 19:00:00,,,,,,,1273.0,1273.0,,,0.0,,,0.0
2025-05-17 20:00:00,,,,,,,1273.0,1273.0,,,0.0,,,0.0
2025-05-17 21:00:00,,,,,,,1273.0,1273.0,,,0.0,,,0.0
2025-05-17 22:00:00,,,,,,,1273.0,1273.0,,,0.0,,,0.0
2025-05-17 23:00:00,,,,,,,1273.0,1273.0,,,0.0,,,0.0
2025-05-18 00:00:00,,,,,,,1273.0,1273.0,,,0.0,,,0.0
2025-05-18 01:00:00,,,,,,,1273.0,1273.0,,,0.0,,,0.0
2025-05-18 02:00:00,,,,,,,1273.0,1273.0,,,0.0,,,0.0
2025-05-18 03:00:00,,,,,,,1273.0,1273.0,,,0.0,,,0.0
2025-05-18 04:00:00,,,,,,,1529.0,1529.0,,,0.0,,,0.0
2025-05-18 05:00:00,,,,,,,1529.0,1529.0,,,0.0,,,0.0
2025-05-18 06:00:00,,,,,,,1529.0,1529.0,,,0.0,,,0.0
2025-05-18 07:00:00,,,,,,,509.0,509.0,,,0.0,,,0.0
2025-05-18 08:00:00,,,,,,,509.0,509.0,,,0.0,,,0.0
2025-05-18 09:00:00,,,,,,,509.0,509.0,0.2148,0.0,1.0,1.0619,0.0,1.0
2025-05-18 10:00:00,,,,,,,509.0,509.0,,,0.0,,,0.0
2025-05-18 11:00:00,,,,,,,509.0,509.0,,,0.0,,,0.0
2025-05-18 12:00:00,,,,,,,509.0,509.0,,,0.0,,,0.0
2025-05-18 13:00:00,,,,,,,509.0,509.0,,,0.0,,,0.0
2025-05-18 14:00:00,,,,,,,509.0,509.0,1.2329999,0.3524,5.0,0.6782,0.18239999,5.0
2025-05-18 15:00:00,,,,,,,509.0,509.0,,,0.0,,,0.0
2025-05-18 16:00:00,,,,,,,249.0,248.0,0.9106,0.185,2.0,0.73399997,0.0959,2.0
2025-05-18 17:00:00,,,,,,,1533.0,1533.0,0.6574,0.0,1.0,0.8204,0.0,1.0
2025-05-18 18:00:00,,,,,,,1529.0,1529.0,,,0.0,,,0.0
2025-05-18 19:00:00,,,,,,,1273.0,1273.0,,,0.0,,,0.0
2025-05-18 20:00:00,,,,,,,1273.0,1273.0,,,0.0,,,0.0
2025-05-18 21:00:00,,,,,,,1533.0,1533.0,,,0.0,,,0.0
2025-05-18 22:00:00,,,,,,,1273.0,1273.0,,,0.0,,,0.0
2025-05-18 23:00:00,,,,,,,1273.0,1273.0,,,0.0,,,0.0
2025-05-19 00:00:00,,,,,,,1273.0,1273.0,,,0.0,,,0.0
2025-05-19 01:00:00,,,,,,,1533.0,1533.0,,,0.0,,,0.0
2025-05-19 02:00:00,,,,,,,1273.0,1273.0,,,0.0,,,0.0
2025-05-19 03:00:00,,,,,,,1273.0,1273.0,,,0.0,,,0.0
2025-05-19 04:00:00,,,,,,,1273.0,1273.0,,,0.0,,,0.0
2025-05-19 05:00:00,,,,,,,1273.0,1273.0,,,0.0,,,0.0
2025-05-19 06:00:00,,,,,,,1529.0,1529.0,,,0.0,,,0.0
2025-05-19 07:00:00,,,,,,,509.0,509.0,,,0.0,,,0.0
2025-05-19 08:00:00,,,,,,,509.0,509.0,,,0.0,,,0.0
2025-05-19 09:00:00,,,,,,,509.0,509.0,0.139,0.0,1.0,1.0662,0.0,1.0
2025-05-19 10:00:00,,,,,,,509.0,509.0,,,0.0,,,0.0
2025-05-19 11:00:00,,,,,,,509.0,509.0,,,0.0,,,0.0
2025-05-19 12:00:00,,,,,,,509.0,509.0,,,0.0,,,0.0
2025-05-19 13:00:00,,,,,,,509.0,509.0,,,0.0,,,0.0
2025-05-19 14:00:00,,,,,,,505.0,505.0,1.4391999,0.0592,2.0,0.5071,0.087199986,2.0
2025-05-19 15:00:00,,,,,,,509.0,509.0,,,0.0,,,0.0
2025-05-19 16:00:00,,,,,,,249.0,248.0,1.0102,0.18419999,3.0,0.64329994,0.10339999,3.0
2025-05-19 17:00:00,,,,,,,1533.0,1533.0,,,0.0,,,0.0
2025-05-19 18:00:00,,,,,,,1273.0,1273.0,,,0.0,,,0.0
2025-05-19 19:00:00,,,,,,,1273.0,1273.0,,,0.0,,,0.0
2025-05-19 20:00:00,,,,,,,1529.0,1529.0,,,0.0,,,0.0
2025-05-19 21:00:00,,,,,,,1533.0,1533.0,,,0.0,,,0.0
2025-05-19 22:00:00,,,,,,,1533.0,1533.0,,,0.0,,,0.0
2025-05-19 23:00:00,,,,,,,1273.0,1273.0,,,0.0,,,0.0
2025-05-20 00:00:00,,,,,,,1533.0,1533.0,,,0.0,,,0.0
2025-05-20 01:00:00,,,,,,,1529.0,1529.0,,,0.0,,,0.0
2025-05-20 02:00:00,,,,,,,1529.0,1529.0,,,0.0,,,0.0
2025-05-20 03:00:00,,,,,,,1529.0,1529.0,,,0.0,,,0.0
2025-05-20 04:00:00,,,,,,,1533.0,1533.0,,,0.0,,,0.0
2025-05-20 05:00:00,,,,,,,1533.0,1533.0,,,0.0,,,0.0
2025-05-20 06:00:00,,,,,,,1529.0,1529.0,,,0.0,,,0.0
2025-05-20 07:00:00,,,,,,,509.0,509.0,,,0.0,,,0.0
2025-05-20 08:00:00,,,,,,,505.0,504.0,0.0818,0.079399996,4.0,1.0496999,0.0024999976,4.0
2025-05-20 09:00:00,,,,,,,509.0,509.0,,,0.0,,,0.0
2025-05-20 10:00:00,,,,,,,509.0,509.0,,,0.0,,,0.0
2025-05-20 11:00:00,,,,,,,509.0,509.0,,,0.0,,,0.0
2025-05-20 12:00:00,,,,,,,509.0,509.0,,,0.0,,,0.0
2025-05-20 13:00:00,,,,,,,509.0,509.0,,,0.0,,,0.0
2025-05-20 14:00:00,,,,,,,505.0,504.0,1.2888,0.43339998,5.0,0.63769996,0.241,5.0
2025-05-20 15:00:00,,,,,,,505.0,504.0,1.8687999,0.074599996,3.0,0.2978,0.06739998,3.0
2025-05-20 16:00:00,,,,,,,505.0,504.0,1.3457999,0.23799999,6.0,0.5602,0.14349997,6.0
2025-05-20 17:00:00,,,,,,,1533.0,1533.0,0.639,0.0,1.0,0.8665999,0.0,1.0
2025-05-20 18:00:00,,,,,,,1533.0,1533.0,,,0.0,,,0.0
2025-05-20 19:00:00,,,,,,,1533.0,1533.0,,,0.0,,,0.0
2025-05-20 20:00:00,,,,,,,1533.0,1533.0,,,0.0,,,0.0
2025-05-20 21:00:00,,,,,,,1529.0,1529.0,,,0.0,,,0.0
2025-05-20 22:00:00,,,,,,,1533.0,1533.0,,,0.0,,,0.0
2025-05-20 23:00:00,,,,,,,1273.0,1273.0,,,0.0,,,0.0
2025-05-21 00:00:00,,,,,,,1529.0,1529.0,,,0.0,,,0.0
2025-05-21 01:00:00,,,,,,,1533.0,1533.0,,,0.0,,,0.0
2025-05-21 02:00:00,,,,,,,1533.0,1533.0,,,0.0,,,0.0
2025-05-21 03:00:00,,,,,,,1533.0,1533.0,,,0.0,,,0.0
2025-05-21 04:00:00,,,,,,,1533.0,1533.0,,,0.0,,,0.0
2025-05-21 05:00:00,,,,,,,1533.0,1533.0,,,0.0,,,0.0
2025-05-21 06:00:00,,,,,,,1533.0,1533.0,,,0.0,,,0.0
2025-05-21 07:00:00,,,,,,,509.0,509.0,,,0.0,,,0.0
2025-05-21 08:00:00,,,,,,,509.0,509.0,0.2696,0.016999999,2.0,0.97679996,0.0036000013,2.0
2025-05-21 09:00:00,,,,,,,509.0,509.0,0.3542,0.0,1.0,0.9771,0.0,1.0
2025-05-21 10:00:00,,,,,,,509.0,509.0,,,0.0,,,0.0
2025-05-21 11:00:00,,,,,,,509.0,509.0,,,0.0,,,0.0
2025-05-21 12:00:00,,,,,,,509.0,509.0,,,0.0,,,0.0
2025-05-21 13:00:00,,,,,,,2553.0,2552.0,0.4736,0.0,1.0,0.9419,0.0,1.0
2025-05-21 14:00:00,,,,,,,505.0,504.0,1.6272,0.0972,4.0,0.3463,0.054099977,4.0
2025-05-21 15:00:00,,,,,,,509.0,509.0,1.8465999,0.051999997,2.0,0.22679996,0.01639998,2.0
2025-05-21 16:00:00,,,,,,,505.0,504.0,0.6904,0.0,1.0,0.85159993,0.0,1.0
2025-05-21 17:00:00,,,,,,,1529.0,1529.0,0.4806,0.077,2.0,0.8658,0.00029999018,2.0
2025-05-21 18:00:00,,,,,,,1273.0,1273.0,,,0.0,,,0.0
2025-05-21 19:00:00,,,,,,,1273.0,1273.0,,,0.0,,,0.0
2025-05-21 20:00:00,,,,,,,1273.0,1273.0,,,0.0,,,0.0
2025-05-21 21:00:00,,,,,,,1529.0,1529.0,,,0.0,,,0.0
2025-05-21 22:00:00,,,,,,,1273.0,1273.0,,,0.0,,,0.0
2025-05-21 23:00:00,,,,,,,1529.0,1529.0,,,0.0,,,0.0
2025-05-22 00:00:00,,,,,,,1533.0,1533.0,,,0.0,,,0.0
2025-05-22 01:00:00,,,,,,,1529.0,1529.0,,,0.0,,,0.0
2025-05-22 02:00:00,,,,,,,1529.0,1529.0,,,0.0,,,0.0
2025-05-22 03:00:00,,,,,,,1273.0,1273.0,,,0.0,,,0.0
2025-05-22 04:00:00,,,,,,,1273.0,1273.0,,,0.0,,,0.0
2025-05-22 05:00:00,,,,,,,1529.0,1529.0,,,0.0,,,0.0
2025-05-22 06:00:00,,,,,,,1529.0,1529.0,,,0.0,,,0.0
2025-05-22 07:00:00,,,,,,,509.0,509.0,,,0.0,,,0.0
2025-05-22 08:00:00,,,,,,,509.0,509.0,0.3706,0.0436,2.0,1.1003,0.006799996,2.0
2025-05-22 09:00:00,,,,,,,509.0,509.0,,,0.0,,,0.0
2025-05-22 10:00:00,,,,,,,509.0,509.0,,,0.0,,,0.0
2025-05-22 11:00:00,,,,,,,509.0,509.0,,,0.0,,,0.0
2025-05-22 12:00:00,,,,,,,509.0,509.0,,,0.0,,,0.0
2025-05-22 13:00:00,,,,,,,505.0,504.0,0.7004,0.0,1.0,1.0028,0.0,1.0
2025-05-22 14:00:00,,,,,,,505.0,504.0,1.5758,0.2728,6.0,0.6285,0.13299996,6.0
2025-05-22 15:00:00,,,,,,,509.0,509.0,,,0.0,,,0.0
2025-05-22 16:00:00,,,,,,,505.0,504.0,0.8588,0.0,1.0,0.8227,0.0,1.0
2025-05-22 17:00:00,,,,,,,1529.0,1529.0,0.7044,0.0,1.0,0.8464,0.0,1.0
2025-05-22 18:00:00,,,,,,,1273.0,1273.0,,,0.0,,,0.0
2025-05-22 19:00:00,,,,,,,1273.0,1273.0,,,0.0,,,0.0
2025-05-22 20:00:00,,,,,,,1273.0,1273.0,,,0.0,,,0.0
2025-05-22 21:00:00,,,,,,,1529.0,1529.0,,,0.0,,,0.0
2025-05-22 22:00:00,,,,,,,1273.0,1273.0,,,0.0,,,0.0
2025-05-22 23:00:00,,,,,,,1529.0,1529.0,,,0.0,,,0.0
2025-05-23 00:00:00,,,,,,,1533.0,1533.0,,,0.0,,,0.0
2025-05-23 01:00:00,,,,,,,1273.0,1273.0,,,0.0,,,0.0
2025-05-23 02:00:00,,,,,,,1533.0,1533.0,,,0.0,,,0.0
2025-05-23 03:00:00,,,,,,,1533.0,1533.0,,,0.0,,,0.0
2025-05-23 04:00:00,,,,,,,1273.0,1273.0,,,0.0,,,0.0
2025-05-23 05:00:00,,,,,,,1529.0,1529.0,,,0.0,,,0.0
2025-05-23 06:00:00,,,,,,,1533.0,1533.0,,,0.0,,,0.0
2025-05-23 07:00:00,,,,,,,509.0,509.0,,,0.0,,,0.0
2025-05-23 08:00:00,,,,,,,509.0,509.0,,,0.0,,,0.0
2025-05-23 09:00:00,,,,,,,509.0,509.0,,,0.0,,,0.0
2025-05-23 10:00:00,,,,,,,509.0,509.0,,,0.0,,,0.0
2025-05-23 11:00:00,,,,,,,509.0,509.0,,,0.0,,,0.0
2025-05-23 12:00:00,,,,,,,509.0,509.0,,,0.0,,,0.0
2025-05-23 13:00:00,,,,,,,2297.0,2296.0,0.6788,0.0,1.0,0.934,0.0,1.0
2025-05-23 14:00:00,,,,,,,505.0,504.0,1.5139999,0.257,5.0,0.5323,0.15689999,5.0
2025-05-23 15:00:00,,,,,,,509.0,509.0,,,0.0,,,0.0
2025-05-23 16:00:00,,,,,,,509.0,509.0,,,0.0,,,0.0
2025-05-23 17:00:00,,,,,,,1533.0,1533.0,,,0.0,,,0.0
2025-05-23 18:00:00,,,,,,,1273.0,1273.0,,,0.0,,,0.0
2025-05-23 19:00:00,,,,,,,1533.0,1533.0,,,0.0,,,0.0
2025-05-23 20:00:00,,,,,,,1529.0,1529.0,,,0.0,,,0.0
2025-05-23 21:00:00,,,,,,,1529.0,1529.0,,,0.0,,,0.0
2025-05-23 22:00:00,,,,,,,1529.0,1529.0,,,0.0,,,0.0
2025-05-23 23:00:00,,,,,,,1533.0,1533.0,,,0.0,,,0.0
2025-05-24 00:00:00,,,,,,,1533.0,1533.0,,,0.0,,,0.0
2025-05-24 01:00:00,,,,,,,1533.0,1533.0,,,0.0,,,0.0
2025-05-24 02:00:00,,,,,,,1529.0,1529.0,,,0.0,,,0.0
2025-05-24 03:00:00,,,,,,,1533.0,1533.0,,,0.0,,,0.0
2025-05-24 04:00:00,,,,,,,1533.0,1533.0,,,0.0,,,0.0
2025-05-24 05:00:00,,,,,,,1533.0,1533.0,,,0.0,,,0.0
2025-05-24 06:00:00,,,,,,,1529.0,1529.0,,,0.0,,,0.0
2025-05-24 07:00:00,,,,,,,509.0,509.0,,,0.0,,,0.0
2025-05-24 08:00:00,,,,,,,509.0,509.0,,,0.0,,,0.0
2025-05-24 09:00:00,,,,,,,509.0,509.0,,,0.0,,,0.0
2025-05-24 10:00:00,,,,,,,509.0,509.0,,,0.0,,,0.0
2025-05-24 11:00:00,,,,,,,509.0,509.0,,,0.0,,,0.0
2025-05-24 12:00:00,,,,,,,509.0,509.0,,,0.0,,,0.0
2025-05-24 13:00:00,,,,,,,509.0,509.0,,,0.0,,,0.0
2025-05-24 14:00:00,,,,,,,509.0,509.0,1.3845999,0.2898,5.0,0.66069996,0.15329999,5.0
2025-05-24 15:00:00,,,,,,,509.0,509.0,,,0.0,,,0.0
2025-05-24 16:00:00,,,,,,,509.0,509.0,1.309,0.0,1.0,0.5524,0.0,1.0
2025-05-24 17:00:00,,,,,,,1533.0,1533.0,,,0.0,,,0.0
2025-05-24 18:00:00,,,,,,,1529.0,1529.0,,,0.0,,,0.0
2025-05-24 19:00:00,,,,,,,1533.0,1533.0,,,0.0,,,0.0
2025-05-24 20:00:00,,,,,,,1273.0,1273.0,,,0.0,,,0.0
2025-05-24 21:00:00,,,,,,,1529.0,1529.0,,,0.0,,,0.0
2025-05-24 22:00:00,,,,,,,1533.0,1533.0,,,0.0,,,0.0
2025-05-24 23:00:00,,,,,,,1529.0,1529.0,,,0.0,,,0.0
2025-05-25 00:00:00,,,,,,,1533.0,1533.0,,,0.0,,,0.0
2025-05-25 01:00:00,,,,,,,1529.0,1529.0,,,0.0,,,0.0
2025-05-25 02:00:00,,,,,,,1529.0,1529.0,,,0.0,,,0.0
2025-05-25 03:00:00,,,,,,,1533.0,1533.0,,,0.0,,,0.0
2025-05-25 04:00:00,,,,,,,1533.0,1533.0,,,0.0,,,0.0
2025-05-25 05:00:00,,,,,,,1273.0,1273.0,,,0.0,,,0.0
2025-05-25 06:00:00,,,,,,,1533.0,1533.0,,,0.0,,,0.0
2025-05-25 07:00:00,,,,,,,509.0,509.0,,,0.0,,,0.0
2025-05-25 08:00:00,,,,,,,509.0,509.0,,,0.0,,,0.0
2025-05-25 09:00:00,,,,,,,509.0,509.0,,,0.0,,,0.0
2025-05-25 10:00:00,,,,,,,509.0,509.0,,,0.0,,,0.0
2025-05-25 11:00:00,,,,,,,509.0,509.0,,,0.0,,,0.0
2025-05-25 12:00:00,,,,,,,509.0,509.0,,,0.0,,,0.0
2025-05-25 13:00:00,,,,,,,2553.0,2552.0,0.3172,0.0,1.0,1.0279,0.0,1.0
2025-05-25 14:00:00,,,,,,,509.0,509.0,1.263,0.22479999,4.0,0.62259996,0.13589996,4.0
2025-05-25 15:00:00,,,,,,,509.0,509.0,,,0.0,,,0.0
2025-05-25 16:00:00,,,,,,,509.0,509.0,,,0.0,,,0.0
2025-05-25 17:00:00,,,,,,,1533.0,1533.0,0.6918,0.0,1.0,0.6927,0.0,1.0
2025-05-25 18:00:00,,,,,,,1273.0,1273.0,,,0.0,,,0.0
2025-05-25 19:00:00,,,,,,,1273.0,1273.0,,,0.0,,,0.0
2025-05-25 20:00:00,,,,,,,1273.0,1273.0,,,0.0,,,0.0
2025-05-25 21:00:00,,,,,,,1533.0,1533.0,,,0.0,,,0.0
2025-05-25 22:00:00,,,,,,,1529.0,1529.0,,,0.0,,,0.0
2025-05-25 23:00:00,,,,,,,1533.0,1533.0,,,0.0,,,0.0
2025-05-26 00:00:00,,,,,,,1533.0,1533.0,,,0.0,,,0.0
2025-05-26 01:00:00,,,,,,,1533.0,1533.0,,,0.0,,,0.0
2025-05-26 02:00:00,,,,,,,1533.0,1533.0,,,0.0,,,0.0
2025-05-26 03:00:00,,,,,,,1533.0,1533.0,,,0.0,,,0.0
2025-05-26 04:00:00,,,,,,,1533.0,1533.0,,,0.0,,,0.0
2025-05-26 05:00:00,,,,,,,1529.0,1529.0,,,0.0,,,0.0
2025-05-26 06:00:00,,,,,,,1533.0,1533.0,,,0.0,,,0.0
2025-05-26 07:00:00,,,,,,,509.0,509.0,,,0.0,,,0.0
2025-05-26 08:00:00,,,,,,,509.0,509.0,,,0.0,,,0.0
2025-05-26 09:00:00,,,,,,,509.0,509.0,,,0.0,,,0.0
2025-05-26 10:00:00,,,,,,,509.0,509.0,,,0.0,,,0.0
2025-05-26 11:00:00,,,,,,,509.0,509.0,,,0.0,,,0.0
2025-05-26 12:00:00,,,,,,,509.0,509.0,,,0.0,,,0.0
2025-05-26 13:00:00,,,,,,,509.0,509.0,,,0.0,,,0.0
2025-05-26 14:00:00,,,,,,,505.0,504.0,0.86759996,0.23079999,3.0,0.89269996,0.1516,3.0
2025-05-26 15:00:00,,,,,,,505.0,504.0,0.96379995,0.212,5.0,0.6859,0.15560001,5.0
2025-05-26 16:00:00,,,,,,,509.0,509.0,1.0813999,0.088599995,4.0,0.58009994,0.047800004,4.0
2025-05-26 17:00:00,,,,,,,1533.0,1533.0,,,0.0,,,0.0
2025-05-26 18:00:00,,,,,,,1533.0,1533.0,,,0.0,,,0.0
2025-05-26 19:00:00,,,,,,,1529.0,1529.0,,,0.0,,,0.0
2025-05-26 20:00:00,,,,,,,1533.0,1533.0,,,0.0,,,0.0
2025-05-26 21:00:00,,,,,,,1533.0,1533.0,,,0.0,,,0.0
2025-05-26 22:00:00,,,,,,,1533.0,1533.0,,,0.0,,,0.0
2025-05-26 23:00:00,,,,,,,1533.0,1533.0,,,0.0,,,0.0
2025-05-27 00:00:00,,,,,,,1533.0,1533.0,,,0.0,,,0.0
2025-05-27 01:00:00,,,,,,,1529.0,1529.0,,,0.0,,,0.0
2025-05-27 02:00:00,,,,,,,1533.0,1533.0,,,0.0,,,0.0
2025-05-27 03:00:00,,,,,,,1533.0,1533.0,,,0.0,,,0.0
2025-05-27 04:00:00,,,,,,,1533.0,1533.0,,,0.0,,,0.0
2025-05-27 05:00:00,,,,,,,1529.0,1529.0,,,0.0,,,0.0
2025-05-27 06:00:00,,,,,,,1533.0,1533.0,,,0.0,,,0.0
2025-05-27 07:00:00,,,,,,,509.0,509.0,,,0.0,,,0.0
2025-05-27 08:00:00,,,,,,,509.0,509.0,,,0.0,,,0.0
2025-05-27 09:00:00,,,,,,,509.0,509.0,,,0.0,,,0.0
2025-05-27 10:00:00,,,,,,,509.0,509.0,,,0.0,,,0.0
2025-05-27 11:00:00,,,,,,,509.0,509.0,,,0.0,,,0.0
2025-05-27 12:00:00,,,,,,,509.0,509.0,,,0.0,,,0.0
2025-05-27 13:00:00,,,,,,,505.0,505.0,,,0.0,,,0.0
2025-05-27 14:00:00,,,,,,,509.0,509.0,,,0.0,,,0.0
2025-05-27 15:00:00,,,,,,,509.0,509.0,,,0.0,,,0.0
2025-05-27 16:00:00,,,,,,,509.0,509.0,,,0.0,,,0.0
2025-05-27 17:00:00,,,,,,,1533.0,1533.0,,,0.0,,,0.0
2025-05-27 18:00:00,,,,,,,1533.0,1533.0,,,0.0,,,0.0
2025-05-27 19:00:00,,,,,,,1533.0,1533.0,,,0.0,,,0.0
2025-05-27 20:00:00,,,,,,,1533.0,1533.0,,,0.0,,,0.0
2025-05-27 21:00:00,,,,,,,1533.0,1533.0,,,0.0,,,0.0
2025-05-27 22:00:00,,,,,,,1273.0,1273.0,,,0.0,,,0.0
2025-05-27 23:00:00,,,,,,,1529.0,1529.0,,,0.0,,,0.0
2025-05-28 00:00:00,,,,,,,1533.0,1533.0,,,0.0,,,0.0
2025-05-28 01:00:00,,,,,,,1533.0,1533.0,,,0.0,,,0.0
2025-05-28 02:00:00,,,,,,,1529.0,1529.0,,,0.0,,,0.0
2025-05-28 03:00:00,,,,,,,1529.0,1529.0,,,0.0,,,0.0
2025-05-28 04:00:00,,,,,,,1533.0,1533.0,,,0.0,,,0.0
2025-05-28 05:00:00,,,,,,,1529.0,1529.0,,,0.0,,,0.0
2025-05-28 06:00:00,,,,,,,1533.0,1533.0,,,0.0,,,0.0
2025-05-28 07:00:00,,,,,,,509.0,509.0,,,0.0,,,0.0
2025-05-28 08:00:00,,,,,,,509.0,509.0,,,0.0,,,0.0
2025-05-28 09:00:00,,,,,,,509.0,509.0,,,0.0,,,0.0
2025-05-28 10:00:00,,,,,,,509.0,509.0,,,0.0,,,0.0
2025-05-28 11:00:00,,,,,,,509.0,509.0,,,0.0,,,0.0
2025-05-28 12:00:00,,,,,,,509.0,509.0,,,0.0,,,0.0
2025-05-28 13:00:00,,,,,,,509.0,509.0,,,0.0,,,0.0
2025-05-28 14:00:00,,,,,,,505.0,504.0,0.5918,0.0714,2.0,0.90199995,0.08349997,2.0
2025-05-28 15:00:00,,,,,,,509.0,509.0,1.2846,0.0,1.0,0.241,0.0,1.0
2025-05-28 16:00:00,,,,,,,509.0,509.0,1.1782,0.19219999,5.0,0.39269996,0.11809999,5.0
2025-05-28 17:00:00,,,,,,,1533.0,1533.0,,,0.0,,,0.0
2025-05-28 18:00:00,,,,,,,1529.0,1529.0,,,0.0,,,0.0
2025-05-28 19:00:00,,,,,,,1533.0,1533.0,,,0.0,,,0.0
2025-05-28 20:00:00,,,,,,,1529.0,1529.0,,,0.0,,,0.0
2025-05-28 21:00:00,,,,,,,1529.0,1529.0,,,0.0,,,0.0
2025-05-28 22:00:00,,,,,,,1529.0,1529.0,,,0.0,,,0.0
2025-05-28 23:00:00,,,,,,,1533.0,1533.0,,,0.0,,,0.0
2025-05-29 00:00:00,,,,,,,1533.0,1533.0,,,0.0,,,0.0
2025-05-29 01:00:00,,,,,,,1529.0,1529.0,,,0.0,,,0.0
2025-05-29 02:00:00,,,,,,,1273.0,1273.0,,,0.0,,,0.0
2025-05-29 03:00:00,,,,,,,1533.0,1533.0,,,0.0,,,0.0
2025-05-29 04:00:00,,,,,,,1533.0,1533.0,,,0.0,,,0.0
2025-05-29 05:00:00,,,,,,,1533.0,1533.0,,,0.0,,,0.0
2025-05-29 06:00:00,,,,,,,1533.0,1533.0,,,0.0,,,0.0
2025-05-29 07:00:00,,,,,,,505.0,504.0,0.587,0.0,1.0,0.8061,0.0,1.0
2025-05-29 08:00:00,,,,,,,509.0,509.0,0.58919996,0.121,4.0,0.8037,0.03130001,4.0
2025-05-29 09:00:00,,,,,,,509.0,509.0,,,0.0,,,0.0
2025-05-29 10:00:00,,,,,,,509.0,509.0,,,0.0,,,0.0
2025-05-29 11:00:00,,,,,,,509.0,509.0,,,0.0,,,0.0
2025-05-29 12:00:00,,,,,,,505.0,505.0,,,0.0,,,0.0
2025-05-29 13:00:00,,,,,,,509.0,509.0,,,0.0,,,0.0
2025-05-29 14:00:00,,,,,,,509.0,509.0,0.5866,0.0,1.0,0.9863,0.0,1.0
2025-05-29 15:00:00,,,,,,,509.0,509.0,,,0.0,,,0.0
2025-05-29 16:00:00,,,,,,,509.0,509.0,,,0.0,,,0.0
2025-05-29 17:00:00,,,,,,,1533.0,1533.0,,,0.0,,,0.0
2025-05-29 18:00:00,,,,,,,1529.0,1529.0,,,0.0,,,0.0
2025-05-29 19:00:00,,,,,,,1529.0,1529.0,,,0.0,,,0.0
2025-05-29 20:00:00,,,,,,,1533.0,1533.0,,,0.0,,,0.0
2025-05-29 21:00:00,,,,,,,1533.0,1533.0,,,0.0,,,0.0
2025-05-29 22:00:00,,,,,,,1533.0,1533.0,,,0.0,,,0.0
2025-05-29 23:00:00,,,,,,,1533.0,1533.0,,,0.0,,,0.0
2025-05-30 00:00:00,,,,,,,1533.0,1533.0,,,0.0,,,0.0
2025-05-30 01:00:00,,,,,,,1533.0,1533.0,,,0.0,,,0.0
2025-05-30 02:00:00,,,,,,,1533.0,1533.0,,,0.0,,,0.0
2025-05-30 03:00:00,,,,,,,1529.0,1529.0,,,0.0,,,0.0
2025-05-30 04:00:00,,,,,,,1533.0,1533.0,,,0.0,,,0.0
2025-05-30 05:00:00,,,,,,,1533.0,1533.0,,,0.0,,,0.0
2025-05-30 06:00:00,,,,,,,1533.0,1533.0,,,0.0,,,0.0
2025-05-30 07:00:00,,,,,,,509.0,509.0,,,0.0,,,0.0
2025-05-30 08:00:00,,,,,,,509.0,509.0,,,0.0,,,0.0
2025-05-30 09:00:00,,,,,,,509.0,509.0,,,0.0,,,0.0
2025-05-30 10:00:00,,,,,,,509.0,509.0,,,0.0,,,0.0
2025-05-30 11:00:00,,,,,,,509.0,509.0,,,0.0,,,0.0
2025-05-30 12:00:00,,,,,,,505.0,505.0,,,0.0,,,0.0
2025-05-30 13:00:00,,,,,,,509.0,509.0,,,0.0,,,0.0
2025-05-30 14:00:00,,,,,,,509.0,509.0,,,0.0,,,0.0
2025-05-30 15:00:00,,,,,,,509.0,509.0,,,0.0,,,0.0
2025-05-30 16:00:00,,,,,,,509.0,509.0,,,0.0,,,0.0
2025-05-30 17:00:00,,,,,,,1533.0,1533.0,,,0.0,,,0.0
2025-05-30 18:00:00,,,,,,,1529.0,1529.0,,,0.0,,,0.0
2025-05-30 19:00:00,,,,,,,1533.0,1533.0,,,0.0,,,0.0
2025-05-30 20:00:00,,,,,,,1533.0,1533.0,,,0.0,,,0.0
2025-05-30 21:00:00,,,,,,,1529.0,1529.0,,,0.0,,,0.0
2025-05-30 22:00:00,,,,,,,1533.0,1533.0,,,0.0,,,0.0
2025-05-30 23:00:00,,,,,,,1529.0,1529.0,,,0.0,,,0.0
2025-05-31 00:00:00,,,,,,,1529.0,1529.0,,,0.0,,,0.0
2025-05-31 01:00:00,,,,,,,1533.0,1533.0,,,0.0,,,0.0
2025-05-31 02:00:00,,,,,,,1533.0,1533.0,,,0.0,,,0.0
2025-05-31 03:00:00,,,,,,,1529.0,1529.0,,,0.0,,,0.0
2025-05-31 04:00:00,,,,,,,1533.0,1533.0,,,0.0,,,0.0
2025-05-31 05:00:00,,,,,,,1533.0,1533.0,,,0.0,,,0.0
2025-05-31 06:00:00,,,,,,,1533.0,1533.0,,,0.0,,,0.0
2025-05-31 07:00:00,,,,,,,509.0,509.0,,,0.0,,,0.0
2025-05-31 08:00:00,,,,,,,509.0,509.0,,,0.0,,,0.0
2025-05-31 09:00:00,,,,,,,509.0,509.0,,,0.0,,,0.0
2025-05-31 10:00:00,,,,,,,509.0,509.0,,,0.0,,,0.0
2025-05-31 11:00:00,,,,,,,509.0,509.0,,,0.0,,,0.0
2025-05-31 12:00:00,,,,,,,509.0,509.0,,,0.0,,,0.0
2025-05-31 13:00:00,,,,,,,509.0,509.0,,,0.0,,,0.0
2025-05-31 14:00:00,,,,,,,509.0,509.0,,,0.0,,,0.0
2025-05-31 15:00:00,,,,,,,509.0,509.0,,,0.0,,,0.0
2025-05-31 16:00:00,,,,,,,509.0,509.0,,,0.0,,,0.0
2025-05-31 17:00:00,,,,,,,1533.0,1533.0,,,0.0,,,0.0
2025-05-31 18:00:00,,,,,,,1533.0,1533.0,,,0.0,,,0.0
2025-05-31 19:00:00,,,,,,,1533.0,1533.0,,,0.0,,,0.0
2025-05-31 20:00:00,,,,,,,1533.0,1533.0,,,0.0,,,0.0
2025-05-31 21:00:00,,,,,,,1533.0,1533.0,,,0.0,,,0.0
2025-05-31 22:00:00,,,,,,,1533.0,1533.0,,,0.0,,,0.0
2025-05-31 23:00:00,,,,,,,1529.0,1529.0,,,0.0,,,0.0
2025-06-01 00:00:00,,,,,,,1533.0,1533.0,,,0.0,,,0.0
2025-06-01 01:00:00,,,,,,,1533.0,1533.0,,,0.0,,,0.0
2025-06-01 02:00:00,,,,,,,1529.0,1529.0,,,0.0,,,0.0
2025-06-01 03:00:00,,,,,,,1533.0,1533.0,,,0.0,,,0.0
2025-06-01 04:00:00,,,,,,,1533.0,1533.0,,,0.0,,,0.0
2025-06-01 05:00:00,,,,,,,1533.0,1533.0,,,0.0,,,0.0
2025-06-01 06:00:00,,,,,,,1533.0,1533.0,,,0.0,,,0.0
2025-06-01 07:00:00,,,,,,,509.0,509.0,,,0.0,,,0.0
2025-06-01 08:00:00,,,,,,,509.0,509.0,,,0.0,,,0.0
2025-06-01 09:00:00,,,,,,,509.0,509.0,,,0.0,,,0.0
2025-06-01 10:00:00,,,,,,,509.0,509.0,,,0.0,,,0.0
2025-06-01 11:00:00,,,,,,,509.0,509.0,,,0.0,,,0.0
2025-06-01 12:00:00,,,,,,,509.0,509.0,,,0.0,,,0.0
2025-06-01 13:00:00,,,,,,,509.0,509.0,,,0.0,,,0.0
2025-06-01 14:00:00,,,,,,,509.0,509.0,0.36659998,0.1964,5.0,0.90709996,0.051800013,5.0
2025-06-01 15:00:00,,,,,,,509.0,509.0,,,0.0,,,0.0
2025-06-01 16:00:00,,,,,,,509.0,509.0,,,0.0,,,0.0
2025-06-01 17:00:00,,,,,,,1533.0,1533.0,,,0.0,,,0.0
2025-06-01 18:00:00,,,,,,,1273.0,1273.0,,,0.0,,,0.0
2025-06-01 19:00:00,,,,,,,1529.0,1529.0,,,0.0,,,0.0
2025-06-01 20:00:00,,,,,,,1529.0,1529.0,,,0.0,,,0.0
2025-06-01 21:00:00,,,,,,,1273.0,1273.0,,,0.0,,,0.0
2025-06-01 22:00:00,,,,,,,1273.0,1273.0,,,0.0,,,0.0
2025-06-01 23:00:00,,,,,,,1273.0,1273.0,,,0.0,,,0.0
2025-06-02 00:00:00,,,,,,,1273.0,1273.0,,,0.0,,,0.0
2025-06-02 01:00:00,,,,,,,1533.0,1533.0,,,0.0,,,0.0
2025-06-02 02:00:00,,,,,,,1273.0,1273.0,,,0.0,,,0.0
2025-06-02 03:00:00,,,,,,,1273.0,1273.0,,,0.0,,,0.0
2025-06-02 04:00:00,,,,,,,1273.0,1273.0,,,0.0,,,0.0
2025-06-02 05:00:00,,,,,,,1273.0,1273.0,,,0.0,,,0.0
2025-06-02 06:00:00,,,,,,,1533.0,1533.0,,,0.0,,,0.0
2025-06-02 07:00:00,,,,,,,509.0,509.0,,,0.0,,,0.0
2025-06-02 08:00:00,,,,,,,509.0,509.0,0.019399999,0.0117999995,2.0,1.0185,0.00019997358,2.0
2025-06-02 09:00:00,,,,,,,509.0,509.0,,,0.0,,,0.0
2025-06-02 10:00:00,,,,,,,509.0,509.0,,,0.0,,,0.0
2025-06-02 11:00:00,,,,,,,509.0,509.0,,,0.0,,,0.0
2025-06-02 12:00:00,,,,,,,509.0,509.0,,,0.0,,,0.0
2025-06-02 13:00:00,,,,,,,509.0,509.0,,,0.0,,,0.0
2025-06-02 14:00:00,,,,,,,505.0,504.0,0.47419998,0.253,6.0,0.87529993,0.113299966,6.0
2025-06-02 15:00:00,,,,,,,509.0,509.0,,,0.0,,,0.0
2025-06-02 16:00:00,,,,,,,509.0,509.0,,,0.0,,,0.0
2025-06-02 17:00:00,,,,,,,1533.0,1533.0,,,0.0,,,0.0
2025-06-02 18:00:00,,,,,,,1533.0,1533.0,,,0.0,,,0.0
2025-06-02 19:00:00,,,,,,,1529.0,1529.0,,,0.0,,,0.0
2025-06-02 20:00:00,,,,,,,1273.0,1273.0,,,0.0,,,0.0
2025-06-02 21:00:00,,,,,,,1533.0,1533.0,,,0.0,,,0.0
2025-06-02 22:00:00,,,,,,,1533.0,1533.0,,,0.0,,,0.0
2025-06-02 23:00:00,,,,,,,1529.0,1529.0,,,0.0,,,0.0
2025-06-03 00:00:00,,,,,,,1273.0,1273.0,,,0.0,,,0.0
2025-06-03 01:00:00,,,,,,,1529.0,1529.0,,,0.0,,,0.0
2025-06-03 02:00:00,,,,,,,1273.0,1273.0,,,0.0,,,0.0
2025-06-03 03:00:00,,,,,,,1273.0,1273.0,,,0.0,,,0.0
2025-06-03 04:00:00,,,,,,,1273.0,1273.0,,,0.0,,,0.0
2025-06-03 05:00:00,,,,,,,1273.0,1273.0,,,0.0,,,0.0
2025-06-03 06:00:00,,,,,,,1533.0,1533.0,,,0.0,,,0.0
2025-06-03 07:00:00,,,,,,,509.0,509.0,,,0.0,,,0.0
2025-06-03 08:00:00,,,,,,,509.0,509.0,,,0.0,,,0.0
2025-06-03 09:00:00,,,,,,,509.0,509.0,,,0.0,,,0.0
2025-06-03 10:00:00,,,,,,,509.0,509.0,,,0.0,,,0.0
2025-06-03 11:00:00,,,,,,,509.0,509.0,,,0.0,,,0.0
2025-06-03 12:00:00,,,,,,,509.0,509.0,,,0.0,,,0.0
2025-06-03 13:00:00,,,,,,,509.0,509.0,,,0.0,,,0.0
2025-06-03 14:00:00,,,,,,,505.0,504.0,0.28059998,0.1116,4.0,0.8799,0.012499988,4.0
2025-06-03 15:00:00,,,,,,,509.0,509.0,,,0.0,,,0.0
2025-06-03 16:00:00,,,,,,,509.0,509.0,,,0.0,,,0.0
2025-06-03 17:00:00,,,,,,,1533.0,1533.0,,,0.0,,,0.0
2025-06-03 18:00:00,,,,,,,1533.0,1533.0,,,0.0,,,0.0
2025-06-03 19:00:00,,,,,,,1533.0,1533.0,,,0.0,,,0.0
2025-06-03 20:00:00,,,,,,,1533.0,1533.0,,,0.0,,,0.0
2025-06-03 21:00:00,,,,,,,1533.0,1533.0,,,0.0,,,0.0
2025-06-03 22:00:00,,,,,,,1529.0,1529.0,,,0.0,,,0.0
2025-06-03 23:00:00,,,,,,,1533.0,1533.0,,,0.0,,,0.0
2025-06-04 00:00:00,,,,,,,1533.0,1533.0,,,0.0,,,0.0
2025-06-04 01:00:00,,,,,,,1273.0,1273.0,,,0.0,,,0.0
2025-06-04 02:00:00,,,,,,,1273.0,1273.0,,,0.0,,,0.0
2025-06-04 03:00:00,,,,,,,1273.0,1273.0,,,0.0,,,0.0
2025-06-04 04:00:00,,,,,,,1529.0,1529.0,,,0.0,,,0.0
2025-06-04 05:00:00,,,,,,,1533.0,1533.0,,,0.0,,,0.0
2025-06-04 06:00:00,,,,,,,1529.0,1529.0,,,0.0,,,0.0
2025-06-04 07:00:00,,,,,,,509.0,509.0,,,0.0,,,0.0
2025-06-04 08:00:00,,,,,,,509.0,509.0,,,0.0,,,0.0
2025-06-04 09:00:00,,,,,,,509.0,509.0,,,0.0,,,0.0
2025-06-04 10:00:00,,,,,,,505.0,505.0,,,0.0,,,0.0
2025-06-04 11:00:00,,,,,,,509.0,509.0,,,0.0,,,0.0
2025-06-04 12:00:00,,,,,,,509.0,509.0,,,0.0,,,0.0
2025-06-04 13:00:00,,,,,,,505.0,505.0,,,0.0,,,0.0
2025-06-04 14:00:00,,,,,,,509.0,509.0,,,0.0,,,0.0
2025-06-04 15:00:00,,,,,,,509.0,509.0,0.852,0.0,1.0,0.6273999,0.0,1.0
2025-06-04 16:00:00,,,,,,,509.0,509.0,0.9436,0.0,1.0,0.5761,0.0,1.0
2025-06-04 17:00:00,,,,,,,1533.0,1533.0,,,0.0,,,0.0
2025-06-04 18:00:00,,,,,,,1533.0,1533.0,,,0.0,,,0.0
2025-06-04 19:00:00,,,,,,,1529.0,1529.0,,,0.0,,,0.0
2025-06-04 20:00:00,,,,,,,1533.0,1533.0,,,0.0,,,0.0
2025-06-04 21:00:00,,,,,,,1533.0,1533.0,,,0.0,,,0.0
2025-06-04 22:00:00,,,,,,,1533.0,1533.0,,,0.0,,,0.0
2025-06-04 23:00:00,,,,,,,1533.0,1533.0,,,0.0,,,0.0
2025-06-05 00:00:00,,,,,,,1533.0,1533.0,,,0.0,,,0.0
2025-06-05 01:00:00,,,,,,,1533.0,1533.0,,,0.0,,,0.0
2025-06-05 02:00:00,,,,,,,1533.0,1533.0,,,0.0,,,0.0
2025-06-05 03:00:00,,,,,,,1533.0,1533.0,,,0.0,,,0.0
2025-06-05 04:00:00,,,,,,,1533.0,1533.0,,,0.0,,,0.0
2025-06-05 05:00:00,,,,,,,1533.0,1533.0,,,0.0,,,0.0
2025-06-05 06:00:00,,,,,,,1533.0,1533.0,,,0.0,,,0.0
2025-06-05 07:00:00,,,,,,,509.0,509.0,,,0.0,,,0.0
2025-06-05 08:00:00,,,,,,,505.0,505.0,,,0.0,,,0.0
2025-06-05 09:00:00,,,,,,,509.0,509.0,,,0.0,,,0.0
2025-06-05 10:00:00,,,,,,,509.0,509.0,,,0.0,,,0.0
2025-06-05 11:00:00,,,,,,,509.0,509.0,,,0.0,,,0.0
2025-06-05 12:00:00,,,,,,,509.0,509.0,,,0.0,,,0.0
2025-06-05 13:00:00,,,,,,,509.0,509.0,,,0.0,,,0.0
2025-06-05 14:00:00,,,,,,,509.0,509.0,,,0.0,,,0.0
2025-06-05 15:00:00,,,,,,,509.0,509.0,0.7112,0.0,1.0,0.7909,0.0,1.0
2025-06-05 16:00:00,,,,,,,509.0,509.0,1.2594,0.0,1.0,0.3851,0.0,1.0
2025-06-05 17:00:00,,,,,,,1533.0,1533.0,,,0.0,,,0.0
2025-06-05 18:00:00,,,,,,,1529.0,1529.0,,,0.0,,,0.0
2025-06-05 19:00:00,,,,,,,1533.0,1533.0,,,0.0,,,0.0
2025-06-05 20:00:00,,,,,,,1273.0,1273.0,,,0.0,,,0.0
2025-06-05 21:00:00,,,,,,,1533.0,1533.0,,,0.0,,,0.0
2025-06-05 22:00:00,,,,,,,1529.0,1529.0,,,0.0,,,0.0
2025-06-05 23:00:00,,,,,,,1533.0,1533.0,,,0.0,,,0.0
2025-06-06 00:00:00,,,,,,,1533.0,1533.0,,,0.0,,,0.0
2025-06-06 01:00:00,,,,,,,1533.0,1533.0,,,0.0,,,0.0
2025-06-06 02:00:00,,,,,,,1533.0,1533.0,,,0.0,,,0.0
2025-06-06 03:00:00,,,,,,,1533.0,1533.0,,,0.0,,,0.0
2025-06-06 04:00:00,,,,,,,1533.0,1533.0,,,0.0,,,0.0
2025-06-06 05:00:00,,,,,,,1273.0,1273.0,,,0.0,,,0.0
2025-06-06 06:00:00,,,,,,,1533.0,1533.0,,,0.0,,,0.0
2025-06-06 07:00:00,,,,,,,509.0,509.0,,,0.0,,,0.0
2025-06-06 08:00:00,,,,,,,509.0,509.0,,,0.0,,,0.0
2025-06-06 09:00:00,,,,,,,509.0,509.0,,,0.0,,,0.0
2025-06-06 10:00:00,,,,,,,509.0,509.0,,,0.0,,,0.0
2025-06-06 11:00:00,,,,,,,509.0,509.0,,,0.0,,,0.0
2025-06-06 12:00:00,,,,,,,509.0,509.0,,,0.0,,,0.0
2025-06-06 13:00:00,,,,,,,2553.0,2552.0,0.21859999,0.1328,4.0,0.88,0.005199969,4.0
2025-06-06 14:00:00,,,,,,,505.0,505.0,0.408,0.063,3.0,0.8758,0.010599971,3.0
2025-06-06 15:00:00,,,,,,,505.0,504.0,1.3213999,0.181,4.0,0.4608,0.10100001,4.0
2025-06-06 16:00:00,,,,,,,509.0,509.0,1.3606,0.1554,4.0,0.4173,0.054699957,4.0
2025-06-06 17:00:00,,,,,,,1533.0,1533.0,,,0.0,,,0.0
2025-06-06 18:00:00,,,,,,,1529.0,1529.0,,,0.0,,,0.0
2025-06-06 19:00:00,,,,,,,1533.0,1533.0,,,0.0,,,0.0
2025-06-06 20:00:00,,,,,,,1533.0,1533.0,,,0.0,,,0.0
2025-06-06 21:00:00,,,,,,,1533.0,1533.0,,,0.0,,,0.0
2025-06-06 22:00:00,,,,,,,1533.0,1533.0,,,0.0,,,0.0
2025-06-06 23:00:00,,,,,,,1533.0,1533.0,,,0.0,,,0.0
2025-06-07 00:00:00,,,,,,,1533.0,1533.0,,,0.0,,,0.0
2025-06-07 01:00:00,,,,,,,1273.0,1273.0,,,0.0,,,0.0
2025-06-07 02:00:00,,,,,,,1273.0,1273.0,,,0.0,,,0.0
2025-06-07 03:00:00,,,,,,,1273.0,1273.0,,,0.0,,,0.0
2025-06-07 04:00:00,,,,,,,1273.0,1273.0,,,0.0,,,0.0
2025-06-07 05:00:00,,,,,,,1529.0,1529.0,,,0.0,,,0.0
2025-06-07 06:00:00,,,,,,,1533.0,1533.0,,,0.0,,,0.0
2025-06-07 07:00:00,,,,,,,505.0,505.0,,,0.0,,,0.0
2025-06-07 08:00:00,,,,,,,509.0,509.0,,,0.0,,,0.0
2025-06-07 09:00:00,,,,,,,509.0,509.0,,,0.0,,,0.0
2025-06-07 10:00:00,,,,,,,509.0,509.0,,,0.0,,,0.0
2025-06-07 11:00:00,,,,,,,509.0,509.0,,,0.0,,,0.0
2025-06-07 12:00:00,,,,,,,509.0,509.0,,,0.0,,,0.0
2025-06-07 13:00:00,,,,,,,509.0,509.0,,,0.0,,,0.0
2025-06-07 14:00:00,,,,,,,505.0,504.0,0.5142,0.25779998,6.0,0.8442,0.09990001,6.0
2025-06-07 15:00:00,,,,,,,509.0,509.0,0.754,0.0,1.0,0.6862,0.0,1.0
2025-06-07 16:00:00,,,,,,,509.0,509.0,,,0.0,,,0.0
2025-06-07 17:00:00,,,,,,,1533.0,1533.0,0.80619997,0.0664,2.0,0.62399995,0.010999978,2.0
2025-06-07 18:00:00,,,,,,,1529.0,1529.0,,,0.0,,,0.0
2025-06-07 19:00:00,,,,,,,1273.0,1273.0,,,0.0,,,0.0
2025-06-07 20:00:00,,,,,,,1273.0,1273.0,,,0.0,,,0.0
2025-06-07 21:00:00,,,,,,,1533.0,1533.0,,,0.0,,,0.0
2025-06-07 22:00:00,,,,,,,1533.0,1533.0,,,0.0,,,0.0
2025-06-07 23:00:00,,,,,,,1529.0,1529.0,,,0.0,,,0.0
2025-06-08 00:00:00,,,,,,,1529.0,1529.0,,,0.0,,,0.0
2025-06-08 01:00:00,,,,,,,1273.0,1273.0,,,0.0,,,0.0
2025-06-08 02:00:00,,,,,,,1273.0,1273.0,,,0.0,,,0.0
2025-06-08 03:00:00,,,,,,,1273.0,1273.0,,,0.0,,,0.0
2025-06-08 04:00:00,,,,,,,1273.0,1273.0,,,0.0,,,0.0
2025-06-08 05:00:00,,,,,,,1529.0,1529.0,,,0.0,,,0.0
2025-06-08 06:00:00,,,,,,,1529.0,1529.0,,,0.0,,,0.0
2025-06-08 07:00:00,,,,,,,509.0,509.0,,,0.0,,,0.0
2025-06-08 08:00:00,,,,,,,509.0,509.0,,,0.0,,,0.0
2025-06-08 09:00:00,,,,,,,509.0,509.0,,,0.0,,,0.0
2025-06-08 10:00:00,,,,,,,509.0,509.0,,,0.0,,,0.0
2025-06-08 11:00:00,,,,,,,509.0,509.0,,,0.0,,,0.0
2025-06-08 12:00:00,,,,,,,509.0,509.0,,,0.0,,,0.0
2025-06-08 13:00:00,,,,,,,509.0,509.0,,,0.0,,,0.0
2025-06-08 14:00:00,,,,,,,505.0,504.0,0.6728,0.101799995,4.0,0.7824999,0.055000007,4.0
2025-06-08 15:00:00,,,,,,,509.0,509.0,0.8782,0.0892,2.0,0.628,0.03729999,2.0
2025-06-08 16:00:00,,,,,,,509.0,509.0,0.6422,0.0,1.0,0.7257,0.0,1.0
2025-06-08 17:00:00,,,,,,,1533.0,1533.0,,,0.0,,,0.0
2025-06-08 18:00:00,,,,,,,1533.0,1533.0,,,0.0,,,0.0
2025-06-08 19:00:00,,,,,,,1529.0,1529.0,,,0.0,,,0.0
2025-06-08 20:00:00,,,,,,,1529.0,1529.0,,,0.0,,,0.0
2025-06-08 21:00:00,,,,,,,1273.0,1273.0,,,0.0,,,0.0
2025-06-08 22:00:00,,,,,,,1273.0,1273.0,,,0.0,,,0.0
2025-06-08 23:00:00,,,,,,,1273.0,1273.0,,,0.0,,,0.0
2025-06-09 00:00:00,,,,,,,1273.0,1273.0,,,0.0,,,0.0
2025-06-09 01:00:00,,,,,,,1529.0,1529.0,,,0.0,,,0.0
2025-06-09 02:00:00,,,,,,,1273.0,1273.0,,,0.0,,,0.0
2025-06-09 03:00:00,,,,,,,1273.0,1273.0,,,0.0,,,0.0
2025-06-09 04:00:00,,,,,,,1273.0,1273.0,,,0.0,,,0.0
2025-06-09 05:00:00,,,,,,,1273.0,1273.0,,,0.0,,,0.0
2025-06-09 06:00:00,,,,,,,1273.0,1273.0,,,0.0,,,0.0
2025-06-09 07:00:00,,,,,,,509.0,509.0,,,0.0,,,0.0
2025-06-09 08:00:00,,,,,,,509.0,509.0,,,0.0,,,0.0
2025-06-09 09:00:00,,,,,,,509.0,509.0,,,0.0,,,0.0
2025-06-09 10:00:00,,,,,,,509.0,509.0,,,0.0,,,0.0
2025-06-09 11:00:00,,,,,,,509.0,509.0,,,0.0,,,0.0
2025-06-09 12:00:00,,,,,,,509.0,509.0,,,0.0,,,0.0
2025-06-09 13:00:00,,,,,,,509.0,509.0,,,0.0,,,0.0
2025-06-09 14:00:00,,,,,,,509.0,509.0,,,0.0,,,0.0
2025-06-09 15:00:00,,,,,,,509.0,509.0,0.2674,0.0,1.0,1.0702,0.0,1.0
2025-06-09 16:00:00,,,,,,,509.0,509.0,,,0.0,,,0.0
2025-06-09 17:00:00,,,,,,,1533.0,1533.0,,,0.0,,,0.0
2025-06-09 18:00:00,,,,,,,1529.0,1529.0,,,0.0,,,0.0
2025-06-09 19:00:00,,,,,,,1273.0,1273.0,,,0.0,,,0.0
2025-06-09 20:00:00,,,,,,,1533.0,1533.0,,,0.0,,,0.0
2025-06-09 21:00:00,,,,,,,1533.0,1533.0,,,0.0,,,0.0
2025-06-09 22:00:00,,,,,,,1273.0,1273.0,,,0.0,,,0.0
2025-06-09 23:00:00,,,,,,,1529.0,1529.0,,,0.0,,,0.0
2025-06-10 00:00:00,,,,,,,1533.0,1533.0,,,0.0,,,0.0
2025-06-10 01:00:00,,,,,,,1533.0,1533.0,,,0.0,,,0.0
2025-06-10 02:00:00,,,,,,,1533.0,1533.0,,,0.0,,,0.0
2025-06-10 03:00:00,,,,,,,1529.0,1529.0,,,0.0,,,0.0
2025-06-10 04:00:00,,,,,,,1533.0,1533.0,,,0.0,,,0.0
2025-06-10 05:00:00,,,,,,,1273.0,1273.0,,,0.0,,,0.0
2025-06-10 06:00:00,,,,,,,1533.0,1533.0,,,0.0,,,0.0
2025-06-10 07:00:00,,,,,,,509.0,509.0,,,0.0,,,0.0
2025-06-10 08:00:00,,,,,,,509.0,509.0,,,0.0,,,0.0
2025-06-10 09:00:00,,,,,,,509.0,509.0,,,0.0,,,0.0
2025-06-10 10:00:00,,,,,,,509.0,509.0,,,0.0,,,0.0
2025-06-10 11:00:00,,,,,,,509.0,509.0,,,0.0,,,0.0
2025-06-10 12:00:00,,,,,,,509.0,509.0,,,0.0,,,0.0
2025-06-10 13:00:00,,,,,,,509.0,509.0,,,0.0,,,0.0
2025-06-10 14:00:00,,,,,,,509.0,509.0,,,0.0,,,0.0
2025-06-10 15:00:00,,,,,,,509.0,509.0,,,0.0,,,0.0
2025-06-10 16:00:00,,,,,,,509.0,509.0,,,0.0,,,0.0
2025-06-10 17:00:00,,,,,,,1533.0,1533.0,,,0.0,,,0.0
2025-06-10 18:00:00,,,,,,,1529.0,1529.0,,,0.0,,,0.0
2025-06-10 19:00:00,,,,,,,1533.0,1533.0,,,0.0,,,0.0
2025-06-10 20:00:00,,,,,,,1529.0,1529.0,,,0.0,,,0.0
2025-06-10 21:00:00,,,,,,,1533.0,1533.0,,,0.0,,,0.0
2025-06-10 22:00:00,,,,,,,1529.0,1529.0,,,0.0,,,0.0
2025-06-10 23:00:00,,,,,,,1533.0,1533.0,,,0.0,,,0.0
2025-06-11 00:00:00,,,,,,,1533.0,1533.0,,,0.0,,,0.0
2025-06-11 01:00:00,,,,,,,1533.0,1533.0,,,0.0,,,0.0
2025-06-11 02:00:00,,,,,,,1533.0,1533.0,,,0.0,,,0.0
2025-06-11 03:00:00,,,,,,,1533.0,1533.0,,,0.0,,,0.0
2025-06-11 04:00:00,,,,,,,1533.0,1533.0,,,0.0,,,0.0
2025-06-11 05:00:00,,,,,,,1529.0,1529.0,,,0.0,,,0.0
2025-06-11 06:00:00,,,,,,,1533.0,1533.0,,,0.0,,,0.0
2025-06-11 07:00:00,,,,,,,509.0,509.0,,,0.0,,,0.0
2025-06-11 08:00:00,,,,,,,509.0,509.0,,,0.0,,,0.0
2025-06-11 09:00:00,,,,,,,509.0,509.0,,,0.0,,,0.0
2025-06-11 10:00:00,,,,,,,509.0,509.0,,,0.0,,,0.0
2025-06-11 11:00:00,,,,,,,509.0,509.0,,,0.0,,,0.0
2025-06-11 12:00:00,,,,,,,509.0,509.0,,,0.0,,,0.0
2025-06-11 13:00:00,,,,,,,509.0,509.0,,,0.0,,,0.0
2025-06-11 14:00:00,,,,,,,509.0,509.0,,,0.0,,,0.0
2025-06-11 15:00:00,,,,,,,509.0,509.0,,,0.0,,,0.0
2025-06-11 16:00:00,,,,,,,509.0,509.0,,,0.0,,,0.0
2025-06-11 17:00:00,,,,,,,1533.0,1533.0,,,0.0,,,0.0
2025-06-11 18:00:00,,,,,,,1529.0,1529.0,,,0.0,,,0.0
2025-06-11 19:00:00,,,,,,,1533.0,1533.0,,,0.0,,,0.0
2025-06-11 20:00:00,,,,,,,1529.0,1529.0,,,0.0,,,0.0
2025-06-11 21:00:00,,,,,,,1273.0,1273.0,,,0.0,,,0.0
2025-06-11 22:00:00,,,,,,,1529.0,1529.0,,,0.0,,,0.0
2025-06-11 23:00:00,,,,,,,1529.0,1529.0,,,0.0,,,0.0
2025-06-12 00:00:00,,,,,,,1273.0,1273.0,,,0.0,,,0.0
2025-06-12 01:00:00,,,,,,,1529.0,1529.0,,,0.0,,,0.0
2025-06-12 02:00:00,,,,,,,1533.0,1533.0,,,0.0,,,0.0
2025-06-12 03:00:00,,,,,,,1529.0,1529.0,,,0.0,,,0.0
2025-06-12 04:00:00,,,,,,,1533.0,1533.0,,,0.0,,,0.0
2025-06-12 05:00:00,,,,,,,1529.0,1529.0,,,0.0,,,0.0
2025-06-12 06:00:00,,,,,,,1533.0,1533.0,,,0.0,,,0.0
2025-06-12 07:00:00,,,,,,,509.0,509.0,,,0.0,,,0.0
2025-06-12 08:00:00,,,,,,,509.0,509.0,,,0.0,,,0.0
2025-06-12 09:00:00,,,,,,,509.0,509.0,,,0.0,,,0.0
2025-06-12 10:00:00,,,,,,,509.0,509.0,,,0.0,,,0.0
2025-06-12 11:00:00,,,,,,,509.0,509.0,,,0.0,,,0.0
2025-06-12 12:00:00,,,,,,,509.0,509.0,,,0.0,,,0.0
2025-06-12 13:00:00,,,,,,,509.0,509.0,,,0.0,,,0.0
2025-06-12 14:00:00,,,,,,,509.0,509.0,,,0.0,,,0.0
2025-06-12 15:00:00,,,,,,,509.0,509.0,,,0.0,,,0.0
2025-06-12 16:00:00,,,,,,,509.0,509.0,,,0.0,,,0.0
2025-06-12 17:00:00,,,,,,,1533.0,1533.0,,,0.0,,,0.0
2025-06-12 18:00:00,,,,,,,1533.0,1533.0,,,0.0,,,0.0
2025-06-12 19:00:00,,,,,,,1529.0,1529.0,,,0.0,,,0.0
2025-06-12 20:00:00,,,,,,,1529.0,1529.0,,,0.0,,,0.0
2025-06-12 21:00:00,,,,,,,1533.0,1533.0,,,0.0,,,0.0
2025-06-12 22:00:00,,,,,,,1533.0,1533.0,,,0.0,,,0.0
2025-06-12 23:00:00,,,,,,,1529.0,1529.0,,,0.0,,,0.0
2025-06-13 00:00:00,,,,,,,1533.0,1533.0,,,0.0,,,0.0
2025-06-13 01:00:00,,,,,,,1529.0,1529.0,,,0.0,,,0.0
2025-06-13 02:00:00,,,,,,,1533.0,1533.0,,,0.0,,,0.0
2025-06-13 03:00:00,,,,,,,1529.0,1529.0,,,0.0,,,0.0
2025-06-13 04:00:00,,,,,,,1529.0,1529.0,,,0.0,,,0.0
2025-06-13 05:00:00,,,,,,,1533.0,1533.0,,,0.0,,,0.0
2025-06-13 06:00:00,,,,,,,1533.0,1533.0,,,0.0,,,0.0
2025-06-13 07:00:00,,,,,,,509.0,509.0,,,0.0,,,0.0
2025-06-13 08:00:00,,,,,,,509.0,509.0,,,0.0,,,0.0
2025-06-13 09:00:00,,,,,,,509.0,509.0,,,0.0,,,0.0
2025-06-13 10:00:00,,,,,,,509.0,509.0,,,0.0,,,0.0
2025-06-13 11:00:00,,,,,,,509.0,509.0,,,0.0,,,0.0
2025-06-13 12:00:00,,,,,,,509.0,509.0,,,0.0,,,0.0
2025-06-13 13:00:00,,,,,,,509.0,509.0,,,0.0,,,0.0
2025-06-13 14:00:00,,,,,,,509.0,509.0,,,0.0,,,0.0
2025-06-13 15:00:00,,,,,,,509.0,509.0,,,0.0,,,0.0
2025-06-13 16:00:00,,,,,,,509.0,509.0,,,0.0,,,0.0
2025-06-13 17:00:00,,,,,,,1533.0,1533.0,,,0.0,,,0.0
2025-06-13 18:00:00,,,,,,,1533.0,1533.0,,,0.0,,,0.0
2025-06-13 19:00:00,,,,,,,1533.0,1533.0,,,0.0,,,0.0
2025-06-13 20:00:00,,,,,,,1533.0,1533.0,,,0.0,,,0.0
2025-06-13 21:00:00,,,,,,,1533.0,1533.0,,,0.0,,,0.0
2025-06-13 22:00:00,,,,,,,1533.0,1533.0,,,0.0,,,0.0
2025-06-13 23:00:00,,,,,,,1529.0,1529.0,,,0.0,,,0.0
2025-06-14 00:00:00,,,,,,,1533.0,1533.0,,,0.0,,,0.0
2025-06-14 01:00:00,,,,,,,1533.0,1533.0,,,0.0,,,0.0
2025-06-14 02:00:00,,,,,,,1529.0,1529.0,,,0.0,,,0.0
2025-06-14 03:00:00,,,,,,,1533.0,1533.0,,,0.0,,,0.0
2025-06-14 04:00:00,,,,,,,1533.0,1533.0,,,0.0,,,0.0
2025-06-14 05:00:00,,,,,,,1529.0,1529.0,,,0.0,,,0.0
2025-06-14 06:00:00,,,,,,,1533.0,1533.0,,,0.0,,,0.0
2025-06-14 07:00:00,,,,,,,509.0,509.0,,,0.0,,,0.0
2025-06-14 08:00:00,,,,,,,509.0,509.0,,,0.0,,,0.0
2025-06-14 09:00:00,,,,,,,509.0,509.0,,,0.0,,,0.0
2025-06-14 10:00:00,,,,,,,509.0,509.0,,,0.0,,,0.0
2025-06-14 11:00:00,,,,,,,509.0,509.0,,,0.0,,,0.0
2025-06-14 12:00:00,,,,,,,509.0,509.0,,,0.0,,,0.0
2025-06-14 13:00:00,,,,,,,509.0,509.0,,,0.0,,,0.0
2025-06-14 14:00:00,,,,,,,509.0,509.0,1.2026,0.0,1.0,0.6746,0.0,1.0
2025-06-14 15:00:00,,,,,,,509.0,509.0,,,0.0,,,0.0
2025-06-14 16:00:00,,,,,,,509.0,509.0,,,0.0,,,0.0
2025-06-14 17:00:00,,,,,,,1529.0,1529.0,,,0.0,,,0.0
2025-06-14 18:00:00,,,,,,,1533.0,1533.0,,,0.0,,,0.0
2025-06-14 19:00:00,,,,,,,1273.0,1273.0,,,0.0,,,0.0
2025-06-14 20:00:00,,,,,,,1529.0,1529.0,,,0.0,,,0.0
2025-06-14 21:00:00,,,,,,,1533.0,1533.0,,,0.0,,,0.0
2025-06-14 22:00:00,,,,,,,1529.0,1529.0,,,0.0,,,0.0
2025-06-14 23:00:00,,,,,,,1533.0,1533.0,,,0.0,,,0.0
2025-06-15 00:00:00,,,,,,,1533.0,1533.0,,,0.0,,,0.0
2025-06-15 01:00:00,,,,,,,1533.0,1533.0,,,0.0,,,0.0
2025-06-15 02:00:00,,,,,,,1533.0,1533.0,,,0.0,,,0.0
2025-06-15 03:00:00,,,,,,,1533.0,1533.0,,,0.0,,,0.0
2025-06-15 04:00:00,,,,,,,1533.0,1533.0,,,0.0,,,0.0
2025-06-15 05:00:00,,,,,,,1533.0,1533.0,,,0.0,,,0.0
2025-06-15 06:00:00,,,,,,,1533.0,1533.0,,,0.0,,,0.0
2025-06-15 07:00:00,,,,,,,509.0,509.0,,,0.0,,,0.0
2025-06-15 08:00:00,,,,,,,509.0,509.0,,,0.0,,,0.0
2025-06-15 09:00:00,,,,,,,509.0,509.0,1.207,0.0,1.0,0.58939993,0.0,1.0
2025-06-15 10:00:00,,,,,,,509.0,509.0,,,0.0,,,0.0
2025-06-15 11:00:00,,,,,,,505.0,505.0,,,0.0,,,0.0
2025-06-15 12:00:00,,,,,,,509.0,509.0,,,0.0,,,0.0
2025-06-15 13:00:00,,,,,,,509.0,509.0,,,0.0,,,0.0
2025-06-15 14:00:00,,,,,,,509.0,509.0,,,0.0,,,0.0
2025-06-15 15:00:00,,,,,,,509.0,509.0,,,0.0,,,0.0
2025-06-15 16:00:00,,,,,,,509.0,509.0,,,0.0,,,0.0
2025-06-15 17:00:00,,,,,,,1533.0,1533.0,,,0.0,,,0.0
2025-06-15 18:00:00,,,,,,,1533.0,1533.0,,,0.0,,,0.0
2025-06-15 19:00:00,,,,,,,1533.0,1533.0,,,0.0,,,0.0
2025-06-15 20:00:00,,,,,,,1529.0,1529.0,,,0.0,,,0.0
2025-06-15 21:00:00,,,,,,,1533.0,1533.0,,,0.0,,,0.0
2025-06-15 22:00:00,,,,,,,1533.0,1533.0,,,0.0,,,0.0
2025-06-15 23:00:00,,,,,,,1533.0,1533.0,,,0.0,,,0.0
2025-06-16 00:00:00,,,,,,,1533.0,1533.0,,,0.0,,,0.0
2025-06-16 01:00:00,,,,,,,1533.0,1533.0,,,0.0,,,0.0
2025-06-16 02:00:00,,,,,,,1529.0,1529.0,,,0.0,,,0.0
2025-06-16 03:00:00,,,,,,,1533.0,1533.0,,,0.0,,,0.0
2025-06-16 04:00:00,,,,,,,1529.0,1529.0,,,0.0,,,0.0
2025-06-16 05:00:00,,,,,,,1533.0,1533.0,,,0.0,,,0.0
2025-06-16 06:00:00,,,,,,,1533.0,1533.0,,,0.0,,,0.0
2025-06-16 07:00:00,,,,,,,509.0,509.0,0.43379998,0.0,1.0,0.8679999,0.0,1.0
2025-06-16 08:00:00,,,,,,,509.0,509.0,,,0.0,,,0.0
2025-06-16 09:00:00,,,,,,,509.0,509.0,0.8344,0.0,1.0,0.6996,0.0,1.0
2025-06-16 10:00:00,,,,,,,509.0,509.0,,,0.0,,,0.0
2025-06-16 11:00:00,,,,,,,509.0,509.0,,,0.0,,,0.0
2025-06-16 12:00:00,,,,,,,509.0,509.0,,,0.0,,,0.0
2025-06-16 13:00:00,,,,,,,505.0,505.0,,,0.0,,,0.0
2025-06-16 14:00:00,,,,,,,509.0,509.0,0.9098,0.0,1.0,0.6797,0.0,1.0
2025-06-16 15:00:00,,,,,,,509.0,509.0,,,0.0,,,0.0
2025-06-16 16:00:00,,,,,,,509.0,509.0,,,0.0,,,0.0
2025-06-16 17:00:00,,,,,,,1533.0,1533.0,,,0.0,,,0.0
2025-06-16 18:00:00,,,,,,,1533.0,1533.0,,,0.0,,,0.0
2025-06-16 19:00:00,,,,,,,1533.0,1533.0,,,0.0,,,0.0
2025-06-16 20:00:00,,,,,,,1529.0,1529.0,,,0.0,,,0.0
2025-06-16 21:00:00,,,,,,,1529.0,1529.0,,,0.0,,,0.0
2025-06-16 22:00:00,,,,,,,1533.0,1533.0,,,0.0,,,0.0
2025-06-16 23:00:00,,,,,,,1533.0,1533.0,,,0.0,,,0.0
2025-06-17 00:00:00,,,,,,,1533.0,1533.0,,,0.0,,,0.0
2025-06-17 01:00:00,,,,,,,1529.0,1529.0,,,0.0,,,0.0
2025-06-17 02:00:00,,,,,,,1533.0,1533.0,,,0.0,,,0.0
2025-06-17 03:00:00,,,,,,,1533.0,1533.0,,,0.0,,,0.0
2025-06-17 04:00:00,,,,,,,1533.0,1533.0,,,0.0,,,0.0
2025-06-17 05:00:00,,,,,,,1533.0,1533.0,,,0.0,,,0.0
2025-06-17 06:00:00,,,,,,,1533.0,1533.0,,,0.0,,,0.0
2025-06-17 07:00:00,,,,,,,509.0,509.0,0.106,0.0,1.0,0.8922,0.0,1.0
2025-06-17 08:00:00,,,,,,,509.0,509.0,,,0.0,,,0.0
2025-06-17 09:00:00,,,,,,,509.0,509.0,0.156,0.0,1.0,0.8722,0.0,1.0
2025-06-17 10:00:00,,,,,,,509.0,509.0,,,0.0,,,0.0
2025-06-17 11:00:00,,,,,,,509.0,509.0,,,0.0,,,0.0
2025-06-17 12:00:00,,,,,,,509.0,509.0,,,0.0,,,0.0
2025-06-17 13:00:00,,,,,,,505.0,504.0,0.4666,0.0,1.0,0.926,0.0,1.0
2025-06-17 14:00:00,,,,,,,505.0,505.0,0.6324,0.006,2.0,0.86889994,0.0059999824,2.0
2025-06-17 15:00:00,,,,,,,509.0,509.0,,,0.0,,,0.0
2025-06-17 16:00:00,,,,,,,505.0,505.0,,,0.0,,,0.0
2025-06-17 17:00:00,,,,,,,1533.0,1533.0,0.1174,0.0,1.0,0.6431999,0.0,1.0
2025-06-17 18:00:00,,,,,,,1533.0,1533.0,,,0.0,,,0.0
2025-06-17 19:00:00,,,,,,,1533.0,1533.0,,,0.0,,,0.0
2025-06-17 20:00:00,,,,,,,1529.0,1529.0,,,0.0,,,0.0
2025-06-17 21:00:00,,,,,,,1533.0,1533.0,,,0.0,,,0.0
2025-06-17 22:00:00,,,,,,,1533.0,1533.0,,,0.0,,,0.0
2025-06-17 23:00:00,,,,,,,1533.0,1533.0,,,0.0,,,0.0
2025-06-18 00:00:00,,,,,,,1533.0,1533.0,,,0.0,,,0.0
2025-06-18 01:00:00,,,,,,,1533.0,1533.0,,,0.0,,,0.0
2025-06-18 02:00:00,,,,,,,1533.0,1533.0,,,0.0,,,0.0
2025-06-18 03:00:00,,,,,,,1533.0,1533.0,,,0.0,,,0.0
2025-06-18 04:00:00,,,,,,,1533.0,1533.0,,,0.0,,,0.0
2025-06-18 05:00:00,,,,,,,1533.0,1533.0,,,0.0,,,0.0
2025-06-18 06:00:00,,,,,,,1533.0,1533.0,,,0.0,,,0.0
2025-06-18 07:00:00,,,,,,,509.0,509.0,,,0.0,,,0.0
2025-06-18 08:00:00,,,,,,,509.0,509.0,,,0.0,,,0.0
2025-06-18 09:00:00,,,,,,,509.0,509.0,,,0.0,,,0.0
2025-06-18 10:00:00,,,,,,,509.0,509.0,,,0.0,,,0.0
2025-06-18 11:00:00,,,,,,,509.0,509.0,,,0.0,,,0.0
2025-06-18 12:00:00,,,,,,,509.0,509.0,,,0.0,,,0.0
2025-06-18 13:00:00,,,,,,,509.0,509.0,0.737,0.1858,3.0,0.8174,0.07550001,3.0
2025-06-18 14:00:00,,,,,,,509.0,509.0,0.43179998,0.0488,2.0,0.90709996,0.010299981,2.0
2025-06-18 15:00:00,,,,,,,509.0,509.0,,,0.0,,,0.0
2025-06-18 16:00:00,,,,,,,509.0,509.0,,,0.0,,,0.0
2025-06-18 17:00:00,,,,,,,1533.0,1533.0,,,0.0,,,0.0
2025-06-18 18:00:00,,,,,,,1533.0,1533.0,,,0.0,,,0.0
2025-06-18 19:00:00,,,,,,,1533.0,1533.0,,,0.0,,,0.0
2025-06-18 20:00:00,,,,,,,1533.0,1533.0,,,0.0,,,0.0
2025-06-18 21:00:00,,,,,,,1533.0,1533.0,,,0.0,,,0.0
2025-06-18 22:00:00,,,,,,,1533.0,1533.0,,,0.0,,,0.0
2025-06-18 23:00:00,,,,,,,1529.0,1529.0,,,0.0,,,0.0
2025-06-19 00:00:00,,,,,,,1533.0,1533.0,,,0.0,,,0.0
2025-06-19 01:00:00,,,,,,,1529.0,1529.0,,,0.0,,,0.0
2025-06-19 02:00:00,,,,,,,1529.0,1529.0,,,0.0,,,0.0
2025-06-19 03:00:00,,,,,,,1533.0,1533.0,,,0.0,,,0.0
2025-06-19 04:00:00,,,,,,,1533.0,1533.0,,,0.0,,,0.0
2025-06-19 05:00:00,,,,,,,1273.0,1273.0,,,0.0,,,0.0
2025-06-19 06:00:00,,,,,,,1529.0,1529.0,,,0.0,,,0.0
2025-06-19 07:00:00,,,,,,,509.0,509.0,,,0.0,,,0.0
2025-06-19 08:00:00,,,,,,,509.0,509.0,,,0.0,,,0.0
2025-06-19 09:00:00,,,,,,,505.0,505.0,1.4454,0.0,1.0,0.54699993,0.0,1.0
2025-06-19 10:00:00,,,,,,,509.0,509.0,,,0.0,,,0.0
2025-06-19 11:00:00,,,,,,,509.0,509.0,,,0.0,,,0.0
2025-06-19 12:00:00,,,,,,,509.0,509.0,,,0.0,,,0.0
2025-06-19 13:00:00,,,,,,,509.0,509.0,,,0.0,,,0.0
2025-06-19 14:00:00,,,,,,,509.0,509.0,,,0.0,,,0.0
2025-06-19 15:00:00,,,,,,,509.0,509.0,,,0.0,,,0.0
2025-06-19 16:00:00,,,,,,,505.0,504.0,0.40739998,0.0,1.0,0.8026,0.0,1.0
2025-06-19 17:00:00,,,,,,,1529.0,1529.0,0.394,0.0,1.0,0.8593,0.0,1.0
2025-06-19 18:00:00,,,,,,,1529.0,1529.0,,,0.0,,,0.0
2025-06-19 19:00:00,,,,,,,1533.0,1533.0,,,0.0,,,0.0
2025-06-19 20:00:00,,,,,,,1533.0,1533.0,,,0.0,,,0.0
2025-06-19 21:00:00,,,,,,,1533.0,1533.0,,,0.0,,,0.0
2025-06-19 22:00:00,,,,,,,1533.0,1533.0,,,0.0,,,0.0
2025-06-19 23:00:00,,,,,,,1533.0,1533.0,,,0.0,,,0.0
2025-06-20 00:00:00,,,,,,,1533.0,1533.0,,,0.0,,,0.0
2025-06-20 01:00:00,,,,,,,1273.0,1273.0,,,0.0,,,0.0
2025-06-20 02:00:00,,,,,,,1529.0,1529.0,,,0.0,,,0.0
2025-06-20 03:00:00,,,,,,,1273.0,1273.0,,,0.0,,,0.0
2025-06-20 04:00:00,,,,,,,1533.0,1533.0,,,0.0,,,0.0
2025-06-20 05:00:00,,,,,,,1529.0,1529.0,,,0.0,,,0.0
2025-06-20 06:00:00,,,,,,,1529.0,1529.0,,,0.0,,,0.0
2025-06-20 07:00:00,,,,,,,505.0,505.0,,,0.0,,,0.0
2025-06-20 08:00:00,,,,,,,509.0,509.0,,,0.0,,,0.0
2025-06-20 09:00:00,,,,,,,509.0,509.0,1.4892,0.0,1.0,0.6323,0.0,1.0
2025-06-20 10:00:00,,,,,,,509.0,509.0,,,0.0,,,0.0
2025-06-20 11:00:00,,,,,,,509.0,509.0,,,0.0,,,0.0
2025-06-20 12:00:00,,,,,,,509.0,509.0,,,0.0,,,0.0
2025-06-20 13:00:00,,,,,,,509.0,509.0,,,0.0,,,0.0
2025-06-20 14:00:00,,,,,,,509.0,509.0,,,0.0,,,0.0
2025-06-20 15:00:00,,,,,,,509.0,509.0,,,0.0,,,0.0
2025-06-20 16:00:00,,,,,,,509.0,509.0,,,0.0,,,0.0
2025-06-20 17:00:00,,,,,,,1533.0,1533.0,,,0.0,,,0.0
2025-06-20 18:00:00,,,,,,,1273.0,1273.0,,,0.0,,,0.0
2025-06-20 19:00:00,,,,,,,1533.0,1533.0,,,0.0,,,0.0
2025-06-20 20:00:00,,,,,,,1273.0,1273.0,,,0.0,,,0.0
2025-06-20 21:00:00,,,,,,,1533.0,1533.0,,,0.0,,,0.0
2025-06-20 22:00:00,,,,,,,1533.0,1533.0,,,0.0,,,0.0
2025-06-20 23:00:00,,,,,,,1273.0,1273.0,,,0.0,,,0.0
2025-06-21 00:00:00,,,,,,,1273.0,1273.0,,,0.0,,,0.0
2025-06-21 01:00:00,,,,,,,1529.0,1529.0,,,0.0,,,0.0
2025-06-21 02:00:00,,,,,,,1273.0,1273.0,,,0.0,,,0.0
2025-06-21 03:00:00,,,,,,,1533.0,1533.0,,,0.0,,,0.0
2025-06-21 04:00:00,,,,,,,1529.0,1529.0,,,0.0,,,0.0
2025-06-21 05:00:00,,,,,,,1533.0,1533.0,,,0.0,,,0.0
2025-06-21 06:00:00,,,,,,,1533.0,1533.0,,,0.0,,,0.0
2025-06-21 07:00:00,,,,,,,509.0,509.0,,,0.0,,,0.0
2025-06-21 08:00:00,,,,,,,509.0,509.0,,,0.0,,,0.0
2025-06-21 09:00:00,,,,,,,509.0,509.0,,,0.0,,,0.0
2025-06-21 10:00:00,,,,,,,509.0,509.0,,,0.0,,,0.0
2025-06-21 11:00:00,,,,,,,509.0,509.0,,,0.0,,,0.0
2025-06-21 12:00:00,,,,,,,509.0,509.0,,,0.0,,,0.0
2025-06-21 13:00:00,,,,,,,509.0,509.0,,,0.0,,,0.0
2025-06-21 14:00:00,,,,,,,505.0,504.0,0.5218,0.21779999,5.0,1.0059999,0.06349999,5.0
2025-06-21 15:00:00,,,,,,,505.0,504.0,1.612,0.0,1.0,0.1171,0.0,1.0
2025-06-21 16:00:00,,,,,,,505.0,504.0,0.8488,0.0,1.0,0.668,0.0,1.0
2025-06-21 17:00:00,,,,,,,1533.0,1533.0,0.48079997,0.113199994,3.0,0.85249996,0.036599994,3.0
2025-06-21 18:00:00,,,,,,,1529.0,1529.0,,,0.0,,,0.0
2025-06-21 19:00:00,,,,,,,1533.0,1533.0,,,0.0,,,0.0
2025-06-21 20:00:00,,,,,,,1273.0,1273.0,,,0.0,,,0.0
2025-06-21 21:00:00,,,,,,,1273.0,1273.0,,,0.0,,,0.0
2025-06-21 22:00:00,,,,,,,1273.0,1273.0,,,0.0,,,0.0
2025-06-21 23:00:00,,,,,,,1273.0,1273.0,,,0.0,,,0.0
2025-06-22 00:00:00,,,,,,,1273.0,1273.0,,,0.0,,,0.0
2025-06-22 01:00:00,,,,,,,1529.0,1529.0,,,0.0,,,0.0
2025-06-22 02:00:00,,,,,,,1273.0,1273.0,,,0.0,,,0.0
2025-06-22 03:00:00,,,,,,,1273.0,1273.0,,,0.0,,,0.0
2025-06-22 04:00:00,,,,,,,1273.0,1273.0,,,0.0,,,0.0
2025-06-22 05:00:00,,,,,,,1273.0,1273.0,,,0.0,,,0.0
2025-06-22 06:00:00,,,,,,,1273.0,1273.0,,,0.0,,,0.0
2025-06-22 07:00:00,,,,,,,505.0,505.0,0.1004,0.0,1.0,1.0440999,0.0,1.0
2025-06-22 08:00:00,,,,,,,509.0,509.0,,,0.0,,,0.0
2025-06-22 09:00:00,,,,,,,509.0,509.0,,,0.0,,,0.0
2025-06-22 10:00:00,,,,,,,509.0,509.0,,,0.0,,,0.0
2025-06-22 11:00:00,,,,,,,509.0,509.0,,,0.0,,,0.0
2025-06-22 12:00:00,,,,,,,509.0,509.0,,,0.0,,,0.0
2025-06-22 13:00:00,,,,,,,509.0,509.0,,,0.0,,,0.0
2025-06-22 14:00:00,,,,,,,505.0,504.0,0.68439996,0.2694,5.0,0.86829996,0.15209997,5.0
2025-06-22 15:00:00,,,,,,,509.0,509.0,1.3412,0.0,1.0,0.2353,0.0,1.0
2025-06-22 16:00:00,,,,,,,509.0,509.0,,,0.0,,,0.0
2025-06-22 17:00:00,,,,,,,1529.0,1529.0,,,0.0,,,0.0
2025-06-22 18:00:00,,,,,,,1529.0,1529.0,,,0.0,,,0.0
2025-06-22 19:00:00,,,,,,,1533.0,1533.0,,,0.0,,,0.0
2025-06-22 20:00:00,,,,,,,1533.0,1533.0,,,0.0,,,0.0
2025-06-22 21:00:00,,,,,,,1529.0,1529.0,,,0.0,,,0.0
2025-06-22 22:00:00,,,,,,,1533.0,1533.0,,,0.0,,,0.0
2025-06-22 23:00:00,,,,,,,1529.0,1529.0,,,0.0,,,0.0
2025-06-23 00:00:00,,,,,,,1533.0,1533.0,,,0.0,,,0.0
2025-06-23 01:00:00,,,,,,,1533.0,1533.0,,,0.0,,,0.0
2025-06-23 02:00:00,,,,,,,1273.0,1273.0,,,0.0,,,0.0
2025-06-23 03:00:00,,,,,,,1273.0,1273.0,,,0.0,,,0.0
2025-06-23 04:00:00,,,,,,,1529.0,1529.0,,,0.0,,,0.0
2025-06-23 05:00:00,,,,,,,1529.0,1529.0,,,0.0,,,0.0
2025-06-23 06:00:00,,,,,,,1533.0,1533.0,,,0.0,,,0.0
2025-06-23 07:00:00,,,,,,,505.0,505.0,,,0.0,,,0.0
2025-06-23 08:00:00,,,,,,,509.0,509.0,,,0.0,,,0.0
2025-06-23 09:00:00,,,,,,,509.0,509.0,,,0.0,,,0.0
2025-06-23 10:00:00,,,,,,,509.0,509.0,,,0.0,,,0.0
2025-06-23 11:00:00,,,,,,,505.0,505.0,,,0.0,,,0.0
2025-06-23 12:00:00,,,,,,,509.0,509.0,,,0.0,,,0.0
2025-06-23 13:00:00,,,,,,,509.0,509.0,,,0.0,,,0.0
2025-06-23 14:00:00,,,,,,,2553.0,2552.0,0.5818,0.1792,3.0,0.92579997,0.13309997,3.0
2025-06-23 15:00:00,,,,,,,509.0,509.0,0.44,0.067,2.0,0.87909997,0.08090001,2.0
2025-06-23 16:00:00,,,,,,,505.0,504.0,0.3486,0.1048,5.0,0.8369,0.101199985,5.0
2025-06-23 17:00:00,,,,,,,1533.0,1533.0,0.1348,0.12879999,2.0,0.8721,0.117599964,2.0
2025-06-23 18:00:00,,,,,,,1529.0,1529.0,,,0.0,,,0.0
2025-06-23 19:00:00,,,,,,,1273.0,1273.0,,,0.0,,,0.0
2025-06-23 20:00:00,,,,,,,1533.0,1533.0,,,0.0,,,0.0
2025-06-23 21:00:00,,,,,,,1529.0,1529.0,,,0.0,,,0.0
2025-06-23 22:00:00,,,,,,,1529.0,1529.0,,,0.0,,,0.0
2025-06-23 23:00:00,,,,,,,1529.0,1529.0,,,0.0,,,0.0
2025-06-24 00:00:00,,,,,,,1533.0,1533.0,,,0.0,,,0.0
2025-06-24 01:00:00,,,,,,,1533.0,1533.0,,,0.0,,,0.0
2025-06-24 02:00:00,,,,,,,1529.0,1529.0,,,0.0,,,0.0
2025-06-24 03:00:00,,,,,,,1273.0,1273.0,,,0.0,,,0.0
2025-06-24 04:00:00,,,,,,,1273.0,1273.0,,,0.0,,,0.0
2025-06-24 05:00:00,,,,,,,1273.0,1273.0,,,0.0,,,0.0
2025-06-24 06:00:00,,,,,,,1533.0,1533.0,,,0.0,,,0.0
2025-06-24 07:00:00,,,,,,,509.0,509.0,,,0.0,,,0.0
2025-06-24 08:00:00,,,,,,,509.0,509.0,,,0.0,,,0.0
2025-06-24 09:00:00,,,,,,,509.0,509.0,,,0.0,,,0.0
2025-06-24 10:00:00,,,,,,,509.0,509.0,,,0.0,,,0.0
2025-06-24 11:00:00,,,,,,,509.0,509.0,,,0.0,,,0.0
2025-06-24 12:00:00,,,,,,,509.0,509.0,,,0.0,,,0.0
2025-06-24 13:00:00,,,,,,,509.0,509.0,,,0.0,,,0.0
2025-06-24 14:00:00,,,,,,,509.0,509.0,0.49899998,0.5148,3.0,0.8385999,0.25309998,3.0
2025-06-24 15:00:00,,,,,,,509.0,509.0,,,0.0,,,0.0
2025-06-24 16:00:00,,,,,,,509.0,509.0,,,0.0,,,0.0
2025-06-24 17:00:00,,,,,,,1529.0,1529.0,0.20639999,0.088199995,3.0,0.87099993,0.08349997,3.0
2025-06-24 18:00:00,,,,,,,1529.0,1529.0,,,0.0,,,0.0
2025-06-24 19:00:00,,,,,,,1529.0,1529.0,,,0.0,,,0.0
2025-06-24 20:00:00,,,,,,,1533.0,1533.0,,,0.0,,,0.0
2025-06-24 21:00:00,,,,,,,1533.0,1533.0,,,0.0,,,0.0
2025-06-24 22:00:00,,,,,,,1529.0,1529.0,,,0.0,,,0.0
2025-06-24 23:00:00,,,,,,,1529.0,1529.0,,,0.0,,,0.0
2025-06-25 00:00:00,,,,,,,1533.0,1533.0,,,0.0,,,0.0
2025-06-25 01:00:00,,,,,,,1273.0,1273.0,,,0.0,,,0.0
2025-06-25 02:00:00,,,,,,,1273.0,1273.0,,,0.0,,,0.0
2025-06-25 03:00:00,,,,,,,1273.0,1273.0,,,0.0,,,0.0
2025-06-25 04:00:00,,,,,,,1529.0,1529.0,,,0.0,,,0.0
2025-06-25 05:00:00,,,,,,,1273.0,1273.0,,,0.0,,,0.0
2025-06-25 06:00:00,,,,,,,1533.0,1533.0,,,0.0,,,0.0
2025-06-25 07:00:00,,,,,,,509.0,509.0,,,0.0,,,0.0
2025-06-25 08:00:00,,,,,,,509.0,509.0,,,0.0,,,0.0
2025-06-25 09:00:00,,,,,,,509.0,509.0,,,0.0,,,0.0
2025-06-25 10:00:00,,,,,,,509.0,509.0,,,0.0,,,0.0
2025-06-25 11:00:00,,,,,,,509.0,509.0,,,0.0,,,0.0
2025-06-25 12:00:00,,,,,,,509.0,509.0,,,0.0,,,0.0
2025-06-25 13:00:00,,,,,,,509.0,509.0,,,0.0,,,0.0
2025-06-25 14:00:00,,,,,,,505.0,504.0,0.40719998,0.1618,3.0,0.96309996,0.062399983,3.0
2025-06-25 15:00:00,,,,,,,509.0,509.0,,,0.0,,,0.0
2025-06-25 16:00:00,,,,,,,509.0,509.0,,,0.0,,,0.0
2025-06-25 17:00:00,,,,,,,1533.0,1533.0,0.2006,0.037,2.0,1.0231999,0.018700004,2.0
2025-06-25 18:00:00,,,,,,,1529.0,1529.0,,,0.0,,,0.0
2025-06-25 19:00:00,,,,,,,1529.0,1529.0,,,0.0,,,0.0
2025-06-25 20:00:00,,,,,,,1529.0,1529.0,,,0.0,,,0.0
2025-06-25 21:00:00,,,,,,,1533.0,1533.0,,,0.0,,,0.0
2025-06-25 22:00:00,,,,,,,1533.0,1533.0,,,0.0,,,0.0
2025-06-25 23:00:00,,,,,,,1273.0,1273.0,,,0.0,,,0.0
2025-06-26 00:00:00,,,,,,,1533.0,1533.0,,,0.0,,,0.0
2025-06-26 01:00:00,,,,,,,1273.0,1273.0,,,0.0,,,0.0
2025-06-26 02:00:00,,,,,,,1533.0,1533.0,,,0.0,,,0.0
2025-06-26 03:00:00,,,,,,,1533.0,1533.0,,,0.0,,,0.0
2025-06-26 04:00:00,,,,,,,1273.0,1273.0,,,0.0,,,0.0
2025-06-26 05:00:00,,,,,,,1273.0,1273.0,,,0.0,,,0.0
2025-06-26 06:00:00,,,,,,,1533.0,1533.0,,,0.0,,,0.0
2025-06-26 07:00:00,,,,,,,509.0,509.0,,,0.0,,,0.0
2025-06-26 08:00:00,,,,,,,509.0,509.0,,,0.0,,,0.0
2025-06-26 09:00:00,,,,,,,509.0,509.0,,,0.0,,,0.0
2025-06-26 10:00:00,,,,,,,509.0,509.0,,,0.0,,,0.0
2025-06-26 11:00:00,,,,,,,509.0,509.0,,,0.0,,,0.0
2025-06-26 12:00:00,,,,,,,509.0,509.0,,,0.0,,,0.0
2025-06-26 13:00:00,,,,,,,509.0,509.0,,,0.0,,,0.0
2025-06-26 14:00:00,,,,,,,509.0,509.0,0.92859995,0.0576,3.0,0.9188,0.0564,3.0
2025-06-26 15:00:00,,,,,,,509.0,509.0,,,0.0,,,0.0
2025-06-26 16:00:00,,,,,,,509.0,509.0,,,0.0,,,0.0
2025-06-26 17:00:00,,,,,,,1533.0,1533.0,,,0.0,,,0.0
2025-06-26 18:00:00,,,,,,,1273.0,1273.0,,,0.0,,,0.0
2025-06-26 19:00:00,,,,,,,1533.0,1533.0,,,0.0,,,0.0
2025-06-26 20:00:00,,,,,,,1529.0,1529.0,,,0.0,,,0.0
2025-06-26 21:00:00,,,,,,,1273.0,1273.0,,,0.0,,,0.0
2025-06-26 22:00:00,,,,,,,1273.0,1273.0,,,0.0,,,0.0
2025-06-26 23:00:00,,,,,,,1273.0,1273.0,,,0.0,,,0.0
2025-06-27 00:00:00,,,,,,,1273.0,1273.0,,,0.0,,,0.0
2025-06-27 01:00:00,,,,,,,1273.0,1273.0,,,0.0,,,0.0
2025-06-27 02:00:00,,,,,,,1529.0,1529.0,,,0.0,,,0.0
2025-06-27 03:00:00,,,,,,,1529.0,1529.0,,,0.0,,,0.0
2025-06-27 04:00:00,,,,,,,1529.0,1529.0,,,0.0,,,0.0
2025-06-27 05:00:00,,,,,,,1273.0,1273.0,,,0.0,,,0.0
2025-06-27 06:00:00,,,,,,,1529.0,1529.0,,,0.0,,,0.0
2025-06-27 07:00:00,,,,,,,509.0,509.0,,,0.0,,,0.0
2025-06-27 08:00:00,,,,,,,509.0,509.0,,,0.0,,,0.0
2025-06-27 09:00:00,,,,,,,509.0,509.0,,,0.0,,,0.0
2025-06-27 10:00:00,,,,,,,509.0,509.0,0.1118,0.0,1.0,0.9662,0.0,1.0
2025-06-27 11:00:00,,,,,,,509.0,509.0,,,0.0,,,0.0
2025-06-27 12:00:00,,,,,,,509.0,509.0,,,0.0,,,0.0
2025-06-27 13:00:00,,,,,,,509.0,509.0,,,0.0,,,0.0
2025-06-27 14:00:00,,,,,,,509.0,509.0,,,0.0,,,0.0
2025-06-27 15:00:00,,,,,,,509.0,509.0,,,0.0,,,0.0
2025-06-27 16:00:00,,,,,,,509.0,509.0,,,0.0,,,0.0
2025-06-27 17:00:00,,,,,,,1533.0,1533.0,,,0.0,,,0.0
2025-06-27 18:00:00,,,,,,,1533.0,1533.0,,,0.0,,,0.0
2025-06-27 19:00:00,,,,,,,1533.0,1533.0,,,0.0,,,0.0
2025-06-27 20:00:00,,,,,,,1533.0,1533.0,,,0.0,,,0.0
2025-06-27 21:00:00,,,,,,,1529.0,1529.0,,,0.0,,,0.0
2025-06-27 22:00:00,,,,,,,1533.0,1533.0,,,0.0,,,0.0
2025-06-27 23:00:00,,,,,,,1533.0,1533.0,,,0.0,,,0.0
2025-06-28 00:00:00,,,,,,,1533.0,1533.0,,,0.0,,,0.0
2025-06-28 01:00:00,,,,,,,1529.0,1529.0,,,0.0,,,0.0
2025-06-28 02:00:00,,,,,,,1533.0,1533.0,,,0.0,,,0.0
2025-06-28 03:00:00,,,,,,,1533.0,1533.0,,,0.0,,,0.0
2025-06-28 04:00:00,,,,,,,1533.0,1533.0,,,0.0,,,0.0
2025-06-28 05:00:00,,,,,,,1533.0,1533.0,,,0.0,,,0.0
2025-06-28 06:00:00,,,,,,,1533.0,1533.0,,,0.0,,,0.0
2025-06-28 07:00:00,,,,,,,509.0,509.0,,,0.0,,,0.0
2025-06-28 08:00:00,,,,,,,509.0,509.0,,,0.0,,,0.0
2025-06-28 09:00:00,,,,,,,509.0,509.0,,,0.0,,,0.0
2025-06-28 10:00:00,,,,,,,509.0,509.0,1.3234,0.0244,3.0,0.6869999,0.0020999908,3.0
2025-06-28 11:00:00,,,,,,,509.0,509.0,,,0.0,,,0.0
2025-06-28 12:00:00,,,,,,,509.0,509.0,,,0.0,,,0.0
2025-06-28 13:00:00,,,,,,,2553.0,2552.0,0.4298,0.0,1.0,0.9304,0.0,1.0
2025-06-28 14:00:00,,,,,,,509.0,509.0,,,0.0,,,0.0
2025-06-28 15:00:00,,,,,,,509.0,509.0,,,0.0,,,0.0
2025-06-28 16:00:00,,,,,,,509.0,509.0,,,0.0,,,0.0
2025-06-28 17:00:00,,,,,,,1533.0,1533.0,,,0.0,,,0.0
2025-06-28 18:00:00,,,,,,,1533.0,1533.0,,,0.0,,,0.0
2025-06-28 19:00:00,,,,,,,1533.0,1533.0,,,0.0,,,0.0
2025-06-28 20:00:00,,,,,,,1529.0,1529.0,,,0.0,,,0.0
2025-06-28 21:00:00,,,,,,,1529.0,1529.0,,,0.0,,,0.0
2025-06-28 22:00:00,,,,,,,1533.0,1533.0,,,0.0,,,0.0
2025-06-28 23:00:00,,,,,,,1529.0,1529.0,,,0.0,,,0.0
2025-06-29 00:00:00,,,,,,,1529.0,1529.0,,,0.0,,,0.0
2025-06-29 01:00:00,,,,,,,1533.0,1533.0,,,0.0,,,0.0
2025-06-29 02:00:00,,,,,,,1533.0,1533.0,,,0.0,,,0.0
2025-06-29 03:00:00,,,,,,,1529.0,1529.0,,,0.0,,,0.0
2025-06-29 04:00:00,,,,,,,1533.0,1533.0,,,0.0,,,0.0
2025-06-29 05:00:00,,,,,,,1533.0,1533.0,,,0.0,,,0.0
2025-06-29 06:00:00,,,,,,,1533.0,1533.0,,,0.0,,,0.0
2025-06-29 07:00:00,,,,,,,509.0,509.0,,,0.0,,,0.0
2025-06-29 08:00:00,,,,,,,509.0,509.0,,,0.0,,,0.0
2025-06-29 09:00:00,,,,,,,505.0,504.0,0.886,0.1748,3.0,0.7046,0.06129998,3.0
2025-06-29 10:00:00,,,,,,,509.0,509.0,1.166,0.0,1.0,0.6114,0.0,1.0
2025-06-29 11:00:00,,,,,,,509.0,509.0,,,0.0,,,0.0
2025-06-29 12:00:00,,,,,,,509.0,509.0,,,0.0,,,0.0
2025-06-29 13:00:00,,,,,,,509.0,509.0,,,0.0,,,0.0
2025-06-29 14:00:00,,,,,,,509.0,509.0,,,0.0,,,0.0
2025-06-29 15:00:00,,,,,,,509.0,509.0,,,0.0,,,0.0
2025-06-29 16:00:00,,,,,,,509.0,509.0,,,0.0,,,0.0
2025-06-29 17:00:00,,,,,,,1533.0,1533.0,,,0.0,,,0.0
2025-06-29 18:00:00,,,,,,,1529.0,1529.0,,,0.0,,,0.0
2025-06-29 19:00:00,,,,,,,1533.0,1533.0,,,0.0,,,0.0
2025-06-29 20:00:00,,,,,,,1533.0,1533.0,,,0.0,,,0.0
2025-06-29 21:00:00,,,,,,,1533.0,1533.0,,,0.0,,,0.0
2025-06-29 22:00:00,,,,,,,1533.0,1533.0,,,0.0,,,0.0
2025-06-29 23:00:00,,,,,,,1533.0,1533.0,,,0.0,,,0.0
2025-06-30 00:00:00,,,,,,,1533.0,1533.0,,,0.0,,,0.0
2025-06-30 01:00:00,,,,,,,1533.0,1533.0,,,0.0,,,0.0
2025-06-30 02:00:00,,,,,,,1533.0,1533.0,,,0.0,,,0.0
2025-06-30 03:00:00,,,,,,,1533.0,1533.0,,,0.0,,,0.0
2025-06-30 04:00:00,,,,,,,1529.0,1529.0,,,0.0,,,0.0
2025-06-30 05:00:00,,,,,,,1529.0,1529.0,,,0.0,,,0.0
2025-06-30 06:00:00,,,,,,,1533.0,1533.0,,,0.0,,,0.0
2025-06-30 07:00:00,,,,,,,509.0,509.0,,,0.0,,,0.0
2025-06-30 08:00:00,,,,,,,509.0,509.0,,,0.0,,,0.0
2025-06-30 09:00:00,,,,,,,509.0,509.0,,,0.0,,,0.0
2025-06-30 10:00:00,,,,,,,509.0,509.0,,,0.0,,,0.0
2025-06-30 11:00:00,,,,,,,509.0,509.0,0.031,0.0,1.0,0.9204,0.0,1.0
2025-06-30 12:00:00,,,,,,,509.0,509.0,,,0.0,,,0.0
2025-06-30 13:00:00,,,,,,,509.0,509.0,,,0.0,,,0.0
2025-06-30 14:00:00,,,,,,,505.0,505.0,0.7942,0.0,1.0,0.8414999,0.0,1.0
2025-06-30 15:00:00,,,,,,,509.0,509.0,,,0.0,,,0.0
2025-06-30 16:00:00,,,,,,,509.0,509.0,,,0.0,,,0.0
2025-06-30 17:00:00,,,,,,,1533.0,1533.0,,,0.0,,,0.0
2025-06-30 18:00:00,,,,,,,1533.0,1533.0,,,0.0,,,0.0
2025-06-30 19:00:00,,,,,,,1533.0,1533.0,,,0.0,,,0.0
2025-06-30 20:00:00,,,,,,,1533.0,1533.0,,,0.0,,,0.0
2025-06-30 21:00:00,,,,,,,1529.0,1529.0,,,0.0,,,0.0
2025-06-30 22:00:00,,,,,,,1529.0,1529.0,,,0.0,,,0.0
2025-06-30 23:00:00,,,,,,,1533.0,1533.0,,,0.0,,,0.0
2025-07-01 00:00:00,,,,,,,1533.0,1533.0,,,0.0,,,0.0
2025-07-01 01:00:00,,,,,,,1529.0,1529.0,,,0.0,,,0.0
2025-07-01 02:00:00,,,,,,,1533.0,1533.0,,,0.0,,,0.0
2025-07-01 03:00:00,,,,,,,1529.0,1529.0,,,0.0,,,0.0
2025-07-01 04:00:00,,,,,,,1529.0,1529.0,,,0.0,,,0.0
2025-07-01 05:00:00,,,,,,,1529.0,1529.0,,,0.0,,,0.0
2025-07-01 06:00:00,,,,,,,1533.0,1533.0,,,0.0,,,0.0
2025-07-01 07:00:00,,,,,,,509.0,509.0,,,0.0,,,0.0
2025-07-01 08:00:00,,,,,,,509.0,509.0,,,0.0,,,0.0
2025-07-01 09:00:00,,,,,,,509.0,509.0,,,0.0,,,0.0
2025-07-01 10:00:00,,,,,,,509.0,509.0,1.6222,0.0,1.0,0.4034,0.0,1.0
2025-07-01 11:00:00,,,,,,,509.0,509.0,0.5844,0.0,1.0,0.87,0.0,1.0
2025-07-01 12:00:00,,,,,,,509.0,509.0,,,0.0,,,0.0
2025-07-01 13:00:00,,,,,,,509.0,509.0,,,0.0,,,0.0
2025-07-01 14:00:00,,,,,,,509.0,509.0,0.6224,0.0,1.0,0.8528,0.0,1.0
2025-07-01 15:00:00,,,,,,,509.0,509.0,0.6472,0.036199998,2.0,0.7846999,0.08459997,2.0
2025-07-01 16:00:00,,,,,,,509.0,509.0,,,0.0,,,0.0
2025-07-01 17:00:00,,,,,,,1533.0,1533.0,,,0.0,,,0.0
2025-07-01 18:00:00,,,,,,,1533.0,1533.0,,,0.0,,,0.0
2025-07-01 19:00:00,,,,,,,1533.0,1533.0,,,0.0,,,0.0
2025-07-01 20:00:00,,,,,,,1533.0,1533.0,,,0.0,,,0.0
2025-07-01 21:00:00,,,,,,,1533.0,1533.0,,,0.0,,,0.0
2025-07-01 22:00:00,,,,,,,1533.0,1533.0,,,0.0,,,0.0
2025-07-01 23:00:00,,,,,,,1533.0,1533.0,,,0.0,,,0.0
2025-07-02 00:00:00,,,,,,,1529.0,1529.0,,,0.0,,,0.0
2025-07-02 01:00:00,,,,,,,1533.0,1533.0,,,0.0,,,0.0
2025-07-02 02:00:00,,,,,,,1529.0,1529.0,,,0.0,,,0.0
2025-07-02 03:00:00,,,,,,,1533.0,1533.0,,,0.0,,,0.0
2025-07-02 04:00:00,,,,,,,1533.0,1533.0,,,0.0,,,0.0
2025-07-02 05:00:00,,,,,,,1529.0,1529.0,,,0.0,,,0.0
2025-07-02 06:00:00,,,,,,,1533.0,1533.0,,,0.0,,,0.0
2025-07-02 07:00:00,,,,,,,509.0,509.0,,,0.0,,,0.0
2025-07-02 08:00:00,,,,,,,509.0,509.0,,,0.0,,,0.0
2025-07-02 09:00:00,,,,,,,509.0,509.0,,,0.0,,,0.0
2025-07-02 10:00:00,,,,,,,509.0,509.0,,,0.0,,,0.0
2025-07-02 11:00:00,,,,,,,509.0,509.0,,,0.0,,,0.0
2025-07-02 12:00:00,,,,,,,505.0,505.0,,,0.0,,,0.0
2025-07-02 13:00:00,,,,,,,509.0,509.0,,,0.0,,,0.0
2025-07-02 14:00:00,,,,,,,509.0,509.0,,,0.0,,,0.0
2025-07-02 15:00:00,,,,,,,505.0,504.0,0.5324,0.12,2.0,0.8615,0.016299963,2.0
2025-07-02 16:00:00,,,,,,,509.0,509.0,0.5334,0.0486,2.0,0.8737,0.0045999885,2.0
2025-07-02 17:00:00,,,,,,,1533.0,1533.0,,,0.0,,,0.0
2025-07-02 18:00:00,,,,,,,1529.0,1529.0,,,0.0,,,0.0
2025-07-02 19:00:00,,,,,,,1533.0,1533.0,,,0.0,,,0.0
2025-07-02 20:00:00,,,,,,,1533.0,1533.0,,,0.0,,,0.0
2025-07-02 21:00:00,,,,,,,1533.0,1533.0,,,0.0,,,0.0
2025-07-02 22:00:00,,,,,,,1533.0,1533.0,,,0.0,,,0.0
2025-07-02 23:00:00,,,,,,,1533.0,1533.0,,,0.0,,,0.0
2025-07-03 00:00:00,,,,,,,1529.0,1529.0,,,0.0,,,0.0
2025-07-03 01:00:00,,,,,,,1533.0,1533.0,,,0.0,,,0.0
2025-07-03 02:00:00,,,,,,,1529.0,1529.0,,,0.0,,,0.0
2025-07-03 03:00:00,,,,,,,1529.0,1529.0,,,0.0,,,0.0
2025-07-03 04:00:00,,,,,,,1533.0,1533.0,,,0.0,,,0.0
2025-07-03 05:00:00,,,,,,,1533.0,1533.0,,,0.0,,,0.0
2025-07-03 06:00:00,,,,,,,1533.0,1533.0,,,0.0,,,0.0
2025-07-03 07:00:00,,,,,,,509.0,509.0,,,0.0,,,0.0
2025-07-03 08:00:00,,,,,,,509.0,509.0,,,0.0,,,0.0
2025-07-03 09:00:00,,,,,,,509.0,509.0,,,0.0,,,0.0
2025-07-03 10:00:00,,,,,,,509.0,509.0,1.5488,0.0,1.0,0.60949993,0.0,1.0
2025-07-03 11:00:00,,,,,,,509.0,509.0,0.1584,0.032199997,2.0,0.8565999,0.00029999018,2.0
2025-07-03 12:00:00,,,,,,,509.0,509.0,,,0.0,,,0.0
2025-07-03 13:00:00,,,,,,,509.0,509.0,,,0.0,,,0.0
2025-07-03 14:00:00,,,,,,,509.0,509.0,,,0.0,,,0.0
2025-07-03 15:00:00,,,,,,,509.0,509.0,,,0.0,,,0.0
2025-07-03 16:00:00,,,,,,,509.0,509.0,,,0.0,,,0.0
2025-07-03 17:00:00,,,,,,,1533.0,1533.0,,,0.0,,,0.0
2025-07-03 18:00:00,,,,,,,1533.0,1533.0,,,0.0,,,0.0
2025-07-03 19:00:00,,,,,,,1533.0,1533.0,,,0.0,,,0.0
2025-07-03 20:00:00,,,,,,,1533.0,1533.0,,,0.0,,,0.0
2025-07-03 21:00:00,,,,,,,1533.0,1533.0,,,0.0,,,0.0
2025-07-03 22:00:00,,,,,,,1533.0,1533.0,,,0.0,,,0.0
2025-07-03 23:00:00,,,,,,,1533.0,1533.0,,,0.0,,,0.0
2025-07-04 00:00:00,,,,,,,1533.0,1533.0,,,0.0,,,0.0
2025-07-04 01:00:00,,,,,,,1533.0,1533.0,,,0.0,,,0.0
2025-07-04 02:00:00,,,,,,,1529.0,1529.0,,,0.0,,,0.0
2025-07-04 03:00:00,,,,,,,1533.0,1533.0,,,0.0,,,0.0
2025-07-04 04:00:00,,,,,,,1533.0,1533.0,,,0.0,,,0.0
2025-07-04 05:00:00,,,,,,,1533.0,1533.0,,,0.0,,,0.0
2025-07-04 06:00:00,,,,,,,1533.0,1533.0,,,0.0,,,0.0
2025-07-04 07:00:00,,,,,,,505.0,504.0,1.551,0.2744,2.0,0.57429993,0.06699997,2.0
2025-07-04 08:00:00,,,,,,,509.0,509.0,,,0.0,,,0.0
2025-07-04 09:00:00,,,,,,,509.0,509.0,0.428,0.0,1.0,0.8025,0.0,1.0
2025-07-04 10:00:00,,,,,,,509.0,509.0,,,0.0,,,0.0
2025-07-04 11:00:00,,,,,,,509.0,509.0,,,0.0,,,0.0
2025-07-04 12:00:00,,,,,,,509.0,509.0,,,0.0,,,0.0
2025-07-04 13:00:00,,,,,,,509.0,509.0,,,0.0,,,0.0
2025-07-04 14:00:00,,,,,,,509.0,509.0,,,0.0,,,0.0
2025-07-04 15:00:00,,,,,,,509.0,509.0,,,0.0,,,0.0
2025-07-04 16:00:00,,,,,,,509.0,509.0,,,0.0,,,0.0
2025-07-04 17:00:00,,,,,,,1533.0,1533.0,,,0.0,,,0.0
2025-07-04 18:00:00,,,,,,,1533.0,1533.0,,,0.0,,,0.0
2025-07-04 19:00:00,,,,,,,1533.0,1533.0,,,0.0,,,0.0
2025-07-04 20:00:00,,,,,,,1533.0,1533.0,,,0.0,,,0.0
2025-07-04 21:00:00,,,,,,,1529.0,1529.0,,,0.0,,,0.0
2025-07-04 22:00:00,,,,,,,1533.0,1533.0,,,0.0,,,0.0
2025-07-04 23:00:00,,,,,,,1529.0,1529.0,,,0.0,,,0.0
2025-07-05 00:00:00,,,,,,,1529.0,1529.0,,,0.0,,,0.0
2025-07-05 01:00:00,,,,,,,1533.0,1533.0,,,0.0,,,0.0
2025-07-05 02:00:00,,,,,,,1533.0,1533.0,,,0.0,,,0.0
2025-07-05 03:00:00,,,,,,,1529.0,1529.0,,,0.0,,,0.0
2025-07-05 04:00:00,,,,,,,1533.0,1533.0,,,0.0,,,0.0
2025-07-05 05:00:00,,,,,,,1533.0,1533.0,,,0.0,,,0.0
2025-07-05 06:00:00,,,,,,,1533.0,1533.0,,,0.0,,,0.0
2025-07-05 07:00:00,,,,,,,509.0,509.0,,,0.0,,,0.0
2025-07-05 08:00:00,,,,,,,509.0,509.0,,,0.0,,,0.0
2025-07-05 09:00:00,,,,,,,509.0,509.0,,,0.0,,,0.0
2025-07-05 10:00:00,,,,,,,509.0,509.0,1.4368,0.0,1.0,0.5683,0.0,1.0
2025-07-05 11:00:00,,,,,,,509.0,509.0,0.318,0.023,3.0,0.9391999,0.000100016594,3.0
2025-07-05 12:00:00,,,,,,,509.0,509.0,,,0.0,,,0.0
2025-07-05 13:00:00,,,,,,,509.0,509.0,,,0.0,,,0.0
2025-07-05 14:00:00,,,,,,,509.0,509.0,0.326,0.196,4.0,0.99899995,0.027799964,4.0
2025-07-05 15:00:00,,,,,,,509.0,509.0,,,0.0,,,0.0
2025-07-05 16:00:00,,,,,,,509.0,509.0,,,0.0,,,0.0
2025-07-05 17:00:00,,,,,,,1533.0,1533.0,,,0.0,,,0.0
2025-07-05 18:00:00,,,,,,,1533.0,1533.0,,,0.0,,,0.0
2025-07-05 19:00:00,,,,,,,1529.0,1529.0,,,0.0,,,0.0
2025-07-05 20:00:00,,,,,,,1533.0,1533.0,,,0.0,,,0.0
2025-07-05 21:00:00,,,,,,,1533.0,1533.0,,,0.0,,,0.0
2025-07-05 22:00:00,,,,,,,1533.0,1533.0,,,0.0,,,0.0
2025-07-05 23:00:00,,,,,,,1533.0,1533.0,,,0.0,,,0.0
2025-07-06 00:00:00,,,,,,,1533.0,1533.0,,,0.0,,,0.0
2025-07-06 01:00:00,,,,,,,1533.0,1533.0,,,0.0,,,0.0
2025-07-06 02:00:00,,,,,,,1533.0,1533.0,,,0.0,,,0.0
2025-07-06 03:00:00,,,,,,,1533.0,1533.0,,,0.0,,,0.0
2025-07-06 04:00:00,,,,,,,1533.0,1533.0,,,0.0,,,0.0
2025-07-06 05:00:00,,,,,,,1533.0,1533.0,,,0.0,,,0.0
2025-07-06 06:00:00,,,,,,,1533.0,1533.0,,,0.0,,,0.0
2025-07-06 07:00:00,,,,,,,509.0,509.0,,,0.0,,,0.0
2025-07-06 08:00:00,,,,,,,509.0,509.0,,,0.0,,,0.0
2025-07-06 09:00:00,,,,,,,509.0,509.0,,,0.0,,,0.0
2025-07-06 10:00:00,,,,,,,509.0,509.0,,,0.0,,,0.0
2025-07-06 11:00:00,,,,,,,509.0,509.0,,,0.0,,,0.0
2025-07-06 12:00:00,,,,,,,509.0,509.0,,,0.0,,,0.0
2025-07-06 13:00:00,,,,,,,509.0,509.0,,,0.0,,,0.0
2025-07-06 14:00:00,,,,,,,509.0,509.0,,,0.0,,,0.0
2025-07-06 15:00:00,,,,,,,509.0,509.0,,,0.0,,,0.0
2025-07-06 16:00:00,,,,,,,509.0,509.0,,,0.0,,,0.0
2025-07-06 17:00:00,,,,,,,1533.0,1533.0,,,0.0,,,0.0
2025-07-06 18:00:00,,,,,,,1533.0,1533.0,,,0.0,,,0.0
2025-07-06 19:00:00,,,,,,,1533.0,1533.0,,,0.0,,,0.0
2025-07-06 20:00:00,,,,,,,1533.0,1533.0,,,0.0,,,0.0
2025-07-06 21:00:00,,,,,,,1533.0,1533.0,,,0.0,,,0.0
2025-07-06 22:00:00,,,,,,,1533.0,1533.0,,,0.0,,,0.0
2025-07-06 23:00:00,,,,,,,1533.0,1533.0,,,0.0,,,0.0
2025-07-07 00:00:00,,,,,,,1533.0,1533.0,,,0.0,,,0.0
2025-07-07 01:00:00,,,,,,,1533.0,1533.0,,,0.0,,,0.0
2025-07-07 02:00:00,,,,,,,1533.0,1533.0,,,0.0,,,0.0
2025-07-07 03:00:00,,,,,,,1529.0,1529.0,,,0.0,,,0.0
2025-07-07 04:00:00,,,,,,,1533.0,1533.0,,,0.0,,,0.0
2025-07-07 05:00:00,,,,,,,1529.0,1529.0,,,0.0,,,0.0
2025-07-07 06:00:00,,,,,,,1533.0,1533.0,,,0.0,,,0.0
2025-07-07 07:00:00,,,,,,,509.0,509.0,,,0.0,,,0.0
2025-07-07 08:00:00,,,,,,,509.0,509.0,,,0.0,,,0.0
2025-07-07 09:00:00,,,,,,,509.0,509.0,,,0.0,,,0.0
2025-07-07 10:00:00,,,,,,,509.0,509.0,0.0778,0.0,1.0,0.8945,0.0,1.0
2025-07-07 11:00:00,,,,,,,509.0,509.0,,,0.0,,,0.0
2025-07-07 12:00:00,,,,,,,509.0,509.0,,,0.0,,,0.0
2025-07-07 13:00:00,,,,,,,509.0,509.0,,,0.0,,,0.0
2025-07-07 14:00:00,,,,,,,509.0,509.0,,,0.0,,,0.0
2025-07-07 15:00:00,,,,,,,509.0,509.0,,,0.0,,,0.0
2025-07-07 16:00:00,,,,,,,505.0,504.0,0.9794,0.0,1.0,0.4404,0.0,1.0
2025-07-07 17:00:00,,,,,,,1533.0,1533.0,,,0.0,,,0.0
2025-07-07 18:00:00,,,,,,,1529.0,1529.0,,,0.0,,,0.0
2025-07-07 19:00:00,,,,,,,1533.0,1533.0,,,0.0,,,0.0
2025-07-07 20:00:00,,,,,,,1533.0,1533.0,,,0.0,,,0.0
2025-07-07 21:00:00,,,,,,,1529.0,1529.0,,,0.0,,,0.0
2025-07-07 22:00:00,,,,,,,1273.0,1273.0,,,0.0,,,0.0
2025-07-07 23:00:00,,,,,,,1273.0,1273.0,,,0.0,,,0.0
2025-07-08 00:00:00,,,,,,,1529.0,1529.0,,,0.0,,,0.0
2025-07-08 01:00:00,,,,,,,1273.0,1273.0,,,0.0,,,0.0
2025-07-08 02:00:00,,,,,,,1533.0,1533.0,,,0.0,,,0.0
2025-07-08 03:00:00,,,,,,,1533.0,1533.0,,,0.0,,,0.0
2025-07-08 04:00:00,,,,,,,1273.0,1273.0,,,0.0,,,0.0
2025-07-08 05:00:00,,,,,,,1273.0,1273.0,,,0.0,,,0.0
2025-07-08 06:00:00,,,,,,,1533.0,1533.0,,,0.0,,,0.0
2025-07-08 07:00:00,,,,,,,509.0,509.0,,,0.0,,,0.0
2025-07-08 08:00:00,,,,,,,509.0,509.0,,,0.0,,,0.0
2025-07-08 09:00:00,,,,,,,509.0,509.0,1.5962,0.0,1.0,0.3865,0.0,1.0
2025-07-08 10:00:00,,,,,,,505.0,504.0,0.8768,0.3796,3.0,0.7322,0.121499956,3.0
2025-07-08 11:00:00,,,,,,,509.0,509.0,,,0.0,,,0.0
2025-07-08 12:00:00,,,,,,,509.0,509.0,,,0.0,,,0.0
2025-07-08 13:00:00,,,,,,,505.0,504.0,0.5176,0.0,1.0,0.8462,0.0,1.0
2025-07-08 14:00:00,,,,,,,509.0,509.0,0.70379996,0.042999998,2.0,0.79059994,0.011599958,2.0
2025-07-08 15:00:00,,,,,,,509.0,509.0,0.2228,0.0,1.0,0.8428,0.0,1.0
2025-07-08 16:00:00,,,,,,,505.0,504.0,0.9486,0.0,1.0,0.4605,0.0,1.0
2025-07-08 17:00:00,,,,,,,1533.0,1533.0,0.6472,0.098799996,4.0,0.5186,0.022300005,4.0
2025-07-08 18:00:00,,,,,,,1533.0,1533.0,,,0.0,,,0.0
2025-07-08 19:00:00,,,,,,,1533.0,1533.0,,,0.0,,,0.0
2025-07-08 20:00:00,,,,,,,1533.0,1533.0,,,0.0,,,0.0
2025-07-08 21:00:00,,,,,,,1529.0,1529.0,,,0.0,,,0.0
2025-07-08 22:00:00,,,,,,,1533.0,1533.0,,,0.0,,,0.0
2025-07-08 23:00:00,,,,,,,1533.0,1533.0,,,0.0,,,0.0
2025-07-09 00:00:00,,,,,,,1529.0,1529.0,,,0.0,,,0.0
2025-07-09 01:00:00,,,,,,,1273.0,1273.0,,,0.0,,,0.0
2025-07-09 02:00:00,,,,,,,1273.0,1273.0,,,0.0,,,0.0
2025-07-09 03:00:00,,,,,,,1273.0,1273.0,,,0.0,,,0.0
2025-07-09 04:00:00,,,,,,,1533.0,1533.0,,,0.0,,,0.0
2025-07-09 05:00:00,,,,,,,1529.0,1529.0,,,0.0,,,0.0
2025-07-09 06:00:00,,,,,,,1529.0,1529.0,,,0.0,,,0.0
2025-07-09 07:00:00,,,,,,,509.0,509.0,,,0.0,,,0.0
2025-07-09 08:00:00,,,,,,,509.0,509.0,,,0.0,,,0.0
2025-07-09 09:00:00,,,,,,,509.0,509.0,,,0.0,,,0.0
2025-07-09 10:00:00,,,,,,,509.0,509.0,,,0.0,,,0.0
2025-07-09 11:00:00,,,,,,,509.0,509.0,,,0.0,,,0.0
2025-07-09 12:00:00,,,,,,,509.0,509.0,,,0.0,,,0.0
2025-07-09 13:00:00,,,,,,,509.0,509.0,,,0.0,,,0.0
2025-07-09 14:00:00,,,,,,,509.0,509.0,,,0.0,,,0.0
2025-07-09 15:00:00,,,,,,,509.0,509.0,,,0.0,,,0.0
2025-07-09 16:00:00,,,,,,,509.0,509.0,,,0.0,,,0.0
2025-07-09 17:00:00,,,,,,,1529.0,1529.0,0.0678,0.0,1.0,0.8139,0.0,1.0
2025-07-09 18:00:00,,,,,,,1273.0,1273.0,,,0.0,,,0.0
2025-07-09 19:00:00,,,,,,,1533.0,1533.0,,,0.0,,,0.0
2025-07-09 20:00:00,,,,,,,1529.0,1529.0,,,0.0,,,0.0
2025-07-09 21:00:00,,,,,,,1529.0,1529.0,,,0.0,,,0.0
2025-07-09 22:00:00,,,,,,,1533.0,1533.0,,,0.0,,,0.0
2025-07-09 23:00:00,,,,,,,1533.0,1533.0,,,0.0,,,0.0
2025-07-10 00:00:00,,,,,,,1529.0,1529.0,,,0.0,,,0.0
2025-07-10 01:00:00,,,,,,,1533.0,1533.0,,,0.0,,,0.0
2025-07-10 02:00:00,,,,,,,1533.0,1533.0,,,0.0,,,0.0
2025-07-10 03:00:00,,,,,,,1533.0,1533.0,,,0.0,,,0.0
2025-07-10 04:00:00,,,,,,,1533.0,1533.0,,,0.0,,,0.0
2025-07-10 05:00:00,,,,,,,1533.0,1533.0,,,0.0,,,0.0
2025-07-10 06:00:00,,,,,,,1533.0,1533.0,,,0.0,,,0.0
2025-07-10 07:00:00,,,,,,,509.0,509.0,,,0.0,,,0.0
2025-07-10 08:00:00,,,,,,,509.0,509.0,,,0.0,,,0.0
2025-07-10 09:00:00,,,,,,,509.0,509.0,,,0.0,,,0.0
2025-07-10 10:00:00,,,,,,,509.0,509.0,,,0.0,,,0.0
2025-07-10 11:00:00,,,,,,,509.0,509.0,,,0.0,,,0.0
2025-07-10 12:00:00,,,,,,,509.0,509.0,,,0.0,,,0.0
2025-07-10 13:00:00,,,,,,,509.0,509.0,,,0.0,,,0.0
2025-07-10 14:00:00,,,,,,,509.0,509.0,,,0.0,,,0.0
2025-07-10 15:00:00,,,,,,,509.0,509.0,,,0.0,,,0.0
2025-07-10 16:00:00,,,,,,,509.0,509.0,,,0.0,,,0.0
2025-07-10 17:00:00,,,,,,,1533.0,1533.0,,,0.0,,,0.0
2025-07-10 18:00:00,,,,,,,1533.0,1533.0,,,0.0,,,0.0
2025-07-10 19:00:00,,,,,,,1529.0,1529.0,,,0.0,,,0.0
2025-07-10 20:00:00,,,,,,,1533.0,1533.0,,,0.0,,,0.0
2025-07-10 21:00:00,,,,,,,1529.0,1529.0,,,0.0,,,0.0
2025-07-10 22:00:00,,,,,,,1533.0,1533.0,,,0.0,,,0.0
2025-07-10 23:00:00,,,,,,,1533.0,1533.0,,,0.0,,,0.0
2025-07-11 00:00:00,,,,,,,1533.0,1533.0,,,0.0,,,0.0
2025-07-11 01:00:00,,,,,,,1533.0,1533.0,,,0.0,,,0.0
2025-07-11 02:00:00,,,,,,,1533.0,1533.0,,,0.0,,,0.0
2025-07-11 03:00:00,,,,,,,1533.0,1533.0,,,0.0,,,0.0
2025-07-11 04:00:00,,,,,,,1533.0,1533.0,,,0.0,,,0.0
2025-07-11 05:00:00,,,,,,,1533.0,1533.0,,,0.0,,,0.0
2025-07-11 06:00:00,,,,,,,1533.0,1533.0,,,0.0,,,0.0
2025-07-11 07:00:00,,,,,,,509.0,509.0,,,0.0,,,0.0
2025-07-11 08:00:00,,,,,,,509.0,509.0,,,0.0,,,0.0
2025-07-11 09:00:00,,,,,,,509.0,509.0,,,0.0,,,0.0
2025-07-11 10:00:00,,,,,,,509.0,509.0,,,0.0,,,0.0
2025-07-11 11:00:00,,,,,,,509.0,509.0,,,0.0,,,0.0
2025-07-11 12:00:00,,,,,,,509.0,509.0,,,0.0,,,0.0
2025-07-11 13:00:00,,,,,,,509.0,509.0,,,0.0,,,0.0
2025-07-11 14:00:00,,,,,,,509.0,509.0,,,0.0,,,0.0
2025-07-11 15:00:00,,,,,,,509.0,509.0,,,0.0,,,0.0
2025-07-11 16:00:00,,,,,,,509.0,509.0,,,0.0,,,0.0
2025-07-11 17:00:00,,,,,,,1533.0,1533.0,,,0.0,,,0.0
2025-07-11 18:00:00,,,,,,,1533.0,1533.0,,,0.0,,,0.0
2025-07-11 19:00:00,,,,,,,1529.0,1529.0,,,0.0,,,0.0
2025-07-11 20:00:00,,,,,,,1533.0,1533.0,,,0.0,,,0.0
2025-07-11 21:00:00,,,,,,,1533.0,1533.0,,,0.0,,,0.0
2025-07-11 22:00:00,,,,,,,1533.0,1533.0,,,0.0,,,0.0
2025-07-11 23:00:00,,,,,,,1533.0,1533.0,,,0.0,,,0.0
2025-07-12 00:00:00,,,,,,,1529.0,1529.0,,,0.0,,,0.0
2025-07-12 01:00:00,,,,,,,1533.0,1533.0,,,0.0,,,0.0
2025-07-12 02:00:00,,,,,,,1533.0,1533.0,,,0.0,,,0.0
2025-07-12 03:00:00,,,,,,,1533.0,1533.0,,,0.0,,,0.0
2025-07-12 04:00:00,,,,,,,1533.0,1533.0,,,0.0,,,0.0
2025-07-12 05:00:00,,,,,,,1533.0,1533.0,,,0.0,,,0.0
2025-07-12 06:00:00,,,,,,,1533.0,1533.0,,,0.0,,,0.0
2025-07-12 07:00:00,,,,,,,509.0,509.0,,,0.0,,,0.0
2025-07-12 08:00:00,,,,,,,509.0,509.0,,,0.0,,,0.0
2025-07-12 09:00:00,,,,,,,505.0,504.0,1.0152,0.0094,2.0,0.6516,0.0033999681,2.0
2025-07-12 10:00:00,,,,,,,509.0,509.0,0.9234,0.0,1.0,0.6638,0.0,1.0
2025-07-12 11:00:00,,,,,,,509.0,509.0,,,0.0,,,0.0
2025-07-12 12:00:00,,,,,,,509.0,509.0,,,0.0,,,0.0
2025-07-12 13:00:00,,,,,,,509.0,509.0,,,0.0,,,0.0
2025-07-12 14:00:00,,,,,,,509.0,509.0,,,0.0,,,0.0
2025-07-12 15:00:00,,,,,,,509.0,509.0,,,0.0,,,0.0
2025-07-12 16:00:00,,,,,,,2553.0,2552.0,0.1488,0.0,1.0,0.8435,0.0,1.0
2025-07-12 17:00:00,,,,,,,1273.0,1273.0,0.057,0.051599998,2.0,0.84679997,0.00909996,2.0
2025-07-12 18:00:00,,,,,,,1529.0,1529.0,,,0.0,,,0.0
2025-07-12 19:00:00,,,,,,,1533.0,1533.0,,,0.0,,,0.0
2025-07-12 20:00:00,,,,,,,1273.0,1273.0,,,0.0,,,0.0
2025-07-12 21:00:00,,,,,,,1273.0,1273.0,,,0.0,,,0.0
2025-07-12 22:00:00,,,,,,,1273.0,1273.0,,,0.0,,,0.0
2025-07-12 23:00:00,,,,,,,1533.0,1533.0,,,0.0,,,0.0
2025-07-13 00:00:00,,,,,,,1529.0,1529.0,,,0.0,,,0.0
2025-07-13 01:00:00,,,,,,,1529.0,1529.0,,,0.0,,,0.0
2025-07-13 02:00:00,,,,,,,1533.0,1533.0,,,0.0,,,0.0
2025-07-13 03:00:00,,,,,,,1533.0,1533.0,,,0.0,,,0.0
2025-07-13 04:00:00,,,,,,,1529.0,1529.0,,,0.0,,,0.0
2025-07-13 05:00:00,,,,,,,1533.0,1533.0,,,0.0,,,0.0
2025-07-13 06:00:00,,,,,,,1533.0,1533.0,,,0.0,,,0.0
2025-07-13 07:00:00,,,,,,,509.0,509.0,,,0.0,,,0.0
2025-07-13 08:00:00,,,,,,,509.0,509.0,,,0.0,,,0.0
2025-07-13 09:00:00,,,,,,,509.0,509.0,,,0.0,,,0.0
2025-07-13 10:00:00,,,,,,,509.0,509.0,0.0712,0.0,1.0,0.8622,0.0,1.0
2025-07-13 11:00:00,,,,,,,509.0,509.0,,,0.0,,,0.0
2025-07-13 12:00:00,,,,,,,509.0,509.0,,,0.0,,,0.0
2025-07-13 13:00:00,,,,,,,509.0,509.0,,,0.0,,,0.0
2025-07-13 14:00:00,,,,,,,509.0,509.0,0.5108,0.118,4.0,0.8385999,0.013700008,4.0
2025-07-13 15:00:00,,,,,,,509.0,509.0,0.5894,0.2538,3.0,0.7652999,0.07080001,3.0
2025-07-13 16:00:00,,,,,,,509.0,509.0,0.4872,0.0,1.0,0.8047999,0.0,1.0
2025-07-13 17:00:00,,,,,,,1533.0,1533.0,0.5234,0.1232,2.0,0.6954,0.052399993,2.0
2025-07-13 18:00:00,,,,,,,1529.0,1529.0,,,0.0,,,0.0
2025-07-13 19:00:00,,,,,,,1273.0,1273.0,,,0.0,,,0.0
2025-07-13 20:00:00,,,,,,,1533.0,1533.0,,,0.0,,,0.0
2025-07-13 21:00:00,,,,,,,1529.0,1529.0,,,0.0,,,0.0
2025-07-13 22:00:00,,,,,,,1273.0,1273.0,,,0.0,,,0.0
2025-07-13 23:00:00,,,,,,,1273.0,1273.0,,,0.0,,,0.0
2025-07-14 00:00:00,,,,,,,1273.0,1273.0,,,0.0,,,0.0
2025-07-14 01:00:00,,,,,,,1273.0,1273.0,,,0.0,,,0.0
2025-07-14 02:00:00,,,,,,,1273.0,1273.0,,,0.0,,,0.0
2025-07-14 03:00:00,,,,,,,1273.0,1273.0,,,0.0,,,0.0
2025-07-14 04:00:00,,,,,,,1273.0,1273.0,,,0.0,,,0.0
2025-07-14 05:00:00,,,,,,,1273.0,1273.0,,,0.0,,,0.0
2025-07-14 06:00:00,,,,,,,1533.0,1533.0,,,0.0,,,0.0
2025-07-14 07:00:00,,,,,,,509.0,509.0,,,0.0,,,0.0
2025-07-14 08:00:00,,,,,,,509.0,509.0,,,0.0,,,0.0
2025-07-14 09:00:00,,,,,,,509.0,509.0,,,0.0,,,0.0
2025-07-14 10:00:00,,,,,,,509.0,509.0,0.1418,0.0,3.0,0.88839996,0.00049996376,3.0
2025-07-14 11:00:00,,,,,,,509.0,509.0,,,0.0,,,0.0
2025-07-14 12:00:00,,,,,,,509.0,509.0,,,0.0,,,0.0
2025-07-14 13:00:00,,,,,,,509.0,509.0,,,0.0,,,0.0
2025-07-14 14:00:00,,,,,,,2553.0,2552.0,0.42659998,0.24599999,4.0,0.8033,0.032599986,4.0
2025-07-14 15:00:00,,,,,,,509.0,509.0,0.094,0.0019999999,2.0,0.8205999,0.0045999885,2.0
2025-07-14 16:00:00,,,,,,,505.0,504.0,1.0008,0.0,1.0,0.4357,0.0,1.0
2025-07-14 17:00:00,,,,,,,1273.0,1273.0,0.6726,0.094399996,2.0,0.50189996,0.0018000007,2.0
2025-07-14 18:00:00,,,,,,,1533.0,1533.0,,,0.0,,,0.0
2025-07-14 19:00:00,,,,,,,1533.0,1533.0,,,0.0,,,0.0
2025-07-14 20:00:00,,,,,,,1529.0,1529.0,,,0.0,,,0.0
2025-07-14 21:00:00,,,,,,,1533.0,1533.0,,,0.0,,,0.0
2025-07-14 22:00:00,,,,,,,1533.0,1533.0,,,0.0,,,0.0
2025-07-14 23:00:00,,,,,,,1533.0,1533.0,,,0.0,,,0.0
2025-07-15 00:00:00,,,,,,,1533.0,1533.0,,,0.0,,,0.0
2025-07-15 01:00:00,,,,,,,1533.0,1533.0,,,0.0,,,0.0
2025-07-15 02:00:00,,,,,,,1533.0,1533.0,,,0.0,,,0.0
2025-07-15 03:00:00,,,,,,,1529.0,1529.0,,,0.0,,,0.0
2025-07-15 04:00:00,,,,,,,1273.0,1273.0,,,0.0,,,0.0
2025-07-15 05:00:00,,,,,,,1529.0,1529.0,,,0.0,,,0.0
2025-07-15 06:00:00,,,,,,,1529.0,1529.0,,,0.0,,,0.0
2025-07-15 07:00:00,,,,,,,249.0,248.0,0.6048,0.0,1.0,0.8455,0.0,1.0
2025-07-15 08:00:00,,,,,,,509.0,509.0,0.5804,0.0,1.0,0.8556,0.0,1.0
2025-07-15 09:00:00,,,,,,,505.0,504.0,0.2386,0.0,1.0,0.9383,0.0,1.0
2025-07-15 10:00:00,,,,,,,509.0,509.0,0.088599995,0.010199999,3.0,0.9525,0.00019997358,3.0
2025-07-15 11:00:00,,,,,,,509.0,509.0,,,0.0,,,0.0
2025-07-15 12:00:00,,,,,,,509.0,509.0,,,0.0,,,0.0
2025-07-15 13:00:00,,,,,,,509.0,509.0,,,0.0,,,0.0
2025-07-15 14:00:00,,,,,,,2553.0,2552.0,0.4182,0.213,5.0,0.89619994,0.023699999,5.0
2025-07-15 15:00:00,,,,,,,505.0,504.0,0.541,0.192,6.0,0.8354,0.06489998,6.0
2025-07-15 16:00:00,,,,,,,505.0,505.0,0.3748,0.060399998,2.0,0.86259997,0.0052999854,2.0
2025-07-15 17:00:00,,,,,,,1533.0,1533.0,,,0.0,,,0.0
2025-07-15 18:00:00,,,,,,,1529.0,1529.0,,,0.0,,,0.0
2025-07-15 19:00:00,,,,,,,1533.0,1533.0,,,0.0,,,0.0
2025-07-15 20:00:00,,,,,,,1533.0,1533.0,,,0.0,,,0.0
2025-07-15 21:00:00,,,,,,,1529.0,1529.0,,,0.0,,,0.0
2025-07-15 22:00:00,,,,,,,1533.0,1533.0,,,0.0,,,0.0
2025-07-15 23:00:00,,,,,,,1529.0,1529.0,,,0.0,,,0.0
2025-07-16 00:00:00,,,,,,,1533.0,1533.0,,,0.0,,,0.0
2025-07-16 01:00:00,,,,,,,1273.0,1273.0,,,0.0,,,0.0
2025-07-16 02:00:00,,,,,,,1529.0,1529.0,,,0.0,,,0.0
2025-07-16 03:00:00,,,,,,,1533.0,1533.0,,,0.0,,,0.0
2025-07-16 04:00:00,,,,,,,1533.0,1533.0,,,0.0,,,0.0
2025-07-16 05:00:00,,,,,,,1533.0,1533.0,,,0.0,,,0.0
2025-07-16 06:00:00,,,,,,,1533.0,1533.0,,,0.0,,,0.0
2025-07-16 07:00:00,,,,,,,509.0,509.0,,,0.0,,,0.0
2025-07-16 08:00:00,,,,,,,509.0,509.0,,,0.0,,,0.0
2025-07-16 09:00:00,,,,,,,509.0,509.0,,,0.0,,,0.0
2025-07-16 10:00:00,,,,,,,509.0,509.0,0.0132,0.0,1.0,0.9305999,0.0,1.0
2025-07-16 11:00:00,,,,,,,509.0,509.0,,,0.0,,,0.0
2025-07-16 12:00:00,,,,,,,509.0,509.0,,,0.0,,,0.0
2025-07-16 13:00:00,,,,,,,509.0,509.0,,,0.0,,,0.0
2025-07-16 14:00:00,,,,,,,505.0,505.0,0.5248,0.074,2.0,0.9096,0.0079,2.0
2025-07-16 15:00:00,,,,,,,509.0,509.0,0.15359999,0.1152,2.0,0.9202,0.0027999878,2.0
2025-07-16 16:00:00,,,,,,,509.0,509.0,,,0.0,,,0.0
2025-07-16 17:00:00,,,,,,,1533.0,1533.0,,,0.0,,,0.0
2025-07-16 18:00:00,,,,,,,1533.0,1533.0,,,0.0,,,0.0
2025-07-16 19:00:00,,,,,,,1529.0,1529.0,,,0.0,,,0.0
2025-07-16 20:00:00,,,,,,,1529.0,1529.0,,,0.0,,,0.0
2025-07-16 21:00:00,,,,,,,1529.0,1529.0,,,0.0,,,0.0
2025-07-16 22:00:00,,,,,,,1533.0,1533.0,,,0.0,,,0.0
2025-07-16 23:00:00,,,,,,,1533.0,1533.0,,,0.0,,,0.0
2025-07-17 00:00:00,,,,,,,1529.0,1529.0,,,0.0,,,0.0
2025-07-17 01:00:00,,,,,,,1533.0,1533.0,,,0.0,,,0.0
2025-07-17 02:00:00,,,,,,,1533.0,1533.0,,,0.0,,,0.0
2025-07-17 03:00:00,,,,,,,1533.0,1533.0,,,0.0,,,0.0
2025-07-17 04:00:00,,,,,,,1533.0,1533.0,,,0.0,,,0.0
2025-07-17 05:00:00,,,,,,,1533.0,1533.0,,,0.0,,,0.0
2025-07-17 06:00:00,,,,,,,1533.0,1533.0,,,0.0,,,0.0
2025-07-17 07:00:00,,,,,,,509.0,509.0,,,0.0,,,0.0
2025-07-17 08:00:00,,,,,,,509.0,509.0,,,0.0,,,0.0
2025-07-17 09:00:00,,,,,,,509.0,509.0,,,0.0,,,0.0
2025-07-17 10:00:00,,,,,,,509.0,509.0,,,0.0,,,0.0
2025-07-17 11:00:00,,,,,,,509.0,509.0,,,0.0,,,0.0
2025-07-17 12:00:00,,,,,,,509.0,509.0,,,0.0,,,0.0
2025-07-17 13:00:00,,,,,,,509.0,509.0,,,0.0,,,0.0
2025-07-17 14:00:00,,,,,,,505.0,505.0,0.30159998,0.1504,4.0,0.9482,0.008300006,4.0
2025-07-17 15:00:00,,,,,,,509.0,509.0,0.0596,0.067,5.0,0.9484999,0.003799975,5.0
2025-07-17 16:00:00,,,,,,,509.0,509.0,,,0.0,,,0.0
2025-07-17 17:00:00,,,,,,,1529.0,1529.0,,,0.0,,,0.0
2025-07-17 18:00:00,,,,,,,1529.0,1529.0,,,0.0,,,0.0
2025-07-17 19:00:00,,,,,,,1533.0,1533.0,,,0.0,,,0.0
2025-07-17 20:00:00,,,,,,,1529.0,1529.0,,,0.0,,,0.0
2025-07-17 21:00:00,,,,,,,1533.0,1533.0,,,0.0,,,0.0
2025-07-17 22:00:00,,,,,,,1533.0,1533.0,,,0.0,,,0.0
2025-07-17 23:00:00,,,,,,,1533.0,1533.0,,,0.0,,,0.0
2025-07-18 00:00:00,,,,,,,1529.0,1529.0,,,0.0,,,0.0
2025-07-18 01:00:00,,,,,,,1273.0,1273.0,,,0.0,,,0.0
2025-07-18 02:00:00,,,,,,,1273.0,1273.0,,,0.0,,,0.0
2025-07-18 03:00:00,,,,,,,1273.0,1273.0,,,0.0,,,0.0
2025-07-18 04:00:00,,,,,,,1533.0,1533.0,,,0.0,,,0.0
2025-07-18 05:00:00,,,,,,,1273.0,1273.0,,,0.0,,,0.0
2025-07-18 06:00:00,,,,,,,1273.0,1273.0,,,0.0,,,0.0
2025-07-18 07:00:00,,,,,,,505.0,504.0,0.1882,0.0,1.0,0.98399997,0.0,1.0
2025-07-18 08:00:00,,,,,,,509.0,509.0,0.0898,0.0,1.0,0.9973999,0.0,1.0
2025-07-18 09:00:00,,,,,,,509.0,509.0,,,0.0,,,0.0
2025-07-18 10:00:00,,,,,,,509.0,509.0,0.1964,0.0,1.0,1.0193,0.0,1.0
2025-07-18 11:00:00,,,,,,,509.0,509.0,,,0.0,,,0.0
2025-07-18 12:00:00,,,,,,,509.0,509.0,,,0.0,,,0.0
2025-07-18 13:00:00,,,,,,,509.0,509.0,,,0.0,,,0.0
2025-07-18 14:00:00,,,,,,,2553.0,2552.0,0.3818,0.2592,4.0,1.0245999,0.023000002,4.0
2025-07-18 15:00:00,,,,,,,509.0,509.0,0.2514,0.068399996,4.0,1.0482,0.0042999983,4.0
2025-07-18 16:00:00,,,,,,,249.0,248.0,1.0016,0.0,1.0,0.6819,0.0,1.0
2025-07-18 17:00:00,,,,,,,1529.0,1529.0,0.607,0.1498,4.0,0.73889995,0.021799982,4.0
2025-07-18 18:00:00,,,,,,,1533.0,1533.0,,,0.0,,,0.0
2025-07-18 19:00:00,,,,,,,1533.0,1533.0,,,0.0,,,0.0
2025-07-18 20:00:00,,,,,,,1533.0,1533.0,,,0.0,,,0.0
2025-07-18 21:00:00,,,,,,,1533.0,1533.0,,,0.0,,,0.0
2025-07-18 22:00:00,,,,,,,1533.0,1533.0,,,0.0,,,0.0
2025-07-18 23:00:00,,,,,,,1529.0,1529.0,,,0.0,,,0.0
2025-07-19 00:00:00,,,,,,,1533.0,1533.0,,,0.0,,,0.0
2025-07-19 01:00:00,,,,,,,1533.0,1533.0,,,0.0,,,0.0
2025-07-19 02:00:00,,,,,,,1533.0,1533.0,,,0.0,,,0.0
2025-07-19 03:00:00,,,,,,,1533.0,1533.0,,,0.0,,,0.0
2025-07-19 04:00:00,,,,,,,1533.0,1533.0,,,0.0,,,0.0
2025-07-19 05:00:00,,,,,,,1533.0,1533.0,,,0.0,,,0.0
2025-07-19 06:00:00,,,,,,,1533.0,1533.0,,,0.0,,,0.0
2025-07-19 07:00:00,,,,,,,509.0,509.0,,,0.0,,,0.0
2025-07-19 08:00:00,,,,,,,509.0,509.0,,,0.0,,,0.0
2025-07-19 09:00:00,,,,,,,509.0,509.0,0.0196,0.0,1.0,1.0777,0.0,1.0
2025-07-19 10:00:00,,,,,,,509.0,509.0,,,0.0,,,0.0
2025-07-19 11:00:00,,,,,,,509.0,509.0,,,0.0,,,0.0
2025-07-19 12:00:00,,,,,,,509.0,509.0,,,0.0,,,0.0
2025-07-19 13:00:00,,,,,,,505.0,504.0,0.9988,0.0,1.0,1.0913999,0.0,1.0
2025-07-19 14:00:00,,,,,,,509.0,509.0,,,0.0,,,0.0
2025-07-19 15:00:00,,,,,,,509.0,509.0,,,0.0,,,0.0
2025-07-19 16:00:00,,,,,,,509.0,509.0,,,0.0,,,0.0
2025-07-19 17:00:00,,,,,,,1533.0,1533.0,,,0.0,,,0.0
2025-07-19 18:00:00,,,,,,,1533.0,1533.0,,,0.0,,,0.0
2025-07-19 19:00:00,,,,,,,1533.0,1533.0,,,0.0,,,0.0
2025-07-19 20:00:00,,,,,,,1533.0,1533.0,,,0.0,,,0.0
2025-07-19 21:00:00,,,,,,,1533.0,1533.0,,,0.0,,,0.0
2025-07-19 22:00:00,,,,,,,1533.0,1533.0,,,0.0,,,0.0
2025-07-19 23:00:00,,,,,,,1533.0,1533.0,,,0.0,,,0.0
2025-07-20 00:00:00,,,,,,,1529.0,1529.0,,,0.0,,,0.0
2025-07-20 01:00:00,,,,,,,1533.0,1533.0,,,0.0,,,0.0
2025-07-20 02:00:00,,,,,,,1533.0,1533.0,,,0.0,,,0.0
2025-07-20 03:00:00,,,,,,,1533.0,1533.0,,,0.0,,,0.0
2025-07-20 04:00:00,,,,,,,1533.0,1533.0,,,0.0,,,0.0
2025-07-20 05:00:00,,,,,,,1533.0,1533.0,,,0.0,,,0.0
2025-07-20 06:00:00,,,,,,,1533.0,1533.0,,,0.0,,,0.0
2025-07-20 07:00:00,,,,,,,509.0,509.0,,,0.0,,,0.0
2025-07-20 08:00:00,,,,,,,509.0,509.0,,,0.0,,,0.0
2025-07-20 09:00:00,,,,,,,509.0,509.0,,,0.0,,,0.0
2025-07-20 10:00:00,,,,,,,509.0,509.0,,,0.0,,,0.0
2025-07-20 11:00:00,,,,,,,509.0,509.0,,,0.0,,,0.0
2025-07-20 12:00:00,,,,,,,509.0,509.0,,,0.0,,,0.0
2025-07-20 13:00:00,,,,,,,509.0,509.0,,,0.0,,,0.0
2025-07-20 14:00:00,,,,,,,509.0,509.0,,,0.0,,,0.0
2025-07-20 15:00:00,,,,,,,509.0,509.0,,,0.0,,,0.0
2025-07-20 16:00:00,,,,,,,509.0,509.0,,,0.0,,,0.0
2025-07-20 17:00:00,,,,,,,1533.0,1533.0,,,0.0,,,0.0
2025-07-20 18:00:00,,,,,,,1533.0,1533.0,,,0.0,,,0.0
2025-07-20 19:00:00,,,,,,,1533.0,1533.0,,,0.0,,,0.0
2025-07-20 20:00:00,,,,,,,1533.0,1533.0,,,0.0,,,0.0
2025-07-20 21:00:00,,,,,,,1533.0,1533.0,,,0.0,,,0.0
2025-07-20 22:00:00,,,,,,,1533.0,1533.0,,,0.0,,,0.0
2025-07-20 23:00:00,,,,,,,1533.0,1533.0,,,0.0,,,0.0
2025-07-21 00:00:00,,,,,,,1529.0,1529.0,,,0.0,,,0.0
2025-07-21 01:00:00,,,,,,,1533.0,1533.0,,,0.0,,,0.0
2025-07-21 02:00:00,,,,,,,1533.0,1533.0,,,0.0,,,0.0
2025-07-21 03:00:00,,,,,,,1533.0,1533.0,,,0.0,,,0.0
2025-07-21 04:00:00,,,,,,,1533.0,1533.0,,,0.0,,,0.0
2025-07-21 05:00:00,,,,,,,1533.0,1533.0,,,0.0,,,0.0
2025-07-21 06:00:00,,,,,,,1533.0,1533.0,,,0.0,,,0.0
2025-07-21 07:00:00,,,,,,,509.0,509.0,,,0.0,,,0.0
2025-07-21 08:00:00,,,,,,,509.0,509.0,,,0.0,,,0.0
2025-07-21 09:00:00,,,,,,,509.0,509.0,,,0.0,,,0.0
2025-07-21 10:00:00,,,,,,,509.0,509.0,,,0.0,,,0.0
2025-07-21 11:00:00,,,,,,,509.0,509.0,,,0.0,,,0.0
2025-07-21 12:00:00,,,,,,,509.0,509.0,,,0.0,,,0.0
2025-07-21 13:00:00,,,,,,,509.0,509.0,,,0.0,,,0.0
2025-07-21 14:00:00,,,,,,,509.0,509.0,,,0.0,,,0.0
2025-07-21 15:00:00,,,,,,,509.0,509.0,,,0.0,,,0.0
2025-07-21 16:00:00,,,,,,,509.0,509.0,,,0.0,,,0.0
2025-07-21 17:00:00,,,,,,,1533.0,1533.0,,,0.0,,,0.0
2025-07-21 18:00:00,,,,,,,1533.0,1533.0,,,0.0,,,0.0
2025-07-21 19:00:00,,,,,,,1529.0,1529.0,,,0.0,,,0.0
2025-07-21 20:00:00,,,,,,,1533.0,1533.0,,,0.0,,,0.0
2025-07-21 21:00:00,,,,,,,1533.0,1533.0,,,0.0,,,0.0
2025-07-21 22:00:00,,,,,,,1533.0,1533.0,,,0.0,,,0.0
2025-07-21 23:00:00,,,,,,,1533.0,1533.0,,,0.0,,,0.0
2025-07-22 00:00:00,,,,,,,1533.0,1533.0,,,0.0,,,0.0
2025-07-22 01:00:00,,,,,,,1533.0,1533.0,,,0.0,,,0.0
2025-07-22 02:00:00,,,,,,,1533.0,1533.0,,,0.0,,,0.0
2025-07-22 03:00:00,,,,,,,1529.0,1529.0,,,0.0,,,0.0
2025-07-22 04:00:00,,,,,,,1533.0,1533.0,,,0.0,,,0.0
2025-07-22 05:00:00,,,,,,,1533.0,1533.0,,,0.0,,,0.0
2025-07-22 06:00:00,,,,,,,1533.0,1533.0,,,0.0,,,0.0
2025-07-22 07:00:00,,,,,,,509.0,509.0,,,0.0,,,0.0
2025-07-22 08:00:00,,,,,,,509.0,509.0,,,0.0,,,0.0
2025-07-22 09:00:00,,,,,,,509.0,509.0,,,0.0,,,0.0
2025-07-22 10:00:00,,,,,,,509.0,509.0,,,0.0,,,0.0
2025-07-22 11:00:00,,,,,,,509.0,509.0,,,0.0,,,0.0
2025-07-22 12:00:00,,,,,,,509.0,509.0,,,0.0,,,0.0
2025-07-22 13:00:00,,,,,,,509.0,509.0,,,0.0,,,0.0
2025-07-22 14:00:00,,,,,,,509.0,509.0,,,0.0,,,0.0
2025-07-22 15:00:00,,,,,,,509.0,509.0,,,0.0,,,0.0
2025-07-22 16:00:00,,,,,,,509.0,509.0,,,0.0,,,0.0
2025-07-22 17:00:00,,,,,,,1533.0,1533.0,,,0.0,,,0.0
2025-07-22 18:00:00,,,,,,,1533.0,1533.0,,,0.0,,,0.0
2025-07-22 19:00:00,,,,,,,1533.0,1533.0,,,0.0,,,0.0
2025-07-22 20:00:00,,,,,,,1529.0,1529.0,,,0.0,,,0.0
2025-07-22 21:00:00,,,,,,,1533.0,1533.0,,,0.0,,,0.0
2025-07-22 22:00:00,,,,,,,1529.0,1529.0,,,0.0,,,0.0
2025-07-22 23:00:00,,,,,,,1533.0,1533.0,,,0.0,,,0.0
2025-07-23 00:00:00,,,,,,,1533.0,1533.0,,,0.0,,,0.0
2025-07-23 01:00:00,,,,,,,1533.0,1533.0,,,0.0,,,0.0
2025-07-23 02:00:00,,,,,,,1533.0,1533.0,,,0.0,,,0.0
2025-07-23 03:00:00,,,,,,,1529.0,1529.0,,,0.0,,,0.0
2025-07-23 04:00:00,,,,,,,1533.0,1533.0,,,0.0,,,0.0
2025-07-23 05:00:00,,,,,,,1533.0,1533.0,,,0.0,,,0.0
2025-07-23 06:00:00,,,,,,,1533.0,1533.0,,,0.0,,,0.0
2025-07-23 07:00:00,,,,,,,509.0,509.0,,,0.0,,,0.0
2025-07-23 08:00:00,,,,,,,509.0,509.0,,,0.0,,,0.0
2025-07-23 09:00:00,,,,,,,509.0,509.0,,,0.0,,,0.0
2025-07-23 10:00:00,,,,,,,509.0,509.0,,,0.0,,,0.0
2025-07-23 11:00:00,,,,,,,509.0,509.0,,,0.0,,,0.0
2025-07-23 12:00:00,,,,,,,509.0,509.0,,,0.0,,,0.0
2025-07-23 13:00:00,,,,,,,509.0,509.0,,,0.0,,,0.0
2025-07-23 14:00:00,,,,,,,509.0,509.0,,,0.0,,,0.0
2025-07-23 15:00:00,,,,,,,509.0,509.0,,,0.0,,,0.0
2025-07-23 16:00:00,,,,,,,509.0,509.0,0.5714,0.0,1.0,0.8484,0.0,1.0
2025-07-23 17:00:00,,,,,,,1533.0,1533.0,,,0.0,,,0.0
2025-07-23 18:00:00,,,,,,,1533.0,1533.0,,,0.0,,,0.0
2025-07-23 19:00:00,,,,,,,1533.0,1533.0,,,0.0,,,0.0
2025-07-23 20:00:00,,,,,,,1529.0,1529.0,,,0.0,,,0.0
2025-07-23 21:00:00,,,,,,,1533.0,1533.0,,,0.0,,,0.0
2025-07-23 22:00:00,,,,,,,1533.0,1533.0,,,0.0,,,0.0
2025-07-23 23:00:00,,,,,,,1533.0,1533.0,,,0.0,,,0.0
2025-07-24 00:00:00,,,,,,,1533.0,1533.0,,,0.0,,,0.0
2025-07-24 01:00:00,,,,,,,1529.0,1529.0,,,0.0,,,0.0
2025-07-24 02:00:00,,,,,,,1533.0,1533.0,,,0.0,,,0.0
2025-07-24 03:00:00,,,,,,,1533.0,1533.0,,,0.0,,,0.0
2025-07-24 04:00:00,,,,,,,1533.0,1533.0,,,0.0,,,0.0
2025-07-24 05:00:00,,,,,,,1529.0,1529.0,,,0.0,,,0.0
2025-07-24 06:00:00,,,,,,,1533.0,1533.0,,,0.0,,,0.0
2025-07-24 07:00:00,,,,,,,509.0,509.0,,,0.0,,,0.0
2025-07-24 08:00:00,,,,,,,509.0,509.0,,,0.0,,,0.0
2025-07-24 09:00:00,,,,,,,509.0,509.0,0.8998,0.0,1.0,0.5813,0.0,1.0
2025-07-24 10:00:00,,,,,,,509.0,509.0,,,0.0,,,0.0
2025-07-24 11:00:00,,,,,,,509.0,509.0,,,0.0,,,0.0
2025-07-24 12:00:00,,,,,,,509.0,509.0,,,0.0,,,0.0
2025-07-24 13:00:00,,,,,,,509.0,509.0,,,0.0,,,0.0
2025-07-24 14:00:00,,,,,,,509.0,509.0,,,0.0,,,0.0
2025-07-24 15:00:00,,,,,,,509.0,509.0,,,0.0,,,0.0
2025-07-24 16:00:00,,,,,,,509.0,509.0,,,0.0,,,0.0
2025-07-24 17:00:00,,,,,,,1533.0,1533.0,,,0.0,,,0.0
2025-07-24 18:00:00,,,,,,,1533.0,1533.0,,,0.0,,,0.0
2025-07-24 19:00:00,,,,,,,1533.0,1533.0,,,0.0,,,0.0
2025-07-24 20:00:00,,,,,,,1533.0,1533.0,,,0.0,,,0.0
2025-07-24 21:00:00,,,,,,,1529.0,1529.0,,,0.0,,,0.0
2025-07-24 22:00:00,,,,,,,1533.0,1533.0,,,0.0,,,0.0
2025-07-24 23:00:00,,,,,,,1529.0,1529.0,,,0.0,,,0.0
2025-07-25 00:00:00,,,,,,,1533.0,1533.0,,,0.0,,,0.0
2025-07-25 01:00:00,,,,,,,1529.0,1529.0,,,0.0,,,0.0
2025-07-25 02:00:00,,,,,,,1533.0,1533.0,,,0.0,,,0.0
2025-07-25 03:00:00,,,,,,,1529.0,1529.0,,,0.0,,,0.0
2025-07-25 04:00:00,,,,,,,1533.0,1533.0,,,0.0,,,0.0
2025-07-25 05:00:00,,,,,,,1533.0,1533.0,,,0.0,,,0.0
2025-07-25 06:00:00,,,,,,,1533.0,1533.0,,,0.0,,,0.0
2025-07-25 07:00:00,,,,,,,509.0,509.0,,,0.0,,,0.0
2025-07-25 08:00:00,,,,,,,509.0,509.0,,,0.0,,,0.0
2025-07-25 09:00:00,,,,,,,509.0,509.0,,,0.0,,,0.0
2025-07-25 10:00:00,,,,,,,509.0,509.0,,,0.0,,,0.0
2025-07-25 11:00:00,,,,,,,509.0,509.0,,,0.0,,,0.0
2025-07-25 12:00:00,,,,,,,509.0,509.0,,,0.0,,,0.0
2025-07-25 13:00:00,,,,,,,509.0,509.0,,,0.0,,,0.0
2025-07-25 14:00:00,,,,,,,509.0,509.0,,,0.0,,,0.0
2025-07-25 15:00:00,,,,,,,509.0,509.0,,,0.0,,,0.0
2025-07-25 16:00:00,,,,,,,509.0,509.0,,,0.0,,,0.0
2025-07-25 17:00:00,,,,,,,1533.0,1533.0,,,0.0,,,0.0
2025-07-25 18:00:00,,,,,,,1533.0,1533.0,,,0.0,,,0.0
2025-07-25 19:00:00,,,,,,,1533.0,1533.0,,,0.0,,,0.0
2025-07-25 20:00:00,,,,,,,1529.0,1529.0,,,0.0,,,0.0
2025-07-25 21:00:00,,,,,,,1529.0,1529.0,,,0.0,,,0.0
2025-07-25 22:00:00,,,,,,,1533.0,1533.0,,,0.0,,,0.0
2025-07-25 23:00:00,,,,,,,1529.0,1529.0,,,0.0,,,0.0
2025-07-26 00:00:00,,,,,,,1529.0,1529.0,,,0.0,,,0.0
2025-07-26 01:00:00,,,,,,,1533.0,1533.0,,,0.0,,,0.0
2025-07-26 02:00:00,,,,,,,1529.0,1529.0,,,0.0,,,0.0
2025-07-26 03:00:00,,,,,,,1529.0,1529.0,,,0.0,,,0.0
2025-07-26 04:00:00,,,,,,,1533.0,1533.0,,,0.0,,,0.0
2025-07-26 05:00:00,,,,,,,1533.0,1533.0,,,0.0,,,0.0
2025-07-26 06:00:00,,,,,,,1533.0,1533.0,,,0.0,,,0.0
2025-07-26 07:00:00,,,,,,,509.0,509.0,,,0.0,,,0.0
2025-07-26 08:00:00,,,,,,,509.0,509.0,,,0.0,,,0.0
2025-07-26 09:00:00,,,,,,,509.0,509.0,,,0.0,,,0.0
2025-07-26 10:00:00,,,,,,,509.0,509.0,,,0.0,,,0.0
2025-07-26 11:00:00,,,,,,,509.0,509.0,,,0.0,,,0.0
2025-07-26 12:00:00,,,,,,,509.0,509.0,,,0.0,,,0.0
2025-07-26 13:00:00,,,,,,,509.0,509.0,,,0.0,,,0.0
2025-07-26 14:00:00,,,,,,,509.0,509.0,,,0.0,,,0.0
2025-07-26 15:00:00,,,,,,,509.0,509.0,,,0.0,,,0.0
2025-07-26 16:00:00,,,,,,,509.0,509.0,,,0.0,,,0.0
2025-07-26 17:00:00,,,,,,,1533.0,1533.0,,,0.0,,,0.0
2025-07-26 18:00:00,,,,,,,1529.0,1529.0,,,0.0,,,0.0
2025-07-26 19:00:00,,,,,,,1533.0,1533.0,,,0.0,,,0.0
2025-07-26 20:00:00,,,,,,,1533.0,1533.0,,,0.0,,,0.0
2025-07-26 21:00:00,,,,,,,1533.0,1533.0,,,0.0,,,0.0
2025-07-26 22:00:00,,,,,,,1533.0,1533.0,,,0.0,,,0.0
2025-07-26 23:00:00,,,,,,,1533.0,1533.0,,,0.0,,,0.0
2025-07-27 00:00:00,,,,,,,1533.0,1533.0,,,0.0,,,0.0
2025-07-27 01:00:00,,,,,,,1533.0,1533.0,,,0.0,,,0.0
2025-07-27 02:00:00,,,,,,,1533.0,1533.0,,,0.0,,,0.0
2025-07-27 03:00:00,,,,,,,1533.0,1533.0,,,0.0,,,0.0
2025-07-27 04:00:00,,,,,,,1533.0,1533.0,,,0.0,,,0.0
2025-07-27 05:00:00,,,,,,,1529.0,1529.0,,,0.0,,,0.0
2025-07-27 06:00:00,,,,,,,1533.0,1533.0,,,0.0,,,0.0
2025-07-27 07:00:00,,,,,,,509.0,509.0,,,0.0,,,0.0
2025-07-27 08:00:00,,,,,,,509.0,509.0,,,0.0,,,0.0
2025-07-27 09:00:00,,,,,,,509.0,509.0,,,0.0,,,0.0
2025-07-27 10:00:00,,,,,,,509.0,509.0,,,0.0,,,0.0
2025-07-27 11:00:00,,,,,,,509.0,509.0,,,0.0,,,0.0
2025-07-27 12:00:00,,,,,,,509.0,509.0,,,0.0,,,0.0
2025-07-27 13:00:00,,,,,,,509.0,509.0,,,0.0,,,0.0
2025-07-27 14:00:00,,,,,,,509.0,509.0,,,0.0,,,0.0
2025-07-27 15:00:00,,,,,,,509.0,509.0,,,0.0,,,0.0
2025-07-27 16:00:00,,,,,,,509.0,509.0,,,0.0,,,0.0
2025-07-27 17:00:00,,,,,,,1533.0,1533.0,,,0.0,,,0.0
2025-07-27 18:00:00,,,,,,,1533.0,1533.0,,,0.0,,,0.0
2025-07-27 19:00:00,,,,,,,1533.0,1533.0,,,0.0,,,0.0
2025-07-27 20:00:00,,,,,,,1533.0,1533.0,,,0.0,,,0.0
2025-07-27 21:00:00,,,,,,,1533.0,1533.0,,,0.0,,,0.0
2025-07-27 22:00:00,,,,,,,1533.0,1533.0,,,0.0,,,0.0
2025-07-27 23:00:00,,,,,,,1533.0,1533.0,,,0.0,,,0.0
2025-07-28 00:00:00,,,,,,,1533.0,1533.0,,,0.0,,,0.0
2025-07-28 01:00:00,,,,,,,1533.0,1533.0,,,0.0,,,0.0
2025-07-28 02:00:00,,,,,,,1533.0,1533.0,,,0.0,,,0.0
2025-07-28 03:00:00,,,,,,,1529.0,1529.0,,,0.0,,,0.0
2025-07-28 04:00:00,,,,,,,1533.0,1533.0,,,0.0,,,0.0
2025-07-28 05:00:00,,,,,,,1529.0,1529.0,,,0.0,,,0.0
2025-07-28 06:00:00,,,,,,,1533.0,1533.0,,,0.0,,,0.0
2025-07-28 07:00:00,,,,,,,509.0,509.0,,,0.0,,,0.0
2025-07-28 08:00:00,,,,,,,509.0,509.0,,,0.0,,,0.0
2025-07-28 09:00:00,,,,,,,509.0,509.0,,,0.0,,,0.0
2025-07-28 10:00:00,,,,,,,509.0,509.0,,,0.0,,,0.0
2025-07-28 11:00:00,,,,,,,509.0,509.0,,,0.0,,,0.0
2025-07-28 12:00:00,,,,,,,509.0,509.0,,,0.0,,,0.0
2025-07-28 13:00:00,,,,,,,509.0,509.0,,,0.0,,,0.0
2025-07-28 14:00:00,,,,,,,509.0,509.0,,,0.0,,,0.0
2025-07-28 15:00:00,,,,,,,509.0,509.0,,,0.0,,,0.0
2025-07-28 16:00:00,,,,,,,505.0,504.0,0.19,0.0,1.0,0.5985,0.0,1.0
2025-07-28 17:00:00,,,,,,,1533.0,1533.0,0.1858,0.00059999997,2.0,0.59309995,0.004499972,2.0
2025-07-28 18:00:00,,,,,,,1533.0,1533.0,,,0.0,,,0.0
2025-07-28 19:00:00,,,,,,,1533.0,1533.0,,,0.0,,,0.0
2025-07-28 20:00:00,,,,,,,1533.0,1533.0,,,0.0,,,0.0
2025-07-28 21:00:00,,,,,,,1529.0,1529.0,,,0.0,,,0.0
2025-07-28 22:00:00,,,,,,,1533.0,1533.0,,,0.0,,,0.0
2025-07-28 23:00:00,,,,,,,1533.0,1533.0,,,0.0,,,0.0
2025-07-29 00:00:00,,,,,,,1533.0,1533.0,,,0.0,,,0.0
2025-07-29 01:00:00,,,,,,,1533.0,1533.0,,,0.0,,,0.0
2025-07-29 02:00:00,,,,,,,1533.0,1533.0,,,0.0,,,0.0
2025-07-29 03:00:00,,,,,,,1533.0,1533.0,,,0.0,,,0.0
2025-07-29 04:00:00,,,,,,,1533.0,1533.0,,,0.0,,,0.0
2025-07-29 05:00:00,,,,,,,1533.0,1533.0,,,0.0,,,0.0
2025-07-29 06:00:00,,,,,,,1533.0,1533.0,,,0.0,,,0.0
2025-07-29 07:00:00,,,,,,,509.0,509.0,,,0.0,,,0.0
2025-07-29 08:00:00,,,,,,,509.0,509.0,,,0.0,,,0.0
2025-07-29 09:00:00,,,,,,,509.0,509.0,,,0.0,,,0.0
2025-07-29 10:00:00,,,,,,,509.0,509.0,,,0.0,,,0.0
2025-07-29 11:00:00,,,,,,,509.0,509.0,0.5244,0.0,1.0,0.8363,0.0,1.0
2025-07-29 12:00:00,,,,,,,509.0,509.0,,,0.0,,,0.0
2025-07-29 13:00:00,,,,,,,509.0,509.0,,,0.0,,,0.0
2025-07-29 14:00:00,,,,,,,509.0,509.0,,,0.0,,,0.0
2025-07-29 15:00:00,,,,,,,509.0,509.0,0.0818,0.0,1.0,0.8298,0.0,1.0
2025-07-29 16:00:00,,,,,,,509.0,509.0,,,0.0,,,0.0
2025-07-29 17:00:00,,,,,,,1533.0,1533.0,,,0.0,,,0.0
2025-07-29 18:00:00,,,,,,,1533.0,1533.0,,,0.0,,,0.0
2025-07-29 19:00:00,,,,,,,1529.0,1529.0,,,0.0,,,0.0
2025-07-29 20:00:00,,,,,,,1529.0,1529.0,,,0.0,,,0.0
2025-07-29 21:00:00,,,,,,,1533.0,1533.0,,,0.0,,,0.0
2025-07-29 22:00:00,,,,,,,1273.0,1273.0,,,0.0,,,0.0
2025-07-29 23:00:00,,,,,,,1533.0,1533.0,,,0.0,,,0.0
2025-07-30 00:00:00,,,,,,,1533.0,1533.0,,,0.0,,,0.0
2025-07-30 01:00:00,,,,,,,1533.0,1533.0,,,0.0,,,0.0
2025-07-30 02:00:00,,,,,,,1529.0,1529.0,,,0.0,,,0.0
2025-07-30 03:00:00,,,,,,,1533.0,1533.0,,,0.0,,,0.0
2025-07-30 04:00:00,,,,,,,1529.0,1529.0,,,0.0,,,0.0
2025-07-30 05:00:00,,,,,,,1533.0,1533.0,,,0.0,,,0.0
2025-07-30 06:00:00,,,,,,,1533.0,1533.0,,,0.0,,,0.0
2025-07-30 07:00:00,,,,,,,509.0,509.0,,,0.0,,,0.0
2025-07-30 08:00:00,,,,,,,509.0,509.0,,,0.0,,,0.0
2025-07-30 09:00:00,,,,,,,509.0,509.0,,,0.0,,,0.0
2025-07-30 10:00:00,,,,,,,509.0,509.0,,,0.0,,,0.0
2025-07-30 11:00:00,,,,,,,509.0,509.0,,,0.0,,,0.0
2025-07-30 12:00:00,,,,,,,509.0,509.0,,,0.0,,,0.0
2025-07-30 13:00:00,,,,,,,509.0,509.0,,,0.0,,,0.0
2025-07-30 14:00:00,,,,,,,509.0,509.0,,,0.0,,,0.0
2025-07-30 15:00:00,,,,,,,509.0,509.0,,,0.0,,,0.0
2025-07-30 16:00:00,,,,,,,509.0,509.0,,,0.0,,,0.0
2025-07-30 17:00:00,,,,,,,1533.0,1533.0,,,0.0,,,0.0
2025-07-30 18:00:00,,,,,,,1533.0,1533.0,,,0.0,,,0.0
2025-07-30 19:00:00,,,,,,,1533.0,1533.0,,,0.0,,,0.0
2025-07-30 20:00:00,,,,,,,1529.0,1529.0,,,0.0,,,0.0
2025-07-30 21:00:00,,,,,,,1533.0,1533.0,,,0.0,,,0.0
2025-07-30 22:00:00,,,,,,,1533.0,1533.0,,,0.0,,,0.0
2025-07-30 23:00:00,,,,,,,1529.0,1529.0,,,0.0,,,0.0
2025-07-31 00:00:00,,,,,,,1529.0,1529.0,,,0.0,,,0.0
2025-07-31 01:00:00,,,,,,,1533.0,1533.0,,,0.0,,,0.0
2025-07-31 02:00:00,,,,,,,1529.0,1529.0,,,0.0,,,0.0
2025-07-31 03:00:00,,,,,,,1529.0,1529.0,,,0.0,,,0.0
2025-07-31 04:00:00,,,,,,,1533.0,1533.0,,,0.0,,,0.0
2025-07-31 05:00:00,,,,,,,1529.0,1529.0,,,0.0,,,0.0
2025-07-31 06:00:00,,,,,,,1533.0,1533.0,,,0.0,,,0.0
2025-07-31 07:00:00,,,,,,,509.0,509.0,,,0.0,,,0.0
2025-07-31 08:00:00,,,,,,,509.0,509.0,,,0.0,,,0.0
2025-07-31 09:00:00,,,,,,,509.0,509.0,0.2924,0.0,1.0,0.7092,0.0,1.0
2025-07-31 10:00:00,,,,,,,509.0,509.0,0.31579998,0.0,1.0,0.6862,0.0,1.0
2025-07-31 11:00:00,,,,,,,509.0,509.0,,,0.0,,,0.0
2025-07-31 12:00:00,,,,,,,509.0,509.0,,,0.0,,,0.0
2025-07-31 13:00:00,,,,,,,509.0,509.0,,,0.0,,,0.0
2025-07-31 14:00:00,,,,,,,509.0,509.0,,,0.0,,,0.0
2025-07-31 15:00:00,,,,,,,509.0,509.0,,,0.0,,,0.0
2025-07-31 16:00:00,,,,,,,509.0,509.0,,,0.0,,,0.0
2025-07-31 17:00:00,,,,,,,1533.0,1533.0,0.28399998,0.0,1.0,0.646,0.0,1.0
2025-07-31 18:00:00,,,,,,,1533.0,1533.0,,,0.0,,,0.0
2025-07-31 19:00:00,,,,,,,1529.0,1529.0,,,0.0,,,0.0
2025-07-31 20:00:00,,,,,,,1529.0,1529.0,,,0.0,,,0.0
2025-07-31 21:00:00,,,,,,,1273.0,1273.0,,,0.0,,,0.0
2025-07-31 22:00:00,,,,,,,1533.0,1533.0,,,0.0,,,0.0
2025-07-31 23:00:00,,,,,,,1533.0,1533.0,,,0.0,,,0.0
2025-08-01 00:00:00,,,,,,,1533.0,1533.0,,,0.0,,,0.0
2025-08-01 01:00:00,,,,,,,1533.0,1533.0,,,0.0,,,0.0
2025-08-01 02:00:00,,,,,,,1529.0,1529.0,,,0.0,,,0.0
2025-08-01 03:00:00,,,,,,,1533.0,1533.0,,,0.0,,,0.0
2025-08-01 04:00:00,,,,,,,1273.0,1273.0,,,0.0,,,0.0
2025-08-01 05:00:00,,,,,,,1533.0,1533.0,,,0.0,,,0.0
2025-08-01 06:00:00,,,,,,,1529.0,1529.0,,,0.0,,,0.0
2025-08-01 07:00:00,,,,,,,249.0,248.0,0.38439998,0.0,1.0,0.7235999,0.0,1.0
2025-08-01 08:00:00,0.3746,,,,,,2497.0,2552.0,0.2428,0.14299999,6.0,0.72589993,0.005400002,6.0
2025-08-01 09:00:00,,,,,,,509.0,509.0,0.01,0.0,1.0,0.7279,0.0,1.0
2025-08-01 10:00:00,,,,,,,509.0,509.0,0.31919998,0.0,1.0,0.7226,0.0,1.0
2025-08-01 11:00:00,,,,,,,509.0,509.0,0.0328,0.0,1.0,0.7291,0.0,1.0
2025-08-01 12:00:00,,,,,,,509.0,509.0,,,0.0,,,0.0
2025-08-01 13:00:00,,,,,,,509.0,509.0,,,0.0,,,0.0
2025-08-01 14:00:00,,,,,,,2553.0,2552.0,0.4102,0.26819998,4.0,0.6703,0.05189997,4.0
2025-08-01 15:00:00,,,,,,,2553.0,2552.0,0.2312,0.1354,6.0,0.722,0.008300006,6.0
2025-08-01 16:00:00,,,,,,,509.0,509.0,0.0986,0.0,1.0,0.7271999,0.0,1.0
2025-08-01 17:00:00,,,,,,,1533.0,1533.0,,,0.0,,,0.0
2025-08-01 18:00:00,,,,,,,1529.0,1529.0,,,0.0,,,0.0
2025-08-01 19:00:00,,,,,,,1529.0,1529.0,,,0.0,,,0.0
2025-08-01 20:00:00,,,,,,,1533.0,1533.0,,,0.0,,,0.0
2025-08-01 21:00:00,,,,,,,1533.0,1533.0,,,0.0,,,0.0
2025-08-01 22:00:00,,,,,,,1533.0,1533.0,,,0.0,,,0.0
2025-08-01 23:00:00,,,,,,,1529.0,1529.0,,,0.0,,,0.0
2025-08-02 00:00:00,,,,,,,1273.0,1273.0,,,0.0,,,0.0
2025-08-02 01:00:00,,,,,,,1273.0,1273.0,,,0.0,,,0.0
2025-08-02 02:00:00,,,,,,,1273.0,1273.0,,,0.0,,,0.0
2025-08-02 03:00:00,,,,,,,1273.0,1273.0,,,0.0,,,0.0
2025-08-02 04:00:00,,,,,,,1533.0,1533.0,,,0.0,,,0.0
2025-08-02 05:00:00,,,,,,,1529.0,1529.0,,,0.0,,,0.0
2025-08-02 06:00:00,,,,,,,1533.0,1533.0,,,0.0,,,0.0
2025-08-02 07:00:00,,,,,,,249.0,248.0,0.1902,0.0,1.0,0.8062999,0.0,1.0
2025-08-02 08:00:00,,,,,,,505.0,505.0,0.3272,0.0166,3.0,0.8067,0.0038999915,3.0
2025-08-02 09:00:00,,,,,,,509.0,509.0,0.0246,0.02,4.0,0.8298,0.00019997358,4.0
2025-08-02 10:00:00,,,,,,,509.0,509.0,,,0.0,,,0.0
2025-08-02 11:00:00,,,,,,,509.0,509.0,,,0.0,,,0.0
2025-08-02 12:00:00,,,,,,,509.0,509.0,,,0.0,,,0.0
2025-08-02 13:00:00,,,,,,,509.0,509.0,,,0.0,,,0.0
2025-08-02 14:00:00,,,,,,,509.0,509.0,,,0.0,,,0.0
2025-08-02 15:00:00,,,,,,,509.0,509.0,,,0.0,,,0.0
2025-08-02 16:00:00,,,,,,,509.0,509.0,0.049,0.0,1.0,0.8765999,0.0,1.0
2025-08-02 17:00:00,,,,,,,1533.0,1533.0,,,0.0,,,0.0
2025-08-02 18:00:00,,,,,,,1273.0,1273.0,,,0.0,,,0.0
2025-08-02 19:00:00,,,,,,,1533.0,1533.0,,,0.0,,,0.0
2025-08-02 20:00:00,,,,,,,1273.0,1273.0,,,0.0,,,0.0
2025-08-02 21:00:00,,,,,,,1273.0,1273.0,,,0.0,,,0.0
2025-08-02 22:00:00,,,,,,,1533.0,1533.0,,,0.0,,,0.0
2025-08-02 23:00:00,,,,,,,1533.0,1533.0,,,0.0,,,0.0
2025-08-03 00:00:00,,,,,,,1529.0,1529.0,,,0.0,,,0.0
2025-08-03 01:00:00,,,,,,,1529.0,1529.0,,,0.0,,,0.0
2025-08-03 02:00:00,,,,,,,1533.0,1533.0,,,0.0,,,0.0
2025-08-03 03:00:00,,,,,,,1533.0,1533.0,,,0.0,,,0.0
2025-08-03 04:00:00,,,,,,,1533.0,1533.0,,,0.0,,,0.0
2025-08-03 05:00:00,,,,,,,1533.0,1533.0,,,0.0,,,0.0
2025-08-03 06:00:00,,,,,,,1533.0,1533.0,,,0.0,,,0.0
2025-08-03 07:00:00,,,,,,,509.0,509.0,,,0.0,,,0.0
2025-08-03 08:00:00,,,,,,,509.0,509.0,,,0.0,,,0.0
2025-08-03 09:00:00,,,,,,,509.0,509.0,,,0.0,,,0.0
2025-08-03 10:00:00,,,,,,,509.0,509.0,,,0.0,,,0.0
2025-08-03 11:00:00,,,,,,,509.0,509.0,,,0.0,,,0.0
2025-08-03 12:00:00,,,,,,,509.0,509.0,,,0.0,,,0.0
2025-08-03 13:00:00,,,,,,,509.0,509.0,,,0.0,,,0.0
2025-08-03 14:00:00,,,,,,,505.0,505.0,,,0.0,,,0.0
2025-08-03 15:00:00,,,,,,,2553.0,2552.0,0.2784,0.168,3.0,0.8075,0.0018999577,3.0
2025-08-03 16:00:00,,,,,,,509.0,509.0,0.047599997,0.0212,2.0,0.8082,0.0022000074,2.0
2025-08-03 17:00:00,,,,,,,1533.0,1533.0,,,0.0,,,0.0
2025-08-03 18:00:00,,,,,,,1533.0,1533.0,,,0.0,,,0.0
2025-08-03 19:00:00,,,,,,,1533.0,1533.0,,,0.0,,,0.0
2025-08-03 20:00:00,,,,,,,1533.0,1533.0,,,0.0,,,0.0
2025-08-03 21:00:00,,,,,,,1533.0,1533.0,,,0.0,,,0.0
2025-08-03 22:00:00,,,,,,,1533.0,1533.0,,,0.0,,,0.0
2025-08-03 23:00:00,,,,,,,1529.0,1529.0,,,0.0,,,0.0
2025-08-04 00:00:00,,,,,,,1533.0,1533.0,,,0.0,,,0.0
2025-08-04 01:00:00,,,,,,,1533.0,1533.0,,,0.0,,,0.0
2025-08-04 02:00:00,,,,,,,1533.0,1533.0,,,0.0,,,0.0
2025-08-04 03:00:00,,,,,,,1533.0,1533.0,,,0.0,,,0.0
2025-08-04 04:00:00,,,,,,,1529.0,1529.0,,,0.0,,,0.0
2025-08-04 05:00:00,,,,,,,1533.0,1533.0,,,0.0,,,0.0
2025-08-04 06:00:00,,,,,,,1529.0,1529.0,,,0.0,,,0.0
2025-08-04 07:00:00,,,,,,,2553.0,2552.0,0.066,0.0,1.0,0.8908,0.0,1.0
2025-08-04 08:00:00,,,,,,,509.0,509.0,0.0696,0.0442,4.0,0.8885,0.0019999743,4.0
2025-08-04 09:00:00,,,,,,,505.0,504.0,0.16679999,0.2302,3.0,0.9347999,0.00999999,2.0
2025-08-04 10:00:00,,,,,,,509.0,509.0,,,0.0,,,0.0
2025-08-04 11:00:00,,,,,,,509.0,509.0,,,0.0,,,0.0
2025-08-04 12:00:00,,,,,,,509.0,509.0,,,0.0,,,0.0
2025-08-04 13:00:00,,,,,,,509.0,509.0,,,0.0,,,0.0
2025-08-04 14:00:00,,,,,,,509.0,509.0,0.6746,0.012,2.0,0.84229994,0.023199975,2.0
2025-08-04 15:00:00,,,,,,,509.0,509.0,0.4856,0.016999999,2.0,0.93659997,0.00819999,2.0
2025-08-04 16:00:00,,,,,,,509.0,509.0,,,0.0,,,0.0
2025-08-04 17:00:00,,,,,,,1533.0,1533.0,,,0.0,,,0.0
2025-08-04 18:00:00,,,,,,,1533.0,1533.0,,,0.0,,,0.0
2025-08-04 19:00:00,,,,,,,1533.0,1533.0,,,0.0,,,0.0
2025-08-04 20:00:00,,,,,,,1529.0,1529.0,,,0.0,,,0.0
2025-08-04 21:00:00,,,,,,,1533.0,1533.0,,,0.0,,,0.0
2025-08-04 22:00:00,,,,,,,1533.0,1533.0,,,0.0,,,0.0
2025-08-04 23:00:00,,,,,,,1533.0,1533.0,,,0.0,,,0.0
2025-08-05 00:00:00,,,,,,,1533.0,1533.0,,,0.0,,,0.0
2025-08-05 01:00:00,,,,,,,1533.0,1533.0,,,0.0,,,0.0
2025-08-05 02:00:00,,,,,,,1533.0,1533.0,,,0.0,,,0.0
2025-08-05 03:00:00,,,,,,,1533.0,1533.0,,,0.0,,,0.0
2025-08-05 04:00:00,,,,,,,1529.0,1529.0,,,0.0,,,0.0
2025-08-05 05:00:00,,,,,,,1533.0,1533.0,,,0.0,,,0.0
2025-08-05 06:00:00,,,,,,,1533.0,1533.0,,,0.0,,,0.0
2025-08-05 07:00:00,,,,,,,509.0,509.0,,,0.0,,,0.0
2025-08-05 08:00:00,,,,,,,509.0,509.0,0.9658,0.0,1.0,0.8169999,0.0,1.0
2025-08-05 09:00:00,,,,,,,509.0,509.0,,,0.0,,,0.0
2025-08-05 10:00:00,,,,,,,509.0,509.0,0.9302,0.0,1.0,0.7832,0.0,1.0
2025-08-05 11:00:00,,,,,,,509.0,509.0,0.4244,0.0,1.0,0.9958,0.0,1.0
2025-08-05 12:00:00,,,,,,,509.0,509.0,,,0.0,,,0.0
2025-08-05 13:00:00,,,,,,,505.0,504.0,0.5682,0.0,1.0,0.9805,0.0,1.0
2025-08-05 14:00:00,,,,,,,505.0,504.0,0.0,0.0,1.0,,-0.5,0.0
2025-08-05 15:00:00,,,,,,,2553.0,2552.0,0.3454,0.23359999,3.0,1.0264,0.0076999664,3.0
2025-08-05 16:00:00,,,,,,,509.0,509.0,,,0.0,,,0.0
2025-08-05 17:00:00,,,,,,,1533.0,1533.0,,,0.0,,,0.0
2025-08-05 18:00:00,,,,,,,1533.0,1533.0,,,0.0,,,0.0
2025-08-05 19:00:00,,,,,,,1533.0,1533.0,,,0.0,,,0.0
2025-08-05 20:00:00,,,,,,,1533.0,1533.0,,,0.0,,,0.0
2025-08-05 21:00:00,,,,,,,1533.0,1533.0,,,0.0,,,0.0
2025-08-05 22:00:00,,,,,,,1533.0,1533.0,,,0.0,,,0.0
2025-08-05 23:00:00,,,,,,,1533.0,1533.0,,,0.0,,,0.0
2025-08-06 00:00:00,,,,,,,1533.0,1533.0,,,0.0,,,0.0
2025-08-06 01:00:00,,,,,,,1533.0,1533.0,,,0.0,,,0.0
2025-08-06 02:00:00,,,,,,,1533.0,1533.0,,,0.0,,,0.0
2025-08-06 03:00:00,,,,,,,1533.0,1533.0,,,0.0,,,0.0
2025-08-06 04:00:00,,,,,,,1533.0,1533.0,,,0.0,,,0.0
2025-08-06 05:00:00,,,,,,,1533.0,1533.0,,,0.0,,,0.0
2025-08-06 06:00:00,,,,,,,1533.0,1533.0,,,0.0,,,0.0
2025-08-06 07:00:00,,,,,,,509.0,509.0,,,0.0,,,0.0
2025-08-06 08:00:00,,,,,,,509.0,509.0,,,0.0,,,0.0
2025-08-06 09:00:00,,,,,,,509.0,509.0,,,0.0,,,0.0
2025-08-06 10:00:00,,,,,,,509.0,509.0,,,0.0,,,0.0
2025-08-06 11:00:00,,,,,,,509.0,509.0,0.7698,0.0,1.0,0.5741,0.0,1.0
2025-08-06 12:00:00,,,,,,,509.0,509.0,,,0.0,,,0.0
2025-08-06 13:00:00,,,,,,,509.0,509.0,,,0.0,,,0.0
2025-08-06 14:00:00,,,,,,,509.0,509.0,,,0.0,,,0.0
2025-08-06 15:00:00,,,,,,,509.0,509.0,0.2732,0.0,1.0,1.0008999,0.0,1.0
2025-08-06 16:00:00,,,,,,,509.0,509.0,,,0.0,,,0.0
2025-08-06 17:00:00,,,,,,,1529.0,1529.0,,,0.0,,,0.0
2025-08-06 18:00:00,,,,,,,1533.0,1533.0,,,0.0,,,0.0
2025-08-06 19:00:00,,,,,,,1273.0,1273.0,,,0.0,,,0.0
2025-08-06 20:00:00,,,,,,,1533.0,1533.0,,,0.0,,,0.0
2025-08-06 21:00:00,,,,,,,1533.0,1533.0,,,0.0,,,0.0
2025-08-06 22:00:00,,,,,,,1533.0,1533.0,,,0.0,,,0.0
2025-08-06 23:00:00,,,,,,,1533.0,1533.0,,,0.0,,,0.0
2025-08-07 00:00:00,,,,,,,1533.0,1533.0,,,0.0,,,0.0
2025-08-07 01:00:00,,,,,,,1533.0,1533.0,,,0.0,,,0.0
2025-08-07 02:00:00,,,,,,,1533.0,1533.0,,,0.0,,,0.0
2025-08-07 03:00:00,,,,,,,1533.0,1533.0,,,0.0,,,0.0
2025-08-07 04:00:00,,,,,,,1533.0,1533.0,,,0.0,,,0.0
2025-08-07 05:00:00,,,,,,,1533.0,1533.0,,,0.0,,,0.0
2025-08-07 06:00:00,,,,,,,1533.0,1533.0,,,0.0,,,0.0
2025-08-07 07:00:00,,,,,,,509.0,509.0,,,0.0,,,0.0
2025-08-07 08:00:00,,,,,,,505.0,504.0,0.2642,0.0,1.0,0.9469,0.0,1.0
2025-08-07 09:00:00,,,,,,,509.0,509.0,0.0332,0.0,1.0,0.9491,0.0,1.0
2025-08-07 10:00:00,,,,,,,509.0,509.0,,,0.0,,,0.0
2025-08-07 11:00:00,,,,,,,509.0,509.0,,,0.0,,,0.0
2025-08-07 12:00:00,,,,,,,509.0,509.0,,,0.0,,,0.0
2025-08-07 13:00:00,,,,,,,509.0,509.0,,,0.0,,,0.0
2025-08-07 14:00:00,,,,,,,509.0,509.0,,,0.0,,,0.0
2025-08-07 15:00:00,,,,,,,509.0,509.0,0.442,0.0,1.0,0.9699999,0.0,1.0
2025-08-07 16:00:00,,,,,,,509.0,509.0,0.638,0.0,1.0,0.8989999,0.0,1.0
2025-08-07 17:00:00,,,,,,,1533.0,1533.0,,,0.0,,,0.0
2025-08-07 18:00:00,,,,,,,1533.0,1533.0,,,0.0,,,0.0
2025-08-07 19:00:00,,,,,,,1533.0,1533.0,,,0.0,,,0.0
2025-08-07 20:00:00,,,,,,,1273.0,1273.0,,,0.0,,,0.0
2025-08-07 21:00:00,,,,,,,1273.0,1273.0,,,0.0,,,0.0
2025-08-07 22:00:00,,,,,,,1273.0,1273.0,,,0.0,,,0.0
2025-08-07 23:00:00,,,,,,,1533.0,1533.0,,,0.0,,,0.0
2025-08-08 00:00:00,,,,,,,1533.0,1533.0,,,0.0,,,0.0
2025-08-08 01:00:00,,,,,,,1533.0,1533.0,,,0.0,,,0.0
2025-08-08 02:00:00,,,,,,,1529.0,1529.0,,,0.0,,,0.0
2025-08-08 03:00:00,,,,,,,1273.0,1273.0,,,0.0,,,0.0
2025-08-08 04:00:00,,,,,,,1273.0,1273.0,,,0.0,,,0.0
2025-08-08 05:00:00,,,,,,,1273.0,1273.0,,,0.0,,,0.0
2025-08-08 06:00:00,,,,,,,1533.0,1533.0,,,0.0,,,0.0
2025-08-08 07:00:00,,,,,,,509.0,509.0,,,0.0,,,0.0
2025-08-08 08:00:00,,,,,,,505.0,505.0,,,0.0,,,0.0
2025-08-08 09:00:00,,,,,,,509.0,509.0,0.0018,0.0,1.0,0.9956,0.0,1.0
2025-08-08 10:00:00,,,,,,,509.0,509.0,0.015999999,0.0026,3.0,1.0011,0.000100016594,3.0
2025-08-08 11:00:00,,,,,,,509.0,509.0,,,0.0,,,0.0
2025-08-08 12:00:00,,,,,,,509.0,509.0,,,0.0,,,0.0
2025-08-08 13:00:00,,,,,,,509.0,509.0,,,0.0,,,0.0
2025-08-08 14:00:00,,,,,,,2553.0,2552.0,0.19,0.1214,3.0,0.9912,0.003799975,3.0
2025-08-08 15:00:00,,,,,,,505.0,504.0,0.8598,0.0,1.0,0.9202,0.0,1.0
2025-08-08 16:00:00,,,,,,,505.0,504.0,0.62119997,0.1484,3.0,0.85749996,0.075999975,3.0
2025-08-08 17:00:00,,,,,,,1529.0,1529.0,0.37,0.058399998,4.0,0.82949996,0.021399975,4.0
2025-08-08 18:00:00,,,,,,,1529.0,1529.0,,,0.0,,,0.0
2025-08-08 19:00:00,,,,,,,1533.0,1533.0,,,0.0,,,0.0
2025-08-08 20:00:00,,,,,,,1529.0,1529.0,,,0.0,,,0.0
2025-08-08 21:00:00,,,,,,,1533.0,1533.0,,,0.0,,,0.0
2025-08-08 22:00:00,,,,,,,1533.0,1533.0,,,0.0,,,0.0
2025-08-08 23:00:00,,,,,,,1533.0,1533.0,,,0.0,,,0.0
2025-08-09 00:00:00,,,,,,,1533.0,1533.0,,,0.0,,,0.0
2025-08-09 01:00:00,,,,,,,1529.0,1529.0,,,0.0,,,0.0
2025-08-09 02:00:00,,,,,,,1533.0,1533.0,,,0.0,,,0.0
2025-08-09 03:00:00,,,,,,,1533.0,1533.0,,,0.0,,,0.0
2025-08-09 04:00:00,,,,,,,1529.0,1529.0,,,0.0,,,0.0
2025-08-09 05:00:00,,,,,,,1533.0,1533.0,,,0.0,,,0.0
2025-08-09 06:00:00,,,,,,,1533.0,1533.0,,,0.0,,,0.0
2025-08-09 07:00:00,,,,,,,509.0,509.0,,,0.0,,,0.0
2025-08-09 08:00:00,,,,,,,509.0,509.0,,,0.0,,,0.0
2025-08-09 09:00:00,,,,,,,509.0,509.0,,,0.0,,,0.0
2025-08-09 10:00:00,,,,,,,509.0,509.0,,,0.0,,,0.0
2025-08-09 11:00:00,,,,,,,509.0,509.0,,,0.0,,,0.0
2025-08-09 12:00:00,,,,,,,509.0,509.0,,,0.0,,,0.0
2025-08-09 13:00:00,,,,,,,509.0,509.0,,,0.0,,,0.0
2025-08-09 14:00:00,,,,,,,509.0,509.0,0.3876,0.0,1.0,0.9333999,0.0,1.0
2025-08-09 15:00:00,,,,,,,509.0,509.0,0.15259999,0.15259999,2.0,0.9527999,0.0,1.0
2025-08-09 16:00:00,,,,,,,249.0,248.0,0.6058,0.0818,3.0,0.8526,0.07199997,3.0
2025-08-09 17:00:00,,,,,,,1533.0,1533.0,0.5794,0.031,2.0,0.7184,0.044999957,2.0
2025-08-09 18:00:00,,,,,,,1529.0,1529.0,,,0.0,,,0.0
2025-08-09 19:00:00,,,,,,,1273.0,1273.0,,,0.0,,,0.0
2025-08-09 20:00:00,,,,,,,1533.0,1533.0,,,0.0,,,0.0
2025-08-09 21:00:00,,,,,,,1533.0,1533.0,,,0.0,,,0.0
2025-08-09 22:00:00,,,,,,,1533.0,1533.0,,,0.0,,,0.0
2025-08-09 23:00:00,,,,,,,1529.0,1529.0,,,0.0,,,0.0
2025-08-10 00:00:00,,,,,,,1529.0,1529.0,,,0.0,,,0.0
2025-08-10 01:00:00,,,,,,,1273.0,1273.0,,,0.0,,,0.0
2025-08-10 02:00:00,,,,,,,1533.0,1533.0,,,0.0,,,0.0
2025-08-10 03:00:00,,,,,,,1533.0,1533.0,,,0.0,,,0.0
2025-08-10 04:00:00,,,,,,,1533.0,1533.0,,,0.0,,,0.0
2025-08-10 05:00:00,,,,,,,1273.0,1273.0,,,0.0,,,0.0
2025-08-10 06:00:00,,,,,,,1533.0,1533.0,,,0.0,,,0.0
2025-08-10 07:00:00,,,,,,,509.0,509.0,,,0.0,,,0.0
2025-08-10 08:00:00,,,,,,,509.0,509.0,,,0.0,,,0.0
2025-08-10 09:00:00,,,,,,,509.0,509.0,,,0.0,,,0.0
2025-08-10 10:00:00,,,,,,,509.0,509.0,,,0.0,,,0.0
2025-08-10 11:00:00,,,,,,,509.0,509.0,,,0.0,,,0.0
2025-08-10 12:00:00,,,,,,,509.0,509.0,,,0.0,,,0.0
2025-08-10 13:00:00,,,,,,,509.0,509.0,,,0.0,,,0.0
2025-08-10 14:00:00,,,,,,,2553.0,2552.0,0.255,0.20019999,2.0,1.048,0.04979998,2.0
2025-08-10 15:00:00,,,,,,,509.0,509.0,0.056199998,0.0,1.0,1.0984,0.0,1.0
2025-08-10 16:00:00,,,,,,,509.0,509.0,0.6652,0.0036,2.0,1.0137,0.015699983,2.0
2025-08-10 17:00:00,,,,,,,1529.0,1529.0,0.1566,0.1644,3.0,1.0194,0.109099984,2.0
2025-08-10 18:00:00,,,,,,,1273.0,1273.0,,,0.0,,,0.0
2025-08-10 19:00:00,,,,,,,1273.0,1273.0,,,0.0,,,0.0
2025-08-10 20:00:00,,,,,,,1529.0,1529.0,,,0.0,,,0.0
2025-08-10 21:00:00,,,,,,,1273.0,1273.0,,,0.0,,,0.0
2025-08-10 22:00:00,,,,,,,1273.0,1273.0,,,0.0,,,0.0
2025-08-10 23:00:00,,,,,,,1273.0,1273.0,,,0.0,,,0.0
2025-08-11 00:00:00,,,,,,,1533.0,1533.0,,,0.0,,,0.0
2025-08-11 01:00:00,,,,,,,1529.0,1529.0,,,0.0,,,0.0
2025-08-11 02:00:00,,,,,,,1533.0,1533.0,,,0.0,,,0.0
2025-08-11 03:00:00,,,,,,,1533.0,1533.0,,,0.0,,,0.0
2025-08-11 04:00:00,,,,,,,1533.0,1533.0,,,0.0,,,0.0
2025-08-11 05:00:00,,,,,,,1529.0,1529.0,,,0.0,,,0.0
2025-08-11 06:00:00,,,,,,,1533.0,1533.0,,,0.0,,,0.0
2025-08-11 07:00:00,,,,,,,509.0,509.0,,,0.0,,,0.0
2025-08-11 08:00:00,,,,,,,509.0,509.0,,,0.0,,,0.0
2025-08-11 09:00:00,,,,,,,509.0,509.0,,,0.0,,,0.0
2025-08-11 10:00:00,,,,,,,509.0,509.0,,,0.0,,,0.0
2025-08-11 11:00:00,,,,,,,509.0,509.0,,,0.0,,,0.0
2025-08-11 12:00:00,,,,,,,509.0,509.0,,,0.0,,,0.0
2025-08-11 13:00:00,,,,,,,509.0,509.0,,,0.0,,,0.0
2025-08-11 14:00:00,,,,,,,2553.0,2552.0,0.2514,0.1654,3.0,1.041,0.03670001,3.0
2025-08-11 15:00:00,,,,,,,505.0,504.0,0.17719999,0.23439999,6.0,1.0761,0.037099957,6.0
2025-08-11 16:00:00,,,,,,,505.0,504.0,0.5804,0.070199996,6.0,0.9101,0.10619998,6.0
2025-08-11 17:00:00,,,,,,,1533.0,1533.0,0.394,0.112399995,4.0,0.8356999,0.086600006,4.0
2025-08-11 18:00:00,,,,,,,1533.0,1533.0,,,0.0,,,0.0
2025-08-11 19:00:00,,,,,,,1529.0,1529.0,,,0.0,,,0.0
2025-08-11 20:00:00,,,,,,,1533.0,1533.0,,,0.0,,,0.0
2025-08-11 21:00:00,,,,,,,1533.0,1533.0,,,0.0,,,0.0
2025-08-11 22:00:00,,,,,,,1529.0,1529.0,,,0.0,,,0.0
2025-08-11 23:00:00,,,,,,,1273.0,1273.0,,,0.0,,,0.0
2025-08-12 00:00:00,,,,,,,1273.0,1273.0,,,0.0,,,0.0
2025-08-12 01:00:00,,,,,,,1273.0,1273.0,,,0.0,,,0.0
2025-08-12 02:00:00,,,,,,,1273.0,1273.0,,,0.0,,,0.0
2025-08-12 03:00:00,,,,,,,1529.0,1529.0,,,0.0,,,0.0
2025-08-12 04:00:00,,,,,,,1533.0,1533.0,,,0.0,,,0.0
2025-08-12 05:00:00,,,,,,,1533.0,1533.0,,,0.0,,,0.0
2025-08-12 06:00:00,,,,,,,1529.0,1529.0,,,0.0,,,0.0
2025-08-12 07:00:00,,,,,,,509.0,509.0,,,0.0,,,0.0
2025-08-12 08:00:00,,,,,,,509.0,509.0,0.016999999,0.0117999995,2.0,0.99389994,0.00029999018,2.0
2025-08-12 09:00:00,,,,,,,509.0,509.0,,,0.0,,,0.0
2025-08-12 10:00:00,,,,,,,509.0,509.0,,,0.0,,,0.0
2025-08-12 11:00:00,,,,,,,509.0,509.0,,,0.0,,,0.0
2025-08-12 12:00:00,,,,,,,509.0,509.0,,,0.0,,,0.0
2025-08-12 13:00:00,,,,,,,509.0,509.0,,,0.0,,,0.0
2025-08-12 14:00:00,,,,,,,2553.0,2552.0,0.1576,0.0984,4.0,1.0192,0.009899974,4.0
2025-08-12 15:00:00,,,,,,,505.0,504.0,0.122999996,0.2244,6.0,1.0214,0.027499974,6.0
2025-08-12 16:00:00,,,,,,,505.0,504.0,0.5872,0.054399997,6.0,0.9202,0.05919999,6.0
2025-08-12 17:00:00,,,,,,,1529.0,1529.0,0.41939998,0.1302,4.0,0.8792,0.09099996,4.0
2025-08-12 18:00:00,,,,,,,1533.0,1533.0,,,0.0,,,0.0
2025-08-12 19:00:00,,,,,,,1533.0,1533.0,,,0.0,,,0.0
2025-08-12 20:00:00,,,,,,,1533.0,1533.0,,,0.0,,,0.0
2025-08-12 21:00:00,,,,,,,1533.0,1533.0,,,0.0,,,0.0
2025-08-12 22:00:00,,,,,,,1529.0,1529.0,,,0.0,,,0.0
2025-08-12 23:00:00,,,,,,,1533.0,1533.0,,,0.0,,,0.0
2025-08-13 00:00:00,,,,,,,1533.0,1533.0,,,0.0,,,0.0
2025-08-13 01:00:00,,,,,,,1533.0,1533.0,,,0.0,,,0.0
2025-08-13 02:00:00,,,,,,,1533.0,1533.0,,,0.0,,,0.0
2025-08-13 03:00:00,,,,,,,1533.0,1533.0,,,0.0,,,0.0
2025-08-13 04:00:00,,,,,,,1533.0,1533.0,,,0.0,,,0.0
2025-08-13 05:00:00,,,,,,,1533.0,1533.0,,,0.0,,,0.0
2025-08-13 06:00:00,,,,,,,1533.0,1533.0,,,0.0,,,0.0
2025-08-13 07:00:00,,,,,,,509.0,509.0,,,0.0,,,0.0
2025-08-13 08:00:00,,,,,,,509.0,509.0,,,0.0,,,0.0
2025-08-13 09:00:00,,,,,,,509.0,509.0,,,0.0,,,0.0
2025-08-13 10:00:00,,,,,,,509.0,509.0,,,0.0,,,0.0
2025-08-13 11:00:00,,,,,,,509.0,509.0,,,0.0,,,0.0
2025-08-13 12:00:00,,,,,,,509.0,509.0,,,0.0,,,0.0
2025-08-13 13:00:00,,,,,,,509.0,509.0,,,0.0,,,0.0
2025-08-13 14:00:00,,,,,,,2553.0,2552.0,0.2094,0.110599995,4.0,0.8038,0.018700004,4.0
2025-08-13 15:00:00,,,,,,,505.0,504.0,0.14479999,0.2428,6.0,0.75979996,0.034799993,6.0
2025-08-13 16:00:00,,,,,,,505.0,504.0,0.6494,0.0,1.0,0.5188999,0.0,1.0
2025-08-13 17:00:00,,,,,,,1533.0,1533.0,0.3938,0.115399994,3.0,0.6029,0.05399996,3.0
2025-08-13 18:00:00,,,,,,,1533.0,1533.0,,,0.0,,,0.0
2025-08-13 19:00:00,,,,,,,1273.0,1273.0,,,0.0,,,0.0
2025-08-13 20:00:00,,,,,,,1529.0,1529.0,,,0.0,,,0.0
2025-08-13 21:00:00,,,,,,,1533.0,1533.0,,,0.0,,,0.0
2025-08-13 22:00:00,,,,,,,1529.0,1529.0,,,0.0,,,0.0
2025-08-13 23:00:00,,,,,,,1533.0,1533.0,,,0.0,,,0.0
2025-08-14 00:00:00,,,,,,,1273.0,1273.0,,,0.0,,,0.0
2025-08-14 01:00:00,,,,,,,1533.0,1533.0,,,0.0,,,0.0
2025-08-14 02:00:00,,,,,,,1533.0,1533.0,,,0.0,,,0.0
2025-08-14 03:00:00,,,,,,,1533.0,1533.0,,,0.0,,,0.0
2025-08-14 04:00:00,,,,,,,1533.0,1533.0,,,0.0,,,0.0
2025-08-14 05:00:00,,,,,,,1533.0,1533.0,,,0.0,,,0.0
2025-08-14 06:00:00,,,,,,,1529.0,1529.0,,,0.0,,,0.0
2025-08-14 07:00:00,,,,,,,509.0,509.0,,,0.0,,,0.0
2025-08-14 08:00:00,,,,,,,505.0,504.0,0.2226,0.0524,3.0,1.023,0.020399988,3.0
2025-08-14 09:00:00,,,,,,,505.0,505.0,0.2874,0.024999999,3.0,1.0299,0.003799975,3.0
2025-08-14 10:00:00,,,,,,,505.0,505.0,,,0.0,,,0.0
2025-08-14 11:00:00,,,,,,,509.0,509.0,,,0.0,,,0.0
2025-08-14 12:00:00,,,,,,,509.0,509.0,,,0.0,,,0.0
2025-08-14 13:00:00,,,,,,,509.0,509.0,,,0.0,,,0.0
2025-08-14 14:00:00,,,,,,,509.0,509.0,0.9216,0.0,1.0,0.824,0.0,1.0
2025-08-14 15:00:00,,,,,,,509.0,509.0,0.9058,0.0,1.0,0.8377999,0.0,1.0
2025-08-14 16:00:00,,,,,,,509.0,509.0,0.834,0.12719999,2.0,0.68779993,0.011500001,2.0
2025-08-14 17:00:00,,,,,,,1533.0,1533.0,0.249,0.0,1.0,0.9044,0.0,1.0
2025-08-14 18:00:00,,,,,,,1533.0,1533.0,,,0.0,,,0.0
2025-08-14 19:00:00,,,,,,,1533.0,1533.0,,,0.0,,,0.0
2025-08-14 20:00:00,,,,,,,1529.0,1529.0,,,0.0,,,0.0
2025-08-14 21:00:00,,,,,,,1529.0,1529.0,,,0.0,,,0.0
2025-08-14 22:00:00,,,,,,,1533.0,1533.0,,,0.0,,,0.0
2025-08-14 23:00:00,,,,,,,1533.0,1533.0,,,0.0,,,0.0
2025-08-15 00:00:00,,,,,,,1533.0,1533.0,,,0.0,,,0.0
2025-08-15 01:00:00,,,,,,,1529.0,1529.0,,,0.0,,,0.0
2025-08-15 02:00:00,,,,,,,1533.0,1533.0,,,0.0,,,0.0
2025-08-15 03:00:00,,,,,,,1533.0,1533.0,,,0.0,,,0.0
2025-08-15 04:00:00,,,,,,,1529.0,1529.0,,,0.0,,,0.0
2025-08-15 05:00:00,,,,,,,1533.0,1533.0,,,0.0,,,0.0
2025-08-15 06:00:00,,,,,,,1533.0,1533.0,,,0.0,,,0.0
2025-08-15 07:00:00,,,,,,,509.0,509.0,,,0.0,,,0.0
2025-08-15 08:00:00,,,,,,,509.0,509.0,,,0.0,,,0.0
2025-08-15 09:00:00,,,,,,,509.0,509.0,,,0.0,,,0.0
2025-08-15 10:00:00,,,,,,,509.0,509.0,,,0.0,,,0.0
2025-08-15 11:00:00,,,,,,,509.0,509.0,,,0.0,,,0.0
2025-08-15 12:00:00,,,,,,,509.0,509.0,,,0.0,,,0.0
2025-08-15 13:00:00,,,,,,,509.0,509.0,,,0.0,,,0.0
2025-08-15 14:00:00,,,,,,,509.0,509.0,,,0.0,,,0.0
2025-08-15 15:00:00,,,,,,,509.0,509.0,0.31739998,0.0,1.0,1.0474,0.0,1.0
2025-08-15 16:00:00,,,,,,,509.0,509.0,,,0.0,,,0.0
2025-08-15 17:00:00,,,,,,,1533.0,1533.0,,,0.0,,,0.0
2025-08-15 18:00:00,,,,,,,1533.0,1533.0,,,0.0,,,0.0
2025-08-15 19:00:00,,,,,,,1533.0,1533.0,,,0.0,,,0.0
2025-08-15 20:00:00,,,,,,,1533.0,1533.0,,,0.0,,,0.0
2025-08-15 21:00:00,,,,,,,1533.0,1533.0,,,0.0,,,0.0
2025-08-15 22:00:00,,,,,,,1533.0,1533.0,,,0.0,,,0.0
2025-08-15 23:00:00,,,,,,,1533.0,1533.0,,,0.0,,,0.0
2025-08-16 00:00:00,,,,,,,1533.0,1533.0,,,0.0,,,0.0
2025-08-16 01:00:00,,,,,,,1533.0,1533.0,,,0.0,,,0.0
2025-08-16 02:00:00,,,,,,,1529.0,1529.0,,,0.0,,,0.0
2025-08-16 03:00:00,,,,,,,1273.0,1273.0,,,0.0,,,0.0
2025-08-16 04:00:00,,,,,,,1533.0,1533.0,,,0.0,,,0.0
2025-08-16 05:00:00,,,,,,,1533.0,1533.0,,,0.0,,,0.0
2025-08-16 06:00:00,,,,,,,1529.0,1529.0,,,0.0,,,0.0
2025-08-16 07:00:00,,,,,,,2553.0,2552.0,0.088,0.0,1.0,0.9517,0.0,1.0
2025-08-16 08:00:00,,,,,,,509.0,509.0,,,0.0,,,0.0
2025-08-16 09:00:00,,,,,,,509.0,509.0,,,0.0,,,0.0
2025-08-16 10:00:00,,,,,,,509.0,509.0,,,0.0,,,0.0
2025-08-16 11:00:00,,,,,,,509.0,509.0,,,0.0,,,0.0
2025-08-16 12:00:00,,,,,,,509.0,509.0,,,0.0,,,0.0
2025-08-16 13:00:00,,,,,,,509.0,509.0,,,0.0,,,0.0
2025-08-16 14:00:00,,,,,,,509.0,509.0,,,0.0,,,0.0
2025-08-16 15:00:00,,,,,,,509.0,509.0,,,0.0,,,0.0
2025-08-16 16:00:00,,,,,,,509.0,509.0,,,0.0,,,0.0
2025-08-16 17:00:00,,,,,,,1533.0,1533.0,,,0.0,,,0.0
2025-08-16 18:00:00,,,,,,,1533.0,1533.0,,,0.0,,,0.0
2025-08-16 19:00:00,,,,,,,1533.0,1533.0,,,0.0,,,0.0
2025-08-16 20:00:00,,,,,,,1533.0,1533.0,,,0.0,,,0.0
2025-08-16 21:00:00,,,,,,,1533.0,1533.0,,,0.0,,,0.0
2025-08-16 22:00:00,,,,,,,1533.0,1533.0,,,0.0,,,0.0
2025-08-16 23:00:00,,,,,,,1533.0,1533.0,,,0.0,,,0.0
2025-08-17 00:00:00,,,,,,,1533.0,1533.0,,,0.0,,,0.0
2025-08-17 01:00:00,,,,,,,1533.0,1533.0,,,0.0,,,0.0
2025-08-17 02:00:00,,,,,,,1529.0,1529.0,,,0.0,,,0.0
2025-08-17 03:00:00,,,,,,,1533.0,1533.0,,,0.0,,,0.0
2025-08-17 04:00:00,,,,,,,1533.0,1533.0,,,0.0,,,0.0
2025-08-17 05:00:00,,,,,,,1533.0,1533.0,,,0.0,,,0.0
2025-08-17 06:00:00,,,,,,,1533.0,1533.0,,,0.0,,,0.0
2025-08-17 07:00:00,,,,,,,509.0,509.0,,,0.0,,,0.0
2025-08-17 08:00:00,,,,,,,509.0,509.0,,,0.0,,,0.0
2025-08-17 09:00:00,,,,,,,509.0,509.0,,,0.0,,,0.0
2025-08-17 10:00:00,,,,,,,509.0,509.0,,,0.0,,,0.0
2025-08-17 11:00:00,,,,,,,509.0,509.0,,,0.0,,,0.0
2025-08-17 12:00:00,,,,,,,509.0,509.0,,,0.0,,,0.0
2025-08-17 13:00:00,,,,,,,509.0,509.0,,,0.0,,,0.0
2025-08-17 14:00:00,,,,,,,509.0,509.0,,,0.0,,,0.0
2025-08-17 15:00:00,,,,,,,509.0,509.0,,,0.0,,,0.0
2025-08-17 16:00:00,,,,,,,509.0,509.0,,,0.0,,,0.0
2025-08-17 17:00:00,,,,,,,1533.0,1533.0,,,0.0,,,0.0
2025-08-17 18:00:00,,,,,,,1533.0,1533.0,,,0.0,,,0.0
2025-08-17 19:00:00,,,,,,,1533.0,1533.0,,,0.0,,,0.0
2025-08-17 20:00:00,,,,,,,1533.0,1533.0,,,0.0,,,0.0
2025-08-17 21:00:00,,,,,,,1533.0,1533.0,,,0.0,,,0.0
2025-08-17 22:00:00,,,,,,,1533.0,1533.0,,,0.0,,,0.0
2025-08-17 23:00:00,,,,,,,1529.0,1529.0,,,0.0,,,0.0
2025-08-18 00:00:00,,,,,,,1533.0,1533.0,,,0.0,,,0.0
2025-08-18 01:00:00,,,,,,,1533.0,1533.0,,,0.0,,,0.0
2025-08-18 02:00:00,,,,,,,1533.0,1533.0,,,0.0,,,0.0
2025-08-18 03:00:00,,,,,,,1533.0,1533.0,,,0.0,,,0.0
2025-08-18 04:00:00,,,,,,,1533.0,1533.0,,,0.0,,,0.0
2025-08-18 05:00:00,,,,,,,1533.0,1533.0,,,0.0,,,0.0
2025-08-18 06:00:00,,,,,,,1533.0,1533.0,,,0.0,,,0.0
2025-08-18 07:00:00,,,,,,,509.0,509.0,,,0.0,,,0.0
2025-08-18 08:00:00,,,,,,,509.0,509.0,,,0.0,,,0.0
2025-08-18 09:00:00,,,,,,,509.0,509.0,,,0.0,,,0.0
2025-08-18 10:00:00,,,,,,,509.0,509.0,,,0.0,,,0.0
2025-08-18 11:00:00,,,,,,,509.0,509.0,,,0.0,,,0.0
2025-08-18 12:00:00,,,,,,,509.0,509.0,,,0.0,,,0.0
2025-08-18 13:00:00,,,,,,,509.0,509.0,,,0.0,,,0.0
2025-08-18 14:00:00,,,,,,,509.0,509.0,,,0.0,,,0.0
2025-08-18 15:00:00,,,,,,,509.0,509.0,,,0.0,,,0.0
2025-08-18 16:00:00,,,,,,,509.0,509.0,,,0.0,,,0.0
2025-08-18 17:00:00,,,,,,,1533.0,1533.0,,,0.0,,,0.0
2025-08-18 18:00:00,,,,,,,1533.0,1533.0,,,0.0,,,0.0
2025-08-18 19:00:00,,,,,,,1533.0,1533.0,,,0.0,,,0.0
2025-08-18 20:00:00,,,,,,,1533.0,1533.0,,,0.0,,,0.0
2025-08-18 21:00:00,,,,,,,1529.0,1529.0,,,0.0,,,0.0
2025-08-18 22:00:00,,,,,,,1533.0,1533.0,,,0.0,,,0.0
2025-08-18 23:00:00,,,,,,,1533.0,1533.0,,,0.0,,,0.0
2025-08-19 00:00:00,,,,,,,1529.0,1529.0,,,0.0,,,0.0
2025-08-19 01:00:00,,,,,,,1529.0,1529.0,,,0.0,,,0.0
2025-08-19 02:00:00,,,,,,,1529.0,1529.0,,,0.0,,,0.0
2025-08-19 03:00:00,,,,,,,1273.0,1273.0,,,0.0,,,0.0
2025-08-19 04:00:00,,,,,,,1529.0,1529.0,,,0.0,,,0.0
2025-08-19 05:00:00,,,,,,,1533.0,1533.0,,,0.0,,,0.0
2025-08-19 06:00:00,,,,,,,1533.0,1533.0,,,0.0,,,0.0
2025-08-19 07:00:00,,,,,,,509.0,509.0,,,0.0,,,0.0
2025-08-19 08:00:00,,,,,,,509.0,509.0,0.6818,0.0,1.0,0.9548,0.0,1.0
2025-08-19 09:00:00,,,,,,,509.0,509.0,,,0.0,,,0.0
2025-08-19 10:00:00,,,,,,,509.0,509.0,,,0.0,,,0.0
2025-08-19 11:00:00,,,,,,,509.0,509.0,,,0.0,,,0.0
2025-08-19 12:00:00,,,,,,,509.0,509.0,,,0.0,,,0.0
2025-08-19 13:00:00,,,,,,,509.0,509.0,,,0.0,,,0.0
2025-08-19 14:00:00,,,,,,,2553.0,2552.0,0.0036,0.0,1.0,0.9618,0.0,1.0
2025-08-19 15:00:00,,,,,,,505.0,504.0,0.20639999,0.243,6.0,0.9411,0.05860001,6.0
2025-08-19 16:00:00,,,,,,,509.0,509.0,0.5556,0.1056,4.0,0.8672999,0.046599984,4.0
2025-08-19 17:00:00,,,,,,,1529.0,1529.0,,,0.0,,,0.0
2025-08-19 18:00:00,,,,,,,1273.0,1273.0,,,0.0,,,0.0
2025-08-19 19:00:00,,,,,,,1273.0,1273.0,,,0.0,,,0.0
2025-08-19 20:00:00,,,,,,,1273.0,1273.0,,,0.0,,,0.0
2025-08-19 21:00:00,,,,,,,1533.0,1533.0,,,0.0,,,0.0
2025-08-19 22:00:00,,,,,,,1533.0,1533.0,,,0.0,,,0.0
2025-08-19 23:00:00,,,,,,,1529.0,1529.0,,,0.0,,,0.0
2025-08-20 00:00:00,,,,,,,1529.0,1529.0,,,0.0,,,0.0
2025-08-20 01:00:00,,,,,,,1533.0,1533.0,,,0.0,,,0.0
2025-08-20 02:00:00,,,,,,,1533.0,1533.0,,,0.0,,,0.0
2025-08-20 03:00:00,,,,,,,1533.0,1533.0,,,0.0,,,0.0
2025-08-20 04:00:00,,,,,,,1529.0,1529.0,,,0.0,,,0.0
2025-08-20 05:00:00,,,,,,,1529.0,1529.0,,,0.0,,,0.0
2025-08-20 06:00:00,,,,,,,1533.0,1533.0,,,0.0,,,0.0
2025-08-20 07:00:00,,,,,,,509.0,509.0,,,0.0,,,0.0
2025-08-20 08:00:00,,,,,,,509.0,509.0,,,0.0,,,0.0
2025-08-20 09:00:00,,,,,,,509.0,509.0,,,0.0,,,0.0
2025-08-20 10:00:00,,,,,,,509.0,509.0,,,0.0,,,0.0
2025-08-20 11:00:00,,,,,,,509.0,509.0,,,0.0,,,0.0
2025-08-20 12:00:00,,,,,,,509.0,509.0,,,0.0,,,0.0
2025-08-20 13:00:00,,,,,,,509.0,509.0,,,0.0,,,0.0
2025-08-20 14:00:00,,,,,,,2297.0,2296.0,0.26319999,0.065799996,3.0,0.9807,0.027499974,3.0
2025-08-20 15:00:00,,,,,,,505.0,504.0,0.304,0.195,6.0,0.94229996,0.057099998,6.0
2025-08-20 16:00:00,,,,,,,505.0,504.0,0.6726,0.0656,6.0,0.76109993,0.04890001,6.0
2025-08-20 17:00:00,,,,,,,1533.0,1533.0,,,0.0,,,0.0
2025-08-20 18:00:00,,,,,,,1533.0,1533.0,,,0.0,,,0.0
2025-08-20 19:00:00,,,,,,,1533.0,1533.0,,,0.0,,,0.0
2025-08-20 20:00:00,,,,,,,1273.0,1273.0,,,0.0,,,0.0
2025-08-20 21:00:00,,,,,,,1273.0,1273.0,,,0.0,,,0.0
2025-08-20 22:00:00,,,,,,,1533.0,1533.0,,,0.0,,,0.0
2025-08-20 23:00:00,,,,,,,1529.0,1529.0,,,0.0,,,0.0
2025-08-21 00:00:00,,,,,,,1533.0,1533.0,,,0.0,,,0.0
2025-08-21 01:00:00,,,,,,,1529.0,1529.0,,,0.0,,,0.0
2025-08-21 02:00:00,,,,,,,1533.0,1533.0,,,0.0,,,0.0
2025-08-21 03:00:00,,,,,,,1533.0,1533.0,,,0.0,,,0.0
2025-08-21 04:00:00,,,,,,,1533.0,1533.0,,,0.0,,,0.0
2025-08-21 05:00:00,,,,,,,1533.0,1533.0,,,0.0,,,0.0
2025-08-21 06:00:00,,,,,,,1533.0,1533.0,,,0.0,,,0.0
2025-08-21 07:00:00,,,,,,,505.0,504.0,0.589,0.0,1.0,0.9520999,0.0,1.0
2025-08-21 08:00:00,,,,,,,509.0,509.0,0.5466,0.042,3.0,0.95359993,0.0034999847,3.0
2025-08-21 09:00:00,,,,,,,509.0,509.0,,,0.0,,,0.0
2025-08-21 10:00:00,,,,,,,509.0,509.0,,,0.0,,,0.0
2025-08-21 11:00:00,,,,,,,509.0,509.0,,,0.0,,,0.0
2025-08-21 12:00:00,,,,,,,509.0,509.0,,,0.0,,,0.0
2025-08-21 13:00:00,,,,,,,509.0,509.0,,,0.0,,,0.0
2025-08-21 14:00:00,,,,,,,509.0,509.0,0.2022,0.058399998,2.0,0.99979997,0.009000003,2.0
2025-08-21 15:00:00,,,,,,,505.0,504.0,0.377,0.3058,3.0,0.9611,0.041999996,3.0
2025-08-21 16:00:00,,,,,,,509.0,509.0,0.638,0.034199998,2.0,0.9153,0.0015999675,2.0
2025-08-21 17:00:00,,,,,,,1529.0,1529.0,,,0.0,,,0.0
2025-08-21 18:00:00,,,,,,,1529.0,1529.0,,,0.0,,,0.0
2025-08-21 19:00:00,,,,,,,1273.0,1273.0,,,0.0,,,0.0
2025-08-21 20:00:00,,,,,,,1529.0,1529.0,,,0.0,,,0.0
2025-08-21 21:00:00,,,,,,,1273.0,1273.0,,,0.0,,,0.0
2025-08-21 22:00:00,,,,,,,1533.0,1533.0,,,0.0,,,0.0
2025-08-21 23:00:00,,,,,,,1529.0,1529.0,,,0.0,,,0.0
2025-08-22 00:00:00,,,,,,,1529.0,1529.0,,,0.0,,,0.0
2025-08-22 01:00:00,,,,,,,1533.0,1533.0,,,0.0,,,0.0
2025-08-22 02:00:00,,,,,,,1533.0,1533.0,,,0.0,,,0.0
2025-08-22 03:00:00,,,,,,,1533.0,1533.0,,,0.0,,,0.0
2025-08-22 04:00:00,,,,,,,1533.0,1533.0,,,0.0,,,0.0
2025-08-22 05:00:00,,,,,,,1533.0,1533.0,,,0.0,,,0.0
2025-08-22 06:00:00,,,,,,,1533.0,1533.0,,,0.0,,,0.0
2025-08-22 07:00:00,,,,,,,509.0,509.0,,,0.0,,,0.0
2025-08-22 08:00:00,,,,,,,509.0,509.0,0.1444,0.03,2.0,1.0935999,0.0009999871,2.0
2025-08-22 09:00:00,,,,,,,509.0,509.0,,,0.0,,,0.0
2025-08-22 10:00:00,,,,,,,509.0,509.0,,,0.0,,,0.0
2025-08-22 11:00:00,,,,,,,509.0,509.0,,,0.0,,,0.0
2025-08-22 12:00:00,,,,,,,509.0,509.0,,,0.0,,,0.0
2025-08-22 13:00:00,,,,,,,509.0,509.0,,,0.0,,,0.0
2025-08-22 14:00:00,,,,,,,2553.0,2552.0,0.011,0.0,1.0,1.0812,0.0,1.0
2025-08-22 15:00:00,,,,,,,505.0,504.0,0.1206,0.0554,6.0,1.0752,0.019599974,6.0
2025-08-22 16:00:00,,,,,,,505.0,504.0,0.2004,0.1786,6.0,0.9886999,0.10649997,6.0
2025-08-22 17:00:00,,,,,,,1529.0,1529.0,0.5216,0.0053999997,2.0,0.73389995,0.00819999,2.0
2025-08-22 18:00:00,,,,,,,1529.0,1529.0,,,0.0,,,0.0
2025-08-22 19:00:00,,,,,,,1533.0,1533.0,,,0.0,,,0.0
2025-08-22 20:00:00,,,,,,,1273.0,1273.0,,,0.0,,,0.0
2025-08-22 21:00:00,,,,,,,1529.0,1529.0,,,0.0,,,0.0
2025-08-22 22:00:00,,,,,,,1529.0,1529.0,,,0.0,,,0.0
2025-08-22 23:00:00,,,,,,,1529.0,1529.0,,,0.0,,,0.0
2025-08-23 00:00:00,,,,,,,1273.0,1273.0,,,0.0,,,0.0
2025-08-23 01:00:00,,,,,,,1273.0,1273.0,,,0.0,,,0.0
2025-08-23 02:00:00,,,,,,,1533.0,1533.0,,,0.0,,,0.0
2025-08-23 03:00:00,,,,,,,1533.0,1533.0,,,0.0,,,0.0
2025-08-23 04:00:00,,,,,,,1273.0,1273.0,,,0.0,,,0.0
2025-08-23 05:00:00,,,,,,,1529.0,1529.0,,,0.0,,,0.0
2025-08-23 06:00:00,,,,,,,1533.0,1533.0,,,0.0,,,0.0
2025-08-23 07:00:00,,,,,,,505.0,504.0,0.233,0.0,1.0,1.0231,0.0,1.0
2025-08-23 08:00:00,,,,,,,509.0,509.0,0.7794,0.0,1.0,0.9534,0.0,1.0
2025-08-23 09:00:00,,,,,,,509.0,509.0,,,0.0,,,0.0
2025-08-23 10:00:00,,,,,,,509.0,509.0,,,0.0,,,0.0
2025-08-23 11:00:00,,,,,,,509.0,509.0,,,0.0,,,0.0
2025-08-23 12:00:00,,,,,,,509.0,509.0,,,0.0,,,0.0
2025-08-23 13:00:00,,,,,,,509.0,509.0,,,0.0,,,0.0
2025-08-23 14:00:00,,,,,,,509.0,509.0,,,0.0,,,0.0
2025-08-23 15:00:00,,,,,,,509.0,509.0,,,0.0,,,0.0
2025-08-23 16:00:00,,,,,,,509.0,509.0,,,0.0,,,0.0
2025-08-23 17:00:00,,,,,,,1533.0,1533.0,,,0.0,,,0.0
2025-08-23 18:00:00,,,,,,,1533.0,1533.0,,,0.0,,,0.0
2025-08-23 19:00:00,,,,,,,1533.0,1533.0,,,0.0,,,0.0
2025-08-23 20:00:00,,,,,,,1533.0,1533.0,,,0.0,,,0.0
2025-08-23 21:00:00,,,,,,,1533.0,1533.0,,,0.0,,,0.0
2025-08-23 22:00:00,,,,,,,1533.0,1533.0,,,0.0,,,0.0
2025-08-23 23:00:00,,,,,,,1533.0,1533.0,,,0.0,,,0.0
2025-08-24 00:00:00,,,,,,,1529.0,1529.0,,,0.0,,,0.0
2025-08-24 01:00:00,,,,,,,1533.0,1533.0,,,0.0,,,0.0
2025-08-24 02:00:00,,,,,,,1533.0,1533.0,,,0.0,,,0.0
2025-08-24 03:00:00,,,,,,,1533.0,1533.0,,,0.0,,,0.0
2025-08-24 04:00:00,,,,,,,1533.0,1533.0,,,0.0,,,0.0
2025-08-24 05:00:00,,,,,,,1529.0,1529.0,,,0.0,,,0.0
2025-08-24 06:00:00,,,,,,,1533.0,1533.0,,,0.0,,,0.0
2025-08-24 07:00:00,,,,,,,509.0,509.0,,,0.0,,,0.0
2025-08-24 08:00:00,,,,,,,509.0,509.0,,,0.0,,,0.0
2025-08-24 09:00:00,,,,,,,509.0,509.0,,,0.0,,,0.0
2025-08-24 10:00:00,,,,,,,509.0,509.0,,,0.0,,,0.0
2025-08-24 11:00:00,,,,,,,509.0,509.0,,,0.0,,,0.0
2025-08-24 12:00:00,,,,,,,509.0,509.0,,,0.0,,,0.0
2025-08-24 13:00:00,,,,,,,509.0,509.0,,,0.0,,,0.0
2025-08-24 14:00:00,,,,,,,509.0,509.0,,,0.0,,,0.0
2025-08-24 15:00:00,,,,,,,509.0,509.0,,,0.0,,,0.0
2025-08-24 16:00:00,,,,,,,509.0,509.0,,,0.0,,,0.0
2025-08-24 17:00:00,,,,,,,1533.0,1533.0,,,0.0,,,0.0
2025-08-24 18:00:00,,,,,,,1533.0,1533.0,,,0.0,,,0.0
2025-08-24 19:00:00,,,,,,,1533.0,1533.0,,,0.0,,,0.0
2025-08-24 20:00:00,,,,,,,1533.0,1533.0,,,0.0,,,0.0
2025-08-24 21:00:00,,,,,,,1533.0,1533.0,,,0.0,,,0.0
2025-08-24 22:00:00,,,,,,,1533.0,1533.0,,,0.0,,,0.0
2025-08-24 23:00:00,,,,,,,1533.0,1533.0,,,0.0,,,0.0
2025-08-25 00:00:00,,,,,,,1533.0,1533.0,,,0.0,,,0.0
2025-08-25 01:00:00,,,,,,,1533.0,1533.0,,,0.0,,,0.0
2025-08-25 02:00:00,,,,,,,1533.0,1533.0,,,0.0,,,0.0
2025-08-25 03:00:00,,,,,,,1533.0,1533.0,,,0.0,,,0.0
2025-08-25 04:00:00,,,,,,,1533.0,1533.0,,,0.0,,,0.0
2025-08-25 05:00:00,,,,,,,1533.0,1533.0,,,0.0,,,0.0
2025-08-25 06:00:00,,,,,,,1533.0,1533.0,,,0.0,,,0.0
2025-08-25 07:00:00,,,,,,,509.0,509.0,,,0.0,,,0.0
2025-08-25 08:00:00,,,,,,,509.0,509.0,,,0.0,,,0.0
2025-08-25 09:00:00,,,,,,,509.0,509.0,,,0.0,,,0.0
2025-08-25 10:00:00,,,,,,,509.0,509.0,,,0.0,,,0.0
2025-08-25 11:00:00,,,,,,,509.0,509.0,,,0.0,,,0.0
2025-08-25 12:00:00,,,,,,,509.0,509.0,,,0.0,,,0.0
2025-08-25 13:00:00,,,,,,,509.0,509.0,,,0.0,,,0.0
2025-08-25 14:00:00,,,,,,,509.0,509.0,,,0.0,,,0.0
2025-08-25 15:00:00,,,,,,,509.0,509.0,,,0.0,,,0.0
2025-08-25 16:00:00,,,,,,,509.0,509.0,,,0.0,,,0.0
2025-08-25 17:00:00,,,,,,,1533.0,1533.0,,,0.0,,,0.0
2025-08-25 18:00:00,,,,,,,1533.0,1533.0,,,0.0,,,0.0
2025-08-25 19:00:00,,,,,,,1533.0,1533.0,,,0.0,,,0.0
2025-08-25 20:00:00,,,,,,,1533.0,1533.0,,,0.0,,,0.0
2025-08-25 21:00:00,,,,,,,1533.0,1533.0,,,0.0,,,0.0
2025-08-25 22:00:00,,,,,,,1533.0,1533.0,,,0.0,,,0.0
2025-08-25 23:00:00,,,,,,,1533.0,1533.0,,,0.0,,,0.0
2025-08-26 00:00:00,,,,,,,1533.0,1533.0,,,0.0,,,0.0
2025-08-26 01:00:00,,,,,,,1533.0,1533.0,,,0.0,,,0.0
2025-08-26 02:00:00,,,,,,,1533.0,1533.0,,,0.0,,,0.0
2025-08-26 03:00:00,,,,,,,1533.0,1533.0,,,0.0,,,0.0
2025-08-26 04:00:00,,,,,,,1529.0,1529.0,,,0.0,,,0.0
2025-08-26 05:00:00,,,,,,,1529.0,1529.0,,,0.0,,,0.0
2025-08-26 06:00:00,,,,,,,1533.0,1533.0,,,0.0,,,0.0
2025-08-26 07:00:00,,,,,,,509.0,509.0,,,0.0,,,0.0
2025-08-26 08:00:00,,,,,,,509.0,509.0,0.615,0.0,1.0,0.8549,0.0,1.0
2025-08-26 09:00:00,,,,,,,509.0,509.0,,,0.0,,,0.0
2025-08-26 10:00:00,,,,,,,509.0,509.0,,,0.0,,,0.0
2025-08-26 11:00:00,,,,,,,509.0,509.0,,,0.0,,,0.0
2025-08-26 12:00:00,,,,,,,509.0,509.0,,,0.0,,,0.0
2025-08-26 13:00:00,,,,,,,509.0,509.0,,,0.0,,,0.0
2025-08-26 14:00:00,,,,,,,509.0,509.0,0.236,0.0,1.0,0.8425,0.0,1.0
2025-08-26 15:00:00,,,,,,,509.0,509.0,,,0.0,,,0.0
2025-08-26 16:00:00,,,,,,,509.0,509.0,0.324,0.0,1.0,0.7687,0.0,1.0
2025-08-26 17:00:00,,,,,,,1533.0,1533.0,,,0.0,,,0.0
2025-08-26 18:00:00,,,,,,,1533.0,1533.0,,,0.0,,,0.0
2025-08-26 19:00:00,,,,,,,1533.0,1533.0,,,0.0,,,0.0
2025-08-26 20:00:00,,,,,,,1533.0,1533.0,,,0.0,,,0.0
2025-08-26 21:00:00,,,,,,,1533.0,1533.0,,,0.0,,,0.0
2025-08-26 22:00:00,,,,,,,1529.0,1529.0,,,0.0,,,0.0
2025-08-26 23:00:00,,,,,,,1533.0,1533.0,,,0.0,,,0.0
2025-08-27 00:00:00,,,,,,,1533.0,1533.0,,,0.0,,,0.0
2025-08-27 01:00:00,,,,,,,1533.0,1533.0,,,0.0,,,0.0
2025-08-27 02:00:00,,,,,,,1529.0,1529.0,,,0.0,,,0.0
2025-08-27 03:00:00,,,,,,,1533.0,1533.0,,,0.0,,,0.0
2025-08-27 04:00:00,,,,,,,1529.0,1529.0,,,0.0,,,0.0
2025-08-27 05:00:00,,,,,,,1533.0,1533.0,,,0.0,,,0.0
2025-08-27 06:00:00,,,,,,,1533.0,1533.0,,,0.0,,,0.0
2025-08-27 07:00:00,,,,,,,509.0,509.0,,,0.0,,,0.0
2025-08-27 08:00:00,,,,,,,509.0,509.0,,,0.0,,,0.0
2025-08-27 09:00:00,,,,,,,509.0,509.0,,,0.0,,,0.0
2025-08-27 10:00:00,,,,,,,509.0,509.0,,,0.0,,,0.0
2025-08-27 11:00:00,,,,,,,509.0,509.0,,,0.0,,,0.0
2025-08-27 12:00:00,,,,,,,509.0,509.0,,,0.0,,,0.0
2025-08-27 13:00:00,,,,,,,509.0,509.0,,,0.0,,,0.0
2025-08-27 14:00:00,,,,,,,509.0,509.0,,,0.0,,,0.0
2025-08-27 15:00:00,,,,,,,509.0,509.0,,,0.0,,,0.0
2025-08-27 16:00:00,,,,,,,509.0,509.0,1.0006,0.0,1.0,0.6014,0.0,1.0
2025-08-27 17:00:00,,,,,,,1533.0,1533.0,,,0.0,,,0.0
2025-08-27 18:00:00,,,,,,,1529.0,1529.0,,,0.0,,,0.0
2025-08-27 19:00:00,,,,,,,1529.0,1529.0,,,0.0,,,0.0
2025-08-27 20:00:00,,,,,,,1533.0,1533.0,,,0.0,,,0.0
2025-08-27 21:00:00,,,,,,,1529.0,1529.0,,,0.0,,,0.0
2025-08-27 22:00:00,,,,,,,1533.0,1533.0,,,0.0,,,0.0
2025-08-27 23:00:00,,,,,,,1533.0,1533.0,,,0.0,,,0.0
2025-08-28 00:00:00,,,,,,,1533.0,1533.0,,,0.0,,,0.0
2025-08-28 01:00:00,,,,,,,1533.0,1533.0,,,0.0,,,0.0
2025-08-28 02:00:00,,,,,,,1533.0,1533.0,,,0.0,,,0.0
2025-08-28 03:00:00,,,,,,,1529.0,1529.0,,,0.0,,,0.0
2025-08-28 04:00:00,,,,,,,1533.0,1533.0,,,0.0,,,0.0
2025-08-28 05:00:00,,,,,,,1533.0,1533.0,,,0.0,,,0.0
2025-08-28 06:00:00,,,,,,,1533.0,1533.0,,,0.0,,,0.0
2025-08-28 07:00:00,,,,,,,505.0,504.0,0.709,0.0,1.0,0.8492,0.0,1.0
2025-08-28 08:00:00,,,,,,,249.0,248.0,0.6518,0.092999995,4.0,0.8644999,0.017799973,4.0
2025-08-28 09:00:00,,,,,,,505.0,505.0,0.5676,0.055,2.0,0.88119996,0.016299963,2.0
2025-08-28 10:00:00,,,,,,,509.0,509.0,,,0.0,,,0.0
2025-08-28 11:00:00,,,,,,,509.0,509.0,,,0.0,,,0.0
2025-08-28 12:00:00,,,,,,,509.0,509.0,,,0.0,,,0.0
2025-08-28 13:00:00,,,,,,,509.0,509.0,,,0.0,,,0.0
2025-08-28 14:00:00,,,,,,,509.0,509.0,,,0.0,,,0.0
2025-08-28 15:00:00,,,,,,,509.0,509.0,,,0.0,,,0.0
2025-08-28 16:00:00,,,,,,,509.0,509.0,,,0.0,,,0.0
2025-08-28 17:00:00,,,,,,,1533.0,1533.0,,,0.0,,,0.0
2025-08-28 18:00:00,,,,,,,1533.0,1533.0,,,0.0,,,0.0
2025-08-28 19:00:00,,,,,,,1533.0,1533.0,,,0.0,,,0.0
2025-08-28 20:00:00,,,,,,,1533.0,1533.0,,,0.0,,,0.0
2025-08-28 21:00:00,,,,,,,1533.0,1533.0,,,0.0,,,0.0
2025-08-28 22:00:00,,,,,,,1533.0,1533.0,,,0.0,,,0.0
2025-08-28 23:00:00,,,,,,,1529.0,1529.0,,,0.0,,,0.0
2025-08-29 00:00:00,,,,,,,1533.0,1533.0,,,0.0,,,0.0
2025-08-29 01:00:00,,,,,,,1533.0,1533.0,,,0.0,,,0.0
2025-08-29 02:00:00,,,,,,,1533.0,1533.0,,,0.0,,,0.0
2025-08-29 03:00:00,,,,,,,1533.0,1533.0,,,0.0,,,0.0
2025-08-29 04:00:00,,,,,,,1533.0,1533.0,,,0.0,,,0.0
2025-08-29 05:00:00,,,,,,,1533.0,1533.0,,,0.0,,,0.0
2025-08-29 06:00:00,,,,,,,1533.0,1533.0,,,0.0,,,0.0
2025-08-29 07:00:00,,,,,,,509.0,509.0,,,0.0,,,0.0
2025-08-29 08:00:00,,,,,,,509.0,509.0,,,0.0,,,0.0
2025-08-29 09:00:00,,,,,,,509.0,509.0,,,0.0,,,0.0
2025-08-29 10:00:00,,,,,,,509.0,509.0,,,0.0,,,0.0
2025-08-29 11:00:00,,,,,,,509.0,509.0,,,0.0,,,0.0
2025-08-29 12:00:00,,,,,,,509.0,509.0,,,0.0,,,0.0
2025-08-29 13:00:00,,,,,,,509.0,509.0,,,0.0,,,0.0
2025-08-29 14:00:00,,,,,,,509.0,509.0,,,0.0,,,0.0
2025-08-29 15:00:00,,,,,,,509.0,509.0,,,0.0,,,0.0
2025-08-29 16:00:00,,,,,,,509.0,509.0,,,0.0,,,0.0
2025-08-29 17:00:00,,,,,,,1533.0,1533.0,,,0.0,,,0.0
2025-08-29 18:00:00,,,,,,,1533.0,1533.0,,,0.0,,,0.0
2025-08-29 19:00:00,,,,,,,1529.0,1529.0,,,0.0,,,0.0
2025-08-29 20:00:00,,,,,,,1533.0,1533.0,,,0.0,,,0.0
2025-08-29 21:00:00,,,,,,,1533.0,1533.0,,,0.0,,,0.0
2025-08-29 22:00:00,,,,,,,1533.0,1533.0,,,0.0,,,0.0
2025-08-29 23:00:00,,,,,,,1533.0,1533.0,,,0.0,,,0.0
2025-08-30 00:00:00,,,,,,,1533.0,1533.0,,,0.0,,,0.0
2025-08-30 01:00:00,,,,,,,1529.0,1529.0,,,0.0,,,0.0
2025-08-30 02:00:00,,,,,,,1533.0,1533.0,,,0.0,,,0.0
2025-08-30 03:00:00,,,,,,,1533.0,1533.0,,,0.0,,,0.0
2025-08-30 04:00:00,,,,,,,1533.0,1533.0,,,0.0,,,0.0
2025-08-30 05:00:00,,,,,,,1273.0,1273.0,,,0.0,,,0.0
2025-08-30 06:00:00,,,,,,,1533.0,1533.0,,,0.0,,,0.0
2025-08-30 07:00:00,,,,,,,509.0,509.0,,,0.0,,,0.0
2025-08-30 08:00:00,,,,,,,509.0,509.0,,,0.0,,,0.0
2025-08-30 09:00:00,,,,,,,509.0,509.0,,,0.0,,,0.0
2025-08-30 10:00:00,,,,,,,509.0,509.0,,,0.0,,,0.0
2025-08-30 11:00:00,,,,,,,509.0,509.0,,,0.0,,,0.0
2025-08-30 12:00:00,,,,,,,509.0,509.0,,,0.0,,,0.0
2025-08-30 13:00:00,,,,,,,509.0,509.0,,,0.0,,,0.0
2025-08-30 14:00:00,,,,,,,509.0,509.0,,,0.0,,,0.0
2025-08-30 15:00:00,,,,,,,509.0,509.0,,,0.0,,,0.0
2025-08-30 16:00:00,,,,,,,509.0,509.0,,,0.0,,,0.0
2025-08-30 17:00:00,,,,,,,1533.0,1533.0,,,0.0,,,0.0
2025-08-30 18:00:00,,,,,,,1533.0,1533.0,,,0.0,,,0.0
2025-08-30 19:00:00,,,,,,,1533.0,1533.0,,,0.0,,,0.0
2025-08-30 20:00:00,,,,,,,1529.0,1529.0,,,0.0,,,0.0
2025-08-30 21:00:00,,,,,,,1273.0,1273.0,,,0.0,,,0.0
2025-08-30 22:00:00,,,,,,,1529.0,1529.0,,,0.0,,,0.0
2025-08-30 23:00:00,,,,,,,1533.0,1533.0,,,0.0,,,0.0
2025-08-31 00:00:00,,,,,,,1533.0,1533.0,,,0.0,,,0.0
2025-08-31 01:00:00,,,,,,,1529.0,1529.0,,,0.0,,,0.0
2025-08-31 02:00:00,,,,,,,1533.0,1533.0,,,0.0,,,0.0
2025-08-31 03:00:00,,,,,,,1533.0,1533.0,,,0.0,,,0.0
2025-08-31 04:00:00,,,,,,,1533.0,1533.0,,,0.0,,,0.0
2025-08-31 05:00:00,,,,,,,1533.0,1533.0,,,0.0,,,0.0
2025-08-31 06:00:00,,,,,,,1533.0,1533.0,,,0.0,,,0.0
2025-08-31 07:00:00,,,,,,,509.0,509.0,,,0.0,,,0.0
2025-08-31 08:00:00,,,,,,,509.0,509.0,,,0.0,,,0.0
2025-08-31 09:00:00,,,,,,,509.0,509.0,,,0.0,,,0.0
2025-08-31 10:00:00,,,,,,,509.0,509.0,,,0.0,,,0.0
2025-08-31 11:00:00,,,,,,,509.0,509.0,,,0.0,,,0.0
2025-08-31 12:00:00,,,,,,,509.0,509.0,,,0.0,,,0.0
2025-08-31 13:00:00,,,,,,,509.0,509.0,,,0.0,,,0.0
2025-08-31 14:00:00,,,,,,,509.0,509.0,0.3788,0.0,1.0,0.9676,0.0,1.0
2025-08-31 15:00:00,,,,,,,505.0,504.0,0.3254,0.0654,4.0,0.85609996,0.050599992,4.0
2025-08-31 16:00:00,,,,,,,505.0,504.0,0.4082,0.1502,6.0,0.73459995,0.08759999,6.0
2025-08-31 17:00:00,,,,,,,1533.0,1533.0,,,0.0,,,0.0
2025-08-31 18:00:00,,,,,,,1529.0,1529.0,,,0.0,,,0.0
2025-08-31 19:00:00,,,,,,,1533.0,1533.0,,,0.0,,,0.0
2025-08-31 20:00:00,,,,,,,1533.0,1533.0,,,0.0,,,0.0
2025-08-31 21:00:00,,,,,,,1273.0,1273.0,,,0.0,,,0.0
2025-08-31 22:00:00,,,,,,,1529.0,1529.0,,,0.0,,,0.0
2025-08-31 23:00:00,,,,,,,1533.0,1533.0,,,0.0,,,0.0
2025-09-01 00:00:00,,,,,,,1533.0,1533.0,,,0.0,,,0.0
2025-09-01 01:00:00,,,,,,,1533.0,1533.0,,,0.0,,,0.0
2025-09-01 02:00:00,,,,,,,1533.0,1533.0,,,0.0,,,0.0
2025-09-01 03:00:00,,,,,,,1529.0,1529.0,,,0.0,,,0.0
2025-09-01 04:00:00,,,,,,,1273.0,1273.0,,,0.0,,,0.0
2025-09-01 05:00:00,,,,,,,1529.0,1529.0,,,0.0,,,0.0
2025-09-01 06:00:00,,,,,,,1273.0,1273.0,,,0.0,,,0.0
2025-09-01 07:00:00,,,,,,,509.0,509.0,,,0.0,,,0.0
2025-09-01 08:00:00,,,,,,,509.0,509.0,0.28079998,0.0222,3.0,1.0001,0.005100012,3.0
2025-09-01 09:00:00,,,,,,,509.0,509.0,,,0.0,,,0.0
2025-09-01 10:00:00,,,,,,,509.0,509.0,,,0.0,,,0.0
2025-09-01 11:00:00,,,,,,,509.0,509.0,,,0.0,,,0.0
2025-09-01 12:00:00,,,,,,,509.0,509.0,,,0.0,,,0.0
2025-09-01 13:00:00,,,,,,,509.0,509.0,,,0.0,,,0.0
2025-09-01 14:00:00,,,,,,,509.0,509.0,,,0.0,,,0.0
2025-09-01 15:00:00,,,,,,,509.0,509.0,,,0.0,,,0.0
2025-09-01 16:00:00,,,,,,,509.0,509.0,,,0.0,,,0.0
2025-09-01 17:00:00,,,,,,,1533.0,1533.0,,,0.0,,,0.0
2025-09-01 18:00:00,,,,,,,1529.0,1529.0,,,0.0,,,0.0
2025-09-01 19:00:00,,,,,,,1533.0,1533.0,,,0.0,,,0.0
2025-09-01 20:00:00,,,,,,,1533.0,1533.0,,,0.0,,,0.0
2025-09-01 21:00:00,,,,,,,1533.0,1533.0,,,0.0,,,0.0
2025-09-01 22:00:00,,,,,,,1529.0,1529.0,,,0.0,,,0.0
2025-09-01 23:00:00,,,,,,,1533.0,1533.0,,,0.0,,,0.0
2025-09-02 00:00:00,,,,,,,1533.0,1533.0,,,0.0,,,0.0
2025-09-02 01:00:00,,,,,,,1533.0,1533.0,,,0.0,,,0.0
2025-09-02 02:00:00,,,,,,,1533.0,1533.0,,,0.0,,,0.0
2025-09-02 03:00:00,,,,,,,1533.0,1533.0,,,0.0,,,0.0
2025-09-02 04:00:00,,,,,,,1533.0,1533.0,,,0.0,,,0.0
2025-09-02 05:00:00,,,,,,,1533.0,1533.0,,,0.0,,,0.0
2025-09-02 06:00:00,,,,,,,1533.0,1533.0,,,0.0,,,0.0
2025-09-02 07:00:00,,,,,,,509.0,509.0,,,0.0,,,0.0
2025-09-02 08:00:00,,,,,,,509.0,509.0,0.82519996,0.13599999,2.0,0.47899997,0.055099964,2.0
2025-09-02 09:00:00,,,,,,,509.0,509.0,0.8752,0.0552,2.0,0.20899999,0.023299992,2.0
2025-09-02 10:00:00,,,,,,,509.0,509.0,,,0.0,,,0.0
2025-09-02 11:00:00,,,,,,,509.0,509.0,,,0.0,,,0.0
2025-09-02 12:00:00,,,,,,,509.0,509.0,,,0.0,,,0.0
2025-09-02 13:00:00,,,,,,,509.0,509.0,,,0.0,,,0.0
2025-09-02 14:00:00,,,,,,,2553.0,2552.0,0.006,0.0,1.0,0.6608,0.0,1.0
2025-09-02 15:00:00,,,,,,,2553.0,2552.0,0.195,0.2086,5.0,0.5288,0.23409998,5.0
2025-09-02 16:00:00,,,,,,,509.0,509.0,0.25239998,0.070199996,4.0,0.2518,0.16439998,4.0
2025-09-02 17:00:00,,,,,,,1533.0,1533.0,0.28219998,0.054399997,2.0,0.4296,0.035899997,2.0
2025-09-02 18:00:00,,,,,,,1273.0,1273.0,,,0.0,,,0.0
2025-09-02 19:00:00,,,,,,,1273.0,1273.0,,,0.0,,,0.0
2025-09-02 20:00:00,,,,,,,1533.0,1533.0,,,0.0,,,0.0
2025-09-02 21:00:00,,,,,,,1533.0,1533.0,,,0.0,,,0.0
2025-09-02 22:00:00,,,,,,,1533.0,1533.0,,,0.0,,,0.0
2025-09-02 23:00:00,,,,,,,1533.0,1533.0,,,0.0,,,0.0
2025-09-03 00:00:00,,,,,,,1529.0,1529.0,,,0.0,,,0.0
2025-09-03 01:00:00,,,,,,,1529.0,1529.0,,,0.0,,,0.0
2025-09-03 02:00:00,,,,,,,1529.0,1529.0,,,0.0,,,0.0
2025-09-03 03:00:00,,,,,,,1273.0,1273.0,,,0.0,,,0.0
2025-09-03 04:00:00,,,,,,,1273.0,1273.0,,,0.0,,,0.0
2025-09-03 05:00:00,,,,,,,1273.0,1273.0,,,0.0,,,0.0
2025-09-03 06:00:00,,,,,,,1533.0,1533.0,,,0.0,,,0.0
2025-09-03 07:00:00,,,,,,,509.0,509.0,,,0.0,,,0.0
2025-09-03 08:00:00,,,,,,,509.0,509.0,0.2618,0.043399997,2.0,0.811,0.010399997,2.0
2025-09-03 09:00:00,,,,,,,509.0,509.0,,,0.0,,,0.0
2025-09-03 10:00:00,,,,,,,509.0,509.0,,,0.0,,,0.0
2025-09-03 11:00:00,,,,,,,509.0,509.0,,,0.0,,,0.0
2025-09-03 12:00:00,,,,,,,509.0,509.0,,,0.0,,,0.0
2025-09-03 13:00:00,,,,,,,509.0,509.0,,,0.0,,,0.0
2025-09-03 14:00:00,,,,,,,509.0,509.0,,,0.0,,,0.0
2025-09-03 15:00:00,,,,,,,505.0,504.0,0.013599999,0.014599999,6.0,0.83309996,0.00080001354,5.0
2025-09-03 16:00:00,,,,,,,505.0,504.0,0.084,0.1716,6.0,0.7551999,0.14599997,5.0
2025-09-03 17:00:00,,,,,,,1529.0,1529.0,0.40199998,0.0348,2.0,0.4888,0.00029999018,2.0
2025-09-03 18:00:00,,,,,,,1533.0,1533.0,,,0.0,,,0.0
2025-09-03 19:00:00,,,,,,,1533.0,1533.0,,,0.0,,,0.0
2025-09-03 20:00:00,,,,,,,1533.0,1533.0,,,0.0,,,0.0
2025-09-03 21:00:00,,,,,,,1529.0,1529.0,,,0.0,,,0.0
2025-09-03 22:00:00,,,,,,,1529.0,1529.0,,,0.0,,,0.0
2025-09-03 23:00:00,,,,,,,1533.0,1533.0,,,0.0,,,0.0
2025-09-04 00:00:00,,,,,,,1529.0,1529.0,,,0.0,,,0.0
2025-09-04 01:00:00,,,,,,,1273.0,1273.0,,,0.0,,,0.0
2025-09-04 02:00:00,,,,,,,1529.0,1529.0,,,0.0,,,0.0
2025-09-04 03:00:00,,,,,,,1533.0,1533.0,,,0.0,,,0.0
2025-09-04 04:00:00,,,,,,,1533.0,1533.0,,,0.0,,,0.0
2025-09-04 05:00:00,,,,,,,1529.0,1529.0,,,0.0,,,0.0
2025-09-04 06:00:00,,,,,,,1533.0,1533.0,,,0.0,,,0.0
2025-09-04 07:00:00,,,,,,,509.0,509.0,,,0.0,,,0.0
2025-09-04 08:00:00,,,,,,,509.0,509.0,,,0.0,,,0.0
2025-09-04 09:00:00,,,,,,,509.0,509.0,,,0.0,,,0.0
2025-09-04 10:00:00,,,,,,,509.0,509.0,,,0.0,,,0.0
2025-09-04 11:00:00,,,,,,,509.0,509.0,,,0.0,,,0.0
2025-09-04 12:00:00,,,,,,,509.0,509.0,,,0.0,,,0.0
2025-09-04 13:00:00,,,,,,,509.0,509.0,,,0.0,,,0.0
2025-09-04 14:00:00,,,,,,,509.0,509.0,0.3622,0.0,1.0,1.0307,0.0,1.0
2025-09-04 15:00:00,,,,,,,2553.0,2552.0,0.1558,0.0898,4.0,0.9384999,0.005800009,4.0
2025-09-04 16:00:00,,,,,,,509.0,509.0,0.1276,0.031799998,3.0,0.92199993,0.0048999786,3.0
2025-09-04 17:00:00,,,,,,,1529.0,1529.0,,,0.0,,,0.0
2025-09-04 18:00:00,,,,,,,1273.0,1273.0,,,0.0,,,0.0
2025-09-04 19:00:00,,,,,,,1273.0,1273.0,,,0.0,,,0.0
2025-09-04 20:00:00,,,,,,,1273.0,1273.0,,,0.0,,,0.0
2025-09-04 21:00:00,,,,,,,1273.0,1273.0,,,0.0,,,0.0
2025-09-04 22:00:00,,,,,,,1273.0,1273.0,,,0.0,,,0.0
2025-09-04 23:00:00,,,,,,,1273.0,1273.0,,,0.0,,,0.0
2025-09-05 00:00:00,,,,,,,1273.0,1273.0,,,0.0,,,0.0
2025-09-05 01:00:00,,,,,,,1273.0,1273.0,,,0.0,,,0.0
2025-09-05 02:00:00,,,,,,,1273.0,1273.0,,,0.0,,,0.0
2025-09-05 03:00:00,,,,,,,1273.0,1273.0,,,0.0,,,0.0
2025-09-05 04:00:00,,,,,,,1273.0,1273.0,,,0.0,,,0.0
2025-09-05 05:00:00,,,,,,,1273.0,1273.0,,,0.0,,,0.0
2025-09-05 06:00:00,,,,,,,1533.0,1533.0,,,0.0,,,0.0
2025-09-05 07:00:00,,,,,,,509.0,509.0,,,0.0,,,0.0
2025-09-05 08:00:00,,,,,,,509.0,509.0,0.134,0.0,1.0,0.9741,0.0,1.0
2025-09-05 09:00:00,,,,,,,509.0,509.0,,,0.0,,,0.0
2025-09-05 10:00:00,,,,,,,509.0,509.0,,,0.0,,,0.0
2025-09-05 11:00:00,,,,,,,509.0,509.0,,,0.0,,,0.0
2025-09-05 12:00:00,,,,,,,509.0,509.0,,,0.0,,,0.0
2025-09-05 13:00:00,,,,,,,509.0,509.0,,,0.0,,,0.0
2025-09-05 14:00:00,,,,,,,2553.0,2552.0,0.0266,0.0,1.0,0.9053,0.0,1.0
2025-09-05 15:00:00,,,,,,,2553.0,2552.0,0.0188,0.015199999,5.0,0.90409994,0.008899987,5.0
2025-09-05 16:00:00,,,,,,,509.0,509.0,0.1162,0.0,1.0,0.9038,0.0,1.0
2025-09-05 17:00:00,,,,,,,1273.0,1273.0,0.5028,0.0,1.0,0.5569999,0.0,1.0
2025-09-05 18:00:00,,,,,,,1529.0,1529.0,,,0.0,,,0.0
2025-09-05 19:00:00,,,,,,,1273.0,1273.0,,,0.0,,,0.0
2025-09-05 20:00:00,,,,,,,1533.0,1533.0,,,0.0,,,0.0
2025-09-05 21:00:00,,,,,,,1529.0,1529.0,,,0.0,,,0.0
2025-09-05 22:00:00,,,,,,,1533.0,1533.0,,,0.0,,,0.0
2025-09-05 23:00:00,,,,,,,1533.0,1533.0,,,0.0,,,0.0
2025-09-06 00:00:00,,,,,,,1533.0,1533.0,,,0.0,,,0.0
2025-09-06 01:00:00,,,,,,,1533.0,1533.0,,,0.0,,,0.0
2025-09-06 02:00:00,,,,,,,1533.0,1533.0,,,0.0,,,0.0
2025-09-06 03:00:00,,,,,,,1533.0,1533.0,,,0.0,,,0.0
2025-09-06 04:00:00,,,,,,,1533.0,1533.0,,,0.0,,,0.0
2025-09-06 05:00:00,,,,,,,1533.0,1533.0,,,0.0,,,0.0
2025-09-06 06:00:00,,,,,,,1533.0,1533.0,,,0.0,,,0.0
2025-09-06 07:00:00,,,,,,,509.0,509.0,,,0.0,,,0.0
2025-09-06 08:00:00,,,,,,,509.0,509.0,,,0.0,,,0.0
2025-09-06 09:00:00,,,,,,,509.0,509.0,,,0.0,,,0.0
2025-09-06 10:00:00,,,,,,,509.0,509.0,,,0.0,,,0.0
2025-09-06 11:00:00,,,,,,,509.0,509.0,,,0.0,,,0.0
2025-09-06 12:00:00,,,,,,,509.0,509.0,,,0.0,,,0.0
2025-09-06 13:00:00,,,,,,,509.0,509.0,,,0.0,,,0.0
2025-09-06 14:00:00,,,,,,,509.0,509.0,,,0.0,,,0.0
2025-09-06 15:00:00,,,,,,,509.0,509.0,,,0.0,,,0.0
2025-09-06 16:00:00,,,,,,,509.0,509.0,,,0.0,,,0.0
2025-09-06 17:00:00,,,,,,,1533.0,1533.0,,,0.0,,,0.0
2025-09-06 18:00:00,,,,,,,1533.0,1533.0,,,0.0,,,0.0
2025-09-06 19:00:00,,,,,,,1533.0,1533.0,,,0.0,,,0.0
2025-09-06 20:00:00,,,,,,,1533.0,1533.0,,,0.0,,,0.0
2025-09-06 21:00:00,,,,,,,1529.0,1529.0,,,0.0,,,0.0
2025-09-06 22:00:00,,,,,,,1533.0,1533.0,,,0.0,,,0.0
2025-09-06 23:00:00,,,,,,,1533.0,1533.0,,,0.0,,,0.0
2025-09-07 00:00:00,,,,,,,1533.0,1533.0,,,0.0,,,0.0
2025-09-07 01:00:00,,,,,,,1533.0,1533.0,,,0.0,,,0.0
2025-09-07 02:00:00,,,,,,,1533.0,1533.0,,,0.0,,,0.0
2025-09-07 03:00:00,,,,,,,1533.0,1533.0,,,0.0,,,0.0
2025-09-07 04:00:00,,,,,,,1533.0,1533.0,,,0.0,,,0.0
2025-09-07 05:00:00,,,,,,,1533.0,1533.0,,,0.0,,,0.0
2025-09-07 06:00:00,,,,,,,1533.0,1533.0,,,0.0,,,0.0
2025-09-07 07:00:00,,,,,,,505.0,504.0,0.4414,0.0,1.0,1.0504999,0.0,1.0
2025-09-07 08:00:00,,,,,,,509.0,509.0,0.4416,0.0,1.0,1.056,0.0,1.0
2025-09-07 09:00:00,,,,,,,505.0,505.0,,,0.0,,,0.0
2025-09-07 10:00:00,,,,,,,509.0,509.0,,,0.0,,,0.0
2025-09-07 11:00:00,,,,,,,509.0,509.0,1.0244,0.0,1.0,0.9884,0.0,1.0
2025-09-07 12:00:00,,,,,,,509.0,509.0,,,0.0,,,0.0
2025-09-07 13:00:00,,,,,,,509.0,509.0,,,0.0,,,0.0
2025-09-07 14:00:00,,,,,,,509.0,509.0,1.5568,0.028199999,3.0,0.3645,0.028400004,3.0
2025-09-07 15:00:00,,,,,,,509.0,509.0,1.0466,0.0,1.0,0.8176,0.0,1.0
2025-09-07 16:00:00,,,,,,,509.0,509.0,,,0.0,,,0.0
2025-09-07 17:00:00,,,,,,,1533.0,1533.0,,,0.0,,,0.0
2025-09-07 18:00:00,,,,,,,1533.0,1533.0,,,0.0,,,0.0
2025-09-07 19:00:00,,,,,,,1533.0,1533.0,,,0.0,,,0.0
2025-09-07 20:00:00,,,,,,,1533.0,1533.0,,,0.0,,,0.0
2025-09-07 21:00:00,,,,,,,1533.0,1533.0,,,0.0,,,0.0
2025-09-07 22:00:00,,,,,,,1533.0,1533.0,,,0.0,,,0.0
2025-09-07 23:00:00,,,,,,,1533.0,1533.0,,,0.0,,,0.0
2025-09-08 00:00:00,,,,,,,1529.0,1529.0,,,0.0,,,0.0
2025-09-08 01:00:00,,,,,,,1533.0,1533.0,,,0.0,,,0.0
2025-09-08 02:00:00,,,,,,,1533.0,1533.0,,,0.0,,,0.0
2025-09-08 03:00:00,,,,,,,1533.0,1533.0,,,0.0,,,0.0
2025-09-08 04:00:00,,,,,,,1533.0,1533.0,,,0.0,,,0.0
2025-09-08 05:00:00,,,,,,,1533.0,1533.0,,,0.0,,,0.0
2025-09-08 06:00:00,,,,,,,1529.0,1529.0,,,0.0,,,0.0
2025-09-08 07:00:00,,,,,,,509.0,509.0,,,0.0,,,0.0
2025-09-08 08:00:00,,,,,,,509.0,509.0,,,0.0,,,0.0
2025-09-08 09:00:00,,,,,,,509.0,509.0,1.0238,0.0,1.0,0.7214,0.0,1.0
2025-09-08 10:00:00,,,,,,,509.0,509.0,,,0.0,,,0.0
2025-09-08 11:00:00,,,,,,,509.0,509.0,,,0.0,,,0.0
2025-09-08 12:00:00,,,,,,,505.0,505.0,,,0.0,,,0.0
2025-09-08 13:00:00,,,,,,,509.0,509.0,,,0.0,,,0.0
2025-09-08 14:00:00,,,,,,,509.0,509.0,0.7658,0.0,1.0,0.7702999,0.0,1.0
2025-09-08 15:00:00,,,,,,,509.0,509.0,,,0.0,,,0.0
2025-09-08 16:00:00,,,,,,,509.0,509.0,,,0.0,,,0.0
2025-09-08 17:00:00,,,,,,,1533.0,1533.0,,,0.0,,,0.0
2025-09-08 18:00:00,,,,,,,1533.0,1533.0,,,0.0,,,0.0
2025-09-08 19:00:00,,,,,,,1533.0,1533.0,,,0.0,,,0.0
2025-09-08 20:00:00,,,,,,,1533.0,1533.0,,,0.0,,,0.0
2025-09-08 21:00:00,,,,,,,1529.0,1529.0,,,0.0,,,0.0
2025-09-08 22:00:00,,,,,,,1529.0,1529.0,,,0.0,,,0.0
2025-09-08 23:00:00,,,,,,,1533.0,1533.0,,,0.0,,,0.0
2025-09-09 00:00:00,,,,,,,1533.0,1533.0,,,0.0,,,0.0
2025-09-09 01:00:00,,,,,,,1529.0,1529.0,,,0.0,,,0.0
2025-09-09 02:00:00,,,,,,,1273.0,1273.0,,,0.0,,,0.0
2025-09-09 03:00:00,,,,,,,1533.0,1533.0,,,0.0,,,0.0
2025-09-09 04:00:00,,,,,,,1529.0,1529.0,,,0.0,,,0.0
2025-09-09 05:00:00,,,,,,,1533.0,1533.0,,,0.0,,,0.0
2025-09-09 06:00:00,,,,,,,1533.0,1533.0,,,0.0,,,0.0
2025-09-09 07:00:00,,,,,,,509.0,509.0,,,0.0,,,0.0
2025-09-09 08:00:00,,,,,,,509.0,509.0,,,0.0,,,0.0
2025-09-09 09:00:00,,,,,,,509.0,509.0,,,0.0,,,0.0
2025-09-09 10:00:00,,,,,,,509.0,509.0,,,0.0,,,0.0
2025-09-09 11:00:00,,,,,,,509.0,509.0,,,0.0,,,0.0
2025-09-09 12:00:00,,,,,,,509.0,509.0,,,0.0,,,0.0
2025-09-09 13:00:00,,,,,,,509.0,509.0,,,0.0,,,0.0
2025-09-09 14:00:00,,,,,,,509.0,509.0,,,0.0,,,0.0
2025-09-09 15:00:00,,,,,,,509.0,509.0,0.643,0.0,1.0,0.8837999,0.0,1.0
2025-09-09 16:00:00,,,,,,,509.0,509.0,,,0.0,,,0.0
2025-09-09 17:00:00,,,,,,,1533.0,1533.0,,,0.0,,,0.0
2025-09-09 18:00:00,,,,,,,1533.0,1533.0,,,0.0,,,0.0
2025-09-09 19:00:00,,,,,,,1533.0,1533.0,,,0.0,,,0.0
2025-09-09 20:00:00,,,,,,,1529.0,1529.0,,,0.0,,,0.0
2025-09-09 21:00:00,,,,,,,1533.0,1533.0,,,0.0,,,0.0
2025-09-09 22:00:00,,,,,,,1273.0,1273.0,,,0.0,,,0.0
2025-09-09 23:00:00,,,,,,,1273.0,1273.0,,,0.0,,,0.0
2025-09-10 00:00:00,,,,,,,1533.0,1533.0,,,0.0,,,0.0
2025-09-10 01:00:00,,,,,,,1533.0,1533.0,,,0.0,,,0.0
2025-09-10 02:00:00,,,,,,,1529.0,1529.0,,,0.0,,,0.0
2025-09-10 03:00:00,,,,,,,1529.0,1529.0,,,0.0,,,0.0
2025-09-10 04:00:00,,,,,,,1529.0,1529.0,,,0.0,,,0.0
2025-09-10 05:00:00,,,,,,,1529.0,1529.0,,,0.0,,,0.0
2025-09-10 06:00:00,,,,,,,1533.0,1533.0,,,0.0,,,0.0
2025-09-10 07:00:00,,,,,,,509.0,509.0,,,0.0,,,0.0
2025-09-10 08:00:00,,,,,,,509.0,509.0,,,0.0,,,0.0
2025-09-10 09:00:00,,,,,,,509.0,509.0,,,0.0,,,0.0
2025-09-10 10:00:00,,,,,,,509.0,509.0,,,0.0,,,0.0
2025-09-10 11:00:00,,,,,,,509.0,509.0,,,0.0,,,0.0
2025-09-10 12:00:00,,,,,,,509.0,509.0,,,0.0,,,0.0
2025-09-10 13:00:00,,,,,,,509.0,509.0,,,0.0,,,0.0
2025-09-10 14:00:00,,,,,,,509.0,509.0,,,0.0,,,0.0
2025-09-10 15:00:00,,,,,,,2297.0,2296.0,0.0596,0.055999998,4.0,0.8829,0.006799996,4.0
2025-09-10 16:00:00,,,,,,,505.0,504.0,0.096999995,0.1268,6.0,0.8249999,0.10689998,6.0
2025-09-10 17:00:00,,,,,,,1273.0,1273.0,0.20099999,0.025799999,2.0,0.62619996,0.06400001,2.0
2025-09-10 18:00:00,,,,,,,1529.0,1529.0,,,0.0,,,0.0
2025-09-10 19:00:00,,,,,,,1533.0,1533.0,,,0.0,,,0.0
2025-09-10 20:00:00,,,,,,,1533.0,1533.0,,,0.0,,,0.0
2025-09-10 21:00:00,,,,,,,511.0,511.0,,,0.0,,,0.0
2025-09-10 22:00:00,,,,,,,1533.0,1533.0,,,0.0,,,0.0
2025-09-10 23:00:00,,,,,,,1529.0,1529.0,,,0.0,,,0.0
2025-09-11 00:00:00,,,,,,,1533.0,1533.0,,,0.0,,,0.0
2025-09-11 01:00:00,,,,,,,1533.0,1533.0,,,0.0,,,0.0
2025-09-11 02:00:00,,,,,,,1533.0,1533.0,,,0.0,,,0.0
2025-09-11 03:00:00,,,,,,,1533.0,1533.0,,,0.0,,,0.0
2025-09-11 04:00:00,,,,,,,1273.0,1273.0,,,0.0,,,0.0
2025-09-11 05:00:00,,,,,,,1529.0,1529.0,,,0.0,,,0.0
2025-09-11 06:00:00,,,,,,,1273.0,1273.0,,,0.0,,,0.0
2025-09-11 07:00:00,,,,,,,509.0,509.0,,,0.0,,,0.0
2025-09-11 08:00:00,,,,,,,509.0,509.0,,,0.0,,,0.0
2025-09-11 09:00:00,,,,,,,509.0,509.0,,,0.0,,,0.0
2025-09-11 10:00:00,,,,,,,509.0,509.0,,,0.0,,,0.0
2025-09-11 11:00:00,,,,,,,509.0,509.0,,,0.0,,,0.0
2025-09-11 12:00:00,,,,,,,509.0,509.0,,,0.0,,,0.0
2025-09-11 13:00:00,,,,,,,509.0,509.0,,,0.0,,,0.0
2025-09-11 14:00:00,,,,,,,509.0,509.0,,,0.0,,,0.0
2025-09-11 15:00:00,,,,,,,509.0,509.0,,,0.0,,,0.0
2025-09-11 16:00:00,,,,,,,505.0,504.0,0.1884,0.0,1.0,0.8406,0.0,1.0
2025-09-11 17:00:00,,,,,,,1273.0,1273.0,0.3782,0.0,1.0,0.5964,0.0,1.0
2025-09-11 18:00:00,,,,,,,1273.0,1273.0,,,0.0,,,0.0
2025-09-11 19:00:00,,,,,,,1529.0,1529.0,,,0.0,,,0.0
2025-09-11 20:00:00,,,,,,,1533.0,1533.0,,,0.0,,,0.0
2025-09-11 21:00:00,,,,,,,511.0,511.0,,,0.0,,,0.0
2025-09-11 22:00:00,,,,,,,1273.0,1273.0,,,0.0,,,0.0
2025-09-11 23:00:00,,,,,,,1273.0,1273.0,,,0.0,,,0.0
2025-09-12 00:00:00,,,,,,,1273.0,1273.0,,,0.0,,,0.0
2025-09-12 01:00:00,,,,,,,1273.0,1273.0,,,0.0,,,0.0
2025-09-12 02:00:00,,,,,,,1273.0,1273.0,,,0.0,,,0.0
2025-09-12 03:00:00,,,,,,,1529.0,1529.0,,,0.0,,,0.0
2025-09-12 04:00:00,,,,,,,1273.0,1273.0,,,0.0,,,0.0
2025-09-12 05:00:00,,,,,,,1273.0,1273.0,,,0.0,,,0.0
2025-09-12 06:00:00,,,,,,,1273.0,1273.0,,,0.0,,,0.0
2025-09-12 07:00:00,,,,,,,509.0,509.0,,,0.0,,,0.0
2025-09-12 08:00:00,,,,,,,509.0,509.0,0.2224,0.0,1.0,1.1041,0.0,1.0
2025-09-12 09:00:00,,,,,,,509.0,509.0,,,0.0,,,0.0
2025-09-12 10:00:00,,,,,,,509.0,509.0,,,0.0,,,0.0
2025-09-12 11:00:00,,,,,,,509.0,509.0,,,0.0,,,0.0
2025-09-12 12:00:00,,,,,,,509.0,509.0,,,0.0,,,0.0
2025-09-12 13:00:00,,,,,,,509.0,509.0,,,0.0,,,0.0
2025-09-12 14:00:00,,,,,,,509.0,509.0,,,0.0,,,0.0
2025-09-12 15:00:00,,,,,,,509.0,509.0,,,0.0,,,0.0
2025-09-12 16:00:00,,,,,,,509.0,509.0,,,0.0,,,0.0
2025-09-12 17:00:00,,,,,,,1533.0,1533.0,,,0.0,,,0.0
2025-09-12 18:00:00,,,,,,,1529.0,1529.0,,,0.0,,,0.0
2025-09-12 19:00:00,,,,,,,1273.0,1273.0,,,0.0,,,0.0
2025-09-12 20:00:00,,,,,,,1529.0,1529.0,,,0.0,,,0.0
2025-09-12 21:00:00,,,,,,,511.0,511.0,,,0.0,,,0.0
2025-09-12 22:00:00,,,,,,,1273.0,1273.0,,,0.0,,,0.0
2025-09-12 23:00:00,,,,,,,1273.0,1273.0,,,0.0,,,0.0
2025-09-13 00:00:00,,,,,,,1273.0,1273.0,,,0.0,,,0.0
2025-09-13 01:00:00,,,,,,,1273.0,1273.0,,,0.0,,,0.0
2025-09-13 02:00:00,,,,,,,1273.0,1273.0,,,0.0,,,0.0
2025-09-13 03:00:00,,,,,,,1533.0,1533.0,,,0.0,,,0.0
2025-09-13 04:00:00,,,,,,,1533.0,1533.0,,,0.0,,,0.0
2025-09-13 05:00:00,,,,,,,1533.0,1533.0,,,0.0,,,0.0
2025-09-13 06:00:00,,,,,,,1529.0,1529.0,,,0.0,,,0.0
2025-09-13 07:00:00,,,,,,,2553.0,2552.0,0.192,0.0,1.0,1.0015,0.0,1.0
2025-09-13 08:00:00,,,,,,,509.0,509.0,,,0.0,,,0.0
2025-09-13 09:00:00,,,,,,,509.0,509.0,,,0.0,,,0.0
2025-09-13 10:00:00,,,,,,,509.0,509.0,,,0.0,,,0.0
2025-09-13 11:00:00,,,,,,,509.0,509.0,,,0.0,,,0.0
2025-09-13 12:00:00,,,,,,,509.0,509.0,,,0.0,,,0.0
2025-09-13 13:00:00,,,,,,,509.0,509.0,,,0.0,,,0.0
2025-09-13 14:00:00,,,,,,,509.0,509.0,,,0.0,,,0.0
2025-09-13 15:00:00,,,,,,,2553.0,2552.0,0.047599997,0.0332,3.0,1.0774,0.006799996,3.0
2025-09-13 16:00:00,,,,,,,509.0,509.0,,,0.0,,,0.0
2025-09-13 17:00:00,,,,,,,1533.0,1533.0,,,0.0,,,0.0
2025-09-13 18:00:00,,,,,,,1529.0,1529.0,,,0.0,,,0.0
2025-09-13 19:00:00,,,,,,,1273.0,1273.0,,,0.0,,,0.0
2025-09-13 20:00:00,,,,,,,1529.0,1529.0,,,0.0,,,0.0
2025-09-13 21:00:00,,,,,,,511.0,511.0,,,0.0,,,0.0
2025-09-13 22:00:00,,,,,,,1273.0,1273.0,,,0.0,,,0.0
2025-09-13 23:00:00,,,,,,,1533.0,1533.0,,,0.0,,,0.0
2025-09-14 00:00:00,,,,,,,1273.0,1273.0,,,0.0,,,0.0
2025-09-14 01:00:00,,,,,,,1533.0,1533.0,,,0.0,,,0.0
2025-09-14 02:00:00,,,,,,,1273.0,1273.0,,,0.0,,,0.0
2025-09-14 03:00:00,,,,,,,1533.0,1533.0,,,0.0,,,0.0
2025-09-14 04:00:00,,,,,,,1533.0,1533.0,,,0.0,,,0.0
2025-09-14 05:00:00,,,,,,,1273.0,1273.0,,,0.0,,,0.0
2025-09-14 06:00:00,,,,,,,1529.0,1529.0,,,0.0,,,0.0
2025-09-14 07:00:00,,,,,,,505.0,504.0,0.6196,0.0,1.0,1.0101,0.0,1.0
2025-09-14 08:00:00,,,,,,,509.0,509.0,0.705,0.0053999997,3.0,0.9992,0.0009999871,3.0
2025-09-14 09:00:00,,,,,,,505.0,505.0,,,0.0,,,0.0
2025-09-14 10:00:00,,,,,,,509.0,509.0,,,0.0,,,0.0
2025-09-14 11:00:00,,,,,,,509.0,509.0,0.7442,0.0,1.0,1.087,0.0,1.0
2025-09-14 12:00:00,,,,,,,509.0,509.0,,,0.0,,,0.0
2025-09-14 13:00:00,,,,,,,505.0,505.0,,,0.0,,,0.0
2025-09-14 14:00:00,,,,,,,509.0,509.0,0.811,0.0,1.0,0.9548999,0.0,1.0
2025-09-14 15:00:00,,,,,,,509.0,509.0,,,0.0,,,0.0
2025-09-14 16:00:00,,,,,,,509.0,509.0,,,0.0,,,0.0
2025-09-14 17:00:00,,,,,,,1533.0,1533.0,,,0.0,,,0.0
2025-09-14 18:00:00,,,,,,,1533.0,1533.0,,,0.0,,,0.0
2025-09-14 19:00:00,,,,,,,1533.0,1533.0,,,0.0,,,0.0
2025-09-14 20:00:00,,,,,,,1533.0,1533.0,,,0.0,,,0.0
2025-09-14 21:00:00,,,,,,,511.0,511.0,,,0.0,,,0.0
2025-09-14 22:00:00,,,,,,,1533.0,1533.0,,,0.0,,,0.0
2025-09-14 23:00:00,,,,,,,1533.0,1533.0,,,0.0,,,0.0
2025-09-15 00:00:00,,,,,,,1529.0,1529.0,,,0.0,,,0.0
2025-09-15 01:00:00,,,,,,,1533.0,1533.0,,,0.0,,,0.0
2025-09-15 02:00:00,,,,,,,1533.0,1533.0,,,0.0,,,0.0
2025-09-15 03:00:00,,,,,,,1533.0,1533.0,,,0.0,,,0.0
2025-09-15 04:00:00,,,,,,,1529.0,1529.0,,,0.0,,,0.0
2025-09-15 05:00:00,,,,,,,1529.0,1529.0,,,0.0,,,0.0
2025-09-15 06:00:00,,,,,,,1273.0,1273.0,,,0.0,,,0.0
2025-09-15 07:00:00,,,,,,,2553.0,2552.0,0.0166,0.0,1.0,1.0690999,0.0,1.0
2025-09-15 08:00:00,,,,,,,509.0,509.0,,,0.0,,,0.0
2025-09-15 09:00:00,,,,,,,509.0,509.0,,,0.0,,,0.0
2025-09-15 10:00:00,,,,,,,509.0,509.0,,,0.0,,,0.0
2025-09-15 11:00:00,,,,,,,509.0,509.0,,,0.0,,,0.0
2025-09-15 12:00:00,,,,,,,509.0,509.0,,,0.0,,,0.0
2025-09-15 13:00:00,,,,,,,509.0,509.0,,,0.0,,,0.0
2025-09-15 14:00:00,,,,,,,509.0,509.0,,,0.0,,,0.0
2025-09-15 15:00:00,,,,,,,509.0,509.0,,,0.0,,,0.0
2025-09-15 16:00:00,,,,,,,509.0,509.0,,,0.0,,,0.0
2025-09-15 17:00:00,,,,,,,1533.0,1533.0,,,0.0,,,0.0
2025-09-15 18:00:00,,,,,,,1529.0,1529.0,,,0.0,,,0.0
2025-09-15 19:00:00,,,,,,,1529.0,1529.0,,,0.0,,,0.0
2025-09-15 20:00:00,,,,,,,1533.0,1533.0,,,0.0,,,0.0
2025-09-15 21:00:00,,,,,,,1533.0,1533.0,,,0.0,,,0.0
2025-09-15 22:00:00,,,,,,,1533.0,1533.0,,,0.0,,,0.0
2025-09-15 23:00:00,,,,,,,1533.0,1533.0,,,0.0,,,0.0
2025-09-16 00:00:00,,,,,,,1533.0,1533.0,,,0.0,,,0.0
2025-09-16 01:00:00,,,,,,,1533.0,1533.0,,,0.0,,,0.0
2025-09-16 02:00:00,,,,,,,1533.0,1533.0,,,0.0,,,0.0
2025-09-16 03:00:00,,,,,,,1533.0,1533.0,,,0.0,,,0.0
2025-09-16 04:00:00,,,,,,,1529.0,1529.0,,,0.0,,,0.0
2025-09-16 05:00:00,,,,,,,1273.0,1273.0,,,0.0,,,0.0
2025-09-16 06:00:00,,,,,,,1533.0,1533.0,,,0.0,,,0.0
2025-09-16 07:00:00,,,,,,,509.0,509.0,,,0.0,,,0.0
2025-09-16 08:00:00,,,,,,,509.0,509.0,,,0.0,,,0.0
2025-09-16 09:00:00,,,,,,,509.0,509.0,1.2184,0.0802,2.0,0.7133,0.043799996,2.0
2025-09-16 10:00:00,,,,,,,509.0,509.0,,,0.0,,,0.0
2025-09-16 11:00:00,,,,,,,509.0,509.0,,,0.0,,,0.0
2025-09-16 12:00:00,,,,,,,509.0,509.0,,,0.0,,,0.0
2025-09-16 13:00:00,,,,,,,509.0,509.0,,,0.0,,,0.0
2025-09-16 14:00:00,,,,,,,509.0,509.0,0.1876,0.0,1.0,1.1898999,0.0,1.0
2025-09-16 15:00:00,,,,,,,509.0,509.0,,,0.0,,,0.0
2025-09-16 16:00:00,,,,,,,509.0,509.0,,,0.0,,,0.0
2025-09-16 17:00:00,,,,,,,1533.0,1533.0,,,0.0,,,0.0
2025-09-16 18:00:00,,,,,,,1533.0,1533.0,,,0.0,,,0.0
2025-09-16 19:00:00,,,,,,,1529.0,1529.0,,,0.0,,,0.0
2025-09-16 20:00:00,,,,,,,1533.0,1533.0,,,0.0,,,0.0
2025-09-16 21:00:00,,,,,,,1533.0,1533.0,,,0.0,,,0.0
2025-09-16 22:00:00,,,,,,,1533.0,1533.0,,,0.0,,,0.0
2025-09-16 23:00:00,,,,,,,1533.0,1533.0,,,0.0,,,0.0
2025-09-17 00:00:00,,,,,,,1533.0,1533.0,,,0.0,,,0.0
2025-09-17 01:00:00,,,,,,,1533.0,1533.0,,,0.0,,,0.0
2025-09-17 02:00:00,,,,,,,1533.0,1533.0,,,0.0,,,0.0
2025-09-17 03:00:00,,,,,,,1529.0,1529.0,,,0.0,,,0.0
2025-09-17 04:00:00,,,,,,,1529.0,1529.0,,,0.0,,,0.0
2025-09-17 05:00:00,,,,,,,1533.0,1533.0,,,0.0,,,0.0
2025-09-17 06:00:00,,,,,,,1533.0,1533.0,,,0.0,,,0.0
2025-09-17 07:00:00,,,,,,,509.0,509.0,,,0.0,,,0.0
2025-09-17 08:00:00,,,,,,,509.0,509.0,,,0.0,,,0.0
2025-09-17 09:00:00,,,,,,,509.0,509.0,,,0.0,,,0.0
2025-09-17 10:00:00,,,,,,,509.0,509.0,,,0.0,,,0.0
2025-09-17 11:00:00,,,,,,,509.0,509.0,,,0.0,,,0.0
2025-09-17 12:00:00,,,,,,,509.0,509.0,,,0.0,,,0.0
2025-09-17 13:00:00,,,,,,,509.0,509.0,,,0.0,,,0.0
2025-09-17 14:00:00,,,,,,,509.0,509.0,,,0.0,,,0.0
2025-09-17 15:00:00,,,,,,,509.0,509.0,,,0.0,,,0.0
2025-09-17 16:00:00,,,,,,,509.0,509.0,,,0.0,,,0.0
2025-09-17 17:00:00,,,,,,,1533.0,1533.0,,,0.0,,,0.0
2025-09-17 18:00:00,,,,,,,1533.0,1533.0,,,0.0,,,0.0
2025-09-17 19:00:00,,,,,,,1533.0,1533.0,,,0.0,,,0.0
2025-09-17 20:00:00,,,,,,,1529.0,1529.0,,,0.0,,,0.0
2025-09-17 21:00:00,,,,,,,1533.0,1533.0,,,0.0,,,0.0
2025-09-17 22:00:00,,,,,,,1533.0,1533.0,,,0.0,,,0.0
2025-09-17 23:00:00,,,,,,,1533.0,1533.0,,,0.0,,,0.0
2025-09-18 00:00:00,,,,,,,1533.0,1533.0,,,0.0,,,0.0
2025-09-18 01:00:00,,,,,,,1529.0,1529.0,,,0.0,,,0.0
2025-09-18 02:00:00,,,,,,,1529.0,1529.0,,,0.0,,,0.0
2025-09-18 03:00:00,,,,,,,1529.0,1529.0,,,0.0,,,0.0
2025-09-18 04:00:00,,,,,,,1533.0,1533.0,,,0.0,,,0.0
2025-09-18 05:00:00,,,,,,,1533.0,1533.0,,,0.0,,,0.0
2025-09-18 06:00:00,,,,,,,1533.0,1533.0,,,0.0,,,0.0
2025-09-18 07:00:00,,,,,,,509.0,509.0,,,0.0,,,0.0
2025-09-18 08:00:00,,,,,,,509.0,509.0,,,0.0,,,0.0
2025-09-18 09:00:00,,,,,,,509.0,509.0,,,0.0,,,0.0
2025-09-18 10:00:00,,,,,,,509.0,509.0,,,0.0,,,0.0
2025-09-18 11:00:00,,,,,,,509.0,509.0,,,0.0,,,0.0
2025-09-18 12:00:00,,,,,,,509.0,509.0,,,0.0,,,0.0
2025-09-18 13:00:00,,,,,,,509.0,509.0,,,0.0,,,0.0
2025-09-18 14:00:00,,,,,,,2553.0,2552.0,0.0208,0.0202,3.0,1.048,0.006099999,2.0
2025-09-18 15:00:00,,,,,,,509.0,509.0,0.2446,0.15179999,2.0,1.0031999,0.057200015,2.0
2025-09-18 16:00:00,,,,,,,509.0,509.0,,,0.0,,,0.0
2025-09-18 17:00:00,,,,,,,1533.0,1533.0,,,0.0,,,0.0
2025-09-18 18:00:00,,,,,,,1529.0,1529.0,,,0.0,,,0.0
2025-09-18 19:00:00,,,,,,,1529.0,1529.0,,,0.0,,,0.0
2025-09-18 20:00:00,,,,,,,1533.0,1533.0,,,0.0,,,0.0
2025-09-18 21:00:00,,,,,,,1533.0,1533.0,,,0.0,,,0.0
2025-09-18 22:00:00,,,,,,,1533.0,1533.0,,,0.0,,,0.0
2025-09-18 23:00:00,,,,,,,1533.0,1533.0,,,0.0,,,0.0
2025-09-19 00:00:00,,,,,,,1533.0,1533.0,,,0.0,,,0.0
2025-09-19 01:00:00,,,,,,,1533.0,1533.0,,,0.0,,,0.0
2025-09-19 02:00:00,,,,,,,1533.0,1533.0,,,0.0,,,0.0
2025-09-19 03:00:00,,,,,,,1533.0,1533.0,,,0.0,,,0.0
2025-09-19 04:00:00,,,,,,,1533.0,1533.0,,,0.0,,,0.0
2025-09-19 05:00:00,,,,,,,1533.0,1533.0,,,0.0,,,0.0
2025-09-19 06:00:00,,,,,,,1529.0,1529.0,,,0.0,,,0.0
2025-09-19 07:00:00,,,,,,,509.0,509.0,,,0.0,,,0.0
2025-09-19 08:00:00,,,,,,,509.0,509.0,0.47239998,0.0,1.0,0.9397,0.0,1.0
2025-09-19 09:00:00,,,,,,,509.0,509.0,,,0.0,,,0.0
2025-09-19 10:00:00,,,,,,,509.0,509.0,,,0.0,,,0.0
2025-09-19 11:00:00,,,,,,,509.0,509.0,,,0.0,,,0.0
2025-09-19 12:00:00,,,,,,,509.0,509.0,,,0.0,,,0.0
2025-09-19 13:00:00,,,,,,,509.0,509.0,,,0.0,,,0.0
2025-09-19 14:00:00,,,,,,,509.0,509.0,,,0.0,,,0.0
2025-09-19 15:00:00,,,,,,,505.0,505.0,0.03,0.022599999,2.0,1.0633,0.0022000074,2.0
2025-09-19 16:00:00,,,,,,,509.0,509.0,0.0074,0.0,1.0,1.0279,0.0,1.0
2025-09-19 17:00:00,,,,,,,1533.0,1533.0,,,0.0,,,0.0
2025-09-19 18:00:00,,,,,,,1273.0,1273.0,,,0.0,,,0.0
2025-09-19 19:00:00,,,,,,,1533.0,1533.0,,,0.0,,,0.0
2025-09-19 20:00:00,,,,,,,1529.0,1529.0,,,0.0,,,0.0
2025-09-19 21:00:00,,,,,,,1533.0,1533.0,,,0.0,,,0.0
2025-09-19 22:00:00,,,,,,,1533.0,1533.0,,,0.0,,,0.0
2025-09-19 23:00:00,,,,,,,1533.0,1533.0,,,0.0,,,0.0
2025-09-20 00:00:00,,,,,,,1533.0,1533.0,,,0.0,,,0.0
2025-09-20 01:00:00,,,,,,,1533.0,1533.0,,,0.0,,,0.0
2025-09-20 02:00:00,,,,,,,1533.0,1533.0,,,0.0,,,0.0
2025-09-20 03:00:00,,,,,,,1533.0,1533.0,,,0.0,,,0.0
2025-09-20 04:00:00,,,,,,,1533.0,1533.0,,,0.0,,,0.0
2025-09-20 05:00:00,,,,,,,1533.0,1533.0,,,0.0,,,0.0
2025-09-20 06:00:00,,,,,,,1533.0,1533.0,,,0.0,,,0.0
2025-09-20 07:00:00,,,,,,,509.0,509.0,,,0.0,,,0.0
2025-09-20 08:00:00,,,,,,,509.0,509.0,0.7168,0.0019999999,2.0,0.62249994,0.032400012,2.0
2025-09-20 09:00:00,,,,,,,509.0,509.0,,,0.0,,,0.0
2025-09-20 10:00:00,,,,,,,509.0,509.0,,,0.0,,,0.0
2025-09-20 11:00:00,,,,,,,509.0,509.0,1.122,0.0,1.0,0.52820003,0.0,1.0
2025-09-20 12:00:00,,,,,,,509.0,509.0,,,0.0,,,0.0
2025-09-20 13:00:00,,,,,,,509.0,509.0,,,0.0,,,0.0
2025-09-20 14:00:00,,,,,,,509.0,509.0,,,0.0,,,0.0
2025-09-20 15:00:00,,,,,,,509.0,509.0,,,0.0,,,0.0
2025-09-20 16:00:00,,,,,,,509.0,509.0,,,0.0,,,0.0
2025-09-20 17:00:00,,,,,,,1533.0,1533.0,,,0.0,,,0.0
2025-09-20 18:00:00,,,,,,,1529.0,1529.0,,,0.0,,,0.0
2025-09-20 19:00:00,,,,,,,1529.0,1529.0,,,0.0,,,0.0
2025-09-20 20:00:00,,,,,,,1529.0,1529.0,,,0.0,,,0.0
2025-09-20 21:00:00,,,,,,,1533.0,1533.0,,,0.0,,,0.0
2025-09-20 22:00:00,,,,,,,1533.0,1533.0,,,0.0,,,0.0
2025-09-20 23:00:00,,,,,,,1533.0,1533.0,,,0.0,,,0.0
2025-09-21 00:00:00,,,,,,,1533.0,1533.0,,,0.0,,,0.0
2025-09-21 01:00:00,,,,,,,1533.0,1533.0,,,0.0,,,0.0
2025-09-21 02:00:00,,,,,,,1533.0,1533.0,,,0.0,,,0.0
2025-09-21 03:00:00,,,,,,,1533.0,1533.0,,,0.0,,,0.0
2025-09-21 04:00:00,,,,,,,1529.0,1529.0,,,0.0,,,0.0
2025-09-21 05:00:00,,,,,,,1533.0,1533.0,,,0.0,,,0.0
2025-09-21 06:00:00,,,,,,,1533.0,1533.0,,,0.0,,,0.0
2025-09-21 07:00:00,,,,,,,509.0,509.0,,,0.0,,,0.0
2025-09-21 08:00:00,,,,,,,509.0,509.0,0.7054,0.0,1.0,0.80059993,0.0,1.0
2025-09-21 09:00:00,,,,,,,509.0,509.0,,,0.0,,,0.0
2025-09-21 10:00:00,,,,,,,509.0,509.0,,,0.0,,,0.0
2025-09-21 11:00:00,,,,,,,509.0,509.0,,,0.0,,,0.0
2025-09-21 12:00:00,,,,,,,509.0,509.0,,,0.0,,,0.0
2025-09-21 13:00:00,,,,,,,509.0,509.0,,,0.0,,,0.0
2025-09-21 14:00:00,,,,,,,509.0,509.0,0.611,0.0,1.0,1.0281,0.0,1.0
2025-09-21 15:00:00,,,,,,,509.0,509.0,1.2504,0.24219999,2.0,0.6537,0.07019997,2.0
2025-09-21 16:00:00,,,,,,,509.0,509.0,,,0.0,,,0.0
2025-09-21 17:00:00,,,,,,,1533.0,1533.0,,,0.0,,,0.0
2025-09-21 18:00:00,,,,,,,1533.0,1533.0,,,0.0,,,0.0
2025-09-21 19:00:00,,,,,,,1529.0,1529.0,,,0.0,,,0.0
2025-09-21 20:00:00,,,,,,,1533.0,1533.0,,,0.0,,,0.0
2025-09-21 21:00:00,,,,,,,1533.0,1533.0,,,0.0,,,0.0
2025-09-21 22:00:00,,,,,,,1529.0,1529.0,,,0.0,,,0.0
2025-09-21 23:00:00,,,,,,,1533.0,1533.0,,,0.0,,,0.0
2025-09-22 00:00:00,,,,,,,1533.0,1533.0,,,0.0,,,0.0
2025-09-22 01:00:00,,,,,,,1533.0,1533.0,,,0.0,,,0.0
2025-09-22 02:00:00,,,,,,,1533.0,1533.0,,,0.0,,,0.0
2025-09-22 03:00:00,,,,,,,1529.0,1529.0,,,0.0,,,0.0
2025-09-22 04:00:00,,,,,,,1273.0,1273.0,,,0.0,,,0.0
2025-09-22 05:00:00,,,,,,,1533.0,1533.0,,,0.0,,,0.0
2025-09-22 06:00:00,,,,,,,1273.0,1273.0,,,0.0,,,0.0
2025-09-22 07:00:00,,,,,,,509.0,509.0,,,0.0,,,0.0
2025-09-22 08:00:00,,,,,,,509.0,509.0,0.0032,0.0,1.0,0.99909997,0.0,1.0
2025-09-22 09:00:00,,,,,,,509.0,509.0,,,0.0,,,0.0
2025-09-22 10:00:00,,,,,,,509.0,509.0,,,0.0,,,0.0
2025-09-22 11:00:00,,,,,,,509.0,509.0,,,0.0,,,0.0
2025-09-22 12:00:00,,,,,,,509.0,509.0,,,0.0,,,0.0
2025-09-22 13:00:00,,,,,,,509.0,509.0,,,0.0,,,0.0
2025-09-22 14:00:00,,,,,,,505.0,505.0,,,0.0,,,0.0
2025-09-22 15:00:00,,,,,,,505.0,505.0,,,0.0,,,0.0
2025-09-22 16:00:00,,,,,,,505.0,504.0,0.1856,0.0,1.0,0.7938,0.0,1.0
2025-09-22 17:00:00,,,,,,,1529.0,1529.0,0.1674,0.0,1.0,0.8125,0.0,1.0
2025-09-22 18:00:00,,,,,,,1529.0,1529.0,,,0.0,,,0.0
2025-09-22 19:00:00,,,,,,,1273.0,1273.0,,,0.0,,,0.0
2025-09-22 20:00:00,,,,,,,1533.0,1533.0,,,0.0,,,0.0
2025-09-22 21:00:00,,,,,,,1533.0,1533.0,,,0.0,,,0.0
2025-09-22 22:00:00,,,,,,,1529.0,1529.0,,,0.0,,,0.0
2025-09-22 23:00:00,,,,,,,1273.0,1273.0,,,0.0,,,0.0
2025-09-23 00:00:00,,,,,,,1529.0,1529.0,,,0.0,,,0.0
2025-09-23 01:00:00,,,,,,,1533.0,1533.0,,,0.0,,,0.0
2025-09-23 02:00:00,,,,,,,1533.0,1533.0,,,0.0,,,0.0
2025-09-23 03:00:00,,,,,,,1533.0,1533.0,,,0.0,,,0.0
2025-09-23 04:00:00,,,,,,,1533.0,1533.0,,,0.0,,,0.0
2025-09-23 05:00:00,,,,,,,1533.0,1533.0,,,0.0,,,0.0
2025-09-23 06:00:00,,,,,,,1533.0,1533.0,,,0.0,,,0.0
2025-09-23 07:00:00,,,,,,,509.0,509.0,,,0.0,,,0.0
2025-09-23 08:00:00,,,,,,,509.0,509.0,,,0.0,,,0.0
2025-09-23 09:00:00,,,,,,,509.0,509.0,,,0.0,,,0.0
2025-09-23 10:00:00,,,,,,,509.0,509.0,,,0.0,,,0.0
2025-09-23 11:00:00,,,,,,,509.0,509.0,,,0.0,,,0.0
2025-09-23 12:00:00,,,,,,,509.0,509.0,,,0.0,,,0.0
2025-09-23 13:00:00,,,,,,,509.0,509.0,,,0.0,,,0.0
2025-09-23 14:00:00,,,,,,,509.0,509.0,,,0.0,,,0.0
2025-09-23 15:00:00,,,,,,,509.0,509.0,,,0.0,,,0.0
2025-09-23 16:00:00,,,,,,,509.0,509.0,0.7564,0.0,1.0,0.8722999,0.0,1.0
2025-09-23 17:00:00,,,,,,,1533.0,1533.0,,,0.0,,,0.0
2025-09-23 18:00:00,,,,,,,1533.0,1533.0,,,0.0,,,0.0
2025-09-23 19:00:00,,,,,,,1533.0,1533.0,,,0.0,,,0.0
2025-09-23 20:00:00,,,,,,,1529.0,1529.0,,,0.0,,,0.0
2025-09-23 21:00:00,,,,,,,1533.0,1533.0,,,0.0,,,0.0
2025-09-23 22:00:00,,,,,,,1533.0,1533.0,,,0.0,,,0.0
2025-09-23 23:00:00,,,,,,,1529.0,1529.0,,,0.0,,,0.0
2025-09-24 00:00:00,,,,,,,1533.0,1533.0,,,0.0,,,0.0
2025-09-24 01:00:00,,,,,,,1529.0,1529.0,,,0.0,,,0.0
2025-09-24 02:00:00,,,,,,,1533.0,1533.0,,,0.0,,,0.0
2025-09-24 03:00:00,,,,,,,1533.0,1533.0,,,0.0,,,0.0
2025-09-24 04:00:00,,,,,,,1533.0,1533.0,,,0.0,,,0.0
2025-09-24 05:00:00,,,,,,,1533.0,1533.0,,,0.0,,,0.0
2025-09-24 06:00:00,,,,,,,1533.0,1533.0,,,0.0,,,0.0
2025-09-24 07:00:00,,,,,,,509.0,509.0,,,0.0,,,0.0
2025-09-24 08:00:00,,,,,,,509.0,509.0,,,0.0,,,0.0
2025-09-24 09:00:00,,,,,,,509.0,509.0,,,0.0,,,0.0
2025-09-24 10:00:00,,,,,,,509.0,509.0,,,0.0,,,0.0
2025-09-24 11:00:00,,,,,,,509.0,509.0,,,0.0,,,0.0
2025-09-24 12:00:00,,,,,,,509.0,509.0,,,0.0,,,0.0
2025-09-24 13:00:00,,,,,,,509.0,509.0,,,0.0,,,0.0
2025-09-24 14:00:00,,,,,,,509.0,509.0,,,0.0,,,0.0
2025-09-24 15:00:00,,,,,,,509.0,509.0,,,0.0,,,0.0
2025-09-24 16:00:00,,,,,,,509.0,509.0,,,0.0,,,0.0
2025-09-24 17:00:00,,,,,,,1533.0,1533.0,0.6332,0.0,1.0,0.78,0.0,1.0
2025-09-24 18:00:00,,,,,,,1273.0,1273.0,,,0.0,,,0.0
2025-09-24 19:00:00,,,,,,,1529.0,1529.0,,,0.0,,,0.0
2025-09-24 20:00:00,,,,,,,1529.0,1529.0,,,0.0,,,0.0
2025-09-24 21:00:00,,,,,,,1533.0,1533.0,,,0.0,,,0.0
2025-09-24 22:00:00,,,,,,,1533.0,1533.0,,,0.0,,,0.0
2025-09-24 23:00:00,,,,,,,1533.0,1533.0,,,0.0,,,0.0
2025-09-25 00:00:00,,,,,,,1533.0,1533.0,,,0.0,,,0.0
2025-09-25 01:00:00,,,,,,,1533.0,1533.0,,,0.0,,,0.0
2025-09-25 02:00:00,,,,,,,1529.0,1529.0,,,0.0,,,0.0
2025-09-25 03:00:00,,,,,,,1533.0,1533.0,,,0.0,,,0.0
2025-09-25 04:00:00,,,,,,,1533.0,1533.0,,,0.0,,,0.0
2025-09-25 05:00:00,,,,,,,1533.0,1533.0,,,0.0,,,0.0
2025-09-25 06:00:00,,,,,,,1533.0,1533.0,,,0.0,,,0.0
2025-09-25 07:00:00,,,,,,,1533.0,1533.0,,,0.0,,,0.0
2025-09-25 08:00:00,,,,,,,509.0,509.0,,,0.0,,,0.0
2025-09-25 09:00:00,,,,,,,509.0,509.0,,,0.0,,,0.0
2025-09-25 10:00:00,,,,,,,509.0,509.0,,,0.0,,,0.0
2025-09-25 11:00:00,,,,,,,509.0,509.0,,,0.0,,,0.0
2025-09-25 12:00:00,,,,,,,509.0,509.0,,,0.0,,,0.0
2025-09-25 13:00:00,,,,,,,509.0,509.0,,,0.0,,,0.0
2025-09-25 14:00:00,,,,,,,509.0,509.0,,,0.0,,,0.0
2025-09-25 15:00:00,,,,,,,509.0,509.0,,,0.0,,,0.0
2025-09-25 16:00:00,,,,,,,509.0,509.0,,,0.0,,,0.0
2025-09-25 17:00:00,,,,,,,1533.0,1533.0,,,0.0,,,0.0
2025-09-25 18:00:00,,,,,,,1533.0,1533.0,,,0.0,,,0.0
2025-09-25 19:00:00,,,,,,,1529.0,1529.0,,,0.0,,,0.0
2025-09-25 20:00:00,,,,,,,1533.0,1533.0,,,0.0,,,0.0
2025-09-25 21:00:00,,,,,,,1533.0,1533.0,,,0.0,,,0.0
2025-09-25 22:00:00,,,,,,,1533.0,1533.0,,,0.0,,,0.0
2025-09-25 23:00:00,,,,,,,1529.0,1529.0,,,0.0,,,0.0
2025-09-26 00:00:00,,,,,,,1533.0,1533.0,,,0.0,,,0.0
2025-09-26 01:00:00,,,,,,,1533.0,1533.0,,,0.0,,,0.0
2025-09-26 02:00:00,,,,,,,1533.0,1533.0,,,0.0,,,0.0
2025-09-26 03:00:00,,,,,,,1533.0,1533.0,,,0.0,,,0.0
2025-09-26 04:00:00,,,,,,,1533.0,1533.0,,,0.0,,,0.0
2025-09-26 05:00:00,,,,,,,1533.0,1533.0,,,0.0,,,0.0
2025-09-26 06:00:00,,,,,,,1533.0,1533.0,,,0.0,,,0.0
2025-09-26 07:00:00,,,,,,,1533.0,1533.0,,,0.0,,,0.0
2025-09-26 08:00:00,,,,,,,509.0,509.0,0.9482,0.1556,2.0,0.691,0.059899986,2.0
2025-09-26 09:00:00,,,,,,,509.0,509.0,,,0.0,,,0.0
2025-09-26 10:00:00,,,,,,,509.0,509.0,,,0.0,,,0.0
2025-09-26 11:00:00,,,,,,,509.0,509.0,,,0.0,,,0.0
2025-09-26 12:00:00,,,,,,,509.0,509.0,,,0.0,,,0.0
2025-09-26 13:00:00,,,,,,,509.0,509.0,,,0.0,,,0.0
2025-09-26 14:00:00,,,,,,,509.0,509.0,,,0.0,,,0.0
2025-09-26 15:00:00,,,,,,,505.0,504.0,0.5604,0.055,4.0,0.7185999,0.031099975,4.0
2025-09-26 16:00:00,,,,,,,509.0,509.0,,,0.0,,,0.0
2025-09-26 17:00:00,,,,,,,1533.0,1533.0,,,0.0,,,0.0
2025-09-26 18:00:00,,,,,,,1533.0,1533.0,,,0.0,,,0.0
2025-09-26 19:00:00,,,,,,,1533.0,1533.0,,,0.0,,,0.0
2025-09-26 20:00:00,,,,,,,1533.0,1533.0,,,0.0,,,0.0
2025-09-26 21:00:00,,,,,,,1533.0,1533.0,,,0.0,,,0.0
2025-09-26 22:00:00,,,,,,,1533.0,1533.0,,,0.0,,,0.0
2025-09-26 23:00:00,,,,,,,1533.0,1533.0,,,0.0,,,0.0
2025-09-27 00:00:00,,,,,,,1533.0,1533.0,,,0.0,,,0.0
2025-09-27 01:00:00,,,,,,,1533.0,1533.0,,,0.0,,,0.0
2025-09-27 02:00:00,,,,,,,1533.0,1533.0,,,0.0,,,0.0
2025-09-27 03:00:00,,,,,,,1533.0,1533.0,,,0.0,,,0.0
2025-09-27 04:00:00,,,,,,,1533.0,1533.0,,,0.0,,,0.0
2025-09-27 05:00:00,,,,,,,1529.0,1529.0,,,0.0,,,0.0
2025-09-27 06:00:00,,,,,,,1533.0,1533.0,,,0.0,,,0.0
2025-09-27 07:00:00,,,,,,,1533.0,1533.0,,,0.0,,,0.0
2025-09-27 08:00:00,,,,,,,509.0,509.0,,,0.0,,,0.0
2025-09-27 09:00:00,,,,,,,509.0,509.0,,,0.0,,,0.0
2025-09-27 10:00:00,,,,,,,509.0,509.0,,,0.0,,,0.0
2025-09-27 11:00:00,,,,,,,509.0,509.0,,,0.0,,,0.0
2025-09-27 12:00:00,,,,,,,509.0,509.0,,,0.0,,,0.0
2025-09-27 13:00:00,,,,,,,509.0,509.0,,,0.0,,,0.0
2025-09-27 14:00:00,,,,,,,509.0,509.0,,,0.0,,,0.0
2025-09-27 15:00:00,,,,,,,509.0,509.0,,,0.0,,,0.0
2025-09-27 16:00:00,,,,,,,509.0,509.0,,,0.0,,,0.0
2025-09-27 17:00:00,,,,,,,1533.0,1533.0,,,0.0,,,0.0
2025-09-27 18:00:00,,,,,,,1533.0,1533.0,,,0.0,,,0.0
2025-09-27 19:00:00,,,,,,,1533.0,1533.0,,,0.0,,,0.0
2025-09-27 20:00:00,,,,,,,1533.0,1533.0,,,0.0,,,0.0
2025-09-27 21:00:00,,,,,,,1533.0,1533.0,,,0.0,,,0.0
2025-09-27 22:00:00,,,,,,,1533.0,1533.0,,,0.0,,,0.0
2025-09-27 23:00:00,,,,,,,1533.0,1533.0,,,0.0,,,0.0
2025-09-28 00:00:00,,,,,,,1533.0,1533.0,,,0.0,,,0.0
2025-09-28 01:00:00,,,,,,,1533.0,1533.0,,,0.0,,,0.0
2025-09-28 02:00:00,,,,,,,1533.0,1533.0,,,0.0,,,0.0
2025-09-28 03:00:00,,,,,,,1529.0,1529.0,,,0.0,,,0.0
2025-09-28 04:00:00,,,,,,,1533.0,1533.0,,,0.0,,,0.0
2025-09-28 05:00:00,,,,,,,1533.0,1533.0,,,0.0,,,0.0
2025-09-28 06:00:00,,,,,,,1533.0,1533.0,,,0.0,,,0.0
2025-09-28 07:00:00,,,,,,,1533.0,1533.0,,,0.0,,,0.0
2025-09-28 08:00:00,,,,,,,509.0,509.0,,,0.0,,,0.0
2025-09-28 09:00:00,,,,,,,509.0,509.0,,,0.0,,,0.0
2025-09-28 10:00:00,,,,,,,509.0,509.0,,,0.0,,,0.0
2025-09-28 11:00:00,,,,,,,509.0,509.0,,,0.0,,,0.0
2025-09-28 12:00:00,,,,,,,509.0,509.0,,,0.0,,,0.0
2025-09-28 13:00:00,,,,,,,509.0,509.0,,,0.0,,,0.0
2025-09-28 14:00:00,,,,,,,509.0,509.0,,,0.0,,,0.0
2025-09-28 15:00:00,,,,,,,509.0,509.0,,,0.0,,,0.0
2025-09-28 16:00:00,,,,,,,509.0,509.0,,,0.0,,,0.0
2025-09-28 17:00:00,,,,,,,1533.0,1533.0,,,0.0,,,0.0
2025-09-28 18:00:00,,,,,,,1533.0,1533.0,,,0.0,,,0.0
2025-09-28 19:00:00,,,,,,,1533.0,1533.0,,,0.0,,,0.0
2025-09-28 20:00:00,,,,,,,1533.0,1533.0,,,0.0,,,0.0
2025-09-28 21:00:00,,,,,,,1533.0,1533.0,,,0.0,,,0.0
2025-09-28 22:00:00,,,,,,,1533.0,1533.0,,,0.0,,,0.0
2025-09-28 23:00:00,,,,,,,1533.0,1533.0,,,0.0,,,0.0
2025-09-29 00:00:00,,,,,,,1533.0,1533.0,,,0.0,,,0.0
2025-09-29 01:00:00,,,,,,,1529.0,1529.0,,,0.0,,,0.0
2025-09-29 02:00:00,,,,,,,1533.0,1533.0,,,0.0,,,0.0
2025-09-29 03:00:00,,,,,,,1533.0,1533.0,,,0.0,,,0.0
2025-09-29 04:00:00,,,,,,,1533.0,1533.0,,,0.0,,,0.0
2025-09-29 05:00:00,,,,,,,1533.0,1533.0,,,0.0,,,0.0
2025-09-29 06:00:00,,,,,,,1533.0,1533.0,,,0.0,,,0.0
2025-09-29 07:00:00,,,,,,,1533.0,1533.0,,,0.0,,,0.0
2025-09-29 08:00:00,,,,,,,509.0,509.0,,,0.0,,,0.0
2025-09-29 09:00:00,,,,,,,509.0,509.0,,,0.0,,,0.0
2025-09-29 10:00:00,,,,,,,509.0,509.0,,,0.0,,,0.0
2025-09-29 11:00:00,,,,,,,509.0,509.0,,,0.0,,,0.0
2025-09-29 12:00:00,,,,,,,509.0,509.0,,,0.0,,,0.0
2025-09-29 13:00:00,,,,,,,509.0,509.0,,,0.0,,,0.0
2025-09-29 14:00:00,,,,,,,509.0,509.0,,,0.0,,,0.0
2025-09-29 15:00:00,,,,,,,509.0,509.0,,,0.0,,,0.0
2025-09-29 16:00:00,,,,,,,509.0,509.0,,,0.0,,,0.0
2025-09-29 17:00:00,,,,,,,1533.0,1533.0,,,0.0,,,0.0
2025-09-29 18:00:00,,,,,,,1533.0,1533.0,,,0.0,,,0.0
2025-09-29 19:00:00,,,,,,,1533.0,1533.0,,,0.0,,,0.0
2025-09-29 20:00:00,,,,,,,1533.0,1533.0,,,0.0,,,0.0
2025-09-29 21:00:00,,,,,,,1533.0,1533.0,,,0.0,,,0.0
2025-09-29 22:00:00,,,,,,,1529.0,1529.0,,,0.0,,,0.0
2025-09-29 23:00:00,,,,,,,1533.0,1533.0,,,0.0,,,0.0
2025-09-30 00:00:00,,,,,,,1529.0,1529.0,,,0.0,,,0.0
2025-09-30 01:00:00,,,,,,,1533.0,1533.0,,,0.0,,,0.0
2025-09-30 02:00:00,,,,,,,1533.0,1533.0,,,0.0,,,0.0
2025-09-30 03:00:00,,,,,,,1533.0,1533.0,,,0.0,,,0.0
2025-09-30 04:00:00,,,,,,,1533.0,1533.0,,,0.0,,,0.0
2025-09-30 05:00:00,,,,,,,1533.0,1533.0,,,0.0,,,0.0
2025-09-30 06:00:00,,,,,,,1533.0,1533.0,,,0.0,,,0.0
2025-09-30 07:00:00,,,,,,,1533.0,1533.0,,,0.0,,,0.0
2025-09-30 08:00:00,,,,,,,509.0,509.0,,,0.0,,,0.0
2025-09-30 09:00:00,,,,,,,509.0,509.0,,,0.0,,,0.0
2025-09-30 10:00:00,,,,,,,509.0,509.0,,,0.0,,,0.0
2025-09-30 11:00:00,,,,,,,505.0,505.0,,,0.0,,,0.0
2025-09-30 12:00:00,,,,,,,509.0,509.0,,,0.0,,,0.0
2025-09-30 13:00:00,,,,,,,509.0,509.0,,,0.0,,,0.0
2025-09-30 14:00:00,,,,,,,509.0,509.0,,,0.0,,,0.0
2025-09-30 15:00:00,,,,,,,509.0,509.0,,,0.0,,,0.0
2025-09-30 16:00:00,,,,,,,509.0,509.0,,,0.0,,,0.0
2025-09-30 17:00:00,,,,,,,1533.0,1533.0,,,0.0,,,0.0
2025-09-30 18:00:00,,,,,,,1533.0,1533.0,,,0.0,,,0.0
2025-09-30 19:00:00,,,,,,,1533.0,1533.0,,,0.0,,,0.0
2025-09-30 20:00:00,,,,,,,1533.0,1533.0,,,0.0,,,0.0
2025-09-30 21:00:00,,,,,,,1533.0,1533.0,,,0.0,,,0.0
2025-09-30 22:00:00,,,,,,,1533.0,1533.0,,,0.0,,,0.0
2025-09-30 23:00:00,,,,,,,1533.0,1533.0,,,0.0,,,0.0
2025-10-01 00:00:00,,,,,,,1533.0,1533.0,,,0.0,,,0.0
2025-10-01 01:00:00,,,,,,,1533.0,1533.0,,,0.0,,,0.0
2025-10-01 02:00:00,,,,,,,1529.0,1529.0,,,0.0,,,0.0
2025-10-01 03:00:00,,,,,,,1273.0,1273.0,,,0.0,,,0.0
2025-10-01 04:00:00,,,,,,,1533.0,1533.0,,,0.0,,,0.0
2025-10-01 05:00:00,,,,,,,1533.0,1533.0,,,0.0,,,0.0
2025-10-01 06:00:00,,,,,,,1533.0,1533.0,,,0.0,,,0.0
2025-10-01 07:00:00,,,,,,,1529.0,1529.0,,,0.0,,,0.0
2025-10-01 08:00:00,,,,,,,509.0,509.0,,,0.0,,,0.0
2025-10-01 09:00:00,,,,,,,509.0,509.0,,,0.0,,,0.0
2025-10-01 10:00:00,,,,,,,509.0,509.0,,,0.0,,,0.0
2025-10-01 11:00:00,,,,,,,509.0,509.0,,,0.0,,,0.0
2025-10-01 12:00:00,,,,,,,509.0,509.0,,,0.0,,,0.0
2025-10-01 13:00:00,,,,,,,509.0,509.0,,,0.0,,,0.0
2025-10-01 14:00:00,,,,,,,509.0,509.0,,,0.0,,,0.0
2025-10-01 15:00:00,,,,,,,509.0,509.0,,,0.0,,,0.0
2025-10-01 16:00:00,,,,,,,2553.0,2552.0,0.163,0.0134,5.0,1.0323,0.03999996,5.0
2025-10-01 17:00:00,,,,,,,1533.0,1533.0,,,0.0,,,0.0
2025-10-01 18:00:00,,,,,,,1273.0,1273.0,,,0.0,,,0.0
2025-10-01 19:00:00,,,,,,,1533.0,1533.0,,,0.0,,,0.0
2025-10-01 20:00:00,,,,,,,1533.0,1533.0,,,0.0,,,0.0
2025-10-01 21:00:00,,,,,,,1533.0,1533.0,,,0.0,,,0.0
2025-10-01 22:00:00,,,,,,,1529.0,1529.0,,,0.0,,,0.0
2025-10-01 23:00:00,,,,,,,1273.0,1273.0,,,0.0,,,0.0
2025-10-02 00:00:00,,,,,,,1273.0,1273.0,,,0.0,,,0.0
2025-10-02 01:00:00,,,,,,,1533.0,1533.0,,,0.0,,,0.0
2025-10-02 02:00:00,,,,,,,1273.0,1273.0,,,0.0,,,0.0
2025-10-02 03:00:00,,,,,,,1273.0,1273.0,,,0.0,,,0.0
2025-10-02 04:00:00,,,,,,,1533.0,1533.0,,,0.0,,,0.0
2025-10-02 05:00:00,,,,,,,1533.0,1533.0,,,0.0,,,0.0
2025-10-02 06:00:00,,,,,,,1533.0,1533.0,,,0.0,,,0.0
2025-10-02 07:00:00,,,,,,,1533.0,1533.0,,,0.0,,,0.0
2025-10-02 08:00:00,,,,,,,509.0,509.0,,,0.0,,,0.0
2025-10-02 09:00:00,,,,,,,509.0,509.0,,,0.0,,,0.0
2025-10-02 10:00:00,,,,,,,509.0,509.0,,,0.0,,,0.0
2025-10-02 11:00:00,,,,,,,509.0,509.0,,,0.0,,,0.0
2025-10-02 12:00:00,,,,,,,509.0,509.0,,,0.0,,,0.0
2025-10-02 13:00:00,,,,,,,509.0,509.0,,,0.0,,,0.0
2025-10-02 14:00:00,,,,,,,509.0,509.0,,,0.0,,,0.0
2025-10-02 15:00:00,,,,,,,505.0,504.0,0.2538,0.036399998,4.0,0.97659993,0.032999992,4.0
2025-10-02 16:00:00,,,,,,,505.0,504.0,0.1628,0.040999997,6.0,0.90839994,0.04979998,6.0
2025-10-02 17:00:00,,,,,,,1273.0,1273.0,,,0.0,,,0.0
2025-10-02 18:00:00,,,,,,,1273.0,1273.0,,,0.0,,,0.0
2025-10-02 19:00:00,,,,,,,1273.0,1273.0,,,0.0,,,0.0
2025-10-02 20:00:00,,,,,,,1273.0,1273.0,,,0.0,,,0.0
2025-10-02 21:00:00,,,,,,,1273.0,1273.0,,,0.0,,,0.0
2025-10-02 22:00:00,,,,,,,1533.0,1533.0,,,0.0,,,0.0
2025-10-02 23:00:00,,,,,,,1273.0,1273.0,,,0.0,,,0.0
2025-10-03 00:00:00,,,,,,,1273.0,1273.0,,,0.0,,,0.0
2025-10-03 01:00:00,,,,,,,1529.0,1529.0,,,0.0,,,0.0
2025-10-03 02:00:00,,,,,,,1529.0,1529.0,,,0.0,,,0.0
2025-10-03 03:00:00,,,,,,,1533.0,1533.0,,,0.0,,,0.0
2025-10-03 04:00:00,,,,,,,1529.0,1529.0,,,0.0,,,0.0
2025-10-03 05:00:00,,,,,,,1529.0,1529.0,,,0.0,,,0.0
2025-10-03 06:00:00,,,,,,,1533.0,1533.0,,,0.0,,,0.0
2025-10-03 07:00:00,,,,,,,1533.0,1533.0,,,0.0,,,0.0
2025-10-03 08:00:00,,,,,,,509.0,509.0,,,0.0,,,0.0
2025-10-03 09:00:00,,,,,,,509.0,509.0,,,0.0,,,0.0
2025-10-03 10:00:00,,,,,,,509.0,509.0,,,0.0,,,0.0
2025-10-03 11:00:00,,,,,,,509.0,509.0,,,0.0,,,0.0
2025-10-03 12:00:00,,,,,,,509.0,509.0,,,0.0,,,0.0
2025-10-03 13:00:00,,,,,,,509.0,509.0,,,0.0,,,0.0
2025-10-03 14:00:00,,,,,,,509.0,509.0,,,0.0,,,0.0
2025-10-03 15:00:00,,,,,,,2553.0,2552.0,0.19319999,0.006,3.0,0.91059995,0.004099965,3.0
2025-10-03 16:00:00,,,,,,,2297.0,2296.0,0.118999995,0.0352,4.0,0.9089999,0.02669996,4.0
2025-10-03 17:00:00,,,,,,,1273.0,1273.0,,,0.0,,,0.0
2025-10-03 18:00:00,,,,,,,1273.0,1273.0,,,0.0,,,0.0
2025-10-03 19:00:00,,,,,,,1273.0,1273.0,,,0.0,,,0.0
2025-10-03 20:00:00,,,,,,,1273.0,1273.0,,,0.0,,,0.0
2025-10-03 21:00:00,,,,,,,1273.0,1273.0,,,0.0,,,0.0
2025-10-03 22:00:00,,,,,,,1533.0,1533.0,,,0.0,,,0.0
2025-10-03 23:00:00,,,,,,,1529.0,1529.0,,,0.0,,,0.0
2025-10-04 00:00:00,,,,,,,1273.0,1273.0,,,0.0,,,0.0
2025-10-04 01:00:00,,,,,,,1529.0,1529.0,,,0.0,,,0.0
2025-10-04 02:00:00,,,,,,,1529.0,1529.0,,,0.0,,,0.0
2025-10-04 03:00:00,,,,,,,1533.0,1533.0,,,0.0,,,0.0
2025-10-04 04:00:00,,,,,,,1533.0,1533.0,,,0.0,,,0.0
2025-10-04 05:00:00,,,,,,,1533.0,1533.0,,,0.0,,,0.0
2025-10-04 06:00:00,,,,,,,1529.0,1529.0,,,0.0,,,0.0
2025-10-04 07:00:00,,,,,,,1533.0,1533.0,,,0.0,,,0.0
2025-10-04 08:00:00,,,,,,,509.0,509.0,0.0033999998,0.0002,2.0,1.0248,0.000100016594,2.0
2025-10-04 09:00:00,,,,,,,509.0,509.0,,,0.0,,,0.0
2025-10-04 10:00:00,,,,,,,509.0,509.0,,,0.0,,,0.0
2025-10-04 11:00:00,,,,,,,509.0,509.0,,,0.0,,,0.0
2025-10-04 12:00:00,,,,,,,509.0,509.0,,,0.0,,,0.0
2025-10-04 13:00:00,,,,,,,509.0,509.0,,,0.0,,,0.0
2025-10-04 14:00:00,,,,,,,509.0,509.0,,,0.0,,,0.0
2025-10-04 15:00:00,,,,,,,509.0,509.0,,,0.0,,,0.0
2025-10-04 16:00:00,,,,,,,509.0,509.0,,,0.0,,,0.0
2025-10-04 17:00:00,,,,,,,1533.0,1533.0,,,0.0,,,0.0
2025-10-04 18:00:00,,,,,,,1533.0,1533.0,,,0.0,,,0.0
2025-10-04 19:00:00,,,,,,,1533.0,1533.0,,,0.0,,,0.0
2025-10-04 20:00:00,,,,,,,1533.0,1533.0,,,0.0,,,0.0
2025-10-04 21:00:00,,,,,,,1533.0,1533.0,,,0.0,,,0.0
2025-10-04 22:00:00,,,,,,,1533.0,1533.0,,,0.0,,,0.0
2025-10-04 23:00:00,,,,,,,1533.0,1533.0,,,0.0,,,0.0
2025-10-05 00:00:00,,,,,,,1533.0,1533.0,,,0.0,,,0.0
2025-10-05 01:00:00,,,,,,,1533.0,1533.0,,,0.0,,,0.0
2025-10-05 02:00:00,,,,,,,1529.0,1529.0,,,0.0,,,0.0
2025-10-05 03:00:00,,,,,,,1533.0,1533.0,,,0.0,,,0.0
2025-10-05 04:00:00,,,,,,,1533.0,1533.0,,,0.0,,,0.0
2025-10-05 05:00:00,,,,,,,1533.0,1533.0,,,0.0,,,0.0
2025-10-05 06:00:00,,,,,,,1533.0,1533.0,,,0.0,,,0.0
2025-10-05 07:00:00,,,,,,,1533.0,1533.0,,,0.0,,,0.0
2025-10-05 08:00:00,,,,,,,509.0,509.0,0.9396,0.0036,2.0,0.71879995,0.0018999577,2.0
2025-10-05 09:00:00,,,,,,,509.0,509.0,,,0.0,,,0.0
2025-10-05 10:00:00,,,,,,,509.0,509.0,,,0.0,,,0.0
2025-10-05 11:00:00,,,,,,,509.0,509.0,1.1854,0.0,1.0,0.48479998,0.0,1.0
2025-10-05 12:00:00,,,,,,,509.0,509.0,,,0.0,,,0.0
2025-10-05 13:00:00,,,,,,,509.0,509.0,,,0.0,,,0.0
2025-10-05 14:00:00,,,,,,,509.0,509.0,1.1949999,0.0876,4.0,0.6797,0.082399964,4.0
2025-10-05 15:00:00,,,,,,,509.0,509.0,,,0.0,,,0.0
2025-10-05 16:00:00,,,,,,,509.0,509.0,,,0.0,,,0.0
2025-10-05 17:00:00,,,,,,,1533.0,1533.0,,,0.0,,,0.0
2025-10-05 18:00:00,,,,,,,1529.0,1529.0,,,0.0,,,0.0
2025-10-05 19:00:00,,,,,,,1529.0,1529.0,,,0.0,,,0.0
2025-10-05 20:00:00,,,,,,,1529.0,1529.0,,,0.0,,,0.0
2025-10-05 21:00:00,,,,,,,1533.0,1533.0,,,0.0,,,0.0
2025-10-05 22:00:00,,,,,,,1533.0,1533.0,,,0.0,,,0.0
2025-10-05 23:00:00,,,,,,,1533.0,1533.0,,,0.0,,,0.0
2025-10-06 00:00:00,,,,,,,1529.0,1529.0,,,0.0,,,0.0
2025-10-06 01:00:00,,,,,,,1529.0,1529.0,,,0.0,,,0.0
2025-10-06 02:00:00,,,,,,,1533.0,1533.0,,,0.0,,,0.0
2025-10-06 03:00:00,,,,,,,1533.0,1533.0,,,0.0,,,0.0
2025-10-06 04:00:00,,,,,,,1533.0,1533.0,,,0.0,,,0.0
2025-10-06 05:00:00,,,,,,,1529.0,1529.0,,,0.0,,,0.0
2025-10-06 06:00:00,,,,,,,1533.0,1533.0,,,0.0,,,0.0
2025-10-06 07:00:00,,,,,,,1533.0,1533.0,,,0.0,,,0.0
2025-10-06 08:00:00,,,,,,,505.0,504.0,0.9522,0.08,3.0,0.91049993,0.009199977,3.0
2025-10-06 09:00:00,,,,,,,505.0,504.0,1.0094,0.2086,3.0,0.8514999,0.07730001,3.0
2025-10-06 10:00:00,,,,,,,505.0,505.0,,,0.0,,,0.0
2025-10-06 11:00:00,,,,,,,509.0,509.0,,,0.0,,,0.0
2025-10-06 12:00:00,,,,,,,509.0,509.0,,,0.0,,,0.0
2025-10-06 13:00:00,,,,,,,509.0,509.0,0.0132,0.0,1.0,1.1092,0.0,1.0
2025-10-06 14:00:00,,,,,,,509.0,509.0,1.3958,0.0,1.0,0.6997,0.0,1.0
2025-10-06 15:00:00,,,,,,,509.0,509.0,,,0.0,,,0.0
2025-10-06 16:00:00,,,,,,,509.0,509.0,,,0.0,,,0.0
2025-10-06 17:00:00,,,,,,,1533.0,1533.0,,,0.0,,,0.0
2025-10-06 18:00:00,,,,,,,1529.0,1529.0,,,0.0,,,0.0
2025-10-06 19:00:00,,,,,,,1529.0,1529.0,,,0.0,,,0.0
2025-10-06 20:00:00,,,,,,,1533.0,1533.0,,,0.0,,,0.0
2025-10-06 21:00:00,,,,,,,1533.0,1533.0,,,0.0,,,0.0
2025-10-06 22:00:00,,,,,,,1529.0,1529.0,,,0.0,,,0.0
2025-10-06 23:00:00,,,,,,,1533.0,1533.0,,,0.0,,,0.0
2025-10-07 00:00:00,,,,,,,1533.0,1533.0,,,0.0,,,0.0
2025-10-07 01:00:00,,,,,,,1533.0,1533.0,,,0.0,,,0.0
2025-10-07 02:00:00,,,,,,,1533.0,1533.0,,,0.0,,,0.0
2025-10-07 03:00:00,,,,,,,1529.0,1529.0,,,0.0,,,0.0
2025-10-07 04:00:00,,,,,,,1533.0,1533.0,,,0.0,,,0.0
2025-10-07 05:00:00,,,,,,,1533.0,1533.0,,,0.0,,,0.0
2025-10-07 06:00:00,,,,,,,1533.0,1533.0,,,0.0,,,0.0
2025-10-07 07:00:00,,,,,,,1533.0,1533.0,,,0.0,,,0.0
2025-10-07 08:00:00,,,,,,,509.0,509.0,,,0.0,,,0.0
2025-10-07 09:00:00,,,,,,,509.0,509.0,,,0.0,,,0.0
2025-10-07 10:00:00,,,,,,,509.0,509.0,,,0.0,,,0.0
2025-10-07 11:00:00,,,,,,,509.0,509.0,,,0.0,,,0.0
2025-10-07 12:00:00,,,,,,,509.0,509.0,,,0.0,,,0.0
2025-10-07 13:00:00,,,,,,,509.0,509.0,,,0.0,,,0.0
2025-10-07 14:00:00,,,,,,,249.0,248.0,0.98359996,0.0898,3.0,0.72879994,0.033299983,3.0
2025-10-07 15:00:00,,,,,,,509.0,509.0,0.7202,0.25,3.0,0.78549993,0.08099997,3.0
2025-10-07 16:00:00,,,,,,,509.0,509.0,0.4874,0.063,2.0,0.7903999,0.046299994,2.0
2025-10-07 17:00:00,,,,,,,1529.0,1529.0,,,0.0,,,0.0
2025-10-07 18:00:00,,,,,,,1273.0,1273.0,,,0.0,,,0.0
2025-10-07 19:00:00,,,,,,,1533.0,1533.0,,,0.0,,,0.0
2025-10-07 20:00:00,,,,,,,1273.0,1273.0,,,0.0,,,0.0
2025-10-07 21:00:00,,,,,,,1529.0,1529.0,,,0.0,,,0.0
2025-10-07 22:00:00,,,,,,,1273.0,1273.0,,,0.0,,,0.0
2025-10-07 23:00:00,,,,,,,1533.0,1533.0,,,0.0,,,0.0
2025-10-08 00:00:00,,,,,,,1529.0,1529.0,,,0.0,,,0.0
2025-10-08 01:00:00,,,,,,,1529.0,1529.0,,,0.0,,,0.0
2025-10-08 02:00:00,,,,,,,1533.0,1533.0,,,0.0,,,0.0
2025-10-08 03:00:00,,,,,,,1533.0,1533.0,,,0.0,,,0.0
2025-10-08 04:00:00,,,,,,,1533.0,1533.0,,,0.0,,,0.0
2025-10-08 05:00:00,,,,,,,1529.0,1529.0,,,0.0,,,0.0
2025-10-08 06:00:00,,,,,,,1533.0,1533.0,,,0.0,,,0.0
2025-10-08 07:00:00,,,,,,,1533.0,1533.0,,,0.0,,,0.0
2025-10-08 08:00:00,,,,,,,505.0,504.0,0.8088,0.16679999,3.0,0.91419995,0.040199995,3.0
2025-10-08 09:00:00,,,,,,,509.0,509.0,1.2026,0.0,1.0,0.6337,0.0,1.0
2025-10-08 10:00:00,,,,,,,509.0,509.0,,,0.0,,,0.0
2025-10-08 11:00:00,,,,,,,509.0,509.0,,,0.0,,,0.0
2025-10-08 12:00:00,,,,,,,509.0,509.0,,,0.0,,,0.0
2025-10-08 13:00:00,,,,,,,509.0,509.0,,,0.0,,,0.0
2025-10-08 14:00:00,,,,,,,509.0,509.0,,,0.0,,,0.0
2025-10-08 15:00:00,,,,,,,509.0,509.0,,,0.0,,,0.0
2025-10-08 16:00:00,,,,,,,1533.0,1533.0,,,0.0,,,0.0
2025-10-08 17:00:00,,,,,,,1533.0,1533.0,,,0.0,,,0.0
2025-10-08 18:00:00,,,,,,,1529.0,1529.0,,,0.0,,,0.0
2025-10-08 19:00:00,,,,,,,1533.0,1533.0,,,0.0,,,0.0
2025-10-08 20:00:00,,,,,,,1533.0,1533.0,,,0.0,,,0.0
2025-10-08 21:00:00,,,,,,,1533.0,1533.0,,,0.0,,,0.0
2025-10-08 22:00:00,,,,,,,1529.0,1529.0,,,0.0,,,0.0
2025-10-08 23:00:00,,,,,,,1529.0,1529.0,,,0.0,,,0.0
2025-10-09 00:00:00,,,,,,,1533.0,1533.0,,,0.0,,,0.0
2025-10-09 01:00:00,,,,,,,1533.0,1533.0,,,0.0,,,0.0
2025-10-09 02:00:00,,,,,,,1533.0,1533.0,,,0.0,,,0.0
2025-10-09 03:00:00,,,,,,,1533.0,1533.0,,,0.0,,,0.0
2025-10-09 04:00:00,,,,,,,1533.0,1533.0,,,0.0,,,0.0
2025-10-09 05:00:00,,,,,,,1533.0,1533.0,,,0.0,,,0.0
2025-10-09 06:00:00,,,,,,,1533.0,1533.0,,,0.0,,,0.0
2025-10-09 07:00:00,,,,,,,1533.0,1533.0,,,0.0,,,0.0
2025-10-09 08:00:00,,,,,,,509.0,509.0,,,0.0,,,0.0
2025-10-09 09:00:00,,,,,,,509.0,509.0,,,0.0,,,0.0
2025-10-09 10:00:00,,,,,,,509.0,509.0,,,0.0,,,0.0
2025-10-09 11:00:00,,,,,,,509.0,509.0,,,0.0,,,0.0
2025-10-09 12:00:00,,,,,,,509.0,509.0,,,0.0,,,0.0
2025-10-09 13:00:00,,,,,,,509.0,509.0,,,0.0,,,0.0
2025-10-09 14:00:00,,,,,,,509.0,509.0,,,0.0,,,0.0
2025-10-09 15:00:00,,,,,,,509.0,509.0,,,0.0,,,0.0
2025-10-09 16:00:00,,,,,,,1533.0,1533.0,,,0.0,,,0.0
2025-10-09 17:00:00,,,,,,,1533.0,1533.0,,,0.0,,,0.0
2025-10-09 18:00:00,,,,,,,1529.0,1529.0,,,0.0,,,0.0
2025-10-09 19:00:00,,,,,,,1533.0,1533.0,,,0.0,,,0.0
2025-10-09 20:00:00,,,,,,,1529.0,1529.0,,,0.0,,,0.0
2025-10-09 21:00:00,,,,,,,1533.0,1533.0,,,0.0,,,0.0
2025-10-09 22:00:00,,,,,,,1529.0,1529.0,,,0.0,,,0.0
2025-10-09 23:00:00,,,,,,,1533.0,1533.0,,,0.0,,,0.0
2025-10-10 00:00:00,,,,,,,1533.0,1533.0,,,0.0,,,0.0
2025-10-10 01:00:00,,,,,,,1533.0,1533.0,,,0.0,,,0.0
2025-10-10 02:00:00,,,,,,,1533.0,1533.0,,,0.0,,,0.0
2025-10-10 03:00:00,,,,,,,1529.0,1529.0,,,0.0,,,0.0
2025-10-10 04:00:00,,,,,,,1533.0,1533.0,,,0.0,,,0.0
2025-10-10 05:00:00,,,,,,,1529.0,1529.0,,,0.0,,,0.0
2025-10-10 06:00:00,,,,,,,1533.0,1533.0,,,0.0,,,0.0
2025-10-10 07:00:00,,,,,,,1533.0,1533.0,,,0.0,,,0.0
2025-10-10 08:00:00,,,,,,,509.0,509.0,,,0.0,,,0.0
2025-10-10 09:00:00,,,,,,,509.0,509.0,,,0.0,,,0.0
2025-10-10 10:00:00,,,,,,,509.0,509.0,,,0.0,,,0.0
2025-10-10 11:00:00,,,,,,,509.0,509.0,,,0.0,,,0.0
2025-10-10 12:00:00,,,,,,,509.0,509.0,,,0.0,,,0.0
2025-10-10 13:00:00,,,,,,,509.0,509.0,,,0.0,,,0.0
2025-10-10 14:00:00,,,,,,,509.0,509.0,,,0.0,,,0.0
2025-10-10 15:00:00,,,,,,,509.0,509.0,,,0.0,,,0.0
2025-10-10 16:00:00,,,,,,,1533.0,1533.0,,,0.0,,,0.0
2025-10-10 17:00:00,,,,,,,1533.0,1533.0,,,0.0,,,0.0
2025-10-10 18:00:00,,,,,,,1533.0,1533.0,,,0.0,,,0.0
2025-10-10 19:00:00,,,,,,,1533.0,1533.0,,,0.0,,,0.0
2025-10-10 20:00:00,,,,,,,1533.0,1533.0,,,0.0,,,0.0
2025-10-10 21:00:00,,,,,,,1529.0,1529.0,,,0.0,,,0.0
2025-10-10 22:00:00,,,,,,,1529.0,1529.0,,,0.0,,,0.0
2025-10-10 23:00:00,,,,,,,1273.0,1273.0,,,0.0,,,0.0
2025-10-11 00:00:00,,,,,,,1273.0,1273.0,,,0.0,,,0.0
2025-10-11 01:00:00,,,,,,,1273.0,1273.0,,,0.0,,,0.0
2025-10-11 02:00:00,,,,,,,1273.0,1273.0,,,0.0,,,0.0
2025-10-11 03:00:00,,,,,,,1533.0,1533.0,,,0.0,,,0.0
2025-10-11 04:00:00,,,,,,,1533.0,1533.0,,,0.0,,,0.0
2025-10-11 05:00:00,,,,,,,1529.0,1529.0,,,0.0,,,0.0
2025-10-11 06:00:00,,,,,,,1533.0,1533.0,,,0.0,,,0.0
2025-10-11 07:00:00,,,,,,,1533.0,1533.0,,,0.0,,,0.0
2025-10-11 08:00:00,,,,,,,509.0,509.0,,,0.0,,,0.0
2025-10-11 09:00:00,,,,,,,509.0,509.0,,,0.0,,,0.0
2025-10-11 10:00:00,,,,,,,509.0,509.0,,,0.0,,,0.0
2025-10-11 11:00:00,,,,,,,509.0,509.0,,,0.0,,,0.0
2025-10-11 12:00:00,,,,,,,509.0,509.0,,,0.0,,,0.0
2025-10-11 13:00:00,,,,,,,509.0,509.0,,,0.0,,,0.0
2025-10-11 14:00:00,,,,,,,509.0,509.0,,,0.0,,,0.0
2025-10-11 15:00:00,,,,,,,509.0,509.0,,,0.0,,,0.0
2025-10-11 16:00:00,,,,,,,1533.0,1533.0,,,0.0,,,0.0
2025-10-11 17:00:00,,,,,,,1533.0,1533.0,,,0.0,,,0.0
2025-10-11 18:00:00,,,,,,,1533.0,1533.0,,,0.0,,,0.0
2025-10-11 19:00:00,,,,,,,1533.0,1533.0,,,0.0,,,0.0
2025-10-11 20:00:00,,,,,,,1533.0,1533.0,,,0.0,,,0.0
2025-10-11 21:00:00,,,,,,,1533.0,1533.0,,,0.0,,,0.0
2025-10-11 22:00:00,,,,,,,1533.0,1533.0,,,0.0,,,0.0
2025-10-11 23:00:00,,,,,,,1529.0,1529.0,,,0.0,,,0.0
2025-10-12 18:00:00,,,,,,,1533.0,1533.0,,,0.0,,,0.0
2025-10-12 19:00:00,,,,,,,1529.0,1529.0,,,0.0,,,0.0
2025-10-12 20:00:00,,,,,,,1529.0,1529.0,,,0.0,,,0.0
2025-10-12 21:00:00,,,,,,,1533.0,1533.0,,,0.0,,,0.0
2025-10-12 22:00:00,,,,,,,1529.0,1529.0,,,0.0,,,0.0
2025-10-12 23:00:00,,,,,,,1533.0,1533.0,,,0.0,,,0.0
2025-10-13 00:00:00,,,,,,,1533.0,1533.0,,,0.0,,,0.0
2025-10-13 01:00:00,,,,,,,1533.0,1533.0,,,0.0,,,0.0
2025-10-13 02:00:00,,,,,,,1533.0,1533.0,,,0.0,,,0.0
2025-10-13 03:00:00,,,,,,,1533.0,1533.0,,,0.0,,,0.0
2025-10-13 04:00:00,,,,,,,1533.0,1533.0,,,0.0,,,0.0
2025-10-13 05:00:00,,,,,,,1529.0,1529.0,,,0.0,,,0.0
2025-10-13 06:00:00,,,,,,,1533.0,1533.0,,,0.0,,,0.0
2025-10-13 07:00:00,,,,,,,1533.0,1533.0,,,0.0,,,0.0
2025-10-13 08:00:00,,,,,,,509.0,509.0,,,0.0,,,0.0
2025-10-13 09:00:00,,,,,,,509.0,509.0,,,0.0,,,0.0
2025-10-13 10:00:00,,,,,,,509.0,509.0,,,0.0,,,0.0
2025-10-13 11:00:00,,,,,,,509.0,509.0,,,0.0,,,0.0
2025-10-13 12:00:00,,,,,,,509.0,509.0,,,0.0,,,0.0
2025-10-13 13:00:00,,,,,,,509.0,509.0,,,0.0,,,0.0
2025-10-13 14:00:00,,,,,,,509.0,509.0,,,0.0,,,0.0
2025-10-13 15:00:00,,,,,,,509.0,509.0,,,0.0,,,0.0
2025-10-13 16:00:00,,,,,,,1533.0,1533.0,,,0.0,,,0.0
2025-10-13 17:00:00,,,,,,,1273.0,1273.0,,,0.0,,,0.0
2025-10-13 18:00:00,,,,,,,1533.0,1533.0,,,0.0,,,0.0
2025-10-13 19:00:00,,,,,,,1529.0,1529.0,,,0.0,,,0.0
2025-10-13 20:00:00,,,,,,,1533.0,1533.0,,,0.0,,,0.0
2025-10-13 21:00:00,,,,,,,1529.0,1529.0,,,0.0,,,0.0
2025-10-13 22:00:00,,,,,,,1533.0,1533.0,,,0.0,,,0.0
2025-10-13 23:00:00,,,,,,,1533.0,1533.0,,,0.0,,,0.0
2025-10-14 00:00:00,,,,,,,1533.0,1533.0,,,0.0,,,0.0
2025-10-14 01:00:00,,,,,,,1533.0,1533.0,,,0.0,,,0.0
2025-10-14 02:00:00,,,,,,,1533.0,1533.0,,,0.0,,,0.0
2025-10-14 03:00:00,,,,,,,1533.0,1533.0,,,0.0,,,0.0
2025-10-14 04:00:00,,,,,,,1533.0,1533.0,,,0.0,,,0.0
2025-10-14 05:00:00,,,,,,,1533.0,1533.0,,,0.0,,,0.0
2025-10-14 06:00:00,,,,,,,1529.0,1529.0,,,0.0,,,0.0
2025-10-14 07:00:00,,,,,,,1529.0,1529.0,,,0.0,,,0.0
2025-10-14 08:00:00,,,,,,,509.0,509.0,,,0.0,,,0.0
2025-10-14 09:00:00,,,,,,,509.0,509.0,,,0.0,,,0.0
2025-10-14 10:00:00,,,,,,,509.0,509.0,,,0.0,,,0.0
2025-10-14 11:00:00,,,,,,,509.0,509.0,,,0.0,,,0.0
2025-10-14 12:00:00,,,,,,,509.0,509.0,,,0.0,,,0.0
2025-10-14 13:00:00,,,,,,,509.0,509.0,,,0.0,,,0.0
2025-10-14 14:00:00,,,,,,,509.0,509.0,,,0.0,,,0.0
2025-10-14 15:00:00,,,,,,,509.0,509.0,,,0.0,,,0.0
2025-10-14 16:00:00,,,,,,,1533.0,1533.0,,,0.0,,,0.0
2025-10-14 17:00:00,,,,,,,1533.0,1533.0,,,0.0,,,0.0
2025-10-14 18:00:00,,,,,,,1529.0,1529.0,,,0.0,,,0.0
2025-10-14 19:00:00,,,,,,,1533.0,1533.0,,,0.0,,,0.0
2025-10-14 20:00:00,,,,,,,1533.0,1533.0,,,0.0,,,0.0
2025-10-14 21:00:00,,,,,,,1533.0,1533.0,,,0.0,,,0.0
2025-10-14 22:00:00,,,,,,,1533.0,1533.0,,,0.0,,,0.0
2025-10-14 23:00:00,,,,,,,1273.0,1273.0,,,0.0,,,0.0
2025-10-15 00:00:00,,,,,,,1273.0,1273.0,,,0.0,,,0.0
2025-10-15 01:00:00,,,,,,,1273.0,1273.0,,,0.0,,,0.0
2025-10-15 02:00:00,,,,,,,1273.0,1273.0,,,0.0,,,0.0
2025-10-15 03:00:00,,,,,,,1273.0,1273.0,,,0.0,,,0.0
2025-10-15 04:00:00,,,,,,,1273.0,1273.0,,,0.0,,,0.0
2025-10-15 05:00:00,,,,,,,1273.0,1273.0,,,0.0,,,0.0
2025-10-15 06:00:00,,,,,,,1273.0,1273.0,,,0.0,,,0.0
2025-10-15 07:00:00,,,,,,,1533.0,1533.0,,,0.0,,,0.0
2025-10-15 08:00:00,,,,,,,509.0,509.0,0.7736,0.0,1.0,0.9117,0.0,1.0
2025-10-15 09:00:00,,,,,,,509.0,509.0,,,0.0,,,0.0
2025-10-15 10:00:00,,,,,,,509.0,509.0,,,0.0,,,0.0
2025-10-15 11:00:00,,,,,,,509.0,509.0,,,0.0,,,0.0
2025-10-15 12:00:00,,,,,,,509.0,509.0,,,0.0,,,0.0
2025-10-15 13:00:00,,,,,,,509.0,509.0,,,0.0,,,0.0
2025-10-15 14:00:00,,,,,,,509.0,509.0,,,0.0,,,0.0
2025-10-15 15:00:00,,,,,,,509.0,509.0,,,0.0,,,0.0
2025-10-15 16:00:00,,,,,,,1533.0,1533.0,,,0.0,,,0.0
2025-10-15 17:00:00,,,,,,,1529.0,1529.0,,,0.0,,,0.0
2025-10-15 18:00:00,,,,,,,1529.0,1529.0,,,0.0,,,0.0
2025-10-15 19:00:00,,,,,,,1533.0,1533.0,,,0.0,,,0.0
2025-10-15 20:00:00,,,,,,,1533.0,1533.0,,,0.0,,,0.0
2025-10-15 21:00:00,,,,,,,1533.0,1533.0,,,0.0,,,0.0
2025-10-15 22:00:00,,,,,,,1533.0,1533.0,,,0.0,,,0.0
2025-10-15 23:00:00,,,,,,,1533.0,1533.0,,,0.0,,,0.0
2025-10-16 00:00:00,,,,,,,1529.0,1529.0,,,0.0,,,0.0
2025-10-16 01:00:00,,,,,,,1533.0,1533.0,,,0.0,,,0.0
2025-10-16 02:00:00,,,,,,,1529.0,1529.0,,,0.0,,,0.0
2025-10-16 03:00:00,,,,,,,1533.0,1533.0,,,0.0,,,0.0
2025-10-16 04:00:00,,,,,,,1529.0,1529.0,,,0.0,,,0.0
2025-10-16 05:00:00,,,,,,,1529.0,1529.0,,,0.0,,,0.0
2025-10-16 06:00:00,,,,,,,1533.0,1533.0,,,0.0,,,0.0
2025-10-16 07:00:00,,,,,,,1533.0,1533.0,,,0.0,,,0.0
2025-10-16 08:00:00,,,,,,,509.0,509.0,,,0.0,,,0.0
2025-10-16 09:00:00,,,,,,,509.0,509.0,,,0.0,,,0.0
2025-10-16 10:00:00,,,,,,,509.0,509.0,,,0.0,,,0.0
2025-10-16 11:00:00,,,,,,,509.0,509.0,,,0.0,,,0.0
2025-10-16 12:00:00,,,,,,,509.0,509.0,,,0.0,,,0.0
2025-10-16 13:00:00,,,,,,,509.0,509.0,,,0.0,,,0.0
2025-10-16 14:00:00,,,,,,,509.0,509.0,,,0.0,,,0.0
2025-10-16 15:00:00,,,,,,,509.0,509.0,,,0.0,,,0.0
2025-10-16 16:00:00,,,,,,,1533.0,1533.0,,,0.0,,,0.0
2025-10-16 17:00:00,,,,,,,1533.0,1533.0,,,0.0,,,0.0
2025-10-16 18:00:00,,,,,,,1533.0,1533.0,,,0.0,,,0.0
2025-10-16 19:00:00,,,,,,,1533.0,1533.0,,,0.0,,,0.0
2025-10-16 20:00:00,,,,,,,1533.0,1533.0,,,0.0,,,0.0
2025-10-16 21:00:00,,,,,,,1533.0,1533.0,,,0.0,,,0.0
2025-10-16 22:00:00,,,,,,,1533.0,1533.0,,,0.0,,,0.0
2025-10-16 23:00:00,,,,,,,1533.0,1533.0,,,0.0,,,0.0
2025-10-17 00:00:00,,,,,,,1533.0,1533.0,,,0.0,,,0.0
2025-10-17 01:00:00,,,,,,,1533.0,1533.0,,,0.0,,,0.0
2025-10-17 02:00:00,,,,,,,1533.0,1533.0,,,0.0,,,0.0
2025-10-17 03:00:00,,,,,,,1533.0,1533.0,,,0.0,,,0.0
2025-10-17 04:00:00,,,,,,,1533.0,1533.0,,,0.0,,,0.0
2025-10-17 05:00:00,,,,,,,1533.0,1533.0,,,0.0,,,0.0
2025-10-17 06:00:00,,,,,,,1533.0,1533.0,,,0.0,,,0.0
2025-10-17 07:00:00,,,,,,,1533.0,1533.0,,,0.0,,,0.0
2025-10-17 08:00:00,,,,,,,509.0,509.0,,,0.0,,,0.0
2025-10-17 09:00:00,,,,,,,509.0,509.0,,,0.0,,,0.0
2025-10-17 10:00:00,,,,,,,509.0,509.0,,,0.0,,,0.0
2025-10-17 11:00:00,,,,,,,509.0,509.0,,,0.0,,,0.0
2025-10-17 12:00:00,,,,,,,509.0,509.0,,,0.0,,,0.0
2025-10-17 13:00:00,,,,,,,509.0,509.0,,,0.0,,,0.0
2025-10-17 14:00:00,,,,,,,509.0,509.0,,,0.0,,,0.0
2025-10-17 15:00:00,,,,,,,505.0,504.0,0.6674,0.0,1.0,0.6955,0.0,1.0
2025-10-17 16:00:00,,,,,,,1533.0,1533.0,,,0.0,,,0.0
2025-10-17 17:00:00,,,,,,,1533.0,1533.0,,,0.0,,,0.0
2025-10-17 18:00:00,,,,,,,1533.0,1533.0,,,0.0,,,0.0
2025-10-17 19:00:00,,,,,,,1533.0,1533.0,,,0.0,,,0.0
2025-10-17 20:00:00,,,,,,,1533.0,1533.0,,,0.0,,,0.0
2025-10-17 21:00:00,,,,,,,1529.0,1529.0,,,0.0,,,0.0
2025-10-17 22:00:00,,,,,,,1529.0,1529.0,,,0.0,,,0.0
2025-10-17 23:00:00,,,,,,,1533.0,1533.0,,,0.0,,,0.0
2025-10-18 00:00:00,,,,,,,1529.0,1529.0,,,0.0,,,0.0
2025-10-18 01:00:00,,,,,,,1533.0,1533.0,,,0.0,,,0.0
2025-10-18 02:00:00,,,,,,,1529.0,1529.0,,,0.0,,,0.0
2025-10-18 03:00:00,,,,,,,1533.0,1533.0,,,0.0,,,0.0
2025-10-18 04:00:00,,,,,,,1533.0,1533.0,,,0.0,,,0.0
2025-10-18 05:00:00,,,,,,,1533.0,1533.0,,,0.0,,,0.0
2025-10-18 06:00:00,,,,,,,1533.0,1533.0,,,0.0,,,0.0
2025-10-18 07:00:00,,,,,,,1533.0,1533.0,,,0.0,,,0.0
2025-10-18 08:00:00,,,,,,,509.0,509.0,,,0.0,,,0.0
2025-10-18 09:00:00,,,,,,,509.0,509.0,,,0.0,,,0.0
2025-10-18 10:00:00,,,,,,,509.0,509.0,,,0.0,,,0.0
2025-10-18 11:00:00,,,,,,,509.0,509.0,,,0.0,,,0.0
2025-10-18 12:00:00,,,,,,,509.0,509.0,,,0.0,,,0.0
2025-10-18 13:00:00,,,,,,,509.0,509.0,,,0.0,,,0.0
2025-10-18 14:00:00,,,,,,,509.0,509.0,,,0.0,,,0.0
2025-10-18 15:00:00,,,,,,,509.0,509.0,,,0.0,,,0.0
2025-10-18 16:00:00,,,,,,,1533.0,1533.0,,,0.0,,,0.0
2025-10-18 17:00:00,,,,,,,1533.0,1533.0,,,0.0,,,0.0
2025-10-18 18:00:00,,,,,,,1533.0,1533.0,,,0.0,,,0.0
2025-10-18 19:00:00,,,,,,,1533.0,1533.0,,,0.0,,,0.0
2025-10-18 20:00:00,,,,,,,1533.0,1533.0,,,0.0,,,0.0
2025-10-18 21:00:00,,,,,,,1533.0,1533.0,,,0.0,,,0.0
2025-10-18 22:00:00,,,,,,,1533.0,1533.0,,,0.0,,,0.0
2025-10-18 23:00:00,,,,,,,1533.0,1533.0,,,0.0,,,0.0
2025-10-19 00:00:00,,,,,,,1533.0,1533.0,,,0.0,,,0.0
2025-10-19 01:00:00,,,,,,,1533.0,1533.0,,,0.0,,,0.0
2025-10-19 02:00:00,,,,,,,1533.0,1533.0,,,0.0,,,0.0
2025-10-19 03:00:00,,,,,,,1533.0,1533.0,,,0.0,,,0.0
2025-10-19 04:00:00,,,,,,,1533.0,1533.0,,,0.0,,,0.0
2025-10-19 05:00:00,,,,,,,1533.0,1533.0,,,0.0,,,0.0
2025-10-19 06:00:00,,,,,,,1533.0,1533.0,,,0.0,,,0.0
2025-10-19 07:00:00,,,,,,,1533.0,1533.0,,,0.0,,,0.0
2025-10-19 08:00:00,,,,,,,509.0,509.0,,,0.0,,,0.0
2025-10-19 09:00:00,,,,,,,509.0,509.0,,,0.0,,,0.0
2025-10-19 10:00:00,,,,,,,509.0,509.0,,,0.0,,,0.0
2025-10-19 11:00:00,,,,,,,509.0,509.0,,,0.0,,,0.0
2025-10-19 12:00:00,,,,,,,509.0,509.0,,,0.0,,,0.0
2025-10-19 13:00:00,,,,,,,509.0,509.0,,,0.0,,,0.0
2025-10-19 14:00:00,,,,,,,509.0,509.0,,,0.0,,,0.0
2025-10-19 15:00:00,,,,,,,509.0,509.0,,,0.0,,,0.0
2025-10-19 16:00:00,,,,,,,1533.0,1533.0,,,0.0,,,0.0
2025-10-19 17:00:00,,,,,,,1533.0,1533.0,,,0.0,,,0.0
2025-10-19 18:00:00,,,,,,,1533.0,1533.0,,,0.0,,,0.0
2025-10-19 19:00:00,,,,,,,1533.0,1533.0,,,0.0,,,0.0
2025-10-19 20:00:00,,,,,,,1533.0,1533.0,,,0.0,,,0.0
2025-10-19 21:00:00,,,,,,,1273.0,1273.0,,,0.0,,,0.0
2025-10-19 22:00:00,,,,,,,1533.0,1533.0,,,0.0,,,0.0
2025-10-19 23:00:00,,,,,,,1533.0,1533.0,,,0.0,,,0.0
2025-10-20 00:00:00,,,,,,,1533.0,1533.0,,,0.0,,,0.0
2025-10-20 01:00:00,,,,,,,1533.0,1533.0,,,0.0,,,0.0
2025-10-20 02:00:00,,,,,,,1533.0,1533.0,,,0.0,,,0.0
2025-10-20 03:00:00,,,,,,,1529.0,1529.0,,,0.0,,,0.0
2025-10-20 04:00:00,,,,,,,1533.0,1533.0,,,0.0,,,0.0
2025-10-20 05:00:00,,,,,,,1533.0,1533.0,,,0.0,,,0.0
2025-10-20 06:00:00,,,,,,,1533.0,1533.0,,,0.0,,,0.0
2025-10-20 07:00:00,,,,,,,1533.0,1533.0,,,0.0,,,0.0
2025-10-20 08:00:00,,,,,,,509.0,509.0,,,0.0,,,0.0
2025-10-20 09:00:00,,,,,,,509.0,509.0,,,0.0,,,0.0
2025-10-20 10:00:00,,,,,,,509.0,509.0,,,0.0,,,0.0
2025-10-20 11:00:00,,,,,,,509.0,509.0,,,0.0,,,0.0
2025-10-20 12:00:00,,,,,,,509.0,509.0,,,0.0,,,0.0
2025-10-20 13:00:00,,,,,,,509.0,509.0,,,0.0,,,0.0
2025-10-20 14:00:00,,,,,,,509.0,509.0,,,0.0,,,0.0
2025-10-20 15:00:00,,,,,,,509.0,509.0,,,0.0,,,0.0
2025-10-20 16:00:00,,,,,,,1533.0,1533.0,,,0.0,,,0.0
2025-10-20 17:00:00,,,,,,,1533.0,1533.0,,,0.0,,,0.0
2025-10-20 18:00:00,,,,,,,1533.0,1533.0,,,0.0,,,0.0
2025-10-20 19:00:00,,,,,,,1533.0,1533.0,,,0.0,,,0.0
2025-10-20 20:00:00,,,,,,,1533.0,1533.0,,,0.0,,,0.0
2025-10-20 21:00:00,,,,,,,1533.0,1533.0,,,0.0,,,0.0
2025-10-20 22:00:00,,,,,,,1533.0,1533.0,,,0.0,,,0.0
2025-10-20 23:00:00,,,,,,,1529.0,1529.0,,,0.0,,,0.0
2025-10-21 00:00:00,,,,,,,1533.0,1533.0,,,0.0,,,0.0
2025-10-21 01:00:00,,,,,,,1533.0,1533.0,,,0.0,,,0.0
2025-10-21 02:00:00,,,,,,,1529.0,1529.0,,,0.0,,,0.0
2025-10-21 03:00:00,,,,,,,1529.0,1529.0,,,0.0,,,0.0
2025-10-21 04:00:00,,,,,,,1533.0,1533.0,,,0.0,,,0.0
2025-10-21 05:00:00,,,,,,,1273.0,1273.0,,,0.0,,,0.0
2025-10-21 06:00:00,,,,,,,1533.0,1533.0,,,0.0,,,0.0
2025-10-21 07:00:00,,,,,,,1533.0,1533.0,,,0.0,,,0.0
2025-10-21 08:00:00,,,,,,,509.0,509.0,,,0.0,,,0.0
2025-10-21 09:00:00,,,,,,,509.0,509.0,,,0.0,,,0.0
2025-10-21 10:00:00,,,,,,,509.0,509.0,,,0.0,,,0.0
2025-10-21 11:00:00,,,,,,,509.0,509.0,,,0.0,,,0.0
2025-10-21 12:00:00,,,,,,,509.0,509.0,,,0.0,,,0.0
2025-10-21 13:00:00,,,,,,,509.0,509.0,,,0.0,,,0.0
2025-10-21 14:00:00,,,,,,,509.0,509.0,,,0.0,,,0.0
2025-10-21 15:00:00,,,,,,,509.0,509.0,,,0.0,,,0.0
2025-10-21 16:00:00,,,,,,,1533.0,1533.0,,,0.0,,,0.0
2025-10-21 17:00:00,,,,,,,1273.0,1273.0,,,0.0,,,0.0
2025-10-21 18:00:00,,,,,,,1529.0,1529.0,,,0.0,,,0.0
2025-10-21 19:00:00,,,,,,,1273.0,1273.0,,,0.0,,,0.0
2025-10-21 20:00:00,,,,,,,1273.0,1273.0,,,0.0,,,0.0
2025-10-21 21:00:00,,,,,,,1529.0,1529.0,,,0.0,,,0.0
2025-10-21 22:00:00,,,,,,,1533.0,1533.0,,,0.0,,,0.0
2025-10-21 23:00:00,,,,,,,1533.0,1533.0,,,0.0,,,0.0
2025-10-22 00:00:00,,,,,,,1533.0,1533.0,,,0.0,,,0.0
2025-10-22 01:00:00,,,,,,,1533.0,1533.0,,,0.0,,,0.0
2025-10-22 02:00:00,,,,,,,1533.0,1533.0,,,0.0,,,0.0
2025-10-22 03:00:00,,,,,,,1533.0,1533.0,,,0.0,,,0.0
2025-10-22 04:00:00,,,,,,,1529.0,1529.0,,,0.0,,,0.0
2025-10-22 05:00:00,,,,,,,1529.0,1529.0,,,0.0,,,0.0
2025-10-22 06:00:00,,,,,,,1533.0,1533.0,,,0.0,,,0.0
2025-10-22 07:00:00,,,,,,,1533.0,1533.0,,,0.0,,,0.0
2025-10-22 08:00:00,,,,,,,509.0,509.0,,,0.0,,,0.0
2025-10-22 09:00:00,,,,,,,509.0,509.0,,,0.0,,,0.0
2025-10-22 10:00:00,,,,,,,509.0,509.0,,,0.0,,,0.0
2025-10-22 11:00:00,,,,,,,509.0,509.0,,,0.0,,,0.0
2025-10-22 12:00:00,,,,,,,509.0,509.0,,,0.0,,,0.0
2025-10-22 13:00:00,,,,,,,509.0,509.0,,,0.0,,,0.0
2025-10-22 14:00:00,,,,,,,509.0,509.0,,,0.0,,,0.0
2025-10-22 15:00:00,,,,,,,509.0,509.0,,,0.0,,,0.0
2025-10-22 16:00:00,,,,,,,1533.0,1533.0,,,0.0,,,0.0
2025-10-22 17:00:00,,,,,,,1533.0,1533.0,,,0.0,,,0.0
2025-10-22 18:00:00,,,,,,,1533.0,1533.0,,,0.0,,,0.0
2025-10-22 19:00:00,,,,,,,1533.0,1533.0,,,0.0,,,0.0
2025-10-22 20:00:00,,,,,,,1529.0,1529.0,,,0.0,,,0.0
2025-10-22 21:00:00,,,,,,,1529.0,1529.0,,,0.0,,,0.0
2025-10-22 22:00:00,,,,,,,1533.0,1533.0,,,0.0,,,0.0
2025-10-22 23:00:00,,,,,,,1533.0,1533.0,,,0.0,,,0.0
2025-10-23 00:00:00,,,,,,,1529.0,1529.0,,,0.0,,,0.0
2025-10-23 01:00:00,,,,,,,1533.0,1533.0,,,0.0,,,0.0
2025-10-23 02:00:00,,,,,,,1533.0,1533.0,,,0.0,,,0.0
2025-10-23 03:00:00,,,,,,,1529.0,1529.0,,,0.0,,,0.0
2025-10-23 04:00:00,,,,,,,1529.0,1529.0,,,0.0,,,0.0
2025-10-23 05:00:00,,,,,,,1529.0,1529.0,,,0.0,,,0.0
2025-10-23 06:00:00,,,,,,,1533.0,1533.0,,,0.0,,,0.0
2025-10-23 07:00:00,,,,,,,1533.0,1533.0,,,0.0,,,0.0
2025-10-23 08:00:00,,,,,,,509.0,509.0,,,0.0,,,0.0
2025-10-23 09:00:00,,,,,,,509.0,509.0,,,0.0,,,0.0
2025-10-23 10:00:00,,,,,,,509.0,509.0,,,0.0,,,0.0
2025-10-23 11:00:00,,,,,,,509.0,509.0,,,0.0,,,0.0
2025-10-23 12:00:00,,,,,,,509.0,509.0,,,0.0,,,0.0
2025-10-23 13:00:00,,,,,,,509.0,509.0,,,0.0,,,0.0
2025-10-23 14:00:00,,,,,,,509.0,509.0,,,0.0,,,0.0
2025-10-23 15:00:00,,,,,,,509.0,509.0,,,0.0,,,0.0
2025-10-23 16:00:00,,,,,,,1533.0,1533.0,,,0.0,,,0.0
2025-10-23 17:00:00,,,,,,,1533.0,1533.0,,,0.0,,,0.0
2025-10-23 18:00:00,,,,,,,1533.0,1533.0,,,0.0,,,0.0
2025-10-23 19:00:00,,,,,,,1529.0,1529.0,,,0.0,,,0.0
2025-10-23 20:00:00,,,,,,,1533.0,1533.0,,,0.0,,,0.0
2025-10-23 21:00:00,,,,,,,1533.0,1533.0,,,0.0,,,0.0
2025-10-23 22:00:00,,,,,,,1533.0,1533.0,,,0.0,,,0.0
2025-10-23 23:00:00,,,,,,,1533.0,1533.0,,,0.0,,,0.0
2025-10-24 00:00:00,,,,,,,1533.0,1533.0,,,0.0,,,0.0
2025-10-24 01:00:00,,,,,,,1533.0,1533.0,,,0.0,,,0.0
2025-10-24 02:00:00,,,,,,,1533.0,1533.0,,,0.0,,,0.0
2025-10-24 03:00:00,,,,,,,1533.0,1533.0,,,0.0,,,0.0
2025-10-24 04:00:00,,,,,,,1529.0,1529.0,,,0.0,,,0.0
2025-10-24 05:00:00,,,,,,,1533.0,1533.0,,,0.0,,,0.0
2025-10-24 06:00:00,,,,,,,1533.0,1533.0,,,0.0,,,0.0
2025-10-24 07:00:00,,,,,,,1533.0,1533.0,,,0.0,,,0.0
2025-10-24 08:00:00,,,,,,,509.0,509.0,,,0.0,,,0.0
2025-10-24 09:00:00,,,,,,,509.0,509.0,,,0.0,,,0.0
2025-10-24 10:00:00,,,,,,,509.0,509.0,,,0.0,,,0.0
2025-10-24 11:00:00,,,,,,,509.0,509.0,,,0.0,,,0.0
2025-10-24 12:00:00,,,,,,,509.0,509.0,,,0.0,,,0.0
2025-10-24 13:00:00,,,,,,,509.0,509.0,,,0.0,,,0.0
2025-10-24 14:00:00,,,,,,,509.0,509.0,,,0.0,,,0.0
2025-10-24 15:00:00,,,,,,,509.0,509.0,,,0.0,,,0.0
2025-10-24 16:00:00,,,,,,,1533.0,1533.0,,,0.0,,,0.0
2025-10-24 17:00:00,,,,,,,1529.0,1529.0,,,0.0,,,0.0
2025-10-24 18:00:00,,,,,,,1529.0,1529.0,,,0.0,,,0.0
2025-10-24 19:00:00,,,,,,,1533.0,1533.0,,,0.0,,,0.0
2025-10-24 20:00:00,,,,,,,1533.0,1533.0,,,0.0,,,0.0
2025-10-24 21:00:00,,,,,,,1533.0,1533.0,,,0.0,,,0.0
2025-10-24 22:00:00,,,,,,,1529.0,1529.0,,,0.0,,,0.0
2025-10-24 23:00:00,,,,,,,1529.0,1529.0,,,0.0,,,0.0
2025-10-25 00:00:00,,,,,,,1529.0,1529.0,,,0.0,,,0.0
2025-10-25 01:00:00,,,,,,,1273.0,1273.0,,,0.0,,,0.0
2025-10-25 02:00:00,,,,,,,1529.0,1529.0,,,0.0,,,0.0
2025-10-25 03:00:00,,,,,,,1533.0,1533.0,,,0.0,,,0.0
2025-10-25 04:00:00,,,,,,,1533.0,1533.0,,,0.0,,,0.0
2025-10-25 05:00:00,,,,,,,1273.0,1273.0,,,0.0,,,0.0
2025-10-25 06:00:00,,,,,,,1529.0,1529.0,,,0.0,,,0.0
2025-10-25 07:00:00,,,,,,,1533.0,1533.0,,,0.0,,,0.0
2025-10-25 08:00:00,,,,,,,509.0,509.0,,,0.0,,,0.0
2025-10-25 09:00:00,,,,,,,509.0,509.0,,,0.0,,,0.0
2025-10-25 10:00:00,,,,,,,509.0,509.0,,,0.0,,,0.0
2025-10-25 11:00:00,,,,,,,509.0,509.0,,,0.0,,,0.0
2025-10-25 12:00:00,,,,,,,509.0,509.0,,,0.0,,,0.0
2025-10-25 13:00:00,,,,,,,509.0,509.0,,,0.0,,,0.0
2025-10-25 14:00:00,,,,,,,509.0,509.0,,,0.0,,,0.0
2025-10-25 15:00:00,,,,,,,509.0,509.0,,,0.0,,,0.0
2025-10-25 16:00:00,,,,,,,1533.0,1533.0,,,0.0,,,0.0
2025-10-25 17:00:00,,,,,,,1533.0,1533.0,,,0.0,,,0.0
2025-10-25 18:00:00,,,,,,,1533.0,1533.0,,,0.0,,,0.0
2025-10-25 19:00:00,,,,,,,1533.0,1533.0,,,0.0,,,0.0
2025-10-25 20:00:00,,,,,,,1533.0,1533.0,,,0.0,,,0.0
2025-10-25 21:00:00,,,,,,,1533.0,1533.0,,,0.0,,,0.0
2025-10-25 22:00:00,,,,,,,1529.0,1529.0,,,0.0,,,0.0
2025-10-25 23:00:00,,,,,,,1529.0,1529.0,,,0.0,,,0.0
2025-10-26 00:00:00,,,,,,,1529.0,1529.0,,,0.0,,,0.0
2025-10-26 01:00:00,,,,,,,1533.0,1533.0,,,0.0,,,0.0
2025-10-26 02:00:00,,,,,,,1533.0,1533.0,,,0.0,,,0.0
2025-10-26 03:00:00,,,,,,,1529.0,1529.0,,,0.0,,,0.0
2025-10-26 04:00:00,,,,,,,1533.0,1533.0,,,0.0,,,0.0
2025-10-26 05:00:00,,,,,,,1533.0,1533.0,,,0.0,,,0.0
2025-10-26 06:00:00,,,,,,,1533.0,1533.0,,,0.0,,,0.0
2025-10-26 07:00:00,,,,,,,1533.0,1533.0,,,0.0,,,0.0
2025-10-26 08:00:00,,,,,,,509.0,509.0,,,0.0,,,0.0
2025-10-26 09:00:00,,,,,,,509.0,509.0,,,0.0,,,0.0
2025-10-26 10:00:00,,,,,,,509.0,509.0,,,0.0,,,0.0
2025-10-26 11:00:00,,,,,,,509.0,509.0,,,0.0,,,0.0
2025-10-26 12:00:00,,,,,,,509.0,509.0,,,0.0,,,0.0
2025-10-26 13:00:00,,,,,,,509.0,509.0,,,0.0,,,0.0
2025-10-26 14:00:00,,,,,,,509.0,509.0,,,0.0,,,0.0
2025-10-26 15:00:00,,,,,,,509.0,509.0,,,0.0,,,0.0
2025-10-26 16:00:00,,,,,,,1533.0,1533.0,,,0.0,,,0.0
2025-10-26 17:00:00,,,,,,,1533.0,1533.0,,,0.0,,,0.0
2025-10-26 18:00:00,,,,,,,1533.0,1533.0,,,0.0,,,0.0
2025-10-26 19:00:00,,,,,,,1529.0,1529.0,,,0.0,,,0.0
2025-10-26 20:00:00,,,,,,,1533.0,1533.0,,,0.0,,,0.0
2025-10-26 21:00:00,,,,,,,1533.0,1533.0,,,0.0,,,0.0
2025-10-26 22:00:00,,,,,,,1533.0,1533.0,,,0.0,,,0.0
2025-10-26 23:00:00,,,,,,,1533.0,1533.0,,,0.0,,,0.0
2025-10-27 00:00:00,,,,,,,1533.0,1533.0,,,0.0,,,0.0
2025-10-27 01:00:00,,,,,,,1533.0,1533.0,,,0.0,,,0.0
2025-10-27 02:00:00,,,,,,,1529.0,1529.0,,,0.0,,,0.0
2025-10-27 03:00:00,,,,,,,1533.0,1533.0,,,0.0,,,0.0
2025-10-27 04:00:00,,,,,,,1533.0,1533.0,,,0.0,,,0.0
2025-10-27 05:00:00,,,,,,,1533.0,1533.0,,,0.0,,,0.0
2025-10-27 06:00:00,,,,,,,1533.0,1533.0,,,0.0,,,0.0
2025-10-27 07:00:00,,,,,,,1533.0,1533.0,,,0.0,,,0.0
2025-10-27 08:00:00,,,,,,,509.0,509.0,,,0.0,,,0.0
2025-10-27 09:00:00,,,,,,,509.0,509.0,,,0.0,,,0.0
2025-10-27 10:00:00,,,,,,,509.0,509.0,,,0.0,,,0.0
2025-10-27 11:00:00,,,,,,,509.0,509.0,,,0.0,,,0.0
2025-10-27 12:00:00,,,,,,,509.0,509.0,,,0.0,,,0.0
2025-10-27 13:00:00,,,,,,,509.0,509.0,,,0.0,,,0.0
2025-10-27 14:00:00,,,,,,,509.0,509.0,,,0.0,,,0.0
2025-10-27 15:00:00,,,,,,,509.0,509.0,,,0.0,,,0.0
2025-10-27 16:00:00,,,,,,,1533.0,1533.0,,,0.0,,,0.0
2025-10-27 17:00:00,,,,,,,1533.0,1533.0,,,0.0,,,0.0
2025-10-27 18:00:00,,,,,,,1533.0,1533.0,,,0.0,,,0.0
2025-10-27 19:00:00,,,,,,,1533.0,1533.0,,,0.0,,,0.0
2025-10-27 20:00:00,,,,,,,1533.0,1533.0,,,0.0,,,0.0
2025-10-27 21:00:00,,,,,,,1533.0,1533.0,,,0.0,,,0.0
2025-10-27 22:00:00,,,,,,,1529.0,1529.0,,,0.0,,,0.0
2025-10-27 23:00:00,,,,,,,1533.0,1533.0,,,0.0,,,0.0
2025-10-28 00:00:00,,,,,,,1533.0,1533.0,,,0.0,,,0.0
2025-10-28 01:00:00,,,,,,,1533.0,1533.0,,,0.0,,,0.0
2025-10-28 02:00:00,,,,,,,1533.0,1533.0,,,0.0,,,0.0
2025-10-28 03:00:00,,,,,,,1533.0,1533.0,,,0.0,,,0.0
2025-10-28 04:00:00,,,,,,,1533.0,1533.0,,,0.0,,,0.0
2025-10-28 05:00:00,,,,,,,1533.0,1533.0,,,0.0,,,0.0
2025-10-28 06:00:00,,,,,,,1533.0,1533.0,,,0.0,,,0.0
2025-10-28 07:00:00,,,,,,,1533.0,1533.0,,,0.0,,,0.0
2025-10-28 08:00:00,,,,,,,509.0,509.0,,,0.0,,,0.0
2025-10-28 09:00:00,,,,,,,509.0,509.0,,,0.0,,,0.0
2025-10-28 10:00:00,,,,,,,509.0,509.0,,,0.0,,,0.0
2025-10-28 11:00:00,,,,,,,509.0,509.0,,,0.0,,,0.0
2025-10-28 12:00:00,,,,,,,509.0,509.0,,,0.0,,,0.0
2025-10-28 13:00:00,,,,,,,509.0,509.0,,,0.0,,,0.0
2025-10-28 14:00:00,,,,,,,509.0,509.0,,,0.0,,,0.0
2025-10-28 15:00:00,,,,,,,509.0,509.0,,,0.0,,,0.0
2025-10-28 16:00:00,,,,,,,1533.0,1533.0,,,0.0,,,0.0
2025-10-28 17:00:00,,,,,,,1533.0,1533.0,,,0.0,,,0.0
2025-10-28 18:00:00,,,,,,,1533.0,1533.0,,,0.0,,,0.0
2025-10-28 19:00:00,,,,,,,1533.0,1533.0,,,0.0,,,0.0
2025-10-28 20:00:00,,,,,,,1533.0,1533.0,,,0.0,,,0.0
2025-10-28 21:00:00,,,,,,,1533.0,1533.0,,,0.0,,,0.0
2025-10-28 22:00:00,,,,,,,1533.0,1533.0,,,0.0,,,0.0
2025-10-28 23:00:00,,,,,,,1529.0,1529.0,,,0.0,,,0.0
2025-10-29 00:00:00,,,,,,,1533.0,1533.0,,,0.0,,,0.0
2025-10-29 01:00:00,,,,,,,1533.0,1533.0,,,0.0,,,0.0
2025-10-29 02:00:00,,,,,,,1533.0,1533.0,,,0.0,,,0.0
2025-10-29 03:00:00,,,,,,,1529.0,1529.0,,,0.0,,,0.0
2025-10-29 04:00:00,,,,,,,1529.0,1529.0,,,0.0,,,0.0
2025-10-29 05:00:00,,,,,,,1533.0,1533.0,,,0.0,,,0.0
2025-10-29 06:00:00,,,,,,,1533.0,1533.0,,,0.0,,,0.0
2025-10-29 07:00:00,,,,,,,1533.0,1533.0,,,0.0,,,0.0
2025-10-29 08:00:00,,,,,,,509.0,509.0,,,0.0,,,0.0
2025-10-29 09:00:00,,,,,,,509.0,509.0,,,0.0,,,0.0
2025-10-29 10:00:00,,,,,,,509.0,509.0,,,0.0,,,0.0
2025-10-29 11:00:00,,,,,,,509.0,509.0,,,0.0,,,0.0
2025-10-29 12:00:00,,,,,,,509.0,509.0,,,0.0,,,0.0
2025-10-29 13:00:00,,,,,,,509.0,509.0,,,0.0,,,0.0
2025-10-29 14:00:00,,,,,,,509.0,509.0,,,0.0,,,0.0
2025-10-29 15:00:00,,,,,,,509.0,509.0,,,0.0,,,0.0
2025-10-29 16:00:00,,,,,,,1533.0,1533.0,,,0.0,,,0.0
2025-10-29 17:00:00,,,,,,,1533.0,1533.0,,,0.0,,,0.0
2025-10-29 18:00:00,,,,,,,1533.0,1533.0,,,0.0,,,0.0
2025-10-29 19:00:00,,,,,,,1533.0,1533.0,,,0.0,,,0.0
2025-10-29 20:00:00,,,,,,,1533.0,1533.0,,,0.0,,,0.0
2025-10-29 21:00:00,,,,,,,1529.0,1529.0,,,0.0,,,0.0
2025-10-29 22:00:00,,,,,,,1533.0,1533.0,,,0.0,,,0.0
2025-10-29 23:00:00,,,,,,,1529.0,1529.0,,,0.0,,,0.0
2025-10-30 00:00:00,,,,,,,1533.0,1533.0,,,0.0,,,0.0
2025-10-30 01:00:00,,,,,,,1533.0,1533.0,,,0.0,,,0.0
2025-10-30 02:00:00,,,,,,,1533.0,1533.0,,,0.0,,,0.0
2025-10-30 03:00:00,,,,,,,1533.0,1533.0,,,0.0,,,0.0
2025-10-30 04:00:00,,,,,,,1529.0,1529.0,,,0.0,,,0.0
2025-10-30 05:00:00,,,,,,,1529.0,1529.0,,,0.0,,,0.0
2025-10-30 06:00:00,,,,,,,1533.0,1533.0,,,0.0,,,0.0
2025-10-30 07:00:00,,,,,,,1533.0,1533.0,,,0.0,,,0.0
2025-10-30 08:00:00,,,,,,,509.0,509.0,,,0.0,,,0.0
2025-10-30 09:00:00,,,,,,,509.0,509.0,,,0.0,,,0.0
2025-10-30 10:00:00,,,,,,,509.0,509.0,,,0.0,,,0.0
2025-10-30 11:00:00,,,,,,,509.0,509.0,,,0.0,,,0.0
2025-10-30 12:00:00,,,,,,,509.0,509.0,,,0.0,,,0.0
2025-10-30 13:00:00,,,,,,,509.0,509.0,,,0.0,,,0.0
2025-10-30 14:00:00,,,,,,,509.0,509.0,,,0.0,,,0.0
2025-10-30 15:00:00,,,,,,,509.0,509.0,,,0.0,,,0.0
2025-10-30 16:00:00,,,,,,,1533.0,1533.0,,,0.0,,,0.0
2025-10-30 17:00:00,,,,,,,1533.0,1533.0,,,0.0,,,0.0
2025-10-30 18:00:00,,,,,,,1533.0,1533.0,,,0.0,,,0.0
2025-10-30 19:00:00,,,,,,,1533.0,1533.0,,,0.0,,,0.0
2025-10-30 20:00:00,,,,,,,1533.0,1533.0,,,0.0,,,0.0
2025-10-30 21:00:00,,,,,,,1533.0,1533.0,,,0.0,,,0.0
2025-10-30 22:00:00,,,,,,,1533.0,1533.0,,,0.0,,,0.0
2025-10-30 23:00:00,,,,,,,1533.0,1533.0,,,0.0,,,0.0
2025-10-31 00:00:00,,,,,,,1529.0,1529.0,,,0.0,,,0.0
2025-10-31 01:00:00,,,,,,,1533.0,1533.0,,,0.0,,,0.0
2025-10-31 02:00:00,,,,,,,1533.0,1533.0,,,0.0,,,0.0
2025-10-31 03:00:00,,,,,,,1533.0,1533.0,,,0.0,,,0.0
2025-10-31 04:00:00,,,,,,,1529.0,1529.0,,,0.0,,,0.0
2025-10-31 05:00:00,,,,,,,1529.0,1529.0,,,0.0,,,0.0
2025-10-31 06:00:00,,,,,,,1273.0,1273.0,,,0.0,,,0.0
2025-10-31 07:00:00,,,,,,,1533.0,1533.0,,,0.0,,,0.0
2025-10-31 08:00:00,,,,,,,2553.0,2552.0,0.0576,0.0,1.0,0.7623,0.0,1.0
2025-10-31 09:00:00,,,,,,,509.0,509.0,0.1698,0.2014,3.0,0.7458999,0.022799969,3.0
2025-10-31 10:00:00,,,,,,,509.0,509.0,,,0.0,,,0.0
2025-10-31 11:00:00,,,,,,,509.0,509.0,,,0.0,,,0.0
2025-10-31 12:00:00,,,,,,,509.0,509.0,,,0.0,,,0.0
2025-10-31 13:00:00,,,,,,,509.0,509.0,,,0.0,,,0.0
2025-10-31 14:00:00,,,,,,,509.0,509.0,,,0.0,,,0.0
2025-10-31 15:00:00,,,,,,,509.0,509.0,,,0.0,,,0.0
2025-10-31 16:00:00,,,,,,,1533.0,1533.0,,,0.0,,,0.0
2025-10-31 17:00:00,,,,,,,1533.0,1533.0,,,0.0,,,0.0
2025-10-31 18:00:00,,,,,,,1533.0,1533.0,,,0.0,,,0.0
2025-10-31 19:00:00,,,,,,,1533.0,1533.0,,,0.0,,,0.0
2025-10-31 20:00:00,,,,,,,1529.0,1529.0,,,0.0,,,0.0
2025-10-31 21:00:00,,,,,,,1533.0,1533.0,,,0.0,,,0.0
2025-10-31 22:00:00,,,,,,,1533.0,1533.0,,,0.0,,,0.0
2025-10-31 23:00:00,,,,,,,1533.0,1533.0,,,0.0,,,0.0
2025-11-01 00:00:00,,,,,,,1533.0,1533.0,,,0.0,,,0.0
2025-11-01 01:00:00,,,,,,,1533.0,1533.0,,,0.0,,,0.0
2025-11-01 02:00:00,,,,,,,1533.0,1533.0,,,0.0,,,0.0
2025-11-01 03:00:00,,,,,,,1533.0,1533.0,,,0.0,,,0.0
2025-11-01 04:00:00,,,,,,,1533.0,1533.0,,,0.0,,,0.0
2025-11-01 05:00:00,,,,,,,1533.0,1533.0,,,0.0,,,0.0
2025-11-01 06:00:00,,,,,,,1533.0,1533.0,,,0.0,,,0.0
2025-11-01 07:00:00,,,,,,,1533.0,1533.0,,,0.0,,,0.0
2025-11-01 08:00:00,,,,,,,509.0,509.0,,,0.0,,,0.0
2025-11-01 09:00:00,,,,,,,509.0,509.0,,,0.0,,,0.0
2025-11-01 10:00:00,,,,,,,509.0,509.0,,,0.0,,,0.0
2025-11-01 11:00:00,,,,,,,509.0,509.0,,,0.0,,,0.0
2025-11-01 12:00:00,,,,,,,509.0,509.0,,,0.0,,,0.0
2025-11-01 13:00:00,,,,,,,509.0,509.0,,,0.0,,,0.0
2025-11-01 14:00:00,,,,,,,509.0,509.0,,,0.0,,,0.0
2025-11-01 15:00:00,,,,,,,509.0,509.0,,,0.0,,,0.0
2025-11-01 16:00:00,,,,,,,1533.0,1533.0,,,0.0,,,0.0
2025-11-01 17:00:00,,,,,,,1529.0,1529.0,,,0.0,,,0.0
2025-11-01 18:00:00,,,,,,,1533.0,1533.0,,,0.0,,,0.0
2025-11-01 19:00:00,,,,,,,1533.0,1533.0,,,0.0,,,0.0
2025-11-01 20:00:00,,,,,,,1533.0,1533.0,,,0.0,,,0.0
2025-11-01 21:00:00,,,,,,,1529.0,1529.0,,,0.0,,,0.0
2025-11-01 22:00:00,,,,,,,1529.0,1529.0,,,0.0,,,0.0
2025-11-01 23:00:00,,,,,,,1533.0,1533.0,,,0.0,,,0.0
2025-11-02 00:00:00,,,,,,,1273.0,1273.0,,,0.0,,,0.0
2025-11-02 01:00:00,,,,,,,1533.0,1533.0,,,0.0,,,0.0
2025-11-02 02:00:00,,,,,,,1529.0,1529.0,,,0.0,,,0.0
2025-11-02 03:00:00,,,,,,,1529.0,1529.0,,,0.0,,,0.0
2025-11-02 04:00:00,,,,,,,1533.0,1533.0,,,0.0,,,0.0
2025-11-02 05:00:00,,,,,,,1533.0,1533.0,,,0.0,,,0.0
2025-11-02 06:00:00,,,,,,,1533.0,1533.0,,,0.0,,,0.0
2025-11-02 07:00:00,,,,,,,1533.0,1533.0,,,0.0,,,0.0
2025-11-02 08:00:00,,,,,,,509.0,509.0,,,0.0,,,0.0
2025-11-02 09:00:00,,,,,,,505.0,505.0,,,0.0,,,0.0
2025-11-02 10:00:00,,,,,,,509.0,509.0,,,0.0,,,0.0
2025-11-02 11:00:00,,,,,,,509.0,509.0,,,0.0,,,0.0
2025-11-02 12:00:00,,,,,,,509.0,509.0,,,0.0,,,0.0
2025-11-02 13:00:00,,,,,,,509.0,509.0,,,0.0,,,0.0
2025-11-02 14:00:00,,,,,,,509.0,509.0,,,0.0,,,0.0
2025-11-02 15:00:00,,,,,,,509.0,509.0,,,0.0,,,0.0
2025-11-02 16:00:00,,,,,,,1533.0,1533.0,,,0.0,,,0.0
2025-11-02 17:00:00,,,,,,,1533.0,1533.0,,,0.0,,,0.0
2025-11-02 18:00:00,,,,,,,1533.0,1533.0,,,0.0,,,0.0
2025-11-02 19:00:00,,,,,,,1533.0,1533.0,,,0.0,,,0.0
2025-11-02 20:00:00,,,,,,,1529.0,1529.0,,,0.0,,,0.0
2025-11-02 21:00:00,,,,,,,1533.0,1533.0,,,0.0,,,0.0
2025-11-02 22:00:00,,,,,,,1533.0,1533.0,,,0.0,,,0.0
2025-11-02 23:00:00,,,,,,,1533.0,1533.0,,,0.0,,,0.0
2025-11-03 00:00:00,,,,,,,1533.0,1533.0,,,0.0,,,0.0
2025-11-03 01:00:00,,,,,,,1529.0,1529.0,,,0.0,,,0.0
2025-11-03 02:00:00,,,,,,,1533.0,1533.0,,,0.0,,,0.0
2025-11-03 03:00:00,,,,,,,1529.0,1529.0,,,0.0,,,0.0
2025-11-03 04:00:00,,,,,,,1533.0,1533.0,,,0.0,,,0.0
2025-11-03 05:00:00,,,,,,,1533.0,1533.0,,,0.0,,,0.0
2025-11-03 06:00:00,,,,,,,1533.0,1533.0,,,0.0,,,0.0
2025-11-03 07:00:00,,,,,,,1533.0,1533.0,,,0.0,,,0.0
2025-11-03 08:00:00,,,,,,,509.0,509.0,,,0.0,,,0.0
2025-11-03 09:00:00,,,,,,,509.0,509.0,,,0.0,,,0.0
2025-11-03 10:00:00,,,,,,,509.0,509.0,,,0.0,,,0.0
2025-11-03 11:00:00,,,,,,,509.0,509.0,,,0.0,,,0.0
2025-11-03 12:00:00,,,,,,,509.0,509.0,,,0.0,,,0.0
2025-11-03 13:00:00,,,,,,,509.0,509.0,,,0.0,,,0.0
2025-11-03 14:00:00,,,,,,,509.0,509.0,,,0.0,,,0.0
2025-11-03 15:00:00,,,,,,,509.0,509.0,,,0.0,,,0.0
2025-11-03 16:00:00,,,,,,,1533.0,1533.0,,,0.0,,,0.0
2025-11-03 17:00:00,,,,,,,1529.0,1529.0,,,0.0,,,0.0
2025-11-03 18:00:00,,,,,,,1533.0,1533.0,,,0.0,,,0.0
2025-11-03 19:00:00,,,,,,,1533.0,1533.0,,,0.0,,,0.0
2025-11-03 20:00:00,,,,,,,1529.0,1529.0,,,0.0,,,0.0
2025-11-03 21:00:00,,,,,,,1533.0,1533.0,,,0.0,,,0.0
2025-11-03 22:00:00,,,,,,,1273.0,1273.0,,,0.0,,,0.0
2025-11-03 23:00:00,,,,,,,1533.0,1533.0,,,0.0,,,0.0
2025-11-04 00:00:00,,,,,,,1533.0,1533.0,,,0.0,,,0.0
2025-11-04 01:00:00,,,,,,,1533.0,1533.0,,,0.0,,,0.0
2025-11-04 02:00:00,,,,,,,1533.0,1533.0,,,0.0,,,0.0
2025-11-04 03:00:00,,,,,,,1533.0,1533.0,,,0.0,,,0.0
2025-11-04 04:00:00,,,,,,,1533.0,1533.0,,,0.0,,,0.0
2025-11-04 05:00:00,,,,,,,1529.0,1529.0,,,0.0,,,0.0
2025-11-04 06:00:00,,,,,,,1529.0,1529.0,,,0.0,,,0.0
2025-11-04 07:00:00,,,,,,,1533.0,1533.0,,,0.0,,,0.0
2025-11-04 08:00:00,,,,,,,505.0,505.0,0.37939999,0.0372,2.0,0.8383,0.0011999607,2.0
2025-11-04 09:00:00,,,,,,,505.0,505.0,,,0.0,,,0.0
2025-11-04 10:00:00,,,,,,,509.0,509.0,,,0.0,,,0.0
2025-11-04 11:00:00,,,,,,,509.0,509.0,0.0414,0.0,1.0,0.7897999,0.0,1.0
2025-11-04 12:00:00,,,,,,,509.0,509.0,,,0.0,,,0.0
2025-11-04 13:00:00,,,,,,,509.0,509.0,,,0.0,,,0.0
2025-11-04 14:00:00,,,,,,,509.0,509.0,,,0.0,,,0.0
2025-11-04 15:00:00,,,,,,,509.0,509.0,,,0.0,,,0.0
2025-11-04 16:00:00,,,,,,,1533.0,1533.0,,,0.0,,,0.0
2025-11-04 17:00:00,,,,,,,1533.0,1533.0,,,0.0,,,0.0
2025-11-04 18:00:00,,,,,,,1533.0,1533.0,,,0.0,,,0.0
2025-11-04 19:00:00,,,,,,,1533.0,1533.0,,,0.0,,,0.0
2025-11-04 20:00:00,,,,,,,1533.0,1533.0,,,0.0,,,0.0
2025-11-04 21:00:00,,,,,,,1529.0,1529.0,,,0.0,,,0.0
2025-11-04 22:00:00,,,,,,,1529.0,1529.0,,,0.0,,,0.0
2025-11-04 23:00:00,,,,,,,1529.0,1529.0,,,0.0,,,0.0
2025-11-05 00:00:00,,,,,,,1529.0,1529.0,,,0.0,,,0.0
2025-11-05 01:00:00,,,,,,,1533.0,1533.0,,,0.0,,,0.0
2025-11-05 02:00:00,,,,,,,1533.0,1533.0,,,0.0,,,0.0
2025-11-05 03:00:00,,,,,,,1533.0,1533.0,,,0.0,,,0.0
2025-11-05 04:00:00,,,,,,,1529.0,1529.0,,,0.0,,,0.0
2025-11-05 05:00:00,,,,,,,1529.0,1529.0,,,0.0,,,0.0
2025-11-05 06:00:00,,,,,,,1529.0,1529.0,,,0.0,,,0.0
2025-11-05 07:00:00,,,,,,,1533.0,1533.0,,,0.0,,,0.0
2025-11-05 08:00:00,,,,,,,509.0,509.0,,,0.0,,,0.0
2025-11-05 09:00:00,,,,,,,509.0,509.0,,,0.0,,,0.0
2025-11-05 10:00:00,,,,,,,509.0,509.0,,,0.0,,,0.0
2025-11-05 11:00:00,,,,,,,509.0,509.0,,,0.0,,,0.0
2025-11-05 12:00:00,,,,,,,509.0,509.0,,,0.0,,,0.0
2025-11-05 13:00:00,,,,,,,509.0,509.0,,,0.0,,,0.0
2025-11-05 14:00:00,,,,,,,509.0,509.0,,,0.0,,,0.0
2025-11-05 15:00:00,,,,,,,509.0,509.0,,,0.0,,,0.0
2025-11-05 16:00:00,,,,,,,1533.0,1533.0,,,0.0,,,0.0
2025-11-05 17:00:00,,,,,,,1529.0,1529.0,,,0.0,,,0.0
2025-11-05 18:00:00,,,,,,,1273.0,1273.0,,,0.0,,,0.0
2025-11-05 19:00:00,,,,,,,1529.0,1529.0,,,0.0,,,0.0
2025-11-05 20:00:00,,,,,,,1533.0,1533.0,,,0.0,,,0.0
2025-11-05 21:00:00,,,,,,,1533.0,1533.0,,,0.0,,,0.0
2025-11-05 22:00:00,,,,,,,1529.0,1529.0,,,0.0,,,0.0
2025-11-05 23:00:00,,,,,,,1533.0,1533.0,,,0.0,,,0.0
2025-11-06 00:00:00,,,,,,,1533.0,1533.0,,,0.0,,,0.0
2025-11-06 01:00:00,,,,,,,1529.0,1529.0,,,0.0,,,0.0
2025-11-06 02:00:00,,,,,,,1533.0,1533.0,,,0.0,,,0.0
2025-11-06 03:00:00,,,,,,,1533.0,1533.0,,,0.0,,,0.0
2025-11-06 04:00:00,,,,,,,1533.0,1533.0,,,0.0,,,0.0
2025-11-06 05:00:00,,,,,,,1533.0,1533.0,,,0.0,,,0.0
2025-11-06 06:00:00,,,,,,,1533.0,1533.0,,,0.0,,,0.0
2025-11-06 07:00:00,,,,,,,1533.0,1533.0,,,0.0,,,0.0
2025-11-06 08:00:00,,,,,,,509.0,509.0,,,0.0,,,0.0
2025-11-06 09:00:00,,,,,,,509.0,509.0,,,0.0,,,0.0
2025-11-06 10:00:00,,,,,,,509.0,509.0,,,0.0,,,0.0
2025-11-06 11:00:00,,,,,,,509.0,509.0,,,0.0,,,0.0
2025-11-06 12:00:00,,,,,,,509.0,509.0,,,0.0,,,0.0
2025-11-06 13:00:00,,,,,,,509.0,509.0,,,0.0,,,0.0
2025-11-06 14:00:00,,,,,,,509.0,509.0,,,0.0,,,0.0
2025-11-06 15:00:00,,,,,,,509.0,509.0,,,0.0,,,0.0
2025-11-06 16:00:00,,,,,,,1533.0,1533.0,,,0.0,,,0.0
2025-11-06 17:00:00,,,,,,,1533.0,1533.0,,,0.0,,,0.0
2025-11-06 18:00:00,,,,,,,1533.0,1533.0,,,0.0,,,0.0
2025-11-06 19:00:00,,,,,,,1529.0,1529.0,,,0.0,,,0.0
2025-11-06 20:00:00,,,,,,,1533.0,1533.0,,,0.0,,,0.0
2025-11-06 21:00:00,,,,,,,1533.0,1533.0,,,0.0,,,0.0
2025-11-06 22:00:00,,,,,,,1533.0,1533.0,,,0.0,,,0.0
2025-11-06 23:00:00,,,,,,,1533.0,1533.0,,,0.0,,,0.0
2025-11-07 00:00:00,,,,,,,1533.0,1533.0,,,0.0,,,0.0
2025-11-07 01:00:00,,,,,,,1533.0,1533.0,,,0.0,,,0.0
2025-11-07 02:00:00,,,,,,,1533.0,1533.0,,,0.0,,,0.0
2025-11-07 03:00:00,,,,,,,1533.0,1533.0,,,0.0,,,0.0
2025-11-07 04:00:00,,,,,,,1529.0,1529.0,,,0.0,,,0.0
2025-11-07 05:00:00,,,,,,,1529.0,1529.0,,,0.0,,,0.0
2025-11-07 06:00:00,,,,,,,1533.0,1533.0,,,0.0,,,0.0
2025-11-07 07:00:00,,,,,,,1533.0,1533.0,,,0.0,,,0.0
2025-11-07 08:00:00,,,,,,,509.0,509.0,,,0.0,,,0.0
2025-11-07 09:00:00,,,,,,,509.0,509.0,,,0.0,,,0.0
2025-11-07 10:00:00,,,,,,,505.0,505.0,,,0.0,,,0.0
2025-11-07 11:00:00,,,,,,,509.0,509.0,,,0.0,,,0.0
2025-11-07 12:00:00,,,,,,,509.0,509.0,,,0.0,,,0.0
2025-11-07 13:00:00,,,,,,,509.0,509.0,,,0.0,,,0.0
2025-11-07 14:00:00,,,,,,,509.0,509.0,,,0.0,,,0.0
2025-11-07 15:00:00,,,,,,,509.0,509.0,,,0.0,,,0.0
2025-11-07 16:00:00,,,,,,,1533.0,1533.0,,,0.0,,,0.0
2025-11-07 17:00:00,,,,,,,1533.0,1533.0,,,0.0,,,0.0
2025-11-07 18:00:00,,,,,,,1533.0,1533.0,,,0.0,,,0.0
2025-11-07 19:00:00,,,,,,,1529.0,1529.0,,,0.0,,,0.0
2025-11-07 20:00:00,,,,,,,1273.0,1273.0,,,0.0,,,0.0
2025-11-07 21:00:00,,,,,,,1273.0,1273.0,,,0.0,,,0.0
2025-11-07 22:00:00,,,,,,,1273.0,1273.0,,,0.0,,,0.0
2025-11-07 23:00:00,,,,,,,1529.0,1529.0,,,0.0,,,0.0
2025-11-08 00:00:00,,,,,,,1273.0,1273.0,,,0.0,,,0.0
2025-11-08 01:00:00,,,,,,,1273.0,1273.0,,,0.0,,,0.0
2025-11-08 02:00:00,,,,,,,1273.0,1273.0,,,0.0,,,0.0
2025-11-08 03:00:00,,,,,,,1273.0,1273.0,,,0.0,,,0.0
2025-11-08 04:00:00,,,,,,,1273.0,1273.0,,,0.0,,,0.0
2025-11-08 05:00:00,,,,,,,1273.0,1273.0,,,0.0,,,0.0
2025-11-08 06:00:00,,,,,,,1273.0,1273.0,,,0.0,,,0.0
2025-11-08 07:00:00,,,,,,,1533.0,1533.0,,,0.0,,,0.0
2025-11-08 08:00:00,,,,,,,505.0,505.0,0.807,0.0,1.0,0.6869,0.0,1.0
2025-11-08 09:00:00,,,,,,,509.0,509.0,,,0.0,,,0.0
2025-11-08 10:00:00,,,,,,,509.0,509.0,,,0.0,,,0.0
2025-11-08 11:00:00,,,,,,,509.0,509.0,,,0.0,,,0.0
2025-11-08 12:00:00,,,,,,,509.0,509.0,,,0.0,,,0.0
2025-11-08 13:00:00,,,,,,,505.0,505.0,,,0.0,,,0.0
2025-11-08 14:00:00,,,,,,,509.0,509.0,,,0.0,,,0.0
2025-11-08 15:00:00,,,,,,,509.0,509.0,,,0.0,,,0.0
2025-11-08 16:00:00,,,,,,,1533.0,1533.0,,,0.0,,,0.0
2025-11-08 17:00:00,,,,,,,1273.0,1273.0,,,0.0,,,0.0
2025-11-08 18:00:00,,,,,,,1273.0,1273.0,,,0.0,,,0.0
2025-11-08 19:00:00,,,,,,,1273.0,1273.0,,,0.0,,,0.0
2025-11-08 20:00:00,,,,,,,1273.0,1273.0,,,0.0,,,0.0
2025-11-08 21:00:00,,,,,,,1273.0,1273.0,,,0.0,,,0.0
2025-11-08 22:00:00,,,,,,,1273.0,1273.0,,,0.0,,,0.0
2025-11-08 23:00:00,,,,,,,1529.0,1529.0,,,0.0,,,0.0
2025-11-09 00:00:00,,,,,,,1273.0,1273.0,,,0.0,,,0.0
2025-11-09 01:00:00,,,,,,,1273.0,1273.0,,,0.0,,,0.0
2025-11-09 02:00:00,,,,,,,1273.0,1273.0,,,0.0,,,0.0
2025-11-09 03:00:00,,,,,,,1273.0,1273.0,,,0.0,,,0.0
2025-11-09 04:00:00,,,,,,,1273.0,1273.0,,,0.0,,,0.0
2025-11-09 05:00:00,,,,,,,1533.0,1533.0,,,0.0,,,0.0
2025-11-09 06:00:00,,,,,,,1533.0,1533.0,,,0.0,,,0.0
2025-11-09 07:00:00,,,,,,,1533.0,1533.0,,,0.0,,,0.0
2025-11-09 08:00:00,,,,,,,509.0,509.0,,,0.0,,,0.0
2025-11-09 09:00:00,,,,,,,509.0,509.0,,,0.0,,,0.0
2025-11-09 10:00:00,,,,,,,509.0,509.0,,,0.0,,,0.0
2025-11-09 11:00:00,,,,,,,509.0,509.0,,,0.0,,,0.0
2025-11-09 12:00:00,,,,,,,509.0,509.0,,,0.0,,,0.0
2025-11-09 13:00:00,,,,,,,509.0,509.0,,,0.0,,,0.0
2025-11-09 14:00:00,,,,,,,509.0,509.0,,,0.0,,,0.0
2025-11-09 15:00:00,,,,,,,505.0,505.0,,,0.0,,,0.0
2025-11-09 16:00:00,,,,,,,1529.0,1529.0,,,0.0,,,0.0
2025-11-09 17:00:00,,,,,,,1529.0,1529.0,,,0.0,,,0.0
2025-11-09 18:00:00,,,,,,,1529.0,1529.0,,,0.0,,,0.0
2025-11-09 19:00:00,,,,,,,1529.0,1529.0,,,0.0,,,0.0
2025-11-09 20:00:00,,,,,,,1533.0,1533.0,,,0.0,,,0.0
2025-11-09 21:00:00,,,,,,,1533.0,1533.0,,,0.0,,,0.0
2025-11-09 22:00:00,,,,,,,1533.0,1533.0,,,0.0,,,0.0
2025-11-09 23:00:00,,,,,,,1529.0,1529.0,,,0.0,,,0.0
2025-11-10 00:00:00,,,,,,,1529.0,1529.0,,,0.0,,,0.0
2025-11-10 01:00:00,,,,,,,1533.0,1533.0,,,0.0,,,0.0
2025-11-10 02:00:00,,,,,,,1533.0,1533.0,,,0.0,,,0.0
2025-11-10 03:00:00,,,,,,,1529.0,1529.0,,,0.0,,,0.0
2025-11-10 04:00:00,,,,,,,1529.0,1529.0,,,0.0,,,0.0
2025-11-10 05:00:00,,,,,,,1533.0,1533.0,,,0.0,,,0.0
2025-11-10 06:00:00,,,,,,,1533.0,1533.0,,,0.0,,,0.0
2025-11-10 07:00:00,,,,,,,1533.0,1533.0,,,0.0,,,0.0
2025-11-10 08:00:00,,,,,,,509.0,509.0,,,0.0,,,0.0
2025-11-10 09:00:00,,,,,,,509.0,509.0,,,0.0,,,0.0
2025-11-10 10:00:00,,,,,,,509.0,509.0,,,0.0,,,0.0
2025-11-10 11:00:00,,,,,,,509.0,509.0,,,0.0,,,0.0
2025-11-10 12:00:00,,,,,,,509.0,509.0,,,0.0,,,0.0
2025-11-10 13:00:00,,,,,,,509.0,509.0,,,0.0,,,0.0
2025-11-10 14:00:00,,,,,,,509.0,509.0,,,0.0,,,0.0
2025-11-10 15:00:00,,,,,,,509.0,509.0,,,0.0,,,0.0
2025-11-10 16:00:00,,,,,,,1533.0,1533.0,,,0.0,,,0.0
2025-11-10 17:00:00,,,,,,,1529.0,1529.0,,,0.0,,,0.0
2025-11-10 18:00:00,,,,,,,1533.0,1533.0,,,0.0,,,0.0
2025-11-10 19:00:00,,,,,,,1533.0,1533.0,,,0.0,,,0.0
2025-11-10 20:00:00,,,,,,,1533.0,1533.0,,,0.0,,,0.0
2025-11-10 21:00:00,,,,,,,1529.0,1529.0,,,0.0,,,0.0
2025-11-10 22:00:00,,,,,,,1533.0,1533.0,,,0.0,,,0.0
2025-11-10 23:00:00,,,,,,,1533.0,1533.0,,,0.0,,,0.0
2025-11-11 00:00:00,,,,,,,1533.0,1533.0,,,0.0,,,0.0
2025-11-11 01:00:00,,,,,,,1533.0,1533.0,,,0.0,,,0.0
2025-11-11 02:00:00,,,,,,,1533.0,1533.0,,,0.0,,,0.0
2025-11-11 03:00:00,,,,,,,1533.0,1533.0,,,0.0,,,0.0
2025-11-11 04:00:00,,,,,,,1533.0,1533.0,,,0.0,,,0.0
2025-11-11 05:00:00,,,,,,,1533.0,1533.0,,,0.0,,,0.0
2025-11-11 06:00:00,,,,,,,1273.0,1273.0,,,0.0,,,0.0
2025-11-11 07:00:00,,,,,,,1533.0,1533.0,,,0.0,,,0.0
2025-11-11 08:00:00,,,,,,,505.0,504.0,0.8642,0.0206,2.0,0.9031999,0.061800003,2.0
2025-11-11 09:00:00,,,,,,,505.0,504.0,1.2742,0.36479998,2.0,0.7825999,0.144,2.0
2025-11-11 10:00:00,,,,,,,505.0,504.0,0.958,0.2504,3.0,0.9029,0.057099998,3.0
2025-11-11 11:00:00,,,,,,,505.0,505.0,0.58239996,0.013599999,2.0,0.9117999,0.00069999695,2.0
2025-11-11 12:00:00,,,,,,,509.0,509.0,,,0.0,,,0.0
2025-11-11 13:00:00,,,,,,,509.0,509.0,,,0.0,,,0.0
2025-11-11 14:00:00,,,,,,,509.0,509.0,,,0.0,,,0.0
2025-11-11 15:00:00,,,,,,,509.0,509.0,,,0.0,,,0.0
2025-11-11 16:00:00,,,,,,,1533.0,1533.0,,,0.0,,,0.0
2025-11-11 17:00:00,,,,,,,1533.0,1533.0,,,0.0,,,0.0
2025-11-11 18:00:00,,,,,,,1533.0,1533.0,,,0.0,,,0.0
2025-11-11 19:00:00,,,,,,,1533.0,1533.0,,,0.0,,,0.0
2025-11-11 20:00:00,,,,,,,1273.0,1273.0,,,0.0,,,0.0
2025-11-11 21:00:00,,,,,,,1533.0,1533.0,,,0.0,,,0.0
2025-11-11 22:00:00,,,,,,,1533.0,1533.0,,,0.0,,,0.0
2025-11-11 23:00:00,,,,,,,1533.0,1533.0,,,0.0,,,0.0
2025-11-12 00:00:00,,,,,,,1533.0,1533.0,,,0.0,,,0.0
2025-11-12 01:00:00,,,,,,,1533.0,1533.0,,,0.0,,,0.0
2025-11-12 02:00:00,,,,,,,1533.0,1533.0,,,0.0,,,0.0
2025-11-12 03:00:00,,,,,,,1533.0,1533.0,,,0.0,,,0.0
2025-11-12 04:00:00,,,,,,,1529.0,1529.0,,,0.0,,,0.0
2025-11-12 05:00:00,,,,,,,1529.0,1529.0,,,0.0,,,0.0
2025-11-12 06:00:00,,,,,,,1533.0,1533.0,,,0.0,,,0.0
2025-11-12 07:00:00,,,,,,,1533.0,1533.0,,,0.0,,,0.0
2025-11-12 08:00:00,,,,,,,509.0,509.0,,,0.0,,,0.0
2025-11-12 09:00:00,,,,,,,509.0,509.0,,,0.0,,,0.0
2025-11-12 10:00:00,,,,,,,509.0,509.0,,,0.0,,,0.0
2025-11-12 11:00:00,,,,,,,509.0,509.0,,,0.0,,,0.0
2025-11-12 12:00:00,,,,,,,509.0,509.0,,,0.0,,,0.0
2025-11-12 13:00:00,,,,,,,509.0,509.0,,,0.0,,,0.0
2025-11-12 14:00:00,,,,,,,509.0,509.0,,,0.0,,,0.0
2025-11-12 15:00:00,,,,,,,509.0,509.0,,,0.0,,,0.0
2025-11-12 16:00:00,,,,,,,1533.0,1533.0,,,0.0,,,0.0
2025-11-12 17:00:00,,,,,,,1529.0,1529.0,,,0.0,,,0.0
2025-11-12 18:00:00,,,,,,,1273.0,1273.0,,,0.0,,,0.0
2025-11-12 19:00:00,,,,,,,1273.0,1273.0,,,0.0,,,0.0
2025-11-12 20:00:00,,,,,,,1529.0,1529.0,,,0.0,,,0.0
2025-11-12 21:00:00,,,,,,,1273.0,1273.0,,,0.0,,,0.0
2025-11-12 22:00:00,,,,,,,1529.0,1529.0,,,0.0,,,0.0
2025-11-12 23:00:00,,,,,,,1273.0,1273.0,,,0.0,,,0.0
2025-11-13 00:00:00,,,,,,,1529.0,1529.0,,,0.0,,,0.0
2025-11-13 01:00:00,,,,,,,1273.0,1273.0,,,0.0,,,0.0
2025-11-13 02:00:00,,,,,,,1273.0,1273.0,,,0.0,,,0.0
2025-11-13 03:00:00,,,,,,,1529.0,1529.0,,,0.0,,,0.0
2025-11-13 04:00:00,,,,,,,1533.0,1533.0,,,0.0,,,0.0
2025-11-13 05:00:00,,,,,,,1529.0,1529.0,,,0.0,,,0.0
2025-11-13 06:00:00,,,,,,,1529.0,1529.0,,,0.0,,,0.0
2025-11-13 07:00:00,,,,,,,1533.0,1533.0,,,0.0,,,0.0
2025-11-13 08:00:00,,,,,,,509.0,509.0,,,0.0,,,0.0
2025-11-13 09:00:00,,,,,,,509.0,509.0,,,0.0,,,0.0
2025-11-13 10:00:00,,,,,,,509.0,509.0,,,0.0,,,0.0
2025-11-13 11:00:00,,,,,,,509.0,509.0,,,0.0,,,0.0
2025-11-13 12:00:00,,,,,,,509.0,509.0,,,0.0,,,0.0
2025-11-13 13:00:00,,,,,,,509.0,509.0,,,0.0,,,0.0
2025-11-13 14:00:00,,,,,,,509.0,509.0,,,0.0,,,0.0
2025-11-13 15:00:00,,,,,,,509.0,509.0,,,0.0,,,0.0
2025-11-13 16:00:00,,,,,,,1533.0,1533.0,,,0.0,,,0.0
2025-11-13 17:00:00,,,,,,,1529.0,1529.0,,,0.0,,,0.0
2025-11-13 18:00:00,,,,,,,1273.0,1273.0,,,0.0,,,0.0
2025-11-13 19:00:00,,,,,,,1273.0,1273.0,,,0.0,,,0.0
2025-11-13 20:00:00,,,,,,,1273.0,1273.0,,,0.0,,,0.0
2025-11-13 21:00:00,,,,,,,1273.0,1273.0,,,0.0,,,0.0
2025-11-13 22:00:00,,,,,,,1273.0,1273.0,,,0.0,,,0.0
2025-11-13 23:00:00,,,,,,,1273.0,1273.0,,,0.0,,,0.0
2025-11-14 00:00:00,,,,,,,1533.0,1533.0,,,0.0,,,0.0
2025-11-14 01:00:00,,,,,,,1533.0,1533.0,,,0.0,,,0.0
2025-11-14 02:00:00,,,,,,,1533.0,1533.0,,,0.0,,,0.0
2025-11-14 03:00:00,,,,,,,1533.0,1533.0,,,0.0,,,0.0
2025-11-14 04:00:00,,,,,,,1529.0,1529.0,,,0.0,,,0.0
2025-11-14 05:00:00,,,,,,,1273.0,1273.0,,,0.0,,,0.0
2025-11-14 06:00:00,,,,,,,1273.0,1273.0,,,0.0,,,0.0
2025-11-14 07:00:00,,,,,,,1533.0,1533.0,,,0.0,,,0.0
2025-11-14 08:00:00,,,,,,,509.0,509.0,,,0.0,,,0.0
2025-11-14 09:00:00,,,,,,,509.0,509.0,,,0.0,,,0.0
2025-11-14 10:00:00,,,,,,,2553.0,2552.0,0.1358,0.0,1.0,1.115,0.0,1.0
2025-11-14 11:00:00,,,,,,,509.0,509.0,,,0.0,,,0.0
2025-11-14 12:00:00,,,,,,,505.0,505.0,,,0.0,,,0.0
2025-11-14 13:00:00,,,,,,,505.0,505.0,,,0.0,,,0.0
2025-11-14 14:00:00,,,,,,,505.0,505.0,0.926,0.0,1.0,1.0827999,0.0,1.0
2025-11-14 15:00:00,,,,,,,505.0,505.0,,,0.0,,,0.0
2025-11-14 16:00:00,,,,,,,1529.0,1529.0,,,0.0,,,0.0
2025-11-14 17:00:00,,,,,,,1273.0,1273.0,,,0.0,,,0.0
2025-11-14 18:00:00,,,,,,,1533.0,1533.0,,,0.0,,,0.0
2025-11-14 19:00:00,,,,,,,1533.0,1533.0,,,0.0,,,0.0
2025-11-14 20:00:00,,,,,,,1533.0,1533.0,,,0.0,,,0.0
2025-11-14 21:00:00,,,,,,,1533.0,1533.0,,,0.0,,,0.0
2025-11-14 22:00:00,,,,,,,1273.0,1273.0,,,0.0,,,0.0
2025-11-14 23:00:00,,,,,,,1533.0,1533.0,,,0.0,,,0.0
2025-11-15 00:00:00,,,,,,,1529.0,1529.0,,,0.0,,,0.0
2025-11-15 01:00:00,,,,,,,1533.0,1533.0,,,0.0,,,0.0
2025-11-15 02:00:00,,,,,,,1529.0,1529.0,,,0.0,,,0.0
2025-11-15 03:00:00,,,,,,,1273.0,1273.0,,,0.0,,,0.0
2025-11-15 04:00:00,,,,,,,1273.0,1273.0,,,0.0,,,0.0
2025-11-15 05:00:00,,,,,,,1533.0,1533.0,,,0.0,,,0.0
2025-11-15 06:00:00,,,,,,,1533.0,1533.0,,,0.0,,,0.0
2025-11-15 07:00:00,,,,,,,1533.0,1533.0,,,0.0,,,0.0
2025-11-15 08:00:00,,,,,,,509.0,509.0,,,0.0,,,0.0
2025-11-15 09:00:00,,,,,,,509.0,509.0,,,0.0,,,0.0
2025-11-15 10:00:00,,,,,,,509.0,509.0,,,0.0,,,0.0
2025-11-15 11:00:00,,,,,,,509.0,509.0,,,0.0,,,0.0
2025-11-15 12:00:00,,,,,,,509.0,509.0,,,0.0,,,0.0
2025-11-15 13:00:00,,,,,,,509.0,509.0,,,0.0,,,0.0
2025-11-15 14:00:00,,,,,,,509.0,509.0,,,0.0,,,0.0
2025-11-15 15:00:00,,,,,,,509.0,509.0,,,0.0,,,0.0
2025-11-15 16:00:00,,,,,,,1533.0,1533.0,,,0.0,,,0.0
2025-11-15 17:00:00,,,,,,,1533.0,1533.0,,,0.0,,,0.0
2025-11-15 18:00:00,,,,,,,1529.0,1529.0,,,0.0,,,0.0
2025-11-15 19:00:00,,,,,,,1529.0,1529.0,,,0.0,,,0.0
2025-11-15 20:00:00,,,,,,,1529.0,1529.0,,,0.0,,,0.0
2025-11-15 21:00:00,,,,,,,1529.0,1529.0,,,0.0,,,0.0
2025-11-15 22:00:00,,,,,,,1529.0,1529.0,,,0.0,,,0.0
2025-11-15 23:00:00,,,,,,,1533.0,1533.0,,,0.0,,,0.0
2025-11-16 00:00:00,,,,,,,1529.0,1529.0,,,0.0,,,0.0
2025-11-16 01:00:00,,,,,,,1529.0,1529.0,,,0.0,,,0.0
2025-11-16 02:00:00,,,,,,,1533.0,1533.0,,,0.0,,,0.0
2025-11-16 03:00:00,,,,,,,1533.0,1533.0,,,0.0,,,0.0
2025-11-16 04:00:00,,,,,,,1533.0,1533.0,,,0.0,,,0.0
2025-11-16 05:00:00,,,,,,,1533.0,1533.0,,,0.0,,,0.0
2025-11-16 06:00:00,,,,,,,1533.0,1533.0,,,0.0,,,0.0
2025-11-16 07:00:00,,,,,,,1533.0,1533.0,,,0.0,,,0.0
2025-11-16 08:00:00,,,,,,,509.0,509.0,,,0.0,,,0.0
2025-11-16 09:00:00,,,,,,,509.0,509.0,,,0.0,,,0.0
2025-11-16 10:00:00,,,,,,,509.0,509.0,,,0.0,,,0.0
2025-11-16 11:00:00,,,,,,,509.0,509.0,,,0.0,,,0.0
2025-11-16 12:00:00,,,,,,,509.0,509.0,,,0.0,,,0.0
2025-11-16 13:00:00,,,,,,,509.0,509.0,,,0.0,,,0.0
2025-11-16 14:00:00,,,,,,,509.0,509.0,,,0.0,,,0.0
2025-11-16 15:00:00,,,,,,,509.0,509.0,,,0.0,,,0.0
2025-11-16 16:00:00,,,,,,,1533.0,1533.0,,,0.0,,,0.0
2025-11-16 17:00:00,,,,,,,1533.0,1533.0,,,0.0,,,0.0
2025-11-16 18:00:00,,,,,,,1533.0,1533.0,,,0.0,,,0.0
2025-11-16 19:00:00,,,,,,,1533.0,1533.0,,,0.0,,,0.0
2025-11-16 20:00:00,,,,,,,1533.0,1533.0,,,0.0,,,0.0
2025-11-16 21:00:00,,,,,,,1533.0,1533.0,,,0.0,,,0.0
2025-11-16 22:00:00,,,,,,,1533.0,1533.0,,,0.0,,,0.0
2025-11-16 23:00:00,,,,,,,1533.0,1533.0,,,0.0,,,0.0
2025-11-17 00:00:00,,,,,,,1533.0,1533.0,,,0.0,,,0.0
2025-11-17 01:00:00,,,,,,,1533.0,1533.0,,,0.0,,,0.0
2025-11-17 02:00:00,,,,,,,1533.0,1533.0,,,0.0,,,0.0
2025-11-17 03:00:00,,,,,,,1533.0,1533.0,,,0.0,,,0.0
2025-11-17 04:00:00,,,,,,,1533.0,1533.0,,,0.0,,,0.0
2025-11-17 05:00:00,,,,,,,1533.0,1533.0,,,0.0,,,0.0
2025-11-17 06:00:00,,,,,,,1533.0,1533.0,,,0.0,,,0.0
2025-11-17 07:00:00,,,,,,,1533.0,1533.0,,,0.0,,,0.0
2025-11-17 08:00:00,,,,,,,509.0,509.0,,,0.0,,,0.0
2025-11-17 09:00:00,,,,,,,509.0,509.0,,,0.0,,,0.0
2025-11-17 10:00:00,,,,,,,509.0,509.0,,,0.0,,,0.0
2025-11-17 11:00:00,,,,,,,509.0,509.0,,,0.0,,,0.0
2025-11-17 12:00:00,,,,,,,509.0,509.0,,,0.0,,,0.0
2025-11-17 13:00:00,,,,,,,509.0,509.0,,,0.0,,,0.0
2025-11-17 14:00:00,,,,,,,509.0,509.0,,,0.0,,,0.0
2025-11-17 15:00:00,,,,,,,509.0,509.0,,,0.0,,,0.0
2025-11-17 16:00:00,,,,,,,1533.0,1533.0,,,0.0,,,0.0
2025-11-17 17:00:00,,,,,,,1533.0,1533.0,,,0.0,,,0.0
2025-11-17 18:00:00,,,,,,,1533.0,1533.0,,,0.0,,,0.0
2025-11-17 19:00:00,,,,,,,1533.0,1533.0,,,0.0,,,0.0
2025-11-17 20:00:00,,,,,,,1529.0,1529.0,,,0.0,,,0.0
2025-11-17 21:00:00,,,,,,,1529.0,1529.0,,,0.0,,,0.0
2025-11-17 22:00:00,,,,,,,1533.0,1533.0,,,0.0,,,0.0
2025-11-17 23:00:00,,,,,,,1533.0,1533.0,,,0.0,,,0.0
2025-11-18 00:00:00,,,,,,,1533.0,1533.0,,,0.0,,,0.0
2025-11-18 01:00:00,,,,,,,1529.0,1529.0,,,0.0,,,0.0
2025-11-18 02:00:00,,,,,,,1529.0,1529.0,,,0.0,,,0.0
2025-11-18 03:00:00,,,,,,,1533.0,1533.0,,,0.0,,,0.0
2025-11-18 04:00:00,,,,,,,1533.0,1533.0,,,0.0,,,0.0
2025-11-18 05:00:00,,,,,,,1533.0,1533.0,,,0.0,,,0.0
2025-11-18 06:00:00,,,,,,,1533.0,1533.0,,,0.0,,,0.0
2025-11-18 07:00:00,,,,,,,1533.0,1533.0,,,0.0,,,0.0
2025-11-18 08:00:00,,,,,,,509.0,509.0,,,0.0,,,0.0
2025-11-18 09:00:00,,,,,,,509.0,509.0,,,0.0,,,0.0
2025-11-18 10:00:00,,,,,,,509.0,509.0,,,0.0,,,0.0
2025-11-18 11:00:00,,,,,,,509.0,509.0,,,0.0,,,0.0
2025-11-18 12:00:00,,,,,,,509.0,509.0,,,0.0,,,0.0
2025-11-18 13:00:00,,,,,,,509.0,509.0,,,0.0,,,0.0
2025-11-18 14:00:00,,,,,,,509.0,509.0,,,0.0,,,0.0
2025-11-18 15:00:00,,,,,,,509.0,509.0,,,0.0,,,0.0
2025-11-18 16:00:00,,,,,,,1533.0,1533.0,,,0.0,,,0.0
2025-11-18 17:00:00,,,,,,,1533.0,1533.0,,,0.0,,,0.0
2025-11-18 18:00:00,,,,,,,1529.0,1529.0,,,0.0,,,0.0
2025-11-18 19:00:00,,,,,,,1533.0,1533.0,,,0.0,,,0.0
2025-11-18 20:00:00,,,,,,,1533.0,1533.0,,,0.0,,,0.0
2025-11-18 21:00:00,,,,,,,1529.0,1529.0,,,0.0,,,0.0
2025-11-18 22:00:00,,,,,,,1529.0,1529.0,,,0.0,,,0.0
2025-11-18 23:00:00,,,,,,,1529.0,1529.0,,,0.0,,,0.0
2025-11-19 00:00:00,,,,,,,1533.0,1533.0,,,0.0,,,0.0
2025-11-19 01:00:00,,,,,,,1529.0,1529.0,,,0.0,,,0.0
2025-11-19 02:00:00,,,,,,,1273.0,1273.0,,,0.0,,,0.0
2025-11-19 03:00:00,,,,,,,1533.0,1533.0,,,0.0,,,0.0
2025-11-19 04:00:00,,,,,,,1533.0,1533.0,,,0.0,,,0.0
2025-11-19 05:00:00,,,,,,,1533.0,1533.0,,,0.0,,,0.0
2025-11-19 06:00:00,,,,,,,1533.0,1533.0,,,0.0,,,0.0
2025-11-19 07:00:00,,,,,,,1533.0,1533.0,,,0.0,,,0.0
2025-11-19 08:00:00,,,,,,,509.0,509.0,,,0.0,,,0.0
2025-11-19 09:00:00,,,,,,,509.0,509.0,,,0.0,,,0.0
2025-11-19 10:00:00,,,,,,,509.0,509.0,,,0.0,,,0.0
2025-11-19 11:00:00,,,,,,,509.0,509.0,,,0.0,,,0.0
2025-11-19 12:00:00,,,,,,,509.0,509.0,,,0.0,,,0.0
2025-11-19 13:00:00,,,,,,,509.0,509.0,,,0.0,,,0.0
2025-11-19 14:00:00,,,,,,,509.0,509.0,,,0.0,,,0.0
2025-11-19 15:00:00,,,,,,,509.0,509.0,,,0.0,,,0.0
2025-11-19 16:00:00,,,,,,,1533.0,1533.0,,,0.0,,,0.0
2025-11-19 17:00:00,,,,,,,1533.0,1533.0,,,0.0,,,0.0
2025-11-19 18:00:00,,,,,,,1529.0,1529.0,,,0.0,,,0.0
2025-11-19 19:00:00,,,,,,,1533.0,1533.0,,,0.0,,,0.0
2025-11-19 20:00:00,,,,,,,1533.0,1533.0,,,0.0,,,0.0
2025-11-19 21:00:00,,,,,,,1533.0,1533.0,,,0.0,,,0.0
2025-11-19 22:00:00,,,,,,,1533.0,1533.0,,,0.0,,,0.0
2025-11-19 23:00:00,,,,,,,1533.0,1533.0,,,0.0,,,0.0
2025-11-20 00:00:00,,,,,,,1529.0,1529.0,,,0.0,,,0.0
2025-11-20 01:00:00,,,,,,,1533.0,1533.0,,,0.0,,,0.0
2025-11-20 02:00:00,,,,,,,1533.0,1533.0,,,0.0,,,0.0
2025-11-20 03:00:00,,,,,,,1533.0,1533.0,,,0.0,,,0.0
2025-11-20 04:00:00,,,,,,,1529.0,1529.0,,,0.0,,,0.0
2025-11-20 05:00:00,,,,,,,1529.0,1529.0,,,0.0,,,0.0
2025-11-20 06:00:00,,,,,,,1533.0,1533.0,,,0.0,,,0.0
2025-11-20 07:00:00,,,,,,,1533.0,1533.0,,,0.0,,,0.0
2025-11-20 08:00:00,,,,,,,509.0,509.0,,,0.0,,,0.0
2025-11-20 09:00:00,,,,,,,509.0,509.0,,,0.0,,,0.0
2025-11-20 10:00:00,,,,,,,509.0,509.0,,,0.0,,,0.0
2025-11-20 11:00:00,,,,,,,509.0,509.0,,,0.0,,,0.0
2025-11-20 12:00:00,,,,,,,509.0,509.0,,,0.0,,,0.0
2025-11-20 13:00:00,,,,,,,509.0,509.0,,,0.0,,,0.0
2025-11-20 14:00:00,,,,,,,509.0,509.0,,,0.0,,,0.0
2025-11-20 15:00:00,,,,,,,509.0,509.0,,,0.0,,,0.0
2025-11-20 16:00:00,,,,,,,1533.0,1533.0,,,0.0,,,0.0
2025-11-20 17:00:00,,,,,,,1529.0,1529.0,,,0.0,,,0.0
2025-11-20 18:00:00,,,,,,,1529.0,1529.0,,,0.0,,,0.0
2025-11-20 19:00:00,,,,,,,1533.0,1533.0,,,0.0,,,0.0
2025-11-20 20:00:00,,,,,,,1529.0,1529.0,,,0.0,,,0.0
2025-11-20 21:00:00,,,,,,,1529.0,1529.0,,,0.0,,,0.0
2025-11-20 22:00:00,,,,,,,1533.0,1533.0,,,0.0,,,0.0
2025-11-20 23:00:00,,,,,,,1533.0,1533.0,,,0.0,,,0.0
2025-11-21 00:00:00,,,,,,,1529.0,1529.0,,,0.0,,,0.0
2025-11-21 01:00:00,,,,,,,1529.0,1529.0,,,0.0,,,0.0
2025-11-21 02:00:00,,,,,,,1529.0,1529.0,,,0.0,,,0.0
2025-11-21 03:00:00,,,,,,,1529.0,1529.0,,,0.0,,,0.0
2025-11-21 04:00:00,,,,,,,1529.0,1529.0,,,0.0,,,0.0
2025-11-21 05:00:00,,,,,,,1533.0,1533.0,,,0.0,,,0.0
2025-11-21 06:00:00,,,,,,,1529.0,1529.0,,,0.0,,,0.0
2025-11-21 07:00:00,,,,,,,1533.0,1533.0,,,0.0,,,0.0
2025-11-21 08:00:00,,,,,,,509.0,509.0,,,0.0,,,0.0
2025-11-21 09:00:00,,,,,,,509.0,509.0,,,0.0,,,0.0
2025-11-21 10:00:00,,,,,,,509.0,509.0,,,0.0,,,0.0
2025-11-21 11:00:00,,,,,,,509.0,509.0,,,0.0,,,0.0
2025-11-21 12:00:00,,,,,,,509.0,509.0,,,0.0,,,0.0
2025-11-21 13:00:00,,,,,,,509.0,509.0,,,0.0,,,0.0
2025-11-21 14:00:00,,,,,,,509.0,509.0,,,0.0,,,0.0
2025-11-21 15:00:00,,,,,,,509.0,509.0,,,0.0,,,0.0
2025-11-21 16:00:00,,,,,,,1533.0,1533.0,,,0.0,,,0.0
2025-11-21 17:00:00,,,,,,,1533.0,1533.0,,,0.0,,,0.0
2025-11-21 18:00:00,,,,,,,1533.0,1533.0,,,0.0,,,0.0
2025-11-21 19:00:00,,,,,,,1533.0,1533.0,,,0.0,,,0.0
2025-11-21 20:00:00,,,,,,,1529.0,1529.0,,,0.0,,,0.0
2025-11-21 21:00:00,,,,,,,1533.0,1533.0,,,0.0,,,0.0
2025-11-21 22:00:00,,,,,,,1533.0,1533.0,,,0.0,,,0.0
2025-11-21 23:00:00,,,,,,,1529.0,1529.0,,,0.0,,,0.0
2025-11-22 00:00:00,,,,,,,1273.0,1273.0,,,0.0,,,0.0
2025-11-22 01:00:00,,,,,,,1273.0,1273.0,,,0.0,,,0.0
2025-11-22 02:00:00,,,,,,,1273.0,1273.0,,,0.0,,,0.0
2025-11-22 03:00:00,,,,,,,1529.0,1529.0,,,0.0,,,0.0
2025-11-22 04:00:00,,,,,,,1533.0,1533.0,,,0.0,,,0.0
2025-11-22 05:00:00,,,,,,,1533.0,1533.0,,,0.0,,,0.0
2025-11-22 06:00:00,,,,,,,1529.0,1529.0,,,0.0,,,0.0
2025-11-22 07:00:00,,,,,,,1533.0,1533.0,,,0.0,,,0.0
2025-11-22 08:00:00,,,,,,,509.0,509.0,,,0.0,,,0.0
2025-11-22 09:00:00,,,,,,,509.0,509.0,,,0.0,,,0.0
2025-11-22 10:00:00,,,,,,,509.0,509.0,,,0.0,,,0.0
2025-11-22 11:00:00,,,,,,,509.0,509.0,,,0.0,,,0.0
2025-11-22 12:00:00,,,,,,,509.0,509.0,,,0.0,,,0.0
2025-11-22 13:00:00,,,,,,,509.0,509.0,,,0.0,,,0.0
2025-11-22 14:00:00,,,,,,,509.0,509.0,,,0.0,,,0.0
2025-11-22 15:00:00,,,,,,,509.0,509.0,,,0.0,,,0.0
2025-11-22 16:00:00,,,,,,,1533.0,1533.0,,,0.0,,,0.0
2025-11-22 17:00:00,,,,,,,1273.0,1273.0,,,0.0,,,0.0
2025-11-22 18:00:00,,,,,,,1273.0,1273.0,,,0.0,,,0.0
2025-11-22 19:00:00,,,,,,,1273.0,1273.0,,,0.0,,,0.0
2025-11-22 20:00:00,,,,,,,1273.0,1273.0,,,0.0,,,0.0
2025-11-22 21:00:00,,,,,,,1273.0,1273.0,,,0.0,,,0.0
2025-11-22 22:00:00,,,,,,,1273.0,1273.0,,,0.0,,,0.0
2025-11-22 23:00:00,,,,,,,1273.0,1273.0,,,0.0,,,0.0
2025-11-23 00:00:00,,,,,,,1273.0,1273.0,,,0.0,,,0.0
2025-11-23 01:00:00,,,,,,,1533.0,1533.0,,,0.0,,,0.0
2025-11-23 02:00:00,,,,,,,1529.0,1529.0,,,0.0,,,0.0
2025-11-23 03:00:00,,,,,,,1533.0,1533.0,,,0.0,,,0.0
2025-11-23 04:00:00,,,,,,,1529.0,1529.0,,,0.0,,,0.0
2025-11-23 05:00:00,,,,,,,1529.0,1529.0,,,0.0,,,0.0
2025-11-23 06:00:00,,,,,,,1533.0,1533.0,,,0.0,,,0.0
2025-11-23 07:00:00,,,,,,,1533.0,1533.0,,,0.0,,,0.0
2025-11-23 08:00:00,,,,,,,509.0,509.0,,,0.0,,,0.0
2025-11-23 09:00:00,,,,,,,509.0,509.0,,,0.0,,,0.0
2025-11-23 10:00:00,,,,,,,509.0,509.0,,,0.0,,,0.0
2025-11-23 11:00:00,,,,,,,509.0,509.0,,,0.0,,,0.0
2025-11-23 12:00:00,,,,,,,509.0,509.0,,,0.0,,,0.0
2025-11-23 13:00:00,,,,,,,509.0,509.0,,,0.0,,,0.0
2025-11-23 14:00:00,,,,,,,509.0,509.0,,,0.0,,,0.0
2025-11-23 15:00:00,,,,,,,509.0,509.0,,,0.0,,,0.0
2025-11-23 16:00:00,,,,,,,1533.0,1533.0,,,0.0,,,0.0
2025-11-23 17:00:00,,,,,,,1273.0,1273.0,,,0.0,,,0.0
2025-11-23 18:00:00,,,,,,,1533.0,1533.0,,,0.0,,,0.0
2025-11-23 19:00:00,,,,,,,1273.0,1273.0,,,0.0,,,0.0
2025-11-23 20:00:00,,,,,,,1529.0,1529.0,,,0.0,,,0.0
2025-11-23 21:00:00,,,,,,,1273.0,1273.0,,,0.0,,,0.0
2025-11-23 22:00:00,,,,,,,1273.0,1273.0,,,0.0,,,0.0
2025-11-23 23:00:00,,,,,,,1273.0,1273.0,,,0.0,,,0.0
2025-11-24 00:00:00,,,,,,,1273.0,1273.0,,,0.0,,,0.0
2025-11-24 01:00:00,,,,,,,1529.0,1529.0,,,0.0,,,0.0
2025-11-24 02:00:00,,,,,,,1529.0,1529.0,,,0.0,,,0.0
2025-11-24 03:00:00,,,,,,,1529.0,1529.0,,,0.0,,,0.0
2025-11-24 04:00:00,,,,,,,1529.0,1529.0,,,0.0,,,0.0
2025-11-24 05:00:00,,,,,,,1273.0,1273.0,,,0.0,,,0.0
2025-11-24 06:00:00,,,,,,,1533.0,1533.0,,,0.0,,,0.0
2025-11-24 07:00:00,,,,,,,1533.0,1533.0,,,0.0,,,0.0
2025-11-24 08:00:00,,,,,,,509.0,509.0,,,0.0,,,0.0
2025-11-24 09:00:00,,,,,,,509.0,509.0,,,0.0,,,0.0
2025-11-24 10:00:00,,,,,,,509.0,509.0,,,0.0,,,0.0
2025-11-24 11:00:00,,,,,,,509.0,509.0,,,0.0,,,0.0
2025-11-24 12:00:00,,,,,,,509.0,509.0,,,0.0,,,0.0
2025-11-24 13:00:00,,,,,,,509.0,509.0,,,0.0,,,0.0
2025-11-24 14:00:00,,,,,,,509.0,509.0,,,0.0,,,0.0
2025-11-24 15:00:00,,,,,,,509.0,509.0,,,0.0,,,0.0
2025-11-24 16:00:00,,,,,,,1533.0,1533.0,,,0.0,,,0.0
2025-11-24 17:00:00,,,,,,,1273.0,1273.0,,,0.0,,,0.0
2025-11-24 18:00:00,,,,,,,1529.0,1529.0,,,0.0,,,0.0
2025-11-24 19:00:00,,,,,,,1273.0,1273.0,,,0.0,,,0.0
2025-11-24 20:00:00,,,,,,,1533.0,1533.0,,,0.0,,,0.0
2025-11-24 21:00:00,,,,,,,1529.0,1529.0,,,0.0,,,0.0
2025-11-24 22:00:00,,,,,,,1533.0,1533.0,,,0.0,,,0.0
2025-11-24 23:00:00,,,,,,,1273.0,1273.0,,,0.0,,,0.0
2025-11-25 00:00:00,,,,,,,1533.0,1533.0,,,0.0,,,0.0
2025-11-25 01:00:00,,,,,,,1529.0,1529.0,,,0.0,,,0.0
2025-11-25 02:00:00,,,,,,,1529.0,1529.0,,,0.0,,,0.0
2025-11-25 03:00:00,,,,,,,1273.0,1273.0,,,0.0,,,0.0
2025-11-25 04:00:00,,,,,,,1533.0,1533.0,,,0.0,,,0.0
2025-11-25 05:00:00,,,,,,,1529.0,1529.0,,,0.0,,,0.0
2025-11-25 06:00:00,,,,,,,1533.0,1533.0,,,0.0,,,0.0
2025-11-25 07:00:00,,,,,,,1533.0,1533.0,,,0.0,,,0.0
2025-11-25 08:00:00,,,,,,,509.0,509.0,,,0.0,,,0.0
2025-11-25 09:00:00,,,,,,,509.0,509.0,,,0.0,,,0.0
2025-11-25 10:00:00,,,,,,,509.0,509.0,,,0.0,,,0.0
2025-11-25 11:00:00,,,,,,,509.0,509.0,,,0.0,,,0.0
2025-11-25 12:00:00,,,,,,,509.0,509.0,,,0.0,,,0.0
2025-11-25 13:00:00,,,,,,,509.0,509.0,,,0.0,,,0.0
2025-11-25 14:00:00,,,,,,,509.0,509.0,,,0.0,,,0.0
2025-11-25 15:00:00,,,,,,,509.0,509.0,,,0.0,,,0.0
2025-11-25 16:00:00,,,,,,,1533.0,1533.0,,,0.0,,,0.0
2025-11-25 17:00:00,,,,,,,1533.0,1533.0,,,0.0,,,0.0
2025-11-25 18:00:00,,,,,,,1529.0,1529.0,,,0.0,,,0.0
2025-11-25 19:00:00,,,,,,,1529.0,1529.0,,,0.0,,,0.0
2025-11-25 20:00:00,,,,,,,1533.0,1533.0,,,0.0,,,0.0
2025-11-25 21:00:00,,,,,,,1533.0,1533.0,,,0.0,,,0.0
2025-11-25 22:00:00,,,,,,,1529.0,1529.0,,,0.0,,,0.0
2025-11-25 23:00:00,,,,,,,1533.0,1533.0,,,0.0,,,0.0
2025-11-26 00:00:00,,,,,,,1533.0,1533.0,,,0.0,,,0.0
2025-11-26 01:00:00,,,,,,,1529.0,1529.0,,,0.0,,,0.0
2025-11-26 02:00:00,,,,,,,1533.0,1533.0,,,0.0,,,0.0
2025-11-26 03:00:00,,,,,,,1273.0,1273.0,,,0.0,,,0.0
2025-11-26 04:00:00,,,,,,,1529.0,1529.0,,,0.0,,,0.0
2025-11-26 05:00:00,,,,,,,1533.0,1533.0,,,0.0,,,0.0
2025-11-26 06:00:00,,,,,,,1533.0,1533.0,,,0.0,,,0.0
2025-11-26 07:00:00,,,,,,,1533.0,1533.0,,,0.0,,,0.0
2025-11-26 08:00:00,,,,,,,509.0,509.0,0.2306,0.0,1.0,0.7982999,0.0,1.0
2025-11-26 09:00:00,,,,,,,509.0,509.0,,,0.0,,,0.0
2025-11-26 10:00:00,,,,,,,2553.0,2552.0,0.4718,0.0023999999,3.0,0.78129995,0.0031999946,3.0
2025-11-26 11:00:00,,,,,,,2297.0,2296.0,0.5872,0.078999996,5.0,0.7527,0.014499962,5.0
2025-11-26 12:00:00,,,,,,,2553.0,2552.0,0.68259996,0.024,6.0,0.7157999,0.0033999681,6.0
2025-11-26 13:00:00,,,,,,,509.0,509.0,,,0.0,,,0.0
2025-11-26 14:00:00,,,,,,,509.0,509.0,,,0.0,,,0.0
2025-11-26 15:00:00,,,,,,,509.0,509.0,,,0.0,,,0.0
2025-11-26 16:00:00,,,,,,,1533.0,1533.0,,,0.0,,,0.0
2025-11-26 17:00:00,,,,,,,1273.0,1273.0,,,0.0,,,0.0
2025-11-26 18:00:00,,,,,,,1273.0,1273.0,,,0.0,,,0.0
2025-11-26 19:00:00,,,,,,,1529.0,1529.0,,,0.0,,,0.0
2025-11-26 20:00:00,,,,,,,1273.0,1273.0,,,0.0,,,0.0
2025-11-26 21:00:00,,,,,,,1529.0,1529.0,,,0.0,,,0.0
2025-11-26 22:00:00,,,,,,,1533.0,1533.0,,,0.0,,,0.0
2025-11-26 23:00:00,,,,,,,1533.0,1533.0,,,0.0,,,0.0
2025-11-27 00:00:00,,,,,,,1533.0,1533.0,,,0.0,,,0.0
2025-11-27 01:00:00,,,,,,,1529.0,1529.0,,,0.0,,,0.0
2025-11-27 02:00:00,,,,,,,1533.0,1533.0,,,0.0,,,0.0
2025-11-27 03:00:00,,,,,,,1533.0,1533.0,,,0.0,,,0.0
2025-11-27 04:00:00,,,,,,,1533.0,1533.0,,,0.0,,,0.0
2025-11-27 05:00:00,,,,,,,1529.0,1529.0,,,0.0,,,0.0
2025-11-27 06:00:00,,,,,,,1533.0,1533.0,,,0.0,,,0.0
2025-11-27 07:00:00,,,,,,,1533.0,1533.0,,,0.0,,,0.0
2025-11-27 08:00:00,,,,,,,509.0,509.0,,,0.0,,,0.0
2025-11-27 09:00:00,,,,,,,509.0,509.0,,,0.0,,,0.0
2025-11-27 10:00:00,,,,,,,509.0,509.0,,,0.0,,,0.0
2025-11-27 11:00:00,,,,,,,509.0,509.0,,,0.0,,,0.0
2025-11-27 12:00:00,,,,,,,509.0,509.0,,,0.0,,,0.0
2025-11-27 13:00:00,,,,,,,509.0,509.0,,,0.0,,,0.0
2025-11-27 14:00:00,,,,,,,509.0,509.0,,,0.0,,,0.0
2025-11-27 15:00:00,,,,,,,509.0,509.0,,,0.0,,,0.0
2025-11-27 16:00:00,,,,,,,1533.0,1533.0,,,0.0,,,0.0
2025-11-27 17:00:00,,,,,,,1533.0,1533.0,,,0.0,,,0.0
2025-11-27 18:00:00,,,,,,,1533.0,1533.0,,,0.0,,,0.0
2025-11-27 19:00:00,,,,,,,1533.0,1533.0,,,0.0,,,0.0
2025-11-27 20:00:00,,,,,,,1533.0,1533.0,,,0.0,,,0.0
2025-11-27 21:00:00,,,,,,,1529.0,1529.0,,,0.0,,,0.0
2025-11-27 22:00:00,,,,,,,1533.0,1533.0,,,0.0,,,0.0
2025-11-27 23:00:00,,,,,,,1533.0,1533.0,,,0.0,,,0.0
2025-11-28 00:00:00,,,,,,,1533.0,1533.0,,,0.0,,,0.0
2025-11-28 01:00:00,,,,,,,1529.0,1529.0,,,0.0,,,0.0
2025-11-28 02:00:00,,,,,,,1529.0,1529.0,,,0.0,,,0.0
2025-11-28 03:00:00,,,,,,,1529.0,1529.0,,,0.0,,,0.0
2025-11-28 04:00:00,,,,,,,1533.0,1533.0,,,0.0,,,0.0
2025-11-28 05:00:00,,,,,,,1533.0,1533.0,,,0.0,,,0.0
2025-11-28 06:00:00,,,,,,,1533.0,1533.0,,,0.0,,,0.0
2025-11-28 07:00:00,,,,,,,1533.0,1533.0,,,0.0,,,0.0
2025-11-28 08:00:00,,,,,,,509.0,509.0,,,0.0,,,0.0
2025-11-28 09:00:00,,,,,,,509.0,509.0,,,0.0,,,0.0
2025-11-28 10:00:00,,,,,,,509.0,509.0,,,0.0,,,0.0
2025-11-28 11:00:00,,,,,,,509.0,509.0,,,0.0,,,0.0
2025-11-28 12:00:00,,,,,,,2297.0,2296.0,0.6264,0.0,1.0,0.7126,0.0,1.0
2025-11-28 13:00:00,,,,,,,505.0,505.0,0.44779998,0.0336,4.0,0.7233,0.0041999817,4.0
2025-11-28 14:00:00,,,,,,,509.0,509.0,,,0.0,,,0.0
2025-11-28 15:00:00,,,,,,,509.0,509.0,,,0.0,,,0.0
2025-11-28 16:00:00,,,,,,,1533.0,1533.0,,,0.0,,,0.0
2025-11-28 17:00:00,,,,,,,1529.0,1529.0,,,0.0,,,0.0
2025-11-28 18:00:00,,,,,,,1529.0,1529.0,,,0.0,,,0.0
2025-11-28 19:00:00,,,,,,,1533.0,1533.0,,,0.0,,,0.0
2025-11-28 20:00:00,,,,,,,1533.0,1533.0,,,0.0,,,0.0
2025-11-28 21:00:00,,,,,,,1533.0,1533.0,,,0.0,,,0.0
2025-11-28 22:00:00,,,,,,,1529.0,1529.0,,,0.0,,,0.0
2025-11-28 23:00:00,,,,,,,1533.0,1533.0,,,0.0,,,0.0
2025-11-29 00:00:00,,,,,,,1533.0,1533.0,,,0.0,,,0.0
2025-11-29 01:00:00,,,,,,,1533.0,1533.0,,,0.0,,,0.0
2025-11-29 02:00:00,,,,,,,1533.0,1533.0,,,0.0,,,0.0
2025-11-29 03:00:00,,,,,,,1529.0,1529.0,,,0.0,,,0.0
2025-11-29 04:00:00,,,,,,,1533.0,1533.0,,,0.0,,,0.0
2025-11-29 05:00:00,,,,,,,1529.0,1529.0,,,0.0,,,0.0
2025-11-29 06:00:00,,,,,,,1273.0,1273.0,,,0.0,,,0.0
2025-11-29 07:00:00,,,,,,,1533.0,1533.0,,,0.0,,,0.0
2025-11-29 08:00:00,,,,,,,509.0,509.0,,,0.0,,,0.0
2025-11-29 09:00:00,,,,,,,509.0,509.0,,,0.0,,,0.0
2025-11-29 10:00:00,,,,,,,509.0,509.0,,,0.0,,,0.0
2025-11-29 11:00:00,,,,,,,509.0,509.0,,,0.0,,,0.0
2025-11-29 12:00:00,,,,,,,509.0,509.0,,,0.0,,,0.0
2025-11-29 13:00:00,,,,,,,509.0,509.0,,,0.0,,,0.0
2025-11-29 14:00:00,,,,,,,509.0,509.0,,,0.0,,,0.0
2025-11-29 15:00:00,,,,,,,509.0,509.0,,,0.0,,,0.0
2025-11-29 16:00:00,,,,,,,1533.0,1533.0,,,0.0,,,0.0
2025-11-29 17:00:00,,,,,,,1273.0,1273.0,,,0.0,,,0.0
2025-11-29 18:00:00,,,,,,,1273.0,1273.0,,,0.0,,,0.0
2025-11-29 19:00:00,,,,,,,1533.0,1533.0,,,0.0,,,0.0
2025-11-29 20:00:00,,,,,,,1273.0,1273.0,,,0.0,,,0.0
2025-11-29 21:00:00,,,,,,,1273.0,1273.0,,,0.0,,,0.0
2025-11-29 22:00:00,,,,,,,1529.0,1529.0,,,0.0,,,0.0
2025-11-29 23:00:00,,,,,,,1529.0,1529.0,,,0.0,,,0.0
2025-11-30 00:00:00,,,,,,,1273.0,1273.0,,,0.0,,,0.0
2025-11-30 01:00:00,,,,,,,1533.0,1533.0,,,0.0,,,0.0
2025-11-30 02:00:00,,,,,,,1273.0,1273.0,,,0.0,,,0.0
2025-11-30 03:00:00,,,,,,,1529.0,1529.0,,,0.0,,,0.0
2025-11-30 04:00:00,,,,,,,1273.0,1273.0,,,0.0,,,0.0
2025-11-30 05:00:00,,,,,,,1273.0,1273.0,,,0.0,,,0.0
2025-11-30 06:00:00,,,,,,,1273.0,1273.0,,,0.0,,,0.0
2025-11-30 07:00:00,,,,,,,1533.0,1533.0,,,0.0,,,0.0
2025-11-30 08:00:00,,,,,,,509.0,509.0,,,0.0,,,0.0
2025-11-30 09:00:00,,,,,,,509.0,509.0,,,0.0,,,0.0
2025-11-30 10:00:00,,,,,,,509.0,509.0,,,0.0,,,0.0
2025-11-30 11:00:00,,,,,,,509.0,509.0,,,0.0,,,0.0
2025-11-30 12:00:00,,,,,,,509.0,509.0,,,0.0,,,0.0
2025-11-30 13:00:00,,,,,,,509.0,509.0,,,0.0,,,0.0
2025-11-30 14:00:00,,,,,,,509.0,509.0,,,0.0,,,0.0
2025-11-30 15:00:00,,,,,,,509.0,509.0,,,0.0,,,0.0
2025-11-30 16:00:00,,,,,,,1533.0,1533.0,,,0.0,,,0.0
2025-11-30 17:00:00,,,,,,,1273.0,1273.0,,,0.0,,,0.0
2025-11-30 18:00:00,,,,,,,1273.0,1273.0,,,0.0,,,0.0
2025-11-30 19:00:00,,,,,,,1533.0,1533.0,,,0.0,,,0.0
2025-11-30 20:00:00,,,,,,,1273.0,1273.0,,,0.0,,,0.0
2025-11-30 21:00:00,,,,,,,1273.0,1273.0,,,0.0,,,0.0
2025-11-30 22:00:00,,,,,,,1273.0,1273.0,,,0.0,,,0.0
2025-11-30 23:00:00,,,,,,,1273.0,1273.0,,,0.0,,,0.0
2025-12-01 00:00:00,,,,,,,1529.0,1529.0,,,0.0,,,0.0
2025-12-01 01:00:00,,,,,,,1529.0,1529.0,,,0.0,,,0.0
2025-12-01 02:00:00,,,,,,,1529.0,1529.0,,,0.0,,,0.0
2025-12-01 03:00:00,,,,,,,1529.0,1529.0,,,0.0,,,0.0
2025-12-01 04:00:00,,,,,,,1529.0,1529.0,,,0.0,,,0.0
2025-12-01 05:00:00,,,,,,,1533.0,1533.0,,,0.0,,,0.0
2025-12-01 06:00:00,,,,,,,1529.0,1529.0,,,0.0,,,0.0
2025-12-01 07:00:00,,,,,,,1533.0,1533.0,,,0.0,,,0.0
2025-12-01 08:00:00,,,,,,,509.0,509.0,,,0.0,,,0.0
2025-12-01 09:00:00,,,,,,,509.0,509.0,,,0.0,,,0.0
2025-12-01 10:00:00,,,,,,,509.0,509.0,,,0.0,,,0.0
2025-12-01 11:00:00,,,,,,,509.0,509.0,,,0.0,,,0.0
2025-12-01 12:00:00,,,,,,,509.0,509.0,,,0.0,,,0.0
2025-12-01 13:00:00,,,,,,,509.0,509.0,,,0.0,,,0.0
2025-12-01 14:00:00,,,,,,,509.0,509.0,,,0.0,,,0.0
2025-12-01 15:00:00,,,,,,,509.0,509.0,,,0.0,,,0.0
2025-12-01 16:00:00,,,,,,,1533.0,1533.0,,,0.0,,,0.0
2025-12-01 17:00:00,,,,,,,1529.0,1529.0,,,0.0,,,0.0
2025-12-01 18:00:00,,,,,,,1273.0,1273.0,,,0.0,,,0.0
2025-12-01 19:00:00,,,,,,,1533.0,1533.0,,,0.0,,,0.0
2025-12-01 20:00:00,,,,,,,1529.0,1529.0,,,0.0,,,0.0
2025-12-01 21:00:00,,,,,,,1273.0,1273.0,,,0.0,,,0.0
2025-12-01 22:00:00,,,,,,,1273.0,1273.0,,,0.0,,,0.0
2025-12-01 23:00:00,,,,,,,1529.0,1529.0,,,0.0,,,0.0
2025-12-02 00:00:00,,,,,,,1273.0,1273.0,,,0.0,,,0.0
2025-12-02 01:00:00,,,,,,,1273.0,1273.0,,,0.0,,,0.0
2025-12-02 02:00:00,,,,,,,1273.0,1273.0,,,0.0,,,0.0
2025-12-02 03:00:00,,,,,,,1273.0,1273.0,,,0.0,,,0.0
2025-12-02 04:00:00,,,,,,,1529.0,1529.0,,,0.0,,,0.0
2025-12-02 05:00:00,,,,,,,1273.0,1273.0,,,0.0,,,0.0
2025-12-02 06:00:00,,,,,,,1273.0,1273.0,,,0.0,,,0.0
2025-12-02 07:00:00,,,,,,,1273.0,1273.0,,,0.0,,,0.0
2025-12-02 08:00:00,,,,,,,1533.0,1533.0,,,0.0,,,0.0
2025-12-02 09:00:00,,,,,,,509.0,509.0,,,0.0,,,0.0
2025-12-02 10:00:00,,,,,,,509.0,509.0,,,0.0,,,0.0
2025-12-02 11:00:00,,,,,,,509.0,509.0,,,0.0,,,0.0
2025-12-02 12:00:00,,,,,,,509.0,509.0,,,0.0,,,0.0
2025-12-02 13:00:00,,,,,,,509.0,509.0,,,0.0,,,0.0
2025-12-02 14:00:00,,,,,,,509.0,509.0,,,0.0,,,0.0
2025-12-02 15:00:00,,,,,,,509.0,509.0,,,0.0,,,0.0
2025-12-02 16:00:00,,,,,,,509.0,509.0,,,0.0,,,0.0
2025-12-02 17:00:00,,,,,,,1533.0,1533.0,,,0.0,,,0.0
2025-12-02 18:00:00,,,,,,0.0001,1273.0,1081.0,,,0.0,,,0.0
2025-12-02 19:00:00,,,,,,,1529.0,1529.0,,,0.0,,,0.0
2025-12-02 20:00:00,,,,,,,1529.0,1529.0,,,0.0,,,0.0
2025-12-02 21:00:00,,,,,,,1273.0,1273.0,,,0.0,,,0.0
2025-12-02 22:00:00,,,,,,,1529.0,1529.0,,,0.0,,,0.0
2025-12-02 23:00:00,,,,,,,1273.0,1273.0,,,0.0,,,0.0
2025-12-03 00:00:00,,,,,,,1533.0,1533.0,,,0.0,,,0.0
2025-12-03 01:00:00,,,,,,,1273.0,1273.0,,,0.0,,,0.0
2025-12-03 02:00:00,,,,,,,1529.0,1529.0,,,0.0,,,0.0
2025-12-03 03:00:00,,,,,,,1529.0,1529.0,,,0.0,,,0.0
2025-12-03 04:00:00,,,,,,,1533.0,1533.0,,,0.0,,,0.0
2025-12-03 05:00:00,,,,,,,1529.0,1529.0,,,0.0,,,0.0
2025-12-03 06:00:00,,,,,,,1273.0,1273.0,,,0.0,,,0.0
2025-12-03 07:00:00,,,,,,,1529.0,1529.0,,,0.0,,,0.0
2025-12-03 08:00:00,,,,,,,1533.0,1533.0,,,0.0,,,0.0
2025-12-03 09:00:00,,,,,,,509.0,509.0,,,0.0,,,0.0
2025-12-03 10:00:00,,,,,,,509.0,509.0,,,0.0,,,0.0
2025-12-03 11:00:00,,,,,,,509.0,509.0,,,0.0,,,0.0
2025-12-03 12:00:00,,,,,,,509.0,509.0,,,0.0,,,0.0
2025-12-03 13:00:00,,,,,,,509.0,509.0,,,0.0,,,0.0
2025-12-03 14:00:00,,,,,,,509.0,509.0,,,0.0,,,0.0
2025-12-03 15:00:00,,,,,,,509.0,509.0,,,0.0,,,0.0
2025-12-03 16:00:00,,,,,,,509.0,509.0,,,0.0,,,0.0
2025-12-03 17:00:00,,,,,,,1533.0,1533.0,,,0.0,,,0.0
2025-12-03 18:00:00,,,,,,,1533.0,1533.0,,,0.0,,,0.0
2025-12-03 19:00:00,,,,,,,1533.0,1533.0,,,0.0,,,0.0
2025-12-03 20:00:00,,,,,,,1533.0,1533.0,,,0.0,,,0.0
2025-12-03 21:00:00,,,,,,,1533.0,1533.0,,,0.0,,,0.0
2025-12-03 22:00:00,,,,,,,1529.0,1529.0,,,0.0,,,0.0
2025-12-03 23:00:00,,,,,,,1273.0,1273.0,,,0.0,,,0.0
2025-12-04 00:00:00,,,,,,,1273.0,1273.0,,,0.0,,,0.0
2025-12-04 01:00:00,,,,,,,1529.0,1529.0,,,0.0,,,0.0
2025-12-04 02:00:00,,,,,,,1533.0,1533.0,,,0.0,,,0.0
2025-12-04 03:00:00,,,,,,,1529.0,1529.0,,,0.0,,,0.0
2025-12-04 04:00:00,,,,,,,1273.0,1273.0,,,0.0,,,0.0
2025-12-04 05:00:00,,,,,,,1529.0,1529.0,,,0.0,,,0.0
2025-12-04 06:00:00,,,,,,,1533.0,1533.0,,,0.0,,,0.0
2025-12-04 07:00:00,,,,,,,1533.0,1533.0,,,0.0,,,0.0
2025-12-04 08:00:00,,,,,,,509.0,509.0,,,0.0,,,0.0
2025-12-04 09:00:00,,,,,,,509.0,509.0,,,0.0,,,0.0
2025-12-04 10:00:00,,,,,,,509.0,509.0,,,0.0,,,0.0
2025-12-04 11:00:00,,,,,,,509.0,509.0,,,0.0,,,0.0
2025-12-04 12:00:00,,,,,,,509.0,509.0,,,0.0,,,0.0
2025-12-04 13:00:00,,,,,,,509.0,509.0,,,0.0,,,0.0
2025-12-04 14:00:00,,,,,,,509.0,509.0,,,0.0,,,0.0
2025-12-04 15:00:00,,,,,,,509.0,509.0,,,0.0,,,0.0
2025-12-04 16:00:00,,,,,,,1533.0,1533.0,,,0.0,,,0.0
2025-12-04 17:00:00,,,,,,,1529.0,1529.0,,,0.0,,,0.0
2025-12-04 18:00:00,,,,,,,1273.0,1273.0,,,0.0,,,0.0
2025-12-04 19:00:00,,,,,,,1273.0,1273.0,,,0.0,,,0.0
2025-12-04 20:00:00,,,,,,,1529.0,1529.0,,,0.0,,,0.0
2025-12-04 21:00:00,,,,,,,1273.0,1273.0,,,0.0,,,0.0
2025-12-04 22:00:00,,,,,,,1273.0,1273.0,,,0.0,,,0.0
2025-12-04 23:00:00,,,,,,,1273.0,1273.0,,,0.0,,,0.0
2025-12-05 00:00:00,,,,,,,1273.0,1273.0,,,0.0,,,0.0
2025-12-05 01:00:00,,,,,,,1273.0,1273.0,,,0.0,,,0.0
2025-12-05 02:00:00,,,,,,,1533.0,1533.0,,,0.0,,,0.0
2025-12-05 03:00:00,,,,,,,1273.0,1273.0,,,0.0,,,0.0
2025-12-05 04:00:00,,,,,,,1273.0,1273.0,,,0.0,,,0.0
2025-12-05 05:00:00,,,,,,,1273.0,1273.0,,,0.0,,,0.0
2025-12-05 06:00:00,,,,,,,1273.0,1273.0,,,0.0,,,0.0
2025-12-05 07:00:00,,,,,,,1533.0,1533.0,,,0.0,,,0.0
2025-12-05 08:00:00,,,,,,,509.0,509.0,,,0.0,,,0.0
2025-12-05 09:00:00,,,,,,,509.0,509.0,,,0.0,,,0.0
2025-12-05 10:00:00,,,,,,,509.0,509.0,,,0.0,,,0.0
2025-12-05 11:00:00,,,,,,,509.0,509.0,,,0.0,,,0.0
2025-12-05 12:00:00,,,,,,,509.0,509.0,,,0.0,,,0.0
2025-12-05 13:00:00,,,,,,,509.0,509.0,,,0.0,,,0.0
2025-12-05 14:00:00,,,,,,,509.0,509.0,,,0.0,,,0.0
2025-12-05 15:00:00,,,,,,,509.0,509.0,,,0.0,,,0.0
2025-12-05 16:00:00,,,,,,,1533.0,1533.0,,,0.0,,,0.0
2025-12-05 17:00:00,,,,,,,1529.0,1529.0,,,0.0,,,0.0
2025-12-05 18:00:00,,,,,,,1529.0,1529.0,,,0.0,,,0.0
2025-12-05 19:00:00,,,,,,,1533.0,1533.0,,,0.0,,,0.0
2025-12-05 20:00:00,,,,,,,1529.0,1529.0,,,0.0,,,0.0
2025-12-05 21:00:00,,,,,,,1529.0,1529.0,,,0.0,,,0.0
2025-12-05 22:00:00,,,,,,,1529.0,1529.0,,,0.0,,,0.0
2025-12-05 23:00:00,,,,,,,1273.0,1273.0,,,0.0,,,0.0
2025-12-06 00:00:00,,,,,,,1533.0,1533.0,,,0.0,,,0.0
2025-12-06 01:00:00,,,,,,,1533.0,1533.0,,,0.0,,,0.0
2025-12-06 02:00:00,,,,,,,1529.0,1529.0,,,0.0,,,0.0
2025-12-06 03:00:00,,,,,,,1533.0,1533.0,,,0.0,,,0.0
2025-12-06 04:00:00,,,,,,,1273.0,1273.0,,,0.0,,,0.0
2025-12-06 05:00:00,,,,,,,1529.0,1529.0,,,0.0,,,0.0
2025-12-06 06:00:00,,,,,,,1273.0,1273.0,,,0.0,,,0.0
2025-12-06 07:00:00,,,,,,,1533.0,1533.0,,,0.0,,,0.0
2025-12-06 08:00:00,,,,,,,509.0,509.0,,,0.0,,,0.0
2025-12-06 09:00:00,,,,,,,509.0,509.0,,,0.0,,,0.0
2025-12-06 10:00:00,,,,,,,509.0,509.0,,,0.0,,,0.0
2025-12-06 11:00:00,,,,,,,509.0,509.0,,,0.0,,,0.0
2025-12-06 12:00:00,,,,,,,509.0,509.0,,,0.0,,,0.0
2025-12-06 13:00:00,,,,,,,509.0,509.0,,,0.0,,,0.0
2025-12-06 14:00:00,,,,,,,509.0,509.0,,,0.0,,,0.0
2025-12-06 15:00:00,,,,,,,509.0,509.0,,,0.0,,,0.0
2025-12-06 16:00:00,,,,,,,1533.0,1533.0,,,0.0,,,0.0
2025-12-06 17:00:00,,,,,,,1533.0,1533.0,,,0.0,,,0.0
2025-12-06 18:00:00,,,,,,,1273.0,1273.0,,,0.0,,,0.0
2025-12-06 19:00:00,,,,,,,1529.0,1529.0,,,0.0,,,0.0
2025-12-06 20:00:00,,,,,,,1273.0,1273.0,,,0.0,,,0.0
2025-12-06 21:00:00,,,,,,,1533.0,1533.0,,,0.0,,,0.0
2025-12-06 22:00:00,,,,,,,1529.0,1529.0,,,0.0,,,0.0
2025-12-06 23:00:00,,,,,,,1533.0,1533.0,,,0.0,,,0.0
2025-12-07 00:00:00,,,,,,,1533.0,1533.0,,,0.0,,,0.0
2025-12-07 01:00:00,,,,,,,1533.0,1533.0,,,0.0,,,0.0
2025-12-07 02:00:00,,,,,,,1273.0,1273.0,,,0.0,,,0.0
2025-12-07 03:00:00,,,,,,,1533.0,1533.0,,,0.0,,,0.0
2025-12-07 04:00:00,,,,,,,1529.0,1529.0,,,0.0,,,0.0
2025-12-07 05:00:00,,,,,,,1273.0,1273.0,,,0.0,,,0.0
2025-12-07 06:00:00,,,,,,,1273.0,1273.0,,,0.0,,,0.0
2025-12-07 07:00:00,,,,,,,1533.0,1533.0,,,0.0,,,0.0
2025-12-07 08:00:00,,,,,,,509.0,509.0,,,0.0,,,0.0
2025-12-07 09:00:00,,,,,,,509.0,509.0,,,0.0,,,0.0
2025-12-07 10:00:00,,,,,,,505.0,505.0,,,0.0,,,0.0
2025-12-07 11:00:00,,,,,,,509.0,509.0,,,0.0,,,0.0
2025-12-07 12:00:00,,,,,,,509.0,509.0,,,0.0,,,0.0
2025-12-07 13:00:00,,,,,,,509.0,509.0,,,0.0,,,0.0
2025-12-07 14:00:00,,,,,,,509.0,509.0,,,0.0,,,0.0
2025-12-07 15:00:00,,,,,,,509.0,509.0,,,0.0,,,0.0
2025-12-07 16:00:00,,,,,,,1533.0,1533.0,,,0.0,,,0.0
2025-12-07 17:00:00,,,,,,,1533.0,1533.0,,,0.0,,,0.0
2025-12-07 18:00:00,,,,,,,1533.0,1533.0,,,0.0,,,0.0
2025-12-07 19:00:00,,,,,,,1529.0,1529.0,,,0.0,,,0.0
2025-12-07 20:00:00,,,,,,,1533.0,1533.0,,,0.0,,,0.0
2025-12-07 21:00:00,,,,,,,1533.0,1533.0,,,0.0,,,0.0
2025-12-07 22:00:00,,,,,,,1533.0,1533.0,,,0.0,,,0.0
2025-12-07 23:00:00,,,,,,,1529.0,1529.0,,,0.0,,,0.0
2025-12-08 00:00:00,,,,,,,1533.0,1533.0,,,0.0,,,0.0
2025-12-08 01:00:00,,,,,,,1529.0,1529.0,,,0.0,,,0.0
2025-12-08 02:00:00,,,,,,,1533.0,1533.0,,,0.0,,,0.0
2025-12-08 03:00:00,,,,,,,1533.0,1533.0,,,0.0,,,0.0
2025-12-08 04:00:00,,,,,,,1533.0,1533.0,,,0.0,,,0.0
2025-12-08 05:00:00,,,,,,,1273.0,1273.0,,,0.0,,,0.0
2025-12-08 06:00:00,,,,,,,1273.0,1273.0,,,0.0,,,0.0
2025-12-08 07:00:00,,,,,,,1533.0,1533.0,,,0.0,,,0.0
2025-12-08 08:00:00,,,,,,,509.0,509.0,,,0.0,,,0.0
2025-12-08 09:00:00,,,,,,,509.0,509.0,,,0.0,,,0.0
2025-12-08 10:00:00,,,,,,,509.0,509.0,,,0.0,,,0.0
2025-12-08 11:00:00,,,,,,,509.0,509.0,,,0.0,,,0.0
2025-12-08 12:00:00,,,,,,,509.0,509.0,,,0.0,,,0.0
2025-12-08 13:00:00,,,,,,,509.0,509.0,,,0.0,,,0.0
2025-12-08 14:00:00,,,,,,,509.0,509.0,,,0.0,,,0.0
2025-12-08 15:00:00,,,,,,,509.0,509.0,,,0.0,,,0.0
2025-12-08 16:00:00,,,,,,,1533.0,1533.0,,,0.0,,,0.0
2025-12-08 17:00:00,,,,,,,1529.0,1529.0,,,0.0,,,0.0
2025-12-08 18:00:00,,,,,,,1273.0,1273.0,,,0.0,,,0.0
2025-12-08 19:00:00,,,,,,,1273.0,1273.0,,,0.0,,,0.0
2025-12-08 20:00:00,,,,,,,1273.0,1273.0,,,0.0,,,0.0
2025-12-08 21:00:00,,,,,,,1273.0,1273.0,,,0.0,,,0.0
2025-12-08 22:00:00,,,,,,,1273.0,1273.0,,,0.0,,,0.0
2025-12-08 23:00:00,,,,,,,1533.0,1533.0,,,0.0,,,0.0
2025-12-09 00:00:00,,,,,,,1529.0,1529.0,,,0.0,,,0.0
2025-12-09 01:00:00,,,,,,,1533.0,1533.0,,,0.0,,,0.0
2025-12-09 02:00:00,,,,,,,1529.0,1529.0,,,0.0,,,0.0
2025-12-09 03:00:00,,,,,,,1533.0,1533.0,,,0.0,,,0.0
2025-12-09 04:00:00,,,,,,,1533.0,1533.0,,,0.0,,,0.0
2025-12-09 05:00:00,,,,,,,1533.0,1533.0,,,0.0,,,0.0
2025-12-09 06:00:00,,,,,,,1533.0,1533.0,,,0.0,,,0.0
2025-12-09 07:00:00,,,,,,,1533.0,1533.0,,,0.0,,,0.0
2025-12-09 08:00:00,,,,,,,509.0,509.0,,,0.0,,,0.0
2025-12-09 09:00:00,,,,,,,509.0,509.0,,,0.0,,,0.0
2025-12-09 10:00:00,,,,,,,509.0,509.0,,,0.0,,,0.0
2025-12-09 11:00:00,,,,,,,509.0,509.0,,,0.0,,,0.0
2025-12-09 12:00:00,,,,,,,509.0,509.0,,,0.0,,,0.0
2025-12-09 13:00:00,,,,,,,509.0,509.0,,,0.0,,,0.0
2025-12-09 14:00:00,,,,,,,509.0,509.0,,,0.0,,,0.0
2025-12-09 15:00:00,,,,,,,509.0,509.0,,,0.0,,,0.0
2025-12-09 16:00:00,,,,,,,1533.0,1533.0,,,0.0,,,0.0
2025-12-09 17:00:00,,,,,,,1533.0,1533.0,,,0.0,,,0.0
2025-12-09 18:00:00,,,,,,,1273.0,1273.0,,,0.0,,,0.0
2025-12-09 19:00:00,,,,,,,1273.0,1273.0,,,0.0,,,0.0
2025-12-09 20:00:00,,,,,,,1273.0,1273.0,,,0.0,,,0.0
2025-12-09 21:00:00,,,,,,,1533.0,1533.0,,,0.0,,,0.0
2025-12-09 22:00:00,,,,,,,1529.0,1529.0,,,0.0,,,0.0
2025-12-09 23:00:00,,,,,,,1533.0,1533.0,,,0.0,,,0.0
2025-12-10 00:00:00,,,,,,,1529.0,1529.0,,,0.0,,,0.0
2025-12-10 01:00:00,,,,,,,1533.0,1533.0,,,0.0,,,0.0
2025-12-10 02:00:00,,,,,,,1533.0,1533.0,,,0.0,,,0.0
2025-12-10 03:00:00,,,,,,,1533.0,1533.0,,,0.0,,,0.0
2025-12-10 04:00:00,,,,,,,1533.0,1533.0,,,0.0,,,0.0
2025-12-10 05:00:00,,,,,,,1529.0,1529.0,,,0.0,,,0.0
2025-12-10 06:00:00,,,,,,,1529.0,1529.0,,,0.0,,,0.0
2025-12-10 07:00:00,,,,,,,1533.0,1533.0,,,0.0,,,0.0
2025-12-10 08:00:00,,,,,,,509.0,509.0,,,0.0,,,0.0
2025-12-10 09:00:00,,,,,,,509.0,509.0,,,0.0,,,0.0
2025-12-10 10:00:00,,,,,,,509.0,509.0,,,0.0,,,0.0
2025-12-10 11:00:00,,,,,,,509.0,509.0,,,0.0,,,0.0
2025-12-10 12:00:00,,,,,,,509.0,509.0,,,0.0,,,0.0
2025-12-10 13:00:00,,,,,,,509.0,509.0,,,0.0,,,0.0
2025-12-10 14:00:00,,,,,,,509.0,509.0,,,0.0,,,0.0
2025-12-10 15:00:00,,,,,,,509.0,509.0,,,0.0,,,0.0
2025-12-10 16:00:00,,,,,,,1533.0,1533.0,,,0.0,,,0.0
2025-12-10 17:00:00,,,,,,,1529.0,1529.0,,,0.0,,,0.0
2025-12-10 18:00:00,,,,,,,1533.0,1533.0,,,0.0,,,0.0
2025-12-10 19:00:00,,,,,,,1529.0,1529.0,,,0.0,,,0.0
2025-12-10 20:00:00,,,,,,,1533.0,1533.0,,,0.0,,,0.0
2025-12-10 21:00:00,,,,,,,1273.0,1273.0,,,0.0,,,0.0
2025-12-10 22:00:00,,,,,,,1533.0,1533.0,,,0.0,,,0.0
2025-12-10 23:00:00,,,,,,,1533.0,1533.0,,,0.0,,,0.0
2025-12-11 00:00:00,,,,,,,1529.0,1529.0,,,0.0,,,0.0
2025-12-11 01:00:00,,,,,,,1533.0,1533.0,,,0.0,,,0.0
2025-12-11 02:00:00,,,,,,,1533.0,1533.0,,,0.0,,,0.0
2025-12-11 03:00:00,,,,,,,1533.0,1533.0,,,0.0,,,0.0
2025-12-11 04:00:00,,,,,,,1273.0,1273.0,,,0.0,,,0.0
2025-12-11 05:00:00,,,,,,,1533.0,1533.0,,,0.0,,,0.0
2025-12-11 06:00:00,,,,,,,1533.0,1533.0,,,0.0,,,0.0
2025-12-11 07:00:00,,,,,,,1533.0,1533.0,,,0.0,,,0.0
2025-12-11 08:00:00,,,,,,,509.0,509.0,,,0.0,,,0.0
2025-12-11 09:00:00,,,,,,,509.0,509.0,,,0.0,,,0.0
2025-12-11 10:00:00,,,,,,,509.0,509.0,,,0.0,,,0.0
2025-12-11 11:00:00,,,,,,,509.0,509.0,,,0.0,,,0.0
2025-12-11 12:00:00,,,,,,,509.0,509.0,,,0.0,,,0.0
2025-12-11 13:00:00,,,,,,,509.0,509.0,,,0.0,,,0.0
2025-12-11 14:00:00,,,,,,,509.0,509.0,,,0.0,,,0.0
2025-12-11 15:00:00,,,,,,,509.0,509.0,,,0.0,,,0.0
2025-12-11 16:00:00,,,,,,,1533.0,1533.0,,,0.0,,,0.0
2025-12-11 17:00:00,,,,,,,1273.0,1273.0,,,0.0,,,0.0
2025-12-11 18:00:00,,,,,,,1273.0,1273.0,,,0.0,,,0.0
2025-12-11 19:00:00,,,,,,,1533.0,1533.0,,,0.0,,,0.0
2025-12-11 20:00:00,,,,,,,1533.0,1533.0,,,0.0,,,0.0
2025-12-11 21:00:00,,,,,,,1529.0,1529.0,,,0.0,,,0.0
2025-12-11 22:00:00,,,,,,,1533.0,1533.0,,,0.0,,,0.0
2025-12-11 23:00:00,,,,,,,1273.0,1273.0,,,0.0,,,0.0
2025-12-12 00:00:00,,,,,,,1529.0,1529.0,,,0.0,,,0.0
2025-12-12 01:00:00,,,,,,,1529.0,1529.0,,,0.0,,,0.0
2025-12-12 02:00:00,,,,,,,1529.0,1529.0,,,0.0,,,0.0
2025-12-12 03:00:00,,,,,,,1273.0,1273.0,,,0.0,,,0.0
2025-12-12 04:00:00,,,,,,,1273.0,1273.0,,,0.0,,,0.0
2025-12-12 05:00:00,,,,,,,1273.0,1273.0,,,0.0,,,0.0
2025-12-12 06:00:00,,,,,,,1273.0,1273.0,,,0.0,,,0.0
2025-12-12 07:00:00,,,,,,,1533.0,1533.0,,,0.0,,,0.0
2025-12-12 08:00:00,,,,,,,509.0,509.0,,,0.0,,,0.0
2025-12-12 09:00:00,,,,,,,509.0,509.0,,,0.0,,,0.0
2025-12-12 10:00:00,,,,,,,509.0,509.0,,,0.0,,,0.0
2025-12-12 11:00:00,,,,,,,509.0,509.0,,,0.0,,,0.0
2025-12-12 12:00:00,,,,,,,509.0,509.0,,,0.0,,,0.0
2025-12-12 13:00:00,,,,,,,509.0,509.0,,,0.0,,,0.0
2025-12-12 14:00:00,,,,,,,509.0,509.0,,,0.0,,,0.0
2025-12-12 15:00:00,,,,,,,509.0,509.0,,,0.0,,,0.0
2025-12-12 16:00:00,,,,,,,1533.0,1533.0,,,0.0,,,0.0
2025-12-12 17:00:00,,,,,,,1273.0,1273.0,,,0.0,,,0.0
2025-12-12 18:00:00,,,,,,,1273.0,1273.0,,,0.0,,,0.0
2025-12-12 19:00:00,,,,,,,1273.0,1273.0,,,0.0,,,0.0
2025-12-12 20:00:00,,,,,,,1273.0,1273.0,,,0.0,,,0.0
2025-12-12 21:00:00,,,,,,,1273.0,1273.0,,,0.0,,,0.0
2025-12-12 22:00:00,,,,,,,1529.0,1529.0,,,0.0,,,0.0
2025-12-12 23:00:00,,,,,,,1273.0,1273.0,,,0.0,,,0.0
2025-12-13 00:00:00,,,,,,,1533.0,1533.0,,,0.0,,,0.0
2025-12-13 01:00:00,,,,,,,1529.0,1529.0,,,0.0,,,0.0
2025-12-13 02:00:00,,,,,,,1529.0,1529.0,,,0.0,,,0.0
2025-12-13 03:00:00,,,,,,,1533.0,1533.0,,,0.0,,,0.0
2025-12-13 04:00:00,,,,,,,1533.0,1533.0,,,0.0,,,0.0
2025-12-13 05:00:00,,,,,,,1533.0,1533.0,,,0.0,,,0.0
2025-12-13 06:00:00,,,,,,,1529.0,1529.0,,,0.0,,,0.0
2025-12-13 07:00:00,,,,,,,1529.0,1529.0,,,0.0,,,0.0
2025-12-13 08:00:00,,,,,,,509.0,509.0,,,0.0,,,0.0
2025-12-13 09:00:00,,,,,,,509.0,509.0,,,0.0,,,0.0
2025-12-13 10:00:00,,,,,,,509.0,509.0,,,0.0,,,0.0
2025-12-13 11:00:00,,,,,,,509.0,509.0,,,0.0,,,0.0
2025-12-13 12:00:00,,,,,,,509.0,509.0,,,0.0,,,0.0
2025-12-13 13:00:00,,,,,,,509.0,509.0,,,0.0,,,0.0
2025-12-13 14:00:00,,,,,,,509.0,509.0,,,0.0,,,0.0
2025-12-13 15:00:00,,,,,,,509.0,509.0,,,0.0,,,0.0
2025-12-13 16:00:00,,,,,,,1533.0,1533.0,,,0.0,,,0.0
2025-12-13 17:00:00,,,,,,,1273.0,1273.0,,,0.0,,,0.0
2025-12-13 18:00:00,,,,,,,1273.0,1273.0,,,0.0,,,0.0
2025-12-13 19:00:00,,,,,,,1273.0,1273.0,,,0.0,,,0.0
2025-12-13 20:00:00,,,,,,,1273.0,1273.0,,,0.0,,,0.0
2025-12-13 21:00:00,,,,,,,1529.0,1529.0,,,0.0,,,0.0
2025-12-13 22:00:00,,,,,,,1529.0,1529.0,,,0.0,,,0.0
2025-12-13 23:00:00,,,,,,,1529.0,1529.0,,,0.0,,,0.0
2025-12-14 00:00:00,,,,,,,1529.0,1529.0,,,0.0,,,0.0
2025-12-14 01:00:00,,,,,,,1533.0,1533.0,,,0.0,,,0.0
2025-12-14 02:00:00,,,,,,,1529.0,1529.0,,,0.0,,,0.0
2025-12-14 03:00:00,,,,,,,1533.0,1533.0,,,0.0,,,0.0
2025-12-14 04:00:00,,,,,,,1533.0,1533.0,,,0.0,,,0.0
2025-12-14 05:00:00,,,,,,,1529.0,1529.0,,,0.0,,,0.0
2025-12-14 06:00:00,,,,,,,1529.0,1529.0,,,0.0,,,0.0
2025-12-14 07:00:00,,,,,,,1533.0,1533.0,,,0.0,,,0.0
2025-12-14 08:00:00,,,,,,,509.0,509.0,,,0.0,,,0.0
2025-12-14 09:00:00,,,,,,,509.0,509.0,,,0.0,,,0.0
2025-12-14 10:00:00,,,,,,,509.0,509.0,,,0.0,,,0.0
2025-12-14 11:00:00,,,,,,,509.0,509.0,,,0.0,,,0.0
2025-12-14 12:00:00,,,,,,,509.0,509.0,,,0.0,,,0.0
2025-12-14 13:00:00,,,,,,,509.0,509.0,,,0.0,,,0.0
2025-12-14 14:00:00,,,,,,,509.0,509.0,,,0.0,,,0.0
2025-12-14 15:00:00,,,,,,,509.0,509.0,,,0.0,,,0.0
2025-12-14 16:00:00,,,,,,,1533.0,1533.0,,,0.0,,,0.0
2025-12-14 17:00:00,,,,,,,1273.0,1273.0,,,0.0,,,0.0
2025-12-14 18:00:00,,,,,,,1273.0,1273.0,,,0.0,,,0.0
2025-12-14 19:00:00,,,,,,,1273.0,1273.0,,,0.0,,,0.0
2025-12-14 20:00:00,,,,,,,1273.0,1273.0,,,0.0,,,0.0
2025-12-14 21:00:00,,,,,,,1529.0,1529.0,,,0.0,,,0.0
2025-12-14 22:00:00,,,,,,,1529.0,1529.0,,,0.0,,,0.0
2025-12-14 23:00:00,,,,,,,1273.0,1273.0,,,0.0,,,0.0
2025-12-15 00:00:00,,,,,,,1273.0,1273.0,,,0.0,,,0.0
2025-12-15 01:00:00,,,,,,,1529.0,1529.0,,,0.0,,,0.0
2025-12-15 02:00:00,,,,,,,1533.0,1533.0,,,0.0,,,0.0
2025-12-15 03:00:00,,,,,,,1273.0,1273.0,,,0.0,,,0.0
2025-12-15 04:00:00,,,,,,,1533.0,1533.0,,,0.0,,,0.0
2025-12-15 05:00:00,,,,,,,1533.0,1533.0,,,0.0,,,0.0
2025-12-15 06:00:00,,,,,,,1533.0,1533.0,,,0.0,,,0.0
2025-12-15 07:00:00,,,,,,,1533.0,1533.0,,,0.0,,,0.0
2025-12-15 08:00:00,,,,,,,509.0,509.0,,,0.0,,,0.0
2025-12-15 09:00:00,,,,,,,509.0,509.0,,,0.0,,,0.0
2025-12-15 10:00:00,,,,,,,509.0,509.0,,,0.0,,,0.0
2025-12-15 11:00:00,,,,,,,509.0,509.0,,,0.0,,,0.0
2025-12-15 12:00:00,,,,,,,509.0,509.0,,,0.0,,,0.0
2025-12-15 13:00:00,,,,,,,509.0,509.0,,,0.0,,,0.0
2025-12-15 14:00:00,,,,,,,509.0,509.0,,,0.0,,,0.0
2025-12-15 15:00:00,,,,,,,509.0,509.0,,,0.0,,,0.0
2025-12-15 16:00:00,,,,,,,1533.0,1533.0,,,0.0,,,0.0
2025-12-15 17:00:00,,,,,,,1273.0,1273.0,,,0.0,,,0.0
2025-12-15 18:00:00,,,,,,,1273.0,1273.0,,,0.0,,,0.0
2025-12-15 19:00:00,,,,,,,1273.0,1273.0,,,0.0,,,0.0
2025-12-15 20:00:00,,,,,,,1273.0,1273.0,,,0.0,,,0.0
2025-12-15 21:00:00,,,,,,,1273.0,1273.0,,,0.0,,,0.0
2025-12-15 22:00:00,,,,,,,1273.0,1273.0,,,0.0,,,0.0
2025-12-15 23:00:00,,,,,,,1273.0,1273.0,,,0.0,,,0.0
2025-12-16 00:00:00,,,,,,,1273.0,1273.0,,,0.0,,,0.0
2025-12-16 01:00:00,,,,,,,1529.0,1529.0,,,0.0,,,0.0
2025-12-16 02:00:00,,,,,,,1273.0,1273.0,,,0.0,,,0.0
2025-12-16 03:00:00,,,,,,,1529.0,1529.0,,,0.0,,,0.0
2025-12-16 04:00:00,,,,,,,1529.0,1529.0,,,0.0,,,0.0
2025-12-16 05:00:00,,,,,,,1273.0,1273.0,,,0.0,,,0.0
2025-12-16 06:00:00,,,,,,,1533.0,1533.0,,,0.0,,,0.0
2025-12-16 07:00:00,,,,,,,1533.0,1533.0,,,0.0,,,0.0
2025-12-16 08:00:00,,,,,,,505.0,504.0,1.5618,0.0,1.0,0.14789999,0.0,1.0
2025-12-16 09:00:00,,,,,,,505.0,505.0,,,0.0,,,0.0
2025-12-16 10:00:00,,,,,,,509.0,509.0,,,0.0,,,0.0
2025-12-16 11:00:00,,0.0,,3.2768,,0.0001,248.0,0.0,,,0.0,,,0.0
2025-12-16 12:00:00,,,,,,,509.0,509.0,,,0.0,,,0.0
2025-12-16 13:00:00,,,,,,,509.0,509.0,,,0.0,,,0.0
2025-12-16 14:00:00,,,,,,,509.0,509.0,,,0.0,,,0.0
2025-12-16 15:00:00,,,,,,,509.0,509.0,,,0.0,,,0.0
2025-12-16 16:00:00,,,,,,,1533.0,1533.0,,,0.0,,,0.0
2025-12-16 17:00:00,,,,,,,1533.0,1533.0,,,0.0,,,0.0
2025-12-16 18:00:00,,,,,,,1529.0,1529.0,,,0.0,,,0.0
2025-12-16 19:00:00,,,,,,,1533.0,1533.0,,,0.0,,,0.0
2025-12-16 20:00:00,,,,,,,1273.0,1273.0,,,0.0,,,0.0
2025-12-16 21:00:00,,,,,,,1273.0,1273.0,,,0.0,,,0.0
2025-12-16 22:00:00,,,,,,,1273.0,1273.0,,,0.0,,,0.0
2025-12-16 23:00:00,,,,,,,1273.0,1273.0,,,0.0,,,0.0
2025-12-17 00:00:00,,,,,,,1273.0,1273.0,,,0.0,,,0.0
2025-12-17 01:00:00,,,,,,,1529.0,1529.0,,,0.0,,,0.0
2025-12-17 02:00:00,,,,,,,1533.0,1533.0,,,0.0,,,0.0
2025-12-17 03:00:00,,,,,,,1533.0,1533.0,,,0.0,,,0.0
2025-12-17 04:00:00,,,,,,,1529.0,1529.0,,,0.0,,,0.0
2025-12-17 05:00:00,,,,,,,1273.0,1273.0,,,0.0,,,0.0
2025-12-17 06:00:00,,,,,,,1533.0,1533.0,,,0.0,,,0.0
2025-12-17 07:00:00,,,,,,,1533.0,1533.0,,,0.0,,,0.0
2025-12-17 08:00:00,,,,,,,509.0,509.0,,,0.0,,,0.0
2025-12-17 09:00:00,,,,,,,509.0,509.0,,,0.0,,,0.0
2025-12-17 10:00:00,,,,,,,509.0,509.0,,,0.0,,,0.0
2025-12-17 11:00:00,,,,,,,509.0,509.0,,,0.0,,,0.0
2025-12-17 12:00:00,,,,,,,509.0,509.0,,,0.0,,,0.0
2025-12-17 13:00:00,,,,,,,509.0,509.0,,,0.0,,,0.0
2025-12-17 14:00:00,,,,,,,509.0,509.0,,,0.0,,,0.0
2025-12-17 15:00:00,,,,,,,509.0,509.0,,,0.0,,,0.0
2025-12-17 16:00:00,,,,,,,1533.0,1533.0,,,0.0,,,0.0
2025-12-17 17:00:00,,,,,,,1273.0,1273.0,,,0.0,,,0.0
2025-12-17 18:00:00,,,,,,,1533.0,1533.0,,,0.0,,,0.0
2025-12-17 19:00:00,,,,,,,1533.0,1533.0,,,0.0,,,0.0
2025-12-17 20:00:00,,,,,,,1529.0,1529.0,,,0.0,,,0.0
2025-12-17 21:00:00,,,,,,,1529.0,1529.0,,,0.0,,,0.0
2025-12-17 22:00:00,,,,,,,1529.0,1529.0,,,0.0,,,0.0
2025-12-17 23:00:00,,,,,,,1273.0,1273.0,,,0.0,,,0.0
2025-12-18 00:00:00,,,,,,,1529.0,1529.0,,,0.0,,,0.0
2025-12-18 01:00:00,,,,,,,1533.0,1533.0,,,0.0,,,0.0
2025-12-18 02:00:00,,,,,,,1273.0,1273.0,,,0.0,,,0.0
2025-12-18 03:00:00,,,,,,,1529.0,1529.0,,,0.0,,,0.0
2025-12-18 04:00:00,,,,,,,1533.0,1533.0,,,0.0,,,0.0
2025-12-18 05:00:00,,,,,,,1533.0,1533.0,,,0.0,,,0.0
2025-12-18 06:00:00,,,,,,,1273.0,1273.0,,,0.0,,,0.0
2025-12-18 08:00:00,,,,,,,509.0,509.0,,,0.0,,,0.0
2025-12-18 09:00:00,,,,,,,509.0,509.0,,,0.0,,,0.0
2025-12-18 10:00:00,,,,,,,509.0,509.0,,,0.0,,,0.0
2025-12-18 11:00:00,,,,,,,509.0,509.0,,,0.0,,,0.0
2025-12-18 12:00:00,,,,,,,509.0,509.0,,,0.0,,,0.0
2025-12-18 13:00:00,,,,,,,509.0,509.0,,,0.0,,,0.0
2025-12-18 14:00:00,,,,,,,509.0,509.0,,,0.0,,,0.0
2025-12-18 15:00:00,,,,,,,509.0,509.0,,,0.0,,,0.0
2025-12-18 16:00:00,,,,,,,1533.0,1533.0,,,0.0,,,0.0
2025-12-18 17:00:00,,,,,,,1529.0,1529.0,,,0.0,,,0.0
2025-12-18 18:00:00,,,,,,,1529.0,1529.0,,,0.0,,,0.0
2025-12-18 19:00:00,,,,,,,1273.0,1273.0,,,0.0,,,0.0
2025-12-18 20:00:00,,,,,,,1273.0,1273.0,,,0.0,,,0.0
2025-12-18 21:00:00,,,,,,,1273.0,1273.0,,,0.0,,,0.0
2025-12-18 22:00:00,,,,,,,1529.0,1529.0,,,0.0,,,0.0
2025-12-18 23:00:00,,,,,,,1273.0,1273.0,,,0.0,,,0.0
2025-12-19 00:00:00,,,,,,,1533.0,1533.0,,,0.0,,,0.0
2025-12-19 01:00:00,,,,,,,1533.0,1533.0,,,0.0,,,0.0
2025-12-19 02:00:00,,,,,,,1533.0,1533.0,,,0.0,,,0.0
2025-12-19 03:00:00,,,,,,,1533.0,1533.0,,,0.0,,,0.0
2025-12-19 04:00:00,,,,,,,1533.0,1533.0,,,0.0,,,0.0
2025-12-19 05:00:00,,,,,,,1273.0,1273.0,,,0.0,,,0.0
2025-12-19 06:00:00,,,,,,,1533.0,1533.0,,,0.0,,,0.0
2025-12-19 07:00:00,,,,,,,1533.0,1533.0,,,0.0,,,0.0
2025-12-19 08:00:00,,,,,,,509.0,509.0,,,0.0,,,0.0
2025-12-19 09:00:00,,,,,,,509.0,509.0,,,0.0,,,0.0
2025-12-19 10:00:00,,,,,,,509.0,509.0,,,0.0,,,0.0
2025-12-19 11:00:00,,,,,,,509.0,509.0,,,0.0,,,0.0
2025-12-19 12:00:00,,,,,,,509.0,509.0,,,0.0,,,0.0
2025-12-19 13:00:00,,,,,,,509.0,509.0,,,0.0,,,0.0
2025-12-19 14:00:00,,,,,,,509.0,509.0,,,0.0,,,0.0
2025-12-19 15:00:00,,,,,,,509.0,509.0,,,0.0,,,0.0
2025-12-19 16:00:00,,,,,,,1533.0,1533.0,,,0.0,,,0.0
2025-12-19 17:00:00,,,,,,,1273.0,1273.0,,,0.0,,,0.0
2025-12-19 18:00:00,,,,,,,1533.0,1533.0,,,0.0,,,0.0
2025-12-19 19:00:00,,,,,,,1533.0,1533.0,,,0.0,,,0.0
2025-12-19 20:00:00,,,,,,,1533.0,1533.0,,,0.0,,,0.0
2025-12-19 21:00:00,,,,,,,1273.0,1273.0,,,0.0,,,0.0
2025-12-19 22:00:00,,,,,,,1273.0,1273.0,,,0.0,,,0.0
2025-12-19 23:00:00,,,,,,,1273.0,1273.0,,,0.0,,,0.0
2025-12-20 00:00:00,,,,,,,1273.0,1273.0,,,0.0,,,0.0
2025-12-20 01:00:00,,,,,,,1533.0,1533.0,,,0.0,,,0.0
2025-12-20 02:00:00,,,,,,,1273.0,1273.0,,,0.0,,,0.0
2025-12-20 03:00:00,,,,,,,1533.0,1533.0,,,0.0,,,0.0
2025-12-20 04:00:00,,,,,,,1533.0,1533.0,,,0.0,,,0.0
2025-12-20 05:00:00,,,,,,,1529.0,1529.0,,,0.0,,,0.0
2025-12-20 06:00:00,,,,,,,1533.0,1533.0,,,0.0,,,0.0
2025-12-20 07:00:00,,,,,,,1533.0,1533.0,,,0.0,,,0.0
2025-12-20 08:00:00,,,,,,,509.0,509.0,,,0.0,,,0.0
2025-12-20 09:00:00,,,,,,,509.0,509.0,,,0.0,,,0.0
2025-12-20 10:00:00,,,,,,,509.0,509.0,,,0.0,,,0.0
2025-12-20 11:00:00,,,,,,,509.0,509.0,,,0.0,,,0.0
2025-12-20 12:00:00,,,,,,,509.0,509.0,,,0.0,,,0.0
2025-12-20 13:00:00,,,,,,,509.0,509.0,,,0.0,,,0.0
2025-12-20 14:00:00,,,,,,,509.0,509.0,,,0.0,,,0.0
2025-12-20 15:00:00,,,,,,,509.0,509.0,,,0.0,,,0.0
2025-12-20 16:00:00,,,,,,,1533.0,1533.0,,,0.0,,,0.0
2025-12-20 17:00:00,,,,,,,1529.0,1529.0,,,0.0,,,0.0
2025-12-20 18:00:00,,,,,,,1533.0,1533.0,,,0.0,,,0.0
2025-12-20 19:00:00,,,,,,,1529.0,1529.0,,,0.0,,,0.0
2025-12-20 20:00:00,,,,,,,1529.0,1529.0,,,0.0,,,0.0
2025-12-20 21:00:00,,,,,,,1533.0,1533.0,,,0.0,,,0.0
2025-12-20 22:00:00,,,,,,,1533.0,1533.0,,,0.0,,,0.0
2025-12-20 23:00:00,,,,,,,1273.0,1273.0,,,0.0,,,0.0
2025-12-21 00:00:00,,,,,,,1529.0,1529.0,,,0.0,,,0.0
2025-12-21 01:00:00,,,,,,,1529.0,1529.0,,,0.0,,,0.0
2025-12-21 02:00:00,,,,,,,1533.0,1533.0,,,0.0,,,0.0
2025-12-21 03:00:00,,,,,,,1533.0,1533.0,,,0.0,,,0.0
2025-12-21 04:00:00,,,,,,,1533.0,1533.0,,,0.0,,,0.0
2025-12-21 05:00:00,,,,,,,1533.0,1533.0,,,0.0,,,0.0
2025-12-21 06:00:00,,,,,,,1529.0,1529.0,,,0.0,,,0.0
2025-12-21 07:00:00,,,,,,,1533.0,1533.0,,,0.0,,,0.0
2025-12-21 08:00:00,,,,,,,509.0,509.0,,,0.0,,,0.0
2025-12-21 09:00:00,,,,,,,509.0,509.0,,,0.0,,,0.0
2025-12-21 10:00:00,,,,,,,509.0,509.0,,,0.0,,,0.0
2025-12-21 11:00:00,,,,,,,509.0,509.0,,,0.0,,,0.0
2025-12-21 12:00:00,,,,,,,509.0,509.0,,,0.0,,,0.0
2025-12-21 13:00:00,,,,,,,509.0,509.0,,,0.0,,,0.0
2025-12-21 14:00:00,,,,,,,509.0,509.0,,,0.0,,,0.0
2025-12-21 15:00:00,,,,,,,509.0,509.0,,,0.0,,,0.0
2025-12-21 16:00:00,,,,,,,1533.0,1533.0,,,0.0,,,0.0
2025-12-21 17:00:00,,,,,,,1273.0,1273.0,,,0.0,,,0.0
2025-12-21 18:00:00,,,,,,,1273.0,1273.0,,,0.0,,,0.0
2025-12-21 19:00:00,,,,,,,1529.0,1529.0,,,0.0,,,0.0
2025-12-21 20:00:00,,,,,,,1529.0,1529.0,,,0.0,,,0.0
2025-12-21 21:00:00,,,,,,,1529.0,1529.0,,,0.0,,,0.0
2025-12-21 22:00:00,,,,,,,1533.0,1533.0,,,0.0,,,0.0
2025-12-21 23:00:00,,,,,,,1529.0,1529.0,,,0.0,,,0.0
2025-12-22 00:00:00,,,,,,,1529.0,1529.0,,,0.0,,,0.0
2025-12-22 01:00:00,,,,,,,1273.0,1273.0,,,0.0,,,0.0
2025-12-22 02:00:00,,,,,,,1529.0,1529.0,,,0.0,,,0.0
2025-12-22 03:00:00,,,,,,,1529.0,1529.0,,,0.0,,,0.0
2025-12-22 04:00:00,,,,,,,1529.0,1529.0,,,0.0,,,0.0
2025-12-22 05:00:00,,,,,,,1273.0,1273.0,,,0.0,,,0.0
2025-12-22 06:00:00,,,,,,,1533.0,1533.0,,,0.0,,,0.0
2025-12-22 07:00:00,,,,,,,1533.0,1533.0,,,0.0,,,0.0
2025-12-22 08:00:00,,,,,,,509.0,509.0,,,0.0,,,0.0
2025-12-22 09:00:00,,,,,,,509.0,509.0,,,0.0,,,0.0
2025-12-22 10:00:00,,,,,,,509.0,509.0,,,0.0,,,0.0
2025-12-22 11:00:00,,,,,,,509.0,509.0,,,0.0,,,0.0
2025-12-22 12:00:00,,,,,,,509.0,509.0,,,0.0,,,0.0
2025-12-22 13:00:00,,,,,,,509.0,509.0,,,0.0,,,0.0
2025-12-22 14:00:00,,,,,,,509.0,509.0,,,0.0,,,0.0
2025-12-22 15:00:00,,,,,,,509.0,509.0,,,0.0,,,0.0
2025-12-22 16:00:00,,,,,,,1533.0,1533.0,,,0.0,,,0.0
2025-12-22 17:00:00,,,,,,,1533.0,1533.0,,,0.0,,,0.0
2025-12-22 18:00:00,,,,,,,1533.0,1533.0,,,0.0,,,0.0
2025-12-22 19:00:00,,,,,,,1533.0,1533.0,,,0.0,,,0.0
2025-12-22 20:00:00,,,,,,,1273.0,1273.0,,,0.0,,,0.0
2025-12-22 21:00:00,,,,,,,1529.0,1529.0,,,0.0,,,0.0
2025-12-22 22:00:00,,,,,,,1533.0,1533.0,,,0.0,,,0.0
2025-12-22 23:00:00,,,,,,,1529.0,1529.0,,,0.0,,,0.0
2025-12-23 00:00:00,,,,,,,1529.0,1529.0,,,0.0,,,0.0
2025-12-23 01:00:00,,,,,,,1529.0,1529.0,,,0.0,,,0.0
2025-12-23 02:00:00,,,,,,,1529.0,1529.0,,,0.0,,,0.0
2025-12-23 03:00:00,,,,,,,1273.0,1273.0,,,0.0,,,0.0
2025-12-23 04:00:00,,,,,,,1273.0,1273.0,,,0.0,,,0.0
2025-12-23 05:00:00,,,,,,,1533.0,1533.0,,,0.0,,,0.0
2025-12-23 06:00:00,,,,,,,1529.0,1529.0,,,0.0,,,0.0
2025-12-23 07:00:00,,,,,,,1533.0,1533.0,,,0.0,,,0.0
2025-12-23 08:00:00,,,,,,,509.0,509.0,,,0.0,,,0.0
2025-12-23 09:00:00,,,,,,,509.0,509.0,,,0.0,,,0.0
2025-12-23 10:00:00,,,,,,,509.0,509.0,,,0.0,,,0.0
2025-12-23 11:00:00,,,,,,,509.0,509.0,,,0.0,,,0.0
2025-12-23 12:00:00,,,,,,,509.0,509.0,,,0.0,,,0.0
2025-12-23 13:00:00,,,,,,,509.0,509.0,,,0.0,,,0.0
2025-12-23 14:00:00,,,,,,,509.0,509.0,,,0.0,,,0.0
2025-12-23 15:00:00,,,,,,,509.0,509.0,,,0.0,,,0.0
2025-12-23 16:00:00,,,,,,,1533.0,1533.0,,,0.0,,,0.0
2025-12-23 17:00:00,,,,,,,1529.0,1529.0,,,0.0,,,0.0
2025-12-23 18:00:00,,,,,,,1529.0,1529.0,,,0.0,,,0.0
2025-12-23 19:00:00,,,,,,,1273.0,1273.0,,,0.0,,,0.0
2025-12-23 20:00:00,,,,,,,1529.0,1529.0,,,0.0,,,0.0
2025-12-23 21:00:00,,,,,,,1273.0,1273.0,,,0.0,,,0.0
2025-12-23 22:00:00,,,,,,,1529.0,1529.0,,,0.0,,,0.0
2025-12-23 23:00:00,,,,,,,1529.0,1529.0,,,0.0,,,0.0
2025-12-24 00:00:00,,,,,,,1529.0,1529.0,,,0.0,,,0.0
2025-12-24 01:00:00,,,,,,,1273.0,1273.0,,,0.0,,,0.0
2025-12-24 02:00:00,,,,,,,1273.0,1273.0,,,0.0,,,0.0
2025-12-24 03:00:00,,,,,,,1529.0,1529.0,,,0.0,,,0.0
2025-12-24 04:00:00,,,,,,,1529.0,1529.0,,,0.0,,,0.0
2025-12-24 05:00:00,,,,,,,1529.0,1529.0,,,0.0,,,0.0
2025-12-24 06:00:00,,,,,,,1529.0,1529.0,,,0.0,,,0.0
2025-12-24 07:00:00,,,,,,,1533.0,1533.0,,,0.0,,,0.0
2025-12-24 08:00:00,,,,,,,509.0,509.0,,,0.0,,,0.0
2025-12-24 09:00:00,,,,,,,509.0,509.0,,,0.0,,,0.0
2025-12-24 10:00:00,,,,,,,509.0,509.0,,,0.0,,,0.0
2025-12-24 11:00:00,,,,,,,509.0,509.0,,,0.0,,,0.0
2025-12-24 12:00:00,,,,,,,509.0,509.0,,,0.0,,,0.0
2025-12-24 13:00:00,,,,,,,509.0,509.0,,,0.0,,,0.0
2025-12-24 14:00:00,,,,,,,509.0,509.0,,,0.0,,,0.0
2025-12-24 15:00:00,,,,,,,509.0,509.0,,,0.0,,,0.0
2025-12-24 16:00:00,,,,,,,1533.0,1533.0,,,0.0,,,0.0
2025-12-24 17:00:00,,,,,,,1529.0,1529.0,,,0.0,,,0.0
2025-12-24 18:00:00,,,,,,,1273.0,1273.0,,,0.0,,,0.0
2025-12-24 19:00:00,,,,,,,1273.0,1273.0,,,0.0,,,0.0
2025-12-24 20:00:00,,,,,,,1529.0,1529.0,,,0.0,,,0.0
2025-12-24 21:00:00,,,,,,,1273.0,1273.0,,,0.0,,,0.0
2025-12-24 22:00:00,,,,,,,1273.0,1273.0,,,0.0,,,0.0
2025-12-24 23:00:00,,,,,,,1273.0,1273.0,,,0.0,,,0.0
2025-12-25 00:00:00,,,,,,,1529.0,1529.0,,,0.0,,,0.0
2025-12-25 01:00:00,,,,,,,1529.0,1529.0,,,0.0,,,0.0
2025-12-25 02:00:00,,,,,,,1533.0,1533.0,,,0.0,,,0.0
2025-12-25 03:00:00,,,,,,,1533.0,1533.0,,,0.0,,,0.0
2025-12-25 04:00:00,,,,,,,1273.0,1273.0,,,0.0,,,0.0
2025-12-25 05:00:00,,,,,,,1273.0,1273.0,,,0.0,,,0.0
2025-12-25 06:00:00,,,,,,,1529.0,1529.0,,,0.0,,,0.0
2025-12-25 07:00:00,,,,,,,1533.0,1533.0,,,0.0,,,0.0
2025-12-25 08:00:00,,,,,,,509.0,509.0,,,0.0,,,0.0
2025-12-25 09:00:00,,,,,,,509.0,509.0,,,0.0,,,0.0
2025-12-25 10:00:00,,,,,,,509.0,509.0,,,0.0,,,0.0
2025-12-25 11:00:00,,,,,,,509.0,509.0,,,0.0,,,0.0
2025-12-25 12:00:00,,,,,,,509.0,509.0,,,0.0,,,0.0
2025-12-25 13:00:00,,,,,,,509.0,509.0,,,0.0,,,0.0
2025-12-25 14:00:00,,,,,,,509.0,509.0,,,0.0,,,0.0
2025-12-25 15:00:00,,,,,,,509.0,509.0,,,0.0,,,0.0
2025-12-25 16:00:00,,,,,,,1533.0,1533.0,,,0.0,,,0.0
2025-12-25 17:00:00,,,,,,,1273.0,1273.0,,,0.0,,,0.0
2025-12-25 18:00:00,,,,,,,1273.0,1273.0,,,0.0,,,0.0
2025-12-25 19:00:00,,,,,,,1273.0,1273.0,,,0.0,,,0.0
2025-12-25 20:00:00,,,,,,,1273.0,1273.0,,,0.0,,,0.0
2025-12-25 21:00:00,,,,,,,1273.0,1273.0,,,0.0,,,0.0
2025-12-25 22:00:00,,,,,,,1533.0,1533.0,,,0.0,,,0.0
2025-12-25 23:00:00,,,,,,,1273.0,1273.0,,,0.0,,,0.0
2025-12-26 00:00:00,,,,,,,1273.0,1273.0,,,0.0,,,0.0
2025-12-26 01:00:00,,,,,,,1273.0,1273.0,,,0.0,,,0.0
2025-12-26 02:00:00,,,,,,,1273.0,1273.0,,,0.0,,,0.0
2025-12-26 03:00:00,,,,,,,1273.0,1273.0,,,0.0,,,0.0
2025-12-26 04:00:00,,,,,,,1529.0,1529.0,,,0.0,,,0.0
2025-12-26 05:00:00,,,,,,,1529.0,1529.0,,,0.0,,,0.0
2025-12-26 06:00:00,,,,,,,1273.0,1273.0,,,0.0,,,0.0
2025-12-26 07:00:00,,,,,,,1533.0,1533.0,,,0.0,,,0.0
2025-12-26 08:00:00,,,,,,,509.0,509.0,,,0.0,,,0.0
2025-12-26 09:00:00,,,,,,,509.0,509.0,,,0.0,,,0.0
2025-12-26 10:00:00,,,,,,,509.0,509.0,,,0.0,,,0.0
2025-12-26 11:00:00,,,,,,,509.0,509.0,,,0.0,,,0.0
2025-12-26 12:00:00,,,,,,,509.0,509.0,,,0.0,,,0.0
2025-12-26 13:00:00,,,,,,,509.0,509.0,,,0.0,,,0.0
2025-12-26 14:00:00,,,,,,,509.0,509.0,,,0.0,,,0.0
2025-12-26 15:00:00,,,,,,,509.0,509.0,,,0.0,,,0.0
2025-12-26 16:00:00,,,,,,,1533.0,1533.0,,,0.0,,,0.0
2025-12-26 17:00:00,,,,,,,1273.0,1273.0,,,0.0,,,0.0
2025-12-26 18:00:00,,,,,,,1273.0,1273.0,,,0.0,,,0.0
2025-12-26 19:00:00,,,,,,,1273.0,1273.0,,,0.0,,,0.0
2025-12-26 20:00:00,,,,,,,1529.0,1529.0,,,0.0,,,0.0
2025-12-26 21:00:00,,,,,,,1529.0,1529.0,,,0.0,,,0.0
2025-12-26 22:00:00,,,,,,,1529.0,1529.0,,,0.0,,,0.0
2025-12-26 23:00:00,,,,,,,1533.0,1533.0,,,0.0,,,0.0
2025-12-27 00:00:00,,,,,,,1273.0,1273.0,,,0.0,,,0.0
2025-12-27 01:00:00,,,,,,,1273.0,1273.0,,,0.0,,,0.0
2025-12-27 02:00:00,,,,,,,1533.0,1533.0,,,0.0,,,0.0
2025-12-27 03:00:00,,,,,,,1273.0,1273.0,,,0.0,,,0.0
2025-12-27 04:00:00,,,,,,,1529.0,1529.0,,,0.0,,,0.0
2025-12-27 05:00:00,,,,,,,1529.0,1529.0,,,0.0,,,0.0
2025-12-27 06:00:00,,,,,,,1529.0,1529.0,,,0.0,,,0.0
2025-12-27 07:00:00,,,,,,,1533.0,1533.0,,,0.0,,,0.0
2025-12-27 08:00:00,,,,,,,509.0,509.0,,,0.0,,,0.0
2025-12-27 09:00:00,,,,,,,509.0,509.0,,,0.0,,,0.0
2025-12-27 10:00:00,,,,,,,509.0,509.0,,,0.0,,,0.0
2025-12-27 11:00:00,,,,,,,509.0,509.0,,,0.0,,,0.0
2025-12-27 12:00:00,,,,,,,509.0,509.0,,,0.0,,,0.0
2025-12-27 13:00:00,,,,,,,509.0,509.0,,,0.0,,,0.0
2025-12-27 14:00:00,,,,,,,509.0,509.0,,,0.0,,,0.0
2025-12-27 15:00:00,,,,,,,509.0,509.0,,,0.0,,,0.0
2025-12-27 16:00:00,,,,,,,1533.0,1533.0,,,0.0,,,0.0
2025-12-27 17:00:00,,,,,,,1529.0,1529.0,,,0.0,,,0.0
2025-12-27 18:00:00,,,,,,,1533.0,1533.0,,,0.0,,,0.0
2025-12-27 19:00:00,,,,,,,1529.0,1529.0,,,0.0,,,0.0
2025-12-27 20:00:00,,,,,,,1533.0,1533.0,,,0.0,,,0.0
2025-12-27 21:00:00,,,,,,,1529.0,1529.0,,,0.0,,,0.0
2025-12-27 22:00:00,,,,,,,1529.0,1529.0,,,0.0,,,0.0
2025-12-27 23:00:00,,,,,,,1533.0,1533.0,,,0.0,,,0.0
2025-12-28 00:00:00,,,,,,,1273.0,1273.0,,,0.0,,,0.0
2025-12-28 01:00:00,,,,,,,1273.0,1273.0,,,0.0,,,0.0
2025-12-28 02:00:00,,,,,,,1529.0,1529.0,,,0.0,,,0.0
2025-12-28 03:00:00,,,,,,,1529.0,1529.0,,,0.0,,,0.0
2025-12-28 04:00:00,,,,,,,1533.0,1533.0,,,0.0,,,0.0
2025-12-28 05:00:00,,,,,,,1273.0,1273.0,,,0.0,,,0.0
2025-12-28 06:00:00,,,,,,,1529.0,1529.0,,,0.0,,,0.0
2025-12-28 07:00:00,,,,,,,1533.0,1533.0,,,0.0,,,0.0
2025-12-28 08:00:00,,,,,,,509.0,509.0,,,0.0,,,0.0
2025-12-28 09:00:00,,,,,,,509.0,509.0,0.593,0.0,1.0,1.1230999,0.0,1.0
2025-12-28 10:00:00,,,,,,,509.0,509.0,,,0.0,,,0.0
2025-12-28 11:00:00,,,,,,,509.0,509.0,,,0.0,,,0.0
2025-12-28 12:00:00,,,,,,,509.0,509.0,,,0.0,,,0.0
2025-12-28 13:00:00,,,,,,,509.0,509.0,,,0.0,,,0.0
2025-12-28 14:00:00,,,,,,,509.0,509.0,,,0.0,,,0.0
2025-12-28 15:00:00,,,,,,,509.0,509.0,,,0.0,,,0.0
2025-12-28 16:00:00,,,,,,,1533.0,1533.0,,,0.0,,,0.0
2025-12-28 17:00:00,,,,,,,1533.0,1533.0,,,0.0,,,0.0
2025-12-28 18:00:00,,,,,,,1533.0,1533.0,,,0.0,,,0.0
2025-12-28 19:00:00,,,,,,,1533.0,1533.0,,,0.0,,,0.0
2025-12-28 20:00:00,,,,,,,1273.0,1273.0,,,0.0,,,0.0
2025-12-28 21:00:00,,,,,,,1273.0,1273.0,,,0.0,,,0.0
2025-12-28 22:00:00,,,,,,,1273.0,1273.0,,,0.0,,,0.0
2025-12-28 23:00:00,,,,,,,1529.0,1529.0,,,0.0,,,0.0
2025-12-29 00:00:00,,,,,,,1273.0,1273.0,,,0.0,,,0.0
2025-12-29 01:00:00,,,,,,,1273.0,1273.0,,,0.0,,,0.0
2025-12-29 02:00:00,,,,,,,1273.0,1273.0,,,0.0,,,0.0
2025-12-29 03:00:00,,,,,,,1273.0,1273.0,,,0.0,,,0.0
2025-12-29 04:00:00,,,,,,,1273.0,1273.0,,,0.0,,,0.0
2025-12-29 05:00:00,,,,,,,1529.0,1529.0,,,0.0,,,0.0
2025-12-29 06:00:00,,,,,,,1529.0,1529.0,,,0.0,,,0.0
2025-12-29 07:00:00,,,,,,,1533.0,1533.0,,,0.0,,,0.0
2025-12-29 08:00:00,,,,,,,509.0,509.0,,,0.0,,,0.0
2025-12-29 09:00:00,,,,,,,509.0,509.0,,,0.0,,,0.0
2025-12-29 10:00:00,,,,,,,509.0,509.0,,,0.0,,,0.0
2025-12-29 11:00:00,,,,,,,509.0,509.0,,,0.0,,,0.0
2025-12-29 12:00:00,,,,,,,509.0,509.0,,,0.0,,,0.0
2025-12-29 13:00:00,,,,,,,509.0,509.0,,,0.0,,,0.0
2025-12-29 14:00:00,,,,,,,505.0,505.0,,,0.0,,,0.0
2025-12-29 15:00:00,,,,,,,505.0,505.0,,,0.0,,,0.0
2025-12-29 16:00:00,,,,,,,1529.0,1529.0,,,0.0,,,0.0
2025-12-29 17:00:00,,,,,,,1529.0,1529.0,,,0.0,,,0.0
2025-12-29 18:00:00,,,,,,,1529.0,1529.0,,,0.0,,,0.0
2025-12-29 19:00:00,,,,,,,1533.0,1533.0,,,0.0,,,0.0
2025-12-29 20:00:00,,,,,,,1533.0,1533.0,,,0.0,,,0.0
2025-12-29 21:00:00,,,,,,,1529.0,1529.0,,,0.0,,,0.0
2025-12-29 22:00:00,,,,,,,1273.0,1273.0,,,0.0,,,0.0
2025-12-29 23:00:00,,,,,,,1273.0,1273.0,,,0.0,,,0.0
2025-12-30 00:00:00,,,,,,,1529.0,1529.0,,,0.0,,,0.0
2025-12-30 01:00:00,,,,,,,1529.0,1529.0,,,0.0,,,0.0
2025-12-30 02:00:00,,,,,,,1533.0,1533.0,,,0.0,,,0.0
2025-12-30 03:00:00,,,,,,,1533.0,1533.0,,,0.0,,,0.0
2025-12-30 04:00:00,,,,,,,1533.0,1533.0,,,0.0,,,0.0
2025-12-30 05:00:00,,,,,,,1533.0,1533.0,,,0.0,,,0.0
2025-12-30 06:00:00,,,,,,,1529.0,1529.0,,,0.0,,,0.0
2025-12-30 07:00:00,,,,,,,1533.0,1533.0,,,0.0,,,0.0
2025-12-30 08:00:00,,,,,,,509.0,509.0,,,0.0,,,0.0
2025-12-30 09:00:00,,,,,,,509.0,509.0,,,0.0,,,0.0
2025-12-30 10:00:00,,,,,,,509.0,509.0,,,0.0,,,0.0
2025-12-30 11:00:00,,,,,,,509.0,509.0,,,0.0,,,0.0
2025-12-30 12:00:00,,,,,,,509.0,509.0,,,0.0,,,0.0
2025-12-30 13:00:00,,,,,,,505.0,505.0,,,0.0,,,0.0
2025-12-30 14:00:00,,,,,,,509.0,509.0,,,0.0,,,0.0
2025-12-30 15:00:00,,,,,,,509.0,509.0,,,0.0,,,0.0
2025-12-30 16:00:00,,,,,,,1533.0,1533.0,,,0.0,,,0.0
2025-12-30 17:00:00,,,,,,,1533.0,1533.0,,,0.0,,,0.0
2025-12-30 18:00:00,,,,,,,1273.0,1273.0,,,0.0,,,0.0
2025-12-30 19:00:00,,,,,,,1273.0,1273.0,,,0.0,,,0.0
2025-12-30 20:00:00,,,,,,,1533.0,1533.0,,,0.0,,,0.0
2025-12-30 21:00:00,,,,,,,1533.0,1533.0,,,0.0,,,0.0
2025-12-30 22:00:00,,,,,,,1533.0,1533.0,,,0.0,,,0.0
2025-12-30 23:00:00,,,,,,,1273.0,1273.0,,,0.0,,,0.0
2025-12-31 00:00:00,,,,,,,1273.0,1273.0,,,0.0,,,0.0
2025-12-31 01:00:00,,,,,,,1529.0,1529.0,,,0.0,,,0.0
2025-12-31 02:00:00,,,,,,,1533.0,1533.0,,,0.0,,,0.0
2025-12-31 03:00:00,,,,,,,1273.0,1273.0,,,0.0,,,0.0
2025-12-31 04:00:00,,,,,,,1529.0,1529.0,,,0.0,,,0.0
2025-12-31 05:00:00,,,,,,,1273.0,1273.0,,,0.0,,,0.0
2025-12-31 06:00:00,,,,,,,1273.0,1273.0,,,0.0,,,0.0
2025-12-31 07:00:00,,,,,,,1273.0,1273.0,,,0.0,,,0.0
2025-12-31 09:00:00,,,,,,,509.0,509.0,,,0.0,,,0.0
2025-12-31 10:00:00,,,,,,,509.0,509.0,,,0.0,,,0.0
2025-12-31 11:00:00,,,,,,,509.0,509.0,,,0.0,,,0.0
2025-12-31 12:00:00,,,,,,,509.0,509.0,,,0.0,,,0.0
2025-12-31 13:00:00,,,,,,,509.0,509.0,,,0.0,,,0.0
2025-12-31 14:00:00,,,,,,,509.0,509.0,,,0.0,,,0.0
2025-12-31 15:00:00,,,,,,,505.0,505.0,,,0.0,,,0.0
2025-12-31 16:00:00,,,,,,,1529.0,1529.0,,,0.0,,,0.0
2025-12-31 17:00:00,,,,,,,1533.0,1533.0,,,0.0,,,0.0
2025-12-31 18:00:00,,,,,,,1529.0,1529.0,,,0.0,,,0.0
2025-12-31 19:00:00,,,,,,,1529.0,1529.0,,,0.0,,,0.0
2025-12-31 20:00:00,,,,,,,1529.0,1529.0,,,0.0,,,0.0
2025-12-31 21:00:00,,,,,,,1273.0,1273.0,,,0.0,,,0.0
2025-12-31 22:00:00,,,,,,,1273.0,1273.0,,,0.0,,,0.0
2025-12-31 23:00:00,,,,,,,1273.0,1273.0,,,0.0,,,0.0
2026-01-01 00:00:00,,,,,,,1273.0,1273.0,,,0.0,,,0.0
2026-01-01 01:00:00,,,,,,,1273.0,1273.0,,,0.0,,,0.0
2026-01-01 02:00:00,,,,,,,1273.0,1273.0,,,0.0,,,0.0
2026-01-01 03:00:00,,,,,,,1273.0,1273.0,,,0.0,,,0.0
2026-01-01 04:00:00,,,,,,,1273.0,1273.0,,,0.0,,,0.0
2026-01-01 05:00:00,,,,,,,1273.0,1273.0,,,0.0,,,0.0
2026-01-01 06:00:00,,,,,,,1273.0,1273.0,,,0.0,,,0.0
