timestamp,AOT_Merged,AOT_Pure,AOT_Merged_uncertainty,AOT_Pure_uncertainty,AE_Merged,AE_Pure,QA_flag_Merged,QA_flag_Pure,AOT_L2_Mean,AOT_L2_SDV,AOT_L2_Num,AE_L2_Mean,AE_L2_SDV,AE_L2_Num
2025-01-01 07:00:00,,,,,,,1533.0,1533.0,,,0.0,,,0.0
2025-01-01 08:00:00,,,,,,,509.0,509.0,,,0.0,,,0.0
2025-01-01 09:00:00,,,,,,,509.0,509.0,,,0.0,,,0.0
2025-01-01 10:00:00,,,,,,,509.0,509.0,,,0.0,,,0.0
2025-01-01 11:00:00,,,,,,,509.0,509.0,,,0.0,,,0.0
2025-01-01 12:00:00,,,,,,,509.0,509.0,,,0.0,,,0.0
2025-01-01 13:00:00,,,,,,,509.0,509.0,,,0.0,,,0.0
2025-01-01 14:00:00,,,,,,,505.0,504.0,2.4212,0.0,1.0,0.5488,0.0,1.0
2025-01-01 15:00:00,,,,,,,509.0,509.0,,,0.0,,,0.0
2025-01-01 16:00:00,,,,,,,509.0,509.0,,,0.0,,,0.0
2025-01-01 17:00:00,,,,,,,1533.0,1533.0,,,0.0,,,0.0
2025-01-01 18:00:00,,,,,,,1533.0,1533.0,,,0.0,,,0.0
2025-01-01 19:00:00,,,,,,,1533.0,1533.0,,,0.0,,,0.0
2025-01-01 20:00:00,,,,,,,1533.0,1533.0,,,0.0,,,0.0
2025-01-01 21:00:00,,,,,,,1533.0,1533.0,,,0.0,,,0.0
2025-01-01 22:00:00,,,,,,,1533.0,1533.0,,,0.0,,,0.0
2025-01-01 23:00:00,,,,,,,1533.0,1533.0,,,0.0,,,0.0
2025-01-02 00:00:00,,,,,,,1533.0,1533.0,,,0.0,,,0.0
2025-01-02 01:00:00,,,,,,,1529.0,1529.0,,,0.0,,,0.0
2025-01-02 02:00:00,,,,,,,1273.0,1273.0,,,0.0,,,0.0
2025-01-02 03:00:00,,,,,,,1529.0,1529.0,,,0.0,,,0.0
2025-01-02 04:00:00,,,,,,,1273.0,1273.0,,,0.0,,,0.0
2025-01-02 05:00:00,,,,,,,1529.0,1529.0,,,0.0,,,0.0
2025-01-02 06:00:00,,,,,,,1533.0,1533.0,,,0.0,,,0.0
2025-01-02 07:00:00,,,,,,,1533.0,1533.0,,,0.0,,,0.0
2025-01-02 08:00:00,,,,,,,509.0,509.0,,,0.0,,,0.0
2025-01-02 09:00:00,,,,,,,509.0,509.0,,,0.0,,,0.0
2025-01-02 10:00:00,,,,,,,509.0,509.0,,,0.0,,,0.0
2025-01-02 11:00:00,,,,,,,509.0,509.0,2.552,0.0156,2.0,0.5749999,0.02459997,2.0
2025-01-02 12:00:00,,,,,,,505.0,504.0,2.8838,0.0,1.0,0.2396,0.0,1.0
2025-01-02 13:00:00,,,,,,,509.0,509.0,,,0.0,,,0.0
2025-01-02 14:00:00,,,,,,,509.0,509.0,,,0.0,,,0.0
2025-01-02 15:00:00,,,,,,,509.0,509.0,,,0.0,,,0.0
2025-01-02 16:00:00,,,,,,,509.0,509.0,,,0.0,,,0.0
2025-01-02 17:00:00,,,,,,,1533.0,1533.0,,,0.0,,,0.0
2025-01-02 18:00:00,,,,,,,1533.0,1533.0,,,0.0,,,0.0
2025-01-02 19:00:00,,,,,,,1529.0,1529.0,,,0.0,,,0.0
2025-01-02 20:00:00,,,,,,,1533.0,1533.0,,,0.0,,,0.0
2025-01-02 21:00:00,,,,,,,1533.0,1533.0,,,0.0,,,0.0
2025-01-02 22:00:00,,,,,,,1529.0,1529.0,,,0.0,,,0.0
2025-01-02 23:00:00,,,,,,,1533.0,1533.0,,,0.0,,,0.0
2025-01-03 00:00:00,,,,,,,1533.0,1533.0,,,0.0,,,0.0
2025-01-03 01:00:00,,,,,,,1533.0,1533.0,,,0.0,,,0.0
2025-01-03 02:00:00,,,,,,,1533.0,1533.0,,,0.0,,,0.0
2025-01-03 03:00:00,,,,,,,1529.0,1529.0,,,0.0,,,0.0
2025-01-03 04:00:00,,,,,,,1533.0,1533.0,,,0.0,,,0.0
2025-01-03 05:00:00,,,,,,,1529.0,1529.0,,,0.0,,,0.0
2025-01-03 06:00:00,,,,,,,1529.0,1529.0,,,0.0,,,0.0
2025-01-03 07:00:00,,,,,,,1533.0,1533.0,,,0.0,,,0.0
2025-01-03 08:00:00,,,,,,,509.0,509.0,,,0.0,,,0.0
2025-01-03 09:00:00,,,,,,,509.0,509.0,,,0.0,,,0.0
2025-01-03 10:00:00,,,,,,,509.0,509.0,,,0.0,,,0.0
2025-01-03 11:00:00,,,,,,,509.0,509.0,,,0.0,,,0.0
2025-01-03 12:00:00,,,,,,,509.0,509.0,,,0.0,,,0.0
2025-01-03 13:00:00,,,,,,,509.0,509.0,3.2138,0.0,1.0,0.213,0.0,1.0
2025-01-03 14:00:00,,,,,,,509.0,509.0,,,0.0,,,0.0
2025-01-03 15:00:00,,,,,,,509.0,509.0,,,0.0,,,0.0
2025-01-03 16:00:00,,,,,,,509.0,509.0,,,0.0,,,0.0
2025-01-03 17:00:00,,,,,,,1533.0,1533.0,,,0.0,,,0.0
2025-01-03 18:00:00,,,,,,,1533.0,1533.0,,,0.0,,,0.0
2025-01-03 19:00:00,,,,,,,1529.0,1529.0,,,0.0,,,0.0
2025-01-03 20:00:00,,,,,,,1533.0,1533.0,,,0.0,,,0.0
2025-01-03 21:00:00,,,,,,,1533.0,1533.0,,,0.0,,,0.0
2025-01-03 22:00:00,,,,,,,1529.0,1529.0,,,0.0,,,0.0
2025-01-03 23:00:00,,,,,,,1529.0,1529.0,,,0.0,,,0.0
2025-01-04 00:00:00,,,,,,,1529.0,1529.0,,,0.0,,,0.0
2025-01-04 01:00:00,,,,,,,1529.0,1529.0,,,0.0,,,0.0
2025-01-04 02:00:00,,,,,,,1529.0,1529.0,,,0.0,,,0.0
2025-01-04 03:00:00,,,,,,,1529.0,1529.0,,,0.0,,,0.0
2025-01-04 04:00:00,,,,,,,1533.0,1533.0,,,0.0,,,0.0
2025-01-04 05:00:00,,,,,,,1533.0,1533.0,,,0.0,,,0.0
2025-01-04 06:00:00,,,,,,,1533.0,1533.0,,,0.0,,,0.0
2025-01-04 07:00:00,,,,,,,1533.0,1533.0,,,0.0,,,0.0
2025-01-04 08:00:00,,,,,,,509.0,509.0,,,0.0,,,0.0
2025-01-04 09:00:00,,,,,,,509.0,509.0,0.6612,0.0,1.0,0.5016,0.0,1.0
2025-01-04 10:00:00,,,,,,,509.0,509.0,1.0738,0.3166,5.0,0.53999996,0.2209,5.0
2025-01-04 11:00:00,,,,,,,505.0,504.0,0.62799996,0.13159999,4.0,0.7918999,0.3559,4.0
2025-01-04 12:00:00,,,,,,,509.0,509.0,1.9302,0.0,1.0,-0.07530001,0.0,1.0
2025-01-04 13:00:00,,,,,,,509.0,509.0,,,0.0,,,0.0
2025-01-04 14:00:00,,,,,,,509.0,509.0,,,0.0,,,0.0
2025-01-04 15:00:00,,,,,,,509.0,509.0,,,0.0,,,0.0
2025-01-04 16:00:00,,,,,,,509.0,509.0,0.479,0.0,1.0,1.3554,0.0,1.0
2025-01-04 17:00:00,,,,,,,1533.0,1533.0,,,0.0,,,0.0
2025-01-04 18:00:00,,,,,,,1533.0,1533.0,,,0.0,,,0.0
2025-01-04 19:00:00,,,,,,,1273.0,1273.0,,,0.0,,,0.0
2025-01-04 20:00:00,,,,,,,1533.0,1533.0,,,0.0,,,0.0
2025-01-04 21:00:00,,,,,,,1273.0,1273.0,,,0.0,,,0.0
2025-01-04 22:00:00,,,,,,,1529.0,1529.0,,,0.0,,,0.0
2025-01-04 23:00:00,,,,,,,1533.0,1533.0,,,0.0,,,0.0
2025-01-05 00:00:00,,,,,,,1533.0,1533.0,,,0.0,,,0.0
2025-01-05 01:00:00,,,,,,,1533.0,1533.0,,,0.0,,,0.0
2025-01-05 02:00:00,,,,,,,1533.0,1533.0,,,0.0,,,0.0
2025-01-05 03:00:00,,,,,,,1533.0,1533.0,,,0.0,,,0.0
2025-01-05 04:00:00,,,,,,,1273.0,1273.0,,,0.0,,,0.0
2025-01-05 05:00:00,,,,,,,1533.0,1533.0,,,0.0,,,0.0
2025-01-05 06:00:00,,,,,,,1529.0,1529.0,,,0.0,,,0.0
2025-01-05 07:00:00,,,,,,,1533.0,1533.0,,,0.0,,,0.0
2025-01-05 08:00:00,,,,,,,509.0,509.0,,,0.0,,,0.0
2025-01-05 09:00:00,,,,,,,509.0,509.0,1.8542,0.0,1.0,1.3002,0.0,1.0
2025-01-05 10:00:00,,,,,,,505.0,504.0,1.6262,0.0,1.0,0.9979,0.0,1.0
2025-01-05 11:00:00,,,,,,,505.0,504.0,1.6597999,0.0902,3.0,0.94949996,0.18180001,3.0
2025-01-05 12:00:00,,,,,,,505.0,504.0,1.3434,0.0,1.0,0.5201,0.0,1.0
2025-01-05 13:00:00,,,,,,,509.0,509.0,0.898,0.024799999,2.0,1.2893,0.3451,2.0
2025-01-05 14:00:00,,,,,,,509.0,509.0,0.69839996,0.1454,2.0,1.4303999,0.2579,2.0
2025-01-05 15:00:00,,,,,,,509.0,509.0,0.39499998,0.2952,2.0,1.0853,0.13379997,2.0
2025-01-05 16:00:00,,,,,,,509.0,509.0,0.5306,0.0,1.0,1.0747,0.0,1.0
2025-01-05 17:00:00,,,,,,,1533.0,1533.0,,,0.0,,,0.0
2025-01-05 18:00:00,,,,,,,1529.0,1529.0,,,0.0,,,0.0
2025-01-05 19:00:00,,,,,,,1529.0,1529.0,,,0.0,,,0.0
2025-01-05 20:00:00,,,,,,,1533.0,1533.0,,,0.0,,,0.0
2025-01-05 21:00:00,,,,,,,1273.0,1273.0,,,0.0,,,0.0
2025-01-05 22:00:00,,,,,,,1273.0,1273.0,,,0.0,,,0.0
2025-01-05 23:00:00,,,,,,,1273.0,1273.0,,,0.0,,,0.0
2025-01-06 00:00:00,,,,,,,1273.0,1273.0,,,0.0,,,0.0
2025-01-06 01:00:00,,,,,,,1273.0,1273.0,,,0.0,,,0.0
2025-01-06 02:00:00,,,,,,,1273.0,1273.0,,,0.0,,,0.0
2025-01-06 03:00:00,,,,,,,1273.0,1273.0,,,0.0,,,0.0
2025-01-06 04:00:00,,,,,,,1273.0,1273.0,,,0.0,,,0.0
2025-01-06 06:00:00,,,,,,,1273.0,1273.0,,,0.0,,,0.0
2025-01-06 07:00:00,,,,,,,1533.0,1533.0,,,0.0,,,0.0
2025-01-06 08:00:00,,,,,,,509.0,509.0,,,0.0,,,0.0
2025-01-06 09:00:00,,,,,,,509.0,509.0,,,0.0,,,0.0
2025-01-06 10:00:00,,,,,,,509.0,509.0,,,0.0,,,0.0
2025-01-06 11:00:00,,,,,,,509.0,509.0,0.992,0.0,1.0,0.9101,0.0,1.0
2025-01-06 12:00:00,,,,,,,509.0,509.0,,,0.0,,,0.0
2025-01-06 13:00:00,,,,,,,509.0,509.0,,,0.0,,,0.0
2025-01-06 14:00:00,,,,,,,509.0,509.0,,,0.0,,,0.0
2025-01-06 15:00:00,,,,,,,509.0,509.0,,,0.0,,,0.0
2025-01-06 16:00:00,,,,,,,509.0,509.0,0.65599996,0.019,2.0,1.4883,0.034200013,2.0
2025-01-06 17:00:00,,,,,,,1533.0,1533.0,,,0.0,,,0.0
2025-01-06 18:00:00,,,,,,,1273.0,1273.0,,,0.0,,,0.0
2025-01-06 19:00:00,,,,,,,1273.0,1273.0,,,0.0,,,0.0
2025-01-06 20:00:00,,,,,,,1273.0,1273.0,,,0.0,,,0.0
2025-01-06 21:00:00,,,,,,,1273.0,1273.0,,,0.0,,,0.0
2025-01-06 22:00:00,,,,,,,1273.0,1273.0,,,0.0,,,0.0
2025-01-06 23:00:00,,,,,,,1273.0,1273.0,,,0.0,,,0.0
2025-01-07 00:00:00,,,,,,,1273.0,1273.0,,,0.0,,,0.0
2025-01-07 01:00:00,,,,,,,1273.0,1273.0,,,0.0,,,0.0
2025-01-07 02:00:00,,,,,,,1273.0,1273.0,,,0.0,,,0.0
2025-01-07 03:00:00,,,,,,,1273.0,1273.0,,,0.0,,,0.0
2025-01-07 04:00:00,,,,,,,1273.0,1273.0,,,0.0,,,0.0
2025-01-07 05:00:00,,,,,,,1273.0,1273.0,,,0.0,,,0.0
2025-01-07 06:00:00,,,,,,,1273.0,1273.0,,,0.0,,,0.0
2025-01-07 07:00:00,,,,,,,1273.0,1273.0,,,0.0,,,0.0
2025-01-07 08:00:00,,,,,,,249.0,249.0,0.319,0.0,1.0,1.4806,0.0,1.0
2025-01-07 09:00:00,0.43739998,0.2644,0.2968,0.2967,-0.4045,1.283,0.0,0.0,0.42839998,0.0946,6.0,1.7588,0.21700001,6.0
2025-01-07 10:00:00,0.37539998,,,,,,193.0,248.0,0.46519998,0.12879999,6.0,1.3262,0.15459996,6.0
2025-01-07 11:00:00,0.421,,,,,,449.0,504.0,0.37939999,0.0614,5.0,1.0626999,0.2515,5.0
2025-01-07 12:00:00,,,,,,,509.0,509.0,0.3746,0.0,1.0,0.7882,0.0,1.0
2025-01-07 13:00:00,,,,,,,509.0,509.0,2.1815999,0.0,1.0,0.9433,0.0,1.0
2025-01-07 14:00:00,,,,,,,509.0,509.0,2.019,0.0,1.0,0.58280003,0.0,1.0
2025-01-07 15:00:00,,,,,,,509.0,509.0,,,0.0,,,0.0
2025-01-07 16:00:00,,,,,,,509.0,509.0,,,0.0,,,0.0
2025-01-07 17:00:00,,,,,,,1533.0,1533.0,,,0.0,,,0.0
2025-01-07 18:00:00,,,,,,,1533.0,1533.0,,,0.0,,,0.0
2025-01-07 19:00:00,,,,,,,1529.0,1529.0,,,0.0,,,0.0
2025-01-07 20:00:00,,,,,,,1273.0,1273.0,,,0.0,,,0.0
2025-01-07 21:00:00,,,,,,,1273.0,1273.0,,,0.0,,,0.0
2025-01-07 22:00:00,,,,,,,1273.0,1273.0,,,0.0,,,0.0
2025-01-07 23:00:00,,,,,,,1273.0,1273.0,,,0.0,,,0.0
2025-01-08 00:00:00,,,,,,,1273.0,1273.0,,,0.0,,,0.0
2025-01-08 01:00:00,,,,,,,1533.0,1533.0,,,0.0,,,0.0
2025-01-08 02:00:00,,,,,,,1533.0,1533.0,,,0.0,,,0.0
2025-01-08 04:00:00,,,,,,,1529.0,1529.0,,,0.0,,,0.0
2025-01-08 05:00:00,,,,,,,1529.0,1529.0,,,0.0,,,0.0
2025-01-08 06:00:00,,,,,,,1529.0,1529.0,,,0.0,,,0.0
2025-01-08 07:00:00,,,,,,,1529.0,1529.0,,,0.0,,,0.0
2025-01-08 08:00:00,,,,,,,509.0,509.0,,,0.0,,,0.0
2025-01-08 09:00:00,,,,,,,509.0,509.0,,,0.0,,,0.0
2025-01-08 10:00:00,,,,,,,509.0,509.0,,,0.0,,,0.0
2025-01-08 11:00:00,,,,,,,509.0,509.0,,,0.0,,,0.0
2025-01-08 12:00:00,,,,,,,509.0,509.0,,,0.0,,,0.0
2025-01-08 13:00:00,,,,,,,509.0,509.0,0.798,0.120799996,3.0,1.0081999,0.20199996,3.0
2025-01-08 14:00:00,,,,,,,509.0,509.0,,,0.0,,,0.0
2025-01-08 15:00:00,,,,,,,509.0,509.0,0.3964,0.0,1.0,1.3499,0.0,1.0
2025-01-08 16:00:00,,,,,,,509.0,509.0,0.364,0.053799998,5.0,1.3345,0.112699986,5.0
2025-01-08 17:00:00,,,,,,,1533.0,1533.0,,,0.0,,,0.0
2025-01-08 18:00:00,,,,,,,1529.0,1529.0,,,0.0,,,0.0
2025-01-08 19:00:00,,,,,,,1273.0,1273.0,,,0.0,,,0.0
2025-01-08 20:00:00,,,,,,,1533.0,1533.0,,,0.0,,,0.0
2025-01-08 21:00:00,,,,,,,1533.0,1533.0,,,0.0,,,0.0
2025-01-08 22:00:00,,,,,,,1533.0,1533.0,,,0.0,,,0.0
2025-01-08 23:00:00,,,,,,,1533.0,1533.0,,,0.0,,,0.0
2025-01-09 00:00:00,,,,,,,1533.0,1533.0,,,0.0,,,0.0
2025-01-09 01:00:00,,,,,,,1529.0,1529.0,,,0.0,,,0.0
2025-01-09 02:00:00,,,,,,,1273.0,1273.0,,,0.0,,,0.0
2025-01-09 03:00:00,,,,,,,1533.0,1533.0,,,0.0,,,0.0
2025-01-09 04:00:00,,,,,,,1533.0,1533.0,,,0.0,,,0.0
2025-01-09 05:00:00,,,,,,,1273.0,1273.0,,,0.0,,,0.0
2025-01-09 06:00:00,,,,,,,1273.0,1273.0,,,0.0,,,0.0
2025-01-09 07:00:00,,,,,,,1273.0,1273.0,,,0.0,,,0.0
2025-01-09 08:00:00,,,,,,,509.0,509.0,,,0.0,,,0.0
2025-01-09 09:00:00,,,,,,,505.0,504.0,0.235,0.022799999,5.0,1.1065999,0.33309996,5.0
2025-01-09 10:00:00,,,,,,,505.0,504.0,0.30859998,0.059,6.0,0.6062,0.101199985,6.0
2025-01-09 11:00:00,0.3238,,,,,,453.0,509.0,0.2272,0.0374,5.0,1.0471,0.1853,5.0
2025-01-09 12:00:00,,,,,,,505.0,504.0,0.8032,0.1964,4.0,0.41859996,0.05699998,4.0
2025-01-09 13:00:00,,,,,,,509.0,509.0,1.125,0.26659998,2.0,0.5648999,0.055099964,2.0
2025-01-09 14:00:00,,,,,,,509.0,509.0,,,0.0,,,0.0
2025-01-09 15:00:00,,,,,,,509.0,509.0,,,0.0,,,0.0
2025-01-09 16:00:00,,,,,,,509.0,509.0,,,0.0,,,0.0
2025-01-09 17:00:00,,,,,,,1533.0,1533.0,,,0.0,,,0.0
2025-01-09 18:00:00,,,,,,,1533.0,1533.0,,,0.0,,,0.0
2025-01-09 19:00:00,,,,,,,1533.0,1533.0,,,0.0,,,0.0
2025-01-09 20:00:00,,,,,,,1529.0,1529.0,,,0.0,,,0.0
2025-01-09 21:00:00,,,,,,,1533.0,1533.0,,,0.0,,,0.0
2025-01-09 22:00:00,,,,,,,1533.0,1533.0,,,0.0,,,0.0
2025-01-09 23:00:00,,,,,,,1533.0,1533.0,,,0.0,,,0.0
2025-01-10 00:00:00,,,,,,,1533.0,1533.0,,,0.0,,,0.0
2025-01-10 01:00:00,,,,,,,1533.0,1533.0,,,0.0,,,0.0
2025-01-10 02:00:00,,,,,,,1533.0,1533.0,,,0.0,,,0.0
2025-01-10 03:00:00,,,,,,,1533.0,1533.0,,,0.0,,,0.0
2025-01-10 04:00:00,,,,,,,1529.0,1529.0,,,0.0,,,0.0
2025-01-10 05:00:00,,,,,,,1529.0,1529.0,,,0.0,,,0.0
2025-01-10 06:00:00,,,,,,,1529.0,1529.0,,,0.0,,,0.0
2025-01-10 07:00:00,,,,,,,1533.0,1533.0,,,0.0,,,0.0
2025-01-10 08:00:00,,,,,,,509.0,509.0,,,0.0,,,0.0
2025-01-10 09:00:00,,,,,,,509.0,509.0,,,0.0,,,0.0
2025-01-10 10:00:00,,,,,,,509.0,509.0,2.2732,0.0,1.0,0.8450999,0.0,1.0
2025-01-10 11:00:00,,,,,,,505.0,504.0,0.6842,0.40199998,5.0,0.76329994,0.50119996,5.0
2025-01-10 12:00:00,,,,,,,249.0,249.0,0.4772,0.0762,5.0,0.9481,0.28319997,5.0
2025-01-10 13:00:00,,,,,,,505.0,505.0,0.50659996,0.0668,2.0,1.2005,0.004799962,2.0
2025-01-10 14:00:00,,,,,,,249.0,248.0,0.101399995,0.032199997,4.0,1.3203,0.019899964,4.0
2025-01-10 15:00:00,,,,,,,509.0,509.0,0.3306,0.1144,4.0,1.0783,0.2389,4.0
2025-01-10 16:00:00,,,,,,,509.0,509.0,1.1372,0.0,1.0,1.0194,0.0,1.0
2025-01-10 17:00:00,,,,,,,1533.0,1533.0,,,0.0,,,0.0
2025-01-10 18:00:00,,,,,,,1533.0,1533.0,,,0.0,,,0.0
2025-01-10 19:00:00,,,,,,,1529.0,1529.0,,,0.0,,,0.0
2025-01-10 20:00:00,,,,,,,1529.0,1529.0,,,0.0,,,0.0
2025-01-10 21:00:00,,,,,,,1533.0,1533.0,,,0.0,,,0.0
2025-01-10 22:00:00,,,,,,,1533.0,1533.0,,,0.0,,,0.0
2025-01-10 23:00:00,,,,,,,1533.0,1533.0,,,0.0,,,0.0
2025-01-11 00:00:00,,,,,,,1533.0,1533.0,,,0.0,,,0.0
2025-01-11 01:00:00,,,,,,,1533.0,1533.0,,,0.0,,,0.0
2025-01-11 02:00:00,,,,,,,1533.0,1533.0,,,0.0,,,0.0
2025-01-11 03:00:00,,,,,,,1533.0,1533.0,,,0.0,,,0.0
2025-01-11 04:00:00,,,,,,,1273.0,1273.0,,,0.0,,,0.0
2025-01-11 05:00:00,,,,,,,1273.0,1273.0,,,0.0,,,0.0
2025-01-11 06:00:00,,,,,,,1273.0,1273.0,,,0.0,,,0.0
2025-01-11 07:00:00,,,,,,,1533.0,1533.0,,,0.0,,,0.0
2025-01-11 08:00:00,,,,,,,249.0,249.0,,,0.0,,,0.0
2025-01-11 09:00:00,,,,,,,505.0,504.0,0.3694,0.075399995,6.0,0.92219996,0.3218,6.0
2025-01-11 10:00:00,,,,,,,505.0,504.0,0.4626,0.113199994,6.0,0.9103,0.20120001,6.0
2025-01-11 11:00:00,,,,,,,509.0,509.0,0.4858,0.1282,3.0,1.1409999,0.1297,3.0
2025-01-11 12:00:00,,,,,,,505.0,504.0,0.6342,0.22559999,3.0,0.697,0.108500004,3.0
2025-01-11 13:00:00,,,,,,,509.0,509.0,0.2078,0.0,1.0,1.3054,0.0,1.0
2025-01-11 14:00:00,,,,,,,509.0,509.0,0.5592,0.113,2.0,0.15819997,0.22789997,2.0
2025-01-11 15:00:00,,,,,,,509.0,509.0,,,0.0,,,0.0
2025-01-11 16:00:00,,,,,,,509.0,509.0,,,0.0,,,0.0
2025-01-11 17:00:00,,,,,,,1533.0,1533.0,,,0.0,,,0.0
2025-01-11 18:00:00,,,,,,,1533.0,1533.0,,,0.0,,,0.0
2025-01-11 19:00:00,,,,,,,1533.0,1533.0,,,0.0,,,0.0
2025-01-11 20:00:00,,,,,,,1533.0,1533.0,,,0.0,,,0.0
2025-01-11 21:00:00,,,,,,,1529.0,1529.0,,,0.0,,,0.0
2025-01-11 22:00:00,,,,,,,1533.0,1533.0,,,0.0,,,0.0
2025-01-11 23:00:00,,,,,,,1529.0,1529.0,,,0.0,,,0.0
2025-01-12 00:00:00,,,,,,,1533.0,1533.0,,,0.0,,,0.0
2025-01-12 01:00:00,,,,,,,1533.0,1533.0,,,0.0,,,0.0
2025-01-12 02:00:00,,,,,,,1533.0,1533.0,,,0.0,,,0.0
2025-01-12 03:00:00,,,,,,,1529.0,1529.0,,,0.0,,,0.0
2025-01-12 04:00:00,,,,,,,1529.0,1529.0,,,0.0,,,0.0
2025-01-12 05:00:00,,,,,,,1529.0,1529.0,,,0.0,,,0.0
2025-01-12 06:00:00,,,,,,,1273.0,1273.0,,,0.0,,,0.0
2025-01-12 07:00:00,,,,,,,1273.0,1273.0,,,0.0,,,0.0
2025-01-12 08:00:00,,,,,,,2553.0,2552.0,0.232,0.0178,2.0,0.7191,0.3348,2.0
2025-01-12 09:00:00,,,,,,,2553.0,2552.0,0.19,0.051,2.0,1.1746,0.22119999,2.0
2025-01-12 10:00:00,,,,,,,249.0,248.0,0.353,0.0442,5.0,0.7197,0.14050001,5.0
2025-01-12 11:00:00,,,,,,,505.0,504.0,0.2454,0.1206,6.0,0.8844,0.3183,6.0
2025-01-12 12:00:00,,,,,,,2553.0,2552.0,0.2272,0.0506,6.0,0.9835,0.21999997,6.0
2025-01-12 13:00:00,,,,,,,2553.0,2552.0,0.092,0.0242,6.0,1.2176,0.059000015,6.0
2025-01-12 14:00:00,,,,,,,509.0,509.0,0.060999997,0.0328,4.0,1.2715,0.02609998,4.0
2025-01-12 15:00:00,,,,,,,509.0,509.0,,,0.0,,,0.0
2025-01-12 17:00:00,,,,,,,1533.0,1533.0,,,0.0,,,0.0
2025-01-12 18:00:00,,,,,,,1533.0,1533.0,,,0.0,,,0.0
2025-01-12 19:00:00,,,,,,,1533.0,1533.0,,,0.0,,,0.0
2025-01-12 20:00:00,,,,,,,1533.0,1533.0,,,0.0,,,0.0
2025-01-12 21:00:00,,,,,,,1533.0,1533.0,,,0.0,,,0.0
2025-01-12 22:00:00,,,,,,,1533.0,1533.0,,,0.0,,,0.0
2025-01-12 23:00:00,,,,,,,1533.0,1533.0,,,0.0,,,0.0
2025-01-13 00:00:00,,,,,,,1533.0,1533.0,,,0.0,,,0.0
2025-01-13 01:00:00,,,,,,,1533.0,1533.0,,,0.0,,,0.0
2025-01-13 02:00:00,,,,,,,1533.0,1533.0,,,0.0,,,0.0
2025-01-13 03:00:00,,,,,,,1533.0,1533.0,,,0.0,,,0.0
2025-01-13 04:00:00,,,,,,,1529.0,1529.0,,,0.0,,,0.0
2025-01-13 05:00:00,,,,,,,1533.0,1533.0,,,0.0,,,0.0
2025-01-13 06:00:00,,,,,,,1273.0,1273.0,,,0.0,,,0.0
2025-01-13 07:00:00,,,,,,,1273.0,1273.0,,,0.0,,,0.0
2025-01-13 08:00:00,,,,,,,2297.0,2296.0,0.1548,0.0144,2.0,0.9053,0.19389999,2.0
2025-01-13 09:00:00,0.14819999,,,,,,449.0,504.0,0.182,0.066,6.0,0.98759997,0.20279998,6.0
2025-01-13 10:00:00,,,,,,,505.0,504.0,0.35119998,0.038799997,6.0,0.7564,0.1099,6.0
2025-01-13 11:00:00,,,,,,,249.0,248.0,0.2662,0.095,6.0,0.9038,0.282,6.0
2025-01-13 12:00:00,,,,,,,2297.0,2296.0,0.3132,0.0748,6.0,0.92129993,0.274,6.0
2025-01-13 13:00:00,,,,,,,509.0,509.0,0.3184,0.085,5.0,1.2166,0.054399967,5.0
2025-01-13 14:00:00,,,,,,,2553.0,2552.0,0.39519998,0.0714,5.0,1.0688,0.11979997,5.0
2025-01-13 15:00:00,,,,,,,2553.0,2552.0,0.41419998,0.1174,2.0,1.4728999,0.04519999,2.0
2025-01-13 16:00:00,,,,,,,505.0,505.0,0.25,0.0244,5.0,1.6831999,0.143,5.0
2025-01-13 17:00:00,,,,,,,1533.0,1533.0,,,0.0,,,0.0
2025-01-13 18:00:00,,,,,,,1533.0,1533.0,,,0.0,,,0.0
2025-01-13 19:00:00,,,,,,,1533.0,1533.0,,,0.0,,,0.0
2025-01-13 20:00:00,,,,,,,1533.0,1533.0,,,0.0,,,0.0
2025-01-13 21:00:00,,,,,,,1273.0,1273.0,,,0.0,,,0.0
2025-01-13 22:00:00,,,,,,,1273.0,1273.0,,,0.0,,,0.0
2025-01-13 23:00:00,,,,,,,1273.0,1273.0,,,0.0,,,0.0
2025-01-14 00:00:00,,,,,,,1273.0,1273.0,,,0.0,,,0.0
2025-01-14 01:00:00,,,,,,,1273.0,1273.0,,,0.0,,,0.0
2025-01-14 02:00:00,,,,,,,1273.0,1273.0,,,0.0,,,0.0
2025-01-14 03:00:00,,,,,,,1533.0,1533.0,,,0.0,,,0.0
2025-01-14 04:00:00,,,,,,,1273.0,1273.0,,,0.0,,,0.0
2025-01-14 05:00:00,,,,,,,1273.0,1273.0,,,0.0,,,0.0
2025-01-14 06:00:00,,,,,,,1533.0,1533.0,,,0.0,,,0.0
2025-01-14 07:00:00,,,,,,,1529.0,1529.0,,,0.0,,,0.0
2025-01-14 08:00:00,,,,,,,509.0,509.0,,,0.0,,,0.0
2025-01-14 09:00:00,,,,,,,505.0,504.0,1.6696,0.0,1.0,0.3348,0.0,1.0
2025-01-14 10:00:00,,,,,,,509.0,509.0,,,0.0,,,0.0
2025-01-14 11:00:00,,,,,,,509.0,509.0,0.26319999,0.0176,3.0,0.934,0.1875,3.0
2025-01-14 12:00:00,,,,,,,509.0,509.0,,,0.0,,,0.0
2025-01-14 13:00:00,,,,,,,509.0,509.0,0.2784,0.0876,3.0,1.3025,0.042599976,3.0
2025-01-14 14:00:00,,,,,,,509.0,509.0,,,0.0,,,0.0
2025-01-14 15:00:00,,,,,,,509.0,509.0,,,0.0,,,0.0
2025-01-14 16:00:00,,,,,,,509.0,509.0,,,0.0,,,0.0
2025-01-14 17:00:00,,,,,,,1533.0,1533.0,,,0.0,,,0.0
2025-01-14 18:00:00,,,,,,,1529.0,1529.0,,,0.0,,,0.0
2025-01-14 19:00:00,,,,,,,1533.0,1533.0,,,0.0,,,0.0
2025-01-14 20:00:00,,,,,,,1533.0,1533.0,,,0.0,,,0.0
2025-01-14 21:00:00,,,,,,,1529.0,1529.0,,,0.0,,,0.0
2025-01-14 22:00:00,,,,,,,1533.0,1533.0,,,0.0,,,0.0
2025-01-14 23:00:00,,,,,,,1533.0,1533.0,,,0.0,,,0.0
2025-01-15 00:00:00,,,,,,,1533.0,1533.0,,,0.0,,,0.0
2025-01-15 02:00:00,,,,,,,1533.0,1533.0,,,0.0,,,0.0
2025-01-15 03:00:00,,,,,,,1529.0,1529.0,,,0.0,,,0.0
2025-01-15 04:00:00,,,,,,,1533.0,1533.0,,,0.0,,,0.0
2025-01-15 05:00:00,,,,,,,1533.0,1533.0,,,0.0,,,0.0
2025-01-15 06:00:00,,,,,,,1529.0,1529.0,,,0.0,,,0.0
2025-01-15 07:00:00,,,,,,,1533.0,1533.0,,,0.0,,,0.0
2025-01-15 08:00:00,,,,,,,509.0,509.0,,,0.0,,,0.0
2025-01-15 09:00:00,,,,,,,509.0,509.0,,,0.0,,,0.0
2025-01-15 10:00:00,,,,,,,509.0,509.0,1.8468,0.0,1.0,0.59860003,0.0,1.0
2025-01-15 11:00:00,,,,,,,509.0,509.0,0.5954,0.15259999,4.0,0.71869993,0.39919996,4.0
2025-01-15 12:00:00,,,,,,,509.0,509.0,1.864,0.0,1.0,0.0485,0.0,1.0
2025-01-15 13:00:00,,,,,,,509.0,509.0,,,0.0,,,0.0
2025-01-15 14:00:00,,,,,,,509.0,509.0,,,0.0,,,0.0
2025-01-15 15:00:00,,,,,,,509.0,509.0,,,0.0,,,0.0
2025-01-15 16:00:00,,,,,,,509.0,509.0,,,0.0,,,0.0
2025-01-15 17:00:00,,,,,,,1533.0,1533.0,,,0.0,,,0.0
2025-01-15 18:00:00,,,,,,,1533.0,1533.0,,,0.0,,,0.0
2025-01-15 19:00:00,,,,,,,1533.0,1533.0,,,0.0,,,0.0
2025-01-15 20:00:00,,,,,,,1533.0,1533.0,,,0.0,,,0.0
2025-01-15 21:00:00,,,,,,,1533.0,1533.0,,,0.0,,,0.0
2025-01-15 22:00:00,,,,,,,1533.0,1533.0,,,0.0,,,0.0
2025-01-15 23:00:00,,,,,,,1533.0,1533.0,,,0.0,,,0.0
2025-01-16 00:00:00,,,,,,,1529.0,1529.0,,,0.0,,,0.0
2025-01-16 01:00:00,,,,,,,1529.0,1529.0,,,0.0,,,0.0
2025-01-16 02:00:00,,,,,,,1529.0,1529.0,,,0.0,,,0.0
2025-01-16 03:00:00,,,,,,,1529.0,1529.0,,,0.0,,,0.0
2025-01-16 04:00:00,,,,,,,1273.0,1273.0,,,0.0,,,0.0
2025-01-16 05:00:00,,,,,,,1529.0,1529.0,,,0.0,,,0.0
2025-01-16 06:00:00,,,,,,,1529.0,1529.0,,,0.0,,,0.0
2025-01-16 07:00:00,,,,,,,1533.0,1533.0,,,0.0,,,0.0
2025-01-16 08:00:00,,,,,,,509.0,509.0,,,0.0,,,0.0
2025-01-16 09:00:00,,,,,,,505.0,504.0,0.1856,0.0,1.0,0.5885,0.0,1.0
2025-01-16 10:00:00,,,,,,,505.0,504.0,0.2444,0.0,1.0,0.6006,0.0,1.0
2025-01-16 11:00:00,,,,,,,505.0,505.0,0.218,0.0,1.0,0.6744,0.0,1.0
2025-01-16 12:00:00,,,,,,,509.0,509.0,,,0.0,,,0.0
2025-01-16 13:00:00,,,,,,,509.0,509.0,,,0.0,,,0.0
2025-01-16 14:00:00,,,,,,,509.0,509.0,0.0284,0.0,1.0,1.352,0.0,1.0
2025-01-16 15:00:00,,,,,,,509.0,509.0,,,0.0,,,0.0
2025-01-16 16:00:00,,,,,,,505.0,505.0,,,0.0,,,0.0
2025-01-16 17:00:00,,,,,,,1533.0,1533.0,,,0.0,,,0.0
2025-01-16 18:00:00,,,,,,,1533.0,1533.0,,,0.0,,,0.0
2025-01-16 19:00:00,,,,,,,1533.0,1533.0,,,0.0,,,0.0
2025-01-16 20:00:00,,,,,,,1533.0,1533.0,,,0.0,,,0.0
2025-01-16 21:00:00,,,,,,,1533.0,1533.0,,,0.0,,,0.0
2025-01-16 22:00:00,,,,,,,1533.0,1533.0,,,0.0,,,0.0
2025-01-16 23:00:00,,,,,,,1533.0,1533.0,,,0.0,,,0.0
2025-01-17 00:00:00,,,,,,,1533.0,1533.0,,,0.0,,,0.0
2025-01-17 01:00:00,,,,,,,1533.0,1533.0,,,0.0,,,0.0
2025-01-17 02:00:00,,,,,,,1533.0,1533.0,,,0.0,,,0.0
2025-01-17 03:00:00,,,,,,,1533.0,1533.0,,,0.0,,,0.0
2025-01-17 04:00:00,,,,,,,1533.0,1533.0,,,0.0,,,0.0
2025-01-17 05:00:00,,,,,,,1533.0,1533.0,,,0.0,,,0.0
2025-01-17 06:00:00,,,,,,,1533.0,1533.0,,,0.0,,,0.0
2025-01-17 07:00:00,,,,,,,1533.0,1533.0,,,0.0,,,0.0
2025-01-17 08:00:00,,,,,,,505.0,504.0,0.1628,0.0,1.0,0.7638,0.0,1.0
2025-01-17 09:00:00,,,,,,,509.0,509.0,0.167,0.0578,5.0,0.9476999,0.1864,5.0
2025-01-17 10:00:00,,,,,,,509.0,509.0,0.41439998,0.078999996,4.0,0.599,0.16979998,4.0
2025-01-17 11:00:00,,,,,,,509.0,509.0,,,0.0,,,0.0
2025-01-17 12:00:00,,,,,,,509.0,509.0,0.8124,0.2208,2.0,0.3369,0.09920001,2.0
2025-01-17 13:00:00,,,,,,,509.0,509.0,0.9568,0.5286,2.0,0.8255,0.40809995,2.0
2025-01-17 14:00:00,,,,,,,509.0,509.0,0.658,0.0,1.0,0.4953,0.0,1.0
2025-01-17 15:00:00,,,,,,,509.0,509.0,,,0.0,,,0.0
2025-01-17 16:00:00,,,,,,,509.0,509.0,,,0.0,,,0.0
2025-01-17 17:00:00,,,,,,,1533.0,1533.0,,,0.0,,,0.0
2025-01-17 18:00:00,,,,,,,1529.0,1529.0,,,0.0,,,0.0
2025-01-17 19:00:00,,,,,,,1533.0,1533.0,,,0.0,,,0.0
2025-01-17 20:00:00,,,,,,,1529.0,1529.0,,,0.0,,,0.0
2025-01-17 21:00:00,,,,,,,1533.0,1533.0,,,0.0,,,0.0
2025-01-17 22:00:00,,,,,,,1533.0,1533.0,,,0.0,,,0.0
2025-01-17 23:00:00,,,,,,,1529.0,1529.0,,,0.0,,,0.0
2025-01-18 00:00:00,,,,,,,1533.0,1533.0,,,0.0,,,0.0
2025-01-18 01:00:00,,,,,,,1533.0,1533.0,,,0.0,,,0.0
2025-01-18 02:00:00,,,,,,,1533.0,1533.0,,,0.0,,,0.0
2025-01-18 03:00:00,,,,,,,1533.0,1533.0,,,0.0,,,0.0
2025-01-18 04:00:00,,,,,,,1529.0,1529.0,,,0.0,,,0.0
2025-01-18 05:00:00,,,,,,,1533.0,1533.0,,,0.0,,,0.0
2025-01-18 06:00:00,,,,,,,1273.0,1273.0,,,0.0,,,0.0
2025-01-18 07:00:00,,,,,,,1273.0,1273.0,,,0.0,,,0.0
2025-01-18 08:00:00,,,,,,,505.0,505.0,,,0.0,,,0.0
2025-01-18 09:00:00,,,,,,,2553.0,2552.0,0.19299999,0.043199997,5.0,1.2502999,0.04820001,5.0
2025-01-18 10:00:00,,,,,,,509.0,509.0,0.41959998,0.12719999,3.0,1.3083999,0.07709998,3.0
2025-01-18 11:00:00,,,,,,,249.0,248.0,0.36159998,0.103599995,4.0,1.2383,0.49289995,4.0
2025-01-18 12:00:00,,,,,,,509.0,509.0,0.625,0.152,5.0,0.7902,0.110000014,5.0
2025-01-18 13:00:00,,,,,,,509.0,509.0,,,0.0,,,0.0
2025-01-18 14:00:00,,,,,,,2553.0,2552.0,0.57839996,0.0578,6.0,1.0821999,0.11129999,6.0
2025-01-18 15:00:00,,,,,,,505.0,504.0,0.5018,0.051999997,6.0,1.3104,0.076900005,6.0
2025-01-18 16:00:00,,,,,,,509.0,509.0,,,0.0,,,0.0
2025-01-18 17:00:00,,,,,,,1533.0,1533.0,,,0.0,,,0.0
2025-01-18 18:00:00,,,,,,,1533.0,1533.0,,,0.0,,,0.0
2025-01-18 19:00:00,,,,,,,1273.0,1273.0,,,0.0,,,0.0
2025-01-18 20:00:00,,,,,,,1273.0,1273.0,,,0.0,,,0.0
2025-01-18 21:00:00,,,,,,,1273.0,1273.0,,,0.0,,,0.0
2025-01-18 22:00:00,,,,,,,1533.0,1533.0,,,0.0,,,0.0
2025-01-18 23:00:00,,,,,,,1533.0,1533.0,,,0.0,,,0.0
2025-01-19 00:00:00,,,,,,,1273.0,1273.0,,,0.0,,,0.0
2025-01-19 01:00:00,,,,,,,1273.0,1273.0,,,0.0,,,0.0
2025-01-19 03:00:00,,,,,,,1533.0,1533.0,,,0.0,,,0.0
2025-01-19 04:00:00,,,,,,,1273.0,1273.0,,,0.0,,,0.0
2025-01-19 05:00:00,,,,,,,1273.0,1273.0,,,0.0,,,0.0
2025-01-19 06:00:00,,,,,,,1529.0,1529.0,,,0.0,,,0.0
2025-01-19 07:00:00,,,,,,,1533.0,1533.0,,,0.0,,,0.0
2025-01-19 08:00:00,,,,,,,509.0,509.0,,,0.0,,,0.0
2025-01-19 09:00:00,,,,,,,509.0,509.0,,,0.0,,,0.0
2025-01-19 11:00:00,,,,,,,509.0,509.0,0.7866,0.0594,4.0,1.0502,0.026300013,4.0
2025-01-19 12:00:00,,,,,,,505.0,504.0,0.9892,0.129,6.0,0.72889996,0.13809997,6.0
2025-01-19 13:00:00,,,,,,,505.0,504.0,0.86179996,0.1472,5.0,0.8928,0.274,5.0
2025-01-19 14:00:00,,,,,,,509.0,509.0,1.1022,0.0894,3.0,0.21199995,0.08249998,3.0
2025-01-19 15:00:00,,,,,,,509.0,509.0,,,0.0,,,0.0
2025-01-19 16:00:00,,,,,,,509.0,509.0,,,0.0,,,0.0
2025-01-19 17:00:00,,,,,,,1533.0,1533.0,,,0.0,,,0.0
2025-01-19 18:00:00,,,,,,,1533.0,1533.0,,,0.0,,,0.0
2025-01-19 19:00:00,,,,,,,1533.0,1533.0,,,0.0,,,0.0
2025-01-19 21:00:00,,,,,,,1533.0,1533.0,,,0.0,,,0.0
2025-01-19 22:00:00,,,,,,,1533.0,1533.0,,,0.0,,,0.0
2025-01-19 23:00:00,,,,,,,1533.0,1533.0,,,0.0,,,0.0
2025-01-20 00:00:00,,,,,,,1533.0,1533.0,,,0.0,,,0.0
2025-01-20 01:00:00,,,,,,,1529.0,1529.0,,,0.0,,,0.0
2025-01-20 02:00:00,,,,,,,1533.0,1533.0,,,0.0,,,0.0
2025-01-20 03:00:00,,,,,,,1533.0,1533.0,,,0.0,,,0.0
2025-01-20 04:00:00,,,,,,,1533.0,1533.0,,,0.0,,,0.0
2025-01-20 05:00:00,,,,,,,1533.0,1533.0,,,0.0,,,0.0
2025-01-20 06:00:00,,,,,,,1533.0,1533.0,,,0.0,,,0.0
2025-01-20 07:00:00,,,,,,,1273.0,1273.0,,,0.0,,,0.0
2025-01-20 08:00:00,,,,,,,509.0,509.0,0.8764,0.0,1.0,1.5318,0.0,1.0
2025-01-20 09:00:00,,,,,,,505.0,504.0,0.84559995,0.0718,5.0,1.2993,0.2798,5.0
2025-01-20 10:00:00,,,,,,,509.0,509.0,1.4504,0.0,1.0,0.7902,0.0,1.0
2025-01-20 11:00:00,,,,,,,509.0,509.0,,,0.0,,,0.0
2025-01-20 12:00:00,,,,,,,509.0,509.0,1.8446,0.0,1.0,0.7666,0.0,1.0
2025-01-20 13:00:00,,,,,,,509.0,509.0,,,0.0,,,0.0
2025-01-20 14:00:00,,,,,,,509.0,509.0,,,0.0,,,0.0
2025-01-20 15:00:00,,,,,,,2553.0,2552.0,0.8276,0.096999995,5.0,1.3754,0.27669996,5.0
2025-01-20 16:00:00,,,,,,,505.0,505.0,0.489,0.1052,3.0,1.8522999,0.08410001,3.0
2025-01-20 17:00:00,,,,,,,1533.0,1533.0,,,0.0,,,0.0
2025-01-20 18:00:00,,,,,,,1533.0,1533.0,,,0.0,,,0.0
2025-01-20 19:00:00,,,,,,,1533.0,1533.0,,,0.0,,,0.0
2025-01-20 20:00:00,,,,,,,1533.0,1533.0,,,0.0,,,0.0
2025-01-20 21:00:00,,,,,,,1533.0,1533.0,,,0.0,,,0.0
2025-01-20 22:00:00,,,,,,,1533.0,1533.0,,,0.0,,,0.0
2025-01-20 23:00:00,,,,,,,1533.0,1533.0,,,0.0,,,0.0
2025-01-21 00:00:00,,,,,,,1529.0,1529.0,,,0.0,,,0.0
2025-01-21 01:00:00,,,,,,,1529.0,1529.0,,,0.0,,,0.0
2025-01-21 02:00:00,,,,,,,1273.0,1273.0,,,0.0,,,0.0
2025-01-21 03:00:00,,,,,,,1529.0,1529.0,,,0.0,,,0.0
2025-01-21 04:00:00,,,,,,,1533.0,1533.0,,,0.0,,,0.0
2025-01-21 05:00:00,,,,,,,1529.0,1529.0,,,0.0,,,0.0
2025-01-21 06:00:00,,,,,,,1529.0,1529.0,,,0.0,,,0.0
2025-01-21 07:00:00,,,,,,,1273.0,1273.0,,,0.0,,,0.0
2025-01-21 08:00:00,,,,,,,509.0,509.0,,,0.0,,,0.0
2025-01-21 09:00:00,,,,,,,509.0,509.0,1.5494,0.1286,3.0,1.5606,0.068699956,3.0
2025-01-21 10:00:00,,,,,,,249.0,248.0,1.0544,0.00059999997,2.0,1.0339999,0.19629997,2.0
2025-01-21 11:00:00,,,,,,,509.0,509.0,,,0.0,,,0.0
2025-01-21 12:00:00,,,,,,,509.0,509.0,1.0372,0.0726,3.0,0.87679994,0.3178,3.0
2025-01-21 13:00:00,,,,,,,509.0,509.0,1.2396,0.1232,3.0,0.8629999,0.1178,3.0
2025-01-21 14:00:00,,,,,,,509.0,509.0,1.4136,0.0,1.0,0.7666,0.0,1.0
2025-01-21 15:00:00,,,,,,,509.0,509.0,0.9816,0.0,1.0,1.2685,0.0,1.0
2025-01-21 16:00:00,,,,,,,509.0,509.0,1.3518,0.083799995,3.0,1.1544,0.05159998,3.0
2025-01-21 17:00:00,,,,,,,1533.0,1533.0,,,0.0,,,0.0
2025-01-21 18:00:00,,,,,,,1533.0,1533.0,,,0.0,,,0.0
2025-01-21 19:00:00,,,,,,,1533.0,1533.0,,,0.0,,,0.0
2025-01-21 20:00:00,,,,,,,1533.0,1533.0,,,0.0,,,0.0
2025-01-21 21:00:00,,,,,,,1533.0,1533.0,,,0.0,,,0.0
2025-01-21 22:00:00,,,,,,,1533.0,1533.0,,,0.0,,,0.0
2025-01-22 02:00:00,,,,,,,1533.0,1533.0,,,0.0,,,0.0
2025-01-22 03:00:00,,,,,,,1533.0,1533.0,,,0.0,,,0.0
2025-01-22 04:00:00,,,,,,,1529.0,1529.0,,,0.0,,,0.0
2025-01-22 05:00:00,,,,,,,1533.0,1533.0,,,0.0,,,0.0
2025-01-22 06:00:00,,,,,,,1533.0,1533.0,,,0.0,,,0.0
2025-01-22 07:00:00,,,,,,,1533.0,1533.0,,,0.0,,,0.0
2025-01-22 08:00:00,,,,,,,2297.0,2296.0,0.4978,0.045399997,2.0,1.3447,0.11399996,2.0
2025-01-22 09:00:00,0.468,0.3766,0.3454,0.345,,1.0208,192.0,0.0,0.4872,0.0818,5.0,1.314,0.1577,5.0
2025-01-22 10:00:00,0.387,,,,,,449.0,504.0,0.3604,0.033,5.0,0.93299997,0.20789999,5.0
2025-01-22 11:00:00,0.551,,,,,,449.0,504.0,0.464,0.1188,6.0,1.0149,0.3039,6.0
2025-01-22 12:00:00,,,,,,,509.0,509.0,0.7546,0.0,1.0,0.5669,0.0,1.0
2025-01-22 13:00:00,,,,,,,249.0,249.0,0.8494,0.047199998,2.0,1.3806,0.02429998,2.0
2025-01-22 14:00:00,,,,,,,509.0,509.0,0.8264,0.0618,5.0,1.3592,0.19519997,5.0
2025-01-22 15:00:00,,,,,,,509.0,509.0,1.0604,0.0,1.0,1.2020999,0.0,1.0
2025-01-22 16:00:00,,,,,,,509.0,509.0,,,0.0,,,0.0
2025-01-22 17:00:00,,,,,,,1533.0,1533.0,,,0.0,,,0.0
2025-01-22 18:00:00,,,,,,,1533.0,1533.0,,,0.0,,,0.0
2025-01-22 19:00:00,,,,,,,1533.0,1533.0,,,0.0,,,0.0
2025-01-22 20:00:00,,,,,,,1533.0,1533.0,,,0.0,,,0.0
2025-01-22 21:00:00,,,,,,,1533.0,1533.0,,,0.0,,,0.0
2025-01-22 22:00:00,,,,,,,1529.0,1529.0,,,0.0,,,0.0
2025-01-22 23:00:00,,,,,,,1529.0,1529.0,,,0.0,,,0.0
2025-01-23 00:00:00,,,,,,,1533.0,1533.0,,,0.0,,,0.0
2025-01-23 01:00:00,,,,,,,1533.0,1533.0,,,0.0,,,0.0
2025-01-23 02:00:00,,,,,,,1533.0,1533.0,,,0.0,,,0.0
2025-01-23 03:00:00,,,,,,,1533.0,1533.0,,,0.0,,,0.0
2025-01-23 04:00:00,,,,,,,1533.0,1533.0,,,0.0,,,0.0
2025-01-23 05:00:00,,,,,,,1533.0,1533.0,,,0.0,,,0.0
2025-01-23 06:00:00,,,,,,,1533.0,1533.0,,,0.0,,,0.0
2025-01-23 07:00:00,,,,,,,1533.0,1533.0,,,0.0,,,0.0
2025-01-23 08:00:00,,,,,,,509.0,509.0,,,0.0,,,0.0
2025-01-23 09:00:00,,,,,,,509.0,509.0,,,0.0,,,0.0
2025-01-23 10:00:00,,,,,,,509.0,509.0,,,0.0,,,0.0
2025-01-23 11:00:00,,,,,,,509.0,509.0,,,0.0,,,0.0
2025-01-23 12:00:00,,,,,,,509.0,509.0,1.2638,0.0,1.0,1.3662,0.0,1.0
2025-01-23 13:00:00,,,,,,,509.0,509.0,,,0.0,,,0.0
2025-01-23 14:00:00,,,,,,,509.0,509.0,1.556,0.0,1.0,1.697,0.0,1.0
2025-01-23 15:00:00,,,,,,,509.0,509.0,,,0.0,,,0.0
2025-01-23 16:00:00,,,,,,,509.0,509.0,,,0.0,,,0.0
2025-01-23 17:00:00,,,,,,,1533.0,1533.0,,,0.0,,,0.0
2025-01-23 18:00:00,,,,,,,1533.0,1533.0,,,0.0,,,0.0
2025-01-23 19:00:00,,,,,,,1529.0,1529.0,,,0.0,,,0.0
2025-01-23 20:00:00,,,,,,,1529.0,1529.0,,,0.0,,,0.0
2025-01-23 21:00:00,,,,,,,1533.0,1533.0,,,0.0,,,0.0
2025-01-23 22:00:00,,,,,,,1273.0,1273.0,,,0.0,,,0.0
2025-01-23 23:00:00,,,,,,,1273.0,1273.0,,,0.0,,,0.0
2025-01-24 00:00:00,,,,,,,1273.0,1273.0,,,0.0,,,0.0
2025-01-24 01:00:00,,,,,,,1533.0,1533.0,,,0.0,,,0.0
2025-01-24 02:00:00,,,,,,,1533.0,1533.0,,,0.0,,,0.0
2025-01-24 03:00:00,,,,,,,1533.0,1533.0,,,0.0,,,0.0
2025-01-24 04:00:00,,,,,,,1533.0,1533.0,,,0.0,,,0.0
2025-01-24 05:00:00,,,,,,,1273.0,1273.0,,,0.0,,,0.0
2025-01-24 06:00:00,,,,,,,1273.0,1273.0,,,0.0,,,0.0
2025-01-24 07:00:00,,,,,,,1529.0,1529.0,,,0.0,,,0.0
2025-01-24 08:00:00,,,,,,,509.0,509.0,1.9432,0.0,1.0,1.5507,0.0,1.0
2025-01-24 09:00:00,,,,,,,509.0,509.0,2.1002,0.1568,3.0,1.5839999,0.061199963,3.0
2025-01-24 10:00:00,,,,,,,509.0,509.0,2.0016,0.0,1.0,1.1911,0.0,1.0
2025-01-24 11:00:00,,,,,,,505.0,504.0,1.1704,0.097399995,6.0,1.0281999,0.1451,6.0
2025-01-24 12:00:00,,,,,,,509.0,509.0,1.2836,0.0,1.0,0.7300999,0.0,1.0
2025-01-24 13:00:00,,,,,,,509.0,509.0,2.1366,0.0,1.0,0.80439997,0.0,1.0
2025-01-24 14:00:00,,,,,,,509.0,509.0,,,0.0,,,0.0
2025-01-24 15:00:00,,,,,,,509.0,509.0,,,0.0,,,0.0
2025-01-24 16:00:00,,,,,,,509.0,509.0,,,0.0,,,0.0
2025-01-24 17:00:00,,,,,,,1533.0,1533.0,,,0.0,,,0.0
2025-01-24 18:00:00,,,,,,,1533.0,1533.0,,,0.0,,,0.0
2025-01-24 19:00:00,,,,,,,1533.0,1533.0,,,0.0,,,0.0
2025-01-24 20:00:00,,,,,,,1533.0,1533.0,,,0.0,,,0.0
2025-01-24 21:00:00,,,,,,,1533.0,1533.0,,,0.0,,,0.0
2025-01-24 22:00:00,,,,,,,1533.0,1533.0,,,0.0,,,0.0
2025-01-24 23:00:00,,,,,,,1529.0,1529.0,,,0.0,,,0.0
2025-01-25 00:00:00,,,,,,,1533.0,1533.0,,,0.0,,,0.0
2025-01-25 01:00:00,,,,,,,1529.0,1529.0,,,0.0,,,0.0
2025-01-25 02:00:00,,,,,,,1533.0,1533.0,,,0.0,,,0.0
2025-01-25 03:00:00,,,,,,,1533.0,1533.0,,,0.0,,,0.0
2025-01-25 04:00:00,,,,,,,1533.0,1533.0,,,0.0,,,0.0
2025-01-25 05:00:00,,,,,,,1273.0,1273.0,,,0.0,,,0.0
2025-01-25 06:00:00,,,,,,,1273.0,1273.0,,,0.0,,,0.0
2025-01-25 07:00:00,,,,,,,1273.0,1273.0,,,0.0,,,0.0
2025-01-25 08:00:00,,0.7934,,0.2581,,,2296.0,2240.0,0.8074,0.0138,2.0,1.7007,0.021799982,2.0
2025-01-25 09:00:00,0.62119997,0.5938,0.3592,0.3588,,,2240.0,2240.0,0.9206,0.2014,4.0,1.5978,0.094799995,4.0
2025-01-25 10:00:00,,,,,,,509.0,509.0,1.1818,0.2604,4.0,1.51,0.03819996,4.0
2025-01-25 11:00:00,,,,,,,505.0,504.0,0.7436,0.1074,4.0,1.1924,0.29619998,4.0
2025-01-25 12:00:00,0.699,,,,,,2497.0,2552.0,0.71959996,0.0512,6.0,0.9642,0.17199999,6.0
2025-01-25 13:00:00,,,,,,,505.0,504.0,0.96819997,0.2148,5.0,1.1122999,0.1397,5.0
2025-01-25 14:00:00,,,,,,,509.0,509.0,1.2846,0.0,1.0,1.1265,0.0,1.0
2025-01-25 15:00:00,,,,,,,509.0,509.0,,,0.0,,,0.0
2025-01-25 16:00:00,,,,,,,509.0,509.0,1.5238,0.0,1.0,1.1818,0.0,1.0
2025-01-25 17:00:00,,,,,,,1533.0,1533.0,,,0.0,,,0.0
2025-01-25 18:00:00,,,,,,,1533.0,1533.0,,,0.0,,,0.0
2025-01-25 19:00:00,,,,,,,1533.0,1533.0,,,0.0,,,0.0
2025-01-25 20:00:00,,,,,,,1533.0,1533.0,,,0.0,,,0.0
2025-01-25 21:00:00,,,,,,,1529.0,1529.0,,,0.0,,,0.0
2025-01-25 22:00:00,,,,,,,1533.0,1533.0,,,0.0,,,0.0
2025-01-25 23:00:00,,,,,,,1529.0,1529.0,,,0.0,,,0.0
2025-01-26 00:00:00,,,,,,,1533.0,1533.0,,,0.0,,,0.0
2025-01-26 01:00:00,,,,,,,1529.0,1529.0,,,0.0,,,0.0
2025-01-26 02:00:00,,,,,,,1533.0,1533.0,,,0.0,,,0.0
2025-01-26 03:00:00,,,,,,,1533.0,1533.0,,,0.0,,,0.0
2025-01-26 04:00:00,,,,,,,1529.0,1529.0,,,0.0,,,0.0
2025-01-26 05:00:00,,,,,,,1529.0,1529.0,,,0.0,,,0.0
2025-01-26 06:00:00,,,,,,,1273.0,1273.0,,,0.0,,,0.0
2025-01-26 07:00:00,,,,,,,1533.0,1533.0,,,0.0,,,0.0
2025-01-26 08:00:00,,,,,,,509.0,509.0,,,0.0,,,0.0
2025-01-26 09:00:00,,,,,,,509.0,509.0,,,0.0,,,0.0
2025-01-26 10:00:00,,,,,,,509.0,509.0,,,0.0,,,0.0
2025-01-26 11:00:00,,,,,,,509.0,509.0,,,0.0,,,0.0
2025-01-26 12:00:00,,,,,,,505.0,504.0,2.6764,0.0,1.0,0.7049,0.0,1.0
2025-01-26 13:00:00,,,,,,,505.0,504.0,1.9535999,0.076799996,4.0,0.92709994,0.117299974,4.0
2025-01-26 14:00:00,,,,,,,505.0,504.0,1.6492,0.3436,4.0,0.8637999,0.08399999,4.0
2025-01-26 15:00:00,,,,,,,509.0,509.0,1.1028,0.056599997,3.0,1.3033999,0.08399999,3.0
2025-01-26 16:00:00,,,,,,,509.0,509.0,1.2844,0.072399996,3.0,1.2954999,0.03939998,3.0
2025-01-26 17:00:00,,,,,,,1533.0,1533.0,,,0.0,,,0.0
2025-01-26 18:00:00,,,,,,,1533.0,1533.0,,,0.0,,,0.0
2025-01-26 19:00:00,,,,,,,1533.0,1533.0,,,0.0,,,0.0
2025-01-26 20:00:00,,,,,,,1529.0,1529.0,,,0.0,,,0.0
2025-01-26 21:00:00,,,,,,,1529.0,1529.0,,,0.0,,,0.0
2025-01-26 22:00:00,,,,,,,1533.0,1533.0,,,0.0,,,0.0
2025-01-26 23:00:00,,,,,,,1533.0,1533.0,,,0.0,,,0.0
2025-01-27 00:00:00,,,,,,,1533.0,1533.0,,,0.0,,,0.0
2025-01-27 01:00:00,,,,,,,1533.0,1533.0,,,0.0,,,0.0
2025-01-27 02:00:00,,,,,,,1533.0,1533.0,,,0.0,,,0.0
2025-01-27 03:00:00,,,,,,,1533.0,1533.0,,,0.0,,,0.0
2025-01-27 04:00:00,,,,,,,1533.0,1533.0,,,0.0,,,0.0
2025-01-27 05:00:00,,,,,,,1529.0,1529.0,,,0.0,,,0.0
2025-01-27 06:00:00,,,,,,,1533.0,1533.0,,,0.0,,,0.0
2025-01-27 07:00:00,,,,,,,1529.0,1529.0,,,0.0,,,0.0
2025-01-27 08:00:00,,,,,,,509.0,509.0,,,0.0,,,0.0
2025-01-27 09:00:00,,,,,,,509.0,509.0,0.9938,0.26639998,2.0,0.895,0.047800004,2.0
2025-01-27 10:00:00,,,,,,,509.0,509.0,1.7356,0.0,2.0,1.5829,0.0,2.0
2025-01-27 11:00:00,,,,,,,509.0,509.0,1.137,0.008599999,3.0,1.4056,0.22479999,3.0
2025-01-27 12:00:00,,,,,,,509.0,509.0,2.2626,0.0,1.0,0.8658,0.0,1.0
2025-01-27 13:00:00,,,,,,,505.0,504.0,1.1758,0.22,6.0,0.9051,0.245,6.0
2025-01-27 14:00:00,,,,,,,509.0,509.0,0.69519997,0.1048,2.0,0.53709996,0.16469997,2.0
2025-01-27 15:00:00,,,,,,,509.0,509.0,,,0.0,,,0.0
2025-01-27 16:00:00,,,,,,,509.0,509.0,0.8106,0.251,2.0,1.153,0.3117,2.0
2025-01-27 17:00:00,,,,,,,1533.0,1533.0,,,0.0,,,0.0
2025-01-27 18:00:00,,,,,,,1533.0,1533.0,,,0.0,,,0.0
2025-01-27 19:00:00,,,,,,,1273.0,1273.0,,,0.0,,,0.0
2025-01-27 20:00:00,,,,,,,1533.0,1533.0,,,0.0,,,0.0
2025-01-27 21:00:00,,,,,,,1533.0,1533.0,,,0.0,,,0.0
2025-01-27 22:00:00,,,,,,,1273.0,1273.0,,,0.0,,,0.0
2025-01-27 23:00:00,,,,,,,1529.0,1529.0,,,0.0,,,0.0
2025-01-28 00:00:00,,,,,,,1533.0,1533.0,,,0.0,,,0.0
2025-01-28 01:00:00,,,,,,,1533.0,1533.0,,,0.0,,,0.0
2025-01-28 02:00:00,,,,,,,1529.0,1529.0,,,0.0,,,0.0
2025-01-28 03:00:00,,,,,,,1533.0,1533.0,,,0.0,,,0.0
2025-01-28 04:00:00,,,,,,,1529.0,1529.0,,,0.0,,,0.0
2025-01-28 05:00:00,,,,,,,1533.0,1533.0,,,0.0,,,0.0
2025-01-28 06:00:00,,,,,,,1533.0,1533.0,,,0.0,,,0.0
2025-01-28 07:00:00,,,,,,,1529.0,1529.0,,,0.0,,,0.0
2025-01-28 08:00:00,,,,,,,2297.0,2296.0,0.3944,0.0,1.0,1.5095,0.0,1.0
2025-01-28 09:00:00,,,,,,,2297.0,2296.0,0.4912,0.110999994,6.0,1.3334,0.21149999,6.0
2025-01-28 10:00:00,0.405,,,,-0.3371,,1.0,248.0,0.47059998,0.105399996,6.0,0.98749995,0.18470001,6.0
2025-01-28 11:00:00,,,,,,,505.0,504.0,0.81939995,0.0986,6.0,0.80289996,0.27719998,6.0
2025-01-28 12:00:00,,,,,,,509.0,509.0,1.0554,0.0,1.0,0.2338,0.0,1.0
2025-01-28 13:00:00,,,,,,,509.0,509.0,1.9654,0.0,1.0,0.2935,0.0,1.0
2025-01-28 14:00:00,,,,,,,509.0,509.0,,,0.0,,,0.0
2025-01-28 15:00:00,,,,,,,509.0,509.0,1.1848,0.0,1.0,0.4914,0.0,1.0
2025-01-28 16:00:00,,,,,,,505.0,504.0,0.73179996,0.096,3.0,0.5864999,0.033199966,3.0
2025-01-28 17:00:00,,,,,,,1533.0,1533.0,,,0.0,,,0.0
2025-01-28 18:00:00,,,,,,,1529.0,1529.0,,,0.0,,,0.0
2025-01-28 19:00:00,,,,,,,1273.0,1273.0,,,0.0,,,0.0
2025-01-28 20:00:00,,,,,,,1273.0,1273.0,,,0.0,,,0.0
2025-01-28 21:00:00,,,,,,,1529.0,1529.0,,,0.0,,,0.0
2025-01-28 22:00:00,,,,,,,1273.0,1273.0,,,0.0,,,0.0
2025-01-28 23:00:00,,,,,,,1273.0,1273.0,,,0.0,,,0.0
2025-01-29 00:00:00,,,,,,,1273.0,1273.0,,,0.0,,,0.0
2025-01-29 01:00:00,,,,,,,1273.0,1273.0,,,0.0,,,0.0
2025-01-29 02:00:00,,,,,,,1273.0,1273.0,,,0.0,,,0.0
2025-01-29 03:00:00,,,,,,,1273.0,1273.0,,,0.0,,,0.0
2025-01-29 04:00:00,,,,,,,1273.0,1273.0,,,0.0,,,0.0
2025-01-29 05:00:00,,,,,,,1273.0,1273.0,,,0.0,,,0.0
2025-01-29 06:00:00,,,,,,,1529.0,1529.0,,,0.0,,,0.0
2025-01-29 07:00:00,,,,,,,1273.0,1273.0,,,0.0,,,0.0
2025-01-29 08:00:00,,,,,,,509.0,509.0,,,0.0,,,0.0
2025-01-29 09:00:00,,,,,,,2553.0,2552.0,0.83419997,0.084,3.0,1.4499999,0.11799997,3.0
2025-01-29 10:00:00,,,,,,,509.0,509.0,1.1362,0.1118,2.0,1.5576,0.027799964,2.0
2025-01-29 11:00:00,,,,,,,505.0,505.0,,,0.0,,,0.0
2025-01-29 12:00:00,,,,,,,509.0,509.0,0.7388,0.0,1.0,-0.0688,0.0,1.0
2025-01-29 13:00:00,,,,,,,2553.0,2552.0,0.8534,0.0,1.0,1.12,0.0,1.0
2025-01-29 14:00:00,,,,,,,509.0,509.0,0.97859997,0.2592,3.0,0.45309997,0.15319997,3.0
2025-01-29 15:00:00,,,,,,,509.0,509.0,,,0.0,,,0.0
2025-01-29 16:00:00,,,,,,,509.0,509.0,0.6598,0.0,1.0,0.4181,0.0,1.0
2025-01-29 17:00:00,,,,,,,1533.0,1533.0,,,0.0,,,0.0
2025-01-29 18:00:00,,,,,,,1529.0,1529.0,,,0.0,,,0.0
2025-01-29 19:00:00,,,,,,,1533.0,1533.0,,,0.0,,,0.0
2025-01-29 20:00:00,,,,,,,1533.0,1533.0,,,0.0,,,0.0
2025-01-29 21:00:00,,,,,,,1533.0,1533.0,,,0.0,,,0.0
2025-01-29 22:00:00,,,,,,,1533.0,1533.0,,,0.0,,,0.0
2025-01-29 23:00:00,,,,,,,1533.0,1533.0,,,0.0,,,0.0
2025-01-30 00:00:00,,,,,,,1273.0,1273.0,,,0.0,,,0.0
2025-01-30 01:00:00,,,,,,,1529.0,1529.0,,,0.0,,,0.0
2025-01-30 02:00:00,,,,,,,1533.0,1533.0,,,0.0,,,0.0
2025-01-30 03:00:00,,,,,,,1533.0,1533.0,,,0.0,,,0.0
2025-01-30 04:00:00,,,,,,,1529.0,1529.0,,,0.0,,,0.0
2025-01-30 05:00:00,,,,,,,1533.0,1533.0,,,0.0,,,0.0
2025-01-30 06:00:00,,,,,,,1529.0,1529.0,,,0.0,,,0.0
2025-01-30 07:00:00,,,,,,,1533.0,1533.0,,,0.0,,,0.0
2025-01-30 08:00:00,,,,,,,509.0,509.0,,,0.0,,,0.0
2025-01-30 09:00:00,,,,,,,509.0,509.0,,,0.0,,,0.0
2025-01-30 10:00:00,,,,,,,509.0,509.0,,,0.0,,,0.0
2025-01-30 11:00:00,,,,,,,509.0,509.0,,,0.0,,,0.0
2025-01-30 12:00:00,,,,,,,505.0,504.0,1.4218,0.0,1.0,0.68709993,0.0,1.0
2025-01-30 13:00:00,,,,,,,509.0,509.0,,,0.0,,,0.0
2025-01-30 14:00:00,,,,,,,509.0,509.0,,,0.0,,,0.0
2025-01-30 15:00:00,,,,,,,509.0,509.0,0.48979998,0.0,1.0,1.1661999,0.0,1.0
2025-01-30 16:00:00,,,,,,,509.0,509.0,,,0.0,,,0.0
2025-01-30 17:00:00,,,,,,,1529.0,1529.0,,,0.0,,,0.0
2025-01-30 18:00:00,,,,,,,1533.0,1533.0,,,0.0,,,0.0
2025-01-30 19:00:00,,,,,,,1533.0,1533.0,,,0.0,,,0.0
2025-01-30 20:00:00,,,,,,,1533.0,1533.0,,,0.0,,,0.0
2025-01-30 21:00:00,,,,,,,1533.0,1533.0,,,0.0,,,0.0
2025-01-30 22:00:00,,,,,,,1529.0,1529.0,,,0.0,,,0.0
2025-01-30 23:00:00,,,,,,,1533.0,1533.0,,,0.0,,,0.0
2025-01-31 00:00:00,,,,,,,1533.0,1533.0,,,0.0,,,0.0
2025-01-31 01:00:00,,,,,,,1533.0,1533.0,,,0.0,,,0.0
2025-01-31 02:00:00,,,,,,,1273.0,1273.0,,,0.0,,,0.0
2025-01-31 03:00:00,,,,,,,1529.0,1529.0,,,0.0,,,0.0
2025-01-31 04:00:00,,,,,,,1529.0,1529.0,,,0.0,,,0.0
2025-01-31 05:00:00,,,,,,,1533.0,1533.0,,,0.0,,,0.0
2025-01-31 06:00:00,,,,,,,1533.0,1533.0,,,0.0,,,0.0
2025-01-31 07:00:00,,,,,,,1529.0,1529.0,,,0.0,,,0.0
2025-01-31 08:00:00,,,,,,,505.0,504.0,0.8696,0.0,1.0,0.2891,0.0,1.0
2025-01-31 09:00:00,,,,,,,249.0,248.0,0.562,0.077599995,4.0,1.0627999,0.25009996,4.0
2025-01-31 10:00:00,,,,,,,249.0,248.0,0.4856,0.129,2.0,0.43159997,0.5224999,2.0
2025-01-31 11:00:00,0.43219998,,,,,,193.0,249.0,0.3268,0.0492,5.0,0.45389998,0.21499997,5.0
2025-01-31 12:00:00,0.494,,,,,,453.0,509.0,0.4766,0.102199994,4.0,0.21749997,0.2784,4.0
2025-01-31 13:00:00,,,,,,,509.0,509.0,0.3716,0.0892,2.0,1.2885,0.032700002,2.0
2025-01-31 14:00:00,,,,,,,509.0,509.0,,,0.0,,,0.0
2025-01-31 15:00:00,,,,,,,509.0,509.0,,,0.0,,,0.0
2025-01-31 16:00:00,,,,,,,509.0,509.0,,,0.0,,,0.0
2025-01-31 17:00:00,,,,,,,1533.0,1533.0,,,0.0,,,0.0
2025-01-31 18:00:00,,,,,,,1533.0,1533.0,,,0.0,,,0.0
2025-01-31 19:00:00,,,,,,,1533.0,1533.0,,,0.0,,,0.0
2025-01-31 20:00:00,,,,,,,1533.0,1533.0,,,0.0,,,0.0
2025-01-31 21:00:00,,,,,,,1529.0,1529.0,,,0.0,,,0.0
2025-01-31 22:00:00,,,,,,,1533.0,1533.0,,,0.0,,,0.0
2025-01-31 23:00:00,,,,,,,1533.0,1533.0,,,0.0,,,0.0
2025-02-01 00:00:00,,,,,,,1533.0,1533.0,,,0.0,,,0.0
2025-02-01 01:00:00,,,,,,,1529.0,1529.0,,,0.0,,,0.0
2025-02-01 02:00:00,,,,,,,1533.0,1533.0,,,0.0,,,0.0
2025-02-01 03:00:00,,,,,,,1533.0,1533.0,,,0.0,,,0.0
2025-02-01 04:00:00,,,,,,,1533.0,1533.0,,,0.0,,,0.0
2025-02-01 05:00:00,,,,,,,1533.0,1533.0,,,0.0,,,0.0
2025-02-01 06:00:00,,,,,,,1533.0,1533.0,,,0.0,,,0.0
2025-02-01 07:00:00,,,,,,,1529.0,1529.0,,,0.0,,,0.0
2025-02-01 08:00:00,,,,,,,509.0,509.0,,,0.0,,,0.0
2025-02-01 09:00:00,,,,,,,249.0,248.0,0.65099996,0.2346,5.0,1.2433,0.07969999,5.0
2025-02-01 10:00:00,,,,,,,505.0,504.0,0.48999998,0.0936,5.0,0.95719993,0.12849998,5.0
2025-02-01 11:00:00,,,,,,,509.0,509.0,0.7524,0.0448,2.0,0.42579997,0.0015999675,2.0
2025-02-01 12:00:00,,,,,,,505.0,504.0,0.8056,0.102199994,3.0,0.6007999,0.2959,3.0
2025-02-01 13:00:00,,,,,,,509.0,509.0,,,0.0,,,0.0
2025-02-01 14:00:00,,,,,,,509.0,509.0,1.3413999,0.0524,3.0,0.60109997,0.09920001,3.0
2025-02-01 15:00:00,,,,,,,509.0,509.0,,,0.0,,,0.0
2025-02-01 16:00:00,,,,,,,509.0,509.0,,,0.0,,,0.0
2025-02-01 17:00:00,,,,,,,1533.0,1533.0,0.644,0.0,1.0,0.9915,0.0,1.0
2025-02-01 18:00:00,,,,,,,1529.0,1529.0,,,0.0,,,0.0
2025-02-01 19:00:00,,,,,,,1533.0,1533.0,,,0.0,,,0.0
2025-02-01 20:00:00,,,,,,,1529.0,1529.0,,,0.0,,,0.0
2025-02-01 21:00:00,,,,,,,1533.0,1533.0,,,0.0,,,0.0
2025-02-01 22:00:00,,,,,,,1533.0,1533.0,,,0.0,,,0.0
2025-02-01 23:00:00,,,,,,,1533.0,1533.0,,,0.0,,,0.0
2025-02-02 00:00:00,,,,,,,1533.0,1533.0,,,0.0,,,0.0
2025-02-02 01:00:00,,,,,,,1533.0,1533.0,,,0.0,,,0.0
2025-02-02 02:00:00,,,,,,,1533.0,1533.0,,,0.0,,,0.0
2025-02-02 03:00:00,,,,,,,1533.0,1533.0,,,0.0,,,0.0
2025-02-02 04:00:00,,,,,,,1529.0,1529.0,,,0.0,,,0.0
2025-02-02 05:00:00,,,,,,,1533.0,1533.0,,,0.0,,,0.0
2025-02-02 06:00:00,,,,,,,1533.0,1533.0,,,0.0,,,0.0
2025-02-02 07:00:00,,,,,,,1529.0,1529.0,,,0.0,,,0.0
2025-02-02 08:00:00,,,,,,,2553.0,2552.0,0.4348,0.1048,2.0,1.1592,0.1153,2.0
2025-02-02 09:00:00,,,,,,,249.0,248.0,0.5606,0.0932,4.0,0.9886,0.08770001,4.0
2025-02-02 10:00:00,,,,,,,509.0,509.0,0.39,0.029199999,3.0,0.9626,0.08469999,3.0
2025-02-02 11:00:00,,,,,,,249.0,248.0,0.57019997,0.038,2.0,0.722,0.29609996,2.0
2025-02-02 12:00:00,,,,,,,505.0,504.0,0.63019997,0.074999996,5.0,0.8298999,0.20589995,5.0
2025-02-02 13:00:00,,,,,,,2297.0,2296.0,0.527,0.027999999,6.0,1.2916,0.053200006,6.0
2025-02-02 14:00:00,,,,,,,249.0,248.0,0.6538,0.1182,6.0,1.122,0.32419997,6.0
2025-02-02 15:00:00,,,,,,,505.0,504.0,0.9068,0.19219999,6.0,0.6136999,0.16329998,6.0
2025-02-02 16:00:00,,,,,,,249.0,248.0,0.5456,0.0139999995,6.0,1.05,0.13379997,6.0
2025-02-02 17:00:00,,,,,,,1533.0,1533.0,0.5428,0.0,1.0,1.3369,0.0,1.0
2025-02-02 18:00:00,,,,,,,1533.0,1533.0,,,0.0,,,0.0
2025-02-02 19:00:00,,,,,,,1533.0,1533.0,,,0.0,,,0.0
2025-02-02 20:00:00,,,,,,,1533.0,1533.0,,,0.0,,,0.0
2025-02-02 21:00:00,,,,,,,1533.0,1533.0,,,0.0,,,0.0
2025-02-02 22:00:00,,,,,,,1529.0,1529.0,,,0.0,,,0.0
2025-02-02 23:00:00,,,,,,,1533.0,1533.0,,,0.0,,,0.0
2025-02-03 00:00:00,,,,,,,1533.0,1533.0,,,0.0,,,0.0
2025-02-03 01:00:00,,,,,,,1529.0,1529.0,,,0.0,,,0.0
2025-02-03 02:00:00,,,,,,,1273.0,1273.0,,,0.0,,,0.0
2025-02-03 03:00:00,,,,,,,1273.0,1273.0,,,0.0,,,0.0
2025-02-03 04:00:00,,,,,,,1273.0,1273.0,,,0.0,,,0.0
2025-02-03 05:00:00,,,,,,,1273.0,1273.0,,,0.0,,,0.0
2025-02-03 06:00:00,,,,,,,1273.0,1273.0,,,0.0,,,0.0
2025-02-03 07:00:00,,,,,,,1273.0,1273.0,,,0.0,,,0.0
2025-02-03 08:00:00,,,,,,,509.0,509.0,,,0.0,,,0.0
2025-02-03 09:00:00,,,,,,,505.0,505.0,,,0.0,,,0.0
2025-02-03 10:00:00,,,,,,,249.0,248.0,0.4016,0.0,1.0,0.6424,0.0,1.0
2025-02-03 11:00:00,0.30719998,,,,,,453.0,509.0,0.302,0.0392,5.0,1.0446,0.1473,5.0
2025-02-03 12:00:00,,,,,,,509.0,509.0,,,0.0,,,0.0
2025-02-03 13:00:00,,,,,,,509.0,509.0,,,0.0,,,0.0
2025-02-03 14:00:00,,,,,,,509.0,509.0,0.7772,0.011399999,2.0,0.7563,0.0765,2.0
2025-02-03 15:00:00,,,,,,,509.0,509.0,,,0.0,,,0.0
2025-02-03 16:00:00,,,,,,,505.0,504.0,0.34019998,0.0492,2.0,1.275,0.15779996,2.0
2025-02-03 17:00:00,,,,,,,1533.0,1533.0,0.3752,0.0092,2.0,1.2881999,0.07190001,2.0
2025-02-03 18:00:00,,,,,,,1273.0,1273.0,,,0.0,,,0.0
2025-02-03 19:00:00,,,,,,,1529.0,1529.0,,,0.0,,,0.0
2025-02-03 20:00:00,,,,,,,1273.0,1273.0,,,0.0,,,0.0
2025-02-03 21:00:00,,,,,,,1273.0,1273.0,,,0.0,,,0.0
2025-02-03 22:00:00,,,,,,,1529.0,1529.0,,,0.0,,,0.0
2025-02-03 23:00:00,,,,,,,1533.0,1533.0,,,0.0,,,0.0
2025-02-04 00:00:00,,,,,,,1533.0,1533.0,,,0.0,,,0.0
2025-02-04 01:00:00,,,,,,,1273.0,1273.0,,,0.0,,,0.0
2025-02-04 02:00:00,,,,,,,1273.0,1273.0,,,0.0,,,0.0
2025-02-04 03:00:00,,,,,,,1273.0,1273.0,,,0.0,,,0.0
2025-02-04 04:00:00,,,,,,,1273.0,1273.0,,,0.0,,,0.0
2025-02-04 05:00:00,,,,,,,1273.0,1273.0,,,0.0,,,0.0
2025-02-04 06:00:00,,,,,,,1273.0,1273.0,,,0.0,,,0.0
2025-02-04 07:00:00,,,,,,,1273.0,1273.0,,,0.0,,,0.0
2025-02-04 08:00:00,,0.1674,,0.2556,,,2296.0,2240.0,0.1674,0.0,1.0,1.346,0.0,1.0
2025-02-04 09:00:00,0.252,0.235,0.4438,0.4438,,,192.0,192.0,0.2224,0.0142,6.0,1.0173,0.23539996,6.0
2025-02-04 10:00:00,0.239,,,,,,193.0,248.0,0.19839999,0.086399995,6.0,0.7020999,0.22459996,6.0
2025-02-04 11:00:00,,,,,,,249.0,248.0,0.1454,0.0656,5.0,1.0706999,0.14660001,5.0
2025-02-04 12:00:00,0.326,0.3154,0.8124,0.8121,,,192.0,192.0,0.1734,0.068399996,6.0,1.2868999,0.052299976,6.0
2025-02-04 13:00:00,0.44,,,,,,2241.0,2296.0,0.2818,0.081999995,6.0,1.3184999,0.059700012,6.0
2025-02-04 14:00:00,,,,,,,505.0,504.0,0.5922,0.0824,6.0,0.9812,0.43979996,6.0
2025-02-04 15:00:00,,,,,,,249.0,248.0,0.74259996,0.1628,6.0,0.3323,0.21459997,6.0
2025-02-04 16:00:00,,,,,,,505.0,504.0,0.5744,0.1118,6.0,0.84029996,0.2686,6.0
2025-02-04 17:00:00,,,,,,,1533.0,1533.0,0.45839998,0.0056,2.0,1.5037,0.1092,2.0
2025-02-04 18:00:00,,,,,,,1273.0,1273.0,,,0.0,,,0.0
2025-02-04 19:00:00,,,,,,,1273.0,1273.0,,,0.0,,,0.0
2025-02-04 20:00:00,,,,,,,1273.0,1273.0,,,0.0,,,0.0
2025-02-04 21:00:00,,,,,,,1533.0,1533.0,,,0.0,,,0.0
2025-02-04 22:00:00,,,,,,,1529.0,1529.0,,,0.0,,,0.0
2025-02-04 23:00:00,,,,,,,1529.0,1529.0,,,0.0,,,0.0
2025-02-05 00:00:00,,,,,,,1529.0,1529.0,,,0.0,,,0.0
2025-02-05 01:00:00,,,,,,,1273.0,1273.0,,,0.0,,,0.0
2025-02-05 02:00:00,,,,,,,1273.0,1273.0,,,0.0,,,0.0
2025-02-05 03:00:00,,,,,,,1529.0,1529.0,,,0.0,,,0.0
2025-02-05 04:00:00,,,,,,,1273.0,1273.0,,,0.0,,,0.0
2025-02-05 05:00:00,,,,,,,1273.0,1273.0,,,0.0,,,0.0
2025-02-05 06:00:00,,,,,,,1273.0,1273.0,,,0.0,,,0.0
2025-02-05 07:00:00,,,,,,,1273.0,1273.0,,,0.0,,,0.0
2025-02-05 08:00:00,,,,,,,249.0,248.0,0.1218,0.0,1.0,0.9987999,0.0,1.0
2025-02-05 09:00:00,,,,,,,505.0,504.0,0.1374,0.0202,6.0,0.72299993,0.07969999,6.0
2025-02-05 10:00:00,,,,,,,249.0,248.0,0.0752,0.0716,6.0,0.9367,0.4163,6.0
2025-02-05 11:00:00,,,,,,,249.0,248.0,0.1094,0.0682,6.0,0.77619994,0.403,6.0
2025-02-05 12:00:00,,,,,,,249.0,248.0,0.1046,0.0556,4.0,1.2242999,0.04909998,4.0
2025-02-05 13:00:00,,,,,,,509.0,509.0,0.14999999,0.0019999999,2.0,1.3281,0.00999999,2.0
2025-02-05 14:00:00,,,,,,,509.0,509.0,,,0.0,,,0.0
2025-02-05 15:00:00,,,,,,,509.0,509.0,,,0.0,,,0.0
2025-02-05 16:00:00,,,,,,,509.0,509.0,0.28,0.1972,3.0,0.57509995,0.50399995,3.0
2025-02-05 17:00:00,,,,,,,1533.0,1533.0,,,0.0,,,0.0
2025-02-05 18:00:00,,,,,,,1533.0,1533.0,,,0.0,,,0.0
2025-02-05 19:00:00,,,,,,,1533.0,1533.0,,,0.0,,,0.0
2025-02-05 20:00:00,,,,,,,1529.0,1529.0,,,0.0,,,0.0
2025-02-05 21:00:00,,,,,,,1529.0,1529.0,,,0.0,,,0.0
2025-02-05 22:00:00,,,,,,,1533.0,1533.0,,,0.0,,,0.0
2025-02-05 23:00:00,,,,,,,1273.0,1273.0,,,0.0,,,0.0
2025-02-06 00:00:00,,,,,,,1529.0,1529.0,,,0.0,,,0.0
2025-02-06 01:00:00,,,,,,,1533.0,1533.0,,,0.0,,,0.0
2025-02-06 02:00:00,,,,,,,1533.0,1533.0,,,0.0,,,0.0
2025-02-06 03:00:00,,,,,,,1273.0,1273.0,,,0.0,,,0.0
2025-02-06 04:00:00,,,,,,,1273.0,1273.0,,,0.0,,,0.0
2025-02-06 05:00:00,,,,,,,1273.0,1273.0,,,0.0,,,0.0
2025-02-06 06:00:00,,,,,,,1273.0,1273.0,,,0.0,,,0.0
2025-02-06 07:00:00,,,,,,,1273.0,1273.0,,,0.0,,,0.0
2025-02-06 08:00:00,,,,,,,2297.0,2296.0,0.391,0.0009999999,2.0,1.5088999,0.21149999,2.0
2025-02-06 09:00:00,,,,,,,505.0,504.0,0.5688,0.0892,6.0,0.926,0.17649996,6.0
2025-02-06 10:00:00,,,,,,,249.0,248.0,0.174,0.0712,6.0,0.6946,0.33609998,6.0
2025-02-06 11:00:00,0.214,,,,,,193.0,248.0,0.1094,0.03,5.0,0.87099993,0.27199996,5.0
2025-02-06 12:00:00,,,,,,,249.0,248.0,0.0914,0.0072,3.0,1.262,0.028100014,3.0
2025-02-06 13:00:00,,,,,,,2297.0,2296.0,0.081999995,0.0764,6.0,1.2649,0.096300006,6.0
2025-02-06 14:00:00,,,,,,,249.0,248.0,0.2902,0.0438,6.0,0.93069994,0.13839996,6.0
2025-02-06 15:00:00,,,,,,,509.0,509.0,0.8104,0.0672,3.0,-0.066300005,0.05669999,3.0
2025-02-06 16:00:00,,,,,,,505.0,505.0,0.23519999,0.13759999,5.0,0.9354,0.22889996,5.0
2025-02-06 17:00:00,,,,,,,1533.0,1533.0,0.3286,0.031,2.0,1.4750999,0.14289999,2.0
2025-02-06 18:00:00,,,,,,,1533.0,1533.0,,,0.0,,,0.0
2025-02-06 19:00:00,,,,,,,1533.0,1533.0,,,0.0,,,0.0
2025-02-06 20:00:00,,,,,,,1533.0,1533.0,,,0.0,,,0.0
2025-02-06 21:00:00,,,,,,,1533.0,1533.0,,,0.0,,,0.0
2025-02-06 22:00:00,,,,,,,1533.0,1533.0,,,0.0,,,0.0
2025-02-06 23:00:00,,,,,,,1533.0,1533.0,,,0.0,,,0.0
2025-02-07 00:00:00,,,,,,,1533.0,1533.0,,,0.0,,,0.0
2025-02-07 01:00:00,,,,,,,1529.0,1529.0,,,0.0,,,0.0
2025-02-07 02:00:00,,,,,,,1529.0,1529.0,,,0.0,,,0.0
2025-02-07 03:00:00,,,,,,,1533.0,1533.0,,,0.0,,,0.0
2025-02-07 04:00:00,,,,,,,1533.0,1533.0,,,0.0,,,0.0
2025-02-07 05:00:00,,,,,,,1533.0,1533.0,,,0.0,,,0.0
2025-02-07 06:00:00,,,,,,,1529.0,1529.0,,,0.0,,,0.0
2025-02-07 07:00:00,,,,,,,1529.0,1529.0,,,0.0,,,0.0
2025-02-07 08:00:00,,,,,,,2297.0,2296.0,0.35979998,0.0,1.0,1.4602,0.0,1.0
2025-02-07 09:00:00,,0.1096,,0.4323,,,248.0,192.0,0.2332,0.0676,6.0,1.1291,0.18669999,6.0
2025-02-07 10:00:00,0.2242,,,,,,193.0,248.0,0.109799996,0.078999996,5.0,0.8859,0.3161,5.0
2025-02-07 11:00:00,,,,,,,2553.0,2552.0,0.2374,0.094799995,5.0,1.0737,0.26629996,5.0
2025-02-07 12:00:00,,,,,,,505.0,504.0,0.8376,0.0,1.0,0.4339,0.0,1.0
2025-02-07 13:00:00,,,,,,,509.0,509.0,,,0.0,,,0.0
2025-02-07 14:00:00,,,,,,,509.0,509.0,,,0.0,,,0.0
2025-02-07 15:00:00,,,,,,,509.0,509.0,,,0.0,,,0.0
2025-02-07 16:00:00,,,,,,,509.0,509.0,,,0.0,,,0.0
2025-02-07 17:00:00,,,,,,,1533.0,1533.0,,,0.0,,,0.0
2025-02-07 18:00:00,,,,,,,1533.0,1533.0,,,0.0,,,0.0
2025-02-07 19:00:00,,,,,,,1533.0,1533.0,,,0.0,,,0.0
2025-02-07 20:00:00,,,,,,,1533.0,1533.0,,,0.0,,,0.0
2025-02-07 21:00:00,,,,,,,1533.0,1533.0,,,0.0,,,0.0
2025-02-07 22:00:00,,,,,,,1529.0,1529.0,,,0.0,,,0.0
2025-02-07 23:00:00,,,,,,,1533.0,1533.0,,,0.0,,,0.0
2025-02-08 00:00:00,,,,,,,1533.0,1533.0,,,0.0,,,0.0
2025-02-08 01:00:00,,,,,,,1533.0,1533.0,,,0.0,,,0.0
2025-02-08 02:00:00,,,,,,,1533.0,1533.0,,,0.0,,,0.0
2025-02-08 03:00:00,,,,,,,1533.0,1533.0,,,0.0,,,0.0
2025-02-08 04:00:00,,,,,,,1533.0,1533.0,,,0.0,,,0.0
2025-02-08 05:00:00,,,,,,,1533.0,1533.0,,,0.0,,,0.0
2025-02-08 06:00:00,,,,,,,1529.0,1529.0,,,0.0,,,0.0
2025-02-08 07:00:00,,,,,,,1533.0,1533.0,,,0.0,,,0.0
2025-02-08 08:00:00,,,,,,,249.0,248.0,0.1498,0.0,1.0,0.9145,0.0,1.0
2025-02-08 09:00:00,0.226,0.1338,0.43429998,0.4341,,,192.0,192.0,0.1586,0.0158,6.0,0.8634,0.12400001,6.0
2025-02-08 10:00:00,0.1898,0.2474,0.36659998,0.3664,,,192.0,192.0,0.1396,0.056199998,6.0,0.6501,0.32019997,6.0
2025-02-08 11:00:00,,,,,,,505.0,504.0,0.21859999,0.085,6.0,0.72229993,0.24649996,6.0
2025-02-08 12:00:00,,,,,,,509.0,509.0,0.3178,0.027999999,3.0,1.1080999,0.21139997,3.0
2025-02-08 13:00:00,,,,,,,509.0,509.0,,,0.0,,,0.0
2025-02-08 14:00:00,,,,,,,509.0,509.0,,,0.0,,,0.0
2025-02-08 15:00:00,,,,,,,509.0,509.0,,,0.0,,,0.0
2025-02-08 16:00:00,,,,,,,509.0,509.0,,,0.0,,,0.0
2025-02-08 17:00:00,,,,,,,1533.0,1533.0,0.5416,0.0,1.0,1.2379999,0.0,1.0
2025-02-08 18:00:00,,,,,,,1533.0,1533.0,,,0.0,,,0.0
2025-02-08 19:00:00,,,,,,,1533.0,1533.0,,,0.0,,,0.0
2025-02-08 20:00:00,,,,,,,1533.0,1533.0,,,0.0,,,0.0
2025-02-08 21:00:00,,,,,,,1533.0,1533.0,,,0.0,,,0.0
2025-02-08 22:00:00,,,,,,,1533.0,1533.0,,,0.0,,,0.0
2025-02-08 23:00:00,,,,,,,1533.0,1533.0,,,0.0,,,0.0
2025-02-09 00:00:00,,,,,,,1533.0,1533.0,,,0.0,,,0.0
2025-02-09 01:00:00,,,,,,,1529.0,1529.0,,,0.0,,,0.0
2025-02-09 02:00:00,,,,,,,1273.0,1273.0,,,0.0,,,0.0
2025-02-09 03:00:00,,,,,,,1529.0,1529.0,,,0.0,,,0.0
2025-02-09 04:00:00,,,,,,,1529.0,1529.0,,,0.0,,,0.0
2025-02-09 05:00:00,,,,,,,1273.0,1273.0,,,0.0,,,0.0
2025-02-09 06:00:00,,,,,,,1273.0,1273.0,,,0.0,,,0.0
2025-02-09 07:00:00,,,,,,,1273.0,1273.0,,,0.0,,,0.0
2025-02-09 08:00:00,,0.1296,,0.2698,,,248.0,192.0,0.1296,0.0,1.0,0.9749999,0.0,1.0
2025-02-09 09:00:00,0.213,,,,,,193.0,248.0,0.1766,0.0332,6.0,0.694,0.2353,6.0
2025-02-09 10:00:00,,,,,,,249.0,248.0,0.16499999,0.0824,6.0,0.5767,0.22959995,6.0
2025-02-09 11:00:00,,,,,,,249.0,248.0,0.2128,0.078999996,6.0,0.6338999,0.30789995,6.0
2025-02-09 12:00:00,,,,,,,509.0,509.0,0.22819999,0.102199994,2.0,0.8512,0.2119,2.0
2025-02-09 13:00:00,,,,,,,509.0,509.0,0.7234,0.0,1.0,0.51600003,0.0,1.0
2025-02-09 14:00:00,,,,,,,509.0,509.0,,,0.0,,,0.0
2025-02-09 15:00:00,,,,,,,509.0,509.0,,,0.0,,,0.0
2025-02-09 16:00:00,,,,,,,509.0,509.0,,,0.0,,,0.0
2025-02-09 17:00:00,,,,,,,1533.0,1533.0,,,0.0,,,0.0
2025-02-09 18:00:00,,,,,,,1273.0,1273.0,,,0.0,,,0.0
2025-02-09 19:00:00,,,,,,,1273.0,1273.0,,,0.0,,,0.0
2025-02-09 20:00:00,,,,,,,1273.0,1273.0,,,0.0,,,0.0
2025-02-09 21:00:00,,,,,,,1273.0,1273.0,,,0.0,,,0.0
2025-02-09 22:00:00,,,,,,,1533.0,1533.0,,,0.0,,,0.0
2025-02-09 23:00:00,,,,,,,1273.0,1273.0,,,0.0,,,0.0
2025-02-10 00:00:00,,,,,,,1529.0,1529.0,,,0.0,,,0.0
2025-02-10 01:00:00,,,,,,,1273.0,1273.0,,,0.0,,,0.0
2025-02-10 02:00:00,,,,,,,1529.0,1529.0,,,0.0,,,0.0
2025-02-10 03:00:00,,,,,,,1529.0,1529.0,,,0.0,,,0.0
2025-02-10 04:00:00,,,,,,,1533.0,1533.0,,,0.0,,,0.0
2025-02-10 05:00:00,,,,,,,1533.0,1533.0,,,0.0,,,0.0
2025-02-10 06:00:00,,,,,,,1533.0,1533.0,,,0.0,,,0.0
2025-02-10 07:00:00,,,,,,,1533.0,1533.0,,,0.0,,,0.0
2025-02-10 08:00:00,,,,,,,509.0,509.0,,,0.0,,,0.0
2025-02-10 09:00:00,,,,,,,509.0,509.0,,,0.0,,,0.0
2025-02-10 10:00:00,,,,,,,509.0,509.0,0.7436,0.0,1.0,0.8571999,0.0,1.0
2025-02-10 11:00:00,,,,,,,509.0,509.0,0.4396,0.015199999,3.0,0.86259997,0.39489996,3.0
2025-02-10 12:00:00,,,,,,,505.0,504.0,0.6622,0.304,4.0,0.6802,0.4885,4.0
2025-02-10 13:00:00,,,,,,,509.0,509.0,,,0.0,,,0.0
2025-02-10 14:00:00,,,,,,,509.0,509.0,,,0.0,,,0.0
2025-02-10 15:00:00,,,,,,,509.0,509.0,,,0.0,,,0.0
2025-02-10 16:00:00,,,,,,,509.0,509.0,,,0.0,,,0.0
2025-02-10 17:00:00,,,,,,,1533.0,1533.0,,,0.0,,,0.0
2025-02-10 18:00:00,,,,,,,1533.0,1533.0,,,0.0,,,0.0
2025-02-10 19:00:00,,,,,,,1533.0,1533.0,,,0.0,,,0.0
2025-02-10 20:00:00,,,,,,,1533.0,1533.0,,,0.0,,,0.0
2025-02-10 21:00:00,,,,,,,1533.0,1533.0,,,0.0,,,0.0
2025-02-10 22:00:00,,,,,,,1533.0,1533.0,,,0.0,,,0.0
2025-02-10 23:00:00,,,,,,,1533.0,1533.0,,,0.0,,,0.0
2025-02-11 00:00:00,,,,,,,1533.0,1533.0,,,0.0,,,0.0
2025-02-11 01:00:00,,,,,,,1533.0,1533.0,,,0.0,,,0.0
2025-02-11 02:00:00,,,,,,,1533.0,1533.0,,,0.0,,,0.0
2025-02-11 03:00:00,,,,,,,1533.0,1533.0,,,0.0,,,0.0
2025-02-11 04:00:00,,,,,,,1533.0,1533.0,,,0.0,,,0.0
2025-02-11 05:00:00,,,,,,,1533.0,1533.0,,,0.0,,,0.0
2025-02-11 06:00:00,,,,,,,1533.0,1533.0,,,0.0,,,0.0
2025-02-11 07:00:00,,,,,,,1533.0,1533.0,,,0.0,,,0.0
2025-02-11 08:00:00,,,,,,,509.0,509.0,,,0.0,,,0.0
2025-02-11 09:00:00,,,,,,,509.0,509.0,,,0.0,,,0.0
2025-02-11 10:00:00,,,,,,,509.0,509.0,,,0.0,,,0.0
2025-02-11 11:00:00,,,,,,,509.0,509.0,1.8124,0.0,1.0,0.5647,0.0,1.0
2025-02-11 12:00:00,,,,,,,509.0,509.0,1.7099999,0.0556,2.0,0.032700002,0.039200008,2.0
2025-02-11 13:00:00,,,,,,,509.0,509.0,,,0.0,,,0.0
2025-02-11 14:00:00,,,,,,,509.0,509.0,,,0.0,,,0.0
2025-02-11 15:00:00,,,,,,,509.0,509.0,,,0.0,,,0.0
2025-02-11 16:00:00,,,,,,,509.0,509.0,,,0.0,,,0.0
2025-02-11 17:00:00,,,,,,,1533.0,1533.0,,,0.0,,,0.0
2025-02-11 18:00:00,,,,,,,1533.0,1533.0,,,0.0,,,0.0
2025-02-11 19:00:00,,,,,,,1533.0,1533.0,,,0.0,,,0.0
2025-02-11 20:00:00,,,,,,,1533.0,1533.0,,,0.0,,,0.0
2025-02-11 21:00:00,,,,,,,1533.0,1533.0,,,0.0,,,0.0
2025-02-11 22:00:00,,,,,,,1529.0,1529.0,,,0.0,,,0.0
2025-02-11 23:00:00,,,,,,,1533.0,1533.0,,,0.0,,,0.0
2025-02-12 00:00:00,,,,,,,1529.0,1529.0,,,0.0,,,0.0
2025-02-12 01:00:00,,,,,,,1529.0,1529.0,,,0.0,,,0.0
2025-02-12 02:00:00,,,,,,,1273.0,1273.0,,,0.0,,,0.0
2025-02-12 03:00:00,,,,,,,1529.0,1529.0,,,0.0,,,0.0
2025-02-12 04:00:00,,,,,,,1533.0,1533.0,,,0.0,,,0.0
2025-02-12 05:00:00,,,,,,,1533.0,1533.0,,,0.0,,,0.0
2025-02-12 06:00:00,,,,,,,1529.0,1529.0,,,0.0,,,0.0
2025-02-12 07:00:00,,,,,,,1533.0,1533.0,,,0.0,,,0.0
2025-02-12 08:00:00,,,,,,,2553.0,2552.0,1.0741999,0.1392,2.0,1.8358998,0.04829997,2.0
2025-02-12 09:00:00,,,,,,,509.0,509.0,1.214,0.1802,3.0,1.7293,0.17759997,3.0
2025-02-12 10:00:00,,,,,,,509.0,509.0,,,0.0,,,0.0
2025-02-12 11:00:00,,,,,,,509.0,509.0,,,0.0,,,0.0
2025-02-12 12:00:00,,,,,,,509.0,509.0,,,0.0,,,0.0
2025-02-12 13:00:00,,,,,,,509.0,509.0,,,0.0,,,0.0
2025-02-12 14:00:00,,,,,,,509.0,509.0,,,0.0,,,0.0
2025-02-12 15:00:00,,,,,,,509.0,509.0,,,0.0,,,0.0
2025-02-12 16:00:00,,,,,,,509.0,509.0,1.2148,0.0,1.0,0.6933,0.0,1.0
2025-02-12 17:00:00,,,,,,,1533.0,1533.0,,,0.0,,,0.0
2025-02-12 18:00:00,,,,,,,1533.0,1533.0,,,0.0,,,0.0
2025-02-12 19:00:00,,,,,,,1533.0,1533.0,,,0.0,,,0.0
2025-02-12 20:00:00,,,,,,,1533.0,1533.0,,,0.0,,,0.0
2025-02-12 21:00:00,,,,,,,1533.0,1533.0,,,0.0,,,0.0
2025-02-12 22:00:00,,,,,,,1533.0,1533.0,,,0.0,,,0.0
2025-02-12 23:00:00,,,,,,,1529.0,1529.0,,,0.0,,,0.0
2025-02-13 00:00:00,,,,,,,1533.0,1533.0,,,0.0,,,0.0
2025-02-13 01:00:00,,,,,,,1529.0,1529.0,,,0.0,,,0.0
2025-02-13 02:00:00,,,,,,,1533.0,1533.0,,,0.0,,,0.0
2025-02-13 03:00:00,,,,,,,1533.0,1533.0,,,0.0,,,0.0
2025-02-13 04:00:00,,,,,,,1533.0,1533.0,,,0.0,,,0.0
2025-02-13 05:00:00,,,,,,,1533.0,1533.0,,,0.0,,,0.0
2025-02-13 06:00:00,,,,,,,1533.0,1533.0,,,0.0,,,0.0
2025-02-13 07:00:00,,,,,,,1533.0,1533.0,,,0.0,,,0.0
2025-02-13 08:00:00,,,,,,,509.0,509.0,,,0.0,,,0.0
2025-02-13 09:00:00,,,,,,,509.0,509.0,,,0.0,,,0.0
2025-02-13 10:00:00,,,,,,,509.0,509.0,,,0.0,,,0.0
2025-02-13 11:00:00,,,,,,,509.0,509.0,,,0.0,,,0.0
2025-02-13 12:00:00,,,,,,,509.0,509.0,,,0.0,,,0.0
2025-02-13 13:00:00,,,,,,,509.0,509.0,,,0.0,,,0.0
2025-02-13 14:00:00,,,,,,,505.0,504.0,2.1498,0.0,1.0,1.0518,0.0,1.0
2025-02-13 15:00:00,,,,,,,509.0,509.0,,,0.0,,,0.0
2025-02-13 16:00:00,,,,,,,509.0,509.0,,,0.0,,,0.0
2025-02-13 17:00:00,,,,,,,1533.0,1533.0,,,0.0,,,0.0
2025-02-13 18:00:00,,,,,,,1529.0,1529.0,,,0.0,,,0.0
2025-02-13 19:00:00,,,,,,,1529.0,1529.0,,,0.0,,,0.0
2025-02-13 20:00:00,,,,,,,1533.0,1533.0,,,0.0,,,0.0
2025-02-13 21:00:00,,,,,,,1533.0,1533.0,,,0.0,,,0.0
2025-02-13 22:00:00,,,,,,,1529.0,1529.0,,,0.0,,,0.0
2025-02-13 23:00:00,,,,,,,1533.0,1533.0,,,0.0,,,0.0
2025-02-14 00:00:00,,,,,,,1529.0,1529.0,,,0.0,,,0.0
2025-02-14 01:00:00,,,,,,,1273.0,1273.0,,,0.0,,,0.0
2025-02-14 02:00:00,,,,,,,1273.0,1273.0,,,0.0,,,0.0
2025-02-14 03:00:00,,,,,,,1273.0,1273.0,,,0.0,,,0.0
2025-02-14 04:00:00,,,,,,,1273.0,1273.0,,,0.0,,,0.0
2025-02-14 05:00:00,,,,,,,1529.0,1529.0,,,0.0,,,0.0
2025-02-14 06:00:00,,,,,,,1529.0,1529.0,,,0.0,,,0.0
2025-02-14 07:00:00,,,,,,,1533.0,1533.0,,,0.0,,,0.0
2025-02-14 08:00:00,,,,,,,509.0,509.0,,,0.0,,,0.0
2025-02-14 09:00:00,,,,,,,509.0,509.0,,,0.0,,,0.0
2025-02-14 10:00:00,,,,,,,509.0,509.0,,,0.0,,,0.0
2025-02-14 11:00:00,,,,,,,509.0,509.0,,,0.0,,,0.0
2025-02-14 12:00:00,,,,,,,509.0,509.0,,,0.0,,,0.0
2025-02-14 13:00:00,,,,,,,509.0,509.0,,,0.0,,,0.0
2025-02-14 14:00:00,,,,,,,509.0,509.0,,,0.0,,,0.0
2025-02-14 15:00:00,,,,,,,509.0,509.0,,,0.0,,,0.0
2025-02-14 16:00:00,,,,,,,509.0,509.0,1.0131999,0.1232,2.0,0.71729994,0.12549996,2.0
2025-02-14 17:00:00,,,,,,,1533.0,1533.0,,,0.0,,,0.0
2025-02-14 18:00:00,,,,,,,1273.0,1273.0,,,0.0,,,0.0
2025-02-14 19:00:00,,,,,,,1273.0,1273.0,,,0.0,,,0.0
2025-02-14 20:00:00,,,,,,,1273.0,1273.0,,,0.0,,,0.0
2025-02-14 21:00:00,,,,,,,1529.0,1529.0,,,0.0,,,0.0
2025-02-14 22:00:00,,,,,,,1273.0,1273.0,,,0.0,,,0.0
2025-02-14 23:00:00,,,,,,,1529.0,1529.0,,,0.0,,,0.0
2025-02-15 00:00:00,,,,,,,1529.0,1529.0,,,0.0,,,0.0
2025-02-15 01:00:00,,,,,,,1533.0,1533.0,,,0.0,,,0.0
2025-02-15 02:00:00,,,,,,,1533.0,1533.0,,,0.0,,,0.0
2025-02-15 03:00:00,,,,,,,1529.0,1529.0,,,0.0,,,0.0
2025-02-15 04:00:00,,,,,,,1273.0,1273.0,,,0.0,,,0.0
2025-02-15 05:00:00,,,,,,,1273.0,1273.0,,,0.0,,,0.0
2025-02-15 06:00:00,,,,,,,1273.0,1273.0,,,0.0,,,0.0
2025-02-15 07:00:00,,,,,,,1533.0,1533.0,,,0.0,,,0.0
2025-02-15 08:00:00,,,,,,,509.0,509.0,,,0.0,,,0.0
2025-02-15 09:00:00,,,,,,,509.0,509.0,,,0.0,,,0.0
2025-02-15 10:00:00,,,,,,,509.0,509.0,,,0.0,,,0.0
2025-02-15 11:00:00,,,,,,,509.0,509.0,,,0.0,,,0.0
2025-02-15 12:00:00,,,,,,,509.0,509.0,,,0.0,,,0.0
2025-02-15 13:00:00,,,,,,,509.0,509.0,,,0.0,,,0.0
2025-02-15 14:00:00,,,,,,,509.0,509.0,,,0.0,,,0.0
2025-02-15 15:00:00,,,,,,,509.0,509.0,,,0.0,,,0.0
2025-02-15 16:00:00,,,,,,,509.0,509.0,,,0.0,,,0.0
2025-02-15 17:00:00,,,,,,,1533.0,1533.0,,,0.0,,,0.0
2025-02-15 18:00:00,,,,,,,1533.0,1533.0,,,0.0,,,0.0
2025-02-15 19:00:00,,,,,,,1533.0,1533.0,,,0.0,,,0.0
2025-02-15 20:00:00,,,,,,,1529.0,1529.0,,,0.0,,,0.0
2025-02-15 21:00:00,,,,,,,1273.0,1273.0,,,0.0,,,0.0
2025-02-15 22:00:00,,,,,,,1273.0,1273.0,,,0.0,,,0.0
2025-02-15 23:00:00,,,,,,,1273.0,1273.0,,,0.0,,,0.0
2025-02-16 00:00:00,,,,,,,1273.0,1273.0,,,0.0,,,0.0
2025-02-16 01:00:00,,,,,,,1533.0,1533.0,,,0.0,,,0.0
2025-02-16 02:00:00,,,,,,,1533.0,1533.0,,,0.0,,,0.0
2025-02-16 03:00:00,,,,,,,1529.0,1529.0,,,0.0,,,0.0
2025-02-16 04:00:00,,,,,,,1273.0,1273.0,,,0.0,,,0.0
2025-02-16 05:00:00,,,,,,,1273.0,1273.0,,,0.0,,,0.0
2025-02-16 06:00:00,,,,,,,1533.0,1533.0,,,0.0,,,0.0
2025-02-16 07:00:00,,,,,,,1533.0,1533.0,,,0.0,,,0.0
2025-02-16 08:00:00,,,,,,,509.0,509.0,,,0.0,,,0.0
2025-02-16 09:00:00,,,,,,,509.0,509.0,,,0.0,,,0.0
2025-02-16 10:00:00,,,,,,,509.0,509.0,,,0.0,,,0.0
2025-02-16 11:00:00,,,,,,,505.0,504.0,1.6006,0.0,1.0,0.5454,0.0,1.0
2025-02-16 12:00:00,,,,,,,509.0,509.0,1.4779999,0.3412,4.0,0.6622,0.16839999,4.0
2025-02-16 13:00:00,,,,,,,505.0,504.0,3.6179998,0.1524,2.0,0.41249996,0.21179998,2.0
2025-02-16 14:00:00,,,,,,,509.0,509.0,,,0.0,,,0.0
2025-02-16 15:00:00,,,,,,,509.0,509.0,,,0.0,,,0.0
2025-02-16 16:00:00,,,,,,,509.0,509.0,1.004,0.1096,2.0,1.1946,0.025699973,2.0
2025-02-16 17:00:00,,,,,,,1533.0,1533.0,,,0.0,,,0.0
2025-02-16 18:00:00,,,,,,,1529.0,1529.0,,,0.0,,,0.0
2025-02-16 19:00:00,,,,,,,1533.0,1533.0,,,0.0,,,0.0
2025-02-16 20:00:00,,,,,,,1533.0,1533.0,,,0.0,,,0.0
2025-02-16 21:00:00,,,,,,,1533.0,1533.0,,,0.0,,,0.0
2025-02-16 22:00:00,,,,,,,1533.0,1533.0,,,0.0,,,0.0
2025-02-16 23:00:00,,,,,,,1529.0,1529.0,,,0.0,,,0.0
2025-02-17 00:00:00,,,,,,,1529.0,1529.0,,,0.0,,,0.0
2025-02-17 01:00:00,,,,,,,1273.0,1273.0,,,0.0,,,0.0
2025-02-17 02:00:00,,,,,,,1273.0,1273.0,,,0.0,,,0.0
2025-02-17 03:00:00,,,,,,,1529.0,1529.0,,,0.0,,,0.0
2025-02-17 04:00:00,,,,,,,1529.0,1529.0,,,0.0,,,0.0
2025-02-17 05:00:00,,,,,,,1533.0,1533.0,,,0.0,,,0.0
2025-02-17 06:00:00,,,,,,,1529.0,1529.0,,,0.0,,,0.0
2025-02-17 07:00:00,,,,,,,1533.0,1533.0,,,0.0,,,0.0
2025-02-17 08:00:00,,,,,,,249.0,248.0,0.2082,0.0398,3.0,1.2701,0.04069996,3.0
2025-02-17 09:00:00,,,,,,,249.0,248.0,0.18679999,0.0284,6.0,0.93349993,0.15169996,6.0
2025-02-17 10:00:00,,,,,,,249.0,248.0,0.2924,0.1204,6.0,1.0618,0.40679997,6.0
2025-02-17 11:00:00,,,,,,,505.0,504.0,0.24139999,0.1294,4.0,0.76549995,0.4174,4.0
2025-02-17 12:00:00,,,,,,,509.0,509.0,0.5036,0.0848,2.0,0.6256,0.027999997,2.0
2025-02-17 13:00:00,,,,,,,509.0,509.0,,,0.0,,,0.0
2025-02-17 14:00:00,,,,,,,509.0,509.0,,,0.0,,,0.0
2025-02-17 15:00:00,,,,,,,509.0,509.0,,,0.0,,,0.0
2025-02-17 16:00:00,,,,,,,509.0,509.0,,,0.0,,,0.0
2025-02-17 17:00:00,,,,,,,1533.0,1533.0,,,0.0,,,0.0
2025-02-17 18:00:00,,,,,,,1533.0,1533.0,,,0.0,,,0.0
2025-02-17 19:00:00,,,,,,,1529.0,1529.0,,,0.0,,,0.0
2025-02-17 20:00:00,,,,,,,1273.0,1273.0,,,0.0,,,0.0
2025-02-17 21:00:00,,,,,,,1273.0,1273.0,,,0.0,,,0.0
2025-02-17 22:00:00,,,,,,,1533.0,1533.0,,,0.0,,,0.0
2025-02-17 23:00:00,,,,,,,1529.0,1529.0,,,0.0,,,0.0
2025-02-18 00:00:00,,,,,,,1273.0,1273.0,,,0.0,,,0.0
2025-02-18 01:00:00,,,,,,,1533.0,1533.0,,,0.0,,,0.0
2025-02-18 02:00:00,,,,,,,1529.0,1529.0,,,0.0,,,0.0
2025-02-18 03:00:00,,,,,,,1533.0,1533.0,,,0.0,,,0.0
2025-02-18 04:00:00,,,,,,,1533.0,1533.0,,,0.0,,,0.0
2025-02-18 05:00:00,,,,,,,1533.0,1533.0,,,0.0,,,0.0
2025-02-18 06:00:00,,,,,,,1529.0,1529.0,,,0.0,,,0.0
2025-02-18 07:00:00,,,,,,,1533.0,1533.0,,,0.0,,,0.0
2025-02-18 08:00:00,,,,,,,505.0,504.0,0.6048,0.0,1.0,1.1215,0.0,1.0
2025-02-18 09:00:00,,,,,,,505.0,504.0,0.6116,0.047199998,3.0,1.2786,0.10369998,3.0
2025-02-18 10:00:00,,,,,,,505.0,504.0,0.4974,0.0308,4.0,1.3577,0.5092,4.0
2025-02-18 11:00:00,,,,,,,509.0,509.0,0.6296,0.040599998,4.0,1.0485,0.16479999,4.0
2025-02-18 12:00:00,,,,,,,509.0,509.0,,,0.0,,,0.0
2025-02-18 13:00:00,,,,,,,509.0,509.0,,,0.0,,,0.0
2025-02-18 14:00:00,,,,,,,509.0,509.0,,,0.0,,,0.0
2025-02-18 15:00:00,,,,,,,509.0,509.0,,,0.0,,,0.0
2025-02-18 16:00:00,,,,,,,509.0,509.0,0.8074,0.0,1.0,1.1344,0.0,1.0
2025-02-18 17:00:00,,,,,,,1533.0,1533.0,,,0.0,,,0.0
2025-02-18 18:00:00,,,,,,,1533.0,1533.0,,,0.0,,,0.0
2025-02-18 19:00:00,,,,,,,1533.0,1533.0,,,0.0,,,0.0
2025-02-18 20:00:00,,,,,,,1533.0,1533.0,,,0.0,,,0.0
2025-02-18 21:00:00,,,,,,,1533.0,1533.0,,,0.0,,,0.0
2025-02-18 22:00:00,,,,,,,1529.0,1529.0,,,0.0,,,0.0
2025-02-18 23:00:00,,,,,,,1533.0,1533.0,,,0.0,,,0.0
2025-02-19 00:00:00,,,,,,,1529.0,1529.0,,,0.0,,,0.0
2025-02-19 01:00:00,,,,,,,1273.0,1273.0,,,0.0,,,0.0
2025-02-19 02:00:00,,,,,,,1273.0,1273.0,,,0.0,,,0.0
2025-02-19 03:00:00,,,,,,,1273.0,1273.0,,,0.0,,,0.0
2025-02-19 04:00:00,,,,,,,1533.0,1533.0,,,0.0,,,0.0
2025-02-19 05:00:00,,,,,,,1533.0,1533.0,,,0.0,,,0.0
2025-02-19 06:00:00,,,,,,,1533.0,1533.0,,,0.0,,,0.0
2025-02-19 07:00:00,,,,,,,1533.0,1533.0,,,0.0,,,0.0
2025-02-19 08:00:00,,,,,,,509.0,509.0,,,0.0,,,0.0
2025-02-19 09:00:00,,,,,,,509.0,509.0,,,0.0,,,0.0
2025-02-19 10:00:00,,,,,,,509.0,509.0,,,0.0,,,0.0
2025-02-19 11:00:00,,,,,,,505.0,504.0,2.7684,0.0,1.0,0.2202,0.0,1.0
2025-02-19 12:00:00,,,,,,,509.0,509.0,,,0.0,,,0.0
2025-02-19 13:00:00,,,,,,,509.0,509.0,1.7464,0.1866,2.0,0.62909997,0.047500014,2.0
2025-02-19 14:00:00,,,,,,,509.0,509.0,1.4383999,0.031999998,2.0,0.5855,0.1415,2.0
2025-02-19 15:00:00,,,,,,,509.0,509.0,0.6796,0.085,3.0,1.4007,0.5151,3.0
2025-02-19 16:00:00,,,,,,,509.0,509.0,0.82019997,0.1364,2.0,1.1229999,0.1286,2.0
2025-02-19 17:00:00,,,,,,,1533.0,1533.0,,,0.0,,,0.0
2025-02-19 18:00:00,,,,,,,1533.0,1533.0,,,0.0,,,0.0
2025-02-19 19:00:00,,,,,,,1533.0,1533.0,,,0.0,,,0.0
2025-02-19 20:00:00,,,,,,,1533.0,1533.0,,,0.0,,,0.0
2025-02-19 21:00:00,,,,,,,1533.0,1533.0,,,0.0,,,0.0
2025-02-19 22:00:00,,,,,,,1533.0,1533.0,,,0.0,,,0.0
2025-02-19 23:00:00,,,,,,,1533.0,1533.0,,,0.0,,,0.0
2025-02-20 00:00:00,,,,,,,1533.0,1533.0,,,0.0,,,0.0
2025-02-20 01:00:00,,,,,,,1533.0,1533.0,,,0.0,,,0.0
2025-02-20 02:00:00,,,,,,,1533.0,1533.0,,,0.0,,,0.0
2025-02-20 03:00:00,,,,,,,1273.0,1273.0,,,0.0,,,0.0
2025-02-20 04:00:00,,,,,,,1273.0,1273.0,,,0.0,,,0.0
2025-02-20 05:00:00,,,,,,,1529.0,1529.0,,,0.0,,,0.0
2025-02-20 06:00:00,,,,,,,1529.0,1529.0,,,0.0,,,0.0
2025-02-20 07:00:00,,,,,,,1273.0,1273.0,,,0.0,,,0.0
2025-02-20 08:00:00,,,,,,,509.0,509.0,,,0.0,,,0.0
2025-02-20 09:00:00,,,,,,,249.0,248.0,0.2942,0.0402,6.0,0.7709,0.19729996,6.0
2025-02-20 10:00:00,,,,,,,509.0,509.0,0.3712,0.039,3.0,1.3129,0.42999995,3.0
2025-02-20 11:00:00,,,,,,,505.0,504.0,0.5026,0.0828,3.0,1.1834999,0.47609997,3.0
2025-02-20 12:00:00,,,,,,,2297.0,2296.0,0.375,0.065,5.0,1.2081,0.2583,5.0
2025-02-20 13:00:00,,,,,,,509.0,509.0,0.49139997,0.090399995,3.0,1.2806,0.061100006,3.0
2025-02-20 14:00:00,,,,,,,509.0,509.0,0.7962,0.1144,3.0,0.39309996,0.08859998,3.0
2025-02-20 15:00:00,,,,,,,505.0,505.0,,,0.0,,,0.0
2025-02-20 16:00:00,,,,,,,509.0,509.0,,,0.0,,,0.0
2025-02-20 17:00:00,,,,,,,1533.0,1533.0,,,0.0,,,0.0
2025-02-20 18:00:00,,,,,,,1533.0,1533.0,,,0.0,,,0.0
2025-02-20 19:00:00,,,,,,,1529.0,1529.0,,,0.0,,,0.0
2025-02-20 20:00:00,,,,,,,1533.0,1533.0,,,0.0,,,0.0
2025-02-20 21:00:00,,,,,,,1533.0,1533.0,,,0.0,,,0.0
2025-02-20 22:00:00,,,,,,,1533.0,1533.0,,,0.0,,,0.0
2025-02-20 23:00:00,,,,,,,1533.0,1533.0,,,0.0,,,0.0
2025-02-21 00:00:00,,,,,,,1533.0,1533.0,,,0.0,,,0.0
2025-02-21 01:00:00,,,,,,,1533.0,1533.0,,,0.0,,,0.0
2025-02-21 02:00:00,,,,,,,1533.0,1533.0,,,0.0,,,0.0
2025-02-21 03:00:00,,,,,,,1529.0,1529.0,,,0.0,,,0.0
2025-02-21 04:00:00,,,,,,,1533.0,1533.0,,,0.0,,,0.0
2025-02-21 05:00:00,,,,,,,1533.0,1533.0,,,0.0,,,0.0
2025-02-21 06:00:00,,,,,,,1529.0,1529.0,,,0.0,,,0.0
2025-02-21 07:00:00,,,,,,,1273.0,1273.0,,,0.0,,,0.0
2025-02-21 08:00:00,,,,,,,505.0,504.0,0.65459996,0.0208,2.0,0.49969995,0.15130001,2.0
2025-02-21 09:00:00,,,,,,,2297.0,2296.0,0.7208,0.0696,4.0,0.81229997,0.21429998,4.0
2025-02-21 10:00:00,,,,,,,505.0,504.0,0.8682,0.1582,4.0,1.0445,0.23299998,4.0
2025-02-21 11:00:00,,,,,,,509.0,509.0,0.78,0.15799999,2.0,1.2305,0.24619997,2.0
2025-02-21 12:00:00,,,,,,,509.0,509.0,1.5208,0.0,1.0,0.7803,0.0,1.0
2025-02-21 13:00:00,,,,,,,509.0,509.0,,,0.0,,,0.0
2025-02-21 14:00:00,,,,,,,509.0,509.0,,,0.0,,,0.0
2025-02-21 15:00:00,,,,,,,509.0,509.0,,,0.0,,,0.0
2025-02-21 16:00:00,,,,,,,509.0,509.0,1.9964,0.0,1.0,0.4975,0.0,1.0
2025-02-21 17:00:00,,,,,,,1533.0,1533.0,,,0.0,,,0.0
2025-02-21 18:00:00,,,,,,,1533.0,1533.0,,,0.0,,,0.0
2025-02-21 19:00:00,,,,,,,1529.0,1529.0,,,0.0,,,0.0
2025-02-21 20:00:00,,,,,,,1533.0,1533.0,,,0.0,,,0.0
2025-02-21 21:00:00,,,,,,,1533.0,1533.0,,,0.0,,,0.0
2025-02-21 22:00:00,,,,,,,1533.0,1533.0,,,0.0,,,0.0
2025-02-21 23:00:00,,,,,,,1273.0,1273.0,,,0.0,,,0.0
2025-02-22 00:00:00,,,,,,,1273.0,1273.0,,,0.0,,,0.0
2025-02-22 01:00:00,,,,,,,1273.0,1273.0,,,0.0,,,0.0
2025-02-22 02:00:00,,,,,,,1273.0,1273.0,,,0.0,,,0.0
2025-02-22 03:00:00,,,,,,,1273.0,1273.0,,,0.0,,,0.0
2025-02-22 04:00:00,,,,,,,1533.0,1533.0,,,0.0,,,0.0
2025-02-22 05:00:00,,,,,,,1273.0,1273.0,,,0.0,,,0.0
2025-02-22 06:00:00,,,,,,,1533.0,1533.0,,,0.0,,,0.0
2025-02-22 07:00:00,,,,,,,1533.0,1533.0,,,0.0,,,0.0
2025-02-22 08:00:00,,,,,,,505.0,505.0,,,0.0,,,0.0
2025-02-22 09:00:00,,,,,,,509.0,509.0,,,0.0,,,0.0
2025-02-22 10:00:00,,,,,,,509.0,509.0,,,0.0,,,0.0
2025-02-22 11:00:00,,,,,,,509.0,509.0,,,0.0,,,0.0
2025-02-22 12:00:00,,,,,,,509.0,509.0,,,0.0,,,0.0
2025-02-22 13:00:00,,,,,,,509.0,509.0,,,0.0,,,0.0
2025-02-22 14:00:00,,,,,,,509.0,509.0,,,0.0,,,0.0
2025-02-22 15:00:00,,,,,,,509.0,509.0,,,0.0,,,0.0
2025-02-22 16:00:00,,,,,,,509.0,509.0,,,0.0,,,0.0
2025-02-22 17:00:00,,,,,,,1533.0,1533.0,,,0.0,,,0.0
2025-02-22 18:00:00,,,,,,,1533.0,1533.0,,,0.0,,,0.0
2025-02-22 19:00:00,,,,,,,1529.0,1529.0,,,0.0,,,0.0
2025-02-22 20:00:00,,,,,,,1533.0,1533.0,,,0.0,,,0.0
2025-02-22 21:00:00,,,,,,,1533.0,1533.0,,,0.0,,,0.0
2025-02-22 22:00:00,,,,,,,1533.0,1533.0,,,0.0,,,0.0
2025-02-22 23:00:00,,,,,,,1533.0,1533.0,,,0.0,,,0.0
2025-02-23 00:00:00,,,,,,,1533.0,1533.0,,,0.0,,,0.0
2025-02-23 01:00:00,,,,,,,1533.0,1533.0,,,0.0,,,0.0
2025-02-23 02:00:00,,,,,,,1533.0,1533.0,,,0.0,,,0.0
2025-02-23 03:00:00,,,,,,,1273.0,1273.0,,,0.0,,,0.0
2025-02-23 04:00:00,,,,,,,1533.0,1533.0,,,0.0,,,0.0
2025-02-23 05:00:00,,,,,,,1533.0,1533.0,,,0.0,,,0.0
2025-02-23 06:00:00,,,,,,,1533.0,1533.0,,,0.0,,,0.0
2025-02-23 07:00:00,,,,,,,1533.0,1533.0,,,0.0,,,0.0
2025-02-23 08:00:00,,,,,,,509.0,509.0,,,0.0,,,0.0
2025-02-23 09:00:00,,,,,,,509.0,509.0,,,0.0,,,0.0
2025-02-23 10:00:00,,,,,,,509.0,509.0,,,0.0,,,0.0
2025-02-23 11:00:00,,,,,,,509.0,509.0,,,0.0,,,0.0
2025-02-23 12:00:00,,,,,,,509.0,509.0,,,0.0,,,0.0
2025-02-23 13:00:00,,,,,,,509.0,509.0,,,0.0,,,0.0
2025-02-23 14:00:00,,,,,,,509.0,509.0,,,0.0,,,0.0
2025-02-23 15:00:00,,,,,,,509.0,509.0,,,0.0,,,0.0
2025-02-23 16:00:00,,,,,,,509.0,509.0,,,0.0,,,0.0
2025-02-23 17:00:00,,,,,,,1533.0,1533.0,,,0.0,,,0.0
2025-02-23 18:00:00,,,,,,,1533.0,1533.0,,,0.0,,,0.0
2025-02-23 19:00:00,,,,,,,1533.0,1533.0,,,0.0,,,0.0
2025-02-23 20:00:00,,,,,,,1533.0,1533.0,,,0.0,,,0.0
2025-02-23 21:00:00,,,,,,,1529.0,1529.0,,,0.0,,,0.0
2025-02-23 22:00:00,,,,,,,1273.0,1273.0,,,0.0,,,0.0
2025-02-23 23:00:00,,,,,,,1273.0,1273.0,,,0.0,,,0.0
2025-02-24 00:00:00,,,,,,,1529.0,1529.0,,,0.0,,,0.0
2025-02-24 01:00:00,,,,,,,1533.0,1533.0,,,0.0,,,0.0
2025-02-24 02:00:00,,,,,,,1529.0,1529.0,,,0.0,,,0.0
2025-02-24 03:00:00,,,,,,,1529.0,1529.0,,,0.0,,,0.0
2025-02-24 04:00:00,,,,,,,1533.0,1533.0,,,0.0,,,0.0
2025-02-24 05:00:00,,,,,,,1533.0,1533.0,,,0.0,,,0.0
2025-02-24 06:00:00,,,,,,,1533.0,1533.0,,,0.0,,,0.0
2025-02-24 07:00:00,,,,,,,1533.0,1533.0,,,0.0,,,0.0
2025-02-24 08:00:00,,,,,,,509.0,509.0,,,0.0,,,0.0
2025-02-24 09:00:00,,,,,,,505.0,504.0,0.2728,0.0,1.0,0.6919999,0.0,1.0
2025-02-24 10:00:00,,,,,,,509.0,509.0,,,0.0,,,0.0
2025-02-24 11:00:00,,,,,,,509.0,509.0,1.1544,0.1692,2.0,0.46269995,0.022799969,2.0
2025-02-24 12:00:00,,,,,,,509.0,509.0,,,0.0,,,0.0
2025-02-24 13:00:00,,,,,,,509.0,509.0,,,0.0,,,0.0
2025-02-24 14:00:00,,,,,,,509.0,509.0,,,0.0,,,0.0
2025-02-24 15:00:00,,,,,,,509.0,509.0,,,0.0,,,0.0
2025-02-24 16:00:00,,,,,,,509.0,509.0,,,0.0,,,0.0
2025-02-24 17:00:00,,,,,,,1533.0,1533.0,,,0.0,,,0.0
2025-02-24 18:00:00,,,,,,,1533.0,1533.0,,,0.0,,,0.0
2025-02-24 19:00:00,,,,,,,1533.0,1533.0,,,0.0,,,0.0
2025-02-24 20:00:00,,,,,,,1533.0,1533.0,,,0.0,,,0.0
2025-02-24 21:00:00,,,,,,,1529.0,1529.0,,,0.0,,,0.0
2025-02-24 22:00:00,,,,,,,1529.0,1529.0,,,0.0,,,0.0
2025-02-24 23:00:00,,,,,,,1273.0,1273.0,,,0.0,,,0.0
2025-02-25 00:00:00,,,,,,,1529.0,1529.0,,,0.0,,,0.0
2025-02-25 01:00:00,,,,,,,1273.0,1273.0,,,0.0,,,0.0
2025-02-25 02:00:00,,,,,,,1533.0,1533.0,,,0.0,,,0.0
2025-02-25 03:00:00,,,,,,,1273.0,1273.0,,,0.0,,,0.0
2025-02-25 04:00:00,,,,,,,1533.0,1533.0,,,0.0,,,0.0
2025-02-25 05:00:00,,,,,,,1533.0,1533.0,,,0.0,,,0.0
2025-02-25 06:00:00,,,,,,,1533.0,1533.0,,,0.0,,,0.0
2025-02-25 07:00:00,,,,,,,1533.0,1533.0,,,0.0,,,0.0
2025-02-25 08:00:00,,,,,,,509.0,509.0,,,0.0,,,0.0
2025-02-25 09:00:00,,,,,,,509.0,509.0,,,0.0,,,0.0
2025-02-25 10:00:00,,,,,,,509.0,509.0,,,0.0,,,0.0
2025-02-25 11:00:00,,,,,,,505.0,505.0,0.9472,0.0,1.0,0.16780001,0.0,1.0
2025-02-25 12:00:00,,,,,,,509.0,509.0,,,0.0,,,0.0
2025-02-25 13:00:00,,,,,,,509.0,509.0,,,0.0,,,0.0
2025-02-25 14:00:00,,,,,,,509.0,509.0,,,0.0,,,0.0
2025-02-25 15:00:00,,,,,,,509.0,509.0,,,0.0,,,0.0
2025-02-25 16:00:00,,,,,,,509.0,509.0,,,0.0,,,0.0
2025-02-25 17:00:00,,,,,,,1533.0,1533.0,,,0.0,,,0.0
2025-02-25 18:00:00,,,,,,,1533.0,1533.0,,,0.0,,,0.0
2025-02-25 19:00:00,,,,,,,1529.0,1529.0,,,0.0,,,0.0
2025-02-25 20:00:00,,,,,,,1533.0,1533.0,,,0.0,,,0.0
2025-02-25 21:00:00,,,,,,,1533.0,1533.0,,,0.0,,,0.0
2025-02-25 22:00:00,,,,,,,1533.0,1533.0,,,0.0,,,0.0
2025-02-25 23:00:00,,,,,,,1533.0,1533.0,,,0.0,,,0.0
2025-02-26 00:00:00,,,,,,,1533.0,1533.0,,,0.0,,,0.0
2025-02-26 01:00:00,,,,,,,1533.0,1533.0,,,0.0,,,0.0
2025-02-26 02:00:00,,,,,,,1533.0,1533.0,,,0.0,,,0.0
2025-02-26 03:00:00,,,,,,,1533.0,1533.0,,,0.0,,,0.0
2025-02-26 04:00:00,,,,,,,1533.0,1533.0,,,0.0,,,0.0
2025-02-26 05:00:00,,,,,,,1533.0,1533.0,,,0.0,,,0.0
2025-02-26 06:00:00,,,,,,,1533.0,1533.0,,,0.0,,,0.0
2025-02-26 07:00:00,,,,,,,1533.0,1533.0,,,0.0,,,0.0
2025-02-26 08:00:00,,,,,,,505.0,504.0,0.4842,0.0,1.0,0.2134,0.0,1.0
2025-02-26 09:00:00,,,,,,,509.0,509.0,0.5214,0.0442,2.0,0.2453,0.3498,2.0
2025-02-26 10:00:00,,,,,,,505.0,504.0,1.1444,0.2436,2.0,0.78839993,0.3531,2.0
2025-02-26 11:00:00,,,,,,,509.0,509.0,0.5352,0.3576,3.0,0.3351,0.3028,3.0
2025-02-26 12:00:00,,,,,,,509.0,509.0,,,0.0,,,0.0
2025-02-26 13:00:00,,,,,,,509.0,509.0,,,0.0,,,0.0
2025-02-26 14:00:00,,,,,,,509.0,509.0,,,0.0,,,0.0
2025-02-26 15:00:00,,,,,,,509.0,509.0,,,0.0,,,0.0
2025-02-26 16:00:00,,,,,,,505.0,505.0,,,0.0,,,0.0
2025-02-26 17:00:00,,,,,,,1533.0,1533.0,,,0.0,,,0.0
2025-02-26 18:00:00,,,,,,,1533.0,1533.0,,,0.0,,,0.0
2025-02-26 19:00:00,,,,,,,1529.0,1529.0,,,0.0,,,0.0
2025-02-26 20:00:00,,,,,,,1529.0,1529.0,,,0.0,,,0.0
2025-02-26 21:00:00,,,,,,,1529.0,1529.0,,,0.0,,,0.0
2025-02-26 22:00:00,,,,,,,1529.0,1529.0,,,0.0,,,0.0
2025-02-26 23:00:00,,,,,,,1533.0,1533.0,,,0.0,,,0.0
2025-02-27 00:00:00,,,,,,,1273.0,1273.0,,,0.0,,,0.0
2025-02-27 01:00:00,,,,,,,1529.0,1529.0,,,0.0,,,0.0
2025-02-27 02:00:00,,,,,,,1529.0,1529.0,,,0.0,,,0.0
2025-02-27 03:00:00,,,,,,,1533.0,1533.0,,,0.0,,,0.0
2025-02-27 04:00:00,,,,,,,1529.0,1529.0,,,0.0,,,0.0
2025-02-27 05:00:00,,,,,,,1273.0,1273.0,,,0.0,,,0.0
2025-02-27 06:00:00,,,,,,,1533.0,1533.0,,,0.0,,,0.0
2025-02-27 07:00:00,,,,,,,1533.0,1533.0,,,0.0,,,0.0
2025-02-27 08:00:00,,,,,,,509.0,509.0,,,0.0,,,0.0
2025-02-27 09:00:00,,,,,,,249.0,248.0,0.1006,0.0446,4.0,1.1125,0.13069999,4.0
2025-02-27 10:00:00,,,,,,,509.0,509.0,0.13679999,0.0016,4.0,1.1367999,0.07440001,4.0
2025-02-27 11:00:00,,,,,,,249.0,248.0,0.0858,0.0448,4.0,0.8994,0.27179998,4.0
2025-02-27 12:00:00,,,,,,,509.0,509.0,0.0928,0.012399999,3.0,1.1759,0.08340001,3.0
2025-02-27 13:00:00,,,,,,,2553.0,2552.0,0.3304,0.0458,3.0,1.1797999,0.047199965,3.0
2025-02-27 14:00:00,,,,,,,505.0,504.0,0.2276,0.123399995,5.0,1.2121999,0.23619998,5.0
2025-02-27 15:00:00,,,,,,,509.0,509.0,0.3312,0.1046,3.0,0.78499997,0.2949,3.0
2025-02-27 16:00:00,,,,,,,505.0,505.0,0.306,0.011,2.0,1.6940999,0.077499986,2.0
2025-02-27 17:00:00,,,,,,,1533.0,1533.0,,,0.0,,,0.0
2025-02-27 18:00:00,,,,,,,1533.0,1533.0,,,0.0,,,0.0
2025-02-27 19:00:00,,,,,,,1529.0,1529.0,,,0.0,,,0.0
2025-02-27 20:00:00,,,,,,,1273.0,1273.0,,,0.0,,,0.0
2025-02-27 21:00:00,,,,,,,1273.0,1273.0,,,0.0,,,0.0
2025-02-27 22:00:00,,,,,,,1273.0,1273.0,,,0.0,,,0.0
2025-02-27 23:00:00,,,,,,,1273.0,1273.0,,,0.0,,,0.0
2025-02-28 00:00:00,,,,,,,1273.0,1273.0,,,0.0,,,0.0
2025-02-28 01:00:00,,,,,,,1273.0,1273.0,,,0.0,,,0.0
2025-02-28 02:00:00,,,,,,,1273.0,1273.0,,,0.0,,,0.0
2025-02-28 03:00:00,,,,,,,1529.0,1529.0,,,0.0,,,0.0
2025-02-28 04:00:00,,,,,,,1529.0,1529.0,,,0.0,,,0.0
2025-02-28 05:00:00,,,,,,,1529.0,1529.0,,,0.0,,,0.0
2025-02-28 06:00:00,,,,,,,1529.0,1529.0,,,0.0,,,0.0
2025-02-28 07:00:00,,,,,,,1533.0,1533.0,,,0.0,,,0.0
2025-02-28 08:00:00,,,,,,,2297.0,2296.0,0.53,0.1854,3.0,0.9318999,0.59169996,3.0
2025-02-28 09:00:00,0.32439998,0.2662,0.4163,0.4163,,,2240.0,2240.0,0.232,0.0336,6.0,1.4928,0.15429997,6.0
2025-02-28 10:00:00,0.255,0.2642,0.3083,0.3082,,,192.0,192.0,0.2564,0.0648,6.0,1.2162,0.33249998,6.0
2025-02-28 11:00:00,0.289,,,,-0.24060002,,261.0,509.0,0.242,0.0156,5.0,1.4224,0.39269996,5.0
2025-02-28 12:00:00,,,,,,,509.0,509.0,,,0.0,,,0.0
2025-02-28 13:00:00,,,,,,,509.0,509.0,,,0.0,,,0.0
2025-02-28 14:00:00,,,,,,,509.0,509.0,0.7736,0.1156,2.0,0.98379993,0.17909998,2.0
2025-02-28 15:00:00,,,,,,,509.0,509.0,,,0.0,,,0.0
2025-02-28 16:00:00,,,,,,,509.0,509.0,,,0.0,,,0.0
2025-02-28 17:00:00,,,,,,,1533.0,1533.0,,,0.0,,,0.0
2025-02-28 18:00:00,,,,,,,1273.0,1273.0,,,0.0,,,0.0
2025-02-28 19:00:00,,,,,,,1273.0,1273.0,,,0.0,,,0.0
2025-02-28 20:00:00,,,,,,,1273.0,1273.0,,,0.0,,,0.0
2025-02-28 21:00:00,,,,,,,1273.0,1273.0,,,0.0,,,0.0
2025-02-28 22:00:00,,,,,,,1273.0,1273.0,,,0.0,,,0.0
2025-02-28 23:00:00,,,,,,,1273.0,1273.0,,,0.0,,,0.0
2025-03-01 00:00:00,,,,,,,1273.0,1273.0,,,0.0,,,0.0
2025-03-01 01:00:00,,,,,,,1273.0,1273.0,,,0.0,,,0.0
2025-03-01 02:00:00,,,,,,,1273.0,1273.0,,,0.0,,,0.0
2025-03-01 03:00:00,,,,,,,1273.0,1273.0,,,0.0,,,0.0
2025-03-01 04:00:00,,,,,,,1273.0,1273.0,,,0.0,,,0.0
2025-03-01 05:00:00,,,,,,,1273.0,1273.0,,,0.0,,,0.0
2025-03-01 06:00:00,,,,,,,1273.0,1273.0,,,0.0,,,0.0
2025-03-01 07:00:00,,,,,,,1273.0,1273.0,,,0.0,,,0.0
2025-03-01 08:00:00,,,,,,,2553.0,2552.0,0.56659997,0.1228,2.0,1.0361999,0.8836,2.0
2025-03-01 09:00:00,,,,,,,2297.0,2296.0,0.248,0.0444,4.0,1.2983999,0.13559997,4.0
2025-03-01 10:00:00,,,,,,,249.0,248.0,0.2852,0.036599997,6.0,1.0731,0.36329997,6.0
2025-03-01 11:00:00,,,,,,,249.0,248.0,0.181,0.074599996,6.0,1.12,0.37829995,6.0
2025-03-01 12:00:00,,,,,,,509.0,509.0,0.33319998,0.0682,5.0,1.1184,0.13809997,5.0
2025-03-01 13:00:00,,,,,,,509.0,509.0,,,0.0,,,0.0
2025-03-01 14:00:00,,,,,,,505.0,505.0,,,0.0,,,0.0
2025-03-01 15:00:00,,,,,,,509.0,509.0,,,0.0,,,0.0
2025-03-01 16:00:00,,,,,,,509.0,509.0,,,0.0,,,0.0
2025-03-01 17:00:00,,,,,,,1533.0,1533.0,,,0.0,,,0.0
2025-03-01 18:00:00,,,,,,,1533.0,1533.0,,,0.0,,,0.0
2025-03-01 19:00:00,,,,,,,1529.0,1529.0,,,0.0,,,0.0
2025-03-01 20:00:00,,,,,,,1529.0,1529.0,,,0.0,,,0.0
2025-03-01 21:00:00,,,,,,,1529.0,1529.0,,,0.0,,,0.0
2025-03-01 22:00:00,,,,,,,1533.0,1533.0,,,0.0,,,0.0
2025-03-01 23:00:00,,,,,,,1273.0,1273.0,,,0.0,,,0.0
2025-03-02 00:00:00,,,,,,,1273.0,1273.0,,,0.0,,,0.0
2025-03-02 01:00:00,,,,,,,1273.0,1273.0,,,0.0,,,0.0
2025-03-02 02:00:00,,,,,,,1533.0,1533.0,,,0.0,,,0.0
2025-03-02 03:00:00,,,,,,,1533.0,1533.0,,,0.0,,,0.0
2025-03-02 04:00:00,,,,,,,1273.0,1273.0,,,0.0,,,0.0
2025-03-02 05:00:00,,,,,,,1533.0,1533.0,,,0.0,,,0.0
2025-03-02 06:00:00,,,,,,,1273.0,1273.0,,,0.0,,,0.0
2025-03-02 07:00:00,,,,,,,1529.0,1529.0,,,0.0,,,0.0
2025-03-02 08:00:00,,,,,,,509.0,509.0,,,0.0,,,0.0
2025-03-02 09:00:00,,,,,,,509.0,509.0,,,0.0,,,0.0
2025-03-02 10:00:00,,,,,,,505.0,504.0,0.4122,0.054199997,2.0,0.7444999,0.3354,2.0
2025-03-02 11:00:00,,,,,,,249.0,248.0,0.396,0.1024,6.0,1.1718,0.4141,6.0
2025-03-02 12:00:00,,,,,,,509.0,509.0,0.9158,0.1024,4.0,0.8382,0.19959998,4.0
2025-03-02 13:00:00,,,,,,,505.0,504.0,1.678,0.1806,3.0,0.6589999,0.08840001,3.0
2025-03-02 14:00:00,,,,,,,509.0,509.0,1.8246,0.0,1.0,0.54129994,0.0,1.0
2025-03-02 15:00:00,,,,,,,509.0,509.0,,,0.0,,,0.0
2025-03-02 16:00:00,,,,,,,509.0,509.0,,,0.0,,,0.0
2025-03-02 17:00:00,,,,,,,1533.0,1533.0,,,0.0,,,0.0
2025-03-02 18:00:00,,,,,,,1529.0,1529.0,,,0.0,,,0.0
2025-03-02 19:00:00,,,,,,,1273.0,1273.0,,,0.0,,,0.0
2025-03-02 20:00:00,,,,,,,1273.0,1273.0,,,0.0,,,0.0
2025-03-02 21:00:00,,,,,,,1273.0,1273.0,,,0.0,,,0.0
2025-03-02 22:00:00,,,,,,,1273.0,1273.0,,,0.0,,,0.0
2025-03-02 23:00:00,,,,,,,1273.0,1273.0,,,0.0,,,0.0
2025-03-03 00:00:00,,,,,,,1273.0,1273.0,,,0.0,,,0.0
2025-03-03 01:00:00,,,,,,,1273.0,1273.0,,,0.0,,,0.0
2025-03-03 02:00:00,,,,,,,1273.0,1273.0,,,0.0,,,0.0
2025-03-03 03:00:00,,,,,,,1273.0,1273.0,,,0.0,,,0.0
2025-03-03 04:00:00,,,,,,,1529.0,1529.0,,,0.0,,,0.0
2025-03-03 05:00:00,,,,,,,1273.0,1273.0,,,0.0,,,0.0
2025-03-03 06:00:00,,,,,,,1273.0,1273.0,,,0.0,,,0.0
2025-03-03 07:00:00,,,,,,,1533.0,1533.0,,,0.0,,,0.0
2025-03-03 08:00:00,,,,,,,2297.0,2296.0,0.259,0.1388,2.0,0.9275999,0.6653,2.0
2025-03-03 09:00:00,,,,,,,249.0,248.0,0.114199996,0.036,5.0,1.2039,0.17069995,5.0
2025-03-03 10:00:00,,,,,,,249.0,248.0,0.2104,0.021399999,6.0,0.8097999,0.4393,6.0
2025-03-03 11:00:00,,,,,,,249.0,248.0,0.116799995,0.0748,6.0,0.9756,0.28889996,6.0
2025-03-03 12:00:00,,,,,,,509.0,509.0,0.3784,0.0396,3.0,0.9341999,0.1548,3.0
2025-03-03 13:00:00,,,,,,,509.0,509.0,0.5938,0.0,1.0,1.0209999,0.0,1.0
2025-03-03 14:00:00,,,,,,,509.0,509.0,,,0.0,,,0.0
2025-03-03 15:00:00,,,,,,,509.0,509.0,,,0.0,,,0.0
2025-03-03 16:00:00,,,,,,,509.0,509.0,,,0.0,,,0.0
2025-03-03 17:00:00,,,,,,,1533.0,1533.0,,,0.0,,,0.0
2025-03-03 18:00:00,,,,,,,1529.0,1529.0,,,0.0,,,0.0
2025-03-03 19:00:00,,,,,,,1273.0,1273.0,,,0.0,,,0.0
2025-03-03 20:00:00,,,,,,,1529.0,1529.0,,,0.0,,,0.0
2025-03-03 21:00:00,,,,,,,1533.0,1533.0,,,0.0,,,0.0
2025-03-03 22:00:00,,,,,,,1273.0,1273.0,,,0.0,,,0.0
2025-03-03 23:00:00,,,,,,,1273.0,1273.0,,,0.0,,,0.0
2025-03-04 00:00:00,,,,,,,1273.0,1273.0,,,0.0,,,0.0
2025-03-04 01:00:00,,,,,,,1273.0,1273.0,,,0.0,,,0.0
2025-03-04 02:00:00,,,,,,,1273.0,1273.0,,,0.0,,,0.0
2025-03-04 03:00:00,,,,,,,1273.0,1273.0,,,0.0,,,0.0
2025-03-04 04:00:00,,,,,,,1529.0,1529.0,,,0.0,,,0.0
2025-03-04 05:00:00,,,,,,,1533.0,1533.0,,,0.0,,,0.0
2025-03-04 06:00:00,,,,,,,1533.0,1533.0,,,0.0,,,0.0
2025-03-04 07:00:00,,,,,,,1533.0,1533.0,,,0.0,,,0.0
2025-03-04 08:00:00,,,,,,,509.0,509.0,,,0.0,,,0.0
2025-03-04 09:00:00,,,,,,,249.0,248.0,0.603,0.0,1.0,0.8234999,0.0,1.0
2025-03-04 10:00:00,,,,,,,509.0,509.0,0.67179996,0.0744,5.0,0.6078,0.10699999,5.0
2025-03-04 11:00:00,,,,,,,509.0,509.0,,,0.0,,,0.0
2025-03-04 12:00:00,,,,,,,509.0,509.0,,,0.0,,,0.0
2025-03-04 13:00:00,,,,,,,509.0,509.0,,,0.0,,,0.0
2025-03-04 14:00:00,,,,,,,509.0,509.0,,,0.0,,,0.0
2025-03-04 15:00:00,,,,,,,509.0,509.0,,,0.0,,,0.0
2025-03-04 16:00:00,,,,,,,509.0,509.0,,,0.0,,,0.0
2025-03-04 17:00:00,,,,,,,1533.0,1533.0,,,0.0,,,0.0
2025-03-04 18:00:00,,,,,,,1273.0,1273.0,,,0.0,,,0.0
2025-03-04 19:00:00,,,,,,,1273.0,1273.0,,,0.0,,,0.0
2025-03-04 20:00:00,,,,,,,1273.0,1273.0,,,0.0,,,0.0
2025-03-04 21:00:00,,,,,,,1273.0,1273.0,,,0.0,,,0.0
2025-03-04 22:00:00,,,,,,,1273.0,1273.0,,,0.0,,,0.0
2025-03-04 23:00:00,,,,,,,1273.0,1273.0,,,0.0,,,0.0
2025-03-05 00:00:00,,,,,,,1273.0,1273.0,,,0.0,,,0.0
2025-03-05 01:00:00,,,,,,,1273.0,1273.0,,,0.0,,,0.0
2025-03-05 02:00:00,,,,,,,1273.0,1273.0,,,0.0,,,0.0
2025-03-05 03:00:00,,,,,,,1273.0,1273.0,,,0.0,,,0.0
2025-03-05 04:00:00,,,,,,,1273.0,1273.0,,,0.0,,,0.0
2025-03-05 05:00:00,,,,,,,1273.0,1273.0,,,0.0,,,0.0
2025-03-05 06:00:00,,,,,,,1273.0,1273.0,,,0.0,,,0.0
2025-03-05 07:00:00,,,,,,,1529.0,1529.0,,,0.0,,,0.0
2025-03-05 08:00:00,,,,,,,509.0,509.0,1.6902,0.471,2.0,0.543,0.085699975,2.0
2025-03-05 09:00:00,,,,,,,509.0,509.0,2.0235999,0.3744,2.0,0.66049993,0.010500014,2.0
2025-03-05 10:00:00,,,,,,,509.0,509.0,,,0.0,,,0.0
2025-03-05 11:00:00,,,,,,,509.0,509.0,,,0.0,,,0.0
2025-03-05 12:00:00,,,,,,,509.0,509.0,,,0.0,,,0.0
2025-03-05 13:00:00,,,,,,,509.0,509.0,,,0.0,,,0.0
2025-03-05 14:00:00,,,,,,,509.0,509.0,,,0.0,,,0.0
2025-03-05 15:00:00,,,,,,,509.0,509.0,,,0.0,,,0.0
2025-03-05 16:00:00,,,,,,,509.0,509.0,,,0.0,,,0.0
2025-03-05 17:00:00,,,,,,,1533.0,1533.0,,,0.0,,,0.0
2025-03-05 18:00:00,,,,,,,1533.0,1533.0,,,0.0,,,0.0
2025-03-05 19:00:00,,,,,,,1273.0,1273.0,,,0.0,,,0.0
2025-03-05 20:00:00,,,,,,,1273.0,1273.0,,,0.0,,,0.0
2025-03-05 21:00:00,,,,,,,1273.0,1273.0,,,0.0,,,0.0
2025-03-05 22:00:00,,,,,,,1273.0,1273.0,,,0.0,,,0.0
2025-03-05 23:00:00,,,,,,,1273.0,1273.0,,,0.0,,,0.0
2025-03-06 00:00:00,,,,,,,1529.0,1529.0,,,0.0,,,0.0
2025-03-06 01:00:00,,,,,,,1529.0,1529.0,,,0.0,,,0.0
2025-03-06 02:00:00,,,,,,,1533.0,1533.0,,,0.0,,,0.0
2025-03-06 03:00:00,,,,,,,1533.0,1533.0,,,0.0,,,0.0
2025-03-06 04:00:00,,,,,,,1533.0,1533.0,,,0.0,,,0.0
2025-03-06 05:00:00,,,,,,,1529.0,1529.0,,,0.0,,,0.0
2025-03-06 06:00:00,,,,,,,1533.0,1533.0,,,0.0,,,0.0
2025-03-06 07:00:00,,,,,,,1533.0,1533.0,,,0.0,,,0.0
2025-03-06 08:00:00,,,,,,,505.0,504.0,0.8082,0.37219998,2.0,0.8895,0.30039996,2.0
2025-03-06 09:00:00,,,,,,,249.0,248.0,0.3326,0.048,6.0,1.2038,0.1609,6.0
2025-03-06 10:00:00,,,,,,,509.0,509.0,0.65279996,0.1682,5.0,0.5452,0.21959996,5.0
2025-03-06 11:00:00,,,,,,,509.0,509.0,,,0.0,,,0.0
2025-03-06 12:00:00,,,,,,,509.0,509.0,,,0.0,,,0.0
2025-03-06 13:00:00,,,,,,,509.0,509.0,,,0.0,,,0.0
2025-03-06 14:00:00,,,,,,,509.0,509.0,,,0.0,,,0.0
2025-03-06 15:00:00,,,,,,,509.0,509.0,,,0.0,,,0.0
2025-03-06 16:00:00,,,,,,,505.0,505.0,,,0.0,,,0.0
2025-03-06 17:00:00,,,,,,,1533.0,1533.0,,,0.0,,,0.0
2025-03-06 18:00:00,,,,,,,1529.0,1529.0,,,0.0,,,0.0
2025-03-06 19:00:00,,,,,,,1273.0,1273.0,,,0.0,,,0.0
2025-03-06 20:00:00,,,,,,,1533.0,1533.0,,,0.0,,,0.0
2025-03-06 21:00:00,,,,,,,1273.0,1273.0,,,0.0,,,0.0
2025-03-06 22:00:00,,,,,,,1273.0,1273.0,,,0.0,,,0.0
2025-03-06 23:00:00,,,,,,,1273.0,1273.0,,,0.0,,,0.0
2025-03-07 00:00:00,,,,,,,1529.0,1529.0,,,0.0,,,0.0
2025-03-07 01:00:00,,,,,,,1529.0,1529.0,,,0.0,,,0.0
2025-03-07 02:00:00,,,,,,,1273.0,1273.0,,,0.0,,,0.0
2025-03-07 03:00:00,,,,,,,1273.0,1273.0,,,0.0,,,0.0
2025-03-07 04:00:00,,,,,,,1533.0,1533.0,,,0.0,,,0.0
2025-03-07 05:00:00,,,,,,,1273.0,1273.0,,,0.0,,,0.0
2025-03-07 06:00:00,,,,,,,1533.0,1533.0,,,0.0,,,0.0
2025-03-07 07:00:00,,,,,,,1529.0,1529.0,,,0.0,,,0.0
2025-03-07 08:00:00,,,,,,,2553.0,2552.0,0.4294,0.3524,2.0,0.7537999,0.33609998,2.0
2025-03-07 09:00:00,,,,,,,505.0,504.0,0.262,0.0718,6.0,1.0086,0.041799963,6.0
2025-03-07 10:00:00,,,,,,,505.0,504.0,0.477,0.1416,5.0,0.8025,0.17939997,5.0
2025-03-07 11:00:00,,,,,,,509.0,509.0,0.4292,0.0069999998,2.0,0.70879996,0.09289998,2.0
2025-03-07 12:00:00,,,,,,,509.0,509.0,,,0.0,,,0.0
2025-03-07 13:00:00,,,,,,,509.0,509.0,,,0.0,,,0.0
2025-03-07 14:00:00,,,,,,,509.0,509.0,,,0.0,,,0.0
2025-03-07 15:00:00,,,,,,,509.0,509.0,,,0.0,,,0.0
2025-03-07 16:00:00,,,,,,,509.0,509.0,,,0.0,,,0.0
2025-03-07 17:00:00,,,,,,,1533.0,1533.0,,,0.0,,,0.0
2025-03-07 18:00:00,,,,,,,1533.0,1533.0,,,0.0,,,0.0
2025-03-07 19:00:00,,,,,,,1529.0,1529.0,,,0.0,,,0.0
2025-03-07 20:00:00,,,,,,,1533.0,1533.0,,,0.0,,,0.0
2025-03-07 21:00:00,,,,,,,1533.0,1533.0,,,0.0,,,0.0
2025-03-07 22:00:00,,,,,,,1533.0,1533.0,,,0.0,,,0.0
2025-03-07 23:00:00,,,,,,,1533.0,1533.0,,,0.0,,,0.0
2025-03-08 00:00:00,,,,,,,1529.0,1529.0,,,0.0,,,0.0
2025-03-08 01:00:00,,,,,,,1533.0,1533.0,,,0.0,,,0.0
2025-03-08 02:00:00,,,,,,,1533.0,1533.0,,,0.0,,,0.0
2025-03-08 03:00:00,,,,,,,1529.0,1529.0,,,0.0,,,0.0
2025-03-08 04:00:00,,,,,,,1533.0,1533.0,,,0.0,,,0.0
2025-03-08 05:00:00,,,,,,,1533.0,1533.0,,,0.0,,,0.0
2025-03-08 06:00:00,,,,,,,1273.0,1273.0,,,0.0,,,0.0
2025-03-08 07:00:00,,,,,,,1533.0,1533.0,,,0.0,,,0.0
2025-03-08 08:00:00,,,,,,,505.0,504.0,0.92819995,0.2384,3.0,0.44119996,0.30839998,3.0
2025-03-08 09:00:00,,,,,,,509.0,509.0,,,0.0,,,0.0
2025-03-08 10:00:00,,,,,,,505.0,504.0,1.7262,0.0,1.0,0.5676,0.0,1.0
2025-03-08 11:00:00,,,,,,,509.0,509.0,,,0.0,,,0.0
2025-03-08 12:00:00,,,,,,,509.0,509.0,,,0.0,,,0.0
2025-03-08 13:00:00,,,,,,,509.0,509.0,,,0.0,,,0.0
2025-03-08 14:00:00,,,,,,,509.0,509.0,,,0.0,,,0.0
2025-03-08 15:00:00,,,,,,,509.0,509.0,,,0.0,,,0.0
2025-03-08 16:00:00,,,,,,,505.0,505.0,0.39839998,0.0,1.0,1.2357999,0.0,1.0
2025-03-08 17:00:00,,,,,,,1533.0,1533.0,,,0.0,,,0.0
2025-03-08 18:00:00,,,,,,,1533.0,1533.0,,,0.0,,,0.0
2025-03-08 19:00:00,,,,,,,1529.0,1529.0,,,0.0,,,0.0
2025-03-08 20:00:00,,,,,,,1529.0,1529.0,,,0.0,,,0.0
2025-03-08 21:00:00,,,,,,,1529.0,1529.0,,,0.0,,,0.0
2025-03-08 22:00:00,,,,,,,1273.0,1273.0,,,0.0,,,0.0
2025-03-08 23:00:00,,,,,,,1533.0,1533.0,,,0.0,,,0.0
2025-03-09 00:00:00,,,,,,,1533.0,1533.0,,,0.0,,,0.0
2025-03-09 01:00:00,,,,,,,1533.0,1533.0,,,0.0,,,0.0
2025-03-09 02:00:00,,,,,,,1533.0,1533.0,,,0.0,,,0.0
2025-03-09 03:00:00,,,,,,,1533.0,1533.0,,,0.0,,,0.0
2025-03-09 04:00:00,,,,,,,1533.0,1533.0,,,0.0,,,0.0
2025-03-09 05:00:00,,,,,,,1533.0,1533.0,,,0.0,,,0.0
2025-03-09 06:00:00,,,,,,,1529.0,1529.0,,,0.0,,,0.0
2025-03-09 07:00:00,,,,,,,1273.0,1273.0,,,0.0,,,0.0
2025-03-09 08:00:00,,,,,,,509.0,509.0,0.7272,0.049799997,2.0,0.282,0.053499997,2.0
2025-03-09 09:00:00,,,,,,,509.0,509.0,0.0506,0.0,1.0,1.0504,0.0,1.0
2025-03-09 10:00:00,,,,,,,509.0,509.0,,,0.0,,,0.0
2025-03-09 11:00:00,,,,,,,509.0,509.0,,,0.0,,,0.0
2025-03-09 12:00:00,,,,,,,509.0,509.0,,,0.0,,,0.0
2025-03-09 13:00:00,,,,,,,509.0,509.0,,,0.0,,,0.0
2025-03-09 14:00:00,,,,,,,509.0,509.0,,,0.0,,,0.0
2025-03-09 15:00:00,,,,,,,509.0,509.0,,,0.0,,,0.0
2025-03-09 16:00:00,,,,,,,509.0,509.0,,,0.0,,,0.0
2025-03-09 17:00:00,,,,,,,1533.0,1533.0,,,0.0,,,0.0
2025-03-09 18:00:00,,,,,,,1533.0,1533.0,,,0.0,,,0.0
2025-03-09 19:00:00,,,,,,,1533.0,1533.0,,,0.0,,,0.0
2025-03-09 20:00:00,,,,,,,1533.0,1533.0,,,0.0,,,0.0
2025-03-09 21:00:00,,,,,,,1533.0,1533.0,,,0.0,,,0.0
2025-03-09 22:00:00,,,,,,,1533.0,1533.0,,,0.0,,,0.0
2025-03-09 23:00:00,,,,,,,1273.0,1273.0,,,0.0,,,0.0
2025-03-10 00:00:00,,,,,,,1273.0,1273.0,,,0.0,,,0.0
2025-03-10 01:00:00,,,,,,,1533.0,1533.0,,,0.0,,,0.0
2025-03-10 02:00:00,,,,,,,1533.0,1533.0,,,0.0,,,0.0
2025-03-10 03:00:00,,,,,,,1533.0,1533.0,,,0.0,,,0.0
2025-03-10 04:00:00,,,,,,,1529.0,1529.0,,,0.0,,,0.0
2025-03-10 05:00:00,,,,,,,1533.0,1533.0,,,0.0,,,0.0
2025-03-10 06:00:00,,,,,,,1533.0,1533.0,,,0.0,,,0.0
2025-03-10 07:00:00,,,,,,,1533.0,1533.0,,,0.0,,,0.0
2025-03-10 08:00:00,,,,,,,509.0,509.0,,,0.0,,,0.0
2025-03-10 09:00:00,,,,,,,509.0,509.0,,,0.0,,,0.0
2025-03-10 10:00:00,,,,,,,509.0,509.0,1.3844,0.0,2.0,0.039200008,0.0,2.0
2025-03-10 11:00:00,,,,,,,505.0,504.0,0.7062,0.074,2.0,0.56939995,0.14519995,2.0
2025-03-10 12:00:00,,,,,,,509.0,509.0,0.5396,0.2766,2.0,0.7329999,0.22359997,2.0
2025-03-10 13:00:00,,,,,,,509.0,509.0,,,0.0,,,0.0
2025-03-10 14:00:00,,,,,,,509.0,509.0,,,0.0,,,0.0
2025-03-10 15:00:00,,,,,,,509.0,509.0,,,0.0,,,0.0
2025-03-10 16:00:00,,,,,,,509.0,509.0,,,0.0,,,0.0
2025-03-10 17:00:00,,,,,,,1533.0,1533.0,,,0.0,,,0.0
2025-03-10 18:00:00,,,,,,,1533.0,1533.0,,,0.0,,,0.0
2025-03-10 19:00:00,,,,,,,1533.0,1533.0,,,0.0,,,0.0
2025-03-10 20:00:00,,,,,,,1533.0,1533.0,,,0.0,,,0.0
2025-03-10 21:00:00,,,,,,,1533.0,1533.0,,,0.0,,,0.0
2025-03-10 22:00:00,,,,,,,1533.0,1533.0,,,0.0,,,0.0
2025-03-11 01:00:00,,,,,,,1533.0,1533.0,,,0.0,,,0.0
2025-03-11 02:00:00,,,,,,,1533.0,1533.0,,,0.0,,,0.0
2025-03-11 03:00:00,,,,,,,1533.0,1533.0,,,0.0,,,0.0
2025-03-11 04:00:00,,,,,,,1533.0,1533.0,,,0.0,,,0.0
2025-03-11 05:00:00,,,,,,,1533.0,1533.0,,,0.0,,,0.0
2025-03-11 06:00:00,,,,,,,1529.0,1529.0,,,0.0,,,0.0
2025-03-11 07:00:00,,,,,,,1533.0,1533.0,,,0.0,,,0.0
2025-03-11 08:00:00,,,,,,,2553.0,2552.0,0.45659998,0.2382,4.0,0.684,0.14289999,4.0
2025-03-11 09:00:00,,,,,,,505.0,504.0,0.092199996,0.0218,6.0,0.9146999,0.0036999583,6.0
2025-03-11 10:00:00,,,,,,,509.0,509.0,0.24239999,0.036,4.0,0.8727,0.025299966,4.0
2025-03-11 11:00:00,,,,,,,509.0,509.0,,,0.0,,,0.0
2025-03-11 12:00:00,,,,,,,509.0,509.0,,,0.0,,,0.0
2025-03-11 13:00:00,,,,,,,509.0,509.0,,,0.0,,,0.0
2025-03-11 14:00:00,,,,,,,509.0,509.0,,,0.0,,,0.0
2025-03-11 15:00:00,,,,,,,509.0,509.0,,,0.0,,,0.0
2025-03-11 16:00:00,,,,,,,509.0,509.0,,,0.0,,,0.0
2025-03-11 17:00:00,,,,,,,1533.0,1533.0,,,0.0,,,0.0
2025-03-11 18:00:00,,,,,,,1533.0,1533.0,,,0.0,,,0.0
2025-03-11 19:00:00,,,,,,,1533.0,1533.0,,,0.0,,,0.0
2025-03-11 20:00:00,,,,,,,1533.0,1533.0,,,0.0,,,0.0
2025-03-11 21:00:00,,,,,,,1533.0,1533.0,,,0.0,,,0.0
2025-03-11 22:00:00,,,,,,,1533.0,1533.0,,,0.0,,,0.0
2025-03-11 23:00:00,,,,,,,1533.0,1533.0,,,0.0,,,0.0
2025-03-12 00:00:00,,,,,,,1529.0,1529.0,,,0.0,,,0.0
2025-03-12 01:00:00,,,,,,,1533.0,1533.0,,,0.0,,,0.0
2025-03-12 02:00:00,,,,,,,1533.0,1533.0,,,0.0,,,0.0
2025-03-12 03:00:00,,,,,,,1529.0,1529.0,,,0.0,,,0.0
2025-03-12 04:00:00,,,,,,,1529.0,1529.0,,,0.0,,,0.0
2025-03-12 05:00:00,,,,,,,1273.0,1273.0,,,0.0,,,0.0
2025-03-12 06:00:00,,,,,,,1273.0,1273.0,,,0.0,,,0.0
2025-03-12 07:00:00,,,,,,,1529.0,1529.0,,,0.0,,,0.0
2025-03-12 08:00:00,,0.042799998,,0.3938,,,2296.0,2240.0,0.2572,0.21419999,2.0,0.83229995,0.1685,2.0
2025-03-12 09:00:00,,,,,,,505.0,504.0,0.0758,0.0332,6.0,0.9937999,0.00849998,6.0
2025-03-12 10:00:00,,,,,,,249.0,248.0,0.18859999,0.0338,5.0,0.9087,0.066900015,5.0
2025-03-12 11:00:00,,,,,,,509.0,509.0,0.3306,0.2074,4.0,0.9705,0.08109999,4.0
2025-03-12 12:00:00,,,,,,,509.0,509.0,0.1134,0.032199997,3.0,1.0037,0.0033999681,3.0
2025-03-12 13:00:00,,,,,,,509.0,509.0,,,0.0,,,0.0
2025-03-12 14:00:00,,,,,,,509.0,509.0,,,0.0,,,0.0
2025-03-12 15:00:00,,,,,,,509.0,509.0,,,0.0,,,0.0
2025-03-12 16:00:00,,,,,,,509.0,509.0,,,0.0,,,0.0
2025-03-12 17:00:00,,,,,,,1533.0,1533.0,,,0.0,,,0.0
2025-03-12 18:00:00,,,,,,,1273.0,1273.0,,,0.0,,,0.0
2025-03-12 19:00:00,,,,,,,1273.0,1273.0,,,0.0,,,0.0
2025-03-12 20:00:00,,,,,,,1533.0,1533.0,,,0.0,,,0.0
2025-03-12 21:00:00,,,,,,,1533.0,1533.0,,,0.0,,,0.0
2025-03-12 22:00:00,,,,,,,1533.0,1533.0,,,0.0,,,0.0
2025-03-12 23:00:00,,,,,,,1529.0,1529.0,,,0.0,,,0.0
2025-03-13 00:00:00,,,,,,,1533.0,1533.0,,,0.0,,,0.0
2025-03-13 01:00:00,,,,,,,1533.0,1533.0,,,0.0,,,0.0
2025-03-13 02:00:00,,,,,,,1533.0,1533.0,,,0.0,,,0.0
2025-03-13 03:00:00,,,,,,,1529.0,1529.0,,,0.0,,,0.0
2025-03-13 04:00:00,,,,,,,1533.0,1533.0,,,0.0,,,0.0
2025-03-13 05:00:00,,,,,,,1529.0,1529.0,,,0.0,,,0.0
2025-03-13 06:00:00,,,,,,,1533.0,1533.0,,,0.0,,,0.0
2025-03-13 07:00:00,,,,,,,1533.0,1533.0,,,0.0,,,0.0
2025-03-13 08:00:00,,,,,,,509.0,509.0,,,0.0,,,0.0
2025-03-13 09:00:00,,,,,,,509.0,509.0,0.199,0.0,1.0,1.0338,0.0,1.0
2025-03-13 10:00:00,,,,,,,509.0,509.0,0.3232,0.019199999,3.0,0.9319999,0.012099981,3.0
2025-03-13 11:00:00,,,,,,,505.0,504.0,0.4452,0.123799995,4.0,0.8952,0.1336,4.0
2025-03-13 12:00:00,,,,,,,509.0,509.0,0.3046,0.023599999,2.0,0.9635999,0.014100015,2.0
2025-03-13 13:00:00,,,,,,,509.0,509.0,,,0.0,,,0.0
2025-03-13 14:00:00,,,,,,,509.0,509.0,,,0.0,,,0.0
2025-03-13 15:00:00,,,,,,,509.0,509.0,,,0.0,,,0.0
2025-03-13 16:00:00,,,,,,,509.0,509.0,,,0.0,,,0.0
2025-03-13 17:00:00,,,,,,,1533.0,1533.0,,,0.0,,,0.0
2025-03-13 18:00:00,,,,,,,1529.0,1529.0,,,0.0,,,0.0
2025-03-13 19:00:00,,,,,,,1273.0,1273.0,,,0.0,,,0.0
2025-03-13 20:00:00,,,,,,,1273.0,1273.0,,,0.0,,,0.0
2025-03-13 21:00:00,,,,,,,1273.0,1273.0,,,0.0,,,0.0
2025-03-13 22:00:00,,,,,,,1273.0,1273.0,,,0.0,,,0.0
2025-03-13 23:00:00,,,,,,,1273.0,1273.0,,,0.0,,,0.0
2025-03-14 00:00:00,,,,,,,1273.0,1273.0,,,0.0,,,0.0
2025-03-14 01:00:00,,,,,,,1273.0,1273.0,,,0.0,,,0.0
2025-03-14 02:00:00,,,,,,,1273.0,1273.0,,,0.0,,,0.0
2025-03-14 03:00:00,,,,,,,1273.0,1273.0,,,0.0,,,0.0
2025-03-14 04:00:00,,,,,,,1273.0,1273.0,,,0.0,,,0.0
2025-03-14 05:00:00,,,,,,,1273.0,1273.0,,,0.0,,,0.0
2025-03-14 06:00:00,,,,,,,1273.0,1273.0,,,0.0,,,0.0
2025-03-14 07:00:00,,,,,,,1273.0,1273.0,,,0.0,,,0.0
2025-03-14 08:00:00,0.22199999,0.153,0.44419998,0.4441,,,2240.0,2240.0,0.32439998,0.1714,2.0,0.8234,0.23629999,2.0
2025-03-14 09:00:00,0.2608,0.2974,0.3933,0.3933,,,192.0,192.0,0.2024,0.045399997,6.0,1.0135,0.035299957,6.0
2025-03-14 10:00:00,,0.3384,,0.2744,,0.7731999,248.0,0.0,0.2962,0.0726,6.0,0.87029994,0.11869997,6.0
2025-03-14 11:00:00,0.331,0.37,0.47219998,0.4716,-0.4202,,0.0,192.0,0.35259998,0.084199995,6.0,1.0864999,0.1379,6.0
2025-03-14 12:00:00,,,,,,,509.0,509.0,0.4084,0.070199996,5.0,1.0389,0.030999959,5.0
2025-03-14 13:00:00,,,,,,,505.0,505.0,,,0.0,,,0.0
2025-03-14 14:00:00,,,,,,,509.0,509.0,,,0.0,,,0.0
2025-03-14 15:00:00,,,,,,,509.0,509.0,,,0.0,,,0.0
2025-03-14 16:00:00,,,,,,,509.0,509.0,,,0.0,,,0.0
2025-03-14 17:00:00,,,,,,,1533.0,1533.0,,,0.0,,,0.0
2025-03-14 18:00:00,,,,,,,1529.0,1529.0,,,0.0,,,0.0
2025-03-14 19:00:00,,,,,,,1273.0,1273.0,,,0.0,,,0.0
2025-03-14 20:00:00,,,,,,,1273.0,1273.0,,,0.0,,,0.0
2025-03-14 21:00:00,,,,,,,1533.0,1533.0,,,0.0,,,0.0
2025-03-14 22:00:00,,,,,,,1273.0,1273.0,,,0.0,,,0.0
2025-03-14 23:00:00,,,,,,,1273.0,1273.0,,,0.0,,,0.0
2025-03-15 00:00:00,,,,,,,1533.0,1533.0,,,0.0,,,0.0
2025-03-15 01:00:00,,,,,,,1529.0,1529.0,,,0.0,,,0.0
2025-03-15 02:00:00,,,,,,,1533.0,1533.0,,,0.0,,,0.0
2025-03-15 03:00:00,,,,,,,1273.0,1273.0,,,0.0,,,0.0
2025-03-15 04:00:00,,,,,,,1529.0,1529.0,,,0.0,,,0.0
2025-03-15 05:00:00,,,,,,,1533.0,1533.0,,,0.0,,,0.0
2025-03-15 06:00:00,,,,,,,1529.0,1529.0,,,0.0,,,0.0
2025-03-15 07:00:00,,,,,,,1533.0,1533.0,,,0.0,,,0.0
2025-03-15 08:00:00,,,,,,,249.0,248.0,0.59099996,0.20179999,3.0,0.7865,0.14929998,3.0
2025-03-15 09:00:00,0.3466,0.27539998,0.3178,0.3177,,,2240.0,2240.0,0.4958,0.1048,6.0,0.7988,0.11070001,6.0
2025-03-15 10:00:00,,,,,,,249.0,248.0,0.3576,0.088199995,2.0,0.89129996,0.09759998,2.0
2025-03-15 11:00:00,,,,,,,505.0,505.0,0.561,0.1064,3.0,1.0537,0.11619997,3.0
2025-03-15 12:00:00,,,,,,,509.0,509.0,,,0.0,,,0.0
2025-03-15 13:00:00,,,,,,,509.0,509.0,,,0.0,,,0.0
2025-03-15 14:00:00,,,,,,,509.0,509.0,,,0.0,,,0.0
2025-03-15 15:00:00,,,,,,,509.0,509.0,,,0.0,,,0.0
2025-03-15 16:00:00,,,,,,,509.0,509.0,,,0.0,,,0.0
2025-03-15 17:00:00,,,,,,,1533.0,1533.0,,,0.0,,,0.0
2025-03-15 18:00:00,,,,,,,1273.0,1273.0,,,0.0,,,0.0
2025-03-15 19:00:00,,,,,,,1273.0,1273.0,,,0.0,,,0.0
2025-03-15 20:00:00,,,,,,,1529.0,1529.0,,,0.0,,,0.0
2025-03-15 21:00:00,,,,,,,1529.0,1529.0,,,0.0,,,0.0
2025-03-15 22:00:00,,,,,,,1533.0,1533.0,,,0.0,,,0.0
2025-03-15 23:00:00,,,,,,,1533.0,1533.0,,,0.0,,,0.0
2025-03-16 00:00:00,,,,,,,1273.0,1273.0,,,0.0,,,0.0
2025-03-16 01:00:00,,,,,,,1273.0,1273.0,,,0.0,,,0.0
2025-03-16 02:00:00,,,,,,,1273.0,1273.0,,,0.0,,,0.0
2025-03-16 03:00:00,,,,,,,1273.0,1273.0,,,0.0,,,0.0
2025-03-16 04:00:00,,,,,,,1273.0,1273.0,,,0.0,,,0.0
2025-03-16 05:00:00,,,,,,,1273.0,1273.0,,,0.0,,,0.0
2025-03-16 06:00:00,,,,,,,1529.0,1529.0,,,0.0,,,0.0
2025-03-16 07:00:00,,,,,,,1533.0,1533.0,,,0.0,,,0.0
2025-03-16 08:00:00,,,,,,,509.0,509.0,1.1172,0.0,1.0,0.52189994,0.0,1.0
2025-03-16 09:00:00,,,,,,,509.0,509.0,1.4228,0.0678,2.0,0.19819999,0.06799996,2.0
2025-03-16 10:00:00,,,,,,,509.0,509.0,0.64919996,0.1416,4.0,0.70669997,0.102999985,4.0
2025-03-16 11:00:00,,,,,,,509.0,509.0,,,0.0,,,0.0
2025-03-16 12:00:00,,,,,,,509.0,509.0,,,0.0,,,0.0
2025-03-16 13:00:00,,,,,,,509.0,509.0,,,0.0,,,0.0
2025-03-16 14:00:00,,,,,,,509.0,509.0,,,0.0,,,0.0
2025-03-16 15:00:00,,,,,,,509.0,509.0,,,0.0,,,0.0
2025-03-16 16:00:00,,,,,,,509.0,509.0,,,0.0,,,0.0
2025-03-16 17:00:00,,,,,,,1533.0,1533.0,,,0.0,,,0.0
2025-03-16 18:00:00,,,,,,,1533.0,1533.0,,,0.0,,,0.0
2025-03-16 19:00:00,,,,,,,1533.0,1533.0,,,0.0,,,0.0
2025-03-16 20:00:00,,,,,,,1529.0,1529.0,,,0.0,,,0.0
2025-03-16 21:00:00,,,,,,,1529.0,1529.0,,,0.0,,,0.0
2025-03-16 22:00:00,,,,,,,1273.0,1273.0,,,0.0,,,0.0
2025-03-16 23:00:00,,,,,,,1273.0,1273.0,,,0.0,,,0.0
2025-03-17 00:00:00,,,,,,,1273.0,1273.0,,,0.0,,,0.0
2025-03-17 01:00:00,,,,,,,1533.0,1533.0,,,0.0,,,0.0
2025-03-17 02:00:00,,,,,,,1273.0,1273.0,,,0.0,,,0.0
2025-03-17 03:00:00,,,,,,,1533.0,1533.0,,,0.0,,,0.0
2025-03-17 04:00:00,,,,,,,1273.0,1273.0,,,0.0,,,0.0
2025-03-17 05:00:00,,,,,,,1273.0,1273.0,,,0.0,,,0.0
2025-03-17 06:00:00,,,,,,,1273.0,1273.0,,,0.0,,,0.0
2025-03-17 07:00:00,,,,,,,1533.0,1533.0,,,0.0,,,0.0
2025-03-17 08:00:00,,,,,,,509.0,509.0,,,0.0,,,0.0
2025-03-17 09:00:00,,,,,,,509.0,509.0,,,0.0,,,0.0
2025-03-17 10:00:00,,,,,,,509.0,509.0,,,0.0,,,0.0
2025-03-17 11:00:00,,,,,,,509.0,509.0,,,0.0,,,0.0
2025-03-17 12:00:00,,,,,,,509.0,509.0,,,0.0,,,0.0
2025-03-17 13:00:00,,,,,,,509.0,509.0,,,0.0,,,0.0
2025-03-17 14:00:00,,,,,,,509.0,509.0,,,0.0,,,0.0
2025-03-17 15:00:00,,,,,,,509.0,509.0,,,0.0,,,0.0
2025-03-17 16:00:00,,,,,,,509.0,509.0,,,0.0,,,0.0
2025-03-17 17:00:00,,,,,,,1533.0,1533.0,,,0.0,,,0.0
2025-03-17 18:00:00,,,,,,,1529.0,1529.0,,,0.0,,,0.0
2025-03-17 19:00:00,,,,,,,1529.0,1529.0,,,0.0,,,0.0
2025-03-17 20:00:00,,,,,,,1533.0,1533.0,,,0.0,,,0.0
2025-03-17 21:00:00,,,,,,,1533.0,1533.0,,,0.0,,,0.0
2025-03-17 22:00:00,,,,,,,1533.0,1533.0,,,0.0,,,0.0
2025-03-17 23:00:00,,,,,,,1529.0,1529.0,,,0.0,,,0.0
2025-03-18 00:00:00,,,,,,,1533.0,1533.0,,,0.0,,,0.0
2025-03-18 01:00:00,,,,,,,1533.0,1533.0,,,0.0,,,0.0
2025-03-18 02:00:00,,,,,,,1533.0,1533.0,,,0.0,,,0.0
2025-03-18 03:00:00,,,,,,,1533.0,1533.0,,,0.0,,,0.0
2025-03-18 04:00:00,,,,,,,1533.0,1533.0,,,0.0,,,0.0
2025-03-18 05:00:00,,,,,,,1533.0,1533.0,,,0.0,,,0.0
2025-03-18 06:00:00,,,,,,,1529.0,1529.0,,,0.0,,,0.0
2025-03-18 07:00:00,,,,,,,1533.0,1533.0,,,0.0,,,0.0
2025-03-18 08:00:00,,,,,,,509.0,509.0,,,0.0,,,0.0
2025-03-18 09:00:00,,,,,,,2553.0,2552.0,0.821,0.0,1.0,1.2429,0.0,1.0
2025-03-18 10:00:00,,,,,,,509.0,509.0,,,0.0,,,0.0
2025-03-18 11:00:00,,,,,,,509.0,509.0,,,0.0,,,0.0
2025-03-18 12:00:00,,,,,,,509.0,509.0,,,0.0,,,0.0
2025-03-18 13:00:00,,,,,,,509.0,509.0,0.79999995,0.0436,2.0,1.2416999,0.0045999885,2.0
2025-03-18 14:00:00,,,,,,,509.0,509.0,,,0.0,,,0.0
2025-03-18 15:00:00,,,,,,,505.0,505.0,,,0.0,,,0.0
2025-03-18 16:00:00,,,,,,,509.0,509.0,,,0.0,,,0.0
2025-03-18 17:00:00,,,,,,,1533.0,1533.0,,,0.0,,,0.0
2025-03-18 18:00:00,,,,,,,1533.0,1533.0,,,0.0,,,0.0
2025-03-18 19:00:00,,,,,,,1533.0,1533.0,,,0.0,,,0.0
2025-03-18 20:00:00,,,,,,,1533.0,1533.0,,,0.0,,,0.0
2025-03-18 21:00:00,,,,,,,1533.0,1533.0,,,0.0,,,0.0
2025-03-18 22:00:00,,,,,,,1533.0,1533.0,,,0.0,,,0.0
2025-03-18 23:00:00,,,,,,,1529.0,1529.0,,,0.0,,,0.0
2025-03-19 00:00:00,,,,,,,1529.0,1529.0,,,0.0,,,0.0
2025-03-19 01:00:00,,,,,,,1529.0,1529.0,,,0.0,,,0.0
2025-03-19 02:00:00,,,,,,,1273.0,1273.0,,,0.0,,,0.0
2025-03-19 03:00:00,,,,,,,1273.0,1273.0,,,0.0,,,0.0
2025-03-19 04:00:00,,,,,,,1529.0,1529.0,,,0.0,,,0.0
2025-03-19 05:00:00,,,,,,,1529.0,1529.0,,,0.0,,,0.0
2025-03-19 06:00:00,,,,,,,1273.0,1273.0,,,0.0,,,0.0
2025-03-19 07:00:00,,,,,,,1273.0,1273.0,,,0.0,,,0.0
2025-03-19 08:00:00,0.1496,0.306,0.5255,0.5252,,,192.0,192.0,0.42459998,0.1742,5.0,0.88,0.08709997,5.0
2025-03-19 09:00:00,0.1264,0.0526,0.2872,0.2872,,,2240.0,2240.0,0.29099998,0.107999995,6.0,0.9318,0.06580001,6.0
2025-03-19 10:00:00,0.1152,0.3224,0.3087,0.308,,0.8873,192.0,0.0,0.1302,0.103999995,5.0,1.0148,0.07089996,5.0
2025-03-19 11:00:00,0.1848,,,,,,2241.0,2296.0,0.191,0.0574,6.0,1.0526999,0.054699957,6.0
2025-03-19 12:00:00,0.239,,,,,,2241.0,2296.0,0.269,0.2294,6.0,1.0639,0.01879996,6.0
2025-03-19 13:00:00,,,,,,,509.0,509.0,0.076799996,0.051,5.0,1.0649999,0.00089997053,5.0
2025-03-19 14:00:00,,,,,,,509.0,509.0,0.3732,0.0,1.0,1.0682,0.0,1.0
2025-03-19 15:00:00,,,,,,,509.0,509.0,,,0.0,,,0.0
2025-03-19 16:00:00,,,,,,,509.0,509.0,,,0.0,,,0.0
2025-03-19 17:00:00,,,,,,,1533.0,1533.0,,,0.0,,,0.0
2025-03-19 18:00:00,,,,,,,1533.0,1533.0,,,0.0,,,0.0
2025-03-19 19:00:00,,,,,,,1529.0,1529.0,,,0.0,,,0.0
2025-03-19 20:00:00,,,,,,,1529.0,1529.0,,,0.0,,,0.0
2025-03-19 21:00:00,,,,,,,1529.0,1529.0,,,0.0,,,0.0
2025-03-19 22:00:00,,,,,,,1533.0,1533.0,,,0.0,,,0.0
2025-03-19 23:00:00,,,,,,,1533.0,1533.0,,,0.0,,,0.0
2025-03-20 00:00:00,,,,,,,1533.0,1533.0,,,0.0,,,0.0
2025-03-20 01:00:00,,,,,,,1273.0,1273.0,,,0.0,,,0.0
2025-03-20 02:00:00,,,,,,,1273.0,1273.0,,,0.0,,,0.0
2025-03-20 03:00:00,,,,,,,1273.0,1273.0,,,0.0,,,0.0
2025-03-20 04:00:00,,,,,,,1533.0,1533.0,,,0.0,,,0.0
2025-03-20 05:00:00,,,,,,,1533.0,1533.0,,,0.0,,,0.0
2025-03-20 06:00:00,,,,,,,1533.0,1533.0,,,0.0,,,0.0
2025-03-20 07:00:00,,,,,,,1533.0,1533.0,,,0.0,,,0.0
2025-03-20 08:00:00,,,,,,,509.0,509.0,0.71819997,0.015,2.0,0.89419997,0.012699962,2.0
2025-03-20 09:00:00,,,,,,,509.0,509.0,,,0.0,,,0.0
2025-03-20 10:00:00,,,,,,,509.0,509.0,,,0.0,,,0.0
2025-03-20 11:00:00,,,,,,,509.0,509.0,,,0.0,,,0.0
2025-03-20 12:00:00,,,,,,,505.0,505.0,,,0.0,,,0.0
2025-03-20 13:00:00,,,,,,,509.0,509.0,,,0.0,,,0.0
2025-03-20 14:00:00,,,,,,,505.0,505.0,0.6874,0.0,1.0,1.3068999,0.0,1.0
2025-03-20 15:00:00,,,,,,,509.0,509.0,,,0.0,,,0.0
2025-03-20 16:00:00,,,,,,,509.0,509.0,,,0.0,,,0.0
2025-03-20 17:00:00,,,,,,,1533.0,1533.0,,,0.0,,,0.0
2025-03-20 18:00:00,,,,,,,1533.0,1533.0,,,0.0,,,0.0
2025-03-20 19:00:00,,,,,,,1533.0,1533.0,,,0.0,,,0.0
2025-03-20 20:00:00,,,,,,,1529.0,1529.0,,,0.0,,,0.0
2025-03-20 21:00:00,,,,,,,1533.0,1533.0,,,0.0,,,0.0
2025-03-20 22:00:00,,,,,,,1533.0,1533.0,,,0.0,,,0.0
2025-03-20 23:00:00,,,,,,,1533.0,1533.0,,,0.0,,,0.0
2025-03-21 00:00:00,,,,,,,1533.0,1533.0,,,0.0,,,0.0
2025-03-21 01:00:00,,,,,,,1533.0,1533.0,,,0.0,,,0.0
2025-03-21 02:00:00,,,,,,,1533.0,1533.0,,,0.0,,,0.0
2025-03-21 03:00:00,,,,,,,1533.0,1533.0,,,0.0,,,0.0
2025-03-21 04:00:00,,,,,,,1533.0,1533.0,,,0.0,,,0.0
2025-03-21 05:00:00,,,,,,,1533.0,1533.0,,,0.0,,,0.0
2025-03-21 06:00:00,,,,,,,1533.0,1533.0,,,0.0,,,0.0
2025-03-21 07:00:00,,,,,,,1533.0,1533.0,,,0.0,,,0.0
2025-03-21 08:00:00,0.2838,0.3366,0.53749996,0.5373,,,192.0,192.0,0.3696,0.1144,5.0,0.9596,0.06739998,5.0
2025-03-21 09:00:00,0.19139999,,,,,,2241.0,2296.0,0.24499999,0.0916,6.0,0.9785999,0.050300002,6.0
2025-03-21 10:00:00,,,,,,,509.0,509.0,,,0.0,,,0.0
2025-03-21 11:00:00,,,,,,,509.0,509.0,0.2746,0.0444,3.0,1.0149,0.06269997,3.0
2025-03-21 12:00:00,,,,,,,509.0,509.0,0.6946,0.0,1.0,1.1811,0.0,1.0
2025-03-21 13:00:00,,,,,,,509.0,509.0,,,0.0,,,0.0
2025-03-21 14:00:00,,,,,,,509.0,509.0,,,0.0,,,0.0
2025-03-21 15:00:00,,,,,,,509.0,509.0,,,0.0,,,0.0
2025-03-21 16:00:00,,,,,,,509.0,509.0,,,0.0,,,0.0
2025-03-21 17:00:00,,,,,,,1533.0,1533.0,,,0.0,,,0.0
2025-03-21 18:00:00,,,,,,,1533.0,1533.0,,,0.0,,,0.0
2025-03-21 19:00:00,,,,,,,1529.0,1529.0,,,0.0,,,0.0
2025-03-21 20:00:00,,,,,,,1533.0,1533.0,,,0.0,,,0.0
2025-03-21 21:00:00,,,,,,,1533.0,1533.0,,,0.0,,,0.0
2025-03-21 22:00:00,,,,,,,1533.0,1533.0,,,0.0,,,0.0
2025-03-21 23:00:00,,,,,,,1533.0,1533.0,,,0.0,,,0.0
2025-03-22 00:00:00,,,,,,,1533.0,1533.0,,,0.0,,,0.0
2025-03-22 01:00:00,,,,,,,1533.0,1533.0,,,0.0,,,0.0
2025-03-22 02:00:00,,,,,,,1533.0,1533.0,,,0.0,,,0.0
2025-03-22 03:00:00,,,,,,,1273.0,1273.0,,,0.0,,,0.0
2025-03-22 04:00:00,,,,,,,1529.0,1529.0,,,0.0,,,0.0
2025-03-22 05:00:00,,,,,,,1533.0,1533.0,,,0.0,,,0.0
2025-03-22 06:00:00,,,,,,,1273.0,1273.0,,,0.0,,,0.0
2025-03-22 07:00:00,,,,,,,1533.0,1533.0,,,0.0,,,0.0
2025-03-22 08:00:00,,,,,,,249.0,248.0,0.90819997,0.234,4.0,0.6294,0.13419998,4.0
2025-03-22 09:00:00,0.5008,,,,,,2241.0,2296.0,0.4878,0.015,6.0,0.86899996,0.09799999,6.0
2025-03-22 10:00:00,,,,,,,509.0,509.0,0.663,0.077199996,3.0,1.1502,0.025399983,3.0
2025-03-22 11:00:00,,,,,,,2553.0,2552.0,0.426,0.0,1.0,1.0165,0.0,1.0
2025-03-22 12:00:00,,,,,,,509.0,509.0,1.046,0.0,1.0,1.3197,0.0,1.0
2025-03-22 13:00:00,,,,,,,509.0,509.0,0.45119998,0.0352,4.0,1.0128,0.011299968,4.0
2025-03-22 14:00:00,,,,,,,509.0,509.0,,,0.0,,,0.0
2025-03-22 15:00:00,,,,,,,249.0,249.0,,,0.0,,,0.0
2025-03-22 16:00:00,,,,,,,505.0,505.0,,,0.0,,,0.0
2025-03-22 17:00:00,,,,,,,1533.0,1533.0,,,0.0,,,0.0
2025-03-22 18:00:00,,,,,,,1533.0,1533.0,,,0.0,,,0.0
2025-03-22 19:00:00,,,,,,,1273.0,1273.0,,,0.0,,,0.0
2025-03-22 20:00:00,,,,,,,1273.0,1273.0,,,0.0,,,0.0
2025-03-22 21:00:00,,,,,,,1273.0,1273.0,,,0.0,,,0.0
2025-03-22 22:00:00,,,,,,,1529.0,1529.0,,,0.0,,,0.0
2025-03-22 23:00:00,,,,,,,1273.0,1273.0,,,0.0,,,0.0
2025-03-23 00:00:00,,,,,,,1529.0,1529.0,,,0.0,,,0.0
2025-03-23 01:00:00,,,,,,,1533.0,1533.0,,,0.0,,,0.0
2025-03-23 02:00:00,,,,,,,1533.0,1533.0,,,0.0,,,0.0
2025-03-23 03:00:00,,,,,,,1533.0,1533.0,,,0.0,,,0.0
2025-03-23 04:00:00,,,,,,,1533.0,1533.0,,,0.0,,,0.0
2025-03-23 05:00:00,,,,,,,1533.0,1533.0,,,0.0,,,0.0
2025-03-23 06:00:00,,,,,,,1533.0,1533.0,,,0.0,,,0.0
2025-03-23 07:00:00,,,,,,,1533.0,1533.0,,,0.0,,,0.0
2025-03-23 08:00:00,,,,,,,505.0,504.0,0.5122,0.0,1.0,1.0317,0.0,1.0
2025-03-23 09:00:00,,,,,,,2553.0,2552.0,0.4678,0.070199996,3.0,1.083,0.16780001,3.0
2025-03-23 10:00:00,,,,,,,509.0,509.0,0.4306,0.038799997,3.0,1.3935,0.045099974,3.0
2025-03-23 11:00:00,,,,,,,509.0,509.0,,,0.0,,,0.0
2025-03-23 12:00:00,,,,,,,249.0,248.0,0.4594,0.034199998,6.0,1.1314,0.064199984,6.0
2025-03-23 13:00:00,,,,,,,2297.0,2296.0,0.313,0.0548,6.0,1.1761,0.014299989,6.0
2025-03-23 14:00:00,,,,,,,505.0,505.0,0.44399998,0.0742,5.0,1.2481999,0.031499982,5.0
2025-03-23 15:00:00,,,,,,,249.0,249.0,,,0.0,,,0.0
2025-03-23 16:00:00,,,,,,,249.0,249.0,,,0.0,,,0.0
2025-03-23 17:00:00,,,,,,,1533.0,1533.0,,,0.0,,,0.0
2025-03-23 18:00:00,,,,,,,1273.0,1273.0,,,0.0,,,0.0
2025-03-23 19:00:00,,,,,,,1273.0,1273.0,,,0.0,,,0.0
2025-03-23 20:00:00,,,,,,,1273.0,1273.0,,,0.0,,,0.0
2025-03-23 21:00:00,,,,,,,1273.0,1273.0,,,0.0,,,0.0
2025-03-23 22:00:00,,,,,,,1273.0,1273.0,,,0.0,,,0.0
2025-03-23 23:00:00,,,,,,,1273.0,1273.0,,,0.0,,,0.0
2025-03-24 00:00:00,,,,,,,1273.0,1273.0,,,0.0,,,0.0
2025-03-24 01:00:00,,,,,,,1273.0,1273.0,,,0.0,,,0.0
2025-03-24 02:00:00,,,,,,,1273.0,1273.0,,,0.0,,,0.0
2025-03-24 03:00:00,,,,,,,1273.0,1273.0,,,0.0,,,0.0
2025-03-24 04:00:00,,,,,,,1273.0,1273.0,,,0.0,,,0.0
2025-03-24 05:00:00,,,,,,,1273.0,1273.0,,,0.0,,,0.0
2025-03-24 06:00:00,,,,,,,1273.0,1273.0,,,0.0,,,0.0
2025-03-24 07:00:00,,,,,,,1273.0,1273.0,,,0.0,,,0.0
2025-03-24 08:00:00,,,,,,,505.0,504.0,0.673,0.074,4.0,1.0099,0.11809999,4.0
2025-03-24 09:00:00,0.44919997,0.218,0.325,0.3249,,,2240.0,2240.0,0.449,0.1282,5.0,1.0159999,0.10259998,5.0
2025-03-24 10:00:00,,,,,,,509.0,509.0,0.1742,0.0042,2.0,1.1848999,0.0011999607,2.0
2025-03-24 11:00:00,,,,,,,249.0,248.0,0.6394,0.1358,4.0,1.326,0.1279,4.0
2025-03-24 12:00:00,,,,,,,509.0,509.0,0.56299996,0.0712,4.0,1.1876,0.026899993,4.0
2025-03-24 13:00:00,,,,,,,509.0,509.0,0.7364,0.0526,3.0,1.2274,0.052999973,3.0
2025-03-24 14:00:00,,,,,,,509.0,509.0,0.8594,0.025799999,2.0,1.1916,0.057099998,2.0
2025-03-24 15:00:00,,,,,,,509.0,509.0,,,0.0,,,0.0
2025-03-24 16:00:00,,,,,,,509.0,509.0,,,0.0,,,0.0
2025-03-24 17:00:00,,,,,,,1533.0,1533.0,,,0.0,,,0.0
2025-03-24 18:00:00,,,,,,,1273.0,1273.0,,,0.0,,,0.0
2025-03-24 19:00:00,,,,,,,1273.0,1273.0,,,0.0,,,0.0
2025-03-24 20:00:00,,,,,,,1273.0,1273.0,,,0.0,,,0.0
2025-03-24 21:00:00,,,,,,,1529.0,1529.0,,,0.0,,,0.0
2025-03-24 22:00:00,,,,,,,1529.0,1529.0,,,0.0,,,0.0
2025-03-24 23:00:00,,,,,,,1273.0,1273.0,,,0.0,,,0.0
2025-03-25 00:00:00,,,,,,,1273.0,1273.0,,,0.0,,,0.0
2025-03-25 01:00:00,,,,,,,1273.0,1273.0,,,0.0,,,0.0
2025-03-25 02:00:00,,,,,,,1273.0,1273.0,,,0.0,,,0.0
2025-03-25 03:00:00,,,,,,,1273.0,1273.0,,,0.0,,,0.0
2025-03-25 04:00:00,,,,,,,1273.0,1273.0,,,0.0,,,0.0
2025-03-25 05:00:00,,,,,,,1273.0,1273.0,,,0.0,,,0.0
2025-03-25 06:00:00,,,,,,,1273.0,1273.0,,,0.0,,,0.0
2025-03-25 07:00:00,,,,,,,1533.0,1533.0,,,0.0,,,0.0
2025-03-25 08:00:00,,,,,,,509.0,509.0,,,0.0,,,0.0
2025-03-25 09:00:00,,,,,,,509.0,509.0,,,0.0,,,0.0
2025-03-25 10:00:00,,,,,,,509.0,509.0,,,0.0,,,0.0
2025-03-25 11:00:00,,,,,,,509.0,509.0,,,0.0,,,0.0
2025-03-25 12:00:00,,,,,,,509.0,509.0,,,0.0,,,0.0
2025-03-25 13:00:00,,,,,,,509.0,509.0,,,0.0,,,0.0
2025-03-25 14:00:00,,,,,,,509.0,509.0,,,0.0,,,0.0
2025-03-25 15:00:00,,,,,,,509.0,509.0,,,0.0,,,0.0
2025-03-25 16:00:00,,,,,,,509.0,509.0,,,0.0,,,0.0
2025-03-25 17:00:00,,,,,,,1533.0,1533.0,,,0.0,,,0.0
2025-03-25 18:00:00,,,,,,,1273.0,1273.0,,,0.0,,,0.0
2025-03-25 19:00:00,,,,,,,1273.0,1273.0,,,0.0,,,0.0
2025-03-25 20:00:00,,,,,,,1273.0,1273.0,,,0.0,,,0.0
2025-03-25 21:00:00,,,,,,,1529.0,1529.0,,,0.0,,,0.0
2025-03-25 22:00:00,,,,,,,1529.0,1529.0,,,0.0,,,0.0
2025-03-25 23:00:00,,,,,,,1529.0,1529.0,,,0.0,,,0.0
2025-03-26 00:00:00,,,,,,,1273.0,1273.0,,,0.0,,,0.0
2025-03-26 01:00:00,,,,,,,1273.0,1273.0,,,0.0,,,0.0
2025-03-26 02:00:00,,,,,,,1273.0,1273.0,,,0.0,,,0.0
2025-03-26 03:00:00,,,,,,,1273.0,1273.0,,,0.0,,,0.0
2025-03-26 04:00:00,,,,,,,1273.0,1273.0,,,0.0,,,0.0
2025-03-26 05:00:00,,,,,,,1273.0,1273.0,,,0.0,,,0.0
2025-03-26 06:00:00,,,,,,,1273.0,1273.0,,,0.0,,,0.0
2025-03-26 07:00:00,,,,,,,1273.0,1273.0,,,0.0,,,0.0
2025-03-26 08:00:00,0.61,0.5348,0.5438,0.5435,,1.0157,192.0,0.0,0.6954,0.0804,5.0,0.94519997,0.043900013,5.0
2025-03-26 09:00:00,0.49379998,0.2032,0.3233,0.3233,,,2240.0,2240.0,0.46719998,0.1196,6.0,1.0146999,0.08099997,6.0
2025-03-26 10:00:00,0.3574,0.5826,0.2679,0.2671,,,2240.0,2240.0,0.22819999,0.1778,5.0,1.1515,0.05219996,5.0
2025-03-26 11:00:00,,,,,,,509.0,509.0,0.658,0.03,3.0,1.1916,0.040499985,3.0
2025-03-26 12:00:00,,,,,,,509.0,509.0,,,0.0,,,0.0
2025-03-26 13:00:00,,,,,,,509.0,509.0,,,0.0,,,0.0
2025-03-26 14:00:00,,,,,,,509.0,509.0,,,0.0,,,0.0
2025-03-26 15:00:00,,,,,,,509.0,509.0,,,0.0,,,0.0
2025-03-26 16:00:00,,,,,,,505.0,505.0,,,0.0,,,0.0
2025-03-26 17:00:00,,,,,,,1533.0,1533.0,,,0.0,,,0.0
2025-03-26 18:00:00,,,,,,,1273.0,1273.0,,,0.0,,,0.0
2025-03-26 19:00:00,,,,,,,1273.0,1273.0,,,0.0,,,0.0
2025-03-26 20:00:00,,,,,,,1273.0,1273.0,,,0.0,,,0.0
2025-03-26 21:00:00,,,,,,,1273.0,1273.0,,,0.0,,,0.0
2025-03-26 22:00:00,,,,,,,1273.0,1273.0,,,0.0,,,0.0
2025-03-26 23:00:00,,,,,,,1273.0,1273.0,,,0.0,,,0.0
2025-03-27 00:00:00,,,,,,,1273.0,1273.0,,,0.0,,,0.0
2025-03-27 01:00:00,,,,,,,1273.0,1273.0,,,0.0,,,0.0
2025-03-27 02:00:00,,,,,,,1529.0,1529.0,,,0.0,,,0.0
2025-03-27 03:00:00,,,,,,,1273.0,1273.0,,,0.0,,,0.0
2025-03-27 04:00:00,,,,,,,1273.0,1273.0,,,0.0,,,0.0
2025-03-27 05:00:00,,,,,,,1273.0,1273.0,,,0.0,,,0.0
2025-03-27 06:00:00,,,,,,,1273.0,1273.0,,,0.0,,,0.0
2025-03-27 07:00:00,,,,,,,1273.0,1273.0,,,0.0,,,0.0
2025-03-27 08:00:00,,,,,,,505.0,504.0,0.8928,0.074,5.0,0.82949996,0.049600005,5.0
2025-03-27 09:00:00,,,,,,,505.0,504.0,0.8656,0.19039999,5.0,0.77269995,0.09079999,5.0
2025-03-27 10:00:00,,,,,,,505.0,504.0,0.4614,0.20979999,6.0,1.0063,0.12379998,6.0
2025-03-27 11:00:00,,,,,,,505.0,504.0,0.7428,0.156,4.0,1.0429,0.09279996,4.0
2025-03-27 12:00:00,,,,,,,509.0,509.0,,,0.0,,,0.0
2025-03-27 13:00:00,,,,,,,509.0,509.0,,,0.0,,,0.0
2025-03-27 14:00:00,,,,,,,509.0,509.0,,,0.0,,,0.0
2025-03-27 15:00:00,,,,,,,509.0,509.0,,,0.0,,,0.0
2025-03-27 16:00:00,,,,,,,509.0,509.0,,,0.0,,,0.0
2025-03-27 17:00:00,,,,,,,1533.0,1533.0,,,0.0,,,0.0
2025-03-27 18:00:00,,,,,,,1273.0,1273.0,,,0.0,,,0.0
2025-03-27 19:00:00,,,,,,,1273.0,1273.0,,,0.0,,,0.0
2025-03-27 20:00:00,,,,,,,1273.0,1273.0,,,0.0,,,0.0
2025-03-27 21:00:00,,,,,,,1273.0,1273.0,,,0.0,,,0.0
2025-03-27 22:00:00,,,,,,,1273.0,1273.0,,,0.0,,,0.0
2025-03-27 23:00:00,,,,,,,1273.0,1273.0,,,0.0,,,0.0
2025-03-28 00:00:00,,,,,,,1273.0,1273.0,,,0.0,,,0.0
2025-03-28 01:00:00,,,,,,,1273.0,1273.0,,,0.0,,,0.0
2025-03-28 02:00:00,,,,,,,1273.0,1273.0,,,0.0,,,0.0
2025-03-28 03:00:00,,,,,,,1273.0,1273.0,,,0.0,,,0.0
2025-03-28 04:00:00,,,,,,,1529.0,1529.0,,,0.0,,,0.0
2025-03-28 05:00:00,,,,,,,1273.0,1273.0,,,0.0,,,0.0
2025-03-28 06:00:00,,,,,,,1529.0,1529.0,,,0.0,,,0.0
2025-03-28 07:00:00,,,,,,,1533.0,1533.0,,,0.0,,,0.0
2025-03-28 08:00:00,,,,,,,509.0,509.0,,,0.0,,,0.0
2025-03-28 09:00:00,,,,,,,509.0,509.0,,,0.0,,,0.0
2025-03-28 10:00:00,,,,,,,505.0,504.0,1.3026,0.0,1.0,0.8579,0.0,1.0
2025-03-28 11:00:00,,,,,,,505.0,504.0,1.0045999,0.0464,4.0,1.0929999,0.1656,4.0
2025-03-28 12:00:00,,,,,,,509.0,509.0,,,0.0,,,0.0
2025-03-28 13:00:00,,,,,,,509.0,509.0,,,0.0,,,0.0
2025-03-28 14:00:00,,,,,,,509.0,509.0,,,0.0,,,0.0
2025-03-28 15:00:00,,,,,,,509.0,509.0,,,0.0,,,0.0
2025-03-28 16:00:00,,,,,,,509.0,509.0,,,0.0,,,0.0
2025-03-28 17:00:00,,,,,,,1533.0,1533.0,,,0.0,,,0.0
2025-03-28 18:00:00,,,,,,,1273.0,1273.0,,,0.0,,,0.0
2025-03-28 19:00:00,,,,,,,1529.0,1529.0,,,0.0,,,0.0
2025-03-28 20:00:00,,,,,,,1273.0,1273.0,,,0.0,,,0.0
2025-03-28 21:00:00,,,,,,,1273.0,1273.0,,,0.0,,,0.0
2025-03-28 22:00:00,,,,,,,1273.0,1273.0,,,0.0,,,0.0
2025-03-28 23:00:00,,,,,,,1273.0,1273.0,,,0.0,,,0.0
2025-03-29 00:00:00,,,,,,,1273.0,1273.0,,,0.0,,,0.0
2025-03-29 01:00:00,,,,,,,1273.0,1273.0,,,0.0,,,0.0
2025-03-29 02:00:00,,,,,,,1529.0,1529.0,,,0.0,,,0.0
2025-03-29 03:00:00,,,,,,,1533.0,1533.0,,,0.0,,,0.0
2025-03-29 04:00:00,,,,,,,1533.0,1533.0,,,0.0,,,0.0
2025-03-29 05:00:00,,,,,,,1529.0,1529.0,,,0.0,,,0.0
2025-03-29 06:00:00,,,,,,,1273.0,1273.0,,,0.0,,,0.0
2025-03-29 07:00:00,,,,,,,1273.0,1273.0,,,0.0,,,0.0
2025-03-29 08:00:00,,,,,,,509.0,509.0,,,0.0,,,0.0
2025-03-29 09:00:00,,,,,,,509.0,509.0,,,0.0,,,0.0
2025-03-29 10:00:00,,,,,,,509.0,509.0,,,0.0,,,0.0
2025-03-29 11:00:00,,,,,,,509.0,509.0,,,0.0,,,0.0
2025-03-29 12:00:00,,,,,,,509.0,509.0,,,0.0,,,0.0
2025-03-29 13:00:00,,,,,,,509.0,509.0,,,0.0,,,0.0
2025-03-29 14:00:00,,,,,,,509.0,509.0,,,0.0,,,0.0
2025-03-29 15:00:00,,,,,,,509.0,509.0,,,0.0,,,0.0
2025-03-29 16:00:00,,,,,,,509.0,509.0,,,0.0,,,0.0
2025-03-29 17:00:00,,,,,,,1533.0,1533.0,,,0.0,,,0.0
2025-03-29 18:00:00,,,,,,,1533.0,1533.0,,,0.0,,,0.0
2025-03-29 19:00:00,,,,,,,1533.0,1533.0,,,0.0,,,0.0
2025-03-29 20:00:00,,,,,,,1529.0,1529.0,,,0.0,,,0.0
2025-03-29 21:00:00,,,,,,,1273.0,1273.0,,,0.0,,,0.0
2025-03-29 22:00:00,,,,,,,1273.0,1273.0,,,0.0,,,0.0
2025-03-29 23:00:00,,,,,,,1273.0,1273.0,,,0.0,,,0.0
2025-03-30 00:00:00,,,,,,,1273.0,1273.0,,,0.0,,,0.0
2025-03-30 01:00:00,,,,,,,1529.0,1529.0,,,0.0,,,0.0
2025-03-30 02:00:00,,,,,,,1273.0,1273.0,,,0.0,,,0.0
2025-03-30 03:00:00,,,,,,,1533.0,1533.0,,,0.0,,,0.0
2025-03-30 04:00:00,,,,,,,1533.0,1533.0,,,0.0,,,0.0
2025-03-30 05:00:00,,,,,,,1533.0,1533.0,,,0.0,,,0.0
2025-03-30 06:00:00,,,,,,,1533.0,1533.0,,,0.0,,,0.0
2025-03-30 07:00:00,,,,,,,1533.0,1533.0,,,0.0,,,0.0
2025-03-30 08:00:00,,,,,,,249.0,248.0,0.5866,0.1322,3.0,0.6293,0.06559998,3.0
2025-03-30 09:00:00,,,,,,,505.0,504.0,0.325,0.14019999,6.0,0.7681,0.101799965,6.0
2025-03-30 10:00:00,,,,,,,249.0,248.0,0.1248,0.17099999,3.0,0.8455,0.13849998,2.0
2025-03-30 11:00:00,,,,,,,505.0,504.0,0.29999998,0.1336,6.0,0.9038,0.07910001,6.0
2025-03-30 12:00:00,,,,,,,509.0,509.0,,,0.0,,,0.0
2025-03-30 13:00:00,,,,,,,509.0,509.0,,,0.0,,,0.0
2025-03-30 14:00:00,,,,,,,509.0,509.0,,,0.0,,,0.0
2025-03-30 15:00:00,,,,,,,509.0,509.0,,,0.0,,,0.0
2025-03-30 16:00:00,,,,,,,509.0,509.0,,,0.0,,,0.0
2025-03-30 17:00:00,,,,,,,1533.0,1533.0,,,0.0,,,0.0
2025-03-30 18:00:00,,,,,,,1533.0,1533.0,,,0.0,,,0.0
2025-03-30 19:00:00,,,,,,,1533.0,1533.0,,,0.0,,,0.0
2025-03-30 20:00:00,,,,,,,1529.0,1529.0,,,0.0,,,0.0
2025-03-30 21:00:00,,,,,,,1533.0,1533.0,,,0.0,,,0.0
2025-03-30 22:00:00,,,,,,,1533.0,1533.0,,,0.0,,,0.0
2025-03-30 23:00:00,,,,,,,1533.0,1533.0,,,0.0,,,0.0
2025-03-31 00:00:00,,,,,,,1529.0,1529.0,,,0.0,,,0.0
2025-03-31 01:00:00,,,,,,,1533.0,1533.0,,,0.0,,,0.0
2025-03-31 02:00:00,,,,,,,1273.0,1273.0,,,0.0,,,0.0
2025-03-31 03:00:00,,,,,,,1529.0,1529.0,,,0.0,,,0.0
2025-03-31 04:00:00,,,,,,,1529.0,1529.0,,,0.0,,,0.0
2025-03-31 05:00:00,,,,,,,1533.0,1533.0,,,0.0,,,0.0
2025-03-31 06:00:00,,,,,,,1533.0,1533.0,,,0.0,,,0.0
2025-03-31 07:00:00,,,,,,,1533.0,1533.0,,,0.0,,,0.0
2025-03-31 08:00:00,,,,,,,509.0,509.0,0.5288,0.0,1.0,0.8327,0.0,1.0
2025-03-31 09:00:00,,,,,,,509.0,509.0,0.3366,0.0,1.0,0.7322999,0.0,1.0
2025-03-31 10:00:00,,,,,,,509.0,509.0,,,0.0,,,0.0
2025-03-31 11:00:00,,,,,,,509.0,509.0,,,0.0,,,0.0
2025-03-31 12:00:00,,,,,,,509.0,509.0,,,0.0,,,0.0
2025-03-31 13:00:00,,,,,,,509.0,509.0,,,0.0,,,0.0
2025-03-31 14:00:00,,,,,,,509.0,509.0,,,0.0,,,0.0
2025-03-31 15:00:00,,,,,,,509.0,509.0,,,0.0,,,0.0
2025-03-31 16:00:00,,,,,,,509.0,509.0,,,0.0,,,0.0
2025-03-31 17:00:00,,,,,,,1533.0,1533.0,,,0.0,,,0.0
2025-03-31 18:00:00,,,,,,,1533.0,1533.0,,,0.0,,,0.0
2025-03-31 19:00:00,,,,,,,1533.0,1533.0,,,0.0,,,0.0
2025-03-31 20:00:00,,,,,,,1533.0,1533.0,,,0.0,,,0.0
2025-03-31 21:00:00,,,,,,,1533.0,1533.0,,,0.0,,,0.0
2025-03-31 22:00:00,,,,,,,1533.0,1533.0,,,0.0,,,0.0
2025-03-31 23:00:00,,,,,,,1533.0,1533.0,,,0.0,,,0.0
2025-04-01 00:00:00,,,,,,,1529.0,1529.0,,,0.0,,,0.0
2025-04-01 01:00:00,,,,,,,1533.0,1533.0,,,0.0,,,0.0
2025-04-01 02:00:00,,,,,,,1533.0,1533.0,,,0.0,,,0.0
2025-04-01 03:00:00,,,,,,,1529.0,1529.0,,,0.0,,,0.0
2025-04-01 04:00:00,,,,,,,1533.0,1533.0,,,0.0,,,0.0
2025-04-01 05:00:00,,,,,,,1533.0,1533.0,,,0.0,,,0.0
2025-04-01 06:00:00,,,,,,,1529.0,1529.0,,,0.0,,,0.0
2025-04-01 07:00:00,,,,,,,1533.0,1533.0,,,0.0,,,0.0
2025-04-01 08:00:00,,,,,,,509.0,509.0,,,0.0,,,0.0
2025-04-01 09:00:00,,,,,,,509.0,509.0,,,0.0,,,0.0
2025-04-01 10:00:00,,,,,,,509.0,509.0,,,0.0,,,0.0
2025-04-01 11:00:00,,,,,,,509.0,509.0,,,0.0,,,0.0
2025-04-01 12:00:00,,,,,,,509.0,509.0,,,0.0,,,0.0
2025-04-01 13:00:00,,,,,,,509.0,509.0,,,0.0,,,0.0
2025-04-01 14:00:00,,,,,,,509.0,509.0,,,0.0,,,0.0
2025-04-01 15:00:00,,,,,,,509.0,509.0,,,0.0,,,0.0
2025-04-01 16:00:00,,,,,,,509.0,509.0,,,0.0,,,0.0
2025-04-01 17:00:00,,,,,,,1533.0,1533.0,,,0.0,,,0.0
2025-04-01 18:00:00,,,,,,,1533.0,1533.0,,,0.0,,,0.0
2025-04-01 19:00:00,,,,,,,1533.0,1533.0,,,0.0,,,0.0
2025-04-01 20:00:00,,,,,,,1533.0,1533.0,,,0.0,,,0.0
2025-04-01 21:00:00,,,,,,,1533.0,1533.0,,,0.0,,,0.0
2025-04-01 22:00:00,,,,,,,1533.0,1533.0,,,0.0,,,0.0
2025-04-01 23:00:00,,,,,,,1533.0,1533.0,,,0.0,,,0.0
2025-04-02 00:00:00,,,,,,,1533.0,1533.0,,,0.0,,,0.0
2025-04-02 01:00:00,,,,,,,1529.0,1529.0,,,0.0,,,0.0
2025-04-02 02:00:00,,,,,,,1529.0,1529.0,,,0.0,,,0.0
2025-04-02 03:00:00,,,,,,,1533.0,1533.0,,,0.0,,,0.0
2025-04-02 04:00:00,,,,,,,1533.0,1533.0,,,0.0,,,0.0
2025-04-02 05:00:00,,,,,,,1533.0,1533.0,,,0.0,,,0.0
2025-04-02 06:00:00,,,,,,,1533.0,1533.0,,,0.0,,,0.0
2025-04-02 07:00:00,,,,,,,1533.0,1533.0,,,0.0,,,0.0
2025-04-02 08:00:00,,,,,,,509.0,509.0,,,0.0,,,0.0
2025-04-02 09:00:00,,,,,,,509.0,509.0,,,0.0,,,0.0
2025-04-02 10:00:00,,,,,,,509.0,509.0,,,0.0,,,0.0
2025-04-02 11:00:00,,,,,,,509.0,509.0,,,0.0,,,0.0
2025-04-02 12:00:00,,,,,,,509.0,509.0,,,0.0,,,0.0
2025-04-02 13:00:00,,,,,,,509.0,509.0,,,0.0,,,0.0
2025-04-02 14:00:00,,,,,,,509.0,509.0,,,0.0,,,0.0
2025-04-02 15:00:00,,,,,,,509.0,509.0,,,0.0,,,0.0
2025-04-02 16:00:00,,,,,,,509.0,509.0,,,0.0,,,0.0
2025-04-02 17:00:00,,,,,,,1533.0,1533.0,,,0.0,,,0.0
2025-04-02 18:00:00,,,,,,,1533.0,1533.0,,,0.0,,,0.0
2025-04-02 19:00:00,,,,,,,1533.0,1533.0,,,0.0,,,0.0
2025-04-02 20:00:00,,,,,,,1533.0,1533.0,,,0.0,,,0.0
2025-04-02 21:00:00,,,,,,,1533.0,1533.0,,,0.0,,,0.0
2025-04-02 22:00:00,,,,,,,1533.0,1533.0,,,0.0,,,0.0
2025-04-02 23:00:00,,,,,,,1529.0,1529.0,,,0.0,,,0.0
2025-04-03 00:00:00,,,,,,,1533.0,1533.0,,,0.0,,,0.0
2025-04-03 01:00:00,,,,,,,1273.0,1273.0,,,0.0,,,0.0
2025-04-03 02:00:00,,,,,,,1533.0,1533.0,,,0.0,,,0.0
2025-04-03 03:00:00,,,,,,,1533.0,1533.0,,,0.0,,,0.0
2025-04-03 04:00:00,,,,,,,1533.0,1533.0,,,0.0,,,0.0
2025-04-03 05:00:00,,,,,,,1529.0,1529.0,,,0.0,,,0.0
2025-04-03 06:00:00,,,,,,,1273.0,1273.0,,,0.0,,,0.0
2025-04-03 07:00:00,,,,,,,1533.0,1533.0,,,0.0,,,0.0
2025-04-03 08:00:00,,,,,,,509.0,509.0,0.3326,0.0,1.0,0.8284,0.0,1.0
2025-04-03 09:00:00,,,,,,,2553.0,2552.0,0.118999995,0.0648,5.0,0.9275,0.023400009,5.0
2025-04-03 10:00:00,,,,,,,249.0,248.0,0.083,0.1082,5.0,0.90979993,0.08019996,3.0
2025-04-03 11:00:00,,,,,,,509.0,509.0,0.1982,0.2048,4.0,0.96519995,0.018299997,4.0
2025-04-03 12:00:00,,,,,,,505.0,504.0,0.2604,0.077599995,6.0,0.9699,0.011900008,6.0
2025-04-03 13:00:00,,,,,,,509.0,509.0,0.36339998,0.053799998,2.0,0.97449994,0.0052999854,2.0
2025-04-03 14:00:00,,,,,,,509.0,509.0,,,0.0,,,0.0
2025-04-03 15:00:00,,,,,,,509.0,509.0,,,0.0,,,0.0
2025-04-03 16:00:00,,,,,,,509.0,509.0,,,0.0,,,0.0
2025-04-03 17:00:00,,,,,,,1529.0,1529.0,,,0.0,,,0.0
2025-04-03 18:00:00,,,,,,,1533.0,1533.0,,,0.0,,,0.0
2025-04-03 19:00:00,,,,,,,1273.0,1273.0,,,0.0,,,0.0
2025-04-03 20:00:00,,,,,,,1529.0,1529.0,,,0.0,,,0.0
2025-04-03 21:00:00,,,,,,,1529.0,1529.0,,,0.0,,,0.0
2025-04-03 22:00:00,,,,,,,1273.0,1273.0,,,0.0,,,0.0
2025-04-03 23:00:00,,,,,,,1529.0,1529.0,,,0.0,,,0.0
2025-04-04 00:00:00,,,,,,,1529.0,1529.0,,,0.0,,,0.0
2025-04-04 01:00:00,,,,,,,1273.0,1273.0,,,0.0,,,0.0
2025-04-04 02:00:00,,,,,,,1273.0,1273.0,,,0.0,,,0.0
2025-04-04 03:00:00,,,,,,,1273.0,1273.0,,,0.0,,,0.0
2025-04-04 04:00:00,,,,,,,1529.0,1529.0,,,0.0,,,0.0
2025-04-04 05:00:00,,,,,,,1529.0,1529.0,,,0.0,,,0.0
2025-04-04 06:00:00,,,,,,,1529.0,1529.0,,,0.0,,,0.0
2025-04-04 07:00:00,,,,,,,1533.0,1533.0,,,0.0,,,0.0
2025-04-04 08:00:00,,,,,,,509.0,509.0,0.5778,0.0712,3.0,1.0546,0.1275,3.0
2025-04-04 09:00:00,,,,,,,509.0,509.0,0.38439998,0.0,1.0,1.1639999,0.0,1.0
2025-04-04 10:00:00,,,,,,,509.0,509.0,0.8828,0.0,1.0,1.2708,0.0,1.0
2025-04-04 11:00:00,,,,,,,505.0,504.0,0.54399997,0.12459999,4.0,1.1315999,0.045599997,4.0
2025-04-04 12:00:00,,,,,,,509.0,509.0,0.5104,0.0652,4.0,1.1308999,0.011500001,4.0
2025-04-04 13:00:00,,,,,,,509.0,509.0,0.694,0.0,1.0,1.0461999,0.0,1.0
2025-04-04 14:00:00,,,,,,,509.0,509.0,,,0.0,,,0.0
2025-04-04 15:00:00,,,,,,,509.0,509.0,,,0.0,,,0.0
2025-04-04 16:00:00,,,,,,,509.0,509.0,,,0.0,,,0.0
2025-04-04 17:00:00,,,,,,,1533.0,1533.0,,,0.0,,,0.0
2025-04-04 18:00:00,,,,,,,1273.0,1273.0,,,0.0,,,0.0
2025-04-04 19:00:00,,,,,,,1533.0,1533.0,,,0.0,,,0.0
2025-04-04 20:00:00,,,,,,,1273.0,1273.0,,,0.0,,,0.0
2025-04-04 21:00:00,,,,,,,1273.0,1273.0,,,0.0,,,0.0
2025-04-04 22:00:00,,,,,,,1529.0,1529.0,,,0.0,,,0.0
2025-04-04 23:00:00,,,,,,,1273.0,1273.0,,,0.0,,,0.0
2025-04-05 00:00:00,,,,,,,1273.0,1273.0,,,0.0,,,0.0
2025-04-05 01:00:00,,,,,,,1273.0,1273.0,,,0.0,,,0.0
2025-04-05 02:00:00,,,,,,,1273.0,1273.0,,,0.0,,,0.0
2025-04-05 03:00:00,,,,,,,1273.0,1273.0,,,0.0,,,0.0
2025-04-05 04:00:00,,,,,,,1273.0,1273.0,,,0.0,,,0.0
2025-04-05 05:00:00,,,,,,,1273.0,1273.0,,,0.0,,,0.0
2025-04-05 06:00:00,,,,,,,1273.0,1273.0,,,0.0,,,0.0
2025-04-05 07:00:00,,,,,,,1273.0,1273.0,,,0.0,,,0.0
2025-04-05 08:00:00,0.17199999,0.1584,0.4331,0.433,,,192.0,192.0,0.122999996,0.0524,6.0,0.9906,0.005499959,6.0
2025-04-05 09:00:00,0.094399996,0.0156,0.375,0.375,,,2240.0,2240.0,0.1006,0.042999998,6.0,0.9864999,0.008599997,6.0
2025-04-05 10:00:00,0.077,,,,,,2241.0,2296.0,0.0614,0.0958,5.0,1.0091,0.0055999756,5.0
2025-04-05 11:00:00,,,,,,,249.0,248.0,0.6502,0.24919999,6.0,1.111,0.09649998,6.0
2025-04-05 12:00:00,,,,,,,509.0,509.0,0.387,0.0139999995,3.0,1.0423,0.012699962,3.0
2025-04-05 13:00:00,,,,,,,509.0,509.0,,,0.0,,,0.0
2025-04-05 14:00:00,,,,,,,509.0,509.0,,,0.0,,,0.0
2025-04-05 15:00:00,,,,,,,509.0,509.0,,,0.0,,,0.0
2025-04-05 16:00:00,,,,,,,509.0,509.0,,,0.0,,,0.0
2025-04-05 17:00:00,,,,,,,1533.0,1533.0,0.1708,0.012399999,2.0,0.9511,0.023599982,2.0
2025-04-05 18:00:00,,,,,,,1273.0,1273.0,,,0.0,,,0.0
2025-04-05 19:00:00,,,,,,,1273.0,1273.0,,,0.0,,,0.0
2025-04-05 20:00:00,,,,,,,1529.0,1529.0,,,0.0,,,0.0
2025-04-05 21:00:00,,,,,,,1273.0,1273.0,,,0.0,,,0.0
2025-04-05 22:00:00,,,,,,,1273.0,1273.0,,,0.0,,,0.0
2025-04-05 23:00:00,,,,,,,1529.0,1529.0,,,0.0,,,0.0
2025-04-06 00:00:00,,,,,,,1529.0,1529.0,,,0.0,,,0.0
2025-04-06 01:00:00,,,,,,,1273.0,1273.0,,,0.0,,,0.0
2025-04-06 02:00:00,,,,,,,1273.0,1273.0,,,0.0,,,0.0
2025-04-06 03:00:00,,,,,,,1533.0,1533.0,,,0.0,,,0.0
2025-04-06 04:00:00,,,,,,,1533.0,1533.0,,,0.0,,,0.0
2025-04-06 05:00:00,,,,,,,1533.0,1533.0,,,0.0,,,0.0
2025-04-06 06:00:00,,,,,,,1529.0,1529.0,,,0.0,,,0.0
2025-04-06 07:00:00,,,,,,,1533.0,1533.0,,,0.0,,,0.0
2025-04-06 08:00:00,,,,,,,505.0,504.0,0.5748,0.2402,6.0,0.9634999,0.059899986,6.0
2025-04-06 09:00:00,,,,,,,505.0,504.0,0.2992,0.0354,6.0,1.0058999,0.026499987,6.0
2025-04-06 10:00:00,,,,,,,509.0,509.0,0.523,0.0,1.0,0.9893,0.0,1.0
2025-04-06 11:00:00,,,,,,,509.0,509.0,,,0.0,,,0.0
2025-04-06 12:00:00,,,,,,,509.0,509.0,,,0.0,,,0.0
2025-04-06 13:00:00,,,,,,,509.0,509.0,,,0.0,,,0.0
2025-04-06 14:00:00,,,,,,,509.0,509.0,,,0.0,,,0.0
2025-04-06 15:00:00,,,,,,,509.0,509.0,,,0.0,,,0.0
2025-04-06 16:00:00,,,,,,,509.0,509.0,,,0.0,,,0.0
2025-04-06 17:00:00,,,,,,,1533.0,1533.0,,,0.0,,,0.0
2025-04-06 18:00:00,,,,,,,1533.0,1533.0,,,0.0,,,0.0
2025-04-06 19:00:00,,,,,,,1529.0,1529.0,,,0.0,,,0.0
2025-04-06 20:00:00,,,,,,,1273.0,1273.0,,,0.0,,,0.0
2025-04-06 21:00:00,,,,,,,1273.0,1273.0,,,0.0,,,0.0
2025-04-06 22:00:00,,,,,,,1529.0,1529.0,,,0.0,,,0.0
2025-04-06 23:00:00,,,,,,,1529.0,1529.0,,,0.0,,,0.0
2025-04-07 00:00:00,,,,,,,1533.0,1533.0,,,0.0,,,0.0
2025-04-07 01:00:00,,,,,,,1533.0,1533.0,,,0.0,,,0.0
2025-04-07 02:00:00,,,,,,,1533.0,1533.0,,,0.0,,,0.0
2025-04-07 03:00:00,,,,,,,1529.0,1529.0,,,0.0,,,0.0
2025-04-07 04:00:00,,,,,,,1533.0,1533.0,,,0.0,,,0.0
2025-04-07 05:00:00,,,,,,,1533.0,1533.0,,,0.0,,,0.0
2025-04-07 06:00:00,,,,,,,1533.0,1533.0,,,0.0,,,0.0
2025-04-07 07:00:00,,,,,,,1533.0,1533.0,,,0.0,,,0.0
2025-04-07 08:00:00,,,,,,,509.0,509.0,,,0.0,,,0.0
2025-04-07 09:00:00,,,,,,,509.0,509.0,0.7672,0.0,1.0,0.9475,0.0,1.0
2025-04-07 10:00:00,,,,,,,509.0,509.0,0.042799998,0.0,2.0,1.2903,0.0,2.0
2025-04-07 11:00:00,,,,,,,509.0,509.0,0.4784,0.13239999,4.0,1.3187,0.03909999,4.0
2025-04-07 12:00:00,,,,,,,2553.0,2552.0,0.2746,0.0738,6.0,1.27,0.014800012,6.0
2025-04-07 13:00:00,,,,,,,509.0,509.0,0.3232,0.053799998,4.0,1.2906,0.005800009,4.0
2025-04-07 14:00:00,,,,,,,509.0,509.0,,,0.0,,,0.0
2025-04-07 15:00:00,,,,,,,509.0,509.0,,,0.0,,,0.0
2025-04-07 16:00:00,,,,,,,509.0,509.0,,,0.0,,,0.0
2025-04-07 17:00:00,,,,,,,1533.0,1533.0,0.6274,0.161,2.0,0.83239996,0.1002,2.0
2025-04-07 18:00:00,,,,,,,1533.0,1533.0,,,0.0,,,0.0
2025-04-07 19:00:00,,,,,,,1533.0,1533.0,,,0.0,,,0.0
2025-04-07 20:00:00,,,,,,,1533.0,1533.0,,,0.0,,,0.0
2025-04-07 21:00:00,,,,,,,1533.0,1533.0,,,0.0,,,0.0
2025-04-07 22:00:00,,,,,,,1533.0,1533.0,,,0.0,,,0.0
2025-04-07 23:00:00,,,,,,,1533.0,1533.0,,,0.0,,,0.0
2025-04-08 00:00:00,,,,,,,1533.0,1533.0,,,0.0,,,0.0
2025-04-08 01:00:00,,,,,,,1533.0,1533.0,,,0.0,,,0.0
2025-04-08 02:00:00,,,,,,,1533.0,1533.0,,,0.0,,,0.0
2025-04-08 03:00:00,,,,,,,1533.0,1533.0,,,0.0,,,0.0
2025-04-08 04:00:00,,,,,,,1529.0,1529.0,,,0.0,,,0.0
2025-04-08 05:00:00,,,,,,,1533.0,1533.0,,,0.0,,,0.0
2025-04-08 06:00:00,,,,,,,1533.0,1533.0,,,0.0,,,0.0
2025-04-08 07:00:00,,,,,,,1533.0,1533.0,,,0.0,,,0.0
2025-04-08 08:00:00,,,,,,,509.0,509.0,,,0.0,,,0.0
2025-04-08 09:00:00,,,,,,,509.0,509.0,,,0.0,,,0.0
2025-04-08 10:00:00,,,,,,,509.0,509.0,,,0.0,,,0.0
2025-04-08 11:00:00,,,,,,,509.0,509.0,,,0.0,,,0.0
2025-04-08 12:00:00,,,,,,,505.0,505.0,,,0.0,,,0.0
2025-04-08 13:00:00,,,,,,,509.0,509.0,,,0.0,,,0.0
2025-04-08 14:00:00,,,,,,,509.0,509.0,,,0.0,,,0.0
2025-04-08 15:00:00,,,,,,,509.0,509.0,,,0.0,,,0.0
2025-04-08 16:00:00,,,,,,,509.0,509.0,,,0.0,,,0.0
2025-04-08 17:00:00,,,,,,,1533.0,1533.0,,,0.0,,,0.0
2025-04-08 18:00:00,,,,,,,1529.0,1529.0,,,0.0,,,0.0
2025-04-08 19:00:00,,,,,,,1533.0,1533.0,,,0.0,,,0.0
2025-04-08 20:00:00,,,,,,,1533.0,1533.0,,,0.0,,,0.0
2025-04-08 21:00:00,,,,,,,1533.0,1533.0,,,0.0,,,0.0
2025-04-08 22:00:00,,,,,,,1529.0,1529.0,,,0.0,,,0.0
2025-04-08 23:00:00,,,,,,,1273.0,1273.0,,,0.0,,,0.0
2025-04-09 00:00:00,,,,,,,1273.0,1273.0,,,0.0,,,0.0
2025-04-09 01:00:00,,,,,,,1273.0,1273.0,,,0.0,,,0.0
2025-04-09 02:00:00,,,,,,,1529.0,1529.0,,,0.0,,,0.0
2025-04-09 03:00:00,,,,,,,1529.0,1529.0,,,0.0,,,0.0
2025-04-09 04:00:00,,,,,,,1529.0,1529.0,,,0.0,,,0.0
2025-04-09 05:00:00,,,,,,,1529.0,1529.0,,,0.0,,,0.0
2025-04-09 06:00:00,,,,,,,1529.0,1529.0,,,0.0,,,0.0
2025-04-09 07:00:00,,,,,,,1273.0,1273.0,,,0.0,,,0.0
2025-04-09 08:00:00,,,,,,,509.0,509.0,0.43339998,0.011399999,3.0,1.1229,0.0686,3.0
2025-04-09 09:00:00,,,,,,,505.0,504.0,0.527,0.0,1.0,1.1071,0.0,1.0
2025-04-09 10:00:00,,,,,,,2553.0,2552.0,0.54399997,0.18259999,3.0,1.1804999,0.013999999,3.0
2025-04-09 11:00:00,,,,,,,2553.0,2552.0,0.8106,0.1138,4.0,1.1939,0.10699999,4.0
2025-04-09 12:00:00,,,,,,,509.0,509.0,1.0762,0.0,1.0,1.0482,0.0,1.0
2025-04-09 13:00:00,,,,,,,509.0,509.0,,,0.0,,,0.0
2025-04-09 14:00:00,,,,,,,509.0,509.0,,,0.0,,,0.0
2025-04-09 15:00:00,,,,,,,509.0,509.0,,,0.0,,,0.0
2025-04-09 16:00:00,,,,,,,509.0,509.0,,,0.0,,,0.0
2025-04-09 17:00:00,,,,,,,1533.0,1533.0,,,0.0,,,0.0
2025-04-09 18:00:00,,,,,,,1273.0,1273.0,,,0.0,,,0.0
2025-04-09 19:00:00,,,,,,,1273.0,1273.0,,,0.0,,,0.0
2025-04-09 20:00:00,,,,,,,1273.0,1273.0,,,0.0,,,0.0
2025-04-09 21:00:00,,,,,,,1273.0,1273.0,,,0.0,,,0.0
2025-04-09 22:00:00,,,,,,,1273.0,1273.0,,,0.0,,,0.0
2025-04-09 23:00:00,,,,,,,1529.0,1529.0,,,0.0,,,0.0
2025-04-10 00:00:00,,,,,,,1273.0,1273.0,,,0.0,,,0.0
2025-04-10 01:00:00,,,,,,,1273.0,1273.0,,,0.0,,,0.0
2025-04-10 02:00:00,,,,,,,1273.0,1273.0,,,0.0,,,0.0
2025-04-10 03:00:00,,,,,,,1529.0,1529.0,,,0.0,,,0.0
2025-04-10 04:00:00,,,,,,,1533.0,1533.0,,,0.0,,,0.0
2025-04-10 05:00:00,,,,,,,1529.0,1529.0,,,0.0,,,0.0
2025-04-10 06:00:00,,,,,,,1273.0,1273.0,,,0.0,,,0.0
2025-04-10 07:00:00,,,,,,,1273.0,1273.0,,,0.0,,,0.0
2025-04-10 08:00:00,,,,,,,509.0,509.0,0.9726,0.18859999,5.0,0.6855,0.09499997,5.0
2025-04-10 09:00:00,,,,,,,509.0,509.0,,,0.0,,,0.0
2025-04-10 10:00:00,,,,,,,509.0,509.0,,,0.0,,,0.0
2025-04-10 11:00:00,,,,,,,509.0,509.0,,,0.0,,,0.0
2025-04-10 12:00:00,,,,,,,509.0,509.0,,,0.0,,,0.0
2025-04-10 13:00:00,,,,,,,509.0,509.0,,,0.0,,,0.0
2025-04-10 14:00:00,,,,,,,509.0,509.0,,,0.0,,,0.0
2025-04-10 15:00:00,,,,,,,509.0,509.0,,,0.0,,,0.0
2025-04-10 16:00:00,,,,,,,509.0,509.0,,,0.0,,,0.0
2025-04-10 17:00:00,,,,,,,1533.0,1533.0,,,0.0,,,0.0
2025-04-10 18:00:00,,,,,,,1533.0,1533.0,,,0.0,,,0.0
2025-04-10 19:00:00,,,,,,,1529.0,1529.0,,,0.0,,,0.0
2025-04-10 20:00:00,,,,,,,1533.0,1533.0,,,0.0,,,0.0
2025-04-10 21:00:00,,,,,,,1533.0,1533.0,,,0.0,,,0.0
2025-04-10 22:00:00,,,,,,,1529.0,1529.0,,,0.0,,,0.0
2025-04-10 23:00:00,,,,,,,1533.0,1533.0,,,0.0,,,0.0
2025-04-11 00:00:00,,,,,,,1529.0,1529.0,,,0.0,,,0.0
2025-04-11 01:00:00,,,,,,,1533.0,1533.0,,,0.0,,,0.0
2025-04-11 02:00:00,,,,,,,1533.0,1533.0,,,0.0,,,0.0
2025-04-11 03:00:00,,,,,,,1529.0,1529.0,,,0.0,,,0.0
2025-04-11 04:00:00,,,,,,,1533.0,1533.0,,,0.0,,,0.0
2025-04-11 05:00:00,,,,,,,1273.0,1273.0,,,0.0,,,0.0
2025-04-11 06:00:00,,,,,,,1273.0,1273.0,,,0.0,,,0.0
2025-04-11 07:00:00,,,,,,,1533.0,1533.0,,,0.0,,,0.0
2025-04-11 08:00:00,,,,,,,509.0,509.0,,,0.0,,,0.0
2025-04-11 09:00:00,,,,,,,509.0,509.0,,,0.0,,,0.0
2025-04-11 10:00:00,,,,,,,509.0,509.0,,,0.0,,,0.0
2025-04-11 11:00:00,,,,,,,509.0,509.0,,,0.0,,,0.0
2025-04-11 12:00:00,,,,,,,509.0,509.0,,,0.0,,,0.0
2025-04-11 13:00:00,,,,,,,509.0,509.0,,,0.0,,,0.0
2025-04-11 14:00:00,,,,,,,505.0,505.0,0.927,0.094799995,3.0,0.8873999,0.0636,3.0
2025-04-11 15:00:00,,,,,,,509.0,509.0,,,0.0,,,0.0
2025-04-11 16:00:00,,,,,,,509.0,509.0,,,0.0,,,0.0
2025-04-11 17:00:00,,,,,,,1533.0,1533.0,0.239,0.0692,2.0,1.168,0.101799965,2.0
2025-04-11 18:00:00,,,,,,,1529.0,1529.0,,,0.0,,,0.0
2025-04-11 19:00:00,,,,,,,1273.0,1273.0,,,0.0,,,0.0
2025-04-11 20:00:00,,,,,,,1529.0,1529.0,,,0.0,,,0.0
2025-04-11 21:00:00,,,,,,,1533.0,1533.0,,,0.0,,,0.0
2025-04-11 22:00:00,,,,,,,1273.0,1273.0,,,0.0,,,0.0
2025-04-11 23:00:00,,,,,,,1273.0,1273.0,,,0.0,,,0.0
2025-04-12 00:00:00,,,,,,,1273.0,1273.0,,,0.0,,,0.0
2025-04-12 01:00:00,,,,,,,1273.0,1273.0,,,0.0,,,0.0
2025-04-12 02:00:00,,,,,,,1273.0,1273.0,,,0.0,,,0.0
2025-04-12 03:00:00,,,,,,,1273.0,1273.0,,,0.0,,,0.0
2025-04-12 04:00:00,,,,,,,1273.0,1273.0,,,0.0,,,0.0
2025-04-12 05:00:00,,,,,,,1273.0,1273.0,,,0.0,,,0.0
2025-04-12 06:00:00,,,,,,,1273.0,1273.0,,,0.0,,,0.0
2025-04-12 07:00:00,,,,,,,1273.0,1273.0,,,0.0,,,0.0
2025-04-12 08:00:00,,,,,,,509.0,509.0,0.32259998,0.13419999,4.0,0.98889995,0.02609998,4.0
2025-04-12 09:00:00,,,,,,,509.0,509.0,,,0.0,,,0.0
2025-04-12 10:00:00,,,,,,,509.0,509.0,,,0.0,,,0.0
2025-04-12 11:00:00,,,,,,,509.0,509.0,0.3928,0.0,1.0,1.0389,0.0,1.0
2025-04-12 12:00:00,,,,,,,509.0,509.0,,,0.0,,,0.0
2025-04-12 13:00:00,,,,,,,509.0,509.0,,,0.0,,,0.0
2025-04-12 14:00:00,,,,,,,509.0,509.0,,,0.0,,,0.0
2025-04-12 15:00:00,,,,,,,509.0,509.0,,,0.0,,,0.0
2025-04-12 16:00:00,,,,,,,509.0,509.0,,,0.0,,,0.0
2025-04-12 17:00:00,,,,,,,1533.0,1533.0,,,0.0,,,0.0
2025-04-12 18:00:00,,,,,,,1273.0,1273.0,,,0.0,,,0.0
2025-04-12 19:00:00,,,,,,,1273.0,1273.0,,,0.0,,,0.0
2025-04-12 20:00:00,,,,,,,1273.0,1273.0,,,0.0,,,0.0
2025-04-12 21:00:00,,,,,,,1273.0,1273.0,,,0.0,,,0.0
2025-04-12 22:00:00,,,,,,,1273.0,1273.0,,,0.0,,,0.0
2025-04-12 23:00:00,,,,,,,1273.0,1273.0,,,0.0,,,0.0
2025-04-13 00:00:00,,,,,,,1533.0,1533.0,,,0.0,,,0.0
2025-04-13 01:00:00,,,,,,,1273.0,1273.0,,,0.0,,,0.0
2025-04-13 02:00:00,,,,,,,1273.0,1273.0,,,0.0,,,0.0
2025-04-13 03:00:00,,,,,,,1273.0,1273.0,,,0.0,,,0.0
2025-04-13 04:00:00,,,,,,,1273.0,1273.0,,,0.0,,,0.0
2025-04-13 05:00:00,,,,,,,1533.0,1533.0,,,0.0,,,0.0
2025-04-13 06:00:00,,,,,,,1529.0,1529.0,,,0.0,,,0.0
2025-04-13 07:00:00,,,,,,,1529.0,1529.0,,,0.0,,,0.0
2025-04-13 08:00:00,,,,,,,505.0,504.0,0.59279996,0.13599999,3.0,1.2831,0.16439998,3.0
2025-04-13 09:00:00,,,,,,,509.0,509.0,0.849,0.22,4.0,0.81799996,0.12400001,4.0
2025-04-13 10:00:00,,,,,,,509.0,509.0,,,0.0,,,0.0
2025-04-13 11:00:00,,,,,,,509.0,509.0,,,0.0,,,0.0
2025-04-13 12:00:00,,,,,,,509.0,509.0,,,0.0,,,0.0
2025-04-13 13:00:00,,,,,,,509.0,509.0,,,0.0,,,0.0
2025-04-13 14:00:00,,,,,,,509.0,509.0,,,0.0,,,0.0
2025-04-13 15:00:00,,,,,,,509.0,509.0,,,0.0,,,0.0
2025-04-13 16:00:00,,,,,,,509.0,509.0,,,0.0,,,0.0
2025-04-13 17:00:00,,,,,,,1533.0,1533.0,,,0.0,,,0.0
2025-04-13 18:00:00,,,,,,,1533.0,1533.0,,,0.0,,,0.0
2025-04-13 19:00:00,,,,,,,1273.0,1273.0,,,0.0,,,0.0
2025-04-13 20:00:00,,,,,,,1533.0,1533.0,,,0.0,,,0.0
2025-04-13 21:00:00,,,,,,,1273.0,1273.0,,,0.0,,,0.0
2025-04-13 22:00:00,,,,,,,1273.0,1273.0,,,0.0,,,0.0
2025-04-13 23:00:00,,,,,,,1273.0,1273.0,,,0.0,,,0.0
2025-04-14 00:00:00,,,,,,,1273.0,1273.0,,,0.0,,,0.0
2025-04-14 01:00:00,,,,,,,1273.0,1273.0,,,0.0,,,0.0
2025-04-14 02:00:00,,,,,,,1273.0,1273.0,,,0.0,,,0.0
2025-04-14 03:00:00,,,,,,,1273.0,1273.0,,,0.0,,,0.0
2025-04-14 04:00:00,,,,,,,1273.0,1273.0,,,0.0,,,0.0
2025-04-14 05:00:00,,,,,,,1273.0,1273.0,,,0.0,,,0.0
2025-04-14 06:00:00,,,,,,,1273.0,1273.0,,,0.0,,,0.0
2025-04-14 07:00:00,,,,,,,1273.0,1273.0,,,0.0,,,0.0
2025-04-14 08:00:00,,,,,,,505.0,504.0,0.4062,0.0664,5.0,0.9254,0.044399977,5.0
2025-04-14 09:00:00,,,,,,,249.0,248.0,0.22839999,0.1166,5.0,0.91859996,0.041799963,5.0
2025-04-14 10:00:00,,,,,,,509.0,509.0,0.064399995,0.0634,2.0,0.985,0.0022000074,2.0
2025-04-14 11:00:00,,,,,,,509.0,509.0,0.2394,0.0506,3.0,0.9411,0.025099993,3.0
2025-04-14 12:00:00,,,,,,,509.0,509.0,,,0.0,,,0.0
2025-04-14 13:00:00,,,,,,,509.0,509.0,,,0.0,,,0.0
2025-04-14 14:00:00,,,,,,,509.0,509.0,,,0.0,,,0.0
2025-04-14 15:00:00,,,,,,,509.0,509.0,,,0.0,,,0.0
2025-04-14 16:00:00,,,,,,,509.0,509.0,,,0.0,,,0.0
2025-04-14 17:00:00,,,,,,,1533.0,1533.0,,,0.0,,,0.0
2025-04-14 18:00:00,,,,,,,1533.0,1533.0,,,0.0,,,0.0
2025-04-14 19:00:00,,,,,,,1533.0,1533.0,,,0.0,,,0.0
2025-04-14 20:00:00,,,,,,,1533.0,1533.0,,,0.0,,,0.0
2025-04-14 21:00:00,,,,,,,1533.0,1533.0,,,0.0,,,0.0
2025-04-14 22:00:00,,,,,,,1533.0,1533.0,,,0.0,,,0.0
2025-04-14 23:00:00,,,,,,,1533.0,1533.0,,,0.0,,,0.0
2025-04-15 00:00:00,,,,,,,1533.0,1533.0,,,0.0,,,0.0
2025-04-15 01:00:00,,,,,,,1533.0,1533.0,,,0.0,,,0.0
2025-04-15 02:00:00,,,,,,,1529.0,1529.0,,,0.0,,,0.0
2025-04-15 03:00:00,,,,,,,1529.0,1529.0,,,0.0,,,0.0
2025-04-15 04:00:00,,,,,,,1533.0,1533.0,,,0.0,,,0.0
2025-04-15 05:00:00,,,,,,,1533.0,1533.0,,,0.0,,,0.0
2025-04-15 06:00:00,,,,,,,1533.0,1533.0,,,0.0,,,0.0
2025-04-15 07:00:00,,,,,,,1533.0,1533.0,,,0.0,,,0.0
2025-04-15 08:00:00,,,,,,,509.0,509.0,,,0.0,,,0.0
2025-04-15 09:00:00,,,,,,,509.0,509.0,,,0.0,,,0.0
2025-04-15 10:00:00,,,,,,,509.0,509.0,,,0.0,,,0.0
2025-04-15 11:00:00,,,,,,,509.0,509.0,,,0.0,,,0.0
2025-04-15 12:00:00,,,,,,,509.0,509.0,,,0.0,,,0.0
2025-04-15 13:00:00,,,,,,,509.0,509.0,,,0.0,,,0.0
2025-04-15 14:00:00,,,,,,,509.0,509.0,,,0.0,,,0.0
2025-04-15 15:00:00,,,,,,,509.0,509.0,,,0.0,,,0.0
2025-04-15 16:00:00,,,,,,,509.0,509.0,,,0.0,,,0.0
2025-04-15 17:00:00,,,,,,,1533.0,1533.0,,,0.0,,,0.0
2025-04-15 18:00:00,,,,,,,1533.0,1533.0,,,0.0,,,0.0
2025-04-15 19:00:00,,,,,,,1533.0,1533.0,,,0.0,,,0.0
2025-04-15 20:00:00,,,,,,,1529.0,1529.0,,,0.0,,,0.0
2025-04-15 21:00:00,,,,,,,1533.0,1533.0,,,0.0,,,0.0
2025-04-15 22:00:00,,,,,,,1533.0,1533.0,,,0.0,,,0.0
2025-04-15 23:00:00,,,,,,,1529.0,1529.0,,,0.0,,,0.0
2025-04-16 00:00:00,,,,,,,1533.0,1533.0,,,0.0,,,0.0
2025-04-16 01:00:00,,,,,,,1273.0,1273.0,,,0.0,,,0.0
2025-04-16 02:00:00,,,,,,,1273.0,1273.0,,,0.0,,,0.0
2025-04-16 03:00:00,,,,,,,1529.0,1529.0,,,0.0,,,0.0
2025-04-16 04:00:00,,,,,,,1529.0,1529.0,,,0.0,,,0.0
2025-04-16 05:00:00,,,,,,,1273.0,1273.0,,,0.0,,,0.0
2025-04-16 06:00:00,,,,,,,1533.0,1533.0,,,0.0,,,0.0
2025-04-16 07:00:00,,,,,,,1533.0,1533.0,,,0.0,,,0.0
2025-04-16 08:00:00,,,,,,,509.0,509.0,0.6034,0.0,1.0,0.7743,0.0,1.0
2025-04-16 09:00:00,,,,,,,509.0,509.0,0.5584,0.076,3.0,1.3084999,0.029900014,3.0
2025-04-16 10:00:00,,,,,,,2553.0,2552.0,0.5186,0.19839999,5.0,1.1948999,0.07029998,5.0
2025-04-16 11:00:00,,,,,,,509.0,509.0,0.96019995,0.095599994,3.0,1.2211,0.076600015,3.0
2025-04-16 12:00:00,,,,,,,509.0,509.0,,,0.0,,,0.0
2025-04-16 13:00:00,,,,,,,509.0,509.0,,,0.0,,,0.0
2025-04-16 14:00:00,,,,,,,509.0,509.0,,,0.0,,,0.0
2025-04-16 15:00:00,,,,,,,509.0,509.0,,,0.0,,,0.0
2025-04-16 16:00:00,,,,,,,509.0,509.0,,,0.0,,,0.0
2025-04-16 17:00:00,,,,,,,1533.0,1533.0,,,0.0,,,0.0
2025-04-16 18:00:00,,,,,,,1533.0,1533.0,,,0.0,,,0.0
2025-04-16 19:00:00,,,,,,,1533.0,1533.0,,,0.0,,,0.0
2025-04-16 20:00:00,,,,,,,1533.0,1533.0,,,0.0,,,0.0
2025-04-16 21:00:00,,,,,,,1529.0,1529.0,,,0.0,,,0.0
2025-04-16 22:00:00,,,,,,,1533.0,1533.0,,,0.0,,,0.0
2025-04-16 23:00:00,,,,,,,1533.0,1533.0,,,0.0,,,0.0
2025-04-17 00:00:00,,,,,,,1533.0,1533.0,,,0.0,,,0.0
2025-04-17 01:00:00,,,,,,,1529.0,1529.0,,,0.0,,,0.0
2025-04-17 02:00:00,,,,,,,1533.0,1533.0,,,0.0,,,0.0
2025-04-17 03:00:00,,,,,,,1533.0,1533.0,,,0.0,,,0.0
2025-04-17 04:00:00,,,,,,,1529.0,1529.0,,,0.0,,,0.0
2025-04-17 05:00:00,,,,,,,1533.0,1533.0,,,0.0,,,0.0
2025-04-17 06:00:00,,,,,,,1273.0,1273.0,,,0.0,,,0.0
2025-04-17 07:00:00,,,,,,,1533.0,1533.0,,,0.0,,,0.0
2025-04-17 08:00:00,,,,,,,509.0,509.0,,,0.0,,,0.0
2025-04-17 09:00:00,,,,,,,509.0,509.0,0.99719995,0.04,2.0,1.2074,0.0765,2.0
2025-04-17 10:00:00,,,,,,,509.0,509.0,,,0.0,,,0.0
2025-04-17 11:00:00,,,,,,,509.0,509.0,,,0.0,,,0.0
2025-04-17 12:00:00,,,,,,,509.0,509.0,,,0.0,,,0.0
2025-04-17 13:00:00,,,,,,,509.0,509.0,,,0.0,,,0.0
2025-04-17 14:00:00,,,,,,,509.0,509.0,,,0.0,,,0.0
2025-04-17 15:00:00,,,,,,,509.0,509.0,,,0.0,,,0.0
2025-04-17 16:00:00,,,,,,,509.0,509.0,,,0.0,,,0.0
2025-04-17 17:00:00,,,,,,,1533.0,1533.0,,,0.0,,,0.0
2025-04-17 18:00:00,,,,,,,1529.0,1529.0,,,0.0,,,0.0
2025-04-17 19:00:00,,,,,,,1529.0,1529.0,,,0.0,,,0.0
2025-04-17 20:00:00,,,,,,,1529.0,1529.0,,,0.0,,,0.0
2025-04-17 21:00:00,,,,,,,1529.0,1529.0,,,0.0,,,0.0
2025-04-17 22:00:00,,,,,,,1529.0,1529.0,,,0.0,,,0.0
2025-04-17 23:00:00,,,,,,,1529.0,1529.0,,,0.0,,,0.0
2025-04-18 00:00:00,,,,,,,1273.0,1273.0,,,0.0,,,0.0
2025-04-18 01:00:00,,,,,,,1273.0,1273.0,,,0.0,,,0.0
2025-04-18 02:00:00,,,,,,,1533.0,1533.0,,,0.0,,,0.0
2025-04-18 03:00:00,,,,,,,1533.0,1533.0,,,0.0,,,0.0
2025-04-18 04:00:00,,,,,,,1529.0,1529.0,,,0.0,,,0.0
2025-04-18 05:00:00,,,,,,,1529.0,1529.0,,,0.0,,,0.0
2025-04-18 06:00:00,,,,,,,1273.0,1273.0,,,0.0,,,0.0
2025-04-18 07:00:00,,,,,,,1533.0,1533.0,,,0.0,,,0.0
2025-04-18 08:00:00,,,,,,,509.0,509.0,,,0.0,,,0.0
2025-04-18 09:00:00,,,,,,,509.0,509.0,1.0948,0.0162,2.0,1.1769999,0.111499965,2.0
2025-04-18 10:00:00,,,,,,,509.0,509.0,,,0.0,,,0.0
2025-04-18 11:00:00,,,,,,,509.0,509.0,,,0.0,,,0.0
2025-04-18 12:00:00,,,,,,,509.0,509.0,,,0.0,,,0.0
2025-04-18 13:00:00,,,,,,,509.0,509.0,,,0.0,,,0.0
2025-04-18 14:00:00,,,,,,,509.0,509.0,,,0.0,,,0.0
2025-04-18 15:00:00,,,,,,,509.0,509.0,,,0.0,,,0.0
2025-04-18 16:00:00,,,,,,,505.0,504.0,0.4982,0.0,1.0,1.0440999,0.0,1.0
2025-04-18 17:00:00,,,,,,,1533.0,1533.0,0.61899996,0.087,2.0,1.0582,0.07679999,2.0
2025-04-18 18:00:00,,,,,,,1533.0,1533.0,,,0.0,,,0.0
2025-04-18 19:00:00,,,,,,,1273.0,1273.0,,,0.0,,,0.0
2025-04-18 20:00:00,,,,,,,1529.0,1529.0,,,0.0,,,0.0
2025-04-18 21:00:00,,,,,,,1273.0,1273.0,,,0.0,,,0.0
2025-04-18 22:00:00,,,,,,,1533.0,1533.0,,,0.0,,,0.0
2025-04-18 23:00:00,,,,,,,1533.0,1533.0,,,0.0,,,0.0
2025-04-19 00:00:00,,,,,,,1529.0,1529.0,,,0.0,,,0.0
2025-04-19 01:00:00,,,,,,,1273.0,1273.0,,,0.0,,,0.0
2025-04-19 02:00:00,,,,,,,1533.0,1533.0,,,0.0,,,0.0
2025-04-19 03:00:00,,,,,,,1529.0,1529.0,,,0.0,,,0.0
2025-04-19 04:00:00,,,,,,,1273.0,1273.0,,,0.0,,,0.0
2025-04-19 05:00:00,,,,,,,1533.0,1533.0,,,0.0,,,0.0
2025-04-19 06:00:00,,,,,,,1273.0,1273.0,,,0.0,,,0.0
2025-04-19 07:00:00,,,,,,,1529.0,1529.0,,,0.0,,,0.0
2025-04-19 08:00:00,,,,,,,2553.0,2552.0,0.49019998,0.094,5.0,1.1182,0.09469998,5.0
2025-04-19 09:00:00,,,,,,,509.0,509.0,,,0.0,,,0.0
2025-04-19 10:00:00,,,,,,,509.0,509.0,0.6986,0.0,2.0,1.1659,0.0,2.0
2025-04-19 11:00:00,,,,,,,509.0,509.0,,,0.0,,,0.0
2025-04-19 12:00:00,,,,,,,509.0,509.0,,,0.0,,,0.0
2025-04-19 13:00:00,,,,,,,509.0,509.0,,,0.0,,,0.0
2025-04-19 14:00:00,,,,,,,509.0,509.0,,,0.0,,,0.0
2025-04-19 15:00:00,,,,,,,509.0,509.0,,,0.0,,,0.0
2025-04-19 16:00:00,,,,,,,509.0,509.0,,,0.0,,,0.0
2025-04-19 17:00:00,,,,,,,1533.0,1533.0,0.1462,0.0,1.0,1.0738,0.0,1.0
2025-04-19 18:00:00,,,,,,,1273.0,1273.0,,,0.0,,,0.0
2025-04-19 19:00:00,,,,,,,1529.0,1529.0,,,0.0,,,0.0
2025-04-19 20:00:00,,,,,,,1273.0,1273.0,,,0.0,,,0.0
2025-04-19 21:00:00,,,,,,,1273.0,1273.0,,,0.0,,,0.0
2025-04-19 22:00:00,,,,,,,1273.0,1273.0,,,0.0,,,0.0
2025-04-19 23:00:00,,,,,,,1273.0,1273.0,,,0.0,,,0.0
2025-04-20 00:00:00,,,,,,,1273.0,1273.0,,,0.0,,,0.0
2025-04-20 01:00:00,,,,,,,1273.0,1273.0,,,0.0,,,0.0
2025-04-20 02:00:00,,,,,,,1529.0,1529.0,,,0.0,,,0.0
2025-04-20 03:00:00,,,,,,,1529.0,1529.0,,,0.0,,,0.0
2025-04-20 04:00:00,,,,,,,1529.0,1529.0,,,0.0,,,0.0
2025-04-20 05:00:00,,,,,,,1533.0,1533.0,,,0.0,,,0.0
2025-04-20 06:00:00,,,,,,,1533.0,1533.0,,,0.0,,,0.0
2025-04-20 07:00:00,,,,,,,1273.0,1273.0,,,0.0,,,0.0
2025-04-20 08:00:00,,,,,,,509.0,509.0,0.36319998,0.0156,2.0,1.0977,0.0013999939,2.0
2025-04-20 09:00:00,,,,,,,2553.0,2552.0,0.1494,0.1688,4.0,1.1257,0.054499984,4.0
2025-04-20 10:00:00,,,,,,,249.0,248.0,0.127,0.0,1.0,1.0927,0.0,1.0
2025-04-20 11:00:00,,,,,,,2297.0,2296.0,0.0008,0.0,1.0,1.0891999,0.0,1.0
2025-04-20 12:00:00,,,,,,,509.0,509.0,0.0004,0.0,2.0,,-0.5,0.0
2025-04-20 13:00:00,,,,,,,509.0,509.0,,,0.0,,,0.0
2025-04-20 14:00:00,,,,,,,509.0,509.0,,,0.0,,,0.0
2025-04-20 15:00:00,,,,,,,509.0,509.0,,,0.0,,,0.0
2025-04-20 16:00:00,,,,,,,505.0,505.0,,,0.0,,,0.0
2025-04-20 17:00:00,,,,,,,1533.0,1533.0,0.0132,0.0,1.0,1.0849999,0.0,1.0
2025-04-20 18:00:00,,,,,,,1273.0,1273.0,,,0.0,,,0.0
2025-04-20 19:00:00,,,,,,,1273.0,1273.0,,,0.0,,,0.0
2025-04-20 20:00:00,,,,,,,1273.0,1273.0,,,0.0,,,0.0
2025-04-20 21:00:00,,,,,,,1273.0,1273.0,,,0.0,,,0.0
2025-04-20 22:00:00,,,,,,,1273.0,1273.0,,,0.0,,,0.0
2025-04-20 23:00:00,,,,,,,1273.0,1273.0,,,0.0,,,0.0
2025-04-21 00:00:00,,,,,,,1273.0,1273.0,,,0.0,,,0.0
2025-04-21 01:00:00,,,,,,,1273.0,1273.0,,,0.0,,,0.0
2025-04-21 02:00:00,,,,,,,1273.0,1273.0,,,0.0,,,0.0
2025-04-21 03:00:00,,,,,,,1529.0,1529.0,,,0.0,,,0.0
2025-04-21 04:00:00,,,,,,,1273.0,1273.0,,,0.0,,,0.0
2025-04-21 05:00:00,,,,,,,1273.0,1273.0,,,0.0,,,0.0
2025-04-21 06:00:00,,,,,,,1533.0,1533.0,,,0.0,,,0.0
2025-04-21 07:00:00,,,,,,,1273.0,1273.0,,,0.0,,,0.0
2025-04-21 08:00:00,,,,,,,509.0,509.0,0.2332,0.0,1.0,1.0497999,0.0,1.0
2025-04-21 09:00:00,,,,,,,509.0,509.0,,,0.0,,,0.0
2025-04-21 10:00:00,,,,,,,509.0,509.0,,,0.0,,,0.0
2025-04-21 11:00:00,,,,,,,509.0,509.0,,,0.0,,,0.0
2025-04-21 12:00:00,,,,,,,509.0,509.0,,,0.0,,,0.0
2025-04-21 13:00:00,,,,,,,509.0,509.0,,,0.0,,,0.0
2025-04-21 14:00:00,,,,,,,509.0,509.0,,,0.0,,,0.0
2025-04-21 15:00:00,,,,,,,509.0,509.0,,,0.0,,,0.0
2025-04-21 16:00:00,,,,,,,509.0,509.0,,,0.0,,,0.0
2025-04-21 17:00:00,,,,,,,1533.0,1533.0,,,0.0,,,0.0
2025-04-21 18:00:00,,,,,,,1533.0,1533.0,,,0.0,,,0.0
2025-04-21 19:00:00,,,,,,,1533.0,1533.0,,,0.0,,,0.0
2025-04-21 20:00:00,,,,,,,1529.0,1529.0,,,0.0,,,0.0
2025-04-21 21:00:00,,,,,,,1533.0,1533.0,,,0.0,,,0.0
2025-04-21 22:00:00,,,,,,,1529.0,1529.0,,,0.0,,,0.0
2025-04-21 23:00:00,,,,,,,1533.0,1533.0,,,0.0,,,0.0
2025-04-22 00:00:00,,,,,,,1533.0,1533.0,,,0.0,,,0.0
2025-04-22 01:00:00,,,,,,,1533.0,1533.0,,,0.0,,,0.0
2025-04-22 02:00:00,,,,,,,1533.0,1533.0,,,0.0,,,0.0
2025-04-22 03:00:00,,,,,,,1529.0,1529.0,,,0.0,,,0.0
2025-04-22 04:00:00,,,,,,,1533.0,1533.0,,,0.0,,,0.0
2025-04-22 05:00:00,,,,,,,1529.0,1529.0,,,0.0,,,0.0
2025-04-22 06:00:00,,,,,,,1533.0,1533.0,,,0.0,,,0.0
2025-04-22 07:00:00,,,,,,,1533.0,1533.0,,,0.0,,,0.0
2025-04-22 08:00:00,,,,,,,509.0,509.0,,,0.0,,,0.0
2025-04-22 09:00:00,,,,,,,505.0,505.0,,,0.0,,,0.0
2025-04-22 10:00:00,,,,,,,509.0,509.0,0.7762,0.0,1.0,1.3435999,0.0,1.0
2025-04-22 11:00:00,,,,,,,509.0,509.0,,,0.0,,,0.0
2025-04-22 12:00:00,,,,,,,509.0,509.0,,,0.0,,,0.0
2025-04-22 13:00:00,,,,,,,509.0,509.0,,,0.0,,,0.0
2025-04-22 14:00:00,,,,,,,509.0,509.0,,,0.0,,,0.0
2025-04-22 15:00:00,,,,,,,509.0,509.0,,,0.0,,,0.0
2025-04-22 16:00:00,,,,,,,509.0,509.0,,,0.0,,,0.0
2025-04-22 17:00:00,,,,,,,1533.0,1533.0,,,0.0,,,0.0
2025-04-22 18:00:00,,,,,,,1533.0,1533.0,,,0.0,,,0.0
2025-04-22 19:00:00,,,,,,,1533.0,1533.0,,,0.0,,,0.0
2025-04-22 20:00:00,,,,,,,1533.0,1533.0,,,0.0,,,0.0
2025-04-22 21:00:00,,,,,,,1533.0,1533.0,,,0.0,,,0.0
2025-04-22 22:00:00,,,,,,,1533.0,1533.0,,,0.0,,,0.0
2025-04-22 23:00:00,,,,,,,1533.0,1533.0,,,0.0,,,0.0
2025-04-23 00:00:00,,,,,,,1533.0,1533.0,,,0.0,,,0.0
2025-04-23 01:00:00,,,,,,,1533.0,1533.0,,,0.0,,,0.0
2025-04-23 02:00:00,,,,,,,1533.0,1533.0,,,0.0,,,0.0
2025-04-23 03:00:00,,,,,,,1533.0,1533.0,,,0.0,,,0.0
2025-04-23 04:00:00,,,,,,,1529.0,1529.0,,,0.0,,,0.0
2025-04-23 05:00:00,,,,,,,1273.0,1273.0,,,0.0,,,0.0
2025-04-23 06:00:00,,,,,,,1533.0,1533.0,,,0.0,,,0.0
2025-04-23 07:00:00,,,,,,,1529.0,1529.0,,,0.0,,,0.0
2025-04-23 08:00:00,,,,,,,2553.0,2552.0,0.553,0.1374,2.0,1.2164999,0.16569996,2.0
2025-04-23 09:00:00,,,,,,,509.0,509.0,0.4454,0.0,1.0,1.1904,0.0,1.0
2025-04-23 10:00:00,,,,,,,509.0,509.0,,,0.0,,,0.0
2025-04-23 11:00:00,,,,,,,509.0,509.0,,,0.0,,,0.0
2025-04-23 12:00:00,,,,,,,509.0,509.0,,,0.0,,,0.0
2025-04-23 13:00:00,,,,,,,509.0,509.0,,,0.0,,,0.0
2025-04-23 14:00:00,,,,,,,509.0,509.0,,,0.0,,,0.0
2025-04-23 15:00:00,,,,,,,509.0,509.0,,,0.0,,,0.0
2025-04-23 16:00:00,,,,,,,509.0,509.0,,,0.0,,,0.0
2025-04-23 17:00:00,,,,,,,1533.0,1533.0,,,0.0,,,0.0
2025-04-23 18:00:00,,,,,,,1533.0,1533.0,,,0.0,,,0.0
2025-04-23 19:00:00,,,,,,,1529.0,1529.0,,,0.0,,,0.0
2025-04-23 20:00:00,,,,,,,1533.0,1533.0,,,0.0,,,0.0
2025-04-23 21:00:00,,,,,,,1533.0,1533.0,,,0.0,,,0.0
2025-04-23 22:00:00,,,,,,,1529.0,1529.0,,,0.0,,,0.0
2025-04-23 23:00:00,,,,,,,1533.0,1533.0,,,0.0,,,0.0
2025-04-24 00:00:00,,,,,,,1529.0,1529.0,,,0.0,,,0.0
2025-04-24 01:00:00,,,,,,,1529.0,1529.0,,,0.0,,,0.0
2025-04-24 02:00:00,,,,,,,1529.0,1529.0,,,0.0,,,0.0
2025-04-24 03:00:00,,,,,,,1273.0,1273.0,,,0.0,,,0.0
2025-04-24 04:00:00,,,,,,,1273.0,1273.0,,,0.0,,,0.0
2025-04-24 05:00:00,,,,,,,1533.0,1533.0,,,0.0,,,0.0
2025-04-24 06:00:00,,,,,,,1533.0,1533.0,,,0.0,,,0.0
2025-04-24 07:00:00,,,,,,,1533.0,1533.0,,,0.0,,,0.0
2025-04-24 08:00:00,,,,,,,509.0,509.0,0.5754,0.0,1.0,0.9899,0.0,1.0
2025-04-24 09:00:00,,,,,,,249.0,248.0,0.17,0.1042,4.0,1.0323,0.0546,4.0
2025-04-24 10:00:00,,,,,,,509.0,509.0,0.4418,0.017199999,2.0,1.0847,0.007799983,2.0
2025-04-24 11:00:00,,,,,,,509.0,509.0,,,0.0,,,0.0
2025-04-24 12:00:00,,,,,,,509.0,509.0,,,0.0,,,0.0
2025-04-24 13:00:00,,,,,,,509.0,509.0,0.5762,0.0,1.0,1.0849999,0.0,1.0
2025-04-24 14:00:00,,,,,,,509.0,509.0,,,0.0,,,0.0
2025-04-24 15:00:00,,,,,,,509.0,509.0,,,0.0,,,0.0
2025-04-24 16:00:00,,,,,,,509.0,509.0,,,0.0,,,0.0
2025-04-24 17:00:00,,,,,,,1533.0,1533.0,,,0.0,,,0.0
2025-04-24 18:00:00,,,,,,,1533.0,1533.0,,,0.0,,,0.0
2025-04-24 19:00:00,,,,,,,1533.0,1533.0,,,0.0,,,0.0
2025-04-24 20:00:00,,,,,,,1533.0,1533.0,,,0.0,,,0.0
2025-04-24 21:00:00,,,,,,,1529.0,1529.0,,,0.0,,,0.0
2025-04-24 22:00:00,,,,,,,1533.0,1533.0,,,0.0,,,0.0
2025-04-24 23:00:00,,,,,,,1529.0,1529.0,,,0.0,,,0.0
2025-04-25 00:00:00,,,,,,,1529.0,1529.0,,,0.0,,,0.0
2025-04-25 01:00:00,,,,,,,1533.0,1533.0,,,0.0,,,0.0
2025-04-25 02:00:00,,,,,,,1529.0,1529.0,,,0.0,,,0.0
2025-04-25 03:00:00,,,,,,,1529.0,1529.0,,,0.0,,,0.0
2025-04-25 04:00:00,,,,,,,1533.0,1533.0,,,0.0,,,0.0
2025-04-25 05:00:00,,,,,,,1529.0,1529.0,,,0.0,,,0.0
2025-04-25 06:00:00,,,,,,,1533.0,1533.0,,,0.0,,,0.0
2025-04-25 07:00:00,,,,,,,1273.0,1273.0,,,0.0,,,0.0
2025-04-25 08:00:00,,,,,,,509.0,509.0,0.39299998,0.0938,3.0,0.91919994,0.054699957,3.0
2025-04-25 09:00:00,,,,,,,509.0,509.0,0.2978,0.152,3.0,1.1148,0.04189998,3.0
2025-04-25 10:00:00,,,,,,,509.0,509.0,,,0.0,,,0.0
2025-04-25 11:00:00,,,,,,,505.0,505.0,,,0.0,,,0.0
2025-04-25 12:00:00,,,,,,,509.0,509.0,0.0164,0.0053999997,2.0,1.1337999,0.015100002,2.0
2025-04-25 13:00:00,,,,,,,505.0,505.0,0.021,0.0,1.0,1.1025,0.0,1.0
2025-04-25 14:00:00,,,,,,,505.0,505.0,,,0.0,,,0.0
2025-04-25 15:00:00,,,,,,,505.0,505.0,,,0.0,,,0.0
2025-04-25 16:00:00,,,,,,,509.0,509.0,,,0.0,,,0.0
2025-04-25 17:00:00,,,,,,,1533.0,1533.0,,,0.0,,,0.0
2025-04-25 18:00:00,,,,,,,1533.0,1533.0,,,0.0,,,0.0
2025-04-25 19:00:00,,,,,,,1533.0,1533.0,,,0.0,,,0.0
2025-04-25 20:00:00,,,,,,,1529.0,1529.0,,,0.0,,,0.0
2025-04-25 21:00:00,,,,,,,1529.0,1529.0,,,0.0,,,0.0
2025-04-25 22:00:00,,,,,,,1533.0,1533.0,,,0.0,,,0.0
2025-04-25 23:00:00,,,,,,,1533.0,1533.0,,,0.0,,,0.0
2025-04-26 00:00:00,,,,,,,1533.0,1533.0,,,0.0,,,0.0
2025-04-26 01:00:00,,,,,,,1533.0,1533.0,,,0.0,,,0.0
2025-04-26 02:00:00,,,,,,,1533.0,1533.0,,,0.0,,,0.0
2025-04-26 03:00:00,,,,,,,1533.0,1533.0,,,0.0,,,0.0
2025-04-26 04:00:00,,,,,,,1533.0,1533.0,,,0.0,,,0.0
2025-04-26 05:00:00,,,,,,,1533.0,1533.0,,,0.0,,,0.0
2025-04-26 06:00:00,,,,,,,1533.0,1533.0,,,0.0,,,0.0
2025-04-26 07:00:00,,,,,,,509.0,509.0,,,0.0,,,0.0
2025-04-26 08:00:00,,,,,,,509.0,509.0,,,0.0,,,0.0
2025-04-26 09:00:00,,,,,,,509.0,509.0,,,0.0,,,0.0
2025-04-26 10:00:00,,,,,,,509.0,509.0,,,0.0,,,0.0
2025-04-26 11:00:00,,,,,,,509.0,509.0,0.9134,0.0,1.0,1.1014,0.0,1.0
2025-04-26 12:00:00,,,,,,,509.0,509.0,,,0.0,,,0.0
2025-04-26 13:00:00,,,,,,,509.0,509.0,0.7574,0.0822,2.0,1.0733,0.02579999,2.0
2025-04-26 14:00:00,,,,,,,509.0,509.0,,,0.0,,,0.0
2025-04-26 15:00:00,,,,,,,509.0,509.0,,,0.0,,,0.0
2025-04-26 16:00:00,,,,,,,505.0,505.0,,,0.0,,,0.0
2025-04-26 17:00:00,,,,,,,1273.0,1273.0,,,0.0,,,0.0
2025-04-26 18:00:00,,,,,,,1533.0,1533.0,,,0.0,,,0.0
2025-04-26 19:00:00,,,,,,,1273.0,1273.0,,,0.0,,,0.0
2025-04-26 20:00:00,,,,,,,1529.0,1529.0,,,0.0,,,0.0
2025-04-26 21:00:00,,,,,,,1533.0,1533.0,,,0.0,,,0.0
2025-04-26 22:00:00,,,,,,,1533.0,1533.0,,,0.0,,,0.0
2025-04-26 23:00:00,,,,,,,1533.0,1533.0,,,0.0,,,0.0
2025-04-27 00:00:00,,,,,,,1533.0,1533.0,,,0.0,,,0.0
2025-04-27 01:00:00,,,,,,,1533.0,1533.0,,,0.0,,,0.0
2025-04-27 02:00:00,,,,,,,1529.0,1529.0,,,0.0,,,0.0
2025-04-27 03:00:00,,,,,,,1533.0,1533.0,,,0.0,,,0.0
2025-04-27 04:00:00,,,,,,,1273.0,1273.0,,,0.0,,,0.0
2025-04-27 05:00:00,,,,,,,1533.0,1533.0,,,0.0,,,0.0
2025-04-27 06:00:00,,,,,,,1533.0,1533.0,,,0.0,,,0.0
2025-04-27 07:00:00,,,,,,,509.0,509.0,,,0.0,,,0.0
2025-04-27 08:00:00,,,,,,,2297.0,2296.0,0.3522,0.1832,4.0,1.0087999,0.08939999,4.0
2025-04-27 09:00:00,,,,,,,509.0,509.0,,,0.0,,,0.0
2025-04-27 10:00:00,,,,,,,509.0,509.0,,,0.0,,,0.0
2025-04-27 11:00:00,,,,,,,509.0,509.0,,,0.0,,,0.0
2025-04-27 12:00:00,,,,,,,509.0,509.0,,,0.0,,,0.0
2025-04-27 13:00:00,,,,,,,509.0,509.0,,,0.0,,,0.0
2025-04-27 14:00:00,,,,,,,509.0,509.0,,,0.0,,,0.0
2025-04-27 15:00:00,,,,,,,509.0,509.0,,,0.0,,,0.0
2025-04-27 16:00:00,,,,,,,509.0,509.0,,,0.0,,,0.0
2025-04-27 17:00:00,,,,,,,1533.0,1533.0,,,0.0,,,0.0
2025-04-27 18:00:00,,,,,,,1273.0,1273.0,,,0.0,,,0.0
2025-04-27 19:00:00,,,,,,,1273.0,1273.0,,,0.0,,,0.0
2025-04-27 20:00:00,,,,,,,1273.0,1273.0,,,0.0,,,0.0
2025-04-27 21:00:00,,,,,,,1273.0,1273.0,,,0.0,,,0.0
2025-04-27 22:00:00,,,,,,,1273.0,1273.0,,,0.0,,,0.0
2025-04-27 23:00:00,,,,,,,1273.0,1273.0,,,0.0,,,0.0
2025-04-28 00:00:00,,,,,,,1273.0,1273.0,,,0.0,,,0.0
2025-04-28 01:00:00,,,,,,,1529.0,1529.0,,,0.0,,,0.0
2025-04-28 02:00:00,,,,,,,1533.0,1533.0,,,0.0,,,0.0
2025-04-28 03:00:00,,,,,,,1529.0,1529.0,,,0.0,,,0.0
2025-04-28 04:00:00,,,,,,,1529.0,1529.0,,,0.0,,,0.0
2025-04-28 05:00:00,,,,,,,1529.0,1529.0,,,0.0,,,0.0
2025-04-28 06:00:00,,,,,,,1533.0,1533.0,,,0.0,,,0.0
2025-04-28 07:00:00,,,,,,,509.0,509.0,,,0.0,,,0.0
2025-04-28 08:00:00,,,,,,,509.0,509.0,,,0.0,,,0.0
2025-04-28 09:00:00,,,,,,,505.0,504.0,0.1858,0.0744,4.0,1.2012,0.013099968,4.0
2025-04-28 10:00:00,,,,,,,505.0,504.0,0.2616,0.109,5.0,1.1896,0.0952,5.0
2025-04-28 11:00:00,,,,,,,509.0,509.0,0.44759998,0.1138,2.0,1.1379,0.010100007,2.0
2025-04-28 12:00:00,,,,,,,509.0,509.0,,,0.0,,,0.0
2025-04-28 13:00:00,,,,,,,509.0,509.0,,,0.0,,,0.0
2025-04-28 14:00:00,,,,,,,509.0,509.0,,,0.0,,,0.0
2025-04-28 15:00:00,,,,,,,509.0,509.0,,,0.0,,,0.0
2025-04-28 16:00:00,,,,,,,509.0,509.0,,,0.0,,,0.0
2025-04-28 17:00:00,,,,,,,1533.0,1533.0,,,0.0,,,0.0
2025-04-28 18:00:00,,,,,,,1273.0,1273.0,,,0.0,,,0.0
2025-04-28 19:00:00,,,,,,,1273.0,1273.0,,,0.0,,,0.0
2025-04-28 20:00:00,,,,,,,1273.0,1273.0,,,0.0,,,0.0
2025-04-28 21:00:00,,,,,,,1273.0,1273.0,,,0.0,,,0.0
2025-04-28 22:00:00,,,,,,,1273.0,1273.0,,,0.0,,,0.0
2025-04-28 23:00:00,,,,,,,1273.0,1273.0,,,0.0,,,0.0
2025-04-29 00:00:00,,,,,,,1273.0,1273.0,,,0.0,,,0.0
2025-04-29 01:00:00,,,,,,,1529.0,1529.0,,,0.0,,,0.0
2025-04-29 02:00:00,,,,,,,1273.0,1273.0,,,0.0,,,0.0
2025-04-29 03:00:00,,,,,,,1529.0,1529.0,,,0.0,,,0.0
2025-04-29 04:00:00,,,,,,,1273.0,1273.0,,,0.0,,,0.0
2025-04-29 05:00:00,,,,,,,1533.0,1533.0,,,0.0,,,0.0
2025-04-29 06:00:00,,,,,,,1533.0,1533.0,,,0.0,,,0.0
2025-04-29 07:00:00,,,,,,,2553.0,2552.0,0.6868,0.0,1.0,1.3259,0.0,1.0
2025-04-29 08:00:00,,,,,,,509.0,509.0,0.66459996,0.18339999,2.0,1.2495999,0.05790001,2.0
2025-04-29 09:00:00,,,,,,,505.0,504.0,0.6784,0.2418,2.0,1.2644999,0.21989995,2.0
2025-04-29 10:00:00,,,,,,,249.0,248.0,0.3308,0.04,3.0,1.0727999,0.04890001,3.0
2025-04-29 11:00:00,,0.3554,,0.4405,,,248.0,192.0,0.3628,0.038799997,6.0,1.0885999,0.023899972,6.0
2025-04-29 12:00:00,,,,,,,509.0,509.0,0.52959996,0.121999994,3.0,1.1818,0.014499962,3.0
2025-04-29 13:00:00,,,,,,,509.0,509.0,,,0.0,,,0.0
2025-04-29 14:00:00,,,,,,,509.0,509.0,,,0.0,,,0.0
2025-04-29 15:00:00,,,,,,,509.0,509.0,,,0.0,,,0.0
2025-04-29 16:00:00,,,,,,,509.0,509.0,,,0.0,,,0.0
2025-04-29 17:00:00,,,,,,,1533.0,1533.0,,,0.0,,,0.0
2025-04-29 18:00:00,,,,,,,1533.0,1533.0,,,0.0,,,0.0
2025-04-29 19:00:00,,,,,,,1533.0,1533.0,,,0.0,,,0.0
2025-04-29 20:00:00,,,,,,,1533.0,1533.0,,,0.0,,,0.0
2025-04-29 21:00:00,,,,,,,1533.0,1533.0,,,0.0,,,0.0
2025-04-29 22:00:00,,,,,,,1529.0,1529.0,,,0.0,,,0.0
2025-04-29 23:00:00,,,,,,,1533.0,1533.0,,,0.0,,,0.0
2025-04-30 00:00:00,,,,,,,1529.0,1529.0,,,0.0,,,0.0
2025-04-30 01:00:00,,,,,,,1273.0,1273.0,,,0.0,,,0.0
2025-04-30 02:00:00,,,,,,,1273.0,1273.0,,,0.0,,,0.0
2025-04-30 03:00:00,,,,,,,1273.0,1273.0,,,0.0,,,0.0
2025-04-30 04:00:00,,,,,,,1273.0,1273.0,,,0.0,,,0.0
2025-04-30 05:00:00,,,,,,,1529.0,1529.0,,,0.0,,,0.0
2025-04-30 06:00:00,,,,,,,1533.0,1533.0,,,0.0,,,0.0
2025-04-30 07:00:00,,,,,,,2553.0,2552.0,0.45299998,0.0,1.0,1.2097,0.0,1.0
2025-04-30 08:00:00,,,,,,,2297.0,2296.0,0.602,0.2904,3.0,1.1560999,0.025999963,3.0
2025-04-30 09:00:00,,,,,,,249.0,248.0,0.1664,0.0672,6.0,1.1195999,0.046299994,6.0
2025-04-30 10:00:00,,,,,,,505.0,504.0,0.16679999,0.1134,6.0,1.0629,0.026799977,6.0
2025-04-30 11:00:00,,,,,,,509.0,509.0,0.3998,0.034399997,2.0,1.0473,0.0076999664,2.0
2025-04-30 12:00:00,,,,,,,509.0,509.0,0.3136,0.0,1.0,1.0065,0.0,1.0
2025-04-30 13:00:00,,,,,,,509.0,509.0,,,0.0,,,0.0
2025-04-30 14:00:00,,,,,,,509.0,509.0,,,0.0,,,0.0
2025-04-30 15:00:00,,,,,,,509.0,509.0,,,0.0,,,0.0
2025-04-30 16:00:00,,,,,,,509.0,509.0,,,0.0,,,0.0
2025-04-30 17:00:00,,,,,,,1533.0,1533.0,,,0.0,,,0.0
2025-04-30 18:00:00,,,,,,,1273.0,1273.0,,,0.0,,,0.0
2025-04-30 19:00:00,,,,,,,1273.0,1273.0,,,0.0,,,0.0
2025-04-30 20:00:00,,,,,,,1533.0,1533.0,,,0.0,,,0.0
2025-04-30 21:00:00,,,,,,,1273.0,1273.0,,,0.0,,,0.0
2025-04-30 22:00:00,,,,,,,1273.0,1273.0,,,0.0,,,0.0
2025-04-30 23:00:00,,,,,,,1273.0,1273.0,,,0.0,,,0.0
2025-05-01 00:00:00,,,,,,,1273.0,1273.0,,,0.0,,,0.0
2025-05-01 01:00:00,,,,,,,1273.0,1273.0,,,0.0,,,0.0
2025-05-01 02:00:00,,,,,,,1529.0,1529.0,,,0.0,,,0.0
2025-05-01 03:00:00,,,,,,,1533.0,1533.0,,,0.0,,,0.0
2025-05-01 04:00:00,,,,,,,1533.0,1533.0,,,0.0,,,0.0
2025-05-01 05:00:00,,,,,,,1529.0,1529.0,,,0.0,,,0.0
2025-05-01 06:00:00,,,,,,,1533.0,1533.0,,,0.0,,,0.0
2025-05-01 07:00:00,,,,,,,509.0,509.0,,,0.0,,,0.0
2025-05-01 08:00:00,,,,,,,2553.0,2552.0,0.46559998,0.040599998,2.0,1.1422,0.0022999644,2.0
2025-05-01 09:00:00,,,,,,,509.0,509.0,0.23519999,0.031,2.0,1.0766,0.00019997358,2.0
2025-05-01 10:00:00,,,,,,,509.0,509.0,,,0.0,,,0.0
2025-05-01 11:00:00,,,,,,,509.0,509.0,,,0.0,,,0.0
2025-05-01 12:00:00,,,,,,,509.0,509.0,,,0.0,,,0.0
2025-05-01 13:00:00,,,,,,,509.0,509.0,,,0.0,,,0.0
2025-05-01 14:00:00,,,,,,,509.0,509.0,,,0.0,,,0.0
2025-05-01 15:00:00,,,,,,,509.0,509.0,,,0.0,,,0.0
2025-05-01 16:00:00,,,,,,,509.0,509.0,,,0.0,,,0.0
2025-05-01 17:00:00,,,,,,,1533.0,1533.0,,,0.0,,,0.0
2025-05-01 18:00:00,,,,,,,1533.0,1533.0,,,0.0,,,0.0
2025-05-01 19:00:00,,,,,,,1533.0,1533.0,,,0.0,,,0.0
2025-05-01 20:00:00,,,,,,,1529.0,1529.0,,,0.0,,,0.0
2025-05-01 21:00:00,,,,,,,1529.0,1529.0,,,0.0,,,0.0
2025-05-01 22:00:00,,,,,,,1533.0,1533.0,,,0.0,,,0.0
2025-05-01 23:00:00,,,,,,,1533.0,1533.0,,,0.0,,,0.0
2025-05-02 00:00:00,,,,,,,1529.0,1529.0,,,0.0,,,0.0
2025-05-02 01:00:00,,,,,,,1273.0,1273.0,,,0.0,,,0.0
2025-05-02 02:00:00,,,,,,,1529.0,1529.0,,,0.0,,,0.0
2025-05-02 03:00:00,,,,,,,1533.0,1533.0,,,0.0,,,0.0
2025-05-02 04:00:00,,,,,,,1273.0,1273.0,,,0.0,,,0.0
2025-05-02 05:00:00,,,,,,,1533.0,1533.0,,,0.0,,,0.0
2025-05-02 06:00:00,,,,,,,1273.0,1273.0,,,0.0,,,0.0
2025-05-02 07:00:00,,,,,,,249.0,249.0,,,0.0,,,0.0
2025-05-02 08:00:00,,,,,,,2297.0,2296.0,0.44039997,0.1064,5.0,1.0354999,0.17549998,5.0
2025-05-02 09:00:00,0.169,,,,,,193.0,248.0,0.271,0.1406,2.0,1.1492,0.10799998,2.0
2025-05-02 10:00:00,,,,,,,505.0,504.0,0.22479999,0.0826,6.0,1.0251,0.052399993,6.0
2025-05-02 11:00:00,,,,,,,509.0,509.0,0.5622,0.0,1.0,0.8277999,0.0,1.0
2025-05-02 12:00:00,,,,,,,509.0,509.0,,,0.0,,,0.0
2025-05-02 13:00:00,,,,,,,509.0,509.0,,,0.0,,,0.0
2025-05-02 14:00:00,,,,,,,509.0,509.0,,,0.0,,,0.0
2025-05-02 15:00:00,,,,,,,509.0,509.0,,,0.0,,,0.0
2025-05-02 16:00:00,,,,,,,509.0,509.0,,,0.0,,,0.0
2025-05-02 17:00:00,,,,,,,1533.0,1533.0,,,0.0,,,0.0
2025-05-02 18:00:00,,,,,,,1533.0,1533.0,,,0.0,,,0.0
2025-05-02 19:00:00,,,,,,,1529.0,1529.0,,,0.0,,,0.0
2025-05-02 20:00:00,,,,,,,1533.0,1533.0,,,0.0,,,0.0
2025-05-02 21:00:00,,,,,,,1533.0,1533.0,,,0.0,,,0.0
2025-05-02 22:00:00,,,,,,,1533.0,1533.0,,,0.0,,,0.0
2025-05-02 23:00:00,,,,,,,1533.0,1533.0,,,0.0,,,0.0
2025-05-03 00:00:00,,,,,,,1529.0,1529.0,,,0.0,,,0.0
2025-05-03 01:00:00,,,,,,,1529.0,1529.0,,,0.0,,,0.0
2025-05-03 02:00:00,,,,,,,1533.0,1533.0,,,0.0,,,0.0
2025-05-03 03:00:00,,,,,,,1529.0,1529.0,,,0.0,,,0.0
2025-05-03 04:00:00,,,,,,,1529.0,1529.0,,,0.0,,,0.0
2025-05-03 05:00:00,,,,,,,1529.0,1529.0,,,0.0,,,0.0
2025-05-03 06:00:00,,,,,,,1533.0,1533.0,,,0.0,,,0.0
2025-05-03 07:00:00,,,,,,,509.0,509.0,,,0.0,,,0.0
2025-05-03 08:00:00,,,,,,,2553.0,2552.0,0.3674,0.0526,5.0,0.997,0.11309999,5.0
2025-05-03 09:00:00,,,,,,,509.0,509.0,0.2122,0.0,1.0,1.1539999,0.0,1.0
2025-05-03 10:00:00,,,,,,,509.0,509.0,,,0.0,,,0.0
2025-05-03 11:00:00,,,,,,,509.0,509.0,,,0.0,,,0.0
2025-05-03 12:00:00,,,,,,,509.0,509.0,,,0.0,,,0.0
2025-05-03 13:00:00,,,,,,,509.0,509.0,,,0.0,,,0.0
2025-05-03 14:00:00,,,,,,,509.0,509.0,,,0.0,,,0.0
2025-05-03 15:00:00,,,,,,,509.0,509.0,0.6638,0.0,1.0,1.3855,0.0,1.0
2025-05-03 16:00:00,,,,,,,509.0,509.0,,,0.0,,,0.0
2025-05-03 17:00:00,,,,,,,1533.0,1533.0,,,0.0,,,0.0
2025-05-03 18:00:00,,,,,,,1533.0,1533.0,,,0.0,,,0.0
2025-05-03 19:00:00,,,,,,,1533.0,1533.0,,,0.0,,,0.0
2025-05-03 20:00:00,,,,,,,1533.0,1533.0,,,0.0,,,0.0
2025-05-03 21:00:00,,,,,,,1533.0,1533.0,,,0.0,,,0.0
2025-05-03 22:00:00,,,,,,,1529.0,1529.0,,,0.0,,,0.0
2025-05-03 23:00:00,,,,,,,1533.0,1533.0,,,0.0,,,0.0
2025-05-04 00:00:00,,,,,,,1533.0,1533.0,,,0.0,,,0.0
2025-05-04 01:00:00,,,,,,,1533.0,1533.0,,,0.0,,,0.0
2025-05-04 02:00:00,,,,,,,1533.0,1533.0,,,0.0,,,0.0
2025-05-04 03:00:00,,,,,,,1529.0,1529.0,,,0.0,,,0.0
2025-05-04 04:00:00,,,,,,,1273.0,1273.0,,,0.0,,,0.0
2025-05-04 05:00:00,,,,,,,1273.0,1273.0,,,0.0,,,0.0
2025-05-04 06:00:00,,,,,,,1533.0,1533.0,,,0.0,,,0.0
2025-05-04 07:00:00,,,,,,,2297.0,2296.0,0.031,0.0,1.0,1.1214,0.0,1.0
2025-05-04 08:00:00,,,,,,,249.0,249.0,0.16839999,0.0664,5.0,1.1013,0.013700008,5.0
2025-05-04 09:00:00,,,,,,,509.0,509.0,,,0.0,,,0.0
2025-05-04 10:00:00,,,,,,,509.0,509.0,,,0.0,,,0.0
2025-05-04 11:00:00,,,,,,,509.0,509.0,,,0.0,,,0.0
2025-05-04 12:00:00,,,,,,,509.0,509.0,,,0.0,,,0.0
2025-05-04 13:00:00,,,,,,,509.0,509.0,,,0.0,,,0.0
2025-05-04 14:00:00,,,,,,,509.0,509.0,,,0.0,,,0.0
2025-05-04 15:00:00,,,,,,,509.0,509.0,,,0.0,,,0.0
2025-05-04 16:00:00,,,,,,,509.0,509.0,,,0.0,,,0.0
2025-05-04 17:00:00,,,,,,,1533.0,1533.0,,,0.0,,,0.0
2025-05-04 18:00:00,,,,,,,1533.0,1533.0,,,0.0,,,0.0
2025-05-04 19:00:00,,,,,,,1529.0,1529.0,,,0.0,,,0.0
2025-05-04 20:00:00,,,,,,,1533.0,1533.0,,,0.0,,,0.0
2025-05-04 21:00:00,,,,,,,1533.0,1533.0,,,0.0,,,0.0
2025-05-04 22:00:00,,,,,,,1533.0,1533.0,,,0.0,,,0.0
2025-05-04 23:00:00,,,,,,,1529.0,1529.0,,,0.0,,,0.0
2025-05-05 00:00:00,,,,,,,1529.0,1529.0,,,0.0,,,0.0
2025-05-05 01:00:00,,,,,,,1533.0,1533.0,,,0.0,,,0.0
2025-05-05 02:00:00,,,,,,,1533.0,1533.0,,,0.0,,,0.0
2025-05-05 03:00:00,,,,,,,1529.0,1529.0,,,0.0,,,0.0
2025-05-05 04:00:00,,,,,,,1533.0,1533.0,,,0.0,,,0.0
2025-05-05 05:00:00,,,,,,,1273.0,1273.0,,,0.0,,,0.0
2025-05-05 06:00:00,,,,,,,1533.0,1533.0,,,0.0,,,0.0
2025-05-05 07:00:00,,,,,,,509.0,509.0,,,0.0,,,0.0
2025-05-05 08:00:00,,,,,,,509.0,509.0,,,0.0,,,0.0
2025-05-05 09:00:00,,,,,,,509.0,509.0,,,0.0,,,0.0
2025-05-05 10:00:00,,,,,,,509.0,509.0,,,0.0,,,0.0
2025-05-05 11:00:00,,,,,,,509.0,509.0,,,0.0,,,0.0
2025-05-05 12:00:00,,,,,,,509.0,509.0,,,0.0,,,0.0
2025-05-05 13:00:00,,,,,,,509.0,509.0,,,0.0,,,0.0
2025-05-05 14:00:00,,,,,,,509.0,509.0,,,0.0,,,0.0
2025-05-05 15:00:00,,,,,,,509.0,509.0,,,0.0,,,0.0
2025-05-05 16:00:00,,,,,,,505.0,504.0,0.1348,0.0,1.0,1.0891,0.0,1.0
2025-05-05 17:00:00,,,,,,,1273.0,1273.0,0.0932,0.0224,3.0,1.0909,0.004400015,3.0
2025-05-05 18:00:00,,,,,,,1273.0,1273.0,,,0.0,,,0.0
2025-05-05 19:00:00,,,,,,,1529.0,1529.0,,,0.0,,,0.0
2025-05-05 20:00:00,,,,,,,1529.0,1529.0,,,0.0,,,0.0
2025-05-05 21:00:00,,,,,,,1533.0,1533.0,,,0.0,,,0.0
2025-05-05 22:00:00,,,,,,,1533.0,1533.0,,,0.0,,,0.0
2025-05-05 23:00:00,,,,,,,1533.0,1533.0,,,0.0,,,0.0
2025-05-06 00:00:00,,,,,,,1533.0,1533.0,,,0.0,,,0.0
2025-05-06 01:00:00,,,,,,,1533.0,1533.0,,,0.0,,,0.0
2025-05-06 02:00:00,,,,,,,1533.0,1533.0,,,0.0,,,0.0
2025-05-06 03:00:00,,,,,,,1529.0,1529.0,,,0.0,,,0.0
2025-05-06 04:00:00,,,,,,,1533.0,1533.0,,,0.0,,,0.0
2025-05-06 05:00:00,,,,,,,1273.0,1273.0,,,0.0,,,0.0
2025-05-06 06:00:00,,,,,,,1533.0,1533.0,,,0.0,,,0.0
2025-05-06 07:00:00,,,,,,,2553.0,2552.0,0.3958,0.0,1.0,1.2077,0.0,1.0
2025-05-06 08:00:00,,,,,,,509.0,509.0,0.5476,0.281,3.0,0.9712,0.14929998,3.0
2025-05-06 09:00:00,,,,,,,505.0,504.0,0.389,0.0,1.0,1.1043999,0.0,1.0
2025-05-06 10:00:00,,,,,,,509.0,509.0,0.5064,0.0,1.0,1.0114,0.0,1.0
2025-05-06 11:00:00,,,,,,,509.0,509.0,,,0.0,,,0.0
2025-05-06 12:00:00,,,,,,,509.0,509.0,0.31219998,0.090399995,2.0,1.1471,0.008300006,2.0
2025-05-06 13:00:00,,,,,,,509.0,509.0,,,0.0,,,0.0
2025-05-06 14:00:00,,,,,,,509.0,509.0,,,0.0,,,0.0
2025-05-06 15:00:00,,,,,,,509.0,509.0,,,0.0,,,0.0
2025-05-06 16:00:00,,,,,,,509.0,509.0,,,0.0,,,0.0
2025-05-06 17:00:00,,,,,,,1533.0,1533.0,0.463,0.0,1.0,1.0719,0.0,1.0
2025-05-06 18:00:00,,,,,,,1273.0,1273.0,,,0.0,,,0.0
2025-05-06 19:00:00,,,,,,,1529.0,1529.0,,,0.0,,,0.0
2025-05-06 20:00:00,,,,,,,1273.0,1273.0,,,0.0,,,0.0
2025-05-06 21:00:00,,,,,,,1273.0,1273.0,,,0.0,,,0.0
2025-05-06 22:00:00,,,,,,,1533.0,1533.0,,,0.0,,,0.0
2025-05-06 23:00:00,,,,,,,1533.0,1533.0,,,0.0,,,0.0
2025-05-07 00:00:00,,,,,,,1529.0,1529.0,,,0.0,,,0.0
2025-05-07 01:00:00,,,,,,,1273.0,1273.0,,,0.0,,,0.0
2025-05-07 02:00:00,,,,,,,1273.0,1273.0,,,0.0,,,0.0
2025-05-07 03:00:00,,,,,,,1273.0,1273.0,,,0.0,,,0.0
2025-05-07 04:00:00,,,,,,,1273.0,1273.0,,,0.0,,,0.0
2025-05-07 05:00:00,,,,,,,1273.0,1273.0,,,0.0,,,0.0
2025-05-07 06:00:00,,,,,,,1533.0,1533.0,,,0.0,,,0.0
2025-05-07 07:00:00,,,,,,,509.0,509.0,,,0.0,,,0.0
2025-05-07 08:00:00,,,,,,,2553.0,2552.0,0.504,0.0,1.0,1.2335,0.0,1.0
2025-05-07 09:00:00,,,,,,,505.0,504.0,0.6074,0.0,1.0,1.0546,0.0,1.0
2025-05-07 10:00:00,,,,,,,509.0,509.0,0.2184,0.0796,3.0,1.0645,0.0055999756,3.0
2025-05-07 11:00:00,,,,,,,509.0,509.0,0.2794,0.049399998,2.0,1.0979999,0.008000016,2.0
2025-05-07 12:00:00,,,,,,,509.0,509.0,,,0.0,,,0.0
2025-05-07 13:00:00,,,,,,,509.0,509.0,,,0.0,,,0.0
2025-05-07 14:00:00,,,,,,,505.0,504.0,0.2068,0.037,6.0,1.1116999,0.011999965,6.0
2025-05-07 15:00:00,,,,,,,509.0,509.0,0.26139998,0.0756,2.0,1.1106,0.019199967,2.0
2025-05-07 16:00:00,,,,,,,509.0,509.0,,,0.0,,,0.0
2025-05-07 17:00:00,,,,,,,1533.0,1533.0,,,0.0,,,0.0
2025-05-07 18:00:00,,,,,,,1533.0,1533.0,,,0.0,,,0.0
2025-05-07 19:00:00,,,,,,,1533.0,1533.0,,,0.0,,,0.0
2025-05-07 20:00:00,,,,,,,1533.0,1533.0,,,0.0,,,0.0
2025-05-07 21:00:00,,,,,,,1533.0,1533.0,,,0.0,,,0.0
2025-05-07 22:00:00,,,,,,,1533.0,1533.0,,,0.0,,,0.0
2025-05-07 23:00:00,,,,,,,1533.0,1533.0,,,0.0,,,0.0
2025-05-08 00:00:00,,,,,,,1533.0,1533.0,,,0.0,,,0.0
2025-05-08 01:00:00,,,,,,,1273.0,1273.0,,,0.0,,,0.0
2025-05-08 02:00:00,,,,,,,1273.0,1273.0,,,0.0,,,0.0
2025-05-08 03:00:00,,,,,,,1273.0,1273.0,,,0.0,,,0.0
2025-05-08 04:00:00,,,,,,,1273.0,1273.0,,,0.0,,,0.0
2025-05-08 05:00:00,,,,,,,1273.0,1273.0,,,0.0,,,0.0
2025-05-08 06:00:00,,,,,,,1273.0,1273.0,,,0.0,,,0.0
2025-05-08 07:00:00,,,,,,,2297.0,2296.0,0.1358,0.0,1.0,0.9755,0.0,1.0
2025-05-08 08:00:00,0.091199994,,,,,,453.0,509.0,0.18599999,0.0744,5.0,1.0044999,0.01849997,5.0
2025-05-08 09:00:00,,,,,,,509.0,509.0,0.5718,0.0532,4.0,1.2499,0.0632,4.0
2025-05-08 10:00:00,,,,,,,509.0,509.0,0.1136,0.066199996,3.0,1.0228,0.0041999817,3.0
2025-05-08 11:00:00,,,,,,,509.0,509.0,0.2342,0.0,1.0,0.9979,0.0,1.0
2025-05-08 12:00:00,,,,,,,509.0,509.0,,,0.0,,,0.0
2025-05-08 13:00:00,,,,,,,509.0,509.0,,,0.0,,,0.0
2025-05-08 14:00:00,,,,,,,509.0,509.0,0.42839998,0.0,1.0,0.9347,0.0,1.0
2025-05-08 15:00:00,,,,,,,509.0,509.0,,,0.0,,,0.0
2025-05-08 16:00:00,,,,,,,509.0,509.0,,,0.0,,,0.0
2025-05-08 17:00:00,,,,,,,1533.0,1533.0,,,0.0,,,0.0
2025-05-08 18:00:00,,,,,,,1533.0,1533.0,,,0.0,,,0.0
2025-05-08 19:00:00,,,,,,,1533.0,1533.0,,,0.0,,,0.0
2025-05-08 20:00:00,,,,,,,1529.0,1529.0,,,0.0,,,0.0
2025-05-08 21:00:00,,,,,,,1533.0,1533.0,,,0.0,,,0.0
2025-05-08 22:00:00,,,,,,,1533.0,1533.0,,,0.0,,,0.0
2025-05-08 23:00:00,,,,,,,1273.0,1273.0,,,0.0,,,0.0
2025-05-09 00:00:00,,,,,,,1273.0,1273.0,,,0.0,,,0.0
2025-05-09 01:00:00,,,,,,,1273.0,1273.0,,,0.0,,,0.0
2025-05-09 02:00:00,,,,,,,1533.0,1533.0,,,0.0,,,0.0
2025-05-09 03:00:00,,,,,,,1533.0,1533.0,,,0.0,,,0.0
2025-05-09 04:00:00,,,,,,,1273.0,1273.0,,,0.0,,,0.0
2025-05-09 05:00:00,,,,,,,1273.0,1273.0,,,0.0,,,0.0
2025-05-09 06:00:00,,,,,,,1273.0,1273.0,,,0.0,,,0.0
2025-05-09 07:00:00,,,,,,,2553.0,2552.0,0.0037999998,0.0,1.0,0.9886,0.0,1.0
2025-05-09 08:00:00,,,,,,,509.0,509.0,0.6766,0.635,2.0,0.79209995,0.1907,2.0
2025-05-09 09:00:00,,,,,,,509.0,509.0,,,0.0,,,0.0
2025-05-09 10:00:00,,,,,,,509.0,509.0,,,0.0,,,0.0
2025-05-09 11:00:00,,,,,,,509.0,509.0,,,0.0,,,0.0
2025-05-09 12:00:00,,,,,,,509.0,509.0,,,0.0,,,0.0
2025-05-09 13:00:00,,,,,,,509.0,509.0,,,0.0,,,0.0
2025-05-09 14:00:00,,,,,,,509.0,509.0,,,0.0,,,0.0
2025-05-09 15:00:00,,,,,,,509.0,509.0,,,0.0,,,0.0
2025-05-09 16:00:00,,,,,,,509.0,509.0,,,0.0,,,0.0
2025-05-09 17:00:00,,,,,,,1533.0,1533.0,,,0.0,,,0.0
2025-05-09 18:00:00,,,,,,,1533.0,1533.0,,,0.0,,,0.0
2025-05-09 19:00:00,,,,,,,1529.0,1529.0,,,0.0,,,0.0
2025-05-09 20:00:00,,,,,,,1533.0,1533.0,,,0.0,,,0.0
2025-05-09 21:00:00,,,,,,,1533.0,1533.0,,,0.0,,,0.0
2025-05-09 22:00:00,,,,,,,1533.0,1533.0,,,0.0,,,0.0
2025-05-09 23:00:00,,,,,,,1533.0,1533.0,,,0.0,,,0.0
2025-05-10 00:00:00,,,,,,,1533.0,1533.0,,,0.0,,,0.0
2025-05-10 01:00:00,,,,,,,1533.0,1533.0,,,0.0,,,0.0
2025-05-10 02:00:00,,,,,,,1533.0,1533.0,,,0.0,,,0.0
2025-05-10 03:00:00,,,,,,,1533.0,1533.0,,,0.0,,,0.0
2025-05-10 04:00:00,,,,,,,1533.0,1533.0,,,0.0,,,0.0
2025-05-10 05:00:00,,,,,,,1529.0,1529.0,,,0.0,,,0.0
2025-05-10 06:00:00,,,,,,,1533.0,1533.0,,,0.0,,,0.0
2025-05-10 07:00:00,,,,,,,509.0,509.0,,,0.0,,,0.0
2025-05-10 08:00:00,,,,,,,509.0,509.0,,,0.0,,,0.0
2025-05-10 09:00:00,,,,,,,509.0,509.0,,,0.0,,,0.0
2025-05-10 10:00:00,,,,,,,509.0,509.0,,,0.0,,,0.0
2025-05-10 11:00:00,,,,,,,509.0,509.0,,,0.0,,,0.0
2025-05-10 12:00:00,,,,,,,509.0,509.0,,,0.0,,,0.0
2025-05-10 13:00:00,,,,,,,509.0,509.0,,,0.0,,,0.0
2025-05-10 14:00:00,,,,,,,509.0,509.0,,,0.0,,,0.0
2025-05-10 15:00:00,,,,,,,509.0,509.0,,,0.0,,,0.0
2025-05-10 16:00:00,,,,,,,505.0,504.0,0.9162,0.0,1.0,0.6733,0.0,1.0
2025-05-10 17:00:00,,,,,,,1533.0,1533.0,,,0.0,,,0.0
2025-05-10 18:00:00,,,,,,,1533.0,1533.0,,,0.0,,,0.0
2025-05-10 19:00:00,,,,,,,1533.0,1533.0,,,0.0,,,0.0
2025-05-10 20:00:00,,,,,,,1533.0,1533.0,,,0.0,,,0.0
2025-05-10 21:00:00,,,,,,,1529.0,1529.0,,,0.0,,,0.0
2025-05-10 22:00:00,,,,,,,1529.0,1529.0,,,0.0,,,0.0
2025-05-10 23:00:00,,,,,,,1533.0,1533.0,,,0.0,,,0.0
2025-05-11 00:00:00,,,,,,,1529.0,1529.0,,,0.0,,,0.0
2025-05-11 01:00:00,,,,,,,1529.0,1529.0,,,0.0,,,0.0
2025-05-11 02:00:00,,,,,,,1533.0,1533.0,,,0.0,,,0.0
2025-05-11 03:00:00,,,,,,,1529.0,1529.0,,,0.0,,,0.0
2025-05-11 04:00:00,,,,,,,1533.0,1533.0,,,0.0,,,0.0
2025-05-11 05:00:00,,,,,,,1529.0,1529.0,,,0.0,,,0.0
2025-05-11 06:00:00,,,,,,,1533.0,1533.0,,,0.0,,,0.0
2025-05-11 07:00:00,,,,,,,509.0,509.0,,,0.0,,,0.0
2025-05-11 08:00:00,,,,,,,509.0,509.0,0.7924,0.0,1.0,0.7142,0.0,1.0
2025-05-11 09:00:00,,,,,,,509.0,509.0,,,0.0,,,0.0
2025-05-11 10:00:00,,,,,,,509.0,509.0,0.2868,0.0,1.0,1.1199,0.0,1.0
2025-05-11 11:00:00,,,,,,,509.0,509.0,,,0.0,,,0.0
2025-05-11 12:00:00,,,,,,,509.0,509.0,,,0.0,,,0.0
2025-05-11 13:00:00,,,,,,,509.0,509.0,,,0.0,,,0.0
2025-05-11 14:00:00,,,,,,,509.0,509.0,,,0.0,,,0.0
2025-05-11 15:00:00,,,,,,,505.0,504.0,0.0348,0.0,1.0,1.008,0.0,1.0
2025-05-11 16:00:00,,,,,,,505.0,504.0,0.1358,0.103599995,6.0,0.9721999,0.04100001,6.0
2025-05-11 17:00:00,,,,,,,1533.0,1533.0,0.30159998,0.0036,2.0,0.8915,0.009199977,2.0
2025-05-11 18:00:00,,,,,,,1533.0,1533.0,,,0.0,,,0.0
2025-05-11 19:00:00,,,,,,,1533.0,1533.0,,,0.0,,,0.0
2025-05-11 20:00:00,,,,,,,1533.0,1533.0,,,0.0,,,0.0
2025-05-11 21:00:00,,,,,,,1533.0,1533.0,,,0.0,,,0.0
2025-05-11 22:00:00,,,,,,,1533.0,1533.0,,,0.0,,,0.0
2025-05-11 23:00:00,,,,,,,1533.0,1533.0,,,0.0,,,0.0
2025-05-12 00:00:00,,,,,,,1529.0,1529.0,,,0.0,,,0.0
2025-05-12 01:00:00,,,,,,,1529.0,1529.0,,,0.0,,,0.0
2025-05-12 02:00:00,,,,,,,1529.0,1529.0,,,0.0,,,0.0
2025-05-12 03:00:00,,,,,,,1533.0,1533.0,,,0.0,,,0.0
2025-05-12 04:00:00,,,,,,,1533.0,1533.0,,,0.0,,,0.0
2025-05-12 05:00:00,,,,,,,1529.0,1529.0,,,0.0,,,0.0
2025-05-12 06:00:00,,,,,,,1533.0,1533.0,,,0.0,,,0.0
2025-05-12 07:00:00,,,,,,,249.0,248.0,0.1222,0.0,1.0,1.0289999,0.0,1.0
2025-05-12 08:00:00,,,,,,,2553.0,2552.0,0.23339999,0.1374,5.0,0.97089994,0.061800003,5.0
2025-05-12 09:00:00,,,,,,,509.0,509.0,,,0.0,,,0.0
2025-05-12 10:00:00,,,,,,,509.0,509.0,,,0.0,,,0.0
2025-05-12 11:00:00,,,,,,,509.0,509.0,,,0.0,,,0.0
2025-05-12 12:00:00,,,,,,,509.0,509.0,,,0.0,,,0.0
2025-05-12 13:00:00,,,,,,,509.0,509.0,,,0.0,,,0.0
2025-05-12 14:00:00,,,,,,,509.0,509.0,,,0.0,,,0.0
2025-05-12 15:00:00,,,,,,,509.0,509.0,,,0.0,,,0.0
2025-05-12 16:00:00,,,,,,,509.0,509.0,,,0.0,,,0.0
2025-05-12 17:00:00,,,,,,,1533.0,1533.0,,,0.0,,,0.0
2025-05-12 18:00:00,,,,,,,1533.0,1533.0,,,0.0,,,0.0
2025-05-12 19:00:00,,,,,,,1533.0,1533.0,,,0.0,,,0.0
2025-05-12 20:00:00,,,,,,,1533.0,1533.0,,,0.0,,,0.0
2025-05-12 21:00:00,,,,,,,1529.0,1529.0,,,0.0,,,0.0
2025-05-12 22:00:00,,,,,,,1529.0,1529.0,,,0.0,,,0.0
2025-05-12 23:00:00,,,,,,,1533.0,1533.0,,,0.0,,,0.0
2025-05-13 00:00:00,,,,,,,1533.0,1533.0,,,0.0,,,0.0
2025-05-13 01:00:00,,,,,,,1529.0,1529.0,,,0.0,,,0.0
2025-05-13 02:00:00,,,,,,,1533.0,1533.0,,,0.0,,,0.0
2025-05-13 03:00:00,,,,,,,1529.0,1529.0,,,0.0,,,0.0
2025-05-13 04:00:00,,,,,,,1533.0,1533.0,,,0.0,,,0.0
2025-05-13 05:00:00,,,,,,,1529.0,1529.0,,,0.0,,,0.0
2025-05-13 06:00:00,,,,,,,1533.0,1533.0,,,0.0,,,0.0
2025-05-13 07:00:00,,,,,,,509.0,509.0,,,0.0,,,0.0
2025-05-13 08:00:00,,,,,,,509.0,509.0,0.4554,0.20639999,2.0,0.6594,0.09079999,2.0
2025-05-13 09:00:00,,,,,,,509.0,509.0,,,0.0,,,0.0
2025-05-13 10:00:00,,,,,,,509.0,509.0,,,0.0,,,0.0
2025-05-13 11:00:00,,,,,,,509.0,509.0,,,0.0,,,0.0
2025-05-13 12:00:00,,,,,,,509.0,509.0,,,0.0,,,0.0
2025-05-13 13:00:00,,,,,,,509.0,509.0,,,0.0,,,0.0
2025-05-13 14:00:00,,,,,,,509.0,509.0,,,0.0,,,0.0
2025-05-13 15:00:00,,,,,,,509.0,509.0,,,0.0,,,0.0
2025-05-13 16:00:00,,,,,,,509.0,509.0,,,0.0,,,0.0
2025-05-13 17:00:00,,,,,,,1533.0,1533.0,,,0.0,,,0.0
2025-05-13 18:00:00,,,,,,,1533.0,1533.0,,,0.0,,,0.0
2025-05-13 19:00:00,,,,,,,1533.0,1533.0,,,0.0,,,0.0
2025-05-13 20:00:00,,,,,,,1533.0,1533.0,,,0.0,,,0.0
2025-05-13 21:00:00,,,,,,,1533.0,1533.0,,,0.0,,,0.0
2025-05-13 22:00:00,,,,,,,1533.0,1533.0,,,0.0,,,0.0
2025-05-13 23:00:00,,,,,,,1533.0,1533.0,,,0.0,,,0.0
2025-05-14 00:00:00,,,,,,,1273.0,1273.0,,,0.0,,,0.0
2025-05-14 01:00:00,,,,,,,1533.0,1533.0,,,0.0,,,0.0
2025-05-14 02:00:00,,,,,,,1529.0,1529.0,,,0.0,,,0.0
2025-05-14 03:00:00,,,,,,,1533.0,1533.0,,,0.0,,,0.0
2025-05-14 04:00:00,,,,,,,1529.0,1529.0,,,0.0,,,0.0
2025-05-14 05:00:00,,,,,,,1529.0,1529.0,,,0.0,,,0.0
2025-05-14 06:00:00,,,,,,,1533.0,1533.0,,,0.0,,,0.0
2025-05-14 07:00:00,,,,,,,505.0,505.0,,,0.0,,,0.0
2025-05-14 08:00:00,,,,,,,505.0,505.0,,,0.0,,,0.0
2025-05-14 09:00:00,,,,,,,509.0,509.0,,,0.0,,,0.0
2025-05-14 10:00:00,,,,,,,509.0,509.0,,,0.0,,,0.0
2025-05-14 11:00:00,,,,,,,509.0,509.0,,,0.0,,,0.0
2025-05-14 12:00:00,,,,,,,509.0,509.0,,,0.0,,,0.0
2025-05-14 13:00:00,,,,,,,509.0,509.0,,,0.0,,,0.0
2025-05-14 14:00:00,,,,,,,509.0,509.0,,,0.0,,,0.0
2025-05-14 15:00:00,,,,,,,509.0,509.0,,,0.0,,,0.0
2025-05-14 16:00:00,,,,,,,509.0,509.0,,,0.0,,,0.0
2025-05-14 17:00:00,,,,,,,1533.0,1533.0,,,0.0,,,0.0
2025-05-14 18:00:00,,,,,,,1533.0,1533.0,,,0.0,,,0.0
2025-05-14 19:00:00,,,,,,,1533.0,1533.0,,,0.0,,,0.0
2025-05-14 20:00:00,,,,,,,1533.0,1533.0,,,0.0,,,0.0
2025-05-14 21:00:00,,,,,,,1529.0,1529.0,,,0.0,,,0.0
2025-05-14 22:00:00,,,,,,,1533.0,1533.0,,,0.0,,,0.0
2025-05-14 23:00:00,,,,,,,1533.0,1533.0,,,0.0,,,0.0
2025-05-15 00:00:00,,,,,,,1533.0,1533.0,,,0.0,,,0.0
2025-05-15 01:00:00,,,,,,,1533.0,1533.0,,,0.0,,,0.0
2025-05-15 02:00:00,,,,,,,1533.0,1533.0,,,0.0,,,0.0
2025-05-15 03:00:00,,,,,,,1529.0,1529.0,,,0.0,,,0.0
2025-05-15 04:00:00,,,,,,,1533.0,1533.0,,,0.0,,,0.0
2025-05-15 05:00:00,,,,,,,1533.0,1533.0,,,0.0,,,0.0
2025-05-15 06:00:00,,,,,,,1529.0,1529.0,,,0.0,,,0.0
2025-05-15 07:00:00,,,,,,,249.0,249.0,,,0.0,,,0.0
2025-05-15 08:00:00,,,,,,,505.0,505.0,0.044999998,0.0144,4.0,1.0800999,0.013199985,4.0
2025-05-15 09:00:00,,,,,,,509.0,509.0,,,0.0,,,0.0
2025-05-15 10:00:00,,,,,,,509.0,509.0,,,0.0,,,0.0
2025-05-15 11:00:00,,,,,,,509.0,509.0,0.23779999,0.124,4.0,1.0762999,0.010599971,4.0
2025-05-15 12:00:00,,,,,,,509.0,509.0,,,0.0,,,0.0
2025-05-15 13:00:00,,,,,,,509.0,509.0,,,0.0,,,0.0
2025-05-15 14:00:00,,,,,,,509.0,509.0,,,0.0,,,0.0
2025-05-15 15:00:00,,,,,,,509.0,509.0,,,0.0,,,0.0
2025-05-15 16:00:00,,,,,,,509.0,509.0,,,0.0,,,0.0
2025-05-15 17:00:00,,,,,,,1533.0,1533.0,,,0.0,,,0.0
2025-05-15 18:00:00,,,,,,,1533.0,1533.0,,,0.0,,,0.0
2025-05-15 19:00:00,,,,,,,1529.0,1529.0,,,0.0,,,0.0
2025-05-15 20:00:00,,,,,,,1529.0,1529.0,,,0.0,,,0.0
2025-05-15 21:00:00,,,,,,,1533.0,1533.0,,,0.0,,,0.0
2025-05-15 22:00:00,,,,,,,1529.0,1529.0,,,0.0,,,0.0
2025-05-15 23:00:00,,,,,,,1533.0,1533.0,,,0.0,,,0.0
2025-05-16 00:00:00,,,,,,,1533.0,1533.0,,,0.0,,,0.0
2025-05-16 01:00:00,,,,,,,1533.0,1533.0,,,0.0,,,0.0
2025-05-16 02:00:00,,,,,,,1533.0,1533.0,,,0.0,,,0.0
2025-05-16 03:00:00,,,,,,,1533.0,1533.0,,,0.0,,,0.0
2025-05-16 04:00:00,,,,,,,1533.0,1533.0,,,0.0,,,0.0
2025-05-16 05:00:00,,,,,,,1529.0,1529.0,,,0.0,,,0.0
2025-05-16 06:00:00,,,,,,,1533.0,1533.0,,,0.0,,,0.0
2025-05-16 07:00:00,,,,,,,509.0,509.0,,,0.0,,,0.0
2025-05-16 08:00:00,,,,,,,249.0,249.0,0.14039999,0.0444,3.0,0.9232,0.024500012,3.0
2025-05-16 09:00:00,,,,,,,505.0,505.0,,,0.0,,,0.0
2025-05-16 10:00:00,,,,,,,505.0,504.0,0.2394,0.0,1.0,1.0286,0.0,1.0
2025-05-16 11:00:00,,,,,,,509.0,509.0,0.354,0.0,1.0,1.0080999,0.0,1.0
2025-05-16 12:00:00,,,,,,,509.0,509.0,,,0.0,,,0.0
2025-05-16 13:00:00,,,,,,,509.0,509.0,,,0.0,,,0.0
2025-05-16 14:00:00,,,,,,,505.0,505.0,0.677,0.0,1.0,0.9297,0.0,1.0
2025-05-16 15:00:00,,,,,,,509.0,509.0,,,0.0,,,0.0
2025-05-16 16:00:00,,,,,,,509.0,509.0,,,0.0,,,0.0
2025-05-16 17:00:00,,,,,,,1533.0,1533.0,,,0.0,,,0.0
2025-05-16 18:00:00,,,,,,,1533.0,1533.0,,,0.0,,,0.0
2025-05-16 19:00:00,,,,,,,1529.0,1529.0,,,0.0,,,0.0
2025-05-16 20:00:00,,,,,,,1529.0,1529.0,,,0.0,,,0.0
2025-05-16 21:00:00,,,,,,,1533.0,1533.0,,,0.0,,,0.0
2025-05-16 22:00:00,,,,,,,1533.0,1533.0,,,0.0,,,0.0
2025-05-16 23:00:00,,,,,,,1529.0,1529.0,,,0.0,,,0.0
2025-05-17 00:00:00,,,,,,,1533.0,1533.0,,,0.0,,,0.0
2025-05-17 01:00:00,,,,,,,1533.0,1533.0,,,0.0,,,0.0
2025-05-17 02:00:00,,,,,,,1529.0,1529.0,,,0.0,,,0.0
2025-05-17 03:00:00,,,,,,,1533.0,1533.0,,,0.0,,,0.0
2025-05-17 04:00:00,,,,,,,1533.0,1533.0,,,0.0,,,0.0
2025-05-17 05:00:00,,,,,,,1529.0,1529.0,,,0.0,,,0.0
2025-05-17 06:00:00,,,,,,,1533.0,1533.0,,,0.0,,,0.0
2025-05-17 07:00:00,,,,,,,509.0,509.0,,,0.0,,,0.0
2025-05-17 08:00:00,,,,,,,2553.0,2552.0,0.5476,0.16939999,4.0,0.8543,0.1609,4.0
2025-05-17 09:00:00,,,,,,,509.0,509.0,0.9112,0.354,2.0,1.3757999,0.091799974,2.0
2025-05-17 10:00:00,,,,,,,509.0,509.0,,,0.0,,,0.0
2025-05-17 11:00:00,,,,,,,509.0,509.0,,,0.0,,,0.0
2025-05-17 12:00:00,,,,,,,2553.0,2552.0,0.76159996,0.13,3.0,1.1481999,0.028599977,3.0
2025-05-17 13:00:00,,,,,,,509.0,509.0,,,0.0,,,0.0
2025-05-17 14:00:00,,,,,,,509.0,509.0,,,0.0,,,0.0
2025-05-17 15:00:00,,,,,,,509.0,509.0,,,0.0,,,0.0
2025-05-17 16:00:00,,,,,,,509.0,509.0,,,0.0,,,0.0
2025-05-17 17:00:00,,,,,,,1533.0,1533.0,,,0.0,,,0.0
2025-05-17 18:00:00,,,,,,,1533.0,1533.0,,,0.0,,,0.0
2025-05-17 19:00:00,,,,,,,1533.0,1533.0,,,0.0,,,0.0
2025-05-17 20:00:00,,,,,,,1533.0,1533.0,,,0.0,,,0.0
2025-05-17 21:00:00,,,,,,,1533.0,1533.0,,,0.0,,,0.0
2025-05-17 22:00:00,,,,,,,1529.0,1529.0,,,0.0,,,0.0
2025-05-17 23:00:00,,,,,,,1533.0,1533.0,,,0.0,,,0.0
2025-05-18 00:00:00,,,,,,,1533.0,1533.0,,,0.0,,,0.0
2025-05-18 01:00:00,,,,,,,1529.0,1529.0,,,0.0,,,0.0
2025-05-18 02:00:00,,,,,,,1529.0,1529.0,,,0.0,,,0.0
2025-05-18 03:00:00,,,,,,,1533.0,1533.0,,,0.0,,,0.0
2025-05-18 04:00:00,,,,,,,1273.0,1273.0,,,0.0,,,0.0
2025-05-18 05:00:00,,,,,,,1273.0,1273.0,,,0.0,,,0.0
2025-05-18 06:00:00,,,,,,,1533.0,1533.0,,,0.0,,,0.0
2025-05-18 07:00:00,,,,,,,509.0,509.0,,,0.0,,,0.0
2025-05-18 08:00:00,,,,,,,509.0,509.0,,,0.0,,,0.0
2025-05-18 09:00:00,,,,,,,249.0,248.0,0.41599998,0.0576,6.0,1.1658,0.06309998,6.0
2025-05-18 10:00:00,,,,,,,249.0,248.0,0.2374,0.066,6.0,1.0834999,0.021399975,6.0
2025-05-18 11:00:00,,,,,,,2553.0,2552.0,0.42159998,0.1192,5.0,1.0396999,0.02819997,5.0
2025-05-18 12:00:00,,,,,,,509.0,509.0,0.6188,0.053799998,4.0,1.0501,0.07379997,4.0
2025-05-18 13:00:00,,,,,,,509.0,509.0,,,0.0,,,0.0
2025-05-18 14:00:00,,,,,,,509.0,509.0,,,0.0,,,0.0
2025-05-18 15:00:00,,,,,,,509.0,509.0,,,0.0,,,0.0
2025-05-18 16:00:00,,,,,,,509.0,509.0,,,0.0,,,0.0
2025-05-18 17:00:00,,,,,,,1533.0,1533.0,,,0.0,,,0.0
2025-05-18 18:00:00,,,,,,,1533.0,1533.0,,,0.0,,,0.0
2025-05-18 19:00:00,,,,,,,1533.0,1533.0,,,0.0,,,0.0
2025-05-18 20:00:00,,,,,,,1529.0,1529.0,,,0.0,,,0.0
2025-05-18 21:00:00,,,,,,,1529.0,1529.0,,,0.0,,,0.0
2025-05-18 22:00:00,,,,,,,1533.0,1533.0,,,0.0,,,0.0
2025-05-18 23:00:00,,,,,,,1533.0,1533.0,,,0.0,,,0.0
2025-05-19 00:00:00,,,,,,,1529.0,1529.0,,,0.0,,,0.0
2025-05-19 01:00:00,,,,,,,1533.0,1533.0,,,0.0,,,0.0
2025-05-19 02:00:00,,,,,,,1533.0,1533.0,,,0.0,,,0.0
2025-05-19 03:00:00,,,,,,,1529.0,1529.0,,,0.0,,,0.0
2025-05-19 04:00:00,,,,,,,1533.0,1533.0,,,0.0,,,0.0
2025-05-19 05:00:00,,,,,,,1533.0,1533.0,,,0.0,,,0.0
2025-05-19 06:00:00,,,,,,,1533.0,1533.0,,,0.0,,,0.0
2025-05-19 07:00:00,,,,,,,509.0,509.0,,,0.0,,,0.0
2025-05-19 08:00:00,,,,,,,509.0,509.0,,,0.0,,,0.0
2025-05-19 09:00:00,,,,,,,509.0,509.0,0.258,0.13759999,3.0,1.1033,0.0066999793,3.0
2025-05-19 10:00:00,,,,,,,509.0,509.0,,,0.0,,,0.0
2025-05-19 11:00:00,,,,,,,509.0,509.0,,,0.0,,,0.0
2025-05-19 12:00:00,,,,,,,509.0,509.0,,,0.0,,,0.0
2025-05-19 13:00:00,,,,,,,509.0,509.0,,,0.0,,,0.0
2025-05-19 14:00:00,,,,,,,509.0,509.0,,,0.0,,,0.0
2025-05-19 15:00:00,,,,,,,509.0,509.0,,,0.0,,,0.0
2025-05-19 16:00:00,,,,,,,509.0,509.0,,,0.0,,,0.0
2025-05-19 17:00:00,,,,,,,1533.0,1533.0,,,0.0,,,0.0
2025-05-19 18:00:00,,,,,,,1533.0,1533.0,,,0.0,,,0.0
2025-05-19 19:00:00,,,,,,,1529.0,1529.0,,,0.0,,,0.0
2025-05-19 20:00:00,,,,,,,1533.0,1533.0,,,0.0,,,0.0
2025-05-19 21:00:00,,,,,,,1533.0,1533.0,,,0.0,,,0.0
2025-05-19 22:00:00,,,,,,,1533.0,1533.0,,,0.0,,,0.0
2025-05-19 23:00:00,,,,,,,1533.0,1533.0,,,0.0,,,0.0
2025-05-20 00:00:00,,,,,,,1533.0,1533.0,,,0.0,,,0.0
2025-05-20 01:00:00,,,,,,,1533.0,1533.0,,,0.0,,,0.0
2025-05-20 02:00:00,,,,,,,1529.0,1529.0,,,0.0,,,0.0
2025-05-20 03:00:00,,,,,,,1529.0,1529.0,,,0.0,,,0.0
2025-05-20 04:00:00,,,,,,,1529.0,1529.0,,,0.0,,,0.0
2025-05-20 05:00:00,,,,,,,1533.0,1533.0,,,0.0,,,0.0
2025-05-20 06:00:00,,,,,,,1533.0,1533.0,,,0.0,,,0.0
2025-05-20 07:00:00,,,,,,,505.0,504.0,0.0642,0.0,1.0,1.1543,0.0,1.0
2025-05-20 08:00:00,,,,,,,509.0,509.0,0.1336,0.056199998,2.0,1.1099,0.02639997,2.0
2025-05-20 09:00:00,,,,,,,509.0,509.0,,,0.0,,,0.0
2025-05-20 10:00:00,,,,,,,509.0,509.0,,,0.0,,,0.0
2025-05-20 11:00:00,,,,,,,509.0,509.0,,,0.0,,,0.0
2025-05-20 12:00:00,,,,,,,509.0,509.0,,,0.0,,,0.0
2025-05-20 13:00:00,,,,,,,509.0,509.0,,,0.0,,,0.0
2025-05-20 14:00:00,,,,,,,509.0,509.0,,,0.0,,,0.0
2025-05-20 15:00:00,,,,,,,509.0,509.0,,,0.0,,,0.0
2025-05-20 16:00:00,,,,,,,509.0,509.0,,,0.0,,,0.0
2025-05-20 17:00:00,,,,,,,1533.0,1533.0,,,0.0,,,0.0
2025-05-20 18:00:00,,,,,,,1533.0,1533.0,,,0.0,,,0.0
2025-05-20 19:00:00,,,,,,,1533.0,1533.0,,,0.0,,,0.0
2025-05-20 20:00:00,,,,,,,1529.0,1529.0,,,0.0,,,0.0
2025-05-20 21:00:00,,,,,,,1529.0,1529.0,,,0.0,,,0.0
2025-05-20 22:00:00,,,,,,,1533.0,1533.0,,,0.0,,,0.0
2025-05-20 23:00:00,,,,,,,1533.0,1533.0,,,0.0,,,0.0
2025-05-21 00:00:00,,,,,,,1533.0,1533.0,,,0.0,,,0.0
2025-05-21 01:00:00,,,,,,,1533.0,1533.0,,,0.0,,,0.0
2025-05-21 02:00:00,,,,,,,1529.0,1529.0,,,0.0,,,0.0
2025-05-21 03:00:00,,,,,,,1533.0,1533.0,,,0.0,,,0.0
2025-05-21 04:00:00,,,,,,,1533.0,1533.0,,,0.0,,,0.0
2025-05-21 05:00:00,,,,,,,1533.0,1533.0,,,0.0,,,0.0
2025-05-21 06:00:00,,,,,,,1533.0,1533.0,,,0.0,,,0.0
2025-05-21 07:00:00,,,,,,,509.0,509.0,,,0.0,,,0.0
2025-05-21 08:00:00,,,,,,,509.0,509.0,,,0.0,,,0.0
2025-05-21 09:00:00,,,,,,,509.0,509.0,,,0.0,,,0.0
2025-05-21 10:00:00,,,,,,,509.0,509.0,,,0.0,,,0.0
2025-05-21 11:00:00,,,,,,,509.0,509.0,,,0.0,,,0.0
2025-05-21 12:00:00,,,,,,,509.0,509.0,,,0.0,,,0.0
2025-05-21 13:00:00,,,,,,,509.0,509.0,,,0.0,,,0.0
2025-05-21 14:00:00,,,,,,,509.0,509.0,,,0.0,,,0.0
2025-05-21 15:00:00,,,,,,,509.0,509.0,,,0.0,,,0.0
2025-05-21 16:00:00,,,,,,,509.0,509.0,,,0.0,,,0.0
2025-05-21 17:00:00,,,,,,,1533.0,1533.0,,,0.0,,,0.0
2025-05-21 18:00:00,,,,,,,1533.0,1533.0,,,0.0,,,0.0
2025-05-21 19:00:00,,,,,,,1533.0,1533.0,,,0.0,,,0.0
2025-05-21 20:00:00,,,,,,,1533.0,1533.0,,,0.0,,,0.0
2025-05-21 21:00:00,,,,,,,1529.0,1529.0,,,0.0,,,0.0
2025-05-21 22:00:00,,,,,,,1533.0,1533.0,,,0.0,,,0.0
2025-05-21 23:00:00,,,,,,,1533.0,1533.0,,,0.0,,,0.0
2025-05-22 00:00:00,,,,,,,1533.0,1533.0,,,0.0,,,0.0
2025-05-22 01:00:00,,,,,,,1533.0,1533.0,,,0.0,,,0.0
2025-05-22 02:00:00,,,,,,,1529.0,1529.0,,,0.0,,,0.0
2025-05-22 03:00:00,,,,,,,1533.0,1533.0,,,0.0,,,0.0
2025-05-22 04:00:00,,,,,,,1533.0,1533.0,,,0.0,,,0.0
2025-05-22 05:00:00,,,,,,,1533.0,1533.0,,,0.0,,,0.0
2025-05-22 06:00:00,,,,,,,1533.0,1533.0,,,0.0,,,0.0
2025-05-22 07:00:00,,,,,,,509.0,509.0,,,0.0,,,0.0
2025-05-22 08:00:00,,,,,,,509.0,509.0,,,0.0,,,0.0
2025-05-22 09:00:00,,,,,,,509.0,509.0,,,0.0,,,0.0
2025-05-22 10:00:00,,,,,,,505.0,504.0,0.7988,0.0,1.0,0.9619,0.0,1.0
2025-05-22 11:00:00,,,,,,,509.0,509.0,0.7676,0.0008,2.0,1.0611,0.018000007,2.0
2025-05-22 12:00:00,,,,,,,509.0,509.0,,,0.0,,,0.0
2025-05-22 13:00:00,,,,,,,509.0,509.0,,,0.0,,,0.0
2025-05-22 14:00:00,,,,,,,509.0,509.0,,,0.0,,,0.0
2025-05-22 15:00:00,,,,,,,509.0,509.0,,,0.0,,,0.0
2025-05-22 16:00:00,,,,,,,509.0,509.0,,,0.0,,,0.0
2025-05-22 17:00:00,,,,,,,1533.0,1533.0,,,0.0,,,0.0
2025-05-22 18:00:00,,,,,,,1533.0,1533.0,,,0.0,,,0.0
2025-05-22 19:00:00,,,,,,,1533.0,1533.0,,,0.0,,,0.0
2025-05-22 20:00:00,,,,,,,1533.0,1533.0,,,0.0,,,0.0
2025-05-22 21:00:00,,,,,,,1533.0,1533.0,,,0.0,,,0.0
2025-05-22 22:00:00,,,,,,,1529.0,1529.0,,,0.0,,,0.0
2025-05-22 23:00:00,,,,,,,1533.0,1533.0,,,0.0,,,0.0
2025-05-23 00:00:00,,,,,,,1529.0,1529.0,,,0.0,,,0.0
2025-05-23 01:00:00,,,,,,,1533.0,1533.0,,,0.0,,,0.0
2025-05-23 02:00:00,,,,,,,1529.0,1529.0,,,0.0,,,0.0
2025-05-23 03:00:00,,,,,,,1533.0,1533.0,,,0.0,,,0.0
2025-05-23 04:00:00,,,,,,,1533.0,1533.0,,,0.0,,,0.0
2025-05-23 05:00:00,,,,,,,1533.0,1533.0,,,0.0,,,0.0
2025-05-23 06:00:00,,,,,,,1533.0,1533.0,,,0.0,,,0.0
2025-05-23 07:00:00,,,,,,,509.0,509.0,,,0.0,,,0.0
2025-05-23 08:00:00,,,,,,,505.0,505.0,0.7166,0.0,1.0,1.1264,0.0,1.0
2025-05-23 09:00:00,,,,,,,509.0,509.0,0.8506,0.0,1.0,1.1883,0.0,1.0
2025-05-23 10:00:00,,,,,,,509.0,509.0,,,0.0,,,0.0
2025-05-23 11:00:00,,,,,,,509.0,509.0,,,0.0,,,0.0
2025-05-23 12:00:00,,,,,,,509.0,509.0,,,0.0,,,0.0
2025-05-23 13:00:00,,,,,,,509.0,509.0,,,0.0,,,0.0
2025-05-23 14:00:00,,,,,,,509.0,509.0,,,0.0,,,0.0
2025-05-23 15:00:00,,,,,,,509.0,509.0,,,0.0,,,0.0
2025-05-23 16:00:00,,,,,,,509.0,509.0,,,0.0,,,0.0
2025-05-23 17:00:00,,,,,,,1533.0,1533.0,,,0.0,,,0.0
2025-05-23 18:00:00,,,,,,,1533.0,1533.0,,,0.0,,,0.0
2025-05-23 19:00:00,,,,,,,1533.0,1533.0,,,0.0,,,0.0
2025-05-23 20:00:00,,,,,,,1533.0,1533.0,,,0.0,,,0.0
2025-05-23 21:00:00,,,,,,,1533.0,1533.0,,,0.0,,,0.0
2025-05-23 22:00:00,,,,,,,1533.0,1533.0,,,0.0,,,0.0
2025-05-23 23:00:00,,,,,,,1533.0,1533.0,,,0.0,,,0.0
2025-05-24 00:00:00,,,,,,,1533.0,1533.0,,,0.0,,,0.0
2025-05-24 01:00:00,,,,,,,1533.0,1533.0,,,0.0,,,0.0
2025-05-24 02:00:00,,,,,,,1529.0,1529.0,,,0.0,,,0.0
2025-05-24 03:00:00,,,,,,,1533.0,1533.0,,,0.0,,,0.0
2025-05-24 04:00:00,,,,,,,1533.0,1533.0,,,0.0,,,0.0
2025-05-24 05:00:00,,,,,,,1529.0,1529.0,,,0.0,,,0.0
2025-05-24 06:00:00,,,,,,,1533.0,1533.0,,,0.0,,,0.0
2025-05-24 07:00:00,,,,,,,509.0,509.0,,,0.0,,,0.0
2025-05-24 08:00:00,,,,,,,509.0,509.0,,,0.0,,,0.0
2025-05-24 09:00:00,,,,,,,509.0,509.0,,,0.0,,,0.0
2025-05-24 10:00:00,,,,,,,509.0,509.0,,,0.0,,,0.0
2025-05-24 11:00:00,,,,,,,509.0,509.0,,,0.0,,,0.0
2025-05-24 12:00:00,,,,,,,509.0,509.0,,,0.0,,,0.0
2025-05-24 13:00:00,,,,,,,509.0,509.0,,,0.0,,,0.0
2025-05-24 14:00:00,,,,,,,509.0,509.0,,,0.0,,,0.0
2025-05-24 15:00:00,,,,,,,509.0,509.0,,,0.0,,,0.0
2025-05-24 16:00:00,,,,,,,509.0,509.0,,,0.0,,,0.0
2025-05-24 17:00:00,,,,,,,1533.0,1533.0,,,0.0,,,0.0
2025-05-24 18:00:00,,,,,,,1533.0,1533.0,,,0.0,,,0.0
2025-05-24 19:00:00,,,,,,,1529.0,1529.0,,,0.0,,,0.0
2025-05-24 20:00:00,,,,,,,1533.0,1533.0,,,0.0,,,0.0
2025-05-24 21:00:00,,,,,,,1533.0,1533.0,,,0.0,,,0.0
2025-05-24 22:00:00,,,,,,,1529.0,1529.0,,,0.0,,,0.0
2025-05-24 23:00:00,,,,,,,1533.0,1533.0,,,0.0,,,0.0
2025-05-25 00:00:00,,,,,,,1533.0,1533.0,,,0.0,,,0.0
2025-05-25 01:00:00,,,,,,,1529.0,1529.0,,,0.0,,,0.0
2025-05-25 02:00:00,,,,,,,1533.0,1533.0,,,0.0,,,0.0
2025-05-25 03:00:00,,,,,,,1529.0,1529.0,,,0.0,,,0.0
2025-05-25 04:00:00,,,,,,,1273.0,1273.0,,,0.0,,,0.0
2025-05-25 05:00:00,,,,,,,1273.0,1273.0,,,0.0,,,0.0
2025-05-25 06:00:00,,,,,,,1273.0,1273.0,,,0.0,,,0.0
2025-05-25 07:00:00,,,,,,,505.0,505.0,,,0.0,,,0.0
2025-05-25 08:00:00,,,,,,,509.0,509.0,0.0082,0.0,1.0,0.9985,0.0,1.0
2025-05-25 09:00:00,,,,,,,509.0,509.0,,,0.0,,,0.0
2025-05-25 10:00:00,,,,,,,509.0,509.0,,,0.0,,,0.0
2025-05-25 11:00:00,,,,,,,509.0,509.0,,,0.0,,,0.0
2025-05-25 12:00:00,,,,,,,509.0,509.0,,,0.0,,,0.0
2025-05-25 13:00:00,,,,,,,509.0,509.0,,,0.0,,,0.0
2025-05-25 14:00:00,,,,,,,509.0,509.0,,,0.0,,,0.0
2025-05-25 15:00:00,,,,,,,509.0,509.0,,,0.0,,,0.0
2025-05-25 16:00:00,,,,,,,509.0,509.0,,,0.0,,,0.0
2025-05-25 17:00:00,,,,,,,1533.0,1533.0,,,0.0,,,0.0
2025-05-25 18:00:00,,,,,,,1533.0,1533.0,,,0.0,,,0.0
2025-05-25 19:00:00,,,,,,,1529.0,1529.0,,,0.0,,,0.0
2025-05-25 20:00:00,,,,,,,1533.0,1533.0,,,0.0,,,0.0
2025-05-25 21:00:00,,,,,,,1529.0,1529.0,,,0.0,,,0.0
2025-05-25 22:00:00,,,,,,,1533.0,1533.0,,,0.0,,,0.0
2025-05-25 23:00:00,,,,,,,1533.0,1533.0,,,0.0,,,0.0
2025-05-26 00:00:00,,,,,,,1533.0,1533.0,,,0.0,,,0.0
2025-05-26 01:00:00,,,,,,,1533.0,1533.0,,,0.0,,,0.0
2025-05-26 02:00:00,,,,,,,1533.0,1533.0,,,0.0,,,0.0
2025-05-26 03:00:00,,,,,,,1533.0,1533.0,,,0.0,,,0.0
2025-05-26 04:00:00,,,,,,,1533.0,1533.0,,,0.0,,,0.0
2025-05-26 05:00:00,,,,,,,1533.0,1533.0,,,0.0,,,0.0
2025-05-26 06:00:00,,,,,,,1533.0,1533.0,,,0.0,,,0.0
2025-05-26 07:00:00,,,,,,,509.0,509.0,,,0.0,,,0.0
2025-05-26 08:00:00,,,,,,,509.0,509.0,,,0.0,,,0.0
2025-05-26 09:00:00,,,,,,,505.0,504.0,1.5712,0.0,1.0,0.3706,0.0,1.0
2025-05-26 10:00:00,,,,,,,505.0,504.0,0.8718,0.147,2.0,0.6435,0.03909999,2.0
2025-05-26 11:00:00,,,,,,,509.0,509.0,,,0.0,,,0.0
2025-05-26 12:00:00,,,,,,,509.0,509.0,,,0.0,,,0.0
2025-05-26 13:00:00,,,,,,,509.0,509.0,,,0.0,,,0.0
2025-05-26 14:00:00,,,,,,,509.0,509.0,,,0.0,,,0.0
2025-05-26 15:00:00,,,,,,,509.0,509.0,0.3646,0.0,1.0,0.8988999,0.0,1.0
2025-05-26 16:00:00,,,,,,,509.0,509.0,,,0.0,,,0.0
2025-05-26 17:00:00,,,,,,,1533.0,1533.0,,,0.0,,,0.0
2025-05-26 18:00:00,,,,,,,1533.0,1533.0,,,0.0,,,0.0
2025-05-26 19:00:00,,,,,,,1533.0,1533.0,,,0.0,,,0.0
2025-05-26 20:00:00,,,,,,,1533.0,1533.0,,,0.0,,,0.0
2025-05-26 21:00:00,,,,,,,1533.0,1533.0,,,0.0,,,0.0
2025-05-26 22:00:00,,,,,,,1533.0,1533.0,,,0.0,,,0.0
2025-05-26 23:00:00,,,,,,,1529.0,1529.0,,,0.0,,,0.0
2025-05-27 00:00:00,,,,,,,1533.0,1533.0,,,0.0,,,0.0
2025-05-27 01:00:00,,,,,,,1533.0,1533.0,,,0.0,,,0.0
2025-05-27 02:00:00,,,,,,,1533.0,1533.0,,,0.0,,,0.0
2025-05-27 03:00:00,,,,,,,1529.0,1529.0,,,0.0,,,0.0
2025-05-27 04:00:00,,,,,,,1273.0,1273.0,,,0.0,,,0.0
2025-05-27 05:00:00,,,,,,,1533.0,1533.0,,,0.0,,,0.0
2025-05-27 06:00:00,,,,,,,1533.0,1533.0,,,0.0,,,0.0
2025-05-27 07:00:00,,,,,,,2553.0,2552.0,0.299,0.0,1.0,1.0882,0.0,1.0
2025-05-27 08:00:00,,,,,,,2553.0,2552.0,0.28959998,0.0,1.0,1.122,0.0,1.0
2025-05-27 09:00:00,,,,,,,509.0,509.0,0.24239999,0.024999999,4.0,1.1407,0.027399957,4.0
2025-05-27 10:00:00,,,,,,,509.0,509.0,,,0.0,,,0.0
2025-05-27 11:00:00,,,,,,,509.0,509.0,,,0.0,,,0.0
2025-05-27 12:00:00,,,,,,,509.0,509.0,,,0.0,,,0.0
2025-05-27 13:00:00,,,,,,,509.0,509.0,,,0.0,,,0.0
2025-05-27 14:00:00,,,,,,,509.0,509.0,,,0.0,,,0.0
2025-05-27 15:00:00,,,,,,,509.0,509.0,,,0.0,,,0.0
2025-05-27 16:00:00,,,,,,,509.0,509.0,,,0.0,,,0.0
2025-05-27 17:00:00,,,,,,,1533.0,1533.0,,,0.0,,,0.0
2025-05-27 18:00:00,,,,,,,1533.0,1533.0,,,0.0,,,0.0
2025-05-27 19:00:00,,,,,,,1529.0,1529.0,,,0.0,,,0.0
2025-05-27 20:00:00,,,,,,,1529.0,1529.0,,,0.0,,,0.0
2025-05-27 21:00:00,,,,,,,1533.0,1533.0,,,0.0,,,0.0
2025-05-27 22:00:00,,,,,,,1529.0,1529.0,,,0.0,,,0.0
2025-05-27 23:00:00,,,,,,,1533.0,1533.0,,,0.0,,,0.0
2025-05-28 00:00:00,,,,,,,1533.0,1533.0,,,0.0,,,0.0
2025-05-28 01:00:00,,,,,,,1533.0,1533.0,,,0.0,,,0.0
2025-05-28 02:00:00,,,,,,,1533.0,1533.0,,,0.0,,,0.0
2025-05-28 03:00:00,,,,,,,1533.0,1533.0,,,0.0,,,0.0
2025-05-28 04:00:00,,,,,,,1533.0,1533.0,,,0.0,,,0.0
2025-05-28 05:00:00,,,,,,,1533.0,1533.0,,,0.0,,,0.0
2025-05-28 06:00:00,,,,,,,1533.0,1533.0,,,0.0,,,0.0
2025-05-28 07:00:00,,,,,,,509.0,509.0,,,0.0,,,0.0
2025-05-28 08:00:00,,,,,,,509.0,509.0,,,0.0,,,0.0
2025-05-28 09:00:00,,,,,,,509.0,509.0,,,0.0,,,0.0
2025-05-28 10:00:00,,,,,,,509.0,509.0,,,0.0,,,0.0
2025-05-28 11:00:00,,,,,,,509.0,509.0,,,0.0,,,0.0
2025-05-28 12:00:00,,,,,,,509.0,509.0,,,0.0,,,0.0
2025-05-28 13:00:00,,,,,,,505.0,505.0,,,0.0,,,0.0
2025-05-28 14:00:00,,,,,,,509.0,509.0,,,0.0,,,0.0
2025-05-28 15:00:00,,,,,,,509.0,509.0,,,0.0,,,0.0
2025-05-28 16:00:00,,,,,,,509.0,509.0,,,0.0,,,0.0
2025-05-28 17:00:00,,,,,,,1533.0,1533.0,,,0.0,,,0.0
2025-05-28 18:00:00,,,,,,,1533.0,1533.0,,,0.0,,,0.0
2025-05-28 19:00:00,,,,,,,1533.0,1533.0,,,0.0,,,0.0
2025-05-28 20:00:00,,,,,,,1533.0,1533.0,,,0.0,,,0.0
2025-05-28 21:00:00,,,,,,,1533.0,1533.0,,,0.0,,,0.0
2025-05-28 22:00:00,,,,,,,1533.0,1533.0,,,0.0,,,0.0
2025-05-28 23:00:00,,,,,,,1529.0,1529.0,,,0.0,,,0.0
2025-05-29 00:00:00,,,,,,,1529.0,1529.0,,,0.0,,,0.0
2025-05-29 01:00:00,,,,,,,1529.0,1529.0,,,0.0,,,0.0
2025-05-29 02:00:00,,,,,,,1533.0,1533.0,,,0.0,,,0.0
2025-05-29 03:00:00,,,,,,,1533.0,1533.0,,,0.0,,,0.0
2025-05-29 04:00:00,,,,,,,1533.0,1533.0,,,0.0,,,0.0
2025-05-29 05:00:00,,,,,,,1533.0,1533.0,,,0.0,,,0.0
2025-05-29 06:00:00,,,,,,,1533.0,1533.0,,,0.0,,,0.0
2025-05-29 07:00:00,,,,,,,509.0,509.0,,,0.0,,,0.0
2025-05-29 08:00:00,,,,,,,509.0,509.0,,,0.0,,,0.0
2025-05-29 09:00:00,,,,,,,509.0,509.0,,,0.0,,,0.0
2025-05-29 10:00:00,,,,,,,509.0,509.0,,,0.0,,,0.0
2025-05-29 11:00:00,,,,,,,509.0,509.0,,,0.0,,,0.0
2025-05-29 12:00:00,,,,,,,509.0,509.0,,,0.0,,,0.0
2025-05-29 13:00:00,,,,,,,509.0,509.0,,,0.0,,,0.0
2025-05-29 14:00:00,,,,,,,509.0,509.0,,,0.0,,,0.0
2025-05-29 15:00:00,,,,,,,509.0,509.0,,,0.0,,,0.0
2025-05-29 16:00:00,,,,,,,509.0,509.0,,,0.0,,,0.0
2025-05-29 17:00:00,,,,,,,1533.0,1533.0,,,0.0,,,0.0
2025-05-29 18:00:00,,,,,,,1533.0,1533.0,,,0.0,,,0.0
2025-05-29 19:00:00,,,,,,,1529.0,1529.0,,,0.0,,,0.0
2025-05-29 20:00:00,,,,,,,1529.0,1529.0,,,0.0,,,0.0
2025-05-29 21:00:00,,,,,,,1529.0,1529.0,,,0.0,,,0.0
2025-05-29 22:00:00,,,,,,,1533.0,1533.0,,,0.0,,,0.0
2025-05-29 23:00:00,,,,,,,1533.0,1533.0,,,0.0,,,0.0
2025-05-30 00:00:00,,,,,,,1529.0,1529.0,,,0.0,,,0.0
2025-05-30 01:00:00,,,,,,,1529.0,1529.0,,,0.0,,,0.0
2025-05-30 02:00:00,,,,,,,1529.0,1529.0,,,0.0,,,0.0
2025-05-30 03:00:00,,,,,,,1533.0,1533.0,,,0.0,,,0.0
2025-05-30 04:00:00,,,,,,,1533.0,1533.0,,,0.0,,,0.0
2025-05-30 05:00:00,,,,,,,1533.0,1533.0,,,0.0,,,0.0
2025-05-30 06:00:00,,,,,,,1533.0,1533.0,,,0.0,,,0.0
2025-05-30 07:00:00,,,,,,,509.0,509.0,,,0.0,,,0.0
2025-05-30 08:00:00,,,,,,,509.0,509.0,,,0.0,,,0.0
2025-05-30 09:00:00,,,,,,,509.0,509.0,0.8128,0.0,1.0,1.0467,0.0,1.0
2025-05-30 10:00:00,,,,,,,2553.0,2552.0,0.23439999,0.0622,5.0,0.7866,0.04189998,5.0
2025-05-30 11:00:00,,,,,,,509.0,509.0,,,0.0,,,0.0
2025-05-30 12:00:00,,,,,,,509.0,509.0,,,0.0,,,0.0
2025-05-30 13:00:00,,,,,,,2553.0,2552.0,0.4646,0.0,1.0,0.7221999,0.0,1.0
2025-05-30 14:00:00,,,,,,,509.0,509.0,0.2192,0.0,1.0,0.7055,0.0,1.0
2025-05-30 15:00:00,,,,,,,509.0,509.0,,,0.0,,,0.0
2025-05-30 16:00:00,,,,,,,509.0,509.0,,,0.0,,,0.0
2025-05-30 17:00:00,,,,,,,1533.0,1533.0,,,0.0,,,0.0
2025-05-30 18:00:00,,,,,,,1533.0,1533.0,,,0.0,,,0.0
2025-05-30 19:00:00,,,,,,,1533.0,1533.0,,,0.0,,,0.0
2025-05-30 20:00:00,,,,,,,1533.0,1533.0,,,0.0,,,0.0
2025-05-30 21:00:00,,,,,,,1533.0,1533.0,,,0.0,,,0.0
2025-05-30 22:00:00,,,,,,,1529.0,1529.0,,,0.0,,,0.0
2025-05-30 23:00:00,,,,,,,1533.0,1533.0,,,0.0,,,0.0
2025-05-31 00:00:00,,,,,,,1529.0,1529.0,,,0.0,,,0.0
2025-05-31 01:00:00,,,,,,,1533.0,1533.0,,,0.0,,,0.0
2025-05-31 02:00:00,,,,,,,1533.0,1533.0,,,0.0,,,0.0
2025-05-31 03:00:00,,,,,,,1529.0,1529.0,,,0.0,,,0.0
2025-05-31 04:00:00,,,,,,,1533.0,1533.0,,,0.0,,,0.0
2025-05-31 05:00:00,,,,,,,1529.0,1529.0,,,0.0,,,0.0
2025-05-31 06:00:00,,,,,,,1533.0,1533.0,,,0.0,,,0.0
2025-05-31 07:00:00,,,,,,,509.0,509.0,,,0.0,,,0.0
2025-05-31 08:00:00,,,,,,,509.0,509.0,,,0.0,,,0.0
2025-05-31 09:00:00,,,,,,,509.0,509.0,0.1156,0.0,1.0,0.7968,0.0,1.0
2025-05-31 10:00:00,,,,,,,2553.0,2552.0,0.43159997,0.0,1.0,1.002,0.0,1.0
2025-05-31 11:00:00,,,,,,,509.0,509.0,,,0.0,,,0.0
2025-05-31 12:00:00,,,,,,,509.0,509.0,,,0.0,,,0.0
2025-05-31 13:00:00,,,,,,,509.0,509.0,,,0.0,,,0.0
2025-05-31 14:00:00,,,,,,,509.0,509.0,,,0.0,,,0.0
2025-05-31 15:00:00,,,,,,,509.0,509.0,,,0.0,,,0.0
2025-05-31 16:00:00,,,,,,,509.0,509.0,,,0.0,,,0.0
2025-05-31 17:00:00,,,,,,,1533.0,1533.0,,,0.0,,,0.0
2025-05-31 18:00:00,,,,,,,1533.0,1533.0,,,0.0,,,0.0
2025-05-31 19:00:00,,,,,,,1533.0,1533.0,,,0.0,,,0.0
2025-05-31 20:00:00,,,,,,,1533.0,1533.0,,,0.0,,,0.0
2025-05-31 21:00:00,,,,,,,1533.0,1533.0,,,0.0,,,0.0
2025-05-31 22:00:00,,,,,,,1533.0,1533.0,,,0.0,,,0.0
2025-05-31 23:00:00,,,,,,,1533.0,1533.0,,,0.0,,,0.0
2025-06-01 00:00:00,,,,,,,1533.0,1533.0,,,0.0,,,0.0
2025-06-01 01:00:00,,,,,,,1533.0,1533.0,,,0.0,,,0.0
2025-06-01 02:00:00,,,,,,,1529.0,1529.0,,,0.0,,,0.0
2025-06-01 03:00:00,,,,,,,1533.0,1533.0,,,0.0,,,0.0
2025-06-01 04:00:00,,,,,,,1533.0,1533.0,,,0.0,,,0.0
2025-06-01 05:00:00,,,,,,,1533.0,1533.0,,,0.0,,,0.0
2025-06-01 06:00:00,,,,,,,1533.0,1533.0,,,0.0,,,0.0
2025-06-01 07:00:00,,,,,,,509.0,509.0,,,0.0,,,0.0
2025-06-01 08:00:00,,,,,,,509.0,509.0,,,0.0,,,0.0
2025-06-01 09:00:00,,,,,,,509.0,509.0,,,0.0,,,0.0
2025-06-01 10:00:00,,,,,,,509.0,509.0,,,0.0,,,0.0
2025-06-01 11:00:00,,,,,,,509.0,509.0,,,0.0,,,0.0
2025-06-01 12:00:00,,,,,,,505.0,505.0,,,0.0,,,0.0
2025-06-01 13:00:00,,,,,,,509.0,509.0,0.363,0.0774,2.0,0.97459996,0.0176,2.0
2025-06-01 14:00:00,,,,,,,509.0,509.0,,,0.0,,,0.0
2025-06-01 15:00:00,,,,,,,509.0,509.0,,,0.0,,,0.0
2025-06-01 16:00:00,,,,,,,509.0,509.0,,,0.0,,,0.0
2025-06-01 17:00:00,,,,,,,1533.0,1533.0,,,0.0,,,0.0
2025-06-01 18:00:00,,,,,,,1533.0,1533.0,,,0.0,,,0.0
2025-06-01 19:00:00,,,,,,,1533.0,1533.0,,,0.0,,,0.0
2025-06-01 20:00:00,,,,,,,1529.0,1529.0,,,0.0,,,0.0
2025-06-01 21:00:00,,,,,,,1533.0,1533.0,,,0.0,,,0.0
2025-06-01 22:00:00,,,,,,,1533.0,1533.0,,,0.0,,,0.0
2025-06-01 23:00:00,,,,,,,1533.0,1533.0,,,0.0,,,0.0
2025-06-02 00:00:00,,,,,,,1533.0,1533.0,,,0.0,,,0.0
2025-06-02 01:00:00,,,,,,,1529.0,1529.0,,,0.0,,,0.0
2025-06-02 02:00:00,,,,,,,1529.0,1529.0,,,0.0,,,0.0
2025-06-02 03:00:00,,,,,,,1533.0,1533.0,,,0.0,,,0.0
2025-06-02 04:00:00,,,,,,,1533.0,1533.0,,,0.0,,,0.0
2025-06-02 05:00:00,,,,,,,1529.0,1529.0,,,0.0,,,0.0
2025-06-02 06:00:00,,,,,,,1533.0,1533.0,,,0.0,,,0.0
2025-06-02 07:00:00,,,,,,,509.0,509.0,,,0.0,,,0.0
2025-06-02 08:00:00,,,,,,,509.0,509.0,,,0.0,,,0.0
2025-06-02 09:00:00,,,,,,,509.0,509.0,,,0.0,,,0.0
2025-06-02 10:00:00,,,,,,,509.0,509.0,,,0.0,,,0.0
2025-06-02 11:00:00,,,,,,,509.0,509.0,,,0.0,,,0.0
2025-06-02 12:00:00,,,,,,,509.0,509.0,,,0.0,,,0.0
2025-06-02 13:00:00,,,,,,,509.0,509.0,,,0.0,,,0.0
2025-06-02 14:00:00,,,,,,,509.0,509.0,,,0.0,,,0.0
2025-06-02 15:00:00,,,,,,,509.0,509.0,,,0.0,,,0.0
2025-06-02 16:00:00,,,,,,,509.0,509.0,,,0.0,,,0.0
2025-06-02 17:00:00,,,,,,,1533.0,1533.0,,,0.0,,,0.0
2025-06-02 18:00:00,,,,,,,1533.0,1533.0,,,0.0,,,0.0
2025-06-02 19:00:00,,,,,,,1533.0,1533.0,,,0.0,,,0.0
2025-06-02 20:00:00,,,,,,,1533.0,1533.0,,,0.0,,,0.0
2025-06-02 21:00:00,,,,,,,1533.0,1533.0,,,0.0,,,0.0
2025-06-02 22:00:00,,,,,,,1533.0,1533.0,,,0.0,,,0.0
2025-06-02 23:00:00,,,,,,,1533.0,1533.0,,,0.0,,,0.0
2025-06-03 00:00:00,,,,,,,1533.0,1533.0,,,0.0,,,0.0
2025-06-03 01:00:00,,,,,,,1533.0,1533.0,,,0.0,,,0.0
2025-06-03 02:00:00,,,,,,,1533.0,1533.0,,,0.0,,,0.0
2025-06-03 03:00:00,,,,,,,1533.0,1533.0,,,0.0,,,0.0
2025-06-03 04:00:00,,,,,,,1533.0,1533.0,,,0.0,,,0.0
2025-06-03 05:00:00,,,,,,,1533.0,1533.0,,,0.0,,,0.0
2025-06-03 06:00:00,,,,,,,1533.0,1533.0,,,0.0,,,0.0
2025-06-03 07:00:00,,,,,,,509.0,509.0,,,0.0,,,0.0
2025-06-03 08:00:00,,,,,,,505.0,504.0,1.3556,0.0,1.0,0.5174999,0.0,1.0
2025-06-03 09:00:00,,,,,,,509.0,509.0,,,0.0,,,0.0
2025-06-03 10:00:00,,,,,,,509.0,509.0,,,0.0,,,0.0
2025-06-03 11:00:00,,,,,,,509.0,509.0,,,0.0,,,0.0
2025-06-03 12:00:00,,,,,,,509.0,509.0,,,0.0,,,0.0
2025-06-03 13:00:00,,,,,,,509.0,509.0,,,0.0,,,0.0
2025-06-03 14:00:00,,,,,,,509.0,509.0,,,0.0,,,0.0
2025-06-03 15:00:00,,,,,,,509.0,509.0,,,0.0,,,0.0
2025-06-03 16:00:00,,,,,,,509.0,509.0,,,0.0,,,0.0
2025-06-03 17:00:00,,,,,,,1533.0,1533.0,,,0.0,,,0.0
2025-06-03 18:00:00,,,,,,,1533.0,1533.0,,,0.0,,,0.0
2025-06-03 19:00:00,,,,,,,1533.0,1533.0,,,0.0,,,0.0
2025-06-03 20:00:00,,,,,,,1529.0,1529.0,,,0.0,,,0.0
2025-06-03 21:00:00,,,,,,,1533.0,1533.0,,,0.0,,,0.0
2025-06-03 22:00:00,,,,,,,1533.0,1533.0,,,0.0,,,0.0
2025-06-03 23:00:00,,,,,,,1533.0,1533.0,,,0.0,,,0.0
2025-06-04 00:00:00,,,,,,,1533.0,1533.0,,,0.0,,,0.0
2025-06-04 01:00:00,,,,,,,1533.0,1533.0,,,0.0,,,0.0
2025-06-04 02:00:00,,,,,,,1529.0,1529.0,,,0.0,,,0.0
2025-06-04 03:00:00,,,,,,,1533.0,1533.0,,,0.0,,,0.0
2025-06-04 04:00:00,,,,,,,1533.0,1533.0,,,0.0,,,0.0
2025-06-04 05:00:00,,,,,,,1533.0,1533.0,,,0.0,,,0.0
2025-06-04 06:00:00,,,,,,,1533.0,1533.0,,,0.0,,,0.0
2025-06-04 07:00:00,,,,,,,2553.0,2552.0,0.3084,0.0,1.0,0.8512,0.0,1.0
2025-06-04 08:00:00,,,,,,,509.0,509.0,1.1306,0.0,1.0,0.4454,0.0,1.0
2025-06-04 09:00:00,,,,,,,509.0,509.0,,,0.0,,,0.0
2025-06-04 10:00:00,,,,,,,509.0,509.0,,,0.0,,,0.0
2025-06-04 11:00:00,,,,,,,509.0,509.0,,,0.0,,,0.0
2025-06-04 12:00:00,,,,,,,509.0,509.0,,,0.0,,,0.0
2025-06-04 13:00:00,,,,,,,509.0,509.0,,,0.0,,,0.0
2025-06-04 14:00:00,,,,,,,509.0,509.0,,,0.0,,,0.0
2025-06-04 15:00:00,,,,,,,509.0,509.0,,,0.0,,,0.0
2025-06-04 16:00:00,,,,,,,509.0,509.0,,,0.0,,,0.0
2025-06-04 17:00:00,,,,,,,1533.0,1533.0,,,0.0,,,0.0
2025-06-04 18:00:00,,,,,,,1533.0,1533.0,,,0.0,,,0.0
2025-06-04 19:00:00,,,,,,,1533.0,1533.0,,,0.0,,,0.0
2025-06-04 20:00:00,,,,,,,1533.0,1533.0,,,0.0,,,0.0
2025-06-04 21:00:00,,,,,,,1533.0,1533.0,,,0.0,,,0.0
2025-06-04 22:00:00,,,,,,,1529.0,1529.0,,,0.0,,,0.0
2025-06-04 23:00:00,,,,,,,1529.0,1529.0,,,0.0,,,0.0
2025-06-05 00:00:00,,,,,,,1533.0,1533.0,,,0.0,,,0.0
2025-06-05 01:00:00,,,,,,,1273.0,1273.0,,,0.0,,,0.0
2025-06-05 02:00:00,,,,,,,1273.0,1273.0,,,0.0,,,0.0
2025-06-05 03:00:00,,,,,,,1533.0,1533.0,,,0.0,,,0.0
2025-06-05 04:00:00,,,,,,,1529.0,1529.0,,,0.0,,,0.0
2025-06-05 05:00:00,,,,,,,1533.0,1533.0,,,0.0,,,0.0
2025-06-05 06:00:00,,,,,,,1533.0,1533.0,,,0.0,,,0.0
2025-06-05 07:00:00,,,,,,,509.0,509.0,,,0.0,,,0.0
2025-06-05 08:00:00,,,,,,,509.0,509.0,,,0.0,,,0.0
2025-06-05 09:00:00,,,,,,,505.0,504.0,0.8702,0.0,1.0,0.7336,0.0,1.0
2025-06-05 10:00:00,,,,,,,509.0,509.0,0.8642,0.0,2.0,0.6093999,0.0,2.0
2025-06-05 11:00:00,,,,,,,509.0,509.0,,,0.0,,,0.0
2025-06-05 12:00:00,,,,,,,509.0,509.0,,,0.0,,,0.0
2025-06-05 13:00:00,,,,,,,509.0,509.0,,,0.0,,,0.0
2025-06-05 14:00:00,,,,,,,509.0,509.0,,,0.0,,,0.0
2025-06-05 15:00:00,,,,,,,509.0,509.0,,,0.0,,,0.0
2025-06-05 16:00:00,,,,,,,505.0,504.0,0.2426,0.051599998,2.0,0.7721,0.047800004,2.0
2025-06-05 17:00:00,,,,,,,1533.0,1533.0,0.18419999,0.085999995,3.0,0.78429997,0.053299963,3.0
2025-06-05 18:00:00,,,,,,,1533.0,1533.0,,,0.0,,,0.0
2025-06-05 19:00:00,,,,,,,1533.0,1533.0,,,0.0,,,0.0
2025-06-05 20:00:00,,,,,,,1533.0,1533.0,,,0.0,,,0.0
2025-06-05 21:00:00,,,,,,,1533.0,1533.0,,,0.0,,,0.0
2025-06-05 22:00:00,,,,,,,1273.0,1273.0,,,0.0,,,0.0
2025-06-05 23:00:00,,,,,,,1529.0,1529.0,,,0.0,,,0.0
2025-06-06 00:00:00,,,,,,,1533.0,1533.0,,,0.0,,,0.0
2025-06-06 01:00:00,,,,,,,1273.0,1273.0,,,0.0,,,0.0
2025-06-06 02:00:00,,,,,,,1273.0,1273.0,,,0.0,,,0.0
2025-06-06 03:00:00,,,,,,,1529.0,1529.0,,,0.0,,,0.0
2025-06-06 04:00:00,,,,,,,1273.0,1273.0,,,0.0,,,0.0
2025-06-06 05:00:00,,,,,,,1273.0,1273.0,,,0.0,,,0.0
2025-06-06 06:00:00,,,,,,,1533.0,1533.0,,,0.0,,,0.0
2025-06-06 07:00:00,,,,,,,505.0,505.0,,,0.0,,,0.0
2025-06-06 08:00:00,,,,,,,509.0,509.0,,,0.0,,,0.0
2025-06-06 09:00:00,,,,,,,509.0,509.0,,,0.0,,,0.0
2025-06-06 10:00:00,,,,,,,509.0,509.0,,,0.0,,,0.0
2025-06-06 11:00:00,,,,,,,509.0,509.0,,,0.0,,,0.0
2025-06-06 12:00:00,,,,,,,505.0,505.0,,,0.0,,,0.0
2025-06-06 13:00:00,,,,,,,505.0,504.0,0.2092,0.0,1.0,0.9175,0.0,1.0
2025-06-06 14:00:00,,,,,,,509.0,509.0,0.1498,0.0,1.0,0.91719997,0.0,1.0
2025-06-06 15:00:00,,,,,,,509.0,509.0,0.44239998,0.0,1.0,0.9275,0.0,1.0
2025-06-06 16:00:00,,,,,,,509.0,509.0,,,0.0,,,0.0
2025-06-06 17:00:00,,,,,,,1533.0,1533.0,,,0.0,,,0.0
2025-06-06 18:00:00,,,,,,,1533.0,1533.0,,,0.0,,,0.0
2025-06-06 19:00:00,,,,,,,1533.0,1533.0,,,0.0,,,0.0
2025-06-06 20:00:00,,,,,,,1529.0,1529.0,,,0.0,,,0.0
2025-06-06 21:00:00,,,,,,,1533.0,1533.0,,,0.0,,,0.0
2025-06-06 22:00:00,,,,,,,1533.0,1533.0,,,0.0,,,0.0
2025-06-06 23:00:00,,,,,,,1533.0,1533.0,,,0.0,,,0.0
2025-06-07 00:00:00,,,,,,,1529.0,1529.0,,,0.0,,,0.0
2025-06-07 01:00:00,,,,,,,1533.0,1533.0,,,0.0,,,0.0
2025-06-07 02:00:00,,,,,,,1529.0,1529.0,,,0.0,,,0.0
2025-06-07 03:00:00,,,,,,,1533.0,1533.0,,,0.0,,,0.0
2025-06-07 04:00:00,,,,,,,1529.0,1529.0,,,0.0,,,0.0
2025-06-07 05:00:00,,,,,,,1273.0,1273.0,,,0.0,,,0.0
2025-06-07 06:00:00,,,,,,,1533.0,1533.0,,,0.0,,,0.0
2025-06-07 07:00:00,,,,,,,509.0,509.0,,,0.0,,,0.0
2025-06-07 08:00:00,,,,,,,509.0,509.0,,,0.0,,,0.0
2025-06-07 09:00:00,,,,,,,509.0,509.0,,,0.0,,,0.0
2025-06-07 10:00:00,,,,,,,509.0,509.0,,,0.0,,,0.0
2025-06-07 11:00:00,,,,,,,509.0,509.0,,,0.0,,,0.0
2025-06-07 12:00:00,,,,,,,509.0,509.0,,,0.0,,,0.0
2025-06-07 13:00:00,,,,,,,509.0,509.0,,,0.0,,,0.0
2025-06-07 14:00:00,,,,,,,509.0,509.0,,,0.0,,,0.0
2025-06-07 15:00:00,,,,,,,509.0,509.0,,,0.0,,,0.0
2025-06-07 16:00:00,,,,,,,509.0,509.0,,,0.0,,,0.0
2025-06-07 17:00:00,,,,,,,1533.0,1533.0,,,0.0,,,0.0
2025-06-07 18:00:00,,,,,,,1533.0,1533.0,,,0.0,,,0.0
2025-06-07 19:00:00,,,,,,,1533.0,1533.0,,,0.0,,,0.0
2025-06-07 20:00:00,,,,,,,1533.0,1533.0,,,0.0,,,0.0
2025-06-07 21:00:00,,,,,,,1533.0,1533.0,,,0.0,,,0.0
2025-06-07 22:00:00,,,,,,,1533.0,1533.0,,,0.0,,,0.0
2025-06-07 23:00:00,,,,,,,1533.0,1533.0,,,0.0,,,0.0
2025-06-08 00:00:00,,,,,,,1533.0,1533.0,,,0.0,,,0.0
2025-06-08 01:00:00,,,,,,,1533.0,1533.0,,,0.0,,,0.0
2025-06-08 02:00:00,,,,,,,1533.0,1533.0,,,0.0,,,0.0
2025-06-08 03:00:00,,,,,,,1533.0,1533.0,,,0.0,,,0.0
2025-06-08 04:00:00,,,,,,,1529.0,1529.0,,,0.0,,,0.0
2025-06-08 05:00:00,,,,,,,1533.0,1533.0,,,0.0,,,0.0
2025-06-08 06:00:00,,,,,,,1533.0,1533.0,,,0.0,,,0.0
2025-06-08 07:00:00,,,,,,,509.0,509.0,,,0.0,,,0.0
2025-06-08 08:00:00,,,,,,,509.0,509.0,0.756,0.0,1.0,0.54199994,0.0,1.0
2025-06-08 09:00:00,,,,,,,509.0,509.0,,,0.0,,,0.0
2025-06-08 10:00:00,,,,,,,509.0,509.0,,,0.0,,,0.0
2025-06-08 11:00:00,,,,,,,509.0,509.0,,,0.0,,,0.0
2025-06-08 12:00:00,,,,,,,509.0,509.0,,,0.0,,,0.0
2025-06-08 13:00:00,,,,,,,509.0,509.0,,,0.0,,,0.0
2025-06-08 14:00:00,,,,,,,509.0,509.0,,,0.0,,,0.0
2025-06-08 15:00:00,,,,,,,509.0,509.0,,,0.0,,,0.0
2025-06-08 16:00:00,,,,,,,509.0,509.0,,,0.0,,,0.0
2025-06-08 17:00:00,,,,,,,1533.0,1533.0,,,0.0,,,0.0
2025-06-08 18:00:00,,,,,,,1533.0,1533.0,,,0.0,,,0.0
2025-06-08 19:00:00,,,,,,,1533.0,1533.0,,,0.0,,,0.0
2025-06-08 20:00:00,,,,,,,1533.0,1533.0,,,0.0,,,0.0
2025-06-08 21:00:00,,,,,,,1533.0,1533.0,,,0.0,,,0.0
2025-06-08 22:00:00,,,,,,,1533.0,1533.0,,,0.0,,,0.0
2025-06-08 23:00:00,,,,,,,1533.0,1533.0,,,0.0,,,0.0
2025-06-09 00:00:00,,,,,,,1529.0,1529.0,,,0.0,,,0.0
2025-06-09 01:00:00,,,,,,,1529.0,1529.0,,,0.0,,,0.0
2025-06-09 02:00:00,,,,,,,1533.0,1533.0,,,0.0,,,0.0
2025-06-09 03:00:00,,,,,,,1533.0,1533.0,,,0.0,,,0.0
2025-06-09 04:00:00,,,,,,,1529.0,1529.0,,,0.0,,,0.0
2025-06-09 05:00:00,,,,,,,1533.0,1533.0,,,0.0,,,0.0
2025-06-09 06:00:00,,,,,,,1533.0,1533.0,,,0.0,,,0.0
2025-06-09 07:00:00,,,,,,,509.0,509.0,,,0.0,,,0.0
2025-06-09 08:00:00,,,,,,,509.0,509.0,0.7084,0.18959999,3.0,0.34849995,0.2507,3.0
2025-06-09 09:00:00,,,,,,,509.0,509.0,,,0.0,,,0.0
2025-06-09 10:00:00,,,,,,,509.0,509.0,,,0.0,,,0.0
2025-06-09 11:00:00,,,,,,,509.0,509.0,,,0.0,,,0.0
2025-06-09 12:00:00,,,,,,,509.0,509.0,,,0.0,,,0.0
2025-06-09 13:00:00,,,,,,,509.0,509.0,,,0.0,,,0.0
2025-06-09 14:00:00,,,,,,,509.0,509.0,,,0.0,,,0.0
2025-06-09 15:00:00,,,,,,,509.0,509.0,,,0.0,,,0.0
2025-06-09 16:00:00,,,,,,,509.0,509.0,,,0.0,,,0.0
2025-06-09 17:00:00,,,,,,,1533.0,1533.0,,,0.0,,,0.0
2025-06-09 18:00:00,,,,,,,1533.0,1533.0,,,0.0,,,0.0
2025-06-09 19:00:00,,,,,,,1529.0,1529.0,,,0.0,,,0.0
2025-06-09 20:00:00,,,,,,,1529.0,1529.0,,,0.0,,,0.0
2025-06-09 21:00:00,,,,,,,1533.0,1533.0,,,0.0,,,0.0
2025-06-09 22:00:00,,,,,,,1533.0,1533.0,,,0.0,,,0.0
2025-06-09 23:00:00,,,,,,,1533.0,1533.0,,,0.0,,,0.0
2025-06-10 00:00:00,,,,,,,1533.0,1533.0,,,0.0,,,0.0
2025-06-10 01:00:00,,,,,,,1533.0,1533.0,,,0.0,,,0.0
2025-06-10 02:00:00,,,,,,,1533.0,1533.0,,,0.0,,,0.0
2025-06-10 03:00:00,,,,,,,1533.0,1533.0,,,0.0,,,0.0
2025-06-10 04:00:00,,,,,,,1533.0,1533.0,,,0.0,,,0.0
2025-06-10 05:00:00,,,,,,,1533.0,1533.0,,,0.0,,,0.0
2025-06-10 06:00:00,,,,,,,1533.0,1533.0,,,0.0,,,0.0
2025-06-10 07:00:00,,,,,,,509.0,509.0,,,0.0,,,0.0
2025-06-10 08:00:00,,,,,,,509.0,509.0,,,0.0,,,0.0
2025-06-10 09:00:00,,,,,,,509.0,509.0,,,0.0,,,0.0
2025-06-10 10:00:00,,,,,,,509.0,509.0,,,0.0,,,0.0
2025-06-10 11:00:00,,,,,,,509.0,509.0,,,0.0,,,0.0
2025-06-10 12:00:00,,,,,,,509.0,509.0,,,0.0,,,0.0
2025-06-10 13:00:00,,,,,,,509.0,509.0,,,0.0,,,0.0
2025-06-10 14:00:00,,,,,,,509.0,509.0,,,0.0,,,0.0
2025-06-10 15:00:00,,,,,,,509.0,509.0,,,0.0,,,0.0
2025-06-10 16:00:00,,,,,,,509.0,509.0,,,0.0,,,0.0
2025-06-10 17:00:00,,,,,,,1533.0,1533.0,,,0.0,,,0.0
2025-06-10 18:00:00,,,,,,,1533.0,1533.0,,,0.0,,,0.0
2025-06-10 19:00:00,,,,,,,1533.0,1533.0,,,0.0,,,0.0
2025-06-10 20:00:00,,,,,,,1533.0,1533.0,,,0.0,,,0.0
2025-06-10 21:00:00,,,,,,,1533.0,1533.0,,,0.0,,,0.0
2025-06-10 22:00:00,,,,,,,1533.0,1533.0,,,0.0,,,0.0
2025-06-10 23:00:00,,,,,,,1533.0,1533.0,,,0.0,,,0.0
2025-06-11 00:00:00,,,,,,,1533.0,1533.0,,,0.0,,,0.0
2025-06-11 01:00:00,,,,,,,1533.0,1533.0,,,0.0,,,0.0
2025-06-11 02:00:00,,,,,,,1533.0,1533.0,,,0.0,,,0.0
2025-06-11 03:00:00,,,,,,,1533.0,1533.0,,,0.0,,,0.0
2025-06-11 04:00:00,,,,,,,1533.0,1533.0,,,0.0,,,0.0
2025-06-11 05:00:00,,,,,,,1533.0,1533.0,,,0.0,,,0.0
2025-06-11 06:00:00,,,,,,,1533.0,1533.0,,,0.0,,,0.0
2025-06-11 07:00:00,,,,,,,509.0,509.0,,,0.0,,,0.0
2025-06-11 08:00:00,,,,,,,509.0,509.0,,,0.0,,,0.0
2025-06-11 09:00:00,,,,,,,509.0,509.0,,,0.0,,,0.0
2025-06-11 10:00:00,,,,,,,509.0,509.0,,,0.0,,,0.0
2025-06-11 11:00:00,,,,,,,509.0,509.0,,,0.0,,,0.0
2025-06-11 12:00:00,,,,,,,509.0,509.0,,,0.0,,,0.0
2025-06-11 13:00:00,,,,,,,509.0,509.0,,,0.0,,,0.0
2025-06-11 14:00:00,,,,,,,509.0,509.0,,,0.0,,,0.0
2025-06-11 15:00:00,,,,,,,509.0,509.0,,,0.0,,,0.0
2025-06-11 16:00:00,,,,,,,509.0,509.0,,,0.0,,,0.0
2025-06-11 17:00:00,,,,,,,1533.0,1533.0,,,0.0,,,0.0
2025-06-11 18:00:00,,,,,,,1533.0,1533.0,,,0.0,,,0.0
2025-06-11 19:00:00,,,,,,,1529.0,1529.0,,,0.0,,,0.0
2025-06-11 20:00:00,,,,,,,1529.0,1529.0,,,0.0,,,0.0
2025-06-11 21:00:00,,,,,,,1533.0,1533.0,,,0.0,,,0.0
2025-06-11 22:00:00,,,,,,,1533.0,1533.0,,,0.0,,,0.0
2025-06-11 23:00:00,,,,,,,1533.0,1533.0,,,0.0,,,0.0
2025-06-12 00:00:00,,,,,,,1533.0,1533.0,,,0.0,,,0.0
2025-06-12 01:00:00,,,,,,,1533.0,1533.0,,,0.0,,,0.0
2025-06-12 02:00:00,,,,,,,1533.0,1533.0,,,0.0,,,0.0
2025-06-12 03:00:00,,,,,,,1529.0,1529.0,,,0.0,,,0.0
2025-06-12 04:00:00,,,,,,,1273.0,1273.0,,,0.0,,,0.0
2025-06-12 05:00:00,,,,,,,1533.0,1533.0,,,0.0,,,0.0
2025-06-12 06:00:00,,,,,,,1533.0,1533.0,,,0.0,,,0.0
2025-06-12 07:00:00,,,,,,,509.0,509.0,,,0.0,,,0.0
2025-06-12 08:00:00,,,,,,,509.0,509.0,,,0.0,,,0.0
2025-06-12 09:00:00,,,,,,,509.0,509.0,,,0.0,,,0.0
2025-06-12 10:00:00,,,,,,,509.0,509.0,,,0.0,,,0.0
2025-06-12 11:00:00,,,,,,,509.0,509.0,,,0.0,,,0.0
2025-06-12 12:00:00,,,,,,,509.0,509.0,,,0.0,,,0.0
2025-06-12 13:00:00,,,,,,,509.0,509.0,,,0.0,,,0.0
2025-06-12 14:00:00,,,,,,,509.0,509.0,,,0.0,,,0.0
2025-06-12 15:00:00,,,,,,,509.0,509.0,,,0.0,,,0.0
2025-06-12 16:00:00,,,,,,,509.0,509.0,,,0.0,,,0.0
2025-06-12 17:00:00,,,,,,,1533.0,1533.0,,,0.0,,,0.0
2025-06-12 18:00:00,,,,,,,1533.0,1533.0,,,0.0,,,0.0
2025-06-12 19:00:00,,,,,,,1533.0,1533.0,,,0.0,,,0.0
2025-06-12 20:00:00,,,,,,,1533.0,1533.0,,,0.0,,,0.0
2025-06-12 21:00:00,,,,,,,1533.0,1533.0,,,0.0,,,0.0
2025-06-12 22:00:00,,,,,,,1533.0,1533.0,,,0.0,,,0.0
2025-06-12 23:00:00,,,,,,,1273.0,1273.0,,,0.0,,,0.0
2025-06-13 00:00:00,,,,,,,1533.0,1533.0,,,0.0,,,0.0
2025-06-13 01:00:00,,,,,,,1533.0,1533.0,,,0.0,,,0.0
2025-06-13 02:00:00,,,,,,,1533.0,1533.0,,,0.0,,,0.0
2025-06-13 03:00:00,,,,,,,1533.0,1533.0,,,0.0,,,0.0
2025-06-13 04:00:00,,,,,,,1533.0,1533.0,,,0.0,,,0.0
2025-06-13 05:00:00,,,,,,,1273.0,1273.0,,,0.0,,,0.0
2025-06-13 06:00:00,,,,,,,1533.0,1533.0,,,0.0,,,0.0
2025-06-13 07:00:00,,,,,,,509.0,509.0,,,0.0,,,0.0
2025-06-13 08:00:00,,,,,,,509.0,509.0,,,0.0,,,0.0
2025-06-13 09:00:00,,,,,,,509.0,509.0,,,0.0,,,0.0
2025-06-13 10:00:00,,,,,,,509.0,509.0,,,0.0,,,0.0
2025-06-13 11:00:00,,,,,,,509.0,509.0,,,0.0,,,0.0
2025-06-13 12:00:00,,,,,,,509.0,509.0,,,0.0,,,0.0
2025-06-13 13:00:00,,,,,,,509.0,509.0,,,0.0,,,0.0
2025-06-13 14:00:00,,,,,,,509.0,509.0,,,0.0,,,0.0
2025-06-13 15:00:00,,,,,,,509.0,509.0,,,0.0,,,0.0
2025-06-13 16:00:00,,,,,,,509.0,509.0,,,0.0,,,0.0
2025-06-13 17:00:00,,,,,,,1533.0,1533.0,,,0.0,,,0.0
2025-06-13 18:00:00,,,,,,,1529.0,1529.0,,,0.0,,,0.0
2025-06-13 19:00:00,,,,,,,1533.0,1533.0,,,0.0,,,0.0
2025-06-13 20:00:00,,,,,,,1529.0,1529.0,,,0.0,,,0.0
2025-06-13 21:00:00,,,,,,,1529.0,1529.0,,,0.0,,,0.0
2025-06-13 22:00:00,,,,,,,1533.0,1533.0,,,0.0,,,0.0
2025-06-13 23:00:00,,,,,,,1533.0,1533.0,,,0.0,,,0.0
2025-06-14 00:00:00,,,,,,,1533.0,1533.0,,,0.0,,,0.0
2025-06-14 01:00:00,,,,,,,1533.0,1533.0,,,0.0,,,0.0
2025-06-14 02:00:00,,,,,,,1533.0,1533.0,,,0.0,,,0.0
2025-06-14 03:00:00,,,,,,,1533.0,1533.0,,,0.0,,,0.0
2025-06-14 04:00:00,,,,,,,1533.0,1533.0,,,0.0,,,0.0
2025-06-14 05:00:00,,,,,,,1529.0,1529.0,,,0.0,,,0.0
2025-06-14 06:00:00,,,,,,,1533.0,1533.0,,,0.0,,,0.0
2025-06-14 07:00:00,,,,,,,509.0,509.0,,,0.0,,,0.0
2025-06-14 08:00:00,,,,,,,509.0,509.0,,,0.0,,,0.0
2025-06-14 09:00:00,,,,,,,509.0,509.0,,,0.0,,,0.0
2025-06-14 10:00:00,,,,,,,509.0,509.0,,,0.0,,,0.0
2025-06-14 11:00:00,,,,,,,509.0,509.0,,,0.0,,,0.0
2025-06-14 12:00:00,,,,,,,509.0,509.0,,,0.0,,,0.0
2025-06-14 13:00:00,,,,,,,509.0,509.0,,,0.0,,,0.0
2025-06-14 14:00:00,,,,,,,509.0,509.0,,,0.0,,,0.0
2025-06-14 15:00:00,,,,,,,509.0,509.0,,,0.0,,,0.0
2025-06-14 16:00:00,,,,,,,509.0,509.0,,,0.0,,,0.0
2025-06-14 17:00:00,,,,,,,1533.0,1533.0,,,0.0,,,0.0
2025-06-14 18:00:00,,,,,,,1533.0,1533.0,,,0.0,,,0.0
2025-06-14 19:00:00,,,,,,,1533.0,1533.0,,,0.0,,,0.0
2025-06-14 20:00:00,,,,,,,1533.0,1533.0,,,0.0,,,0.0
2025-06-14 21:00:00,,,,,,,1533.0,1533.0,,,0.0,,,0.0
2025-06-14 22:00:00,,,,,,,1533.0,1533.0,,,0.0,,,0.0
2025-06-14 23:00:00,,,,,,,1529.0,1529.0,,,0.0,,,0.0
2025-06-15 00:00:00,,,,,,,1533.0,1533.0,,,0.0,,,0.0
2025-06-15 01:00:00,,,,,,,1533.0,1533.0,,,0.0,,,0.0
2025-06-15 02:00:00,,,,,,,1533.0,1533.0,,,0.0,,,0.0
2025-06-15 03:00:00,,,,,,,1533.0,1533.0,,,0.0,,,0.0
2025-06-15 04:00:00,,,,,,,1533.0,1533.0,,,0.0,,,0.0
2025-06-15 05:00:00,,,,,,,1533.0,1533.0,,,0.0,,,0.0
2025-06-15 06:00:00,,,,,,,1533.0,1533.0,,,0.0,,,0.0
2025-06-15 07:00:00,,,,,,,505.0,505.0,,,0.0,,,0.0
2025-06-15 08:00:00,,,,,,,509.0,509.0,1.0906,0.0,1.0,0.4252,0.0,1.0
2025-06-15 09:00:00,,,,,,,509.0,509.0,,,0.0,,,0.0
2025-06-15 10:00:00,,,,,,,509.0,509.0,,,0.0,,,0.0
2025-06-15 11:00:00,,,,,,,509.0,509.0,,,0.0,,,0.0
2025-06-15 12:00:00,,,,,,,509.0,509.0,,,0.0,,,0.0
2025-06-15 13:00:00,,,,,,,509.0,509.0,,,0.0,,,0.0
2025-06-15 14:00:00,,,,,,,509.0,509.0,,,0.0,,,0.0
2025-06-15 15:00:00,,,,,,,509.0,509.0,,,0.0,,,0.0
2025-06-15 16:00:00,,,,,,,509.0,509.0,,,0.0,,,0.0
2025-06-15 17:00:00,,,,,,,1533.0,1533.0,,,0.0,,,0.0
2025-06-15 18:00:00,,,,,,,1533.0,1533.0,,,0.0,,,0.0
2025-06-15 19:00:00,,,,,,,1529.0,1529.0,,,0.0,,,0.0
2025-06-15 20:00:00,,,,,,,1533.0,1533.0,,,0.0,,,0.0
2025-06-15 21:00:00,,,,,,,1529.0,1529.0,,,0.0,,,0.0
2025-06-15 22:00:00,,,,,,,1529.0,1529.0,,,0.0,,,0.0
2025-06-15 23:00:00,,,,,,,1533.0,1533.0,,,0.0,,,0.0
2025-06-16 00:00:00,,,,,,,1273.0,1273.0,,,0.0,,,0.0
2025-06-16 01:00:00,,,,,,,1529.0,1529.0,,,0.0,,,0.0
2025-06-16 02:00:00,,,,,,,1273.0,1273.0,,,0.0,,,0.0
2025-06-16 03:00:00,,,,,,,1273.0,1273.0,,,0.0,,,0.0
2025-06-16 04:00:00,,,,,,,1273.0,1273.0,,,0.0,,,0.0
2025-06-16 05:00:00,,,,,,,1529.0,1529.0,,,0.0,,,0.0
2025-06-16 06:00:00,,,,,,,1533.0,1533.0,,,0.0,,,0.0
2025-06-16 07:00:00,,,,,,,509.0,509.0,,,0.0,,,0.0
2025-06-16 08:00:00,,,,,,,2553.0,2552.0,0.0822,0.064399995,6.0,0.9252,0.041099966,6.0
2025-06-16 09:00:00,,,,,,,505.0,504.0,0.0484,0.078999996,5.0,0.941,0.02520001,4.0
2025-06-16 10:00:00,,,,,,,505.0,505.0,0.0874,0.0252,5.0,0.95509994,0.013899982,5.0
2025-06-16 11:00:00,,,,,,,509.0,509.0,,,0.0,,,0.0
2025-06-16 12:00:00,,,,,,,509.0,509.0,,,0.0,,,0.0
2025-06-16 13:00:00,,,,,,,509.0,509.0,,,0.0,,,0.0
2025-06-16 14:00:00,,,,,,,509.0,509.0,,,0.0,,,0.0
2025-06-16 15:00:00,,,,,,,509.0,509.0,,,0.0,,,0.0
2025-06-16 16:00:00,,,,,,,509.0,509.0,,,0.0,,,0.0
2025-06-16 17:00:00,,,,,,,1533.0,1533.0,,,0.0,,,0.0
2025-06-16 18:00:00,,,,,,,1533.0,1533.0,,,0.0,,,0.0
2025-06-16 19:00:00,,,,,,,1533.0,1533.0,,,0.0,,,0.0
2025-06-16 20:00:00,,,,,,,1529.0,1529.0,,,0.0,,,0.0
2025-06-16 21:00:00,,,,,,,1529.0,1529.0,,,0.0,,,0.0
2025-06-16 22:00:00,,,,,,,1533.0,1533.0,,,0.0,,,0.0
2025-06-16 23:00:00,,,,,,,1533.0,1533.0,,,0.0,,,0.0
2025-06-17 00:00:00,,,,,,,1533.0,1533.0,,,0.0,,,0.0
2025-06-17 01:00:00,,,,,,,1533.0,1533.0,,,0.0,,,0.0
2025-06-17 02:00:00,,,,,,,1533.0,1533.0,,,0.0,,,0.0
2025-06-17 03:00:00,,,,,,,1533.0,1533.0,,,0.0,,,0.0
2025-06-17 04:00:00,,,,,,,1533.0,1533.0,,,0.0,,,0.0
2025-06-17 05:00:00,,,,,,,1533.0,1533.0,,,0.0,,,0.0
2025-06-17 06:00:00,,,,,,,1533.0,1533.0,,,0.0,,,0.0
2025-06-17 07:00:00,,,,,,,509.0,509.0,,,0.0,,,0.0
2025-06-17 08:00:00,,,,,,,509.0,509.0,,,0.0,,,0.0
2025-06-17 09:00:00,,,,,,,509.0,509.0,0.4262,0.0,1.0,0.98109996,0.0,1.0
2025-06-17 10:00:00,,,,,,,509.0,509.0,,,0.0,,,0.0
2025-06-17 11:00:00,,,,,,,509.0,509.0,,,0.0,,,0.0
2025-06-17 12:00:00,,,,,,,509.0,509.0,,,0.0,,,0.0
2025-06-17 13:00:00,,,,,,,509.0,509.0,,,0.0,,,0.0
2025-06-17 14:00:00,,,,,,,509.0,509.0,,,0.0,,,0.0
2025-06-17 15:00:00,,,,,,,509.0,509.0,,,0.0,,,0.0
2025-06-17 16:00:00,,,,,,,509.0,509.0,,,0.0,,,0.0
2025-06-17 17:00:00,,,,,,,1533.0,1533.0,0.41,0.0,1.0,0.9826,0.0,1.0
2025-06-17 18:00:00,,,,,,,1533.0,1533.0,,,0.0,,,0.0
2025-06-17 19:00:00,,,,,,,1533.0,1533.0,,,0.0,,,0.0
2025-06-17 20:00:00,,,,,,,1529.0,1529.0,,,0.0,,,0.0
2025-06-17 21:00:00,,,,,,,1533.0,1533.0,,,0.0,,,0.0
2025-06-17 22:00:00,,,,,,,1533.0,1533.0,,,0.0,,,0.0
2025-06-17 23:00:00,,,,,,,1533.0,1533.0,,,0.0,,,0.0
2025-06-18 00:00:00,,,,,,,1529.0,1529.0,,,0.0,,,0.0
2025-06-18 01:00:00,,,,,,,1533.0,1533.0,,,0.0,,,0.0
2025-06-18 02:00:00,,,,,,,1533.0,1533.0,,,0.0,,,0.0
2025-06-18 03:00:00,,,,,,,1533.0,1533.0,,,0.0,,,0.0
2025-06-18 04:00:00,,,,,,,1529.0,1529.0,,,0.0,,,0.0
2025-06-18 05:00:00,,,,,,,1533.0,1533.0,,,0.0,,,0.0
2025-06-18 06:00:00,,,,,,,1533.0,1533.0,,,0.0,,,0.0
2025-06-18 07:00:00,,,,,,,509.0,509.0,,,0.0,,,0.0
2025-06-18 08:00:00,,,,,,,2553.0,2552.0,1.018,0.15959999,3.0,0.9046999,0.23189998,3.0
2025-06-18 09:00:00,,,,,,,509.0,509.0,,,0.0,,,0.0
2025-06-18 10:00:00,,,,,,,509.0,509.0,1.0496,0.0,1.0,0.8722,0.0,1.0
2025-06-18 11:00:00,,,,,,,509.0,509.0,,,0.0,,,0.0
2025-06-18 12:00:00,,,,,,,509.0,509.0,,,0.0,,,0.0
2025-06-18 13:00:00,,,,,,,509.0,509.0,,,0.0,,,0.0
2025-06-18 14:00:00,,,,,,,509.0,509.0,,,0.0,,,0.0
2025-06-18 15:00:00,,,,,,,509.0,509.0,,,0.0,,,0.0
2025-06-18 16:00:00,,,,,,,509.0,509.0,,,0.0,,,0.0
2025-06-18 17:00:00,,,,,,,1533.0,1533.0,,,0.0,,,0.0
2025-06-18 18:00:00,,,,,,,1533.0,1533.0,,,0.0,,,0.0
2025-06-18 19:00:00,,,,,,,1533.0,1533.0,,,0.0,,,0.0
2025-06-18 20:00:00,,,,,,,1533.0,1533.0,,,0.0,,,0.0
2025-06-18 21:00:00,,,,,,,1529.0,1529.0,,,0.0,,,0.0
2025-06-18 22:00:00,,,,,,,1533.0,1533.0,,,0.0,,,0.0
2025-06-18 23:00:00,,,,,,,1533.0,1533.0,,,0.0,,,0.0
2025-06-19 00:00:00,,,,,,,1529.0,1529.0,,,0.0,,,0.0
2025-06-19 01:00:00,,,,,,,1533.0,1533.0,,,0.0,,,0.0
2025-06-19 02:00:00,,,,,,,1529.0,1529.0,,,0.0,,,0.0
2025-06-19 03:00:00,,,,,,,1533.0,1533.0,,,0.0,,,0.0
2025-06-19 04:00:00,,,,,,,1533.0,1533.0,,,0.0,,,0.0
2025-06-19 05:00:00,,,,,,,1529.0,1529.0,,,0.0,,,0.0
2025-06-19 06:00:00,,,,,,,1533.0,1533.0,,,0.0,,,0.0
2025-06-19 07:00:00,,,,,,,509.0,509.0,,,0.0,,,0.0
2025-06-19 08:00:00,,,,,,,509.0,509.0,,,0.0,,,0.0
2025-06-19 09:00:00,,,,,,,509.0,509.0,,,0.0,,,0.0
2025-06-19 10:00:00,,,,,,,509.0,509.0,,,0.0,,,0.0
2025-06-19 11:00:00,,,,,,,509.0,509.0,,,0.0,,,0.0
2025-06-19 12:00:00,,,,,,,509.0,509.0,,,0.0,,,0.0
2025-06-19 13:00:00,,,,,,,509.0,509.0,,,0.0,,,0.0
2025-06-19 14:00:00,,,,,,,509.0,509.0,,,0.0,,,0.0
2025-06-19 15:00:00,,,,,,,509.0,509.0,,,0.0,,,0.0
2025-06-19 16:00:00,,,,,,,509.0,509.0,,,0.0,,,0.0
2025-06-19 17:00:00,,,,,,,1533.0,1533.0,,,0.0,,,0.0
2025-06-19 18:00:00,,,,,,,1533.0,1533.0,,,0.0,,,0.0
2025-06-19 19:00:00,,,,,,,1533.0,1533.0,,,0.0,,,0.0
2025-06-19 20:00:00,,,,,,,1533.0,1533.0,,,0.0,,,0.0
2025-06-19 21:00:00,,,,,,,1533.0,1533.0,,,0.0,,,0.0
2025-06-19 22:00:00,,,,,,,1533.0,1533.0,,,0.0,,,0.0
2025-06-19 23:00:00,,,,,,,1533.0,1533.0,,,0.0,,,0.0
2025-06-20 00:00:00,,,,,,,1533.0,1533.0,,,0.0,,,0.0
2025-06-20 01:00:00,,,,,,,1533.0,1533.0,,,0.0,,,0.0
2025-06-20 02:00:00,,,,,,,1533.0,1533.0,,,0.0,,,0.0
2025-06-20 03:00:00,,,,,,,1533.0,1533.0,,,0.0,,,0.0
2025-06-20 04:00:00,,,,,,,1529.0,1529.0,,,0.0,,,0.0
2025-06-20 05:00:00,,,,,,,1533.0,1533.0,,,0.0,,,0.0
2025-06-20 06:00:00,,,,,,,1533.0,1533.0,,,0.0,,,0.0
2025-06-20 07:00:00,,,,,,,505.0,504.0,0.4068,0.0,1.0,0.9125999,0.0,1.0
2025-06-20 08:00:00,,,,,,,2297.0,2296.0,0.33859998,0.104399994,4.0,0.9668,0.007499993,4.0
2025-06-20 09:00:00,0.3398,,,,,,193.0,248.0,0.1206,0.088,6.0,0.95359993,0.003099978,6.0
2025-06-20 10:00:00,,,,,,,509.0,509.0,0.3892,0.0374,4.0,0.9144,0.014800012,4.0
2025-06-20 11:00:00,,,,,,,509.0,509.0,,,0.0,,,0.0
2025-06-20 12:00:00,,,,,,,505.0,505.0,,,0.0,,,0.0
2025-06-20 13:00:00,,,,,,,509.0,509.0,,,0.0,,,0.0
2025-06-20 14:00:00,,,,,,,509.0,509.0,,,0.0,,,0.0
2025-06-20 15:00:00,,,,,,,509.0,509.0,,,0.0,,,0.0
2025-06-20 16:00:00,,,,,,,509.0,509.0,,,0.0,,,0.0
2025-06-20 17:00:00,,,,,,,1533.0,1533.0,,,0.0,,,0.0
2025-06-20 18:00:00,,,,,,,1533.0,1533.0,,,0.0,,,0.0
2025-06-20 19:00:00,,,,,,,1533.0,1533.0,,,0.0,,,0.0
2025-06-20 20:00:00,,,,,,,1533.0,1533.0,,,0.0,,,0.0
2025-06-20 21:00:00,,,,,,,1533.0,1533.0,,,0.0,,,0.0
2025-06-20 22:00:00,,,,,,,1533.0,1533.0,,,0.0,,,0.0
2025-06-20 23:00:00,,,,,,,1533.0,1533.0,,,0.0,,,0.0
2025-06-21 00:00:00,,,,,,,1529.0,1529.0,,,0.0,,,0.0
2025-06-21 01:00:00,,,,,,,1273.0,1273.0,,,0.0,,,0.0
2025-06-21 02:00:00,,,,,,,1273.0,1273.0,,,0.0,,,0.0
2025-06-21 03:00:00,,,,,,,1273.0,1273.0,,,0.0,,,0.0
2025-06-21 04:00:00,,,,,,,1273.0,1273.0,,,0.0,,,0.0
2025-06-21 05:00:00,,,,,,,1273.0,1273.0,,,0.0,,,0.0
2025-06-21 06:00:00,,,,,,,1533.0,1533.0,,,0.0,,,0.0
2025-06-21 07:00:00,,,,,,,509.0,509.0,,,0.0,,,0.0
2025-06-21 08:00:00,,,,,,,509.0,509.0,,,0.0,,,0.0
2025-06-21 09:00:00,,,,,,,509.0,509.0,,,0.0,,,0.0
2025-06-21 10:00:00,,,,,,,2553.0,2552.0,0.41439998,0.4032,2.0,0.71229994,0.2202,2.0
2025-06-21 11:00:00,,,,,,,2553.0,2552.0,0.2766,0.0,1.0,0.9376,0.0,1.0
2025-06-21 12:00:00,,,,,,,509.0,509.0,0.5496,0.103199996,4.0,0.9728,0.013399959,4.0
2025-06-21 13:00:00,,,,,,,509.0,509.0,0.228,0.0,1.0,0.9749,0.0,1.0
2025-06-21 14:00:00,,,,,,,509.0,509.0,,,0.0,,,0.0
2025-06-21 15:00:00,,,,,,,509.0,509.0,,,0.0,,,0.0
2025-06-21 16:00:00,,,,,,,509.0,509.0,,,0.0,,,0.0
2025-06-21 17:00:00,,,,,,,1533.0,1533.0,,,0.0,,,0.0
2025-06-21 18:00:00,,,,,,,1533.0,1533.0,,,0.0,,,0.0
2025-06-21 19:00:00,,,,,,,1533.0,1533.0,,,0.0,,,0.0
2025-06-21 20:00:00,,,,,,,1533.0,1533.0,,,0.0,,,0.0
2025-06-21 21:00:00,,,,,,,1533.0,1533.0,,,0.0,,,0.0
2025-06-21 22:00:00,,,,,,,1529.0,1529.0,,,0.0,,,0.0
2025-06-21 23:00:00,,,,,,,1533.0,1533.0,,,0.0,,,0.0
2025-06-22 00:00:00,,,,,,,1533.0,1533.0,,,0.0,,,0.0
2025-06-22 01:00:00,,,,,,,1529.0,1529.0,,,0.0,,,0.0
2025-06-22 02:00:00,,,,,,,1533.0,1533.0,,,0.0,,,0.0
2025-06-22 03:00:00,,,,,,,1533.0,1533.0,,,0.0,,,0.0
2025-06-22 04:00:00,,,,,,,1533.0,1533.0,,,0.0,,,0.0
2025-06-22 05:00:00,,,,,,,1529.0,1529.0,,,0.0,,,0.0
2025-06-22 06:00:00,,,,,,,1533.0,1533.0,,,0.0,,,0.0
2025-06-22 07:00:00,,,,,,,1533.0,1533.0,,,0.0,,,0.0
2025-06-22 08:00:00,,,,,,,509.0,509.0,,,0.0,,,0.0
2025-06-22 09:00:00,,,,,,,509.0,509.0,,,0.0,,,0.0
2025-06-22 10:00:00,,,,,,,509.0,509.0,,,0.0,,,0.0
2025-06-22 11:00:00,,,,,,,509.0,509.0,,,0.0,,,0.0
2025-06-22 12:00:00,,,,,,,509.0,509.0,,,0.0,,,0.0
2025-06-22 13:00:00,,,,,,,509.0,509.0,,,0.0,,,0.0
2025-06-22 14:00:00,,,,,,,505.0,505.0,,,0.0,,,0.0
2025-06-22 15:00:00,,,,,,,509.0,509.0,,,0.0,,,0.0
2025-06-22 16:00:00,,,,,,,509.0,509.0,,,0.0,,,0.0
2025-06-22 17:00:00,,,,,,,1529.0,1529.0,,,0.0,,,0.0
2025-06-22 18:00:00,,,,,,,1533.0,1533.0,,,0.0,,,0.0
2025-06-22 19:00:00,,,,,,,1533.0,1533.0,,,0.0,,,0.0
2025-06-22 20:00:00,,,,,,,1533.0,1533.0,,,0.0,,,0.0
2025-06-22 21:00:00,,,,,,,1533.0,1533.0,,,0.0,,,0.0
2025-06-22 22:00:00,,,,,,,1533.0,1533.0,,,0.0,,,0.0
2025-06-22 23:00:00,,,,,,,1533.0,1533.0,,,0.0,,,0.0
2025-06-23 00:00:00,,,,,,,1533.0,1533.0,,,0.0,,,0.0
2025-06-23 01:00:00,,,,,,,1533.0,1533.0,,,0.0,,,0.0
2025-06-23 02:00:00,,,,,,,1529.0,1529.0,,,0.0,,,0.0
2025-06-23 03:00:00,,,,,,,1533.0,1533.0,,,0.0,,,0.0
2025-06-23 04:00:00,,,,,,,1529.0,1529.0,,,0.0,,,0.0
2025-06-23 05:00:00,,,,,,,1529.0,1529.0,,,0.0,,,0.0
2025-06-23 06:00:00,,,,,,,1533.0,1533.0,,,0.0,,,0.0
2025-06-23 07:00:00,,,,,,,1533.0,1533.0,,,0.0,,,0.0
2025-06-23 08:00:00,,,,,,,509.0,509.0,1.0438,0.0,1.0,0.7429999,0.0,1.0
2025-06-23 09:00:00,,,,,,,505.0,504.0,0.5348,0.1564,3.0,0.80799997,0.24039996,3.0
2025-06-23 10:00:00,,,,,,,509.0,509.0,,,0.0,,,0.0
2025-06-23 11:00:00,,,,,,,509.0,509.0,,,0.0,,,0.0
2025-06-23 12:00:00,,,,,,,509.0,509.0,,,0.0,,,0.0
2025-06-23 13:00:00,,,,,,,509.0,509.0,,,0.0,,,0.0
2025-06-23 14:00:00,,,,,,,509.0,509.0,,,0.0,,,0.0
2025-06-23 15:00:00,,,,,,,509.0,509.0,,,0.0,,,0.0
2025-06-23 16:00:00,,,,,,,509.0,509.0,,,0.0,,,0.0
2025-06-23 17:00:00,,,,,,,1533.0,1533.0,,,0.0,,,0.0
2025-06-23 18:00:00,,,,,,,1533.0,1533.0,,,0.0,,,0.0
2025-06-23 19:00:00,,,,,,,1533.0,1533.0,,,0.0,,,0.0
2025-06-23 20:00:00,,,,,,,1529.0,1529.0,,,0.0,,,0.0
2025-06-23 21:00:00,,,,,,,1533.0,1533.0,,,0.0,,,0.0
2025-06-23 22:00:00,,,,,,,1529.0,1529.0,,,0.0,,,0.0
2025-06-23 23:00:00,,,,,,,1529.0,1529.0,,,0.0,,,0.0
2025-06-24 00:00:00,,,,,,,1533.0,1533.0,,,0.0,,,0.0
2025-06-24 01:00:00,,,,,,,1529.0,1529.0,,,0.0,,,0.0
2025-06-24 02:00:00,,,,,,,1533.0,1533.0,,,0.0,,,0.0
2025-06-24 03:00:00,,,,,,,1529.0,1529.0,,,0.0,,,0.0
2025-06-24 04:00:00,,,,,,,1529.0,1529.0,,,0.0,,,0.0
2025-06-24 05:00:00,,,,,,,1533.0,1533.0,,,0.0,,,0.0
2025-06-24 06:00:00,,,,,,,1533.0,1533.0,,,0.0,,,0.0
2025-06-24 07:00:00,,,,,,,1529.0,1529.0,,,0.0,,,0.0
2025-06-24 08:00:00,,,,,,,505.0,505.0,,,0.0,,,0.0
2025-06-24 09:00:00,,,,,,,509.0,509.0,0.84419996,0.025999999,3.0,0.91209996,0.031199992,3.0
2025-06-24 10:00:00,,,,,,,509.0,509.0,,,0.0,,,0.0
2025-06-24 11:00:00,,,,,,,509.0,509.0,,,0.0,,,0.0
2025-06-24 12:00:00,,,,,,,509.0,509.0,,,0.0,,,0.0
2025-06-24 13:00:00,,,,,,,509.0,509.0,,,0.0,,,0.0
2025-06-24 14:00:00,,,,,,,509.0,509.0,,,0.0,,,0.0
2025-06-24 15:00:00,,,,,,,509.0,509.0,,,0.0,,,0.0
2025-06-24 16:00:00,,,,,,,509.0,509.0,,,0.0,,,0.0
2025-06-24 17:00:00,,,,,,,1533.0,1533.0,,,0.0,,,0.0
2025-06-24 18:00:00,,,,,,,1533.0,1533.0,,,0.0,,,0.0
2025-06-24 19:00:00,,,,,,,1533.0,1533.0,,,0.0,,,0.0
2025-06-24 20:00:00,,,,,,,1533.0,1533.0,,,0.0,,,0.0
2025-06-24 21:00:00,,,,,,,1529.0,1529.0,,,0.0,,,0.0
2025-06-24 22:00:00,,,,,,,1529.0,1529.0,,,0.0,,,0.0
2025-06-24 23:00:00,,,,,,,1533.0,1533.0,,,0.0,,,0.0
2025-06-25 00:00:00,,,,,,,1529.0,1529.0,,,0.0,,,0.0
2025-06-25 01:00:00,,,,,,,1273.0,1273.0,,,0.0,,,0.0
2025-06-25 02:00:00,,,,,,,1529.0,1529.0,,,0.0,,,0.0
2025-06-25 03:00:00,,,,,,,1533.0,1533.0,,,0.0,,,0.0
2025-06-25 04:00:00,,,,,,,1533.0,1533.0,,,0.0,,,0.0
2025-06-25 05:00:00,,,,,,,1533.0,1533.0,,,0.0,,,0.0
2025-06-25 06:00:00,,,,,,,1533.0,1533.0,,,0.0,,,0.0
2025-06-25 07:00:00,,,,,,,1533.0,1533.0,,,0.0,,,0.0
2025-06-25 08:00:00,,,,,,,509.0,509.0,1.0784,0.0,1.0,0.5432,0.0,1.0
2025-06-25 09:00:00,,,,,,,509.0,509.0,,,0.0,,,0.0
2025-06-25 10:00:00,,,,,,,509.0,509.0,,,0.0,,,0.0
2025-06-25 11:00:00,,,,,,,509.0,509.0,,,0.0,,,0.0
2025-06-25 12:00:00,,,,,,,509.0,509.0,,,0.0,,,0.0
2025-06-25 13:00:00,,,,,,,509.0,509.0,,,0.0,,,0.0
2025-06-25 14:00:00,,,,,,,509.0,509.0,,,0.0,,,0.0
2025-06-25 15:00:00,,,,,,,509.0,509.0,,,0.0,,,0.0
2025-06-25 16:00:00,,,,,,,509.0,509.0,,,0.0,,,0.0
2025-06-25 17:00:00,,,,,,,1533.0,1533.0,,,0.0,,,0.0
2025-06-25 18:00:00,,,,,,,1533.0,1533.0,,,0.0,,,0.0
2025-06-25 19:00:00,,,,,,,1533.0,1533.0,,,0.0,,,0.0
2025-06-25 20:00:00,,,,,,,1529.0,1529.0,,,0.0,,,0.0
2025-06-25 21:00:00,,,,,,,1533.0,1533.0,,,0.0,,,0.0
2025-06-25 22:00:00,,,,,,,1533.0,1533.0,,,0.0,,,0.0
2025-06-25 23:00:00,,,,,,,1533.0,1533.0,,,0.0,,,0.0
2025-06-26 00:00:00,,,,,,,1529.0,1529.0,,,0.0,,,0.0
2025-06-26 01:00:00,,,,,,,1533.0,1533.0,,,0.0,,,0.0
2025-06-26 02:00:00,,,,,,,1529.0,1529.0,,,0.0,,,0.0
2025-06-26 03:00:00,,,,,,,1533.0,1533.0,,,0.0,,,0.0
2025-06-26 04:00:00,,,,,,,1533.0,1533.0,,,0.0,,,0.0
2025-06-26 05:00:00,,,,,,,1529.0,1529.0,,,0.0,,,0.0
2025-06-26 06:00:00,,,,,,,1533.0,1533.0,,,0.0,,,0.0
2025-06-26 07:00:00,,,,,,,1533.0,1533.0,,,0.0,,,0.0
2025-06-26 08:00:00,,,,,,,509.0,509.0,,,0.0,,,0.0
2025-06-26 09:00:00,,,,,,,509.0,509.0,0.8088,0.0,1.0,0.9555999,0.0,1.0
2025-06-26 10:00:00,,,,,,,509.0,509.0,,,0.0,,,0.0
2025-06-26 11:00:00,,,,,,,509.0,509.0,,,0.0,,,0.0
2025-06-26 12:00:00,,,,,,,509.0,509.0,,,0.0,,,0.0
2025-06-26 13:00:00,,,,,,,509.0,509.0,,,0.0,,,0.0
2025-06-26 14:00:00,,,,,,,509.0,509.0,,,0.0,,,0.0
2025-06-26 15:00:00,,,,,,,509.0,509.0,,,0.0,,,0.0
2025-06-26 16:00:00,,,,,,,509.0,509.0,,,0.0,,,0.0
2025-06-26 17:00:00,,,,,,,1533.0,1533.0,,,0.0,,,0.0
2025-06-26 18:00:00,,,,,,,1533.0,1533.0,,,0.0,,,0.0
2025-06-26 19:00:00,,,,,,,1533.0,1533.0,,,0.0,,,0.0
2025-06-26 20:00:00,,,,,,,1533.0,1533.0,,,0.0,,,0.0
2025-06-26 21:00:00,,,,,,,1533.0,1533.0,,,0.0,,,0.0
2025-06-26 22:00:00,,,,,,,1529.0,1529.0,,,0.0,,,0.0
2025-06-26 23:00:00,,,,,,,1533.0,1533.0,,,0.0,,,0.0
2025-06-27 00:00:00,,,,,,,1533.0,1533.0,,,0.0,,,0.0
2025-06-27 01:00:00,,,,,,,1533.0,1533.0,,,0.0,,,0.0
2025-06-27 02:00:00,,,,,,,1533.0,1533.0,,,0.0,,,0.0
2025-06-27 03:00:00,,,,,,,1533.0,1533.0,,,0.0,,,0.0
2025-06-27 04:00:00,,,,,,,1533.0,1533.0,,,0.0,,,0.0
2025-06-27 05:00:00,,,,,,,1529.0,1529.0,,,0.0,,,0.0
2025-06-27 06:00:00,,,,,,,1533.0,1533.0,,,0.0,,,0.0
2025-06-27 07:00:00,,,,,,,1529.0,1529.0,,,0.0,,,0.0
2025-06-27 08:00:00,0.3326,,,,,,2241.0,2296.0,0.3162,0.086799994,6.0,0.80149996,0.03639996,6.0
2025-06-27 09:00:00,,,,,,,509.0,509.0,0.649,0.0,1.0,0.8521,0.0,1.0
2025-06-27 10:00:00,,,,,,,509.0,509.0,,,0.0,,,0.0
2025-06-27 11:00:00,,,,,,,509.0,509.0,,,0.0,,,0.0
2025-06-27 12:00:00,,,,,,,509.0,509.0,,,0.0,,,0.0
2025-06-27 13:00:00,,,,,,,509.0,509.0,,,0.0,,,0.0
2025-06-27 14:00:00,,,,,,,509.0,509.0,,,0.0,,,0.0
2025-06-27 15:00:00,,,,,,,509.0,509.0,,,0.0,,,0.0
2025-06-27 16:00:00,,,,,,,509.0,509.0,,,0.0,,,0.0
2025-06-27 17:00:00,,,,,,,1533.0,1533.0,,,0.0,,,0.0
2025-06-27 18:00:00,,,,,,,1533.0,1533.0,,,0.0,,,0.0
2025-06-27 19:00:00,,,,,,,1533.0,1533.0,,,0.0,,,0.0
2025-06-27 20:00:00,,,,,,,1529.0,1529.0,,,0.0,,,0.0
2025-06-27 21:00:00,,,,,,,1529.0,1529.0,,,0.0,,,0.0
2025-06-27 22:00:00,,,,,,,1533.0,1533.0,,,0.0,,,0.0
2025-06-27 23:00:00,,,,,,,1533.0,1533.0,,,0.0,,,0.0
2025-06-28 00:00:00,,,,,,,1273.0,1273.0,,,0.0,,,0.0
2025-06-28 01:00:00,,,,,,,1273.0,1273.0,,,0.0,,,0.0
2025-06-28 02:00:00,,,,,,,1533.0,1533.0,,,0.0,,,0.0
2025-06-28 03:00:00,,,,,,,1529.0,1529.0,,,0.0,,,0.0
2025-06-28 04:00:00,,,,,,,1533.0,1533.0,,,0.0,,,0.0
2025-06-28 05:00:00,,,,,,,1533.0,1533.0,,,0.0,,,0.0
2025-06-28 06:00:00,,,,,,,1529.0,1529.0,,,0.0,,,0.0
2025-06-28 07:00:00,,,,,,,1273.0,1273.0,,,0.0,,,0.0
2025-06-28 08:00:00,0.219,,,,,,449.0,504.0,0.4076,0.13859999,6.0,0.87029994,0.043900013,6.0
2025-06-28 09:00:00,,,,,,,505.0,504.0,0.36659998,0.21079999,3.0,0.8628,0.059300005,3.0
2025-06-28 10:00:00,,,,,,,509.0,509.0,,,0.0,,,0.0
2025-06-28 11:00:00,,,,,,,509.0,509.0,,,0.0,,,0.0
2025-06-28 12:00:00,,,,,,,509.0,509.0,,,0.0,,,0.0
2025-06-28 13:00:00,,,,,,,509.0,509.0,,,0.0,,,0.0
2025-06-28 14:00:00,,,,,,,509.0,509.0,,,0.0,,,0.0
2025-06-28 15:00:00,,,,,,,509.0,509.0,,,0.0,,,0.0
2025-06-28 16:00:00,,,,,,,509.0,509.0,,,0.0,,,0.0
2025-06-28 17:00:00,,,,,,,1533.0,1533.0,,,0.0,,,0.0
2025-06-28 18:00:00,,,,,,,1533.0,1533.0,,,0.0,,,0.0
2025-06-28 19:00:00,,,,,,,1533.0,1533.0,,,0.0,,,0.0
2025-06-28 20:00:00,,,,,,,1533.0,1533.0,,,0.0,,,0.0
2025-06-28 21:00:00,,,,,,,1533.0,1533.0,,,0.0,,,0.0
2025-06-28 22:00:00,,,,,,,1529.0,1529.0,,,0.0,,,0.0
2025-06-28 23:00:00,,,,,,,1273.0,1273.0,,,0.0,,,0.0
2025-06-29 00:00:00,,,,,,,1529.0,1529.0,,,0.0,,,0.0
2025-06-29 01:00:00,,,,,,,1533.0,1533.0,,,0.0,,,0.0
2025-06-29 02:00:00,,,,,,,1529.0,1529.0,,,0.0,,,0.0
2025-06-29 03:00:00,,,,,,,1533.0,1533.0,,,0.0,,,0.0
2025-06-29 04:00:00,,,,,,,1533.0,1533.0,,,0.0,,,0.0
2025-06-29 05:00:00,,,,,,,1533.0,1533.0,,,0.0,,,0.0
2025-06-29 06:00:00,,,,,,,1533.0,1533.0,,,0.0,,,0.0
2025-06-29 07:00:00,,,,,,,1533.0,1533.0,,,0.0,,,0.0
2025-06-29 08:00:00,,,,,,,509.0,509.0,,,0.0,,,0.0
2025-06-29 09:00:00,,,,,,,509.0,509.0,,,0.0,,,0.0
2025-06-29 10:00:00,,,,,,,509.0,509.0,,,0.0,,,0.0
2025-06-29 11:00:00,,,,,,,509.0,509.0,,,0.0,,,0.0
2025-06-29 12:00:00,,,,,,,509.0,509.0,,,0.0,,,0.0
2025-06-29 13:00:00,,,,,,,509.0,509.0,,,0.0,,,0.0
2025-06-29 14:00:00,,,,,,,509.0,509.0,,,0.0,,,0.0
2025-06-29 15:00:00,,,,,,,509.0,509.0,,,0.0,,,0.0
2025-06-29 16:00:00,,,,,,,509.0,509.0,,,0.0,,,0.0
2025-06-29 17:00:00,,,,,,,1529.0,1529.0,,,0.0,,,0.0
2025-06-29 18:00:00,,,,,,,1533.0,1533.0,,,0.0,,,0.0
2025-06-29 19:00:00,,,,,,,1273.0,1273.0,,,0.0,,,0.0
2025-06-29 20:00:00,,,,,,,1273.0,1273.0,,,0.0,,,0.0
2025-06-29 21:00:00,,,,,,,1273.0,1273.0,,,0.0,,,0.0
2025-06-29 22:00:00,,,,,,,1273.0,1273.0,,,0.0,,,0.0
2025-06-29 23:00:00,,,,,,,1273.0,1273.0,,,0.0,,,0.0
2025-06-30 00:00:00,,,,,,,1273.0,1273.0,,,0.0,,,0.0
2025-06-30 01:00:00,,,,,,,1529.0,1529.0,,,0.0,,,0.0
2025-06-30 02:00:00,,,,,,,1533.0,1533.0,,,0.0,,,0.0
2025-06-30 03:00:00,,,,,,,1529.0,1529.0,,,0.0,,,0.0
2025-06-30 04:00:00,,,,,,,1273.0,1273.0,,,0.0,,,0.0
2025-06-30 05:00:00,,,,,,,1273.0,1273.0,,,0.0,,,0.0
2025-06-30 06:00:00,,,,,,,1529.0,1529.0,,,0.0,,,0.0
2025-06-30 07:00:00,,,,,,,1533.0,1533.0,,,0.0,,,0.0
2025-06-30 08:00:00,,,,,,,2553.0,2552.0,0.1858,0.0,1.0,0.7379999,0.0,1.0
2025-06-30 09:00:00,,,,,,,505.0,504.0,0.0011999999,0.00059999997,3.0,0.6931,0.00029999018,2.0
2025-06-30 10:00:00,,,,,,,505.0,504.0,0.0738,0.0648,5.0,0.71029997,0.0069000125,4.0
2025-06-30 11:00:00,,,,,,,2553.0,2552.0,0.0796,0.0692,2.0,0.73679996,0.0018999577,2.0
2025-06-30 12:00:00,,,,,,,509.0,509.0,0.2838,0.0,1.0,0.7385,0.0,1.0
2025-06-30 13:00:00,,,,,,,505.0,505.0,0.1594,0.0,1.0,0.75319993,0.0,1.0
2025-06-30 14:00:00,,,,,,,509.0,509.0,0.0026,0.0,1.0,0.7248,0.0,1.0
2025-06-30 15:00:00,,,,,,,509.0,509.0,,,0.0,,,0.0
2025-06-30 16:00:00,,,,,,,509.0,509.0,,,0.0,,,0.0
2025-06-30 17:00:00,,,,,,,1533.0,1533.0,,,0.0,,,0.0
2025-06-30 18:00:00,,,,,,,1533.0,1533.0,,,0.0,,,0.0
2025-06-30 19:00:00,,,,,,,1533.0,1533.0,,,0.0,,,0.0
2025-06-30 20:00:00,,,,,,,1273.0,1273.0,,,0.0,,,0.0
2025-06-30 21:00:00,,,,,,,1529.0,1529.0,,,0.0,,,0.0
2025-06-30 22:00:00,,,,,,,1273.0,1273.0,,,0.0,,,0.0
2025-06-30 23:00:00,,,,,,,1529.0,1529.0,,,0.0,,,0.0
2025-07-01 00:00:00,,,,,,,1533.0,1533.0,,,0.0,,,0.0
2025-07-01 01:00:00,,,,,,,1533.0,1533.0,,,0.0,,,0.0
2025-07-01 02:00:00,,,,,,,1533.0,1533.0,,,0.0,,,0.0
2025-07-01 03:00:00,,,,,,,1533.0,1533.0,,,0.0,,,0.0
2025-07-01 04:00:00,,,,,,,1533.0,1533.0,,,0.0,,,0.0
2025-07-01 05:00:00,,,,,,,1533.0,1533.0,,,0.0,,,0.0
2025-07-01 06:00:00,,,,,,,1533.0,1533.0,,,0.0,,,0.0
2025-07-01 07:00:00,,,,,,,1529.0,1529.0,,,0.0,,,0.0
2025-07-01 08:00:00,,,,,,,505.0,504.0,0.42499998,0.072799996,4.0,0.66929996,0.04909998,4.0
2025-07-01 09:00:00,,,,,,,509.0,509.0,0.7012,0.0,1.0,0.5977,0.0,1.0
2025-07-01 10:00:00,,,,,,,509.0,509.0,0.85679996,0.0094,3.0,0.597,0.039499998,3.0
2025-07-01 11:00:00,,,,,,,509.0,509.0,,,0.0,,,0.0
2025-07-01 12:00:00,,,,,,,509.0,509.0,,,0.0,,,0.0
2025-07-01 13:00:00,,,,,,,509.0,509.0,,,0.0,,,0.0
2025-07-01 14:00:00,,,,,,,505.0,505.0,0.35599998,0.03,2.0,0.7085999,0.024399996,2.0
2025-07-01 15:00:00,,,,,,,509.0,509.0,,,0.0,,,0.0
2025-07-01 16:00:00,,,,,,,509.0,509.0,,,0.0,,,0.0
2025-07-01 17:00:00,,,,,,,1533.0,1533.0,,,0.0,,,0.0
2025-07-01 18:00:00,,,,,,,1533.0,1533.0,,,0.0,,,0.0
2025-07-01 19:00:00,,,,,,,1533.0,1533.0,,,0.0,,,0.0
2025-07-01 20:00:00,,,,,,,1533.0,1533.0,,,0.0,,,0.0
2025-07-01 21:00:00,,,,,,,1533.0,1533.0,,,0.0,,,0.0
2025-07-01 22:00:00,,,,,,,1533.0,1533.0,,,0.0,,,0.0
2025-07-01 23:00:00,,,,,,,1533.0,1533.0,,,0.0,,,0.0
2025-07-02 00:00:00,,,,,,,1533.0,1533.0,,,0.0,,,0.0
2025-07-02 01:00:00,,,,,,,1529.0,1529.0,,,0.0,,,0.0
2025-07-02 02:00:00,,,,,,,1529.0,1529.0,,,0.0,,,0.0
2025-07-02 03:00:00,,,,,,,1529.0,1529.0,,,0.0,,,0.0
2025-07-02 04:00:00,,,,,,,1533.0,1533.0,,,0.0,,,0.0
2025-07-02 05:00:00,,,,,,,1533.0,1533.0,,,0.0,,,0.0
2025-07-02 06:00:00,,,,,,,1533.0,1533.0,,,0.0,,,0.0
2025-07-02 07:00:00,,,,,,,1533.0,1533.0,,,0.0,,,0.0
2025-07-02 08:00:00,,,,,,,509.0,509.0,,,0.0,,,0.0
2025-07-02 09:00:00,,,,,,,509.0,509.0,,,0.0,,,0.0
2025-07-02 10:00:00,,,,,,,505.0,505.0,,,0.0,,,0.0
2025-07-02 11:00:00,,,,,,,509.0,509.0,,,0.0,,,0.0
2025-07-02 12:00:00,,,,,,,509.0,509.0,,,0.0,,,0.0
2025-07-02 13:00:00,,,,,,,509.0,509.0,,,0.0,,,0.0
2025-07-02 14:00:00,,,,,,,509.0,509.0,,,0.0,,,0.0
2025-07-02 15:00:00,,,,,,,509.0,509.0,,,0.0,,,0.0
2025-07-02 16:00:00,,,,,,,509.0,509.0,,,0.0,,,0.0
2025-07-02 17:00:00,,,,,,,1533.0,1533.0,0.5672,0.0,1.0,0.8047999,0.0,1.0
2025-07-02 18:00:00,,,,,,,1533.0,1533.0,,,0.0,,,0.0
2025-07-02 19:00:00,,,,,,,1529.0,1529.0,,,0.0,,,0.0
2025-07-02 20:00:00,,,,,,,1533.0,1533.0,,,0.0,,,0.0
2025-07-02 21:00:00,,,,,,,1529.0,1529.0,,,0.0,,,0.0
2025-07-02 22:00:00,,,,,,,1533.0,1533.0,,,0.0,,,0.0
2025-07-02 23:00:00,,,,,,,1529.0,1529.0,,,0.0,,,0.0
2025-07-03 00:00:00,,,,,,,1533.0,1533.0,,,0.0,,,0.0
2025-07-03 01:00:00,,,,,,,1533.0,1533.0,,,0.0,,,0.0
2025-07-03 02:00:00,,,,,,,1533.0,1533.0,,,0.0,,,0.0
2025-07-03 03:00:00,,,,,,,1533.0,1533.0,,,0.0,,,0.0
2025-07-03 04:00:00,,,,,,,1529.0,1529.0,,,0.0,,,0.0
2025-07-03 05:00:00,,,,,,,1533.0,1533.0,,,0.0,,,0.0
2025-07-03 06:00:00,,,,,,,1533.0,1533.0,,,0.0,,,0.0
2025-07-03 07:00:00,,,,,,,1533.0,1533.0,,,0.0,,,0.0
2025-07-03 08:00:00,,,,,,,509.0,509.0,,,0.0,,,0.0
2025-07-03 09:00:00,,,,,,,509.0,509.0,,,0.0,,,0.0
2025-07-03 10:00:00,,,,,,,509.0,509.0,,,0.0,,,0.0
2025-07-03 11:00:00,,,,,,,509.0,509.0,,,0.0,,,0.0
2025-07-03 12:00:00,,,,,,,509.0,509.0,,,0.0,,,0.0
2025-07-03 13:00:00,,,,,,,509.0,509.0,,,0.0,,,0.0
2025-07-03 14:00:00,,,,,,,509.0,509.0,,,0.0,,,0.0
2025-07-03 15:00:00,,,,,,,509.0,509.0,,,0.0,,,0.0
2025-07-03 16:00:00,,,,,,,509.0,509.0,,,0.0,,,0.0
2025-07-03 17:00:00,,,,,,,1533.0,1533.0,,,0.0,,,0.0
2025-07-03 18:00:00,,,,,,,1533.0,1533.0,,,0.0,,,0.0
2025-07-03 19:00:00,,,,,,,1529.0,1529.0,,,0.0,,,0.0
2025-07-03 20:00:00,,,,,,,1533.0,1533.0,,,0.0,,,0.0
2025-07-03 21:00:00,,,,,,,1533.0,1533.0,,,0.0,,,0.0
2025-07-03 22:00:00,,,,,,,1529.0,1529.0,,,0.0,,,0.0
2025-07-03 23:00:00,,,,,,,1533.0,1533.0,,,0.0,,,0.0
2025-07-04 00:00:00,,,,,,,1533.0,1533.0,,,0.0,,,0.0
2025-07-04 01:00:00,,,,,,,1533.0,1533.0,,,0.0,,,0.0
2025-07-04 02:00:00,,,,,,,1533.0,1533.0,,,0.0,,,0.0
2025-07-04 03:00:00,,,,,,,1533.0,1533.0,,,0.0,,,0.0
2025-07-04 04:00:00,,,,,,,1533.0,1533.0,,,0.0,,,0.0
2025-07-04 05:00:00,,,,,,,1529.0,1529.0,,,0.0,,,0.0
2025-07-04 06:00:00,,,,,,,1533.0,1533.0,,,0.0,,,0.0
2025-07-04 07:00:00,,,,,,,1533.0,1533.0,,,0.0,,,0.0
2025-07-04 08:00:00,,,,,,,509.0,509.0,,,0.0,,,0.0
2025-07-04 09:00:00,,,,,,,505.0,505.0,0.3946,0.0852,2.0,1.0047,0.043900013,2.0
2025-07-04 10:00:00,,,,,,,509.0,509.0,0.4948,0.0,1.0,0.9204,0.0,1.0
2025-07-04 11:00:00,,,,,,,509.0,509.0,0.4226,0.0,1.0,0.7846,0.0,1.0
2025-07-04 12:00:00,,,,,,,509.0,509.0,,,0.0,,,0.0
2025-07-04 13:00:00,,,,,,,509.0,509.0,,,0.0,,,0.0
2025-07-04 14:00:00,,,,,,,509.0,509.0,,,0.0,,,0.0
2025-07-04 15:00:00,,,,,,,509.0,509.0,,,0.0,,,0.0
2025-07-04 16:00:00,,,,,,,505.0,505.0,,,0.0,,,0.0
2025-07-04 17:00:00,,,,,,,1533.0,1533.0,,,0.0,,,0.0
2025-07-04 18:00:00,,,,,,,1533.0,1533.0,,,0.0,,,0.0
2025-07-04 19:00:00,,,,,,,1533.0,1533.0,,,0.0,,,0.0
2025-07-04 20:00:00,,,,,,,1529.0,1529.0,,,0.0,,,0.0
2025-07-04 21:00:00,,,,,,,1533.0,1533.0,,,0.0,,,0.0
2025-07-04 22:00:00,,,,,,,1533.0,1533.0,,,0.0,,,0.0
2025-07-04 23:00:00,,,,,,,1529.0,1529.0,,,0.0,,,0.0
2025-07-05 00:00:00,,,,,,,1529.0,1529.0,,,0.0,,,0.0
2025-07-05 01:00:00,,,,,,,1273.0,1273.0,,,0.0,,,0.0
2025-07-05 02:00:00,,,,,,,1533.0,1533.0,,,0.0,,,0.0
2025-07-05 03:00:00,,,,,,,1533.0,1533.0,,,0.0,,,0.0
2025-07-05 04:00:00,,,,,,,1529.0,1529.0,,,0.0,,,0.0
2025-07-05 05:00:00,,,,,,,1533.0,1533.0,,,0.0,,,0.0
2025-07-05 06:00:00,,,,,,,1533.0,1533.0,,,0.0,,,0.0
2025-07-05 07:00:00,,,,,,,1533.0,1533.0,,,0.0,,,0.0
2025-07-05 08:00:00,,,,,,,509.0,509.0,,,0.0,,,0.0
2025-07-05 09:00:00,,,,,,,509.0,509.0,,,0.0,,,0.0
2025-07-05 10:00:00,,,,,,,509.0,509.0,,,0.0,,,0.0
2025-07-05 11:00:00,,,,,,,509.0,509.0,,,0.0,,,0.0
2025-07-05 12:00:00,,,,,,,509.0,509.0,,,0.0,,,0.0
2025-07-05 13:00:00,,,,,,,509.0,509.0,,,0.0,,,0.0
2025-07-05 14:00:00,,,,,,,509.0,509.0,,,0.0,,,0.0
2025-07-05 15:00:00,,,,,,,509.0,509.0,,,0.0,,,0.0
2025-07-05 16:00:00,,,,,,,509.0,509.0,0.0402,0.0,1.0,0.8713,0.0,1.0
2025-07-05 17:00:00,,,,,,,1533.0,1533.0,,,0.0,,,0.0
2025-07-05 18:00:00,,,,,,,1533.0,1533.0,,,0.0,,,0.0
2025-07-05 19:00:00,,,,,,,1529.0,1529.0,,,0.0,,,0.0
2025-07-05 20:00:00,,,,,,,1533.0,1533.0,,,0.0,,,0.0
2025-07-05 21:00:00,,,,,,,1533.0,1533.0,,,0.0,,,0.0
2025-07-05 22:00:00,,,,,,,1533.0,1533.0,,,0.0,,,0.0
2025-07-05 23:00:00,,,,,,,1533.0,1533.0,,,0.0,,,0.0
2025-07-06 00:00:00,,,,,,,1533.0,1533.0,,,0.0,,,0.0
2025-07-06 01:00:00,,,,,,,1533.0,1533.0,,,0.0,,,0.0
2025-07-06 02:00:00,,,,,,,1533.0,1533.0,,,0.0,,,0.0
2025-07-06 03:00:00,,,,,,,1533.0,1533.0,,,0.0,,,0.0
2025-07-06 04:00:00,,,,,,,1533.0,1533.0,,,0.0,,,0.0
2025-07-06 05:00:00,,,,,,,1533.0,1533.0,,,0.0,,,0.0
2025-07-06 06:00:00,,,,,,,1529.0,1529.0,,,0.0,,,0.0
2025-07-06 07:00:00,,,,,,,1533.0,1533.0,,,0.0,,,0.0
2025-07-06 08:00:00,,,,,,,509.0,509.0,,,0.0,,,0.0
2025-07-06 09:00:00,,,,,,,505.0,504.0,0.8006,0.0,1.0,0.702,0.0,1.0
2025-07-06 10:00:00,,,,,,,509.0,509.0,,,0.0,,,0.0
2025-07-06 11:00:00,,,,,,,509.0,509.0,,,0.0,,,0.0
2025-07-06 12:00:00,,,,,,,509.0,509.0,,,0.0,,,0.0
2025-07-06 13:00:00,,,,,,,509.0,509.0,,,0.0,,,0.0
2025-07-06 14:00:00,,,,,,,509.0,509.0,,,0.0,,,0.0
2025-07-06 15:00:00,,,,,,,509.0,509.0,,,0.0,,,0.0
2025-07-06 16:00:00,,,,,,,509.0,509.0,,,0.0,,,0.0
2025-07-06 17:00:00,,,,,,,1533.0,1533.0,,,0.0,,,0.0
2025-07-06 18:00:00,,,,,,,1533.0,1533.0,,,0.0,,,0.0
2025-07-06 19:00:00,,,,,,,1533.0,1533.0,,,0.0,,,0.0
2025-07-06 20:00:00,,,,,,,1533.0,1533.0,,,0.0,,,0.0
2025-07-06 21:00:00,,,,,,,1533.0,1533.0,,,0.0,,,0.0
2025-07-06 22:00:00,,,,,,,1533.0,1533.0,,,0.0,,,0.0
2025-07-06 23:00:00,,,,,,,1533.0,1533.0,,,0.0,,,0.0
2025-07-07 00:00:00,,,,,,,1533.0,1533.0,,,0.0,,,0.0
2025-07-07 01:00:00,,,,,,,1533.0,1533.0,,,0.0,,,0.0
2025-07-07 02:00:00,,,,,,,1533.0,1533.0,,,0.0,,,0.0
2025-07-07 03:00:00,,,,,,,1533.0,1533.0,,,0.0,,,0.0
2025-07-07 04:00:00,,,,,,,1533.0,1533.0,,,0.0,,,0.0
2025-07-07 05:00:00,,,,,,,1529.0,1529.0,,,0.0,,,0.0
2025-07-07 06:00:00,,,,,,,1533.0,1533.0,,,0.0,,,0.0
2025-07-07 07:00:00,,,,,,,1273.0,1273.0,,,0.0,,,0.0
2025-07-07 08:00:00,,,,,,,509.0,509.0,0.3874,0.0884,3.0,0.81369996,0.010199964,3.0
2025-07-07 09:00:00,,,,,,,509.0,509.0,0.7776,0.0,1.0,0.6767,0.0,1.0
2025-07-07 10:00:00,,,,,,,509.0,509.0,,,0.0,,,0.0
2025-07-07 11:00:00,,,,,,,509.0,509.0,,,0.0,,,0.0
2025-07-07 12:00:00,,,,,,,509.0,509.0,,,0.0,,,0.0
2025-07-07 13:00:00,,,,,,,509.0,509.0,,,0.0,,,0.0
2025-07-07 14:00:00,,,,,,,509.0,509.0,,,0.0,,,0.0
2025-07-07 15:00:00,,,,,,,509.0,509.0,,,0.0,,,0.0
2025-07-07 16:00:00,,,,,,,509.0,509.0,,,0.0,,,0.0
2025-07-07 17:00:00,,,,,,,1533.0,1533.0,,,0.0,,,0.0
2025-07-07 18:00:00,,,,,,,1533.0,1533.0,,,0.0,,,0.0
2025-07-07 19:00:00,,,,,,,1533.0,1533.0,,,0.0,,,0.0
2025-07-07 20:00:00,,,,,,,1533.0,1533.0,,,0.0,,,0.0
2025-07-07 21:00:00,,,,,,,1533.0,1533.0,,,0.0,,,0.0
2025-07-07 22:00:00,,,,,,,1533.0,1533.0,,,0.0,,,0.0
2025-07-07 23:00:00,,,,,,,1533.0,1533.0,,,0.0,,,0.0
2025-07-08 00:00:00,,,,,,,1533.0,1533.0,,,0.0,,,0.0
2025-07-08 01:00:00,,,,,,,1533.0,1533.0,,,0.0,,,0.0
2025-07-08 02:00:00,,,,,,,1533.0,1533.0,,,0.0,,,0.0
2025-07-08 03:00:00,,,,,,,1533.0,1533.0,,,0.0,,,0.0
2025-07-08 04:00:00,,,,,,,1533.0,1533.0,,,0.0,,,0.0
2025-07-08 05:00:00,,,,,,,1533.0,1533.0,,,0.0,,,0.0
2025-07-08 06:00:00,,,,,,,1533.0,1533.0,,,0.0,,,0.0
2025-07-08 07:00:00,,,,,,,1533.0,1533.0,,,0.0,,,0.0
2025-07-08 08:00:00,,,,,,,509.0,509.0,,,0.0,,,0.0
2025-07-08 09:00:00,,,,,,,509.0,509.0,,,0.0,,,0.0
2025-07-08 10:00:00,,,,,,,509.0,509.0,,,0.0,,,0.0
2025-07-08 11:00:00,,,,,,,509.0,509.0,,,0.0,,,0.0
2025-07-08 12:00:00,,,,,,,509.0,509.0,,,0.0,,,0.0
2025-07-08 13:00:00,,,,,,,509.0,509.0,,,0.0,,,0.0
2025-07-08 14:00:00,,,,,,,509.0,509.0,,,0.0,,,0.0
2025-07-08 15:00:00,,,,,,,509.0,509.0,,,0.0,,,0.0
2025-07-08 16:00:00,,,,,,,509.0,509.0,,,0.0,,,0.0
2025-07-08 17:00:00,,,,,,,1529.0,1529.0,0.0826,0.033999998,2.0,0.8873,0.0036000013,2.0
2025-07-08 18:00:00,,,,,,,1529.0,1529.0,,,0.0,,,0.0
2025-07-08 19:00:00,,,,,,,1529.0,1529.0,,,0.0,,,0.0
2025-07-08 20:00:00,,,,,,,1533.0,1533.0,,,0.0,,,0.0
2025-07-08 21:00:00,,,,,,,1273.0,1273.0,,,0.0,,,0.0
2025-07-08 22:00:00,,,,,,,1273.0,1273.0,,,0.0,,,0.0
2025-07-08 23:00:00,,,,,,,1533.0,1533.0,,,0.0,,,0.0
2025-07-09 00:00:00,,,,,,,1533.0,1533.0,,,0.0,,,0.0
2025-07-09 01:00:00,,,,,,,1533.0,1533.0,,,0.0,,,0.0
2025-07-09 02:00:00,,,,,,,1529.0,1529.0,,,0.0,,,0.0
2025-07-09 03:00:00,,,,,,,1533.0,1533.0,,,0.0,,,0.0
2025-07-09 04:00:00,,,,,,,1529.0,1529.0,,,0.0,,,0.0
2025-07-09 05:00:00,,,,,,,1273.0,1273.0,,,0.0,,,0.0
2025-07-09 06:00:00,,,,,,,1529.0,1529.0,,,0.0,,,0.0
2025-07-09 07:00:00,,,,,,,1273.0,1273.0,,,0.0,,,0.0
2025-07-09 08:00:00,,,,,,,505.0,504.0,0.14019999,0.079399996,5.0,0.8433,0.029799998,5.0
2025-07-09 09:00:00,,,,,,,505.0,504.0,0.8768,0.0,1.0,0.7501,0.0,1.0
2025-07-09 10:00:00,,,,,,,505.0,504.0,0.55939996,0.014599999,2.0,0.49449998,0.25189996,2.0
2025-07-09 11:00:00,,,,,,,509.0,509.0,,,0.0,,,0.0
2025-07-09 12:00:00,,,,,,,509.0,509.0,,,0.0,,,0.0
2025-07-09 13:00:00,,,,,,,509.0,509.0,,,0.0,,,0.0
2025-07-09 14:00:00,,,,,,,509.0,509.0,,,0.0,,,0.0
2025-07-09 15:00:00,,,,,,,509.0,509.0,,,0.0,,,0.0
2025-07-09 16:00:00,,,,,,,509.0,509.0,,,0.0,,,0.0
2025-07-09 17:00:00,,,,,,,1533.0,1533.0,,,0.0,,,0.0
2025-07-09 18:00:00,,,,,,,1533.0,1533.0,,,0.0,,,0.0
2025-07-09 19:00:00,,,,,,,1533.0,1533.0,,,0.0,,,0.0
2025-07-09 20:00:00,,,,,,,1533.0,1533.0,,,0.0,,,0.0
2025-07-09 21:00:00,,,,,,,1533.0,1533.0,,,0.0,,,0.0
2025-07-09 22:00:00,,,,,,,1533.0,1533.0,,,0.0,,,0.0
2025-07-09 23:00:00,,,,,,,1529.0,1529.0,,,0.0,,,0.0
2025-07-10 00:00:00,,,,,,,1533.0,1533.0,,,0.0,,,0.0
2025-07-10 01:00:00,,,,,,,1533.0,1533.0,,,0.0,,,0.0
2025-07-10 02:00:00,,,,,,,1529.0,1529.0,,,0.0,,,0.0
2025-07-10 03:00:00,,,,,,,1533.0,1533.0,,,0.0,,,0.0
2025-07-10 04:00:00,,,,,,,1533.0,1533.0,,,0.0,,,0.0
2025-07-10 05:00:00,,,,,,,1273.0,1273.0,,,0.0,,,0.0
2025-07-10 06:00:00,,,,,,,1273.0,1273.0,,,0.0,,,0.0
2025-07-10 07:00:00,,,,,,,1533.0,1533.0,,,0.0,,,0.0
2025-07-10 08:00:00,,,,,,,505.0,504.0,0.1314,0.0668,4.0,0.75909996,0.014199972,4.0
2025-07-10 09:00:00,,,,,,,505.0,504.0,0.21499999,0.0744,5.0,0.73459995,0.013300002,5.0
2025-07-10 10:00:00,,,,,,,509.0,509.0,0.2522,0.0,1.0,0.7242,0.0,1.0
2025-07-10 11:00:00,,,,,,,509.0,509.0,0.3764,0.0,1.0,0.59799993,0.0,1.0
2025-07-10 12:00:00,,,,,,,509.0,509.0,,,0.0,,,0.0
2025-07-10 13:00:00,,,,,,,509.0,509.0,0.23339999,0.0,1.0,0.8421999,0.0,1.0
2025-07-10 14:00:00,,,,,,,509.0,509.0,0.339,0.1516,2.0,0.88329995,0.009599984,2.0
2025-07-10 15:00:00,,,,,,,509.0,509.0,,,0.0,,,0.0
2025-07-10 16:00:00,,,,,,,509.0,509.0,,,0.0,,,0.0
2025-07-10 17:00:00,,,,,,,1533.0,1533.0,0.1258,0.0,1.0,0.8549,0.0,1.0
2025-07-10 18:00:00,,,,,,,1533.0,1533.0,,,0.0,,,0.0
2025-07-10 19:00:00,,,,,,,1533.0,1533.0,,,0.0,,,0.0
2025-07-10 20:00:00,,,,,,,1533.0,1533.0,,,0.0,,,0.0
2025-07-10 21:00:00,,,,,,,1533.0,1533.0,,,0.0,,,0.0
2025-07-10 22:00:00,,,,,,,1533.0,1533.0,,,0.0,,,0.0
2025-07-10 23:00:00,,,,,,,1533.0,1533.0,,,0.0,,,0.0
2025-07-11 00:00:00,,,,,,,1529.0,1529.0,,,0.0,,,0.0
2025-07-11 01:00:00,,,,,,,1529.0,1529.0,,,0.0,,,0.0
2025-07-11 02:00:00,,,,,,,1529.0,1529.0,,,0.0,,,0.0
2025-07-11 03:00:00,,,,,,,1533.0,1533.0,,,0.0,,,0.0
2025-07-11 04:00:00,,,,,,,1533.0,1533.0,,,0.0,,,0.0
2025-07-11 05:00:00,,,,,,,1533.0,1533.0,,,0.0,,,0.0
2025-07-11 06:00:00,,,,,,,1533.0,1533.0,,,0.0,,,0.0
2025-07-11 07:00:00,,,,,,,1533.0,1533.0,,,0.0,,,0.0
2025-07-11 08:00:00,,,,,,,509.0,509.0,1.0124,0.0424,3.0,0.55499995,0.03249997,3.0
2025-07-11 09:00:00,,,,,,,509.0,509.0,,,0.0,,,0.0
2025-07-11 10:00:00,,,,,,,509.0,509.0,,,0.0,,,0.0
2025-07-11 11:00:00,,,,,,,509.0,509.0,,,0.0,,,0.0
2025-07-11 12:00:00,,,,,,,509.0,509.0,,,0.0,,,0.0
2025-07-11 13:00:00,,,,,,,509.0,509.0,0.6412,0.036399998,2.0,0.7745999,0.011399984,2.0
2025-07-11 14:00:00,,,,,,,509.0,509.0,,,0.0,,,0.0
2025-07-11 15:00:00,,,,,,,509.0,509.0,,,0.0,,,0.0
2025-07-11 16:00:00,,,,,,,509.0,509.0,,,0.0,,,0.0
2025-07-11 17:00:00,,,,,,,1533.0,1533.0,,,0.0,,,0.0
2025-07-11 18:00:00,,,,,,,1533.0,1533.0,,,0.0,,,0.0
2025-07-11 19:00:00,,,,,,,1533.0,1533.0,,,0.0,,,0.0
2025-07-11 20:00:00,,,,,,,1273.0,1273.0,,,0.0,,,0.0
2025-07-11 21:00:00,,,,,,,1273.0,1273.0,,,0.0,,,0.0
2025-07-11 22:00:00,,,,,,,1529.0,1529.0,,,0.0,,,0.0
2025-07-11 23:00:00,,,,,,,1533.0,1533.0,,,0.0,,,0.0
2025-07-12 00:00:00,,,,,,,1529.0,1529.0,,,0.0,,,0.0
2025-07-12 01:00:00,,,,,,,1533.0,1533.0,,,0.0,,,0.0
2025-07-12 02:00:00,,,,,,,1533.0,1533.0,,,0.0,,,0.0
2025-07-12 03:00:00,,,,,,,1533.0,1533.0,,,0.0,,,0.0
2025-07-12 04:00:00,,,,,,,1533.0,1533.0,,,0.0,,,0.0
2025-07-12 05:00:00,,,,,,,1273.0,1273.0,,,0.0,,,0.0
2025-07-12 06:00:00,,,,,,,1533.0,1533.0,,,0.0,,,0.0
2025-07-12 07:00:00,,,,,,,1533.0,1533.0,,,0.0,,,0.0
2025-07-12 08:00:00,,,,,,,505.0,504.0,0.373,0.0,1.0,0.5367,0.0,1.0
2025-07-12 09:00:00,,,,,,,505.0,504.0,0.4152,0.08,5.0,0.61169994,0.012699962,5.0
2025-07-12 10:00:00,,,,,,,505.0,504.0,0.40739998,0.1716,2.0,0.54649997,0.11739999,2.0
2025-07-12 11:00:00,,,,,,,509.0,509.0,0.0016,0.0,1.0,0.7796,0.0,1.0
2025-07-12 12:00:00,,,,,,,509.0,509.0,,,0.0,,,0.0
2025-07-12 13:00:00,,,,,,,509.0,509.0,,,0.0,,,0.0
2025-07-12 14:00:00,,,,,,,509.0,509.0,,,0.0,,,0.0
2025-07-12 15:00:00,,,,,,,509.0,509.0,,,0.0,,,0.0
2025-07-12 16:00:00,,,,,,,509.0,509.0,,,0.0,,,0.0
2025-07-12 17:00:00,,,,,,,1533.0,1533.0,,,0.0,,,0.0
2025-07-12 18:00:00,,,,,,,1533.0,1533.0,,,0.0,,,0.0
2025-07-12 19:00:00,,,,,,,1533.0,1533.0,,,0.0,,,0.0
2025-07-12 20:00:00,,,,,,,1273.0,1273.0,,,0.0,,,0.0
2025-07-12 21:00:00,,,,,,,1273.0,1273.0,,,0.0,,,0.0
2025-07-12 22:00:00,,,,,,,1529.0,1529.0,,,0.0,,,0.0
2025-07-12 23:00:00,,,,,,,1273.0,1273.0,,,0.0,,,0.0
2025-07-13 00:00:00,,,,,,,1529.0,1529.0,,,0.0,,,0.0
2025-07-13 01:00:00,,,,,,,1529.0,1529.0,,,0.0,,,0.0
2025-07-13 02:00:00,,,,,,,1529.0,1529.0,,,0.0,,,0.0
2025-07-13 03:00:00,,,,,,,1273.0,1273.0,,,0.0,,,0.0
2025-07-13 04:00:00,,,,,,,1533.0,1533.0,,,0.0,,,0.0
2025-07-13 05:00:00,,,,,,,1529.0,1529.0,,,0.0,,,0.0
2025-07-13 06:00:00,,,,,,,1533.0,1533.0,,,0.0,,,0.0
2025-07-13 07:00:00,,,,,,,1533.0,1533.0,,,0.0,,,0.0
2025-07-13 08:00:00,,,,,,,509.0,509.0,,,0.0,,,0.0
2025-07-13 09:00:00,,,,,,,509.0,509.0,,,0.0,,,0.0
2025-07-13 10:00:00,,,,,,,509.0,509.0,,,0.0,,,0.0
2025-07-13 11:00:00,,,,,,,509.0,509.0,,,0.0,,,0.0
2025-07-13 12:00:00,,,,,,,509.0,509.0,,,0.0,,,0.0
2025-07-13 13:00:00,,,,,,,509.0,509.0,,,0.0,,,0.0
2025-07-13 14:00:00,,,,,,,509.0,509.0,,,0.0,,,0.0
2025-07-13 15:00:00,,,,,,,509.0,509.0,,,0.0,,,0.0
2025-07-13 16:00:00,,,,,,,509.0,509.0,,,0.0,,,0.0
2025-07-13 17:00:00,,,,,,,1533.0,1533.0,,,0.0,,,0.0
2025-07-13 18:00:00,,,,,,,1533.0,1533.0,,,0.0,,,0.0
2025-07-13 19:00:00,,,,,,,1533.0,1533.0,,,0.0,,,0.0
2025-07-13 20:00:00,,,,,,,1533.0,1533.0,,,0.0,,,0.0
2025-07-13 21:00:00,,,,,,,1533.0,1533.0,,,0.0,,,0.0
2025-07-13 22:00:00,,,,,,,1533.0,1533.0,,,0.0,,,0.0
2025-07-13 23:00:00,,,,,,,1529.0,1529.0,,,0.0,,,0.0
2025-07-14 00:00:00,,,,,,,1533.0,1533.0,,,0.0,,,0.0
2025-07-14 01:00:00,,,,,,,1529.0,1529.0,,,0.0,,,0.0
2025-07-14 02:00:00,,,,,,,1529.0,1529.0,,,0.0,,,0.0
2025-07-14 03:00:00,,,,,,,1529.0,1529.0,,,0.0,,,0.0
2025-07-14 04:00:00,,,,,,,1533.0,1533.0,,,0.0,,,0.0
2025-07-14 05:00:00,,,,,,,1529.0,1529.0,,,0.0,,,0.0
2025-07-14 06:00:00,,,,,,,1273.0,1273.0,,,0.0,,,0.0
2025-07-14 07:00:00,,,,,,,1529.0,1529.0,,,0.0,,,0.0
2025-07-14 08:00:00,,,,,,,509.0,509.0,0.894,0.0,1.0,0.536,0.0,1.0
2025-07-14 09:00:00,,,,,,,509.0,509.0,,,0.0,,,0.0
2025-07-14 10:00:00,,,,,,,509.0,509.0,,,0.0,,,0.0
2025-07-14 11:00:00,,,,,,,509.0,509.0,,,0.0,,,0.0
2025-07-14 12:00:00,,,,,,,509.0,509.0,,,0.0,,,0.0
2025-07-14 13:00:00,,,,,,,509.0,509.0,,,0.0,,,0.0
2025-07-14 14:00:00,,,,,,,509.0,509.0,,,0.0,,,0.0
2025-07-14 15:00:00,,,,,,,509.0,509.0,,,0.0,,,0.0
2025-07-14 16:00:00,,,,,,,509.0,509.0,,,0.0,,,0.0
2025-07-14 17:00:00,,,,,,,1533.0,1533.0,,,0.0,,,0.0
2025-07-14 18:00:00,,,,,,,1533.0,1533.0,,,0.0,,,0.0
2025-07-14 19:00:00,,,,,,,1533.0,1533.0,,,0.0,,,0.0
2025-07-14 20:00:00,,,,,,,1533.0,1533.0,,,0.0,,,0.0
2025-07-14 21:00:00,,,,,,,1533.0,1533.0,,,0.0,,,0.0
2025-07-14 22:00:00,,,,,,,1273.0,1273.0,,,0.0,,,0.0
2025-07-14 23:00:00,,,,,,,1273.0,1273.0,,,0.0,,,0.0
2025-07-15 00:00:00,,,,,,,1529.0,1529.0,,,0.0,,,0.0
2025-07-15 01:00:00,,,,,,,1273.0,1273.0,,,0.0,,,0.0
2025-07-15 02:00:00,,,,,,,1273.0,1273.0,,,0.0,,,0.0
2025-07-15 03:00:00,,,,,,,1273.0,1273.0,,,0.0,,,0.0
2025-07-15 04:00:00,,,,,,,1273.0,1273.0,,,0.0,,,0.0
2025-07-15 05:00:00,,,,,,,1273.0,1273.0,,,0.0,,,0.0
2025-07-15 06:00:00,,,,,,,1273.0,1273.0,,,0.0,,,0.0
2025-07-15 07:00:00,,,,,,,1533.0,1533.0,,,0.0,,,0.0
2025-07-15 08:00:00,,,,,,,509.0,509.0,,,0.0,,,0.0
2025-07-15 09:00:00,,,,,,,509.0,509.0,,,0.0,,,0.0
2025-07-15 10:00:00,,,,,,,509.0,509.0,,,0.0,,,0.0
2025-07-15 11:00:00,,,,,,,509.0,509.0,,,0.0,,,0.0
2025-07-15 12:00:00,,,,,,,509.0,509.0,,,0.0,,,0.0
2025-07-15 13:00:00,,,,,,,509.0,509.0,0.0524,0.0466,2.0,0.7213,0.011299968,2.0
2025-07-15 14:00:00,,,,,,,509.0,509.0,,,0.0,,,0.0
2025-07-15 15:00:00,,,,,,,505.0,504.0,0.611,0.0,1.0,0.54919994,0.0,1.0
2025-07-15 16:00:00,,,,,,,509.0,509.0,,,0.0,,,0.0
2025-07-15 17:00:00,,,,,,,1533.0,1533.0,,,0.0,,,0.0
2025-07-15 18:00:00,,,,,,,1533.0,1533.0,,,0.0,,,0.0
2025-07-15 19:00:00,,,,,,,1533.0,1533.0,,,0.0,,,0.0
2025-07-15 20:00:00,,,,,,,1533.0,1533.0,,,0.0,,,0.0
2025-07-15 21:00:00,,,,,,,1533.0,1533.0,,,0.0,,,0.0
2025-07-15 22:00:00,,,,,,,1533.0,1533.0,,,0.0,,,0.0
2025-07-15 23:00:00,,,,,,,1533.0,1533.0,,,0.0,,,0.0
2025-07-16 00:00:00,,,,,,,1533.0,1533.0,,,0.0,,,0.0
2025-07-16 01:00:00,,,,,,,1273.0,1273.0,,,0.0,,,0.0
2025-07-16 02:00:00,,,,,,,1273.0,1273.0,,,0.0,,,0.0
2025-07-16 03:00:00,,,,,,,1273.0,1273.0,,,0.0,,,0.0
2025-07-16 04:00:00,,,,,,,1529.0,1529.0,,,0.0,,,0.0
2025-07-16 05:00:00,,,,,,,1529.0,1529.0,,,0.0,,,0.0
2025-07-16 06:00:00,,,,,,,1533.0,1533.0,,,0.0,,,0.0
2025-07-16 07:00:00,,,,,,,1533.0,1533.0,,,0.0,,,0.0
2025-07-16 08:00:00,,,,,,,509.0,509.0,0.6986,0.0,1.0,1.3937999,0.0,1.0
2025-07-16 09:00:00,,,,,,,509.0,509.0,1.4326,0.0,1.0,0.4382,0.0,1.0
2025-07-16 10:00:00,,,,,,,509.0,509.0,,,0.0,,,0.0
2025-07-16 11:00:00,,,,,,,509.0,509.0,,,0.0,,,0.0
2025-07-16 12:00:00,,,,,,,509.0,509.0,,,0.0,,,0.0
2025-07-16 13:00:00,,,,,,,509.0,509.0,,,0.0,,,0.0
2025-07-16 14:00:00,,,,,,,509.0,509.0,,,0.0,,,0.0
2025-07-16 15:00:00,,,,,,,509.0,509.0,,,0.0,,,0.0
2025-07-16 16:00:00,,,,,,,509.0,509.0,,,0.0,,,0.0
2025-07-16 17:00:00,,,,,,,1533.0,1533.0,,,0.0,,,0.0
2025-07-16 18:00:00,,,,,,,1533.0,1533.0,,,0.0,,,0.0
2025-07-16 19:00:00,,,,,,,1533.0,1533.0,,,0.0,,,0.0
2025-07-16 20:00:00,,,,,,,1529.0,1529.0,,,0.0,,,0.0
2025-07-16 21:00:00,,,,,,,1529.0,1529.0,,,0.0,,,0.0
2025-07-16 22:00:00,,,,,,,1529.0,1529.0,,,0.0,,,0.0
2025-07-16 23:00:00,,,,,,,1529.0,1529.0,,,0.0,,,0.0
2025-07-17 00:00:00,,,,,,,1533.0,1533.0,,,0.0,,,0.0
2025-07-17 01:00:00,,,,,,,1533.0,1533.0,,,0.0,,,0.0
2025-07-17 02:00:00,,,,,,,1533.0,1533.0,,,0.0,,,0.0
2025-07-17 03:00:00,,,,,,,1529.0,1529.0,,,0.0,,,0.0
2025-07-17 04:00:00,,,,,,,1533.0,1533.0,,,0.0,,,0.0
2025-07-17 05:00:00,,,,,,,1273.0,1273.0,,,0.0,,,0.0
2025-07-17 06:00:00,,,,,,,1533.0,1533.0,,,0.0,,,0.0
2025-07-17 07:00:00,,,,,,,1533.0,1533.0,,,0.0,,,0.0
2025-07-17 08:00:00,,,,,,,509.0,509.0,,,0.0,,,0.0
2025-07-17 09:00:00,,,,,,,509.0,509.0,,,0.0,,,0.0
2025-07-17 10:00:00,,,,,,,509.0,509.0,,,0.0,,,0.0
2025-07-17 11:00:00,,,,,,,509.0,509.0,,,0.0,,,0.0
2025-07-17 12:00:00,,,,,,,509.0,509.0,,,0.0,,,0.0
2025-07-17 13:00:00,,,,,,,509.0,509.0,,,0.0,,,0.0
2025-07-17 14:00:00,,,,,,,509.0,509.0,,,0.0,,,0.0
2025-07-17 15:00:00,,,,,,,509.0,509.0,,,0.0,,,0.0
2025-07-17 16:00:00,,,,,,,509.0,509.0,,,0.0,,,0.0
2025-07-17 17:00:00,,,,,,,1533.0,1533.0,,,0.0,,,0.0
2025-07-17 18:00:00,,,,,,,1533.0,1533.0,,,0.0,,,0.0
2025-07-17 19:00:00,,,,,,,1533.0,1533.0,,,0.0,,,0.0
2025-07-17 20:00:00,,,,,,,1533.0,1533.0,,,0.0,,,0.0
2025-07-17 21:00:00,,,,,,,1533.0,1533.0,,,0.0,,,0.0
2025-07-17 22:00:00,,,,,,,1533.0,1533.0,,,0.0,,,0.0
2025-07-17 23:00:00,,,,,,,1529.0,1529.0,,,0.0,,,0.0
2025-07-18 00:00:00,,,,,,,1533.0,1533.0,,,0.0,,,0.0
2025-07-18 01:00:00,,,,,,,1529.0,1529.0,,,0.0,,,0.0
2025-07-18 02:00:00,,,,,,,1533.0,1533.0,,,0.0,,,0.0
2025-07-18 03:00:00,,,,,,,1533.0,1533.0,,,0.0,,,0.0
2025-07-18 04:00:00,,,,,,,1533.0,1533.0,,,0.0,,,0.0
2025-07-18 05:00:00,,,,,,,1533.0,1533.0,,,0.0,,,0.0
2025-07-18 06:00:00,,,,,,,1529.0,1529.0,,,0.0,,,0.0
2025-07-18 07:00:00,,,,,,,1533.0,1533.0,,,0.0,,,0.0
2025-07-18 08:00:00,,,,,,,509.0,509.0,,,0.0,,,0.0
2025-07-18 09:00:00,,,,,,,509.0,509.0,,,0.0,,,0.0
2025-07-18 10:00:00,,,,,,,509.0,509.0,,,0.0,,,0.0
2025-07-18 11:00:00,,,,,,,509.0,509.0,,,0.0,,,0.0
2025-07-18 12:00:00,,,,,,,509.0,509.0,,,0.0,,,0.0
2025-07-18 13:00:00,,,,,,,509.0,509.0,,,0.0,,,0.0
2025-07-18 14:00:00,,,,,,,505.0,505.0,,,0.0,,,0.0
2025-07-18 15:00:00,,,,,,,509.0,509.0,,,0.0,,,0.0
2025-07-18 16:00:00,,,,,,,509.0,509.0,,,0.0,,,0.0
2025-07-18 17:00:00,,,,,,,1533.0,1533.0,,,0.0,,,0.0
2025-07-18 18:00:00,,,,,,,1533.0,1533.0,,,0.0,,,0.0
2025-07-18 19:00:00,,,,,,,1529.0,1529.0,,,0.0,,,0.0
2025-07-18 20:00:00,,,,,,,1533.0,1533.0,,,0.0,,,0.0
2025-07-18 21:00:00,,,,,,,1533.0,1533.0,,,0.0,,,0.0
2025-07-18 22:00:00,,,,,,,1533.0,1533.0,,,0.0,,,0.0
2025-07-18 23:00:00,,,,,,,1533.0,1533.0,,,0.0,,,0.0
2025-07-19 00:00:00,,,,,,,1529.0,1529.0,,,0.0,,,0.0
2025-07-19 01:00:00,,,,,,,1533.0,1533.0,,,0.0,,,0.0
2025-07-19 02:00:00,,,,,,,1533.0,1533.0,,,0.0,,,0.0
2025-07-19 03:00:00,,,,,,,1533.0,1533.0,,,0.0,,,0.0
2025-07-19 04:00:00,,,,,,,1533.0,1533.0,,,0.0,,,0.0
2025-07-19 05:00:00,,,,,,,1529.0,1529.0,,,0.0,,,0.0
2025-07-19 06:00:00,,,,,,,1533.0,1533.0,,,0.0,,,0.0
2025-07-19 07:00:00,,,,,,,1533.0,1533.0,,,0.0,,,0.0
2025-07-19 08:00:00,,,,,,,509.0,509.0,,,0.0,,,0.0
2025-07-19 09:00:00,,,,,,,509.0,509.0,,,0.0,,,0.0
2025-07-19 10:00:00,,,,,,,509.0,509.0,,,0.0,,,0.0
2025-07-19 11:00:00,,,,,,,509.0,509.0,,,0.0,,,0.0
2025-07-19 12:00:00,,,,,,,509.0,509.0,,,0.0,,,0.0
2025-07-19 13:00:00,,,,,,,509.0,509.0,,,0.0,,,0.0
2025-07-19 14:00:00,,,,,,,509.0,509.0,,,0.0,,,0.0
2025-07-19 15:00:00,,,,,,,509.0,509.0,,,0.0,,,0.0
2025-07-19 16:00:00,,,,,,,509.0,509.0,,,0.0,,,0.0
2025-07-19 17:00:00,,,,,,,1533.0,1533.0,,,0.0,,,0.0
2025-07-19 18:00:00,,,,,,,1533.0,1533.0,,,0.0,,,0.0
2025-07-19 19:00:00,,,,,,,1529.0,1529.0,,,0.0,,,0.0
2025-07-19 20:00:00,,,,,,,1533.0,1533.0,,,0.0,,,0.0
2025-07-19 21:00:00,,,,,,,1529.0,1529.0,,,0.0,,,0.0
2025-07-19 22:00:00,,,,,,,1533.0,1533.0,,,0.0,,,0.0
2025-07-19 23:00:00,,,,,,,1533.0,1533.0,,,0.0,,,0.0
2025-07-20 00:00:00,,,,,,,1533.0,1533.0,,,0.0,,,0.0
2025-07-20 01:00:00,,,,,,,1533.0,1533.0,,,0.0,,,0.0
2025-07-20 02:00:00,,,,,,,1533.0,1533.0,,,0.0,,,0.0
2025-07-20 03:00:00,,,,,,,1533.0,1533.0,,,0.0,,,0.0
2025-07-20 04:00:00,,,,,,,1533.0,1533.0,,,0.0,,,0.0
2025-07-20 05:00:00,,,,,,,1529.0,1529.0,,,0.0,,,0.0
2025-07-20 06:00:00,,,,,,,1533.0,1533.0,,,0.0,,,0.0
2025-07-20 07:00:00,,,,,,,1533.0,1533.0,,,0.0,,,0.0
2025-07-20 08:00:00,,,,,,,509.0,509.0,,,0.0,,,0.0
2025-07-20 09:00:00,,,,,,,509.0,509.0,,,0.0,,,0.0
2025-07-20 10:00:00,,,,,,,509.0,509.0,,,0.0,,,0.0
2025-07-20 11:00:00,,,,,,,509.0,509.0,,,0.0,,,0.0
2025-07-20 12:00:00,,,,,,,509.0,509.0,,,0.0,,,0.0
2025-07-20 13:00:00,,,,,,,509.0,509.0,,,0.0,,,0.0
2025-07-20 14:00:00,,,,,,,509.0,509.0,,,0.0,,,0.0
2025-07-20 15:00:00,,,,,,,509.0,509.0,,,0.0,,,0.0
2025-07-20 16:00:00,,,,,,,509.0,509.0,,,0.0,,,0.0
2025-07-20 17:00:00,,,,,,,1529.0,1529.0,,,0.0,,,0.0
2025-07-20 18:00:00,,,,,,,1533.0,1533.0,,,0.0,,,0.0
2025-07-20 19:00:00,,,,,,,1533.0,1533.0,,,0.0,,,0.0
2025-07-20 20:00:00,,,,,,,1533.0,1533.0,,,0.0,,,0.0
2025-07-20 21:00:00,,,,,,,1533.0,1533.0,,,0.0,,,0.0
2025-07-20 22:00:00,,,,,,,1533.0,1533.0,,,0.0,,,0.0
2025-07-20 23:00:00,,,,,,,1533.0,1533.0,,,0.0,,,0.0
2025-07-21 00:00:00,,,,,,,1533.0,1533.0,,,0.0,,,0.0
2025-07-21 01:00:00,,,,,,,1533.0,1533.0,,,0.0,,,0.0
2025-07-21 02:00:00,,,,,,,1529.0,1529.0,,,0.0,,,0.0
2025-07-21 03:00:00,,,,,,,1533.0,1533.0,,,0.0,,,0.0
2025-07-21 04:00:00,,,,,,,1273.0,1273.0,,,0.0,,,0.0
2025-07-21 05:00:00,,,,,,,1529.0,1529.0,,,0.0,,,0.0
2025-07-21 06:00:00,,,,,,,1533.0,1533.0,,,0.0,,,0.0
2025-07-21 07:00:00,,,,,,,1533.0,1533.0,,,0.0,,,0.0
2025-07-21 08:00:00,,,,,,,509.0,509.0,,,0.0,,,0.0
2025-07-21 09:00:00,,,,,,,509.0,509.0,,,0.0,,,0.0
2025-07-21 10:00:00,,,,,,,509.0,509.0,,,0.0,,,0.0
2025-07-21 11:00:00,,,,,,,509.0,509.0,,,0.0,,,0.0
2025-07-21 12:00:00,,,,,,,505.0,505.0,,,0.0,,,0.0
2025-07-21 13:00:00,,,,,,,509.0,509.0,,,0.0,,,0.0
2025-07-21 14:00:00,,,,,,,509.0,509.0,,,0.0,,,0.0
2025-07-21 15:00:00,,,,,,,509.0,509.0,,,0.0,,,0.0
2025-07-21 16:00:00,,,,,,,509.0,509.0,,,0.0,,,0.0
2025-07-21 17:00:00,,,,,,,1533.0,1533.0,,,0.0,,,0.0
2025-07-21 18:00:00,,,,,,,1533.0,1533.0,,,0.0,,,0.0
2025-07-21 19:00:00,,,,,,,1529.0,1529.0,,,0.0,,,0.0
2025-07-21 20:00:00,,,,,,,1529.0,1529.0,,,0.0,,,0.0
2025-07-21 21:00:00,,,,,,,1529.0,1529.0,,,0.0,,,0.0
2025-07-21 22:00:00,,,,,,,1529.0,1529.0,,,0.0,,,0.0
2025-07-21 23:00:00,,,,,,,1529.0,1529.0,,,0.0,,,0.0
2025-07-22 00:00:00,,,,,,,1533.0,1533.0,,,0.0,,,0.0
2025-07-22 01:00:00,,,,,,,1533.0,1533.0,,,0.0,,,0.0
2025-07-22 02:00:00,,,,,,,1533.0,1533.0,,,0.0,,,0.0
2025-07-22 03:00:00,,,,,,,1533.0,1533.0,,,0.0,,,0.0
2025-07-22 04:00:00,,,,,,,1533.0,1533.0,,,0.0,,,0.0
2025-07-22 05:00:00,,,,,,,1533.0,1533.0,,,0.0,,,0.0
2025-07-22 06:00:00,,,,,,,1533.0,1533.0,,,0.0,,,0.0
2025-07-22 07:00:00,,,,,,,1533.0,1533.0,,,0.0,,,0.0
2025-07-22 08:00:00,,,,,,,509.0,509.0,,,0.0,,,0.0
2025-07-22 09:00:00,,,,,,,509.0,509.0,,,0.0,,,0.0
2025-07-22 10:00:00,,,,,,,509.0,509.0,,,0.0,,,0.0
2025-07-22 11:00:00,,,,,,,509.0,509.0,,,0.0,,,0.0
2025-07-22 12:00:00,,,,,,,509.0,509.0,,,0.0,,,0.0
2025-07-22 13:00:00,,,,,,,509.0,509.0,,,0.0,,,0.0
2025-07-22 14:00:00,,,,,,,509.0,509.0,,,0.0,,,0.0
2025-07-22 15:00:00,,,,,,,509.0,509.0,,,0.0,,,0.0
2025-07-22 16:00:00,,,,,,,509.0,509.0,,,0.0,,,0.0
2025-07-22 17:00:00,,,,,,,1533.0,1533.0,,,0.0,,,0.0
2025-07-22 18:00:00,,,,,,,1273.0,1273.0,,,0.0,,,0.0
2025-07-22 19:00:00,,,,,,,1273.0,1273.0,,,0.0,,,0.0
2025-07-22 20:00:00,,,,,,,1529.0,1529.0,,,0.0,,,0.0
2025-07-22 21:00:00,,,,,,,1533.0,1533.0,,,0.0,,,0.0
2025-07-22 22:00:00,,,,,,,1533.0,1533.0,,,0.0,,,0.0
2025-07-22 23:00:00,,,,,,,1529.0,1529.0,,,0.0,,,0.0
2025-07-23 00:00:00,,,,,,,1533.0,1533.0,,,0.0,,,0.0
2025-07-23 01:00:00,,,,,,,1273.0,1273.0,,,0.0,,,0.0
2025-07-23 02:00:00,,,,,,,1529.0,1529.0,,,0.0,,,0.0
2025-07-23 03:00:00,,,,,,,1533.0,1533.0,,,0.0,,,0.0
2025-07-23 04:00:00,,,,,,,1533.0,1533.0,,,0.0,,,0.0
2025-07-23 05:00:00,,,,,,,1529.0,1529.0,,,0.0,,,0.0
2025-07-23 06:00:00,,,,,,,1529.0,1529.0,,,0.0,,,0.0
2025-07-23 07:00:00,,,,,,,1533.0,1533.0,,,0.0,,,0.0
2025-07-23 08:00:00,,,,,,,509.0,509.0,,,0.0,,,0.0
2025-07-23 09:00:00,,,,,,,509.0,509.0,,,0.0,,,0.0
2025-07-23 10:00:00,,,,,,,509.0,509.0,,,0.0,,,0.0
2025-07-23 11:00:00,,,,,,,509.0,509.0,,,0.0,,,0.0
2025-07-23 12:00:00,,,,,,,509.0,509.0,,,0.0,,,0.0
2025-07-23 13:00:00,,,,,,,509.0,509.0,,,0.0,,,0.0
2025-07-23 14:00:00,,,,,,,509.0,509.0,,,0.0,,,0.0
2025-07-23 15:00:00,,,,,,,509.0,509.0,,,0.0,,,0.0
2025-07-23 16:00:00,,,,,,,509.0,509.0,,,0.0,,,0.0
2025-07-23 17:00:00,,,,,,,1529.0,1529.0,,,0.0,,,0.0
2025-07-23 18:00:00,,,,,,,1533.0,1533.0,,,0.0,,,0.0
2025-07-23 19:00:00,,,,,,,1529.0,1529.0,,,0.0,,,0.0
2025-07-23 20:00:00,,,,,,,1533.0,1533.0,,,0.0,,,0.0
2025-07-23 21:00:00,,,,,,,1529.0,1529.0,,,0.0,,,0.0
2025-07-23 22:00:00,,,,,,,1533.0,1533.0,,,0.0,,,0.0
2025-07-23 23:00:00,,,,,,,1533.0,1533.0,,,0.0,,,0.0
2025-07-24 00:00:00,,,,,,,1529.0,1529.0,,,0.0,,,0.0
2025-07-24 01:00:00,,,,,,,1533.0,1533.0,,,0.0,,,0.0
2025-07-24 02:00:00,,,,,,,1533.0,1533.0,,,0.0,,,0.0
2025-07-24 03:00:00,,,,,,,1533.0,1533.0,,,0.0,,,0.0
2025-07-24 04:00:00,,,,,,,1533.0,1533.0,,,0.0,,,0.0
2025-07-24 05:00:00,,,,,,,1533.0,1533.0,,,0.0,,,0.0
2025-07-24 06:00:00,,,,,,,1533.0,1533.0,,,0.0,,,0.0
2025-07-24 07:00:00,,,,,,,1533.0,1533.0,,,0.0,,,0.0
2025-07-24 08:00:00,,,,,,,509.0,509.0,,,0.0,,,0.0
2025-07-24 09:00:00,,,,,,,509.0,509.0,,,0.0,,,0.0
2025-07-24 10:00:00,,,,,,,509.0,509.0,0.551,0.0,2.0,0.5322,0.0,2.0
2025-07-24 11:00:00,,,,,,,509.0,509.0,,,0.0,,,0.0
2025-07-24 12:00:00,,,,,,,505.0,505.0,,,0.0,,,0.0
2025-07-24 13:00:00,,,,,,,505.0,505.0,,,0.0,,,0.0
2025-07-24 14:00:00,,,,,,,509.0,509.0,,,0.0,,,0.0
2025-07-24 15:00:00,,,,,,,509.0,509.0,,,0.0,,,0.0
2025-07-24 16:00:00,,,,,,,509.0,509.0,,,0.0,,,0.0
2025-07-24 17:00:00,,,,,,,1533.0,1533.0,,,0.0,,,0.0
2025-07-24 18:00:00,,,,,,,1273.0,1273.0,,,0.0,,,0.0
2025-07-24 19:00:00,,,,,,,1533.0,1533.0,,,0.0,,,0.0
2025-07-24 20:00:00,,,,,,,1533.0,1533.0,,,0.0,,,0.0
2025-07-24 21:00:00,,,,,,,1529.0,1529.0,,,0.0,,,0.0
2025-07-24 22:00:00,,,,,,,1533.0,1533.0,,,0.0,,,0.0
2025-07-24 23:00:00,,,,,,,1533.0,1533.0,,,0.0,,,0.0
2025-07-25 00:00:00,,,,,,,1533.0,1533.0,,,0.0,,,0.0
2025-07-25 01:00:00,,,,,,,1533.0,1533.0,,,0.0,,,0.0
2025-07-25 02:00:00,,,,,,,1533.0,1533.0,,,0.0,,,0.0
2025-07-25 03:00:00,,,,,,,1533.0,1533.0,,,0.0,,,0.0
2025-07-25 04:00:00,,,,,,,1533.0,1533.0,,,0.0,,,0.0
2025-07-25 05:00:00,,,,,,,1533.0,1533.0,,,0.0,,,0.0
2025-07-25 06:00:00,,,,,,,1533.0,1533.0,,,0.0,,,0.0
2025-07-25 07:00:00,,,,,,,1529.0,1529.0,,,0.0,,,0.0
2025-07-25 08:00:00,,,,,,,509.0,509.0,0.3642,0.0,1.0,0.60949993,0.0,1.0
2025-07-25 09:00:00,,,,,,,509.0,509.0,0.4434,0.0,1.0,0.4809,0.0,1.0
2025-07-25 10:00:00,,,,,,,509.0,509.0,,,0.0,,,0.0
2025-07-25 11:00:00,,,,,,,509.0,509.0,1.4864,0.0,1.0,0.1706,0.0,1.0
2025-07-25 12:00:00,,,,,,,509.0,509.0,0.43519998,0.0,1.0,0.6129,0.0,1.0
2025-07-25 13:00:00,,,,,,,509.0,509.0,,,0.0,,,0.0
2025-07-25 14:00:00,,,,,,,509.0,509.0,0.51,0.0,1.0,0.8161,0.0,1.0
2025-07-25 15:00:00,,,,,,,509.0,509.0,,,0.0,,,0.0
2025-07-25 16:00:00,,,,,,,509.0,509.0,,,0.0,,,0.0
2025-07-25 17:00:00,,,,,,,1533.0,1533.0,,,0.0,,,0.0
2025-07-25 18:00:00,,,,,,,1533.0,1533.0,,,0.0,,,0.0
2025-07-25 19:00:00,,,,,,,1533.0,1533.0,,,0.0,,,0.0
2025-07-25 20:00:00,,,,,,,1533.0,1533.0,,,0.0,,,0.0
2025-07-25 21:00:00,,,,,,,1533.0,1533.0,,,0.0,,,0.0
2025-07-25 22:00:00,,,,,,,1533.0,1533.0,,,0.0,,,0.0
2025-07-25 23:00:00,,,,,,,1533.0,1533.0,,,0.0,,,0.0
2025-07-26 00:00:00,,,,,,,1533.0,1533.0,,,0.0,,,0.0
2025-07-26 01:00:00,,,,,,,1533.0,1533.0,,,0.0,,,0.0
2025-07-26 02:00:00,,,,,,,1533.0,1533.0,,,0.0,,,0.0
2025-07-26 03:00:00,,,,,,,1529.0,1529.0,,,0.0,,,0.0
2025-07-26 04:00:00,,,,,,,1529.0,1529.0,,,0.0,,,0.0
2025-07-26 05:00:00,,,,,,,1529.0,1529.0,,,0.0,,,0.0
2025-07-26 06:00:00,,,,,,,1533.0,1533.0,,,0.0,,,0.0
2025-07-26 07:00:00,,,,,,,1533.0,1533.0,,,0.0,,,0.0
2025-07-26 08:00:00,,,,,,,509.0,509.0,,,0.0,,,0.0
2025-07-26 09:00:00,,,,,,,509.0,509.0,,,0.0,,,0.0
2025-07-26 10:00:00,,,,,,,509.0,509.0,,,0.0,,,0.0
2025-07-26 11:00:00,,,,,,,509.0,509.0,,,0.0,,,0.0
2025-07-26 12:00:00,,,,,,,509.0,509.0,,,0.0,,,0.0
2025-07-26 13:00:00,,,,,,,509.0,509.0,,,0.0,,,0.0
2025-07-26 14:00:00,,,,,,,509.0,509.0,,,0.0,,,0.0
2025-07-26 15:00:00,,,,,,,509.0,509.0,,,0.0,,,0.0
2025-07-26 16:00:00,,,,,,,509.0,509.0,,,0.0,,,0.0
2025-07-26 17:00:00,,,,,,,1533.0,1533.0,,,0.0,,,0.0
2025-07-26 18:00:00,,,,,,,1533.0,1533.0,,,0.0,,,0.0
2025-07-26 19:00:00,,,,,,,1533.0,1533.0,,,0.0,,,0.0
2025-07-26 20:00:00,,,,,,,1533.0,1533.0,,,0.0,,,0.0
2025-07-26 21:00:00,,,,,,,1533.0,1533.0,,,0.0,,,0.0
2025-07-26 22:00:00,,,,,,,1533.0,1533.0,,,0.0,,,0.0
2025-07-26 23:00:00,,,,,,,1533.0,1533.0,,,0.0,,,0.0
2025-07-27 00:00:00,,,,,,,1533.0,1533.0,,,0.0,,,0.0
2025-07-27 01:00:00,,,,,,,1533.0,1533.0,,,0.0,,,0.0
2025-07-27 02:00:00,,,,,,,1529.0,1529.0,,,0.0,,,0.0
2025-07-27 03:00:00,,,,,,,1533.0,1533.0,,,0.0,,,0.0
2025-07-27 04:00:00,,,,,,,1533.0,1533.0,,,0.0,,,0.0
2025-07-27 05:00:00,,,,,,,1533.0,1533.0,,,0.0,,,0.0
2025-07-27 06:00:00,,,,,,,1529.0,1529.0,,,0.0,,,0.0
2025-07-27 07:00:00,,,,,,,1533.0,1533.0,,,0.0,,,0.0
2025-07-27 08:00:00,,,,,,,509.0,509.0,,,0.0,,,0.0
2025-07-27 09:00:00,,,,,,,509.0,509.0,,,0.0,,,0.0
2025-07-27 10:00:00,,,,,,,509.0,509.0,,,0.0,,,0.0
2025-07-27 11:00:00,,,,,,,509.0,509.0,,,0.0,,,0.0
2025-07-27 12:00:00,,,,,,,509.0,509.0,,,0.0,,,0.0
2025-07-27 13:00:00,,,,,,,509.0,509.0,,,0.0,,,0.0
2025-07-27 14:00:00,,,,,,,509.0,509.0,,,0.0,,,0.0
2025-07-27 15:00:00,,,,,,,509.0,509.0,,,0.0,,,0.0
2025-07-27 16:00:00,,,,,,,509.0,509.0,,,0.0,,,0.0
2025-07-27 17:00:00,,,,,,,1533.0,1533.0,,,0.0,,,0.0
2025-07-27 18:00:00,,,,,,,1533.0,1533.0,,,0.0,,,0.0
2025-07-27 19:00:00,,,,,,,1533.0,1533.0,,,0.0,,,0.0
2025-07-27 20:00:00,,,,,,,1533.0,1533.0,,,0.0,,,0.0
2025-07-27 21:00:00,,,,,,,1529.0,1529.0,,,0.0,,,0.0
2025-07-27 22:00:00,,,,,,,1533.0,1533.0,,,0.0,,,0.0
2025-07-27 23:00:00,,,,,,,1529.0,1529.0,,,0.0,,,0.0
2025-07-28 00:00:00,,,,,,,1529.0,1529.0,,,0.0,,,0.0
2025-07-28 01:00:00,,,,,,,1533.0,1533.0,,,0.0,,,0.0
2025-07-28 02:00:00,,,,,,,1533.0,1533.0,,,0.0,,,0.0
2025-07-28 03:00:00,,,,,,,1529.0,1529.0,,,0.0,,,0.0
2025-07-28 04:00:00,,,,,,,1533.0,1533.0,,,0.0,,,0.0
2025-07-28 05:00:00,,,,,,,1533.0,1533.0,,,0.0,,,0.0
2025-07-28 06:00:00,,,,,,,1533.0,1533.0,,,0.0,,,0.0
2025-07-28 07:00:00,,,,,,,1533.0,1533.0,,,0.0,,,0.0
2025-07-28 08:00:00,,,,,,,509.0,509.0,,,0.0,,,0.0
2025-07-28 09:00:00,,,,,,,509.0,509.0,,,0.0,,,0.0
2025-07-28 10:00:00,,,,,,,509.0,509.0,,,0.0,,,0.0
2025-07-28 11:00:00,,,,,,,509.0,509.0,,,0.0,,,0.0
2025-07-28 12:00:00,,,,,,,509.0,509.0,,,0.0,,,0.0
2025-07-28 13:00:00,,,,,,,509.0,509.0,,,0.0,,,0.0
2025-07-28 14:00:00,,,,,,,509.0,509.0,,,0.0,,,0.0
2025-07-28 15:00:00,,,,,,,509.0,509.0,,,0.0,,,0.0
2025-07-28 16:00:00,,,,,,,509.0,509.0,,,0.0,,,0.0
2025-07-28 17:00:00,,,,,,,1533.0,1533.0,,,0.0,,,0.0
2025-07-28 18:00:00,,,,,,,1533.0,1533.0,,,0.0,,,0.0
2025-07-28 19:00:00,,,,,,,1533.0,1533.0,,,0.0,,,0.0
2025-07-28 20:00:00,,,,,,,1533.0,1533.0,,,0.0,,,0.0
2025-07-28 21:00:00,,,,,,,1533.0,1533.0,,,0.0,,,0.0
2025-07-28 22:00:00,,,,,,,1533.0,1533.0,,,0.0,,,0.0
2025-07-28 23:00:00,,,,,,,1533.0,1533.0,,,0.0,,,0.0
2025-07-29 00:00:00,,,,,,,1533.0,1533.0,,,0.0,,,0.0
2025-07-29 01:00:00,,,,,,,1533.0,1533.0,,,0.0,,,0.0
2025-07-29 02:00:00,,,,,,,1533.0,1533.0,,,0.0,,,0.0
2025-07-29 03:00:00,,,,,,,1533.0,1533.0,,,0.0,,,0.0
2025-07-29 04:00:00,,,,,,,1533.0,1533.0,,,0.0,,,0.0
2025-07-29 05:00:00,,,,,,,1533.0,1533.0,,,0.0,,,0.0
2025-07-29 06:00:00,,,,,,,1273.0,1273.0,,,0.0,,,0.0
2025-07-29 07:00:00,,,,,,,1533.0,1533.0,,,0.0,,,0.0
2025-07-29 08:00:00,,,,,,,509.0,509.0,,,0.0,,,0.0
2025-07-29 09:00:00,,,,,,,509.0,509.0,,,0.0,,,0.0
2025-07-29 10:00:00,,,,,,,509.0,509.0,,,0.0,,,0.0
2025-07-29 11:00:00,,,,,,,509.0,509.0,,,0.0,,,0.0
2025-07-29 12:00:00,,,,,,,509.0,509.0,,,0.0,,,0.0
2025-07-29 13:00:00,,,,,,,509.0,509.0,,,0.0,,,0.0
2025-07-29 14:00:00,,,,,,,509.0,509.0,,,0.0,,,0.0
2025-07-29 15:00:00,,,,,,,509.0,509.0,,,0.0,,,0.0
2025-07-29 16:00:00,,,,,,,509.0,509.0,,,0.0,,,0.0
2025-07-29 17:00:00,,,,,,,1533.0,1533.0,,,0.0,,,0.0
2025-07-29 18:00:00,,,,,,,1533.0,1533.0,,,0.0,,,0.0
2025-07-29 19:00:00,,,,,,,1533.0,1533.0,,,0.0,,,0.0
2025-07-29 20:00:00,,,,,,,1533.0,1533.0,,,0.0,,,0.0
2025-07-29 21:00:00,,,,,,,1529.0,1529.0,,,0.0,,,0.0
2025-07-29 22:00:00,,,,,,,1533.0,1533.0,,,0.0,,,0.0
2025-07-29 23:00:00,,,,,,,1529.0,1529.0,,,0.0,,,0.0
2025-07-30 00:00:00,,,,,,,1533.0,1533.0,,,0.0,,,0.0
2025-07-30 01:00:00,,,,,,,1533.0,1533.0,,,0.0,,,0.0
2025-07-30 02:00:00,,,,,,,1533.0,1533.0,,,0.0,,,0.0
2025-07-30 03:00:00,,,,,,,1533.0,1533.0,,,0.0,,,0.0
2025-07-30 04:00:00,,,,,,,1529.0,1529.0,,,0.0,,,0.0
2025-07-30 05:00:00,,,,,,,1533.0,1533.0,,,0.0,,,0.0
2025-07-30 06:00:00,,,,,,,1533.0,1533.0,,,0.0,,,0.0
2025-07-30 07:00:00,,,,,,,1533.0,1533.0,,,0.0,,,0.0
2025-07-30 08:00:00,,,,,,,509.0,509.0,,,0.0,,,0.0
2025-07-30 09:00:00,,,,,,,509.0,509.0,,,0.0,,,0.0
2025-07-30 10:00:00,,,,,,,509.0,509.0,,,0.0,,,0.0
2025-07-30 11:00:00,,,,,,,509.0,509.0,,,0.0,,,0.0
2025-07-30 12:00:00,,,,,,,509.0,509.0,,,0.0,,,0.0
2025-07-30 13:00:00,,,,,,,509.0,509.0,,,0.0,,,0.0
2025-07-30 14:00:00,,,,,,,509.0,509.0,,,0.0,,,0.0
2025-07-30 15:00:00,,,,,,,509.0,509.0,,,0.0,,,0.0
2025-07-30 16:00:00,,,,,,,509.0,509.0,,,0.0,,,0.0
2025-07-30 17:00:00,,,,,,,1533.0,1533.0,,,0.0,,,0.0
2025-07-30 18:00:00,,,,,,,1533.0,1533.0,,,0.0,,,0.0
2025-07-30 19:00:00,,,,,,,1529.0,1529.0,,,0.0,,,0.0
2025-07-30 20:00:00,,,,,,,1533.0,1533.0,,,0.0,,,0.0
2025-07-30 21:00:00,,,,,,,1533.0,1533.0,,,0.0,,,0.0
2025-07-30 22:00:00,,,,,,,1529.0,1529.0,,,0.0,,,0.0
2025-07-30 23:00:00,,,,,,,1273.0,1273.0,,,0.0,,,0.0
2025-07-31 00:00:00,,,,,,,1273.0,1273.0,,,0.0,,,0.0
2025-07-31 01:00:00,,,,,,,1533.0,1533.0,,,0.0,,,0.0
2025-07-31 02:00:00,,,,,,,1533.0,1533.0,,,0.0,,,0.0
2025-07-31 03:00:00,,,,,,,1533.0,1533.0,,,0.0,,,0.0
2025-07-31 04:00:00,,,,,,,1533.0,1533.0,,,0.0,,,0.0
2025-07-31 05:00:00,,,,,,,1533.0,1533.0,,,0.0,,,0.0
2025-07-31 06:00:00,,,,,,,1273.0,1273.0,,,0.0,,,0.0
2025-07-31 07:00:00,,,,,,,1533.0,1533.0,,,0.0,,,0.0
2025-07-31 08:00:00,,,,,,,509.0,509.0,,,0.0,,,0.0
2025-07-31 09:00:00,,,,,,,509.0,509.0,0.3742,0.1196,3.0,0.6157,0.04640001,3.0
2025-07-31 10:00:00,,,,,,,509.0,509.0,,,0.0,,,0.0
2025-07-31 11:00:00,,,,,,,509.0,509.0,,,0.0,,,0.0
2025-07-31 12:00:00,,,,,,,509.0,509.0,,,0.0,,,0.0
2025-07-31 13:00:00,,,,,,,509.0,509.0,0.235,0.0,1.0,0.8097,0.0,1.0
2025-07-31 14:00:00,,,,,,,509.0,509.0,,,0.0,,,0.0
2025-07-31 15:00:00,,,,,,,509.0,509.0,,,0.0,,,0.0
2025-07-31 16:00:00,,,,,,,509.0,509.0,,,0.0,,,0.0
2025-07-31 17:00:00,,,,,,,1533.0,1533.0,,,0.0,,,0.0
2025-07-31 18:00:00,,,,,,,1529.0,1529.0,,,0.0,,,0.0
2025-07-31 19:00:00,,,,,,,1533.0,1533.0,,,0.0,,,0.0
2025-07-31 20:00:00,,,,,,,1273.0,1273.0,,,0.0,,,0.0
2025-07-31 21:00:00,,,,,,,1273.0,1273.0,,,0.0,,,0.0
2025-07-31 22:00:00,,,,,,,1273.0,1273.0,,,0.0,,,0.0
2025-07-31 23:00:00,,,,,,,1273.0,1273.0,,,0.0,,,0.0
2025-08-01 00:00:00,,,,,,,1529.0,1529.0,,,0.0,,,0.0
2025-08-01 01:00:00,,,,,,,1529.0,1529.0,,,0.0,,,0.0
2025-08-01 02:00:00,,,,,,,1273.0,1273.0,,,0.0,,,0.0
2025-08-01 03:00:00,,,,,,,1273.0,1273.0,,,0.0,,,0.0
2025-08-01 04:00:00,,,,,,,1273.0,1273.0,,,0.0,,,0.0
2025-08-01 05:00:00,,,,,,,1273.0,1273.0,,,0.0,,,0.0
2025-08-01 06:00:00,,,,,,,1273.0,1273.0,,,0.0,,,0.0
2025-08-01 07:00:00,,,,,,,1273.0,1273.0,,,0.0,,,0.0
2025-08-01 08:00:00,,,,,,,509.0,509.0,0.9982,0.049999997,2.0,0.3419,0.033599973,2.0
2025-08-01 09:00:00,,,,,,,509.0,509.0,1.232,0.0,1.0,0.2687,0.0,1.0
2025-08-01 10:00:00,,,,,,,509.0,509.0,,,0.0,,,0.0
2025-08-01 11:00:00,,,,,,,509.0,509.0,,,0.0,,,0.0
2025-08-01 12:00:00,,,,,,,509.0,509.0,,,0.0,,,0.0
2025-08-01 13:00:00,,,,,,,509.0,509.0,,,0.0,,,0.0
2025-08-01 14:00:00,,,,,,,509.0,509.0,,,0.0,,,0.0
2025-08-01 15:00:00,,,,,,,509.0,509.0,,,0.0,,,0.0
2025-08-01 16:00:00,,,,,,,509.0,509.0,,,0.0,,,0.0
2025-08-01 17:00:00,,,,,,,1533.0,1533.0,,,0.0,,,0.0
2025-08-01 18:00:00,,,,,,,1533.0,1533.0,,,0.0,,,0.0
2025-08-01 19:00:00,,,,,,,1533.0,1533.0,,,0.0,,,0.0
2025-08-01 20:00:00,,,,,,,1533.0,1533.0,,,0.0,,,0.0
2025-08-01 21:00:00,,,,,,,1533.0,1533.0,,,0.0,,,0.0
2025-08-01 22:00:00,,,,,,,1533.0,1533.0,,,0.0,,,0.0
2025-08-01 23:00:00,,,,,,,1533.0,1533.0,,,0.0,,,0.0
2025-08-02 00:00:00,,,,,,,1533.0,1533.0,,,0.0,,,0.0
2025-08-02 01:00:00,,,,,,,1533.0,1533.0,,,0.0,,,0.0
2025-08-02 02:00:00,,,,,,,1533.0,1533.0,,,0.0,,,0.0
2025-08-02 03:00:00,,,,,,,1529.0,1529.0,,,0.0,,,0.0
2025-08-02 04:00:00,,,,,,,1533.0,1533.0,,,0.0,,,0.0
2025-08-02 05:00:00,,,,,,,1529.0,1529.0,,,0.0,,,0.0
2025-08-02 06:00:00,,,,,,,1529.0,1529.0,,,0.0,,,0.0
2025-08-02 07:00:00,,,,,,,1533.0,1533.0,,,0.0,,,0.0
2025-08-02 08:00:00,,,,,,,505.0,504.0,1.1015999,0.21059999,6.0,0.30229998,0.13370001,6.0
2025-08-02 09:00:00,,,,,,,509.0,509.0,1.408,0.0,1.0,0.227,0.0,1.0
2025-08-02 10:00:00,,,,,,,509.0,509.0,,,0.0,,,0.0
2025-08-02 11:00:00,,,,,,,509.0,509.0,,,0.0,,,0.0
2025-08-02 12:00:00,,,,,,,509.0,509.0,,,0.0,,,0.0
2025-08-02 13:00:00,,,,,,,509.0,509.0,,,0.0,,,0.0
2025-08-02 14:00:00,,,,,,,509.0,509.0,,,0.0,,,0.0
2025-08-02 15:00:00,,,,,,,509.0,509.0,,,0.0,,,0.0
2025-08-02 16:00:00,,,,,,,505.0,504.0,0.5158,0.0004,2.0,0.61029994,0.011599958,2.0
2025-08-02 17:00:00,,,,,,,1533.0,1533.0,0.537,0.0,1.0,0.6551,0.0,1.0
2025-08-02 18:00:00,,,,,,,1533.0,1533.0,,,0.0,,,0.0
2025-08-02 19:00:00,,,,,,,1533.0,1533.0,,,0.0,,,0.0
2025-08-02 20:00:00,,,,,,,1533.0,1533.0,,,0.0,,,0.0
2025-08-02 21:00:00,,,,,,,1529.0,1529.0,,,0.0,,,0.0
2025-08-02 22:00:00,,,,,,,1273.0,1273.0,,,0.0,,,0.0
2025-08-02 23:00:00,,,,,,,1533.0,1533.0,,,0.0,,,0.0
2025-08-03 00:00:00,,,,,,,1529.0,1529.0,,,0.0,,,0.0
2025-08-03 01:00:00,,,,,,,1533.0,1533.0,,,0.0,,,0.0
2025-08-03 02:00:00,,,,,,,1529.0,1529.0,,,0.0,,,0.0
2025-08-03 03:00:00,,,,,,,1533.0,1533.0,,,0.0,,,0.0
2025-08-03 04:00:00,,,,,,,1533.0,1533.0,,,0.0,,,0.0
2025-08-03 05:00:00,,,,,,,1529.0,1529.0,,,0.0,,,0.0
2025-08-03 06:00:00,,,,,,,1529.0,1529.0,,,0.0,,,0.0
2025-08-03 07:00:00,,,,,,,1533.0,1533.0,,,0.0,,,0.0
2025-08-03 08:00:00,,,,,,,505.0,504.0,0.9162,0.228,2.0,0.592,0.18649995,2.0
2025-08-03 09:00:00,,,,,,,505.0,504.0,0.8602,0.114,2.0,0.41249996,0.049399972,2.0
2025-08-03 10:00:00,,,,,,,509.0,509.0,,,0.0,,,0.0
2025-08-03 11:00:00,,,,,,,509.0,509.0,,,0.0,,,0.0
2025-08-03 12:00:00,,,,,,,509.0,509.0,,,0.0,,,0.0
2025-08-03 13:00:00,,,,,,,509.0,509.0,,,0.0,,,0.0
2025-08-03 14:00:00,,,,,,,2553.0,2552.0,0.0178,0.0,1.0,0.878,0.0,1.0
2025-08-03 15:00:00,,,,,,,509.0,509.0,0.16759999,0.1598,2.0,0.81149995,0.073599994,2.0
2025-08-03 16:00:00,,,,,,,509.0,509.0,,,0.0,,,0.0
2025-08-03 17:00:00,,,,,,,1533.0,1533.0,0.5316,0.0,1.0,0.832,0.0,1.0
2025-08-03 18:00:00,,,,,,,1533.0,1533.0,,,0.0,,,0.0
2025-08-03 19:00:00,,,,,,,1533.0,1533.0,,,0.0,,,0.0
2025-08-03 20:00:00,,,,,,,1533.0,1533.0,,,0.0,,,0.0
2025-08-03 21:00:00,,,,,,,1533.0,1533.0,,,0.0,,,0.0
2025-08-03 22:00:00,,,,,,,1529.0,1529.0,,,0.0,,,0.0
2025-08-03 23:00:00,,,,,,,1273.0,1273.0,,,0.0,,,0.0
2025-08-04 00:00:00,,,,,,,1533.0,1533.0,,,0.0,,,0.0
2025-08-04 01:00:00,,,,,,,1533.0,1533.0,,,0.0,,,0.0
2025-08-04 02:00:00,,,,,,,1533.0,1533.0,,,0.0,,,0.0
2025-08-04 03:00:00,,,,,,,1273.0,1273.0,,,0.0,,,0.0
2025-08-04 04:00:00,,,,,,,1273.0,1273.0,,,0.0,,,0.0
2025-08-04 05:00:00,,,,,,,1273.0,1273.0,,,0.0,,,0.0
2025-08-04 06:00:00,,,,,,,1529.0,1529.0,,,0.0,,,0.0
2025-08-04 07:00:00,,,,,,,1533.0,1533.0,,,0.0,,,0.0
2025-08-04 08:00:00,,,,,,,509.0,509.0,1.1552,0.1226,2.0,0.3455,0.078700006,2.0
2025-08-04 09:00:00,,,,,,,509.0,509.0,0.6588,0.0,1.0,0.6589,0.0,1.0
2025-08-04 10:00:00,,,,,,,509.0,509.0,,,0.0,,,0.0
2025-08-04 11:00:00,,,,,,,509.0,509.0,,,0.0,,,0.0
2025-08-04 12:00:00,,,,,,,509.0,509.0,0.1762,0.0,1.0,0.8205,0.0,1.0
2025-08-04 13:00:00,,,,,,,509.0,509.0,0.4416,0.0,1.0,0.8392,0.0,1.0
2025-08-04 14:00:00,,,,,,,509.0,509.0,,,0.0,,,0.0
2025-08-04 15:00:00,,,,,,,509.0,509.0,,,0.0,,,0.0
2025-08-04 16:00:00,,,,,,,509.0,509.0,0.1188,0.0,1.0,0.9470999,0.0,1.0
2025-08-04 17:00:00,,,,,,,1533.0,1533.0,0.3056,0.018,4.0,0.9928,0.0255,4.0
2025-08-04 18:00:00,,,,,,,1529.0,1529.0,,,0.0,,,0.0
2025-08-04 19:00:00,,,,,,,1529.0,1529.0,,,0.0,,,0.0
2025-08-04 20:00:00,,,,,,,1529.0,1529.0,,,0.0,,,0.0
2025-08-04 21:00:00,,,,,,,1273.0,1273.0,,,0.0,,,0.0
2025-08-04 22:00:00,,,,,,,1273.0,1273.0,,,0.0,,,0.0
2025-08-04 23:00:00,,,,,,,1533.0,1533.0,,,0.0,,,0.0
2025-08-05 00:00:00,,,,,,,1533.0,1533.0,,,0.0,,,0.0
2025-08-05 01:00:00,,,,,,,1533.0,1533.0,,,0.0,,,0.0
2025-08-05 02:00:00,,,,,,,1529.0,1529.0,,,0.0,,,0.0
2025-08-05 03:00:00,,,,,,,1533.0,1533.0,,,0.0,,,0.0
2025-08-05 04:00:00,,,,,,,1533.0,1533.0,,,0.0,,,0.0
2025-08-05 05:00:00,,,,,,,1533.0,1533.0,,,0.0,,,0.0
2025-08-05 06:00:00,,,,,,,1533.0,1533.0,,,0.0,,,0.0
2025-08-05 07:00:00,,,,,,,1533.0,1533.0,,,0.0,,,0.0
2025-08-05 08:00:00,,,,,,,505.0,505.0,,,0.0,,,0.0
2025-08-05 09:00:00,,,,,,,509.0,509.0,1.2342,0.0,1.0,0.3951,0.0,1.0
2025-08-05 10:00:00,,,,,,,509.0,509.0,,,0.0,,,0.0
2025-08-05 11:00:00,,,,,,,509.0,509.0,,,0.0,,,0.0
2025-08-05 12:00:00,,,,,,,509.0,509.0,,,0.0,,,0.0
2025-08-05 13:00:00,,,,,,,509.0,509.0,,,0.0,,,0.0
2025-08-05 14:00:00,,,,,,,509.0,509.0,0.57,0.0,1.0,0.9948,0.0,1.0
2025-08-05 15:00:00,,,,,,,509.0,509.0,,,0.0,,,0.0
2025-08-05 16:00:00,,,,,,,509.0,509.0,0.6602,0.0,1.0,0.7846,0.0,1.0
2025-08-05 17:00:00,,,,,,,1533.0,1533.0,,,0.0,,,0.0
2025-08-05 18:00:00,,,,,,,1533.0,1533.0,,,0.0,,,0.0
2025-08-05 19:00:00,,,,,,,1533.0,1533.0,,,0.0,,,0.0
2025-08-05 20:00:00,,,,,,,1529.0,1529.0,,,0.0,,,0.0
2025-08-05 21:00:00,,,,,,,1533.0,1533.0,,,0.0,,,0.0
2025-08-05 22:00:00,,,,,,,1533.0,1533.0,,,0.0,,,0.0
2025-08-05 23:00:00,,,,,,,1533.0,1533.0,,,0.0,,,0.0
2025-08-06 00:00:00,,,,,,,1529.0,1529.0,,,0.0,,,0.0
2025-08-06 01:00:00,,,,,,,1533.0,1533.0,,,0.0,,,0.0
2025-08-06 02:00:00,,,,,,,1533.0,1533.0,,,0.0,,,0.0
2025-08-06 03:00:00,,,,,,,1533.0,1533.0,,,0.0,,,0.0
2025-08-06 04:00:00,,,,,,,1533.0,1533.0,,,0.0,,,0.0
2025-08-06 05:00:00,,,,,,,1529.0,1529.0,,,0.0,,,0.0
2025-08-06 06:00:00,,,,,,,1533.0,1533.0,,,0.0,,,0.0
2025-08-06 07:00:00,,,,,,,1533.0,1533.0,,,0.0,,,0.0
2025-08-06 08:00:00,,,,,,,509.0,509.0,1.3262,0.0,1.0,0.153,0.0,1.0
2025-08-06 09:00:00,,,,,,,509.0,509.0,,,0.0,,,0.0
2025-08-06 10:00:00,,,,,,,505.0,505.0,,,0.0,,,0.0
2025-08-06 11:00:00,,,,,,,509.0,509.0,,,0.0,,,0.0
2025-08-06 12:00:00,,,,,,,509.0,509.0,,,0.0,,,0.0
2025-08-06 13:00:00,,,,,,,509.0,509.0,,,0.0,,,0.0
2025-08-06 14:00:00,,,,,,,509.0,509.0,,,0.0,,,0.0
2025-08-06 15:00:00,,,,,,,509.0,509.0,,,0.0,,,0.0
2025-08-06 16:00:00,,,,,,,505.0,504.0,0.7058,0.0288,2.0,1.1171,0.078999996,2.0
2025-08-06 17:00:00,,,,,,,1533.0,1533.0,,,0.0,,,0.0
2025-08-06 18:00:00,,,,,,,1533.0,1533.0,,,0.0,,,0.0
2025-08-06 19:00:00,,,,,,,1533.0,1533.0,,,0.0,,,0.0
2025-08-06 20:00:00,,,,,,,1533.0,1533.0,,,0.0,,,0.0
2025-08-06 21:00:00,,,,,,,1533.0,1533.0,,,0.0,,,0.0
2025-08-06 22:00:00,,,,,,,1529.0,1529.0,,,0.0,,,0.0
2025-08-06 23:00:00,,,,,,,1529.0,1529.0,,,0.0,,,0.0
2025-08-07 00:00:00,,,,,,,1533.0,1533.0,,,0.0,,,0.0
2025-08-07 01:00:00,,,,,,,1529.0,1529.0,,,0.0,,,0.0
2025-08-07 02:00:00,,,,,,,1533.0,1533.0,,,0.0,,,0.0
2025-08-07 03:00:00,,,,,,,1533.0,1533.0,,,0.0,,,0.0
2025-08-07 04:00:00,,,,,,,1533.0,1533.0,,,0.0,,,0.0
2025-08-07 05:00:00,,,,,,,1533.0,1533.0,,,0.0,,,0.0
2025-08-07 06:00:00,,,,,,,1533.0,1533.0,,,0.0,,,0.0
2025-08-07 07:00:00,,,,,,,1533.0,1533.0,,,0.0,,,0.0
2025-08-07 08:00:00,,,,,,,509.0,509.0,1.0674,0.0,1.0,0.4594,0.0,1.0
2025-08-07 09:00:00,,,,,,,505.0,504.0,0.48639998,0.1866,5.0,1.0781,0.03219998,5.0
2025-08-07 10:00:00,,,,,,,2553.0,2552.0,0.0046,0.0,1.0,1.018,0.0,1.0
2025-08-07 11:00:00,,,,,,,509.0,509.0,0.213,0.0,1.0,1.0482,0.0,1.0
2025-08-07 12:00:00,,,,,,,509.0,509.0,,,0.0,,,0.0
2025-08-07 13:00:00,,,,,,,509.0,509.0,,,0.0,,,0.0
2025-08-07 14:00:00,,,,,,,505.0,505.0,,,0.0,,,0.0
2025-08-07 15:00:00,,,,,,,509.0,509.0,0.0074,0.0,1.0,1.0436,0.0,1.0
2025-08-07 16:00:00,,,,,,,509.0,509.0,,,0.0,,,0.0
2025-08-07 17:00:00,,,,,,,1533.0,1533.0,,,0.0,,,0.0
2025-08-07 18:00:00,,,,,,,1533.0,1533.0,,,0.0,,,0.0
2025-08-07 19:00:00,,,,,,,1533.0,1533.0,,,0.0,,,0.0
2025-08-07 20:00:00,,,,,,,1533.0,1533.0,,,0.0,,,0.0
2025-08-07 21:00:00,,,,,,,1533.0,1533.0,,,0.0,,,0.0
2025-08-07 22:00:00,,,,,,,1273.0,1273.0,,,0.0,,,0.0
2025-08-07 23:00:00,,,,,,,1273.0,1273.0,,,0.0,,,0.0
2025-08-08 00:00:00,,,,,,,1273.0,1273.0,,,0.0,,,0.0
2025-08-08 01:00:00,,,,,,,1273.0,1273.0,,,0.0,,,0.0
2025-08-08 02:00:00,,,,,,,1273.0,1273.0,,,0.0,,,0.0
2025-08-08 03:00:00,,,,,,,1273.0,1273.0,,,0.0,,,0.0
2025-08-08 04:00:00,,,,,,,1273.0,1273.0,,,0.0,,,0.0
2025-08-08 05:00:00,,,,,,,1273.0,1273.0,,,0.0,,,0.0
2025-08-08 06:00:00,,,,,,,1273.0,1273.0,,,0.0,,,0.0
2025-08-08 07:00:00,,,,,,,1273.0,1273.0,,,0.0,,,0.0
2025-08-08 08:00:00,,0.2454,,0.2884,,,248.0,192.0,0.7076,0.2144,6.0,0.7688,0.1361,6.0
2025-08-08 09:00:00,0.19299999,,,,,,2241.0,2296.0,0.19219999,0.0372,6.0,1.025,0.00909996,6.0
2025-08-08 10:00:00,,,,,,,509.0,509.0,0.1256,0.14459999,5.0,1.0410999,0.03789997,5.0
2025-08-08 11:00:00,,,,,,,505.0,505.0,,,0.0,,,0.0
2025-08-08 12:00:00,,,,,,,509.0,509.0,,,0.0,,,0.0
2025-08-08 13:00:00,,,,,,,509.0,509.0,,,0.0,,,0.0
2025-08-08 14:00:00,,,,,,,509.0,509.0,,,0.0,,,0.0
2025-08-08 15:00:00,,,,,,,509.0,509.0,,,0.0,,,0.0
2025-08-08 16:00:00,,,,,,,509.0,509.0,,,0.0,,,0.0
2025-08-08 17:00:00,,,,,,,1533.0,1533.0,,,0.0,,,0.0
2025-08-08 18:00:00,,,,,,,1533.0,1533.0,,,0.0,,,0.0
2025-08-08 19:00:00,,,,,,,1529.0,1529.0,,,0.0,,,0.0
2025-08-08 20:00:00,,,,,,,1533.0,1533.0,,,0.0,,,0.0
2025-08-08 21:00:00,,,,,,,1533.0,1533.0,,,0.0,,,0.0
2025-08-08 22:00:00,,,,,,,1529.0,1529.0,,,0.0,,,0.0
2025-08-08 23:00:00,,,,,,,1529.0,1529.0,,,0.0,,,0.0
2025-08-09 00:00:00,,,,,,,1533.0,1533.0,,,0.0,,,0.0
2025-08-09 01:00:00,,,,,,,1529.0,1529.0,,,0.0,,,0.0
2025-08-09 02:00:00,,,,,,,1529.0,1529.0,,,0.0,,,0.0
2025-08-09 03:00:00,,,,,,,1533.0,1533.0,,,0.0,,,0.0
2025-08-09 04:00:00,,,,,,,1533.0,1533.0,,,0.0,,,0.0
2025-08-09 05:00:00,,,,,,,1533.0,1533.0,,,0.0,,,0.0
2025-08-09 06:00:00,,,,,,,1533.0,1533.0,,,0.0,,,0.0
2025-08-09 07:00:00,,,,,,,1533.0,1533.0,,,0.0,,,0.0
2025-08-09 08:00:00,,,,,,,509.0,509.0,,,0.0,,,0.0
2025-08-09 09:00:00,,,,,,,509.0,509.0,1.378,0.0,1.0,0.46649998,0.0,1.0
2025-08-09 10:00:00,,,,,,,509.0,509.0,,,0.0,,,0.0
2025-08-09 11:00:00,,,,,,,505.0,505.0,0.73139995,0.100999996,3.0,1.4188,0.044799984,3.0
2025-08-09 12:00:00,,,,,,,509.0,509.0,,,0.0,,,0.0
2025-08-09 13:00:00,,,,,,,509.0,509.0,,,0.0,,,0.0
2025-08-09 14:00:00,,,,,,,509.0,509.0,,,0.0,,,0.0
2025-08-09 15:00:00,,,,,,,509.0,509.0,,,0.0,,,0.0
2025-08-09 16:00:00,,,,,,,509.0,509.0,,,0.0,,,0.0
2025-08-09 17:00:00,,,,,,,1533.0,1533.0,,,0.0,,,0.0
2025-08-09 18:00:00,,,,,,,1533.0,1533.0,,,0.0,,,0.0
2025-08-09 19:00:00,,,,,,,1533.0,1533.0,,,0.0,,,0.0
2025-08-09 20:00:00,,,,,,,1533.0,1533.0,,,0.0,,,0.0
2025-08-09 21:00:00,,,,,,,1533.0,1533.0,,,0.0,,,0.0
2025-08-09 22:00:00,,,,,,,1529.0,1529.0,,,0.0,,,0.0
2025-08-09 23:00:00,,,,,,,1533.0,1533.0,,,0.0,,,0.0
2025-08-10 00:00:00,,,,,,,1533.0,1533.0,,,0.0,,,0.0
2025-08-10 01:00:00,,,,,,,1533.0,1533.0,,,0.0,,,0.0
2025-08-10 02:00:00,,,,,,,1533.0,1533.0,,,0.0,,,0.0
2025-08-10 03:00:00,,,,,,,1273.0,1273.0,,,0.0,,,0.0
2025-08-10 04:00:00,,,,,,,1533.0,1533.0,,,0.0,,,0.0
2025-08-10 05:00:00,,,,,,,1529.0,1529.0,,,0.0,,,0.0
2025-08-10 06:00:00,,,,,,,1273.0,1273.0,,,0.0,,,0.0
2025-08-10 07:00:00,,,,,,,1273.0,1273.0,,,0.0,,,0.0
2025-08-10 08:00:00,,,,,,,509.0,509.0,,,0.0,,,0.0
2025-08-10 09:00:00,,,,,,,505.0,505.0,0.0914,0.030399999,5.0,1.0181999,0.011699975,5.0
2025-08-10 10:00:00,,,,,,,505.0,505.0,,,0.0,,,0.0
2025-08-10 11:00:00,,,,,,,509.0,509.0,,,0.0,,,0.0
2025-08-10 12:00:00,,,,,,,505.0,504.0,0.1498,0.0,1.0,1.0623,0.0,1.0
2025-08-10 13:00:00,,,,,,,509.0,509.0,0.0166,0.0,1.0,1.0618,0.0,1.0
2025-08-10 14:00:00,,,,,,,509.0,509.0,,,0.0,,,0.0
2025-08-10 15:00:00,,,,,,,509.0,509.0,0.7244,0.0,1.0,1.007,0.0,1.0
2025-08-10 16:00:00,,,,,,,509.0,509.0,,,0.0,,,0.0
2025-08-10 17:00:00,,,,,,,1533.0,1533.0,,,0.0,,,0.0
2025-08-10 18:00:00,,,,,,,1533.0,1533.0,,,0.0,,,0.0
2025-08-10 19:00:00,,,,,,,1533.0,1533.0,,,0.0,,,0.0
2025-08-10 20:00:00,,,,,,,1533.0,1533.0,,,0.0,,,0.0
2025-08-10 21:00:00,,,,,,,1533.0,1533.0,,,0.0,,,0.0
2025-08-10 22:00:00,,,,,,,1533.0,1533.0,,,0.0,,,0.0
2025-08-10 23:00:00,,,,,,,1533.0,1533.0,,,0.0,,,0.0
2025-08-11 00:00:00,,,,,,,1533.0,1533.0,,,0.0,,,0.0
2025-08-11 01:00:00,,,,,,,1533.0,1533.0,,,0.0,,,0.0
2025-08-11 02:00:00,,,,,,,1533.0,1533.0,,,0.0,,,0.0
2025-08-11 03:00:00,,,,,,,1529.0,1529.0,,,0.0,,,0.0
2025-08-11 04:00:00,,,,,,,1529.0,1529.0,,,0.0,,,0.0
2025-08-11 05:00:00,,,,,,,1533.0,1533.0,,,0.0,,,0.0
2025-08-11 06:00:00,,,,,,,1529.0,1529.0,,,0.0,,,0.0
2025-08-11 07:00:00,,,,,,,1533.0,1533.0,,,0.0,,,0.0
2025-08-11 08:00:00,,,,,,,509.0,509.0,,,0.0,,,0.0
2025-08-11 09:00:00,,,,,,,509.0,509.0,1.0152,0.0,1.0,0.7958,0.0,1.0
2025-08-11 10:00:00,,,,,,,509.0,509.0,,,0.0,,,0.0
2025-08-11 11:00:00,,,,,,,509.0,509.0,,,0.0,,,0.0
2025-08-11 12:00:00,,,,,,,509.0,509.0,,,0.0,,,0.0
2025-08-11 13:00:00,,,,,,,509.0,509.0,,,0.0,,,0.0
2025-08-11 14:00:00,,,,,,,509.0,509.0,,,0.0,,,0.0
2025-08-11 15:00:00,,,,,,,509.0,509.0,,,0.0,,,0.0
2025-08-11 16:00:00,,,,,,,509.0,509.0,,,0.0,,,0.0
2025-08-11 17:00:00,,,,,,,1533.0,1533.0,,,0.0,,,0.0
2025-08-11 18:00:00,,,,,,,1533.0,1533.0,,,0.0,,,0.0
2025-08-11 19:00:00,,,,,,,1533.0,1533.0,,,0.0,,,0.0
2025-08-11 20:00:00,,,,,,,1533.0,1533.0,,,0.0,,,0.0
2025-08-11 21:00:00,,,,,,,1533.0,1533.0,,,0.0,,,0.0
2025-08-11 22:00:00,,,,,,,1533.0,1533.0,,,0.0,,,0.0
2025-08-11 23:00:00,,,,,,,1533.0,1533.0,,,0.0,,,0.0
2025-08-12 00:00:00,,,,,,,1533.0,1533.0,,,0.0,,,0.0
2025-08-12 01:00:00,,,,,,,1529.0,1529.0,,,0.0,,,0.0
2025-08-12 02:00:00,,,,,,,1529.0,1529.0,,,0.0,,,0.0
2025-08-12 03:00:00,,,,,,,1529.0,1529.0,,,0.0,,,0.0
2025-08-12 04:00:00,,,,,,,1533.0,1533.0,,,0.0,,,0.0
2025-08-12 05:00:00,,,,,,,1533.0,1533.0,,,0.0,,,0.0
2025-08-12 06:00:00,,,,,,,1533.0,1533.0,,,0.0,,,0.0
2025-08-12 07:00:00,,,,,,,1533.0,1533.0,,,0.0,,,0.0
2025-08-12 08:00:00,,,,,,,2553.0,2552.0,0.5676,0.0,1.0,0.8528,0.0,1.0
2025-08-12 09:00:00,,,,,,,509.0,509.0,0.746,0.0,1.0,0.7818999,0.0,1.0
2025-08-12 10:00:00,,,,,,,509.0,509.0,,,0.0,,,0.0
2025-08-12 11:00:00,,,,,,,509.0,509.0,,,0.0,,,0.0
2025-08-12 12:00:00,,,,,,,509.0,509.0,,,0.0,,,0.0
2025-08-12 13:00:00,,,,,,,509.0,509.0,,,0.0,,,0.0
2025-08-12 14:00:00,,,,,,,509.0,509.0,,,0.0,,,0.0
2025-08-12 15:00:00,,,,,,,509.0,509.0,,,0.0,,,0.0
2025-08-12 16:00:00,,,,,,,509.0,509.0,,,0.0,,,0.0
2025-08-12 17:00:00,,,,,,,1533.0,1533.0,,,0.0,,,0.0
2025-08-12 18:00:00,,,,,,,1533.0,1533.0,,,0.0,,,0.0
2025-08-12 19:00:00,,,,,,,1533.0,1533.0,,,0.0,,,0.0
2025-08-12 20:00:00,,,,,,,1533.0,1533.0,,,0.0,,,0.0
2025-08-12 21:00:00,,,,,,,1533.0,1533.0,,,0.0,,,0.0
2025-08-12 22:00:00,,,,,,,1533.0,1533.0,,,0.0,,,0.0
2025-08-12 23:00:00,,,,,,,1533.0,1533.0,,,0.0,,,0.0
2025-08-13 00:00:00,,,,,,,1533.0,1533.0,,,0.0,,,0.0
2025-08-13 01:00:00,,,,,,,1533.0,1533.0,,,0.0,,,0.0
2025-08-13 02:00:00,,,,,,,1529.0,1529.0,,,0.0,,,0.0
2025-08-13 03:00:00,,,,,,,1533.0,1533.0,,,0.0,,,0.0
2025-08-13 04:00:00,,,,,,,1533.0,1533.0,,,0.0,,,0.0
2025-08-13 05:00:00,,,,,,,1533.0,1533.0,,,0.0,,,0.0
2025-08-13 06:00:00,,,,,,,1533.0,1533.0,,,0.0,,,0.0
2025-08-13 07:00:00,,,,,,,1533.0,1533.0,,,0.0,,,0.0
2025-08-13 08:00:00,,,,,,,509.0,509.0,,,0.0,,,0.0
2025-08-13 09:00:00,,,,,,,509.0,509.0,,,0.0,,,0.0
2025-08-13 10:00:00,,,,,,,509.0,509.0,,,0.0,,,0.0
2025-08-13 11:00:00,,,,,,,509.0,509.0,,,0.0,,,0.0
2025-08-13 12:00:00,,,,,,,509.0,509.0,,,0.0,,,0.0
2025-08-13 13:00:00,,,,,,,509.0,509.0,,,0.0,,,0.0
2025-08-13 14:00:00,,,,,,,509.0,509.0,,,0.0,,,0.0
2025-08-13 15:00:00,,,,,,,509.0,509.0,,,0.0,,,0.0
2025-08-13 16:00:00,,,,,,,509.0,509.0,,,0.0,,,0.0
2025-08-13 17:00:00,,,,,,,1533.0,1533.0,0.0162,0.010199999,3.0,0.9369,0.0016999841,3.0
2025-08-13 18:00:00,,,,,,,1533.0,1533.0,,,0.0,,,0.0
2025-08-13 19:00:00,,,,,,,1533.0,1533.0,,,0.0,,,0.0
2025-08-13 20:00:00,,,,,,,1533.0,1533.0,,,0.0,,,0.0
2025-08-13 21:00:00,,,,,,,1529.0,1529.0,,,0.0,,,0.0
2025-08-13 22:00:00,,,,,,,1533.0,1533.0,,,0.0,,,0.0
2025-08-13 23:00:00,,,,,,,1529.0,1529.0,,,0.0,,,0.0
2025-08-14 00:00:00,,,,,,,1533.0,1533.0,,,0.0,,,0.0
2025-08-14 01:00:00,,,,,,,1533.0,1533.0,,,0.0,,,0.0
2025-08-14 02:00:00,,,,,,,1533.0,1533.0,,,0.0,,,0.0
2025-08-14 03:00:00,,,,,,,1533.0,1533.0,,,0.0,,,0.0
2025-08-14 04:00:00,,,,,,,1533.0,1533.0,,,0.0,,,0.0
2025-08-14 05:00:00,,,,,,,1533.0,1533.0,,,0.0,,,0.0
2025-08-14 06:00:00,,,,,,,1529.0,1529.0,,,0.0,,,0.0
2025-08-14 07:00:00,,,,,,,1533.0,1533.0,,,0.0,,,0.0
2025-08-14 08:00:00,,,,,,,509.0,509.0,1.1322,0.0,1.0,0.3969,0.0,1.0
2025-08-14 09:00:00,,,,,,,509.0,509.0,,,0.0,,,0.0
2025-08-14 10:00:00,,,,,,,505.0,504.0,0.8556,0.0,1.0,0.3373,0.0,1.0
2025-08-14 11:00:00,,,,,,,509.0,509.0,,,0.0,,,0.0
2025-08-14 12:00:00,,,,,,,509.0,509.0,,,0.0,,,0.0
2025-08-14 13:00:00,,,,,,,509.0,509.0,,,0.0,,,0.0
2025-08-14 14:00:00,,,,,,,509.0,509.0,,,0.0,,,0.0
2025-08-14 15:00:00,,,,,,,509.0,509.0,,,0.0,,,0.0
2025-08-14 16:00:00,,,,,,,509.0,509.0,,,0.0,,,0.0
2025-08-14 17:00:00,,,,,,,1533.0,1533.0,,,0.0,,,0.0
2025-08-14 18:00:00,,,,,,,1533.0,1533.0,,,0.0,,,0.0
2025-08-14 19:00:00,,,,,,,1533.0,1533.0,,,0.0,,,0.0
2025-08-14 20:00:00,,,,,,,1529.0,1529.0,,,0.0,,,0.0
2025-08-14 21:00:00,,,,,,,1529.0,1529.0,,,0.0,,,0.0
2025-08-14 22:00:00,,,,,,,1529.0,1529.0,,,0.0,,,0.0
2025-08-14 23:00:00,,,,,,,1529.0,1529.0,,,0.0,,,0.0
2025-08-15 00:00:00,,,,,,,1533.0,1533.0,,,0.0,,,0.0
2025-08-15 01:00:00,,,,,,,1533.0,1533.0,,,0.0,,,0.0
2025-08-15 02:00:00,,,,,,,1529.0,1529.0,,,0.0,,,0.0
2025-08-15 03:00:00,,,,,,,1529.0,1529.0,,,0.0,,,0.0
2025-08-15 04:00:00,,,,,,,1533.0,1533.0,,,0.0,,,0.0
2025-08-15 05:00:00,,,,,,,1529.0,1529.0,,,0.0,,,0.0
2025-08-15 06:00:00,,,,,,,1529.0,1529.0,,,0.0,,,0.0
2025-08-15 07:00:00,,,,,,,1533.0,1533.0,,,0.0,,,0.0
2025-08-15 08:00:00,,,,,,,509.0,509.0,,,0.0,,,0.0
2025-08-15 09:00:00,,,,,,,509.0,509.0,,,0.0,,,0.0
2025-08-15 10:00:00,,,,,,,509.0,509.0,,,0.0,,,0.0
2025-08-15 11:00:00,,,,,,,509.0,509.0,,,0.0,,,0.0
2025-08-15 12:00:00,,,,,,,509.0,509.0,,,0.0,,,0.0
2025-08-15 13:00:00,,,,,,,509.0,509.0,,,0.0,,,0.0
2025-08-15 14:00:00,,,,,,,509.0,509.0,,,0.0,,,0.0
2025-08-15 15:00:00,,,,,,,509.0,509.0,,,0.0,,,0.0
2025-08-15 16:00:00,,,,,,,509.0,509.0,,,0.0,,,0.0
2025-08-15 17:00:00,,,,,,,1533.0,1533.0,,,0.0,,,0.0
2025-08-15 18:00:00,,,,,,,1533.0,1533.0,,,0.0,,,0.0
2025-08-15 19:00:00,,,,,,,1533.0,1533.0,,,0.0,,,0.0
2025-08-15 20:00:00,,,,,,,1529.0,1529.0,,,0.0,,,0.0
2025-08-15 21:00:00,,,,,,,1533.0,1533.0,,,0.0,,,0.0
2025-08-15 22:00:00,,,,,,,1533.0,1533.0,,,0.0,,,0.0
2025-08-15 23:00:00,,,,,,,1529.0,1529.0,,,0.0,,,0.0
2025-08-16 00:00:00,,,,,,,1533.0,1533.0,,,0.0,,,0.0
2025-08-16 01:00:00,,,,,,,1533.0,1533.0,,,0.0,,,0.0
2025-08-16 02:00:00,,,,,,,1533.0,1533.0,,,0.0,,,0.0
2025-08-16 03:00:00,,,,,,,1533.0,1533.0,,,0.0,,,0.0
2025-08-16 04:00:00,,,,,,,1529.0,1529.0,,,0.0,,,0.0
2025-08-16 05:00:00,,,,,,,1533.0,1533.0,,,0.0,,,0.0
2025-08-16 06:00:00,,,,,,,1529.0,1529.0,,,0.0,,,0.0
2025-08-16 07:00:00,,,,,,,1533.0,1533.0,,,0.0,,,0.0
2025-08-16 08:00:00,,,,,,,509.0,509.0,,,0.0,,,0.0
2025-08-16 09:00:00,,,,,,,509.0,509.0,,,0.0,,,0.0
2025-08-16 10:00:00,,,,,,,509.0,509.0,,,0.0,,,0.0
2025-08-16 11:00:00,,,,,,,509.0,509.0,,,0.0,,,0.0
2025-08-16 12:00:00,,,,,,,509.0,509.0,,,0.0,,,0.0
2025-08-16 13:00:00,,,,,,,509.0,509.0,,,0.0,,,0.0
2025-08-16 14:00:00,,,,,,,509.0,509.0,,,0.0,,,0.0
2025-08-16 15:00:00,,,,,,,509.0,509.0,,,0.0,,,0.0
2025-08-16 16:00:00,,,,,,,509.0,509.0,,,0.0,,,0.0
2025-08-16 17:00:00,,,,,,,1533.0,1533.0,,,0.0,,,0.0
2025-08-16 18:00:00,,,,,,,1533.0,1533.0,,,0.0,,,0.0
2025-08-16 19:00:00,,,,,,,1533.0,1533.0,,,0.0,,,0.0
2025-08-16 20:00:00,,,,,,,1533.0,1533.0,,,0.0,,,0.0
2025-08-16 21:00:00,,,,,,,1533.0,1533.0,,,0.0,,,0.0
2025-08-16 22:00:00,,,,,,,1533.0,1533.0,,,0.0,,,0.0
2025-08-16 23:00:00,,,,,,,1533.0,1533.0,,,0.0,,,0.0
2025-08-17 00:00:00,,,,,,,1533.0,1533.0,,,0.0,,,0.0
2025-08-17 01:00:00,,,,,,,1533.0,1533.0,,,0.0,,,0.0
2025-08-17 02:00:00,,,,,,,1533.0,1533.0,,,0.0,,,0.0
2025-08-17 03:00:00,,,,,,,1533.0,1533.0,,,0.0,,,0.0
2025-08-17 04:00:00,,,,,,,1533.0,1533.0,,,0.0,,,0.0
2025-08-17 05:00:00,,,,,,,1533.0,1533.0,,,0.0,,,0.0
2025-08-17 06:00:00,,,,,,,1533.0,1533.0,,,0.0,,,0.0
2025-08-17 07:00:00,,,,,,,1533.0,1533.0,,,0.0,,,0.0
2025-08-17 08:00:00,,,,,,,509.0,509.0,,,0.0,,,0.0
2025-08-17 09:00:00,,,,,,,509.0,509.0,,,0.0,,,0.0
2025-08-17 10:00:00,,,,,,,509.0,509.0,,,0.0,,,0.0
2025-08-17 11:00:00,,,,,,,509.0,509.0,,,0.0,,,0.0
2025-08-17 12:00:00,,,,,,,509.0,509.0,,,0.0,,,0.0
2025-08-17 13:00:00,,,,,,,509.0,509.0,,,0.0,,,0.0
2025-08-17 14:00:00,,,,,,,509.0,509.0,,,0.0,,,0.0
2025-08-17 15:00:00,,,,,,,509.0,509.0,,,0.0,,,0.0
2025-08-17 16:00:00,,,,,,,509.0,509.0,,,0.0,,,0.0
2025-08-17 17:00:00,,,,,,,1533.0,1533.0,,,0.0,,,0.0
2025-08-17 18:00:00,,,,,,,1533.0,1533.0,,,0.0,,,0.0
2025-08-17 19:00:00,,,,,,,1529.0,1529.0,,,0.0,,,0.0
2025-08-17 20:00:00,,,,,,,1533.0,1533.0,,,0.0,,,0.0
2025-08-17 21:00:00,,,,,,,1533.0,1533.0,,,0.0,,,0.0
2025-08-17 22:00:00,,,,,,,1529.0,1529.0,,,0.0,,,0.0
2025-08-17 23:00:00,,,,,,,1529.0,1529.0,,,0.0,,,0.0
2025-08-18 00:00:00,,,,,,,1529.0,1529.0,,,0.0,,,0.0
2025-08-18 01:00:00,,,,,,,1533.0,1533.0,,,0.0,,,0.0
2025-08-18 02:00:00,,,,,,,1533.0,1533.0,,,0.0,,,0.0
2025-08-18 03:00:00,,,,,,,1533.0,1533.0,,,0.0,,,0.0
2025-08-18 04:00:00,,,,,,,1533.0,1533.0,,,0.0,,,0.0
2025-08-18 05:00:00,,,,,,,1529.0,1529.0,,,0.0,,,0.0
2025-08-18 06:00:00,,,,,,,1533.0,1533.0,,,0.0,,,0.0
2025-08-18 07:00:00,,,,,,,1529.0,1529.0,,,0.0,,,0.0
2025-08-18 08:00:00,,,,,,,509.0,509.0,,,0.0,,,0.0
2025-08-18 09:00:00,,,,,,,505.0,505.0,,,0.0,,,0.0
2025-08-18 10:00:00,,,,,,,505.0,505.0,1.1394,0.0,1.0,1.4129,0.0,1.0
2025-08-18 11:00:00,,,,,,,509.0,509.0,,,0.0,,,0.0
2025-08-18 12:00:00,,,,,,,509.0,509.0,,,0.0,,,0.0
2025-08-18 13:00:00,,,,,,,509.0,509.0,,,0.0,,,0.0
2025-08-18 14:00:00,,,,,,,509.0,509.0,,,0.0,,,0.0
2025-08-18 15:00:00,,,,,,,509.0,509.0,,,0.0,,,0.0
2025-08-18 16:00:00,,,,,,,509.0,509.0,,,0.0,,,0.0
2025-08-18 17:00:00,,,,,,,1533.0,1533.0,,,0.0,,,0.0
2025-08-18 18:00:00,,,,,,,1273.0,1273.0,,,0.0,,,0.0
2025-08-18 19:00:00,,,,,,,1533.0,1533.0,,,0.0,,,0.0
2025-08-18 20:00:00,,,,,,,1273.0,1273.0,,,0.0,,,0.0
2025-08-18 21:00:00,,,,,,,1273.0,1273.0,,,0.0,,,0.0
2025-08-18 22:00:00,,,,,,,1533.0,1533.0,,,0.0,,,0.0
2025-08-18 23:00:00,,,,,,,1529.0,1529.0,,,0.0,,,0.0
2025-08-19 00:00:00,,,,,,,1533.0,1533.0,,,0.0,,,0.0
2025-08-19 01:00:00,,,,,,,1533.0,1533.0,,,0.0,,,0.0
2025-08-19 02:00:00,,,,,,,1529.0,1529.0,,,0.0,,,0.0
2025-08-19 03:00:00,,,,,,,1273.0,1273.0,,,0.0,,,0.0
2025-08-19 04:00:00,,,,,,,1533.0,1533.0,,,0.0,,,0.0
2025-08-19 05:00:00,,,,,,,1533.0,1533.0,,,0.0,,,0.0
2025-08-19 06:00:00,,,,,,,1273.0,1273.0,,,0.0,,,0.0
2025-08-19 07:00:00,,,,,,,1533.0,1533.0,,,0.0,,,0.0
2025-08-19 08:00:00,,,,,,,509.0,509.0,,,0.0,,,0.0
2025-08-19 09:00:00,,,,,,,509.0,509.0,,,0.0,,,0.0
2025-08-19 10:00:00,,,,,,,509.0,509.0,,,0.0,,,0.0
2025-08-19 11:00:00,,,,,,,509.0,509.0,,,0.0,,,0.0
2025-08-19 12:00:00,,,,,,,509.0,509.0,,,0.0,,,0.0
2025-08-19 13:00:00,,,,,,,509.0,509.0,0.0128,0.0,1.0,0.8866,0.0,1.0
2025-08-19 14:00:00,,,,,,,505.0,505.0,0.1252,0.0,1.0,0.9345,0.0,1.0
2025-08-19 15:00:00,,,,,,,509.0,509.0,,,0.0,,,0.0
2025-08-19 16:00:00,,,,,,,509.0,509.0,,,0.0,,,0.0
2025-08-19 17:00:00,,,,,,,1533.0,1533.0,,,0.0,,,0.0
2025-08-19 18:00:00,,,,,,,1273.0,1273.0,,,0.0,,,0.0
2025-08-19 19:00:00,,,,,,,1533.0,1533.0,,,0.0,,,0.0
2025-08-19 20:00:00,,,,,,,1273.0,1273.0,,,0.0,,,0.0
2025-08-19 21:00:00,,,,,,,1273.0,1273.0,,,0.0,,,0.0
2025-08-19 22:00:00,,,,,,,1273.0,1273.0,,,0.0,,,0.0
2025-08-19 23:00:00,,,,,,,1273.0,1273.0,,,0.0,,,0.0
2025-08-20 00:00:00,,,,,,,1273.0,1273.0,,,0.0,,,0.0
2025-08-20 01:00:00,,,,,,,1529.0,1529.0,,,0.0,,,0.0
2025-08-20 02:00:00,,,,,,,1273.0,1273.0,,,0.0,,,0.0
2025-08-20 03:00:00,,,,,,,1273.0,1273.0,,,0.0,,,0.0
2025-08-20 04:00:00,,,,,,,1273.0,1273.0,,,0.0,,,0.0
2025-08-20 05:00:00,,,,,,,1273.0,1273.0,,,0.0,,,0.0
2025-08-20 06:00:00,,,,,,,1273.0,1273.0,,,0.0,,,0.0
2025-08-20 07:00:00,,,,,,,1273.0,1273.0,,,0.0,,,0.0
2025-08-20 08:00:00,0.29799998,0.2574,0.2703,0.2701,,,192.0,192.0,0.705,0.2154,6.0,0.454,0.15669996,6.0
2025-08-20 09:00:00,,,,,,,509.0,509.0,0.3734,0.1064,5.0,0.67139995,0.118799984,5.0
2025-08-20 10:00:00,,,,,,,509.0,509.0,0.6142,0.0,1.0,0.5243,0.0,1.0
2025-08-20 11:00:00,,,,,,,509.0,509.0,1.3736,0.0,1.0,0.5309,0.0,1.0
2025-08-20 12:00:00,,,,,,,509.0,509.0,,,0.0,,,0.0
2025-08-20 13:00:00,,,,,,,509.0,509.0,,,0.0,,,0.0
2025-08-20 14:00:00,,,,,,,509.0,509.0,0.6102,0.0,1.0,0.9677,0.0,1.0
2025-08-20 15:00:00,,,,,,,509.0,509.0,,,0.0,,,0.0
2025-08-20 16:00:00,,,,,,,509.0,509.0,,,0.0,,,0.0
2025-08-20 17:00:00,,,,,,,1533.0,1533.0,,,0.0,,,0.0
2025-08-20 18:00:00,,,,,,,1533.0,1533.0,,,0.0,,,0.0
2025-08-20 19:00:00,,,,,,,1533.0,1533.0,,,0.0,,,0.0
2025-08-20 20:00:00,,,,,,,1533.0,1533.0,,,0.0,,,0.0
2025-08-20 21:00:00,,,,,,,1533.0,1533.0,,,0.0,,,0.0
2025-08-20 22:00:00,,,,,,,1533.0,1533.0,,,0.0,,,0.0
2025-08-20 23:00:00,,,,,,,1533.0,1533.0,,,0.0,,,0.0
2025-08-21 00:00:00,,,,,,,1533.0,1533.0,,,0.0,,,0.0
2025-08-21 01:00:00,,,,,,,1533.0,1533.0,,,0.0,,,0.0
2025-08-21 02:00:00,,,,,,,1533.0,1533.0,,,0.0,,,0.0
2025-08-21 03:00:00,,,,,,,1533.0,1533.0,,,0.0,,,0.0
2025-08-21 04:00:00,,,,,,,1533.0,1533.0,,,0.0,,,0.0
2025-08-21 05:00:00,,,,,,,1533.0,1533.0,,,0.0,,,0.0
2025-08-21 06:00:00,,,,,,,1533.0,1533.0,,,0.0,,,0.0
2025-08-21 07:00:00,,,,,,,1533.0,1533.0,,,0.0,,,0.0
2025-08-21 08:00:00,,,,,,,509.0,509.0,,,0.0,,,0.0
2025-08-21 09:00:00,,,,,,,509.0,509.0,,,0.0,,,0.0
2025-08-21 10:00:00,,,,,,,509.0,509.0,,,0.0,,,0.0
2025-08-21 11:00:00,,,,,,,509.0,509.0,,,0.0,,,0.0
2025-08-21 12:00:00,,,,,,,509.0,509.0,,,0.0,,,0.0
2025-08-21 13:00:00,,,,,,,509.0,509.0,,,0.0,,,0.0
2025-08-21 14:00:00,,,,,,,509.0,509.0,,,0.0,,,0.0
2025-08-21 15:00:00,,,,,,,509.0,509.0,,,0.0,,,0.0
2025-08-21 16:00:00,,,,,,,509.0,509.0,,,0.0,,,0.0
2025-08-21 17:00:00,,,,,,,1533.0,1533.0,,,0.0,,,0.0
2025-08-21 18:00:00,,,,,,,1533.0,1533.0,,,0.0,,,0.0
2025-08-21 19:00:00,,,,,,,1529.0,1529.0,,,0.0,,,0.0
2025-08-21 20:00:00,,,,,,,1533.0,1533.0,,,0.0,,,0.0
2025-08-21 21:00:00,,,,,,,1533.0,1533.0,,,0.0,,,0.0
2025-08-21 22:00:00,,,,,,,1533.0,1533.0,,,0.0,,,0.0
2025-08-21 23:00:00,,,,,,,1533.0,1533.0,,,0.0,,,0.0
2025-08-22 00:00:00,,,,,,,1533.0,1533.0,,,0.0,,,0.0
2025-08-22 01:00:00,,,,,,,1529.0,1529.0,,,0.0,,,0.0
2025-08-22 02:00:00,,,,,,,1529.0,1529.0,,,0.0,,,0.0
2025-08-22 03:00:00,,,,,,,1533.0,1533.0,,,0.0,,,0.0
2025-08-22 04:00:00,,,,,,,1529.0,1529.0,,,0.0,,,0.0
2025-08-22 05:00:00,,,,,,,1533.0,1533.0,,,0.0,,,0.0
2025-08-22 06:00:00,,,,,,,1533.0,1533.0,,,0.0,,,0.0
2025-08-22 07:00:00,,,,,,,1533.0,1533.0,,,0.0,,,0.0
2025-08-22 08:00:00,,,,,,,2553.0,2552.0,0.0332,0.0,1.0,0.89469993,0.0,1.0
2025-08-22 09:00:00,,,,,,,505.0,504.0,0.045199998,0.0312,4.0,0.91049993,0.020599961,3.0
2025-08-22 10:00:00,,,,,,,2553.0,2552.0,0.068399996,0.049999997,2.0,0.9476999,0.01639998,2.0
2025-08-22 11:00:00,,,,,,,509.0,509.0,0.2138,0.029,2.0,0.98,0.012199998,2.0
2025-08-22 12:00:00,,,,,,,509.0,509.0,,,0.0,,,0.0
2025-08-22 13:00:00,,,,,,,509.0,509.0,0.0008,0.0,1.0,0.9814,0.0,1.0
2025-08-22 14:00:00,,,,,,,509.0,509.0,,,0.0,,,0.0
2025-08-22 15:00:00,,,,,,,509.0,509.0,,,0.0,,,0.0
2025-08-22 16:00:00,,,,,,,509.0,509.0,,,0.0,,,0.0
2025-08-22 17:00:00,,,,,,,1533.0,1533.0,,,0.0,,,0.0
2025-08-22 18:00:00,,,,,,,1533.0,1533.0,,,0.0,,,0.0
2025-08-22 19:00:00,,,,,,,1533.0,1533.0,,,0.0,,,0.0
2025-08-22 20:00:00,,,,,,,1533.0,1533.0,,,0.0,,,0.0
2025-08-22 21:00:00,,,,,,,1533.0,1533.0,,,0.0,,,0.0
2025-08-22 22:00:00,,,,,,,1533.0,1533.0,,,0.0,,,0.0
2025-08-22 23:00:00,,,,,,,1529.0,1529.0,,,0.0,,,0.0
2025-08-23 00:00:00,,,,,,,1533.0,1533.0,,,0.0,,,0.0
2025-08-23 01:00:00,,,,,,,1533.0,1533.0,,,0.0,,,0.0
2025-08-23 02:00:00,,,,,,,1533.0,1533.0,,,0.0,,,0.0
2025-08-23 03:00:00,,,,,,,1273.0,1273.0,,,0.0,,,0.0
2025-08-23 04:00:00,,,,,,,1273.0,1273.0,,,0.0,,,0.0
2025-08-23 05:00:00,,,,,,,1273.0,1273.0,,,0.0,,,0.0
2025-08-23 06:00:00,,,,,,,1529.0,1529.0,,,0.0,,,0.0
2025-08-23 07:00:00,,,,,,,1533.0,1533.0,,,0.0,,,0.0
2025-08-23 08:00:00,,,,,,,509.0,509.0,,,0.0,,,0.0
2025-08-23 09:00:00,,,,,,,509.0,509.0,0.3064,0.0,1.0,0.7593,0.0,1.0
2025-08-23 10:00:00,,,,,,,509.0,509.0,0.634,0.0,1.0,0.7386999,0.0,1.0
2025-08-23 11:00:00,,,,,,,509.0,509.0,,,0.0,,,0.0
2025-08-23 12:00:00,,,,,,,509.0,509.0,,,0.0,,,0.0
2025-08-23 13:00:00,,,,,,,509.0,509.0,,,0.0,,,0.0
2025-08-23 14:00:00,,,,,,,509.0,509.0,,,0.0,,,0.0
2025-08-23 15:00:00,,,,,,,509.0,509.0,,,0.0,,,0.0
2025-08-23 16:00:00,,,,,,,509.0,509.0,,,0.0,,,0.0
2025-08-23 17:00:00,,,,,,,1533.0,1533.0,,,0.0,,,0.0
2025-08-23 18:00:00,,,,,,,1533.0,1533.0,,,0.0,,,0.0
2025-08-23 19:00:00,,,,,,,1533.0,1533.0,,,0.0,,,0.0
2025-08-23 20:00:00,,,,,,,1533.0,1533.0,,,0.0,,,0.0
2025-08-23 21:00:00,,,,,,,1533.0,1533.0,,,0.0,,,0.0
2025-08-23 22:00:00,,,,,,,1533.0,1533.0,,,0.0,,,0.0
2025-08-23 23:00:00,,,,,,,1533.0,1533.0,,,0.0,,,0.0
2025-08-24 00:00:00,,,,,,,1529.0,1529.0,,,0.0,,,0.0
2025-08-24 01:00:00,,,,,,,1533.0,1533.0,,,0.0,,,0.0
2025-08-24 02:00:00,,,,,,,1533.0,1533.0,,,0.0,,,0.0
2025-08-24 03:00:00,,,,,,,1533.0,1533.0,,,0.0,,,0.0
2025-08-24 04:00:00,,,,,,,1533.0,1533.0,,,0.0,,,0.0
2025-08-24 05:00:00,,,,,,,1529.0,1529.0,,,0.0,,,0.0
2025-08-24 06:00:00,,,,,,,1529.0,1529.0,,,0.0,,,0.0
2025-08-24 07:00:00,,,,,,,1533.0,1533.0,,,0.0,,,0.0
2025-08-24 08:00:00,,,,,,,509.0,509.0,,,0.0,,,0.0
2025-08-24 09:00:00,,,,,,,509.0,509.0,,,0.0,,,0.0
2025-08-24 10:00:00,,,,,,,509.0,509.0,,,0.0,,,0.0
2025-08-24 11:00:00,,,,,,,509.0,509.0,0.421,0.0,1.0,0.9649,0.0,1.0
2025-08-24 12:00:00,,,,,,,509.0,509.0,,,0.0,,,0.0
2025-08-24 13:00:00,,,,,,,509.0,509.0,,,0.0,,,0.0
2025-08-24 14:00:00,,,,,,,509.0,509.0,,,0.0,,,0.0
2025-08-24 15:00:00,,,,,,,509.0,509.0,,,0.0,,,0.0
2025-08-24 16:00:00,,,,,,,509.0,509.0,,,0.0,,,0.0
2025-08-24 17:00:00,,,,,,,1533.0,1533.0,,,0.0,,,0.0
2025-08-24 18:00:00,,,,,,,1533.0,1533.0,,,0.0,,,0.0
2025-08-24 19:00:00,,,,,,,1533.0,1533.0,,,0.0,,,0.0
2025-08-24 20:00:00,,,,,,,1533.0,1533.0,,,0.0,,,0.0
2025-08-24 21:00:00,,,,,,,1533.0,1533.0,,,0.0,,,0.0
2025-08-24 22:00:00,,,,,,,1533.0,1533.0,,,0.0,,,0.0
2025-08-24 23:00:00,,,,,,,1533.0,1533.0,,,0.0,,,0.0
2025-08-25 00:00:00,,,,,,,1533.0,1533.0,,,0.0,,,0.0
2025-08-25 01:00:00,,,,,,,1533.0,1533.0,,,0.0,,,0.0
2025-08-25 02:00:00,,,,,,,1533.0,1533.0,,,0.0,,,0.0
2025-08-25 03:00:00,,,,,,,1533.0,1533.0,,,0.0,,,0.0
2025-08-25 04:00:00,,,,,,,1533.0,1533.0,,,0.0,,,0.0
2025-08-25 05:00:00,,,,,,,1533.0,1533.0,,,0.0,,,0.0
2025-08-25 06:00:00,,,,,,,1533.0,1533.0,,,0.0,,,0.0
2025-08-25 07:00:00,,,,,,,1533.0,1533.0,,,0.0,,,0.0
2025-08-25 08:00:00,,,,,,,509.0,509.0,,,0.0,,,0.0
2025-08-25 09:00:00,,,,,,,509.0,509.0,,,0.0,,,0.0
2025-08-25 10:00:00,,,,,,,509.0,509.0,,,0.0,,,0.0
2025-08-25 11:00:00,,,,,,,509.0,509.0,,,0.0,,,0.0
2025-08-25 12:00:00,,,,,,,509.0,509.0,,,0.0,,,0.0
2025-08-25 13:00:00,,,,,,,509.0,509.0,,,0.0,,,0.0
2025-08-25 14:00:00,,,,,,,509.0,509.0,,,0.0,,,0.0
2025-08-25 15:00:00,,,,,,,509.0,509.0,,,0.0,,,0.0
2025-08-25 16:00:00,,,,,,,509.0,509.0,,,0.0,,,0.0
2025-08-25 17:00:00,,,,,,,1533.0,1533.0,,,0.0,,,0.0
2025-08-25 18:00:00,,,,,,,1533.0,1533.0,,,0.0,,,0.0
2025-08-25 19:00:00,,,,,,,1533.0,1533.0,,,0.0,,,0.0
2025-08-25 20:00:00,,,,,,,1529.0,1529.0,,,0.0,,,0.0
2025-08-25 21:00:00,,,,,,,1533.0,1533.0,,,0.0,,,0.0
2025-08-25 22:00:00,,,,,,,1533.0,1533.0,,,0.0,,,0.0
2025-08-25 23:00:00,,,,,,,1533.0,1533.0,,,0.0,,,0.0
2025-08-26 00:00:00,,,,,,,1533.0,1533.0,,,0.0,,,0.0
2025-08-26 01:00:00,,,,,,,1533.0,1533.0,,,0.0,,,0.0
2025-08-26 02:00:00,,,,,,,1533.0,1533.0,,,0.0,,,0.0
2025-08-26 03:00:00,,,,,,,1529.0,1529.0,,,0.0,,,0.0
2025-08-26 04:00:00,,,,,,,1533.0,1533.0,,,0.0,,,0.0
2025-08-26 05:00:00,,,,,,,1533.0,1533.0,,,0.0,,,0.0
2025-08-26 06:00:00,,,,,,,1533.0,1533.0,,,0.0,,,0.0
2025-08-26 07:00:00,,,,,,,1533.0,1533.0,,,0.0,,,0.0
2025-08-26 08:00:00,,,,,,,509.0,509.0,,,0.0,,,0.0
2025-08-26 09:00:00,,,,,,,509.0,509.0,,,0.0,,,0.0
2025-08-26 10:00:00,,,,,,,509.0,509.0,,,0.0,,,0.0
2025-08-26 11:00:00,,,,,,,509.0,509.0,,,0.0,,,0.0
2025-08-26 12:00:00,,,,,,,509.0,509.0,,,0.0,,,0.0
2025-08-26 13:00:00,,,,,,,509.0,509.0,,,0.0,,,0.0
2025-08-26 14:00:00,,,,,,,509.0,509.0,,,0.0,,,0.0
2025-08-26 15:00:00,,,,,,,509.0,509.0,,,0.0,,,0.0
2025-08-26 16:00:00,,,,,,,509.0,509.0,,,0.0,,,0.0
2025-08-26 17:00:00,,,,,,,1533.0,1533.0,0.25779998,0.0,1.0,0.8231,0.0,1.0
2025-08-26 18:00:00,,,,,,,1533.0,1533.0,,,0.0,,,0.0
2025-08-26 19:00:00,,,,,,,1533.0,1533.0,,,0.0,,,0.0
2025-08-26 20:00:00,,,,,,,1533.0,1533.0,,,0.0,,,0.0
2025-08-26 21:00:00,,,,,,,1533.0,1533.0,,,0.0,,,0.0
2025-08-26 22:00:00,,,,,,,1533.0,1533.0,,,0.0,,,0.0
2025-08-26 23:00:00,,,,,,,1533.0,1533.0,,,0.0,,,0.0
2025-08-27 00:00:00,,,,,,,1533.0,1533.0,,,0.0,,,0.0
2025-08-27 01:00:00,,,,,,,1533.0,1533.0,,,0.0,,,0.0
2025-08-27 02:00:00,,,,,,,1533.0,1533.0,,,0.0,,,0.0
2025-08-27 03:00:00,,,,,,,1533.0,1533.0,,,0.0,,,0.0
2025-08-27 04:00:00,,,,,,,1533.0,1533.0,,,0.0,,,0.0
2025-08-27 05:00:00,,,,,,,1533.0,1533.0,,,0.0,,,0.0
2025-08-27 06:00:00,,,,,,,1533.0,1533.0,,,0.0,,,0.0
2025-08-27 07:00:00,,,,,,,1533.0,1533.0,,,0.0,,,0.0
2025-08-27 08:00:00,,,,,,,509.0,509.0,,,0.0,,,0.0
2025-08-27 09:00:00,,,,,,,509.0,509.0,,,0.0,,,0.0
2025-08-27 10:00:00,,,,,,,509.0,509.0,,,0.0,,,0.0
2025-08-27 11:00:00,,,,,,,509.0,509.0,,,0.0,,,0.0
2025-08-27 12:00:00,,,,,,,509.0,509.0,,,0.0,,,0.0
2025-08-27 13:00:00,,,,,,,509.0,509.0,,,0.0,,,0.0
2025-08-27 14:00:00,,,,,,,509.0,509.0,,,0.0,,,0.0
2025-08-27 15:00:00,,,,,,,509.0,509.0,,,0.0,,,0.0
2025-08-27 16:00:00,,,,,,,509.0,509.0,,,0.0,,,0.0
2025-08-27 17:00:00,,,,,,,1533.0,1533.0,,,0.0,,,0.0
2025-08-27 18:00:00,,,,,,,1533.0,1533.0,,,0.0,,,0.0
2025-08-27 19:00:00,,,,,,,1529.0,1529.0,,,0.0,,,0.0
2025-08-27 20:00:00,,,,,,,1529.0,1529.0,,,0.0,,,0.0
2025-08-27 21:00:00,,,,,,,1533.0,1533.0,,,0.0,,,0.0
2025-08-27 22:00:00,,,,,,,1533.0,1533.0,,,0.0,,,0.0
2025-08-27 23:00:00,,,,,,,1533.0,1533.0,,,0.0,,,0.0
2025-08-28 00:00:00,,,,,,,1529.0,1529.0,,,0.0,,,0.0
2025-08-28 01:00:00,,,,,,,1529.0,1529.0,,,0.0,,,0.0
2025-08-28 02:00:00,,,,,,,1529.0,1529.0,,,0.0,,,0.0
2025-08-28 03:00:00,,,,,,,1533.0,1533.0,,,0.0,,,0.0
2025-08-28 04:00:00,,,,,,,1529.0,1529.0,,,0.0,,,0.0
2025-08-28 05:00:00,,,,,,,1533.0,1533.0,,,0.0,,,0.0
2025-08-28 06:00:00,,,,,,,1529.0,1529.0,,,0.0,,,0.0
2025-08-28 07:00:00,,,,,,,1533.0,1533.0,,,0.0,,,0.0
2025-08-28 08:00:00,,,,,,,509.0,509.0,0.82559997,0.0426,2.0,0.6158,0.0020999908,2.0
2025-08-28 09:00:00,,,,,,,509.0,509.0,0.1498,0.0,1.0,0.8555,0.0,1.0
2025-08-28 10:00:00,,,,,,,509.0,509.0,,,0.0,,,0.0
2025-08-28 11:00:00,,,,,,,509.0,509.0,,,0.0,,,0.0
2025-08-28 12:00:00,,,,,,,509.0,509.0,,,0.0,,,0.0
2025-08-28 13:00:00,,,,,,,509.0,509.0,0.31739998,0.0,1.0,0.8406999,0.0,1.0
2025-08-28 14:00:00,,,,,,,509.0,509.0,0.19039999,0.121199995,2.0,0.8708,0.007799983,2.0
2025-08-28 15:00:00,,,,,,,509.0,509.0,,,0.0,,,0.0
2025-08-28 16:00:00,,,,,,,509.0,509.0,,,0.0,,,0.0
2025-08-28 17:00:00,,,,,,,1533.0,1533.0,,,0.0,,,0.0
2025-08-28 18:00:00,,,,,,,1533.0,1533.0,,,0.0,,,0.0
2025-08-28 19:00:00,,,,,,,1529.0,1529.0,,,0.0,,,0.0
2025-08-28 20:00:00,,,,,,,1533.0,1533.0,,,0.0,,,0.0
2025-08-28 21:00:00,,,,,,,1533.0,1533.0,,,0.0,,,0.0
2025-08-28 22:00:00,,,,,,,1533.0,1533.0,,,0.0,,,0.0
2025-08-28 23:00:00,,,,,,,1533.0,1533.0,,,0.0,,,0.0
2025-08-29 00:00:00,,,,,,,1533.0,1533.0,,,0.0,,,0.0
2025-08-29 01:00:00,,,,,,,1533.0,1533.0,,,0.0,,,0.0
2025-08-29 02:00:00,,,,,,,1533.0,1533.0,,,0.0,,,0.0
2025-08-29 03:00:00,,,,,,,1533.0,1533.0,,,0.0,,,0.0
2025-08-29 04:00:00,,,,,,,1533.0,1533.0,,,0.0,,,0.0
2025-08-29 05:00:00,,,,,,,1533.0,1533.0,,,0.0,,,0.0
2025-08-29 06:00:00,,,,,,,1529.0,1529.0,,,0.0,,,0.0
2025-08-29 07:00:00,,,,,,,1533.0,1533.0,,,0.0,,,0.0
2025-08-29 08:00:00,,,,,,,509.0,509.0,,,0.0,,,0.0
2025-08-29 09:00:00,,,,,,,509.0,509.0,,,0.0,,,0.0
2025-08-29 10:00:00,,,,,,,509.0,509.0,,,0.0,,,0.0
2025-08-29 11:00:00,,,,,,,509.0,509.0,,,0.0,,,0.0
2025-08-29 12:00:00,,,,,,,509.0,509.0,,,0.0,,,0.0
2025-08-29 13:00:00,,,,,,,509.0,509.0,,,0.0,,,0.0
2025-08-29 14:00:00,,,,,,,509.0,509.0,,,0.0,,,0.0
2025-08-29 15:00:00,,,,,,,509.0,509.0,,,0.0,,,0.0
2025-08-29 16:00:00,,,,,,,509.0,509.0,,,0.0,,,0.0
2025-08-29 17:00:00,,,,,,,1533.0,1533.0,,,0.0,,,0.0
2025-08-29 18:00:00,,,,,,,1533.0,1533.0,,,0.0,,,0.0
2025-08-29 19:00:00,,,,,,,1529.0,1529.0,,,0.0,,,0.0
2025-08-29 20:00:00,,,,,,,1533.0,1533.0,,,0.0,,,0.0
2025-08-29 21:00:00,,,,,,,1533.0,1533.0,,,0.0,,,0.0
2025-08-29 22:00:00,,,,,,,1533.0,1533.0,,,0.0,,,0.0
2025-08-29 23:00:00,,,,,,,1529.0,1529.0,,,0.0,,,0.0
2025-08-30 00:00:00,,,,,,,1529.0,1529.0,,,0.0,,,0.0
2025-08-30 01:00:00,,,,,,,1529.0,1529.0,,,0.0,,,0.0
2025-08-30 02:00:00,,,,,,,1533.0,1533.0,,,0.0,,,0.0
2025-08-30 03:00:00,,,,,,,1533.0,1533.0,,,0.0,,,0.0
2025-08-30 04:00:00,,,,,,,1533.0,1533.0,,,0.0,,,0.0
2025-08-30 05:00:00,,,,,,,1533.0,1533.0,,,0.0,,,0.0
2025-08-30 06:00:00,,,,,,,1529.0,1529.0,,,0.0,,,0.0
2025-08-30 07:00:00,,,,,,,1533.0,1533.0,,,0.0,,,0.0
2025-08-30 08:00:00,,,,,,,2553.0,2552.0,0.2148,0.0,1.0,0.8772,0.0,1.0
2025-08-30 09:00:00,,,,,,,509.0,509.0,0.504,0.0,1.0,0.9533,0.0,1.0
2025-08-30 10:00:00,,,,,,,509.0,509.0,,,0.0,,,0.0
2025-08-30 11:00:00,,,,,,,509.0,509.0,,,0.0,,,0.0
2025-08-30 12:00:00,,,,,,,509.0,509.0,,,0.0,,,0.0
2025-08-30 13:00:00,,,,,,,509.0,509.0,,,0.0,,,0.0
2025-08-30 14:00:00,,,,,,,509.0,509.0,,,0.0,,,0.0
2025-08-30 15:00:00,,,,,,,509.0,509.0,,,0.0,,,0.0
2025-08-30 16:00:00,,,,,,,509.0,509.0,,,0.0,,,0.0
2025-08-30 17:00:00,,,,,,,1533.0,1533.0,,,0.0,,,0.0
2025-08-30 18:00:00,,,,,,,1533.0,1533.0,,,0.0,,,0.0
2025-08-30 19:00:00,,,,,,,1533.0,1533.0,,,0.0,,,0.0
2025-08-30 20:00:00,,,,,,,1533.0,1533.0,,,0.0,,,0.0
2025-08-30 21:00:00,,,,,,,1533.0,1533.0,,,0.0,,,0.0
2025-08-30 22:00:00,,,,,,,1533.0,1533.0,,,0.0,,,0.0
2025-08-30 23:00:00,,,,,,,1533.0,1533.0,,,0.0,,,0.0
2025-08-31 00:00:00,,,,,,,1529.0,1529.0,,,0.0,,,0.0
2025-08-31 01:00:00,,,,,,,1533.0,1533.0,,,0.0,,,0.0
2025-08-31 02:00:00,,,,,,,1273.0,1273.0,,,0.0,,,0.0
2025-08-31 03:00:00,,,,,,,1273.0,1273.0,,,0.0,,,0.0
2025-08-31 04:00:00,,,,,,,1273.0,1273.0,,,0.0,,,0.0
2025-08-31 05:00:00,,,,,,,1533.0,1533.0,,,0.0,,,0.0
2025-08-31 06:00:00,,,,,,,1529.0,1529.0,,,0.0,,,0.0
2025-08-31 07:00:00,,,,,,,1533.0,1533.0,,,0.0,,,0.0
2025-08-31 08:00:00,,,,,,,509.0,509.0,0.891,0.2218,2.0,0.43659997,0.08529997,2.0
2025-08-31 09:00:00,,,,,,,509.0,509.0,0.7504,0.0,1.0,0.4598,0.0,1.0
2025-08-31 10:00:00,,,,,,,509.0,509.0,,,0.0,,,0.0
2025-08-31 11:00:00,,,,,,,509.0,509.0,,,0.0,,,0.0
2025-08-31 12:00:00,,,,,,,509.0,509.0,,,0.0,,,0.0
2025-08-31 13:00:00,,,,,,,509.0,509.0,,,0.0,,,0.0
2025-08-31 14:00:00,,,,,,,509.0,509.0,,,0.0,,,0.0
2025-08-31 15:00:00,,,,,,,509.0,509.0,,,0.0,,,0.0
2025-08-31 16:00:00,,,,,,,509.0,509.0,,,0.0,,,0.0
2025-08-31 17:00:00,,,,,,,1533.0,1533.0,,,0.0,,,0.0
2025-08-31 18:00:00,,,,,,,1533.0,1533.0,,,0.0,,,0.0
2025-08-31 19:00:00,,,,,,,1533.0,1533.0,,,0.0,,,0.0
2025-08-31 20:00:00,,,,,,,1533.0,1533.0,,,0.0,,,0.0
2025-08-31 21:00:00,,,,,,,1533.0,1533.0,,,0.0,,,0.0
2025-08-31 22:00:00,,,,,,,1529.0,1529.0,,,0.0,,,0.0
2025-08-31 23:00:00,,,,,,,1533.0,1533.0,,,0.0,,,0.0
2025-09-01 00:00:00,,,,,,,1533.0,1533.0,,,0.0,,,0.0
2025-09-01 01:00:00,,,,,,,1533.0,1533.0,,,0.0,,,0.0
2025-09-01 02:00:00,,,,,,,1529.0,1529.0,,,0.0,,,0.0
2025-09-01 03:00:00,,,,,,,1533.0,1533.0,,,0.0,,,0.0
2025-09-01 04:00:00,,,,,,,1529.0,1529.0,,,0.0,,,0.0
2025-09-01 05:00:00,,,,,,,1533.0,1533.0,,,0.0,,,0.0
2025-09-01 06:00:00,,,,,,,1529.0,1529.0,,,0.0,,,0.0
2025-09-01 07:00:00,,,,,,,1529.0,1529.0,,,0.0,,,0.0
2025-09-01 08:00:00,,,,,,,505.0,504.0,0.3116,0.17359999,5.0,0.4641,0.0794,5.0
2025-09-01 09:00:00,,,,,,,509.0,509.0,,,0.0,,,0.0
2025-09-01 10:00:00,,,,,,,509.0,509.0,,,0.0,,,0.0
2025-09-01 11:00:00,,,,,,,509.0,509.0,,,0.0,,,0.0
2025-09-01 12:00:00,,,,,,,509.0,509.0,,,0.0,,,0.0
2025-09-01 13:00:00,,,,,,,509.0,509.0,,,0.0,,,0.0
2025-09-01 14:00:00,,,,,,,509.0,509.0,,,0.0,,,0.0
2025-09-01 15:00:00,,,,,,,509.0,509.0,,,0.0,,,0.0
2025-09-01 16:00:00,,,,,,,509.0,509.0,,,0.0,,,0.0
2025-09-01 17:00:00,,,,,,,1533.0,1533.0,,,0.0,,,0.0
2025-09-01 18:00:00,,,,,,,1533.0,1533.0,,,0.0,,,0.0
2025-09-01 19:00:00,,,,,,,1529.0,1529.0,,,0.0,,,0.0
2025-09-01 20:00:00,,,,,,,1533.0,1533.0,,,0.0,,,0.0
2025-09-01 21:00:00,,,,,,,1533.0,1533.0,,,0.0,,,0.0
2025-09-01 22:00:00,,,,,,,1533.0,1533.0,,,0.0,,,0.0
2025-09-01 23:00:00,,,,,,,1533.0,1533.0,,,0.0,,,0.0
2025-09-02 00:00:00,,,,,,,1533.0,1533.0,,,0.0,,,0.0
2025-09-02 01:00:00,,,,,,,1533.0,1533.0,,,0.0,,,0.0
2025-09-02 02:00:00,,,,,,,1533.0,1533.0,,,0.0,,,0.0
2025-09-02 03:00:00,,,,,,,1533.0,1533.0,,,0.0,,,0.0
2025-09-02 04:00:00,,,,,,,1533.0,1533.0,,,0.0,,,0.0
2025-09-02 05:00:00,,,,,,,1533.0,1533.0,,,0.0,,,0.0
2025-09-02 06:00:00,,,,,,,1529.0,1529.0,,,0.0,,,0.0
2025-09-02 07:00:00,,,,,,,1529.0,1529.0,,,0.0,,,0.0
2025-09-02 08:00:00,,,,,,,509.0,509.0,,,0.0,,,0.0
2025-09-02 09:00:00,,,,,,,509.0,509.0,,,0.0,,,0.0
2025-09-02 10:00:00,,,,,,,509.0,509.0,,,0.0,,,0.0
2025-09-02 11:00:00,,,,,,,509.0,509.0,,,0.0,,,0.0
2025-09-02 12:00:00,,,,,,,509.0,509.0,,,0.0,,,0.0
2025-09-02 13:00:00,,,,,,,509.0,509.0,,,0.0,,,0.0
2025-09-02 14:00:00,,,,,,,509.0,509.0,,,0.0,,,0.0
2025-09-02 15:00:00,,,,,,,509.0,509.0,0.2768,0.0,1.0,0.8801,0.0,1.0
2025-09-02 16:00:00,,,,,,,509.0,509.0,,,0.0,,,0.0
2025-09-02 17:00:00,,,,,,,1533.0,1533.0,,,0.0,,,0.0
2025-09-02 18:00:00,,,,,,,1533.0,1533.0,,,0.0,,,0.0
2025-09-02 19:00:00,,,,,,,1533.0,1533.0,,,0.0,,,0.0
2025-09-02 20:00:00,,,,,,,1533.0,1533.0,,,0.0,,,0.0
2025-09-02 21:00:00,,,,,,,1533.0,1533.0,,,0.0,,,0.0
2025-09-02 22:00:00,,,,,,,1533.0,1533.0,,,0.0,,,0.0
2025-09-02 23:00:00,,,,,,,1529.0,1529.0,,,0.0,,,0.0
2025-09-03 00:00:00,,,,,,,1533.0,1533.0,,,0.0,,,0.0
2025-09-03 01:00:00,,,,,,,1533.0,1533.0,,,0.0,,,0.0
2025-09-03 02:00:00,,,,,,,1533.0,1533.0,,,0.0,,,0.0
2025-09-03 03:00:00,,,,,,,1533.0,1533.0,,,0.0,,,0.0
2025-09-03 04:00:00,,,,,,,1529.0,1529.0,,,0.0,,,0.0
2025-09-03 05:00:00,,,,,,,1533.0,1533.0,,,0.0,,,0.0
2025-09-03 06:00:00,,,,,,,1533.0,1533.0,,,0.0,,,0.0
2025-09-03 07:00:00,,,,,,,1533.0,1533.0,,,0.0,,,0.0
2025-09-03 08:00:00,,,,,,,509.0,509.0,,,0.0,,,0.0
2025-09-03 09:00:00,,,,,,,509.0,509.0,,,0.0,,,0.0
2025-09-03 10:00:00,,,,,,,509.0,509.0,,,0.0,,,0.0
2025-09-03 11:00:00,,,,,,,509.0,509.0,,,0.0,,,0.0
2025-09-03 12:00:00,,,,,,,509.0,509.0,,,0.0,,,0.0
2025-09-03 13:00:00,,,,,,,509.0,509.0,,,0.0,,,0.0
2025-09-03 14:00:00,,,,,,,509.0,509.0,,,0.0,,,0.0
2025-09-03 15:00:00,,,,,,,505.0,505.0,,,0.0,,,0.0
2025-09-03 16:00:00,,,,,,,509.0,509.0,,,0.0,,,0.0
2025-09-03 17:00:00,,,,,,,1533.0,1533.0,,,0.0,,,0.0
2025-09-03 18:00:00,,,,,,,1533.0,1533.0,,,0.0,,,0.0
2025-09-03 19:00:00,,,,,,,1273.0,1273.0,,,0.0,,,0.0
2025-09-03 20:00:00,,,,,,,1533.0,1533.0,,,0.0,,,0.0
2025-09-03 21:00:00,,,,,,,1533.0,1533.0,,,0.0,,,0.0
2025-09-03 22:00:00,,,,,,,1533.0,1533.0,,,0.0,,,0.0
2025-09-03 23:00:00,,,,,,,1529.0,1529.0,,,0.0,,,0.0
2025-09-04 00:00:00,,,,,,,1533.0,1533.0,,,0.0,,,0.0
2025-09-04 01:00:00,,,,,,,1533.0,1533.0,,,0.0,,,0.0
2025-09-04 02:00:00,,,,,,,1533.0,1533.0,,,0.0,,,0.0
2025-09-04 03:00:00,,,,,,,1529.0,1529.0,,,0.0,,,0.0
2025-09-04 04:00:00,,,,,,,1533.0,1533.0,,,0.0,,,0.0
2025-09-04 05:00:00,,,,,,,1529.0,1529.0,,,0.0,,,0.0
2025-09-04 06:00:00,,,,,,,1533.0,1533.0,,,0.0,,,0.0
2025-09-04 07:00:00,,,,,,,1533.0,1533.0,,,0.0,,,0.0
2025-09-04 08:00:00,,,,,,,509.0,509.0,,,0.0,,,0.0
2025-09-04 09:00:00,,,,,,,509.0,509.0,,,0.0,,,0.0
2025-09-04 10:00:00,,,,,,,509.0,509.0,,,0.0,,,0.0
2025-09-04 11:00:00,,,,,,,509.0,509.0,,,0.0,,,0.0
2025-09-04 12:00:00,,,,,,,509.0,509.0,,,0.0,,,0.0
2025-09-04 13:00:00,,,,,,,509.0,509.0,,,0.0,,,0.0
2025-09-04 14:00:00,,,,,,,509.0,509.0,,,0.0,,,0.0
2025-09-04 15:00:00,,,,,,,509.0,509.0,0.1734,0.042999998,5.0,0.8017,0.014999986,5.0
2025-09-04 16:00:00,,,,,,,509.0,509.0,,,0.0,,,0.0
2025-09-04 17:00:00,,,,,,,1533.0,1533.0,,,0.0,,,0.0
2025-09-04 18:00:00,,,,,,,1533.0,1533.0,,,0.0,,,0.0
2025-09-04 19:00:00,,,,,,,1533.0,1533.0,,,0.0,,,0.0
2025-09-04 20:00:00,,,,,,,1533.0,1533.0,,,0.0,,,0.0
2025-09-04 21:00:00,,,,,,,1533.0,1533.0,,,0.0,,,0.0
2025-09-04 22:00:00,,,,,,,1533.0,1533.0,,,0.0,,,0.0
2025-09-04 23:00:00,,,,,,,1533.0,1533.0,,,0.0,,,0.0
2025-09-05 00:00:00,,,,,,,1533.0,1533.0,,,0.0,,,0.0
2025-09-05 01:00:00,,,,,,,1533.0,1533.0,,,0.0,,,0.0
2025-09-05 02:00:00,,,,,,,1533.0,1533.0,,,0.0,,,0.0
2025-09-05 03:00:00,,,,,,,1273.0,1273.0,,,0.0,,,0.0
2025-09-05 04:00:00,,,,,,,1533.0,1533.0,,,0.0,,,0.0
2025-09-05 05:00:00,,,,,,,1529.0,1529.0,,,0.0,,,0.0
2025-09-05 06:00:00,,,,,,,1533.0,1533.0,,,0.0,,,0.0
2025-09-05 07:00:00,,,,,,,1533.0,1533.0,,,0.0,,,0.0
2025-09-05 08:00:00,,,,,,,509.0,509.0,,,0.0,,,0.0
2025-09-05 09:00:00,,,,,,,509.0,509.0,,,0.0,,,0.0
2025-09-05 10:00:00,,,,,,,509.0,509.0,,,0.0,,,0.0
2025-09-05 11:00:00,,,,,,,509.0,509.0,,,0.0,,,0.0
2025-09-05 12:00:00,,,,,,,509.0,509.0,,,0.0,,,0.0
2025-09-05 13:00:00,,,,,,,509.0,509.0,,,0.0,,,0.0
2025-09-05 14:00:00,,,,,,,509.0,509.0,,,0.0,,,0.0
2025-09-05 15:00:00,,,,,,,509.0,509.0,,,0.0,,,0.0
2025-09-05 16:00:00,,,,,,,509.0,509.0,,,0.0,,,0.0
2025-09-05 17:00:00,,,,,,,1533.0,1533.0,,,0.0,,,0.0
2025-09-05 18:00:00,,,,,,,1533.0,1533.0,,,0.0,,,0.0
2025-09-05 19:00:00,,,,,,,1533.0,1533.0,,,0.0,,,0.0
2025-09-05 20:00:00,,,,,,,1533.0,1533.0,,,0.0,,,0.0
2025-09-05 21:00:00,,,,,,,1533.0,1533.0,,,0.0,,,0.0
2025-09-05 22:00:00,,,,,,,1529.0,1529.0,,,0.0,,,0.0
2025-09-05 23:00:00,,,,,,,1533.0,1533.0,,,0.0,,,0.0
2025-09-06 00:00:00,,,,,,,1533.0,1533.0,,,0.0,,,0.0
2025-09-06 01:00:00,,,,,,,1533.0,1533.0,,,0.0,,,0.0
2025-09-06 02:00:00,,,,,,,1533.0,1533.0,,,0.0,,,0.0
2025-09-06 03:00:00,,,,,,,1533.0,1533.0,,,0.0,,,0.0
2025-09-06 04:00:00,,,,,,,1529.0,1529.0,,,0.0,,,0.0
2025-09-06 05:00:00,,,,,,,1533.0,1533.0,,,0.0,,,0.0
2025-09-06 06:00:00,,,,,,,1533.0,1533.0,,,0.0,,,0.0
2025-09-06 07:00:00,,,,,,,1533.0,1533.0,,,0.0,,,0.0
2025-09-06 08:00:00,,,,,,,509.0,509.0,,,0.0,,,0.0
2025-09-06 09:00:00,,,,,,,509.0,509.0,,,0.0,,,0.0
2025-09-06 10:00:00,,,,,,,509.0,509.0,,,0.0,,,0.0
2025-09-06 11:00:00,,,,,,,509.0,509.0,,,0.0,,,0.0
2025-09-06 12:00:00,,,,,,,509.0,509.0,,,0.0,,,0.0
2025-09-06 13:00:00,,,,,,,509.0,509.0,,,0.0,,,0.0
2025-09-06 14:00:00,,,,,,,509.0,509.0,,,0.0,,,0.0
2025-09-06 15:00:00,,,,,,,509.0,509.0,,,0.0,,,0.0
2025-09-06 16:00:00,,,,,,,509.0,509.0,,,0.0,,,0.0
2025-09-06 17:00:00,,,,,,,1529.0,1529.0,,,0.0,,,0.0
2025-09-06 18:00:00,,,,,,,1533.0,1533.0,,,0.0,,,0.0
2025-09-06 19:00:00,,,,,,,1533.0,1533.0,,,0.0,,,0.0
2025-09-06 20:00:00,,,,,,,1533.0,1533.0,,,0.0,,,0.0
2025-09-06 21:00:00,,,,,,,1533.0,1533.0,,,0.0,,,0.0
2025-09-06 22:00:00,,,,,,,1533.0,1533.0,,,0.0,,,0.0
2025-09-06 23:00:00,,,,,,,1533.0,1533.0,,,0.0,,,0.0
2025-09-07 00:00:00,,,,,,,1533.0,1533.0,,,0.0,,,0.0
2025-09-07 01:00:00,,,,,,,1533.0,1533.0,,,0.0,,,0.0
2025-09-07 02:00:00,,,,,,,1529.0,1529.0,,,0.0,,,0.0
2025-09-07 03:00:00,,,,,,,1533.0,1533.0,,,0.0,,,0.0
2025-09-07 04:00:00,,,,,,,1533.0,1533.0,,,0.0,,,0.0
2025-09-07 05:00:00,,,,,,,1533.0,1533.0,,,0.0,,,0.0
2025-09-07 06:00:00,,,,,,,1533.0,1533.0,,,0.0,,,0.0
2025-09-07 07:00:00,,,,,,,1533.0,1533.0,,,0.0,,,0.0
2025-09-07 08:00:00,,,,,,,509.0,509.0,,,0.0,,,0.0
2025-09-07 09:00:00,,,,,,,509.0,509.0,,,0.0,,,0.0
2025-09-07 10:00:00,,,,,,,509.0,509.0,,,0.0,,,0.0
2025-09-07 11:00:00,,,,,,,509.0,509.0,,,0.0,,,0.0
2025-09-07 12:00:00,,,,,,,509.0,509.0,,,0.0,,,0.0
2025-09-07 13:00:00,,,,,,,509.0,509.0,,,0.0,,,0.0
2025-09-07 14:00:00,,,,,,,509.0,509.0,,,0.0,,,0.0
2025-09-07 15:00:00,,,,,,,509.0,509.0,,,0.0,,,0.0
2025-09-07 16:00:00,,,,,,,509.0,509.0,,,0.0,,,0.0
2025-09-07 17:00:00,,,,,,,1533.0,1533.0,,,0.0,,,0.0
2025-09-07 18:00:00,,,,,,,1533.0,1533.0,,,0.0,,,0.0
2025-09-07 19:00:00,,,,,,,1529.0,1529.0,,,0.0,,,0.0
2025-09-07 20:00:00,,,,,,,1529.0,1529.0,,,0.0,,,0.0
2025-09-07 21:00:00,,,,,,,1533.0,1533.0,,,0.0,,,0.0
2025-09-07 22:00:00,,,,,,,1529.0,1529.0,,,0.0,,,0.0
2025-09-07 23:00:00,,,,,,,1533.0,1533.0,,,0.0,,,0.0
2025-09-08 00:00:00,,,,,,,1529.0,1529.0,,,0.0,,,0.0
2025-09-08 01:00:00,,,,,,,1273.0,1273.0,,,0.0,,,0.0
2025-09-08 02:00:00,,,,,,,1529.0,1529.0,,,0.0,,,0.0
2025-09-08 03:00:00,,,,,,,1533.0,1533.0,,,0.0,,,0.0
2025-09-08 04:00:00,,,,,,,1533.0,1533.0,,,0.0,,,0.0
2025-09-08 05:00:00,,,,,,,1529.0,1529.0,,,0.0,,,0.0
2025-09-08 06:00:00,,,,,,,1273.0,1273.0,,,0.0,,,0.0
2025-09-08 07:00:00,,,,,,,1533.0,1533.0,,,0.0,,,0.0
2025-09-08 08:00:00,,,,,,,509.0,509.0,0.6874,0.0,1.0,0.89419997,0.0,1.0
2025-09-08 09:00:00,,,,,,,509.0,509.0,,,0.0,,,0.0
2025-09-08 10:00:00,,,,,,,509.0,509.0,,,0.0,,,0.0
2025-09-08 11:00:00,,,,,,,509.0,509.0,,,0.0,,,0.0
2025-09-08 12:00:00,,,,,,,509.0,509.0,,,0.0,,,0.0
2025-09-08 13:00:00,,,,,,,509.0,509.0,,,0.0,,,0.0
2025-09-08 14:00:00,,,,,,,509.0,509.0,,,0.0,,,0.0
2025-09-08 15:00:00,,,,,,,509.0,509.0,,,0.0,,,0.0
2025-09-08 16:00:00,,,,,,,509.0,509.0,,,0.0,,,0.0
2025-09-08 17:00:00,,,,,,,1533.0,1533.0,,,0.0,,,0.0
2025-09-08 18:00:00,,,,,,,1533.0,1533.0,,,0.0,,,0.0
2025-09-08 19:00:00,,,,,,,1533.0,1533.0,,,0.0,,,0.0
2025-09-08 20:00:00,,,,,,,1529.0,1529.0,,,0.0,,,0.0
2025-09-08 21:00:00,,,,,,,1533.0,1533.0,,,0.0,,,0.0
2025-09-08 22:00:00,,,,,,,1533.0,1533.0,,,0.0,,,0.0
2025-09-08 23:00:00,,,,,,,1529.0,1529.0,,,0.0,,,0.0
2025-09-09 00:00:00,,,,,,,1533.0,1533.0,,,0.0,,,0.0
2025-09-09 01:00:00,,,,,,,1533.0,1533.0,,,0.0,,,0.0
2025-09-09 02:00:00,,,,,,,1533.0,1533.0,,,0.0,,,0.0
2025-09-09 03:00:00,,,,,,,1529.0,1529.0,,,0.0,,,0.0
2025-09-09 04:00:00,,,,,,,1533.0,1533.0,,,0.0,,,0.0
2025-09-09 05:00:00,,,,,,,1533.0,1533.0,,,0.0,,,0.0
2025-09-09 06:00:00,,,,,,,1533.0,1533.0,,,0.0,,,0.0
2025-09-09 07:00:00,,,,,,,1533.0,1533.0,,,0.0,,,0.0
2025-09-09 08:00:00,,,,,,,2297.0,2296.0,0.189,0.030199999,4.0,0.90049994,0.08779997,4.0
2025-09-09 09:00:00,,,,,,,2297.0,2296.0,0.8246,0.17999999,5.0,1.1200999,0.23519999,5.0
2025-09-09 10:00:00,,,,,,,2553.0,2552.0,0.87259996,0.22219999,2.0,1.0675,0.08700001,2.0
2025-09-09 11:00:00,,,,,,,509.0,509.0,,,0.0,,,0.0
2025-09-09 12:00:00,,,,,,,509.0,509.0,,,0.0,,,0.0
2025-09-09 13:00:00,,,,,,,509.0,509.0,,,0.0,,,0.0
2025-09-09 14:00:00,,,,,,,509.0,509.0,,,0.0,,,0.0
2025-09-09 15:00:00,,,,,,,509.0,509.0,,,0.0,,,0.0
2025-09-09 16:00:00,,,,,,,509.0,509.0,,,0.0,,,0.0
2025-09-09 17:00:00,,,,,,,1533.0,1533.0,,,0.0,,,0.0
2025-09-09 18:00:00,,,,,,,1533.0,1533.0,,,0.0,,,0.0
2025-09-09 19:00:00,,,,,,,1533.0,1533.0,,,0.0,,,0.0
2025-09-09 20:00:00,,,,,,,1533.0,1533.0,,,0.0,,,0.0
2025-09-09 21:00:00,,,,,,,1533.0,1533.0,,,0.0,,,0.0
2025-09-09 22:00:00,,,,,,,1533.0,1533.0,,,0.0,,,0.0
2025-09-09 23:00:00,,,,,,,1533.0,1533.0,,,0.0,,,0.0
2025-09-10 00:00:00,,,,,,,1533.0,1533.0,,,0.0,,,0.0
2025-09-10 01:00:00,,,,,,,1533.0,1533.0,,,0.0,,,0.0
2025-09-10 02:00:00,,,,,,,1529.0,1529.0,,,0.0,,,0.0
2025-09-10 03:00:00,,,,,,,1529.0,1529.0,,,0.0,,,0.0
2025-09-10 04:00:00,,,,,,,1533.0,1533.0,,,0.0,,,0.0
2025-09-10 05:00:00,,,,,,,1533.0,1533.0,,,0.0,,,0.0
2025-09-10 06:00:00,,,,,,,1533.0,1533.0,,,0.0,,,0.0
2025-09-10 07:00:00,,,,,,,1533.0,1533.0,,,0.0,,,0.0
2025-09-10 08:00:00,,,,,,,509.0,509.0,0.2742,0.14639999,3.0,0.99749994,0.044099987,3.0
2025-09-10 09:00:00,,,,,,,505.0,504.0,0.6936,0.0,1.0,0.3286,0.0,1.0
2025-09-10 10:00:00,,,,,,,509.0,509.0,0.9784,0.0324,2.0,0.29869998,0.042899966,2.0
2025-09-10 11:00:00,,,,,,,509.0,509.0,,,0.0,,,0.0
2025-09-10 12:00:00,,,,,,,509.0,509.0,0.357,0.0602,2.0,0.9217,0.016299963,2.0
2025-09-10 13:00:00,,,,,,,509.0,509.0,,,0.0,,,0.0
2025-09-10 14:00:00,,,,,,,509.0,509.0,,,0.0,,,0.0
2025-09-10 15:00:00,,,,,,,509.0,509.0,,,0.0,,,0.0
2025-09-10 16:00:00,,,,,,,509.0,509.0,,,0.0,,,0.0
2025-09-10 17:00:00,,,,,,,1533.0,1533.0,,,0.0,,,0.0
2025-09-10 18:00:00,,,,,,,1533.0,1533.0,,,0.0,,,0.0
2025-09-10 19:00:00,,,,,,,1533.0,1533.0,,,0.0,,,0.0
2025-09-10 20:00:00,,,,,,,1533.0,1533.0,,,0.0,,,0.0
2025-09-10 21:00:00,,,,,,,1533.0,1533.0,,,0.0,,,0.0
2025-09-10 22:00:00,,,,,,,1533.0,1533.0,,,0.0,,,0.0
2025-09-10 23:00:00,,,,,,,1529.0,1529.0,,,0.0,,,0.0
2025-09-11 00:00:00,,,,,,,1533.0,1533.0,,,0.0,,,0.0
2025-09-11 01:00:00,,,,,,,1533.0,1533.0,,,0.0,,,0.0
2025-09-11 02:00:00,,,,,,,1533.0,1533.0,,,0.0,,,0.0
2025-09-11 03:00:00,,,,,,,1529.0,1529.0,,,0.0,,,0.0
2025-09-11 04:00:00,,,,,,,1533.0,1533.0,,,0.0,,,0.0
2025-09-11 05:00:00,,,,,,,1533.0,1533.0,,,0.0,,,0.0
2025-09-11 06:00:00,,,,,,,1529.0,1529.0,,,0.0,,,0.0
2025-09-11 07:00:00,,,,,,,1533.0,1533.0,,,0.0,,,0.0
2025-09-11 08:00:00,,,,,,,2553.0,2552.0,0.2604,0.045199998,4.0,1.0087999,0.00879997,4.0
2025-09-11 09:00:00,,,,,,,505.0,504.0,0.47079998,0.19479999,5.0,0.8455,0.12449998,5.0
2025-09-11 10:00:00,,,,,,,509.0,509.0,1.135,0.17719999,4.0,0.6295999,0.06979996,4.0
2025-09-11 11:00:00,,,,,,,509.0,509.0,0.6958,0.1424,3.0,0.95509994,0.060199976,3.0
2025-09-11 12:00:00,,,,,,,505.0,504.0,0.7198,0.0,1.0,0.7911999,0.0,1.0
2025-09-11 13:00:00,,,,,,,509.0,509.0,0.79399997,0.1618,2.0,0.99679995,0.09009999,2.0
2025-09-11 14:00:00,,,,,,,509.0,509.0,0.0368,0.034199998,2.0,1.0063,0.031799972,2.0
2025-09-11 15:00:00,,,,,,,509.0,509.0,,,0.0,,,0.0
2025-09-11 16:00:00,,,,,,,509.0,509.0,,,0.0,,,0.0
2025-09-11 17:00:00,,,,,,,1533.0,1533.0,,,0.0,,,0.0
2025-09-11 18:00:00,,,,,,,1529.0,1529.0,,,0.0,,,0.0
2025-09-11 19:00:00,,,,,,,1273.0,1273.0,,,0.0,,,0.0
2025-09-11 20:00:00,,,,,,,1533.0,1533.0,,,0.0,,,0.0
2025-09-11 21:00:00,,,,,,,511.0,511.0,,,0.0,,,0.0
2025-09-11 22:00:00,,,,,,,1529.0,1529.0,,,0.0,,,0.0
2025-09-11 23:00:00,,,,,,,1529.0,1529.0,,,0.0,,,0.0
2025-09-12 00:00:00,,,,,,,1529.0,1529.0,,,0.0,,,0.0
2025-09-12 01:00:00,,,,,,,1533.0,1533.0,,,0.0,,,0.0
2025-09-12 02:00:00,,,,,,,1533.0,1533.0,,,0.0,,,0.0
2025-09-12 03:00:00,,,,,,,1533.0,1533.0,,,0.0,,,0.0
2025-09-12 04:00:00,,,,,,,1533.0,1533.0,,,0.0,,,0.0
2025-09-12 05:00:00,,,,,,,1533.0,1533.0,,,0.0,,,0.0
2025-09-12 06:00:00,,,,,,,1529.0,1529.0,,,0.0,,,0.0
2025-09-12 07:00:00,,,,,,,1533.0,1533.0,,,0.0,,,0.0
2025-09-12 08:00:00,,,,,,,509.0,509.0,,,0.0,,,0.0
2025-09-12 09:00:00,,,,,,,509.0,509.0,,,0.0,,,0.0
2025-09-12 10:00:00,,,,,,,509.0,509.0,,,0.0,,,0.0
2025-09-12 11:00:00,,,,,,,509.0,509.0,,,0.0,,,0.0
2025-09-12 12:00:00,,,,,,,509.0,509.0,,,0.0,,,0.0
2025-09-12 13:00:00,,,,,,,509.0,509.0,,,0.0,,,0.0
2025-09-12 14:00:00,,,,,,,509.0,509.0,,,0.0,,,0.0
2025-09-12 15:00:00,,,,,,,509.0,509.0,,,0.0,,,0.0
2025-09-12 16:00:00,,,,,,,509.0,509.0,,,0.0,,,0.0
2025-09-12 17:00:00,,,,,,,1533.0,1533.0,,,0.0,,,0.0
2025-09-12 18:00:00,,,,,,,1533.0,1533.0,,,0.0,,,0.0
2025-09-12 19:00:00,,,,,,,1533.0,1533.0,,,0.0,,,0.0
2025-09-12 20:00:00,,,,,,,1533.0,1533.0,,,0.0,,,0.0
2025-09-12 21:00:00,,,,,,,511.0,511.0,,,0.0,,,0.0
2025-09-12 22:00:00,,,,,,,1533.0,1533.0,,,0.0,,,0.0
2025-09-12 23:00:00,,,,,,,1533.0,1533.0,,,0.0,,,0.0
2025-09-13 00:00:00,,,,,,,1533.0,1533.0,,,0.0,,,0.0
2025-09-13 01:00:00,,,,,,,1533.0,1533.0,,,0.0,,,0.0
2025-09-13 02:00:00,,,,,,,1533.0,1533.0,,,0.0,,,0.0
2025-09-13 03:00:00,,,,,,,1529.0,1529.0,,,0.0,,,0.0
2025-09-13 04:00:00,,,,,,,1533.0,1533.0,,,0.0,,,0.0
2025-09-13 05:00:00,,,,,,,1529.0,1529.0,,,0.0,,,0.0
2025-09-13 06:00:00,,,,,,,1533.0,1533.0,,,0.0,,,0.0
2025-09-13 07:00:00,,,,,,,1533.0,1533.0,,,0.0,,,0.0
2025-09-13 08:00:00,,,,,,,509.0,509.0,,,0.0,,,0.0
2025-09-13 09:00:00,,,,,,,509.0,509.0,,,0.0,,,0.0
2025-09-13 10:00:00,,,,,,,509.0,509.0,,,0.0,,,0.0
2025-09-13 11:00:00,,,,,,,509.0,509.0,,,0.0,,,0.0
2025-09-13 12:00:00,,,,,,,509.0,509.0,,,0.0,,,0.0
2025-09-13 13:00:00,,,,,,,509.0,509.0,,,0.0,,,0.0
2025-09-13 14:00:00,,,,,,,509.0,509.0,,,0.0,,,0.0
2025-09-13 15:00:00,,,,,,,509.0,509.0,,,0.0,,,0.0
2025-09-13 16:00:00,,,,,,,509.0,509.0,,,0.0,,,0.0
2025-09-13 17:00:00,,,,,,,1533.0,1533.0,,,0.0,,,0.0
2025-09-13 18:00:00,,,,,,,1533.0,1533.0,,,0.0,,,0.0
2025-09-13 19:00:00,,,,,,,1533.0,1533.0,,,0.0,,,0.0
2025-09-13 20:00:00,,,,,,,1529.0,1529.0,,,0.0,,,0.0
2025-09-13 21:00:00,,,,,,,511.0,511.0,,,0.0,,,0.0
2025-09-13 22:00:00,,,,,,,1533.0,1533.0,,,0.0,,,0.0
2025-09-13 23:00:00,,,,,,,1529.0,1529.0,,,0.0,,,0.0
2025-09-14 00:00:00,,,,,,,1533.0,1533.0,,,0.0,,,0.0
2025-09-14 01:00:00,,,,,,,1533.0,1533.0,,,0.0,,,0.0
2025-09-14 02:00:00,,,,,,,1529.0,1529.0,,,0.0,,,0.0
2025-09-14 03:00:00,,,,,,,1533.0,1533.0,,,0.0,,,0.0
2025-09-14 04:00:00,,,,,,,1533.0,1533.0,,,0.0,,,0.0
2025-09-14 05:00:00,,,,,,,1533.0,1533.0,,,0.0,,,0.0
2025-09-14 06:00:00,,,,,,,1533.0,1533.0,,,0.0,,,0.0
2025-09-14 07:00:00,,,,,,,1533.0,1533.0,,,0.0,,,0.0
2025-09-14 08:00:00,,,,,,,509.0,509.0,,,0.0,,,0.0
2025-09-14 09:00:00,,,,,,,509.0,509.0,,,0.0,,,0.0
2025-09-14 10:00:00,,,,,,,509.0,509.0,1.6084,0.0,1.0,0.6342,0.0,1.0
2025-09-14 11:00:00,,,,,,,509.0,509.0,,,0.0,,,0.0
2025-09-14 12:00:00,,,,,,,509.0,509.0,,,0.0,,,0.0
2025-09-14 13:00:00,,,,,,,509.0,509.0,,,0.0,,,0.0
2025-09-14 14:00:00,,,,,,,509.0,509.0,,,0.0,,,0.0
2025-09-14 15:00:00,,,,,,,509.0,509.0,,,0.0,,,0.0
2025-09-14 16:00:00,,,,,,,509.0,509.0,,,0.0,,,0.0
2025-09-14 17:00:00,,,,,,,1529.0,1529.0,,,0.0,,,0.0
2025-09-14 18:00:00,,,,,,,1533.0,1533.0,,,0.0,,,0.0
2025-09-14 19:00:00,,,,,,,1533.0,1533.0,,,0.0,,,0.0
2025-09-14 20:00:00,,,,,,,1533.0,1533.0,,,0.0,,,0.0
2025-09-14 21:00:00,,,,,,,1533.0,1533.0,,,0.0,,,0.0
2025-09-14 22:00:00,,,,,,,1533.0,1533.0,,,0.0,,,0.0
2025-09-14 23:00:00,,,,,,,1533.0,1533.0,,,0.0,,,0.0
2025-09-15 00:00:00,,,,,,,1533.0,1533.0,,,0.0,,,0.0
2025-09-15 01:00:00,,,,,,,1529.0,1529.0,,,0.0,,,0.0
2025-09-15 02:00:00,,,,,,,1533.0,1533.0,,,0.0,,,0.0
2025-09-15 03:00:00,,,,,,,1533.0,1533.0,,,0.0,,,0.0
2025-09-15 04:00:00,,,,,,,1533.0,1533.0,,,0.0,,,0.0
2025-09-15 05:00:00,,,,,,,1533.0,1533.0,,,0.0,,,0.0
2025-09-15 06:00:00,,,,,,,1533.0,1533.0,,,0.0,,,0.0
2025-09-15 07:00:00,,,,,,,1529.0,1529.0,,,0.0,,,0.0
2025-09-15 08:00:00,,,,,,,509.0,509.0,0.5394,0.0814,2.0,1.0695,0.049600005,2.0
2025-09-15 09:00:00,,,,,,,509.0,509.0,,,0.0,,,0.0
2025-09-15 10:00:00,,,,,,,505.0,504.0,0.2608,0.0,1.0,0.9397,0.0,1.0
2025-09-15 11:00:00,,,,,,,509.0,509.0,0.14299999,0.0084,3.0,1.0784999,0.028699994,3.0
2025-09-15 12:00:00,,,,,,,509.0,509.0,0.5172,0.0,1.0,1.0439,0.0,1.0
2025-09-15 13:00:00,,,,,,,509.0,509.0,,,0.0,,,0.0
2025-09-15 14:00:00,,,,,,,509.0,509.0,,,0.0,,,0.0
2025-09-15 15:00:00,,,,,,,509.0,509.0,,,0.0,,,0.0
2025-09-15 16:00:00,,,,,,,509.0,509.0,,,0.0,,,0.0
2025-09-15 17:00:00,,,,,,,1533.0,1533.0,,,0.0,,,0.0
2025-09-15 18:00:00,,,,,,,1533.0,1533.0,,,0.0,,,0.0
2025-09-15 19:00:00,,,,,,,1529.0,1529.0,,,0.0,,,0.0
2025-09-15 20:00:00,,,,,,,1533.0,1533.0,,,0.0,,,0.0
2025-09-15 21:00:00,,,,,,,1533.0,1533.0,,,0.0,,,0.0
2025-09-15 22:00:00,,,,,,,1533.0,1533.0,,,0.0,,,0.0
2025-09-15 23:00:00,,,,,,,1533.0,1533.0,,,0.0,,,0.0
2025-09-16 00:00:00,,,,,,,1533.0,1533.0,,,0.0,,,0.0
2025-09-16 01:00:00,,,,,,,1533.0,1533.0,,,0.0,,,0.0
2025-09-16 02:00:00,,,,,,,1533.0,1533.0,,,0.0,,,0.0
2025-09-16 03:00:00,,,,,,,1533.0,1533.0,,,0.0,,,0.0
2025-09-16 04:00:00,,,,,,,1533.0,1533.0,,,0.0,,,0.0
2025-09-16 05:00:00,,,,,,,1533.0,1533.0,,,0.0,,,0.0
2025-09-16 06:00:00,,,,,,,1533.0,1533.0,,,0.0,,,0.0
2025-09-16 07:00:00,,,,,,,1533.0,1533.0,,,0.0,,,0.0
2025-09-16 08:00:00,,,,,,,509.0,509.0,,,0.0,,,0.0
2025-09-16 09:00:00,,,,,,,509.0,509.0,,,0.0,,,0.0
2025-09-16 10:00:00,,,,,,,509.0,509.0,,,0.0,,,0.0
2025-09-16 11:00:00,,,,,,,509.0,509.0,,,0.0,,,0.0
2025-09-16 12:00:00,,,,,,,509.0,509.0,,,0.0,,,0.0
2025-09-16 13:00:00,,,,,,,509.0,509.0,,,0.0,,,0.0
2025-09-16 14:00:00,,,,,,,509.0,509.0,,,0.0,,,0.0
2025-09-16 15:00:00,,,,,,,509.0,509.0,,,0.0,,,0.0
2025-09-16 16:00:00,,,,,,,509.0,509.0,,,0.0,,,0.0
2025-09-16 17:00:00,,,,,,,1533.0,1533.0,,,0.0,,,0.0
2025-09-16 18:00:00,,,,,,,1533.0,1533.0,,,0.0,,,0.0
2025-09-16 19:00:00,,,,,,,1533.0,1533.0,,,0.0,,,0.0
2025-09-16 20:00:00,,,,,,,1529.0,1529.0,,,0.0,,,0.0
2025-09-16 21:00:00,,,,,,,1533.0,1533.0,,,0.0,,,0.0
2025-09-16 22:00:00,,,,,,,1533.0,1533.0,,,0.0,,,0.0
2025-09-16 23:00:00,,,,,,,1533.0,1533.0,,,0.0,,,0.0
2025-09-17 00:00:00,,,,,,,1529.0,1529.0,,,0.0,,,0.0
2025-09-17 01:00:00,,,,,,,1533.0,1533.0,,,0.0,,,0.0
2025-09-17 02:00:00,,,,,,,1533.0,1533.0,,,0.0,,,0.0
2025-09-17 03:00:00,,,,,,,1529.0,1529.0,,,0.0,,,0.0
2025-09-17 04:00:00,,,,,,,1529.0,1529.0,,,0.0,,,0.0
2025-09-17 05:00:00,,,,,,,1533.0,1533.0,,,0.0,,,0.0
2025-09-17 06:00:00,,,,,,,1533.0,1533.0,,,0.0,,,0.0
2025-09-17 07:00:00,,,,,,,1533.0,1533.0,,,0.0,,,0.0
2025-09-17 08:00:00,,,,,,,509.0,509.0,,,0.0,,,0.0
2025-09-17 09:00:00,,,,,,,509.0,509.0,,,0.0,,,0.0
2025-09-17 10:00:00,,,,,,,509.0,509.0,,,0.0,,,0.0
2025-09-17 11:00:00,,,,,,,505.0,504.0,0.4224,0.0954,2.0,0.98109996,0.043299973,2.0
2025-09-17 12:00:00,,,,,,,509.0,509.0,,,0.0,,,0.0
2025-09-17 13:00:00,,,,,,,509.0,509.0,,,0.0,,,0.0
2025-09-17 14:00:00,,,,,,,509.0,509.0,,,0.0,,,0.0
2025-09-17 15:00:00,,,,,,,509.0,509.0,,,0.0,,,0.0
2025-09-17 16:00:00,,,,,,,509.0,509.0,,,0.0,,,0.0
2025-09-17 17:00:00,,,,,,,1533.0,1533.0,,,0.0,,,0.0
2025-09-17 18:00:00,,,,,,,1533.0,1533.0,,,0.0,,,0.0
2025-09-17 19:00:00,,,,,,,1533.0,1533.0,,,0.0,,,0.0
2025-09-17 20:00:00,,,,,,,1533.0,1533.0,,,0.0,,,0.0
2025-09-17 21:00:00,,,,,,,1529.0,1529.0,,,0.0,,,0.0
2025-09-17 22:00:00,,,,,,,1533.0,1533.0,,,0.0,,,0.0
2025-09-17 23:00:00,,,,,,,1533.0,1533.0,,,0.0,,,0.0
2025-09-18 00:00:00,,,,,,,1533.0,1533.0,,,0.0,,,0.0
2025-09-18 01:00:00,,,,,,,1529.0,1529.0,,,0.0,,,0.0
2025-09-18 02:00:00,,,,,,,1533.0,1533.0,,,0.0,,,0.0
2025-09-18 03:00:00,,,,,,,1533.0,1533.0,,,0.0,,,0.0
2025-09-18 04:00:00,,,,,,,1533.0,1533.0,,,0.0,,,0.0
2025-09-18 05:00:00,,,,,,,1533.0,1533.0,,,0.0,,,0.0
2025-09-18 06:00:00,,,,,,,1533.0,1533.0,,,0.0,,,0.0
2025-09-18 07:00:00,,,,,,,1533.0,1533.0,,,0.0,,,0.0
2025-09-18 08:00:00,,,,,,,509.0,509.0,,,0.0,,,0.0
2025-09-18 09:00:00,,,,,,,509.0,509.0,,,0.0,,,0.0
2025-09-18 10:00:00,,,,,,,509.0,509.0,,,0.0,,,0.0
2025-09-18 11:00:00,,,,,,,509.0,509.0,0.56479996,0.090799995,4.0,0.9190999,0.024199963,4.0
2025-09-18 12:00:00,,,,,,,509.0,509.0,,,0.0,,,0.0
2025-09-18 13:00:00,,,,,,,509.0,509.0,,,0.0,,,0.0
2025-09-18 14:00:00,,,,,,,509.0,509.0,,,0.0,,,0.0
2025-09-18 15:00:00,,,,,,,509.0,509.0,,,0.0,,,0.0
2025-09-18 16:00:00,,,,,,,509.0,509.0,,,0.0,,,0.0
2025-09-18 17:00:00,,,,,,,1533.0,1533.0,,,0.0,,,0.0
2025-09-18 18:00:00,,,,,,,1533.0,1533.0,,,0.0,,,0.0
2025-09-18 19:00:00,,,,,,,1529.0,1529.0,,,0.0,,,0.0
2025-09-18 20:00:00,,,,,,,1533.0,1533.0,,,0.0,,,0.0
2025-09-18 21:00:00,,,,,,,1273.0,1273.0,,,0.0,,,0.0
2025-09-18 22:00:00,,,,,,,1529.0,1529.0,,,0.0,,,0.0
2025-09-18 23:00:00,,,,,,,1529.0,1529.0,,,0.0,,,0.0
2025-09-19 00:00:00,,,,,,,1533.0,1533.0,,,0.0,,,0.0
2025-09-19 01:00:00,,,,,,,1533.0,1533.0,,,0.0,,,0.0
2025-09-19 02:00:00,,,,,,,1533.0,1533.0,,,0.0,,,0.0
2025-09-19 03:00:00,,,,,,,1533.0,1533.0,,,0.0,,,0.0
2025-09-19 04:00:00,,,,,,,1533.0,1533.0,,,0.0,,,0.0
2025-09-19 05:00:00,,,,,,,1533.0,1533.0,,,0.0,,,0.0
2025-09-19 06:00:00,,,,,,,1533.0,1533.0,,,0.0,,,0.0
2025-09-19 07:00:00,,,,,,,1533.0,1533.0,,,0.0,,,0.0
2025-09-19 08:00:00,,,,,,,509.0,509.0,,,0.0,,,0.0
2025-09-19 09:00:00,,,,,,,509.0,509.0,,,0.0,,,0.0
2025-09-19 10:00:00,,,,,,,509.0,509.0,,,0.0,,,0.0
2025-09-19 11:00:00,,,,,,,509.0,509.0,1.709,0.0,1.0,0.4242,0.0,1.0
2025-09-19 12:00:00,,,,,,,509.0,509.0,,,0.0,,,0.0
2025-09-19 13:00:00,,,,,,,509.0,509.0,,,0.0,,,0.0
2025-09-19 14:00:00,,,,,,,2553.0,2552.0,0.2464,0.0,1.0,0.9312999,0.0,1.0
2025-09-19 15:00:00,,,,,,,509.0,509.0,,,0.0,,,0.0
2025-09-19 16:00:00,,,,,,,509.0,509.0,,,0.0,,,0.0
2025-09-19 17:00:00,,,,,,,1533.0,1533.0,,,0.0,,,0.0
2025-09-19 18:00:00,,,,,,,1533.0,1533.0,,,0.0,,,0.0
2025-09-19 19:00:00,,,,,,,1533.0,1533.0,,,0.0,,,0.0
2025-09-19 20:00:00,,,,,,,1533.0,1533.0,,,0.0,,,0.0
2025-09-19 21:00:00,,,,,,,1529.0,1529.0,,,0.0,,,0.0
2025-09-19 22:00:00,,,,,,,1529.0,1529.0,,,0.0,,,0.0
2025-09-19 23:00:00,,,,,,,1529.0,1529.0,,,0.0,,,0.0
2025-09-20 00:00:00,,,,,,,1529.0,1529.0,,,0.0,,,0.0
2025-09-20 01:00:00,,,,,,,1533.0,1533.0,,,0.0,,,0.0
2025-09-20 02:00:00,,,,,,,1273.0,1273.0,,,0.0,,,0.0
2025-09-20 03:00:00,,,,,,,1533.0,1533.0,,,0.0,,,0.0
2025-09-20 04:00:00,,,,,,,1533.0,1533.0,,,0.0,,,0.0
2025-09-20 05:00:00,,,,,,,1529.0,1529.0,,,0.0,,,0.0
2025-09-20 06:00:00,,,,,,,1533.0,1533.0,,,0.0,,,0.0
2025-09-20 07:00:00,,,,,,,1533.0,1533.0,,,0.0,,,0.0
2025-09-20 08:00:00,,,,,,,509.0,509.0,0.3718,0.0,1.0,0.7286,0.0,1.0
2025-09-20 09:00:00,,,,,,,505.0,504.0,0.5208,0.2418,3.0,0.5964,0.1613,3.0
2025-09-20 10:00:00,,,,,,,509.0,509.0,1.0252,0.083399996,3.0,0.3689,0.0024999976,3.0
2025-09-20 11:00:00,,,,,,,509.0,509.0,0.6832,0.0,1.0,0.88199997,0.0,1.0
2025-09-20 12:00:00,,,,,,,509.0,509.0,,,0.0,,,0.0
2025-09-20 13:00:00,,,,,,,509.0,509.0,0.0224,0.0,1.0,0.8923,0.0,1.0
2025-09-20 14:00:00,,,,,,,509.0,509.0,,,0.0,,,0.0
2025-09-20 15:00:00,,,,,,,509.0,509.0,,,0.0,,,0.0
2025-09-20 16:00:00,,,,,,,509.0,509.0,,,0.0,,,0.0
2025-09-20 17:00:00,,,,,,,1533.0,1533.0,,,0.0,,,0.0
2025-09-20 18:00:00,,,,,,,1533.0,1533.0,,,0.0,,,0.0
2025-09-20 19:00:00,,,,,,,1533.0,1533.0,,,0.0,,,0.0
2025-09-20 20:00:00,,,,,,,1533.0,1533.0,,,0.0,,,0.0
2025-09-20 21:00:00,,,,,,,1529.0,1529.0,,,0.0,,,0.0
2025-09-20 22:00:00,,,,,,,1529.0,1529.0,,,0.0,,,0.0
2025-09-20 23:00:00,,,,,,,1533.0,1533.0,,,0.0,,,0.0
2025-09-21 00:00:00,,,,,,,1533.0,1533.0,,,0.0,,,0.0
2025-09-21 01:00:00,,,,,,,1533.0,1533.0,,,0.0,,,0.0
2025-09-21 02:00:00,,,,,,,1273.0,1273.0,,,0.0,,,0.0
2025-09-21 03:00:00,,,,,,,1529.0,1529.0,,,0.0,,,0.0
2025-09-21 04:00:00,,,,,,,1533.0,1533.0,,,0.0,,,0.0
2025-09-21 05:00:00,,,,,,,1533.0,1533.0,,,0.0,,,0.0
2025-09-21 06:00:00,,,,,,,1273.0,1273.0,,,0.0,,,0.0
2025-09-21 07:00:00,,,,,,,1529.0,1529.0,,,0.0,,,0.0
2025-09-21 08:00:00,,,,,,,509.0,509.0,0.48819998,0.0,1.0,0.6845,0.0,1.0
2025-09-21 09:00:00,,,,,,,509.0,509.0,,,0.0,,,0.0
2025-09-21 10:00:00,,,,,,,509.0,509.0,,,0.0,,,0.0
2025-09-21 11:00:00,,,,,,,509.0,509.0,,,0.0,,,0.0
2025-09-21 12:00:00,,,,,,,509.0,509.0,,,0.0,,,0.0
2025-09-21 13:00:00,,,,,,,509.0,509.0,,,0.0,,,0.0
2025-09-21 14:00:00,,,,,,,509.0,509.0,,,0.0,,,0.0
2025-09-21 15:00:00,,,,,,,509.0,509.0,,,0.0,,,0.0
2025-09-21 16:00:00,,,,,,,509.0,509.0,,,0.0,,,0.0
2025-09-21 17:00:00,,,,,,,1533.0,1533.0,,,0.0,,,0.0
2025-09-21 18:00:00,,,,,,,1533.0,1533.0,,,0.0,,,0.0
2025-09-21 19:00:00,,,,,,,1533.0,1533.0,,,0.0,,,0.0
2025-09-21 20:00:00,,,,,,,1533.0,1533.0,,,0.0,,,0.0
2025-09-21 21:00:00,,,,,,,1529.0,1529.0,,,0.0,,,0.0
2025-09-21 22:00:00,,,,,,,1533.0,1533.0,,,0.0,,,0.0
2025-09-21 23:00:00,,,,,,,1533.0,1533.0,,,0.0,,,0.0
2025-09-22 00:00:00,,,,,,,1529.0,1529.0,,,0.0,,,0.0
2025-09-22 01:00:00,,,,,,,1533.0,1533.0,,,0.0,,,0.0
2025-09-22 02:00:00,,,,,,,1533.0,1533.0,,,0.0,,,0.0
2025-09-22 03:00:00,,,,,,,1533.0,1533.0,,,0.0,,,0.0
2025-09-22 04:00:00,,,,,,,1533.0,1533.0,,,0.0,,,0.0
2025-09-22 05:00:00,,,,,,,1533.0,1533.0,,,0.0,,,0.0
2025-09-22 06:00:00,,,,,,,1533.0,1533.0,,,0.0,,,0.0
2025-09-22 07:00:00,,,,,,,1533.0,1533.0,,,0.0,,,0.0
2025-09-22 08:00:00,,,,,,,509.0,509.0,,,0.0,,,0.0
2025-09-22 09:00:00,,,,,,,509.0,509.0,,,0.0,,,0.0
2025-09-22 10:00:00,,,,,,,509.0,509.0,,,0.0,,,0.0
2025-09-22 11:00:00,,,,,,,509.0,509.0,,,0.0,,,0.0
2025-09-22 12:00:00,,,,,,,509.0,509.0,,,0.0,,,0.0
2025-09-22 13:00:00,,,,,,,509.0,509.0,,,0.0,,,0.0
2025-09-22 14:00:00,,,,,,,509.0,509.0,,,0.0,,,0.0
2025-09-22 15:00:00,,,,,,,509.0,509.0,,,0.0,,,0.0
2025-09-22 16:00:00,,,,,,,509.0,509.0,,,0.0,,,0.0
2025-09-22 17:00:00,,,,,,,1533.0,1533.0,,,0.0,,,0.0
2025-09-22 18:00:00,,,,,,,1529.0,1529.0,,,0.0,,,0.0
2025-09-22 19:00:00,,,,,,,1529.0,1529.0,,,0.0,,,0.0
2025-09-22 20:00:00,,,,,,,1529.0,1529.0,,,0.0,,,0.0
2025-09-22 21:00:00,,,,,,,1273.0,1273.0,,,0.0,,,0.0
2025-09-22 22:00:00,,,,,,,1529.0,1529.0,,,0.0,,,0.0
2025-09-22 23:00:00,,,,,,,1529.0,1529.0,,,0.0,,,0.0
2025-09-23 00:00:00,,,,,,,1533.0,1533.0,,,0.0,,,0.0
2025-09-23 01:00:00,,,,,,,1529.0,1529.0,,,0.0,,,0.0
2025-09-23 02:00:00,,,,,,,1529.0,1529.0,,,0.0,,,0.0
2025-09-23 03:00:00,,,,,,,1529.0,1529.0,,,0.0,,,0.0
2025-09-23 04:00:00,,,,,,,1533.0,1533.0,,,0.0,,,0.0
2025-09-23 05:00:00,,,,,,,1529.0,1529.0,,,0.0,,,0.0
2025-09-23 06:00:00,,,,,,,1533.0,1533.0,,,0.0,,,0.0
2025-09-23 07:00:00,,,,,,,1533.0,1533.0,,,0.0,,,0.0
2025-09-23 08:00:00,,,,,,,509.0,509.0,,,0.0,,,0.0
2025-09-23 09:00:00,,,,,,,509.0,509.0,,,0.0,,,0.0
2025-09-23 10:00:00,,,,,,,509.0,509.0,,,0.0,,,0.0
2025-09-23 11:00:00,,,,,,,509.0,509.0,,,0.0,,,0.0
2025-09-23 12:00:00,,,,,,,509.0,509.0,,,0.0,,,0.0
2025-09-23 13:00:00,,,,,,,509.0,509.0,,,0.0,,,0.0
2025-09-23 14:00:00,,,,,,,509.0,509.0,,,0.0,,,0.0
2025-09-23 15:00:00,,,,,,,509.0,509.0,,,0.0,,,0.0
2025-09-23 16:00:00,,,,,,,509.0,509.0,0.1472,0.0,1.0,0.7062,0.0,1.0
2025-09-23 17:00:00,,,,,,,1533.0,1533.0,,,0.0,,,0.0
2025-09-23 18:00:00,,,,,,,1533.0,1533.0,,,0.0,,,0.0
2025-09-23 19:00:00,,,,,,,1533.0,1533.0,,,0.0,,,0.0
2025-09-23 20:00:00,,,,,,,1533.0,1533.0,,,0.0,,,0.0
2025-09-23 21:00:00,,,,,,,1533.0,1533.0,,,0.0,,,0.0
2025-09-23 22:00:00,,,,,,,1529.0,1529.0,,,0.0,,,0.0
2025-09-23 23:00:00,,,,,,,1533.0,1533.0,,,0.0,,,0.0
2025-09-24 00:00:00,,,,,,,1533.0,1533.0,,,0.0,,,0.0
2025-09-24 01:00:00,,,,,,,1533.0,1533.0,,,0.0,,,0.0
2025-09-24 02:00:00,,,,,,,1529.0,1529.0,,,0.0,,,0.0
2025-09-24 03:00:00,,,,,,,1529.0,1529.0,,,0.0,,,0.0
2025-09-24 04:00:00,,,,,,,1533.0,1533.0,,,0.0,,,0.0
2025-09-24 05:00:00,,,,,,,1533.0,1533.0,,,0.0,,,0.0
2025-09-24 06:00:00,,,,,,,1533.0,1533.0,,,0.0,,,0.0
2025-09-24 07:00:00,,,,,,,1533.0,1533.0,,,0.0,,,0.0
2025-09-24 08:00:00,,,,,,,509.0,509.0,,,0.0,,,0.0
2025-09-24 09:00:00,,,,,,,509.0,509.0,,,0.0,,,0.0
2025-09-24 10:00:00,,,,,,,509.0,509.0,,,0.0,,,0.0
2025-09-24 11:00:00,,,,,,,509.0,509.0,,,0.0,,,0.0
2025-09-24 12:00:00,,,,,,,509.0,509.0,,,0.0,,,0.0
2025-09-24 13:00:00,,,,,,,509.0,509.0,,,0.0,,,0.0
2025-09-24 14:00:00,,,,,,,509.0,509.0,,,0.0,,,0.0
2025-09-24 15:00:00,,,,,,,509.0,509.0,,,0.0,,,0.0
2025-09-24 16:00:00,,,,,,,509.0,509.0,,,0.0,,,0.0
2025-09-24 17:00:00,,,,,,,1533.0,1533.0,,,0.0,,,0.0
2025-09-24 18:00:00,,,,,,,1533.0,1533.0,,,0.0,,,0.0
2025-09-24 19:00:00,,,,,,,1533.0,1533.0,,,0.0,,,0.0
2025-09-24 20:00:00,,,,,,,1529.0,1529.0,,,0.0,,,0.0
2025-09-24 21:00:00,,,,,,,1533.0,1533.0,,,0.0,,,0.0
2025-09-24 22:00:00,,,,,,,1533.0,1533.0,,,0.0,,,0.0
2025-09-24 23:00:00,,,,,,,1533.0,1533.0,,,0.0,,,0.0
2025-09-25 00:00:00,,,,,,,1533.0,1533.0,,,0.0,,,0.0
2025-09-25 01:00:00,,,,,,,1273.0,1273.0,,,0.0,,,0.0
2025-09-25 02:00:00,,,,,,,1529.0,1529.0,,,0.0,,,0.0
2025-09-25 03:00:00,,,,,,,1533.0,1533.0,,,0.0,,,0.0
2025-09-25 04:00:00,,,,,,,1533.0,1533.0,,,0.0,,,0.0
2025-09-25 05:00:00,,,,,,,1533.0,1533.0,,,0.0,,,0.0
2025-09-25 06:00:00,,,,,,,1529.0,1529.0,,,0.0,,,0.0
2025-09-25 07:00:00,,,,,,,1533.0,1533.0,,,0.0,,,0.0
2025-09-25 08:00:00,,,,,,,509.0,509.0,0.1998,0.0,1.0,0.51,0.0,1.0
2025-09-25 09:00:00,,,,,,,509.0,509.0,,,0.0,,,0.0
2025-09-25 10:00:00,,,,,,,509.0,509.0,,,0.0,,,0.0
2025-09-25 11:00:00,,,,,,,509.0,509.0,,,0.0,,,0.0
2025-09-25 12:00:00,,,,,,,509.0,509.0,,,0.0,,,0.0
2025-09-25 13:00:00,,,,,,,509.0,509.0,,,0.0,,,0.0
2025-09-25 14:00:00,,,,,,,509.0,509.0,,,0.0,,,0.0
2025-09-25 15:00:00,,,,,,,509.0,509.0,,,0.0,,,0.0
2025-09-25 16:00:00,,,,,,,505.0,505.0,0.0018,0.0,1.0,0.8196,0.0,1.0
2025-09-25 17:00:00,,,,,,,1533.0,1533.0,,,0.0,,,0.0
2025-09-25 18:00:00,,,,,,,1533.0,1533.0,,,0.0,,,0.0
2025-09-25 19:00:00,,,,,,,1533.0,1533.0,,,0.0,,,0.0
2025-09-25 20:00:00,,,,,,,1533.0,1533.0,,,0.0,,,0.0
2025-09-25 21:00:00,,,,,,,1529.0,1529.0,,,0.0,,,0.0
2025-09-25 22:00:00,,,,,,,1533.0,1533.0,,,0.0,,,0.0
2025-09-25 23:00:00,,,,,,,1273.0,1273.0,,,0.0,,,0.0
2025-09-26 00:00:00,,,,,,,1533.0,1533.0,,,0.0,,,0.0
2025-09-26 01:00:00,,,,,,,1533.0,1533.0,,,0.0,,,0.0
2025-09-26 02:00:00,,,,,,,1533.0,1533.0,,,0.0,,,0.0
2025-09-26 03:00:00,,,,,,,1533.0,1533.0,,,0.0,,,0.0
2025-09-26 04:00:00,,,,,,,1533.0,1533.0,,,0.0,,,0.0
2025-09-26 05:00:00,,,,,,,1533.0,1533.0,,,0.0,,,0.0
2025-09-26 06:00:00,,,,,,,1529.0,1529.0,,,0.0,,,0.0
2025-09-26 07:00:00,,,,,,,1533.0,1533.0,,,0.0,,,0.0
2025-09-26 08:00:00,,,,,,,509.0,509.0,,,0.0,,,0.0
2025-09-26 09:00:00,,,,,,,509.0,509.0,,,0.0,,,0.0
2025-09-26 10:00:00,,,,,,,509.0,509.0,,,0.0,,,0.0
2025-09-26 11:00:00,,,,,,,509.0,509.0,,,0.0,,,0.0
2025-09-26 12:00:00,,,,,,,509.0,509.0,,,0.0,,,0.0
2025-09-26 13:00:00,,,,,,,509.0,509.0,,,0.0,,,0.0
2025-09-26 14:00:00,,,,,,,509.0,509.0,,,0.0,,,0.0
2025-09-26 15:00:00,,,,,,,509.0,509.0,,,0.0,,,0.0
2025-09-26 16:00:00,,,,,,,509.0,509.0,,,0.0,,,0.0
2025-09-26 17:00:00,,,,,,,1533.0,1533.0,,,0.0,,,0.0
2025-09-26 18:00:00,,,,,,,1533.0,1533.0,,,0.0,,,0.0
2025-09-26 19:00:00,,,,,,,1533.0,1533.0,,,0.0,,,0.0
2025-09-26 20:00:00,,,,,,,1533.0,1533.0,,,0.0,,,0.0
2025-09-26 21:00:00,,,,,,,1533.0,1533.0,,,0.0,,,0.0
2025-09-26 22:00:00,,,,,,,1533.0,1533.0,,,0.0,,,0.0
2025-09-26 23:00:00,,,,,,,1533.0,1533.0,,,0.0,,,0.0
2025-09-27 00:00:00,,,,,,,1529.0,1529.0,,,0.0,,,0.0
2025-09-27 01:00:00,,,,,,,1533.0,1533.0,,,0.0,,,0.0
2025-09-27 02:00:00,,,,,,,1273.0,1273.0,,,0.0,,,0.0
2025-09-27 03:00:00,,,,,,,1533.0,1533.0,,,0.0,,,0.0
2025-09-27 04:00:00,,,,,,,1533.0,1533.0,,,0.0,,,0.0
2025-09-27 05:00:00,,,,,,,1533.0,1533.0,,,0.0,,,0.0
2025-09-27 06:00:00,,,,,,,1533.0,1533.0,,,0.0,,,0.0
2025-09-27 07:00:00,,,,,,,1533.0,1533.0,,,0.0,,,0.0
2025-09-27 08:00:00,,,,,,,509.0,509.0,,,0.0,,,0.0
2025-09-27 09:00:00,,,,,,,509.0,509.0,,,0.0,,,0.0
2025-09-27 10:00:00,,,,,,,509.0,509.0,,,0.0,,,0.0
2025-09-27 11:00:00,,,,,,,509.0,509.0,,,0.0,,,0.0
2025-09-27 12:00:00,,,,,,,509.0,509.0,,,0.0,,,0.0
2025-09-27 13:00:00,,,,,,,509.0,509.0,,,0.0,,,0.0
2025-09-27 14:00:00,,,,,,,509.0,509.0,,,0.0,,,0.0
2025-09-27 15:00:00,,,,,,,509.0,509.0,,,0.0,,,0.0
2025-09-27 16:00:00,,,,,,,509.0,509.0,,,0.0,,,0.0
2025-09-27 17:00:00,,,,,,,1533.0,1533.0,,,0.0,,,0.0
2025-09-27 18:00:00,,,,,,,1529.0,1529.0,,,0.0,,,0.0
2025-09-27 19:00:00,,,,,,,1533.0,1533.0,,,0.0,,,0.0
2025-09-27 20:00:00,,,,,,,1533.0,1533.0,,,0.0,,,0.0
2025-09-27 21:00:00,,,,,,,1533.0,1533.0,,,0.0,,,0.0
2025-09-27 22:00:00,,,,,,,1533.0,1533.0,,,0.0,,,0.0
2025-09-27 23:00:00,,,,,,,1529.0,1529.0,,,0.0,,,0.0
2025-09-28 00:00:00,,,,,,,1533.0,1533.0,,,0.0,,,0.0
2025-09-28 01:00:00,,,,,,,1533.0,1533.0,,,0.0,,,0.0
2025-09-28 02:00:00,,,,,,,1533.0,1533.0,,,0.0,,,0.0
2025-09-28 03:00:00,,,,,,,1533.0,1533.0,,,0.0,,,0.0
2025-09-28 04:00:00,,,,,,,1533.0,1533.0,,,0.0,,,0.0
2025-09-28 05:00:00,,,,,,,1533.0,1533.0,,,0.0,,,0.0
2025-09-28 06:00:00,,,,,,,1533.0,1533.0,,,0.0,,,0.0
2025-09-28 07:00:00,,,,,,,1533.0,1533.0,,,0.0,,,0.0
2025-09-28 08:00:00,,,,,,,509.0,509.0,,,0.0,,,0.0
2025-09-28 09:00:00,,,,,,,509.0,509.0,,,0.0,,,0.0
2025-09-28 10:00:00,,,,,,,509.0,509.0,,,0.0,,,0.0
2025-09-28 11:00:00,,,,,,,509.0,509.0,,,0.0,,,0.0
2025-09-28 12:00:00,,,,,,,509.0,509.0,,,0.0,,,0.0
2025-09-28 13:00:00,,,,,,,509.0,509.0,,,0.0,,,0.0
2025-09-28 14:00:00,,,,,,,509.0,509.0,,,0.0,,,0.0
2025-09-28 15:00:00,,,,,,,509.0,509.0,,,0.0,,,0.0
2025-09-28 16:00:00,,,,,,,509.0,509.0,,,0.0,,,0.0
2025-09-28 17:00:00,,,,,,,1533.0,1533.0,,,0.0,,,0.0
2025-09-28 18:00:00,,,,,,,1529.0,1529.0,,,0.0,,,0.0
2025-09-28 19:00:00,,,,,,,1529.0,1529.0,,,0.0,,,0.0
2025-09-28 20:00:00,,,,,,,1529.0,1529.0,,,0.0,,,0.0
2025-09-28 21:00:00,,,,,,,1533.0,1533.0,,,0.0,,,0.0
2025-09-28 22:00:00,,,,,,,1533.0,1533.0,,,0.0,,,0.0
2025-09-28 23:00:00,,,,,,,1533.0,1533.0,,,0.0,,,0.0
2025-09-29 00:00:00,,,,,,,1533.0,1533.0,,,0.0,,,0.0
2025-09-29 01:00:00,,,,,,,1529.0,1529.0,,,0.0,,,0.0
2025-09-29 02:00:00,,,,,,,1533.0,1533.0,,,0.0,,,0.0
2025-09-29 03:00:00,,,,,,,1533.0,1533.0,,,0.0,,,0.0
2025-09-29 04:00:00,,,,,,,1533.0,1533.0,,,0.0,,,0.0
2025-09-29 05:00:00,,,,,,,1529.0,1529.0,,,0.0,,,0.0
2025-09-29 06:00:00,,,,,,,1533.0,1533.0,,,0.0,,,0.0
2025-09-29 07:00:00,,,,,,,1533.0,1533.0,,,0.0,,,0.0
2025-09-29 08:00:00,,,,,,,2553.0,2552.0,0.4888,0.0,1.0,0.7162,0.0,1.0
2025-09-29 09:00:00,,,,,,,509.0,509.0,,,0.0,,,0.0
2025-09-29 10:00:00,,,,,,,509.0,509.0,,,0.0,,,0.0
2025-09-29 11:00:00,,,,,,,509.0,509.0,,,0.0,,,0.0
2025-09-29 12:00:00,,,,,,,509.0,509.0,,,0.0,,,0.0
2025-09-29 13:00:00,,,,,,,509.0,509.0,,,0.0,,,0.0
2025-09-29 14:00:00,,,,,,,509.0,509.0,,,0.0,,,0.0
2025-09-29 15:00:00,,,,,,,509.0,509.0,,,0.0,,,0.0
2025-09-29 16:00:00,,,,,,,509.0,509.0,,,0.0,,,0.0
2025-09-29 17:00:00,,,,,,,1533.0,1533.0,,,0.0,,,0.0
2025-09-29 18:00:00,,,,,,,1533.0,1533.0,,,0.0,,,0.0
2025-09-29 19:00:00,,,,,,,1533.0,1533.0,,,0.0,,,0.0
2025-09-29 20:00:00,,,,,,,1533.0,1533.0,,,0.0,,,0.0
2025-09-29 21:00:00,,,,,,,1533.0,1533.0,,,0.0,,,0.0
2025-09-29 22:00:00,,,,,,,1533.0,1533.0,,,0.0,,,0.0
2025-09-29 23:00:00,,,,,,,1533.0,1533.0,,,0.0,,,0.0
2025-09-30 00:00:00,,,,,,,1533.0,1533.0,,,0.0,,,0.0
2025-09-30 01:00:00,,,,,,,1533.0,1533.0,,,0.0,,,0.0
2025-09-30 02:00:00,,,,,,,1533.0,1533.0,,,0.0,,,0.0
2025-09-30 03:00:00,,,,,,,1529.0,1529.0,,,0.0,,,0.0
2025-09-30 04:00:00,,,,,,,1529.0,1529.0,,,0.0,,,0.0
2025-09-30 05:00:00,,,,,,,1533.0,1533.0,,,0.0,,,0.0
2025-09-30 06:00:00,,,,,,,1533.0,1533.0,,,0.0,,,0.0
2025-09-30 07:00:00,,,,,,,1533.0,1533.0,,,0.0,,,0.0
2025-09-30 08:00:00,,,,,,,509.0,509.0,,,0.0,,,0.0
2025-09-30 09:00:00,,,,,,,509.0,509.0,0.5808,0.0036,2.0,0.8227,0.13,2.0
2025-09-30 10:00:00,,,,,,,509.0,509.0,,,0.0,,,0.0
2025-09-30 11:00:00,,,,,,,509.0,509.0,,,0.0,,,0.0
2025-09-30 12:00:00,,,,,,,509.0,509.0,,,0.0,,,0.0
2025-09-30 13:00:00,,,,,,,509.0,509.0,,,0.0,,,0.0
2025-09-30 14:00:00,,,,,,,509.0,509.0,,,0.0,,,0.0
2025-09-30 15:00:00,,,,,,,509.0,509.0,,,0.0,,,0.0
2025-09-30 16:00:00,,,,,,,509.0,509.0,,,0.0,,,0.0
2025-09-30 17:00:00,,,,,,,1533.0,1533.0,,,0.0,,,0.0
2025-09-30 18:00:00,,,,,,,1533.0,1533.0,,,0.0,,,0.0
2025-09-30 19:00:00,,,,,,,1533.0,1533.0,,,0.0,,,0.0
2025-09-30 20:00:00,,,,,,,1533.0,1533.0,,,0.0,,,0.0
2025-09-30 21:00:00,,,,,,,1533.0,1533.0,,,0.0,,,0.0
2025-09-30 22:00:00,,,,,,,1533.0,1533.0,,,0.0,,,0.0
2025-09-30 23:00:00,,,,,,,1533.0,1533.0,,,0.0,,,0.0
2025-10-01 00:00:00,,,,,,,1533.0,1533.0,,,0.0,,,0.0
2025-10-01 01:00:00,,,,,,,1533.0,1533.0,,,0.0,,,0.0
2025-10-01 02:00:00,,,,,,,1529.0,1529.0,,,0.0,,,0.0
2025-10-01 03:00:00,,,,,,,1533.0,1533.0,,,0.0,,,0.0
2025-10-01 04:00:00,,,,,,,1273.0,1273.0,,,0.0,,,0.0
2025-10-01 05:00:00,,,,,,,1533.0,1533.0,,,0.0,,,0.0
2025-10-01 06:00:00,,,,,,,1533.0,1533.0,,,0.0,,,0.0
2025-10-01 07:00:00,,,,,,,1529.0,1529.0,,,0.0,,,0.0
2025-10-01 08:00:00,,,,,,,2553.0,2552.0,0.0174,0.0058,2.0,0.9347999,0.0092999935,2.0
2025-10-01 09:00:00,,,,,,,509.0,509.0,0.0374,0.049799997,3.0,0.829,0.0041999817,2.0
2025-10-01 10:00:00,,,,,,,509.0,509.0,,,0.0,,,0.0
2025-10-01 11:00:00,,,,,,,509.0,509.0,,,0.0,,,0.0
2025-10-01 12:00:00,,,,,,,509.0,509.0,,,0.0,,,0.0
2025-10-01 13:00:00,,,,,,,509.0,509.0,,,0.0,,,0.0
2025-10-01 14:00:00,,,,,,,509.0,509.0,0.8332,0.106199995,2.0,0.2249,0.22819996,2.0
2025-10-01 15:00:00,,,,,,,509.0,509.0,,,0.0,,,0.0
2025-10-01 16:00:00,,,,,,,509.0,509.0,,,0.0,,,0.0
2025-10-01 17:00:00,,,,,,,1533.0,1533.0,,,0.0,,,0.0
2025-10-01 18:00:00,,,,,,,1533.0,1533.0,,,0.0,,,0.0
2025-10-01 19:00:00,,,,,,,1529.0,1529.0,,,0.0,,,0.0
2025-10-01 20:00:00,,,,,,,1533.0,1533.0,,,0.0,,,0.0
2025-10-01 21:00:00,,,,,,,1533.0,1533.0,,,0.0,,,0.0
2025-10-01 22:00:00,,,,,,,1533.0,1533.0,,,0.0,,,0.0
2025-10-01 23:00:00,,,,,,,1529.0,1529.0,,,0.0,,,0.0
2025-10-02 00:00:00,,,,,,,1529.0,1529.0,,,0.0,,,0.0
2025-10-02 01:00:00,,,,,,,1533.0,1533.0,,,0.0,,,0.0
2025-10-02 02:00:00,,,,,,,1529.0,1529.0,,,0.0,,,0.0
2025-10-02 03:00:00,,,,,,,1273.0,1273.0,,,0.0,,,0.0
2025-10-02 04:00:00,,,,,,,1533.0,1533.0,,,0.0,,,0.0
2025-10-02 05:00:00,,,,,,,1533.0,1533.0,,,0.0,,,0.0
2025-10-02 06:00:00,,,,,,,1273.0,1273.0,,,0.0,,,0.0
2025-10-02 07:00:00,,,,,,,1529.0,1529.0,,,0.0,,,0.0
2025-10-02 08:00:00,,,,,,,505.0,505.0,,,0.0,,,0.0
2025-10-02 09:00:00,,,,,,,509.0,509.0,,,0.0,,,0.0
2025-10-02 10:00:00,,,,,,,509.0,509.0,,,0.0,,,0.0
2025-10-02 11:00:00,,,,,,,509.0,509.0,,,0.0,,,0.0
2025-10-02 12:00:00,,,,,,,509.0,509.0,,,0.0,,,0.0
2025-10-02 13:00:00,,,,,,,509.0,509.0,,,0.0,,,0.0
2025-10-02 14:00:00,,,,,,,509.0,509.0,,,0.0,,,0.0
2025-10-02 15:00:00,,,,,,,509.0,509.0,,,0.0,,,0.0
2025-10-02 16:00:00,,,,,,,509.0,509.0,,,0.0,,,0.0
2025-10-02 17:00:00,,,,,,,1533.0,1533.0,,,0.0,,,0.0
2025-10-02 18:00:00,,,,,,,1533.0,1533.0,,,0.0,,,0.0
2025-10-02 19:00:00,,,,,,,1533.0,1533.0,,,0.0,,,0.0
2025-10-02 20:00:00,,,,,,,1273.0,1273.0,,,0.0,,,0.0
2025-10-02 21:00:00,,,,,,,1533.0,1533.0,,,0.0,,,0.0
2025-10-02 22:00:00,,,,,,,1533.0,1533.0,,,0.0,,,0.0
2025-10-02 23:00:00,,,,,,,1533.0,1533.0,,,0.0,,,0.0
2025-10-03 00:00:00,,,,,,,1529.0,1529.0,,,0.0,,,0.0
2025-10-03 01:00:00,,,,,,,1529.0,1529.0,,,0.0,,,0.0
2025-10-03 02:00:00,,,,,,,1529.0,1529.0,,,0.0,,,0.0
2025-10-03 03:00:00,,,,,,,1529.0,1529.0,,,0.0,,,0.0
2025-10-03 04:00:00,,,,,,,1529.0,1529.0,,,0.0,,,0.0
2025-10-03 05:00:00,,,,,,,1273.0,1273.0,,,0.0,,,0.0
2025-10-03 06:00:00,,,,,,,1529.0,1529.0,,,0.0,,,0.0
2025-10-03 07:00:00,,,,,,,1533.0,1533.0,,,0.0,,,0.0
2025-10-03 08:00:00,,,,,,,509.0,509.0,0.23279999,0.1116,4.0,0.9628999,0.06189996,4.0
2025-10-03 09:00:00,,,,,,,509.0,509.0,,,0.0,,,0.0
2025-10-03 10:00:00,,,,,,,509.0,509.0,,,0.0,,,0.0
2025-10-03 11:00:00,,,,,,,509.0,509.0,,,0.0,,,0.0
2025-10-03 12:00:00,,,,,,,509.0,509.0,,,0.0,,,0.0
2025-10-03 13:00:00,,,,,,,509.0,509.0,,,0.0,,,0.0
2025-10-03 14:00:00,,,,,,,509.0,509.0,,,0.0,,,0.0
2025-10-03 15:00:00,,,,,,,509.0,509.0,,,0.0,,,0.0
2025-10-03 16:00:00,,,,,,,509.0,509.0,,,0.0,,,0.0
2025-10-03 17:00:00,,,,,,,1529.0,1529.0,,,0.0,,,0.0
2025-10-03 18:00:00,,,,,,,1533.0,1533.0,,,0.0,,,0.0
2025-10-03 19:00:00,,,,,,,1533.0,1533.0,,,0.0,,,0.0
2025-10-03 20:00:00,,,,,,,1533.0,1533.0,,,0.0,,,0.0
2025-10-03 21:00:00,,,,,,,1533.0,1533.0,,,0.0,,,0.0
2025-10-03 22:00:00,,,,,,,1533.0,1533.0,,,0.0,,,0.0
2025-10-03 23:00:00,,,,,,,1533.0,1533.0,,,0.0,,,0.0
2025-10-04 00:00:00,,,,,,,1533.0,1533.0,,,0.0,,,0.0
2025-10-04 01:00:00,,,,,,,1533.0,1533.0,,,0.0,,,0.0
2025-10-04 02:00:00,,,,,,,1529.0,1529.0,,,0.0,,,0.0
2025-10-04 03:00:00,,,,,,,1533.0,1533.0,,,0.0,,,0.0
2025-10-04 04:00:00,,,,,,,1533.0,1533.0,,,0.0,,,0.0
2025-10-04 05:00:00,,,,,,,1273.0,1273.0,,,0.0,,,0.0
2025-10-04 06:00:00,,,,,,,1533.0,1533.0,,,0.0,,,0.0
2025-10-04 07:00:00,,,,,,,1533.0,1533.0,,,0.0,,,0.0
2025-10-04 08:00:00,,,,,,,505.0,505.0,0.44959998,0.0,1.0,1.0179,0.0,1.0
2025-10-04 09:00:00,,,,,,,2553.0,2552.0,0.45639998,0.0,1.0,1.1330999,0.0,1.0
2025-10-04 10:00:00,,,,,,,509.0,509.0,,,0.0,,,0.0
2025-10-04 11:00:00,,,,,,,509.0,509.0,,,0.0,,,0.0
2025-10-04 12:00:00,,,,,,,509.0,509.0,,,0.0,,,0.0
2025-10-04 13:00:00,,,,,,,509.0,509.0,,,0.0,,,0.0
2025-10-04 14:00:00,,,,,,,509.0,509.0,,,0.0,,,0.0
2025-10-04 15:00:00,,,,,,,505.0,504.0,0.73719996,0.2236,2.0,0.75749993,0.081499994,2.0
2025-10-04 16:00:00,,,,,,,509.0,509.0,,,0.0,,,0.0
2025-10-04 17:00:00,,,,,,,1533.0,1533.0,,,0.0,,,0.0
2025-10-04 18:00:00,,,,,,,1533.0,1533.0,,,0.0,,,0.0
2025-10-04 19:00:00,,,,,,,1533.0,1533.0,,,0.0,,,0.0
2025-10-04 20:00:00,,,,,,,1533.0,1533.0,,,0.0,,,0.0
2025-10-04 21:00:00,,,,,,,1533.0,1533.0,,,0.0,,,0.0
2025-10-04 22:00:00,,,,,,,1533.0,1533.0,,,0.0,,,0.0
2025-10-04 23:00:00,,,,,,,1533.0,1533.0,,,0.0,,,0.0
2025-10-05 00:00:00,,,,,,,1529.0,1529.0,,,0.0,,,0.0
2025-10-05 01:00:00,,,,,,,1533.0,1533.0,,,0.0,,,0.0
2025-10-05 02:00:00,,,,,,,1533.0,1533.0,,,0.0,,,0.0
2025-10-05 03:00:00,,,,,,,1529.0,1529.0,,,0.0,,,0.0
2025-10-05 04:00:00,,,,,,,1533.0,1533.0,,,0.0,,,0.0
2025-10-05 05:00:00,,,,,,,1529.0,1529.0,,,0.0,,,0.0
2025-10-05 06:00:00,,,,,,,1533.0,1533.0,,,0.0,,,0.0
2025-10-05 07:00:00,,,,,,,1533.0,1533.0,,,0.0,,,0.0
2025-10-05 08:00:00,,,,,,,505.0,505.0,,,0.0,,,0.0
2025-10-05 09:00:00,,,,,,,509.0,509.0,,,0.0,,,0.0
2025-10-05 10:00:00,,,,,,,509.0,509.0,,,0.0,,,0.0
2025-10-05 11:00:00,,,,,,,509.0,509.0,,,0.0,,,0.0
2025-10-05 12:00:00,,,,,,,509.0,509.0,,,0.0,,,0.0
2025-10-05 13:00:00,,,,,,,509.0,509.0,,,0.0,,,0.0
2025-10-05 14:00:00,,,,,,,509.0,509.0,,,0.0,,,0.0
2025-10-05 15:00:00,,,,,,,509.0,509.0,,,0.0,,,0.0
2025-10-05 16:00:00,,,,,,,509.0,509.0,,,0.0,,,0.0
2025-10-05 17:00:00,,,,,,,1533.0,1533.0,,,0.0,,,0.0
2025-10-05 18:00:00,,,,,,,1533.0,1533.0,,,0.0,,,0.0
2025-10-05 19:00:00,,,,,,,1533.0,1533.0,,,0.0,,,0.0
2025-10-05 20:00:00,,,,,,,1533.0,1533.0,,,0.0,,,0.0
2025-10-05 21:00:00,,,,,,,1533.0,1533.0,,,0.0,,,0.0
2025-10-05 22:00:00,,,,,,,1533.0,1533.0,,,0.0,,,0.0
2025-10-05 23:00:00,,,,,,,1533.0,1533.0,,,0.0,,,0.0
2025-10-06 00:00:00,,,,,,,1529.0,1529.0,,,0.0,,,0.0
2025-10-06 01:00:00,,,,,,,1533.0,1533.0,,,0.0,,,0.0
2025-10-06 02:00:00,,,,,,,1533.0,1533.0,,,0.0,,,0.0
2025-10-06 03:00:00,,,,,,,1533.0,1533.0,,,0.0,,,0.0
2025-10-06 04:00:00,,,,,,,1529.0,1529.0,,,0.0,,,0.0
2025-10-06 05:00:00,,,,,,,1529.0,1529.0,,,0.0,,,0.0
2025-10-06 06:00:00,,,,,,,1533.0,1533.0,,,0.0,,,0.0
2025-10-06 07:00:00,,,,,,,1529.0,1529.0,,,0.0,,,0.0
2025-10-06 08:00:00,,,,,,,509.0,509.0,0.023,0.0,1.0,1.0604,0.0,1.0
2025-10-06 09:00:00,,,,,,,505.0,505.0,0.094399996,0.045399997,2.0,0.94929993,0.043200016,2.0
2025-10-06 10:00:00,,,,,,,249.0,249.0,,,0.0,,,0.0
2025-10-06 11:00:00,,,,,,,509.0,509.0,0.7546,0.0,1.0,1.2809999,0.0,1.0
2025-10-06 12:00:00,,,,,,,509.0,509.0,0.37739998,0.0,1.0,1.1243,0.0,1.0
2025-10-06 13:00:00,,,,,,,509.0,509.0,,,0.0,,,0.0
2025-10-06 14:00:00,,,,,,,509.0,509.0,,,0.0,,,0.0
2025-10-06 15:00:00,,,,,,,505.0,504.0,0.56299996,0.1594,4.0,0.9670999,0.028100014,4.0
2025-10-06 16:00:00,,,,,,,509.0,509.0,0.0596,0.015999999,2.0,1.0232999,0.0011000037,2.0
2025-10-06 17:00:00,,,,,,,1529.0,1529.0,0.28419998,0.0,1.0,0.8404,0.0,1.0
2025-10-06 18:00:00,,,,,,,1529.0,1529.0,,,0.0,,,0.0
2025-10-06 19:00:00,,,,,,,1529.0,1529.0,,,0.0,,,0.0
2025-10-06 20:00:00,,,,,,,1533.0,1533.0,,,0.0,,,0.0
2025-10-06 21:00:00,,,,,,,1533.0,1533.0,,,0.0,,,0.0
2025-10-06 22:00:00,,,,,,,1533.0,1533.0,,,0.0,,,0.0
2025-10-06 23:00:00,,,,,,,1529.0,1529.0,,,0.0,,,0.0
2025-10-07 00:00:00,,,,,,,1533.0,1533.0,,,0.0,,,0.0
2025-10-07 01:00:00,,,,,,,1529.0,1529.0,,,0.0,,,0.0
2025-10-07 02:00:00,,,,,,,1529.0,1529.0,,,0.0,,,0.0
2025-10-07 03:00:00,,,,,,,1533.0,1533.0,,,0.0,,,0.0
2025-10-07 04:00:00,,,,,,,1533.0,1533.0,,,0.0,,,0.0
2025-10-07 05:00:00,,,,,,,1529.0,1529.0,,,0.0,,,0.0
2025-10-07 06:00:00,,,,,,,1533.0,1533.0,,,0.0,,,0.0
2025-10-07 07:00:00,,,,,,,1529.0,1529.0,,,0.0,,,0.0
2025-10-07 08:00:00,,,,,,,505.0,505.0,,,0.0,,,0.0
2025-10-07 09:00:00,,,,,,,509.0,509.0,0.4152,0.0,1.0,0.8219,0.0,1.0
2025-10-07 10:00:00,,,,,,,509.0,509.0,,,0.0,,,0.0
2025-10-07 11:00:00,,,,,,,509.0,509.0,,,0.0,,,0.0
2025-10-07 12:00:00,,,,,,,509.0,509.0,0.0232,0.0,1.0,1.0194,0.0,1.0
2025-10-07 13:00:00,,,,,,,509.0,509.0,,,0.0,,,0.0
2025-10-07 14:00:00,,,,,,,509.0,509.0,,,0.0,,,0.0
2025-10-07 15:00:00,,,,,,,509.0,509.0,,,0.0,,,0.0
2025-10-07 16:00:00,,,,,,,509.0,509.0,,,0.0,,,0.0
2025-10-07 17:00:00,,,,,,,1533.0,1533.0,,,0.0,,,0.0
2025-10-07 18:00:00,,,,,,,1529.0,1529.0,,,0.0,,,0.0
2025-10-07 19:00:00,,,,,,,1533.0,1533.0,,,0.0,,,0.0
2025-10-07 20:00:00,,,,,,,1533.0,1533.0,,,0.0,,,0.0
2025-10-07 21:00:00,,,,,,,1529.0,1529.0,,,0.0,,,0.0
2025-10-07 22:00:00,,,,,,,1533.0,1533.0,,,0.0,,,0.0
2025-10-07 23:00:00,,,,,,,1533.0,1533.0,,,0.0,,,0.0
2025-10-08 00:00:00,,,,,,,1533.0,1533.0,,,0.0,,,0.0
2025-10-08 01:00:00,,,,,,,1533.0,1533.0,,,0.0,,,0.0
2025-10-08 02:00:00,,,,,,,1533.0,1533.0,,,0.0,,,0.0
2025-10-08 03:00:00,,,,,,,1533.0,1533.0,,,0.0,,,0.0
2025-10-08 04:00:00,,,,,,,1533.0,1533.0,,,0.0,,,0.0
2025-10-08 05:00:00,,,,,,,1533.0,1533.0,,,0.0,,,0.0
2025-10-08 06:00:00,,,,,,,1529.0,1529.0,,,0.0,,,0.0
2025-10-08 07:00:00,,,,,,,1533.0,1533.0,,,0.0,,,0.0
2025-10-08 08:00:00,,,,,,,505.0,504.0,0.5866,0.221,4.0,1.0712999,0.21379995,4.0
2025-10-08 09:00:00,,,,,,,509.0,509.0,0.611,0.038799997,2.0,0.74109995,0.07260001,2.0
2025-10-08 10:00:00,,,,,,,509.0,509.0,,,0.0,,,0.0
2025-10-08 11:00:00,,,,,,,509.0,509.0,,,0.0,,,0.0
2025-10-08 12:00:00,,,,,,,509.0,509.0,,,0.0,,,0.0
2025-10-08 13:00:00,,,,,,,509.0,509.0,,,0.0,,,0.0
2025-10-08 14:00:00,,,,,,,509.0,509.0,,,0.0,,,0.0
2025-10-08 15:00:00,,,,,,,505.0,505.0,,,0.0,,,0.0
2025-10-08 16:00:00,,,,,,,509.0,509.0,,,0.0,,,0.0
2025-10-08 17:00:00,,,,,,,1533.0,1533.0,,,0.0,,,0.0
2025-10-08 18:00:00,,,,,,,1533.0,1533.0,,,0.0,,,0.0
2025-10-08 19:00:00,,,,,,,1533.0,1533.0,,,0.0,,,0.0
2025-10-08 20:00:00,,,,,,,1533.0,1533.0,,,0.0,,,0.0
2025-10-08 21:00:00,,,,,,,1533.0,1533.0,,,0.0,,,0.0
2025-10-08 22:00:00,,,,,,,1533.0,1533.0,,,0.0,,,0.0
2025-10-08 23:00:00,,,,,,,1533.0,1533.0,,,0.0,,,0.0
2025-10-09 00:00:00,,,,,,,1533.0,1533.0,,,0.0,,,0.0
2025-10-09 01:00:00,,,,,,,1533.0,1533.0,,,0.0,,,0.0
2025-10-09 02:00:00,,,,,,,1533.0,1533.0,,,0.0,,,0.0
2025-10-09 03:00:00,,,,,,,1533.0,1533.0,,,0.0,,,0.0
2025-10-09 04:00:00,,,,,,,1529.0,1529.0,,,0.0,,,0.0
2025-10-09 05:00:00,,,,,,,1529.0,1529.0,,,0.0,,,0.0
2025-10-09 06:00:00,,,,,,,1273.0,1273.0,,,0.0,,,0.0
2025-10-09 07:00:00,,,,,,,1529.0,1529.0,,,0.0,,,0.0
2025-10-09 08:00:00,,,,,,,2553.0,2552.0,0.181,0.0168,6.0,1.0117999,0.034200013,6.0
2025-10-09 09:00:00,,,,,,,509.0,509.0,0.5036,0.243,4.0,0.8945,0.1853,4.0
2025-10-09 10:00:00,,,,,,,509.0,509.0,,,0.0,,,0.0
2025-10-09 11:00:00,,,,,,,509.0,509.0,,,0.0,,,0.0
2025-10-09 12:00:00,,,,,,,509.0,509.0,,,0.0,,,0.0
2025-10-09 13:00:00,,,,,,,509.0,509.0,,,0.0,,,0.0
2025-10-09 14:00:00,,,,,,,509.0,509.0,,,0.0,,,0.0
2025-10-09 15:00:00,,,,,,,509.0,509.0,,,0.0,,,0.0
2025-10-09 16:00:00,,,,,,,509.0,509.0,,,0.0,,,0.0
2025-10-09 17:00:00,,,,,,,1533.0,1533.0,,,0.0,,,0.0
2025-10-09 18:00:00,,,,,,,1533.0,1533.0,,,0.0,,,0.0
2025-10-09 19:00:00,,,,,,,1533.0,1533.0,,,0.0,,,0.0
2025-10-09 20:00:00,,,,,,,1533.0,1533.0,,,0.0,,,0.0
2025-10-09 21:00:00,,,,,,,1533.0,1533.0,,,0.0,,,0.0
2025-10-09 22:00:00,,,,,,,1533.0,1533.0,,,0.0,,,0.0
2025-10-09 23:00:00,,,,,,,1533.0,1533.0,,,0.0,,,0.0
2025-10-10 00:00:00,,,,,,,1529.0,1529.0,,,0.0,,,0.0
2025-10-10 01:00:00,,,,,,,1533.0,1533.0,,,0.0,,,0.0
2025-10-10 02:00:00,,,,,,,1533.0,1533.0,,,0.0,,,0.0
2025-10-10 03:00:00,,,,,,,1529.0,1529.0,,,0.0,,,0.0
2025-10-10 04:00:00,,,,,,,1529.0,1529.0,,,0.0,,,0.0
2025-10-10 05:00:00,,,,,,,1533.0,1533.0,,,0.0,,,0.0
2025-10-10 06:00:00,,,,,,,1533.0,1533.0,,,0.0,,,0.0
2025-10-10 07:00:00,,,,,,,1533.0,1533.0,,,0.0,,,0.0
2025-10-10 08:00:00,,,,,,,509.0,509.0,,,0.0,,,0.0
2025-10-10 09:00:00,,,,,,,509.0,509.0,1.2314,0.0,1.0,1.2615,0.0,1.0
2025-10-10 10:00:00,,,,,,,509.0,509.0,,,0.0,,,0.0
2025-10-10 11:00:00,,,,,,,509.0,509.0,,,0.0,,,0.0
2025-10-10 12:00:00,,,,,,,509.0,509.0,,,0.0,,,0.0
2025-10-10 13:00:00,,,,,,,509.0,509.0,,,0.0,,,0.0
2025-10-10 14:00:00,,,,,,,509.0,509.0,,,0.0,,,0.0
2025-10-10 15:00:00,,,,,,,509.0,509.0,,,0.0,,,0.0
2025-10-10 16:00:00,,,,,,,509.0,509.0,,,0.0,,,0.0
2025-10-10 17:00:00,,,,,,,1533.0,1533.0,,,0.0,,,0.0
2025-10-10 18:00:00,,,,,,,1533.0,1533.0,,,0.0,,,0.0
2025-10-10 19:00:00,,,,,,,1529.0,1529.0,,,0.0,,,0.0
2025-10-10 20:00:00,,,,,,,1529.0,1529.0,,,0.0,,,0.0
2025-10-10 21:00:00,,,,,,,1529.0,1529.0,,,0.0,,,0.0
2025-10-10 22:00:00,,,,,,,1533.0,1533.0,,,0.0,,,0.0
2025-10-10 23:00:00,,,,,,,1533.0,1533.0,,,0.0,,,0.0
2025-10-11 00:00:00,,,,,,,1533.0,1533.0,,,0.0,,,0.0
2025-10-11 01:00:00,,,,,,,1533.0,1533.0,,,0.0,,,0.0
2025-10-11 02:00:00,,,,,,,1529.0,1529.0,,,0.0,,,0.0
2025-10-11 03:00:00,,,,,,,1529.0,1529.0,,,0.0,,,0.0
2025-10-11 04:00:00,,,,,,,1529.0,1529.0,,,0.0,,,0.0
2025-10-11 05:00:00,,,,,,,1533.0,1533.0,,,0.0,,,0.0
2025-10-11 06:00:00,,,,,,,1533.0,1533.0,,,0.0,,,0.0
2025-10-11 07:00:00,,,,,,,1529.0,1529.0,,,0.0,,,0.0
2025-10-11 08:00:00,,,,,,,509.0,509.0,,,0.0,,,0.0
2025-10-11 09:00:00,,,,,,,509.0,509.0,,,0.0,,,0.0
2025-10-11 10:00:00,,,,,,,509.0,509.0,,,0.0,,,0.0
2025-10-11 11:00:00,,,,,,,509.0,509.0,,,0.0,,,0.0
2025-10-11 12:00:00,,,,,,,509.0,509.0,,,0.0,,,0.0
2025-10-11 13:00:00,,,,,,,509.0,509.0,,,0.0,,,0.0
2025-10-11 14:00:00,,,,,,,509.0,509.0,,,0.0,,,0.0
2025-10-11 15:00:00,,,,,,,509.0,509.0,,,0.0,,,0.0
2025-10-11 16:00:00,,,,,,,509.0,509.0,,,0.0,,,0.0
2025-10-11 17:00:00,,,,,,,1533.0,1533.0,,,0.0,,,0.0
2025-10-11 18:00:00,,,,,,,1533.0,1533.0,,,0.0,,,0.0
2025-10-11 19:00:00,,,,,,,1529.0,1529.0,,,0.0,,,0.0
2025-10-11 20:00:00,,,,,,,1273.0,1273.0,,,0.0,,,0.0
2025-10-11 21:00:00,,,,,,,1529.0,1529.0,,,0.0,,,0.0
2025-10-11 22:00:00,,,,,,,1533.0,1533.0,,,0.0,,,0.0
2025-10-11 23:00:00,,,,,,,1533.0,1533.0,,,0.0,,,0.0
2025-10-12 18:00:00,,,,,,,1529.0,1529.0,,,0.0,,,0.0
2025-10-12 19:00:00,,,,,,,1533.0,1533.0,,,0.0,,,0.0
2025-10-12 20:00:00,,,,,,,1533.0,1533.0,,,0.0,,,0.0
2025-10-12 21:00:00,,,,,,,1533.0,1533.0,,,0.0,,,0.0
2025-10-12 22:00:00,,,,,,,1533.0,1533.0,,,0.0,,,0.0
2025-10-12 23:00:00,,,,,,,1529.0,1529.0,,,0.0,,,0.0
2025-10-13 00:00:00,,,,,,,1529.0,1529.0,,,0.0,,,0.0
2025-10-13 01:00:00,,,,,,,1533.0,1533.0,,,0.0,,,0.0
2025-10-13 02:00:00,,,,,,,1533.0,1533.0,,,0.0,,,0.0
2025-10-13 03:00:00,,,,,,,1533.0,1533.0,,,0.0,,,0.0
2025-10-13 04:00:00,,,,,,,1533.0,1533.0,,,0.0,,,0.0
2025-10-13 05:00:00,,,,,,,1533.0,1533.0,,,0.0,,,0.0
2025-10-13 06:00:00,,,,,,,1533.0,1533.0,,,0.0,,,0.0
2025-10-13 07:00:00,,,,,,,1533.0,1533.0,,,0.0,,,0.0
2025-10-13 08:00:00,,,,,,,509.0,509.0,,,0.0,,,0.0
2025-10-13 09:00:00,,,,,,,509.0,509.0,,,0.0,,,0.0
2025-10-13 10:00:00,,,,,,,509.0,509.0,,,0.0,,,0.0
2025-10-13 11:00:00,,,,,,,509.0,509.0,,,0.0,,,0.0
2025-10-13 12:00:00,,,,,,,509.0,509.0,,,0.0,,,0.0
2025-10-13 13:00:00,,,,,,,509.0,509.0,,,0.0,,,0.0
2025-10-13 14:00:00,,,,,,,509.0,509.0,,,0.0,,,0.0
2025-10-13 15:00:00,,,,,,,509.0,509.0,,,0.0,,,0.0
2025-10-13 16:00:00,,,,,,,509.0,509.0,,,0.0,,,0.0
2025-10-13 17:00:00,,,,,,,1533.0,1533.0,,,0.0,,,0.0
2025-10-13 18:00:00,,,,,,,1533.0,1533.0,,,0.0,,,0.0
2025-10-13 19:00:00,,,,,,,1529.0,1529.0,,,0.0,,,0.0
2025-10-13 20:00:00,,,,,,,1533.0,1533.0,,,0.0,,,0.0
2025-10-13 21:00:00,,,,,,,1533.0,1533.0,,,0.0,,,0.0
2025-10-13 22:00:00,,,,,,,1533.0,1533.0,,,0.0,,,0.0
2025-10-13 23:00:00,,,,,,,1533.0,1533.0,,,0.0,,,0.0
2025-10-14 00:00:00,,,,,,,1533.0,1533.0,,,0.0,,,0.0
2025-10-14 01:00:00,,,,,,,1533.0,1533.0,,,0.0,,,0.0
2025-10-14 02:00:00,,,,,,,1529.0,1529.0,,,0.0,,,0.0
2025-10-14 03:00:00,,,,,,,1529.0,1529.0,,,0.0,,,0.0
2025-10-14 04:00:00,,,,,,,1533.0,1533.0,,,0.0,,,0.0
2025-10-14 05:00:00,,,,,,,1533.0,1533.0,,,0.0,,,0.0
2025-10-14 06:00:00,,,,,,,1533.0,1533.0,,,0.0,,,0.0
2025-10-14 07:00:00,,,,,,,1533.0,1533.0,,,0.0,,,0.0
2025-10-14 08:00:00,,,,,,,509.0,509.0,0.2042,0.1794,2.0,0.9764,0.07910001,2.0
2025-10-14 09:00:00,,,,,,,509.0,509.0,,,0.0,,,0.0
2025-10-14 10:00:00,,,,,,,509.0,509.0,,,0.0,,,0.0
2025-10-14 11:00:00,,,,,,,509.0,509.0,,,0.0,,,0.0
2025-10-14 12:00:00,,,,,,,509.0,509.0,,,0.0,,,0.0
2025-10-14 13:00:00,,,,,,,509.0,509.0,,,0.0,,,0.0
2025-10-14 14:00:00,,,,,,,509.0,509.0,,,0.0,,,0.0
2025-10-14 15:00:00,,,,,,,505.0,505.0,,,0.0,,,0.0
2025-10-14 16:00:00,,,,,,,509.0,509.0,,,0.0,,,0.0
2025-10-14 17:00:00,,,,,,,1533.0,1533.0,,,0.0,,,0.0
2025-10-14 18:00:00,,,,,,,1533.0,1533.0,,,0.0,,,0.0
2025-10-14 19:00:00,,,,,,,1533.0,1533.0,,,0.0,,,0.0
2025-10-14 20:00:00,,,,,,,1533.0,1533.0,,,0.0,,,0.0
2025-10-14 21:00:00,,,,,,,1529.0,1529.0,,,0.0,,,0.0
2025-10-14 22:00:00,,,,,,,1533.0,1533.0,,,0.0,,,0.0
2025-10-14 23:00:00,,,,,,,1529.0,1529.0,,,0.0,,,0.0
2025-10-15 00:00:00,,,,,,,1529.0,1529.0,,,0.0,,,0.0
2025-10-15 01:00:00,,,,,,,1273.0,1273.0,,,0.0,,,0.0
2025-10-15 02:00:00,,,,,,,1529.0,1529.0,,,0.0,,,0.0
2025-10-15 03:00:00,,,,,,,1533.0,1533.0,,,0.0,,,0.0
2025-10-15 04:00:00,,,,,,,1533.0,1533.0,,,0.0,,,0.0
2025-10-15 05:00:00,,,,,,,1533.0,1533.0,,,0.0,,,0.0
2025-10-15 06:00:00,,,,,,,1273.0,1273.0,,,0.0,,,0.0
2025-10-15 07:00:00,,,,,,,1533.0,1533.0,,,0.0,,,0.0
2025-10-15 08:00:00,,,,,,,2553.0,2552.0,0.042799998,0.025999999,6.0,1.0317999,0.021099985,6.0
2025-10-15 09:00:00,,,,,,,505.0,505.0,0.0618,0.030599998,2.0,1.0544,0.0059999824,2.0
2025-10-15 10:00:00,,,,,,,509.0,509.0,,,0.0,,,0.0
2025-10-15 11:00:00,,,,,,,505.0,505.0,,,0.0,,,0.0
2025-10-15 12:00:00,,,,,,,509.0,509.0,,,0.0,,,0.0
2025-10-15 13:00:00,,,,,,,509.0,509.0,0.0046,0.0,1.0,1.1564,0.0,1.0
2025-10-15 14:00:00,,,,,,,509.0,509.0,,,0.0,,,0.0
2025-10-15 15:00:00,,,,,,,509.0,509.0,,,0.0,,,0.0
2025-10-15 16:00:00,,,,,,,509.0,509.0,,,0.0,,,0.0
2025-10-15 17:00:00,,,,,,,1533.0,1533.0,,,0.0,,,0.0
2025-10-15 18:00:00,,,,,,,1533.0,1533.0,,,0.0,,,0.0
2025-10-15 19:00:00,,,,,,,1533.0,1533.0,,,0.0,,,0.0
2025-10-15 20:00:00,,,,,,,1533.0,1533.0,,,0.0,,,0.0
2025-10-15 21:00:00,,,,,,,1529.0,1529.0,,,0.0,,,0.0
2025-10-15 22:00:00,,,,,,,1533.0,1533.0,,,0.0,,,0.0
2025-10-15 23:00:00,,,,,,,1529.0,1529.0,,,0.0,,,0.0
2025-10-16 00:00:00,,,,,,,1533.0,1533.0,,,0.0,,,0.0
2025-10-16 01:00:00,,,,,,,1533.0,1533.0,,,0.0,,,0.0
2025-10-16 02:00:00,,,,,,,1533.0,1533.0,,,0.0,,,0.0
2025-10-16 03:00:00,,,,,,,1533.0,1533.0,,,0.0,,,0.0
2025-10-16 04:00:00,,,,,,,1533.0,1533.0,,,0.0,,,0.0
2025-10-16 05:00:00,,,,,,,1533.0,1533.0,,,0.0,,,0.0
2025-10-16 06:00:00,,,,,,,1533.0,1533.0,,,0.0,,,0.0
2025-10-16 07:00:00,,,,,,,1533.0,1533.0,,,0.0,,,0.0
2025-10-16 08:00:00,,,,,,,509.0,509.0,,,0.0,,,0.0
2025-10-16 09:00:00,,,,,,,509.0,509.0,0.3524,0.0,1.0,1.0135,0.0,1.0
2025-10-16 10:00:00,,,,,,,505.0,505.0,,,0.0,,,0.0
2025-10-16 11:00:00,,,,,,,509.0,509.0,,,0.0,,,0.0
2025-10-16 12:00:00,,,,,,,509.0,509.0,0.709,0.0,1.0,0.9747,0.0,1.0
2025-10-16 13:00:00,,,,,,,509.0,509.0,,,0.0,,,0.0
2025-10-16 14:00:00,,,,,,,505.0,505.0,,,0.0,,,0.0
2025-10-16 15:00:00,,,,,,,509.0,509.0,,,0.0,,,0.0
2025-10-16 16:00:00,,,,,,,509.0,509.0,,,0.0,,,0.0
2025-10-16 17:00:00,,,,,,,1533.0,1533.0,,,0.0,,,0.0
2025-10-16 18:00:00,,,,,,,1529.0,1529.0,,,0.0,,,0.0
2025-10-16 19:00:00,,,,,,,1533.0,1533.0,,,0.0,,,0.0
2025-10-16 20:00:00,,,,,,,1529.0,1529.0,,,0.0,,,0.0
2025-10-16 21:00:00,,,,,,,1529.0,1529.0,,,0.0,,,0.0
2025-10-16 22:00:00,,,,,,,1533.0,1533.0,,,0.0,,,0.0
2025-10-16 23:00:00,,,,,,,1529.0,1529.0,,,0.0,,,0.0
2025-10-17 00:00:00,,,,,,,1533.0,1533.0,,,0.0,,,0.0
2025-10-17 01:00:00,,,,,,,1529.0,1529.0,,,0.0,,,0.0
2025-10-17 02:00:00,,,,,,,1529.0,1529.0,,,0.0,,,0.0
2025-10-17 03:00:00,,,,,,,1529.0,1529.0,,,0.0,,,0.0
2025-10-17 04:00:00,,,,,,,1533.0,1533.0,,,0.0,,,0.0
2025-10-17 05:00:00,,,,,,,1529.0,1529.0,,,0.0,,,0.0
2025-10-17 06:00:00,,,,,,,1529.0,1529.0,,,0.0,,,0.0
2025-10-17 07:00:00,,,,,,,1533.0,1533.0,,,0.0,,,0.0
2025-10-17 08:00:00,,,,,,,509.0,509.0,0.46699998,0.0252,2.0,0.5703,0.0009999871,2.0
2025-10-17 09:00:00,,,,,,,505.0,505.0,,,0.0,,,0.0
2025-10-17 10:00:00,,,,,,,2297.0,2296.0,0.1516,0.0,1.0,0.9656,0.0,1.0
2025-10-17 11:00:00,,,,,,,509.0,509.0,0.33679998,0.23339999,4.0,1.0623,0.062999964,4.0
2025-10-17 12:00:00,,,,,,,509.0,509.0,,,0.0,,,0.0
2025-10-17 13:00:00,,,,,,,509.0,509.0,,,0.0,,,0.0
2025-10-17 14:00:00,,,,,,,509.0,509.0,,,0.0,,,0.0
2025-10-17 15:00:00,,,,,,,505.0,505.0,1.1302,0.0,1.0,0.7802,0.0,1.0
2025-10-17 16:00:00,,,,,,,509.0,509.0,,,0.0,,,0.0
2025-10-17 17:00:00,,,,,,,1533.0,1533.0,,,0.0,,,0.0
2025-10-17 18:00:00,,,,,,,1533.0,1533.0,,,0.0,,,0.0
2025-10-17 19:00:00,,,,,,,1533.0,1533.0,,,0.0,,,0.0
2025-10-17 20:00:00,,,,,,,1529.0,1529.0,,,0.0,,,0.0
2025-10-17 21:00:00,,,,,,,1533.0,1533.0,,,0.0,,,0.0
2025-10-17 22:00:00,,,,,,,1529.0,1529.0,,,0.0,,,0.0
2025-10-17 23:00:00,,,,,,,1529.0,1529.0,,,0.0,,,0.0
2025-10-18 00:00:00,,,,,,,1533.0,1533.0,,,0.0,,,0.0
2025-10-18 01:00:00,,,,,,,1529.0,1529.0,,,0.0,,,0.0
2025-10-18 02:00:00,,,,,,,1533.0,1533.0,,,0.0,,,0.0
2025-10-18 03:00:00,,,,,,,1533.0,1533.0,,,0.0,,,0.0
2025-10-18 04:00:00,,,,,,,1529.0,1529.0,,,0.0,,,0.0
2025-10-18 05:00:00,,,,,,,1533.0,1533.0,,,0.0,,,0.0
2025-10-18 06:00:00,,,,,,,1533.0,1533.0,,,0.0,,,0.0
2025-10-18 07:00:00,,,,,,,1533.0,1533.0,,,0.0,,,0.0
2025-10-18 08:00:00,,,,,,,505.0,505.0,0.0736,0.060799997,2.0,1.0356,0.0844,2.0
2025-10-18 09:00:00,,,,,,,509.0,509.0,0.39659998,0.0052,2.0,1.0733999,0.0042999983,2.0
2025-10-18 10:00:00,,,,,,,509.0,509.0,0.0814,0.0,2.0,1.0152,0.0,2.0
2025-10-18 11:00:00,,,,,,,509.0,509.0,,,0.0,,,0.0
2025-10-18 12:00:00,,,,,,,509.0,509.0,,,0.0,,,0.0
2025-10-18 13:00:00,,,,,,,509.0,509.0,,,0.0,,,0.0
2025-10-18 14:00:00,,,,,,,509.0,509.0,,,0.0,,,0.0
2025-10-18 15:00:00,,,,,,,509.0,509.0,,,0.0,,,0.0
2025-10-18 16:00:00,,,,,,,509.0,509.0,,,0.0,,,0.0
2025-10-18 17:00:00,,,,,,,1533.0,1533.0,,,0.0,,,0.0
2025-10-18 18:00:00,,,,,,,1533.0,1533.0,,,0.0,,,0.0
2025-10-18 19:00:00,,,,,,,1529.0,1529.0,,,0.0,,,0.0
2025-10-18 20:00:00,,,,,,,1529.0,1529.0,,,0.0,,,0.0
2025-10-18 21:00:00,,,,,,,1533.0,1533.0,,,0.0,,,0.0
2025-10-18 22:00:00,,,,,,,1533.0,1533.0,,,0.0,,,0.0
2025-10-18 23:00:00,,,,,,,1529.0,1529.0,,,0.0,,,0.0
2025-10-19 00:00:00,,,,,,,1533.0,1533.0,,,0.0,,,0.0
2025-10-19 01:00:00,,,,,,,1529.0,1529.0,,,0.0,,,0.0
2025-10-19 02:00:00,,,,,,,1533.0,1533.0,,,0.0,,,0.0
2025-10-19 03:00:00,,,,,,,1529.0,1529.0,,,0.0,,,0.0
2025-10-19 04:00:00,,,,,,,1533.0,1533.0,,,0.0,,,0.0
2025-10-19 05:00:00,,,,,,,1529.0,1529.0,,,0.0,,,0.0
2025-10-19 06:00:00,,,,,,,1533.0,1533.0,,,0.0,,,0.0
2025-10-19 07:00:00,,,,,,,1273.0,1273.0,,,0.0,,,0.0
2025-10-19 08:00:00,,,,,,,2553.0,2552.0,0.073199995,0.0394,6.0,0.9434999,0.04609996,6.0
2025-10-19 09:00:00,,,,,,,505.0,505.0,0.0808,0.042,5.0,0.9754,0.019599974,5.0
2025-10-19 10:00:00,,,,,,,2553.0,2552.0,0.2112,0.0,1.0,1.0238999,0.0,1.0
2025-10-19 11:00:00,,,,,,,2553.0,2552.0,0.1356,0.0016,2.0,1.0175999,0.013300002,2.0
2025-10-19 12:00:00,,,,,,,505.0,505.0,,,0.0,,,0.0
2025-10-19 13:00:00,,,,,,,509.0,509.0,,,0.0,,,0.0
2025-10-19 14:00:00,,,,,,,509.0,509.0,,,0.0,,,0.0
2025-10-19 15:00:00,,,,,,,509.0,509.0,,,0.0,,,0.0
2025-10-19 16:00:00,,,,,,,509.0,509.0,,,0.0,,,0.0
2025-10-19 17:00:00,,,,,,,1533.0,1533.0,,,0.0,,,0.0
2025-10-19 18:00:00,,,,,,,1533.0,1533.0,,,0.0,,,0.0
2025-10-19 19:00:00,,,,,,,1533.0,1533.0,,,0.0,,,0.0
2025-10-19 20:00:00,,,,,,,1529.0,1529.0,,,0.0,,,0.0
2025-10-19 21:00:00,,,,,,,1533.0,1533.0,,,0.0,,,0.0
2025-10-19 22:00:00,,,,,,,1529.0,1529.0,,,0.0,,,0.0
2025-10-19 23:00:00,,,,,,,1529.0,1529.0,,,0.0,,,0.0
2025-10-20 00:00:00,,,,,,,1529.0,1529.0,,,0.0,,,0.0
2025-10-20 01:00:00,,,,,,,1529.0,1529.0,,,0.0,,,0.0
2025-10-20 02:00:00,,,,,,,1529.0,1529.0,,,0.0,,,0.0
2025-10-20 03:00:00,,,,,,,1529.0,1529.0,,,0.0,,,0.0
2025-10-20 04:00:00,,,,,,,1273.0,1273.0,,,0.0,,,0.0
2025-10-20 05:00:00,,,,,,,1533.0,1533.0,,,0.0,,,0.0
2025-10-20 06:00:00,,,,,,,1529.0,1529.0,,,0.0,,,0.0
2025-10-20 07:00:00,,,,,,,1533.0,1533.0,,,0.0,,,0.0
2025-10-20 08:00:00,,,,,,,2553.0,2552.0,0.12,0.0416,4.0,0.90189993,0.08819997,4.0
2025-10-20 09:00:00,,,,,,,505.0,505.0,0.099999994,0.026999999,5.0,0.8965,0.026899993,5.0
2025-10-20 10:00:00,,,,,,,2553.0,2552.0,0.3524,0.0,1.0,0.8859,0.0,1.0
2025-10-20 11:00:00,,,,,,,509.0,509.0,0.0638,0.0154,3.0,0.8914,0.00999999,3.0
2025-10-20 12:00:00,,,,,,,505.0,505.0,,,0.0,,,0.0
2025-10-20 13:00:00,,,,,,,509.0,509.0,,,0.0,,,0.0
2025-10-20 14:00:00,,,,,,,509.0,509.0,,,0.0,,,0.0
2025-10-20 15:00:00,,,,,,,509.0,509.0,,,0.0,,,0.0
2025-10-20 16:00:00,,,,,,,509.0,509.0,,,0.0,,,0.0
2025-10-20 17:00:00,,,,,,,1533.0,1533.0,,,0.0,,,0.0
2025-10-20 18:00:00,,,,,,,1533.0,1533.0,,,0.0,,,0.0
2025-10-20 19:00:00,,,,,,,1533.0,1533.0,,,0.0,,,0.0
2025-10-20 20:00:00,,,,,,,1533.0,1533.0,,,0.0,,,0.0
2025-10-20 21:00:00,,,,,,,1533.0,1533.0,,,0.0,,,0.0
2025-10-20 22:00:00,,,,,,,1533.0,1533.0,,,0.0,,,0.0
2025-10-20 23:00:00,,,,,,,1533.0,1533.0,,,0.0,,,0.0
2025-10-21 00:00:00,,,,,,,1533.0,1533.0,,,0.0,,,0.0
2025-10-21 01:00:00,,,,,,,1533.0,1533.0,,,0.0,,,0.0
2025-10-21 02:00:00,,,,,,,1533.0,1533.0,,,0.0,,,0.0
2025-10-21 03:00:00,,,,,,,1533.0,1533.0,,,0.0,,,0.0
2025-10-21 04:00:00,,,,,,,1533.0,1533.0,,,0.0,,,0.0
2025-10-21 05:00:00,,,,,,,1533.0,1533.0,,,0.0,,,0.0
2025-10-21 06:00:00,,,,,,,1533.0,1533.0,,,0.0,,,0.0
2025-10-21 07:00:00,,,,,,,1273.0,1273.0,,,0.0,,,0.0
2025-10-21 08:00:00,,,,,,,509.0,509.0,0.6906,0.049799997,5.0,0.66349995,0.04159999,5.0
2025-10-21 09:00:00,,,,,,,509.0,509.0,0.5316,0.0,1.0,1.3679999,0.0,1.0
2025-10-21 10:00:00,,,,,,,505.0,505.0,,,0.0,,,0.0
2025-10-21 11:00:00,,,,,,,509.0,509.0,,,0.0,,,0.0
2025-10-21 12:00:00,,,,,,,509.0,509.0,,,0.0,,,0.0
2025-10-21 13:00:00,,,,,,,509.0,509.0,,,0.0,,,0.0
2025-10-21 14:00:00,,,,,,,509.0,509.0,,,0.0,,,0.0
2025-10-21 15:00:00,,,,,,,509.0,509.0,,,0.0,,,0.0
2025-10-21 16:00:00,,,,,,,509.0,509.0,,,0.0,,,0.0
2025-10-21 17:00:00,,,,,,,1533.0,1533.0,,,0.0,,,0.0
2025-10-21 18:00:00,,,,,,,1533.0,1533.0,,,0.0,,,0.0
2025-10-21 19:00:00,,,,,,,1533.0,1533.0,,,0.0,,,0.0
2025-10-21 20:00:00,,,,,,,1533.0,1533.0,,,0.0,,,0.0
2025-10-21 21:00:00,,,,,,,1533.0,1533.0,,,0.0,,,0.0
2025-10-21 22:00:00,,,,,,,1533.0,1533.0,,,0.0,,,0.0
2025-10-21 23:00:00,,,,,,,1533.0,1533.0,,,0.0,,,0.0
2025-10-22 00:00:00,,,,,,,1533.0,1533.0,,,0.0,,,0.0
2025-10-22 01:00:00,,,,,,,1533.0,1533.0,,,0.0,,,0.0
2025-10-22 02:00:00,,,,,,,1533.0,1533.0,,,0.0,,,0.0
2025-10-22 03:00:00,,,,,,,1533.0,1533.0,,,0.0,,,0.0
2025-10-22 04:00:00,,,,,,,1533.0,1533.0,,,0.0,,,0.0
2025-10-22 05:00:00,,,,,,,1533.0,1533.0,,,0.0,,,0.0
2025-10-22 06:00:00,,,,,,,1533.0,1533.0,,,0.0,,,0.0
2025-10-22 07:00:00,,,,,,,1533.0,1533.0,,,0.0,,,0.0
2025-10-22 08:00:00,,,,,,,509.0,509.0,,,0.0,,,0.0
2025-10-22 09:00:00,,,,,,,509.0,509.0,1.6524,0.0,1.0,1.3281,0.0,1.0
2025-10-22 10:00:00,,,,,,,509.0,509.0,,,0.0,,,0.0
2025-10-22 11:00:00,,,,,,,509.0,509.0,,,0.0,,,0.0
2025-10-22 12:00:00,,,,,,,505.0,505.0,0.6242,0.0,1.0,1.1897,0.0,1.0
2025-10-22 13:00:00,,,,,,,509.0,509.0,,,0.0,,,0.0
2025-10-22 14:00:00,,,,,,,509.0,509.0,,,0.0,,,0.0
2025-10-22 15:00:00,,,,,,,509.0,509.0,,,0.0,,,0.0
2025-10-22 16:00:00,,,,,,,509.0,509.0,,,0.0,,,0.0
2025-10-22 17:00:00,,,,,,,1533.0,1533.0,,,0.0,,,0.0
2025-10-22 18:00:00,,,,,,,1533.0,1533.0,,,0.0,,,0.0
2025-10-22 19:00:00,,,,,,,1529.0,1529.0,,,0.0,,,0.0
2025-10-22 20:00:00,,,,,,,1533.0,1533.0,,,0.0,,,0.0
2025-10-22 21:00:00,,,,,,,1533.0,1533.0,,,0.0,,,0.0
2025-10-22 22:00:00,,,,,,,1533.0,1533.0,,,0.0,,,0.0
2025-10-22 23:00:00,,,,,,,1533.0,1533.0,,,0.0,,,0.0
2025-10-23 00:00:00,,,,,,,1533.0,1533.0,,,0.0,,,0.0
2025-10-23 01:00:00,,,,,,,1533.0,1533.0,,,0.0,,,0.0
2025-10-23 02:00:00,,,,,,,1529.0,1529.0,,,0.0,,,0.0
2025-10-23 03:00:00,,,,,,,1529.0,1529.0,,,0.0,,,0.0
2025-10-23 04:00:00,,,,,,,1529.0,1529.0,,,0.0,,,0.0
2025-10-23 05:00:00,,,,,,,1529.0,1529.0,,,0.0,,,0.0
2025-10-23 06:00:00,,,,,,,1533.0,1533.0,,,0.0,,,0.0
2025-10-23 07:00:00,,,,,,,1533.0,1533.0,,,0.0,,,0.0
2025-10-23 08:00:00,,,,,,,509.0,509.0,,,0.0,,,0.0
2025-10-23 09:00:00,,,,,,,509.0,509.0,,,0.0,,,0.0
2025-10-23 10:00:00,,,,,,,509.0,509.0,,,0.0,,,0.0
2025-10-23 11:00:00,,,,,,,509.0,509.0,,,0.0,,,0.0
2025-10-23 12:00:00,,,,,,,509.0,509.0,,,0.0,,,0.0
2025-10-23 13:00:00,,,,,,,509.0,509.0,,,0.0,,,0.0
2025-10-23 14:00:00,,,,,,,509.0,509.0,,,0.0,,,0.0
2025-10-23 15:00:00,,,,,,,509.0,509.0,,,0.0,,,0.0
2025-10-23 16:00:00,,,,,,,509.0,509.0,,,0.0,,,0.0
2025-10-23 17:00:00,,,,,,,1533.0,1533.0,,,0.0,,,0.0
2025-10-23 18:00:00,,,,,,,1533.0,1533.0,,,0.0,,,0.0
2025-10-23 19:00:00,,,,,,,1533.0,1533.0,,,0.0,,,0.0
2025-10-23 20:00:00,,,,,,,1533.0,1533.0,,,0.0,,,0.0
2025-10-23 21:00:00,,,,,,,1533.0,1533.0,,,0.0,,,0.0
2025-10-23 22:00:00,,,,,,,1529.0,1529.0,,,0.0,,,0.0
2025-10-23 23:00:00,,,,,,,1533.0,1533.0,,,0.0,,,0.0
2025-10-24 00:00:00,,,,,,,1533.0,1533.0,,,0.0,,,0.0
2025-10-24 01:00:00,,,,,,,1529.0,1529.0,,,0.0,,,0.0
2025-10-24 02:00:00,,,,,,,1533.0,1533.0,,,0.0,,,0.0
2025-10-24 03:00:00,,,,,,,1529.0,1529.0,,,0.0,,,0.0
2025-10-24 04:00:00,,,,,,,1529.0,1529.0,,,0.0,,,0.0
2025-10-24 05:00:00,,,,,,,1533.0,1533.0,,,0.0,,,0.0
2025-10-24 06:00:00,,,,,,,1529.0,1529.0,,,0.0,,,0.0
2025-10-24 07:00:00,,,,,,,1533.0,1533.0,,,0.0,,,0.0
2025-10-24 08:00:00,,,,,,,509.0,509.0,,,0.0,,,0.0
2025-10-24 09:00:00,,,,,,,509.0,509.0,0.64239997,0.022599999,3.0,1.0548999,0.0073999763,3.0
2025-10-24 10:00:00,,,,,,,509.0,509.0,0.958,0.0,1.0,1.4548999,0.0,1.0
2025-10-24 11:00:00,,,,,,,509.0,509.0,,,0.0,,,0.0
2025-10-24 12:00:00,,,,,,,509.0,509.0,,,0.0,,,0.0
2025-10-24 13:00:00,,,,,,,509.0,509.0,,,0.0,,,0.0
2025-10-24 14:00:00,,,,,,,509.0,509.0,,,0.0,,,0.0
2025-10-24 15:00:00,,,,,,,509.0,509.0,,,0.0,,,0.0
2025-10-24 16:00:00,,,,,,,509.0,509.0,,,0.0,,,0.0
2025-10-24 17:00:00,,,,,,,1533.0,1533.0,,,0.0,,,0.0
2025-10-24 18:00:00,,,,,,,1529.0,1529.0,,,0.0,,,0.0
2025-10-24 19:00:00,,,,,,,1533.0,1533.0,,,0.0,,,0.0
2025-10-24 20:00:00,,,,,,,1533.0,1533.0,,,0.0,,,0.0
2025-10-24 21:00:00,,,,,,,1533.0,1533.0,,,0.0,,,0.0
2025-10-24 22:00:00,,,,,,,1533.0,1533.0,,,0.0,,,0.0
2025-10-24 23:00:00,,,,,,,1533.0,1533.0,,,0.0,,,0.0
2025-10-25 00:00:00,,,,,,,1533.0,1533.0,,,0.0,,,0.0
2025-10-25 01:00:00,,,,,,,1533.0,1533.0,,,0.0,,,0.0
2025-10-25 02:00:00,,,,,,,1529.0,1529.0,,,0.0,,,0.0
2025-10-25 03:00:00,,,,,,,1533.0,1533.0,,,0.0,,,0.0
2025-10-25 04:00:00,,,,,,,1529.0,1529.0,,,0.0,,,0.0
2025-10-25 05:00:00,,,,,,,1529.0,1529.0,,,0.0,,,0.0
2025-10-25 06:00:00,,,,,,,1533.0,1533.0,,,0.0,,,0.0
2025-10-25 07:00:00,,,,,,,1533.0,1533.0,,,0.0,,,0.0
2025-10-25 08:00:00,,,,,,,509.0,509.0,,,0.0,,,0.0
2025-10-25 09:00:00,,,,,,,509.0,509.0,,,0.0,,,0.0
2025-10-25 10:00:00,,,,,,,509.0,509.0,,,0.0,,,0.0
2025-10-25 11:00:00,,,,,,,509.0,509.0,,,0.0,,,0.0
2025-10-25 12:00:00,,,,,,,509.0,509.0,,,0.0,,,0.0
2025-10-25 13:00:00,,,,,,,509.0,509.0,,,0.0,,,0.0
2025-10-25 14:00:00,,,,,,,509.0,509.0,,,0.0,,,0.0
2025-10-25 15:00:00,,,,,,,509.0,509.0,,,0.0,,,0.0
2025-10-25 16:00:00,,,,,,,1533.0,1533.0,,,0.0,,,0.0
2025-10-25 17:00:00,,,,,,,1533.0,1533.0,,,0.0,,,0.0
2025-10-25 18:00:00,,,,,,,1529.0,1529.0,,,0.0,,,0.0
2025-10-25 19:00:00,,,,,,,1533.0,1533.0,,,0.0,,,0.0
2025-10-25 20:00:00,,,,,,,1533.0,1533.0,,,0.0,,,0.0
2025-10-25 21:00:00,,,,,,,1533.0,1533.0,,,0.0,,,0.0
2025-10-25 22:00:00,,,,,,,1533.0,1533.0,,,0.0,,,0.0
2025-10-25 23:00:00,,,,,,,1533.0,1533.0,,,0.0,,,0.0
2025-10-26 00:00:00,,,,,,,1533.0,1533.0,,,0.0,,,0.0
2025-10-26 01:00:00,,,,,,,1533.0,1533.0,,,0.0,,,0.0
2025-10-26 02:00:00,,,,,,,1533.0,1533.0,,,0.0,,,0.0
2025-10-26 03:00:00,,,,,,,1533.0,1533.0,,,0.0,,,0.0
2025-10-26 04:00:00,,,,,,,1533.0,1533.0,,,0.0,,,0.0
2025-10-26 05:00:00,,,,,,,1533.0,1533.0,,,0.0,,,0.0
2025-10-26 06:00:00,,,,,,,1533.0,1533.0,,,0.0,,,0.0
2025-10-26 07:00:00,,,,,,,1533.0,1533.0,,,0.0,,,0.0
2025-10-26 08:00:00,,,,,,,509.0,509.0,,,0.0,,,0.0
2025-10-26 09:00:00,,,,,,,509.0,509.0,,,0.0,,,0.0
2025-10-26 10:00:00,,,,,,,509.0,509.0,,,0.0,,,0.0
2025-10-26 11:00:00,,,,,,,509.0,509.0,,,0.0,,,0.0
2025-10-26 12:00:00,,,,,,,509.0,509.0,,,0.0,,,0.0
2025-10-26 13:00:00,,,,,,,509.0,509.0,,,0.0,,,0.0
2025-10-26 14:00:00,,,,,,,509.0,509.0,,,0.0,,,0.0
2025-10-26 15:00:00,,,,,,,509.0,509.0,,,0.0,,,0.0
2025-10-26 16:00:00,,,,,,,1533.0,1533.0,,,0.0,,,0.0
2025-10-26 17:00:00,,,,,,,1533.0,1533.0,,,0.0,,,0.0
2025-10-26 18:00:00,,,,,,,1533.0,1533.0,,,0.0,,,0.0
2025-10-26 19:00:00,,,,,,,1533.0,1533.0,,,0.0,,,0.0
2025-10-26 20:00:00,,,,,,,1533.0,1533.0,,,0.0,,,0.0
2025-10-26 21:00:00,,,,,,,1533.0,1533.0,,,0.0,,,0.0
2025-10-26 22:00:00,,,,,,,1533.0,1533.0,,,0.0,,,0.0
2025-10-26 23:00:00,,,,,,,1529.0,1529.0,,,0.0,,,0.0
2025-10-27 00:00:00,,,,,,,1533.0,1533.0,,,0.0,,,0.0
2025-10-27 01:00:00,,,,,,,1529.0,1529.0,,,0.0,,,0.0
2025-10-27 02:00:00,,,,,,,1533.0,1533.0,,,0.0,,,0.0
2025-10-27 03:00:00,,,,,,,1533.0,1533.0,,,0.0,,,0.0
2025-10-27 04:00:00,,,,,,,1533.0,1533.0,,,0.0,,,0.0
2025-10-27 05:00:00,,,,,,,1529.0,1529.0,,,0.0,,,0.0
2025-10-27 06:00:00,,,,,,,1529.0,1529.0,,,0.0,,,0.0
2025-10-27 07:00:00,,,,,,,1533.0,1533.0,,,0.0,,,0.0
2025-10-27 08:00:00,,,,,,,509.0,509.0,,,0.0,,,0.0
2025-10-27 09:00:00,,,,,,,509.0,509.0,,,0.0,,,0.0
2025-10-27 10:00:00,,,,,,,509.0,509.0,,,0.0,,,0.0
2025-10-27 11:00:00,,,,,,,509.0,509.0,,,0.0,,,0.0
2025-10-27 12:00:00,,,,,,,509.0,509.0,,,0.0,,,0.0
2025-10-27 13:00:00,,,,,,,509.0,509.0,,,0.0,,,0.0
2025-10-27 14:00:00,,,,,,,509.0,509.0,,,0.0,,,0.0
2025-10-27 15:00:00,,,,,,,509.0,509.0,,,0.0,,,0.0
2025-10-27 16:00:00,,,,,,,1533.0,1533.0,,,0.0,,,0.0
2025-10-27 17:00:00,,,,,,,1533.0,1533.0,,,0.0,,,0.0
2025-10-27 18:00:00,,,,,,,1533.0,1533.0,,,0.0,,,0.0
2025-10-27 19:00:00,,,,,,,1533.0,1533.0,,,0.0,,,0.0
2025-10-27 20:00:00,,,,,,,1533.0,1533.0,,,0.0,,,0.0
2025-10-27 21:00:00,,,,,,,1533.0,1533.0,,,0.0,,,0.0
2025-10-27 22:00:00,,,,,,,1533.0,1533.0,,,0.0,,,0.0
2025-10-27 23:00:00,,,,,,,1529.0,1529.0,,,0.0,,,0.0
2025-10-28 00:00:00,,,,,,,1533.0,1533.0,,,0.0,,,0.0
2025-10-28 01:00:00,,,,,,,1533.0,1533.0,,,0.0,,,0.0
2025-10-28 02:00:00,,,,,,,1533.0,1533.0,,,0.0,,,0.0
2025-10-28 03:00:00,,,,,,,1533.0,1533.0,,,0.0,,,0.0
2025-10-28 04:00:00,,,,,,,1529.0,1529.0,,,0.0,,,0.0
2025-10-28 05:00:00,,,,,,,1529.0,1529.0,,,0.0,,,0.0
2025-10-28 06:00:00,,,,,,,1529.0,1529.0,,,0.0,,,0.0
2025-10-28 07:00:00,,,,,,,1533.0,1533.0,,,0.0,,,0.0
2025-10-28 08:00:00,,,,,,,509.0,509.0,,,0.0,,,0.0
2025-10-28 09:00:00,,,,,,,509.0,509.0,,,0.0,,,0.0
2025-10-28 10:00:00,,,,,,,509.0,509.0,,,0.0,,,0.0
2025-10-28 11:00:00,,,,,,,509.0,509.0,,,0.0,,,0.0
2025-10-28 12:00:00,,,,,,,509.0,509.0,,,0.0,,,0.0
2025-10-28 13:00:00,,,,,,,509.0,509.0,,,0.0,,,0.0
2025-10-28 14:00:00,,,,,,,509.0,509.0,,,0.0,,,0.0
2025-10-28 15:00:00,,,,,,,509.0,509.0,,,0.0,,,0.0
2025-10-28 16:00:00,,,,,,,1533.0,1533.0,,,0.0,,,0.0
2025-10-28 17:00:00,,,,,,,1533.0,1533.0,,,0.0,,,0.0
2025-10-28 18:00:00,,,,,,,1533.0,1533.0,,,0.0,,,0.0
2025-10-28 19:00:00,,,,,,,1533.0,1533.0,,,0.0,,,0.0
2025-10-28 20:00:00,,,,,,,1533.0,1533.0,,,0.0,,,0.0
2025-10-28 21:00:00,,,,,,,1533.0,1533.0,,,0.0,,,0.0
2025-10-28 22:00:00,,,,,,,1533.0,1533.0,,,0.0,,,0.0
2025-10-28 23:00:00,,,,,,,1529.0,1529.0,,,0.0,,,0.0
2025-10-29 00:00:00,,,,,,,1529.0,1529.0,,,0.0,,,0.0
2025-10-29 01:00:00,,,,,,,1533.0,1533.0,,,0.0,,,0.0
2025-10-29 02:00:00,,,,,,,1529.0,1529.0,,,0.0,,,0.0
2025-10-29 03:00:00,,,,,,,1533.0,1533.0,,,0.0,,,0.0
2025-10-29 04:00:00,,,,,,,1533.0,1533.0,,,0.0,,,0.0
2025-10-29 05:00:00,,,,,,,1533.0,1533.0,,,0.0,,,0.0
2025-10-29 06:00:00,,,,,,,1533.0,1533.0,,,0.0,,,0.0
2025-10-29 07:00:00,,,,,,,1533.0,1533.0,,,0.0,,,0.0
2025-10-29 08:00:00,,,,,,,509.0,509.0,,,0.0,,,0.0
2025-10-29 09:00:00,,,,,,,509.0,509.0,,,0.0,,,0.0
2025-10-29 10:00:00,,,,,,,509.0,509.0,,,0.0,,,0.0
2025-10-29 11:00:00,,,,,,,509.0,509.0,,,0.0,,,0.0
2025-10-29 12:00:00,,,,,,,509.0,509.0,,,0.0,,,0.0
2025-10-29 13:00:00,,,,,,,509.0,509.0,,,0.0,,,0.0
2025-10-29 14:00:00,,,,,,,509.0,509.0,,,0.0,,,0.0
2025-10-29 15:00:00,,,,,,,509.0,509.0,,,0.0,,,0.0
2025-10-29 16:00:00,,,,,,,1533.0,1533.0,,,0.0,,,0.0
2025-10-29 17:00:00,,,,,,,1533.0,1533.0,,,0.0,,,0.0
2025-10-29 18:00:00,,,,,,,1529.0,1529.0,,,0.0,,,0.0
2025-10-29 19:00:00,,,,,,,1533.0,1533.0,,,0.0,,,0.0
2025-10-29 20:00:00,,,,,,,1533.0,1533.0,,,0.0,,,0.0
2025-10-29 21:00:00,,,,,,,1533.0,1533.0,,,0.0,,,0.0
2025-10-29 22:00:00,,,,,,,1533.0,1533.0,,,0.0,,,0.0
2025-10-29 23:00:00,,,,,,,1533.0,1533.0,,,0.0,,,0.0
2025-10-30 00:00:00,,,,,,,1533.0,1533.0,,,0.0,,,0.0
2025-10-30 01:00:00,,,,,,,1533.0,1533.0,,,0.0,,,0.0
2025-10-30 02:00:00,,,,,,,1533.0,1533.0,,,0.0,,,0.0
2025-10-30 03:00:00,,,,,,,1533.0,1533.0,,,0.0,,,0.0
2025-10-30 04:00:00,,,,,,,1533.0,1533.0,,,0.0,,,0.0
2025-10-30 05:00:00,,,,,,,1529.0,1529.0,,,0.0,,,0.0
2025-10-30 06:00:00,,,,,,,1533.0,1533.0,,,0.0,,,0.0
2025-10-30 07:00:00,,,,,,,1533.0,1533.0,,,0.0,,,0.0
2025-10-30 08:00:00,,,,,,,509.0,509.0,,,0.0,,,0.0
2025-10-30 09:00:00,,,,,,,509.0,509.0,,,0.0,,,0.0
2025-10-30 10:00:00,,,,,,,509.0,509.0,,,0.0,,,0.0
2025-10-30 11:00:00,,,,,,,509.0,509.0,,,0.0,,,0.0
2025-10-30 12:00:00,,,,,,,509.0,509.0,,,0.0,,,0.0
2025-10-30 13:00:00,,,,,,,509.0,509.0,,,0.0,,,0.0
2025-10-30 14:00:00,,,,,,,509.0,509.0,,,0.0,,,0.0
2025-10-30 15:00:00,,,,,,,509.0,509.0,,,0.0,,,0.0
2025-10-30 16:00:00,,,,,,,1533.0,1533.0,,,0.0,,,0.0
2025-10-30 17:00:00,,,,,,,1533.0,1533.0,,,0.0,,,0.0
2025-10-30 18:00:00,,,,,,,1533.0,1533.0,,,0.0,,,0.0
2025-10-30 19:00:00,,,,,,,1533.0,1533.0,,,0.0,,,0.0
2025-10-30 20:00:00,,,,,,,1533.0,1533.0,,,0.0,,,0.0
2025-10-30 21:00:00,,,,,,,1533.0,1533.0,,,0.0,,,0.0
2025-10-30 22:00:00,,,,,,,1533.0,1533.0,,,0.0,,,0.0
2025-10-30 23:00:00,,,,,,,1533.0,1533.0,,,0.0,,,0.0
2025-10-31 00:00:00,,,,,,,1533.0,1533.0,,,0.0,,,0.0
2025-10-31 01:00:00,,,,,,,1533.0,1533.0,,,0.0,,,0.0
2025-10-31 02:00:00,,,,,,,1533.0,1533.0,,,0.0,,,0.0
2025-10-31 03:00:00,,,,,,,1533.0,1533.0,,,0.0,,,0.0
2025-10-31 04:00:00,,,,,,,1529.0,1529.0,,,0.0,,,0.0
2025-10-31 05:00:00,,,,,,,1533.0,1533.0,,,0.0,,,0.0
2025-10-31 06:00:00,,,,,,,1529.0,1529.0,,,0.0,,,0.0
2025-10-31 07:00:00,,,,,,,1533.0,1533.0,,,0.0,,,0.0
2025-10-31 08:00:00,,,,,,,509.0,509.0,0.042999998,0.0,1.0,0.85109997,0.0,1.0
2025-10-31 09:00:00,,,,,,,509.0,509.0,,,0.0,,,0.0
2025-10-31 10:00:00,,,,,,,509.0,509.0,,,0.0,,,0.0
2025-10-31 11:00:00,,,,,,,509.0,509.0,,,0.0,,,0.0
2025-10-31 12:00:00,,,,,,,509.0,509.0,,,0.0,,,0.0
2025-10-31 13:00:00,,,,,,,509.0,509.0,,,0.0,,,0.0
2025-10-31 14:00:00,,,,,,,509.0,509.0,,,0.0,,,0.0
2025-10-31 15:00:00,,,,,,,509.0,509.0,,,0.0,,,0.0
2025-10-31 16:00:00,,,,,,,1533.0,1533.0,,,0.0,,,0.0
2025-10-31 17:00:00,,,,,,,1533.0,1533.0,,,0.0,,,0.0
2025-10-31 18:00:00,,,,,,,1533.0,1533.0,,,0.0,,,0.0
2025-10-31 19:00:00,,,,,,,1533.0,1533.0,,,0.0,,,0.0
2025-10-31 20:00:00,,,,,,,1529.0,1529.0,,,0.0,,,0.0
2025-10-31 21:00:00,,,,,,,1533.0,1533.0,,,0.0,,,0.0
2025-10-31 22:00:00,,,,,,,1533.0,1533.0,,,0.0,,,0.0
2025-10-31 23:00:00,,,,,,,1533.0,1533.0,,,0.0,,,0.0
2025-11-01 00:00:00,,,,,,,1533.0,1533.0,,,0.0,,,0.0
2025-11-01 01:00:00,,,,,,,1529.0,1529.0,,,0.0,,,0.0
2025-11-01 02:00:00,,,,,,,1533.0,1533.0,,,0.0,,,0.0
2025-11-01 03:00:00,,,,,,,1533.0,1533.0,,,0.0,,,0.0
2025-11-01 04:00:00,,,,,,,1533.0,1533.0,,,0.0,,,0.0
2025-11-01 05:00:00,,,,,,,1533.0,1533.0,,,0.0,,,0.0
2025-11-01 06:00:00,,,,,,,1529.0,1529.0,,,0.0,,,0.0
2025-11-01 07:00:00,,,,,,,1533.0,1533.0,,,0.0,,,0.0
2025-11-01 08:00:00,,,,,,,509.0,509.0,,,0.0,,,0.0
2025-11-01 09:00:00,,,,,,,509.0,509.0,,,0.0,,,0.0
2025-11-01 10:00:00,,,,,,,509.0,509.0,,,0.0,,,0.0
2025-11-01 11:00:00,,,,,,,509.0,509.0,,,0.0,,,0.0
2025-11-01 12:00:00,,,,,,,509.0,509.0,,,0.0,,,0.0
2025-11-01 13:00:00,,,,,,,509.0,509.0,,,0.0,,,0.0
2025-11-01 14:00:00,,,,,,,509.0,509.0,,,0.0,,,0.0
2025-11-01 15:00:00,,,,,,,509.0,509.0,,,0.0,,,0.0
2025-11-01 16:00:00,,,,,,,1533.0,1533.0,,,0.0,,,0.0
2025-11-01 17:00:00,,,,,,,1533.0,1533.0,,,0.0,,,0.0
2025-11-01 18:00:00,,,,,,,1529.0,1529.0,,,0.0,,,0.0
2025-11-01 19:00:00,,,,,,,1533.0,1533.0,,,0.0,,,0.0
2025-11-01 20:00:00,,,,,,,1533.0,1533.0,,,0.0,,,0.0
2025-11-01 21:00:00,,,,,,,1533.0,1533.0,,,0.0,,,0.0
2025-11-01 22:00:00,,,,,,,1533.0,1533.0,,,0.0,,,0.0
2025-11-01 23:00:00,,,,,,,1533.0,1533.0,,,0.0,,,0.0
2025-11-02 00:00:00,,,,,,,1533.0,1533.0,,,0.0,,,0.0
2025-11-02 01:00:00,,,,,,,1533.0,1533.0,,,0.0,,,0.0
2025-11-02 02:00:00,,,,,,,1533.0,1533.0,,,0.0,,,0.0
2025-11-02 03:00:00,,,,,,,1529.0,1529.0,,,0.0,,,0.0
2025-11-02 04:00:00,,,,,,,1533.0,1533.0,,,0.0,,,0.0
2025-11-02 05:00:00,,,,,,,1533.0,1533.0,,,0.0,,,0.0
2025-11-02 06:00:00,,,,,,,1529.0,1529.0,,,0.0,,,0.0
2025-11-02 07:00:00,,,,,,,1533.0,1533.0,,,0.0,,,0.0
2025-11-02 08:00:00,,,,,,,509.0,509.0,,,0.0,,,0.0
2025-11-02 09:00:00,,,,,,,509.0,509.0,0.23799999,0.0446,2.0,0.8921,0.004499972,2.0
2025-11-02 10:00:00,,,,,,,509.0,509.0,1.0236,0.0,1.0,0.5324,0.0,1.0
2025-11-02 11:00:00,,,,,,,509.0,509.0,,,0.0,,,0.0
2025-11-02 12:00:00,,,,,,,509.0,509.0,,,0.0,,,0.0
2025-11-02 13:00:00,,,,,,,509.0,509.0,,,0.0,,,0.0
2025-11-02 14:00:00,,,,,,,509.0,509.0,,,0.0,,,0.0
2025-11-02 15:00:00,,,,,,,509.0,509.0,,,0.0,,,0.0
2025-11-02 16:00:00,,,,,,,1533.0,1533.0,,,0.0,,,0.0
2025-11-02 17:00:00,,,,,,,1533.0,1533.0,,,0.0,,,0.0
2025-11-02 18:00:00,,,,,,,1533.0,1533.0,,,0.0,,,0.0
2025-11-02 19:00:00,,,,,,,1529.0,1529.0,,,0.0,,,0.0
2025-11-02 20:00:00,,,,,,,1533.0,1533.0,,,0.0,,,0.0
2025-11-02 21:00:00,,,,,,,1533.0,1533.0,,,0.0,,,0.0
2025-11-02 22:00:00,,,,,,,1533.0,1533.0,,,0.0,,,0.0
2025-11-02 23:00:00,,,,,,,1533.0,1533.0,,,0.0,,,0.0
2025-11-03 00:00:00,,,,,,,1529.0,1529.0,,,0.0,,,0.0
2025-11-03 01:00:00,,,,,,,1533.0,1533.0,,,0.0,,,0.0
2025-11-03 02:00:00,,,,,,,1529.0,1529.0,,,0.0,,,0.0
2025-11-03 03:00:00,,,,,,,1533.0,1533.0,,,0.0,,,0.0
2025-11-03 04:00:00,,,,,,,1533.0,1533.0,,,0.0,,,0.0
2025-11-03 05:00:00,,,,,,,1533.0,1533.0,,,0.0,,,0.0
2025-11-03 06:00:00,,,,,,,1529.0,1529.0,,,0.0,,,0.0
2025-11-03 07:00:00,,,,,,,1533.0,1533.0,,,0.0,,,0.0
2025-11-03 08:00:00,,,,,,,509.0,509.0,,,0.0,,,0.0
2025-11-03 09:00:00,,,,,,,509.0,509.0,,,0.0,,,0.0
2025-11-03 10:00:00,,,,,,,509.0,509.0,,,0.0,,,0.0
2025-11-03 11:00:00,,,,,,,509.0,509.0,,,0.0,,,0.0
2025-11-03 12:00:00,,,,,,,509.0,509.0,,,0.0,,,0.0
2025-11-03 13:00:00,,,,,,,509.0,509.0,,,0.0,,,0.0
2025-11-03 14:00:00,,,,,,,509.0,509.0,,,0.0,,,0.0
2025-11-03 15:00:00,,,,,,,509.0,509.0,,,0.0,,,0.0
2025-11-03 16:00:00,,,,,,,1533.0,1533.0,,,0.0,,,0.0
2025-11-03 17:00:00,,,,,,,1533.0,1533.0,,,0.0,,,0.0
2025-11-03 18:00:00,,,,,,,1533.0,1533.0,,,0.0,,,0.0
2025-11-03 19:00:00,,,,,,,1529.0,1529.0,,,0.0,,,0.0
2025-11-03 20:00:00,,,,,,,1533.0,1533.0,,,0.0,,,0.0
2025-11-03 21:00:00,,,,,,,1533.0,1533.0,,,0.0,,,0.0
2025-11-03 22:00:00,,,,,,,1533.0,1533.0,,,0.0,,,0.0
2025-11-03 23:00:00,,,,,,,1273.0,1273.0,,,0.0,,,0.0
2025-11-04 00:00:00,,,,,,,1529.0,1529.0,,,0.0,,,0.0
2025-11-04 01:00:00,,,,,,,1533.0,1533.0,,,0.0,,,0.0
2025-11-04 02:00:00,,,,,,,1533.0,1533.0,,,0.0,,,0.0
2025-11-04 03:00:00,,,,,,,1533.0,1533.0,,,0.0,,,0.0
2025-11-04 04:00:00,,,,,,,1533.0,1533.0,,,0.0,,,0.0
2025-11-04 05:00:00,,,,,,,1533.0,1533.0,,,0.0,,,0.0
2025-11-04 06:00:00,,,,,,,1273.0,1273.0,,,0.0,,,0.0
2025-11-04 07:00:00,,,,,,,1533.0,1533.0,,,0.0,,,0.0
2025-11-04 08:00:00,,,,,,,505.0,505.0,0.1952,0.042,2.0,0.87329996,0.002399981,2.0
2025-11-04 09:00:00,,,,,,,509.0,509.0,0.0418,0.049599998,4.0,0.8648,0.0024999976,3.0
2025-11-04 10:00:00,,,,,,,509.0,509.0,,,0.0,,,0.0
2025-11-04 11:00:00,,,,,,,509.0,509.0,0.575,0.0,1.0,1.0989,0.0,1.0
2025-11-04 12:00:00,,,,,,,509.0,509.0,,,0.0,,,0.0
2025-11-04 13:00:00,,,,,,,509.0,509.0,,,0.0,,,0.0
2025-11-04 14:00:00,,,,,,,509.0,509.0,,,0.0,,,0.0
2025-11-04 15:00:00,,,,,,,509.0,509.0,,,0.0,,,0.0
2025-11-04 16:00:00,,,,,,,1533.0,1533.0,,,0.0,,,0.0
2025-11-04 17:00:00,,,,,,,1533.0,1533.0,,,0.0,,,0.0
2025-11-04 18:00:00,,,,,,,1533.0,1533.0,,,0.0,,,0.0
2025-11-04 19:00:00,,,,,,,1533.0,1533.0,,,0.0,,,0.0
2025-11-04 20:00:00,,,,,,,1533.0,1533.0,,,0.0,,,0.0
2025-11-04 21:00:00,,,,,,,1529.0,1529.0,,,0.0,,,0.0
2025-11-04 22:00:00,,,,,,,1529.0,1529.0,,,0.0,,,0.0
2025-11-04 23:00:00,,,,,,,1533.0,1533.0,,,0.0,,,0.0
2025-11-05 00:00:00,,,,,,,1533.0,1533.0,,,0.0,,,0.0
2025-11-05 01:00:00,,,,,,,1533.0,1533.0,,,0.0,,,0.0
2025-11-05 02:00:00,,,,,,,1533.0,1533.0,,,0.0,,,0.0
2025-11-05 03:00:00,,,,,,,1533.0,1533.0,,,0.0,,,0.0
2025-11-05 04:00:00,,,,,,,1533.0,1533.0,,,0.0,,,0.0
2025-11-05 05:00:00,,,,,,,1529.0,1529.0,,,0.0,,,0.0
2025-11-05 06:00:00,,,,,,,1529.0,1529.0,,,0.0,,,0.0
2025-11-05 07:00:00,,,,,,,1533.0,1533.0,,,0.0,,,0.0
2025-11-05 08:00:00,,,,,,,509.0,509.0,,,0.0,,,0.0
2025-11-05 09:00:00,,,,,,,509.0,509.0,,,0.0,,,0.0
2025-11-05 10:00:00,,,,,,,509.0,509.0,,,0.0,,,0.0
2025-11-05 11:00:00,,,,,,,509.0,509.0,,,0.0,,,0.0
2025-11-05 12:00:00,,,,,,,509.0,509.0,,,0.0,,,0.0
2025-11-05 13:00:00,,,,,,,509.0,509.0,,,0.0,,,0.0
2025-11-05 14:00:00,,,,,,,509.0,509.0,,,0.0,,,0.0
2025-11-05 15:00:00,,,,,,,509.0,509.0,,,0.0,,,0.0
2025-11-05 16:00:00,,,,,,,1533.0,1533.0,,,0.0,,,0.0
2025-11-05 17:00:00,,,,,,,1529.0,1529.0,,,0.0,,,0.0
2025-11-05 18:00:00,,,,,,,1533.0,1533.0,,,0.0,,,0.0
2025-11-05 19:00:00,,,,,,,1533.0,1533.0,,,0.0,,,0.0
2025-11-05 20:00:00,,,,,,,1533.0,1533.0,,,0.0,,,0.0
2025-11-05 21:00:00,,,,,,,1533.0,1533.0,,,0.0,,,0.0
2025-11-05 22:00:00,,,,,,,1533.0,1533.0,,,0.0,,,0.0
2025-11-05 23:00:00,,,,,,,1533.0,1533.0,,,0.0,,,0.0
2025-11-06 00:00:00,,,,,,,1533.0,1533.0,,,0.0,,,0.0
2025-11-06 01:00:00,,,,,,,1533.0,1533.0,,,0.0,,,0.0
2025-11-06 02:00:00,,,,,,,1533.0,1533.0,,,0.0,,,0.0
2025-11-06 03:00:00,,,,,,,1533.0,1533.0,,,0.0,,,0.0
2025-11-06 04:00:00,,,,,,,1533.0,1533.0,,,0.0,,,0.0
2025-11-06 05:00:00,,,,,,,1533.0,1533.0,,,0.0,,,0.0
2025-11-06 06:00:00,,,,,,,1533.0,1533.0,,,0.0,,,0.0
2025-11-06 07:00:00,,,,,,,1533.0,1533.0,,,0.0,,,0.0
2025-11-06 08:00:00,,,,,,,509.0,509.0,,,0.0,,,0.0
2025-11-06 09:00:00,,,,,,,509.0,509.0,,,0.0,,,0.0
2025-11-06 10:00:00,,,,,,,509.0,509.0,,,0.0,,,0.0
2025-11-06 11:00:00,,,,,,,509.0,509.0,,,0.0,,,0.0
2025-11-06 12:00:00,,,,,,,509.0,509.0,,,0.0,,,0.0
2025-11-06 13:00:00,,,,,,,509.0,509.0,,,0.0,,,0.0
2025-11-06 14:00:00,,,,,,,509.0,509.0,,,0.0,,,0.0
2025-11-06 15:00:00,,,,,,,509.0,509.0,,,0.0,,,0.0
2025-11-06 16:00:00,,,,,,,1533.0,1533.0,,,0.0,,,0.0
2025-11-06 17:00:00,,,,,,,1533.0,1533.0,,,0.0,,,0.0
2025-11-06 18:00:00,,,,,,,1533.0,1533.0,,,0.0,,,0.0
2025-11-06 19:00:00,,,,,,,1529.0,1529.0,,,0.0,,,0.0
2025-11-06 20:00:00,,,,,,,1533.0,1533.0,,,0.0,,,0.0
2025-11-06 21:00:00,,,,,,,1533.0,1533.0,,,0.0,,,0.0
2025-11-06 22:00:00,,,,,,,1533.0,1533.0,,,0.0,,,0.0
2025-11-06 23:00:00,,,,,,,1533.0,1533.0,,,0.0,,,0.0
2025-11-07 00:00:00,,,,,,,1533.0,1533.0,,,0.0,,,0.0
2025-11-07 01:00:00,,,,,,,1529.0,1529.0,,,0.0,,,0.0
2025-11-07 02:00:00,,,,,,,1533.0,1533.0,,,0.0,,,0.0
2025-11-07 03:00:00,,,,,,,1533.0,1533.0,,,0.0,,,0.0
2025-11-07 04:00:00,,,,,,,1533.0,1533.0,,,0.0,,,0.0
2025-11-07 05:00:00,,,,,,,1533.0,1533.0,,,0.0,,,0.0
2025-11-07 06:00:00,,,,,,,1533.0,1533.0,,,0.0,,,0.0
2025-11-07 07:00:00,,,,,,,1533.0,1533.0,,,0.0,,,0.0
2025-11-07 08:00:00,,,,,,,509.0,509.0,,,0.0,,,0.0
2025-11-07 09:00:00,,,,,,,509.0,509.0,,,0.0,,,0.0
2025-11-07 10:00:00,,,,,,,509.0,509.0,,,0.0,,,0.0
2025-11-07 11:00:00,,,,,,,509.0,509.0,,,0.0,,,0.0
2025-11-07 12:00:00,,,,,,,509.0,509.0,,,0.0,,,0.0
2025-11-07 13:00:00,,,,,,,509.0,509.0,,,0.0,,,0.0
2025-11-07 14:00:00,,,,,,,509.0,509.0,,,0.0,,,0.0
2025-11-07 15:00:00,,,,,,,509.0,509.0,,,0.0,,,0.0
2025-11-07 16:00:00,,,,,,,1533.0,1533.0,,,0.0,,,0.0
2025-11-07 17:00:00,,,,,,,1533.0,1533.0,,,0.0,,,0.0
2025-11-07 18:00:00,,,,,,,1533.0,1533.0,,,0.0,,,0.0
2025-11-07 19:00:00,,,,,,,1533.0,1533.0,,,0.0,,,0.0
2025-11-07 20:00:00,,,,,,,1533.0,1533.0,,,0.0,,,0.0
2025-11-07 21:00:00,,,,,,,1533.0,1533.0,,,0.0,,,0.0
2025-11-07 22:00:00,,,,,,,1533.0,1533.0,,,0.0,,,0.0
2025-11-07 23:00:00,,,,,,,1533.0,1533.0,,,0.0,,,0.0
2025-11-08 00:00:00,,,,,,,1533.0,1533.0,,,0.0,,,0.0
2025-11-08 01:00:00,,,,,,,1533.0,1533.0,,,0.0,,,0.0
2025-11-08 02:00:00,,,,,,,1533.0,1533.0,,,0.0,,,0.0
2025-11-08 03:00:00,,,,,,,1533.0,1533.0,,,0.0,,,0.0
2025-11-08 04:00:00,,,,,,,1533.0,1533.0,,,0.0,,,0.0
2025-11-08 05:00:00,,,,,,,1533.0,1533.0,,,0.0,,,0.0
2025-11-08 06:00:00,,,,,,,1529.0,1529.0,,,0.0,,,0.0
2025-11-08 07:00:00,,,,,,,1533.0,1533.0,,,0.0,,,0.0
2025-11-08 08:00:00,,,,,,,509.0,509.0,,,0.0,,,0.0
2025-11-08 09:00:00,,,,,,,509.0,509.0,,,0.0,,,0.0
2025-11-08 10:00:00,,,,,,,509.0,509.0,,,0.0,,,0.0
2025-11-08 11:00:00,,,,,,,509.0,509.0,,,0.0,,,0.0
2025-11-08 12:00:00,,,,,,,509.0,509.0,,,0.0,,,0.0
2025-11-08 13:00:00,,,,,,,509.0,509.0,,,0.0,,,0.0
2025-11-08 14:00:00,,,,,,,509.0,509.0,,,0.0,,,0.0
2025-11-08 15:00:00,,,,,,,509.0,509.0,,,0.0,,,0.0
2025-11-08 16:00:00,,,,,,,1533.0,1533.0,,,0.0,,,0.0
2025-11-08 17:00:00,,,,,,,1533.0,1533.0,,,0.0,,,0.0
2025-11-08 18:00:00,,,,,,,1533.0,1533.0,,,0.0,,,0.0
2025-11-08 19:00:00,,,,,,,1533.0,1533.0,,,0.0,,,0.0
2025-11-08 20:00:00,,,,,,,1533.0,1533.0,,,0.0,,,0.0
2025-11-08 21:00:00,,,,,,,1273.0,1273.0,,,0.0,,,0.0
2025-11-08 22:00:00,,,,,,,1529.0,1529.0,,,0.0,,,0.0
2025-11-08 23:00:00,,,,,,,1273.0,1273.0,,,0.0,,,0.0
2025-11-09 00:00:00,,,,,,,1273.0,1273.0,,,0.0,,,0.0
2025-11-09 01:00:00,,,,,,,1529.0,1529.0,,,0.0,,,0.0
2025-11-09 02:00:00,,,,,,,1533.0,1533.0,,,0.0,,,0.0
2025-11-09 03:00:00,,,,,,,1529.0,1529.0,,,0.0,,,0.0
2025-11-09 04:00:00,,,,,,,1533.0,1533.0,,,0.0,,,0.0
2025-11-09 05:00:00,,,,,,,1529.0,1529.0,,,0.0,,,0.0
2025-11-09 06:00:00,,,,,,,1529.0,1529.0,,,0.0,,,0.0
2025-11-09 07:00:00,,,,,,,1533.0,1533.0,,,0.0,,,0.0
2025-11-09 08:00:00,,,,,,,509.0,509.0,,,0.0,,,0.0
2025-11-09 09:00:00,,,,,,,509.0,509.0,,,0.0,,,0.0
2025-11-09 10:00:00,,,,,,,509.0,509.0,,,0.0,,,0.0
2025-11-09 11:00:00,,,,,,,509.0,509.0,,,0.0,,,0.0
2025-11-09 12:00:00,,,,,,,509.0,509.0,,,0.0,,,0.0
2025-11-09 13:00:00,,,,,,,509.0,509.0,,,0.0,,,0.0
2025-11-09 14:00:00,,,,,,,509.0,509.0,,,0.0,,,0.0
2025-11-09 15:00:00,,,,,,,505.0,505.0,,,0.0,,,0.0
2025-11-09 16:00:00,,,,,,,1533.0,1533.0,,,0.0,,,0.0
2025-11-09 17:00:00,,,,,,,1533.0,1533.0,,,0.0,,,0.0
2025-11-09 18:00:00,,,,,,,1533.0,1533.0,,,0.0,,,0.0
2025-11-09 19:00:00,,,,,,,1533.0,1533.0,,,0.0,,,0.0
2025-11-09 20:00:00,,,,,,,1529.0,1529.0,,,0.0,,,0.0
2025-11-09 21:00:00,,,,,,,1533.0,1533.0,,,0.0,,,0.0
2025-11-09 22:00:00,,,,,,,1533.0,1533.0,,,0.0,,,0.0
2025-11-09 23:00:00,,,,,,,1533.0,1533.0,,,0.0,,,0.0
2025-11-10 00:00:00,,,,,,,1533.0,1533.0,,,0.0,,,0.0
2025-11-10 01:00:00,,,,,,,1533.0,1533.0,,,0.0,,,0.0
2025-11-10 02:00:00,,,,,,,1533.0,1533.0,,,0.0,,,0.0
2025-11-10 03:00:00,,,,,,,1533.0,1533.0,,,0.0,,,0.0
2025-11-10 04:00:00,,,,,,,1529.0,1529.0,,,0.0,,,0.0
2025-11-10 05:00:00,,,,,,,1533.0,1533.0,,,0.0,,,0.0
2025-11-10 06:00:00,,,,,,,1529.0,1529.0,,,0.0,,,0.0
2025-11-10 07:00:00,,,,,,,1533.0,1533.0,,,0.0,,,0.0
2025-11-10 08:00:00,,,,,,,2553.0,2552.0,0.8014,0.0164,3.0,0.95219994,0.047800004,3.0
2025-11-10 09:00:00,,,,,,,509.0,509.0,,,0.0,,,0.0
2025-11-10 10:00:00,,,,,,,505.0,504.0,1.3578,0.0,1.0,0.4123,0.0,1.0
2025-11-10 11:00:00,,,,,,,509.0,509.0,,,0.0,,,0.0
2025-11-10 12:00:00,,,,,,,509.0,509.0,,,0.0,,,0.0
2025-11-10 13:00:00,,,,,,,509.0,509.0,,,0.0,,,0.0
2025-11-10 14:00:00,,,,,,,509.0,509.0,,,0.0,,,0.0
2025-11-10 15:00:00,,,,,,,509.0,509.0,,,0.0,,,0.0
2025-11-10 16:00:00,,,,,,,1533.0,1533.0,,,0.0,,,0.0
2025-11-10 17:00:00,,,,,,,1533.0,1533.0,,,0.0,,,0.0
2025-11-10 18:00:00,,,,,,,1533.0,1533.0,,,0.0,,,0.0
2025-11-10 19:00:00,,,,,,,1533.0,1533.0,,,0.0,,,0.0
2025-11-10 20:00:00,,,,,,,1533.0,1533.0,,,0.0,,,0.0
2025-11-10 21:00:00,,,,,,,1533.0,1533.0,,,0.0,,,0.0
2025-11-10 22:00:00,,,,,,,1533.0,1533.0,,,0.0,,,0.0
2025-11-10 23:00:00,,,,,,,1533.0,1533.0,,,0.0,,,0.0
2025-11-11 00:00:00,,,,,,,1533.0,1533.0,,,0.0,,,0.0
2025-11-11 01:00:00,,,,,,,1533.0,1533.0,,,0.0,,,0.0
2025-11-11 02:00:00,,,,,,,1529.0,1529.0,,,0.0,,,0.0
2025-11-11 03:00:00,,,,,,,1533.0,1533.0,,,0.0,,,0.0
2025-11-11 04:00:00,,,,,,,1533.0,1533.0,,,0.0,,,0.0
2025-11-11 05:00:00,,,,,,,1533.0,1533.0,,,0.0,,,0.0
2025-11-11 06:00:00,,,,,,,1529.0,1529.0,,,0.0,,,0.0
2025-11-11 07:00:00,,,,,,,1533.0,1533.0,,,0.0,,,0.0
2025-11-11 08:00:00,,,,,,,509.0,509.0,,,0.0,,,0.0
2025-11-11 09:00:00,,,,,,,509.0,509.0,,,0.0,,,0.0
2025-11-11 10:00:00,,,,,,,509.0,509.0,,,0.0,,,0.0
2025-11-11 11:00:00,,,,,,,509.0,509.0,,,0.0,,,0.0
2025-11-11 12:00:00,,,,,,,509.0,509.0,,,0.0,,,0.0
2025-11-11 13:00:00,,,,,,,509.0,509.0,,,0.0,,,0.0
2025-11-11 14:00:00,,,,,,,509.0,509.0,,,0.0,,,0.0
2025-11-11 15:00:00,,,,,,,509.0,509.0,,,0.0,,,0.0
2025-11-11 16:00:00,,,,,,,1533.0,1533.0,,,0.0,,,0.0
2025-11-11 17:00:00,,,,,,,1529.0,1529.0,,,0.0,,,0.0
2025-11-11 18:00:00,,,,,,,1533.0,1533.0,,,0.0,,,0.0
2025-11-11 19:00:00,,,,,,,1533.0,1533.0,,,0.0,,,0.0
2025-11-11 20:00:00,,,,,,,1533.0,1533.0,,,0.0,,,0.0
2025-11-11 21:00:00,,,,,,,1533.0,1533.0,,,0.0,,,0.0
2025-11-11 22:00:00,,,,,,,1533.0,1533.0,,,0.0,,,0.0
2025-11-11 23:00:00,,,,,,,1533.0,1533.0,,,0.0,,,0.0
2025-11-12 00:00:00,,,,,,,1533.0,1533.0,,,0.0,,,0.0
2025-11-12 01:00:00,,,,,,,1529.0,1529.0,,,0.0,,,0.0
2025-11-12 02:00:00,,,,,,,1529.0,1529.0,,,0.0,,,0.0
2025-11-12 03:00:00,,,,,,,1533.0,1533.0,,,0.0,,,0.0
2025-11-12 04:00:00,,,,,,,1533.0,1533.0,,,0.0,,,0.0
2025-11-12 05:00:00,,,,,,,1533.0,1533.0,,,0.0,,,0.0
2025-11-12 06:00:00,,,,,,,1533.0,1533.0,,,0.0,,,0.0
2025-11-12 07:00:00,,,,,,,1533.0,1533.0,,,0.0,,,0.0
2025-11-12 08:00:00,,,,,,,509.0,509.0,,,0.0,,,0.0
2025-11-12 09:00:00,,,,,,,509.0,509.0,,,0.0,,,0.0
2025-11-12 10:00:00,,,,,,,509.0,509.0,,,0.0,,,0.0
2025-11-12 11:00:00,,,,,,,509.0,509.0,,,0.0,,,0.0
2025-11-12 12:00:00,,,,,,,509.0,509.0,,,0.0,,,0.0
2025-11-12 13:00:00,,,,,,,509.0,509.0,,,0.0,,,0.0
2025-11-12 14:00:00,,,,,,,509.0,509.0,,,0.0,,,0.0
2025-11-12 15:00:00,,,,,,,509.0,509.0,,,0.0,,,0.0
2025-11-12 16:00:00,,,,,,,1533.0,1533.0,,,0.0,,,0.0
2025-11-12 17:00:00,,,,,,,1533.0,1533.0,,,0.0,,,0.0
2025-11-12 18:00:00,,,,,,,1529.0,1529.0,,,0.0,,,0.0
2025-11-12 19:00:00,,,,,,,1529.0,1529.0,,,0.0,,,0.0
2025-11-12 20:00:00,,,,,,,1529.0,1529.0,,,0.0,,,0.0
2025-11-12 21:00:00,,,,,,,1533.0,1533.0,,,0.0,,,0.0
2025-11-12 22:00:00,,,,,,,1533.0,1533.0,,,0.0,,,0.0
2025-11-12 23:00:00,,,,,,,1533.0,1533.0,,,0.0,,,0.0
2025-11-13 00:00:00,,,,,,,1533.0,1533.0,,,0.0,,,0.0
2025-11-13 01:00:00,,,,,,,1533.0,1533.0,,,0.0,,,0.0
2025-11-13 02:00:00,,,,,,,1529.0,1529.0,,,0.0,,,0.0
2025-11-13 03:00:00,,,,,,,1533.0,1533.0,,,0.0,,,0.0
2025-11-13 04:00:00,,,,,,,1533.0,1533.0,,,0.0,,,0.0
2025-11-13 05:00:00,,,,,,,1529.0,1529.0,,,0.0,,,0.0
2025-11-13 06:00:00,,,,,,,1533.0,1533.0,,,0.0,,,0.0
2025-11-13 07:00:00,,,,,,,1529.0,1529.0,,,0.0,,,0.0
2025-11-13 08:00:00,,,,,,,509.0,509.0,0.9332,0.1308,2.0,0.929,0.054399967,2.0
2025-11-13 09:00:00,,,,,,,509.0,509.0,,,0.0,,,0.0
2025-11-13 10:00:00,,,,,,,509.0,509.0,,,0.0,,,0.0
2025-11-13 11:00:00,,,,,,,509.0,509.0,,,0.0,,,0.0
2025-11-13 12:00:00,,,,,,,509.0,509.0,,,0.0,,,0.0
2025-11-13 13:00:00,,,,,,,509.0,509.0,,,0.0,,,0.0
2025-11-13 14:00:00,,,,,,,509.0,509.0,,,0.0,,,0.0
2025-11-13 15:00:00,,,,,,,509.0,509.0,,,0.0,,,0.0
2025-11-13 16:00:00,,,,,,,1533.0,1533.0,,,0.0,,,0.0
2025-11-13 17:00:00,,,,,,,1533.0,1533.0,,,0.0,,,0.0
2025-11-13 18:00:00,,,,,,,1533.0,1533.0,,,0.0,,,0.0
2025-11-13 19:00:00,,,,,,,1529.0,1529.0,,,0.0,,,0.0
2025-11-13 20:00:00,,,,,,,1533.0,1533.0,,,0.0,,,0.0
2025-11-13 21:00:00,,,,,,,1529.0,1529.0,,,0.0,,,0.0
2025-11-13 22:00:00,,,,,,,1529.0,1529.0,,,0.0,,,0.0
2025-11-13 23:00:00,,,,,,,1533.0,1533.0,,,0.0,,,0.0
2025-11-14 00:00:00,,,,,,,1533.0,1533.0,,,0.0,,,0.0
2025-11-14 01:00:00,,,,,,,1533.0,1533.0,,,0.0,,,0.0
2025-11-14 02:00:00,,,,,,,1529.0,1529.0,,,0.0,,,0.0
2025-11-14 03:00:00,,,,,,,1273.0,1273.0,,,0.0,,,0.0
2025-11-14 04:00:00,,,,,,,1529.0,1529.0,,,0.0,,,0.0
2025-11-14 05:00:00,,,,,,,1273.0,1273.0,,,0.0,,,0.0
2025-11-14 06:00:00,,,,,,,1273.0,1273.0,,,0.0,,,0.0
2025-11-14 07:00:00,,,,,,,1533.0,1533.0,,,0.0,,,0.0
2025-11-14 08:00:00,,,,,,,509.0,509.0,0.3224,0.0,1.0,0.9772999,0.0,1.0
2025-11-14 09:00:00,,,,,,,505.0,504.0,0.2068,0.0682,5.0,1.073,0.022099972,5.0
2025-11-14 10:00:00,,,,,,,505.0,504.0,0.1226,0.0512,5.0,1.0917,0.05610001,5.0
2025-11-14 11:00:00,,,,,,,505.0,505.0,0.116,0.052199997,3.0,1.1316999,0.022399962,3.0
2025-11-14 12:00:00,,,,,,,505.0,505.0,,,0.0,,,0.0
2025-11-14 13:00:00,,,,,,,509.0,509.0,0.0822,0.060599998,4.0,1.1895,0.00849998,3.0
2025-11-14 14:00:00,,,,,,,505.0,505.0,,,0.0,,,0.0
2025-11-14 15:00:00,,,,,,,505.0,505.0,,,0.0,,,0.0
2025-11-14 16:00:00,,,,,,,1529.0,1529.0,,,0.0,,,0.0
2025-11-14 17:00:00,,,,,,,1529.0,1529.0,,,0.0,,,0.0
2025-11-14 18:00:00,,,,,,,1529.0,1529.0,,,0.0,,,0.0
2025-11-14 19:00:00,,,,,,,1529.0,1529.0,,,0.0,,,0.0
2025-11-14 20:00:00,,,,,,,1533.0,1533.0,,,0.0,,,0.0
2025-11-14 21:00:00,,,,,,,1273.0,1273.0,,,0.0,,,0.0
2025-11-14 22:00:00,,,,,,,1273.0,1273.0,,,0.0,,,0.0
2025-11-14 23:00:00,,,,,,,1273.0,1273.0,,,0.0,,,0.0
2025-11-15 00:00:00,,,,,,,1529.0,1529.0,,,0.0,,,0.0
2025-11-15 01:00:00,,,,,,,1533.0,1533.0,,,0.0,,,0.0
2025-11-15 02:00:00,,,,,,,1533.0,1533.0,,,0.0,,,0.0
2025-11-15 03:00:00,,,,,,,1273.0,1273.0,,,0.0,,,0.0
2025-11-15 04:00:00,,,,,,,1273.0,1273.0,,,0.0,,,0.0
2025-11-15 05:00:00,,,,,,,1273.0,1273.0,,,0.0,,,0.0
2025-11-15 06:00:00,,,,,,,1273.0,1273.0,,,0.0,,,0.0
2025-11-15 07:00:00,,,,,,,1273.0,1273.0,,,0.0,,,0.0
2025-11-15 08:00:00,,,,,,,2297.0,2296.0,0.051799998,0.0246,5.0,1.2118,0.0055999756,5.0
2025-11-15 09:00:00,,,,,,,2553.0,2552.0,0.1012,0.072399996,3.0,1.2205,0.00879997,3.0
2025-11-15 10:00:00,,,,,,,509.0,509.0,0.25759998,0.0,1.0,1.3719,0.0,1.0
2025-11-15 11:00:00,,,,,,,509.0,509.0,0.472,0.0,1.0,1.2041999,0.0,1.0
2025-11-15 12:00:00,,,,,,,505.0,504.0,0.8914,0.1252,3.0,1.0833,0.25689995,3.0
2025-11-15 13:00:00,,,,,,,509.0,509.0,0.78279996,0.258,2.0,0.8126999,0.1519,2.0
2025-11-15 14:00:00,,,,,,,509.0,509.0,,,0.0,,,0.0
2025-11-15 15:00:00,,,,,,,509.0,509.0,,,0.0,,,0.0
2025-11-15 16:00:00,,,,,,,1533.0,1533.0,,,0.0,,,0.0
2025-11-15 17:00:00,,,,,,,1533.0,1533.0,,,0.0,,,0.0
2025-11-15 18:00:00,,,,,,,1533.0,1533.0,,,0.0,,,0.0
2025-11-15 19:00:00,,,,,,,1533.0,1533.0,,,0.0,,,0.0
2025-11-15 20:00:00,,,,,,,1529.0,1529.0,,,0.0,,,0.0
2025-11-15 21:00:00,,,,,,,1529.0,1529.0,,,0.0,,,0.0
2025-11-15 22:00:00,,,,,,,1529.0,1529.0,,,0.0,,,0.0
2025-11-15 23:00:00,,,,,,,1529.0,1529.0,,,0.0,,,0.0
2025-11-16 00:00:00,,,,,,,1533.0,1533.0,,,0.0,,,0.0
2025-11-16 01:00:00,,,,,,,1533.0,1533.0,,,0.0,,,0.0
2025-11-16 02:00:00,,,,,,,1533.0,1533.0,,,0.0,,,0.0
2025-11-16 03:00:00,,,,,,,1529.0,1529.0,,,0.0,,,0.0
2025-11-16 04:00:00,,,,,,,1533.0,1533.0,,,0.0,,,0.0
2025-11-16 05:00:00,,,,,,,1533.0,1533.0,,,0.0,,,0.0
2025-11-16 06:00:00,,,,,,,1533.0,1533.0,,,0.0,,,0.0
2025-11-16 07:00:00,,,,,,,1533.0,1533.0,,,0.0,,,0.0
2025-11-16 08:00:00,,,,,,,509.0,509.0,,,0.0,,,0.0
2025-11-16 09:00:00,,,,,,,509.0,509.0,,,0.0,,,0.0
2025-11-16 10:00:00,,,,,,,509.0,509.0,0.3452,0.0,1.0,0.8219,0.0,1.0
2025-11-16 11:00:00,,,,,,,509.0,509.0,,,0.0,,,0.0
2025-11-16 12:00:00,,,,,,,509.0,509.0,,,0.0,,,0.0
2025-11-16 13:00:00,,,,,,,509.0,509.0,,,0.0,,,0.0
2025-11-16 14:00:00,,,,,,,509.0,509.0,,,0.0,,,0.0
2025-11-16 15:00:00,,,,,,,509.0,509.0,,,0.0,,,0.0
2025-11-16 16:00:00,,,,,,,1533.0,1533.0,,,0.0,,,0.0
2025-11-16 17:00:00,,,,,,,1533.0,1533.0,,,0.0,,,0.0
2025-11-16 18:00:00,,,,,,,1533.0,1533.0,,,0.0,,,0.0
2025-11-16 19:00:00,,,,,,,1533.0,1533.0,,,0.0,,,0.0
2025-11-16 20:00:00,,,,,,,1533.0,1533.0,,,0.0,,,0.0
2025-11-16 21:00:00,,,,,,,1533.0,1533.0,,,0.0,,,0.0
2025-11-16 22:00:00,,,,,,,1533.0,1533.0,,,0.0,,,0.0
2025-11-16 23:00:00,,,,,,,1533.0,1533.0,,,0.0,,,0.0
2025-11-17 00:00:00,,,,,,,1533.0,1533.0,,,0.0,,,0.0
2025-11-17 01:00:00,,,,,,,1533.0,1533.0,,,0.0,,,0.0
2025-11-17 02:00:00,,,,,,,1533.0,1533.0,,,0.0,,,0.0
2025-11-17 03:00:00,,,,,,,1529.0,1529.0,,,0.0,,,0.0
2025-11-17 04:00:00,,,,,,,1533.0,1533.0,,,0.0,,,0.0
2025-11-17 05:00:00,,,,,,,1533.0,1533.0,,,0.0,,,0.0
2025-11-17 06:00:00,,,,,,,1533.0,1533.0,,,0.0,,,0.0
2025-11-17 07:00:00,,,,,,,1533.0,1533.0,,,0.0,,,0.0
2025-11-17 08:00:00,,,,,,,509.0,509.0,,,0.0,,,0.0
2025-11-17 09:00:00,,,,,,,509.0,509.0,,,0.0,,,0.0
2025-11-17 10:00:00,,,,,,,509.0,509.0,,,0.0,,,0.0
2025-11-17 11:00:00,,,,,,,509.0,509.0,,,0.0,,,0.0
2025-11-17 12:00:00,,,,,,,509.0,509.0,,,0.0,,,0.0
2025-11-17 13:00:00,,,,,,,509.0,509.0,,,0.0,,,0.0
2025-11-17 14:00:00,,,,,,,509.0,509.0,,,0.0,,,0.0
2025-11-17 15:00:00,,,,,,,509.0,509.0,,,0.0,,,0.0
2025-11-17 16:00:00,,,,,,,1533.0,1533.0,,,0.0,,,0.0
2025-11-17 17:00:00,,,,,,,1529.0,1529.0,,,0.0,,,0.0
2025-11-17 18:00:00,,,,,,,1533.0,1533.0,,,0.0,,,0.0
2025-11-17 19:00:00,,,,,,,1529.0,1529.0,,,0.0,,,0.0
2025-11-17 20:00:00,,,,,,,1529.0,1529.0,,,0.0,,,0.0
2025-11-17 21:00:00,,,,,,,1533.0,1533.0,,,0.0,,,0.0
2025-11-17 22:00:00,,,,,,,1533.0,1533.0,,,0.0,,,0.0
2025-11-17 23:00:00,,,,,,,1533.0,1533.0,,,0.0,,,0.0
2025-11-18 00:00:00,,,,,,,1533.0,1533.0,,,0.0,,,0.0
2025-11-18 01:00:00,,,,,,,1533.0,1533.0,,,0.0,,,0.0
2025-11-18 02:00:00,,,,,,,1533.0,1533.0,,,0.0,,,0.0
2025-11-18 03:00:00,,,,,,,1533.0,1533.0,,,0.0,,,0.0
2025-11-18 04:00:00,,,,,,,1533.0,1533.0,,,0.0,,,0.0
2025-11-18 05:00:00,,,,,,,1529.0,1529.0,,,0.0,,,0.0
2025-11-18 06:00:00,,,,,,,1529.0,1529.0,,,0.0,,,0.0
2025-11-18 07:00:00,,,,,,,1529.0,1529.0,,,0.0,,,0.0
2025-11-18 08:00:00,,,,,,,509.0,509.0,,,0.0,,,0.0
2025-11-18 09:00:00,,,,,,,509.0,509.0,,,0.0,,,0.0
2025-11-18 10:00:00,,,,,,,509.0,509.0,,,0.0,,,0.0
2025-11-18 11:00:00,,,,,,,509.0,509.0,,,0.0,,,0.0
2025-11-18 12:00:00,,,,,,,509.0,509.0,,,0.0,,,0.0
2025-11-18 13:00:00,,,,,,,509.0,509.0,,,0.0,,,0.0
2025-11-18 14:00:00,,,,,,,509.0,509.0,,,0.0,,,0.0
2025-11-18 15:00:00,,,,,,,509.0,509.0,,,0.0,,,0.0
2025-11-18 16:00:00,,,,,,,1533.0,1533.0,,,0.0,,,0.0
2025-11-18 17:00:00,,,,,,,1533.0,1533.0,,,0.0,,,0.0
2025-11-18 18:00:00,,,,,,,1533.0,1533.0,,,0.0,,,0.0
2025-11-18 19:00:00,,,,,,,1529.0,1529.0,,,0.0,,,0.0
2025-11-18 20:00:00,,,,,,,1533.0,1533.0,,,0.0,,,0.0
2025-11-18 21:00:00,,,,,,,1533.0,1533.0,,,0.0,,,0.0
2025-11-18 22:00:00,,,,,,,1533.0,1533.0,,,0.0,,,0.0
2025-11-18 23:00:00,,,,,,,1533.0,1533.0,,,0.0,,,0.0
2025-11-19 00:00:00,,,,,,,1533.0,1533.0,,,0.0,,,0.0
2025-11-19 01:00:00,,,,,,,1533.0,1533.0,,,0.0,,,0.0
2025-11-19 02:00:00,,,,,,,1533.0,1533.0,,,0.0,,,0.0
2025-11-19 03:00:00,,,,,,,1533.0,1533.0,,,0.0,,,0.0
2025-11-19 04:00:00,,,,,,,1533.0,1533.0,,,0.0,,,0.0
2025-11-19 05:00:00,,,,,,,1533.0,1533.0,,,0.0,,,0.0
2025-11-19 06:00:00,,,,,,,1533.0,1533.0,,,0.0,,,0.0
2025-11-19 07:00:00,,,,,,,1533.0,1533.0,,,0.0,,,0.0
2025-11-19 08:00:00,,,,,,,509.0,509.0,,,0.0,,,0.0
2025-11-19 09:00:00,,,,,,,249.0,248.0,0.36479998,0.0426,5.0,1.0296999,0.12129998,5.0
2025-11-19 10:00:00,,,,,,,249.0,248.0,0.3344,0.0872,5.0,0.8722999,0.09979999,5.0
2025-11-19 11:00:00,,,,,,,509.0,509.0,0.445,0.0372,4.0,0.75109994,0.027099967,4.0
2025-11-19 12:00:00,,,,,,,509.0,509.0,,,0.0,,,0.0
2025-11-19 13:00:00,,,,,,,509.0,509.0,,,0.0,,,0.0
2025-11-19 14:00:00,,,,,,,509.0,509.0,,,0.0,,,0.0
2025-11-19 15:00:00,,,,,,,509.0,509.0,,,0.0,,,0.0
2025-11-19 16:00:00,,,,,,,1533.0,1533.0,,,0.0,,,0.0
2025-11-19 17:00:00,,,,,,,1529.0,1529.0,,,0.0,,,0.0
2025-11-19 18:00:00,,,,,,,1533.0,1533.0,,,0.0,,,0.0
2025-11-19 19:00:00,,,,,,,1533.0,1533.0,,,0.0,,,0.0
2025-11-19 20:00:00,,,,,,,1533.0,1533.0,,,0.0,,,0.0
2025-11-19 21:00:00,,,,,,,1533.0,1533.0,,,0.0,,,0.0
2025-11-19 22:00:00,,,,,,,1533.0,1533.0,,,0.0,,,0.0
2025-11-19 23:00:00,,,,,,,1533.0,1533.0,,,0.0,,,0.0
2025-11-20 00:00:00,,,,,,,1533.0,1533.0,,,0.0,,,0.0
2025-11-20 01:00:00,,,,,,,1533.0,1533.0,,,0.0,,,0.0
2025-11-20 02:00:00,,,,,,,1533.0,1533.0,,,0.0,,,0.0
2025-11-20 03:00:00,,,,,,,1533.0,1533.0,,,0.0,,,0.0
2025-11-20 04:00:00,,,,,,,1533.0,1533.0,,,0.0,,,0.0
2025-11-20 05:00:00,,,,,,,1533.0,1533.0,,,0.0,,,0.0
2025-11-20 06:00:00,,,,,,,1529.0,1529.0,,,0.0,,,0.0
2025-11-20 07:00:00,,,,,,,1533.0,1533.0,,,0.0,,,0.0
2025-11-20 08:00:00,,,,,,,509.0,509.0,0.9684,0.0,1.0,0.3843,0.0,1.0
2025-11-20 09:00:00,,,,,,,509.0,509.0,,,0.0,,,0.0
2025-11-20 10:00:00,,,,,,,509.0,509.0,,,0.0,,,0.0
2025-11-20 11:00:00,,,,,,,509.0,509.0,1.4166,0.0,1.0,0.371,0.0,1.0
2025-11-20 12:00:00,,,,,,,509.0,509.0,,,0.0,,,0.0
2025-11-20 13:00:00,,,,,,,509.0,509.0,,,0.0,,,0.0
2025-11-20 14:00:00,,,,,,,509.0,509.0,,,0.0,,,0.0
2025-11-20 15:00:00,,,,,,,509.0,509.0,,,0.0,,,0.0
2025-11-20 16:00:00,,,,,,,1533.0,1533.0,,,0.0,,,0.0
2025-11-20 17:00:00,,,,,,,1533.0,1533.0,,,0.0,,,0.0
2025-11-20 18:00:00,,,,,,,1533.0,1533.0,,,0.0,,,0.0
2025-11-20 19:00:00,,,,,,,1533.0,1533.0,,,0.0,,,0.0
2025-11-20 20:00:00,,,,,,,1529.0,1529.0,,,0.0,,,0.0
2025-11-20 21:00:00,,,,,,,1533.0,1533.0,,,0.0,,,0.0
2025-11-20 22:00:00,,,,,,,1533.0,1533.0,,,0.0,,,0.0
2025-11-20 23:00:00,,,,,,,1533.0,1533.0,,,0.0,,,0.0
2025-11-21 00:00:00,,,,,,,1533.0,1533.0,,,0.0,,,0.0
2025-11-21 01:00:00,,,,,,,1533.0,1533.0,,,0.0,,,0.0
2025-11-21 02:00:00,,,,,,,1533.0,1533.0,,,0.0,,,0.0
2025-11-21 03:00:00,,,,,,,1533.0,1533.0,,,0.0,,,0.0
2025-11-21 04:00:00,,,,,,,1533.0,1533.0,,,0.0,,,0.0
2025-11-21 05:00:00,,,,,,,1533.0,1533.0,,,0.0,,,0.0
2025-11-21 06:00:00,,,,,,,1533.0,1533.0,,,0.0,,,0.0
2025-11-21 07:00:00,,,,,,,1533.0,1533.0,,,0.0,,,0.0
2025-11-21 08:00:00,,,,,,,509.0,509.0,,,0.0,,,0.0
2025-11-21 09:00:00,,,,,,,509.0,509.0,,,0.0,,,0.0
2025-11-21 10:00:00,,,,,,,509.0,509.0,,,0.0,,,0.0
2025-11-21 11:00:00,,,,,,,509.0,509.0,,,0.0,,,0.0
2025-11-21 12:00:00,,,,,,,509.0,509.0,,,0.0,,,0.0
2025-11-21 13:00:00,,,,,,,509.0,509.0,,,0.0,,,0.0
2025-11-21 14:00:00,,,,,,,509.0,509.0,,,0.0,,,0.0
2025-11-21 15:00:00,,,,,,,509.0,509.0,,,0.0,,,0.0
2025-11-21 16:00:00,,,,,,,1533.0,1533.0,,,0.0,,,0.0
2025-11-21 17:00:00,,,,,,,1533.0,1533.0,,,0.0,,,0.0
2025-11-21 18:00:00,,,,,,,1533.0,1533.0,,,0.0,,,0.0
2025-11-21 19:00:00,,,,,,,1529.0,1529.0,,,0.0,,,0.0
2025-11-21 20:00:00,,,,,,,1533.0,1533.0,,,0.0,,,0.0
2025-11-21 21:00:00,,,,,,,1533.0,1533.0,,,0.0,,,0.0
2025-11-21 22:00:00,,,,,,,1529.0,1529.0,,,0.0,,,0.0
2025-11-21 23:00:00,,,,,,,1533.0,1533.0,,,0.0,,,0.0
2025-11-22 00:00:00,,,,,,,1533.0,1533.0,,,0.0,,,0.0
2025-11-22 01:00:00,,,,,,,1533.0,1533.0,,,0.0,,,0.0
2025-11-22 02:00:00,,,,,,,1533.0,1533.0,,,0.0,,,0.0
2025-11-22 03:00:00,,,,,,,1533.0,1533.0,,,0.0,,,0.0
2025-11-22 04:00:00,,,,,,,1533.0,1533.0,,,0.0,,,0.0
2025-11-22 05:00:00,,,,,,,1529.0,1529.0,,,0.0,,,0.0
2025-11-22 06:00:00,,,,,,,1533.0,1533.0,,,0.0,,,0.0
2025-11-22 07:00:00,,,,,,,1533.0,1533.0,,,0.0,,,0.0
2025-11-22 08:00:00,,,,,,,509.0,509.0,,,0.0,,,0.0
2025-11-22 09:00:00,,,,,,,509.0,509.0,,,0.0,,,0.0
2025-11-22 10:00:00,,,,,,,509.0,509.0,,,0.0,,,0.0
2025-11-22 11:00:00,,,,,,,509.0,509.0,,,0.0,,,0.0
2025-11-22 12:00:00,,,,,,,509.0,509.0,,,0.0,,,0.0
2025-11-22 13:00:00,,,,,,,509.0,509.0,,,0.0,,,0.0
2025-11-22 14:00:00,,,,,,,509.0,509.0,,,0.0,,,0.0
2025-11-22 15:00:00,,,,,,,509.0,509.0,,,0.0,,,0.0
2025-11-22 16:00:00,,,,,,,1533.0,1533.0,,,0.0,,,0.0
2025-11-22 17:00:00,,,,,,,1529.0,1529.0,,,0.0,,,0.0
2025-11-22 18:00:00,,,,,,,1529.0,1529.0,,,0.0,,,0.0
2025-11-22 19:00:00,,,,,,,1533.0,1533.0,,,0.0,,,0.0
2025-11-22 20:00:00,,,,,,,1533.0,1533.0,,,0.0,,,0.0
2025-11-22 21:00:00,,,,,,,1533.0,1533.0,,,0.0,,,0.0
2025-11-22 22:00:00,,,,,,,1533.0,1533.0,,,0.0,,,0.0
2025-11-22 23:00:00,,,,,,,1533.0,1533.0,,,0.0,,,0.0
2025-11-23 00:00:00,,,,,,,1533.0,1533.0,,,0.0,,,0.0
2025-11-23 01:00:00,,,,,,,1533.0,1533.0,,,0.0,,,0.0
2025-11-23 02:00:00,,,,,,,1529.0,1529.0,,,0.0,,,0.0
2025-11-23 03:00:00,,,,,,,1533.0,1533.0,,,0.0,,,0.0
2025-11-23 04:00:00,,,,,,,1533.0,1533.0,,,0.0,,,0.0
2025-11-23 05:00:00,,,,,,,1533.0,1533.0,,,0.0,,,0.0
2025-11-23 06:00:00,,,,,,,1533.0,1533.0,,,0.0,,,0.0
2025-11-23 07:00:00,,,,,,,1533.0,1533.0,,,0.0,,,0.0
2025-11-23 08:00:00,,,,,,,509.0,509.0,,,0.0,,,0.0
2025-11-23 09:00:00,,,,,,,509.0,509.0,,,0.0,,,0.0
2025-11-23 10:00:00,,,,,,,509.0,509.0,,,0.0,,,0.0
2025-11-23 11:00:00,,,,,,,509.0,509.0,,,0.0,,,0.0
2025-11-23 12:00:00,,,,,,,509.0,509.0,,,0.0,,,0.0
2025-11-23 13:00:00,,,,,,,509.0,509.0,,,0.0,,,0.0
2025-11-23 14:00:00,,,,,,,509.0,509.0,,,0.0,,,0.0
2025-11-23 15:00:00,,,,,,,509.0,509.0,,,0.0,,,0.0
2025-11-23 16:00:00,,,,,,,1533.0,1533.0,,,0.0,,,0.0
2025-11-23 17:00:00,,,,,,,1533.0,1533.0,,,0.0,,,0.0
2025-11-23 18:00:00,,,,,,,1533.0,1533.0,,,0.0,,,0.0
2025-11-23 19:00:00,,,,,,,1533.0,1533.0,,,0.0,,,0.0
2025-11-23 20:00:00,,,,,,,1533.0,1533.0,,,0.0,,,0.0
2025-11-23 21:00:00,,,,,,,1533.0,1533.0,,,0.0,,,0.0
2025-11-23 22:00:00,,,,,,,1533.0,1533.0,,,0.0,,,0.0
2025-11-23 23:00:00,,,,,,,1533.0,1533.0,,,0.0,,,0.0
2025-11-24 00:00:00,,,,,,,1533.0,1533.0,,,0.0,,,0.0
2025-11-24 01:00:00,,,,,,,1533.0,1533.0,,,0.0,,,0.0
2025-11-24 02:00:00,,,,,,,1533.0,1533.0,,,0.0,,,0.0
2025-11-24 03:00:00,,,,,,,1533.0,1533.0,,,0.0,,,0.0
2025-11-24 04:00:00,,,,,,,1529.0,1529.0,,,0.0,,,0.0
2025-11-24 05:00:00,,,,,,,1533.0,1533.0,,,0.0,,,0.0
2025-11-24 06:00:00,,,,,,,1529.0,1529.0,,,0.0,,,0.0
2025-11-24 07:00:00,,,,,,,1529.0,1529.0,,,0.0,,,0.0
2025-11-24 08:00:00,,,,,,,509.0,509.0,0.133,0.0,1.0,0.7434,0.0,1.0
2025-11-24 09:00:00,,,,,,,509.0,509.0,,,0.0,,,0.0
2025-11-24 10:00:00,,,,,,,509.0,509.0,,,0.0,,,0.0
2025-11-24 11:00:00,,,,,,,509.0,509.0,,,0.0,,,0.0
2025-11-24 12:00:00,,,,,,,509.0,509.0,0.2522,0.0234,3.0,0.91559994,0.009199977,3.0
2025-11-24 13:00:00,,,,,,,505.0,504.0,0.5836,0.44079998,3.0,0.7882,0.21959996,3.0
2025-11-24 14:00:00,,,,,,,249.0,248.0,1.1791999,0.0916,6.0,0.35609996,0.119399965,6.0
2025-11-24 15:00:00,,,,,,,505.0,505.0,0.81119996,0.1604,5.0,0.15349996,0.04890001,5.0
2025-11-24 16:00:00,,,,,,,1533.0,1533.0,,,0.0,,,0.0
2025-11-24 17:00:00,,,,,,,1533.0,1533.0,,,0.0,,,0.0
2025-11-24 18:00:00,,,,,,,1533.0,1533.0,,,0.0,,,0.0
2025-11-24 19:00:00,,,,,,,1533.0,1533.0,,,0.0,,,0.0
2025-11-24 20:00:00,,,,,,,1533.0,1533.0,,,0.0,,,0.0
2025-11-24 21:00:00,,,,,,,1533.0,1533.0,,,0.0,,,0.0
2025-11-24 22:00:00,,,,,,,1529.0,1529.0,,,0.0,,,0.0
2025-11-24 23:00:00,,,,,,,1273.0,1273.0,,,0.0,,,0.0
2025-11-25 00:00:00,,,,,,,1273.0,1273.0,,,0.0,,,0.0
2025-11-25 01:00:00,,,,,,,1273.0,1273.0,,,0.0,,,0.0
2025-11-25 02:00:00,,,,,,,1273.0,1273.0,,,0.0,,,0.0
2025-11-25 03:00:00,,,,,,,1273.0,1273.0,,,0.0,,,0.0
2025-11-25 04:00:00,,,,,,,1529.0,1529.0,,,0.0,,,0.0
2025-11-25 05:00:00,,,,,,,1533.0,1533.0,,,0.0,,,0.0
2025-11-25 06:00:00,,,,,,,1529.0,1529.0,,,0.0,,,0.0
2025-11-25 07:00:00,,,,,,,1273.0,1273.0,,,0.0,,,0.0
2025-11-25 08:00:00,,,,,,,2553.0,2552.0,0.5762,0.25939998,3.0,0.473,0.23429996,3.0
2025-11-25 09:00:00,,,,,,,249.0,248.0,0.0596,0.0286,5.0,0.78989995,0.04039997,5.0
2025-11-25 10:00:00,,,,,,,505.0,504.0,0.14639999,0.1048,6.0,0.7133,0.086600006,6.0
2025-11-25 11:00:00,,,,,,,249.0,248.0,0.103599995,0.0786,5.0,0.727,0.038100004,5.0
2025-11-25 12:00:00,,,,,,,505.0,505.0,0.3048,0.0686,3.0,0.7243999,0.033899963,3.0
2025-11-25 13:00:00,,,,,,,509.0,509.0,,,0.0,,,0.0
2025-11-25 14:00:00,,,,,,,509.0,509.0,,,0.0,,,0.0
2025-11-25 15:00:00,,,,,,,509.0,509.0,,,0.0,,,0.0
2025-11-25 16:00:00,,,,,,,1529.0,1529.0,,,0.0,,,0.0
2025-11-25 17:00:00,,,,,,,1533.0,1533.0,,,0.0,,,0.0
2025-11-25 18:00:00,,,,,,,1533.0,1533.0,,,0.0,,,0.0
2025-11-25 19:00:00,,,,,,,1533.0,1533.0,,,0.0,,,0.0
2025-11-25 20:00:00,,,,,,,1533.0,1533.0,,,0.0,,,0.0
2025-11-25 21:00:00,,,,,,,1533.0,1533.0,,,0.0,,,0.0
2025-11-25 22:00:00,,,,,,,1533.0,1533.0,,,0.0,,,0.0
2025-11-25 23:00:00,,,,,,,1533.0,1533.0,,,0.0,,,0.0
2025-11-26 00:00:00,,,,,,,1533.0,1533.0,,,0.0,,,0.0
2025-11-26 01:00:00,,,,,,,1533.0,1533.0,,,0.0,,,0.0
2025-11-26 02:00:00,,,,,,,1533.0,1533.0,,,0.0,,,0.0
2025-11-26 03:00:00,,,,,,,1529.0,1529.0,,,0.0,,,0.0
2025-11-26 04:00:00,,,,,,,1273.0,1273.0,,,0.0,,,0.0
2025-11-26 05:00:00,,,,,,,1533.0,1533.0,,,0.0,,,0.0
2025-11-26 06:00:00,,,,,,,1273.0,1273.0,,,0.0,,,0.0
2025-11-26 07:00:00,,,,,,,1273.0,1273.0,,,0.0,,,0.0
2025-11-26 08:00:00,0.1752,,,,,,2241.0,2296.0,0.2024,0.0186,4.0,1.0065,0.053200006,4.0
2025-11-26 09:00:00,0.1416,,,,,,449.0,504.0,0.12879999,0.036199998,6.0,1.0595,0.0388,6.0
2025-11-26 10:00:00,0.1166,,,,,,193.0,248.0,0.1072,0.081999995,6.0,1.0009999,0.03609997,6.0
2025-11-26 11:00:00,0.1892,0.2402,0.6455,0.6454,,,192.0,192.0,0.1444,0.0778,6.0,1.008,0.023000002,6.0
2025-11-26 12:00:00,0.29459998,,,,,,193.0,248.0,0.28419998,0.0332,6.0,1.0252999,0.0066999793,6.0
2025-11-26 13:00:00,,,,,,,509.0,509.0,,,0.0,,,0.0
2025-11-26 14:00:00,,,,,,,505.0,505.0,0.4364,0.1396,2.0,0.8177999,0.11680001,2.0
2025-11-26 15:00:00,,,,,,,505.0,505.0,,,0.0,,,0.0
2025-11-26 16:00:00,,,,,,,1533.0,1533.0,,,0.0,,,0.0
2025-11-26 17:00:00,,,,,,,1533.0,1533.0,,,0.0,,,0.0
2025-11-26 18:00:00,,,,,,,1533.0,1533.0,,,0.0,,,0.0
2025-11-26 19:00:00,,,,,,,1533.0,1533.0,,,0.0,,,0.0
2025-11-26 20:00:00,,,,,,,1533.0,1533.0,,,0.0,,,0.0
2025-11-26 21:00:00,,,,,,,1529.0,1529.0,,,0.0,,,0.0
2025-11-26 22:00:00,,,,,,,1533.0,1533.0,,,0.0,,,0.0
2025-11-26 23:00:00,,,,,,,1533.0,1533.0,,,0.0,,,0.0
2025-11-27 00:00:00,,,,,,,1533.0,1533.0,,,0.0,,,0.0
2025-11-27 01:00:00,,,,,,,1533.0,1533.0,,,0.0,,,0.0
2025-11-27 02:00:00,,,,,,,1533.0,1533.0,,,0.0,,,0.0
2025-11-27 03:00:00,,,,,,,1533.0,1533.0,,,0.0,,,0.0
2025-11-27 04:00:00,,,,,,,1529.0,1529.0,,,0.0,,,0.0
2025-11-27 05:00:00,,,,,,,1529.0,1529.0,,,0.0,,,0.0
2025-11-27 06:00:00,,,,,,,1533.0,1533.0,,,0.0,,,0.0
2025-11-27 07:00:00,,,,,,,1533.0,1533.0,,,0.0,,,0.0
2025-11-27 08:00:00,,,,,,,2553.0,2552.0,0.9324,0.0,1.0,1.0265,0.0,1.0
2025-11-27 09:00:00,,,,,,,509.0,509.0,0.9328,0.0,1.0,1.3072,0.0,1.0
2025-11-27 10:00:00,,,,,,,2553.0,2552.0,1.14,0.2802,2.0,1.2836,0.3469,2.0
2025-11-27 11:00:00,,,,,,,505.0,504.0,0.7026,0.295,3.0,0.941,0.076299965,3.0
2025-11-27 12:00:00,,,,,,,509.0,509.0,0.3418,0.0,1.0,0.84319997,0.0,1.0
2025-11-27 13:00:00,,,,,,,509.0,509.0,,,0.0,,,0.0
2025-11-27 14:00:00,,,,,,,505.0,505.0,,,0.0,,,0.0
2025-11-27 15:00:00,,,,,,,509.0,509.0,,,0.0,,,0.0
2025-11-27 16:00:00,,,,,,,1533.0,1533.0,,,0.0,,,0.0
2025-11-27 17:00:00,,,,,,,1533.0,1533.0,,,0.0,,,0.0
2025-11-27 18:00:00,,,,,,,1533.0,1533.0,,,0.0,,,0.0
2025-11-27 19:00:00,,,,,,,1533.0,1533.0,,,0.0,,,0.0
2025-11-27 20:00:00,,,,,,,1533.0,1533.0,,,0.0,,,0.0
2025-11-27 21:00:00,,,,,,,1533.0,1533.0,,,0.0,,,0.0
2025-11-27 22:00:00,,,,,,,1533.0,1533.0,,,0.0,,,0.0
2025-11-27 23:00:00,,,,,,,1533.0,1533.0,,,0.0,,,0.0
2025-11-28 00:00:00,,,,,,,1533.0,1533.0,,,0.0,,,0.0
2025-11-28 01:00:00,,,,,,,1533.0,1533.0,,,0.0,,,0.0
2025-11-28 02:00:00,,,,,,,1533.0,1533.0,,,0.0,,,0.0
2025-11-28 03:00:00,,,,,,,1533.0,1533.0,,,0.0,,,0.0
2025-11-28 04:00:00,,,,,,,1533.0,1533.0,,,0.0,,,0.0
2025-11-28 05:00:00,,,,,,,1529.0,1529.0,,,0.0,,,0.0
2025-11-28 06:00:00,,,,,,,1529.0,1529.0,,,0.0,,,0.0
2025-11-28 07:00:00,,,,,,,1533.0,1533.0,,,0.0,,,0.0
2025-11-28 08:00:00,,,,,,,2553.0,2552.0,1.5245999,0.045399997,2.0,0.72239995,0.18589997,2.0
2025-11-28 09:00:00,,,,,,,509.0,509.0,1.3335999,0.051799998,4.0,1.2014999,0.096300006,4.0
2025-11-28 10:00:00,,,,,,,2553.0,2552.0,1.4277999,0.1068,5.0,1.7035,0.27109998,5.0
2025-11-28 11:00:00,,,,,,,509.0,509.0,1.5156,0.021399999,2.0,1.2394999,0.027099967,2.0
2025-11-28 12:00:00,,,,,,,509.0,509.0,,,0.0,,,0.0
2025-11-28 13:00:00,,,,,,,509.0,509.0,,,0.0,,,0.0
2025-11-28 14:00:00,,,,,,,509.0,509.0,,,0.0,,,0.0
2025-11-28 15:00:00,,,,,,,505.0,504.0,0.3524,0.0,1.0,0.4278,0.0,1.0
2025-11-28 16:00:00,,,,,,,1533.0,1533.0,,,0.0,,,0.0
2025-11-28 17:00:00,,,,,,,1533.0,1533.0,,,0.0,,,0.0
2025-11-28 18:00:00,,,,,,,1533.0,1533.0,,,0.0,,,0.0
2025-11-28 19:00:00,,,,,,,1533.0,1533.0,,,0.0,,,0.0
2025-11-28 20:00:00,,,,,,,1533.0,1533.0,,,0.0,,,0.0
2025-11-28 21:00:00,,,,,,,1533.0,1533.0,,,0.0,,,0.0
2025-11-28 22:00:00,,,,,,,1533.0,1533.0,,,0.0,,,0.0
2025-11-28 23:00:00,,,,,,,1529.0,1529.0,,,0.0,,,0.0
2025-11-29 00:00:00,,,,,,,1533.0,1533.0,,,0.0,,,0.0
2025-11-29 01:00:00,,,,,,,1529.0,1529.0,,,0.0,,,0.0
2025-11-29 02:00:00,,,,,,,1273.0,1273.0,,,0.0,,,0.0
2025-11-29 03:00:00,,,,,,,1273.0,1273.0,,,0.0,,,0.0
2025-11-29 04:00:00,,,,,,,1529.0,1529.0,,,0.0,,,0.0
2025-11-29 05:00:00,,,,,,,1273.0,1273.0,,,0.0,,,0.0
2025-11-29 06:00:00,,,,,,,1529.0,1529.0,,,0.0,,,0.0
2025-11-29 07:00:00,,,,,,,1529.0,1529.0,,,0.0,,,0.0
2025-11-29 08:00:00,,,,,,,2297.0,2296.0,0.4366,0.0174,3.0,0.92069995,0.2051,3.0
2025-11-29 09:00:00,,,,,,,509.0,509.0,,,0.0,,,0.0
2025-11-29 10:00:00,,,,,,,509.0,509.0,1.8598,0.0,1.0,0.9161999,0.0,1.0
2025-11-29 11:00:00,,,,,,,249.0,249.0,0.8616,0.00059999997,2.0,1.2358999,0.022899985,2.0
2025-11-29 12:00:00,,,,,,,249.0,249.0,0.021,0.0,1.0,0.9843,0.0,1.0
2025-11-29 13:00:00,,,,,,,2553.0,2552.0,0.0762,0.0,1.0,1.0135,0.0,1.0
2025-11-29 14:00:00,,,,,,,505.0,505.0,,,0.0,,,0.0
2025-11-29 15:00:00,,,,,,,249.0,248.0,0.755,0.0,1.0,-0.0343,0.0,1.0
2025-11-29 16:00:00,,,,,,,1533.0,1533.0,0.6446,0.088,5.0,0.037999988,0.0977,5.0
2025-11-29 17:00:00,,,,,,,1533.0,1533.0,,,0.0,,,0.0
2025-11-29 18:00:00,,,,,,,1529.0,1529.0,,,0.0,,,0.0
2025-11-29 19:00:00,,,,,,,1533.0,1533.0,,,0.0,,,0.0
2025-11-29 20:00:00,,,,,,,1533.0,1533.0,,,0.0,,,0.0
2025-11-29 21:00:00,,,,,,,1529.0,1529.0,,,0.0,,,0.0
2025-11-29 22:00:00,,,,,,,1533.0,1533.0,,,0.0,,,0.0
2025-11-29 23:00:00,,,,,,,1529.0,1529.0,,,0.0,,,0.0
2025-11-30 00:00:00,,,,,,,1533.0,1533.0,,,0.0,,,0.0
2025-11-30 01:00:00,,,,,,,1533.0,1533.0,,,0.0,,,0.0
2025-11-30 02:00:00,,,,,,,1533.0,1533.0,,,0.0,,,0.0
2025-11-30 03:00:00,,,,,,,1273.0,1273.0,,,0.0,,,0.0
2025-11-30 04:00:00,,,,,,,1533.0,1533.0,,,0.0,,,0.0
2025-11-30 05:00:00,,,,,,,1273.0,1273.0,,,0.0,,,0.0
2025-11-30 06:00:00,,,,,,,1273.0,1273.0,,,0.0,,,0.0
2025-11-30 07:00:00,,,,,,,1273.0,1273.0,,,0.0,,,0.0
2025-11-30 08:00:00,,,,,,,505.0,505.0,0.012399999,0.0074,2.0,0.91789997,0.005199969,2.0
2025-11-30 09:00:00,,,,,,,505.0,505.0,,,0.0,,,0.0
2025-11-30 10:00:00,,,,,,,505.0,505.0,,,0.0,,,0.0
2025-11-30 11:00:00,,,,,,,505.0,505.0,0.0332,0.0,1.0,0.8026,0.0,1.0
2025-11-30 12:00:00,,,,,,,509.0,509.0,,,0.0,,,0.0
2025-11-30 13:00:00,,,,,,,509.0,509.0,,,0.0,,,0.0
2025-11-30 14:00:00,,,,,,,505.0,505.0,0.0008,0.0008,2.0,0.7565,0.0,1.0
2025-11-30 15:00:00,,,,,,,509.0,509.0,,,0.0,,,0.0
2025-11-30 16:00:00,,,,,,,1273.0,1273.0,0.21239999,0.012,3.0,0.37009996,0.012600005,3.0
2025-11-30 17:00:00,,,,,,,1273.0,1273.0,,,0.0,,,0.0
2025-11-30 18:00:00,,,,,,,1273.0,1273.0,,,0.0,,,0.0
2025-11-30 19:00:00,,,,,,,1273.0,1273.0,,,0.0,,,0.0
2025-11-30 20:00:00,,,,,,,1273.0,1273.0,,,0.0,,,0.0
2025-11-30 21:00:00,,,,,,,1273.0,1273.0,,,0.0,,,0.0
2025-11-30 22:00:00,,,,,,,1529.0,1529.0,,,0.0,,,0.0
2025-11-30 23:00:00,,,,,,,1533.0,1533.0,,,0.0,,,0.0
2025-12-01 00:00:00,,,,,,,1273.0,1273.0,,,0.0,,,0.0
2025-12-01 01:00:00,,,,,,,1273.0,1273.0,,,0.0,,,0.0
2025-12-01 02:00:00,,,,,,,1273.0,1273.0,,,0.0,,,0.0
2025-12-01 03:00:00,,,,,,,1273.0,1273.0,,,0.0,,,0.0
2025-12-01 04:00:00,,,,,,,1529.0,1529.0,,,0.0,,,0.0
2025-12-01 05:00:00,,,,,,,1273.0,1273.0,,,0.0,,,0.0
2025-12-01 06:00:00,,,,,,,1273.0,1273.0,,,0.0,,,0.0
2025-12-01 07:00:00,,,,,,,1273.0,1273.0,,,0.0,,,0.0
2025-12-01 08:00:00,,,,,,,249.0,249.0,0.1344,0.025799999,2.0,0.8657,0.008599997,2.0
2025-12-01 09:00:00,,,,,,,509.0,509.0,0.0374,0.0,1.0,1.7653,0.0,1.0
2025-12-01 10:00:00,,,,,,,509.0,509.0,,,0.0,,,0.0
2025-12-01 11:00:00,,,,,,,249.0,249.0,,,0.0,,,0.0
2025-12-01 12:00:00,,,,,,,505.0,505.0,,,0.0,,,0.0
2025-12-01 13:00:00,,,,,,,505.0,504.0,0.088,0.0,1.0,1.3413999,0.0,1.0
2025-12-01 14:00:00,,,,,,,505.0,505.0,0.093399994,0.0266,5.0,1.2821,0.092400014,5.0
2025-12-01 15:00:00,,,,,,,2553.0,2552.0,0.051599998,0.0,1.0,1.2939,0.0,1.0
2025-12-01 16:00:00,,,,,,,1529.0,1529.0,0.255,0.0896,5.0,0.594,0.28759998,5.0
2025-12-01 17:00:00,,,,,,,1533.0,1533.0,,,0.0,,,0.0
2025-12-01 18:00:00,,,,,,,1533.0,1533.0,,,0.0,,,0.0
2025-12-01 19:00:00,,,,,,,1533.0,1533.0,,,0.0,,,0.0
2025-12-01 20:00:00,,,,,,,1533.0,1533.0,,,0.0,,,0.0
2025-12-01 21:00:00,,,,,,,1533.0,1533.0,,,0.0,,,0.0
2025-12-01 22:00:00,,,,,,,1533.0,1533.0,,,0.0,,,0.0
2025-12-01 23:00:00,,,,,,,1273.0,1273.0,,,0.0,,,0.0
2025-12-02 00:00:00,,,,,,,1529.0,1529.0,,,0.0,,,0.0
2025-12-02 01:00:00,,,,,,,1529.0,1529.0,,,0.0,,,0.0
2025-12-02 02:00:00,,,,,,,1533.0,1533.0,,,0.0,,,0.0
2025-12-02 03:00:00,,,,,,,1529.0,1529.0,,,0.0,,,0.0
2025-12-02 04:00:00,,,,,,,1533.0,1533.0,,,0.0,,,0.0
2025-12-02 05:00:00,,,,,,,1529.0,1529.0,,,0.0,,,0.0
2025-12-02 06:00:00,,,,,,,1533.0,1533.0,,,0.0,,,0.0
2025-12-02 07:00:00,,,,,,,1533.0,1533.0,,,0.0,,,0.0
2025-12-02 08:00:00,,,,,,,1533.0,1533.0,,,0.0,,,0.0
2025-12-02 09:00:00,,,,,,,509.0,509.0,,,0.0,,,0.0
2025-12-02 10:00:00,,,,,,,509.0,509.0,,,0.0,,,0.0
2025-12-02 11:00:00,,,,,,,509.0,509.0,,,0.0,,,0.0
2025-12-02 12:00:00,,,,,,,509.0,509.0,,,0.0,,,0.0
2025-12-02 13:00:00,,,,,,,509.0,509.0,,,0.0,,,0.0
2025-12-02 14:00:00,,,,,,,509.0,509.0,,,0.0,,,0.0
2025-12-02 15:00:00,,,,,,,509.0,509.0,,,0.0,,,0.0
2025-12-02 16:00:00,,,,,,,509.0,509.0,,,0.0,,,0.0
2025-12-02 17:00:00,,,,,,,1529.0,1529.0,,,0.0,,,0.0
2025-12-02 18:00:00,,,,,,0.0001,1533.0,1341.0,,,0.0,,,0.0
2025-12-02 19:00:00,,,,,,,1533.0,1533.0,,,0.0,,,0.0
2025-12-02 20:00:00,,,,,,,1533.0,1533.0,,,0.0,,,0.0
2025-12-02 21:00:00,,,,,,,1273.0,1273.0,,,0.0,,,0.0
2025-12-02 22:00:00,,,,,,,1533.0,1533.0,,,0.0,,,0.0
2025-12-02 23:00:00,,,,,,,1533.0,1533.0,,,0.0,,,0.0
2025-12-03 00:00:00,,,,,,,1533.0,1533.0,,,0.0,,,0.0
2025-12-03 01:00:00,,,,,,,1273.0,1273.0,,,0.0,,,0.0
2025-12-03 02:00:00,,,,,,,1533.0,1533.0,,,0.0,,,0.0
2025-12-03 03:00:00,,,,,,,1533.0,1533.0,,,0.0,,,0.0
2025-12-03 04:00:00,,,,,,,1529.0,1529.0,,,0.0,,,0.0
2025-12-03 05:00:00,,,,,,,1533.0,1533.0,,,0.0,,,0.0
2025-12-03 06:00:00,,,,,,,1533.0,1533.0,,,0.0,,,0.0
2025-12-03 07:00:00,,,,,,,1533.0,1533.0,,,0.0,,,0.0
2025-12-03 08:00:00,,,,,,,1533.0,1533.0,,,0.0,,,0.0
2025-12-03 09:00:00,,,,,,,509.0,509.0,,,0.0,,,0.0
2025-12-03 10:00:00,,,,,,,509.0,509.0,,,0.0,,,0.0
2025-12-03 11:00:00,,,,,,,509.0,509.0,,,0.0,,,0.0
2025-12-03 12:00:00,,,,,,,509.0,509.0,,,0.0,,,0.0
2025-12-03 13:00:00,,,,,,,509.0,509.0,,,0.0,,,0.0
2025-12-03 14:00:00,,,,,,,509.0,509.0,,,0.0,,,0.0
2025-12-03 15:00:00,,,,,,,509.0,509.0,,,0.0,,,0.0
2025-12-03 16:00:00,,,,,,,509.0,509.0,,,0.0,,,0.0
2025-12-03 17:00:00,,,,,,,1533.0,1533.0,,,0.0,,,0.0
2025-12-03 18:00:00,,,,,,,1533.0,1533.0,,,0.0,,,0.0
2025-12-03 19:00:00,,,,,,,1533.0,1533.0,,,0.0,,,0.0
2025-12-03 20:00:00,,,,,,,1533.0,1533.0,,,0.0,,,0.0
2025-12-03 21:00:00,,,,,,,1533.0,1533.0,,,0.0,,,0.0
2025-12-03 22:00:00,,,,,,,1533.0,1533.0,,,0.0,,,0.0
2025-12-03 23:00:00,,,,,,,1273.0,1273.0,,,0.0,,,0.0
2025-12-04 00:00:00,,,,,,,1529.0,1529.0,,,0.0,,,0.0
2025-12-04 01:00:00,,,,,,,1533.0,1533.0,,,0.0,,,0.0
2025-12-04 02:00:00,,,,,,,1273.0,1273.0,,,0.0,,,0.0
2025-12-04 03:00:00,,,,,,,1529.0,1529.0,,,0.0,,,0.0
2025-12-04 04:00:00,,,,,,,1533.0,1533.0,,,0.0,,,0.0
2025-12-04 05:00:00,,,,,,,1533.0,1533.0,,,0.0,,,0.0
2025-12-04 06:00:00,,,,,,,1533.0,1533.0,,,0.0,,,0.0
2025-12-04 07:00:00,,,,,,,1533.0,1533.0,,,0.0,,,0.0
2025-12-04 08:00:00,,,,,,,509.0,509.0,,,0.0,,,0.0
2025-12-04 09:00:00,,,,,,,509.0,509.0,,,0.0,,,0.0
2025-12-04 10:00:00,,,,,,,509.0,509.0,,,0.0,,,0.0
2025-12-04 11:00:00,,,,,,,509.0,509.0,,,0.0,,,0.0
2025-12-04 12:00:00,,,,,,,509.0,509.0,,,0.0,,,0.0
2025-12-04 13:00:00,,,,,,,509.0,509.0,,,0.0,,,0.0
2025-12-04 14:00:00,,,,,,,509.0,509.0,,,0.0,,,0.0
2025-12-04 15:00:00,,,,,,,509.0,509.0,,,0.0,,,0.0
2025-12-04 16:00:00,,,,,,,1533.0,1533.0,,,0.0,,,0.0
2025-12-04 17:00:00,,,,,,,1533.0,1533.0,,,0.0,,,0.0
2025-12-04 18:00:00,,,,,,,1529.0,1529.0,,,0.0,,,0.0
2025-12-04 19:00:00,,,,,,,1529.0,1529.0,,,0.0,,,0.0
2025-12-04 20:00:00,,,,,,,1529.0,1529.0,,,0.0,,,0.0
2025-12-04 21:00:00,,,,,,,1529.0,1529.0,,,0.0,,,0.0
2025-12-04 22:00:00,,,,,,,1533.0,1533.0,,,0.0,,,0.0
2025-12-04 23:00:00,,,,,,,1533.0,1533.0,,,0.0,,,0.0
2025-12-05 00:00:00,,,,,,,1529.0,1529.0,,,0.0,,,0.0
2025-12-05 01:00:00,,,,,,,1529.0,1529.0,,,0.0,,,0.0
2025-12-05 02:00:00,,,,,,,1273.0,1273.0,,,0.0,,,0.0
2025-12-05 03:00:00,,,,,,,1273.0,1273.0,,,0.0,,,0.0
2025-12-05 04:00:00,,,,,,,1273.0,1273.0,,,0.0,,,0.0
2025-12-05 05:00:00,,,,,,,1273.0,1273.0,,,0.0,,,0.0
2025-12-05 06:00:00,,,,,,,1529.0,1529.0,,,0.0,,,0.0
2025-12-05 07:00:00,,,,,,,1529.0,1529.0,,,0.0,,,0.0
2025-12-05 08:00:00,,,,,,,509.0,509.0,,,0.0,,,0.0
2025-12-05 09:00:00,,,,,,,509.0,509.0,,,0.0,,,0.0
2025-12-05 10:00:00,,,,,,,509.0,509.0,,,0.0,,,0.0
2025-12-05 11:00:00,,,,,,,509.0,509.0,,,0.0,,,0.0
2025-12-05 12:00:00,,,,,,,509.0,509.0,,,0.0,,,0.0
2025-12-05 13:00:00,,,,,,,509.0,509.0,,,0.0,,,0.0
2025-12-05 14:00:00,,,,,,,509.0,509.0,,,0.0,,,0.0
2025-12-05 15:00:00,,,,,,,509.0,509.0,,,0.0,,,0.0
2025-12-05 16:00:00,,,,,,,1529.0,1529.0,0.5198,0.0,1.0,0.3721,0.0,1.0
2025-12-05 17:00:00,,,,,,,1533.0,1533.0,,,0.0,,,0.0
2025-12-05 18:00:00,,,,,,,1529.0,1529.0,,,0.0,,,0.0
2025-12-05 19:00:00,,,,,,,1533.0,1533.0,,,0.0,,,0.0
2025-12-05 20:00:00,,,,,,,1533.0,1533.0,,,0.0,,,0.0
2025-12-05 21:00:00,,,,,,,1529.0,1529.0,,,0.0,,,0.0
2025-12-05 22:00:00,,,,,,,1529.0,1529.0,,,0.0,,,0.0
2025-12-05 23:00:00,,,,,,,1529.0,1529.0,,,0.0,,,0.0
2025-12-06 00:00:00,,,,,,,1533.0,1533.0,,,0.0,,,0.0
2025-12-06 01:00:00,,,,,,,1533.0,1533.0,,,0.0,,,0.0
2025-12-06 02:00:00,,,,,,,1529.0,1529.0,,,0.0,,,0.0
2025-12-06 03:00:00,,,,,,,1529.0,1529.0,,,0.0,,,0.0
2025-12-06 04:00:00,,,,,,,1529.0,1529.0,,,0.0,,,0.0
2025-12-06 05:00:00,,,,,,,1529.0,1529.0,,,0.0,,,0.0
2025-12-06 06:00:00,,,,,,,1273.0,1273.0,,,0.0,,,0.0
2025-12-06 07:00:00,,,,,,,1533.0,1533.0,,,0.0,,,0.0
2025-12-06 08:00:00,,,,,,,2553.0,2552.0,0.0398,0.0,1.0,0.8663,0.0,1.0
2025-12-06 09:00:00,,,,,,,2553.0,2552.0,0.114999995,0.105399996,6.0,0.8730999,0.019599974,6.0
2025-12-06 10:00:00,,,,,,,509.0,509.0,0.6466,0.45679998,3.0,1.3119999,0.0,2.0
2025-12-06 11:00:00,,,,,,,509.0,509.0,,,0.0,,,0.0
2025-12-06 12:00:00,,,,,,,509.0,509.0,0.117,0.0,1.0,0.9403,0.0,1.0
2025-12-06 13:00:00,,,,,,,509.0,509.0,,,0.0,,,0.0
2025-12-06 14:00:00,,,,,,,509.0,509.0,,,0.0,,,0.0
2025-12-06 15:00:00,,,,,,,509.0,509.0,,,0.0,,,0.0
2025-12-06 16:00:00,,,,,,,1529.0,1529.0,0.3234,0.026999999,2.0,0.5675,0.005800009,2.0
2025-12-06 17:00:00,,,,,,,1273.0,1273.0,,,0.0,,,0.0
2025-12-06 18:00:00,,,,,,,1529.0,1529.0,,,0.0,,,0.0
2025-12-06 19:00:00,,,,,,,1533.0,1533.0,,,0.0,,,0.0
2025-12-06 20:00:00,,,,,,,1533.0,1533.0,,,0.0,,,0.0
2025-12-06 21:00:00,,,,,,,1533.0,1533.0,,,0.0,,,0.0
2025-12-06 22:00:00,,,,,,,1533.0,1533.0,,,0.0,,,0.0
2025-12-06 23:00:00,,,,,,,1273.0,1273.0,,,0.0,,,0.0
2025-12-07 00:00:00,,,,,,,1273.0,1273.0,,,0.0,,,0.0
2025-12-07 01:00:00,,,,,,,1273.0,1273.0,,,0.0,,,0.0
2025-12-07 02:00:00,,,,,,,1273.0,1273.0,,,0.0,,,0.0
2025-12-07 03:00:00,,,,,,,1273.0,1273.0,,,0.0,,,0.0
2025-12-07 04:00:00,,,,,,,1273.0,1273.0,,,0.0,,,0.0
2025-12-07 05:00:00,,,,,,,1273.0,1273.0,,,0.0,,,0.0
2025-12-07 06:00:00,,,,,,,1273.0,1273.0,,,0.0,,,0.0
2025-12-07 07:00:00,,,,,,,1533.0,1533.0,,,0.0,,,0.0
2025-12-07 08:00:00,,,,,,,249.0,249.0,0.0037999998,0.0,1.0,1.0467,0.0,1.0
2025-12-07 09:00:00,,,,,,,505.0,505.0,0.0262,0.0094,3.0,1.0692999,0.005100012,3.0
2025-12-07 10:00:00,,,,,,,2553.0,2552.0,0.0156,0.0,1.0,1.0659,0.0,1.0
2025-12-07 11:00:00,,,,,,,509.0,509.0,0.1322,0.2048,5.0,1.0552,0.00999999,5.0
2025-12-07 12:00:00,,,,,,,505.0,505.0,,,0.0,,,0.0
2025-12-07 13:00:00,,,,,,,249.0,249.0,,,0.0,,,0.0
2025-12-07 14:00:00,,,,,,,505.0,505.0,,,0.0,,,0.0
2025-12-07 15:00:00,,,,,,,509.0,509.0,,,0.0,,,0.0
2025-12-07 16:00:00,,,,,,,1533.0,1533.0,0.44939998,0.058599997,2.0,0.68729997,0.07429999,2.0
2025-12-07 17:00:00,,,,,,,1529.0,1529.0,,,0.0,,,0.0
2025-12-07 18:00:00,,,,,,,1533.0,1533.0,,,0.0,,,0.0
2025-12-07 19:00:00,,,,,,,1533.0,1533.0,,,0.0,,,0.0
2025-12-07 20:00:00,,,,,,,1533.0,1533.0,,,0.0,,,0.0
2025-12-07 21:00:00,,,,,,,1273.0,1273.0,,,0.0,,,0.0
2025-12-07 22:00:00,,,,,,,1533.0,1533.0,,,0.0,,,0.0
2025-12-07 23:00:00,,,,,,,1273.0,1273.0,,,0.0,,,0.0
2025-12-08 00:00:00,,,,,,,1529.0,1529.0,,,0.0,,,0.0
2025-12-08 01:00:00,,,,,,,1533.0,1533.0,,,0.0,,,0.0
2025-12-08 02:00:00,,,,,,,1529.0,1529.0,,,0.0,,,0.0
2025-12-08 03:00:00,,,,,,,1529.0,1529.0,,,0.0,,,0.0
2025-12-08 04:00:00,,,,,,,1529.0,1529.0,,,0.0,,,0.0
2025-12-08 05:00:00,,,,,,,1533.0,1533.0,,,0.0,,,0.0
2025-12-08 06:00:00,,,,,,,1273.0,1273.0,,,0.0,,,0.0
2025-12-08 07:00:00,,,,,,,1529.0,1529.0,,,0.0,,,0.0
2025-12-08 08:00:00,,,,,,,2297.0,2296.0,0.5372,0.038399998,2.0,0.9829999,0.07789999,2.0
2025-12-08 09:00:00,,,,,,,2297.0,2296.0,0.6466,0.24419999,5.0,1.2885,0.16759998,5.0
2025-12-08 10:00:00,,,,,,,509.0,509.0,1.0452,0.0,1.0,1.5019,0.0,1.0
2025-12-08 11:00:00,,,,,,,509.0,509.0,0.778,0.047199998,2.0,1.1097,0.016499996,2.0
2025-12-08 12:00:00,,,,,,,509.0,509.0,,,0.0,,,0.0
2025-12-08 13:00:00,,,,,,,509.0,509.0,,,0.0,,,0.0
2025-12-08 14:00:00,,,,,,,505.0,505.0,,,0.0,,,0.0
2025-12-08 15:00:00,,,,,,,509.0,509.0,,,0.0,,,0.0
2025-12-08 16:00:00,,,,,,,1529.0,1529.0,,,0.0,,,0.0
2025-12-08 17:00:00,,,,,,,1533.0,1533.0,,,0.0,,,0.0
2025-12-08 18:00:00,,,,,,,1533.0,1533.0,,,0.0,,,0.0
2025-12-08 19:00:00,,,,,,,1533.0,1533.0,,,0.0,,,0.0
2025-12-08 20:00:00,,,,,,,1533.0,1533.0,,,0.0,,,0.0
2025-12-08 21:00:00,,,,,,,1533.0,1533.0,,,0.0,,,0.0
2025-12-08 22:00:00,,,,,,,1529.0,1529.0,,,0.0,,,0.0
2025-12-08 23:00:00,,,,,,,1533.0,1533.0,,,0.0,,,0.0
2025-12-09 00:00:00,,,,,,,1533.0,1533.0,,,0.0,,,0.0
2025-12-09 01:00:00,,,,,,,1533.0,1533.0,,,0.0,,,0.0
2025-12-09 02:00:00,,,,,,,1533.0,1533.0,,,0.0,,,0.0
2025-12-09 03:00:00,,,,,,,1533.0,1533.0,,,0.0,,,0.0
2025-12-09 04:00:00,,,,,,,1529.0,1529.0,,,0.0,,,0.0
2025-12-09 05:00:00,,,,,,,1533.0,1533.0,,,0.0,,,0.0
2025-12-09 06:00:00,,,,,,,1533.0,1533.0,,,0.0,,,0.0
2025-12-09 07:00:00,,,,,,,1529.0,1529.0,,,0.0,,,0.0
2025-12-09 08:00:00,,,,,,,505.0,504.0,0.5414,0.0,1.0,0.5101,0.0,1.0
2025-12-09 09:00:00,0.24039999,,,,,,449.0,505.0,0.2436,0.0412,5.0,0.99249995,0.012699962,5.0
2025-12-09 10:00:00,0.19479999,,,,,,449.0,505.0,0.024799999,0.023,2.0,0.949,0.04879999,2.0
2025-12-09 11:00:00,,,,,,,509.0,509.0,0.48279998,0.0,1.0,0.9297999,0.0,1.0
2025-12-09 12:00:00,,,,,,,505.0,505.0,,,0.0,,,0.0
2025-12-09 13:00:00,,,,,,,509.0,509.0,,,0.0,,,0.0
2025-12-09 14:00:00,,,,,,,509.0,509.0,,,0.0,,,0.0
2025-12-09 15:00:00,,,,,,,509.0,509.0,,,0.0,,,0.0
2025-12-09 16:00:00,,,,,,,509.0,509.0,0.8738,0.0,1.0,0.4314,0.0,1.0
2025-12-09 17:00:00,,,,,,,1533.0,1533.0,,,0.0,,,0.0
2025-12-09 18:00:00,,,,,,,1529.0,1529.0,,,0.0,,,0.0
2025-12-09 19:00:00,,,,,,,1533.0,1533.0,,,0.0,,,0.0
2025-12-09 20:00:00,,,,,,,1533.0,1533.0,,,0.0,,,0.0
2025-12-09 21:00:00,,,,,,,1533.0,1533.0,,,0.0,,,0.0
2025-12-09 22:00:00,,,,,,,1533.0,1533.0,,,0.0,,,0.0
2025-12-09 23:00:00,,,,,,,1533.0,1533.0,,,0.0,,,0.0
2025-12-10 00:00:00,,,,,,,1533.0,1533.0,,,0.0,,,0.0
2025-12-10 01:00:00,,,,,,,1529.0,1529.0,,,0.0,,,0.0
2025-12-10 02:00:00,,,,,,,1533.0,1533.0,,,0.0,,,0.0
2025-12-10 03:00:00,,,,,,,1533.0,1533.0,,,0.0,,,0.0
2025-12-10 04:00:00,,,,,,,1533.0,1533.0,,,0.0,,,0.0
2025-12-10 05:00:00,,,,,,,1533.0,1533.0,,,0.0,,,0.0
2025-12-10 06:00:00,,,,,,,1533.0,1533.0,,,0.0,,,0.0
2025-12-10 07:00:00,,,,,,,1533.0,1533.0,,,0.0,,,0.0
2025-12-10 08:00:00,,,,,,,509.0,509.0,,,0.0,,,0.0
2025-12-10 09:00:00,,,,,,,509.0,509.0,,,0.0,,,0.0
2025-12-10 10:00:00,,,,,,,2553.0,2552.0,1.462,0.0,1.0,1.0144,0.0,1.0
2025-12-10 11:00:00,,,,,,,509.0,509.0,,,0.0,,,0.0
2025-12-10 12:00:00,,,,,,,509.0,509.0,,,0.0,,,0.0
2025-12-10 13:00:00,,,,,,,509.0,509.0,,,0.0,,,0.0
2025-12-10 14:00:00,,,,,,,509.0,509.0,,,0.0,,,0.0
2025-12-10 15:00:00,,,,,,,509.0,509.0,,,0.0,,,0.0
2025-12-10 16:00:00,,,,,,,1533.0,1533.0,,,0.0,,,0.0
2025-12-10 17:00:00,,,,,,,1533.0,1533.0,,,0.0,,,0.0
2025-12-10 18:00:00,,,,,,,1533.0,1533.0,,,0.0,,,0.0
2025-12-10 19:00:00,,,,,,,1533.0,1533.0,,,0.0,,,0.0
2025-12-10 20:00:00,,,,,,,1533.0,1533.0,,,0.0,,,0.0
2025-12-10 21:00:00,,,,,,,1529.0,1529.0,,,0.0,,,0.0
2025-12-10 22:00:00,,,,,,,1533.0,1533.0,,,0.0,,,0.0
2025-12-10 23:00:00,,,,,,,1533.0,1533.0,,,0.0,,,0.0
2025-12-11 00:00:00,,,,,,,1529.0,1529.0,,,0.0,,,0.0
2025-12-11 01:00:00,,,,,,,1533.0,1533.0,,,0.0,,,0.0
2025-12-11 02:00:00,,,,,,,1533.0,1533.0,,,0.0,,,0.0
2025-12-11 03:00:00,,,,,,,1529.0,1529.0,,,0.0,,,0.0
2025-12-11 04:00:00,,,,,,,1533.0,1533.0,,,0.0,,,0.0
2025-12-11 05:00:00,,,,,,,1533.0,1533.0,,,0.0,,,0.0
2025-12-11 06:00:00,,,,,,,1533.0,1533.0,,,0.0,,,0.0
2025-12-11 07:00:00,,,,,,,1533.0,1533.0,,,0.0,,,0.0
2025-12-11 08:00:00,,,,,,,509.0,509.0,,,0.0,,,0.0
2025-12-11 09:00:00,,,,,,,509.0,509.0,,,0.0,,,0.0
2025-12-11 10:00:00,,,,,,,505.0,504.0,1.3894,0.0,1.0,0.6316,0.0,1.0
2025-12-11 11:00:00,,,,,,,509.0,509.0,,,0.0,,,0.0
2025-12-11 12:00:00,,,,,,,509.0,509.0,,,0.0,,,0.0
2025-12-11 13:00:00,,,,,,,509.0,509.0,,,0.0,,,0.0
2025-12-11 14:00:00,,,,,,,509.0,509.0,,,0.0,,,0.0
2025-12-11 15:00:00,,,,,,,505.0,505.0,,,0.0,,,0.0
2025-12-11 16:00:00,,,,,,,1529.0,1529.0,,,0.0,,,0.0
2025-12-11 17:00:00,,,,,,,1533.0,1533.0,,,0.0,,,0.0
2025-12-11 18:00:00,,,,,,,1533.0,1533.0,,,0.0,,,0.0
2025-12-11 19:00:00,,,,,,,1529.0,1529.0,,,0.0,,,0.0
2025-12-11 20:00:00,,,,,,,1533.0,1533.0,,,0.0,,,0.0
2025-12-11 21:00:00,,,,,,,1533.0,1533.0,,,0.0,,,0.0
2025-12-11 22:00:00,,,,,,,1533.0,1533.0,,,0.0,,,0.0
2025-12-11 23:00:00,,,,,,,1273.0,1273.0,,,0.0,,,0.0
2025-12-12 00:00:00,,,,,,,1273.0,1273.0,,,0.0,,,0.0
2025-12-12 01:00:00,,,,,,,1273.0,1273.0,,,0.0,,,0.0
2025-12-12 02:00:00,,,,,,,1533.0,1533.0,,,0.0,,,0.0
2025-12-12 03:00:00,,,,,,,1273.0,1273.0,,,0.0,,,0.0
2025-12-12 04:00:00,,,,,,,1273.0,1273.0,,,0.0,,,0.0
2025-12-12 05:00:00,,,,,,,1273.0,1273.0,,,0.0,,,0.0
2025-12-12 06:00:00,,,,,,,1273.0,1273.0,,,0.0,,,0.0
2025-12-12 07:00:00,,,,,,,1273.0,1273.0,,,0.0,,,0.0
2025-12-12 08:00:00,,,,,,,2297.0,2296.0,0.27339998,0.033,3.0,0.8966,0.1602,3.0
2025-12-12 09:00:00,0.3468,,,,,,2241.0,2296.0,0.587,0.2796,4.0,1.3879,0.20050001,4.0
2025-12-12 10:00:00,,,,,,,2297.0,2296.0,0.8836,0.27519998,2.0,1.3526,0.3128,2.0
2025-12-12 11:00:00,,,,,,,505.0,505.0,0.38459998,0.133,4.0,1.0092,0.01730001,4.0
2025-12-12 12:00:00,,,,,,,509.0,509.0,0.0046,0.0,1.0,1.008,0.0,1.0
2025-12-12 13:00:00,,,,,,,509.0,509.0,,,0.0,,,0.0
2025-12-12 14:00:00,,,,,,,509.0,509.0,,,0.0,,,0.0
2025-12-12 15:00:00,,,,,,,509.0,509.0,,,0.0,,,0.0
2025-12-12 16:00:00,,,,,,,1533.0,1533.0,,,0.0,,,0.0
2025-12-12 17:00:00,,,,,,,1533.0,1533.0,,,0.0,,,0.0
2025-12-12 18:00:00,,,,,,,1533.0,1533.0,,,0.0,,,0.0
2025-12-12 19:00:00,,,,,,,1529.0,1529.0,,,0.0,,,0.0
2025-12-12 20:00:00,,,,,,,1529.0,1529.0,,,0.0,,,0.0
2025-12-12 21:00:00,,,,,,,1273.0,1273.0,,,0.0,,,0.0
2025-12-12 22:00:00,,,,,,,1533.0,1533.0,,,0.0,,,0.0
2025-12-12 23:00:00,,,,,,,1529.0,1529.0,,,0.0,,,0.0
2025-12-13 00:00:00,,,,,,,1533.0,1533.0,,,0.0,,,0.0
2025-12-13 01:00:00,,,,,,,1273.0,1273.0,,,0.0,,,0.0
2025-12-13 02:00:00,,,,,,,1529.0,1529.0,,,0.0,,,0.0
2025-12-13 03:00:00,,,,,,,1529.0,1529.0,,,0.0,,,0.0
2025-12-13 04:00:00,,,,,,,1533.0,1533.0,,,0.0,,,0.0
2025-12-13 05:00:00,,,,,,,1529.0,1529.0,,,0.0,,,0.0
2025-12-13 06:00:00,,,,,,,1533.0,1533.0,,,0.0,,,0.0
2025-12-13 07:00:00,,,,,,,1533.0,1533.0,,,0.0,,,0.0
2025-12-13 08:00:00,,,,,,,509.0,509.0,,,0.0,,,0.0
2025-12-13 09:00:00,,,,,,,509.0,509.0,,,0.0,,,0.0
2025-12-13 10:00:00,,,,,,,509.0,509.0,,,0.0,,,0.0
2025-12-13 11:00:00,,,,,,,509.0,509.0,,,0.0,,,0.0
2025-12-13 12:00:00,,,,,,,509.0,509.0,,,0.0,,,0.0
2025-12-13 13:00:00,,,,,,,509.0,509.0,,,0.0,,,0.0
2025-12-13 14:00:00,,,,,,,509.0,509.0,,,0.0,,,0.0
2025-12-13 15:00:00,,,,,,,509.0,509.0,,,0.0,,,0.0
2025-12-13 16:00:00,,,,,,,1529.0,1529.0,,,0.0,,,0.0
2025-12-13 17:00:00,,,,,,,1533.0,1533.0,,,0.0,,,0.0
2025-12-13 18:00:00,,,,,,,1533.0,1533.0,,,0.0,,,0.0
2025-12-13 19:00:00,,,,,,,1533.0,1533.0,,,0.0,,,0.0
2025-12-13 20:00:00,,,,,,,1533.0,1533.0,,,0.0,,,0.0
2025-12-13 21:00:00,,,,,,,1533.0,1533.0,,,0.0,,,0.0
2025-12-13 22:00:00,,,,,,,1533.0,1533.0,,,0.0,,,0.0
2025-12-13 23:00:00,,,,,,,1529.0,1529.0,,,0.0,,,0.0
2025-12-14 00:00:00,,,,,,,1529.0,1529.0,,,0.0,,,0.0
2025-12-14 01:00:00,,,,,,,1529.0,1529.0,,,0.0,,,0.0
2025-12-14 02:00:00,,,,,,,1529.0,1529.0,,,0.0,,,0.0
2025-12-14 03:00:00,,,,,,,1533.0,1533.0,,,0.0,,,0.0
2025-12-14 04:00:00,,,,,,,1529.0,1529.0,,,0.0,,,0.0
2025-12-14 05:00:00,,,,,,,1529.0,1529.0,,,0.0,,,0.0
2025-12-14 06:00:00,,,,,,,1273.0,1273.0,,,0.0,,,0.0
2025-12-14 07:00:00,,,,,,,1533.0,1533.0,,,0.0,,,0.0
2025-12-14 08:00:00,,,,,,,249.0,248.0,0.26839998,0.114,3.0,0.72609997,0.15309995,3.0
2025-12-14 09:00:00,,,,,,,505.0,504.0,0.3798,0.1012,5.0,0.66859996,0.087499976,5.0
2025-12-14 10:00:00,,,,,,,505.0,504.0,0.18339999,0.1938,5.0,0.86029994,0.1667,5.0
2025-12-14 11:00:00,,,,,,,509.0,509.0,0.1008,0.0616,5.0,0.977,0.05070001,5.0
2025-12-14 12:00:00,,,,,,,509.0,509.0,0.442,0.1126,4.0,0.8184999,0.065999985,4.0
2025-12-14 13:00:00,,,,,,,509.0,509.0,,,0.0,,,0.0
2025-12-14 14:00:00,,,,,,,509.0,509.0,0.1612,0.0,1.0,1.0325999,0.0,1.0
2025-12-14 15:00:00,,,,,,,505.0,504.0,0.6712,0.24679999,3.0,0.68929994,0.23069996,3.0
2025-12-14 16:00:00,,,,,,,1533.0,1533.0,,,0.0,,,0.0
2025-12-14 17:00:00,,,,,,,1533.0,1533.0,,,0.0,,,0.0
2025-12-14 18:00:00,,,,,,,1533.0,1533.0,,,0.0,,,0.0
2025-12-14 19:00:00,,,,,,,1533.0,1533.0,,,0.0,,,0.0
2025-12-14 20:00:00,,,,,,,1533.0,1533.0,,,0.0,,,0.0
2025-12-14 21:00:00,,,,,,,1533.0,1533.0,,,0.0,,,0.0
2025-12-14 22:00:00,,,,,,,1529.0,1529.0,,,0.0,,,0.0
2025-12-14 23:00:00,,,,,,,1529.0,1529.0,,,0.0,,,0.0
2025-12-15 00:00:00,,,,,,,1533.0,1533.0,,,0.0,,,0.0
2025-12-15 01:00:00,,,,,,,1529.0,1529.0,,,0.0,,,0.0
2025-12-15 02:00:00,,,,,,,1273.0,1273.0,,,0.0,,,0.0
2025-12-15 03:00:00,,,,,,,1533.0,1533.0,,,0.0,,,0.0
2025-12-15 04:00:00,,,,,,,1529.0,1529.0,,,0.0,,,0.0
2025-12-15 05:00:00,,,,,,,1533.0,1533.0,,,0.0,,,0.0
2025-12-15 06:00:00,,,,,,,1533.0,1533.0,,,0.0,,,0.0
2025-12-15 07:00:00,,,,,,,1533.0,1533.0,,,0.0,,,0.0
2025-12-15 08:00:00,,,,,,,509.0,509.0,0.8458,0.0,1.0,0.7415,0.0,1.0
2025-12-15 09:00:00,,,,,,,509.0,509.0,,,0.0,,,0.0
2025-12-15 10:00:00,,,,,,,509.0,509.0,0.22379999,0.066199996,4.0,1.0074999,0.06159997,4.0
2025-12-15 11:00:00,,,,,,,509.0,509.0,0.15699999,0.085999995,4.0,0.9858999,0.0747,4.0
2025-12-15 12:00:00,,,,,,,509.0,509.0,1.0342,0.1292,3.0,0.9891,0.014100015,3.0
2025-12-15 13:00:00,,,,,,,509.0,509.0,,,0.0,,,0.0
2025-12-15 14:00:00,,,,,,,505.0,504.0,0.169,0.1546,2.0,0.95449996,0.1361,2.0
2025-12-15 15:00:00,,,,,,,2297.0,2296.0,0.38939998,0.2356,6.0,0.6818,0.2439,6.0
2025-12-15 16:00:00,,,,,,,1529.0,1529.0,0.182,0.114199996,2.0,0.9139999,0.15219998,2.0
2025-12-15 17:00:00,,,,,,,1533.0,1533.0,,,0.0,,,0.0
2025-12-15 18:00:00,,,,,,,1533.0,1533.0,,,0.0,,,0.0
2025-12-15 19:00:00,,,,,,,1533.0,1533.0,,,0.0,,,0.0
2025-12-15 20:00:00,,,,,,,1533.0,1533.0,,,0.0,,,0.0
2025-12-15 21:00:00,,,,,,,1533.0,1533.0,,,0.0,,,0.0
2025-12-15 22:00:00,,,,,,,1533.0,1533.0,,,0.0,,,0.0
2025-12-15 23:00:00,,,,,,,1533.0,1533.0,,,0.0,,,0.0
2025-12-16 00:00:00,,,,,,,1533.0,1533.0,,,0.0,,,0.0
2025-12-16 01:00:00,,,,,,,1533.0,1533.0,,,0.0,,,0.0
2025-12-16 02:00:00,,,,,,,1533.0,1533.0,,,0.0,,,0.0
2025-12-16 03:00:00,,,,,,,1533.0,1533.0,,,0.0,,,0.0
2025-12-16 04:00:00,,,,,,,1533.0,1533.0,,,0.0,,,0.0
2025-12-16 05:00:00,,,,,,,1529.0,1529.0,,,0.0,,,0.0
2025-12-16 06:00:00,,,,,,,1529.0,1529.0,,,0.0,,,0.0
2025-12-16 07:00:00,,,,,,,1529.0,1529.0,,,0.0,,,0.0
2025-12-16 08:00:00,,,,,,,509.0,509.0,0.56299996,0.1354,2.0,0.7391,0.0176,2.0
2025-12-16 09:00:00,,,,,,,509.0,509.0,,,0.0,,,0.0
2025-12-16 10:00:00,,,,,,,249.0,248.0,0.14299999,0.017199999,2.0,0.85449994,0.0033000112,2.0
2025-12-16 11:00:00,,0.0,,3.2768,,0.0001,248.0,0.0,,,0.0,,,0.0
2025-12-16 12:00:00,,,,,,,249.0,248.0,0.3208,0.0648,2.0,0.87029994,0.009000003,2.0
2025-12-16 13:00:00,,,,,,,2553.0,2552.0,0.333,0.0,1.0,0.9483,0.0,1.0
2025-12-16 14:00:00,,,,,,,505.0,504.0,0.1906,0.0424,2.0,1.0042,0.0022000074,2.0
2025-12-16 15:00:00,,,,,,,509.0,509.0,,,0.0,,,0.0
2025-12-16 16:00:00,,,,,,,1533.0,1533.0,,,0.0,,,0.0
2025-12-16 17:00:00,,,,,,,1533.0,1533.0,,,0.0,,,0.0
2025-12-16 18:00:00,,,,,,,1533.0,1533.0,,,0.0,,,0.0
2025-12-16 19:00:00,,,,,,,1533.0,1533.0,,,0.0,,,0.0
2025-12-16 20:00:00,,,,,,,1533.0,1533.0,,,0.0,,,0.0
2025-12-16 21:00:00,,,,,,,1533.0,1533.0,,,0.0,,,0.0
2025-12-16 22:00:00,,,,,,,1533.0,1533.0,,,0.0,,,0.0
2025-12-16 23:00:00,,,,,,,1529.0,1529.0,,,0.0,,,0.0
2025-12-17 00:00:00,,,,,,,1533.0,1533.0,,,0.0,,,0.0
2025-12-17 01:00:00,,,,,,,1533.0,1533.0,,,0.0,,,0.0
2025-12-17 02:00:00,,,,,,,1533.0,1533.0,,,0.0,,,0.0
2025-12-17 03:00:00,,,,,,,1529.0,1529.0,,,0.0,,,0.0
2025-12-17 04:00:00,,,,,,,1273.0,1273.0,,,0.0,,,0.0
2025-12-17 05:00:00,,,,,,,1529.0,1529.0,,,0.0,,,0.0
2025-12-17 06:00:00,,,,,,,1273.0,1273.0,,,0.0,,,0.0
2025-12-17 07:00:00,,,,,,,1529.0,1529.0,,,0.0,,,0.0
2025-12-17 08:00:00,,,,,,,505.0,504.0,0.2798,0.0448,3.0,0.9424,0.035699964,3.0
2025-12-17 09:00:00,,,,,,,509.0,509.0,0.28219998,0.030399999,4.0,0.9937999,0.066299975,4.0
2025-12-17 10:00:00,,,,,,,509.0,509.0,0.1498,0.0266,3.0,0.949,0.019499958,3.0
2025-12-17 11:00:00,,,,,,,509.0,509.0,0.6516,0.0,1.0,0.90639997,0.0,1.0
2025-12-17 12:00:00,,,,,,,509.0,509.0,0.7894,0.0,1.0,0.8937,0.0,1.0
2025-12-17 13:00:00,,,,,,,509.0,509.0,0.46379998,0.06,4.0,0.9267,0.02429998,4.0
2025-12-17 14:00:00,,,,,,,509.0,509.0,,,0.0,,,0.0
2025-12-17 15:00:00,,,,,,,509.0,509.0,,,0.0,,,0.0
2025-12-17 16:00:00,,,,,,,1533.0,1533.0,,,0.0,,,0.0
2025-12-17 17:00:00,,,,,,,1533.0,1533.0,,,0.0,,,0.0
2025-12-17 18:00:00,,,,,,,1533.0,1533.0,,,0.0,,,0.0
2025-12-17 19:00:00,,,,,,,1533.0,1533.0,,,0.0,,,0.0
2025-12-17 20:00:00,,,,,,,1529.0,1529.0,,,0.0,,,0.0
2025-12-17 21:00:00,,,,,,,1529.0,1529.0,,,0.0,,,0.0
2025-12-17 22:00:00,,,,,,,1533.0,1533.0,,,0.0,,,0.0
2025-12-17 23:00:00,,,,,,,1533.0,1533.0,,,0.0,,,0.0
2025-12-18 00:00:00,,,,,,,1533.0,1533.0,,,0.0,,,0.0
2025-12-18 01:00:00,,,,,,,1273.0,1273.0,,,0.0,,,0.0
2025-12-18 02:00:00,,,,,,,1533.0,1533.0,,,0.0,,,0.0
2025-12-18 03:00:00,,,,,,,1533.0,1533.0,,,0.0,,,0.0
2025-12-18 04:00:00,,,,,,,1529.0,1529.0,,,0.0,,,0.0
2025-12-18 05:00:00,,,,,,,1533.0,1533.0,,,0.0,,,0.0
2025-12-18 06:00:00,,,,,,,1529.0,1529.0,,,0.0,,,0.0
2025-12-18 08:00:00,,,,,,,509.0,509.0,,,0.0,,,0.0
2025-12-18 09:00:00,,,,,,,509.0,509.0,0.074,0.0,1.0,0.8959,0.0,1.0
2025-12-18 10:00:00,,,,,,,505.0,504.0,0.1472,0.0,1.0,0.8844,0.0,1.0
2025-12-18 11:00:00,,,,,,,249.0,248.0,0.123399995,0.1122,6.0,0.93649995,0.05129999,6.0
2025-12-18 12:00:00,,,,,,,505.0,505.0,0.35799998,0.0358,4.0,0.9074,0.023999989,4.0
2025-12-18 13:00:00,,,,,,,505.0,505.0,0.2262,0.0,1.0,0.9699,0.0,1.0
2025-12-18 14:00:00,,,,,,,505.0,504.0,0.214,0.0,1.0,0.8680999,0.0,1.0
2025-12-18 15:00:00,,,,,,,509.0,509.0,0.39,0.18519999,5.0,0.7113999,0.13069999,5.0
2025-12-18 16:00:00,,,,,,,1529.0,1529.0,0.1136,0.031799998,2.0,0.8923,0.0027999878,2.0
2025-12-18 17:00:00,,,,,,,1533.0,1533.0,,,0.0,,,0.0
2025-12-18 18:00:00,,,,,,,1533.0,1533.0,,,0.0,,,0.0
2025-12-18 19:00:00,,,,,,,1533.0,1533.0,,,0.0,,,0.0
2025-12-18 20:00:00,,,,,,,1533.0,1533.0,,,0.0,,,0.0
2025-12-18 21:00:00,,,,,,,1529.0,1529.0,,,0.0,,,0.0
2025-12-18 22:00:00,,,,,,,1273.0,1273.0,,,0.0,,,0.0
2025-12-18 23:00:00,,,,,,,1273.0,1273.0,,,0.0,,,0.0
2025-12-19 00:00:00,,,,,,,1273.0,1273.0,,,0.0,,,0.0
2025-12-19 01:00:00,,,,,,,1529.0,1529.0,,,0.0,,,0.0
2025-12-19 02:00:00,,,,,,,1529.0,1529.0,,,0.0,,,0.0
2025-12-19 03:00:00,,,,,,,1273.0,1273.0,,,0.0,,,0.0
2025-12-19 04:00:00,,,,,,,1273.0,1273.0,,,0.0,,,0.0
2025-12-19 05:00:00,,,,,,,1273.0,1273.0,,,0.0,,,0.0
2025-12-19 06:00:00,,,,,,,1533.0,1533.0,,,0.0,,,0.0
2025-12-19 07:00:00,,,,,,,1533.0,1533.0,,,0.0,,,0.0
2025-12-19 08:00:00,,,,,,,509.0,509.0,,,0.0,,,0.0
2025-12-19 09:00:00,,,,,,,509.0,509.0,,,0.0,,,0.0
2025-12-19 10:00:00,,,,,,,509.0,509.0,,,0.0,,,0.0
2025-12-19 11:00:00,,,,,,,505.0,504.0,0.079399996,0.072799996,2.0,0.9699,0.0194,2.0
2025-12-19 12:00:00,,,,,,,509.0,509.0,0.2714,0.0,1.0,0.9749999,0.0,1.0
2025-12-19 13:00:00,,,,,,,509.0,509.0,,,0.0,,,0.0
2025-12-19 14:00:00,,,,,,,509.0,509.0,,,0.0,,,0.0
2025-12-19 15:00:00,,,,,,,509.0,509.0,,,0.0,,,0.0
2025-12-19 16:00:00,,,,,,,1533.0,1533.0,0.2464,0.049799997,2.0,1.0620999,0.022199988,2.0
2025-12-19 17:00:00,,,,,,,1533.0,1533.0,,,0.0,,,0.0
2025-12-19 18:00:00,,,,,,,1533.0,1533.0,,,0.0,,,0.0
2025-12-19 19:00:00,,,,,,,1529.0,1529.0,,,0.0,,,0.0
2025-12-19 20:00:00,,,,,,,1533.0,1533.0,,,0.0,,,0.0
2025-12-19 21:00:00,,,,,,,1533.0,1533.0,,,0.0,,,0.0
2025-12-19 22:00:00,,,,,,,1273.0,1273.0,,,0.0,,,0.0
2025-12-19 23:00:00,,,,,,,1273.0,1273.0,,,0.0,,,0.0
2025-12-20 00:00:00,,,,,,,1273.0,1273.0,,,0.0,,,0.0
2025-12-20 01:00:00,,,,,,,1273.0,1273.0,,,0.0,,,0.0
2025-12-20 02:00:00,,,,,,,1529.0,1529.0,,,0.0,,,0.0
2025-12-20 03:00:00,,,,,,,1273.0,1273.0,,,0.0,,,0.0
2025-12-20 04:00:00,,,,,,,1529.0,1529.0,,,0.0,,,0.0
2025-12-20 05:00:00,,,,,,,1533.0,1533.0,,,0.0,,,0.0
2025-12-20 06:00:00,,,,,,,1273.0,1273.0,,,0.0,,,0.0
2025-12-20 07:00:00,,,,,,,1529.0,1529.0,,,0.0,,,0.0
2025-12-20 08:00:00,,,,,,,509.0,509.0,,,0.0,,,0.0
2025-12-20 09:00:00,,,,,,,509.0,509.0,,,0.0,,,0.0
2025-12-20 10:00:00,,,,,,,509.0,509.0,,,0.0,,,0.0
2025-12-20 11:00:00,,,,,,,509.0,509.0,,,0.0,,,0.0
2025-12-20 12:00:00,,,,,,,509.0,509.0,,,0.0,,,0.0
2025-12-20 13:00:00,,,,,,,509.0,509.0,,,0.0,,,0.0
2025-12-20 14:00:00,,,,,,,2553.0,2552.0,0.5018,0.0,1.0,1.0640999,0.0,1.0
2025-12-20 15:00:00,,,,,,,509.0,509.0,,,0.0,,,0.0
2025-12-20 16:00:00,,,,,,,1533.0,1533.0,0.4594,0.0554,2.0,0.94859993,0.032099962,2.0
2025-12-20 17:00:00,,,,,,,1529.0,1529.0,,,0.0,,,0.0
2025-12-20 18:00:00,,,,,,,1529.0,1529.0,,,0.0,,,0.0
2025-12-20 19:00:00,,,,,,,1533.0,1533.0,,,0.0,,,0.0
2025-12-20 20:00:00,,,,,,,1273.0,1273.0,,,0.0,,,0.0
2025-12-20 21:00:00,,,,,,,1529.0,1529.0,,,0.0,,,0.0
2025-12-20 22:00:00,,,,,,,1529.0,1529.0,,,0.0,,,0.0
2025-12-20 23:00:00,,,,,,,1533.0,1533.0,,,0.0,,,0.0
2025-12-21 00:00:00,,,,,,,1533.0,1533.0,,,0.0,,,0.0
2025-12-21 01:00:00,,,,,,,1529.0,1529.0,,,0.0,,,0.0
2025-12-21 02:00:00,,,,,,,1529.0,1529.0,,,0.0,,,0.0
2025-12-21 03:00:00,,,,,,,1533.0,1533.0,,,0.0,,,0.0
2025-12-21 04:00:00,,,,,,,1273.0,1273.0,,,0.0,,,0.0
2025-12-21 05:00:00,,,,,,,1273.0,1273.0,,,0.0,,,0.0
2025-12-21 06:00:00,,,,,,,1273.0,1273.0,,,0.0,,,0.0
2025-12-21 07:00:00,,,,,,,1273.0,1273.0,,,0.0,,,0.0
2025-12-21 08:00:00,,,,,,,2297.0,2296.0,0.156,0.0,1.0,0.9161999,0.0,1.0
2025-12-21 09:00:00,,,,,,,249.0,248.0,0.0512,0.0382,6.0,0.91699994,0.027099967,6.0
2025-12-21 10:00:00,,,,,,,249.0,248.0,0.0824,0.0326,6.0,0.88839996,0.015599966,6.0
2025-12-21 11:00:00,,,,,,,509.0,509.0,0.083399996,0.010199999,3.0,0.9037,0.0052999854,3.0
2025-12-21 12:00:00,,,,,,,509.0,509.0,0.21059999,0.0414,2.0,0.8972,0.0036000013,2.0
2025-12-21 13:00:00,,,,,,,509.0,509.0,,,0.0,,,0.0
2025-12-21 14:00:00,,,,,,,509.0,509.0,,,0.0,,,0.0
2025-12-21 15:00:00,,,,,,,509.0,509.0,,,0.0,,,0.0
2025-12-21 16:00:00,,,,,,,1533.0,1533.0,,,0.0,,,0.0
2025-12-21 17:00:00,,,,,,,1533.0,1533.0,,,0.0,,,0.0
2025-12-21 18:00:00,,,,,,,1533.0,1533.0,,,0.0,,,0.0
2025-12-21 19:00:00,,,,,,,1529.0,1529.0,,,0.0,,,0.0
2025-12-21 20:00:00,,,,,,,1533.0,1533.0,,,0.0,,,0.0
2025-12-21 21:00:00,,,,,,,1529.0,1529.0,,,0.0,,,0.0
2025-12-21 22:00:00,,,,,,,1273.0,1273.0,,,0.0,,,0.0
2025-12-21 23:00:00,,,,,,,1273.0,1273.0,,,0.0,,,0.0
2025-12-22 00:00:00,,,,,,,1273.0,1273.0,,,0.0,,,0.0
2025-12-22 01:00:00,,,,,,,1533.0,1533.0,,,0.0,,,0.0
2025-12-22 02:00:00,,,,,,,1533.0,1533.0,,,0.0,,,0.0
2025-12-22 03:00:00,,,,,,,1529.0,1529.0,,,0.0,,,0.0
2025-12-22 04:00:00,,,,,,,1529.0,1529.0,,,0.0,,,0.0
2025-12-22 05:00:00,,,,,,,1273.0,1273.0,,,0.0,,,0.0
2025-12-22 06:00:00,,,,,,,1533.0,1533.0,,,0.0,,,0.0
2025-12-22 07:00:00,,,,,,,1529.0,1529.0,,,0.0,,,0.0
2025-12-22 08:00:00,,,,,,,2553.0,2552.0,0.98319995,0.0634,2.0,0.8146,0.17429996,2.0
2025-12-22 09:00:00,,0.2872,,0.249,,,248.0,192.0,0.4978,0.2522,6.0,0.9793999,0.18649995,6.0
2025-12-22 10:00:00,,,,,,,505.0,504.0,0.38059998,0.102199994,6.0,1.004,0.09249997,6.0
2025-12-22 11:00:00,,,,,,,509.0,509.0,,,0.0,,,0.0
2025-12-22 12:00:00,,,,,,,509.0,509.0,,,0.0,,,0.0
2025-12-22 13:00:00,,,,,,,509.0,509.0,,,0.0,,,0.0
2025-12-22 14:00:00,,,,,,,509.0,509.0,,,0.0,,,0.0
2025-12-22 15:00:00,,,,,,,509.0,509.0,,,0.0,,,0.0
2025-12-22 16:00:00,,,,,,,1533.0,1533.0,,,0.0,,,0.0
2025-12-22 17:00:00,,,,,,,1529.0,1529.0,,,0.0,,,0.0
2025-12-22 18:00:00,,,,,,,1533.0,1533.0,,,0.0,,,0.0
2025-12-22 19:00:00,,,,,,,1533.0,1533.0,,,0.0,,,0.0
2025-12-22 20:00:00,,,,,,,1529.0,1529.0,,,0.0,,,0.0
2025-12-22 21:00:00,,,,,,,1529.0,1529.0,,,0.0,,,0.0
2025-12-22 22:00:00,,,,,,,1533.0,1533.0,,,0.0,,,0.0
2025-12-22 23:00:00,,,,,,,1533.0,1533.0,,,0.0,,,0.0
2025-12-23 00:00:00,,,,,,,1533.0,1533.0,,,0.0,,,0.0
2025-12-23 01:00:00,,,,,,,1533.0,1533.0,,,0.0,,,0.0
2025-12-23 02:00:00,,,,,,,1533.0,1533.0,,,0.0,,,0.0
2025-12-23 03:00:00,,,,,,,1533.0,1533.0,,,0.0,,,0.0
2025-12-23 04:00:00,,,,,,,1533.0,1533.0,,,0.0,,,0.0
2025-12-23 05:00:00,,,,,,,1533.0,1533.0,,,0.0,,,0.0
2025-12-23 06:00:00,,,,,,,1533.0,1533.0,,,0.0,,,0.0
2025-12-23 07:00:00,,,,,,,1533.0,1533.0,,,0.0,,,0.0
2025-12-23 08:00:00,,,,,,,249.0,249.0,,,0.0,,,0.0
2025-12-23 09:00:00,,,,,,,249.0,248.0,0.1372,0.040599998,3.0,0.9921,0.044200003,3.0
2025-12-23 10:00:00,,,,,,,249.0,248.0,0.2136,0.0618,6.0,0.9562,0.03549999,6.0
2025-12-23 11:00:00,,,,,,,509.0,509.0,0.299,0.0764,3.0,0.9555999,0.021499991,3.0
2025-12-23 12:00:00,,,,,,,509.0,509.0,,,0.0,,,0.0
2025-12-23 13:00:00,,,,,,,509.0,509.0,,,0.0,,,0.0
2025-12-23 14:00:00,,,,,,,509.0,509.0,0.32999998,0.0598,2.0,0.8888999,0.032899976,2.0
2025-12-23 15:00:00,,,,,,,505.0,504.0,0.2368,0.0414,2.0,0.9628999,0.03609997,2.0
2025-12-23 16:00:00,,,,,,,1533.0,1533.0,0.2846,0.0676,4.0,0.9089999,0.026499987,4.0
2025-12-23 17:00:00,,,,,,,1529.0,1529.0,,,0.0,,,0.0
2025-12-23 18:00:00,,,,,,,1533.0,1533.0,,,0.0,,,0.0
2025-12-23 19:00:00,,,,,,,1533.0,1533.0,,,0.0,,,0.0
2025-12-23 20:00:00,,,,,,,1533.0,1533.0,,,0.0,,,0.0
2025-12-23 21:00:00,,,,,,,1529.0,1529.0,,,0.0,,,0.0
2025-12-23 22:00:00,,,,,,,1533.0,1533.0,,,0.0,,,0.0
2025-12-23 23:00:00,,,,,,,1529.0,1529.0,,,0.0,,,0.0
2025-12-24 00:00:00,,,,,,,1533.0,1533.0,,,0.0,,,0.0
2025-12-24 01:00:00,,,,,,,1533.0,1533.0,,,0.0,,,0.0
2025-12-24 02:00:00,,,,,,,1533.0,1533.0,,,0.0,,,0.0
2025-12-24 03:00:00,,,,,,,1533.0,1533.0,,,0.0,,,0.0
2025-12-24 04:00:00,,,,,,,1273.0,1273.0,,,0.0,,,0.0
2025-12-24 05:00:00,,,,,,,1273.0,1273.0,,,0.0,,,0.0
2025-12-24 06:00:00,,,,,,,1529.0,1529.0,,,0.0,,,0.0
2025-12-24 07:00:00,,,,,,,1273.0,1273.0,,,0.0,,,0.0
2025-12-24 08:00:00,,,,,,,509.0,509.0,,,0.0,,,0.0
2025-12-24 09:00:00,,,,,,,509.0,509.0,,,0.0,,,0.0
2025-12-24 10:00:00,,,,,,,505.0,504.0,1.7548,0.0,1.0,0.347,0.0,1.0
2025-12-24 11:00:00,,,,,,,509.0,509.0,,,0.0,,,0.0
2025-12-24 12:00:00,,,,,,,509.0,509.0,,,0.0,,,0.0
2025-12-24 13:00:00,,,,,,,509.0,509.0,,,0.0,,,0.0
2025-12-24 14:00:00,,,,,,,509.0,509.0,,,0.0,,,0.0
2025-12-24 15:00:00,,,,,,,509.0,509.0,0.6168,0.0,1.0,1.3097,0.0,1.0
2025-12-24 16:00:00,,,,,,,1533.0,1533.0,,,0.0,,,0.0
2025-12-24 17:00:00,,,,,,,1533.0,1533.0,,,0.0,,,0.0
2025-12-24 18:00:00,,,,,,,1529.0,1529.0,,,0.0,,,0.0
2025-12-24 19:00:00,,,,,,,1533.0,1533.0,,,0.0,,,0.0
2025-12-24 20:00:00,,,,,,,1533.0,1533.0,,,0.0,,,0.0
2025-12-24 21:00:00,,,,,,,1533.0,1533.0,,,0.0,,,0.0
2025-12-24 22:00:00,,,,,,,1533.0,1533.0,,,0.0,,,0.0
2025-12-24 23:00:00,,,,,,,1529.0,1529.0,,,0.0,,,0.0
2025-12-25 00:00:00,,,,,,,1529.0,1529.0,,,0.0,,,0.0
2025-12-25 01:00:00,,,,,,,1529.0,1529.0,,,0.0,,,0.0
2025-12-25 02:00:00,,,,,,,1529.0,1529.0,,,0.0,,,0.0
2025-12-25 03:00:00,,,,,,,1529.0,1529.0,,,0.0,,,0.0
2025-12-25 04:00:00,,,,,,,1533.0,1533.0,,,0.0,,,0.0
2025-12-25 05:00:00,,,,,,,1273.0,1273.0,,,0.0,,,0.0
2025-12-25 06:00:00,,,,,,,1533.0,1533.0,,,0.0,,,0.0
2025-12-25 07:00:00,,,,,,,1533.0,1533.0,,,0.0,,,0.0
2025-12-25 08:00:00,,,,,,,509.0,509.0,,,0.0,,,0.0
2025-12-25 09:00:00,,,,,,,509.0,509.0,,,0.0,,,0.0
2025-12-25 10:00:00,,,,,,,509.0,509.0,,,0.0,,,0.0
2025-12-25 11:00:00,,,,,,,509.0,509.0,,,0.0,,,0.0
2025-12-25 12:00:00,,,,,,,509.0,509.0,,,0.0,,,0.0
2025-12-25 13:00:00,,,,,,,509.0,509.0,,,0.0,,,0.0
2025-12-25 14:00:00,,,,,,,509.0,509.0,,,0.0,,,0.0
2025-12-25 15:00:00,,,,,,,509.0,509.0,,,0.0,,,0.0
2025-12-25 16:00:00,,,,,,,1533.0,1533.0,,,0.0,,,0.0
2025-12-25 17:00:00,,,,,,,1533.0,1533.0,,,0.0,,,0.0
2025-12-25 18:00:00,,,,,,,1533.0,1533.0,,,0.0,,,0.0
2025-12-25 19:00:00,,,,,,,1533.0,1533.0,,,0.0,,,0.0
2025-12-25 20:00:00,,,,,,,1533.0,1533.0,,,0.0,,,0.0
2025-12-25 21:00:00,,,,,,,1533.0,1533.0,,,0.0,,,0.0
2025-12-25 22:00:00,,,,,,,1533.0,1533.0,,,0.0,,,0.0
2025-12-25 23:00:00,,,,,,,1529.0,1529.0,,,0.0,,,0.0
2025-12-26 00:00:00,,,,,,,1273.0,1273.0,,,0.0,,,0.0
2025-12-26 01:00:00,,,,,,,1529.0,1529.0,,,0.0,,,0.0
2025-12-26 02:00:00,,,,,,,1529.0,1529.0,,,0.0,,,0.0
2025-12-26 03:00:00,,,,,,,1533.0,1533.0,,,0.0,,,0.0
2025-12-26 04:00:00,,,,,,,1529.0,1529.0,,,0.0,,,0.0
2025-12-26 05:00:00,,,,,,,1529.0,1529.0,,,0.0,,,0.0
2025-12-26 06:00:00,,,,,,,1273.0,1273.0,,,0.0,,,0.0
2025-12-26 07:00:00,,,,,,,1533.0,1533.0,,,0.0,,,0.0
2025-12-26 08:00:00,,,,,,,509.0,509.0,,,0.0,,,0.0
2025-12-26 09:00:00,,,,,,,509.0,509.0,0.1634,0.054199997,3.0,0.9676,0.0528,3.0
2025-12-26 10:00:00,,,,,,,509.0,509.0,,,0.0,,,0.0
2025-12-26 11:00:00,,,,,,,509.0,509.0,,,0.0,,,0.0
2025-12-26 12:00:00,,,,,,,509.0,509.0,,,0.0,,,0.0
2025-12-26 13:00:00,,,,,,,509.0,509.0,,,0.0,,,0.0
2025-12-26 14:00:00,,,,,,,509.0,509.0,,,0.0,,,0.0
2025-12-26 15:00:00,,,,,,,509.0,509.0,,,0.0,,,0.0
2025-12-26 16:00:00,,,,,,,1533.0,1533.0,,,0.0,,,0.0
2025-12-26 17:00:00,,,,,,,1533.0,1533.0,,,0.0,,,0.0
2025-12-26 18:00:00,,,,,,,1533.0,1533.0,,,0.0,,,0.0
2025-12-26 19:00:00,,,,,,,1533.0,1533.0,,,0.0,,,0.0
2025-12-26 20:00:00,,,,,,,1529.0,1529.0,,,0.0,,,0.0
2025-12-26 21:00:00,,,,,,,1529.0,1529.0,,,0.0,,,0.0
2025-12-26 22:00:00,,,,,,,1529.0,1529.0,,,0.0,,,0.0
2025-12-26 23:00:00,,,,,,,1533.0,1533.0,,,0.0,,,0.0
2025-12-27 00:00:00,,,,,,,1529.0,1529.0,,,0.0,,,0.0
2025-12-27 01:00:00,,,,,,,1533.0,1533.0,,,0.0,,,0.0
2025-12-27 02:00:00,,,,,,,1529.0,1529.0,,,0.0,,,0.0
2025-12-27 03:00:00,,,,,,,1533.0,1533.0,,,0.0,,,0.0
2025-12-27 04:00:00,,,,,,,1533.0,1533.0,,,0.0,,,0.0
2025-12-27 05:00:00,,,,,,,1273.0,1273.0,,,0.0,,,0.0
2025-12-27 06:00:00,,,,,,,1273.0,1273.0,,,0.0,,,0.0
2025-12-27 07:00:00,,,,,,,1273.0,1273.0,,,0.0,,,0.0
2025-12-27 08:00:00,,,,,,,2553.0,2552.0,0.3224,0.0,1.0,1.071,0.0,1.0
2025-12-27 09:00:00,0.377,0.36499998,0.2541,0.2531,-0.19260001,0.9165,0.0,0.0,0.3296,0.043199997,6.0,1.1343,0.10649997,6.0
2025-12-27 10:00:00,0.4544,,,,-0.4436,,1.0,248.0,0.4436,0.102,6.0,1.0338,0.07489997,6.0
2025-12-27 11:00:00,,,,,,,505.0,504.0,0.7382,0.1008,6.0,0.9949,0.09139997,6.0
2025-12-27 12:00:00,,,,,,,509.0,509.0,1.1068,0.0426,2.0,0.70729995,0.00029999018,2.0
2025-12-27 13:00:00,,,,,,,509.0,509.0,,,0.0,,,0.0
2025-12-27 14:00:00,,,,,,,505.0,504.0,1.2179999,0.108799994,4.0,0.7779,0.068399966,4.0
2025-12-27 15:00:00,,,,,,,509.0,509.0,1.1142,0.2128,3.0,1.1653999,0.1742,3.0
2025-12-27 16:00:00,,,,,,,509.0,509.0,,,0.0,,,0.0
2025-12-27 17:00:00,,,,,,,1533.0,1533.0,,,0.0,,,0.0
2025-12-27 18:00:00,,,,,,,1533.0,1533.0,,,0.0,,,0.0
2025-12-27 19:00:00,,,,,,,1533.0,1533.0,,,0.0,,,0.0
2025-12-27 20:00:00,,,,,,,1533.0,1533.0,,,0.0,,,0.0
2025-12-27 21:00:00,,,,,,,1533.0,1533.0,,,0.0,,,0.0
2025-12-27 22:00:00,,,,,,,1529.0,1529.0,,,0.0,,,0.0
2025-12-27 23:00:00,,,,,,,1533.0,1533.0,,,0.0,,,0.0
2025-12-28 00:00:00,,,,,,,1533.0,1533.0,,,0.0,,,0.0
2025-12-28 01:00:00,,,,,,,1533.0,1533.0,,,0.0,,,0.0
2025-12-28 02:00:00,,,,,,,1273.0,1273.0,,,0.0,,,0.0
2025-12-28 03:00:00,,,,,,,1273.0,1273.0,,,0.0,,,0.0
2025-12-28 04:00:00,,,,,,,1529.0,1529.0,,,0.0,,,0.0
2025-12-28 05:00:00,,,,,,,1273.0,1273.0,,,0.0,,,0.0
2025-12-28 06:00:00,,,,,,,1273.0,1273.0,,,0.0,,,0.0
2025-12-28 07:00:00,,,,,,,1529.0,1529.0,,,0.0,,,0.0
2025-12-28 08:00:00,,,,,,,505.0,504.0,0.78679997,0.163,2.0,0.6969,0.037999988,2.0
2025-12-28 09:00:00,,,,,,,505.0,504.0,0.52639997,0.19839999,4.0,0.71099997,0.16819996,4.0
2025-12-28 10:00:00,,,,,,,2553.0,2552.0,0.1704,0.0512,6.0,1.0367999,0.031399965,6.0
2025-12-28 11:00:00,,,,,,,2553.0,2552.0,0.24599999,0.044999998,6.0,1.0188999,0.015900016,6.0
2025-12-28 12:00:00,,,,,,,509.0,509.0,0.177,0.045199998,4.0,1.0584999,0.023299992,4.0
2025-12-28 13:00:00,,,,,,,2553.0,2552.0,0.19999999,0.024799999,4.0,1.0962,0.011200011,4.0
2025-12-28 14:00:00,,,,,,,2297.0,2296.0,0.21139999,0.0422,6.0,1.0913,0.015999973,6.0
2025-12-28 15:00:00,,,,,,,505.0,504.0,0.1832,0.085599996,6.0,1.0615,0.09889996,6.0
2025-12-28 16:00:00,,,,,,,509.0,509.0,0.5678,0.049799997,3.0,0.69879997,0.01910001,3.0
2025-12-28 17:00:00,,,,,,,1533.0,1533.0,,,0.0,,,0.0
2025-12-28 18:00:00,,,,,,,1533.0,1533.0,,,0.0,,,0.0
2025-12-28 19:00:00,,,,,,,1273.0,1273.0,,,0.0,,,0.0
2025-12-28 20:00:00,,,,,,,1273.0,1273.0,,,0.0,,,0.0
2025-12-28 21:00:00,,,,,,,1273.0,1273.0,,,0.0,,,0.0
2025-12-28 22:00:00,,,,,,,1273.0,1273.0,,,0.0,,,0.0
2025-12-28 23:00:00,,,,,,,1273.0,1273.0,,,0.0,,,0.0
2025-12-29 00:00:00,,,,,,,1273.0,1273.0,,,0.0,,,0.0
2025-12-29 01:00:00,,,,,,,1273.0,1273.0,,,0.0,,,0.0
2025-12-29 02:00:00,,,,,,,1529.0,1529.0,,,0.0,,,0.0
2025-12-29 03:00:00,,,,,,,1273.0,1273.0,,,0.0,,,0.0
2025-12-29 04:00:00,,,,,,,1533.0,1533.0,,,0.0,,,0.0
2025-12-29 05:00:00,,,,,,,1273.0,1273.0,,,0.0,,,0.0
2025-12-29 06:00:00,,,,,,,1273.0,1273.0,,,0.0,,,0.0
2025-12-29 07:00:00,,,,,,,1533.0,1533.0,,,0.0,,,0.0
2025-12-29 08:00:00,,,,,,,509.0,509.0,,,0.0,,,0.0
2025-12-29 09:00:00,,,,,,,509.0,509.0,,,0.0,,,0.0
2025-12-29 10:00:00,,,,,,,509.0,509.0,,,0.0,,,0.0
2025-12-29 11:00:00,,,,,,,509.0,509.0,0.4948,0.0,1.0,0.9331,0.0,1.0
2025-12-29 12:00:00,,,,,,,509.0,509.0,0.5316,0.0464,3.0,0.9117999,0.050899982,3.0
2025-12-29 13:00:00,,,,,,,509.0,509.0,,,0.0,,,0.0
2025-12-29 14:00:00,,,,,,,509.0,509.0,,,0.0,,,0.0
2025-12-29 15:00:00,,,,,,,509.0,509.0,0.8548,0.0,1.0,0.6237,0.0,1.0
2025-12-29 16:00:00,,,,,,,509.0,509.0,0.7662,0.2554,3.0,0.6968,0.077499986,3.0
2025-12-29 17:00:00,,,,,,,1533.0,1533.0,,,0.0,,,0.0
2025-12-29 18:00:00,,,,,,,1533.0,1533.0,,,0.0,,,0.0
2025-12-29 19:00:00,,,,,,,1533.0,1533.0,,,0.0,,,0.0
2025-12-29 20:00:00,,,,,,,1533.0,1533.0,,,0.0,,,0.0
2025-12-29 21:00:00,,,,,,,1533.0,1533.0,,,0.0,,,0.0
2025-12-29 22:00:00,,,,,,,1529.0,1529.0,,,0.0,,,0.0
2025-12-29 23:00:00,,,,,,,1533.0,1533.0,,,0.0,,,0.0
2025-12-30 00:00:00,,,,,,,1533.0,1533.0,,,0.0,,,0.0
2025-12-30 01:00:00,,,,,,,1533.0,1533.0,,,0.0,,,0.0
2025-12-30 02:00:00,,,,,,,1533.0,1533.0,,,0.0,,,0.0
2025-12-30 03:00:00,,,,,,,1529.0,1529.0,,,0.0,,,0.0
2025-12-30 04:00:00,,,,,,,1529.0,1529.0,,,0.0,,,0.0
2025-12-30 05:00:00,,,,,,,1529.0,1529.0,,,0.0,,,0.0
2025-12-30 06:00:00,,,,,,,1533.0,1533.0,,,0.0,,,0.0
2025-12-30 07:00:00,,,,,,,1533.0,1533.0,,,0.0,,,0.0
2025-12-30 08:00:00,,,,,,,249.0,248.0,1.073,0.1574,2.0,0.55209994,0.0722,2.0
2025-12-30 09:00:00,0.46539998,0.30719998,0.27199998,0.2712,-0.20540002,0.7405,0.0,0.0,0.732,0.1972,6.0,0.49189997,0.11479998,6.0
2025-12-30 10:00:00,,,,,,,249.0,248.0,0.37399998,0.0924,5.0,0.7501999,0.083599985,5.0
2025-12-30 11:00:00,,,,,,,249.0,248.0,0.3286,0.0528,6.0,0.80639994,0.06940001,6.0
2025-12-30 12:00:00,,,,,,,249.0,248.0,0.3344,0.0762,6.0,0.9338,0.0123999715,6.0
2025-12-30 13:00:00,,,,,,,2553.0,2552.0,0.38819999,0.049999997,5.0,0.9848,0.03639996,5.0
2025-12-30 14:00:00,,,,,,,2297.0,2296.0,0.5198,0.114999995,2.0,0.8785,0.1857,2.0
2025-12-30 15:00:00,,,,,,,509.0,509.0,0.31,0.035,5.0,1.0891,0.009800017,5.0
2025-12-30 16:00:00,,,,,,,509.0,509.0,0.833,0.0,1.0,0.7391,0.0,1.0
2025-12-30 17:00:00,,,,,,,1533.0,1533.0,,,0.0,,,0.0
2025-12-30 18:00:00,,,,,,,1533.0,1533.0,,,0.0,,,0.0
2025-12-30 19:00:00,,,,,,,1529.0,1529.0,,,0.0,,,0.0
2025-12-30 20:00:00,,,,,,,1529.0,1529.0,,,0.0,,,0.0
2025-12-30 21:00:00,,,,,,,1529.0,1529.0,,,0.0,,,0.0
2025-12-30 22:00:00,,,,,,,1273.0,1273.0,,,0.0,,,0.0
2025-12-30 23:00:00,,,,,,,1529.0,1529.0,,,0.0,,,0.0
2025-12-31 00:00:00,,,,,,,1533.0,1533.0,,,0.0,,,0.0
2025-12-31 01:00:00,,,,,,,1533.0,1533.0,,,0.0,,,0.0
2025-12-31 02:00:00,,,,,,,1529.0,1529.0,,,0.0,,,0.0
2025-12-31 03:00:00,,,,,,,1529.0,1529.0,,,0.0,,,0.0
2025-12-31 04:00:00,,,,,,,1529.0,1529.0,,,0.0,,,0.0
2025-12-31 05:00:00,,,,,,,1273.0,1273.0,,,0.0,,,0.0
2025-12-31 06:00:00,,,,,,,1273.0,1273.0,,,0.0,,,0.0
2025-12-31 07:00:00,,,,,,,1533.0,1533.0,,,0.0,,,0.0
2025-12-31 09:00:00,0.34739998,0.1384,0.25329998,0.2532,,,192.0,192.0,0.5678,0.24,5.0,0.6690999,0.13459998,5.0
2025-12-31 10:00:00,,,,,,,509.0,509.0,0.1962,0.023799999,2.0,0.99959993,0.043200016,2.0
2025-12-31 11:00:00,,,,,,,509.0,509.0,,,0.0,,,0.0
2025-12-31 12:00:00,,,,,,,509.0,509.0,,,0.0,,,0.0
2025-12-31 13:00:00,,,,,,,509.0,509.0,,,0.0,,,0.0
2025-12-31 14:00:00,,,,,,,2553.0,2552.0,0.361,0.0,1.0,1.1844,0.0,1.0
2025-12-31 15:00:00,,,,,,,505.0,504.0,0.49339998,0.1724,5.0,1.0876,0.23939997,5.0
2025-12-31 16:00:00,,,,,,,2553.0,2552.0,0.46539998,0.1594,5.0,0.8965,0.16569996,5.0
2025-12-31 17:00:00,,,,,,,1529.0,1529.0,,,0.0,,,0.0
2025-12-31 18:00:00,,,,,,,1273.0,1273.0,,,0.0,,,0.0
2025-12-31 19:00:00,,,,,,,1529.0,1529.0,,,0.0,,,0.0
2025-12-31 20:00:00,,,,,,,1273.0,1273.0,,,0.0,,,0.0
2025-12-31 21:00:00,,,,,,,1273.0,1273.0,,,0.0,,,0.0
2025-12-31 22:00:00,,,,,,,1273.0,1273.0,,,0.0,,,0.0
2025-12-31 23:00:00,,,,,,,1529.0,1529.0,,,0.0,,,0.0
2026-01-01 00:00:00,,,,,,,1273.0,1273.0,,,0.0,,,0.0
2026-01-01 01:00:00,,,,,,,1533.0,1533.0,,,0.0,,,0.0
2026-01-01 02:00:00,,,,,,,1273.0,1273.0,,,0.0,,,0.0
2026-01-01 03:00:00,,,,,,,1273.0,1273.0,,,0.0,,,0.0
2026-01-01 04:00:00,,,,,,,1529.0,1529.0,,,0.0,,,0.0
2026-01-01 05:00:00,,,,,,,1273.0,1273.0,,,0.0,,,0.0
2026-01-01 06:00:00,,,,,,,1273.0,1273.0,,,0.0,,,0.0
