timestamp,AOT_Merged,AOT_Pure,AOT_Merged_uncertainty,AOT_Pure_uncertainty,AE_Merged,AE_Pure,QA_flag_Merged,QA_flag_Pure,AOT_L2_Mean,AOT_L2_SDV,AOT_L2_Num,AE_L2_Mean,AE_L2_SDV,AE_L2_Num
2025-01-01 07:00:00,,,,,,,1273.0,1273.0,,,0.0,,,0.0
2025-01-01 08:00:00,,,,,,,1273.0,1273.0,,,0.0,,,0.0
2025-01-01 09:00:00,0.6198,0.5122,0.69119996,0.6904,,,2240.0,2240.0,0.46339998,0.034399997,3.0,1.7807999,0.23159999,3.0
2025-01-01 10:00:00,0.68479997,,,,,,193.0,249.0,0.4042,0.0602,5.0,1.458,0.07679999,5.0
2025-01-01 11:00:00,0.9424,0.9108,0.3694,0.3687,-0.4897,1.0289999,0.0,0.0,0.9934,0.1638,5.0,1.4761,0.2277,5.0
2025-01-01 12:00:00,0.9974,0.9612,0.6635,0.6631,,0.7925,192.0,0.0,0.8426,0.0668,6.0,1.1472,0.19909996,6.0
2025-01-01 13:00:00,1.0325999,1.1034,0.2713,0.2703,,0.974,192.0,0.0,0.91679996,0.099599995,6.0,1.0514,0.11159998,6.0
2025-01-01 14:00:00,0.899,0.9914,0.17639999,0.1751,,1.1546999,192.0,0.0,1.0372,0.049399998,6.0,1.1488,0.08679998,6.0
2025-01-01 15:00:00,0.83879995,,,,0.22619998,,1.0,249.0,0.99799997,0.0462,5.0,1.275,0.06220001,5.0
2025-01-01 16:00:00,0.7892,,,,,,1477.0,1533.0,,,0.0,,,0.0
2025-01-01 17:00:00,,,,,,,1273.0,1273.0,,,0.0,,,0.0
2025-01-01 18:00:00,,,,,,,1273.0,1273.0,,,0.0,,,0.0
2025-01-01 19:00:00,,,,,,,1273.0,1273.0,,,0.0,,,0.0
2025-01-01 20:00:00,,,,,,,1273.0,1273.0,,,0.0,,,0.0
2025-01-01 21:00:00,,,,,,,1273.0,1273.0,,,0.0,,,0.0
2025-01-01 22:00:00,,,,,,,1273.0,1273.0,,,0.0,,,0.0
2025-01-01 23:00:00,,,,,,,1273.0,1273.0,,,0.0,,,0.0
2025-01-02 00:00:00,,,,,,,1273.0,1273.0,,,0.0,,,0.0
2025-01-02 01:00:00,,,,,,,1273.0,1273.0,,,0.0,,,0.0
2025-01-02 02:00:00,,,,,,,1273.0,1273.0,,,0.0,,,0.0
2025-01-02 03:00:00,,,,,,,1529.0,1529.0,,,0.0,,,0.0
2025-01-02 04:00:00,,,,,,,1529.0,1529.0,,,0.0,,,0.0
2025-01-02 05:00:00,,,,,,,1529.0,1529.0,,,0.0,,,0.0
2025-01-02 06:00:00,,,,,,,1529.0,1529.0,,,0.0,,,0.0
2025-01-02 07:00:00,,,,,,,1529.0,1529.0,,,0.0,,,0.0
2025-01-02 08:00:00,,,,,,,1273.0,1273.0,,,0.0,,,0.0
2025-01-02 09:00:00,,0.4842,,0.704,,1.3542,248.0,0.0,0.6412,0.1494,5.0,1.7368999,0.19150001,5.0
2025-01-02 10:00:00,0.8082,,,,,,2241.0,2296.0,0.587,0.25239998,6.0,1.4546,0.092700005,6.0
2025-01-02 11:00:00,0.923,,,,,,449.0,504.0,1.3507999,0.1026,5.0,1.4329,0.2374,5.0
2025-01-02 12:00:00,,,,,,,509.0,509.0,2.1838,0.6372,3.0,0.8140999,0.12549996,3.0
2025-01-02 13:00:00,,,,,,,509.0,509.0,,,0.0,,,0.0
2025-01-02 14:00:00,,,,,,,509.0,509.0,,,0.0,,,0.0
2025-01-02 15:00:00,,,,,,,509.0,509.0,,,0.0,,,0.0
2025-01-02 16:00:00,,,,,,,1533.0,1533.0,,,0.0,,,0.0
2025-01-02 17:00:00,,,,,,,1529.0,1529.0,,,0.0,,,0.0
2025-01-02 18:00:00,,,,,,,1533.0,1533.0,,,0.0,,,0.0
2025-01-02 19:00:00,,,,,,,1529.0,1529.0,,,0.0,,,0.0
2025-01-02 20:00:00,,,,,,,1529.0,1529.0,,,0.0,,,0.0
2025-01-02 21:00:00,,,,,,,1533.0,1533.0,,,0.0,,,0.0
2025-01-02 22:00:00,,,,,,,1529.0,1529.0,,,0.0,,,0.0
2025-01-02 23:00:00,,,,,,,1529.0,1529.0,,,0.0,,,0.0
2025-01-03 00:00:00,,,,,,,1529.0,1529.0,,,0.0,,,0.0
2025-01-03 01:00:00,,,,,,,1273.0,1273.0,,,0.0,,,0.0
2025-01-03 02:00:00,,,,,,,1533.0,1533.0,,,0.0,,,0.0
2025-01-03 03:00:00,,,,,,,1273.0,1273.0,,,0.0,,,0.0
2025-01-03 04:00:00,,,,,,,1273.0,1273.0,,,0.0,,,0.0
2025-01-03 05:00:00,,,,,,,1273.0,1273.0,,,0.0,,,0.0
2025-01-03 06:00:00,,,,,,,1273.0,1273.0,,,0.0,,,0.0
2025-01-03 07:00:00,,,,,,,1529.0,1529.0,,,0.0,,,0.0
2025-01-03 08:00:00,,,,,,,1273.0,1273.0,,,0.0,,,0.0
2025-01-03 09:00:00,0.83919996,0.649,0.6811,0.6807,,,2240.0,2240.0,0.5434,0.08,3.0,1.8283,0.1717,3.0
2025-01-03 10:00:00,0.86039996,,,,,,193.0,249.0,0.68079996,0.0438,5.0,1.6673999,0.05250001,5.0
2025-01-03 11:00:00,0.9454,1.0166,0.3798,0.3791,,1.0188999,192.0,0.0,1.2672,0.14019999,5.0,1.4919,0.23829997,5.0
2025-01-03 12:00:00,0.9262,0.9198,0.7215,0.7212,,0.8385,192.0,0.0,0.9252,0.0188,6.0,1.1165999,0.17320001,6.0
2025-01-03 13:00:00,0.8186,0.9274,0.2638,0.2629,,,2240.0,2240.0,0.7752,0.0766,6.0,1.0781,0.15399998,6.0
2025-01-03 14:00:00,0.7308,0.7094,0.22,0.2193,,1.2415999,192.0,0.0,0.83379996,0.0726,6.0,1.1538,0.11539996,6.0
2025-01-03 15:00:00,0.70559996,,,,,,193.0,249.0,0.7592,0.0436,5.0,1.4245,0.03579998,5.0
2025-01-03 16:00:00,0.57159996,,,,,,1217.0,1273.0,,,0.0,,,0.0
2025-01-03 17:00:00,,,,,,,1273.0,1273.0,,,0.0,,,0.0
2025-01-03 18:00:00,,,,,,,1273.0,1273.0,,,0.0,,,0.0
2025-01-03 19:00:00,,,,,,,1273.0,1273.0,,,0.0,,,0.0
2025-01-03 20:00:00,,,,,,,1273.0,1273.0,,,0.0,,,0.0
2025-01-03 21:00:00,,,,,,,1273.0,1273.0,,,0.0,,,0.0
2025-01-03 22:00:00,,,,,,,1273.0,1273.0,,,0.0,,,0.0
2025-01-03 23:00:00,,,,,,,1273.0,1273.0,,,0.0,,,0.0
2025-01-04 00:00:00,,,,,,,1273.0,1273.0,,,0.0,,,0.0
2025-01-04 01:00:00,,,,,,,1273.0,1273.0,,,0.0,,,0.0
2025-01-04 02:00:00,,,,,,,1273.0,1273.0,,,0.0,,,0.0
2025-01-04 03:00:00,,,,,,,1273.0,1273.0,,,0.0,,,0.0
2025-01-04 04:00:00,,,,,,,1273.0,1273.0,,,0.0,,,0.0
2025-01-04 05:00:00,,,,,,,1273.0,1273.0,,,0.0,,,0.0
2025-01-04 06:00:00,,,,,,,1273.0,1273.0,,,0.0,,,0.0
2025-01-04 07:00:00,,,,,,,1273.0,1273.0,,,0.0,,,0.0
2025-01-04 08:00:00,,,,,,,1273.0,1273.0,,,0.0,,,0.0
2025-01-04 09:00:00,0.7928,0.9162,0.52599996,0.5251,,,2240.0,2240.0,0.94439995,0.0402,4.0,1.7489998,0.052699983,4.0
2025-01-04 10:00:00,0.895,,,,,,2241.0,2296.0,1.0242,0.17359999,5.0,1.6703,0.08039999,5.0
2025-01-04 11:00:00,,,,,,,249.0,248.0,1.5389999,0.1898,6.0,1.5506,0.14179999,6.0
2025-01-04 12:00:00,1.1176,,,,,,193.0,248.0,1.4224,0.12619999,6.0,1.1935999,0.0352,6.0
2025-01-04 13:00:00,1.0802,1.1302,0.317,0.3159,-0.3346,1.2795999,0.0,0.0,1.235,0.0894,5.0,1.3213999,0.09399998,5.0
2025-01-04 14:00:00,1.0333999,,,,-0.056199998,,1.0,249.0,0.9518,0.0378,4.0,1.0969,0.045599997,4.0
2025-01-04 15:00:00,,,,,,,249.0,249.0,,,0.0,,,0.0
2025-01-04 16:00:00,,,,,,,1533.0,1533.0,,,0.0,,,0.0
2025-01-04 17:00:00,,,,,,,1273.0,1273.0,,,0.0,,,0.0
2025-01-04 18:00:00,,,,,,,1273.0,1273.0,,,0.0,,,0.0
2025-01-04 19:00:00,,,,,,,1273.0,1273.0,,,0.0,,,0.0
2025-01-04 20:00:00,,,,,,,1529.0,1529.0,,,0.0,,,0.0
2025-01-04 21:00:00,,,,,,,1529.0,1529.0,,,0.0,,,0.0
2025-01-04 22:00:00,,,,,,,1533.0,1533.0,,,0.0,,,0.0
2025-01-04 23:00:00,,,,,,,1529.0,1529.0,,,0.0,,,0.0
2025-01-05 00:00:00,,,,,,,1533.0,1533.0,,,0.0,,,0.0
2025-01-05 01:00:00,,,,,,,1273.0,1273.0,,,0.0,,,0.0
2025-01-05 02:00:00,,,,,,,1273.0,1273.0,,,0.0,,,0.0
2025-01-05 03:00:00,,,,,,,1273.0,1273.0,,,0.0,,,0.0
2025-01-05 04:00:00,,,,,,,1529.0,1529.0,,,0.0,,,0.0
2025-01-05 05:00:00,,,,,,,1533.0,1533.0,,,0.0,,,0.0
2025-01-05 06:00:00,,,,,,,1533.0,1533.0,,,0.0,,,0.0
2025-01-05 07:00:00,,,,,,,1533.0,1533.0,,,0.0,,,0.0
2025-01-05 08:00:00,,,,,,,1533.0,1533.0,,,0.0,,,0.0
2025-01-05 09:00:00,0.85359997,,,,,,193.0,249.0,0.9738,0.36679998,3.0,1.8624,0.060000002,3.0
2025-01-05 10:00:00,0.8444,0.6986,0.5168,0.5166,,,2240.0,2240.0,0.93479997,0.1348,6.0,1.6292999,0.13169998,6.0
2025-01-05 11:00:00,0.8786,0.848,0.4253,0.4249,-0.27850002,0.8497,0.0,0.0,0.8574,0.0898,5.0,1.3550999,0.2557,5.0
2025-01-05 12:00:00,0.95839995,1.0174,0.34219998,0.3416,,0.9934,192.0,0.0,0.9364,0.0846,6.0,1.0748999,0.1473,6.0
2025-01-05 13:00:00,0.9662,0.8926,0.2986,0.2981,,0.8960999,192.0,0.0,1.0164,0.0646,6.0,1.2161,0.1861,6.0
2025-01-05 14:00:00,0.8962,,,,,,193.0,249.0,0.84419996,0.039,5.0,1.1398,0.1333,5.0
2025-01-05 15:00:00,0.77379996,,,,,,193.0,249.0,,,0.0,,,0.0
2025-01-05 16:00:00,,,,,,,1533.0,1533.0,,,0.0,,,0.0
2025-01-05 17:00:00,,,,,,,1273.0,1273.0,,,0.0,,,0.0
2025-01-05 18:00:00,,,,,,,1273.0,1273.0,,,0.0,,,0.0
2025-01-05 19:00:00,,,,,,,1273.0,1273.0,,,0.0,,,0.0
2025-01-05 20:00:00,,,,,,,1273.0,1273.0,,,0.0,,,0.0
2025-01-05 21:00:00,,,,,,,1273.0,1273.0,,,0.0,,,0.0
2025-01-05 22:00:00,,,,,,,1273.0,1273.0,,,0.0,,,0.0
2025-01-05 23:00:00,,,,,,,1273.0,1273.0,,,0.0,,,0.0
2025-01-06 00:00:00,,,,,,,1273.0,1273.0,,,0.0,,,0.0
2025-01-06 01:00:00,,,,,,,1273.0,1273.0,,,0.0,,,0.0
2025-01-06 02:00:00,,,,,,,1273.0,1273.0,,,0.0,,,0.0
2025-01-06 03:00:00,,,,,,,1273.0,1273.0,,,0.0,,,0.0
2025-01-06 04:00:00,,,,,,,1273.0,1273.0,,,0.0,,,0.0
2025-01-06 06:00:00,,,,,,,1273.0,1273.0,,,0.0,,,0.0
2025-01-06 07:00:00,,,,,,,1273.0,1273.0,,,0.0,,,0.0
2025-01-06 08:00:00,,,,,,,1273.0,1273.0,,,0.0,,,0.0
2025-01-06 09:00:00,0.7022,1.0634,0.5518,0.5507,,,2240.0,2240.0,0.7642,0.3032,5.0,1.8309,0.08700001,5.0
2025-01-06 10:00:00,0.7448,,,,,,2241.0,2296.0,1.1656,0.2296,2.0,1.6234,0.112699986,2.0
2025-01-06 11:00:00,0.86179996,1.1308,0.42929998,0.4285,,1.0992,192.0,0.0,1.2975999,0.0822,6.0,1.5184999,0.1911,6.0
2025-01-06 12:00:00,0.9734,1.0346,0.345,0.3443,,1.0547999,192.0,0.0,1.0768,0.0376,6.0,1.188,0.08590001,6.0
2025-01-06 13:00:00,0.946,0.8078,0.3114,0.3109,-0.42339998,1.0222,0.0,0.0,1.0078,0.105799995,5.0,1.3081,0.19879997,5.0
2025-01-06 14:00:00,0.8642,,,,,,193.0,249.0,0.7948,0.0346,5.0,1.3005999,0.1171,5.0
2025-01-06 15:00:00,0.72999996,,,,,,193.0,249.0,,,0.0,,,0.0
2025-01-06 16:00:00,,,,,,,1533.0,1533.0,,,0.0,,,0.0
2025-01-06 17:00:00,,,,,,,1273.0,1273.0,,,0.0,,,0.0
2025-01-06 18:00:00,,,,,,,1273.0,1273.0,,,0.0,,,0.0
2025-01-06 19:00:00,,,,,,,1273.0,1273.0,,,0.0,,,0.0
2025-01-06 20:00:00,,,,,,,1273.0,1273.0,,,0.0,,,0.0
2025-01-06 21:00:00,,,,,,,1273.0,1273.0,,,0.0,,,0.0
2025-01-06 22:00:00,,,,,,,1273.0,1273.0,,,0.0,,,0.0
2025-01-06 23:00:00,,,,,,,1273.0,1273.0,,,0.0,,,0.0
2025-01-07 00:00:00,,,,,,,1273.0,1273.0,,,0.0,,,0.0
2025-01-07 01:00:00,,,,,,,1533.0,1533.0,,,0.0,,,0.0
2025-01-07 02:00:00,,,,,,,1273.0,1273.0,,,0.0,,,0.0
2025-01-07 03:00:00,,,,,,,1533.0,1533.0,,,0.0,,,0.0
2025-01-07 04:00:00,,,,,,,1529.0,1529.0,,,0.0,,,0.0
2025-01-07 05:00:00,,,,,,,1529.0,1529.0,,,0.0,,,0.0
2025-01-07 06:00:00,,,,,,,1273.0,1273.0,,,0.0,,,0.0
2025-01-07 07:00:00,,,,,,,1529.0,1529.0,,,0.0,,,0.0
2025-01-07 08:00:00,,,,,,,1533.0,1533.0,,,0.0,,,0.0
2025-01-07 09:00:00,,,,,,,509.0,509.0,,,0.0,,,0.0
2025-01-07 10:00:00,,,,,,,509.0,509.0,,,0.0,,,0.0
2025-01-07 11:00:00,,,,,,,505.0,505.0,,,0.0,,,0.0
2025-01-07 12:00:00,,,,,,,509.0,509.0,,,0.0,,,0.0
2025-01-07 13:00:00,,,,,,,509.0,509.0,,,0.0,,,0.0
2025-01-07 14:00:00,,,,,,,509.0,509.0,,,0.0,,,0.0
2025-01-07 15:00:00,,,,,,,509.0,509.0,,,0.0,,,0.0
2025-01-07 16:00:00,,,,,,,1533.0,1533.0,,,0.0,,,0.0
2025-01-07 17:00:00,,,,,,,1533.0,1533.0,,,0.0,,,0.0
2025-01-07 18:00:00,,,,,,,1529.0,1529.0,,,0.0,,,0.0
2025-01-07 19:00:00,,,,,,,1529.0,1529.0,,,0.0,,,0.0
2025-01-07 20:00:00,,,,,,,1273.0,1273.0,,,0.0,,,0.0
2025-01-07 21:00:00,,,,,,,1273.0,1273.0,,,0.0,,,0.0
2025-01-07 22:00:00,,,,,,,1529.0,1529.0,,,0.0,,,0.0
2025-01-07 23:00:00,,,,,,,1533.0,1533.0,,,0.0,,,0.0
2025-01-08 00:00:00,,,,,,,1529.0,1529.0,,,0.0,,,0.0
2025-01-08 01:00:00,,,,,,,1273.0,1273.0,,,0.0,,,0.0
2025-01-08 02:00:00,,,,,,,1273.0,1273.0,,,0.0,,,0.0
2025-01-08 04:00:00,,,,,,,1273.0,1273.0,,,0.0,,,0.0
2025-01-08 05:00:00,,,,,,,1273.0,1273.0,,,0.0,,,0.0
2025-01-08 06:00:00,,,,,,,1273.0,1273.0,,,0.0,,,0.0
2025-01-08 07:00:00,,,,,,,1273.0,1273.0,,,0.0,,,0.0
2025-01-08 08:00:00,,,,,,,1533.0,1533.0,,,0.0,,,0.0
2025-01-08 09:00:00,,,,,,,509.0,509.0,,,0.0,,,0.0
2025-01-08 10:00:00,,,,,,,509.0,509.0,,,0.0,,,0.0
2025-01-08 11:00:00,,,,,,,509.0,509.0,,,0.0,,,0.0
2025-01-08 12:00:00,,,,,,,509.0,509.0,,,0.0,,,0.0
2025-01-08 13:00:00,,,,,,,509.0,509.0,,,0.0,,,0.0
2025-01-08 14:00:00,,,,,,,509.0,509.0,,,0.0,,,0.0
2025-01-08 15:00:00,,,,,,,509.0,509.0,,,0.0,,,0.0
2025-01-08 16:00:00,,,,,,,1533.0,1533.0,,,0.0,,,0.0
2025-01-08 17:00:00,,,,,,,1533.0,1533.0,,,0.0,,,0.0
2025-01-08 18:00:00,,,,,,,1529.0,1529.0,,,0.0,,,0.0
2025-01-08 19:00:00,,,,,,,1529.0,1529.0,,,0.0,,,0.0
2025-01-08 20:00:00,,,,,,,1533.0,1533.0,,,0.0,,,0.0
2025-01-08 21:00:00,,,,,,,1273.0,1273.0,,,0.0,,,0.0
2025-01-08 22:00:00,,,,,,,1533.0,1533.0,,,0.0,,,0.0
2025-01-08 23:00:00,,,,,,,1273.0,1273.0,,,0.0,,,0.0
2025-01-09 00:00:00,,,,,,,1273.0,1273.0,,,0.0,,,0.0
2025-01-09 01:00:00,,,,,,,1273.0,1273.0,,,0.0,,,0.0
2025-01-09 02:00:00,,,,,,,1533.0,1533.0,,,0.0,,,0.0
2025-01-09 03:00:00,,,,,,,1529.0,1529.0,,,0.0,,,0.0
2025-01-09 04:00:00,,,,,,,1529.0,1529.0,,,0.0,,,0.0
2025-01-09 05:00:00,,,,,,,1529.0,1529.0,,,0.0,,,0.0
2025-01-09 06:00:00,,,,,,,1273.0,1273.0,,,0.0,,,0.0
2025-01-09 07:00:00,,,,,,,1273.0,1273.0,,,0.0,,,0.0
2025-01-09 08:00:00,,,,,,,1533.0,1533.0,,,0.0,,,0.0
2025-01-09 09:00:00,,,,,,,509.0,509.0,,,0.0,,,0.0
2025-01-09 10:00:00,,,,,,,509.0,509.0,,,0.0,,,0.0
2025-01-09 11:00:00,,,,,,,509.0,509.0,,,0.0,,,0.0
2025-01-09 12:00:00,,,,,,,509.0,509.0,,,0.0,,,0.0
2025-01-09 13:00:00,,,,,,,509.0,509.0,,,0.0,,,0.0
2025-01-09 14:00:00,,,,,,,509.0,509.0,,,0.0,,,0.0
2025-01-09 15:00:00,,,,,,,509.0,509.0,,,0.0,,,0.0
2025-01-09 16:00:00,,,,,,,1533.0,1533.0,,,0.0,,,0.0
2025-01-09 17:00:00,,,,,,,1533.0,1533.0,,,0.0,,,0.0
2025-01-09 18:00:00,,,,,,,1529.0,1529.0,,,0.0,,,0.0
2025-01-09 19:00:00,,,,,,,1273.0,1273.0,,,0.0,,,0.0
2025-01-09 20:00:00,,,,,,,1533.0,1533.0,,,0.0,,,0.0
2025-01-09 21:00:00,,,,,,,1529.0,1529.0,,,0.0,,,0.0
2025-01-09 22:00:00,,,,,,,1273.0,1273.0,,,0.0,,,0.0
2025-01-09 23:00:00,,,,,,,1273.0,1273.0,,,0.0,,,0.0
2025-01-10 00:00:00,,,,,,,1273.0,1273.0,,,0.0,,,0.0
2025-01-10 01:00:00,,,,,,,1273.0,1273.0,,,0.0,,,0.0
2025-01-10 02:00:00,,,,,,,1273.0,1273.0,,,0.0,,,0.0
2025-01-10 03:00:00,,,,,,,1533.0,1533.0,,,0.0,,,0.0
2025-01-10 04:00:00,,,,,,,1273.0,1273.0,,,0.0,,,0.0
2025-01-10 05:00:00,,,,,,,1273.0,1273.0,,,0.0,,,0.0
2025-01-10 06:00:00,,,,,,,1529.0,1529.0,,,0.0,,,0.0
2025-01-10 07:00:00,,,,,,,1529.0,1529.0,,,0.0,,,0.0
2025-01-10 08:00:00,,,,,,,1533.0,1533.0,,,0.0,,,0.0
2025-01-10 09:00:00,,,,,,,509.0,509.0,,,0.0,,,0.0
2025-01-10 10:00:00,,,,,,,509.0,509.0,,,0.0,,,0.0
2025-01-10 11:00:00,,,,,,,509.0,509.0,,,0.0,,,0.0
2025-01-10 12:00:00,,,,,,,509.0,509.0,,,0.0,,,0.0
2025-01-10 13:00:00,,,,,,,509.0,509.0,,,0.0,,,0.0
2025-01-10 14:00:00,,,,,,,509.0,509.0,,,0.0,,,0.0
2025-01-10 15:00:00,,,,,,,509.0,509.0,,,0.0,,,0.0
2025-01-10 16:00:00,,,,,,,1533.0,1533.0,,,0.0,,,0.0
2025-01-10 17:00:00,,,,,,,1533.0,1533.0,,,0.0,,,0.0
2025-01-10 18:00:00,,,,,,,1273.0,1273.0,,,0.0,,,0.0
2025-01-10 19:00:00,,,,,,,1273.0,1273.0,,,0.0,,,0.0
2025-01-10 20:00:00,,,,,,,1273.0,1273.0,,,0.0,,,0.0
2025-01-10 21:00:00,,,,,,,1273.0,1273.0,,,0.0,,,0.0
2025-01-10 22:00:00,,,,,,,1273.0,1273.0,,,0.0,,,0.0
2025-01-10 23:00:00,,,,,,,1273.0,1273.0,,,0.0,,,0.0
2025-01-11 00:00:00,,,,,,,1273.0,1273.0,,,0.0,,,0.0
2025-01-11 01:00:00,,,,,,,1273.0,1273.0,,,0.0,,,0.0
2025-01-11 02:00:00,,,,,,,1273.0,1273.0,,,0.0,,,0.0
2025-01-11 03:00:00,,,,,,,1273.0,1273.0,,,0.0,,,0.0
2025-01-11 04:00:00,,,,,,,1273.0,1273.0,,,0.0,,,0.0
2025-01-11 05:00:00,,,,,,,1273.0,1273.0,,,0.0,,,0.0
2025-01-11 06:00:00,,,,,,,1273.0,1273.0,,,0.0,,,0.0
2025-01-11 07:00:00,,,,,,,1273.0,1273.0,,,0.0,,,0.0
2025-01-11 08:00:00,,,,,,,1533.0,1533.0,,,0.0,,,0.0
2025-01-11 09:00:00,,,,,,,509.0,509.0,,,0.0,,,0.0
2025-01-11 10:00:00,,,,,,,509.0,509.0,,,0.0,,,0.0
2025-01-11 11:00:00,,,,,,,509.0,509.0,,,0.0,,,0.0
2025-01-11 12:00:00,,,,,,,509.0,509.0,,,0.0,,,0.0
2025-01-11 13:00:00,,,,,,,509.0,509.0,,,0.0,,,0.0
2025-01-11 14:00:00,,,,,,,505.0,505.0,0.9982,0.0,1.0,-0.0627,0.0,1.0
2025-01-11 15:00:00,,,,,,,505.0,505.0,,,0.0,,,0.0
2025-01-11 16:00:00,,,,,,,1533.0,1533.0,,,0.0,,,0.0
2025-01-11 17:00:00,,,,,,,1533.0,1533.0,,,0.0,,,0.0
2025-01-11 18:00:00,,,,,,,1273.0,1273.0,,,0.0,,,0.0
2025-01-11 19:00:00,,,,,,,1273.0,1273.0,,,0.0,,,0.0
2025-01-11 20:00:00,,,,,,,1273.0,1273.0,,,0.0,,,0.0
2025-01-11 21:00:00,,,,,,,1273.0,1273.0,,,0.0,,,0.0
2025-01-11 22:00:00,,,,,,,1273.0,1273.0,,,0.0,,,0.0
2025-01-11 23:00:00,,,,,,,1273.0,1273.0,,,0.0,,,0.0
2025-01-12 00:00:00,,,,,,,1273.0,1273.0,,,0.0,,,0.0
2025-01-12 01:00:00,,,,,,,1273.0,1273.0,,,0.0,,,0.0
2025-01-12 02:00:00,,,,,,,1273.0,1273.0,,,0.0,,,0.0
2025-01-12 03:00:00,,,,,,,1273.0,1273.0,,,0.0,,,0.0
2025-01-12 04:00:00,,,,,,,1273.0,1273.0,,,0.0,,,0.0
2025-01-12 05:00:00,,,,,,,1273.0,1273.0,,,0.0,,,0.0
2025-01-12 06:00:00,,,,,,,1273.0,1273.0,,,0.0,,,0.0
2025-01-12 07:00:00,,,,,,,1273.0,1273.0,,,0.0,,,0.0
2025-01-12 08:00:00,,,,,,,1273.0,1273.0,,,0.0,,,0.0
2025-01-12 09:00:00,,,,,,,249.0,248.0,0.036199998,0.0424,5.0,1.2563,0.06220001,5.0
2025-01-12 10:00:00,0.091,,,,,,193.0,248.0,0.103599995,0.0682,6.0,1.1862999,0.10189998,6.0
2025-01-12 11:00:00,0.1584,,,,,,193.0,248.0,0.1408,0.0438,5.0,1.1717,0.07379997,5.0
2025-01-12 12:00:00,0.2496,,,,,,2241.0,2296.0,0.0534,0.030399999,4.0,1.2637,0.020399988,4.0
2025-01-12 13:00:00,0.31059998,,,,,,193.0,249.0,0.0036,0.0,1.0,1.2694,0.0,1.0
2025-01-12 14:00:00,0.3558,,,,,,193.0,249.0,,,0.0,,,0.0
2025-01-12 15:00:00,,,,,,,249.0,249.0,,,0.0,,,0.0
2025-01-12 17:00:00,,,,,,,1533.0,1533.0,,,0.0,,,0.0
2025-01-12 18:00:00,,,,,,,1273.0,1273.0,,,0.0,,,0.0
2025-01-12 19:00:00,,,,,,,1273.0,1273.0,,,0.0,,,0.0
2025-01-12 20:00:00,,,,,,,1273.0,1273.0,,,0.0,,,0.0
2025-01-12 21:00:00,,,,,,,1273.0,1273.0,,,0.0,,,0.0
2025-01-12 22:00:00,,,,,,,1273.0,1273.0,,,0.0,,,0.0
2025-01-12 23:00:00,,,,,,,1273.0,1273.0,,,0.0,,,0.0
2025-01-13 00:00:00,,,,,,,1273.0,1273.0,,,0.0,,,0.0
2025-01-13 01:00:00,,,,,,,1273.0,1273.0,,,0.0,,,0.0
2025-01-13 02:00:00,,,,,,,1273.0,1273.0,,,0.0,,,0.0
2025-01-13 03:00:00,,,,,,,1273.0,1273.0,,,0.0,,,0.0
2025-01-13 04:00:00,,,,,,,1273.0,1273.0,,,0.0,,,0.0
2025-01-13 05:00:00,,,,,,,1273.0,1273.0,,,0.0,,,0.0
2025-01-13 06:00:00,,,,,,,1273.0,1273.0,,,0.0,,,0.0
2025-01-13 07:00:00,,,,,,,1273.0,1273.0,,,0.0,,,0.0
2025-01-13 08:00:00,,,,,,,1273.0,1273.0,,,0.0,,,0.0
2025-01-13 09:00:00,,,,,,,249.0,248.0,0.048,0.0528,3.0,1.1953,0.051699996,3.0
2025-01-13 10:00:00,0.1442,,,,,,193.0,248.0,0.116799995,0.0774,6.0,1.1968,0.08609998,6.0
2025-01-13 11:00:00,0.32459998,,,,,,193.0,248.0,0.29979998,0.086799994,6.0,1.2114999,0.092400014,6.0
2025-01-13 12:00:00,0.5776,0.7784,0.95659995,0.9562,,,192.0,192.0,0.51379997,0.121199995,6.0,1.168,0.090600014,6.0
2025-01-13 13:00:00,0.7994,0.918,0.3177,0.3166,,0.9512,192.0,0.0,0.8066,0.0532,6.0,1.1574,0.13549995,6.0
2025-01-13 14:00:00,0.7482,,,,-0.4959,,1.0,249.0,0.833,0.0596,5.0,1.2876999,0.14819998,5.0
2025-01-13 15:00:00,0.53279996,0.329,0.8781,0.8779,,,192.0,192.0,0.329,0.0,1.0,0.9137,0.0,1.0
2025-01-13 16:00:00,0.5476,,,,-0.1469,,1285.0,1533.0,0.4736,0.0656,5.0,1.1380999,0.1056,5.0
2025-01-13 17:00:00,,,,,,,1529.0,1529.0,,,0.0,,,0.0
2025-01-13 18:00:00,,,,,,,1273.0,1273.0,,,0.0,,,0.0
2025-01-13 19:00:00,,,,,,,1273.0,1273.0,,,0.0,,,0.0
2025-01-13 20:00:00,,,,,,,1273.0,1273.0,,,0.0,,,0.0
2025-01-13 21:00:00,,,,,,,1273.0,1273.0,,,0.0,,,0.0
2025-01-13 22:00:00,,,,,,,1273.0,1273.0,,,0.0,,,0.0
2025-01-13 23:00:00,,,,,,,1273.0,1273.0,,,0.0,,,0.0
2025-01-14 00:00:00,,,,,,,1273.0,1273.0,,,0.0,,,0.0
2025-01-14 01:00:00,,,,,,,1273.0,1273.0,,,0.0,,,0.0
2025-01-14 02:00:00,,,,,,,1273.0,1273.0,,,0.0,,,0.0
2025-01-14 03:00:00,,,,,,,1529.0,1529.0,,,0.0,,,0.0
2025-01-14 04:00:00,,,,,,,1533.0,1533.0,,,0.0,,,0.0
2025-01-14 05:00:00,,,,,,,1273.0,1273.0,,,0.0,,,0.0
2025-01-14 06:00:00,,,,,,,1533.0,1533.0,,,0.0,,,0.0
2025-01-14 07:00:00,,,,,,,1529.0,1529.0,,,0.0,,,0.0
2025-01-14 08:00:00,,,,,,,1533.0,1533.0,,,0.0,,,0.0
2025-01-14 09:00:00,,,,,,,2553.0,2552.0,0.8106,0.0,1.0,1.7909,0.0,1.0
2025-01-14 10:00:00,,,,,,,509.0,509.0,0.7,0.0,1.0,1.6594,0.0,1.0
2025-01-14 11:00:00,,,,,,,509.0,509.0,,,0.0,,,0.0
2025-01-14 12:00:00,,,,,,,509.0,509.0,,,0.0,,,0.0
2025-01-14 13:00:00,,,,,,,509.0,509.0,,,0.0,,,0.0
2025-01-14 14:00:00,,,,,,,509.0,509.0,0.5542,0.033999998,4.0,1.2145,0.14969999,4.0
2025-01-14 15:00:00,,,,,,,509.0,509.0,,,0.0,,,0.0
2025-01-14 16:00:00,,,,,,,1533.0,1533.0,,,0.0,,,0.0
2025-01-14 17:00:00,,,,,,,1533.0,1533.0,,,0.0,,,0.0
2025-01-14 18:00:00,,,,,,,1273.0,1273.0,,,0.0,,,0.0
2025-01-14 19:00:00,,,,,,,1273.0,1273.0,,,0.0,,,0.0
2025-01-14 20:00:00,,,,,,,1533.0,1533.0,,,0.0,,,0.0
2025-01-14 21:00:00,,,,,,,1529.0,1529.0,,,0.0,,,0.0
2025-01-14 22:00:00,,,,,,,1533.0,1533.0,,,0.0,,,0.0
2025-01-14 23:00:00,,,,,,,1273.0,1273.0,,,0.0,,,0.0
2025-01-15 00:00:00,,,,,,,1533.0,1533.0,,,0.0,,,0.0
2025-01-15 02:00:00,,,,,,,1529.0,1529.0,,,0.0,,,0.0
2025-01-15 03:00:00,,,,,,,1273.0,1273.0,,,0.0,,,0.0
2025-01-15 04:00:00,,,,,,,1273.0,1273.0,,,0.0,,,0.0
2025-01-15 05:00:00,,,,,,,1273.0,1273.0,,,0.0,,,0.0
2025-01-15 06:00:00,,,,,,,1273.0,1273.0,,,0.0,,,0.0
2025-01-15 07:00:00,,,,,,,1273.0,1273.0,,,0.0,,,0.0
2025-01-15 08:00:00,,,,,,,1533.0,1533.0,,,0.0,,,0.0
2025-01-15 09:00:00,,,,,,,509.0,509.0,,,0.0,,,0.0
2025-01-15 10:00:00,,,,,,,509.0,509.0,,,0.0,,,0.0
2025-01-15 11:00:00,,,,,,,509.0,509.0,,,0.0,,,0.0
2025-01-15 12:00:00,,,,,,,509.0,509.0,,,0.0,,,0.0
2025-01-15 13:00:00,,,,,,,509.0,509.0,1.8745999,0.1802,3.0,0.671,0.09709996,3.0
2025-01-15 14:00:00,,,,,,,509.0,509.0,2.3762,0.0,1.0,0.4238,0.0,1.0
2025-01-15 15:00:00,,,,,,,509.0,509.0,,,0.0,,,0.0
2025-01-15 16:00:00,,,,,,,1533.0,1533.0,,,0.0,,,0.0
2025-01-15 17:00:00,,,,,,,1533.0,1533.0,,,0.0,,,0.0
2025-01-15 18:00:00,,,,,,,1273.0,1273.0,,,0.0,,,0.0
2025-01-15 19:00:00,,,,,,,1273.0,1273.0,,,0.0,,,0.0
2025-01-15 20:00:00,,,,,,,1529.0,1529.0,,,0.0,,,0.0
2025-01-15 21:00:00,,,,,,,1529.0,1529.0,,,0.0,,,0.0
2025-01-15 22:00:00,,,,,,,1273.0,1273.0,,,0.0,,,0.0
2025-01-15 23:00:00,,,,,,,1273.0,1273.0,,,0.0,,,0.0
2025-01-16 00:00:00,,,,,,,1533.0,1533.0,,,0.0,,,0.0
2025-01-16 01:00:00,,,,,,,1533.0,1533.0,,,0.0,,,0.0
2025-01-16 02:00:00,,,,,,,1273.0,1273.0,,,0.0,,,0.0
2025-01-16 03:00:00,,,,,,,1273.0,1273.0,,,0.0,,,0.0
2025-01-16 04:00:00,,,,,,,1273.0,1273.0,,,0.0,,,0.0
2025-01-16 05:00:00,,,,,,,1273.0,1273.0,,,0.0,,,0.0
2025-01-16 06:00:00,,,,,,,1273.0,1273.0,,,0.0,,,0.0
2025-01-16 07:00:00,,,,,,,1273.0,1273.0,,,0.0,,,0.0
2025-01-16 08:00:00,,,,,,,1273.0,1273.0,,,0.0,,,0.0
2025-01-16 09:00:00,0.2268,,,,,,193.0,248.0,0.14999999,0.03,5.0,1.3312,0.107899964,5.0
2025-01-16 10:00:00,0.3094,,,,,,193.0,248.0,0.1894,0.0708,6.0,1.2012,0.0959,6.0
2025-01-16 11:00:00,0.36319998,,,,,,193.0,248.0,0.2828,0.084,6.0,1.1703999,0.1056,6.0
2025-01-16 12:00:00,,,,,,,509.0,509.0,,,0.0,,,0.0
2025-01-16 13:00:00,,,,,,,249.0,248.0,0.574,0.065799996,2.0,0.7944,0.39489996,2.0
2025-01-16 14:00:00,0.5272,,,,,,449.0,505.0,0.4536,0.048,5.0,1.0753,0.2978,5.0
2025-01-16 15:00:00,,,,,,,249.0,248.0,0.2884,0.0,1.0,0.9304,0.0,1.0
2025-01-16 16:00:00,0.292,,,,,,1477.0,1533.0,0.4188,0.0492,5.0,0.9864,0.05919999,5.0
2025-01-16 17:00:00,,,,,,,1533.0,1533.0,,,0.0,,,0.0
2025-01-16 18:00:00,,,,,,,1273.0,1273.0,,,0.0,,,0.0
2025-01-16 19:00:00,,,,,,,1273.0,1273.0,,,0.0,,,0.0
2025-01-16 20:00:00,,,,,,,1533.0,1533.0,,,0.0,,,0.0
2025-01-16 21:00:00,,,,,,,1273.0,1273.0,,,0.0,,,0.0
2025-01-16 22:00:00,,,,,,,1273.0,1273.0,,,0.0,,,0.0
2025-01-16 23:00:00,,,,,,,1273.0,1273.0,,,0.0,,,0.0
2025-01-17 00:00:00,,,,,,,1273.0,1273.0,,,0.0,,,0.0
2025-01-17 01:00:00,,,,,,,1273.0,1273.0,,,0.0,,,0.0
2025-01-17 02:00:00,,,,,,,1273.0,1273.0,,,0.0,,,0.0
2025-01-17 03:00:00,,,,,,,1273.0,1273.0,,,0.0,,,0.0
2025-01-17 04:00:00,,,,,,,1273.0,1273.0,,,0.0,,,0.0
2025-01-17 05:00:00,,,,,,,1273.0,1273.0,,,0.0,,,0.0
2025-01-17 06:00:00,,,,,,,1273.0,1273.0,,,0.0,,,0.0
2025-01-17 07:00:00,,,,,,,1273.0,1273.0,,,0.0,,,0.0
2025-01-17 08:00:00,,,,,,,1273.0,1273.0,,,0.0,,,0.0
2025-01-17 09:00:00,0.56159997,,,,,,2241.0,2296.0,0.77019995,0.264,5.0,1.6329,0.12290001,5.0
2025-01-17 10:00:00,0.54219997,,,,,,2241.0,2296.0,0.3324,0.0742,6.0,1.4066,0.11860001,6.0
2025-01-17 11:00:00,0.7536,,,,,,193.0,248.0,0.498,0.083799995,6.0,1.2631999,0.10569996,6.0
2025-01-17 12:00:00,1.036,,,,,,193.0,248.0,0.8702,0.1568,6.0,1.1856999,0.062999964,6.0
2025-01-17 13:00:00,1.0916,1.337,0.3451,0.3439,,1.086,192.0,0.0,1.2362,0.054199997,6.0,1.2795,0.10439998,6.0
2025-01-17 14:00:00,1.0296,,,,,,193.0,249.0,1.1272,0.0716,5.0,1.2031,0.09709996,5.0
2025-01-17 15:00:00,0.816,0.9982,0.70699996,0.7062,-0.012900025,1.1452999,0.0,0.0,0.9982,0.0,1.0,1.1452999,0.0,1.0
2025-01-17 16:00:00,0.80439997,,,,0.16569996,,1285.0,1533.0,1.1788,0.16579999,5.0,1.3152,0.07709998,5.0
2025-01-17 17:00:00,,,,,,,1533.0,1533.0,,,0.0,,,0.0
2025-01-17 18:00:00,,,,,,,1273.0,1273.0,,,0.0,,,0.0
2025-01-17 19:00:00,,,,,,,1273.0,1273.0,,,0.0,,,0.0
2025-01-17 20:00:00,,,,,,,1273.0,1273.0,,,0.0,,,0.0
2025-01-17 21:00:00,,,,,,,1273.0,1273.0,,,0.0,,,0.0
2025-01-17 22:00:00,,,,,,,1273.0,1273.0,,,0.0,,,0.0
2025-01-17 23:00:00,,,,,,,1273.0,1273.0,,,0.0,,,0.0
2025-01-18 00:00:00,,,,,,,1273.0,1273.0,,,0.0,,,0.0
2025-01-18 01:00:00,,,,,,,1273.0,1273.0,,,0.0,,,0.0
2025-01-18 02:00:00,,,,,,,1273.0,1273.0,,,0.0,,,0.0
2025-01-18 03:00:00,,,,,,,1273.0,1273.0,,,0.0,,,0.0
2025-01-18 04:00:00,,,,,,,1529.0,1529.0,,,0.0,,,0.0
2025-01-18 05:00:00,,,,,,,1529.0,1529.0,,,0.0,,,0.0
2025-01-18 06:00:00,,,,,,,1273.0,1273.0,,,0.0,,,0.0
2025-01-18 07:00:00,,,,,,,1273.0,1273.0,,,0.0,,,0.0
2025-01-18 08:00:00,,,,,,,1533.0,1533.0,,,0.0,,,0.0
2025-01-18 09:00:00,,,,,,,509.0,509.0,,,0.0,,,0.0
2025-01-18 10:00:00,,,,,,,509.0,509.0,,,0.0,,,0.0
2025-01-18 11:00:00,,,,,,,509.0,509.0,,,0.0,,,0.0
2025-01-18 12:00:00,,,,,,,509.0,509.0,,,0.0,,,0.0
2025-01-18 13:00:00,,,,,,,509.0,509.0,,,0.0,,,0.0
2025-01-18 14:00:00,,,,,,,509.0,509.0,,,0.0,,,0.0
2025-01-18 15:00:00,,,,,,,509.0,509.0,,,0.0,,,0.0
2025-01-18 16:00:00,,,,,,,1533.0,1533.0,,,0.0,,,0.0
2025-01-18 17:00:00,,,,,,,1533.0,1533.0,,,0.0,,,0.0
2025-01-18 18:00:00,,,,,,,1273.0,1273.0,,,0.0,,,0.0
2025-01-18 19:00:00,,,,,,,1273.0,1273.0,,,0.0,,,0.0
2025-01-18 20:00:00,,,,,,,1273.0,1273.0,,,0.0,,,0.0
2025-01-18 21:00:00,,,,,,,1273.0,1273.0,,,0.0,,,0.0
2025-01-18 22:00:00,,,,,,,1273.0,1273.0,,,0.0,,,0.0
2025-01-18 23:00:00,,,,,,,1273.0,1273.0,,,0.0,,,0.0
2025-01-19 00:00:00,,,,,,,1273.0,1273.0,,,0.0,,,0.0
2025-01-19 01:00:00,,,,,,,1273.0,1273.0,,,0.0,,,0.0
2025-01-19 03:00:00,,,,,,,1273.0,1273.0,,,0.0,,,0.0
2025-01-19 04:00:00,,,,,,,1273.0,1273.0,,,0.0,,,0.0
2025-01-19 05:00:00,,,,,,,1273.0,1273.0,,,0.0,,,0.0
2025-01-19 06:00:00,,,,,,,1273.0,1273.0,,,0.0,,,0.0
2025-01-19 07:00:00,,,,,,,1273.0,1273.0,,,0.0,,,0.0
2025-01-19 08:00:00,,,,,,,1533.0,1533.0,,,0.0,,,0.0
2025-01-19 09:00:00,,,,,,,509.0,509.0,,,0.0,,,0.0
2025-01-19 11:00:00,,,,,,,505.0,505.0,,,0.0,,,0.0
2025-01-19 12:00:00,,,,,,,505.0,505.0,,,0.0,,,0.0
2025-01-19 13:00:00,,,,,,,505.0,505.0,,,0.0,,,0.0
2025-01-19 14:00:00,,,,,,,509.0,509.0,,,0.0,,,0.0
2025-01-19 15:00:00,,,,,,,249.0,248.0,0.717,0.0,1.0,0.9978,0.0,1.0
2025-01-19 16:00:00,0.5672,,,,-0.4241,,1285.0,1533.0,0.6708,0.023599999,5.0,1.1893,0.07969999,5.0
2025-01-19 17:00:00,,,,,,,1533.0,1533.0,,,0.0,,,0.0
2025-01-19 18:00:00,,,,,,,1273.0,1273.0,,,0.0,,,0.0
2025-01-19 19:00:00,,,,,,,1273.0,1273.0,,,0.0,,,0.0
2025-01-19 21:00:00,,,,,,,1529.0,1529.0,,,0.0,,,0.0
2025-01-19 22:00:00,,,,,,,1529.0,1529.0,,,0.0,,,0.0
2025-01-19 23:00:00,,,,,,,1273.0,1273.0,,,0.0,,,0.0
2025-01-20 00:00:00,,,,,,,1529.0,1529.0,,,0.0,,,0.0
2025-01-20 01:00:00,,,,,,,1273.0,1273.0,,,0.0,,,0.0
2025-01-20 02:00:00,,,,,,,1273.0,1273.0,,,0.0,,,0.0
2025-01-20 03:00:00,,,,,,,1529.0,1529.0,,,0.0,,,0.0
2025-01-20 04:00:00,,,,,,,1529.0,1529.0,,,0.0,,,0.0
2025-01-20 05:00:00,,,,,,,1533.0,1533.0,,,0.0,,,0.0
2025-01-20 06:00:00,,,,,,,1273.0,1273.0,,,0.0,,,0.0
2025-01-20 07:00:00,,,,,,,1273.0,1273.0,,,0.0,,,0.0
2025-01-20 08:00:00,,,,,,,1533.0,1533.0,,,0.0,,,0.0
2025-01-20 09:00:00,,,,,,,509.0,509.0,,,0.0,,,0.0
2025-01-20 10:00:00,,,,,,,509.0,509.0,,,0.0,,,0.0
2025-01-20 11:00:00,,,,,,,509.0,509.0,,,0.0,,,0.0
2025-01-20 12:00:00,,,,,,,509.0,509.0,,,0.0,,,0.0
2025-01-20 13:00:00,0.96559995,1.0712,0.32619998,0.3233,-0.3091,1.1514,0.0,0.0,1.1918,0.0726,4.0,1.1558,0.009199977,4.0
2025-01-20 14:00:00,0.8932,0.9726,0.2233,0.22199999,-0.2938,1.1831,0.0,0.0,0.9468,0.058599997,6.0,1.2633,0.1232,6.0
2025-01-20 15:00:00,0.8028,0.96,0.62189996,0.6214,0.2299,1.1653,0.0,0.0,0.95479995,0.036399998,6.0,1.2771,0.060599983,6.0
2025-01-20 16:00:00,0.7794,,,,0.96519995,,1285.0,1533.0,1.1409999,0.1688,5.0,1.3334,0.0636,5.0
2025-01-20 17:00:00,,,,,,,1533.0,1533.0,,,0.0,,,0.0
2025-01-20 18:00:00,,,,,,,1273.0,1273.0,,,0.0,,,0.0
2025-01-20 19:00:00,,,,,,,1273.0,1273.0,,,0.0,,,0.0
2025-01-20 20:00:00,,,,,,,1273.0,1273.0,,,0.0,,,0.0
2025-01-20 21:00:00,,,,,,,1273.0,1273.0,,,0.0,,,0.0
2025-01-20 22:00:00,,,,,,,1273.0,1273.0,,,0.0,,,0.0
2025-01-20 23:00:00,,,,,,,1273.0,1273.0,,,0.0,,,0.0
2025-01-21 00:00:00,,,,,,,1273.0,1273.0,,,0.0,,,0.0
2025-01-21 01:00:00,,,,,,,1273.0,1273.0,,,0.0,,,0.0
2025-01-21 02:00:00,,,,,,,1533.0,1533.0,,,0.0,,,0.0
2025-01-21 03:00:00,,,,,,,1273.0,1273.0,,,0.0,,,0.0
2025-01-21 04:00:00,,,,,,,1529.0,1529.0,,,0.0,,,0.0
2025-01-21 05:00:00,,,,,,,1533.0,1533.0,,,0.0,,,0.0
2025-01-21 06:00:00,,,,,,,1529.0,1529.0,,,0.0,,,0.0
2025-01-21 07:00:00,,,,,,,1533.0,1533.0,,,0.0,,,0.0
2025-01-21 08:00:00,,,,,,,1273.0,1273.0,,,0.0,,,0.0
2025-01-21 09:00:00,0.58199996,,,,,,2241.0,2296.0,0.57519996,0.12879999,5.0,1.6613998,0.14410001,5.0
2025-01-21 10:00:00,0.5934,,,,,,193.0,248.0,0.38259998,0.0502,6.0,1.3893,0.11769998,6.0
2025-01-21 11:00:00,0.6322,,,,,,193.0,248.0,0.5008,0.1646,6.0,1.2231,0.17769998,6.0
2025-01-21 12:00:00,0.6574,,,,,,193.0,248.0,0.73219997,0.092599995,6.0,0.9533,0.12220001,6.0
2025-01-21 13:00:00,0.5736,0.5628,0.2974,0.2969,-0.4842,0.98899996,0.0,0.0,0.6422,0.0488,6.0,1.0396999,0.11689997,6.0
2025-01-21 14:00:00,0.5266,0.611,0.2647,0.2642,,0.9462,192.0,0.0,0.57839996,0.0174,6.0,1.2601,0.23089999,6.0
2025-01-21 15:00:00,0.5668,0.7066,0.8189,0.8186,,1.1097,192.0,0.0,0.6604,0.0668,6.0,1.1660999,0.11289996,6.0
2025-01-21 16:00:00,0.53319997,,,,,,1477.0,1533.0,0.67939997,0.038399998,5.0,1.2810999,0.0704,5.0
2025-01-21 17:00:00,,,,,,,1533.0,1533.0,,,0.0,,,0.0
2025-01-21 18:00:00,,,,,,,1273.0,1273.0,,,0.0,,,0.0
2025-01-21 19:00:00,,,,,,,1273.0,1273.0,,,0.0,,,0.0
2025-01-21 20:00:00,,,,,,,1533.0,1533.0,,,0.0,,,0.0
2025-01-21 21:00:00,,,,,,,1529.0,1529.0,,,0.0,,,0.0
2025-01-21 22:00:00,,,,,,,1533.0,1533.0,,,0.0,,,0.0
2025-01-22 02:00:00,,,,,,,1533.0,1533.0,,,0.0,,,0.0
2025-01-22 03:00:00,,,,,,,1529.0,1529.0,,,0.0,,,0.0
2025-01-22 04:00:00,,,,,,,1273.0,1273.0,,,0.0,,,0.0
2025-01-22 05:00:00,,,,,,,1529.0,1529.0,,,0.0,,,0.0
2025-01-22 06:00:00,,,,,,,1273.0,1273.0,,,0.0,,,0.0
2025-01-22 07:00:00,,,,,,,1529.0,1529.0,,,0.0,,,0.0
2025-01-22 08:00:00,,,,,,,1533.0,1533.0,,,0.0,,,0.0
2025-01-22 09:00:00,,,,,,,509.0,509.0,,,0.0,,,0.0
2025-01-22 10:00:00,,,,,,,509.0,509.0,,,0.0,,,0.0
2025-01-22 11:00:00,,,,,,,509.0,509.0,,,0.0,,,0.0
2025-01-22 12:00:00,,,,,,,509.0,509.0,,,0.0,,,0.0
2025-01-22 13:00:00,,,,,,,509.0,509.0,,,0.0,,,0.0
2025-01-22 14:00:00,,,,,,,509.0,509.0,,,0.0,,,0.0
2025-01-22 15:00:00,,,,,,,509.0,509.0,,,0.0,,,0.0
2025-01-22 16:00:00,,,,,,,1533.0,1533.0,,,0.0,,,0.0
2025-01-22 17:00:00,,,,,,,1533.0,1533.0,,,0.0,,,0.0
2025-01-22 18:00:00,,,,,,,1273.0,1273.0,,,0.0,,,0.0
2025-01-22 19:00:00,,,,,,,1529.0,1529.0,,,0.0,,,0.0
2025-01-22 20:00:00,,,,,,,1273.0,1273.0,,,0.0,,,0.0
2025-01-22 21:00:00,,,,,,,1273.0,1273.0,,,0.0,,,0.0
2025-01-22 22:00:00,,,,,,,1273.0,1273.0,,,0.0,,,0.0
2025-01-22 23:00:00,,,,,,,1273.0,1273.0,,,0.0,,,0.0
2025-01-23 00:00:00,,,,,,,1273.0,1273.0,,,0.0,,,0.0
2025-01-23 01:00:00,,,,,,,1273.0,1273.0,,,0.0,,,0.0
2025-01-23 02:00:00,,,,,,,1273.0,1273.0,,,0.0,,,0.0
2025-01-23 03:00:00,,,,,,,1273.0,1273.0,,,0.0,,,0.0
2025-01-23 04:00:00,,,,,,,1273.0,1273.0,,,0.0,,,0.0
2025-01-23 05:00:00,,,,,,,1273.0,1273.0,,,0.0,,,0.0
2025-01-23 06:00:00,,,,,,,1273.0,1273.0,,,0.0,,,0.0
2025-01-23 07:00:00,,,,,,,1533.0,1533.0,,,0.0,,,0.0
2025-01-23 08:00:00,,,,,,,1533.0,1533.0,,,0.0,,,0.0
2025-01-23 09:00:00,,,,,,,509.0,509.0,,,0.0,,,0.0
2025-01-23 10:00:00,,,,,,,509.0,509.0,,,0.0,,,0.0
2025-01-23 11:00:00,,,,,,,509.0,509.0,,,0.0,,,0.0
2025-01-23 12:00:00,,,,,,,509.0,509.0,,,0.0,,,0.0
2025-01-23 13:00:00,,,,,,,509.0,509.0,,,0.0,,,0.0
2025-01-23 14:00:00,,,,,,,509.0,509.0,,,0.0,,,0.0
2025-01-23 15:00:00,,,,,,,509.0,509.0,,,0.0,,,0.0
2025-01-23 16:00:00,,,,,,,1533.0,1533.0,,,0.0,,,0.0
2025-01-23 17:00:00,,,,,,,1533.0,1533.0,,,0.0,,,0.0
2025-01-23 18:00:00,,,,,,,1273.0,1273.0,,,0.0,,,0.0
2025-01-23 19:00:00,,,,,,,1533.0,1533.0,,,0.0,,,0.0
2025-01-23 20:00:00,,,,,,,1529.0,1529.0,,,0.0,,,0.0
2025-01-23 21:00:00,,,,,,,1529.0,1529.0,,,0.0,,,0.0
2025-01-23 22:00:00,,,,,,,1273.0,1273.0,,,0.0,,,0.0
2025-01-23 23:00:00,,,,,,,1273.0,1273.0,,,0.0,,,0.0
2025-01-24 00:00:00,,,,,,,1273.0,1273.0,,,0.0,,,0.0
2025-01-24 01:00:00,,,,,,,1273.0,1273.0,,,0.0,,,0.0
2025-01-24 02:00:00,,,,,,,1529.0,1529.0,,,0.0,,,0.0
2025-01-24 03:00:00,,,,,,,1273.0,1273.0,,,0.0,,,0.0
2025-01-24 04:00:00,,,,,,,1273.0,1273.0,,,0.0,,,0.0
2025-01-24 05:00:00,,,,,,,1273.0,1273.0,,,0.0,,,0.0
2025-01-24 06:00:00,,,,,,,1273.0,1273.0,,,0.0,,,0.0
2025-01-24 07:00:00,,,,,,,1533.0,1533.0,,,0.0,,,0.0
2025-01-24 08:00:00,,,,,,,1533.0,1533.0,,,0.0,,,0.0
2025-01-24 09:00:00,,,,,,,509.0,509.0,,,0.0,,,0.0
2025-01-24 10:00:00,,,,,,,509.0,509.0,,,0.0,,,0.0
2025-01-24 11:00:00,,,,,,,509.0,509.0,,,0.0,,,0.0
2025-01-24 12:00:00,,,,,,,509.0,509.0,,,0.0,,,0.0
2025-01-24 13:00:00,,,,,,,509.0,509.0,,,0.0,,,0.0
2025-01-24 14:00:00,,,,,,,509.0,509.0,,,0.0,,,0.0
2025-01-24 15:00:00,,,,,,,509.0,509.0,,,0.0,,,0.0
2025-01-24 16:00:00,,,,,,,509.0,509.0,,,0.0,,,0.0
2025-01-24 17:00:00,,,,,,,1533.0,1533.0,,,0.0,,,0.0
2025-01-24 18:00:00,,,,,,,1529.0,1529.0,,,0.0,,,0.0
2025-01-24 19:00:00,,,,,,,1533.0,1533.0,,,0.0,,,0.0
2025-01-24 20:00:00,,,,,,,1529.0,1529.0,,,0.0,,,0.0
2025-01-24 21:00:00,,,,,,,1273.0,1273.0,,,0.0,,,0.0
2025-01-24 22:00:00,,,,,,,1273.0,1273.0,,,0.0,,,0.0
2025-01-24 23:00:00,,,,,,,1273.0,1273.0,,,0.0,,,0.0
2025-01-25 00:00:00,,,,,,,1273.0,1273.0,,,0.0,,,0.0
2025-01-25 01:00:00,,,,,,,1273.0,1273.0,,,0.0,,,0.0
2025-01-25 02:00:00,,,,,,,1273.0,1273.0,,,0.0,,,0.0
2025-01-25 03:00:00,,,,,,,1273.0,1273.0,,,0.0,,,0.0
2025-01-25 04:00:00,,,,,,,1273.0,1273.0,,,0.0,,,0.0
2025-01-25 05:00:00,,,,,,,1273.0,1273.0,,,0.0,,,0.0
2025-01-25 06:00:00,,,,,,,1273.0,1273.0,,,0.0,,,0.0
2025-01-25 07:00:00,,,,,,,1533.0,1533.0,,,0.0,,,0.0
2025-01-25 08:00:00,,,,,,,1533.0,1533.0,,,0.0,,,0.0
2025-01-25 09:00:00,,,,,,,509.0,509.0,,,0.0,,,0.0
2025-01-25 10:00:00,,,,,,,509.0,509.0,,,0.0,,,0.0
2025-01-25 11:00:00,,,,,,,509.0,509.0,,,0.0,,,0.0
2025-01-25 12:00:00,,,,,,,509.0,509.0,,,0.0,,,0.0
2025-01-25 13:00:00,,,,,,,509.0,509.0,,,0.0,,,0.0
2025-01-25 14:00:00,,,,,,,509.0,509.0,,,0.0,,,0.0
2025-01-25 15:00:00,,,,,,,509.0,509.0,,,0.0,,,0.0
2025-01-25 16:00:00,,,,,,,509.0,509.0,1.5158,0.0,1.0,0.7509999,0.0,1.0
2025-01-25 17:00:00,,,,,,,1533.0,1533.0,,,0.0,,,0.0
2025-01-25 18:00:00,,,,,,,1273.0,1273.0,,,0.0,,,0.0
2025-01-25 19:00:00,,,,,,,1273.0,1273.0,,,0.0,,,0.0
2025-01-25 20:00:00,,,,,,,1273.0,1273.0,,,0.0,,,0.0
2025-01-25 21:00:00,,,,,,,1273.0,1273.0,,,0.0,,,0.0
2025-01-25 22:00:00,,,,,,,1273.0,1273.0,,,0.0,,,0.0
2025-01-25 23:00:00,,,,,,,1529.0,1529.0,,,0.0,,,0.0
2025-01-26 00:00:00,,,,,,,1273.0,1273.0,,,0.0,,,0.0
2025-01-26 01:00:00,,,,,,,1529.0,1529.0,,,0.0,,,0.0
2025-01-26 02:00:00,,,,,,,1533.0,1533.0,,,0.0,,,0.0
2025-01-26 03:00:00,,,,,,,1533.0,1533.0,,,0.0,,,0.0
2025-01-26 04:00:00,,,,,,,1533.0,1533.0,,,0.0,,,0.0
2025-01-26 05:00:00,,,,,,,1529.0,1529.0,,,0.0,,,0.0
2025-01-26 06:00:00,,,,,,,1529.0,1529.0,,,0.0,,,0.0
2025-01-26 07:00:00,,,,,,,1533.0,1533.0,,,0.0,,,0.0
2025-01-26 08:00:00,,,,,,,1533.0,1533.0,,,0.0,,,0.0
2025-01-26 09:00:00,,,,,,,509.0,509.0,,,0.0,,,0.0
2025-01-26 10:00:00,,,,,,,509.0,509.0,,,0.0,,,0.0
2025-01-26 11:00:00,,,,,,,509.0,509.0,,,0.0,,,0.0
2025-01-26 12:00:00,,,,,,,509.0,509.0,,,0.0,,,0.0
2025-01-26 13:00:00,,,,,,,509.0,509.0,,,0.0,,,0.0
2025-01-26 14:00:00,,,,,,,509.0,509.0,,,0.0,,,0.0
2025-01-26 15:00:00,,,,,,,509.0,509.0,,,0.0,,,0.0
2025-01-26 16:00:00,,,,,,,509.0,509.0,,,0.0,,,0.0
2025-01-26 17:00:00,,,,,,,1533.0,1533.0,,,0.0,,,0.0
2025-01-26 18:00:00,,,,,,,1529.0,1529.0,,,0.0,,,0.0
2025-01-26 19:00:00,,,,,,,1533.0,1533.0,,,0.0,,,0.0
2025-01-26 20:00:00,,,,,,,1533.0,1533.0,,,0.0,,,0.0
2025-01-26 21:00:00,,,,,,,1529.0,1529.0,,,0.0,,,0.0
2025-01-26 22:00:00,,,,,,,1533.0,1533.0,,,0.0,,,0.0
2025-01-26 23:00:00,,,,,,,1533.0,1533.0,,,0.0,,,0.0
2025-01-27 00:00:00,,,,,,,1533.0,1533.0,,,0.0,,,0.0
2025-01-27 01:00:00,,,,,,,1529.0,1529.0,,,0.0,,,0.0
2025-01-27 02:00:00,,,,,,,1533.0,1533.0,,,0.0,,,0.0
2025-01-27 03:00:00,,,,,,,1529.0,1529.0,,,0.0,,,0.0
2025-01-27 04:00:00,,,,,,,1529.0,1529.0,,,0.0,,,0.0
2025-01-27 05:00:00,,,,,,,1533.0,1533.0,,,0.0,,,0.0
2025-01-27 06:00:00,,,,,,,1533.0,1533.0,,,0.0,,,0.0
2025-01-27 07:00:00,,,,,,,1533.0,1533.0,,,0.0,,,0.0
2025-01-27 08:00:00,,,,,,,1533.0,1533.0,,,0.0,,,0.0
2025-01-27 09:00:00,,,,,,,509.0,509.0,,,0.0,,,0.0
2025-01-27 10:00:00,,,,,,,249.0,248.0,0.087799996,0.073,4.0,1.1632999,0.07609999,4.0
2025-01-27 11:00:00,,,,,,,249.0,248.0,0.1894,0.1356,4.0,1.1003,0.16369998,4.0
2025-01-27 12:00:00,0.252,,,,,,193.0,248.0,0.2532,0.058799997,6.0,1.0536,0.1354,6.0
2025-01-27 13:00:00,,,,,,,505.0,505.0,0.32619998,0.053,2.0,0.9103999,0.08469999,2.0
2025-01-27 14:00:00,,,,,,,505.0,505.0,,,0.0,,,0.0
2025-01-27 15:00:00,,,,,,,249.0,248.0,0.38059998,0.0672,6.0,0.6833,0.2518,6.0
2025-01-27 16:00:00,,,,,,,509.0,509.0,0.4046,0.27339998,2.0,1.3583,0.5124999,2.0
2025-01-27 17:00:00,,,,,,,1533.0,1533.0,,,0.0,,,0.0
2025-01-27 18:00:00,,,,,,,1529.0,1529.0,,,0.0,,,0.0
2025-01-27 19:00:00,,,,,,,1533.0,1533.0,,,0.0,,,0.0
2025-01-27 20:00:00,,,,,,,1533.0,1533.0,,,0.0,,,0.0
2025-01-27 21:00:00,,,,,,,1529.0,1529.0,,,0.0,,,0.0
2025-01-27 22:00:00,,,,,,,1533.0,1533.0,,,0.0,,,0.0
2025-01-27 23:00:00,,,,,,,1533.0,1533.0,,,0.0,,,0.0
2025-01-28 00:00:00,,,,,,,1533.0,1533.0,,,0.0,,,0.0
2025-01-28 01:00:00,,,,,,,1529.0,1529.0,,,0.0,,,0.0
2025-01-28 02:00:00,,,,,,,1273.0,1273.0,,,0.0,,,0.0
2025-01-28 03:00:00,,,,,,,1533.0,1533.0,,,0.0,,,0.0
2025-01-28 04:00:00,,,,,,,1273.0,1273.0,,,0.0,,,0.0
2025-01-28 05:00:00,,,,,,,1273.0,1273.0,,,0.0,,,0.0
2025-01-28 06:00:00,,,,,,,1533.0,1533.0,,,0.0,,,0.0
2025-01-28 07:00:00,,,,,,,1533.0,1533.0,,,0.0,,,0.0
2025-01-28 08:00:00,,,,,,,1533.0,1533.0,,,0.0,,,0.0
2025-01-28 09:00:00,,,,,,,509.0,509.0,,,0.0,,,0.0
2025-01-28 10:00:00,,,,,,,509.0,509.0,,,0.0,,,0.0
2025-01-28 11:00:00,,,,,,,509.0,509.0,,,0.0,,,0.0
2025-01-28 12:00:00,,,,,,,509.0,509.0,,,0.0,,,0.0
2025-01-28 13:00:00,,,,,,,509.0,509.0,,,0.0,,,0.0
2025-01-28 14:00:00,,,,,,,509.0,509.0,,,0.0,,,0.0
2025-01-28 15:00:00,,,,,,,509.0,509.0,,,0.0,,,0.0
2025-01-28 16:00:00,,,,,,,509.0,509.0,,,0.0,,,0.0
2025-01-28 17:00:00,,,,,,,1533.0,1533.0,,,0.0,,,0.0
2025-01-28 18:00:00,,,,,,,1273.0,1273.0,,,0.0,,,0.0
2025-01-28 19:00:00,,,,,,,1273.0,1273.0,,,0.0,,,0.0
2025-01-28 20:00:00,,,,,,,1529.0,1529.0,,,0.0,,,0.0
2025-01-28 21:00:00,,,,,,,1529.0,1529.0,,,0.0,,,0.0
2025-01-28 22:00:00,,,,,,,1533.0,1533.0,,,0.0,,,0.0
2025-01-28 23:00:00,,,,,,,1273.0,1273.0,,,0.0,,,0.0
2025-01-29 00:00:00,,,,,,,1529.0,1529.0,,,0.0,,,0.0
2025-01-29 01:00:00,,,,,,,1529.0,1529.0,,,0.0,,,0.0
2025-01-29 02:00:00,,,,,,,1533.0,1533.0,,,0.0,,,0.0
2025-01-29 03:00:00,,,,,,,1533.0,1533.0,,,0.0,,,0.0
2025-01-29 04:00:00,,,,,,,1533.0,1533.0,,,0.0,,,0.0
2025-01-29 05:00:00,,,,,,,1273.0,1273.0,,,0.0,,,0.0
2025-01-29 06:00:00,,,,,,,1273.0,1273.0,,,0.0,,,0.0
2025-01-29 07:00:00,,,,,,,1533.0,1533.0,,,0.0,,,0.0
2025-01-29 08:00:00,,,,,,,1529.0,1529.0,,,0.0,,,0.0
2025-01-29 09:00:00,,,,,,,509.0,509.0,,,0.0,,,0.0
2025-01-29 10:00:00,,,,,,,509.0,509.0,,,0.0,,,0.0
2025-01-29 11:00:00,,,,,,,509.0,509.0,,,0.0,,,0.0
2025-01-29 12:00:00,,,,,,,509.0,509.0,,,0.0,,,0.0
2025-01-29 13:00:00,,,,,,,509.0,509.0,,,0.0,,,0.0
2025-01-29 14:00:00,,,,,,,509.0,509.0,,,0.0,,,0.0
2025-01-29 15:00:00,,,,,,,505.0,504.0,0.5886,0.31599998,2.0,0.5625,0.4863,2.0
2025-01-29 16:00:00,0.2598,,,,,,453.0,509.0,0.38779998,0.085,5.0,1.107,0.025099993,5.0
2025-01-29 17:00:00,,,,,,,1533.0,1533.0,,,0.0,,,0.0
2025-01-29 18:00:00,,,,,,,1273.0,1273.0,,,0.0,,,0.0
2025-01-29 19:00:00,,,,,,,1273.0,1273.0,,,0.0,,,0.0
2025-01-29 20:00:00,,,,,,,1529.0,1529.0,,,0.0,,,0.0
2025-01-29 21:00:00,,,,,,,1529.0,1529.0,,,0.0,,,0.0
2025-01-29 22:00:00,,,,,,,1529.0,1529.0,,,0.0,,,0.0
2025-01-29 23:00:00,,,,,,,1273.0,1273.0,,,0.0,,,0.0
2025-01-30 00:00:00,,,,,,,1273.0,1273.0,,,0.0,,,0.0
2025-01-30 01:00:00,,,,,,,1273.0,1273.0,,,0.0,,,0.0
2025-01-30 02:00:00,,,,,,,1533.0,1533.0,,,0.0,,,0.0
2025-01-30 03:00:00,,,,,,,1533.0,1533.0,,,0.0,,,0.0
2025-01-30 04:00:00,,,,,,,1273.0,1273.0,,,0.0,,,0.0
2025-01-30 05:00:00,,,,,,,1273.0,1273.0,,,0.0,,,0.0
2025-01-30 06:00:00,,,,,,,1529.0,1529.0,,,0.0,,,0.0
2025-01-30 07:00:00,,,,,,,1533.0,1533.0,,,0.0,,,0.0
2025-01-30 08:00:00,,,,,,,1533.0,1533.0,,,0.0,,,0.0
2025-01-30 09:00:00,,,,,,,505.0,504.0,0.2888,0.0014,2.0,1.0666,0.10949999,2.0
2025-01-30 10:00:00,,,,,,,509.0,509.0,0.61579996,0.1856,4.0,1.2271,0.09869999,4.0
2025-01-30 11:00:00,,,,,,,509.0,509.0,,,0.0,,,0.0
2025-01-30 12:00:00,,,,,,,505.0,504.0,0.4378,0.0396,5.0,1.2418,0.033899963,5.0
2025-01-30 13:00:00,0.5226,,,,,,193.0,248.0,0.332,0.0532,6.0,1.2729,0.028100014,6.0
2025-01-30 14:00:00,0.4366,0.3348,0.29799998,0.2969,,0.6841999,192.0,0.0,0.3848,0.0266,6.0,1.208,0.23469996,6.0
2025-01-30 15:00:00,0.2908,0.1718,0.78529996,0.7852,,,192.0,192.0,0.3014,0.070599996,6.0,1.0323,0.29219997,6.0
2025-01-30 16:00:00,0.2462,,,,-0.34210002,,261.0,509.0,0.32,0.078999996,5.0,1.0587,0.028999984,5.0
2025-01-30 17:00:00,,,,,,,1533.0,1533.0,,,0.0,,,0.0
2025-01-30 18:00:00,,,,,,,1273.0,1273.0,,,0.0,,,0.0
2025-01-30 19:00:00,,,,,,,1533.0,1533.0,,,0.0,,,0.0
2025-01-30 20:00:00,,,,,,,1273.0,1273.0,,,0.0,,,0.0
2025-01-30 21:00:00,,,,,,,1529.0,1529.0,,,0.0,,,0.0
2025-01-30 22:00:00,,,,,,,1273.0,1273.0,,,0.0,,,0.0
2025-01-30 23:00:00,,,,,,,1529.0,1529.0,,,0.0,,,0.0
2025-01-31 00:00:00,,,,,,,1533.0,1533.0,,,0.0,,,0.0
2025-01-31 01:00:00,,,,,,,1533.0,1533.0,,,0.0,,,0.0
2025-01-31 02:00:00,,,,,,,1273.0,1273.0,,,0.0,,,0.0
2025-01-31 03:00:00,,,,,,,1273.0,1273.0,,,0.0,,,0.0
2025-01-31 04:00:00,,,,,,,1273.0,1273.0,,,0.0,,,0.0
2025-01-31 05:00:00,,,,,,,1273.0,1273.0,,,0.0,,,0.0
2025-01-31 06:00:00,,,,,,,1529.0,1529.0,,,0.0,,,0.0
2025-01-31 07:00:00,,,,,,,1533.0,1533.0,,,0.0,,,0.0
2025-01-31 08:00:00,,,,,,,1533.0,1533.0,,,0.0,,,0.0
2025-01-31 09:00:00,,,,,,,505.0,505.0,,,0.0,,,0.0
2025-01-31 10:00:00,,,,,,,509.0,509.0,,,0.0,,,0.0
2025-01-31 11:00:00,,,,,,,509.0,509.0,,,0.0,,,0.0
2025-01-31 12:00:00,,,,,,,509.0,509.0,,,0.0,,,0.0
2025-01-31 13:00:00,,,,,,,509.0,509.0,,,0.0,,,0.0
2025-01-31 14:00:00,,,,,,,509.0,509.0,,,0.0,,,0.0
2025-01-31 15:00:00,,,,,,,509.0,509.0,,,0.0,,,0.0
2025-01-31 16:00:00,,,,,,,509.0,509.0,0.6562,0.0,1.0,0.7723,0.0,1.0
2025-01-31 17:00:00,,,,,,,1533.0,1533.0,,,0.0,,,0.0
2025-01-31 18:00:00,,,,,,,1273.0,1273.0,,,0.0,,,0.0
2025-01-31 19:00:00,,,,,,,1273.0,1273.0,,,0.0,,,0.0
2025-01-31 20:00:00,,,,,,,1273.0,1273.0,,,0.0,,,0.0
2025-01-31 21:00:00,,,,,,,1273.0,1273.0,,,0.0,,,0.0
2025-01-31 22:00:00,,,,,,,1273.0,1273.0,,,0.0,,,0.0
2025-01-31 23:00:00,,,,,,,1273.0,1273.0,,,0.0,,,0.0
2025-02-01 00:00:00,,,,,,,1273.0,1273.0,,,0.0,,,0.0
2025-02-01 01:00:00,,,,,,,1273.0,1273.0,,,0.0,,,0.0
2025-02-01 02:00:00,,,,,,,1273.0,1273.0,,,0.0,,,0.0
2025-02-01 03:00:00,,,,,,,1273.0,1273.0,,,0.0,,,0.0
2025-02-01 04:00:00,,,,,,,1273.0,1273.0,,,0.0,,,0.0
2025-02-01 05:00:00,,,,,,,1273.0,1273.0,,,0.0,,,0.0
2025-02-01 06:00:00,,,,,,,1273.0,1273.0,,,0.0,,,0.0
2025-02-01 07:00:00,,,,,,,1533.0,1533.0,,,0.0,,,0.0
2025-02-01 08:00:00,,,,,,,1533.0,1533.0,,,0.0,,,0.0
2025-02-01 09:00:00,,,,,,,509.0,509.0,,,0.0,,,0.0
2025-02-01 10:00:00,,,,,,,509.0,509.0,,,0.0,,,0.0
2025-02-01 11:00:00,,,,,,,509.0,509.0,,,0.0,,,0.0
2025-02-01 12:00:00,,,,,,,509.0,509.0,,,0.0,,,0.0
2025-02-01 13:00:00,,,,,,,509.0,509.0,,,0.0,,,0.0
2025-02-01 14:00:00,,,,,,,509.0,509.0,,,0.0,,,0.0
2025-02-01 15:00:00,,,,,,,509.0,509.0,,,0.0,,,0.0
2025-02-01 16:00:00,,,,,,,509.0,509.0,,,0.0,,,0.0
2025-02-01 17:00:00,,,,,,,1533.0,1533.0,,,0.0,,,0.0
2025-02-01 18:00:00,,,,,,,1273.0,1273.0,,,0.0,,,0.0
2025-02-01 19:00:00,,,,,,,1273.0,1273.0,,,0.0,,,0.0
2025-02-01 20:00:00,,,,,,,1273.0,1273.0,,,0.0,,,0.0
2025-02-01 21:00:00,,,,,,,1273.0,1273.0,,,0.0,,,0.0
2025-02-01 22:00:00,,,,,,,1273.0,1273.0,,,0.0,,,0.0
2025-02-01 23:00:00,,,,,,,1273.0,1273.0,,,0.0,,,0.0
2025-02-02 00:00:00,,,,,,,1273.0,1273.0,,,0.0,,,0.0
2025-02-02 01:00:00,,,,,,,1273.0,1273.0,,,0.0,,,0.0
2025-02-02 02:00:00,,,,,,,1273.0,1273.0,,,0.0,,,0.0
2025-02-02 03:00:00,,,,,,,1273.0,1273.0,,,0.0,,,0.0
2025-02-02 04:00:00,,,,,,,1273.0,1273.0,,,0.0,,,0.0
2025-02-02 05:00:00,,,,,,,1273.0,1273.0,,,0.0,,,0.0
2025-02-02 06:00:00,,,,,,,1273.0,1273.0,,,0.0,,,0.0
2025-02-02 07:00:00,,,,,,,1533.0,1533.0,,,0.0,,,0.0
2025-02-02 08:00:00,,,,,,,1533.0,1533.0,,,0.0,,,0.0
2025-02-02 09:00:00,,,,,,,509.0,509.0,,,0.0,,,0.0
2025-02-02 10:00:00,,,,,,,509.0,509.0,,,0.0,,,0.0
2025-02-02 11:00:00,,,,,,,509.0,509.0,,,0.0,,,0.0
2025-02-02 12:00:00,,,,,,,509.0,509.0,,,0.0,,,0.0
2025-02-02 13:00:00,,,,,,,509.0,509.0,,,0.0,,,0.0
2025-02-02 14:00:00,,,,,,,509.0,509.0,,,0.0,,,0.0
2025-02-02 15:00:00,,,,,,,509.0,509.0,,,0.0,,,0.0
2025-02-02 16:00:00,,,,,,,509.0,509.0,,,0.0,,,0.0
2025-02-02 17:00:00,,,,,,,1533.0,1533.0,,,0.0,,,0.0
2025-02-02 18:00:00,,,,,,,1273.0,1273.0,,,0.0,,,0.0
2025-02-02 19:00:00,,,,,,,1273.0,1273.0,,,0.0,,,0.0
2025-02-02 20:00:00,,,,,,,1273.0,1273.0,,,0.0,,,0.0
2025-02-02 21:00:00,,,,,,,1273.0,1273.0,,,0.0,,,0.0
2025-02-02 22:00:00,,,,,,,1273.0,1273.0,,,0.0,,,0.0
2025-02-02 23:00:00,,,,,,,1273.0,1273.0,,,0.0,,,0.0
2025-02-03 00:00:00,,,,,,,1273.0,1273.0,,,0.0,,,0.0
2025-02-03 01:00:00,,,,,,,1273.0,1273.0,,,0.0,,,0.0
2025-02-03 02:00:00,,,,,,,1273.0,1273.0,,,0.0,,,0.0
2025-02-03 03:00:00,,,,,,,1273.0,1273.0,,,0.0,,,0.0
2025-02-03 04:00:00,,,,,,,1273.0,1273.0,,,0.0,,,0.0
2025-02-03 05:00:00,,,,,,,1273.0,1273.0,,,0.0,,,0.0
2025-02-03 06:00:00,,,,,,,1529.0,1529.0,,,0.0,,,0.0
2025-02-03 07:00:00,,,,,,,1533.0,1533.0,,,0.0,,,0.0
2025-02-03 08:00:00,,,,,,,1533.0,1533.0,,,0.0,,,0.0
2025-02-03 09:00:00,,,,,,,509.0,509.0,,,0.0,,,0.0
2025-02-03 10:00:00,,,,,,,509.0,509.0,,,0.0,,,0.0
2025-02-03 11:00:00,,,,,,,509.0,509.0,,,0.0,,,0.0
2025-02-03 12:00:00,,,,,,,509.0,509.0,,,0.0,,,0.0
2025-02-03 13:00:00,,,,,,,509.0,509.0,,,0.0,,,0.0
2025-02-03 14:00:00,,,,,,,509.0,509.0,,,0.0,,,0.0
2025-02-03 15:00:00,,,,,,,509.0,509.0,,,0.0,,,0.0
2025-02-03 16:00:00,,,,,,,509.0,509.0,,,0.0,,,0.0
2025-02-03 17:00:00,,,,,,,1533.0,1533.0,,,0.0,,,0.0
2025-02-03 18:00:00,,,,,,,1273.0,1273.0,,,0.0,,,0.0
2025-02-03 19:00:00,,,,,,,1273.0,1273.0,,,0.0,,,0.0
2025-02-03 20:00:00,,,,,,,1273.0,1273.0,,,0.0,,,0.0
2025-02-03 21:00:00,,,,,,,1273.0,1273.0,,,0.0,,,0.0
2025-02-03 22:00:00,,,,,,,1273.0,1273.0,,,0.0,,,0.0
2025-02-03 23:00:00,,,,,,,1273.0,1273.0,,,0.0,,,0.0
2025-02-04 00:00:00,,,,,,,1533.0,1533.0,,,0.0,,,0.0
2025-02-04 01:00:00,,,,,,,1529.0,1529.0,,,0.0,,,0.0
2025-02-04 02:00:00,,,,,,,1533.0,1533.0,,,0.0,,,0.0
2025-02-04 03:00:00,,,,,,,1529.0,1529.0,,,0.0,,,0.0
2025-02-04 04:00:00,,,,,,,1533.0,1533.0,,,0.0,,,0.0
2025-02-04 05:00:00,,,,,,,1529.0,1529.0,,,0.0,,,0.0
2025-02-04 06:00:00,,,,,,,1529.0,1529.0,,,0.0,,,0.0
2025-02-04 07:00:00,,,,,,,1533.0,1533.0,,,0.0,,,0.0
2025-02-04 08:00:00,,,,,,,1533.0,1533.0,,,0.0,,,0.0
2025-02-04 09:00:00,,,,,,,509.0,509.0,,,0.0,,,0.0
2025-02-04 10:00:00,,,,,,,509.0,509.0,,,0.0,,,0.0
2025-02-04 11:00:00,,,,,,,509.0,509.0,,,0.0,,,0.0
2025-02-04 12:00:00,,,,,,,509.0,509.0,,,0.0,,,0.0
2025-02-04 13:00:00,,,,,,,249.0,248.0,0.17279999,0.048,4.0,1.2974,0.0073999763,4.0
2025-02-04 14:00:00,0.22399999,0.27519998,0.28779998,0.2875,,,192.0,192.0,0.199,0.0376,6.0,1.1347,0.36689997,6.0
2025-02-04 15:00:00,0.2026,0.085,0.89839995,0.8983,,,192.0,192.0,0.1762,0.045599997,6.0,1.2823,0.1717,6.0
2025-02-04 16:00:00,0.21939999,,,,,,453.0,509.0,0.2504,0.0682,5.0,1.2035999,0.029900014,5.0
2025-02-04 17:00:00,,,,,,,1533.0,1533.0,,,0.0,,,0.0
2025-02-04 18:00:00,,,,,,,1529.0,1529.0,,,0.0,,,0.0
2025-02-04 19:00:00,,,,,,,1529.0,1529.0,,,0.0,,,0.0
2025-02-04 20:00:00,,,,,,,1533.0,1533.0,,,0.0,,,0.0
2025-02-04 21:00:00,,,,,,,1533.0,1533.0,,,0.0,,,0.0
2025-02-04 22:00:00,,,,,,,1533.0,1533.0,,,0.0,,,0.0
2025-02-04 23:00:00,,,,,,,1533.0,1533.0,,,0.0,,,0.0
2025-02-05 00:00:00,,,,,,,1529.0,1529.0,,,0.0,,,0.0
2025-02-05 01:00:00,,,,,,,1529.0,1529.0,,,0.0,,,0.0
2025-02-05 02:00:00,,,,,,,1533.0,1533.0,,,0.0,,,0.0
2025-02-05 03:00:00,,,,,,,1529.0,1529.0,,,0.0,,,0.0
2025-02-05 04:00:00,,,,,,,1529.0,1529.0,,,0.0,,,0.0
2025-02-05 05:00:00,,,,,,,1533.0,1533.0,,,0.0,,,0.0
2025-02-05 06:00:00,,,,,,,1273.0,1273.0,,,0.0,,,0.0
2025-02-05 07:00:00,,,,,,,1533.0,1533.0,,,0.0,,,0.0
2025-02-05 08:00:00,,,,,,,1533.0,1533.0,,,0.0,,,0.0
2025-02-05 09:00:00,,,,,,,509.0,509.0,,,0.0,,,0.0
2025-02-05 10:00:00,,,,,,,509.0,509.0,,,0.0,,,0.0
2025-02-05 11:00:00,,,,,,,509.0,509.0,,,0.0,,,0.0
2025-02-05 12:00:00,,,,,,,509.0,509.0,,,0.0,,,0.0
2025-02-05 13:00:00,,,,,,,509.0,509.0,,,0.0,,,0.0
2025-02-05 14:00:00,,,,,,,509.0,509.0,,,0.0,,,0.0
2025-02-05 15:00:00,,,,,,,509.0,509.0,,,0.0,,,0.0
2025-02-05 16:00:00,,,,,,,509.0,509.0,,,0.0,,,0.0
2025-02-05 17:00:00,,,,,,,1533.0,1533.0,,,0.0,,,0.0
2025-02-05 18:00:00,,,,,,,1273.0,1273.0,,,0.0,,,0.0
2025-02-05 19:00:00,,,,,,,1273.0,1273.0,,,0.0,,,0.0
2025-02-05 20:00:00,,,,,,,1273.0,1273.0,,,0.0,,,0.0
2025-02-05 21:00:00,,,,,,,1273.0,1273.0,,,0.0,,,0.0
2025-02-05 22:00:00,,,,,,,1273.0,1273.0,,,0.0,,,0.0
2025-02-05 23:00:00,,,,,,,1273.0,1273.0,,,0.0,,,0.0
2025-02-06 00:00:00,,,,,,,1273.0,1273.0,,,0.0,,,0.0
2025-02-06 01:00:00,,,,,,,1273.0,1273.0,,,0.0,,,0.0
2025-02-06 02:00:00,,,,,,,1273.0,1273.0,,,0.0,,,0.0
2025-02-06 03:00:00,,,,,,,1273.0,1273.0,,,0.0,,,0.0
2025-02-06 04:00:00,,,,,,,1273.0,1273.0,,,0.0,,,0.0
2025-02-06 05:00:00,,,,,,,1529.0,1529.0,,,0.0,,,0.0
2025-02-06 06:00:00,,,,,,,1273.0,1273.0,,,0.0,,,0.0
2025-02-06 07:00:00,,,,,,,1533.0,1533.0,,,0.0,,,0.0
2025-02-06 08:00:00,,,,,,,1533.0,1533.0,,,0.0,,,0.0
2025-02-06 09:00:00,,,,,,,509.0,509.0,,,0.0,,,0.0
2025-02-06 10:00:00,,,,,,,509.0,509.0,,,0.0,,,0.0
2025-02-06 11:00:00,,,,,,,509.0,509.0,,,0.0,,,0.0
2025-02-06 12:00:00,,,,,,,509.0,509.0,,,0.0,,,0.0
2025-02-06 13:00:00,,,,,,,509.0,509.0,,,0.0,,,0.0
2025-02-06 14:00:00,,,,,,,509.0,509.0,,,0.0,,,0.0
2025-02-06 15:00:00,,,,,,,509.0,509.0,,,0.0,,,0.0
2025-02-06 16:00:00,,,,,,,509.0,509.0,,,0.0,,,0.0
2025-02-06 17:00:00,,,,,,,1533.0,1533.0,,,0.0,,,0.0
2025-02-06 18:00:00,,,,,,,1273.0,1273.0,,,0.0,,,0.0
2025-02-06 19:00:00,,,,,,,1273.0,1273.0,,,0.0,,,0.0
2025-02-06 20:00:00,,,,,,,1273.0,1273.0,,,0.0,,,0.0
2025-02-06 21:00:00,,,,,,,1273.0,1273.0,,,0.0,,,0.0
2025-02-06 22:00:00,,,,,,,1273.0,1273.0,,,0.0,,,0.0
2025-02-06 23:00:00,,,,,,,1273.0,1273.0,,,0.0,,,0.0
2025-02-07 00:00:00,,,,,,,1529.0,1529.0,,,0.0,,,0.0
2025-02-07 01:00:00,,,,,,,1273.0,1273.0,,,0.0,,,0.0
2025-02-07 02:00:00,,,,,,,1533.0,1533.0,,,0.0,,,0.0
2025-02-07 03:00:00,,,,,,,1533.0,1533.0,,,0.0,,,0.0
2025-02-07 04:00:00,,,,,,,1529.0,1529.0,,,0.0,,,0.0
2025-02-07 05:00:00,,,,,,,1273.0,1273.0,,,0.0,,,0.0
2025-02-07 06:00:00,,,,,,,1273.0,1273.0,,,0.0,,,0.0
2025-02-07 07:00:00,,,,,,,1533.0,1533.0,,,0.0,,,0.0
2025-02-07 08:00:00,,,,,,,1533.0,1533.0,,,0.0,,,0.0
2025-02-07 09:00:00,,,,,,,509.0,509.0,,,0.0,,,0.0
2025-02-07 10:00:00,,,,,,,509.0,509.0,,,0.0,,,0.0
2025-02-07 11:00:00,,,,,,,509.0,509.0,,,0.0,,,0.0
2025-02-07 12:00:00,,,,,,,509.0,509.0,,,0.0,,,0.0
2025-02-07 13:00:00,,,,,,,509.0,509.0,,,0.0,,,0.0
2025-02-07 14:00:00,,,,,,,509.0,509.0,,,0.0,,,0.0
2025-02-07 15:00:00,,,,,,,509.0,509.0,,,0.0,,,0.0
2025-02-07 16:00:00,,,,,,,509.0,509.0,,,0.0,,,0.0
2025-02-07 17:00:00,,,,,,,1533.0,1533.0,,,0.0,,,0.0
2025-02-07 18:00:00,,,,,,,1533.0,1533.0,,,0.0,,,0.0
2025-02-07 19:00:00,,,,,,,1273.0,1273.0,,,0.0,,,0.0
2025-02-07 20:00:00,,,,,,,1273.0,1273.0,,,0.0,,,0.0
2025-02-07 21:00:00,,,,,,,1273.0,1273.0,,,0.0,,,0.0
2025-02-07 22:00:00,,,,,,,1273.0,1273.0,,,0.0,,,0.0
2025-02-07 23:00:00,,,,,,,1273.0,1273.0,,,0.0,,,0.0
2025-02-08 00:00:00,,,,,,,1273.0,1273.0,,,0.0,,,0.0
2025-02-08 01:00:00,,,,,,,1529.0,1529.0,,,0.0,,,0.0
2025-02-08 02:00:00,,,,,,,1529.0,1529.0,,,0.0,,,0.0
2025-02-08 03:00:00,,,,,,,1273.0,1273.0,,,0.0,,,0.0
2025-02-08 04:00:00,,,,,,,1529.0,1529.0,,,0.0,,,0.0
2025-02-08 05:00:00,,,,,,,1533.0,1533.0,,,0.0,,,0.0
2025-02-08 06:00:00,,,,,,,1533.0,1533.0,,,0.0,,,0.0
2025-02-08 07:00:00,,,,,,,1533.0,1533.0,,,0.0,,,0.0
2025-02-08 08:00:00,,,,,,,1533.0,1533.0,,,0.0,,,0.0
2025-02-08 09:00:00,,,,,,,509.0,509.0,,,0.0,,,0.0
2025-02-08 10:00:00,,,,,,,509.0,509.0,,,0.0,,,0.0
2025-02-08 11:00:00,,,,,,,509.0,509.0,,,0.0,,,0.0
2025-02-08 12:00:00,,,,,,,509.0,509.0,,,0.0,,,0.0
2025-02-08 13:00:00,,,,,,,509.0,509.0,,,0.0,,,0.0
2025-02-08 14:00:00,,,,,,,509.0,509.0,,,0.0,,,0.0
2025-02-08 15:00:00,,,,,,,509.0,509.0,,,0.0,,,0.0
2025-02-08 16:00:00,,,,,,,509.0,509.0,,,0.0,,,0.0
2025-02-08 17:00:00,,,,,,,1533.0,1533.0,,,0.0,,,0.0
2025-02-08 18:00:00,,,,,,,1273.0,1273.0,,,0.0,,,0.0
2025-02-08 19:00:00,,,,,,,1533.0,1533.0,,,0.0,,,0.0
2025-02-08 20:00:00,,,,,,,1273.0,1273.0,,,0.0,,,0.0
2025-02-08 21:00:00,,,,,,,1533.0,1533.0,,,0.0,,,0.0
2025-02-08 22:00:00,,,,,,,1273.0,1273.0,,,0.0,,,0.0
2025-02-08 23:00:00,,,,,,,1529.0,1529.0,,,0.0,,,0.0
2025-02-09 00:00:00,,,,,,,1533.0,1533.0,,,0.0,,,0.0
2025-02-09 01:00:00,,,,,,,1273.0,1273.0,,,0.0,,,0.0
2025-02-09 02:00:00,,,,,,,1529.0,1529.0,,,0.0,,,0.0
2025-02-09 03:00:00,,,,,,,1529.0,1529.0,,,0.0,,,0.0
2025-02-09 04:00:00,,,,,,,1273.0,1273.0,,,0.0,,,0.0
2025-02-09 05:00:00,,,,,,,1273.0,1273.0,,,0.0,,,0.0
2025-02-09 06:00:00,,,,,,,1273.0,1273.0,,,0.0,,,0.0
2025-02-09 07:00:00,,,,,,,1533.0,1533.0,,,0.0,,,0.0
2025-02-09 08:00:00,,,,,,,1533.0,1533.0,,,0.0,,,0.0
2025-02-09 09:00:00,,,,,,,509.0,509.0,,,0.0,,,0.0
2025-02-09 10:00:00,,,,,,,509.0,509.0,,,0.0,,,0.0
2025-02-09 11:00:00,,,,,,,509.0,509.0,,,0.0,,,0.0
2025-02-09 12:00:00,,,,,,,509.0,509.0,,,0.0,,,0.0
2025-02-09 13:00:00,,,,,,,509.0,509.0,,,0.0,,,0.0
2025-02-09 14:00:00,,,,,,,509.0,509.0,,,0.0,,,0.0
2025-02-09 15:00:00,,,,,,,509.0,509.0,,,0.0,,,0.0
2025-02-09 16:00:00,,,,,,,509.0,509.0,0.575,0.121,3.0,1.4071,0.28609997,3.0
2025-02-09 17:00:00,,,,,,,1533.0,1533.0,,,0.0,,,0.0
2025-02-09 18:00:00,,,,,,,1273.0,1273.0,,,0.0,,,0.0
2025-02-09 19:00:00,,,,,,,1529.0,1529.0,,,0.0,,,0.0
2025-02-09 20:00:00,,,,,,,1273.0,1273.0,,,0.0,,,0.0
2025-02-09 21:00:00,,,,,,,1273.0,1273.0,,,0.0,,,0.0
2025-02-09 22:00:00,,,,,,,1529.0,1529.0,,,0.0,,,0.0
2025-02-09 23:00:00,,,,,,,1529.0,1529.0,,,0.0,,,0.0
2025-02-10 00:00:00,,,,,,,1529.0,1529.0,,,0.0,,,0.0
2025-02-10 01:00:00,,,,,,,1273.0,1273.0,,,0.0,,,0.0
2025-02-10 02:00:00,,,,,,,1273.0,1273.0,,,0.0,,,0.0
2025-02-10 03:00:00,,,,,,,1273.0,1273.0,,,0.0,,,0.0
2025-02-10 04:00:00,,,,,,,1273.0,1273.0,,,0.0,,,0.0
2025-02-10 05:00:00,,,,,,,1529.0,1529.0,,,0.0,,,0.0
2025-02-10 06:00:00,,,,,,,1273.0,1273.0,,,0.0,,,0.0
2025-02-10 07:00:00,,,,,,,1533.0,1533.0,,,0.0,,,0.0
2025-02-10 08:00:00,,,,,,,1533.0,1533.0,,,0.0,,,0.0
2025-02-10 09:00:00,,,,,,,509.0,509.0,,,0.0,,,0.0
2025-02-10 10:00:00,,,,,,,509.0,509.0,,,0.0,,,0.0
2025-02-10 11:00:00,,,,,,,509.0,509.0,,,0.0,,,0.0
2025-02-10 12:00:00,,,,,,,509.0,509.0,,,0.0,,,0.0
2025-02-10 13:00:00,,,,,,,509.0,509.0,,,0.0,,,0.0
2025-02-10 14:00:00,,,,,,,509.0,509.0,,,0.0,,,0.0
2025-02-10 15:00:00,,,,,,,509.0,509.0,,,0.0,,,0.0
2025-02-10 16:00:00,,,,,,,509.0,509.0,,,0.0,,,0.0
2025-02-10 17:00:00,,,,,,,1533.0,1533.0,,,0.0,,,0.0
2025-02-10 18:00:00,,,,,,,1533.0,1533.0,,,0.0,,,0.0
2025-02-10 19:00:00,,,,,,,1529.0,1529.0,,,0.0,,,0.0
2025-02-10 20:00:00,,,,,,,1273.0,1273.0,,,0.0,,,0.0
2025-02-10 21:00:00,,,,,,,1273.0,1273.0,,,0.0,,,0.0
2025-02-10 22:00:00,,,,,,,1273.0,1273.0,,,0.0,,,0.0
2025-02-10 23:00:00,,,,,,,1273.0,1273.0,,,0.0,,,0.0
2025-02-11 00:00:00,,,,,,,1273.0,1273.0,,,0.0,,,0.0
2025-02-11 01:00:00,,,,,,,1273.0,1273.0,,,0.0,,,0.0
2025-02-11 02:00:00,,,,,,,1273.0,1273.0,,,0.0,,,0.0
2025-02-11 03:00:00,,,,,,,1273.0,1273.0,,,0.0,,,0.0
2025-02-11 04:00:00,,,,,,,1273.0,1273.0,,,0.0,,,0.0
2025-02-11 05:00:00,,,,,,,1273.0,1273.0,,,0.0,,,0.0
2025-02-11 06:00:00,,,,,,,1273.0,1273.0,,,0.0,,,0.0
2025-02-11 07:00:00,,,,,,,1533.0,1533.0,,,0.0,,,0.0
2025-02-11 08:00:00,,,,,,,1533.0,1533.0,,,0.0,,,0.0
2025-02-11 09:00:00,,,,,,,509.0,509.0,,,0.0,,,0.0
2025-02-11 10:00:00,,,,,,,509.0,509.0,,,0.0,,,0.0
2025-02-11 11:00:00,,,,,,,509.0,509.0,,,0.0,,,0.0
2025-02-11 12:00:00,,,,,,,505.0,504.0,2.0232,0.464,3.0,1.2161,0.09619999,3.0
2025-02-11 13:00:00,,,,,,,249.0,248.0,1.1007999,0.14819999,6.0,1.1572,0.039900005,6.0
2025-02-11 14:00:00,,,,,,,505.0,505.0,1.9124,0.3196,4.0,1.0383999,0.07370001,4.0
2025-02-11 15:00:00,,,,,,,509.0,509.0,,,0.0,,,0.0
2025-02-11 16:00:00,,,,,,,509.0,509.0,1.7481999,0.037,2.0,0.71239996,0.17869997,2.0
2025-02-11 17:00:00,,,,,,,1533.0,1533.0,,,0.0,,,0.0
2025-02-11 18:00:00,,,,,,,1273.0,1273.0,,,0.0,,,0.0
2025-02-11 19:00:00,,,,,,,1273.0,1273.0,,,0.0,,,0.0
2025-02-11 20:00:00,,,,,,,1533.0,1533.0,,,0.0,,,0.0
2025-02-11 21:00:00,,,,,,,1273.0,1273.0,,,0.0,,,0.0
2025-02-11 22:00:00,,,,,,,1273.0,1273.0,,,0.0,,,0.0
2025-02-11 23:00:00,,,,,,,1273.0,1273.0,,,0.0,,,0.0
2025-02-12 00:00:00,,,,,,,1273.0,1273.0,,,0.0,,,0.0
2025-02-12 01:00:00,,,,,,,1273.0,1273.0,,,0.0,,,0.0
2025-02-12 02:00:00,,,,,,,1273.0,1273.0,,,0.0,,,0.0
2025-02-12 03:00:00,,,,,,,1273.0,1273.0,,,0.0,,,0.0
2025-02-12 04:00:00,,,,,,,1273.0,1273.0,,,0.0,,,0.0
2025-02-12 05:00:00,,,,,,,1273.0,1273.0,,,0.0,,,0.0
2025-02-12 06:00:00,,,,,,,1273.0,1273.0,,,0.0,,,0.0
2025-02-12 07:00:00,,,,,,,1533.0,1533.0,,,0.0,,,0.0
2025-02-12 08:00:00,,,,,,,1533.0,1533.0,,,0.0,,,0.0
2025-02-12 09:00:00,,,,,,,509.0,509.0,,,0.0,,,0.0
2025-02-12 10:00:00,,,,,,,509.0,509.0,,,0.0,,,0.0
2025-02-12 11:00:00,,,,,,,509.0,509.0,,,0.0,,,0.0
2025-02-12 12:00:00,,,,,,,509.0,509.0,,,0.0,,,0.0
2025-02-12 13:00:00,,,,,,,509.0,509.0,,,0.0,,,0.0
2025-02-12 14:00:00,,,,,,,509.0,509.0,,,0.0,,,0.0
2025-02-12 15:00:00,,,,,,,509.0,509.0,,,0.0,,,0.0
2025-02-12 16:00:00,,,,,,,509.0,509.0,,,0.0,,,0.0
2025-02-12 17:00:00,,,,,,,1533.0,1533.0,,,0.0,,,0.0
2025-02-12 18:00:00,,,,,,,1273.0,1273.0,,,0.0,,,0.0
2025-02-12 19:00:00,,,,,,,1273.0,1273.0,,,0.0,,,0.0
2025-02-12 20:00:00,,,,,,,1273.0,1273.0,,,0.0,,,0.0
2025-02-12 21:00:00,,,,,,,1273.0,1273.0,,,0.0,,,0.0
2025-02-12 22:00:00,,,,,,,1533.0,1533.0,,,0.0,,,0.0
2025-02-12 23:00:00,,,,,,,1529.0,1529.0,,,0.0,,,0.0
2025-02-13 00:00:00,,,,,,,1273.0,1273.0,,,0.0,,,0.0
2025-02-13 01:00:00,,,,,,,1273.0,1273.0,,,0.0,,,0.0
2025-02-13 02:00:00,,,,,,,1273.0,1273.0,,,0.0,,,0.0
2025-02-13 03:00:00,,,,,,,1273.0,1273.0,,,0.0,,,0.0
2025-02-13 04:00:00,,,,,,,1273.0,1273.0,,,0.0,,,0.0
2025-02-13 05:00:00,,,,,,,1273.0,1273.0,,,0.0,,,0.0
2025-02-13 06:00:00,,,,,,,1533.0,1533.0,,,0.0,,,0.0
2025-02-13 07:00:00,,,,,,,1533.0,1533.0,,,0.0,,,0.0
2025-02-13 08:00:00,,,,,,,509.0,509.0,,,0.0,,,0.0
2025-02-13 09:00:00,,,,,,,509.0,509.0,,,0.0,,,0.0
2025-02-13 10:00:00,,,,,,,509.0,509.0,,,0.0,,,0.0
2025-02-13 11:00:00,,,,,,,509.0,509.0,,,0.0,,,0.0
2025-02-13 12:00:00,,,,,,,509.0,509.0,,,0.0,,,0.0
2025-02-13 13:00:00,,,,,,,509.0,509.0,,,0.0,,,0.0
2025-02-13 14:00:00,,,,,,,509.0,509.0,,,0.0,,,0.0
2025-02-13 15:00:00,,,,,,,509.0,509.0,,,0.0,,,0.0
2025-02-13 16:00:00,,,,,,,509.0,509.0,,,0.0,,,0.0
2025-02-13 17:00:00,,,,,,,1533.0,1533.0,,,0.0,,,0.0
2025-02-13 18:00:00,,,,,,,1273.0,1273.0,,,0.0,,,0.0
2025-02-13 19:00:00,,,,,,,1529.0,1529.0,,,0.0,,,0.0
2025-02-13 20:00:00,,,,,,,1529.0,1529.0,,,0.0,,,0.0
2025-02-13 21:00:00,,,,,,,1273.0,1273.0,,,0.0,,,0.0
2025-02-13 22:00:00,,,,,,,1273.0,1273.0,,,0.0,,,0.0
2025-02-13 23:00:00,,,,,,,1273.0,1273.0,,,0.0,,,0.0
2025-02-14 00:00:00,,,,,,,1529.0,1529.0,,,0.0,,,0.0
2025-02-14 01:00:00,,,,,,,1529.0,1529.0,,,0.0,,,0.0
2025-02-14 02:00:00,,,,,,,1273.0,1273.0,,,0.0,,,0.0
2025-02-14 03:00:00,,,,,,,1273.0,1273.0,,,0.0,,,0.0
2025-02-14 04:00:00,,,,,,,1273.0,1273.0,,,0.0,,,0.0
2025-02-14 05:00:00,,,,,,,1273.0,1273.0,,,0.0,,,0.0
2025-02-14 06:00:00,,,,,,,1273.0,1273.0,,,0.0,,,0.0
2025-02-14 07:00:00,,,,,,,1533.0,1533.0,,,0.0,,,0.0
2025-02-14 08:00:00,,,,,,,509.0,509.0,,,0.0,,,0.0
2025-02-14 09:00:00,,,,,,,509.0,509.0,,,0.0,,,0.0
2025-02-14 10:00:00,,,,,,,509.0,509.0,,,0.0,,,0.0
2025-02-14 11:00:00,,,,,,,509.0,509.0,,,0.0,,,0.0
2025-02-14 12:00:00,,,,,,,509.0,509.0,,,0.0,,,0.0
2025-02-14 13:00:00,,,,,,,509.0,509.0,,,0.0,,,0.0
2025-02-14 14:00:00,,,,,,,509.0,509.0,,,0.0,,,0.0
2025-02-14 15:00:00,,,,,,,509.0,509.0,,,0.0,,,0.0
2025-02-14 16:00:00,,,,,,,509.0,509.0,,,0.0,,,0.0
2025-02-14 17:00:00,,,,,,,1533.0,1533.0,,,0.0,,,0.0
2025-02-14 18:00:00,,,,,,,1273.0,1273.0,,,0.0,,,0.0
2025-02-14 19:00:00,,,,,,,1273.0,1273.0,,,0.0,,,0.0
2025-02-14 20:00:00,,,,,,,1273.0,1273.0,,,0.0,,,0.0
2025-02-14 21:00:00,,,,,,,1273.0,1273.0,,,0.0,,,0.0
2025-02-14 22:00:00,,,,,,,1273.0,1273.0,,,0.0,,,0.0
2025-02-14 23:00:00,,,,,,,1273.0,1273.0,,,0.0,,,0.0
2025-02-15 00:00:00,,,,,,,1273.0,1273.0,,,0.0,,,0.0
2025-02-15 01:00:00,,,,,,,1273.0,1273.0,,,0.0,,,0.0
2025-02-15 02:00:00,,,,,,,1273.0,1273.0,,,0.0,,,0.0
2025-02-15 03:00:00,,,,,,,1273.0,1273.0,,,0.0,,,0.0
2025-02-15 04:00:00,,,,,,,1273.0,1273.0,,,0.0,,,0.0
2025-02-15 05:00:00,,,,,,,1273.0,1273.0,,,0.0,,,0.0
2025-02-15 06:00:00,,,,,,,1273.0,1273.0,,,0.0,,,0.0
2025-02-15 07:00:00,,,,,,,1533.0,1533.0,,,0.0,,,0.0
2025-02-15 08:00:00,,,,,,,509.0,509.0,,,0.0,,,0.0
2025-02-15 09:00:00,,,,,,,509.0,509.0,,,0.0,,,0.0
2025-02-15 10:00:00,,,,,,,509.0,509.0,,,0.0,,,0.0
2025-02-15 11:00:00,,,,,,,509.0,509.0,,,0.0,,,0.0
2025-02-15 12:00:00,,,,,,,509.0,509.0,,,0.0,,,0.0
2025-02-15 13:00:00,,,,,,,509.0,509.0,,,0.0,,,0.0
2025-02-15 14:00:00,,,,,,,509.0,509.0,,,0.0,,,0.0
2025-02-15 15:00:00,,,,,,,509.0,509.0,,,0.0,,,0.0
2025-02-15 16:00:00,,,,,,,509.0,509.0,,,0.0,,,0.0
2025-02-15 17:00:00,,,,,,,1533.0,1533.0,,,0.0,,,0.0
2025-02-15 18:00:00,,,,,,,1273.0,1273.0,,,0.0,,,0.0
2025-02-15 19:00:00,,,,,,,1273.0,1273.0,,,0.0,,,0.0
2025-02-15 20:00:00,,,,,,,1273.0,1273.0,,,0.0,,,0.0
2025-02-15 21:00:00,,,,,,,1273.0,1273.0,,,0.0,,,0.0
2025-02-15 22:00:00,,,,,,,1273.0,1273.0,,,0.0,,,0.0
2025-02-15 23:00:00,,,,,,,1273.0,1273.0,,,0.0,,,0.0
2025-02-16 00:00:00,,,,,,,1273.0,1273.0,,,0.0,,,0.0
2025-02-16 01:00:00,,,,,,,1273.0,1273.0,,,0.0,,,0.0
2025-02-16 02:00:00,,,,,,,1273.0,1273.0,,,0.0,,,0.0
2025-02-16 03:00:00,,,,,,,1529.0,1529.0,,,0.0,,,0.0
2025-02-16 04:00:00,,,,,,,1529.0,1529.0,,,0.0,,,0.0
2025-02-16 05:00:00,,,,,,,1273.0,1273.0,,,0.0,,,0.0
2025-02-16 06:00:00,,,,,,,1533.0,1533.0,,,0.0,,,0.0
2025-02-16 07:00:00,,,,,,,1533.0,1533.0,,,0.0,,,0.0
2025-02-16 08:00:00,,,,,,,509.0,509.0,,,0.0,,,0.0
2025-02-16 09:00:00,,,,,,,509.0,509.0,,,0.0,,,0.0
2025-02-16 10:00:00,,,,,,,509.0,509.0,,,0.0,,,0.0
2025-02-16 11:00:00,,,,,,,509.0,509.0,,,0.0,,,0.0
2025-02-16 12:00:00,,,,,,,509.0,509.0,,,0.0,,,0.0
2025-02-16 13:00:00,,,,,,,509.0,509.0,,,0.0,,,0.0
2025-02-16 14:00:00,,,,,,,509.0,509.0,,,0.0,,,0.0
2025-02-16 15:00:00,,,,,,,509.0,509.0,,,0.0,,,0.0
2025-02-16 16:00:00,,,,,,,509.0,509.0,,,0.0,,,0.0
2025-02-16 17:00:00,,,,,,,1533.0,1533.0,,,0.0,,,0.0
2025-02-16 18:00:00,,,,,,,1273.0,1273.0,,,0.0,,,0.0
2025-02-16 19:00:00,,,,,,,1529.0,1529.0,,,0.0,,,0.0
2025-02-16 20:00:00,,,,,,,1273.0,1273.0,,,0.0,,,0.0
2025-02-16 21:00:00,,,,,,,1529.0,1529.0,,,0.0,,,0.0
2025-02-16 22:00:00,,,,,,,1273.0,1273.0,,,0.0,,,0.0
2025-02-16 23:00:00,,,,,,,1273.0,1273.0,,,0.0,,,0.0
2025-02-17 00:00:00,,,,,,,1529.0,1529.0,,,0.0,,,0.0
2025-02-17 01:00:00,,,,,,,1529.0,1529.0,,,0.0,,,0.0
2025-02-17 02:00:00,,,,,,,1533.0,1533.0,,,0.0,,,0.0
2025-02-17 03:00:00,,,,,,,1273.0,1273.0,,,0.0,,,0.0
2025-02-17 04:00:00,,,,,,,1273.0,1273.0,,,0.0,,,0.0
2025-02-17 05:00:00,,,,,,,1273.0,1273.0,,,0.0,,,0.0
2025-02-17 06:00:00,,,,,,,1273.0,1273.0,,,0.0,,,0.0
2025-02-17 07:00:00,,,,,,,1533.0,1533.0,,,0.0,,,0.0
2025-02-17 08:00:00,,,,,,,509.0,509.0,,,0.0,,,0.0
2025-02-17 09:00:00,,,,,,,509.0,509.0,,,0.0,,,0.0
2025-02-17 10:00:00,,,,,,,509.0,509.0,,,0.0,,,0.0
2025-02-17 11:00:00,,,,,,,509.0,509.0,,,0.0,,,0.0
2025-02-17 12:00:00,,,,,,,509.0,509.0,,,0.0,,,0.0
2025-02-17 13:00:00,,,,,,,509.0,509.0,,,0.0,,,0.0
2025-02-17 14:00:00,,,,,,,509.0,509.0,,,0.0,,,0.0
2025-02-17 15:00:00,,,,,,,509.0,509.0,,,0.0,,,0.0
2025-02-17 16:00:00,,,,,,,509.0,509.0,,,0.0,,,0.0
2025-02-17 17:00:00,,,,,,,1533.0,1533.0,,,0.0,,,0.0
2025-02-17 18:00:00,,,,,,,1273.0,1273.0,,,0.0,,,0.0
2025-02-17 19:00:00,,,,,,,1273.0,1273.0,,,0.0,,,0.0
2025-02-17 20:00:00,,,,,,,1273.0,1273.0,,,0.0,,,0.0
2025-02-17 21:00:00,,,,,,,1273.0,1273.0,,,0.0,,,0.0
2025-02-17 22:00:00,,,,,,,1273.0,1273.0,,,0.0,,,0.0
2025-02-17 23:00:00,,,,,,,1273.0,1273.0,,,0.0,,,0.0
2025-02-18 00:00:00,,,,,,,1273.0,1273.0,,,0.0,,,0.0
2025-02-18 01:00:00,,,,,,,1529.0,1529.0,,,0.0,,,0.0
2025-02-18 02:00:00,,,,,,,1529.0,1529.0,,,0.0,,,0.0
2025-02-18 03:00:00,,,,,,,1533.0,1533.0,,,0.0,,,0.0
2025-02-18 04:00:00,,,,,,,1529.0,1529.0,,,0.0,,,0.0
2025-02-18 05:00:00,,,,,,,1529.0,1529.0,,,0.0,,,0.0
2025-02-18 06:00:00,,,,,,,1529.0,1529.0,,,0.0,,,0.0
2025-02-18 07:00:00,,,,,,,1533.0,1533.0,,,0.0,,,0.0
2025-02-18 08:00:00,,,,,,,509.0,509.0,,,0.0,,,0.0
2025-02-18 09:00:00,,,,,,,509.0,509.0,,,0.0,,,0.0
2025-02-18 10:00:00,,,,,,,509.0,509.0,,,0.0,,,0.0
2025-02-18 11:00:00,,,,,,,509.0,509.0,,,0.0,,,0.0
2025-02-18 12:00:00,,,,,,,509.0,509.0,,,0.0,,,0.0
2025-02-18 13:00:00,,,,,,,509.0,509.0,,,0.0,,,0.0
2025-02-18 14:00:00,,,,,,,509.0,509.0,,,0.0,,,0.0
2025-02-18 15:00:00,,,,,,,509.0,509.0,,,0.0,,,0.0
2025-02-18 16:00:00,,,,,,,509.0,509.0,,,0.0,,,0.0
2025-02-18 17:00:00,,,,,,,1533.0,1533.0,,,0.0,,,0.0
2025-02-18 18:00:00,,,,,,,1273.0,1273.0,,,0.0,,,0.0
2025-02-18 19:00:00,,,,,,,1273.0,1273.0,,,0.0,,,0.0
2025-02-18 20:00:00,,,,,,,1273.0,1273.0,,,0.0,,,0.0
2025-02-18 21:00:00,,,,,,,1533.0,1533.0,,,0.0,,,0.0
2025-02-18 22:00:00,,,,,,,1533.0,1533.0,,,0.0,,,0.0
2025-02-18 23:00:00,,,,,,,1273.0,1273.0,,,0.0,,,0.0
2025-02-19 00:00:00,,,,,,,1273.0,1273.0,,,0.0,,,0.0
2025-02-19 01:00:00,,,,,,,1529.0,1529.0,,,0.0,,,0.0
2025-02-19 02:00:00,,,,,,,1529.0,1529.0,,,0.0,,,0.0
2025-02-19 03:00:00,,,,,,,1533.0,1533.0,,,0.0,,,0.0
2025-02-19 04:00:00,,,,,,,1529.0,1529.0,,,0.0,,,0.0
2025-02-19 05:00:00,,,,,,,1533.0,1533.0,,,0.0,,,0.0
2025-02-19 06:00:00,,,,,,,1533.0,1533.0,,,0.0,,,0.0
2025-02-19 07:00:00,,,,,,,1533.0,1533.0,,,0.0,,,0.0
2025-02-19 08:00:00,,,,,,,509.0,509.0,,,0.0,,,0.0
2025-02-19 09:00:00,,,,,,,509.0,509.0,,,0.0,,,0.0
2025-02-19 10:00:00,,,,,,,509.0,509.0,,,0.0,,,0.0
2025-02-19 11:00:00,,,,,,,509.0,509.0,,,0.0,,,0.0
2025-02-19 12:00:00,,,,,,,509.0,509.0,,,0.0,,,0.0
2025-02-19 13:00:00,,,,,,,509.0,509.0,,,0.0,,,0.0
2025-02-19 14:00:00,,,,,,,509.0,509.0,,,0.0,,,0.0
2025-02-19 15:00:00,,,,,,,509.0,509.0,,,0.0,,,0.0
2025-02-19 16:00:00,,,,,,,509.0,509.0,,,0.0,,,0.0
2025-02-19 17:00:00,,,,,,,1533.0,1533.0,,,0.0,,,0.0
2025-02-19 18:00:00,,,,,,,1533.0,1533.0,,,0.0,,,0.0
2025-02-19 19:00:00,,,,,,,1533.0,1533.0,,,0.0,,,0.0
2025-02-19 20:00:00,,,,,,,1533.0,1533.0,,,0.0,,,0.0
2025-02-19 21:00:00,,,,,,,1533.0,1533.0,,,0.0,,,0.0
2025-02-19 22:00:00,,,,,,,1533.0,1533.0,,,0.0,,,0.0
2025-02-19 23:00:00,,,,,,,1533.0,1533.0,,,0.0,,,0.0
2025-02-20 00:00:00,,,,,,,1533.0,1533.0,,,0.0,,,0.0
2025-02-20 01:00:00,,,,,,,1533.0,1533.0,,,0.0,,,0.0
2025-02-20 02:00:00,,,,,,,1529.0,1529.0,,,0.0,,,0.0
2025-02-20 03:00:00,,,,,,,1533.0,1533.0,,,0.0,,,0.0
2025-02-20 04:00:00,,,,,,,1533.0,1533.0,,,0.0,,,0.0
2025-02-20 05:00:00,,,,,,,1529.0,1529.0,,,0.0,,,0.0
2025-02-20 06:00:00,,,,,,,1529.0,1529.0,,,0.0,,,0.0
2025-02-20 07:00:00,,,,,,,1533.0,1533.0,,,0.0,,,0.0
2025-02-20 08:00:00,,,,,,,509.0,509.0,,,0.0,,,0.0
2025-02-20 09:00:00,,,,,,,509.0,509.0,,,0.0,,,0.0
2025-02-20 10:00:00,,,,,,,509.0,509.0,,,0.0,,,0.0
2025-02-20 11:00:00,,,,,,,509.0,509.0,,,0.0,,,0.0
2025-02-20 12:00:00,,,,,,,509.0,509.0,,,0.0,,,0.0
2025-02-20 13:00:00,,,,,,,509.0,509.0,,,0.0,,,0.0
2025-02-20 14:00:00,,,,,,,509.0,509.0,,,0.0,,,0.0
2025-02-20 15:00:00,,,,,,,509.0,509.0,,,0.0,,,0.0
2025-02-20 16:00:00,,,,,,,509.0,509.0,,,0.0,,,0.0
2025-02-20 17:00:00,,,,,,,1533.0,1533.0,,,0.0,,,0.0
2025-02-20 18:00:00,,,,,,,1273.0,1273.0,,,0.0,,,0.0
2025-02-20 19:00:00,,,,,,,1273.0,1273.0,,,0.0,,,0.0
2025-02-20 20:00:00,,,,,,,1273.0,1273.0,,,0.0,,,0.0
2025-02-20 21:00:00,,,,,,,1273.0,1273.0,,,0.0,,,0.0
2025-02-20 22:00:00,,,,,,,1273.0,1273.0,,,0.0,,,0.0
2025-02-20 23:00:00,,,,,,,1273.0,1273.0,,,0.0,,,0.0
2025-02-21 00:00:00,,,,,,,1273.0,1273.0,,,0.0,,,0.0
2025-02-21 01:00:00,,,,,,,1273.0,1273.0,,,0.0,,,0.0
2025-02-21 02:00:00,,,,,,,1273.0,1273.0,,,0.0,,,0.0
2025-02-21 03:00:00,,,,,,,1273.0,1273.0,,,0.0,,,0.0
2025-02-21 04:00:00,,,,,,,1273.0,1273.0,,,0.0,,,0.0
2025-02-21 05:00:00,,,,,,,1529.0,1529.0,,,0.0,,,0.0
2025-02-21 06:00:00,,,,,,,1273.0,1273.0,,,0.0,,,0.0
2025-02-21 07:00:00,,,,,,,1533.0,1533.0,,,0.0,,,0.0
2025-02-21 08:00:00,,,,,,,509.0,509.0,,,0.0,,,0.0
2025-02-21 09:00:00,,,,,,,509.0,509.0,,,0.0,,,0.0
2025-02-21 10:00:00,,,,,,,509.0,509.0,,,0.0,,,0.0
2025-02-21 11:00:00,,,,,,,509.0,509.0,,,0.0,,,0.0
2025-02-21 12:00:00,,,,,,,509.0,509.0,,,0.0,,,0.0
2025-02-21 13:00:00,,,,,,,509.0,509.0,,,0.0,,,0.0
2025-02-21 14:00:00,,,,,,,509.0,509.0,,,0.0,,,0.0
2025-02-21 15:00:00,,,,,,,509.0,509.0,,,0.0,,,0.0
2025-02-21 16:00:00,,,,,,,509.0,509.0,,,0.0,,,0.0
2025-02-21 17:00:00,,,,,,,1533.0,1533.0,,,0.0,,,0.0
2025-02-21 18:00:00,,,,,,,1273.0,1273.0,,,0.0,,,0.0
2025-02-21 19:00:00,,,,,,,1533.0,1533.0,,,0.0,,,0.0
2025-02-21 20:00:00,,,,,,,1529.0,1529.0,,,0.0,,,0.0
2025-02-21 21:00:00,,,,,,,1273.0,1273.0,,,0.0,,,0.0
2025-02-21 22:00:00,,,,,,,1529.0,1529.0,,,0.0,,,0.0
2025-02-21 23:00:00,,,,,,,1273.0,1273.0,,,0.0,,,0.0
2025-02-22 00:00:00,,,,,,,1273.0,1273.0,,,0.0,,,0.0
2025-02-22 01:00:00,,,,,,,1529.0,1529.0,,,0.0,,,0.0
2025-02-22 02:00:00,,,,,,,1529.0,1529.0,,,0.0,,,0.0
2025-02-22 03:00:00,,,,,,,1533.0,1533.0,,,0.0,,,0.0
2025-02-22 04:00:00,,,,,,,1533.0,1533.0,,,0.0,,,0.0
2025-02-22 05:00:00,,,,,,,1533.0,1533.0,,,0.0,,,0.0
2025-02-22 06:00:00,,,,,,,1273.0,1273.0,,,0.0,,,0.0
2025-02-22 07:00:00,,,,,,,1533.0,1533.0,,,0.0,,,0.0
2025-02-22 08:00:00,,,,,,,509.0,509.0,,,0.0,,,0.0
2025-02-22 09:00:00,,,,,,,509.0,509.0,,,0.0,,,0.0
2025-02-22 10:00:00,,,,,,,509.0,509.0,,,0.0,,,0.0
2025-02-22 11:00:00,,,,,,,509.0,509.0,,,0.0,,,0.0
2025-02-22 12:00:00,,,,,,,509.0,509.0,,,0.0,,,0.0
2025-02-22 13:00:00,,,,,,,509.0,509.0,,,0.0,,,0.0
2025-02-22 14:00:00,,,,,,,509.0,509.0,,,0.0,,,0.0
2025-02-22 15:00:00,,,,,,,509.0,509.0,,,0.0,,,0.0
2025-02-22 16:00:00,,,,,,,509.0,509.0,,,0.0,,,0.0
2025-02-22 17:00:00,,,,,,,1533.0,1533.0,,,0.0,,,0.0
2025-02-22 18:00:00,,,,,,,1273.0,1273.0,,,0.0,,,0.0
2025-02-22 19:00:00,,,,,,,1273.0,1273.0,,,0.0,,,0.0
2025-02-22 20:00:00,,,,,,,1273.0,1273.0,,,0.0,,,0.0
2025-02-22 21:00:00,,,,,,,1273.0,1273.0,,,0.0,,,0.0
2025-02-22 22:00:00,,,,,,,1273.0,1273.0,,,0.0,,,0.0
2025-02-22 23:00:00,,,,,,,1273.0,1273.0,,,0.0,,,0.0
2025-02-23 00:00:00,,,,,,,1273.0,1273.0,,,0.0,,,0.0
2025-02-23 01:00:00,,,,,,,1273.0,1273.0,,,0.0,,,0.0
2025-02-23 02:00:00,,,,,,,1273.0,1273.0,,,0.0,,,0.0
2025-02-23 03:00:00,,,,,,,1273.0,1273.0,,,0.0,,,0.0
2025-02-23 04:00:00,,,,,,,1273.0,1273.0,,,0.0,,,0.0
2025-02-23 05:00:00,,,,,,,1273.0,1273.0,,,0.0,,,0.0
2025-02-23 06:00:00,,,,,,,1273.0,1273.0,,,0.0,,,0.0
2025-02-23 07:00:00,,,,,,,1533.0,1533.0,,,0.0,,,0.0
2025-02-23 08:00:00,,,,,,,509.0,509.0,,,0.0,,,0.0
2025-02-23 09:00:00,,,,,,,509.0,509.0,,,0.0,,,0.0
2025-02-23 10:00:00,,,,,,,509.0,509.0,,,0.0,,,0.0
2025-02-23 11:00:00,,,,,,,509.0,509.0,,,0.0,,,0.0
2025-02-23 12:00:00,,,,,,,509.0,509.0,,,0.0,,,0.0
2025-02-23 13:00:00,,,,,,,509.0,509.0,,,0.0,,,0.0
2025-02-23 14:00:00,,,,,,,509.0,509.0,,,0.0,,,0.0
2025-02-23 15:00:00,,,,,,,509.0,509.0,,,0.0,,,0.0
2025-02-23 16:00:00,,,,,,,509.0,509.0,,,0.0,,,0.0
2025-02-23 17:00:00,,,,,,,1533.0,1533.0,,,0.0,,,0.0
2025-02-23 18:00:00,,,,,,,1273.0,1273.0,,,0.0,,,0.0
2025-02-23 19:00:00,,,,,,,1533.0,1533.0,,,0.0,,,0.0
2025-02-23 20:00:00,,,,,,,1273.0,1273.0,,,0.0,,,0.0
2025-02-23 21:00:00,,,,,,,1533.0,1533.0,,,0.0,,,0.0
2025-02-23 22:00:00,,,,,,,1529.0,1529.0,,,0.0,,,0.0
2025-02-23 23:00:00,,,,,,,1529.0,1529.0,,,0.0,,,0.0
2025-02-24 00:00:00,,,,,,,1533.0,1533.0,,,0.0,,,0.0
2025-02-24 01:00:00,,,,,,,1533.0,1533.0,,,0.0,,,0.0
2025-02-24 02:00:00,,,,,,,1273.0,1273.0,,,0.0,,,0.0
2025-02-24 03:00:00,,,,,,,1533.0,1533.0,,,0.0,,,0.0
2025-02-24 04:00:00,,,,,,,1533.0,1533.0,,,0.0,,,0.0
2025-02-24 05:00:00,,,,,,,1533.0,1533.0,,,0.0,,,0.0
2025-02-24 06:00:00,,,,,,,1533.0,1533.0,,,0.0,,,0.0
2025-02-24 07:00:00,,,,,,,1533.0,1533.0,,,0.0,,,0.0
2025-02-24 08:00:00,,,,,,,509.0,509.0,,,0.0,,,0.0
2025-02-24 09:00:00,,,,,,,509.0,509.0,,,0.0,,,0.0
2025-02-24 10:00:00,,,,,,,509.0,509.0,,,0.0,,,0.0
2025-02-24 11:00:00,,,,,,,509.0,509.0,,,0.0,,,0.0
2025-02-24 12:00:00,,,,,,,509.0,509.0,,,0.0,,,0.0
2025-02-24 13:00:00,,,,,,,509.0,509.0,,,0.0,,,0.0
2025-02-24 14:00:00,,,,,,,509.0,509.0,,,0.0,,,0.0
2025-02-24 15:00:00,,,,,,,509.0,509.0,,,0.0,,,0.0
2025-02-24 16:00:00,,,,,,,509.0,509.0,,,0.0,,,0.0
2025-02-24 17:00:00,,,,,,,1533.0,1533.0,,,0.0,,,0.0
2025-02-24 18:00:00,,,,,,,1533.0,1533.0,,,0.0,,,0.0
2025-02-24 19:00:00,,,,,,,1533.0,1533.0,,,0.0,,,0.0
2025-02-24 20:00:00,,,,,,,1533.0,1533.0,,,0.0,,,0.0
2025-02-24 21:00:00,,,,,,,1533.0,1533.0,,,0.0,,,0.0
2025-02-24 22:00:00,,,,,,,1529.0,1529.0,,,0.0,,,0.0
2025-02-24 23:00:00,,,,,,,1529.0,1529.0,,,0.0,,,0.0
2025-02-25 00:00:00,,,,,,,1533.0,1533.0,,,0.0,,,0.0
2025-02-25 01:00:00,,,,,,,1533.0,1533.0,,,0.0,,,0.0
2025-02-25 02:00:00,,,,,,,1533.0,1533.0,,,0.0,,,0.0
2025-02-25 03:00:00,,,,,,,1533.0,1533.0,,,0.0,,,0.0
2025-02-25 04:00:00,,,,,,,1533.0,1533.0,,,0.0,,,0.0
2025-02-25 05:00:00,,,,,,,1529.0,1529.0,,,0.0,,,0.0
2025-02-25 06:00:00,,,,,,,1533.0,1533.0,,,0.0,,,0.0
2025-02-25 07:00:00,,,,,,,1533.0,1533.0,,,0.0,,,0.0
2025-02-25 08:00:00,,,,,,,509.0,509.0,,,0.0,,,0.0
2025-02-25 09:00:00,,,,,,,509.0,509.0,,,0.0,,,0.0
2025-02-25 10:00:00,,,,,,,509.0,509.0,,,0.0,,,0.0
2025-02-25 11:00:00,,,,,,,509.0,509.0,,,0.0,,,0.0
2025-02-25 12:00:00,,,,,,,509.0,509.0,,,0.0,,,0.0
2025-02-25 13:00:00,,,,,,,509.0,509.0,,,0.0,,,0.0
2025-02-25 14:00:00,,,,,,,509.0,509.0,,,0.0,,,0.0
2025-02-25 15:00:00,,,,,,,509.0,509.0,,,0.0,,,0.0
2025-02-25 16:00:00,,,,,,,509.0,509.0,,,0.0,,,0.0
2025-02-25 17:00:00,,,,,,,1533.0,1533.0,,,0.0,,,0.0
2025-02-25 18:00:00,,,,,,,1533.0,1533.0,,,0.0,,,0.0
2025-02-25 19:00:00,,,,,,,1533.0,1533.0,,,0.0,,,0.0
2025-02-25 20:00:00,,,,,,,1273.0,1273.0,,,0.0,,,0.0
2025-02-25 21:00:00,,,,,,,1529.0,1529.0,,,0.0,,,0.0
2025-02-25 22:00:00,,,,,,,1533.0,1533.0,,,0.0,,,0.0
2025-02-25 23:00:00,,,,,,,1529.0,1529.0,,,0.0,,,0.0
2025-02-26 00:00:00,,,,,,,1533.0,1533.0,,,0.0,,,0.0
2025-02-26 01:00:00,,,,,,,1533.0,1533.0,,,0.0,,,0.0
2025-02-26 02:00:00,,,,,,,1529.0,1529.0,,,0.0,,,0.0
2025-02-26 03:00:00,,,,,,,1533.0,1533.0,,,0.0,,,0.0
2025-02-26 04:00:00,,,,,,,1533.0,1533.0,,,0.0,,,0.0
2025-02-26 05:00:00,,,,,,,1533.0,1533.0,,,0.0,,,0.0
2025-02-26 06:00:00,,,,,,,1529.0,1529.0,,,0.0,,,0.0
2025-02-26 07:00:00,,,,,,,1533.0,1533.0,,,0.0,,,0.0
2025-02-26 08:00:00,,,,,,,509.0,509.0,,,0.0,,,0.0
2025-02-26 09:00:00,,,,,,,509.0,509.0,,,0.0,,,0.0
2025-02-26 10:00:00,,,,,,,509.0,509.0,,,0.0,,,0.0
2025-02-26 11:00:00,,,,,,,509.0,509.0,,,0.0,,,0.0
2025-02-26 12:00:00,,,,,,,509.0,509.0,,,0.0,,,0.0
2025-02-26 13:00:00,,,,,,,509.0,509.0,,,0.0,,,0.0
2025-02-26 14:00:00,,,,,,,509.0,509.0,,,0.0,,,0.0
2025-02-26 15:00:00,,,,,,,509.0,509.0,,,0.0,,,0.0
2025-02-26 16:00:00,,,,,,,509.0,509.0,,,0.0,,,0.0
2025-02-26 17:00:00,,,,,,,1533.0,1533.0,,,0.0,,,0.0
2025-02-26 18:00:00,,,,,,,1273.0,1273.0,,,0.0,,,0.0
2025-02-26 19:00:00,,,,,,,1273.0,1273.0,,,0.0,,,0.0
2025-02-26 20:00:00,,,,,,,1273.0,1273.0,,,0.0,,,0.0
2025-02-26 21:00:00,,,,,,,1273.0,1273.0,,,0.0,,,0.0
2025-02-26 22:00:00,,,,,,,1273.0,1273.0,,,0.0,,,0.0
2025-02-26 23:00:00,,,,,,,1273.0,1273.0,,,0.0,,,0.0
2025-02-27 00:00:00,,,,,,,1273.0,1273.0,,,0.0,,,0.0
2025-02-27 01:00:00,,,,,,,1273.0,1273.0,,,0.0,,,0.0
2025-02-27 02:00:00,,,,,,,1273.0,1273.0,,,0.0,,,0.0
2025-02-27 03:00:00,,,,,,,1273.0,1273.0,,,0.0,,,0.0
2025-02-27 04:00:00,,,,,,,1273.0,1273.0,,,0.0,,,0.0
2025-02-27 05:00:00,,,,,,,1273.0,1273.0,,,0.0,,,0.0
2025-02-27 06:00:00,,,,,,,1273.0,1273.0,,,0.0,,,0.0
2025-02-27 07:00:00,,,,,,,1533.0,1533.0,,,0.0,,,0.0
2025-02-27 08:00:00,,,,,,,509.0,509.0,,,0.0,,,0.0
2025-02-27 09:00:00,,,,,,,509.0,509.0,,,0.0,,,0.0
2025-02-27 10:00:00,,,,,,,509.0,509.0,,,0.0,,,0.0
2025-02-27 11:00:00,,,,,,,509.0,509.0,,,0.0,,,0.0
2025-02-27 12:00:00,,,,,,,509.0,509.0,,,0.0,,,0.0
2025-02-27 13:00:00,,,,,,,509.0,509.0,,,0.0,,,0.0
2025-02-27 14:00:00,,,,,,,509.0,509.0,,,0.0,,,0.0
2025-02-27 15:00:00,,,,,,,509.0,509.0,,,0.0,,,0.0
2025-02-27 16:00:00,,,,,,,509.0,509.0,,,0.0,,,0.0
2025-02-27 17:00:00,,,,,,,1533.0,1533.0,,,0.0,,,0.0
2025-02-27 18:00:00,,,,,,,1273.0,1273.0,,,0.0,,,0.0
2025-02-27 19:00:00,,,,,,,1273.0,1273.0,,,0.0,,,0.0
2025-02-27 20:00:00,,,,,,,1273.0,1273.0,,,0.0,,,0.0
2025-02-27 21:00:00,,,,,,,1273.0,1273.0,,,0.0,,,0.0
2025-02-27 22:00:00,,,,,,,1273.0,1273.0,,,0.0,,,0.0
2025-02-27 23:00:00,,,,,,,1273.0,1273.0,,,0.0,,,0.0
2025-02-28 00:00:00,,,,,,,1273.0,1273.0,,,0.0,,,0.0
2025-02-28 01:00:00,,,,,,,1273.0,1273.0,,,0.0,,,0.0
2025-02-28 02:00:00,,,,,,,1273.0,1273.0,,,0.0,,,0.0
2025-02-28 03:00:00,,,,,,,1273.0,1273.0,,,0.0,,,0.0
2025-02-28 04:00:00,,,,,,,1533.0,1533.0,,,0.0,,,0.0
2025-02-28 05:00:00,,,,,,,1533.0,1533.0,,,0.0,,,0.0
2025-02-28 06:00:00,,,,,,,1273.0,1273.0,,,0.0,,,0.0
2025-02-28 07:00:00,,,,,,,1533.0,1533.0,,,0.0,,,0.0
2025-02-28 08:00:00,,,,,,,509.0,509.0,,,0.0,,,0.0
2025-02-28 09:00:00,,,,,,,509.0,509.0,,,0.0,,,0.0
2025-02-28 10:00:00,,,,,,,509.0,509.0,,,0.0,,,0.0
2025-02-28 11:00:00,,,,,,,509.0,509.0,,,0.0,,,0.0
2025-02-28 12:00:00,,,,,,,509.0,509.0,,,0.0,,,0.0
2025-02-28 13:00:00,,,,,,,509.0,509.0,,,0.0,,,0.0
2025-02-28 14:00:00,,,,,,,509.0,509.0,,,0.0,,,0.0
2025-02-28 15:00:00,,,,,,,509.0,509.0,,,0.0,,,0.0
2025-02-28 16:00:00,,,,,,,509.0,509.0,,,0.0,,,0.0
2025-02-28 17:00:00,,,,,,,1533.0,1533.0,,,0.0,,,0.0
2025-02-28 18:00:00,,,,,,,1529.0,1529.0,,,0.0,,,0.0
2025-02-28 19:00:00,,,,,,,1529.0,1529.0,,,0.0,,,0.0
2025-02-28 20:00:00,,,,,,,1273.0,1273.0,,,0.0,,,0.0
2025-02-28 21:00:00,,,,,,,1273.0,1273.0,,,0.0,,,0.0
2025-02-28 22:00:00,,,,,,,1529.0,1529.0,,,0.0,,,0.0
2025-02-28 23:00:00,,,,,,,1273.0,1273.0,,,0.0,,,0.0
2025-03-01 00:00:00,,,,,,,1273.0,1273.0,,,0.0,,,0.0
2025-03-01 01:00:00,,,,,,,1533.0,1533.0,,,0.0,,,0.0
2025-03-01 02:00:00,,,,,,,1533.0,1533.0,,,0.0,,,0.0
2025-03-01 03:00:00,,,,,,,1533.0,1533.0,,,0.0,,,0.0
2025-03-01 04:00:00,,,,,,,1533.0,1533.0,,,0.0,,,0.0
2025-03-01 05:00:00,,,,,,,1529.0,1529.0,,,0.0,,,0.0
2025-03-01 06:00:00,,,,,,,1273.0,1273.0,,,0.0,,,0.0
2025-03-01 07:00:00,,,,,,,1533.0,1533.0,,,0.0,,,0.0
2025-03-01 08:00:00,,,,,,,509.0,509.0,,,0.0,,,0.0
2025-03-01 09:00:00,,,,,,,509.0,509.0,,,0.0,,,0.0
2025-03-01 10:00:00,,,,,,,509.0,509.0,,,0.0,,,0.0
2025-03-01 11:00:00,,,,,,,509.0,509.0,,,0.0,,,0.0
2025-03-01 12:00:00,,,,,,,509.0,509.0,,,0.0,,,0.0
2025-03-01 13:00:00,,,,,,,509.0,509.0,,,0.0,,,0.0
2025-03-01 14:00:00,,,,,,,509.0,509.0,,,0.0,,,0.0
2025-03-01 15:00:00,,,,,,,509.0,509.0,,,0.0,,,0.0
2025-03-01 16:00:00,,,,,,,509.0,509.0,,,0.0,,,0.0
2025-03-01 17:00:00,,,,,,,1533.0,1533.0,,,0.0,,,0.0
2025-03-01 18:00:00,,,,,,,1273.0,1273.0,,,0.0,,,0.0
2025-03-01 19:00:00,,,,,,,1273.0,1273.0,,,0.0,,,0.0
2025-03-01 20:00:00,,,,,,,1273.0,1273.0,,,0.0,,,0.0
2025-03-01 21:00:00,,,,,,,1273.0,1273.0,,,0.0,,,0.0
2025-03-01 22:00:00,,,,,,,1273.0,1273.0,,,0.0,,,0.0
2025-03-01 23:00:00,,,,,,,1273.0,1273.0,,,0.0,,,0.0
2025-03-02 00:00:00,,,,,,,1273.0,1273.0,,,0.0,,,0.0
2025-03-02 01:00:00,,,,,,,1273.0,1273.0,,,0.0,,,0.0
2025-03-02 02:00:00,,,,,,,1273.0,1273.0,,,0.0,,,0.0
2025-03-02 03:00:00,,,,,,,1273.0,1273.0,,,0.0,,,0.0
2025-03-02 04:00:00,,,,,,,1273.0,1273.0,,,0.0,,,0.0
2025-03-02 05:00:00,,,,,,,1273.0,1273.0,,,0.0,,,0.0
2025-03-02 06:00:00,,,,,,,1273.0,1273.0,,,0.0,,,0.0
2025-03-02 07:00:00,,,,,,,1533.0,1533.0,,,0.0,,,0.0
2025-03-02 08:00:00,,,,,,,509.0,509.0,,,0.0,,,0.0
2025-03-02 09:00:00,,,,,,,509.0,509.0,,,0.0,,,0.0
2025-03-02 10:00:00,,,,,,,509.0,509.0,,,0.0,,,0.0
2025-03-02 11:00:00,,,,,,,509.0,509.0,,,0.0,,,0.0
2025-03-02 12:00:00,,,,,,,509.0,509.0,,,0.0,,,0.0
2025-03-02 13:00:00,,,,,,,509.0,509.0,,,0.0,,,0.0
2025-03-02 14:00:00,,,,,,,509.0,509.0,,,0.0,,,0.0
2025-03-02 15:00:00,,,,,,,509.0,509.0,,,0.0,,,0.0
2025-03-02 16:00:00,,,,,,,509.0,509.0,,,0.0,,,0.0
2025-03-02 17:00:00,,,,,,,1533.0,1533.0,,,0.0,,,0.0
2025-03-02 18:00:00,,,,,,,1273.0,1273.0,,,0.0,,,0.0
2025-03-02 19:00:00,,,,,,,1273.0,1273.0,,,0.0,,,0.0
2025-03-02 20:00:00,,,,,,,1273.0,1273.0,,,0.0,,,0.0
2025-03-02 21:00:00,,,,,,,1273.0,1273.0,,,0.0,,,0.0
2025-03-02 22:00:00,,,,,,,1273.0,1273.0,,,0.0,,,0.0
2025-03-02 23:00:00,,,,,,,1273.0,1273.0,,,0.0,,,0.0
2025-03-03 00:00:00,,,,,,,1273.0,1273.0,,,0.0,,,0.0
2025-03-03 01:00:00,,,,,,,1273.0,1273.0,,,0.0,,,0.0
2025-03-03 02:00:00,,,,,,,1273.0,1273.0,,,0.0,,,0.0
2025-03-03 03:00:00,,,,,,,1273.0,1273.0,,,0.0,,,0.0
2025-03-03 04:00:00,,,,,,,1529.0,1529.0,,,0.0,,,0.0
2025-03-03 05:00:00,,,,,,,1273.0,1273.0,,,0.0,,,0.0
2025-03-03 06:00:00,,,,,,,1273.0,1273.0,,,0.0,,,0.0
2025-03-03 07:00:00,,,,,,,1533.0,1533.0,,,0.0,,,0.0
2025-03-03 08:00:00,,,,,,,509.0,509.0,,,0.0,,,0.0
2025-03-03 09:00:00,,,,,,,509.0,509.0,,,0.0,,,0.0
2025-03-03 10:00:00,,,,,,,509.0,509.0,,,0.0,,,0.0
2025-03-03 11:00:00,,,,,,,509.0,509.0,,,0.0,,,0.0
2025-03-03 12:00:00,,,,,,,509.0,509.0,,,0.0,,,0.0
2025-03-03 13:00:00,,,,,,,509.0,509.0,,,0.0,,,0.0
2025-03-03 14:00:00,,,,,,,509.0,509.0,,,0.0,,,0.0
2025-03-03 15:00:00,,,,,,,509.0,509.0,,,0.0,,,0.0
2025-03-03 16:00:00,,,,,,,509.0,509.0,,,0.0,,,0.0
2025-03-03 17:00:00,,,,,,,1533.0,1533.0,,,0.0,,,0.0
2025-03-03 18:00:00,,,,,,,1273.0,1273.0,,,0.0,,,0.0
2025-03-03 19:00:00,,,,,,,1273.0,1273.0,,,0.0,,,0.0
2025-03-03 20:00:00,,,,,,,1273.0,1273.0,,,0.0,,,0.0
2025-03-03 21:00:00,,,,,,,1273.0,1273.0,,,0.0,,,0.0
2025-03-03 22:00:00,,,,,,,1529.0,1529.0,,,0.0,,,0.0
2025-03-03 23:00:00,,,,,,,1273.0,1273.0,,,0.0,,,0.0
2025-03-04 00:00:00,,,,,,,1273.0,1273.0,,,0.0,,,0.0
2025-03-04 01:00:00,,,,,,,1273.0,1273.0,,,0.0,,,0.0
2025-03-04 02:00:00,,,,,,,1273.0,1273.0,,,0.0,,,0.0
2025-03-04 03:00:00,,,,,,,1273.0,1273.0,,,0.0,,,0.0
2025-03-04 04:00:00,,,,,,,1273.0,1273.0,,,0.0,,,0.0
2025-03-04 05:00:00,,,,,,,1273.0,1273.0,,,0.0,,,0.0
2025-03-04 06:00:00,,,,,,,1273.0,1273.0,,,0.0,,,0.0
2025-03-04 07:00:00,,,,,,,1533.0,1533.0,,,0.0,,,0.0
2025-03-04 08:00:00,,,,,,,509.0,509.0,,,0.0,,,0.0
2025-03-04 09:00:00,,,,,,,509.0,509.0,,,0.0,,,0.0
2025-03-04 10:00:00,,,,,,,509.0,509.0,,,0.0,,,0.0
2025-03-04 11:00:00,,,,,,,509.0,509.0,,,0.0,,,0.0
2025-03-04 12:00:00,,,,,,,509.0,509.0,,,0.0,,,0.0
2025-03-04 13:00:00,,,,,,,509.0,509.0,,,0.0,,,0.0
2025-03-04 14:00:00,,,,,,,509.0,509.0,,,0.0,,,0.0
2025-03-04 15:00:00,,,,,,,509.0,509.0,,,0.0,,,0.0
2025-03-04 16:00:00,,,,,,,509.0,509.0,,,0.0,,,0.0
2025-03-04 17:00:00,,,,,,,1533.0,1533.0,,,0.0,,,0.0
2025-03-04 18:00:00,,,,,,,1273.0,1273.0,,,0.0,,,0.0
2025-03-04 19:00:00,,,,,,,1273.0,1273.0,,,0.0,,,0.0
2025-03-04 20:00:00,,,,,,,1273.0,1273.0,,,0.0,,,0.0
2025-03-04 21:00:00,,,,,,,1273.0,1273.0,,,0.0,,,0.0
2025-03-04 22:00:00,,,,,,,1273.0,1273.0,,,0.0,,,0.0
2025-03-04 23:00:00,,,,,,,1273.0,1273.0,,,0.0,,,0.0
2025-03-05 00:00:00,,,,,,,1273.0,1273.0,,,0.0,,,0.0
2025-03-05 01:00:00,,,,,,,1273.0,1273.0,,,0.0,,,0.0
2025-03-05 02:00:00,,,,,,,1273.0,1273.0,,,0.0,,,0.0
2025-03-05 03:00:00,,,,,,,1273.0,1273.0,,,0.0,,,0.0
2025-03-05 04:00:00,,,,,,,1273.0,1273.0,,,0.0,,,0.0
2025-03-05 05:00:00,,,,,,,1273.0,1273.0,,,0.0,,,0.0
2025-03-05 06:00:00,,,,,,,1273.0,1273.0,,,0.0,,,0.0
2025-03-05 07:00:00,,,,,,,1533.0,1533.0,,,0.0,,,0.0
2025-03-05 08:00:00,,,,,,,509.0,509.0,,,0.0,,,0.0
2025-03-05 09:00:00,,,,,,,509.0,509.0,,,0.0,,,0.0
2025-03-05 10:00:00,,,,,,,509.0,509.0,,,0.0,,,0.0
2025-03-05 11:00:00,,,,,,,509.0,509.0,,,0.0,,,0.0
2025-03-05 12:00:00,,,,,,,509.0,509.0,,,0.0,,,0.0
2025-03-05 13:00:00,,,,,,,509.0,509.0,,,0.0,,,0.0
2025-03-05 14:00:00,,,,,,,509.0,509.0,,,0.0,,,0.0
2025-03-05 15:00:00,,,,,,,509.0,509.0,,,0.0,,,0.0
2025-03-05 16:00:00,,,,,,,509.0,509.0,,,0.0,,,0.0
2025-03-05 17:00:00,,,,,,,1533.0,1533.0,,,0.0,,,0.0
2025-03-05 18:00:00,,,,,,,1273.0,1273.0,,,0.0,,,0.0
2025-03-05 19:00:00,,,,,,,1273.0,1273.0,,,0.0,,,0.0
2025-03-05 20:00:00,,,,,,,1273.0,1273.0,,,0.0,,,0.0
2025-03-05 21:00:00,,,,,,,1529.0,1529.0,,,0.0,,,0.0
2025-03-05 22:00:00,,,,,,,1529.0,1529.0,,,0.0,,,0.0
2025-03-05 23:00:00,,,,,,,1533.0,1533.0,,,0.0,,,0.0
2025-03-06 00:00:00,,,,,,,1273.0,1273.0,,,0.0,,,0.0
2025-03-06 01:00:00,,,,,,,1529.0,1529.0,,,0.0,,,0.0
2025-03-06 02:00:00,,,,,,,1529.0,1529.0,,,0.0,,,0.0
2025-03-06 03:00:00,,,,,,,1529.0,1529.0,,,0.0,,,0.0
2025-03-06 04:00:00,,,,,,,1273.0,1273.0,,,0.0,,,0.0
2025-03-06 05:00:00,,,,,,,1529.0,1529.0,,,0.0,,,0.0
2025-03-06 06:00:00,,,,,,,1533.0,1533.0,,,0.0,,,0.0
2025-03-06 07:00:00,,,,,,,1533.0,1533.0,,,0.0,,,0.0
2025-03-06 08:00:00,,,,,,,509.0,509.0,,,0.0,,,0.0
2025-03-06 09:00:00,,,,,,,509.0,509.0,,,0.0,,,0.0
2025-03-06 10:00:00,,,,,,,509.0,509.0,,,0.0,,,0.0
2025-03-06 11:00:00,,,,,,,509.0,509.0,,,0.0,,,0.0
2025-03-06 12:00:00,,,,,,,509.0,509.0,,,0.0,,,0.0
2025-03-06 13:00:00,,,,,,,509.0,509.0,,,0.0,,,0.0
2025-03-06 14:00:00,,,,,,,509.0,509.0,,,0.0,,,0.0
2025-03-06 15:00:00,,,,,,,509.0,509.0,,,0.0,,,0.0
2025-03-06 16:00:00,,,,,,,509.0,509.0,,,0.0,,,0.0
2025-03-06 17:00:00,,,,,,,1533.0,1533.0,,,0.0,,,0.0
2025-03-06 18:00:00,,,,,,,1273.0,1273.0,,,0.0,,,0.0
2025-03-06 19:00:00,,,,,,,1529.0,1529.0,,,0.0,,,0.0
2025-03-06 20:00:00,,,,,,,1273.0,1273.0,,,0.0,,,0.0
2025-03-06 21:00:00,,,,,,,1273.0,1273.0,,,0.0,,,0.0
2025-03-06 22:00:00,,,,,,,1273.0,1273.0,,,0.0,,,0.0
2025-03-06 23:00:00,,,,,,,1273.0,1273.0,,,0.0,,,0.0
2025-03-07 00:00:00,,,,,,,1273.0,1273.0,,,0.0,,,0.0
2025-03-07 01:00:00,,,,,,,1273.0,1273.0,,,0.0,,,0.0
2025-03-07 02:00:00,,,,,,,1273.0,1273.0,,,0.0,,,0.0
2025-03-07 03:00:00,,,,,,,1529.0,1529.0,,,0.0,,,0.0
2025-03-07 04:00:00,,,,,,,1533.0,1533.0,,,0.0,,,0.0
2025-03-07 05:00:00,,,,,,,1533.0,1533.0,,,0.0,,,0.0
2025-03-07 06:00:00,,,,,,,1273.0,1273.0,,,0.0,,,0.0
2025-03-07 07:00:00,,,,,,,1533.0,1533.0,,,0.0,,,0.0
2025-03-07 08:00:00,,,,,,,509.0,509.0,,,0.0,,,0.0
2025-03-07 09:00:00,,,,,,,509.0,509.0,,,0.0,,,0.0
2025-03-07 10:00:00,,,,,,,509.0,509.0,,,0.0,,,0.0
2025-03-07 11:00:00,,,,,,,509.0,509.0,,,0.0,,,0.0
2025-03-07 12:00:00,,,,,,,509.0,509.0,,,0.0,,,0.0
2025-03-07 13:00:00,,,,,,,509.0,509.0,,,0.0,,,0.0
2025-03-07 14:00:00,,,,,,,509.0,509.0,,,0.0,,,0.0
2025-03-07 15:00:00,,,,,,,509.0,509.0,,,0.0,,,0.0
2025-03-07 16:00:00,,,,,,,509.0,509.0,,,0.0,,,0.0
2025-03-07 17:00:00,,,,,,,1533.0,1533.0,,,0.0,,,0.0
2025-03-07 18:00:00,,,,,,,1533.0,1533.0,,,0.0,,,0.0
2025-03-07 19:00:00,,,,,,,1533.0,1533.0,,,0.0,,,0.0
2025-03-07 20:00:00,,,,,,,1533.0,1533.0,,,0.0,,,0.0
2025-03-07 21:00:00,,,,,,,1529.0,1529.0,,,0.0,,,0.0
2025-03-07 22:00:00,,,,,,,1533.0,1533.0,,,0.0,,,0.0
2025-03-07 23:00:00,,,,,,,1533.0,1533.0,,,0.0,,,0.0
2025-03-08 00:00:00,,,,,,,1533.0,1533.0,,,0.0,,,0.0
2025-03-08 01:00:00,,,,,,,1529.0,1529.0,,,0.0,,,0.0
2025-03-08 02:00:00,,,,,,,1533.0,1533.0,,,0.0,,,0.0
2025-03-08 03:00:00,,,,,,,1529.0,1529.0,,,0.0,,,0.0
2025-03-08 04:00:00,,,,,,,1273.0,1273.0,,,0.0,,,0.0
2025-03-08 05:00:00,,,,,,,1273.0,1273.0,,,0.0,,,0.0
2025-03-08 06:00:00,,,,,,,1273.0,1273.0,,,0.0,,,0.0
2025-03-08 07:00:00,,,,,,,1533.0,1533.0,,,0.0,,,0.0
2025-03-08 08:00:00,,,,,,,509.0,509.0,,,0.0,,,0.0
2025-03-08 09:00:00,,,,,,,509.0,509.0,,,0.0,,,0.0
2025-03-08 10:00:00,,,,,,,509.0,509.0,1.9898,0.0,1.0,0.8471,0.0,1.0
2025-03-08 11:00:00,,,,,,,509.0,509.0,,,0.0,,,0.0
2025-03-08 12:00:00,,,,,,,509.0,509.0,,,0.0,,,0.0
2025-03-08 13:00:00,,,,,,,509.0,509.0,,,0.0,,,0.0
2025-03-08 14:00:00,,,,,,,509.0,509.0,,,0.0,,,0.0
2025-03-08 15:00:00,,,,,,,509.0,509.0,,,0.0,,,0.0
2025-03-08 16:00:00,,,,,,,509.0,509.0,,,0.0,,,0.0
2025-03-08 17:00:00,,,,,,,1533.0,1533.0,,,0.0,,,0.0
2025-03-08 18:00:00,,,,,,,1529.0,1529.0,,,0.0,,,0.0
2025-03-08 19:00:00,,,,,,,1529.0,1529.0,,,0.0,,,0.0
2025-03-08 20:00:00,,,,,,,1533.0,1533.0,,,0.0,,,0.0
2025-03-08 21:00:00,,,,,,,1529.0,1529.0,,,0.0,,,0.0
2025-03-08 22:00:00,,,,,,,1533.0,1533.0,,,0.0,,,0.0
2025-03-08 23:00:00,,,,,,,1273.0,1273.0,,,0.0,,,0.0
2025-03-09 00:00:00,,,,,,,1533.0,1533.0,,,0.0,,,0.0
2025-03-09 01:00:00,,,,,,,1533.0,1533.0,,,0.0,,,0.0
2025-03-09 02:00:00,,,,,,,1273.0,1273.0,,,0.0,,,0.0
2025-03-09 03:00:00,,,,,,,1533.0,1533.0,,,0.0,,,0.0
2025-03-09 04:00:00,,,,,,,1273.0,1273.0,,,0.0,,,0.0
2025-03-09 05:00:00,,,,,,,1273.0,1273.0,,,0.0,,,0.0
2025-03-09 06:00:00,,,,,,,1273.0,1273.0,,,0.0,,,0.0
2025-03-09 07:00:00,,,,,,,1533.0,1533.0,,,0.0,,,0.0
2025-03-09 08:00:00,,,,,,,509.0,509.0,,,0.0,,,0.0
2025-03-09 09:00:00,,,,,,,505.0,505.0,,,0.0,,,0.0
2025-03-09 10:00:00,,,,,,,509.0,509.0,,,0.0,,,0.0
2025-03-09 11:00:00,,,,,,,509.0,509.0,,,0.0,,,0.0
2025-03-09 12:00:00,,,,,,,509.0,509.0,,,0.0,,,0.0
2025-03-09 13:00:00,,,,,,,509.0,509.0,,,0.0,,,0.0
2025-03-09 14:00:00,,,,,,,509.0,509.0,,,0.0,,,0.0
2025-03-09 15:00:00,,,,,,,509.0,509.0,,,0.0,,,0.0
2025-03-09 16:00:00,,,,,,,509.0,509.0,,,0.0,,,0.0
2025-03-09 17:00:00,,,,,,,1533.0,1533.0,,,0.0,,,0.0
2025-03-09 18:00:00,,,,,,,1533.0,1533.0,,,0.0,,,0.0
2025-03-09 19:00:00,,,,,,,1533.0,1533.0,,,0.0,,,0.0
2025-03-09 20:00:00,,,,,,,1529.0,1529.0,,,0.0,,,0.0
2025-03-09 21:00:00,,,,,,,1533.0,1533.0,,,0.0,,,0.0
2025-03-09 22:00:00,,,,,,,1529.0,1529.0,,,0.0,,,0.0
2025-03-09 23:00:00,,,,,,,1533.0,1533.0,,,0.0,,,0.0
2025-03-10 00:00:00,,,,,,,1529.0,1529.0,,,0.0,,,0.0
2025-03-10 01:00:00,,,,,,,1533.0,1533.0,,,0.0,,,0.0
2025-03-10 02:00:00,,,,,,,1529.0,1529.0,,,0.0,,,0.0
2025-03-10 03:00:00,,,,,,,1273.0,1273.0,,,0.0,,,0.0
2025-03-10 04:00:00,,,,,,,1273.0,1273.0,,,0.0,,,0.0
2025-03-10 05:00:00,,,,,,,1273.0,1273.0,,,0.0,,,0.0
2025-03-10 06:00:00,,,,,,,1273.0,1273.0,,,0.0,,,0.0
2025-03-10 07:00:00,,,,,,,1533.0,1533.0,,,0.0,,,0.0
2025-03-10 08:00:00,,,,,,,509.0,509.0,,,0.0,,,0.0
2025-03-10 09:00:00,,,,,,,505.0,505.0,,,0.0,,,0.0
2025-03-10 10:00:00,,,,,,,509.0,509.0,,,0.0,,,0.0
2025-03-10 11:00:00,,,,,,,509.0,509.0,,,0.0,,,0.0
2025-03-10 12:00:00,,,,,,,509.0,509.0,,,0.0,,,0.0
2025-03-10 13:00:00,,,,,,,509.0,509.0,,,0.0,,,0.0
2025-03-10 14:00:00,,,,,,,509.0,509.0,,,0.0,,,0.0
2025-03-10 15:00:00,,,,,,,509.0,509.0,,,0.0,,,0.0
2025-03-10 16:00:00,,,,,,,509.0,509.0,,,0.0,,,0.0
2025-03-10 17:00:00,,,,,,,1533.0,1533.0,,,0.0,,,0.0
2025-03-10 18:00:00,,,,,,,1273.0,1273.0,,,0.0,,,0.0
2025-03-10 19:00:00,,,,,,,1273.0,1273.0,,,0.0,,,0.0
2025-03-10 20:00:00,,,,,,,1529.0,1529.0,,,0.0,,,0.0
2025-03-10 21:00:00,,,,,,,1273.0,1273.0,,,0.0,,,0.0
2025-03-10 22:00:00,,,,,,,1273.0,1273.0,,,0.0,,,0.0
2025-03-11 01:00:00,,,,,,,1273.0,1273.0,,,0.0,,,0.0
2025-03-11 02:00:00,,,,,,,1273.0,1273.0,,,0.0,,,0.0
2025-03-11 03:00:00,,,,,,,1273.0,1273.0,,,0.0,,,0.0
2025-03-11 04:00:00,,,,,,,1273.0,1273.0,,,0.0,,,0.0
2025-03-11 05:00:00,,,,,,,1273.0,1273.0,,,0.0,,,0.0
2025-03-11 06:00:00,,,,,,,1273.0,1273.0,,,0.0,,,0.0
2025-03-11 07:00:00,,,,,,,1533.0,1533.0,,,0.0,,,0.0
2025-03-11 08:00:00,,,,,,,509.0,509.0,,,0.0,,,0.0
2025-03-11 09:00:00,,,,,,,505.0,505.0,,,0.0,,,0.0
2025-03-11 10:00:00,,,,,,,509.0,509.0,0.8458,0.1382,2.0,0.77479994,0.029699981,2.0
2025-03-11 11:00:00,,,,,,,509.0,509.0,,,0.0,,,0.0
2025-03-11 12:00:00,,,,,,,509.0,509.0,,,0.0,,,0.0
2025-03-11 13:00:00,,,,,,,509.0,509.0,,,0.0,,,0.0
2025-03-11 14:00:00,,,,,,,509.0,509.0,,,0.0,,,0.0
2025-03-11 15:00:00,,,,,,,509.0,509.0,,,0.0,,,0.0
2025-03-11 16:00:00,,,,,,,509.0,509.0,,,0.0,,,0.0
2025-03-11 17:00:00,,,,,,,1533.0,1533.0,,,0.0,,,0.0
2025-03-11 18:00:00,,,,,,,1273.0,1273.0,,,0.0,,,0.0
2025-03-11 19:00:00,,,,,,,1273.0,1273.0,,,0.0,,,0.0
2025-03-11 20:00:00,,,,,,,1533.0,1533.0,,,0.0,,,0.0
2025-03-11 21:00:00,,,,,,,1533.0,1533.0,,,0.0,,,0.0
2025-03-11 22:00:00,,,,,,,1273.0,1273.0,,,0.0,,,0.0
2025-03-11 23:00:00,,,,,,,1273.0,1273.0,,,0.0,,,0.0
2025-03-12 00:00:00,,,,,,,1529.0,1529.0,,,0.0,,,0.0
2025-03-12 01:00:00,,,,,,,1529.0,1529.0,,,0.0,,,0.0
2025-03-12 02:00:00,,,,,,,1529.0,1529.0,,,0.0,,,0.0
2025-03-12 03:00:00,,,,,,,1529.0,1529.0,,,0.0,,,0.0
2025-03-12 04:00:00,,,,,,,1529.0,1529.0,,,0.0,,,0.0
2025-03-12 05:00:00,,,,,,,1533.0,1533.0,,,0.0,,,0.0
2025-03-12 06:00:00,,,,,,,1533.0,1533.0,,,0.0,,,0.0
2025-03-12 07:00:00,,,,,,,1529.0,1529.0,,,0.0,,,0.0
2025-03-12 08:00:00,,,,,,,509.0,509.0,,,0.0,,,0.0
2025-03-12 09:00:00,,,,,,,509.0,509.0,,,0.0,,,0.0
2025-03-12 10:00:00,,,,,,,509.0,509.0,,,0.0,,,0.0
2025-03-12 11:00:00,,,,,,,509.0,509.0,,,0.0,,,0.0
2025-03-12 12:00:00,,,,,,,509.0,509.0,,,0.0,,,0.0
2025-03-12 13:00:00,,,,,,,509.0,509.0,,,0.0,,,0.0
2025-03-12 14:00:00,,,,,,,509.0,509.0,,,0.0,,,0.0
2025-03-12 15:00:00,,,,,,,509.0,509.0,,,0.0,,,0.0
2025-03-12 16:00:00,,,,,,,509.0,509.0,,,0.0,,,0.0
2025-03-12 17:00:00,,,,,,,1533.0,1533.0,,,0.0,,,0.0
2025-03-12 18:00:00,,,,,,,1533.0,1533.0,,,0.0,,,0.0
2025-03-12 19:00:00,,,,,,,1533.0,1533.0,,,0.0,,,0.0
2025-03-12 20:00:00,,,,,,,1529.0,1529.0,,,0.0,,,0.0
2025-03-12 21:00:00,,,,,,,1273.0,1273.0,,,0.0,,,0.0
2025-03-12 22:00:00,,,,,,,1533.0,1533.0,,,0.0,,,0.0
2025-03-12 23:00:00,,,,,,,1273.0,1273.0,,,0.0,,,0.0
2025-03-13 00:00:00,,,,,,,1273.0,1273.0,,,0.0,,,0.0
2025-03-13 01:00:00,,,,,,,1273.0,1273.0,,,0.0,,,0.0
2025-03-13 02:00:00,,,,,,,1273.0,1273.0,,,0.0,,,0.0
2025-03-13 03:00:00,,,,,,,1273.0,1273.0,,,0.0,,,0.0
2025-03-13 04:00:00,,,,,,,1273.0,1273.0,,,0.0,,,0.0
2025-03-13 05:00:00,,,,,,,1273.0,1273.0,,,0.0,,,0.0
2025-03-13 06:00:00,,,,,,,1273.0,1273.0,,,0.0,,,0.0
2025-03-13 07:00:00,,,,,,,1533.0,1533.0,,,0.0,,,0.0
2025-03-13 08:00:00,,,,,,,509.0,509.0,,,0.0,,,0.0
2025-03-13 09:00:00,,,,,,,509.0,509.0,,,0.0,,,0.0
2025-03-13 10:00:00,,,,,,,509.0,509.0,0.9766,0.0,1.0,0.72229993,0.0,1.0
2025-03-13 11:00:00,,,,,,,509.0,509.0,,,0.0,,,0.0
2025-03-13 12:00:00,,,,,,,509.0,509.0,,,0.0,,,0.0
2025-03-13 13:00:00,,,,,,,509.0,509.0,,,0.0,,,0.0
2025-03-13 14:00:00,,,,,,,509.0,509.0,,,0.0,,,0.0
2025-03-13 15:00:00,,,,,,,509.0,509.0,,,0.0,,,0.0
2025-03-13 16:00:00,,,,,,,509.0,509.0,,,0.0,,,0.0
2025-03-13 17:00:00,,,,,,,1533.0,1533.0,,,0.0,,,0.0
2025-03-13 18:00:00,,,,,,,1273.0,1273.0,,,0.0,,,0.0
2025-03-13 19:00:00,,,,,,,1273.0,1273.0,,,0.0,,,0.0
2025-03-13 20:00:00,,,,,,,1273.0,1273.0,,,0.0,,,0.0
2025-03-13 21:00:00,,,,,,,1529.0,1529.0,,,0.0,,,0.0
2025-03-13 22:00:00,,,,,,,1529.0,1529.0,,,0.0,,,0.0
2025-03-13 23:00:00,,,,,,,1273.0,1273.0,,,0.0,,,0.0
2025-03-14 00:00:00,,,,,,,1273.0,1273.0,,,0.0,,,0.0
2025-03-14 01:00:00,,,,,,,1273.0,1273.0,,,0.0,,,0.0
2025-03-14 02:00:00,,,,,,,1273.0,1273.0,,,0.0,,,0.0
2025-03-14 03:00:00,,,,,,,1273.0,1273.0,,,0.0,,,0.0
2025-03-14 04:00:00,,,,,,,1273.0,1273.0,,,0.0,,,0.0
2025-03-14 05:00:00,,,,,,,1273.0,1273.0,,,0.0,,,0.0
2025-03-14 06:00:00,,,,,,,1529.0,1529.0,,,0.0,,,0.0
2025-03-14 07:00:00,,,,,,,1533.0,1533.0,,,0.0,,,0.0
2025-03-14 08:00:00,,,,,,,509.0,509.0,,,0.0,,,0.0
2025-03-14 09:00:00,,,,,,,509.0,509.0,,,0.0,,,0.0
2025-03-14 10:00:00,,,,,,,509.0,509.0,0.96059996,0.0942,3.0,0.7444999,0.056599975,3.0
2025-03-14 11:00:00,,,,,,,509.0,509.0,,,0.0,,,0.0
2025-03-14 12:00:00,,,,,,,509.0,509.0,,,0.0,,,0.0
2025-03-14 13:00:00,,,,,,,509.0,509.0,0.8804,0.0,1.0,1.0447999,0.0,1.0
2025-03-14 14:00:00,,,,,,,509.0,509.0,,,0.0,,,0.0
2025-03-14 15:00:00,,,,,,,505.0,505.0,,,0.0,,,0.0
2025-03-14 16:00:00,,,,,,,509.0,509.0,,,0.0,,,0.0
2025-03-14 17:00:00,,,,,,,1533.0,1533.0,,,0.0,,,0.0
2025-03-14 18:00:00,,,,,,,1273.0,1273.0,,,0.0,,,0.0
2025-03-14 19:00:00,,,,,,,1273.0,1273.0,,,0.0,,,0.0
2025-03-14 20:00:00,,,,,,,1273.0,1273.0,,,0.0,,,0.0
2025-03-14 21:00:00,,,,,,,1273.0,1273.0,,,0.0,,,0.0
2025-03-14 22:00:00,,,,,,,1273.0,1273.0,,,0.0,,,0.0
2025-03-14 23:00:00,,,,,,,1273.0,1273.0,,,0.0,,,0.0
2025-03-15 00:00:00,,,,,,,1273.0,1273.0,,,0.0,,,0.0
2025-03-15 01:00:00,,,,,,,1273.0,1273.0,,,0.0,,,0.0
2025-03-15 02:00:00,,,,,,,1533.0,1533.0,,,0.0,,,0.0
2025-03-15 03:00:00,,,,,,,1529.0,1529.0,,,0.0,,,0.0
2025-03-15 04:00:00,,,,,,,1273.0,1273.0,,,0.0,,,0.0
2025-03-15 05:00:00,,,,,,,1273.0,1273.0,,,0.0,,,0.0
2025-03-15 06:00:00,,,,,,,1273.0,1273.0,,,0.0,,,0.0
2025-03-15 07:00:00,,,,,,,1533.0,1533.0,,,0.0,,,0.0
2025-03-15 08:00:00,,,,,,,509.0,509.0,,,0.0,,,0.0
2025-03-15 09:00:00,,,,,,,2553.0,2552.0,0.7302,0.0,1.0,0.9879,0.0,1.0
2025-03-15 10:00:00,,,,,,,509.0,509.0,0.7356,0.036,3.0,0.98819995,0.00040000677,3.0
2025-03-15 11:00:00,,,,,,,505.0,505.0,,,0.0,,,0.0
2025-03-15 12:00:00,,,,,,,509.0,509.0,,,0.0,,,0.0
2025-03-15 13:00:00,,,,,,,509.0,509.0,,,0.0,,,0.0
2025-03-15 14:00:00,,,,,,,509.0,509.0,,,0.0,,,0.0
2025-03-15 15:00:00,,,,,,,509.0,509.0,,,0.0,,,0.0
2025-03-15 16:00:00,,,,,,,509.0,509.0,,,0.0,,,0.0
2025-03-15 17:00:00,,,,,,,1533.0,1533.0,,,0.0,,,0.0
2025-03-15 18:00:00,,,,,,,1529.0,1529.0,,,0.0,,,0.0
2025-03-15 19:00:00,,,,,,,1273.0,1273.0,,,0.0,,,0.0
2025-03-15 20:00:00,,,,,,,1529.0,1529.0,,,0.0,,,0.0
2025-03-15 21:00:00,,,,,,,1529.0,1529.0,,,0.0,,,0.0
2025-03-15 22:00:00,,,,,,,1533.0,1533.0,,,0.0,,,0.0
2025-03-15 23:00:00,,,,,,,1533.0,1533.0,,,0.0,,,0.0
2025-03-16 00:00:00,,,,,,,1533.0,1533.0,,,0.0,,,0.0
2025-03-16 01:00:00,,,,,,,1533.0,1533.0,,,0.0,,,0.0
2025-03-16 02:00:00,,,,,,,1533.0,1533.0,,,0.0,,,0.0
2025-03-16 03:00:00,,,,,,,1529.0,1529.0,,,0.0,,,0.0
2025-03-16 04:00:00,,,,,,,1533.0,1533.0,,,0.0,,,0.0
2025-03-16 05:00:00,,,,,,,1529.0,1529.0,,,0.0,,,0.0
2025-03-16 06:00:00,,,,,,,1533.0,1533.0,,,0.0,,,0.0
2025-03-16 07:00:00,,,,,,,1533.0,1533.0,,,0.0,,,0.0
2025-03-16 08:00:00,,,,,,,509.0,509.0,,,0.0,,,0.0
2025-03-16 09:00:00,,,,,,,509.0,509.0,,,0.0,,,0.0
2025-03-16 10:00:00,,,,,,,509.0,509.0,,,0.0,,,0.0
2025-03-16 11:00:00,,,,,,,505.0,505.0,,,0.0,,,0.0
2025-03-16 12:00:00,,,,,,,509.0,509.0,,,0.0,,,0.0
2025-03-16 13:00:00,,,,,,,509.0,509.0,,,0.0,,,0.0
2025-03-16 14:00:00,,,,,,,509.0,509.0,,,0.0,,,0.0
2025-03-16 15:00:00,,,,,,,509.0,509.0,,,0.0,,,0.0
2025-03-16 16:00:00,,,,,,,509.0,509.0,,,0.0,,,0.0
2025-03-16 17:00:00,,,,,,,1533.0,1533.0,,,0.0,,,0.0
2025-03-16 18:00:00,,,,,,,1273.0,1273.0,,,0.0,,,0.0
2025-03-16 19:00:00,,,,,,,1273.0,1273.0,,,0.0,,,0.0
2025-03-16 20:00:00,,,,,,,1273.0,1273.0,,,0.0,,,0.0
2025-03-16 21:00:00,,,,,,,1273.0,1273.0,,,0.0,,,0.0
2025-03-16 22:00:00,,,,,,,1273.0,1273.0,,,0.0,,,0.0
2025-03-16 23:00:00,,,,,,,1273.0,1273.0,,,0.0,,,0.0
2025-03-17 00:00:00,,,,,,,1533.0,1533.0,,,0.0,,,0.0
2025-03-17 01:00:00,,,,,,,1533.0,1533.0,,,0.0,,,0.0
2025-03-17 02:00:00,,,,,,,1533.0,1533.0,,,0.0,,,0.0
2025-03-17 03:00:00,,,,,,,1529.0,1529.0,,,0.0,,,0.0
2025-03-17 04:00:00,,,,,,,1529.0,1529.0,,,0.0,,,0.0
2025-03-17 05:00:00,,,,,,,1273.0,1273.0,,,0.0,,,0.0
2025-03-17 06:00:00,,,,,,,1529.0,1529.0,,,0.0,,,0.0
2025-03-17 07:00:00,,,,,,,1533.0,1533.0,,,0.0,,,0.0
2025-03-17 08:00:00,,,,,,,509.0,509.0,,,0.0,,,0.0
2025-03-17 09:00:00,,,,,,,2553.0,2552.0,0.021,0.0,1.0,1.16,0.0,1.0
2025-03-17 10:00:00,,,,,,,509.0,509.0,,,0.0,,,0.0
2025-03-17 11:00:00,,,,,,,509.0,509.0,,,0.0,,,0.0
2025-03-17 12:00:00,,,,,,,509.0,509.0,,,0.0,,,0.0
2025-03-17 13:00:00,,,,,,,509.0,509.0,,,0.0,,,0.0
2025-03-17 14:00:00,,,,,,,509.0,509.0,,,0.0,,,0.0
2025-03-17 15:00:00,,,,,,,509.0,509.0,,,0.0,,,0.0
2025-03-17 16:00:00,,,,,,,509.0,509.0,,,0.0,,,0.0
2025-03-17 17:00:00,,,,,,,1533.0,1533.0,,,0.0,,,0.0
2025-03-17 18:00:00,,,,,,,1273.0,1273.0,,,0.0,,,0.0
2025-03-17 19:00:00,,,,,,,1529.0,1529.0,,,0.0,,,0.0
2025-03-17 20:00:00,,,,,,,1273.0,1273.0,,,0.0,,,0.0
2025-03-17 21:00:00,,,,,,,1273.0,1273.0,,,0.0,,,0.0
2025-03-17 22:00:00,,,,,,,1273.0,1273.0,,,0.0,,,0.0
2025-03-17 23:00:00,,,,,,,1273.0,1273.0,,,0.0,,,0.0
2025-03-18 00:00:00,,,,,,,1273.0,1273.0,,,0.0,,,0.0
2025-03-18 01:00:00,,,,,,,1273.0,1273.0,,,0.0,,,0.0
2025-03-18 02:00:00,,,,,,,1529.0,1529.0,,,0.0,,,0.0
2025-03-18 03:00:00,,,,,,,1273.0,1273.0,,,0.0,,,0.0
2025-03-18 04:00:00,,,,,,,1529.0,1529.0,,,0.0,,,0.0
2025-03-18 05:00:00,,,,,,,1529.0,1529.0,,,0.0,,,0.0
2025-03-18 06:00:00,,,,,,,1529.0,1529.0,,,0.0,,,0.0
2025-03-18 07:00:00,,,,,,,1533.0,1533.0,,,0.0,,,0.0
2025-03-18 08:00:00,,,,,,,509.0,509.0,,,0.0,,,0.0
2025-03-18 09:00:00,,,,,,,509.0,509.0,,,0.0,,,0.0
2025-03-18 10:00:00,,,,,,,509.0,509.0,,,0.0,,,0.0
2025-03-18 11:00:00,,,,,,,509.0,509.0,,,0.0,,,0.0
2025-03-18 12:00:00,,,,,,,509.0,509.0,,,0.0,,,0.0
2025-03-18 13:00:00,,,,,,,505.0,505.0,,,0.0,,,0.0
2025-03-18 14:00:00,,,,,,,509.0,509.0,,,0.0,,,0.0
2025-03-18 15:00:00,,,,,,,509.0,509.0,,,0.0,,,0.0
2025-03-18 16:00:00,,,,,,,509.0,509.0,,,0.0,,,0.0
2025-03-18 17:00:00,,,,,,,1533.0,1533.0,,,0.0,,,0.0
2025-03-18 18:00:00,,,,,,,1273.0,1273.0,,,0.0,,,0.0
2025-03-18 19:00:00,,,,,,,1273.0,1273.0,,,0.0,,,0.0
2025-03-18 20:00:00,,,,,,,1273.0,1273.0,,,0.0,,,0.0
2025-03-18 21:00:00,,,,,,,1273.0,1273.0,,,0.0,,,0.0
2025-03-18 22:00:00,,,,,,,1529.0,1529.0,,,0.0,,,0.0
2025-03-18 23:00:00,,,,,,,1273.0,1273.0,,,0.0,,,0.0
2025-03-19 00:00:00,,,,,,,1529.0,1529.0,,,0.0,,,0.0
2025-03-19 01:00:00,,,,,,,1533.0,1533.0,,,0.0,,,0.0
2025-03-19 02:00:00,,,,,,,1533.0,1533.0,,,0.0,,,0.0
2025-03-19 03:00:00,,,,,,,1273.0,1273.0,,,0.0,,,0.0
2025-03-19 04:00:00,,,,,,,1529.0,1529.0,,,0.0,,,0.0
2025-03-19 05:00:00,,,,,,,1273.0,1273.0,,,0.0,,,0.0
2025-03-19 06:00:00,,,,,,,1533.0,1533.0,,,0.0,,,0.0
2025-03-19 07:00:00,,,,,,,1533.0,1533.0,,,0.0,,,0.0
2025-03-19 08:00:00,,,,,,,509.0,509.0,,,0.0,,,0.0
2025-03-19 09:00:00,,,,,,,509.0,509.0,,,0.0,,,0.0
2025-03-19 10:00:00,,,,,,,509.0,509.0,,,0.0,,,0.0
2025-03-19 11:00:00,,,,,,,509.0,509.0,,,0.0,,,0.0
2025-03-19 12:00:00,,,,,,,509.0,509.0,1.5788,0.0,1.0,0.9467,0.0,1.0
2025-03-19 13:00:00,,,,,,,509.0,509.0,,,0.0,,,0.0
2025-03-19 14:00:00,,,,,,,509.0,509.0,,,0.0,,,0.0
2025-03-19 15:00:00,,,,,,,505.0,505.0,,,0.0,,,0.0
2025-03-19 16:00:00,,,,,,,509.0,509.0,,,0.0,,,0.0
2025-03-19 17:00:00,,,,,,,1533.0,1533.0,,,0.0,,,0.0
2025-03-19 18:00:00,,,,,,,1529.0,1529.0,,,0.0,,,0.0
2025-03-19 19:00:00,,,,,,,1273.0,1273.0,,,0.0,,,0.0
2025-03-19 20:00:00,,,,,,,1273.0,1273.0,,,0.0,,,0.0
2025-03-19 21:00:00,,,,,,,1273.0,1273.0,,,0.0,,,0.0
2025-03-19 22:00:00,,,,,,,1533.0,1533.0,,,0.0,,,0.0
2025-03-19 23:00:00,,,,,,,1529.0,1529.0,,,0.0,,,0.0
2025-03-20 00:00:00,,,,,,,1533.0,1533.0,,,0.0,,,0.0
2025-03-20 01:00:00,,,,,,,1273.0,1273.0,,,0.0,,,0.0
2025-03-20 02:00:00,,,,,,,1529.0,1529.0,,,0.0,,,0.0
2025-03-20 03:00:00,,,,,,,1273.0,1273.0,,,0.0,,,0.0
2025-03-20 04:00:00,,,,,,,1273.0,1273.0,,,0.0,,,0.0
2025-03-20 05:00:00,,,,,,,1273.0,1273.0,,,0.0,,,0.0
2025-03-20 06:00:00,,,,,,,1273.0,1273.0,,,0.0,,,0.0
2025-03-20 07:00:00,,,,,,,1533.0,1533.0,,,0.0,,,0.0
2025-03-20 08:00:00,,,,,,,509.0,509.0,,,0.0,,,0.0
2025-03-20 09:00:00,,,,,,,505.0,505.0,,,0.0,,,0.0
2025-03-20 10:00:00,,,,,,,505.0,505.0,,,0.0,,,0.0
2025-03-20 11:00:00,,,,,,,249.0,249.0,,,0.0,,,0.0
2025-03-20 12:00:00,,,,,,,249.0,249.0,,,0.0,,,0.0
2025-03-20 13:00:00,,,,,,,249.0,249.0,,,0.0,,,0.0
2025-03-20 14:00:00,,,,,,,509.0,509.0,,,0.0,,,0.0
2025-03-20 15:00:00,,,,,,,505.0,505.0,,,0.0,,,0.0
2025-03-20 16:00:00,,,,,,,509.0,509.0,,,0.0,,,0.0
2025-03-20 17:00:00,,,,,,,1533.0,1533.0,,,0.0,,,0.0
2025-03-20 18:00:00,,,,,,,1273.0,1273.0,,,0.0,,,0.0
2025-03-20 19:00:00,,,,,,,1273.0,1273.0,,,0.0,,,0.0
2025-03-20 20:00:00,,,,,,,1273.0,1273.0,,,0.0,,,0.0
2025-03-20 21:00:00,,,,,,,1533.0,1533.0,,,0.0,,,0.0
2025-03-20 22:00:00,,,,,,,1529.0,1529.0,,,0.0,,,0.0
2025-03-20 23:00:00,,,,,,,1533.0,1533.0,,,0.0,,,0.0
2025-03-21 00:00:00,,,,,,,1533.0,1533.0,,,0.0,,,0.0
2025-03-21 01:00:00,,,,,,,1273.0,1273.0,,,0.0,,,0.0
2025-03-21 02:00:00,,,,,,,1273.0,1273.0,,,0.0,,,0.0
2025-03-21 03:00:00,,,,,,,1273.0,1273.0,,,0.0,,,0.0
2025-03-21 04:00:00,,,,,,,1273.0,1273.0,,,0.0,,,0.0
2025-03-21 05:00:00,,,,,,,1273.0,1273.0,,,0.0,,,0.0
2025-03-21 06:00:00,,,,,,,1273.0,1273.0,,,0.0,,,0.0
2025-03-21 07:00:00,,,,,,,1533.0,1533.0,,,0.0,,,0.0
2025-03-21 08:00:00,,,,,,,509.0,509.0,,,0.0,,,0.0
2025-03-21 09:00:00,,,,,,,505.0,505.0,,,0.0,,,0.0
2025-03-21 10:00:00,,,,,,,505.0,505.0,,,0.0,,,0.0
2025-03-21 11:00:00,,,,,,,505.0,505.0,,,0.0,,,0.0
2025-03-21 12:00:00,,,,,,,249.0,249.0,1.061,0.0324,3.0,1.1726999,0.0020999908,3.0
2025-03-21 13:00:00,,,,,,,505.0,505.0,,,0.0,,,0.0
2025-03-21 14:00:00,,,,,,,505.0,505.0,,,0.0,,,0.0
2025-03-21 15:00:00,,,,,,,505.0,505.0,,,0.0,,,0.0
2025-03-21 16:00:00,,,,,,,509.0,509.0,,,0.0,,,0.0
2025-03-21 17:00:00,,,,,,,1533.0,1533.0,,,0.0,,,0.0
2025-03-21 18:00:00,,,,,,,1273.0,1273.0,,,0.0,,,0.0
2025-03-21 19:00:00,,,,,,,1273.0,1273.0,,,0.0,,,0.0
2025-03-21 20:00:00,,,,,,,1529.0,1529.0,,,0.0,,,0.0
2025-03-21 21:00:00,,,,,,,1273.0,1273.0,,,0.0,,,0.0
2025-03-21 22:00:00,,,,,,,1273.0,1273.0,,,0.0,,,0.0
2025-03-21 23:00:00,,,,,,,1273.0,1273.0,,,0.0,,,0.0
2025-03-22 00:00:00,,,,,,,1533.0,1533.0,,,0.0,,,0.0
2025-03-22 01:00:00,,,,,,,1273.0,1273.0,,,0.0,,,0.0
2025-03-22 02:00:00,,,,,,,1273.0,1273.0,,,0.0,,,0.0
2025-03-22 03:00:00,,,,,,,1273.0,1273.0,,,0.0,,,0.0
2025-03-22 04:00:00,,,,,,,1273.0,1273.0,,,0.0,,,0.0
2025-03-22 05:00:00,,,,,,,1273.0,1273.0,,,0.0,,,0.0
2025-03-22 06:00:00,,,,,,,1273.0,1273.0,,,0.0,,,0.0
2025-03-22 07:00:00,,,,,,,1533.0,1533.0,,,0.0,,,0.0
2025-03-22 08:00:00,,,,,,,505.0,505.0,,,0.0,,,0.0
2025-03-22 09:00:00,,,,,,,505.0,505.0,,,0.0,,,0.0
2025-03-22 10:00:00,,,,,,,505.0,505.0,,,0.0,,,0.0
2025-03-22 11:00:00,,,,,,,249.0,249.0,,,0.0,,,0.0
2025-03-22 12:00:00,,,,,,,249.0,249.0,,,0.0,,,0.0
2025-03-22 13:00:00,,,,,,,249.0,249.0,,,0.0,,,0.0
2025-03-22 14:00:00,,,,,,,505.0,505.0,,,0.0,,,0.0
2025-03-22 15:00:00,,,,,,,505.0,505.0,,,0.0,,,0.0
2025-03-22 16:00:00,,,,,,,509.0,509.0,,,0.0,,,0.0
2025-03-22 17:00:00,,,,,,,1533.0,1533.0,,,0.0,,,0.0
2025-03-22 18:00:00,,,,,,,1273.0,1273.0,,,0.0,,,0.0
2025-03-22 19:00:00,,,,,,,1273.0,1273.0,,,0.0,,,0.0
2025-03-22 20:00:00,,,,,,,1273.0,1273.0,,,0.0,,,0.0
2025-03-22 21:00:00,,,,,,,1273.0,1273.0,,,0.0,,,0.0
2025-03-22 22:00:00,,,,,,,1273.0,1273.0,,,0.0,,,0.0
2025-03-22 23:00:00,,,,,,,1273.0,1273.0,,,0.0,,,0.0
2025-03-23 00:00:00,,,,,,,1273.0,1273.0,,,0.0,,,0.0
2025-03-23 01:00:00,,,,,,,1273.0,1273.0,,,0.0,,,0.0
2025-03-23 02:00:00,,,,,,,1273.0,1273.0,,,0.0,,,0.0
2025-03-23 03:00:00,,,,,,,1273.0,1273.0,,,0.0,,,0.0
2025-03-23 04:00:00,,,,,,,1273.0,1273.0,,,0.0,,,0.0
2025-03-23 05:00:00,,,,,,,1273.0,1273.0,,,0.0,,,0.0
2025-03-23 06:00:00,,,,,,,1273.0,1273.0,,,0.0,,,0.0
2025-03-23 07:00:00,,,,,,,1273.0,1273.0,,,0.0,,,0.0
2025-03-23 08:00:00,,,,,,,509.0,509.0,,,0.0,,,0.0
2025-03-23 09:00:00,,,,,,,505.0,504.0,1.7939999,0.3636,5.0,1.078,0.09649998,5.0
2025-03-23 10:00:00,,,,,,,2553.0,2552.0,1.009,0.121599995,4.0,1.2283,0.0059999824,4.0
2025-03-23 11:00:00,,,,,,,2553.0,2552.0,1.2802,0.073199995,3.0,1.1899999,0.004400015,3.0
2025-03-23 12:00:00,,,,,,,249.0,249.0,,,0.0,,,0.0
2025-03-23 13:00:00,,,,,,,249.0,249.0,,,0.0,,,0.0
2025-03-23 14:00:00,,,,,,,505.0,505.0,,,0.0,,,0.0
2025-03-23 15:00:00,,,,,,,505.0,505.0,,,0.0,,,0.0
2025-03-23 16:00:00,,,,,,,509.0,509.0,,,0.0,,,0.0
2025-03-23 17:00:00,,,,,,,1533.0,1533.0,,,0.0,,,0.0
2025-03-23 18:00:00,,,,,,,1273.0,1273.0,,,0.0,,,0.0
2025-03-23 19:00:00,,,,,,,1273.0,1273.0,,,0.0,,,0.0
2025-03-23 20:00:00,,,,,,,1273.0,1273.0,,,0.0,,,0.0
2025-03-23 21:00:00,,,,,,,1273.0,1273.0,,,0.0,,,0.0
2025-03-23 22:00:00,,,,,,,1273.0,1273.0,,,0.0,,,0.0
2025-03-23 23:00:00,,,,,,,1273.0,1273.0,,,0.0,,,0.0
2025-03-24 00:00:00,,,,,,,1273.0,1273.0,,,0.0,,,0.0
2025-03-24 01:00:00,,,,,,,1273.0,1273.0,,,0.0,,,0.0
2025-03-24 02:00:00,,,,,,,1273.0,1273.0,,,0.0,,,0.0
2025-03-24 03:00:00,,,,,,,1273.0,1273.0,,,0.0,,,0.0
2025-03-24 04:00:00,,,,,,,1273.0,1273.0,,,0.0,,,0.0
2025-03-24 05:00:00,,,,,,,1273.0,1273.0,,,0.0,,,0.0
2025-03-24 06:00:00,,,,,,,1273.0,1273.0,,,0.0,,,0.0
2025-03-24 07:00:00,,,,,,,1529.0,1529.0,,,0.0,,,0.0
2025-03-24 08:00:00,,,,,,,505.0,505.0,,,0.0,,,0.0
2025-03-24 09:00:00,,,,,,,2297.0,2296.0,1.5932,0.0,1.0,1.153,0.0,1.0
2025-03-24 10:00:00,,,,,,,509.0,509.0,1.5633999,0.0158,5.0,1.1531,0.00069999695,5.0
2025-03-24 11:00:00,,,,,,,249.0,249.0,,,0.0,,,0.0
2025-03-24 12:00:00,,,,,,,249.0,249.0,,,0.0,,,0.0
2025-03-24 13:00:00,,,,,,,249.0,249.0,,,0.0,,,0.0
2025-03-24 14:00:00,,,,,,,505.0,505.0,,,0.0,,,0.0
2025-03-24 15:00:00,,,,,,,505.0,505.0,,,0.0,,,0.0
2025-03-24 16:00:00,,,,,,,509.0,509.0,,,0.0,,,0.0
2025-03-24 17:00:00,,,,,,,1533.0,1533.0,,,0.0,,,0.0
2025-03-24 18:00:00,,,,,,,1273.0,1273.0,,,0.0,,,0.0
2025-03-24 19:00:00,,,,,,,1273.0,1273.0,,,0.0,,,0.0
2025-03-24 20:00:00,,,,,,,1273.0,1273.0,,,0.0,,,0.0
2025-03-24 21:00:00,,,,,,,1273.0,1273.0,,,0.0,,,0.0
2025-03-24 22:00:00,,,,,,,1273.0,1273.0,,,0.0,,,0.0
2025-03-24 23:00:00,,,,,,,1273.0,1273.0,,,0.0,,,0.0
2025-03-25 00:00:00,,,,,,,1273.0,1273.0,,,0.0,,,0.0
2025-03-25 01:00:00,,,,,,,1273.0,1273.0,,,0.0,,,0.0
2025-03-25 02:00:00,,,,,,,1273.0,1273.0,,,0.0,,,0.0
2025-03-25 03:00:00,,,,,,,1273.0,1273.0,,,0.0,,,0.0
2025-03-25 04:00:00,,,,,,,1273.0,1273.0,,,0.0,,,0.0
2025-03-25 05:00:00,,,,,,,1273.0,1273.0,,,0.0,,,0.0
2025-03-25 06:00:00,,,,,,,1273.0,1273.0,,,0.0,,,0.0
2025-03-25 07:00:00,,,,,,,1529.0,1529.0,,,0.0,,,0.0
2025-03-25 08:00:00,,,,,,,509.0,509.0,,,0.0,,,0.0
2025-03-25 09:00:00,,,,,,,249.0,249.0,1.5906,0.1758,4.0,1.1261,0.016200006,4.0
2025-03-25 10:00:00,,,,,,,249.0,249.0,,,0.0,,,0.0
2025-03-25 11:00:00,,,,,,,505.0,504.0,1.6902,0.0,1.0,1.0137,0.0,1.0
2025-03-25 12:00:00,,,,,,,505.0,505.0,1.1904,0.0,1.0,1.1079999,0.0,1.0
2025-03-25 13:00:00,,,,,,,505.0,505.0,,,0.0,,,0.0
2025-03-25 14:00:00,,,,,,,505.0,505.0,,,0.0,,,0.0
2025-03-25 15:00:00,,,,,,,505.0,505.0,,,0.0,,,0.0
2025-03-25 16:00:00,,,,,,,509.0,509.0,,,0.0,,,0.0
2025-03-25 17:00:00,,,,,,,1533.0,1533.0,,,0.0,,,0.0
2025-03-25 18:00:00,,,,,,,1273.0,1273.0,,,0.0,,,0.0
2025-03-25 19:00:00,,,,,,,1273.0,1273.0,,,0.0,,,0.0
2025-03-25 20:00:00,,,,,,,1533.0,1533.0,,,0.0,,,0.0
2025-03-25 21:00:00,,,,,,,1533.0,1533.0,,,0.0,,,0.0
2025-03-25 22:00:00,,,,,,,1533.0,1533.0,,,0.0,,,0.0
2025-03-25 23:00:00,,,,,,,1273.0,1273.0,,,0.0,,,0.0
2025-03-26 00:00:00,,,,,,,1529.0,1529.0,,,0.0,,,0.0
2025-03-26 01:00:00,,,,,,,1533.0,1533.0,,,0.0,,,0.0
2025-03-26 02:00:00,,,,,,,1273.0,1273.0,,,0.0,,,0.0
2025-03-26 03:00:00,,,,,,,1273.0,1273.0,,,0.0,,,0.0
2025-03-26 04:00:00,,,,,,,1273.0,1273.0,,,0.0,,,0.0
2025-03-26 05:00:00,,,,,,,1273.0,1273.0,,,0.0,,,0.0
2025-03-26 06:00:00,,,,,,,1273.0,1273.0,,,0.0,,,0.0
2025-03-26 07:00:00,,,,,,,1273.0,1273.0,,,0.0,,,0.0
2025-03-26 08:00:00,,,,,,,2297.0,2296.0,1.3584,0.0,1.0,1.0939,0.0,1.0
2025-03-26 09:00:00,,,,,,,509.0,509.0,1.1258,0.1354,5.0,1.1193999,0.01969999,5.0
2025-03-26 10:00:00,,,,,,,509.0,509.0,,,0.0,,,0.0
2025-03-26 11:00:00,,,,,,,509.0,509.0,,,0.0,,,0.0
2025-03-26 12:00:00,,,,,,,505.0,505.0,,,0.0,,,0.0
2025-03-26 13:00:00,,,,,,,505.0,505.0,,,0.0,,,0.0
2025-03-26 14:00:00,,,,,,,509.0,509.0,,,0.0,,,0.0
2025-03-26 15:00:00,,,,,,,509.0,509.0,,,0.0,,,0.0
2025-03-26 16:00:00,,,,,,,509.0,509.0,,,0.0,,,0.0
2025-03-26 17:00:00,,,,,,,1529.0,1529.0,,,0.0,,,0.0
2025-03-26 18:00:00,,,,,,,1273.0,1273.0,,,0.0,,,0.0
2025-03-26 19:00:00,,,,,,,1273.0,1273.0,,,0.0,,,0.0
2025-03-26 20:00:00,,,,,,,1529.0,1529.0,,,0.0,,,0.0
2025-03-26 21:00:00,,,,,,,1533.0,1533.0,,,0.0,,,0.0
2025-03-26 22:00:00,,,,,,,1533.0,1533.0,,,0.0,,,0.0
2025-03-26 23:00:00,,,,,,,1533.0,1533.0,,,0.0,,,0.0
2025-03-27 00:00:00,,,,,,,1533.0,1533.0,,,0.0,,,0.0
2025-03-27 01:00:00,,,,,,,1533.0,1533.0,,,0.0,,,0.0
2025-03-27 02:00:00,,,,,,,1273.0,1273.0,,,0.0,,,0.0
2025-03-27 03:00:00,,,,,,,1273.0,1273.0,,,0.0,,,0.0
2025-03-27 04:00:00,,,,,,,1273.0,1273.0,,,0.0,,,0.0
2025-03-27 05:00:00,,,,,,,1273.0,1273.0,,,0.0,,,0.0
2025-03-27 06:00:00,,,,,,,1273.0,1273.0,,,0.0,,,0.0
2025-03-27 07:00:00,,,,,,,1533.0,1533.0,,,0.0,,,0.0
2025-03-27 08:00:00,,,,,,,2553.0,2552.0,1.8196,0.0,1.0,1.0288,0.0,1.0
2025-03-27 09:00:00,,,,,,,509.0,509.0,1.55,0.0782,5.0,1.0623,0.00940001,5.0
2025-03-27 10:00:00,,,,,,,509.0,509.0,,,0.0,,,0.0
2025-03-27 11:00:00,,,,,,,509.0,509.0,,,0.0,,,0.0
2025-03-27 12:00:00,,,,,,,505.0,505.0,,,0.0,,,0.0
2025-03-27 13:00:00,,,,,,,509.0,509.0,,,0.0,,,0.0
2025-03-27 14:00:00,,,,,,,509.0,509.0,,,0.0,,,0.0
2025-03-27 15:00:00,,,,,,,509.0,509.0,,,0.0,,,0.0
2025-03-27 16:00:00,,,,,,,509.0,509.0,,,0.0,,,0.0
2025-03-27 17:00:00,,,,,,,1533.0,1533.0,,,0.0,,,0.0
2025-03-27 18:00:00,,,,,,,1273.0,1273.0,,,0.0,,,0.0
2025-03-27 19:00:00,,,,,,,1273.0,1273.0,,,0.0,,,0.0
2025-03-27 20:00:00,,,,,,,1273.0,1273.0,,,0.0,,,0.0
2025-03-27 21:00:00,,,,,,,1273.0,1273.0,,,0.0,,,0.0
2025-03-27 22:00:00,,,,,,,1273.0,1273.0,,,0.0,,,0.0
2025-03-27 23:00:00,,,,,,,1273.0,1273.0,,,0.0,,,0.0
2025-03-28 00:00:00,,,,,,,1273.0,1273.0,,,0.0,,,0.0
2025-03-28 01:00:00,,,,,,,1273.0,1273.0,,,0.0,,,0.0
2025-03-28 02:00:00,,,,,,,1273.0,1273.0,,,0.0,,,0.0
2025-03-28 03:00:00,,,,,,,1273.0,1273.0,,,0.0,,,0.0
2025-03-28 04:00:00,,,,,,,1273.0,1273.0,,,0.0,,,0.0
2025-03-28 05:00:00,,,,,,,1273.0,1273.0,,,0.0,,,0.0
2025-03-28 06:00:00,,,,,,,1273.0,1273.0,,,0.0,,,0.0
2025-03-28 07:00:00,,,,,,,1273.0,1273.0,,,0.0,,,0.0
2025-03-28 08:00:00,,,,,,,2553.0,2552.0,2.3162,0.0,1.0,0.7118,0.0,1.0
2025-03-28 09:00:00,,,,,,,505.0,504.0,2.0238,0.2096,5.0,0.727,0.058099985,5.0
2025-03-28 10:00:00,,,,,,,249.0,248.0,1.8686,0.0828,5.0,0.7701,0.0334,5.0
2025-03-28 11:00:00,,,,,,,505.0,504.0,1.67,0.3374,3.0,0.84729993,0.17680001,3.0
2025-03-28 12:00:00,,,,,,,505.0,505.0,,,0.0,,,0.0
2025-03-28 13:00:00,,,,,,,509.0,509.0,,,0.0,,,0.0
2025-03-28 14:00:00,,,,,,,509.0,509.0,2.7496,0.0,1.0,1.5994,0.0,1.0
2025-03-28 15:00:00,,,,,,,505.0,505.0,,,0.0,,,0.0
2025-03-28 16:00:00,,,,,,,509.0,509.0,,,0.0,,,0.0
2025-03-28 17:00:00,,,,,,,1533.0,1533.0,,,0.0,,,0.0
2025-03-28 18:00:00,,,,,,,1273.0,1273.0,,,0.0,,,0.0
2025-03-28 19:00:00,,,,,,,1273.0,1273.0,,,0.0,,,0.0
2025-03-28 20:00:00,,,,,,,1529.0,1529.0,,,0.0,,,0.0
2025-03-28 21:00:00,,,,,,,1533.0,1533.0,,,0.0,,,0.0
2025-03-28 22:00:00,,,,,,,1529.0,1529.0,,,0.0,,,0.0
2025-03-28 23:00:00,,,,,,,1529.0,1529.0,,,0.0,,,0.0
2025-03-29 00:00:00,,,,,,,1529.0,1529.0,,,0.0,,,0.0
2025-03-29 01:00:00,,,,,,,1273.0,1273.0,,,0.0,,,0.0
2025-03-29 02:00:00,,,,,,,1273.0,1273.0,,,0.0,,,0.0
2025-03-29 03:00:00,,,,,,,1533.0,1533.0,,,0.0,,,0.0
2025-03-29 04:00:00,,,,,,,1533.0,1533.0,,,0.0,,,0.0
2025-03-29 05:00:00,,,,,,,1533.0,1533.0,,,0.0,,,0.0
2025-03-29 06:00:00,,,,,,,1529.0,1529.0,,,0.0,,,0.0
2025-03-29 07:00:00,,,,,,,1533.0,1533.0,,,0.0,,,0.0
2025-03-29 08:00:00,,,,,,,509.0,509.0,,,0.0,,,0.0
2025-03-29 09:00:00,,,,,,,509.0,509.0,,,0.0,,,0.0
2025-03-29 10:00:00,,,,,,,509.0,509.0,,,0.0,,,0.0
2025-03-29 11:00:00,,,,,,,509.0,509.0,,,0.0,,,0.0
2025-03-29 12:00:00,,,,,,,509.0,509.0,,,0.0,,,0.0
2025-03-29 13:00:00,,,,,,,509.0,509.0,,,0.0,,,0.0
2025-03-29 14:00:00,,,,,,,509.0,509.0,,,0.0,,,0.0
2025-03-29 15:00:00,,,,,,,509.0,509.0,,,0.0,,,0.0
2025-03-29 16:00:00,,,,,,,509.0,509.0,,,0.0,,,0.0
2025-03-29 17:00:00,,,,,,,1533.0,1533.0,,,0.0,,,0.0
2025-03-29 18:00:00,,,,,,,1273.0,1273.0,,,0.0,,,0.0
2025-03-29 19:00:00,,,,,,,1273.0,1273.0,,,0.0,,,0.0
2025-03-29 20:00:00,,,,,,,1273.0,1273.0,,,0.0,,,0.0
2025-03-29 21:00:00,,,,,,,1273.0,1273.0,,,0.0,,,0.0
2025-03-29 22:00:00,,,,,,,1273.0,1273.0,,,0.0,,,0.0
2025-03-29 23:00:00,,,,,,,1533.0,1533.0,,,0.0,,,0.0
2025-03-30 00:00:00,,,,,,,1533.0,1533.0,,,0.0,,,0.0
2025-03-30 01:00:00,,,,,,,1529.0,1529.0,,,0.0,,,0.0
2025-03-30 02:00:00,,,,,,,1273.0,1273.0,,,0.0,,,0.0
2025-03-30 03:00:00,,,,,,,1533.0,1533.0,,,0.0,,,0.0
2025-03-30 04:00:00,,,,,,,1533.0,1533.0,,,0.0,,,0.0
2025-03-30 05:00:00,,,,,,,1529.0,1529.0,,,0.0,,,0.0
2025-03-30 06:00:00,,,,,,,1529.0,1529.0,,,0.0,,,0.0
2025-03-30 07:00:00,,,,,,,1533.0,1533.0,,,0.0,,,0.0
2025-03-30 08:00:00,,,,,,,2553.0,2552.0,1.946,0.0,1.0,0.7925,0.0,1.0
2025-03-30 09:00:00,,,,,,,509.0,509.0,1.4052,0.0047999998,2.0,0.9144,0.003099978,2.0
2025-03-30 10:00:00,,,,,,,509.0,509.0,,,0.0,,,0.0
2025-03-30 11:00:00,,,,,,,509.0,509.0,,,0.0,,,0.0
2025-03-30 12:00:00,,,,,,,505.0,505.0,,,0.0,,,0.0
2025-03-30 13:00:00,,,,,,,505.0,505.0,,,0.0,,,0.0
2025-03-30 14:00:00,,,,,,,509.0,509.0,,,0.0,,,0.0
2025-03-30 15:00:00,,,,,,,509.0,509.0,,,0.0,,,0.0
2025-03-30 16:00:00,,,,,,,509.0,509.0,,,0.0,,,0.0
2025-03-30 17:00:00,,,,,,,1533.0,1533.0,,,0.0,,,0.0
2025-03-30 18:00:00,,,,,,,1273.0,1273.0,,,0.0,,,0.0
2025-03-30 19:00:00,,,,,,,1273.0,1273.0,,,0.0,,,0.0
2025-03-30 20:00:00,,,,,,,1273.0,1273.0,,,0.0,,,0.0
2025-03-30 21:00:00,,,,,,,1273.0,1273.0,,,0.0,,,0.0
2025-03-30 22:00:00,,,,,,,1273.0,1273.0,,,0.0,,,0.0
2025-03-30 23:00:00,,,,,,,1533.0,1533.0,,,0.0,,,0.0
2025-03-31 00:00:00,,,,,,,1273.0,1273.0,,,0.0,,,0.0
2025-03-31 01:00:00,,,,,,,1533.0,1533.0,,,0.0,,,0.0
2025-03-31 02:00:00,,,,,,,1273.0,1273.0,,,0.0,,,0.0
2025-03-31 03:00:00,,,,,,,1273.0,1273.0,,,0.0,,,0.0
2025-03-31 04:00:00,,,,,,,1273.0,1273.0,,,0.0,,,0.0
2025-03-31 05:00:00,,,,,,,1273.0,1273.0,,,0.0,,,0.0
2025-03-31 06:00:00,,,,,,,1273.0,1273.0,,,0.0,,,0.0
2025-03-31 07:00:00,,,,,,,1533.0,1533.0,,,0.0,,,0.0
2025-03-31 08:00:00,,,,,,,509.0,509.0,,,0.0,,,0.0
2025-03-31 09:00:00,,,,,,,509.0,509.0,,,0.0,,,0.0
2025-03-31 10:00:00,,,,,,,509.0,509.0,2.4126,0.0,2.0,1.0272,0.0,2.0
2025-03-31 11:00:00,,,,,,,509.0,509.0,,,0.0,,,0.0
2025-03-31 12:00:00,,,,,,,509.0,509.0,,,0.0,,,0.0
2025-03-31 13:00:00,,,,,,,509.0,509.0,,,0.0,,,0.0
2025-03-31 14:00:00,,,,,,,509.0,509.0,2.1324,0.0,1.0,0.9664999,0.0,1.0
2025-03-31 15:00:00,,,,,,,509.0,509.0,,,0.0,,,0.0
2025-03-31 16:00:00,,,,,,,249.0,249.0,,,0.0,,,0.0
2025-03-31 17:00:00,,,,,,,1533.0,1533.0,,,0.0,,,0.0
2025-03-31 18:00:00,,,,,,,1273.0,1273.0,,,0.0,,,0.0
2025-03-31 19:00:00,,,,,,,1273.0,1273.0,,,0.0,,,0.0
2025-03-31 20:00:00,,,,,,,1529.0,1529.0,,,0.0,,,0.0
2025-03-31 21:00:00,,,,,,,1273.0,1273.0,,,0.0,,,0.0
2025-03-31 22:00:00,,,,,,,1273.0,1273.0,,,0.0,,,0.0
2025-03-31 23:00:00,,,,,,,1273.0,1273.0,,,0.0,,,0.0
2025-04-01 00:00:00,,,,,,,1273.0,1273.0,,,0.0,,,0.0
2025-04-01 01:00:00,,,,,,,1273.0,1273.0,,,0.0,,,0.0
2025-04-01 02:00:00,,,,,,,1533.0,1533.0,,,0.0,,,0.0
2025-04-01 03:00:00,,,,,,,1273.0,1273.0,,,0.0,,,0.0
2025-04-01 04:00:00,,,,,,,1533.0,1533.0,,,0.0,,,0.0
2025-04-01 05:00:00,,,,,,,1529.0,1529.0,,,0.0,,,0.0
2025-04-01 06:00:00,,,,,,,1273.0,1273.0,,,0.0,,,0.0
2025-04-01 07:00:00,,,,,,,1529.0,1529.0,,,0.0,,,0.0
2025-04-01 08:00:00,,,,,,,509.0,509.0,1.6358,0.0,1.0,1.0452,0.0,1.0
2025-04-01 09:00:00,,,,,,,509.0,509.0,,,0.0,,,0.0
2025-04-01 10:00:00,,,,,,,509.0,509.0,,,0.0,,,0.0
2025-04-01 11:00:00,,,,,,,509.0,509.0,,,0.0,,,0.0
2025-04-01 12:00:00,,,,,,,509.0,509.0,,,0.0,,,0.0
2025-04-01 13:00:00,,,,,,,505.0,504.0,1.52,0.0416,2.0,1.1198,0.00849998,2.0
2025-04-01 14:00:00,,,,,,,505.0,505.0,1.1078,0.030199999,4.0,1.1223999,0.0013999939,4.0
2025-04-01 15:00:00,,,,,,,249.0,248.0,1.041,0.0,1.0,1.1113,0.0,1.0
2025-04-01 16:00:00,,,,,,,505.0,505.0,0.95839995,0.0338,5.0,1.1341,0.012099981,5.0
2025-04-01 17:00:00,,,,,,,1533.0,1533.0,2.7159998,0.0,1.0,1.5669,0.0,1.0
2025-04-01 18:00:00,,,,,,,1533.0,1533.0,,,0.0,,,0.0
2025-04-01 19:00:00,,,,,,,1273.0,1273.0,,,0.0,,,0.0
2025-04-01 20:00:00,,,,,,,1273.0,1273.0,,,0.0,,,0.0
2025-04-01 21:00:00,,,,,,,1273.0,1273.0,,,0.0,,,0.0
2025-04-01 22:00:00,,,,,,,1273.0,1273.0,,,0.0,,,0.0
2025-04-01 23:00:00,,,,,,,1273.0,1273.0,,,0.0,,,0.0
2025-04-02 00:00:00,,,,,,,1273.0,1273.0,,,0.0,,,0.0
2025-04-02 01:00:00,,,,,,,1273.0,1273.0,,,0.0,,,0.0
2025-04-02 02:00:00,,,,,,,1273.0,1273.0,,,0.0,,,0.0
2025-04-02 03:00:00,,,,,,,1273.0,1273.0,,,0.0,,,0.0
2025-04-02 04:00:00,,,,,,,1273.0,1273.0,,,0.0,,,0.0
2025-04-02 05:00:00,,,,,,,1273.0,1273.0,,,0.0,,,0.0
2025-04-02 06:00:00,,,,,,,1273.0,1273.0,,,0.0,,,0.0
2025-04-02 07:00:00,,,,,,,1533.0,1533.0,,,0.0,,,0.0
2025-04-02 08:00:00,,,,,,,509.0,509.0,,,0.0,,,0.0
2025-04-02 09:00:00,,,,,,,509.0,509.0,,,0.0,,,0.0
2025-04-02 10:00:00,,,,,,,509.0,509.0,,,0.0,,,0.0
2025-04-02 11:00:00,,,,,,,509.0,509.0,,,0.0,,,0.0
2025-04-02 12:00:00,,,,,,,509.0,509.0,,,0.0,,,0.0
2025-04-02 13:00:00,,,,,,,505.0,504.0,1.0508,0.0368,3.0,1.2184999,0.00059998035,3.0
2025-04-02 14:00:00,,,,,,,505.0,505.0,1.1284,0.043399997,5.0,1.2214999,0.0013999939,5.0
2025-04-02 15:00:00,,,,,,,249.0,248.0,0.8272,0.0,1.0,1.2019,0.0,1.0
2025-04-02 16:00:00,,,,,,,249.0,249.0,0.8624,0.031799998,5.0,1.2132,0.0065000057,5.0
2025-04-02 17:00:00,,,,,,,1533.0,1533.0,,,0.0,,,0.0
2025-04-02 18:00:00,,,,,,,1273.0,1273.0,,,0.0,,,0.0
2025-04-02 19:00:00,,,,,,,1273.0,1273.0,,,0.0,,,0.0
2025-04-02 20:00:00,,,,,,,1273.0,1273.0,,,0.0,,,0.0
2025-04-02 21:00:00,,,,,,,1529.0,1529.0,,,0.0,,,0.0
2025-04-02 22:00:00,,,,,,,1273.0,1273.0,,,0.0,,,0.0
2025-04-02 23:00:00,,,,,,,1273.0,1273.0,,,0.0,,,0.0
2025-04-03 00:00:00,,,,,,,1273.0,1273.0,,,0.0,,,0.0
2025-04-03 01:00:00,,,,,,,1273.0,1273.0,,,0.0,,,0.0
2025-04-03 02:00:00,,,,,,,1273.0,1273.0,,,0.0,,,0.0
2025-04-03 03:00:00,,,,,,,1273.0,1273.0,,,0.0,,,0.0
2025-04-03 04:00:00,,,,,,,1273.0,1273.0,,,0.0,,,0.0
2025-04-03 05:00:00,,,,,,,1273.0,1273.0,,,0.0,,,0.0
2025-04-03 06:00:00,,,,,,,1273.0,1273.0,,,0.0,,,0.0
2025-04-03 07:00:00,,,,,,,1533.0,1533.0,,,0.0,,,0.0
2025-04-03 08:00:00,,,,,,,509.0,509.0,,,0.0,,,0.0
2025-04-03 09:00:00,,,,,,,2297.0,2296.0,0.68759996,0.024799999,5.0,1.2102,0.0011999607,5.0
2025-04-03 10:00:00,,,,,,,249.0,248.0,0.7168,0.0095999995,6.0,1.2085999,0.00019997358,6.0
2025-04-03 11:00:00,,,,,,,249.0,248.0,0.7554,0.0242,6.0,1.2084999,0.0011000037,6.0
2025-04-03 12:00:00,,,,,,,249.0,248.0,0.825,0.0142,6.0,1.2082,0.00080001354,6.0
2025-04-03 13:00:00,,,,,,,249.0,248.0,0.8738,0.0092,6.0,1.2100999,0.0033000112,6.0
2025-04-03 14:00:00,,,,,,,505.0,505.0,0.885,0.0039999997,5.0,1.2063999,0.0015999675,5.0
2025-04-03 15:00:00,,,,,,,249.0,248.0,0.8042,0.0,1.0,1.1851,0.0,1.0
2025-04-03 16:00:00,,,,,,,249.0,249.0,0.8664,0.033,5.0,1.1959,0.0048999786,5.0
2025-04-03 17:00:00,,,,,,,1533.0,1533.0,,,0.0,,,0.0
2025-04-03 18:00:00,,,,,,,1273.0,1273.0,,,0.0,,,0.0
2025-04-03 19:00:00,,,,,,,1529.0,1529.0,,,0.0,,,0.0
2025-04-03 20:00:00,,,,,,,1533.0,1533.0,,,0.0,,,0.0
2025-04-03 21:00:00,,,,,,,1273.0,1273.0,,,0.0,,,0.0
2025-04-03 22:00:00,,,,,,,1273.0,1273.0,,,0.0,,,0.0
2025-04-03 23:00:00,,,,,,,1273.0,1273.0,,,0.0,,,0.0
2025-04-04 00:00:00,,,,,,,1273.0,1273.0,,,0.0,,,0.0
2025-04-04 01:00:00,,,,,,,1273.0,1273.0,,,0.0,,,0.0
2025-04-04 02:00:00,,,,,,,1273.0,1273.0,,,0.0,,,0.0
2025-04-04 03:00:00,,,,,,,1273.0,1273.0,,,0.0,,,0.0
2025-04-04 04:00:00,,,,,,,1273.0,1273.0,,,0.0,,,0.0
2025-04-04 05:00:00,,,,,,,1273.0,1273.0,,,0.0,,,0.0
2025-04-04 06:00:00,,,,,,,1273.0,1273.0,,,0.0,,,0.0
2025-04-04 07:00:00,,,,,,,1533.0,1533.0,,,0.0,,,0.0
2025-04-04 08:00:00,,,,,,,505.0,504.0,1.2428,0.1424,4.0,1.1511999,0.004799962,4.0
2025-04-04 09:00:00,,,,,,,505.0,504.0,1.4111999,0.067,4.0,1.1695,0.00999999,4.0
2025-04-04 10:00:00,,,,,,,505.0,504.0,1.3651999,0.018199999,2.0,1.1817,0.004999995,2.0
2025-04-04 11:00:00,,,,,,,505.0,504.0,1.2983999,0.0186,4.0,1.1926999,0.0016999841,4.0
2025-04-04 12:00:00,,,,,,,249.0,248.0,1.2156,0.016999999,4.0,1.1988,0.00080001354,4.0
2025-04-04 13:00:00,,,,,,,249.0,248.0,1.268,0.038799997,6.0,1.2062,0.0029999614,6.0
2025-04-04 14:00:00,,,,,,,509.0,509.0,1.469,0.0946,4.0,1.2005,0.010899961,4.0
2025-04-04 15:00:00,,,,,,,249.0,248.0,1.7356,0.0,1.0,1.0559,0.0,1.0
2025-04-04 16:00:00,,,,,,,505.0,505.0,1.401,0.0,1.0,1.1939,0.0,1.0
2025-04-04 17:00:00,,,,,,,1533.0,1533.0,2.8562,0.0,1.0,1.6283,0.0,1.0
2025-04-04 18:00:00,,,,,,,1273.0,1273.0,,,0.0,,,0.0
2025-04-04 19:00:00,,,,,,,1273.0,1273.0,,,0.0,,,0.0
2025-04-04 20:00:00,,,,,,,1273.0,1273.0,,,0.0,,,0.0
2025-04-04 21:00:00,,,,,,,1273.0,1273.0,,,0.0,,,0.0
2025-04-04 22:00:00,,,,,,,1273.0,1273.0,,,0.0,,,0.0
2025-04-04 23:00:00,,,,,,,1273.0,1273.0,,,0.0,,,0.0
2025-04-05 00:00:00,,,,,,,1273.0,1273.0,,,0.0,,,0.0
2025-04-05 01:00:00,,,,,,,1273.0,1273.0,,,0.0,,,0.0
2025-04-05 02:00:00,,,,,,,1273.0,1273.0,,,0.0,,,0.0
2025-04-05 03:00:00,,,,,,,1273.0,1273.0,,,0.0,,,0.0
2025-04-05 04:00:00,,,,,,,1273.0,1273.0,,,0.0,,,0.0
2025-04-05 05:00:00,,,,,,,1273.0,1273.0,,,0.0,,,0.0
2025-04-05 06:00:00,,,,,,,1273.0,1273.0,,,0.0,,,0.0
2025-04-05 07:00:00,,,,,,,1529.0,1529.0,,,0.0,,,0.0
2025-04-05 08:00:00,,,,,,,509.0,509.0,,,0.0,,,0.0
2025-04-05 09:00:00,,,,,,,509.0,509.0,,,0.0,,,0.0
2025-04-05 10:00:00,,,,,,,509.0,509.0,,,0.0,,,0.0
2025-04-05 11:00:00,,,,,,,509.0,509.0,,,0.0,,,0.0
2025-04-05 12:00:00,,,,,,,509.0,509.0,,,0.0,,,0.0
2025-04-05 13:00:00,,,,,,,509.0,509.0,,,0.0,,,0.0
2025-04-05 14:00:00,,,,,,,509.0,509.0,,,0.0,,,0.0
2025-04-05 15:00:00,,,,,,,509.0,509.0,,,0.0,,,0.0
2025-04-05 16:00:00,,,,,,,505.0,505.0,,,0.0,,,0.0
2025-04-05 17:00:00,,,,,,,1533.0,1533.0,,,0.0,,,0.0
2025-04-05 18:00:00,,,,,,,1273.0,1273.0,,,0.0,,,0.0
2025-04-05 19:00:00,,,,,,,1533.0,1533.0,,,0.0,,,0.0
2025-04-05 20:00:00,,,,,,,1529.0,1529.0,,,0.0,,,0.0
2025-04-05 21:00:00,,,,,,,1533.0,1533.0,,,0.0,,,0.0
2025-04-05 22:00:00,,,,,,,1533.0,1533.0,,,0.0,,,0.0
2025-04-05 23:00:00,,,,,,,1533.0,1533.0,,,0.0,,,0.0
2025-04-06 00:00:00,,,,,,,1533.0,1533.0,,,0.0,,,0.0
2025-04-06 01:00:00,,,,,,,1533.0,1533.0,,,0.0,,,0.0
2025-04-06 02:00:00,,,,,,,1533.0,1533.0,,,0.0,,,0.0
2025-04-06 03:00:00,,,,,,,1533.0,1533.0,,,0.0,,,0.0
2025-04-06 04:00:00,,,,,,,1533.0,1533.0,,,0.0,,,0.0
2025-04-06 05:00:00,,,,,,,1533.0,1533.0,,,0.0,,,0.0
2025-04-06 06:00:00,,,,,,,1533.0,1533.0,,,0.0,,,0.0
2025-04-06 07:00:00,,,,,,,1533.0,1533.0,,,0.0,,,0.0
2025-04-06 08:00:00,,,,,,,509.0,509.0,,,0.0,,,0.0
2025-04-06 09:00:00,,,,,,,509.0,509.0,,,0.0,,,0.0
2025-04-06 10:00:00,,,,,,,509.0,509.0,,,0.0,,,0.0
2025-04-06 11:00:00,,,,,,,509.0,509.0,,,0.0,,,0.0
2025-04-06 12:00:00,,,,,,,509.0,509.0,,,0.0,,,0.0
2025-04-06 13:00:00,,,,,,,509.0,509.0,,,0.0,,,0.0
2025-04-06 14:00:00,,,,,,,509.0,509.0,,,0.0,,,0.0
2025-04-06 15:00:00,,,,,,,509.0,509.0,,,0.0,,,0.0
2025-04-06 16:00:00,,,,,,,509.0,509.0,,,0.0,,,0.0
2025-04-06 17:00:00,,,,,,,1533.0,1533.0,,,0.0,,,0.0
2025-04-06 18:00:00,,,,,,,1529.0,1529.0,,,0.0,,,0.0
2025-04-06 19:00:00,,,,,,,1529.0,1529.0,,,0.0,,,0.0
2025-04-06 20:00:00,,,,,,,1529.0,1529.0,,,0.0,,,0.0
2025-04-06 21:00:00,,,,,,,1533.0,1533.0,,,0.0,,,0.0
2025-04-06 22:00:00,,,,,,,1533.0,1533.0,,,0.0,,,0.0
2025-04-06 23:00:00,,,,,,,1533.0,1533.0,,,0.0,,,0.0
2025-04-07 00:00:00,,,,,,,1529.0,1529.0,,,0.0,,,0.0
2025-04-07 01:00:00,,,,,,,1533.0,1533.0,,,0.0,,,0.0
2025-04-07 02:00:00,,,,,,,1273.0,1273.0,,,0.0,,,0.0
2025-04-07 03:00:00,,,,,,,1533.0,1533.0,,,0.0,,,0.0
2025-04-07 04:00:00,,,,,,,1529.0,1529.0,,,0.0,,,0.0
2025-04-07 05:00:00,,,,,,,1533.0,1533.0,,,0.0,,,0.0
2025-04-07 06:00:00,,,,,,,1533.0,1533.0,,,0.0,,,0.0
2025-04-07 07:00:00,,,,,,,1533.0,1533.0,,,0.0,,,0.0
2025-04-07 08:00:00,,,,,,,509.0,509.0,,,0.0,,,0.0
2025-04-07 09:00:00,,,,,,,509.0,509.0,,,0.0,,,0.0
2025-04-07 10:00:00,,,,,,,509.0,509.0,,,0.0,,,0.0
2025-04-07 11:00:00,,,,,,,509.0,509.0,,,0.0,,,0.0
2025-04-07 12:00:00,,,,,,,509.0,509.0,,,0.0,,,0.0
2025-04-07 13:00:00,,,,,,,509.0,509.0,,,0.0,,,0.0
2025-04-07 14:00:00,,,,,,,509.0,509.0,,,0.0,,,0.0
2025-04-07 15:00:00,,,,,,,509.0,509.0,,,0.0,,,0.0
2025-04-07 16:00:00,,,,,,,509.0,509.0,,,0.0,,,0.0
2025-04-07 17:00:00,,,,,,,1533.0,1533.0,1.5156,0.020399999,2.0,0.9124,0.035099983,2.0
2025-04-07 18:00:00,,,,,,,1529.0,1529.0,,,0.0,,,0.0
2025-04-07 19:00:00,,,,,,,1533.0,1533.0,,,0.0,,,0.0
2025-04-07 20:00:00,,,,,,,1533.0,1533.0,,,0.0,,,0.0
2025-04-07 21:00:00,,,,,,,1533.0,1533.0,,,0.0,,,0.0
2025-04-07 22:00:00,,,,,,,1533.0,1533.0,,,0.0,,,0.0
2025-04-07 23:00:00,,,,,,,1533.0,1533.0,,,0.0,,,0.0
2025-04-08 00:00:00,,,,,,,1533.0,1533.0,,,0.0,,,0.0
2025-04-08 01:00:00,,,,,,,1529.0,1529.0,,,0.0,,,0.0
2025-04-08 02:00:00,,,,,,,1529.0,1529.0,,,0.0,,,0.0
2025-04-08 03:00:00,,,,,,,1529.0,1529.0,,,0.0,,,0.0
2025-04-08 04:00:00,,,,,,,1533.0,1533.0,,,0.0,,,0.0
2025-04-08 05:00:00,,,,,,,1533.0,1533.0,,,0.0,,,0.0
2025-04-08 06:00:00,,,,,,,1533.0,1533.0,,,0.0,,,0.0
2025-04-08 07:00:00,,,,,,,1533.0,1533.0,,,0.0,,,0.0
2025-04-08 08:00:00,,,,,,,509.0,509.0,,,0.0,,,0.0
2025-04-08 09:00:00,,,,,,,509.0,509.0,,,0.0,,,0.0
2025-04-08 10:00:00,,,,,,,509.0,509.0,,,0.0,,,0.0
2025-04-08 11:00:00,,,,,,,509.0,509.0,,,0.0,,,0.0
2025-04-08 12:00:00,,,,,,,509.0,509.0,,,0.0,,,0.0
2025-04-08 13:00:00,,,,,,,509.0,509.0,,,0.0,,,0.0
2025-04-08 14:00:00,,,,,,,509.0,509.0,,,0.0,,,0.0
2025-04-08 15:00:00,,,,,,,509.0,509.0,,,0.0,,,0.0
2025-04-08 16:00:00,,,,,,,509.0,509.0,,,0.0,,,0.0
2025-04-08 17:00:00,,,,,,,1533.0,1533.0,,,0.0,,,0.0
2025-04-08 18:00:00,,,,,,,1273.0,1273.0,,,0.0,,,0.0
2025-04-08 19:00:00,,,,,,,1273.0,1273.0,,,0.0,,,0.0
2025-04-08 20:00:00,,,,,,,1273.0,1273.0,,,0.0,,,0.0
2025-04-08 21:00:00,,,,,,,1273.0,1273.0,,,0.0,,,0.0
2025-04-08 22:00:00,,,,,,,1273.0,1273.0,,,0.0,,,0.0
2025-04-08 23:00:00,,,,,,,1529.0,1529.0,,,0.0,,,0.0
2025-04-09 00:00:00,,,,,,,1273.0,1273.0,,,0.0,,,0.0
2025-04-09 01:00:00,,,,,,,1273.0,1273.0,,,0.0,,,0.0
2025-04-09 02:00:00,,,,,,,1273.0,1273.0,,,0.0,,,0.0
2025-04-09 03:00:00,,,,,,,1273.0,1273.0,,,0.0,,,0.0
2025-04-09 04:00:00,,,,,,,1533.0,1533.0,,,0.0,,,0.0
2025-04-09 05:00:00,,,,,,,1273.0,1273.0,,,0.0,,,0.0
2025-04-09 06:00:00,,,,,,,1273.0,1273.0,,,0.0,,,0.0
2025-04-09 07:00:00,,,,,,,1533.0,1533.0,,,0.0,,,0.0
2025-04-09 08:00:00,,,,,,,509.0,509.0,,,0.0,,,0.0
2025-04-09 09:00:00,,,,,,,509.0,509.0,,,0.0,,,0.0
2025-04-09 10:00:00,,,,,,,509.0,509.0,,,0.0,,,0.0
2025-04-09 11:00:00,,,,,,,509.0,509.0,,,0.0,,,0.0
2025-04-09 12:00:00,,,,,,,509.0,509.0,,,0.0,,,0.0
2025-04-09 13:00:00,,,,,,,509.0,509.0,,,0.0,,,0.0
2025-04-09 14:00:00,,,,,,,509.0,509.0,,,0.0,,,0.0
2025-04-09 15:00:00,,,,,,,509.0,509.0,,,0.0,,,0.0
2025-04-09 16:00:00,,,,,,,509.0,509.0,,,0.0,,,0.0
2025-04-09 17:00:00,,,,,,,1533.0,1533.0,,,0.0,,,0.0
2025-04-09 18:00:00,,,,,,,1533.0,1533.0,,,0.0,,,0.0
2025-04-09 19:00:00,,,,,,,1533.0,1533.0,,,0.0,,,0.0
2025-04-09 20:00:00,,,,,,,1529.0,1529.0,,,0.0,,,0.0
2025-04-09 21:00:00,,,,,,,1533.0,1533.0,,,0.0,,,0.0
2025-04-09 22:00:00,,,,,,,1533.0,1533.0,,,0.0,,,0.0
2025-04-09 23:00:00,,,,,,,1533.0,1533.0,,,0.0,,,0.0
2025-04-10 00:00:00,,,,,,,1529.0,1529.0,,,0.0,,,0.0
2025-04-10 01:00:00,,,,,,,1533.0,1533.0,,,0.0,,,0.0
2025-04-10 02:00:00,,,,,,,1533.0,1533.0,,,0.0,,,0.0
2025-04-10 03:00:00,,,,,,,1529.0,1529.0,,,0.0,,,0.0
2025-04-10 04:00:00,,,,,,,1533.0,1533.0,,,0.0,,,0.0
2025-04-10 05:00:00,,,,,,,1533.0,1533.0,,,0.0,,,0.0
2025-04-10 06:00:00,,,,,,,1533.0,1533.0,,,0.0,,,0.0
2025-04-10 07:00:00,,,,,,,1533.0,1533.0,,,0.0,,,0.0
2025-04-10 08:00:00,,,,,,,509.0,509.0,,,0.0,,,0.0
2025-04-10 09:00:00,,,,,,,509.0,509.0,,,0.0,,,0.0
2025-04-10 10:00:00,,,,,,,509.0,509.0,,,0.0,,,0.0
2025-04-10 11:00:00,,,,,,,509.0,509.0,,,0.0,,,0.0
2025-04-10 12:00:00,,,,,,,509.0,509.0,,,0.0,,,0.0
2025-04-10 13:00:00,,,,,,,509.0,509.0,,,0.0,,,0.0
2025-04-10 14:00:00,,,,,,,509.0,509.0,,,0.0,,,0.0
2025-04-10 15:00:00,,,,,,,509.0,509.0,,,0.0,,,0.0
2025-04-10 16:00:00,,,,,,,509.0,509.0,,,0.0,,,0.0
2025-04-10 17:00:00,,,,,,,1533.0,1533.0,0.2156,0.0,1.0,1.0791999,0.0,1.0
2025-04-10 18:00:00,,,,,,,1533.0,1533.0,,,0.0,,,0.0
2025-04-10 19:00:00,,,,,,,1533.0,1533.0,,,0.0,,,0.0
2025-04-10 20:00:00,,,,,,,1533.0,1533.0,,,0.0,,,0.0
2025-04-10 21:00:00,,,,,,,1533.0,1533.0,,,0.0,,,0.0
2025-04-10 22:00:00,,,,,,,1533.0,1533.0,,,0.0,,,0.0
2025-04-10 23:00:00,,,,,,,1533.0,1533.0,,,0.0,,,0.0
2025-04-11 00:00:00,,,,,,,1533.0,1533.0,,,0.0,,,0.0
2025-04-11 01:00:00,,,,,,,1529.0,1529.0,,,0.0,,,0.0
2025-04-11 02:00:00,,,,,,,1533.0,1533.0,,,0.0,,,0.0
2025-04-11 03:00:00,,,,,,,1529.0,1529.0,,,0.0,,,0.0
2025-04-11 04:00:00,,,,,,,1529.0,1529.0,,,0.0,,,0.0
2025-04-11 05:00:00,,,,,,,1533.0,1533.0,,,0.0,,,0.0
2025-04-11 06:00:00,,,,,,,1533.0,1533.0,,,0.0,,,0.0
2025-04-11 07:00:00,,,,,,,1533.0,1533.0,,,0.0,,,0.0
2025-04-11 08:00:00,,,,,,,509.0,509.0,,,0.0,,,0.0
2025-04-11 09:00:00,,,,,,,509.0,509.0,,,0.0,,,0.0
2025-04-11 10:00:00,,,,,,,509.0,509.0,,,0.0,,,0.0
2025-04-11 11:00:00,,,,,,,509.0,509.0,,,0.0,,,0.0
2025-04-11 12:00:00,,,,,,,509.0,509.0,,,0.0,,,0.0
2025-04-11 13:00:00,,,,,,,509.0,509.0,,,0.0,,,0.0
2025-04-11 14:00:00,,,,,,,509.0,509.0,1.1466,0.042999998,2.0,1.2192999,0.0055999756,2.0
2025-04-11 15:00:00,,,,,,,509.0,509.0,,,0.0,,,0.0
2025-04-11 16:00:00,,,,,,,509.0,509.0,,,0.0,,,0.0
2025-04-11 17:00:00,,,,,,,1533.0,1533.0,,,0.0,,,0.0
2025-04-11 18:00:00,,,,,,,1533.0,1533.0,,,0.0,,,0.0
2025-04-11 19:00:00,,,,,,,1533.0,1533.0,,,0.0,,,0.0
2025-04-11 20:00:00,,,,,,,1533.0,1533.0,,,0.0,,,0.0
2025-04-11 21:00:00,,,,,,,1533.0,1533.0,,,0.0,,,0.0
2025-04-11 22:00:00,,,,,,,1529.0,1529.0,,,0.0,,,0.0
2025-04-11 23:00:00,,,,,,,1533.0,1533.0,,,0.0,,,0.0
2025-04-12 00:00:00,,,,,,,1533.0,1533.0,,,0.0,,,0.0
2025-04-12 01:00:00,,,,,,,1529.0,1529.0,,,0.0,,,0.0
2025-04-12 02:00:00,,,,,,,1529.0,1529.0,,,0.0,,,0.0
2025-04-12 03:00:00,,,,,,,1533.0,1533.0,,,0.0,,,0.0
2025-04-12 04:00:00,,,,,,,1529.0,1529.0,,,0.0,,,0.0
2025-04-12 05:00:00,,,,,,,1533.0,1533.0,,,0.0,,,0.0
2025-04-12 06:00:00,,,,,,,1533.0,1533.0,,,0.0,,,0.0
2025-04-12 07:00:00,,,,,,,1533.0,1533.0,,,0.0,,,0.0
2025-04-12 08:00:00,,,,,,,509.0,509.0,,,0.0,,,0.0
2025-04-12 09:00:00,,,,,,,509.0,509.0,,,0.0,,,0.0
2025-04-12 10:00:00,,,,,,,509.0,509.0,,,0.0,,,0.0
2025-04-12 11:00:00,,,,,,,509.0,509.0,,,0.0,,,0.0
2025-04-12 12:00:00,,,,,,,509.0,509.0,,,0.0,,,0.0
2025-04-12 13:00:00,,,,,,,249.0,248.0,1.0094,0.0,1.0,0.9066,0.0,1.0
2025-04-12 14:00:00,,,,,,,509.0,509.0,,,0.0,,,0.0
2025-04-12 15:00:00,,,,,,,509.0,509.0,,,0.0,,,0.0
2025-04-12 16:00:00,,,,,,,509.0,509.0,,,0.0,,,0.0
2025-04-12 17:00:00,,,,,,,1533.0,1533.0,,,0.0,,,0.0
2025-04-12 18:00:00,,,,,,,1533.0,1533.0,,,0.0,,,0.0
2025-04-12 19:00:00,,,,,,,1533.0,1533.0,,,0.0,,,0.0
2025-04-12 20:00:00,,,,,,,1533.0,1533.0,,,0.0,,,0.0
2025-04-12 21:00:00,,,,,,,1533.0,1533.0,,,0.0,,,0.0
2025-04-12 22:00:00,,,,,,,1533.0,1533.0,,,0.0,,,0.0
2025-04-12 23:00:00,,,,,,,1533.0,1533.0,,,0.0,,,0.0
2025-04-13 00:00:00,,,,,,,1533.0,1533.0,,,0.0,,,0.0
2025-04-13 01:00:00,,,,,,,1533.0,1533.0,,,0.0,,,0.0
2025-04-13 02:00:00,,,,,,,1529.0,1529.0,,,0.0,,,0.0
2025-04-13 03:00:00,,,,,,,1533.0,1533.0,,,0.0,,,0.0
2025-04-13 04:00:00,,,,,,,1533.0,1533.0,,,0.0,,,0.0
2025-04-13 05:00:00,,,,,,,1533.0,1533.0,,,0.0,,,0.0
2025-04-13 06:00:00,,,,,,,1529.0,1529.0,,,0.0,,,0.0
2025-04-13 07:00:00,,,,,,,1533.0,1533.0,,,0.0,,,0.0
2025-04-13 08:00:00,,,,,,,509.0,509.0,,,0.0,,,0.0
2025-04-13 09:00:00,,,,,,,509.0,509.0,,,0.0,,,0.0
2025-04-13 10:00:00,,,,,,,509.0,509.0,,,0.0,,,0.0
2025-04-13 11:00:00,,,,,,,509.0,509.0,,,0.0,,,0.0
2025-04-13 12:00:00,,,,,,,509.0,509.0,,,0.0,,,0.0
2025-04-13 13:00:00,,,,,,,509.0,509.0,,,0.0,,,0.0
2025-04-13 14:00:00,,,,,,,509.0,509.0,1.0594,0.3938,2.0,0.28499997,0.0076000094,2.0
2025-04-13 15:00:00,,,,,,,509.0,509.0,0.7166,0.0,1.0,0.2471,0.0,1.0
2025-04-13 16:00:00,,,,,,,509.0,509.0,,,0.0,,,0.0
2025-04-13 17:00:00,,,,,,,1533.0,1533.0,0.7152,0.0,1.0,0.2579,0.0,1.0
2025-04-13 18:00:00,,,,,,,1533.0,1533.0,,,0.0,,,0.0
2025-04-13 19:00:00,,,,,,,1533.0,1533.0,,,0.0,,,0.0
2025-04-13 20:00:00,,,,,,,1533.0,1533.0,,,0.0,,,0.0
2025-04-13 21:00:00,,,,,,,1533.0,1533.0,,,0.0,,,0.0
2025-04-13 22:00:00,,,,,,,1529.0,1529.0,,,0.0,,,0.0
2025-04-13 23:00:00,,,,,,,1273.0,1273.0,,,0.0,,,0.0
2025-04-14 00:00:00,,,,,,,1529.0,1529.0,,,0.0,,,0.0
2025-04-14 01:00:00,,,,,,,1529.0,1529.0,,,0.0,,,0.0
2025-04-14 02:00:00,,,,,,,1533.0,1533.0,,,0.0,,,0.0
2025-04-14 03:00:00,,,,,,,1533.0,1533.0,,,0.0,,,0.0
2025-04-14 04:00:00,,,,,,,1533.0,1533.0,,,0.0,,,0.0
2025-04-14 05:00:00,,,,,,,1529.0,1529.0,,,0.0,,,0.0
2025-04-14 06:00:00,,,,,,,1533.0,1533.0,,,0.0,,,0.0
2025-04-14 07:00:00,,,,,,,1533.0,1533.0,,,0.0,,,0.0
2025-04-14 08:00:00,,,,,,,509.0,509.0,1.1316,0.0,1.0,0.436,0.0,1.0
2025-04-14 09:00:00,,,,,,,509.0,509.0,,,0.0,,,0.0
2025-04-14 10:00:00,,,,,,,509.0,509.0,,,0.0,,,0.0
2025-04-14 11:00:00,,,,,,,509.0,509.0,0.8926,0.0,1.0,0.3657,0.0,1.0
2025-04-14 12:00:00,,,,,,,509.0,509.0,0.997,0.0,1.0,0.361,0.0,1.0
2025-04-14 13:00:00,,,,,,,509.0,509.0,,,0.0,,,0.0
2025-04-14 14:00:00,,,,,,,509.0,509.0,,,0.0,,,0.0
2025-04-14 15:00:00,,,,,,,509.0,509.0,,,0.0,,,0.0
2025-04-14 16:00:00,,,,,,,509.0,509.0,,,0.0,,,0.0
2025-04-14 17:00:00,,,,,,,1533.0,1533.0,,,0.0,,,0.0
2025-04-14 18:00:00,,,,,,,1529.0,1529.0,,,0.0,,,0.0
2025-04-14 19:00:00,,,,,,,1529.0,1529.0,,,0.0,,,0.0
2025-04-14 20:00:00,,,,,,,1533.0,1533.0,,,0.0,,,0.0
2025-04-14 21:00:00,,,,,,,1533.0,1533.0,,,0.0,,,0.0
2025-04-14 22:00:00,,,,,,,1533.0,1533.0,,,0.0,,,0.0
2025-04-14 23:00:00,,,,,,,1533.0,1533.0,,,0.0,,,0.0
2025-04-15 00:00:00,,,,,,,1533.0,1533.0,,,0.0,,,0.0
2025-04-15 01:00:00,,,,,,,1533.0,1533.0,,,0.0,,,0.0
2025-04-15 02:00:00,,,,,,,1273.0,1273.0,,,0.0,,,0.0
2025-04-15 03:00:00,,,,,,,1273.0,1273.0,,,0.0,,,0.0
2025-04-15 04:00:00,,,,,,,1529.0,1529.0,,,0.0,,,0.0
2025-04-15 05:00:00,,,,,,,1533.0,1533.0,,,0.0,,,0.0
2025-04-15 06:00:00,,,,,,,1533.0,1533.0,,,0.0,,,0.0
2025-04-15 07:00:00,,,,,,,1533.0,1533.0,,,0.0,,,0.0
2025-04-15 08:00:00,,,,,,,509.0,509.0,,,0.0,,,0.0
2025-04-15 09:00:00,,,,,,,509.0,509.0,0.6466,0.0,1.0,0.6797999,0.0,1.0
2025-04-15 10:00:00,,,,,,,509.0,509.0,0.3452,0.0,1.0,0.7006,0.0,1.0
2025-04-15 11:00:00,,,,,,,509.0,509.0,0.252,0.023,2.0,0.6984999,0.0013999939,2.0
2025-04-15 12:00:00,,,,,,,2553.0,2552.0,0.66719997,0.0316,3.0,0.6544,0.007499993,3.0
2025-04-15 13:00:00,,,,,,,509.0,509.0,0.6378,0.0032,2.0,0.6624,0.0,2.0
2025-04-15 14:00:00,,,,,,,509.0,509.0,0.6774,0.0,1.0,0.67129993,0.0,1.0
2025-04-15 15:00:00,,,,,,,509.0,509.0,0.5812,0.1236,3.0,0.6704999,0.014100015,3.0
2025-04-15 16:00:00,,,,,,,2297.0,2296.0,0.2498,0.13059999,2.0,0.7277,0.010100007,2.0
2025-04-15 17:00:00,,,,,,,1533.0,1533.0,,,0.0,,,0.0
2025-04-15 18:00:00,,,,,,,1273.0,1273.0,,,0.0,,,0.0
2025-04-15 19:00:00,,,,,,,1273.0,1273.0,,,0.0,,,0.0
2025-04-15 20:00:00,,,,,,,1273.0,1273.0,,,0.0,,,0.0
2025-04-15 21:00:00,,,,,,,1273.0,1273.0,,,0.0,,,0.0
2025-04-15 22:00:00,,,,,,,1273.0,1273.0,,,0.0,,,0.0
2025-04-15 23:00:00,,,,,,,1533.0,1533.0,,,0.0,,,0.0
2025-04-16 00:00:00,,,,,,,1273.0,1273.0,,,0.0,,,0.0
2025-04-16 01:00:00,,,,,,,1529.0,1529.0,,,0.0,,,0.0
2025-04-16 02:00:00,,,,,,,1533.0,1533.0,,,0.0,,,0.0
2025-04-16 03:00:00,,,,,,,1533.0,1533.0,,,0.0,,,0.0
2025-04-16 04:00:00,,,,,,,1529.0,1529.0,,,0.0,,,0.0
2025-04-16 05:00:00,,,,,,,1533.0,1533.0,,,0.0,,,0.0
2025-04-16 06:00:00,,,,,,,1533.0,1533.0,,,0.0,,,0.0
2025-04-16 07:00:00,,,,,,,1533.0,1533.0,,,0.0,,,0.0
2025-04-16 08:00:00,,,,,,,509.0,509.0,0.7898,0.0,1.0,0.6925,0.0,1.0
2025-04-16 09:00:00,,,,,,,509.0,509.0,0.249,0.0246,4.0,0.71439993,0.00080001354,4.0
2025-04-16 10:00:00,,,,,,,509.0,509.0,0.5582,0.0,1.0,0.7250999,0.0,1.0
2025-04-16 11:00:00,,,,,,,509.0,509.0,,,0.0,,,0.0
2025-04-16 12:00:00,,,,,,,509.0,509.0,0.415,0.042799998,2.0,0.7580999,0.0069999695,2.0
2025-04-16 13:00:00,,,,,,,509.0,509.0,,,0.0,,,0.0
2025-04-16 14:00:00,,,,,,,2553.0,2552.0,0.3224,0.0,1.0,0.7616,0.0,1.0
2025-04-16 15:00:00,,,,,,,509.0,509.0,0.14919999,0.0628,3.0,0.7709,0.00940001,3.0
2025-04-16 16:00:00,,,,,,,2553.0,2552.0,0.21,0.0778,3.0,0.6925,0.036799967,3.0
2025-04-16 17:00:00,,,,,,,1533.0,1533.0,0.17119999,0.0894,4.0,0.7351999,0.0092999935,4.0
2025-04-16 18:00:00,,,,,,,1273.0,1273.0,,,0.0,,,0.0
2025-04-16 19:00:00,,,,,,,1529.0,1529.0,,,0.0,,,0.0
2025-04-16 20:00:00,,,,,,,1533.0,1533.0,,,0.0,,,0.0
2025-04-16 21:00:00,,,,,,,1533.0,1533.0,,,0.0,,,0.0
2025-04-16 22:00:00,,,,,,,1273.0,1273.0,,,0.0,,,0.0
2025-04-16 23:00:00,,,,,,,1533.0,1533.0,,,0.0,,,0.0
2025-04-17 00:00:00,,,,,,,1533.0,1533.0,,,0.0,,,0.0
2025-04-17 01:00:00,,,,,,,1533.0,1533.0,,,0.0,,,0.0
2025-04-17 02:00:00,,,,,,,1533.0,1533.0,,,0.0,,,0.0
2025-04-17 03:00:00,,,,,,,1533.0,1533.0,,,0.0,,,0.0
2025-04-17 04:00:00,,,,,,,1533.0,1533.0,,,0.0,,,0.0
2025-04-17 05:00:00,,,,,,,1533.0,1533.0,,,0.0,,,0.0
2025-04-17 06:00:00,,,,,,,1533.0,1533.0,,,0.0,,,0.0
2025-04-17 07:00:00,,,,,,,1533.0,1533.0,,,0.0,,,0.0
2025-04-17 08:00:00,,,,,,,509.0,509.0,,,0.0,,,0.0
2025-04-17 09:00:00,,,,,,,509.0,509.0,,,0.0,,,0.0
2025-04-17 10:00:00,,,,,,,509.0,509.0,,,0.0,,,0.0
2025-04-17 11:00:00,,,,,,,509.0,509.0,,,0.0,,,0.0
2025-04-17 12:00:00,,,,,,,509.0,509.0,,,0.0,,,0.0
2025-04-17 13:00:00,,,,,,,509.0,509.0,,,0.0,,,0.0
2025-04-17 14:00:00,,,,,,,509.0,509.0,,,0.0,,,0.0
2025-04-17 15:00:00,,,,,,,509.0,509.0,,,0.0,,,0.0
2025-04-17 16:00:00,,,,,,,509.0,509.0,,,0.0,,,0.0
2025-04-17 17:00:00,,,,,,,1533.0,1533.0,,,0.0,,,0.0
2025-04-17 18:00:00,,,,,,,1273.0,1273.0,,,0.0,,,0.0
2025-04-17 19:00:00,,,,,,,1273.0,1273.0,,,0.0,,,0.0
2025-04-17 20:00:00,,,,,,,1529.0,1529.0,,,0.0,,,0.0
2025-04-17 21:00:00,,,,,,,1529.0,1529.0,,,0.0,,,0.0
2025-04-17 22:00:00,,,,,,,1533.0,1533.0,,,0.0,,,0.0
2025-04-17 23:00:00,,,,,,,1533.0,1533.0,,,0.0,,,0.0
2025-04-18 00:00:00,,,,,,,1529.0,1529.0,,,0.0,,,0.0
2025-04-18 01:00:00,,,,,,,1533.0,1533.0,,,0.0,,,0.0
2025-04-18 02:00:00,,,,,,,1533.0,1533.0,,,0.0,,,0.0
2025-04-18 03:00:00,,,,,,,1533.0,1533.0,,,0.0,,,0.0
2025-04-18 04:00:00,,,,,,,1533.0,1533.0,,,0.0,,,0.0
2025-04-18 05:00:00,,,,,,,1533.0,1533.0,,,0.0,,,0.0
2025-04-18 06:00:00,,,,,,,1533.0,1533.0,,,0.0,,,0.0
2025-04-18 07:00:00,,,,,,,1533.0,1533.0,,,0.0,,,0.0
2025-04-18 08:00:00,,,,,,,509.0,509.0,,,0.0,,,0.0
2025-04-18 09:00:00,,,,,,,509.0,509.0,,,0.0,,,0.0
2025-04-18 10:00:00,,,,,,,509.0,509.0,,,0.0,,,0.0
2025-04-18 11:00:00,,,,,,,509.0,509.0,,,0.0,,,0.0
2025-04-18 12:00:00,,,,,,,509.0,509.0,,,0.0,,,0.0
2025-04-18 13:00:00,,,,,,,2553.0,2552.0,0.076799996,0.03,2.0,1.1532999,0.0045999885,2.0
2025-04-18 14:00:00,,,,,,,509.0,509.0,0.0412,0.0,1.0,1.1488,0.0,1.0
2025-04-18 15:00:00,,,,,,,505.0,505.0,,,0.0,,,0.0
2025-04-18 16:00:00,,,,,,,509.0,509.0,,,0.0,,,0.0
2025-04-18 17:00:00,,,,,,,1533.0,1533.0,,,0.0,,,0.0
2025-04-18 18:00:00,,,,,,,1533.0,1533.0,,,0.0,,,0.0
2025-04-18 19:00:00,,,,,,,1529.0,1529.0,,,0.0,,,0.0
2025-04-18 20:00:00,,,,,,,1533.0,1533.0,,,0.0,,,0.0
2025-04-18 21:00:00,,,,,,,1529.0,1529.0,,,0.0,,,0.0
2025-04-18 22:00:00,,,,,,,1533.0,1533.0,,,0.0,,,0.0
2025-04-18 23:00:00,,,,,,,1529.0,1529.0,,,0.0,,,0.0
2025-04-19 00:00:00,,,,,,,1533.0,1533.0,,,0.0,,,0.0
2025-04-19 01:00:00,,,,,,,1533.0,1533.0,,,0.0,,,0.0
2025-04-19 02:00:00,,,,,,,1533.0,1533.0,,,0.0,,,0.0
2025-04-19 03:00:00,,,,,,,1533.0,1533.0,,,0.0,,,0.0
2025-04-19 04:00:00,,,,,,,1533.0,1533.0,,,0.0,,,0.0
2025-04-19 05:00:00,,,,,,,1533.0,1533.0,,,0.0,,,0.0
2025-04-19 06:00:00,,,,,,,1533.0,1533.0,,,0.0,,,0.0
2025-04-19 07:00:00,,,,,,,1533.0,1533.0,,,0.0,,,0.0
2025-04-19 08:00:00,,,,,,,509.0,509.0,,,0.0,,,0.0
2025-04-19 09:00:00,,,,,,,509.0,509.0,,,0.0,,,0.0
2025-04-19 10:00:00,,,,,,,509.0,509.0,,,0.0,,,0.0
2025-04-19 11:00:00,,,,,,,509.0,509.0,,,0.0,,,0.0
2025-04-19 12:00:00,,,,,,,509.0,509.0,,,0.0,,,0.0
2025-04-19 13:00:00,,,,,,,509.0,509.0,,,0.0,,,0.0
2025-04-19 14:00:00,,,,,,,509.0,509.0,,,0.0,,,0.0
2025-04-19 15:00:00,,,,,,,509.0,509.0,0.124,0.047,3.0,1.1905999,0.0026999712,3.0
2025-04-19 16:00:00,,,,,,,509.0,509.0,0.1996,0.161,2.0,1.1638999,0.009199977,2.0
2025-04-19 17:00:00,,,,,,,1533.0,1533.0,0.006,0.0042,2.0,1.162,0.00019997358,2.0
2025-04-19 18:00:00,,,,,,,1533.0,1533.0,,,0.0,,,0.0
2025-04-19 19:00:00,,,,,,,1533.0,1533.0,,,0.0,,,0.0
2025-04-19 20:00:00,,,,,,,1533.0,1533.0,,,0.0,,,0.0
2025-04-19 21:00:00,,,,,,,1533.0,1533.0,,,0.0,,,0.0
2025-04-19 22:00:00,,,,,,,1533.0,1533.0,,,0.0,,,0.0
2025-04-19 23:00:00,,,,,,,1533.0,1533.0,,,0.0,,,0.0
2025-04-20 00:00:00,,,,,,,1533.0,1533.0,,,0.0,,,0.0
2025-04-20 01:00:00,,,,,,,1533.0,1533.0,,,0.0,,,0.0
2025-04-20 02:00:00,,,,,,,1533.0,1533.0,,,0.0,,,0.0
2025-04-20 03:00:00,,,,,,,1529.0,1529.0,,,0.0,,,0.0
2025-04-20 04:00:00,,,,,,,1533.0,1533.0,,,0.0,,,0.0
2025-04-20 05:00:00,,,,,,,1529.0,1529.0,,,0.0,,,0.0
2025-04-20 06:00:00,,,,,,,1533.0,1533.0,,,0.0,,,0.0
2025-04-20 07:00:00,,,,,,,1533.0,1533.0,,,0.0,,,0.0
2025-04-20 08:00:00,,,,,,,509.0,509.0,,,0.0,,,0.0
2025-04-20 09:00:00,,,,,,,2553.0,2552.0,0.2412,0.0,1.0,1.1488,0.0,1.0
2025-04-20 10:00:00,,,,,,,505.0,504.0,0.3286,0.051,3.0,1.1538,0.0066999793,3.0
2025-04-20 11:00:00,,,,,,,509.0,509.0,,,0.0,,,0.0
2025-04-20 12:00:00,,,,,,,509.0,509.0,0.75799996,0.0464,2.0,1.2074,0.0033000112,2.0
2025-04-20 13:00:00,,,,,,,509.0,509.0,,,0.0,,,0.0
2025-04-20 14:00:00,,,,,,,2553.0,2552.0,0.2384,0.1152,3.0,1.1962,0.018299997,3.0
2025-04-20 15:00:00,,,,,,,509.0,509.0,0.051,0.042799998,3.0,1.1744,0.003799975,3.0
2025-04-20 16:00:00,,,,,,,509.0,509.0,,,0.0,,,0.0
2025-04-20 17:00:00,,,,,,,1533.0,1533.0,,,0.0,,,0.0
2025-04-20 18:00:00,,,,,,,1533.0,1533.0,,,0.0,,,0.0
2025-04-20 19:00:00,,,,,,,1529.0,1529.0,,,0.0,,,0.0
2025-04-20 20:00:00,,,,,,,1533.0,1533.0,,,0.0,,,0.0
2025-04-20 21:00:00,,,,,,,1533.0,1533.0,,,0.0,,,0.0
2025-04-20 22:00:00,,,,,,,1533.0,1533.0,,,0.0,,,0.0
2025-04-20 23:00:00,,,,,,,1529.0,1529.0,,,0.0,,,0.0
2025-04-21 00:00:00,,,,,,,1533.0,1533.0,,,0.0,,,0.0
2025-04-21 01:00:00,,,,,,,1533.0,1533.0,,,0.0,,,0.0
2025-04-21 02:00:00,,,,,,,1533.0,1533.0,,,0.0,,,0.0
2025-04-21 03:00:00,,,,,,,1529.0,1529.0,,,0.0,,,0.0
2025-04-21 04:00:00,,,,,,,1533.0,1533.0,,,0.0,,,0.0
2025-04-21 05:00:00,,,,,,,1533.0,1533.0,,,0.0,,,0.0
2025-04-21 06:00:00,,,,,,,1533.0,1533.0,,,0.0,,,0.0
2025-04-21 07:00:00,,,,,,,1533.0,1533.0,,,0.0,,,0.0
2025-04-21 08:00:00,,,,,,,509.0,509.0,,,0.0,,,0.0
2025-04-21 09:00:00,,,,,,,509.0,509.0,,,0.0,,,0.0
2025-04-21 10:00:00,,,,,,,509.0,509.0,,,0.0,,,0.0
2025-04-21 11:00:00,,,,,,,509.0,509.0,,,0.0,,,0.0
2025-04-21 12:00:00,,,,,,,509.0,509.0,,,0.0,,,0.0
2025-04-21 13:00:00,,,,,,,509.0,509.0,,,0.0,,,0.0
2025-04-21 14:00:00,,,,,,,505.0,504.0,0.83879995,0.098,2.0,1.1521,0.03249997,2.0
2025-04-21 15:00:00,,,,,,,2553.0,2552.0,0.3664,0.357,2.0,1.1082,0.009599984,2.0
2025-04-21 16:00:00,,,,,,,509.0,509.0,,,0.0,,,0.0
2025-04-21 17:00:00,,,,,,,1533.0,1533.0,,,0.0,,,0.0
2025-04-21 18:00:00,,,,,,,1533.0,1533.0,,,0.0,,,0.0
2025-04-21 19:00:00,,,,,,,1529.0,1529.0,,,0.0,,,0.0
2025-04-21 20:00:00,,,,,,,1533.0,1533.0,,,0.0,,,0.0
2025-04-21 21:00:00,,,,,,,1533.0,1533.0,,,0.0,,,0.0
2025-04-21 22:00:00,,,,,,,1533.0,1533.0,,,0.0,,,0.0
2025-04-21 23:00:00,,,,,,,1533.0,1533.0,,,0.0,,,0.0
2025-04-22 00:00:00,,,,,,,1533.0,1533.0,,,0.0,,,0.0
2025-04-22 01:00:00,,,,,,,1273.0,1273.0,,,0.0,,,0.0
2025-04-22 02:00:00,,,,,,,1533.0,1533.0,,,0.0,,,0.0
2025-04-22 03:00:00,,,,,,,1529.0,1529.0,,,0.0,,,0.0
2025-04-22 04:00:00,,,,,,,1533.0,1533.0,,,0.0,,,0.0
2025-04-22 05:00:00,,,,,,,1533.0,1533.0,,,0.0,,,0.0
2025-04-22 06:00:00,,,,,,,1533.0,1533.0,,,0.0,,,0.0
2025-04-22 07:00:00,,,,,,,1533.0,1533.0,,,0.0,,,0.0
2025-04-22 08:00:00,,,,,,,509.0,509.0,,,0.0,,,0.0
2025-04-22 09:00:00,,,,,,,509.0,509.0,,,0.0,,,0.0
2025-04-22 10:00:00,,,,,,,509.0,509.0,,,0.0,,,0.0
2025-04-22 11:00:00,,,,,,,509.0,509.0,,,0.0,,,0.0
2025-04-22 12:00:00,,,,,,,505.0,504.0,1.355,0.0,1.0,1.1945,0.0,1.0
2025-04-22 13:00:00,,,,,,,505.0,504.0,1.053,0.2324,6.0,1.1752,0.011699975,6.0
2025-04-22 14:00:00,,,,,,,509.0,509.0,0.83,0.015,2.0,1.1534,0.0018000007,2.0
2025-04-22 15:00:00,,,,,,,509.0,509.0,,,0.0,,,0.0
2025-04-22 16:00:00,,,,,,,509.0,509.0,,,0.0,,,0.0
2025-04-22 17:00:00,,,,,,,1533.0,1533.0,,,0.0,,,0.0
2025-04-22 18:00:00,,,,,,,1533.0,1533.0,,,0.0,,,0.0
2025-04-22 19:00:00,,,,,,,1273.0,1273.0,,,0.0,,,0.0
2025-04-22 20:00:00,,,,,,,1533.0,1533.0,,,0.0,,,0.0
2025-04-22 21:00:00,,,,,,,1529.0,1529.0,,,0.0,,,0.0
2025-04-22 22:00:00,,,,,,,1529.0,1529.0,,,0.0,,,0.0
2025-04-22 23:00:00,,,,,,,1529.0,1529.0,,,0.0,,,0.0
2025-04-23 00:00:00,,,,,,,1533.0,1533.0,,,0.0,,,0.0
2025-04-23 01:00:00,,,,,,,1529.0,1529.0,,,0.0,,,0.0
2025-04-23 02:00:00,,,,,,,1273.0,1273.0,,,0.0,,,0.0
2025-04-23 03:00:00,,,,,,,1273.0,1273.0,,,0.0,,,0.0
2025-04-23 04:00:00,,,,,,,1273.0,1273.0,,,0.0,,,0.0
2025-04-23 05:00:00,,,,,,,1273.0,1273.0,,,0.0,,,0.0
2025-04-23 06:00:00,,,,,,,1533.0,1533.0,,,0.0,,,0.0
2025-04-23 07:00:00,,,,,,,509.0,509.0,,,0.0,,,0.0
2025-04-23 08:00:00,,,,,,,509.0,509.0,,,0.0,,,0.0
2025-04-23 09:00:00,,,,,,,509.0,509.0,,,0.0,,,0.0
2025-04-23 10:00:00,,,,,,,509.0,509.0,,,0.0,,,0.0
2025-04-23 11:00:00,,,,,,,509.0,509.0,,,0.0,,,0.0
2025-04-23 12:00:00,,,,,,,509.0,509.0,1.1908,0.0042,4.0,1.023,0.0033000112,4.0
2025-04-23 13:00:00,,,,,,,509.0,509.0,,,0.0,,,0.0
2025-04-23 14:00:00,,,,,,,2553.0,2552.0,1.0878,0.015999999,4.0,1.0073999,0.016200006,4.0
2025-04-23 15:00:00,,,,,,,2297.0,2296.0,0.9848,0.079799995,6.0,0.98379993,0.012899995,6.0
2025-04-23 16:00:00,,,,,,,2553.0,2552.0,0.8524,0.14019999,6.0,0.97609997,0.023899972,6.0
2025-04-23 17:00:00,,,,,,,1533.0,1533.0,,,0.0,,,0.0
2025-04-23 18:00:00,,,,,,,1529.0,1529.0,,,0.0,,,0.0
2025-04-23 19:00:00,,,,,,,1533.0,1533.0,,,0.0,,,0.0
2025-04-23 20:00:00,,,,,,,1533.0,1533.0,,,0.0,,,0.0
2025-04-23 21:00:00,,,,,,,1529.0,1529.0,,,0.0,,,0.0
2025-04-23 22:00:00,,,,,,,1533.0,1533.0,,,0.0,,,0.0
2025-04-23 23:00:00,,,,,,,1533.0,1533.0,,,0.0,,,0.0
2025-04-24 00:00:00,,,,,,,1273.0,1273.0,,,0.0,,,0.0
2025-04-24 01:00:00,,,,,,,1529.0,1529.0,,,0.0,,,0.0
2025-04-24 02:00:00,,,,,,,1533.0,1533.0,,,0.0,,,0.0
2025-04-24 03:00:00,,,,,,,1533.0,1533.0,,,0.0,,,0.0
2025-04-24 04:00:00,,,,,,,1529.0,1529.0,,,0.0,,,0.0
2025-04-24 05:00:00,,,,,,,1529.0,1529.0,,,0.0,,,0.0
2025-04-24 06:00:00,,,,,,,1533.0,1533.0,,,0.0,,,0.0
2025-04-24 07:00:00,,,,,,,509.0,509.0,,,0.0,,,0.0
2025-04-24 08:00:00,,,,,,,509.0,509.0,,,0.0,,,0.0
2025-04-24 09:00:00,,,,,,,509.0,509.0,,,0.0,,,0.0
2025-04-24 10:00:00,,,,,,,509.0,509.0,,,0.0,,,0.0
2025-04-24 11:00:00,,,,,,,509.0,509.0,,,0.0,,,0.0
2025-04-24 12:00:00,,,,,,,509.0,509.0,2.404,0.0,1.0,0.9017,0.0,1.0
2025-04-24 13:00:00,,,,,,,509.0,509.0,,,0.0,,,0.0
2025-04-24 14:00:00,,,,,,,509.0,509.0,,,0.0,,,0.0
2025-04-24 15:00:00,,,,,,,509.0,509.0,,,0.0,,,0.0
2025-04-24 16:00:00,,,,,,,509.0,509.0,,,0.0,,,0.0
2025-04-24 17:00:00,,,,,,,1533.0,1533.0,,,0.0,,,0.0
2025-04-24 18:00:00,,,,,,,1533.0,1533.0,,,0.0,,,0.0
2025-04-24 19:00:00,,,,,,,1533.0,1533.0,,,0.0,,,0.0
2025-04-24 20:00:00,,,,,,,1529.0,1529.0,,,0.0,,,0.0
2025-04-24 21:00:00,,,,,,,1533.0,1533.0,,,0.0,,,0.0
2025-04-24 22:00:00,,,,,,,1529.0,1529.0,,,0.0,,,0.0
2025-04-24 23:00:00,,,,,,,1533.0,1533.0,,,0.0,,,0.0
2025-04-25 00:00:00,,,,,,,1529.0,1529.0,,,0.0,,,0.0
2025-04-25 01:00:00,,,,,,,1533.0,1533.0,,,0.0,,,0.0
2025-04-25 02:00:00,,,,,,,1533.0,1533.0,,,0.0,,,0.0
2025-04-25 03:00:00,,,,,,,1529.0,1529.0,,,0.0,,,0.0
2025-04-25 04:00:00,,,,,,,1533.0,1533.0,,,0.0,,,0.0
2025-04-25 05:00:00,,,,,,,1533.0,1533.0,,,0.0,,,0.0
2025-04-25 06:00:00,,,,,,,1533.0,1533.0,,,0.0,,,0.0
2025-04-25 07:00:00,,,,,,,509.0,509.0,,,0.0,,,0.0
2025-04-25 08:00:00,,,,,,,509.0,509.0,,,0.0,,,0.0
2025-04-25 09:00:00,,,,,,,509.0,509.0,,,0.0,,,0.0
2025-04-25 10:00:00,,,,,,,509.0,509.0,,,0.0,,,0.0
2025-04-25 11:00:00,,,,,,,509.0,509.0,,,0.0,,,0.0
2025-04-25 12:00:00,,,,,,,509.0,509.0,,,0.0,,,0.0
2025-04-25 13:00:00,,,,,,,509.0,509.0,,,0.0,,,0.0
2025-04-25 14:00:00,,,,,,,509.0,509.0,,,0.0,,,0.0
2025-04-25 15:00:00,,,,,,,509.0,509.0,,,0.0,,,0.0
2025-04-25 16:00:00,,,,,,,509.0,509.0,,,0.0,,,0.0
2025-04-25 17:00:00,,,,,,,1533.0,1533.0,,,0.0,,,0.0
2025-04-25 18:00:00,,,,,,,1533.0,1533.0,,,0.0,,,0.0
2025-04-25 19:00:00,,,,,,,1533.0,1533.0,,,0.0,,,0.0
2025-04-25 20:00:00,,,,,,,1529.0,1529.0,,,0.0,,,0.0
2025-04-25 21:00:00,,,,,,,1533.0,1533.0,,,0.0,,,0.0
2025-04-25 22:00:00,,,,,,,1273.0,1273.0,,,0.0,,,0.0
2025-04-25 23:00:00,,,,,,,1529.0,1529.0,,,0.0,,,0.0
2025-04-26 00:00:00,,,,,,,1529.0,1529.0,,,0.0,,,0.0
2025-04-26 01:00:00,,,,,,,1529.0,1529.0,,,0.0,,,0.0
2025-04-26 02:00:00,,,,,,,1533.0,1533.0,,,0.0,,,0.0
2025-04-26 03:00:00,,,,,,,1273.0,1273.0,,,0.0,,,0.0
2025-04-26 04:00:00,,,,,,,1273.0,1273.0,,,0.0,,,0.0
2025-04-26 05:00:00,,,,,,,1533.0,1533.0,,,0.0,,,0.0
2025-04-26 06:00:00,,,,,,,1533.0,1533.0,,,0.0,,,0.0
2025-04-26 07:00:00,,,,,,,509.0,509.0,,,0.0,,,0.0
2025-04-26 08:00:00,,,,,,,509.0,509.0,,,0.0,,,0.0
2025-04-26 09:00:00,,,,,,,509.0,509.0,,,0.0,,,0.0
2025-04-26 10:00:00,,,,,,,509.0,509.0,,,0.0,,,0.0
2025-04-26 11:00:00,,,,,,,509.0,509.0,,,0.0,,,0.0
2025-04-26 12:00:00,,,,,,,509.0,509.0,,,0.0,,,0.0
2025-04-26 13:00:00,,,,,,,509.0,509.0,,,0.0,,,0.0
2025-04-26 14:00:00,,,,,,,509.0,509.0,,,0.0,,,0.0
2025-04-26 15:00:00,,,,,,,509.0,509.0,1.4412,0.042999998,4.0,1.0798,0.010199964,4.0
2025-04-26 16:00:00,,,,,,,509.0,509.0,,,0.0,,,0.0
2025-04-26 17:00:00,,,,,,,1533.0,1533.0,,,0.0,,,0.0
2025-04-26 18:00:00,,,,,,,1273.0,1273.0,,,0.0,,,0.0
2025-04-26 19:00:00,,,,,,,1273.0,1273.0,,,0.0,,,0.0
2025-04-26 20:00:00,,,,,,,1533.0,1533.0,,,0.0,,,0.0
2025-04-26 21:00:00,,,,,,,1533.0,1533.0,,,0.0,,,0.0
2025-04-26 22:00:00,,,,,,,1529.0,1529.0,,,0.0,,,0.0
2025-04-26 23:00:00,,,,,,,1533.0,1533.0,,,0.0,,,0.0
2025-04-27 00:00:00,,,,,,,1533.0,1533.0,,,0.0,,,0.0
2025-04-27 01:00:00,,,,,,,1533.0,1533.0,,,0.0,,,0.0
2025-04-27 02:00:00,,,,,,,1533.0,1533.0,,,0.0,,,0.0
2025-04-27 03:00:00,,,,,,,1533.0,1533.0,,,0.0,,,0.0
2025-04-27 04:00:00,,,,,,,1529.0,1529.0,,,0.0,,,0.0
2025-04-27 05:00:00,,,,,,,1529.0,1529.0,,,0.0,,,0.0
2025-04-27 06:00:00,,,,,,,1533.0,1533.0,,,0.0,,,0.0
2025-04-27 07:00:00,,,,,,,509.0,509.0,,,0.0,,,0.0
2025-04-27 08:00:00,,,,,,,509.0,509.0,,,0.0,,,0.0
2025-04-27 09:00:00,,,,,,,509.0,509.0,,,0.0,,,0.0
2025-04-27 10:00:00,,,,,,,509.0,509.0,,,0.0,,,0.0
2025-04-27 11:00:00,,,,,,,509.0,509.0,,,0.0,,,0.0
2025-04-27 12:00:00,,,,,,,509.0,509.0,,,0.0,,,0.0
2025-04-27 13:00:00,,,,,,,509.0,509.0,1.485,0.0,1.0,1.0963,0.0,1.0
2025-04-27 14:00:00,,,,,,,509.0,509.0,,,0.0,,,0.0
2025-04-27 15:00:00,,,,,,,509.0,509.0,,,0.0,,,0.0
2025-04-27 16:00:00,,,,,,,509.0,509.0,,,0.0,,,0.0
2025-04-27 17:00:00,,,,,,,1533.0,1533.0,,,0.0,,,0.0
2025-04-27 18:00:00,,,,,,,1533.0,1533.0,,,0.0,,,0.0
2025-04-27 19:00:00,,,,,,,1533.0,1533.0,,,0.0,,,0.0
2025-04-27 20:00:00,,,,,,,1533.0,1533.0,,,0.0,,,0.0
2025-04-27 21:00:00,,,,,,,1533.0,1533.0,,,0.0,,,0.0
2025-04-27 22:00:00,,,,,,,1533.0,1533.0,,,0.0,,,0.0
2025-04-27 23:00:00,,,,,,,1533.0,1533.0,,,0.0,,,0.0
2025-04-28 00:00:00,,,,,,,1533.0,1533.0,,,0.0,,,0.0
2025-04-28 01:00:00,,,,,,,1533.0,1533.0,,,0.0,,,0.0
2025-04-28 02:00:00,,,,,,,1533.0,1533.0,,,0.0,,,0.0
2025-04-28 03:00:00,,,,,,,1529.0,1529.0,,,0.0,,,0.0
2025-04-28 04:00:00,,,,,,,1533.0,1533.0,,,0.0,,,0.0
2025-04-28 05:00:00,,,,,,,1533.0,1533.0,,,0.0,,,0.0
2025-04-28 06:00:00,,,,,,,1533.0,1533.0,,,0.0,,,0.0
2025-04-28 07:00:00,,,,,,,509.0,509.0,,,0.0,,,0.0
2025-04-28 08:00:00,,,,,,,509.0,509.0,,,0.0,,,0.0
2025-04-28 09:00:00,,,,,,,509.0,509.0,,,0.0,,,0.0
2025-04-28 10:00:00,,,,,,,509.0,509.0,,,0.0,,,0.0
2025-04-28 11:00:00,,,,,,,509.0,509.0,1.1954,0.0,1.0,0.9822999,0.0,1.0
2025-04-28 12:00:00,,,,,,,509.0,509.0,,,0.0,,,0.0
2025-04-28 13:00:00,,,,,,,509.0,509.0,,,0.0,,,0.0
2025-04-28 14:00:00,,,,,,,509.0,509.0,,,0.0,,,0.0
2025-04-28 15:00:00,,,,,,,509.0,509.0,,,0.0,,,0.0
2025-04-28 16:00:00,,,,,,,509.0,509.0,,,0.0,,,0.0
2025-04-28 17:00:00,,,,,,,1533.0,1533.0,,,0.0,,,0.0
2025-04-28 18:00:00,,,,,,,1533.0,1533.0,,,0.0,,,0.0
2025-04-28 19:00:00,,,,,,,1533.0,1533.0,,,0.0,,,0.0
2025-04-28 20:00:00,,,,,,,1533.0,1533.0,,,0.0,,,0.0
2025-04-28 21:00:00,,,,,,,1533.0,1533.0,,,0.0,,,0.0
2025-04-28 22:00:00,,,,,,,1529.0,1529.0,,,0.0,,,0.0
2025-04-28 23:00:00,,,,,,,1533.0,1533.0,,,0.0,,,0.0
2025-04-29 00:00:00,,,,,,,1533.0,1533.0,,,0.0,,,0.0
2025-04-29 01:00:00,,,,,,,1533.0,1533.0,,,0.0,,,0.0
2025-04-29 02:00:00,,,,,,,1533.0,1533.0,,,0.0,,,0.0
2025-04-29 03:00:00,,,,,,,1533.0,1533.0,,,0.0,,,0.0
2025-04-29 04:00:00,,,,,,,1533.0,1533.0,,,0.0,,,0.0
2025-04-29 05:00:00,,,,,,,1529.0,1529.0,,,0.0,,,0.0
2025-04-29 06:00:00,,,,,,,1533.0,1533.0,,,0.0,,,0.0
2025-04-29 07:00:00,,,,,,,509.0,509.0,,,0.0,,,0.0
2025-04-29 08:00:00,,,,,,,509.0,509.0,,,0.0,,,0.0
2025-04-29 09:00:00,,,,,,,509.0,509.0,,,0.0,,,0.0
2025-04-29 10:00:00,,,,,,,509.0,509.0,,,0.0,,,0.0
2025-04-29 11:00:00,,,,,,,509.0,509.0,,,0.0,,,0.0
2025-04-29 12:00:00,,,,,,,509.0,509.0,,,0.0,,,0.0
2025-04-29 13:00:00,,,,,,,509.0,509.0,,,0.0,,,0.0
2025-04-29 14:00:00,,,,,,,509.0,509.0,,,0.0,,,0.0
2025-04-29 15:00:00,,,,,,,509.0,509.0,,,0.0,,,0.0
2025-04-29 16:00:00,,,,,,,509.0,509.0,,,0.0,,,0.0
2025-04-29 17:00:00,,,,,,,1533.0,1533.0,0.6828,0.0,1.0,1.1083,0.0,1.0
2025-04-29 18:00:00,,,,,,,1529.0,1529.0,,,0.0,,,0.0
2025-04-29 19:00:00,,,,,,,1533.0,1533.0,,,0.0,,,0.0
2025-04-29 20:00:00,,,,,,,1533.0,1533.0,,,0.0,,,0.0
2025-04-29 21:00:00,,,,,,,1529.0,1529.0,,,0.0,,,0.0
2025-04-29 22:00:00,,,,,,,1529.0,1529.0,,,0.0,,,0.0
2025-04-29 23:00:00,,,,,,,1529.0,1529.0,,,0.0,,,0.0
2025-04-30 00:00:00,,,,,,,1529.0,1529.0,,,0.0,,,0.0
2025-04-30 01:00:00,,,,,,,1533.0,1533.0,,,0.0,,,0.0
2025-04-30 02:00:00,,,,,,,1529.0,1529.0,,,0.0,,,0.0
2025-04-30 03:00:00,,,,,,,1529.0,1529.0,,,0.0,,,0.0
2025-04-30 04:00:00,,,,,,,1533.0,1533.0,,,0.0,,,0.0
2025-04-30 05:00:00,,,,,,,1529.0,1529.0,,,0.0,,,0.0
2025-04-30 06:00:00,,,,,,,1533.0,1533.0,,,0.0,,,0.0
2025-04-30 07:00:00,,,,,,,509.0,509.0,,,0.0,,,0.0
2025-04-30 08:00:00,,,,,,,509.0,509.0,,,0.0,,,0.0
2025-04-30 09:00:00,,,,,,,509.0,509.0,,,0.0,,,0.0
2025-04-30 10:00:00,,,,,,,509.0,509.0,,,0.0,,,0.0
2025-04-30 11:00:00,,,,,,,509.0,509.0,,,0.0,,,0.0
2025-04-30 12:00:00,,,,,,,509.0,509.0,,,0.0,,,0.0
2025-04-30 13:00:00,,,,,,,509.0,509.0,,,0.0,,,0.0
2025-04-30 14:00:00,,,,,,,509.0,509.0,,,0.0,,,0.0
2025-04-30 15:00:00,,,,,,,509.0,509.0,,,0.0,,,0.0
2025-04-30 16:00:00,,,,,,,509.0,509.0,,,0.0,,,0.0
2025-04-30 17:00:00,,,,,,,1533.0,1533.0,,,0.0,,,0.0
2025-04-30 18:00:00,,,,,,,1533.0,1533.0,,,0.0,,,0.0
2025-04-30 19:00:00,,,,,,,1533.0,1533.0,,,0.0,,,0.0
2025-04-30 20:00:00,,,,,,,1529.0,1529.0,,,0.0,,,0.0
2025-04-30 21:00:00,,,,,,,1533.0,1533.0,,,0.0,,,0.0
2025-04-30 22:00:00,,,,,,,1533.0,1533.0,,,0.0,,,0.0
2025-04-30 23:00:00,,,,,,,1533.0,1533.0,,,0.0,,,0.0
2025-05-01 00:00:00,,,,,,,1533.0,1533.0,,,0.0,,,0.0
2025-05-01 01:00:00,,,,,,,1533.0,1533.0,,,0.0,,,0.0
2025-05-01 02:00:00,,,,,,,1529.0,1529.0,,,0.0,,,0.0
2025-05-01 03:00:00,,,,,,,1533.0,1533.0,,,0.0,,,0.0
2025-05-01 04:00:00,,,,,,,1529.0,1529.0,,,0.0,,,0.0
2025-05-01 05:00:00,,,,,,,1533.0,1533.0,,,0.0,,,0.0
2025-05-01 06:00:00,,,,,,,1533.0,1533.0,,,0.0,,,0.0
2025-05-01 07:00:00,,,,,,,509.0,509.0,,,0.0,,,0.0
2025-05-01 08:00:00,,,,,,,509.0,509.0,,,0.0,,,0.0
2025-05-01 09:00:00,,,,,,,509.0,509.0,,,0.0,,,0.0
2025-05-01 10:00:00,,,,,,,509.0,509.0,,,0.0,,,0.0
2025-05-01 11:00:00,,,,,,,509.0,509.0,,,0.0,,,0.0
2025-05-01 12:00:00,,,,,,,509.0,509.0,,,0.0,,,0.0
2025-05-01 13:00:00,,,,,,,509.0,509.0,,,0.0,,,0.0
2025-05-01 14:00:00,,,,,,,509.0,509.0,0.14919999,0.0298,5.0,1.0696,0.0011999607,5.0
2025-05-01 15:00:00,,,,,,,509.0,509.0,,,0.0,,,0.0
2025-05-01 16:00:00,,,,,,,509.0,509.0,,,0.0,,,0.0
2025-05-01 17:00:00,,,,,,,1533.0,1533.0,,,0.0,,,0.0
2025-05-01 18:00:00,,,,,,,1533.0,1533.0,,,0.0,,,0.0
2025-05-01 19:00:00,,,,,,,1529.0,1529.0,,,0.0,,,0.0
2025-05-01 20:00:00,,,,,,,1529.0,1529.0,,,0.0,,,0.0
2025-05-01 21:00:00,,,,,,,1529.0,1529.0,,,0.0,,,0.0
2025-05-01 22:00:00,,,,,,,1529.0,1529.0,,,0.0,,,0.0
2025-05-01 23:00:00,,,,,,,1533.0,1533.0,,,0.0,,,0.0
2025-05-02 00:00:00,,,,,,,1533.0,1533.0,,,0.0,,,0.0
2025-05-02 01:00:00,,,,,,,1533.0,1533.0,,,0.0,,,0.0
2025-05-02 02:00:00,,,,,,,1273.0,1273.0,,,0.0,,,0.0
2025-05-02 03:00:00,,,,,,,1529.0,1529.0,,,0.0,,,0.0
2025-05-02 04:00:00,,,,,,,1273.0,1273.0,,,0.0,,,0.0
2025-05-02 05:00:00,,,,,,,1273.0,1273.0,,,0.0,,,0.0
2025-05-02 06:00:00,,,,,,,1533.0,1533.0,,,0.0,,,0.0
2025-05-02 07:00:00,,,,,,,249.0,249.0,,,0.0,,,0.0
2025-05-02 08:00:00,,,,,,,2553.0,2552.0,0.0154,0.0,1.0,1.1071,0.0,1.0
2025-05-02 09:00:00,,,,,,,505.0,505.0,0.029199999,0.021599999,5.0,1.1123999,0.0019999743,4.0
2025-05-02 10:00:00,,,,,,,505.0,504.0,0.096599996,0.18699999,6.0,1.1237999,0.00049996376,6.0
2025-05-02 11:00:00,,,,,,,509.0,509.0,0.114,0.1042,2.0,1.1415,0.00069999695,2.0
2025-05-02 12:00:00,,,,,,,509.0,509.0,,,0.0,,,0.0
2025-05-02 13:00:00,,,,,,,509.0,509.0,,,0.0,,,0.0
2025-05-02 14:00:00,,,,,,,509.0,509.0,,,0.0,,,0.0
2025-05-02 15:00:00,,,,,,,509.0,509.0,,,0.0,,,0.0
2025-05-02 16:00:00,,,,,,,509.0,509.0,0.1732,0.025799999,2.0,1.1337999,0.0015000105,2.0
2025-05-02 17:00:00,,,,,,,1533.0,1533.0,0.152,0.0758,2.0,1.1495999,0.0,2.0
2025-05-02 18:00:00,,,,,,,1533.0,1533.0,,,0.0,,,0.0
2025-05-02 19:00:00,,,,,,,1533.0,1533.0,,,0.0,,,0.0
2025-05-02 20:00:00,,,,,,,1533.0,1533.0,,,0.0,,,0.0
2025-05-02 21:00:00,,,,,,,1533.0,1533.0,,,0.0,,,0.0
2025-05-02 22:00:00,,,,,,,1533.0,1533.0,,,0.0,,,0.0
2025-05-02 23:00:00,,,,,,,1533.0,1533.0,,,0.0,,,0.0
2025-05-03 00:00:00,,,,,,,1533.0,1533.0,,,0.0,,,0.0
2025-05-03 01:00:00,,,,,,,1533.0,1533.0,,,0.0,,,0.0
2025-05-03 02:00:00,,,,,,,1533.0,1533.0,,,0.0,,,0.0
2025-05-03 03:00:00,,,,,,,1533.0,1533.0,,,0.0,,,0.0
2025-05-03 04:00:00,,,,,,,1533.0,1533.0,,,0.0,,,0.0
2025-05-03 05:00:00,,,,,,,1533.0,1533.0,,,0.0,,,0.0
2025-05-03 06:00:00,,,,,,,1533.0,1533.0,,,0.0,,,0.0
2025-05-03 07:00:00,,,,,,,509.0,509.0,,,0.0,,,0.0
2025-05-03 08:00:00,,,,,,,509.0,509.0,,,0.0,,,0.0
2025-05-03 09:00:00,,,,,,,509.0,509.0,,,0.0,,,0.0
2025-05-03 10:00:00,,,,,,,509.0,509.0,,,0.0,,,0.0
2025-05-03 11:00:00,,,,,,,509.0,509.0,,,0.0,,,0.0
2025-05-03 12:00:00,,,,,,,509.0,509.0,,,0.0,,,0.0
2025-05-03 13:00:00,,,,,,,509.0,509.0,,,0.0,,,0.0
2025-05-03 14:00:00,,,,,,,509.0,509.0,,,0.0,,,0.0
2025-05-03 15:00:00,,,,,,,509.0,509.0,,,0.0,,,0.0
2025-05-03 16:00:00,,,,,,,509.0,509.0,,,0.0,,,0.0
2025-05-03 17:00:00,,,,,,,1533.0,1533.0,,,0.0,,,0.0
2025-05-03 18:00:00,,,,,,,1533.0,1533.0,,,0.0,,,0.0
2025-05-03 19:00:00,,,,,,,1273.0,1273.0,,,0.0,,,0.0
2025-05-03 20:00:00,,,,,,,1533.0,1533.0,,,0.0,,,0.0
2025-05-03 21:00:00,,,,,,,1533.0,1533.0,,,0.0,,,0.0
2025-05-03 22:00:00,,,,,,,1273.0,1273.0,,,0.0,,,0.0
2025-05-03 23:00:00,,,,,,,1273.0,1273.0,,,0.0,,,0.0
2025-05-04 00:00:00,,,,,,,1529.0,1529.0,,,0.0,,,0.0
2025-05-04 01:00:00,,,,,,,1533.0,1533.0,,,0.0,,,0.0
2025-05-04 02:00:00,,,,,,,1529.0,1529.0,,,0.0,,,0.0
2025-05-04 03:00:00,,,,,,,1533.0,1533.0,,,0.0,,,0.0
2025-05-04 04:00:00,,,,,,,1533.0,1533.0,,,0.0,,,0.0
2025-05-04 05:00:00,,,,,,,1533.0,1533.0,,,0.0,,,0.0
2025-05-04 06:00:00,,,,,,,1533.0,1533.0,,,0.0,,,0.0
2025-05-04 07:00:00,,,,,,,509.0,509.0,,,0.0,,,0.0
2025-05-04 08:00:00,,,,,,,509.0,509.0,,,0.0,,,0.0
2025-05-04 09:00:00,,,,,,,509.0,509.0,,,0.0,,,0.0
2025-05-04 10:00:00,,,,,,,509.0,509.0,,,0.0,,,0.0
2025-05-04 11:00:00,,,,,,,509.0,509.0,,,0.0,,,0.0
2025-05-04 12:00:00,,,,,,,509.0,509.0,,,0.0,,,0.0
2025-05-04 13:00:00,,,,,,,509.0,509.0,,,0.0,,,0.0
2025-05-04 14:00:00,,,,,,,509.0,509.0,,,0.0,,,0.0
2025-05-04 15:00:00,,,,,,,509.0,509.0,,,0.0,,,0.0
2025-05-04 16:00:00,,,,,,,509.0,509.0,,,0.0,,,0.0
2025-05-04 17:00:00,,,,,,,1533.0,1533.0,,,0.0,,,0.0
2025-05-04 18:00:00,,,,,,,1533.0,1533.0,,,0.0,,,0.0
2025-05-04 19:00:00,,,,,,,1533.0,1533.0,,,0.0,,,0.0
2025-05-04 20:00:00,,,,,,,1273.0,1273.0,,,0.0,,,0.0
2025-05-04 21:00:00,,,,,,,1533.0,1533.0,,,0.0,,,0.0
2025-05-04 22:00:00,,,,,,,1533.0,1533.0,,,0.0,,,0.0
2025-05-04 23:00:00,,,,,,,1533.0,1533.0,,,0.0,,,0.0
2025-05-05 00:00:00,,,,,,,1529.0,1529.0,,,0.0,,,0.0
2025-05-05 01:00:00,,,,,,,1533.0,1533.0,,,0.0,,,0.0
2025-05-05 02:00:00,,,,,,,1529.0,1529.0,,,0.0,,,0.0
2025-05-05 03:00:00,,,,,,,1273.0,1273.0,,,0.0,,,0.0
2025-05-05 04:00:00,,,,,,,1273.0,1273.0,,,0.0,,,0.0
2025-05-05 05:00:00,,,,,,,1273.0,1273.0,,,0.0,,,0.0
2025-05-05 06:00:00,,,,,,,1533.0,1533.0,,,0.0,,,0.0
2025-05-05 07:00:00,,,,,,,505.0,504.0,0.7636,0.0,1.0,1.0439,0.0,1.0
2025-05-05 08:00:00,,,,,,,509.0,509.0,0.44079998,0.0154,3.0,1.017,0.010599971,3.0
2025-05-05 09:00:00,,,,,,,2553.0,2552.0,0.2138,0.0,1.0,1.1012,0.0,1.0
2025-05-05 10:00:00,,,,,,,509.0,509.0,0.1126,0.0,1.0,1.1004,0.0,1.0
2025-05-05 11:00:00,,,,,,,509.0,509.0,,,0.0,,,0.0
2025-05-05 12:00:00,,,,,,,509.0,509.0,0.884,0.0,1.0,1.1495999,0.0,1.0
2025-05-05 13:00:00,,,,,,,509.0,509.0,,,0.0,,,0.0
2025-05-05 14:00:00,,,,,,,509.0,509.0,,,0.0,,,0.0
2025-05-05 15:00:00,,,,,,,509.0,509.0,0.639,0.0346,2.0,1.1444,0.0027999878,2.0
2025-05-05 16:00:00,,,,,,,2553.0,2552.0,0.3816,0.029,4.0,1.1592,0.0097,4.0
2025-05-05 17:00:00,,,,,,,1533.0,1533.0,0.4098,0.0198,4.0,1.1498,0.0026000142,4.0
2025-05-05 18:00:00,,,,,,,1529.0,1529.0,,,0.0,,,0.0
2025-05-05 19:00:00,,,,,,,1533.0,1533.0,,,0.0,,,0.0
2025-05-05 20:00:00,,,,,,,1533.0,1533.0,,,0.0,,,0.0
2025-05-05 21:00:00,,,,,,,1533.0,1533.0,,,0.0,,,0.0
2025-05-05 22:00:00,,,,,,,1533.0,1533.0,,,0.0,,,0.0
2025-05-05 23:00:00,,,,,,,1533.0,1533.0,,,0.0,,,0.0
2025-05-06 00:00:00,,,,,,,1533.0,1533.0,,,0.0,,,0.0
2025-05-06 01:00:00,,,,,,,1533.0,1533.0,,,0.0,,,0.0
2025-05-06 02:00:00,,,,,,,1533.0,1533.0,,,0.0,,,0.0
2025-05-06 03:00:00,,,,,,,1529.0,1529.0,,,0.0,,,0.0
2025-05-06 04:00:00,,,,,,,1533.0,1533.0,,,0.0,,,0.0
2025-05-06 05:00:00,,,,,,,1529.0,1529.0,,,0.0,,,0.0
2025-05-06 06:00:00,,,,,,,1533.0,1533.0,,,0.0,,,0.0
2025-05-06 07:00:00,,,,,,,509.0,509.0,,,0.0,,,0.0
2025-05-06 08:00:00,,,,,,,509.0,509.0,,,0.0,,,0.0
2025-05-06 09:00:00,,,,,,,509.0,509.0,,,0.0,,,0.0
2025-05-06 10:00:00,,,,,,,509.0,509.0,,,0.0,,,0.0
2025-05-06 11:00:00,,,,,,,509.0,509.0,,,0.0,,,0.0
2025-05-06 12:00:00,,,,,,,509.0,509.0,,,0.0,,,0.0
2025-05-06 13:00:00,,,,,,,509.0,509.0,,,0.0,,,0.0
2025-05-06 14:00:00,,,,,,,509.0,509.0,,,0.0,,,0.0
2025-05-06 15:00:00,,,,,,,509.0,509.0,,,0.0,,,0.0
2025-05-06 16:00:00,,,,,,,509.0,509.0,0.589,0.0,1.0,1.1064999,0.0,1.0
2025-05-06 17:00:00,,,,,,,1533.0,1533.0,,,0.0,,,0.0
2025-05-06 18:00:00,,,,,,,1533.0,1533.0,,,0.0,,,0.0
2025-05-06 19:00:00,,,,,,,1533.0,1533.0,,,0.0,,,0.0
2025-05-06 20:00:00,,,,,,,1529.0,1529.0,,,0.0,,,0.0
2025-05-06 21:00:00,,,,,,,1533.0,1533.0,,,0.0,,,0.0
2025-05-06 22:00:00,,,,,,,1533.0,1533.0,,,0.0,,,0.0
2025-05-06 23:00:00,,,,,,,1529.0,1529.0,,,0.0,,,0.0
2025-05-07 00:00:00,,,,,,,1533.0,1533.0,,,0.0,,,0.0
2025-05-07 01:00:00,,,,,,,1273.0,1273.0,,,0.0,,,0.0
2025-05-07 02:00:00,,,,,,,1529.0,1529.0,,,0.0,,,0.0
2025-05-07 03:00:00,,,,,,,1533.0,1533.0,,,0.0,,,0.0
2025-05-07 04:00:00,,,,,,,1529.0,1529.0,,,0.0,,,0.0
2025-05-07 05:00:00,,,,,,,1529.0,1529.0,,,0.0,,,0.0
2025-05-07 06:00:00,,,,,,,1533.0,1533.0,,,0.0,,,0.0
2025-05-07 07:00:00,,,,,,,509.0,509.0,,,0.0,,,0.0
2025-05-07 08:00:00,,,,,,,509.0,509.0,,,0.0,,,0.0
2025-05-07 09:00:00,,,,,,,509.0,509.0,,,0.0,,,0.0
2025-05-07 10:00:00,,,,,,,509.0,509.0,,,0.0,,,0.0
2025-05-07 11:00:00,,,,,,,509.0,509.0,,,0.0,,,0.0
2025-05-07 12:00:00,,,,,,,505.0,504.0,1.4914,0.0,1.0,1.1696,0.0,1.0
2025-05-07 13:00:00,,,,,,,509.0,509.0,,,0.0,,,0.0
2025-05-07 14:00:00,,,,,,,509.0,509.0,,,0.0,,,0.0
2025-05-07 15:00:00,,,,,,,509.0,509.0,,,0.0,,,0.0
2025-05-07 16:00:00,,,,,,,509.0,509.0,,,0.0,,,0.0
2025-05-07 17:00:00,,,,,,,1533.0,1533.0,,,0.0,,,0.0
2025-05-07 18:00:00,,,,,,,1533.0,1533.0,,,0.0,,,0.0
2025-05-07 19:00:00,,,,,,,1273.0,1273.0,,,0.0,,,0.0
2025-05-07 20:00:00,,,,,,,1529.0,1529.0,,,0.0,,,0.0
2025-05-07 21:00:00,,,,,,,1533.0,1533.0,,,0.0,,,0.0
2025-05-07 22:00:00,,,,,,,1529.0,1529.0,,,0.0,,,0.0
2025-05-07 23:00:00,,,,,,,1533.0,1533.0,,,0.0,,,0.0
2025-05-08 00:00:00,,,,,,,1533.0,1533.0,,,0.0,,,0.0
2025-05-08 01:00:00,,,,,,,1533.0,1533.0,,,0.0,,,0.0
2025-05-08 02:00:00,,,,,,,1529.0,1529.0,,,0.0,,,0.0
2025-05-08 03:00:00,,,,,,,1533.0,1533.0,,,0.0,,,0.0
2025-05-08 04:00:00,,,,,,,1533.0,1533.0,,,0.0,,,0.0
2025-05-08 05:00:00,,,,,,,1533.0,1533.0,,,0.0,,,0.0
2025-05-08 06:00:00,,,,,,,1533.0,1533.0,,,0.0,,,0.0
2025-05-08 07:00:00,,,,,,,509.0,509.0,,,0.0,,,0.0
2025-05-08 08:00:00,,,,,,,509.0,509.0,,,0.0,,,0.0
2025-05-08 09:00:00,,,,,,,509.0,509.0,,,0.0,,,0.0
2025-05-08 10:00:00,,,,,,,509.0,509.0,,,0.0,,,0.0
2025-05-08 11:00:00,,,,,,,509.0,509.0,,,0.0,,,0.0
2025-05-08 12:00:00,,,,,,,509.0,509.0,,,0.0,,,0.0
2025-05-08 13:00:00,,,,,,,509.0,509.0,,,0.0,,,0.0
2025-05-08 14:00:00,,,,,,,509.0,509.0,0.6914,0.0,1.0,1.2621,0.0,1.0
2025-05-08 15:00:00,,,,,,,509.0,509.0,,,0.0,,,0.0
2025-05-08 16:00:00,,,,,,,509.0,509.0,,,0.0,,,0.0
2025-05-08 17:00:00,,,,,,,1533.0,1533.0,0.3542,0.0,1.0,1.2083,0.0,1.0
2025-05-08 18:00:00,,,,,,,1273.0,1273.0,,,0.0,,,0.0
2025-05-08 19:00:00,,,,,,,1529.0,1529.0,,,0.0,,,0.0
2025-05-08 20:00:00,,,,,,,1533.0,1533.0,,,0.0,,,0.0
2025-05-08 21:00:00,,,,,,,1529.0,1529.0,,,0.0,,,0.0
2025-05-08 22:00:00,,,,,,,1533.0,1533.0,,,0.0,,,0.0
2025-05-08 23:00:00,,,,,,,1533.0,1533.0,,,0.0,,,0.0
2025-05-09 00:00:00,,,,,,,1533.0,1533.0,,,0.0,,,0.0
2025-05-09 01:00:00,,,,,,,1533.0,1533.0,,,0.0,,,0.0
2025-05-09 02:00:00,,,,,,,1533.0,1533.0,,,0.0,,,0.0
2025-05-09 03:00:00,,,,,,,1533.0,1533.0,,,0.0,,,0.0
2025-05-09 04:00:00,,,,,,,1533.0,1533.0,,,0.0,,,0.0
2025-05-09 05:00:00,,,,,,,1529.0,1529.0,,,0.0,,,0.0
2025-05-09 06:00:00,,,,,,,1533.0,1533.0,,,0.0,,,0.0
2025-05-09 07:00:00,,,,,,,509.0,509.0,,,0.0,,,0.0
2025-05-09 08:00:00,,,,,,,509.0,509.0,1.212,0.0,1.0,1.2091,0.0,1.0
2025-05-09 09:00:00,,,,,,,509.0,509.0,,,0.0,,,0.0
2025-05-09 10:00:00,,,,,,,509.0,509.0,,,0.0,,,0.0
2025-05-09 11:00:00,,,,,,,509.0,509.0,,,0.0,,,0.0
2025-05-09 12:00:00,,,,,,,509.0,509.0,,,0.0,,,0.0
2025-05-09 13:00:00,,,,,,,509.0,509.0,1.6783999,0.081199996,2.0,1.2961999,0.011799991,2.0
2025-05-09 14:00:00,,,,,,,505.0,504.0,1.1104,0.0066,2.0,1.1983999,0.023499966,2.0
2025-05-09 15:00:00,,,,,,,509.0,509.0,0.90099996,0.0514,3.0,1.1969999,0.003099978,3.0
2025-05-09 16:00:00,,,,,,,509.0,509.0,,,0.0,,,0.0
2025-05-09 17:00:00,,,,,,,1533.0,1533.0,,,0.0,,,0.0
2025-05-09 18:00:00,,,,,,,1533.0,1533.0,,,0.0,,,0.0
2025-05-09 19:00:00,,,,,,,1533.0,1533.0,,,0.0,,,0.0
2025-05-09 20:00:00,,,,,,,1533.0,1533.0,,,0.0,,,0.0
2025-05-09 21:00:00,,,,,,,1533.0,1533.0,,,0.0,,,0.0
2025-05-09 22:00:00,,,,,,,1533.0,1533.0,,,0.0,,,0.0
2025-05-09 23:00:00,,,,,,,1533.0,1533.0,,,0.0,,,0.0
2025-05-10 00:00:00,,,,,,,1529.0,1529.0,,,0.0,,,0.0
2025-05-10 01:00:00,,,,,,,1533.0,1533.0,,,0.0,,,0.0
2025-05-10 02:00:00,,,,,,,1533.0,1533.0,,,0.0,,,0.0
2025-05-10 03:00:00,,,,,,,1533.0,1533.0,,,0.0,,,0.0
2025-05-10 04:00:00,,,,,,,1529.0,1529.0,,,0.0,,,0.0
2025-05-10 05:00:00,,,,,,,1529.0,1529.0,,,0.0,,,0.0
2025-05-10 06:00:00,,,,,,,1533.0,1533.0,,,0.0,,,0.0
2025-05-10 07:00:00,,,,,,,509.0,509.0,,,0.0,,,0.0
2025-05-10 08:00:00,,,,,,,509.0,509.0,,,0.0,,,0.0
2025-05-10 09:00:00,,,,,,,509.0,509.0,,,0.0,,,0.0
2025-05-10 10:00:00,,,,,,,509.0,509.0,,,0.0,,,0.0
2025-05-10 11:00:00,,,,,,,509.0,509.0,,,0.0,,,0.0
2025-05-10 12:00:00,,,,,,,509.0,509.0,,,0.0,,,0.0
2025-05-10 13:00:00,,,,,,,509.0,509.0,,,0.0,,,0.0
2025-05-10 14:00:00,,,,,,,509.0,509.0,,,0.0,,,0.0
2025-05-10 15:00:00,,,,,,,509.0,509.0,,,0.0,,,0.0
2025-05-10 16:00:00,,,,,,,509.0,509.0,,,0.0,,,0.0
2025-05-10 17:00:00,,,,,,,1533.0,1533.0,,,0.0,,,0.0
2025-05-10 18:00:00,,,,,,,1533.0,1533.0,,,0.0,,,0.0
2025-05-10 19:00:00,,,,,,,1533.0,1533.0,,,0.0,,,0.0
2025-05-10 20:00:00,,,,,,,1529.0,1529.0,,,0.0,,,0.0
2025-05-10 21:00:00,,,,,,,1529.0,1529.0,,,0.0,,,0.0
2025-05-10 22:00:00,,,,,,,1529.0,1529.0,,,0.0,,,0.0
2025-05-10 23:00:00,,,,,,,1533.0,1533.0,,,0.0,,,0.0
2025-05-11 00:00:00,,,,,,,1533.0,1533.0,,,0.0,,,0.0
2025-05-11 01:00:00,,,,,,,1533.0,1533.0,,,0.0,,,0.0
2025-05-11 02:00:00,,,,,,,1529.0,1529.0,,,0.0,,,0.0
2025-05-11 03:00:00,,,,,,,1533.0,1533.0,,,0.0,,,0.0
2025-05-11 04:00:00,,,,,,,1533.0,1533.0,,,0.0,,,0.0
2025-05-11 05:00:00,,,,,,,1533.0,1533.0,,,0.0,,,0.0
2025-05-11 06:00:00,,,,,,,1533.0,1533.0,,,0.0,,,0.0
2025-05-11 07:00:00,,,,,,,509.0,509.0,,,0.0,,,0.0
2025-05-11 08:00:00,,,,,,,509.0,509.0,,,0.0,,,0.0
2025-05-11 09:00:00,,,,,,,509.0,509.0,,,0.0,,,0.0
2025-05-11 10:00:00,,,,,,,509.0,509.0,,,0.0,,,0.0
2025-05-11 11:00:00,,,,,,,509.0,509.0,,,0.0,,,0.0
2025-05-11 12:00:00,,,,,,,509.0,509.0,,,0.0,,,0.0
2025-05-11 13:00:00,,,,,,,509.0,509.0,,,0.0,,,0.0
2025-05-11 14:00:00,,,,,,,509.0,509.0,,,0.0,,,0.0
2025-05-11 15:00:00,,,,,,,509.0,509.0,,,0.0,,,0.0
2025-05-11 16:00:00,,,,,,,509.0,509.0,,,0.0,,,0.0
2025-05-11 17:00:00,,,,,,,1533.0,1533.0,,,0.0,,,0.0
2025-05-11 18:00:00,,,,,,,1533.0,1533.0,,,0.0,,,0.0
2025-05-11 19:00:00,,,,,,,1533.0,1533.0,,,0.0,,,0.0
2025-05-11 20:00:00,,,,,,,1533.0,1533.0,,,0.0,,,0.0
2025-05-11 21:00:00,,,,,,,1533.0,1533.0,,,0.0,,,0.0
2025-05-11 22:00:00,,,,,,,1273.0,1273.0,,,0.0,,,0.0
2025-05-11 23:00:00,,,,,,,1529.0,1529.0,,,0.0,,,0.0
2025-05-12 00:00:00,,,,,,,1273.0,1273.0,,,0.0,,,0.0
2025-05-12 01:00:00,,,,,,,1533.0,1533.0,,,0.0,,,0.0
2025-05-12 02:00:00,,,,,,,1529.0,1529.0,,,0.0,,,0.0
2025-05-12 03:00:00,,,,,,,1529.0,1529.0,,,0.0,,,0.0
2025-05-12 04:00:00,,,,,,,1273.0,1273.0,,,0.0,,,0.0
2025-05-12 05:00:00,,,,,,,1273.0,1273.0,,,0.0,,,0.0
2025-05-12 06:00:00,,,,,,,1533.0,1533.0,,,0.0,,,0.0
2025-05-12 07:00:00,,,,,,,509.0,509.0,,,0.0,,,0.0
2025-05-12 08:00:00,,,,,,,509.0,509.0,,,0.0,,,0.0
2025-05-12 09:00:00,,,,,,,509.0,509.0,,,0.0,,,0.0
2025-05-12 10:00:00,,,,,,,505.0,505.0,2.0488,0.27019998,3.0,0.63629997,0.0431,3.0
2025-05-12 11:00:00,,,,,,,2553.0,2552.0,0.0154,0.0,1.0,1.1050999,0.0,1.0
2025-05-12 12:00:00,,,,,,,2297.0,2296.0,0.06,0.0,1.0,1.11,0.0,1.0
2025-05-12 13:00:00,,,,,,,2297.0,2296.0,0.0378,0.017199999,6.0,1.1078999,0.0045999885,6.0
2025-05-12 14:00:00,0.1954,,,,,,193.0,249.0,0.0352,0.0312,5.0,1.107,0.0062999725,5.0
2025-05-12 15:00:00,0.1682,,,,,,2241.0,2296.0,0.1134,0.0652,5.0,1.1034,0.0069999695,5.0
2025-05-12 16:00:00,0.1538,,,,,,2241.0,2296.0,0.225,0.0212,6.0,1.099,0.011900008,6.0
2025-05-12 17:00:00,,,,,,,1533.0,1533.0,0.2366,0.012999999,5.0,1.1301,0.0018999577,5.0
2025-05-12 18:00:00,,,,,,,1273.0,1273.0,,,0.0,,,0.0
2025-05-12 19:00:00,,,,,,,1273.0,1273.0,,,0.0,,,0.0
2025-05-12 20:00:00,,,,,,,1273.0,1273.0,,,0.0,,,0.0
2025-05-12 21:00:00,,,,,,,1533.0,1533.0,,,0.0,,,0.0
2025-05-12 22:00:00,,,,,,,1533.0,1533.0,,,0.0,,,0.0
2025-05-12 23:00:00,,,,,,,1529.0,1529.0,,,0.0,,,0.0
2025-05-13 00:00:00,,,,,,,1529.0,1529.0,,,0.0,,,0.0
2025-05-13 01:00:00,,,,,,,1533.0,1533.0,,,0.0,,,0.0
2025-05-13 02:00:00,,,,,,,1273.0,1273.0,,,0.0,,,0.0
2025-05-13 03:00:00,,,,,,,1273.0,1273.0,,,0.0,,,0.0
2025-05-13 04:00:00,,,,,,,1533.0,1533.0,,,0.0,,,0.0
2025-05-13 05:00:00,,,,,,,1273.0,1273.0,,,0.0,,,0.0
2025-05-13 06:00:00,,,,,,,1533.0,1533.0,,,0.0,,,0.0
2025-05-13 07:00:00,,,,,,,509.0,509.0,,,0.0,,,0.0
2025-05-13 08:00:00,,,,,,,509.0,509.0,,,0.0,,,0.0
2025-05-13 09:00:00,,,,,,,509.0,509.0,1.0289999,0.28959998,3.0,1.1314,0.01910001,3.0
2025-05-13 10:00:00,,,,,,,249.0,249.0,,,0.0,,,0.0
2025-05-13 11:00:00,,,,,,,2297.0,2296.0,0.091,0.0,1.0,1.148,0.0,1.0
2025-05-13 12:00:00,,,,,,,2297.0,2296.0,0.064399995,0.039,6.0,1.1459,0.0011999607,6.0
2025-05-13 13:00:00,,,,,,,249.0,248.0,0.16139999,0.025799999,6.0,1.1456,0.00089997053,6.0
2025-05-13 14:00:00,,,,,,,509.0,509.0,0.3284,0.0652,3.0,1.1484,0.00080001354,3.0
2025-05-13 15:00:00,,,,,,,509.0,509.0,,,0.0,,,0.0
2025-05-13 16:00:00,,,,,,,505.0,504.0,0.5926,0.0,1.0,1.1313,0.0,1.0
2025-05-13 17:00:00,,,,,,,1533.0,1533.0,,,0.0,,,0.0
2025-05-13 18:00:00,,,,,,,1533.0,1533.0,,,0.0,,,0.0
2025-05-13 19:00:00,,,,,,,1273.0,1273.0,,,0.0,,,0.0
2025-05-13 20:00:00,,,,,,,1273.0,1273.0,,,0.0,,,0.0
2025-05-13 21:00:00,,,,,,,1533.0,1533.0,,,0.0,,,0.0
2025-05-13 22:00:00,,,,,,,1529.0,1529.0,,,0.0,,,0.0
2025-05-13 23:00:00,,,,,,,1273.0,1273.0,,,0.0,,,0.0
2025-05-14 00:00:00,,,,,,,1273.0,1273.0,,,0.0,,,0.0
2025-05-14 01:00:00,,,,,,,1273.0,1273.0,,,0.0,,,0.0
2025-05-14 02:00:00,,,,,,,1273.0,1273.0,,,0.0,,,0.0
2025-05-14 03:00:00,,,,,,,1529.0,1529.0,,,0.0,,,0.0
2025-05-14 04:00:00,,,,,,,1529.0,1529.0,,,0.0,,,0.0
2025-05-14 05:00:00,,,,,,,1273.0,1273.0,,,0.0,,,0.0
2025-05-14 06:00:00,,,,,,,1533.0,1533.0,,,0.0,,,0.0
2025-05-14 07:00:00,,,,,,,509.0,509.0,,,0.0,,,0.0
2025-05-14 08:00:00,,,,,,,509.0,509.0,,,0.0,,,0.0
2025-05-14 09:00:00,,,,,,,509.0,509.0,,,0.0,,,0.0
2025-05-14 10:00:00,,,,,,,509.0,509.0,,,0.0,,,0.0
2025-05-14 11:00:00,,,,,,,509.0,509.0,,,0.0,,,0.0
2025-05-14 12:00:00,,,,,,,509.0,509.0,,,0.0,,,0.0
2025-05-14 13:00:00,,,,,,,509.0,509.0,,,0.0,,,0.0
2025-05-14 14:00:00,,,,,,,509.0,509.0,,,0.0,,,0.0
2025-05-14 15:00:00,,,,,,,509.0,509.0,,,0.0,,,0.0
2025-05-14 16:00:00,,,,,,,509.0,509.0,,,0.0,,,0.0
2025-05-14 17:00:00,,,,,,,1533.0,1533.0,,,0.0,,,0.0
2025-05-14 18:00:00,,,,,,,1533.0,1533.0,,,0.0,,,0.0
2025-05-14 19:00:00,,,,,,,1273.0,1273.0,,,0.0,,,0.0
2025-05-14 20:00:00,,,,,,,1533.0,1533.0,,,0.0,,,0.0
2025-05-14 21:00:00,,,,,,,1529.0,1529.0,,,0.0,,,0.0
2025-05-14 22:00:00,,,,,,,1529.0,1529.0,,,0.0,,,0.0
2025-05-14 23:00:00,,,,,,,1533.0,1533.0,,,0.0,,,0.0
2025-05-15 00:00:00,,,,,,,1533.0,1533.0,,,0.0,,,0.0
2025-05-15 01:00:00,,,,,,,1533.0,1533.0,,,0.0,,,0.0
2025-05-15 02:00:00,,,,,,,1533.0,1533.0,,,0.0,,,0.0
2025-05-15 03:00:00,,,,,,,1533.0,1533.0,,,0.0,,,0.0
2025-05-15 04:00:00,,,,,,,1533.0,1533.0,,,0.0,,,0.0
2025-05-15 05:00:00,,,,,,,1533.0,1533.0,,,0.0,,,0.0
2025-05-15 06:00:00,,,,,,,1533.0,1533.0,,,0.0,,,0.0
2025-05-15 07:00:00,,,,,,,509.0,509.0,,,0.0,,,0.0
2025-05-15 08:00:00,,,,,,,509.0,509.0,,,0.0,,,0.0
2025-05-15 09:00:00,,,,,,,509.0,509.0,,,0.0,,,0.0
2025-05-15 10:00:00,,,,,,,509.0,509.0,,,0.0,,,0.0
2025-05-15 11:00:00,,,,,,,509.0,509.0,,,0.0,,,0.0
2025-05-15 12:00:00,,,,,,,509.0,509.0,,,0.0,,,0.0
2025-05-15 13:00:00,,,,,,,509.0,509.0,,,0.0,,,0.0
2025-05-15 14:00:00,,,,,,,509.0,509.0,,,0.0,,,0.0
2025-05-15 15:00:00,,,,,,,509.0,509.0,,,0.0,,,0.0
2025-05-15 16:00:00,,,,,,,509.0,509.0,,,0.0,,,0.0
2025-05-15 17:00:00,,,,,,,1533.0,1533.0,,,0.0,,,0.0
2025-05-15 18:00:00,,,,,,,1533.0,1533.0,,,0.0,,,0.0
2025-05-15 19:00:00,,,,,,,1533.0,1533.0,,,0.0,,,0.0
2025-05-15 20:00:00,,,,,,,1533.0,1533.0,,,0.0,,,0.0
2025-05-15 21:00:00,,,,,,,1533.0,1533.0,,,0.0,,,0.0
2025-05-15 22:00:00,,,,,,,1533.0,1533.0,,,0.0,,,0.0
2025-05-15 23:00:00,,,,,,,1533.0,1533.0,,,0.0,,,0.0
2025-05-16 00:00:00,,,,,,,1533.0,1533.0,,,0.0,,,0.0
2025-05-16 01:00:00,,,,,,,1529.0,1529.0,,,0.0,,,0.0
2025-05-16 02:00:00,,,,,,,1533.0,1533.0,,,0.0,,,0.0
2025-05-16 03:00:00,,,,,,,1533.0,1533.0,,,0.0,,,0.0
2025-05-16 04:00:00,,,,,,,1533.0,1533.0,,,0.0,,,0.0
2025-05-16 05:00:00,,,,,,,1533.0,1533.0,,,0.0,,,0.0
2025-05-16 06:00:00,,,,,,,1533.0,1533.0,,,0.0,,,0.0
2025-05-16 07:00:00,,,,,,,509.0,509.0,,,0.0,,,0.0
2025-05-16 08:00:00,,,,,,,509.0,509.0,,,0.0,,,0.0
2025-05-16 09:00:00,,,,,,,509.0,509.0,,,0.0,,,0.0
2025-05-16 10:00:00,,,,,,,509.0,509.0,,,0.0,,,0.0
2025-05-16 11:00:00,,,,,,,509.0,509.0,,,0.0,,,0.0
2025-05-16 12:00:00,,,,,,,509.0,509.0,,,0.0,,,0.0
2025-05-16 13:00:00,,,,,,,509.0,509.0,,,0.0,,,0.0
2025-05-16 14:00:00,,,,,,,509.0,509.0,,,0.0,,,0.0
2025-05-16 15:00:00,,,,,,,509.0,509.0,,,0.0,,,0.0
2025-05-16 16:00:00,,,,,,,509.0,509.0,,,0.0,,,0.0
2025-05-16 17:00:00,,,,,,,1533.0,1533.0,,,0.0,,,0.0
2025-05-16 18:00:00,,,,,,,1533.0,1533.0,,,0.0,,,0.0
2025-05-16 19:00:00,,,,,,,1533.0,1533.0,,,0.0,,,0.0
2025-05-16 20:00:00,,,,,,,1529.0,1529.0,,,0.0,,,0.0
2025-05-16 21:00:00,,,,,,,1533.0,1533.0,,,0.0,,,0.0
2025-05-16 22:00:00,,,,,,,1533.0,1533.0,,,0.0,,,0.0
2025-05-16 23:00:00,,,,,,,1533.0,1533.0,,,0.0,,,0.0
2025-05-17 00:00:00,,,,,,,1533.0,1533.0,,,0.0,,,0.0
2025-05-17 01:00:00,,,,,,,1533.0,1533.0,,,0.0,,,0.0
2025-05-17 02:00:00,,,,,,,1529.0,1529.0,,,0.0,,,0.0
2025-05-17 03:00:00,,,,,,,1529.0,1529.0,,,0.0,,,0.0
2025-05-17 04:00:00,,,,,,,1533.0,1533.0,,,0.0,,,0.0
2025-05-17 05:00:00,,,,,,,1533.0,1533.0,,,0.0,,,0.0
2025-05-17 06:00:00,,,,,,,1533.0,1533.0,,,0.0,,,0.0
2025-05-17 07:00:00,,,,,,,509.0,509.0,,,0.0,,,0.0
2025-05-17 08:00:00,,,,,,,509.0,509.0,,,0.0,,,0.0
2025-05-17 09:00:00,,,,,,,505.0,505.0,0.44939998,0.2172,3.0,1.086,0.008899987,3.0
2025-05-17 10:00:00,,,,,,,509.0,509.0,,,0.0,,,0.0
2025-05-17 11:00:00,,,,,,,509.0,509.0,,,0.0,,,0.0
2025-05-17 12:00:00,,,,,,,509.0,509.0,,,0.0,,,0.0
2025-05-17 13:00:00,,,,,,,509.0,509.0,,,0.0,,,0.0
2025-05-17 14:00:00,,,,,,,509.0,509.0,,,0.0,,,0.0
2025-05-17 15:00:00,,,,,,,509.0,509.0,,,0.0,,,0.0
2025-05-17 16:00:00,,,,,,,509.0,509.0,,,0.0,,,0.0
2025-05-17 17:00:00,,,,,,,1533.0,1533.0,,,0.0,,,0.0
2025-05-17 18:00:00,,,,,,,1533.0,1533.0,,,0.0,,,0.0
2025-05-17 19:00:00,,,,,,,1533.0,1533.0,,,0.0,,,0.0
2025-05-17 20:00:00,,,,,,,1533.0,1533.0,,,0.0,,,0.0
2025-05-17 21:00:00,,,,,,,1533.0,1533.0,,,0.0,,,0.0
2025-05-17 22:00:00,,,,,,,1533.0,1533.0,,,0.0,,,0.0
2025-05-17 23:00:00,,,,,,,1529.0,1529.0,,,0.0,,,0.0
2025-05-18 00:00:00,,,,,,,1529.0,1529.0,,,0.0,,,0.0
2025-05-18 01:00:00,,,,,,,1533.0,1533.0,,,0.0,,,0.0
2025-05-18 02:00:00,,,,,,,1533.0,1533.0,,,0.0,,,0.0
2025-05-18 03:00:00,,,,,,,1533.0,1533.0,,,0.0,,,0.0
2025-05-18 04:00:00,,,,,,,1533.0,1533.0,,,0.0,,,0.0
2025-05-18 05:00:00,,,,,,,1533.0,1533.0,,,0.0,,,0.0
2025-05-18 06:00:00,,,,,,,1533.0,1533.0,,,0.0,,,0.0
2025-05-18 07:00:00,,,,,,,509.0,509.0,,,0.0,,,0.0
2025-05-18 08:00:00,,,,,,,509.0,509.0,,,0.0,,,0.0
2025-05-18 09:00:00,,,,,,,509.0,509.0,0.31379998,0.076799996,2.0,0.9973999,0.0022999644,2.0
2025-05-18 10:00:00,,,,,,,509.0,509.0,,,0.0,,,0.0
2025-05-18 11:00:00,,,,,,,509.0,509.0,,,0.0,,,0.0
2025-05-18 12:00:00,,,,,,,509.0,509.0,,,0.0,,,0.0
2025-05-18 13:00:00,,,,,,,509.0,509.0,,,0.0,,,0.0
2025-05-18 14:00:00,,,,,,,509.0,509.0,,,0.0,,,0.0
2025-05-18 15:00:00,,,,,,,509.0,509.0,,,0.0,,,0.0
2025-05-18 16:00:00,,,,,,,509.0,509.0,0.2386,0.015199999,2.0,0.90999997,0.0009999871,2.0
2025-05-18 17:00:00,,,,,,,1533.0,1533.0,,,0.0,,,0.0
2025-05-18 18:00:00,,,,,,,1533.0,1533.0,,,0.0,,,0.0
2025-05-18 19:00:00,,,,,,,1529.0,1529.0,,,0.0,,,0.0
2025-05-18 20:00:00,,,,,,,1533.0,1533.0,,,0.0,,,0.0
2025-05-18 21:00:00,,,,,,,1529.0,1529.0,,,0.0,,,0.0
2025-05-18 22:00:00,,,,,,,1533.0,1533.0,,,0.0,,,0.0
2025-05-18 23:00:00,,,,,,,1533.0,1533.0,,,0.0,,,0.0
2025-05-19 00:00:00,,,,,,,1533.0,1533.0,,,0.0,,,0.0
2025-05-19 01:00:00,,,,,,,1533.0,1533.0,,,0.0,,,0.0
2025-05-19 02:00:00,,,,,,,1529.0,1529.0,,,0.0,,,0.0
2025-05-19 03:00:00,,,,,,,1529.0,1529.0,,,0.0,,,0.0
2025-05-19 04:00:00,,,,,,,1533.0,1533.0,,,0.0,,,0.0
2025-05-19 05:00:00,,,,,,,1533.0,1533.0,,,0.0,,,0.0
2025-05-19 06:00:00,,,,,,,1533.0,1533.0,,,0.0,,,0.0
2025-05-19 07:00:00,,,,,,,509.0,509.0,,,0.0,,,0.0
2025-05-19 08:00:00,,,,,,,509.0,509.0,,,0.0,,,0.0
2025-05-19 09:00:00,,,,,,,509.0,509.0,,,0.0,,,0.0
2025-05-19 10:00:00,,,,,,,509.0,509.0,,,0.0,,,0.0
2025-05-19 11:00:00,,,,,,,509.0,509.0,,,0.0,,,0.0
2025-05-19 12:00:00,,,,,,,509.0,509.0,,,0.0,,,0.0
2025-05-19 13:00:00,,,,,,,509.0,509.0,1.1394,0.0,1.0,0.9677,0.0,1.0
2025-05-19 14:00:00,,,,,,,509.0,509.0,,,0.0,,,0.0
2025-05-19 15:00:00,,,,,,,509.0,509.0,,,0.0,,,0.0
2025-05-19 16:00:00,,,,,,,509.0,509.0,0.4292,0.0,1.0,1.0236,0.0,1.0
2025-05-19 17:00:00,,,,,,,1533.0,1533.0,,,0.0,,,0.0
2025-05-19 18:00:00,,,,,,,1533.0,1533.0,,,0.0,,,0.0
2025-05-19 19:00:00,,,,,,,1533.0,1533.0,,,0.0,,,0.0
2025-05-19 20:00:00,,,,,,,1533.0,1533.0,,,0.0,,,0.0
2025-05-19 21:00:00,,,,,,,1533.0,1533.0,,,0.0,,,0.0
2025-05-19 22:00:00,,,,,,,1533.0,1533.0,,,0.0,,,0.0
2025-05-19 23:00:00,,,,,,,1533.0,1533.0,,,0.0,,,0.0
2025-05-20 00:00:00,,,,,,,1533.0,1533.0,,,0.0,,,0.0
2025-05-20 01:00:00,,,,,,,1529.0,1529.0,,,0.0,,,0.0
2025-05-20 02:00:00,,,,,,,1533.0,1533.0,,,0.0,,,0.0
2025-05-20 03:00:00,,,,,,,1533.0,1533.0,,,0.0,,,0.0
2025-05-20 04:00:00,,,,,,,1533.0,1533.0,,,0.0,,,0.0
2025-05-20 05:00:00,,,,,,,1533.0,1533.0,,,0.0,,,0.0
2025-05-20 06:00:00,,,,,,,1533.0,1533.0,,,0.0,,,0.0
2025-05-20 07:00:00,,,,,,,509.0,509.0,,,0.0,,,0.0
2025-05-20 08:00:00,,,,,,,509.0,509.0,,,0.0,,,0.0
2025-05-20 09:00:00,,,,,,,509.0,509.0,,,0.0,,,0.0
2025-05-20 10:00:00,,,,,,,509.0,509.0,,,0.0,,,0.0
2025-05-20 11:00:00,,,,,,,509.0,509.0,,,0.0,,,0.0
2025-05-20 12:00:00,,,,,,,509.0,509.0,,,0.0,,,0.0
2025-05-20 13:00:00,,,,,,,509.0,509.0,,,0.0,,,0.0
2025-05-20 14:00:00,,,,,,,509.0,509.0,,,0.0,,,0.0
2025-05-20 15:00:00,,,,,,,509.0,509.0,,,0.0,,,0.0
2025-05-20 16:00:00,,,,,,,509.0,509.0,,,0.0,,,0.0
2025-05-20 17:00:00,,,,,,,1533.0,1533.0,,,0.0,,,0.0
2025-05-20 18:00:00,,,,,,,1533.0,1533.0,,,0.0,,,0.0
2025-05-20 19:00:00,,,,,,,1533.0,1533.0,,,0.0,,,0.0
2025-05-20 20:00:00,,,,,,,1529.0,1529.0,,,0.0,,,0.0
2025-05-20 21:00:00,,,,,,,1533.0,1533.0,,,0.0,,,0.0
2025-05-20 22:00:00,,,,,,,1533.0,1533.0,,,0.0,,,0.0
2025-05-20 23:00:00,,,,,,,1533.0,1533.0,,,0.0,,,0.0
2025-05-21 00:00:00,,,,,,,1533.0,1533.0,,,0.0,,,0.0
2025-05-21 01:00:00,,,,,,,1273.0,1273.0,,,0.0,,,0.0
2025-05-21 02:00:00,,,,,,,1533.0,1533.0,,,0.0,,,0.0
2025-05-21 03:00:00,,,,,,,1533.0,1533.0,,,0.0,,,0.0
2025-05-21 04:00:00,,,,,,,1529.0,1529.0,,,0.0,,,0.0
2025-05-21 05:00:00,,,,,,,1533.0,1533.0,,,0.0,,,0.0
2025-05-21 06:00:00,,,,,,,1533.0,1533.0,,,0.0,,,0.0
2025-05-21 07:00:00,,,,,,,509.0,509.0,,,0.0,,,0.0
2025-05-21 08:00:00,,,,,,,509.0,509.0,,,0.0,,,0.0
2025-05-21 09:00:00,,,,,,,509.0,509.0,,,0.0,,,0.0
2025-05-21 10:00:00,,,,,,,509.0,509.0,,,0.0,,,0.0
2025-05-21 11:00:00,,,,,,,509.0,509.0,,,0.0,,,0.0
2025-05-21 12:00:00,,,,,,,509.0,509.0,,,0.0,,,0.0
2025-05-21 13:00:00,,,,,,,509.0,509.0,,,0.0,,,0.0
2025-05-21 14:00:00,,,,,,,509.0,509.0,,,0.0,,,0.0
2025-05-21 15:00:00,,,,,,,509.0,509.0,,,0.0,,,0.0
2025-05-21 16:00:00,,,,,,,509.0,509.0,,,0.0,,,0.0
2025-05-21 17:00:00,,,,,,,1533.0,1533.0,,,0.0,,,0.0
2025-05-21 18:00:00,,,,,,,1533.0,1533.0,,,0.0,,,0.0
2025-05-21 19:00:00,,,,,,,1533.0,1533.0,,,0.0,,,0.0
2025-05-21 20:00:00,,,,,,,1533.0,1533.0,,,0.0,,,0.0
2025-05-21 21:00:00,,,,,,,1533.0,1533.0,,,0.0,,,0.0
2025-05-21 22:00:00,,,,,,,1533.0,1533.0,,,0.0,,,0.0
2025-05-21 23:00:00,,,,,,,1529.0,1529.0,,,0.0,,,0.0
2025-05-22 00:00:00,,,,,,,1533.0,1533.0,,,0.0,,,0.0
2025-05-22 01:00:00,,,,,,,1529.0,1529.0,,,0.0,,,0.0
2025-05-22 02:00:00,,,,,,,1533.0,1533.0,,,0.0,,,0.0
2025-05-22 03:00:00,,,,,,,1533.0,1533.0,,,0.0,,,0.0
2025-05-22 04:00:00,,,,,,,1533.0,1533.0,,,0.0,,,0.0
2025-05-22 05:00:00,,,,,,,1529.0,1529.0,,,0.0,,,0.0
2025-05-22 06:00:00,,,,,,,1533.0,1533.0,,,0.0,,,0.0
2025-05-22 07:00:00,,,,,,,509.0,509.0,,,0.0,,,0.0
2025-05-22 08:00:00,,,,,,,509.0,509.0,,,0.0,,,0.0
2025-05-22 09:00:00,,,,,,,509.0,509.0,,,0.0,,,0.0
2025-05-22 10:00:00,,,,,,,509.0,509.0,,,0.0,,,0.0
2025-05-22 11:00:00,,,,,,,509.0,509.0,,,0.0,,,0.0
2025-05-22 12:00:00,,,,,,,509.0,509.0,,,0.0,,,0.0
2025-05-22 13:00:00,,,,,,,509.0,509.0,,,0.0,,,0.0
2025-05-22 14:00:00,,,,,,,509.0,509.0,,,0.0,,,0.0
2025-05-22 15:00:00,,,,,,,509.0,509.0,,,0.0,,,0.0
2025-05-22 16:00:00,,,,,,,509.0,509.0,,,0.0,,,0.0
2025-05-22 17:00:00,,,,,,,509.0,509.0,,,0.0,,,0.0
2025-05-22 18:00:00,,,,,,,1533.0,1533.0,,,0.0,,,0.0
2025-05-22 19:00:00,,,,,,,1529.0,1529.0,,,0.0,,,0.0
2025-05-22 20:00:00,,,,,,,1533.0,1533.0,,,0.0,,,0.0
2025-05-22 21:00:00,,,,,,,1529.0,1529.0,,,0.0,,,0.0
2025-05-22 22:00:00,,,,,,,1529.0,1529.0,,,0.0,,,0.0
2025-05-22 23:00:00,,,,,,,1533.0,1533.0,,,0.0,,,0.0
2025-05-23 00:00:00,,,,,,,1529.0,1529.0,,,0.0,,,0.0
2025-05-23 01:00:00,,,,,,,1533.0,1533.0,,,0.0,,,0.0
2025-05-23 02:00:00,,,,,,,1529.0,1529.0,,,0.0,,,0.0
2025-05-23 03:00:00,,,,,,,1529.0,1529.0,,,0.0,,,0.0
2025-05-23 04:00:00,,,,,,,1533.0,1533.0,,,0.0,,,0.0
2025-05-23 05:00:00,,,,,,,1533.0,1533.0,,,0.0,,,0.0
2025-05-23 06:00:00,,,,,,,1533.0,1533.0,,,0.0,,,0.0
2025-05-23 07:00:00,,,,,,,509.0,509.0,,,0.0,,,0.0
2025-05-23 08:00:00,,,,,,,509.0,509.0,,,0.0,,,0.0
2025-05-23 09:00:00,,,,,,,509.0,509.0,,,0.0,,,0.0
2025-05-23 10:00:00,,,,,,,509.0,509.0,,,0.0,,,0.0
2025-05-23 11:00:00,,,,,,,509.0,509.0,,,0.0,,,0.0
2025-05-23 12:00:00,,,,,,,509.0,509.0,,,0.0,,,0.0
2025-05-23 13:00:00,,,,,,,509.0,509.0,,,0.0,,,0.0
2025-05-23 14:00:00,,,,,,,509.0,509.0,,,0.0,,,0.0
2025-05-23 15:00:00,,,,,,,509.0,509.0,,,0.0,,,0.0
2025-05-23 16:00:00,,,,,,,509.0,509.0,,,0.0,,,0.0
2025-05-23 17:00:00,,,,,,,1533.0,1533.0,,,0.0,,,0.0
2025-05-23 18:00:00,,,,,,,1533.0,1533.0,,,0.0,,,0.0
2025-05-23 19:00:00,,,,,,,1529.0,1529.0,,,0.0,,,0.0
2025-05-23 20:00:00,,,,,,,1533.0,1533.0,,,0.0,,,0.0
2025-05-23 21:00:00,,,,,,,1533.0,1533.0,,,0.0,,,0.0
2025-05-23 22:00:00,,,,,,,1533.0,1533.0,,,0.0,,,0.0
2025-05-23 23:00:00,,,,,,,1529.0,1529.0,,,0.0,,,0.0
2025-05-24 00:00:00,,,,,,,1533.0,1533.0,,,0.0,,,0.0
2025-05-24 01:00:00,,,,,,,1533.0,1533.0,,,0.0,,,0.0
2025-05-24 02:00:00,,,,,,,1533.0,1533.0,,,0.0,,,0.0
2025-05-24 03:00:00,,,,,,,1529.0,1529.0,,,0.0,,,0.0
2025-05-24 04:00:00,,,,,,,1533.0,1533.0,,,0.0,,,0.0
2025-05-24 05:00:00,,,,,,,1533.0,1533.0,,,0.0,,,0.0
2025-05-24 06:00:00,,,,,,,1533.0,1533.0,,,0.0,,,0.0
2025-05-24 07:00:00,,,,,,,509.0,509.0,,,0.0,,,0.0
2025-05-24 08:00:00,,,,,,,509.0,509.0,,,0.0,,,0.0
2025-05-24 09:00:00,,,,,,,509.0,509.0,,,0.0,,,0.0
2025-05-24 10:00:00,,,,,,,509.0,509.0,,,0.0,,,0.0
2025-05-24 11:00:00,,,,,,,509.0,509.0,,,0.0,,,0.0
2025-05-24 12:00:00,,,,,,,509.0,509.0,,,0.0,,,0.0
2025-05-24 13:00:00,,,,,,,509.0,509.0,,,0.0,,,0.0
2025-05-24 14:00:00,,,,,,,509.0,509.0,,,0.0,,,0.0
2025-05-24 15:00:00,,,,,,,509.0,509.0,,,0.0,,,0.0
2025-05-24 16:00:00,,,,,,,509.0,509.0,,,0.0,,,0.0
2025-05-24 17:00:00,,,,,,,1533.0,1533.0,,,0.0,,,0.0
2025-05-24 18:00:00,,,,,,,1533.0,1533.0,,,0.0,,,0.0
2025-05-24 19:00:00,,,,,,,1533.0,1533.0,,,0.0,,,0.0
2025-05-24 20:00:00,,,,,,,1533.0,1533.0,,,0.0,,,0.0
2025-05-24 21:00:00,,,,,,,1533.0,1533.0,,,0.0,,,0.0
2025-05-24 22:00:00,,,,,,,1529.0,1529.0,,,0.0,,,0.0
2025-05-24 23:00:00,,,,,,,1533.0,1533.0,,,0.0,,,0.0
2025-05-25 00:00:00,,,,,,,1529.0,1529.0,,,0.0,,,0.0
2025-05-25 01:00:00,,,,,,,1533.0,1533.0,,,0.0,,,0.0
2025-05-25 02:00:00,,,,,,,1529.0,1529.0,,,0.0,,,0.0
2025-05-25 03:00:00,,,,,,,1529.0,1529.0,,,0.0,,,0.0
2025-05-25 04:00:00,,,,,,,1533.0,1533.0,,,0.0,,,0.0
2025-05-25 05:00:00,,,,,,,1529.0,1529.0,,,0.0,,,0.0
2025-05-25 06:00:00,,,,,,,1533.0,1533.0,,,0.0,,,0.0
2025-05-25 07:00:00,,,,,,,509.0,509.0,,,0.0,,,0.0
2025-05-25 08:00:00,,,,,,,509.0,509.0,,,0.0,,,0.0
2025-05-25 09:00:00,,,,,,,509.0,509.0,,,0.0,,,0.0
2025-05-25 10:00:00,,,,,,,509.0,509.0,,,0.0,,,0.0
2025-05-25 11:00:00,,,,,,,509.0,509.0,,,0.0,,,0.0
2025-05-25 12:00:00,,,,,,,509.0,509.0,,,0.0,,,0.0
2025-05-25 13:00:00,,,,,,,509.0,509.0,,,0.0,,,0.0
2025-05-25 14:00:00,,,,,,,509.0,509.0,,,0.0,,,0.0
2025-05-25 15:00:00,,,,,,,509.0,509.0,,,0.0,,,0.0
2025-05-25 16:00:00,,,,,,,509.0,509.0,,,0.0,,,0.0
2025-05-25 17:00:00,,,,,,,1533.0,1533.0,,,0.0,,,0.0
2025-05-25 18:00:00,,,,,,,1533.0,1533.0,,,0.0,,,0.0
2025-05-25 19:00:00,,,,,,,1529.0,1529.0,,,0.0,,,0.0
2025-05-25 20:00:00,,,,,,,1273.0,1273.0,,,0.0,,,0.0
2025-05-25 21:00:00,,,,,,,1533.0,1533.0,,,0.0,,,0.0
2025-05-25 22:00:00,,,,,,,1533.0,1533.0,,,0.0,,,0.0
2025-05-25 23:00:00,,,,,,,1533.0,1533.0,,,0.0,,,0.0
2025-05-26 00:00:00,,,,,,,1529.0,1529.0,,,0.0,,,0.0
2025-05-26 01:00:00,,,,,,,1533.0,1533.0,,,0.0,,,0.0
2025-05-26 02:00:00,,,,,,,1533.0,1533.0,,,0.0,,,0.0
2025-05-26 03:00:00,,,,,,,1273.0,1273.0,,,0.0,,,0.0
2025-05-26 04:00:00,,,,,,,1529.0,1529.0,,,0.0,,,0.0
2025-05-26 05:00:00,,,,,,,1529.0,1529.0,,,0.0,,,0.0
2025-05-26 06:00:00,,,,,,,1533.0,1533.0,,,0.0,,,0.0
2025-05-26 07:00:00,,,,,,,509.0,509.0,,,0.0,,,0.0
2025-05-26 08:00:00,,,,,,,509.0,509.0,,,0.0,,,0.0
2025-05-26 09:00:00,,,,,,,509.0,509.0,,,0.0,,,0.0
2025-05-26 10:00:00,,,,,,,509.0,509.0,,,0.0,,,0.0
2025-05-26 11:00:00,,,,,,,509.0,509.0,,,0.0,,,0.0
2025-05-26 12:00:00,,,,,,,509.0,509.0,,,0.0,,,0.0
2025-05-26 13:00:00,,,,,,,509.0,509.0,,,0.0,,,0.0
2025-05-26 14:00:00,,,,,,,509.0,509.0,,,0.0,,,0.0
2025-05-26 15:00:00,,,,,,,509.0,509.0,,,0.0,,,0.0
2025-05-26 16:00:00,,,,,,,509.0,509.0,,,0.0,,,0.0
2025-05-26 17:00:00,,,,,,,1533.0,1533.0,,,0.0,,,0.0
2025-05-26 18:00:00,,,,,,,1533.0,1533.0,,,0.0,,,0.0
2025-05-26 19:00:00,,,,,,,1273.0,1273.0,,,0.0,,,0.0
2025-05-26 20:00:00,,,,,,,1273.0,1273.0,,,0.0,,,0.0
2025-05-26 21:00:00,,,,,,,1533.0,1533.0,,,0.0,,,0.0
2025-05-26 22:00:00,,,,,,,1533.0,1533.0,,,0.0,,,0.0
2025-05-26 23:00:00,,,,,,,1533.0,1533.0,,,0.0,,,0.0
2025-05-27 00:00:00,,,,,,,1533.0,1533.0,,,0.0,,,0.0
2025-05-27 01:00:00,,,,,,,1533.0,1533.0,,,0.0,,,0.0
2025-05-27 02:00:00,,,,,,,1529.0,1529.0,,,0.0,,,0.0
2025-05-27 03:00:00,,,,,,,1533.0,1533.0,,,0.0,,,0.0
2025-05-27 04:00:00,,,,,,,1533.0,1533.0,,,0.0,,,0.0
2025-05-27 05:00:00,,,,,,,1533.0,1533.0,,,0.0,,,0.0
2025-05-27 06:00:00,,,,,,,1533.0,1533.0,,,0.0,,,0.0
2025-05-27 07:00:00,,,,,,,509.0,509.0,,,0.0,,,0.0
2025-05-27 08:00:00,,,,,,,509.0,509.0,,,0.0,,,0.0
2025-05-27 09:00:00,,,,,,,509.0,509.0,,,0.0,,,0.0
2025-05-27 10:00:00,,,,,,,509.0,509.0,,,0.0,,,0.0
2025-05-27 11:00:00,,,,,,,509.0,509.0,,,0.0,,,0.0
2025-05-27 12:00:00,,,,,,,509.0,509.0,,,0.0,,,0.0
2025-05-27 13:00:00,,,,,,,509.0,509.0,,,0.0,,,0.0
2025-05-27 14:00:00,,,,,,,509.0,509.0,,,0.0,,,0.0
2025-05-27 15:00:00,,,,,,,509.0,509.0,,,0.0,,,0.0
2025-05-27 16:00:00,,,,,,,509.0,509.0,,,0.0,,,0.0
2025-05-27 17:00:00,,,,,,,1533.0,1533.0,,,0.0,,,0.0
2025-05-27 18:00:00,,,,,,,1533.0,1533.0,,,0.0,,,0.0
2025-05-27 19:00:00,,,,,,,1533.0,1533.0,,,0.0,,,0.0
2025-05-27 20:00:00,,,,,,,1533.0,1533.0,,,0.0,,,0.0
2025-05-27 21:00:00,,,,,,,1533.0,1533.0,,,0.0,,,0.0
2025-05-27 22:00:00,,,,,,,1533.0,1533.0,,,0.0,,,0.0
2025-05-27 23:00:00,,,,,,,1529.0,1529.0,,,0.0,,,0.0
2025-05-28 00:00:00,,,,,,,1533.0,1533.0,,,0.0,,,0.0
2025-05-28 01:00:00,,,,,,,1533.0,1533.0,,,0.0,,,0.0
2025-05-28 02:00:00,,,,,,,1533.0,1533.0,,,0.0,,,0.0
2025-05-28 03:00:00,,,,,,,1529.0,1529.0,,,0.0,,,0.0
2025-05-28 04:00:00,,,,,,,1533.0,1533.0,,,0.0,,,0.0
2025-05-28 05:00:00,,,,,,,1533.0,1533.0,,,0.0,,,0.0
2025-05-28 06:00:00,,,,,,,1533.0,1533.0,,,0.0,,,0.0
2025-05-28 07:00:00,,,,,,,509.0,509.0,,,0.0,,,0.0
2025-05-28 08:00:00,,,,,,,509.0,509.0,,,0.0,,,0.0
2025-05-28 09:00:00,,,,,,,509.0,509.0,,,0.0,,,0.0
2025-05-28 10:00:00,,,,,,,509.0,509.0,,,0.0,,,0.0
2025-05-28 11:00:00,,,,,,,509.0,509.0,,,0.0,,,0.0
2025-05-28 12:00:00,,,,,,,509.0,509.0,,,0.0,,,0.0
2025-05-28 13:00:00,,,,,,,509.0,509.0,,,0.0,,,0.0
2025-05-28 14:00:00,,,,,,,509.0,509.0,,,0.0,,,0.0
2025-05-28 15:00:00,,,,,,,509.0,509.0,,,0.0,,,0.0
2025-05-28 16:00:00,,,,,,,509.0,509.0,,,0.0,,,0.0
2025-05-28 17:00:00,,,,,,,1533.0,1533.0,0.35439998,0.036599997,2.0,1.0172,0.012199998,2.0
2025-05-28 18:00:00,,,,,,,1533.0,1533.0,,,0.0,,,0.0
2025-05-28 19:00:00,,,,,,,1529.0,1529.0,,,0.0,,,0.0
2025-05-28 20:00:00,,,,,,,1533.0,1533.0,,,0.0,,,0.0
2025-05-28 21:00:00,,,,,,,1529.0,1529.0,,,0.0,,,0.0
2025-05-28 22:00:00,,,,,,,1273.0,1273.0,,,0.0,,,0.0
2025-05-28 23:00:00,,,,,,,1529.0,1529.0,,,0.0,,,0.0
2025-05-29 00:00:00,,,,,,,1533.0,1533.0,,,0.0,,,0.0
2025-05-29 01:00:00,,,,,,,1533.0,1533.0,,,0.0,,,0.0
2025-05-29 02:00:00,,,,,,,1533.0,1533.0,,,0.0,,,0.0
2025-05-29 03:00:00,,,,,,,1533.0,1533.0,,,0.0,,,0.0
2025-05-29 04:00:00,,,,,,,1533.0,1533.0,,,0.0,,,0.0
2025-05-29 05:00:00,,,,,,,1533.0,1533.0,,,0.0,,,0.0
2025-05-29 06:00:00,,,,,,,1533.0,1533.0,,,0.0,,,0.0
2025-05-29 07:00:00,,,,,,,509.0,509.0,,,0.0,,,0.0
2025-05-29 08:00:00,,,,,,,509.0,509.0,,,0.0,,,0.0
2025-05-29 09:00:00,,,,,,,509.0,509.0,,,0.0,,,0.0
2025-05-29 10:00:00,,,,,,,509.0,509.0,,,0.0,,,0.0
2025-05-29 11:00:00,,,,,,,509.0,509.0,,,0.0,,,0.0
2025-05-29 12:00:00,,,,,,,509.0,509.0,,,0.0,,,0.0
2025-05-29 13:00:00,,,,,,,509.0,509.0,,,0.0,,,0.0
2025-05-29 14:00:00,,,,,,,509.0,509.0,,,0.0,,,0.0
2025-05-29 15:00:00,,,,,,,509.0,509.0,,,0.0,,,0.0
2025-05-29 16:00:00,,,,,,,509.0,509.0,,,0.0,,,0.0
2025-05-29 17:00:00,,,,,,,1533.0,1533.0,,,0.0,,,0.0
2025-05-29 18:00:00,,,,,,,1533.0,1533.0,,,0.0,,,0.0
2025-05-29 19:00:00,,,,,,,1533.0,1533.0,,,0.0,,,0.0
2025-05-29 20:00:00,,,,,,,1533.0,1533.0,,,0.0,,,0.0
2025-05-29 21:00:00,,,,,,,1533.0,1533.0,,,0.0,,,0.0
2025-05-29 22:00:00,,,,,,,1533.0,1533.0,,,0.0,,,0.0
2025-05-29 23:00:00,,,,,,,1533.0,1533.0,,,0.0,,,0.0
2025-05-30 00:00:00,,,,,,,1273.0,1273.0,,,0.0,,,0.0
2025-05-30 01:00:00,,,,,,,1533.0,1533.0,,,0.0,,,0.0
2025-05-30 02:00:00,,,,,,,1533.0,1533.0,,,0.0,,,0.0
2025-05-30 03:00:00,,,,,,,1533.0,1533.0,,,0.0,,,0.0
2025-05-30 04:00:00,,,,,,,1529.0,1529.0,,,0.0,,,0.0
2025-05-30 05:00:00,,,,,,,1529.0,1529.0,,,0.0,,,0.0
2025-05-30 06:00:00,,,,,,,1533.0,1533.0,,,0.0,,,0.0
2025-05-30 07:00:00,,,,,,,509.0,509.0,,,0.0,,,0.0
2025-05-30 08:00:00,,,,,,,509.0,509.0,,,0.0,,,0.0
2025-05-30 09:00:00,,,,,,,509.0,509.0,,,0.0,,,0.0
2025-05-30 10:00:00,,,,,,,509.0,509.0,,,0.0,,,0.0
2025-05-30 11:00:00,,,,,,,509.0,509.0,,,0.0,,,0.0
2025-05-30 12:00:00,,,,,,,509.0,509.0,,,0.0,,,0.0
2025-05-30 13:00:00,,,,,,,509.0,509.0,,,0.0,,,0.0
2025-05-30 14:00:00,,,,,,,509.0,509.0,,,0.0,,,0.0
2025-05-30 15:00:00,,,,,,,509.0,509.0,,,0.0,,,0.0
2025-05-30 16:00:00,,,,,,,509.0,509.0,,,0.0,,,0.0
2025-05-30 17:00:00,,,,,,,1533.0,1533.0,,,0.0,,,0.0
2025-05-30 18:00:00,,,,,,,1533.0,1533.0,,,0.0,,,0.0
2025-05-30 19:00:00,,,,,,,1529.0,1529.0,,,0.0,,,0.0
2025-05-30 20:00:00,,,,,,,1529.0,1529.0,,,0.0,,,0.0
2025-05-30 21:00:00,,,,,,,1273.0,1273.0,,,0.0,,,0.0
2025-05-30 22:00:00,,,,,,,1273.0,1273.0,,,0.0,,,0.0
2025-05-30 23:00:00,,,,,,,1273.0,1273.0,,,0.0,,,0.0
2025-05-31 00:00:00,,,,,,,1529.0,1529.0,,,0.0,,,0.0
2025-05-31 01:00:00,,,,,,,1533.0,1533.0,,,0.0,,,0.0
2025-05-31 02:00:00,,,,,,,1533.0,1533.0,,,0.0,,,0.0
2025-05-31 03:00:00,,,,,,,1529.0,1529.0,,,0.0,,,0.0
2025-05-31 04:00:00,,,,,,,1529.0,1529.0,,,0.0,,,0.0
2025-05-31 05:00:00,,,,,,,1273.0,1273.0,,,0.0,,,0.0
2025-05-31 06:00:00,,,,,,,1533.0,1533.0,,,0.0,,,0.0
2025-05-31 07:00:00,,,,,,,509.0,509.0,,,0.0,,,0.0
2025-05-31 08:00:00,,,,,,,509.0,509.0,,,0.0,,,0.0
2025-05-31 09:00:00,,,,,,,509.0,509.0,,,0.0,,,0.0
2025-05-31 10:00:00,,,,,,,509.0,509.0,,,0.0,,,0.0
2025-05-31 11:00:00,,,,,,,509.0,509.0,,,0.0,,,0.0
2025-05-31 12:00:00,,,,,,,509.0,509.0,,,0.0,,,0.0
2025-05-31 13:00:00,,,,,,,505.0,505.0,,,0.0,,,0.0
2025-05-31 14:00:00,,,,,,,505.0,504.0,0.18339999,0.031,2.0,0.9614999,0.0062000155,2.0
2025-05-31 15:00:00,,,,,,,509.0,509.0,0.46559998,0.2902,2.0,0.6826999,0.22149998,2.0
2025-05-31 16:00:00,,,,,,,509.0,509.0,,,0.0,,,0.0
2025-05-31 17:00:00,,,,,,,1533.0,1533.0,,,0.0,,,0.0
2025-05-31 18:00:00,,,,,,,1533.0,1533.0,,,0.0,,,0.0
2025-05-31 19:00:00,,,,,,,1273.0,1273.0,,,0.0,,,0.0
2025-05-31 20:00:00,,,,,,,1273.0,1273.0,,,0.0,,,0.0
2025-05-31 21:00:00,,,,,,,1529.0,1529.0,,,0.0,,,0.0
2025-05-31 22:00:00,,,,,,,1533.0,1533.0,,,0.0,,,0.0
2025-05-31 23:00:00,,,,,,,1529.0,1529.0,,,0.0,,,0.0
2025-06-01 00:00:00,,,,,,,1529.0,1529.0,,,0.0,,,0.0
2025-06-01 01:00:00,,,,,,,1533.0,1533.0,,,0.0,,,0.0
2025-06-01 02:00:00,,,,,,,1533.0,1533.0,,,0.0,,,0.0
2025-06-01 03:00:00,,,,,,,1533.0,1533.0,,,0.0,,,0.0
2025-06-01 04:00:00,,,,,,,1529.0,1529.0,,,0.0,,,0.0
2025-06-01 05:00:00,,,,,,,1529.0,1529.0,,,0.0,,,0.0
2025-06-01 06:00:00,,,,,,,1533.0,1533.0,,,0.0,,,0.0
2025-06-01 07:00:00,,,,,,,509.0,509.0,,,0.0,,,0.0
2025-06-01 08:00:00,,,,,,,509.0,509.0,0.1672,0.0,1.0,1.0553,0.0,1.0
2025-06-01 09:00:00,,,,,,,509.0,509.0,0.019399999,0.021,4.0,1.0734999,0.00089997053,4.0
2025-06-01 10:00:00,,,,,,,509.0,509.0,0.029199999,0.020399999,2.0,1.0954,0.0026999712,2.0
2025-06-01 11:00:00,,,,,,,509.0,509.0,0.17,0.0,1.0,0.93729997,0.0,1.0
2025-06-01 12:00:00,,,,,,,2297.0,2296.0,0.083399996,0.055,6.0,1.0925,0.0069000125,5.0
2025-06-01 13:00:00,,,,,,,509.0,509.0,0.152,0.065799996,5.0,1.0920999,0.0029000044,5.0
2025-06-01 14:00:00,,,,,,,505.0,505.0,,,0.0,,,0.0
2025-06-01 15:00:00,,,,,,,505.0,505.0,,,0.0,,,0.0
2025-06-01 16:00:00,,,,,,,2553.0,2552.0,0.0082,0.0,1.0,1.0641999,0.0,1.0
2025-06-01 17:00:00,,,,,,,1529.0,1529.0,0.0278,0.0064,4.0,1.0640999,0.00029999018,4.0
2025-06-01 18:00:00,,,,,,,1533.0,1533.0,,,0.0,,,0.0
2025-06-01 19:00:00,,,,,,,1533.0,1533.0,,,0.0,,,0.0
2025-06-01 20:00:00,,,,,,,1533.0,1533.0,,,0.0,,,0.0
2025-06-01 21:00:00,,,,,,,1533.0,1533.0,,,0.0,,,0.0
2025-06-01 22:00:00,,,,,,,1529.0,1529.0,,,0.0,,,0.0
2025-06-01 23:00:00,,,,,,,1533.0,1533.0,,,0.0,,,0.0
2025-06-02 00:00:00,,,,,,,1533.0,1533.0,,,0.0,,,0.0
2025-06-02 01:00:00,,,,,,,1529.0,1529.0,,,0.0,,,0.0
2025-06-02 02:00:00,,,,,,,1273.0,1273.0,,,0.0,,,0.0
2025-06-02 03:00:00,,,,,,,1273.0,1273.0,,,0.0,,,0.0
2025-06-02 04:00:00,,,,,,,1273.0,1273.0,,,0.0,,,0.0
2025-06-02 05:00:00,,,,,,,1533.0,1533.0,,,0.0,,,0.0
2025-06-02 06:00:00,,,,,,,1533.0,1533.0,,,0.0,,,0.0
2025-06-02 07:00:00,,,,,,,509.0,509.0,,,0.0,,,0.0
2025-06-02 08:00:00,,,,,,,509.0,509.0,0.385,0.078999996,2.0,0.9857,0.00849998,2.0
2025-06-02 09:00:00,,,,,,,249.0,248.0,0.36519998,0.0802,3.0,1.0094,0.02489996,3.0
2025-06-02 10:00:00,,,,,,,509.0,509.0,0.4294,0.025999999,2.0,0.9978,0.00940001,2.0
2025-06-02 11:00:00,,,,,,,509.0,509.0,0.3186,0.0372,2.0,0.9994,0.00940001,2.0
2025-06-02 12:00:00,,,,,,,509.0,509.0,0.1902,0.0,1.0,0.9906,0.0,1.0
2025-06-02 13:00:00,,,,,,,509.0,509.0,,,0.0,,,0.0
2025-06-02 14:00:00,,,,,,,505.0,505.0,,,0.0,,,0.0
2025-06-02 15:00:00,,,,,,,509.0,509.0,,,0.0,,,0.0
2025-06-02 16:00:00,,,,,,,505.0,504.0,0.5992,0.0,1.0,0.9657999,0.0,1.0
2025-06-02 17:00:00,,,,,,,1533.0,1533.0,0.4386,0.0,1.0,0.9491,0.0,1.0
2025-06-02 18:00:00,,,,,,,1533.0,1533.0,,,0.0,,,0.0
2025-06-02 19:00:00,,,,,,,1533.0,1533.0,,,0.0,,,0.0
2025-06-02 20:00:00,,,,,,,1533.0,1533.0,,,0.0,,,0.0
2025-06-02 21:00:00,,,,,,,1533.0,1533.0,,,0.0,,,0.0
2025-06-02 22:00:00,,,,,,,1533.0,1533.0,,,0.0,,,0.0
2025-06-02 23:00:00,,,,,,,1533.0,1533.0,,,0.0,,,0.0
2025-06-03 00:00:00,,,,,,,1533.0,1533.0,,,0.0,,,0.0
2025-06-03 01:00:00,,,,,,,1533.0,1533.0,,,0.0,,,0.0
2025-06-03 02:00:00,,,,,,,1529.0,1529.0,,,0.0,,,0.0
2025-06-03 03:00:00,,,,,,,1533.0,1533.0,,,0.0,,,0.0
2025-06-03 04:00:00,,,,,,,1529.0,1529.0,,,0.0,,,0.0
2025-06-03 05:00:00,,,,,,,1533.0,1533.0,,,0.0,,,0.0
2025-06-03 06:00:00,,,,,,,1533.0,1533.0,,,0.0,,,0.0
2025-06-03 07:00:00,,,,,,,509.0,509.0,,,0.0,,,0.0
2025-06-03 08:00:00,,,,,,,509.0,509.0,,,0.0,,,0.0
2025-06-03 09:00:00,,,,,,,509.0,509.0,,,0.0,,,0.0
2025-06-03 10:00:00,,,,,,,509.0,509.0,,,0.0,,,0.0
2025-06-03 11:00:00,,,,,,,509.0,509.0,,,0.0,,,0.0
2025-06-03 12:00:00,,,,,,,509.0,509.0,,,0.0,,,0.0
2025-06-03 13:00:00,,,,,,,509.0,509.0,,,0.0,,,0.0
2025-06-03 14:00:00,,,,,,,509.0,509.0,,,0.0,,,0.0
2025-06-03 15:00:00,,,,,,,509.0,509.0,,,0.0,,,0.0
2025-06-03 16:00:00,,,,,,,509.0,509.0,,,0.0,,,0.0
2025-06-03 17:00:00,,,,,,,1533.0,1533.0,,,0.0,,,0.0
2025-06-03 18:00:00,,,,,,,1533.0,1533.0,,,0.0,,,0.0
2025-06-03 19:00:00,,,,,,,1529.0,1529.0,,,0.0,,,0.0
2025-06-03 20:00:00,,,,,,,1533.0,1533.0,,,0.0,,,0.0
2025-06-03 21:00:00,,,,,,,1533.0,1533.0,,,0.0,,,0.0
2025-06-03 22:00:00,,,,,,,1533.0,1533.0,,,0.0,,,0.0
2025-06-03 23:00:00,,,,,,,1533.0,1533.0,,,0.0,,,0.0
2025-06-04 00:00:00,,,,,,,1533.0,1533.0,,,0.0,,,0.0
2025-06-04 01:00:00,,,,,,,1533.0,1533.0,,,0.0,,,0.0
2025-06-04 02:00:00,,,,,,,1533.0,1533.0,,,0.0,,,0.0
2025-06-04 03:00:00,,,,,,,1533.0,1533.0,,,0.0,,,0.0
2025-06-04 04:00:00,,,,,,,1533.0,1533.0,,,0.0,,,0.0
2025-06-04 05:00:00,,,,,,,1533.0,1533.0,,,0.0,,,0.0
2025-06-04 06:00:00,,,,,,,1533.0,1533.0,,,0.0,,,0.0
2025-06-04 07:00:00,,,,,,,509.0,509.0,,,0.0,,,0.0
2025-06-04 08:00:00,,,,,,,509.0,509.0,,,0.0,,,0.0
2025-06-04 09:00:00,,,,,,,509.0,509.0,,,0.0,,,0.0
2025-06-04 10:00:00,,,,,,,509.0,509.0,,,0.0,,,0.0
2025-06-04 11:00:00,,,,,,,509.0,509.0,,,0.0,,,0.0
2025-06-04 12:00:00,,,,,,,509.0,509.0,,,0.0,,,0.0
2025-06-04 13:00:00,,,,,,,505.0,505.0,,,0.0,,,0.0
2025-06-04 14:00:00,,,,,,,509.0,509.0,,,0.0,,,0.0
2025-06-04 15:00:00,,,,,,,509.0,509.0,,,0.0,,,0.0
2025-06-04 16:00:00,,,,,,,509.0,509.0,,,0.0,,,0.0
2025-06-04 17:00:00,,,,,,,1533.0,1533.0,,,0.0,,,0.0
2025-06-04 18:00:00,,,,,,,1533.0,1533.0,,,0.0,,,0.0
2025-06-04 19:00:00,,,,,,,1533.0,1533.0,,,0.0,,,0.0
2025-06-04 20:00:00,,,,,,,1533.0,1533.0,,,0.0,,,0.0
2025-06-04 21:00:00,,,,,,,1533.0,1533.0,,,0.0,,,0.0
2025-06-04 22:00:00,,,,,,,1529.0,1529.0,,,0.0,,,0.0
2025-06-04 23:00:00,,,,,,,1533.0,1533.0,,,0.0,,,0.0
2025-06-05 00:00:00,,,,,,,1529.0,1529.0,,,0.0,,,0.0
2025-06-05 01:00:00,,,,,,,1273.0,1273.0,,,0.0,,,0.0
2025-06-05 02:00:00,,,,,,,1529.0,1529.0,,,0.0,,,0.0
2025-06-05 03:00:00,,,,,,,1529.0,1529.0,,,0.0,,,0.0
2025-06-05 04:00:00,,,,,,,1529.0,1529.0,,,0.0,,,0.0
2025-06-05 05:00:00,,,,,,,1533.0,1533.0,,,0.0,,,0.0
2025-06-05 06:00:00,,,,,,,1533.0,1533.0,,,0.0,,,0.0
2025-06-05 07:00:00,,,,,,,509.0,509.0,,,0.0,,,0.0
2025-06-05 08:00:00,,,,,,,509.0,509.0,,,0.0,,,0.0
2025-06-05 09:00:00,,,,,,,509.0,509.0,,,0.0,,,0.0
2025-06-05 10:00:00,,,,,,,509.0,509.0,,,0.0,,,0.0
2025-06-05 11:00:00,,,,,,,509.0,509.0,,,0.0,,,0.0
2025-06-05 12:00:00,,,,,,,509.0,509.0,,,0.0,,,0.0
2025-06-05 13:00:00,,,,,,,509.0,509.0,,,0.0,,,0.0
2025-06-05 14:00:00,,,,,,,509.0,509.0,,,0.0,,,0.0
2025-06-05 15:00:00,,,,,,,509.0,509.0,,,0.0,,,0.0
2025-06-05 16:00:00,,,,,,,505.0,504.0,0.1192,0.0,1.0,1.0654999,0.0,1.0
2025-06-05 17:00:00,,,,,,,1533.0,1533.0,0.2706,0.0208,3.0,1.0489,0.010199964,3.0
2025-06-05 18:00:00,,,,,,,1533.0,1533.0,,,0.0,,,0.0
2025-06-05 19:00:00,,,,,,,1533.0,1533.0,,,0.0,,,0.0
2025-06-05 20:00:00,,,,,,,1273.0,1273.0,,,0.0,,,0.0
2025-06-05 21:00:00,,,,,,,1273.0,1273.0,,,0.0,,,0.0
2025-06-05 22:00:00,,,,,,,1273.0,1273.0,,,0.0,,,0.0
2025-06-05 23:00:00,,,,,,,1529.0,1529.0,,,0.0,,,0.0
2025-06-06 00:00:00,,,,,,,1533.0,1533.0,,,0.0,,,0.0
2025-06-06 01:00:00,,,,,,,1533.0,1533.0,,,0.0,,,0.0
2025-06-06 02:00:00,,,,,,,1533.0,1533.0,,,0.0,,,0.0
2025-06-06 03:00:00,,,,,,,1529.0,1529.0,,,0.0,,,0.0
2025-06-06 04:00:00,,,,,,,1533.0,1533.0,,,0.0,,,0.0
2025-06-06 05:00:00,,,,,,,1529.0,1529.0,,,0.0,,,0.0
2025-06-06 06:00:00,,,,,,,1533.0,1533.0,,,0.0,,,0.0
2025-06-06 07:00:00,,,,,,,509.0,509.0,,,0.0,,,0.0
2025-06-06 08:00:00,,,,,,,509.0,509.0,,,0.0,,,0.0
2025-06-06 09:00:00,,,,,,,509.0,509.0,,,0.0,,,0.0
2025-06-06 10:00:00,,,,,,,509.0,509.0,,,0.0,,,0.0
2025-06-06 11:00:00,,,,,,,509.0,509.0,,,0.0,,,0.0
2025-06-06 12:00:00,,,,,,,509.0,509.0,,,0.0,,,0.0
2025-06-06 13:00:00,,,,,,,509.0,509.0,,,0.0,,,0.0
2025-06-06 14:00:00,,,,,,,509.0,509.0,,,0.0,,,0.0
2025-06-06 15:00:00,,,,,,,509.0,509.0,,,0.0,,,0.0
2025-06-06 16:00:00,,,,,,,509.0,509.0,,,0.0,,,0.0
2025-06-06 17:00:00,,,,,,,1533.0,1533.0,,,0.0,,,0.0
2025-06-06 18:00:00,,,,,,,1533.0,1533.0,,,0.0,,,0.0
2025-06-06 19:00:00,,,,,,,1529.0,1529.0,,,0.0,,,0.0
2025-06-06 20:00:00,,,,,,,1273.0,1273.0,,,0.0,,,0.0
2025-06-06 21:00:00,,,,,,,1533.0,1533.0,,,0.0,,,0.0
2025-06-06 22:00:00,,,,,,,1533.0,1533.0,,,0.0,,,0.0
2025-06-06 23:00:00,,,,,,,1529.0,1529.0,,,0.0,,,0.0
2025-06-07 00:00:00,,,,,,,1529.0,1529.0,,,0.0,,,0.0
2025-06-07 01:00:00,,,,,,,1529.0,1529.0,,,0.0,,,0.0
2025-06-07 02:00:00,,,,,,,1273.0,1273.0,,,0.0,,,0.0
2025-06-07 03:00:00,,,,,,,1529.0,1529.0,,,0.0,,,0.0
2025-06-07 04:00:00,,,,,,,1533.0,1533.0,,,0.0,,,0.0
2025-06-07 05:00:00,,,,,,,1533.0,1533.0,,,0.0,,,0.0
2025-06-07 06:00:00,,,,,,,1533.0,1533.0,,,0.0,,,0.0
2025-06-07 07:00:00,,,,,,,509.0,509.0,,,0.0,,,0.0
2025-06-07 08:00:00,,,,,,,509.0,509.0,,,0.0,,,0.0
2025-06-07 09:00:00,,,,,,,509.0,509.0,,,0.0,,,0.0
2025-06-07 10:00:00,,,,,,,509.0,509.0,,,0.0,,,0.0
2025-06-07 11:00:00,,,,,,,509.0,509.0,,,0.0,,,0.0
2025-06-07 12:00:00,,,,,,,509.0,509.0,,,0.0,,,0.0
2025-06-07 13:00:00,,,,,,,509.0,509.0,,,0.0,,,0.0
2025-06-07 14:00:00,,,,,,,509.0,509.0,,,0.0,,,0.0
2025-06-07 15:00:00,,,,,,,509.0,509.0,,,0.0,,,0.0
2025-06-07 16:00:00,,,,,,,2553.0,2552.0,0.0138,0.0,1.0,0.9951,0.0,1.0
2025-06-07 17:00:00,,,,,,,1533.0,1533.0,,,0.0,,,0.0
2025-06-07 18:00:00,,,,,,,1533.0,1533.0,,,0.0,,,0.0
2025-06-07 19:00:00,,,,,,,1533.0,1533.0,,,0.0,,,0.0
2025-06-07 20:00:00,,,,,,,1533.0,1533.0,,,0.0,,,0.0
2025-06-07 21:00:00,,,,,,,1529.0,1529.0,,,0.0,,,0.0
2025-06-07 22:00:00,,,,,,,1533.0,1533.0,,,0.0,,,0.0
2025-06-07 23:00:00,,,,,,,1529.0,1529.0,,,0.0,,,0.0
2025-06-08 00:00:00,,,,,,,1533.0,1533.0,,,0.0,,,0.0
2025-06-08 01:00:00,,,,,,,1529.0,1529.0,,,0.0,,,0.0
2025-06-08 02:00:00,,,,,,,1273.0,1273.0,,,0.0,,,0.0
2025-06-08 03:00:00,,,,,,,1533.0,1533.0,,,0.0,,,0.0
2025-06-08 04:00:00,,,,,,,1529.0,1529.0,,,0.0,,,0.0
2025-06-08 05:00:00,,,,,,,1529.0,1529.0,,,0.0,,,0.0
2025-06-08 06:00:00,,,,,,,1533.0,1533.0,,,0.0,,,0.0
2025-06-08 07:00:00,,,,,,,509.0,509.0,,,0.0,,,0.0
2025-06-08 08:00:00,,,,,,,509.0,509.0,,,0.0,,,0.0
2025-06-08 09:00:00,,,,,,,509.0,509.0,,,0.0,,,0.0
2025-06-08 10:00:00,,,,,,,509.0,509.0,,,0.0,,,0.0
2025-06-08 11:00:00,,,,,,,509.0,509.0,,,0.0,,,0.0
2025-06-08 12:00:00,,,,,,,509.0,509.0,,,0.0,,,0.0
2025-06-08 13:00:00,,,,,,,509.0,509.0,,,0.0,,,0.0
2025-06-08 14:00:00,,,,,,,509.0,509.0,,,0.0,,,0.0
2025-06-08 15:00:00,,,,,,,509.0,509.0,,,0.0,,,0.0
2025-06-08 16:00:00,,,,,,,509.0,509.0,,,0.0,,,0.0
2025-06-08 17:00:00,,,,,,,1533.0,1533.0,,,0.0,,,0.0
2025-06-08 18:00:00,,,,,,,1533.0,1533.0,,,0.0,,,0.0
2025-06-08 19:00:00,,,,,,,1533.0,1533.0,,,0.0,,,0.0
2025-06-08 20:00:00,,,,,,,1533.0,1533.0,,,0.0,,,0.0
2025-06-08 21:00:00,,,,,,,1533.0,1533.0,,,0.0,,,0.0
2025-06-08 22:00:00,,,,,,,1533.0,1533.0,,,0.0,,,0.0
2025-06-08 23:00:00,,,,,,,1529.0,1529.0,,,0.0,,,0.0
2025-06-09 00:00:00,,,,,,,1533.0,1533.0,,,0.0,,,0.0
2025-06-09 01:00:00,,,,,,,1533.0,1533.0,,,0.0,,,0.0
2025-06-09 02:00:00,,,,,,,1529.0,1529.0,,,0.0,,,0.0
2025-06-09 03:00:00,,,,,,,1533.0,1533.0,,,0.0,,,0.0
2025-06-09 04:00:00,,,,,,,1529.0,1529.0,,,0.0,,,0.0
2025-06-09 05:00:00,,,,,,,1533.0,1533.0,,,0.0,,,0.0
2025-06-09 06:00:00,,,,,,,1533.0,1533.0,,,0.0,,,0.0
2025-06-09 07:00:00,,,,,,,509.0,509.0,,,0.0,,,0.0
2025-06-09 08:00:00,,,,,,,509.0,509.0,,,0.0,,,0.0
2025-06-09 09:00:00,,,,,,,509.0,509.0,,,0.0,,,0.0
2025-06-09 10:00:00,,,,,,,509.0,509.0,,,0.0,,,0.0
2025-06-09 11:00:00,,,,,,,509.0,509.0,,,0.0,,,0.0
2025-06-09 12:00:00,,,,,,,509.0,509.0,,,0.0,,,0.0
2025-06-09 13:00:00,,,,,,,509.0,509.0,,,0.0,,,0.0
2025-06-09 14:00:00,,,,,,,509.0,509.0,,,0.0,,,0.0
2025-06-09 15:00:00,,,,,,,509.0,509.0,,,0.0,,,0.0
2025-06-09 16:00:00,,,,,,,509.0,509.0,,,0.0,,,0.0
2025-06-09 17:00:00,,,,,,,1533.0,1533.0,0.19039999,0.0446,3.0,0.91269994,0.013000011,3.0
2025-06-09 18:00:00,,,,,,,1533.0,1533.0,,,0.0,,,0.0
2025-06-09 19:00:00,,,,,,,1533.0,1533.0,,,0.0,,,0.0
2025-06-09 20:00:00,,,,,,,1533.0,1533.0,,,0.0,,,0.0
2025-06-09 21:00:00,,,,,,,1529.0,1529.0,,,0.0,,,0.0
2025-06-09 22:00:00,,,,,,,1533.0,1533.0,,,0.0,,,0.0
2025-06-09 23:00:00,,,,,,,1533.0,1533.0,,,0.0,,,0.0
2025-06-10 00:00:00,,,,,,,1533.0,1533.0,,,0.0,,,0.0
2025-06-10 01:00:00,,,,,,,1533.0,1533.0,,,0.0,,,0.0
2025-06-10 02:00:00,,,,,,,1533.0,1533.0,,,0.0,,,0.0
2025-06-10 03:00:00,,,,,,,1529.0,1529.0,,,0.0,,,0.0
2025-06-10 04:00:00,,,,,,,1533.0,1533.0,,,0.0,,,0.0
2025-06-10 05:00:00,,,,,,,1533.0,1533.0,,,0.0,,,0.0
2025-06-10 06:00:00,,,,,,,1533.0,1533.0,,,0.0,,,0.0
2025-06-10 07:00:00,,,,,,,509.0,509.0,,,0.0,,,0.0
2025-06-10 08:00:00,,,,,,,509.0,509.0,,,0.0,,,0.0
2025-06-10 09:00:00,,,,,,,509.0,509.0,,,0.0,,,0.0
2025-06-10 10:00:00,,,,,,,509.0,509.0,,,0.0,,,0.0
2025-06-10 11:00:00,,,,,,,509.0,509.0,,,0.0,,,0.0
2025-06-10 12:00:00,,,,,,,509.0,509.0,,,0.0,,,0.0
2025-06-10 13:00:00,,,,,,,509.0,509.0,,,0.0,,,0.0
2025-06-10 14:00:00,,,,,,,509.0,509.0,,,0.0,,,0.0
2025-06-10 15:00:00,,,,,,,509.0,509.0,,,0.0,,,0.0
2025-06-10 16:00:00,,,,,,,509.0,509.0,,,0.0,,,0.0
2025-06-10 17:00:00,,,,,,,1533.0,1533.0,,,0.0,,,0.0
2025-06-10 18:00:00,,,,,,,1533.0,1533.0,,,0.0,,,0.0
2025-06-10 19:00:00,,,,,,,1533.0,1533.0,,,0.0,,,0.0
2025-06-10 20:00:00,,,,,,,1533.0,1533.0,,,0.0,,,0.0
2025-06-10 21:00:00,,,,,,,1533.0,1533.0,,,0.0,,,0.0
2025-06-10 22:00:00,,,,,,,1533.0,1533.0,,,0.0,,,0.0
2025-06-10 23:00:00,,,,,,,1529.0,1529.0,,,0.0,,,0.0
2025-06-11 00:00:00,,,,,,,1533.0,1533.0,,,0.0,,,0.0
2025-06-11 01:00:00,,,,,,,1533.0,1533.0,,,0.0,,,0.0
2025-06-11 02:00:00,,,,,,,1533.0,1533.0,,,0.0,,,0.0
2025-06-11 03:00:00,,,,,,,1529.0,1529.0,,,0.0,,,0.0
2025-06-11 04:00:00,,,,,,,1273.0,1273.0,,,0.0,,,0.0
2025-06-11 05:00:00,,,,,,,1529.0,1529.0,,,0.0,,,0.0
2025-06-11 06:00:00,,,,,,,1529.0,1529.0,,,0.0,,,0.0
2025-06-11 07:00:00,,,,,,,509.0,509.0,,,0.0,,,0.0
2025-06-11 08:00:00,,,,,,,509.0,509.0,,,0.0,,,0.0
2025-06-11 09:00:00,,,,,,,509.0,509.0,,,0.0,,,0.0
2025-06-11 10:00:00,,,,,,,509.0,509.0,,,0.0,,,0.0
2025-06-11 11:00:00,,,,,,,249.0,249.0,0.2104,0.0,1.0,1.0956999,0.0,1.0
2025-06-11 12:00:00,,,,,,,249.0,248.0,0.30699998,0.0682,5.0,1.0554999,0.04339999,5.0
2025-06-11 13:00:00,,,,,,,509.0,509.0,,,0.0,,,0.0
2025-06-11 14:00:00,,,,,,,505.0,504.0,0.6246,0.049799997,4.0,1.0306,0.008300006,4.0
2025-06-11 15:00:00,,,,,,,505.0,504.0,0.5542,0.1418,4.0,1.0306,0.032899976,4.0
2025-06-11 16:00:00,,,,,,,509.0,509.0,0.4378,0.0286,5.0,1.0601,0.0033000112,5.0
2025-06-11 17:00:00,,,,,,,1533.0,1533.0,,,0.0,,,0.0
2025-06-11 18:00:00,,,,,,,1533.0,1533.0,,,0.0,,,0.0
2025-06-11 19:00:00,,,,,,,1529.0,1529.0,,,0.0,,,0.0
2025-06-11 20:00:00,,,,,,,1533.0,1533.0,,,0.0,,,0.0
2025-06-11 21:00:00,,,,,,,1529.0,1529.0,,,0.0,,,0.0
2025-06-11 22:00:00,,,,,,,1533.0,1533.0,,,0.0,,,0.0
2025-06-11 23:00:00,,,,,,,1533.0,1533.0,,,0.0,,,0.0
2025-06-12 00:00:00,,,,,,,1533.0,1533.0,,,0.0,,,0.0
2025-06-12 01:00:00,,,,,,,1533.0,1533.0,,,0.0,,,0.0
2025-06-12 02:00:00,,,,,,,1529.0,1529.0,,,0.0,,,0.0
2025-06-12 03:00:00,,,,,,,1533.0,1533.0,,,0.0,,,0.0
2025-06-12 04:00:00,,,,,,,1533.0,1533.0,,,0.0,,,0.0
2025-06-12 05:00:00,,,,,,,1533.0,1533.0,,,0.0,,,0.0
2025-06-12 06:00:00,,,,,,,1533.0,1533.0,,,0.0,,,0.0
2025-06-12 07:00:00,,,,,,,509.0,509.0,,,0.0,,,0.0
2025-06-12 08:00:00,,,,,,,509.0,509.0,,,0.0,,,0.0
2025-06-12 09:00:00,,,,,,,509.0,509.0,,,0.0,,,0.0
2025-06-12 10:00:00,,,,,,,509.0,509.0,,,0.0,,,0.0
2025-06-12 11:00:00,,,,,,,509.0,509.0,,,0.0,,,0.0
2025-06-12 12:00:00,,,,,,,509.0,509.0,,,0.0,,,0.0
2025-06-12 13:00:00,,,,,,,509.0,509.0,,,0.0,,,0.0
2025-06-12 14:00:00,,,,,,,509.0,509.0,,,0.0,,,0.0
2025-06-12 15:00:00,,,,,,,509.0,509.0,,,0.0,,,0.0
2025-06-12 16:00:00,,,,,,,2553.0,2552.0,0.2374,0.120799996,2.0,1.094,0.065999985,2.0
2025-06-12 17:00:00,,,,,,,1533.0,1533.0,0.099,0.0,1.0,1.0188,0.0,1.0
2025-06-12 18:00:00,,,,,,,1533.0,1533.0,,,0.0,,,0.0
2025-06-12 19:00:00,,,,,,,1533.0,1533.0,,,0.0,,,0.0
2025-06-12 20:00:00,,,,,,,1533.0,1533.0,,,0.0,,,0.0
2025-06-12 21:00:00,,,,,,,1533.0,1533.0,,,0.0,,,0.0
2025-06-12 22:00:00,,,,,,,1533.0,1533.0,,,0.0,,,0.0
2025-06-12 23:00:00,,,,,,,1529.0,1529.0,,,0.0,,,0.0
2025-06-13 00:00:00,,,,,,,1533.0,1533.0,,,0.0,,,0.0
2025-06-13 01:00:00,,,,,,,1533.0,1533.0,,,0.0,,,0.0
2025-06-13 02:00:00,,,,,,,1529.0,1529.0,,,0.0,,,0.0
2025-06-13 03:00:00,,,,,,,1533.0,1533.0,,,0.0,,,0.0
2025-06-13 04:00:00,,,,,,,1533.0,1533.0,,,0.0,,,0.0
2025-06-13 05:00:00,,,,,,,1533.0,1533.0,,,0.0,,,0.0
2025-06-13 06:00:00,,,,,,,1533.0,1533.0,,,0.0,,,0.0
2025-06-13 07:00:00,,,,,,,509.0,509.0,,,0.0,,,0.0
2025-06-13 08:00:00,,,,,,,509.0,509.0,,,0.0,,,0.0
2025-06-13 09:00:00,,,,,,,509.0,509.0,,,0.0,,,0.0
2025-06-13 10:00:00,,,,,,,509.0,509.0,,,0.0,,,0.0
2025-06-13 11:00:00,,,,,,,509.0,509.0,,,0.0,,,0.0
2025-06-13 12:00:00,,,,,,,509.0,509.0,,,0.0,,,0.0
2025-06-13 13:00:00,,,,,,,509.0,509.0,,,0.0,,,0.0
2025-06-13 14:00:00,,,,,,,509.0,509.0,,,0.0,,,0.0
2025-06-13 15:00:00,,,,,,,509.0,509.0,,,0.0,,,0.0
2025-06-13 16:00:00,,,,,,,509.0,509.0,,,0.0,,,0.0
2025-06-13 17:00:00,,,,,,,509.0,509.0,,,0.0,,,0.0
2025-06-13 18:00:00,,,,,,,1533.0,1533.0,,,0.0,,,0.0
2025-06-13 19:00:00,,,,,,,1533.0,1533.0,,,0.0,,,0.0
2025-06-13 20:00:00,,,,,,,1533.0,1533.0,,,0.0,,,0.0
2025-06-13 21:00:00,,,,,,,1533.0,1533.0,,,0.0,,,0.0
2025-06-13 22:00:00,,,,,,,1533.0,1533.0,,,0.0,,,0.0
2025-06-13 23:00:00,,,,,,,1533.0,1533.0,,,0.0,,,0.0
2025-06-14 00:00:00,,,,,,,1529.0,1529.0,,,0.0,,,0.0
2025-06-14 01:00:00,,,,,,,1533.0,1533.0,,,0.0,,,0.0
2025-06-14 02:00:00,,,,,,,1533.0,1533.0,,,0.0,,,0.0
2025-06-14 03:00:00,,,,,,,1533.0,1533.0,,,0.0,,,0.0
2025-06-14 04:00:00,,,,,,,1273.0,1273.0,,,0.0,,,0.0
2025-06-14 05:00:00,,,,,,,1533.0,1533.0,,,0.0,,,0.0
2025-06-14 06:00:00,,,,,,,1533.0,1533.0,,,0.0,,,0.0
2025-06-14 07:00:00,,,,,,,509.0,509.0,,,0.0,,,0.0
2025-06-14 08:00:00,,,,,,,505.0,504.0,0.1724,0.0,1.0,1.0547,0.0,1.0
2025-06-14 09:00:00,,,,,,,2553.0,2552.0,0.072799996,0.0682,3.0,1.0814999,0.016799986,3.0
2025-06-14 10:00:00,,,,,,,509.0,509.0,0.4104,0.0,1.0,1.0346,0.0,1.0
2025-06-14 11:00:00,,,,,,,505.0,505.0,0.4772,0.0,1.0,1.2895,0.0,1.0
2025-06-14 12:00:00,,,,,,,509.0,509.0,,,0.0,,,0.0
2025-06-14 13:00:00,,,,,,,509.0,509.0,,,0.0,,,0.0
2025-06-14 14:00:00,,,,,,,509.0,509.0,,,0.0,,,0.0
2025-06-14 15:00:00,,,,,,,509.0,509.0,,,0.0,,,0.0
2025-06-14 16:00:00,,,,,,,509.0,509.0,,,0.0,,,0.0
2025-06-14 17:00:00,,,,,,,509.0,509.0,,,0.0,,,0.0
2025-06-14 18:00:00,,,,,,,1533.0,1533.0,,,0.0,,,0.0
2025-06-14 19:00:00,,,,,,,1533.0,1533.0,,,0.0,,,0.0
2025-06-14 20:00:00,,,,,,,1533.0,1533.0,,,0.0,,,0.0
2025-06-14 21:00:00,,,,,,,1533.0,1533.0,,,0.0,,,0.0
2025-06-14 22:00:00,,,,,,,1533.0,1533.0,,,0.0,,,0.0
2025-06-14 23:00:00,,,,,,,1533.0,1533.0,,,0.0,,,0.0
2025-06-15 00:00:00,,,,,,,1529.0,1529.0,,,0.0,,,0.0
2025-06-15 01:00:00,,,,,,,1533.0,1533.0,,,0.0,,,0.0
2025-06-15 02:00:00,,,,,,,1529.0,1529.0,,,0.0,,,0.0
2025-06-15 03:00:00,,,,,,,1533.0,1533.0,,,0.0,,,0.0
2025-06-15 04:00:00,,,,,,,1273.0,1273.0,,,0.0,,,0.0
2025-06-15 05:00:00,,,,,,,1273.0,1273.0,,,0.0,,,0.0
2025-06-15 06:00:00,,,,,,,1533.0,1533.0,,,0.0,,,0.0
2025-06-15 07:00:00,,,,,,,505.0,504.0,0.333,0.0,1.0,1.0862,0.0,1.0
2025-06-15 08:00:00,,,,,,,509.0,509.0,,,0.0,,,0.0
2025-06-15 09:00:00,,,,,,,249.0,248.0,0.74399996,0.0548,5.0,1.0875,0.04820001,5.0
2025-06-15 10:00:00,,,,,,,505.0,505.0,0.7758,0.0392,4.0,1.1129999,0.010800004,4.0
2025-06-15 11:00:00,,,,,,,505.0,505.0,,,0.0,,,0.0
2025-06-15 12:00:00,,,,,,,509.0,509.0,,,0.0,,,0.0
2025-06-15 13:00:00,,,,,,,509.0,509.0,,,0.0,,,0.0
2025-06-15 14:00:00,,,,,,,509.0,509.0,,,0.0,,,0.0
2025-06-15 15:00:00,,,,,,,509.0,509.0,,,0.0,,,0.0
2025-06-15 16:00:00,,,,,,,509.0,509.0,,,0.0,,,0.0
2025-06-15 17:00:00,,,,,,,509.0,509.0,,,0.0,,,0.0
2025-06-15 18:00:00,,,,,,,1533.0,1533.0,,,0.0,,,0.0
2025-06-15 19:00:00,,,,,,,1529.0,1529.0,,,0.0,,,0.0
2025-06-15 20:00:00,,,,,,,1529.0,1529.0,,,0.0,,,0.0
2025-06-15 21:00:00,,,,,,,1533.0,1533.0,,,0.0,,,0.0
2025-06-15 22:00:00,,,,,,,1533.0,1533.0,,,0.0,,,0.0
2025-06-15 23:00:00,,,,,,,1533.0,1533.0,,,0.0,,,0.0
2025-06-16 00:00:00,,,,,,,1533.0,1533.0,,,0.0,,,0.0
2025-06-16 01:00:00,,,,,,,1533.0,1533.0,,,0.0,,,0.0
2025-06-16 02:00:00,,,,,,,1533.0,1533.0,,,0.0,,,0.0
2025-06-16 03:00:00,,,,,,,1533.0,1533.0,,,0.0,,,0.0
2025-06-16 04:00:00,,,,,,,1533.0,1533.0,,,0.0,,,0.0
2025-06-16 05:00:00,,,,,,,1533.0,1533.0,,,0.0,,,0.0
2025-06-16 06:00:00,,,,,,,1533.0,1533.0,,,0.0,,,0.0
2025-06-16 07:00:00,,,,,,,509.0,509.0,,,0.0,,,0.0
2025-06-16 08:00:00,,,,,,,509.0,509.0,,,0.0,,,0.0
2025-06-16 09:00:00,,,,,,,509.0,509.0,,,0.0,,,0.0
2025-06-16 10:00:00,,,,,,,509.0,509.0,,,0.0,,,0.0
2025-06-16 11:00:00,,,,,,,509.0,509.0,,,0.0,,,0.0
2025-06-16 12:00:00,,,,,,,509.0,509.0,,,0.0,,,0.0
2025-06-16 13:00:00,,,,,,,509.0,509.0,,,0.0,,,0.0
2025-06-16 14:00:00,,,,,,,509.0,509.0,,,0.0,,,0.0
2025-06-16 15:00:00,,,,,,,509.0,509.0,,,0.0,,,0.0
2025-06-16 16:00:00,,,,,,,509.0,509.0,,,0.0,,,0.0
2025-06-16 17:00:00,,,,,,,509.0,509.0,,,0.0,,,0.0
2025-06-16 18:00:00,,,,,,,1533.0,1533.0,,,0.0,,,0.0
2025-06-16 19:00:00,,,,,,,1533.0,1533.0,,,0.0,,,0.0
2025-06-16 20:00:00,,,,,,,1533.0,1533.0,,,0.0,,,0.0
2025-06-16 21:00:00,,,,,,,1533.0,1533.0,,,0.0,,,0.0
2025-06-16 22:00:00,,,,,,,1533.0,1533.0,,,0.0,,,0.0
2025-06-16 23:00:00,,,,,,,1533.0,1533.0,,,0.0,,,0.0
2025-06-17 00:00:00,,,,,,,1533.0,1533.0,,,0.0,,,0.0
2025-06-17 01:00:00,,,,,,,1533.0,1533.0,,,0.0,,,0.0
2025-06-17 02:00:00,,,,,,,1533.0,1533.0,,,0.0,,,0.0
2025-06-17 03:00:00,,,,,,,1533.0,1533.0,,,0.0,,,0.0
2025-06-17 04:00:00,,,,,,,1533.0,1533.0,,,0.0,,,0.0
2025-06-17 05:00:00,,,,,,,1533.0,1533.0,,,0.0,,,0.0
2025-06-17 06:00:00,,,,,,,1533.0,1533.0,,,0.0,,,0.0
2025-06-17 07:00:00,,,,,,,509.0,509.0,,,0.0,,,0.0
2025-06-17 08:00:00,,,,,,,509.0,509.0,,,0.0,,,0.0
2025-06-17 09:00:00,,,,,,,509.0,509.0,,,0.0,,,0.0
2025-06-17 10:00:00,,,,,,,509.0,509.0,,,0.0,,,0.0
2025-06-17 11:00:00,,,,,,,509.0,509.0,,,0.0,,,0.0
2025-06-17 12:00:00,,,,,,,509.0,509.0,,,0.0,,,0.0
2025-06-17 13:00:00,,,,,,,509.0,509.0,,,0.0,,,0.0
2025-06-17 14:00:00,,,,,,,509.0,509.0,,,0.0,,,0.0
2025-06-17 15:00:00,,,,,,,509.0,509.0,,,0.0,,,0.0
2025-06-17 16:00:00,,,,,,,509.0,509.0,,,0.0,,,0.0
2025-06-17 17:00:00,,,,,,,509.0,509.0,,,0.0,,,0.0
2025-06-17 18:00:00,,,,,,,1533.0,1533.0,,,0.0,,,0.0
2025-06-17 19:00:00,,,,,,,1533.0,1533.0,,,0.0,,,0.0
2025-06-17 20:00:00,,,,,,,1533.0,1533.0,,,0.0,,,0.0
2025-06-17 21:00:00,,,,,,,1533.0,1533.0,,,0.0,,,0.0
2025-06-17 22:00:00,,,,,,,1529.0,1529.0,,,0.0,,,0.0
2025-06-17 23:00:00,,,,,,,1533.0,1533.0,,,0.0,,,0.0
2025-06-18 00:00:00,,,,,,,1533.0,1533.0,,,0.0,,,0.0
2025-06-18 01:00:00,,,,,,,1529.0,1529.0,,,0.0,,,0.0
2025-06-18 02:00:00,,,,,,,1529.0,1529.0,,,0.0,,,0.0
2025-06-18 03:00:00,,,,,,,1533.0,1533.0,,,0.0,,,0.0
2025-06-18 04:00:00,,,,,,,1533.0,1533.0,,,0.0,,,0.0
2025-06-18 05:00:00,,,,,,,1529.0,1529.0,,,0.0,,,0.0
2025-06-18 06:00:00,,,,,,,1533.0,1533.0,,,0.0,,,0.0
2025-06-18 07:00:00,,,,,,,509.0,509.0,,,0.0,,,0.0
2025-06-18 08:00:00,,,,,,,505.0,504.0,1.2556,0.0,1.0,0.4702,0.0,1.0
2025-06-18 09:00:00,,,,,,,509.0,509.0,,,0.0,,,0.0
2025-06-18 10:00:00,,,,,,,509.0,509.0,,,0.0,,,0.0
2025-06-18 11:00:00,,,,,,,509.0,509.0,,,0.0,,,0.0
2025-06-18 12:00:00,,,,,,,509.0,509.0,,,0.0,,,0.0
2025-06-18 13:00:00,,,,,,,509.0,509.0,,,0.0,,,0.0
2025-06-18 14:00:00,,,,,,,509.0,509.0,,,0.0,,,0.0
2025-06-18 15:00:00,,,,,,,505.0,504.0,0.5546,0.0,1.0,0.9957,0.0,1.0
2025-06-18 16:00:00,,,,,,,509.0,509.0,,,0.0,,,0.0
2025-06-18 17:00:00,,,,,,,509.0,509.0,,,0.0,,,0.0
2025-06-18 18:00:00,,,,,,,1533.0,1533.0,,,0.0,,,0.0
2025-06-18 19:00:00,,,,,,,1529.0,1529.0,,,0.0,,,0.0
2025-06-18 20:00:00,,,,,,,1533.0,1533.0,,,0.0,,,0.0
2025-06-18 21:00:00,,,,,,,1533.0,1533.0,,,0.0,,,0.0
2025-06-18 22:00:00,,,,,,,1533.0,1533.0,,,0.0,,,0.0
2025-06-18 23:00:00,,,,,,,1533.0,1533.0,,,0.0,,,0.0
2025-06-19 00:00:00,,,,,,,1533.0,1533.0,,,0.0,,,0.0
2025-06-19 01:00:00,,,,,,,1533.0,1533.0,,,0.0,,,0.0
2025-06-19 02:00:00,,,,,,,1533.0,1533.0,,,0.0,,,0.0
2025-06-19 03:00:00,,,,,,,1533.0,1533.0,,,0.0,,,0.0
2025-06-19 04:00:00,,,,,,,1529.0,1529.0,,,0.0,,,0.0
2025-06-19 05:00:00,,,,,,,1529.0,1529.0,,,0.0,,,0.0
2025-06-19 06:00:00,,,,,,,1533.0,1533.0,,,0.0,,,0.0
2025-06-19 07:00:00,,,,,,,509.0,509.0,,,0.0,,,0.0
2025-06-19 08:00:00,,,,,,,509.0,509.0,,,0.0,,,0.0
2025-06-19 09:00:00,,,,,,,509.0,509.0,,,0.0,,,0.0
2025-06-19 10:00:00,,,,,,,509.0,509.0,,,0.0,,,0.0
2025-06-19 11:00:00,,,,,,,509.0,509.0,,,0.0,,,0.0
2025-06-19 12:00:00,,,,,,,509.0,509.0,,,0.0,,,0.0
2025-06-19 13:00:00,,,,,,,509.0,509.0,,,0.0,,,0.0
2025-06-19 14:00:00,,,,,,,509.0,509.0,,,0.0,,,0.0
2025-06-19 15:00:00,,,,,,,509.0,509.0,,,0.0,,,0.0
2025-06-19 16:00:00,,,,,,,509.0,509.0,,,0.0,,,0.0
2025-06-19 17:00:00,,,,,,,509.0,509.0,,,0.0,,,0.0
2025-06-19 18:00:00,,,,,,,1533.0,1533.0,,,0.0,,,0.0
2025-06-19 19:00:00,,,,,,,1533.0,1533.0,,,0.0,,,0.0
2025-06-19 20:00:00,,,,,,,1533.0,1533.0,,,0.0,,,0.0
2025-06-19 21:00:00,,,,,,,1533.0,1533.0,,,0.0,,,0.0
2025-06-19 22:00:00,,,,,,,1529.0,1529.0,,,0.0,,,0.0
2025-06-19 23:00:00,,,,,,,1533.0,1533.0,,,0.0,,,0.0
2025-06-20 00:00:00,,,,,,,1533.0,1533.0,,,0.0,,,0.0
2025-06-20 01:00:00,,,,,,,1533.0,1533.0,,,0.0,,,0.0
2025-06-20 02:00:00,,,,,,,1533.0,1533.0,,,0.0,,,0.0
2025-06-20 03:00:00,,,,,,,1533.0,1533.0,,,0.0,,,0.0
2025-06-20 04:00:00,,,,,,,1533.0,1533.0,,,0.0,,,0.0
2025-06-20 05:00:00,,,,,,,1533.0,1533.0,,,0.0,,,0.0
2025-06-20 06:00:00,,,,,,,1533.0,1533.0,,,0.0,,,0.0
2025-06-20 07:00:00,,,,,,,509.0,509.0,,,0.0,,,0.0
2025-06-20 08:00:00,,,,,,,509.0,509.0,,,0.0,,,0.0
2025-06-20 09:00:00,,,,,,,509.0,509.0,,,0.0,,,0.0
2025-06-20 10:00:00,,,,,,,509.0,509.0,,,0.0,,,0.0
2025-06-20 11:00:00,,,,,,,509.0,509.0,,,0.0,,,0.0
2025-06-20 12:00:00,,,,,,,509.0,509.0,,,0.0,,,0.0
2025-06-20 13:00:00,,,,,,,509.0,509.0,,,0.0,,,0.0
2025-06-20 14:00:00,,,,,,,509.0,509.0,,,0.0,,,0.0
2025-06-20 15:00:00,,,,,,,509.0,509.0,,,0.0,,,0.0
2025-06-20 16:00:00,,,,,,,509.0,509.0,,,0.0,,,0.0
2025-06-20 17:00:00,,,,,,,509.0,509.0,,,0.0,,,0.0
2025-06-20 18:00:00,,,,,,,1533.0,1533.0,,,0.0,,,0.0
2025-06-20 19:00:00,,,,,,,1533.0,1533.0,,,0.0,,,0.0
2025-06-20 20:00:00,,,,,,,1533.0,1533.0,,,0.0,,,0.0
2025-06-20 21:00:00,,,,,,,1533.0,1533.0,,,0.0,,,0.0
2025-06-20 22:00:00,,,,,,,1533.0,1533.0,,,0.0,,,0.0
2025-06-20 23:00:00,,,,,,,1533.0,1533.0,,,0.0,,,0.0
2025-06-21 00:00:00,,,,,,,1533.0,1533.0,,,0.0,,,0.0
2025-06-21 01:00:00,,,,,,,1533.0,1533.0,,,0.0,,,0.0
2025-06-21 02:00:00,,,,,,,1533.0,1533.0,,,0.0,,,0.0
2025-06-21 03:00:00,,,,,,,1533.0,1533.0,,,0.0,,,0.0
2025-06-21 04:00:00,,,,,,,1533.0,1533.0,,,0.0,,,0.0
2025-06-21 05:00:00,,,,,,,1533.0,1533.0,,,0.0,,,0.0
2025-06-21 06:00:00,,,,,,,1533.0,1533.0,,,0.0,,,0.0
2025-06-21 07:00:00,,,,,,,509.0,509.0,,,0.0,,,0.0
2025-06-21 08:00:00,,,,,,,509.0,509.0,,,0.0,,,0.0
2025-06-21 09:00:00,,,,,,,509.0,509.0,,,0.0,,,0.0
2025-06-21 10:00:00,,,,,,,509.0,509.0,,,0.0,,,0.0
2025-06-21 11:00:00,,,,,,,509.0,509.0,,,0.0,,,0.0
2025-06-21 12:00:00,,,,,,,509.0,509.0,,,0.0,,,0.0
2025-06-21 13:00:00,,,,,,,509.0,509.0,,,0.0,,,0.0
2025-06-21 14:00:00,,,,,,,509.0,509.0,,,0.0,,,0.0
2025-06-21 15:00:00,,,,,,,509.0,509.0,,,0.0,,,0.0
2025-06-21 16:00:00,,,,,,,509.0,509.0,,,0.0,,,0.0
2025-06-21 17:00:00,,,,,,,509.0,509.0,,,0.0,,,0.0
2025-06-21 18:00:00,,,,,,,1533.0,1533.0,,,0.0,,,0.0
2025-06-21 19:00:00,,,,,,,1533.0,1533.0,,,0.0,,,0.0
2025-06-21 20:00:00,,,,,,,1533.0,1533.0,,,0.0,,,0.0
2025-06-21 21:00:00,,,,,,,1533.0,1533.0,,,0.0,,,0.0
2025-06-21 22:00:00,,,,,,,1533.0,1533.0,,,0.0,,,0.0
2025-06-21 23:00:00,,,,,,,1533.0,1533.0,,,0.0,,,0.0
2025-06-22 00:00:00,,,,,,,1529.0,1529.0,,,0.0,,,0.0
2025-06-22 01:00:00,,,,,,,1533.0,1533.0,,,0.0,,,0.0
2025-06-22 02:00:00,,,,,,,1533.0,1533.0,,,0.0,,,0.0
2025-06-22 03:00:00,,,,,,,1533.0,1533.0,,,0.0,,,0.0
2025-06-22 04:00:00,,,,,,,1533.0,1533.0,,,0.0,,,0.0
2025-06-22 05:00:00,,,,,,,1529.0,1529.0,,,0.0,,,0.0
2025-06-22 06:00:00,,,,,,,1533.0,1533.0,,,0.0,,,0.0
2025-06-22 07:00:00,,,,,,,509.0,509.0,,,0.0,,,0.0
2025-06-22 08:00:00,,,,,,,509.0,509.0,,,0.0,,,0.0
2025-06-22 09:00:00,,,,,,,509.0,509.0,,,0.0,,,0.0
2025-06-22 10:00:00,,,,,,,509.0,509.0,,,0.0,,,0.0
2025-06-22 11:00:00,,,,,,,509.0,509.0,,,0.0,,,0.0
2025-06-22 12:00:00,,,,,,,509.0,509.0,,,0.0,,,0.0
2025-06-22 13:00:00,,,,,,,509.0,509.0,,,0.0,,,0.0
2025-06-22 14:00:00,,,,,,,509.0,509.0,,,0.0,,,0.0
2025-06-22 15:00:00,,,,,,,509.0,509.0,,,0.0,,,0.0
2025-06-22 16:00:00,,,,,,,509.0,509.0,,,0.0,,,0.0
2025-06-22 17:00:00,,,,,,,509.0,509.0,,,0.0,,,0.0
2025-06-22 18:00:00,,,,,,,1533.0,1533.0,,,0.0,,,0.0
2025-06-22 19:00:00,,,,,,,1533.0,1533.0,,,0.0,,,0.0
2025-06-22 20:00:00,,,,,,,1533.0,1533.0,,,0.0,,,0.0
2025-06-22 21:00:00,,,,,,,1533.0,1533.0,,,0.0,,,0.0
2025-06-22 22:00:00,,,,,,,1533.0,1533.0,,,0.0,,,0.0
2025-06-22 23:00:00,,,,,,,1533.0,1533.0,,,0.0,,,0.0
2025-06-23 00:00:00,,,,,,,1533.0,1533.0,,,0.0,,,0.0
2025-06-23 01:00:00,,,,,,,1533.0,1533.0,,,0.0,,,0.0
2025-06-23 02:00:00,,,,,,,1533.0,1533.0,,,0.0,,,0.0
2025-06-23 03:00:00,,,,,,,1529.0,1529.0,,,0.0,,,0.0
2025-06-23 04:00:00,,,,,,,1529.0,1529.0,,,0.0,,,0.0
2025-06-23 05:00:00,,,,,,,1533.0,1533.0,,,0.0,,,0.0
2025-06-23 06:00:00,,,,,,,1533.0,1533.0,,,0.0,,,0.0
2025-06-23 07:00:00,,,,,,,509.0,509.0,,,0.0,,,0.0
2025-06-23 08:00:00,,,,,,,509.0,509.0,,,0.0,,,0.0
2025-06-23 09:00:00,,,,,,,509.0,509.0,,,0.0,,,0.0
2025-06-23 10:00:00,,,,,,,509.0,509.0,,,0.0,,,0.0
2025-06-23 11:00:00,,,,,,,509.0,509.0,,,0.0,,,0.0
2025-06-23 12:00:00,,,,,,,509.0,509.0,,,0.0,,,0.0
2025-06-23 13:00:00,,,,,,,509.0,509.0,,,0.0,,,0.0
2025-06-23 14:00:00,,,,,,,509.0,509.0,,,0.0,,,0.0
2025-06-23 15:00:00,,,,,,,509.0,509.0,,,0.0,,,0.0
2025-06-23 16:00:00,,,,,,,509.0,509.0,,,0.0,,,0.0
2025-06-23 17:00:00,,,,,,,509.0,509.0,,,0.0,,,0.0
2025-06-23 18:00:00,,,,,,,1533.0,1533.0,,,0.0,,,0.0
2025-06-23 19:00:00,,,,,,,1533.0,1533.0,,,0.0,,,0.0
2025-06-23 20:00:00,,,,,,,1533.0,1533.0,,,0.0,,,0.0
2025-06-23 21:00:00,,,,,,,1529.0,1529.0,,,0.0,,,0.0
2025-06-23 22:00:00,,,,,,,1533.0,1533.0,,,0.0,,,0.0
2025-06-23 23:00:00,,,,,,,1533.0,1533.0,,,0.0,,,0.0
2025-06-24 00:00:00,,,,,,,1533.0,1533.0,,,0.0,,,0.0
2025-06-24 01:00:00,,,,,,,1533.0,1533.0,,,0.0,,,0.0
2025-06-24 02:00:00,,,,,,,1533.0,1533.0,,,0.0,,,0.0
2025-06-24 03:00:00,,,,,,,1533.0,1533.0,,,0.0,,,0.0
2025-06-24 04:00:00,,,,,,,1533.0,1533.0,,,0.0,,,0.0
2025-06-24 05:00:00,,,,,,,1533.0,1533.0,,,0.0,,,0.0
2025-06-24 06:00:00,,,,,,,1533.0,1533.0,,,0.0,,,0.0
2025-06-24 07:00:00,,,,,,,509.0,509.0,,,0.0,,,0.0
2025-06-24 08:00:00,,,,,,,509.0,509.0,,,0.0,,,0.0
2025-06-24 09:00:00,,,,,,,509.0,509.0,,,0.0,,,0.0
2025-06-24 10:00:00,,,,,,,509.0,509.0,,,0.0,,,0.0
2025-06-24 11:00:00,,,,,,,509.0,509.0,,,0.0,,,0.0
2025-06-24 12:00:00,,,,,,,509.0,509.0,,,0.0,,,0.0
2025-06-24 13:00:00,,,,,,,509.0,509.0,,,0.0,,,0.0
2025-06-24 14:00:00,,,,,,,509.0,509.0,,,0.0,,,0.0
2025-06-24 15:00:00,,,,,,,509.0,509.0,,,0.0,,,0.0
2025-06-24 16:00:00,,,,,,,509.0,509.0,0.42859998,0.029,2.0,1.1255,0.00019997358,2.0
2025-06-24 17:00:00,,,,,,,509.0,509.0,,,0.0,,,0.0
2025-06-24 18:00:00,,,,,,,1533.0,1533.0,,,0.0,,,0.0
2025-06-24 19:00:00,,,,,,,1529.0,1529.0,,,0.0,,,0.0
2025-06-24 20:00:00,,,,,,,1529.0,1529.0,,,0.0,,,0.0
2025-06-24 21:00:00,,,,,,,1529.0,1529.0,,,0.0,,,0.0
2025-06-24 22:00:00,,,,,,,1273.0,1273.0,,,0.0,,,0.0
2025-06-24 23:00:00,,,,,,,1273.0,1273.0,,,0.0,,,0.0
2025-06-25 00:00:00,,,,,,,1273.0,1273.0,,,0.0,,,0.0
2025-06-25 01:00:00,,,,,,,1533.0,1533.0,,,0.0,,,0.0
2025-06-25 02:00:00,,,,,,,1273.0,1273.0,,,0.0,,,0.0
2025-06-25 03:00:00,,,,,,,1533.0,1533.0,,,0.0,,,0.0
2025-06-25 04:00:00,,,,,,,1533.0,1533.0,,,0.0,,,0.0
2025-06-25 05:00:00,,,,,,,1533.0,1533.0,,,0.0,,,0.0
2025-06-25 06:00:00,,,,,,,1533.0,1533.0,,,0.0,,,0.0
2025-06-25 07:00:00,,,,,,,509.0,509.0,,,0.0,,,0.0
2025-06-25 08:00:00,,,,,,,509.0,509.0,,,0.0,,,0.0
2025-06-25 09:00:00,,,,,,,509.0,509.0,,,0.0,,,0.0
2025-06-25 10:00:00,,,,,,,509.0,509.0,,,0.0,,,0.0
2025-06-25 11:00:00,,,,,,,509.0,509.0,,,0.0,,,0.0
2025-06-25 12:00:00,,,,,,,505.0,505.0,0.1604,0.0,1.0,1.0962,0.0,1.0
2025-06-25 13:00:00,,,,,,,2553.0,2552.0,0.1028,0.119799994,4.0,1.0797,0.025099993,4.0
2025-06-25 14:00:00,,,,,,,509.0,509.0,0.2954,0.0,1.0,1.1186,0.0,1.0
2025-06-25 15:00:00,,,,,,,509.0,509.0,,,0.0,,,0.0
2025-06-25 16:00:00,,,,,,,505.0,504.0,0.18419999,0.114199996,4.0,1.0543,0.09749997,4.0
2025-06-25 17:00:00,,,,,,,509.0,509.0,0.2672,0.0442,4.0,0.92649996,0.026799977,4.0
2025-06-25 18:00:00,,,,,,,1533.0,1533.0,,,0.0,,,0.0
2025-06-25 19:00:00,,,,,,,1273.0,1273.0,,,0.0,,,0.0
2025-06-25 20:00:00,,,,,,,1529.0,1529.0,,,0.0,,,0.0
2025-06-25 21:00:00,,,,,,,1529.0,1529.0,,,0.0,,,0.0
2025-06-25 22:00:00,,,,,,,1533.0,1533.0,,,0.0,,,0.0
2025-06-25 23:00:00,,,,,,,1273.0,1273.0,,,0.0,,,0.0
2025-06-26 00:00:00,,,,,,,1273.0,1273.0,,,0.0,,,0.0
2025-06-26 01:00:00,,,,,,,1273.0,1273.0,,,0.0,,,0.0
2025-06-26 02:00:00,,,,,,,1273.0,1273.0,,,0.0,,,0.0
2025-06-26 03:00:00,,,,,,,1273.0,1273.0,,,0.0,,,0.0
2025-06-26 04:00:00,,,,,,,1273.0,1273.0,,,0.0,,,0.0
2025-06-26 05:00:00,,,,,,,1273.0,1273.0,,,0.0,,,0.0
2025-06-26 06:00:00,,,,,,,1533.0,1533.0,,,0.0,,,0.0
2025-06-26 07:00:00,,,,,,,509.0,509.0,,,0.0,,,0.0
2025-06-26 08:00:00,,,,,,,509.0,509.0,,,0.0,,,0.0
2025-06-26 09:00:00,,,,,,,509.0,509.0,,,0.0,,,0.0
2025-06-26 10:00:00,,,,,,,509.0,509.0,,,0.0,,,0.0
2025-06-26 11:00:00,,,,,,,509.0,509.0,0.3166,0.0,1.0,1.0396,0.0,1.0
2025-06-26 12:00:00,,,,,,,509.0,509.0,,,0.0,,,0.0
2025-06-26 13:00:00,,,,,,,509.0,509.0,,,0.0,,,0.0
2025-06-26 14:00:00,,,,,,,509.0,509.0,,,0.0,,,0.0
2025-06-26 15:00:00,,,,,,,509.0,509.0,,,0.0,,,0.0
2025-06-26 16:00:00,,,,,,,509.0,509.0,,,0.0,,,0.0
2025-06-26 17:00:00,,,,,,,509.0,509.0,,,0.0,,,0.0
2025-06-26 18:00:00,,,,,,,1533.0,1533.0,,,0.0,,,0.0
2025-06-26 19:00:00,,,,,,,1533.0,1533.0,,,0.0,,,0.0
2025-06-26 20:00:00,,,,,,,1533.0,1533.0,,,0.0,,,0.0
2025-06-26 21:00:00,,,,,,,1533.0,1533.0,,,0.0,,,0.0
2025-06-26 22:00:00,,,,,,,1533.0,1533.0,,,0.0,,,0.0
2025-06-26 23:00:00,,,,,,,1533.0,1533.0,,,0.0,,,0.0
2025-06-27 00:00:00,,,,,,,1529.0,1529.0,,,0.0,,,0.0
2025-06-27 01:00:00,,,,,,,1533.0,1533.0,,,0.0,,,0.0
2025-06-27 02:00:00,,,,,,,1533.0,1533.0,,,0.0,,,0.0
2025-06-27 03:00:00,,,,,,,1533.0,1533.0,,,0.0,,,0.0
2025-06-27 04:00:00,,,,,,,1533.0,1533.0,,,0.0,,,0.0
2025-06-27 05:00:00,,,,,,,1533.0,1533.0,,,0.0,,,0.0
2025-06-27 06:00:00,,,,,,,1533.0,1533.0,,,0.0,,,0.0
2025-06-27 07:00:00,,,,,,,509.0,509.0,,,0.0,,,0.0
2025-06-27 08:00:00,,,,,,,509.0,509.0,,,0.0,,,0.0
2025-06-27 09:00:00,,,,,,,509.0,509.0,,,0.0,,,0.0
2025-06-27 10:00:00,,,,,,,509.0,509.0,,,0.0,,,0.0
2025-06-27 11:00:00,,,,,,,509.0,509.0,,,0.0,,,0.0
2025-06-27 12:00:00,,,,,,,509.0,509.0,,,0.0,,,0.0
2025-06-27 13:00:00,,,,,,,509.0,509.0,,,0.0,,,0.0
2025-06-27 14:00:00,,,,,,,509.0,509.0,,,0.0,,,0.0
2025-06-27 15:00:00,,,,,,,509.0,509.0,,,0.0,,,0.0
2025-06-27 16:00:00,,,,,,,509.0,509.0,,,0.0,,,0.0
2025-06-27 17:00:00,,,,,,,509.0,509.0,,,0.0,,,0.0
2025-06-27 18:00:00,,,,,,,1529.0,1529.0,,,0.0,,,0.0
2025-06-27 19:00:00,,,,,,,1533.0,1533.0,,,0.0,,,0.0
2025-06-27 20:00:00,,,,,,,1533.0,1533.0,,,0.0,,,0.0
2025-06-27 21:00:00,,,,,,,1533.0,1533.0,,,0.0,,,0.0
2025-06-27 22:00:00,,,,,,,1533.0,1533.0,,,0.0,,,0.0
2025-06-27 23:00:00,,,,,,,1533.0,1533.0,,,0.0,,,0.0
2025-06-28 00:00:00,,,,,,,1533.0,1533.0,,,0.0,,,0.0
2025-06-28 01:00:00,,,,,,,1533.0,1533.0,,,0.0,,,0.0
2025-06-28 02:00:00,,,,,,,1533.0,1533.0,,,0.0,,,0.0
2025-06-28 03:00:00,,,,,,,1533.0,1533.0,,,0.0,,,0.0
2025-06-28 04:00:00,,,,,,,1529.0,1529.0,,,0.0,,,0.0
2025-06-28 05:00:00,,,,,,,1533.0,1533.0,,,0.0,,,0.0
2025-06-28 06:00:00,,,,,,,1533.0,1533.0,,,0.0,,,0.0
2025-06-28 07:00:00,,,,,,,509.0,509.0,,,0.0,,,0.0
2025-06-28 08:00:00,,,,,,,509.0,509.0,,,0.0,,,0.0
2025-06-28 09:00:00,,,,,,,509.0,509.0,,,0.0,,,0.0
2025-06-28 10:00:00,,,,,,,509.0,509.0,,,0.0,,,0.0
2025-06-28 11:00:00,,,,,,,509.0,509.0,,,0.0,,,0.0
2025-06-28 12:00:00,,,,,,,509.0,509.0,,,0.0,,,0.0
2025-06-28 13:00:00,,,,,,,509.0,509.0,,,0.0,,,0.0
2025-06-28 14:00:00,,,,,,,509.0,509.0,,,0.0,,,0.0
2025-06-28 15:00:00,,,,,,,509.0,509.0,,,0.0,,,0.0
2025-06-28 16:00:00,,,,,,,509.0,509.0,,,0.0,,,0.0
2025-06-28 17:00:00,,,,,,,509.0,509.0,,,0.0,,,0.0
2025-06-28 18:00:00,,,,,,,1533.0,1533.0,,,0.0,,,0.0
2025-06-28 19:00:00,,,,,,,1533.0,1533.0,,,0.0,,,0.0
2025-06-28 20:00:00,,,,,,,1533.0,1533.0,,,0.0,,,0.0
2025-06-28 21:00:00,,,,,,,1533.0,1533.0,,,0.0,,,0.0
2025-06-28 22:00:00,,,,,,,1533.0,1533.0,,,0.0,,,0.0
2025-06-28 23:00:00,,,,,,,1533.0,1533.0,,,0.0,,,0.0
2025-06-29 00:00:00,,,,,,,1533.0,1533.0,,,0.0,,,0.0
2025-06-29 01:00:00,,,,,,,1529.0,1529.0,,,0.0,,,0.0
2025-06-29 02:00:00,,,,,,,1529.0,1529.0,,,0.0,,,0.0
2025-06-29 03:00:00,,,,,,,1533.0,1533.0,,,0.0,,,0.0
2025-06-29 04:00:00,,,,,,,1533.0,1533.0,,,0.0,,,0.0
2025-06-29 05:00:00,,,,,,,1533.0,1533.0,,,0.0,,,0.0
2025-06-29 06:00:00,,,,,,,1533.0,1533.0,,,0.0,,,0.0
2025-06-29 07:00:00,,,,,,,509.0,509.0,,,0.0,,,0.0
2025-06-29 08:00:00,,,,,,,509.0,509.0,,,0.0,,,0.0
2025-06-29 09:00:00,,,,,,,509.0,509.0,,,0.0,,,0.0
2025-06-29 10:00:00,,,,,,,509.0,509.0,,,0.0,,,0.0
2025-06-29 11:00:00,,,,,,,509.0,509.0,,,0.0,,,0.0
2025-06-29 12:00:00,,,,,,,509.0,509.0,,,0.0,,,0.0
2025-06-29 13:00:00,,,,,,,509.0,509.0,,,0.0,,,0.0
2025-06-29 14:00:00,,,,,,,509.0,509.0,,,0.0,,,0.0
2025-06-29 15:00:00,,,,,,,509.0,509.0,,,0.0,,,0.0
2025-06-29 16:00:00,,,,,,,509.0,509.0,,,0.0,,,0.0
2025-06-29 17:00:00,,,,,,,509.0,509.0,,,0.0,,,0.0
2025-06-29 18:00:00,,,,,,,1533.0,1533.0,,,0.0,,,0.0
2025-06-29 19:00:00,,,,,,,1533.0,1533.0,,,0.0,,,0.0
2025-06-29 20:00:00,,,,,,,1533.0,1533.0,,,0.0,,,0.0
2025-06-29 21:00:00,,,,,,,1533.0,1533.0,,,0.0,,,0.0
2025-06-29 22:00:00,,,,,,,1533.0,1533.0,,,0.0,,,0.0
2025-06-29 23:00:00,,,,,,,1533.0,1533.0,,,0.0,,,0.0
2025-06-30 00:00:00,,,,,,,1533.0,1533.0,,,0.0,,,0.0
2025-06-30 01:00:00,,,,,,,1533.0,1533.0,,,0.0,,,0.0
2025-06-30 02:00:00,,,,,,,1533.0,1533.0,,,0.0,,,0.0
2025-06-30 03:00:00,,,,,,,1533.0,1533.0,,,0.0,,,0.0
2025-06-30 04:00:00,,,,,,,1529.0,1529.0,,,0.0,,,0.0
2025-06-30 05:00:00,,,,,,,1533.0,1533.0,,,0.0,,,0.0
2025-06-30 06:00:00,,,,,,,1533.0,1533.0,,,0.0,,,0.0
2025-06-30 07:00:00,,,,,,,509.0,509.0,,,0.0,,,0.0
2025-06-30 08:00:00,,,,,,,509.0,509.0,,,0.0,,,0.0
2025-06-30 09:00:00,,,,,,,509.0,509.0,,,0.0,,,0.0
2025-06-30 10:00:00,,,,,,,509.0,509.0,,,0.0,,,0.0
2025-06-30 11:00:00,,,,,,,509.0,509.0,,,0.0,,,0.0
2025-06-30 12:00:00,,,,,,,509.0,509.0,,,0.0,,,0.0
2025-06-30 13:00:00,,,,,,,505.0,505.0,,,0.0,,,0.0
2025-06-30 14:00:00,,,,,,,509.0,509.0,,,0.0,,,0.0
2025-06-30 15:00:00,,,,,,,509.0,509.0,,,0.0,,,0.0
2025-06-30 16:00:00,,,,,,,509.0,509.0,,,0.0,,,0.0
2025-06-30 17:00:00,,,,,,,509.0,509.0,,,0.0,,,0.0
2025-06-30 18:00:00,,,,,,,1533.0,1533.0,,,0.0,,,0.0
2025-06-30 19:00:00,,,,,,,1529.0,1529.0,,,0.0,,,0.0
2025-06-30 20:00:00,,,,,,,1533.0,1533.0,,,0.0,,,0.0
2025-06-30 21:00:00,,,,,,,1529.0,1529.0,,,0.0,,,0.0
2025-06-30 22:00:00,,,,,,,1529.0,1529.0,,,0.0,,,0.0
2025-06-30 23:00:00,,,,,,,1533.0,1533.0,,,0.0,,,0.0
2025-07-01 00:00:00,,,,,,,1533.0,1533.0,,,0.0,,,0.0
2025-07-01 01:00:00,,,,,,,1533.0,1533.0,,,0.0,,,0.0
2025-07-01 02:00:00,,,,,,,1533.0,1533.0,,,0.0,,,0.0
2025-07-01 03:00:00,,,,,,,1533.0,1533.0,,,0.0,,,0.0
2025-07-01 04:00:00,,,,,,,1533.0,1533.0,,,0.0,,,0.0
2025-07-01 05:00:00,,,,,,,1533.0,1533.0,,,0.0,,,0.0
2025-07-01 06:00:00,,,,,,,1533.0,1533.0,,,0.0,,,0.0
2025-07-01 07:00:00,,,,,,,509.0,509.0,,,0.0,,,0.0
2025-07-01 08:00:00,,,,,,,509.0,509.0,,,0.0,,,0.0
2025-07-01 09:00:00,,,,,,,509.0,509.0,,,0.0,,,0.0
2025-07-01 10:00:00,,,,,,,509.0,509.0,,,0.0,,,0.0
2025-07-01 11:00:00,,,,,,,509.0,509.0,,,0.0,,,0.0
2025-07-01 12:00:00,,,,,,,509.0,509.0,,,0.0,,,0.0
2025-07-01 13:00:00,,,,,,,509.0,509.0,,,0.0,,,0.0
2025-07-01 14:00:00,,,,,,,509.0,509.0,,,0.0,,,0.0
2025-07-01 15:00:00,,,,,,,509.0,509.0,,,0.0,,,0.0
2025-07-01 16:00:00,,,,,,,509.0,509.0,,,0.0,,,0.0
2025-07-01 17:00:00,,,,,,,509.0,509.0,,,0.0,,,0.0
2025-07-01 18:00:00,,,,,,,1533.0,1533.0,,,0.0,,,0.0
2025-07-01 19:00:00,,,,,,,1533.0,1533.0,,,0.0,,,0.0
2025-07-01 20:00:00,,,,,,,1533.0,1533.0,,,0.0,,,0.0
2025-07-01 21:00:00,,,,,,,1529.0,1529.0,,,0.0,,,0.0
2025-07-01 22:00:00,,,,,,,1533.0,1533.0,,,0.0,,,0.0
2025-07-01 23:00:00,,,,,,,1533.0,1533.0,,,0.0,,,0.0
2025-07-02 00:00:00,,,,,,,1533.0,1533.0,,,0.0,,,0.0
2025-07-02 01:00:00,,,,,,,1529.0,1529.0,,,0.0,,,0.0
2025-07-02 02:00:00,,,,,,,1533.0,1533.0,,,0.0,,,0.0
2025-07-02 03:00:00,,,,,,,1533.0,1533.0,,,0.0,,,0.0
2025-07-02 04:00:00,,,,,,,1533.0,1533.0,,,0.0,,,0.0
2025-07-02 05:00:00,,,,,,,1533.0,1533.0,,,0.0,,,0.0
2025-07-02 06:00:00,,,,,,,1533.0,1533.0,,,0.0,,,0.0
2025-07-02 07:00:00,,,,,,,509.0,509.0,,,0.0,,,0.0
2025-07-02 08:00:00,,,,,,,509.0,509.0,,,0.0,,,0.0
2025-07-02 09:00:00,,,,,,,509.0,509.0,,,0.0,,,0.0
2025-07-02 10:00:00,,,,,,,509.0,509.0,,,0.0,,,0.0
2025-07-02 11:00:00,,,,,,,509.0,509.0,,,0.0,,,0.0
2025-07-02 12:00:00,,,,,,,509.0,509.0,,,0.0,,,0.0
2025-07-02 13:00:00,,,,,,,509.0,509.0,,,0.0,,,0.0
2025-07-02 14:00:00,,,,,,,509.0,509.0,,,0.0,,,0.0
2025-07-02 15:00:00,,,,,,,509.0,509.0,,,0.0,,,0.0
2025-07-02 16:00:00,,,,,,,509.0,509.0,,,0.0,,,0.0
2025-07-02 17:00:00,,,,,,,509.0,509.0,,,0.0,,,0.0
2025-07-02 18:00:00,,,,,,,1533.0,1533.0,,,0.0,,,0.0
2025-07-02 19:00:00,,,,,,,1529.0,1529.0,,,0.0,,,0.0
2025-07-02 20:00:00,,,,,,,1533.0,1533.0,,,0.0,,,0.0
2025-07-02 21:00:00,,,,,,,1533.0,1533.0,,,0.0,,,0.0
2025-07-02 22:00:00,,,,,,,1533.0,1533.0,,,0.0,,,0.0
2025-07-02 23:00:00,,,,,,,1529.0,1529.0,,,0.0,,,0.0
2025-07-03 00:00:00,,,,,,,1533.0,1533.0,,,0.0,,,0.0
2025-07-03 01:00:00,,,,,,,1533.0,1533.0,,,0.0,,,0.0
2025-07-03 02:00:00,,,,,,,1533.0,1533.0,,,0.0,,,0.0
2025-07-03 03:00:00,,,,,,,1273.0,1273.0,,,0.0,,,0.0
2025-07-03 04:00:00,,,,,,,1529.0,1529.0,,,0.0,,,0.0
2025-07-03 05:00:00,,,,,,,1529.0,1529.0,,,0.0,,,0.0
2025-07-03 06:00:00,,,,,,,1533.0,1533.0,,,0.0,,,0.0
2025-07-03 07:00:00,,,,,,,509.0,509.0,,,0.0,,,0.0
2025-07-03 08:00:00,,,,,,,509.0,509.0,,,0.0,,,0.0
2025-07-03 09:00:00,,,,,,,509.0,509.0,,,0.0,,,0.0
2025-07-03 10:00:00,,,,,,,509.0,509.0,,,0.0,,,0.0
2025-07-03 11:00:00,,,,,,,509.0,509.0,,,0.0,,,0.0
2025-07-03 12:00:00,,,,,,,509.0,509.0,,,0.0,,,0.0
2025-07-03 13:00:00,,,,,,,509.0,509.0,,,0.0,,,0.0
2025-07-03 14:00:00,,,,,,,509.0,509.0,,,0.0,,,0.0
2025-07-03 15:00:00,,,,,,,509.0,509.0,,,0.0,,,0.0
2025-07-03 16:00:00,,,,,,,509.0,509.0,,,0.0,,,0.0
2025-07-03 17:00:00,,,,,,,509.0,509.0,,,0.0,,,0.0
2025-07-03 18:00:00,,,,,,,1533.0,1533.0,,,0.0,,,0.0
2025-07-03 19:00:00,,,,,,,1533.0,1533.0,,,0.0,,,0.0
2025-07-03 20:00:00,,,,,,,1533.0,1533.0,,,0.0,,,0.0
2025-07-03 21:00:00,,,,,,,1533.0,1533.0,,,0.0,,,0.0
2025-07-03 22:00:00,,,,,,,1529.0,1529.0,,,0.0,,,0.0
2025-07-03 23:00:00,,,,,,,1529.0,1529.0,,,0.0,,,0.0
2025-07-04 00:00:00,,,,,,,1533.0,1533.0,,,0.0,,,0.0
2025-07-04 01:00:00,,,,,,,1533.0,1533.0,,,0.0,,,0.0
2025-07-04 02:00:00,,,,,,,1533.0,1533.0,,,0.0,,,0.0
2025-07-04 03:00:00,,,,,,,1533.0,1533.0,,,0.0,,,0.0
2025-07-04 04:00:00,,,,,,,1533.0,1533.0,,,0.0,,,0.0
2025-07-04 05:00:00,,,,,,,1529.0,1529.0,,,0.0,,,0.0
2025-07-04 06:00:00,,,,,,,1533.0,1533.0,,,0.0,,,0.0
2025-07-04 07:00:00,,,,,,,505.0,505.0,,,0.0,,,0.0
2025-07-04 08:00:00,,,,,,,509.0,509.0,,,0.0,,,0.0
2025-07-04 09:00:00,,,,,,,509.0,509.0,,,0.0,,,0.0
2025-07-04 10:00:00,,,,,,,509.0,509.0,,,0.0,,,0.0
2025-07-04 11:00:00,,,,,,,509.0,509.0,,,0.0,,,0.0
2025-07-04 12:00:00,,,,,,,509.0,509.0,,,0.0,,,0.0
2025-07-04 13:00:00,,,,,,,509.0,509.0,,,0.0,,,0.0
2025-07-04 14:00:00,,,,,,,509.0,509.0,,,0.0,,,0.0
2025-07-04 15:00:00,,,,,,,509.0,509.0,,,0.0,,,0.0
2025-07-04 16:00:00,,,,,,,509.0,509.0,0.6038,0.0,1.0,0.9907,0.0,1.0
2025-07-04 17:00:00,,,,,,,509.0,509.0,,,0.0,,,0.0
2025-07-04 18:00:00,,,,,,,1533.0,1533.0,,,0.0,,,0.0
2025-07-04 19:00:00,,,,,,,1529.0,1529.0,,,0.0,,,0.0
2025-07-04 20:00:00,,,,,,,1533.0,1533.0,,,0.0,,,0.0
2025-07-04 21:00:00,,,,,,,1533.0,1533.0,,,0.0,,,0.0
2025-07-04 22:00:00,,,,,,,1529.0,1529.0,,,0.0,,,0.0
2025-07-04 23:00:00,,,,,,,1533.0,1533.0,,,0.0,,,0.0
2025-07-05 00:00:00,,,,,,,1533.0,1533.0,,,0.0,,,0.0
2025-07-05 01:00:00,,,,,,,1529.0,1529.0,,,0.0,,,0.0
2025-07-05 02:00:00,,,,,,,1533.0,1533.0,,,0.0,,,0.0
2025-07-05 03:00:00,,,,,,,1529.0,1529.0,,,0.0,,,0.0
2025-07-05 04:00:00,,,,,,,1533.0,1533.0,,,0.0,,,0.0
2025-07-05 05:00:00,,,,,,,1533.0,1533.0,,,0.0,,,0.0
2025-07-05 06:00:00,,,,,,,1533.0,1533.0,,,0.0,,,0.0
2025-07-05 07:00:00,,,,,,,509.0,509.0,,,0.0,,,0.0
2025-07-05 08:00:00,,,,,,,505.0,505.0,,,0.0,,,0.0
2025-07-05 09:00:00,,,,,,,509.0,509.0,0.0482,0.0,1.0,1.005,0.0,1.0
2025-07-05 10:00:00,,,,,,,509.0,509.0,,,0.0,,,0.0
2025-07-05 11:00:00,,,,,,,509.0,509.0,,,0.0,,,0.0
2025-07-05 12:00:00,,,,,,,509.0,509.0,,,0.0,,,0.0
2025-07-05 13:00:00,,,,,,,509.0,509.0,,,0.0,,,0.0
2025-07-05 14:00:00,,,,,,,509.0,509.0,,,0.0,,,0.0
2025-07-05 15:00:00,,,,,,,509.0,509.0,,,0.0,,,0.0
2025-07-05 16:00:00,,,,,,,509.0,509.0,,,0.0,,,0.0
2025-07-05 17:00:00,,,,,,,509.0,509.0,,,0.0,,,0.0
2025-07-05 18:00:00,,,,,,,1529.0,1529.0,,,0.0,,,0.0
2025-07-05 19:00:00,,,,,,,1529.0,1529.0,,,0.0,,,0.0
2025-07-05 20:00:00,,,,,,,1533.0,1533.0,,,0.0,,,0.0
2025-07-05 21:00:00,,,,,,,1273.0,1273.0,,,0.0,,,0.0
2025-07-05 22:00:00,,,,,,,1529.0,1529.0,,,0.0,,,0.0
2025-07-05 23:00:00,,,,,,,1533.0,1533.0,,,0.0,,,0.0
2025-07-06 00:00:00,,,,,,,1529.0,1529.0,,,0.0,,,0.0
2025-07-06 01:00:00,,,,,,,1529.0,1529.0,,,0.0,,,0.0
2025-07-06 02:00:00,,,,,,,1529.0,1529.0,,,0.0,,,0.0
2025-07-06 03:00:00,,,,,,,1533.0,1533.0,,,0.0,,,0.0
2025-07-06 04:00:00,,,,,,,1533.0,1533.0,,,0.0,,,0.0
2025-07-06 05:00:00,,,,,,,1533.0,1533.0,,,0.0,,,0.0
2025-07-06 06:00:00,,,,,,,1533.0,1533.0,,,0.0,,,0.0
2025-07-06 07:00:00,,,,,,,509.0,509.0,,,0.0,,,0.0
2025-07-06 08:00:00,,,,,,,509.0,509.0,,,0.0,,,0.0
2025-07-06 09:00:00,,,,,,,509.0,509.0,,,0.0,,,0.0
2025-07-06 10:00:00,,,,,,,509.0,509.0,,,0.0,,,0.0
2025-07-06 11:00:00,,,,,,,509.0,509.0,,,0.0,,,0.0
2025-07-06 12:00:00,,,,,,,509.0,509.0,,,0.0,,,0.0
2025-07-06 13:00:00,,,,,,,509.0,509.0,,,0.0,,,0.0
2025-07-06 14:00:00,,,,,,,509.0,509.0,,,0.0,,,0.0
2025-07-06 15:00:00,,,,,,,509.0,509.0,,,0.0,,,0.0
2025-07-06 16:00:00,,,,,,,509.0,509.0,,,0.0,,,0.0
2025-07-06 17:00:00,,,,,,,509.0,509.0,,,0.0,,,0.0
2025-07-06 18:00:00,,,,,,,1529.0,1529.0,,,0.0,,,0.0
2025-07-06 19:00:00,,,,,,,1533.0,1533.0,,,0.0,,,0.0
2025-07-06 20:00:00,,,,,,,1533.0,1533.0,,,0.0,,,0.0
2025-07-06 21:00:00,,,,,,,1533.0,1533.0,,,0.0,,,0.0
2025-07-06 22:00:00,,,,,,,1533.0,1533.0,,,0.0,,,0.0
2025-07-06 23:00:00,,,,,,,1273.0,1273.0,,,0.0,,,0.0
2025-07-07 00:00:00,,,,,,,1529.0,1529.0,,,0.0,,,0.0
2025-07-07 01:00:00,,,,,,,1529.0,1529.0,,,0.0,,,0.0
2025-07-07 02:00:00,,,,,,,1529.0,1529.0,,,0.0,,,0.0
2025-07-07 03:00:00,,,,,,,1529.0,1529.0,,,0.0,,,0.0
2025-07-07 04:00:00,,,,,,,1533.0,1533.0,,,0.0,,,0.0
2025-07-07 05:00:00,,,,,,,1273.0,1273.0,,,0.0,,,0.0
2025-07-07 06:00:00,,,,,,,1533.0,1533.0,,,0.0,,,0.0
2025-07-07 07:00:00,,,,,,,509.0,509.0,,,0.0,,,0.0
2025-07-07 08:00:00,,,,,,,509.0,509.0,,,0.0,,,0.0
2025-07-07 09:00:00,,,,,,,509.0,509.0,,,0.0,,,0.0
2025-07-07 10:00:00,,,,,,,509.0,509.0,,,0.0,,,0.0
2025-07-07 11:00:00,,,,,,,509.0,509.0,,,0.0,,,0.0
2025-07-07 12:00:00,,,,,,,509.0,509.0,,,0.0,,,0.0
2025-07-07 13:00:00,,,,,,,509.0,509.0,,,0.0,,,0.0
2025-07-07 14:00:00,,,,,,,509.0,509.0,,,0.0,,,0.0
2025-07-07 15:00:00,,,,,,,509.0,509.0,,,0.0,,,0.0
2025-07-07 16:00:00,,,,,,,509.0,509.0,,,0.0,,,0.0
2025-07-07 17:00:00,,,,,,,509.0,509.0,,,0.0,,,0.0
2025-07-07 18:00:00,,,,,,,1529.0,1529.0,,,0.0,,,0.0
2025-07-07 19:00:00,,,,,,,1273.0,1273.0,,,0.0,,,0.0
2025-07-07 20:00:00,,,,,,,1273.0,1273.0,,,0.0,,,0.0
2025-07-07 21:00:00,,,,,,,1273.0,1273.0,,,0.0,,,0.0
2025-07-07 22:00:00,,,,,,,1529.0,1529.0,,,0.0,,,0.0
2025-07-07 23:00:00,,,,,,,1529.0,1529.0,,,0.0,,,0.0
2025-07-08 00:00:00,,,,,,,1533.0,1533.0,,,0.0,,,0.0
2025-07-08 01:00:00,,,,,,,1529.0,1529.0,,,0.0,,,0.0
2025-07-08 02:00:00,,,,,,,1273.0,1273.0,,,0.0,,,0.0
2025-07-08 03:00:00,,,,,,,1273.0,1273.0,,,0.0,,,0.0
2025-07-08 04:00:00,,,,,,,1273.0,1273.0,,,0.0,,,0.0
2025-07-08 05:00:00,,,,,,,1273.0,1273.0,,,0.0,,,0.0
2025-07-08 06:00:00,,,,,,,1533.0,1533.0,,,0.0,,,0.0
2025-07-08 07:00:00,,,,,,,505.0,505.0,,,0.0,,,0.0
2025-07-08 08:00:00,,,,,,,505.0,505.0,,,0.0,,,0.0
2025-07-08 09:00:00,,,,,,,505.0,505.0,0.0018,0.0,1.0,0.9563,0.0,1.0
2025-07-08 10:00:00,,,,,,,509.0,509.0,,,0.0,,,0.0
2025-07-08 11:00:00,,,,,,,509.0,509.0,,,0.0,,,0.0
2025-07-08 12:00:00,,,,,,,509.0,509.0,,,0.0,,,0.0
2025-07-08 13:00:00,,,,,,,509.0,509.0,,,0.0,,,0.0
2025-07-08 14:00:00,,,,,,,509.0,509.0,1.5108,0.0,1.0,0.9663,0.0,1.0
2025-07-08 15:00:00,,,,,,,509.0,509.0,0.3804,0.0,1.0,0.9750999,0.0,1.0
2025-07-08 16:00:00,,,,,,,509.0,509.0,,,0.0,,,0.0
2025-07-08 17:00:00,,,,,,,509.0,509.0,,,0.0,,,0.0
2025-07-08 18:00:00,,,,,,,1533.0,1533.0,,,0.0,,,0.0
2025-07-08 19:00:00,,,,,,,1533.0,1533.0,,,0.0,,,0.0
2025-07-08 20:00:00,,,,,,,1533.0,1533.0,,,0.0,,,0.0
2025-07-08 21:00:00,,,,,,,1529.0,1529.0,,,0.0,,,0.0
2025-07-08 22:00:00,,,,,,,1529.0,1529.0,,,0.0,,,0.0
2025-07-08 23:00:00,,,,,,,1533.0,1533.0,,,0.0,,,0.0
2025-07-09 00:00:00,,,,,,,1529.0,1529.0,,,0.0,,,0.0
2025-07-09 01:00:00,,,,,,,1533.0,1533.0,,,0.0,,,0.0
2025-07-09 02:00:00,,,,,,,1529.0,1529.0,,,0.0,,,0.0
2025-07-09 03:00:00,,,,,,,1533.0,1533.0,,,0.0,,,0.0
2025-07-09 04:00:00,,,,,,,1533.0,1533.0,,,0.0,,,0.0
2025-07-09 05:00:00,,,,,,,1533.0,1533.0,,,0.0,,,0.0
2025-07-09 06:00:00,,,,,,,1533.0,1533.0,,,0.0,,,0.0
2025-07-09 07:00:00,,,,,,,509.0,509.0,,,0.0,,,0.0
2025-07-09 08:00:00,,,,,,,2297.0,2296.0,0.0648,0.054399997,2.0,0.8871,0.006099999,2.0
2025-07-09 09:00:00,,,,,,,249.0,249.0,,,0.0,,,0.0
2025-07-09 10:00:00,,,,,,,249.0,248.0,0.1004,0.14039999,3.0,0.9519,0.01730001,3.0
2025-07-09 11:00:00,,,,,,,509.0,509.0,0.1638,0.047599997,5.0,0.96159995,0.0062999725,5.0
2025-07-09 12:00:00,,,,,,,249.0,248.0,0.37559998,0.1346,2.0,0.9331,0.013499975,2.0
2025-07-09 13:00:00,,,,,,,509.0,509.0,,,0.0,,,0.0
2025-07-09 14:00:00,,,,,,,509.0,509.0,,,0.0,,,0.0
2025-07-09 15:00:00,,,,,,,509.0,509.0,,,0.0,,,0.0
2025-07-09 16:00:00,,,,,,,509.0,509.0,,,0.0,,,0.0
2025-07-09 17:00:00,,,,,,,509.0,509.0,,,0.0,,,0.0
2025-07-09 18:00:00,,,,,,,1533.0,1533.0,,,0.0,,,0.0
2025-07-09 19:00:00,,,,,,,1533.0,1533.0,,,0.0,,,0.0
2025-07-09 20:00:00,,,,,,,1533.0,1533.0,,,0.0,,,0.0
2025-07-09 21:00:00,,,,,,,1529.0,1529.0,,,0.0,,,0.0
2025-07-09 22:00:00,,,,,,,1533.0,1533.0,,,0.0,,,0.0
2025-07-09 23:00:00,,,,,,,1533.0,1533.0,,,0.0,,,0.0
2025-07-10 00:00:00,,,,,,,1533.0,1533.0,,,0.0,,,0.0
2025-07-10 01:00:00,,,,,,,1533.0,1533.0,,,0.0,,,0.0
2025-07-10 02:00:00,,,,,,,1533.0,1533.0,,,0.0,,,0.0
2025-07-10 03:00:00,,,,,,,1533.0,1533.0,,,0.0,,,0.0
2025-07-10 04:00:00,,,,,,,1533.0,1533.0,,,0.0,,,0.0
2025-07-10 05:00:00,,,,,,,1533.0,1533.0,,,0.0,,,0.0
2025-07-10 06:00:00,,,,,,,1533.0,1533.0,,,0.0,,,0.0
2025-07-10 07:00:00,,,,,,,509.0,509.0,,,0.0,,,0.0
2025-07-10 08:00:00,,,,,,,509.0,509.0,,,0.0,,,0.0
2025-07-10 09:00:00,,,,,,,509.0,509.0,,,0.0,,,0.0
2025-07-10 10:00:00,,,,,,,509.0,509.0,,,0.0,,,0.0
2025-07-10 11:00:00,,,,,,,509.0,509.0,,,0.0,,,0.0
2025-07-10 12:00:00,,,,,,,509.0,509.0,,,0.0,,,0.0
2025-07-10 13:00:00,,,,,,,509.0,509.0,0.5262,0.0,1.0,0.9412999,0.0,1.0
2025-07-10 14:00:00,,,,,,,509.0,509.0,,,0.0,,,0.0
2025-07-10 15:00:00,,,,,,,509.0,509.0,0.060999997,0.0334,2.0,0.8679999,0.0013999939,2.0
2025-07-10 16:00:00,,,,,,,509.0,509.0,,,0.0,,,0.0
2025-07-10 17:00:00,,,,,,,509.0,509.0,,,0.0,,,0.0
2025-07-10 18:00:00,,,,,,,1533.0,1533.0,,,0.0,,,0.0
2025-07-10 19:00:00,,,,,,,1533.0,1533.0,,,0.0,,,0.0
2025-07-10 20:00:00,,,,,,,1533.0,1533.0,,,0.0,,,0.0
2025-07-10 21:00:00,,,,,,,1533.0,1533.0,,,0.0,,,0.0
2025-07-10 22:00:00,,,,,,,1529.0,1529.0,,,0.0,,,0.0
2025-07-10 23:00:00,,,,,,,1533.0,1533.0,,,0.0,,,0.0
2025-07-11 00:00:00,,,,,,,1533.0,1533.0,,,0.0,,,0.0
2025-07-11 01:00:00,,,,,,,1533.0,1533.0,,,0.0,,,0.0
2025-07-11 02:00:00,,,,,,,1533.0,1533.0,,,0.0,,,0.0
2025-07-11 03:00:00,,,,,,,1533.0,1533.0,,,0.0,,,0.0
2025-07-11 04:00:00,,,,,,,1533.0,1533.0,,,0.0,,,0.0
2025-07-11 05:00:00,,,,,,,1529.0,1529.0,,,0.0,,,0.0
2025-07-11 06:00:00,,,,,,,1533.0,1533.0,,,0.0,,,0.0
2025-07-11 07:00:00,,,,,,,509.0,509.0,,,0.0,,,0.0
2025-07-11 08:00:00,,,,,,,509.0,509.0,,,0.0,,,0.0
2025-07-11 09:00:00,,,,,,,509.0,509.0,,,0.0,,,0.0
2025-07-11 10:00:00,,,,,,,509.0,509.0,,,0.0,,,0.0
2025-07-11 11:00:00,,,,,,,509.0,509.0,,,0.0,,,0.0
2025-07-11 12:00:00,,,,,,,509.0,509.0,,,0.0,,,0.0
2025-07-11 13:00:00,,,,,,,509.0,509.0,,,0.0,,,0.0
2025-07-11 14:00:00,,,,,,,509.0,509.0,,,0.0,,,0.0
2025-07-11 15:00:00,,,,,,,509.0,509.0,,,0.0,,,0.0
2025-07-11 16:00:00,,,,,,,509.0,509.0,,,0.0,,,0.0
2025-07-11 17:00:00,,,,,,,509.0,509.0,,,0.0,,,0.0
2025-07-11 18:00:00,,,,,,,1533.0,1533.0,,,0.0,,,0.0
2025-07-11 19:00:00,,,,,,,1533.0,1533.0,,,0.0,,,0.0
2025-07-11 20:00:00,,,,,,,1533.0,1533.0,,,0.0,,,0.0
2025-07-11 21:00:00,,,,,,,1533.0,1533.0,,,0.0,,,0.0
2025-07-11 22:00:00,,,,,,,1533.0,1533.0,,,0.0,,,0.0
2025-07-11 23:00:00,,,,,,,1533.0,1533.0,,,0.0,,,0.0
2025-07-12 00:00:00,,,,,,,1533.0,1533.0,,,0.0,,,0.0
2025-07-12 01:00:00,,,,,,,1533.0,1533.0,,,0.0,,,0.0
2025-07-12 02:00:00,,,,,,,1533.0,1533.0,,,0.0,,,0.0
2025-07-12 03:00:00,,,,,,,1533.0,1533.0,,,0.0,,,0.0
2025-07-12 04:00:00,,,,,,,1529.0,1529.0,,,0.0,,,0.0
2025-07-12 05:00:00,,,,,,,1529.0,1529.0,,,0.0,,,0.0
2025-07-12 06:00:00,,,,,,,1533.0,1533.0,,,0.0,,,0.0
2025-07-12 07:00:00,,,,,,,509.0,509.0,,,0.0,,,0.0
2025-07-12 08:00:00,,,,,,,509.0,509.0,,,0.0,,,0.0
2025-07-12 09:00:00,,,,,,,509.0,509.0,,,0.0,,,0.0
2025-07-12 10:00:00,,,,,,,509.0,509.0,,,0.0,,,0.0
2025-07-12 11:00:00,,,,,,,509.0,509.0,,,0.0,,,0.0
2025-07-12 12:00:00,,,,,,,509.0,509.0,,,0.0,,,0.0
2025-07-12 13:00:00,,,,,,,509.0,509.0,,,0.0,,,0.0
2025-07-12 14:00:00,,,,,,,509.0,509.0,,,0.0,,,0.0
2025-07-12 15:00:00,,,,,,,509.0,509.0,,,0.0,,,0.0
2025-07-12 16:00:00,,,,,,,509.0,509.0,,,0.0,,,0.0
2025-07-12 17:00:00,,,,,,,509.0,509.0,,,0.0,,,0.0
2025-07-12 18:00:00,,,,,,,1533.0,1533.0,,,0.0,,,0.0
2025-07-12 19:00:00,,,,,,,1529.0,1529.0,,,0.0,,,0.0
2025-07-12 20:00:00,,,,,,,1529.0,1529.0,,,0.0,,,0.0
2025-07-12 21:00:00,,,,,,,1529.0,1529.0,,,0.0,,,0.0
2025-07-12 22:00:00,,,,,,,1529.0,1529.0,,,0.0,,,0.0
2025-07-12 23:00:00,,,,,,,1533.0,1533.0,,,0.0,,,0.0
2025-07-13 00:00:00,,,,,,,1533.0,1533.0,,,0.0,,,0.0
2025-07-13 01:00:00,,,,,,,1533.0,1533.0,,,0.0,,,0.0
2025-07-13 02:00:00,,,,,,,1529.0,1529.0,,,0.0,,,0.0
2025-07-13 03:00:00,,,,,,,1533.0,1533.0,,,0.0,,,0.0
2025-07-13 04:00:00,,,,,,,1533.0,1533.0,,,0.0,,,0.0
2025-07-13 05:00:00,,,,,,,1533.0,1533.0,,,0.0,,,0.0
2025-07-13 06:00:00,,,,,,,1533.0,1533.0,,,0.0,,,0.0
2025-07-13 07:00:00,,,,,,,509.0,509.0,,,0.0,,,0.0
2025-07-13 08:00:00,,,,,,,509.0,509.0,1.013,0.0,1.0,1.1602,0.0,1.0
2025-07-13 09:00:00,,,,,,,509.0,509.0,1.5732,0.0,1.0,0.4561,0.0,1.0
2025-07-13 10:00:00,,,,,,,509.0,509.0,,,0.0,,,0.0
2025-07-13 11:00:00,,,,,,,509.0,509.0,,,0.0,,,0.0
2025-07-13 12:00:00,,,,,,,509.0,509.0,,,0.0,,,0.0
2025-07-13 13:00:00,,,,,,,509.0,509.0,,,0.0,,,0.0
2025-07-13 14:00:00,,,,,,,509.0,509.0,,,0.0,,,0.0
2025-07-13 15:00:00,,,,,,,509.0,509.0,,,0.0,,,0.0
2025-07-13 16:00:00,,,,,,,509.0,509.0,,,0.0,,,0.0
2025-07-13 17:00:00,,,,,,,509.0,509.0,,,0.0,,,0.0
2025-07-13 18:00:00,,,,,,,1533.0,1533.0,,,0.0,,,0.0
2025-07-13 19:00:00,,,,,,,1533.0,1533.0,,,0.0,,,0.0
2025-07-13 20:00:00,,,,,,,1533.0,1533.0,,,0.0,,,0.0
2025-07-13 21:00:00,,,,,,,1533.0,1533.0,,,0.0,,,0.0
2025-07-13 22:00:00,,,,,,,1533.0,1533.0,,,0.0,,,0.0
2025-07-13 23:00:00,,,,,,,1533.0,1533.0,,,0.0,,,0.0
2025-07-14 00:00:00,,,,,,,1533.0,1533.0,,,0.0,,,0.0
2025-07-14 01:00:00,,,,,,,1533.0,1533.0,,,0.0,,,0.0
2025-07-14 02:00:00,,,,,,,1529.0,1529.0,,,0.0,,,0.0
2025-07-14 03:00:00,,,,,,,1533.0,1533.0,,,0.0,,,0.0
2025-07-14 04:00:00,,,,,,,1533.0,1533.0,,,0.0,,,0.0
2025-07-14 05:00:00,,,,,,,1533.0,1533.0,,,0.0,,,0.0
2025-07-14 06:00:00,,,,,,,1533.0,1533.0,,,0.0,,,0.0
2025-07-14 07:00:00,,,,,,,509.0,509.0,,,0.0,,,0.0
2025-07-14 08:00:00,,,,,,,505.0,505.0,,,0.0,,,0.0
2025-07-14 09:00:00,,,,,,,505.0,504.0,1.1466,0.0,1.0,1.0439,0.0,1.0
2025-07-14 10:00:00,,,,,,,509.0,509.0,,,0.0,,,0.0
2025-07-14 11:00:00,,,,,,,509.0,509.0,,,0.0,,,0.0
2025-07-14 12:00:00,,,,,,,509.0,509.0,,,0.0,,,0.0
2025-07-14 13:00:00,,,,,,,509.0,509.0,,,0.0,,,0.0
2025-07-14 14:00:00,,,,,,,509.0,509.0,,,0.0,,,0.0
2025-07-14 15:00:00,,,,,,,509.0,509.0,,,0.0,,,0.0
2025-07-14 16:00:00,,,,,,,509.0,509.0,,,0.0,,,0.0
2025-07-14 17:00:00,,,,,,,509.0,509.0,,,0.0,,,0.0
2025-07-14 18:00:00,,,,,,,1533.0,1533.0,,,0.0,,,0.0
2025-07-14 19:00:00,,,,,,,1533.0,1533.0,,,0.0,,,0.0
2025-07-14 20:00:00,,,,,,,1533.0,1533.0,,,0.0,,,0.0
2025-07-14 21:00:00,,,,,,,1533.0,1533.0,,,0.0,,,0.0
2025-07-14 22:00:00,,,,,,,1533.0,1533.0,,,0.0,,,0.0
2025-07-14 23:00:00,,,,,,,1533.0,1533.0,,,0.0,,,0.0
2025-07-15 00:00:00,,,,,,,1533.0,1533.0,,,0.0,,,0.0
2025-07-15 01:00:00,,,,,,,1533.0,1533.0,,,0.0,,,0.0
2025-07-15 02:00:00,,,,,,,1529.0,1529.0,,,0.0,,,0.0
2025-07-15 03:00:00,,,,,,,1533.0,1533.0,,,0.0,,,0.0
2025-07-15 04:00:00,,,,,,,1533.0,1533.0,,,0.0,,,0.0
2025-07-15 05:00:00,,,,,,,1533.0,1533.0,,,0.0,,,0.0
2025-07-15 06:00:00,,,,,,,1533.0,1533.0,,,0.0,,,0.0
2025-07-15 07:00:00,,,,,,,509.0,509.0,,,0.0,,,0.0
2025-07-15 08:00:00,,,,,,,509.0,509.0,,,0.0,,,0.0
2025-07-15 09:00:00,,,,,,,509.0,509.0,,,0.0,,,0.0
2025-07-15 10:00:00,,,,,,,509.0,509.0,,,0.0,,,0.0
2025-07-15 11:00:00,,,,,,,509.0,509.0,,,0.0,,,0.0
2025-07-15 12:00:00,,,,,,,509.0,509.0,,,0.0,,,0.0
2025-07-15 13:00:00,,,,,,,509.0,509.0,,,0.0,,,0.0
2025-07-15 14:00:00,,,,,,,509.0,509.0,,,0.0,,,0.0
2025-07-15 15:00:00,,,,,,,509.0,509.0,,,0.0,,,0.0
2025-07-15 16:00:00,,,,,,,509.0,509.0,,,0.0,,,0.0
2025-07-15 17:00:00,,,,,,,509.0,509.0,,,0.0,,,0.0
2025-07-15 18:00:00,,,,,,,1529.0,1529.0,,,0.0,,,0.0
2025-07-15 19:00:00,,,,,,,1533.0,1533.0,,,0.0,,,0.0
2025-07-15 20:00:00,,,,,,,1533.0,1533.0,,,0.0,,,0.0
2025-07-15 21:00:00,,,,,,,1533.0,1533.0,,,0.0,,,0.0
2025-07-15 22:00:00,,,,,,,1533.0,1533.0,,,0.0,,,0.0
2025-07-15 23:00:00,,,,,,,1533.0,1533.0,,,0.0,,,0.0
2025-07-16 00:00:00,,,,,,,1533.0,1533.0,,,0.0,,,0.0
2025-07-16 01:00:00,,,,,,,1533.0,1533.0,,,0.0,,,0.0
2025-07-16 02:00:00,,,,,,,1529.0,1529.0,,,0.0,,,0.0
2025-07-16 03:00:00,,,,,,,1533.0,1533.0,,,0.0,,,0.0
2025-07-16 04:00:00,,,,,,,1533.0,1533.0,,,0.0,,,0.0
2025-07-16 05:00:00,,,,,,,1529.0,1529.0,,,0.0,,,0.0
2025-07-16 06:00:00,,,,,,,1533.0,1533.0,,,0.0,,,0.0
2025-07-16 07:00:00,,,,,,,509.0,509.0,,,0.0,,,0.0
2025-07-16 08:00:00,,,,,,,509.0,509.0,,,0.0,,,0.0
2025-07-16 09:00:00,,,,,,,509.0,509.0,,,0.0,,,0.0
2025-07-16 10:00:00,,,,,,,509.0,509.0,,,0.0,,,0.0
2025-07-16 11:00:00,,,,,,,509.0,509.0,,,0.0,,,0.0
2025-07-16 12:00:00,,,,,,,509.0,509.0,,,0.0,,,0.0
2025-07-16 13:00:00,,,,,,,509.0,509.0,,,0.0,,,0.0
2025-07-16 14:00:00,,,,,,,509.0,509.0,,,0.0,,,0.0
2025-07-16 15:00:00,,,,,,,509.0,509.0,,,0.0,,,0.0
2025-07-16 16:00:00,,,,,,,509.0,509.0,,,0.0,,,0.0
2025-07-16 17:00:00,,,,,,,509.0,509.0,,,0.0,,,0.0
2025-07-16 18:00:00,,,,,,,1533.0,1533.0,,,0.0,,,0.0
2025-07-16 19:00:00,,,,,,,1533.0,1533.0,,,0.0,,,0.0
2025-07-16 20:00:00,,,,,,,1533.0,1533.0,,,0.0,,,0.0
2025-07-16 21:00:00,,,,,,,1533.0,1533.0,,,0.0,,,0.0
2025-07-16 22:00:00,,,,,,,1533.0,1533.0,,,0.0,,,0.0
2025-07-16 23:00:00,,,,,,,1529.0,1529.0,,,0.0,,,0.0
2025-07-17 00:00:00,,,,,,,1533.0,1533.0,,,0.0,,,0.0
2025-07-17 01:00:00,,,,,,,1533.0,1533.0,,,0.0,,,0.0
2025-07-17 02:00:00,,,,,,,1529.0,1529.0,,,0.0,,,0.0
2025-07-17 03:00:00,,,,,,,1273.0,1273.0,,,0.0,,,0.0
2025-07-17 04:00:00,,,,,,,1273.0,1273.0,,,0.0,,,0.0
2025-07-17 05:00:00,,,,,,,1273.0,1273.0,,,0.0,,,0.0
2025-07-17 06:00:00,,,,,,,1533.0,1533.0,,,0.0,,,0.0
2025-07-17 07:00:00,,,,,,,2553.0,2552.0,0.4806,0.0,1.0,0.9886,0.0,1.0
2025-07-17 08:00:00,,,,,,,509.0,509.0,0.8494,0.0,1.0,0.87889993,0.0,1.0
2025-07-17 09:00:00,,,,,,,509.0,509.0,0.475,0.0,1.0,0.9302,0.0,1.0
2025-07-17 10:00:00,,,,,,,509.0,509.0,,,0.0,,,0.0
2025-07-17 11:00:00,,,,,,,509.0,509.0,,,0.0,,,0.0
2025-07-17 12:00:00,,,,,,,509.0,509.0,,,0.0,,,0.0
2025-07-17 13:00:00,,,,,,,509.0,509.0,,,0.0,,,0.0
2025-07-17 14:00:00,,,,,,,509.0,509.0,,,0.0,,,0.0
2025-07-17 15:00:00,,,,,,,509.0,509.0,0.0512,0.0,1.0,0.9548,0.0,1.0
2025-07-17 16:00:00,,,,,,,509.0,509.0,,,0.0,,,0.0
2025-07-17 17:00:00,,,,,,,509.0,509.0,,,0.0,,,0.0
2025-07-17 18:00:00,,,,,,,1533.0,1533.0,,,0.0,,,0.0
2025-07-17 19:00:00,,,,,,,1533.0,1533.0,,,0.0,,,0.0
2025-07-17 20:00:00,,,,,,,1533.0,1533.0,,,0.0,,,0.0
2025-07-17 21:00:00,,,,,,,1273.0,1273.0,,,0.0,,,0.0
2025-07-17 22:00:00,,,,,,,1533.0,1533.0,,,0.0,,,0.0
2025-07-17 23:00:00,,,,,,,1533.0,1533.0,,,0.0,,,0.0
2025-07-18 00:00:00,,,,,,,1533.0,1533.0,,,0.0,,,0.0
2025-07-18 01:00:00,,,,,,,1533.0,1533.0,,,0.0,,,0.0
2025-07-18 02:00:00,,,,,,,1273.0,1273.0,,,0.0,,,0.0
2025-07-18 03:00:00,,,,,,,1533.0,1533.0,,,0.0,,,0.0
2025-07-18 04:00:00,,,,,,,1533.0,1533.0,,,0.0,,,0.0
2025-07-18 05:00:00,,,,,,,1529.0,1529.0,,,0.0,,,0.0
2025-07-18 06:00:00,,,,,,,1533.0,1533.0,,,0.0,,,0.0
2025-07-18 07:00:00,,,,,,,2553.0,2552.0,0.2042,0.0,1.0,1.0216,0.0,1.0
2025-07-18 08:00:00,,,,,,,509.0,509.0,0.17639999,0.030199999,4.0,1.0303999,0.002399981,4.0
2025-07-18 09:00:00,,,,,,,505.0,504.0,0.4996,0.0326,6.0,0.9375,0.047699988,6.0
2025-07-18 10:00:00,,,,,,,505.0,504.0,0.5746,0.20979999,3.0,0.9869,0.1318,3.0
2025-07-18 11:00:00,,,,,,,509.0,509.0,,,0.0,,,0.0
2025-07-18 12:00:00,,,,,,,509.0,509.0,,,0.0,,,0.0
2025-07-18 13:00:00,,,,,,,505.0,505.0,,,0.0,,,0.0
2025-07-18 14:00:00,,,,,,,509.0,509.0,,,0.0,,,0.0
2025-07-18 15:00:00,,,,,,,509.0,509.0,,,0.0,,,0.0
2025-07-18 16:00:00,,,,,,,509.0,509.0,,,0.0,,,0.0
2025-07-18 17:00:00,,,,,,,509.0,509.0,,,0.0,,,0.0
2025-07-18 18:00:00,,,,,,,1533.0,1533.0,,,0.0,,,0.0
2025-07-18 19:00:00,,,,,,,1529.0,1529.0,,,0.0,,,0.0
2025-07-18 20:00:00,,,,,,,1529.0,1529.0,,,0.0,,,0.0
2025-07-18 21:00:00,,,,,,,1533.0,1533.0,,,0.0,,,0.0
2025-07-18 22:00:00,,,,,,,1533.0,1533.0,,,0.0,,,0.0
2025-07-18 23:00:00,,,,,,,1533.0,1533.0,,,0.0,,,0.0
2025-07-19 00:00:00,,,,,,,1533.0,1533.0,,,0.0,,,0.0
2025-07-19 01:00:00,,,,,,,1533.0,1533.0,,,0.0,,,0.0
2025-07-19 02:00:00,,,,,,,1533.0,1533.0,,,0.0,,,0.0
2025-07-19 03:00:00,,,,,,,1529.0,1529.0,,,0.0,,,0.0
2025-07-19 04:00:00,,,,,,,1533.0,1533.0,,,0.0,,,0.0
2025-07-19 05:00:00,,,,,,,1533.0,1533.0,,,0.0,,,0.0
2025-07-19 06:00:00,,,,,,,1533.0,1533.0,,,0.0,,,0.0
2025-07-19 07:00:00,,,,,,,509.0,509.0,,,0.0,,,0.0
2025-07-19 08:00:00,,,,,,,509.0,509.0,,,0.0,,,0.0
2025-07-19 09:00:00,,,,,,,509.0,509.0,0.63699996,0.0418,4.0,1.0385,0.019800007,4.0
2025-07-19 10:00:00,,,,,,,505.0,504.0,0.6764,0.0532,4.0,1.0246999,0.045300007,4.0
2025-07-19 11:00:00,,,,,,,509.0,509.0,,,0.0,,,0.0
2025-07-19 12:00:00,,,,,,,509.0,509.0,,,0.0,,,0.0
2025-07-19 13:00:00,,,,,,,505.0,505.0,,,0.0,,,0.0
2025-07-19 14:00:00,,,,,,,509.0,509.0,,,0.0,,,0.0
2025-07-19 15:00:00,,,,,,,509.0,509.0,,,0.0,,,0.0
2025-07-19 16:00:00,,,,,,,509.0,509.0,,,0.0,,,0.0
2025-07-19 17:00:00,,,,,,,509.0,509.0,,,0.0,,,0.0
2025-07-19 18:00:00,,,,,,,1533.0,1533.0,,,0.0,,,0.0
2025-07-19 19:00:00,,,,,,,1533.0,1533.0,,,0.0,,,0.0
2025-07-19 20:00:00,,,,,,,1529.0,1529.0,,,0.0,,,0.0
2025-07-19 21:00:00,,,,,,,1533.0,1533.0,,,0.0,,,0.0
2025-07-19 22:00:00,,,,,,,1533.0,1533.0,,,0.0,,,0.0
2025-07-19 23:00:00,,,,,,,1533.0,1533.0,,,0.0,,,0.0
2025-07-20 00:00:00,,,,,,,1529.0,1529.0,,,0.0,,,0.0
2025-07-20 01:00:00,,,,,,,1533.0,1533.0,,,0.0,,,0.0
2025-07-20 02:00:00,,,,,,,1533.0,1533.0,,,0.0,,,0.0
2025-07-20 03:00:00,,,,,,,1533.0,1533.0,,,0.0,,,0.0
2025-07-20 04:00:00,,,,,,,1533.0,1533.0,,,0.0,,,0.0
2025-07-20 05:00:00,,,,,,,1529.0,1529.0,,,0.0,,,0.0
2025-07-20 06:00:00,,,,,,,1533.0,1533.0,,,0.0,,,0.0
2025-07-20 07:00:00,,,,,,,509.0,509.0,,,0.0,,,0.0
2025-07-20 08:00:00,,,,,,,509.0,509.0,0.327,0.0,1.0,1.0799999,0.0,1.0
2025-07-20 09:00:00,,,,,,,509.0,509.0,0.671,0.0,1.0,1.4196,0.0,1.0
2025-07-20 10:00:00,,,,,,,509.0,509.0,,,0.0,,,0.0
2025-07-20 11:00:00,,,,,,,509.0,509.0,,,0.0,,,0.0
2025-07-20 12:00:00,,,,,,,509.0,509.0,,,0.0,,,0.0
2025-07-20 13:00:00,,,,,,,509.0,509.0,,,0.0,,,0.0
2025-07-20 14:00:00,,,,,,,509.0,509.0,,,0.0,,,0.0
2025-07-20 15:00:00,,,,,,,509.0,509.0,,,0.0,,,0.0
2025-07-20 16:00:00,,,,,,,509.0,509.0,,,0.0,,,0.0
2025-07-20 17:00:00,,,,,,,509.0,509.0,,,0.0,,,0.0
2025-07-20 18:00:00,,,,,,,1533.0,1533.0,,,0.0,,,0.0
2025-07-20 19:00:00,,,,,,,1533.0,1533.0,,,0.0,,,0.0
2025-07-20 20:00:00,,,,,,,1529.0,1529.0,,,0.0,,,0.0
2025-07-20 21:00:00,,,,,,,1533.0,1533.0,,,0.0,,,0.0
2025-07-20 22:00:00,,,,,,,1533.0,1533.0,,,0.0,,,0.0
2025-07-20 23:00:00,,,,,,,1533.0,1533.0,,,0.0,,,0.0
2025-07-21 00:00:00,,,,,,,1533.0,1533.0,,,0.0,,,0.0
2025-07-21 01:00:00,,,,,,,1529.0,1529.0,,,0.0,,,0.0
2025-07-21 02:00:00,,,,,,,1533.0,1533.0,,,0.0,,,0.0
2025-07-21 03:00:00,,,,,,,1529.0,1529.0,,,0.0,,,0.0
2025-07-21 04:00:00,,,,,,,1533.0,1533.0,,,0.0,,,0.0
2025-07-21 05:00:00,,,,,,,1533.0,1533.0,,,0.0,,,0.0
2025-07-21 06:00:00,,,,,,,1533.0,1533.0,,,0.0,,,0.0
2025-07-21 07:00:00,,,,,,,509.0,509.0,,,0.0,,,0.0
2025-07-21 08:00:00,,,,,,,509.0,509.0,,,0.0,,,0.0
2025-07-21 09:00:00,,,,,,,509.0,509.0,,,0.0,,,0.0
2025-07-21 10:00:00,,,,,,,509.0,509.0,,,0.0,,,0.0
2025-07-21 11:00:00,,,,,,,509.0,509.0,,,0.0,,,0.0
2025-07-21 12:00:00,,,,,,,509.0,509.0,,,0.0,,,0.0
2025-07-21 13:00:00,,,,,,,509.0,509.0,,,0.0,,,0.0
2025-07-21 14:00:00,,,,,,,509.0,509.0,,,0.0,,,0.0
2025-07-21 15:00:00,,,,,,,509.0,509.0,,,0.0,,,0.0
2025-07-21 16:00:00,,,,,,,509.0,509.0,,,0.0,,,0.0
2025-07-21 17:00:00,,,,,,,509.0,509.0,,,0.0,,,0.0
2025-07-21 18:00:00,,,,,,,1533.0,1533.0,,,0.0,,,0.0
2025-07-21 19:00:00,,,,,,,1533.0,1533.0,,,0.0,,,0.0
2025-07-21 20:00:00,,,,,,,1529.0,1529.0,,,0.0,,,0.0
2025-07-21 21:00:00,,,,,,,1533.0,1533.0,,,0.0,,,0.0
2025-07-21 22:00:00,,,,,,,1533.0,1533.0,,,0.0,,,0.0
2025-07-21 23:00:00,,,,,,,1533.0,1533.0,,,0.0,,,0.0
2025-07-22 00:00:00,,,,,,,1533.0,1533.0,,,0.0,,,0.0
2025-07-22 01:00:00,,,,,,,1529.0,1529.0,,,0.0,,,0.0
2025-07-22 02:00:00,,,,,,,1533.0,1533.0,,,0.0,,,0.0
2025-07-22 03:00:00,,,,,,,1533.0,1533.0,,,0.0,,,0.0
2025-07-22 04:00:00,,,,,,,1533.0,1533.0,,,0.0,,,0.0
2025-07-22 05:00:00,,,,,,,1533.0,1533.0,,,0.0,,,0.0
2025-07-22 06:00:00,,,,,,,1533.0,1533.0,,,0.0,,,0.0
2025-07-22 07:00:00,,,,,,,509.0,509.0,,,0.0,,,0.0
2025-07-22 08:00:00,,,,,,,509.0,509.0,,,0.0,,,0.0
2025-07-22 09:00:00,,,,,,,509.0,509.0,,,0.0,,,0.0
2025-07-22 10:00:00,,,,,,,509.0,509.0,,,0.0,,,0.0
2025-07-22 11:00:00,,,,,,,509.0,509.0,,,0.0,,,0.0
2025-07-22 12:00:00,,,,,,,509.0,509.0,,,0.0,,,0.0
2025-07-22 13:00:00,,,,,,,509.0,509.0,,,0.0,,,0.0
2025-07-22 14:00:00,,,,,,,509.0,509.0,,,0.0,,,0.0
2025-07-22 15:00:00,,,,,,,509.0,509.0,,,0.0,,,0.0
2025-07-22 16:00:00,,,,,,,509.0,509.0,,,0.0,,,0.0
2025-07-22 17:00:00,,,,,,,509.0,509.0,,,0.0,,,0.0
2025-07-22 18:00:00,,,,,,,1529.0,1529.0,,,0.0,,,0.0
2025-07-22 19:00:00,,,,,,,1529.0,1529.0,,,0.0,,,0.0
2025-07-22 20:00:00,,,,,,,1529.0,1529.0,,,0.0,,,0.0
2025-07-22 21:00:00,,,,,,,1533.0,1533.0,,,0.0,,,0.0
2025-07-22 22:00:00,,,,,,,1529.0,1529.0,,,0.0,,,0.0
2025-07-22 23:00:00,,,,,,,1273.0,1273.0,,,0.0,,,0.0
2025-07-23 00:00:00,,,,,,,1529.0,1529.0,,,0.0,,,0.0
2025-07-23 01:00:00,,,,,,,1533.0,1533.0,,,0.0,,,0.0
2025-07-23 02:00:00,,,,,,,1533.0,1533.0,,,0.0,,,0.0
2025-07-23 03:00:00,,,,,,,1533.0,1533.0,,,0.0,,,0.0
2025-07-23 04:00:00,,,,,,,1529.0,1529.0,,,0.0,,,0.0
2025-07-23 05:00:00,,,,,,,1273.0,1273.0,,,0.0,,,0.0
2025-07-23 06:00:00,,,,,,,1533.0,1533.0,,,0.0,,,0.0
2025-07-23 07:00:00,,,,,,,509.0,509.0,,,0.0,,,0.0
2025-07-23 08:00:00,,,,,,,509.0,509.0,,,0.0,,,0.0
2025-07-23 09:00:00,,,,,,,509.0,509.0,,,0.0,,,0.0
2025-07-23 10:00:00,,,,,,,509.0,509.0,,,0.0,,,0.0
2025-07-23 11:00:00,,,,,,,509.0,509.0,,,0.0,,,0.0
2025-07-23 12:00:00,,,,,,,509.0,509.0,,,0.0,,,0.0
2025-07-23 13:00:00,,,,,,,509.0,509.0,,,0.0,,,0.0
2025-07-23 14:00:00,,,,,,,509.0,509.0,,,0.0,,,0.0
2025-07-23 15:00:00,,,,,,,509.0,509.0,,,0.0,,,0.0
2025-07-23 16:00:00,,,,,,,509.0,509.0,,,0.0,,,0.0
2025-07-23 17:00:00,,,,,,,509.0,509.0,,,0.0,,,0.0
2025-07-23 18:00:00,,,,,,,1533.0,1533.0,,,0.0,,,0.0
2025-07-23 19:00:00,,,,,,,1529.0,1529.0,,,0.0,,,0.0
2025-07-23 20:00:00,,,,,,,1533.0,1533.0,,,0.0,,,0.0
2025-07-23 21:00:00,,,,,,,1533.0,1533.0,,,0.0,,,0.0
2025-07-23 22:00:00,,,,,,,1529.0,1529.0,,,0.0,,,0.0
2025-07-23 23:00:00,,,,,,,1533.0,1533.0,,,0.0,,,0.0
2025-07-24 00:00:00,,,,,,,1533.0,1533.0,,,0.0,,,0.0
2025-07-24 01:00:00,,,,,,,1533.0,1533.0,,,0.0,,,0.0
2025-07-24 02:00:00,,,,,,,1533.0,1533.0,,,0.0,,,0.0
2025-07-24 03:00:00,,,,,,,1533.0,1533.0,,,0.0,,,0.0
2025-07-24 04:00:00,,,,,,,1533.0,1533.0,,,0.0,,,0.0
2025-07-24 05:00:00,,,,,,,1533.0,1533.0,,,0.0,,,0.0
2025-07-24 06:00:00,,,,,,,1533.0,1533.0,,,0.0,,,0.0
2025-07-24 07:00:00,,,,,,,509.0,509.0,,,0.0,,,0.0
2025-07-24 08:00:00,,,,,,,505.0,504.0,0.737,0.0,1.0,0.8275,0.0,1.0
2025-07-24 09:00:00,,,,,,,509.0,509.0,0.7604,0.0,1.0,0.8347,0.0,1.0
2025-07-24 10:00:00,,,,,,,509.0,509.0,,,0.0,,,0.0
2025-07-24 11:00:00,,,,,,,509.0,509.0,,,0.0,,,0.0
2025-07-24 12:00:00,,,,,,,509.0,509.0,,,0.0,,,0.0
2025-07-24 13:00:00,,,,,,,509.0,509.0,,,0.0,,,0.0
2025-07-24 14:00:00,,,,,,,509.0,509.0,,,0.0,,,0.0
2025-07-24 15:00:00,,,,,,,509.0,509.0,,,0.0,,,0.0
2025-07-24 16:00:00,,,,,,,509.0,509.0,,,0.0,,,0.0
2025-07-24 17:00:00,,,,,,,509.0,509.0,,,0.0,,,0.0
2025-07-24 18:00:00,,,,,,,1533.0,1533.0,,,0.0,,,0.0
2025-07-24 19:00:00,,,,,,,1533.0,1533.0,,,0.0,,,0.0
2025-07-24 20:00:00,,,,,,,1533.0,1533.0,,,0.0,,,0.0
2025-07-24 21:00:00,,,,,,,1533.0,1533.0,,,0.0,,,0.0
2025-07-24 22:00:00,,,,,,,1529.0,1529.0,,,0.0,,,0.0
2025-07-24 23:00:00,,,,,,,1533.0,1533.0,,,0.0,,,0.0
2025-07-25 00:00:00,,,,,,,1533.0,1533.0,,,0.0,,,0.0
2025-07-25 01:00:00,,,,,,,1533.0,1533.0,,,0.0,,,0.0
2025-07-25 02:00:00,,,,,,,1533.0,1533.0,,,0.0,,,0.0
2025-07-25 03:00:00,,,,,,,1533.0,1533.0,,,0.0,,,0.0
2025-07-25 04:00:00,,,,,,,1533.0,1533.0,,,0.0,,,0.0
2025-07-25 05:00:00,,,,,,,1533.0,1533.0,,,0.0,,,0.0
2025-07-25 06:00:00,,,,,,,1533.0,1533.0,,,0.0,,,0.0
2025-07-25 07:00:00,,,,,,,509.0,509.0,,,0.0,,,0.0
2025-07-25 08:00:00,,,,,,,509.0,509.0,,,0.0,,,0.0
2025-07-25 09:00:00,,,,,,,509.0,509.0,,,0.0,,,0.0
2025-07-25 10:00:00,,,,,,,509.0,509.0,,,0.0,,,0.0
2025-07-25 11:00:00,,,,,,,509.0,509.0,,,0.0,,,0.0
2025-07-25 12:00:00,,,,,,,509.0,509.0,,,0.0,,,0.0
2025-07-25 13:00:00,,,,,,,509.0,509.0,,,0.0,,,0.0
2025-07-25 14:00:00,,,,,,,509.0,509.0,,,0.0,,,0.0
2025-07-25 15:00:00,,,,,,,509.0,509.0,,,0.0,,,0.0
2025-07-25 16:00:00,,,,,,,509.0,509.0,,,0.0,,,0.0
2025-07-25 17:00:00,,,,,,,509.0,509.0,,,0.0,,,0.0
2025-07-25 18:00:00,,,,,,,1533.0,1533.0,,,0.0,,,0.0
2025-07-25 19:00:00,,,,,,,1533.0,1533.0,,,0.0,,,0.0
2025-07-25 20:00:00,,,,,,,1533.0,1533.0,,,0.0,,,0.0
2025-07-25 21:00:00,,,,,,,1533.0,1533.0,,,0.0,,,0.0
2025-07-25 22:00:00,,,,,,,1533.0,1533.0,,,0.0,,,0.0
2025-07-25 23:00:00,,,,,,,1533.0,1533.0,,,0.0,,,0.0
2025-07-26 00:00:00,,,,,,,1529.0,1529.0,,,0.0,,,0.0
2025-07-26 01:00:00,,,,,,,1529.0,1529.0,,,0.0,,,0.0
2025-07-26 02:00:00,,,,,,,1533.0,1533.0,,,0.0,,,0.0
2025-07-26 03:00:00,,,,,,,1529.0,1529.0,,,0.0,,,0.0
2025-07-26 04:00:00,,,,,,,1533.0,1533.0,,,0.0,,,0.0
2025-07-26 05:00:00,,,,,,,1529.0,1529.0,,,0.0,,,0.0
2025-07-26 06:00:00,,,,,,,1533.0,1533.0,,,0.0,,,0.0
2025-07-26 07:00:00,,,,,,,509.0,509.0,,,0.0,,,0.0
2025-07-26 08:00:00,,,,,,,509.0,509.0,,,0.0,,,0.0
2025-07-26 09:00:00,,,,,,,509.0,509.0,,,0.0,,,0.0
2025-07-26 10:00:00,,,,,,,509.0,509.0,,,0.0,,,0.0
2025-07-26 11:00:00,,,,,,,509.0,509.0,,,0.0,,,0.0
2025-07-26 12:00:00,,,,,,,509.0,509.0,,,0.0,,,0.0
2025-07-26 13:00:00,,,,,,,509.0,509.0,,,0.0,,,0.0
2025-07-26 14:00:00,,,,,,,509.0,509.0,,,0.0,,,0.0
2025-07-26 15:00:00,,,,,,,509.0,509.0,,,0.0,,,0.0
2025-07-26 16:00:00,,,,,,,509.0,509.0,,,0.0,,,0.0
2025-07-26 17:00:00,,,,,,,509.0,509.0,,,0.0,,,0.0
2025-07-26 18:00:00,,,,,,,1533.0,1533.0,,,0.0,,,0.0
2025-07-26 19:00:00,,,,,,,1533.0,1533.0,,,0.0,,,0.0
2025-07-26 20:00:00,,,,,,,1533.0,1533.0,,,0.0,,,0.0
2025-07-26 21:00:00,,,,,,,1533.0,1533.0,,,0.0,,,0.0
2025-07-26 22:00:00,,,,,,,1533.0,1533.0,,,0.0,,,0.0
2025-07-26 23:00:00,,,,,,,1533.0,1533.0,,,0.0,,,0.0
2025-07-27 00:00:00,,,,,,,1533.0,1533.0,,,0.0,,,0.0
2025-07-27 01:00:00,,,,,,,1533.0,1533.0,,,0.0,,,0.0
2025-07-27 02:00:00,,,,,,,1533.0,1533.0,,,0.0,,,0.0
2025-07-27 03:00:00,,,,,,,1533.0,1533.0,,,0.0,,,0.0
2025-07-27 04:00:00,,,,,,,1533.0,1533.0,,,0.0,,,0.0
2025-07-27 05:00:00,,,,,,,1533.0,1533.0,,,0.0,,,0.0
2025-07-27 06:00:00,,,,,,,1533.0,1533.0,,,0.0,,,0.0
2025-07-27 07:00:00,,,,,,,509.0,509.0,,,0.0,,,0.0
2025-07-27 08:00:00,,,,,,,509.0,509.0,0.4876,0.0,1.0,1.0867,0.0,1.0
2025-07-27 09:00:00,,,,,,,509.0,509.0,,,0.0,,,0.0
2025-07-27 10:00:00,,,,,,,509.0,509.0,,,0.0,,,0.0
2025-07-27 11:00:00,,,,,,,509.0,509.0,,,0.0,,,0.0
2025-07-27 12:00:00,,,,,,,509.0,509.0,,,0.0,,,0.0
2025-07-27 13:00:00,,,,,,,509.0,509.0,,,0.0,,,0.0
2025-07-27 14:00:00,,,,,,,509.0,509.0,,,0.0,,,0.0
2025-07-27 15:00:00,,,,,,,509.0,509.0,,,0.0,,,0.0
2025-07-27 16:00:00,,,,,,,509.0,509.0,,,0.0,,,0.0
2025-07-27 17:00:00,,,,,,,509.0,509.0,,,0.0,,,0.0
2025-07-27 18:00:00,,,,,,,1533.0,1533.0,,,0.0,,,0.0
2025-07-27 19:00:00,,,,,,,1533.0,1533.0,,,0.0,,,0.0
2025-07-27 20:00:00,,,,,,,1529.0,1529.0,,,0.0,,,0.0
2025-07-27 21:00:00,,,,,,,1533.0,1533.0,,,0.0,,,0.0
2025-07-27 22:00:00,,,,,,,1533.0,1533.0,,,0.0,,,0.0
2025-07-27 23:00:00,,,,,,,1533.0,1533.0,,,0.0,,,0.0
2025-07-28 00:00:00,,,,,,,1529.0,1529.0,,,0.0,,,0.0
2025-07-28 01:00:00,,,,,,,1529.0,1529.0,,,0.0,,,0.0
2025-07-28 02:00:00,,,,,,,1533.0,1533.0,,,0.0,,,0.0
2025-07-28 03:00:00,,,,,,,1273.0,1273.0,,,0.0,,,0.0
2025-07-28 04:00:00,,,,,,,1273.0,1273.0,,,0.0,,,0.0
2025-07-28 05:00:00,,,,,,,1273.0,1273.0,,,0.0,,,0.0
2025-07-28 06:00:00,,,,,,,1533.0,1533.0,,,0.0,,,0.0
2025-07-28 07:00:00,,,,,,,2297.0,2296.0,0.5032,0.0,1.0,1.1308,0.0,1.0
2025-07-28 08:00:00,,,,,,,509.0,509.0,0.5538,0.0678,5.0,1.1509,0.013799965,5.0
2025-07-28 09:00:00,,,,,,,509.0,509.0,,,0.0,,,0.0
2025-07-28 10:00:00,,,,,,,509.0,509.0,,,0.0,,,0.0
2025-07-28 11:00:00,,,,,,,505.0,505.0,,,0.0,,,0.0
2025-07-28 12:00:00,,,,,,,509.0,509.0,0.815,0.0,1.0,0.8979,0.0,1.0
2025-07-28 13:00:00,,,,,,,509.0,509.0,,,0.0,,,0.0
2025-07-28 14:00:00,,,,,,,509.0,509.0,,,0.0,,,0.0
2025-07-28 15:00:00,,,,,,,505.0,504.0,0.3026,0.1432,2.0,1.0640999,0.08249998,2.0
2025-07-28 16:00:00,,,,,,,2553.0,2552.0,0.4098,0.16,4.0,1.0943999,0.2679,4.0
2025-07-28 17:00:00,,,,,,,509.0,509.0,0.3042,0.0117999995,2.0,1.2452999,0.011999965,2.0
2025-07-28 18:00:00,,,,,,,1533.0,1533.0,,,0.0,,,0.0
2025-07-28 19:00:00,,,,,,,1533.0,1533.0,,,0.0,,,0.0
2025-07-28 20:00:00,,,,,,,1533.0,1533.0,,,0.0,,,0.0
2025-07-28 21:00:00,,,,,,,1529.0,1529.0,,,0.0,,,0.0
2025-07-28 22:00:00,,,,,,,1273.0,1273.0,,,0.0,,,0.0
2025-07-28 23:00:00,,,,,,,1273.0,1273.0,,,0.0,,,0.0
2025-07-29 00:00:00,,,,,,,1529.0,1529.0,,,0.0,,,0.0
2025-07-29 01:00:00,,,,,,,1529.0,1529.0,,,0.0,,,0.0
2025-07-29 02:00:00,,,,,,,1533.0,1533.0,,,0.0,,,0.0
2025-07-29 03:00:00,,,,,,,1529.0,1529.0,,,0.0,,,0.0
2025-07-29 04:00:00,,,,,,,1533.0,1533.0,,,0.0,,,0.0
2025-07-29 05:00:00,,,,,,,1529.0,1529.0,,,0.0,,,0.0
2025-07-29 06:00:00,,,,,,,1533.0,1533.0,,,0.0,,,0.0
2025-07-29 07:00:00,,,,,,,509.0,509.0,,,0.0,,,0.0
2025-07-29 08:00:00,,,,,,,509.0,509.0,,,0.0,,,0.0
2025-07-29 09:00:00,,,,,,,505.0,504.0,1.1534,0.2698,2.0,1.2914,0.08090001,2.0
2025-07-29 10:00:00,,,,,,,249.0,248.0,0.8692,0.2874,3.0,1.1704999,0.0018000007,3.0
2025-07-29 11:00:00,,,,,,,505.0,505.0,0.2836,0.030199999,2.0,1.1652,0.0019999743,2.0
2025-07-29 12:00:00,,,,,,,2297.0,2296.0,0.0018,0.0,1.0,1.1861,0.0,1.0
2025-07-29 13:00:00,,,,,,,505.0,505.0,0.1314,0.1418,3.0,1.1814,0.0048999786,3.0
2025-07-29 14:00:00,,,,,,,509.0,509.0,,,0.0,,,0.0
2025-07-29 15:00:00,,,,,,,509.0,509.0,,,0.0,,,0.0
2025-07-29 16:00:00,,,,,,,509.0,509.0,,,0.0,,,0.0
2025-07-29 17:00:00,,,,,,,509.0,509.0,,,0.0,,,0.0
2025-07-29 18:00:00,,,,,,,1533.0,1533.0,,,0.0,,,0.0
2025-07-29 19:00:00,,,,,,,1533.0,1533.0,,,0.0,,,0.0
2025-07-29 20:00:00,,,,,,,1533.0,1533.0,,,0.0,,,0.0
2025-07-29 21:00:00,,,,,,,1533.0,1533.0,,,0.0,,,0.0
2025-07-29 22:00:00,,,,,,,1533.0,1533.0,,,0.0,,,0.0
2025-07-29 23:00:00,,,,,,,1533.0,1533.0,,,0.0,,,0.0
2025-07-30 00:00:00,,,,,,,1533.0,1533.0,,,0.0,,,0.0
2025-07-30 01:00:00,,,,,,,1533.0,1533.0,,,0.0,,,0.0
2025-07-30 02:00:00,,,,,,,1273.0,1273.0,,,0.0,,,0.0
2025-07-30 03:00:00,,,,,,,1273.0,1273.0,,,0.0,,,0.0
2025-07-30 04:00:00,,,,,,,1273.0,1273.0,,,0.0,,,0.0
2025-07-30 05:00:00,,,,,,,1273.0,1273.0,,,0.0,,,0.0
2025-07-30 06:00:00,,,,,,,1533.0,1533.0,,,0.0,,,0.0
2025-07-30 07:00:00,,,,,,,1533.0,1533.0,,,0.0,,,0.0
2025-07-30 08:00:00,,,,,,,505.0,504.0,0.74439996,0.1312,5.0,1.0424,0.055599988,5.0
2025-07-30 09:00:00,,,,,,,505.0,505.0,0.4526,0.0,1.0,1.2134,0.0,1.0
2025-07-30 10:00:00,,,,,,,509.0,509.0,1.1122,0.0,1.0,1.1804,0.0,1.0
2025-07-30 11:00:00,,,,,,,509.0,509.0,,,0.0,,,0.0
2025-07-30 12:00:00,,,,,,,509.0,509.0,,,0.0,,,0.0
2025-07-30 13:00:00,,,,,,,505.0,505.0,,,0.0,,,0.0
2025-07-30 14:00:00,,,,,,,509.0,509.0,,,0.0,,,0.0
2025-07-30 15:00:00,,,,,,,509.0,509.0,,,0.0,,,0.0
2025-07-30 16:00:00,,,,,,,509.0,509.0,,,0.0,,,0.0
2025-07-30 17:00:00,,,,,,,509.0,509.0,,,0.0,,,0.0
2025-07-30 18:00:00,,,,,,,1533.0,1533.0,,,0.0,,,0.0
2025-07-30 19:00:00,,,,,,,1529.0,1529.0,,,0.0,,,0.0
2025-07-30 20:00:00,,,,,,,1529.0,1529.0,,,0.0,,,0.0
2025-07-30 21:00:00,,,,,,,1533.0,1533.0,,,0.0,,,0.0
2025-07-30 22:00:00,,,,,,,1533.0,1533.0,,,0.0,,,0.0
2025-07-30 23:00:00,,,,,,,1529.0,1529.0,,,0.0,,,0.0
2025-07-31 00:00:00,,,,,,,1533.0,1533.0,,,0.0,,,0.0
2025-07-31 01:00:00,,,,,,,1533.0,1533.0,,,0.0,,,0.0
2025-07-31 02:00:00,,,,,,,1533.0,1533.0,,,0.0,,,0.0
2025-07-31 03:00:00,,,,,,,1533.0,1533.0,,,0.0,,,0.0
2025-07-31 04:00:00,,,,,,,1533.0,1533.0,,,0.0,,,0.0
2025-07-31 05:00:00,,,,,,,1533.0,1533.0,,,0.0,,,0.0
2025-07-31 06:00:00,,,,,,,1533.0,1533.0,,,0.0,,,0.0
2025-07-31 07:00:00,,,,,,,1533.0,1533.0,,,0.0,,,0.0
2025-07-31 08:00:00,,,,,,,509.0,509.0,,,0.0,,,0.0
2025-07-31 09:00:00,,,,,,,509.0,509.0,,,0.0,,,0.0
2025-07-31 10:00:00,,,,,,,505.0,505.0,,,0.0,,,0.0
2025-07-31 11:00:00,,,,,,,505.0,505.0,,,0.0,,,0.0
2025-07-31 12:00:00,,,,,,,509.0,509.0,,,0.0,,,0.0
2025-07-31 13:00:00,,,,,,,509.0,509.0,,,0.0,,,0.0
2025-07-31 14:00:00,,,,,,,509.0,509.0,0.17559999,0.0154,2.0,1.1503999,0.0146999955,2.0
2025-07-31 15:00:00,,,,,,,505.0,505.0,0.3674,0.2102,3.0,1.0689,0.016200006,3.0
2025-07-31 16:00:00,,,,,,,509.0,509.0,,,0.0,,,0.0
2025-07-31 17:00:00,,,,,,,509.0,509.0,,,0.0,,,0.0
2025-07-31 18:00:00,,,,,,,1533.0,1533.0,,,0.0,,,0.0
2025-07-31 19:00:00,,,,,,,1529.0,1529.0,,,0.0,,,0.0
2025-07-31 20:00:00,,,,,,,1529.0,1529.0,,,0.0,,,0.0
2025-07-31 21:00:00,,,,,,,1533.0,1533.0,,,0.0,,,0.0
2025-07-31 22:00:00,,,,,,,1533.0,1533.0,,,0.0,,,0.0
2025-07-31 23:00:00,,,,,,,1533.0,1533.0,,,0.0,,,0.0
2025-08-01 00:00:00,,,,,,,1529.0,1529.0,,,0.0,,,0.0
2025-08-01 01:00:00,,,,,,,1533.0,1533.0,,,0.0,,,0.0
2025-08-01 02:00:00,,,,,,,1533.0,1533.0,,,0.0,,,0.0
2025-08-01 03:00:00,,,,,,,1533.0,1533.0,,,0.0,,,0.0
2025-08-01 04:00:00,,,,,,,1529.0,1529.0,,,0.0,,,0.0
2025-08-01 05:00:00,,,,,,,1529.0,1529.0,,,0.0,,,0.0
2025-08-01 06:00:00,,,,,,,1533.0,1533.0,,,0.0,,,0.0
2025-08-01 07:00:00,,,,,,,1533.0,1533.0,,,0.0,,,0.0
2025-08-01 08:00:00,,,,,,,509.0,509.0,,,0.0,,,0.0
2025-08-01 09:00:00,,,,,,,509.0,509.0,,,0.0,,,0.0
2025-08-01 10:00:00,,,,,,,509.0,509.0,,,0.0,,,0.0
2025-08-01 11:00:00,,,,,,,509.0,509.0,,,0.0,,,0.0
2025-08-01 12:00:00,,,,,,,509.0,509.0,,,0.0,,,0.0
2025-08-01 13:00:00,,,,,,,509.0,509.0,0.0117999995,0.0082,3.0,1.0144999,0.0,2.0
2025-08-01 14:00:00,,,,,,,509.0,509.0,,,0.0,,,0.0
2025-08-01 15:00:00,,,,,,,509.0,509.0,0.2216,0.0394,2.0,0.92789996,0.03399998,2.0
2025-08-01 16:00:00,,,,,,,509.0,509.0,,,0.0,,,0.0
2025-08-01 17:00:00,,,,,,,1533.0,1533.0,,,0.0,,,0.0
2025-08-01 18:00:00,,,,,,,1533.0,1533.0,,,0.0,,,0.0
2025-08-01 19:00:00,,,,,,,1529.0,1529.0,,,0.0,,,0.0
2025-08-01 20:00:00,,,,,,,1533.0,1533.0,,,0.0,,,0.0
2025-08-01 21:00:00,,,,,,,1533.0,1533.0,,,0.0,,,0.0
2025-08-01 22:00:00,,,,,,,1533.0,1533.0,,,0.0,,,0.0
2025-08-01 23:00:00,,,,,,,1533.0,1533.0,,,0.0,,,0.0
2025-08-02 00:00:00,,,,,,,1533.0,1533.0,,,0.0,,,0.0
2025-08-02 01:00:00,,,,,,,1533.0,1533.0,,,0.0,,,0.0
2025-08-02 02:00:00,,,,,,,1533.0,1533.0,,,0.0,,,0.0
2025-08-02 03:00:00,,,,,,,1273.0,1273.0,,,0.0,,,0.0
2025-08-02 04:00:00,,,,,,,1273.0,1273.0,,,0.0,,,0.0
2025-08-02 05:00:00,,,,,,,1273.0,1273.0,,,0.0,,,0.0
2025-08-02 06:00:00,,,,,,,1533.0,1533.0,,,0.0,,,0.0
2025-08-02 07:00:00,,,,,,,1529.0,1529.0,,,0.0,,,0.0
2025-08-02 08:00:00,,,,,,,505.0,505.0,0.0206,0.0212,5.0,1.0113,0.0036999583,4.0
2025-08-02 09:00:00,,,,,,,505.0,504.0,0.0162,0.0166,3.0,1.0044999,0.0024999976,2.0
2025-08-02 10:00:00,,,,,,,509.0,509.0,0.1784,0.0818,4.0,0.9606,0.01849997,4.0
2025-08-02 11:00:00,,,,,,,509.0,509.0,,,0.0,,,0.0
2025-08-02 12:00:00,,,,,,,509.0,509.0,,,0.0,,,0.0
2025-08-02 13:00:00,,,,,,,509.0,509.0,,,0.0,,,0.0
2025-08-02 14:00:00,,,,,,,509.0,509.0,,,0.0,,,0.0
2025-08-02 15:00:00,,,,,,,509.0,509.0,,,0.0,,,0.0
2025-08-02 16:00:00,,,,,,,509.0,509.0,,,0.0,,,0.0
2025-08-02 17:00:00,,,,,,,1533.0,1533.0,,,0.0,,,0.0
2025-08-02 18:00:00,,,,,,,1529.0,1529.0,,,0.0,,,0.0
2025-08-02 19:00:00,,,,,,,1529.0,1529.0,,,0.0,,,0.0
2025-08-02 20:00:00,,,,,,,1529.0,1529.0,,,0.0,,,0.0
2025-08-02 21:00:00,,,,,,,1529.0,1529.0,,,0.0,,,0.0
2025-08-02 22:00:00,,,,,,,1533.0,1533.0,,,0.0,,,0.0
2025-08-02 23:00:00,,,,,,,1529.0,1529.0,,,0.0,,,0.0
2025-08-03 00:00:00,,,,,,,1533.0,1533.0,,,0.0,,,0.0
2025-08-03 01:00:00,,,,,,,1533.0,1533.0,,,0.0,,,0.0
2025-08-03 02:00:00,,,,,,,1533.0,1533.0,,,0.0,,,0.0
2025-08-03 03:00:00,,,,,,,1533.0,1533.0,,,0.0,,,0.0
2025-08-03 04:00:00,,,,,,,1533.0,1533.0,,,0.0,,,0.0
2025-08-03 05:00:00,,,,,,,1529.0,1529.0,,,0.0,,,0.0
2025-08-03 06:00:00,,,,,,,1533.0,1533.0,,,0.0,,,0.0
2025-08-03 07:00:00,,,,,,,1529.0,1529.0,,,0.0,,,0.0
2025-08-03 08:00:00,,,,,,,2297.0,2296.0,0.1612,0.133,5.0,0.96809995,0.028999984,5.0
2025-08-03 09:00:00,,,,,,,505.0,504.0,0.2052,0.0354,4.0,0.95149994,0.035299957,4.0
2025-08-03 10:00:00,,,,,,,509.0,509.0,0.121,0.0594,5.0,0.91859996,0.061500013,5.0
2025-08-03 11:00:00,,,,,,,505.0,505.0,0.059,0.00059999997,2.0,0.9549999,0.003799975,2.0
2025-08-03 12:00:00,,,,,,,2553.0,2552.0,0.0382,0.0,1.0,0.979,0.0,1.0
2025-08-03 13:00:00,,,,,,,509.0,509.0,0.0402,0.0,1.0,0.9791,0.0,1.0
2025-08-03 14:00:00,,,,,,,505.0,505.0,,,0.0,,,0.0
2025-08-03 15:00:00,,,,,,,509.0,509.0,0.80039996,0.639,3.0,0.3789,0.3901,3.0
2025-08-03 16:00:00,,,,,,,509.0,509.0,,,0.0,,,0.0
2025-08-03 17:00:00,,,,,,,1533.0,1533.0,,,0.0,,,0.0
2025-08-03 18:00:00,,,,,,,1533.0,1533.0,,,0.0,,,0.0
2025-08-03 19:00:00,,,,,,,1529.0,1529.0,,,0.0,,,0.0
2025-08-03 20:00:00,,,,,,,1533.0,1533.0,,,0.0,,,0.0
2025-08-03 21:00:00,,,,,,,1529.0,1529.0,,,0.0,,,0.0
2025-08-03 22:00:00,,,,,,,1273.0,1273.0,,,0.0,,,0.0
2025-08-03 23:00:00,,,,,,,1533.0,1533.0,,,0.0,,,0.0
2025-08-04 00:00:00,,,,,,,1273.0,1273.0,,,0.0,,,0.0
2025-08-04 01:00:00,,,,,,,1273.0,1273.0,,,0.0,,,0.0
2025-08-04 02:00:00,,,,,,,1529.0,1529.0,,,0.0,,,0.0
2025-08-04 03:00:00,,,,,,,1273.0,1273.0,,,0.0,,,0.0
2025-08-04 04:00:00,,,,,,,1273.0,1273.0,,,0.0,,,0.0
2025-08-04 05:00:00,,,,,,,1273.0,1273.0,,,0.0,,,0.0
2025-08-04 06:00:00,,,,,,,1533.0,1533.0,,,0.0,,,0.0
2025-08-04 07:00:00,,,,,,,1529.0,1529.0,,,0.0,,,0.0
2025-08-04 08:00:00,,,,,,,2553.0,2552.0,0.0052,0.0026,3.0,0.85239995,0.024199963,3.0
2025-08-04 09:00:00,,,,,,,509.0,509.0,0.0672,0.0572,2.0,0.85899997,0.0069000125,2.0
2025-08-04 10:00:00,,,,,,,2553.0,2552.0,0.010799999,0.011399999,3.0,0.9197999,0.00040000677,2.0
2025-08-04 11:00:00,,,,,,,509.0,509.0,,,0.0,,,0.0
2025-08-04 12:00:00,,,,,,,2553.0,2552.0,0.0032,0.0,1.0,0.9081,0.0,1.0
2025-08-04 13:00:00,,,,,,,505.0,505.0,,,0.0,,,0.0
2025-08-04 14:00:00,,,,,,,505.0,505.0,,,0.0,,,0.0
2025-08-04 15:00:00,,,,,,,509.0,509.0,,,0.0,,,0.0
2025-08-04 16:00:00,,,,,,,509.0,509.0,,,0.0,,,0.0
2025-08-04 17:00:00,,,,,,,1533.0,1533.0,,,0.0,,,0.0
2025-08-04 18:00:00,,,,,,,1533.0,1533.0,,,0.0,,,0.0
2025-08-04 19:00:00,,,,,,,1533.0,1533.0,,,0.0,,,0.0
2025-08-04 20:00:00,,,,,,,1533.0,1533.0,,,0.0,,,0.0
2025-08-04 21:00:00,,,,,,,1533.0,1533.0,,,0.0,,,0.0
2025-08-04 22:00:00,,,,,,,1533.0,1533.0,,,0.0,,,0.0
2025-08-04 23:00:00,,,,,,,1533.0,1533.0,,,0.0,,,0.0
2025-08-05 00:00:00,,,,,,,1533.0,1533.0,,,0.0,,,0.0
2025-08-05 01:00:00,,,,,,,1533.0,1533.0,,,0.0,,,0.0
2025-08-05 02:00:00,,,,,,,1533.0,1533.0,,,0.0,,,0.0
2025-08-05 03:00:00,,,,,,,1533.0,1533.0,,,0.0,,,0.0
2025-08-05 04:00:00,,,,,,,1533.0,1533.0,,,0.0,,,0.0
2025-08-05 05:00:00,,,,,,,1533.0,1533.0,,,0.0,,,0.0
2025-08-05 06:00:00,,,,,,,1533.0,1533.0,,,0.0,,,0.0
2025-08-05 07:00:00,,,,,,,1533.0,1533.0,,,0.0,,,0.0
2025-08-05 08:00:00,,,,,,,509.0,509.0,,,0.0,,,0.0
2025-08-05 09:00:00,,,,,,,509.0,509.0,,,0.0,,,0.0
2025-08-05 10:00:00,,,,,,,509.0,509.0,1.2264,0.16,3.0,0.67429996,0.07059997,3.0
2025-08-05 11:00:00,,,,,,,505.0,505.0,,,0.0,,,0.0
2025-08-05 12:00:00,,,,,,,509.0,509.0,,,0.0,,,0.0
2025-08-05 13:00:00,,,,,,,509.0,509.0,,,0.0,,,0.0
2025-08-05 14:00:00,,,,,,,509.0,509.0,,,0.0,,,0.0
2025-08-05 15:00:00,,,,,,,509.0,509.0,,,0.0,,,0.0
2025-08-05 16:00:00,,,,,,,509.0,509.0,,,0.0,,,0.0
2025-08-05 17:00:00,,,,,,,1533.0,1533.0,,,0.0,,,0.0
2025-08-05 18:00:00,,,,,,,1533.0,1533.0,,,0.0,,,0.0
2025-08-05 19:00:00,,,,,,,1529.0,1529.0,,,0.0,,,0.0
2025-08-05 20:00:00,,,,,,,1273.0,1273.0,,,0.0,,,0.0
2025-08-05 21:00:00,,,,,,,1529.0,1529.0,,,0.0,,,0.0
2025-08-05 22:00:00,,,,,,,1533.0,1533.0,,,0.0,,,0.0
2025-08-05 23:00:00,,,,,,,1529.0,1529.0,,,0.0,,,0.0
2025-08-06 00:00:00,,,,,,,1533.0,1533.0,,,0.0,,,0.0
2025-08-06 01:00:00,,,,,,,1533.0,1533.0,,,0.0,,,0.0
2025-08-06 02:00:00,,,,,,,1533.0,1533.0,,,0.0,,,0.0
2025-08-06 03:00:00,,,,,,,1533.0,1533.0,,,0.0,,,0.0
2025-08-06 04:00:00,,,,,,,1533.0,1533.0,,,0.0,,,0.0
2025-08-06 05:00:00,,,,,,,1529.0,1529.0,,,0.0,,,0.0
2025-08-06 06:00:00,,,,,,,1533.0,1533.0,,,0.0,,,0.0
2025-08-06 07:00:00,,,,,,,1533.0,1533.0,,,0.0,,,0.0
2025-08-06 08:00:00,,,,,,,509.0,509.0,,,0.0,,,0.0
2025-08-06 09:00:00,,,,,,,509.0,509.0,,,0.0,,,0.0
2025-08-06 10:00:00,,,,,,,509.0,509.0,,,0.0,,,0.0
2025-08-06 11:00:00,,,,,,,509.0,509.0,,,0.0,,,0.0
2025-08-06 12:00:00,,,,,,,509.0,509.0,,,0.0,,,0.0
2025-08-06 13:00:00,,,,,,,509.0,509.0,,,0.0,,,0.0
2025-08-06 14:00:00,,,,,,,509.0,509.0,,,0.0,,,0.0
2025-08-06 15:00:00,,,,,,,509.0,509.0,,,0.0,,,0.0
2025-08-06 16:00:00,,,,,,,509.0,509.0,,,0.0,,,0.0
2025-08-06 17:00:00,,,,,,,1533.0,1533.0,,,0.0,,,0.0
2025-08-06 18:00:00,,,,,,,1533.0,1533.0,,,0.0,,,0.0
2025-08-06 19:00:00,,,,,,,1533.0,1533.0,,,0.0,,,0.0
2025-08-06 20:00:00,,,,,,,1529.0,1529.0,,,0.0,,,0.0
2025-08-06 21:00:00,,,,,,,1533.0,1533.0,,,0.0,,,0.0
2025-08-06 22:00:00,,,,,,,1533.0,1533.0,,,0.0,,,0.0
2025-08-06 23:00:00,,,,,,,1533.0,1533.0,,,0.0,,,0.0
2025-08-07 00:00:00,,,,,,,1529.0,1529.0,,,0.0,,,0.0
2025-08-07 01:00:00,,,,,,,1533.0,1533.0,,,0.0,,,0.0
2025-08-07 02:00:00,,,,,,,1533.0,1533.0,,,0.0,,,0.0
2025-08-07 03:00:00,,,,,,,1529.0,1529.0,,,0.0,,,0.0
2025-08-07 04:00:00,,,,,,,1529.0,1529.0,,,0.0,,,0.0
2025-08-07 05:00:00,,,,,,,1533.0,1533.0,,,0.0,,,0.0
2025-08-07 06:00:00,,,,,,,1533.0,1533.0,,,0.0,,,0.0
2025-08-07 07:00:00,,,,,,,1533.0,1533.0,,,0.0,,,0.0
2025-08-07 08:00:00,,,,,,,509.0,509.0,,,0.0,,,0.0
2025-08-07 09:00:00,,,,,,,509.0,509.0,,,0.0,,,0.0
2025-08-07 10:00:00,,,,,,,509.0,509.0,,,0.0,,,0.0
2025-08-07 11:00:00,,,,,,,509.0,509.0,,,0.0,,,0.0
2025-08-07 12:00:00,,,,,,,509.0,509.0,,,0.0,,,0.0
2025-08-07 13:00:00,,,,,,,509.0,509.0,,,0.0,,,0.0
2025-08-07 14:00:00,,,,,,,509.0,509.0,,,0.0,,,0.0
2025-08-07 15:00:00,,,,,,,509.0,509.0,,,0.0,,,0.0
2025-08-07 16:00:00,,,,,,,509.0,509.0,,,0.0,,,0.0
2025-08-07 17:00:00,,,,,,,1533.0,1533.0,,,0.0,,,0.0
2025-08-07 18:00:00,,,,,,,1533.0,1533.0,,,0.0,,,0.0
2025-08-07 19:00:00,,,,,,,1533.0,1533.0,,,0.0,,,0.0
2025-08-07 20:00:00,,,,,,,1529.0,1529.0,,,0.0,,,0.0
2025-08-07 21:00:00,,,,,,,1533.0,1533.0,,,0.0,,,0.0
2025-08-07 22:00:00,,,,,,,1529.0,1529.0,,,0.0,,,0.0
2025-08-07 23:00:00,,,,,,,1529.0,1529.0,,,0.0,,,0.0
2025-08-08 00:00:00,,,,,,,1529.0,1529.0,,,0.0,,,0.0
2025-08-08 01:00:00,,,,,,,1533.0,1533.0,,,0.0,,,0.0
2025-08-08 02:00:00,,,,,,,1533.0,1533.0,,,0.0,,,0.0
2025-08-08 03:00:00,,,,,,,1533.0,1533.0,,,0.0,,,0.0
2025-08-08 04:00:00,,,,,,,1529.0,1529.0,,,0.0,,,0.0
2025-08-08 05:00:00,,,,,,,1533.0,1533.0,,,0.0,,,0.0
2025-08-08 06:00:00,,,,,,,1529.0,1529.0,,,0.0,,,0.0
2025-08-08 07:00:00,,,,,,,1529.0,1529.0,,,0.0,,,0.0
2025-08-08 08:00:00,,,,,,,509.0,509.0,0.2586,0.0,1.0,1.015,0.0,1.0
2025-08-08 09:00:00,,,,,,,505.0,504.0,0.2138,0.0436,2.0,0.9411,0.08829999,2.0
2025-08-08 10:00:00,,,,,,,2553.0,2552.0,0.221,0.1762,3.0,0.9591999,0.08669996,3.0
2025-08-08 11:00:00,,,,,,,509.0,509.0,,,0.0,,,0.0
2025-08-08 12:00:00,,,,,,,509.0,509.0,,,0.0,,,0.0
2025-08-08 13:00:00,,,,,,,509.0,509.0,,,0.0,,,0.0
2025-08-08 14:00:00,,,,,,,509.0,509.0,,,0.0,,,0.0
2025-08-08 15:00:00,,,,,,,505.0,505.0,,,0.0,,,0.0
2025-08-08 16:00:00,,,,,,,505.0,505.0,,,0.0,,,0.0
2025-08-08 17:00:00,,,,,,,1529.0,1529.0,,,0.0,,,0.0
2025-08-08 18:00:00,,,,,,,1529.0,1529.0,,,0.0,,,0.0
2025-08-08 19:00:00,,,,,,,1273.0,1273.0,,,0.0,,,0.0
2025-08-08 20:00:00,,,,,,,1273.0,1273.0,,,0.0,,,0.0
2025-08-08 21:00:00,,,,,,,1273.0,1273.0,,,0.0,,,0.0
2025-08-08 22:00:00,,,,,,,1273.0,1273.0,,,0.0,,,0.0
2025-08-08 23:00:00,,,,,,,1273.0,1273.0,,,0.0,,,0.0
2025-08-09 00:00:00,,,,,,,1529.0,1529.0,,,0.0,,,0.0
2025-08-09 01:00:00,,,,,,,1273.0,1273.0,,,0.0,,,0.0
2025-08-09 02:00:00,,,,,,,1533.0,1533.0,,,0.0,,,0.0
2025-08-09 03:00:00,,,,,,,1273.0,1273.0,,,0.0,,,0.0
2025-08-09 04:00:00,,,,,,,1273.0,1273.0,,,0.0,,,0.0
2025-08-09 05:00:00,,,,,,,1273.0,1273.0,,,0.0,,,0.0
2025-08-09 06:00:00,,,,,,,1529.0,1529.0,,,0.0,,,0.0
2025-08-09 07:00:00,,,,,,,1529.0,1529.0,,,0.0,,,0.0
2025-08-09 08:00:00,,,,,,,505.0,505.0,0.0128,0.0092,2.0,1.0432,0.018000007,2.0
2025-08-09 09:00:00,,,,,,,505.0,505.0,0.0016,0.0,1.0,1.0216999,0.0,1.0
2025-08-09 10:00:00,,,,,,,505.0,505.0,,,0.0,,,0.0
2025-08-09 11:00:00,,,,,,,2297.0,2296.0,0.0222,0.0,1.0,1.1041,0.0,1.0
2025-08-09 12:00:00,,,,,,,509.0,509.0,0.025999999,0.0037999998,2.0,1.102,0.0013999939,2.0
2025-08-09 13:00:00,,,,,,,509.0,509.0,,,0.0,,,0.0
2025-08-09 14:00:00,,,,,,,509.0,509.0,,,0.0,,,0.0
2025-08-09 15:00:00,,,,,,,509.0,509.0,,,0.0,,,0.0
2025-08-09 16:00:00,,,,,,,509.0,509.0,,,0.0,,,0.0
2025-08-09 17:00:00,,,,,,,1533.0,1533.0,,,0.0,,,0.0
2025-08-09 18:00:00,,,,,,,1529.0,1529.0,,,0.0,,,0.0
2025-08-09 19:00:00,,,,,,,1533.0,1533.0,,,0.0,,,0.0
2025-08-09 20:00:00,,,,,,,1533.0,1533.0,,,0.0,,,0.0
2025-08-09 21:00:00,,,,,,,1273.0,1273.0,,,0.0,,,0.0
2025-08-09 22:00:00,,,,,,,1533.0,1533.0,,,0.0,,,0.0
2025-08-09 23:00:00,,,,,,,1529.0,1529.0,,,0.0,,,0.0
2025-08-10 00:00:00,,,,,,,1533.0,1533.0,,,0.0,,,0.0
2025-08-10 01:00:00,,,,,,,1529.0,1529.0,,,0.0,,,0.0
2025-08-10 02:00:00,,,,,,,1529.0,1529.0,,,0.0,,,0.0
2025-08-10 03:00:00,,,,,,,1529.0,1529.0,,,0.0,,,0.0
2025-08-10 04:00:00,,,,,,,1529.0,1529.0,,,0.0,,,0.0
2025-08-10 05:00:00,,,,,,,1533.0,1533.0,,,0.0,,,0.0
2025-08-10 06:00:00,,,,,,,1533.0,1533.0,,,0.0,,,0.0
2025-08-10 07:00:00,,,,,,,1533.0,1533.0,,,0.0,,,0.0
2025-08-10 08:00:00,,,,,,,509.0,509.0,,,0.0,,,0.0
2025-08-10 09:00:00,,,,,,,2553.0,2552.0,0.1796,0.0832,2.0,1.1305,0.037800014,2.0
2025-08-10 10:00:00,,,,,,,509.0,509.0,0.305,0.0,1.0,1.2048,0.0,1.0
2025-08-10 11:00:00,,,,,,,509.0,509.0,,,0.0,,,0.0
2025-08-10 12:00:00,,,,,,,509.0,509.0,,,0.0,,,0.0
2025-08-10 13:00:00,,,,,,,509.0,509.0,,,0.0,,,0.0
2025-08-10 14:00:00,,,,,,,509.0,509.0,,,0.0,,,0.0
2025-08-10 15:00:00,,,,,,,509.0,509.0,,,0.0,,,0.0
2025-08-10 16:00:00,,,,,,,509.0,509.0,,,0.0,,,0.0
2025-08-10 17:00:00,,,,,,,1533.0,1533.0,,,0.0,,,0.0
2025-08-10 18:00:00,,,,,,,1533.0,1533.0,,,0.0,,,0.0
2025-08-10 19:00:00,,,,,,,1273.0,1273.0,,,0.0,,,0.0
2025-08-10 20:00:00,,,,,,,1273.0,1273.0,,,0.0,,,0.0
2025-08-10 21:00:00,,,,,,,1273.0,1273.0,,,0.0,,,0.0
2025-08-10 22:00:00,,,,,,,1273.0,1273.0,,,0.0,,,0.0
2025-08-10 23:00:00,,,,,,,1529.0,1529.0,,,0.0,,,0.0
2025-08-11 00:00:00,,,,,,,1529.0,1529.0,,,0.0,,,0.0
2025-08-11 01:00:00,,,,,,,1533.0,1533.0,,,0.0,,,0.0
2025-08-11 02:00:00,,,,,,,1273.0,1273.0,,,0.0,,,0.0
2025-08-11 03:00:00,,,,,,,1533.0,1533.0,,,0.0,,,0.0
2025-08-11 04:00:00,,,,,,,1533.0,1533.0,,,0.0,,,0.0
2025-08-11 05:00:00,,,,,,,1533.0,1533.0,,,0.0,,,0.0
2025-08-11 06:00:00,,,,,,,1529.0,1529.0,,,0.0,,,0.0
2025-08-11 07:00:00,,,,,,,1533.0,1533.0,,,0.0,,,0.0
2025-08-11 08:00:00,,,,,,,509.0,509.0,0.2386,0.0,1.0,1.0403999,0.0,1.0
2025-08-11 09:00:00,,,,,,,509.0,509.0,,,0.0,,,0.0
2025-08-11 10:00:00,,,,,,,509.0,509.0,0.9152,0.0,2.0,0.9498,0.0,2.0
2025-08-11 11:00:00,,,,,,,509.0,509.0,0.156,0.0,1.0,1.0684999,0.0,1.0
2025-08-11 12:00:00,,,,,,,509.0,509.0,,,0.0,,,0.0
2025-08-11 13:00:00,,,,,,,509.0,509.0,,,0.0,,,0.0
2025-08-11 14:00:00,,,,,,,509.0,509.0,,,0.0,,,0.0
2025-08-11 15:00:00,,,,,,,509.0,509.0,,,0.0,,,0.0
2025-08-11 16:00:00,,,,,,,509.0,509.0,,,0.0,,,0.0
2025-08-11 17:00:00,,,,,,,1533.0,1533.0,0.2732,0.0,1.0,0.2101,0.0,1.0
2025-08-11 18:00:00,,,,,,,1533.0,1533.0,,,0.0,,,0.0
2025-08-11 19:00:00,,,,,,,1533.0,1533.0,,,0.0,,,0.0
2025-08-11 20:00:00,,,,,,,1533.0,1533.0,,,0.0,,,0.0
2025-08-11 21:00:00,,,,,,,1529.0,1529.0,,,0.0,,,0.0
2025-08-11 22:00:00,,,,,,,1273.0,1273.0,,,0.0,,,0.0
2025-08-11 23:00:00,,,,,,,1529.0,1529.0,,,0.0,,,0.0
2025-08-12 00:00:00,,,,,,,1533.0,1533.0,,,0.0,,,0.0
2025-08-12 01:00:00,,,,,,,1533.0,1533.0,,,0.0,,,0.0
2025-08-12 02:00:00,,,,,,,1533.0,1533.0,,,0.0,,,0.0
2025-08-12 03:00:00,,,,,,,1533.0,1533.0,,,0.0,,,0.0
2025-08-12 04:00:00,,,,,,,1533.0,1533.0,,,0.0,,,0.0
2025-08-12 05:00:00,,,,,,,1533.0,1533.0,,,0.0,,,0.0
2025-08-12 06:00:00,,,,,,,1533.0,1533.0,,,0.0,,,0.0
2025-08-12 07:00:00,,,,,,,1533.0,1533.0,,,0.0,,,0.0
2025-08-12 08:00:00,,,,,,,509.0,509.0,,,0.0,,,0.0
2025-08-12 09:00:00,,,,,,,509.0,509.0,,,0.0,,,0.0
2025-08-12 10:00:00,,,,,,,509.0,509.0,0.8164,0.0,2.0,0.8334,0.0,2.0
2025-08-12 11:00:00,,,,,,,509.0,509.0,,,0.0,,,0.0
2025-08-12 12:00:00,,,,,,,509.0,509.0,,,0.0,,,0.0
2025-08-12 13:00:00,,,,,,,509.0,509.0,0.49139997,0.0,1.0,1.0841,0.0,1.0
2025-08-12 14:00:00,,,,,,,509.0,509.0,,,0.0,,,0.0
2025-08-12 15:00:00,,,,,,,509.0,509.0,,,0.0,,,0.0
2025-08-12 16:00:00,,,,,,,509.0,509.0,,,0.0,,,0.0
2025-08-12 17:00:00,,,,,,,1533.0,1533.0,,,0.0,,,0.0
2025-08-12 18:00:00,,,,,,,1533.0,1533.0,,,0.0,,,0.0
2025-08-12 19:00:00,,,,,,,1533.0,1533.0,,,0.0,,,0.0
2025-08-12 20:00:00,,,,,,,1529.0,1529.0,,,0.0,,,0.0
2025-08-12 21:00:00,,,,,,,1273.0,1273.0,,,0.0,,,0.0
2025-08-12 22:00:00,,,,,,,1529.0,1529.0,,,0.0,,,0.0
2025-08-12 23:00:00,,,,,,,1533.0,1533.0,,,0.0,,,0.0
2025-08-13 00:00:00,,,,,,,1529.0,1529.0,,,0.0,,,0.0
2025-08-13 01:00:00,,,,,,,1533.0,1533.0,,,0.0,,,0.0
2025-08-13 02:00:00,,,,,,,1273.0,1273.0,,,0.0,,,0.0
2025-08-13 03:00:00,,,,,,,1533.0,1533.0,,,0.0,,,0.0
2025-08-13 04:00:00,,,,,,,1273.0,1273.0,,,0.0,,,0.0
2025-08-13 05:00:00,,,,,,,1529.0,1529.0,,,0.0,,,0.0
2025-08-13 06:00:00,,,,,,,1533.0,1533.0,,,0.0,,,0.0
2025-08-13 07:00:00,,,,,,,1529.0,1529.0,,,0.0,,,0.0
2025-08-13 08:00:00,,,,,,,509.0,509.0,,,0.0,,,0.0
2025-08-13 09:00:00,,,,,,,509.0,509.0,,,0.0,,,0.0
2025-08-13 10:00:00,,,,,,,509.0,509.0,,,0.0,,,0.0
2025-08-13 11:00:00,,,,,,,509.0,509.0,,,0.0,,,0.0
2025-08-13 12:00:00,,,,,,,509.0,509.0,,,0.0,,,0.0
2025-08-13 13:00:00,,,,,,,509.0,509.0,,,0.0,,,0.0
2025-08-13 14:00:00,,,,,,,509.0,509.0,,,0.0,,,0.0
2025-08-13 15:00:00,,,,,,,509.0,509.0,,,0.0,,,0.0
2025-08-13 16:00:00,,,,,,,509.0,509.0,,,0.0,,,0.0
2025-08-13 17:00:00,,,,,,,1533.0,1533.0,,,0.0,,,0.0
2025-08-13 18:00:00,,,,,,,1273.0,1273.0,,,0.0,,,0.0
2025-08-13 19:00:00,,,,,,,1273.0,1273.0,,,0.0,,,0.0
2025-08-13 20:00:00,,,,,,,1273.0,1273.0,,,0.0,,,0.0
2025-08-13 21:00:00,,,,,,,1533.0,1533.0,,,0.0,,,0.0
2025-08-13 22:00:00,,,,,,,1533.0,1533.0,,,0.0,,,0.0
2025-08-13 23:00:00,,,,,,,1273.0,1273.0,,,0.0,,,0.0
2025-08-14 00:00:00,,,,,,,1273.0,1273.0,,,0.0,,,0.0
2025-08-14 01:00:00,,,,,,,1529.0,1529.0,,,0.0,,,0.0
2025-08-14 02:00:00,,,,,,,1529.0,1529.0,,,0.0,,,0.0
2025-08-14 03:00:00,,,,,,,1529.0,1529.0,,,0.0,,,0.0
2025-08-14 04:00:00,,,,,,,1273.0,1273.0,,,0.0,,,0.0
2025-08-14 05:00:00,,,,,,,1533.0,1533.0,,,0.0,,,0.0
2025-08-14 06:00:00,,,,,,,1533.0,1533.0,,,0.0,,,0.0
2025-08-14 07:00:00,,,,,,,1533.0,1533.0,,,0.0,,,0.0
2025-08-14 08:00:00,,,,,,,509.0,509.0,,,0.0,,,0.0
2025-08-14 09:00:00,,,,,,,509.0,509.0,,,0.0,,,0.0
2025-08-14 10:00:00,,,,,,,509.0,509.0,,,0.0,,,0.0
2025-08-14 11:00:00,,,,,,,509.0,509.0,,,0.0,,,0.0
2025-08-14 12:00:00,,,,,,,509.0,509.0,,,0.0,,,0.0
2025-08-14 13:00:00,,,,,,,509.0,509.0,,,0.0,,,0.0
2025-08-14 14:00:00,,,,,,,509.0,509.0,,,0.0,,,0.0
2025-08-14 15:00:00,,,,,,,509.0,509.0,,,0.0,,,0.0
2025-08-14 16:00:00,,,,,,,509.0,509.0,,,0.0,,,0.0
2025-08-14 17:00:00,,,,,,,1533.0,1533.0,0.2024,0.0734,3.0,0.9232,0.02459997,3.0
2025-08-14 18:00:00,,,,,,,1533.0,1533.0,,,0.0,,,0.0
2025-08-14 19:00:00,,,,,,,1533.0,1533.0,,,0.0,,,0.0
2025-08-14 20:00:00,,,,,,,1529.0,1529.0,,,0.0,,,0.0
2025-08-14 21:00:00,,,,,,,1533.0,1533.0,,,0.0,,,0.0
2025-08-14 22:00:00,,,,,,,1533.0,1533.0,,,0.0,,,0.0
2025-08-14 23:00:00,,,,,,,1533.0,1533.0,,,0.0,,,0.0
2025-08-15 00:00:00,,,,,,,1533.0,1533.0,,,0.0,,,0.0
2025-08-15 01:00:00,,,,,,,1533.0,1533.0,,,0.0,,,0.0
2025-08-15 02:00:00,,,,,,,1533.0,1533.0,,,0.0,,,0.0
2025-08-15 03:00:00,,,,,,,1533.0,1533.0,,,0.0,,,0.0
2025-08-15 04:00:00,,,,,,,1533.0,1533.0,,,0.0,,,0.0
2025-08-15 05:00:00,,,,,,,1533.0,1533.0,,,0.0,,,0.0
2025-08-15 06:00:00,,,,,,,1533.0,1533.0,,,0.0,,,0.0
2025-08-15 07:00:00,,,,,,,1533.0,1533.0,,,0.0,,,0.0
2025-08-15 08:00:00,,,,,,,509.0,509.0,,,0.0,,,0.0
2025-08-15 09:00:00,,,,,,,509.0,509.0,,,0.0,,,0.0
2025-08-15 10:00:00,,,,,,,509.0,509.0,,,0.0,,,0.0
2025-08-15 11:00:00,,,,,,,509.0,509.0,,,0.0,,,0.0
2025-08-15 12:00:00,,,,,,,509.0,509.0,,,0.0,,,0.0
2025-08-15 13:00:00,,,,,,,509.0,509.0,,,0.0,,,0.0
2025-08-15 14:00:00,,,,,,,509.0,509.0,,,0.0,,,0.0
2025-08-15 15:00:00,,,,,,,509.0,509.0,,,0.0,,,0.0
2025-08-15 16:00:00,,,,,,,509.0,509.0,,,0.0,,,0.0
2025-08-15 17:00:00,,,,,,,1533.0,1533.0,,,0.0,,,0.0
2025-08-15 18:00:00,,,,,,,1533.0,1533.0,,,0.0,,,0.0
2025-08-15 19:00:00,,,,,,,1529.0,1529.0,,,0.0,,,0.0
2025-08-15 20:00:00,,,,,,,1533.0,1533.0,,,0.0,,,0.0
2025-08-15 21:00:00,,,,,,,1533.0,1533.0,,,0.0,,,0.0
2025-08-15 22:00:00,,,,,,,1529.0,1529.0,,,0.0,,,0.0
2025-08-15 23:00:00,,,,,,,1533.0,1533.0,,,0.0,,,0.0
2025-08-16 00:00:00,,,,,,,1533.0,1533.0,,,0.0,,,0.0
2025-08-16 01:00:00,,,,,,,1533.0,1533.0,,,0.0,,,0.0
2025-08-16 02:00:00,,,,,,,1533.0,1533.0,,,0.0,,,0.0
2025-08-16 03:00:00,,,,,,,1533.0,1533.0,,,0.0,,,0.0
2025-08-16 04:00:00,,,,,,,1533.0,1533.0,,,0.0,,,0.0
2025-08-16 05:00:00,,,,,,,1533.0,1533.0,,,0.0,,,0.0
2025-08-16 06:00:00,,,,,,,1533.0,1533.0,,,0.0,,,0.0
2025-08-16 07:00:00,,,,,,,1533.0,1533.0,,,0.0,,,0.0
2025-08-16 08:00:00,,,,,,,509.0,509.0,,,0.0,,,0.0
2025-08-16 09:00:00,,,,,,,509.0,509.0,,,0.0,,,0.0
2025-08-16 10:00:00,,,,,,,509.0,509.0,,,0.0,,,0.0
2025-08-16 11:00:00,,,,,,,509.0,509.0,,,0.0,,,0.0
2025-08-16 12:00:00,,,,,,,509.0,509.0,,,0.0,,,0.0
2025-08-16 13:00:00,,,,,,,509.0,509.0,,,0.0,,,0.0
2025-08-16 14:00:00,,,,,,,509.0,509.0,,,0.0,,,0.0
2025-08-16 15:00:00,,,,,,,509.0,509.0,,,0.0,,,0.0
2025-08-16 16:00:00,,,,,,,509.0,509.0,,,0.0,,,0.0
2025-08-16 17:00:00,,,,,,,1533.0,1533.0,,,0.0,,,0.0
2025-08-16 18:00:00,,,,,,,1533.0,1533.0,,,0.0,,,0.0
2025-08-16 19:00:00,,,,,,,1533.0,1533.0,,,0.0,,,0.0
2025-08-16 20:00:00,,,,,,,1533.0,1533.0,,,0.0,,,0.0
2025-08-16 21:00:00,,,,,,,1529.0,1529.0,,,0.0,,,0.0
2025-08-16 22:00:00,,,,,,,1533.0,1533.0,,,0.0,,,0.0
2025-08-16 23:00:00,,,,,,,1529.0,1529.0,,,0.0,,,0.0
2025-08-17 00:00:00,,,,,,,1533.0,1533.0,,,0.0,,,0.0
2025-08-17 01:00:00,,,,,,,1529.0,1529.0,,,0.0,,,0.0
2025-08-17 02:00:00,,,,,,,1533.0,1533.0,,,0.0,,,0.0
2025-08-17 03:00:00,,,,,,,1273.0,1273.0,,,0.0,,,0.0
2025-08-17 04:00:00,,,,,,,1533.0,1533.0,,,0.0,,,0.0
2025-08-17 05:00:00,,,,,,,1533.0,1533.0,,,0.0,,,0.0
2025-08-17 06:00:00,,,,,,,1533.0,1533.0,,,0.0,,,0.0
2025-08-17 07:00:00,,,,,,,1533.0,1533.0,,,0.0,,,0.0
2025-08-17 08:00:00,,,,,,,509.0,509.0,,,0.0,,,0.0
2025-08-17 09:00:00,,,,,,,509.0,509.0,,,0.0,,,0.0
2025-08-17 10:00:00,,,,,,,509.0,509.0,,,0.0,,,0.0
2025-08-17 11:00:00,,,,,,,509.0,509.0,,,0.0,,,0.0
2025-08-17 12:00:00,,,,,,,509.0,509.0,,,0.0,,,0.0
2025-08-17 13:00:00,,,,,,,509.0,509.0,,,0.0,,,0.0
2025-08-17 14:00:00,,,,,,,509.0,509.0,,,0.0,,,0.0
2025-08-17 15:00:00,,,,,,,509.0,509.0,,,0.0,,,0.0
2025-08-17 16:00:00,,,,,,,509.0,509.0,,,0.0,,,0.0
2025-08-17 17:00:00,,,,,,,1533.0,1533.0,,,0.0,,,0.0
2025-08-17 18:00:00,,,,,,,1529.0,1529.0,,,0.0,,,0.0
2025-08-17 19:00:00,,,,,,,1533.0,1533.0,,,0.0,,,0.0
2025-08-17 20:00:00,,,,,,,1529.0,1529.0,,,0.0,,,0.0
2025-08-17 21:00:00,,,,,,,1533.0,1533.0,,,0.0,,,0.0
2025-08-17 22:00:00,,,,,,,1533.0,1533.0,,,0.0,,,0.0
2025-08-17 23:00:00,,,,,,,1533.0,1533.0,,,0.0,,,0.0
2025-08-18 00:00:00,,,,,,,1533.0,1533.0,,,0.0,,,0.0
2025-08-18 01:00:00,,,,,,,1533.0,1533.0,,,0.0,,,0.0
2025-08-18 02:00:00,,,,,,,1533.0,1533.0,,,0.0,,,0.0
2025-08-18 03:00:00,,,,,,,1529.0,1529.0,,,0.0,,,0.0
2025-08-18 04:00:00,,,,,,,1533.0,1533.0,,,0.0,,,0.0
2025-08-18 05:00:00,,,,,,,1533.0,1533.0,,,0.0,,,0.0
2025-08-18 06:00:00,,,,,,,1533.0,1533.0,,,0.0,,,0.0
2025-08-18 07:00:00,,,,,,,1533.0,1533.0,,,0.0,,,0.0
2025-08-18 08:00:00,,,,,,,509.0,509.0,1.1056,0.0,1.0,0.6474,0.0,1.0
2025-08-18 09:00:00,,,,,,,509.0,509.0,0.39299998,0.0,1.0,1.0626,0.0,1.0
2025-08-18 10:00:00,,,,,,,509.0,509.0,,,0.0,,,0.0
2025-08-18 11:00:00,,,,,,,509.0,509.0,,,0.0,,,0.0
2025-08-18 12:00:00,,,,,,,509.0,509.0,,,0.0,,,0.0
2025-08-18 13:00:00,,,,,,,509.0,509.0,,,0.0,,,0.0
2025-08-18 14:00:00,,,,,,,509.0,509.0,,,0.0,,,0.0
2025-08-18 15:00:00,,,,,,,509.0,509.0,,,0.0,,,0.0
2025-08-18 16:00:00,,,,,,,509.0,509.0,,,0.0,,,0.0
2025-08-18 17:00:00,,,,,,,1533.0,1533.0,,,0.0,,,0.0
2025-08-18 18:00:00,,,,,,,1533.0,1533.0,,,0.0,,,0.0
2025-08-18 19:00:00,,,,,,,1533.0,1533.0,,,0.0,,,0.0
2025-08-18 20:00:00,,,,,,,1533.0,1533.0,,,0.0,,,0.0
2025-08-18 21:00:00,,,,,,,1533.0,1533.0,,,0.0,,,0.0
2025-08-18 22:00:00,,,,,,,1529.0,1529.0,,,0.0,,,0.0
2025-08-18 23:00:00,,,,,,,1529.0,1529.0,,,0.0,,,0.0
2025-08-19 00:00:00,,,,,,,1529.0,1529.0,,,0.0,,,0.0
2025-08-19 01:00:00,,,,,,,1529.0,1529.0,,,0.0,,,0.0
2025-08-19 02:00:00,,,,,,,1533.0,1533.0,,,0.0,,,0.0
2025-08-19 03:00:00,,,,,,,1529.0,1529.0,,,0.0,,,0.0
2025-08-19 04:00:00,,,,,,,1529.0,1529.0,,,0.0,,,0.0
2025-08-19 05:00:00,,,,,,,1533.0,1533.0,,,0.0,,,0.0
2025-08-19 06:00:00,,,,,,,1533.0,1533.0,,,0.0,,,0.0
2025-08-19 07:00:00,,,,,,,1533.0,1533.0,,,0.0,,,0.0
2025-08-19 08:00:00,,,,,,,509.0,509.0,,,0.0,,,0.0
2025-08-19 09:00:00,,,,,,,509.0,509.0,,,0.0,,,0.0
2025-08-19 10:00:00,,,,,,,509.0,509.0,,,0.0,,,0.0
2025-08-19 11:00:00,,,,,,,509.0,509.0,,,0.0,,,0.0
2025-08-19 12:00:00,,,,,,,509.0,509.0,,,0.0,,,0.0
2025-08-19 13:00:00,,,,,,,509.0,509.0,,,0.0,,,0.0
2025-08-19 14:00:00,,,,,,,509.0,509.0,,,0.0,,,0.0
2025-08-19 15:00:00,,,,,,,509.0,509.0,,,0.0,,,0.0
2025-08-19 16:00:00,,,,,,,509.0,509.0,,,0.0,,,0.0
2025-08-19 17:00:00,,,,,,,1533.0,1533.0,,,0.0,,,0.0
2025-08-19 18:00:00,,,,,,,1533.0,1533.0,,,0.0,,,0.0
2025-08-19 19:00:00,,,,,,,1533.0,1533.0,,,0.0,,,0.0
2025-08-19 20:00:00,,,,,,,1533.0,1533.0,,,0.0,,,0.0
2025-08-19 21:00:00,,,,,,,1529.0,1529.0,,,0.0,,,0.0
2025-08-19 22:00:00,,,,,,,1533.0,1533.0,,,0.0,,,0.0
2025-08-19 23:00:00,,,,,,,1533.0,1533.0,,,0.0,,,0.0
2025-08-20 00:00:00,,,,,,,1529.0,1529.0,,,0.0,,,0.0
2025-08-20 01:00:00,,,,,,,1533.0,1533.0,,,0.0,,,0.0
2025-08-20 02:00:00,,,,,,,1533.0,1533.0,,,0.0,,,0.0
2025-08-20 03:00:00,,,,,,,1529.0,1529.0,,,0.0,,,0.0
2025-08-20 04:00:00,,,,,,,1529.0,1529.0,,,0.0,,,0.0
2025-08-20 05:00:00,,,,,,,1533.0,1533.0,,,0.0,,,0.0
2025-08-20 06:00:00,,,,,,,1533.0,1533.0,,,0.0,,,0.0
2025-08-20 07:00:00,,,,,,,1533.0,1533.0,,,0.0,,,0.0
2025-08-20 08:00:00,,,,,,,505.0,504.0,0.5898,0.1752,4.0,1.0920999,0.09099996,4.0
2025-08-20 09:00:00,,,,,,,509.0,509.0,0.65419996,0.024,2.0,1.0435,0.021600008,2.0
2025-08-20 10:00:00,,,,,,,509.0,509.0,1.0828,0.0,1.0,0.6661,0.0,1.0
2025-08-20 11:00:00,,,,,,,505.0,504.0,0.6182,0.0,1.0,1.1251,0.0,1.0
2025-08-20 12:00:00,,,,,,,509.0,509.0,,,0.0,,,0.0
2025-08-20 13:00:00,,,,,,,505.0,504.0,0.5642,0.0574,2.0,1.1372,0.005699992,2.0
2025-08-20 14:00:00,,,,,,,509.0,509.0,0.5718,0.0,1.0,1.1230999,0.0,1.0
2025-08-20 15:00:00,,,,,,,509.0,509.0,,,0.0,,,0.0
2025-08-20 16:00:00,,,,,,,509.0,509.0,,,0.0,,,0.0
2025-08-20 17:00:00,,,,,,,1533.0,1533.0,,,0.0,,,0.0
2025-08-20 18:00:00,,,,,,,1533.0,1533.0,,,0.0,,,0.0
2025-08-20 19:00:00,,,,,,,1533.0,1533.0,,,0.0,,,0.0
2025-08-20 20:00:00,,,,,,,1533.0,1533.0,,,0.0,,,0.0
2025-08-20 21:00:00,,,,,,,1533.0,1533.0,,,0.0,,,0.0
2025-08-20 22:00:00,,,,,,,1533.0,1533.0,,,0.0,,,0.0
2025-08-20 23:00:00,,,,,,,1533.0,1533.0,,,0.0,,,0.0
2025-08-21 00:00:00,,,,,,,1533.0,1533.0,,,0.0,,,0.0
2025-08-21 01:00:00,,,,,,,1533.0,1533.0,,,0.0,,,0.0
2025-08-21 02:00:00,,,,,,,1533.0,1533.0,,,0.0,,,0.0
2025-08-21 03:00:00,,,,,,,1533.0,1533.0,,,0.0,,,0.0
2025-08-21 04:00:00,,,,,,,1533.0,1533.0,,,0.0,,,0.0
2025-08-21 05:00:00,,,,,,,1529.0,1529.0,,,0.0,,,0.0
2025-08-21 06:00:00,,,,,,,1533.0,1533.0,,,0.0,,,0.0
2025-08-21 07:00:00,,,,,,,1533.0,1533.0,,,0.0,,,0.0
2025-08-21 08:00:00,,,,,,,509.0,509.0,,,0.0,,,0.0
2025-08-21 09:00:00,,,,,,,509.0,509.0,,,0.0,,,0.0
2025-08-21 10:00:00,,,,,,,509.0,509.0,,,0.0,,,0.0
2025-08-21 11:00:00,,,,,,,509.0,509.0,,,0.0,,,0.0
2025-08-21 12:00:00,,,,,,,509.0,509.0,,,0.0,,,0.0
2025-08-21 13:00:00,,,,,,,509.0,509.0,,,0.0,,,0.0
2025-08-21 14:00:00,,,,,,,509.0,509.0,,,0.0,,,0.0
2025-08-21 15:00:00,,,,,,,509.0,509.0,,,0.0,,,0.0
2025-08-21 16:00:00,,,,,,,509.0,509.0,,,0.0,,,0.0
2025-08-21 17:00:00,,,,,,,1533.0,1533.0,,,0.0,,,0.0
2025-08-21 18:00:00,,,,,,,1533.0,1533.0,,,0.0,,,0.0
2025-08-21 19:00:00,,,,,,,1533.0,1533.0,,,0.0,,,0.0
2025-08-21 20:00:00,,,,,,,1529.0,1529.0,,,0.0,,,0.0
2025-08-21 21:00:00,,,,,,,1533.0,1533.0,,,0.0,,,0.0
2025-08-21 22:00:00,,,,,,,1529.0,1529.0,,,0.0,,,0.0
2025-08-21 23:00:00,,,,,,,1529.0,1529.0,,,0.0,,,0.0
2025-08-22 00:00:00,,,,,,,1533.0,1533.0,,,0.0,,,0.0
2025-08-22 01:00:00,,,,,,,1533.0,1533.0,,,0.0,,,0.0
2025-08-22 02:00:00,,,,,,,1533.0,1533.0,,,0.0,,,0.0
2025-08-22 03:00:00,,,,,,,1529.0,1529.0,,,0.0,,,0.0
2025-08-22 04:00:00,,,,,,,1529.0,1529.0,,,0.0,,,0.0
2025-08-22 05:00:00,,,,,,,1533.0,1533.0,,,0.0,,,0.0
2025-08-22 06:00:00,,,,,,,1533.0,1533.0,,,0.0,,,0.0
2025-08-22 07:00:00,,,,,,,1533.0,1533.0,,,0.0,,,0.0
2025-08-22 08:00:00,,,,,,,509.0,509.0,,,0.0,,,0.0
2025-08-22 09:00:00,,,,,,,509.0,509.0,,,0.0,,,0.0
2025-08-22 10:00:00,,,,,,,509.0,509.0,,,0.0,,,0.0
2025-08-22 11:00:00,,,,,,,509.0,509.0,,,0.0,,,0.0
2025-08-22 12:00:00,,,,,,,509.0,509.0,,,0.0,,,0.0
2025-08-22 13:00:00,,,,,,,509.0,509.0,,,0.0,,,0.0
2025-08-22 14:00:00,,,,,,,509.0,509.0,0.8624,0.0,1.0,0.9656,0.0,1.0
2025-08-22 15:00:00,,,,,,,509.0,509.0,,,0.0,,,0.0
2025-08-22 16:00:00,,,,,,,509.0,509.0,,,0.0,,,0.0
2025-08-22 17:00:00,,,,,,,1533.0,1533.0,,,0.0,,,0.0
2025-08-22 18:00:00,,,,,,,1533.0,1533.0,,,0.0,,,0.0
2025-08-22 19:00:00,,,,,,,1533.0,1533.0,,,0.0,,,0.0
2025-08-22 20:00:00,,,,,,,1533.0,1533.0,,,0.0,,,0.0
2025-08-22 21:00:00,,,,,,,1533.0,1533.0,,,0.0,,,0.0
2025-08-22 22:00:00,,,,,,,1533.0,1533.0,,,0.0,,,0.0
2025-08-22 23:00:00,,,,,,,1533.0,1533.0,,,0.0,,,0.0
2025-08-23 00:00:00,,,,,,,1529.0,1529.0,,,0.0,,,0.0
2025-08-23 01:00:00,,,,,,,1529.0,1529.0,,,0.0,,,0.0
2025-08-23 02:00:00,,,,,,,1273.0,1273.0,,,0.0,,,0.0
2025-08-23 03:00:00,,,,,,,1533.0,1533.0,,,0.0,,,0.0
2025-08-23 04:00:00,,,,,,,1533.0,1533.0,,,0.0,,,0.0
2025-08-23 05:00:00,,,,,,,1529.0,1529.0,,,0.0,,,0.0
2025-08-23 06:00:00,,,,,,,1533.0,1533.0,,,0.0,,,0.0
2025-08-23 07:00:00,,,,,,,1533.0,1533.0,,,0.0,,,0.0
2025-08-23 08:00:00,,,,,,,509.0,509.0,,,0.0,,,0.0
2025-08-23 09:00:00,,,,,,,509.0,509.0,,,0.0,,,0.0
2025-08-23 10:00:00,,,,,,,509.0,509.0,,,0.0,,,0.0
2025-08-23 11:00:00,,,,,,,509.0,509.0,,,0.0,,,0.0
2025-08-23 12:00:00,,,,,,,509.0,509.0,,,0.0,,,0.0
2025-08-23 13:00:00,,,,,,,505.0,505.0,,,0.0,,,0.0
2025-08-23 14:00:00,,,,,,,509.0,509.0,0.1708,0.0,1.0,1.0537,0.0,1.0
2025-08-23 15:00:00,,,,,,,509.0,509.0,0.3012,0.0,1.0,1.0798999,0.0,1.0
2025-08-23 16:00:00,,,,,,,505.0,504.0,0.2296,0.0832,4.0,1.0715,0.13449997,4.0
2025-08-23 17:00:00,,,,,,,1533.0,1533.0,0.4556,0.0212,2.0,0.9475,0.14160001,2.0
2025-08-23 18:00:00,,,,,,,1533.0,1533.0,,,0.0,,,0.0
2025-08-23 19:00:00,,,,,,,1533.0,1533.0,,,0.0,,,0.0
2025-08-23 20:00:00,,,,,,,1533.0,1533.0,,,0.0,,,0.0
2025-08-23 21:00:00,,,,,,,1529.0,1529.0,,,0.0,,,0.0
2025-08-23 22:00:00,,,,,,,1529.0,1529.0,,,0.0,,,0.0
2025-08-23 23:00:00,,,,,,,1273.0,1273.0,,,0.0,,,0.0
2025-08-24 00:00:00,,,,,,,1273.0,1273.0,,,0.0,,,0.0
2025-08-24 01:00:00,,,,,,,1529.0,1529.0,,,0.0,,,0.0
2025-08-24 02:00:00,,,,,,,1533.0,1533.0,,,0.0,,,0.0
2025-08-24 03:00:00,,,,,,,1273.0,1273.0,,,0.0,,,0.0
2025-08-24 04:00:00,,,,,,,1273.0,1273.0,,,0.0,,,0.0
2025-08-24 05:00:00,,,,,,,1273.0,1273.0,,,0.0,,,0.0
2025-08-24 06:00:00,,,,,,,1273.0,1273.0,,,0.0,,,0.0
2025-08-24 07:00:00,,,,,,,1533.0,1533.0,,,0.0,,,0.0
2025-08-24 08:00:00,,,,,,,509.0,509.0,,,0.0,,,0.0
2025-08-24 09:00:00,,,,,,,509.0,509.0,,,0.0,,,0.0
2025-08-24 10:00:00,,,,,,,509.0,509.0,,,0.0,,,0.0
2025-08-24 11:00:00,,,,,,,509.0,509.0,0.34919998,0.0,1.0,1.2371,0.0,1.0
2025-08-24 12:00:00,,,,,,,509.0,509.0,0.5922,0.0208,2.0,1.1106,0.0026000142,2.0
2025-08-24 13:00:00,,,,,,,509.0,509.0,,,0.0,,,0.0
2025-08-24 14:00:00,,,,,,,509.0,509.0,,,0.0,,,0.0
2025-08-24 15:00:00,,,,,,,509.0,509.0,,,0.0,,,0.0
2025-08-24 16:00:00,,,,,,,509.0,509.0,,,0.0,,,0.0
2025-08-24 17:00:00,,,,,,,1533.0,1533.0,,,0.0,,,0.0
2025-08-24 18:00:00,,,,,,,1533.0,1533.0,,,0.0,,,0.0
2025-08-24 19:00:00,,,,,,,1533.0,1533.0,,,0.0,,,0.0
2025-08-24 20:00:00,,,,,,,1533.0,1533.0,,,0.0,,,0.0
2025-08-24 21:00:00,,,,,,,1533.0,1533.0,,,0.0,,,0.0
2025-08-24 22:00:00,,,,,,,1533.0,1533.0,,,0.0,,,0.0
2025-08-24 23:00:00,,,,,,,1533.0,1533.0,,,0.0,,,0.0
2025-08-25 00:00:00,,,,,,,1533.0,1533.0,,,0.0,,,0.0
2025-08-25 01:00:00,,,,,,,1533.0,1533.0,,,0.0,,,0.0
2025-08-25 02:00:00,,,,,,,1529.0,1529.0,,,0.0,,,0.0
2025-08-25 03:00:00,,,,,,,1533.0,1533.0,,,0.0,,,0.0
2025-08-25 04:00:00,,,,,,,1533.0,1533.0,,,0.0,,,0.0
2025-08-25 05:00:00,,,,,,,1529.0,1529.0,,,0.0,,,0.0
2025-08-25 06:00:00,,,,,,,1533.0,1533.0,,,0.0,,,0.0
2025-08-25 07:00:00,,,,,,,1533.0,1533.0,,,0.0,,,0.0
2025-08-25 08:00:00,,,,,,,509.0,509.0,,,0.0,,,0.0
2025-08-25 09:00:00,,,,,,,509.0,509.0,,,0.0,,,0.0
2025-08-25 10:00:00,,,,,,,509.0,509.0,,,0.0,,,0.0
2025-08-25 11:00:00,,,,,,,509.0,509.0,,,0.0,,,0.0
2025-08-25 12:00:00,,,,,,,509.0,509.0,,,0.0,,,0.0
2025-08-25 13:00:00,,,,,,,509.0,509.0,,,0.0,,,0.0
2025-08-25 14:00:00,,,,,,,509.0,509.0,,,0.0,,,0.0
2025-08-25 15:00:00,,,,,,,509.0,509.0,,,0.0,,,0.0
2025-08-25 16:00:00,,,,,,,509.0,509.0,,,0.0,,,0.0
2025-08-25 17:00:00,,,,,,,1533.0,1533.0,,,0.0,,,0.0
2025-08-25 18:00:00,,,,,,,1533.0,1533.0,,,0.0,,,0.0
2025-08-25 19:00:00,,,,,,,1529.0,1529.0,,,0.0,,,0.0
2025-08-25 20:00:00,,,,,,,1529.0,1529.0,,,0.0,,,0.0
2025-08-25 21:00:00,,,,,,,1533.0,1533.0,,,0.0,,,0.0
2025-08-25 22:00:00,,,,,,,1533.0,1533.0,,,0.0,,,0.0
2025-08-25 23:00:00,,,,,,,1533.0,1533.0,,,0.0,,,0.0
2025-08-26 00:00:00,,,,,,,1533.0,1533.0,,,0.0,,,0.0
2025-08-26 01:00:00,,,,,,,1533.0,1533.0,,,0.0,,,0.0
2025-08-26 02:00:00,,,,,,,1533.0,1533.0,,,0.0,,,0.0
2025-08-26 03:00:00,,,,,,,1533.0,1533.0,,,0.0,,,0.0
2025-08-26 04:00:00,,,,,,,1533.0,1533.0,,,0.0,,,0.0
2025-08-26 05:00:00,,,,,,,1529.0,1529.0,,,0.0,,,0.0
2025-08-26 06:00:00,,,,,,,1533.0,1533.0,,,0.0,,,0.0
2025-08-26 07:00:00,,,,,,,1533.0,1533.0,,,0.0,,,0.0
2025-08-26 08:00:00,,,,,,,509.0,509.0,,,0.0,,,0.0
2025-08-26 09:00:00,,,,,,,509.0,509.0,,,0.0,,,0.0
2025-08-26 10:00:00,,,,,,,509.0,509.0,,,0.0,,,0.0
2025-08-26 11:00:00,,,,,,,509.0,509.0,,,0.0,,,0.0
2025-08-26 12:00:00,,,,,,,509.0,509.0,,,0.0,,,0.0
2025-08-26 13:00:00,,,,,,,509.0,509.0,,,0.0,,,0.0
2025-08-26 14:00:00,,,,,,,509.0,509.0,,,0.0,,,0.0
2025-08-26 15:00:00,,,,,,,509.0,509.0,,,0.0,,,0.0
2025-08-26 16:00:00,,,,,,,509.0,509.0,,,0.0,,,0.0
2025-08-26 17:00:00,,,,,,,1533.0,1533.0,,,0.0,,,0.0
2025-08-26 18:00:00,,,,,,,1533.0,1533.0,,,0.0,,,0.0
2025-08-26 19:00:00,,,,,,,1529.0,1529.0,,,0.0,,,0.0
2025-08-26 20:00:00,,,,,,,1533.0,1533.0,,,0.0,,,0.0
2025-08-26 21:00:00,,,,,,,1529.0,1529.0,,,0.0,,,0.0
2025-08-26 22:00:00,,,,,,,1529.0,1529.0,,,0.0,,,0.0
2025-08-26 23:00:00,,,,,,,1533.0,1533.0,,,0.0,,,0.0
2025-08-27 00:00:00,,,,,,,1533.0,1533.0,,,0.0,,,0.0
2025-08-27 01:00:00,,,,,,,1529.0,1529.0,,,0.0,,,0.0
2025-08-27 02:00:00,,,,,,,1533.0,1533.0,,,0.0,,,0.0
2025-08-27 03:00:00,,,,,,,1273.0,1273.0,,,0.0,,,0.0
2025-08-27 04:00:00,,,,,,,1529.0,1529.0,,,0.0,,,0.0
2025-08-27 05:00:00,,,,,,,1533.0,1533.0,,,0.0,,,0.0
2025-08-27 06:00:00,,,,,,,1533.0,1533.0,,,0.0,,,0.0
2025-08-27 07:00:00,,,,,,,1533.0,1533.0,,,0.0,,,0.0
2025-08-27 08:00:00,,,,,,,509.0,509.0,,,0.0,,,0.0
2025-08-27 09:00:00,,,,,,,509.0,509.0,,,0.0,,,0.0
2025-08-27 10:00:00,,,,,,,509.0,509.0,,,0.0,,,0.0
2025-08-27 11:00:00,,,,,,,509.0,509.0,,,0.0,,,0.0
2025-08-27 12:00:00,,,,,,,509.0,509.0,,,0.0,,,0.0
2025-08-27 13:00:00,,,,,,,509.0,509.0,,,0.0,,,0.0
2025-08-27 14:00:00,,,,,,,509.0,509.0,,,0.0,,,0.0
2025-08-27 15:00:00,,,,,,,509.0,509.0,,,0.0,,,0.0
2025-08-27 16:00:00,,,,,,,509.0,509.0,,,0.0,,,0.0
2025-08-27 17:00:00,,,,,,,1533.0,1533.0,,,0.0,,,0.0
2025-08-27 18:00:00,,,,,,,1533.0,1533.0,,,0.0,,,0.0
2025-08-27 19:00:00,,,,,,,1533.0,1533.0,,,0.0,,,0.0
2025-08-27 20:00:00,,,,,,,1533.0,1533.0,,,0.0,,,0.0
2025-08-27 21:00:00,,,,,,,1529.0,1529.0,,,0.0,,,0.0
2025-08-27 22:00:00,,,,,,,1533.0,1533.0,,,0.0,,,0.0
2025-08-27 23:00:00,,,,,,,1533.0,1533.0,,,0.0,,,0.0
2025-08-28 00:00:00,,,,,,,1273.0,1273.0,,,0.0,,,0.0
2025-08-28 01:00:00,,,,,,,1533.0,1533.0,,,0.0,,,0.0
2025-08-28 02:00:00,,,,,,,1529.0,1529.0,,,0.0,,,0.0
2025-08-28 03:00:00,,,,,,,1533.0,1533.0,,,0.0,,,0.0
2025-08-28 04:00:00,,,,,,,1529.0,1529.0,,,0.0,,,0.0
2025-08-28 05:00:00,,,,,,,1273.0,1273.0,,,0.0,,,0.0
2025-08-28 06:00:00,,,,,,,1273.0,1273.0,,,0.0,,,0.0
2025-08-28 07:00:00,,,,,,,1533.0,1533.0,,,0.0,,,0.0
2025-08-28 08:00:00,,,,,,,509.0,509.0,,,0.0,,,0.0
2025-08-28 09:00:00,,,,,,,509.0,509.0,,,0.0,,,0.0
2025-08-28 10:00:00,,,,,,,509.0,509.0,,,0.0,,,0.0
2025-08-28 11:00:00,,,,,,,509.0,509.0,,,0.0,,,0.0
2025-08-28 12:00:00,,,,,,,509.0,509.0,,,0.0,,,0.0
2025-08-28 13:00:00,,,,,,,509.0,509.0,,,0.0,,,0.0
2025-08-28 14:00:00,,,,,,,509.0,509.0,,,0.0,,,0.0
2025-08-28 15:00:00,,,,,,,509.0,509.0,,,0.0,,,0.0
2025-08-28 16:00:00,,,,,,,509.0,509.0,,,0.0,,,0.0
2025-08-28 17:00:00,,,,,,,1533.0,1533.0,,,0.0,,,0.0
2025-08-28 18:00:00,,,,,,,1273.0,1273.0,,,0.0,,,0.0
2025-08-28 19:00:00,,,,,,,1533.0,1533.0,,,0.0,,,0.0
2025-08-28 20:00:00,,,,,,,1533.0,1533.0,,,0.0,,,0.0
2025-08-28 21:00:00,,,,,,,1533.0,1533.0,,,0.0,,,0.0
2025-08-28 22:00:00,,,,,,,1533.0,1533.0,,,0.0,,,0.0
2025-08-28 23:00:00,,,,,,,1529.0,1529.0,,,0.0,,,0.0
2025-08-29 00:00:00,,,,,,,1529.0,1529.0,,,0.0,,,0.0
2025-08-29 01:00:00,,,,,,,1533.0,1533.0,,,0.0,,,0.0
2025-08-29 02:00:00,,,,,,,1533.0,1533.0,,,0.0,,,0.0
2025-08-29 03:00:00,,,,,,,1533.0,1533.0,,,0.0,,,0.0
2025-08-29 04:00:00,,,,,,,1273.0,1273.0,,,0.0,,,0.0
2025-08-29 05:00:00,,,,,,,1533.0,1533.0,,,0.0,,,0.0
2025-08-29 06:00:00,,,,,,,1533.0,1533.0,,,0.0,,,0.0
2025-08-29 07:00:00,,,,,,,1533.0,1533.0,,,0.0,,,0.0
2025-08-29 08:00:00,,,,,,,509.0,509.0,,,0.0,,,0.0
2025-08-29 09:00:00,,,,,,,509.0,509.0,,,0.0,,,0.0
2025-08-29 10:00:00,,,,,,,509.0,509.0,,,0.0,,,0.0
2025-08-29 11:00:00,,,,,,,509.0,509.0,,,0.0,,,0.0
2025-08-29 12:00:00,,,,,,,509.0,509.0,,,0.0,,,0.0
2025-08-29 13:00:00,,,,,,,509.0,509.0,,,0.0,,,0.0
2025-08-29 14:00:00,,,,,,,509.0,509.0,,,0.0,,,0.0
2025-08-29 15:00:00,,,,,,,509.0,509.0,,,0.0,,,0.0
2025-08-29 16:00:00,,,,,,,509.0,509.0,,,0.0,,,0.0
2025-08-29 17:00:00,,,,,,,1533.0,1533.0,,,0.0,,,0.0
2025-08-29 18:00:00,,,,,,,1529.0,1529.0,,,0.0,,,0.0
2025-08-29 19:00:00,,,,,,,1533.0,1533.0,,,0.0,,,0.0
2025-08-29 20:00:00,,,,,,,1533.0,1533.0,,,0.0,,,0.0
2025-08-29 21:00:00,,,,,,,1533.0,1533.0,,,0.0,,,0.0
2025-08-29 22:00:00,,,,,,,1533.0,1533.0,,,0.0,,,0.0
2025-08-29 23:00:00,,,,,,,1533.0,1533.0,,,0.0,,,0.0
2025-08-30 00:00:00,,,,,,,1533.0,1533.0,,,0.0,,,0.0
2025-08-30 01:00:00,,,,,,,1533.0,1533.0,,,0.0,,,0.0
2025-08-30 02:00:00,,,,,,,1533.0,1533.0,,,0.0,,,0.0
2025-08-30 03:00:00,,,,,,,1529.0,1529.0,,,0.0,,,0.0
2025-08-30 04:00:00,,,,,,,1533.0,1533.0,,,0.0,,,0.0
2025-08-30 05:00:00,,,,,,,1533.0,1533.0,,,0.0,,,0.0
2025-08-30 06:00:00,,,,,,,1533.0,1533.0,,,0.0,,,0.0
2025-08-30 07:00:00,,,,,,,1533.0,1533.0,,,0.0,,,0.0
2025-08-30 08:00:00,,,,,,,509.0,509.0,,,0.0,,,0.0
2025-08-30 09:00:00,,,,,,,509.0,509.0,,,0.0,,,0.0
2025-08-30 10:00:00,,,,,,,509.0,509.0,0.6498,0.0,1.0,0.99,0.0,1.0
2025-08-30 11:00:00,,,,,,,509.0,509.0,,,0.0,,,0.0
2025-08-30 12:00:00,,,,,,,509.0,509.0,,,0.0,,,0.0
2025-08-30 13:00:00,,,,,,,509.0,509.0,,,0.0,,,0.0
2025-08-30 14:00:00,,,,,,,509.0,509.0,,,0.0,,,0.0
2025-08-30 15:00:00,,,,,,,509.0,509.0,,,0.0,,,0.0
2025-08-30 16:00:00,,,,,,,509.0,509.0,,,0.0,,,0.0
2025-08-30 17:00:00,,,,,,,1533.0,1533.0,,,0.0,,,0.0
2025-08-30 18:00:00,,,,,,,1533.0,1533.0,,,0.0,,,0.0
2025-08-30 19:00:00,,,,,,,1533.0,1533.0,,,0.0,,,0.0
2025-08-30 20:00:00,,,,,,,1533.0,1533.0,,,0.0,,,0.0
2025-08-30 21:00:00,,,,,,,1533.0,1533.0,,,0.0,,,0.0
2025-08-30 22:00:00,,,,,,,1533.0,1533.0,,,0.0,,,0.0
2025-08-30 23:00:00,,,,,,,1533.0,1533.0,,,0.0,,,0.0
2025-08-31 00:00:00,,,,,,,1533.0,1533.0,,,0.0,,,0.0
2025-08-31 01:00:00,,,,,,,1529.0,1529.0,,,0.0,,,0.0
2025-08-31 02:00:00,,,,,,,1533.0,1533.0,,,0.0,,,0.0
2025-08-31 03:00:00,,,,,,,1533.0,1533.0,,,0.0,,,0.0
2025-08-31 04:00:00,,,,,,,1533.0,1533.0,,,0.0,,,0.0
2025-08-31 05:00:00,,,,,,,1533.0,1533.0,,,0.0,,,0.0
2025-08-31 06:00:00,,,,,,,1533.0,1533.0,,,0.0,,,0.0
2025-08-31 07:00:00,,,,,,,1533.0,1533.0,,,0.0,,,0.0
2025-08-31 08:00:00,,,,,,,509.0,509.0,,,0.0,,,0.0
2025-08-31 09:00:00,,,,,,,505.0,504.0,0.671,0.1454,3.0,0.7994,0.059700012,3.0
2025-08-31 10:00:00,,,,,,,509.0,509.0,,,0.0,,,0.0
2025-08-31 11:00:00,,,,,,,509.0,509.0,,,0.0,,,0.0
2025-08-31 12:00:00,,,,,,,509.0,509.0,,,0.0,,,0.0
2025-08-31 13:00:00,,,,,,,509.0,509.0,,,0.0,,,0.0
2025-08-31 14:00:00,,,,,,,509.0,509.0,,,0.0,,,0.0
2025-08-31 15:00:00,,,,,,,509.0,509.0,,,0.0,,,0.0
2025-08-31 16:00:00,,,,,,,509.0,509.0,,,0.0,,,0.0
2025-08-31 17:00:00,,,,,,,1533.0,1533.0,,,0.0,,,0.0
2025-08-31 18:00:00,,,,,,,1533.0,1533.0,,,0.0,,,0.0
2025-08-31 19:00:00,,,,,,,1529.0,1529.0,,,0.0,,,0.0
2025-08-31 20:00:00,,,,,,,1533.0,1533.0,,,0.0,,,0.0
2025-08-31 21:00:00,,,,,,,1533.0,1533.0,,,0.0,,,0.0
2025-08-31 22:00:00,,,,,,,1533.0,1533.0,,,0.0,,,0.0
2025-08-31 23:00:00,,,,,,,1533.0,1533.0,,,0.0,,,0.0
2025-09-01 00:00:00,,,,,,,1533.0,1533.0,,,0.0,,,0.0
2025-09-01 01:00:00,,,,,,,1533.0,1533.0,,,0.0,,,0.0
2025-09-01 02:00:00,,,,,,,1273.0,1273.0,,,0.0,,,0.0
2025-09-01 03:00:00,,,,,,,1273.0,1273.0,,,0.0,,,0.0
2025-09-01 04:00:00,,,,,,,1533.0,1533.0,,,0.0,,,0.0
2025-09-01 05:00:00,,,,,,,1529.0,1529.0,,,0.0,,,0.0
2025-09-01 06:00:00,,,,,,,1533.0,1533.0,,,0.0,,,0.0
2025-09-01 07:00:00,,,,,,,1533.0,1533.0,,,0.0,,,0.0
2025-09-01 08:00:00,,,,,,,509.0,509.0,,,0.0,,,0.0
2025-09-01 09:00:00,,,,,,,509.0,509.0,,,0.0,,,0.0
2025-09-01 10:00:00,,,,,,,509.0,509.0,,,0.0,,,0.0
2025-09-01 11:00:00,,,,,,,509.0,509.0,,,0.0,,,0.0
2025-09-01 12:00:00,,,,,,,509.0,509.0,,,0.0,,,0.0
2025-09-01 13:00:00,,,,,,,509.0,509.0,,,0.0,,,0.0
2025-09-01 14:00:00,,,,,,,509.0,509.0,,,0.0,,,0.0
2025-09-01 15:00:00,,,,,,,509.0,509.0,,,0.0,,,0.0
2025-09-01 16:00:00,,,,,,,509.0,509.0,,,0.0,,,0.0
2025-09-01 17:00:00,,,,,,,1533.0,1533.0,,,0.0,,,0.0
2025-09-01 18:00:00,,,,,,,1533.0,1533.0,,,0.0,,,0.0
2025-09-01 19:00:00,,,,,,,1533.0,1533.0,,,0.0,,,0.0
2025-09-01 20:00:00,,,,,,,1533.0,1533.0,,,0.0,,,0.0
2025-09-01 21:00:00,,,,,,,1533.0,1533.0,,,0.0,,,0.0
2025-09-01 22:00:00,,,,,,,1529.0,1529.0,,,0.0,,,0.0
2025-09-01 23:00:00,,,,,,,1273.0,1273.0,,,0.0,,,0.0
2025-09-02 00:00:00,,,,,,,1533.0,1533.0,,,0.0,,,0.0
2025-09-02 01:00:00,,,,,,,1529.0,1529.0,,,0.0,,,0.0
2025-09-02 02:00:00,,,,,,,1273.0,1273.0,,,0.0,,,0.0
2025-09-02 03:00:00,,,,,,,1273.0,1273.0,,,0.0,,,0.0
2025-09-02 04:00:00,,,,,,,1273.0,1273.0,,,0.0,,,0.0
2025-09-02 05:00:00,,,,,,,1273.0,1273.0,,,0.0,,,0.0
2025-09-02 06:00:00,,,,,,,1533.0,1533.0,,,0.0,,,0.0
2025-09-02 07:00:00,,,,,,,1533.0,1533.0,,,0.0,,,0.0
2025-09-02 08:00:00,,,,,,,509.0,509.0,,,0.0,,,0.0
2025-09-02 09:00:00,,,,,,,509.0,509.0,,,0.0,,,0.0
2025-09-02 10:00:00,,,,,,,509.0,509.0,,,0.0,,,0.0
2025-09-02 11:00:00,,,,,,,509.0,509.0,,,0.0,,,0.0
2025-09-02 12:00:00,,,,,,,509.0,509.0,,,0.0,,,0.0
2025-09-02 13:00:00,,,,,,,509.0,509.0,,,0.0,,,0.0
2025-09-02 14:00:00,,,,,,,509.0,509.0,,,0.0,,,0.0
2025-09-02 15:00:00,,,,,,,509.0,509.0,,,0.0,,,0.0
2025-09-02 16:00:00,,,,,,,509.0,509.0,,,0.0,,,0.0
2025-09-02 17:00:00,,,,,,,1533.0,1533.0,,,0.0,,,0.0
2025-09-02 18:00:00,,,,,,,1533.0,1533.0,,,0.0,,,0.0
2025-09-02 19:00:00,,,,,,,1529.0,1529.0,,,0.0,,,0.0
2025-09-02 20:00:00,,,,,,,1273.0,1273.0,,,0.0,,,0.0
2025-09-02 21:00:00,,,,,,,1273.0,1273.0,,,0.0,,,0.0
2025-09-02 22:00:00,,,,,,,1529.0,1529.0,,,0.0,,,0.0
2025-09-02 23:00:00,,,,,,,1533.0,1533.0,,,0.0,,,0.0
2025-09-03 00:00:00,,,,,,,1273.0,1273.0,,,0.0,,,0.0
2025-09-03 01:00:00,,,,,,,1273.0,1273.0,,,0.0,,,0.0
2025-09-03 02:00:00,,,,,,,1273.0,1273.0,,,0.0,,,0.0
2025-09-03 03:00:00,,,,,,,1273.0,1273.0,,,0.0,,,0.0
2025-09-03 04:00:00,,,,,,,1273.0,1273.0,,,0.0,,,0.0
2025-09-03 05:00:00,,,,,,,1273.0,1273.0,,,0.0,,,0.0
2025-09-03 06:00:00,,,,,,,1273.0,1273.0,,,0.0,,,0.0
2025-09-03 07:00:00,,,,,,,1533.0,1533.0,,,0.0,,,0.0
2025-09-03 08:00:00,,,,,,,509.0,509.0,1.0771999,0.1068,2.0,0.85599995,0.10960001,2.0
2025-09-03 09:00:00,,,,,,,509.0,509.0,,,0.0,,,0.0
2025-09-03 10:00:00,,,,,,,509.0,509.0,,,0.0,,,0.0
2025-09-03 11:00:00,,,,,,,509.0,509.0,,,0.0,,,0.0
2025-09-03 12:00:00,,,,,,,509.0,509.0,,,0.0,,,0.0
2025-09-03 13:00:00,,,,,,,505.0,505.0,,,0.0,,,0.0
2025-09-03 14:00:00,,,,,,,2553.0,2552.0,0.2624,0.1434,5.0,1.0352,0.05219996,5.0
2025-09-03 15:00:00,,,,,,,505.0,505.0,0.045399997,0.0312,4.0,1.1193999,0.0033000112,4.0
2025-09-03 16:00:00,,,,,,,249.0,249.0,0.0044,0.0004,2.0,1.1025,0.0015999675,2.0
2025-09-03 17:00:00,,,,,,,1529.0,1529.0,0.0026,0.0,1.0,0.9161999,0.0,1.0
2025-09-03 18:00:00,,,,,,,1273.0,1273.0,,,0.0,,,0.0
2025-09-03 19:00:00,,,,,,,1273.0,1273.0,,,0.0,,,0.0
2025-09-03 20:00:00,,,,,,,1273.0,1273.0,,,0.0,,,0.0
2025-09-03 21:00:00,,,,,,,1273.0,1273.0,,,0.0,,,0.0
2025-09-03 22:00:00,,,,,,,1273.0,1273.0,,,0.0,,,0.0
2025-09-03 23:00:00,,,,,,,1273.0,1273.0,,,0.0,,,0.0
2025-09-04 00:00:00,,,,,,,1273.0,1273.0,,,0.0,,,0.0
2025-09-04 01:00:00,,,,,,,1273.0,1273.0,,,0.0,,,0.0
2025-09-04 02:00:00,,,,,,,1273.0,1273.0,,,0.0,,,0.0
2025-09-04 03:00:00,,,,,,,1273.0,1273.0,,,0.0,,,0.0
2025-09-04 04:00:00,,,,,,,1273.0,1273.0,,,0.0,,,0.0
2025-09-04 05:00:00,,,,,,,1273.0,1273.0,,,0.0,,,0.0
2025-09-04 06:00:00,,,,,,,1273.0,1273.0,,,0.0,,,0.0
2025-09-04 07:00:00,,,,,,,1529.0,1529.0,,,0.0,,,0.0
2025-09-04 08:00:00,,,,,,,505.0,505.0,0.096999995,0.073,3.0,1.0271,0.0941,3.0
2025-09-04 09:00:00,,,,,,,505.0,504.0,0.28599998,0.0117999995,5.0,0.83009994,0.055400014,5.0
2025-09-04 10:00:00,,,,,,,509.0,509.0,0.34,0.0288,5.0,0.9604,0.055400014,5.0
2025-09-04 11:00:00,,,,,,,509.0,509.0,,,0.0,,,0.0
2025-09-04 12:00:00,,,,,,,509.0,509.0,,,0.0,,,0.0
2025-09-04 13:00:00,,,,,,,509.0,509.0,,,0.0,,,0.0
2025-09-04 14:00:00,,,,,,,509.0,509.0,,,0.0,,,0.0
2025-09-04 15:00:00,,,,,,,2553.0,2552.0,0.0104,0.0,1.0,1.199,0.0,1.0
2025-09-04 16:00:00,,,,,,,505.0,505.0,,,0.0,,,0.0
2025-09-04 17:00:00,,,,,,,1529.0,1529.0,0.0022,0.0018,3.0,0.70379996,0.011099994,2.0
2025-09-04 18:00:00,,,,,,,1273.0,1273.0,,,0.0,,,0.0
2025-09-04 19:00:00,,,,,,,1273.0,1273.0,,,0.0,,,0.0
2025-09-04 20:00:00,,,,,,,1273.0,1273.0,,,0.0,,,0.0
2025-09-04 21:00:00,,,,,,,1273.0,1273.0,,,0.0,,,0.0
2025-09-04 22:00:00,,,,,,,1273.0,1273.0,,,0.0,,,0.0
2025-09-04 23:00:00,,,,,,,1273.0,1273.0,,,0.0,,,0.0
2025-09-05 00:00:00,,,,,,,1533.0,1533.0,,,0.0,,,0.0
2025-09-05 01:00:00,,,,,,,1273.0,1273.0,,,0.0,,,0.0
2025-09-05 02:00:00,,,,,,,1273.0,1273.0,,,0.0,,,0.0
2025-09-05 03:00:00,,,,,,,1529.0,1529.0,,,0.0,,,0.0
2025-09-05 04:00:00,,,,,,,1533.0,1533.0,,,0.0,,,0.0
2025-09-05 05:00:00,,,,,,,1533.0,1533.0,,,0.0,,,0.0
2025-09-05 06:00:00,,,,,,,1533.0,1533.0,,,0.0,,,0.0
2025-09-05 07:00:00,,,,,,,1529.0,1529.0,,,0.0,,,0.0
2025-09-05 08:00:00,,,,,,,505.0,504.0,0.5464,0.0708,3.0,0.7477,0.030299962,3.0
2025-09-05 09:00:00,,,,,,,509.0,509.0,0.44959998,0.045599997,2.0,0.7788,0.006399989,2.0
2025-09-05 10:00:00,,,,,,,505.0,504.0,0.3242,0.0698,3.0,0.931,0.08029997,3.0
2025-09-05 11:00:00,,,,,,,505.0,504.0,0.2236,0.0382,5.0,1.0447999,0.07800001,5.0
2025-09-05 12:00:00,,,,,,,509.0,509.0,0.2774,0.022799999,3.0,1.1337999,0.0038999915,3.0
2025-09-05 13:00:00,,,,,,,505.0,504.0,0.1698,0.107599996,6.0,1.117,0.04030001,5.0
2025-09-05 14:00:00,,,,,,,2553.0,2552.0,0.23619999,0.2234,2.0,1.0504999,0.11320001,2.0
2025-09-05 15:00:00,,,,,,,509.0,509.0,0.0074,0.0,1.0,1.1559,0.0,1.0
2025-09-05 16:00:00,,,,,,,509.0,509.0,,,0.0,,,0.0
2025-09-05 17:00:00,,,,,,,1533.0,1533.0,,,0.0,,,0.0
2025-09-05 18:00:00,,,,,,,1529.0,1529.0,,,0.0,,,0.0
2025-09-05 19:00:00,,,,,,,1533.0,1533.0,,,0.0,,,0.0
2025-09-05 20:00:00,,,,,,,1533.0,1533.0,,,0.0,,,0.0
2025-09-05 21:00:00,,,,,,,1533.0,1533.0,,,0.0,,,0.0
2025-09-05 22:00:00,,,,,,,1533.0,1533.0,,,0.0,,,0.0
2025-09-05 23:00:00,,,,,,,1533.0,1533.0,,,0.0,,,0.0
2025-09-06 00:00:00,,,,,,,1533.0,1533.0,,,0.0,,,0.0
2025-09-06 01:00:00,,,,,,,1273.0,1273.0,,,0.0,,,0.0
2025-09-06 02:00:00,,,,,,,1273.0,1273.0,,,0.0,,,0.0
2025-09-06 03:00:00,,,,,,,1273.0,1273.0,,,0.0,,,0.0
2025-09-06 04:00:00,,,,,,,1529.0,1529.0,,,0.0,,,0.0
2025-09-06 05:00:00,,,,,,,1533.0,1533.0,,,0.0,,,0.0
2025-09-06 06:00:00,,,,,,,1273.0,1273.0,,,0.0,,,0.0
2025-09-06 07:00:00,,,,,,,1533.0,1533.0,,,0.0,,,0.0
2025-09-06 08:00:00,,,,,,,509.0,509.0,,,0.0,,,0.0
2025-09-06 09:00:00,,,,,,,509.0,509.0,,,0.0,,,0.0
2025-09-06 10:00:00,,,,,,,509.0,509.0,0.528,0.0,2.0,0.962,0.0,2.0
2025-09-06 11:00:00,,,,,,,509.0,509.0,,,0.0,,,0.0
2025-09-06 12:00:00,,,,,,,509.0,509.0,,,0.0,,,0.0
2025-09-06 13:00:00,,,,,,,509.0,509.0,,,0.0,,,0.0
2025-09-06 14:00:00,,,,,,,509.0,509.0,,,0.0,,,0.0
2025-09-06 15:00:00,,,,,,,509.0,509.0,0.35439998,0.0,1.0,1.1955,0.0,1.0
2025-09-06 16:00:00,,,,,,,509.0,509.0,,,0.0,,,0.0
2025-09-06 17:00:00,,,,,,,1533.0,1533.0,,,0.0,,,0.0
2025-09-06 18:00:00,,,,,,,1533.0,1533.0,,,0.0,,,0.0
2025-09-06 19:00:00,,,,,,,1533.0,1533.0,,,0.0,,,0.0
2025-09-06 20:00:00,,,,,,,1533.0,1533.0,,,0.0,,,0.0
2025-09-06 21:00:00,,,,,,,1533.0,1533.0,,,0.0,,,0.0
2025-09-06 22:00:00,,,,,,,1529.0,1529.0,,,0.0,,,0.0
2025-09-06 23:00:00,,,,,,,1529.0,1529.0,,,0.0,,,0.0
2025-09-07 00:00:00,,,,,,,1273.0,1273.0,,,0.0,,,0.0
2025-09-07 01:00:00,,,,,,,1273.0,1273.0,,,0.0,,,0.0
2025-09-07 02:00:00,,,,,,,1273.0,1273.0,,,0.0,,,0.0
2025-09-07 03:00:00,,,,,,,1273.0,1273.0,,,0.0,,,0.0
2025-09-07 04:00:00,,,,,,,1273.0,1273.0,,,0.0,,,0.0
2025-09-07 05:00:00,,,,,,,1273.0,1273.0,,,0.0,,,0.0
2025-09-07 06:00:00,,,,,,,1529.0,1529.0,,,0.0,,,0.0
2025-09-07 07:00:00,,,,,,,1533.0,1533.0,,,0.0,,,0.0
2025-09-07 08:00:00,,,,,,,505.0,505.0,0.862,0.0,1.0,0.8563,0.0,1.0
2025-09-07 09:00:00,,,,,,,509.0,509.0,0.75699997,0.038,2.0,0.6804999,0.019299984,2.0
2025-09-07 10:00:00,,,,,,,509.0,509.0,,,0.0,,,0.0
2025-09-07 11:00:00,,,,,,,509.0,509.0,,,0.0,,,0.0
2025-09-07 12:00:00,,,,,,,509.0,509.0,,,0.0,,,0.0
2025-09-07 13:00:00,,,,,,,509.0,509.0,,,0.0,,,0.0
2025-09-07 14:00:00,,,,,,,509.0,509.0,,,0.0,,,0.0
2025-09-07 15:00:00,,,,,,,509.0,509.0,,,0.0,,,0.0
2025-09-07 16:00:00,,,,,,,509.0,509.0,,,0.0,,,0.0
2025-09-07 17:00:00,,,,,,,1533.0,1533.0,,,0.0,,,0.0
2025-09-07 18:00:00,,,,,,,1529.0,1529.0,,,0.0,,,0.0
2025-09-07 19:00:00,,,,,,,1533.0,1533.0,,,0.0,,,0.0
2025-09-07 20:00:00,,,,,,,1533.0,1533.0,,,0.0,,,0.0
2025-09-07 21:00:00,,,,,,,1529.0,1529.0,,,0.0,,,0.0
2025-09-07 22:00:00,,,,,,,1529.0,1529.0,,,0.0,,,0.0
2025-09-07 23:00:00,,,,,,,1273.0,1273.0,,,0.0,,,0.0
2025-09-08 00:00:00,,,,,,,1273.0,1273.0,,,0.0,,,0.0
2025-09-08 01:00:00,,,,,,,1273.0,1273.0,,,0.0,,,0.0
2025-09-08 02:00:00,,,,,,,1529.0,1529.0,,,0.0,,,0.0
2025-09-08 03:00:00,,,,,,,1273.0,1273.0,,,0.0,,,0.0
2025-09-08 04:00:00,,,,,,,1273.0,1273.0,,,0.0,,,0.0
2025-09-08 05:00:00,,,,,,,1273.0,1273.0,,,0.0,,,0.0
2025-09-08 06:00:00,,,,,,,1273.0,1273.0,,,0.0,,,0.0
2025-09-08 07:00:00,,,,,,,1529.0,1529.0,,,0.0,,,0.0
2025-09-08 08:00:00,,,,,,,2297.0,2296.0,0.87899995,0.1646,4.0,1.3431,0.104200006,4.0
2025-09-08 09:00:00,,0.6994,,0.6387,,1.1933999,248.0,0.0,0.9206,0.17719999,6.0,1.3630999,0.12669998,6.0
2025-09-08 10:00:00,0.7456,,,,,,193.0,248.0,0.76519996,0.0416,6.0,1.1887,0.052999973,6.0
2025-09-08 11:00:00,,,,,,,509.0,509.0,0.98399997,0.2302,4.0,1.1577,0.0711,4.0
2025-09-08 12:00:00,,,,,,,509.0,509.0,,,0.0,,,0.0
2025-09-08 13:00:00,,,,,,,509.0,509.0,,,0.0,,,0.0
2025-09-08 14:00:00,,,,,,,509.0,509.0,,,0.0,,,0.0
2025-09-08 15:00:00,,,,,,,509.0,509.0,1.089,0.0,1.0,1.0969,0.0,1.0
2025-09-08 16:00:00,,,,,,,509.0,509.0,,,0.0,,,0.0
2025-09-08 17:00:00,,,,,,,1533.0,1533.0,,,0.0,,,0.0
2025-09-08 18:00:00,,,,,,,1529.0,1529.0,,,0.0,,,0.0
2025-09-08 19:00:00,,,,,,,1533.0,1533.0,,,0.0,,,0.0
2025-09-08 20:00:00,,,,,,,1533.0,1533.0,,,0.0,,,0.0
2025-09-08 21:00:00,,,,,,,511.0,511.0,,,0.0,,,0.0
2025-09-08 22:00:00,,,,,,,1533.0,1533.0,,,0.0,,,0.0
2025-09-08 23:00:00,,,,,,,1529.0,1529.0,,,0.0,,,0.0
2025-09-09 00:00:00,,,,,,,1533.0,1533.0,,,0.0,,,0.0
2025-09-09 01:00:00,,,,,,,1533.0,1533.0,,,0.0,,,0.0
2025-09-09 02:00:00,,,,,,,1273.0,1273.0,,,0.0,,,0.0
2025-09-09 03:00:00,,,,,,,1533.0,1533.0,,,0.0,,,0.0
2025-09-09 04:00:00,,,,,,,1533.0,1533.0,,,0.0,,,0.0
2025-09-09 05:00:00,,,,,,,1533.0,1533.0,,,0.0,,,0.0
2025-09-09 06:00:00,,,,,,,1533.0,1533.0,,,0.0,,,0.0
2025-09-09 07:00:00,,,,,,,1533.0,1533.0,,,0.0,,,0.0
2025-09-09 08:00:00,,,,,,,509.0,509.0,,,0.0,,,0.0
2025-09-09 09:00:00,,,,,,,509.0,509.0,,,0.0,,,0.0
2025-09-09 10:00:00,,,,,,,509.0,509.0,,,0.0,,,0.0
2025-09-09 11:00:00,,,,,,,509.0,509.0,,,0.0,,,0.0
2025-09-09 12:00:00,,,,,,,509.0,509.0,,,0.0,,,0.0
2025-09-09 13:00:00,,,,,,,509.0,509.0,,,0.0,,,0.0
2025-09-09 14:00:00,,,,,,,509.0,509.0,,,0.0,,,0.0
2025-09-09 15:00:00,,,,,,,509.0,509.0,,,0.0,,,0.0
2025-09-09 16:00:00,,,,,,,509.0,509.0,,,0.0,,,0.0
2025-09-09 17:00:00,,,,,,,1533.0,1533.0,,,0.0,,,0.0
2025-09-09 18:00:00,,,,,,,1533.0,1533.0,,,0.0,,,0.0
2025-09-09 19:00:00,,,,,,,1529.0,1529.0,,,0.0,,,0.0
2025-09-09 20:00:00,,,,,,,1533.0,1533.0,,,0.0,,,0.0
2025-09-09 21:00:00,,,,,,,511.0,511.0,,,0.0,,,0.0
2025-09-09 22:00:00,,,,,,,1533.0,1533.0,,,0.0,,,0.0
2025-09-09 23:00:00,,,,,,,1529.0,1529.0,,,0.0,,,0.0
2025-09-10 00:00:00,,,,,,,1533.0,1533.0,,,0.0,,,0.0
2025-09-10 01:00:00,,,,,,,1533.0,1533.0,,,0.0,,,0.0
2025-09-10 02:00:00,,,,,,,1533.0,1533.0,,,0.0,,,0.0
2025-09-10 03:00:00,,,,,,,1529.0,1529.0,,,0.0,,,0.0
2025-09-10 04:00:00,,,,,,,1533.0,1533.0,,,0.0,,,0.0
2025-09-10 05:00:00,,,,,,,1533.0,1533.0,,,0.0,,,0.0
2025-09-10 06:00:00,,,,,,,1533.0,1533.0,,,0.0,,,0.0
2025-09-10 07:00:00,,,,,,,1533.0,1533.0,,,0.0,,,0.0
2025-09-10 08:00:00,,,,,,,509.0,509.0,,,0.0,,,0.0
2025-09-10 09:00:00,,,,,,,509.0,509.0,,,0.0,,,0.0
2025-09-10 10:00:00,,,,,,,509.0,509.0,,,0.0,,,0.0
2025-09-10 11:00:00,,,,,,,509.0,509.0,,,0.0,,,0.0
2025-09-10 12:00:00,,,,,,,509.0,509.0,,,0.0,,,0.0
2025-09-10 13:00:00,,,,,,,509.0,509.0,,,0.0,,,0.0
2025-09-10 14:00:00,,,,,,,509.0,509.0,,,0.0,,,0.0
2025-09-10 15:00:00,,,,,,,509.0,509.0,,,0.0,,,0.0
2025-09-10 16:00:00,,,,,,,509.0,509.0,,,0.0,,,0.0
2025-09-10 17:00:00,,,,,,,1533.0,1533.0,,,0.0,,,0.0
2025-09-10 18:00:00,,,,,,,1533.0,1533.0,,,0.0,,,0.0
2025-09-10 19:00:00,,,,,,,1533.0,1533.0,,,0.0,,,0.0
2025-09-10 20:00:00,,,,,,,1533.0,1533.0,,,0.0,,,0.0
2025-09-10 21:00:00,,,,,,,511.0,511.0,,,0.0,,,0.0
2025-09-10 22:00:00,,,,,,,1533.0,1533.0,,,0.0,,,0.0
2025-09-10 23:00:00,,,,,,,1533.0,1533.0,,,0.0,,,0.0
2025-09-11 00:00:00,,,,,,,1533.0,1533.0,,,0.0,,,0.0
2025-09-11 01:00:00,,,,,,,1533.0,1533.0,,,0.0,,,0.0
2025-09-11 02:00:00,,,,,,,1529.0,1529.0,,,0.0,,,0.0
2025-09-11 03:00:00,,,,,,,1533.0,1533.0,,,0.0,,,0.0
2025-09-11 04:00:00,,,,,,,1529.0,1529.0,,,0.0,,,0.0
2025-09-11 05:00:00,,,,,,,1529.0,1529.0,,,0.0,,,0.0
2025-09-11 06:00:00,,,,,,,1273.0,1273.0,,,0.0,,,0.0
2025-09-11 07:00:00,,,,,,,1533.0,1533.0,,,0.0,,,0.0
2025-09-11 08:00:00,,,,,,,509.0,509.0,,,0.0,,,0.0
2025-09-11 09:00:00,,,,,,,509.0,509.0,,,0.0,,,0.0
2025-09-11 10:00:00,,,,,,,509.0,509.0,,,0.0,,,0.0
2025-09-11 11:00:00,,,,,,,509.0,509.0,,,0.0,,,0.0
2025-09-11 12:00:00,,,,,,,509.0,509.0,,,0.0,,,0.0
2025-09-11 13:00:00,,,,,,,509.0,509.0,,,0.0,,,0.0
2025-09-11 14:00:00,,,,,,,509.0,509.0,,,0.0,,,0.0
2025-09-11 15:00:00,,,,,,,509.0,509.0,,,0.0,,,0.0
2025-09-11 16:00:00,,,,,,,509.0,509.0,,,0.0,,,0.0
2025-09-11 17:00:00,,,,,,,1533.0,1533.0,,,0.0,,,0.0
2025-09-11 18:00:00,,,,,,,1533.0,1533.0,,,0.0,,,0.0
2025-09-11 19:00:00,,,,,,,1533.0,1533.0,,,0.0,,,0.0
2025-09-11 20:00:00,,,,,,,1533.0,1533.0,,,0.0,,,0.0
2025-09-11 21:00:00,,,,,,,511.0,511.0,,,0.0,,,0.0
2025-09-11 22:00:00,,,,,,,1533.0,1533.0,,,0.0,,,0.0
2025-09-11 23:00:00,,,,,,,1533.0,1533.0,,,0.0,,,0.0
2025-09-12 00:00:00,,,,,,,1533.0,1533.0,,,0.0,,,0.0
2025-09-12 01:00:00,,,,,,,1529.0,1529.0,,,0.0,,,0.0
2025-09-12 02:00:00,,,,,,,1529.0,1529.0,,,0.0,,,0.0
2025-09-12 03:00:00,,,,,,,1533.0,1533.0,,,0.0,,,0.0
2025-09-12 04:00:00,,,,,,,1529.0,1529.0,,,0.0,,,0.0
2025-09-12 05:00:00,,,,,,,1529.0,1529.0,,,0.0,,,0.0
2025-09-12 06:00:00,,,,,,,1533.0,1533.0,,,0.0,,,0.0
2025-09-12 07:00:00,,,,,,,1533.0,1533.0,,,0.0,,,0.0
2025-09-12 08:00:00,,,,,,,509.0,509.0,,,0.0,,,0.0
2025-09-12 09:00:00,,,,,,,509.0,509.0,,,0.0,,,0.0
2025-09-12 10:00:00,,,,,,,509.0,509.0,,,0.0,,,0.0
2025-09-12 11:00:00,,,,,,,509.0,509.0,,,0.0,,,0.0
2025-09-12 12:00:00,,,,,,,509.0,509.0,,,0.0,,,0.0
2025-09-12 13:00:00,,,,,,,509.0,509.0,,,0.0,,,0.0
2025-09-12 14:00:00,,,,,,,509.0,509.0,,,0.0,,,0.0
2025-09-12 15:00:00,,,,,,,509.0,509.0,,,0.0,,,0.0
2025-09-12 16:00:00,,,,,,,509.0,509.0,,,0.0,,,0.0
2025-09-12 17:00:00,,,,,,,1533.0,1533.0,,,0.0,,,0.0
2025-09-12 18:00:00,,,,,,,1529.0,1529.0,,,0.0,,,0.0
2025-09-12 19:00:00,,,,,,,1533.0,1533.0,,,0.0,,,0.0
2025-09-12 20:00:00,,,,,,,1529.0,1529.0,,,0.0,,,0.0
2025-09-12 21:00:00,,,,,,,511.0,511.0,,,0.0,,,0.0
2025-09-12 22:00:00,,,,,,,1273.0,1273.0,,,0.0,,,0.0
2025-09-12 23:00:00,,,,,,,1529.0,1529.0,,,0.0,,,0.0
2025-09-13 00:00:00,,,,,,,1529.0,1529.0,,,0.0,,,0.0
2025-09-13 01:00:00,,,,,,,1533.0,1533.0,,,0.0,,,0.0
2025-09-13 02:00:00,,,,,,,1529.0,1529.0,,,0.0,,,0.0
2025-09-13 03:00:00,,,,,,,1273.0,1273.0,,,0.0,,,0.0
2025-09-13 04:00:00,,,,,,,1533.0,1533.0,,,0.0,,,0.0
2025-09-13 05:00:00,,,,,,,1273.0,1273.0,,,0.0,,,0.0
2025-09-13 06:00:00,,,,,,,1533.0,1533.0,,,0.0,,,0.0
2025-09-13 07:00:00,,,,,,,1533.0,1533.0,,,0.0,,,0.0
2025-09-13 08:00:00,,,,,,,509.0,509.0,1.5366,0.0,1.0,0.51,0.0,1.0
2025-09-13 09:00:00,,,,,,,509.0,509.0,1.2286,0.0,1.0,0.4572,0.0,1.0
2025-09-13 10:00:00,,,,,,,505.0,504.0,1.212,0.0,1.0,0.4209,0.0,1.0
2025-09-13 11:00:00,,,,,,,509.0,509.0,1.117,0.058,2.0,0.6809,0.042699993,2.0
2025-09-13 12:00:00,,,,,,,509.0,509.0,0.779,0.0,1.0,1.0748,0.0,1.0
2025-09-13 13:00:00,,,,,,,509.0,509.0,,,0.0,,,0.0
2025-09-13 14:00:00,,,,,,,509.0,509.0,,,0.0,,,0.0
2025-09-13 15:00:00,,,,,,,509.0,509.0,,,0.0,,,0.0
2025-09-13 16:00:00,,,,,,,509.0,509.0,,,0.0,,,0.0
2025-09-13 17:00:00,,,,,,,1533.0,1533.0,,,0.0,,,0.0
2025-09-13 18:00:00,,,,,,,1529.0,1529.0,,,0.0,,,0.0
2025-09-13 19:00:00,,,,,,,1533.0,1533.0,,,0.0,,,0.0
2025-09-13 20:00:00,,,,,,,1533.0,1533.0,,,0.0,,,0.0
2025-09-13 21:00:00,,,,,,,511.0,511.0,,,0.0,,,0.0
2025-09-13 22:00:00,,,,,,,1533.0,1533.0,,,0.0,,,0.0
2025-09-13 23:00:00,,,,,,,1533.0,1533.0,,,0.0,,,0.0
2025-09-14 00:00:00,,,,,,,1529.0,1529.0,,,0.0,,,0.0
2025-09-14 01:00:00,,,,,,,1533.0,1533.0,,,0.0,,,0.0
2025-09-14 02:00:00,,,,,,,1533.0,1533.0,,,0.0,,,0.0
2025-09-14 03:00:00,,,,,,,1533.0,1533.0,,,0.0,,,0.0
2025-09-14 04:00:00,,,,,,,1533.0,1533.0,,,0.0,,,0.0
2025-09-14 05:00:00,,,,,,,1533.0,1533.0,,,0.0,,,0.0
2025-09-14 06:00:00,,,,,,,1529.0,1529.0,,,0.0,,,0.0
2025-09-14 07:00:00,,,,,,,1533.0,1533.0,,,0.0,,,0.0
2025-09-14 08:00:00,,,,,,,509.0,509.0,,,0.0,,,0.0
2025-09-14 09:00:00,,,,,,,509.0,509.0,,,0.0,,,0.0
2025-09-14 10:00:00,,,,,,,509.0,509.0,,,0.0,,,0.0
2025-09-14 11:00:00,,,,,,,509.0,509.0,,,0.0,,,0.0
2025-09-14 12:00:00,,,,,,,509.0,509.0,,,0.0,,,0.0
2025-09-14 13:00:00,,,,,,,509.0,509.0,,,0.0,,,0.0
2025-09-14 14:00:00,,,,,,,509.0,509.0,1.321,0.0,1.0,0.7522,0.0,1.0
2025-09-14 15:00:00,,,,,,,509.0,509.0,,,0.0,,,0.0
2025-09-14 16:00:00,,,,,,,509.0,509.0,,,0.0,,,0.0
2025-09-14 17:00:00,,,,,,,1533.0,1533.0,,,0.0,,,0.0
2025-09-14 18:00:00,,,,,,,1533.0,1533.0,,,0.0,,,0.0
2025-09-14 19:00:00,,,,,,,1533.0,1533.0,,,0.0,,,0.0
2025-09-14 20:00:00,,,,,,,1529.0,1529.0,,,0.0,,,0.0
2025-09-14 21:00:00,,,,,,,511.0,511.0,,,0.0,,,0.0
2025-09-14 22:00:00,,,,,,,1533.0,1533.0,,,0.0,,,0.0
2025-09-14 23:00:00,,,,,,,1529.0,1529.0,,,0.0,,,0.0
2025-09-15 00:00:00,,,,,,,1533.0,1533.0,,,0.0,,,0.0
2025-09-15 01:00:00,,,,,,,1533.0,1533.0,,,0.0,,,0.0
2025-09-15 02:00:00,,,,,,,1529.0,1529.0,,,0.0,,,0.0
2025-09-15 03:00:00,,,,,,,1533.0,1533.0,,,0.0,,,0.0
2025-09-15 04:00:00,,,,,,,1529.0,1529.0,,,0.0,,,0.0
2025-09-15 05:00:00,,,,,,,1273.0,1273.0,,,0.0,,,0.0
2025-09-15 06:00:00,,,,,,,1529.0,1529.0,,,0.0,,,0.0
2025-09-15 07:00:00,,,,,,,1533.0,1533.0,,,0.0,,,0.0
2025-09-15 08:00:00,,,,,,,509.0,509.0,,,0.0,,,0.0
2025-09-15 09:00:00,,,,,,,509.0,509.0,,,0.0,,,0.0
2025-09-15 10:00:00,,,,,,,509.0,509.0,,,0.0,,,0.0
2025-09-15 11:00:00,,,,,,,509.0,509.0,,,0.0,,,0.0
2025-09-15 12:00:00,,,,,,,509.0,509.0,,,0.0,,,0.0
2025-09-15 13:00:00,,,,,,,509.0,509.0,,,0.0,,,0.0
2025-09-15 14:00:00,,,,,,,509.0,509.0,,,0.0,,,0.0
2025-09-15 15:00:00,,,,,,,509.0,509.0,,,0.0,,,0.0
2025-09-15 16:00:00,,,,,,,509.0,509.0,,,0.0,,,0.0
2025-09-15 17:00:00,,,,,,,1533.0,1533.0,,,0.0,,,0.0
2025-09-15 18:00:00,,,,,,,1533.0,1533.0,,,0.0,,,0.0
2025-09-15 19:00:00,,,,,,,1533.0,1533.0,,,0.0,,,0.0
2025-09-15 20:00:00,,,,,,,1533.0,1533.0,,,0.0,,,0.0
2025-09-15 21:00:00,,,,,,,1533.0,1533.0,,,0.0,,,0.0
2025-09-15 22:00:00,,,,,,,1533.0,1533.0,,,0.0,,,0.0
2025-09-15 23:00:00,,,,,,,1529.0,1529.0,,,0.0,,,0.0
2025-09-16 00:00:00,,,,,,,1533.0,1533.0,,,0.0,,,0.0
2025-09-16 01:00:00,,,,,,,1273.0,1273.0,,,0.0,,,0.0
2025-09-16 02:00:00,,,,,,,1273.0,1273.0,,,0.0,,,0.0
2025-09-16 03:00:00,,,,,,,1529.0,1529.0,,,0.0,,,0.0
2025-09-16 04:00:00,,,,,,,1533.0,1533.0,,,0.0,,,0.0
2025-09-16 05:00:00,,,,,,,1273.0,1273.0,,,0.0,,,0.0
2025-09-16 06:00:00,,,,,,,1273.0,1273.0,,,0.0,,,0.0
2025-09-16 07:00:00,,,,,,,1533.0,1533.0,,,0.0,,,0.0
2025-09-16 08:00:00,,,,,,,509.0,509.0,0.7834,0.0,1.0,0.7401,0.0,1.0
2025-09-16 09:00:00,,,,,,,509.0,509.0,,,0.0,,,0.0
2025-09-16 10:00:00,,,,,,,505.0,504.0,0.454,0.0,1.0,0.9569,0.0,1.0
2025-09-16 11:00:00,,,,,,,509.0,509.0,0.3482,0.031,2.0,1.0534999,0.033199966,2.0
2025-09-16 12:00:00,,,,,,,509.0,509.0,,,0.0,,,0.0
2025-09-16 13:00:00,,,,,,,509.0,509.0,,,0.0,,,0.0
2025-09-16 14:00:00,,,,,,,509.0,509.0,,,0.0,,,0.0
2025-09-16 15:00:00,,,,,,,509.0,509.0,,,0.0,,,0.0
2025-09-16 16:00:00,,,,,,,509.0,509.0,,,0.0,,,0.0
2025-09-16 17:00:00,,,,,,,1533.0,1533.0,0.3062,0.0,1.0,0.7738,0.0,1.0
2025-09-16 18:00:00,,,,,,,1533.0,1533.0,,,0.0,,,0.0
2025-09-16 19:00:00,,,,,,,1529.0,1529.0,,,0.0,,,0.0
2025-09-16 20:00:00,,,,,,,1273.0,1273.0,,,0.0,,,0.0
2025-09-16 21:00:00,,,,,,,1529.0,1529.0,,,0.0,,,0.0
2025-09-16 22:00:00,,,,,,,1529.0,1529.0,,,0.0,,,0.0
2025-09-16 23:00:00,,,,,,,1533.0,1533.0,,,0.0,,,0.0
2025-09-17 00:00:00,,,,,,,1529.0,1529.0,,,0.0,,,0.0
2025-09-17 01:00:00,,,,,,,1273.0,1273.0,,,0.0,,,0.0
2025-09-17 02:00:00,,,,,,,1273.0,1273.0,,,0.0,,,0.0
2025-09-17 03:00:00,,,,,,,1273.0,1273.0,,,0.0,,,0.0
2025-09-17 04:00:00,,,,,,,1529.0,1529.0,,,0.0,,,0.0
2025-09-17 05:00:00,,,,,,,1273.0,1273.0,,,0.0,,,0.0
2025-09-17 06:00:00,,,,,,,1533.0,1533.0,,,0.0,,,0.0
2025-09-17 07:00:00,,,,,,,1533.0,1533.0,,,0.0,,,0.0
2025-09-17 08:00:00,,,,,,,505.0,504.0,0.40559998,0.2298,3.0,0.8433,0.19159997,3.0
2025-09-17 09:00:00,,,,,,,509.0,509.0,0.33339998,0.095599994,3.0,0.9570999,0.077499986,3.0
2025-09-17 10:00:00,,,,,,,509.0,509.0,,,0.0,,,0.0
2025-09-17 11:00:00,,,,,,,509.0,509.0,,,0.0,,,0.0
2025-09-17 12:00:00,,,,,,,509.0,509.0,,,0.0,,,0.0
2025-09-17 13:00:00,,,,,,,509.0,509.0,,,0.0,,,0.0
2025-09-17 14:00:00,,,,,,,509.0,509.0,,,0.0,,,0.0
2025-09-17 15:00:00,,,,,,,509.0,509.0,,,0.0,,,0.0
2025-09-17 16:00:00,,,,,,,509.0,509.0,,,0.0,,,0.0
2025-09-17 17:00:00,,,,,,,1533.0,1533.0,,,0.0,,,0.0
2025-09-17 18:00:00,,,,,,,1533.0,1533.0,,,0.0,,,0.0
2025-09-17 19:00:00,,,,,,,1533.0,1533.0,,,0.0,,,0.0
2025-09-17 20:00:00,,,,,,,1529.0,1529.0,,,0.0,,,0.0
2025-09-17 21:00:00,,,,,,,1533.0,1533.0,,,0.0,,,0.0
2025-09-17 22:00:00,,,,,,,1273.0,1273.0,,,0.0,,,0.0
2025-09-17 23:00:00,,,,,,,1273.0,1273.0,,,0.0,,,0.0
2025-09-18 00:00:00,,,,,,,1529.0,1529.0,,,0.0,,,0.0
2025-09-18 01:00:00,,,,,,,1529.0,1529.0,,,0.0,,,0.0
2025-09-18 02:00:00,,,,,,,1529.0,1529.0,,,0.0,,,0.0
2025-09-18 03:00:00,,,,,,,1529.0,1529.0,,,0.0,,,0.0
2025-09-18 04:00:00,,,,,,,1529.0,1529.0,,,0.0,,,0.0
2025-09-18 05:00:00,,,,,,,1533.0,1533.0,,,0.0,,,0.0
2025-09-18 06:00:00,,,,,,,1533.0,1533.0,,,0.0,,,0.0
2025-09-18 07:00:00,,,,,,,1533.0,1533.0,,,0.0,,,0.0
2025-09-18 08:00:00,,,,,,,509.0,509.0,,,0.0,,,0.0
2025-09-18 09:00:00,,,,,,,509.0,509.0,,,0.0,,,0.0
2025-09-18 10:00:00,,,,,,,509.0,509.0,,,0.0,,,0.0
2025-09-18 11:00:00,,,,,,,509.0,509.0,,,0.0,,,0.0
2025-09-18 12:00:00,,,,,,,509.0,509.0,,,0.0,,,0.0
2025-09-18 13:00:00,,,,,,,509.0,509.0,,,0.0,,,0.0
2025-09-18 14:00:00,,,,,,,509.0,509.0,1.676,0.0,1.0,0.3067,0.0,1.0
2025-09-18 15:00:00,,,,,,,509.0,509.0,,,0.0,,,0.0
2025-09-18 16:00:00,,,,,,,509.0,509.0,,,0.0,,,0.0
2025-09-18 17:00:00,,,,,,,1533.0,1533.0,,,0.0,,,0.0
2025-09-18 18:00:00,,,,,,,1533.0,1533.0,,,0.0,,,0.0
2025-09-18 19:00:00,,,,,,,1533.0,1533.0,,,0.0,,,0.0
2025-09-18 20:00:00,,,,,,,1533.0,1533.0,,,0.0,,,0.0
2025-09-18 21:00:00,,,,,,,1533.0,1533.0,,,0.0,,,0.0
2025-09-18 22:00:00,,,,,,,1533.0,1533.0,,,0.0,,,0.0
2025-09-18 23:00:00,,,,,,,1529.0,1529.0,,,0.0,,,0.0
2025-09-19 00:00:00,,,,,,,1533.0,1533.0,,,0.0,,,0.0
2025-09-19 01:00:00,,,,,,,1273.0,1273.0,,,0.0,,,0.0
2025-09-19 02:00:00,,,,,,,1273.0,1273.0,,,0.0,,,0.0
2025-09-19 03:00:00,,,,,,,1273.0,1273.0,,,0.0,,,0.0
2025-09-19 04:00:00,,,,,,,1529.0,1529.0,,,0.0,,,0.0
2025-09-19 05:00:00,,,,,,,1529.0,1529.0,,,0.0,,,0.0
2025-09-19 06:00:00,,,,,,,1273.0,1273.0,,,0.0,,,0.0
2025-09-19 07:00:00,,,,,,,1273.0,1273.0,,,0.0,,,0.0
2025-09-19 08:00:00,,,,,,,505.0,504.0,0.2852,0.070199996,5.0,0.849,0.08849996,5.0
2025-09-19 09:00:00,,,,,,,509.0,509.0,0.2304,0.1302,5.0,0.8319,0.14649999,5.0
2025-09-19 10:00:00,,,,,,,509.0,509.0,,,0.0,,,0.0
2025-09-19 11:00:00,,,,,,,509.0,509.0,,,0.0,,,0.0
2025-09-19 12:00:00,,,,,,,509.0,509.0,,,0.0,,,0.0
2025-09-19 13:00:00,,,,,,,509.0,509.0,,,0.0,,,0.0
2025-09-19 14:00:00,,,,,,,509.0,509.0,,,0.0,,,0.0
2025-09-19 15:00:00,,,,,,,509.0,509.0,,,0.0,,,0.0
2025-09-19 16:00:00,,,,,,,509.0,509.0,,,0.0,,,0.0
2025-09-19 17:00:00,,,,,,,1533.0,1533.0,,,0.0,,,0.0
2025-09-19 18:00:00,,,,,,,1533.0,1533.0,,,0.0,,,0.0
2025-09-19 19:00:00,,,,,,,1533.0,1533.0,,,0.0,,,0.0
2025-09-19 20:00:00,,,,,,,1533.0,1533.0,,,0.0,,,0.0
2025-09-19 21:00:00,,,,,,,1533.0,1533.0,,,0.0,,,0.0
2025-09-19 22:00:00,,,,,,,1533.0,1533.0,,,0.0,,,0.0
2025-09-19 23:00:00,,,,,,,1533.0,1533.0,,,0.0,,,0.0
2025-09-20 00:00:00,,,,,,,1273.0,1273.0,,,0.0,,,0.0
2025-09-20 01:00:00,,,,,,,1273.0,1273.0,,,0.0,,,0.0
2025-09-20 02:00:00,,,,,,,1273.0,1273.0,,,0.0,,,0.0
2025-09-20 03:00:00,,,,,,,1273.0,1273.0,,,0.0,,,0.0
2025-09-20 04:00:00,,,,,,,1273.0,1273.0,,,0.0,,,0.0
2025-09-20 05:00:00,,,,,,,1273.0,1273.0,,,0.0,,,0.0
2025-09-20 06:00:00,,,,,,,1273.0,1273.0,,,0.0,,,0.0
2025-09-20 07:00:00,,,,,,,1273.0,1273.0,,,0.0,,,0.0
2025-09-20 08:00:00,0.2694,,,,,,2497.0,2552.0,0.513,0.0736,5.0,1.2041,0.118200004,5.0
2025-09-20 09:00:00,0.3066,,,,,,449.0,504.0,0.47559997,0.18439999,6.0,1.231,0.11109996,6.0
2025-09-20 10:00:00,,,,,,,249.0,248.0,0.269,0.1276,6.0,1.0652,0.15039998,6.0
2025-09-20 11:00:00,,,,,,,509.0,509.0,0.47239998,0.0792,3.0,0.929,0.07309997,3.0
2025-09-20 12:00:00,,,,,,,509.0,509.0,0.5628,0.0,1.0,1.1516,0.0,1.0
2025-09-20 13:00:00,,,,,,,509.0,509.0,0.5798,0.0,1.0,1.1494,0.0,1.0
2025-09-20 14:00:00,,,,,,,509.0,509.0,,,0.0,,,0.0
2025-09-20 15:00:00,,,,,,,509.0,509.0,,,0.0,,,0.0
2025-09-20 16:00:00,,,,,,,509.0,509.0,,,0.0,,,0.0
2025-09-20 17:00:00,,,,,,,1533.0,1533.0,,,0.0,,,0.0
2025-09-20 18:00:00,,,,,,,1273.0,1273.0,,,0.0,,,0.0
2025-09-20 19:00:00,,,,,,,1273.0,1273.0,,,0.0,,,0.0
2025-09-20 20:00:00,,,,,,,1273.0,1273.0,,,0.0,,,0.0
2025-09-20 21:00:00,,,,,,,1533.0,1533.0,,,0.0,,,0.0
2025-09-20 22:00:00,,,,,,,1273.0,1273.0,,,0.0,,,0.0
2025-09-20 23:00:00,,,,,,,1273.0,1273.0,,,0.0,,,0.0
2025-09-21 00:00:00,,,,,,,1273.0,1273.0,,,0.0,,,0.0
2025-09-21 01:00:00,,,,,,,1273.0,1273.0,,,0.0,,,0.0
2025-09-21 02:00:00,,,,,,,1273.0,1273.0,,,0.0,,,0.0
2025-09-21 03:00:00,,,,,,,1273.0,1273.0,,,0.0,,,0.0
2025-09-21 04:00:00,,,,,,,1273.0,1273.0,,,0.0,,,0.0
2025-09-21 05:00:00,,,,,,,1273.0,1273.0,,,0.0,,,0.0
2025-09-21 06:00:00,,,,,,,1273.0,1273.0,,,0.0,,,0.0
2025-09-21 07:00:00,,,,,,,1273.0,1273.0,,,0.0,,,0.0
2025-09-21 08:00:00,0.62839997,0.615,0.2898,0.2893,,,2240.0,2240.0,0.6078,0.0738,5.0,1.2922,0.1279,5.0
2025-09-21 09:00:00,0.7068,,,,,,2241.0,2296.0,1.0352,0.13239999,6.0,1.4088999,0.17109996,6.0
2025-09-21 10:00:00,,,,,,,509.0,509.0,1.1791999,0.113,5.0,1.1876,0.10979998,5.0
2025-09-21 11:00:00,,,,,,,509.0,509.0,,,0.0,,,0.0
2025-09-21 12:00:00,,,,,,,509.0,509.0,,,0.0,,,0.0
2025-09-21 13:00:00,,,,,,,509.0,509.0,,,0.0,,,0.0
2025-09-21 14:00:00,,,,,,,509.0,509.0,,,0.0,,,0.0
2025-09-21 15:00:00,,,,,,,509.0,509.0,,,0.0,,,0.0
2025-09-21 16:00:00,,,,,,,509.0,509.0,,,0.0,,,0.0
2025-09-21 17:00:00,,,,,,,1533.0,1533.0,,,0.0,,,0.0
2025-09-21 18:00:00,,,,,,,1533.0,1533.0,,,0.0,,,0.0
2025-09-21 19:00:00,,,,,,,1533.0,1533.0,,,0.0,,,0.0
2025-09-21 20:00:00,,,,,,,1529.0,1529.0,,,0.0,,,0.0
2025-09-21 21:00:00,,,,,,,1533.0,1533.0,,,0.0,,,0.0
2025-09-21 22:00:00,,,,,,,1533.0,1533.0,,,0.0,,,0.0
2025-09-21 23:00:00,,,,,,,1529.0,1529.0,,,0.0,,,0.0
2025-09-22 00:00:00,,,,,,,1529.0,1529.0,,,0.0,,,0.0
2025-09-22 01:00:00,,,,,,,1533.0,1533.0,,,0.0,,,0.0
2025-09-22 02:00:00,,,,,,,1533.0,1533.0,,,0.0,,,0.0
2025-09-22 03:00:00,,,,,,,1533.0,1533.0,,,0.0,,,0.0
2025-09-22 04:00:00,,,,,,,1533.0,1533.0,,,0.0,,,0.0
2025-09-22 05:00:00,,,,,,,1533.0,1533.0,,,0.0,,,0.0
2025-09-22 06:00:00,,,,,,,1533.0,1533.0,,,0.0,,,0.0
2025-09-22 07:00:00,,,,,,,1533.0,1533.0,,,0.0,,,0.0
2025-09-22 08:00:00,,,,,,,509.0,509.0,,,0.0,,,0.0
2025-09-22 09:00:00,,,,,,,509.0,509.0,,,0.0,,,0.0
2025-09-22 10:00:00,,,,,,,509.0,509.0,,,0.0,,,0.0
2025-09-22 11:00:00,,,,,,,509.0,509.0,,,0.0,,,0.0
2025-09-22 12:00:00,,,,,,,509.0,509.0,,,0.0,,,0.0
2025-09-22 13:00:00,,,,,,,509.0,509.0,,,0.0,,,0.0
2025-09-22 14:00:00,,,,,,,509.0,509.0,1.8196,0.0,1.0,0.58280003,0.0,1.0
2025-09-22 15:00:00,,,,,,,509.0,509.0,0.9798,0.0,1.0,1.0547,0.0,1.0
2025-09-22 16:00:00,,,,,,,509.0,509.0,,,0.0,,,0.0
2025-09-22 17:00:00,,,,,,,1533.0,1533.0,,,0.0,,,0.0
2025-09-22 18:00:00,,,,,,,1529.0,1529.0,,,0.0,,,0.0
2025-09-22 19:00:00,,,,,,,1533.0,1533.0,,,0.0,,,0.0
2025-09-22 20:00:00,,,,,,,1529.0,1529.0,,,0.0,,,0.0
2025-09-22 21:00:00,,,,,,,1273.0,1273.0,,,0.0,,,0.0
2025-09-22 22:00:00,,,,,,,1529.0,1529.0,,,0.0,,,0.0
2025-09-22 23:00:00,,,,,,,1273.0,1273.0,,,0.0,,,0.0
2025-09-23 00:00:00,,,,,,,1273.0,1273.0,,,0.0,,,0.0
2025-09-23 01:00:00,,,,,,,1529.0,1529.0,,,0.0,,,0.0
2025-09-23 02:00:00,,,,,,,1533.0,1533.0,,,0.0,,,0.0
2025-09-23 03:00:00,,,,,,,1533.0,1533.0,,,0.0,,,0.0
2025-09-23 04:00:00,,,,,,,1273.0,1273.0,,,0.0,,,0.0
2025-09-23 05:00:00,,,,,,,1529.0,1529.0,,,0.0,,,0.0
2025-09-23 06:00:00,,,,,,,1529.0,1529.0,,,0.0,,,0.0
2025-09-23 07:00:00,,,,,,,1533.0,1533.0,,,0.0,,,0.0
2025-09-23 08:00:00,,,,,,,509.0,509.0,,,0.0,,,0.0
2025-09-23 09:00:00,,,,,,,509.0,509.0,,,0.0,,,0.0
2025-09-23 10:00:00,,,,,,,509.0,509.0,1.8202,0.0,2.0,0.4411,0.0,2.0
2025-09-23 11:00:00,,,,,,,509.0,509.0,,,0.0,,,0.0
2025-09-23 12:00:00,,,,,,,509.0,509.0,,,0.0,,,0.0
2025-09-23 13:00:00,,,,,,,509.0,509.0,,,0.0,,,0.0
2025-09-23 14:00:00,,,,,,,505.0,504.0,0.3182,0.0,1.0,1.079,0.0,1.0
2025-09-23 15:00:00,,,,,,,509.0,509.0,0.2898,0.065,3.0,1.0845,0.003799975,3.0
2025-09-23 16:00:00,,,,,,,505.0,505.0,0.2118,0.0464,3.0,1.1996,0.05949998,3.0
2025-09-23 17:00:00,,,,,,,1533.0,1533.0,,,0.0,,,0.0
2025-09-23 18:00:00,,,,,,,1529.0,1529.0,,,0.0,,,0.0
2025-09-23 19:00:00,,,,,,,1533.0,1533.0,,,0.0,,,0.0
2025-09-23 20:00:00,,,,,,,1529.0,1529.0,,,0.0,,,0.0
2025-09-23 21:00:00,,,,,,,1533.0,1533.0,,,0.0,,,0.0
2025-09-23 22:00:00,,,,,,,1529.0,1529.0,,,0.0,,,0.0
2025-09-23 23:00:00,,,,,,,1273.0,1273.0,,,0.0,,,0.0
2025-09-24 00:00:00,,,,,,,1273.0,1273.0,,,0.0,,,0.0
2025-09-24 01:00:00,,,,,,,1533.0,1533.0,,,0.0,,,0.0
2025-09-24 02:00:00,,,,,,,1533.0,1533.0,,,0.0,,,0.0
2025-09-24 03:00:00,,,,,,,1273.0,1273.0,,,0.0,,,0.0
2025-09-24 04:00:00,,,,,,,1529.0,1529.0,,,0.0,,,0.0
2025-09-24 05:00:00,,,,,,,1273.0,1273.0,,,0.0,,,0.0
2025-09-24 06:00:00,,,,,,,1533.0,1533.0,,,0.0,,,0.0
2025-09-24 07:00:00,,,,,,,1533.0,1533.0,,,0.0,,,0.0
2025-09-24 08:00:00,,,,,,,505.0,504.0,0.2496,0.0796,3.0,0.9506999,0.09459996,3.0
2025-09-24 09:00:00,,,,,,,509.0,509.0,0.2104,0.0,1.0,1.0654,0.0,1.0
2025-09-24 10:00:00,,,,,,,509.0,509.0,,,0.0,,,0.0
2025-09-24 11:00:00,,,,,,,509.0,509.0,,,0.0,,,0.0
2025-09-24 12:00:00,,,,,,,509.0,509.0,,,0.0,,,0.0
2025-09-24 13:00:00,,,,,,,509.0,509.0,,,0.0,,,0.0
2025-09-24 14:00:00,,,,,,,509.0,509.0,,,0.0,,,0.0
2025-09-24 15:00:00,,,,,,,509.0,509.0,,,0.0,,,0.0
2025-09-24 16:00:00,,,,,,,509.0,509.0,,,0.0,,,0.0
2025-09-24 17:00:00,,,,,,,1533.0,1533.0,,,0.0,,,0.0
2025-09-24 18:00:00,,,,,,,1529.0,1529.0,,,0.0,,,0.0
2025-09-24 19:00:00,,,,,,,1533.0,1533.0,,,0.0,,,0.0
2025-09-24 20:00:00,,,,,,,1533.0,1533.0,,,0.0,,,0.0
2025-09-24 21:00:00,,,,,,,1533.0,1533.0,,,0.0,,,0.0
2025-09-24 22:00:00,,,,,,,1533.0,1533.0,,,0.0,,,0.0
2025-09-24 23:00:00,,,,,,,1533.0,1533.0,,,0.0,,,0.0
2025-09-25 00:00:00,,,,,,,1533.0,1533.0,,,0.0,,,0.0
2025-09-25 01:00:00,,,,,,,1533.0,1533.0,,,0.0,,,0.0
2025-09-25 02:00:00,,,,,,,1533.0,1533.0,,,0.0,,,0.0
2025-09-25 03:00:00,,,,,,,1529.0,1529.0,,,0.0,,,0.0
2025-09-25 04:00:00,,,,,,,1533.0,1533.0,,,0.0,,,0.0
2025-09-25 05:00:00,,,,,,,1533.0,1533.0,,,0.0,,,0.0
2025-09-25 06:00:00,,,,,,,1533.0,1533.0,,,0.0,,,0.0
2025-09-25 07:00:00,,,,,,,1533.0,1533.0,,,0.0,,,0.0
2025-09-25 08:00:00,,,,,,,509.0,509.0,,,0.0,,,0.0
2025-09-25 09:00:00,,,,,,,509.0,509.0,,,0.0,,,0.0
2025-09-25 10:00:00,,,,,,,509.0,509.0,,,0.0,,,0.0
2025-09-25 11:00:00,,,,,,,509.0,509.0,,,0.0,,,0.0
2025-09-25 12:00:00,,,,,,,509.0,509.0,,,0.0,,,0.0
2025-09-25 13:00:00,,,,,,,509.0,509.0,,,0.0,,,0.0
2025-09-25 14:00:00,,,,,,,509.0,509.0,,,0.0,,,0.0
2025-09-25 15:00:00,,,,,,,509.0,509.0,,,0.0,,,0.0
2025-09-25 16:00:00,,,,,,,509.0,509.0,,,0.0,,,0.0
2025-09-25 17:00:00,,,,,,,1533.0,1533.0,,,0.0,,,0.0
2025-09-25 18:00:00,,,,,,,1529.0,1529.0,,,0.0,,,0.0
2025-09-25 19:00:00,,,,,,,1533.0,1533.0,,,0.0,,,0.0
2025-09-25 20:00:00,,,,,,,1529.0,1529.0,,,0.0,,,0.0
2025-09-25 21:00:00,,,,,,,1529.0,1529.0,,,0.0,,,0.0
2025-09-25 22:00:00,,,,,,,1529.0,1529.0,,,0.0,,,0.0
2025-09-25 23:00:00,,,,,,,1533.0,1533.0,,,0.0,,,0.0
2025-09-26 00:00:00,,,,,,,1529.0,1529.0,,,0.0,,,0.0
2025-09-26 01:00:00,,,,,,,1529.0,1529.0,,,0.0,,,0.0
2025-09-26 02:00:00,,,,,,,1533.0,1533.0,,,0.0,,,0.0
2025-09-26 03:00:00,,,,,,,1533.0,1533.0,,,0.0,,,0.0
2025-09-26 04:00:00,,,,,,,1529.0,1529.0,,,0.0,,,0.0
2025-09-26 05:00:00,,,,,,,1529.0,1529.0,,,0.0,,,0.0
2025-09-26 06:00:00,,,,,,,1533.0,1533.0,,,0.0,,,0.0
2025-09-26 07:00:00,,,,,,,1533.0,1533.0,,,0.0,,,0.0
2025-09-26 08:00:00,,,,,,,509.0,509.0,,,0.0,,,0.0
2025-09-26 09:00:00,,,,,,,509.0,509.0,,,0.0,,,0.0
2025-09-26 10:00:00,,,,,,,509.0,509.0,,,0.0,,,0.0
2025-09-26 11:00:00,,,,,,,509.0,509.0,,,0.0,,,0.0
2025-09-26 12:00:00,,,,,,,509.0,509.0,,,0.0,,,0.0
2025-09-26 13:00:00,,,,,,,509.0,509.0,,,0.0,,,0.0
2025-09-26 14:00:00,,,,,,,509.0,509.0,,,0.0,,,0.0
2025-09-26 15:00:00,,,,,,,509.0,509.0,,,0.0,,,0.0
2025-09-26 16:00:00,,,,,,,509.0,509.0,,,0.0,,,0.0
2025-09-26 17:00:00,,,,,,,1533.0,1533.0,,,0.0,,,0.0
2025-09-26 18:00:00,,,,,,,1533.0,1533.0,,,0.0,,,0.0
2025-09-26 19:00:00,,,,,,,1533.0,1533.0,,,0.0,,,0.0
2025-09-26 20:00:00,,,,,,,1529.0,1529.0,,,0.0,,,0.0
2025-09-26 21:00:00,,,,,,,1533.0,1533.0,,,0.0,,,0.0
2025-09-26 22:00:00,,,,,,,1533.0,1533.0,,,0.0,,,0.0
2025-09-26 23:00:00,,,,,,,1533.0,1533.0,,,0.0,,,0.0
2025-09-27 00:00:00,,,,,,,1533.0,1533.0,,,0.0,,,0.0
2025-09-27 01:00:00,,,,,,,1533.0,1533.0,,,0.0,,,0.0
2025-09-27 02:00:00,,,,,,,1529.0,1529.0,,,0.0,,,0.0
2025-09-27 03:00:00,,,,,,,1533.0,1533.0,,,0.0,,,0.0
2025-09-27 04:00:00,,,,,,,1533.0,1533.0,,,0.0,,,0.0
2025-09-27 05:00:00,,,,,,,1533.0,1533.0,,,0.0,,,0.0
2025-09-27 06:00:00,,,,,,,1529.0,1529.0,,,0.0,,,0.0
2025-09-27 07:00:00,,,,,,,1533.0,1533.0,,,0.0,,,0.0
2025-09-27 08:00:00,,,,,,,509.0,509.0,,,0.0,,,0.0
2025-09-27 09:00:00,,,,,,,509.0,509.0,0.36479998,0.0694,3.0,0.5825,0.08160001,3.0
2025-09-27 10:00:00,,,,,,,509.0,509.0,,,0.0,,,0.0
2025-09-27 11:00:00,,,,,,,509.0,509.0,,,0.0,,,0.0
2025-09-27 12:00:00,,,,,,,509.0,509.0,,,0.0,,,0.0
2025-09-27 13:00:00,,,,,,,509.0,509.0,,,0.0,,,0.0
2025-09-27 14:00:00,,,,,,,509.0,509.0,,,0.0,,,0.0
2025-09-27 15:00:00,,,,,,,509.0,509.0,0.593,0.0,1.0,0.8254,0.0,1.0
2025-09-27 16:00:00,,,,,,,509.0,509.0,0.1364,0.0,1.0,1.0107,0.0,1.0
2025-09-27 17:00:00,,,,,,,1533.0,1533.0,,,0.0,,,0.0
2025-09-27 18:00:00,,,,,,,1533.0,1533.0,,,0.0,,,0.0
2025-09-27 19:00:00,,,,,,,1529.0,1529.0,,,0.0,,,0.0
2025-09-27 20:00:00,,,,,,,1533.0,1533.0,,,0.0,,,0.0
2025-09-27 21:00:00,,,,,,,1273.0,1273.0,,,0.0,,,0.0
2025-09-27 22:00:00,,,,,,,1533.0,1533.0,,,0.0,,,0.0
2025-09-27 23:00:00,,,,,,,1533.0,1533.0,,,0.0,,,0.0
2025-09-28 00:00:00,,,,,,,1533.0,1533.0,,,0.0,,,0.0
2025-09-28 01:00:00,,,,,,,1533.0,1533.0,,,0.0,,,0.0
2025-09-28 02:00:00,,,,,,,1533.0,1533.0,,,0.0,,,0.0
2025-09-28 03:00:00,,,,,,,1533.0,1533.0,,,0.0,,,0.0
2025-09-28 04:00:00,,,,,,,1533.0,1533.0,,,0.0,,,0.0
2025-09-28 05:00:00,,,,,,,1533.0,1533.0,,,0.0,,,0.0
2025-09-28 06:00:00,,,,,,,1533.0,1533.0,,,0.0,,,0.0
2025-09-28 07:00:00,,,,,,,1529.0,1529.0,,,0.0,,,0.0
2025-09-28 08:00:00,,,,,,,509.0,509.0,,,0.0,,,0.0
2025-09-28 09:00:00,,,,,,,509.0,509.0,,,0.0,,,0.0
2025-09-28 10:00:00,,,,,,,509.0,509.0,,,0.0,,,0.0
2025-09-28 11:00:00,,,,,,,509.0,509.0,,,0.0,,,0.0
2025-09-28 12:00:00,,,,,,,509.0,509.0,,,0.0,,,0.0
2025-09-28 13:00:00,,,,,,,509.0,509.0,,,0.0,,,0.0
2025-09-28 14:00:00,,,,,,,509.0,509.0,,,0.0,,,0.0
2025-09-28 15:00:00,,,,,,,509.0,509.0,,,0.0,,,0.0
2025-09-28 16:00:00,,,,,,,509.0,509.0,,,0.0,,,0.0
2025-09-28 17:00:00,,,,,,,1533.0,1533.0,,,0.0,,,0.0
2025-09-28 18:00:00,,,,,,,1533.0,1533.0,,,0.0,,,0.0
2025-09-28 19:00:00,,,,,,,1533.0,1533.0,,,0.0,,,0.0
2025-09-28 20:00:00,,,,,,,1529.0,1529.0,,,0.0,,,0.0
2025-09-28 21:00:00,,,,,,,1529.0,1529.0,,,0.0,,,0.0
2025-09-28 22:00:00,,,,,,,1533.0,1533.0,,,0.0,,,0.0
2025-09-28 23:00:00,,,,,,,1529.0,1529.0,,,0.0,,,0.0
2025-09-29 00:00:00,,,,,,,1529.0,1529.0,,,0.0,,,0.0
2025-09-29 01:00:00,,,,,,,1533.0,1533.0,,,0.0,,,0.0
2025-09-29 02:00:00,,,,,,,1533.0,1533.0,,,0.0,,,0.0
2025-09-29 03:00:00,,,,,,,1533.0,1533.0,,,0.0,,,0.0
2025-09-29 04:00:00,,,,,,,1533.0,1533.0,,,0.0,,,0.0
2025-09-29 05:00:00,,,,,,,1533.0,1533.0,,,0.0,,,0.0
2025-09-29 06:00:00,,,,,,,1533.0,1533.0,,,0.0,,,0.0
2025-09-29 07:00:00,,,,,,,1533.0,1533.0,,,0.0,,,0.0
2025-09-29 08:00:00,,,,,,,509.0,509.0,,,0.0,,,0.0
2025-09-29 09:00:00,,,,,,,509.0,509.0,,,0.0,,,0.0
2025-09-29 10:00:00,,,,,,,509.0,509.0,,,0.0,,,0.0
2025-09-29 11:00:00,,,,,,,509.0,509.0,,,0.0,,,0.0
2025-09-29 12:00:00,,,,,,,509.0,509.0,,,0.0,,,0.0
2025-09-29 13:00:00,,,,,,,509.0,509.0,,,0.0,,,0.0
2025-09-29 14:00:00,,,,,,,509.0,509.0,,,0.0,,,0.0
2025-09-29 15:00:00,,,,,,,509.0,509.0,,,0.0,,,0.0
2025-09-29 16:00:00,,,,,,,509.0,509.0,,,0.0,,,0.0
2025-09-29 17:00:00,,,,,,,1533.0,1533.0,,,0.0,,,0.0
2025-09-29 18:00:00,,,,,,,1533.0,1533.0,,,0.0,,,0.0
2025-09-29 19:00:00,,,,,,,1533.0,1533.0,,,0.0,,,0.0
2025-09-29 20:00:00,,,,,,,1533.0,1533.0,,,0.0,,,0.0
2025-09-29 21:00:00,,,,,,,1533.0,1533.0,,,0.0,,,0.0
2025-09-29 22:00:00,,,,,,,1529.0,1529.0,,,0.0,,,0.0
2025-09-29 23:00:00,,,,,,,1273.0,1273.0,,,0.0,,,0.0
2025-09-30 00:00:00,,,,,,,1529.0,1529.0,,,0.0,,,0.0
2025-09-30 01:00:00,,,,,,,1533.0,1533.0,,,0.0,,,0.0
2025-09-30 02:00:00,,,,,,,1533.0,1533.0,,,0.0,,,0.0
2025-09-30 03:00:00,,,,,,,1529.0,1529.0,,,0.0,,,0.0
2025-09-30 04:00:00,,,,,,,1529.0,1529.0,,,0.0,,,0.0
2025-09-30 05:00:00,,,,,,,1533.0,1533.0,,,0.0,,,0.0
2025-09-30 06:00:00,,,,,,,1533.0,1533.0,,,0.0,,,0.0
2025-09-30 07:00:00,,,,,,,1533.0,1533.0,,,0.0,,,0.0
2025-09-30 08:00:00,,,,,,,509.0,509.0,,,0.0,,,0.0
2025-09-30 09:00:00,,,,,,,509.0,509.0,,,0.0,,,0.0
2025-09-30 10:00:00,,,,,,,509.0,509.0,,,0.0,,,0.0
2025-09-30 11:00:00,,,,,,,509.0,509.0,,,0.0,,,0.0
2025-09-30 12:00:00,,,,,,,509.0,509.0,,,0.0,,,0.0
2025-09-30 13:00:00,,,,,,,509.0,509.0,,,0.0,,,0.0
2025-09-30 14:00:00,,,,,,,509.0,509.0,,,0.0,,,0.0
2025-09-30 15:00:00,,,,,,,509.0,509.0,,,0.0,,,0.0
2025-09-30 16:00:00,,,,,,,509.0,509.0,,,0.0,,,0.0
2025-09-30 17:00:00,,,,,,,1533.0,1533.0,,,0.0,,,0.0
2025-09-30 18:00:00,,,,,,,1529.0,1529.0,,,0.0,,,0.0
2025-09-30 19:00:00,,,,,,,1529.0,1529.0,,,0.0,,,0.0
2025-09-30 20:00:00,,,,,,,1529.0,1529.0,,,0.0,,,0.0
2025-09-30 21:00:00,,,,,,,1533.0,1533.0,,,0.0,,,0.0
2025-09-30 22:00:00,,,,,,,1533.0,1533.0,,,0.0,,,0.0
2025-09-30 23:00:00,,,,,,,1529.0,1529.0,,,0.0,,,0.0
2025-10-01 00:00:00,,,,,,,1533.0,1533.0,,,0.0,,,0.0
2025-10-01 01:00:00,,,,,,,1529.0,1529.0,,,0.0,,,0.0
2025-10-01 02:00:00,,,,,,,1533.0,1533.0,,,0.0,,,0.0
2025-10-01 03:00:00,,,,,,,1533.0,1533.0,,,0.0,,,0.0
2025-10-01 04:00:00,,,,,,,1533.0,1533.0,,,0.0,,,0.0
2025-10-01 05:00:00,,,,,,,1529.0,1529.0,,,0.0,,,0.0
2025-10-01 06:00:00,,,,,,,1533.0,1533.0,,,0.0,,,0.0
2025-10-01 07:00:00,,,,,,,1533.0,1533.0,,,0.0,,,0.0
2025-10-01 08:00:00,,,,,,,509.0,509.0,,,0.0,,,0.0
2025-10-01 09:00:00,,,,,,,509.0,509.0,,,0.0,,,0.0
2025-10-01 10:00:00,,,,,,,509.0,509.0,,,0.0,,,0.0
2025-10-01 11:00:00,,,,,,,509.0,509.0,,,0.0,,,0.0
2025-10-01 12:00:00,,,,,,,509.0,509.0,,,0.0,,,0.0
2025-10-01 13:00:00,,,,,,,509.0,509.0,,,0.0,,,0.0
2025-10-01 14:00:00,,,,,,,509.0,509.0,,,0.0,,,0.0
2025-10-01 15:00:00,,,,,,,509.0,509.0,,,0.0,,,0.0
2025-10-01 16:00:00,,,,,,,509.0,509.0,,,0.0,,,0.0
2025-10-01 17:00:00,,,,,,,1533.0,1533.0,0.459,0.0,1.0,0.8678,0.0,1.0
2025-10-01 18:00:00,,,,,,,1533.0,1533.0,,,0.0,,,0.0
2025-10-01 19:00:00,,,,,,,1533.0,1533.0,,,0.0,,,0.0
2025-10-01 20:00:00,,,,,,,1529.0,1529.0,,,0.0,,,0.0
2025-10-01 21:00:00,,,,,,,1273.0,1273.0,,,0.0,,,0.0
2025-10-01 22:00:00,,,,,,,1273.0,1273.0,,,0.0,,,0.0
2025-10-01 23:00:00,,,,,,,1273.0,1273.0,,,0.0,,,0.0
2025-10-02 00:00:00,,,,,,,1533.0,1533.0,,,0.0,,,0.0
2025-10-02 01:00:00,,,,,,,1533.0,1533.0,,,0.0,,,0.0
2025-10-02 02:00:00,,,,,,,1273.0,1273.0,,,0.0,,,0.0
2025-10-02 03:00:00,,,,,,,1533.0,1533.0,,,0.0,,,0.0
2025-10-02 04:00:00,,,,,,,1533.0,1533.0,,,0.0,,,0.0
2025-10-02 05:00:00,,,,,,,1533.0,1533.0,,,0.0,,,0.0
2025-10-02 06:00:00,,,,,,,1533.0,1533.0,,,0.0,,,0.0
2025-10-02 07:00:00,,,,,,,1529.0,1529.0,,,0.0,,,0.0
2025-10-02 08:00:00,,,,,,,509.0,509.0,,,0.0,,,0.0
2025-10-02 09:00:00,,,,,,,509.0,509.0,0.7084,0.0,1.0,0.52759993,0.0,1.0
2025-10-02 10:00:00,,,,,,,509.0,509.0,0.41419998,0.0,2.0,0.9657999,0.0,2.0
2025-10-02 11:00:00,,,,,,,509.0,509.0,,,0.0,,,0.0
2025-10-02 12:00:00,,,,,,,509.0,509.0,,,0.0,,,0.0
2025-10-02 13:00:00,,,,,,,2553.0,2552.0,0.4906,0.0726,3.0,1.0455999,0.036199987,3.0
2025-10-02 14:00:00,,,,,,,509.0,509.0,,,0.0,,,0.0
2025-10-02 15:00:00,,,,,,,509.0,509.0,,,0.0,,,0.0
2025-10-02 16:00:00,,,,,,,509.0,509.0,,,0.0,,,0.0
2025-10-02 17:00:00,,,,,,,1533.0,1533.0,,,0.0,,,0.0
2025-10-02 18:00:00,,,,,,,1529.0,1529.0,,,0.0,,,0.0
2025-10-02 19:00:00,,,,,,,1273.0,1273.0,,,0.0,,,0.0
2025-10-02 20:00:00,,,,,,,1273.0,1273.0,,,0.0,,,0.0
2025-10-02 21:00:00,,,,,,,1529.0,1529.0,,,0.0,,,0.0
2025-10-02 22:00:00,,,,,,,1273.0,1273.0,,,0.0,,,0.0
2025-10-02 23:00:00,,,,,,,1273.0,1273.0,,,0.0,,,0.0
2025-10-03 00:00:00,,,,,,,1273.0,1273.0,,,0.0,,,0.0
2025-10-03 01:00:00,,,,,,,1533.0,1533.0,,,0.0,,,0.0
2025-10-03 02:00:00,,,,,,,1273.0,1273.0,,,0.0,,,0.0
2025-10-03 03:00:00,,,,,,,1273.0,1273.0,,,0.0,,,0.0
2025-10-03 04:00:00,,,,,,,1273.0,1273.0,,,0.0,,,0.0
2025-10-03 05:00:00,,,,,,,1273.0,1273.0,,,0.0,,,0.0
2025-10-03 06:00:00,,,,,,,1273.0,1273.0,,,0.0,,,0.0
2025-10-03 07:00:00,,,,,,,1273.0,1273.0,,,0.0,,,0.0
2025-10-03 08:00:00,,,,,,,509.0,509.0,0.4236,0.083,3.0,0.8729999,0.018299997,3.0
2025-10-03 09:00:00,,,,,,,509.0,509.0,,,0.0,,,0.0
2025-10-03 10:00:00,,,,,,,249.0,248.0,0.3286,0.1248,4.0,0.9226999,0.112399995,4.0
2025-10-03 11:00:00,,,,,,,505.0,504.0,0.34759998,0.0438,4.0,0.997,0.067499995,4.0
2025-10-03 12:00:00,,,,,,,509.0,509.0,0.2888,0.030599998,2.0,1.0769,0.004999995,2.0
2025-10-03 13:00:00,,,,,,,509.0,509.0,,,0.0,,,0.0
2025-10-03 14:00:00,,,,,,,509.0,509.0,,,0.0,,,0.0
2025-10-03 15:00:00,,,,,,,509.0,509.0,0.2096,0.0,1.0,1.1459,0.0,1.0
2025-10-03 16:00:00,,,,,,,509.0,509.0,0.138,0.020399999,3.0,1.1225,0.012899995,3.0
2025-10-03 17:00:00,,,,,,,1533.0,1533.0,,,0.0,,,0.0
2025-10-03 18:00:00,,,,,,,1529.0,1529.0,,,0.0,,,0.0
2025-10-03 19:00:00,,,,,,,1529.0,1529.0,,,0.0,,,0.0
2025-10-03 20:00:00,,,,,,,1273.0,1273.0,,,0.0,,,0.0
2025-10-03 21:00:00,,,,,,,1273.0,1273.0,,,0.0,,,0.0
2025-10-03 22:00:00,,,,,,,1273.0,1273.0,,,0.0,,,0.0
2025-10-03 23:00:00,,,,,,,1273.0,1273.0,,,0.0,,,0.0
2025-10-04 00:00:00,,,,,,,1529.0,1529.0,,,0.0,,,0.0
2025-10-04 01:00:00,,,,,,,1273.0,1273.0,,,0.0,,,0.0
2025-10-04 02:00:00,,,,,,,1273.0,1273.0,,,0.0,,,0.0
2025-10-04 03:00:00,,,,,,,1273.0,1273.0,,,0.0,,,0.0
2025-10-04 04:00:00,,,,,,,1273.0,1273.0,,,0.0,,,0.0
2025-10-04 05:00:00,,,,,,,1273.0,1273.0,,,0.0,,,0.0
2025-10-04 06:00:00,,,,,,,1273.0,1273.0,,,0.0,,,0.0
2025-10-04 07:00:00,,,,,,,1533.0,1533.0,,,0.0,,,0.0
2025-10-04 08:00:00,,,,,,,509.0,509.0,0.35259998,0.0,1.0,0.9131,0.0,1.0
2025-10-04 09:00:00,,,,,,,509.0,509.0,,,0.0,,,0.0
2025-10-04 10:00:00,,,,,,,509.0,509.0,,,0.0,,,0.0
2025-10-04 11:00:00,,,,,,,509.0,509.0,,,0.0,,,0.0
2025-10-04 12:00:00,,,,,,,509.0,509.0,,,0.0,,,0.0
2025-10-04 13:00:00,,,,,,,509.0,509.0,,,0.0,,,0.0
2025-10-04 14:00:00,,,,,,,509.0,509.0,,,0.0,,,0.0
2025-10-04 15:00:00,,,,,,,509.0,509.0,,,0.0,,,0.0
2025-10-04 16:00:00,,,,,,,509.0,509.0,0.3746,0.0,1.0,1.1013,0.0,1.0
2025-10-04 17:00:00,,,,,,,1529.0,1529.0,,,0.0,,,0.0
2025-10-04 18:00:00,,,,,,,1533.0,1533.0,,,0.0,,,0.0
2025-10-04 19:00:00,,,,,,,1533.0,1533.0,,,0.0,,,0.0
2025-10-04 20:00:00,,,,,,,1533.0,1533.0,,,0.0,,,0.0
2025-10-04 21:00:00,,,,,,,1529.0,1529.0,,,0.0,,,0.0
2025-10-04 22:00:00,,,,,,,1533.0,1533.0,,,0.0,,,0.0
2025-10-04 23:00:00,,,,,,,1533.0,1533.0,,,0.0,,,0.0
2025-10-05 00:00:00,,,,,,,1533.0,1533.0,,,0.0,,,0.0
2025-10-05 01:00:00,,,,,,,1533.0,1533.0,,,0.0,,,0.0
2025-10-05 02:00:00,,,,,,,1533.0,1533.0,,,0.0,,,0.0
2025-10-05 03:00:00,,,,,,,1533.0,1533.0,,,0.0,,,0.0
2025-10-05 04:00:00,,,,,,,1533.0,1533.0,,,0.0,,,0.0
2025-10-05 05:00:00,,,,,,,1533.0,1533.0,,,0.0,,,0.0
2025-10-05 06:00:00,,,,,,,1529.0,1529.0,,,0.0,,,0.0
2025-10-05 07:00:00,,,,,,,1533.0,1533.0,,,0.0,,,0.0
2025-10-05 08:00:00,,,,,,,2297.0,2296.0,0.46499997,0.030199999,5.0,1.0988,0.041700006,5.0
2025-10-05 09:00:00,0.4764,,,,,,449.0,504.0,0.5664,0.14379999,6.0,1.0031999,0.12729996,6.0
2025-10-05 10:00:00,,,,,,,505.0,504.0,0.73539996,0.072,6.0,1.1116999,0.19589996,6.0
2025-10-05 11:00:00,,,,,,,505.0,504.0,0.6428,0.12799999,5.0,1.0877,0.1297,5.0
2025-10-05 12:00:00,,,,,,,2553.0,2552.0,0.4556,0.0748,5.0,1.1607,0.024199963,5.0
2025-10-05 13:00:00,,,,,,,509.0,509.0,0.6746,0.099999994,2.0,1.2716,0.1358,2.0
2025-10-05 14:00:00,,,,,,,509.0,509.0,0.8818,0.0,1.0,0.5806999,0.0,1.0
2025-10-05 15:00:00,,,,,,,509.0,509.0,,,0.0,,,0.0
2025-10-05 16:00:00,,,,,,,509.0,509.0,,,0.0,,,0.0
2025-10-05 17:00:00,,,,,,,1533.0,1533.0,,,0.0,,,0.0
2025-10-05 18:00:00,,,,,,,1533.0,1533.0,,,0.0,,,0.0
2025-10-05 19:00:00,,,,,,,1533.0,1533.0,,,0.0,,,0.0
2025-10-05 20:00:00,,,,,,,1529.0,1529.0,,,0.0,,,0.0
2025-10-05 21:00:00,,,,,,,1533.0,1533.0,,,0.0,,,0.0
2025-10-05 22:00:00,,,,,,,1529.0,1529.0,,,0.0,,,0.0
2025-10-05 23:00:00,,,,,,,1529.0,1529.0,,,0.0,,,0.0
2025-10-06 00:00:00,,,,,,,1533.0,1533.0,,,0.0,,,0.0
2025-10-06 01:00:00,,,,,,,1533.0,1533.0,,,0.0,,,0.0
2025-10-06 02:00:00,,,,,,,1533.0,1533.0,,,0.0,,,0.0
2025-10-06 03:00:00,,,,,,,1533.0,1533.0,,,0.0,,,0.0
2025-10-06 04:00:00,,,,,,,1533.0,1533.0,,,0.0,,,0.0
2025-10-06 05:00:00,,,,,,,1529.0,1529.0,,,0.0,,,0.0
2025-10-06 06:00:00,,,,,,,1533.0,1533.0,,,0.0,,,0.0
2025-10-06 07:00:00,,,,,,,1533.0,1533.0,,,0.0,,,0.0
2025-10-06 08:00:00,,,,,,,509.0,509.0,,,0.0,,,0.0
2025-10-06 09:00:00,,,,,,,509.0,509.0,,,0.0,,,0.0
2025-10-06 10:00:00,,,,,,,509.0,509.0,,,0.0,,,0.0
2025-10-06 11:00:00,,,,,,,509.0,509.0,,,0.0,,,0.0
2025-10-06 12:00:00,,,,,,,509.0,509.0,,,0.0,,,0.0
2025-10-06 13:00:00,,,,,,,509.0,509.0,,,0.0,,,0.0
2025-10-06 14:00:00,,,,,,,509.0,509.0,,,0.0,,,0.0
2025-10-06 15:00:00,,,,,,,509.0,509.0,,,0.0,,,0.0
2025-10-06 16:00:00,,,,,,,509.0,509.0,,,0.0,,,0.0
2025-10-06 17:00:00,,,,,,,1533.0,1533.0,,,0.0,,,0.0
2025-10-06 18:00:00,,,,,,,1529.0,1529.0,,,0.0,,,0.0
2025-10-06 19:00:00,,,,,,,1533.0,1533.0,,,0.0,,,0.0
2025-10-06 20:00:00,,,,,,,1533.0,1533.0,,,0.0,,,0.0
2025-10-06 21:00:00,,,,,,,1533.0,1533.0,,,0.0,,,0.0
2025-10-06 22:00:00,,,,,,,1529.0,1529.0,,,0.0,,,0.0
2025-10-06 23:00:00,,,,,,,1533.0,1533.0,,,0.0,,,0.0
2025-10-07 00:00:00,,,,,,,1533.0,1533.0,,,0.0,,,0.0
2025-10-07 01:00:00,,,,,,,1533.0,1533.0,,,0.0,,,0.0
2025-10-07 02:00:00,,,,,,,1529.0,1529.0,,,0.0,,,0.0
2025-10-07 03:00:00,,,,,,,1529.0,1529.0,,,0.0,,,0.0
2025-10-07 04:00:00,,,,,,,1529.0,1529.0,,,0.0,,,0.0
2025-10-07 05:00:00,,,,,,,1533.0,1533.0,,,0.0,,,0.0
2025-10-07 06:00:00,,,,,,,1533.0,1533.0,,,0.0,,,0.0
2025-10-07 07:00:00,,,,,,,1533.0,1533.0,,,0.0,,,0.0
2025-10-07 08:00:00,,,,,,,509.0,509.0,,,0.0,,,0.0
2025-10-07 09:00:00,,,,,,,509.0,509.0,,,0.0,,,0.0
2025-10-07 10:00:00,,,,,,,509.0,509.0,,,0.0,,,0.0
2025-10-07 11:00:00,,,,,,,509.0,509.0,,,0.0,,,0.0
2025-10-07 12:00:00,,,,,,,509.0,509.0,,,0.0,,,0.0
2025-10-07 13:00:00,,,,,,,509.0,509.0,,,0.0,,,0.0
2025-10-07 14:00:00,,,,,,,509.0,509.0,,,0.0,,,0.0
2025-10-07 15:00:00,,,,,,,509.0,509.0,,,0.0,,,0.0
2025-10-07 16:00:00,,,,,,,509.0,509.0,,,0.0,,,0.0
2025-10-07 17:00:00,,,,,,,1533.0,1533.0,,,0.0,,,0.0
2025-10-07 18:00:00,,,,,,,1533.0,1533.0,,,0.0,,,0.0
2025-10-07 19:00:00,,,,,,,1529.0,1529.0,,,0.0,,,0.0
2025-10-07 20:00:00,,,,,,,1529.0,1529.0,,,0.0,,,0.0
2025-10-07 21:00:00,,,,,,,1533.0,1533.0,,,0.0,,,0.0
2025-10-07 22:00:00,,,,,,,1529.0,1529.0,,,0.0,,,0.0
2025-10-07 23:00:00,,,,,,,1533.0,1533.0,,,0.0,,,0.0
2025-10-08 00:00:00,,,,,,,1533.0,1533.0,,,0.0,,,0.0
2025-10-08 01:00:00,,,,,,,1533.0,1533.0,,,0.0,,,0.0
2025-10-08 02:00:00,,,,,,,1533.0,1533.0,,,0.0,,,0.0
2025-10-08 03:00:00,,,,,,,1533.0,1533.0,,,0.0,,,0.0
2025-10-08 04:00:00,,,,,,,1533.0,1533.0,,,0.0,,,0.0
2025-10-08 05:00:00,,,,,,,1529.0,1529.0,,,0.0,,,0.0
2025-10-08 06:00:00,,,,,,,1533.0,1533.0,,,0.0,,,0.0
2025-10-08 07:00:00,,,,,,,1533.0,1533.0,,,0.0,,,0.0
2025-10-08 08:00:00,,,,,,,509.0,509.0,,,0.0,,,0.0
2025-10-08 09:00:00,,,,,,,509.0,509.0,0.308,0.0,1.0,1.1581,0.0,1.0
2025-10-08 10:00:00,,,,,,,509.0,509.0,,,0.0,,,0.0
2025-10-08 11:00:00,,,,,,,509.0,509.0,,,0.0,,,0.0
2025-10-08 12:00:00,,,,,,,509.0,509.0,,,0.0,,,0.0
2025-10-08 13:00:00,,,,,,,509.0,509.0,,,0.0,,,0.0
2025-10-08 14:00:00,,,,,,,509.0,509.0,,,0.0,,,0.0
2025-10-08 15:00:00,,,,,,,509.0,509.0,,,0.0,,,0.0
2025-10-08 16:00:00,,,,,,,509.0,509.0,0.4452,0.0,1.0,1.0863999,0.0,1.0
2025-10-08 17:00:00,,,,,,,1273.0,1273.0,,,0.0,,,0.0
2025-10-08 18:00:00,,,,,,,1273.0,1273.0,,,0.0,,,0.0
2025-10-08 19:00:00,,,,,,,1273.0,1273.0,,,0.0,,,0.0
2025-10-08 20:00:00,,,,,,,1273.0,1273.0,,,0.0,,,0.0
2025-10-08 21:00:00,,,,,,,1273.0,1273.0,,,0.0,,,0.0
2025-10-08 22:00:00,,,,,,,1273.0,1273.0,,,0.0,,,0.0
2025-10-08 23:00:00,,,,,,,1273.0,1273.0,,,0.0,,,0.0
2025-10-09 00:00:00,,,,,,,1273.0,1273.0,,,0.0,,,0.0
2025-10-09 01:00:00,,,,,,,1273.0,1273.0,,,0.0,,,0.0
2025-10-09 02:00:00,,,,,,,1273.0,1273.0,,,0.0,,,0.0
2025-10-09 03:00:00,,,,,,,1273.0,1273.0,,,0.0,,,0.0
2025-10-09 04:00:00,,,,,,,1273.0,1273.0,,,0.0,,,0.0
2025-10-09 05:00:00,,,,,,,1273.0,1273.0,,,0.0,,,0.0
2025-10-09 06:00:00,,,,,,,1529.0,1529.0,,,0.0,,,0.0
2025-10-09 07:00:00,,,,,,,1533.0,1533.0,,,0.0,,,0.0
2025-10-09 08:00:00,,,,,,,509.0,509.0,,,0.0,,,0.0
2025-10-09 09:00:00,,,,,,,249.0,248.0,1.2179999,0.3162,2.0,0.6560999,0.1293,2.0
2025-10-09 10:00:00,,,,,,,249.0,248.0,0.3902,0.12239999,5.0,1.1709,0.067499995,5.0
2025-10-09 11:00:00,,,,,,,509.0,509.0,,,0.0,,,0.0
2025-10-09 12:00:00,,,,,,,509.0,509.0,,,0.0,,,0.0
2025-10-09 13:00:00,,,,,,,509.0,509.0,,,0.0,,,0.0
2025-10-09 14:00:00,,,,,,,509.0,509.0,,,0.0,,,0.0
2025-10-09 15:00:00,,,,,,,509.0,509.0,,,0.0,,,0.0
2025-10-09 16:00:00,,,,,,,509.0,509.0,,,0.0,,,0.0
2025-10-09 17:00:00,,,,,,,1273.0,1273.0,,,0.0,,,0.0
2025-10-09 18:00:00,,,,,,,1273.0,1273.0,,,0.0,,,0.0
2025-10-09 19:00:00,,,,,,,1273.0,1273.0,,,0.0,,,0.0
2025-10-09 20:00:00,,,,,,,1273.0,1273.0,,,0.0,,,0.0
2025-10-09 21:00:00,,,,,,,1273.0,1273.0,,,0.0,,,0.0
2025-10-09 22:00:00,,,,,,,1273.0,1273.0,,,0.0,,,0.0
2025-10-09 23:00:00,,,,,,,1273.0,1273.0,,,0.0,,,0.0
2025-10-10 00:00:00,,,,,,,1273.0,1273.0,,,0.0,,,0.0
2025-10-10 01:00:00,,,,,,,1273.0,1273.0,,,0.0,,,0.0
2025-10-10 02:00:00,,,,,,,1529.0,1529.0,,,0.0,,,0.0
2025-10-10 03:00:00,,,,,,,1273.0,1273.0,,,0.0,,,0.0
2025-10-10 04:00:00,,,,,,,1273.0,1273.0,,,0.0,,,0.0
2025-10-10 05:00:00,,,,,,,1273.0,1273.0,,,0.0,,,0.0
2025-10-10 06:00:00,,,,,,,1273.0,1273.0,,,0.0,,,0.0
2025-10-10 07:00:00,,,,,,,1533.0,1533.0,,,0.0,,,0.0
2025-10-10 08:00:00,,,,,,,509.0,509.0,,,0.0,,,0.0
2025-10-10 09:00:00,,,,,,,509.0,509.0,,,0.0,,,0.0
2025-10-10 10:00:00,,,,,,,509.0,509.0,,,0.0,,,0.0
2025-10-10 11:00:00,,,,,,,509.0,509.0,,,0.0,,,0.0
2025-10-10 12:00:00,,,,,,,509.0,509.0,,,0.0,,,0.0
2025-10-10 13:00:00,,,,,,,509.0,509.0,,,0.0,,,0.0
2025-10-10 14:00:00,,,,,,,509.0,509.0,,,0.0,,,0.0
2025-10-10 15:00:00,,,,,,,249.0,249.0,0.6692,0.063,2.0,1.2363,0.08379996,2.0
2025-10-10 16:00:00,,,,,,,249.0,248.0,0.2838,0.0,1.0,1.0746,0.0,1.0
2025-10-10 17:00:00,,,,,,,1529.0,1529.0,,,0.0,,,0.0
2025-10-10 18:00:00,,,,,,,1273.0,1273.0,,,0.0,,,0.0
2025-10-10 19:00:00,,,,,,,1273.0,1273.0,,,0.0,,,0.0
2025-10-10 20:00:00,,,,,,,1273.0,1273.0,,,0.0,,,0.0
2025-10-10 21:00:00,,,,,,,1273.0,1273.0,,,0.0,,,0.0
2025-10-10 22:00:00,,,,,,,1273.0,1273.0,,,0.0,,,0.0
2025-10-10 23:00:00,,,,,,,1273.0,1273.0,,,0.0,,,0.0
2025-10-11 00:00:00,,,,,,,1529.0,1529.0,,,0.0,,,0.0
2025-10-11 01:00:00,,,,,,,1273.0,1273.0,,,0.0,,,0.0
2025-10-11 02:00:00,,,,,,,1529.0,1529.0,,,0.0,,,0.0
2025-10-11 03:00:00,,,,,,,1273.0,1273.0,,,0.0,,,0.0
2025-10-11 04:00:00,,,,,,,1273.0,1273.0,,,0.0,,,0.0
2025-10-11 05:00:00,,,,,,,1533.0,1533.0,,,0.0,,,0.0
2025-10-11 06:00:00,,,,,,,1533.0,1533.0,,,0.0,,,0.0
2025-10-11 07:00:00,,,,,,,1529.0,1529.0,,,0.0,,,0.0
2025-10-11 08:00:00,,,,,,,509.0,509.0,,,0.0,,,0.0
2025-10-11 09:00:00,,,,,,,509.0,509.0,,,0.0,,,0.0
2025-10-11 10:00:00,,,,,,,509.0,509.0,,,0.0,,,0.0
2025-10-11 11:00:00,,,,,,,509.0,509.0,,,0.0,,,0.0
2025-10-11 12:00:00,,,,,,,509.0,509.0,,,0.0,,,0.0
2025-10-11 13:00:00,,,,,,,509.0,509.0,,,0.0,,,0.0
2025-10-11 14:00:00,,,,,,,509.0,509.0,,,0.0,,,0.0
2025-10-11 15:00:00,,,,,,,509.0,509.0,,,0.0,,,0.0
2025-10-11 16:00:00,,,,,,,509.0,509.0,,,0.0,,,0.0
2025-10-11 17:00:00,,,,,,,1533.0,1533.0,,,0.0,,,0.0
2025-10-11 18:00:00,,,,,,,1533.0,1533.0,,,0.0,,,0.0
2025-10-11 19:00:00,,,,,,,1533.0,1533.0,,,0.0,,,0.0
2025-10-11 20:00:00,,,,,,,1533.0,1533.0,,,0.0,,,0.0
2025-10-11 21:00:00,,,,,,,1533.0,1533.0,,,0.0,,,0.0
2025-10-11 22:00:00,,,,,,,1533.0,1533.0,,,0.0,,,0.0
2025-10-11 23:00:00,,,,,,,1529.0,1529.0,,,0.0,,,0.0
2025-10-12 18:00:00,,,,,,,1273.0,1273.0,,,0.0,,,0.0
2025-10-12 19:00:00,,,,,,,1273.0,1273.0,,,0.0,,,0.0
2025-10-12 20:00:00,,,,,,,1273.0,1273.0,,,0.0,,,0.0
2025-10-12 21:00:00,,,,,,,1273.0,1273.0,,,0.0,,,0.0
2025-10-12 22:00:00,,,,,,,1273.0,1273.0,,,0.0,,,0.0
2025-10-12 23:00:00,,,,,,,1533.0,1533.0,,,0.0,,,0.0
2025-10-13 00:00:00,,,,,,,1533.0,1533.0,,,0.0,,,0.0
2025-10-13 01:00:00,,,,,,,1533.0,1533.0,,,0.0,,,0.0
2025-10-13 02:00:00,,,,,,,1529.0,1529.0,,,0.0,,,0.0
2025-10-13 03:00:00,,,,,,,1529.0,1529.0,,,0.0,,,0.0
2025-10-13 04:00:00,,,,,,,1273.0,1273.0,,,0.0,,,0.0
2025-10-13 05:00:00,,,,,,,1273.0,1273.0,,,0.0,,,0.0
2025-10-13 06:00:00,,,,,,,1273.0,1273.0,,,0.0,,,0.0
2025-10-13 07:00:00,,,,,,,1273.0,1273.0,,,0.0,,,0.0
2025-10-13 08:00:00,,,,,,,509.0,509.0,0.5166,0.0,1.0,1.0884,0.0,1.0
2025-10-13 09:00:00,,,,,,,509.0,509.0,,,0.0,,,0.0
2025-10-13 10:00:00,,,,,,,509.0,509.0,,,0.0,,,0.0
2025-10-13 11:00:00,,,,,,,509.0,509.0,,,0.0,,,0.0
2025-10-13 12:00:00,,,,,,,509.0,509.0,,,0.0,,,0.0
2025-10-13 13:00:00,,,,,,,509.0,509.0,,,0.0,,,0.0
2025-10-13 14:00:00,,,,,,,509.0,509.0,,,0.0,,,0.0
2025-10-13 15:00:00,,,,,,,509.0,509.0,,,0.0,,,0.0
2025-10-13 16:00:00,,,,,,,1533.0,1533.0,,,0.0,,,0.0
2025-10-13 17:00:00,,,,,,,1533.0,1533.0,,,0.0,,,0.0
2025-10-13 18:00:00,,,,,,,1533.0,1533.0,,,0.0,,,0.0
2025-10-13 19:00:00,,,,,,,1533.0,1533.0,,,0.0,,,0.0
2025-10-13 20:00:00,,,,,,,1529.0,1529.0,,,0.0,,,0.0
2025-10-13 21:00:00,,,,,,,1533.0,1533.0,,,0.0,,,0.0
2025-10-13 22:00:00,,,,,,,1529.0,1529.0,,,0.0,,,0.0
2025-10-13 23:00:00,,,,,,,1529.0,1529.0,,,0.0,,,0.0
2025-10-14 00:00:00,,,,,,,1533.0,1533.0,,,0.0,,,0.0
2025-10-14 01:00:00,,,,,,,1533.0,1533.0,,,0.0,,,0.0
2025-10-14 02:00:00,,,,,,,1529.0,1529.0,,,0.0,,,0.0
2025-10-14 03:00:00,,,,,,,1529.0,1529.0,,,0.0,,,0.0
2025-10-14 04:00:00,,,,,,,1533.0,1533.0,,,0.0,,,0.0
2025-10-14 05:00:00,,,,,,,1533.0,1533.0,,,0.0,,,0.0
2025-10-14 06:00:00,,,,,,,1533.0,1533.0,,,0.0,,,0.0
2025-10-14 07:00:00,,,,,,,1533.0,1533.0,,,0.0,,,0.0
2025-10-14 08:00:00,,,,,,,509.0,509.0,,,0.0,,,0.0
2025-10-14 09:00:00,,,,,,,509.0,509.0,,,0.0,,,0.0
2025-10-14 10:00:00,,,,,,,509.0,509.0,,,0.0,,,0.0
2025-10-14 11:00:00,,,,,,,509.0,509.0,,,0.0,,,0.0
2025-10-14 12:00:00,,,,,,,509.0,509.0,,,0.0,,,0.0
2025-10-14 13:00:00,,,,,,,509.0,509.0,,,0.0,,,0.0
2025-10-14 14:00:00,,,,,,,509.0,509.0,,,0.0,,,0.0
2025-10-14 15:00:00,,,,,,,509.0,509.0,,,0.0,,,0.0
2025-10-14 16:00:00,,,,,,,1533.0,1533.0,,,0.0,,,0.0
2025-10-14 17:00:00,,,,,,,1533.0,1533.0,,,0.0,,,0.0
2025-10-14 18:00:00,,,,,,,1533.0,1533.0,,,0.0,,,0.0
2025-10-14 19:00:00,,,,,,,1533.0,1533.0,,,0.0,,,0.0
2025-10-14 20:00:00,,,,,,,1529.0,1529.0,,,0.0,,,0.0
2025-10-14 21:00:00,,,,,,,1533.0,1533.0,,,0.0,,,0.0
2025-10-14 22:00:00,,,,,,,1529.0,1529.0,,,0.0,,,0.0
2025-10-14 23:00:00,,,,,,,1273.0,1273.0,,,0.0,,,0.0
2025-10-15 00:00:00,,,,,,,1533.0,1533.0,,,0.0,,,0.0
2025-10-15 01:00:00,,,,,,,1533.0,1533.0,,,0.0,,,0.0
2025-10-15 02:00:00,,,,,,,1533.0,1533.0,,,0.0,,,0.0
2025-10-15 03:00:00,,,,,,,1533.0,1533.0,,,0.0,,,0.0
2025-10-15 04:00:00,,,,,,,1533.0,1533.0,,,0.0,,,0.0
2025-10-15 05:00:00,,,,,,,1533.0,1533.0,,,0.0,,,0.0
2025-10-15 06:00:00,,,,,,,1533.0,1533.0,,,0.0,,,0.0
2025-10-15 07:00:00,,,,,,,1533.0,1533.0,,,0.0,,,0.0
2025-10-15 08:00:00,,,,,,,509.0,509.0,,,0.0,,,0.0
2025-10-15 09:00:00,,,,,,,509.0,509.0,,,0.0,,,0.0
2025-10-15 10:00:00,,,,,,,509.0,509.0,,,0.0,,,0.0
2025-10-15 11:00:00,,,,,,,509.0,509.0,,,0.0,,,0.0
2025-10-15 12:00:00,,,,,,,509.0,509.0,,,0.0,,,0.0
2025-10-15 13:00:00,,,,,,,509.0,509.0,,,0.0,,,0.0
2025-10-15 14:00:00,,,,,,,509.0,509.0,,,0.0,,,0.0
2025-10-15 15:00:00,,,,,,,509.0,509.0,,,0.0,,,0.0
2025-10-15 16:00:00,,,,,,,1533.0,1533.0,,,0.0,,,0.0
2025-10-15 17:00:00,,,,,,,1533.0,1533.0,,,0.0,,,0.0
2025-10-15 18:00:00,,,,,,,1533.0,1533.0,,,0.0,,,0.0
2025-10-15 19:00:00,,,,,,,1533.0,1533.0,,,0.0,,,0.0
2025-10-15 20:00:00,,,,,,,1533.0,1533.0,,,0.0,,,0.0
2025-10-15 21:00:00,,,,,,,1533.0,1533.0,,,0.0,,,0.0
2025-10-15 22:00:00,,,,,,,1529.0,1529.0,,,0.0,,,0.0
2025-10-15 23:00:00,,,,,,,1273.0,1273.0,,,0.0,,,0.0
2025-10-16 00:00:00,,,,,,,1273.0,1273.0,,,0.0,,,0.0
2025-10-16 01:00:00,,,,,,,1529.0,1529.0,,,0.0,,,0.0
2025-10-16 02:00:00,,,,,,,1529.0,1529.0,,,0.0,,,0.0
2025-10-16 03:00:00,,,,,,,1533.0,1533.0,,,0.0,,,0.0
2025-10-16 04:00:00,,,,,,,1533.0,1533.0,,,0.0,,,0.0
2025-10-16 05:00:00,,,,,,,1533.0,1533.0,,,0.0,,,0.0
2025-10-16 06:00:00,,,,,,,1533.0,1533.0,,,0.0,,,0.0
2025-10-16 07:00:00,,,,,,,1533.0,1533.0,,,0.0,,,0.0
2025-10-16 08:00:00,,,,,,,509.0,509.0,,,0.0,,,0.0
2025-10-16 09:00:00,,,,,,,509.0,509.0,,,0.0,,,0.0
2025-10-16 10:00:00,,,,,,,2553.0,2552.0,0.267,0.0078,2.0,0.8995,0.093299985,2.0
2025-10-16 11:00:00,,,,,,,509.0,509.0,,,0.0,,,0.0
2025-10-16 12:00:00,,,,,,,509.0,509.0,,,0.0,,,0.0
2025-10-16 13:00:00,,,,,,,509.0,509.0,,,0.0,,,0.0
2025-10-16 14:00:00,,,,,,,509.0,509.0,,,0.0,,,0.0
2025-10-16 15:00:00,,,,,,,509.0,509.0,,,0.0,,,0.0
2025-10-16 16:00:00,,,,,,,1533.0,1533.0,,,0.0,,,0.0
2025-10-16 17:00:00,,,,,,,1533.0,1533.0,,,0.0,,,0.0
2025-10-16 18:00:00,,,,,,,1533.0,1533.0,,,0.0,,,0.0
2025-10-16 19:00:00,,,,,,,1533.0,1533.0,,,0.0,,,0.0
2025-10-16 20:00:00,,,,,,,1533.0,1533.0,,,0.0,,,0.0
2025-10-16 21:00:00,,,,,,,1273.0,1273.0,,,0.0,,,0.0
2025-10-16 22:00:00,,,,,,,1273.0,1273.0,,,0.0,,,0.0
2025-10-16 23:00:00,,,,,,,1273.0,1273.0,,,0.0,,,0.0
2025-10-17 00:00:00,,,,,,,1273.0,1273.0,,,0.0,,,0.0
2025-10-17 01:00:00,,,,,,,1273.0,1273.0,,,0.0,,,0.0
2025-10-17 02:00:00,,,,,,,1273.0,1273.0,,,0.0,,,0.0
2025-10-17 03:00:00,,,,,,,1273.0,1273.0,,,0.0,,,0.0
2025-10-17 04:00:00,,,,,,,1273.0,1273.0,,,0.0,,,0.0
2025-10-17 05:00:00,,,,,,,1529.0,1529.0,,,0.0,,,0.0
2025-10-17 06:00:00,,,,,,,1273.0,1273.0,,,0.0,,,0.0
2025-10-17 07:00:00,,,,,,,1533.0,1533.0,,,0.0,,,0.0
2025-10-17 08:00:00,,,,,,,509.0,509.0,,,0.0,,,0.0
2025-10-17 09:00:00,,,,,,,505.0,504.0,0.3268,0.19919999,6.0,1.1856999,0.16839999,6.0
2025-10-17 10:00:00,,,,,,,509.0,509.0,0.1848,0.006,2.0,0.96659994,0.038599968,2.0
2025-10-17 11:00:00,,,,,,,509.0,509.0,,,0.0,,,0.0
2025-10-17 12:00:00,,,,,,,509.0,509.0,,,0.0,,,0.0
2025-10-17 13:00:00,,,,,,,509.0,509.0,,,0.0,,,0.0
2025-10-17 14:00:00,,,,,,,509.0,509.0,,,0.0,,,0.0
2025-10-17 15:00:00,,,,,,,509.0,509.0,0.4958,0.1182,2.0,1.1790999,0.17399997,2.0
2025-10-17 16:00:00,,,,,,,1533.0,1533.0,,,0.0,,,0.0
2025-10-17 17:00:00,,,,,,,1273.0,1273.0,,,0.0,,,0.0
2025-10-17 18:00:00,,,,,,,1273.0,1273.0,,,0.0,,,0.0
2025-10-17 19:00:00,,,,,,,1273.0,1273.0,,,0.0,,,0.0
2025-10-17 20:00:00,,,,,,,1273.0,1273.0,,,0.0,,,0.0
2025-10-17 21:00:00,,,,,,,1273.0,1273.0,,,0.0,,,0.0
2025-10-17 22:00:00,,,,,,,1273.0,1273.0,,,0.0,,,0.0
2025-10-17 23:00:00,,,,,,,1273.0,1273.0,,,0.0,,,0.0
2025-10-18 00:00:00,,,,,,,1273.0,1273.0,,,0.0,,,0.0
2025-10-18 01:00:00,,,,,,,1273.0,1273.0,,,0.0,,,0.0
2025-10-18 02:00:00,,,,,,,1273.0,1273.0,,,0.0,,,0.0
2025-10-18 03:00:00,,,,,,,1529.0,1529.0,,,0.0,,,0.0
2025-10-18 04:00:00,,,,,,,1273.0,1273.0,,,0.0,,,0.0
2025-10-18 05:00:00,,,,,,,1273.0,1273.0,,,0.0,,,0.0
2025-10-18 06:00:00,,,,,,,1273.0,1273.0,,,0.0,,,0.0
2025-10-18 07:00:00,,,,,,,1533.0,1533.0,,,0.0,,,0.0
2025-10-18 08:00:00,,,,,,,2297.0,2296.0,0.47059998,0.19,2.0,1.0474,0.19330001,2.0
2025-10-18 09:00:00,,,,,,,249.0,248.0,0.2538,0.0326,6.0,1.0928999,0.074199975,6.0
2025-10-18 10:00:00,,,,,,,505.0,504.0,0.3256,0.1978,5.0,0.9333,0.1943,5.0
2025-10-18 11:00:00,,,,,,,509.0,509.0,,,0.0,,,0.0
2025-10-18 12:00:00,,,,,,,509.0,509.0,,,0.0,,,0.0
2025-10-18 13:00:00,,,,,,,509.0,509.0,,,0.0,,,0.0
2025-10-18 14:00:00,,,,,,,509.0,509.0,0.2834,0.0,1.0,1.0173,0.0,1.0
2025-10-18 15:00:00,,,,,,,505.0,505.0,0.2008,0.0,1.0,1.2587999,0.0,1.0
2025-10-18 16:00:00,,,,,,,1529.0,1529.0,,,0.0,,,0.0
2025-10-18 17:00:00,,,,,,,1529.0,1529.0,,,0.0,,,0.0
2025-10-18 18:00:00,,,,,,,1529.0,1529.0,,,0.0,,,0.0
2025-10-18 19:00:00,,,,,,,1273.0,1273.0,,,0.0,,,0.0
2025-10-18 20:00:00,,,,,,,1533.0,1533.0,,,0.0,,,0.0
2025-10-18 21:00:00,,,,,,,1533.0,1533.0,,,0.0,,,0.0
2025-10-18 22:00:00,,,,,,,1273.0,1273.0,,,0.0,,,0.0
2025-10-18 23:00:00,,,,,,,1533.0,1533.0,,,0.0,,,0.0
2025-10-19 00:00:00,,,,,,,1529.0,1529.0,,,0.0,,,0.0
2025-10-19 01:00:00,,,,,,,1273.0,1273.0,,,0.0,,,0.0
2025-10-19 02:00:00,,,,,,,1273.0,1273.0,,,0.0,,,0.0
2025-10-19 03:00:00,,,,,,,1533.0,1533.0,,,0.0,,,0.0
2025-10-19 04:00:00,,,,,,,1533.0,1533.0,,,0.0,,,0.0
2025-10-19 05:00:00,,,,,,,1529.0,1529.0,,,0.0,,,0.0
2025-10-19 06:00:00,,,,,,,1533.0,1533.0,,,0.0,,,0.0
2025-10-19 07:00:00,,,,,,,1529.0,1529.0,,,0.0,,,0.0
2025-10-19 08:00:00,,,,,,,2553.0,2552.0,0.7646,0.13759999,4.0,1.0446999,0.1688,4.0
2025-10-19 09:00:00,,,,,,,509.0,509.0,,,0.0,,,0.0
2025-10-19 10:00:00,,,,,,,509.0,509.0,1.6472,0.0,1.0,1.2728,0.0,1.0
2025-10-19 11:00:00,,,,,,,509.0,509.0,0.6314,0.1196,2.0,1.4288,0.045099974,2.0
2025-10-19 12:00:00,,,,,,,509.0,509.0,,,0.0,,,0.0
2025-10-19 13:00:00,,,,,,,509.0,509.0,,,0.0,,,0.0
2025-10-19 14:00:00,,,,,,,509.0,509.0,,,0.0,,,0.0
2025-10-19 15:00:00,,,,,,,509.0,509.0,,,0.0,,,0.0
2025-10-19 16:00:00,,,,,,,1533.0,1533.0,,,0.0,,,0.0
2025-10-19 17:00:00,,,,,,,1533.0,1533.0,,,0.0,,,0.0
2025-10-19 18:00:00,,,,,,,1533.0,1533.0,,,0.0,,,0.0
2025-10-19 19:00:00,,,,,,,1533.0,1533.0,,,0.0,,,0.0
2025-10-19 20:00:00,,,,,,,1529.0,1529.0,,,0.0,,,0.0
2025-10-19 21:00:00,,,,,,,1533.0,1533.0,,,0.0,,,0.0
2025-10-19 22:00:00,,,,,,,1533.0,1533.0,,,0.0,,,0.0
2025-10-19 23:00:00,,,,,,,1533.0,1533.0,,,0.0,,,0.0
2025-10-20 00:00:00,,,,,,,1533.0,1533.0,,,0.0,,,0.0
2025-10-20 01:00:00,,,,,,,1273.0,1273.0,,,0.0,,,0.0
2025-10-20 02:00:00,,,,,,,1529.0,1529.0,,,0.0,,,0.0
2025-10-20 03:00:00,,,,,,,1273.0,1273.0,,,0.0,,,0.0
2025-10-20 04:00:00,,,,,,,1273.0,1273.0,,,0.0,,,0.0
2025-10-20 05:00:00,,,,,,,1529.0,1529.0,,,0.0,,,0.0
2025-10-20 06:00:00,,,,,,,1529.0,1529.0,,,0.0,,,0.0
2025-10-20 07:00:00,,,,,,,1533.0,1533.0,,,0.0,,,0.0
2025-10-20 08:00:00,,,,,,,505.0,505.0,0.8358,0.0,1.0,0.9031,0.0,1.0
2025-10-20 09:00:00,,,,,,,505.0,504.0,0.1786,0.0572,2.0,1.1129,0.08029997,2.0
2025-10-20 10:00:00,,,,,,,505.0,504.0,0.2174,0.0668,6.0,1.1150999,0.076299965,6.0
2025-10-20 11:00:00,,,,,,,509.0,509.0,0.2556,0.0,1.0,1.0582,0.0,1.0
2025-10-20 12:00:00,,,,,,,509.0,509.0,,,0.0,,,0.0
2025-10-20 13:00:00,,,,,,,509.0,509.0,,,0.0,,,0.0
2025-10-20 14:00:00,,,,,,,509.0,509.0,,,0.0,,,0.0
2025-10-20 15:00:00,,,,,,,509.0,509.0,,,0.0,,,0.0
2025-10-20 16:00:00,,,,,,,1533.0,1533.0,,,0.0,,,0.0
2025-10-20 17:00:00,,,,,,,1273.0,1273.0,,,0.0,,,0.0
2025-10-20 18:00:00,,,,,,,1273.0,1273.0,,,0.0,,,0.0
2025-10-20 19:00:00,,,,,,,1273.0,1273.0,,,0.0,,,0.0
2025-10-20 20:00:00,,,,,,,1273.0,1273.0,,,0.0,,,0.0
2025-10-20 21:00:00,,,,,,,1273.0,1273.0,,,0.0,,,0.0
2025-10-20 22:00:00,,,,,,,1273.0,1273.0,,,0.0,,,0.0
2025-10-20 23:00:00,,,,,,,1273.0,1273.0,,,0.0,,,0.0
2025-10-21 00:00:00,,,,,,,1273.0,1273.0,,,0.0,,,0.0
2025-10-21 01:00:00,,,,,,,1273.0,1273.0,,,0.0,,,0.0
2025-10-21 02:00:00,,,,,,,1273.0,1273.0,,,0.0,,,0.0
2025-10-21 03:00:00,,,,,,,1273.0,1273.0,,,0.0,,,0.0
2025-10-21 04:00:00,,,,,,,1273.0,1273.0,,,0.0,,,0.0
2025-10-21 05:00:00,,,,,,,1273.0,1273.0,,,0.0,,,0.0
2025-10-21 06:00:00,,,,,,,1533.0,1533.0,,,0.0,,,0.0
2025-10-21 07:00:00,,,,,,,1533.0,1533.0,,,0.0,,,0.0
2025-10-21 08:00:00,,,,,,,505.0,504.0,0.5798,0.3628,3.0,0.9685,0.13159996,3.0
2025-10-21 09:00:00,,,,,,,505.0,504.0,0.063,0.038,6.0,1.1511999,0.037199974,6.0
2025-10-21 10:00:00,,,,,,,509.0,509.0,0.13759999,0.011,4.0,1.0891,0.01819998,4.0
2025-10-21 11:00:00,,,,,,,509.0,509.0,,,0.0,,,0.0
2025-10-21 12:00:00,,,,,,,509.0,509.0,,,0.0,,,0.0
2025-10-21 13:00:00,,,,,,,509.0,509.0,,,0.0,,,0.0
2025-10-21 14:00:00,,,,,,,509.0,509.0,,,0.0,,,0.0
2025-10-21 15:00:00,,,,,,,509.0,509.0,,,0.0,,,0.0
2025-10-21 16:00:00,,,,,,,1533.0,1533.0,,,0.0,,,0.0
2025-10-21 17:00:00,,,,,,,1529.0,1529.0,,,0.0,,,0.0
2025-10-21 18:00:00,,,,,,,1273.0,1273.0,,,0.0,,,0.0
2025-10-21 19:00:00,,,,,,,1533.0,1533.0,,,0.0,,,0.0
2025-10-21 20:00:00,,,,,,,1529.0,1529.0,,,0.0,,,0.0
2025-10-21 21:00:00,,,,,,,1529.0,1529.0,,,0.0,,,0.0
2025-10-21 22:00:00,,,,,,,1533.0,1533.0,,,0.0,,,0.0
2025-10-21 23:00:00,,,,,,,1529.0,1529.0,,,0.0,,,0.0
2025-10-22 00:00:00,,,,,,,1273.0,1273.0,,,0.0,,,0.0
2025-10-22 01:00:00,,,,,,,1273.0,1273.0,,,0.0,,,0.0
2025-10-22 02:00:00,,,,,,,1533.0,1533.0,,,0.0,,,0.0
2025-10-22 03:00:00,,,,,,,1533.0,1533.0,,,0.0,,,0.0
2025-10-22 04:00:00,,,,,,,1529.0,1529.0,,,0.0,,,0.0
2025-10-22 05:00:00,,,,,,,1529.0,1529.0,,,0.0,,,0.0
2025-10-22 06:00:00,,,,,,,1529.0,1529.0,,,0.0,,,0.0
2025-10-22 07:00:00,,,,,,,1533.0,1533.0,,,0.0,,,0.0
2025-10-22 08:00:00,,,,,,,509.0,509.0,,,0.0,,,0.0
2025-10-22 09:00:00,,,,,,,509.0,509.0,,,0.0,,,0.0
2025-10-22 10:00:00,,,,,,,509.0,509.0,,,0.0,,,0.0
2025-10-22 11:00:00,,,,,,,509.0,509.0,,,0.0,,,0.0
2025-10-22 12:00:00,,,,,,,509.0,509.0,,,0.0,,,0.0
2025-10-22 13:00:00,,,,,,,509.0,509.0,,,0.0,,,0.0
2025-10-22 14:00:00,,,,,,,509.0,509.0,,,0.0,,,0.0
2025-10-22 15:00:00,,,,,,,509.0,509.0,,,0.0,,,0.0
2025-10-22 16:00:00,,,,,,,1533.0,1533.0,,,0.0,,,0.0
2025-10-22 17:00:00,,,,,,,1533.0,1533.0,,,0.0,,,0.0
2025-10-22 18:00:00,,,,,,,1533.0,1533.0,,,0.0,,,0.0
2025-10-22 19:00:00,,,,,,,1533.0,1533.0,,,0.0,,,0.0
2025-10-22 20:00:00,,,,,,,1529.0,1529.0,,,0.0,,,0.0
2025-10-22 21:00:00,,,,,,,1533.0,1533.0,,,0.0,,,0.0
2025-10-22 22:00:00,,,,,,,1533.0,1533.0,,,0.0,,,0.0
2025-10-22 23:00:00,,,,,,,1529.0,1529.0,,,0.0,,,0.0
2025-10-23 00:00:00,,,,,,,1529.0,1529.0,,,0.0,,,0.0
2025-10-23 01:00:00,,,,,,,1533.0,1533.0,,,0.0,,,0.0
2025-10-23 02:00:00,,,,,,,1533.0,1533.0,,,0.0,,,0.0
2025-10-23 03:00:00,,,,,,,1529.0,1529.0,,,0.0,,,0.0
2025-10-23 04:00:00,,,,,,,1533.0,1533.0,,,0.0,,,0.0
2025-10-23 05:00:00,,,,,,,1529.0,1529.0,,,0.0,,,0.0
2025-10-23 06:00:00,,,,,,,1529.0,1529.0,,,0.0,,,0.0
2025-10-23 07:00:00,,,,,,,1533.0,1533.0,,,0.0,,,0.0
2025-10-23 08:00:00,,,,,,,509.0,509.0,,,0.0,,,0.0
2025-10-23 09:00:00,,,,,,,509.0,509.0,,,0.0,,,0.0
2025-10-23 10:00:00,,,,,,,509.0,509.0,,,0.0,,,0.0
2025-10-23 11:00:00,,,,,,,509.0,509.0,,,0.0,,,0.0
2025-10-23 12:00:00,,,,,,,509.0,509.0,,,0.0,,,0.0
2025-10-23 13:00:00,,,,,,,509.0,509.0,,,0.0,,,0.0
2025-10-23 14:00:00,,,,,,,509.0,509.0,,,0.0,,,0.0
2025-10-23 15:00:00,,,,,,,509.0,509.0,,,0.0,,,0.0
2025-10-23 16:00:00,,,,,,,1533.0,1533.0,,,0.0,,,0.0
2025-10-23 17:00:00,,,,,,,1533.0,1533.0,,,0.0,,,0.0
2025-10-23 18:00:00,,,,,,,1533.0,1533.0,,,0.0,,,0.0
2025-10-23 19:00:00,,,,,,,1533.0,1533.0,,,0.0,,,0.0
2025-10-23 20:00:00,,,,,,,1533.0,1533.0,,,0.0,,,0.0
2025-10-23 21:00:00,,,,,,,1533.0,1533.0,,,0.0,,,0.0
2025-10-23 22:00:00,,,,,,,1533.0,1533.0,,,0.0,,,0.0
2025-10-23 23:00:00,,,,,,,1533.0,1533.0,,,0.0,,,0.0
2025-10-24 00:00:00,,,,,,,1533.0,1533.0,,,0.0,,,0.0
2025-10-24 01:00:00,,,,,,,1529.0,1529.0,,,0.0,,,0.0
2025-10-24 02:00:00,,,,,,,1529.0,1529.0,,,0.0,,,0.0
2025-10-24 03:00:00,,,,,,,1533.0,1533.0,,,0.0,,,0.0
2025-10-24 04:00:00,,,,,,,1529.0,1529.0,,,0.0,,,0.0
2025-10-24 05:00:00,,,,,,,1273.0,1273.0,,,0.0,,,0.0
2025-10-24 06:00:00,,,,,,,1529.0,1529.0,,,0.0,,,0.0
2025-10-24 07:00:00,,,,,,,1533.0,1533.0,,,0.0,,,0.0
2025-10-24 08:00:00,,,,,,,509.0,509.0,,,0.0,,,0.0
2025-10-24 09:00:00,,,,,,,509.0,509.0,,,0.0,,,0.0
2025-10-24 10:00:00,,,,,,,509.0,509.0,,,0.0,,,0.0
2025-10-24 11:00:00,,,,,,,509.0,509.0,,,0.0,,,0.0
2025-10-24 12:00:00,,,,,,,509.0,509.0,,,0.0,,,0.0
2025-10-24 13:00:00,,,,,,,509.0,509.0,,,0.0,,,0.0
2025-10-24 14:00:00,,,,,,,509.0,509.0,,,0.0,,,0.0
2025-10-24 15:00:00,,,,,,,509.0,509.0,,,0.0,,,0.0
2025-10-24 16:00:00,,,,,,,1533.0,1533.0,,,0.0,,,0.0
2025-10-24 17:00:00,,,,,,,1529.0,1529.0,,,0.0,,,0.0
2025-10-24 18:00:00,,,,,,,1529.0,1529.0,,,0.0,,,0.0
2025-10-24 19:00:00,,,,,,,1533.0,1533.0,,,0.0,,,0.0
2025-10-24 20:00:00,,,,,,,1529.0,1529.0,,,0.0,,,0.0
2025-10-24 21:00:00,,,,,,,1273.0,1273.0,,,0.0,,,0.0
2025-10-24 22:00:00,,,,,,,1273.0,1273.0,,,0.0,,,0.0
2025-10-24 23:00:00,,,,,,,1533.0,1533.0,,,0.0,,,0.0
2025-10-25 00:00:00,,,,,,,1273.0,1273.0,,,0.0,,,0.0
2025-10-25 01:00:00,,,,,,,1273.0,1273.0,,,0.0,,,0.0
2025-10-25 02:00:00,,,,,,,1533.0,1533.0,,,0.0,,,0.0
2025-10-25 03:00:00,,,,,,,1273.0,1273.0,,,0.0,,,0.0
2025-10-25 04:00:00,,,,,,,1529.0,1529.0,,,0.0,,,0.0
2025-10-25 05:00:00,,,,,,,1273.0,1273.0,,,0.0,,,0.0
2025-10-25 06:00:00,,,,,,,1273.0,1273.0,,,0.0,,,0.0
2025-10-25 07:00:00,,,,,,,1533.0,1533.0,,,0.0,,,0.0
2025-10-25 08:00:00,,,,,,,509.0,509.0,,,0.0,,,0.0
2025-10-25 09:00:00,,,,,,,509.0,509.0,,,0.0,,,0.0
2025-10-25 10:00:00,,,,,,,509.0,509.0,,,0.0,,,0.0
2025-10-25 11:00:00,,,,,,,509.0,509.0,,,0.0,,,0.0
2025-10-25 12:00:00,,,,,,,509.0,509.0,,,0.0,,,0.0
2025-10-25 13:00:00,,,,,,,509.0,509.0,,,0.0,,,0.0
2025-10-25 14:00:00,,,,,,,509.0,509.0,,,0.0,,,0.0
2025-10-25 15:00:00,,,,,,,509.0,509.0,,,0.0,,,0.0
2025-10-25 16:00:00,,,,,,,1533.0,1533.0,,,0.0,,,0.0
2025-10-25 17:00:00,,,,,,,1273.0,1273.0,,,0.0,,,0.0
2025-10-25 18:00:00,,,,,,,1273.0,1273.0,,,0.0,,,0.0
2025-10-25 19:00:00,,,,,,,1533.0,1533.0,,,0.0,,,0.0
2025-10-25 20:00:00,,,,,,,1529.0,1529.0,,,0.0,,,0.0
2025-10-25 21:00:00,,,,,,,1533.0,1533.0,,,0.0,,,0.0
2025-10-25 22:00:00,,,,,,,1533.0,1533.0,,,0.0,,,0.0
2025-10-25 23:00:00,,,,,,,1529.0,1529.0,,,0.0,,,0.0
2025-10-26 00:00:00,,,,,,,1529.0,1529.0,,,0.0,,,0.0
2025-10-26 01:00:00,,,,,,,1529.0,1529.0,,,0.0,,,0.0
2025-10-26 02:00:00,,,,,,,1533.0,1533.0,,,0.0,,,0.0
2025-10-26 03:00:00,,,,,,,1529.0,1529.0,,,0.0,,,0.0
2025-10-26 04:00:00,,,,,,,1533.0,1533.0,,,0.0,,,0.0
2025-10-26 05:00:00,,,,,,,1529.0,1529.0,,,0.0,,,0.0
2025-10-26 06:00:00,,,,,,,1529.0,1529.0,,,0.0,,,0.0
2025-10-26 07:00:00,,,,,,,1533.0,1533.0,,,0.0,,,0.0
2025-10-26 08:00:00,,,,,,,509.0,509.0,,,0.0,,,0.0
2025-10-26 09:00:00,,,,,,,505.0,504.0,1.2026,0.4782,3.0,1.0179,0.109399974,3.0
2025-10-26 10:00:00,,,,,,,509.0,509.0,1.8046,0.0,1.0,0.7903,0.0,1.0
2025-10-26 11:00:00,,,,,,,509.0,509.0,1.0912,0.42499998,4.0,0.962,0.11860001,4.0
2025-10-26 12:00:00,,,,,,,505.0,505.0,0.1696,0.0618,4.0,1.2098999,0.0013999939,4.0
2025-10-26 13:00:00,,,,,,,509.0,509.0,0.3752,0.0,1.0,0.9591,0.0,1.0
2025-10-26 14:00:00,,,,,,,509.0,509.0,,,0.0,,,0.0
2025-10-26 15:00:00,,,,,,,509.0,509.0,,,0.0,,,0.0
2025-10-26 16:00:00,,,,,,,1533.0,1533.0,,,0.0,,,0.0
2025-10-26 17:00:00,,,,,,,1533.0,1533.0,,,0.0,,,0.0
2025-10-26 18:00:00,,,,,,,1533.0,1533.0,,,0.0,,,0.0
2025-10-26 19:00:00,,,,,,,1273.0,1273.0,,,0.0,,,0.0
2025-10-26 20:00:00,,,,,,,1533.0,1533.0,,,0.0,,,0.0
2025-10-26 21:00:00,,,,,,,1533.0,1533.0,,,0.0,,,0.0
2025-10-26 22:00:00,,,,,,,1273.0,1273.0,,,0.0,,,0.0
2025-10-26 23:00:00,,,,,,,1273.0,1273.0,,,0.0,,,0.0
2025-10-27 00:00:00,,,,,,,1273.0,1273.0,,,0.0,,,0.0
2025-10-27 01:00:00,,,,,,,1273.0,1273.0,,,0.0,,,0.0
2025-10-27 02:00:00,,,,,,,1273.0,1273.0,,,0.0,,,0.0
2025-10-27 03:00:00,,,,,,,1529.0,1529.0,,,0.0,,,0.0
2025-10-27 04:00:00,,,,,,,1533.0,1533.0,,,0.0,,,0.0
2025-10-27 05:00:00,,,,,,,1533.0,1533.0,,,0.0,,,0.0
2025-10-27 06:00:00,,,,,,,1529.0,1529.0,,,0.0,,,0.0
2025-10-27 07:00:00,,,,,,,1533.0,1533.0,,,0.0,,,0.0
2025-10-27 08:00:00,,,,,,,509.0,509.0,,,0.0,,,0.0
2025-10-27 09:00:00,,,,,,,505.0,505.0,,,0.0,,,0.0
2025-10-27 10:00:00,,,,,,,509.0,509.0,,,0.0,,,0.0
2025-10-27 11:00:00,,,,,,,509.0,509.0,,,0.0,,,0.0
2025-10-27 12:00:00,,,,,,,509.0,509.0,,,0.0,,,0.0
2025-10-27 13:00:00,,,,,,,505.0,505.0,,,0.0,,,0.0
2025-10-27 14:00:00,,,,,,,509.0,509.0,1.8542,0.0,1.0,0.2259,0.0,1.0
2025-10-27 15:00:00,,,,,,,509.0,509.0,,,0.0,,,0.0
2025-10-27 16:00:00,,,,,,,1533.0,1533.0,,,0.0,,,0.0
2025-10-27 17:00:00,,,,,,,1273.0,1273.0,,,0.0,,,0.0
2025-10-27 18:00:00,,,,,,,1273.0,1273.0,,,0.0,,,0.0
2025-10-27 19:00:00,,,,,,,1273.0,1273.0,,,0.0,,,0.0
2025-10-27 20:00:00,,,,,,,1273.0,1273.0,,,0.0,,,0.0
2025-10-27 21:00:00,,,,,,,1533.0,1533.0,,,0.0,,,0.0
2025-10-27 22:00:00,,,,,,,1533.0,1533.0,,,0.0,,,0.0
2025-10-27 23:00:00,,,,,,,1533.0,1533.0,,,0.0,,,0.0
2025-10-28 00:00:00,,,,,,,1533.0,1533.0,,,0.0,,,0.0
2025-10-28 01:00:00,,,,,,,1529.0,1529.0,,,0.0,,,0.0
2025-10-28 02:00:00,,,,,,,1273.0,1273.0,,,0.0,,,0.0
2025-10-28 03:00:00,,,,,,,1273.0,1273.0,,,0.0,,,0.0
2025-10-28 04:00:00,,,,,,,1273.0,1273.0,,,0.0,,,0.0
2025-10-28 05:00:00,,,,,,,1273.0,1273.0,,,0.0,,,0.0
2025-10-28 06:00:00,,,,,,,1273.0,1273.0,,,0.0,,,0.0
2025-10-28 07:00:00,,,,,,,1533.0,1533.0,,,0.0,,,0.0
2025-10-28 08:00:00,,,,,,,509.0,509.0,1.306,0.0,1.0,0.9505,0.0,1.0
2025-10-28 09:00:00,,,,,,,509.0,509.0,,,0.0,,,0.0
2025-10-28 10:00:00,,,,,,,509.0,509.0,,,0.0,,,0.0
2025-10-28 11:00:00,,,,,,,505.0,504.0,1.3714,0.0,1.0,0.8499,0.0,1.0
2025-10-28 12:00:00,,,,,,,509.0,509.0,1.5208,0.0,1.0,0.7566,0.0,1.0
2025-10-28 13:00:00,,,,,,,509.0,509.0,,,0.0,,,0.0
2025-10-28 14:00:00,,,,,,,509.0,509.0,,,0.0,,,0.0
2025-10-28 15:00:00,,,,,,,249.0,249.0,0.23779999,0.049999997,4.0,1.1036999,0.01849997,4.0
2025-10-28 16:00:00,,,,,,,1273.0,1273.0,,,0.0,,,0.0
2025-10-28 17:00:00,,,,,,,1533.0,1533.0,,,0.0,,,0.0
2025-10-28 18:00:00,,,,,,,1273.0,1273.0,,,0.0,,,0.0
2025-10-28 19:00:00,,,,,,,1529.0,1529.0,,,0.0,,,0.0
2025-10-28 20:00:00,,,,,,,1529.0,1529.0,,,0.0,,,0.0
2025-10-28 21:00:00,,,,,,,1273.0,1273.0,,,0.0,,,0.0
2025-10-28 22:00:00,,,,,,,1273.0,1273.0,,,0.0,,,0.0
2025-10-28 23:00:00,,,,,,,1273.0,1273.0,,,0.0,,,0.0
2025-10-29 00:00:00,,,,,,,1533.0,1533.0,,,0.0,,,0.0
2025-10-29 01:00:00,,,,,,,1529.0,1529.0,,,0.0,,,0.0
2025-10-29 02:00:00,,,,,,,1273.0,1273.0,,,0.0,,,0.0
2025-10-29 03:00:00,,,,,,,1529.0,1529.0,,,0.0,,,0.0
2025-10-29 04:00:00,,,,,,,1529.0,1529.0,,,0.0,,,0.0
2025-10-29 05:00:00,,,,,,,1533.0,1533.0,,,0.0,,,0.0
2025-10-29 06:00:00,,,,,,,1273.0,1273.0,,,0.0,,,0.0
2025-10-29 07:00:00,,,,,,,1533.0,1533.0,,,0.0,,,0.0
2025-10-29 08:00:00,,,,,,,509.0,509.0,,,0.0,,,0.0
2025-10-29 09:00:00,,,,,,,509.0,509.0,,,0.0,,,0.0
2025-10-29 10:00:00,,,,,,,509.0,509.0,,,0.0,,,0.0
2025-10-29 11:00:00,,,,,,,509.0,509.0,,,0.0,,,0.0
2025-10-29 12:00:00,,,,,,,509.0,509.0,,,0.0,,,0.0
2025-10-29 13:00:00,,,,,,,509.0,509.0,,,0.0,,,0.0
2025-10-29 14:00:00,,,,,,,509.0,509.0,,,0.0,,,0.0
2025-10-29 15:00:00,,,,,,,509.0,509.0,,,0.0,,,0.0
2025-10-29 16:00:00,,,,,,,1533.0,1533.0,,,0.0,,,0.0
2025-10-29 17:00:00,,,,,,,1529.0,1529.0,,,0.0,,,0.0
2025-10-29 18:00:00,,,,,,,1273.0,1273.0,,,0.0,,,0.0
2025-10-29 19:00:00,,,,,,,1273.0,1273.0,,,0.0,,,0.0
2025-10-29 20:00:00,,,,,,,1273.0,1273.0,,,0.0,,,0.0
2025-10-29 21:00:00,,,,,,,1273.0,1273.0,,,0.0,,,0.0
2025-10-29 22:00:00,,,,,,,1529.0,1529.0,,,0.0,,,0.0
2025-10-29 23:00:00,,,,,,,1533.0,1533.0,,,0.0,,,0.0
2025-10-30 00:00:00,,,,,,,1273.0,1273.0,,,0.0,,,0.0
2025-10-30 01:00:00,,,,,,,1273.0,1273.0,,,0.0,,,0.0
2025-10-30 02:00:00,,,,,,,1529.0,1529.0,,,0.0,,,0.0
2025-10-30 03:00:00,,,,,,,1529.0,1529.0,,,0.0,,,0.0
2025-10-30 04:00:00,,,,,,,1533.0,1533.0,,,0.0,,,0.0
2025-10-30 05:00:00,,,,,,,1273.0,1273.0,,,0.0,,,0.0
2025-10-30 06:00:00,,,,,,,1273.0,1273.0,,,0.0,,,0.0
2025-10-30 07:00:00,,,,,,,1533.0,1533.0,,,0.0,,,0.0
2025-10-30 08:00:00,,,,,,,509.0,509.0,,,0.0,,,0.0
2025-10-30 09:00:00,,,,,,,509.0,509.0,,,0.0,,,0.0
2025-10-30 10:00:00,,,,,,,509.0,509.0,,,0.0,,,0.0
2025-10-30 11:00:00,,,,,,,509.0,509.0,,,0.0,,,0.0
2025-10-30 12:00:00,,,,,,,509.0,509.0,,,0.0,,,0.0
2025-10-30 13:00:00,,,,,,,509.0,509.0,,,0.0,,,0.0
2025-10-30 14:00:00,,,,,,,509.0,509.0,,,0.0,,,0.0
2025-10-30 15:00:00,,,,,,,509.0,509.0,,,0.0,,,0.0
2025-10-30 16:00:00,,,,,,,1533.0,1533.0,,,0.0,,,0.0
2025-10-30 17:00:00,,,,,,,1529.0,1529.0,,,0.0,,,0.0
2025-10-30 18:00:00,,,,,,,1533.0,1533.0,,,0.0,,,0.0
2025-10-30 19:00:00,,,,,,,1533.0,1533.0,,,0.0,,,0.0
2025-10-30 20:00:00,,,,,,,1529.0,1529.0,,,0.0,,,0.0
2025-10-30 21:00:00,,,,,,,1533.0,1533.0,,,0.0,,,0.0
2025-10-30 22:00:00,,,,,,,1533.0,1533.0,,,0.0,,,0.0
2025-10-30 23:00:00,,,,,,,1533.0,1533.0,,,0.0,,,0.0
2025-10-31 00:00:00,,,,,,,1533.0,1533.0,,,0.0,,,0.0
2025-10-31 01:00:00,,,,,,,1533.0,1533.0,,,0.0,,,0.0
2025-10-31 02:00:00,,,,,,,1533.0,1533.0,,,0.0,,,0.0
2025-10-31 03:00:00,,,,,,,1533.0,1533.0,,,0.0,,,0.0
2025-10-31 04:00:00,,,,,,,1273.0,1273.0,,,0.0,,,0.0
2025-10-31 05:00:00,,,,,,,1529.0,1529.0,,,0.0,,,0.0
2025-10-31 06:00:00,,,,,,,1529.0,1529.0,,,0.0,,,0.0
2025-10-31 07:00:00,,,,,,,1533.0,1533.0,,,0.0,,,0.0
2025-10-31 08:00:00,,,,,,,509.0,509.0,,,0.0,,,0.0
2025-10-31 09:00:00,,,,,,,509.0,509.0,,,0.0,,,0.0
2025-10-31 10:00:00,,,,,,,509.0,509.0,,,0.0,,,0.0
2025-10-31 11:00:00,,,,,,,509.0,509.0,,,0.0,,,0.0
2025-10-31 12:00:00,,,,,,,509.0,509.0,,,0.0,,,0.0
2025-10-31 13:00:00,,,,,,,509.0,509.0,,,0.0,,,0.0
2025-10-31 14:00:00,,,,,,,509.0,509.0,,,0.0,,,0.0
2025-10-31 15:00:00,,,,,,,509.0,509.0,,,0.0,,,0.0
2025-10-31 16:00:00,,,,,,,1533.0,1533.0,,,0.0,,,0.0
2025-10-31 17:00:00,,,,,,,1533.0,1533.0,,,0.0,,,0.0
2025-10-31 18:00:00,,,,,,,1533.0,1533.0,,,0.0,,,0.0
2025-10-31 19:00:00,,,,,,,1533.0,1533.0,,,0.0,,,0.0
2025-10-31 20:00:00,,,,,,,1529.0,1529.0,,,0.0,,,0.0
2025-10-31 21:00:00,,,,,,,1529.0,1529.0,,,0.0,,,0.0
2025-10-31 22:00:00,,,,,,,1533.0,1533.0,,,0.0,,,0.0
2025-10-31 23:00:00,,,,,,,1273.0,1273.0,,,0.0,,,0.0
2025-11-01 00:00:00,,,,,,,1273.0,1273.0,,,0.0,,,0.0
2025-11-01 01:00:00,,,,,,,1529.0,1529.0,,,0.0,,,0.0
2025-11-01 02:00:00,,,,,,,1533.0,1533.0,,,0.0,,,0.0
2025-11-01 03:00:00,,,,,,,1529.0,1529.0,,,0.0,,,0.0
2025-11-01 04:00:00,,,,,,,1529.0,1529.0,,,0.0,,,0.0
2025-11-01 05:00:00,,,,,,,1529.0,1529.0,,,0.0,,,0.0
2025-11-01 06:00:00,,,,,,,1529.0,1529.0,,,0.0,,,0.0
2025-11-01 07:00:00,,,,,,,1533.0,1533.0,,,0.0,,,0.0
2025-11-01 08:00:00,,,,,,,509.0,509.0,,,0.0,,,0.0
2025-11-01 09:00:00,,,,,,,509.0,509.0,,,0.0,,,0.0
2025-11-01 10:00:00,,,,,,,509.0,509.0,,,0.0,,,0.0
2025-11-01 11:00:00,,,,,,,509.0,509.0,,,0.0,,,0.0
2025-11-01 12:00:00,,,,,,,509.0,509.0,,,0.0,,,0.0
2025-11-01 13:00:00,,,,,,,509.0,509.0,,,0.0,,,0.0
2025-11-01 14:00:00,,,,,,,509.0,509.0,,,0.0,,,0.0
2025-11-01 15:00:00,,,,,,,509.0,509.0,,,0.0,,,0.0
2025-11-01 16:00:00,,,,,,,1533.0,1533.0,,,0.0,,,0.0
2025-11-01 17:00:00,,,,,,,1533.0,1533.0,,,0.0,,,0.0
2025-11-01 18:00:00,,,,,,,1273.0,1273.0,,,0.0,,,0.0
2025-11-01 19:00:00,,,,,,,1529.0,1529.0,,,0.0,,,0.0
2025-11-01 20:00:00,,,,,,,1533.0,1533.0,,,0.0,,,0.0
2025-11-01 21:00:00,,,,,,,1529.0,1529.0,,,0.0,,,0.0
2025-11-01 22:00:00,,,,,,,1529.0,1529.0,,,0.0,,,0.0
2025-11-01 23:00:00,,,,,,,1533.0,1533.0,,,0.0,,,0.0
2025-11-02 00:00:00,,,,,,,1529.0,1529.0,,,0.0,,,0.0
2025-11-02 01:00:00,,,,,,,1533.0,1533.0,,,0.0,,,0.0
2025-11-02 02:00:00,,,,,,,1529.0,1529.0,,,0.0,,,0.0
2025-11-02 03:00:00,,,,,,,1529.0,1529.0,,,0.0,,,0.0
2025-11-02 04:00:00,,,,,,,1529.0,1529.0,,,0.0,,,0.0
2025-11-02 05:00:00,,,,,,,1529.0,1529.0,,,0.0,,,0.0
2025-11-02 06:00:00,,,,,,,1533.0,1533.0,,,0.0,,,0.0
2025-11-02 07:00:00,,,,,,,1533.0,1533.0,,,0.0,,,0.0
2025-11-02 08:00:00,,,,,,,509.0,509.0,,,0.0,,,0.0
2025-11-02 09:00:00,,,,,,,509.0,509.0,,,0.0,,,0.0
2025-11-02 10:00:00,,,,,,,509.0,509.0,,,0.0,,,0.0
2025-11-02 11:00:00,,,,,,,509.0,509.0,,,0.0,,,0.0
2025-11-02 12:00:00,,,,,,,509.0,509.0,,,0.0,,,0.0
2025-11-02 13:00:00,,,,,,,509.0,509.0,,,0.0,,,0.0
2025-11-02 14:00:00,,,,,,,509.0,509.0,,,0.0,,,0.0
2025-11-02 15:00:00,,,,,,,509.0,509.0,,,0.0,,,0.0
2025-11-02 16:00:00,,,,,,,1533.0,1533.0,,,0.0,,,0.0
2025-11-02 17:00:00,,,,,,,1533.0,1533.0,,,0.0,,,0.0
2025-11-02 18:00:00,,,,,,,1533.0,1533.0,,,0.0,,,0.0
2025-11-02 19:00:00,,,,,,,1273.0,1273.0,,,0.0,,,0.0
2025-11-02 20:00:00,,,,,,,1273.0,1273.0,,,0.0,,,0.0
2025-11-02 21:00:00,,,,,,,1273.0,1273.0,,,0.0,,,0.0
2025-11-02 22:00:00,,,,,,,1273.0,1273.0,,,0.0,,,0.0
2025-11-02 23:00:00,,,,,,,1273.0,1273.0,,,0.0,,,0.0
2025-11-03 00:00:00,,,,,,,1529.0,1529.0,,,0.0,,,0.0
2025-11-03 01:00:00,,,,,,,1273.0,1273.0,,,0.0,,,0.0
2025-11-03 02:00:00,,,,,,,1529.0,1529.0,,,0.0,,,0.0
2025-11-03 03:00:00,,,,,,,1529.0,1529.0,,,0.0,,,0.0
2025-11-03 04:00:00,,,,,,,1529.0,1529.0,,,0.0,,,0.0
2025-11-03 05:00:00,,,,,,,1529.0,1529.0,,,0.0,,,0.0
2025-11-03 06:00:00,,,,,,,1529.0,1529.0,,,0.0,,,0.0
2025-11-03 07:00:00,,,,,,,1533.0,1533.0,,,0.0,,,0.0
2025-11-03 08:00:00,,,,,,,509.0,509.0,,,0.0,,,0.0
2025-11-03 09:00:00,,,,,,,509.0,509.0,,,0.0,,,0.0
2025-11-03 10:00:00,,,,,,,509.0,509.0,,,0.0,,,0.0
2025-11-03 11:00:00,,,,,,,509.0,509.0,,,0.0,,,0.0
2025-11-03 12:00:00,,,,,,,509.0,509.0,,,0.0,,,0.0
2025-11-03 13:00:00,,,,,,,509.0,509.0,,,0.0,,,0.0
2025-11-03 14:00:00,,,,,,,509.0,509.0,,,0.0,,,0.0
2025-11-03 15:00:00,,,,,,,509.0,509.0,,,0.0,,,0.0
2025-11-03 16:00:00,,,,,,,1533.0,1533.0,,,0.0,,,0.0
2025-11-03 17:00:00,,,,,,,1533.0,1533.0,,,0.0,,,0.0
2025-11-03 18:00:00,,,,,,,1529.0,1529.0,,,0.0,,,0.0
2025-11-03 19:00:00,,,,,,,1529.0,1529.0,,,0.0,,,0.0
2025-11-03 20:00:00,,,,,,,1533.0,1533.0,,,0.0,,,0.0
2025-11-03 21:00:00,,,,,,,1533.0,1533.0,,,0.0,,,0.0
2025-11-03 22:00:00,,,,,,,1529.0,1529.0,,,0.0,,,0.0
2025-11-03 23:00:00,,,,,,,1533.0,1533.0,,,0.0,,,0.0
2025-11-04 00:00:00,,,,,,,1529.0,1529.0,,,0.0,,,0.0
2025-11-04 01:00:00,,,,,,,1533.0,1533.0,,,0.0,,,0.0
2025-11-04 02:00:00,,,,,,,1533.0,1533.0,,,0.0,,,0.0
2025-11-04 03:00:00,,,,,,,1533.0,1533.0,,,0.0,,,0.0
2025-11-04 04:00:00,,,,,,,1533.0,1533.0,,,0.0,,,0.0
2025-11-04 05:00:00,,,,,,,1533.0,1533.0,,,0.0,,,0.0
2025-11-04 06:00:00,,,,,,,1533.0,1533.0,,,0.0,,,0.0
2025-11-04 07:00:00,,,,,,,1533.0,1533.0,,,0.0,,,0.0
2025-11-04 08:00:00,,,,,,,509.0,509.0,,,0.0,,,0.0
2025-11-04 09:00:00,,,,,,,509.0,509.0,,,0.0,,,0.0
2025-11-04 10:00:00,,,,,,,509.0,509.0,,,0.0,,,0.0
2025-11-04 11:00:00,,,,,,,509.0,509.0,,,0.0,,,0.0
2025-11-04 12:00:00,,,,,,,509.0,509.0,,,0.0,,,0.0
2025-11-04 13:00:00,,,,,,,509.0,509.0,,,0.0,,,0.0
2025-11-04 14:00:00,,,,,,,509.0,509.0,,,0.0,,,0.0
2025-11-04 15:00:00,,,,,,,509.0,509.0,,,0.0,,,0.0
2025-11-04 16:00:00,,,,,,,1533.0,1533.0,,,0.0,,,0.0
2025-11-04 17:00:00,,,,,,,1529.0,1529.0,,,0.0,,,0.0
2025-11-04 18:00:00,,,,,,,1529.0,1529.0,,,0.0,,,0.0
2025-11-04 19:00:00,,,,,,,1533.0,1533.0,,,0.0,,,0.0
2025-11-04 20:00:00,,,,,,,1273.0,1273.0,,,0.0,,,0.0
2025-11-04 21:00:00,,,,,,,1273.0,1273.0,,,0.0,,,0.0
2025-11-04 22:00:00,,,,,,,1529.0,1529.0,,,0.0,,,0.0
2025-11-04 23:00:00,,,,,,,1533.0,1533.0,,,0.0,,,0.0
2025-11-05 00:00:00,,,,,,,1273.0,1273.0,,,0.0,,,0.0
2025-11-05 01:00:00,,,,,,,1273.0,1273.0,,,0.0,,,0.0
2025-11-05 02:00:00,,,,,,,1529.0,1529.0,,,0.0,,,0.0
2025-11-05 03:00:00,,,,,,,1529.0,1529.0,,,0.0,,,0.0
2025-11-05 04:00:00,,,,,,,1529.0,1529.0,,,0.0,,,0.0
2025-11-05 05:00:00,,,,,,,1533.0,1533.0,,,0.0,,,0.0
2025-11-05 06:00:00,,,,,,,1533.0,1533.0,,,0.0,,,0.0
2025-11-05 07:00:00,,,,,,,1533.0,1533.0,,,0.0,,,0.0
2025-11-05 08:00:00,,,,,,,509.0,509.0,,,0.0,,,0.0
2025-11-05 09:00:00,,,,,,,509.0,509.0,,,0.0,,,0.0
2025-11-05 10:00:00,,,,,,,509.0,509.0,,,0.0,,,0.0
2025-11-05 11:00:00,,,,,,,509.0,509.0,,,0.0,,,0.0
2025-11-05 12:00:00,,,,,,,509.0,509.0,,,0.0,,,0.0
2025-11-05 13:00:00,,,,,,,509.0,509.0,,,0.0,,,0.0
2025-11-05 14:00:00,,,,,,,509.0,509.0,,,0.0,,,0.0
2025-11-05 15:00:00,,,,,,,509.0,509.0,,,0.0,,,0.0
2025-11-05 16:00:00,,,,,,,1533.0,1533.0,,,0.0,,,0.0
2025-11-05 17:00:00,,,,,,,1529.0,1529.0,,,0.0,,,0.0
2025-11-05 18:00:00,,,,,,,1273.0,1273.0,,,0.0,,,0.0
2025-11-05 19:00:00,,,,,,,1273.0,1273.0,,,0.0,,,0.0
2025-11-05 20:00:00,,,,,,,1529.0,1529.0,,,0.0,,,0.0
2025-11-05 21:00:00,,,,,,,1529.0,1529.0,,,0.0,,,0.0
2025-11-05 22:00:00,,,,,,,1273.0,1273.0,,,0.0,,,0.0
2025-11-05 23:00:00,,,,,,,1273.0,1273.0,,,0.0,,,0.0
2025-11-06 00:00:00,,,,,,,1273.0,1273.0,,,0.0,,,0.0
2025-11-06 01:00:00,,,,,,,1273.0,1273.0,,,0.0,,,0.0
2025-11-06 02:00:00,,,,,,,1533.0,1533.0,,,0.0,,,0.0
2025-11-06 03:00:00,,,,,,,1529.0,1529.0,,,0.0,,,0.0
2025-11-06 04:00:00,,,,,,,1273.0,1273.0,,,0.0,,,0.0
2025-11-06 05:00:00,,,,,,,1533.0,1533.0,,,0.0,,,0.0
2025-11-06 06:00:00,,,,,,,1273.0,1273.0,,,0.0,,,0.0
2025-11-06 07:00:00,,,,,,,1533.0,1533.0,,,0.0,,,0.0
2025-11-06 08:00:00,,,,,,,509.0,509.0,,,0.0,,,0.0
2025-11-06 09:00:00,,,,,,,505.0,504.0,1.3867999,0.282,4.0,1.3223,0.2302,4.0
2025-11-06 10:00:00,,,,,,,509.0,509.0,1.3804,0.23779999,3.0,0.92489994,0.037400007,3.0
2025-11-06 11:00:00,,,,,,,509.0,509.0,,,0.0,,,0.0
2025-11-06 12:00:00,,,,,,,509.0,509.0,,,0.0,,,0.0
2025-11-06 13:00:00,,,,,,,509.0,509.0,,,0.0,,,0.0
2025-11-06 14:00:00,,,,,,,509.0,509.0,,,0.0,,,0.0
2025-11-06 15:00:00,,,,,,,509.0,509.0,,,0.0,,,0.0
2025-11-06 16:00:00,,,,,,,1533.0,1533.0,,,0.0,,,0.0
2025-11-06 17:00:00,,,,,,,1273.0,1273.0,,,0.0,,,0.0
2025-11-06 18:00:00,,,,,,,1273.0,1273.0,,,0.0,,,0.0
2025-11-06 19:00:00,,,,,,,1273.0,1273.0,,,0.0,,,0.0
2025-11-06 20:00:00,,,,,,,1529.0,1529.0,,,0.0,,,0.0
2025-11-06 21:00:00,,,,,,,1273.0,1273.0,,,0.0,,,0.0
2025-11-06 22:00:00,,,,,,,1273.0,1273.0,,,0.0,,,0.0
2025-11-06 23:00:00,,,,,,,1273.0,1273.0,,,0.0,,,0.0
2025-11-07 00:00:00,,,,,,,1273.0,1273.0,,,0.0,,,0.0
2025-11-07 01:00:00,,,,,,,1533.0,1533.0,,,0.0,,,0.0
2025-11-07 02:00:00,,,,,,,1273.0,1273.0,,,0.0,,,0.0
2025-11-07 03:00:00,,,,,,,1533.0,1533.0,,,0.0,,,0.0
2025-11-07 04:00:00,,,,,,,1273.0,1273.0,,,0.0,,,0.0
2025-11-07 05:00:00,,,,,,,1273.0,1273.0,,,0.0,,,0.0
2025-11-07 06:00:00,,,,,,,1533.0,1533.0,,,0.0,,,0.0
2025-11-07 07:00:00,,,,,,,1533.0,1533.0,,,0.0,,,0.0
2025-11-07 08:00:00,,,,,,,509.0,509.0,,,0.0,,,0.0
2025-11-07 09:00:00,,,,,,,509.0,509.0,,,0.0,,,0.0
2025-11-07 10:00:00,,,,,,,509.0,509.0,,,0.0,,,0.0
2025-11-07 11:00:00,,,,,,,509.0,509.0,,,0.0,,,0.0
2025-11-07 12:00:00,,,,,,,509.0,509.0,,,0.0,,,0.0
2025-11-07 13:00:00,,,,,,,509.0,509.0,,,0.0,,,0.0
2025-11-07 14:00:00,,,,,,,509.0,509.0,,,0.0,,,0.0
2025-11-07 15:00:00,,,,,,,509.0,509.0,,,0.0,,,0.0
2025-11-07 16:00:00,,,,,,,1533.0,1533.0,,,0.0,,,0.0
2025-11-07 17:00:00,,,,,,,1533.0,1533.0,,,0.0,,,0.0
2025-11-07 18:00:00,,,,,,,1273.0,1273.0,,,0.0,,,0.0
2025-11-07 19:00:00,,,,,,,1273.0,1273.0,,,0.0,,,0.0
2025-11-07 20:00:00,,,,,,,1273.0,1273.0,,,0.0,,,0.0
2025-11-07 21:00:00,,,,,,,1533.0,1533.0,,,0.0,,,0.0
2025-11-07 22:00:00,,,,,,,1529.0,1529.0,,,0.0,,,0.0
2025-11-07 23:00:00,,,,,,,1533.0,1533.0,,,0.0,,,0.0
2025-11-08 00:00:00,,,,,,,1533.0,1533.0,,,0.0,,,0.0
2025-11-08 01:00:00,,,,,,,1273.0,1273.0,,,0.0,,,0.0
2025-11-08 02:00:00,,,,,,,1273.0,1273.0,,,0.0,,,0.0
2025-11-08 03:00:00,,,,,,,1529.0,1529.0,,,0.0,,,0.0
2025-11-08 04:00:00,,,,,,,1533.0,1533.0,,,0.0,,,0.0
2025-11-08 05:00:00,,,,,,,1533.0,1533.0,,,0.0,,,0.0
2025-11-08 06:00:00,,,,,,,1529.0,1529.0,,,0.0,,,0.0
2025-11-08 07:00:00,,,,,,,1533.0,1533.0,,,0.0,,,0.0
2025-11-08 08:00:00,,,,,,,509.0,509.0,,,0.0,,,0.0
2025-11-08 09:00:00,,,,,,,509.0,509.0,,,0.0,,,0.0
2025-11-08 10:00:00,,,,,,,509.0,509.0,,,0.0,,,0.0
2025-11-08 11:00:00,,,,,,,509.0,509.0,,,0.0,,,0.0
2025-11-08 12:00:00,,,,,,,509.0,509.0,,,0.0,,,0.0
2025-11-08 13:00:00,,,,,,,509.0,509.0,,,0.0,,,0.0
2025-11-08 14:00:00,,,,,,,509.0,509.0,,,0.0,,,0.0
2025-11-08 15:00:00,,,,,,,509.0,509.0,,,0.0,,,0.0
2025-11-08 16:00:00,,,,,,,1533.0,1533.0,,,0.0,,,0.0
2025-11-08 17:00:00,,,,,,,1533.0,1533.0,,,0.0,,,0.0
2025-11-08 18:00:00,,,,,,,1533.0,1533.0,,,0.0,,,0.0
2025-11-08 19:00:00,,,,,,,1529.0,1529.0,,,0.0,,,0.0
2025-11-08 20:00:00,,,,,,,1529.0,1529.0,,,0.0,,,0.0
2025-11-08 21:00:00,,,,,,,1273.0,1273.0,,,0.0,,,0.0
2025-11-08 22:00:00,,,,,,,1533.0,1533.0,,,0.0,,,0.0
2025-11-08 23:00:00,,,,,,,1533.0,1533.0,,,0.0,,,0.0
2025-11-09 00:00:00,,,,,,,1533.0,1533.0,,,0.0,,,0.0
2025-11-09 01:00:00,,,,,,,1533.0,1533.0,,,0.0,,,0.0
2025-11-09 02:00:00,,,,,,,1533.0,1533.0,,,0.0,,,0.0
2025-11-09 03:00:00,,,,,,,1273.0,1273.0,,,0.0,,,0.0
2025-11-09 04:00:00,,,,,,,1533.0,1533.0,,,0.0,,,0.0
2025-11-09 05:00:00,,,,,,,1533.0,1533.0,,,0.0,,,0.0
2025-11-09 06:00:00,,,,,,,1529.0,1529.0,,,0.0,,,0.0
2025-11-09 07:00:00,,,,,,,1533.0,1533.0,,,0.0,,,0.0
2025-11-09 08:00:00,,,,,,,509.0,509.0,,,0.0,,,0.0
2025-11-09 09:00:00,,,,,,,509.0,509.0,,,0.0,,,0.0
2025-11-09 10:00:00,,,,,,,509.0,509.0,,,0.0,,,0.0
2025-11-09 11:00:00,,,,,,,509.0,509.0,,,0.0,,,0.0
2025-11-09 12:00:00,,,,,,,509.0,509.0,,,0.0,,,0.0
2025-11-09 13:00:00,,,,,,,509.0,509.0,,,0.0,,,0.0
2025-11-09 14:00:00,,,,,,,509.0,509.0,,,0.0,,,0.0
2025-11-09 15:00:00,,,,,,,509.0,509.0,,,0.0,,,0.0
2025-11-09 16:00:00,,,,,,,1533.0,1533.0,,,0.0,,,0.0
2025-11-09 17:00:00,,,,,,,1533.0,1533.0,,,0.0,,,0.0
2025-11-09 18:00:00,,,,,,,1273.0,1273.0,,,0.0,,,0.0
2025-11-09 19:00:00,,,,,,,1533.0,1533.0,,,0.0,,,0.0
2025-11-09 20:00:00,,,,,,,1533.0,1533.0,,,0.0,,,0.0
2025-11-09 21:00:00,,,,,,,1529.0,1529.0,,,0.0,,,0.0
2025-11-09 22:00:00,,,,,,,1273.0,1273.0,,,0.0,,,0.0
2025-11-09 23:00:00,,,,,,,1529.0,1529.0,,,0.0,,,0.0
2025-11-10 00:00:00,,,,,,,1273.0,1273.0,,,0.0,,,0.0
2025-11-10 01:00:00,,,,,,,1273.0,1273.0,,,0.0,,,0.0
2025-11-10 02:00:00,,,,,,,1273.0,1273.0,,,0.0,,,0.0
2025-11-10 03:00:00,,,,,,,1273.0,1273.0,,,0.0,,,0.0
2025-11-10 04:00:00,,,,,,,1529.0,1529.0,,,0.0,,,0.0
2025-11-10 05:00:00,,,,,,,1273.0,1273.0,,,0.0,,,0.0
2025-11-10 06:00:00,,,,,,,1273.0,1273.0,,,0.0,,,0.0
2025-11-10 07:00:00,,,,,,,1533.0,1533.0,,,0.0,,,0.0
2025-11-10 08:00:00,,,,,,,509.0,509.0,,,0.0,,,0.0
2025-11-10 09:00:00,,,,,,,509.0,509.0,,,0.0,,,0.0
2025-11-10 10:00:00,,,,,,,509.0,509.0,,,0.0,,,0.0
2025-11-10 11:00:00,,,,,,,509.0,509.0,,,0.0,,,0.0
2025-11-10 12:00:00,,,,,,,509.0,509.0,,,0.0,,,0.0
2025-11-10 13:00:00,,,,,,,509.0,509.0,,,0.0,,,0.0
2025-11-10 14:00:00,,,,,,,509.0,509.0,,,0.0,,,0.0
2025-11-10 15:00:00,,,,,,,509.0,509.0,,,0.0,,,0.0
2025-11-10 16:00:00,,,,,,,1533.0,1533.0,,,0.0,,,0.0
2025-11-10 17:00:00,,,,,,,1533.0,1533.0,,,0.0,,,0.0
2025-11-10 18:00:00,,,,,,,1529.0,1529.0,,,0.0,,,0.0
2025-11-10 19:00:00,,,,,,,1533.0,1533.0,,,0.0,,,0.0
2025-11-10 20:00:00,,,,,,,1533.0,1533.0,,,0.0,,,0.0
2025-11-10 21:00:00,,,,,,,1529.0,1529.0,,,0.0,,,0.0
2025-11-10 22:00:00,,,,,,,1529.0,1529.0,,,0.0,,,0.0
2025-11-10 23:00:00,,,,,,,1533.0,1533.0,,,0.0,,,0.0
2025-11-11 00:00:00,,,,,,,1273.0,1273.0,,,0.0,,,0.0
2025-11-11 01:00:00,,,,,,,1529.0,1529.0,,,0.0,,,0.0
2025-11-11 02:00:00,,,,,,,1529.0,1529.0,,,0.0,,,0.0
2025-11-11 03:00:00,,,,,,,1273.0,1273.0,,,0.0,,,0.0
2025-11-11 04:00:00,,,,,,,1273.0,1273.0,,,0.0,,,0.0
2025-11-11 05:00:00,,,,,,,1273.0,1273.0,,,0.0,,,0.0
2025-11-11 06:00:00,,,,,,,1529.0,1529.0,,,0.0,,,0.0
2025-11-11 07:00:00,,,,,,,1533.0,1533.0,,,0.0,,,0.0
2025-11-11 08:00:00,,,,,,,509.0,509.0,,,0.0,,,0.0
2025-11-11 09:00:00,,,,,,,509.0,509.0,,,0.0,,,0.0
2025-11-11 10:00:00,,,,,,,509.0,509.0,,,0.0,,,0.0
2025-11-11 11:00:00,,,,,,,509.0,509.0,,,0.0,,,0.0
2025-11-11 12:00:00,,,,,,,509.0,509.0,,,0.0,,,0.0
2025-11-11 13:00:00,,,,,,,509.0,509.0,,,0.0,,,0.0
2025-11-11 14:00:00,,,,,,,509.0,509.0,,,0.0,,,0.0
2025-11-11 15:00:00,,,,,,,509.0,509.0,,,0.0,,,0.0
2025-11-11 16:00:00,,,,,,,1533.0,1533.0,,,0.0,,,0.0
2025-11-11 17:00:00,,,,,,,1529.0,1529.0,,,0.0,,,0.0
2025-11-11 18:00:00,,,,,,,1533.0,1533.0,,,0.0,,,0.0
2025-11-11 19:00:00,,,,,,,1529.0,1529.0,,,0.0,,,0.0
2025-11-11 20:00:00,,,,,,,1533.0,1533.0,,,0.0,,,0.0
2025-11-11 21:00:00,,,,,,,1529.0,1529.0,,,0.0,,,0.0
2025-11-11 22:00:00,,,,,,,1533.0,1533.0,,,0.0,,,0.0
2025-11-11 23:00:00,,,,,,,1533.0,1533.0,,,0.0,,,0.0
2025-11-12 00:00:00,,,,,,,1273.0,1273.0,,,0.0,,,0.0
2025-11-12 01:00:00,,,,,,,1273.0,1273.0,,,0.0,,,0.0
2025-11-12 02:00:00,,,,,,,1529.0,1529.0,,,0.0,,,0.0
2025-11-12 03:00:00,,,,,,,1533.0,1533.0,,,0.0,,,0.0
2025-11-12 04:00:00,,,,,,,1273.0,1273.0,,,0.0,,,0.0
2025-11-12 05:00:00,,,,,,,1529.0,1529.0,,,0.0,,,0.0
2025-11-12 06:00:00,,,,,,,1529.0,1529.0,,,0.0,,,0.0
2025-11-12 07:00:00,,,,,,,1533.0,1533.0,,,0.0,,,0.0
2025-11-12 08:00:00,,,,,,,509.0,509.0,,,0.0,,,0.0
2025-11-12 09:00:00,,,,,,,509.0,509.0,,,0.0,,,0.0
2025-11-12 10:00:00,,,,,,,509.0,509.0,,,0.0,,,0.0
2025-11-12 11:00:00,,,,,,,509.0,509.0,,,0.0,,,0.0
2025-11-12 12:00:00,,,,,,,505.0,505.0,0.0218,0.0067999996,4.0,1.0955,0.00019997358,4.0
2025-11-12 13:00:00,,,,,,,505.0,505.0,,,0.0,,,0.0
2025-11-12 14:00:00,,,,,,,505.0,505.0,,,0.0,,,0.0
2025-11-12 15:00:00,,,,,,,505.0,505.0,,,0.0,,,0.0
2025-11-12 16:00:00,,,,,,,1273.0,1273.0,,,0.0,,,0.0
2025-11-12 17:00:00,,,,,,,1273.0,1273.0,,,0.0,,,0.0
2025-11-12 18:00:00,,,,,,,1533.0,1533.0,,,0.0,,,0.0
2025-11-12 19:00:00,,,,,,,1529.0,1529.0,,,0.0,,,0.0
2025-11-12 20:00:00,,,,,,,1273.0,1273.0,,,0.0,,,0.0
2025-11-12 21:00:00,,,,,,,1273.0,1273.0,,,0.0,,,0.0
2025-11-12 22:00:00,,,,,,,1533.0,1533.0,,,0.0,,,0.0
2025-11-12 23:00:00,,,,,,,1529.0,1529.0,,,0.0,,,0.0
2025-11-13 00:00:00,,,,,,,1529.0,1529.0,,,0.0,,,0.0
2025-11-13 01:00:00,,,,,,,1273.0,1273.0,,,0.0,,,0.0
2025-11-13 02:00:00,,,,,,,1273.0,1273.0,,,0.0,,,0.0
2025-11-13 03:00:00,,,,,,,1529.0,1529.0,,,0.0,,,0.0
2025-11-13 04:00:00,,,,,,,1533.0,1533.0,,,0.0,,,0.0
2025-11-13 05:00:00,,,,,,,1533.0,1533.0,,,0.0,,,0.0
2025-11-13 06:00:00,,,,,,,1533.0,1533.0,,,0.0,,,0.0
2025-11-13 07:00:00,,,,,,,1533.0,1533.0,,,0.0,,,0.0
2025-11-13 08:00:00,,,,,,,505.0,505.0,,,0.0,,,0.0
2025-11-13 09:00:00,,,,,,,509.0,509.0,,,0.0,,,0.0
2025-11-13 10:00:00,,,,,,,249.0,249.0,0.0158,0.006,4.0,1.1425999,0.005400002,4.0
2025-11-13 11:00:00,,,,,,,249.0,249.0,,,0.0,,,0.0
2025-11-13 12:00:00,,,,,,,249.0,249.0,,,0.0,,,0.0
2025-11-13 13:00:00,,,,,,,505.0,505.0,,,0.0,,,0.0
2025-11-13 14:00:00,,,,,,,509.0,509.0,,,0.0,,,0.0
2025-11-13 15:00:00,,,,,,,249.0,249.0,,,0.0,,,0.0
2025-11-13 16:00:00,,,,,,,1273.0,1273.0,,,0.0,,,0.0
2025-11-13 17:00:00,,,,,,,1273.0,1273.0,,,0.0,,,0.0
2025-11-13 18:00:00,,,,,,,1273.0,1273.0,,,0.0,,,0.0
2025-11-13 19:00:00,,,,,,,1273.0,1273.0,,,0.0,,,0.0
2025-11-13 20:00:00,,,,,,,1273.0,1273.0,,,0.0,,,0.0
2025-11-13 21:00:00,,,,,,,1273.0,1273.0,,,0.0,,,0.0
2025-11-13 22:00:00,,,,,,,1273.0,1273.0,,,0.0,,,0.0
2025-11-13 23:00:00,,,,,,,1273.0,1273.0,,,0.0,,,0.0
2025-11-14 00:00:00,,,,,,,1273.0,1273.0,,,0.0,,,0.0
2025-11-14 01:00:00,,,,,,,1273.0,1273.0,,,0.0,,,0.0
2025-11-14 02:00:00,,,,,,,1273.0,1273.0,,,0.0,,,0.0
2025-11-14 03:00:00,,,,,,,1273.0,1273.0,,,0.0,,,0.0
2025-11-14 04:00:00,,,,,,,1273.0,1273.0,,,0.0,,,0.0
2025-11-14 05:00:00,,,,,,,1529.0,1529.0,,,0.0,,,0.0
2025-11-14 06:00:00,,,,,,,1273.0,1273.0,,,0.0,,,0.0
2025-11-14 07:00:00,,,,,,,1273.0,1273.0,,,0.0,,,0.0
2025-11-14 08:00:00,,,,,,,505.0,505.0,,,0.0,,,0.0
2025-11-14 09:00:00,,,,,,,249.0,248.0,0.092199996,0.0892,2.0,1.2434,0.1243,2.0
2025-11-14 10:00:00,,,,,,,505.0,505.0,0.0398,0.0592,5.0,1.217,0.041499972,4.0
2025-11-14 11:00:00,,,,,,,2297.0,2296.0,0.0286,0.0,1.0,1.2357,0.0,1.0
2025-11-14 12:00:00,,,,,,,249.0,249.0,0.0132,0.0,1.0,1.2336999,0.0,1.0
2025-11-14 13:00:00,,,,,,,249.0,249.0,,,0.0,,,0.0
2025-11-14 14:00:00,,,,,,,505.0,505.0,,,0.0,,,0.0
2025-11-14 15:00:00,,,,,,,249.0,249.0,,,0.0,,,0.0
2025-11-14 16:00:00,,,,,,,1273.0,1273.0,,,0.0,,,0.0
2025-11-14 17:00:00,,,,,,,1273.0,1273.0,,,0.0,,,0.0
2025-11-14 18:00:00,,,,,,,1273.0,1273.0,,,0.0,,,0.0
2025-11-14 19:00:00,,,,,,,1273.0,1273.0,,,0.0,,,0.0
2025-11-14 20:00:00,,,,,,,1273.0,1273.0,,,0.0,,,0.0
2025-11-14 21:00:00,,,,,,,1273.0,1273.0,,,0.0,,,0.0
2025-11-14 22:00:00,,,,,,,1273.0,1273.0,,,0.0,,,0.0
2025-11-14 23:00:00,,,,,,,1273.0,1273.0,,,0.0,,,0.0
2025-11-15 00:00:00,,,,,,,1273.0,1273.0,,,0.0,,,0.0
2025-11-15 01:00:00,,,,,,,1273.0,1273.0,,,0.0,,,0.0
2025-11-15 02:00:00,,,,,,,1273.0,1273.0,,,0.0,,,0.0
2025-11-15 03:00:00,,,,,,,1273.0,1273.0,,,0.0,,,0.0
2025-11-15 04:00:00,,,,,,,1273.0,1273.0,,,0.0,,,0.0
2025-11-15 05:00:00,,,,,,,1273.0,1273.0,,,0.0,,,0.0
2025-11-15 06:00:00,,,,,,,1273.0,1273.0,,,0.0,,,0.0
2025-11-15 07:00:00,,,,,,,1273.0,1273.0,,,0.0,,,0.0
2025-11-15 08:00:00,,,,,,,505.0,505.0,,,0.0,,,0.0
2025-11-15 09:00:00,0.0894,,,,,,193.0,248.0,0.1406,0.074,2.0,1.2493,0.10429996,2.0
2025-11-15 10:00:00,0.1136,,,,,,193.0,249.0,0.096,0.036599997,5.0,1.2001,0.019899964,5.0
2025-11-15 11:00:00,,,,,,,505.0,504.0,0.15359999,0.1352,2.0,1.2736,0.043200016,2.0
2025-11-15 12:00:00,,,,,,,505.0,505.0,0.0376,0.0374,3.0,1.2287999,0.004499972,3.0
2025-11-15 13:00:00,,,,,,,505.0,505.0,,,0.0,,,0.0
2025-11-15 14:00:00,,,,,,,505.0,505.0,,,0.0,,,0.0
2025-11-15 15:00:00,,,,,,,249.0,249.0,,,0.0,,,0.0
2025-11-15 16:00:00,,,,,,,1273.0,1273.0,,,0.0,,,0.0
2025-11-15 17:00:00,,,,,,,1273.0,1273.0,,,0.0,,,0.0
2025-11-15 18:00:00,,,,,,,1273.0,1273.0,,,0.0,,,0.0
2025-11-15 19:00:00,,,,,,,1273.0,1273.0,,,0.0,,,0.0
2025-11-15 20:00:00,,,,,,,1273.0,1273.0,,,0.0,,,0.0
2025-11-15 21:00:00,,,,,,,1533.0,1533.0,,,0.0,,,0.0
2025-11-15 22:00:00,,,,,,,1529.0,1529.0,,,0.0,,,0.0
2025-11-15 23:00:00,,,,,,,1533.0,1533.0,,,0.0,,,0.0
2025-11-16 00:00:00,,,,,,,1533.0,1533.0,,,0.0,,,0.0
2025-11-16 01:00:00,,,,,,,1533.0,1533.0,,,0.0,,,0.0
2025-11-16 02:00:00,,,,,,,1529.0,1529.0,,,0.0,,,0.0
2025-11-16 03:00:00,,,,,,,1273.0,1273.0,,,0.0,,,0.0
2025-11-16 04:00:00,,,,,,,1273.0,1273.0,,,0.0,,,0.0
2025-11-16 05:00:00,,,,,,,1529.0,1529.0,,,0.0,,,0.0
2025-11-16 06:00:00,,,,,,,1533.0,1533.0,,,0.0,,,0.0
2025-11-16 07:00:00,,,,,,,1533.0,1533.0,,,0.0,,,0.0
2025-11-16 08:00:00,,,,,,,509.0,509.0,,,0.0,,,0.0
2025-11-16 09:00:00,,,,,,,509.0,509.0,,,0.0,,,0.0
2025-11-16 10:00:00,,,,,,,509.0,509.0,,,0.0,,,0.0
2025-11-16 11:00:00,,,,,,,509.0,509.0,,,0.0,,,0.0
2025-11-16 12:00:00,,,,,,,509.0,509.0,,,0.0,,,0.0
2025-11-16 13:00:00,,,,,,,509.0,509.0,,,0.0,,,0.0
2025-11-16 14:00:00,,,,,,,249.0,249.0,,,0.0,,,0.0
2025-11-16 15:00:00,,,,,,,249.0,249.0,,,0.0,,,0.0
2025-11-16 16:00:00,,,,,,,1273.0,1273.0,,,0.0,,,0.0
2025-11-16 17:00:00,,,,,,,1533.0,1533.0,,,0.0,,,0.0
2025-11-16 18:00:00,,,,,,,1529.0,1529.0,,,0.0,,,0.0
2025-11-16 19:00:00,,,,,,,1533.0,1533.0,,,0.0,,,0.0
2025-11-16 20:00:00,,,,,,,1533.0,1533.0,,,0.0,,,0.0
2025-11-16 21:00:00,,,,,,,1529.0,1529.0,,,0.0,,,0.0
2025-11-16 22:00:00,,,,,,,1533.0,1533.0,,,0.0,,,0.0
2025-11-16 23:00:00,,,,,,,1529.0,1529.0,,,0.0,,,0.0
2025-11-17 00:00:00,,,,,,,1533.0,1533.0,,,0.0,,,0.0
2025-11-17 01:00:00,,,,,,,1533.0,1533.0,,,0.0,,,0.0
2025-11-17 02:00:00,,,,,,,1533.0,1533.0,,,0.0,,,0.0
2025-11-17 03:00:00,,,,,,,1533.0,1533.0,,,0.0,,,0.0
2025-11-17 04:00:00,,,,,,,1533.0,1533.0,,,0.0,,,0.0
2025-11-17 05:00:00,,,,,,,1273.0,1273.0,,,0.0,,,0.0
2025-11-17 06:00:00,,,,,,,1533.0,1533.0,,,0.0,,,0.0
2025-11-17 07:00:00,,,,,,,1533.0,1533.0,,,0.0,,,0.0
2025-11-17 08:00:00,,,,,,,509.0,509.0,,,0.0,,,0.0
2025-11-17 09:00:00,,,,,,,509.0,509.0,,,0.0,,,0.0
2025-11-17 10:00:00,,,,,,,509.0,509.0,,,0.0,,,0.0
2025-11-17 11:00:00,,,,,,,509.0,509.0,,,0.0,,,0.0
2025-11-17 12:00:00,,,,,,,509.0,509.0,,,0.0,,,0.0
2025-11-17 13:00:00,,,,,,,509.0,509.0,,,0.0,,,0.0
2025-11-17 14:00:00,,,,,,,509.0,509.0,,,0.0,,,0.0
2025-11-17 15:00:00,,,,,,,509.0,509.0,,,0.0,,,0.0
2025-11-17 16:00:00,,,,,,,1533.0,1533.0,,,0.0,,,0.0
2025-11-17 17:00:00,,,,,,,1529.0,1529.0,,,0.0,,,0.0
2025-11-17 18:00:00,,,,,,,1533.0,1533.0,,,0.0,,,0.0
2025-11-17 19:00:00,,,,,,,1533.0,1533.0,,,0.0,,,0.0
2025-11-17 20:00:00,,,,,,,1529.0,1529.0,,,0.0,,,0.0
2025-11-17 21:00:00,,,,,,,1529.0,1529.0,,,0.0,,,0.0
2025-11-17 22:00:00,,,,,,,1533.0,1533.0,,,0.0,,,0.0
2025-11-17 23:00:00,,,,,,,1533.0,1533.0,,,0.0,,,0.0
2025-11-18 00:00:00,,,,,,,1533.0,1533.0,,,0.0,,,0.0
2025-11-18 01:00:00,,,,,,,1533.0,1533.0,,,0.0,,,0.0
2025-11-18 02:00:00,,,,,,,1533.0,1533.0,,,0.0,,,0.0
2025-11-18 03:00:00,,,,,,,1533.0,1533.0,,,0.0,,,0.0
2025-11-18 04:00:00,,,,,,,1529.0,1529.0,,,0.0,,,0.0
2025-11-18 05:00:00,,,,,,,1533.0,1533.0,,,0.0,,,0.0
2025-11-18 06:00:00,,,,,,,1529.0,1529.0,,,0.0,,,0.0
2025-11-18 07:00:00,,,,,,,1533.0,1533.0,,,0.0,,,0.0
2025-11-18 08:00:00,,,,,,,509.0,509.0,,,0.0,,,0.0
2025-11-18 09:00:00,,,,,,,509.0,509.0,,,0.0,,,0.0
2025-11-18 10:00:00,,,,,,,509.0,509.0,,,0.0,,,0.0
2025-11-18 11:00:00,,,,,,,509.0,509.0,,,0.0,,,0.0
2025-11-18 12:00:00,,,,,,,509.0,509.0,,,0.0,,,0.0
2025-11-18 13:00:00,,,,,,,509.0,509.0,,,0.0,,,0.0
2025-11-18 14:00:00,,,,,,,509.0,509.0,,,0.0,,,0.0
2025-11-18 15:00:00,,,,,,,509.0,509.0,,,0.0,,,0.0
2025-11-18 16:00:00,,,,,,,1533.0,1533.0,,,0.0,,,0.0
2025-11-18 17:00:00,,,,,,,1529.0,1529.0,,,0.0,,,0.0
2025-11-18 18:00:00,,,,,,,1533.0,1533.0,,,0.0,,,0.0
2025-11-18 19:00:00,,,,,,,1529.0,1529.0,,,0.0,,,0.0
2025-11-18 20:00:00,,,,,,,1529.0,1529.0,,,0.0,,,0.0
2025-11-18 21:00:00,,,,,,,1533.0,1533.0,,,0.0,,,0.0
2025-11-18 22:00:00,,,,,,,1529.0,1529.0,,,0.0,,,0.0
2025-11-18 23:00:00,,,,,,,1533.0,1533.0,,,0.0,,,0.0
2025-11-19 00:00:00,,,,,,,1533.0,1533.0,,,0.0,,,0.0
2025-11-19 01:00:00,,,,,,,1529.0,1529.0,,,0.0,,,0.0
2025-11-19 02:00:00,,,,,,,1533.0,1533.0,,,0.0,,,0.0
2025-11-19 03:00:00,,,,,,,1533.0,1533.0,,,0.0,,,0.0
2025-11-19 04:00:00,,,,,,,1533.0,1533.0,,,0.0,,,0.0
2025-11-19 05:00:00,,,,,,,1533.0,1533.0,,,0.0,,,0.0
2025-11-19 06:00:00,,,,,,,1533.0,1533.0,,,0.0,,,0.0
2025-11-19 07:00:00,,,,,,,1533.0,1533.0,,,0.0,,,0.0
2025-11-19 08:00:00,,,,,,,509.0,509.0,,,0.0,,,0.0
2025-11-19 09:00:00,,,,,,,509.0,509.0,,,0.0,,,0.0
2025-11-19 10:00:00,,,,,,,509.0,509.0,,,0.0,,,0.0
2025-11-19 11:00:00,,,,,,,509.0,509.0,,,0.0,,,0.0
2025-11-19 12:00:00,,,,,,,509.0,509.0,,,0.0,,,0.0
2025-11-19 13:00:00,,,,,,,509.0,509.0,,,0.0,,,0.0
2025-11-19 14:00:00,,,,,,,509.0,509.0,,,0.0,,,0.0
2025-11-19 15:00:00,,,,,,,509.0,509.0,,,0.0,,,0.0
2025-11-19 16:00:00,,,,,,,1533.0,1533.0,,,0.0,,,0.0
2025-11-19 17:00:00,,,,,,,1529.0,1529.0,,,0.0,,,0.0
2025-11-19 18:00:00,,,,,,,1533.0,1533.0,,,0.0,,,0.0
2025-11-19 19:00:00,,,,,,,1529.0,1529.0,,,0.0,,,0.0
2025-11-19 20:00:00,,,,,,,1529.0,1529.0,,,0.0,,,0.0
2025-11-19 21:00:00,,,,,,,1533.0,1533.0,,,0.0,,,0.0
2025-11-19 22:00:00,,,,,,,1533.0,1533.0,,,0.0,,,0.0
2025-11-19 23:00:00,,,,,,,1533.0,1533.0,,,0.0,,,0.0
2025-11-20 00:00:00,,,,,,,1533.0,1533.0,,,0.0,,,0.0
2025-11-20 01:00:00,,,,,,,1533.0,1533.0,,,0.0,,,0.0
2025-11-20 02:00:00,,,,,,,1273.0,1273.0,,,0.0,,,0.0
2025-11-20 03:00:00,,,,,,,1273.0,1273.0,,,0.0,,,0.0
2025-11-20 04:00:00,,,,,,,1273.0,1273.0,,,0.0,,,0.0
2025-11-20 05:00:00,,,,,,,1273.0,1273.0,,,0.0,,,0.0
2025-11-20 06:00:00,,,,,,,1273.0,1273.0,,,0.0,,,0.0
2025-11-20 07:00:00,,,,,,,1533.0,1533.0,,,0.0,,,0.0
2025-11-20 08:00:00,,,,,,,509.0,509.0,,,0.0,,,0.0
2025-11-20 09:00:00,,,,,,,509.0,509.0,,,0.0,,,0.0
2025-11-20 10:00:00,,,,,,,509.0,509.0,0.8244,0.0,1.0,1.1126,0.0,1.0
2025-11-20 11:00:00,,,,,,,505.0,504.0,0.26659998,0.3398,3.0,1.1394,0.11129999,2.0
2025-11-20 12:00:00,0.0378,0.0082,0.2979,0.2978,,,2240.0,2240.0,0.0206,0.025799999,5.0,1.2487999,0.0038999915,5.0
2025-11-20 13:00:00,,,,,,,2553.0,2552.0,0.0142,0.011399999,3.0,1.2464,0.0015999675,3.0
2025-11-20 14:00:00,0.13,0.139,0.1485,0.1481,,,192.0,192.0,0.1116,0.0358,6.0,1.2601,0.0146999955,6.0
2025-11-20 15:00:00,0.114599995,0.0806,0.1039,0.1039,,,2240.0,2240.0,0.14019999,0.0278,6.0,1.2907,0.03999996,6.0
2025-11-20 16:00:00,0.0764,,,,,,1217.0,1273.0,0.088199995,0.0022,3.0,1.3094,0.042299986,3.0
2025-11-20 17:00:00,,,,,,,1273.0,1273.0,,,0.0,,,0.0
2025-11-20 18:00:00,,,,,,,1529.0,1529.0,,,0.0,,,0.0
2025-11-20 19:00:00,,,,,,,1273.0,1273.0,,,0.0,,,0.0
2025-11-20 20:00:00,,,,,,,1273.0,1273.0,,,0.0,,,0.0
2025-11-20 21:00:00,,,,,,,1529.0,1529.0,,,0.0,,,0.0
2025-11-20 22:00:00,,,,,,,1273.0,1273.0,,,0.0,,,0.0
2025-11-20 23:00:00,,,,,,,1273.0,1273.0,,,0.0,,,0.0
2025-11-21 00:00:00,,,,,,,1273.0,1273.0,,,0.0,,,0.0
2025-11-21 01:00:00,,,,,,,1273.0,1273.0,,,0.0,,,0.0
2025-11-21 02:00:00,,,,,,,1529.0,1529.0,,,0.0,,,0.0
2025-11-21 03:00:00,,,,,,,1533.0,1533.0,,,0.0,,,0.0
2025-11-21 04:00:00,,,,,,,1533.0,1533.0,,,0.0,,,0.0
2025-11-21 05:00:00,,,,,,,1273.0,1273.0,,,0.0,,,0.0
2025-11-21 06:00:00,,,,,,,1533.0,1533.0,,,0.0,,,0.0
2025-11-21 07:00:00,,,,,,,1533.0,1533.0,,,0.0,,,0.0
2025-11-21 08:00:00,,,,,,,509.0,509.0,,,0.0,,,0.0
2025-11-21 09:00:00,,,,,,,509.0,509.0,,,0.0,,,0.0
2025-11-21 10:00:00,,,,,,,509.0,509.0,,,0.0,,,0.0
2025-11-21 11:00:00,,,,,,,505.0,504.0,0.7308,0.26119998,4.0,1.104,0.16909999,4.0
2025-11-21 12:00:00,,,,,,,249.0,248.0,0.118999995,0.063599996,5.0,1.2691,0.008099973,5.0
2025-11-21 13:00:00,,,,,,,505.0,505.0,0.023799999,0.0164,4.0,1.2785,0.009800017,4.0
2025-11-21 14:00:00,,,,,,,505.0,505.0,0.0196,0.012999999,5.0,1.2630999,0.015100002,5.0
2025-11-21 15:00:00,0.0894,0.0242,0.113199994,0.1131,,,2240.0,2240.0,0.044,0.0232,5.0,1.3005999,0.032099962,5.0
2025-11-21 16:00:00,0.107599996,,,,,,1217.0,1273.0,0.092599995,0.0156,3.0,1.3680999,0.043299973,3.0
2025-11-21 17:00:00,,,,,,,1273.0,1273.0,,,0.0,,,0.0
2025-11-21 18:00:00,,,,,,,1273.0,1273.0,,,0.0,,,0.0
2025-11-21 19:00:00,,,,,,,1529.0,1529.0,,,0.0,,,0.0
2025-11-21 20:00:00,,,,,,,1533.0,1533.0,,,0.0,,,0.0
2025-11-21 21:00:00,,,,,,,1533.0,1533.0,,,0.0,,,0.0
2025-11-21 22:00:00,,,,,,,1533.0,1533.0,,,0.0,,,0.0
2025-11-21 23:00:00,,,,,,,1533.0,1533.0,,,0.0,,,0.0
2025-11-22 00:00:00,,,,,,,1273.0,1273.0,,,0.0,,,0.0
2025-11-22 01:00:00,,,,,,,1273.0,1273.0,,,0.0,,,0.0
2025-11-22 02:00:00,,,,,,,1529.0,1529.0,,,0.0,,,0.0
2025-11-22 03:00:00,,,,,,,1529.0,1529.0,,,0.0,,,0.0
2025-11-22 04:00:00,,,,,,,1529.0,1529.0,,,0.0,,,0.0
2025-11-22 05:00:00,,,,,,,1273.0,1273.0,,,0.0,,,0.0
2025-11-22 06:00:00,,,,,,,1273.0,1273.0,,,0.0,,,0.0
2025-11-22 07:00:00,,,,,,,1533.0,1533.0,,,0.0,,,0.0
2025-11-22 08:00:00,,,,,,,505.0,504.0,0.6228,0.0,1.0,1.1401999,0.0,1.0
2025-11-22 09:00:00,,,,,,,509.0,509.0,0.4544,0.0502,3.0,1.191,0.047999978,3.0
2025-11-22 10:00:00,,,,,,,509.0,509.0,,,0.0,,,0.0
2025-11-22 11:00:00,,,,,,,509.0,509.0,,,0.0,,,0.0
2025-11-22 12:00:00,,,,,,,509.0,509.0,,,0.0,,,0.0
2025-11-22 13:00:00,,,,,,,509.0,509.0,,,0.0,,,0.0
2025-11-22 14:00:00,,,,,,,509.0,509.0,,,0.0,,,0.0
2025-11-22 15:00:00,,,,,,,509.0,509.0,,,0.0,,,0.0
2025-11-22 16:00:00,,,,,,,1533.0,1533.0,,,0.0,,,0.0
2025-11-22 17:00:00,,,,,,,1273.0,1273.0,,,0.0,,,0.0
2025-11-22 18:00:00,,,,,,,1273.0,1273.0,,,0.0,,,0.0
2025-11-22 19:00:00,,,,,,,1529.0,1529.0,,,0.0,,,0.0
2025-11-22 20:00:00,,,,,,,1273.0,1273.0,,,0.0,,,0.0
2025-11-22 21:00:00,,,,,,,1273.0,1273.0,,,0.0,,,0.0
2025-11-22 22:00:00,,,,,,,1273.0,1273.0,,,0.0,,,0.0
2025-11-22 23:00:00,,,,,,,1273.0,1273.0,,,0.0,,,0.0
2025-11-23 00:00:00,,,,,,,1273.0,1273.0,,,0.0,,,0.0
2025-11-23 01:00:00,,,,,,,1529.0,1529.0,,,0.0,,,0.0
2025-11-23 02:00:00,,,,,,,1273.0,1273.0,,,0.0,,,0.0
2025-11-23 03:00:00,,,,,,,1273.0,1273.0,,,0.0,,,0.0
2025-11-23 04:00:00,,,,,,,1273.0,1273.0,,,0.0,,,0.0
2025-11-23 05:00:00,,,,,,,1533.0,1533.0,,,0.0,,,0.0
2025-11-23 06:00:00,,,,,,,1529.0,1529.0,,,0.0,,,0.0
2025-11-23 07:00:00,,,,,,,1533.0,1533.0,,,0.0,,,0.0
2025-11-23 08:00:00,,,,,,,509.0,509.0,,,0.0,,,0.0
2025-11-23 09:00:00,,,,,,,2553.0,2552.0,0.6024,0.4096,2.0,1.2134999,0.057799995,2.0
2025-11-23 10:00:00,,,,,,,249.0,248.0,0.25939998,0.085,4.0,1.1258999,0.05519998,4.0
2025-11-23 11:00:00,0.35459998,,,,,,193.0,248.0,0.31239998,0.0436,6.0,1.1345999,0.026499987,6.0
2025-11-23 12:00:00,0.40879998,0.3384,0.261,0.2604,,0.8011,192.0,0.0,0.36139998,0.0122,6.0,1.0835999,0.1264,6.0
2025-11-23 13:00:00,0.4254,0.33859998,0.19759999,0.1971,,1.0257,192.0,0.0,0.35,0.0208,6.0,1.0094999,0.11019999,6.0
2025-11-23 14:00:00,0.4084,0.2856,0.1284,0.1281,-0.1703,1.0611999,0.0,0.0,0.3344,0.0308,6.0,1.2089,0.120000005,6.0
2025-11-23 15:00:00,0.338,0.27879998,0.091299996,0.0911,,1.3082,192.0,0.0,0.308,0.021599999,6.0,1.3182,0.091799974,6.0
2025-11-23 16:00:00,0.294,,,,,,1217.0,1273.0,0.2794,0.021399999,3.0,1.4314,0.06799996,3.0
2025-11-23 17:00:00,,,,,,,1273.0,1273.0,,,0.0,,,0.0
2025-11-23 18:00:00,,,,,,,1273.0,1273.0,,,0.0,,,0.0
2025-11-23 19:00:00,,,,,,,1273.0,1273.0,,,0.0,,,0.0
2025-11-23 20:00:00,,,,,,,1273.0,1273.0,,,0.0,,,0.0
2025-11-23 21:00:00,,,,,,,1273.0,1273.0,,,0.0,,,0.0
2025-11-23 22:00:00,,,,,,,1273.0,1273.0,,,0.0,,,0.0
2025-11-23 23:00:00,,,,,,,1273.0,1273.0,,,0.0,,,0.0
2025-11-24 00:00:00,,,,,,,1273.0,1273.0,,,0.0,,,0.0
2025-11-24 01:00:00,,,,,,,1273.0,1273.0,,,0.0,,,0.0
2025-11-24 02:00:00,,,,,,,1273.0,1273.0,,,0.0,,,0.0
2025-11-24 03:00:00,,,,,,,1273.0,1273.0,,,0.0,,,0.0
2025-11-24 04:00:00,,,,,,,1529.0,1529.0,,,0.0,,,0.0
2025-11-24 05:00:00,,,,,,,1533.0,1533.0,,,0.0,,,0.0
2025-11-24 06:00:00,,,,,,,1273.0,1273.0,,,0.0,,,0.0
2025-11-24 07:00:00,,,,,,,1533.0,1533.0,,,0.0,,,0.0
2025-11-24 08:00:00,,,,,,,2297.0,2296.0,0.2996,0.0,1.0,1.3901999,0.0,1.0
2025-11-24 09:00:00,,0.2906,,0.7805,,,248.0,192.0,0.262,0.022799999,6.0,1.2865,0.07910001,6.0
2025-11-24 10:00:00,0.2386,,,,,,193.0,248.0,0.2312,0.081199996,6.0,1.1428,0.022000015,6.0
2025-11-24 11:00:00,0.2952,,,,,,2241.0,2296.0,0.3166,0.0198,6.0,1.181,0.020699978,6.0
2025-11-24 12:00:00,0.303,,,,,,193.0,248.0,0.27699998,0.058,6.0,1.1867,0.02639997,6.0
2025-11-24 13:00:00,0.27019998,0.1982,0.21239999,0.2122,,,192.0,192.0,0.20879999,0.029399998,6.0,1.1876,0.021699965,6.0
2025-11-24 14:00:00,0.2478,0.2332,0.14039999,0.1401,,1.1623,192.0,0.0,0.2164,0.0442,6.0,1.2093999,0.027700007,6.0
2025-11-24 15:00:00,0.22639999,0.0382,0.107999995,0.10789999,-0.2617,,2048.0,2240.0,0.188,0.0802,6.0,1.2579999,0.060000002,6.0
2025-11-24 16:00:00,0.19479999,,,,,,1217.0,1273.0,0.0844,0.0019999999,2.0,1.2756,0.037699997,2.0
2025-11-24 17:00:00,,,,,,,1273.0,1273.0,,,0.0,,,0.0
2025-11-24 18:00:00,,,,,,,1273.0,1273.0,,,0.0,,,0.0
2025-11-24 19:00:00,,,,,,,1273.0,1273.0,,,0.0,,,0.0
2025-11-24 20:00:00,,,,,,,1273.0,1273.0,,,0.0,,,0.0
2025-11-24 21:00:00,,,,,,,1273.0,1273.0,,,0.0,,,0.0
2025-11-24 22:00:00,,,,,,,1273.0,1273.0,,,0.0,,,0.0
2025-11-24 23:00:00,,,,,,,1273.0,1273.0,,,0.0,,,0.0
2025-11-25 00:00:00,,,,,,,1533.0,1533.0,,,0.0,,,0.0
2025-11-25 01:00:00,,,,,,,1273.0,1273.0,,,0.0,,,0.0
2025-11-25 02:00:00,,,,,,,1273.0,1273.0,,,0.0,,,0.0
2025-11-25 03:00:00,,,,,,,1273.0,1273.0,,,0.0,,,0.0
2025-11-25 04:00:00,,,,,,,1273.0,1273.0,,,0.0,,,0.0
2025-11-25 05:00:00,,,,,,,1533.0,1533.0,,,0.0,,,0.0
2025-11-25 06:00:00,,,,,,,1529.0,1529.0,,,0.0,,,0.0
2025-11-25 07:00:00,,,,,,,1529.0,1529.0,,,0.0,,,0.0
2025-11-25 08:00:00,,,,,,,2297.0,2296.0,0.1874,0.0,1.0,1.235,0.0,1.0
2025-11-25 09:00:00,0.15179999,0.2008,0.7493,0.7493,,,192.0,192.0,0.1118,0.0448,6.0,1.2299999,0.029500008,6.0
2025-11-25 10:00:00,0.1752,,,,,,193.0,248.0,0.181,0.0676,5.0,1.1865,0.035399973,5.0
2025-11-25 11:00:00,,,,,,,249.0,248.0,0.2462,0.092,6.0,1.1998999,0.03579998,6.0
2025-11-25 12:00:00,0.2316,0.2076,0.2645,0.2644,,,192.0,192.0,0.2026,0.021399999,6.0,1.2057999,0.029500008,6.0
2025-11-25 13:00:00,0.2602,0.2306,0.19579999,0.1955,,,192.0,192.0,0.22039999,0.013599999,6.0,1.1653999,0.06439996,6.0
2025-11-25 14:00:00,0.2076,0.1566,0.1443,0.1442,,,192.0,192.0,0.1656,0.0288,6.0,1.2182,0.03189999,6.0
2025-11-25 15:00:00,0.2348,0.162,0.0991,0.0989,,1.0316,192.0,0.0,0.22839999,0.0356,6.0,1.1121999,0.08059996,6.0
2025-11-25 16:00:00,0.1934,,,,,,1217.0,1273.0,0.1908,0.025799999,3.0,1.1299,0.05399996,3.0
2025-11-25 17:00:00,,,,,,,1533.0,1533.0,,,0.0,,,0.0
2025-11-25 18:00:00,,,,,,,1529.0,1529.0,,,0.0,,,0.0
2025-11-25 19:00:00,,,,,,,1273.0,1273.0,,,0.0,,,0.0
2025-11-25 20:00:00,,,,,,,1273.0,1273.0,,,0.0,,,0.0
2025-11-25 21:00:00,,,,,,,1529.0,1529.0,,,0.0,,,0.0
2025-11-25 22:00:00,,,,,,,1273.0,1273.0,,,0.0,,,0.0
2025-11-25 23:00:00,,,,,,,1273.0,1273.0,,,0.0,,,0.0
2025-11-26 00:00:00,,,,,,,1273.0,1273.0,,,0.0,,,0.0
2025-11-26 01:00:00,,,,,,,1273.0,1273.0,,,0.0,,,0.0
2025-11-26 02:00:00,,,,,,,1533.0,1533.0,,,0.0,,,0.0
2025-11-26 03:00:00,,,,,,,1533.0,1533.0,,,0.0,,,0.0
2025-11-26 04:00:00,,,,,,,1533.0,1533.0,,,0.0,,,0.0
2025-11-26 05:00:00,,,,,,,1533.0,1533.0,,,0.0,,,0.0
2025-11-26 06:00:00,,,,,,,1273.0,1273.0,,,0.0,,,0.0
2025-11-26 07:00:00,,,,,,,1533.0,1533.0,,,0.0,,,0.0
2025-11-26 08:00:00,,,,,,,2297.0,2296.0,0.261,0.0,1.0,1.0803,0.0,1.0
2025-11-26 09:00:00,,0.2474,,0.923,,,248.0,192.0,0.2276,0.042,5.0,1.0644,0.034999967,5.0
2025-11-26 10:00:00,0.2226,,,,,,453.0,509.0,0.212,0.0332,5.0,1.0179,0.0073999763,5.0
2025-11-26 11:00:00,0.34039998,0.32639998,0.83159995,0.8315,,,192.0,192.0,0.31039998,0.069,6.0,1.007,0.021200001,6.0
2025-11-26 12:00:00,0.3534,,,,,,193.0,248.0,0.3444,0.0262,6.0,1.05,0.010199964,6.0
2025-11-26 13:00:00,0.25759998,,,,,,193.0,249.0,0.1678,0.051,5.0,1.0073,0.035299957,5.0
2025-11-26 14:00:00,0.27719998,,,,,,193.0,249.0,0.0122,0.0,1.0,1.0393,0.0,1.0
2025-11-26 15:00:00,0.2944,,,,,,193.0,249.0,0.18079999,0.0264,3.0,1.1581,0.07910001,3.0
2025-11-26 16:00:00,,,,,,,1273.0,1273.0,,,0.0,,,0.0
2025-11-26 17:00:00,,,,,,,1273.0,1273.0,,,0.0,,,0.0
2025-11-26 18:00:00,,,,,,,1533.0,1533.0,,,0.0,,,0.0
2025-11-26 19:00:00,,,,,,,1273.0,1273.0,,,0.0,,,0.0
2025-11-26 20:00:00,,,,,,,1273.0,1273.0,,,0.0,,,0.0
2025-11-26 21:00:00,,,,,,,1273.0,1273.0,,,0.0,,,0.0
2025-11-26 22:00:00,,,,,,,1273.0,1273.0,,,0.0,,,0.0
2025-11-26 23:00:00,,,,,,,1273.0,1273.0,,,0.0,,,0.0
2025-11-27 00:00:00,,,,,,,1273.0,1273.0,,,0.0,,,0.0
2025-11-27 01:00:00,,,,,,,1273.0,1273.0,,,0.0,,,0.0
2025-11-27 02:00:00,,,,,,,1273.0,1273.0,,,0.0,,,0.0
2025-11-27 03:00:00,,,,,,,1273.0,1273.0,,,0.0,,,0.0
2025-11-27 04:00:00,,,,,,,1273.0,1273.0,,,0.0,,,0.0
2025-11-27 05:00:00,,,,,,,1533.0,1533.0,,,0.0,,,0.0
2025-11-27 06:00:00,,,,,,,1273.0,1273.0,,,0.0,,,0.0
2025-11-27 07:00:00,,,,,,,1273.0,1273.0,,,0.0,,,0.0
2025-11-27 08:00:00,,,,,,,249.0,249.0,,,0.0,,,0.0
2025-11-27 09:00:00,,,,,,,249.0,249.0,0.007999999,0.0047999998,3.0,1.1658,0.0012999773,3.0
2025-11-27 10:00:00,0.0778,,,,,,2241.0,2296.0,0.36339998,0.0,1.0,1.0935,0.0,1.0
2025-11-27 11:00:00,0.2688,0.0722,0.9177,0.9177,,,2240.0,2240.0,0.3058,0.1674,3.0,1.1531,0.010599971,3.0
2025-11-27 12:00:00,0.1556,,,,,,193.0,248.0,0.049799997,0.0438,6.0,1.1316999,0.03429997,6.0
2025-11-27 13:00:00,0.1758,,,,,,449.0,505.0,0.103,0.019,5.0,1.1557,0.027700007,5.0
2025-11-27 14:00:00,,,,,,,509.0,509.0,,,0.0,,,0.0
2025-11-27 15:00:00,,,,,,,509.0,509.0,0.3022,0.12799999,3.0,1.0029,0.10749996,3.0
2025-11-27 16:00:00,,,,,,,1533.0,1533.0,,,0.0,,,0.0
2025-11-27 17:00:00,,,,,,,1533.0,1533.0,,,0.0,,,0.0
2025-11-27 18:00:00,,,,,,,1533.0,1533.0,,,0.0,,,0.0
2025-11-27 19:00:00,,,,,,,1533.0,1533.0,,,0.0,,,0.0
2025-11-27 20:00:00,,,,,,,1529.0,1529.0,,,0.0,,,0.0
2025-11-27 21:00:00,,,,,,,1529.0,1529.0,,,0.0,,,0.0
2025-11-27 22:00:00,,,,,,,1533.0,1533.0,,,0.0,,,0.0
2025-11-27 23:00:00,,,,,,,1533.0,1533.0,,,0.0,,,0.0
2025-11-28 00:00:00,,,,,,,1529.0,1529.0,,,0.0,,,0.0
2025-11-28 01:00:00,,,,,,,1533.0,1533.0,,,0.0,,,0.0
2025-11-28 02:00:00,,,,,,,1533.0,1533.0,,,0.0,,,0.0
2025-11-28 03:00:00,,,,,,,1533.0,1533.0,,,0.0,,,0.0
2025-11-28 04:00:00,,,,,,,1533.0,1533.0,,,0.0,,,0.0
2025-11-28 05:00:00,,,,,,,1529.0,1529.0,,,0.0,,,0.0
2025-11-28 06:00:00,,,,,,,1533.0,1533.0,,,0.0,,,0.0
2025-11-28 07:00:00,,,,,,,1533.0,1533.0,,,0.0,,,0.0
2025-11-28 08:00:00,,,,,,,505.0,505.0,,,0.0,,,0.0
2025-11-28 09:00:00,,,,,,,509.0,509.0,,,0.0,,,0.0
2025-11-28 10:00:00,,,,,,,249.0,248.0,0.3242,0.0,1.0,0.9454,0.0,1.0
2025-11-28 11:00:00,,,,,,,509.0,509.0,0.3084,0.0426,3.0,1.0717,0.019299984,3.0
2025-11-28 12:00:00,,,,,,,509.0,509.0,0.3012,0.0,1.0,1.1229,0.0,1.0
2025-11-28 13:00:00,,,,,,,249.0,249.0,0.18419999,0.0336,2.0,1.0726999,0.042999983,2.0
2025-11-28 14:00:00,0.108799994,,,,,,193.0,249.0,0.0044,0.0,1.0,1.1085,0.0,1.0
2025-11-28 15:00:00,0.117199995,,,,,,193.0,249.0,,,0.0,,,0.0
2025-11-28 16:00:00,,,,,,,1273.0,1273.0,,,0.0,,,0.0
2025-11-28 17:00:00,,,,,,,1273.0,1273.0,,,0.0,,,0.0
2025-11-28 18:00:00,,,,,,,1273.0,1273.0,,,0.0,,,0.0
2025-11-28 19:00:00,,,,,,,1273.0,1273.0,,,0.0,,,0.0
2025-11-28 20:00:00,,,,,,,1273.0,1273.0,,,0.0,,,0.0
2025-11-28 21:00:00,,,,,,,1273.0,1273.0,,,0.0,,,0.0
2025-11-28 22:00:00,,,,,,,1273.0,1273.0,,,0.0,,,0.0
2025-11-28 23:00:00,,,,,,,1273.0,1273.0,,,0.0,,,0.0
2025-11-29 00:00:00,,,,,,,1273.0,1273.0,,,0.0,,,0.0
2025-11-29 01:00:00,,,,,,,1273.0,1273.0,,,0.0,,,0.0
2025-11-29 02:00:00,,,,,,,1273.0,1273.0,,,0.0,,,0.0
2025-11-29 03:00:00,,,,,,,1273.0,1273.0,,,0.0,,,0.0
2025-11-29 04:00:00,,,,,,,1273.0,1273.0,,,0.0,,,0.0
2025-11-29 05:00:00,,,,,,,1273.0,1273.0,,,0.0,,,0.0
2025-11-29 06:00:00,,,,,,,1273.0,1273.0,,,0.0,,,0.0
2025-11-29 07:00:00,,,,,,,1273.0,1273.0,,,0.0,,,0.0
2025-11-29 08:00:00,,,,,,,249.0,249.0,,,0.0,,,0.0
2025-11-29 09:00:00,0.0448,,,,,,193.0,249.0,0.0296,0.0116,4.0,0.97679996,0.013799965,4.0
2025-11-29 10:00:00,0.1192,,,,,,193.0,249.0,,,0.0,,,0.0
2025-11-29 11:00:00,0.32299998,0.2078,0.9479,0.9479,,,192.0,192.0,0.2078,0.0,1.0,1.0058,0.0,1.0
2025-11-29 12:00:00,0.424,,,,,,193.0,248.0,0.26819998,0.2668,6.0,0.8721,0.29609996,6.0
2025-11-29 13:00:00,0.3818,,,,-0.3165,,1.0,249.0,0.6902,0.0592,4.0,0.4389,0.10759997,4.0
2025-11-29 14:00:00,0.3392,,,,,,193.0,249.0,0.0206,0.0036,2.0,0.9783,0.004700005,2.0
2025-11-29 15:00:00,0.2848,,,,,,193.0,249.0,0.2438,0.0,1.0,1.1968,0.0,1.0
2025-11-29 16:00:00,0.2276,,,,,,1217.0,1273.0,,,0.0,,,0.0
2025-11-29 17:00:00,,,,,,,1273.0,1273.0,,,0.0,,,0.0
2025-11-29 18:00:00,,,,,,,1273.0,1273.0,,,0.0,,,0.0
2025-11-29 19:00:00,,,,,,,1273.0,1273.0,,,0.0,,,0.0
2025-11-29 20:00:00,,,,,,,1273.0,1273.0,,,0.0,,,0.0
2025-11-29 21:00:00,,,,,,,1273.0,1273.0,,,0.0,,,0.0
2025-11-29 22:00:00,,,,,,,1273.0,1273.0,,,0.0,,,0.0
2025-11-29 23:00:00,,,,,,,1273.0,1273.0,,,0.0,,,0.0
2025-11-30 00:00:00,,,,,,,1273.0,1273.0,,,0.0,,,0.0
2025-11-30 01:00:00,,,,,,,1273.0,1273.0,,,0.0,,,0.0
2025-11-30 02:00:00,,,,,,,1273.0,1273.0,,,0.0,,,0.0
2025-11-30 03:00:00,,,,,,,1529.0,1529.0,,,0.0,,,0.0
2025-11-30 04:00:00,,,,,,,1529.0,1529.0,,,0.0,,,0.0
2025-11-30 05:00:00,,,,,,,1529.0,1529.0,,,0.0,,,0.0
2025-11-30 06:00:00,,,,,,,1273.0,1273.0,,,0.0,,,0.0
2025-11-30 07:00:00,,,,,,,1533.0,1533.0,,,0.0,,,0.0
2025-11-30 08:00:00,,,,,,,249.0,248.0,0.518,0.0,1.0,0.7702,0.0,1.0
2025-11-30 09:00:00,,,,,,,2553.0,2552.0,0.44219998,0.1674,4.0,0.8328999,0.16789997,4.0
2025-11-30 10:00:00,0.19219999,,,,,,449.0,504.0,0.30179998,0.3944,5.0,1.0715,0.034099996,5.0
2025-11-30 11:00:00,0.5416,0.3542,0.9802,0.9799,,,192.0,192.0,0.43199998,0.0638,3.0,1.1611999,0.20449996,3.0
2025-11-30 12:00:00,0.54679996,,,,,,193.0,248.0,0.3856,0.206,6.0,0.79849994,0.22999996,6.0
2025-11-30 13:00:00,0.5186,,,,,,193.0,249.0,0.6738,0.0095999995,2.0,0.4278,0.0711,2.0
2025-11-30 14:00:00,0.482,0.4052,0.1741,0.1735,,,2240.0,2240.0,0.4052,0.0,1.0,0.9519,0.0,1.0
2025-11-30 15:00:00,0.47759998,,,,,,193.0,249.0,0.4578,0.0154,4.0,1.3219,0.088,4.0
2025-11-30 16:00:00,0.4632,,,,,,1473.0,1529.0,,,0.0,,,0.0
2025-11-30 17:00:00,,,,,,,1273.0,1273.0,,,0.0,,,0.0
2025-11-30 18:00:00,,,,,,,1273.0,1273.0,,,0.0,,,0.0
2025-11-30 19:00:00,,,,,,,1273.0,1273.0,,,0.0,,,0.0
2025-11-30 20:00:00,,,,,,,1273.0,1273.0,,,0.0,,,0.0
2025-11-30 21:00:00,,,,,,,1273.0,1273.0,,,0.0,,,0.0
2025-11-30 22:00:00,,,,,,,1273.0,1273.0,,,0.0,,,0.0
2025-11-30 23:00:00,,,,,,,1273.0,1273.0,,,0.0,,,0.0
2025-12-01 00:00:00,,,,,,,1529.0,1529.0,,,0.0,,,0.0
2025-12-01 01:00:00,,,,,,,1529.0,1529.0,,,0.0,,,0.0
2025-12-01 02:00:00,,,,,,,1273.0,1273.0,,,0.0,,,0.0
2025-12-01 03:00:00,,,,,,,1273.0,1273.0,,,0.0,,,0.0
2025-12-01 04:00:00,,,,,,,1273.0,1273.0,,,0.0,,,0.0
2025-12-01 05:00:00,,,,,,,1273.0,1273.0,,,0.0,,,0.0
2025-12-01 06:00:00,,,,,,,1273.0,1273.0,,,0.0,,,0.0
2025-12-01 07:00:00,,,,,,,1533.0,1533.0,,,0.0,,,0.0
2025-12-01 08:00:00,,,,,,,509.0,509.0,,,0.0,,,0.0
2025-12-01 09:00:00,,,,,,,509.0,509.0,,,0.0,,,0.0
2025-12-01 10:00:00,,,,,,,509.0,509.0,4.1128,0.0,1.0,1.2967,0.0,1.0
2025-12-01 11:00:00,,,,,,,505.0,504.0,1.6093999,0.2888,4.0,1.0696,0.19779998,4.0
2025-12-01 12:00:00,,,,,,,249.0,248.0,0.765,0.266,6.0,0.9326,0.42759997,6.0
2025-12-01 13:00:00,0.6886,,,,-0.4774,,1.0,249.0,0.6994,0.0396,5.0,0.4835,0.13529998,5.0
2025-12-01 14:00:00,0.5746,,,,,,193.0,249.0,0.20459999,0.077,3.0,0.9562,0.085699975,3.0
2025-12-01 15:00:00,0.56159997,,,,,,193.0,249.0,0.618,0.053999998,4.0,1.5356998,0.09249997,4.0
2025-12-01 16:00:00,0.493,,,,,,1217.0,1273.0,,,0.0,,,0.0
2025-12-01 17:00:00,,,,,,,1273.0,1273.0,,,0.0,,,0.0
2025-12-01 18:00:00,,,,,,,1273.0,1273.0,,,0.0,,,0.0
2025-12-01 19:00:00,,,,,,,1273.0,1273.0,,,0.0,,,0.0
2025-12-01 20:00:00,,,,,,,1273.0,1273.0,,,0.0,,,0.0
2025-12-01 21:00:00,,,,,,,1273.0,1273.0,,,0.0,,,0.0
2025-12-01 22:00:00,,,,,,,1533.0,1533.0,,,0.0,,,0.0
2025-12-01 23:00:00,,,,,,,1273.0,1273.0,,,0.0,,,0.0
2025-12-02 00:00:00,,,,,,,1273.0,1273.0,,,0.0,,,0.0
2025-12-02 01:00:00,,,,,,,1533.0,1533.0,,,0.0,,,0.0
2025-12-02 02:00:00,,,,,,,1273.0,1273.0,,,0.0,,,0.0
2025-12-02 03:00:00,,,,,,,1533.0,1533.0,,,0.0,,,0.0
2025-12-02 04:00:00,,,,,,,1273.0,1273.0,,,0.0,,,0.0
2025-12-02 05:00:00,,,,,,,1273.0,1273.0,,,0.0,,,0.0
2025-12-02 06:00:00,,,,,,,1273.0,1273.0,,,0.0,,,0.0
2025-12-02 07:00:00,,,,,,,1533.0,1533.0,,,0.0,,,0.0
2025-12-02 08:00:00,,,,,,,1533.0,1533.0,,,0.0,,,0.0
2025-12-02 09:00:00,,,,,,,509.0,509.0,,,0.0,,,0.0
2025-12-02 10:00:00,,,,,,,509.0,509.0,,,0.0,,,0.0
2025-12-02 11:00:00,,,,,,,509.0,509.0,,,0.0,,,0.0
2025-12-02 12:00:00,,,,,,,509.0,509.0,,,0.0,,,0.0
2025-12-02 13:00:00,,,,,,,509.0,509.0,,,0.0,,,0.0
2025-12-02 14:00:00,,,,,,,509.0,509.0,,,0.0,,,0.0
2025-12-02 15:00:00,,,,,,,509.0,509.0,,,0.0,,,0.0
2025-12-02 16:00:00,,,,,,,509.0,509.0,,,0.0,,,0.0
2025-12-02 17:00:00,,,,,,,1533.0,1533.0,,,0.0,,,0.0
2025-12-02 18:00:00,,,,,,0.0001,1273.0,1081.0,,,0.0,,,0.0
2025-12-02 19:00:00,,,,,,,1273.0,1273.0,,,0.0,,,0.0
2025-12-02 20:00:00,,,,,,,1529.0,1529.0,,,0.0,,,0.0
2025-12-02 21:00:00,,,,,,,1529.0,1529.0,,,0.0,,,0.0
2025-12-02 22:00:00,,,,,,,1529.0,1529.0,,,0.0,,,0.0
2025-12-02 23:00:00,,,,,,,1533.0,1533.0,,,0.0,,,0.0
2025-12-03 00:00:00,,,,,,,1529.0,1529.0,,,0.0,,,0.0
2025-12-03 01:00:00,,,,,,,1273.0,1273.0,,,0.0,,,0.0
2025-12-03 02:00:00,,,,,,,1273.0,1273.0,,,0.0,,,0.0
2025-12-03 03:00:00,,,,,,,1533.0,1533.0,,,0.0,,,0.0
2025-12-03 04:00:00,,,,,,,1533.0,1533.0,,,0.0,,,0.0
2025-12-03 05:00:00,,,,,,,1529.0,1529.0,,,0.0,,,0.0
2025-12-03 06:00:00,,,,,,,1529.0,1529.0,,,0.0,,,0.0
2025-12-03 07:00:00,,,,,,,1529.0,1529.0,,,0.0,,,0.0
2025-12-03 08:00:00,,,,,,,1533.0,1533.0,,,0.0,,,0.0
2025-12-03 09:00:00,,,,,,,509.0,509.0,,,0.0,,,0.0
2025-12-03 10:00:00,,,,,,,509.0,509.0,,,0.0,,,0.0
2025-12-03 11:00:00,,,,,,,509.0,509.0,,,0.0,,,0.0
2025-12-03 12:00:00,,,,,,,509.0,509.0,,,0.0,,,0.0
2025-12-03 13:00:00,,,,,,,509.0,509.0,,,0.0,,,0.0
2025-12-03 14:00:00,,,,,,,509.0,509.0,,,0.0,,,0.0
2025-12-03 15:00:00,,,,,,,509.0,509.0,,,0.0,,,0.0
2025-12-03 16:00:00,,,,,,,1533.0,1533.0,,,0.0,,,0.0
2025-12-03 17:00:00,,,,,,,1533.0,1533.0,,,0.0,,,0.0
2025-12-03 18:00:00,,,,,,,1273.0,1273.0,,,0.0,,,0.0
2025-12-03 19:00:00,,,,,,,1529.0,1529.0,,,0.0,,,0.0
2025-12-03 20:00:00,,,,,,,1533.0,1533.0,,,0.0,,,0.0
2025-12-03 21:00:00,,,,,,,1273.0,1273.0,,,0.0,,,0.0
2025-12-03 22:00:00,,,,,,,1273.0,1273.0,,,0.0,,,0.0
2025-12-03 23:00:00,,,,,,,1273.0,1273.0,,,0.0,,,0.0
2025-12-04 00:00:00,,,,,,,1273.0,1273.0,,,0.0,,,0.0
2025-12-04 01:00:00,,,,,,,1529.0,1529.0,,,0.0,,,0.0
2025-12-04 02:00:00,,,,,,,1273.0,1273.0,,,0.0,,,0.0
2025-12-04 03:00:00,,,,,,,1273.0,1273.0,,,0.0,,,0.0
2025-12-04 04:00:00,,,,,,,1273.0,1273.0,,,0.0,,,0.0
2025-12-04 05:00:00,,,,,,,1529.0,1529.0,,,0.0,,,0.0
2025-12-04 06:00:00,,,,,,,1273.0,1273.0,,,0.0,,,0.0
2025-12-04 07:00:00,,,,,,,1533.0,1533.0,,,0.0,,,0.0
2025-12-04 08:00:00,,,,,,,509.0,509.0,,,0.0,,,0.0
2025-12-04 09:00:00,,,,,,,509.0,509.0,,,0.0,,,0.0
2025-12-04 10:00:00,,,,,,,509.0,509.0,,,0.0,,,0.0
2025-12-04 11:00:00,,,,,,,509.0,509.0,,,0.0,,,0.0
2025-12-04 12:00:00,,,,,,,509.0,509.0,,,0.0,,,0.0
2025-12-04 13:00:00,,,,,,,509.0,509.0,,,0.0,,,0.0
2025-12-04 14:00:00,,,,,,,509.0,509.0,,,0.0,,,0.0
2025-12-04 15:00:00,,,,,,,509.0,509.0,,,0.0,,,0.0
2025-12-04 16:00:00,,,,,,,1533.0,1533.0,,,0.0,,,0.0
2025-12-04 17:00:00,,,,,,,1273.0,1273.0,,,0.0,,,0.0
2025-12-04 18:00:00,,,,,,,1273.0,1273.0,,,0.0,,,0.0
2025-12-04 19:00:00,,,,,,,1529.0,1529.0,,,0.0,,,0.0
2025-12-04 20:00:00,,,,,,,1273.0,1273.0,,,0.0,,,0.0
2025-12-04 21:00:00,,,,,,,1273.0,1273.0,,,0.0,,,0.0
2025-12-04 22:00:00,,,,,,,1529.0,1529.0,,,0.0,,,0.0
2025-12-04 23:00:00,,,,,,,1529.0,1529.0,,,0.0,,,0.0
2025-12-05 00:00:00,,,,,,,1273.0,1273.0,,,0.0,,,0.0
2025-12-05 01:00:00,,,,,,,1273.0,1273.0,,,0.0,,,0.0
2025-12-05 02:00:00,,,,,,,1273.0,1273.0,,,0.0,,,0.0
2025-12-05 03:00:00,,,,,,,1273.0,1273.0,,,0.0,,,0.0
2025-12-05 04:00:00,,,,,,,1273.0,1273.0,,,0.0,,,0.0
2025-12-05 05:00:00,,,,,,,1273.0,1273.0,,,0.0,,,0.0
2025-12-05 06:00:00,,,,,,,1533.0,1533.0,,,0.0,,,0.0
2025-12-05 07:00:00,,,,,,,1533.0,1533.0,,,0.0,,,0.0
2025-12-05 08:00:00,,,,,,,509.0,509.0,,,0.0,,,0.0
2025-12-05 09:00:00,,,,,,,509.0,509.0,,,0.0,,,0.0
2025-12-05 10:00:00,,,,,,,509.0,509.0,,,0.0,,,0.0
2025-12-05 11:00:00,,,,,,,509.0,509.0,,,0.0,,,0.0
2025-12-05 12:00:00,,,,,,,509.0,509.0,,,0.0,,,0.0
2025-12-05 13:00:00,,,,,,,509.0,509.0,,,0.0,,,0.0
2025-12-05 14:00:00,,,,,,,509.0,509.0,,,0.0,,,0.0
2025-12-05 15:00:00,,,,,,,509.0,509.0,,,0.0,,,0.0
2025-12-05 16:00:00,,,,,,,1533.0,1533.0,,,0.0,,,0.0
2025-12-05 17:00:00,,,,,,,1273.0,1273.0,,,0.0,,,0.0
2025-12-05 18:00:00,,,,,,,1273.0,1273.0,,,0.0,,,0.0
2025-12-05 19:00:00,,,,,,,1273.0,1273.0,,,0.0,,,0.0
2025-12-05 20:00:00,,,,,,,1273.0,1273.0,,,0.0,,,0.0
2025-12-05 21:00:00,,,,,,,1273.0,1273.0,,,0.0,,,0.0
2025-12-05 22:00:00,,,,,,,1273.0,1273.0,,,0.0,,,0.0
2025-12-05 23:00:00,,,,,,,1273.0,1273.0,,,0.0,,,0.0
2025-12-06 00:00:00,,,,,,,1529.0,1529.0,,,0.0,,,0.0
2025-12-06 01:00:00,,,,,,,1529.0,1529.0,,,0.0,,,0.0
2025-12-06 02:00:00,,,,,,,1273.0,1273.0,,,0.0,,,0.0
2025-12-06 03:00:00,,,,,,,1529.0,1529.0,,,0.0,,,0.0
2025-12-06 04:00:00,,,,,,,1529.0,1529.0,,,0.0,,,0.0
2025-12-06 05:00:00,,,,,,,1533.0,1533.0,,,0.0,,,0.0
2025-12-06 06:00:00,,,,,,,1529.0,1529.0,,,0.0,,,0.0
2025-12-06 07:00:00,,,,,,,1533.0,1533.0,,,0.0,,,0.0
2025-12-06 08:00:00,,,,,,,509.0,509.0,,,0.0,,,0.0
2025-12-06 09:00:00,,,,,,,509.0,509.0,,,0.0,,,0.0
2025-12-06 10:00:00,,,,,,,509.0,509.0,,,0.0,,,0.0
2025-12-06 11:00:00,,,,,,,509.0,509.0,,,0.0,,,0.0
2025-12-06 12:00:00,,,,,,,509.0,509.0,,,0.0,,,0.0
2025-12-06 13:00:00,,,,,,,509.0,509.0,,,0.0,,,0.0
2025-12-06 14:00:00,,,,,,,509.0,509.0,,,0.0,,,0.0
2025-12-06 15:00:00,,,,,,,509.0,509.0,,,0.0,,,0.0
2025-12-06 16:00:00,,,,,,,1533.0,1533.0,,,0.0,,,0.0
2025-12-06 17:00:00,,,,,,,1273.0,1273.0,,,0.0,,,0.0
2025-12-06 18:00:00,,,,,,,1273.0,1273.0,,,0.0,,,0.0
2025-12-06 19:00:00,,,,,,,1273.0,1273.0,,,0.0,,,0.0
2025-12-06 20:00:00,,,,,,,1273.0,1273.0,,,0.0,,,0.0
2025-12-06 21:00:00,,,,,,,1273.0,1273.0,,,0.0,,,0.0
2025-12-06 22:00:00,,,,,,,1273.0,1273.0,,,0.0,,,0.0
2025-12-06 23:00:00,,,,,,,1273.0,1273.0,,,0.0,,,0.0
2025-12-07 00:00:00,,,,,,,1273.0,1273.0,,,0.0,,,0.0
2025-12-07 01:00:00,,,,,,,1273.0,1273.0,,,0.0,,,0.0
2025-12-07 02:00:00,,,,,,,1529.0,1529.0,,,0.0,,,0.0
2025-12-07 03:00:00,,,,,,,1533.0,1533.0,,,0.0,,,0.0
2025-12-07 04:00:00,,,,,,,1273.0,1273.0,,,0.0,,,0.0
2025-12-07 05:00:00,,,,,,,1529.0,1529.0,,,0.0,,,0.0
2025-12-07 06:00:00,,,,,,,1533.0,1533.0,,,0.0,,,0.0
2025-12-07 07:00:00,,,,,,,1533.0,1533.0,,,0.0,,,0.0
2025-12-07 08:00:00,,,,,,,1533.0,1533.0,,,0.0,,,0.0
2025-12-07 09:00:00,,,,,,,509.0,509.0,,,0.0,,,0.0
2025-12-07 10:00:00,,,,,,,509.0,509.0,,,0.0,,,0.0
2025-12-07 11:00:00,,,,,,,509.0,509.0,,,0.0,,,0.0
2025-12-07 12:00:00,,,,,,,509.0,509.0,,,0.0,,,0.0
2025-12-07 13:00:00,,,,,,,509.0,509.0,,,0.0,,,0.0
2025-12-07 14:00:00,,,,,,,509.0,509.0,,,0.0,,,0.0
2025-12-07 15:00:00,,,,,,,509.0,509.0,,,0.0,,,0.0
2025-12-07 16:00:00,,,,,,,1529.0,1529.0,,,0.0,,,0.0
2025-12-07 17:00:00,,,,,,,1273.0,1273.0,,,0.0,,,0.0
2025-12-07 18:00:00,,,,,,,1529.0,1529.0,,,0.0,,,0.0
2025-12-07 19:00:00,,,,,,,1273.0,1273.0,,,0.0,,,0.0
2025-12-07 20:00:00,,,,,,,1273.0,1273.0,,,0.0,,,0.0
2025-12-07 21:00:00,,,,,,,1273.0,1273.0,,,0.0,,,0.0
2025-12-07 22:00:00,,,,,,,1529.0,1529.0,,,0.0,,,0.0
2025-12-07 23:00:00,,,,,,,1533.0,1533.0,,,0.0,,,0.0
2025-12-08 00:00:00,,,,,,,1273.0,1273.0,,,0.0,,,0.0
2025-12-08 01:00:00,,,,,,,1273.0,1273.0,,,0.0,,,0.0
2025-12-08 02:00:00,,,,,,,1273.0,1273.0,,,0.0,,,0.0
2025-12-08 03:00:00,,,,,,,1273.0,1273.0,,,0.0,,,0.0
2025-12-08 04:00:00,,,,,,,1273.0,1273.0,,,0.0,,,0.0
2025-12-08 05:00:00,,,,,,,1273.0,1273.0,,,0.0,,,0.0
2025-12-08 06:00:00,,,,,,,1273.0,1273.0,,,0.0,,,0.0
2025-12-08 07:00:00,,,,,,,1533.0,1533.0,,,0.0,,,0.0
2025-12-08 08:00:00,,,,,,,1533.0,1533.0,,,0.0,,,0.0
2025-12-08 09:00:00,,,,,,,509.0,509.0,0.894,0.0,1.0,1.0913999,0.0,1.0
2025-12-08 10:00:00,,,,,,,2297.0,2296.0,1.0608,0.2394,2.0,1.5355,0.05579996,2.0
2025-12-08 11:00:00,,,,,,,249.0,248.0,0.917,0.2006,6.0,1.4259,0.12709999,6.0
2025-12-08 12:00:00,,,,,,,249.0,248.0,0.6076,0.18679999,6.0,1.1022999,0.12099999,6.0
2025-12-08 13:00:00,,,,,,,2553.0,2552.0,0.7668,0.259,5.0,0.9145,0.11860001,5.0
2025-12-08 14:00:00,,,,,,,509.0,509.0,0.4376,0.0672,3.0,1.1471,0.010899961,3.0
2025-12-08 15:00:00,,,,,,,509.0,509.0,,,0.0,,,0.0
2025-12-08 16:00:00,,,,,,,1529.0,1529.0,,,0.0,,,0.0
2025-12-08 17:00:00,,,,,,,1273.0,1273.0,,,0.0,,,0.0
2025-12-08 18:00:00,,,,,,,1273.0,1273.0,,,0.0,,,0.0
2025-12-08 19:00:00,,,,,,,1529.0,1529.0,,,0.0,,,0.0
2025-12-08 20:00:00,,,,,,,1529.0,1529.0,,,0.0,,,0.0
2025-12-08 21:00:00,,,,,,,1273.0,1273.0,,,0.0,,,0.0
2025-12-08 22:00:00,,,,,,,1529.0,1529.0,,,0.0,,,0.0
2025-12-08 23:00:00,,,,,,,1273.0,1273.0,,,0.0,,,0.0
2025-12-09 00:00:00,,,,,,,1273.0,1273.0,,,0.0,,,0.0
2025-12-09 01:00:00,,,,,,,1529.0,1529.0,,,0.0,,,0.0
2025-12-09 02:00:00,,,,,,,1273.0,1273.0,,,0.0,,,0.0
2025-12-09 03:00:00,,,,,,,1273.0,1273.0,,,0.0,,,0.0
2025-12-09 04:00:00,,,,,,,1529.0,1529.0,,,0.0,,,0.0
2025-12-09 05:00:00,,,,,,,1533.0,1533.0,,,0.0,,,0.0
2025-12-09 06:00:00,,,,,,,1273.0,1273.0,,,0.0,,,0.0
2025-12-09 07:00:00,,,,,,,1533.0,1533.0,,,0.0,,,0.0
2025-12-09 08:00:00,,,,,,,1273.0,1273.0,,,0.0,,,0.0
2025-12-09 09:00:00,,,,,,,505.0,505.0,0.5028,0.0508,5.0,1.1636,0.013599992,5.0
2025-12-09 10:00:00,,,,,,,509.0,509.0,1.0598,0.0,1.0,1.5829,0.0,1.0
2025-12-09 11:00:00,,,,,,,509.0,509.0,2.0118,0.0,1.0,0.8198,0.0,1.0
2025-12-09 12:00:00,0.7222,,,,,,2241.0,2296.0,0.6882,0.0,1.0,1.1983,0.0,1.0
2025-12-09 13:00:00,,,,,,,509.0,509.0,,,0.0,,,0.0
2025-12-09 14:00:00,,,,,,,509.0,509.0,,,0.0,,,0.0
2025-12-09 15:00:00,,,,,,,509.0,509.0,,,0.0,,,0.0
2025-12-09 16:00:00,,,,,,,1533.0,1533.0,,,0.0,,,0.0
2025-12-09 17:00:00,,,,,,,1533.0,1533.0,,,0.0,,,0.0
2025-12-09 18:00:00,,,,,,,1529.0,1529.0,,,0.0,,,0.0
2025-12-09 19:00:00,,,,,,,1273.0,1273.0,,,0.0,,,0.0
2025-12-09 20:00:00,,,,,,,1273.0,1273.0,,,0.0,,,0.0
2025-12-09 21:00:00,,,,,,,1533.0,1533.0,,,0.0,,,0.0
2025-12-09 22:00:00,,,,,,,1273.0,1273.0,,,0.0,,,0.0
2025-12-09 23:00:00,,,,,,,1529.0,1529.0,,,0.0,,,0.0
2025-12-10 00:00:00,,,,,,,1273.0,1273.0,,,0.0,,,0.0
2025-12-10 01:00:00,,,,,,,1529.0,1529.0,,,0.0,,,0.0
2025-12-10 02:00:00,,,,,,,1273.0,1273.0,,,0.0,,,0.0
2025-12-10 03:00:00,,,,,,,1273.0,1273.0,,,0.0,,,0.0
2025-12-10 04:00:00,,,,,,,1273.0,1273.0,,,0.0,,,0.0
2025-12-10 05:00:00,,,,,,,1273.0,1273.0,,,0.0,,,0.0
2025-12-10 06:00:00,,,,,,,1273.0,1273.0,,,0.0,,,0.0
2025-12-10 07:00:00,,,,,,,1273.0,1273.0,,,0.0,,,0.0
2025-12-10 08:00:00,,,,,,,1273.0,1273.0,,,0.0,,,0.0
2025-12-10 09:00:00,0.3856,,,,,,193.0,248.0,0.552,0.0019999999,2.0,1.1322999,0.0041999817,2.0
2025-12-10 10:00:00,,,,,,,2553.0,2552.0,1.1043999,0.038399998,3.0,1.5881999,0.007799983,3.0
2025-12-10 11:00:00,,,,,,,509.0,509.0,,,0.0,,,0.0
2025-12-10 12:00:00,,,,,,,509.0,509.0,1.105,0.0,1.0,1.1473,0.0,1.0
2025-12-10 13:00:00,,,,,,,509.0,509.0,,,0.0,,,0.0
2025-12-10 14:00:00,,,,,,,509.0,509.0,,,0.0,,,0.0
2025-12-10 15:00:00,,,,,,,509.0,509.0,1.4948,0.0,1.0,0.9884,0.0,1.0
2025-12-10 16:00:00,,,,,,,1533.0,1533.0,,,0.0,,,0.0
2025-12-10 17:00:00,,,,,,,1273.0,1273.0,,,0.0,,,0.0
2025-12-10 18:00:00,,,,,,,1273.0,1273.0,,,0.0,,,0.0
2025-12-10 19:00:00,,,,,,,1529.0,1529.0,,,0.0,,,0.0
2025-12-10 20:00:00,,,,,,,1273.0,1273.0,,,0.0,,,0.0
2025-12-10 21:00:00,,,,,,,1273.0,1273.0,,,0.0,,,0.0
2025-12-10 22:00:00,,,,,,,1273.0,1273.0,,,0.0,,,0.0
2025-12-10 23:00:00,,,,,,,1533.0,1533.0,,,0.0,,,0.0
2025-12-11 00:00:00,,,,,,,1533.0,1533.0,,,0.0,,,0.0
2025-12-11 01:00:00,,,,,,,1533.0,1533.0,,,0.0,,,0.0
2025-12-11 02:00:00,,,,,,,1529.0,1529.0,,,0.0,,,0.0
2025-12-11 03:00:00,,,,,,,1529.0,1529.0,,,0.0,,,0.0
2025-12-11 04:00:00,,,,,,,1529.0,1529.0,,,0.0,,,0.0
2025-12-11 05:00:00,,,,,,,1273.0,1273.0,,,0.0,,,0.0
2025-12-11 06:00:00,,,,,,,1533.0,1533.0,,,0.0,,,0.0
2025-12-11 07:00:00,,,,,,,1533.0,1533.0,,,0.0,,,0.0
2025-12-11 08:00:00,,,,,,,1533.0,1533.0,,,0.0,,,0.0
2025-12-11 09:00:00,,,,,,,509.0,509.0,,,0.0,,,0.0
2025-12-11 10:00:00,,,,,,,509.0,509.0,,,0.0,,,0.0
2025-12-11 11:00:00,,,,,,,509.0,509.0,,,0.0,,,0.0
2025-12-11 12:00:00,,,,,,,509.0,509.0,,,0.0,,,0.0
2025-12-11 13:00:00,,,,,,,509.0,509.0,,,0.0,,,0.0
2025-12-11 14:00:00,,,,,,,509.0,509.0,,,0.0,,,0.0
2025-12-11 15:00:00,,,,,,,509.0,509.0,,,0.0,,,0.0
2025-12-11 16:00:00,,,,,,,1533.0,1533.0,,,0.0,,,0.0
2025-12-11 17:00:00,,,,,,,1533.0,1533.0,,,0.0,,,0.0
2025-12-11 18:00:00,,,,,,,1533.0,1533.0,,,0.0,,,0.0
2025-12-11 19:00:00,,,,,,,1273.0,1273.0,,,0.0,,,0.0
2025-12-11 20:00:00,,,,,,,1529.0,1529.0,,,0.0,,,0.0
2025-12-11 21:00:00,,,,,,,1273.0,1273.0,,,0.0,,,0.0
2025-12-11 22:00:00,,,,,,,1533.0,1533.0,,,0.0,,,0.0
2025-12-11 23:00:00,,,,,,,1533.0,1533.0,,,0.0,,,0.0
2025-12-12 00:00:00,,,,,,,1533.0,1533.0,,,0.0,,,0.0
2025-12-12 01:00:00,,,,,,,1533.0,1533.0,,,0.0,,,0.0
2025-12-12 02:00:00,,,,,,,1533.0,1533.0,,,0.0,,,0.0
2025-12-12 03:00:00,,,,,,,1273.0,1273.0,,,0.0,,,0.0
2025-12-12 04:00:00,,,,,,,1273.0,1273.0,,,0.0,,,0.0
2025-12-12 05:00:00,,,,,,,1533.0,1533.0,,,0.0,,,0.0
2025-12-12 06:00:00,,,,,,,1273.0,1273.0,,,0.0,,,0.0
2025-12-12 07:00:00,,,,,,,1533.0,1533.0,,,0.0,,,0.0
2025-12-12 08:00:00,,,,,,,1533.0,1533.0,,,0.0,,,0.0
2025-12-12 09:00:00,,,,,,,509.0,509.0,,,0.0,,,0.0
2025-12-12 10:00:00,,,,,,,509.0,509.0,,,0.0,,,0.0
2025-12-12 11:00:00,,,,,,,509.0,509.0,,,0.0,,,0.0
2025-12-12 12:00:00,,,,,,,509.0,509.0,,,0.0,,,0.0
2025-12-12 13:00:00,,,,,,,509.0,509.0,,,0.0,,,0.0
2025-12-12 14:00:00,,,,,,,509.0,509.0,,,0.0,,,0.0
2025-12-12 15:00:00,,,,,,,509.0,509.0,,,0.0,,,0.0
2025-12-12 16:00:00,,,,,,,1533.0,1533.0,,,0.0,,,0.0
2025-12-12 17:00:00,,,,,,,1533.0,1533.0,,,0.0,,,0.0
2025-12-12 18:00:00,,,,,,,1533.0,1533.0,,,0.0,,,0.0
2025-12-12 19:00:00,,,,,,,1529.0,1529.0,,,0.0,,,0.0
2025-12-12 20:00:00,,,,,,,1533.0,1533.0,,,0.0,,,0.0
2025-12-12 21:00:00,,,,,,,1533.0,1533.0,,,0.0,,,0.0
2025-12-12 22:00:00,,,,,,,1533.0,1533.0,,,0.0,,,0.0
2025-12-12 23:00:00,,,,,,,1533.0,1533.0,,,0.0,,,0.0
2025-12-13 00:00:00,,,,,,,1533.0,1533.0,,,0.0,,,0.0
2025-12-13 01:00:00,,,,,,,1529.0,1529.0,,,0.0,,,0.0
2025-12-13 02:00:00,,,,,,,1533.0,1533.0,,,0.0,,,0.0
2025-12-13 03:00:00,,,,,,,1533.0,1533.0,,,0.0,,,0.0
2025-12-13 04:00:00,,,,,,,1533.0,1533.0,,,0.0,,,0.0
2025-12-13 05:00:00,,,,,,,1533.0,1533.0,,,0.0,,,0.0
2025-12-13 06:00:00,,,,,,,1533.0,1533.0,,,0.0,,,0.0
2025-12-13 07:00:00,,,,,,,1533.0,1533.0,,,0.0,,,0.0
2025-12-13 08:00:00,,,,,,,1533.0,1533.0,,,0.0,,,0.0
2025-12-13 09:00:00,,,,,,,509.0,509.0,,,0.0,,,0.0
2025-12-13 10:00:00,,,,,,,509.0,509.0,,,0.0,,,0.0
2025-12-13 11:00:00,,,,,,,509.0,509.0,,,0.0,,,0.0
2025-12-13 12:00:00,,,,,,,509.0,509.0,,,0.0,,,0.0
2025-12-13 13:00:00,,,,,,,509.0,509.0,,,0.0,,,0.0
2025-12-13 14:00:00,,,,,,,509.0,509.0,,,0.0,,,0.0
2025-12-13 15:00:00,,,,,,,509.0,509.0,,,0.0,,,0.0
2025-12-13 16:00:00,,,,,,,1533.0,1533.0,,,0.0,,,0.0
2025-12-13 17:00:00,,,,,,,1533.0,1533.0,,,0.0,,,0.0
2025-12-13 18:00:00,,,,,,,1533.0,1533.0,,,0.0,,,0.0
2025-12-13 19:00:00,,,,,,,1533.0,1533.0,,,0.0,,,0.0
2025-12-13 20:00:00,,,,,,,1533.0,1533.0,,,0.0,,,0.0
2025-12-13 21:00:00,,,,,,,1533.0,1533.0,,,0.0,,,0.0
2025-12-13 22:00:00,,,,,,,1533.0,1533.0,,,0.0,,,0.0
2025-12-13 23:00:00,,,,,,,1533.0,1533.0,,,0.0,,,0.0
2025-12-14 00:00:00,,,,,,,1533.0,1533.0,,,0.0,,,0.0
2025-12-14 01:00:00,,,,,,,1533.0,1533.0,,,0.0,,,0.0
2025-12-14 02:00:00,,,,,,,1533.0,1533.0,,,0.0,,,0.0
2025-12-14 03:00:00,,,,,,,1529.0,1529.0,,,0.0,,,0.0
2025-12-14 04:00:00,,,,,,,1533.0,1533.0,,,0.0,,,0.0
2025-12-14 05:00:00,,,,,,,1533.0,1533.0,,,0.0,,,0.0
2025-12-14 06:00:00,,,,,,,1533.0,1533.0,,,0.0,,,0.0
2025-12-14 07:00:00,,,,,,,1533.0,1533.0,,,0.0,,,0.0
2025-12-14 08:00:00,,,,,,,1533.0,1533.0,,,0.0,,,0.0
2025-12-14 09:00:00,,,,,,,509.0,509.0,,,0.0,,,0.0
2025-12-14 10:00:00,,,,,,,509.0,509.0,,,0.0,,,0.0
2025-12-14 11:00:00,,,,,,,509.0,509.0,,,0.0,,,0.0
2025-12-14 12:00:00,,,,,,,249.0,248.0,0.7312,0.40899998,4.0,0.74039996,0.26749998,4.0
2025-12-14 13:00:00,,,,,,,2553.0,2552.0,0.3554,0.0,1.0,1.1775,0.0,1.0
2025-12-14 14:00:00,,,,,,,509.0,509.0,0.5208,0.2474,4.0,0.9362,0.2673,4.0
2025-12-14 15:00:00,,,,,,,509.0,509.0,,,0.0,,,0.0
2025-12-14 16:00:00,,,,,,,1533.0,1533.0,,,0.0,,,0.0
2025-12-14 17:00:00,,,,,,,1533.0,1533.0,,,0.0,,,0.0
2025-12-14 18:00:00,,,,,,,1529.0,1529.0,,,0.0,,,0.0
2025-12-14 19:00:00,,,,,,,1273.0,1273.0,,,0.0,,,0.0
2025-12-14 20:00:00,,,,,,,1529.0,1529.0,,,0.0,,,0.0
2025-12-14 21:00:00,,,,,,,1533.0,1533.0,,,0.0,,,0.0
2025-12-14 22:00:00,,,,,,,1273.0,1273.0,,,0.0,,,0.0
2025-12-14 23:00:00,,,,,,,1273.0,1273.0,,,0.0,,,0.0
2025-12-15 00:00:00,,,,,,,1273.0,1273.0,,,0.0,,,0.0
2025-12-15 01:00:00,,,,,,,1273.0,1273.0,,,0.0,,,0.0
2025-12-15 02:00:00,,,,,,,1273.0,1273.0,,,0.0,,,0.0
2025-12-15 03:00:00,,,,,,,1273.0,1273.0,,,0.0,,,0.0
2025-12-15 04:00:00,,,,,,,1273.0,1273.0,,,0.0,,,0.0
2025-12-15 05:00:00,,,,,,,1273.0,1273.0,,,0.0,,,0.0
2025-12-15 06:00:00,,,,,,,1273.0,1273.0,,,0.0,,,0.0
2025-12-15 07:00:00,,,,,,,1533.0,1533.0,,,0.0,,,0.0
2025-12-15 08:00:00,,,,,,,1533.0,1533.0,,,0.0,,,0.0
2025-12-15 09:00:00,,,,,,,509.0,509.0,,,0.0,,,0.0
2025-12-15 10:00:00,,,,,,,509.0,509.0,,,0.0,,,0.0
2025-12-15 11:00:00,,,,,,,509.0,509.0,0.908,0.0116,2.0,1.1018,0.13229996,2.0
2025-12-15 12:00:00,,,,,,,509.0,509.0,,,0.0,,,0.0
2025-12-15 13:00:00,,,,,,,509.0,509.0,,,0.0,,,0.0
2025-12-15 14:00:00,,,,,,,249.0,249.0,0.664,0.1838,5.0,1.0920999,0.14069998,5.0
2025-12-15 15:00:00,0.48619998,0.3608,0.1077,0.1065,0.72379994,0.9836999,0.0,0.0,0.48979998,0.0818,5.0,0.99829996,0.058399975,5.0
2025-12-15 16:00:00,0.46379998,,,,0.64199996,,1025.0,1273.0,0.3256,0.0138,3.0,1.1083,0.06799996,3.0
2025-12-15 17:00:00,,,,,,,1273.0,1273.0,,,0.0,,,0.0
2025-12-15 18:00:00,,,,,,,1273.0,1273.0,,,0.0,,,0.0
2025-12-15 19:00:00,,,,,,,1273.0,1273.0,,,0.0,,,0.0
2025-12-15 20:00:00,,,,,,,1273.0,1273.0,,,0.0,,,0.0
2025-12-15 21:00:00,,,,,,,1273.0,1273.0,,,0.0,,,0.0
2025-12-15 22:00:00,,,,,,,1273.0,1273.0,,,0.0,,,0.0
2025-12-15 23:00:00,,,,,,,1273.0,1273.0,,,0.0,,,0.0
2025-12-16 00:00:00,,,,,,,1533.0,1533.0,,,0.0,,,0.0
2025-12-16 01:00:00,,,,,,,1273.0,1273.0,,,0.0,,,0.0
2025-12-16 02:00:00,,,,,,,1529.0,1529.0,,,0.0,,,0.0
2025-12-16 03:00:00,,,,,,,1273.0,1273.0,,,0.0,,,0.0
2025-12-16 04:00:00,,,,,,,1273.0,1273.0,,,0.0,,,0.0
2025-12-16 05:00:00,,,,,,,1273.0,1273.0,,,0.0,,,0.0
2025-12-16 06:00:00,,,,,,,1273.0,1273.0,,,0.0,,,0.0
2025-12-16 07:00:00,,,,,,,1533.0,1533.0,,,0.0,,,0.0
2025-12-16 08:00:00,,,,,,,1533.0,1533.0,,,0.0,,,0.0
2025-12-16 09:00:00,,,,,,,509.0,509.0,,,0.0,,,0.0
2025-12-16 10:00:00,,,,,,,509.0,509.0,,,0.0,,,0.0
2025-12-16 11:00:00,,0.0,,3.2768,,0.0001,248.0,0.0,,,0.0,,,0.0
2025-12-16 12:00:00,,,,,,,509.0,509.0,,,0.0,,,0.0
2025-12-16 13:00:00,,,,,,,509.0,509.0,,,0.0,,,0.0
2025-12-16 14:00:00,,,,,,,509.0,509.0,,,0.0,,,0.0
2025-12-16 15:00:00,,,,,,,509.0,509.0,,,0.0,,,0.0
2025-12-16 16:00:00,,,,,,,1533.0,1533.0,,,0.0,,,0.0
2025-12-16 17:00:00,,,,,,,1273.0,1273.0,,,0.0,,,0.0
2025-12-16 18:00:00,,,,,,,1273.0,1273.0,,,0.0,,,0.0
2025-12-16 19:00:00,,,,,,,1529.0,1529.0,,,0.0,,,0.0
2025-12-16 20:00:00,,,,,,,1273.0,1273.0,,,0.0,,,0.0
2025-12-16 21:00:00,,,,,,,1273.0,1273.0,,,0.0,,,0.0
2025-12-16 22:00:00,,,,,,,1273.0,1273.0,,,0.0,,,0.0
2025-12-16 23:00:00,,,,,,,1529.0,1529.0,,,0.0,,,0.0
2025-12-17 00:00:00,,,,,,,1273.0,1273.0,,,0.0,,,0.0
2025-12-17 01:00:00,,,,,,,1273.0,1273.0,,,0.0,,,0.0
2025-12-17 02:00:00,,,,,,,1273.0,1273.0,,,0.0,,,0.0
2025-12-17 03:00:00,,,,,,,1273.0,1273.0,,,0.0,,,0.0
2025-12-17 04:00:00,,,,,,,1529.0,1529.0,,,0.0,,,0.0
2025-12-17 05:00:00,,,,,,,1533.0,1533.0,,,0.0,,,0.0
2025-12-17 06:00:00,,,,,,,1529.0,1529.0,,,0.0,,,0.0
2025-12-17 07:00:00,,,,,,,1533.0,1533.0,,,0.0,,,0.0
2025-12-17 08:00:00,,,,,,,1533.0,1533.0,,,0.0,,,0.0
2025-12-17 09:00:00,,,,,,,509.0,509.0,,,0.0,,,0.0
2025-12-17 10:00:00,,,,,,,509.0,509.0,,,0.0,,,0.0
2025-12-17 11:00:00,,,,,,,509.0,509.0,,,0.0,,,0.0
2025-12-17 12:00:00,,,,,,,509.0,509.0,,,0.0,,,0.0
2025-12-17 13:00:00,,,,,,,509.0,509.0,,,0.0,,,0.0
2025-12-17 14:00:00,,,,,,,509.0,509.0,,,0.0,,,0.0
2025-12-17 15:00:00,,,,,,,509.0,509.0,,,0.0,,,0.0
2025-12-17 16:00:00,,,,,,,1533.0,1533.0,1.046,0.0,1.0,0.4378,0.0,1.0
2025-12-17 17:00:00,,,,,,,1533.0,1533.0,,,0.0,,,0.0
2025-12-17 18:00:00,,,,,,,1529.0,1529.0,,,0.0,,,0.0
2025-12-17 19:00:00,,,,,,,1529.0,1529.0,,,0.0,,,0.0
2025-12-17 20:00:00,,,,,,,1529.0,1529.0,,,0.0,,,0.0
2025-12-17 21:00:00,,,,,,,1533.0,1533.0,,,0.0,,,0.0
2025-12-17 22:00:00,,,,,,,1273.0,1273.0,,,0.0,,,0.0
2025-12-17 23:00:00,,,,,,,1529.0,1529.0,,,0.0,,,0.0
2025-12-18 00:00:00,,,,,,,1529.0,1529.0,,,0.0,,,0.0
2025-12-18 01:00:00,,,,,,,1529.0,1529.0,,,0.0,,,0.0
2025-12-18 02:00:00,,,,,,,1533.0,1533.0,,,0.0,,,0.0
2025-12-18 03:00:00,,,,,,,1529.0,1529.0,,,0.0,,,0.0
2025-12-18 04:00:00,,,,,,,1533.0,1533.0,,,0.0,,,0.0
2025-12-18 05:00:00,,,,,,,1529.0,1529.0,,,0.0,,,0.0
2025-12-18 06:00:00,,,,,,,1273.0,1273.0,,,0.0,,,0.0
2025-12-18 08:00:00,,,,,,,1529.0,1529.0,,,0.0,,,0.0
2025-12-18 09:00:00,,,,,,,509.0,509.0,0.65279996,0.2096,3.0,1.2247,0.17329997,3.0
2025-12-18 10:00:00,,,,,,,505.0,504.0,0.5628,0.0,1.0,0.9441,0.0,1.0
2025-12-18 11:00:00,,,,,,,249.0,248.0,0.5768,0.1094,6.0,0.9642999,0.14129996,6.0
2025-12-18 12:00:00,,,,,,,509.0,509.0,0.8314,0.0598,3.0,0.89489996,0.048099995,3.0
2025-12-18 13:00:00,,,,,,,509.0,509.0,1.2902,0.0,1.0,0.8054,0.0,1.0
2025-12-18 14:00:00,,,,,,,509.0,509.0,,,0.0,,,0.0
2025-12-18 15:00:00,,,,,,,509.0,509.0,,,0.0,,,0.0
2025-12-18 16:00:00,,,,,,,1533.0,1533.0,,,0.0,,,0.0
2025-12-18 17:00:00,,,,,,,1273.0,1273.0,,,0.0,,,0.0
2025-12-18 18:00:00,,,,,,,1533.0,1533.0,,,0.0,,,0.0
2025-12-18 19:00:00,,,,,,,1533.0,1533.0,,,0.0,,,0.0
2025-12-18 20:00:00,,,,,,,1533.0,1533.0,,,0.0,,,0.0
2025-12-18 21:00:00,,,,,,,1273.0,1273.0,,,0.0,,,0.0
2025-12-18 22:00:00,,,,,,,1273.0,1273.0,,,0.0,,,0.0
2025-12-18 23:00:00,,,,,,,1273.0,1273.0,,,0.0,,,0.0
2025-12-19 00:00:00,,,,,,,1273.0,1273.0,,,0.0,,,0.0
2025-12-19 01:00:00,,,,,,,1273.0,1273.0,,,0.0,,,0.0
2025-12-19 02:00:00,,,,,,,1273.0,1273.0,,,0.0,,,0.0
2025-12-19 03:00:00,,,,,,,1273.0,1273.0,,,0.0,,,0.0
2025-12-19 04:00:00,,,,,,,1273.0,1273.0,,,0.0,,,0.0
2025-12-19 05:00:00,,,,,,,1273.0,1273.0,,,0.0,,,0.0
2025-12-19 06:00:00,,,,,,,1273.0,1273.0,,,0.0,,,0.0
2025-12-19 07:00:00,,,,,,,1273.0,1273.0,,,0.0,,,0.0
2025-12-19 08:00:00,,,,,,,1529.0,1529.0,,,0.0,,,0.0
2025-12-19 09:00:00,,0.6824,,0.3299,,,2296.0,2240.0,1.1144,0.2522,4.0,1.6979,0.148,4.0
2025-12-19 10:00:00,0.5972,,,,,,453.0,509.0,1.1788,0.2198,4.0,1.2917999,0.18739998,4.0
2025-12-19 11:00:00,,,,,,,509.0,509.0,,,0.0,,,0.0
2025-12-19 12:00:00,,,,,,,509.0,509.0,,,0.0,,,0.0
2025-12-19 13:00:00,,,,,,,505.0,504.0,1.0892,0.0,1.0,0.727,0.0,1.0
2025-12-19 14:00:00,,,,,,,249.0,248.0,0.80439997,0.0414,4.0,0.8952999,0.10499996,4.0
2025-12-19 15:00:00,,,,,,,249.0,248.0,0.7388,0.058599997,6.0,0.9403,0.16109997,6.0
2025-12-19 16:00:00,,,,,,,1273.0,1273.0,0.7808,0.0358,3.0,1.1213,0.10899997,3.0
2025-12-19 17:00:00,,,,,,,1273.0,1273.0,,,0.0,,,0.0
2025-12-19 18:00:00,,,,,,,1273.0,1273.0,,,0.0,,,0.0
2025-12-19 19:00:00,,,,,,,1273.0,1273.0,,,0.0,,,0.0
2025-12-19 20:00:00,,,,,,,1273.0,1273.0,,,0.0,,,0.0
2025-12-19 21:00:00,,,,,,,1273.0,1273.0,,,0.0,,,0.0
2025-12-19 22:00:00,,,,,,,1273.0,1273.0,,,0.0,,,0.0
2025-12-19 23:00:00,,,,,,,1529.0,1529.0,,,0.0,,,0.0
2025-12-20 00:00:00,,,,,,,1529.0,1529.0,,,0.0,,,0.0
2025-12-20 01:00:00,,,,,,,1529.0,1529.0,,,0.0,,,0.0
2025-12-20 02:00:00,,,,,,,1273.0,1273.0,,,0.0,,,0.0
2025-12-20 03:00:00,,,,,,,1533.0,1533.0,,,0.0,,,0.0
2025-12-20 04:00:00,,,,,,,1533.0,1533.0,,,0.0,,,0.0
2025-12-20 05:00:00,,,,,,,1529.0,1529.0,,,0.0,,,0.0
2025-12-20 06:00:00,,,,,,,1529.0,1529.0,,,0.0,,,0.0
2025-12-20 07:00:00,,,,,,,1533.0,1533.0,,,0.0,,,0.0
2025-12-20 08:00:00,,,,,,,1533.0,1533.0,,,0.0,,,0.0
2025-12-20 09:00:00,,,,,,,509.0,509.0,,,0.0,,,0.0
2025-12-20 10:00:00,,,,,,,509.0,509.0,,,0.0,,,0.0
2025-12-20 11:00:00,,,,,,,509.0,509.0,,,0.0,,,0.0
2025-12-20 12:00:00,,,,,,,509.0,509.0,,,0.0,,,0.0
2025-12-20 13:00:00,,,,,,,509.0,509.0,,,0.0,,,0.0
2025-12-20 14:00:00,,,,,,,509.0,509.0,,,0.0,,,0.0
2025-12-20 15:00:00,,,,,,,509.0,509.0,,,0.0,,,0.0
2025-12-20 16:00:00,,,,,,,1533.0,1533.0,0.2904,0.0,1.0,1.2709,0.0,1.0
2025-12-20 17:00:00,,,,,,,1273.0,1273.0,,,0.0,,,0.0
2025-12-20 18:00:00,,,,,,,1529.0,1529.0,,,0.0,,,0.0
2025-12-20 19:00:00,,,,,,,1273.0,1273.0,,,0.0,,,0.0
2025-12-20 20:00:00,,,,,,,1533.0,1533.0,,,0.0,,,0.0
2025-12-20 21:00:00,,,,,,,1529.0,1529.0,,,0.0,,,0.0
2025-12-20 22:00:00,,,,,,,1273.0,1273.0,,,0.0,,,0.0
2025-12-20 23:00:00,,,,,,,1529.0,1529.0,,,0.0,,,0.0
2025-12-21 00:00:00,,,,,,,1273.0,1273.0,,,0.0,,,0.0
2025-12-21 01:00:00,,,,,,,1529.0,1529.0,,,0.0,,,0.0
2025-12-21 02:00:00,,,,,,,1533.0,1533.0,,,0.0,,,0.0
2025-12-21 03:00:00,,,,,,,1529.0,1529.0,,,0.0,,,0.0
2025-12-21 04:00:00,,,,,,,1533.0,1533.0,,,0.0,,,0.0
2025-12-21 05:00:00,,,,,,,1533.0,1533.0,,,0.0,,,0.0
2025-12-21 06:00:00,,,,,,,1529.0,1529.0,,,0.0,,,0.0
2025-12-21 07:00:00,,,,,,,1533.0,1533.0,,,0.0,,,0.0
2025-12-21 08:00:00,,,,,,,1529.0,1529.0,,,0.0,,,0.0
2025-12-21 09:00:00,,,,,,,249.0,248.0,0.7628,0.1704,6.0,1.3299999,0.1351,6.0
2025-12-21 10:00:00,0.43219998,,,,,,453.0,509.0,0.45139998,0.042,5.0,1.1133,0.0123000145,5.0
2025-12-21 11:00:00,,,,,,,509.0,509.0,,,0.0,,,0.0
2025-12-21 12:00:00,,,,,,,509.0,509.0,,,0.0,,,0.0
2025-12-21 13:00:00,,,,,,,509.0,509.0,,,0.0,,,0.0
2025-12-21 14:00:00,,,,,,,509.0,509.0,,,0.0,,,0.0
2025-12-21 15:00:00,,,,,,,509.0,509.0,0.9924,0.074999996,2.0,1.0876,0.03969997,2.0
2025-12-21 16:00:00,,,,,,,1533.0,1533.0,0.9916,0.0,1.0,1.0899,0.0,1.0
2025-12-21 17:00:00,,,,,,,1273.0,1273.0,,,0.0,,,0.0
2025-12-21 18:00:00,,,,,,,1273.0,1273.0,,,0.0,,,0.0
2025-12-21 19:00:00,,,,,,,1529.0,1529.0,,,0.0,,,0.0
2025-12-21 20:00:00,,,,,,,1273.0,1273.0,,,0.0,,,0.0
2025-12-21 21:00:00,,,,,,,1273.0,1273.0,,,0.0,,,0.0
2025-12-21 22:00:00,,,,,,,1273.0,1273.0,,,0.0,,,0.0
2025-12-21 23:00:00,,,,,,,1533.0,1533.0,,,0.0,,,0.0
2025-12-22 00:00:00,,,,,,,1273.0,1273.0,,,0.0,,,0.0
2025-12-22 01:00:00,,,,,,,1529.0,1529.0,,,0.0,,,0.0
2025-12-22 02:00:00,,,,,,,1533.0,1533.0,,,0.0,,,0.0
2025-12-22 03:00:00,,,,,,,1529.0,1529.0,,,0.0,,,0.0
2025-12-22 04:00:00,,,,,,,1533.0,1533.0,,,0.0,,,0.0
2025-12-22 05:00:00,,,,,,,1529.0,1529.0,,,0.0,,,0.0
2025-12-22 06:00:00,,,,,,,1529.0,1529.0,,,0.0,,,0.0
2025-12-22 07:00:00,,,,,,,1533.0,1533.0,,,0.0,,,0.0
2025-12-22 08:00:00,,,,,,,1533.0,1533.0,,,0.0,,,0.0
2025-12-22 09:00:00,,,,,,,509.0,509.0,,,0.0,,,0.0
2025-12-22 10:00:00,,,,,,,509.0,509.0,,,0.0,,,0.0
2025-12-22 11:00:00,,,,,,,509.0,509.0,,,0.0,,,0.0
2025-12-22 12:00:00,,,,,,,509.0,509.0,,,0.0,,,0.0
2025-12-22 13:00:00,,,,,,,509.0,509.0,,,0.0,,,0.0
2025-12-22 14:00:00,,,,,,,509.0,509.0,,,0.0,,,0.0
2025-12-22 15:00:00,,,,,,,509.0,509.0,,,0.0,,,0.0
2025-12-22 16:00:00,,,,,,,1533.0,1533.0,,,0.0,,,0.0
2025-12-22 17:00:00,,,,,,,1273.0,1273.0,,,0.0,,,0.0
2025-12-22 18:00:00,,,,,,,1273.0,1273.0,,,0.0,,,0.0
2025-12-22 19:00:00,,,,,,,1273.0,1273.0,,,0.0,,,0.0
2025-12-22 20:00:00,,,,,,,1273.0,1273.0,,,0.0,,,0.0
2025-12-22 21:00:00,,,,,,,1533.0,1533.0,,,0.0,,,0.0
2025-12-22 22:00:00,,,,,,,1273.0,1273.0,,,0.0,,,0.0
2025-12-22 23:00:00,,,,,,,1273.0,1273.0,,,0.0,,,0.0
2025-12-23 00:00:00,,,,,,,1273.0,1273.0,,,0.0,,,0.0
2025-12-23 01:00:00,,,,,,,1533.0,1533.0,,,0.0,,,0.0
2025-12-23 02:00:00,,,,,,,1533.0,1533.0,,,0.0,,,0.0
2025-12-23 03:00:00,,,,,,,1529.0,1529.0,,,0.0,,,0.0
2025-12-23 04:00:00,,,,,,,1533.0,1533.0,,,0.0,,,0.0
2025-12-23 05:00:00,,,,,,,1529.0,1529.0,,,0.0,,,0.0
2025-12-23 06:00:00,,,,,,,1533.0,1533.0,,,0.0,,,0.0
2025-12-23 07:00:00,,,,,,,1533.0,1533.0,,,0.0,,,0.0
2025-12-23 08:00:00,,,,,,,1533.0,1533.0,,,0.0,,,0.0
2025-12-23 09:00:00,,,,,,,509.0,509.0,,,0.0,,,0.0
2025-12-23 10:00:00,,,,,,,509.0,509.0,,,0.0,,,0.0
2025-12-23 11:00:00,,,,,,,509.0,509.0,,,0.0,,,0.0
2025-12-23 12:00:00,,,,,,,509.0,509.0,,,0.0,,,0.0
2025-12-23 13:00:00,,,,,,,509.0,509.0,,,0.0,,,0.0
2025-12-23 14:00:00,,,,,,,509.0,509.0,,,0.0,,,0.0
2025-12-23 15:00:00,,,,,,,509.0,509.0,,,0.0,,,0.0
2025-12-23 16:00:00,,,,,,,1533.0,1533.0,,,0.0,,,0.0
2025-12-23 17:00:00,,,,,,,1529.0,1529.0,,,0.0,,,0.0
2025-12-23 18:00:00,,,,,,,1533.0,1533.0,,,0.0,,,0.0
2025-12-23 19:00:00,,,,,,,1529.0,1529.0,,,0.0,,,0.0
2025-12-23 20:00:00,,,,,,,1529.0,1529.0,,,0.0,,,0.0
2025-12-23 21:00:00,,,,,,,1529.0,1529.0,,,0.0,,,0.0
2025-12-23 22:00:00,,,,,,,1529.0,1529.0,,,0.0,,,0.0
2025-12-23 23:00:00,,,,,,,1529.0,1529.0,,,0.0,,,0.0
2025-12-24 00:00:00,,,,,,,1533.0,1533.0,,,0.0,,,0.0
2025-12-24 01:00:00,,,,,,,1529.0,1529.0,,,0.0,,,0.0
2025-12-24 02:00:00,,,,,,,1529.0,1529.0,,,0.0,,,0.0
2025-12-24 03:00:00,,,,,,,1273.0,1273.0,,,0.0,,,0.0
2025-12-24 04:00:00,,,,,,,1533.0,1533.0,,,0.0,,,0.0
2025-12-24 05:00:00,,,,,,,1529.0,1529.0,,,0.0,,,0.0
2025-12-24 06:00:00,,,,,,,1533.0,1533.0,,,0.0,,,0.0
2025-12-24 07:00:00,,,,,,,1533.0,1533.0,,,0.0,,,0.0
2025-12-24 08:00:00,,,,,,,1533.0,1533.0,,,0.0,,,0.0
2025-12-24 09:00:00,,,,,,,509.0,509.0,,,0.0,,,0.0
2025-12-24 10:00:00,,,,,,,509.0,509.0,,,0.0,,,0.0
2025-12-24 11:00:00,,,,,,,509.0,509.0,,,0.0,,,0.0
2025-12-24 12:00:00,,,,,,,509.0,509.0,,,0.0,,,0.0
2025-12-24 13:00:00,,,,,,,509.0,509.0,,,0.0,,,0.0
2025-12-24 14:00:00,,,,,,,509.0,509.0,,,0.0,,,0.0
2025-12-24 15:00:00,,,,,,,509.0,509.0,,,0.0,,,0.0
2025-12-24 16:00:00,,,,,,,1533.0,1533.0,,,0.0,,,0.0
2025-12-24 17:00:00,,,,,,,1529.0,1529.0,,,0.0,,,0.0
2025-12-24 18:00:00,,,,,,,1533.0,1533.0,,,0.0,,,0.0
2025-12-24 19:00:00,,,,,,,1533.0,1533.0,,,0.0,,,0.0
2025-12-24 20:00:00,,,,,,,1533.0,1533.0,,,0.0,,,0.0
2025-12-24 21:00:00,,,,,,,1533.0,1533.0,,,0.0,,,0.0
2025-12-24 22:00:00,,,,,,,1529.0,1529.0,,,0.0,,,0.0
2025-12-24 23:00:00,,,,,,,1529.0,1529.0,,,0.0,,,0.0
2025-12-25 00:00:00,,,,,,,1533.0,1533.0,,,0.0,,,0.0
2025-12-25 01:00:00,,,,,,,1533.0,1533.0,,,0.0,,,0.0
2025-12-25 02:00:00,,,,,,,1533.0,1533.0,,,0.0,,,0.0
2025-12-25 03:00:00,,,,,,,1533.0,1533.0,,,0.0,,,0.0
2025-12-25 04:00:00,,,,,,,1533.0,1533.0,,,0.0,,,0.0
2025-12-25 05:00:00,,,,,,,1533.0,1533.0,,,0.0,,,0.0
2025-12-25 06:00:00,,,,,,,1533.0,1533.0,,,0.0,,,0.0
2025-12-25 07:00:00,,,,,,,1533.0,1533.0,,,0.0,,,0.0
2025-12-25 08:00:00,,,,,,,1533.0,1533.0,,,0.0,,,0.0
2025-12-25 09:00:00,,,,,,,509.0,509.0,,,0.0,,,0.0
2025-12-25 10:00:00,,,,,,,509.0,509.0,,,0.0,,,0.0
2025-12-25 11:00:00,,,,,,,509.0,509.0,,,0.0,,,0.0
2025-12-25 12:00:00,,,,,,,509.0,509.0,,,0.0,,,0.0
2025-12-25 13:00:00,,,,,,,509.0,509.0,,,0.0,,,0.0
2025-12-25 14:00:00,,,,,,,509.0,509.0,,,0.0,,,0.0
2025-12-25 15:00:00,,,,,,,509.0,509.0,,,0.0,,,0.0
2025-12-25 16:00:00,,,,,,,1533.0,1533.0,,,0.0,,,0.0
2025-12-25 17:00:00,,,,,,,1533.0,1533.0,,,0.0,,,0.0
2025-12-25 18:00:00,,,,,,,1533.0,1533.0,,,0.0,,,0.0
2025-12-25 19:00:00,,,,,,,1529.0,1529.0,,,0.0,,,0.0
2025-12-25 20:00:00,,,,,,,1533.0,1533.0,,,0.0,,,0.0
2025-12-25 21:00:00,,,,,,,1529.0,1529.0,,,0.0,,,0.0
2025-12-25 22:00:00,,,,,,,1533.0,1533.0,,,0.0,,,0.0
2025-12-25 23:00:00,,,,,,,1529.0,1529.0,,,0.0,,,0.0
2025-12-26 00:00:00,,,,,,,1273.0,1273.0,,,0.0,,,0.0
2025-12-26 01:00:00,,,,,,,1273.0,1273.0,,,0.0,,,0.0
2025-12-26 02:00:00,,,,,,,1529.0,1529.0,,,0.0,,,0.0
2025-12-26 03:00:00,,,,,,,1529.0,1529.0,,,0.0,,,0.0
2025-12-26 04:00:00,,,,,,,1533.0,1533.0,,,0.0,,,0.0
2025-12-26 05:00:00,,,,,,,1273.0,1273.0,,,0.0,,,0.0
2025-12-26 06:00:00,,,,,,,1273.0,1273.0,,,0.0,,,0.0
2025-12-26 07:00:00,,,,,,,1533.0,1533.0,,,0.0,,,0.0
2025-12-26 08:00:00,,,,,,,1533.0,1533.0,,,0.0,,,0.0
2025-12-26 09:00:00,,0.35619998,,0.9554,,,248.0,192.0,0.57879996,0.1302,4.0,0.9,0.051499963,4.0
2025-12-26 10:00:00,0.1972,,,,,,193.0,248.0,0.2962,0.107599996,6.0,1.0114,0.036300004,6.0
2025-12-26 11:00:00,0.195,0.3366,0.90999997,0.9098,,,192.0,192.0,0.30519998,0.0722,6.0,1.0346,0.032299995,6.0
2025-12-26 12:00:00,0.1938,0.19559999,0.3703,0.3703,,,192.0,192.0,0.2182,0.015,6.0,1.0802,0.007099986,6.0
2025-12-26 13:00:00,0.1788,0.1454,0.26,0.2599,,,192.0,192.0,0.152,0.0178,6.0,1.1179999,0.005800009,6.0
2025-12-26 14:00:00,0.1934,0.242,0.7694,0.7694,,,192.0,192.0,0.227,0.045599997,6.0,1.1107999,0.014800012,6.0
2025-12-26 15:00:00,0.2244,0.234,0.6477,0.6477,,,2240.0,2240.0,0.2738,0.0212,6.0,1.1064999,0.008000016,6.0
2025-12-26 16:00:00,0.2548,,,,,,1217.0,1273.0,0.2698,0.0084,3.0,1.1291,0.010199964,3.0
2025-12-26 17:00:00,,,,,,,1273.0,1273.0,,,0.0,,,0.0
2025-12-26 18:00:00,,,,,,,1273.0,1273.0,,,0.0,,,0.0
2025-12-26 19:00:00,,,,,,,1533.0,1533.0,,,0.0,,,0.0
2025-12-26 20:00:00,,,,,,,1529.0,1529.0,,,0.0,,,0.0
2025-12-26 21:00:00,,,,,,,1529.0,1529.0,,,0.0,,,0.0
2025-12-26 22:00:00,,,,,,,1273.0,1273.0,,,0.0,,,0.0
2025-12-26 23:00:00,,,,,,,1273.0,1273.0,,,0.0,,,0.0
2025-12-27 00:00:00,,,,,,,1529.0,1529.0,,,0.0,,,0.0
2025-12-27 01:00:00,,,,,,,1529.0,1529.0,,,0.0,,,0.0
2025-12-27 02:00:00,,,,,,,1273.0,1273.0,,,0.0,,,0.0
2025-12-27 03:00:00,,,,,,,1273.0,1273.0,,,0.0,,,0.0
2025-12-27 04:00:00,,,,,,,1273.0,1273.0,,,0.0,,,0.0
2025-12-27 05:00:00,,,,,,,1273.0,1273.0,,,0.0,,,0.0
2025-12-27 06:00:00,,,,,,,1273.0,1273.0,,,0.0,,,0.0
2025-12-27 07:00:00,,,,,,,1533.0,1533.0,,,0.0,,,0.0
2025-12-27 08:00:00,,,,,,,1533.0,1533.0,,,0.0,,,0.0
2025-12-27 09:00:00,,,,,,,509.0,509.0,,,0.0,,,0.0
2025-12-27 10:00:00,,,,,,,509.0,509.0,,,0.0,,,0.0
2025-12-27 11:00:00,,,,,,,509.0,509.0,,,0.0,,,0.0
2025-12-27 12:00:00,,,,,,,509.0,509.0,,,0.0,,,0.0
2025-12-27 13:00:00,,,,,,,509.0,509.0,,,0.0,,,0.0
2025-12-27 14:00:00,,,,,,,509.0,509.0,,,0.0,,,0.0
2025-12-27 15:00:00,,,,,,,509.0,509.0,,,0.0,,,0.0
2025-12-27 16:00:00,,,,,,,1533.0,1533.0,,,0.0,,,0.0
2025-12-27 17:00:00,,,,,,,1273.0,1273.0,,,0.0,,,0.0
2025-12-27 18:00:00,,,,,,,1273.0,1273.0,,,0.0,,,0.0
2025-12-27 19:00:00,,,,,,,1273.0,1273.0,,,0.0,,,0.0
2025-12-27 20:00:00,,,,,,,1273.0,1273.0,,,0.0,,,0.0
2025-12-27 21:00:00,,,,,,,1273.0,1273.0,,,0.0,,,0.0
2025-12-27 22:00:00,,,,,,,1273.0,1273.0,,,0.0,,,0.0
2025-12-27 23:00:00,,,,,,,1273.0,1273.0,,,0.0,,,0.0
2025-12-28 00:00:00,,,,,,,1273.0,1273.0,,,0.0,,,0.0
2025-12-28 01:00:00,,,,,,,1273.0,1273.0,,,0.0,,,0.0
2025-12-28 02:00:00,,,,,,,1273.0,1273.0,,,0.0,,,0.0
2025-12-28 03:00:00,,,,,,,1273.0,1273.0,,,0.0,,,0.0
2025-12-28 04:00:00,,,,,,,1273.0,1273.0,,,0.0,,,0.0
2025-12-28 05:00:00,,,,,,,1273.0,1273.0,,,0.0,,,0.0
2025-12-28 06:00:00,,,,,,,1273.0,1273.0,,,0.0,,,0.0
2025-12-28 07:00:00,,,,,,,1533.0,1533.0,,,0.0,,,0.0
2025-12-28 08:00:00,,,,,,,1533.0,1533.0,,,0.0,,,0.0
2025-12-28 09:00:00,,,,,,,509.0,509.0,,,0.0,,,0.0
2025-12-28 10:00:00,,,,,,,509.0,509.0,,,0.0,,,0.0
2025-12-28 11:00:00,,,,,,,509.0,509.0,,,0.0,,,0.0
2025-12-28 12:00:00,,,,,,,509.0,509.0,,,0.0,,,0.0
2025-12-28 13:00:00,,,,,,,509.0,509.0,,,0.0,,,0.0
2025-12-28 14:00:00,,,,,,,509.0,509.0,,,0.0,,,0.0
2025-12-28 15:00:00,,,,,,,509.0,509.0,,,0.0,,,0.0
2025-12-28 16:00:00,,,,,,,1533.0,1533.0,,,0.0,,,0.0
2025-12-28 17:00:00,,,,,,,1273.0,1273.0,,,0.0,,,0.0
2025-12-28 18:00:00,,,,,,,1273.0,1273.0,,,0.0,,,0.0
2025-12-28 19:00:00,,,,,,,1273.0,1273.0,,,0.0,,,0.0
2025-12-28 20:00:00,,,,,,,1529.0,1529.0,,,0.0,,,0.0
2025-12-28 21:00:00,,,,,,,1273.0,1273.0,,,0.0,,,0.0
2025-12-28 22:00:00,,,,,,,1273.0,1273.0,,,0.0,,,0.0
2025-12-28 23:00:00,,,,,,,1273.0,1273.0,,,0.0,,,0.0
2025-12-29 00:00:00,,,,,,,1273.0,1273.0,,,0.0,,,0.0
2025-12-29 01:00:00,,,,,,,1273.0,1273.0,,,0.0,,,0.0
2025-12-29 02:00:00,,,,,,,1273.0,1273.0,,,0.0,,,0.0
2025-12-29 03:00:00,,,,,,,1273.0,1273.0,,,0.0,,,0.0
2025-12-29 04:00:00,,,,,,,1273.0,1273.0,,,0.0,,,0.0
2025-12-29 05:00:00,,,,,,,1273.0,1273.0,,,0.0,,,0.0
2025-12-29 06:00:00,,,,,,,1273.0,1273.0,,,0.0,,,0.0
2025-12-29 07:00:00,,,,,,,1533.0,1533.0,,,0.0,,,0.0
2025-12-29 08:00:00,,,,,,,1533.0,1533.0,,,0.0,,,0.0
2025-12-29 09:00:00,,,,,,,509.0,509.0,,,0.0,,,0.0
2025-12-29 10:00:00,,,,,,,509.0,509.0,,,0.0,,,0.0
2025-12-29 11:00:00,,,,,,,509.0,509.0,,,0.0,,,0.0
2025-12-29 12:00:00,,,,,,,509.0,509.0,,,0.0,,,0.0
2025-12-29 13:00:00,,,,,,,509.0,509.0,,,0.0,,,0.0
2025-12-29 14:00:00,,,,,,,509.0,509.0,,,0.0,,,0.0
2025-12-29 15:00:00,,,,,,,509.0,509.0,,,0.0,,,0.0
2025-12-29 16:00:00,,,,,,,1533.0,1533.0,,,0.0,,,0.0
2025-12-29 17:00:00,,,,,,,1273.0,1273.0,,,0.0,,,0.0
2025-12-29 18:00:00,,,,,,,1273.0,1273.0,,,0.0,,,0.0
2025-12-29 19:00:00,,,,,,,1273.0,1273.0,,,0.0,,,0.0
2025-12-29 20:00:00,,,,,,,1273.0,1273.0,,,0.0,,,0.0
2025-12-29 21:00:00,,,,,,,1273.0,1273.0,,,0.0,,,0.0
2025-12-29 22:00:00,,,,,,,1273.0,1273.0,,,0.0,,,0.0
2025-12-29 23:00:00,,,,,,,1273.0,1273.0,,,0.0,,,0.0
2025-12-30 00:00:00,,,,,,,1273.0,1273.0,,,0.0,,,0.0
2025-12-30 01:00:00,,,,,,,1273.0,1273.0,,,0.0,,,0.0
2025-12-30 02:00:00,,,,,,,1273.0,1273.0,,,0.0,,,0.0
2025-12-30 03:00:00,,,,,,,1273.0,1273.0,,,0.0,,,0.0
2025-12-30 04:00:00,,,,,,,1273.0,1273.0,,,0.0,,,0.0
2025-12-30 05:00:00,,,,,,,1273.0,1273.0,,,0.0,,,0.0
2025-12-30 06:00:00,,,,,,,1273.0,1273.0,,,0.0,,,0.0
2025-12-30 07:00:00,,,,,,,1533.0,1533.0,,,0.0,,,0.0
2025-12-30 08:00:00,,,,,,,1533.0,1533.0,,,0.0,,,0.0
2025-12-30 09:00:00,,,,,,,509.0,509.0,,,0.0,,,0.0
2025-12-30 10:00:00,,,,,,,509.0,509.0,,,0.0,,,0.0
2025-12-30 11:00:00,,,,,,,509.0,509.0,,,0.0,,,0.0
2025-12-30 12:00:00,,,,,,,509.0,509.0,,,0.0,,,0.0
2025-12-30 13:00:00,,,,,,,509.0,509.0,,,0.0,,,0.0
2025-12-30 14:00:00,,,,,,,509.0,509.0,,,0.0,,,0.0
2025-12-30 15:00:00,,,,,,,509.0,509.0,,,0.0,,,0.0
2025-12-30 16:00:00,,,,,,,1533.0,1533.0,,,0.0,,,0.0
2025-12-30 17:00:00,,,,,,,1533.0,1533.0,,,0.0,,,0.0
2025-12-30 18:00:00,,,,,,,1533.0,1533.0,,,0.0,,,0.0
2025-12-30 19:00:00,,,,,,,1533.0,1533.0,,,0.0,,,0.0
2025-12-30 20:00:00,,,,,,,1533.0,1533.0,,,0.0,,,0.0
2025-12-30 21:00:00,,,,,,,1533.0,1533.0,,,0.0,,,0.0
2025-12-30 22:00:00,,,,,,,1529.0,1529.0,,,0.0,,,0.0
2025-12-30 23:00:00,,,,,,,1529.0,1529.0,,,0.0,,,0.0
2025-12-31 00:00:00,,,,,,,1533.0,1533.0,,,0.0,,,0.0
2025-12-31 01:00:00,,,,,,,1533.0,1533.0,,,0.0,,,0.0
2025-12-31 02:00:00,,,,,,,1533.0,1533.0,,,0.0,,,0.0
2025-12-31 03:00:00,,,,,,,1529.0,1529.0,,,0.0,,,0.0
2025-12-31 04:00:00,,,,,,,1533.0,1533.0,,,0.0,,,0.0
2025-12-31 05:00:00,,,,,,,1533.0,1533.0,,,0.0,,,0.0
2025-12-31 06:00:00,,,,,,,1533.0,1533.0,,,0.0,,,0.0
2025-12-31 07:00:00,,,,,,,1533.0,1533.0,,,0.0,,,0.0
2025-12-31 09:00:00,,,,,,,509.0,509.0,,,0.0,,,0.0
2025-12-31 10:00:00,,,,,,,509.0,509.0,,,0.0,,,0.0
2025-12-31 11:00:00,,,,,,,509.0,509.0,,,0.0,,,0.0
2025-12-31 12:00:00,,,,,,,509.0,509.0,,,0.0,,,0.0
2025-12-31 13:00:00,,,,,,,509.0,509.0,,,0.0,,,0.0
2025-12-31 14:00:00,,,,,,,509.0,509.0,,,0.0,,,0.0
2025-12-31 15:00:00,,,,,,,509.0,509.0,,,0.0,,,0.0
2025-12-31 16:00:00,,,,,,,1533.0,1533.0,,,0.0,,,0.0
2025-12-31 17:00:00,,,,,,,1529.0,1529.0,,,0.0,,,0.0
2025-12-31 18:00:00,,,,,,,1529.0,1529.0,,,0.0,,,0.0
2025-12-31 19:00:00,,,,,,,1533.0,1533.0,,,0.0,,,0.0
2025-12-31 20:00:00,,,,,,,1529.0,1529.0,,,0.0,,,0.0
2025-12-31 21:00:00,,,,,,,1529.0,1529.0,,,0.0,,,0.0
2025-12-31 22:00:00,,,,,,,1273.0,1273.0,,,0.0,,,0.0
2025-12-31 23:00:00,,,,,,,1273.0,1273.0,,,0.0,,,0.0
2026-01-01 00:00:00,,,,,,,1273.0,1273.0,,,0.0,,,0.0
2026-01-01 01:00:00,,,,,,,1273.0,1273.0,,,0.0,,,0.0
2026-01-01 02:00:00,,,,,,,1533.0,1533.0,,,0.0,,,0.0
2026-01-01 03:00:00,,,,,,,1533.0,1533.0,,,0.0,,,0.0
2026-01-01 04:00:00,,,,,,,1529.0,1529.0,,,0.0,,,0.0
2026-01-01 05:00:00,,,,,,,1529.0,1529.0,,,0.0,,,0.0
2026-01-01 06:00:00,,,,,,,1529.0,1529.0,,,0.0,,,0.0
