timestamp,AOT_Merged,AOT_Pure,AOT_Merged_uncertainty,AOT_Pure_uncertainty,AE_Merged,AE_Pure,QA_flag_Merged,QA_flag_Pure,AOT_L2_Mean,AOT_L2_SDV,AOT_L2_Num,AE_L2_Mean,AE_L2_SDV,AE_L2_Num
2025-01-01 07:00:00,,,,,,,1533.0,1533.0,,,0.0,,,0.0
2025-01-01 08:00:00,,,,,,,509.0,509.0,,,0.0,,,0.0
2025-01-01 09:00:00,,,,,,,509.0,509.0,,,0.0,,,0.0
2025-01-01 10:00:00,,,,,,,509.0,509.0,,,0.0,,,0.0
2025-01-01 11:00:00,,,,,,,509.0,509.0,,,0.0,,,0.0
2025-01-01 12:00:00,,,,,,,509.0,509.0,,,0.0,,,0.0
2025-01-01 13:00:00,,,,,,,509.0,509.0,,,0.0,,,0.0
2025-01-01 14:00:00,,,,,,,509.0,509.0,,,0.0,,,0.0
2025-01-01 15:00:00,,,,,,,509.0,509.0,,,0.0,,,0.0
2025-01-01 16:00:00,,,,,,,509.0,509.0,,,0.0,,,0.0
2025-01-01 17:00:00,,,,,,,1533.0,1533.0,,,0.0,,,0.0
2025-01-01 18:00:00,,,,,,,1533.0,1533.0,,,0.0,,,0.0
2025-01-01 19:00:00,,,,,,,1533.0,1533.0,,,0.0,,,0.0
2025-01-01 20:00:00,,,,,,,1529.0,1529.0,,,0.0,,,0.0
2025-01-01 21:00:00,,,,,,,1273.0,1273.0,,,0.0,,,0.0
2025-01-01 22:00:00,,,,,,,1533.0,1533.0,,,0.0,,,0.0
2025-01-01 23:00:00,,,,,,,1529.0,1529.0,,,0.0,,,0.0
2025-01-02 00:00:00,,,,,,,1533.0,1533.0,,,0.0,,,0.0
2025-01-02 01:00:00,,,,,,,1533.0,1533.0,,,0.0,,,0.0
2025-01-02 02:00:00,,,,,,,1533.0,1533.0,,,0.0,,,0.0
2025-01-02 03:00:00,,,,,,,1529.0,1529.0,,,0.0,,,0.0
2025-01-02 04:00:00,,,,,,,1529.0,1529.0,,,0.0,,,0.0
2025-01-02 05:00:00,,,,,,,1273.0,1273.0,,,0.0,,,0.0
2025-01-02 06:00:00,,,,,,,1529.0,1529.0,,,0.0,,,0.0
2025-01-02 07:00:00,,,,,,,1533.0,1533.0,,,0.0,,,0.0
2025-01-02 08:00:00,,,,,,,509.0,509.0,,,0.0,,,0.0
2025-01-02 09:00:00,,,,,,,509.0,509.0,,,0.0,,,0.0
2025-01-02 10:00:00,,,,,,,509.0,509.0,2.4143999,0.0,1.0,0.3093,0.0,1.0
2025-01-02 11:00:00,,,,,,,509.0,509.0,,,0.0,,,0.0
2025-01-02 12:00:00,,,,,,,509.0,509.0,,,0.0,,,0.0
2025-01-02 13:00:00,,,,,,,509.0,509.0,,,0.0,,,0.0
2025-01-02 14:00:00,,,,,,,509.0,509.0,,,0.0,,,0.0
2025-01-02 15:00:00,,,,,,,509.0,509.0,,,0.0,,,0.0
2025-01-02 16:00:00,,,,,,,509.0,509.0,0.4768,0.0,1.0,0.669,0.0,1.0
2025-01-02 17:00:00,,,,,,,1533.0,1533.0,,,0.0,,,0.0
2025-01-02 18:00:00,,,,,,,1533.0,1533.0,,,0.0,,,0.0
2025-01-02 19:00:00,,,,,,,1533.0,1533.0,,,0.0,,,0.0
2025-01-02 20:00:00,,,,,,,1533.0,1533.0,,,0.0,,,0.0
2025-01-02 21:00:00,,,,,,,1533.0,1533.0,,,0.0,,,0.0
2025-01-02 22:00:00,,,,,,,1529.0,1529.0,,,0.0,,,0.0
2025-01-02 23:00:00,,,,,,,1533.0,1533.0,,,0.0,,,0.0
2025-01-03 00:00:00,,,,,,,1529.0,1529.0,,,0.0,,,0.0
2025-01-03 01:00:00,,,,,,,1533.0,1533.0,,,0.0,,,0.0
2025-01-03 02:00:00,,,,,,,1533.0,1533.0,,,0.0,,,0.0
2025-01-03 03:00:00,,,,,,,1533.0,1533.0,,,0.0,,,0.0
2025-01-03 04:00:00,,,,,,,1533.0,1533.0,,,0.0,,,0.0
2025-01-03 05:00:00,,,,,,,1533.0,1533.0,,,0.0,,,0.0
2025-01-03 06:00:00,,,,,,,1533.0,1533.0,,,0.0,,,0.0
2025-01-03 07:00:00,,,,,,,1533.0,1533.0,,,0.0,,,0.0
2025-01-03 08:00:00,,,,,,,509.0,509.0,,,0.0,,,0.0
2025-01-03 09:00:00,,,,,,,509.0,509.0,2.5288,0.0,1.0,0.8658,0.0,1.0
2025-01-03 10:00:00,,,,,,,505.0,504.0,1.0374,0.0,1.0,0.5322,0.0,1.0
2025-01-03 11:00:00,,,,,,,509.0,509.0,0.89839995,0.103599995,2.0,0.93579996,0.07429999,2.0
2025-01-03 12:00:00,,,,,,,509.0,509.0,1.2594,0.14999999,3.0,0.45819998,0.07589996,3.0
2025-01-03 13:00:00,,,,,,,509.0,509.0,2.125,0.0,1.0,0.7781,0.0,1.0
2025-01-03 14:00:00,,,,,,,509.0,509.0,,,0.0,,,0.0
2025-01-03 15:00:00,,,,,,,509.0,509.0,,,0.0,,,0.0
2025-01-03 16:00:00,,,,,,,509.0,509.0,,,0.0,,,0.0
2025-01-03 17:00:00,,,,,,,1533.0,1533.0,,,0.0,,,0.0
2025-01-03 18:00:00,,,,,,,1533.0,1533.0,,,0.0,,,0.0
2025-01-03 19:00:00,,,,,,,1529.0,1529.0,,,0.0,,,0.0
2025-01-03 20:00:00,,,,,,,1529.0,1529.0,,,0.0,,,0.0
2025-01-03 21:00:00,,,,,,,1533.0,1533.0,,,0.0,,,0.0
2025-01-03 22:00:00,,,,,,,1529.0,1529.0,,,0.0,,,0.0
2025-01-03 23:00:00,,,,,,,1533.0,1533.0,,,0.0,,,0.0
2025-01-04 00:00:00,,,,,,,1273.0,1273.0,,,0.0,,,0.0
2025-01-04 01:00:00,,,,,,,1533.0,1533.0,,,0.0,,,0.0
2025-01-04 02:00:00,,,,,,,1529.0,1529.0,,,0.0,,,0.0
2025-01-04 03:00:00,,,,,,,1273.0,1273.0,,,0.0,,,0.0
2025-01-04 04:00:00,,,,,,,1533.0,1533.0,,,0.0,,,0.0
2025-01-04 05:00:00,,,,,,,1533.0,1533.0,,,0.0,,,0.0
2025-01-04 06:00:00,,,,,,,1273.0,1273.0,,,0.0,,,0.0
2025-01-04 07:00:00,,,,,,,1533.0,1533.0,,,0.0,,,0.0
2025-01-04 08:00:00,,,,,,,505.0,505.0,,,0.0,,,0.0
2025-01-04 09:00:00,,,,,,,509.0,509.0,0.9266,0.0,1.0,1.8278,0.0,1.0
2025-01-04 10:00:00,,,,,,,509.0,509.0,,,0.0,,,0.0
2025-01-04 11:00:00,,,,,,,509.0,509.0,,,0.0,,,0.0
2025-01-04 12:00:00,,,,,,,505.0,504.0,0.70159996,0.1156,2.0,1.1061,0.0026000142,2.0
2025-01-04 13:00:00,,,,,,,509.0,509.0,0.7816,0.112799995,2.0,1.0416,0.10039997,2.0
2025-01-04 14:00:00,,,,,,,509.0,509.0,,,0.0,,,0.0
2025-01-04 15:00:00,,,,,,,509.0,509.0,0.55,0.0,1.0,1.6761,0.0,1.0
2025-01-04 16:00:00,,,,,,,509.0,509.0,0.4922,0.1236,4.0,1.3964,0.20019996,4.0
2025-01-04 17:00:00,,,,,,,1533.0,1533.0,,,0.0,,,0.0
2025-01-04 18:00:00,,,,,,,1273.0,1273.0,,,0.0,,,0.0
2025-01-04 19:00:00,,,,,,,1529.0,1529.0,,,0.0,,,0.0
2025-01-04 20:00:00,,,,,,,1529.0,1529.0,,,0.0,,,0.0
2025-01-04 21:00:00,,,,,,,1533.0,1533.0,,,0.0,,,0.0
2025-01-04 22:00:00,,,,,,,1533.0,1533.0,,,0.0,,,0.0
2025-01-04 23:00:00,,,,,,,1533.0,1533.0,,,0.0,,,0.0
2025-01-05 00:00:00,,,,,,,1533.0,1533.0,,,0.0,,,0.0
2025-01-05 01:00:00,,,,,,,1529.0,1529.0,,,0.0,,,0.0
2025-01-05 02:00:00,,,,,,,1533.0,1533.0,,,0.0,,,0.0
2025-01-05 03:00:00,,,,,,,1529.0,1529.0,,,0.0,,,0.0
2025-01-05 04:00:00,,,,,,,1529.0,1529.0,,,0.0,,,0.0
2025-01-05 05:00:00,,,,,,,1529.0,1529.0,,,0.0,,,0.0
2025-01-05 06:00:00,,,,,,,1529.0,1529.0,,,0.0,,,0.0
2025-01-05 07:00:00,,,,,,,1533.0,1533.0,,,0.0,,,0.0
2025-01-05 08:00:00,,,,,,,505.0,504.0,0.3992,0.15779999,2.0,0.9575,0.015900016,2.0
2025-01-05 09:00:00,,,,,,,2553.0,2552.0,0.2346,0.021,3.0,1.6817999,0.116999984,3.0
2025-01-05 10:00:00,,,,,,,509.0,509.0,,,0.0,,,0.0
2025-01-05 11:00:00,,,,,,,509.0,509.0,,,0.0,,,0.0
2025-01-05 12:00:00,,,,,,,249.0,248.0,1.2924,0.051599998,4.0,0.5116999,0.16109997,4.0
2025-01-05 13:00:00,,,,,,,505.0,505.0,0.578,0.0,1.0,1.2946999,0.0,1.0
2025-01-05 14:00:00,,,,,,,2553.0,2552.0,0.46699998,0.0,1.0,1.4921,0.0,1.0
2025-01-05 15:00:00,,,,,,,249.0,248.0,0.299,0.0984,5.0,1.4283999,0.15639997,5.0
2025-01-05 16:00:00,,,,,,,249.0,249.0,0.109,0.038399998,4.0,1.1732999,0.15859997,4.0
2025-01-05 17:00:00,,,,,,,1533.0,1533.0,,,0.0,,,0.0
2025-01-05 18:00:00,,,,,,,1273.0,1273.0,,,0.0,,,0.0
2025-01-05 19:00:00,,,,,,,1273.0,1273.0,,,0.0,,,0.0
2025-01-05 20:00:00,,,,,,,1273.0,1273.0,,,0.0,,,0.0
2025-01-05 21:00:00,,,,,,,1533.0,1533.0,,,0.0,,,0.0
2025-01-05 22:00:00,,,,,,,1273.0,1273.0,,,0.0,,,0.0
2025-01-05 23:00:00,,,,,,,1273.0,1273.0,,,0.0,,,0.0
2025-01-06 00:00:00,,,,,,,1273.0,1273.0,,,0.0,,,0.0
2025-01-06 01:00:00,,,,,,,1529.0,1529.0,,,0.0,,,0.0
2025-01-06 02:00:00,,,,,,,1273.0,1273.0,,,0.0,,,0.0
2025-01-06 03:00:00,,,,,,,1273.0,1273.0,,,0.0,,,0.0
2025-01-06 04:00:00,,,,,,,1273.0,1273.0,,,0.0,,,0.0
2025-01-06 06:00:00,,,,,,,1273.0,1273.0,,,0.0,,,0.0
2025-01-06 07:00:00,,,,,,,1533.0,1533.0,,,0.0,,,0.0
2025-01-06 08:00:00,,,,,,,2297.0,2296.0,0.2844,0.0074,2.0,1.4841,0.00999999,2.0
2025-01-06 09:00:00,,,,,,,249.0,248.0,0.249,0.0382,3.0,1.2175,0.1257,3.0
2025-01-06 10:00:00,,,,,,,505.0,504.0,0.5542,0.197,6.0,1.1474999,0.1997,6.0
2025-01-06 11:00:00,,,,,,,509.0,509.0,,,0.0,,,0.0
2025-01-06 12:00:00,,,,,,,509.0,509.0,,,0.0,,,0.0
2025-01-06 13:00:00,,,,,,,505.0,504.0,0.9974,0.1574,2.0,0.6559,0.2493,2.0
2025-01-06 14:00:00,,,,,,,509.0,509.0,1.0084,0.070599996,2.0,0.3534,0.2539,2.0
2025-01-06 15:00:00,,,,,,,2553.0,2552.0,0.3412,0.0,1.0,1.6069,0.0,1.0
2025-01-06 16:00:00,,,,,,,509.0,509.0,0.294,0.058599997,5.0,1.6076,0.08099997,5.0
2025-01-06 17:00:00,,,,,,,1533.0,1533.0,,,0.0,,,0.0
2025-01-06 18:00:00,,,,,,,1273.0,1273.0,,,0.0,,,0.0
2025-01-06 19:00:00,,,,,,,1273.0,1273.0,,,0.0,,,0.0
2025-01-06 20:00:00,,,,,,,1273.0,1273.0,,,0.0,,,0.0
2025-01-06 21:00:00,,,,,,,1273.0,1273.0,,,0.0,,,0.0
2025-01-06 22:00:00,,,,,,,1273.0,1273.0,,,0.0,,,0.0
2025-01-06 23:00:00,,,,,,,1273.0,1273.0,,,0.0,,,0.0
2025-01-07 00:00:00,,,,,,,1533.0,1533.0,,,0.0,,,0.0
2025-01-07 01:00:00,,,,,,,1273.0,1273.0,,,0.0,,,0.0
2025-01-07 02:00:00,,,,,,,1273.0,1273.0,,,0.0,,,0.0
2025-01-07 03:00:00,,,,,,,1273.0,1273.0,,,0.0,,,0.0
2025-01-07 04:00:00,,,,,,,1273.0,1273.0,,,0.0,,,0.0
2025-01-07 05:00:00,,,,,,,1273.0,1273.0,,,0.0,,,0.0
2025-01-07 06:00:00,,,,,,,1273.0,1273.0,,,0.0,,,0.0
2025-01-07 07:00:00,,,,,,,1273.0,1273.0,,,0.0,,,0.0
2025-01-07 08:00:00,,0.0762,,0.347,,,2296.0,2240.0,0.0762,0.0,1.0,1.268,0.0,1.0
2025-01-07 09:00:00,0.1192,,,,,,193.0,248.0,0.0714,0.0418,6.0,1.2254,0.090900004,6.0
2025-01-07 10:00:00,0.1814,,,,,,193.0,248.0,0.1512,0.089999996,6.0,1.1359999,0.12989998,6.0
2025-01-07 11:00:00,0.20719999,,,,,,193.0,248.0,0.2348,0.0964,6.0,1.1091,0.1789,6.0
2025-01-07 12:00:00,,,,,,,2553.0,2552.0,0.44939998,0.0854,6.0,1.0195,0.20409995,6.0
2025-01-07 13:00:00,,,,,,,505.0,505.0,0.484,0.025799999,2.0,1.2761999,0.00029999018,2.0
2025-01-07 14:00:00,,,,,,,509.0,509.0,,,0.0,,,0.0
2025-01-07 15:00:00,,,,,,,509.0,509.0,,,0.0,,,0.0
2025-01-07 16:00:00,,,,,,,509.0,509.0,,,0.0,,,0.0
2025-01-07 17:00:00,,,,,,,1533.0,1533.0,,,0.0,,,0.0
2025-01-07 18:00:00,,,,,,,1529.0,1529.0,,,0.0,,,0.0
2025-01-07 19:00:00,,,,,,,1533.0,1533.0,,,0.0,,,0.0
2025-01-07 20:00:00,,,,,,,1529.0,1529.0,,,0.0,,,0.0
2025-01-07 21:00:00,,,,,,,1529.0,1529.0,,,0.0,,,0.0
2025-01-07 22:00:00,,,,,,,1273.0,1273.0,,,0.0,,,0.0
2025-01-07 23:00:00,,,,,,,1533.0,1533.0,,,0.0,,,0.0
2025-01-08 00:00:00,,,,,,,1533.0,1533.0,,,0.0,,,0.0
2025-01-08 01:00:00,,,,,,,1529.0,1529.0,,,0.0,,,0.0
2025-01-08 02:00:00,,,,,,,1533.0,1533.0,,,0.0,,,0.0
2025-01-08 04:00:00,,,,,,,1533.0,1533.0,,,0.0,,,0.0
2025-01-08 05:00:00,,,,,,,1273.0,1273.0,,,0.0,,,0.0
2025-01-08 06:00:00,,,,,,,1273.0,1273.0,,,0.0,,,0.0
2025-01-08 07:00:00,,,,,,,1533.0,1533.0,,,0.0,,,0.0
2025-01-08 08:00:00,,,,,,,2553.0,2552.0,0.4912,0.0,1.0,1.1443,0.0,1.0
2025-01-08 09:00:00,,,,,,,509.0,509.0,1.0474,0.2784,5.0,0.97529995,0.0636,5.0
2025-01-08 10:00:00,,,,,,,505.0,504.0,0.9062,0.0,1.0,0.5698,0.0,1.0
2025-01-08 11:00:00,,,,,,,509.0,509.0,,,0.0,,,0.0
2025-01-08 12:00:00,,,,,,,509.0,509.0,,,0.0,,,0.0
2025-01-08 13:00:00,,,,,,,509.0,509.0,0.7464,0.0,1.0,1.0346,0.0,1.0
2025-01-08 14:00:00,,,,,,,509.0,509.0,,,0.0,,,0.0
2025-01-08 15:00:00,,,,,,,509.0,509.0,0.7032,0.0,1.0,1.9087,0.0,1.0
2025-01-08 16:00:00,,,,,,,509.0,509.0,1.0088,0.110599995,3.0,0.8888999,0.20300001,3.0
2025-01-08 17:00:00,,,,,,,1533.0,1533.0,,,0.0,,,0.0
2025-01-08 18:00:00,,,,,,,1533.0,1533.0,,,0.0,,,0.0
2025-01-08 19:00:00,,,,,,,1533.0,1533.0,,,0.0,,,0.0
2025-01-08 20:00:00,,,,,,,1533.0,1533.0,,,0.0,,,0.0
2025-01-08 21:00:00,,,,,,,1529.0,1529.0,,,0.0,,,0.0
2025-01-08 22:00:00,,,,,,,1533.0,1533.0,,,0.0,,,0.0
2025-01-08 23:00:00,,,,,,,1533.0,1533.0,,,0.0,,,0.0
2025-01-09 00:00:00,,,,,,,1529.0,1529.0,,,0.0,,,0.0
2025-01-09 01:00:00,,,,,,,1533.0,1533.0,,,0.0,,,0.0
2025-01-09 02:00:00,,,,,,,1529.0,1529.0,,,0.0,,,0.0
2025-01-09 03:00:00,,,,,,,1533.0,1533.0,,,0.0,,,0.0
2025-01-09 04:00:00,,,,,,,1533.0,1533.0,,,0.0,,,0.0
2025-01-09 05:00:00,,,,,,,1533.0,1533.0,,,0.0,,,0.0
2025-01-09 06:00:00,,,,,,,1533.0,1533.0,,,0.0,,,0.0
2025-01-09 07:00:00,,,,,,,1529.0,1529.0,,,0.0,,,0.0
2025-01-09 08:00:00,,,,,,,505.0,504.0,1.5532,0.0,1.0,0.5267,0.0,1.0
2025-01-09 09:00:00,,,,,,,509.0,509.0,3.013,0.0,1.0,0.8691,0.0,1.0
2025-01-09 10:00:00,,,,,,,509.0,509.0,0.9492,0.0372,2.0,0.9747,0.035899997,2.0
2025-01-09 11:00:00,,,,,,,509.0,509.0,1.209,0.0,1.0,1.1086999,0.0,1.0
2025-01-09 12:00:00,,,,,,,509.0,509.0,,,0.0,,,0.0
2025-01-09 13:00:00,,,,,,,509.0,509.0,,,0.0,,,0.0
2025-01-09 14:00:00,,,,,,,509.0,509.0,,,0.0,,,0.0
2025-01-09 15:00:00,,,,,,,505.0,504.0,1.489,0.0,1.0,0.40899998,0.0,1.0
2025-01-09 16:00:00,,,,,,,509.0,509.0,,,0.0,,,0.0
2025-01-09 17:00:00,,,,,,,1533.0,1533.0,,,0.0,,,0.0
2025-01-09 18:00:00,,,,,,,1533.0,1533.0,,,0.0,,,0.0
2025-01-09 19:00:00,,,,,,,1533.0,1533.0,,,0.0,,,0.0
2025-01-09 20:00:00,,,,,,,1533.0,1533.0,,,0.0,,,0.0
2025-01-09 21:00:00,,,,,,,1533.0,1533.0,,,0.0,,,0.0
2025-01-09 22:00:00,,,,,,,1533.0,1533.0,,,0.0,,,0.0
2025-01-09 23:00:00,,,,,,,1533.0,1533.0,,,0.0,,,0.0
2025-01-10 00:00:00,,,,,,,1533.0,1533.0,,,0.0,,,0.0
2025-01-10 01:00:00,,,,,,,1533.0,1533.0,,,0.0,,,0.0
2025-01-10 02:00:00,,,,,,,1533.0,1533.0,,,0.0,,,0.0
2025-01-10 03:00:00,,,,,,,1533.0,1533.0,,,0.0,,,0.0
2025-01-10 04:00:00,,,,,,,1533.0,1533.0,,,0.0,,,0.0
2025-01-10 05:00:00,,,,,,,1533.0,1533.0,,,0.0,,,0.0
2025-01-10 06:00:00,,,,,,,1273.0,1273.0,,,0.0,,,0.0
2025-01-10 07:00:00,,,,,,,1533.0,1533.0,,,0.0,,,0.0
2025-01-10 08:00:00,,,,,,,509.0,509.0,,,0.0,,,0.0
2025-01-10 09:00:00,,,,,,,509.0,509.0,,,0.0,,,0.0
2025-01-10 10:00:00,,,,,,,509.0,509.0,,,0.0,,,0.0
2025-01-10 11:00:00,,,,,,,509.0,509.0,,,0.0,,,0.0
2025-01-10 12:00:00,,,,,,,509.0,509.0,0.9838,0.0,1.0,0.809,0.0,1.0
2025-01-10 13:00:00,,,,,,,509.0,509.0,,,0.0,,,0.0
2025-01-10 14:00:00,,,,,,,509.0,509.0,,,0.0,,,0.0
2025-01-10 15:00:00,,,,,,,509.0,509.0,,,0.0,,,0.0
2025-01-10 16:00:00,,,,,,,509.0,509.0,,,0.0,,,0.0
2025-01-10 17:00:00,,,,,,,1533.0,1533.0,,,0.0,,,0.0
2025-01-10 18:00:00,,,,,,,1533.0,1533.0,,,0.0,,,0.0
2025-01-10 19:00:00,,,,,,,1533.0,1533.0,,,0.0,,,0.0
2025-01-10 20:00:00,,,,,,,1533.0,1533.0,,,0.0,,,0.0
2025-01-10 21:00:00,,,,,,,1533.0,1533.0,,,0.0,,,0.0
2025-01-10 22:00:00,,,,,,,1529.0,1529.0,,,0.0,,,0.0
2025-01-10 23:00:00,,,,,,,1533.0,1533.0,,,0.0,,,0.0
2025-01-11 00:00:00,,,,,,,1533.0,1533.0,,,0.0,,,0.0
2025-01-11 01:00:00,,,,,,,1533.0,1533.0,,,0.0,,,0.0
2025-01-11 02:00:00,,,,,,,1529.0,1529.0,,,0.0,,,0.0
2025-01-11 03:00:00,,,,,,,1273.0,1273.0,,,0.0,,,0.0
2025-01-11 04:00:00,,,,,,,1533.0,1533.0,,,0.0,,,0.0
2025-01-11 05:00:00,,,,,,,1273.0,1273.0,,,0.0,,,0.0
2025-01-11 06:00:00,,,,,,,1273.0,1273.0,,,0.0,,,0.0
2025-01-11 07:00:00,,,,,,,1529.0,1529.0,,,0.0,,,0.0
2025-01-11 08:00:00,,,,,,,509.0,509.0,,,0.0,,,0.0
2025-01-11 09:00:00,,,,,,,509.0,509.0,1.2868,0.0,1.0,0.8852,0.0,1.0
2025-01-11 10:00:00,,,,,,,505.0,504.0,0.891,0.22999999,5.0,0.7961999,0.18699998,5.0
2025-01-11 11:00:00,,,,,,,509.0,509.0,1.3398,0.0,1.0,0.5345,0.0,1.0
2025-01-11 12:00:00,,,,,,,509.0,509.0,1.5716,0.4922,2.0,0.37399995,0.30539995,2.0
2025-01-11 13:00:00,,,,,,,509.0,509.0,1.1018,0.1116,2.0,1.2638999,0.116,2.0
2025-01-11 14:00:00,,,,,,,509.0,509.0,,,0.0,,,0.0
2025-01-11 15:00:00,,,,,,,509.0,509.0,1.3234,0.0,1.0,0.1746,0.0,1.0
2025-01-11 16:00:00,,,,,,,509.0,509.0,,,0.0,,,0.0
2025-01-11 17:00:00,,,,,,,1533.0,1533.0,,,0.0,,,0.0
2025-01-11 18:00:00,,,,,,,1533.0,1533.0,,,0.0,,,0.0
2025-01-11 19:00:00,,,,,,,1533.0,1533.0,,,0.0,,,0.0
2025-01-11 20:00:00,,,,,,,1533.0,1533.0,,,0.0,,,0.0
2025-01-11 21:00:00,,,,,,,1533.0,1533.0,,,0.0,,,0.0
2025-01-11 22:00:00,,,,,,,1533.0,1533.0,,,0.0,,,0.0
2025-01-11 23:00:00,,,,,,,1533.0,1533.0,,,0.0,,,0.0
2025-01-12 00:00:00,,,,,,,1529.0,1529.0,,,0.0,,,0.0
2025-01-12 01:00:00,,,,,,,1533.0,1533.0,,,0.0,,,0.0
2025-01-12 02:00:00,,,,,,,1533.0,1533.0,,,0.0,,,0.0
2025-01-12 03:00:00,,,,,,,1533.0,1533.0,,,0.0,,,0.0
2025-01-12 04:00:00,,,,,,,1529.0,1529.0,,,0.0,,,0.0
2025-01-12 05:00:00,,,,,,,1533.0,1533.0,,,0.0,,,0.0
2025-01-12 06:00:00,,,,,,,1533.0,1533.0,,,0.0,,,0.0
2025-01-12 07:00:00,,,,,,,1533.0,1533.0,,,0.0,,,0.0
2025-01-12 08:00:00,,,,,,,509.0,509.0,,,0.0,,,0.0
2025-01-12 09:00:00,,,,,,,249.0,248.0,0.28,0.077199996,4.0,0.9484999,0.37229997,4.0
2025-01-12 10:00:00,,,,,,,509.0,509.0,0.36679998,0.033,4.0,0.8062999,0.08709997,4.0
2025-01-12 11:00:00,,,,,,,249.0,248.0,0.332,0.1334,6.0,0.68999994,0.3183,6.0
2025-01-12 12:00:00,,,,,,,249.0,248.0,0.3452,0.15339999,6.0,0.8492999,0.4069,6.0
2025-01-12 13:00:00,,,,,,,249.0,248.0,0.26299998,0.1726,6.0,0.9517,0.4659,6.0
2025-01-12 14:00:00,,,,,,,2297.0,2296.0,0.3026,0.070999995,6.0,0.80569994,0.23409998,6.0
2025-01-12 15:00:00,,,,,,,509.0,509.0,0.174,0.0336,5.0,1.1356,0.1092,5.0
2025-01-12 17:00:00,,,,,,,1533.0,1533.0,,,0.0,,,0.0
2025-01-12 18:00:00,,,,,,,1533.0,1533.0,,,0.0,,,0.0
2025-01-12 19:00:00,,,,,,,1533.0,1533.0,,,0.0,,,0.0
2025-01-12 20:00:00,,,,,,,1533.0,1533.0,,,0.0,,,0.0
2025-01-12 21:00:00,,,,,,,1533.0,1533.0,,,0.0,,,0.0
2025-01-12 22:00:00,,,,,,,1533.0,1533.0,,,0.0,,,0.0
2025-01-12 23:00:00,,,,,,,1533.0,1533.0,,,0.0,,,0.0
2025-01-13 00:00:00,,,,,,,1533.0,1533.0,,,0.0,,,0.0
2025-01-13 01:00:00,,,,,,,1533.0,1533.0,,,0.0,,,0.0
2025-01-13 02:00:00,,,,,,,1529.0,1529.0,,,0.0,,,0.0
2025-01-13 03:00:00,,,,,,,1533.0,1533.0,,,0.0,,,0.0
2025-01-13 04:00:00,,,,,,,1533.0,1533.0,,,0.0,,,0.0
2025-01-13 05:00:00,,,,,,,1533.0,1533.0,,,0.0,,,0.0
2025-01-13 06:00:00,,,,,,,1273.0,1273.0,,,0.0,,,0.0
2025-01-13 07:00:00,,,,,,,1273.0,1273.0,,,0.0,,,0.0
2025-01-13 08:00:00,,,,,,,249.0,248.0,0.0626,0.0,1.0,1.2213999,0.0,1.0
2025-01-13 09:00:00,,,,,,,505.0,504.0,0.104399994,0.0738,5.0,1.0674,0.22539997,5.0
2025-01-13 10:00:00,,,,,,,505.0,504.0,0.214,0.14019999,6.0,0.82739997,0.31629997,6.0
2025-01-13 11:00:00,,,,,,,505.0,504.0,0.3534,0.1392,6.0,0.627,0.30539995,6.0
2025-01-13 12:00:00,,,,,,,509.0,509.0,0.295,0.0832,5.0,0.95509994,0.26279998,5.0
2025-01-13 13:00:00,,,,,,,505.0,505.0,,,0.0,,,0.0
2025-01-13 14:00:00,,,,,,,509.0,509.0,,,0.0,,,0.0
2025-01-13 15:00:00,,,,,,,509.0,509.0,0.9636,0.0,1.0,0.5798,0.0,1.0
2025-01-13 16:00:00,,,,,,,509.0,509.0,0.937,0.031799998,2.0,0.121800005,0.010800004,2.0
2025-01-13 17:00:00,,,,,,,1533.0,1533.0,,,0.0,,,0.0
2025-01-13 18:00:00,,,,,,,1533.0,1533.0,,,0.0,,,0.0
2025-01-13 19:00:00,,,,,,,1529.0,1529.0,,,0.0,,,0.0
2025-01-13 20:00:00,,,,,,,1533.0,1533.0,,,0.0,,,0.0
2025-01-13 21:00:00,,,,,,,1533.0,1533.0,,,0.0,,,0.0
2025-01-13 22:00:00,,,,,,,1533.0,1533.0,,,0.0,,,0.0
2025-01-13 23:00:00,,,,,,,1529.0,1529.0,,,0.0,,,0.0
2025-01-14 00:00:00,,,,,,,1273.0,1273.0,,,0.0,,,0.0
2025-01-14 01:00:00,,,,,,,1273.0,1273.0,,,0.0,,,0.0
2025-01-14 02:00:00,,,,,,,1273.0,1273.0,,,0.0,,,0.0
2025-01-14 03:00:00,,,,,,,1533.0,1533.0,,,0.0,,,0.0
2025-01-14 04:00:00,,,,,,,1533.0,1533.0,,,0.0,,,0.0
2025-01-14 05:00:00,,,,,,,1273.0,1273.0,,,0.0,,,0.0
2025-01-14 06:00:00,,,,,,,1273.0,1273.0,,,0.0,,,0.0
2025-01-14 07:00:00,,,,,,,1273.0,1273.0,,,0.0,,,0.0
2025-01-14 08:00:00,,,,,,,505.0,505.0,,,0.0,,,0.0
2025-01-14 09:00:00,,,,,,,509.0,509.0,,,0.0,,,0.0
2025-01-14 10:00:00,,,,,,,509.0,509.0,0.31579998,0.0376,4.0,0.9668,0.1225,4.0
2025-01-14 11:00:00,,,,,,,505.0,504.0,0.5762,0.0,1.0,0.4105,0.0,1.0
2025-01-14 12:00:00,,,,,,,509.0,509.0,0.48499998,0.097799994,4.0,0.8154,0.4094,4.0
2025-01-14 13:00:00,,,,,,,505.0,505.0,,,0.0,,,0.0
2025-01-14 14:00:00,,,,,,,509.0,509.0,,,0.0,,,0.0
2025-01-14 15:00:00,,,,,,,509.0,509.0,,,0.0,,,0.0
2025-01-14 16:00:00,,,,,,,509.0,509.0,,,0.0,,,0.0
2025-01-14 17:00:00,,,,,,,1533.0,1533.0,,,0.0,,,0.0
2025-01-14 18:00:00,,,,,,,1533.0,1533.0,,,0.0,,,0.0
2025-01-14 19:00:00,,,,,,,1533.0,1533.0,,,0.0,,,0.0
2025-01-14 20:00:00,,,,,,,1533.0,1533.0,,,0.0,,,0.0
2025-01-14 21:00:00,,,,,,,1273.0,1273.0,,,0.0,,,0.0
2025-01-14 22:00:00,,,,,,,1273.0,1273.0,,,0.0,,,0.0
2025-01-14 23:00:00,,,,,,,1533.0,1533.0,,,0.0,,,0.0
2025-01-15 00:00:00,,,,,,,1533.0,1533.0,,,0.0,,,0.0
2025-01-15 02:00:00,,,,,,,1533.0,1533.0,,,0.0,,,0.0
2025-01-15 03:00:00,,,,,,,1529.0,1529.0,,,0.0,,,0.0
2025-01-15 04:00:00,,,,,,,1529.0,1529.0,,,0.0,,,0.0
2025-01-15 05:00:00,,,,,,,1529.0,1529.0,,,0.0,,,0.0
2025-01-15 06:00:00,,,,,,,1529.0,1529.0,,,0.0,,,0.0
2025-01-15 07:00:00,,,,,,,1533.0,1533.0,,,0.0,,,0.0
2025-01-15 08:00:00,,,,,,,509.0,509.0,,,0.0,,,0.0
2025-01-15 09:00:00,,,,,,,509.0,509.0,,,0.0,,,0.0
2025-01-15 10:00:00,,,,,,,509.0,509.0,,,0.0,,,0.0
2025-01-15 11:00:00,,,,,,,509.0,509.0,,,0.0,,,0.0
2025-01-15 12:00:00,,,,,,,509.0,509.0,1.077,0.0,1.0,0.24000001,0.0,1.0
2025-01-15 13:00:00,,,,,,,509.0,509.0,,,0.0,,,0.0
2025-01-15 14:00:00,,,,,,,509.0,509.0,,,0.0,,,0.0
2025-01-15 15:00:00,,,,,,,509.0,509.0,,,0.0,,,0.0
2025-01-15 16:00:00,,,,,,,509.0,509.0,,,0.0,,,0.0
2025-01-15 17:00:00,,,,,,,1533.0,1533.0,,,0.0,,,0.0
2025-01-15 18:00:00,,,,,,,1533.0,1533.0,,,0.0,,,0.0
2025-01-15 19:00:00,,,,,,,1533.0,1533.0,,,0.0,,,0.0
2025-01-15 20:00:00,,,,,,,1533.0,1533.0,,,0.0,,,0.0
2025-01-15 21:00:00,,,,,,,1529.0,1529.0,,,0.0,,,0.0
2025-01-15 22:00:00,,,,,,,1533.0,1533.0,,,0.0,,,0.0
2025-01-15 23:00:00,,,,,,,1533.0,1533.0,,,0.0,,,0.0
2025-01-16 00:00:00,,,,,,,1529.0,1529.0,,,0.0,,,0.0
2025-01-16 01:00:00,,,,,,,1533.0,1533.0,,,0.0,,,0.0
2025-01-16 02:00:00,,,,,,,1529.0,1529.0,,,0.0,,,0.0
2025-01-16 03:00:00,,,,,,,1529.0,1529.0,,,0.0,,,0.0
2025-01-16 04:00:00,,,,,,,1529.0,1529.0,,,0.0,,,0.0
2025-01-16 05:00:00,,,,,,,1533.0,1533.0,,,0.0,,,0.0
2025-01-16 06:00:00,,,,,,,1533.0,1533.0,,,0.0,,,0.0
2025-01-16 07:00:00,,,,,,,1273.0,1273.0,,,0.0,,,0.0
2025-01-16 08:00:00,,,,,,,2553.0,2552.0,0.276,0.0692,2.0,1.3048999,0.013899982,2.0
2025-01-16 09:00:00,,,,,,,505.0,504.0,0.5534,0.44779998,3.0,1.5090001,0.117599964,3.0
2025-01-16 10:00:00,,,,,,,505.0,504.0,0.41239998,0.0938,2.0,0.8234999,0.3602,2.0
2025-01-16 11:00:00,,,,,,,509.0,509.0,0.5992,0.0,1.0,0.7789,0.0,1.0
2025-01-16 12:00:00,,,,,,,509.0,509.0,,,0.0,,,0.0
2025-01-16 13:00:00,,,,,,,509.0,509.0,0.6982,0.0,1.0,0.929,0.0,1.0
2025-01-16 14:00:00,,,,,,,509.0,509.0,0.9874,0.0,1.0,0.5246999,0.0,1.0
2025-01-16 15:00:00,,,,,,,509.0,509.0,,,0.0,,,0.0
2025-01-16 16:00:00,,,,,,,509.0,509.0,,,0.0,,,0.0
2025-01-16 17:00:00,,,,,,,1533.0,1533.0,,,0.0,,,0.0
2025-01-16 18:00:00,,,,,,,1533.0,1533.0,,,0.0,,,0.0
2025-01-16 19:00:00,,,,,,,1533.0,1533.0,,,0.0,,,0.0
2025-01-16 20:00:00,,,,,,,1533.0,1533.0,,,0.0,,,0.0
2025-01-16 21:00:00,,,,,,,1533.0,1533.0,,,0.0,,,0.0
2025-01-16 22:00:00,,,,,,,1533.0,1533.0,,,0.0,,,0.0
2025-01-16 23:00:00,,,,,,,1533.0,1533.0,,,0.0,,,0.0
2025-01-17 00:00:00,,,,,,,1533.0,1533.0,,,0.0,,,0.0
2025-01-17 01:00:00,,,,,,,1533.0,1533.0,,,0.0,,,0.0
2025-01-17 02:00:00,,,,,,,1533.0,1533.0,,,0.0,,,0.0
2025-01-17 03:00:00,,,,,,,1533.0,1533.0,,,0.0,,,0.0
2025-01-17 04:00:00,,,,,,,1533.0,1533.0,,,0.0,,,0.0
2025-01-17 05:00:00,,,,,,,1533.0,1533.0,,,0.0,,,0.0
2025-01-17 06:00:00,,,,,,,1529.0,1529.0,,,0.0,,,0.0
2025-01-17 07:00:00,,,,,,,1533.0,1533.0,,,0.0,,,0.0
2025-01-17 08:00:00,,,,,,,509.0,509.0,,,0.0,,,0.0
2025-01-17 09:00:00,,,,,,,505.0,504.0,0.14299999,0.0998,5.0,0.956,0.2503,5.0
2025-01-17 10:00:00,,,,,,,505.0,504.0,0.2834,0.0602,5.0,0.8132,0.23909998,5.0
2025-01-17 11:00:00,,,,,,,509.0,509.0,0.4786,0.0,1.0,0.3502,0.0,1.0
2025-01-17 12:00:00,,,,,,,505.0,504.0,0.54679996,0.0722,6.0,0.7687,0.26919997,6.0
2025-01-17 13:00:00,,,,,,,509.0,509.0,0.31219998,0.0212,2.0,1.1221,0.02489996,2.0
2025-01-17 14:00:00,,,,,,,509.0,509.0,0.564,0.0,1.0,0.5698,0.0,1.0
2025-01-17 15:00:00,,,,,,,509.0,509.0,,,0.0,,,0.0
2025-01-17 16:00:00,,,,,,,509.0,509.0,,,0.0,,,0.0
2025-01-17 17:00:00,,,,,,,1533.0,1533.0,,,0.0,,,0.0
2025-01-17 18:00:00,,,,,,,1533.0,1533.0,,,0.0,,,0.0
2025-01-17 19:00:00,,,,,,,1533.0,1533.0,,,0.0,,,0.0
2025-01-17 20:00:00,,,,,,,1529.0,1529.0,,,0.0,,,0.0
2025-01-17 21:00:00,,,,,,,1533.0,1533.0,,,0.0,,,0.0
2025-01-17 22:00:00,,,,,,,1533.0,1533.0,,,0.0,,,0.0
2025-01-17 23:00:00,,,,,,,1533.0,1533.0,,,0.0,,,0.0
2025-01-18 00:00:00,,,,,,,1533.0,1533.0,,,0.0,,,0.0
2025-01-18 01:00:00,,,,,,,1533.0,1533.0,,,0.0,,,0.0
2025-01-18 02:00:00,,,,,,,1533.0,1533.0,,,0.0,,,0.0
2025-01-18 03:00:00,,,,,,,1533.0,1533.0,,,0.0,,,0.0
2025-01-18 04:00:00,,,,,,,1533.0,1533.0,,,0.0,,,0.0
2025-01-18 05:00:00,,,,,,,1533.0,1533.0,,,0.0,,,0.0
2025-01-18 06:00:00,,,,,,,1273.0,1273.0,,,0.0,,,0.0
2025-01-18 07:00:00,,,,,,,1273.0,1273.0,,,0.0,,,0.0
2025-01-18 08:00:00,,,,,,,509.0,509.0,,,0.0,,,0.0
2025-01-18 09:00:00,,,,,,,509.0,509.0,,,0.0,,,0.0
2025-01-18 10:00:00,,,,,,,249.0,248.0,0.5392,0.1628,4.0,0.6349,0.12919998,4.0
2025-01-18 11:00:00,,,,,,,509.0,509.0,0.6526,0.0756,4.0,0.602,0.09899998,4.0
2025-01-18 12:00:00,,,,,,,249.0,248.0,0.44619998,0.0532,4.0,0.9139999,0.2489,4.0
2025-01-18 13:00:00,,,,,,,249.0,248.0,0.2828,0.12879999,6.0,1.0712,0.2378,6.0
2025-01-18 14:00:00,,,,,,,2553.0,2552.0,0.25439999,0.0602,6.0,1.1328,0.14879996,6.0
2025-01-18 15:00:00,,,,,,,505.0,504.0,0.6906,0.24499999,5.0,1.239,0.35259998,5.0
2025-01-18 16:00:00,,,,,,,509.0,509.0,0.6378,0.0067999996,2.0,1.1049999,0.05759996,2.0
2025-01-18 17:00:00,,,,,,,1533.0,1533.0,,,0.0,,,0.0
2025-01-18 18:00:00,,,,,,,1533.0,1533.0,,,0.0,,,0.0
2025-01-18 19:00:00,,,,,,,1533.0,1533.0,,,0.0,,,0.0
2025-01-18 20:00:00,,,,,,,1533.0,1533.0,,,0.0,,,0.0
2025-01-18 21:00:00,,,,,,,1533.0,1533.0,,,0.0,,,0.0
2025-01-18 22:00:00,,,,,,,1529.0,1529.0,,,0.0,,,0.0
2025-01-18 23:00:00,,,,,,,1273.0,1273.0,,,0.0,,,0.0
2025-01-19 00:00:00,,,,,,,1273.0,1273.0,,,0.0,,,0.0
2025-01-19 01:00:00,,,,,,,1273.0,1273.0,,,0.0,,,0.0
2025-01-19 03:00:00,,,,,,,1529.0,1529.0,,,0.0,,,0.0
2025-01-19 04:00:00,,,,,,,1273.0,1273.0,,,0.0,,,0.0
2025-01-19 05:00:00,,,,,,,1273.0,1273.0,,,0.0,,,0.0
2025-01-19 06:00:00,,,,,,,1273.0,1273.0,,,0.0,,,0.0
2025-01-19 07:00:00,,,,,,,1273.0,1273.0,,,0.0,,,0.0
2025-01-19 08:00:00,,,,,,,509.0,509.0,,,0.0,,,0.0
2025-01-19 09:00:00,,,,,,,505.0,504.0,0.8304,0.3734,6.0,0.9864,0.1774,6.0
2025-01-19 11:00:00,,,,,,,509.0,509.0,,,0.0,,,0.0
2025-01-19 12:00:00,,,,,,,509.0,509.0,,,0.0,,,0.0
2025-01-19 13:00:00,,,,,,,509.0,509.0,1.1954,0.0,1.0,0.3297,0.0,1.0
2025-01-19 14:00:00,,,,,,,509.0,509.0,0.9504,0.079799995,2.0,0.53779995,0.13699996,2.0
2025-01-19 15:00:00,,,,,,,509.0,509.0,1.2215999,0.0614,3.0,0.8361,0.0467,3.0
2025-01-19 16:00:00,,,,,,,509.0,509.0,,,0.0,,,0.0
2025-01-19 17:00:00,,,,,,,1533.0,1533.0,,,0.0,,,0.0
2025-01-19 18:00:00,,,,,,,1529.0,1529.0,,,0.0,,,0.0
2025-01-19 19:00:00,,,,,,,1529.0,1529.0,,,0.0,,,0.0
2025-01-19 21:00:00,,,,,,,1533.0,1533.0,,,0.0,,,0.0
2025-01-19 22:00:00,,,,,,,1533.0,1533.0,,,0.0,,,0.0
2025-01-19 23:00:00,,,,,,,1533.0,1533.0,,,0.0,,,0.0
2025-01-20 00:00:00,,,,,,,1533.0,1533.0,,,0.0,,,0.0
2025-01-20 01:00:00,,,,,,,1533.0,1533.0,,,0.0,,,0.0
2025-01-20 02:00:00,,,,,,,1533.0,1533.0,,,0.0,,,0.0
2025-01-20 03:00:00,,,,,,,1533.0,1533.0,,,0.0,,,0.0
2025-01-20 04:00:00,,,,,,,1533.0,1533.0,,,0.0,,,0.0
2025-01-20 05:00:00,,,,,,,1533.0,1533.0,,,0.0,,,0.0
2025-01-20 06:00:00,,,,,,,1533.0,1533.0,,,0.0,,,0.0
2025-01-20 07:00:00,,,,,,,1273.0,1273.0,,,0.0,,,0.0
2025-01-20 08:00:00,,,,,,,249.0,248.0,0.3166,0.0,1.0,1.0518,0.0,1.0
2025-01-20 09:00:00,,,,,,,505.0,504.0,0.4818,0.034199998,5.0,0.9512,0.19229996,5.0
2025-01-20 10:00:00,,,,,,,249.0,248.0,0.7046,0.1716,2.0,0.7243999,0.3523,2.0
2025-01-20 11:00:00,,,,,,,509.0,509.0,1.5532,0.1156,2.0,0.49769998,0.24729997,2.0
2025-01-20 12:00:00,,,,,,,509.0,509.0,,,0.0,,,0.0
2025-01-20 13:00:00,,,,,,,505.0,504.0,1.89,0.0,1.0,0.51600003,0.0,1.0
2025-01-20 14:00:00,,,,,,,505.0,504.0,1.1086,0.0,1.0,1.0401,0.0,1.0
2025-01-20 15:00:00,,,,,,,509.0,509.0,0.9808,0.1362,5.0,1.2955999,0.18079996,5.0
2025-01-20 16:00:00,,,,,,,509.0,509.0,1.3872,0.0,1.0,0.7089,0.0,1.0
2025-01-20 17:00:00,,,,,,,1533.0,1533.0,,,0.0,,,0.0
2025-01-20 18:00:00,,,,,,,1533.0,1533.0,,,0.0,,,0.0
2025-01-20 19:00:00,,,,,,,1529.0,1529.0,,,0.0,,,0.0
2025-01-20 20:00:00,,,,,,,1533.0,1533.0,,,0.0,,,0.0
2025-01-20 21:00:00,,,,,,,1533.0,1533.0,,,0.0,,,0.0
2025-01-20 22:00:00,,,,,,,1529.0,1529.0,,,0.0,,,0.0
2025-01-20 23:00:00,,,,,,,1533.0,1533.0,,,0.0,,,0.0
2025-01-21 00:00:00,,,,,,,1529.0,1529.0,,,0.0,,,0.0
2025-01-21 01:00:00,,,,,,,1529.0,1529.0,,,0.0,,,0.0
2025-01-21 02:00:00,,,,,,,1273.0,1273.0,,,0.0,,,0.0
2025-01-21 03:00:00,,,,,,,1273.0,1273.0,,,0.0,,,0.0
2025-01-21 04:00:00,,,,,,,1273.0,1273.0,,,0.0,,,0.0
2025-01-21 05:00:00,,,,,,,1529.0,1529.0,,,0.0,,,0.0
2025-01-21 06:00:00,,,,,,,1273.0,1273.0,,,0.0,,,0.0
2025-01-21 07:00:00,,,,,,,1529.0,1529.0,,,0.0,,,0.0
2025-01-21 08:00:00,,,,,,,509.0,509.0,0.38419998,0.0,1.0,0.7099,0.0,1.0
2025-01-21 09:00:00,,,,,,,505.0,504.0,1.0311999,0.3136,2.0,0.6373999,0.2673,2.0
2025-01-21 10:00:00,,,,,,,509.0,509.0,1.8934,0.0,1.0,0.361,0.0,1.0
2025-01-21 11:00:00,,,,,,,509.0,509.0,1.3565999,0.0412,2.0,0.2995,0.1178,2.0
2025-01-21 12:00:00,,,,,,,509.0,509.0,,,0.0,,,0.0
2025-01-21 13:00:00,,,,,,,509.0,509.0,,,0.0,,,0.0
2025-01-21 14:00:00,,,,,,,509.0,509.0,,,0.0,,,0.0
2025-01-21 15:00:00,,,,,,,509.0,509.0,0.74539995,0.043199997,2.0,1.3335999,0.07139999,2.0
2025-01-21 16:00:00,,,,,,,509.0,509.0,,,0.0,,,0.0
2025-01-21 17:00:00,,,,,,,1533.0,1533.0,,,0.0,,,0.0
2025-01-21 18:00:00,,,,,,,1273.0,1273.0,,,0.0,,,0.0
2025-01-21 19:00:00,,,,,,,1533.0,1533.0,,,0.0,,,0.0
2025-01-21 20:00:00,,,,,,,1533.0,1533.0,,,0.0,,,0.0
2025-01-21 21:00:00,,,,,,,1533.0,1533.0,,,0.0,,,0.0
2025-01-21 22:00:00,,,,,,,1533.0,1533.0,,,0.0,,,0.0
2025-01-22 02:00:00,,,,,,,1533.0,1533.0,,,0.0,,,0.0
2025-01-22 03:00:00,,,,,,,1533.0,1533.0,,,0.0,,,0.0
2025-01-22 04:00:00,,,,,,,1533.0,1533.0,,,0.0,,,0.0
2025-01-22 05:00:00,,,,,,,1533.0,1533.0,,,0.0,,,0.0
2025-01-22 06:00:00,,,,,,,1533.0,1533.0,,,0.0,,,0.0
2025-01-22 07:00:00,,,,,,,1533.0,1533.0,,,0.0,,,0.0
2025-01-22 08:00:00,,0.2872,,0.433,,,2296.0,2240.0,0.2102,0.077,2.0,1.1883,0.08969998,2.0
2025-01-22 09:00:00,0.3116,,,,,,193.0,248.0,0.3444,0.075399995,6.0,1.0309,0.13989997,6.0
2025-01-22 10:00:00,,,,,,,509.0,509.0,0.49879998,0.032199997,2.0,0.72309995,0.038899958,2.0
2025-01-22 11:00:00,,,,,,,509.0,509.0,,,0.0,,,0.0
2025-01-22 12:00:00,,,,,,,509.0,509.0,,,0.0,,,0.0
2025-01-22 13:00:00,,,,,,,509.0,509.0,,,0.0,,,0.0
2025-01-22 14:00:00,,,,,,,509.0,509.0,,,0.0,,,0.0
2025-01-22 15:00:00,,,,,,,509.0,509.0,,,0.0,,,0.0
2025-01-22 16:00:00,,,,,,,509.0,509.0,,,0.0,,,0.0
2025-01-22 17:00:00,,,,,,,1533.0,1533.0,,,0.0,,,0.0
2025-01-22 18:00:00,,,,,,,1533.0,1533.0,,,0.0,,,0.0
2025-01-22 19:00:00,,,,,,,1533.0,1533.0,,,0.0,,,0.0
2025-01-22 20:00:00,,,,,,,1533.0,1533.0,,,0.0,,,0.0
2025-01-22 21:00:00,,,,,,,1529.0,1529.0,,,0.0,,,0.0
2025-01-22 22:00:00,,,,,,,1533.0,1533.0,,,0.0,,,0.0
2025-01-22 23:00:00,,,,,,,1529.0,1529.0,,,0.0,,,0.0
2025-01-23 00:00:00,,,,,,,1529.0,1529.0,,,0.0,,,0.0
2025-01-23 01:00:00,,,,,,,1529.0,1529.0,,,0.0,,,0.0
2025-01-23 02:00:00,,,,,,,1529.0,1529.0,,,0.0,,,0.0
2025-01-23 03:00:00,,,,,,,1529.0,1529.0,,,0.0,,,0.0
2025-01-23 04:00:00,,,,,,,1529.0,1529.0,,,0.0,,,0.0
2025-01-23 05:00:00,,,,,,,1533.0,1533.0,,,0.0,,,0.0
2025-01-23 06:00:00,,,,,,,1533.0,1533.0,,,0.0,,,0.0
2025-01-23 07:00:00,,,,,,,1533.0,1533.0,,,0.0,,,0.0
2025-01-23 08:00:00,,,,,,,509.0,509.0,,,0.0,,,0.0
2025-01-23 09:00:00,,,,,,,509.0,509.0,,,0.0,,,0.0
2025-01-23 10:00:00,,,,,,,509.0,509.0,,,0.0,,,0.0
2025-01-23 11:00:00,,,,,,,509.0,509.0,,,0.0,,,0.0
2025-01-23 12:00:00,,,,,,,509.0,509.0,,,0.0,,,0.0
2025-01-23 13:00:00,,,,,,,509.0,509.0,,,0.0,,,0.0
2025-01-23 14:00:00,,,,,,,509.0,509.0,,,0.0,,,0.0
2025-01-23 15:00:00,,,,,,,509.0,509.0,,,0.0,,,0.0
2025-01-23 16:00:00,,,,,,,509.0,509.0,1.2928,0.0066,2.0,0.70869994,0.076600015,2.0
2025-01-23 17:00:00,,,,,,,1533.0,1533.0,,,0.0,,,0.0
2025-01-23 18:00:00,,,,,,,1533.0,1533.0,,,0.0,,,0.0
2025-01-23 19:00:00,,,,,,,1533.0,1533.0,,,0.0,,,0.0
2025-01-23 20:00:00,,,,,,,1533.0,1533.0,,,0.0,,,0.0
2025-01-23 21:00:00,,,,,,,1529.0,1529.0,,,0.0,,,0.0
2025-01-23 22:00:00,,,,,,,1273.0,1273.0,,,0.0,,,0.0
2025-01-23 23:00:00,,,,,,,1273.0,1273.0,,,0.0,,,0.0
2025-01-24 00:00:00,,,,,,,1533.0,1533.0,,,0.0,,,0.0
2025-01-24 01:00:00,,,,,,,1533.0,1533.0,,,0.0,,,0.0
2025-01-24 02:00:00,,,,,,,1533.0,1533.0,,,0.0,,,0.0
2025-01-24 03:00:00,,,,,,,1533.0,1533.0,,,0.0,,,0.0
2025-01-24 04:00:00,,,,,,,1533.0,1533.0,,,0.0,,,0.0
2025-01-24 05:00:00,,,,,,,1533.0,1533.0,,,0.0,,,0.0
2025-01-24 06:00:00,,,,,,,1533.0,1533.0,,,0.0,,,0.0
2025-01-24 07:00:00,,,,,,,1533.0,1533.0,,,0.0,,,0.0
2025-01-24 08:00:00,,,,,,,509.0,509.0,,,0.0,,,0.0
2025-01-24 09:00:00,,,,,,,509.0,509.0,2.0363998,0.0,1.0,1.5706,0.0,1.0
2025-01-24 10:00:00,,,,,,,509.0,509.0,1.4222,0.0,2.0,1.3633,0.0,2.0
2025-01-24 11:00:00,,,,,,,509.0,509.0,,,0.0,,,0.0
2025-01-24 12:00:00,,,,,,,505.0,504.0,1.1918,0.0106,2.0,1.1547999,0.10319996,2.0
2025-01-24 13:00:00,,,,,,,509.0,509.0,,,0.0,,,0.0
2025-01-24 14:00:00,,,,,,,509.0,509.0,1.584,0.0,1.0,1.1515,0.0,1.0
2025-01-24 15:00:00,,,,,,,509.0,509.0,,,0.0,,,0.0
2025-01-24 16:00:00,,,,,,,509.0,509.0,1.3112,0.0,1.0,1.0066999,0.0,1.0
2025-01-24 17:00:00,,,,,,,1533.0,1533.0,,,0.0,,,0.0
2025-01-24 18:00:00,,,,,,,1533.0,1533.0,,,0.0,,,0.0
2025-01-24 19:00:00,,,,,,,1533.0,1533.0,,,0.0,,,0.0
2025-01-24 20:00:00,,,,,,,1533.0,1533.0,,,0.0,,,0.0
2025-01-24 21:00:00,,,,,,,1533.0,1533.0,,,0.0,,,0.0
2025-01-24 22:00:00,,,,,,,1273.0,1273.0,,,0.0,,,0.0
2025-01-24 23:00:00,,,,,,,1273.0,1273.0,,,0.0,,,0.0
2025-01-25 00:00:00,,,,,,,1533.0,1533.0,,,0.0,,,0.0
2025-01-25 01:00:00,,,,,,,1533.0,1533.0,,,0.0,,,0.0
2025-01-25 02:00:00,,,,,,,1533.0,1533.0,,,0.0,,,0.0
2025-01-25 03:00:00,,,,,,,1533.0,1533.0,,,0.0,,,0.0
2025-01-25 04:00:00,,,,,,,1529.0,1529.0,,,0.0,,,0.0
2025-01-25 05:00:00,,,,,,,1533.0,1533.0,,,0.0,,,0.0
2025-01-25 06:00:00,,,,,,,1273.0,1273.0,,,0.0,,,0.0
2025-01-25 07:00:00,,,,,,,1273.0,1273.0,,,0.0,,,0.0
2025-01-25 08:00:00,,,,,,,2553.0,2552.0,0.456,0.031799998,2.0,1.1689999,0.11549997,2.0
2025-01-25 09:00:00,,,,,,,509.0,509.0,0.6006,0.0266,2.0,1.5402999,0.03310001,2.0
2025-01-25 10:00:00,,,,,,,249.0,248.0,0.41979998,0.0128,5.0,0.7731999,0.16139996,5.0
2025-01-25 11:00:00,0.4684,,,,,,449.0,504.0,0.4524,0.085599996,6.0,0.79209995,0.19169998,6.0
2025-01-25 12:00:00,,,,,,,509.0,509.0,0.8918,0.174,3.0,0.6235,0.0176,3.0
2025-01-25 13:00:00,,,,,,,509.0,509.0,0.99079996,0.091,2.0,0.6831,0.055599988,2.0
2025-01-25 14:00:00,,,,,,,509.0,509.0,1.3356,0.0,1.0,0.5712,0.0,1.0
2025-01-25 15:00:00,,,,,,,249.0,248.0,0.67539996,0.057,5.0,1.4873999,0.35819995,5.0
2025-01-25 16:00:00,0.5492,,,,0.82579994,,261.0,509.0,0.6774,0.0524,5.0,0.9326,0.07589996,5.0
2025-01-25 17:00:00,,,,,,,1533.0,1533.0,,,0.0,,,0.0
2025-01-25 18:00:00,,,,,,,1533.0,1533.0,,,0.0,,,0.0
2025-01-25 19:00:00,,,,,,,1533.0,1533.0,,,0.0,,,0.0
2025-01-25 20:00:00,,,,,,,1533.0,1533.0,,,0.0,,,0.0
2025-01-25 21:00:00,,,,,,,1529.0,1529.0,,,0.0,,,0.0
2025-01-25 22:00:00,,,,,,,1533.0,1533.0,,,0.0,,,0.0
2025-01-25 23:00:00,,,,,,,1533.0,1533.0,,,0.0,,,0.0
2025-01-26 00:00:00,,,,,,,1533.0,1533.0,,,0.0,,,0.0
2025-01-26 01:00:00,,,,,,,1273.0,1273.0,,,0.0,,,0.0
2025-01-26 02:00:00,,,,,,,1529.0,1529.0,,,0.0,,,0.0
2025-01-26 03:00:00,,,,,,,1529.0,1529.0,,,0.0,,,0.0
2025-01-26 04:00:00,,,,,,,1273.0,1273.0,,,0.0,,,0.0
2025-01-26 05:00:00,,,,,,,1273.0,1273.0,,,0.0,,,0.0
2025-01-26 06:00:00,,,,,,,1533.0,1533.0,,,0.0,,,0.0
2025-01-26 07:00:00,,,,,,,1533.0,1533.0,,,0.0,,,0.0
2025-01-26 08:00:00,,,,,,,509.0,509.0,,,0.0,,,0.0
2025-01-26 09:00:00,,,,,,,509.0,509.0,,,0.0,,,0.0
2025-01-26 10:00:00,,,,,,,509.0,509.0,,,0.0,,,0.0
2025-01-26 11:00:00,,,,,,,509.0,509.0,,,0.0,,,0.0
2025-01-26 12:00:00,,,,,,,509.0,509.0,,,0.0,,,0.0
2025-01-26 13:00:00,,,,,,,509.0,509.0,1.801,0.1274,2.0,0.7096,0.15259999,2.0
2025-01-26 14:00:00,,,,,,,505.0,505.0,,,0.0,,,0.0
2025-01-26 15:00:00,,,,,,,505.0,504.0,1.0758,0.0796,5.0,1.0983,0.104200006,5.0
2025-01-26 16:00:00,,,,,,,509.0,509.0,1.0898,0.015199999,2.0,1.0593,0.073000014,2.0
2025-01-26 17:00:00,,,,,,,1533.0,1533.0,,,0.0,,,0.0
2025-01-26 18:00:00,,,,,,,1533.0,1533.0,,,0.0,,,0.0
2025-01-26 19:00:00,,,,,,,1533.0,1533.0,,,0.0,,,0.0
2025-01-26 20:00:00,,,,,,,1533.0,1533.0,,,0.0,,,0.0
2025-01-26 21:00:00,,,,,,,1533.0,1533.0,,,0.0,,,0.0
2025-01-26 22:00:00,,,,,,,1533.0,1533.0,,,0.0,,,0.0
2025-01-26 23:00:00,,,,,,,1533.0,1533.0,,,0.0,,,0.0
2025-01-27 00:00:00,,,,,,,1533.0,1533.0,,,0.0,,,0.0
2025-01-27 01:00:00,,,,,,,1533.0,1533.0,,,0.0,,,0.0
2025-01-27 02:00:00,,,,,,,1529.0,1529.0,,,0.0,,,0.0
2025-01-27 03:00:00,,,,,,,1273.0,1273.0,,,0.0,,,0.0
2025-01-27 04:00:00,,,,,,,1533.0,1533.0,,,0.0,,,0.0
2025-01-27 05:00:00,,,,,,,1529.0,1529.0,,,0.0,,,0.0
2025-01-27 06:00:00,,,,,,,1533.0,1533.0,,,0.0,,,0.0
2025-01-27 07:00:00,,,,,,,1533.0,1533.0,,,0.0,,,0.0
2025-01-27 08:00:00,,,,,,,509.0,509.0,,,0.0,,,0.0
2025-01-27 09:00:00,,,,,,,509.0,509.0,,,0.0,,,0.0
2025-01-27 10:00:00,,,,,,,505.0,504.0,0.5918,0.038,2.0,0.8484,0.23820001,2.0
2025-01-27 11:00:00,,,,,,,505.0,504.0,0.9176,0.35959998,3.0,1.3267,0.48719996,3.0
2025-01-27 12:00:00,,,,,,,509.0,509.0,,,0.0,,,0.0
2025-01-27 13:00:00,,,,,,,509.0,509.0,,,0.0,,,0.0
2025-01-27 14:00:00,,,,,,,509.0,509.0,2.0191998,0.2622,2.0,0.56159997,0.044099987,2.0
2025-01-27 15:00:00,,,,,,,509.0,509.0,0.9932,0.06,2.0,1.0173999,0.040199995,2.0
2025-01-27 16:00:00,,,,,,,509.0,509.0,,,0.0,,,0.0
2025-01-27 17:00:00,,,,,,,1533.0,1533.0,,,0.0,,,0.0
2025-01-27 18:00:00,,,,,,,1533.0,1533.0,,,0.0,,,0.0
2025-01-27 19:00:00,,,,,,,1529.0,1529.0,,,0.0,,,0.0
2025-01-27 20:00:00,,,,,,,1533.0,1533.0,,,0.0,,,0.0
2025-01-27 21:00:00,,,,,,,1529.0,1529.0,,,0.0,,,0.0
2025-01-27 22:00:00,,,,,,,1533.0,1533.0,,,0.0,,,0.0
2025-01-27 23:00:00,,,,,,,1273.0,1273.0,,,0.0,,,0.0
2025-01-28 00:00:00,,,,,,,1529.0,1529.0,,,0.0,,,0.0
2025-01-28 01:00:00,,,,,,,1273.0,1273.0,,,0.0,,,0.0
2025-01-28 02:00:00,,,,,,,1529.0,1529.0,,,0.0,,,0.0
2025-01-28 03:00:00,,,,,,,1529.0,1529.0,,,0.0,,,0.0
2025-01-28 04:00:00,,,,,,,1273.0,1273.0,,,0.0,,,0.0
2025-01-28 05:00:00,,,,,,,1529.0,1529.0,,,0.0,,,0.0
2025-01-28 06:00:00,,,,,,,1533.0,1533.0,,,0.0,,,0.0
2025-01-28 07:00:00,,,,,,,1533.0,1533.0,,,0.0,,,0.0
2025-01-28 08:00:00,,,,,,,509.0,509.0,,,0.0,,,0.0
2025-01-28 09:00:00,,,,,,,509.0,509.0,2.0722,0.0,1.0,0.6867,0.0,1.0
2025-01-28 10:00:00,,,,,,,505.0,504.0,0.986,0.0,1.0,0.3272,0.0,1.0
2025-01-28 11:00:00,,,,,,,509.0,509.0,0.9888,0.0,1.0,0.2141,0.0,1.0
2025-01-28 12:00:00,,,,,,,509.0,509.0,,,0.0,,,0.0
2025-01-28 13:00:00,,,,,,,509.0,509.0,,,0.0,,,0.0
2025-01-28 14:00:00,,,,,,,509.0,509.0,,,0.0,,,0.0
2025-01-28 15:00:00,,,,,,,509.0,509.0,,,0.0,,,0.0
2025-01-28 16:00:00,,,,,,,509.0,509.0,,,0.0,,,0.0
2025-01-28 17:00:00,,,,,,,1533.0,1533.0,,,0.0,,,0.0
2025-01-28 18:00:00,,,,,,,1533.0,1533.0,,,0.0,,,0.0
2025-01-28 19:00:00,,,,,,,1533.0,1533.0,,,0.0,,,0.0
2025-01-28 20:00:00,,,,,,,1273.0,1273.0,,,0.0,,,0.0
2025-01-28 21:00:00,,,,,,,1273.0,1273.0,,,0.0,,,0.0
2025-01-28 22:00:00,,,,,,,1533.0,1533.0,,,0.0,,,0.0
2025-01-28 23:00:00,,,,,,,1533.0,1533.0,,,0.0,,,0.0
2025-01-29 00:00:00,,,,,,,1529.0,1529.0,,,0.0,,,0.0
2025-01-29 01:00:00,,,,,,,1273.0,1273.0,,,0.0,,,0.0
2025-01-29 02:00:00,,,,,,,1529.0,1529.0,,,0.0,,,0.0
2025-01-29 03:00:00,,,,,,,1273.0,1273.0,,,0.0,,,0.0
2025-01-29 04:00:00,,,,,,,1533.0,1533.0,,,0.0,,,0.0
2025-01-29 05:00:00,,,,,,,1273.0,1273.0,,,0.0,,,0.0
2025-01-29 06:00:00,,,,,,,1533.0,1533.0,,,0.0,,,0.0
2025-01-29 07:00:00,,,,,,,1533.0,1533.0,,,0.0,,,0.0
2025-01-29 08:00:00,,,,,,,509.0,509.0,,,0.0,,,0.0
2025-01-29 09:00:00,,,,,,,509.0,509.0,0.5816,0.040599998,2.0,1.7918999,0.060299993,2.0
2025-01-29 10:00:00,,,,,,,509.0,509.0,0.89559996,0.047599997,3.0,1.3326,0.015599966,3.0
2025-01-29 11:00:00,,,,,,,509.0,509.0,,,0.0,,,0.0
2025-01-29 12:00:00,,,,,,,509.0,509.0,,,0.0,,,0.0
2025-01-29 13:00:00,,,,,,,509.0,509.0,,,0.0,,,0.0
2025-01-29 14:00:00,,,,,,,505.0,505.0,,,0.0,,,0.0
2025-01-29 15:00:00,,,,,,,509.0,509.0,0.3516,0.0,1.0,1.8964,0.0,1.0
2025-01-29 16:00:00,,,,,,,509.0,509.0,,,0.0,,,0.0
2025-01-29 17:00:00,,,,,,,1533.0,1533.0,,,0.0,,,0.0
2025-01-29 18:00:00,,,,,,,1533.0,1533.0,,,0.0,,,0.0
2025-01-29 19:00:00,,,,,,,1529.0,1529.0,,,0.0,,,0.0
2025-01-29 20:00:00,,,,,,,1533.0,1533.0,,,0.0,,,0.0
2025-01-29 21:00:00,,,,,,,1533.0,1533.0,,,0.0,,,0.0
2025-01-29 22:00:00,,,,,,,1533.0,1533.0,,,0.0,,,0.0
2025-01-29 23:00:00,,,,,,,1273.0,1273.0,,,0.0,,,0.0
2025-01-30 00:00:00,,,,,,,1533.0,1533.0,,,0.0,,,0.0
2025-01-30 01:00:00,,,,,,,1529.0,1529.0,,,0.0,,,0.0
2025-01-30 02:00:00,,,,,,,1529.0,1529.0,,,0.0,,,0.0
2025-01-30 03:00:00,,,,,,,1533.0,1533.0,,,0.0,,,0.0
2025-01-30 04:00:00,,,,,,,1533.0,1533.0,,,0.0,,,0.0
2025-01-30 05:00:00,,,,,,,1533.0,1533.0,,,0.0,,,0.0
2025-01-30 06:00:00,,,,,,,1533.0,1533.0,,,0.0,,,0.0
2025-01-30 07:00:00,,,,,,,1533.0,1533.0,,,0.0,,,0.0
2025-01-30 08:00:00,,,,,,,505.0,505.0,,,0.0,,,0.0
2025-01-30 09:00:00,,,,,,,509.0,509.0,0.7234,0.0,1.0,1.7284,0.0,1.0
2025-01-30 10:00:00,,,,,,,509.0,509.0,,,0.0,,,0.0
2025-01-30 11:00:00,,,,,,,509.0,509.0,1.3636,0.0,1.0,0.7171999,0.0,1.0
2025-01-30 12:00:00,,,,,,,509.0,509.0,,,0.0,,,0.0
2025-01-30 13:00:00,,,,,,,509.0,509.0,,,0.0,,,0.0
2025-01-30 14:00:00,,,,,,,509.0,509.0,,,0.0,,,0.0
2025-01-30 15:00:00,,,,,,,509.0,509.0,,,0.0,,,0.0
2025-01-30 16:00:00,,,,,,,509.0,509.0,,,0.0,,,0.0
2025-01-30 17:00:00,,,,,,,1533.0,1533.0,,,0.0,,,0.0
2025-01-30 18:00:00,,,,,,,1533.0,1533.0,,,0.0,,,0.0
2025-01-30 19:00:00,,,,,,,1533.0,1533.0,,,0.0,,,0.0
2025-01-30 20:00:00,,,,,,,1533.0,1533.0,,,0.0,,,0.0
2025-01-30 21:00:00,,,,,,,1533.0,1533.0,,,0.0,,,0.0
2025-01-30 22:00:00,,,,,,,1533.0,1533.0,,,0.0,,,0.0
2025-01-30 23:00:00,,,,,,,1529.0,1529.0,,,0.0,,,0.0
2025-01-31 00:00:00,,,,,,,1533.0,1533.0,,,0.0,,,0.0
2025-01-31 01:00:00,,,,,,,1533.0,1533.0,,,0.0,,,0.0
2025-01-31 02:00:00,,,,,,,1533.0,1533.0,,,0.0,,,0.0
2025-01-31 03:00:00,,,,,,,1273.0,1273.0,,,0.0,,,0.0
2025-01-31 04:00:00,,,,,,,1529.0,1529.0,,,0.0,,,0.0
2025-01-31 05:00:00,,,,,,,1533.0,1533.0,,,0.0,,,0.0
2025-01-31 06:00:00,,,,,,,1529.0,1529.0,,,0.0,,,0.0
2025-01-31 07:00:00,,,,,,,1529.0,1529.0,,,0.0,,,0.0
2025-01-31 08:00:00,,,,,,,505.0,505.0,0.824,0.0,1.0,-0.10350001,0.0,1.0
2025-01-31 09:00:00,,,,,,,249.0,248.0,0.3162,0.031,2.0,0.75539994,0.16759998,2.0
2025-01-31 10:00:00,,,,,,,505.0,504.0,0.42459998,0.119799994,5.0,0.39389998,0.2464,5.0
2025-01-31 11:00:00,,,,,,,249.0,248.0,0.5154,0.036599997,5.0,0.103899956,0.1343,5.0
2025-01-31 12:00:00,,,,,,,249.0,248.0,0.17,0.096599996,5.0,1.0130999,0.20749998,5.0
2025-01-31 13:00:00,,,,,,,505.0,504.0,0.1258,0.0592,5.0,1.3089999,0.04280001,5.0
2025-01-31 14:00:00,,,,,,,509.0,509.0,0.4238,0.0,1.0,1.0648999,0.0,1.0
2025-01-31 15:00:00,,,,,,,509.0,509.0,,,0.0,,,0.0
2025-01-31 16:00:00,,,,,,,509.0,509.0,,,0.0,,,0.0
2025-01-31 17:00:00,,,,,,,1533.0,1533.0,,,0.0,,,0.0
2025-01-31 18:00:00,,,,,,,1533.0,1533.0,,,0.0,,,0.0
2025-01-31 19:00:00,,,,,,,1533.0,1533.0,,,0.0,,,0.0
2025-01-31 20:00:00,,,,,,,1533.0,1533.0,,,0.0,,,0.0
2025-01-31 21:00:00,,,,,,,1533.0,1533.0,,,0.0,,,0.0
2025-01-31 22:00:00,,,,,,,1529.0,1529.0,,,0.0,,,0.0
2025-01-31 23:00:00,,,,,,,1533.0,1533.0,,,0.0,,,0.0
2025-02-01 00:00:00,,,,,,,1533.0,1533.0,,,0.0,,,0.0
2025-02-01 01:00:00,,,,,,,1533.0,1533.0,,,0.0,,,0.0
2025-02-01 02:00:00,,,,,,,1533.0,1533.0,,,0.0,,,0.0
2025-02-01 03:00:00,,,,,,,1533.0,1533.0,,,0.0,,,0.0
2025-02-01 04:00:00,,,,,,,1533.0,1533.0,,,0.0,,,0.0
2025-02-01 05:00:00,,,,,,,1533.0,1533.0,,,0.0,,,0.0
2025-02-01 06:00:00,,,,,,,1529.0,1529.0,,,0.0,,,0.0
2025-02-01 07:00:00,,,,,,,1273.0,1273.0,,,0.0,,,0.0
2025-02-01 08:00:00,,,,,,,509.0,509.0,,,0.0,,,0.0
2025-02-01 09:00:00,,,,,,,505.0,504.0,0.3184,0.066,2.0,0.83079994,0.43449998,2.0
2025-02-01 10:00:00,,,,,,,509.0,509.0,0.18239999,0.025799999,4.0,1.2608999,0.24759996,4.0
2025-02-01 11:00:00,,,,,,,509.0,509.0,0.50879997,0.1114,4.0,0.78129995,0.22359997,4.0
2025-02-01 12:00:00,,,,,,,509.0,509.0,,,0.0,,,0.0
2025-02-01 13:00:00,,,,,,,509.0,509.0,,,0.0,,,0.0
2025-02-01 14:00:00,,,,,,,505.0,505.0,0.7624,0.32819998,3.0,0.8425,0.3552,3.0
2025-02-01 15:00:00,,,,,,,509.0,509.0,,,0.0,,,0.0
2025-02-01 16:00:00,,,,,,,509.0,509.0,,,0.0,,,0.0
2025-02-01 17:00:00,,,,,,,1533.0,1533.0,,,0.0,,,0.0
2025-02-01 18:00:00,,,,,,,1533.0,1533.0,,,0.0,,,0.0
2025-02-01 19:00:00,,,,,,,1529.0,1529.0,,,0.0,,,0.0
2025-02-01 20:00:00,,,,,,,1533.0,1533.0,,,0.0,,,0.0
2025-02-01 21:00:00,,,,,,,1533.0,1533.0,,,0.0,,,0.0
2025-02-01 22:00:00,,,,,,,1533.0,1533.0,,,0.0,,,0.0
2025-02-01 23:00:00,,,,,,,1529.0,1529.0,,,0.0,,,0.0
2025-02-02 00:00:00,,,,,,,1533.0,1533.0,,,0.0,,,0.0
2025-02-02 01:00:00,,,,,,,1533.0,1533.0,,,0.0,,,0.0
2025-02-02 02:00:00,,,,,,,1529.0,1529.0,,,0.0,,,0.0
2025-02-02 03:00:00,,,,,,,1529.0,1529.0,,,0.0,,,0.0
2025-02-02 04:00:00,,,,,,,1529.0,1529.0,,,0.0,,,0.0
2025-02-02 05:00:00,,,,,,,1529.0,1529.0,,,0.0,,,0.0
2025-02-02 06:00:00,,,,,,,1273.0,1273.0,,,0.0,,,0.0
2025-02-02 07:00:00,,,,,,,1529.0,1529.0,,,0.0,,,0.0
2025-02-02 08:00:00,,,,,,,505.0,504.0,0.7194,0.0782,2.0,0.28429997,0.40379995,2.0
2025-02-02 09:00:00,,,,,,,505.0,504.0,0.336,0.0134,3.0,0.5339999,0.21679997,3.0
2025-02-02 10:00:00,0.19559999,,,,,,193.0,248.0,0.2288,0.110599995,6.0,0.45909995,0.3117,6.0
2025-02-02 11:00:00,,,,,,,249.0,248.0,0.3608,0.0632,6.0,0.39589995,0.18110001,6.0
2025-02-02 12:00:00,0.2234,,,,,,193.0,248.0,0.154,0.0466,6.0,1.0963,0.1588,6.0
2025-02-02 13:00:00,,,,,,,505.0,504.0,0.185,0.0462,6.0,1.2479,0.09889996,6.0
2025-02-02 14:00:00,,,,,,,509.0,509.0,0.3418,0.051799998,4.0,1.2888999,0.034999967,4.0
2025-02-02 15:00:00,,,,,,,505.0,505.0,0.33339998,0.0404,3.0,1.181,0.41929996,3.0
2025-02-02 16:00:00,,,,,,,509.0,509.0,,,0.0,,,0.0
2025-02-02 17:00:00,,,,,,,1533.0,1533.0,,,0.0,,,0.0
2025-02-02 18:00:00,,,,,,,1529.0,1529.0,,,0.0,,,0.0
2025-02-02 19:00:00,,,,,,,1533.0,1533.0,,,0.0,,,0.0
2025-02-02 20:00:00,,,,,,,1533.0,1533.0,,,0.0,,,0.0
2025-02-02 21:00:00,,,,,,,1533.0,1533.0,,,0.0,,,0.0
2025-02-02 22:00:00,,,,,,,1533.0,1533.0,,,0.0,,,0.0
2025-02-02 23:00:00,,,,,,,1533.0,1533.0,,,0.0,,,0.0
2025-02-03 00:00:00,,,,,,,1533.0,1533.0,,,0.0,,,0.0
2025-02-03 01:00:00,,,,,,,1533.0,1533.0,,,0.0,,,0.0
2025-02-03 02:00:00,,,,,,,1273.0,1273.0,,,0.0,,,0.0
2025-02-03 03:00:00,,,,,,,1273.0,1273.0,,,0.0,,,0.0
2025-02-03 04:00:00,,,,,,,1273.0,1273.0,,,0.0,,,0.0
2025-02-03 05:00:00,,,,,,,1273.0,1273.0,,,0.0,,,0.0
2025-02-03 06:00:00,,,,,,,1273.0,1273.0,,,0.0,,,0.0
2025-02-03 07:00:00,,,,,,,1533.0,1533.0,,,0.0,,,0.0
2025-02-03 08:00:00,,,,,,,249.0,248.0,0.42459998,0.107,2.0,0.36289996,0.21999997,2.0
2025-02-03 09:00:00,,,,,,,249.0,248.0,0.7608,0.276,5.0,0.3304,0.18599999,5.0
2025-02-03 10:00:00,,,,,,,505.0,505.0,0.5202,0.2742,5.0,0.64619994,0.09819996,5.0
2025-02-03 11:00:00,,,,,,,509.0,509.0,1.5058,0.0,1.0,0.015100002,0.0,1.0
2025-02-03 12:00:00,,,,,,,509.0,509.0,,,0.0,,,0.0
2025-02-03 13:00:00,,,,,,,509.0,509.0,0.7752,0.0,1.0,0.2249,0.0,1.0
2025-02-03 14:00:00,,,,,,,509.0,509.0,,,0.0,,,0.0
2025-02-03 15:00:00,,,,,,,249.0,248.0,0.2986,0.0338,5.0,1.4412999,0.30729997,5.0
2025-02-03 16:00:00,,,,,,,509.0,509.0,0.4164,0.0488,5.0,1.0282999,0.05250001,5.0
2025-02-03 17:00:00,,,,,,,1533.0,1533.0,,,0.0,,,0.0
2025-02-03 18:00:00,,,,,,,1273.0,1273.0,,,0.0,,,0.0
2025-02-03 19:00:00,,,,,,,1273.0,1273.0,,,0.0,,,0.0
2025-02-03 20:00:00,,,,,,,1273.0,1273.0,,,0.0,,,0.0
2025-02-03 21:00:00,,,,,,,1273.0,1273.0,,,0.0,,,0.0
2025-02-03 22:00:00,,,,,,,1533.0,1533.0,,,0.0,,,0.0
2025-02-03 23:00:00,,,,,,,1533.0,1533.0,,,0.0,,,0.0
2025-02-04 00:00:00,,,,,,,1273.0,1273.0,,,0.0,,,0.0
2025-02-04 01:00:00,,,,,,,1529.0,1529.0,,,0.0,,,0.0
2025-02-04 02:00:00,,,,,,,1533.0,1533.0,,,0.0,,,0.0
2025-02-04 03:00:00,,,,,,,1529.0,1529.0,,,0.0,,,0.0
2025-02-04 04:00:00,,,,,,,1273.0,1273.0,,,0.0,,,0.0
2025-02-04 05:00:00,,,,,,,1273.0,1273.0,,,0.0,,,0.0
2025-02-04 06:00:00,,,,,,,1273.0,1273.0,,,0.0,,,0.0
2025-02-04 07:00:00,,,,,,,1273.0,1273.0,,,0.0,,,0.0
2025-02-04 08:00:00,,0.47379997,,0.5826,,,248.0,192.0,0.5672,0.093399994,2.0,0.3462,0.1354,2.0
2025-02-04 09:00:00,0.22379999,0.25579998,0.5011,0.5011,,,192.0,192.0,0.3094,0.0958,6.0,0.59729993,0.0801,6.0
2025-02-04 10:00:00,0.20279999,0.4712,0.57089996,0.5708,,,192.0,192.0,0.25439999,0.1008,6.0,0.8191999,0.30369997,6.0
2025-02-04 11:00:00,0.3434,,,,,,449.0,504.0,0.5182,0.0758,6.0,0.4777,0.1972,6.0
2025-02-04 12:00:00,,,,,,,509.0,509.0,0.6106,0.0,1.0,0.6708,0.0,1.0
2025-02-04 13:00:00,,,,,,,509.0,509.0,,,0.0,,,0.0
2025-02-04 14:00:00,,,,,,,509.0,509.0,,,0.0,,,0.0
2025-02-04 15:00:00,,,,,,,509.0,509.0,,,0.0,,,0.0
2025-02-04 16:00:00,,,,,,,509.0,509.0,,,0.0,,,0.0
2025-02-04 17:00:00,,,,,,,1533.0,1533.0,,,0.0,,,0.0
2025-02-04 18:00:00,,,,,,,1529.0,1529.0,,,0.0,,,0.0
2025-02-04 19:00:00,,,,,,,1529.0,1529.0,,,0.0,,,0.0
2025-02-04 20:00:00,,,,,,,1529.0,1529.0,,,0.0,,,0.0
2025-02-04 21:00:00,,,,,,,1533.0,1533.0,,,0.0,,,0.0
2025-02-04 22:00:00,,,,,,,1533.0,1533.0,,,0.0,,,0.0
2025-02-04 23:00:00,,,,,,,1533.0,1533.0,,,0.0,,,0.0
2025-02-05 00:00:00,,,,,,,1529.0,1529.0,,,0.0,,,0.0
2025-02-05 01:00:00,,,,,,,1533.0,1533.0,,,0.0,,,0.0
2025-02-05 02:00:00,,,,,,,1273.0,1273.0,,,0.0,,,0.0
2025-02-05 03:00:00,,,,,,,1529.0,1529.0,,,0.0,,,0.0
2025-02-05 04:00:00,,,,,,,1273.0,1273.0,,,0.0,,,0.0
2025-02-05 05:00:00,,,,,,,1273.0,1273.0,,,0.0,,,0.0
2025-02-05 06:00:00,,,,,,,1273.0,1273.0,,,0.0,,,0.0
2025-02-05 07:00:00,,,,,,,1273.0,1273.0,,,0.0,,,0.0
2025-02-05 08:00:00,,,,,,,249.0,248.0,0.2554,0.0,1.0,0.5655999,0.0,1.0
2025-02-05 09:00:00,,,,,,,505.0,504.0,0.39699998,0.060599998,5.0,0.2371,0.074,5.0
2025-02-05 10:00:00,,,,,,,505.0,504.0,0.16239999,0.1152,6.0,0.6595,0.38869995,6.0
2025-02-05 11:00:00,,,,,,,505.0,504.0,0.3238,0.0534,6.0,0.37979996,0.2504,6.0
2025-02-05 12:00:00,,,,,,,2553.0,2552.0,0.1006,0.079399996,4.0,1.1710999,0.12699997,4.0
2025-02-05 13:00:00,,,,,,,505.0,504.0,0.126,0.0,1.0,1.3075,0.0,1.0
2025-02-05 14:00:00,,,,,,,505.0,504.0,0.2738,0.0694,6.0,1.2673999,0.04429996,6.0
2025-02-05 15:00:00,,,,,,,509.0,509.0,0.27699998,0.0014,2.0,1.3776,0.07080001,2.0
2025-02-05 16:00:00,,,,,,,509.0,509.0,,,0.0,,,0.0
2025-02-05 17:00:00,,,,,,,1533.0,1533.0,,,0.0,,,0.0
2025-02-05 18:00:00,,,,,,,1533.0,1533.0,,,0.0,,,0.0
2025-02-05 19:00:00,,,,,,,1533.0,1533.0,,,0.0,,,0.0
2025-02-05 20:00:00,,,,,,,1533.0,1533.0,,,0.0,,,0.0
2025-02-05 21:00:00,,,,,,,1533.0,1533.0,,,0.0,,,0.0
2025-02-05 22:00:00,,,,,,,1533.0,1533.0,,,0.0,,,0.0
2025-02-05 23:00:00,,,,,,,1529.0,1529.0,,,0.0,,,0.0
2025-02-06 00:00:00,,,,,,,1273.0,1273.0,,,0.0,,,0.0
2025-02-06 01:00:00,,,,,,,1529.0,1529.0,,,0.0,,,0.0
2025-02-06 02:00:00,,,,,,,1533.0,1533.0,,,0.0,,,0.0
2025-02-06 03:00:00,,,,,,,1533.0,1533.0,,,0.0,,,0.0
2025-02-06 04:00:00,,,,,,,1273.0,1273.0,,,0.0,,,0.0
2025-02-06 05:00:00,,,,,,,1529.0,1529.0,,,0.0,,,0.0
2025-02-06 06:00:00,,,,,,,1273.0,1273.0,,,0.0,,,0.0
2025-02-06 07:00:00,,,,,,,1529.0,1529.0,,,0.0,,,0.0
2025-02-06 08:00:00,,,,,,,509.0,509.0,,,0.0,,,0.0
2025-02-06 09:00:00,,,,,,,505.0,504.0,0.6742,0.20699999,3.0,0.48039997,0.0873,3.0
2025-02-06 10:00:00,,,,,,,249.0,248.0,0.52779996,0.0814,5.0,0.292,0.21289998,5.0
2025-02-06 11:00:00,,,,,,,505.0,504.0,0.443,0.1182,6.0,0.31329995,0.25769997,6.0
2025-02-06 12:00:00,,,,,,,505.0,505.0,0.1034,0.030199999,3.0,1.17,0.09219998,3.0
2025-02-06 13:00:00,,,,,,,249.0,249.0,,,0.0,,,0.0
2025-02-06 14:00:00,,,,,,,249.0,248.0,0.053,0.03,5.0,1.3087,0.005800009,5.0
2025-02-06 15:00:00,,,,,,,509.0,509.0,0.1302,0.0646,4.0,1.4,0.10460001,4.0
2025-02-06 16:00:00,,,,,,,509.0,509.0,1.6178,0.0,1.0,0.594,0.0,1.0
2025-02-06 17:00:00,,,,,,,1533.0,1533.0,,,0.0,,,0.0
2025-02-06 18:00:00,,,,,,,1273.0,1273.0,,,0.0,,,0.0
2025-02-06 19:00:00,,,,,,,1533.0,1533.0,,,0.0,,,0.0
2025-02-06 20:00:00,,,,,,,1533.0,1533.0,,,0.0,,,0.0
2025-02-06 21:00:00,,,,,,,1533.0,1533.0,,,0.0,,,0.0
2025-02-06 22:00:00,,,,,,,1533.0,1533.0,,,0.0,,,0.0
2025-02-06 23:00:00,,,,,,,1529.0,1529.0,,,0.0,,,0.0
2025-02-07 00:00:00,,,,,,,1533.0,1533.0,,,0.0,,,0.0
2025-02-07 01:00:00,,,,,,,1533.0,1533.0,,,0.0,,,0.0
2025-02-07 02:00:00,,,,,,,1533.0,1533.0,,,0.0,,,0.0
2025-02-07 03:00:00,,,,,,,1533.0,1533.0,,,0.0,,,0.0
2025-02-07 04:00:00,,,,,,,1533.0,1533.0,,,0.0,,,0.0
2025-02-07 05:00:00,,,,,,,1533.0,1533.0,,,0.0,,,0.0
2025-02-07 06:00:00,,,,,,,1533.0,1533.0,,,0.0,,,0.0
2025-02-07 07:00:00,,,,,,,1529.0,1529.0,,,0.0,,,0.0
2025-02-07 08:00:00,,,,,,,249.0,248.0,0.48999998,0.0,1.0,0.6920999,0.0,1.0
2025-02-07 09:00:00,0.317,0.23339999,0.4983,0.4982,,,192.0,192.0,0.3468,0.06,6.0,0.584,0.07889998,6.0
2025-02-07 10:00:00,0.22039999,,,,,,449.0,504.0,0.2338,0.1396,6.0,0.7896,0.32999998,6.0
2025-02-07 11:00:00,,,,,,,249.0,248.0,0.3726,0.0508,6.0,0.5942,0.22479999,6.0
2025-02-07 12:00:00,,,,,,,505.0,504.0,0.241,0.0574,6.0,1.1238999,0.1958,6.0
2025-02-07 13:00:00,,,,,,,509.0,509.0,0.2472,0.0256,5.0,1.2785,0.14919996,5.0
2025-02-07 14:00:00,,,,,,,509.0,509.0,0.5524,0.0,1.0,1.0768,0.0,1.0
2025-02-07 15:00:00,,,,,,,509.0,509.0,,,0.0,,,0.0
2025-02-07 16:00:00,,,,,,,509.0,509.0,,,0.0,,,0.0
2025-02-07 17:00:00,,,,,,,1533.0,1533.0,,,0.0,,,0.0
2025-02-07 18:00:00,,,,,,,1533.0,1533.0,,,0.0,,,0.0
2025-02-07 19:00:00,,,,,,,1529.0,1529.0,,,0.0,,,0.0
2025-02-07 20:00:00,,,,,,,1533.0,1533.0,,,0.0,,,0.0
2025-02-07 21:00:00,,,,,,,1529.0,1529.0,,,0.0,,,0.0
2025-02-07 22:00:00,,,,,,,1533.0,1533.0,,,0.0,,,0.0
2025-02-07 23:00:00,,,,,,,1533.0,1533.0,,,0.0,,,0.0
2025-02-08 00:00:00,,,,,,,1533.0,1533.0,,,0.0,,,0.0
2025-02-08 01:00:00,,,,,,,1533.0,1533.0,,,0.0,,,0.0
2025-02-08 02:00:00,,,,,,,1533.0,1533.0,,,0.0,,,0.0
2025-02-08 03:00:00,,,,,,,1533.0,1533.0,,,0.0,,,0.0
2025-02-08 04:00:00,,,,,,,1533.0,1533.0,,,0.0,,,0.0
2025-02-08 05:00:00,,,,,,,1533.0,1533.0,,,0.0,,,0.0
2025-02-08 06:00:00,,,,,,,1533.0,1533.0,,,0.0,,,0.0
2025-02-08 07:00:00,,,,,,,1529.0,1529.0,,,0.0,,,0.0
2025-02-08 08:00:00,,,,,,,509.0,509.0,,,0.0,,,0.0
2025-02-08 09:00:00,,,,,,,249.0,248.0,0.2692,0.14739999,4.0,0.65929997,0.2144,4.0
2025-02-08 10:00:00,,,,,,,509.0,509.0,0.1978,0.019199999,4.0,0.6618999,0.07349998,4.0
2025-02-08 11:00:00,,,,,,,509.0,509.0,0.575,0.0186,2.0,0.20719999,0.09009999,2.0
2025-02-08 12:00:00,,,,,,,509.0,509.0,0.36839998,0.0,1.0,1.1107999,0.0,1.0
2025-02-08 13:00:00,,,,,,,509.0,509.0,0.47939998,0.1574,3.0,1.2186999,0.15740001,3.0
2025-02-08 14:00:00,,,,,,,509.0,509.0,,,0.0,,,0.0
2025-02-08 15:00:00,,,,,,,509.0,509.0,,,0.0,,,0.0
2025-02-08 16:00:00,,,,,,,509.0,509.0,0.6782,0.044,5.0,0.7911999,0.061100006,5.0
2025-02-08 17:00:00,,,,,,,1533.0,1533.0,,,0.0,,,0.0
2025-02-08 18:00:00,,,,,,,1273.0,1273.0,,,0.0,,,0.0
2025-02-08 19:00:00,,,,,,,1533.0,1533.0,,,0.0,,,0.0
2025-02-08 20:00:00,,,,,,,1273.0,1273.0,,,0.0,,,0.0
2025-02-08 21:00:00,,,,,,,1529.0,1529.0,,,0.0,,,0.0
2025-02-08 22:00:00,,,,,,,1533.0,1533.0,,,0.0,,,0.0
2025-02-08 23:00:00,,,,,,,1533.0,1533.0,,,0.0,,,0.0
2025-02-09 00:00:00,,,,,,,1529.0,1529.0,,,0.0,,,0.0
2025-02-09 01:00:00,,,,,,,1533.0,1533.0,,,0.0,,,0.0
2025-02-09 02:00:00,,,,,,,1533.0,1533.0,,,0.0,,,0.0
2025-02-09 03:00:00,,,,,,,1533.0,1533.0,,,0.0,,,0.0
2025-02-09 04:00:00,,,,,,,1529.0,1529.0,,,0.0,,,0.0
2025-02-09 05:00:00,,,,,,,1529.0,1529.0,,,0.0,,,0.0
2025-02-09 06:00:00,,,,,,,1533.0,1533.0,,,0.0,,,0.0
2025-02-09 07:00:00,,,,,,,1273.0,1273.0,,,0.0,,,0.0
2025-02-09 08:00:00,,,,,,,249.0,248.0,0.564,0.0,1.0,0.3717,0.0,1.0
2025-02-09 09:00:00,,,,,,,249.0,248.0,0.3594,0.0716,5.0,0.27459997,0.15719998,5.0
2025-02-09 10:00:00,,,,,,,505.0,504.0,0.2068,0.1444,6.0,0.6258,0.34489995,6.0
2025-02-09 11:00:00,,,,,,,505.0,504.0,0.4118,0.0202,6.0,0.2866,0.1624,6.0
2025-02-09 12:00:00,,,,,,,509.0,509.0,0.40539998,0.195,2.0,0.72959995,0.3301,2.0
2025-02-09 13:00:00,,,,,,,505.0,504.0,0.21079999,0.032199997,2.0,1.2251999,0.04100001,2.0
2025-02-09 14:00:00,,,,,,,505.0,504.0,0.2538,0.026999999,4.0,1.3077999,0.065699995,4.0
2025-02-09 15:00:00,,,,,,,509.0,509.0,,,0.0,,,0.0
2025-02-09 16:00:00,,,,,,,509.0,509.0,,,0.0,,,0.0
2025-02-09 17:00:00,,,,,,,1533.0,1533.0,,,0.0,,,0.0
2025-02-09 18:00:00,,,,,,,1273.0,1273.0,,,0.0,,,0.0
2025-02-09 19:00:00,,,,,,,1273.0,1273.0,,,0.0,,,0.0
2025-02-09 20:00:00,,,,,,,1529.0,1529.0,,,0.0,,,0.0
2025-02-09 21:00:00,,,,,,,1533.0,1533.0,,,0.0,,,0.0
2025-02-09 22:00:00,,,,,,,1529.0,1529.0,,,0.0,,,0.0
2025-02-09 23:00:00,,,,,,,1529.0,1529.0,,,0.0,,,0.0
2025-02-10 00:00:00,,,,,,,1529.0,1529.0,,,0.0,,,0.0
2025-02-10 01:00:00,,,,,,,1529.0,1529.0,,,0.0,,,0.0
2025-02-10 02:00:00,,,,,,,1529.0,1529.0,,,0.0,,,0.0
2025-02-10 03:00:00,,,,,,,1533.0,1533.0,,,0.0,,,0.0
2025-02-10 04:00:00,,,,,,,1533.0,1533.0,,,0.0,,,0.0
2025-02-10 05:00:00,,,,,,,1533.0,1533.0,,,0.0,,,0.0
2025-02-10 06:00:00,,,,,,,1533.0,1533.0,,,0.0,,,0.0
2025-02-10 07:00:00,,,,,,,1533.0,1533.0,,,0.0,,,0.0
2025-02-10 08:00:00,,,,,,,509.0,509.0,,,0.0,,,0.0
2025-02-10 09:00:00,,,,,,,509.0,509.0,1.6896,0.0,1.0,0.2335,0.0,1.0
2025-02-10 10:00:00,,,,,,,509.0,509.0,,,0.0,,,0.0
2025-02-10 11:00:00,,,,,,,509.0,509.0,,,0.0,,,0.0
2025-02-10 12:00:00,,,,,,,509.0,509.0,,,0.0,,,0.0
2025-02-10 13:00:00,,,,,,,249.0,249.0,,,0.0,,,0.0
2025-02-10 14:00:00,,,,,,,509.0,509.0,,,0.0,,,0.0
2025-02-10 15:00:00,,,,,,,509.0,509.0,,,0.0,,,0.0
2025-02-10 16:00:00,,,,,,,509.0,509.0,,,0.0,,,0.0
2025-02-10 17:00:00,,,,,,,1533.0,1533.0,,,0.0,,,0.0
2025-02-10 18:00:00,,,,,,,1533.0,1533.0,,,0.0,,,0.0
2025-02-10 19:00:00,,,,,,,1533.0,1533.0,,,0.0,,,0.0
2025-02-10 20:00:00,,,,,,,1533.0,1533.0,,,0.0,,,0.0
2025-02-10 21:00:00,,,,,,,1533.0,1533.0,,,0.0,,,0.0
2025-02-10 22:00:00,,,,,,,1533.0,1533.0,,,0.0,,,0.0
2025-02-10 23:00:00,,,,,,,1533.0,1533.0,,,0.0,,,0.0
2025-02-11 00:00:00,,,,,,,1533.0,1533.0,,,0.0,,,0.0
2025-02-11 01:00:00,,,,,,,1533.0,1533.0,,,0.0,,,0.0
2025-02-11 02:00:00,,,,,,,1533.0,1533.0,,,0.0,,,0.0
2025-02-11 03:00:00,,,,,,,1533.0,1533.0,,,0.0,,,0.0
2025-02-11 04:00:00,,,,,,,1529.0,1529.0,,,0.0,,,0.0
2025-02-11 05:00:00,,,,,,,1533.0,1533.0,,,0.0,,,0.0
2025-02-11 06:00:00,,,,,,,1529.0,1529.0,,,0.0,,,0.0
2025-02-11 07:00:00,,,,,,,1529.0,1529.0,,,0.0,,,0.0
2025-02-11 08:00:00,,,,,,,509.0,509.0,,,0.0,,,0.0
2025-02-11 09:00:00,,,,,,,509.0,509.0,,,0.0,,,0.0
2025-02-11 10:00:00,,,,,,,509.0,509.0,,,0.0,,,0.0
2025-02-11 11:00:00,,,,,,,509.0,509.0,,,0.0,,,0.0
2025-02-11 12:00:00,,,,,,,509.0,509.0,,,0.0,,,0.0
2025-02-11 13:00:00,,,,,,,509.0,509.0,,,0.0,,,0.0
2025-02-11 14:00:00,,,,,,,509.0,509.0,,,0.0,,,0.0
2025-02-11 15:00:00,,,,,,,509.0,509.0,,,0.0,,,0.0
2025-02-11 16:00:00,,,,,,,509.0,509.0,,,0.0,,,0.0
2025-02-11 17:00:00,,,,,,,1533.0,1533.0,,,0.0,,,0.0
2025-02-11 18:00:00,,,,,,,1533.0,1533.0,,,0.0,,,0.0
2025-02-11 19:00:00,,,,,,,1533.0,1533.0,,,0.0,,,0.0
2025-02-11 20:00:00,,,,,,,1533.0,1533.0,,,0.0,,,0.0
2025-02-11 21:00:00,,,,,,,1529.0,1529.0,,,0.0,,,0.0
2025-02-11 22:00:00,,,,,,,1533.0,1533.0,,,0.0,,,0.0
2025-02-11 23:00:00,,,,,,,1533.0,1533.0,,,0.0,,,0.0
2025-02-12 00:00:00,,,,,,,1533.0,1533.0,,,0.0,,,0.0
2025-02-12 01:00:00,,,,,,,1533.0,1533.0,,,0.0,,,0.0
2025-02-12 02:00:00,,,,,,,1529.0,1529.0,,,0.0,,,0.0
2025-02-12 03:00:00,,,,,,,1529.0,1529.0,,,0.0,,,0.0
2025-02-12 04:00:00,,,,,,,1533.0,1533.0,,,0.0,,,0.0
2025-02-12 05:00:00,,,,,,,1533.0,1533.0,,,0.0,,,0.0
2025-02-12 06:00:00,,,,,,,1529.0,1529.0,,,0.0,,,0.0
2025-02-12 07:00:00,,,,,,,1533.0,1533.0,,,0.0,,,0.0
2025-02-12 08:00:00,,,,,,,509.0,509.0,,,0.0,,,0.0
2025-02-12 09:00:00,,,,,,,509.0,509.0,,,0.0,,,0.0
2025-02-12 10:00:00,,,,,,,509.0,509.0,,,0.0,,,0.0
2025-02-12 11:00:00,,,,,,,509.0,509.0,,,0.0,,,0.0
2025-02-12 12:00:00,,,,,,,509.0,509.0,,,0.0,,,0.0
2025-02-12 13:00:00,,,,,,,509.0,509.0,,,0.0,,,0.0
2025-02-12 14:00:00,,,,,,,505.0,504.0,0.9608,0.0,1.0,0.3121,0.0,1.0
2025-02-12 15:00:00,,,,,,,509.0,509.0,,,0.0,,,0.0
2025-02-12 16:00:00,,,,,,,509.0,509.0,,,0.0,,,0.0
2025-02-12 17:00:00,,,,,,,1533.0,1533.0,,,0.0,,,0.0
2025-02-12 18:00:00,,,,,,,1533.0,1533.0,,,0.0,,,0.0
2025-02-12 19:00:00,,,,,,,1533.0,1533.0,,,0.0,,,0.0
2025-02-12 20:00:00,,,,,,,1533.0,1533.0,,,0.0,,,0.0
2025-02-12 21:00:00,,,,,,,1533.0,1533.0,,,0.0,,,0.0
2025-02-12 22:00:00,,,,,,,1529.0,1529.0,,,0.0,,,0.0
2025-02-12 23:00:00,,,,,,,1529.0,1529.0,,,0.0,,,0.0
2025-02-13 00:00:00,,,,,,,1529.0,1529.0,,,0.0,,,0.0
2025-02-13 01:00:00,,,,,,,1529.0,1529.0,,,0.0,,,0.0
2025-02-13 02:00:00,,,,,,,1533.0,1533.0,,,0.0,,,0.0
2025-02-13 03:00:00,,,,,,,1529.0,1529.0,,,0.0,,,0.0
2025-02-13 04:00:00,,,,,,,1533.0,1533.0,,,0.0,,,0.0
2025-02-13 05:00:00,,,,,,,1533.0,1533.0,,,0.0,,,0.0
2025-02-13 06:00:00,,,,,,,1529.0,1529.0,,,0.0,,,0.0
2025-02-13 07:00:00,,,,,,,1533.0,1533.0,,,0.0,,,0.0
2025-02-13 08:00:00,,,,,,,509.0,509.0,,,0.0,,,0.0
2025-02-13 09:00:00,,,,,,,509.0,509.0,,,0.0,,,0.0
2025-02-13 10:00:00,,,,,,,509.0,509.0,,,0.0,,,0.0
2025-02-13 11:00:00,,,,,,,509.0,509.0,,,0.0,,,0.0
2025-02-13 12:00:00,,,,,,,509.0,509.0,,,0.0,,,0.0
2025-02-13 13:00:00,,,,,,,509.0,509.0,,,0.0,,,0.0
2025-02-13 14:00:00,,,,,,,505.0,504.0,0.94339997,0.0336,2.0,1.4063,0.31409997,2.0
2025-02-13 15:00:00,,,,,,,505.0,505.0,,,0.0,,,0.0
2025-02-13 16:00:00,,,,,,,509.0,509.0,,,0.0,,,0.0
2025-02-13 17:00:00,,,,,,,1533.0,1533.0,,,0.0,,,0.0
2025-02-13 18:00:00,,,,,,,1273.0,1273.0,,,0.0,,,0.0
2025-02-13 19:00:00,,,,,,,1529.0,1529.0,,,0.0,,,0.0
2025-02-13 20:00:00,,,,,,,1273.0,1273.0,,,0.0,,,0.0
2025-02-13 21:00:00,,,,,,,1273.0,1273.0,,,0.0,,,0.0
2025-02-13 22:00:00,,,,,,,1273.0,1273.0,,,0.0,,,0.0
2025-02-13 23:00:00,,,,,,,1273.0,1273.0,,,0.0,,,0.0
2025-02-14 00:00:00,,,,,,,1533.0,1533.0,,,0.0,,,0.0
2025-02-14 01:00:00,,,,,,,1529.0,1529.0,,,0.0,,,0.0
2025-02-14 02:00:00,,,,,,,1273.0,1273.0,,,0.0,,,0.0
2025-02-14 03:00:00,,,,,,,1273.0,1273.0,,,0.0,,,0.0
2025-02-14 04:00:00,,,,,,,1529.0,1529.0,,,0.0,,,0.0
2025-02-14 05:00:00,,,,,,,1529.0,1529.0,,,0.0,,,0.0
2025-02-14 06:00:00,,,,,,,1273.0,1273.0,,,0.0,,,0.0
2025-02-14 07:00:00,,,,,,,1533.0,1533.0,,,0.0,,,0.0
2025-02-14 08:00:00,,,,,,,509.0,509.0,,,0.0,,,0.0
2025-02-14 09:00:00,,,,,,,509.0,509.0,,,0.0,,,0.0
2025-02-14 10:00:00,,,,,,,509.0,509.0,,,0.0,,,0.0
2025-02-14 11:00:00,,,,,,,509.0,509.0,,,0.0,,,0.0
2025-02-14 12:00:00,,,,,,,509.0,509.0,,,0.0,,,0.0
2025-02-14 13:00:00,,,,,,,509.0,509.0,,,0.0,,,0.0
2025-02-14 14:00:00,,,,,,,509.0,509.0,,,0.0,,,0.0
2025-02-14 15:00:00,,,,,,,509.0,509.0,,,0.0,,,0.0
2025-02-14 16:00:00,,,,,,,509.0,509.0,,,0.0,,,0.0
2025-02-14 17:00:00,,,,,,,1533.0,1533.0,,,0.0,,,0.0
2025-02-14 18:00:00,,,,,,,1273.0,1273.0,,,0.0,,,0.0
2025-02-14 19:00:00,,,,,,,1273.0,1273.0,,,0.0,,,0.0
2025-02-14 20:00:00,,,,,,,1273.0,1273.0,,,0.0,,,0.0
2025-02-14 21:00:00,,,,,,,1273.0,1273.0,,,0.0,,,0.0
2025-02-14 22:00:00,,,,,,,1529.0,1529.0,,,0.0,,,0.0
2025-02-14 23:00:00,,,,,,,1533.0,1533.0,,,0.0,,,0.0
2025-02-15 00:00:00,,,,,,,1533.0,1533.0,,,0.0,,,0.0
2025-02-15 01:00:00,,,,,,,1273.0,1273.0,,,0.0,,,0.0
2025-02-15 02:00:00,,,,,,,1273.0,1273.0,,,0.0,,,0.0
2025-02-15 03:00:00,,,,,,,1273.0,1273.0,,,0.0,,,0.0
2025-02-15 04:00:00,,,,,,,1273.0,1273.0,,,0.0,,,0.0
2025-02-15 05:00:00,,,,,,,1273.0,1273.0,,,0.0,,,0.0
2025-02-15 06:00:00,,,,,,,1273.0,1273.0,,,0.0,,,0.0
2025-02-15 07:00:00,,,,,,,1533.0,1533.0,,,0.0,,,0.0
2025-02-15 08:00:00,,,,,,,509.0,509.0,,,0.0,,,0.0
2025-02-15 09:00:00,,,,,,,509.0,509.0,,,0.0,,,0.0
2025-02-15 10:00:00,,,,,,,509.0,509.0,,,0.0,,,0.0
2025-02-15 11:00:00,,,,,,,509.0,509.0,,,0.0,,,0.0
2025-02-15 12:00:00,,,,,,,509.0,509.0,,,0.0,,,0.0
2025-02-15 13:00:00,,,,,,,509.0,509.0,,,0.0,,,0.0
2025-02-15 14:00:00,,,,,,,509.0,509.0,1.6832,0.0,1.0,0.6395,0.0,1.0
2025-02-15 15:00:00,,,,,,,509.0,509.0,,,0.0,,,0.0
2025-02-15 16:00:00,,,,,,,509.0,509.0,,,0.0,,,0.0
2025-02-15 17:00:00,,,,,,,1533.0,1533.0,,,0.0,,,0.0
2025-02-15 18:00:00,,,,,,,1533.0,1533.0,,,0.0,,,0.0
2025-02-15 19:00:00,,,,,,,1529.0,1529.0,,,0.0,,,0.0
2025-02-15 20:00:00,,,,,,,1273.0,1273.0,,,0.0,,,0.0
2025-02-15 21:00:00,,,,,,,1273.0,1273.0,,,0.0,,,0.0
2025-02-15 22:00:00,,,,,,,1273.0,1273.0,,,0.0,,,0.0
2025-02-15 23:00:00,,,,,,,1273.0,1273.0,,,0.0,,,0.0
2025-02-16 00:00:00,,,,,,,1273.0,1273.0,,,0.0,,,0.0
2025-02-16 01:00:00,,,,,,,1273.0,1273.0,,,0.0,,,0.0
2025-02-16 02:00:00,,,,,,,1529.0,1529.0,,,0.0,,,0.0
2025-02-16 03:00:00,,,,,,,1533.0,1533.0,,,0.0,,,0.0
2025-02-16 04:00:00,,,,,,,1529.0,1529.0,,,0.0,,,0.0
2025-02-16 05:00:00,,,,,,,1273.0,1273.0,,,0.0,,,0.0
2025-02-16 06:00:00,,,,,,,1273.0,1273.0,,,0.0,,,0.0
2025-02-16 07:00:00,,,,,,,1273.0,1273.0,,,0.0,,,0.0
2025-02-16 08:00:00,,,,,,,509.0,509.0,,,0.0,,,0.0
2025-02-16 09:00:00,,,,,,,505.0,504.0,0.236,0.0,1.0,0.4806,0.0,1.0
2025-02-16 10:00:00,,,,,,,505.0,505.0,0.2418,0.018199999,3.0,0.6244,0.22549999,3.0
2025-02-16 11:00:00,,,,,,,505.0,504.0,0.4574,0.025999999,6.0,0.3667,0.25509995,6.0
2025-02-16 12:00:00,,,,,,,505.0,505.0,0.454,0.057,5.0,1.1675999,0.121800005,5.0
2025-02-16 13:00:00,,,,,,,509.0,509.0,,,0.0,,,0.0
2025-02-16 14:00:00,,,,,,,509.0,509.0,1.2974,0.021399999,2.0,0.5691999,0.03189999,2.0
2025-02-16 15:00:00,,,,,,,509.0,509.0,,,0.0,,,0.0
2025-02-16 16:00:00,,,,,,,509.0,509.0,,,0.0,,,0.0
2025-02-16 17:00:00,,,,,,,1533.0,1533.0,,,0.0,,,0.0
2025-02-16 18:00:00,,,,,,,1533.0,1533.0,,,0.0,,,0.0
2025-02-16 19:00:00,,,,,,,1529.0,1529.0,,,0.0,,,0.0
2025-02-16 20:00:00,,,,,,,1529.0,1529.0,,,0.0,,,0.0
2025-02-16 21:00:00,,,,,,,1273.0,1273.0,,,0.0,,,0.0
2025-02-16 22:00:00,,,,,,,1273.0,1273.0,,,0.0,,,0.0
2025-02-16 23:00:00,,,,,,,1273.0,1273.0,,,0.0,,,0.0
2025-02-17 00:00:00,,,,,,,1273.0,1273.0,,,0.0,,,0.0
2025-02-17 01:00:00,,,,,,,1273.0,1273.0,,,0.0,,,0.0
2025-02-17 02:00:00,,,,,,,1533.0,1533.0,,,0.0,,,0.0
2025-02-17 03:00:00,,,,,,,1533.0,1533.0,,,0.0,,,0.0
2025-02-17 04:00:00,,,,,,,1533.0,1533.0,,,0.0,,,0.0
2025-02-17 05:00:00,,,,,,,1529.0,1529.0,,,0.0,,,0.0
2025-02-17 06:00:00,,,,,,,1533.0,1533.0,,,0.0,,,0.0
2025-02-17 07:00:00,,,,,,,1533.0,1533.0,,,0.0,,,0.0
2025-02-17 08:00:00,,,,,,,509.0,509.0,,,0.0,,,0.0
2025-02-17 09:00:00,,,,,,,509.0,509.0,0.24479999,0.0,1.0,1.2361,0.0,1.0
2025-02-17 10:00:00,,,,,,,509.0,509.0,0.4544,0.0,1.0,1.2658,0.0,1.0
2025-02-17 11:00:00,,,,,,,509.0,509.0,0.1162,0.0,1.0,1.3533,0.0,1.0
2025-02-17 12:00:00,,,,,,,509.0,509.0,,,0.0,,,0.0
2025-02-17 13:00:00,,,,,,,509.0,509.0,0.2242,0.0,1.0,1.2608,0.0,1.0
2025-02-17 14:00:00,,,,,,,509.0,509.0,0.2606,0.0,1.0,0.9943999,0.0,1.0
2025-02-17 15:00:00,,,,,,,509.0,509.0,,,0.0,,,0.0
2025-02-17 16:00:00,,,,,,,509.0,509.0,,,0.0,,,0.0
2025-02-17 17:00:00,,,,,,,1533.0,1533.0,,,0.0,,,0.0
2025-02-17 18:00:00,,,,,,,1533.0,1533.0,,,0.0,,,0.0
2025-02-17 19:00:00,,,,,,,1529.0,1529.0,,,0.0,,,0.0
2025-02-17 20:00:00,,,,,,,1529.0,1529.0,,,0.0,,,0.0
2025-02-17 21:00:00,,,,,,,1533.0,1533.0,,,0.0,,,0.0
2025-02-17 22:00:00,,,,,,,1273.0,1273.0,,,0.0,,,0.0
2025-02-17 23:00:00,,,,,,,1529.0,1529.0,,,0.0,,,0.0
2025-02-18 00:00:00,,,,,,,1533.0,1533.0,,,0.0,,,0.0
2025-02-18 01:00:00,,,,,,,1533.0,1533.0,,,0.0,,,0.0
2025-02-18 02:00:00,,,,,,,1533.0,1533.0,,,0.0,,,0.0
2025-02-18 03:00:00,,,,,,,1533.0,1533.0,,,0.0,,,0.0
2025-02-18 04:00:00,,,,,,,1529.0,1529.0,,,0.0,,,0.0
2025-02-18 05:00:00,,,,,,,1533.0,1533.0,,,0.0,,,0.0
2025-02-18 06:00:00,,,,,,,1533.0,1533.0,,,0.0,,,0.0
2025-02-18 07:00:00,,,,,,,1533.0,1533.0,,,0.0,,,0.0
2025-02-18 08:00:00,,,,,,,509.0,509.0,0.1118,0.0,1.0,1.1243,0.0,1.0
2025-02-18 09:00:00,,,,,,,509.0,509.0,0.3712,0.0,1.0,0.6733,0.0,1.0
2025-02-18 10:00:00,,,,,,,505.0,504.0,0.47919998,0.1218,2.0,0.25019997,0.36699998,2.0
2025-02-18 11:00:00,,,,,,,505.0,504.0,0.6972,0.153,3.0,0.62619996,0.1178,3.0
2025-02-18 12:00:00,,,,,,,509.0,509.0,,,0.0,,,0.0
2025-02-18 13:00:00,,,,,,,509.0,509.0,,,0.0,,,0.0
2025-02-18 14:00:00,,,,,,,509.0,509.0,,,0.0,,,0.0
2025-02-18 15:00:00,,,,,,,509.0,509.0,,,0.0,,,0.0
2025-02-18 16:00:00,,,,,,,509.0,509.0,,,0.0,,,0.0
2025-02-18 17:00:00,,,,,,,1533.0,1533.0,,,0.0,,,0.0
2025-02-18 18:00:00,,,,,,,1533.0,1533.0,,,0.0,,,0.0
2025-02-18 19:00:00,,,,,,,1533.0,1533.0,,,0.0,,,0.0
2025-02-18 20:00:00,,,,,,,1533.0,1533.0,,,0.0,,,0.0
2025-02-18 21:00:00,,,,,,,1529.0,1529.0,,,0.0,,,0.0
2025-02-18 22:00:00,,,,,,,1273.0,1273.0,,,0.0,,,0.0
2025-02-18 23:00:00,,,,,,,1273.0,1273.0,,,0.0,,,0.0
2025-02-19 00:00:00,,,,,,,1533.0,1533.0,,,0.0,,,0.0
2025-02-19 01:00:00,,,,,,,1273.0,1273.0,,,0.0,,,0.0
2025-02-19 02:00:00,,,,,,,1533.0,1533.0,,,0.0,,,0.0
2025-02-19 03:00:00,,,,,,,1533.0,1533.0,,,0.0,,,0.0
2025-02-19 04:00:00,,,,,,,1533.0,1533.0,,,0.0,,,0.0
2025-02-19 05:00:00,,,,,,,1533.0,1533.0,,,0.0,,,0.0
2025-02-19 06:00:00,,,,,,,1533.0,1533.0,,,0.0,,,0.0
2025-02-19 07:00:00,,,,,,,1533.0,1533.0,,,0.0,,,0.0
2025-02-19 08:00:00,,,,,,,509.0,509.0,,,0.0,,,0.0
2025-02-19 09:00:00,,,,,,,509.0,509.0,,,0.0,,,0.0
2025-02-19 10:00:00,,,,,,,505.0,505.0,,,0.0,,,0.0
2025-02-19 11:00:00,,,,,,,505.0,504.0,0.8384,0.412,5.0,0.3893,0.15869999,5.0
2025-02-19 12:00:00,,,,,,,509.0,509.0,2.0402,0.0,1.0,0.3638,0.0,1.0
2025-02-19 13:00:00,,,,,,,509.0,509.0,,,0.0,,,0.0
2025-02-19 14:00:00,,,,,,,509.0,509.0,,,0.0,,,0.0
2025-02-19 15:00:00,,,,,,,505.0,505.0,,,0.0,,,0.0
2025-02-19 16:00:00,,,,,,,509.0,509.0,,,0.0,,,0.0
2025-02-19 17:00:00,,,,,,,1533.0,1533.0,,,0.0,,,0.0
2025-02-19 18:00:00,,,,,,,1529.0,1529.0,,,0.0,,,0.0
2025-02-19 19:00:00,,,,,,,1529.0,1529.0,,,0.0,,,0.0
2025-02-19 20:00:00,,,,,,,1533.0,1533.0,,,0.0,,,0.0
2025-02-19 21:00:00,,,,,,,1529.0,1529.0,,,0.0,,,0.0
2025-02-19 22:00:00,,,,,,,1529.0,1529.0,,,0.0,,,0.0
2025-02-19 23:00:00,,,,,,,1533.0,1533.0,,,0.0,,,0.0
2025-02-20 00:00:00,,,,,,,1533.0,1533.0,,,0.0,,,0.0
2025-02-20 01:00:00,,,,,,,1529.0,1529.0,,,0.0,,,0.0
2025-02-20 02:00:00,,,,,,,1533.0,1533.0,,,0.0,,,0.0
2025-02-20 03:00:00,,,,,,,1533.0,1533.0,,,0.0,,,0.0
2025-02-20 04:00:00,,,,,,,1529.0,1529.0,,,0.0,,,0.0
2025-02-20 05:00:00,,,,,,,1529.0,1529.0,,,0.0,,,0.0
2025-02-20 06:00:00,,,,,,,1529.0,1529.0,,,0.0,,,0.0
2025-02-20 07:00:00,,,,,,,1533.0,1533.0,,,0.0,,,0.0
2025-02-20 08:00:00,,,,,,,249.0,248.0,0.3718,0.0,1.0,0.70219994,0.0,1.0
2025-02-20 09:00:00,,,,,,,505.0,504.0,0.43379998,0.0354,6.0,0.73679996,0.19979995,6.0
2025-02-20 10:00:00,,,,,,,509.0,509.0,0.6458,0.111999996,4.0,0.7041999,0.021600008,4.0
2025-02-20 11:00:00,,,,,,,509.0,509.0,,,0.0,,,0.0
2025-02-20 12:00:00,,,,,,,505.0,504.0,0.9726,0.1576,2.0,0.6423,0.32809997,2.0
2025-02-20 13:00:00,,,,,,,505.0,504.0,1.1214,0.1258,2.0,0.44889998,0.17199999,2.0
2025-02-20 14:00:00,,,,,,,509.0,509.0,,,0.0,,,0.0
2025-02-20 15:00:00,,,,,,,509.0,509.0,,,0.0,,,0.0
2025-02-20 16:00:00,,,,,,,509.0,509.0,,,0.0,,,0.0
2025-02-20 17:00:00,,,,,,,1533.0,1533.0,,,0.0,,,0.0
2025-02-20 18:00:00,,,,,,,1533.0,1533.0,,,0.0,,,0.0
2025-02-20 19:00:00,,,,,,,1533.0,1533.0,,,0.0,,,0.0
2025-02-20 20:00:00,,,,,,,1529.0,1529.0,,,0.0,,,0.0
2025-02-20 21:00:00,,,,,,,1533.0,1533.0,,,0.0,,,0.0
2025-02-20 22:00:00,,,,,,,1533.0,1533.0,,,0.0,,,0.0
2025-02-20 23:00:00,,,,,,,1533.0,1533.0,,,0.0,,,0.0
2025-02-21 00:00:00,,,,,,,1533.0,1533.0,,,0.0,,,0.0
2025-02-21 01:00:00,,,,,,,1533.0,1533.0,,,0.0,,,0.0
2025-02-21 02:00:00,,,,,,,1533.0,1533.0,,,0.0,,,0.0
2025-02-21 03:00:00,,,,,,,1529.0,1529.0,,,0.0,,,0.0
2025-02-21 04:00:00,,,,,,,1529.0,1529.0,,,0.0,,,0.0
2025-02-21 05:00:00,,,,,,,1533.0,1533.0,,,0.0,,,0.0
2025-02-21 06:00:00,,,,,,,1529.0,1529.0,,,0.0,,,0.0
2025-02-21 07:00:00,,,,,,,1533.0,1533.0,,,0.0,,,0.0
2025-02-21 08:00:00,,,,,,,509.0,509.0,,,0.0,,,0.0
2025-02-21 09:00:00,,,,,,,509.0,509.0,,,0.0,,,0.0
2025-02-21 10:00:00,,,,,,,505.0,505.0,0.4104,0.0,1.0,1.2226,0.0,1.0
2025-02-21 11:00:00,,,,,,,505.0,504.0,0.8056,0.0,1.0,0.2335,0.0,1.0
2025-02-21 12:00:00,,,,,,,509.0,509.0,0.59419996,0.0624,4.0,0.43199998,0.1577,4.0
2025-02-21 13:00:00,,,,,,,509.0,509.0,0.5632,0.0,1.0,0.8995,0.0,1.0
2025-02-21 14:00:00,,,,,,,509.0,509.0,,,0.0,,,0.0
2025-02-21 15:00:00,,,,,,,509.0,509.0,,,0.0,,,0.0
2025-02-21 16:00:00,,,,,,,509.0,509.0,,,0.0,,,0.0
2025-02-21 17:00:00,,,,,,,1533.0,1533.0,,,0.0,,,0.0
2025-02-21 18:00:00,,,,,,,1533.0,1533.0,,,0.0,,,0.0
2025-02-21 19:00:00,,,,,,,1533.0,1533.0,,,0.0,,,0.0
2025-02-21 20:00:00,,,,,,,1533.0,1533.0,,,0.0,,,0.0
2025-02-21 21:00:00,,,,,,,1533.0,1533.0,,,0.0,,,0.0
2025-02-21 22:00:00,,,,,,,1273.0,1273.0,,,0.0,,,0.0
2025-02-21 23:00:00,,,,,,,1273.0,1273.0,,,0.0,,,0.0
2025-02-22 00:00:00,,,,,,,1533.0,1533.0,,,0.0,,,0.0
2025-02-22 01:00:00,,,,,,,1533.0,1533.0,,,0.0,,,0.0
2025-02-22 02:00:00,,,,,,,1273.0,1273.0,,,0.0,,,0.0
2025-02-22 03:00:00,,,,,,,1533.0,1533.0,,,0.0,,,0.0
2025-02-22 04:00:00,,,,,,,1533.0,1533.0,,,0.0,,,0.0
2025-02-22 05:00:00,,,,,,,1533.0,1533.0,,,0.0,,,0.0
2025-02-22 06:00:00,,,,,,,1273.0,1273.0,,,0.0,,,0.0
2025-02-22 07:00:00,,,,,,,1529.0,1529.0,,,0.0,,,0.0
2025-02-22 08:00:00,,,,,,,505.0,504.0,0.9306,0.0,1.0,1.3492,0.0,1.0
2025-02-22 09:00:00,,,,,,,509.0,509.0,,,0.0,,,0.0
2025-02-22 10:00:00,,,,,,,509.0,509.0,,,0.0,,,0.0
2025-02-22 11:00:00,,,,,,,509.0,509.0,,,0.0,,,0.0
2025-02-22 12:00:00,,,,,,,509.0,509.0,,,0.0,,,0.0
2025-02-22 13:00:00,,,,,,,509.0,509.0,,,0.0,,,0.0
2025-02-22 14:00:00,,,,,,,509.0,509.0,,,0.0,,,0.0
2025-02-22 15:00:00,,,,,,,509.0,509.0,,,0.0,,,0.0
2025-02-22 16:00:00,,,,,,,509.0,509.0,,,0.0,,,0.0
2025-02-22 17:00:00,,,,,,,1533.0,1533.0,,,0.0,,,0.0
2025-02-22 18:00:00,,,,,,,1533.0,1533.0,,,0.0,,,0.0
2025-02-22 19:00:00,,,,,,,1533.0,1533.0,,,0.0,,,0.0
2025-02-22 20:00:00,,,,,,,1533.0,1533.0,,,0.0,,,0.0
2025-02-22 21:00:00,,,,,,,1529.0,1529.0,,,0.0,,,0.0
2025-02-22 22:00:00,,,,,,,1529.0,1529.0,,,0.0,,,0.0
2025-02-22 23:00:00,,,,,,,1529.0,1529.0,,,0.0,,,0.0
2025-02-23 00:00:00,,,,,,,1533.0,1533.0,,,0.0,,,0.0
2025-02-23 01:00:00,,,,,,,1533.0,1533.0,,,0.0,,,0.0
2025-02-23 02:00:00,,,,,,,1533.0,1533.0,,,0.0,,,0.0
2025-02-23 03:00:00,,,,,,,1529.0,1529.0,,,0.0,,,0.0
2025-02-23 04:00:00,,,,,,,1533.0,1533.0,,,0.0,,,0.0
2025-02-23 05:00:00,,,,,,,1533.0,1533.0,,,0.0,,,0.0
2025-02-23 06:00:00,,,,,,,1533.0,1533.0,,,0.0,,,0.0
2025-02-23 07:00:00,,,,,,,1533.0,1533.0,,,0.0,,,0.0
2025-02-23 08:00:00,,,,,,,509.0,509.0,,,0.0,,,0.0
2025-02-23 09:00:00,,,,,,,509.0,509.0,,,0.0,,,0.0
2025-02-23 10:00:00,,,,,,,509.0,509.0,,,0.0,,,0.0
2025-02-23 11:00:00,,,,,,,509.0,509.0,,,0.0,,,0.0
2025-02-23 12:00:00,,,,,,,509.0,509.0,,,0.0,,,0.0
2025-02-23 13:00:00,,,,,,,509.0,509.0,,,0.0,,,0.0
2025-02-23 14:00:00,,,,,,,509.0,509.0,,,0.0,,,0.0
2025-02-23 15:00:00,,,,,,,509.0,509.0,,,0.0,,,0.0
2025-02-23 16:00:00,,,,,,,509.0,509.0,,,0.0,,,0.0
2025-02-23 17:00:00,,,,,,,1533.0,1533.0,,,0.0,,,0.0
2025-02-23 18:00:00,,,,,,,1533.0,1533.0,,,0.0,,,0.0
2025-02-23 19:00:00,,,,,,,1533.0,1533.0,,,0.0,,,0.0
2025-02-23 20:00:00,,,,,,,1529.0,1529.0,,,0.0,,,0.0
2025-02-23 21:00:00,,,,,,,1533.0,1533.0,,,0.0,,,0.0
2025-02-23 22:00:00,,,,,,,1529.0,1529.0,,,0.0,,,0.0
2025-02-23 23:00:00,,,,,,,1533.0,1533.0,,,0.0,,,0.0
2025-02-24 00:00:00,,,,,,,1533.0,1533.0,,,0.0,,,0.0
2025-02-24 01:00:00,,,,,,,1529.0,1529.0,,,0.0,,,0.0
2025-02-24 02:00:00,,,,,,,1529.0,1529.0,,,0.0,,,0.0
2025-02-24 03:00:00,,,,,,,1529.0,1529.0,,,0.0,,,0.0
2025-02-24 04:00:00,,,,,,,1529.0,1529.0,,,0.0,,,0.0
2025-02-24 05:00:00,,,,,,,1529.0,1529.0,,,0.0,,,0.0
2025-02-24 06:00:00,,,,,,,1529.0,1529.0,,,0.0,,,0.0
2025-02-24 07:00:00,,,,,,,1533.0,1533.0,,,0.0,,,0.0
2025-02-24 08:00:00,,,,,,,509.0,509.0,,,0.0,,,0.0
2025-02-24 09:00:00,,,,,,,509.0,509.0,,,0.0,,,0.0
2025-02-24 10:00:00,,,,,,,509.0,509.0,0.6206,0.0,2.0,-0.1367,0.0,2.0
2025-02-24 11:00:00,,,,,,,509.0,509.0,,,0.0,,,0.0
2025-02-24 12:00:00,,,,,,,509.0,509.0,1.0992,0.0,1.0,-0.0185,0.0,1.0
2025-02-24 13:00:00,,,,,,,509.0,509.0,1.6954,0.0,1.0,-0.0458,0.0,1.0
2025-02-24 14:00:00,,,,,,,509.0,509.0,,,0.0,,,0.0
2025-02-24 15:00:00,,,,,,,509.0,509.0,,,0.0,,,0.0
2025-02-24 16:00:00,,,,,,,509.0,509.0,,,0.0,,,0.0
2025-02-24 17:00:00,,,,,,,1533.0,1533.0,,,0.0,,,0.0
2025-02-24 18:00:00,,,,,,,1529.0,1529.0,,,0.0,,,0.0
2025-02-24 19:00:00,,,,,,,1529.0,1529.0,,,0.0,,,0.0
2025-02-24 20:00:00,,,,,,,1533.0,1533.0,,,0.0,,,0.0
2025-02-24 21:00:00,,,,,,,1533.0,1533.0,,,0.0,,,0.0
2025-02-24 22:00:00,,,,,,,1533.0,1533.0,,,0.0,,,0.0
2025-02-24 23:00:00,,,,,,,1533.0,1533.0,,,0.0,,,0.0
2025-02-25 00:00:00,,,,,,,1529.0,1529.0,,,0.0,,,0.0
2025-02-25 01:00:00,,,,,,,1273.0,1273.0,,,0.0,,,0.0
2025-02-25 02:00:00,,,,,,,1273.0,1273.0,,,0.0,,,0.0
2025-02-25 03:00:00,,,,,,,1273.0,1273.0,,,0.0,,,0.0
2025-02-25 04:00:00,,,,,,,1529.0,1529.0,,,0.0,,,0.0
2025-02-25 05:00:00,,,,,,,1273.0,1273.0,,,0.0,,,0.0
2025-02-25 06:00:00,,,,,,,1273.0,1273.0,,,0.0,,,0.0
2025-02-25 07:00:00,,,,,,,1529.0,1529.0,,,0.0,,,0.0
2025-02-25 08:00:00,,,,,,,509.0,509.0,,,0.0,,,0.0
2025-02-25 09:00:00,,,,,,,509.0,509.0,1.6575999,0.0075999997,2.0,0.13980001,0.018999994,2.0
2025-02-25 10:00:00,,,,,,,509.0,509.0,,,0.0,,,0.0
2025-02-25 11:00:00,,,,,,,509.0,509.0,,,0.0,,,0.0
2025-02-25 12:00:00,,,,,,,509.0,509.0,0.9626,0.17099999,2.0,1.0720999,0.30469996,2.0
2025-02-25 13:00:00,,,,,,,509.0,509.0,,,0.0,,,0.0
2025-02-25 14:00:00,,,,,,,509.0,509.0,1.9016,0.0,1.0,1.0027,0.0,1.0
2025-02-25 15:00:00,,,,,,,509.0,509.0,,,0.0,,,0.0
2025-02-25 16:00:00,,,,,,,509.0,509.0,,,0.0,,,0.0
2025-02-25 17:00:00,,,,,,,1533.0,1533.0,,,0.0,,,0.0
2025-02-25 18:00:00,,,,,,,1533.0,1533.0,,,0.0,,,0.0
2025-02-25 19:00:00,,,,,,,1533.0,1533.0,,,0.0,,,0.0
2025-02-25 20:00:00,,,,,,,1533.0,1533.0,,,0.0,,,0.0
2025-02-25 21:00:00,,,,,,,1533.0,1533.0,,,0.0,,,0.0
2025-02-25 22:00:00,,,,,,,1533.0,1533.0,,,0.0,,,0.0
2025-02-25 23:00:00,,,,,,,1533.0,1533.0,,,0.0,,,0.0
2025-02-26 00:00:00,,,,,,,1533.0,1533.0,,,0.0,,,0.0
2025-02-26 01:00:00,,,,,,,1529.0,1529.0,,,0.0,,,0.0
2025-02-26 02:00:00,,,,,,,1533.0,1533.0,,,0.0,,,0.0
2025-02-26 03:00:00,,,,,,,1529.0,1529.0,,,0.0,,,0.0
2025-02-26 04:00:00,,,,,,,1533.0,1533.0,,,0.0,,,0.0
2025-02-26 05:00:00,,,,,,,1533.0,1533.0,,,0.0,,,0.0
2025-02-26 06:00:00,,,,,,,1533.0,1533.0,,,0.0,,,0.0
2025-02-26 07:00:00,,,,,,,1533.0,1533.0,,,0.0,,,0.0
2025-02-26 08:00:00,,,,,,,509.0,509.0,,,0.0,,,0.0
2025-02-26 09:00:00,,,,,,,509.0,509.0,0.264,0.0042,3.0,0.4612,0.2166,3.0
2025-02-26 10:00:00,,,,,,,505.0,505.0,,,0.0,,,0.0
2025-02-26 11:00:00,,,,,,,505.0,504.0,0.52919996,0.0736,2.0,0.09920001,0.0406,2.0
2025-02-26 12:00:00,,,,,,,509.0,509.0,,,0.0,,,0.0
2025-02-26 13:00:00,,,,,,,509.0,509.0,,,0.0,,,0.0
2025-02-26 14:00:00,,,,,,,509.0,509.0,,,0.0,,,0.0
2025-02-26 15:00:00,,,,,,,509.0,509.0,,,0.0,,,0.0
2025-02-26 16:00:00,,,,,,,509.0,509.0,,,0.0,,,0.0
2025-02-26 17:00:00,,,,,,,1533.0,1533.0,,,0.0,,,0.0
2025-02-26 18:00:00,,,,,,,1533.0,1533.0,,,0.0,,,0.0
2025-02-26 19:00:00,,,,,,,1529.0,1529.0,,,0.0,,,0.0
2025-02-26 20:00:00,,,,,,,1529.0,1529.0,,,0.0,,,0.0
2025-02-26 21:00:00,,,,,,,1533.0,1533.0,,,0.0,,,0.0
2025-02-26 22:00:00,,,,,,,1273.0,1273.0,,,0.0,,,0.0
2025-02-26 23:00:00,,,,,,,1529.0,1529.0,,,0.0,,,0.0
2025-02-27 00:00:00,,,,,,,1533.0,1533.0,,,0.0,,,0.0
2025-02-27 01:00:00,,,,,,,1533.0,1533.0,,,0.0,,,0.0
2025-02-27 02:00:00,,,,,,,1529.0,1529.0,,,0.0,,,0.0
2025-02-27 03:00:00,,,,,,,1273.0,1273.0,,,0.0,,,0.0
2025-02-27 04:00:00,,,,,,,1533.0,1533.0,,,0.0,,,0.0
2025-02-27 05:00:00,,,,,,,1533.0,1533.0,,,0.0,,,0.0
2025-02-27 06:00:00,,,,,,,1273.0,1273.0,,,0.0,,,0.0
2025-02-27 07:00:00,,,,,,,1533.0,1533.0,,,0.0,,,0.0
2025-02-27 08:00:00,,,,,,,505.0,504.0,0.39479998,0.0,1.0,0.4368,0.0,1.0
2025-02-27 09:00:00,,,,,,,505.0,505.0,0.14379999,0.046,2.0,0.9137,0.069299996,2.0
2025-02-27 10:00:00,,,,,,,505.0,505.0,0.185,0.0,1.0,0.3527,0.0,1.0
2025-02-27 11:00:00,,,,,,,505.0,504.0,0.42499998,0.32819998,4.0,0.3161,0.35039997,4.0
2025-02-27 12:00:00,,,,,,,509.0,509.0,0.5112,0.0884,2.0,0.9391999,0.12439996,2.0
2025-02-27 13:00:00,,,,,,,2553.0,2552.0,0.3236,0.20619999,2.0,1.0875,0.18009996,2.0
2025-02-27 14:00:00,,,,,,,505.0,505.0,0.060799997,0.0,1.0,1.2951,0.0,1.0
2025-02-27 15:00:00,,,,,,,505.0,505.0,,,0.0,,,0.0
2025-02-27 16:00:00,,,,,,,249.0,249.0,0.28219998,0.036399998,5.0,0.2953,0.15599996,5.0
2025-02-27 17:00:00,,,,,,,1533.0,1533.0,,,0.0,,,0.0
2025-02-27 18:00:00,,,,,,,1533.0,1533.0,,,0.0,,,0.0
2025-02-27 19:00:00,,,,,,,1529.0,1529.0,,,0.0,,,0.0
2025-02-27 20:00:00,,,,,,,1273.0,1273.0,,,0.0,,,0.0
2025-02-27 21:00:00,,,,,,,1273.0,1273.0,,,0.0,,,0.0
2025-02-27 22:00:00,,,,,,,1273.0,1273.0,,,0.0,,,0.0
2025-02-27 23:00:00,,,,,,,1533.0,1533.0,,,0.0,,,0.0
2025-02-28 00:00:00,,,,,,,1533.0,1533.0,,,0.0,,,0.0
2025-02-28 01:00:00,,,,,,,1529.0,1529.0,,,0.0,,,0.0
2025-02-28 02:00:00,,,,,,,1273.0,1273.0,,,0.0,,,0.0
2025-02-28 03:00:00,,,,,,,1273.0,1273.0,,,0.0,,,0.0
2025-02-28 04:00:00,,,,,,,1533.0,1533.0,,,0.0,,,0.0
2025-02-28 05:00:00,,,,,,,1273.0,1273.0,,,0.0,,,0.0
2025-02-28 06:00:00,,,,,,,1529.0,1529.0,,,0.0,,,0.0
2025-02-28 07:00:00,,,,,,,1533.0,1533.0,,,0.0,,,0.0
2025-02-28 08:00:00,,,,,,,509.0,509.0,,,0.0,,,0.0
2025-02-28 09:00:00,,,,,,,505.0,504.0,0.176,0.0756,3.0,0.86109996,0.48579997,3.0
2025-02-28 10:00:00,0.16239999,,,,,,193.0,248.0,0.1972,0.060799997,6.0,0.3728,0.35569996,6.0
2025-02-28 11:00:00,,,,,,,249.0,248.0,0.141,0.097799994,5.0,0.7601,0.32,5.0
2025-02-28 12:00:00,,,,,,,505.0,504.0,0.2992,0.1074,6.0,1.0643,0.11409998,6.0
2025-02-28 13:00:00,,,,,,,509.0,509.0,0.82839996,0.258,2.0,0.9376,0.09909999,2.0
2025-02-28 14:00:00,,,,,,,505.0,504.0,0.50699997,0.0526,5.0,1.0803,0.45139998,5.0
2025-02-28 15:00:00,,,,,,,249.0,248.0,0.57019997,0.22899999,6.0,0.7471,0.25199997,6.0
2025-02-28 16:00:00,,,,,,,509.0,509.0,0.8376,0.12719999,4.0,0.58299994,0.07319999,4.0
2025-02-28 17:00:00,,,,,,,1533.0,1533.0,,,0.0,,,0.0
2025-02-28 18:00:00,,,,,,,1533.0,1533.0,,,0.0,,,0.0
2025-02-28 19:00:00,,,,,,,1529.0,1529.0,,,0.0,,,0.0
2025-02-28 20:00:00,,,,,,,1529.0,1529.0,,,0.0,,,0.0
2025-02-28 21:00:00,,,,,,,1273.0,1273.0,,,0.0,,,0.0
2025-02-28 22:00:00,,,,,,,1273.0,1273.0,,,0.0,,,0.0
2025-02-28 23:00:00,,,,,,,1529.0,1529.0,,,0.0,,,0.0
2025-03-01 00:00:00,,,,,,,1529.0,1529.0,,,0.0,,,0.0
2025-03-01 01:00:00,,,,,,,1273.0,1273.0,,,0.0,,,0.0
2025-03-01 02:00:00,,,,,,,1273.0,1273.0,,,0.0,,,0.0
2025-03-01 03:00:00,,,,,,,1273.0,1273.0,,,0.0,,,0.0
2025-03-01 04:00:00,,,,,,,1273.0,1273.0,,,0.0,,,0.0
2025-03-01 05:00:00,,,,,,,1273.0,1273.0,,,0.0,,,0.0
2025-03-01 06:00:00,,,,,,,1273.0,1273.0,,,0.0,,,0.0
2025-03-01 07:00:00,,,,,,,1273.0,1273.0,,,0.0,,,0.0
2025-03-01 08:00:00,0.2696,0.1468,0.44869998,0.4486,,,192.0,192.0,0.24059999,0.0826,3.0,0.80639994,0.39379996,3.0
2025-03-01 09:00:00,,,,,,,509.0,509.0,0.4272,0.0,1.0,1.1795,0.0,1.0
2025-03-01 10:00:00,,,,,,,249.0,248.0,0.468,0.0,1.0,0.4465,0.0,1.0
2025-03-01 11:00:00,,,,,,,505.0,504.0,0.34239998,0.31039998,6.0,0.76479995,0.3997,6.0
2025-03-01 12:00:00,,,,,,,505.0,504.0,0.3866,0.2556,4.0,1.0868,0.1361,4.0
2025-03-01 13:00:00,,,,,,,509.0,509.0,0.3536,0.0308,5.0,1.1947,0.07069999,5.0
2025-03-01 14:00:00,,,,,,,505.0,505.0,,,0.0,,,0.0
2025-03-01 15:00:00,,,,,,,509.0,509.0,0.6616,0.0848,2.0,0.7781,0.35679996,2.0
2025-03-01 16:00:00,,,,,,,509.0,509.0,0.7974,0.1308,5.0,0.5418,0.03729999,5.0
2025-03-01 17:00:00,,,,,,,1533.0,1533.0,,,0.0,,,0.0
2025-03-01 18:00:00,,,,,,,1529.0,1529.0,,,0.0,,,0.0
2025-03-01 19:00:00,,,,,,,1273.0,1273.0,,,0.0,,,0.0
2025-03-01 20:00:00,,,,,,,1533.0,1533.0,,,0.0,,,0.0
2025-03-01 21:00:00,,,,,,,1273.0,1273.0,,,0.0,,,0.0
2025-03-01 22:00:00,,,,,,,1529.0,1529.0,,,0.0,,,0.0
2025-03-01 23:00:00,,,,,,,1533.0,1533.0,,,0.0,,,0.0
2025-03-02 00:00:00,,,,,,,1273.0,1273.0,,,0.0,,,0.0
2025-03-02 01:00:00,,,,,,,1533.0,1533.0,,,0.0,,,0.0
2025-03-02 02:00:00,,,,,,,1273.0,1273.0,,,0.0,,,0.0
2025-03-02 03:00:00,,,,,,,1533.0,1533.0,,,0.0,,,0.0
2025-03-02 04:00:00,,,,,,,1529.0,1529.0,,,0.0,,,0.0
2025-03-02 05:00:00,,,,,,,1529.0,1529.0,,,0.0,,,0.0
2025-03-02 06:00:00,,,,,,,1273.0,1273.0,,,0.0,,,0.0
2025-03-02 07:00:00,,,,,,,1529.0,1529.0,,,0.0,,,0.0
2025-03-02 08:00:00,,,,,,,509.0,509.0,,,0.0,,,0.0
2025-03-02 09:00:00,,,,,,,509.0,509.0,1.0302,0.0,1.0,0.55550003,0.0,1.0
2025-03-02 10:00:00,,,,,,,505.0,504.0,1.1108,0.0,1.0,0.5957,0.0,1.0
2025-03-02 11:00:00,,,,,,,505.0,504.0,0.666,0.105799995,6.0,0.7897999,0.38229996,6.0
2025-03-02 12:00:00,,,,,,,509.0,509.0,1.0036,0.0,1.0,0.2313,0.0,1.0
2025-03-02 13:00:00,,,,,,,505.0,504.0,2.317,0.93759996,2.0,0.4206,0.06639999,2.0
2025-03-02 14:00:00,,,,,,,505.0,505.0,0.7468,0.0,1.0,1.1172,0.0,1.0
2025-03-02 15:00:00,,,,,,,509.0,509.0,0.4376,0.06,4.0,0.5568,0.21129996,4.0
2025-03-02 16:00:00,,,,,,,509.0,509.0,1.3046,0.12619999,3.0,0.4303,0.023599982,3.0
2025-03-02 17:00:00,,,,,,,1533.0,1533.0,,,0.0,,,0.0
2025-03-02 18:00:00,,,,,,,1529.0,1529.0,,,0.0,,,0.0
2025-03-02 19:00:00,,,,,,,1273.0,1273.0,,,0.0,,,0.0
2025-03-02 20:00:00,,,,,,,1529.0,1529.0,,,0.0,,,0.0
2025-03-02 21:00:00,,,,,,,1273.0,1273.0,,,0.0,,,0.0
2025-03-02 22:00:00,,,,,,,1529.0,1529.0,,,0.0,,,0.0
2025-03-02 23:00:00,,,,,,,1273.0,1273.0,,,0.0,,,0.0
2025-03-03 00:00:00,,,,,,,1273.0,1273.0,,,0.0,,,0.0
2025-03-03 01:00:00,,,,,,,1273.0,1273.0,,,0.0,,,0.0
2025-03-03 02:00:00,,,,,,,1273.0,1273.0,,,0.0,,,0.0
2025-03-03 03:00:00,,,,,,,1273.0,1273.0,,,0.0,,,0.0
2025-03-03 04:00:00,,,,,,,1273.0,1273.0,,,0.0,,,0.0
2025-03-03 05:00:00,,,,,,,1273.0,1273.0,,,0.0,,,0.0
2025-03-03 06:00:00,,,,,,,1273.0,1273.0,,,0.0,,,0.0
2025-03-03 07:00:00,,,,,,,1529.0,1529.0,,,0.0,,,0.0
2025-03-03 08:00:00,,,,,,,505.0,504.0,1.0812,0.0,1.0,0.3251,0.0,1.0
2025-03-03 09:00:00,,,,,,,505.0,505.0,0.2394,0.056399997,3.0,0.77849996,0.08099997,3.0
2025-03-03 10:00:00,,,,,,,505.0,505.0,,,0.0,,,0.0
2025-03-03 11:00:00,,,,,,,249.0,248.0,0.2474,0.147,5.0,0.59449995,0.40399998,5.0
2025-03-03 12:00:00,,,,,,,249.0,248.0,0.1968,0.0852,6.0,1.0733999,0.2173,6.0
2025-03-03 13:00:00,,,,,,,249.0,249.0,0.1148,0.042999998,5.0,1.2748,0.017499983,5.0
2025-03-03 14:00:00,,,,,,,249.0,249.0,,,0.0,,,0.0
2025-03-03 15:00:00,,,,,,,249.0,249.0,,,0.0,,,0.0
2025-03-03 16:00:00,,,,,,,249.0,249.0,0.5428,0.0,1.0,-0.084800005,0.0,1.0
2025-03-03 17:00:00,,,,,,,1273.0,1273.0,,,0.0,,,0.0
2025-03-03 18:00:00,,,,,,,1533.0,1533.0,,,0.0,,,0.0
2025-03-03 19:00:00,,,,,,,1533.0,1533.0,,,0.0,,,0.0
2025-03-03 20:00:00,,,,,,,1529.0,1529.0,,,0.0,,,0.0
2025-03-03 21:00:00,,,,,,,1273.0,1273.0,,,0.0,,,0.0
2025-03-03 22:00:00,,,,,,,1273.0,1273.0,,,0.0,,,0.0
2025-03-03 23:00:00,,,,,,,1273.0,1273.0,,,0.0,,,0.0
2025-03-04 00:00:00,,,,,,,1273.0,1273.0,,,0.0,,,0.0
2025-03-04 01:00:00,,,,,,,1273.0,1273.0,,,0.0,,,0.0
2025-03-04 02:00:00,,,,,,,1273.0,1273.0,,,0.0,,,0.0
2025-03-04 03:00:00,,,,,,,1273.0,1273.0,,,0.0,,,0.0
2025-03-04 04:00:00,,,,,,,1529.0,1529.0,,,0.0,,,0.0
2025-03-04 05:00:00,,,,,,,1533.0,1533.0,,,0.0,,,0.0
2025-03-04 06:00:00,,,,,,,1273.0,1273.0,,,0.0,,,0.0
2025-03-04 07:00:00,,,,,,,1529.0,1529.0,,,0.0,,,0.0
2025-03-04 08:00:00,,,,,,,509.0,509.0,,,0.0,,,0.0
2025-03-04 09:00:00,,,,,,,509.0,509.0,,,0.0,,,0.0
2025-03-04 10:00:00,,,,,,,509.0,509.0,,,0.0,,,0.0
2025-03-04 11:00:00,,,,,,,509.0,509.0,,,0.0,,,0.0
2025-03-04 12:00:00,,,,,,,509.0,509.0,,,0.0,,,0.0
2025-03-04 13:00:00,,,,,,,509.0,509.0,0.5986,0.0968,2.0,1.0346999,0.13989997,2.0
2025-03-04 14:00:00,,,,,,,509.0,509.0,0.424,0.0,1.0,1.2644,0.0,1.0
2025-03-04 15:00:00,,,,,,,509.0,509.0,,,0.0,,,0.0
2025-03-04 16:00:00,,,,,,,505.0,505.0,0.34019998,0.111999996,3.0,0.8426,0.21679997,3.0
2025-03-04 17:00:00,,,,,,,1533.0,1533.0,,,0.0,,,0.0
2025-03-04 18:00:00,,,,,,,1273.0,1273.0,,,0.0,,,0.0
2025-03-04 19:00:00,,,,,,,1273.0,1273.0,,,0.0,,,0.0
2025-03-04 20:00:00,,,,,,,1273.0,1273.0,,,0.0,,,0.0
2025-03-04 21:00:00,,,,,,,1273.0,1273.0,,,0.0,,,0.0
2025-03-04 22:00:00,,,,,,,1273.0,1273.0,,,0.0,,,0.0
2025-03-04 23:00:00,,,,,,,1273.0,1273.0,,,0.0,,,0.0
2025-03-05 00:00:00,,,,,,,1273.0,1273.0,,,0.0,,,0.0
2025-03-05 01:00:00,,,,,,,1273.0,1273.0,,,0.0,,,0.0
2025-03-05 02:00:00,,,,,,,1273.0,1273.0,,,0.0,,,0.0
2025-03-05 03:00:00,,,,,,,1273.0,1273.0,,,0.0,,,0.0
2025-03-05 04:00:00,,,,,,,1273.0,1273.0,,,0.0,,,0.0
2025-03-05 05:00:00,,,,,,,1273.0,1273.0,,,0.0,,,0.0
2025-03-05 06:00:00,,,,,,,1273.0,1273.0,,,0.0,,,0.0
2025-03-05 07:00:00,,,,,,,1529.0,1529.0,,,0.0,,,0.0
2025-03-05 08:00:00,,,,,,,509.0,509.0,1.6746,0.403,2.0,0.39,0.12739998,2.0
2025-03-05 09:00:00,,,,,,,509.0,509.0,,,0.0,,,0.0
2025-03-05 10:00:00,,,,,,,509.0,509.0,,,0.0,,,0.0
2025-03-05 11:00:00,,,,,,,509.0,509.0,,,0.0,,,0.0
2025-03-05 12:00:00,,,,,,,509.0,509.0,,,0.0,,,0.0
2025-03-05 13:00:00,,,,,,,509.0,509.0,,,0.0,,,0.0
2025-03-05 14:00:00,,,,,,,509.0,509.0,,,0.0,,,0.0
2025-03-05 15:00:00,,,,,,,509.0,509.0,,,0.0,,,0.0
2025-03-05 16:00:00,,,,,,,509.0,509.0,,,0.0,,,0.0
2025-03-05 17:00:00,,,,,,,1533.0,1533.0,,,0.0,,,0.0
2025-03-05 18:00:00,,,,,,,1273.0,1273.0,,,0.0,,,0.0
2025-03-05 19:00:00,,,,,,,1273.0,1273.0,,,0.0,,,0.0
2025-03-05 20:00:00,,,,,,,1529.0,1529.0,,,0.0,,,0.0
2025-03-05 21:00:00,,,,,,,1273.0,1273.0,,,0.0,,,0.0
2025-03-05 22:00:00,,,,,,,1533.0,1533.0,,,0.0,,,0.0
2025-03-05 23:00:00,,,,,,,1273.0,1273.0,,,0.0,,,0.0
2025-03-06 00:00:00,,,,,,,1273.0,1273.0,,,0.0,,,0.0
2025-03-06 01:00:00,,,,,,,1273.0,1273.0,,,0.0,,,0.0
2025-03-06 02:00:00,,,,,,,1533.0,1533.0,,,0.0,,,0.0
2025-03-06 03:00:00,,,,,,,1529.0,1529.0,,,0.0,,,0.0
2025-03-06 04:00:00,,,,,,,1533.0,1533.0,,,0.0,,,0.0
2025-03-06 05:00:00,,,,,,,1273.0,1273.0,,,0.0,,,0.0
2025-03-06 06:00:00,,,,,,,1273.0,1273.0,,,0.0,,,0.0
2025-03-06 07:00:00,,,,,,,1273.0,1273.0,,,0.0,,,0.0
2025-03-06 08:00:00,,,,,,,509.0,509.0,0.3682,0.0,1.0,0.6609,0.0,1.0
2025-03-06 09:00:00,,,,,,,505.0,505.0,0.9012,0.40699998,3.0,0.39029998,0.1814,3.0
2025-03-06 10:00:00,,,,,,,505.0,505.0,,,0.0,,,0.0
2025-03-06 11:00:00,,,,,,,509.0,509.0,0.8204,0.0,1.0,0.5345,0.0,1.0
2025-03-06 12:00:00,,,,,,,509.0,509.0,0.5936,0.078999996,3.0,0.79569995,0.113299966,3.0
2025-03-06 13:00:00,,,,,,,505.0,504.0,0.3574,0.0738,6.0,1.0029,0.020599961,6.0
2025-03-06 14:00:00,,,,,,,505.0,504.0,0.233,0.0726,5.0,1.002,0.016299963,5.0
2025-03-06 15:00:00,,,,,,,249.0,248.0,0.1494,0.069,4.0,0.8671,0.11289996,4.0
2025-03-06 16:00:00,,,,,,,505.0,505.0,0.4382,0.0742,5.0,0.7033,0.06729996,5.0
2025-03-06 17:00:00,,,,,,,1533.0,1533.0,,,0.0,,,0.0
2025-03-06 18:00:00,,,,,,,1529.0,1529.0,,,0.0,,,0.0
2025-03-06 19:00:00,,,,,,,1533.0,1533.0,,,0.0,,,0.0
2025-03-06 20:00:00,,,,,,,1273.0,1273.0,,,0.0,,,0.0
2025-03-06 21:00:00,,,,,,,1273.0,1273.0,,,0.0,,,0.0
2025-03-06 22:00:00,,,,,,,1273.0,1273.0,,,0.0,,,0.0
2025-03-06 23:00:00,,,,,,,1529.0,1529.0,,,0.0,,,0.0
2025-03-07 00:00:00,,,,,,,1529.0,1529.0,,,0.0,,,0.0
2025-03-07 01:00:00,,,,,,,1273.0,1273.0,,,0.0,,,0.0
2025-03-07 02:00:00,,,,,,,1529.0,1529.0,,,0.0,,,0.0
2025-03-07 03:00:00,,,,,,,1273.0,1273.0,,,0.0,,,0.0
2025-03-07 04:00:00,,,,,,,1273.0,1273.0,,,0.0,,,0.0
2025-03-07 05:00:00,,,,,,,1533.0,1533.0,,,0.0,,,0.0
2025-03-07 06:00:00,,,,,,,1529.0,1529.0,,,0.0,,,0.0
2025-03-07 07:00:00,,,,,,,1533.0,1533.0,,,0.0,,,0.0
2025-03-07 08:00:00,,,,,,,509.0,509.0,0.2306,0.0,1.0,0.9189,0.0,1.0
2025-03-07 09:00:00,,,,,,,509.0,509.0,0.2052,0.023599999,5.0,0.9747,0.01969999,5.0
2025-03-07 10:00:00,,,,,,,505.0,504.0,0.43559998,0.27359998,4.0,0.8356999,0.16729999,4.0
2025-03-07 11:00:00,,,,,,,509.0,509.0,0.5742,0.113,2.0,0.7333,0.1031,2.0
2025-03-07 12:00:00,,,,,,,509.0,509.0,,,0.0,,,0.0
2025-03-07 13:00:00,,,,,,,509.0,509.0,0.41579998,0.0,1.0,1.0482999,0.0,1.0
2025-03-07 14:00:00,,,,,,,249.0,248.0,0.29119998,0.032199997,3.0,1.0422,0.009599984,3.0
2025-03-07 15:00:00,,,,,,,509.0,509.0,0.24679999,0.0162,5.0,0.9922,0.02819997,5.0
2025-03-07 16:00:00,,,,,,,505.0,504.0,0.3518,0.1026,2.0,0.5178,0.33209997,2.0
2025-03-07 17:00:00,,,,,,,1533.0,1533.0,0.44919997,0.0,1.0,0.2177,0.0,1.0
2025-03-07 18:00:00,,,,,,,1529.0,1529.0,,,0.0,,,0.0
2025-03-07 19:00:00,,,,,,,1533.0,1533.0,,,0.0,,,0.0
2025-03-07 20:00:00,,,,,,,1533.0,1533.0,,,0.0,,,0.0
2025-03-07 21:00:00,,,,,,,1529.0,1529.0,,,0.0,,,0.0
2025-03-07 22:00:00,,,,,,,1533.0,1533.0,,,0.0,,,0.0
2025-03-07 23:00:00,,,,,,,1529.0,1529.0,,,0.0,,,0.0
2025-03-08 00:00:00,,,,,,,1529.0,1529.0,,,0.0,,,0.0
2025-03-08 01:00:00,,,,,,,1529.0,1529.0,,,0.0,,,0.0
2025-03-08 02:00:00,,,,,,,1533.0,1533.0,,,0.0,,,0.0
2025-03-08 03:00:00,,,,,,,1533.0,1533.0,,,0.0,,,0.0
2025-03-08 04:00:00,,,,,,,1529.0,1529.0,,,0.0,,,0.0
2025-03-08 05:00:00,,,,,,,1533.0,1533.0,,,0.0,,,0.0
2025-03-08 06:00:00,,,,,,,1533.0,1533.0,,,0.0,,,0.0
2025-03-08 07:00:00,,,,,,,1529.0,1529.0,,,0.0,,,0.0
2025-03-08 08:00:00,,,,,,,509.0,509.0,0.4368,0.0654,2.0,0.7774,0.12919998,2.0
2025-03-08 09:00:00,,,,,,,509.0,509.0,,,0.0,,,0.0
2025-03-08 10:00:00,,,,,,,509.0,509.0,,,0.0,,,0.0
2025-03-08 11:00:00,,,,,,,509.0,509.0,,,0.0,,,0.0
2025-03-08 12:00:00,,,,,,,509.0,509.0,,,0.0,,,0.0
2025-03-08 13:00:00,,,,,,,509.0,509.0,,,0.0,,,0.0
2025-03-08 14:00:00,,,,,,,509.0,509.0,,,0.0,,,0.0
2025-03-08 15:00:00,,,,,,,509.0,509.0,,,0.0,,,0.0
2025-03-08 16:00:00,,,,,,,509.0,509.0,,,0.0,,,0.0
2025-03-08 17:00:00,,,,,,,1533.0,1533.0,,,0.0,,,0.0
2025-03-08 18:00:00,,,,,,,1533.0,1533.0,,,0.0,,,0.0
2025-03-08 19:00:00,,,,,,,1529.0,1529.0,,,0.0,,,0.0
2025-03-08 20:00:00,,,,,,,1273.0,1273.0,,,0.0,,,0.0
2025-03-08 21:00:00,,,,,,,1273.0,1273.0,,,0.0,,,0.0
2025-03-08 22:00:00,,,,,,,1529.0,1529.0,,,0.0,,,0.0
2025-03-08 23:00:00,,,,,,,1533.0,1533.0,,,0.0,,,0.0
2025-03-09 00:00:00,,,,,,,1533.0,1533.0,,,0.0,,,0.0
2025-03-09 01:00:00,,,,,,,1533.0,1533.0,,,0.0,,,0.0
2025-03-09 02:00:00,,,,,,,1533.0,1533.0,,,0.0,,,0.0
2025-03-09 03:00:00,,,,,,,1529.0,1529.0,,,0.0,,,0.0
2025-03-09 04:00:00,,,,,,,1533.0,1533.0,,,0.0,,,0.0
2025-03-09 05:00:00,,,,,,,1533.0,1533.0,,,0.0,,,0.0
2025-03-09 06:00:00,,,,,,,1533.0,1533.0,,,0.0,,,0.0
2025-03-09 07:00:00,,,,,,,1533.0,1533.0,,,0.0,,,0.0
2025-03-09 08:00:00,,,,,,,509.0,509.0,,,0.0,,,0.0
2025-03-09 09:00:00,,,,,,,505.0,504.0,0.37199998,0.0832,5.0,0.7082,0.11659998,5.0
2025-03-09 10:00:00,,,,,,,509.0,509.0,0.56799996,0.0744,4.0,0.43549997,0.20529997,4.0
2025-03-09 11:00:00,,,,,,,509.0,509.0,,,0.0,,,0.0
2025-03-09 12:00:00,,,,,,,509.0,509.0,0.4684,0.0,1.0,1.0005,0.0,1.0
2025-03-09 13:00:00,,,,,,,509.0,509.0,,,0.0,,,0.0
2025-03-09 14:00:00,,,,,,,509.0,509.0,,,0.0,,,0.0
2025-03-09 15:00:00,,,,,,,509.0,509.0,,,0.0,,,0.0
2025-03-09 16:00:00,,,,,,,509.0,509.0,,,0.0,,,0.0
2025-03-09 17:00:00,,,,,,,1533.0,1533.0,,,0.0,,,0.0
2025-03-09 18:00:00,,,,,,,1533.0,1533.0,,,0.0,,,0.0
2025-03-09 19:00:00,,,,,,,1533.0,1533.0,,,0.0,,,0.0
2025-03-09 20:00:00,,,,,,,1529.0,1529.0,,,0.0,,,0.0
2025-03-09 21:00:00,,,,,,,1273.0,1273.0,,,0.0,,,0.0
2025-03-09 22:00:00,,,,,,,1273.0,1273.0,,,0.0,,,0.0
2025-03-09 23:00:00,,,,,,,1529.0,1529.0,,,0.0,,,0.0
2025-03-10 00:00:00,,,,,,,1533.0,1533.0,,,0.0,,,0.0
2025-03-10 01:00:00,,,,,,,1529.0,1529.0,,,0.0,,,0.0
2025-03-10 02:00:00,,,,,,,1529.0,1529.0,,,0.0,,,0.0
2025-03-10 03:00:00,,,,,,,1273.0,1273.0,,,0.0,,,0.0
2025-03-10 04:00:00,,,,,,,1533.0,1533.0,,,0.0,,,0.0
2025-03-10 05:00:00,,,,,,,1533.0,1533.0,,,0.0,,,0.0
2025-03-10 06:00:00,,,,,,,1533.0,1533.0,,,0.0,,,0.0
2025-03-10 07:00:00,,,,,,,1533.0,1533.0,,,0.0,,,0.0
2025-03-10 08:00:00,,,,,,,509.0,509.0,,,0.0,,,0.0
2025-03-10 09:00:00,,,,,,,509.0,509.0,1.4438,0.0274,3.0,0.035899997,0.08520001,3.0
2025-03-10 10:00:00,,,,,,,509.0,509.0,,,0.0,,,0.0
2025-03-10 11:00:00,,,,,,,509.0,509.0,0.75119996,0.0576,4.0,0.42119998,0.06159997,4.0
2025-03-10 12:00:00,,,,,,,509.0,509.0,,,0.0,,,0.0
2025-03-10 13:00:00,,,,,,,509.0,509.0,,,0.0,,,0.0
2025-03-10 14:00:00,,,,,,,509.0,509.0,,,0.0,,,0.0
2025-03-10 15:00:00,,,,,,,509.0,509.0,,,0.0,,,0.0
2025-03-10 16:00:00,,,,,,,509.0,509.0,,,0.0,,,0.0
2025-03-10 17:00:00,,,,,,,1533.0,1533.0,,,0.0,,,0.0
2025-03-10 18:00:00,,,,,,,1533.0,1533.0,,,0.0,,,0.0
2025-03-10 19:00:00,,,,,,,1533.0,1533.0,,,0.0,,,0.0
2025-03-10 20:00:00,,,,,,,1533.0,1533.0,,,0.0,,,0.0
2025-03-10 21:00:00,,,,,,,1533.0,1533.0,,,0.0,,,0.0
2025-03-10 22:00:00,,,,,,,1533.0,1533.0,,,0.0,,,0.0
2025-03-11 01:00:00,,,,,,,1533.0,1533.0,,,0.0,,,0.0
2025-03-11 02:00:00,,,,,,,1533.0,1533.0,,,0.0,,,0.0
2025-03-11 03:00:00,,,,,,,1529.0,1529.0,,,0.0,,,0.0
2025-03-11 04:00:00,,,,,,,1533.0,1533.0,,,0.0,,,0.0
2025-03-11 05:00:00,,,,,,,1533.0,1533.0,,,0.0,,,0.0
2025-03-11 06:00:00,,,,,,,1529.0,1529.0,,,0.0,,,0.0
2025-03-11 07:00:00,,,,,,,1533.0,1533.0,,,0.0,,,0.0
2025-03-11 08:00:00,,,,,,,505.0,504.0,0.1428,0.0438,2.0,0.84309995,0.015299976,2.0
2025-03-11 09:00:00,,,,,,,509.0,509.0,0.2042,0.0422,2.0,0.8133999,0.032700002,2.0
2025-03-11 10:00:00,,,,,,,509.0,509.0,,,0.0,,,0.0
2025-03-11 11:00:00,,,,,,,509.0,509.0,,,0.0,,,0.0
2025-03-11 12:00:00,,,,,,,509.0,509.0,,,0.0,,,0.0
2025-03-11 13:00:00,,,,,,,509.0,509.0,,,0.0,,,0.0
2025-03-11 14:00:00,,,,,,,509.0,509.0,,,0.0,,,0.0
2025-03-11 15:00:00,,,,,,,509.0,509.0,,,0.0,,,0.0
2025-03-11 16:00:00,,,,,,,509.0,509.0,0.20699999,0.013599999,3.0,0.9269999,0.013199985,3.0
2025-03-11 17:00:00,,,,,,,1533.0,1533.0,,,0.0,,,0.0
2025-03-11 18:00:00,,,,,,,1529.0,1529.0,,,0.0,,,0.0
2025-03-11 19:00:00,,,,,,,1273.0,1273.0,,,0.0,,,0.0
2025-03-11 20:00:00,,,,,,,1533.0,1533.0,,,0.0,,,0.0
2025-03-11 21:00:00,,,,,,,1529.0,1529.0,,,0.0,,,0.0
2025-03-11 22:00:00,,,,,,,1533.0,1533.0,,,0.0,,,0.0
2025-03-11 23:00:00,,,,,,,1529.0,1529.0,,,0.0,,,0.0
2025-03-12 00:00:00,,,,,,,1529.0,1529.0,,,0.0,,,0.0
2025-03-12 01:00:00,,,,,,,1529.0,1529.0,,,0.0,,,0.0
2025-03-12 02:00:00,,,,,,,1533.0,1533.0,,,0.0,,,0.0
2025-03-12 03:00:00,,,,,,,1529.0,1529.0,,,0.0,,,0.0
2025-03-12 04:00:00,,,,,,,1529.0,1529.0,,,0.0,,,0.0
2025-03-12 05:00:00,,,,,,,1529.0,1529.0,,,0.0,,,0.0
2025-03-12 06:00:00,,,,,,,1273.0,1273.0,,,0.0,,,0.0
2025-03-12 07:00:00,,,,,,,1273.0,1273.0,,,0.0,,,0.0
2025-03-12 08:00:00,,,,,,,249.0,248.0,0.1422,0.027199998,4.0,0.88189995,0.0153999925,4.0
2025-03-12 09:00:00,,,,,,,249.0,248.0,0.18159999,0.0918,6.0,0.854,0.069000006,6.0
2025-03-12 10:00:00,,,,,,,505.0,504.0,0.5358,0.1406,5.0,0.5782,0.117599964,5.0
2025-03-12 11:00:00,,,,,,,509.0,509.0,0.6918,0.0,1.0,0.6251,0.0,1.0
2025-03-12 12:00:00,,,,,,,509.0,509.0,0.3876,0.0,1.0,0.8931,0.0,1.0
2025-03-12 13:00:00,,,,,,,505.0,504.0,0.17899999,0.0594,2.0,0.97159994,0.0076000094,2.0
2025-03-12 14:00:00,,,,,,,505.0,504.0,0.31939998,0.0158,6.0,0.964,0.010899961,6.0
2025-03-12 15:00:00,,,,,,,249.0,248.0,0.2854,0.0166,6.0,0.8966999,0.02489996,6.0
2025-03-12 16:00:00,0.2676,0.35599998,0.091,0.088999994,,0.56340003,192.0,0.0,0.306,0.027999999,6.0,0.8146,0.1164,6.0
2025-03-12 17:00:00,,,,,,,1533.0,1533.0,0.2818,0.0222,2.0,0.5366,0.023099959,2.0
2025-03-12 18:00:00,,,,,,,1529.0,1529.0,,,0.0,,,0.0
2025-03-12 19:00:00,,,,,,,1273.0,1273.0,,,0.0,,,0.0
2025-03-12 20:00:00,,,,,,,1273.0,1273.0,,,0.0,,,0.0
2025-03-12 21:00:00,,,,,,,1533.0,1533.0,,,0.0,,,0.0
2025-03-12 22:00:00,,,,,,,1533.0,1533.0,,,0.0,,,0.0
2025-03-12 23:00:00,,,,,,,1533.0,1533.0,,,0.0,,,0.0
2025-03-13 00:00:00,,,,,,,1533.0,1533.0,,,0.0,,,0.0
2025-03-13 01:00:00,,,,,,,1529.0,1529.0,,,0.0,,,0.0
2025-03-13 02:00:00,,,,,,,1533.0,1533.0,,,0.0,,,0.0
2025-03-13 03:00:00,,,,,,,1533.0,1533.0,,,0.0,,,0.0
2025-03-13 04:00:00,,,,,,,1529.0,1529.0,,,0.0,,,0.0
2025-03-13 05:00:00,,,,,,,1529.0,1529.0,,,0.0,,,0.0
2025-03-13 06:00:00,,,,,,,1529.0,1529.0,,,0.0,,,0.0
2025-03-13 07:00:00,,,,,,,1529.0,1529.0,,,0.0,,,0.0
2025-03-13 08:00:00,,,,,,,509.0,509.0,0.2954,0.0,1.0,0.9606999,0.0,1.0
2025-03-13 09:00:00,,,,,,,505.0,505.0,0.2286,0.0888,3.0,0.8849,0.03729999,3.0
2025-03-13 10:00:00,,,,,,,509.0,509.0,0.9568,0.0,1.0,0.3369,0.0,1.0
2025-03-13 11:00:00,,,,,,,505.0,504.0,0.6428,0.0576,3.0,0.7861999,0.030900002,3.0
2025-03-13 12:00:00,,,,,,,505.0,504.0,0.3558,0.0682,6.0,0.93869996,0.037800014,6.0
2025-03-13 13:00:00,,,,,,,509.0,509.0,0.3516,0.012999999,2.0,0.9799,0.008700013,2.0
2025-03-13 14:00:00,,,,,,,505.0,504.0,0.3056,0.086799994,5.0,0.95589995,0.014999986,5.0
2025-03-13 15:00:00,,,,,,,2297.0,2296.0,0.1786,0.0252,6.0,0.9218,0.00849998,6.0
2025-03-13 16:00:00,0.0874,0.113,0.0809,0.0797,,0.85469997,192.0,0.0,0.1556,0.021,6.0,0.9211,0.042899966,6.0
2025-03-13 17:00:00,0.120799996,,,,,,1477.0,1533.0,0.1068,0.0066,3.0,1.0259,0.0916,3.0
2025-03-13 18:00:00,,,,,,,1273.0,1273.0,,,0.0,,,0.0
2025-03-13 19:00:00,,,,,,,1273.0,1273.0,,,0.0,,,0.0
2025-03-13 20:00:00,,,,,,,1273.0,1273.0,,,0.0,,,0.0
2025-03-13 21:00:00,,,,,,,1273.0,1273.0,,,0.0,,,0.0
2025-03-13 22:00:00,,,,,,,1273.0,1273.0,,,0.0,,,0.0
2025-03-13 23:00:00,,,,,,,1273.0,1273.0,,,0.0,,,0.0
2025-03-14 00:00:00,,,,,,,1273.0,1273.0,,,0.0,,,0.0
2025-03-14 01:00:00,,,,,,,1273.0,1273.0,,,0.0,,,0.0
2025-03-14 02:00:00,,,,,,,1273.0,1273.0,,,0.0,,,0.0
2025-03-14 03:00:00,,,,,,,1273.0,1273.0,,,0.0,,,0.0
2025-03-14 04:00:00,,,,,,,1273.0,1273.0,,,0.0,,,0.0
2025-03-14 05:00:00,,,,,,,1273.0,1273.0,,,0.0,,,0.0
2025-03-14 06:00:00,,,,,,,1273.0,1273.0,,,0.0,,,0.0
2025-03-14 07:00:00,,,,,,,1273.0,1273.0,,,0.0,,,0.0
2025-03-14 08:00:00,0.1558,0.227,0.49179998,0.4917,,,192.0,192.0,0.1382,0.065799996,3.0,0.9512999,0.030099988,3.0
2025-03-14 09:00:00,0.24919999,,,,,,193.0,248.0,0.2518,0.087799996,6.0,0.85969996,0.090299964,6.0
2025-03-14 10:00:00,,,,,,,249.0,248.0,0.44779998,0.146,5.0,0.6654,0.15130001,5.0
2025-03-14 11:00:00,0.2786,,,,,,193.0,248.0,0.48299998,0.083799995,6.0,0.75479996,0.08679998,6.0
2025-03-14 12:00:00,,,,,,,505.0,504.0,0.4328,0.0506,6.0,0.941,0.027999997,6.0
2025-03-14 13:00:00,,,,,,,509.0,509.0,0.5288,0.0266,2.0,1.0037999,0.00069999695,2.0
2025-03-14 14:00:00,,,,,,,509.0,509.0,0.7162,0.0,1.0,1.0079,0.0,1.0
2025-03-14 15:00:00,,,,,,,2297.0,2296.0,0.32799998,0.040999997,5.0,0.98239994,0.038899958,5.0
2025-03-14 16:00:00,0.30159998,0.1946,0.0861,0.0859,,0.8936,192.0,0.0,0.2342,0.0222,6.0,1.0214,0.06400001,6.0
2025-03-14 17:00:00,0.226,,,,,,1477.0,1533.0,0.2234,0.0184,3.0,0.8765999,0.053799987,3.0
2025-03-14 18:00:00,,,,,,,1273.0,1273.0,,,0.0,,,0.0
2025-03-14 19:00:00,,,,,,,1273.0,1273.0,,,0.0,,,0.0
2025-03-14 20:00:00,,,,,,,1273.0,1273.0,,,0.0,,,0.0
2025-03-14 21:00:00,,,,,,,1529.0,1529.0,,,0.0,,,0.0
2025-03-14 22:00:00,,,,,,,1533.0,1533.0,,,0.0,,,0.0
2025-03-14 23:00:00,,,,,,,1529.0,1529.0,,,0.0,,,0.0
2025-03-15 00:00:00,,,,,,,1529.0,1529.0,,,0.0,,,0.0
2025-03-15 01:00:00,,,,,,,1529.0,1529.0,,,0.0,,,0.0
2025-03-15 02:00:00,,,,,,,1533.0,1533.0,,,0.0,,,0.0
2025-03-15 03:00:00,,,,,,,1529.0,1529.0,,,0.0,,,0.0
2025-03-15 04:00:00,,,,,,,1529.0,1529.0,,,0.0,,,0.0
2025-03-15 05:00:00,,,,,,,1533.0,1533.0,,,0.0,,,0.0
2025-03-15 06:00:00,,,,,,,1533.0,1533.0,,,0.0,,,0.0
2025-03-15 07:00:00,,,,,,,1529.0,1529.0,,,0.0,,,0.0
2025-03-15 08:00:00,,,,,,,509.0,509.0,0.8652,0.0,1.0,1.2744,0.0,1.0
2025-03-15 09:00:00,,,,,,,509.0,509.0,,,0.0,,,0.0
2025-03-15 10:00:00,,,,,,,509.0,509.0,,,0.0,,,0.0
2025-03-15 11:00:00,,,,,,,509.0,509.0,,,0.0,,,0.0
2025-03-15 12:00:00,,,,,,,505.0,505.0,,,0.0,,,0.0
2025-03-15 13:00:00,,,,,,,509.0,509.0,,,0.0,,,0.0
2025-03-15 14:00:00,,,,,,,509.0,509.0,,,0.0,,,0.0
2025-03-15 15:00:00,,,,,,,509.0,509.0,,,0.0,,,0.0
2025-03-15 16:00:00,,,,,,,509.0,509.0,,,0.0,,,0.0
2025-03-15 17:00:00,,,,,,,1533.0,1533.0,,,0.0,,,0.0
2025-03-15 18:00:00,,,,,,,1529.0,1529.0,,,0.0,,,0.0
2025-03-15 19:00:00,,,,,,,1529.0,1529.0,,,0.0,,,0.0
2025-03-15 20:00:00,,,,,,,1273.0,1273.0,,,0.0,,,0.0
2025-03-15 21:00:00,,,,,,,1273.0,1273.0,,,0.0,,,0.0
2025-03-15 22:00:00,,,,,,,1529.0,1529.0,,,0.0,,,0.0
2025-03-15 23:00:00,,,,,,,1273.0,1273.0,,,0.0,,,0.0
2025-03-16 00:00:00,,,,,,,1529.0,1529.0,,,0.0,,,0.0
2025-03-16 01:00:00,,,,,,,1273.0,1273.0,,,0.0,,,0.0
2025-03-16 02:00:00,,,,,,,1529.0,1529.0,,,0.0,,,0.0
2025-03-16 03:00:00,,,,,,,1529.0,1529.0,,,0.0,,,0.0
2025-03-16 04:00:00,,,,,,,1533.0,1533.0,,,0.0,,,0.0
2025-03-16 05:00:00,,,,,,,1529.0,1529.0,,,0.0,,,0.0
2025-03-16 06:00:00,,,,,,,1533.0,1533.0,,,0.0,,,0.0
2025-03-16 07:00:00,,,,,,,1533.0,1533.0,,,0.0,,,0.0
2025-03-16 08:00:00,,,,,,,509.0,509.0,,,0.0,,,0.0
2025-03-16 09:00:00,,,,,,,509.0,509.0,,,0.0,,,0.0
2025-03-16 10:00:00,,,,,,,505.0,504.0,0.6836,0.0,1.0,0.5919,0.0,1.0
2025-03-16 11:00:00,,,,,,,505.0,504.0,0.471,0.077199996,6.0,0.72099996,0.059599996,6.0
2025-03-16 12:00:00,,,,,,,509.0,509.0,,,0.0,,,0.0
2025-03-16 13:00:00,,,,,,,509.0,509.0,,,0.0,,,0.0
2025-03-16 14:00:00,,,,,,,505.0,505.0,0.606,0.0,1.0,0.9238,0.0,1.0
2025-03-16 15:00:00,,,,,,,509.0,509.0,0.714,0.1548,3.0,0.8382,0.13190001,3.0
2025-03-16 16:00:00,,,,,,,505.0,504.0,0.48139998,0.047799997,3.0,0.95289993,0.0158,3.0
2025-03-16 17:00:00,,,,,,,1533.0,1533.0,0.3962,0.0,1.0,0.9865999,0.0,1.0
2025-03-16 18:00:00,,,,,,,1273.0,1273.0,,,0.0,,,0.0
2025-03-16 19:00:00,,,,,,,1273.0,1273.0,,,0.0,,,0.0
2025-03-16 20:00:00,,,,,,,1273.0,1273.0,,,0.0,,,0.0
2025-03-16 21:00:00,,,,,,,1273.0,1273.0,,,0.0,,,0.0
2025-03-16 22:00:00,,,,,,,1273.0,1273.0,,,0.0,,,0.0
2025-03-16 23:00:00,,,,,,,1533.0,1533.0,,,0.0,,,0.0
2025-03-17 00:00:00,,,,,,,1273.0,1273.0,,,0.0,,,0.0
2025-03-17 01:00:00,,,,,,,1529.0,1529.0,,,0.0,,,0.0
2025-03-17 02:00:00,,,,,,,1533.0,1533.0,,,0.0,,,0.0
2025-03-17 03:00:00,,,,,,,1273.0,1273.0,,,0.0,,,0.0
2025-03-17 04:00:00,,,,,,,1529.0,1529.0,,,0.0,,,0.0
2025-03-17 05:00:00,,,,,,,1529.0,1529.0,,,0.0,,,0.0
2025-03-17 06:00:00,,,,,,,1529.0,1529.0,,,0.0,,,0.0
2025-03-17 07:00:00,,,,,,,1533.0,1533.0,,,0.0,,,0.0
2025-03-17 08:00:00,,,,,,,509.0,509.0,,,0.0,,,0.0
2025-03-17 09:00:00,,,,,,,509.0,509.0,,,0.0,,,0.0
2025-03-17 10:00:00,,,,,,,505.0,505.0,,,0.0,,,0.0
2025-03-17 11:00:00,,,,,,,509.0,509.0,,,0.0,,,0.0
2025-03-17 12:00:00,,,,,,,509.0,509.0,,,0.0,,,0.0
2025-03-17 13:00:00,,,,,,,509.0,509.0,,,0.0,,,0.0
2025-03-17 14:00:00,,,,,,,509.0,509.0,,,0.0,,,0.0
2025-03-17 15:00:00,,,,,,,509.0,509.0,,,0.0,,,0.0
2025-03-17 16:00:00,,,,,,,509.0,509.0,,,0.0,,,0.0
2025-03-17 17:00:00,,,,,,,1533.0,1533.0,,,0.0,,,0.0
2025-03-17 18:00:00,,,,,,,1533.0,1533.0,,,0.0,,,0.0
2025-03-17 19:00:00,,,,,,,1529.0,1529.0,,,0.0,,,0.0
2025-03-17 20:00:00,,,,,,,1533.0,1533.0,,,0.0,,,0.0
2025-03-17 21:00:00,,,,,,,1533.0,1533.0,,,0.0,,,0.0
2025-03-17 22:00:00,,,,,,,1533.0,1533.0,,,0.0,,,0.0
2025-03-17 23:00:00,,,,,,,1533.0,1533.0,,,0.0,,,0.0
2025-03-18 00:00:00,,,,,,,1533.0,1533.0,,,0.0,,,0.0
2025-03-18 01:00:00,,,,,,,1533.0,1533.0,,,0.0,,,0.0
2025-03-18 02:00:00,,,,,,,1529.0,1529.0,,,0.0,,,0.0
2025-03-18 03:00:00,,,,,,,1533.0,1533.0,,,0.0,,,0.0
2025-03-18 04:00:00,,,,,,,1529.0,1529.0,,,0.0,,,0.0
2025-03-18 05:00:00,,,,,,,1533.0,1533.0,,,0.0,,,0.0
2025-03-18 06:00:00,,,,,,,1533.0,1533.0,,,0.0,,,0.0
2025-03-18 07:00:00,,,,,,,1533.0,1533.0,,,0.0,,,0.0
2025-03-18 08:00:00,,,,,,,509.0,509.0,,,0.0,,,0.0
2025-03-18 09:00:00,,,,,,,509.0,509.0,,,0.0,,,0.0
2025-03-18 10:00:00,,,,,,,509.0,509.0,,,0.0,,,0.0
2025-03-18 11:00:00,,,,,,,509.0,509.0,,,0.0,,,0.0
2025-03-18 12:00:00,,,,,,,509.0,509.0,,,0.0,,,0.0
2025-03-18 13:00:00,,,,,,,509.0,509.0,,,0.0,,,0.0
2025-03-18 14:00:00,,,,,,,509.0,509.0,,,0.0,,,0.0
2025-03-18 15:00:00,,,,,,,509.0,509.0,,,0.0,,,0.0
2025-03-18 16:00:00,,,,,,,509.0,509.0,0.7012,0.0,1.0,1.4308,0.0,1.0
2025-03-18 17:00:00,,,,,,,1533.0,1533.0,,,0.0,,,0.0
2025-03-18 18:00:00,,,,,,,1529.0,1529.0,,,0.0,,,0.0
2025-03-18 19:00:00,,,,,,,1273.0,1273.0,,,0.0,,,0.0
2025-03-18 20:00:00,,,,,,,1533.0,1533.0,,,0.0,,,0.0
2025-03-18 21:00:00,,,,,,,1529.0,1529.0,,,0.0,,,0.0
2025-03-18 22:00:00,,,,,,,1533.0,1533.0,,,0.0,,,0.0
2025-03-18 23:00:00,,,,,,,1533.0,1533.0,,,0.0,,,0.0
2025-03-19 00:00:00,,,,,,,1529.0,1529.0,,,0.0,,,0.0
2025-03-19 01:00:00,,,,,,,1273.0,1273.0,,,0.0,,,0.0
2025-03-19 02:00:00,,,,,,,1273.0,1273.0,,,0.0,,,0.0
2025-03-19 03:00:00,,,,,,,1273.0,1273.0,,,0.0,,,0.0
2025-03-19 04:00:00,,,,,,,1533.0,1533.0,,,0.0,,,0.0
2025-03-19 05:00:00,,,,,,,1533.0,1533.0,,,0.0,,,0.0
2025-03-19 06:00:00,,,,,,,1273.0,1273.0,,,0.0,,,0.0
2025-03-19 07:00:00,,,,,,,1273.0,1273.0,,,0.0,,,0.0
2025-03-19 08:00:00,0.1476,,,,,,193.0,249.0,,,0.0,,,0.0
2025-03-19 09:00:00,0.18699999,,,,,,2497.0,2552.0,0.018,0.0148,2.0,1.0641999,0.004000008,2.0
2025-03-19 10:00:00,,,,,,,249.0,248.0,0.104399994,0.1138,5.0,1.017,0.026300013,5.0
2025-03-19 11:00:00,,,,,,,509.0,509.0,0.428,0.12979999,3.0,0.97879994,0.051800013,3.0
2025-03-19 12:00:00,,,,,,,2553.0,2552.0,0.43739998,0.030199999,5.0,1.0919,0.005800009,5.0
2025-03-19 13:00:00,,,,,,,505.0,504.0,0.5262,0.0626,6.0,1.1122999,0.007099986,6.0
2025-03-19 14:00:00,,,,,,,505.0,504.0,0.801,0.0376,5.0,1.1146,0.017199993,5.0
2025-03-19 15:00:00,,,,,,,509.0,509.0,0.853,0.167,3.0,1.0073999,0.0923,3.0
2025-03-19 16:00:00,,,,,,,509.0,509.0,,,0.0,,,0.0
2025-03-19 17:00:00,,,,,,,1533.0,1533.0,0.206,0.0,1.0,1.6034,0.0,1.0
2025-03-19 18:00:00,,,,,,,1529.0,1529.0,,,0.0,,,0.0
2025-03-19 19:00:00,,,,,,,1533.0,1533.0,,,0.0,,,0.0
2025-03-19 20:00:00,,,,,,,1533.0,1533.0,,,0.0,,,0.0
2025-03-19 21:00:00,,,,,,,1529.0,1529.0,,,0.0,,,0.0
2025-03-19 22:00:00,,,,,,,1533.0,1533.0,,,0.0,,,0.0
2025-03-19 23:00:00,,,,,,,1529.0,1529.0,,,0.0,,,0.0
2025-03-20 00:00:00,,,,,,,1533.0,1533.0,,,0.0,,,0.0
2025-03-20 01:00:00,,,,,,,1533.0,1533.0,,,0.0,,,0.0
2025-03-20 02:00:00,,,,,,,1529.0,1529.0,,,0.0,,,0.0
2025-03-20 03:00:00,,,,,,,1533.0,1533.0,,,0.0,,,0.0
2025-03-20 04:00:00,,,,,,,1533.0,1533.0,,,0.0,,,0.0
2025-03-20 05:00:00,,,,,,,1533.0,1533.0,,,0.0,,,0.0
2025-03-20 06:00:00,,,,,,,1533.0,1533.0,,,0.0,,,0.0
2025-03-20 07:00:00,,,,,,,1533.0,1533.0,,,0.0,,,0.0
2025-03-20 08:00:00,,,,,,,509.0,509.0,,,0.0,,,0.0
2025-03-20 09:00:00,,,,,,,509.0,509.0,0.2802,0.0,1.0,1.2622,0.0,1.0
2025-03-20 10:00:00,,,,,,,509.0,509.0,0.5474,0.0,1.0,1.2615,0.0,1.0
2025-03-20 11:00:00,,,,,,,509.0,509.0,0.8448,0.0,1.0,1.1128,0.0,1.0
2025-03-20 12:00:00,,,,,,,509.0,509.0,,,0.0,,,0.0
2025-03-20 13:00:00,,,,,,,509.0,509.0,,,0.0,,,0.0
2025-03-20 14:00:00,,,,,,,509.0,509.0,0.8146,0.0,1.0,1.2457999,0.0,1.0
2025-03-20 15:00:00,,,,,,,509.0,509.0,,,0.0,,,0.0
2025-03-20 16:00:00,,,,,,,509.0,509.0,,,0.0,,,0.0
2025-03-20 17:00:00,,,,,,,1533.0,1533.0,,,0.0,,,0.0
2025-03-20 18:00:00,,,,,,,1533.0,1533.0,,,0.0,,,0.0
2025-03-20 19:00:00,,,,,,,1533.0,1533.0,,,0.0,,,0.0
2025-03-20 20:00:00,,,,,,,1529.0,1529.0,,,0.0,,,0.0
2025-03-20 21:00:00,,,,,,,1529.0,1529.0,,,0.0,,,0.0
2025-03-20 22:00:00,,,,,,,1533.0,1533.0,,,0.0,,,0.0
2025-03-20 23:00:00,,,,,,,1533.0,1533.0,,,0.0,,,0.0
2025-03-21 00:00:00,,,,,,,1533.0,1533.0,,,0.0,,,0.0
2025-03-21 01:00:00,,,,,,,1533.0,1533.0,,,0.0,,,0.0
2025-03-21 02:00:00,,,,,,,1533.0,1533.0,,,0.0,,,0.0
2025-03-21 03:00:00,,,,,,,1533.0,1533.0,,,0.0,,,0.0
2025-03-21 04:00:00,,,,,,,1533.0,1533.0,,,0.0,,,0.0
2025-03-21 05:00:00,,,,,,,1533.0,1533.0,,,0.0,,,0.0
2025-03-21 06:00:00,,,,,,,1533.0,1533.0,,,0.0,,,0.0
2025-03-21 07:00:00,,,,,,,1273.0,1273.0,,,0.0,,,0.0
2025-03-21 08:00:00,,,,,,,2297.0,2296.0,0.1858,0.2606,3.0,1.1244999,0.013799965,3.0
2025-03-21 09:00:00,,,,,,,509.0,509.0,,,0.0,,,0.0
2025-03-21 10:00:00,,,,,,,509.0,509.0,0.0392,0.019399999,4.0,1.0803,0.008899987,4.0
2025-03-21 11:00:00,,,,,,,505.0,504.0,0.3396,0.0806,3.0,1.0261999,0.030999959,3.0
2025-03-21 12:00:00,,,,,,,505.0,505.0,,,0.0,,,0.0
2025-03-21 13:00:00,,,,,,,509.0,509.0,0.9504,0.0,1.0,1.1064,0.0,1.0
2025-03-21 14:00:00,,,,,,,509.0,509.0,,,0.0,,,0.0
2025-03-21 15:00:00,,,,,,,509.0,509.0,,,0.0,,,0.0
2025-03-21 16:00:00,,,,,,,509.0,509.0,,,0.0,,,0.0
2025-03-21 17:00:00,,,,,,,1533.0,1533.0,,,0.0,,,0.0
2025-03-21 18:00:00,,,,,,,1533.0,1533.0,,,0.0,,,0.0
2025-03-21 19:00:00,,,,,,,1533.0,1533.0,,,0.0,,,0.0
2025-03-21 20:00:00,,,,,,,1533.0,1533.0,,,0.0,,,0.0
2025-03-21 21:00:00,,,,,,,1533.0,1533.0,,,0.0,,,0.0
2025-03-21 22:00:00,,,,,,,1529.0,1529.0,,,0.0,,,0.0
2025-03-21 23:00:00,,,,,,,1533.0,1533.0,,,0.0,,,0.0
2025-03-22 00:00:00,,,,,,,1533.0,1533.0,,,0.0,,,0.0
2025-03-22 01:00:00,,,,,,,1529.0,1529.0,,,0.0,,,0.0
2025-03-22 02:00:00,,,,,,,1529.0,1529.0,,,0.0,,,0.0
2025-03-22 03:00:00,,,,,,,1533.0,1533.0,,,0.0,,,0.0
2025-03-22 04:00:00,,,,,,,1533.0,1533.0,,,0.0,,,0.0
2025-03-22 05:00:00,,,,,,,1529.0,1529.0,,,0.0,,,0.0
2025-03-22 06:00:00,,,,,,,1533.0,1533.0,,,0.0,,,0.0
2025-03-22 07:00:00,,,,,,,1273.0,1273.0,,,0.0,,,0.0
2025-03-22 08:00:00,,,,,,,2553.0,2552.0,0.3028,0.0,1.0,0.9613999,0.0,1.0
2025-03-22 09:00:00,,,,,,,509.0,509.0,0.1514,0.0502,3.0,0.90639997,0.01730001,3.0
2025-03-22 10:00:00,,,,,,,509.0,509.0,,,0.0,,,0.0
2025-03-22 11:00:00,,,,,,,509.0,509.0,,,0.0,,,0.0
2025-03-22 12:00:00,,,,,,,509.0,509.0,,,0.0,,,0.0
2025-03-22 13:00:00,,,,,,,509.0,509.0,,,0.0,,,0.0
2025-03-22 14:00:00,,,,,,,509.0,509.0,,,0.0,,,0.0
2025-03-22 15:00:00,,,,,,,505.0,505.0,0.7892,0.0,1.0,1.4548,0.0,1.0
2025-03-22 16:00:00,,,,,,,509.0,509.0,,,0.0,,,0.0
2025-03-22 17:00:00,,,,,,,1533.0,1533.0,,,0.0,,,0.0
2025-03-22 18:00:00,,,,,,,1273.0,1273.0,,,0.0,,,0.0
2025-03-22 19:00:00,,,,,,,1273.0,1273.0,,,0.0,,,0.0
2025-03-22 20:00:00,,,,,,,1273.0,1273.0,,,0.0,,,0.0
2025-03-22 21:00:00,,,,,,,1533.0,1533.0,,,0.0,,,0.0
2025-03-22 22:00:00,,,,,,,1273.0,1273.0,,,0.0,,,0.0
2025-03-22 23:00:00,,,,,,,1273.0,1273.0,,,0.0,,,0.0
2025-03-23 00:00:00,,,,,,,1273.0,1273.0,,,0.0,,,0.0
2025-03-23 01:00:00,,,,,,,1529.0,1529.0,,,0.0,,,0.0
2025-03-23 02:00:00,,,,,,,1533.0,1533.0,,,0.0,,,0.0
2025-03-23 03:00:00,,,,,,,1533.0,1533.0,,,0.0,,,0.0
2025-03-23 04:00:00,,,,,,,1533.0,1533.0,,,0.0,,,0.0
2025-03-23 05:00:00,,,,,,,1533.0,1533.0,,,0.0,,,0.0
2025-03-23 06:00:00,,,,,,,1533.0,1533.0,,,0.0,,,0.0
2025-03-23 07:00:00,,,,,,,1533.0,1533.0,,,0.0,,,0.0
2025-03-23 08:00:00,,,,,,,509.0,509.0,,,0.0,,,0.0
2025-03-23 09:00:00,,,,,,,505.0,504.0,0.37899998,0.029199999,3.0,1.1377,0.023000002,3.0
2025-03-23 10:00:00,,,,,,,509.0,509.0,0.4068,0.015199999,4.0,1.0367999,0.031199992,4.0
2025-03-23 11:00:00,,,,,,,249.0,248.0,0.4876,0.0504,4.0,1.2102,0.05979997,4.0
2025-03-23 12:00:00,,,,,,,509.0,509.0,0.6522,0.0078,2.0,1.1717,0.028699994,2.0
2025-03-23 13:00:00,,,,,,,509.0,509.0,,,0.0,,,0.0
2025-03-23 14:00:00,,,,,,,505.0,505.0,1.2012,0.0,1.0,0.9604,0.0,1.0
2025-03-23 15:00:00,,,,,,,505.0,504.0,1.064,0.0,1.0,1.0487,0.0,1.0
2025-03-23 16:00:00,,,,,,,509.0,509.0,,,0.0,,,0.0
2025-03-23 17:00:00,,,,,,,1533.0,1533.0,,,0.0,,,0.0
2025-03-23 18:00:00,,,,,,,1273.0,1273.0,,,0.0,,,0.0
2025-03-23 19:00:00,,,,,,,1273.0,1273.0,,,0.0,,,0.0
2025-03-23 20:00:00,,,,,,,1273.0,1273.0,,,0.0,,,0.0
2025-03-23 21:00:00,,,,,,,1273.0,1273.0,,,0.0,,,0.0
2025-03-23 22:00:00,,,,,,,1273.0,1273.0,,,0.0,,,0.0
2025-03-23 23:00:00,,,,,,,1273.0,1273.0,,,0.0,,,0.0
2025-03-24 00:00:00,,,,,,,1273.0,1273.0,,,0.0,,,0.0
2025-03-24 01:00:00,,,,,,,1273.0,1273.0,,,0.0,,,0.0
2025-03-24 02:00:00,,,,,,,1529.0,1529.0,,,0.0,,,0.0
2025-03-24 03:00:00,,,,,,,1529.0,1529.0,,,0.0,,,0.0
2025-03-24 04:00:00,,,,,,,1273.0,1273.0,,,0.0,,,0.0
2025-03-24 05:00:00,,,,,,,1273.0,1273.0,,,0.0,,,0.0
2025-03-24 06:00:00,,,,,,,1273.0,1273.0,,,0.0,,,0.0
2025-03-24 07:00:00,,,,,,,1273.0,1273.0,,,0.0,,,0.0
2025-03-24 08:00:00,,,,,,,509.0,509.0,0.21239999,0.0558,2.0,1.0587,0.010399997,2.0
2025-03-24 09:00:00,,,,,,,509.0,509.0,0.7284,0.0,1.0,1.0769999,0.0,1.0
2025-03-24 10:00:00,,,,,,,509.0,509.0,,,0.0,,,0.0
2025-03-24 11:00:00,,,,,,,509.0,509.0,,,0.0,,,0.0
2025-03-24 12:00:00,,,,,,,509.0,509.0,,,0.0,,,0.0
2025-03-24 13:00:00,,,,,,,509.0,509.0,,,0.0,,,0.0
2025-03-24 14:00:00,,,,,,,509.0,509.0,,,0.0,,,0.0
2025-03-24 15:00:00,,,,,,,509.0,509.0,,,0.0,,,0.0
2025-03-24 16:00:00,,,,,,,509.0,509.0,,,0.0,,,0.0
2025-03-24 17:00:00,,,,,,,1533.0,1533.0,,,0.0,,,0.0
2025-03-24 18:00:00,,,,,,,1273.0,1273.0,,,0.0,,,0.0
2025-03-24 19:00:00,,,,,,,1273.0,1273.0,,,0.0,,,0.0
2025-03-24 20:00:00,,,,,,,1529.0,1529.0,,,0.0,,,0.0
2025-03-24 21:00:00,,,,,,,1533.0,1533.0,,,0.0,,,0.0
2025-03-24 22:00:00,,,,,,,1273.0,1273.0,,,0.0,,,0.0
2025-03-24 23:00:00,,,,,,,1533.0,1533.0,,,0.0,,,0.0
2025-03-25 00:00:00,,,,,,,1273.0,1273.0,,,0.0,,,0.0
2025-03-25 01:00:00,,,,,,,1273.0,1273.0,,,0.0,,,0.0
2025-03-25 02:00:00,,,,,,,1533.0,1533.0,,,0.0,,,0.0
2025-03-25 03:00:00,,,,,,,1273.0,1273.0,,,0.0,,,0.0
2025-03-25 04:00:00,,,,,,,1273.0,1273.0,,,0.0,,,0.0
2025-03-25 05:00:00,,,,,,,1273.0,1273.0,,,0.0,,,0.0
2025-03-25 06:00:00,,,,,,,1273.0,1273.0,,,0.0,,,0.0
2025-03-25 07:00:00,,,,,,,1533.0,1533.0,,,0.0,,,0.0
2025-03-25 08:00:00,,,,,,,509.0,509.0,,,0.0,,,0.0
2025-03-25 09:00:00,,,,,,,509.0,509.0,,,0.0,,,0.0
2025-03-25 10:00:00,,,,,,,509.0,509.0,,,0.0,,,0.0
2025-03-25 11:00:00,,,,,,,249.0,248.0,0.635,0.0,1.0,1.1895,0.0,1.0
2025-03-25 12:00:00,,,,,,,509.0,509.0,0.7816,0.059,2.0,1.1502,0.013499975,2.0
2025-03-25 13:00:00,,,,,,,505.0,505.0,,,0.0,,,0.0
2025-03-25 14:00:00,,,,,,,509.0,509.0,0.87839997,0.00059999997,2.0,1.2034999,0.023999989,2.0
2025-03-25 15:00:00,,,,,,,509.0,509.0,,,0.0,,,0.0
2025-03-25 16:00:00,,,,,,,505.0,504.0,0.8836,0.20019999,4.0,0.9448,0.1782,4.0
2025-03-25 17:00:00,,,,,,,1533.0,1533.0,,,0.0,,,0.0
2025-03-25 18:00:00,,,,,,,1273.0,1273.0,,,0.0,,,0.0
2025-03-25 19:00:00,,,,,,,1273.0,1273.0,,,0.0,,,0.0
2025-03-25 20:00:00,,,,,,,1273.0,1273.0,,,0.0,,,0.0
2025-03-25 21:00:00,,,,,,,1529.0,1529.0,,,0.0,,,0.0
2025-03-25 22:00:00,,,,,,,1529.0,1529.0,,,0.0,,,0.0
2025-03-25 23:00:00,,,,,,,1529.0,1529.0,,,0.0,,,0.0
2025-03-26 00:00:00,,,,,,,1273.0,1273.0,,,0.0,,,0.0
2025-03-26 01:00:00,,,,,,,1273.0,1273.0,,,0.0,,,0.0
2025-03-26 02:00:00,,,,,,,1273.0,1273.0,,,0.0,,,0.0
2025-03-26 03:00:00,,,,,,,1273.0,1273.0,,,0.0,,,0.0
2025-03-26 04:00:00,,,,,,,1273.0,1273.0,,,0.0,,,0.0
2025-03-26 05:00:00,,,,,,,1273.0,1273.0,,,0.0,,,0.0
2025-03-26 06:00:00,,,,,,,1273.0,1273.0,,,0.0,,,0.0
2025-03-26 07:00:00,,,,,,,1273.0,1273.0,,,0.0,,,0.0
2025-03-26 08:00:00,0.5424,,,,,,449.0,504.0,0.4646,0.0296,5.0,1.0938,0.012899995,5.0
2025-03-26 09:00:00,,,,,,,505.0,504.0,0.949,0.1462,4.0,0.86039996,0.0636,4.0
2025-03-26 10:00:00,,,,,,,509.0,509.0,0.9824,0.0,1.0,0.6917,0.0,1.0
2025-03-26 11:00:00,,,,,,,509.0,509.0,,,0.0,,,0.0
2025-03-26 12:00:00,,,,,,,509.0,509.0,,,0.0,,,0.0
2025-03-26 13:00:00,,,,,,,509.0,509.0,,,0.0,,,0.0
2025-03-26 14:00:00,,,,,,,509.0,509.0,,,0.0,,,0.0
2025-03-26 15:00:00,,,,,,,505.0,504.0,0.598,0.0,1.0,1.1811,0.0,1.0
2025-03-26 16:00:00,,,,,,,249.0,248.0,0.6346,0.066,2.0,1.036,0.10769999,2.0
2025-03-26 17:00:00,,,,,,,1533.0,1533.0,0.542,0.024799999,3.0,1.1212,0.018899977,3.0
2025-03-26 18:00:00,,,,,,,1273.0,1273.0,,,0.0,,,0.0
2025-03-26 19:00:00,,,,,,,1273.0,1273.0,,,0.0,,,0.0
2025-03-26 20:00:00,,,,,,,1273.0,1273.0,,,0.0,,,0.0
2025-03-26 21:00:00,,,,,,,1273.0,1273.0,,,0.0,,,0.0
2025-03-26 22:00:00,,,,,,,1273.0,1273.0,,,0.0,,,0.0
2025-03-26 23:00:00,,,,,,,1273.0,1273.0,,,0.0,,,0.0
2025-03-27 00:00:00,,,,,,,1273.0,1273.0,,,0.0,,,0.0
2025-03-27 01:00:00,,,,,,,1273.0,1273.0,,,0.0,,,0.0
2025-03-27 02:00:00,,,,,,,1273.0,1273.0,,,0.0,,,0.0
2025-03-27 03:00:00,,,,,,,1273.0,1273.0,,,0.0,,,0.0
2025-03-27 04:00:00,,,,,,,1273.0,1273.0,,,0.0,,,0.0
2025-03-27 05:00:00,,,,,,,1273.0,1273.0,,,0.0,,,0.0
2025-03-27 06:00:00,,,,,,,1273.0,1273.0,,,0.0,,,0.0
2025-03-27 07:00:00,,,,,,,1273.0,1273.0,,,0.0,,,0.0
2025-03-27 08:00:00,0.219,0.0638,0.71489996,0.7148,,,2240.0,2240.0,0.0902,0.040999997,5.0,1.0292,0.022300005,5.0
2025-03-27 09:00:00,,,,,,,249.0,248.0,0.2924,0.2184,6.0,1.0065999,0.09979999,6.0
2025-03-27 10:00:00,,,,,,,509.0,509.0,1.2062,0.14299999,3.0,0.5102999,0.028100014,3.0
2025-03-27 11:00:00,,,,,,,509.0,509.0,0.8994,0.0,1.0,0.8138,0.0,1.0
2025-03-27 12:00:00,,,,,,,509.0,509.0,,,0.0,,,0.0
2025-03-27 13:00:00,,,,,,,509.0,509.0,,,0.0,,,0.0
2025-03-27 14:00:00,,,,,,,509.0,509.0,,,0.0,,,0.0
2025-03-27 15:00:00,,,,,,,509.0,509.0,,,0.0,,,0.0
2025-03-27 16:00:00,,,,,,,505.0,504.0,0.5464,0.0382,3.0,1.1298,0.07370001,3.0
2025-03-27 17:00:00,,,,,,,1533.0,1533.0,,,0.0,,,0.0
2025-03-27 18:00:00,,,,,,,1273.0,1273.0,,,0.0,,,0.0
2025-03-27 19:00:00,,,,,,,1273.0,1273.0,,,0.0,,,0.0
2025-03-27 20:00:00,,,,,,,1273.0,1273.0,,,0.0,,,0.0
2025-03-27 21:00:00,,,,,,,1273.0,1273.0,,,0.0,,,0.0
2025-03-27 22:00:00,,,,,,,1273.0,1273.0,,,0.0,,,0.0
2025-03-27 23:00:00,,,,,,,1273.0,1273.0,,,0.0,,,0.0
2025-03-28 00:00:00,,,,,,,1273.0,1273.0,,,0.0,,,0.0
2025-03-28 01:00:00,,,,,,,1273.0,1273.0,,,0.0,,,0.0
2025-03-28 02:00:00,,,,,,,1273.0,1273.0,,,0.0,,,0.0
2025-03-28 03:00:00,,,,,,,1533.0,1533.0,,,0.0,,,0.0
2025-03-28 04:00:00,,,,,,,1273.0,1273.0,,,0.0,,,0.0
2025-03-28 05:00:00,,,,,,,1273.0,1273.0,,,0.0,,,0.0
2025-03-28 06:00:00,,,,,,,1273.0,1273.0,,,0.0,,,0.0
2025-03-28 07:00:00,,,,,,,1529.0,1529.0,,,0.0,,,0.0
2025-03-28 08:00:00,,,,,,,249.0,248.0,0.067,0.0348,5.0,0.982,0.021099985,5.0
2025-03-28 09:00:00,,,,,,,249.0,248.0,0.13859999,0.0426,6.0,0.97809994,0.015599966,6.0
2025-03-28 10:00:00,,,,,,,505.0,504.0,0.4186,0.20539999,6.0,0.8915,0.06470001,6.0
2025-03-28 11:00:00,,,,,,,509.0,509.0,,,0.0,,,0.0
2025-03-28 12:00:00,,,,,,,505.0,504.0,0.3258,0.0278,2.0,1.028,0.0029999614,2.0
2025-03-28 13:00:00,,,,,,,505.0,504.0,0.4082,0.0734,2.0,1.0159999,0.028400004,2.0
2025-03-28 14:00:00,,,,,,,505.0,504.0,0.435,0.0806,5.0,1.0141,0.0073999763,5.0
2025-03-28 15:00:00,,,,,,,249.0,248.0,0.40019998,0.0354,6.0,1.0086,0.010999978,6.0
2025-03-28 16:00:00,0.27339998,0.2488,0.21759999,0.2174,,1.0698999,192.0,0.0,0.2782,0.0222,6.0,1.0702,0.04030001,6.0
2025-03-28 17:00:00,0.2242,,,,,,1477.0,1533.0,0.24479999,0.0112,3.0,1.0819,0.0029999614,3.0
2025-03-28 18:00:00,,,,,,,1273.0,1273.0,,,0.0,,,0.0
2025-03-28 19:00:00,,,,,,,1273.0,1273.0,,,0.0,,,0.0
2025-03-28 20:00:00,,,,,,,1273.0,1273.0,,,0.0,,,0.0
2025-03-28 21:00:00,,,,,,,1273.0,1273.0,,,0.0,,,0.0
2025-03-28 22:00:00,,,,,,,1273.0,1273.0,,,0.0,,,0.0
2025-03-28 23:00:00,,,,,,,1273.0,1273.0,,,0.0,,,0.0
2025-03-29 00:00:00,,,,,,,1273.0,1273.0,,,0.0,,,0.0
2025-03-29 01:00:00,,,,,,,1273.0,1273.0,,,0.0,,,0.0
2025-03-29 02:00:00,,,,,,,1273.0,1273.0,,,0.0,,,0.0
2025-03-29 03:00:00,,,,,,,1273.0,1273.0,,,0.0,,,0.0
2025-03-29 04:00:00,,,,,,,1273.0,1273.0,,,0.0,,,0.0
2025-03-29 05:00:00,,,,,,,1273.0,1273.0,,,0.0,,,0.0
2025-03-29 06:00:00,,,,,,,1273.0,1273.0,,,0.0,,,0.0
2025-03-29 07:00:00,,,,,,,1273.0,1273.0,,,0.0,,,0.0
2025-03-29 08:00:00,,,,,,,249.0,248.0,0.0526,0.022,5.0,1.058,0.013099968,5.0
2025-03-29 09:00:00,,,,,,,509.0,509.0,0.18079999,0.1484,2.0,1.0209999,0.023699999,2.0
2025-03-29 10:00:00,,,,,,,509.0,509.0,,,0.0,,,0.0
2025-03-29 11:00:00,,,,,,,509.0,509.0,,,0.0,,,0.0
2025-03-29 12:00:00,,,,,,,509.0,509.0,,,0.0,,,0.0
2025-03-29 13:00:00,,,,,,,509.0,509.0,,,0.0,,,0.0
2025-03-29 14:00:00,,,,,,,509.0,509.0,,,0.0,,,0.0
2025-03-29 15:00:00,,,,,,,505.0,504.0,0.4746,0.08,5.0,0.9555999,0.07429999,5.0
2025-03-29 16:00:00,,,,,,,505.0,504.0,0.278,0.072,6.0,1.0343,0.09549999,6.0
2025-03-29 17:00:00,,,,,,,1533.0,1533.0,0.27339998,0.0368,2.0,1.0521,0.0794,2.0
2025-03-29 18:00:00,,,,,,,1273.0,1273.0,,,0.0,,,0.0
2025-03-29 19:00:00,,,,,,,1533.0,1533.0,,,0.0,,,0.0
2025-03-29 20:00:00,,,,,,,1529.0,1529.0,,,0.0,,,0.0
2025-03-29 21:00:00,,,,,,,1533.0,1533.0,,,0.0,,,0.0
2025-03-29 22:00:00,,,,,,,1273.0,1273.0,,,0.0,,,0.0
2025-03-29 23:00:00,,,,,,,1529.0,1529.0,,,0.0,,,0.0
2025-03-30 00:00:00,,,,,,,1273.0,1273.0,,,0.0,,,0.0
2025-03-30 01:00:00,,,,,,,1273.0,1273.0,,,0.0,,,0.0
2025-03-30 02:00:00,,,,,,,1273.0,1273.0,,,0.0,,,0.0
2025-03-30 03:00:00,,,,,,,1529.0,1529.0,,,0.0,,,0.0
2025-03-30 04:00:00,,,,,,,1533.0,1533.0,,,0.0,,,0.0
2025-03-30 05:00:00,,,,,,,1529.0,1529.0,,,0.0,,,0.0
2025-03-30 06:00:00,,,,,,,1529.0,1529.0,,,0.0,,,0.0
2025-03-30 07:00:00,,,,,,,1273.0,1273.0,,,0.0,,,0.0
2025-03-30 08:00:00,,,,,,,509.0,509.0,0.12619999,0.049599998,3.0,0.9721,0.014100015,3.0
2025-03-30 09:00:00,,,,,,,505.0,504.0,0.343,0.1428,3.0,0.9086,0.068099976,3.0
2025-03-30 10:00:00,,,,,,,509.0,509.0,0.2454,0.019199999,3.0,0.9474,0.01910001,3.0
2025-03-30 11:00:00,,,,,,,509.0,509.0,,,0.0,,,0.0
2025-03-30 12:00:00,,,,,,,509.0,509.0,,,0.0,,,0.0
2025-03-30 13:00:00,,,,,,,509.0,509.0,,,0.0,,,0.0
2025-03-30 14:00:00,,,,,,,509.0,509.0,,,0.0,,,0.0
2025-03-30 15:00:00,,,,,,,509.0,509.0,0.452,0.0208,3.0,0.9153,0.00909996,3.0
2025-03-30 16:00:00,,,,,,,505.0,504.0,0.5,0.016999999,5.0,1.0076,0.07499999,5.0
2025-03-30 17:00:00,,,,,,,1533.0,1533.0,,,0.0,,,0.0
2025-03-30 18:00:00,,,,,,,1529.0,1529.0,,,0.0,,,0.0
2025-03-30 19:00:00,,,,,,,1533.0,1533.0,,,0.0,,,0.0
2025-03-30 20:00:00,,,,,,,1533.0,1533.0,,,0.0,,,0.0
2025-03-30 21:00:00,,,,,,,1273.0,1273.0,,,0.0,,,0.0
2025-03-30 22:00:00,,,,,,,1529.0,1529.0,,,0.0,,,0.0
2025-03-30 23:00:00,,,,,,,1533.0,1533.0,,,0.0,,,0.0
2025-03-31 00:00:00,,,,,,,1529.0,1529.0,,,0.0,,,0.0
2025-03-31 01:00:00,,,,,,,1533.0,1533.0,,,0.0,,,0.0
2025-03-31 02:00:00,,,,,,,1533.0,1533.0,,,0.0,,,0.0
2025-03-31 03:00:00,,,,,,,1529.0,1529.0,,,0.0,,,0.0
2025-03-31 04:00:00,,,,,,,1529.0,1529.0,,,0.0,,,0.0
2025-03-31 05:00:00,,,,,,,1533.0,1533.0,,,0.0,,,0.0
2025-03-31 06:00:00,,,,,,,1533.0,1533.0,,,0.0,,,0.0
2025-03-31 07:00:00,,,,,,,1533.0,1533.0,,,0.0,,,0.0
2025-03-31 08:00:00,,,,,,,509.0,509.0,,,0.0,,,0.0
2025-03-31 09:00:00,,,,,,,509.0,509.0,,,0.0,,,0.0
2025-03-31 10:00:00,,,,,,,509.0,509.0,,,0.0,,,0.0
2025-03-31 11:00:00,,,,,,,509.0,509.0,,,0.0,,,0.0
2025-03-31 12:00:00,,,,,,,509.0,509.0,,,0.0,,,0.0
2025-03-31 13:00:00,,,,,,,509.0,509.0,,,0.0,,,0.0
2025-03-31 14:00:00,,,,,,,509.0,509.0,,,0.0,,,0.0
2025-03-31 15:00:00,,,,,,,509.0,509.0,,,0.0,,,0.0
2025-03-31 16:00:00,,,,,,,509.0,509.0,,,0.0,,,0.0
2025-03-31 17:00:00,,,,,,,1533.0,1533.0,,,0.0,,,0.0
2025-03-31 18:00:00,,,,,,,1533.0,1533.0,,,0.0,,,0.0
2025-03-31 19:00:00,,,,,,,1529.0,1529.0,,,0.0,,,0.0
2025-03-31 20:00:00,,,,,,,1533.0,1533.0,,,0.0,,,0.0
2025-03-31 21:00:00,,,,,,,1533.0,1533.0,,,0.0,,,0.0
2025-03-31 22:00:00,,,,,,,1533.0,1533.0,,,0.0,,,0.0
2025-03-31 23:00:00,,,,,,,1533.0,1533.0,,,0.0,,,0.0
2025-04-01 00:00:00,,,,,,,1529.0,1529.0,,,0.0,,,0.0
2025-04-01 01:00:00,,,,,,,1533.0,1533.0,,,0.0,,,0.0
2025-04-01 02:00:00,,,,,,,1529.0,1529.0,,,0.0,,,0.0
2025-04-01 03:00:00,,,,,,,1533.0,1533.0,,,0.0,,,0.0
2025-04-01 04:00:00,,,,,,,1533.0,1533.0,,,0.0,,,0.0
2025-04-01 05:00:00,,,,,,,1533.0,1533.0,,,0.0,,,0.0
2025-04-01 06:00:00,,,,,,,1533.0,1533.0,,,0.0,,,0.0
2025-04-01 07:00:00,,,,,,,1533.0,1533.0,,,0.0,,,0.0
2025-04-01 08:00:00,,,,,,,509.0,509.0,,,0.0,,,0.0
2025-04-01 09:00:00,,,,,,,509.0,509.0,,,0.0,,,0.0
2025-04-01 10:00:00,,,,,,,509.0,509.0,,,0.0,,,0.0
2025-04-01 11:00:00,,,,,,,509.0,509.0,,,0.0,,,0.0
2025-04-01 12:00:00,,,,,,,509.0,509.0,,,0.0,,,0.0
2025-04-01 13:00:00,,,,,,,509.0,509.0,,,0.0,,,0.0
2025-04-01 14:00:00,,,,,,,509.0,509.0,,,0.0,,,0.0
2025-04-01 15:00:00,,,,,,,509.0,509.0,,,0.0,,,0.0
2025-04-01 16:00:00,,,,,,,509.0,509.0,,,0.0,,,0.0
2025-04-01 17:00:00,,,,,,,1533.0,1533.0,,,0.0,,,0.0
2025-04-01 18:00:00,,,,,,,1529.0,1529.0,,,0.0,,,0.0
2025-04-01 19:00:00,,,,,,,1533.0,1533.0,,,0.0,,,0.0
2025-04-01 20:00:00,,,,,,,1529.0,1529.0,,,0.0,,,0.0
2025-04-01 21:00:00,,,,,,,1533.0,1533.0,,,0.0,,,0.0
2025-04-01 22:00:00,,,,,,,1533.0,1533.0,,,0.0,,,0.0
2025-04-01 23:00:00,,,,,,,1529.0,1529.0,,,0.0,,,0.0
2025-04-02 00:00:00,,,,,,,1533.0,1533.0,,,0.0,,,0.0
2025-04-02 01:00:00,,,,,,,1533.0,1533.0,,,0.0,,,0.0
2025-04-02 02:00:00,,,,,,,1533.0,1533.0,,,0.0,,,0.0
2025-04-02 03:00:00,,,,,,,1533.0,1533.0,,,0.0,,,0.0
2025-04-02 04:00:00,,,,,,,1533.0,1533.0,,,0.0,,,0.0
2025-04-02 05:00:00,,,,,,,1533.0,1533.0,,,0.0,,,0.0
2025-04-02 06:00:00,,,,,,,1533.0,1533.0,,,0.0,,,0.0
2025-04-02 07:00:00,,,,,,,1533.0,1533.0,,,0.0,,,0.0
2025-04-02 08:00:00,,,,,,,509.0,509.0,,,0.0,,,0.0
2025-04-02 09:00:00,,,,,,,509.0,509.0,0.7356,0.0,1.0,0.9463999,0.0,1.0
2025-04-02 10:00:00,,,,,,,509.0,509.0,,,0.0,,,0.0
2025-04-02 11:00:00,,,,,,,509.0,509.0,,,0.0,,,0.0
2025-04-02 12:00:00,,,,,,,509.0,509.0,,,0.0,,,0.0
2025-04-02 13:00:00,,,,,,,509.0,509.0,,,0.0,,,0.0
2025-04-02 14:00:00,,,,,,,509.0,509.0,,,0.0,,,0.0
2025-04-02 15:00:00,,,,,,,509.0,509.0,,,0.0,,,0.0
2025-04-02 16:00:00,,,,,,,509.0,509.0,,,0.0,,,0.0
2025-04-02 17:00:00,,,,,,,1533.0,1533.0,,,0.0,,,0.0
2025-04-02 18:00:00,,,,,,,1533.0,1533.0,,,0.0,,,0.0
2025-04-02 19:00:00,,,,,,,1533.0,1533.0,,,0.0,,,0.0
2025-04-02 20:00:00,,,,,,,1529.0,1529.0,,,0.0,,,0.0
2025-04-02 21:00:00,,,,,,,1529.0,1529.0,,,0.0,,,0.0
2025-04-02 22:00:00,,,,,,,1273.0,1273.0,,,0.0,,,0.0
2025-04-02 23:00:00,,,,,,,1533.0,1533.0,,,0.0,,,0.0
2025-04-03 00:00:00,,,,,,,1273.0,1273.0,,,0.0,,,0.0
2025-04-03 01:00:00,,,,,,,1529.0,1529.0,,,0.0,,,0.0
2025-04-03 02:00:00,,,,,,,1533.0,1533.0,,,0.0,,,0.0
2025-04-03 03:00:00,,,,,,,1529.0,1529.0,,,0.0,,,0.0
2025-04-03 04:00:00,,,,,,,1273.0,1273.0,,,0.0,,,0.0
2025-04-03 05:00:00,,,,,,,1273.0,1273.0,,,0.0,,,0.0
2025-04-03 06:00:00,,,,,,,1529.0,1529.0,,,0.0,,,0.0
2025-04-03 07:00:00,,,,,,,1533.0,1533.0,,,0.0,,,0.0
2025-04-03 08:00:00,,,,,,,509.0,509.0,1.4504,0.0,1.0,0.42769998,0.0,1.0
2025-04-03 09:00:00,,,,,,,249.0,248.0,0.232,0.0266,2.0,0.94659996,0.011200011,2.0
2025-04-03 10:00:00,,,,,,,505.0,504.0,0.2268,0.0976,6.0,0.9425,0.03130001,6.0
2025-04-03 11:00:00,,,,,,,249.0,248.0,0.239,0.0862,6.0,0.9793,0.029599965,6.0
2025-04-03 12:00:00,,,,,,,505.0,505.0,0.27199998,0.021599999,2.0,0.98669994,0.004000008,2.0
2025-04-03 13:00:00,,,,,,,509.0,509.0,,,0.0,,,0.0
2025-04-03 14:00:00,,,,,,,505.0,504.0,0.4876,0.0139999995,3.0,0.8952,0.024100006,3.0
2025-04-03 15:00:00,,,,,,,505.0,504.0,0.49359998,0.1064,6.0,0.80429995,0.13479996,6.0
2025-04-03 16:00:00,,,,,,,505.0,504.0,0.8878,0.0,1.0,0.5152,0.0,1.0
2025-04-03 17:00:00,,,,,,,1533.0,1533.0,0.7112,0.0,1.0,0.61669993,0.0,1.0
2025-04-03 18:00:00,,,,,,,1529.0,1529.0,,,0.0,,,0.0
2025-04-03 19:00:00,,,,,,,1533.0,1533.0,,,0.0,,,0.0
2025-04-03 20:00:00,,,,,,,1529.0,1529.0,,,0.0,,,0.0
2025-04-03 21:00:00,,,,,,,1273.0,1273.0,,,0.0,,,0.0
2025-04-03 22:00:00,,,,,,,1529.0,1529.0,,,0.0,,,0.0
2025-04-03 23:00:00,,,,,,,1529.0,1529.0,,,0.0,,,0.0
2025-04-04 00:00:00,,,,,,,1533.0,1533.0,,,0.0,,,0.0
2025-04-04 01:00:00,,,,,,,1533.0,1533.0,,,0.0,,,0.0
2025-04-04 02:00:00,,,,,,,1529.0,1529.0,,,0.0,,,0.0
2025-04-04 03:00:00,,,,,,,1273.0,1273.0,,,0.0,,,0.0
2025-04-04 04:00:00,,,,,,,1273.0,1273.0,,,0.0,,,0.0
2025-04-04 05:00:00,,,,,,,1533.0,1533.0,,,0.0,,,0.0
2025-04-04 06:00:00,,,,,,,1529.0,1529.0,,,0.0,,,0.0
2025-04-04 07:00:00,,,,,,,1533.0,1533.0,,,0.0,,,0.0
2025-04-04 08:00:00,,,,,,,2553.0,2552.0,0.9766,0.2242,2.0,0.8448,0.21239996,2.0
2025-04-04 09:00:00,,,,,,,249.0,248.0,0.54539996,0.17379999,3.0,1.0264,0.021699965,3.0
2025-04-04 10:00:00,,,,,,,509.0,509.0,0.4096,0.014599999,2.0,1.0540999,0.011099994,2.0
2025-04-04 11:00:00,,,,,,,249.0,248.0,0.39519998,0.0324,3.0,1.1245999,0.032299995,3.0
2025-04-04 12:00:00,,,,,,,509.0,509.0,0.478,0.052199997,4.0,1.1301999,0.01910001,4.0
2025-04-04 13:00:00,,,,,,,509.0,509.0,,,0.0,,,0.0
2025-04-04 14:00:00,,,,,,,509.0,509.0,,,0.0,,,0.0
2025-04-04 15:00:00,,,,,,,505.0,504.0,0.5106,0.0078,2.0,1.048,0.032400012,2.0
2025-04-04 16:00:00,,,,,,,249.0,248.0,0.33499998,0.0188,4.0,1.1566,0.054699957,4.0
2025-04-04 17:00:00,,,,,,,1533.0,1533.0,0.3384,0.0,1.0,1.1078,0.0,1.0
2025-04-04 18:00:00,,,,,,,1533.0,1533.0,,,0.0,,,0.0
2025-04-04 19:00:00,,,,,,,1273.0,1273.0,,,0.0,,,0.0
2025-04-04 20:00:00,,,,,,,1273.0,1273.0,,,0.0,,,0.0
2025-04-04 21:00:00,,,,,,,1273.0,1273.0,,,0.0,,,0.0
2025-04-04 22:00:00,,,,,,,1533.0,1533.0,,,0.0,,,0.0
2025-04-04 23:00:00,,,,,,,1533.0,1533.0,,,0.0,,,0.0
2025-04-05 00:00:00,,,,,,,1273.0,1273.0,,,0.0,,,0.0
2025-04-05 01:00:00,,,,,,,1273.0,1273.0,,,0.0,,,0.0
2025-04-05 02:00:00,,,,,,,1529.0,1529.0,,,0.0,,,0.0
2025-04-05 03:00:00,,,,,,,1529.0,1529.0,,,0.0,,,0.0
2025-04-05 04:00:00,,,,,,,1273.0,1273.0,,,0.0,,,0.0
2025-04-05 05:00:00,,,,,,,1529.0,1529.0,,,0.0,,,0.0
2025-04-05 06:00:00,,,,,,,1273.0,1273.0,,,0.0,,,0.0
2025-04-05 07:00:00,,,,,,,1273.0,1273.0,,,0.0,,,0.0
2025-04-05 08:00:00,,,,,,,249.0,248.0,0.83419997,0.38599998,4.0,0.61319995,0.20669997,4.0
2025-04-05 09:00:00,0.109799996,,,,,,193.0,248.0,0.20179999,0.01,6.0,0.9568,0.011599958,6.0
2025-04-05 10:00:00,,,,,,,505.0,504.0,0.21239999,0.085999995,6.0,0.9504,0.01609999,6.0
2025-04-05 11:00:00,,,,,,,509.0,509.0,0.5376,0.0598,2.0,0.91059995,0.02520001,2.0
2025-04-05 12:00:00,,,,,,,509.0,509.0,0.4694,0.1206,4.0,1.0107,0.02669996,4.0
2025-04-05 13:00:00,,,,,,,2553.0,2552.0,0.505,0.024799999,3.0,1.0358,0.011799991,3.0
2025-04-05 14:00:00,,,,,,,505.0,504.0,0.6392,0.0954,4.0,0.94009995,0.060599983,4.0
2025-04-05 15:00:00,,,,,,,505.0,504.0,0.5166,0.1696,3.0,0.92779994,0.022099972,3.0
2025-04-05 16:00:00,,,,,,,2553.0,2552.0,0.2606,0.0404,6.0,1.1175,0.11629999,6.0
2025-04-05 17:00:00,,,,,,,1533.0,1533.0,0.32979998,0.0106,2.0,1.1074,0.010999978,2.0
2025-04-05 18:00:00,,,,,,,1533.0,1533.0,,,0.0,,,0.0
2025-04-05 19:00:00,,,,,,,1273.0,1273.0,,,0.0,,,0.0
2025-04-05 20:00:00,,,,,,,1273.0,1273.0,,,0.0,,,0.0
2025-04-05 21:00:00,,,,,,,1273.0,1273.0,,,0.0,,,0.0
2025-04-05 22:00:00,,,,,,,1533.0,1533.0,,,0.0,,,0.0
2025-04-05 23:00:00,,,,,,,1529.0,1529.0,,,0.0,,,0.0
2025-04-06 00:00:00,,,,,,,1273.0,1273.0,,,0.0,,,0.0
2025-04-06 01:00:00,,,,,,,1273.0,1273.0,,,0.0,,,0.0
2025-04-06 02:00:00,,,,,,,1273.0,1273.0,,,0.0,,,0.0
2025-04-06 03:00:00,,,,,,,1273.0,1273.0,,,0.0,,,0.0
2025-04-06 04:00:00,,,,,,,1533.0,1533.0,,,0.0,,,0.0
2025-04-06 05:00:00,,,,,,,1273.0,1273.0,,,0.0,,,0.0
2025-04-06 06:00:00,,,,,,,1273.0,1273.0,,,0.0,,,0.0
2025-04-06 07:00:00,,,,,,,1533.0,1533.0,,,0.0,,,0.0
2025-04-06 08:00:00,,,,,,,509.0,509.0,1.1804,0.0,1.0,0.6804,0.0,1.0
2025-04-06 09:00:00,,,,,,,509.0,509.0,,,0.0,,,0.0
2025-04-06 10:00:00,,,,,,,509.0,509.0,,,0.0,,,0.0
2025-04-06 11:00:00,,,,,,,509.0,509.0,,,0.0,,,0.0
2025-04-06 12:00:00,,,,,,,2553.0,2552.0,0.542,0.0,1.0,0.9691,0.0,1.0
2025-04-06 13:00:00,,,,,,,509.0,509.0,,,0.0,,,0.0
2025-04-06 14:00:00,,,,,,,505.0,504.0,0.5618,0.021599999,2.0,1.0116999,0.005800009,2.0
2025-04-06 15:00:00,,,,,,,249.0,248.0,0.3098,0.0412,4.0,1.0372,0.030900002,4.0
2025-04-06 16:00:00,,,,,,,509.0,509.0,0.3084,0.0154,4.0,1.0498999,0.030200005,4.0
2025-04-06 17:00:00,,,,,,,1533.0,1533.0,,,0.0,,,0.0
2025-04-06 18:00:00,,,,,,,1533.0,1533.0,,,0.0,,,0.0
2025-04-06 19:00:00,,,,,,,1273.0,1273.0,,,0.0,,,0.0
2025-04-06 20:00:00,,,,,,,1273.0,1273.0,,,0.0,,,0.0
2025-04-06 21:00:00,,,,,,,1529.0,1529.0,,,0.0,,,0.0
2025-04-06 22:00:00,,,,,,,1533.0,1533.0,,,0.0,,,0.0
2025-04-06 23:00:00,,,,,,,1533.0,1533.0,,,0.0,,,0.0
2025-04-07 00:00:00,,,,,,,1533.0,1533.0,,,0.0,,,0.0
2025-04-07 01:00:00,,,,,,,1529.0,1529.0,,,0.0,,,0.0
2025-04-07 02:00:00,,,,,,,1533.0,1533.0,,,0.0,,,0.0
2025-04-07 03:00:00,,,,,,,1533.0,1533.0,,,0.0,,,0.0
2025-04-07 04:00:00,,,,,,,1533.0,1533.0,,,0.0,,,0.0
2025-04-07 05:00:00,,,,,,,1529.0,1529.0,,,0.0,,,0.0
2025-04-07 06:00:00,,,,,,,1533.0,1533.0,,,0.0,,,0.0
2025-04-07 07:00:00,,,,,,,1533.0,1533.0,,,0.0,,,0.0
2025-04-07 08:00:00,,,,,,,509.0,509.0,1.1273999,0.0642,2.0,0.729,0.044699967,2.0
2025-04-07 09:00:00,,,,,,,2297.0,2296.0,0.36679998,0.045599997,4.0,1.2049999,0.028299987,4.0
2025-04-07 10:00:00,,,,,,,509.0,509.0,0.28939998,0.0154,2.0,1.2545999,0.015299976,2.0
2025-04-07 11:00:00,,,,,,,509.0,509.0,0.0902,0.099,3.0,1.2579,0.045399964,3.0
2025-04-07 12:00:00,,,,,,,509.0,509.0,0.41939998,0.0,1.0,1.2923,0.0,1.0
2025-04-07 13:00:00,,,,,,,505.0,504.0,0.4824,0.0,1.0,1.2515,0.0,1.0
2025-04-07 14:00:00,,,,,,,505.0,504.0,0.4594,0.0592,4.0,1.2386,0.0062000155,4.0
2025-04-07 15:00:00,,,,,,,249.0,248.0,0.36659998,0.021599999,6.0,1.1867,0.06639999,6.0
2025-04-07 16:00:00,,,,,,,509.0,509.0,0.35279998,0.0504,4.0,1.1574,0.1509,4.0
2025-04-07 17:00:00,,,,,,,1533.0,1533.0,0.654,0.024999999,2.0,0.85969996,0.036300004,2.0
2025-04-07 18:00:00,,,,,,,1533.0,1533.0,,,0.0,,,0.0
2025-04-07 19:00:00,,,,,,,1533.0,1533.0,,,0.0,,,0.0
2025-04-07 20:00:00,,,,,,,1533.0,1533.0,,,0.0,,,0.0
2025-04-07 21:00:00,,,,,,,1533.0,1533.0,,,0.0,,,0.0
2025-04-07 22:00:00,,,,,,,1533.0,1533.0,,,0.0,,,0.0
2025-04-07 23:00:00,,,,,,,1533.0,1533.0,,,0.0,,,0.0
2025-04-08 00:00:00,,,,,,,1533.0,1533.0,,,0.0,,,0.0
2025-04-08 01:00:00,,,,,,,1533.0,1533.0,,,0.0,,,0.0
2025-04-08 02:00:00,,,,,,,1533.0,1533.0,,,0.0,,,0.0
2025-04-08 03:00:00,,,,,,,1533.0,1533.0,,,0.0,,,0.0
2025-04-08 04:00:00,,,,,,,1533.0,1533.0,,,0.0,,,0.0
2025-04-08 05:00:00,,,,,,,1533.0,1533.0,,,0.0,,,0.0
2025-04-08 06:00:00,,,,,,,1533.0,1533.0,,,0.0,,,0.0
2025-04-08 07:00:00,,,,,,,1533.0,1533.0,,,0.0,,,0.0
2025-04-08 08:00:00,,,,,,,509.0,509.0,,,0.0,,,0.0
2025-04-08 09:00:00,,,,,,,509.0,509.0,,,0.0,,,0.0
2025-04-08 10:00:00,,,,,,,509.0,509.0,,,0.0,,,0.0
2025-04-08 11:00:00,,,,,,,509.0,509.0,,,0.0,,,0.0
2025-04-08 12:00:00,,,,,,,509.0,509.0,,,0.0,,,0.0
2025-04-08 13:00:00,,,,,,,509.0,509.0,,,0.0,,,0.0
2025-04-08 14:00:00,,,,,,,509.0,509.0,,,0.0,,,0.0
2025-04-08 15:00:00,,,,,,,509.0,509.0,,,0.0,,,0.0
2025-04-08 16:00:00,,,,,,,505.0,504.0,0.7586,0.0,1.0,1.0331,0.0,1.0
2025-04-08 17:00:00,,,,,,,1533.0,1533.0,,,0.0,,,0.0
2025-04-08 18:00:00,,,,,,,1533.0,1533.0,,,0.0,,,0.0
2025-04-08 19:00:00,,,,,,,1533.0,1533.0,,,0.0,,,0.0
2025-04-08 20:00:00,,,,,,,1529.0,1529.0,,,0.0,,,0.0
2025-04-08 21:00:00,,,,,,,1533.0,1533.0,,,0.0,,,0.0
2025-04-08 22:00:00,,,,,,,1529.0,1529.0,,,0.0,,,0.0
2025-04-08 23:00:00,,,,,,,1529.0,1529.0,,,0.0,,,0.0
2025-04-09 00:00:00,,,,,,,1533.0,1533.0,,,0.0,,,0.0
2025-04-09 01:00:00,,,,,,,1533.0,1533.0,,,0.0,,,0.0
2025-04-09 02:00:00,,,,,,,1533.0,1533.0,,,0.0,,,0.0
2025-04-09 03:00:00,,,,,,,1533.0,1533.0,,,0.0,,,0.0
2025-04-09 04:00:00,,,,,,,1529.0,1529.0,,,0.0,,,0.0
2025-04-09 05:00:00,,,,,,,1533.0,1533.0,,,0.0,,,0.0
2025-04-09 06:00:00,,,,,,,1533.0,1533.0,,,0.0,,,0.0
2025-04-09 07:00:00,,,,,,,1533.0,1533.0,,,0.0,,,0.0
2025-04-09 08:00:00,,,,,,,509.0,509.0,1.6078,0.2184,4.0,0.31369996,0.090600014,4.0
2025-04-09 09:00:00,,,,,,,509.0,509.0,0.4386,0.0898,3.0,0.9247,0.015599966,3.0
2025-04-09 10:00:00,,,,,,,505.0,504.0,0.2836,0.090799995,6.0,0.9218999,0.047500014,6.0
2025-04-09 11:00:00,,,,,,,509.0,509.0,0.7094,0.2198,4.0,0.8579999,0.054199994,4.0
2025-04-09 12:00:00,,,,,,,509.0,509.0,0.35959998,0.0632,3.0,0.9312999,0.023899972,3.0
2025-04-09 13:00:00,,,,,,,505.0,504.0,0.4402,0.0458,4.0,0.9577,0.01669997,4.0
2025-04-09 14:00:00,,,,,,,509.0,509.0,0.3414,0.024,4.0,0.9749999,0.004099965,4.0
2025-04-09 15:00:00,,,,,,,2553.0,2552.0,0.01,0.0,1.0,0.9649999,0.0,1.0
2025-04-09 16:00:00,,,,,,,509.0,509.0,0.1688,0.0,1.0,0.9167,0.0,1.0
2025-04-09 17:00:00,,,,,,,1533.0,1533.0,0.0918,0.0254,3.0,0.8865,0.011799991,3.0
2025-04-09 18:00:00,,,,,,,1273.0,1273.0,,,0.0,,,0.0
2025-04-09 19:00:00,,,,,,,1273.0,1273.0,,,0.0,,,0.0
2025-04-09 20:00:00,,,,,,,1273.0,1273.0,,,0.0,,,0.0
2025-04-09 21:00:00,,,,,,,1273.0,1273.0,,,0.0,,,0.0
2025-04-09 22:00:00,,,,,,,1273.0,1273.0,,,0.0,,,0.0
2025-04-09 23:00:00,,,,,,,1273.0,1273.0,,,0.0,,,0.0
2025-04-10 00:00:00,,,,,,,1273.0,1273.0,,,0.0,,,0.0
2025-04-10 01:00:00,,,,,,,1533.0,1533.0,,,0.0,,,0.0
2025-04-10 02:00:00,,,,,,,1273.0,1273.0,,,0.0,,,0.0
2025-04-10 03:00:00,,,,,,,1533.0,1533.0,,,0.0,,,0.0
2025-04-10 04:00:00,,,,,,,1273.0,1273.0,,,0.0,,,0.0
2025-04-10 05:00:00,,,,,,,1529.0,1529.0,,,0.0,,,0.0
2025-04-10 06:00:00,,,,,,,1529.0,1529.0,,,0.0,,,0.0
2025-04-10 07:00:00,,,,,,,1529.0,1529.0,,,0.0,,,0.0
2025-04-10 08:00:00,,,,,,,509.0,509.0,,,0.0,,,0.0
2025-04-10 09:00:00,,,,,,,509.0,509.0,,,0.0,,,0.0
2025-04-10 10:00:00,,,,,,,509.0,509.0,,,0.0,,,0.0
2025-04-10 11:00:00,,,,,,,509.0,509.0,,,0.0,,,0.0
2025-04-10 12:00:00,,,,,,,509.0,509.0,,,0.0,,,0.0
2025-04-10 13:00:00,,,,,,,509.0,509.0,,,0.0,,,0.0
2025-04-10 14:00:00,,,,,,,509.0,509.0,,,0.0,,,0.0
2025-04-10 15:00:00,,,,,,,509.0,509.0,,,0.0,,,0.0
2025-04-10 16:00:00,,,,,,,509.0,509.0,,,0.0,,,0.0
2025-04-10 17:00:00,,,,,,,1533.0,1533.0,,,0.0,,,0.0
2025-04-10 18:00:00,,,,,,,1533.0,1533.0,,,0.0,,,0.0
2025-04-10 19:00:00,,,,,,,1533.0,1533.0,,,0.0,,,0.0
2025-04-10 20:00:00,,,,,,,1533.0,1533.0,,,0.0,,,0.0
2025-04-10 21:00:00,,,,,,,1533.0,1533.0,,,0.0,,,0.0
2025-04-10 22:00:00,,,,,,,1529.0,1529.0,,,0.0,,,0.0
2025-04-10 23:00:00,,,,,,,1529.0,1529.0,,,0.0,,,0.0
2025-04-11 00:00:00,,,,,,,1529.0,1529.0,,,0.0,,,0.0
2025-04-11 01:00:00,,,,,,,1529.0,1529.0,,,0.0,,,0.0
2025-04-11 02:00:00,,,,,,,1533.0,1533.0,,,0.0,,,0.0
2025-04-11 03:00:00,,,,,,,1533.0,1533.0,,,0.0,,,0.0
2025-04-11 04:00:00,,,,,,,1533.0,1533.0,,,0.0,,,0.0
2025-04-11 05:00:00,,,,,,,1529.0,1529.0,,,0.0,,,0.0
2025-04-11 06:00:00,,,,,,,1529.0,1529.0,,,0.0,,,0.0
2025-04-11 07:00:00,,,,,,,1533.0,1533.0,,,0.0,,,0.0
2025-04-11 08:00:00,,,,,,,505.0,504.0,1.3132,0.2746,6.0,0.62259996,0.17469996,6.0
2025-04-11 09:00:00,,,,,,,509.0,509.0,,,0.0,,,0.0
2025-04-11 10:00:00,,,,,,,509.0,509.0,,,0.0,,,0.0
2025-04-11 11:00:00,,,,,,,509.0,509.0,,,0.0,,,0.0
2025-04-11 12:00:00,,,,,,,509.0,509.0,,,0.0,,,0.0
2025-04-11 13:00:00,,,,,,,509.0,509.0,,,0.0,,,0.0
2025-04-11 14:00:00,,,,,,,509.0,509.0,,,0.0,,,0.0
2025-04-11 15:00:00,,,,,,,509.0,509.0,,,0.0,,,0.0
2025-04-11 16:00:00,,,,,,,505.0,505.0,,,0.0,,,0.0
2025-04-11 17:00:00,,,,,,,1533.0,1533.0,,,0.0,,,0.0
2025-04-11 18:00:00,,,,,,,1273.0,1273.0,,,0.0,,,0.0
2025-04-11 19:00:00,,,,,,,1273.0,1273.0,,,0.0,,,0.0
2025-04-11 20:00:00,,,,,,,1273.0,1273.0,,,0.0,,,0.0
2025-04-11 21:00:00,,,,,,,1529.0,1529.0,,,0.0,,,0.0
2025-04-11 22:00:00,,,,,,,1273.0,1273.0,,,0.0,,,0.0
2025-04-11 23:00:00,,,,,,,1273.0,1273.0,,,0.0,,,0.0
2025-04-12 00:00:00,,,,,,,1273.0,1273.0,,,0.0,,,0.0
2025-04-12 01:00:00,,,,,,,1273.0,1273.0,,,0.0,,,0.0
2025-04-12 02:00:00,,,,,,,1273.0,1273.0,,,0.0,,,0.0
2025-04-12 03:00:00,,,,,,,1273.0,1273.0,,,0.0,,,0.0
2025-04-12 04:00:00,,,,,,,1273.0,1273.0,,,0.0,,,0.0
2025-04-12 05:00:00,,,,,,,1273.0,1273.0,,,0.0,,,0.0
2025-04-12 06:00:00,,,,,,,1273.0,1273.0,,,0.0,,,0.0
2025-04-12 07:00:00,,,,,,,1273.0,1273.0,,,0.0,,,0.0
2025-04-12 08:00:00,,,,,,,505.0,504.0,1.0508,0.7636,2.0,0.7085999,0.26929998,2.0
2025-04-12 09:00:00,,,,,,,505.0,504.0,0.7064,0.28939998,2.0,0.7781999,0.19099998,2.0
2025-04-12 10:00:00,,,,,,,509.0,509.0,,,0.0,,,0.0
2025-04-12 11:00:00,,,,,,,509.0,509.0,,,0.0,,,0.0
2025-04-12 12:00:00,,,,,,,509.0,509.0,,,0.0,,,0.0
2025-04-12 13:00:00,,,,,,,509.0,509.0,,,0.0,,,0.0
2025-04-12 14:00:00,,,,,,,509.0,509.0,,,0.0,,,0.0
2025-04-12 15:00:00,,,,,,,509.0,509.0,,,0.0,,,0.0
2025-04-12 16:00:00,,,,,,,509.0,509.0,,,0.0,,,0.0
2025-04-12 17:00:00,,,,,,,1533.0,1533.0,,,0.0,,,0.0
2025-04-12 18:00:00,,,,,,,1273.0,1273.0,,,0.0,,,0.0
2025-04-12 19:00:00,,,,,,,1273.0,1273.0,,,0.0,,,0.0
2025-04-12 20:00:00,,,,,,,1273.0,1273.0,,,0.0,,,0.0
2025-04-12 21:00:00,,,,,,,1273.0,1273.0,,,0.0,,,0.0
2025-04-12 22:00:00,,,,,,,1273.0,1273.0,,,0.0,,,0.0
2025-04-12 23:00:00,,,,,,,1273.0,1273.0,,,0.0,,,0.0
2025-04-13 00:00:00,,,,,,,1533.0,1533.0,,,0.0,,,0.0
2025-04-13 01:00:00,,,,,,,1533.0,1533.0,,,0.0,,,0.0
2025-04-13 02:00:00,,,,,,,1273.0,1273.0,,,0.0,,,0.0
2025-04-13 03:00:00,,,,,,,1273.0,1273.0,,,0.0,,,0.0
2025-04-13 04:00:00,,,,,,,1529.0,1529.0,,,0.0,,,0.0
2025-04-13 05:00:00,,,,,,,1533.0,1533.0,,,0.0,,,0.0
2025-04-13 06:00:00,,,,,,,1533.0,1533.0,,,0.0,,,0.0
2025-04-13 07:00:00,,,,,,,1533.0,1533.0,,,0.0,,,0.0
2025-04-13 08:00:00,,,,,,,505.0,504.0,1.293,0.3394,5.0,0.6422,0.2062,5.0
2025-04-13 09:00:00,,,,,,,509.0,509.0,,,0.0,,,0.0
2025-04-13 10:00:00,,,,,,,505.0,504.0,0.5216,0.0,1.0,1.0446,0.0,1.0
2025-04-13 11:00:00,,,,,,,509.0,509.0,0.3116,0.0278,2.0,1.1406,0.023199975,2.0
2025-04-13 12:00:00,,,,,,,505.0,505.0,,,0.0,,,0.0
2025-04-13 13:00:00,,,,,,,509.0,509.0,,,0.0,,,0.0
2025-04-13 14:00:00,,,,,,,505.0,504.0,0.3856,0.0196,3.0,1.1782999,0.00019997358,3.0
2025-04-13 15:00:00,,,,,,,249.0,248.0,0.31759998,0.0138,6.0,1.1649,0.0072999597,6.0
2025-04-13 16:00:00,0.2796,0.2914,0.4075,0.4073,-0.2227,,0.0,192.0,0.3446,0.0316,6.0,1.1581999,0.022099972,6.0
2025-04-13 17:00:00,0.2244,,,,,,1477.0,1533.0,0.25259998,0.0316,3.0,1.1746999,0.00819999,3.0
2025-04-13 18:00:00,,,,,,,1529.0,1529.0,,,0.0,,,0.0
2025-04-13 19:00:00,,,,,,,1529.0,1529.0,,,0.0,,,0.0
2025-04-13 20:00:00,,,,,,,1273.0,1273.0,,,0.0,,,0.0
2025-04-13 21:00:00,,,,,,,1273.0,1273.0,,,0.0,,,0.0
2025-04-13 22:00:00,,,,,,,1273.0,1273.0,,,0.0,,,0.0
2025-04-13 23:00:00,,,,,,,1273.0,1273.0,,,0.0,,,0.0
2025-04-14 00:00:00,,,,,,,1273.0,1273.0,,,0.0,,,0.0
2025-04-14 01:00:00,,,,,,,1273.0,1273.0,,,0.0,,,0.0
2025-04-14 02:00:00,,,,,,,1273.0,1273.0,,,0.0,,,0.0
2025-04-14 03:00:00,,,,,,,1273.0,1273.0,,,0.0,,,0.0
2025-04-14 04:00:00,,,,,,,1273.0,1273.0,,,0.0,,,0.0
2025-04-14 05:00:00,,,,,,,1273.0,1273.0,,,0.0,,,0.0
2025-04-14 06:00:00,,,,,,,1273.0,1273.0,,,0.0,,,0.0
2025-04-14 07:00:00,,,,,,,1533.0,1533.0,,,0.0,,,0.0
2025-04-14 08:00:00,,,,,,,2553.0,2552.0,0.6156,0.42819998,2.0,0.6817,0.19059998,2.0
2025-04-14 09:00:00,,,,,,,505.0,504.0,0.1848,0.13239999,4.0,0.8175,0.037400007,4.0
2025-04-14 10:00:00,,,,,,,509.0,509.0,,,0.0,,,0.0
2025-04-14 11:00:00,,,,,,,505.0,504.0,0.1874,0.15079999,5.0,0.8032,0.051800013,5.0
2025-04-14 12:00:00,,,,,,,509.0,509.0,0.2924,0.0,1.0,0.7781,0.0,1.0
2025-04-14 13:00:00,,,,,,,509.0,509.0,,,0.0,,,0.0
2025-04-14 14:00:00,,,,,,,509.0,509.0,,,0.0,,,0.0
2025-04-14 15:00:00,,,,,,,509.0,509.0,,,0.0,,,0.0
2025-04-14 16:00:00,,,,,,,509.0,509.0,,,0.0,,,0.0
2025-04-14 17:00:00,,,,,,,1533.0,1533.0,,,0.0,,,0.0
2025-04-14 18:00:00,,,,,,,1533.0,1533.0,,,0.0,,,0.0
2025-04-14 19:00:00,,,,,,,1533.0,1533.0,,,0.0,,,0.0
2025-04-14 20:00:00,,,,,,,1533.0,1533.0,,,0.0,,,0.0
2025-04-14 21:00:00,,,,,,,1533.0,1533.0,,,0.0,,,0.0
2025-04-14 22:00:00,,,,,,,1533.0,1533.0,,,0.0,,,0.0
2025-04-14 23:00:00,,,,,,,1533.0,1533.0,,,0.0,,,0.0
2025-04-15 00:00:00,,,,,,,1529.0,1529.0,,,0.0,,,0.0
2025-04-15 01:00:00,,,,,,,1533.0,1533.0,,,0.0,,,0.0
2025-04-15 02:00:00,,,,,,,1529.0,1529.0,,,0.0,,,0.0
2025-04-15 03:00:00,,,,,,,1533.0,1533.0,,,0.0,,,0.0
2025-04-15 04:00:00,,,,,,,1529.0,1529.0,,,0.0,,,0.0
2025-04-15 05:00:00,,,,,,,1533.0,1533.0,,,0.0,,,0.0
2025-04-15 06:00:00,,,,,,,1533.0,1533.0,,,0.0,,,0.0
2025-04-15 07:00:00,,,,,,,1533.0,1533.0,,,0.0,,,0.0
2025-04-15 08:00:00,,,,,,,509.0,509.0,,,0.0,,,0.0
2025-04-15 09:00:00,,,,,,,509.0,509.0,,,0.0,,,0.0
2025-04-15 10:00:00,,,,,,,509.0,509.0,0.7252,0.0,2.0,0.7077999,0.0,2.0
2025-04-15 11:00:00,,,,,,,509.0,509.0,,,0.0,,,0.0
2025-04-15 12:00:00,,,,,,,509.0,509.0,,,0.0,,,0.0
2025-04-15 13:00:00,,,,,,,509.0,509.0,,,0.0,,,0.0
2025-04-15 14:00:00,,,,,,,509.0,509.0,,,0.0,,,0.0
2025-04-15 15:00:00,,,,,,,509.0,509.0,,,0.0,,,0.0
2025-04-15 16:00:00,,,,,,,509.0,509.0,0.0774,0.0,1.0,0.8959,0.0,1.0
2025-04-15 17:00:00,,,,,,,1533.0,1533.0,,,0.0,,,0.0
2025-04-15 18:00:00,,,,,,,1533.0,1533.0,,,0.0,,,0.0
2025-04-15 19:00:00,,,,,,,1533.0,1533.0,,,0.0,,,0.0
2025-04-15 20:00:00,,,,,,,1529.0,1529.0,,,0.0,,,0.0
2025-04-15 21:00:00,,,,,,,1533.0,1533.0,,,0.0,,,0.0
2025-04-15 22:00:00,,,,,,,1273.0,1273.0,,,0.0,,,0.0
2025-04-15 23:00:00,,,,,,,1273.0,1273.0,,,0.0,,,0.0
2025-04-16 00:00:00,,,,,,,1273.0,1273.0,,,0.0,,,0.0
2025-04-16 01:00:00,,,,,,,1273.0,1273.0,,,0.0,,,0.0
2025-04-16 02:00:00,,,,,,,1273.0,1273.0,,,0.0,,,0.0
2025-04-16 03:00:00,,,,,,,1529.0,1529.0,,,0.0,,,0.0
2025-04-16 04:00:00,,,,,,,1529.0,1529.0,,,0.0,,,0.0
2025-04-16 05:00:00,,,,,,,1529.0,1529.0,,,0.0,,,0.0
2025-04-16 06:00:00,,,,,,,1533.0,1533.0,,,0.0,,,0.0
2025-04-16 07:00:00,,,,,,,1533.0,1533.0,,,0.0,,,0.0
2025-04-16 08:00:00,,,,,,,509.0,509.0,1.3787999,0.0648,2.0,0.034200013,0.050799966,2.0
2025-04-16 09:00:00,,,,,,,509.0,509.0,0.6602,0.0,1.0,0.7803,0.0,1.0
2025-04-16 10:00:00,,,,,,,509.0,509.0,,,0.0,,,0.0
2025-04-16 11:00:00,,,,,,,505.0,505.0,0.8276,0.0,1.0,0.6632,0.0,1.0
2025-04-16 12:00:00,,,,,,,2553.0,2552.0,0.569,0.0,1.0,0.9793,0.0,1.0
2025-04-16 13:00:00,,,,,,,509.0,509.0,,,0.0,,,0.0
2025-04-16 14:00:00,,,,,,,509.0,509.0,,,0.0,,,0.0
2025-04-16 15:00:00,,,,,,,509.0,509.0,,,0.0,,,0.0
2025-04-16 16:00:00,,,,,,,509.0,509.0,,,0.0,,,0.0
2025-04-16 17:00:00,,,,,,,1533.0,1533.0,,,0.0,,,0.0
2025-04-16 18:00:00,,,,,,,1533.0,1533.0,,,0.0,,,0.0
2025-04-16 19:00:00,,,,,,,1533.0,1533.0,,,0.0,,,0.0
2025-04-16 20:00:00,,,,,,,1533.0,1533.0,,,0.0,,,0.0
2025-04-16 21:00:00,,,,,,,1533.0,1533.0,,,0.0,,,0.0
2025-04-16 22:00:00,,,,,,,1529.0,1529.0,,,0.0,,,0.0
2025-04-16 23:00:00,,,,,,,1533.0,1533.0,,,0.0,,,0.0
2025-04-17 00:00:00,,,,,,,1533.0,1533.0,,,0.0,,,0.0
2025-04-17 01:00:00,,,,,,,1533.0,1533.0,,,0.0,,,0.0
2025-04-17 02:00:00,,,,,,,1533.0,1533.0,,,0.0,,,0.0
2025-04-17 03:00:00,,,,,,,1533.0,1533.0,,,0.0,,,0.0
2025-04-17 04:00:00,,,,,,,1529.0,1529.0,,,0.0,,,0.0
2025-04-17 05:00:00,,,,,,,1529.0,1529.0,,,0.0,,,0.0
2025-04-17 06:00:00,,,,,,,1529.0,1529.0,,,0.0,,,0.0
2025-04-17 07:00:00,,,,,,,1533.0,1533.0,,,0.0,,,0.0
2025-04-17 08:00:00,,,,,,,509.0,509.0,,,0.0,,,0.0
2025-04-17 09:00:00,,,,,,,509.0,509.0,,,0.0,,,0.0
2025-04-17 10:00:00,,,,,,,505.0,504.0,1.5788,0.0,1.0,0.4396,0.0,1.0
2025-04-17 11:00:00,,,,,,,509.0,509.0,,,0.0,,,0.0
2025-04-17 12:00:00,,,,,,,509.0,509.0,,,0.0,,,0.0
2025-04-17 13:00:00,,,,,,,505.0,505.0,,,0.0,,,0.0
2025-04-17 14:00:00,,,,,,,509.0,509.0,,,0.0,,,0.0
2025-04-17 15:00:00,,,,,,,509.0,509.0,,,0.0,,,0.0
2025-04-17 16:00:00,,,,,,,509.0,509.0,,,0.0,,,0.0
2025-04-17 17:00:00,,,,,,,1533.0,1533.0,,,0.0,,,0.0
2025-04-17 18:00:00,,,,,,,1529.0,1529.0,,,0.0,,,0.0
2025-04-17 19:00:00,,,,,,,1273.0,1273.0,,,0.0,,,0.0
2025-04-17 20:00:00,,,,,,,1529.0,1529.0,,,0.0,,,0.0
2025-04-17 21:00:00,,,,,,,1273.0,1273.0,,,0.0,,,0.0
2025-04-17 22:00:00,,,,,,,1533.0,1533.0,,,0.0,,,0.0
2025-04-17 23:00:00,,,,,,,1529.0,1529.0,,,0.0,,,0.0
2025-04-18 00:00:00,,,,,,,1529.0,1529.0,,,0.0,,,0.0
2025-04-18 01:00:00,,,,,,,1529.0,1529.0,,,0.0,,,0.0
2025-04-18 02:00:00,,,,,,,1533.0,1533.0,,,0.0,,,0.0
2025-04-18 03:00:00,,,,,,,1529.0,1529.0,,,0.0,,,0.0
2025-04-18 04:00:00,,,,,,,1533.0,1533.0,,,0.0,,,0.0
2025-04-18 05:00:00,,,,,,,1533.0,1533.0,,,0.0,,,0.0
2025-04-18 06:00:00,,,,,,,1529.0,1529.0,,,0.0,,,0.0
2025-04-18 07:00:00,,,,,,,1533.0,1533.0,,,0.0,,,0.0
2025-04-18 08:00:00,,,,,,,509.0,509.0,1.2648,0.18259999,2.0,0.5978999,0.13119996,2.0
2025-04-18 09:00:00,,,,,,,509.0,509.0,,,0.0,,,0.0
2025-04-18 10:00:00,,,,,,,509.0,509.0,0.847,0.0,1.0,0.7939,0.0,1.0
2025-04-18 11:00:00,,,,,,,509.0,509.0,,,0.0,,,0.0
2025-04-18 12:00:00,,,,,,,509.0,509.0,,,0.0,,,0.0
2025-04-18 13:00:00,,,,,,,509.0,509.0,,,0.0,,,0.0
2025-04-18 14:00:00,,,,,,,509.0,509.0,,,0.0,,,0.0
2025-04-18 15:00:00,,,,,,,509.0,509.0,,,0.0,,,0.0
2025-04-18 16:00:00,,,,,,,509.0,509.0,,,0.0,,,0.0
2025-04-18 17:00:00,,,,,,,1533.0,1533.0,,,0.0,,,0.0
2025-04-18 18:00:00,,,,,,,1273.0,1273.0,,,0.0,,,0.0
2025-04-18 19:00:00,,,,,,,1529.0,1529.0,,,0.0,,,0.0
2025-04-18 20:00:00,,,,,,,1273.0,1273.0,,,0.0,,,0.0
2025-04-18 21:00:00,,,,,,,1273.0,1273.0,,,0.0,,,0.0
2025-04-18 22:00:00,,,,,,,1273.0,1273.0,,,0.0,,,0.0
2025-04-18 23:00:00,,,,,,,1529.0,1529.0,,,0.0,,,0.0
2025-04-19 00:00:00,,,,,,,1533.0,1533.0,,,0.0,,,0.0
2025-04-19 01:00:00,,,,,,,1529.0,1529.0,,,0.0,,,0.0
2025-04-19 02:00:00,,,,,,,1529.0,1529.0,,,0.0,,,0.0
2025-04-19 03:00:00,,,,,,,1273.0,1273.0,,,0.0,,,0.0
2025-04-19 04:00:00,,,,,,,1529.0,1529.0,,,0.0,,,0.0
2025-04-19 05:00:00,,,,,,,1273.0,1273.0,,,0.0,,,0.0
2025-04-19 06:00:00,,,,,,,1273.0,1273.0,,,0.0,,,0.0
2025-04-19 07:00:00,,,,,,,1529.0,1529.0,,,0.0,,,0.0
2025-04-19 08:00:00,0.38799998,,,,,,193.0,248.0,1.2392,0.4976,5.0,0.5266,0.26209998,5.0
2025-04-19 09:00:00,,,,,,,509.0,509.0,0.493,0.17,3.0,0.99529994,0.041799963,3.0
2025-04-19 10:00:00,,,,,,,509.0,509.0,1.2226,0.0,1.0,0.6043,0.0,1.0
2025-04-19 11:00:00,,,,,,,509.0,509.0,,,0.0,,,0.0
2025-04-19 12:00:00,,,,,,,509.0,509.0,,,0.0,,,0.0
2025-04-19 13:00:00,,,,,,,509.0,509.0,,,0.0,,,0.0
2025-04-19 14:00:00,,,,,,,509.0,509.0,,,0.0,,,0.0
2025-04-19 15:00:00,,,,,,,505.0,504.0,1.1514,0.5682,4.0,0.6572,0.20569998,4.0
2025-04-19 16:00:00,,0.0008,,0.675,,,2296.0,2240.0,0.1116,0.0526,6.0,1.0263,0.026799977,6.0
2025-04-19 17:00:00,0.1392,,,,,,1477.0,1533.0,0.04,0.025999999,3.0,1.0963999,0.00059998035,3.0
2025-04-19 18:00:00,,,,,,,1273.0,1273.0,,,0.0,,,0.0
2025-04-19 19:00:00,,,,,,,1273.0,1273.0,,,0.0,,,0.0
2025-04-19 20:00:00,,,,,,,1273.0,1273.0,,,0.0,,,0.0
2025-04-19 21:00:00,,,,,,,1273.0,1273.0,,,0.0,,,0.0
2025-04-19 22:00:00,,,,,,,1273.0,1273.0,,,0.0,,,0.0
2025-04-19 23:00:00,,,,,,,1273.0,1273.0,,,0.0,,,0.0
2025-04-20 00:00:00,,,,,,,1273.0,1273.0,,,0.0,,,0.0
2025-04-20 01:00:00,,,,,,,1533.0,1533.0,,,0.0,,,0.0
2025-04-20 02:00:00,,,,,,,1529.0,1529.0,,,0.0,,,0.0
2025-04-20 03:00:00,,,,,,,1273.0,1273.0,,,0.0,,,0.0
2025-04-20 04:00:00,,,,,,,1273.0,1273.0,,,0.0,,,0.0
2025-04-20 05:00:00,,,,,,,1273.0,1273.0,,,0.0,,,0.0
2025-04-20 06:00:00,,,,,,,1273.0,1273.0,,,0.0,,,0.0
2025-04-20 07:00:00,,,,,,,1273.0,1273.0,,,0.0,,,0.0
2025-04-20 08:00:00,,,,,,,509.0,509.0,1.4152,0.1366,3.0,0.4167,0.0801,3.0
2025-04-20 09:00:00,,,,,,,509.0,509.0,,,0.0,,,0.0
2025-04-20 10:00:00,,,,,,,505.0,504.0,0.0942,0.0,1.0,1.0044,0.0,1.0
2025-04-20 11:00:00,,,,,,,509.0,509.0,0.0354,0.036199998,3.0,1.0309,0.01789999,2.0
2025-04-20 12:00:00,,,,,,,505.0,505.0,0.0026,0.0,1.0,1.0648999,0.0,1.0
2025-04-20 13:00:00,,,,,,,505.0,505.0,,,0.0,,,0.0
2025-04-20 14:00:00,,,,,,,505.0,505.0,,,0.0,,,0.0
2025-04-20 15:00:00,,,,,,,505.0,505.0,,,0.0,,,0.0
2025-04-20 16:00:00,,,,,,,249.0,249.0,,,0.0,,,0.0
2025-04-20 17:00:00,,,,,,,1273.0,1273.0,,,0.0,,,0.0
2025-04-20 18:00:00,,,,,,,1273.0,1273.0,,,0.0,,,0.0
2025-04-20 19:00:00,,,,,,,1273.0,1273.0,,,0.0,,,0.0
2025-04-20 20:00:00,,,,,,,1273.0,1273.0,,,0.0,,,0.0
2025-04-20 21:00:00,,,,,,,1273.0,1273.0,,,0.0,,,0.0
2025-04-20 22:00:00,,,,,,,1273.0,1273.0,,,0.0,,,0.0
2025-04-20 23:00:00,,,,,,,1273.0,1273.0,,,0.0,,,0.0
2025-04-21 00:00:00,,,,,,,1273.0,1273.0,,,0.0,,,0.0
2025-04-21 01:00:00,,,,,,,1273.0,1273.0,,,0.0,,,0.0
2025-04-21 02:00:00,,,,,,,1273.0,1273.0,,,0.0,,,0.0
2025-04-21 03:00:00,,,,,,,1273.0,1273.0,,,0.0,,,0.0
2025-04-21 04:00:00,,,,,,,1273.0,1273.0,,,0.0,,,0.0
2025-04-21 05:00:00,,,,,,,1273.0,1273.0,,,0.0,,,0.0
2025-04-21 06:00:00,,,,,,,1273.0,1273.0,,,0.0,,,0.0
2025-04-21 07:00:00,,,,,,,1533.0,1533.0,,,0.0,,,0.0
2025-04-21 08:00:00,,,,,,,509.0,509.0,1.6056,0.0,1.0,0.2173,0.0,1.0
2025-04-21 09:00:00,,,,,,,509.0,509.0,,,0.0,,,0.0
2025-04-21 10:00:00,,,,,,,509.0,509.0,,,0.0,,,0.0
2025-04-21 11:00:00,,,,,,,505.0,504.0,0.4524,0.0,2.0,0.9165,0.0,2.0
2025-04-21 12:00:00,,,,,,,509.0,509.0,0.4524,0.0,4.0,0.9165,0.0,4.0
2025-04-21 13:00:00,,,,,,,509.0,509.0,,,0.0,,,0.0
2025-04-21 14:00:00,,,,,,,509.0,509.0,,,0.0,,,0.0
2025-04-21 15:00:00,,,,,,,505.0,504.0,0.1428,0.0,1.0,1.0257,0.0,1.0
2025-04-21 16:00:00,,,,,,,2297.0,2296.0,0.115399994,0.046,6.0,1.0038999,0.023999989,6.0
2025-04-21 17:00:00,,,,,,,1533.0,1533.0,0.02,0.016999999,3.0,1.0356,0.0019999743,3.0
2025-04-21 18:00:00,,,,,,,1533.0,1533.0,,,0.0,,,0.0
2025-04-21 19:00:00,,,,,,,1529.0,1529.0,,,0.0,,,0.0
2025-04-21 20:00:00,,,,,,,1273.0,1273.0,,,0.0,,,0.0
2025-04-21 21:00:00,,,,,,,1529.0,1529.0,,,0.0,,,0.0
2025-04-21 22:00:00,,,,,,,1529.0,1529.0,,,0.0,,,0.0
2025-04-21 23:00:00,,,,,,,1533.0,1533.0,,,0.0,,,0.0
2025-04-22 00:00:00,,,,,,,1533.0,1533.0,,,0.0,,,0.0
2025-04-22 01:00:00,,,,,,,1533.0,1533.0,,,0.0,,,0.0
2025-04-22 02:00:00,,,,,,,1533.0,1533.0,,,0.0,,,0.0
2025-04-22 03:00:00,,,,,,,1273.0,1273.0,,,0.0,,,0.0
2025-04-22 04:00:00,,,,,,,1273.0,1273.0,,,0.0,,,0.0
2025-04-22 05:00:00,,,,,,,1273.0,1273.0,,,0.0,,,0.0
2025-04-22 06:00:00,,,,,,,1533.0,1533.0,,,0.0,,,0.0
2025-04-22 07:00:00,,,,,,,1533.0,1533.0,,,0.0,,,0.0
2025-04-22 08:00:00,,,,,,,505.0,505.0,,,0.0,,,0.0
2025-04-22 09:00:00,,,,,,,509.0,509.0,,,0.0,,,0.0
2025-04-22 10:00:00,,,,,,,509.0,509.0,,,0.0,,,0.0
2025-04-22 11:00:00,,,,,,,509.0,509.0,,,0.0,,,0.0
2025-04-22 12:00:00,,,,,,,509.0,509.0,,,0.0,,,0.0
2025-04-22 13:00:00,,,,,,,509.0,509.0,,,0.0,,,0.0
2025-04-22 14:00:00,,,,,,,509.0,509.0,,,0.0,,,0.0
2025-04-22 15:00:00,,,,,,,509.0,509.0,,,0.0,,,0.0
2025-04-22 16:00:00,,,,,,,509.0,509.0,,,0.0,,,0.0
2025-04-22 17:00:00,,,,,,,1533.0,1533.0,,,0.0,,,0.0
2025-04-22 18:00:00,,,,,,,1533.0,1533.0,,,0.0,,,0.0
2025-04-22 19:00:00,,,,,,,1529.0,1529.0,,,0.0,,,0.0
2025-04-22 20:00:00,,,,,,,1529.0,1529.0,,,0.0,,,0.0
2025-04-22 21:00:00,,,,,,,1533.0,1533.0,,,0.0,,,0.0
2025-04-22 22:00:00,,,,,,,1533.0,1533.0,,,0.0,,,0.0
2025-04-22 23:00:00,,,,,,,1533.0,1533.0,,,0.0,,,0.0
2025-04-23 00:00:00,,,,,,,1529.0,1529.0,,,0.0,,,0.0
2025-04-23 01:00:00,,,,,,,1533.0,1533.0,,,0.0,,,0.0
2025-04-23 02:00:00,,,,,,,1529.0,1529.0,,,0.0,,,0.0
2025-04-23 03:00:00,,,,,,,1533.0,1533.0,,,0.0,,,0.0
2025-04-23 04:00:00,,,,,,,1533.0,1533.0,,,0.0,,,0.0
2025-04-23 05:00:00,,,,,,,1273.0,1273.0,,,0.0,,,0.0
2025-04-23 06:00:00,,,,,,,1529.0,1529.0,,,0.0,,,0.0
2025-04-23 07:00:00,,,,,,,1273.0,1273.0,,,0.0,,,0.0
2025-04-23 08:00:00,,,,,,,509.0,509.0,1.1732,0.0,1.0,0.18110001,0.0,1.0
2025-04-23 09:00:00,,,,,,,509.0,509.0,,,0.0,,,0.0
2025-04-23 10:00:00,,,,,,,509.0,509.0,,,0.0,,,0.0
2025-04-23 11:00:00,,,,,,,509.0,509.0,,,0.0,,,0.0
2025-04-23 12:00:00,,,,,,,509.0,509.0,,,0.0,,,0.0
2025-04-23 13:00:00,,,,,,,509.0,509.0,,,0.0,,,0.0
2025-04-23 14:00:00,,,,,,,509.0,509.0,,,0.0,,,0.0
2025-04-23 15:00:00,,,,,,,509.0,509.0,,,0.0,,,0.0
2025-04-23 16:00:00,,,,,,,509.0,509.0,,,0.0,,,0.0
2025-04-23 17:00:00,,,,,,,1533.0,1533.0,0.0788,0.020399999,2.0,1.0712999,0.0038999915,2.0
2025-04-23 18:00:00,,,,,,,1533.0,1533.0,,,0.0,,,0.0
2025-04-23 19:00:00,,,,,,,1533.0,1533.0,,,0.0,,,0.0
2025-04-23 20:00:00,,,,,,,1533.0,1533.0,,,0.0,,,0.0
2025-04-23 21:00:00,,,,,,,1533.0,1533.0,,,0.0,,,0.0
2025-04-23 22:00:00,,,,,,,1533.0,1533.0,,,0.0,,,0.0
2025-04-23 23:00:00,,,,,,,1533.0,1533.0,,,0.0,,,0.0
2025-04-24 00:00:00,,,,,,,1273.0,1273.0,,,0.0,,,0.0
2025-04-24 01:00:00,,,,,,,1529.0,1529.0,,,0.0,,,0.0
2025-04-24 02:00:00,,,,,,,1273.0,1273.0,,,0.0,,,0.0
2025-04-24 03:00:00,,,,,,,1273.0,1273.0,,,0.0,,,0.0
2025-04-24 04:00:00,,,,,,,1273.0,1273.0,,,0.0,,,0.0
2025-04-24 05:00:00,,,,,,,1529.0,1529.0,,,0.0,,,0.0
2025-04-24 06:00:00,,,,,,,1533.0,1533.0,,,0.0,,,0.0
2025-04-24 07:00:00,,,,,,,1529.0,1529.0,,,0.0,,,0.0
2025-04-24 08:00:00,,,,,,,2297.0,2296.0,0.6058,0.5234,2.0,0.6344,0.2953,2.0
2025-04-24 09:00:00,,,,,,,509.0,509.0,0.1994,0.16939999,3.0,0.9046999,0.048999965,3.0
2025-04-24 10:00:00,,,,,,,509.0,509.0,,,0.0,,,0.0
2025-04-24 11:00:00,,,,,,,509.0,509.0,0.5118,0.0,1.0,0.8485999,0.0,1.0
2025-04-24 12:00:00,,,,,,,509.0,509.0,,,0.0,,,0.0
2025-04-24 13:00:00,,,,,,,509.0,509.0,,,0.0,,,0.0
2025-04-24 14:00:00,,,,,,,509.0,509.0,,,0.0,,,0.0
2025-04-24 15:00:00,,,,,,,509.0,509.0,,,0.0,,,0.0
2025-04-24 16:00:00,,,,,,,509.0,509.0,,,0.0,,,0.0
2025-04-24 17:00:00,,,,,,,1533.0,1533.0,,,0.0,,,0.0
2025-04-24 18:00:00,,,,,,,1533.0,1533.0,,,0.0,,,0.0
2025-04-24 19:00:00,,,,,,,1533.0,1533.0,,,0.0,,,0.0
2025-04-24 20:00:00,,,,,,,1529.0,1529.0,,,0.0,,,0.0
2025-04-24 21:00:00,,,,,,,1533.0,1533.0,,,0.0,,,0.0
2025-04-24 22:00:00,,,,,,,1533.0,1533.0,,,0.0,,,0.0
2025-04-24 23:00:00,,,,,,,1529.0,1529.0,,,0.0,,,0.0
2025-04-25 00:00:00,,,,,,,1533.0,1533.0,,,0.0,,,0.0
2025-04-25 01:00:00,,,,,,,1533.0,1533.0,,,0.0,,,0.0
2025-04-25 02:00:00,,,,,,,1273.0,1273.0,,,0.0,,,0.0
2025-04-25 03:00:00,,,,,,,1533.0,1533.0,,,0.0,,,0.0
2025-04-25 04:00:00,,,,,,,1273.0,1273.0,,,0.0,,,0.0
2025-04-25 05:00:00,,,,,,,1273.0,1273.0,,,0.0,,,0.0
2025-04-25 06:00:00,,,,,,,1533.0,1533.0,,,0.0,,,0.0
2025-04-25 07:00:00,,,,,,,1273.0,1273.0,,,0.0,,,0.0
2025-04-25 08:00:00,,,,,,,2297.0,2296.0,0.0082,0.0,1.0,1.0769,0.0,1.0
2025-04-25 09:00:00,,,,,,,509.0,509.0,0.3242,0.0266,3.0,1.0562999,0.0052999854,3.0
2025-04-25 10:00:00,,,,,,,509.0,509.0,,,0.0,,,0.0
2025-04-25 11:00:00,,,,,,,509.0,509.0,,,0.0,,,0.0
2025-04-25 12:00:00,,,,,,,509.0,509.0,,,0.0,,,0.0
2025-04-25 13:00:00,,,,,,,509.0,509.0,,,0.0,,,0.0
2025-04-25 14:00:00,,,,,,,509.0,509.0,,,0.0,,,0.0
2025-04-25 15:00:00,,,,,,,2553.0,2552.0,0.2976,0.0,1.0,1.1624,0.0,1.0
2025-04-25 16:00:00,,,,,,,509.0,509.0,,,0.0,,,0.0
2025-04-25 17:00:00,,,,,,,1533.0,1533.0,,,0.0,,,0.0
2025-04-25 18:00:00,,,,,,,1533.0,1533.0,,,0.0,,,0.0
2025-04-25 19:00:00,,,,,,,1273.0,1273.0,,,0.0,,,0.0
2025-04-25 20:00:00,,,,,,,1273.0,1273.0,,,0.0,,,0.0
2025-04-25 21:00:00,,,,,,,1273.0,1273.0,,,0.0,,,0.0
2025-04-25 22:00:00,,,,,,,1273.0,1273.0,,,0.0,,,0.0
2025-04-25 23:00:00,,,,,,,1529.0,1529.0,,,0.0,,,0.0
2025-04-26 00:00:00,,,,,,,1533.0,1533.0,,,0.0,,,0.0
2025-04-26 01:00:00,,,,,,,1533.0,1533.0,,,0.0,,,0.0
2025-04-26 02:00:00,,,,,,,1529.0,1529.0,,,0.0,,,0.0
2025-04-26 03:00:00,,,,,,,1529.0,1529.0,,,0.0,,,0.0
2025-04-26 04:00:00,,,,,,,1273.0,1273.0,,,0.0,,,0.0
2025-04-26 05:00:00,,,,,,,1533.0,1533.0,,,0.0,,,0.0
2025-04-26 06:00:00,,,,,,,1533.0,1533.0,,,0.0,,,0.0
2025-04-26 07:00:00,,,,,,,1273.0,1273.0,,,0.0,,,0.0
2025-04-26 08:00:00,,,,,,,509.0,509.0,1.9496,0.0,1.0,0.35909998,0.0,1.0
2025-04-26 09:00:00,,,,,,,509.0,509.0,,,0.0,,,0.0
2025-04-26 10:00:00,,,,,,,509.0,509.0,,,0.0,,,0.0
2025-04-26 11:00:00,,,,,,,509.0,509.0,,,0.0,,,0.0
2025-04-26 12:00:00,,,,,,,509.0,509.0,,,0.0,,,0.0
2025-04-26 13:00:00,,,,,,,509.0,509.0,,,0.0,,,0.0
2025-04-26 14:00:00,,,,,,,509.0,509.0,,,0.0,,,0.0
2025-04-26 15:00:00,,,,,,,505.0,505.0,,,0.0,,,0.0
2025-04-26 16:00:00,,,,,,,509.0,509.0,,,0.0,,,0.0
2025-04-26 17:00:00,,,,,,,1533.0,1533.0,,,0.0,,,0.0
2025-04-26 18:00:00,,,,,,,1533.0,1533.0,,,0.0,,,0.0
2025-04-26 19:00:00,,,,,,,1533.0,1533.0,,,0.0,,,0.0
2025-04-26 20:00:00,,,,,,,1533.0,1533.0,,,0.0,,,0.0
2025-04-26 21:00:00,,,,,,,1533.0,1533.0,,,0.0,,,0.0
2025-04-26 22:00:00,,,,,,,1533.0,1533.0,,,0.0,,,0.0
2025-04-26 23:00:00,,,,,,,1529.0,1529.0,,,0.0,,,0.0
2025-04-27 00:00:00,,,,,,,1533.0,1533.0,,,0.0,,,0.0
2025-04-27 01:00:00,,,,,,,1529.0,1529.0,,,0.0,,,0.0
2025-04-27 02:00:00,,,,,,,1529.0,1529.0,,,0.0,,,0.0
2025-04-27 03:00:00,,,,,,,1533.0,1533.0,,,0.0,,,0.0
2025-04-27 04:00:00,,,,,,,1529.0,1529.0,,,0.0,,,0.0
2025-04-27 05:00:00,,,,,,,1273.0,1273.0,,,0.0,,,0.0
2025-04-27 06:00:00,,,,,,,1533.0,1533.0,,,0.0,,,0.0
2025-04-27 07:00:00,,,,,,,1529.0,1529.0,,,0.0,,,0.0
2025-04-27 08:00:00,,,,,,,505.0,504.0,1.0954,0.49339998,4.0,0.5955,0.29029995,4.0
2025-04-27 09:00:00,,,,,,,509.0,509.0,0.2814,0.059,2.0,1.0970999,0.014199972,2.0
2025-04-27 10:00:00,,,,,,,505.0,504.0,0.4208,0.0,1.0,1.0231,0.0,1.0
2025-04-27 11:00:00,,,,,,,505.0,504.0,0.1892,0.0502,2.0,1.1406,0.004700005,2.0
2025-04-27 12:00:00,,,,,,,509.0,509.0,0.3798,0.0132,2.0,1.1614,0.00040000677,2.0
2025-04-27 13:00:00,,,,,,,509.0,509.0,0.5402,0.0,1.0,1.1602,0.0,1.0
2025-04-27 14:00:00,,,,,,,509.0,509.0,0.2956,0.010799999,2.0,1.1623,0.0036999583,2.0
2025-04-27 15:00:00,,,,,,,509.0,509.0,1.5272,0.0,1.0,0.3549,0.0,1.0
2025-04-27 16:00:00,,,,,,,509.0,509.0,,,0.0,,,0.0
2025-04-27 17:00:00,,,,,,,1533.0,1533.0,0.8764,0.0,1.0,0.7027,0.0,1.0
2025-04-27 18:00:00,,,,,,,1529.0,1529.0,,,0.0,,,0.0
2025-04-27 19:00:00,,,,,,,1533.0,1533.0,,,0.0,,,0.0
2025-04-27 20:00:00,,,,,,,1273.0,1273.0,,,0.0,,,0.0
2025-04-27 21:00:00,,,,,,,1273.0,1273.0,,,0.0,,,0.0
2025-04-27 22:00:00,,,,,,,1273.0,1273.0,,,0.0,,,0.0
2025-04-27 23:00:00,,,,,,,1273.0,1273.0,,,0.0,,,0.0
2025-04-28 00:00:00,,,,,,,1273.0,1273.0,,,0.0,,,0.0
2025-04-28 01:00:00,,,,,,,1529.0,1529.0,,,0.0,,,0.0
2025-04-28 02:00:00,,,,,,,1533.0,1533.0,,,0.0,,,0.0
2025-04-28 03:00:00,,,,,,,1533.0,1533.0,,,0.0,,,0.0
2025-04-28 04:00:00,,,,,,,1273.0,1273.0,,,0.0,,,0.0
2025-04-28 05:00:00,,,,,,,1529.0,1529.0,,,0.0,,,0.0
2025-04-28 06:00:00,,,,,,,1533.0,1533.0,,,0.0,,,0.0
2025-04-28 07:00:00,,,,,,,1533.0,1533.0,,,0.0,,,0.0
2025-04-28 08:00:00,,,,,,,509.0,509.0,1.3628,0.0446,3.0,0.23539996,0.02789998,3.0
2025-04-28 09:00:00,,,,,,,509.0,509.0,,,0.0,,,0.0
2025-04-28 10:00:00,,,,,,,509.0,509.0,,,0.0,,,0.0
2025-04-28 11:00:00,,,,,,,509.0,509.0,0.14119999,0.0818,4.0,1.1715,0.01609999,4.0
2025-04-28 12:00:00,,,,,,,509.0,509.0,0.4908,0.0,1.0,1.1675999,0.0,1.0
2025-04-28 13:00:00,,,,,,,509.0,509.0,,,0.0,,,0.0
2025-04-28 14:00:00,,,,,,,509.0,509.0,,,0.0,,,0.0
2025-04-28 15:00:00,,,,,,,509.0,509.0,,,0.0,,,0.0
2025-04-28 16:00:00,,,,,,,509.0,509.0,0.46359998,0.0206,3.0,1.3275,0.04699999,3.0
2025-04-28 17:00:00,,,,,,,1533.0,1533.0,0.6152,0.0376,2.0,1.0446,0.034500003,2.0
2025-04-28 18:00:00,,,,,,,1273.0,1273.0,,,0.0,,,0.0
2025-04-28 19:00:00,,,,,,,1273.0,1273.0,,,0.0,,,0.0
2025-04-28 20:00:00,,,,,,,1273.0,1273.0,,,0.0,,,0.0
2025-04-28 21:00:00,,,,,,,1533.0,1533.0,,,0.0,,,0.0
2025-04-28 22:00:00,,,,,,,1273.0,1273.0,,,0.0,,,0.0
2025-04-28 23:00:00,,,,,,,1529.0,1529.0,,,0.0,,,0.0
2025-04-29 00:00:00,,,,,,,1533.0,1533.0,,,0.0,,,0.0
2025-04-29 01:00:00,,,,,,,1529.0,1529.0,,,0.0,,,0.0
2025-04-29 02:00:00,,,,,,,1273.0,1273.0,,,0.0,,,0.0
2025-04-29 03:00:00,,,,,,,1533.0,1533.0,,,0.0,,,0.0
2025-04-29 04:00:00,,,,,,,1529.0,1529.0,,,0.0,,,0.0
2025-04-29 05:00:00,,,,,,,1273.0,1273.0,,,0.0,,,0.0
2025-04-29 06:00:00,,,,,,,1533.0,1533.0,,,0.0,,,0.0
2025-04-29 07:00:00,,,,,,,1273.0,1273.0,,,0.0,,,0.0
2025-04-29 08:00:00,,,,,,,509.0,509.0,1.4588,0.027999999,3.0,0.100300014,0.048099995,3.0
2025-04-29 09:00:00,,,,,,,509.0,509.0,1.0884,0.0,1.0,0.77689993,0.0,1.0
2025-04-29 10:00:00,,,,,,,505.0,504.0,0.16,0.0932,3.0,1.06,0.025600016,3.0
2025-04-29 11:00:00,,,,,,,509.0,509.0,,,0.0,,,0.0
2025-04-29 12:00:00,,,,,,,509.0,509.0,0.7644,0.0,1.0,1.1184,0.0,1.0
2025-04-29 13:00:00,,,,,,,509.0,509.0,,,0.0,,,0.0
2025-04-29 14:00:00,,,,,,,509.0,509.0,,,0.0,,,0.0
2025-04-29 15:00:00,,,,,,,505.0,504.0,1.1777999,0.40699998,2.0,0.6522,0.4504,2.0
2025-04-29 16:00:00,,,,,,,509.0,509.0,,,0.0,,,0.0
2025-04-29 17:00:00,,,,,,,1533.0,1533.0,,,0.0,,,0.0
2025-04-29 18:00:00,,,,,,,1533.0,1533.0,,,0.0,,,0.0
2025-04-29 19:00:00,,,,,,,1533.0,1533.0,,,0.0,,,0.0
2025-04-29 20:00:00,,,,,,,1533.0,1533.0,,,0.0,,,0.0
2025-04-29 21:00:00,,,,,,,1533.0,1533.0,,,0.0,,,0.0
2025-04-29 22:00:00,,,,,,,1529.0,1529.0,,,0.0,,,0.0
2025-04-29 23:00:00,,,,,,,1533.0,1533.0,,,0.0,,,0.0
2025-04-30 00:00:00,,,,,,,1529.0,1529.0,,,0.0,,,0.0
2025-04-30 01:00:00,,,,,,,1273.0,1273.0,,,0.0,,,0.0
2025-04-30 02:00:00,,,,,,,1529.0,1529.0,,,0.0,,,0.0
2025-04-30 03:00:00,,,,,,,1273.0,1273.0,,,0.0,,,0.0
2025-04-30 04:00:00,,,,,,,1273.0,1273.0,,,0.0,,,0.0
2025-04-30 05:00:00,,,,,,,1273.0,1273.0,,,0.0,,,0.0
2025-04-30 06:00:00,,,,,,,1533.0,1533.0,,,0.0,,,0.0
2025-04-30 07:00:00,,,,,,,509.0,509.0,,,0.0,,,0.0
2025-04-30 08:00:00,,,,,,,505.0,504.0,0.211,0.0,1.0,1.0483999,0.0,1.0
2025-04-30 09:00:00,0.13499999,,,,,,193.0,249.0,0.1074,0.055,5.0,1.0310999,0.012499988,5.0
2025-04-30 10:00:00,,,,,,,249.0,248.0,0.3278,0.0,1.0,0.9899,0.0,1.0
2025-04-30 11:00:00,,,,,,,509.0,509.0,0.3942,0.0,1.0,1.0188,0.0,1.0
2025-04-30 12:00:00,,,,,,,509.0,509.0,,,0.0,,,0.0
2025-04-30 13:00:00,,,,,,,509.0,509.0,,,0.0,,,0.0
2025-04-30 14:00:00,,,,,,,509.0,509.0,,,0.0,,,0.0
2025-04-30 15:00:00,,,,,,,509.0,509.0,,,0.0,,,0.0
2025-04-30 16:00:00,,,,,,,2553.0,2552.0,0.26659998,0.065799996,2.0,1.2093999,0.1361,2.0
2025-04-30 17:00:00,,,,,,,1533.0,1533.0,0.8682,0.0,1.0,0.88199997,0.0,1.0
2025-04-30 18:00:00,,,,,,,1529.0,1529.0,,,0.0,,,0.0
2025-04-30 19:00:00,,,,,,,1273.0,1273.0,,,0.0,,,0.0
2025-04-30 20:00:00,,,,,,,1273.0,1273.0,,,0.0,,,0.0
2025-04-30 21:00:00,,,,,,,1273.0,1273.0,,,0.0,,,0.0
2025-04-30 22:00:00,,,,,,,1273.0,1273.0,,,0.0,,,0.0
2025-04-30 23:00:00,,,,,,,1273.0,1273.0,,,0.0,,,0.0
2025-05-01 00:00:00,,,,,,,1273.0,1273.0,,,0.0,,,0.0
2025-05-01 01:00:00,,,,,,,1273.0,1273.0,,,0.0,,,0.0
2025-05-01 02:00:00,,,,,,,1273.0,1273.0,,,0.0,,,0.0
2025-05-01 03:00:00,,,,,,,1529.0,1529.0,,,0.0,,,0.0
2025-05-01 04:00:00,,,,,,,1529.0,1529.0,,,0.0,,,0.0
2025-05-01 05:00:00,,,,,,,1533.0,1533.0,,,0.0,,,0.0
2025-05-01 06:00:00,,,,,,,1533.0,1533.0,,,0.0,,,0.0
2025-05-01 07:00:00,,,,,,,509.0,509.0,,,0.0,,,0.0
2025-05-01 08:00:00,,,,,,,509.0,509.0,,,0.0,,,0.0
2025-05-01 09:00:00,,,,,,,509.0,509.0,,,0.0,,,0.0
2025-05-01 10:00:00,,,,,,,509.0,509.0,,,0.0,,,0.0
2025-05-01 11:00:00,,,,,,,509.0,509.0,,,0.0,,,0.0
2025-05-01 12:00:00,,,,,,,509.0,509.0,,,0.0,,,0.0
2025-05-01 13:00:00,,,,,,,509.0,509.0,,,0.0,,,0.0
2025-05-01 14:00:00,,,,,,,509.0,509.0,,,0.0,,,0.0
2025-05-01 15:00:00,,,,,,,509.0,509.0,,,0.0,,,0.0
2025-05-01 16:00:00,,,,,,,509.0,509.0,,,0.0,,,0.0
2025-05-01 17:00:00,,,,,,,1533.0,1533.0,,,0.0,,,0.0
2025-05-01 18:00:00,,,,,,,1533.0,1533.0,,,0.0,,,0.0
2025-05-01 19:00:00,,,,,,,1533.0,1533.0,,,0.0,,,0.0
2025-05-01 20:00:00,,,,,,,1533.0,1533.0,,,0.0,,,0.0
2025-05-01 21:00:00,,,,,,,1533.0,1533.0,,,0.0,,,0.0
2025-05-01 22:00:00,,,,,,,1533.0,1533.0,,,0.0,,,0.0
2025-05-01 23:00:00,,,,,,,1529.0,1529.0,,,0.0,,,0.0
2025-05-02 00:00:00,,,,,,,1533.0,1533.0,,,0.0,,,0.0
2025-05-02 01:00:00,,,,,,,1529.0,1529.0,,,0.0,,,0.0
2025-05-02 02:00:00,,,,,,,1533.0,1533.0,,,0.0,,,0.0
2025-05-02 03:00:00,,,,,,,1533.0,1533.0,,,0.0,,,0.0
2025-05-02 04:00:00,,,,,,,1529.0,1529.0,,,0.0,,,0.0
2025-05-02 05:00:00,,,,,,,1533.0,1533.0,,,0.0,,,0.0
2025-05-02 06:00:00,,,,,,,1529.0,1529.0,,,0.0,,,0.0
2025-05-02 07:00:00,,,,,,,505.0,505.0,,,0.0,,,0.0
2025-05-02 08:00:00,,,,,,,509.0,509.0,,,0.0,,,0.0
2025-05-02 09:00:00,,,,,,,505.0,505.0,,,0.0,,,0.0
2025-05-02 10:00:00,,,,,,,509.0,509.0,,,0.0,,,0.0
2025-05-02 11:00:00,,,,,,,509.0,509.0,,,0.0,,,0.0
2025-05-02 12:00:00,,,,,,,509.0,509.0,,,0.0,,,0.0
2025-05-02 13:00:00,,,,,,,509.0,509.0,,,0.0,,,0.0
2025-05-02 14:00:00,,,,,,,509.0,509.0,,,0.0,,,0.0
2025-05-02 15:00:00,,,,,,,505.0,504.0,1.6456,0.0,1.0,0.10699999,0.0,1.0
2025-05-02 16:00:00,,,,,,,509.0,509.0,1.5386,0.0,1.0,0.20660001,0.0,1.0
2025-05-02 17:00:00,,,,,,,1533.0,1533.0,,,0.0,,,0.0
2025-05-02 18:00:00,,,,,,,1533.0,1533.0,,,0.0,,,0.0
2025-05-02 19:00:00,,,,,,,1533.0,1533.0,,,0.0,,,0.0
2025-05-02 20:00:00,,,,,,,1533.0,1533.0,,,0.0,,,0.0
2025-05-02 21:00:00,,,,,,,1533.0,1533.0,,,0.0,,,0.0
2025-05-02 22:00:00,,,,,,,1533.0,1533.0,,,0.0,,,0.0
2025-05-02 23:00:00,,,,,,,1533.0,1533.0,,,0.0,,,0.0
2025-05-03 00:00:00,,,,,,,1529.0,1529.0,,,0.0,,,0.0
2025-05-03 01:00:00,,,,,,,1529.0,1529.0,,,0.0,,,0.0
2025-05-03 02:00:00,,,,,,,1529.0,1529.0,,,0.0,,,0.0
2025-05-03 03:00:00,,,,,,,1529.0,1529.0,,,0.0,,,0.0
2025-05-03 04:00:00,,,,,,,1529.0,1529.0,,,0.0,,,0.0
2025-05-03 05:00:00,,,,,,,1529.0,1529.0,,,0.0,,,0.0
2025-05-03 06:00:00,,,,,,,1533.0,1533.0,,,0.0,,,0.0
2025-05-03 07:00:00,,,,,,,509.0,509.0,,,0.0,,,0.0
2025-05-03 08:00:00,,,,,,,509.0,509.0,,,0.0,,,0.0
2025-05-03 09:00:00,,,,,,,509.0,509.0,,,0.0,,,0.0
2025-05-03 10:00:00,,,,,,,509.0,509.0,,,0.0,,,0.0
2025-05-03 11:00:00,,,,,,,509.0,509.0,,,0.0,,,0.0
2025-05-03 12:00:00,,,,,,,509.0,509.0,,,0.0,,,0.0
2025-05-03 13:00:00,,,,,,,509.0,509.0,,,0.0,,,0.0
2025-05-03 14:00:00,,,,,,,509.0,509.0,0.4184,0.0716,3.0,1.0561999,0.043799996,3.0
2025-05-03 15:00:00,,,,,,,509.0,509.0,,,0.0,,,0.0
2025-05-03 16:00:00,,,,,,,509.0,509.0,,,0.0,,,0.0
2025-05-03 17:00:00,,,,,,,1533.0,1533.0,,,0.0,,,0.0
2025-05-03 18:00:00,,,,,,,1533.0,1533.0,,,0.0,,,0.0
2025-05-03 19:00:00,,,,,,,1533.0,1533.0,,,0.0,,,0.0
2025-05-03 20:00:00,,,,,,,1529.0,1529.0,,,0.0,,,0.0
2025-05-03 21:00:00,,,,,,,1533.0,1533.0,,,0.0,,,0.0
2025-05-03 22:00:00,,,,,,,1533.0,1533.0,,,0.0,,,0.0
2025-05-03 23:00:00,,,,,,,1533.0,1533.0,,,0.0,,,0.0
2025-05-04 00:00:00,,,,,,,1529.0,1529.0,,,0.0,,,0.0
2025-05-04 01:00:00,,,,,,,1529.0,1529.0,,,0.0,,,0.0
2025-05-04 02:00:00,,,,,,,1529.0,1529.0,,,0.0,,,0.0
2025-05-04 03:00:00,,,,,,,1533.0,1533.0,,,0.0,,,0.0
2025-05-04 04:00:00,,,,,,,1533.0,1533.0,,,0.0,,,0.0
2025-05-04 05:00:00,,,,,,,1533.0,1533.0,,,0.0,,,0.0
2025-05-04 06:00:00,,,,,,,1533.0,1533.0,,,0.0,,,0.0
2025-05-04 07:00:00,,,,,,,505.0,505.0,,,0.0,,,0.0
2025-05-04 08:00:00,,,,,,,509.0,509.0,,,0.0,,,0.0
2025-05-04 09:00:00,,,,,,,509.0,509.0,0.5664,0.1274,3.0,0.9563999,0.09789997,3.0
2025-05-04 10:00:00,,,,,,,509.0,509.0,,,0.0,,,0.0
2025-05-04 11:00:00,,,,,,,505.0,505.0,,,0.0,,,0.0
2025-05-04 12:00:00,,,,,,,509.0,509.0,,,0.0,,,0.0
2025-05-04 13:00:00,,,,,,,509.0,509.0,,,0.0,,,0.0
2025-05-04 14:00:00,,,,,,,509.0,509.0,,,0.0,,,0.0
2025-05-04 15:00:00,,,,,,,509.0,509.0,,,0.0,,,0.0
2025-05-04 16:00:00,,,,,,,509.0,509.0,,,0.0,,,0.0
2025-05-04 17:00:00,,,,,,,1533.0,1533.0,,,0.0,,,0.0
2025-05-04 18:00:00,,,,,,,1533.0,1533.0,,,0.0,,,0.0
2025-05-04 19:00:00,,,,,,,1533.0,1533.0,,,0.0,,,0.0
2025-05-04 20:00:00,,,,,,,1533.0,1533.0,,,0.0,,,0.0
2025-05-04 21:00:00,,,,,,,1533.0,1533.0,,,0.0,,,0.0
2025-05-04 22:00:00,,,,,,,1529.0,1529.0,,,0.0,,,0.0
2025-05-04 23:00:00,,,,,,,1533.0,1533.0,,,0.0,,,0.0
2025-05-05 00:00:00,,,,,,,1533.0,1533.0,,,0.0,,,0.0
2025-05-05 01:00:00,,,,,,,1533.0,1533.0,,,0.0,,,0.0
2025-05-05 02:00:00,,,,,,,1533.0,1533.0,,,0.0,,,0.0
2025-05-05 03:00:00,,,,,,,1533.0,1533.0,,,0.0,,,0.0
2025-05-05 04:00:00,,,,,,,1533.0,1533.0,,,0.0,,,0.0
2025-05-05 05:00:00,,,,,,,1273.0,1273.0,,,0.0,,,0.0
2025-05-05 06:00:00,,,,,,,1533.0,1533.0,,,0.0,,,0.0
2025-05-05 07:00:00,,,,,,,509.0,509.0,,,0.0,,,0.0
2025-05-05 08:00:00,,,,,,,505.0,504.0,0.326,0.0,1.0,1.1431999,0.0,1.0
2025-05-05 09:00:00,,,,,,,509.0,509.0,0.30339998,0.1822,3.0,1.0906999,0.117299974,3.0
2025-05-05 10:00:00,,,,,,,509.0,509.0,0.2126,0.125,2.0,1.2493999,0.032299995,2.0
2025-05-05 11:00:00,,,,,,,509.0,509.0,,,0.0,,,0.0
2025-05-05 12:00:00,,,,,,,509.0,509.0,,,0.0,,,0.0
2025-05-05 13:00:00,,,,,,,509.0,509.0,,,0.0,,,0.0
2025-05-05 14:00:00,,,,,,,509.0,509.0,,,0.0,,,0.0
2025-05-05 15:00:00,,,,,,,509.0,509.0,,,0.0,,,0.0
2025-05-05 16:00:00,,,,,,,509.0,509.0,,,0.0,,,0.0
2025-05-05 17:00:00,,,,,,,1533.0,1533.0,,,0.0,,,0.0
2025-05-05 18:00:00,,,,,,,1529.0,1529.0,,,0.0,,,0.0
2025-05-05 19:00:00,,,,,,,1529.0,1529.0,,,0.0,,,0.0
2025-05-05 20:00:00,,,,,,,1273.0,1273.0,,,0.0,,,0.0
2025-05-05 21:00:00,,,,,,,1273.0,1273.0,,,0.0,,,0.0
2025-05-05 22:00:00,,,,,,,1273.0,1273.0,,,0.0,,,0.0
2025-05-05 23:00:00,,,,,,,1273.0,1273.0,,,0.0,,,0.0
2025-05-06 00:00:00,,,,,,,1529.0,1529.0,,,0.0,,,0.0
2025-05-06 01:00:00,,,,,,,1529.0,1529.0,,,0.0,,,0.0
2025-05-06 02:00:00,,,,,,,1533.0,1533.0,,,0.0,,,0.0
2025-05-06 03:00:00,,,,,,,1529.0,1529.0,,,0.0,,,0.0
2025-05-06 04:00:00,,,,,,,1533.0,1533.0,,,0.0,,,0.0
2025-05-06 05:00:00,,,,,,,1533.0,1533.0,,,0.0,,,0.0
2025-05-06 06:00:00,,,,,,,1533.0,1533.0,,,0.0,,,0.0
2025-05-06 07:00:00,,,,,,,505.0,505.0,,,0.0,,,0.0
2025-05-06 08:00:00,,,,,,,509.0,509.0,0.021399999,0.0037999998,2.0,1.1345999,0.0011000037,2.0
2025-05-06 09:00:00,,,,,,,509.0,509.0,,,0.0,,,0.0
2025-05-06 10:00:00,,,,,,,509.0,509.0,,,0.0,,,0.0
2025-05-06 11:00:00,,,,,,,509.0,509.0,,,0.0,,,0.0
2025-05-06 12:00:00,,,,,,,509.0,509.0,,,0.0,,,0.0
2025-05-06 13:00:00,,,,,,,509.0,509.0,,,0.0,,,0.0
2025-05-06 14:00:00,,,,,,,509.0,509.0,,,0.0,,,0.0
2025-05-06 15:00:00,,,,,,,509.0,509.0,,,0.0,,,0.0
2025-05-06 16:00:00,,,,,,,509.0,509.0,1.4362,0.0,1.0,0.487,0.0,1.0
2025-05-06 17:00:00,,,,,,,1533.0,1533.0,0.2552,0.0,1.0,1.1473999,0.0,1.0
2025-05-06 18:00:00,,,,,,,1533.0,1533.0,,,0.0,,,0.0
2025-05-06 19:00:00,,,,,,,1533.0,1533.0,,,0.0,,,0.0
2025-05-06 20:00:00,,,,,,,1533.0,1533.0,,,0.0,,,0.0
2025-05-06 21:00:00,,,,,,,1529.0,1529.0,,,0.0,,,0.0
2025-05-06 22:00:00,,,,,,,1533.0,1533.0,,,0.0,,,0.0
2025-05-06 23:00:00,,,,,,,1273.0,1273.0,,,0.0,,,0.0
2025-05-07 00:00:00,,,,,,,1273.0,1273.0,,,0.0,,,0.0
2025-05-07 01:00:00,,,,,,,1273.0,1273.0,,,0.0,,,0.0
2025-05-07 02:00:00,,,,,,,1273.0,1273.0,,,0.0,,,0.0
2025-05-07 03:00:00,,,,,,,1273.0,1273.0,,,0.0,,,0.0
2025-05-07 04:00:00,,,,,,,1529.0,1529.0,,,0.0,,,0.0
2025-05-07 05:00:00,,,,,,,1273.0,1273.0,,,0.0,,,0.0
2025-05-07 06:00:00,,,,,,,1533.0,1533.0,,,0.0,,,0.0
2025-05-07 07:00:00,,,,,,,509.0,509.0,,,0.0,,,0.0
2025-05-07 08:00:00,,,,,,,509.0,509.0,0.3274,0.0,1.0,1.0415,0.0,1.0
2025-05-07 09:00:00,,,,,,,509.0,509.0,,,0.0,,,0.0
2025-05-07 10:00:00,,,,,,,509.0,509.0,,,0.0,,,0.0
2025-05-07 11:00:00,,,,,,,509.0,509.0,,,0.0,,,0.0
2025-05-07 12:00:00,,,,,,,509.0,509.0,,,0.0,,,0.0
2025-05-07 13:00:00,,,,,,,509.0,509.0,,,0.0,,,0.0
2025-05-07 14:00:00,,,,,,,509.0,509.0,,,0.0,,,0.0
2025-05-07 15:00:00,,,,,,,509.0,509.0,,,0.0,,,0.0
2025-05-07 16:00:00,,,,,,,505.0,504.0,0.5456,0.0,1.0,0.8297,0.0,1.0
2025-05-07 17:00:00,,,,,,,1533.0,1533.0,0.4906,0.0,1.0,0.8132,0.0,1.0
2025-05-07 18:00:00,,,,,,,1533.0,1533.0,,,0.0,,,0.0
2025-05-07 19:00:00,,,,,,,1533.0,1533.0,,,0.0,,,0.0
2025-05-07 20:00:00,,,,,,,1533.0,1533.0,,,0.0,,,0.0
2025-05-07 21:00:00,,,,,,,1533.0,1533.0,,,0.0,,,0.0
2025-05-07 22:00:00,,,,,,,1533.0,1533.0,,,0.0,,,0.0
2025-05-07 23:00:00,,,,,,,1273.0,1273.0,,,0.0,,,0.0
2025-05-08 00:00:00,,,,,,,1273.0,1273.0,,,0.0,,,0.0
2025-05-08 01:00:00,,,,,,,1273.0,1273.0,,,0.0,,,0.0
2025-05-08 02:00:00,,,,,,,1273.0,1273.0,,,0.0,,,0.0
2025-05-08 03:00:00,,,,,,,1273.0,1273.0,,,0.0,,,0.0
2025-05-08 04:00:00,,,,,,,1273.0,1273.0,,,0.0,,,0.0
2025-05-08 05:00:00,,,,,,,1273.0,1273.0,,,0.0,,,0.0
2025-05-08 06:00:00,,,,,,,1533.0,1533.0,,,0.0,,,0.0
2025-05-08 07:00:00,,,,,,,2297.0,2296.0,0.0888,0.0,1.0,0.9446,0.0,1.0
2025-05-08 08:00:00,0.0736,,,,,,193.0,248.0,0.1282,0.063,6.0,0.9613,0.021299958,5.0
2025-05-08 09:00:00,,,,,,,2553.0,2552.0,0.0075999997,0.0016,2.0,1.0159,0.0,2.0
2025-05-08 10:00:00,,,,,,,509.0,509.0,,,0.0,,,0.0
2025-05-08 11:00:00,,,,,,,509.0,509.0,0.2942,0.0836,4.0,0.98,0.024800003,4.0
2025-05-08 12:00:00,,,,,,,509.0,509.0,,,0.0,,,0.0
2025-05-08 13:00:00,,,,,,,509.0,509.0,,,0.0,,,0.0
2025-05-08 14:00:00,,,,,,,509.0,509.0,,,0.0,,,0.0
2025-05-08 15:00:00,,,,,,,509.0,509.0,,,0.0,,,0.0
2025-05-08 16:00:00,,,,,,,509.0,509.0,1.4544,0.0526,2.0,0.13559997,0.04829997,2.0
2025-05-08 17:00:00,,,,,,,1533.0,1533.0,,,0.0,,,0.0
2025-05-08 18:00:00,,,,,,,1533.0,1533.0,,,0.0,,,0.0
2025-05-08 19:00:00,,,,,,,1533.0,1533.0,,,0.0,,,0.0
2025-05-08 20:00:00,,,,,,,1533.0,1533.0,,,0.0,,,0.0
2025-05-08 21:00:00,,,,,,,1533.0,1533.0,,,0.0,,,0.0
2025-05-08 22:00:00,,,,,,,1533.0,1533.0,,,0.0,,,0.0
2025-05-08 23:00:00,,,,,,,1273.0,1273.0,,,0.0,,,0.0
2025-05-09 00:00:00,,,,,,,1273.0,1273.0,,,0.0,,,0.0
2025-05-09 01:00:00,,,,,,,1273.0,1273.0,,,0.0,,,0.0
2025-05-09 02:00:00,,,,,,,1273.0,1273.0,,,0.0,,,0.0
2025-05-09 03:00:00,,,,,,,1273.0,1273.0,,,0.0,,,0.0
2025-05-09 04:00:00,,,,,,,1273.0,1273.0,,,0.0,,,0.0
2025-05-09 05:00:00,,,,,,,1273.0,1273.0,,,0.0,,,0.0
2025-05-09 06:00:00,,,,,,,1533.0,1533.0,,,0.0,,,0.0
2025-05-09 07:00:00,,,,,,,2297.0,2296.0,0.1568,0.0,1.0,0.8571,0.0,1.0
2025-05-09 08:00:00,,,,,,,509.0,509.0,0.22919999,0.0348,3.0,0.9009,0.021799982,3.0
2025-05-09 09:00:00,,,,,,,509.0,509.0,,,0.0,,,0.0
2025-05-09 10:00:00,,,,,,,509.0,509.0,,,0.0,,,0.0
2025-05-09 11:00:00,,,,,,,509.0,509.0,,,0.0,,,0.0
2025-05-09 12:00:00,,,,,,,509.0,509.0,,,0.0,,,0.0
2025-05-09 13:00:00,,,,,,,509.0,509.0,,,0.0,,,0.0
2025-05-09 14:00:00,,,,,,,509.0,509.0,0.6412,0.0,1.0,0.9216,0.0,1.0
2025-05-09 15:00:00,,,,,,,509.0,509.0,,,0.0,,,0.0
2025-05-09 16:00:00,,,,,,,505.0,504.0,0.2644,0.0,1.0,0.9031,0.0,1.0
2025-05-09 17:00:00,,,,,,,1533.0,1533.0,0.266,0.0,1.0,0.9010999,0.0,1.0
2025-05-09 18:00:00,,,,,,,1533.0,1533.0,,,0.0,,,0.0
2025-05-09 19:00:00,,,,,,,1533.0,1533.0,,,0.0,,,0.0
2025-05-09 20:00:00,,,,,,,1533.0,1533.0,,,0.0,,,0.0
2025-05-09 21:00:00,,,,,,,1533.0,1533.0,,,0.0,,,0.0
2025-05-09 22:00:00,,,,,,,1533.0,1533.0,,,0.0,,,0.0
2025-05-09 23:00:00,,,,,,,1529.0,1529.0,,,0.0,,,0.0
2025-05-10 00:00:00,,,,,,,1533.0,1533.0,,,0.0,,,0.0
2025-05-10 01:00:00,,,,,,,1529.0,1529.0,,,0.0,,,0.0
2025-05-10 02:00:00,,,,,,,1529.0,1529.0,,,0.0,,,0.0
2025-05-10 03:00:00,,,,,,,1533.0,1533.0,,,0.0,,,0.0
2025-05-10 04:00:00,,,,,,,1533.0,1533.0,,,0.0,,,0.0
2025-05-10 05:00:00,,,,,,,1529.0,1529.0,,,0.0,,,0.0
2025-05-10 06:00:00,,,,,,,1533.0,1533.0,,,0.0,,,0.0
2025-05-10 07:00:00,,,,,,,509.0,509.0,,,0.0,,,0.0
2025-05-10 08:00:00,,,,,,,509.0,509.0,,,0.0,,,0.0
2025-05-10 09:00:00,,,,,,,509.0,509.0,,,0.0,,,0.0
2025-05-10 10:00:00,,,,,,,509.0,509.0,,,0.0,,,0.0
2025-05-10 11:00:00,,,,,,,509.0,509.0,,,0.0,,,0.0
2025-05-10 12:00:00,,,,,,,509.0,509.0,,,0.0,,,0.0
2025-05-10 13:00:00,,,,,,,509.0,509.0,,,0.0,,,0.0
2025-05-10 14:00:00,,,,,,,509.0,509.0,,,0.0,,,0.0
2025-05-10 15:00:00,,,,,,,509.0,509.0,,,0.0,,,0.0
2025-05-10 16:00:00,,,,,,,249.0,249.0,0.3518,0.1716,2.0,0.7264999,0.041999996,2.0
2025-05-10 17:00:00,,,,,,,1533.0,1533.0,0.0426,0.0,1.0,0.8809999,0.0,1.0
2025-05-10 18:00:00,,,,,,,1529.0,1529.0,,,0.0,,,0.0
2025-05-10 19:00:00,,,,,,,1529.0,1529.0,,,0.0,,,0.0
2025-05-10 20:00:00,,,,,,,1529.0,1529.0,,,0.0,,,0.0
2025-05-10 21:00:00,,,,,,,1533.0,1533.0,,,0.0,,,0.0
2025-05-10 22:00:00,,,,,,,1273.0,1273.0,,,0.0,,,0.0
2025-05-10 23:00:00,,,,,,,1273.0,1273.0,,,0.0,,,0.0
2025-05-11 00:00:00,,,,,,,1533.0,1533.0,,,0.0,,,0.0
2025-05-11 01:00:00,,,,,,,1529.0,1529.0,,,0.0,,,0.0
2025-05-11 02:00:00,,,,,,,1533.0,1533.0,,,0.0,,,0.0
2025-05-11 03:00:00,,,,,,,1533.0,1533.0,,,0.0,,,0.0
2025-05-11 04:00:00,,,,,,,1529.0,1529.0,,,0.0,,,0.0
2025-05-11 05:00:00,,,,,,,1529.0,1529.0,,,0.0,,,0.0
2025-05-11 06:00:00,,,,,,,1533.0,1533.0,,,0.0,,,0.0
2025-05-11 07:00:00,,,,,,,509.0,509.0,,,0.0,,,0.0
2025-05-11 08:00:00,,,,,,,2553.0,2552.0,0.7912,0.44,2.0,0.773,0.17320001,2.0
2025-05-11 09:00:00,,,,,,,505.0,505.0,0.2956,0.0,1.0,0.9951,0.0,1.0
2025-05-11 10:00:00,,,,,,,505.0,505.0,,,0.0,,,0.0
2025-05-11 11:00:00,,,,,,,509.0,509.0,,,0.0,,,0.0
2025-05-11 12:00:00,,,,,,,509.0,509.0,,,0.0,,,0.0
2025-05-11 13:00:00,,,,,,,509.0,509.0,,,0.0,,,0.0
2025-05-11 14:00:00,,,,,,,509.0,509.0,,,0.0,,,0.0
2025-05-11 15:00:00,,,,,,,509.0,509.0,,,0.0,,,0.0
2025-05-11 16:00:00,,,,,,,509.0,509.0,,,0.0,,,0.0
2025-05-11 17:00:00,,,,,,,1533.0,1533.0,,,0.0,,,0.0
2025-05-11 18:00:00,,,,,,,1533.0,1533.0,,,0.0,,,0.0
2025-05-11 19:00:00,,,,,,,1533.0,1533.0,,,0.0,,,0.0
2025-05-11 20:00:00,,,,,,,1533.0,1533.0,,,0.0,,,0.0
2025-05-11 21:00:00,,,,,,,1533.0,1533.0,,,0.0,,,0.0
2025-05-11 22:00:00,,,,,,,1533.0,1533.0,,,0.0,,,0.0
2025-05-11 23:00:00,,,,,,,1533.0,1533.0,,,0.0,,,0.0
2025-05-12 00:00:00,,,,,,,1529.0,1529.0,,,0.0,,,0.0
2025-05-12 01:00:00,,,,,,,1533.0,1533.0,,,0.0,,,0.0
2025-05-12 02:00:00,,,,,,,1529.0,1529.0,,,0.0,,,0.0
2025-05-12 03:00:00,,,,,,,1529.0,1529.0,,,0.0,,,0.0
2025-05-12 04:00:00,,,,,,,1273.0,1273.0,,,0.0,,,0.0
2025-05-12 05:00:00,,,,,,,1273.0,1273.0,,,0.0,,,0.0
2025-05-12 06:00:00,,,,,,,1529.0,1529.0,,,0.0,,,0.0
2025-05-12 07:00:00,,,,,,,509.0,509.0,,,0.0,,,0.0
2025-05-12 08:00:00,,,,,,,509.0,509.0,0.31919998,0.0,1.0,1.0432,0.0,1.0
2025-05-12 09:00:00,,,,,,,509.0,509.0,,,0.0,,,0.0
2025-05-12 10:00:00,,,,,,,509.0,509.0,,,0.0,,,0.0
2025-05-12 11:00:00,,,,,,,509.0,509.0,,,0.0,,,0.0
2025-05-12 12:00:00,,,,,,,509.0,509.0,,,0.0,,,0.0
2025-05-12 13:00:00,,,,,,,509.0,509.0,,,0.0,,,0.0
2025-05-12 14:00:00,,,,,,,509.0,509.0,,,0.0,,,0.0
2025-05-12 15:00:00,,,,,,,509.0,509.0,,,0.0,,,0.0
2025-05-12 16:00:00,,,,,,,509.0,509.0,,,0.0,,,0.0
2025-05-12 17:00:00,,,,,,,1533.0,1533.0,,,0.0,,,0.0
2025-05-12 18:00:00,,,,,,,1533.0,1533.0,,,0.0,,,0.0
2025-05-12 19:00:00,,,,,,,1533.0,1533.0,,,0.0,,,0.0
2025-05-12 20:00:00,,,,,,,1533.0,1533.0,,,0.0,,,0.0
2025-05-12 21:00:00,,,,,,,1533.0,1533.0,,,0.0,,,0.0
2025-05-12 22:00:00,,,,,,,1533.0,1533.0,,,0.0,,,0.0
2025-05-12 23:00:00,,,,,,,1533.0,1533.0,,,0.0,,,0.0
2025-05-13 00:00:00,,,,,,,1529.0,1529.0,,,0.0,,,0.0
2025-05-13 01:00:00,,,,,,,1529.0,1529.0,,,0.0,,,0.0
2025-05-13 02:00:00,,,,,,,1529.0,1529.0,,,0.0,,,0.0
2025-05-13 03:00:00,,,,,,,1529.0,1529.0,,,0.0,,,0.0
2025-05-13 04:00:00,,,,,,,1533.0,1533.0,,,0.0,,,0.0
2025-05-13 05:00:00,,,,,,,1533.0,1533.0,,,0.0,,,0.0
2025-05-13 06:00:00,,,,,,,1533.0,1533.0,,,0.0,,,0.0
2025-05-13 07:00:00,,,,,,,505.0,505.0,,,0.0,,,0.0
2025-05-13 08:00:00,,,,,,,509.0,509.0,,,0.0,,,0.0
2025-05-13 09:00:00,,,,,,,509.0,509.0,,,0.0,,,0.0
2025-05-13 10:00:00,,,,,,,509.0,509.0,,,0.0,,,0.0
2025-05-13 11:00:00,,,,,,,509.0,509.0,,,0.0,,,0.0
2025-05-13 12:00:00,,,,,,,509.0,509.0,,,0.0,,,0.0
2025-05-13 13:00:00,,,,,,,509.0,509.0,,,0.0,,,0.0
2025-05-13 14:00:00,,,,,,,509.0,509.0,,,0.0,,,0.0
2025-05-13 15:00:00,,,,,,,505.0,505.0,0.1002,0.044999998,2.0,0.9412,0.011799991,2.0
2025-05-13 16:00:00,,,,,,,509.0,509.0,,,0.0,,,0.0
2025-05-13 17:00:00,,,,,,,1533.0,1533.0,,,0.0,,,0.0
2025-05-13 18:00:00,,,,,,,1533.0,1533.0,,,0.0,,,0.0
2025-05-13 19:00:00,,,,,,,1533.0,1533.0,,,0.0,,,0.0
2025-05-13 20:00:00,,,,,,,1533.0,1533.0,,,0.0,,,0.0
2025-05-13 21:00:00,,,,,,,1533.0,1533.0,,,0.0,,,0.0
2025-05-13 22:00:00,,,,,,,1533.0,1533.0,,,0.0,,,0.0
2025-05-13 23:00:00,,,,,,,1529.0,1529.0,,,0.0,,,0.0
2025-05-14 00:00:00,,,,,,,1533.0,1533.0,,,0.0,,,0.0
2025-05-14 01:00:00,,,,,,,1533.0,1533.0,,,0.0,,,0.0
2025-05-14 02:00:00,,,,,,,1533.0,1533.0,,,0.0,,,0.0
2025-05-14 03:00:00,,,,,,,1533.0,1533.0,,,0.0,,,0.0
2025-05-14 04:00:00,,,,,,,1533.0,1533.0,,,0.0,,,0.0
2025-05-14 05:00:00,,,,,,,1533.0,1533.0,,,0.0,,,0.0
2025-05-14 06:00:00,,,,,,,1533.0,1533.0,,,0.0,,,0.0
2025-05-14 07:00:00,,,,,,,509.0,509.0,,,0.0,,,0.0
2025-05-14 08:00:00,,,,,,,509.0,509.0,0.2026,0.0398,3.0,1.0264,0.008899987,3.0
2025-05-14 09:00:00,,,,,,,509.0,509.0,,,0.0,,,0.0
2025-05-14 10:00:00,,,,,,,509.0,509.0,,,0.0,,,0.0
2025-05-14 11:00:00,,,,,,,509.0,509.0,,,0.0,,,0.0
2025-05-14 12:00:00,,,,,,,509.0,509.0,0.8204,0.0,1.0,1.1263,0.0,1.0
2025-05-14 13:00:00,,,,,,,2553.0,2552.0,0.2992,0.051,2.0,1.061,0.0015999675,2.0
2025-05-14 14:00:00,,,,,,,509.0,509.0,0.5446,0.0,1.0,1.0561999,0.0,1.0
2025-05-14 15:00:00,,,,,,,509.0,509.0,,,0.0,,,0.0
2025-05-14 16:00:00,,,,,,,2553.0,2552.0,0.049599998,0.0,1.0,1.0303999,0.0,1.0
2025-05-14 17:00:00,,,,,,,1533.0,1533.0,,,0.0,,,0.0
2025-05-14 18:00:00,,,,,,,1533.0,1533.0,,,0.0,,,0.0
2025-05-14 19:00:00,,,,,,,1533.0,1533.0,,,0.0,,,0.0
2025-05-14 20:00:00,,,,,,,1529.0,1529.0,,,0.0,,,0.0
2025-05-14 21:00:00,,,,,,,1533.0,1533.0,,,0.0,,,0.0
2025-05-14 22:00:00,,,,,,,1533.0,1533.0,,,0.0,,,0.0
2025-05-14 23:00:00,,,,,,,1533.0,1533.0,,,0.0,,,0.0
2025-05-15 00:00:00,,,,,,,1533.0,1533.0,,,0.0,,,0.0
2025-05-15 01:00:00,,,,,,,1533.0,1533.0,,,0.0,,,0.0
2025-05-15 02:00:00,,,,,,,1533.0,1533.0,,,0.0,,,0.0
2025-05-15 03:00:00,,,,,,,1533.0,1533.0,,,0.0,,,0.0
2025-05-15 04:00:00,,,,,,,1273.0,1273.0,,,0.0,,,0.0
2025-05-15 05:00:00,,,,,,,1529.0,1529.0,,,0.0,,,0.0
2025-05-15 06:00:00,,,,,,,1273.0,1273.0,,,0.0,,,0.0
2025-05-15 07:00:00,,,,,,,2297.0,2296.0,0.33699998,0.0,1.0,1.0056,0.0,1.0
2025-05-15 08:00:00,0.058599997,,,,,,193.0,249.0,0.3836,0.0142,2.0,1.0453,0.018599987,2.0
2025-05-15 09:00:00,,,,,,,509.0,509.0,,,0.0,,,0.0
2025-05-15 10:00:00,,,,,,,509.0,509.0,,,0.0,,,0.0
2025-05-15 11:00:00,,,,,,,509.0,509.0,,,0.0,,,0.0
2025-05-15 12:00:00,,,,,,,509.0,509.0,,,0.0,,,0.0
2025-05-15 13:00:00,,,,,,,509.0,509.0,,,0.0,,,0.0
2025-05-15 14:00:00,,,,,,,509.0,509.0,,,0.0,,,0.0
2025-05-15 15:00:00,,,,,,,509.0,509.0,,,0.0,,,0.0
2025-05-15 16:00:00,,,,,,,509.0,509.0,,,0.0,,,0.0
2025-05-15 17:00:00,,,,,,,1533.0,1533.0,,,0.0,,,0.0
2025-05-15 18:00:00,,,,,,,1533.0,1533.0,,,0.0,,,0.0
2025-05-15 19:00:00,,,,,,,1533.0,1533.0,,,0.0,,,0.0
2025-05-15 20:00:00,,,,,,,1529.0,1529.0,,,0.0,,,0.0
2025-05-15 21:00:00,,,,,,,1533.0,1533.0,,,0.0,,,0.0
2025-05-15 22:00:00,,,,,,,1529.0,1529.0,,,0.0,,,0.0
2025-05-15 23:00:00,,,,,,,1533.0,1533.0,,,0.0,,,0.0
2025-05-16 00:00:00,,,,,,,1533.0,1533.0,,,0.0,,,0.0
2025-05-16 01:00:00,,,,,,,1533.0,1533.0,,,0.0,,,0.0
2025-05-16 02:00:00,,,,,,,1533.0,1533.0,,,0.0,,,0.0
2025-05-16 03:00:00,,,,,,,1533.0,1533.0,,,0.0,,,0.0
2025-05-16 04:00:00,,,,,,,1533.0,1533.0,,,0.0,,,0.0
2025-05-16 05:00:00,,,,,,,1529.0,1529.0,,,0.0,,,0.0
2025-05-16 06:00:00,,,,,,,1533.0,1533.0,,,0.0,,,0.0
2025-05-16 07:00:00,,,,,,,509.0,509.0,,,0.0,,,0.0
2025-05-16 08:00:00,,,,,,,505.0,505.0,,,0.0,,,0.0
2025-05-16 09:00:00,,,,,,,509.0,509.0,,,0.0,,,0.0
2025-05-16 10:00:00,,,,,,,509.0,509.0,,,0.0,,,0.0
2025-05-16 11:00:00,,,,,,,509.0,509.0,0.3414,0.0578,4.0,1.0709,0.009899974,4.0
2025-05-16 12:00:00,,,,,,,509.0,509.0,,,0.0,,,0.0
2025-05-16 13:00:00,,,,,,,509.0,509.0,,,0.0,,,0.0
2025-05-16 14:00:00,,,,,,,509.0,509.0,,,0.0,,,0.0
2025-05-16 15:00:00,,,,,,,509.0,509.0,1.9702,0.0053999997,2.0,0.14529997,0.09779996,2.0
2025-05-16 16:00:00,,,,,,,509.0,509.0,,,0.0,,,0.0
2025-05-16 17:00:00,,,,,,,1533.0,1533.0,,,0.0,,,0.0
2025-05-16 18:00:00,,,,,,,1533.0,1533.0,,,0.0,,,0.0
2025-05-16 19:00:00,,,,,,,1533.0,1533.0,,,0.0,,,0.0
2025-05-16 20:00:00,,,,,,,1533.0,1533.0,,,0.0,,,0.0
2025-05-16 21:00:00,,,,,,,1533.0,1533.0,,,0.0,,,0.0
2025-05-16 22:00:00,,,,,,,1533.0,1533.0,,,0.0,,,0.0
2025-05-16 23:00:00,,,,,,,1533.0,1533.0,,,0.0,,,0.0
2025-05-17 00:00:00,,,,,,,1533.0,1533.0,,,0.0,,,0.0
2025-05-17 01:00:00,,,,,,,1529.0,1529.0,,,0.0,,,0.0
2025-05-17 02:00:00,,,,,,,1529.0,1529.0,,,0.0,,,0.0
2025-05-17 03:00:00,,,,,,,1529.0,1529.0,,,0.0,,,0.0
2025-05-17 04:00:00,,,,,,,1533.0,1533.0,,,0.0,,,0.0
2025-05-17 05:00:00,,,,,,,1533.0,1533.0,,,0.0,,,0.0
2025-05-17 06:00:00,,,,,,,1533.0,1533.0,,,0.0,,,0.0
2025-05-17 07:00:00,,,,,,,509.0,509.0,,,0.0,,,0.0
2025-05-17 08:00:00,,,,,,,2297.0,2296.0,0.624,0.1504,2.0,1.2255,0.03819996,2.0
2025-05-17 09:00:00,,,,,,,509.0,509.0,0.67759997,0.091,4.0,1.3109,0.06349999,4.0
2025-05-17 10:00:00,,,,,,,509.0,509.0,,,0.0,,,0.0
2025-05-17 11:00:00,,,,,,,509.0,509.0,,,0.0,,,0.0
2025-05-17 12:00:00,,,,,,,509.0,509.0,0.6156,0.0,1.0,1.1364,0.0,1.0
2025-05-17 13:00:00,,,,,,,505.0,505.0,,,0.0,,,0.0
2025-05-17 14:00:00,,,,,,,505.0,504.0,2.2477999,0.0,1.0,0.1081,0.0,1.0
2025-05-17 15:00:00,,,,,,,509.0,509.0,,,0.0,,,0.0
2025-05-17 16:00:00,,,,,,,509.0,509.0,,,0.0,,,0.0
2025-05-17 17:00:00,,,,,,,1533.0,1533.0,,,0.0,,,0.0
2025-05-17 18:00:00,,,,,,,1533.0,1533.0,,,0.0,,,0.0
2025-05-17 19:00:00,,,,,,,1533.0,1533.0,,,0.0,,,0.0
2025-05-17 20:00:00,,,,,,,1533.0,1533.0,,,0.0,,,0.0
2025-05-17 21:00:00,,,,,,,1533.0,1533.0,,,0.0,,,0.0
2025-05-17 22:00:00,,,,,,,1533.0,1533.0,,,0.0,,,0.0
2025-05-17 23:00:00,,,,,,,1529.0,1529.0,,,0.0,,,0.0
2025-05-18 00:00:00,,,,,,,1533.0,1533.0,,,0.0,,,0.0
2025-05-18 01:00:00,,,,,,,1533.0,1533.0,,,0.0,,,0.0
2025-05-18 02:00:00,,,,,,,1273.0,1273.0,,,0.0,,,0.0
2025-05-18 03:00:00,,,,,,,1533.0,1533.0,,,0.0,,,0.0
2025-05-18 04:00:00,,,,,,,1273.0,1273.0,,,0.0,,,0.0
2025-05-18 05:00:00,,,,,,,1529.0,1529.0,,,0.0,,,0.0
2025-05-18 06:00:00,,,,,,,1529.0,1529.0,,,0.0,,,0.0
2025-05-18 07:00:00,,,,,,,509.0,509.0,,,0.0,,,0.0
2025-05-18 08:00:00,,,,,,,505.0,504.0,0.47039998,0.072,2.0,1.0188999,0.034699976,2.0
2025-05-18 09:00:00,,,,,,,2553.0,2552.0,0.47419998,0.0872,6.0,1.0694,0.08579999,6.0
2025-05-18 10:00:00,,,,,,,509.0,509.0,0.49159998,0.1078,4.0,1.142,0.0026999712,4.0
2025-05-18 11:00:00,,,,,,,509.0,509.0,,,0.0,,,0.0
2025-05-18 12:00:00,,,,,,,509.0,509.0,,,0.0,,,0.0
2025-05-18 13:00:00,,,,,,,509.0,509.0,,,0.0,,,0.0
2025-05-18 14:00:00,,,,,,,509.0,509.0,,,0.0,,,0.0
2025-05-18 15:00:00,,,,,,,509.0,509.0,,,0.0,,,0.0
2025-05-18 16:00:00,,,,,,,509.0,509.0,,,0.0,,,0.0
2025-05-18 17:00:00,,,,,,,1533.0,1533.0,,,0.0,,,0.0
2025-05-18 18:00:00,,,,,,,1533.0,1533.0,,,0.0,,,0.0
2025-05-18 19:00:00,,,,,,,1273.0,1273.0,,,0.0,,,0.0
2025-05-18 20:00:00,,,,,,,1273.0,1273.0,,,0.0,,,0.0
2025-05-18 21:00:00,,,,,,,1533.0,1533.0,,,0.0,,,0.0
2025-05-18 22:00:00,,,,,,,1273.0,1273.0,,,0.0,,,0.0
2025-05-18 23:00:00,,,,,,,1529.0,1529.0,,,0.0,,,0.0
2025-05-19 00:00:00,,,,,,,1533.0,1533.0,,,0.0,,,0.0
2025-05-19 01:00:00,,,,,,,1533.0,1533.0,,,0.0,,,0.0
2025-05-19 02:00:00,,,,,,,1533.0,1533.0,,,0.0,,,0.0
2025-05-19 03:00:00,,,,,,,1273.0,1273.0,,,0.0,,,0.0
2025-05-19 04:00:00,,,,,,,1273.0,1273.0,,,0.0,,,0.0
2025-05-19 05:00:00,,,,,,,1273.0,1273.0,,,0.0,,,0.0
2025-05-19 06:00:00,,,,,,,1529.0,1529.0,,,0.0,,,0.0
2025-05-19 07:00:00,,,,,,,509.0,509.0,,,0.0,,,0.0
2025-05-19 08:00:00,,,,,,,509.0,509.0,0.18439999,0.0168,2.0,1.0486,0.006099999,2.0
2025-05-19 09:00:00,,,,,,,509.0,509.0,,,0.0,,,0.0
2025-05-19 10:00:00,,,,,,,509.0,509.0,,,0.0,,,0.0
2025-05-19 11:00:00,,,,,,,509.0,509.0,,,0.0,,,0.0
2025-05-19 12:00:00,,,,,,,509.0,509.0,,,0.0,,,0.0
2025-05-19 13:00:00,,,,,,,509.0,509.0,,,0.0,,,0.0
2025-05-19 14:00:00,,,,,,,509.0,509.0,0.4754,0.0,1.0,1.0798,0.0,1.0
2025-05-19 15:00:00,,,,,,,509.0,509.0,,,0.0,,,0.0
2025-05-19 16:00:00,,,,,,,509.0,509.0,,,0.0,,,0.0
2025-05-19 17:00:00,,,,,,,1533.0,1533.0,,,0.0,,,0.0
2025-05-19 18:00:00,,,,,,,1533.0,1533.0,,,0.0,,,0.0
2025-05-19 19:00:00,,,,,,,1533.0,1533.0,,,0.0,,,0.0
2025-05-19 20:00:00,,,,,,,1533.0,1533.0,,,0.0,,,0.0
2025-05-19 21:00:00,,,,,,,1533.0,1533.0,,,0.0,,,0.0
2025-05-19 22:00:00,,,,,,,1533.0,1533.0,,,0.0,,,0.0
2025-05-19 23:00:00,,,,,,,1529.0,1529.0,,,0.0,,,0.0
2025-05-20 00:00:00,,,,,,,1533.0,1533.0,,,0.0,,,0.0
2025-05-20 01:00:00,,,,,,,1533.0,1533.0,,,0.0,,,0.0
2025-05-20 02:00:00,,,,,,,1533.0,1533.0,,,0.0,,,0.0
2025-05-20 03:00:00,,,,,,,1533.0,1533.0,,,0.0,,,0.0
2025-05-20 04:00:00,,,,,,,1533.0,1533.0,,,0.0,,,0.0
2025-05-20 05:00:00,,,,,,,1533.0,1533.0,,,0.0,,,0.0
2025-05-20 06:00:00,,,,,,,1533.0,1533.0,,,0.0,,,0.0
2025-05-20 07:00:00,,,,,,,509.0,509.0,,,0.0,,,0.0
2025-05-20 08:00:00,,,,,,,509.0,509.0,,,0.0,,,0.0
2025-05-20 09:00:00,,,,,,,509.0,509.0,,,0.0,,,0.0
2025-05-20 10:00:00,,,,,,,509.0,509.0,,,0.0,,,0.0
2025-05-20 11:00:00,,,,,,,509.0,509.0,0.46859998,0.0,1.0,1.1315,0.0,1.0
2025-05-20 12:00:00,,,,,,,509.0,509.0,,,0.0,,,0.0
2025-05-20 13:00:00,,,,,,,2553.0,2552.0,0.4186,0.0462,2.0,1.0983,0.014899969,2.0
2025-05-20 14:00:00,,,,,,,509.0,509.0,,,0.0,,,0.0
2025-05-20 15:00:00,,,,,,,509.0,509.0,1.7096,0.0,1.0,0.4461,0.0,1.0
2025-05-20 16:00:00,,,,,,,509.0,509.0,,,0.0,,,0.0
2025-05-20 17:00:00,,,,,,,1533.0,1533.0,,,0.0,,,0.0
2025-05-20 18:00:00,,,,,,,1533.0,1533.0,,,0.0,,,0.0
2025-05-20 19:00:00,,,,,,,1533.0,1533.0,,,0.0,,,0.0
2025-05-20 20:00:00,,,,,,,1533.0,1533.0,,,0.0,,,0.0
2025-05-20 21:00:00,,,,,,,1533.0,1533.0,,,0.0,,,0.0
2025-05-20 22:00:00,,,,,,,1529.0,1529.0,,,0.0,,,0.0
2025-05-20 23:00:00,,,,,,,1533.0,1533.0,,,0.0,,,0.0
2025-05-21 00:00:00,,,,,,,1533.0,1533.0,,,0.0,,,0.0
2025-05-21 01:00:00,,,,,,,1529.0,1529.0,,,0.0,,,0.0
2025-05-21 02:00:00,,,,,,,1529.0,1529.0,,,0.0,,,0.0
2025-05-21 03:00:00,,,,,,,1533.0,1533.0,,,0.0,,,0.0
2025-05-21 04:00:00,,,,,,,1533.0,1533.0,,,0.0,,,0.0
2025-05-21 05:00:00,,,,,,,1533.0,1533.0,,,0.0,,,0.0
2025-05-21 06:00:00,,,,,,,1533.0,1533.0,,,0.0,,,0.0
2025-05-21 07:00:00,,,,,,,509.0,509.0,,,0.0,,,0.0
2025-05-21 08:00:00,,,,,,,509.0,509.0,,,0.0,,,0.0
2025-05-21 09:00:00,,,,,,,509.0,509.0,,,0.0,,,0.0
2025-05-21 10:00:00,,,,,,,509.0,509.0,,,0.0,,,0.0
2025-05-21 11:00:00,,,,,,,509.0,509.0,,,0.0,,,0.0
2025-05-21 12:00:00,,,,,,,509.0,509.0,,,0.0,,,0.0
2025-05-21 13:00:00,,,,,,,509.0,509.0,,,0.0,,,0.0
2025-05-21 14:00:00,,,,,,,509.0,509.0,,,0.0,,,0.0
2025-05-21 15:00:00,,,,,,,509.0,509.0,,,0.0,,,0.0
2025-05-21 16:00:00,,,,,,,509.0,509.0,,,0.0,,,0.0
2025-05-21 17:00:00,,,,,,,1533.0,1533.0,,,0.0,,,0.0
2025-05-21 18:00:00,,,,,,,1533.0,1533.0,,,0.0,,,0.0
2025-05-21 19:00:00,,,,,,,1533.0,1533.0,,,0.0,,,0.0
2025-05-21 20:00:00,,,,,,,1533.0,1533.0,,,0.0,,,0.0
2025-05-21 21:00:00,,,,,,,1533.0,1533.0,,,0.0,,,0.0
2025-05-21 22:00:00,,,,,,,1529.0,1529.0,,,0.0,,,0.0
2025-05-21 23:00:00,,,,,,,1533.0,1533.0,,,0.0,,,0.0
2025-05-22 00:00:00,,,,,,,1533.0,1533.0,,,0.0,,,0.0
2025-05-22 01:00:00,,,,,,,1533.0,1533.0,,,0.0,,,0.0
2025-05-22 02:00:00,,,,,,,1529.0,1529.0,,,0.0,,,0.0
2025-05-22 03:00:00,,,,,,,1533.0,1533.0,,,0.0,,,0.0
2025-05-22 04:00:00,,,,,,,1533.0,1533.0,,,0.0,,,0.0
2025-05-22 05:00:00,,,,,,,1533.0,1533.0,,,0.0,,,0.0
2025-05-22 06:00:00,,,,,,,1533.0,1533.0,,,0.0,,,0.0
2025-05-22 07:00:00,,,,,,,509.0,509.0,,,0.0,,,0.0
2025-05-22 08:00:00,,,,,,,509.0,509.0,1.0524,0.0,1.0,0.9613999,0.0,1.0
2025-05-22 09:00:00,,,,,,,509.0,509.0,,,0.0,,,0.0
2025-05-22 10:00:00,,,,,,,509.0,509.0,,,0.0,,,0.0
2025-05-22 11:00:00,,,,,,,509.0,509.0,,,0.0,,,0.0
2025-05-22 12:00:00,,,,,,,509.0,509.0,,,0.0,,,0.0
2025-05-22 13:00:00,,,,,,,509.0,509.0,,,0.0,,,0.0
2025-05-22 14:00:00,,,,,,,509.0,509.0,,,0.0,,,0.0
2025-05-22 15:00:00,,,,,,,509.0,509.0,,,0.0,,,0.0
2025-05-22 16:00:00,,,,,,,509.0,509.0,,,0.0,,,0.0
2025-05-22 17:00:00,,,,,,,1533.0,1533.0,,,0.0,,,0.0
2025-05-22 18:00:00,,,,,,,1529.0,1529.0,,,0.0,,,0.0
2025-05-22 19:00:00,,,,,,,1533.0,1533.0,,,0.0,,,0.0
2025-05-22 20:00:00,,,,,,,1529.0,1529.0,,,0.0,,,0.0
2025-05-22 21:00:00,,,,,,,1533.0,1533.0,,,0.0,,,0.0
2025-05-22 22:00:00,,,,,,,1529.0,1529.0,,,0.0,,,0.0
2025-05-22 23:00:00,,,,,,,1529.0,1529.0,,,0.0,,,0.0
2025-05-23 00:00:00,,,,,,,1533.0,1533.0,,,0.0,,,0.0
2025-05-23 01:00:00,,,,,,,1273.0,1273.0,,,0.0,,,0.0
2025-05-23 02:00:00,,,,,,,1533.0,1533.0,,,0.0,,,0.0
2025-05-23 03:00:00,,,,,,,1533.0,1533.0,,,0.0,,,0.0
2025-05-23 04:00:00,,,,,,,1533.0,1533.0,,,0.0,,,0.0
2025-05-23 05:00:00,,,,,,,1533.0,1533.0,,,0.0,,,0.0
2025-05-23 06:00:00,,,,,,,1533.0,1533.0,,,0.0,,,0.0
2025-05-23 07:00:00,,,,,,,509.0,509.0,,,0.0,,,0.0
2025-05-23 08:00:00,,,,,,,509.0,509.0,,,0.0,,,0.0
2025-05-23 09:00:00,,,,,,,509.0,509.0,0.5696,0.0,1.0,1.1646999,0.0,1.0
2025-05-23 10:00:00,,,,,,,509.0,509.0,,,0.0,,,0.0
2025-05-23 11:00:00,,,,,,,509.0,509.0,,,0.0,,,0.0
2025-05-23 12:00:00,,,,,,,509.0,509.0,,,0.0,,,0.0
2025-05-23 13:00:00,,,,,,,509.0,509.0,,,0.0,,,0.0
2025-05-23 14:00:00,,,,,,,509.0,509.0,,,0.0,,,0.0
2025-05-23 15:00:00,,,,,,,509.0,509.0,,,0.0,,,0.0
2025-05-23 16:00:00,,,,,,,509.0,509.0,,,0.0,,,0.0
2025-05-23 17:00:00,,,,,,,1533.0,1533.0,,,0.0,,,0.0
2025-05-23 18:00:00,,,,,,,1533.0,1533.0,,,0.0,,,0.0
2025-05-23 19:00:00,,,,,,,1533.0,1533.0,,,0.0,,,0.0
2025-05-23 20:00:00,,,,,,,1533.0,1533.0,,,0.0,,,0.0
2025-05-23 21:00:00,,,,,,,1529.0,1529.0,,,0.0,,,0.0
2025-05-23 22:00:00,,,,,,,1533.0,1533.0,,,0.0,,,0.0
2025-05-23 23:00:00,,,,,,,1533.0,1533.0,,,0.0,,,0.0
2025-05-24 00:00:00,,,,,,,1533.0,1533.0,,,0.0,,,0.0
2025-05-24 01:00:00,,,,,,,1533.0,1533.0,,,0.0,,,0.0
2025-05-24 02:00:00,,,,,,,1529.0,1529.0,,,0.0,,,0.0
2025-05-24 03:00:00,,,,,,,1533.0,1533.0,,,0.0,,,0.0
2025-05-24 04:00:00,,,,,,,1533.0,1533.0,,,0.0,,,0.0
2025-05-24 05:00:00,,,,,,,1533.0,1533.0,,,0.0,,,0.0
2025-05-24 06:00:00,,,,,,,1533.0,1533.0,,,0.0,,,0.0
2025-05-24 07:00:00,,,,,,,505.0,505.0,,,0.0,,,0.0
2025-05-24 08:00:00,,,,,,,509.0,509.0,,,0.0,,,0.0
2025-05-24 09:00:00,,,,,,,509.0,509.0,,,0.0,,,0.0
2025-05-24 10:00:00,,,,,,,509.0,509.0,,,0.0,,,0.0
2025-05-24 11:00:00,,,,,,,509.0,509.0,,,0.0,,,0.0
2025-05-24 12:00:00,,,,,,,509.0,509.0,,,0.0,,,0.0
2025-05-24 13:00:00,,,,,,,509.0,509.0,,,0.0,,,0.0
2025-05-24 14:00:00,,,,,,,509.0,509.0,,,0.0,,,0.0
2025-05-24 15:00:00,,,,,,,509.0,509.0,,,0.0,,,0.0
2025-05-24 16:00:00,,,,,,,509.0,509.0,,,0.0,,,0.0
2025-05-24 17:00:00,,,,,,,1533.0,1533.0,,,0.0,,,0.0
2025-05-24 18:00:00,,,,,,,1533.0,1533.0,,,0.0,,,0.0
2025-05-24 19:00:00,,,,,,,1533.0,1533.0,,,0.0,,,0.0
2025-05-24 20:00:00,,,,,,,1533.0,1533.0,,,0.0,,,0.0
2025-05-24 21:00:00,,,,,,,1533.0,1533.0,,,0.0,,,0.0
2025-05-24 22:00:00,,,,,,,1529.0,1529.0,,,0.0,,,0.0
2025-05-24 23:00:00,,,,,,,1529.0,1529.0,,,0.0,,,0.0
2025-05-25 00:00:00,,,,,,,1529.0,1529.0,,,0.0,,,0.0
2025-05-25 01:00:00,,,,,,,1533.0,1533.0,,,0.0,,,0.0
2025-05-25 02:00:00,,,,,,,1533.0,1533.0,,,0.0,,,0.0
2025-05-25 03:00:00,,,,,,,1529.0,1529.0,,,0.0,,,0.0
2025-05-25 04:00:00,,,,,,,1533.0,1533.0,,,0.0,,,0.0
2025-05-25 05:00:00,,,,,,,1529.0,1529.0,,,0.0,,,0.0
2025-05-25 06:00:00,,,,,,,1273.0,1273.0,,,0.0,,,0.0
2025-05-25 07:00:00,,,,,,,2297.0,2296.0,0.2252,0.0,1.0,1.0036,0.0,1.0
2025-05-25 08:00:00,,,,,,,509.0,509.0,,,0.0,,,0.0
2025-05-25 09:00:00,,,,,,,509.0,509.0,,,0.0,,,0.0
2025-05-25 10:00:00,,,,,,,509.0,509.0,,,0.0,,,0.0
2025-05-25 11:00:00,,,,,,,509.0,509.0,,,0.0,,,0.0
2025-05-25 12:00:00,,,,,,,509.0,509.0,0.3638,0.021599999,3.0,1.0717,0.0036000013,3.0
2025-05-25 13:00:00,,,,,,,509.0,509.0,,,0.0,,,0.0
2025-05-25 14:00:00,,,,,,,509.0,509.0,,,0.0,,,0.0
2025-05-25 15:00:00,,,,,,,509.0,509.0,,,0.0,,,0.0
2025-05-25 16:00:00,,,,,,,509.0,509.0,,,0.0,,,0.0
2025-05-25 17:00:00,,,,,,,1533.0,1533.0,,,0.0,,,0.0
2025-05-25 18:00:00,,,,,,,1533.0,1533.0,,,0.0,,,0.0
2025-05-25 19:00:00,,,,,,,1533.0,1533.0,,,0.0,,,0.0
2025-05-25 20:00:00,,,,,,,1533.0,1533.0,,,0.0,,,0.0
2025-05-25 21:00:00,,,,,,,1533.0,1533.0,,,0.0,,,0.0
2025-05-25 22:00:00,,,,,,,1533.0,1533.0,,,0.0,,,0.0
2025-05-25 23:00:00,,,,,,,1533.0,1533.0,,,0.0,,,0.0
2025-05-26 00:00:00,,,,,,,1533.0,1533.0,,,0.0,,,0.0
2025-05-26 01:00:00,,,,,,,1533.0,1533.0,,,0.0,,,0.0
2025-05-26 02:00:00,,,,,,,1529.0,1529.0,,,0.0,,,0.0
2025-05-26 03:00:00,,,,,,,1529.0,1529.0,,,0.0,,,0.0
2025-05-26 04:00:00,,,,,,,1533.0,1533.0,,,0.0,,,0.0
2025-05-26 05:00:00,,,,,,,1533.0,1533.0,,,0.0,,,0.0
2025-05-26 06:00:00,,,,,,,1529.0,1529.0,,,0.0,,,0.0
2025-05-26 07:00:00,,,,,,,509.0,509.0,,,0.0,,,0.0
2025-05-26 08:00:00,,,,,,,509.0,509.0,,,0.0,,,0.0
2025-05-26 09:00:00,,,,,,,509.0,509.0,,,0.0,,,0.0
2025-05-26 10:00:00,,,,,,,509.0,509.0,,,0.0,,,0.0
2025-05-26 11:00:00,,,,,,,509.0,509.0,,,0.0,,,0.0
2025-05-26 12:00:00,,,,,,,509.0,509.0,,,0.0,,,0.0
2025-05-26 13:00:00,,,,,,,509.0,509.0,,,0.0,,,0.0
2025-05-26 14:00:00,,,,,,,509.0,509.0,,,0.0,,,0.0
2025-05-26 15:00:00,,,,,,,509.0,509.0,,,0.0,,,0.0
2025-05-26 16:00:00,,,,,,,509.0,509.0,,,0.0,,,0.0
2025-05-26 17:00:00,,,,,,,1533.0,1533.0,,,0.0,,,0.0
2025-05-26 18:00:00,,,,,,,1533.0,1533.0,,,0.0,,,0.0
2025-05-26 19:00:00,,,,,,,1533.0,1533.0,,,0.0,,,0.0
2025-05-26 20:00:00,,,,,,,1533.0,1533.0,,,0.0,,,0.0
2025-05-26 21:00:00,,,,,,,1533.0,1533.0,,,0.0,,,0.0
2025-05-26 22:00:00,,,,,,,1533.0,1533.0,,,0.0,,,0.0
2025-05-26 23:00:00,,,,,,,1533.0,1533.0,,,0.0,,,0.0
2025-05-27 00:00:00,,,,,,,1533.0,1533.0,,,0.0,,,0.0
2025-05-27 01:00:00,,,,,,,1529.0,1529.0,,,0.0,,,0.0
2025-05-27 02:00:00,,,,,,,1529.0,1529.0,,,0.0,,,0.0
2025-05-27 03:00:00,,,,,,,1273.0,1273.0,,,0.0,,,0.0
2025-05-27 04:00:00,,,,,,,1273.0,1273.0,,,0.0,,,0.0
2025-05-27 05:00:00,,,,,,,1273.0,1273.0,,,0.0,,,0.0
2025-05-27 06:00:00,,,,,,,1533.0,1533.0,,,0.0,,,0.0
2025-05-27 07:00:00,,,,,,,509.0,509.0,,,0.0,,,0.0
2025-05-27 08:00:00,,,,,,,509.0,509.0,0.3804,0.0,1.0,0.9835,0.0,1.0
2025-05-27 09:00:00,,,,,,,509.0,509.0,,,0.0,,,0.0
2025-05-27 10:00:00,,,,,,,509.0,509.0,,,0.0,,,0.0
2025-05-27 11:00:00,,,,,,,509.0,509.0,,,0.0,,,0.0
2025-05-27 12:00:00,,,,,,,509.0,509.0,,,0.0,,,0.0
2025-05-27 13:00:00,,,,,,,509.0,509.0,,,0.0,,,0.0
2025-05-27 14:00:00,,,,,,,509.0,509.0,,,0.0,,,0.0
2025-05-27 15:00:00,,,,,,,509.0,509.0,,,0.0,,,0.0
2025-05-27 16:00:00,,,,,,,509.0,509.0,,,0.0,,,0.0
2025-05-27 17:00:00,,,,,,,1533.0,1533.0,,,0.0,,,0.0
2025-05-27 18:00:00,,,,,,,1533.0,1533.0,,,0.0,,,0.0
2025-05-27 19:00:00,,,,,,,1533.0,1533.0,,,0.0,,,0.0
2025-05-27 20:00:00,,,,,,,1533.0,1533.0,,,0.0,,,0.0
2025-05-27 21:00:00,,,,,,,1533.0,1533.0,,,0.0,,,0.0
2025-05-27 22:00:00,,,,,,,1533.0,1533.0,,,0.0,,,0.0
2025-05-27 23:00:00,,,,,,,1533.0,1533.0,,,0.0,,,0.0
2025-05-28 00:00:00,,,,,,,1529.0,1529.0,,,0.0,,,0.0
2025-05-28 01:00:00,,,,,,,1529.0,1529.0,,,0.0,,,0.0
2025-05-28 02:00:00,,,,,,,1529.0,1529.0,,,0.0,,,0.0
2025-05-28 03:00:00,,,,,,,1529.0,1529.0,,,0.0,,,0.0
2025-05-28 04:00:00,,,,,,,1533.0,1533.0,,,0.0,,,0.0
2025-05-28 05:00:00,,,,,,,1533.0,1533.0,,,0.0,,,0.0
2025-05-28 06:00:00,,,,,,,1533.0,1533.0,,,0.0,,,0.0
2025-05-28 07:00:00,,,,,,,509.0,509.0,,,0.0,,,0.0
2025-05-28 08:00:00,,,,,,,509.0,509.0,,,0.0,,,0.0
2025-05-28 09:00:00,,,,,,,509.0,509.0,,,0.0,,,0.0
2025-05-28 10:00:00,,,,,,,505.0,505.0,,,0.0,,,0.0
2025-05-28 11:00:00,,,,,,,505.0,505.0,,,0.0,,,0.0
2025-05-28 12:00:00,,,,,,,505.0,505.0,,,0.0,,,0.0
2025-05-28 13:00:00,,,,,,,509.0,509.0,,,0.0,,,0.0
2025-05-28 14:00:00,,,,,,,509.0,509.0,,,0.0,,,0.0
2025-05-28 15:00:00,,,,,,,509.0,509.0,,,0.0,,,0.0
2025-05-28 16:00:00,,,,,,,509.0,509.0,,,0.0,,,0.0
2025-05-28 17:00:00,,,,,,,1533.0,1533.0,,,0.0,,,0.0
2025-05-28 18:00:00,,,,,,,1533.0,1533.0,,,0.0,,,0.0
2025-05-28 19:00:00,,,,,,,1533.0,1533.0,,,0.0,,,0.0
2025-05-28 20:00:00,,,,,,,1533.0,1533.0,,,0.0,,,0.0
2025-05-28 21:00:00,,,,,,,1533.0,1533.0,,,0.0,,,0.0
2025-05-28 22:00:00,,,,,,,1529.0,1529.0,,,0.0,,,0.0
2025-05-28 23:00:00,,,,,,,1273.0,1273.0,,,0.0,,,0.0
2025-05-29 00:00:00,,,,,,,1273.0,1273.0,,,0.0,,,0.0
2025-05-29 01:00:00,,,,,,,1533.0,1533.0,,,0.0,,,0.0
2025-05-29 02:00:00,,,,,,,1533.0,1533.0,,,0.0,,,0.0
2025-05-29 03:00:00,,,,,,,1529.0,1529.0,,,0.0,,,0.0
2025-05-29 04:00:00,,,,,,,1533.0,1533.0,,,0.0,,,0.0
2025-05-29 05:00:00,,,,,,,1529.0,1529.0,,,0.0,,,0.0
2025-05-29 06:00:00,,,,,,,1533.0,1533.0,,,0.0,,,0.0
2025-05-29 07:00:00,,,,,,,509.0,509.0,,,0.0,,,0.0
2025-05-29 08:00:00,,,,,,,509.0,509.0,,,0.0,,,0.0
2025-05-29 09:00:00,,,,,,,509.0,509.0,0.6178,0.0,1.0,1.3786,0.0,1.0
2025-05-29 10:00:00,,,,,,,509.0,509.0,,,0.0,,,0.0
2025-05-29 11:00:00,,,,,,,509.0,509.0,,,0.0,,,0.0
2025-05-29 12:00:00,,,,,,,509.0,509.0,,,0.0,,,0.0
2025-05-29 13:00:00,,,,,,,509.0,509.0,,,0.0,,,0.0
2025-05-29 14:00:00,,,,,,,509.0,509.0,,,0.0,,,0.0
2025-05-29 15:00:00,,,,,,,509.0,509.0,,,0.0,,,0.0
2025-05-29 16:00:00,,,,,,,509.0,509.0,,,0.0,,,0.0
2025-05-29 17:00:00,,,,,,,1533.0,1533.0,,,0.0,,,0.0
2025-05-29 18:00:00,,,,,,,1533.0,1533.0,,,0.0,,,0.0
2025-05-29 19:00:00,,,,,,,1533.0,1533.0,,,0.0,,,0.0
2025-05-29 20:00:00,,,,,,,1533.0,1533.0,,,0.0,,,0.0
2025-05-29 21:00:00,,,,,,,1529.0,1529.0,,,0.0,,,0.0
2025-05-29 22:00:00,,,,,,,1533.0,1533.0,,,0.0,,,0.0
2025-05-29 23:00:00,,,,,,,1533.0,1533.0,,,0.0,,,0.0
2025-05-30 00:00:00,,,,,,,1533.0,1533.0,,,0.0,,,0.0
2025-05-30 01:00:00,,,,,,,1533.0,1533.0,,,0.0,,,0.0
2025-05-30 02:00:00,,,,,,,1533.0,1533.0,,,0.0,,,0.0
2025-05-30 03:00:00,,,,,,,1533.0,1533.0,,,0.0,,,0.0
2025-05-30 04:00:00,,,,,,,1533.0,1533.0,,,0.0,,,0.0
2025-05-30 05:00:00,,,,,,,1533.0,1533.0,,,0.0,,,0.0
2025-05-30 06:00:00,,,,,,,1533.0,1533.0,,,0.0,,,0.0
2025-05-30 07:00:00,,,,,,,509.0,509.0,,,0.0,,,0.0
2025-05-30 08:00:00,,,,,,,509.0,509.0,,,0.0,,,0.0
2025-05-30 09:00:00,,,,,,,505.0,505.0,0.4906,0.0,1.0,1.1055,0.0,1.0
2025-05-30 10:00:00,,,,,,,509.0,509.0,,,0.0,,,0.0
2025-05-30 11:00:00,,,,,,,505.0,505.0,0.2192,0.0,1.0,0.7204,0.0,1.0
2025-05-30 12:00:00,,,,,,,509.0,509.0,,,0.0,,,0.0
2025-05-30 13:00:00,,,,,,,505.0,504.0,0.12619999,0.1218,2.0,0.7837,0.029999971,2.0
2025-05-30 14:00:00,,,,,,,509.0,509.0,,,0.0,,,0.0
2025-05-30 15:00:00,,,,,,,509.0,509.0,,,0.0,,,0.0
2025-05-30 16:00:00,,,,,,,509.0,509.0,,,0.0,,,0.0
2025-05-30 17:00:00,,,,,,,1533.0,1533.0,,,0.0,,,0.0
2025-05-30 18:00:00,,,,,,,1533.0,1533.0,,,0.0,,,0.0
2025-05-30 19:00:00,,,,,,,1533.0,1533.0,,,0.0,,,0.0
2025-05-30 20:00:00,,,,,,,1533.0,1533.0,,,0.0,,,0.0
2025-05-30 21:00:00,,,,,,,1533.0,1533.0,,,0.0,,,0.0
2025-05-30 22:00:00,,,,,,,1533.0,1533.0,,,0.0,,,0.0
2025-05-30 23:00:00,,,,,,,1533.0,1533.0,,,0.0,,,0.0
2025-05-31 00:00:00,,,,,,,1533.0,1533.0,,,0.0,,,0.0
2025-05-31 01:00:00,,,,,,,1533.0,1533.0,,,0.0,,,0.0
2025-05-31 02:00:00,,,,,,,1533.0,1533.0,,,0.0,,,0.0
2025-05-31 03:00:00,,,,,,,1533.0,1533.0,,,0.0,,,0.0
2025-05-31 04:00:00,,,,,,,1533.0,1533.0,,,0.0,,,0.0
2025-05-31 05:00:00,,,,,,,1533.0,1533.0,,,0.0,,,0.0
2025-05-31 06:00:00,,,,,,,1533.0,1533.0,,,0.0,,,0.0
2025-05-31 07:00:00,,,,,,,509.0,509.0,,,0.0,,,0.0
2025-05-31 08:00:00,,,,,,,505.0,505.0,,,0.0,,,0.0
2025-05-31 09:00:00,,,,,,,509.0,509.0,,,0.0,,,0.0
2025-05-31 10:00:00,,,,,,,509.0,509.0,,,0.0,,,0.0
2025-05-31 11:00:00,,,,,,,509.0,509.0,,,0.0,,,0.0
2025-05-31 12:00:00,,,,,,,509.0,509.0,,,0.0,,,0.0
2025-05-31 13:00:00,,,,,,,509.0,509.0,,,0.0,,,0.0
2025-05-31 14:00:00,,,,,,,509.0,509.0,,,0.0,,,0.0
2025-05-31 15:00:00,,,,,,,509.0,509.0,,,0.0,,,0.0
2025-05-31 16:00:00,,,,,,,509.0,509.0,,,0.0,,,0.0
2025-05-31 17:00:00,,,,,,,1533.0,1533.0,,,0.0,,,0.0
2025-05-31 18:00:00,,,,,,,1533.0,1533.0,,,0.0,,,0.0
2025-05-31 19:00:00,,,,,,,1533.0,1533.0,,,0.0,,,0.0
2025-05-31 20:00:00,,,,,,,1533.0,1533.0,,,0.0,,,0.0
2025-05-31 21:00:00,,,,,,,1533.0,1533.0,,,0.0,,,0.0
2025-05-31 22:00:00,,,,,,,1533.0,1533.0,,,0.0,,,0.0
2025-05-31 23:00:00,,,,,,,1533.0,1533.0,,,0.0,,,0.0
2025-06-01 00:00:00,,,,,,,1533.0,1533.0,,,0.0,,,0.0
2025-06-01 01:00:00,,,,,,,1533.0,1533.0,,,0.0,,,0.0
2025-06-01 02:00:00,,,,,,,1533.0,1533.0,,,0.0,,,0.0
2025-06-01 03:00:00,,,,,,,1533.0,1533.0,,,0.0,,,0.0
2025-06-01 04:00:00,,,,,,,1529.0,1529.0,,,0.0,,,0.0
2025-06-01 05:00:00,,,,,,,1533.0,1533.0,,,0.0,,,0.0
2025-06-01 06:00:00,,,,,,,1533.0,1533.0,,,0.0,,,0.0
2025-06-01 07:00:00,,,,,,,509.0,509.0,,,0.0,,,0.0
2025-06-01 08:00:00,,,,,,,509.0,509.0,,,0.0,,,0.0
2025-06-01 09:00:00,,,,,,,509.0,509.0,0.2148,0.0,1.0,0.9138,0.0,1.0
2025-06-01 10:00:00,,,,,,,509.0,509.0,0.0022,0.0,1.0,0.9268,0.0,1.0
2025-06-01 11:00:00,,,,,,,509.0,509.0,0.0074,0.0,1.0,0.9841,0.0,1.0
2025-06-01 12:00:00,,,,,,,509.0,509.0,,,0.0,,,0.0
2025-06-01 13:00:00,,,,,,,509.0,509.0,,,0.0,,,0.0
2025-06-01 14:00:00,,,,,,,509.0,509.0,,,0.0,,,0.0
2025-06-01 15:00:00,,,,,,,509.0,509.0,,,0.0,,,0.0
2025-06-01 16:00:00,,,,,,,509.0,509.0,,,0.0,,,0.0
2025-06-01 17:00:00,,,,,,,1533.0,1533.0,,,0.0,,,0.0
2025-06-01 18:00:00,,,,,,,1533.0,1533.0,,,0.0,,,0.0
2025-06-01 19:00:00,,,,,,,1533.0,1533.0,,,0.0,,,0.0
2025-06-01 20:00:00,,,,,,,1533.0,1533.0,,,0.0,,,0.0
2025-06-01 21:00:00,,,,,,,1529.0,1529.0,,,0.0,,,0.0
2025-06-01 22:00:00,,,,,,,1533.0,1533.0,,,0.0,,,0.0
2025-06-01 23:00:00,,,,,,,1533.0,1533.0,,,0.0,,,0.0
2025-06-02 00:00:00,,,,,,,1533.0,1533.0,,,0.0,,,0.0
2025-06-02 01:00:00,,,,,,,1533.0,1533.0,,,0.0,,,0.0
2025-06-02 02:00:00,,,,,,,1533.0,1533.0,,,0.0,,,0.0
2025-06-02 03:00:00,,,,,,,1533.0,1533.0,,,0.0,,,0.0
2025-06-02 04:00:00,,,,,,,1533.0,1533.0,,,0.0,,,0.0
2025-06-02 05:00:00,,,,,,,1529.0,1529.0,,,0.0,,,0.0
2025-06-02 06:00:00,,,,,,,1533.0,1533.0,,,0.0,,,0.0
2025-06-02 07:00:00,,,,,,,509.0,509.0,,,0.0,,,0.0
2025-06-02 08:00:00,,,,,,,509.0,509.0,,,0.0,,,0.0
2025-06-02 09:00:00,,,,,,,509.0,509.0,,,0.0,,,0.0
2025-06-02 10:00:00,,,,,,,509.0,509.0,,,0.0,,,0.0
2025-06-02 11:00:00,,,,,,,509.0,509.0,,,0.0,,,0.0
2025-06-02 12:00:00,,,,,,,509.0,509.0,,,0.0,,,0.0
2025-06-02 13:00:00,,,,,,,509.0,509.0,,,0.0,,,0.0
2025-06-02 14:00:00,,,,,,,509.0,509.0,,,0.0,,,0.0
2025-06-02 15:00:00,,,,,,,509.0,509.0,,,0.0,,,0.0
2025-06-02 16:00:00,,,,,,,509.0,509.0,,,0.0,,,0.0
2025-06-02 17:00:00,,,,,,,1533.0,1533.0,,,0.0,,,0.0
2025-06-02 18:00:00,,,,,,,1533.0,1533.0,,,0.0,,,0.0
2025-06-02 19:00:00,,,,,,,1533.0,1533.0,,,0.0,,,0.0
2025-06-02 20:00:00,,,,,,,1533.0,1533.0,,,0.0,,,0.0
2025-06-02 21:00:00,,,,,,,1529.0,1529.0,,,0.0,,,0.0
2025-06-02 22:00:00,,,,,,,1529.0,1529.0,,,0.0,,,0.0
2025-06-02 23:00:00,,,,,,,1533.0,1533.0,,,0.0,,,0.0
2025-06-03 00:00:00,,,,,,,1533.0,1533.0,,,0.0,,,0.0
2025-06-03 01:00:00,,,,,,,1533.0,1533.0,,,0.0,,,0.0
2025-06-03 02:00:00,,,,,,,1533.0,1533.0,,,0.0,,,0.0
2025-06-03 03:00:00,,,,,,,1533.0,1533.0,,,0.0,,,0.0
2025-06-03 04:00:00,,,,,,,1533.0,1533.0,,,0.0,,,0.0
2025-06-03 05:00:00,,,,,,,1533.0,1533.0,,,0.0,,,0.0
2025-06-03 06:00:00,,,,,,,1533.0,1533.0,,,0.0,,,0.0
2025-06-03 07:00:00,,,,,,,509.0,509.0,,,0.0,,,0.0
2025-06-03 08:00:00,,,,,,,509.0,509.0,,,0.0,,,0.0
2025-06-03 09:00:00,,,,,,,509.0,509.0,,,0.0,,,0.0
2025-06-03 10:00:00,,,,,,,509.0,509.0,,,0.0,,,0.0
2025-06-03 11:00:00,,,,,,,509.0,509.0,,,0.0,,,0.0
2025-06-03 12:00:00,,,,,,,509.0,509.0,,,0.0,,,0.0
2025-06-03 13:00:00,,,,,,,509.0,509.0,,,0.0,,,0.0
2025-06-03 14:00:00,,,,,,,509.0,509.0,,,0.0,,,0.0
2025-06-03 15:00:00,,,,,,,509.0,509.0,,,0.0,,,0.0
2025-06-03 16:00:00,,,,,,,509.0,509.0,,,0.0,,,0.0
2025-06-03 17:00:00,,,,,,,1533.0,1533.0,,,0.0,,,0.0
2025-06-03 18:00:00,,,,,,,1533.0,1533.0,,,0.0,,,0.0
2025-06-03 19:00:00,,,,,,,1533.0,1533.0,,,0.0,,,0.0
2025-06-03 20:00:00,,,,,,,1533.0,1533.0,,,0.0,,,0.0
2025-06-03 21:00:00,,,,,,,1533.0,1533.0,,,0.0,,,0.0
2025-06-03 22:00:00,,,,,,,1533.0,1533.0,,,0.0,,,0.0
2025-06-03 23:00:00,,,,,,,1533.0,1533.0,,,0.0,,,0.0
2025-06-04 00:00:00,,,,,,,1533.0,1533.0,,,0.0,,,0.0
2025-06-04 01:00:00,,,,,,,1533.0,1533.0,,,0.0,,,0.0
2025-06-04 02:00:00,,,,,,,1533.0,1533.0,,,0.0,,,0.0
2025-06-04 03:00:00,,,,,,,1533.0,1533.0,,,0.0,,,0.0
2025-06-04 04:00:00,,,,,,,1529.0,1529.0,,,0.0,,,0.0
2025-06-04 05:00:00,,,,,,,1529.0,1529.0,,,0.0,,,0.0
2025-06-04 06:00:00,,,,,,,1533.0,1533.0,,,0.0,,,0.0
2025-06-04 07:00:00,,,,,,,509.0,509.0,,,0.0,,,0.0
2025-06-04 08:00:00,,,,,,,509.0,509.0,,,0.0,,,0.0
2025-06-04 09:00:00,,,,,,,509.0,509.0,,,0.0,,,0.0
2025-06-04 10:00:00,,,,,,,509.0,509.0,,,0.0,,,0.0
2025-06-04 11:00:00,,,,,,,509.0,509.0,,,0.0,,,0.0
2025-06-04 12:00:00,,,,,,,509.0,509.0,,,0.0,,,0.0
2025-06-04 13:00:00,,,,,,,509.0,509.0,,,0.0,,,0.0
2025-06-04 14:00:00,,,,,,,509.0,509.0,,,0.0,,,0.0
2025-06-04 15:00:00,,,,,,,509.0,509.0,,,0.0,,,0.0
2025-06-04 16:00:00,,,,,,,509.0,509.0,,,0.0,,,0.0
2025-06-04 17:00:00,,,,,,,1533.0,1533.0,,,0.0,,,0.0
2025-06-04 18:00:00,,,,,,,1533.0,1533.0,,,0.0,,,0.0
2025-06-04 19:00:00,,,,,,,1533.0,1533.0,,,0.0,,,0.0
2025-06-04 20:00:00,,,,,,,1529.0,1529.0,,,0.0,,,0.0
2025-06-04 21:00:00,,,,,,,1533.0,1533.0,,,0.0,,,0.0
2025-06-04 22:00:00,,,,,,,1533.0,1533.0,,,0.0,,,0.0
2025-06-04 23:00:00,,,,,,,1529.0,1529.0,,,0.0,,,0.0
2025-06-05 00:00:00,,,,,,,1529.0,1529.0,,,0.0,,,0.0
2025-06-05 01:00:00,,,,,,,1273.0,1273.0,,,0.0,,,0.0
2025-06-05 02:00:00,,,,,,,1273.0,1273.0,,,0.0,,,0.0
2025-06-05 03:00:00,,,,,,,1533.0,1533.0,,,0.0,,,0.0
2025-06-05 04:00:00,,,,,,,1273.0,1273.0,,,0.0,,,0.0
2025-06-05 05:00:00,,,,,,,1533.0,1533.0,,,0.0,,,0.0
2025-06-05 06:00:00,,,,,,,1533.0,1533.0,,,0.0,,,0.0
2025-06-05 07:00:00,,,,,,,2553.0,2552.0,0.3396,0.0,1.0,0.8823999,0.0,1.0
2025-06-05 08:00:00,,,,,,,509.0,509.0,0.2976,0.0316,5.0,0.9051,0.018299997,5.0
2025-06-05 09:00:00,,,,,,,509.0,509.0,0.4574,0.056399997,2.0,0.94519997,0.014299989,2.0
2025-06-05 10:00:00,,,,,,,509.0,509.0,,,0.0,,,0.0
2025-06-05 11:00:00,,,,,,,509.0,509.0,,,0.0,,,0.0
2025-06-05 12:00:00,,,,,,,509.0,509.0,,,0.0,,,0.0
2025-06-05 13:00:00,,,,,,,509.0,509.0,,,0.0,,,0.0
2025-06-05 14:00:00,,,,,,,509.0,509.0,,,0.0,,,0.0
2025-06-05 15:00:00,,,,,,,509.0,509.0,1.133,0.0,1.0,0.6424,0.0,1.0
2025-06-05 16:00:00,,,,,,,509.0,509.0,,,0.0,,,0.0
2025-06-05 17:00:00,,,,,,,1533.0,1533.0,,,0.0,,,0.0
2025-06-05 18:00:00,,,,,,,1533.0,1533.0,,,0.0,,,0.0
2025-06-05 19:00:00,,,,,,,1533.0,1533.0,,,0.0,,,0.0
2025-06-05 20:00:00,,,,,,,1273.0,1273.0,,,0.0,,,0.0
2025-06-05 21:00:00,,,,,,,1273.0,1273.0,,,0.0,,,0.0
2025-06-05 22:00:00,,,,,,,1273.0,1273.0,,,0.0,,,0.0
2025-06-05 23:00:00,,,,,,,1529.0,1529.0,,,0.0,,,0.0
2025-06-06 00:00:00,,,,,,,1273.0,1273.0,,,0.0,,,0.0
2025-06-06 01:00:00,,,,,,,1273.0,1273.0,,,0.0,,,0.0
2025-06-06 02:00:00,,,,,,,1273.0,1273.0,,,0.0,,,0.0
2025-06-06 03:00:00,,,,,,,1273.0,1273.0,,,0.0,,,0.0
2025-06-06 04:00:00,,,,,,,1273.0,1273.0,,,0.0,,,0.0
2025-06-06 05:00:00,,,,,,,1273.0,1273.0,,,0.0,,,0.0
2025-06-06 06:00:00,,,,,,,1533.0,1533.0,,,0.0,,,0.0
2025-06-06 07:00:00,,,,,,,2297.0,2296.0,0.2498,0.0,1.0,0.8507999,0.0,1.0
2025-06-06 08:00:00,,,,,,,509.0,509.0,0.24919999,0.0186,3.0,0.88409996,0.013499975,3.0
2025-06-06 09:00:00,,,,,,,509.0,509.0,,,0.0,,,0.0
2025-06-06 10:00:00,,,,,,,509.0,509.0,,,0.0,,,0.0
2025-06-06 11:00:00,,,,,,,509.0,509.0,,,0.0,,,0.0
2025-06-06 12:00:00,,,,,,,509.0,509.0,,,0.0,,,0.0
2025-06-06 13:00:00,,,,,,,509.0,509.0,,,0.0,,,0.0
2025-06-06 14:00:00,,,,,,,509.0,509.0,,,0.0,,,0.0
2025-06-06 15:00:00,,,,,,,509.0,509.0,,,0.0,,,0.0
2025-06-06 16:00:00,,,,,,,509.0,509.0,,,0.0,,,0.0
2025-06-06 17:00:00,,,,,,,1533.0,1533.0,,,0.0,,,0.0
2025-06-06 18:00:00,,,,,,,1533.0,1533.0,,,0.0,,,0.0
2025-06-06 19:00:00,,,,,,,1529.0,1529.0,,,0.0,,,0.0
2025-06-06 20:00:00,,,,,,,1529.0,1529.0,,,0.0,,,0.0
2025-06-06 21:00:00,,,,,,,1529.0,1529.0,,,0.0,,,0.0
2025-06-06 22:00:00,,,,,,,1533.0,1533.0,,,0.0,,,0.0
2025-06-06 23:00:00,,,,,,,1533.0,1533.0,,,0.0,,,0.0
2025-06-07 00:00:00,,,,,,,1533.0,1533.0,,,0.0,,,0.0
2025-06-07 01:00:00,,,,,,,1533.0,1533.0,,,0.0,,,0.0
2025-06-07 02:00:00,,,,,,,1533.0,1533.0,,,0.0,,,0.0
2025-06-07 03:00:00,,,,,,,1533.0,1533.0,,,0.0,,,0.0
2025-06-07 04:00:00,,,,,,,1529.0,1529.0,,,0.0,,,0.0
2025-06-07 05:00:00,,,,,,,1273.0,1273.0,,,0.0,,,0.0
2025-06-07 06:00:00,,,,,,,1533.0,1533.0,,,0.0,,,0.0
2025-06-07 07:00:00,,,,,,,2553.0,2552.0,0.3464,0.0,1.0,0.8915,0.0,1.0
2025-06-07 08:00:00,,,,,,,509.0,509.0,0.2778,0.070599996,3.0,0.97589993,0.015900016,3.0
2025-06-07 09:00:00,,,,,,,509.0,509.0,,,0.0,,,0.0
2025-06-07 10:00:00,,,,,,,509.0,509.0,,,0.0,,,0.0
2025-06-07 11:00:00,,,,,,,509.0,509.0,,,0.0,,,0.0
2025-06-07 12:00:00,,,,,,,509.0,509.0,,,0.0,,,0.0
2025-06-07 13:00:00,,,,,,,509.0,509.0,,,0.0,,,0.0
2025-06-07 14:00:00,,,,,,,509.0,509.0,,,0.0,,,0.0
2025-06-07 15:00:00,,,,,,,509.0,509.0,,,0.0,,,0.0
2025-06-07 16:00:00,,,,,,,509.0,509.0,,,0.0,,,0.0
2025-06-07 17:00:00,,,,,,,1533.0,1533.0,,,0.0,,,0.0
2025-06-07 18:00:00,,,,,,,1533.0,1533.0,,,0.0,,,0.0
2025-06-07 19:00:00,,,,,,,1533.0,1533.0,,,0.0,,,0.0
2025-06-07 20:00:00,,,,,,,1533.0,1533.0,,,0.0,,,0.0
2025-06-07 21:00:00,,,,,,,1533.0,1533.0,,,0.0,,,0.0
2025-06-07 22:00:00,,,,,,,1529.0,1529.0,,,0.0,,,0.0
2025-06-07 23:00:00,,,,,,,1533.0,1533.0,,,0.0,,,0.0
2025-06-08 00:00:00,,,,,,,1533.0,1533.0,,,0.0,,,0.0
2025-06-08 01:00:00,,,,,,,1533.0,1533.0,,,0.0,,,0.0
2025-06-08 02:00:00,,,,,,,1533.0,1533.0,,,0.0,,,0.0
2025-06-08 03:00:00,,,,,,,1533.0,1533.0,,,0.0,,,0.0
2025-06-08 04:00:00,,,,,,,1273.0,1273.0,,,0.0,,,0.0
2025-06-08 05:00:00,,,,,,,1273.0,1273.0,,,0.0,,,0.0
2025-06-08 06:00:00,,,,,,,1533.0,1533.0,,,0.0,,,0.0
2025-06-08 07:00:00,,,,,,,509.0,509.0,,,0.0,,,0.0
2025-06-08 08:00:00,,,,,,,505.0,504.0,0.4888,0.056599997,2.0,0.7542,0.014599979,2.0
2025-06-08 09:00:00,,,,,,,509.0,509.0,0.5406,0.0,1.0,0.7213,0.0,1.0
2025-06-08 10:00:00,,,,,,,509.0,509.0,,,0.0,,,0.0
2025-06-08 11:00:00,,,,,,,509.0,509.0,,,0.0,,,0.0
2025-06-08 12:00:00,,,,,,,509.0,509.0,,,0.0,,,0.0
2025-06-08 13:00:00,,,,,,,509.0,509.0,,,0.0,,,0.0
2025-06-08 14:00:00,,,,,,,509.0,509.0,,,0.0,,,0.0
2025-06-08 15:00:00,,,,,,,509.0,509.0,,,0.0,,,0.0
2025-06-08 16:00:00,,,,,,,509.0,509.0,,,0.0,,,0.0
2025-06-08 17:00:00,,,,,,,1533.0,1533.0,,,0.0,,,0.0
2025-06-08 18:00:00,,,,,,,1533.0,1533.0,,,0.0,,,0.0
2025-06-08 19:00:00,,,,,,,1533.0,1533.0,,,0.0,,,0.0
2025-06-08 20:00:00,,,,,,,1533.0,1533.0,,,0.0,,,0.0
2025-06-08 21:00:00,,,,,,,1533.0,1533.0,,,0.0,,,0.0
2025-06-08 22:00:00,,,,,,,1533.0,1533.0,,,0.0,,,0.0
2025-06-08 23:00:00,,,,,,,1529.0,1529.0,,,0.0,,,0.0
2025-06-09 00:00:00,,,,,,,1533.0,1533.0,,,0.0,,,0.0
2025-06-09 01:00:00,,,,,,,1533.0,1533.0,,,0.0,,,0.0
2025-06-09 02:00:00,,,,,,,1533.0,1533.0,,,0.0,,,0.0
2025-06-09 03:00:00,,,,,,,1533.0,1533.0,,,0.0,,,0.0
2025-06-09 04:00:00,,,,,,,1533.0,1533.0,,,0.0,,,0.0
2025-06-09 05:00:00,,,,,,,1529.0,1529.0,,,0.0,,,0.0
2025-06-09 06:00:00,,,,,,,1533.0,1533.0,,,0.0,,,0.0
2025-06-09 07:00:00,,,,,,,509.0,509.0,,,0.0,,,0.0
2025-06-09 08:00:00,,,,,,,509.0,509.0,,,0.0,,,0.0
2025-06-09 09:00:00,,,,,,,509.0,509.0,,,0.0,,,0.0
2025-06-09 10:00:00,,,,,,,509.0,509.0,,,0.0,,,0.0
2025-06-09 11:00:00,,,,,,,509.0,509.0,,,0.0,,,0.0
2025-06-09 12:00:00,,,,,,,509.0,509.0,,,0.0,,,0.0
2025-06-09 13:00:00,,,,,,,509.0,509.0,,,0.0,,,0.0
2025-06-09 14:00:00,,,,,,,509.0,509.0,,,0.0,,,0.0
2025-06-09 15:00:00,,,,,,,509.0,509.0,,,0.0,,,0.0
2025-06-09 16:00:00,,,,,,,509.0,509.0,,,0.0,,,0.0
2025-06-09 17:00:00,,,,,,,1533.0,1533.0,,,0.0,,,0.0
2025-06-09 18:00:00,,,,,,,1533.0,1533.0,,,0.0,,,0.0
2025-06-09 19:00:00,,,,,,,1533.0,1533.0,,,0.0,,,0.0
2025-06-09 20:00:00,,,,,,,1533.0,1533.0,,,0.0,,,0.0
2025-06-09 21:00:00,,,,,,,1533.0,1533.0,,,0.0,,,0.0
2025-06-09 22:00:00,,,,,,,1533.0,1533.0,,,0.0,,,0.0
2025-06-09 23:00:00,,,,,,,1533.0,1533.0,,,0.0,,,0.0
2025-06-10 00:00:00,,,,,,,1533.0,1533.0,,,0.0,,,0.0
2025-06-10 01:00:00,,,,,,,1533.0,1533.0,,,0.0,,,0.0
2025-06-10 02:00:00,,,,,,,1533.0,1533.0,,,0.0,,,0.0
2025-06-10 03:00:00,,,,,,,1533.0,1533.0,,,0.0,,,0.0
2025-06-10 04:00:00,,,,,,,1533.0,1533.0,,,0.0,,,0.0
2025-06-10 05:00:00,,,,,,,1533.0,1533.0,,,0.0,,,0.0
2025-06-10 06:00:00,,,,,,,1533.0,1533.0,,,0.0,,,0.0
2025-06-10 07:00:00,,,,,,,509.0,509.0,,,0.0,,,0.0
2025-06-10 08:00:00,,,,,,,509.0,509.0,,,0.0,,,0.0
2025-06-10 09:00:00,,,,,,,509.0,509.0,,,0.0,,,0.0
2025-06-10 10:00:00,,,,,,,509.0,509.0,,,0.0,,,0.0
2025-06-10 11:00:00,,,,,,,509.0,509.0,,,0.0,,,0.0
2025-06-10 12:00:00,,,,,,,509.0,509.0,,,0.0,,,0.0
2025-06-10 13:00:00,,,,,,,509.0,509.0,,,0.0,,,0.0
2025-06-10 14:00:00,,,,,,,509.0,509.0,,,0.0,,,0.0
2025-06-10 15:00:00,,,,,,,509.0,509.0,,,0.0,,,0.0
2025-06-10 16:00:00,,,,,,,509.0,509.0,,,0.0,,,0.0
2025-06-10 17:00:00,,,,,,,1533.0,1533.0,,,0.0,,,0.0
2025-06-10 18:00:00,,,,,,,1533.0,1533.0,,,0.0,,,0.0
2025-06-10 19:00:00,,,,,,,1533.0,1533.0,,,0.0,,,0.0
2025-06-10 20:00:00,,,,,,,1533.0,1533.0,,,0.0,,,0.0
2025-06-10 21:00:00,,,,,,,1533.0,1533.0,,,0.0,,,0.0
2025-06-10 22:00:00,,,,,,,1533.0,1533.0,,,0.0,,,0.0
2025-06-10 23:00:00,,,,,,,1533.0,1533.0,,,0.0,,,0.0
2025-06-11 00:00:00,,,,,,,1529.0,1529.0,,,0.0,,,0.0
2025-06-11 01:00:00,,,,,,,1533.0,1533.0,,,0.0,,,0.0
2025-06-11 02:00:00,,,,,,,1533.0,1533.0,,,0.0,,,0.0
2025-06-11 03:00:00,,,,,,,1533.0,1533.0,,,0.0,,,0.0
2025-06-11 04:00:00,,,,,,,1533.0,1533.0,,,0.0,,,0.0
2025-06-11 05:00:00,,,,,,,1529.0,1529.0,,,0.0,,,0.0
2025-06-11 06:00:00,,,,,,,1533.0,1533.0,,,0.0,,,0.0
2025-06-11 07:00:00,,,,,,,509.0,509.0,,,0.0,,,0.0
2025-06-11 08:00:00,,,,,,,509.0,509.0,,,0.0,,,0.0
2025-06-11 09:00:00,,,,,,,509.0,509.0,,,0.0,,,0.0
2025-06-11 10:00:00,,,,,,,509.0,509.0,,,0.0,,,0.0
2025-06-11 11:00:00,,,,,,,509.0,509.0,,,0.0,,,0.0
2025-06-11 12:00:00,,,,,,,509.0,509.0,,,0.0,,,0.0
2025-06-11 13:00:00,,,,,,,509.0,509.0,,,0.0,,,0.0
2025-06-11 14:00:00,,,,,,,509.0,509.0,,,0.0,,,0.0
2025-06-11 15:00:00,,,,,,,509.0,509.0,,,0.0,,,0.0
2025-06-11 16:00:00,,,,,,,509.0,509.0,,,0.0,,,0.0
2025-06-11 17:00:00,,,,,,,1533.0,1533.0,,,0.0,,,0.0
2025-06-11 18:00:00,,,,,,,1533.0,1533.0,,,0.0,,,0.0
2025-06-11 19:00:00,,,,,,,1529.0,1529.0,,,0.0,,,0.0
2025-06-11 20:00:00,,,,,,,1529.0,1529.0,,,0.0,,,0.0
2025-06-11 21:00:00,,,,,,,1533.0,1533.0,,,0.0,,,0.0
2025-06-11 22:00:00,,,,,,,1533.0,1533.0,,,0.0,,,0.0
2025-06-11 23:00:00,,,,,,,1533.0,1533.0,,,0.0,,,0.0
2025-06-12 00:00:00,,,,,,,1529.0,1529.0,,,0.0,,,0.0
2025-06-12 01:00:00,,,,,,,1529.0,1529.0,,,0.0,,,0.0
2025-06-12 02:00:00,,,,,,,1533.0,1533.0,,,0.0,,,0.0
2025-06-12 03:00:00,,,,,,,1529.0,1529.0,,,0.0,,,0.0
2025-06-12 04:00:00,,,,,,,1533.0,1533.0,,,0.0,,,0.0
2025-06-12 05:00:00,,,,,,,1529.0,1529.0,,,0.0,,,0.0
2025-06-12 06:00:00,,,,,,,1533.0,1533.0,,,0.0,,,0.0
2025-06-12 07:00:00,,,,,,,509.0,509.0,,,0.0,,,0.0
2025-06-12 08:00:00,,,,,,,509.0,509.0,,,0.0,,,0.0
2025-06-12 09:00:00,,,,,,,509.0,509.0,,,0.0,,,0.0
2025-06-12 10:00:00,,,,,,,509.0,509.0,,,0.0,,,0.0
2025-06-12 11:00:00,,,,,,,509.0,509.0,,,0.0,,,0.0
2025-06-12 12:00:00,,,,,,,509.0,509.0,,,0.0,,,0.0
2025-06-12 13:00:00,,,,,,,509.0,509.0,,,0.0,,,0.0
2025-06-12 14:00:00,,,,,,,509.0,509.0,,,0.0,,,0.0
2025-06-12 15:00:00,,,,,,,509.0,509.0,,,0.0,,,0.0
2025-06-12 16:00:00,,,,,,,509.0,509.0,,,0.0,,,0.0
2025-06-12 17:00:00,,,,,,,1533.0,1533.0,,,0.0,,,0.0
2025-06-12 18:00:00,,,,,,,1533.0,1533.0,,,0.0,,,0.0
2025-06-12 19:00:00,,,,,,,1533.0,1533.0,,,0.0,,,0.0
2025-06-12 20:00:00,,,,,,,1529.0,1529.0,,,0.0,,,0.0
2025-06-12 21:00:00,,,,,,,1529.0,1529.0,,,0.0,,,0.0
2025-06-12 22:00:00,,,,,,,1533.0,1533.0,,,0.0,,,0.0
2025-06-12 23:00:00,,,,,,,1533.0,1533.0,,,0.0,,,0.0
2025-06-13 00:00:00,,,,,,,1533.0,1533.0,,,0.0,,,0.0
2025-06-13 01:00:00,,,,,,,1533.0,1533.0,,,0.0,,,0.0
2025-06-13 02:00:00,,,,,,,1533.0,1533.0,,,0.0,,,0.0
2025-06-13 03:00:00,,,,,,,1533.0,1533.0,,,0.0,,,0.0
2025-06-13 04:00:00,,,,,,,1529.0,1529.0,,,0.0,,,0.0
2025-06-13 05:00:00,,,,,,,1533.0,1533.0,,,0.0,,,0.0
2025-06-13 06:00:00,,,,,,,1533.0,1533.0,,,0.0,,,0.0
2025-06-13 07:00:00,,,,,,,509.0,509.0,,,0.0,,,0.0
2025-06-13 08:00:00,,,,,,,509.0,509.0,,,0.0,,,0.0
2025-06-13 09:00:00,,,,,,,505.0,505.0,,,0.0,,,0.0
2025-06-13 10:00:00,,,,,,,509.0,509.0,,,0.0,,,0.0
2025-06-13 11:00:00,,,,,,,509.0,509.0,,,0.0,,,0.0
2025-06-13 12:00:00,,,,,,,509.0,509.0,,,0.0,,,0.0
2025-06-13 13:00:00,,,,,,,509.0,509.0,,,0.0,,,0.0
2025-06-13 14:00:00,,,,,,,509.0,509.0,,,0.0,,,0.0
2025-06-13 15:00:00,,,,,,,509.0,509.0,,,0.0,,,0.0
2025-06-13 16:00:00,,,,,,,509.0,509.0,,,0.0,,,0.0
2025-06-13 17:00:00,,,,,,,1533.0,1533.0,,,0.0,,,0.0
2025-06-13 18:00:00,,,,,,,1533.0,1533.0,,,0.0,,,0.0
2025-06-13 19:00:00,,,,,,,1529.0,1529.0,,,0.0,,,0.0
2025-06-13 20:00:00,,,,,,,1533.0,1533.0,,,0.0,,,0.0
2025-06-13 21:00:00,,,,,,,1533.0,1533.0,,,0.0,,,0.0
2025-06-13 22:00:00,,,,,,,1533.0,1533.0,,,0.0,,,0.0
2025-06-13 23:00:00,,,,,,,1533.0,1533.0,,,0.0,,,0.0
2025-06-14 00:00:00,,,,,,,1533.0,1533.0,,,0.0,,,0.0
2025-06-14 01:00:00,,,,,,,1533.0,1533.0,,,0.0,,,0.0
2025-06-14 02:00:00,,,,,,,1533.0,1533.0,,,0.0,,,0.0
2025-06-14 03:00:00,,,,,,,1533.0,1533.0,,,0.0,,,0.0
2025-06-14 04:00:00,,,,,,,1533.0,1533.0,,,0.0,,,0.0
2025-06-14 05:00:00,,,,,,,1533.0,1533.0,,,0.0,,,0.0
2025-06-14 06:00:00,,,,,,,1533.0,1533.0,,,0.0,,,0.0
2025-06-14 07:00:00,,,,,,,1533.0,1533.0,,,0.0,,,0.0
2025-06-14 08:00:00,,,,,,,509.0,509.0,,,0.0,,,0.0
2025-06-14 09:00:00,,,,,,,509.0,509.0,,,0.0,,,0.0
2025-06-14 10:00:00,,,,,,,509.0,509.0,,,0.0,,,0.0
2025-06-14 11:00:00,,,,,,,509.0,509.0,,,0.0,,,0.0
2025-06-14 12:00:00,,,,,,,509.0,509.0,,,0.0,,,0.0
2025-06-14 13:00:00,,,,,,,509.0,509.0,,,0.0,,,0.0
2025-06-14 14:00:00,,,,,,,509.0,509.0,,,0.0,,,0.0
2025-06-14 15:00:00,,,,,,,509.0,509.0,,,0.0,,,0.0
2025-06-14 16:00:00,,,,,,,509.0,509.0,,,0.0,,,0.0
2025-06-14 17:00:00,,,,,,,1533.0,1533.0,,,0.0,,,0.0
2025-06-14 18:00:00,,,,,,,1533.0,1533.0,,,0.0,,,0.0
2025-06-14 19:00:00,,,,,,,1533.0,1533.0,,,0.0,,,0.0
2025-06-14 20:00:00,,,,,,,1533.0,1533.0,,,0.0,,,0.0
2025-06-14 21:00:00,,,,,,,1533.0,1533.0,,,0.0,,,0.0
2025-06-14 22:00:00,,,,,,,1533.0,1533.0,,,0.0,,,0.0
2025-06-14 23:00:00,,,,,,,1533.0,1533.0,,,0.0,,,0.0
2025-06-15 00:00:00,,,,,,,1533.0,1533.0,,,0.0,,,0.0
2025-06-15 01:00:00,,,,,,,1533.0,1533.0,,,0.0,,,0.0
2025-06-15 02:00:00,,,,,,,1533.0,1533.0,,,0.0,,,0.0
2025-06-15 03:00:00,,,,,,,1533.0,1533.0,,,0.0,,,0.0
2025-06-15 04:00:00,,,,,,,1533.0,1533.0,,,0.0,,,0.0
2025-06-15 05:00:00,,,,,,,1533.0,1533.0,,,0.0,,,0.0
2025-06-15 06:00:00,,,,,,,1533.0,1533.0,,,0.0,,,0.0
2025-06-15 07:00:00,,,,,,,1533.0,1533.0,,,0.0,,,0.0
2025-06-15 08:00:00,,,,,,,509.0,509.0,,,0.0,,,0.0
2025-06-15 09:00:00,,,,,,,509.0,509.0,,,0.0,,,0.0
2025-06-15 10:00:00,,,,,,,509.0,509.0,,,0.0,,,0.0
2025-06-15 11:00:00,,,,,,,509.0,509.0,,,0.0,,,0.0
2025-06-15 12:00:00,,,,,,,505.0,505.0,0.5926,0.0,1.0,0.9993,0.0,1.0
2025-06-15 13:00:00,,,,,,,509.0,509.0,,,0.0,,,0.0
2025-06-15 14:00:00,,,,,,,509.0,509.0,0.4028,0.049,3.0,0.967,0.009199977,3.0
2025-06-15 15:00:00,,,,,,,509.0,509.0,1.2282,0.0206,5.0,0.7154,0.033500016,5.0
2025-06-15 16:00:00,,,,,,,509.0,509.0,1.3814,0.063,3.0,0.42909998,0.023899972,3.0
2025-06-15 17:00:00,,,,,,,1533.0,1533.0,0.6448,0.0972,3.0,0.45669997,0.0092999935,3.0
2025-06-15 18:00:00,,,,,,,1533.0,1533.0,,,0.0,,,0.0
2025-06-15 19:00:00,,,,,,,1529.0,1529.0,,,0.0,,,0.0
2025-06-15 20:00:00,,,,,,,1273.0,1273.0,,,0.0,,,0.0
2025-06-15 21:00:00,,,,,,,1273.0,1273.0,,,0.0,,,0.0
2025-06-15 22:00:00,,,,,,,1533.0,1533.0,,,0.0,,,0.0
2025-06-15 23:00:00,,,,,,,1533.0,1533.0,,,0.0,,,0.0
2025-06-16 00:00:00,,,,,,,1273.0,1273.0,,,0.0,,,0.0
2025-06-16 01:00:00,,,,,,,1529.0,1529.0,,,0.0,,,0.0
2025-06-16 02:00:00,,,,,,,1273.0,1273.0,,,0.0,,,0.0
2025-06-16 03:00:00,,,,,,,1273.0,1273.0,,,0.0,,,0.0
2025-06-16 04:00:00,,,,,,,1273.0,1273.0,,,0.0,,,0.0
2025-06-16 05:00:00,,,,,,,1529.0,1529.0,,,0.0,,,0.0
2025-06-16 06:00:00,,,,,,,1273.0,1273.0,,,0.0,,,0.0
2025-06-16 07:00:00,,,,,,,1273.0,1273.0,,,0.0,,,0.0
2025-06-16 08:00:00,,,,,,,509.0,509.0,0.6164,0.0,1.0,0.8313,0.0,1.0
2025-06-16 09:00:00,,,,,,,509.0,509.0,0.43199998,0.0,1.0,0.91789997,0.0,1.0
2025-06-16 10:00:00,,,,,,,509.0,509.0,0.1812,0.0244,2.0,0.93289995,0.0029999614,2.0
2025-06-16 11:00:00,,,,,,,509.0,509.0,0.1706,0.0,1.0,0.987,0.0,1.0
2025-06-16 12:00:00,,,,,,,509.0,509.0,0.6768,0.0,1.0,1.0244,0.0,1.0
2025-06-16 13:00:00,,,,,,,509.0,509.0,0.583,0.0,1.0,1.0281,0.0,1.0
2025-06-16 14:00:00,,,,,,,509.0,509.0,,,0.0,,,0.0
2025-06-16 15:00:00,,,,,,,509.0,509.0,1.2193999,0.024,2.0,0.7039,0.023999989,2.0
2025-06-16 16:00:00,,,,,,,509.0,509.0,,,0.0,,,0.0
2025-06-16 17:00:00,,,,,,,1533.0,1533.0,,,0.0,,,0.0
2025-06-16 18:00:00,,,,,,,1533.0,1533.0,,,0.0,,,0.0
2025-06-16 19:00:00,,,,,,,1533.0,1533.0,,,0.0,,,0.0
2025-06-16 20:00:00,,,,,,,1533.0,1533.0,,,0.0,,,0.0
2025-06-16 21:00:00,,,,,,,1533.0,1533.0,,,0.0,,,0.0
2025-06-16 22:00:00,,,,,,,1533.0,1533.0,,,0.0,,,0.0
2025-06-16 23:00:00,,,,,,,1533.0,1533.0,,,0.0,,,0.0
2025-06-17 00:00:00,,,,,,,1533.0,1533.0,,,0.0,,,0.0
2025-06-17 01:00:00,,,,,,,1529.0,1529.0,,,0.0,,,0.0
2025-06-17 02:00:00,,,,,,,1533.0,1533.0,,,0.0,,,0.0
2025-06-17 03:00:00,,,,,,,1529.0,1529.0,,,0.0,,,0.0
2025-06-17 04:00:00,,,,,,,1533.0,1533.0,,,0.0,,,0.0
2025-06-17 05:00:00,,,,,,,1533.0,1533.0,,,0.0,,,0.0
2025-06-17 06:00:00,,,,,,,1533.0,1533.0,,,0.0,,,0.0
2025-06-17 07:00:00,,,,,,,1533.0,1533.0,,,0.0,,,0.0
2025-06-17 08:00:00,,,,,,,2553.0,2552.0,0.121199995,0.0734,5.0,0.94079995,0.0052999854,5.0
2025-06-17 09:00:00,,,,,,,505.0,504.0,0.063,0.0622,6.0,0.929,0.0073999763,4.0
2025-06-17 10:00:00,,,,,,,509.0,509.0,0.0708,0.0,2.0,0.9197999,0.0,2.0
2025-06-17 11:00:00,,,,,,,509.0,509.0,,,0.0,,,0.0
2025-06-17 12:00:00,,,,,,,509.0,509.0,,,0.0,,,0.0
2025-06-17 13:00:00,,,,,,,509.0,509.0,,,0.0,,,0.0
2025-06-17 14:00:00,,,,,,,509.0,509.0,,,0.0,,,0.0
2025-06-17 15:00:00,,,,,,,509.0,509.0,,,0.0,,,0.0
2025-06-17 16:00:00,,,,,,,509.0,509.0,,,0.0,,,0.0
2025-06-17 17:00:00,,,,,,,1533.0,1533.0,,,0.0,,,0.0
2025-06-17 18:00:00,,,,,,,1533.0,1533.0,,,0.0,,,0.0
2025-06-17 19:00:00,,,,,,,1533.0,1533.0,,,0.0,,,0.0
2025-06-17 20:00:00,,,,,,,1533.0,1533.0,,,0.0,,,0.0
2025-06-17 21:00:00,,,,,,,1533.0,1533.0,,,0.0,,,0.0
2025-06-17 22:00:00,,,,,,,1533.0,1533.0,,,0.0,,,0.0
2025-06-17 23:00:00,,,,,,,1533.0,1533.0,,,0.0,,,0.0
2025-06-18 00:00:00,,,,,,,1533.0,1533.0,,,0.0,,,0.0
2025-06-18 01:00:00,,,,,,,1533.0,1533.0,,,0.0,,,0.0
2025-06-18 02:00:00,,,,,,,1533.0,1533.0,,,0.0,,,0.0
2025-06-18 03:00:00,,,,,,,1529.0,1529.0,,,0.0,,,0.0
2025-06-18 04:00:00,,,,,,,1533.0,1533.0,,,0.0,,,0.0
2025-06-18 05:00:00,,,,,,,1533.0,1533.0,,,0.0,,,0.0
2025-06-18 06:00:00,,,,,,,1533.0,1533.0,,,0.0,,,0.0
2025-06-18 07:00:00,,,,,,,1533.0,1533.0,,,0.0,,,0.0
2025-06-18 08:00:00,,,,,,,505.0,505.0,,,0.0,,,0.0
2025-06-18 09:00:00,,,,,,,509.0,509.0,,,0.0,,,0.0
2025-06-18 10:00:00,,,,,,,509.0,509.0,0.3946,0.0,2.0,0.9326,0.0,2.0
2025-06-18 11:00:00,,,,,,,509.0,509.0,0.1112,0.111999996,3.0,0.95079994,0.0045999885,2.0
2025-06-18 12:00:00,,,,,,,509.0,509.0,,,0.0,,,0.0
2025-06-18 13:00:00,,,,,,,509.0,509.0,,,0.0,,,0.0
2025-06-18 14:00:00,,,,,,,509.0,509.0,,,0.0,,,0.0
2025-06-18 15:00:00,,,,,,,509.0,509.0,,,0.0,,,0.0
2025-06-18 16:00:00,,,,,,,509.0,509.0,,,0.0,,,0.0
2025-06-18 17:00:00,,,,,,,1533.0,1533.0,,,0.0,,,0.0
2025-06-18 18:00:00,,,,,,,1533.0,1533.0,,,0.0,,,0.0
2025-06-18 19:00:00,,,,,,,1529.0,1529.0,,,0.0,,,0.0
2025-06-18 20:00:00,,,,,,,1533.0,1533.0,,,0.0,,,0.0
2025-06-18 21:00:00,,,,,,,1533.0,1533.0,,,0.0,,,0.0
2025-06-18 22:00:00,,,,,,,1529.0,1529.0,,,0.0,,,0.0
2025-06-18 23:00:00,,,,,,,1533.0,1533.0,,,0.0,,,0.0
2025-06-19 00:00:00,,,,,,,1533.0,1533.0,,,0.0,,,0.0
2025-06-19 01:00:00,,,,,,,1529.0,1529.0,,,0.0,,,0.0
2025-06-19 02:00:00,,,,,,,1533.0,1533.0,,,0.0,,,0.0
2025-06-19 03:00:00,,,,,,,1533.0,1533.0,,,0.0,,,0.0
2025-06-19 04:00:00,,,,,,,1533.0,1533.0,,,0.0,,,0.0
2025-06-19 05:00:00,,,,,,,1273.0,1273.0,,,0.0,,,0.0
2025-06-19 06:00:00,,,,,,,1533.0,1533.0,,,0.0,,,0.0
2025-06-19 07:00:00,,,,,,,1533.0,1533.0,,,0.0,,,0.0
2025-06-19 08:00:00,,,,,,,509.0,509.0,,,0.0,,,0.0
2025-06-19 09:00:00,,,,,,,509.0,509.0,0.6192,0.0,1.0,1.0295999,0.0,1.0
2025-06-19 10:00:00,,,,,,,509.0,509.0,,,0.0,,,0.0
2025-06-19 11:00:00,,,,,,,509.0,509.0,,,0.0,,,0.0
2025-06-19 12:00:00,,,,,,,509.0,509.0,,,0.0,,,0.0
2025-06-19 13:00:00,,,,,,,505.0,505.0,,,0.0,,,0.0
2025-06-19 14:00:00,,,,,,,509.0,509.0,,,0.0,,,0.0
2025-06-19 15:00:00,,,,,,,509.0,509.0,,,0.0,,,0.0
2025-06-19 16:00:00,,,,,,,509.0,509.0,,,0.0,,,0.0
2025-06-19 17:00:00,,,,,,,1533.0,1533.0,,,0.0,,,0.0
2025-06-19 18:00:00,,,,,,,1533.0,1533.0,,,0.0,,,0.0
2025-06-19 19:00:00,,,,,,,1533.0,1533.0,,,0.0,,,0.0
2025-06-19 20:00:00,,,,,,,1529.0,1529.0,,,0.0,,,0.0
2025-06-19 21:00:00,,,,,,,1529.0,1529.0,,,0.0,,,0.0
2025-06-19 22:00:00,,,,,,,1533.0,1533.0,,,0.0,,,0.0
2025-06-19 23:00:00,,,,,,,1533.0,1533.0,,,0.0,,,0.0
2025-06-20 00:00:00,,,,,,,1533.0,1533.0,,,0.0,,,0.0
2025-06-20 01:00:00,,,,,,,1529.0,1529.0,,,0.0,,,0.0
2025-06-20 02:00:00,,,,,,,1533.0,1533.0,,,0.0,,,0.0
2025-06-20 03:00:00,,,,,,,1533.0,1533.0,,,0.0,,,0.0
2025-06-20 04:00:00,,,,,,,1533.0,1533.0,,,0.0,,,0.0
2025-06-20 05:00:00,,,,,,,1533.0,1533.0,,,0.0,,,0.0
2025-06-20 06:00:00,,,,,,,1533.0,1533.0,,,0.0,,,0.0
2025-06-20 07:00:00,,,,,,,1533.0,1533.0,,,0.0,,,0.0
2025-06-20 08:00:00,,,,,,,2297.0,2296.0,0.4948,0.3784,4.0,0.87679994,0.10869998,4.0
2025-06-20 09:00:00,0.288,,,,,,193.0,248.0,0.074999996,0.098799996,3.0,0.96659994,0.009599984,2.0
2025-06-20 10:00:00,,,,,,,509.0,509.0,0.2814,0.029,2.0,0.9613,0.0027999878,2.0
2025-06-20 11:00:00,,,,,,,509.0,509.0,,,0.0,,,0.0
2025-06-20 12:00:00,,,,,,,509.0,509.0,,,0.0,,,0.0
2025-06-20 13:00:00,,,,,,,509.0,509.0,,,0.0,,,0.0
2025-06-20 14:00:00,,,,,,,509.0,509.0,,,0.0,,,0.0
2025-06-20 15:00:00,,,,,,,509.0,509.0,,,0.0,,,0.0
2025-06-20 16:00:00,,,,,,,509.0,509.0,,,0.0,,,0.0
2025-06-20 17:00:00,,,,,,,1533.0,1533.0,,,0.0,,,0.0
2025-06-20 18:00:00,,,,,,,1533.0,1533.0,,,0.0,,,0.0
2025-06-20 19:00:00,,,,,,,1533.0,1533.0,,,0.0,,,0.0
2025-06-20 20:00:00,,,,,,,1533.0,1533.0,,,0.0,,,0.0
2025-06-20 21:00:00,,,,,,,1533.0,1533.0,,,0.0,,,0.0
2025-06-20 22:00:00,,,,,,,1529.0,1529.0,,,0.0,,,0.0
2025-06-20 23:00:00,,,,,,,1529.0,1529.0,,,0.0,,,0.0
2025-06-21 00:00:00,,,,,,,1529.0,1529.0,,,0.0,,,0.0
2025-06-21 01:00:00,,,,,,,1533.0,1533.0,,,0.0,,,0.0
2025-06-21 02:00:00,,,,,,,1529.0,1529.0,,,0.0,,,0.0
2025-06-21 03:00:00,,,,,,,1273.0,1273.0,,,0.0,,,0.0
2025-06-21 04:00:00,,,,,,,1529.0,1529.0,,,0.0,,,0.0
2025-06-21 05:00:00,,,,,,,1273.0,1273.0,,,0.0,,,0.0
2025-06-21 06:00:00,,,,,,,1533.0,1533.0,,,0.0,,,0.0
2025-06-21 07:00:00,,,,,,,1533.0,1533.0,,,0.0,,,0.0
2025-06-21 08:00:00,,,,,,,509.0,509.0,,,0.0,,,0.0
2025-06-21 09:00:00,,,,,,,509.0,509.0,,,0.0,,,0.0
2025-06-21 10:00:00,,,,,,,509.0,509.0,,,0.0,,,0.0
2025-06-21 11:00:00,,,,,,,509.0,509.0,,,0.0,,,0.0
2025-06-21 12:00:00,,,,,,,509.0,509.0,0.018,0.0148,3.0,0.91359997,0.00069999695,3.0
2025-06-21 13:00:00,,,,,,,509.0,509.0,,,0.0,,,0.0
2025-06-21 14:00:00,,,,,,,509.0,509.0,,,0.0,,,0.0
2025-06-21 15:00:00,,,,,,,509.0,509.0,,,0.0,,,0.0
2025-06-21 16:00:00,,,,,,,509.0,509.0,,,0.0,,,0.0
2025-06-21 17:00:00,,,,,,,1529.0,1529.0,,,0.0,,,0.0
2025-06-21 18:00:00,,,,,,,1533.0,1533.0,,,0.0,,,0.0
2025-06-21 19:00:00,,,,,,,1529.0,1529.0,,,0.0,,,0.0
2025-06-21 20:00:00,,,,,,,1533.0,1533.0,,,0.0,,,0.0
2025-06-21 21:00:00,,,,,,,1533.0,1533.0,,,0.0,,,0.0
2025-06-21 22:00:00,,,,,,,1529.0,1529.0,,,0.0,,,0.0
2025-06-21 23:00:00,,,,,,,1533.0,1533.0,,,0.0,,,0.0
2025-06-22 00:00:00,,,,,,,1529.0,1529.0,,,0.0,,,0.0
2025-06-22 01:00:00,,,,,,,1273.0,1273.0,,,0.0,,,0.0
2025-06-22 02:00:00,,,,,,,1533.0,1533.0,,,0.0,,,0.0
2025-06-22 03:00:00,,,,,,,1533.0,1533.0,,,0.0,,,0.0
2025-06-22 04:00:00,,,,,,,1533.0,1533.0,,,0.0,,,0.0
2025-06-22 05:00:00,,,,,,,1533.0,1533.0,,,0.0,,,0.0
2025-06-22 06:00:00,,,,,,,1533.0,1533.0,,,0.0,,,0.0
2025-06-22 07:00:00,,,,,,,1533.0,1533.0,,,0.0,,,0.0
2025-06-22 08:00:00,,,,,,,509.0,509.0,,,0.0,,,0.0
2025-06-22 09:00:00,,,,,,,509.0,509.0,,,0.0,,,0.0
2025-06-22 10:00:00,,,,,,,505.0,505.0,,,0.0,,,0.0
2025-06-22 11:00:00,,,,,,,505.0,505.0,0.4296,0.0,1.0,0.9577,0.0,1.0
2025-06-22 12:00:00,,,,,,,509.0,509.0,,,0.0,,,0.0
2025-06-22 13:00:00,,,,,,,509.0,509.0,,,0.0,,,0.0
2025-06-22 14:00:00,,,,,,,505.0,505.0,,,0.0,,,0.0
2025-06-22 15:00:00,,,,,,,509.0,509.0,,,0.0,,,0.0
2025-06-22 16:00:00,,,,,,,509.0,509.0,,,0.0,,,0.0
2025-06-22 17:00:00,,,,,,,1529.0,1529.0,,,0.0,,,0.0
2025-06-22 18:00:00,,,,,,,1533.0,1533.0,,,0.0,,,0.0
2025-06-22 19:00:00,,,,,,,1529.0,1529.0,,,0.0,,,0.0
2025-06-22 20:00:00,,,,,,,1529.0,1529.0,,,0.0,,,0.0
2025-06-22 21:00:00,,,,,,,1533.0,1533.0,,,0.0,,,0.0
2025-06-22 22:00:00,,,,,,,1533.0,1533.0,,,0.0,,,0.0
2025-06-22 23:00:00,,,,,,,1533.0,1533.0,,,0.0,,,0.0
2025-06-23 00:00:00,,,,,,,1533.0,1533.0,,,0.0,,,0.0
2025-06-23 01:00:00,,,,,,,1533.0,1533.0,,,0.0,,,0.0
2025-06-23 02:00:00,,,,,,,1533.0,1533.0,,,0.0,,,0.0
2025-06-23 03:00:00,,,,,,,1533.0,1533.0,,,0.0,,,0.0
2025-06-23 04:00:00,,,,,,,1533.0,1533.0,,,0.0,,,0.0
2025-06-23 05:00:00,,,,,,,1533.0,1533.0,,,0.0,,,0.0
2025-06-23 06:00:00,,,,,,,1533.0,1533.0,,,0.0,,,0.0
2025-06-23 07:00:00,,,,,,,1533.0,1533.0,,,0.0,,,0.0
2025-06-23 08:00:00,,,,,,,505.0,504.0,0.0008,0.0,1.0,,-0.5,0.0
2025-06-23 09:00:00,,,,,,,509.0,509.0,0.1094,0.1074,4.0,1.0667,0.021600008,4.0
2025-06-23 10:00:00,,,,,,,509.0,509.0,,,0.0,,,0.0
2025-06-23 11:00:00,,,,,,,509.0,509.0,0.0788,0.077199996,2.0,1.0999999,0.004400015,2.0
2025-06-23 12:00:00,,,,,,,2553.0,2552.0,0.0874,0.0206,3.0,1.1079999,0.0038999915,3.0
2025-06-23 13:00:00,,,,,,,509.0,509.0,,,0.0,,,0.0
2025-06-23 14:00:00,,,,,,,509.0,509.0,,,0.0,,,0.0
2025-06-23 15:00:00,,,,,,,509.0,509.0,,,0.0,,,0.0
2025-06-23 16:00:00,,,,,,,509.0,509.0,,,0.0,,,0.0
2025-06-23 17:00:00,,,,,,,1529.0,1529.0,,,0.0,,,0.0
2025-06-23 18:00:00,,,,,,,1533.0,1533.0,,,0.0,,,0.0
2025-06-23 19:00:00,,,,,,,1529.0,1529.0,,,0.0,,,0.0
2025-06-23 20:00:00,,,,,,,1533.0,1533.0,,,0.0,,,0.0
2025-06-23 21:00:00,,,,,,,1533.0,1533.0,,,0.0,,,0.0
2025-06-23 22:00:00,,,,,,,1529.0,1529.0,,,0.0,,,0.0
2025-06-23 23:00:00,,,,,,,1533.0,1533.0,,,0.0,,,0.0
2025-06-24 00:00:00,,,,,,,1529.0,1529.0,,,0.0,,,0.0
2025-06-24 01:00:00,,,,,,,1533.0,1533.0,,,0.0,,,0.0
2025-06-24 02:00:00,,,,,,,1533.0,1533.0,,,0.0,,,0.0
2025-06-24 03:00:00,,,,,,,1533.0,1533.0,,,0.0,,,0.0
2025-06-24 04:00:00,,,,,,,1533.0,1533.0,,,0.0,,,0.0
2025-06-24 05:00:00,,,,,,,1533.0,1533.0,,,0.0,,,0.0
2025-06-24 06:00:00,,,,,,,1533.0,1533.0,,,0.0,,,0.0
2025-06-24 07:00:00,,,,,,,1533.0,1533.0,,,0.0,,,0.0
2025-06-24 08:00:00,,,,,,,509.0,509.0,,,0.0,,,0.0
2025-06-24 09:00:00,,,,,,,509.0,509.0,,,0.0,,,0.0
2025-06-24 10:00:00,,,,,,,2553.0,2552.0,0.45859998,0.049799997,3.0,1.064,0.017199993,3.0
2025-06-24 11:00:00,,,,,,,509.0,509.0,,,0.0,,,0.0
2025-06-24 12:00:00,,,,,,,509.0,509.0,,,0.0,,,0.0
2025-06-24 13:00:00,,,,,,,509.0,509.0,,,0.0,,,0.0
2025-06-24 14:00:00,,,,,,,509.0,509.0,,,0.0,,,0.0
2025-06-24 15:00:00,,,,,,,509.0,509.0,,,0.0,,,0.0
2025-06-24 16:00:00,,,,,,,509.0,509.0,,,0.0,,,0.0
2025-06-24 17:00:00,,,,,,,1533.0,1533.0,,,0.0,,,0.0
2025-06-24 18:00:00,,,,,,,1533.0,1533.0,,,0.0,,,0.0
2025-06-24 19:00:00,,,,,,,1533.0,1533.0,,,0.0,,,0.0
2025-06-24 20:00:00,,,,,,,1533.0,1533.0,,,0.0,,,0.0
2025-06-24 21:00:00,,,,,,,1533.0,1533.0,,,0.0,,,0.0
2025-06-24 22:00:00,,,,,,,1529.0,1529.0,,,0.0,,,0.0
2025-06-24 23:00:00,,,,,,,1533.0,1533.0,,,0.0,,,0.0
2025-06-25 00:00:00,,,,,,,1533.0,1533.0,,,0.0,,,0.0
2025-06-25 01:00:00,,,,,,,1533.0,1533.0,,,0.0,,,0.0
2025-06-25 02:00:00,,,,,,,1533.0,1533.0,,,0.0,,,0.0
2025-06-25 03:00:00,,,,,,,1529.0,1529.0,,,0.0,,,0.0
2025-06-25 04:00:00,,,,,,,1529.0,1529.0,,,0.0,,,0.0
2025-06-25 05:00:00,,,,,,,1529.0,1529.0,,,0.0,,,0.0
2025-06-25 06:00:00,,,,,,,1533.0,1533.0,,,0.0,,,0.0
2025-06-25 07:00:00,,,,,,,1529.0,1529.0,,,0.0,,,0.0
2025-06-25 08:00:00,,,,,,,509.0,509.0,0.7456,0.0188,2.0,0.7838,0.021699965,2.0
2025-06-25 09:00:00,,,,,,,509.0,509.0,,,0.0,,,0.0
2025-06-25 10:00:00,,,,,,,509.0,509.0,,,0.0,,,0.0
2025-06-25 11:00:00,,,,,,,509.0,509.0,,,0.0,,,0.0
2025-06-25 12:00:00,,,,,,,509.0,509.0,,,0.0,,,0.0
2025-06-25 13:00:00,,,,,,,509.0,509.0,,,0.0,,,0.0
2025-06-25 14:00:00,,,,,,,509.0,509.0,,,0.0,,,0.0
2025-06-25 15:00:00,,,,,,,509.0,509.0,,,0.0,,,0.0
2025-06-25 16:00:00,,,,,,,509.0,509.0,,,0.0,,,0.0
2025-06-25 17:00:00,,,,,,,1533.0,1533.0,,,0.0,,,0.0
2025-06-25 18:00:00,,,,,,,1533.0,1533.0,,,0.0,,,0.0
2025-06-25 19:00:00,,,,,,,1533.0,1533.0,,,0.0,,,0.0
2025-06-25 20:00:00,,,,,,,1529.0,1529.0,,,0.0,,,0.0
2025-06-25 21:00:00,,,,,,,1529.0,1529.0,,,0.0,,,0.0
2025-06-25 22:00:00,,,,,,,1533.0,1533.0,,,0.0,,,0.0
2025-06-25 23:00:00,,,,,,,1533.0,1533.0,,,0.0,,,0.0
2025-06-26 00:00:00,,,,,,,1533.0,1533.0,,,0.0,,,0.0
2025-06-26 01:00:00,,,,,,,1533.0,1533.0,,,0.0,,,0.0
2025-06-26 02:00:00,,,,,,,1529.0,1529.0,,,0.0,,,0.0
2025-06-26 03:00:00,,,,,,,1533.0,1533.0,,,0.0,,,0.0
2025-06-26 04:00:00,,,,,,,1533.0,1533.0,,,0.0,,,0.0
2025-06-26 05:00:00,,,,,,,1533.0,1533.0,,,0.0,,,0.0
2025-06-26 06:00:00,,,,,,,1533.0,1533.0,,,0.0,,,0.0
2025-06-26 07:00:00,,,,,,,1533.0,1533.0,,,0.0,,,0.0
2025-06-26 08:00:00,,,,,,,509.0,509.0,,,0.0,,,0.0
2025-06-26 09:00:00,,,,,,,509.0,509.0,,,0.0,,,0.0
2025-06-26 10:00:00,,,,,,,509.0,509.0,,,0.0,,,0.0
2025-06-26 11:00:00,,,,,,,509.0,509.0,,,0.0,,,0.0
2025-06-26 12:00:00,,,,,,,509.0,509.0,,,0.0,,,0.0
2025-06-26 13:00:00,,,,,,,509.0,509.0,,,0.0,,,0.0
2025-06-26 14:00:00,,,,,,,509.0,509.0,,,0.0,,,0.0
2025-06-26 15:00:00,,,,,,,509.0,509.0,,,0.0,,,0.0
2025-06-26 16:00:00,,,,,,,509.0,509.0,,,0.0,,,0.0
2025-06-26 17:00:00,,,,,,,1533.0,1533.0,,,0.0,,,0.0
2025-06-26 18:00:00,,,,,,,1533.0,1533.0,,,0.0,,,0.0
2025-06-26 19:00:00,,,,,,,1533.0,1533.0,,,0.0,,,0.0
2025-06-26 20:00:00,,,,,,,1529.0,1529.0,,,0.0,,,0.0
2025-06-26 21:00:00,,,,,,,1533.0,1533.0,,,0.0,,,0.0
2025-06-26 22:00:00,,,,,,,1529.0,1529.0,,,0.0,,,0.0
2025-06-26 23:00:00,,,,,,,1529.0,1529.0,,,0.0,,,0.0
2025-06-27 00:00:00,,,,,,,1533.0,1533.0,,,0.0,,,0.0
2025-06-27 01:00:00,,,,,,,1533.0,1533.0,,,0.0,,,0.0
2025-06-27 02:00:00,,,,,,,1529.0,1529.0,,,0.0,,,0.0
2025-06-27 03:00:00,,,,,,,1533.0,1533.0,,,0.0,,,0.0
2025-06-27 04:00:00,,,,,,,1529.0,1529.0,,,0.0,,,0.0
2025-06-27 05:00:00,,,,,,,1529.0,1529.0,,,0.0,,,0.0
2025-06-27 06:00:00,,,,,,,1533.0,1533.0,,,0.0,,,0.0
2025-06-27 07:00:00,,,,,,,1273.0,1273.0,,,0.0,,,0.0
2025-06-27 08:00:00,,,,,,,249.0,248.0,0.2148,0.0558,6.0,0.8188,0.013599992,6.0
2025-06-27 09:00:00,,,,,,,509.0,509.0,0.2428,0.109799996,3.0,0.8024,0.020799994,3.0
2025-06-27 10:00:00,,,,,,,509.0,509.0,,,0.0,,,0.0
2025-06-27 11:00:00,,,,,,,509.0,509.0,,,0.0,,,0.0
2025-06-27 12:00:00,,,,,,,509.0,509.0,,,0.0,,,0.0
2025-06-27 13:00:00,,,,,,,509.0,509.0,,,0.0,,,0.0
2025-06-27 14:00:00,,,,,,,509.0,509.0,,,0.0,,,0.0
2025-06-27 15:00:00,,,,,,,509.0,509.0,,,0.0,,,0.0
2025-06-27 16:00:00,,,,,,,509.0,509.0,,,0.0,,,0.0
2025-06-27 17:00:00,,,,,,,1533.0,1533.0,,,0.0,,,0.0
2025-06-27 18:00:00,,,,,,,1533.0,1533.0,,,0.0,,,0.0
2025-06-27 19:00:00,,,,,,,1533.0,1533.0,,,0.0,,,0.0
2025-06-27 20:00:00,,,,,,,1529.0,1529.0,,,0.0,,,0.0
2025-06-27 21:00:00,,,,,,,1533.0,1533.0,,,0.0,,,0.0
2025-06-27 22:00:00,,,,,,,1533.0,1533.0,,,0.0,,,0.0
2025-06-27 23:00:00,,,,,,,1529.0,1529.0,,,0.0,,,0.0
2025-06-28 00:00:00,,,,,,,1273.0,1273.0,,,0.0,,,0.0
2025-06-28 01:00:00,,,,,,,1273.0,1273.0,,,0.0,,,0.0
2025-06-28 02:00:00,,,,,,,1273.0,1273.0,,,0.0,,,0.0
2025-06-28 03:00:00,,,,,,,1529.0,1529.0,,,0.0,,,0.0
2025-06-28 04:00:00,,,,,,,1273.0,1273.0,,,0.0,,,0.0
2025-06-28 05:00:00,,,,,,,1273.0,1273.0,,,0.0,,,0.0
2025-06-28 06:00:00,,,,,,,1533.0,1533.0,,,0.0,,,0.0
2025-06-28 07:00:00,,,,,,,1533.0,1533.0,,,0.0,,,0.0
2025-06-28 08:00:00,,,,,,,505.0,504.0,0.4366,0.098799996,3.0,0.7888,0.022799969,3.0
2025-06-28 09:00:00,,,,,,,509.0,509.0,,,0.0,,,0.0
2025-06-28 10:00:00,,,,,,,509.0,509.0,0.2014,0.0,2.0,0.9376999,0.0,2.0
2025-06-28 11:00:00,,,,,,,509.0,509.0,,,0.0,,,0.0
2025-06-28 12:00:00,,,,,,,509.0,509.0,,,0.0,,,0.0
2025-06-28 13:00:00,,,,,,,509.0,509.0,,,0.0,,,0.0
2025-06-28 14:00:00,,,,,,,509.0,509.0,,,0.0,,,0.0
2025-06-28 15:00:00,,,,,,,509.0,509.0,,,0.0,,,0.0
2025-06-28 16:00:00,,,,,,,509.0,509.0,,,0.0,,,0.0
2025-06-28 17:00:00,,,,,,,1533.0,1533.0,,,0.0,,,0.0
2025-06-28 18:00:00,,,,,,,1533.0,1533.0,,,0.0,,,0.0
2025-06-28 19:00:00,,,,,,,1529.0,1529.0,,,0.0,,,0.0
2025-06-28 20:00:00,,,,,,,1529.0,1529.0,,,0.0,,,0.0
2025-06-28 21:00:00,,,,,,,1533.0,1533.0,,,0.0,,,0.0
2025-06-28 22:00:00,,,,,,,1533.0,1533.0,,,0.0,,,0.0
2025-06-28 23:00:00,,,,,,,1273.0,1273.0,,,0.0,,,0.0
2025-06-29 00:00:00,,,,,,,1273.0,1273.0,,,0.0,,,0.0
2025-06-29 01:00:00,,,,,,,1273.0,1273.0,,,0.0,,,0.0
2025-06-29 02:00:00,,,,,,,1529.0,1529.0,,,0.0,,,0.0
2025-06-29 03:00:00,,,,,,,1533.0,1533.0,,,0.0,,,0.0
2025-06-29 04:00:00,,,,,,,1273.0,1273.0,,,0.0,,,0.0
2025-06-29 05:00:00,,,,,,,1273.0,1273.0,,,0.0,,,0.0
2025-06-29 06:00:00,,,,,,,1529.0,1529.0,,,0.0,,,0.0
2025-06-29 07:00:00,,,,,,,1533.0,1533.0,,,0.0,,,0.0
2025-06-29 08:00:00,,,,,,,2553.0,2552.0,0.2332,0.0,1.0,0.7968,0.0,1.0
2025-06-29 09:00:00,,,,,,,509.0,509.0,0.2624,0.0354,2.0,0.7171999,0.0059999824,2.0
2025-06-29 10:00:00,,,,,,,509.0,509.0,,,0.0,,,0.0
2025-06-29 11:00:00,,,,,,,509.0,509.0,,,0.0,,,0.0
2025-06-29 12:00:00,,,,,,,509.0,509.0,,,0.0,,,0.0
2025-06-29 13:00:00,,,,,,,509.0,509.0,,,0.0,,,0.0
2025-06-29 14:00:00,,,,,,,509.0,509.0,,,0.0,,,0.0
2025-06-29 15:00:00,,,,,,,509.0,509.0,,,0.0,,,0.0
2025-06-29 16:00:00,,,,,,,509.0,509.0,,,0.0,,,0.0
2025-06-29 17:00:00,,,,,,,1533.0,1533.0,,,0.0,,,0.0
2025-06-29 18:00:00,,,,,,,1273.0,1273.0,,,0.0,,,0.0
2025-06-29 19:00:00,,,,,,,1273.0,1273.0,,,0.0,,,0.0
2025-06-29 20:00:00,,,,,,,1273.0,1273.0,,,0.0,,,0.0
2025-06-29 21:00:00,,,,,,,1533.0,1533.0,,,0.0,,,0.0
2025-06-29 22:00:00,,,,,,,1273.0,1273.0,,,0.0,,,0.0
2025-06-29 23:00:00,,,,,,,1529.0,1529.0,,,0.0,,,0.0
2025-06-30 00:00:00,,,,,,,1533.0,1533.0,,,0.0,,,0.0
2025-06-30 01:00:00,,,,,,,1273.0,1273.0,,,0.0,,,0.0
2025-06-30 02:00:00,,,,,,,1273.0,1273.0,,,0.0,,,0.0
2025-06-30 03:00:00,,,,,,,1533.0,1533.0,,,0.0,,,0.0
2025-06-30 04:00:00,,,,,,,1273.0,1273.0,,,0.0,,,0.0
2025-06-30 05:00:00,,,,,,,1273.0,1273.0,,,0.0,,,0.0
2025-06-30 06:00:00,,,,,,,1273.0,1273.0,,,0.0,,,0.0
2025-06-30 07:00:00,,,,,,,1533.0,1533.0,,,0.0,,,0.0
2025-06-30 08:00:00,,,,,,,509.0,509.0,,,0.0,,,0.0
2025-06-30 09:00:00,,,,,,,509.0,509.0,0.109,0.0,1.0,0.6579,0.0,1.0
2025-06-30 10:00:00,,,,,,,509.0,509.0,,,0.0,,,0.0
2025-06-30 11:00:00,,,,,,,509.0,509.0,,,0.0,,,0.0
2025-06-30 12:00:00,,,,,,,505.0,505.0,0.2392,0.0,1.0,0.7427,0.0,1.0
2025-06-30 13:00:00,,,,,,,509.0,509.0,,,0.0,,,0.0
2025-06-30 14:00:00,,,,,,,509.0,509.0,,,0.0,,,0.0
2025-06-30 15:00:00,,,,,,,505.0,505.0,,,0.0,,,0.0
2025-06-30 16:00:00,,,,,,,249.0,249.0,,,0.0,,,0.0
2025-06-30 17:00:00,,,,,,,1529.0,1529.0,,,0.0,,,0.0
2025-06-30 18:00:00,,,,,,,1533.0,1533.0,,,0.0,,,0.0
2025-06-30 19:00:00,,,,,,,1273.0,1273.0,,,0.0,,,0.0
2025-06-30 20:00:00,,,,,,,1529.0,1529.0,,,0.0,,,0.0
2025-06-30 21:00:00,,,,,,,1529.0,1529.0,,,0.0,,,0.0
2025-06-30 22:00:00,,,,,,,1273.0,1273.0,,,0.0,,,0.0
2025-06-30 23:00:00,,,,,,,1533.0,1533.0,,,0.0,,,0.0
2025-07-01 00:00:00,,,,,,,1533.0,1533.0,,,0.0,,,0.0
2025-07-01 01:00:00,,,,,,,1533.0,1533.0,,,0.0,,,0.0
2025-07-01 02:00:00,,,,,,,1533.0,1533.0,,,0.0,,,0.0
2025-07-01 03:00:00,,,,,,,1273.0,1273.0,,,0.0,,,0.0
2025-07-01 04:00:00,,,,,,,1533.0,1533.0,,,0.0,,,0.0
2025-07-01 05:00:00,,,,,,,1273.0,1273.0,,,0.0,,,0.0
2025-07-01 06:00:00,,,,,,,1529.0,1529.0,,,0.0,,,0.0
2025-07-01 07:00:00,,,,,,,1529.0,1529.0,,,0.0,,,0.0
2025-07-01 08:00:00,,,,,,,509.0,509.0,,,0.0,,,0.0
2025-07-01 09:00:00,,,,,,,509.0,509.0,1.1583999,0.23179999,2.0,0.34329998,0.1853,2.0
2025-07-01 10:00:00,,,,,,,509.0,509.0,,,0.0,,,0.0
2025-07-01 11:00:00,,,,,,,509.0,509.0,,,0.0,,,0.0
2025-07-01 12:00:00,,,,,,,509.0,509.0,,,0.0,,,0.0
2025-07-01 13:00:00,,,,,,,509.0,509.0,,,0.0,,,0.0
2025-07-01 14:00:00,,,,,,,509.0,509.0,0.0178,0.0,1.0,0.7645,0.0,1.0
2025-07-01 15:00:00,,,,,,,509.0,509.0,0.913,0.0,1.0,-0.018700004,0.0,1.0
2025-07-01 16:00:00,,,,,,,509.0,509.0,,,0.0,,,0.0
2025-07-01 17:00:00,,,,,,,1533.0,1533.0,0.41079998,0.0,1.0,0.6251999,0.0,1.0
2025-07-01 18:00:00,,,,,,,1533.0,1533.0,,,0.0,,,0.0
2025-07-01 19:00:00,,,,,,,1533.0,1533.0,,,0.0,,,0.0
2025-07-01 20:00:00,,,,,,,1533.0,1533.0,,,0.0,,,0.0
2025-07-01 21:00:00,,,,,,,1533.0,1533.0,,,0.0,,,0.0
2025-07-01 22:00:00,,,,,,,1533.0,1533.0,,,0.0,,,0.0
2025-07-01 23:00:00,,,,,,,1529.0,1529.0,,,0.0,,,0.0
2025-07-02 00:00:00,,,,,,,1529.0,1529.0,,,0.0,,,0.0
2025-07-02 01:00:00,,,,,,,1529.0,1529.0,,,0.0,,,0.0
2025-07-02 02:00:00,,,,,,,1529.0,1529.0,,,0.0,,,0.0
2025-07-02 03:00:00,,,,,,,1533.0,1533.0,,,0.0,,,0.0
2025-07-02 04:00:00,,,,,,,1529.0,1529.0,,,0.0,,,0.0
2025-07-02 05:00:00,,,,,,,1533.0,1533.0,,,0.0,,,0.0
2025-07-02 06:00:00,,,,,,,1533.0,1533.0,,,0.0,,,0.0
2025-07-02 07:00:00,,,,,,,1533.0,1533.0,,,0.0,,,0.0
2025-07-02 08:00:00,,,,,,,509.0,509.0,,,0.0,,,0.0
2025-07-02 09:00:00,,,,,,,509.0,509.0,,,0.0,,,0.0
2025-07-02 10:00:00,,,,,,,509.0,509.0,0.2384,0.027199998,2.0,0.73669994,0.0065999627,2.0
2025-07-02 11:00:00,,,,,,,509.0,509.0,0.1542,0.0,1.0,0.7638,0.0,1.0
2025-07-02 12:00:00,,,,,,,509.0,509.0,,,0.0,,,0.0
2025-07-02 13:00:00,,,,,,,509.0,509.0,,,0.0,,,0.0
2025-07-02 14:00:00,,,,,,,509.0,509.0,,,0.0,,,0.0
2025-07-02 15:00:00,,,,,,,509.0,509.0,,,0.0,,,0.0
2025-07-02 16:00:00,,,,,,,509.0,509.0,,,0.0,,,0.0
2025-07-02 17:00:00,,,,,,,1533.0,1533.0,,,0.0,,,0.0
2025-07-02 18:00:00,,,,,,,1533.0,1533.0,,,0.0,,,0.0
2025-07-02 19:00:00,,,,,,,1533.0,1533.0,,,0.0,,,0.0
2025-07-02 20:00:00,,,,,,,1533.0,1533.0,,,0.0,,,0.0
2025-07-02 21:00:00,,,,,,,1533.0,1533.0,,,0.0,,,0.0
2025-07-02 22:00:00,,,,,,,1533.0,1533.0,,,0.0,,,0.0
2025-07-02 23:00:00,,,,,,,1533.0,1533.0,,,0.0,,,0.0
2025-07-03 00:00:00,,,,,,,1533.0,1533.0,,,0.0,,,0.0
2025-07-03 01:00:00,,,,,,,1533.0,1533.0,,,0.0,,,0.0
2025-07-03 02:00:00,,,,,,,1533.0,1533.0,,,0.0,,,0.0
2025-07-03 03:00:00,,,,,,,1533.0,1533.0,,,0.0,,,0.0
2025-07-03 04:00:00,,,,,,,1529.0,1529.0,,,0.0,,,0.0
2025-07-03 05:00:00,,,,,,,1533.0,1533.0,,,0.0,,,0.0
2025-07-03 06:00:00,,,,,,,1533.0,1533.0,,,0.0,,,0.0
2025-07-03 07:00:00,,,,,,,1533.0,1533.0,,,0.0,,,0.0
2025-07-03 08:00:00,,,,,,,509.0,509.0,,,0.0,,,0.0
2025-07-03 09:00:00,,,,,,,505.0,505.0,0.861,0.0,1.0,0.5827,0.0,1.0
2025-07-03 10:00:00,,,,,,,509.0,509.0,,,0.0,,,0.0
2025-07-03 11:00:00,,,,,,,505.0,505.0,,,0.0,,,0.0
2025-07-03 12:00:00,,,,,,,509.0,509.0,,,0.0,,,0.0
2025-07-03 13:00:00,,,,,,,509.0,509.0,,,0.0,,,0.0
2025-07-03 14:00:00,,,,,,,505.0,505.0,,,0.0,,,0.0
2025-07-03 15:00:00,,,,,,,509.0,509.0,,,0.0,,,0.0
2025-07-03 16:00:00,,,,,,,509.0,509.0,,,0.0,,,0.0
2025-07-03 17:00:00,,,,,,,1533.0,1533.0,,,0.0,,,0.0
2025-07-03 18:00:00,,,,,,,1533.0,1533.0,,,0.0,,,0.0
2025-07-03 19:00:00,,,,,,,1533.0,1533.0,,,0.0,,,0.0
2025-07-03 20:00:00,,,,,,,1533.0,1533.0,,,0.0,,,0.0
2025-07-03 21:00:00,,,,,,,1533.0,1533.0,,,0.0,,,0.0
2025-07-03 22:00:00,,,,,,,1533.0,1533.0,,,0.0,,,0.0
2025-07-03 23:00:00,,,,,,,1533.0,1533.0,,,0.0,,,0.0
2025-07-04 00:00:00,,,,,,,1529.0,1529.0,,,0.0,,,0.0
2025-07-04 01:00:00,,,,,,,1529.0,1529.0,,,0.0,,,0.0
2025-07-04 02:00:00,,,,,,,1533.0,1533.0,,,0.0,,,0.0
2025-07-04 03:00:00,,,,,,,1533.0,1533.0,,,0.0,,,0.0
2025-07-04 04:00:00,,,,,,,1533.0,1533.0,,,0.0,,,0.0
2025-07-04 05:00:00,,,,,,,1533.0,1533.0,,,0.0,,,0.0
2025-07-04 06:00:00,,,,,,,1533.0,1533.0,,,0.0,,,0.0
2025-07-04 07:00:00,,,,,,,1529.0,1529.0,,,0.0,,,0.0
2025-07-04 08:00:00,,,,,,,509.0,509.0,0.944,0.0806,2.0,0.60459995,0.011799991,2.0
2025-07-04 09:00:00,,,,,,,2553.0,2552.0,0.2056,0.0572,5.0,0.83529997,0.0048999786,5.0
2025-07-04 10:00:00,,,,,,,509.0,509.0,,,0.0,,,0.0
2025-07-04 11:00:00,,,,,,,509.0,509.0,,,0.0,,,0.0
2025-07-04 12:00:00,,,,,,,509.0,509.0,,,0.0,,,0.0
2025-07-04 13:00:00,,,,,,,509.0,509.0,,,0.0,,,0.0
2025-07-04 14:00:00,,,,,,,509.0,509.0,,,0.0,,,0.0
2025-07-04 15:00:00,,,,,,,509.0,509.0,,,0.0,,,0.0
2025-07-04 16:00:00,,,,,,,505.0,505.0,,,0.0,,,0.0
2025-07-04 17:00:00,,,,,,,1533.0,1533.0,,,0.0,,,0.0
2025-07-04 18:00:00,,,,,,,1529.0,1529.0,,,0.0,,,0.0
2025-07-04 19:00:00,,,,,,,1529.0,1529.0,,,0.0,,,0.0
2025-07-04 20:00:00,,,,,,,1273.0,1273.0,,,0.0,,,0.0
2025-07-04 21:00:00,,,,,,,1529.0,1529.0,,,0.0,,,0.0
2025-07-04 22:00:00,,,,,,,1533.0,1533.0,,,0.0,,,0.0
2025-07-04 23:00:00,,,,,,,1533.0,1533.0,,,0.0,,,0.0
2025-07-05 00:00:00,,,,,,,1533.0,1533.0,,,0.0,,,0.0
2025-07-05 01:00:00,,,,,,,1533.0,1533.0,,,0.0,,,0.0
2025-07-05 02:00:00,,,,,,,1533.0,1533.0,,,0.0,,,0.0
2025-07-05 03:00:00,,,,,,,1533.0,1533.0,,,0.0,,,0.0
2025-07-05 04:00:00,,,,,,,1533.0,1533.0,,,0.0,,,0.0
2025-07-05 05:00:00,,,,,,,1533.0,1533.0,,,0.0,,,0.0
2025-07-05 06:00:00,,,,,,,1533.0,1533.0,,,0.0,,,0.0
2025-07-05 07:00:00,,,,,,,1533.0,1533.0,,,0.0,,,0.0
2025-07-05 08:00:00,,,,,,,509.0,509.0,1.1158,0.0,1.0,0.51240003,0.0,1.0
2025-07-05 09:00:00,,,,,,,509.0,509.0,0.37739998,0.077199996,3.0,0.6984,0.06709999,3.0
2025-07-05 10:00:00,,,,,,,509.0,509.0,,,0.0,,,0.0
2025-07-05 11:00:00,,,,,,,509.0,509.0,,,0.0,,,0.0
2025-07-05 12:00:00,,,,,,,509.0,509.0,,,0.0,,,0.0
2025-07-05 13:00:00,,,,,,,509.0,509.0,,,0.0,,,0.0
2025-07-05 14:00:00,,,,,,,509.0,509.0,,,0.0,,,0.0
2025-07-05 15:00:00,,,,,,,509.0,509.0,0.456,0.0,1.0,0.4547,0.0,1.0
2025-07-05 16:00:00,,,,,,,509.0,509.0,,,0.0,,,0.0
2025-07-05 17:00:00,,,,,,,1533.0,1533.0,,,0.0,,,0.0
2025-07-05 18:00:00,,,,,,,1533.0,1533.0,,,0.0,,,0.0
2025-07-05 19:00:00,,,,,,,1533.0,1533.0,,,0.0,,,0.0
2025-07-05 20:00:00,,,,,,,1533.0,1533.0,,,0.0,,,0.0
2025-07-05 21:00:00,,,,,,,1533.0,1533.0,,,0.0,,,0.0
2025-07-05 22:00:00,,,,,,,1533.0,1533.0,,,0.0,,,0.0
2025-07-05 23:00:00,,,,,,,1533.0,1533.0,,,0.0,,,0.0
2025-07-06 00:00:00,,,,,,,1533.0,1533.0,,,0.0,,,0.0
2025-07-06 01:00:00,,,,,,,1533.0,1533.0,,,0.0,,,0.0
2025-07-06 02:00:00,,,,,,,1533.0,1533.0,,,0.0,,,0.0
2025-07-06 03:00:00,,,,,,,1529.0,1529.0,,,0.0,,,0.0
2025-07-06 04:00:00,,,,,,,1533.0,1533.0,,,0.0,,,0.0
2025-07-06 05:00:00,,,,,,,1529.0,1529.0,,,0.0,,,0.0
2025-07-06 06:00:00,,,,,,,1533.0,1533.0,,,0.0,,,0.0
2025-07-06 07:00:00,,,,,,,1533.0,1533.0,,,0.0,,,0.0
2025-07-06 08:00:00,,,,,,,509.0,509.0,1.2264,0.0,1.0,0.3391,0.0,1.0
2025-07-06 09:00:00,,,,,,,509.0,509.0,,,0.0,,,0.0
2025-07-06 10:00:00,,,,,,,509.0,509.0,,,0.0,,,0.0
2025-07-06 11:00:00,,,,,,,509.0,509.0,,,0.0,,,0.0
2025-07-06 12:00:00,,,,,,,509.0,509.0,,,0.0,,,0.0
2025-07-06 13:00:00,,,,,,,509.0,509.0,,,0.0,,,0.0
2025-07-06 14:00:00,,,,,,,509.0,509.0,,,0.0,,,0.0
2025-07-06 15:00:00,,,,,,,509.0,509.0,,,0.0,,,0.0
2025-07-06 16:00:00,,,,,,,509.0,509.0,,,0.0,,,0.0
2025-07-06 17:00:00,,,,,,,1533.0,1533.0,,,0.0,,,0.0
2025-07-06 18:00:00,,,,,,,1533.0,1533.0,,,0.0,,,0.0
2025-07-06 19:00:00,,,,,,,1533.0,1533.0,,,0.0,,,0.0
2025-07-06 20:00:00,,,,,,,1533.0,1533.0,,,0.0,,,0.0
2025-07-06 21:00:00,,,,,,,1533.0,1533.0,,,0.0,,,0.0
2025-07-06 22:00:00,,,,,,,1533.0,1533.0,,,0.0,,,0.0
2025-07-06 23:00:00,,,,,,,1533.0,1533.0,,,0.0,,,0.0
2025-07-07 00:00:00,,,,,,,1529.0,1529.0,,,0.0,,,0.0
2025-07-07 01:00:00,,,,,,,1533.0,1533.0,,,0.0,,,0.0
2025-07-07 02:00:00,,,,,,,1533.0,1533.0,,,0.0,,,0.0
2025-07-07 03:00:00,,,,,,,1533.0,1533.0,,,0.0,,,0.0
2025-07-07 04:00:00,,,,,,,1529.0,1529.0,,,0.0,,,0.0
2025-07-07 05:00:00,,,,,,,1529.0,1529.0,,,0.0,,,0.0
2025-07-07 06:00:00,,,,,,,1533.0,1533.0,,,0.0,,,0.0
2025-07-07 07:00:00,,,,,,,1533.0,1533.0,,,0.0,,,0.0
2025-07-07 08:00:00,,,,,,,505.0,504.0,0.7066,0.5262,2.0,0.62759995,0.22099996,2.0
2025-07-07 09:00:00,,,,,,,509.0,509.0,0.078,0.018,2.0,0.84299994,0.00019997358,2.0
2025-07-07 10:00:00,,,,,,,509.0,509.0,,,0.0,,,0.0
2025-07-07 11:00:00,,,,,,,509.0,509.0,0.0466,0.0,1.0,0.8657,0.0,1.0
2025-07-07 12:00:00,,,,,,,509.0,509.0,,,0.0,,,0.0
2025-07-07 13:00:00,,,,,,,509.0,509.0,,,0.0,,,0.0
2025-07-07 14:00:00,,,,,,,509.0,509.0,,,0.0,,,0.0
2025-07-07 15:00:00,,,,,,,509.0,509.0,,,0.0,,,0.0
2025-07-07 16:00:00,,,,,,,509.0,509.0,,,0.0,,,0.0
2025-07-07 17:00:00,,,,,,,1533.0,1533.0,,,0.0,,,0.0
2025-07-07 18:00:00,,,,,,,1533.0,1533.0,,,0.0,,,0.0
2025-07-07 19:00:00,,,,,,,1533.0,1533.0,,,0.0,,,0.0
2025-07-07 20:00:00,,,,,,,1533.0,1533.0,,,0.0,,,0.0
2025-07-07 21:00:00,,,,,,,1533.0,1533.0,,,0.0,,,0.0
2025-07-07 22:00:00,,,,,,,1533.0,1533.0,,,0.0,,,0.0
2025-07-07 23:00:00,,,,,,,1533.0,1533.0,,,0.0,,,0.0
2025-07-08 00:00:00,,,,,,,1529.0,1529.0,,,0.0,,,0.0
2025-07-08 01:00:00,,,,,,,1533.0,1533.0,,,0.0,,,0.0
2025-07-08 02:00:00,,,,,,,1529.0,1529.0,,,0.0,,,0.0
2025-07-08 03:00:00,,,,,,,1533.0,1533.0,,,0.0,,,0.0
2025-07-08 04:00:00,,,,,,,1533.0,1533.0,,,0.0,,,0.0
2025-07-08 05:00:00,,,,,,,1533.0,1533.0,,,0.0,,,0.0
2025-07-08 06:00:00,,,,,,,1533.0,1533.0,,,0.0,,,0.0
2025-07-08 07:00:00,,,,,,,1533.0,1533.0,,,0.0,,,0.0
2025-07-08 08:00:00,,,,,,,509.0,509.0,1.6142,0.0,1.0,0.1509,0.0,1.0
2025-07-08 09:00:00,,,,,,,509.0,509.0,,,0.0,,,0.0
2025-07-08 10:00:00,,,,,,,509.0,509.0,,,0.0,,,0.0
2025-07-08 11:00:00,,,,,,,509.0,509.0,,,0.0,,,0.0
2025-07-08 12:00:00,,,,,,,509.0,509.0,,,0.0,,,0.0
2025-07-08 13:00:00,,,,,,,509.0,509.0,,,0.0,,,0.0
2025-07-08 14:00:00,,,,,,,509.0,509.0,,,0.0,,,0.0
2025-07-08 15:00:00,,,,,,,505.0,505.0,0.30859998,0.087799996,4.0,0.8859999,0.058399975,4.0
2025-07-08 16:00:00,,,,,,,509.0,509.0,,,0.0,,,0.0
2025-07-08 17:00:00,,,,,,,1533.0,1533.0,,,0.0,,,0.0
2025-07-08 18:00:00,,,,,,,1529.0,1529.0,,,0.0,,,0.0
2025-07-08 19:00:00,,,,,,,1529.0,1529.0,,,0.0,,,0.0
2025-07-08 20:00:00,,,,,,,1529.0,1529.0,,,0.0,,,0.0
2025-07-08 21:00:00,,,,,,,1529.0,1529.0,,,0.0,,,0.0
2025-07-08 22:00:00,,,,,,,1529.0,1529.0,,,0.0,,,0.0
2025-07-08 23:00:00,,,,,,,1533.0,1533.0,,,0.0,,,0.0
2025-07-09 00:00:00,,,,,,,1529.0,1529.0,,,0.0,,,0.0
2025-07-09 01:00:00,,,,,,,1529.0,1529.0,,,0.0,,,0.0
2025-07-09 02:00:00,,,,,,,1273.0,1273.0,,,0.0,,,0.0
2025-07-09 03:00:00,,,,,,,1273.0,1273.0,,,0.0,,,0.0
2025-07-09 04:00:00,,,,,,,1273.0,1273.0,,,0.0,,,0.0
2025-07-09 05:00:00,,,,,,,1273.0,1273.0,,,0.0,,,0.0
2025-07-09 06:00:00,,,,,,,1533.0,1533.0,,,0.0,,,0.0
2025-07-09 07:00:00,,,,,,,1273.0,1273.0,,,0.0,,,0.0
2025-07-09 08:00:00,,,,,,,505.0,504.0,1.0624,0.3164,6.0,0.6056,0.11629999,6.0
2025-07-09 09:00:00,,,,,,,505.0,504.0,0.3552,0.097399995,2.0,0.8656,0.023000002,2.0
2025-07-09 10:00:00,,,,,,,509.0,509.0,,,0.0,,,0.0
2025-07-09 11:00:00,,,,,,,509.0,509.0,,,0.0,,,0.0
2025-07-09 12:00:00,,,,,,,509.0,509.0,,,0.0,,,0.0
2025-07-09 13:00:00,,,,,,,509.0,509.0,,,0.0,,,0.0
2025-07-09 14:00:00,,,,,,,509.0,509.0,,,0.0,,,0.0
2025-07-09 15:00:00,,,,,,,509.0,509.0,,,0.0,,,0.0
2025-07-09 16:00:00,,,,,,,509.0,509.0,,,0.0,,,0.0
2025-07-09 17:00:00,,,,,,,1533.0,1533.0,,,0.0,,,0.0
2025-07-09 18:00:00,,,,,,,1533.0,1533.0,,,0.0,,,0.0
2025-07-09 19:00:00,,,,,,,1533.0,1533.0,,,0.0,,,0.0
2025-07-09 20:00:00,,,,,,,1533.0,1533.0,,,0.0,,,0.0
2025-07-09 21:00:00,,,,,,,1273.0,1273.0,,,0.0,,,0.0
2025-07-09 22:00:00,,,,,,,1273.0,1273.0,,,0.0,,,0.0
2025-07-09 23:00:00,,,,,,,1273.0,1273.0,,,0.0,,,0.0
2025-07-10 00:00:00,,,,,,,1529.0,1529.0,,,0.0,,,0.0
2025-07-10 01:00:00,,,,,,,1529.0,1529.0,,,0.0,,,0.0
2025-07-10 02:00:00,,,,,,,1529.0,1529.0,,,0.0,,,0.0
2025-07-10 03:00:00,,,,,,,1529.0,1529.0,,,0.0,,,0.0
2025-07-10 04:00:00,,,,,,,1273.0,1273.0,,,0.0,,,0.0
2025-07-10 05:00:00,,,,,,,1273.0,1273.0,,,0.0,,,0.0
2025-07-10 06:00:00,,,,,,,1529.0,1529.0,,,0.0,,,0.0
2025-07-10 07:00:00,,,,,,,1273.0,1273.0,,,0.0,,,0.0
2025-07-10 08:00:00,,,,,,,505.0,505.0,1.3492,0.0656,3.0,0.43519998,0.043599963,3.0
2025-07-10 09:00:00,,,,,,,509.0,509.0,,,0.0,,,0.0
2025-07-10 10:00:00,,,,,,,509.0,509.0,,,0.0,,,0.0
2025-07-10 11:00:00,,,,,,,509.0,509.0,,,0.0,,,0.0
2025-07-10 12:00:00,,,,,,,509.0,509.0,,,0.0,,,0.0
2025-07-10 13:00:00,,,,,,,509.0,509.0,,,0.0,,,0.0
2025-07-10 14:00:00,,,,,,,509.0,509.0,,,0.0,,,0.0
2025-07-10 15:00:00,,,,,,,509.0,509.0,,,0.0,,,0.0
2025-07-10 16:00:00,,,,,,,509.0,509.0,,,0.0,,,0.0
2025-07-10 17:00:00,,,,,,,1533.0,1533.0,,,0.0,,,0.0
2025-07-10 18:00:00,,,,,,,1273.0,1273.0,,,0.0,,,0.0
2025-07-10 19:00:00,,,,,,,1529.0,1529.0,,,0.0,,,0.0
2025-07-10 20:00:00,,,,,,,1533.0,1533.0,,,0.0,,,0.0
2025-07-10 21:00:00,,,,,,,1533.0,1533.0,,,0.0,,,0.0
2025-07-10 22:00:00,,,,,,,1533.0,1533.0,,,0.0,,,0.0
2025-07-10 23:00:00,,,,,,,1533.0,1533.0,,,0.0,,,0.0
2025-07-11 00:00:00,,,,,,,1533.0,1533.0,,,0.0,,,0.0
2025-07-11 01:00:00,,,,,,,1533.0,1533.0,,,0.0,,,0.0
2025-07-11 02:00:00,,,,,,,1529.0,1529.0,,,0.0,,,0.0
2025-07-11 03:00:00,,,,,,,1533.0,1533.0,,,0.0,,,0.0
2025-07-11 04:00:00,,,,,,,1533.0,1533.0,,,0.0,,,0.0
2025-07-11 05:00:00,,,,,,,1533.0,1533.0,,,0.0,,,0.0
2025-07-11 06:00:00,,,,,,,1533.0,1533.0,,,0.0,,,0.0
2025-07-11 07:00:00,,,,,,,1533.0,1533.0,,,0.0,,,0.0
2025-07-11 08:00:00,,,,,,,509.0,509.0,1.24,0.0,1.0,0.47259998,0.0,1.0
2025-07-11 09:00:00,,,,,,,509.0,509.0,,,0.0,,,0.0
2025-07-11 10:00:00,,,,,,,505.0,504.0,0.3822,0.0,1.0,0.7329999,0.0,1.0
2025-07-11 11:00:00,,,,,,,509.0,509.0,0.319,0.0,1.0,0.7671,0.0,1.0
2025-07-11 12:00:00,,,,,,,509.0,509.0,0.6764,0.0,1.0,0.8929,0.0,1.0
2025-07-11 13:00:00,,,,,,,509.0,509.0,,,0.0,,,0.0
2025-07-11 14:00:00,,,,,,,509.0,509.0,,,0.0,,,0.0
2025-07-11 15:00:00,,,,,,,509.0,509.0,,,0.0,,,0.0
2025-07-11 16:00:00,,,,,,,509.0,509.0,,,0.0,,,0.0
2025-07-11 17:00:00,,,,,,,1529.0,1529.0,,,0.0,,,0.0
2025-07-11 18:00:00,,,,,,,1529.0,1529.0,,,0.0,,,0.0
2025-07-11 19:00:00,,,,,,,1273.0,1273.0,,,0.0,,,0.0
2025-07-11 20:00:00,,,,,,,1533.0,1533.0,,,0.0,,,0.0
2025-07-11 21:00:00,,,,,,,1533.0,1533.0,,,0.0,,,0.0
2025-07-11 22:00:00,,,,,,,1533.0,1533.0,,,0.0,,,0.0
2025-07-11 23:00:00,,,,,,,1533.0,1533.0,,,0.0,,,0.0
2025-07-12 00:00:00,,,,,,,1533.0,1533.0,,,0.0,,,0.0
2025-07-12 01:00:00,,,,,,,1533.0,1533.0,,,0.0,,,0.0
2025-07-12 02:00:00,,,,,,,1529.0,1529.0,,,0.0,,,0.0
2025-07-12 03:00:00,,,,,,,1529.0,1529.0,,,0.0,,,0.0
2025-07-12 04:00:00,,,,,,,1273.0,1273.0,,,0.0,,,0.0
2025-07-12 05:00:00,,,,,,,1273.0,1273.0,,,0.0,,,0.0
2025-07-12 06:00:00,,,,,,,1273.0,1273.0,,,0.0,,,0.0
2025-07-12 07:00:00,,,,,,,1273.0,1273.0,,,0.0,,,0.0
2025-07-12 08:00:00,,,,,,,2553.0,2552.0,1.0356,0.454,6.0,0.42189997,0.12769997,6.0
2025-07-12 09:00:00,,,,,,,505.0,504.0,0.068799995,0.020399999,5.0,0.706,0.004499972,5.0
2025-07-12 10:00:00,,,,,,,509.0,509.0,0.0336,0.0208,4.0,0.724,0.0018999577,4.0
2025-07-12 11:00:00,,,,,,,509.0,509.0,,,0.0,,,0.0
2025-07-12 12:00:00,,,,,,,509.0,509.0,,,0.0,,,0.0
2025-07-12 13:00:00,,,,,,,509.0,509.0,,,0.0,,,0.0
2025-07-12 14:00:00,,,,,,,509.0,509.0,,,0.0,,,0.0
2025-07-12 15:00:00,,,,,,,509.0,509.0,0.1356,0.0,1.0,0.7183,0.0,1.0
2025-07-12 16:00:00,,,,,,,509.0,509.0,,,0.0,,,0.0
2025-07-12 17:00:00,,,,,,,1533.0,1533.0,,,0.0,,,0.0
2025-07-12 18:00:00,,,,,,,1533.0,1533.0,,,0.0,,,0.0
2025-07-12 19:00:00,,,,,,,1529.0,1529.0,,,0.0,,,0.0
2025-07-12 20:00:00,,,,,,,1533.0,1533.0,,,0.0,,,0.0
2025-07-12 21:00:00,,,,,,,1529.0,1529.0,,,0.0,,,0.0
2025-07-12 22:00:00,,,,,,,1533.0,1533.0,,,0.0,,,0.0
2025-07-12 23:00:00,,,,,,,1533.0,1533.0,,,0.0,,,0.0
2025-07-13 00:00:00,,,,,,,1533.0,1533.0,,,0.0,,,0.0
2025-07-13 01:00:00,,,,,,,1533.0,1533.0,,,0.0,,,0.0
2025-07-13 02:00:00,,,,,,,1529.0,1529.0,,,0.0,,,0.0
2025-07-13 03:00:00,,,,,,,1533.0,1533.0,,,0.0,,,0.0
2025-07-13 04:00:00,,,,,,,1533.0,1533.0,,,0.0,,,0.0
2025-07-13 05:00:00,,,,,,,1533.0,1533.0,,,0.0,,,0.0
2025-07-13 06:00:00,,,,,,,1533.0,1533.0,,,0.0,,,0.0
2025-07-13 07:00:00,,,,,,,1533.0,1533.0,,,0.0,,,0.0
2025-07-13 08:00:00,,,,,,,509.0,509.0,,,0.0,,,0.0
2025-07-13 09:00:00,,,,,,,509.0,509.0,0.2324,0.0,1.0,0.7385,0.0,1.0
2025-07-13 10:00:00,,,,,,,509.0,509.0,,,0.0,,,0.0
2025-07-13 11:00:00,,,,,,,509.0,509.0,0.2092,0.0,1.0,0.7681,0.0,1.0
2025-07-13 12:00:00,,,,,,,509.0,509.0,,,0.0,,,0.0
2025-07-13 13:00:00,,,,,,,509.0,509.0,,,0.0,,,0.0
2025-07-13 14:00:00,,,,,,,509.0,509.0,,,0.0,,,0.0
2025-07-13 15:00:00,,,,,,,509.0,509.0,,,0.0,,,0.0
2025-07-13 16:00:00,,,,,,,509.0,509.0,,,0.0,,,0.0
2025-07-13 17:00:00,,,,,,,1533.0,1533.0,,,0.0,,,0.0
2025-07-13 18:00:00,,,,,,,1529.0,1529.0,,,0.0,,,0.0
2025-07-13 19:00:00,,,,,,,1529.0,1529.0,,,0.0,,,0.0
2025-07-13 20:00:00,,,,,,,1533.0,1533.0,,,0.0,,,0.0
2025-07-13 21:00:00,,,,,,,1533.0,1533.0,,,0.0,,,0.0
2025-07-13 22:00:00,,,,,,,1533.0,1533.0,,,0.0,,,0.0
2025-07-13 23:00:00,,,,,,,1533.0,1533.0,,,0.0,,,0.0
2025-07-14 00:00:00,,,,,,,1273.0,1273.0,,,0.0,,,0.0
2025-07-14 01:00:00,,,,,,,1529.0,1529.0,,,0.0,,,0.0
2025-07-14 02:00:00,,,,,,,1533.0,1533.0,,,0.0,,,0.0
2025-07-14 03:00:00,,,,,,,1529.0,1529.0,,,0.0,,,0.0
2025-07-14 04:00:00,,,,,,,1529.0,1529.0,,,0.0,,,0.0
2025-07-14 05:00:00,,,,,,,1529.0,1529.0,,,0.0,,,0.0
2025-07-14 06:00:00,,,,,,,1273.0,1273.0,,,0.0,,,0.0
2025-07-14 07:00:00,,,,,,,1533.0,1533.0,,,0.0,,,0.0
2025-07-14 08:00:00,,,,,,,509.0,509.0,,,0.0,,,0.0
2025-07-14 09:00:00,,,,,,,509.0,509.0,,,0.0,,,0.0
2025-07-14 10:00:00,,,,,,,509.0,509.0,,,0.0,,,0.0
2025-07-14 11:00:00,,,,,,,509.0,509.0,,,0.0,,,0.0
2025-07-14 12:00:00,,,,,,,509.0,509.0,,,0.0,,,0.0
2025-07-14 13:00:00,,,,,,,509.0,509.0,,,0.0,,,0.0
2025-07-14 14:00:00,,,,,,,509.0,509.0,,,0.0,,,0.0
2025-07-14 15:00:00,,,,,,,509.0,509.0,,,0.0,,,0.0
2025-07-14 16:00:00,,,,,,,509.0,509.0,,,0.0,,,0.0
2025-07-14 17:00:00,,,,,,,1533.0,1533.0,,,0.0,,,0.0
2025-07-14 18:00:00,,,,,,,1529.0,1529.0,,,0.0,,,0.0
2025-07-14 19:00:00,,,,,,,1533.0,1533.0,,,0.0,,,0.0
2025-07-14 20:00:00,,,,,,,1529.0,1529.0,,,0.0,,,0.0
2025-07-14 21:00:00,,,,,,,1533.0,1533.0,,,0.0,,,0.0
2025-07-14 22:00:00,,,,,,,1533.0,1533.0,,,0.0,,,0.0
2025-07-14 23:00:00,,,,,,,1273.0,1273.0,,,0.0,,,0.0
2025-07-15 00:00:00,,,,,,,1533.0,1533.0,,,0.0,,,0.0
2025-07-15 01:00:00,,,,,,,1533.0,1533.0,,,0.0,,,0.0
2025-07-15 02:00:00,,,,,,,1533.0,1533.0,,,0.0,,,0.0
2025-07-15 03:00:00,,,,,,,1273.0,1273.0,,,0.0,,,0.0
2025-07-15 04:00:00,,,,,,,1273.0,1273.0,,,0.0,,,0.0
2025-07-15 05:00:00,,,,,,,1273.0,1273.0,,,0.0,,,0.0
2025-07-15 06:00:00,,,,,,,1273.0,1273.0,,,0.0,,,0.0
2025-07-15 07:00:00,,,,,,,1529.0,1529.0,,,0.0,,,0.0
2025-07-15 08:00:00,,,,,,,505.0,504.0,1.1403999,0.359,5.0,0.2655,0.139,5.0
2025-07-15 09:00:00,,,,,,,509.0,509.0,,,0.0,,,0.0
2025-07-15 10:00:00,,,,,,,509.0,509.0,,,0.0,,,0.0
2025-07-15 11:00:00,,,,,,,509.0,509.0,0.768,0.0,1.0,0.6803,0.0,1.0
2025-07-15 12:00:00,,,,,,,509.0,509.0,,,0.0,,,0.0
2025-07-15 13:00:00,,,,,,,509.0,509.0,,,0.0,,,0.0
2025-07-15 14:00:00,,,,,,,509.0,509.0,,,0.0,,,0.0
2025-07-15 15:00:00,,,,,,,509.0,509.0,,,0.0,,,0.0
2025-07-15 16:00:00,,,,,,,509.0,509.0,,,0.0,,,0.0
2025-07-15 17:00:00,,,,,,,1533.0,1533.0,,,0.0,,,0.0
2025-07-15 18:00:00,,,,,,,1533.0,1533.0,,,0.0,,,0.0
2025-07-15 19:00:00,,,,,,,1529.0,1529.0,,,0.0,,,0.0
2025-07-15 20:00:00,,,,,,,1533.0,1533.0,,,0.0,,,0.0
2025-07-15 21:00:00,,,,,,,1533.0,1533.0,,,0.0,,,0.0
2025-07-15 22:00:00,,,,,,,1533.0,1533.0,,,0.0,,,0.0
2025-07-15 23:00:00,,,,,,,1533.0,1533.0,,,0.0,,,0.0
2025-07-16 00:00:00,,,,,,,1533.0,1533.0,,,0.0,,,0.0
2025-07-16 01:00:00,,,,,,,1533.0,1533.0,,,0.0,,,0.0
2025-07-16 02:00:00,,,,,,,1529.0,1529.0,,,0.0,,,0.0
2025-07-16 03:00:00,,,,,,,1533.0,1533.0,,,0.0,,,0.0
2025-07-16 04:00:00,,,,,,,1529.0,1529.0,,,0.0,,,0.0
2025-07-16 05:00:00,,,,,,,1533.0,1533.0,,,0.0,,,0.0
2025-07-16 06:00:00,,,,,,,1529.0,1529.0,,,0.0,,,0.0
2025-07-16 07:00:00,,,,,,,1533.0,1533.0,,,0.0,,,0.0
2025-07-16 08:00:00,,,,,,,509.0,509.0,,,0.0,,,0.0
2025-07-16 09:00:00,,,,,,,509.0,509.0,0.18779999,0.0786,2.0,0.98889995,0.036499977,2.0
2025-07-16 10:00:00,,,,,,,509.0,509.0,,,0.0,,,0.0
2025-07-16 11:00:00,,,,,,,509.0,509.0,,,0.0,,,0.0
2025-07-16 12:00:00,,,,,,,509.0,509.0,,,0.0,,,0.0
2025-07-16 13:00:00,,,,,,,509.0,509.0,,,0.0,,,0.0
2025-07-16 14:00:00,,,,,,,509.0,509.0,,,0.0,,,0.0
2025-07-16 15:00:00,,,,,,,509.0,509.0,,,0.0,,,0.0
2025-07-16 16:00:00,,,,,,,509.0,509.0,,,0.0,,,0.0
2025-07-16 17:00:00,,,,,,,1533.0,1533.0,,,0.0,,,0.0
2025-07-16 18:00:00,,,,,,,1533.0,1533.0,,,0.0,,,0.0
2025-07-16 19:00:00,,,,,,,1533.0,1533.0,,,0.0,,,0.0
2025-07-16 20:00:00,,,,,,,1533.0,1533.0,,,0.0,,,0.0
2025-07-16 21:00:00,,,,,,,1529.0,1529.0,,,0.0,,,0.0
2025-07-16 22:00:00,,,,,,,1533.0,1533.0,,,0.0,,,0.0
2025-07-16 23:00:00,,,,,,,1529.0,1529.0,,,0.0,,,0.0
2025-07-17 00:00:00,,,,,,,1533.0,1533.0,,,0.0,,,0.0
2025-07-17 01:00:00,,,,,,,1529.0,1529.0,,,0.0,,,0.0
2025-07-17 02:00:00,,,,,,,1273.0,1273.0,,,0.0,,,0.0
2025-07-17 03:00:00,,,,,,,1529.0,1529.0,,,0.0,,,0.0
2025-07-17 04:00:00,,,,,,,1529.0,1529.0,,,0.0,,,0.0
2025-07-17 05:00:00,,,,,,,1533.0,1533.0,,,0.0,,,0.0
2025-07-17 06:00:00,,,,,,,1533.0,1533.0,,,0.0,,,0.0
2025-07-17 07:00:00,,,,,,,1533.0,1533.0,,,0.0,,,0.0
2025-07-17 08:00:00,,,,,,,509.0,509.0,,,0.0,,,0.0
2025-07-17 09:00:00,,,,,,,509.0,509.0,,,0.0,,,0.0
2025-07-17 10:00:00,,,,,,,509.0,509.0,,,0.0,,,0.0
2025-07-17 11:00:00,,,,,,,509.0,509.0,,,0.0,,,0.0
2025-07-17 12:00:00,,,,,,,509.0,509.0,,,0.0,,,0.0
2025-07-17 13:00:00,,,,,,,509.0,509.0,,,0.0,,,0.0
2025-07-17 14:00:00,,,,,,,509.0,509.0,,,0.0,,,0.0
2025-07-17 15:00:00,,,,,,,509.0,509.0,,,0.0,,,0.0
2025-07-17 16:00:00,,,,,,,509.0,509.0,,,0.0,,,0.0
2025-07-17 17:00:00,,,,,,,1533.0,1533.0,,,0.0,,,0.0
2025-07-17 18:00:00,,,,,,,1533.0,1533.0,,,0.0,,,0.0
2025-07-17 19:00:00,,,,,,,1529.0,1529.0,,,0.0,,,0.0
2025-07-17 20:00:00,,,,,,,1533.0,1533.0,,,0.0,,,0.0
2025-07-17 21:00:00,,,,,,,1533.0,1533.0,,,0.0,,,0.0
2025-07-17 22:00:00,,,,,,,1533.0,1533.0,,,0.0,,,0.0
2025-07-17 23:00:00,,,,,,,1529.0,1529.0,,,0.0,,,0.0
2025-07-18 00:00:00,,,,,,,1533.0,1533.0,,,0.0,,,0.0
2025-07-18 01:00:00,,,,,,,1533.0,1533.0,,,0.0,,,0.0
2025-07-18 02:00:00,,,,,,,1533.0,1533.0,,,0.0,,,0.0
2025-07-18 03:00:00,,,,,,,1529.0,1529.0,,,0.0,,,0.0
2025-07-18 04:00:00,,,,,,,1533.0,1533.0,,,0.0,,,0.0
2025-07-18 05:00:00,,,,,,,1533.0,1533.0,,,0.0,,,0.0
2025-07-18 06:00:00,,,,,,,1533.0,1533.0,,,0.0,,,0.0
2025-07-18 07:00:00,,,,,,,1533.0,1533.0,,,0.0,,,0.0
2025-07-18 08:00:00,,,,,,,509.0,509.0,,,0.0,,,0.0
2025-07-18 09:00:00,,,,,,,509.0,509.0,,,0.0,,,0.0
2025-07-18 10:00:00,,,,,,,509.0,509.0,,,0.0,,,0.0
2025-07-18 11:00:00,,,,,,,509.0,509.0,,,0.0,,,0.0
2025-07-18 12:00:00,,,,,,,509.0,509.0,,,0.0,,,0.0
2025-07-18 13:00:00,,,,,,,509.0,509.0,,,0.0,,,0.0
2025-07-18 14:00:00,,,,,,,509.0,509.0,,,0.0,,,0.0
2025-07-18 15:00:00,,,,,,,509.0,509.0,,,0.0,,,0.0
2025-07-18 16:00:00,,,,,,,509.0,509.0,,,0.0,,,0.0
2025-07-18 17:00:00,,,,,,,1533.0,1533.0,,,0.0,,,0.0
2025-07-18 18:00:00,,,,,,,1533.0,1533.0,,,0.0,,,0.0
2025-07-18 19:00:00,,,,,,,1533.0,1533.0,,,0.0,,,0.0
2025-07-18 20:00:00,,,,,,,1533.0,1533.0,,,0.0,,,0.0
2025-07-18 21:00:00,,,,,,,1533.0,1533.0,,,0.0,,,0.0
2025-07-18 22:00:00,,,,,,,1529.0,1529.0,,,0.0,,,0.0
2025-07-18 23:00:00,,,,,,,1533.0,1533.0,,,0.0,,,0.0
2025-07-19 00:00:00,,,,,,,1533.0,1533.0,,,0.0,,,0.0
2025-07-19 01:00:00,,,,,,,1529.0,1529.0,,,0.0,,,0.0
2025-07-19 02:00:00,,,,,,,1529.0,1529.0,,,0.0,,,0.0
2025-07-19 03:00:00,,,,,,,1533.0,1533.0,,,0.0,,,0.0
2025-07-19 04:00:00,,,,,,,1533.0,1533.0,,,0.0,,,0.0
2025-07-19 05:00:00,,,,,,,1529.0,1529.0,,,0.0,,,0.0
2025-07-19 06:00:00,,,,,,,1533.0,1533.0,,,0.0,,,0.0
2025-07-19 07:00:00,,,,,,,1533.0,1533.0,,,0.0,,,0.0
2025-07-19 08:00:00,,,,,,,509.0,509.0,1.344,0.0448,3.0,0.35869998,0.01730001,3.0
2025-07-19 09:00:00,,,,,,,509.0,509.0,,,0.0,,,0.0
2025-07-19 10:00:00,,,,,,,509.0,509.0,,,0.0,,,0.0
2025-07-19 11:00:00,,,,,,,509.0,509.0,,,0.0,,,0.0
2025-07-19 12:00:00,,,,,,,509.0,509.0,,,0.0,,,0.0
2025-07-19 13:00:00,,,,,,,509.0,509.0,,,0.0,,,0.0
2025-07-19 14:00:00,,,,,,,509.0,509.0,,,0.0,,,0.0
2025-07-19 15:00:00,,,,,,,509.0,509.0,,,0.0,,,0.0
2025-07-19 16:00:00,,,,,,,509.0,509.0,,,0.0,,,0.0
2025-07-19 17:00:00,,,,,,,1533.0,1533.0,,,0.0,,,0.0
2025-07-19 18:00:00,,,,,,,1533.0,1533.0,,,0.0,,,0.0
2025-07-19 19:00:00,,,,,,,1533.0,1533.0,,,0.0,,,0.0
2025-07-19 20:00:00,,,,,,,1533.0,1533.0,,,0.0,,,0.0
2025-07-19 21:00:00,,,,,,,1533.0,1533.0,,,0.0,,,0.0
2025-07-19 22:00:00,,,,,,,1529.0,1529.0,,,0.0,,,0.0
2025-07-19 23:00:00,,,,,,,1529.0,1529.0,,,0.0,,,0.0
2025-07-20 00:00:00,,,,,,,1529.0,1529.0,,,0.0,,,0.0
2025-07-20 01:00:00,,,,,,,1533.0,1533.0,,,0.0,,,0.0
2025-07-20 02:00:00,,,,,,,1533.0,1533.0,,,0.0,,,0.0
2025-07-20 03:00:00,,,,,,,1533.0,1533.0,,,0.0,,,0.0
2025-07-20 04:00:00,,,,,,,1533.0,1533.0,,,0.0,,,0.0
2025-07-20 05:00:00,,,,,,,1533.0,1533.0,,,0.0,,,0.0
2025-07-20 06:00:00,,,,,,,1529.0,1529.0,,,0.0,,,0.0
2025-07-20 07:00:00,,,,,,,1533.0,1533.0,,,0.0,,,0.0
2025-07-20 08:00:00,,,,,,,505.0,505.0,,,0.0,,,0.0
2025-07-20 09:00:00,,,,,,,509.0,509.0,0.355,0.0184,2.0,0.69079995,0.005400002,2.0
2025-07-20 10:00:00,,,,,,,509.0,509.0,,,0.0,,,0.0
2025-07-20 11:00:00,,,,,,,505.0,505.0,,,0.0,,,0.0
2025-07-20 12:00:00,,,,,,,509.0,509.0,,,0.0,,,0.0
2025-07-20 13:00:00,,,,,,,509.0,509.0,,,0.0,,,0.0
2025-07-20 14:00:00,,,,,,,509.0,509.0,,,0.0,,,0.0
2025-07-20 15:00:00,,,,,,,509.0,509.0,,,0.0,,,0.0
2025-07-20 16:00:00,,,,,,,509.0,509.0,,,0.0,,,0.0
2025-07-20 17:00:00,,,,,,,1533.0,1533.0,,,0.0,,,0.0
2025-07-20 18:00:00,,,,,,,1533.0,1533.0,,,0.0,,,0.0
2025-07-20 19:00:00,,,,,,,1529.0,1529.0,,,0.0,,,0.0
2025-07-20 20:00:00,,,,,,,1529.0,1529.0,,,0.0,,,0.0
2025-07-20 21:00:00,,,,,,,1533.0,1533.0,,,0.0,,,0.0
2025-07-20 22:00:00,,,,,,,1529.0,1529.0,,,0.0,,,0.0
2025-07-20 23:00:00,,,,,,,1533.0,1533.0,,,0.0,,,0.0
2025-07-21 00:00:00,,,,,,,1533.0,1533.0,,,0.0,,,0.0
2025-07-21 01:00:00,,,,,,,1533.0,1533.0,,,0.0,,,0.0
2025-07-21 02:00:00,,,,,,,1529.0,1529.0,,,0.0,,,0.0
2025-07-21 03:00:00,,,,,,,1533.0,1533.0,,,0.0,,,0.0
2025-07-21 04:00:00,,,,,,,1533.0,1533.0,,,0.0,,,0.0
2025-07-21 05:00:00,,,,,,,1533.0,1533.0,,,0.0,,,0.0
2025-07-21 06:00:00,,,,,,,1533.0,1533.0,,,0.0,,,0.0
2025-07-21 07:00:00,,,,,,,1533.0,1533.0,,,0.0,,,0.0
2025-07-21 08:00:00,,,,,,,509.0,509.0,,,0.0,,,0.0
2025-07-21 09:00:00,,,,,,,509.0,509.0,,,0.0,,,0.0
2025-07-21 10:00:00,,,,,,,509.0,509.0,,,0.0,,,0.0
2025-07-21 11:00:00,,,,,,,509.0,509.0,,,0.0,,,0.0
2025-07-21 12:00:00,,,,,,,509.0,509.0,,,0.0,,,0.0
2025-07-21 13:00:00,,,,,,,509.0,509.0,,,0.0,,,0.0
2025-07-21 14:00:00,,,,,,,509.0,509.0,,,0.0,,,0.0
2025-07-21 15:00:00,,,,,,,509.0,509.0,,,0.0,,,0.0
2025-07-21 16:00:00,,,,,,,509.0,509.0,,,0.0,,,0.0
2025-07-21 17:00:00,,,,,,,1533.0,1533.0,,,0.0,,,0.0
2025-07-21 18:00:00,,,,,,,1533.0,1533.0,,,0.0,,,0.0
2025-07-21 19:00:00,,,,,,,1533.0,1533.0,,,0.0,,,0.0
2025-07-21 20:00:00,,,,,,,1533.0,1533.0,,,0.0,,,0.0
2025-07-21 21:00:00,,,,,,,1529.0,1529.0,,,0.0,,,0.0
2025-07-21 22:00:00,,,,,,,1533.0,1533.0,,,0.0,,,0.0
2025-07-21 23:00:00,,,,,,,1533.0,1533.0,,,0.0,,,0.0
2025-07-22 00:00:00,,,,,,,1529.0,1529.0,,,0.0,,,0.0
2025-07-22 01:00:00,,,,,,,1533.0,1533.0,,,0.0,,,0.0
2025-07-22 02:00:00,,,,,,,1533.0,1533.0,,,0.0,,,0.0
2025-07-22 03:00:00,,,,,,,1533.0,1533.0,,,0.0,,,0.0
2025-07-22 04:00:00,,,,,,,1529.0,1529.0,,,0.0,,,0.0
2025-07-22 05:00:00,,,,,,,1533.0,1533.0,,,0.0,,,0.0
2025-07-22 06:00:00,,,,,,,1529.0,1529.0,,,0.0,,,0.0
2025-07-22 07:00:00,,,,,,,1533.0,1533.0,,,0.0,,,0.0
2025-07-22 08:00:00,,,,,,,509.0,509.0,,,0.0,,,0.0
2025-07-22 09:00:00,,,,,,,509.0,509.0,,,0.0,,,0.0
2025-07-22 10:00:00,,,,,,,509.0,509.0,,,0.0,,,0.0
2025-07-22 11:00:00,,,,,,,509.0,509.0,,,0.0,,,0.0
2025-07-22 12:00:00,,,,,,,509.0,509.0,0.5582,0.0,1.0,0.6029,0.0,1.0
2025-07-22 13:00:00,,,,,,,509.0,509.0,,,0.0,,,0.0
2025-07-22 14:00:00,,,,,,,509.0,509.0,,,0.0,,,0.0
2025-07-22 15:00:00,,,,,,,509.0,509.0,,,0.0,,,0.0
2025-07-22 16:00:00,,,,,,,509.0,509.0,,,0.0,,,0.0
2025-07-22 17:00:00,,,,,,,1273.0,1273.0,0.1752,0.061199997,3.0,0.53,0.027999997,3.0
2025-07-22 18:00:00,,,,,,,1273.0,1273.0,,,0.0,,,0.0
2025-07-22 19:00:00,,,,,,,1273.0,1273.0,,,0.0,,,0.0
2025-07-22 20:00:00,,,,,,,1533.0,1533.0,,,0.0,,,0.0
2025-07-22 21:00:00,,,,,,,1533.0,1533.0,,,0.0,,,0.0
2025-07-22 22:00:00,,,,,,,1273.0,1273.0,,,0.0,,,0.0
2025-07-22 23:00:00,,,,,,,1273.0,1273.0,,,0.0,,,0.0
2025-07-23 00:00:00,,,,,,,1273.0,1273.0,,,0.0,,,0.0
2025-07-23 01:00:00,,,,,,,1529.0,1529.0,,,0.0,,,0.0
2025-07-23 02:00:00,,,,,,,1273.0,1273.0,,,0.0,,,0.0
2025-07-23 03:00:00,,,,,,,1273.0,1273.0,,,0.0,,,0.0
2025-07-23 04:00:00,,,,,,,1529.0,1529.0,,,0.0,,,0.0
2025-07-23 05:00:00,,,,,,,1273.0,1273.0,,,0.0,,,0.0
2025-07-23 06:00:00,,,,,,,1533.0,1533.0,,,0.0,,,0.0
2025-07-23 07:00:00,,,,,,,1533.0,1533.0,,,0.0,,,0.0
2025-07-23 08:00:00,,,,,,,509.0,509.0,,,0.0,,,0.0
2025-07-23 09:00:00,,,,,,,509.0,509.0,,,0.0,,,0.0
2025-07-23 10:00:00,,,,,,,509.0,509.0,,,0.0,,,0.0
2025-07-23 11:00:00,,,,,,,509.0,509.0,,,0.0,,,0.0
2025-07-23 12:00:00,,,,,,,509.0,509.0,,,0.0,,,0.0
2025-07-23 13:00:00,,,,,,,509.0,509.0,,,0.0,,,0.0
2025-07-23 14:00:00,,,,,,,509.0,509.0,,,0.0,,,0.0
2025-07-23 15:00:00,,,,,,,509.0,509.0,,,0.0,,,0.0
2025-07-23 16:00:00,,,,,,,509.0,509.0,,,0.0,,,0.0
2025-07-23 17:00:00,,,,,,,1533.0,1533.0,,,0.0,,,0.0
2025-07-23 18:00:00,,,,,,,1533.0,1533.0,,,0.0,,,0.0
2025-07-23 19:00:00,,,,,,,1529.0,1529.0,,,0.0,,,0.0
2025-07-23 20:00:00,,,,,,,1533.0,1533.0,,,0.0,,,0.0
2025-07-23 21:00:00,,,,,,,1533.0,1533.0,,,0.0,,,0.0
2025-07-23 22:00:00,,,,,,,1529.0,1529.0,,,0.0,,,0.0
2025-07-23 23:00:00,,,,,,,1273.0,1273.0,,,0.0,,,0.0
2025-07-24 00:00:00,,,,,,,1533.0,1533.0,,,0.0,,,0.0
2025-07-24 01:00:00,,,,,,,1529.0,1529.0,,,0.0,,,0.0
2025-07-24 02:00:00,,,,,,,1273.0,1273.0,,,0.0,,,0.0
2025-07-24 03:00:00,,,,,,,1533.0,1533.0,,,0.0,,,0.0
2025-07-24 04:00:00,,,,,,,1533.0,1533.0,,,0.0,,,0.0
2025-07-24 05:00:00,,,,,,,1533.0,1533.0,,,0.0,,,0.0
2025-07-24 06:00:00,,,,,,,1533.0,1533.0,,,0.0,,,0.0
2025-07-24 07:00:00,,,,,,,1533.0,1533.0,,,0.0,,,0.0
2025-07-24 08:00:00,,,,,,,509.0,509.0,,,0.0,,,0.0
2025-07-24 09:00:00,,,,,,,509.0,509.0,,,0.0,,,0.0
2025-07-24 10:00:00,,,,,,,509.0,509.0,,,0.0,,,0.0
2025-07-24 11:00:00,,,,,,,509.0,509.0,0.615,0.0,1.0,0.5088,0.0,1.0
2025-07-24 12:00:00,,,,,,,509.0,509.0,,,0.0,,,0.0
2025-07-24 13:00:00,,,,,,,509.0,509.0,,,0.0,,,0.0
2025-07-24 14:00:00,,,,,,,509.0,509.0,,,0.0,,,0.0
2025-07-24 15:00:00,,,,,,,509.0,509.0,,,0.0,,,0.0
2025-07-24 16:00:00,,,,,,,509.0,509.0,,,0.0,,,0.0
2025-07-24 17:00:00,,,,,,,1533.0,1533.0,,,0.0,,,0.0
2025-07-24 18:00:00,,,,,,,1533.0,1533.0,,,0.0,,,0.0
2025-07-24 19:00:00,,,,,,,1529.0,1529.0,,,0.0,,,0.0
2025-07-24 20:00:00,,,,,,,1529.0,1529.0,,,0.0,,,0.0
2025-07-24 21:00:00,,,,,,,1533.0,1533.0,,,0.0,,,0.0
2025-07-24 22:00:00,,,,,,,1273.0,1273.0,,,0.0,,,0.0
2025-07-24 23:00:00,,,,,,,1533.0,1533.0,,,0.0,,,0.0
2025-07-25 00:00:00,,,,,,,1533.0,1533.0,,,0.0,,,0.0
2025-07-25 01:00:00,,,,,,,1533.0,1533.0,,,0.0,,,0.0
2025-07-25 02:00:00,,,,,,,1533.0,1533.0,,,0.0,,,0.0
2025-07-25 03:00:00,,,,,,,1533.0,1533.0,,,0.0,,,0.0
2025-07-25 04:00:00,,,,,,,1529.0,1529.0,,,0.0,,,0.0
2025-07-25 05:00:00,,,,,,,1533.0,1533.0,,,0.0,,,0.0
2025-07-25 06:00:00,,,,,,,1533.0,1533.0,,,0.0,,,0.0
2025-07-25 07:00:00,,,,,,,1529.0,1529.0,,,0.0,,,0.0
2025-07-25 08:00:00,,,,,,,505.0,504.0,1.0722,0.4764,5.0,0.28609997,0.17069995,5.0
2025-07-25 09:00:00,,,,,,,505.0,504.0,0.14739999,0.1882,6.0,0.5805,0.0837,5.0
2025-07-25 10:00:00,,,,,,,2553.0,2552.0,0.32999998,0.2038,3.0,0.51399994,0.083599985,3.0
2025-07-25 11:00:00,,,,,,,509.0,509.0,0.156,0.0,1.0,0.6144,0.0,1.0
2025-07-25 12:00:00,,,,,,,505.0,505.0,0.047799997,0.051999997,3.0,0.6848999,0.00069999695,3.0
2025-07-25 13:00:00,,,,,,,509.0,509.0,,,0.0,,,0.0
2025-07-25 14:00:00,,,,,,,509.0,509.0,0.2024,0.0066,2.0,0.64109993,0.006099999,2.0
2025-07-25 15:00:00,,,,,,,509.0,509.0,,,0.0,,,0.0
2025-07-25 16:00:00,,,,,,,505.0,504.0,0.2972,0.1074,4.0,0.6069,0.03130001,4.0
2025-07-25 17:00:00,,,,,,,1533.0,1533.0,0.31419998,0.0,1.0,0.6869,0.0,1.0
2025-07-25 18:00:00,,,,,,,1533.0,1533.0,,,0.0,,,0.0
2025-07-25 19:00:00,,,,,,,1533.0,1533.0,,,0.0,,,0.0
2025-07-25 20:00:00,,,,,,,1533.0,1533.0,,,0.0,,,0.0
2025-07-25 21:00:00,,,,,,,1533.0,1533.0,,,0.0,,,0.0
2025-07-25 22:00:00,,,,,,,1533.0,1533.0,,,0.0,,,0.0
2025-07-25 23:00:00,,,,,,,1533.0,1533.0,,,0.0,,,0.0
2025-07-26 00:00:00,,,,,,,1533.0,1533.0,,,0.0,,,0.0
2025-07-26 01:00:00,,,,,,,1533.0,1533.0,,,0.0,,,0.0
2025-07-26 02:00:00,,,,,,,1533.0,1533.0,,,0.0,,,0.0
2025-07-26 03:00:00,,,,,,,1533.0,1533.0,,,0.0,,,0.0
2025-07-26 04:00:00,,,,,,,1533.0,1533.0,,,0.0,,,0.0
2025-07-26 05:00:00,,,,,,,1533.0,1533.0,,,0.0,,,0.0
2025-07-26 06:00:00,,,,,,,1533.0,1533.0,,,0.0,,,0.0
2025-07-26 07:00:00,,,,,,,1533.0,1533.0,,,0.0,,,0.0
2025-07-26 08:00:00,,,,,,,509.0,509.0,,,0.0,,,0.0
2025-07-26 09:00:00,,,,,,,509.0,509.0,,,0.0,,,0.0
2025-07-26 10:00:00,,,,,,,509.0,509.0,0.4184,0.023599999,3.0,0.7564,0.009800017,3.0
2025-07-26 11:00:00,,,,,,,509.0,509.0,,,0.0,,,0.0
2025-07-26 12:00:00,,,,,,,509.0,509.0,,,0.0,,,0.0
2025-07-26 13:00:00,,,,,,,509.0,509.0,,,0.0,,,0.0
2025-07-26 14:00:00,,,,,,,509.0,509.0,,,0.0,,,0.0
2025-07-26 15:00:00,,,,,,,509.0,509.0,,,0.0,,,0.0
2025-07-26 16:00:00,,,,,,,509.0,509.0,,,0.0,,,0.0
2025-07-26 17:00:00,,,,,,,1533.0,1533.0,,,0.0,,,0.0
2025-07-26 18:00:00,,,,,,,1529.0,1529.0,,,0.0,,,0.0
2025-07-26 19:00:00,,,,,,,1533.0,1533.0,,,0.0,,,0.0
2025-07-26 20:00:00,,,,,,,1533.0,1533.0,,,0.0,,,0.0
2025-07-26 21:00:00,,,,,,,1533.0,1533.0,,,0.0,,,0.0
2025-07-26 22:00:00,,,,,,,1533.0,1533.0,,,0.0,,,0.0
2025-07-26 23:00:00,,,,,,,1529.0,1529.0,,,0.0,,,0.0
2025-07-27 00:00:00,,,,,,,1533.0,1533.0,,,0.0,,,0.0
2025-07-27 01:00:00,,,,,,,1533.0,1533.0,,,0.0,,,0.0
2025-07-27 02:00:00,,,,,,,1533.0,1533.0,,,0.0,,,0.0
2025-07-27 03:00:00,,,,,,,1533.0,1533.0,,,0.0,,,0.0
2025-07-27 04:00:00,,,,,,,1529.0,1529.0,,,0.0,,,0.0
2025-07-27 05:00:00,,,,,,,1533.0,1533.0,,,0.0,,,0.0
2025-07-27 06:00:00,,,,,,,1533.0,1533.0,,,0.0,,,0.0
2025-07-27 07:00:00,,,,,,,1533.0,1533.0,,,0.0,,,0.0
2025-07-27 08:00:00,,,,,,,509.0,509.0,,,0.0,,,0.0
2025-07-27 09:00:00,,,,,,,509.0,509.0,,,0.0,,,0.0
2025-07-27 10:00:00,,,,,,,509.0,509.0,,,0.0,,,0.0
2025-07-27 11:00:00,,,,,,,509.0,509.0,,,0.0,,,0.0
2025-07-27 12:00:00,,,,,,,509.0,509.0,,,0.0,,,0.0
2025-07-27 13:00:00,,,,,,,509.0,509.0,,,0.0,,,0.0
2025-07-27 14:00:00,,,,,,,509.0,509.0,,,0.0,,,0.0
2025-07-27 15:00:00,,,,,,,509.0,509.0,,,0.0,,,0.0
2025-07-27 16:00:00,,,,,,,509.0,509.0,,,0.0,,,0.0
2025-07-27 17:00:00,,,,,,,1533.0,1533.0,,,0.0,,,0.0
2025-07-27 18:00:00,,,,,,,1533.0,1533.0,,,0.0,,,0.0
2025-07-27 19:00:00,,,,,,,1533.0,1533.0,,,0.0,,,0.0
2025-07-27 20:00:00,,,,,,,1533.0,1533.0,,,0.0,,,0.0
2025-07-27 21:00:00,,,,,,,1533.0,1533.0,,,0.0,,,0.0
2025-07-27 22:00:00,,,,,,,1533.0,1533.0,,,0.0,,,0.0
2025-07-27 23:00:00,,,,,,,1533.0,1533.0,,,0.0,,,0.0
2025-07-28 00:00:00,,,,,,,1533.0,1533.0,,,0.0,,,0.0
2025-07-28 01:00:00,,,,,,,1533.0,1533.0,,,0.0,,,0.0
2025-07-28 02:00:00,,,,,,,1533.0,1533.0,,,0.0,,,0.0
2025-07-28 03:00:00,,,,,,,1529.0,1529.0,,,0.0,,,0.0
2025-07-28 04:00:00,,,,,,,1533.0,1533.0,,,0.0,,,0.0
2025-07-28 05:00:00,,,,,,,1533.0,1533.0,,,0.0,,,0.0
2025-07-28 06:00:00,,,,,,,1533.0,1533.0,,,0.0,,,0.0
2025-07-28 07:00:00,,,,,,,1533.0,1533.0,,,0.0,,,0.0
2025-07-28 08:00:00,,,,,,,509.0,509.0,,,0.0,,,0.0
2025-07-28 09:00:00,,,,,,,509.0,509.0,,,0.0,,,0.0
2025-07-28 10:00:00,,,,,,,509.0,509.0,,,0.0,,,0.0
2025-07-28 11:00:00,,,,,,,509.0,509.0,,,0.0,,,0.0
2025-07-28 12:00:00,,,,,,,509.0,509.0,,,0.0,,,0.0
2025-07-28 13:00:00,,,,,,,509.0,509.0,,,0.0,,,0.0
2025-07-28 14:00:00,,,,,,,509.0,509.0,,,0.0,,,0.0
2025-07-28 15:00:00,,,,,,,509.0,509.0,,,0.0,,,0.0
2025-07-28 16:00:00,,,,,,,509.0,509.0,,,0.0,,,0.0
2025-07-28 17:00:00,,,,,,,1533.0,1533.0,,,0.0,,,0.0
2025-07-28 18:00:00,,,,,,,1533.0,1533.0,,,0.0,,,0.0
2025-07-28 19:00:00,,,,,,,1529.0,1529.0,,,0.0,,,0.0
2025-07-28 20:00:00,,,,,,,1533.0,1533.0,,,0.0,,,0.0
2025-07-28 21:00:00,,,,,,,1533.0,1533.0,,,0.0,,,0.0
2025-07-28 22:00:00,,,,,,,1533.0,1533.0,,,0.0,,,0.0
2025-07-28 23:00:00,,,,,,,1533.0,1533.0,,,0.0,,,0.0
2025-07-29 00:00:00,,,,,,,1533.0,1533.0,,,0.0,,,0.0
2025-07-29 01:00:00,,,,,,,1533.0,1533.0,,,0.0,,,0.0
2025-07-29 02:00:00,,,,,,,1533.0,1533.0,,,0.0,,,0.0
2025-07-29 03:00:00,,,,,,,1533.0,1533.0,,,0.0,,,0.0
2025-07-29 04:00:00,,,,,,,1529.0,1529.0,,,0.0,,,0.0
2025-07-29 05:00:00,,,,,,,1529.0,1529.0,,,0.0,,,0.0
2025-07-29 06:00:00,,,,,,,1533.0,1533.0,,,0.0,,,0.0
2025-07-29 07:00:00,,,,,,,1533.0,1533.0,,,0.0,,,0.0
2025-07-29 08:00:00,,,,,,,509.0,509.0,,,0.0,,,0.0
2025-07-29 09:00:00,,,,,,,509.0,509.0,,,0.0,,,0.0
2025-07-29 10:00:00,,,,,,,509.0,509.0,,,0.0,,,0.0
2025-07-29 11:00:00,,,,,,,509.0,509.0,,,0.0,,,0.0
2025-07-29 12:00:00,,,,,,,509.0,509.0,,,0.0,,,0.0
2025-07-29 13:00:00,,,,,,,509.0,509.0,,,0.0,,,0.0
2025-07-29 14:00:00,,,,,,,509.0,509.0,0.077,0.0,1.0,0.6553999,0.0,1.0
2025-07-29 15:00:00,,,,,,,509.0,509.0,,,0.0,,,0.0
2025-07-29 16:00:00,,,,,,,509.0,509.0,,,0.0,,,0.0
2025-07-29 17:00:00,,,,,,,1533.0,1533.0,,,0.0,,,0.0
2025-07-29 18:00:00,,,,,,,1533.0,1533.0,,,0.0,,,0.0
2025-07-29 19:00:00,,,,,,,1529.0,1529.0,,,0.0,,,0.0
2025-07-29 20:00:00,,,,,,,1533.0,1533.0,,,0.0,,,0.0
2025-07-29 21:00:00,,,,,,,1533.0,1533.0,,,0.0,,,0.0
2025-07-29 22:00:00,,,,,,,1533.0,1533.0,,,0.0,,,0.0
2025-07-29 23:00:00,,,,,,,1533.0,1533.0,,,0.0,,,0.0
2025-07-30 00:00:00,,,,,,,1533.0,1533.0,,,0.0,,,0.0
2025-07-30 01:00:00,,,,,,,1533.0,1533.0,,,0.0,,,0.0
2025-07-30 02:00:00,,,,,,,1533.0,1533.0,,,0.0,,,0.0
2025-07-30 03:00:00,,,,,,,1529.0,1529.0,,,0.0,,,0.0
2025-07-30 04:00:00,,,,,,,1529.0,1529.0,,,0.0,,,0.0
2025-07-30 05:00:00,,,,,,,1533.0,1533.0,,,0.0,,,0.0
2025-07-30 06:00:00,,,,,,,1529.0,1529.0,,,0.0,,,0.0
2025-07-30 07:00:00,,,,,,,1533.0,1533.0,,,0.0,,,0.0
2025-07-30 08:00:00,,,,,,,509.0,509.0,,,0.0,,,0.0
2025-07-30 09:00:00,,,,,,,509.0,509.0,,,0.0,,,0.0
2025-07-30 10:00:00,,,,,,,509.0,509.0,,,0.0,,,0.0
2025-07-30 11:00:00,,,,,,,509.0,509.0,,,0.0,,,0.0
2025-07-30 12:00:00,,,,,,,509.0,509.0,,,0.0,,,0.0
2025-07-30 13:00:00,,,,,,,509.0,509.0,0.33179998,0.021399999,3.0,0.74599993,0.0034999847,3.0
2025-07-30 14:00:00,,,,,,,509.0,509.0,,,0.0,,,0.0
2025-07-30 15:00:00,,,,,,,509.0,509.0,,,0.0,,,0.0
2025-07-30 16:00:00,,,,,,,509.0,509.0,,,0.0,,,0.0
2025-07-30 17:00:00,,,,,,,1533.0,1533.0,,,0.0,,,0.0
2025-07-30 18:00:00,,,,,,,1529.0,1529.0,,,0.0,,,0.0
2025-07-30 19:00:00,,,,,,,1533.0,1533.0,,,0.0,,,0.0
2025-07-30 20:00:00,,,,,,,1529.0,1529.0,,,0.0,,,0.0
2025-07-30 21:00:00,,,,,,,1529.0,1529.0,,,0.0,,,0.0
2025-07-30 22:00:00,,,,,,,1273.0,1273.0,,,0.0,,,0.0
2025-07-30 23:00:00,,,,,,,1533.0,1533.0,,,0.0,,,0.0
2025-07-31 00:00:00,,,,,,,1273.0,1273.0,,,0.0,,,0.0
2025-07-31 01:00:00,,,,,,,1533.0,1533.0,,,0.0,,,0.0
2025-07-31 02:00:00,,,,,,,1529.0,1529.0,,,0.0,,,0.0
2025-07-31 03:00:00,,,,,,,1533.0,1533.0,,,0.0,,,0.0
2025-07-31 04:00:00,,,,,,,1533.0,1533.0,,,0.0,,,0.0
2025-07-31 05:00:00,,,,,,,1529.0,1529.0,,,0.0,,,0.0
2025-07-31 06:00:00,,,,,,,1273.0,1273.0,,,0.0,,,0.0
2025-07-31 07:00:00,,,,,,,1533.0,1533.0,,,0.0,,,0.0
2025-07-31 08:00:00,,,,,,,509.0,509.0,,,0.0,,,0.0
2025-07-31 09:00:00,,,,,,,509.0,509.0,,,0.0,,,0.0
2025-07-31 10:00:00,,,,,,,509.0,509.0,,,0.0,,,0.0
2025-07-31 11:00:00,,,,,,,509.0,509.0,,,0.0,,,0.0
2025-07-31 12:00:00,,,,,,,509.0,509.0,,,0.0,,,0.0
2025-07-31 13:00:00,,,,,,,509.0,509.0,0.0082,0.0,1.0,0.809,0.0,1.0
2025-07-31 14:00:00,,,,,,,509.0,509.0,,,0.0,,,0.0
2025-07-31 15:00:00,,,,,,,509.0,509.0,,,0.0,,,0.0
2025-07-31 16:00:00,,,,,,,509.0,509.0,,,0.0,,,0.0
2025-07-31 17:00:00,,,,,,,1533.0,1533.0,,,0.0,,,0.0
2025-07-31 18:00:00,,,,,,,1533.0,1533.0,,,0.0,,,0.0
2025-07-31 19:00:00,,,,,,,1529.0,1529.0,,,0.0,,,0.0
2025-07-31 20:00:00,,,,,,,1273.0,1273.0,,,0.0,,,0.0
2025-07-31 21:00:00,,,,,,,1529.0,1529.0,,,0.0,,,0.0
2025-07-31 22:00:00,,,,,,,1273.0,1273.0,,,0.0,,,0.0
2025-07-31 23:00:00,,,,,,,1273.0,1273.0,,,0.0,,,0.0
2025-08-01 00:00:00,,,,,,,1273.0,1273.0,,,0.0,,,0.0
2025-08-01 01:00:00,,,,,,,1273.0,1273.0,,,0.0,,,0.0
2025-08-01 02:00:00,,,,,,,1533.0,1533.0,,,0.0,,,0.0
2025-08-01 03:00:00,,,,,,,1273.0,1273.0,,,0.0,,,0.0
2025-08-01 04:00:00,,,,,,,1273.0,1273.0,,,0.0,,,0.0
2025-08-01 05:00:00,,,,,,,1273.0,1273.0,,,0.0,,,0.0
2025-08-01 06:00:00,,,,,,,1273.0,1273.0,,,0.0,,,0.0
2025-08-01 07:00:00,,,,,,,1273.0,1273.0,,,0.0,,,0.0
2025-08-01 08:00:00,,,,,,,505.0,504.0,0.1774,0.065,6.0,0.76829994,0.02700001,6.0
2025-08-01 09:00:00,,,,,,,509.0,509.0,,,0.0,,,0.0
2025-08-01 10:00:00,,,,,,,509.0,509.0,,,0.0,,,0.0
2025-08-01 11:00:00,,,,,,,509.0,509.0,,,0.0,,,0.0
2025-08-01 12:00:00,,,,,,,509.0,509.0,,,0.0,,,0.0
2025-08-01 13:00:00,,,,,,,509.0,509.0,,,0.0,,,0.0
2025-08-01 14:00:00,,,,,,,509.0,509.0,,,0.0,,,0.0
2025-08-01 15:00:00,,,,,,,509.0,509.0,,,0.0,,,0.0
2025-08-01 16:00:00,,,,,,,509.0,509.0,,,0.0,,,0.0
2025-08-01 17:00:00,,,,,,,1533.0,1533.0,0.32619998,0.0033999998,2.0,0.6717,0.0026000142,2.0
2025-08-01 18:00:00,,,,,,,1533.0,1533.0,,,0.0,,,0.0
2025-08-01 19:00:00,,,,,,,1533.0,1533.0,,,0.0,,,0.0
2025-08-01 20:00:00,,,,,,,1529.0,1529.0,,,0.0,,,0.0
2025-08-01 21:00:00,,,,,,,1529.0,1529.0,,,0.0,,,0.0
2025-08-01 22:00:00,,,,,,,1529.0,1529.0,,,0.0,,,0.0
2025-08-01 23:00:00,,,,,,,1529.0,1529.0,,,0.0,,,0.0
2025-08-02 00:00:00,,,,,,,1529.0,1529.0,,,0.0,,,0.0
2025-08-02 01:00:00,,,,,,,1529.0,1529.0,,,0.0,,,0.0
2025-08-02 02:00:00,,,,,,,1529.0,1529.0,,,0.0,,,0.0
2025-08-02 03:00:00,,,,,,,1533.0,1533.0,,,0.0,,,0.0
2025-08-02 04:00:00,,,,,,,1533.0,1533.0,,,0.0,,,0.0
2025-08-02 05:00:00,,,,,,,1533.0,1533.0,,,0.0,,,0.0
2025-08-02 06:00:00,,,,,,,1533.0,1533.0,,,0.0,,,0.0
2025-08-02 07:00:00,,,,,,,1273.0,1273.0,,,0.0,,,0.0
2025-08-02 08:00:00,,,,,,,509.0,509.0,0.363,0.16319999,3.0,0.7264,0.044699967,3.0
2025-08-02 09:00:00,,,,,,,509.0,509.0,0.30859998,0.0,1.0,0.7818999,0.0,1.0
2025-08-02 10:00:00,,,,,,,509.0,509.0,,,0.0,,,0.0
2025-08-02 11:00:00,,,,,,,509.0,509.0,,,0.0,,,0.0
2025-08-02 12:00:00,,,,,,,509.0,509.0,,,0.0,,,0.0
2025-08-02 13:00:00,,,,,,,509.0,509.0,,,0.0,,,0.0
2025-08-02 14:00:00,,,,,,,509.0,509.0,,,0.0,,,0.0
2025-08-02 15:00:00,,,,,,,509.0,509.0,,,0.0,,,0.0
2025-08-02 16:00:00,,,,,,,509.0,509.0,,,0.0,,,0.0
2025-08-02 17:00:00,,,,,,,1533.0,1533.0,0.5804,0.0,1.0,0.5583,0.0,1.0
2025-08-02 18:00:00,,,,,,,1533.0,1533.0,,,0.0,,,0.0
2025-08-02 19:00:00,,,,,,,1533.0,1533.0,,,0.0,,,0.0
2025-08-02 20:00:00,,,,,,,1533.0,1533.0,,,0.0,,,0.0
2025-08-02 21:00:00,,,,,,,1533.0,1533.0,,,0.0,,,0.0
2025-08-02 22:00:00,,,,,,,1533.0,1533.0,,,0.0,,,0.0
2025-08-02 23:00:00,,,,,,,1533.0,1533.0,,,0.0,,,0.0
2025-08-03 00:00:00,,,,,,,1273.0,1273.0,,,0.0,,,0.0
2025-08-03 01:00:00,,,,,,,1533.0,1533.0,,,0.0,,,0.0
2025-08-03 02:00:00,,,,,,,1529.0,1529.0,,,0.0,,,0.0
2025-08-03 03:00:00,,,,,,,1533.0,1533.0,,,0.0,,,0.0
2025-08-03 04:00:00,,,,,,,1529.0,1529.0,,,0.0,,,0.0
2025-08-03 05:00:00,,,,,,,1273.0,1273.0,,,0.0,,,0.0
2025-08-03 06:00:00,,,,,,,1529.0,1529.0,,,0.0,,,0.0
2025-08-03 07:00:00,,,,,,,1533.0,1533.0,,,0.0,,,0.0
2025-08-03 08:00:00,,,,,,,505.0,504.0,0.26119998,0.0448,5.0,0.8342999,0.035699964,5.0
2025-08-03 09:00:00,,,,,,,509.0,509.0,,,0.0,,,0.0
2025-08-03 10:00:00,,,,,,,2297.0,2296.0,0.0466,0.0,1.0,0.9253,0.0,1.0
2025-08-03 11:00:00,,,,,,,509.0,509.0,0.18419999,0.0128,2.0,0.9628999,0.015500009,2.0
2025-08-03 12:00:00,,,,,,,509.0,509.0,,,0.0,,,0.0
2025-08-03 13:00:00,,,,,,,509.0,509.0,,,0.0,,,0.0
2025-08-03 14:00:00,,,,,,,509.0,509.0,,,0.0,,,0.0
2025-08-03 15:00:00,,,,,,,509.0,509.0,,,0.0,,,0.0
2025-08-03 16:00:00,,,,,,,509.0,509.0,,,0.0,,,0.0
2025-08-03 17:00:00,,,,,,,1533.0,1533.0,,,0.0,,,0.0
2025-08-03 18:00:00,,,,,,,1533.0,1533.0,,,0.0,,,0.0
2025-08-03 19:00:00,,,,,,,1533.0,1533.0,,,0.0,,,0.0
2025-08-03 20:00:00,,,,,,,1533.0,1533.0,,,0.0,,,0.0
2025-08-03 21:00:00,,,,,,,1533.0,1533.0,,,0.0,,,0.0
2025-08-03 22:00:00,,,,,,,1529.0,1529.0,,,0.0,,,0.0
2025-08-03 23:00:00,,,,,,,1529.0,1529.0,,,0.0,,,0.0
2025-08-04 00:00:00,,,,,,,1273.0,1273.0,,,0.0,,,0.0
2025-08-04 01:00:00,,,,,,,1529.0,1529.0,,,0.0,,,0.0
2025-08-04 02:00:00,,,,,,,1529.0,1529.0,,,0.0,,,0.0
2025-08-04 03:00:00,,,,,,,1273.0,1273.0,,,0.0,,,0.0
2025-08-04 04:00:00,,,,,,,1273.0,1273.0,,,0.0,,,0.0
2025-08-04 05:00:00,,,,,,,1273.0,1273.0,,,0.0,,,0.0
2025-08-04 06:00:00,,,,,,,1273.0,1273.0,,,0.0,,,0.0
2025-08-04 07:00:00,,,,,,,1533.0,1533.0,,,0.0,,,0.0
2025-08-04 08:00:00,,,,,,,509.0,509.0,0.15879999,0.053999998,2.0,0.9245,0.007099986,2.0
2025-08-04 09:00:00,,,,,,,509.0,509.0,0.551,0.0,1.0,0.7312,0.0,1.0
2025-08-04 10:00:00,,,,,,,509.0,509.0,,,0.0,,,0.0
2025-08-04 11:00:00,,,,,,,509.0,509.0,,,0.0,,,0.0
2025-08-04 12:00:00,,,,,,,509.0,509.0,,,0.0,,,0.0
2025-08-04 13:00:00,,,,,,,509.0,509.0,,,0.0,,,0.0
2025-08-04 14:00:00,,,,,,,509.0,509.0,,,0.0,,,0.0
2025-08-04 15:00:00,,,,,,,509.0,509.0,,,0.0,,,0.0
2025-08-04 16:00:00,,,,,,,509.0,509.0,,,0.0,,,0.0
2025-08-04 17:00:00,,,,,,,1533.0,1533.0,,,0.0,,,0.0
2025-08-04 18:00:00,,,,,,,1533.0,1533.0,,,0.0,,,0.0
2025-08-04 19:00:00,,,,,,,1533.0,1533.0,,,0.0,,,0.0
2025-08-04 20:00:00,,,,,,,1533.0,1533.0,,,0.0,,,0.0
2025-08-04 21:00:00,,,,,,,1529.0,1529.0,,,0.0,,,0.0
2025-08-04 22:00:00,,,,,,,1273.0,1273.0,,,0.0,,,0.0
2025-08-04 23:00:00,,,,,,,1529.0,1529.0,,,0.0,,,0.0
2025-08-05 00:00:00,,,,,,,1533.0,1533.0,,,0.0,,,0.0
2025-08-05 01:00:00,,,,,,,1529.0,1529.0,,,0.0,,,0.0
2025-08-05 02:00:00,,,,,,,1533.0,1533.0,,,0.0,,,0.0
2025-08-05 03:00:00,,,,,,,1533.0,1533.0,,,0.0,,,0.0
2025-08-05 04:00:00,,,,,,,1529.0,1529.0,,,0.0,,,0.0
2025-08-05 05:00:00,,,,,,,1529.0,1529.0,,,0.0,,,0.0
2025-08-05 06:00:00,,,,,,,1273.0,1273.0,,,0.0,,,0.0
2025-08-05 07:00:00,,,,,,,1529.0,1529.0,,,0.0,,,0.0
2025-08-05 08:00:00,,,,,,,505.0,505.0,0.031,0.0,1.0,0.9712,0.0,1.0
2025-08-05 09:00:00,,,,,,,509.0,509.0,,,0.0,,,0.0
2025-08-05 10:00:00,,,,,,,509.0,509.0,0.9094,0.0262,3.0,0.62469995,0.00080001354,3.0
2025-08-05 11:00:00,,,,,,,509.0,509.0,,,0.0,,,0.0
2025-08-05 12:00:00,,,,,,,509.0,509.0,0.4852,0.0,1.0,0.9979,0.0,1.0
2025-08-05 13:00:00,,,,,,,509.0,509.0,,,0.0,,,0.0
2025-08-05 14:00:00,,,,,,,509.0,509.0,,,0.0,,,0.0
2025-08-05 15:00:00,,,,,,,509.0,509.0,,,0.0,,,0.0
2025-08-05 16:00:00,,,,,,,509.0,509.0,,,0.0,,,0.0
2025-08-05 17:00:00,,,,,,,1533.0,1533.0,,,0.0,,,0.0
2025-08-05 18:00:00,,,,,,,1533.0,1533.0,,,0.0,,,0.0
2025-08-05 19:00:00,,,,,,,1533.0,1533.0,,,0.0,,,0.0
2025-08-05 20:00:00,,,,,,,1529.0,1529.0,,,0.0,,,0.0
2025-08-05 21:00:00,,,,,,,1529.0,1529.0,,,0.0,,,0.0
2025-08-05 22:00:00,,,,,,,1533.0,1533.0,,,0.0,,,0.0
2025-08-05 23:00:00,,,,,,,1533.0,1533.0,,,0.0,,,0.0
2025-08-06 00:00:00,,,,,,,1533.0,1533.0,,,0.0,,,0.0
2025-08-06 01:00:00,,,,,,,1533.0,1533.0,,,0.0,,,0.0
2025-08-06 02:00:00,,,,,,,1533.0,1533.0,,,0.0,,,0.0
2025-08-06 03:00:00,,,,,,,1529.0,1529.0,,,0.0,,,0.0
2025-08-06 04:00:00,,,,,,,1533.0,1533.0,,,0.0,,,0.0
2025-08-06 05:00:00,,,,,,,1533.0,1533.0,,,0.0,,,0.0
2025-08-06 06:00:00,,,,,,,1529.0,1529.0,,,0.0,,,0.0
2025-08-06 07:00:00,,,,,,,1533.0,1533.0,,,0.0,,,0.0
2025-08-06 08:00:00,,,,,,,505.0,505.0,,,0.0,,,0.0
2025-08-06 09:00:00,,,,,,,509.0,509.0,,,0.0,,,0.0
2025-08-06 10:00:00,,,,,,,509.0,509.0,,,0.0,,,0.0
2025-08-06 11:00:00,,,,,,,509.0,509.0,,,0.0,,,0.0
2025-08-06 12:00:00,,,,,,,509.0,509.0,,,0.0,,,0.0
2025-08-06 13:00:00,,,,,,,509.0,509.0,,,0.0,,,0.0
2025-08-06 14:00:00,,,,,,,509.0,509.0,,,0.0,,,0.0
2025-08-06 15:00:00,,,,,,,509.0,509.0,,,0.0,,,0.0
2025-08-06 16:00:00,,,,,,,509.0,509.0,0.4536,0.0,1.0,1.5235,0.0,1.0
2025-08-06 17:00:00,,,,,,,1533.0,1533.0,,,0.0,,,0.0
2025-08-06 18:00:00,,,,,,,1533.0,1533.0,,,0.0,,,0.0
2025-08-06 19:00:00,,,,,,,1533.0,1533.0,,,0.0,,,0.0
2025-08-06 20:00:00,,,,,,,1533.0,1533.0,,,0.0,,,0.0
2025-08-06 21:00:00,,,,,,,1533.0,1533.0,,,0.0,,,0.0
2025-08-06 22:00:00,,,,,,,1533.0,1533.0,,,0.0,,,0.0
2025-08-06 23:00:00,,,,,,,1529.0,1529.0,,,0.0,,,0.0
2025-08-07 00:00:00,,,,,,,1533.0,1533.0,,,0.0,,,0.0
2025-08-07 01:00:00,,,,,,,1529.0,1529.0,,,0.0,,,0.0
2025-08-07 02:00:00,,,,,,,1533.0,1533.0,,,0.0,,,0.0
2025-08-07 03:00:00,,,,,,,1533.0,1533.0,,,0.0,,,0.0
2025-08-07 04:00:00,,,,,,,1533.0,1533.0,,,0.0,,,0.0
2025-08-07 05:00:00,,,,,,,1529.0,1529.0,,,0.0,,,0.0
2025-08-07 06:00:00,,,,,,,1533.0,1533.0,,,0.0,,,0.0
2025-08-07 07:00:00,,,,,,,1533.0,1533.0,,,0.0,,,0.0
2025-08-07 08:00:00,,,,,,,2553.0,2552.0,0.154,0.0148,3.0,0.9973999,0.010999978,3.0
2025-08-07 09:00:00,,,,,,,509.0,509.0,0.2322,0.0198,3.0,1.0002999,0.017399967,3.0
2025-08-07 10:00:00,,,,,,,509.0,509.0,,,0.0,,,0.0
2025-08-07 11:00:00,,,,,,,509.0,509.0,,,0.0,,,0.0
2025-08-07 12:00:00,,,,,,,509.0,509.0,,,0.0,,,0.0
2025-08-07 13:00:00,,,,,,,509.0,509.0,,,0.0,,,0.0
2025-08-07 14:00:00,,,,,,,509.0,509.0,,,0.0,,,0.0
2025-08-07 15:00:00,,,,,,,509.0,509.0,,,0.0,,,0.0
2025-08-07 16:00:00,,,,,,,509.0,509.0,,,0.0,,,0.0
2025-08-07 17:00:00,,,,,,,1533.0,1533.0,,,0.0,,,0.0
2025-08-07 18:00:00,,,,,,,1533.0,1533.0,,,0.0,,,0.0
2025-08-07 19:00:00,,,,,,,1529.0,1529.0,,,0.0,,,0.0
2025-08-07 20:00:00,,,,,,,1533.0,1533.0,,,0.0,,,0.0
2025-08-07 21:00:00,,,,,,,1273.0,1273.0,,,0.0,,,0.0
2025-08-07 22:00:00,,,,,,,1529.0,1529.0,,,0.0,,,0.0
2025-08-07 23:00:00,,,,,,,1273.0,1273.0,,,0.0,,,0.0
2025-08-08 00:00:00,,,,,,,1273.0,1273.0,,,0.0,,,0.0
2025-08-08 01:00:00,,,,,,,1273.0,1273.0,,,0.0,,,0.0
2025-08-08 02:00:00,,,,,,,1273.0,1273.0,,,0.0,,,0.0
2025-08-08 03:00:00,,,,,,,1273.0,1273.0,,,0.0,,,0.0
2025-08-08 04:00:00,,,,,,,1273.0,1273.0,,,0.0,,,0.0
2025-08-08 05:00:00,,,,,,,1273.0,1273.0,,,0.0,,,0.0
2025-08-08 06:00:00,,,,,,,1273.0,1273.0,,,0.0,,,0.0
2025-08-08 07:00:00,,,,,,,1273.0,1273.0,,,0.0,,,0.0
2025-08-08 08:00:00,0.1086,,,,,,193.0,249.0,0.0072,0.0,1.0,1.0113,0.0,1.0
2025-08-08 09:00:00,,,,,,,509.0,509.0,0.108399995,0.116,3.0,1.0345,0.006099999,3.0
2025-08-08 10:00:00,,,,,,,509.0,509.0,,,0.0,,,0.0
2025-08-08 11:00:00,,,,,,,509.0,509.0,,,0.0,,,0.0
2025-08-08 12:00:00,,,,,,,509.0,509.0,,,0.0,,,0.0
2025-08-08 13:00:00,,,,,,,509.0,509.0,,,0.0,,,0.0
2025-08-08 14:00:00,,,,,,,509.0,509.0,,,0.0,,,0.0
2025-08-08 15:00:00,,,,,,,509.0,509.0,,,0.0,,,0.0
2025-08-08 16:00:00,,,,,,,509.0,509.0,,,0.0,,,0.0
2025-08-08 17:00:00,,,,,,,1533.0,1533.0,,,0.0,,,0.0
2025-08-08 18:00:00,,,,,,,1533.0,1533.0,,,0.0,,,0.0
2025-08-08 19:00:00,,,,,,,1533.0,1533.0,,,0.0,,,0.0
2025-08-08 20:00:00,,,,,,,1529.0,1529.0,,,0.0,,,0.0
2025-08-08 21:00:00,,,,,,,1529.0,1529.0,,,0.0,,,0.0
2025-08-08 22:00:00,,,,,,,1529.0,1529.0,,,0.0,,,0.0
2025-08-08 23:00:00,,,,,,,1533.0,1533.0,,,0.0,,,0.0
2025-08-09 00:00:00,,,,,,,1529.0,1529.0,,,0.0,,,0.0
2025-08-09 01:00:00,,,,,,,1529.0,1529.0,,,0.0,,,0.0
2025-08-09 02:00:00,,,,,,,1533.0,1533.0,,,0.0,,,0.0
2025-08-09 03:00:00,,,,,,,1533.0,1533.0,,,0.0,,,0.0
2025-08-09 04:00:00,,,,,,,1533.0,1533.0,,,0.0,,,0.0
2025-08-09 05:00:00,,,,,,,1273.0,1273.0,,,0.0,,,0.0
2025-08-09 06:00:00,,,,,,,1533.0,1533.0,,,0.0,,,0.0
2025-08-09 07:00:00,,,,,,,1533.0,1533.0,,,0.0,,,0.0
2025-08-09 08:00:00,,,,,,,509.0,509.0,0.7352,0.0,1.0,0.61010003,0.0,1.0
2025-08-09 09:00:00,,,,,,,509.0,509.0,0.33699998,0.0,1.0,0.962,0.0,1.0
2025-08-09 10:00:00,,,,,,,509.0,509.0,,,0.0,,,0.0
2025-08-09 11:00:00,,,,,,,509.0,509.0,,,0.0,,,0.0
2025-08-09 12:00:00,,,,,,,509.0,509.0,,,0.0,,,0.0
2025-08-09 13:00:00,,,,,,,509.0,509.0,,,0.0,,,0.0
2025-08-09 14:00:00,,,,,,,509.0,509.0,,,0.0,,,0.0
2025-08-09 15:00:00,,,,,,,509.0,509.0,,,0.0,,,0.0
2025-08-09 16:00:00,,,,,,,509.0,509.0,,,0.0,,,0.0
2025-08-09 17:00:00,,,,,,,1533.0,1533.0,,,0.0,,,0.0
2025-08-09 18:00:00,,,,,,,1533.0,1533.0,,,0.0,,,0.0
2025-08-09 19:00:00,,,,,,,1533.0,1533.0,,,0.0,,,0.0
2025-08-09 20:00:00,,,,,,,1533.0,1533.0,,,0.0,,,0.0
2025-08-09 21:00:00,,,,,,,1533.0,1533.0,,,0.0,,,0.0
2025-08-09 22:00:00,,,,,,,1533.0,1533.0,,,0.0,,,0.0
2025-08-09 23:00:00,,,,,,,1533.0,1533.0,,,0.0,,,0.0
2025-08-10 00:00:00,,,,,,,1533.0,1533.0,,,0.0,,,0.0
2025-08-10 01:00:00,,,,,,,1533.0,1533.0,,,0.0,,,0.0
2025-08-10 02:00:00,,,,,,,1533.0,1533.0,,,0.0,,,0.0
2025-08-10 03:00:00,,,,,,,1533.0,1533.0,,,0.0,,,0.0
2025-08-10 04:00:00,,,,,,,1273.0,1273.0,,,0.0,,,0.0
2025-08-10 05:00:00,,,,,,,1529.0,1529.0,,,0.0,,,0.0
2025-08-10 06:00:00,,,,,,,1273.0,1273.0,,,0.0,,,0.0
2025-08-10 07:00:00,,,,,,,1529.0,1529.0,,,0.0,,,0.0
2025-08-10 08:00:00,,,,,,,249.0,249.0,0.031999998,0.0286,5.0,1.0347999,0.013199985,5.0
2025-08-10 09:00:00,,,,,,,509.0,509.0,0.1364,0.038799997,2.0,1.0148,0.011799991,2.0
2025-08-10 10:00:00,,,,,,,509.0,509.0,,,0.0,,,0.0
2025-08-10 11:00:00,,,,,,,509.0,509.0,0.1618,0.0,1.0,1.0633,0.0,1.0
2025-08-10 12:00:00,,,,,,,509.0,509.0,,,0.0,,,0.0
2025-08-10 13:00:00,,,,,,,509.0,509.0,,,0.0,,,0.0
2025-08-10 14:00:00,,,,,,,2553.0,2552.0,0.4976,0.2502,3.0,0.88689995,0.35369998,3.0
2025-08-10 15:00:00,,,,,,,509.0,509.0,,,0.0,,,0.0
2025-08-10 16:00:00,,,,,,,505.0,505.0,0.7248,0.0,1.0,0.6934,0.0,1.0
2025-08-10 17:00:00,,,,,,,1533.0,1533.0,,,0.0,,,0.0
2025-08-10 18:00:00,,,,,,,1533.0,1533.0,,,0.0,,,0.0
2025-08-10 19:00:00,,,,,,,1533.0,1533.0,,,0.0,,,0.0
2025-08-10 20:00:00,,,,,,,1533.0,1533.0,,,0.0,,,0.0
2025-08-10 21:00:00,,,,,,,1533.0,1533.0,,,0.0,,,0.0
2025-08-10 22:00:00,,,,,,,1533.0,1533.0,,,0.0,,,0.0
2025-08-10 23:00:00,,,,,,,1533.0,1533.0,,,0.0,,,0.0
2025-08-11 00:00:00,,,,,,,1533.0,1533.0,,,0.0,,,0.0
2025-08-11 01:00:00,,,,,,,1529.0,1529.0,,,0.0,,,0.0
2025-08-11 02:00:00,,,,,,,1533.0,1533.0,,,0.0,,,0.0
2025-08-11 03:00:00,,,,,,,1533.0,1533.0,,,0.0,,,0.0
2025-08-11 04:00:00,,,,,,,1529.0,1529.0,,,0.0,,,0.0
2025-08-11 05:00:00,,,,,,,1529.0,1529.0,,,0.0,,,0.0
2025-08-11 06:00:00,,,,,,,1533.0,1533.0,,,0.0,,,0.0
2025-08-11 07:00:00,,,,,,,1533.0,1533.0,,,0.0,,,0.0
2025-08-11 08:00:00,,,,,,,509.0,509.0,,,0.0,,,0.0
2025-08-11 09:00:00,,,,,,,509.0,509.0,,,0.0,,,0.0
2025-08-11 10:00:00,,,,,,,509.0,509.0,,,0.0,,,0.0
2025-08-11 11:00:00,,,,,,,509.0,509.0,,,0.0,,,0.0
2025-08-11 12:00:00,,,,,,,509.0,509.0,,,0.0,,,0.0
2025-08-11 13:00:00,,,,,,,509.0,509.0,,,0.0,,,0.0
2025-08-11 14:00:00,,,,,,,509.0,509.0,,,0.0,,,0.0
2025-08-11 15:00:00,,,,,,,509.0,509.0,,,0.0,,,0.0
2025-08-11 16:00:00,,,,,,,509.0,509.0,,,0.0,,,0.0
2025-08-11 17:00:00,,,,,,,1533.0,1533.0,,,0.0,,,0.0
2025-08-11 18:00:00,,,,,,,1533.0,1533.0,,,0.0,,,0.0
2025-08-11 19:00:00,,,,,,,1533.0,1533.0,,,0.0,,,0.0
2025-08-11 20:00:00,,,,,,,1533.0,1533.0,,,0.0,,,0.0
2025-08-11 21:00:00,,,,,,,1533.0,1533.0,,,0.0,,,0.0
2025-08-11 22:00:00,,,,,,,1533.0,1533.0,,,0.0,,,0.0
2025-08-11 23:00:00,,,,,,,1529.0,1529.0,,,0.0,,,0.0
2025-08-12 00:00:00,,,,,,,1533.0,1533.0,,,0.0,,,0.0
2025-08-12 01:00:00,,,,,,,1533.0,1533.0,,,0.0,,,0.0
2025-08-12 02:00:00,,,,,,,1533.0,1533.0,,,0.0,,,0.0
2025-08-12 03:00:00,,,,,,,1533.0,1533.0,,,0.0,,,0.0
2025-08-12 04:00:00,,,,,,,1533.0,1533.0,,,0.0,,,0.0
2025-08-12 05:00:00,,,,,,,1533.0,1533.0,,,0.0,,,0.0
2025-08-12 06:00:00,,,,,,,1533.0,1533.0,,,0.0,,,0.0
2025-08-12 07:00:00,,,,,,,1533.0,1533.0,,,0.0,,,0.0
2025-08-12 08:00:00,,,,,,,509.0,509.0,,,0.0,,,0.0
2025-08-12 09:00:00,,,,,,,509.0,509.0,,,0.0,,,0.0
2025-08-12 10:00:00,,,,,,,509.0,509.0,,,0.0,,,0.0
2025-08-12 11:00:00,,,,,,,509.0,509.0,,,0.0,,,0.0
2025-08-12 12:00:00,,,,,,,509.0,509.0,,,0.0,,,0.0
2025-08-12 13:00:00,,,,,,,509.0,509.0,,,0.0,,,0.0
2025-08-12 14:00:00,,,,,,,509.0,509.0,,,0.0,,,0.0
2025-08-12 15:00:00,,,,,,,509.0,509.0,,,0.0,,,0.0
2025-08-12 16:00:00,,,,,,,509.0,509.0,,,0.0,,,0.0
2025-08-12 17:00:00,,,,,,,1533.0,1533.0,,,0.0,,,0.0
2025-08-12 18:00:00,,,,,,,1533.0,1533.0,,,0.0,,,0.0
2025-08-12 19:00:00,,,,,,,1533.0,1533.0,,,0.0,,,0.0
2025-08-12 20:00:00,,,,,,,1529.0,1529.0,,,0.0,,,0.0
2025-08-12 21:00:00,,,,,,,1529.0,1529.0,,,0.0,,,0.0
2025-08-12 22:00:00,,,,,,,1273.0,1273.0,,,0.0,,,0.0
2025-08-12 23:00:00,,,,,,,1529.0,1529.0,,,0.0,,,0.0
2025-08-13 00:00:00,,,,,,,1529.0,1529.0,,,0.0,,,0.0
2025-08-13 01:00:00,,,,,,,1533.0,1533.0,,,0.0,,,0.0
2025-08-13 02:00:00,,,,,,,1533.0,1533.0,,,0.0,,,0.0
2025-08-13 03:00:00,,,,,,,1533.0,1533.0,,,0.0,,,0.0
2025-08-13 04:00:00,,,,,,,1533.0,1533.0,,,0.0,,,0.0
2025-08-13 05:00:00,,,,,,,1533.0,1533.0,,,0.0,,,0.0
2025-08-13 06:00:00,,,,,,,1533.0,1533.0,,,0.0,,,0.0
2025-08-13 07:00:00,,,,,,,1533.0,1533.0,,,0.0,,,0.0
2025-08-13 08:00:00,,,,,,,509.0,509.0,0.6784,0.0574,2.0,0.5411,0.099699974,2.0
2025-08-13 09:00:00,,,,,,,509.0,509.0,,,0.0,,,0.0
2025-08-13 10:00:00,,,,,,,509.0,509.0,,,0.0,,,0.0
2025-08-13 11:00:00,,,,,,,509.0,509.0,,,0.0,,,0.0
2025-08-13 12:00:00,,,,,,,509.0,509.0,,,0.0,,,0.0
2025-08-13 13:00:00,,,,,,,509.0,509.0,,,0.0,,,0.0
2025-08-13 14:00:00,,,,,,,509.0,509.0,,,0.0,,,0.0
2025-08-13 15:00:00,,,,,,,509.0,509.0,,,0.0,,,0.0
2025-08-13 16:00:00,,,,,,,509.0,509.0,,,0.0,,,0.0
2025-08-13 17:00:00,,,,,,,1533.0,1533.0,,,0.0,,,0.0
2025-08-13 18:00:00,,,,,,,1533.0,1533.0,,,0.0,,,0.0
2025-08-13 19:00:00,,,,,,,1533.0,1533.0,,,0.0,,,0.0
2025-08-13 20:00:00,,,,,,,1529.0,1529.0,,,0.0,,,0.0
2025-08-13 21:00:00,,,,,,,1533.0,1533.0,,,0.0,,,0.0
2025-08-13 22:00:00,,,,,,,1533.0,1533.0,,,0.0,,,0.0
2025-08-13 23:00:00,,,,,,,1533.0,1533.0,,,0.0,,,0.0
2025-08-14 00:00:00,,,,,,,1533.0,1533.0,,,0.0,,,0.0
2025-08-14 01:00:00,,,,,,,1533.0,1533.0,,,0.0,,,0.0
2025-08-14 02:00:00,,,,,,,1533.0,1533.0,,,0.0,,,0.0
2025-08-14 03:00:00,,,,,,,1533.0,1533.0,,,0.0,,,0.0
2025-08-14 04:00:00,,,,,,,1533.0,1533.0,,,0.0,,,0.0
2025-08-14 05:00:00,,,,,,,1533.0,1533.0,,,0.0,,,0.0
2025-08-14 06:00:00,,,,,,,1533.0,1533.0,,,0.0,,,0.0
2025-08-14 07:00:00,,,,,,,1533.0,1533.0,,,0.0,,,0.0
2025-08-14 08:00:00,,,,,,,509.0,509.0,,,0.0,,,0.0
2025-08-14 09:00:00,,,,,,,2553.0,2552.0,0.35459998,0.0,1.0,0.9475,0.0,1.0
2025-08-14 10:00:00,,,,,,,509.0,509.0,0.3454,0.0,1.0,0.9296,0.0,1.0
2025-08-14 11:00:00,,,,,,,509.0,509.0,,,0.0,,,0.0
2025-08-14 12:00:00,,,,,,,509.0,509.0,,,0.0,,,0.0
2025-08-14 13:00:00,,,,,,,509.0,509.0,,,0.0,,,0.0
2025-08-14 14:00:00,,,,,,,509.0,509.0,,,0.0,,,0.0
2025-08-14 15:00:00,,,,,,,509.0,509.0,,,0.0,,,0.0
2025-08-14 16:00:00,,,,,,,509.0,509.0,,,0.0,,,0.0
2025-08-14 17:00:00,,,,,,,1533.0,1533.0,,,0.0,,,0.0
2025-08-14 18:00:00,,,,,,,1533.0,1533.0,,,0.0,,,0.0
2025-08-14 19:00:00,,,,,,,1533.0,1533.0,,,0.0,,,0.0
2025-08-14 20:00:00,,,,,,,1533.0,1533.0,,,0.0,,,0.0
2025-08-14 21:00:00,,,,,,,1533.0,1533.0,,,0.0,,,0.0
2025-08-14 22:00:00,,,,,,,1529.0,1529.0,,,0.0,,,0.0
2025-08-14 23:00:00,,,,,,,1529.0,1529.0,,,0.0,,,0.0
2025-08-15 00:00:00,,,,,,,1533.0,1533.0,,,0.0,,,0.0
2025-08-15 01:00:00,,,,,,,1529.0,1529.0,,,0.0,,,0.0
2025-08-15 02:00:00,,,,,,,1533.0,1533.0,,,0.0,,,0.0
2025-08-15 03:00:00,,,,,,,1533.0,1533.0,,,0.0,,,0.0
2025-08-15 04:00:00,,,,,,,1533.0,1533.0,,,0.0,,,0.0
2025-08-15 05:00:00,,,,,,,1533.0,1533.0,,,0.0,,,0.0
2025-08-15 06:00:00,,,,,,,1533.0,1533.0,,,0.0,,,0.0
2025-08-15 07:00:00,,,,,,,1533.0,1533.0,,,0.0,,,0.0
2025-08-15 08:00:00,,,,,,,509.0,509.0,,,0.0,,,0.0
2025-08-15 09:00:00,,,,,,,509.0,509.0,,,0.0,,,0.0
2025-08-15 10:00:00,,,,,,,509.0,509.0,,,0.0,,,0.0
2025-08-15 11:00:00,,,,,,,509.0,509.0,,,0.0,,,0.0
2025-08-15 12:00:00,,,,,,,509.0,509.0,,,0.0,,,0.0
2025-08-15 13:00:00,,,,,,,509.0,509.0,,,0.0,,,0.0
2025-08-15 14:00:00,,,,,,,509.0,509.0,,,0.0,,,0.0
2025-08-15 15:00:00,,,,,,,509.0,509.0,,,0.0,,,0.0
2025-08-15 16:00:00,,,,,,,509.0,509.0,,,0.0,,,0.0
2025-08-15 17:00:00,,,,,,,1533.0,1533.0,,,0.0,,,0.0
2025-08-15 18:00:00,,,,,,,1533.0,1533.0,,,0.0,,,0.0
2025-08-15 19:00:00,,,,,,,1529.0,1529.0,,,0.0,,,0.0
2025-08-15 20:00:00,,,,,,,1533.0,1533.0,,,0.0,,,0.0
2025-08-15 21:00:00,,,,,,,1533.0,1533.0,,,0.0,,,0.0
2025-08-15 22:00:00,,,,,,,1529.0,1529.0,,,0.0,,,0.0
2025-08-15 23:00:00,,,,,,,1529.0,1529.0,,,0.0,,,0.0
2025-08-16 00:00:00,,,,,,,1533.0,1533.0,,,0.0,,,0.0
2025-08-16 01:00:00,,,,,,,1533.0,1533.0,,,0.0,,,0.0
2025-08-16 02:00:00,,,,,,,1533.0,1533.0,,,0.0,,,0.0
2025-08-16 03:00:00,,,,,,,1533.0,1533.0,,,0.0,,,0.0
2025-08-16 04:00:00,,,,,,,1533.0,1533.0,,,0.0,,,0.0
2025-08-16 05:00:00,,,,,,,1533.0,1533.0,,,0.0,,,0.0
2025-08-16 06:00:00,,,,,,,1533.0,1533.0,,,0.0,,,0.0
2025-08-16 07:00:00,,,,,,,1533.0,1533.0,,,0.0,,,0.0
2025-08-16 08:00:00,,,,,,,509.0,509.0,,,0.0,,,0.0
2025-08-16 09:00:00,,,,,,,509.0,509.0,,,0.0,,,0.0
2025-08-16 10:00:00,,,,,,,509.0,509.0,,,0.0,,,0.0
2025-08-16 11:00:00,,,,,,,509.0,509.0,,,0.0,,,0.0
2025-08-16 12:00:00,,,,,,,509.0,509.0,,,0.0,,,0.0
2025-08-16 13:00:00,,,,,,,509.0,509.0,,,0.0,,,0.0
2025-08-16 14:00:00,,,,,,,509.0,509.0,,,0.0,,,0.0
2025-08-16 15:00:00,,,,,,,509.0,509.0,,,0.0,,,0.0
2025-08-16 16:00:00,,,,,,,509.0,509.0,,,0.0,,,0.0
2025-08-16 17:00:00,,,,,,,1533.0,1533.0,,,0.0,,,0.0
2025-08-16 18:00:00,,,,,,,1533.0,1533.0,,,0.0,,,0.0
2025-08-16 19:00:00,,,,,,,1533.0,1533.0,,,0.0,,,0.0
2025-08-16 20:00:00,,,,,,,1533.0,1533.0,,,0.0,,,0.0
2025-08-16 21:00:00,,,,,,,1529.0,1529.0,,,0.0,,,0.0
2025-08-16 22:00:00,,,,,,,1533.0,1533.0,,,0.0,,,0.0
2025-08-16 23:00:00,,,,,,,1529.0,1529.0,,,0.0,,,0.0
2025-08-17 00:00:00,,,,,,,1533.0,1533.0,,,0.0,,,0.0
2025-08-17 01:00:00,,,,,,,1529.0,1529.0,,,0.0,,,0.0
2025-08-17 02:00:00,,,,,,,1529.0,1529.0,,,0.0,,,0.0
2025-08-17 03:00:00,,,,,,,1533.0,1533.0,,,0.0,,,0.0
2025-08-17 04:00:00,,,,,,,1533.0,1533.0,,,0.0,,,0.0
2025-08-17 05:00:00,,,,,,,1533.0,1533.0,,,0.0,,,0.0
2025-08-17 06:00:00,,,,,,,1533.0,1533.0,,,0.0,,,0.0
2025-08-17 07:00:00,,,,,,,1533.0,1533.0,,,0.0,,,0.0
2025-08-17 08:00:00,,,,,,,509.0,509.0,,,0.0,,,0.0
2025-08-17 09:00:00,,,,,,,509.0,509.0,,,0.0,,,0.0
2025-08-17 10:00:00,,,,,,,509.0,509.0,,,0.0,,,0.0
2025-08-17 11:00:00,,,,,,,509.0,509.0,0.7226,0.0,1.0,0.8284,0.0,1.0
2025-08-17 12:00:00,,,,,,,509.0,509.0,,,0.0,,,0.0
2025-08-17 13:00:00,,,,,,,509.0,509.0,,,0.0,,,0.0
2025-08-17 14:00:00,,,,,,,509.0,509.0,,,0.0,,,0.0
2025-08-17 15:00:00,,,,,,,509.0,509.0,,,0.0,,,0.0
2025-08-17 16:00:00,,,,,,,509.0,509.0,,,0.0,,,0.0
2025-08-17 17:00:00,,,,,,,1533.0,1533.0,,,0.0,,,0.0
2025-08-17 18:00:00,,,,,,,1533.0,1533.0,,,0.0,,,0.0
2025-08-17 19:00:00,,,,,,,1533.0,1533.0,,,0.0,,,0.0
2025-08-17 20:00:00,,,,,,,1533.0,1533.0,,,0.0,,,0.0
2025-08-17 21:00:00,,,,,,,1529.0,1529.0,,,0.0,,,0.0
2025-08-17 22:00:00,,,,,,,1533.0,1533.0,,,0.0,,,0.0
2025-08-17 23:00:00,,,,,,,1533.0,1533.0,,,0.0,,,0.0
2025-08-18 00:00:00,,,,,,,1533.0,1533.0,,,0.0,,,0.0
2025-08-18 01:00:00,,,,,,,1533.0,1533.0,,,0.0,,,0.0
2025-08-18 02:00:00,,,,,,,1533.0,1533.0,,,0.0,,,0.0
2025-08-18 03:00:00,,,,,,,1533.0,1533.0,,,0.0,,,0.0
2025-08-18 04:00:00,,,,,,,1533.0,1533.0,,,0.0,,,0.0
2025-08-18 05:00:00,,,,,,,1533.0,1533.0,,,0.0,,,0.0
2025-08-18 06:00:00,,,,,,,1533.0,1533.0,,,0.0,,,0.0
2025-08-18 07:00:00,,,,,,,1533.0,1533.0,,,0.0,,,0.0
2025-08-18 08:00:00,,,,,,,509.0,509.0,,,0.0,,,0.0
2025-08-18 09:00:00,,,,,,,509.0,509.0,0.8168,0.0134,2.0,0.5411,0.008599997,2.0
2025-08-18 10:00:00,,,,,,,505.0,505.0,,,0.0,,,0.0
2025-08-18 11:00:00,,,,,,,509.0,509.0,,,0.0,,,0.0
2025-08-18 12:00:00,,,,,,,509.0,509.0,,,0.0,,,0.0
2025-08-18 13:00:00,,,,,,,509.0,509.0,,,0.0,,,0.0
2025-08-18 14:00:00,,,,,,,509.0,509.0,,,0.0,,,0.0
2025-08-18 15:00:00,,,,,,,509.0,509.0,,,0.0,,,0.0
2025-08-18 16:00:00,,,,,,,509.0,509.0,,,0.0,,,0.0
2025-08-18 17:00:00,,,,,,,1529.0,1529.0,,,0.0,,,0.0
2025-08-18 18:00:00,,,,,,,1533.0,1533.0,,,0.0,,,0.0
2025-08-18 19:00:00,,,,,,,1273.0,1273.0,,,0.0,,,0.0
2025-08-18 20:00:00,,,,,,,1533.0,1533.0,,,0.0,,,0.0
2025-08-18 21:00:00,,,,,,,1273.0,1273.0,,,0.0,,,0.0
2025-08-18 22:00:00,,,,,,,1529.0,1529.0,,,0.0,,,0.0
2025-08-18 23:00:00,,,,,,,1273.0,1273.0,,,0.0,,,0.0
2025-08-19 00:00:00,,,,,,,1273.0,1273.0,,,0.0,,,0.0
2025-08-19 01:00:00,,,,,,,1529.0,1529.0,,,0.0,,,0.0
2025-08-19 02:00:00,,,,,,,1529.0,1529.0,,,0.0,,,0.0
2025-08-19 03:00:00,,,,,,,1529.0,1529.0,,,0.0,,,0.0
2025-08-19 04:00:00,,,,,,,1529.0,1529.0,,,0.0,,,0.0
2025-08-19 05:00:00,,,,,,,1529.0,1529.0,,,0.0,,,0.0
2025-08-19 06:00:00,,,,,,,1533.0,1533.0,,,0.0,,,0.0
2025-08-19 07:00:00,,,,,,,1533.0,1533.0,,,0.0,,,0.0
2025-08-19 08:00:00,,,,,,,509.0,509.0,0.1944,0.1026,5.0,0.6243,0.07339996,5.0
2025-08-19 09:00:00,,,,,,,509.0,509.0,,,0.0,,,0.0
2025-08-19 10:00:00,,,,,,,509.0,509.0,0.4544,0.0,1.0,0.6766,0.0,1.0
2025-08-19 11:00:00,,,,,,,509.0,509.0,,,0.0,,,0.0
2025-08-19 12:00:00,,,,,,,509.0,509.0,,,0.0,,,0.0
2025-08-19 13:00:00,,,,,,,509.0,509.0,,,0.0,,,0.0
2025-08-19 14:00:00,,,,,,,505.0,505.0,0.2626,0.060599998,3.0,0.8382,0.036499977,3.0
2025-08-19 15:00:00,,,,,,,509.0,509.0,0.0004,0.0,1.0,,-0.5,0.0
2025-08-19 16:00:00,,,,,,,509.0,509.0,,,0.0,,,0.0
2025-08-19 17:00:00,,,,,,,1533.0,1533.0,0.44939998,0.0,1.0,1.1026,0.0,1.0
2025-08-19 18:00:00,,,,,,,1529.0,1529.0,,,0.0,,,0.0
2025-08-19 19:00:00,,,,,,,1273.0,1273.0,,,0.0,,,0.0
2025-08-19 20:00:00,,,,,,,1273.0,1273.0,,,0.0,,,0.0
2025-08-19 21:00:00,,,,,,,1273.0,1273.0,,,0.0,,,0.0
2025-08-19 22:00:00,,,,,,,1273.0,1273.0,,,0.0,,,0.0
2025-08-19 23:00:00,,,,,,,1273.0,1273.0,,,0.0,,,0.0
2025-08-20 00:00:00,,,,,,,1273.0,1273.0,,,0.0,,,0.0
2025-08-20 01:00:00,,,,,,,1273.0,1273.0,,,0.0,,,0.0
2025-08-20 02:00:00,,,,,,,1273.0,1273.0,,,0.0,,,0.0
2025-08-20 03:00:00,,,,,,,1273.0,1273.0,,,0.0,,,0.0
2025-08-20 04:00:00,,,,,,,1273.0,1273.0,,,0.0,,,0.0
2025-08-20 05:00:00,,,,,,,1273.0,1273.0,,,0.0,,,0.0
2025-08-20 06:00:00,,,,,,,1273.0,1273.0,,,0.0,,,0.0
2025-08-20 07:00:00,,,,,,,1273.0,1273.0,,,0.0,,,0.0
2025-08-20 08:00:00,,,,,,,249.0,248.0,0.4134,0.2464,5.0,0.43579996,0.095999956,5.0
2025-08-20 09:00:00,,,,,,,509.0,509.0,0.8538,0.0424,2.0,0.3014,0.016499996,2.0
2025-08-20 10:00:00,,,,,,,509.0,509.0,,,0.0,,,0.0
2025-08-20 11:00:00,,,,,,,509.0,509.0,,,0.0,,,0.0
2025-08-20 12:00:00,,,,,,,509.0,509.0,,,0.0,,,0.0
2025-08-20 13:00:00,,,,,,,509.0,509.0,,,0.0,,,0.0
2025-08-20 14:00:00,,,,,,,509.0,509.0,,,0.0,,,0.0
2025-08-20 15:00:00,,,,,,,509.0,509.0,,,0.0,,,0.0
2025-08-20 16:00:00,,,,,,,509.0,509.0,,,0.0,,,0.0
2025-08-20 17:00:00,,,,,,,1533.0,1533.0,,,0.0,,,0.0
2025-08-20 18:00:00,,,,,,,1533.0,1533.0,,,0.0,,,0.0
2025-08-20 19:00:00,,,,,,,1533.0,1533.0,,,0.0,,,0.0
2025-08-20 20:00:00,,,,,,,1533.0,1533.0,,,0.0,,,0.0
2025-08-20 21:00:00,,,,,,,1533.0,1533.0,,,0.0,,,0.0
2025-08-20 22:00:00,,,,,,,1533.0,1533.0,,,0.0,,,0.0
2025-08-20 23:00:00,,,,,,,1533.0,1533.0,,,0.0,,,0.0
2025-08-21 00:00:00,,,,,,,1529.0,1529.0,,,0.0,,,0.0
2025-08-21 01:00:00,,,,,,,1529.0,1529.0,,,0.0,,,0.0
2025-08-21 02:00:00,,,,,,,1533.0,1533.0,,,0.0,,,0.0
2025-08-21 03:00:00,,,,,,,1529.0,1529.0,,,0.0,,,0.0
2025-08-21 04:00:00,,,,,,,1529.0,1529.0,,,0.0,,,0.0
2025-08-21 05:00:00,,,,,,,1533.0,1533.0,,,0.0,,,0.0
2025-08-21 06:00:00,,,,,,,1529.0,1529.0,,,0.0,,,0.0
2025-08-21 07:00:00,,,,,,,1533.0,1533.0,,,0.0,,,0.0
2025-08-21 08:00:00,,,,,,,509.0,509.0,,,0.0,,,0.0
2025-08-21 09:00:00,,,,,,,509.0,509.0,,,0.0,,,0.0
2025-08-21 10:00:00,,,,,,,509.0,509.0,,,0.0,,,0.0
2025-08-21 11:00:00,,,,,,,509.0,509.0,,,0.0,,,0.0
2025-08-21 12:00:00,,,,,,,509.0,509.0,,,0.0,,,0.0
2025-08-21 13:00:00,,,,,,,509.0,509.0,,,0.0,,,0.0
2025-08-21 14:00:00,,,,,,,509.0,509.0,,,0.0,,,0.0
2025-08-21 15:00:00,,,,,,,509.0,509.0,,,0.0,,,0.0
2025-08-21 16:00:00,,,,,,,509.0,509.0,,,0.0,,,0.0
2025-08-21 17:00:00,,,,,,,1533.0,1533.0,0.42479998,0.0,1.0,0.9405,0.0,1.0
2025-08-21 18:00:00,,,,,,,1533.0,1533.0,,,0.0,,,0.0
2025-08-21 19:00:00,,,,,,,1533.0,1533.0,,,0.0,,,0.0
2025-08-21 20:00:00,,,,,,,1533.0,1533.0,,,0.0,,,0.0
2025-08-21 21:00:00,,,,,,,1533.0,1533.0,,,0.0,,,0.0
2025-08-21 22:00:00,,,,,,,1533.0,1533.0,,,0.0,,,0.0
2025-08-21 23:00:00,,,,,,,1533.0,1533.0,,,0.0,,,0.0
2025-08-22 00:00:00,,,,,,,1533.0,1533.0,,,0.0,,,0.0
2025-08-22 01:00:00,,,,,,,1533.0,1533.0,,,0.0,,,0.0
2025-08-22 02:00:00,,,,,,,1533.0,1533.0,,,0.0,,,0.0
2025-08-22 03:00:00,,,,,,,1533.0,1533.0,,,0.0,,,0.0
2025-08-22 04:00:00,,,,,,,1533.0,1533.0,,,0.0,,,0.0
2025-08-22 05:00:00,,,,,,,1529.0,1529.0,,,0.0,,,0.0
2025-08-22 06:00:00,,,,,,,1529.0,1529.0,,,0.0,,,0.0
2025-08-22 07:00:00,,,,,,,1529.0,1529.0,,,0.0,,,0.0
2025-08-22 08:00:00,,,,,,,509.0,509.0,0.063,0.0,1.0,0.7307999,0.0,1.0
2025-08-22 09:00:00,,,,,,,509.0,509.0,0.3718,0.0,1.0,0.6307,0.0,1.0
2025-08-22 10:00:00,,,,,,,509.0,509.0,,,0.0,,,0.0
2025-08-22 11:00:00,,,,,,,509.0,509.0,0.5664,0.0,1.0,0.9003999,0.0,1.0
2025-08-22 12:00:00,,,,,,,509.0,509.0,,,0.0,,,0.0
2025-08-22 13:00:00,,,,,,,509.0,509.0,,,0.0,,,0.0
2025-08-22 14:00:00,,,,,,,509.0,509.0,,,0.0,,,0.0
2025-08-22 15:00:00,,,,,,,509.0,509.0,0.0266,0.0,1.0,1.0137999,0.0,1.0
2025-08-22 16:00:00,,,,,,,509.0,509.0,,,0.0,,,0.0
2025-08-22 17:00:00,,,,,,,1533.0,1533.0,,,0.0,,,0.0
2025-08-22 18:00:00,,,,,,,1533.0,1533.0,,,0.0,,,0.0
2025-08-22 19:00:00,,,,,,,1533.0,1533.0,,,0.0,,,0.0
2025-08-22 20:00:00,,,,,,,1533.0,1533.0,,,0.0,,,0.0
2025-08-22 21:00:00,,,,,,,1533.0,1533.0,,,0.0,,,0.0
2025-08-22 22:00:00,,,,,,,1533.0,1533.0,,,0.0,,,0.0
2025-08-22 23:00:00,,,,,,,1533.0,1533.0,,,0.0,,,0.0
2025-08-23 00:00:00,,,,,,,1533.0,1533.0,,,0.0,,,0.0
2025-08-23 01:00:00,,,,,,,1529.0,1529.0,,,0.0,,,0.0
2025-08-23 02:00:00,,,,,,,1273.0,1273.0,,,0.0,,,0.0
2025-08-23 03:00:00,,,,,,,1529.0,1529.0,,,0.0,,,0.0
2025-08-23 04:00:00,,,,,,,1533.0,1533.0,,,0.0,,,0.0
2025-08-23 05:00:00,,,,,,,1529.0,1529.0,,,0.0,,,0.0
2025-08-23 06:00:00,,,,,,,1533.0,1533.0,,,0.0,,,0.0
2025-08-23 07:00:00,,,,,,,1533.0,1533.0,,,0.0,,,0.0
2025-08-23 08:00:00,,,,,,,509.0,509.0,,,0.0,,,0.0
2025-08-23 09:00:00,,,,,,,509.0,509.0,0.963,0.0,1.0,0.4403,0.0,1.0
2025-08-23 10:00:00,,,,,,,509.0,509.0,,,0.0,,,0.0
2025-08-23 11:00:00,,,,,,,509.0,509.0,,,0.0,,,0.0
2025-08-23 12:00:00,,,,,,,509.0,509.0,,,0.0,,,0.0
2025-08-23 13:00:00,,,,,,,509.0,509.0,,,0.0,,,0.0
2025-08-23 14:00:00,,,,,,,509.0,509.0,,,0.0,,,0.0
2025-08-23 15:00:00,,,,,,,509.0,509.0,,,0.0,,,0.0
2025-08-23 16:00:00,,,,,,,509.0,509.0,,,0.0,,,0.0
2025-08-23 17:00:00,,,,,,,1533.0,1533.0,,,0.0,,,0.0
2025-08-23 18:00:00,,,,,,,1533.0,1533.0,,,0.0,,,0.0
2025-08-23 19:00:00,,,,,,,1529.0,1529.0,,,0.0,,,0.0
2025-08-23 20:00:00,,,,,,,1533.0,1533.0,,,0.0,,,0.0
2025-08-23 21:00:00,,,,,,,1533.0,1533.0,,,0.0,,,0.0
2025-08-23 22:00:00,,,,,,,1533.0,1533.0,,,0.0,,,0.0
2025-08-23 23:00:00,,,,,,,1529.0,1529.0,,,0.0,,,0.0
2025-08-24 00:00:00,,,,,,,1533.0,1533.0,,,0.0,,,0.0
2025-08-24 01:00:00,,,,,,,1533.0,1533.0,,,0.0,,,0.0
2025-08-24 02:00:00,,,,,,,1533.0,1533.0,,,0.0,,,0.0
2025-08-24 03:00:00,,,,,,,1529.0,1529.0,,,0.0,,,0.0
2025-08-24 04:00:00,,,,,,,1529.0,1529.0,,,0.0,,,0.0
2025-08-24 05:00:00,,,,,,,1533.0,1533.0,,,0.0,,,0.0
2025-08-24 06:00:00,,,,,,,1533.0,1533.0,,,0.0,,,0.0
2025-08-24 07:00:00,,,,,,,1533.0,1533.0,,,0.0,,,0.0
2025-08-24 08:00:00,,,,,,,509.0,509.0,,,0.0,,,0.0
2025-08-24 09:00:00,,,,,,,249.0,248.0,0.16219999,0.0,1.0,0.90569997,0.0,1.0
2025-08-24 10:00:00,,,,,,,2297.0,2296.0,0.114,0.010799999,3.0,0.9481,0.033299983,3.0
2025-08-24 11:00:00,,,,,,,509.0,509.0,0.2426,0.0,1.0,0.9898,0.0,1.0
2025-08-24 12:00:00,,,,,,,509.0,509.0,0.5166,0.0,1.0,1.033,0.0,1.0
2025-08-24 13:00:00,,,,,,,509.0,509.0,,,0.0,,,0.0
2025-08-24 14:00:00,,,,,,,509.0,509.0,,,0.0,,,0.0
2025-08-24 15:00:00,,,,,,,509.0,509.0,,,0.0,,,0.0
2025-08-24 16:00:00,,,,,,,509.0,509.0,,,0.0,,,0.0
2025-08-24 17:00:00,,,,,,,1533.0,1533.0,,,0.0,,,0.0
2025-08-24 18:00:00,,,,,,,1533.0,1533.0,,,0.0,,,0.0
2025-08-24 19:00:00,,,,,,,1533.0,1533.0,,,0.0,,,0.0
2025-08-24 20:00:00,,,,,,,1533.0,1533.0,,,0.0,,,0.0
2025-08-24 21:00:00,,,,,,,1533.0,1533.0,,,0.0,,,0.0
2025-08-24 22:00:00,,,,,,,1533.0,1533.0,,,0.0,,,0.0
2025-08-24 23:00:00,,,,,,,1533.0,1533.0,,,0.0,,,0.0
2025-08-25 00:00:00,,,,,,,1529.0,1529.0,,,0.0,,,0.0
2025-08-25 01:00:00,,,,,,,1529.0,1529.0,,,0.0,,,0.0
2025-08-25 02:00:00,,,,,,,1533.0,1533.0,,,0.0,,,0.0
2025-08-25 03:00:00,,,,,,,1533.0,1533.0,,,0.0,,,0.0
2025-08-25 04:00:00,,,,,,,1533.0,1533.0,,,0.0,,,0.0
2025-08-25 05:00:00,,,,,,,1533.0,1533.0,,,0.0,,,0.0
2025-08-25 06:00:00,,,,,,,1533.0,1533.0,,,0.0,,,0.0
2025-08-25 07:00:00,,,,,,,1533.0,1533.0,,,0.0,,,0.0
2025-08-25 08:00:00,,,,,,,509.0,509.0,,,0.0,,,0.0
2025-08-25 09:00:00,,,,,,,509.0,509.0,,,0.0,,,0.0
2025-08-25 10:00:00,,,,,,,509.0,509.0,,,0.0,,,0.0
2025-08-25 11:00:00,,,,,,,509.0,509.0,,,0.0,,,0.0
2025-08-25 12:00:00,,,,,,,509.0,509.0,,,0.0,,,0.0
2025-08-25 13:00:00,,,,,,,509.0,509.0,,,0.0,,,0.0
2025-08-25 14:00:00,,,,,,,509.0,509.0,,,0.0,,,0.0
2025-08-25 15:00:00,,,,,,,509.0,509.0,,,0.0,,,0.0
2025-08-25 16:00:00,,,,,,,509.0,509.0,,,0.0,,,0.0
2025-08-25 17:00:00,,,,,,,1533.0,1533.0,,,0.0,,,0.0
2025-08-25 18:00:00,,,,,,,1533.0,1533.0,,,0.0,,,0.0
2025-08-25 19:00:00,,,,,,,1533.0,1533.0,,,0.0,,,0.0
2025-08-25 20:00:00,,,,,,,1533.0,1533.0,,,0.0,,,0.0
2025-08-25 21:00:00,,,,,,,1533.0,1533.0,,,0.0,,,0.0
2025-08-25 22:00:00,,,,,,,1533.0,1533.0,,,0.0,,,0.0
2025-08-25 23:00:00,,,,,,,1529.0,1529.0,,,0.0,,,0.0
2025-08-26 00:00:00,,,,,,,1533.0,1533.0,,,0.0,,,0.0
2025-08-26 01:00:00,,,,,,,1533.0,1533.0,,,0.0,,,0.0
2025-08-26 02:00:00,,,,,,,1533.0,1533.0,,,0.0,,,0.0
2025-08-26 03:00:00,,,,,,,1533.0,1533.0,,,0.0,,,0.0
2025-08-26 04:00:00,,,,,,,1529.0,1529.0,,,0.0,,,0.0
2025-08-26 05:00:00,,,,,,,1529.0,1529.0,,,0.0,,,0.0
2025-08-26 06:00:00,,,,,,,1529.0,1529.0,,,0.0,,,0.0
2025-08-26 07:00:00,,,,,,,1533.0,1533.0,,,0.0,,,0.0
2025-08-26 08:00:00,,,,,,,509.0,509.0,,,0.0,,,0.0
2025-08-26 09:00:00,,,,,,,509.0,509.0,,,0.0,,,0.0
2025-08-26 10:00:00,,,,,,,509.0,509.0,,,0.0,,,0.0
2025-08-26 11:00:00,,,,,,,509.0,509.0,,,0.0,,,0.0
2025-08-26 12:00:00,,,,,,,509.0,509.0,,,0.0,,,0.0
2025-08-26 13:00:00,,,,,,,509.0,509.0,,,0.0,,,0.0
2025-08-26 14:00:00,,,,,,,509.0,509.0,,,0.0,,,0.0
2025-08-26 15:00:00,,,,,,,509.0,509.0,,,0.0,,,0.0
2025-08-26 16:00:00,,,,,,,509.0,509.0,,,0.0,,,0.0
2025-08-26 17:00:00,,,,,,,1533.0,1533.0,,,0.0,,,0.0
2025-08-26 18:00:00,,,,,,,1533.0,1533.0,,,0.0,,,0.0
2025-08-26 19:00:00,,,,,,,1533.0,1533.0,,,0.0,,,0.0
2025-08-26 20:00:00,,,,,,,1533.0,1533.0,,,0.0,,,0.0
2025-08-26 21:00:00,,,,,,,1529.0,1529.0,,,0.0,,,0.0
2025-08-26 22:00:00,,,,,,,1533.0,1533.0,,,0.0,,,0.0
2025-08-26 23:00:00,,,,,,,1529.0,1529.0,,,0.0,,,0.0
2025-08-27 00:00:00,,,,,,,1533.0,1533.0,,,0.0,,,0.0
2025-08-27 01:00:00,,,,,,,1533.0,1533.0,,,0.0,,,0.0
2025-08-27 02:00:00,,,,,,,1533.0,1533.0,,,0.0,,,0.0
2025-08-27 03:00:00,,,,,,,1533.0,1533.0,,,0.0,,,0.0
2025-08-27 04:00:00,,,,,,,1533.0,1533.0,,,0.0,,,0.0
2025-08-27 05:00:00,,,,,,,1533.0,1533.0,,,0.0,,,0.0
2025-08-27 06:00:00,,,,,,,1533.0,1533.0,,,0.0,,,0.0
2025-08-27 07:00:00,,,,,,,1533.0,1533.0,,,0.0,,,0.0
2025-08-27 08:00:00,,,,,,,509.0,509.0,,,0.0,,,0.0
2025-08-27 09:00:00,,,,,,,509.0,509.0,,,0.0,,,0.0
2025-08-27 10:00:00,,,,,,,509.0,509.0,,,0.0,,,0.0
2025-08-27 11:00:00,,,,,,,509.0,509.0,,,0.0,,,0.0
2025-08-27 12:00:00,,,,,,,509.0,509.0,0.7094,0.0,1.0,0.9146,0.0,1.0
2025-08-27 13:00:00,,,,,,,509.0,509.0,,,0.0,,,0.0
2025-08-27 14:00:00,,,,,,,509.0,509.0,,,0.0,,,0.0
2025-08-27 15:00:00,,,,,,,509.0,509.0,,,0.0,,,0.0
2025-08-27 16:00:00,,,,,,,509.0,509.0,,,0.0,,,0.0
2025-08-27 17:00:00,,,,,,,1533.0,1533.0,,,0.0,,,0.0
2025-08-27 18:00:00,,,,,,,1533.0,1533.0,,,0.0,,,0.0
2025-08-27 19:00:00,,,,,,,1533.0,1533.0,,,0.0,,,0.0
2025-08-27 20:00:00,,,,,,,1533.0,1533.0,,,0.0,,,0.0
2025-08-27 21:00:00,,,,,,,1529.0,1529.0,,,0.0,,,0.0
2025-08-27 22:00:00,,,,,,,1533.0,1533.0,,,0.0,,,0.0
2025-08-27 23:00:00,,,,,,,1529.0,1529.0,,,0.0,,,0.0
2025-08-28 00:00:00,,,,,,,1529.0,1529.0,,,0.0,,,0.0
2025-08-28 01:00:00,,,,,,,1533.0,1533.0,,,0.0,,,0.0
2025-08-28 02:00:00,,,,,,,1533.0,1533.0,,,0.0,,,0.0
2025-08-28 03:00:00,,,,,,,1529.0,1529.0,,,0.0,,,0.0
2025-08-28 04:00:00,,,,,,,1533.0,1533.0,,,0.0,,,0.0
2025-08-28 05:00:00,,,,,,,1529.0,1529.0,,,0.0,,,0.0
2025-08-28 06:00:00,,,,,,,1533.0,1533.0,,,0.0,,,0.0
2025-08-28 07:00:00,,,,,,,1533.0,1533.0,,,0.0,,,0.0
2025-08-28 08:00:00,,,,,,,509.0,509.0,0.68,0.0,1.0,0.6573,0.0,1.0
2025-08-28 09:00:00,,,,,,,509.0,509.0,,,0.0,,,0.0
2025-08-28 10:00:00,,,,,,,505.0,504.0,0.553,0.3188,2.0,0.88249993,0.074800014,2.0
2025-08-28 11:00:00,,,,,,,509.0,509.0,0.5998,0.0,1.0,0.8981,0.0,1.0
2025-08-28 12:00:00,,,,,,,509.0,509.0,,,0.0,,,0.0
2025-08-28 13:00:00,,,,,,,509.0,509.0,,,0.0,,,0.0
2025-08-28 14:00:00,,,,,,,509.0,509.0,,,0.0,,,0.0
2025-08-28 15:00:00,,,,,,,509.0,509.0,,,0.0,,,0.0
2025-08-28 16:00:00,,,,,,,509.0,509.0,,,0.0,,,0.0
2025-08-28 17:00:00,,,,,,,1533.0,1533.0,,,0.0,,,0.0
2025-08-28 18:00:00,,,,,,,1533.0,1533.0,,,0.0,,,0.0
2025-08-28 19:00:00,,,,,,,1533.0,1533.0,,,0.0,,,0.0
2025-08-28 20:00:00,,,,,,,1533.0,1533.0,,,0.0,,,0.0
2025-08-28 21:00:00,,,,,,,1533.0,1533.0,,,0.0,,,0.0
2025-08-28 22:00:00,,,,,,,1533.0,1533.0,,,0.0,,,0.0
2025-08-28 23:00:00,,,,,,,1529.0,1529.0,,,0.0,,,0.0
2025-08-29 00:00:00,,,,,,,1533.0,1533.0,,,0.0,,,0.0
2025-08-29 01:00:00,,,,,,,1533.0,1533.0,,,0.0,,,0.0
2025-08-29 02:00:00,,,,,,,1529.0,1529.0,,,0.0,,,0.0
2025-08-29 03:00:00,,,,,,,1533.0,1533.0,,,0.0,,,0.0
2025-08-29 04:00:00,,,,,,,1533.0,1533.0,,,0.0,,,0.0
2025-08-29 05:00:00,,,,,,,1529.0,1529.0,,,0.0,,,0.0
2025-08-29 06:00:00,,,,,,,1533.0,1533.0,,,0.0,,,0.0
2025-08-29 07:00:00,,,,,,,1533.0,1533.0,,,0.0,,,0.0
2025-08-29 08:00:00,,,,,,,509.0,509.0,,,0.0,,,0.0
2025-08-29 09:00:00,,,,,,,509.0,509.0,0.717,0.0,1.0,0.319,0.0,1.0
2025-08-29 10:00:00,,,,,,,505.0,504.0,0.317,0.118,5.0,0.74829996,0.011599958,5.0
2025-08-29 11:00:00,,,,,,,505.0,505.0,0.51699996,0.076799996,2.0,0.7789999,0.013099968,2.0
2025-08-29 12:00:00,,,,,,,509.0,509.0,,,0.0,,,0.0
2025-08-29 13:00:00,,,,,,,2553.0,2552.0,0.59139997,0.06,3.0,0.78699994,0.055099964,3.0
2025-08-29 14:00:00,,,,,,,509.0,509.0,,,0.0,,,0.0
2025-08-29 15:00:00,,,,,,,509.0,509.0,0.0022,0.0,1.0,0.7099,0.0,1.0
2025-08-29 16:00:00,,,,,,,509.0,509.0,,,0.0,,,0.0
2025-08-29 17:00:00,,,,,,,1533.0,1533.0,,,0.0,,,0.0
2025-08-29 18:00:00,,,,,,,1533.0,1533.0,,,0.0,,,0.0
2025-08-29 19:00:00,,,,,,,1529.0,1529.0,,,0.0,,,0.0
2025-08-29 20:00:00,,,,,,,1529.0,1529.0,,,0.0,,,0.0
2025-08-29 21:00:00,,,,,,,1533.0,1533.0,,,0.0,,,0.0
2025-08-29 22:00:00,,,,,,,1533.0,1533.0,,,0.0,,,0.0
2025-08-29 23:00:00,,,,,,,1529.0,1529.0,,,0.0,,,0.0
2025-08-30 00:00:00,,,,,,,1533.0,1533.0,,,0.0,,,0.0
2025-08-30 01:00:00,,,,,,,1533.0,1533.0,,,0.0,,,0.0
2025-08-30 02:00:00,,,,,,,1533.0,1533.0,,,0.0,,,0.0
2025-08-30 03:00:00,,,,,,,1533.0,1533.0,,,0.0,,,0.0
2025-08-30 04:00:00,,,,,,,1533.0,1533.0,,,0.0,,,0.0
2025-08-30 05:00:00,,,,,,,1533.0,1533.0,,,0.0,,,0.0
2025-08-30 06:00:00,,,,,,,1529.0,1529.0,,,0.0,,,0.0
2025-08-30 07:00:00,,,,,,,1533.0,1533.0,,,0.0,,,0.0
2025-08-30 08:00:00,,,,,,,509.0,509.0,,,0.0,,,0.0
2025-08-30 09:00:00,,,,,,,509.0,509.0,,,0.0,,,0.0
2025-08-30 10:00:00,,,,,,,509.0,509.0,,,0.0,,,0.0
2025-08-30 11:00:00,,,,,,,509.0,509.0,,,0.0,,,0.0
2025-08-30 12:00:00,,,,,,,509.0,509.0,,,0.0,,,0.0
2025-08-30 13:00:00,,,,,,,509.0,509.0,,,0.0,,,0.0
2025-08-30 14:00:00,,,,,,,509.0,509.0,,,0.0,,,0.0
2025-08-30 15:00:00,,,,,,,509.0,509.0,,,0.0,,,0.0
2025-08-30 16:00:00,,,,,,,509.0,509.0,,,0.0,,,0.0
2025-08-30 17:00:00,,,,,,,1533.0,1533.0,,,0.0,,,0.0
2025-08-30 18:00:00,,,,,,,1533.0,1533.0,,,0.0,,,0.0
2025-08-30 19:00:00,,,,,,,1533.0,1533.0,,,0.0,,,0.0
2025-08-30 20:00:00,,,,,,,1533.0,1533.0,,,0.0,,,0.0
2025-08-30 21:00:00,,,,,,,1529.0,1529.0,,,0.0,,,0.0
2025-08-30 22:00:00,,,,,,,1529.0,1529.0,,,0.0,,,0.0
2025-08-30 23:00:00,,,,,,,1533.0,1533.0,,,0.0,,,0.0
2025-08-31 00:00:00,,,,,,,1533.0,1533.0,,,0.0,,,0.0
2025-08-31 01:00:00,,,,,,,1533.0,1533.0,,,0.0,,,0.0
2025-08-31 02:00:00,,,,,,,1273.0,1273.0,,,0.0,,,0.0
2025-08-31 03:00:00,,,,,,,1273.0,1273.0,,,0.0,,,0.0
2025-08-31 04:00:00,,,,,,,1273.0,1273.0,,,0.0,,,0.0
2025-08-31 05:00:00,,,,,,,1529.0,1529.0,,,0.0,,,0.0
2025-08-31 06:00:00,,,,,,,1529.0,1529.0,,,0.0,,,0.0
2025-08-31 07:00:00,,,,,,,1533.0,1533.0,,,0.0,,,0.0
2025-08-31 08:00:00,,,,,,,505.0,504.0,0.36879998,0.1496,4.0,0.5289999,0.22600001,4.0
2025-08-31 09:00:00,,,,,,,2553.0,2552.0,0.532,0.23179999,3.0,0.37479997,0.23649997,3.0
2025-08-31 10:00:00,,,,,,,509.0,509.0,0.4086,0.0,1.0,0.7272999,0.0,1.0
2025-08-31 11:00:00,,,,,,,509.0,509.0,,,0.0,,,0.0
2025-08-31 12:00:00,,,,,,,509.0,509.0,,,0.0,,,0.0
2025-08-31 13:00:00,,,,,,,509.0,509.0,,,0.0,,,0.0
2025-08-31 14:00:00,,,,,,,509.0,509.0,,,0.0,,,0.0
2025-08-31 15:00:00,,,,,,,509.0,509.0,,,0.0,,,0.0
2025-08-31 16:00:00,,,,,,,509.0,509.0,,,0.0,,,0.0
2025-08-31 17:00:00,,,,,,,1533.0,1533.0,,,0.0,,,0.0
2025-08-31 18:00:00,,,,,,,1533.0,1533.0,,,0.0,,,0.0
2025-08-31 19:00:00,,,,,,,1533.0,1533.0,,,0.0,,,0.0
2025-08-31 20:00:00,,,,,,,1529.0,1529.0,,,0.0,,,0.0
2025-08-31 21:00:00,,,,,,,1533.0,1533.0,,,0.0,,,0.0
2025-08-31 22:00:00,,,,,,,1529.0,1529.0,,,0.0,,,0.0
2025-08-31 23:00:00,,,,,,,1529.0,1529.0,,,0.0,,,0.0
2025-09-01 00:00:00,,,,,,,1533.0,1533.0,,,0.0,,,0.0
2025-09-01 01:00:00,,,,,,,1533.0,1533.0,,,0.0,,,0.0
2025-09-01 02:00:00,,,,,,,1533.0,1533.0,,,0.0,,,0.0
2025-09-01 03:00:00,,,,,,,1533.0,1533.0,,,0.0,,,0.0
2025-09-01 04:00:00,,,,,,,1533.0,1533.0,,,0.0,,,0.0
2025-09-01 05:00:00,,,,,,,1533.0,1533.0,,,0.0,,,0.0
2025-09-01 06:00:00,,,,,,,1529.0,1529.0,,,0.0,,,0.0
2025-09-01 07:00:00,,,,,,,1533.0,1533.0,,,0.0,,,0.0
2025-09-01 08:00:00,,,,,,,509.0,509.0,,,0.0,,,0.0
2025-09-01 09:00:00,,,,,,,509.0,509.0,,,0.0,,,0.0
2025-09-01 10:00:00,,,,,,,509.0,509.0,,,0.0,,,0.0
2025-09-01 11:00:00,,,,,,,509.0,509.0,,,0.0,,,0.0
2025-09-01 12:00:00,,,,,,,505.0,505.0,,,0.0,,,0.0
2025-09-01 13:00:00,,,,,,,509.0,509.0,,,0.0,,,0.0
2025-09-01 14:00:00,,,,,,,509.0,509.0,,,0.0,,,0.0
2025-09-01 15:00:00,,,,,,,509.0,509.0,,,0.0,,,0.0
2025-09-01 16:00:00,,,,,,,509.0,509.0,,,0.0,,,0.0
2025-09-01 17:00:00,,,,,,,1533.0,1533.0,,,0.0,,,0.0
2025-09-01 18:00:00,,,,,,,1533.0,1533.0,,,0.0,,,0.0
2025-09-01 19:00:00,,,,,,,1533.0,1533.0,,,0.0,,,0.0
2025-09-01 20:00:00,,,,,,,1529.0,1529.0,,,0.0,,,0.0
2025-09-01 21:00:00,,,,,,,1533.0,1533.0,,,0.0,,,0.0
2025-09-01 22:00:00,,,,,,,1533.0,1533.0,,,0.0,,,0.0
2025-09-01 23:00:00,,,,,,,1529.0,1529.0,,,0.0,,,0.0
2025-09-02 00:00:00,,,,,,,1533.0,1533.0,,,0.0,,,0.0
2025-09-02 01:00:00,,,,,,,1533.0,1533.0,,,0.0,,,0.0
2025-09-02 02:00:00,,,,,,,1529.0,1529.0,,,0.0,,,0.0
2025-09-02 03:00:00,,,,,,,1533.0,1533.0,,,0.0,,,0.0
2025-09-02 04:00:00,,,,,,,1533.0,1533.0,,,0.0,,,0.0
2025-09-02 05:00:00,,,,,,,1533.0,1533.0,,,0.0,,,0.0
2025-09-02 06:00:00,,,,,,,1533.0,1533.0,,,0.0,,,0.0
2025-09-02 07:00:00,,,,,,,1533.0,1533.0,,,0.0,,,0.0
2025-09-02 08:00:00,,,,,,,509.0,509.0,,,0.0,,,0.0
2025-09-02 09:00:00,,,,,,,509.0,509.0,,,0.0,,,0.0
2025-09-02 10:00:00,,,,,,,509.0,509.0,,,0.0,,,0.0
2025-09-02 11:00:00,,,,,,,509.0,509.0,,,0.0,,,0.0
2025-09-02 12:00:00,,,,,,,509.0,509.0,,,0.0,,,0.0
2025-09-02 13:00:00,,,,,,,509.0,509.0,,,0.0,,,0.0
2025-09-02 14:00:00,,,,,,,509.0,509.0,,,0.0,,,0.0
2025-09-02 15:00:00,,,,,,,509.0,509.0,,,0.0,,,0.0
2025-09-02 16:00:00,,,,,,,509.0,509.0,,,0.0,,,0.0
2025-09-02 17:00:00,,,,,,,1533.0,1533.0,,,0.0,,,0.0
2025-09-02 18:00:00,,,,,,,1533.0,1533.0,,,0.0,,,0.0
2025-09-02 19:00:00,,,,,,,1533.0,1533.0,,,0.0,,,0.0
2025-09-02 20:00:00,,,,,,,1273.0,1273.0,,,0.0,,,0.0
2025-09-02 21:00:00,,,,,,,1533.0,1533.0,,,0.0,,,0.0
2025-09-02 22:00:00,,,,,,,1533.0,1533.0,,,0.0,,,0.0
2025-09-02 23:00:00,,,,,,,1533.0,1533.0,,,0.0,,,0.0
2025-09-03 00:00:00,,,,,,,1533.0,1533.0,,,0.0,,,0.0
2025-09-03 01:00:00,,,,,,,1533.0,1533.0,,,0.0,,,0.0
2025-09-03 02:00:00,,,,,,,1529.0,1529.0,,,0.0,,,0.0
2025-09-03 03:00:00,,,,,,,1533.0,1533.0,,,0.0,,,0.0
2025-09-03 04:00:00,,,,,,,1533.0,1533.0,,,0.0,,,0.0
2025-09-03 05:00:00,,,,,,,1533.0,1533.0,,,0.0,,,0.0
2025-09-03 06:00:00,,,,,,,1533.0,1533.0,,,0.0,,,0.0
2025-09-03 07:00:00,,,,,,,1529.0,1529.0,,,0.0,,,0.0
2025-09-03 08:00:00,,,,,,,509.0,509.0,0.6016,0.0,1.0,0.21630001,0.0,1.0
2025-09-03 09:00:00,,,,,,,509.0,509.0,1.0954,0.0326,2.0,-0.06670001,0.028699994,2.0
2025-09-03 10:00:00,,,,,,,509.0,509.0,,,0.0,,,0.0
2025-09-03 11:00:00,,,,,,,509.0,509.0,,,0.0,,,0.0
2025-09-03 12:00:00,,,,,,,505.0,505.0,,,0.0,,,0.0
2025-09-03 13:00:00,,,,,,,509.0,509.0,,,0.0,,,0.0
2025-09-03 14:00:00,,,,,,,509.0,509.0,,,0.0,,,0.0
2025-09-03 15:00:00,,,,,,,509.0,509.0,,,0.0,,,0.0
2025-09-03 16:00:00,,,,,,,509.0,509.0,,,0.0,,,0.0
2025-09-03 17:00:00,,,,,,,1533.0,1533.0,,,0.0,,,0.0
2025-09-03 18:00:00,,,,,,,1533.0,1533.0,,,0.0,,,0.0
2025-09-03 19:00:00,,,,,,,1533.0,1533.0,,,0.0,,,0.0
2025-09-03 20:00:00,,,,,,,1529.0,1529.0,,,0.0,,,0.0
2025-09-03 21:00:00,,,,,,,1533.0,1533.0,,,0.0,,,0.0
2025-09-03 22:00:00,,,,,,,1533.0,1533.0,,,0.0,,,0.0
2025-09-03 23:00:00,,,,,,,1533.0,1533.0,,,0.0,,,0.0
2025-09-04 00:00:00,,,,,,,1533.0,1533.0,,,0.0,,,0.0
2025-09-04 01:00:00,,,,,,,1533.0,1533.0,,,0.0,,,0.0
2025-09-04 02:00:00,,,,,,,1529.0,1529.0,,,0.0,,,0.0
2025-09-04 03:00:00,,,,,,,1533.0,1533.0,,,0.0,,,0.0
2025-09-04 04:00:00,,,,,,,1533.0,1533.0,,,0.0,,,0.0
2025-09-04 05:00:00,,,,,,,1529.0,1529.0,,,0.0,,,0.0
2025-09-04 06:00:00,,,,,,,1533.0,1533.0,,,0.0,,,0.0
2025-09-04 07:00:00,,,,,,,1533.0,1533.0,,,0.0,,,0.0
2025-09-04 08:00:00,,,,,,,509.0,509.0,,,0.0,,,0.0
2025-09-04 09:00:00,,,,,,,509.0,509.0,,,0.0,,,0.0
2025-09-04 10:00:00,,,,,,,509.0,509.0,,,0.0,,,0.0
2025-09-04 11:00:00,,,,,,,509.0,509.0,,,0.0,,,0.0
2025-09-04 12:00:00,,,,,,,509.0,509.0,,,0.0,,,0.0
2025-09-04 13:00:00,,,,,,,509.0,509.0,,,0.0,,,0.0
2025-09-04 14:00:00,,,,,,,509.0,509.0,,,0.0,,,0.0
2025-09-04 15:00:00,,,,,,,509.0,509.0,,,0.0,,,0.0
2025-09-04 16:00:00,,,,,,,509.0,509.0,,,0.0,,,0.0
2025-09-04 17:00:00,,,,,,,1533.0,1533.0,,,0.0,,,0.0
2025-09-04 18:00:00,,,,,,,1533.0,1533.0,,,0.0,,,0.0
2025-09-04 19:00:00,,,,,,,1533.0,1533.0,,,0.0,,,0.0
2025-09-04 20:00:00,,,,,,,1533.0,1533.0,,,0.0,,,0.0
2025-09-04 21:00:00,,,,,,,1529.0,1529.0,,,0.0,,,0.0
2025-09-04 22:00:00,,,,,,,1273.0,1273.0,,,0.0,,,0.0
2025-09-04 23:00:00,,,,,,,1529.0,1529.0,,,0.0,,,0.0
2025-09-05 00:00:00,,,,,,,1273.0,1273.0,,,0.0,,,0.0
2025-09-05 01:00:00,,,,,,,1273.0,1273.0,,,0.0,,,0.0
2025-09-05 02:00:00,,,,,,,1533.0,1533.0,,,0.0,,,0.0
2025-09-05 03:00:00,,,,,,,1533.0,1533.0,,,0.0,,,0.0
2025-09-05 04:00:00,,,,,,,1529.0,1529.0,,,0.0,,,0.0
2025-09-05 05:00:00,,,,,,,1273.0,1273.0,,,0.0,,,0.0
2025-09-05 06:00:00,,,,,,,1529.0,1529.0,,,0.0,,,0.0
2025-09-05 07:00:00,,,,,,,1533.0,1533.0,,,0.0,,,0.0
2025-09-05 08:00:00,,,,,,,509.0,509.0,0.7838,0.0,1.0,0.454,0.0,1.0
2025-09-05 09:00:00,,,,,,,509.0,509.0,,,0.0,,,0.0
2025-09-05 10:00:00,,,,,,,509.0,509.0,,,0.0,,,0.0
2025-09-05 11:00:00,,,,,,,509.0,509.0,,,0.0,,,0.0
2025-09-05 12:00:00,,,,,,,509.0,509.0,,,0.0,,,0.0
2025-09-05 13:00:00,,,,,,,509.0,509.0,,,0.0,,,0.0
2025-09-05 14:00:00,,,,,,,509.0,509.0,,,0.0,,,0.0
2025-09-05 15:00:00,,,,,,,509.0,509.0,,,0.0,,,0.0
2025-09-05 16:00:00,,,,,,,509.0,509.0,,,0.0,,,0.0
2025-09-05 17:00:00,,,,,,,1533.0,1533.0,,,0.0,,,0.0
2025-09-05 18:00:00,,,,,,,1533.0,1533.0,,,0.0,,,0.0
2025-09-05 19:00:00,,,,,,,1533.0,1533.0,,,0.0,,,0.0
2025-09-05 20:00:00,,,,,,,1533.0,1533.0,,,0.0,,,0.0
2025-09-05 21:00:00,,,,,,,1533.0,1533.0,,,0.0,,,0.0
2025-09-05 22:00:00,,,,,,,1533.0,1533.0,,,0.0,,,0.0
2025-09-05 23:00:00,,,,,,,1533.0,1533.0,,,0.0,,,0.0
2025-09-06 00:00:00,,,,,,,1529.0,1529.0,,,0.0,,,0.0
2025-09-06 01:00:00,,,,,,,1533.0,1533.0,,,0.0,,,0.0
2025-09-06 02:00:00,,,,,,,1533.0,1533.0,,,0.0,,,0.0
2025-09-06 03:00:00,,,,,,,1529.0,1529.0,,,0.0,,,0.0
2025-09-06 04:00:00,,,,,,,1533.0,1533.0,,,0.0,,,0.0
2025-09-06 05:00:00,,,,,,,1533.0,1533.0,,,0.0,,,0.0
2025-09-06 06:00:00,,,,,,,1533.0,1533.0,,,0.0,,,0.0
2025-09-06 07:00:00,,,,,,,1533.0,1533.0,,,0.0,,,0.0
2025-09-06 08:00:00,,,,,,,509.0,509.0,,,0.0,,,0.0
2025-09-06 09:00:00,,,,,,,509.0,509.0,,,0.0,,,0.0
2025-09-06 10:00:00,,,,,,,509.0,509.0,,,0.0,,,0.0
2025-09-06 11:00:00,,,,,,,509.0,509.0,,,0.0,,,0.0
2025-09-06 12:00:00,,,,,,,509.0,509.0,,,0.0,,,0.0
2025-09-06 13:00:00,,,,,,,509.0,509.0,,,0.0,,,0.0
2025-09-06 14:00:00,,,,,,,509.0,509.0,,,0.0,,,0.0
2025-09-06 15:00:00,,,,,,,509.0,509.0,,,0.0,,,0.0
2025-09-06 16:00:00,,,,,,,509.0,509.0,,,0.0,,,0.0
2025-09-06 17:00:00,,,,,,,1533.0,1533.0,,,0.0,,,0.0
2025-09-06 18:00:00,,,,,,,1533.0,1533.0,,,0.0,,,0.0
2025-09-06 19:00:00,,,,,,,1533.0,1533.0,,,0.0,,,0.0
2025-09-06 20:00:00,,,,,,,1533.0,1533.0,,,0.0,,,0.0
2025-09-06 21:00:00,,,,,,,1533.0,1533.0,,,0.0,,,0.0
2025-09-06 22:00:00,,,,,,,1533.0,1533.0,,,0.0,,,0.0
2025-09-06 23:00:00,,,,,,,1529.0,1529.0,,,0.0,,,0.0
2025-09-07 00:00:00,,,,,,,1533.0,1533.0,,,0.0,,,0.0
2025-09-07 01:00:00,,,,,,,1533.0,1533.0,,,0.0,,,0.0
2025-09-07 02:00:00,,,,,,,1529.0,1529.0,,,0.0,,,0.0
2025-09-07 03:00:00,,,,,,,1533.0,1533.0,,,0.0,,,0.0
2025-09-07 04:00:00,,,,,,,1533.0,1533.0,,,0.0,,,0.0
2025-09-07 05:00:00,,,,,,,1533.0,1533.0,,,0.0,,,0.0
2025-09-07 06:00:00,,,,,,,1533.0,1533.0,,,0.0,,,0.0
2025-09-07 07:00:00,,,,,,,1533.0,1533.0,,,0.0,,,0.0
2025-09-07 08:00:00,,,,,,,509.0,509.0,,,0.0,,,0.0
2025-09-07 09:00:00,,,,,,,509.0,509.0,,,0.0,,,0.0
2025-09-07 10:00:00,,,,,,,505.0,505.0,,,0.0,,,0.0
2025-09-07 11:00:00,,,,,,,509.0,509.0,,,0.0,,,0.0
2025-09-07 12:00:00,,,,,,,509.0,509.0,,,0.0,,,0.0
2025-09-07 13:00:00,,,,,,,509.0,509.0,,,0.0,,,0.0
2025-09-07 14:00:00,,,,,,,509.0,509.0,,,0.0,,,0.0
2025-09-07 15:00:00,,,,,,,509.0,509.0,,,0.0,,,0.0
2025-09-07 16:00:00,,,,,,,509.0,509.0,,,0.0,,,0.0
2025-09-07 17:00:00,,,,,,,1533.0,1533.0,,,0.0,,,0.0
2025-09-07 18:00:00,,,,,,,1529.0,1529.0,,,0.0,,,0.0
2025-09-07 19:00:00,,,,,,,1529.0,1529.0,,,0.0,,,0.0
2025-09-07 20:00:00,,,,,,,1529.0,1529.0,,,0.0,,,0.0
2025-09-07 21:00:00,,,,,,,1533.0,1533.0,,,0.0,,,0.0
2025-09-07 22:00:00,,,,,,,1533.0,1533.0,,,0.0,,,0.0
2025-09-07 23:00:00,,,,,,,1533.0,1533.0,,,0.0,,,0.0
2025-09-08 00:00:00,,,,,,,1529.0,1529.0,,,0.0,,,0.0
2025-09-08 01:00:00,,,,,,,1529.0,1529.0,,,0.0,,,0.0
2025-09-08 02:00:00,,,,,,,1533.0,1533.0,,,0.0,,,0.0
2025-09-08 03:00:00,,,,,,,1529.0,1529.0,,,0.0,,,0.0
2025-09-08 04:00:00,,,,,,,1529.0,1529.0,,,0.0,,,0.0
2025-09-08 05:00:00,,,,,,,1533.0,1533.0,,,0.0,,,0.0
2025-09-08 06:00:00,,,,,,,1533.0,1533.0,,,0.0,,,0.0
2025-09-08 07:00:00,,,,,,,1533.0,1533.0,,,0.0,,,0.0
2025-09-08 08:00:00,,,,,,,509.0,509.0,,,0.0,,,0.0
2025-09-08 09:00:00,,,,,,,509.0,509.0,,,0.0,,,0.0
2025-09-08 10:00:00,,,,,,,509.0,509.0,,,0.0,,,0.0
2025-09-08 11:00:00,,,,,,,509.0,509.0,,,0.0,,,0.0
2025-09-08 12:00:00,,,,,,,509.0,509.0,,,0.0,,,0.0
2025-09-08 13:00:00,,,,,,,509.0,509.0,,,0.0,,,0.0
2025-09-08 14:00:00,,,,,,,509.0,509.0,,,0.0,,,0.0
2025-09-08 15:00:00,,,,,,,509.0,509.0,,,0.0,,,0.0
2025-09-08 16:00:00,,,,,,,509.0,509.0,,,0.0,,,0.0
2025-09-08 17:00:00,,,,,,,1533.0,1533.0,,,0.0,,,0.0
2025-09-08 18:00:00,,,,,,,1533.0,1533.0,,,0.0,,,0.0
2025-09-08 19:00:00,,,,,,,1533.0,1533.0,,,0.0,,,0.0
2025-09-08 20:00:00,,,,,,,1533.0,1533.0,,,0.0,,,0.0
2025-09-08 21:00:00,,,,,,,1533.0,1533.0,,,0.0,,,0.0
2025-09-08 22:00:00,,,,,,,1533.0,1533.0,,,0.0,,,0.0
2025-09-08 23:00:00,,,,,,,1533.0,1533.0,,,0.0,,,0.0
2025-09-09 00:00:00,,,,,,,1533.0,1533.0,,,0.0,,,0.0
2025-09-09 01:00:00,,,,,,,1533.0,1533.0,,,0.0,,,0.0
2025-09-09 02:00:00,,,,,,,1533.0,1533.0,,,0.0,,,0.0
2025-09-09 03:00:00,,,,,,,1533.0,1533.0,,,0.0,,,0.0
2025-09-09 04:00:00,,,,,,,1529.0,1529.0,,,0.0,,,0.0
2025-09-09 05:00:00,,,,,,,1533.0,1533.0,,,0.0,,,0.0
2025-09-09 06:00:00,,,,,,,1533.0,1533.0,,,0.0,,,0.0
2025-09-09 07:00:00,,,,,,,1533.0,1533.0,,,0.0,,,0.0
2025-09-09 08:00:00,,,,,,,249.0,248.0,0.6588,0.1144,3.0,0.62039995,0.1178,3.0
2025-09-09 09:00:00,0.41099998,,,,,,193.0,248.0,0.7308,0.107599996,6.0,0.5344,0.10780001,6.0
2025-09-09 10:00:00,,,,,,,509.0,509.0,0.5808,0.0,1.0,0.80849993,0.0,1.0
2025-09-09 11:00:00,,,,,,,509.0,509.0,,,0.0,,,0.0
2025-09-09 12:00:00,,,,,,,509.0,509.0,,,0.0,,,0.0
2025-09-09 13:00:00,,,,,,,509.0,509.0,,,0.0,,,0.0
2025-09-09 14:00:00,,,,,,,509.0,509.0,,,0.0,,,0.0
2025-09-09 15:00:00,,,,,,,509.0,509.0,,,0.0,,,0.0
2025-09-09 16:00:00,,,,,,,509.0,509.0,,,0.0,,,0.0
2025-09-09 17:00:00,,,,,,,1533.0,1533.0,,,0.0,,,0.0
2025-09-09 18:00:00,,,,,,,1533.0,1533.0,,,0.0,,,0.0
2025-09-09 19:00:00,,,,,,,1533.0,1533.0,,,0.0,,,0.0
2025-09-09 20:00:00,,,,,,,1533.0,1533.0,,,0.0,,,0.0
2025-09-09 21:00:00,,,,,,,1533.0,1533.0,,,0.0,,,0.0
2025-09-09 22:00:00,,,,,,,1529.0,1529.0,,,0.0,,,0.0
2025-09-09 23:00:00,,,,,,,1533.0,1533.0,,,0.0,,,0.0
2025-09-10 00:00:00,,,,,,,1533.0,1533.0,,,0.0,,,0.0
2025-09-10 01:00:00,,,,,,,1533.0,1533.0,,,0.0,,,0.0
2025-09-10 02:00:00,,,,,,,1533.0,1533.0,,,0.0,,,0.0
2025-09-10 03:00:00,,,,,,,1533.0,1533.0,,,0.0,,,0.0
2025-09-10 04:00:00,,,,,,,1533.0,1533.0,,,0.0,,,0.0
2025-09-10 05:00:00,,,,,,,1533.0,1533.0,,,0.0,,,0.0
2025-09-10 06:00:00,,,,,,,1533.0,1533.0,,,0.0,,,0.0
2025-09-10 07:00:00,,,,,,,1529.0,1529.0,,,0.0,,,0.0
2025-09-10 08:00:00,,,,,,,509.0,509.0,0.6864,0.0,1.0,0.814,0.0,1.0
2025-09-10 09:00:00,,,,,,,509.0,509.0,,,0.0,,,0.0
2025-09-10 10:00:00,,,,,,,509.0,509.0,,,0.0,,,0.0
2025-09-10 11:00:00,,,,,,,509.0,509.0,,,0.0,,,0.0
2025-09-10 12:00:00,,,,,,,509.0,509.0,0.43379998,0.0,1.0,0.9677,0.0,1.0
2025-09-10 13:00:00,,,,,,,2553.0,2552.0,0.6188,0.0,1.0,1.0422,0.0,1.0
2025-09-10 14:00:00,,,,,,,509.0,509.0,,,0.0,,,0.0
2025-09-10 15:00:00,,,,,,,509.0,509.0,,,0.0,,,0.0
2025-09-10 16:00:00,,,,,,,509.0,509.0,,,0.0,,,0.0
2025-09-10 17:00:00,,,,,,,1533.0,1533.0,,,0.0,,,0.0
2025-09-10 18:00:00,,,,,,,1533.0,1533.0,,,0.0,,,0.0
2025-09-10 19:00:00,,,,,,,1533.0,1533.0,,,0.0,,,0.0
2025-09-10 20:00:00,,,,,,,1533.0,1533.0,,,0.0,,,0.0
2025-09-10 21:00:00,,,,,,,1533.0,1533.0,,,0.0,,,0.0
2025-09-10 22:00:00,,,,,,,1533.0,1533.0,,,0.0,,,0.0
2025-09-10 23:00:00,,,,,,,1533.0,1533.0,,,0.0,,,0.0
2025-09-11 00:00:00,,,,,,,1533.0,1533.0,,,0.0,,,0.0
2025-09-11 01:00:00,,,,,,,1533.0,1533.0,,,0.0,,,0.0
2025-09-11 02:00:00,,,,,,,1533.0,1533.0,,,0.0,,,0.0
2025-09-11 03:00:00,,,,,,,1533.0,1533.0,,,0.0,,,0.0
2025-09-11 04:00:00,,,,,,,1533.0,1533.0,,,0.0,,,0.0
2025-09-11 05:00:00,,,,,,,1273.0,1273.0,,,0.0,,,0.0
2025-09-11 06:00:00,,,,,,,1529.0,1529.0,,,0.0,,,0.0
2025-09-11 07:00:00,,,,,,,1273.0,1273.0,,,0.0,,,0.0
2025-09-11 08:00:00,0.35999998,,,,,,193.0,248.0,0.63119996,0.15959999,5.0,0.8039,0.08889997,5.0
2025-09-11 09:00:00,,,,,,,509.0,509.0,1.0042,0.1336,2.0,0.5899,0.050199986,2.0
2025-09-11 10:00:00,,,,,,,509.0,509.0,,,0.0,,,0.0
2025-09-11 11:00:00,,,,,,,509.0,509.0,,,0.0,,,0.0
2025-09-11 12:00:00,,,,,,,509.0,509.0,,,0.0,,,0.0
2025-09-11 13:00:00,,,,,,,509.0,509.0,,,0.0,,,0.0
2025-09-11 14:00:00,,,,,,,2297.0,2296.0,0.2914,0.0128,6.0,1.0381,0.016499996,6.0
2025-09-11 15:00:00,,,,,,,509.0,509.0,0.3536,0.0536,5.0,1.0604,0.049600005,5.0
2025-09-11 16:00:00,,,,,,,509.0,509.0,,,0.0,,,0.0
2025-09-11 17:00:00,,,,,,,1533.0,1533.0,,,0.0,,,0.0
2025-09-11 18:00:00,,,,,,,1533.0,1533.0,,,0.0,,,0.0
2025-09-11 19:00:00,,,,,,,1529.0,1529.0,,,0.0,,,0.0
2025-09-11 20:00:00,,,,,,,1533.0,1533.0,,,0.0,,,0.0
2025-09-11 21:00:00,,,,,,,511.0,511.0,,,0.0,,,0.0
2025-09-11 22:00:00,,,,,,,1533.0,1533.0,,,0.0,,,0.0
2025-09-11 23:00:00,,,,,,,1533.0,1533.0,,,0.0,,,0.0
2025-09-12 00:00:00,,,,,,,1533.0,1533.0,,,0.0,,,0.0
2025-09-12 01:00:00,,,,,,,1529.0,1529.0,,,0.0,,,0.0
2025-09-12 02:00:00,,,,,,,1533.0,1533.0,,,0.0,,,0.0
2025-09-12 03:00:00,,,,,,,1533.0,1533.0,,,0.0,,,0.0
2025-09-12 04:00:00,,,,,,,1533.0,1533.0,,,0.0,,,0.0
2025-09-12 05:00:00,,,,,,,1533.0,1533.0,,,0.0,,,0.0
2025-09-12 06:00:00,,,,,,,1533.0,1533.0,,,0.0,,,0.0
2025-09-12 07:00:00,,,,,,,1533.0,1533.0,,,0.0,,,0.0
2025-09-12 08:00:00,,,,,,,509.0,509.0,1.3342,0.0,1.0,1.3291,0.0,1.0
2025-09-12 09:00:00,,,,,,,509.0,509.0,,,0.0,,,0.0
2025-09-12 10:00:00,,,,,,,509.0,509.0,,,0.0,,,0.0
2025-09-12 11:00:00,,,,,,,509.0,509.0,,,0.0,,,0.0
2025-09-12 12:00:00,,,,,,,509.0,509.0,,,0.0,,,0.0
2025-09-12 13:00:00,,,,,,,509.0,509.0,,,0.0,,,0.0
2025-09-12 14:00:00,,,,,,,509.0,509.0,,,0.0,,,0.0
2025-09-12 15:00:00,,,,,,,509.0,509.0,,,0.0,,,0.0
2025-09-12 16:00:00,,,,,,,509.0,509.0,,,0.0,,,0.0
2025-09-12 17:00:00,,,,,,,1533.0,1533.0,,,0.0,,,0.0
2025-09-12 18:00:00,,,,,,,1533.0,1533.0,,,0.0,,,0.0
2025-09-12 19:00:00,,,,,,,1533.0,1533.0,,,0.0,,,0.0
2025-09-12 20:00:00,,,,,,,1533.0,1533.0,,,0.0,,,0.0
2025-09-12 21:00:00,,,,,,,511.0,511.0,,,0.0,,,0.0
2025-09-12 22:00:00,,,,,,,1533.0,1533.0,,,0.0,,,0.0
2025-09-12 23:00:00,,,,,,,1533.0,1533.0,,,0.0,,,0.0
2025-09-13 00:00:00,,,,,,,1533.0,1533.0,,,0.0,,,0.0
2025-09-13 01:00:00,,,,,,,1529.0,1529.0,,,0.0,,,0.0
2025-09-13 02:00:00,,,,,,,1533.0,1533.0,,,0.0,,,0.0
2025-09-13 03:00:00,,,,,,,1533.0,1533.0,,,0.0,,,0.0
2025-09-13 04:00:00,,,,,,,1533.0,1533.0,,,0.0,,,0.0
2025-09-13 05:00:00,,,,,,,1529.0,1529.0,,,0.0,,,0.0
2025-09-13 06:00:00,,,,,,,1533.0,1533.0,,,0.0,,,0.0
2025-09-13 07:00:00,,,,,,,1533.0,1533.0,,,0.0,,,0.0
2025-09-13 08:00:00,,,,,,,505.0,505.0,,,0.0,,,0.0
2025-09-13 09:00:00,,,,,,,509.0,509.0,,,0.0,,,0.0
2025-09-13 10:00:00,,,,,,,509.0,509.0,,,0.0,,,0.0
2025-09-13 11:00:00,,,,,,,505.0,505.0,,,0.0,,,0.0
2025-09-13 12:00:00,,,,,,,509.0,509.0,,,0.0,,,0.0
2025-09-13 13:00:00,,,,,,,509.0,509.0,,,0.0,,,0.0
2025-09-13 14:00:00,,,,,,,509.0,509.0,,,0.0,,,0.0
2025-09-13 15:00:00,,,,,,,509.0,509.0,,,0.0,,,0.0
2025-09-13 16:00:00,,,,,,,509.0,509.0,,,0.0,,,0.0
2025-09-13 17:00:00,,,,,,,1533.0,1533.0,,,0.0,,,0.0
2025-09-13 18:00:00,,,,,,,1533.0,1533.0,,,0.0,,,0.0
2025-09-13 19:00:00,,,,,,,1529.0,1529.0,,,0.0,,,0.0
2025-09-13 20:00:00,,,,,,,1533.0,1533.0,,,0.0,,,0.0
2025-09-13 21:00:00,,,,,,,511.0,511.0,,,0.0,,,0.0
2025-09-13 22:00:00,,,,,,,1533.0,1533.0,,,0.0,,,0.0
2025-09-13 23:00:00,,,,,,,1533.0,1533.0,,,0.0,,,0.0
2025-09-14 00:00:00,,,,,,,1533.0,1533.0,,,0.0,,,0.0
2025-09-14 01:00:00,,,,,,,1533.0,1533.0,,,0.0,,,0.0
2025-09-14 02:00:00,,,,,,,1533.0,1533.0,,,0.0,,,0.0
2025-09-14 03:00:00,,,,,,,1533.0,1533.0,,,0.0,,,0.0
2025-09-14 04:00:00,,,,,,,1533.0,1533.0,,,0.0,,,0.0
2025-09-14 05:00:00,,,,,,,1533.0,1533.0,,,0.0,,,0.0
2025-09-14 06:00:00,,,,,,,1533.0,1533.0,,,0.0,,,0.0
2025-09-14 07:00:00,,,,,,,1533.0,1533.0,,,0.0,,,0.0
2025-09-14 08:00:00,,,,,,,509.0,509.0,,,0.0,,,0.0
2025-09-14 09:00:00,,,,,,,509.0,509.0,,,0.0,,,0.0
2025-09-14 10:00:00,,,,,,,509.0,509.0,,,0.0,,,0.0
2025-09-14 11:00:00,,,,,,,509.0,509.0,,,0.0,,,0.0
2025-09-14 12:00:00,,,,,,,509.0,509.0,,,0.0,,,0.0
2025-09-14 13:00:00,,,,,,,509.0,509.0,,,0.0,,,0.0
2025-09-14 14:00:00,,,,,,,509.0,509.0,,,0.0,,,0.0
2025-09-14 15:00:00,,,,,,,509.0,509.0,,,0.0,,,0.0
2025-09-14 16:00:00,,,,,,,509.0,509.0,,,0.0,,,0.0
2025-09-14 17:00:00,,,,,,,1533.0,1533.0,,,0.0,,,0.0
2025-09-14 18:00:00,,,,,,,1533.0,1533.0,,,0.0,,,0.0
2025-09-14 19:00:00,,,,,,,1533.0,1533.0,,,0.0,,,0.0
2025-09-14 20:00:00,,,,,,,1533.0,1533.0,,,0.0,,,0.0
2025-09-14 21:00:00,,,,,,,1533.0,1533.0,,,0.0,,,0.0
2025-09-14 22:00:00,,,,,,,1533.0,1533.0,,,0.0,,,0.0
2025-09-14 23:00:00,,,,,,,1529.0,1529.0,,,0.0,,,0.0
2025-09-15 00:00:00,,,,,,,1533.0,1533.0,,,0.0,,,0.0
2025-09-15 01:00:00,,,,,,,1533.0,1533.0,,,0.0,,,0.0
2025-09-15 02:00:00,,,,,,,1533.0,1533.0,,,0.0,,,0.0
2025-09-15 03:00:00,,,,,,,1533.0,1533.0,,,0.0,,,0.0
2025-09-15 04:00:00,,,,,,,1533.0,1533.0,,,0.0,,,0.0
2025-09-15 05:00:00,,,,,,,1533.0,1533.0,,,0.0,,,0.0
2025-09-15 06:00:00,,,,,,,1529.0,1529.0,,,0.0,,,0.0
2025-09-15 07:00:00,,,,,,,1533.0,1533.0,,,0.0,,,0.0
2025-09-15 08:00:00,,,,,,,505.0,505.0,,,0.0,,,0.0
2025-09-15 09:00:00,,,,,,,509.0,509.0,,,0.0,,,0.0
2025-09-15 10:00:00,,,,,,,505.0,504.0,0.618,0.060999997,2.0,1.0662,0.022899985,2.0
2025-09-15 11:00:00,,,,,,,509.0,509.0,0.48959997,0.0,1.0,1.191,0.0,1.0
2025-09-15 12:00:00,,,,,,,509.0,509.0,,,0.0,,,0.0
2025-09-15 13:00:00,,,,,,,509.0,509.0,,,0.0,,,0.0
2025-09-15 14:00:00,,,,,,,509.0,509.0,,,0.0,,,0.0
2025-09-15 15:00:00,,,,,,,509.0,509.0,,,0.0,,,0.0
2025-09-15 16:00:00,,,,,,,509.0,509.0,,,0.0,,,0.0
2025-09-15 17:00:00,,,,,,,1533.0,1533.0,,,0.0,,,0.0
2025-09-15 18:00:00,,,,,,,1533.0,1533.0,,,0.0,,,0.0
2025-09-15 19:00:00,,,,,,,1533.0,1533.0,,,0.0,,,0.0
2025-09-15 20:00:00,,,,,,,1529.0,1529.0,,,0.0,,,0.0
2025-09-15 21:00:00,,,,,,,1533.0,1533.0,,,0.0,,,0.0
2025-09-15 22:00:00,,,,,,,1533.0,1533.0,,,0.0,,,0.0
2025-09-15 23:00:00,,,,,,,1529.0,1529.0,,,0.0,,,0.0
2025-09-16 00:00:00,,,,,,,1533.0,1533.0,,,0.0,,,0.0
2025-09-16 01:00:00,,,,,,,1529.0,1529.0,,,0.0,,,0.0
2025-09-16 02:00:00,,,,,,,1533.0,1533.0,,,0.0,,,0.0
2025-09-16 03:00:00,,,,,,,1529.0,1529.0,,,0.0,,,0.0
2025-09-16 04:00:00,,,,,,,1533.0,1533.0,,,0.0,,,0.0
2025-09-16 05:00:00,,,,,,,1533.0,1533.0,,,0.0,,,0.0
2025-09-16 06:00:00,,,,,,,1533.0,1533.0,,,0.0,,,0.0
2025-09-16 07:00:00,,,,,,,1533.0,1533.0,,,0.0,,,0.0
2025-09-16 08:00:00,,,,,,,509.0,509.0,,,0.0,,,0.0
2025-09-16 09:00:00,,,,,,,509.0,509.0,,,0.0,,,0.0
2025-09-16 10:00:00,,,,,,,509.0,509.0,,,0.0,,,0.0
2025-09-16 11:00:00,,,,,,,509.0,509.0,,,0.0,,,0.0
2025-09-16 12:00:00,,,,,,,509.0,509.0,,,0.0,,,0.0
2025-09-16 13:00:00,,,,,,,509.0,509.0,,,0.0,,,0.0
2025-09-16 14:00:00,,,,,,,509.0,509.0,,,0.0,,,0.0
2025-09-16 15:00:00,,,,,,,509.0,509.0,,,0.0,,,0.0
2025-09-16 16:00:00,,,,,,,509.0,509.0,,,0.0,,,0.0
2025-09-16 17:00:00,,,,,,,1533.0,1533.0,,,0.0,,,0.0
2025-09-16 18:00:00,,,,,,,1533.0,1533.0,,,0.0,,,0.0
2025-09-16 19:00:00,,,,,,,1533.0,1533.0,,,0.0,,,0.0
2025-09-16 20:00:00,,,,,,,1529.0,1529.0,,,0.0,,,0.0
2025-09-16 21:00:00,,,,,,,1533.0,1533.0,,,0.0,,,0.0
2025-09-16 22:00:00,,,,,,,1533.0,1533.0,,,0.0,,,0.0
2025-09-16 23:00:00,,,,,,,1533.0,1533.0,,,0.0,,,0.0
2025-09-17 00:00:00,,,,,,,1533.0,1533.0,,,0.0,,,0.0
2025-09-17 01:00:00,,,,,,,1529.0,1529.0,,,0.0,,,0.0
2025-09-17 02:00:00,,,,,,,1529.0,1529.0,,,0.0,,,0.0
2025-09-17 03:00:00,,,,,,,1533.0,1533.0,,,0.0,,,0.0
2025-09-17 04:00:00,,,,,,,1533.0,1533.0,,,0.0,,,0.0
2025-09-17 05:00:00,,,,,,,1529.0,1529.0,,,0.0,,,0.0
2025-09-17 06:00:00,,,,,,,1533.0,1533.0,,,0.0,,,0.0
2025-09-17 07:00:00,,,,,,,1533.0,1533.0,,,0.0,,,0.0
2025-09-17 08:00:00,,,,,,,509.0,509.0,,,0.0,,,0.0
2025-09-17 09:00:00,,,,,,,505.0,504.0,1.1022,0.0,1.0,0.5524,0.0,1.0
2025-09-17 10:00:00,,,,,,,509.0,509.0,1.3248,0.0,1.0,0.32209998,0.0,1.0
2025-09-17 11:00:00,,,,,,,509.0,509.0,,,0.0,,,0.0
2025-09-17 12:00:00,,,,,,,509.0,509.0,,,0.0,,,0.0
2025-09-17 13:00:00,,,,,,,509.0,509.0,,,0.0,,,0.0
2025-09-17 14:00:00,,,,,,,509.0,509.0,,,0.0,,,0.0
2025-09-17 15:00:00,,,,,,,509.0,509.0,,,0.0,,,0.0
2025-09-17 16:00:00,,,,,,,509.0,509.0,,,0.0,,,0.0
2025-09-17 17:00:00,,,,,,,1533.0,1533.0,,,0.0,,,0.0
2025-09-17 18:00:00,,,,,,,1529.0,1529.0,,,0.0,,,0.0
2025-09-17 19:00:00,,,,,,,1533.0,1533.0,,,0.0,,,0.0
2025-09-17 20:00:00,,,,,,,1533.0,1533.0,,,0.0,,,0.0
2025-09-17 21:00:00,,,,,,,1533.0,1533.0,,,0.0,,,0.0
2025-09-17 22:00:00,,,,,,,1533.0,1533.0,,,0.0,,,0.0
2025-09-17 23:00:00,,,,,,,1533.0,1533.0,,,0.0,,,0.0
2025-09-18 00:00:00,,,,,,,1533.0,1533.0,,,0.0,,,0.0
2025-09-18 01:00:00,,,,,,,1533.0,1533.0,,,0.0,,,0.0
2025-09-18 02:00:00,,,,,,,1533.0,1533.0,,,0.0,,,0.0
2025-09-18 03:00:00,,,,,,,1533.0,1533.0,,,0.0,,,0.0
2025-09-18 04:00:00,,,,,,,1533.0,1533.0,,,0.0,,,0.0
2025-09-18 05:00:00,,,,,,,1533.0,1533.0,,,0.0,,,0.0
2025-09-18 06:00:00,,,,,,,1533.0,1533.0,,,0.0,,,0.0
2025-09-18 07:00:00,,,,,,,1533.0,1533.0,,,0.0,,,0.0
2025-09-18 08:00:00,,,,,,,509.0,509.0,1.22,0.0,1.0,0.282,0.0,1.0
2025-09-18 09:00:00,,,,,,,509.0,509.0,,,0.0,,,0.0
2025-09-18 10:00:00,,,,,,,509.0,509.0,,,0.0,,,0.0
2025-09-18 11:00:00,,,,,,,509.0,509.0,,,0.0,,,0.0
2025-09-18 12:00:00,,,,,,,2553.0,2552.0,0.1086,0.0698,3.0,0.9383999,0.007099986,3.0
2025-09-18 13:00:00,,,,,,,2553.0,2552.0,0.021,0.0,1.0,0.9189,0.0,1.0
2025-09-18 14:00:00,,,,,,,509.0,509.0,0.0632,0.0056,2.0,0.9225999,0.0013999939,2.0
2025-09-18 15:00:00,,,,,,,509.0,509.0,,,0.0,,,0.0
2025-09-18 16:00:00,,,,,,,509.0,509.0,,,0.0,,,0.0
2025-09-18 17:00:00,,,,,,,1533.0,1533.0,,,0.0,,,0.0
2025-09-18 18:00:00,,,,,,,1529.0,1529.0,,,0.0,,,0.0
2025-09-18 19:00:00,,,,,,,1529.0,1529.0,,,0.0,,,0.0
2025-09-18 20:00:00,,,,,,,1533.0,1533.0,,,0.0,,,0.0
2025-09-18 21:00:00,,,,,,,1273.0,1273.0,,,0.0,,,0.0
2025-09-18 22:00:00,,,,,,,1533.0,1533.0,,,0.0,,,0.0
2025-09-18 23:00:00,,,,,,,1533.0,1533.0,,,0.0,,,0.0
2025-09-19 00:00:00,,,,,,,1533.0,1533.0,,,0.0,,,0.0
2025-09-19 01:00:00,,,,,,,1529.0,1529.0,,,0.0,,,0.0
2025-09-19 02:00:00,,,,,,,1533.0,1533.0,,,0.0,,,0.0
2025-09-19 03:00:00,,,,,,,1529.0,1529.0,,,0.0,,,0.0
2025-09-19 04:00:00,,,,,,,1533.0,1533.0,,,0.0,,,0.0
2025-09-19 05:00:00,,,,,,,1533.0,1533.0,,,0.0,,,0.0
2025-09-19 06:00:00,,,,,,,1533.0,1533.0,,,0.0,,,0.0
2025-09-19 07:00:00,,,,,,,1533.0,1533.0,,,0.0,,,0.0
2025-09-19 08:00:00,,,,,,,509.0,509.0,,,0.0,,,0.0
2025-09-19 09:00:00,,,,,,,509.0,509.0,,,0.0,,,0.0
2025-09-19 10:00:00,,,,,,,509.0,509.0,,,0.0,,,0.0
2025-09-19 11:00:00,,,,,,,509.0,509.0,1.0366,0.0,1.0,0.9225,0.0,1.0
2025-09-19 12:00:00,,,,,,,509.0,509.0,,,0.0,,,0.0
2025-09-19 13:00:00,,,,,,,509.0,509.0,,,0.0,,,0.0
2025-09-19 14:00:00,,,,,,,509.0,509.0,,,0.0,,,0.0
2025-09-19 15:00:00,,,,,,,509.0,509.0,,,0.0,,,0.0
2025-09-19 16:00:00,,,,,,,509.0,509.0,,,0.0,,,0.0
2025-09-19 17:00:00,,,,,,,1533.0,1533.0,,,0.0,,,0.0
2025-09-19 18:00:00,,,,,,,1533.0,1533.0,,,0.0,,,0.0
2025-09-19 19:00:00,,,,,,,1533.0,1533.0,,,0.0,,,0.0
2025-09-19 20:00:00,,,,,,,1533.0,1533.0,,,0.0,,,0.0
2025-09-19 21:00:00,,,,,,,1273.0,1273.0,,,0.0,,,0.0
2025-09-19 22:00:00,,,,,,,1533.0,1533.0,,,0.0,,,0.0
2025-09-19 23:00:00,,,,,,,1533.0,1533.0,,,0.0,,,0.0
2025-09-20 00:00:00,,,,,,,1533.0,1533.0,,,0.0,,,0.0
2025-09-20 01:00:00,,,,,,,1273.0,1273.0,,,0.0,,,0.0
2025-09-20 02:00:00,,,,,,,1529.0,1529.0,,,0.0,,,0.0
2025-09-20 03:00:00,,,,,,,1529.0,1529.0,,,0.0,,,0.0
2025-09-20 04:00:00,,,,,,,1533.0,1533.0,,,0.0,,,0.0
2025-09-20 05:00:00,,,,,,,1533.0,1533.0,,,0.0,,,0.0
2025-09-20 06:00:00,,,,,,,1533.0,1533.0,,,0.0,,,0.0
2025-09-20 07:00:00,,,,,,,1529.0,1529.0,,,0.0,,,0.0
2025-09-20 08:00:00,,,,,,,509.0,509.0,0.40899998,0.3602,2.0,0.6531,0.19769996,2.0
2025-09-20 09:00:00,,,,,,,505.0,504.0,0.1952,0.2126,3.0,0.72599995,0.1074,2.0
2025-09-20 10:00:00,,,,,,,509.0,509.0,,,0.0,,,0.0
2025-09-20 11:00:00,,,,,,,509.0,509.0,,,0.0,,,0.0
2025-09-20 12:00:00,,,,,,,509.0,509.0,,,0.0,,,0.0
2025-09-20 13:00:00,,,,,,,509.0,509.0,,,0.0,,,0.0
2025-09-20 14:00:00,,,,,,,509.0,509.0,,,0.0,,,0.0
2025-09-20 15:00:00,,,,,,,509.0,509.0,,,0.0,,,0.0
2025-09-20 16:00:00,,,,,,,509.0,509.0,,,0.0,,,0.0
2025-09-20 17:00:00,,,,,,,1533.0,1533.0,,,0.0,,,0.0
2025-09-20 18:00:00,,,,,,,1529.0,1529.0,,,0.0,,,0.0
2025-09-20 19:00:00,,,,,,,1273.0,1273.0,,,0.0,,,0.0
2025-09-20 20:00:00,,,,,,,1533.0,1533.0,,,0.0,,,0.0
2025-09-20 21:00:00,,,,,,,1273.0,1273.0,,,0.0,,,0.0
2025-09-20 22:00:00,,,,,,,1273.0,1273.0,,,0.0,,,0.0
2025-09-20 23:00:00,,,,,,,1533.0,1533.0,,,0.0,,,0.0
2025-09-21 00:00:00,,,,,,,1533.0,1533.0,,,0.0,,,0.0
2025-09-21 01:00:00,,,,,,,1273.0,1273.0,,,0.0,,,0.0
2025-09-21 02:00:00,,,,,,,1529.0,1529.0,,,0.0,,,0.0
2025-09-21 03:00:00,,,,,,,1273.0,1273.0,,,0.0,,,0.0
2025-09-21 04:00:00,,,,,,,1533.0,1533.0,,,0.0,,,0.0
2025-09-21 05:00:00,,,,,,,1533.0,1533.0,,,0.0,,,0.0
2025-09-21 06:00:00,,,,,,,1273.0,1273.0,,,0.0,,,0.0
2025-09-21 07:00:00,,,,,,,1273.0,1273.0,,,0.0,,,0.0
2025-09-21 08:00:00,,,,,,,509.0,509.0,0.5126,0.027199998,3.0,0.44,0.010100007,3.0
2025-09-21 09:00:00,,,,,,,509.0,509.0,0.2874,0.0,1.0,0.7307,0.0,1.0
2025-09-21 10:00:00,,,,,,,505.0,504.0,1.4404,0.0,1.0,0.4012,0.0,1.0
2025-09-21 11:00:00,,,,,,,509.0,509.0,,,0.0,,,0.0
2025-09-21 12:00:00,,,,,,,509.0,509.0,,,0.0,,,0.0
2025-09-21 13:00:00,,,,,,,509.0,509.0,,,0.0,,,0.0
2025-09-21 14:00:00,,,,,,,509.0,509.0,,,0.0,,,0.0
2025-09-21 15:00:00,,,,,,,509.0,509.0,,,0.0,,,0.0
2025-09-21 16:00:00,,,,,,,509.0,509.0,,,0.0,,,0.0
2025-09-21 17:00:00,,,,,,,1533.0,1533.0,,,0.0,,,0.0
2025-09-21 18:00:00,,,,,,,1533.0,1533.0,,,0.0,,,0.0
2025-09-21 19:00:00,,,,,,,1533.0,1533.0,,,0.0,,,0.0
2025-09-21 20:00:00,,,,,,,1529.0,1529.0,,,0.0,,,0.0
2025-09-21 21:00:00,,,,,,,1273.0,1273.0,,,0.0,,,0.0
2025-09-21 22:00:00,,,,,,,1529.0,1529.0,,,0.0,,,0.0
2025-09-21 23:00:00,,,,,,,1533.0,1533.0,,,0.0,,,0.0
2025-09-22 00:00:00,,,,,,,1533.0,1533.0,,,0.0,,,0.0
2025-09-22 01:00:00,,,,,,,1529.0,1529.0,,,0.0,,,0.0
2025-09-22 02:00:00,,,,,,,1533.0,1533.0,,,0.0,,,0.0
2025-09-22 03:00:00,,,,,,,1529.0,1529.0,,,0.0,,,0.0
2025-09-22 04:00:00,,,,,,,1529.0,1529.0,,,0.0,,,0.0
2025-09-22 05:00:00,,,,,,,1533.0,1533.0,,,0.0,,,0.0
2025-09-22 06:00:00,,,,,,,1533.0,1533.0,,,0.0,,,0.0
2025-09-22 07:00:00,,,,,,,1533.0,1533.0,,,0.0,,,0.0
2025-09-22 08:00:00,,,,,,,509.0,509.0,,,0.0,,,0.0
2025-09-22 09:00:00,,,,,,,509.0,509.0,,,0.0,,,0.0
2025-09-22 10:00:00,,,,,,,509.0,509.0,,,0.0,,,0.0
2025-09-22 11:00:00,,,,,,,509.0,509.0,,,0.0,,,0.0
2025-09-22 12:00:00,,,,,,,509.0,509.0,,,0.0,,,0.0
2025-09-22 13:00:00,,,,,,,509.0,509.0,,,0.0,,,0.0
2025-09-22 14:00:00,,,,,,,509.0,509.0,,,0.0,,,0.0
2025-09-22 15:00:00,,,,,,,509.0,509.0,,,0.0,,,0.0
2025-09-22 16:00:00,,,,,,,509.0,509.0,,,0.0,,,0.0
2025-09-22 17:00:00,,,,,,,1533.0,1533.0,,,0.0,,,0.0
2025-09-22 18:00:00,,,,,,,1533.0,1533.0,,,0.0,,,0.0
2025-09-22 19:00:00,,,,,,,1529.0,1529.0,,,0.0,,,0.0
2025-09-22 20:00:00,,,,,,,1529.0,1529.0,,,0.0,,,0.0
2025-09-22 21:00:00,,,,,,,1273.0,1273.0,,,0.0,,,0.0
2025-09-22 22:00:00,,,,,,,1533.0,1533.0,,,0.0,,,0.0
2025-09-22 23:00:00,,,,,,,1533.0,1533.0,,,0.0,,,0.0
2025-09-23 00:00:00,,,,,,,1533.0,1533.0,,,0.0,,,0.0
2025-09-23 01:00:00,,,,,,,1533.0,1533.0,,,0.0,,,0.0
2025-09-23 02:00:00,,,,,,,1529.0,1529.0,,,0.0,,,0.0
2025-09-23 03:00:00,,,,,,,1533.0,1533.0,,,0.0,,,0.0
2025-09-23 04:00:00,,,,,,,1529.0,1529.0,,,0.0,,,0.0
2025-09-23 05:00:00,,,,,,,1533.0,1533.0,,,0.0,,,0.0
2025-09-23 06:00:00,,,,,,,1529.0,1529.0,,,0.0,,,0.0
2025-09-23 07:00:00,,,,,,,1533.0,1533.0,,,0.0,,,0.0
2025-09-23 08:00:00,,,,,,,509.0,509.0,,,0.0,,,0.0
2025-09-23 09:00:00,,,,,,,509.0,509.0,,,0.0,,,0.0
2025-09-23 10:00:00,,,,,,,505.0,504.0,0.997,0.0,1.0,0.6424999,0.0,1.0
2025-09-23 11:00:00,,,,,,,509.0,509.0,,,0.0,,,0.0
2025-09-23 12:00:00,,,,,,,509.0,509.0,,,0.0,,,0.0
2025-09-23 13:00:00,,,,,,,509.0,509.0,,,0.0,,,0.0
2025-09-23 14:00:00,,,,,,,509.0,509.0,,,0.0,,,0.0
2025-09-23 15:00:00,,,,,,,509.0,509.0,,,0.0,,,0.0
2025-09-23 16:00:00,,,,,,,509.0,509.0,,,0.0,,,0.0
2025-09-23 17:00:00,,,,,,,1533.0,1533.0,,,0.0,,,0.0
2025-09-23 18:00:00,,,,,,,1533.0,1533.0,,,0.0,,,0.0
2025-09-23 19:00:00,,,,,,,1533.0,1533.0,,,0.0,,,0.0
2025-09-23 20:00:00,,,,,,,1533.0,1533.0,,,0.0,,,0.0
2025-09-23 21:00:00,,,,,,,1533.0,1533.0,,,0.0,,,0.0
2025-09-23 22:00:00,,,,,,,1533.0,1533.0,,,0.0,,,0.0
2025-09-23 23:00:00,,,,,,,1533.0,1533.0,,,0.0,,,0.0
2025-09-24 00:00:00,,,,,,,1533.0,1533.0,,,0.0,,,0.0
2025-09-24 01:00:00,,,,,,,1529.0,1529.0,,,0.0,,,0.0
2025-09-24 02:00:00,,,,,,,1533.0,1533.0,,,0.0,,,0.0
2025-09-24 03:00:00,,,,,,,1533.0,1533.0,,,0.0,,,0.0
2025-09-24 04:00:00,,,,,,,1529.0,1529.0,,,0.0,,,0.0
2025-09-24 05:00:00,,,,,,,1273.0,1273.0,,,0.0,,,0.0
2025-09-24 06:00:00,,,,,,,1529.0,1529.0,,,0.0,,,0.0
2025-09-24 07:00:00,,,,,,,1533.0,1533.0,,,0.0,,,0.0
2025-09-24 08:00:00,,,,,,,509.0,509.0,,,0.0,,,0.0
2025-09-24 09:00:00,,,,,,,509.0,509.0,,,0.0,,,0.0
2025-09-24 10:00:00,,,,,,,509.0,509.0,,,0.0,,,0.0
2025-09-24 11:00:00,,,,,,,509.0,509.0,,,0.0,,,0.0
2025-09-24 12:00:00,,,,,,,509.0,509.0,,,0.0,,,0.0
2025-09-24 13:00:00,,,,,,,509.0,509.0,,,0.0,,,0.0
2025-09-24 14:00:00,,,,,,,509.0,509.0,,,0.0,,,0.0
2025-09-24 15:00:00,,,,,,,509.0,509.0,,,0.0,,,0.0
2025-09-24 16:00:00,,,,,,,509.0,509.0,,,0.0,,,0.0
2025-09-24 17:00:00,,,,,,,1533.0,1533.0,,,0.0,,,0.0
2025-09-24 18:00:00,,,,,,,1529.0,1529.0,,,0.0,,,0.0
2025-09-24 19:00:00,,,,,,,1533.0,1533.0,,,0.0,,,0.0
2025-09-24 20:00:00,,,,,,,1529.0,1529.0,,,0.0,,,0.0
2025-09-24 21:00:00,,,,,,,1533.0,1533.0,,,0.0,,,0.0
2025-09-24 22:00:00,,,,,,,1529.0,1529.0,,,0.0,,,0.0
2025-09-24 23:00:00,,,,,,,1533.0,1533.0,,,0.0,,,0.0
2025-09-25 00:00:00,,,,,,,1533.0,1533.0,,,0.0,,,0.0
2025-09-25 01:00:00,,,,,,,1533.0,1533.0,,,0.0,,,0.0
2025-09-25 02:00:00,,,,,,,1533.0,1533.0,,,0.0,,,0.0
2025-09-25 03:00:00,,,,,,,1529.0,1529.0,,,0.0,,,0.0
2025-09-25 04:00:00,,,,,,,1529.0,1529.0,,,0.0,,,0.0
2025-09-25 05:00:00,,,,,,,1529.0,1529.0,,,0.0,,,0.0
2025-09-25 06:00:00,,,,,,,1529.0,1529.0,,,0.0,,,0.0
2025-09-25 07:00:00,,,,,,,1533.0,1533.0,,,0.0,,,0.0
2025-09-25 08:00:00,,,,,,,505.0,504.0,0.32279998,0.113,2.0,0.5289999,0.07819998,2.0
2025-09-25 09:00:00,,,,,,,509.0,509.0,0.5166,0.0,1.0,0.52750003,0.0,1.0
2025-09-25 10:00:00,,,,,,,509.0,509.0,,,0.0,,,0.0
2025-09-25 11:00:00,,,,,,,509.0,509.0,,,0.0,,,0.0
2025-09-25 12:00:00,,,,,,,509.0,509.0,,,0.0,,,0.0
2025-09-25 13:00:00,,,,,,,509.0,509.0,,,0.0,,,0.0
2025-09-25 14:00:00,,,,,,,509.0,509.0,,,0.0,,,0.0
2025-09-25 15:00:00,,,,,,,509.0,509.0,,,0.0,,,0.0
2025-09-25 16:00:00,,,,,,,509.0,509.0,,,0.0,,,0.0
2025-09-25 17:00:00,,,,,,,1533.0,1533.0,,,0.0,,,0.0
2025-09-25 18:00:00,,,,,,,1533.0,1533.0,,,0.0,,,0.0
2025-09-25 19:00:00,,,,,,,1529.0,1529.0,,,0.0,,,0.0
2025-09-25 20:00:00,,,,,,,1529.0,1529.0,,,0.0,,,0.0
2025-09-25 21:00:00,,,,,,,1533.0,1533.0,,,0.0,,,0.0
2025-09-25 22:00:00,,,,,,,1533.0,1533.0,,,0.0,,,0.0
2025-09-25 23:00:00,,,,,,,1533.0,1533.0,,,0.0,,,0.0
2025-09-26 00:00:00,,,,,,,1533.0,1533.0,,,0.0,,,0.0
2025-09-26 01:00:00,,,,,,,1533.0,1533.0,,,0.0,,,0.0
2025-09-26 02:00:00,,,,,,,1533.0,1533.0,,,0.0,,,0.0
2025-09-26 03:00:00,,,,,,,1533.0,1533.0,,,0.0,,,0.0
2025-09-26 04:00:00,,,,,,,1529.0,1529.0,,,0.0,,,0.0
2025-09-26 05:00:00,,,,,,,1529.0,1529.0,,,0.0,,,0.0
2025-09-26 06:00:00,,,,,,,1533.0,1533.0,,,0.0,,,0.0
2025-09-26 07:00:00,,,,,,,1533.0,1533.0,,,0.0,,,0.0
2025-09-26 08:00:00,,,,,,,509.0,509.0,,,0.0,,,0.0
2025-09-26 09:00:00,,,,,,,509.0,509.0,,,0.0,,,0.0
2025-09-26 10:00:00,,,,,,,509.0,509.0,,,0.0,,,0.0
2025-09-26 11:00:00,,,,,,,509.0,509.0,,,0.0,,,0.0
2025-09-26 12:00:00,,,,,,,509.0,509.0,,,0.0,,,0.0
2025-09-26 13:00:00,,,,,,,509.0,509.0,,,0.0,,,0.0
2025-09-26 14:00:00,,,,,,,509.0,509.0,,,0.0,,,0.0
2025-09-26 15:00:00,,,,,,,509.0,509.0,,,0.0,,,0.0
2025-09-26 16:00:00,,,,,,,509.0,509.0,,,0.0,,,0.0
2025-09-26 17:00:00,,,,,,,1533.0,1533.0,,,0.0,,,0.0
2025-09-26 18:00:00,,,,,,,1529.0,1529.0,,,0.0,,,0.0
2025-09-26 19:00:00,,,,,,,1529.0,1529.0,,,0.0,,,0.0
2025-09-26 20:00:00,,,,,,,1533.0,1533.0,,,0.0,,,0.0
2025-09-26 21:00:00,,,,,,,1533.0,1533.0,,,0.0,,,0.0
2025-09-26 22:00:00,,,,,,,1533.0,1533.0,,,0.0,,,0.0
2025-09-26 23:00:00,,,,,,,1533.0,1533.0,,,0.0,,,0.0
2025-09-27 00:00:00,,,,,,,1533.0,1533.0,,,0.0,,,0.0
2025-09-27 01:00:00,,,,,,,1533.0,1533.0,,,0.0,,,0.0
2025-09-27 02:00:00,,,,,,,1529.0,1529.0,,,0.0,,,0.0
2025-09-27 03:00:00,,,,,,,1533.0,1533.0,,,0.0,,,0.0
2025-09-27 04:00:00,,,,,,,1533.0,1533.0,,,0.0,,,0.0
2025-09-27 05:00:00,,,,,,,1533.0,1533.0,,,0.0,,,0.0
2025-09-27 06:00:00,,,,,,,1533.0,1533.0,,,0.0,,,0.0
2025-09-27 07:00:00,,,,,,,1533.0,1533.0,,,0.0,,,0.0
2025-09-27 08:00:00,,,,,,,509.0,509.0,,,0.0,,,0.0
2025-09-27 09:00:00,,,,,,,509.0,509.0,,,0.0,,,0.0
2025-09-27 10:00:00,,,,,,,509.0,509.0,,,0.0,,,0.0
2025-09-27 11:00:00,,,,,,,509.0,509.0,,,0.0,,,0.0
2025-09-27 12:00:00,,,,,,,509.0,509.0,,,0.0,,,0.0
2025-09-27 13:00:00,,,,,,,509.0,509.0,,,0.0,,,0.0
2025-09-27 14:00:00,,,,,,,509.0,509.0,,,0.0,,,0.0
2025-09-27 15:00:00,,,,,,,509.0,509.0,,,0.0,,,0.0
2025-09-27 16:00:00,,,,,,,509.0,509.0,,,0.0,,,0.0
2025-09-27 17:00:00,,,,,,,1533.0,1533.0,,,0.0,,,0.0
2025-09-27 18:00:00,,,,,,,1533.0,1533.0,,,0.0,,,0.0
2025-09-27 19:00:00,,,,,,,1533.0,1533.0,,,0.0,,,0.0
2025-09-27 20:00:00,,,,,,,1533.0,1533.0,,,0.0,,,0.0
2025-09-27 21:00:00,,,,,,,1533.0,1533.0,,,0.0,,,0.0
2025-09-27 22:00:00,,,,,,,1529.0,1529.0,,,0.0,,,0.0
2025-09-27 23:00:00,,,,,,,1533.0,1533.0,,,0.0,,,0.0
2025-09-28 00:00:00,,,,,,,1533.0,1533.0,,,0.0,,,0.0
2025-09-28 01:00:00,,,,,,,1533.0,1533.0,,,0.0,,,0.0
2025-09-28 02:00:00,,,,,,,1533.0,1533.0,,,0.0,,,0.0
2025-09-28 03:00:00,,,,,,,1533.0,1533.0,,,0.0,,,0.0
2025-09-28 04:00:00,,,,,,,1533.0,1533.0,,,0.0,,,0.0
2025-09-28 05:00:00,,,,,,,1533.0,1533.0,,,0.0,,,0.0
2025-09-28 06:00:00,,,,,,,1533.0,1533.0,,,0.0,,,0.0
2025-09-28 07:00:00,,,,,,,1533.0,1533.0,,,0.0,,,0.0
2025-09-28 08:00:00,,,,,,,509.0,509.0,,,0.0,,,0.0
2025-09-28 09:00:00,,,,,,,509.0,509.0,,,0.0,,,0.0
2025-09-28 10:00:00,,,,,,,509.0,509.0,,,0.0,,,0.0
2025-09-28 11:00:00,,,,,,,509.0,509.0,,,0.0,,,0.0
2025-09-28 12:00:00,,,,,,,509.0,509.0,,,0.0,,,0.0
2025-09-28 13:00:00,,,,,,,509.0,509.0,,,0.0,,,0.0
2025-09-28 14:00:00,,,,,,,509.0,509.0,,,0.0,,,0.0
2025-09-28 15:00:00,,,,,,,509.0,509.0,,,0.0,,,0.0
2025-09-28 16:00:00,,,,,,,509.0,509.0,,,0.0,,,0.0
2025-09-28 17:00:00,,,,,,,1533.0,1533.0,,,0.0,,,0.0
2025-09-28 18:00:00,,,,,,,1533.0,1533.0,,,0.0,,,0.0
2025-09-28 19:00:00,,,,,,,1529.0,1529.0,,,0.0,,,0.0
2025-09-28 20:00:00,,,,,,,1533.0,1533.0,,,0.0,,,0.0
2025-09-28 21:00:00,,,,,,,1533.0,1533.0,,,0.0,,,0.0
2025-09-28 22:00:00,,,,,,,1533.0,1533.0,,,0.0,,,0.0
2025-09-28 23:00:00,,,,,,,1533.0,1533.0,,,0.0,,,0.0
2025-09-29 00:00:00,,,,,,,1533.0,1533.0,,,0.0,,,0.0
2025-09-29 01:00:00,,,,,,,1529.0,1529.0,,,0.0,,,0.0
2025-09-29 02:00:00,,,,,,,1533.0,1533.0,,,0.0,,,0.0
2025-09-29 03:00:00,,,,,,,1533.0,1533.0,,,0.0,,,0.0
2025-09-29 04:00:00,,,,,,,1533.0,1533.0,,,0.0,,,0.0
2025-09-29 05:00:00,,,,,,,1529.0,1529.0,,,0.0,,,0.0
2025-09-29 06:00:00,,,,,,,1533.0,1533.0,,,0.0,,,0.0
2025-09-29 07:00:00,,,,,,,1533.0,1533.0,,,0.0,,,0.0
2025-09-29 08:00:00,,,,,,,509.0,509.0,0.5884,0.1024,2.0,0.43089998,0.19729996,2.0
2025-09-29 09:00:00,,,,,,,509.0,509.0,0.7994,0.1012,2.0,0.38459998,0.01819998,2.0
2025-09-29 10:00:00,,,,,,,509.0,509.0,,,0.0,,,0.0
2025-09-29 11:00:00,,,,,,,509.0,509.0,,,0.0,,,0.0
2025-09-29 12:00:00,,,,,,,509.0,509.0,,,0.0,,,0.0
2025-09-29 13:00:00,,,,,,,509.0,509.0,,,0.0,,,0.0
2025-09-29 14:00:00,,,,,,,509.0,509.0,,,0.0,,,0.0
2025-09-29 15:00:00,,,,,,,509.0,509.0,,,0.0,,,0.0
2025-09-29 16:00:00,,,,,,,509.0,509.0,,,0.0,,,0.0
2025-09-29 17:00:00,,,,,,,1533.0,1533.0,,,0.0,,,0.0
2025-09-29 18:00:00,,,,,,,1533.0,1533.0,,,0.0,,,0.0
2025-09-29 19:00:00,,,,,,,1533.0,1533.0,,,0.0,,,0.0
2025-09-29 20:00:00,,,,,,,1533.0,1533.0,,,0.0,,,0.0
2025-09-29 21:00:00,,,,,,,1533.0,1533.0,,,0.0,,,0.0
2025-09-29 22:00:00,,,,,,,1533.0,1533.0,,,0.0,,,0.0
2025-09-29 23:00:00,,,,,,,1533.0,1533.0,,,0.0,,,0.0
2025-09-30 00:00:00,,,,,,,1533.0,1533.0,,,0.0,,,0.0
2025-09-30 01:00:00,,,,,,,1533.0,1533.0,,,0.0,,,0.0
2025-09-30 02:00:00,,,,,,,1533.0,1533.0,,,0.0,,,0.0
2025-09-30 03:00:00,,,,,,,1533.0,1533.0,,,0.0,,,0.0
2025-09-30 04:00:00,,,,,,,1529.0,1529.0,,,0.0,,,0.0
2025-09-30 05:00:00,,,,,,,1533.0,1533.0,,,0.0,,,0.0
2025-09-30 06:00:00,,,,,,,1533.0,1533.0,,,0.0,,,0.0
2025-09-30 07:00:00,,,,,,,1533.0,1533.0,,,0.0,,,0.0
2025-09-30 08:00:00,,,,,,,505.0,504.0,0.3942,0.0,1.0,0.8622,0.0,1.0
2025-09-30 09:00:00,,,,,,,509.0,509.0,,,0.0,,,0.0
2025-09-30 10:00:00,,,,,,,509.0,509.0,,,0.0,,,0.0
2025-09-30 11:00:00,,,,,,,509.0,509.0,,,0.0,,,0.0
2025-09-30 12:00:00,,,,,,,509.0,509.0,,,0.0,,,0.0
2025-09-30 13:00:00,,,,,,,509.0,509.0,,,0.0,,,0.0
2025-09-30 14:00:00,,,,,,,509.0,509.0,,,0.0,,,0.0
2025-09-30 15:00:00,,,,,,,509.0,509.0,,,0.0,,,0.0
2025-09-30 16:00:00,,,,,,,509.0,509.0,,,0.0,,,0.0
2025-09-30 17:00:00,,,,,,,1533.0,1533.0,,,0.0,,,0.0
2025-09-30 18:00:00,,,,,,,1533.0,1533.0,,,0.0,,,0.0
2025-09-30 19:00:00,,,,,,,1533.0,1533.0,,,0.0,,,0.0
2025-09-30 20:00:00,,,,,,,1533.0,1533.0,,,0.0,,,0.0
2025-09-30 21:00:00,,,,,,,1533.0,1533.0,,,0.0,,,0.0
2025-09-30 22:00:00,,,,,,,1533.0,1533.0,,,0.0,,,0.0
2025-09-30 23:00:00,,,,,,,1533.0,1533.0,,,0.0,,,0.0
2025-10-01 00:00:00,,,,,,,1533.0,1533.0,,,0.0,,,0.0
2025-10-01 01:00:00,,,,,,,1529.0,1529.0,,,0.0,,,0.0
2025-10-01 02:00:00,,,,,,,1533.0,1533.0,,,0.0,,,0.0
2025-10-01 03:00:00,,,,,,,1533.0,1533.0,,,0.0,,,0.0
2025-10-01 04:00:00,,,,,,,1529.0,1529.0,,,0.0,,,0.0
2025-10-01 05:00:00,,,,,,,1273.0,1273.0,,,0.0,,,0.0
2025-10-01 06:00:00,,,,,,,1273.0,1273.0,,,0.0,,,0.0
2025-10-01 07:00:00,,,,,,,1533.0,1533.0,,,0.0,,,0.0
2025-10-01 08:00:00,,,,,,,509.0,509.0,0.2236,0.0,1.0,1.0367,0.0,1.0
2025-10-01 09:00:00,,,,,,,509.0,509.0,0.40559998,0.021599999,2.0,0.9059,0.037800014,2.0
2025-10-01 10:00:00,,,,,,,505.0,504.0,0.1626,0.085,5.0,0.9316,0.05430001,5.0
2025-10-01 11:00:00,,,,,,,509.0,509.0,,,0.0,,,0.0
2025-10-01 12:00:00,,,,,,,509.0,509.0,,,0.0,,,0.0
2025-10-01 13:00:00,,,,,,,509.0,509.0,,,0.0,,,0.0
2025-10-01 14:00:00,,,,,,,509.0,509.0,,,0.0,,,0.0
2025-10-01 15:00:00,,,,,,,509.0,509.0,,,0.0,,,0.0
2025-10-01 16:00:00,,,,,,,509.0,509.0,,,0.0,,,0.0
2025-10-01 17:00:00,,,,,,,1533.0,1533.0,,,0.0,,,0.0
2025-10-01 18:00:00,,,,,,,1529.0,1529.0,,,0.0,,,0.0
2025-10-01 19:00:00,,,,,,,1533.0,1533.0,,,0.0,,,0.0
2025-10-01 20:00:00,,,,,,,1533.0,1533.0,,,0.0,,,0.0
2025-10-01 21:00:00,,,,,,,1529.0,1529.0,,,0.0,,,0.0
2025-10-01 22:00:00,,,,,,,1533.0,1533.0,,,0.0,,,0.0
2025-10-01 23:00:00,,,,,,,1533.0,1533.0,,,0.0,,,0.0
2025-10-02 00:00:00,,,,,,,1529.0,1529.0,,,0.0,,,0.0
2025-10-02 01:00:00,,,,,,,1533.0,1533.0,,,0.0,,,0.0
2025-10-02 02:00:00,,,,,,,1533.0,1533.0,,,0.0,,,0.0
2025-10-02 03:00:00,,,,,,,1273.0,1273.0,,,0.0,,,0.0
2025-10-02 04:00:00,,,,,,,1529.0,1529.0,,,0.0,,,0.0
2025-10-02 05:00:00,,,,,,,1529.0,1529.0,,,0.0,,,0.0
2025-10-02 06:00:00,,,,,,,1533.0,1533.0,,,0.0,,,0.0
2025-10-02 07:00:00,,,,,,,1533.0,1533.0,,,0.0,,,0.0
2025-10-02 08:00:00,,,,,,,509.0,509.0,,,0.0,,,0.0
2025-10-02 09:00:00,,,,,,,505.0,504.0,0.612,0.0,1.0,0.50020003,0.0,1.0
2025-10-02 10:00:00,,,,,,,509.0,509.0,,,0.0,,,0.0
2025-10-02 11:00:00,,,,,,,509.0,509.0,,,0.0,,,0.0
2025-10-02 12:00:00,,,,,,,509.0,509.0,,,0.0,,,0.0
2025-10-02 13:00:00,,,,,,,2553.0,2552.0,0.0098,0.0,1.0,1.01,0.0,1.0
2025-10-02 14:00:00,,,,,,,2553.0,2552.0,0.1982,0.161,5.0,1.0201,0.041099966,5.0
2025-10-02 15:00:00,,,,,,,509.0,509.0,0.4614,0.0,1.0,1.1136999,0.0,1.0
2025-10-02 16:00:00,,,,,,,509.0,509.0,,,0.0,,,0.0
2025-10-02 17:00:00,,,,,,,1533.0,1533.0,,,0.0,,,0.0
2025-10-02 18:00:00,,,,,,,1533.0,1533.0,,,0.0,,,0.0
2025-10-02 19:00:00,,,,,,,1529.0,1529.0,,,0.0,,,0.0
2025-10-02 20:00:00,,,,,,,1273.0,1273.0,,,0.0,,,0.0
2025-10-02 21:00:00,,,,,,,1529.0,1529.0,,,0.0,,,0.0
2025-10-02 22:00:00,,,,,,,1529.0,1529.0,,,0.0,,,0.0
2025-10-02 23:00:00,,,,,,,1273.0,1273.0,,,0.0,,,0.0
2025-10-03 00:00:00,,,,,,,1273.0,1273.0,,,0.0,,,0.0
2025-10-03 01:00:00,,,,,,,1533.0,1533.0,,,0.0,,,0.0
2025-10-03 02:00:00,,,,,,,1529.0,1529.0,,,0.0,,,0.0
2025-10-03 03:00:00,,,,,,,1533.0,1533.0,,,0.0,,,0.0
2025-10-03 04:00:00,,,,,,,1533.0,1533.0,,,0.0,,,0.0
2025-10-03 05:00:00,,,,,,,1533.0,1533.0,,,0.0,,,0.0
2025-10-03 06:00:00,,,,,,,1529.0,1529.0,,,0.0,,,0.0
2025-10-03 07:00:00,,,,,,,1533.0,1533.0,,,0.0,,,0.0
2025-10-03 08:00:00,,,,,,,509.0,509.0,,,0.0,,,0.0
2025-10-03 09:00:00,,,,,,,509.0,509.0,,,0.0,,,0.0
2025-10-03 10:00:00,,,,,,,509.0,509.0,,,0.0,,,0.0
2025-10-03 11:00:00,,,,,,,509.0,509.0,,,0.0,,,0.0
2025-10-03 12:00:00,,,,,,,509.0,509.0,,,0.0,,,0.0
2025-10-03 13:00:00,,,,,,,509.0,509.0,,,0.0,,,0.0
2025-10-03 14:00:00,,,,,,,509.0,509.0,,,0.0,,,0.0
2025-10-03 15:00:00,,,,,,,509.0,509.0,,,0.0,,,0.0
2025-10-03 16:00:00,,,,,,,509.0,509.0,,,0.0,,,0.0
2025-10-03 17:00:00,,,,,,,1529.0,1529.0,,,0.0,,,0.0
2025-10-03 18:00:00,,,,,,,1529.0,1529.0,,,0.0,,,0.0
2025-10-03 19:00:00,,,,,,,1529.0,1529.0,,,0.0,,,0.0
2025-10-03 20:00:00,,,,,,,1273.0,1273.0,,,0.0,,,0.0
2025-10-03 21:00:00,,,,,,,1529.0,1529.0,,,0.0,,,0.0
2025-10-03 22:00:00,,,,,,,1529.0,1529.0,,,0.0,,,0.0
2025-10-03 23:00:00,,,,,,,1273.0,1273.0,,,0.0,,,0.0
2025-10-04 00:00:00,,,,,,,1529.0,1529.0,,,0.0,,,0.0
2025-10-04 01:00:00,,,,,,,1529.0,1529.0,,,0.0,,,0.0
2025-10-04 02:00:00,,,,,,,1533.0,1533.0,,,0.0,,,0.0
2025-10-04 03:00:00,,,,,,,1533.0,1533.0,,,0.0,,,0.0
2025-10-04 04:00:00,,,,,,,1529.0,1529.0,,,0.0,,,0.0
2025-10-04 05:00:00,,,,,,,1529.0,1529.0,,,0.0,,,0.0
2025-10-04 06:00:00,,,,,,,1533.0,1533.0,,,0.0,,,0.0
2025-10-04 07:00:00,,,,,,,1529.0,1529.0,,,0.0,,,0.0
2025-10-04 08:00:00,,,,,,,2553.0,2552.0,0.1836,0.173,4.0,0.9467,0.06709999,4.0
2025-10-04 09:00:00,,,,,,,509.0,509.0,0.2262,0.092,2.0,0.9965,0.012799978,2.0
2025-10-04 10:00:00,,,,,,,509.0,509.0,,,0.0,,,0.0
2025-10-04 11:00:00,,,,,,,509.0,509.0,,,0.0,,,0.0
2025-10-04 12:00:00,,,,,,,509.0,509.0,,,0.0,,,0.0
2025-10-04 13:00:00,,,,,,,509.0,509.0,,,0.0,,,0.0
2025-10-04 14:00:00,,,,,,,509.0,509.0,,,0.0,,,0.0
2025-10-04 15:00:00,,,,,,,509.0,509.0,,,0.0,,,0.0
2025-10-04 16:00:00,,,,,,,509.0,509.0,,,0.0,,,0.0
2025-10-04 17:00:00,,,,,,,1533.0,1533.0,,,0.0,,,0.0
2025-10-04 18:00:00,,,,,,,1533.0,1533.0,,,0.0,,,0.0
2025-10-04 19:00:00,,,,,,,1533.0,1533.0,,,0.0,,,0.0
2025-10-04 20:00:00,,,,,,,1533.0,1533.0,,,0.0,,,0.0
2025-10-04 21:00:00,,,,,,,1533.0,1533.0,,,0.0,,,0.0
2025-10-04 22:00:00,,,,,,,1533.0,1533.0,,,0.0,,,0.0
2025-10-04 23:00:00,,,,,,,1529.0,1529.0,,,0.0,,,0.0
2025-10-05 00:00:00,,,,,,,1529.0,1529.0,,,0.0,,,0.0
2025-10-05 01:00:00,,,,,,,1533.0,1533.0,,,0.0,,,0.0
2025-10-05 02:00:00,,,,,,,1533.0,1533.0,,,0.0,,,0.0
2025-10-05 03:00:00,,,,,,,1533.0,1533.0,,,0.0,,,0.0
2025-10-05 04:00:00,,,,,,,1533.0,1533.0,,,0.0,,,0.0
2025-10-05 05:00:00,,,,,,,1533.0,1533.0,,,0.0,,,0.0
2025-10-05 06:00:00,,,,,,,1529.0,1529.0,,,0.0,,,0.0
2025-10-05 07:00:00,,,,,,,1533.0,1533.0,,,0.0,,,0.0
2025-10-05 08:00:00,,,,,,,509.0,509.0,,,0.0,,,0.0
2025-10-05 09:00:00,,,,,,,505.0,505.0,,,0.0,,,0.0
2025-10-05 10:00:00,,,,,,,509.0,509.0,0.654,0.0,2.0,1.0597,0.0,2.0
2025-10-05 11:00:00,,,,,,,509.0,509.0,,,0.0,,,0.0
2025-10-05 12:00:00,,,,,,,509.0,509.0,0.0906,0.0,1.0,0.9829999,0.0,1.0
2025-10-05 13:00:00,,,,,,,509.0,509.0,,,0.0,,,0.0
2025-10-05 14:00:00,,,,,,,509.0,509.0,,,0.0,,,0.0
2025-10-05 15:00:00,,,,,,,509.0,509.0,,,0.0,,,0.0
2025-10-05 16:00:00,,,,,,,509.0,509.0,,,0.0,,,0.0
2025-10-05 17:00:00,,,,,,,1533.0,1533.0,,,0.0,,,0.0
2025-10-05 18:00:00,,,,,,,1533.0,1533.0,,,0.0,,,0.0
2025-10-05 19:00:00,,,,,,,1533.0,1533.0,,,0.0,,,0.0
2025-10-05 20:00:00,,,,,,,1529.0,1529.0,,,0.0,,,0.0
2025-10-05 21:00:00,,,,,,,1533.0,1533.0,,,0.0,,,0.0
2025-10-05 22:00:00,,,,,,,1533.0,1533.0,,,0.0,,,0.0
2025-10-05 23:00:00,,,,,,,1529.0,1529.0,,,0.0,,,0.0
2025-10-06 00:00:00,,,,,,,1533.0,1533.0,,,0.0,,,0.0
2025-10-06 01:00:00,,,,,,,1533.0,1533.0,,,0.0,,,0.0
2025-10-06 02:00:00,,,,,,,1533.0,1533.0,,,0.0,,,0.0
2025-10-06 03:00:00,,,,,,,1529.0,1529.0,,,0.0,,,0.0
2025-10-06 04:00:00,,,,,,,1529.0,1529.0,,,0.0,,,0.0
2025-10-06 05:00:00,,,,,,,1529.0,1529.0,,,0.0,,,0.0
2025-10-06 06:00:00,,,,,,,1273.0,1273.0,,,0.0,,,0.0
2025-10-06 07:00:00,,,,,,,1533.0,1533.0,,,0.0,,,0.0
2025-10-06 08:00:00,,,,,,,2553.0,2552.0,0.2746,0.2434,3.0,0.91989994,0.1555,3.0
2025-10-06 09:00:00,,,,,,,505.0,504.0,0.1662,0.0378,6.0,1.0503,0.013099968,6.0
2025-10-06 10:00:00,,,,,,,2297.0,2296.0,0.0066,0.0,1.0,1.1028,0.0,1.0
2025-10-06 11:00:00,,,,,,,2553.0,2552.0,0.0037999998,0.0,1.0,1.1143,0.0,1.0
2025-10-06 12:00:00,,,,,,,509.0,509.0,,,0.0,,,0.0
2025-10-06 13:00:00,,,,,,,509.0,509.0,,,0.0,,,0.0
2025-10-06 14:00:00,,,,,,,509.0,509.0,,,0.0,,,0.0
2025-10-06 15:00:00,,,,,,,509.0,509.0,,,0.0,,,0.0
2025-10-06 16:00:00,,,,,,,509.0,509.0,,,0.0,,,0.0
2025-10-06 17:00:00,,,,,,,1533.0,1533.0,,,0.0,,,0.0
2025-10-06 18:00:00,,,,,,,1529.0,1529.0,,,0.0,,,0.0
2025-10-06 19:00:00,,,,,,,1533.0,1533.0,,,0.0,,,0.0
2025-10-06 20:00:00,,,,,,,1533.0,1533.0,,,0.0,,,0.0
2025-10-06 21:00:00,,,,,,,1533.0,1533.0,,,0.0,,,0.0
2025-10-06 22:00:00,,,,,,,1533.0,1533.0,,,0.0,,,0.0
2025-10-06 23:00:00,,,,,,,1529.0,1529.0,,,0.0,,,0.0
2025-10-07 00:00:00,,,,,,,1533.0,1533.0,,,0.0,,,0.0
2025-10-07 01:00:00,,,,,,,1533.0,1533.0,,,0.0,,,0.0
2025-10-07 02:00:00,,,,,,,1529.0,1529.0,,,0.0,,,0.0
2025-10-07 03:00:00,,,,,,,1533.0,1533.0,,,0.0,,,0.0
2025-10-07 04:00:00,,,,,,,1529.0,1529.0,,,0.0,,,0.0
2025-10-07 05:00:00,,,,,,,1273.0,1273.0,,,0.0,,,0.0
2025-10-07 06:00:00,,,,,,,1533.0,1533.0,,,0.0,,,0.0
2025-10-07 07:00:00,,,,,,,1273.0,1273.0,,,0.0,,,0.0
2025-10-07 08:00:00,,,,,,,505.0,504.0,0.83959997,0.234,4.0,0.6891999,0.12889999,4.0
2025-10-07 09:00:00,,,,,,,509.0,509.0,0.6282,0.16139999,2.0,0.8456,0.0431,2.0
2025-10-07 10:00:00,,,,,,,509.0,509.0,,,0.0,,,0.0
2025-10-07 11:00:00,,,,,,,509.0,509.0,,,0.0,,,0.0
2025-10-07 12:00:00,,,,,,,509.0,509.0,,,0.0,,,0.0
2025-10-07 13:00:00,,,,,,,509.0,509.0,0.049,0.0,1.0,1.013,0.0,1.0
2025-10-07 14:00:00,,,,,,,509.0,509.0,,,0.0,,,0.0
2025-10-07 15:00:00,,,,,,,509.0,509.0,,,0.0,,,0.0
2025-10-07 16:00:00,,,,,,,509.0,509.0,,,0.0,,,0.0
2025-10-07 17:00:00,,,,,,,1533.0,1533.0,,,0.0,,,0.0
2025-10-07 18:00:00,,,,,,,1533.0,1533.0,,,0.0,,,0.0
2025-10-07 19:00:00,,,,,,,1533.0,1533.0,,,0.0,,,0.0
2025-10-07 20:00:00,,,,,,,1533.0,1533.0,,,0.0,,,0.0
2025-10-07 21:00:00,,,,,,,1533.0,1533.0,,,0.0,,,0.0
2025-10-07 22:00:00,,,,,,,1529.0,1529.0,,,0.0,,,0.0
2025-10-07 23:00:00,,,,,,,1529.0,1529.0,,,0.0,,,0.0
2025-10-08 00:00:00,,,,,,,1529.0,1529.0,,,0.0,,,0.0
2025-10-08 01:00:00,,,,,,,1533.0,1533.0,,,0.0,,,0.0
2025-10-08 02:00:00,,,,,,,1533.0,1533.0,,,0.0,,,0.0
2025-10-08 03:00:00,,,,,,,1533.0,1533.0,,,0.0,,,0.0
2025-10-08 04:00:00,,,,,,,1533.0,1533.0,,,0.0,,,0.0
2025-10-08 05:00:00,,,,,,,1533.0,1533.0,,,0.0,,,0.0
2025-10-08 06:00:00,,,,,,,1273.0,1273.0,,,0.0,,,0.0
2025-10-08 07:00:00,,,,,,,1533.0,1533.0,,,0.0,,,0.0
2025-10-08 08:00:00,,,,,,,509.0,509.0,0.8228,0.073,3.0,0.8139,0.054399967,3.0
2025-10-08 09:00:00,,,,,,,509.0,509.0,,,0.0,,,0.0
2025-10-08 10:00:00,,,,,,,505.0,505.0,,,0.0,,,0.0
2025-10-08 11:00:00,,,,,,,505.0,505.0,,,0.0,,,0.0
2025-10-08 12:00:00,,,,,,,509.0,509.0,,,0.0,,,0.0
2025-10-08 13:00:00,,,,,,,509.0,509.0,,,0.0,,,0.0
2025-10-08 14:00:00,,,,,,,509.0,509.0,,,0.0,,,0.0
2025-10-08 15:00:00,,,,,,,509.0,509.0,,,0.0,,,0.0
2025-10-08 16:00:00,,,,,,,509.0,509.0,,,0.0,,,0.0
2025-10-08 17:00:00,,,,,,,1533.0,1533.0,,,0.0,,,0.0
2025-10-08 18:00:00,,,,,,,1533.0,1533.0,,,0.0,,,0.0
2025-10-08 19:00:00,,,,,,,1533.0,1533.0,,,0.0,,,0.0
2025-10-08 20:00:00,,,,,,,1533.0,1533.0,,,0.0,,,0.0
2025-10-08 21:00:00,,,,,,,1533.0,1533.0,,,0.0,,,0.0
2025-10-08 22:00:00,,,,,,,1533.0,1533.0,,,0.0,,,0.0
2025-10-08 23:00:00,,,,,,,1533.0,1533.0,,,0.0,,,0.0
2025-10-09 00:00:00,,,,,,,1533.0,1533.0,,,0.0,,,0.0
2025-10-09 01:00:00,,,,,,,1533.0,1533.0,,,0.0,,,0.0
2025-10-09 02:00:00,,,,,,,1533.0,1533.0,,,0.0,,,0.0
2025-10-09 03:00:00,,,,,,,1529.0,1529.0,,,0.0,,,0.0
2025-10-09 04:00:00,,,,,,,1529.0,1529.0,,,0.0,,,0.0
2025-10-09 05:00:00,,,,,,,1529.0,1529.0,,,0.0,,,0.0
2025-10-09 06:00:00,,,,,,,1533.0,1533.0,,,0.0,,,0.0
2025-10-09 07:00:00,,,,,,,1273.0,1273.0,,,0.0,,,0.0
2025-10-09 08:00:00,,,,,,,509.0,509.0,1.083,0.2906,2.0,0.78989995,0.09799999,2.0
2025-10-09 09:00:00,,,,,,,505.0,505.0,1.3456,0.0,1.0,0.6747,0.0,1.0
2025-10-09 10:00:00,,,,,,,509.0,509.0,,,0.0,,,0.0
2025-10-09 11:00:00,,,,,,,509.0,509.0,1.0244,0.0,1.0,1.3413999,0.0,1.0
2025-10-09 12:00:00,,,,,,,509.0,509.0,,,0.0,,,0.0
2025-10-09 13:00:00,,,,,,,509.0,509.0,,,0.0,,,0.0
2025-10-09 14:00:00,,,,,,,509.0,509.0,,,0.0,,,0.0
2025-10-09 15:00:00,,,,,,,509.0,509.0,,,0.0,,,0.0
2025-10-09 16:00:00,,,,,,,509.0,509.0,,,0.0,,,0.0
2025-10-09 17:00:00,,,,,,,1533.0,1533.0,,,0.0,,,0.0
2025-10-09 18:00:00,,,,,,,1533.0,1533.0,,,0.0,,,0.0
2025-10-09 19:00:00,,,,,,,1529.0,1529.0,,,0.0,,,0.0
2025-10-09 20:00:00,,,,,,,1529.0,1529.0,,,0.0,,,0.0
2025-10-09 21:00:00,,,,,,,1529.0,1529.0,,,0.0,,,0.0
2025-10-09 22:00:00,,,,,,,1533.0,1533.0,,,0.0,,,0.0
2025-10-09 23:00:00,,,,,,,1533.0,1533.0,,,0.0,,,0.0
2025-10-10 00:00:00,,,,,,,1529.0,1529.0,,,0.0,,,0.0
2025-10-10 01:00:00,,,,,,,1273.0,1273.0,,,0.0,,,0.0
2025-10-10 02:00:00,,,,,,,1529.0,1529.0,,,0.0,,,0.0
2025-10-10 03:00:00,,,,,,,1533.0,1533.0,,,0.0,,,0.0
2025-10-10 04:00:00,,,,,,,1529.0,1529.0,,,0.0,,,0.0
2025-10-10 05:00:00,,,,,,,1533.0,1533.0,,,0.0,,,0.0
2025-10-10 06:00:00,,,,,,,1533.0,1533.0,,,0.0,,,0.0
2025-10-10 07:00:00,,,,,,,1533.0,1533.0,,,0.0,,,0.0
2025-10-10 08:00:00,,,,,,,509.0,509.0,0.5184,0.0,1.0,1.1078999,0.0,1.0
2025-10-10 09:00:00,,,,,,,509.0,509.0,0.74979997,0.14899999,2.0,0.9747,0.026499987,2.0
2025-10-10 10:00:00,,,,,,,509.0,509.0,0.7288,0.0,2.0,0.9426,0.0,2.0
2025-10-10 11:00:00,,,,,,,509.0,509.0,,,0.0,,,0.0
2025-10-10 12:00:00,,,,,,,509.0,509.0,,,0.0,,,0.0
2025-10-10 13:00:00,,,,,,,509.0,509.0,,,0.0,,,0.0
2025-10-10 14:00:00,,,,,,,509.0,509.0,,,0.0,,,0.0
2025-10-10 15:00:00,,,,,,,509.0,509.0,,,0.0,,,0.0
2025-10-10 16:00:00,,,,,,,509.0,509.0,,,0.0,,,0.0
2025-10-10 17:00:00,,,,,,,1533.0,1533.0,,,0.0,,,0.0
2025-10-10 18:00:00,,,,,,,1533.0,1533.0,,,0.0,,,0.0
2025-10-10 19:00:00,,,,,,,1533.0,1533.0,,,0.0,,,0.0
2025-10-10 20:00:00,,,,,,,1533.0,1533.0,,,0.0,,,0.0
2025-10-10 21:00:00,,,,,,,1533.0,1533.0,,,0.0,,,0.0
2025-10-10 22:00:00,,,,,,,1533.0,1533.0,,,0.0,,,0.0
2025-10-10 23:00:00,,,,,,,1533.0,1533.0,,,0.0,,,0.0
2025-10-11 00:00:00,,,,,,,1533.0,1533.0,,,0.0,,,0.0
2025-10-11 01:00:00,,,,,,,1529.0,1529.0,,,0.0,,,0.0
2025-10-11 02:00:00,,,,,,,1529.0,1529.0,,,0.0,,,0.0
2025-10-11 03:00:00,,,,,,,1273.0,1273.0,,,0.0,,,0.0
2025-10-11 04:00:00,,,,,,,1529.0,1529.0,,,0.0,,,0.0
2025-10-11 05:00:00,,,,,,,1533.0,1533.0,,,0.0,,,0.0
2025-10-11 06:00:00,,,,,,,1533.0,1533.0,,,0.0,,,0.0
2025-10-11 07:00:00,,,,,,,1533.0,1533.0,,,0.0,,,0.0
2025-10-11 08:00:00,,,,,,,509.0,509.0,,,0.0,,,0.0
2025-10-11 09:00:00,,,,,,,509.0,509.0,,,0.0,,,0.0
2025-10-11 10:00:00,,,,,,,509.0,509.0,,,0.0,,,0.0
2025-10-11 11:00:00,,,,,,,509.0,509.0,,,0.0,,,0.0
2025-10-11 12:00:00,,,,,,,509.0,509.0,,,0.0,,,0.0
2025-10-11 13:00:00,,,,,,,509.0,509.0,,,0.0,,,0.0
2025-10-11 14:00:00,,,,,,,509.0,509.0,,,0.0,,,0.0
2025-10-11 15:00:00,,,,,,,509.0,509.0,,,0.0,,,0.0
2025-10-11 16:00:00,,,,,,,509.0,509.0,,,0.0,,,0.0
2025-10-11 17:00:00,,,,,,,1533.0,1533.0,,,0.0,,,0.0
2025-10-11 18:00:00,,,,,,,1529.0,1529.0,,,0.0,,,0.0
2025-10-11 19:00:00,,,,,,,1533.0,1533.0,,,0.0,,,0.0
2025-10-11 20:00:00,,,,,,,1533.0,1533.0,,,0.0,,,0.0
2025-10-11 21:00:00,,,,,,,1533.0,1533.0,,,0.0,,,0.0
2025-10-11 22:00:00,,,,,,,1533.0,1533.0,,,0.0,,,0.0
2025-10-11 23:00:00,,,,,,,1533.0,1533.0,,,0.0,,,0.0
2025-10-12 18:00:00,,,,,,,1529.0,1529.0,,,0.0,,,0.0
2025-10-12 19:00:00,,,,,,,1533.0,1533.0,,,0.0,,,0.0
2025-10-12 20:00:00,,,,,,,1533.0,1533.0,,,0.0,,,0.0
2025-10-12 21:00:00,,,,,,,1533.0,1533.0,,,0.0,,,0.0
2025-10-12 22:00:00,,,,,,,1529.0,1529.0,,,0.0,,,0.0
2025-10-12 23:00:00,,,,,,,1533.0,1533.0,,,0.0,,,0.0
2025-10-13 00:00:00,,,,,,,1533.0,1533.0,,,0.0,,,0.0
2025-10-13 01:00:00,,,,,,,1533.0,1533.0,,,0.0,,,0.0
2025-10-13 02:00:00,,,,,,,1533.0,1533.0,,,0.0,,,0.0
2025-10-13 03:00:00,,,,,,,1533.0,1533.0,,,0.0,,,0.0
2025-10-13 04:00:00,,,,,,,1533.0,1533.0,,,0.0,,,0.0
2025-10-13 05:00:00,,,,,,,1533.0,1533.0,,,0.0,,,0.0
2025-10-13 06:00:00,,,,,,,1533.0,1533.0,,,0.0,,,0.0
2025-10-13 07:00:00,,,,,,,1533.0,1533.0,,,0.0,,,0.0
2025-10-13 08:00:00,,,,,,,509.0,509.0,,,0.0,,,0.0
2025-10-13 09:00:00,,,,,,,509.0,509.0,,,0.0,,,0.0
2025-10-13 10:00:00,,,,,,,509.0,509.0,,,0.0,,,0.0
2025-10-13 11:00:00,,,,,,,509.0,509.0,,,0.0,,,0.0
2025-10-13 12:00:00,,,,,,,509.0,509.0,,,0.0,,,0.0
2025-10-13 13:00:00,,,,,,,509.0,509.0,,,0.0,,,0.0
2025-10-13 14:00:00,,,,,,,509.0,509.0,,,0.0,,,0.0
2025-10-13 15:00:00,,,,,,,509.0,509.0,,,0.0,,,0.0
2025-10-13 16:00:00,,,,,,,509.0,509.0,,,0.0,,,0.0
2025-10-13 17:00:00,,,,,,,1533.0,1533.0,,,0.0,,,0.0
2025-10-13 18:00:00,,,,,,,1533.0,1533.0,,,0.0,,,0.0
2025-10-13 19:00:00,,,,,,,1533.0,1533.0,,,0.0,,,0.0
2025-10-13 20:00:00,,,,,,,1533.0,1533.0,,,0.0,,,0.0
2025-10-13 21:00:00,,,,,,,1533.0,1533.0,,,0.0,,,0.0
2025-10-13 22:00:00,,,,,,,1533.0,1533.0,,,0.0,,,0.0
2025-10-13 23:00:00,,,,,,,1533.0,1533.0,,,0.0,,,0.0
2025-10-14 00:00:00,,,,,,,1533.0,1533.0,,,0.0,,,0.0
2025-10-14 01:00:00,,,,,,,1533.0,1533.0,,,0.0,,,0.0
2025-10-14 02:00:00,,,,,,,1529.0,1529.0,,,0.0,,,0.0
2025-10-14 03:00:00,,,,,,,1533.0,1533.0,,,0.0,,,0.0
2025-10-14 04:00:00,,,,,,,1533.0,1533.0,,,0.0,,,0.0
2025-10-14 05:00:00,,,,,,,1533.0,1533.0,,,0.0,,,0.0
2025-10-14 06:00:00,,,,,,,1533.0,1533.0,,,0.0,,,0.0
2025-10-14 07:00:00,,,,,,,1533.0,1533.0,,,0.0,,,0.0
2025-10-14 08:00:00,,,,,,,509.0,509.0,,,0.0,,,0.0
2025-10-14 09:00:00,,,,,,,509.0,509.0,0.5956,0.0,1.0,0.9376,0.0,1.0
2025-10-14 10:00:00,,,,,,,509.0,509.0,,,0.0,,,0.0
2025-10-14 11:00:00,,,,,,,509.0,509.0,,,0.0,,,0.0
2025-10-14 12:00:00,,,,,,,509.0,509.0,,,0.0,,,0.0
2025-10-14 13:00:00,,,,,,,509.0,509.0,0.1484,0.083,3.0,1.1291,0.013099968,3.0
2025-10-14 14:00:00,,,,,,,505.0,505.0,,,0.0,,,0.0
2025-10-14 15:00:00,,,,,,,509.0,509.0,,,0.0,,,0.0
2025-10-14 16:00:00,,,,,,,509.0,509.0,,,0.0,,,0.0
2025-10-14 17:00:00,,,,,,,1533.0,1533.0,,,0.0,,,0.0
2025-10-14 18:00:00,,,,,,,1533.0,1533.0,,,0.0,,,0.0
2025-10-14 19:00:00,,,,,,,1533.0,1533.0,,,0.0,,,0.0
2025-10-14 20:00:00,,,,,,,1533.0,1533.0,,,0.0,,,0.0
2025-10-14 21:00:00,,,,,,,1533.0,1533.0,,,0.0,,,0.0
2025-10-14 22:00:00,,,,,,,1529.0,1529.0,,,0.0,,,0.0
2025-10-14 23:00:00,,,,,,,1533.0,1533.0,,,0.0,,,0.0
2025-10-15 00:00:00,,,,,,,1529.0,1529.0,,,0.0,,,0.0
2025-10-15 01:00:00,,,,,,,1533.0,1533.0,,,0.0,,,0.0
2025-10-15 02:00:00,,,,,,,1533.0,1533.0,,,0.0,,,0.0
2025-10-15 03:00:00,,,,,,,1533.0,1533.0,,,0.0,,,0.0
2025-10-15 04:00:00,,,,,,,1533.0,1533.0,,,0.0,,,0.0
2025-10-15 05:00:00,,,,,,,1533.0,1533.0,,,0.0,,,0.0
2025-10-15 06:00:00,,,,,,,1533.0,1533.0,,,0.0,,,0.0
2025-10-15 07:00:00,,,,,,,1533.0,1533.0,,,0.0,,,0.0
2025-10-15 08:00:00,,,,,,,509.0,509.0,0.2834,0.045199998,5.0,1.0188999,0.014499962,5.0
2025-10-15 09:00:00,,,,,,,509.0,509.0,0.0774,0.0,1.0,1.0447999,0.0,1.0
2025-10-15 10:00:00,,,,,,,509.0,509.0,,,0.0,,,0.0
2025-10-15 11:00:00,,,,,,,2553.0,2552.0,0.04,0.0,1.0,1.1294,0.0,1.0
2025-10-15 12:00:00,,,,,,,2553.0,2552.0,0.0288,0.0164,4.0,1.1315999,0.008700013,4.0
2025-10-15 13:00:00,,,,,,,505.0,505.0,0.0033999998,0.0042,3.0,1.1456,0.0015999675,2.0
2025-10-15 14:00:00,,,,,,,505.0,504.0,0.0616,0.0758,3.0,1.1715,0.002399981,2.0
2025-10-15 15:00:00,,,,,,,509.0,509.0,0.25939998,0.0,1.0,1.1602,0.0,1.0
2025-10-15 16:00:00,,,,,,,509.0,509.0,,,0.0,,,0.0
2025-10-15 17:00:00,,,,,,,1533.0,1533.0,,,0.0,,,0.0
2025-10-15 18:00:00,,,,,,,1533.0,1533.0,,,0.0,,,0.0
2025-10-15 19:00:00,,,,,,,1529.0,1529.0,,,0.0,,,0.0
2025-10-15 20:00:00,,,,,,,1533.0,1533.0,,,0.0,,,0.0
2025-10-15 21:00:00,,,,,,,1533.0,1533.0,,,0.0,,,0.0
2025-10-15 22:00:00,,,,,,,1533.0,1533.0,,,0.0,,,0.0
2025-10-15 23:00:00,,,,,,,1533.0,1533.0,,,0.0,,,0.0
2025-10-16 00:00:00,,,,,,,1533.0,1533.0,,,0.0,,,0.0
2025-10-16 01:00:00,,,,,,,1533.0,1533.0,,,0.0,,,0.0
2025-10-16 02:00:00,,,,,,,1533.0,1533.0,,,0.0,,,0.0
2025-10-16 03:00:00,,,,,,,1529.0,1529.0,,,0.0,,,0.0
2025-10-16 04:00:00,,,,,,,1273.0,1273.0,,,0.0,,,0.0
2025-10-16 05:00:00,,,,,,,1529.0,1529.0,,,0.0,,,0.0
2025-10-16 06:00:00,,,,,,,1529.0,1529.0,,,0.0,,,0.0
2025-10-16 07:00:00,,,,,,,1533.0,1533.0,,,0.0,,,0.0
2025-10-16 08:00:00,,,,,,,509.0,509.0,,,0.0,,,0.0
2025-10-16 09:00:00,,,,,,,509.0,509.0,,,0.0,,,0.0
2025-10-16 10:00:00,,,,,,,505.0,505.0,,,0.0,,,0.0
2025-10-16 11:00:00,,,,,,,2553.0,2552.0,0.0224,0.0,1.0,0.9814,0.0,1.0
2025-10-16 12:00:00,,,,,,,509.0,509.0,0.2164,0.14559999,4.0,0.9986999,0.011599958,4.0
2025-10-16 13:00:00,,,,,,,509.0,509.0,,,0.0,,,0.0
2025-10-16 14:00:00,,,,,,,509.0,509.0,,,0.0,,,0.0
2025-10-16 15:00:00,,,,,,,509.0,509.0,,,0.0,,,0.0
2025-10-16 16:00:00,,,,,,,509.0,509.0,,,0.0,,,0.0
2025-10-16 17:00:00,,,,,,,1533.0,1533.0,,,0.0,,,0.0
2025-10-16 18:00:00,,,,,,,1529.0,1529.0,,,0.0,,,0.0
2025-10-16 19:00:00,,,,,,,1273.0,1273.0,,,0.0,,,0.0
2025-10-16 20:00:00,,,,,,,1529.0,1529.0,,,0.0,,,0.0
2025-10-16 21:00:00,,,,,,,1529.0,1529.0,,,0.0,,,0.0
2025-10-16 22:00:00,,,,,,,1533.0,1533.0,,,0.0,,,0.0
2025-10-16 23:00:00,,,,,,,1273.0,1273.0,,,0.0,,,0.0
2025-10-17 00:00:00,,,,,,,1529.0,1529.0,,,0.0,,,0.0
2025-10-17 01:00:00,,,,,,,1273.0,1273.0,,,0.0,,,0.0
2025-10-17 02:00:00,,,,,,,1273.0,1273.0,,,0.0,,,0.0
2025-10-17 03:00:00,,,,,,,1533.0,1533.0,,,0.0,,,0.0
2025-10-17 04:00:00,,,,,,,1273.0,1273.0,,,0.0,,,0.0
2025-10-17 05:00:00,,,,,,,1273.0,1273.0,,,0.0,,,0.0
2025-10-17 06:00:00,,,,,,,1533.0,1533.0,,,0.0,,,0.0
2025-10-17 07:00:00,,,,,,,1533.0,1533.0,,,0.0,,,0.0
2025-10-17 08:00:00,,,,,,,509.0,509.0,1.0502,0.022,3.0,0.4206,0.039900005,3.0
2025-10-17 09:00:00,,,,,,,509.0,509.0,0.5456,0.0,1.0,0.8979,0.0,1.0
2025-10-17 10:00:00,,,,,,,2553.0,2552.0,0.3266,0.042799998,2.0,1.084,0.17809999,2.0
2025-10-17 11:00:00,,,,,,,509.0,509.0,0.63,0.0,1.0,1.1797,0.0,1.0
2025-10-17 12:00:00,,,,,,,509.0,509.0,,,0.0,,,0.0
2025-10-17 13:00:00,,,,,,,509.0,509.0,,,0.0,,,0.0
2025-10-17 14:00:00,,,,,,,505.0,504.0,0.2744,0.0,1.0,1.0214,0.0,1.0
2025-10-17 15:00:00,,,,,,,509.0,509.0,,,0.0,,,0.0
2025-10-17 16:00:00,,,,,,,509.0,509.0,,,0.0,,,0.0
2025-10-17 17:00:00,,,,,,,1533.0,1533.0,,,0.0,,,0.0
2025-10-17 18:00:00,,,,,,,1533.0,1533.0,,,0.0,,,0.0
2025-10-17 19:00:00,,,,,,,1533.0,1533.0,,,0.0,,,0.0
2025-10-17 20:00:00,,,,,,,1533.0,1533.0,,,0.0,,,0.0
2025-10-17 21:00:00,,,,,,,1533.0,1533.0,,,0.0,,,0.0
2025-10-17 22:00:00,,,,,,,1529.0,1529.0,,,0.0,,,0.0
2025-10-17 23:00:00,,,,,,,1533.0,1533.0,,,0.0,,,0.0
2025-10-18 00:00:00,,,,,,,1529.0,1529.0,,,0.0,,,0.0
2025-10-18 01:00:00,,,,,,,1533.0,1533.0,,,0.0,,,0.0
2025-10-18 02:00:00,,,,,,,1533.0,1533.0,,,0.0,,,0.0
2025-10-18 03:00:00,,,,,,,1529.0,1529.0,,,0.0,,,0.0
2025-10-18 04:00:00,,,,,,,1273.0,1273.0,,,0.0,,,0.0
2025-10-18 05:00:00,,,,,,,1529.0,1529.0,,,0.0,,,0.0
2025-10-18 06:00:00,,,,,,,1533.0,1533.0,,,0.0,,,0.0
2025-10-18 07:00:00,,,,,,,1533.0,1533.0,,,0.0,,,0.0
2025-10-18 08:00:00,,,,,,,505.0,505.0,0.34199998,0.0624,4.0,1.0353,0.05579996,4.0
2025-10-18 09:00:00,,,,,,,249.0,248.0,0.2622,0.024,3.0,0.93929994,0.017499983,3.0
2025-10-18 10:00:00,,,,,,,509.0,509.0,0.26119998,0.0036,2.0,0.98469996,0.010500014,2.0
2025-10-18 11:00:00,,,,,,,509.0,509.0,,,0.0,,,0.0
2025-10-18 12:00:00,,,,,,,509.0,509.0,,,0.0,,,0.0
2025-10-18 13:00:00,,,,,,,509.0,509.0,,,0.0,,,0.0
2025-10-18 14:00:00,,,,,,,509.0,509.0,,,0.0,,,0.0
2025-10-18 15:00:00,,,,,,,509.0,509.0,,,0.0,,,0.0
2025-10-18 16:00:00,,,,,,,509.0,509.0,,,0.0,,,0.0
2025-10-18 17:00:00,,,,,,,1529.0,1529.0,,,0.0,,,0.0
2025-10-18 18:00:00,,,,,,,1533.0,1533.0,,,0.0,,,0.0
2025-10-18 19:00:00,,,,,,,1533.0,1533.0,,,0.0,,,0.0
2025-10-18 20:00:00,,,,,,,1533.0,1533.0,,,0.0,,,0.0
2025-10-18 21:00:00,,,,,,,1533.0,1533.0,,,0.0,,,0.0
2025-10-18 22:00:00,,,,,,,1533.0,1533.0,,,0.0,,,0.0
2025-10-18 23:00:00,,,,,,,1533.0,1533.0,,,0.0,,,0.0
2025-10-19 00:00:00,,,,,,,1529.0,1529.0,,,0.0,,,0.0
2025-10-19 01:00:00,,,,,,,1533.0,1533.0,,,0.0,,,0.0
2025-10-19 02:00:00,,,,,,,1533.0,1533.0,,,0.0,,,0.0
2025-10-19 03:00:00,,,,,,,1533.0,1533.0,,,0.0,,,0.0
2025-10-19 04:00:00,,,,,,,1529.0,1529.0,,,0.0,,,0.0
2025-10-19 05:00:00,,,,,,,1529.0,1529.0,,,0.0,,,0.0
2025-10-19 06:00:00,,,,,,,1273.0,1273.0,,,0.0,,,0.0
2025-10-19 07:00:00,,,,,,,1273.0,1273.0,,,0.0,,,0.0
2025-10-19 08:00:00,,,,,,,249.0,248.0,0.3798,0.1162,6.0,0.8887999,0.05039996,6.0
2025-10-19 09:00:00,,,,,,,509.0,509.0,0.1486,0.0,1.0,0.9764999,0.0,1.0
2025-10-19 10:00:00,,,,,,,2553.0,2552.0,0.049799997,0.0286,4.0,1.0172,0.004099965,3.0
2025-10-19 11:00:00,,,,,,,2553.0,2552.0,0.0326,0.0354,3.0,1.0160999,0.004700005,3.0
2025-10-19 12:00:00,,,,,,,505.0,505.0,0.0262,0.021,4.0,1.0127,0.0011000037,4.0
2025-10-19 13:00:00,,,,,,,505.0,505.0,0.0138,0.0,1.0,1.0302999,0.0,1.0
2025-10-19 14:00:00,,,,,,,2553.0,2552.0,0.0672,0.058399998,4.0,1.0299,0.021200001,3.0
2025-10-19 15:00:00,,,,,,,505.0,505.0,0.03,0.021599999,5.0,1.0288,0.0018999577,5.0
2025-10-19 16:00:00,,,,,,,505.0,504.0,0.7058,0.0,1.0,0.8658,0.0,1.0
2025-10-19 17:00:00,,,,,,,1533.0,1533.0,,,0.0,,,0.0
2025-10-19 18:00:00,,,,,,,1533.0,1533.0,,,0.0,,,0.0
2025-10-19 19:00:00,,,,,,,1533.0,1533.0,,,0.0,,,0.0
2025-10-19 20:00:00,,,,,,,1533.0,1533.0,,,0.0,,,0.0
2025-10-19 21:00:00,,,,,,,1529.0,1529.0,,,0.0,,,0.0
2025-10-19 22:00:00,,,,,,,1533.0,1533.0,,,0.0,,,0.0
2025-10-19 23:00:00,,,,,,,1529.0,1529.0,,,0.0,,,0.0
2025-10-20 00:00:00,,,,,,,1273.0,1273.0,,,0.0,,,0.0
2025-10-20 01:00:00,,,,,,,1273.0,1273.0,,,0.0,,,0.0
2025-10-20 02:00:00,,,,,,,1529.0,1529.0,,,0.0,,,0.0
2025-10-20 03:00:00,,,,,,,1533.0,1533.0,,,0.0,,,0.0
2025-10-20 04:00:00,,,,,,,1529.0,1529.0,,,0.0,,,0.0
2025-10-20 05:00:00,,,,,,,1529.0,1529.0,,,0.0,,,0.0
2025-10-20 06:00:00,,,,,,,1529.0,1529.0,,,0.0,,,0.0
2025-10-20 07:00:00,,,,,,,1273.0,1273.0,,,0.0,,,0.0
2025-10-20 08:00:00,,,,,,,2553.0,2552.0,0.24059999,0.058599997,5.0,0.9439,0.01819998,5.0
2025-10-20 09:00:00,,,,,,,509.0,509.0,0.24839999,0.0414,3.0,0.88629997,0.015999973,3.0
2025-10-20 10:00:00,,,,,,,509.0,509.0,0.4348,0.0,1.0,0.8046,0.0,1.0
2025-10-20 11:00:00,,,,,,,509.0,509.0,0.257,0.14739999,4.0,0.8966,0.022700012,4.0
2025-10-20 12:00:00,,,,,,,509.0,509.0,,,0.0,,,0.0
2025-10-20 13:00:00,,,,,,,509.0,509.0,,,0.0,,,0.0
2025-10-20 14:00:00,,,,,,,509.0,509.0,,,0.0,,,0.0
2025-10-20 15:00:00,,,,,,,509.0,509.0,0.3858,0.0,1.0,0.8909999,0.0,1.0
2025-10-20 16:00:00,,,,,,,509.0,509.0,,,0.0,,,0.0
2025-10-20 17:00:00,,,,,,,1533.0,1533.0,,,0.0,,,0.0
2025-10-20 18:00:00,,,,,,,1533.0,1533.0,,,0.0,,,0.0
2025-10-20 19:00:00,,,,,,,1533.0,1533.0,,,0.0,,,0.0
2025-10-20 20:00:00,,,,,,,1533.0,1533.0,,,0.0,,,0.0
2025-10-20 21:00:00,,,,,,,1533.0,1533.0,,,0.0,,,0.0
2025-10-20 22:00:00,,,,,,,1533.0,1533.0,,,0.0,,,0.0
2025-10-20 23:00:00,,,,,,,1529.0,1529.0,,,0.0,,,0.0
2025-10-21 00:00:00,,,,,,,1529.0,1529.0,,,0.0,,,0.0
2025-10-21 01:00:00,,,,,,,1533.0,1533.0,,,0.0,,,0.0
2025-10-21 02:00:00,,,,,,,1533.0,1533.0,,,0.0,,,0.0
2025-10-21 03:00:00,,,,,,,1533.0,1533.0,,,0.0,,,0.0
2025-10-21 04:00:00,,,,,,,1533.0,1533.0,,,0.0,,,0.0
2025-10-21 05:00:00,,,,,,,1533.0,1533.0,,,0.0,,,0.0
2025-10-21 06:00:00,,,,,,,1533.0,1533.0,,,0.0,,,0.0
2025-10-21 07:00:00,,,,,,,1533.0,1533.0,,,0.0,,,0.0
2025-10-21 08:00:00,,,,,,,505.0,504.0,0.86079997,0.1554,2.0,0.6286,0.13229996,2.0
2025-10-21 09:00:00,,,,,,,509.0,509.0,,,0.0,,,0.0
2025-10-21 10:00:00,,,,,,,509.0,509.0,,,0.0,,,0.0
2025-10-21 11:00:00,,,,,,,509.0,509.0,,,0.0,,,0.0
2025-10-21 12:00:00,,,,,,,509.0,509.0,,,0.0,,,0.0
2025-10-21 13:00:00,,,,,,,509.0,509.0,,,0.0,,,0.0
2025-10-21 14:00:00,,,,,,,509.0,509.0,,,0.0,,,0.0
2025-10-21 15:00:00,,,,,,,509.0,509.0,,,0.0,,,0.0
2025-10-21 16:00:00,,,,,,,509.0,509.0,,,0.0,,,0.0
2025-10-21 17:00:00,,,,,,,1533.0,1533.0,,,0.0,,,0.0
2025-10-21 18:00:00,,,,,,,1533.0,1533.0,,,0.0,,,0.0
2025-10-21 19:00:00,,,,,,,1533.0,1533.0,,,0.0,,,0.0
2025-10-21 20:00:00,,,,,,,1533.0,1533.0,,,0.0,,,0.0
2025-10-21 21:00:00,,,,,,,1529.0,1529.0,,,0.0,,,0.0
2025-10-21 22:00:00,,,,,,,1533.0,1533.0,,,0.0,,,0.0
2025-10-21 23:00:00,,,,,,,1533.0,1533.0,,,0.0,,,0.0
2025-10-22 00:00:00,,,,,,,1533.0,1533.0,,,0.0,,,0.0
2025-10-22 01:00:00,,,,,,,1533.0,1533.0,,,0.0,,,0.0
2025-10-22 02:00:00,,,,,,,1533.0,1533.0,,,0.0,,,0.0
2025-10-22 03:00:00,,,,,,,1533.0,1533.0,,,0.0,,,0.0
2025-10-22 04:00:00,,,,,,,1529.0,1529.0,,,0.0,,,0.0
2025-10-22 05:00:00,,,,,,,1533.0,1533.0,,,0.0,,,0.0
2025-10-22 06:00:00,,,,,,,1533.0,1533.0,,,0.0,,,0.0
2025-10-22 07:00:00,,,,,,,1533.0,1533.0,,,0.0,,,0.0
2025-10-22 08:00:00,,,,,,,509.0,509.0,,,0.0,,,0.0
2025-10-22 09:00:00,,,,,,,509.0,509.0,,,0.0,,,0.0
2025-10-22 10:00:00,,,,,,,509.0,509.0,,,0.0,,,0.0
2025-10-22 11:00:00,,,,,,,509.0,509.0,,,0.0,,,0.0
2025-10-22 12:00:00,,,,,,,509.0,509.0,,,0.0,,,0.0
2025-10-22 13:00:00,,,,,,,509.0,509.0,,,0.0,,,0.0
2025-10-22 14:00:00,,,,,,,509.0,509.0,,,0.0,,,0.0
2025-10-22 15:00:00,,,,,,,509.0,509.0,,,0.0,,,0.0
2025-10-22 16:00:00,,,,,,,509.0,509.0,,,0.0,,,0.0
2025-10-22 17:00:00,,,,,,,1533.0,1533.0,,,0.0,,,0.0
2025-10-22 18:00:00,,,,,,,1533.0,1533.0,,,0.0,,,0.0
2025-10-22 19:00:00,,,,,,,1533.0,1533.0,,,0.0,,,0.0
2025-10-22 20:00:00,,,,,,,1533.0,1533.0,,,0.0,,,0.0
2025-10-22 21:00:00,,,,,,,1533.0,1533.0,,,0.0,,,0.0
2025-10-22 22:00:00,,,,,,,1533.0,1533.0,,,0.0,,,0.0
2025-10-22 23:00:00,,,,,,,1533.0,1533.0,,,0.0,,,0.0
2025-10-23 00:00:00,,,,,,,1529.0,1529.0,,,0.0,,,0.0
2025-10-23 01:00:00,,,,,,,1533.0,1533.0,,,0.0,,,0.0
2025-10-23 02:00:00,,,,,,,1533.0,1533.0,,,0.0,,,0.0
2025-10-23 03:00:00,,,,,,,1529.0,1529.0,,,0.0,,,0.0
2025-10-23 04:00:00,,,,,,,1533.0,1533.0,,,0.0,,,0.0
2025-10-23 05:00:00,,,,,,,1533.0,1533.0,,,0.0,,,0.0
2025-10-23 06:00:00,,,,,,,1529.0,1529.0,,,0.0,,,0.0
2025-10-23 07:00:00,,,,,,,1533.0,1533.0,,,0.0,,,0.0
2025-10-23 08:00:00,,,,,,,509.0,509.0,0.9094,0.1724,2.0,1.0228,0.21139997,2.0
2025-10-23 09:00:00,,,,,,,509.0,509.0,,,0.0,,,0.0
2025-10-23 10:00:00,,,,,,,509.0,509.0,,,0.0,,,0.0
2025-10-23 11:00:00,,,,,,,509.0,509.0,,,0.0,,,0.0
2025-10-23 12:00:00,,,,,,,509.0,509.0,,,0.0,,,0.0
2025-10-23 13:00:00,,,,,,,509.0,509.0,,,0.0,,,0.0
2025-10-23 14:00:00,,,,,,,509.0,509.0,,,0.0,,,0.0
2025-10-23 15:00:00,,,,,,,509.0,509.0,,,0.0,,,0.0
2025-10-23 16:00:00,,,,,,,509.0,509.0,,,0.0,,,0.0
2025-10-23 17:00:00,,,,,,,1533.0,1533.0,,,0.0,,,0.0
2025-10-23 18:00:00,,,,,,,1533.0,1533.0,,,0.0,,,0.0
2025-10-23 19:00:00,,,,,,,1533.0,1533.0,,,0.0,,,0.0
2025-10-23 20:00:00,,,,,,,1533.0,1533.0,,,0.0,,,0.0
2025-10-23 21:00:00,,,,,,,1533.0,1533.0,,,0.0,,,0.0
2025-10-23 22:00:00,,,,,,,1533.0,1533.0,,,0.0,,,0.0
2025-10-23 23:00:00,,,,,,,1533.0,1533.0,,,0.0,,,0.0
2025-10-24 00:00:00,,,,,,,1533.0,1533.0,,,0.0,,,0.0
2025-10-24 01:00:00,,,,,,,1533.0,1533.0,,,0.0,,,0.0
2025-10-24 02:00:00,,,,,,,1529.0,1529.0,,,0.0,,,0.0
2025-10-24 03:00:00,,,,,,,1533.0,1533.0,,,0.0,,,0.0
2025-10-24 04:00:00,,,,,,,1533.0,1533.0,,,0.0,,,0.0
2025-10-24 05:00:00,,,,,,,1533.0,1533.0,,,0.0,,,0.0
2025-10-24 06:00:00,,,,,,,1533.0,1533.0,,,0.0,,,0.0
2025-10-24 07:00:00,,,,,,,1533.0,1533.0,,,0.0,,,0.0
2025-10-24 08:00:00,,,,,,,509.0,509.0,1.0266,0.034199998,2.0,0.65769994,0.03279996,2.0
2025-10-24 09:00:00,,,,,,,509.0,509.0,0.4298,0.0088,2.0,0.9827,0.050300002,2.0
2025-10-24 10:00:00,,,,,,,509.0,509.0,,,0.0,,,0.0
2025-10-24 11:00:00,,,,,,,509.0,509.0,,,0.0,,,0.0
2025-10-24 12:00:00,,,,,,,509.0,509.0,,,0.0,,,0.0
2025-10-24 13:00:00,,,,,,,509.0,509.0,,,0.0,,,0.0
2025-10-24 14:00:00,,,,,,,509.0,509.0,,,0.0,,,0.0
2025-10-24 15:00:00,,,,,,,509.0,509.0,,,0.0,,,0.0
2025-10-24 16:00:00,,,,,,,509.0,509.0,,,0.0,,,0.0
2025-10-24 17:00:00,,,,,,,1533.0,1533.0,,,0.0,,,0.0
2025-10-24 18:00:00,,,,,,,1533.0,1533.0,,,0.0,,,0.0
2025-10-24 19:00:00,,,,,,,1533.0,1533.0,,,0.0,,,0.0
2025-10-24 20:00:00,,,,,,,1533.0,1533.0,,,0.0,,,0.0
2025-10-24 21:00:00,,,,,,,1533.0,1533.0,,,0.0,,,0.0
2025-10-24 22:00:00,,,,,,,1533.0,1533.0,,,0.0,,,0.0
2025-10-24 23:00:00,,,,,,,1533.0,1533.0,,,0.0,,,0.0
2025-10-25 00:00:00,,,,,,,1533.0,1533.0,,,0.0,,,0.0
2025-10-25 01:00:00,,,,,,,1529.0,1529.0,,,0.0,,,0.0
2025-10-25 02:00:00,,,,,,,1533.0,1533.0,,,0.0,,,0.0
2025-10-25 03:00:00,,,,,,,1533.0,1533.0,,,0.0,,,0.0
2025-10-25 04:00:00,,,,,,,1533.0,1533.0,,,0.0,,,0.0
2025-10-25 05:00:00,,,,,,,1533.0,1533.0,,,0.0,,,0.0
2025-10-25 06:00:00,,,,,,,1533.0,1533.0,,,0.0,,,0.0
2025-10-25 07:00:00,,,,,,,1533.0,1533.0,,,0.0,,,0.0
2025-10-25 08:00:00,,,,,,,509.0,509.0,,,0.0,,,0.0
2025-10-25 09:00:00,,,,,,,509.0,509.0,,,0.0,,,0.0
2025-10-25 10:00:00,,,,,,,509.0,509.0,,,0.0,,,0.0
2025-10-25 11:00:00,,,,,,,509.0,509.0,,,0.0,,,0.0
2025-10-25 12:00:00,,,,,,,509.0,509.0,,,0.0,,,0.0
2025-10-25 13:00:00,,,,,,,509.0,509.0,,,0.0,,,0.0
2025-10-25 14:00:00,,,,,,,509.0,509.0,,,0.0,,,0.0
2025-10-25 15:00:00,,,,,,,509.0,509.0,,,0.0,,,0.0
2025-10-25 16:00:00,,,,,,,509.0,509.0,,,0.0,,,0.0
2025-10-25 17:00:00,,,,,,,1533.0,1533.0,,,0.0,,,0.0
2025-10-25 18:00:00,,,,,,,1533.0,1533.0,,,0.0,,,0.0
2025-10-25 19:00:00,,,,,,,1533.0,1533.0,,,0.0,,,0.0
2025-10-25 20:00:00,,,,,,,1533.0,1533.0,,,0.0,,,0.0
2025-10-25 21:00:00,,,,,,,1529.0,1529.0,,,0.0,,,0.0
2025-10-25 22:00:00,,,,,,,1533.0,1533.0,,,0.0,,,0.0
2025-10-25 23:00:00,,,,,,,1533.0,1533.0,,,0.0,,,0.0
2025-10-26 00:00:00,,,,,,,1533.0,1533.0,,,0.0,,,0.0
2025-10-26 01:00:00,,,,,,,1533.0,1533.0,,,0.0,,,0.0
2025-10-26 02:00:00,,,,,,,1533.0,1533.0,,,0.0,,,0.0
2025-10-26 03:00:00,,,,,,,1529.0,1529.0,,,0.0,,,0.0
2025-10-26 04:00:00,,,,,,,1533.0,1533.0,,,0.0,,,0.0
2025-10-26 05:00:00,,,,,,,1533.0,1533.0,,,0.0,,,0.0
2025-10-26 06:00:00,,,,,,,1533.0,1533.0,,,0.0,,,0.0
2025-10-26 07:00:00,,,,,,,1533.0,1533.0,,,0.0,,,0.0
2025-10-26 08:00:00,,,,,,,509.0,509.0,,,0.0,,,0.0
2025-10-26 09:00:00,,,,,,,509.0,509.0,,,0.0,,,0.0
2025-10-26 10:00:00,,,,,,,509.0,509.0,,,0.0,,,0.0
2025-10-26 11:00:00,,,,,,,509.0,509.0,,,0.0,,,0.0
2025-10-26 12:00:00,,,,,,,509.0,509.0,,,0.0,,,0.0
2025-10-26 13:00:00,,,,,,,509.0,509.0,,,0.0,,,0.0
2025-10-26 14:00:00,,,,,,,509.0,509.0,,,0.0,,,0.0
2025-10-26 15:00:00,,,,,,,509.0,509.0,,,0.0,,,0.0
2025-10-26 16:00:00,,,,,,,509.0,509.0,,,0.0,,,0.0
2025-10-26 17:00:00,,,,,,,1529.0,1529.0,,,0.0,,,0.0
2025-10-26 18:00:00,,,,,,,1533.0,1533.0,,,0.0,,,0.0
2025-10-26 19:00:00,,,,,,,1533.0,1533.0,,,0.0,,,0.0
2025-10-26 20:00:00,,,,,,,1529.0,1529.0,,,0.0,,,0.0
2025-10-26 21:00:00,,,,,,,1533.0,1533.0,,,0.0,,,0.0
2025-10-26 22:00:00,,,,,,,1533.0,1533.0,,,0.0,,,0.0
2025-10-26 23:00:00,,,,,,,1533.0,1533.0,,,0.0,,,0.0
2025-10-27 00:00:00,,,,,,,1533.0,1533.0,,,0.0,,,0.0
2025-10-27 01:00:00,,,,,,,1529.0,1529.0,,,0.0,,,0.0
2025-10-27 02:00:00,,,,,,,1533.0,1533.0,,,0.0,,,0.0
2025-10-27 03:00:00,,,,,,,1533.0,1533.0,,,0.0,,,0.0
2025-10-27 04:00:00,,,,,,,1533.0,1533.0,,,0.0,,,0.0
2025-10-27 05:00:00,,,,,,,1533.0,1533.0,,,0.0,,,0.0
2025-10-27 06:00:00,,,,,,,1533.0,1533.0,,,0.0,,,0.0
2025-10-27 07:00:00,,,,,,,1533.0,1533.0,,,0.0,,,0.0
2025-10-27 08:00:00,,,,,,,509.0,509.0,,,0.0,,,0.0
2025-10-27 09:00:00,,,,,,,509.0,509.0,,,0.0,,,0.0
2025-10-27 10:00:00,,,,,,,509.0,509.0,,,0.0,,,0.0
2025-10-27 11:00:00,,,,,,,509.0,509.0,,,0.0,,,0.0
2025-10-27 12:00:00,,,,,,,509.0,509.0,,,0.0,,,0.0
2025-10-27 13:00:00,,,,,,,509.0,509.0,,,0.0,,,0.0
2025-10-27 14:00:00,,,,,,,509.0,509.0,0.0568,0.018199999,2.0,1.0756999,0.010999978,2.0
2025-10-27 15:00:00,,,,,,,509.0,509.0,,,0.0,,,0.0
2025-10-27 16:00:00,,,,,,,509.0,509.0,,,0.0,,,0.0
2025-10-27 17:00:00,,,,,,,1533.0,1533.0,,,0.0,,,0.0
2025-10-27 18:00:00,,,,,,,1533.0,1533.0,,,0.0,,,0.0
2025-10-27 19:00:00,,,,,,,1533.0,1533.0,,,0.0,,,0.0
2025-10-27 20:00:00,,,,,,,1533.0,1533.0,,,0.0,,,0.0
2025-10-27 21:00:00,,,,,,,1533.0,1533.0,,,0.0,,,0.0
2025-10-27 22:00:00,,,,,,,1533.0,1533.0,,,0.0,,,0.0
2025-10-27 23:00:00,,,,,,,1533.0,1533.0,,,0.0,,,0.0
2025-10-28 00:00:00,,,,,,,1533.0,1533.0,,,0.0,,,0.0
2025-10-28 01:00:00,,,,,,,1533.0,1533.0,,,0.0,,,0.0
2025-10-28 02:00:00,,,,,,,1533.0,1533.0,,,0.0,,,0.0
2025-10-28 03:00:00,,,,,,,1533.0,1533.0,,,0.0,,,0.0
2025-10-28 04:00:00,,,,,,,1533.0,1533.0,,,0.0,,,0.0
2025-10-28 05:00:00,,,,,,,1533.0,1533.0,,,0.0,,,0.0
2025-10-28 06:00:00,,,,,,,1529.0,1529.0,,,0.0,,,0.0
2025-10-28 07:00:00,,,,,,,1533.0,1533.0,,,0.0,,,0.0
2025-10-28 08:00:00,,,,,,,509.0,509.0,,,0.0,,,0.0
2025-10-28 09:00:00,,,,,,,509.0,509.0,,,0.0,,,0.0
2025-10-28 10:00:00,,,,,,,509.0,509.0,,,0.0,,,0.0
2025-10-28 11:00:00,,,,,,,509.0,509.0,,,0.0,,,0.0
2025-10-28 12:00:00,,,,,,,509.0,509.0,,,0.0,,,0.0
2025-10-28 13:00:00,,,,,,,509.0,509.0,,,0.0,,,0.0
2025-10-28 14:00:00,,,,,,,509.0,509.0,,,0.0,,,0.0
2025-10-28 15:00:00,,,,,,,509.0,509.0,,,0.0,,,0.0
2025-10-28 16:00:00,,,,,,,1533.0,1533.0,,,0.0,,,0.0
2025-10-28 17:00:00,,,,,,,1533.0,1533.0,,,0.0,,,0.0
2025-10-28 18:00:00,,,,,,,1533.0,1533.0,,,0.0,,,0.0
2025-10-28 19:00:00,,,,,,,1533.0,1533.0,,,0.0,,,0.0
2025-10-28 20:00:00,,,,,,,1529.0,1529.0,,,0.0,,,0.0
2025-10-28 21:00:00,,,,,,,1533.0,1533.0,,,0.0,,,0.0
2025-10-28 22:00:00,,,,,,,1529.0,1529.0,,,0.0,,,0.0
2025-10-28 23:00:00,,,,,,,1533.0,1533.0,,,0.0,,,0.0
2025-10-29 00:00:00,,,,,,,1529.0,1529.0,,,0.0,,,0.0
2025-10-29 01:00:00,,,,,,,1533.0,1533.0,,,0.0,,,0.0
2025-10-29 02:00:00,,,,,,,1533.0,1533.0,,,0.0,,,0.0
2025-10-29 03:00:00,,,,,,,1533.0,1533.0,,,0.0,,,0.0
2025-10-29 04:00:00,,,,,,,1533.0,1533.0,,,0.0,,,0.0
2025-10-29 05:00:00,,,,,,,1533.0,1533.0,,,0.0,,,0.0
2025-10-29 06:00:00,,,,,,,1533.0,1533.0,,,0.0,,,0.0
2025-10-29 07:00:00,,,,,,,1533.0,1533.0,,,0.0,,,0.0
2025-10-29 08:00:00,,,,,,,509.0,509.0,,,0.0,,,0.0
2025-10-29 09:00:00,,,,,,,509.0,509.0,,,0.0,,,0.0
2025-10-29 10:00:00,,,,,,,509.0,509.0,,,0.0,,,0.0
2025-10-29 11:00:00,,,,,,,509.0,509.0,,,0.0,,,0.0
2025-10-29 12:00:00,,,,,,,509.0,509.0,,,0.0,,,0.0
2025-10-29 13:00:00,,,,,,,509.0,509.0,,,0.0,,,0.0
2025-10-29 14:00:00,,,,,,,509.0,509.0,,,0.0,,,0.0
2025-10-29 15:00:00,,,,,,,509.0,509.0,,,0.0,,,0.0
2025-10-29 16:00:00,,,,,,,1533.0,1533.0,,,0.0,,,0.0
2025-10-29 17:00:00,,,,,,,1533.0,1533.0,,,0.0,,,0.0
2025-10-29 18:00:00,,,,,,,1533.0,1533.0,,,0.0,,,0.0
2025-10-29 19:00:00,,,,,,,1533.0,1533.0,,,0.0,,,0.0
2025-10-29 20:00:00,,,,,,,1533.0,1533.0,,,0.0,,,0.0
2025-10-29 21:00:00,,,,,,,1533.0,1533.0,,,0.0,,,0.0
2025-10-29 22:00:00,,,,,,,1533.0,1533.0,,,0.0,,,0.0
2025-10-29 23:00:00,,,,,,,1533.0,1533.0,,,0.0,,,0.0
2025-10-30 00:00:00,,,,,,,1533.0,1533.0,,,0.0,,,0.0
2025-10-30 01:00:00,,,,,,,1533.0,1533.0,,,0.0,,,0.0
2025-10-30 02:00:00,,,,,,,1533.0,1533.0,,,0.0,,,0.0
2025-10-30 03:00:00,,,,,,,1533.0,1533.0,,,0.0,,,0.0
2025-10-30 04:00:00,,,,,,,1533.0,1533.0,,,0.0,,,0.0
2025-10-30 05:00:00,,,,,,,1533.0,1533.0,,,0.0,,,0.0
2025-10-30 06:00:00,,,,,,,1533.0,1533.0,,,0.0,,,0.0
2025-10-30 07:00:00,,,,,,,1533.0,1533.0,,,0.0,,,0.0
2025-10-30 08:00:00,,,,,,,509.0,509.0,,,0.0,,,0.0
2025-10-30 09:00:00,,,,,,,509.0,509.0,,,0.0,,,0.0
2025-10-30 10:00:00,,,,,,,509.0,509.0,,,0.0,,,0.0
2025-10-30 11:00:00,,,,,,,509.0,509.0,,,0.0,,,0.0
2025-10-30 12:00:00,,,,,,,509.0,509.0,,,0.0,,,0.0
2025-10-30 13:00:00,,,,,,,509.0,509.0,,,0.0,,,0.0
2025-10-30 14:00:00,,,,,,,509.0,509.0,,,0.0,,,0.0
2025-10-30 15:00:00,,,,,,,509.0,509.0,,,0.0,,,0.0
2025-10-30 16:00:00,,,,,,,1533.0,1533.0,,,0.0,,,0.0
2025-10-30 17:00:00,,,,,,,1533.0,1533.0,,,0.0,,,0.0
2025-10-30 18:00:00,,,,,,,1529.0,1529.0,,,0.0,,,0.0
2025-10-30 19:00:00,,,,,,,1533.0,1533.0,,,0.0,,,0.0
2025-10-30 20:00:00,,,,,,,1529.0,1529.0,,,0.0,,,0.0
2025-10-30 21:00:00,,,,,,,1529.0,1529.0,,,0.0,,,0.0
2025-10-30 22:00:00,,,,,,,1533.0,1533.0,,,0.0,,,0.0
2025-10-30 23:00:00,,,,,,,1533.0,1533.0,,,0.0,,,0.0
2025-10-31 00:00:00,,,,,,,1533.0,1533.0,,,0.0,,,0.0
2025-10-31 01:00:00,,,,,,,1533.0,1533.0,,,0.0,,,0.0
2025-10-31 02:00:00,,,,,,,1533.0,1533.0,,,0.0,,,0.0
2025-10-31 03:00:00,,,,,,,1533.0,1533.0,,,0.0,,,0.0
2025-10-31 04:00:00,,,,,,,1529.0,1529.0,,,0.0,,,0.0
2025-10-31 05:00:00,,,,,,,1533.0,1533.0,,,0.0,,,0.0
2025-10-31 06:00:00,,,,,,,1533.0,1533.0,,,0.0,,,0.0
2025-10-31 07:00:00,,,,,,,1533.0,1533.0,,,0.0,,,0.0
2025-10-31 08:00:00,,,,,,,509.0,509.0,,,0.0,,,0.0
2025-10-31 09:00:00,,,,,,,505.0,504.0,0.4052,0.0,1.0,0.9678,0.0,1.0
2025-10-31 10:00:00,,,,,,,509.0,509.0,,,0.0,,,0.0
2025-10-31 11:00:00,,,,,,,509.0,509.0,,,0.0,,,0.0
2025-10-31 12:00:00,,,,,,,509.0,509.0,,,0.0,,,0.0
2025-10-31 13:00:00,,,,,,,509.0,509.0,,,0.0,,,0.0
2025-10-31 14:00:00,,,,,,,509.0,509.0,,,0.0,,,0.0
2025-10-31 15:00:00,,,,,,,509.0,509.0,,,0.0,,,0.0
2025-10-31 16:00:00,,,,,,,1533.0,1533.0,,,0.0,,,0.0
2025-10-31 17:00:00,,,,,,,1529.0,1529.0,,,0.0,,,0.0
2025-10-31 18:00:00,,,,,,,1529.0,1529.0,,,0.0,,,0.0
2025-10-31 19:00:00,,,,,,,1533.0,1533.0,,,0.0,,,0.0
2025-10-31 20:00:00,,,,,,,1533.0,1533.0,,,0.0,,,0.0
2025-10-31 21:00:00,,,,,,,1533.0,1533.0,,,0.0,,,0.0
2025-10-31 22:00:00,,,,,,,1533.0,1533.0,,,0.0,,,0.0
2025-10-31 23:00:00,,,,,,,1533.0,1533.0,,,0.0,,,0.0
2025-11-01 00:00:00,,,,,,,1533.0,1533.0,,,0.0,,,0.0
2025-11-01 01:00:00,,,,,,,1273.0,1273.0,,,0.0,,,0.0
2025-11-01 02:00:00,,,,,,,1533.0,1533.0,,,0.0,,,0.0
2025-11-01 03:00:00,,,,,,,1529.0,1529.0,,,0.0,,,0.0
2025-11-01 04:00:00,,,,,,,1533.0,1533.0,,,0.0,,,0.0
2025-11-01 05:00:00,,,,,,,1533.0,1533.0,,,0.0,,,0.0
2025-11-01 06:00:00,,,,,,,1533.0,1533.0,,,0.0,,,0.0
2025-11-01 07:00:00,,,,,,,1533.0,1533.0,,,0.0,,,0.0
2025-11-01 08:00:00,,,,,,,509.0,509.0,,,0.0,,,0.0
2025-11-01 09:00:00,,,,,,,509.0,509.0,,,0.0,,,0.0
2025-11-01 10:00:00,,,,,,,509.0,509.0,,,0.0,,,0.0
2025-11-01 11:00:00,,,,,,,509.0,509.0,,,0.0,,,0.0
2025-11-01 12:00:00,,,,,,,509.0,509.0,,,0.0,,,0.0
2025-11-01 13:00:00,,,,,,,509.0,509.0,,,0.0,,,0.0
2025-11-01 14:00:00,,,,,,,509.0,509.0,,,0.0,,,0.0
2025-11-01 15:00:00,,,,,,,509.0,509.0,,,0.0,,,0.0
2025-11-01 16:00:00,,,,,,,1533.0,1533.0,,,0.0,,,0.0
2025-11-01 17:00:00,,,,,,,1533.0,1533.0,,,0.0,,,0.0
2025-11-01 18:00:00,,,,,,,1529.0,1529.0,,,0.0,,,0.0
2025-11-01 19:00:00,,,,,,,1529.0,1529.0,,,0.0,,,0.0
2025-11-01 20:00:00,,,,,,,1533.0,1533.0,,,0.0,,,0.0
2025-11-01 21:00:00,,,,,,,1533.0,1533.0,,,0.0,,,0.0
2025-11-01 22:00:00,,,,,,,1533.0,1533.0,,,0.0,,,0.0
2025-11-01 23:00:00,,,,,,,1533.0,1533.0,,,0.0,,,0.0
2025-11-02 00:00:00,,,,,,,1529.0,1529.0,,,0.0,,,0.0
2025-11-02 01:00:00,,,,,,,1529.0,1529.0,,,0.0,,,0.0
2025-11-02 02:00:00,,,,,,,1533.0,1533.0,,,0.0,,,0.0
2025-11-02 03:00:00,,,,,,,1529.0,1529.0,,,0.0,,,0.0
2025-11-02 04:00:00,,,,,,,1529.0,1529.0,,,0.0,,,0.0
2025-11-02 05:00:00,,,,,,,1529.0,1529.0,,,0.0,,,0.0
2025-11-02 06:00:00,,,,,,,1273.0,1273.0,,,0.0,,,0.0
2025-11-02 07:00:00,,,,,,,1533.0,1533.0,,,0.0,,,0.0
2025-11-02 08:00:00,,,,,,,509.0,509.0,,,0.0,,,0.0
2025-11-02 09:00:00,,,,,,,509.0,509.0,1.033,0.0078,2.0,0.66059995,0.07620001,2.0
2025-11-02 10:00:00,,,,,,,509.0,509.0,,,0.0,,,0.0
2025-11-02 11:00:00,,,,,,,509.0,509.0,,,0.0,,,0.0
2025-11-02 12:00:00,,,,,,,509.0,509.0,0.2228,0.0,1.0,0.9089,0.0,1.0
2025-11-02 13:00:00,,,,,,,509.0,509.0,,,0.0,,,0.0
2025-11-02 14:00:00,,,,,,,509.0,509.0,,,0.0,,,0.0
2025-11-02 15:00:00,,,,,,,509.0,509.0,,,0.0,,,0.0
2025-11-02 16:00:00,,,,,,,1533.0,1533.0,,,0.0,,,0.0
2025-11-02 17:00:00,,,,,,,1533.0,1533.0,,,0.0,,,0.0
2025-11-02 18:00:00,,,,,,,1533.0,1533.0,,,0.0,,,0.0
2025-11-02 19:00:00,,,,,,,1533.0,1533.0,,,0.0,,,0.0
2025-11-02 20:00:00,,,,,,,1533.0,1533.0,,,0.0,,,0.0
2025-11-02 21:00:00,,,,,,,1533.0,1533.0,,,0.0,,,0.0
2025-11-02 22:00:00,,,,,,,1533.0,1533.0,,,0.0,,,0.0
2025-11-02 23:00:00,,,,,,,1533.0,1533.0,,,0.0,,,0.0
2025-11-03 00:00:00,,,,,,,1533.0,1533.0,,,0.0,,,0.0
2025-11-03 01:00:00,,,,,,,1529.0,1529.0,,,0.0,,,0.0
2025-11-03 02:00:00,,,,,,,1533.0,1533.0,,,0.0,,,0.0
2025-11-03 03:00:00,,,,,,,1533.0,1533.0,,,0.0,,,0.0
2025-11-03 04:00:00,,,,,,,1529.0,1529.0,,,0.0,,,0.0
2025-11-03 05:00:00,,,,,,,1533.0,1533.0,,,0.0,,,0.0
2025-11-03 06:00:00,,,,,,,1533.0,1533.0,,,0.0,,,0.0
2025-11-03 07:00:00,,,,,,,1533.0,1533.0,,,0.0,,,0.0
2025-11-03 08:00:00,,,,,,,509.0,509.0,,,0.0,,,0.0
2025-11-03 09:00:00,,,,,,,509.0,509.0,,,0.0,,,0.0
2025-11-03 10:00:00,,,,,,,509.0,509.0,,,0.0,,,0.0
2025-11-03 11:00:00,,,,,,,509.0,509.0,,,0.0,,,0.0
2025-11-03 12:00:00,,,,,,,505.0,505.0,,,0.0,,,0.0
2025-11-03 13:00:00,,,,,,,509.0,509.0,,,0.0,,,0.0
2025-11-03 14:00:00,,,,,,,509.0,509.0,,,0.0,,,0.0
2025-11-03 15:00:00,,,,,,,509.0,509.0,,,0.0,,,0.0
2025-11-03 16:00:00,,,,,,,1533.0,1533.0,,,0.0,,,0.0
2025-11-03 17:00:00,,,,,,,1533.0,1533.0,,,0.0,,,0.0
2025-11-03 18:00:00,,,,,,,1533.0,1533.0,,,0.0,,,0.0
2025-11-03 19:00:00,,,,,,,1533.0,1533.0,,,0.0,,,0.0
2025-11-03 20:00:00,,,,,,,1529.0,1529.0,,,0.0,,,0.0
2025-11-03 21:00:00,,,,,,,1533.0,1533.0,,,0.0,,,0.0
2025-11-03 22:00:00,,,,,,,1533.0,1533.0,,,0.0,,,0.0
2025-11-03 23:00:00,,,,,,,1533.0,1533.0,,,0.0,,,0.0
2025-11-04 00:00:00,,,,,,,1529.0,1529.0,,,0.0,,,0.0
2025-11-04 01:00:00,,,,,,,1529.0,1529.0,,,0.0,,,0.0
2025-11-04 02:00:00,,,,,,,1529.0,1529.0,,,0.0,,,0.0
2025-11-04 03:00:00,,,,,,,1533.0,1533.0,,,0.0,,,0.0
2025-11-04 04:00:00,,,,,,,1533.0,1533.0,,,0.0,,,0.0
2025-11-04 05:00:00,,,,,,,1533.0,1533.0,,,0.0,,,0.0
2025-11-04 06:00:00,,,,,,,1273.0,1273.0,,,0.0,,,0.0
2025-11-04 07:00:00,,,,,,,1533.0,1533.0,,,0.0,,,0.0
2025-11-04 08:00:00,,,,,,,505.0,504.0,0.7726,0.0,1.0,0.4145,0.0,1.0
2025-11-04 09:00:00,,,,,,,509.0,509.0,0.91679996,0.109,2.0,0.2618,0.040199995,2.0
2025-11-04 10:00:00,,,,,,,509.0,509.0,,,0.0,,,0.0
2025-11-04 11:00:00,,,,,,,509.0,509.0,,,0.0,,,0.0
2025-11-04 12:00:00,,,,,,,505.0,505.0,0.601,0.0,1.0,1.0135,0.0,1.0
2025-11-04 13:00:00,,,,,,,509.0,509.0,0.02,0.0,1.0,0.8785,0.0,1.0
2025-11-04 14:00:00,,,,,,,509.0,509.0,1.0172,0.0924,5.0,0.72299993,0.037699997,5.0
2025-11-04 15:00:00,,,,,,,509.0,509.0,,,0.0,,,0.0
2025-11-04 16:00:00,,,,,,,1533.0,1533.0,,,0.0,,,0.0
2025-11-04 17:00:00,,,,,,,1533.0,1533.0,,,0.0,,,0.0
2025-11-04 18:00:00,,,,,,,1533.0,1533.0,,,0.0,,,0.0
2025-11-04 19:00:00,,,,,,,1533.0,1533.0,,,0.0,,,0.0
2025-11-04 20:00:00,,,,,,,1529.0,1529.0,,,0.0,,,0.0
2025-11-04 21:00:00,,,,,,,1533.0,1533.0,,,0.0,,,0.0
2025-11-04 22:00:00,,,,,,,1533.0,1533.0,,,0.0,,,0.0
2025-11-04 23:00:00,,,,,,,1533.0,1533.0,,,0.0,,,0.0
2025-11-05 00:00:00,,,,,,,1533.0,1533.0,,,0.0,,,0.0
2025-11-05 01:00:00,,,,,,,1533.0,1533.0,,,0.0,,,0.0
2025-11-05 02:00:00,,,,,,,1533.0,1533.0,,,0.0,,,0.0
2025-11-05 03:00:00,,,,,,,1533.0,1533.0,,,0.0,,,0.0
2025-11-05 04:00:00,,,,,,,1533.0,1533.0,,,0.0,,,0.0
2025-11-05 05:00:00,,,,,,,1533.0,1533.0,,,0.0,,,0.0
2025-11-05 06:00:00,,,,,,,1533.0,1533.0,,,0.0,,,0.0
2025-11-05 07:00:00,,,,,,,1533.0,1533.0,,,0.0,,,0.0
2025-11-05 08:00:00,,,,,,,509.0,509.0,,,0.0,,,0.0
2025-11-05 09:00:00,,,,,,,509.0,509.0,,,0.0,,,0.0
2025-11-05 10:00:00,,,,,,,509.0,509.0,,,0.0,,,0.0
2025-11-05 11:00:00,,,,,,,509.0,509.0,,,0.0,,,0.0
2025-11-05 12:00:00,,,,,,,509.0,509.0,,,0.0,,,0.0
2025-11-05 13:00:00,,,,,,,509.0,509.0,,,0.0,,,0.0
2025-11-05 14:00:00,,,,,,,509.0,509.0,,,0.0,,,0.0
2025-11-05 15:00:00,,,,,,,509.0,509.0,,,0.0,,,0.0
2025-11-05 16:00:00,,,,,,,1533.0,1533.0,,,0.0,,,0.0
2025-11-05 17:00:00,,,,,,,1533.0,1533.0,,,0.0,,,0.0
2025-11-05 18:00:00,,,,,,,1533.0,1533.0,,,0.0,,,0.0
2025-11-05 19:00:00,,,,,,,1529.0,1529.0,,,0.0,,,0.0
2025-11-05 20:00:00,,,,,,,1533.0,1533.0,,,0.0,,,0.0
2025-11-05 21:00:00,,,,,,,1533.0,1533.0,,,0.0,,,0.0
2025-11-05 22:00:00,,,,,,,1533.0,1533.0,,,0.0,,,0.0
2025-11-05 23:00:00,,,,,,,1533.0,1533.0,,,0.0,,,0.0
2025-11-06 00:00:00,,,,,,,1533.0,1533.0,,,0.0,,,0.0
2025-11-06 01:00:00,,,,,,,1533.0,1533.0,,,0.0,,,0.0
2025-11-06 02:00:00,,,,,,,1533.0,1533.0,,,0.0,,,0.0
2025-11-06 03:00:00,,,,,,,1533.0,1533.0,,,0.0,,,0.0
2025-11-06 04:00:00,,,,,,,1533.0,1533.0,,,0.0,,,0.0
2025-11-06 05:00:00,,,,,,,1533.0,1533.0,,,0.0,,,0.0
2025-11-06 06:00:00,,,,,,,1533.0,1533.0,,,0.0,,,0.0
2025-11-06 07:00:00,,,,,,,1533.0,1533.0,,,0.0,,,0.0
2025-11-06 08:00:00,,,,,,,509.0,509.0,,,0.0,,,0.0
2025-11-06 09:00:00,,,,,,,509.0,509.0,,,0.0,,,0.0
2025-11-06 10:00:00,,,,,,,509.0,509.0,,,0.0,,,0.0
2025-11-06 11:00:00,,,,,,,509.0,509.0,,,0.0,,,0.0
2025-11-06 12:00:00,,,,,,,509.0,509.0,,,0.0,,,0.0
2025-11-06 13:00:00,,,,,,,509.0,509.0,,,0.0,,,0.0
2025-11-06 14:00:00,,,,,,,509.0,509.0,,,0.0,,,0.0
2025-11-06 15:00:00,,,,,,,509.0,509.0,,,0.0,,,0.0
2025-11-06 16:00:00,,,,,,,1533.0,1533.0,,,0.0,,,0.0
2025-11-06 17:00:00,,,,,,,1533.0,1533.0,,,0.0,,,0.0
2025-11-06 18:00:00,,,,,,,1533.0,1533.0,,,0.0,,,0.0
2025-11-06 19:00:00,,,,,,,1533.0,1533.0,,,0.0,,,0.0
2025-11-06 20:00:00,,,,,,,1533.0,1533.0,,,0.0,,,0.0
2025-11-06 21:00:00,,,,,,,1533.0,1533.0,,,0.0,,,0.0
2025-11-06 22:00:00,,,,,,,1533.0,1533.0,,,0.0,,,0.0
2025-11-06 23:00:00,,,,,,,1533.0,1533.0,,,0.0,,,0.0
2025-11-07 00:00:00,,,,,,,1533.0,1533.0,,,0.0,,,0.0
2025-11-07 01:00:00,,,,,,,1533.0,1533.0,,,0.0,,,0.0
2025-11-07 02:00:00,,,,,,,1533.0,1533.0,,,0.0,,,0.0
2025-11-07 03:00:00,,,,,,,1529.0,1529.0,,,0.0,,,0.0
2025-11-07 04:00:00,,,,,,,1529.0,1529.0,,,0.0,,,0.0
2025-11-07 05:00:00,,,,,,,1533.0,1533.0,,,0.0,,,0.0
2025-11-07 06:00:00,,,,,,,1533.0,1533.0,,,0.0,,,0.0
2025-11-07 07:00:00,,,,,,,1533.0,1533.0,,,0.0,,,0.0
2025-11-07 08:00:00,,,,,,,509.0,509.0,0.649,0.0,1.0,0.8548,0.0,1.0
2025-11-07 09:00:00,,,,,,,509.0,509.0,0.24759999,0.035,3.0,0.9570999,0.031199992,3.0
2025-11-07 10:00:00,,,,,,,509.0,509.0,,,0.0,,,0.0
2025-11-07 11:00:00,,,,,,,509.0,509.0,,,0.0,,,0.0
2025-11-07 12:00:00,,,,,,,509.0,509.0,,,0.0,,,0.0
2025-11-07 13:00:00,,,,,,,509.0,509.0,,,0.0,,,0.0
2025-11-07 14:00:00,,,,,,,509.0,509.0,,,0.0,,,0.0
2025-11-07 15:00:00,,,,,,,509.0,509.0,,,0.0,,,0.0
2025-11-07 16:00:00,,,,,,,1533.0,1533.0,,,0.0,,,0.0
2025-11-07 17:00:00,,,,,,,1533.0,1533.0,,,0.0,,,0.0
2025-11-07 18:00:00,,,,,,,1533.0,1533.0,,,0.0,,,0.0
2025-11-07 19:00:00,,,,,,,1529.0,1529.0,,,0.0,,,0.0
2025-11-07 20:00:00,,,,,,,1533.0,1533.0,,,0.0,,,0.0
2025-11-07 21:00:00,,,,,,,1533.0,1533.0,,,0.0,,,0.0
2025-11-07 22:00:00,,,,,,,1533.0,1533.0,,,0.0,,,0.0
2025-11-07 23:00:00,,,,,,,1533.0,1533.0,,,0.0,,,0.0
2025-11-08 00:00:00,,,,,,,1533.0,1533.0,,,0.0,,,0.0
2025-11-08 01:00:00,,,,,,,1533.0,1533.0,,,0.0,,,0.0
2025-11-08 02:00:00,,,,,,,1533.0,1533.0,,,0.0,,,0.0
2025-11-08 03:00:00,,,,,,,1533.0,1533.0,,,0.0,,,0.0
2025-11-08 04:00:00,,,,,,,1529.0,1529.0,,,0.0,,,0.0
2025-11-08 05:00:00,,,,,,,1533.0,1533.0,,,0.0,,,0.0
2025-11-08 06:00:00,,,,,,,1529.0,1529.0,,,0.0,,,0.0
2025-11-08 07:00:00,,,,,,,1533.0,1533.0,,,0.0,,,0.0
2025-11-08 08:00:00,,,,,,,509.0,509.0,0.275,0.0,1.0,0.9023,0.0,1.0
2025-11-08 09:00:00,,,,,,,509.0,509.0,0.3908,0.2042,2.0,0.73029995,0.085099995,2.0
2025-11-08 10:00:00,,,,,,,509.0,509.0,,,0.0,,,0.0
2025-11-08 11:00:00,,,,,,,509.0,509.0,,,0.0,,,0.0
2025-11-08 12:00:00,,,,,,,509.0,509.0,,,0.0,,,0.0
2025-11-08 13:00:00,,,,,,,509.0,509.0,,,0.0,,,0.0
2025-11-08 14:00:00,,,,,,,509.0,509.0,,,0.0,,,0.0
2025-11-08 15:00:00,,,,,,,505.0,505.0,,,0.0,,,0.0
2025-11-08 16:00:00,,,,,,,1533.0,1533.0,,,0.0,,,0.0
2025-11-08 17:00:00,,,,,,,1533.0,1533.0,,,0.0,,,0.0
2025-11-08 18:00:00,,,,,,,1533.0,1533.0,,,0.0,,,0.0
2025-11-08 19:00:00,,,,,,,1529.0,1529.0,,,0.0,,,0.0
2025-11-08 20:00:00,,,,,,,1529.0,1529.0,,,0.0,,,0.0
2025-11-08 21:00:00,,,,,,,1273.0,1273.0,,,0.0,,,0.0
2025-11-08 22:00:00,,,,,,,1273.0,1273.0,,,0.0,,,0.0
2025-11-08 23:00:00,,,,,,,1529.0,1529.0,,,0.0,,,0.0
2025-11-09 00:00:00,,,,,,,1529.0,1529.0,,,0.0,,,0.0
2025-11-09 01:00:00,,,,,,,1533.0,1533.0,,,0.0,,,0.0
2025-11-09 02:00:00,,,,,,,1529.0,1529.0,,,0.0,,,0.0
2025-11-09 03:00:00,,,,,,,1533.0,1533.0,,,0.0,,,0.0
2025-11-09 04:00:00,,,,,,,1273.0,1273.0,,,0.0,,,0.0
2025-11-09 05:00:00,,,,,,,1273.0,1273.0,,,0.0,,,0.0
2025-11-09 06:00:00,,,,,,,1273.0,1273.0,,,0.0,,,0.0
2025-11-09 07:00:00,,,,,,,1533.0,1533.0,,,0.0,,,0.0
2025-11-09 08:00:00,,,,,,,509.0,509.0,,,0.0,,,0.0
2025-11-09 09:00:00,,,,,,,509.0,509.0,,,0.0,,,0.0
2025-11-09 10:00:00,,,,,,,509.0,509.0,,,0.0,,,0.0
2025-11-09 11:00:00,,,,,,,509.0,509.0,,,0.0,,,0.0
2025-11-09 12:00:00,,,,,,,509.0,509.0,,,0.0,,,0.0
2025-11-09 13:00:00,,,,,,,509.0,509.0,0.1718,0.0,1.0,1.0108,0.0,1.0
2025-11-09 14:00:00,,,,,,,509.0,509.0,1.1708,0.0,1.0,0.7616999,0.0,1.0
2025-11-09 15:00:00,,,,,,,509.0,509.0,,,0.0,,,0.0
2025-11-09 16:00:00,,,,,,,1533.0,1533.0,,,0.0,,,0.0
2025-11-09 17:00:00,,,,,,,1533.0,1533.0,,,0.0,,,0.0
2025-11-09 18:00:00,,,,,,,1533.0,1533.0,,,0.0,,,0.0
2025-11-09 19:00:00,,,,,,,1533.0,1533.0,,,0.0,,,0.0
2025-11-09 20:00:00,,,,,,,1533.0,1533.0,,,0.0,,,0.0
2025-11-09 21:00:00,,,,,,,1533.0,1533.0,,,0.0,,,0.0
2025-11-09 22:00:00,,,,,,,1533.0,1533.0,,,0.0,,,0.0
2025-11-09 23:00:00,,,,,,,1533.0,1533.0,,,0.0,,,0.0
2025-11-10 00:00:00,,,,,,,1533.0,1533.0,,,0.0,,,0.0
2025-11-10 01:00:00,,,,,,,1529.0,1529.0,,,0.0,,,0.0
2025-11-10 02:00:00,,,,,,,1273.0,1273.0,,,0.0,,,0.0
2025-11-10 03:00:00,,,,,,,1533.0,1533.0,,,0.0,,,0.0
2025-11-10 04:00:00,,,,,,,1533.0,1533.0,,,0.0,,,0.0
2025-11-10 05:00:00,,,,,,,1533.0,1533.0,,,0.0,,,0.0
2025-11-10 06:00:00,,,,,,,1533.0,1533.0,,,0.0,,,0.0
2025-11-10 07:00:00,,,,,,,1533.0,1533.0,,,0.0,,,0.0
2025-11-10 08:00:00,,,,,,,509.0,509.0,,,0.0,,,0.0
2025-11-10 09:00:00,,,,,,,509.0,509.0,,,0.0,,,0.0
2025-11-10 10:00:00,,,,,,,509.0,509.0,,,0.0,,,0.0
2025-11-10 11:00:00,,,,,,,509.0,509.0,,,0.0,,,0.0
2025-11-10 12:00:00,,,,,,,509.0,509.0,,,0.0,,,0.0
2025-11-10 13:00:00,,,,,,,509.0,509.0,,,0.0,,,0.0
2025-11-10 14:00:00,,,,,,,509.0,509.0,,,0.0,,,0.0
2025-11-10 15:00:00,,,,,,,509.0,509.0,,,0.0,,,0.0
2025-11-10 16:00:00,,,,,,,1533.0,1533.0,,,0.0,,,0.0
2025-11-10 17:00:00,,,,,,,1533.0,1533.0,,,0.0,,,0.0
2025-11-10 18:00:00,,,,,,,1533.0,1533.0,,,0.0,,,0.0
2025-11-10 19:00:00,,,,,,,1533.0,1533.0,,,0.0,,,0.0
2025-11-10 20:00:00,,,,,,,1529.0,1529.0,,,0.0,,,0.0
2025-11-10 21:00:00,,,,,,,1533.0,1533.0,,,0.0,,,0.0
2025-11-10 22:00:00,,,,,,,1533.0,1533.0,,,0.0,,,0.0
2025-11-10 23:00:00,,,,,,,1533.0,1533.0,,,0.0,,,0.0
2025-11-11 00:00:00,,,,,,,1533.0,1533.0,,,0.0,,,0.0
2025-11-11 01:00:00,,,,,,,1533.0,1533.0,,,0.0,,,0.0
2025-11-11 02:00:00,,,,,,,1533.0,1533.0,,,0.0,,,0.0
2025-11-11 03:00:00,,,,,,,1533.0,1533.0,,,0.0,,,0.0
2025-11-11 04:00:00,,,,,,,1533.0,1533.0,,,0.0,,,0.0
2025-11-11 05:00:00,,,,,,,1533.0,1533.0,,,0.0,,,0.0
2025-11-11 06:00:00,,,,,,,1529.0,1529.0,,,0.0,,,0.0
2025-11-11 07:00:00,,,,,,,1533.0,1533.0,,,0.0,,,0.0
2025-11-11 08:00:00,,,,,,,509.0,509.0,,,0.0,,,0.0
2025-11-11 09:00:00,,,,,,,509.0,509.0,,,0.0,,,0.0
2025-11-11 10:00:00,,,,,,,509.0,509.0,,,0.0,,,0.0
2025-11-11 11:00:00,,,,,,,509.0,509.0,,,0.0,,,0.0
2025-11-11 12:00:00,,,,,,,509.0,509.0,,,0.0,,,0.0
2025-11-11 13:00:00,,,,,,,509.0,509.0,,,0.0,,,0.0
2025-11-11 14:00:00,,,,,,,509.0,509.0,,,0.0,,,0.0
2025-11-11 15:00:00,,,,,,,509.0,509.0,,,0.0,,,0.0
2025-11-11 16:00:00,,,,,,,1533.0,1533.0,,,0.0,,,0.0
2025-11-11 17:00:00,,,,,,,1529.0,1529.0,,,0.0,,,0.0
2025-11-11 18:00:00,,,,,,,1533.0,1533.0,,,0.0,,,0.0
2025-11-11 19:00:00,,,,,,,1533.0,1533.0,,,0.0,,,0.0
2025-11-11 20:00:00,,,,,,,1533.0,1533.0,,,0.0,,,0.0
2025-11-11 21:00:00,,,,,,,1533.0,1533.0,,,0.0,,,0.0
2025-11-11 22:00:00,,,,,,,1533.0,1533.0,,,0.0,,,0.0
2025-11-11 23:00:00,,,,,,,1533.0,1533.0,,,0.0,,,0.0
2025-11-12 00:00:00,,,,,,,1533.0,1533.0,,,0.0,,,0.0
2025-11-12 01:00:00,,,,,,,1533.0,1533.0,,,0.0,,,0.0
2025-11-12 02:00:00,,,,,,,1529.0,1529.0,,,0.0,,,0.0
2025-11-12 03:00:00,,,,,,,1529.0,1529.0,,,0.0,,,0.0
2025-11-12 04:00:00,,,,,,,1529.0,1529.0,,,0.0,,,0.0
2025-11-12 05:00:00,,,,,,,1533.0,1533.0,,,0.0,,,0.0
2025-11-12 06:00:00,,,,,,,1533.0,1533.0,,,0.0,,,0.0
2025-11-12 07:00:00,,,,,,,1533.0,1533.0,,,0.0,,,0.0
2025-11-12 08:00:00,,,,,,,509.0,509.0,,,0.0,,,0.0
2025-11-12 09:00:00,,,,,,,509.0,509.0,,,0.0,,,0.0
2025-11-12 10:00:00,,,,,,,509.0,509.0,,,0.0,,,0.0
2025-11-12 11:00:00,,,,,,,509.0,509.0,,,0.0,,,0.0
2025-11-12 12:00:00,,,,,,,509.0,509.0,,,0.0,,,0.0
2025-11-12 13:00:00,,,,,,,509.0,509.0,,,0.0,,,0.0
2025-11-12 14:00:00,,,,,,,509.0,509.0,,,0.0,,,0.0
2025-11-12 15:00:00,,,,,,,509.0,509.0,,,0.0,,,0.0
2025-11-12 16:00:00,,,,,,,1533.0,1533.0,,,0.0,,,0.0
2025-11-12 17:00:00,,,,,,,1533.0,1533.0,,,0.0,,,0.0
2025-11-12 18:00:00,,,,,,,1529.0,1529.0,,,0.0,,,0.0
2025-11-12 19:00:00,,,,,,,1533.0,1533.0,,,0.0,,,0.0
2025-11-12 20:00:00,,,,,,,1529.0,1529.0,,,0.0,,,0.0
2025-11-12 21:00:00,,,,,,,1533.0,1533.0,,,0.0,,,0.0
2025-11-12 22:00:00,,,,,,,1533.0,1533.0,,,0.0,,,0.0
2025-11-12 23:00:00,,,,,,,1529.0,1529.0,,,0.0,,,0.0
2025-11-13 00:00:00,,,,,,,1533.0,1533.0,,,0.0,,,0.0
2025-11-13 01:00:00,,,,,,,1529.0,1529.0,,,0.0,,,0.0
2025-11-13 02:00:00,,,,,,,1529.0,1529.0,,,0.0,,,0.0
2025-11-13 03:00:00,,,,,,,1273.0,1273.0,,,0.0,,,0.0
2025-11-13 04:00:00,,,,,,,1529.0,1529.0,,,0.0,,,0.0
2025-11-13 05:00:00,,,,,,,1529.0,1529.0,,,0.0,,,0.0
2025-11-13 06:00:00,,,,,,,1529.0,1529.0,,,0.0,,,0.0
2025-11-13 07:00:00,,,,,,,1533.0,1533.0,,,0.0,,,0.0
2025-11-13 08:00:00,,,,,,,509.0,509.0,,,0.0,,,0.0
2025-11-13 09:00:00,,,,,,,509.0,509.0,,,0.0,,,0.0
2025-11-13 10:00:00,,,,,,,509.0,509.0,,,0.0,,,0.0
2025-11-13 11:00:00,,,,,,,509.0,509.0,,,0.0,,,0.0
2025-11-13 12:00:00,,,,,,,509.0,509.0,,,0.0,,,0.0
2025-11-13 13:00:00,,,,,,,509.0,509.0,,,0.0,,,0.0
2025-11-13 14:00:00,,,,,,,509.0,509.0,,,0.0,,,0.0
2025-11-13 15:00:00,,,,,,,509.0,509.0,,,0.0,,,0.0
2025-11-13 16:00:00,,,,,,,1533.0,1533.0,,,0.0,,,0.0
2025-11-13 17:00:00,,,,,,,1533.0,1533.0,,,0.0,,,0.0
2025-11-13 18:00:00,,,,,,,1533.0,1533.0,,,0.0,,,0.0
2025-11-13 19:00:00,,,,,,,1533.0,1533.0,,,0.0,,,0.0
2025-11-13 20:00:00,,,,,,,1533.0,1533.0,,,0.0,,,0.0
2025-11-13 21:00:00,,,,,,,1529.0,1529.0,,,0.0,,,0.0
2025-11-13 22:00:00,,,,,,,1529.0,1529.0,,,0.0,,,0.0
2025-11-13 23:00:00,,,,,,,1533.0,1533.0,,,0.0,,,0.0
2025-11-14 00:00:00,,,,,,,1533.0,1533.0,,,0.0,,,0.0
2025-11-14 01:00:00,,,,,,,1533.0,1533.0,,,0.0,,,0.0
2025-11-14 02:00:00,,,,,,,1273.0,1273.0,,,0.0,,,0.0
2025-11-14 03:00:00,,,,,,,1533.0,1533.0,,,0.0,,,0.0
2025-11-14 04:00:00,,,,,,,1529.0,1529.0,,,0.0,,,0.0
2025-11-14 05:00:00,,,,,,,1533.0,1533.0,,,0.0,,,0.0
2025-11-14 06:00:00,,,,,,,1529.0,1529.0,,,0.0,,,0.0
2025-11-14 07:00:00,,,,,,,1533.0,1533.0,,,0.0,,,0.0
2025-11-14 08:00:00,,,,,,,509.0,509.0,,,0.0,,,0.0
2025-11-14 09:00:00,,,,,,,509.0,509.0,,,0.0,,,0.0
2025-11-14 10:00:00,,,,,,,509.0,509.0,,,0.0,,,0.0
2025-11-14 11:00:00,,,,,,,505.0,504.0,0.4434,0.2058,3.0,1.0417,0.020699978,3.0
2025-11-14 12:00:00,,,,,,,2553.0,2552.0,0.2428,0.1328,3.0,1.0548999,0.05009997,3.0
2025-11-14 13:00:00,,,,,,,505.0,504.0,0.662,0.5392,5.0,1.0047,0.17329997,5.0
2025-11-14 14:00:00,,,,,,,509.0,509.0,1.7057999,0.0528,2.0,0.65269995,0.0076000094,2.0
2025-11-14 15:00:00,,,,,,,509.0,509.0,,,0.0,,,0.0
2025-11-14 16:00:00,,,,,,,1533.0,1533.0,,,0.0,,,0.0
2025-11-14 17:00:00,,,,,,,1529.0,1529.0,,,0.0,,,0.0
2025-11-14 18:00:00,,,,,,,1533.0,1533.0,,,0.0,,,0.0
2025-11-14 19:00:00,,,,,,,1533.0,1533.0,,,0.0,,,0.0
2025-11-14 20:00:00,,,,,,,1533.0,1533.0,,,0.0,,,0.0
2025-11-14 21:00:00,,,,,,,1273.0,1273.0,,,0.0,,,0.0
2025-11-14 22:00:00,,,,,,,1529.0,1529.0,,,0.0,,,0.0
2025-11-14 23:00:00,,,,,,,1533.0,1533.0,,,0.0,,,0.0
2025-11-15 00:00:00,,,,,,,1533.0,1533.0,,,0.0,,,0.0
2025-11-15 01:00:00,,,,,,,1273.0,1273.0,,,0.0,,,0.0
2025-11-15 02:00:00,,,,,,,1273.0,1273.0,,,0.0,,,0.0
2025-11-15 03:00:00,,,,,,,1273.0,1273.0,,,0.0,,,0.0
2025-11-15 04:00:00,,,,,,,1273.0,1273.0,,,0.0,,,0.0
2025-11-15 05:00:00,,,,,,,1273.0,1273.0,,,0.0,,,0.0
2025-11-15 06:00:00,,,,,,,1273.0,1273.0,,,0.0,,,0.0
2025-11-15 07:00:00,,,,,,,1273.0,1273.0,,,0.0,,,0.0
2025-11-15 08:00:00,,,,,,,249.0,249.0,1.5367999,0.0444,4.0,0.6381,0.00999999,4.0
2025-11-15 09:00:00,,,,,,,505.0,505.0,0.1704,0.16939999,3.0,0.99239993,0.18549997,3.0
2025-11-15 10:00:00,,,,,,,509.0,509.0,,,0.0,,,0.0
2025-11-15 11:00:00,,,,,,,505.0,505.0,,,0.0,,,0.0
2025-11-15 12:00:00,,,,,,,505.0,505.0,,,0.0,,,0.0
2025-11-15 13:00:00,,,,,,,509.0,509.0,0.5064,0.0,1.0,1.1751,0.0,1.0
2025-11-15 14:00:00,,,,,,,509.0,509.0,1.4474,0.0984,2.0,0.7861999,0.026899993,2.0
2025-11-15 15:00:00,,,,,,,509.0,509.0,,,0.0,,,0.0
2025-11-15 16:00:00,,,,,,,1533.0,1533.0,,,0.0,,,0.0
2025-11-15 17:00:00,,,,,,,1533.0,1533.0,,,0.0,,,0.0
2025-11-15 18:00:00,,,,,,,1533.0,1533.0,,,0.0,,,0.0
2025-11-15 19:00:00,,,,,,,1533.0,1533.0,,,0.0,,,0.0
2025-11-15 20:00:00,,,,,,,1533.0,1533.0,,,0.0,,,0.0
2025-11-15 21:00:00,,,,,,,1533.0,1533.0,,,0.0,,,0.0
2025-11-15 22:00:00,,,,,,,1529.0,1529.0,,,0.0,,,0.0
2025-11-15 23:00:00,,,,,,,1533.0,1533.0,,,0.0,,,0.0
2025-11-16 00:00:00,,,,,,,1533.0,1533.0,,,0.0,,,0.0
2025-11-16 01:00:00,,,,,,,1533.0,1533.0,,,0.0,,,0.0
2025-11-16 02:00:00,,,,,,,1533.0,1533.0,,,0.0,,,0.0
2025-11-16 03:00:00,,,,,,,1533.0,1533.0,,,0.0,,,0.0
2025-11-16 04:00:00,,,,,,,1533.0,1533.0,,,0.0,,,0.0
2025-11-16 05:00:00,,,,,,,1533.0,1533.0,,,0.0,,,0.0
2025-11-16 06:00:00,,,,,,,1533.0,1533.0,,,0.0,,,0.0
2025-11-16 07:00:00,,,,,,,1533.0,1533.0,,,0.0,,,0.0
2025-11-16 08:00:00,,,,,,,509.0,509.0,,,0.0,,,0.0
2025-11-16 09:00:00,,,,,,,509.0,509.0,,,0.0,,,0.0
2025-11-16 10:00:00,,,,,,,509.0,509.0,,,0.0,,,0.0
2025-11-16 11:00:00,,,,,,,509.0,509.0,,,0.0,,,0.0
2025-11-16 12:00:00,,,,,,,509.0,509.0,,,0.0,,,0.0
2025-11-16 13:00:00,,,,,,,509.0,509.0,,,0.0,,,0.0
2025-11-16 14:00:00,,,,,,,509.0,509.0,,,0.0,,,0.0
2025-11-16 15:00:00,,,,,,,509.0,509.0,,,0.0,,,0.0
2025-11-16 16:00:00,,,,,,,1533.0,1533.0,,,0.0,,,0.0
2025-11-16 17:00:00,,,,,,,1533.0,1533.0,,,0.0,,,0.0
2025-11-16 18:00:00,,,,,,,1533.0,1533.0,,,0.0,,,0.0
2025-11-16 19:00:00,,,,,,,1529.0,1529.0,,,0.0,,,0.0
2025-11-16 20:00:00,,,,,,,1533.0,1533.0,,,0.0,,,0.0
2025-11-16 21:00:00,,,,,,,1533.0,1533.0,,,0.0,,,0.0
2025-11-16 22:00:00,,,,,,,1533.0,1533.0,,,0.0,,,0.0
2025-11-16 23:00:00,,,,,,,1529.0,1529.0,,,0.0,,,0.0
2025-11-17 00:00:00,,,,,,,1533.0,1533.0,,,0.0,,,0.0
2025-11-17 01:00:00,,,,,,,1533.0,1533.0,,,0.0,,,0.0
2025-11-17 02:00:00,,,,,,,1533.0,1533.0,,,0.0,,,0.0
2025-11-17 03:00:00,,,,,,,1533.0,1533.0,,,0.0,,,0.0
2025-11-17 04:00:00,,,,,,,1533.0,1533.0,,,0.0,,,0.0
2025-11-17 05:00:00,,,,,,,1533.0,1533.0,,,0.0,,,0.0
2025-11-17 06:00:00,,,,,,,1533.0,1533.0,,,0.0,,,0.0
2025-11-17 07:00:00,,,,,,,1533.0,1533.0,,,0.0,,,0.0
2025-11-17 08:00:00,,,,,,,509.0,509.0,,,0.0,,,0.0
2025-11-17 09:00:00,,,,,,,509.0,509.0,,,0.0,,,0.0
2025-11-17 10:00:00,,,,,,,509.0,509.0,,,0.0,,,0.0
2025-11-17 11:00:00,,,,,,,509.0,509.0,,,0.0,,,0.0
2025-11-17 12:00:00,,,,,,,509.0,509.0,,,0.0,,,0.0
2025-11-17 13:00:00,,,,,,,509.0,509.0,,,0.0,,,0.0
2025-11-17 14:00:00,,,,,,,509.0,509.0,,,0.0,,,0.0
2025-11-17 15:00:00,,,,,,,509.0,509.0,,,0.0,,,0.0
2025-11-17 16:00:00,,,,,,,1533.0,1533.0,,,0.0,,,0.0
2025-11-17 17:00:00,,,,,,,1533.0,1533.0,,,0.0,,,0.0
2025-11-17 18:00:00,,,,,,,1533.0,1533.0,,,0.0,,,0.0
2025-11-17 19:00:00,,,,,,,1533.0,1533.0,,,0.0,,,0.0
2025-11-17 20:00:00,,,,,,,1533.0,1533.0,,,0.0,,,0.0
2025-11-17 21:00:00,,,,,,,1529.0,1529.0,,,0.0,,,0.0
2025-11-17 22:00:00,,,,,,,1529.0,1529.0,,,0.0,,,0.0
2025-11-17 23:00:00,,,,,,,1533.0,1533.0,,,0.0,,,0.0
2025-11-18 00:00:00,,,,,,,1529.0,1529.0,,,0.0,,,0.0
2025-11-18 01:00:00,,,,,,,1533.0,1533.0,,,0.0,,,0.0
2025-11-18 02:00:00,,,,,,,1533.0,1533.0,,,0.0,,,0.0
2025-11-18 03:00:00,,,,,,,1529.0,1529.0,,,0.0,,,0.0
2025-11-18 04:00:00,,,,,,,1533.0,1533.0,,,0.0,,,0.0
2025-11-18 05:00:00,,,,,,,1273.0,1273.0,,,0.0,,,0.0
2025-11-18 06:00:00,,,,,,,1529.0,1529.0,,,0.0,,,0.0
2025-11-18 07:00:00,,,,,,,1533.0,1533.0,,,0.0,,,0.0
2025-11-18 08:00:00,,,,,,,249.0,249.0,0.1416,0.0244,3.0,0.63039994,0.0066999793,3.0
2025-11-18 09:00:00,,,,,,,509.0,509.0,0.26139998,0.14919999,2.0,0.4626,0.0941,2.0
2025-11-18 10:00:00,,,,,,,509.0,509.0,,,0.0,,,0.0
2025-11-18 11:00:00,,,,,,,509.0,509.0,,,0.0,,,0.0
2025-11-18 12:00:00,,,,,,,509.0,509.0,,,0.0,,,0.0
2025-11-18 13:00:00,,,,,,,509.0,509.0,,,0.0,,,0.0
2025-11-18 14:00:00,,,,,,,509.0,509.0,,,0.0,,,0.0
2025-11-18 15:00:00,,,,,,,509.0,509.0,,,0.0,,,0.0
2025-11-18 16:00:00,,,,,,,1533.0,1533.0,,,0.0,,,0.0
2025-11-18 17:00:00,,,,,,,1533.0,1533.0,,,0.0,,,0.0
2025-11-18 18:00:00,,,,,,,1533.0,1533.0,,,0.0,,,0.0
2025-11-18 19:00:00,,,,,,,1533.0,1533.0,,,0.0,,,0.0
2025-11-18 20:00:00,,,,,,,1533.0,1533.0,,,0.0,,,0.0
2025-11-18 21:00:00,,,,,,,1533.0,1533.0,,,0.0,,,0.0
2025-11-18 22:00:00,,,,,,,1529.0,1529.0,,,0.0,,,0.0
2025-11-18 23:00:00,,,,,,,1529.0,1529.0,,,0.0,,,0.0
2025-11-19 00:00:00,,,,,,,1533.0,1533.0,,,0.0,,,0.0
2025-11-19 01:00:00,,,,,,,1533.0,1533.0,,,0.0,,,0.0
2025-11-19 02:00:00,,,,,,,1529.0,1529.0,,,0.0,,,0.0
2025-11-19 03:00:00,,,,,,,1529.0,1529.0,,,0.0,,,0.0
2025-11-19 04:00:00,,,,,,,1273.0,1273.0,,,0.0,,,0.0
2025-11-19 05:00:00,,,,,,,1533.0,1533.0,,,0.0,,,0.0
2025-11-19 06:00:00,,,,,,,1533.0,1533.0,,,0.0,,,0.0
2025-11-19 07:00:00,,,,,,,1533.0,1533.0,,,0.0,,,0.0
2025-11-19 08:00:00,,,,,,,509.0,509.0,,,0.0,,,0.0
2025-11-19 09:00:00,,,,,,,2553.0,2552.0,0.25439999,0.0338,3.0,1.0001,0.06879997,3.0
2025-11-19 10:00:00,,,,,,,249.0,248.0,0.1802,0.037,5.0,1.0641999,0.050599992,5.0
2025-11-19 11:00:00,,,,,,,509.0,509.0,0.2216,0.0796,3.0,0.9821,0.008399963,3.0
2025-11-19 12:00:00,,,,,,,509.0,509.0,,,0.0,,,0.0
2025-11-19 13:00:00,,,,,,,509.0,509.0,,,0.0,,,0.0
2025-11-19 14:00:00,,,,,,,509.0,509.0,,,0.0,,,0.0
2025-11-19 15:00:00,,,,,,,509.0,509.0,,,0.0,,,0.0
2025-11-19 16:00:00,,,,,,,1533.0,1533.0,,,0.0,,,0.0
2025-11-19 17:00:00,,,,,,,1533.0,1533.0,,,0.0,,,0.0
2025-11-19 18:00:00,,,,,,,1533.0,1533.0,,,0.0,,,0.0
2025-11-19 19:00:00,,,,,,,1533.0,1533.0,,,0.0,,,0.0
2025-11-19 20:00:00,,,,,,,1529.0,1529.0,,,0.0,,,0.0
2025-11-19 21:00:00,,,,,,,1529.0,1529.0,,,0.0,,,0.0
2025-11-19 22:00:00,,,,,,,1533.0,1533.0,,,0.0,,,0.0
2025-11-19 23:00:00,,,,,,,1533.0,1533.0,,,0.0,,,0.0
2025-11-20 00:00:00,,,,,,,1533.0,1533.0,,,0.0,,,0.0
2025-11-20 01:00:00,,,,,,,1533.0,1533.0,,,0.0,,,0.0
2025-11-20 02:00:00,,,,,,,1533.0,1533.0,,,0.0,,,0.0
2025-11-20 03:00:00,,,,,,,1533.0,1533.0,,,0.0,,,0.0
2025-11-20 04:00:00,,,,,,,1529.0,1529.0,,,0.0,,,0.0
2025-11-20 05:00:00,,,,,,,1533.0,1533.0,,,0.0,,,0.0
2025-11-20 06:00:00,,,,,,,1529.0,1529.0,,,0.0,,,0.0
2025-11-20 07:00:00,,,,,,,1533.0,1533.0,,,0.0,,,0.0
2025-11-20 08:00:00,,,,,,,509.0,509.0,0.2994,0.258,2.0,0.63629997,0.122399986,2.0
2025-11-20 09:00:00,,,,,,,509.0,509.0,,,0.0,,,0.0
2025-11-20 10:00:00,,,,,,,509.0,509.0,,,0.0,,,0.0
2025-11-20 11:00:00,,,,,,,509.0,509.0,,,0.0,,,0.0
2025-11-20 12:00:00,,,,,,,509.0,509.0,,,0.0,,,0.0
2025-11-20 13:00:00,,,,,,,509.0,509.0,,,0.0,,,0.0
2025-11-20 14:00:00,,,,,,,509.0,509.0,,,0.0,,,0.0
2025-11-20 15:00:00,,,,,,,509.0,509.0,,,0.0,,,0.0
2025-11-20 16:00:00,,,,,,,1533.0,1533.0,,,0.0,,,0.0
2025-11-20 17:00:00,,,,,,,1533.0,1533.0,,,0.0,,,0.0
2025-11-20 18:00:00,,,,,,,1529.0,1529.0,,,0.0,,,0.0
2025-11-20 19:00:00,,,,,,,1533.0,1533.0,,,0.0,,,0.0
2025-11-20 20:00:00,,,,,,,1533.0,1533.0,,,0.0,,,0.0
2025-11-20 21:00:00,,,,,,,1533.0,1533.0,,,0.0,,,0.0
2025-11-20 22:00:00,,,,,,,1533.0,1533.0,,,0.0,,,0.0
2025-11-20 23:00:00,,,,,,,1533.0,1533.0,,,0.0,,,0.0
2025-11-21 00:00:00,,,,,,,1533.0,1533.0,,,0.0,,,0.0
2025-11-21 01:00:00,,,,,,,1533.0,1533.0,,,0.0,,,0.0
2025-11-21 02:00:00,,,,,,,1533.0,1533.0,,,0.0,,,0.0
2025-11-21 03:00:00,,,,,,,1533.0,1533.0,,,0.0,,,0.0
2025-11-21 04:00:00,,,,,,,1533.0,1533.0,,,0.0,,,0.0
2025-11-21 05:00:00,,,,,,,1533.0,1533.0,,,0.0,,,0.0
2025-11-21 06:00:00,,,,,,,1533.0,1533.0,,,0.0,,,0.0
2025-11-21 07:00:00,,,,,,,1533.0,1533.0,,,0.0,,,0.0
2025-11-21 08:00:00,,,,,,,509.0,509.0,,,0.0,,,0.0
2025-11-21 09:00:00,,,,,,,509.0,509.0,,,0.0,,,0.0
2025-11-21 10:00:00,,,,,,,509.0,509.0,,,0.0,,,0.0
2025-11-21 11:00:00,,,,,,,509.0,509.0,,,0.0,,,0.0
2025-11-21 12:00:00,,,,,,,509.0,509.0,,,0.0,,,0.0
2025-11-21 13:00:00,,,,,,,509.0,509.0,,,0.0,,,0.0
2025-11-21 14:00:00,,,,,,,509.0,509.0,,,0.0,,,0.0
2025-11-21 15:00:00,,,,,,,509.0,509.0,,,0.0,,,0.0
2025-11-21 16:00:00,,,,,,,1533.0,1533.0,,,0.0,,,0.0
2025-11-21 17:00:00,,,,,,,1533.0,1533.0,,,0.0,,,0.0
2025-11-21 18:00:00,,,,,,,1533.0,1533.0,,,0.0,,,0.0
2025-11-21 19:00:00,,,,,,,1533.0,1533.0,,,0.0,,,0.0
2025-11-21 20:00:00,,,,,,,1533.0,1533.0,,,0.0,,,0.0
2025-11-21 21:00:00,,,,,,,1529.0,1529.0,,,0.0,,,0.0
2025-11-21 22:00:00,,,,,,,1533.0,1533.0,,,0.0,,,0.0
2025-11-21 23:00:00,,,,,,,1533.0,1533.0,,,0.0,,,0.0
2025-11-22 00:00:00,,,,,,,1533.0,1533.0,,,0.0,,,0.0
2025-11-22 01:00:00,,,,,,,1533.0,1533.0,,,0.0,,,0.0
2025-11-22 02:00:00,,,,,,,1529.0,1529.0,,,0.0,,,0.0
2025-11-22 03:00:00,,,,,,,1533.0,1533.0,,,0.0,,,0.0
2025-11-22 04:00:00,,,,,,,1533.0,1533.0,,,0.0,,,0.0
2025-11-22 05:00:00,,,,,,,1533.0,1533.0,,,0.0,,,0.0
2025-11-22 06:00:00,,,,,,,1533.0,1533.0,,,0.0,,,0.0
2025-11-22 07:00:00,,,,,,,1533.0,1533.0,,,0.0,,,0.0
2025-11-22 08:00:00,,,,,,,509.0,509.0,,,0.0,,,0.0
2025-11-22 09:00:00,,,,,,,509.0,509.0,,,0.0,,,0.0
2025-11-22 10:00:00,,,,,,,509.0,509.0,,,0.0,,,0.0
2025-11-22 11:00:00,,,,,,,509.0,509.0,,,0.0,,,0.0
2025-11-22 12:00:00,,,,,,,509.0,509.0,,,0.0,,,0.0
2025-11-22 13:00:00,,,,,,,509.0,509.0,,,0.0,,,0.0
2025-11-22 14:00:00,,,,,,,509.0,509.0,,,0.0,,,0.0
2025-11-22 15:00:00,,,,,,,509.0,509.0,,,0.0,,,0.0
2025-11-22 16:00:00,,,,,,,1533.0,1533.0,,,0.0,,,0.0
2025-11-22 17:00:00,,,,,,,1533.0,1533.0,,,0.0,,,0.0
2025-11-22 18:00:00,,,,,,,1533.0,1533.0,,,0.0,,,0.0
2025-11-22 19:00:00,,,,,,,1533.0,1533.0,,,0.0,,,0.0
2025-11-22 20:00:00,,,,,,,1533.0,1533.0,,,0.0,,,0.0
2025-11-22 21:00:00,,,,,,,1533.0,1533.0,,,0.0,,,0.0
2025-11-22 22:00:00,,,,,,,1533.0,1533.0,,,0.0,,,0.0
2025-11-22 23:00:00,,,,,,,1533.0,1533.0,,,0.0,,,0.0
2025-11-23 00:00:00,,,,,,,1533.0,1533.0,,,0.0,,,0.0
2025-11-23 01:00:00,,,,,,,1533.0,1533.0,,,0.0,,,0.0
2025-11-23 02:00:00,,,,,,,1533.0,1533.0,,,0.0,,,0.0
2025-11-23 03:00:00,,,,,,,1533.0,1533.0,,,0.0,,,0.0
2025-11-23 04:00:00,,,,,,,1533.0,1533.0,,,0.0,,,0.0
2025-11-23 05:00:00,,,,,,,1533.0,1533.0,,,0.0,,,0.0
2025-11-23 06:00:00,,,,,,,1533.0,1533.0,,,0.0,,,0.0
2025-11-23 07:00:00,,,,,,,1529.0,1529.0,,,0.0,,,0.0
2025-11-23 08:00:00,,,,,,,509.0,509.0,,,0.0,,,0.0
2025-11-23 09:00:00,,,,,,,509.0,509.0,,,0.0,,,0.0
2025-11-23 10:00:00,,,,,,,509.0,509.0,,,0.0,,,0.0
2025-11-23 11:00:00,,,,,,,509.0,509.0,,,0.0,,,0.0
2025-11-23 12:00:00,,,,,,,509.0,509.0,,,0.0,,,0.0
2025-11-23 13:00:00,,,,,,,505.0,505.0,,,0.0,,,0.0
2025-11-23 14:00:00,,,,,,,509.0,509.0,,,0.0,,,0.0
2025-11-23 15:00:00,,,,,,,509.0,509.0,,,0.0,,,0.0
2025-11-23 16:00:00,,,,,,,1533.0,1533.0,,,0.0,,,0.0
2025-11-23 17:00:00,,,,,,,1529.0,1529.0,,,0.0,,,0.0
2025-11-23 18:00:00,,,,,,,1533.0,1533.0,,,0.0,,,0.0
2025-11-23 19:00:00,,,,,,,1533.0,1533.0,,,0.0,,,0.0
2025-11-23 20:00:00,,,,,,,1533.0,1533.0,,,0.0,,,0.0
2025-11-23 21:00:00,,,,,,,1533.0,1533.0,,,0.0,,,0.0
2025-11-23 22:00:00,,,,,,,1533.0,1533.0,,,0.0,,,0.0
2025-11-23 23:00:00,,,,,,,1533.0,1533.0,,,0.0,,,0.0
2025-11-24 00:00:00,,,,,,,1533.0,1533.0,,,0.0,,,0.0
2025-11-24 01:00:00,,,,,,,1533.0,1533.0,,,0.0,,,0.0
2025-11-24 02:00:00,,,,,,,1529.0,1529.0,,,0.0,,,0.0
2025-11-24 03:00:00,,,,,,,1533.0,1533.0,,,0.0,,,0.0
2025-11-24 04:00:00,,,,,,,1533.0,1533.0,,,0.0,,,0.0
2025-11-24 05:00:00,,,,,,,1533.0,1533.0,,,0.0,,,0.0
2025-11-24 06:00:00,,,,,,,1533.0,1533.0,,,0.0,,,0.0
2025-11-24 07:00:00,,,,,,,1533.0,1533.0,,,0.0,,,0.0
2025-11-24 08:00:00,,,,,,,2297.0,2296.0,0.2434,0.065799996,4.0,0.82379997,0.019599974,4.0
2025-11-24 09:00:00,,,,,,,2553.0,2552.0,0.191,0.070599996,6.0,0.88119996,0.038299978,6.0
2025-11-24 10:00:00,,,,,,,509.0,509.0,0.4522,0.0694,2.0,0.9662,0.016299963,2.0
2025-11-24 11:00:00,,,,,,,509.0,509.0,,,0.0,,,0.0
2025-11-24 12:00:00,,,,,,,505.0,504.0,0.5008,0.0,1.0,0.95309997,0.0,1.0
2025-11-24 13:00:00,,,,,,,509.0,509.0,0.4966,0.0,1.0,0.94159997,0.0,1.0
2025-11-24 14:00:00,,,,,,,509.0,509.0,,,0.0,,,0.0
2025-11-24 15:00:00,,,,,,,509.0,509.0,0.7582,0.0,1.0,0.5566,0.0,1.0
2025-11-24 16:00:00,,,,,,,1533.0,1533.0,,,0.0,,,0.0
2025-11-24 17:00:00,,,,,,,1529.0,1529.0,,,0.0,,,0.0
2025-11-24 18:00:00,,,,,,,1533.0,1533.0,,,0.0,,,0.0
2025-11-24 19:00:00,,,,,,,1529.0,1529.0,,,0.0,,,0.0
2025-11-24 20:00:00,,,,,,,1529.0,1529.0,,,0.0,,,0.0
2025-11-24 21:00:00,,,,,,,1533.0,1533.0,,,0.0,,,0.0
2025-11-24 22:00:00,,,,,,,1533.0,1533.0,,,0.0,,,0.0
2025-11-24 23:00:00,,,,,,,1533.0,1533.0,,,0.0,,,0.0
2025-11-25 00:00:00,,,,,,,1533.0,1533.0,,,0.0,,,0.0
2025-11-25 01:00:00,,,,,,,1273.0,1273.0,,,0.0,,,0.0
2025-11-25 02:00:00,,,,,,,1529.0,1529.0,,,0.0,,,0.0
2025-11-25 03:00:00,,,,,,,1273.0,1273.0,,,0.0,,,0.0
2025-11-25 04:00:00,,,,,,,1529.0,1529.0,,,0.0,,,0.0
2025-11-25 05:00:00,,,,,,,1529.0,1529.0,,,0.0,,,0.0
2025-11-25 06:00:00,,,,,,,1529.0,1529.0,,,0.0,,,0.0
2025-11-25 07:00:00,,,,,,,1529.0,1529.0,,,0.0,,,0.0
2025-11-25 08:00:00,,,,,,,509.0,509.0,0.51699996,0.138,2.0,0.7069,0.024399996,2.0
2025-11-25 09:00:00,,,,,,,505.0,505.0,,,0.0,,,0.0
2025-11-25 10:00:00,,,,,,,505.0,504.0,0.3418,0.0,1.0,0.7513,0.0,1.0
2025-11-25 11:00:00,,,,,,,509.0,509.0,0.43899998,0.0,1.0,0.865,0.0,1.0
2025-11-25 12:00:00,,,,,,,509.0,509.0,,,0.0,,,0.0
2025-11-25 13:00:00,,,,,,,505.0,505.0,,,0.0,,,0.0
2025-11-25 14:00:00,,,,,,,509.0,509.0,,,0.0,,,0.0
2025-11-25 15:00:00,,,,,,,509.0,509.0,,,0.0,,,0.0
2025-11-25 16:00:00,,,,,,,1533.0,1533.0,,,0.0,,,0.0
2025-11-25 17:00:00,,,,,,,1529.0,1529.0,,,0.0,,,0.0
2025-11-25 18:00:00,,,,,,,1533.0,1533.0,,,0.0,,,0.0
2025-11-25 19:00:00,,,,,,,1533.0,1533.0,,,0.0,,,0.0
2025-11-25 20:00:00,,,,,,,1529.0,1529.0,,,0.0,,,0.0
2025-11-25 21:00:00,,,,,,,1533.0,1533.0,,,0.0,,,0.0
2025-11-25 22:00:00,,,,,,,1529.0,1529.0,,,0.0,,,0.0
2025-11-25 23:00:00,,,,,,,1529.0,1529.0,,,0.0,,,0.0
2025-11-26 00:00:00,,,,,,,1529.0,1529.0,,,0.0,,,0.0
2025-11-26 01:00:00,,,,,,,1533.0,1533.0,,,0.0,,,0.0
2025-11-26 02:00:00,,,,,,,1533.0,1533.0,,,0.0,,,0.0
2025-11-26 03:00:00,,,,,,,1533.0,1533.0,,,0.0,,,0.0
2025-11-26 04:00:00,,,,,,,1533.0,1533.0,,,0.0,,,0.0
2025-11-26 05:00:00,,,,,,,1529.0,1529.0,,,0.0,,,0.0
2025-11-26 06:00:00,,,,,,,1273.0,1273.0,,,0.0,,,0.0
2025-11-26 07:00:00,,,,,,,1273.0,1273.0,,,0.0,,,0.0
2025-11-26 08:00:00,,,,,,,2297.0,2296.0,0.21679999,0.058399998,4.0,0.99619997,0.0029000044,4.0
2025-11-26 09:00:00,,,,,,,505.0,505.0,0.1182,0.0256,5.0,1.0002999,0.005100012,5.0
2025-11-26 10:00:00,,,,,,,2553.0,2552.0,0.0154,0.006,3.0,1.0264,0.003799975,3.0
2025-11-26 11:00:00,,,,,,,505.0,504.0,0.058199998,0.1024,5.0,1.0257,0.003099978,5.0
2025-11-26 12:00:00,,,,,,,249.0,248.0,0.2562,0.0284,6.0,1.0364,0.004400015,6.0
2025-11-26 13:00:00,,,,,,,2553.0,2552.0,0.2856,0.038399998,3.0,1.0636,0.011500001,3.0
2025-11-26 14:00:00,,,,,,,509.0,509.0,0.34199998,0.0,1.0,1.0558,0.0,1.0
2025-11-26 15:00:00,,,,,,,505.0,505.0,0.66499996,0.062,3.0,0.98379993,0.032899976,3.0
2025-11-26 16:00:00,,,,,,,1533.0,1533.0,,,0.0,,,0.0
2025-11-26 17:00:00,,,,,,,1533.0,1533.0,,,0.0,,,0.0
2025-11-26 18:00:00,,,,,,,1529.0,1529.0,,,0.0,,,0.0
2025-11-26 19:00:00,,,,,,,1529.0,1529.0,,,0.0,,,0.0
2025-11-26 20:00:00,,,,,,,1529.0,1529.0,,,0.0,,,0.0
2025-11-26 21:00:00,,,,,,,1533.0,1533.0,,,0.0,,,0.0
2025-11-26 22:00:00,,,,,,,1533.0,1533.0,,,0.0,,,0.0
2025-11-26 23:00:00,,,,,,,1533.0,1533.0,,,0.0,,,0.0
2025-11-27 00:00:00,,,,,,,1533.0,1533.0,,,0.0,,,0.0
2025-11-27 01:00:00,,,,,,,1533.0,1533.0,,,0.0,,,0.0
2025-11-27 02:00:00,,,,,,,1533.0,1533.0,,,0.0,,,0.0
2025-11-27 03:00:00,,,,,,,1529.0,1529.0,,,0.0,,,0.0
2025-11-27 04:00:00,,,,,,,1533.0,1533.0,,,0.0,,,0.0
2025-11-27 05:00:00,,,,,,,1533.0,1533.0,,,0.0,,,0.0
2025-11-27 06:00:00,,,,,,,1533.0,1533.0,,,0.0,,,0.0
2025-11-27 07:00:00,,,,,,,1533.0,1533.0,,,0.0,,,0.0
2025-11-27 08:00:00,,,,,,,509.0,509.0,,,0.0,,,0.0
2025-11-27 09:00:00,,,,,,,2553.0,2552.0,0.2276,0.0376,6.0,0.87409997,0.010899961,6.0
2025-11-27 10:00:00,,,,,,,509.0,509.0,0.3286,0.0134,3.0,0.88899994,0.0016999841,3.0
2025-11-27 11:00:00,,,,,,,505.0,504.0,0.35639998,0.0164,5.0,0.8799,0.012699962,5.0
2025-11-27 12:00:00,,,,,,,505.0,505.0,0.30159998,0.0284,4.0,0.8585,0.0026000142,4.0
2025-11-27 13:00:00,,,,,,,509.0,509.0,,,0.0,,,0.0
2025-11-27 14:00:00,,,,,,,509.0,509.0,,,0.0,,,0.0
2025-11-27 15:00:00,,,,,,,509.0,509.0,,,0.0,,,0.0
2025-11-27 16:00:00,,,,,,,1533.0,1533.0,,,0.0,,,0.0
2025-11-27 17:00:00,,,,,,,1533.0,1533.0,,,0.0,,,0.0
2025-11-27 18:00:00,,,,,,,1533.0,1533.0,,,0.0,,,0.0
2025-11-27 19:00:00,,,,,,,1533.0,1533.0,,,0.0,,,0.0
2025-11-27 20:00:00,,,,,,,1533.0,1533.0,,,0.0,,,0.0
2025-11-27 21:00:00,,,,,,,1533.0,1533.0,,,0.0,,,0.0
2025-11-27 22:00:00,,,,,,,1533.0,1533.0,,,0.0,,,0.0
2025-11-27 23:00:00,,,,,,,1533.0,1533.0,,,0.0,,,0.0
2025-11-28 00:00:00,,,,,,,1533.0,1533.0,,,0.0,,,0.0
2025-11-28 01:00:00,,,,,,,1533.0,1533.0,,,0.0,,,0.0
2025-11-28 02:00:00,,,,,,,1533.0,1533.0,,,0.0,,,0.0
2025-11-28 03:00:00,,,,,,,1533.0,1533.0,,,0.0,,,0.0
2025-11-28 04:00:00,,,,,,,1533.0,1533.0,,,0.0,,,0.0
2025-11-28 05:00:00,,,,,,,1533.0,1533.0,,,0.0,,,0.0
2025-11-28 06:00:00,,,,,,,1529.0,1529.0,,,0.0,,,0.0
2025-11-28 07:00:00,,,,,,,1533.0,1533.0,,,0.0,,,0.0
2025-11-28 08:00:00,,,,,,,509.0,509.0,,,0.0,,,0.0
2025-11-28 09:00:00,,,,,,,509.0,509.0,,,0.0,,,0.0
2025-11-28 10:00:00,,,,,,,505.0,505.0,,,0.0,,,0.0
2025-11-28 11:00:00,,,,,,,505.0,504.0,0.77459997,0.018199999,2.0,1.0717,0.057500005,2.0
2025-11-28 12:00:00,,,,,,,505.0,505.0,0.84819996,0.011399999,3.0,1.0286,0.0019999743,3.0
2025-11-28 13:00:00,,,,,,,509.0,509.0,,,0.0,,,0.0
2025-11-28 14:00:00,,,,,,,505.0,504.0,1.2946,0.0,1.0,0.7616,0.0,1.0
2025-11-28 15:00:00,,,,,,,509.0,509.0,1.1076,0.0,1.0,0.6697,0.0,1.0
2025-11-28 16:00:00,,,,,,,1533.0,1533.0,,,0.0,,,0.0
2025-11-28 17:00:00,,,,,,,1529.0,1529.0,,,0.0,,,0.0
2025-11-28 18:00:00,,,,,,,1533.0,1533.0,,,0.0,,,0.0
2025-11-28 19:00:00,,,,,,,1533.0,1533.0,,,0.0,,,0.0
2025-11-28 20:00:00,,,,,,,1533.0,1533.0,,,0.0,,,0.0
2025-11-28 21:00:00,,,,,,,1529.0,1529.0,,,0.0,,,0.0
2025-11-28 22:00:00,,,,,,,1533.0,1533.0,,,0.0,,,0.0
2025-11-28 23:00:00,,,,,,,1529.0,1529.0,,,0.0,,,0.0
2025-11-29 00:00:00,,,,,,,1533.0,1533.0,,,0.0,,,0.0
2025-11-29 01:00:00,,,,,,,1533.0,1533.0,,,0.0,,,0.0
2025-11-29 02:00:00,,,,,,,1533.0,1533.0,,,0.0,,,0.0
2025-11-29 03:00:00,,,,,,,1273.0,1273.0,,,0.0,,,0.0
2025-11-29 04:00:00,,,,,,,1273.0,1273.0,,,0.0,,,0.0
2025-11-29 05:00:00,,,,,,,1273.0,1273.0,,,0.0,,,0.0
2025-11-29 06:00:00,,,,,,,1529.0,1529.0,,,0.0,,,0.0
2025-11-29 07:00:00,,,,,,,1533.0,1533.0,,,0.0,,,0.0
2025-11-29 08:00:00,,,,,,,505.0,504.0,1.1586,0.094799995,2.0,0.3972,0.15469998,2.0
2025-11-29 09:00:00,,,,,,,509.0,509.0,0.95659995,0.1762,2.0,0.7973,0.19529998,2.0
2025-11-29 10:00:00,,,,,,,2553.0,2552.0,0.3178,0.0254,3.0,1.1049999,0.011999965,3.0
2025-11-29 11:00:00,,,,,,,249.0,248.0,0.17019999,0.1436,6.0,1.04,0.022300005,6.0
2025-11-29 12:00:00,,,,,,,249.0,249.0,0.0444,0.0374,5.0,1.0340999,0.0036999583,5.0
2025-11-29 13:00:00,,,,,,,2297.0,2296.0,0.1028,0.019199999,3.0,1.0724,0.011099994,3.0
2025-11-29 14:00:00,,,,,,,2553.0,2552.0,0.0174,0.0117999995,3.0,1.0248,0.006799996,3.0
2025-11-29 15:00:00,,,,,,,249.0,249.0,0.049599998,0.0036,2.0,1.0179,0.000100016594,2.0
2025-11-29 16:00:00,,,,,,,1273.0,1273.0,,,0.0,,,0.0
2025-11-29 17:00:00,,,,,,,1273.0,1273.0,,,0.0,,,0.0
2025-11-29 18:00:00,,,,,,,1533.0,1533.0,,,0.0,,,0.0
2025-11-29 19:00:00,,,,,,,1529.0,1529.0,,,0.0,,,0.0
2025-11-29 20:00:00,,,,,,,1533.0,1533.0,,,0.0,,,0.0
2025-11-29 21:00:00,,,,,,,1273.0,1273.0,,,0.0,,,0.0
2025-11-29 22:00:00,,,,,,,1533.0,1533.0,,,0.0,,,0.0
2025-11-29 23:00:00,,,,,,,1273.0,1273.0,,,0.0,,,0.0
2025-11-30 00:00:00,,,,,,,1533.0,1533.0,,,0.0,,,0.0
2025-11-30 01:00:00,,,,,,,1533.0,1533.0,,,0.0,,,0.0
2025-11-30 02:00:00,,,,,,,1529.0,1529.0,,,0.0,,,0.0
2025-11-30 03:00:00,,,,,,,1529.0,1529.0,,,0.0,,,0.0
2025-11-30 04:00:00,,,,,,,1529.0,1529.0,,,0.0,,,0.0
2025-11-30 05:00:00,,,,,,,1273.0,1273.0,,,0.0,,,0.0
2025-11-30 06:00:00,,,,,,,1273.0,1273.0,,,0.0,,,0.0
2025-11-30 07:00:00,,,,,,,1533.0,1533.0,,,0.0,,,0.0
2025-11-30 08:00:00,,,,,,,509.0,509.0,,,0.0,,,0.0
2025-11-30 09:00:00,,,,,,,505.0,504.0,0.48839998,0.2672,4.0,0.48929995,0.19959998,4.0
2025-11-30 10:00:00,,,,,,,2553.0,2552.0,0.0444,0.0,1.0,0.6905999,0.0,1.0
2025-11-30 11:00:00,,,,,,,505.0,504.0,0.031,0.031,2.0,0.6862999,0.0,1.0
2025-11-30 12:00:00,,,,,,,505.0,505.0,0.07,0.0094,3.0,0.65479994,0.013799965,3.0
2025-11-30 13:00:00,,,,,,,505.0,505.0,,,0.0,,,0.0
2025-11-30 14:00:00,,,,,,,505.0,505.0,,,0.0,,,0.0
2025-11-30 15:00:00,,,,,,,505.0,505.0,,,0.0,,,0.0
2025-11-30 16:00:00,,,,,,,1273.0,1273.0,,,0.0,,,0.0
2025-11-30 17:00:00,,,,,,,1273.0,1273.0,,,0.0,,,0.0
2025-11-30 18:00:00,,,,,,,1273.0,1273.0,,,0.0,,,0.0
2025-11-30 19:00:00,,,,,,,1273.0,1273.0,,,0.0,,,0.0
2025-11-30 20:00:00,,,,,,,1273.0,1273.0,,,0.0,,,0.0
2025-11-30 21:00:00,,,,,,,1273.0,1273.0,,,0.0,,,0.0
2025-11-30 22:00:00,,,,,,,1273.0,1273.0,,,0.0,,,0.0
2025-11-30 23:00:00,,,,,,,1273.0,1273.0,,,0.0,,,0.0
2025-12-01 00:00:00,,,,,,,1529.0,1529.0,,,0.0,,,0.0
2025-12-01 01:00:00,,,,,,,1273.0,1273.0,,,0.0,,,0.0
2025-12-01 02:00:00,,,,,,,1273.0,1273.0,,,0.0,,,0.0
2025-12-01 03:00:00,,,,,,,1273.0,1273.0,,,0.0,,,0.0
2025-12-01 04:00:00,,,,,,,1273.0,1273.0,,,0.0,,,0.0
2025-12-01 05:00:00,,,,,,,1273.0,1273.0,,,0.0,,,0.0
2025-12-01 06:00:00,,,,,,,1273.0,1273.0,,,0.0,,,0.0
2025-12-01 07:00:00,,,,,,,1273.0,1273.0,,,0.0,,,0.0
2025-12-01 08:00:00,,,,,,,249.0,249.0,0.4076,0.0628,2.0,0.31049997,0.004099965,2.0
2025-12-01 09:00:00,,,,,,,505.0,505.0,,,0.0,,,0.0
2025-12-01 10:00:00,,,,,,,505.0,505.0,,,0.0,,,0.0
2025-12-01 11:00:00,,,,,,,249.0,249.0,,,0.0,,,0.0
2025-12-01 12:00:00,,,,,,,505.0,505.0,,,0.0,,,0.0
2025-12-01 13:00:00,,,,,,,505.0,505.0,,,0.0,,,0.0
2025-12-01 14:00:00,,,,,,,505.0,505.0,,,0.0,,,0.0
2025-12-01 15:00:00,,,,,,,249.0,249.0,,,0.0,,,0.0
2025-12-01 16:00:00,,,,,,,1273.0,1273.0,,,0.0,,,0.0
2025-12-01 17:00:00,,,,,,,1273.0,1273.0,,,0.0,,,0.0
2025-12-01 18:00:00,,,,,,,1273.0,1273.0,,,0.0,,,0.0
2025-12-01 19:00:00,,,,,,,1529.0,1529.0,,,0.0,,,0.0
2025-12-01 20:00:00,,,,,,,1533.0,1533.0,,,0.0,,,0.0
2025-12-01 21:00:00,,,,,,,1533.0,1533.0,,,0.0,,,0.0
2025-12-01 22:00:00,,,,,,,1533.0,1533.0,,,0.0,,,0.0
2025-12-01 23:00:00,,,,,,,1533.0,1533.0,,,0.0,,,0.0
2025-12-02 00:00:00,,,,,,,1529.0,1529.0,,,0.0,,,0.0
2025-12-02 01:00:00,,,,,,,1273.0,1273.0,,,0.0,,,0.0
2025-12-02 02:00:00,,,,,,,1529.0,1529.0,,,0.0,,,0.0
2025-12-02 03:00:00,,,,,,,1529.0,1529.0,,,0.0,,,0.0
2025-12-02 04:00:00,,,,,,,1533.0,1533.0,,,0.0,,,0.0
2025-12-02 05:00:00,,,,,,,1273.0,1273.0,,,0.0,,,0.0
2025-12-02 06:00:00,,,,,,,1273.0,1273.0,,,0.0,,,0.0
2025-12-02 07:00:00,,,,,,,1533.0,1533.0,,,0.0,,,0.0
2025-12-02 08:00:00,,,,,,,1533.0,1533.0,,,0.0,,,0.0
2025-12-02 09:00:00,,,,,,,509.0,509.0,,,0.0,,,0.0
2025-12-02 10:00:00,,,,,,,509.0,509.0,,,0.0,,,0.0
2025-12-02 11:00:00,,,,,,,509.0,509.0,,,0.0,,,0.0
2025-12-02 12:00:00,,,,,,,509.0,509.0,,,0.0,,,0.0
2025-12-02 13:00:00,,,,,,,509.0,509.0,,,0.0,,,0.0
2025-12-02 14:00:00,,,,,,,509.0,509.0,,,0.0,,,0.0
2025-12-02 15:00:00,,,,,,,509.0,509.0,,,0.0,,,0.0
2025-12-02 16:00:00,,,,,,,249.0,249.0,,,0.0,,,0.0
2025-12-02 17:00:00,,,,,,,1273.0,1273.0,,,0.0,,,0.0
2025-12-02 18:00:00,,,,,,0.0001,1533.0,1341.0,,,0.0,,,0.0
2025-12-02 19:00:00,,,,,,,1273.0,1273.0,,,0.0,,,0.0
2025-12-02 20:00:00,,,,,,,1273.0,1273.0,,,0.0,,,0.0
2025-12-02 21:00:00,,,,,,,1273.0,1273.0,,,0.0,,,0.0
2025-12-02 22:00:00,,,,,,,1529.0,1529.0,,,0.0,,,0.0
2025-12-02 23:00:00,,,,,,,1533.0,1533.0,,,0.0,,,0.0
2025-12-03 00:00:00,,,,,,,1529.0,1529.0,,,0.0,,,0.0
2025-12-03 01:00:00,,,,,,,1533.0,1533.0,,,0.0,,,0.0
2025-12-03 02:00:00,,,,,,,1533.0,1533.0,,,0.0,,,0.0
2025-12-03 03:00:00,,,,,,,1533.0,1533.0,,,0.0,,,0.0
2025-12-03 04:00:00,,,,,,,1533.0,1533.0,,,0.0,,,0.0
2025-12-03 05:00:00,,,,,,,1533.0,1533.0,,,0.0,,,0.0
2025-12-03 06:00:00,,,,,,,1529.0,1529.0,,,0.0,,,0.0
2025-12-03 07:00:00,,,,,,,1533.0,1533.0,,,0.0,,,0.0
2025-12-03 08:00:00,,,,,,,1533.0,1533.0,,,0.0,,,0.0
2025-12-03 09:00:00,,,,,,,505.0,504.0,0.5726,0.0,1.0,0.9563,0.0,1.0
2025-12-03 10:00:00,,,,,,,509.0,509.0,,,0.0,,,0.0
2025-12-03 11:00:00,,,,,,,509.0,509.0,,,0.0,,,0.0
2025-12-03 12:00:00,,,,,,,509.0,509.0,,,0.0,,,0.0
2025-12-03 13:00:00,,,,,,,509.0,509.0,,,0.0,,,0.0
2025-12-03 14:00:00,,,,,,,509.0,509.0,,,0.0,,,0.0
2025-12-03 15:00:00,,,,,,,509.0,509.0,,,0.0,,,0.0
2025-12-03 16:00:00,,,,,,,509.0,509.0,,,0.0,,,0.0
2025-12-03 17:00:00,,,,,,,1533.0,1533.0,,,0.0,,,0.0
2025-12-03 18:00:00,,,,,,,1533.0,1533.0,,,0.0,,,0.0
2025-12-03 19:00:00,,,,,,,1533.0,1533.0,,,0.0,,,0.0
2025-12-03 20:00:00,,,,,,,1533.0,1533.0,,,0.0,,,0.0
2025-12-03 21:00:00,,,,,,,1529.0,1529.0,,,0.0,,,0.0
2025-12-03 22:00:00,,,,,,,1533.0,1533.0,,,0.0,,,0.0
2025-12-03 23:00:00,,,,,,,1533.0,1533.0,,,0.0,,,0.0
2025-12-04 00:00:00,,,,,,,1533.0,1533.0,,,0.0,,,0.0
2025-12-04 01:00:00,,,,,,,1529.0,1529.0,,,0.0,,,0.0
2025-12-04 02:00:00,,,,,,,1529.0,1529.0,,,0.0,,,0.0
2025-12-04 03:00:00,,,,,,,1529.0,1529.0,,,0.0,,,0.0
2025-12-04 04:00:00,,,,,,,1529.0,1529.0,,,0.0,,,0.0
2025-12-04 05:00:00,,,,,,,1533.0,1533.0,,,0.0,,,0.0
2025-12-04 06:00:00,,,,,,,1529.0,1529.0,,,0.0,,,0.0
2025-12-04 07:00:00,,,,,,,1533.0,1533.0,,,0.0,,,0.0
2025-12-04 08:00:00,,,,,,,509.0,509.0,,,0.0,,,0.0
2025-12-04 09:00:00,,,,,,,509.0,509.0,,,0.0,,,0.0
2025-12-04 10:00:00,,,,,,,509.0,509.0,,,0.0,,,0.0
2025-12-04 11:00:00,,,,,,,509.0,509.0,,,0.0,,,0.0
2025-12-04 12:00:00,,,,,,,509.0,509.0,,,0.0,,,0.0
2025-12-04 13:00:00,,,,,,,509.0,509.0,,,0.0,,,0.0
2025-12-04 14:00:00,,,,,,,509.0,509.0,,,0.0,,,0.0
2025-12-04 15:00:00,,,,,,,509.0,509.0,,,0.0,,,0.0
2025-12-04 16:00:00,,,,,,,1533.0,1533.0,,,0.0,,,0.0
2025-12-04 17:00:00,,,,,,,1533.0,1533.0,,,0.0,,,0.0
2025-12-04 18:00:00,,,,,,,1273.0,1273.0,,,0.0,,,0.0
2025-12-04 19:00:00,,,,,,,1273.0,1273.0,,,0.0,,,0.0
2025-12-04 20:00:00,,,,,,,1273.0,1273.0,,,0.0,,,0.0
2025-12-04 21:00:00,,,,,,,1529.0,1529.0,,,0.0,,,0.0
2025-12-04 22:00:00,,,,,,,1273.0,1273.0,,,0.0,,,0.0
2025-12-04 23:00:00,,,,,,,1273.0,1273.0,,,0.0,,,0.0
2025-12-05 00:00:00,,,,,,,1273.0,1273.0,,,0.0,,,0.0
2025-12-05 01:00:00,,,,,,,1529.0,1529.0,,,0.0,,,0.0
2025-12-05 02:00:00,,,,,,,1273.0,1273.0,,,0.0,,,0.0
2025-12-05 03:00:00,,,,,,,1273.0,1273.0,,,0.0,,,0.0
2025-12-05 04:00:00,,,,,,,1533.0,1533.0,,,0.0,,,0.0
2025-12-05 05:00:00,,,,,,,1273.0,1273.0,,,0.0,,,0.0
2025-12-05 06:00:00,,,,,,,1529.0,1529.0,,,0.0,,,0.0
2025-12-05 07:00:00,,,,,,,1533.0,1533.0,,,0.0,,,0.0
2025-12-05 08:00:00,,,,,,,509.0,509.0,0.5118,0.0,1.0,0.8730999,0.0,1.0
2025-12-05 09:00:00,,,,,,,2297.0,2296.0,0.1196,0.039,6.0,0.8485,0.007799983,6.0
2025-12-05 10:00:00,,,,,,,509.0,509.0,0.0548,0.055,5.0,0.8325,0.004099965,5.0
2025-12-05 11:00:00,,,,,,,509.0,509.0,,,0.0,,,0.0
2025-12-05 12:00:00,,,,,,,509.0,509.0,,,0.0,,,0.0
2025-12-05 13:00:00,,,,,,,509.0,509.0,,,0.0,,,0.0
2025-12-05 14:00:00,,,,,,,509.0,509.0,,,0.0,,,0.0
2025-12-05 15:00:00,,,,,,,509.0,509.0,,,0.0,,,0.0
2025-12-05 16:00:00,,,,,,,1533.0,1533.0,,,0.0,,,0.0
2025-12-05 17:00:00,,,,,,,1533.0,1533.0,,,0.0,,,0.0
2025-12-05 18:00:00,,,,,,,1533.0,1533.0,,,0.0,,,0.0
2025-12-05 19:00:00,,,,,,,1273.0,1273.0,,,0.0,,,0.0
2025-12-05 20:00:00,,,,,,,1529.0,1529.0,,,0.0,,,0.0
2025-12-05 21:00:00,,,,,,,1529.0,1529.0,,,0.0,,,0.0
2025-12-05 22:00:00,,,,,,,1529.0,1529.0,,,0.0,,,0.0
2025-12-05 23:00:00,,,,,,,1533.0,1533.0,,,0.0,,,0.0
2025-12-06 00:00:00,,,,,,,1533.0,1533.0,,,0.0,,,0.0
2025-12-06 01:00:00,,,,,,,1533.0,1533.0,,,0.0,,,0.0
2025-12-06 02:00:00,,,,,,,1533.0,1533.0,,,0.0,,,0.0
2025-12-06 03:00:00,,,,,,,1273.0,1273.0,,,0.0,,,0.0
2025-12-06 04:00:00,,,,,,,1529.0,1529.0,,,0.0,,,0.0
2025-12-06 05:00:00,,,,,,,1533.0,1533.0,,,0.0,,,0.0
2025-12-06 06:00:00,,,,,,,1273.0,1273.0,,,0.0,,,0.0
2025-12-06 07:00:00,,,,,,,1273.0,1273.0,,,0.0,,,0.0
2025-12-06 08:00:00,0.1512,0.1706,0.3533,0.3531,,,2240.0,2240.0,0.2296,0.0464,4.0,0.81639993,0.05399996,4.0
2025-12-06 09:00:00,,,,,,,509.0,509.0,0.40219998,0.2048,3.0,0.94879997,0.030399978,3.0
2025-12-06 10:00:00,,,,,,,509.0,509.0,,,0.0,,,0.0
2025-12-06 11:00:00,,,,,,,509.0,509.0,,,0.0,,,0.0
2025-12-06 12:00:00,,,,,,,509.0,509.0,,,0.0,,,0.0
2025-12-06 13:00:00,,,,,,,509.0,509.0,,,0.0,,,0.0
2025-12-06 14:00:00,,,,,,,2553.0,2552.0,0.5202,0.0818,2.0,1.1453999,0.04759997,2.0
2025-12-06 15:00:00,,,,,,,505.0,505.0,0.5062,0.119399995,5.0,1.0925,0.024399996,5.0
2025-12-06 16:00:00,,,,,,,1533.0,1533.0,,,0.0,,,0.0
2025-12-06 17:00:00,,,,,,,1533.0,1533.0,,,0.0,,,0.0
2025-12-06 18:00:00,,,,,,,1529.0,1529.0,,,0.0,,,0.0
2025-12-06 19:00:00,,,,,,,1533.0,1533.0,,,0.0,,,0.0
2025-12-06 20:00:00,,,,,,,1273.0,1273.0,,,0.0,,,0.0
2025-12-06 21:00:00,,,,,,,1273.0,1273.0,,,0.0,,,0.0
2025-12-06 22:00:00,,,,,,,1529.0,1529.0,,,0.0,,,0.0
2025-12-06 23:00:00,,,,,,,1533.0,1533.0,,,0.0,,,0.0
2025-12-07 00:00:00,,,,,,,1533.0,1533.0,,,0.0,,,0.0
2025-12-07 01:00:00,,,,,,,1529.0,1529.0,,,0.0,,,0.0
2025-12-07 02:00:00,,,,,,,1273.0,1273.0,,,0.0,,,0.0
2025-12-07 03:00:00,,,,,,,1273.0,1273.0,,,0.0,,,0.0
2025-12-07 04:00:00,,,,,,,1273.0,1273.0,,,0.0,,,0.0
2025-12-07 05:00:00,,,,,,,1273.0,1273.0,,,0.0,,,0.0
2025-12-07 06:00:00,,,,,,,1273.0,1273.0,,,0.0,,,0.0
2025-12-07 07:00:00,,,,,,,1533.0,1533.0,,,0.0,,,0.0
2025-12-07 08:00:00,,,,,,,509.0,509.0,,,0.0,,,0.0
2025-12-07 09:00:00,,,,,,,509.0,509.0,1.0482,0.0,1.0,0.939,0.0,1.0
2025-12-07 10:00:00,,,,,,,509.0,509.0,,,0.0,,,0.0
2025-12-07 11:00:00,,,,,,,509.0,509.0,0.6454,0.0,1.0,1.0389999,0.0,1.0
2025-12-07 12:00:00,,,,,,,509.0,509.0,,,0.0,,,0.0
2025-12-07 13:00:00,,,,,,,509.0,509.0,,,0.0,,,0.0
2025-12-07 14:00:00,,,,,,,509.0,509.0,,,0.0,,,0.0
2025-12-07 15:00:00,,,,,,,509.0,509.0,0.6698,0.0,1.0,1.0834999,0.0,1.0
2025-12-07 16:00:00,,,,,,,1533.0,1533.0,,,0.0,,,0.0
2025-12-07 17:00:00,,,,,,,1533.0,1533.0,,,0.0,,,0.0
2025-12-07 18:00:00,,,,,,,1533.0,1533.0,,,0.0,,,0.0
2025-12-07 19:00:00,,,,,,,1273.0,1273.0,,,0.0,,,0.0
2025-12-07 20:00:00,,,,,,,1533.0,1533.0,,,0.0,,,0.0
2025-12-07 21:00:00,,,,,,,1529.0,1529.0,,,0.0,,,0.0
2025-12-07 22:00:00,,,,,,,1529.0,1529.0,,,0.0,,,0.0
2025-12-07 23:00:00,,,,,,,1533.0,1533.0,,,0.0,,,0.0
2025-12-08 00:00:00,,,,,,,1529.0,1529.0,,,0.0,,,0.0
2025-12-08 01:00:00,,,,,,,1533.0,1533.0,,,0.0,,,0.0
2025-12-08 02:00:00,,,,,,,1273.0,1273.0,,,0.0,,,0.0
2025-12-08 03:00:00,,,,,,,1533.0,1533.0,,,0.0,,,0.0
2025-12-08 04:00:00,,,,,,,1533.0,1533.0,,,0.0,,,0.0
2025-12-08 05:00:00,,,,,,,1529.0,1529.0,,,0.0,,,0.0
2025-12-08 06:00:00,,,,,,,1273.0,1273.0,,,0.0,,,0.0
2025-12-08 07:00:00,,,,,,,1529.0,1529.0,,,0.0,,,0.0
2025-12-08 08:00:00,,,,,,,2297.0,2296.0,0.5306,0.1656,2.0,0.90839994,0.10719997,2.0
2025-12-08 09:00:00,,,,,,,2297.0,2296.0,0.392,0.0298,4.0,1.0466,0.043200016,4.0
2025-12-08 10:00:00,,,,,,,2297.0,2296.0,0.4098,0.042799998,6.0,1.0783,0.0073999763,6.0
2025-12-08 11:00:00,,,,,,,509.0,509.0,0.40179998,0.0,1.0,1.0733,0.0,1.0
2025-12-08 12:00:00,,,,,,,509.0,509.0,0.322,0.0,1.0,1.0496,0.0,1.0
2025-12-08 13:00:00,,,,,,,505.0,505.0,,,0.0,,,0.0
2025-12-08 14:00:00,,,,,,,509.0,509.0,,,0.0,,,0.0
2025-12-08 15:00:00,,,,,,,509.0,509.0,,,0.0,,,0.0
2025-12-08 16:00:00,,,,,,,1533.0,1533.0,,,0.0,,,0.0
2025-12-08 17:00:00,,,,,,,1529.0,1529.0,,,0.0,,,0.0
2025-12-08 18:00:00,,,,,,,1533.0,1533.0,,,0.0,,,0.0
2025-12-08 19:00:00,,,,,,,1533.0,1533.0,,,0.0,,,0.0
2025-12-08 20:00:00,,,,,,,1533.0,1533.0,,,0.0,,,0.0
2025-12-08 21:00:00,,,,,,,1533.0,1533.0,,,0.0,,,0.0
2025-12-08 22:00:00,,,,,,,1533.0,1533.0,,,0.0,,,0.0
2025-12-08 23:00:00,,,,,,,1533.0,1533.0,,,0.0,,,0.0
2025-12-09 00:00:00,,,,,,,1533.0,1533.0,,,0.0,,,0.0
2025-12-09 01:00:00,,,,,,,1533.0,1533.0,,,0.0,,,0.0
2025-12-09 02:00:00,,,,,,,1533.0,1533.0,,,0.0,,,0.0
2025-12-09 03:00:00,,,,,,,1533.0,1533.0,,,0.0,,,0.0
2025-12-09 04:00:00,,,,,,,1533.0,1533.0,,,0.0,,,0.0
2025-12-09 05:00:00,,,,,,,1533.0,1533.0,,,0.0,,,0.0
2025-12-09 06:00:00,,,,,,,1273.0,1273.0,,,0.0,,,0.0
2025-12-09 07:00:00,,,,,,,1533.0,1533.0,,,0.0,,,0.0
2025-12-09 08:00:00,,,,,,,509.0,509.0,,,0.0,,,0.0
2025-12-09 09:00:00,,,,,,,509.0,509.0,1.1098,0.0,1.0,0.6079,0.0,1.0
2025-12-09 10:00:00,,,,,,,2297.0,2296.0,0.259,0.0112,3.0,0.9411,0.005800009,3.0
2025-12-09 11:00:00,,,,,,,509.0,509.0,,,0.0,,,0.0
2025-12-09 12:00:00,,,,,,,509.0,509.0,,,0.0,,,0.0
2025-12-09 13:00:00,,,,,,,509.0,509.0,,,0.0,,,0.0
2025-12-09 14:00:00,,,,,,,509.0,509.0,,,0.0,,,0.0
2025-12-09 15:00:00,,,,,,,509.0,509.0,,,0.0,,,0.0
2025-12-09 16:00:00,,,,,,,509.0,509.0,,,0.0,,,0.0
2025-12-09 17:00:00,,,,,,,1533.0,1533.0,,,0.0,,,0.0
2025-12-09 18:00:00,,,,,,,1533.0,1533.0,,,0.0,,,0.0
2025-12-09 19:00:00,,,,,,,1533.0,1533.0,,,0.0,,,0.0
2025-12-09 20:00:00,,,,,,,1533.0,1533.0,,,0.0,,,0.0
2025-12-09 21:00:00,,,,,,,1533.0,1533.0,,,0.0,,,0.0
2025-12-09 22:00:00,,,,,,,1533.0,1533.0,,,0.0,,,0.0
2025-12-09 23:00:00,,,,,,,1529.0,1529.0,,,0.0,,,0.0
2025-12-10 00:00:00,,,,,,,1533.0,1533.0,,,0.0,,,0.0
2025-12-10 01:00:00,,,,,,,1529.0,1529.0,,,0.0,,,0.0
2025-12-10 02:00:00,,,,,,,1529.0,1529.0,,,0.0,,,0.0
2025-12-10 03:00:00,,,,,,,1529.0,1529.0,,,0.0,,,0.0
2025-12-10 04:00:00,,,,,,,1533.0,1533.0,,,0.0,,,0.0
2025-12-10 05:00:00,,,,,,,1533.0,1533.0,,,0.0,,,0.0
2025-12-10 06:00:00,,,,,,,1533.0,1533.0,,,0.0,,,0.0
2025-12-10 07:00:00,,,,,,,1529.0,1529.0,,,0.0,,,0.0
2025-12-10 08:00:00,,,,,,,509.0,509.0,,,0.0,,,0.0
2025-12-10 09:00:00,,,,,,,509.0,509.0,,,0.0,,,0.0
2025-12-10 10:00:00,,,,,,,509.0,509.0,,,0.0,,,0.0
2025-12-10 11:00:00,,,,,,,509.0,509.0,,,0.0,,,0.0
2025-12-10 12:00:00,,,,,,,509.0,509.0,,,0.0,,,0.0
2025-12-10 13:00:00,,,,,,,509.0,509.0,,,0.0,,,0.0
2025-12-10 14:00:00,,,,,,,509.0,509.0,,,0.0,,,0.0
2025-12-10 15:00:00,,,,,,,509.0,509.0,,,0.0,,,0.0
2025-12-10 16:00:00,,,,,,,1533.0,1533.0,,,0.0,,,0.0
2025-12-10 17:00:00,,,,,,,1533.0,1533.0,,,0.0,,,0.0
2025-12-10 18:00:00,,,,,,,1533.0,1533.0,,,0.0,,,0.0
2025-12-10 19:00:00,,,,,,,1533.0,1533.0,,,0.0,,,0.0
2025-12-10 20:00:00,,,,,,,1533.0,1533.0,,,0.0,,,0.0
2025-12-10 21:00:00,,,,,,,1529.0,1529.0,,,0.0,,,0.0
2025-12-10 22:00:00,,,,,,,1533.0,1533.0,,,0.0,,,0.0
2025-12-10 23:00:00,,,,,,,1533.0,1533.0,,,0.0,,,0.0
2025-12-11 00:00:00,,,,,,,1533.0,1533.0,,,0.0,,,0.0
2025-12-11 01:00:00,,,,,,,1533.0,1533.0,,,0.0,,,0.0
2025-12-11 02:00:00,,,,,,,1533.0,1533.0,,,0.0,,,0.0
2025-12-11 03:00:00,,,,,,,1533.0,1533.0,,,0.0,,,0.0
2025-12-11 04:00:00,,,,,,,1533.0,1533.0,,,0.0,,,0.0
2025-12-11 05:00:00,,,,,,,1533.0,1533.0,,,0.0,,,0.0
2025-12-11 06:00:00,,,,,,,1533.0,1533.0,,,0.0,,,0.0
2025-12-11 07:00:00,,,,,,,1533.0,1533.0,,,0.0,,,0.0
2025-12-11 08:00:00,,,,,,,509.0,509.0,,,0.0,,,0.0
2025-12-11 09:00:00,,,,,,,509.0,509.0,,,0.0,,,0.0
2025-12-11 10:00:00,,,,,,,509.0,509.0,,,0.0,,,0.0
2025-12-11 11:00:00,,,,,,,509.0,509.0,,,0.0,,,0.0
2025-12-11 12:00:00,,,,,,,509.0,509.0,,,0.0,,,0.0
2025-12-11 13:00:00,,,,,,,509.0,509.0,,,0.0,,,0.0
2025-12-11 14:00:00,,,,,,,509.0,509.0,,,0.0,,,0.0
2025-12-11 15:00:00,,,,,,,509.0,509.0,,,0.0,,,0.0
2025-12-11 16:00:00,,,,,,,1533.0,1533.0,,,0.0,,,0.0
2025-12-11 17:00:00,,,,,,,1533.0,1533.0,,,0.0,,,0.0
2025-12-11 18:00:00,,,,,,,1533.0,1533.0,,,0.0,,,0.0
2025-12-11 19:00:00,,,,,,,1533.0,1533.0,,,0.0,,,0.0
2025-12-11 20:00:00,,,,,,,1533.0,1533.0,,,0.0,,,0.0
2025-12-11 21:00:00,,,,,,,1273.0,1273.0,,,0.0,,,0.0
2025-12-11 22:00:00,,,,,,,1529.0,1529.0,,,0.0,,,0.0
2025-12-11 23:00:00,,,,,,,1533.0,1533.0,,,0.0,,,0.0
2025-12-12 00:00:00,,,,,,,1529.0,1529.0,,,0.0,,,0.0
2025-12-12 01:00:00,,,,,,,1529.0,1529.0,,,0.0,,,0.0
2025-12-12 02:00:00,,,,,,,1529.0,1529.0,,,0.0,,,0.0
2025-12-12 03:00:00,,,,,,,1529.0,1529.0,,,0.0,,,0.0
2025-12-12 04:00:00,,,,,,,1273.0,1273.0,,,0.0,,,0.0
2025-12-12 05:00:00,,,,,,,1273.0,1273.0,,,0.0,,,0.0
2025-12-12 06:00:00,,,,,,,1529.0,1529.0,,,0.0,,,0.0
2025-12-12 07:00:00,,,,,,,1533.0,1533.0,,,0.0,,,0.0
2025-12-12 08:00:00,,,,,,,509.0,509.0,0.24419999,0.0014,2.0,0.7889,0.102099955,2.0
2025-12-12 09:00:00,,,,,,,505.0,505.0,0.31739998,0.013599999,4.0,0.85239995,0.028400004,4.0
2025-12-12 10:00:00,,,,,,,505.0,504.0,0.4172,0.0016,2.0,0.9482,0.0072999597,2.0
2025-12-12 11:00:00,,,,,,,505.0,505.0,0.44779998,0.030599998,2.0,0.9433999,0.004099965,2.0
2025-12-12 12:00:00,,,,,,,509.0,509.0,,,0.0,,,0.0
2025-12-12 13:00:00,,,,,,,509.0,509.0,,,0.0,,,0.0
2025-12-12 14:00:00,,,,,,,505.0,505.0,,,0.0,,,0.0
2025-12-12 15:00:00,,,,,,,509.0,509.0,,,0.0,,,0.0
2025-12-12 16:00:00,,,,,,,1533.0,1533.0,,,0.0,,,0.0
2025-12-12 17:00:00,,,,,,,1529.0,1529.0,,,0.0,,,0.0
2025-12-12 18:00:00,,,,,,,1533.0,1533.0,,,0.0,,,0.0
2025-12-12 19:00:00,,,,,,,1533.0,1533.0,,,0.0,,,0.0
2025-12-12 20:00:00,,,,,,,1529.0,1529.0,,,0.0,,,0.0
2025-12-12 21:00:00,,,,,,,1273.0,1273.0,,,0.0,,,0.0
2025-12-12 22:00:00,,,,,,,1533.0,1533.0,,,0.0,,,0.0
2025-12-12 23:00:00,,,,,,,1529.0,1529.0,,,0.0,,,0.0
2025-12-13 00:00:00,,,,,,,1529.0,1529.0,,,0.0,,,0.0
2025-12-13 01:00:00,,,,,,,1529.0,1529.0,,,0.0,,,0.0
2025-12-13 02:00:00,,,,,,,1529.0,1529.0,,,0.0,,,0.0
2025-12-13 03:00:00,,,,,,,1533.0,1533.0,,,0.0,,,0.0
2025-12-13 04:00:00,,,,,,,1533.0,1533.0,,,0.0,,,0.0
2025-12-13 05:00:00,,,,,,,1529.0,1529.0,,,0.0,,,0.0
2025-12-13 06:00:00,,,,,,,1529.0,1529.0,,,0.0,,,0.0
2025-12-13 07:00:00,,,,,,,1533.0,1533.0,,,0.0,,,0.0
2025-12-13 08:00:00,,,,,,,509.0,509.0,,,0.0,,,0.0
2025-12-13 09:00:00,,,,,,,509.0,509.0,,,0.0,,,0.0
2025-12-13 10:00:00,,,,,,,509.0,509.0,,,0.0,,,0.0
2025-12-13 11:00:00,,,,,,,509.0,509.0,,,0.0,,,0.0
2025-12-13 12:00:00,,,,,,,509.0,509.0,,,0.0,,,0.0
2025-12-13 13:00:00,,,,,,,509.0,509.0,,,0.0,,,0.0
2025-12-13 14:00:00,,,,,,,509.0,509.0,,,0.0,,,0.0
2025-12-13 15:00:00,,,,,,,509.0,509.0,,,0.0,,,0.0
2025-12-13 16:00:00,,,,,,,1533.0,1533.0,,,0.0,,,0.0
2025-12-13 17:00:00,,,,,,,1533.0,1533.0,,,0.0,,,0.0
2025-12-13 18:00:00,,,,,,,1533.0,1533.0,,,0.0,,,0.0
2025-12-13 19:00:00,,,,,,,1533.0,1533.0,,,0.0,,,0.0
2025-12-13 20:00:00,,,,,,,1533.0,1533.0,,,0.0,,,0.0
2025-12-13 21:00:00,,,,,,,1529.0,1529.0,,,0.0,,,0.0
2025-12-13 22:00:00,,,,,,,1533.0,1533.0,,,0.0,,,0.0
2025-12-13 23:00:00,,,,,,,1533.0,1533.0,,,0.0,,,0.0
2025-12-14 00:00:00,,,,,,,1533.0,1533.0,,,0.0,,,0.0
2025-12-14 01:00:00,,,,,,,1533.0,1533.0,,,0.0,,,0.0
2025-12-14 02:00:00,,,,,,,1533.0,1533.0,,,0.0,,,0.0
2025-12-14 03:00:00,,,,,,,1529.0,1529.0,,,0.0,,,0.0
2025-12-14 04:00:00,,,,,,,1273.0,1273.0,,,0.0,,,0.0
2025-12-14 05:00:00,,,,,,,1273.0,1273.0,,,0.0,,,0.0
2025-12-14 06:00:00,,,,,,,1273.0,1273.0,,,0.0,,,0.0
2025-12-14 07:00:00,,,,,,,1533.0,1533.0,,,0.0,,,0.0
2025-12-14 08:00:00,,,,,,,509.0,509.0,0.824,0.0,1.0,0.7379,0.0,1.0
2025-12-14 09:00:00,,,,,,,509.0,509.0,0.6836,0.0,1.0,0.9735,0.0,1.0
2025-12-14 10:00:00,,,,,,,509.0,509.0,,,0.0,,,0.0
2025-12-14 11:00:00,,,,,,,509.0,509.0,,,0.0,,,0.0
2025-12-14 12:00:00,,,,,,,505.0,504.0,0.3516,0.0414,2.0,1.0647,0.0072000027,2.0
2025-12-14 13:00:00,,,,,,,505.0,504.0,0.34239998,0.0504,6.0,1.0654999,0.039900005,6.0
2025-12-14 14:00:00,,,,,,,509.0,509.0,0.3646,0.0,1.0,1.1006,0.0,1.0
2025-12-14 15:00:00,,,,,,,509.0,509.0,,,0.0,,,0.0
2025-12-14 16:00:00,,,,,,,1533.0,1533.0,,,0.0,,,0.0
2025-12-14 17:00:00,,,,,,,1529.0,1529.0,,,0.0,,,0.0
2025-12-14 18:00:00,,,,,,,1533.0,1533.0,,,0.0,,,0.0
2025-12-14 19:00:00,,,,,,,1533.0,1533.0,,,0.0,,,0.0
2025-12-14 20:00:00,,,,,,,1533.0,1533.0,,,0.0,,,0.0
2025-12-14 21:00:00,,,,,,,1533.0,1533.0,,,0.0,,,0.0
2025-12-14 22:00:00,,,,,,,1529.0,1529.0,,,0.0,,,0.0
2025-12-14 23:00:00,,,,,,,1533.0,1533.0,,,0.0,,,0.0
2025-12-15 00:00:00,,,,,,,1533.0,1533.0,,,0.0,,,0.0
2025-12-15 01:00:00,,,,,,,1533.0,1533.0,,,0.0,,,0.0
2025-12-15 02:00:00,,,,,,,1533.0,1533.0,,,0.0,,,0.0
2025-12-15 03:00:00,,,,,,,1529.0,1529.0,,,0.0,,,0.0
2025-12-15 04:00:00,,,,,,,1533.0,1533.0,,,0.0,,,0.0
2025-12-15 05:00:00,,,,,,,1533.0,1533.0,,,0.0,,,0.0
2025-12-15 06:00:00,,,,,,,1533.0,1533.0,,,0.0,,,0.0
2025-12-15 07:00:00,,,,,,,1533.0,1533.0,,,0.0,,,0.0
2025-12-15 08:00:00,,,,,,,509.0,509.0,,,0.0,,,0.0
2025-12-15 09:00:00,,,,,,,505.0,504.0,0.54539996,0.23339999,2.0,0.9836,0.013399959,2.0
2025-12-15 10:00:00,,,,,,,509.0,509.0,0.4632,0.0242,3.0,0.9217,0.0079,3.0
2025-12-15 11:00:00,,,,,,,249.0,248.0,0.7306,0.064399995,2.0,0.6522,0.17199999,2.0
2025-12-15 12:00:00,,,,,,,509.0,509.0,,,0.0,,,0.0
2025-12-15 13:00:00,,,,,,,509.0,509.0,0.57519996,0.1248,4.0,1.0669,0.030600011,4.0
2025-12-15 14:00:00,,,,,,,505.0,505.0,,,0.0,,,0.0
2025-12-15 15:00:00,,,,,,,509.0,509.0,,,0.0,,,0.0
2025-12-15 16:00:00,,,,,,,1533.0,1533.0,,,0.0,,,0.0
2025-12-15 17:00:00,,,,,,,1529.0,1529.0,,,0.0,,,0.0
2025-12-15 18:00:00,,,,,,,1533.0,1533.0,,,0.0,,,0.0
2025-12-15 19:00:00,,,,,,,1533.0,1533.0,,,0.0,,,0.0
2025-12-15 20:00:00,,,,,,,1533.0,1533.0,,,0.0,,,0.0
2025-12-15 21:00:00,,,,,,,1529.0,1529.0,,,0.0,,,0.0
2025-12-15 22:00:00,,,,,,,1533.0,1533.0,,,0.0,,,0.0
2025-12-15 23:00:00,,,,,,,1533.0,1533.0,,,0.0,,,0.0
2025-12-16 00:00:00,,,,,,,1533.0,1533.0,,,0.0,,,0.0
2025-12-16 01:00:00,,,,,,,1533.0,1533.0,,,0.0,,,0.0
2025-12-16 02:00:00,,,,,,,1533.0,1533.0,,,0.0,,,0.0
2025-12-16 03:00:00,,,,,,,1533.0,1533.0,,,0.0,,,0.0
2025-12-16 04:00:00,,,,,,,1533.0,1533.0,,,0.0,,,0.0
2025-12-16 05:00:00,,,,,,,1529.0,1529.0,,,0.0,,,0.0
2025-12-16 06:00:00,,,,,,,1533.0,1533.0,,,0.0,,,0.0
2025-12-16 07:00:00,,,,,,,1533.0,1533.0,,,0.0,,,0.0
2025-12-16 08:00:00,,,,,,,505.0,504.0,0.3572,0.043199997,2.0,0.88899994,0.043200016,2.0
2025-12-16 09:00:00,,,,,,,249.0,248.0,0.2924,0.0,1.0,0.9477999,0.0,1.0
2025-12-16 10:00:00,,,,,,,505.0,504.0,0.5466,0.0468,2.0,0.84729993,0.022700012,2.0
2025-12-16 11:00:00,,0.0,,3.2768,,0.0001,248.0,0.0,,,0.0,,,0.0
2025-12-16 12:00:00,,,,,,,509.0,509.0,,,0.0,,,0.0
2025-12-16 13:00:00,,,,,,,509.0,509.0,,,0.0,,,0.0
2025-12-16 14:00:00,,,,,,,509.0,509.0,,,0.0,,,0.0
2025-12-16 15:00:00,,,,,,,505.0,505.0,,,0.0,,,0.0
2025-12-16 16:00:00,,,,,,,1529.0,1529.0,,,0.0,,,0.0
2025-12-16 17:00:00,,,,,,,1533.0,1533.0,,,0.0,,,0.0
2025-12-16 18:00:00,,,,,,,1533.0,1533.0,,,0.0,,,0.0
2025-12-16 19:00:00,,,,,,,1533.0,1533.0,,,0.0,,,0.0
2025-12-16 20:00:00,,,,,,,1529.0,1529.0,,,0.0,,,0.0
2025-12-16 21:00:00,,,,,,,1533.0,1533.0,,,0.0,,,0.0
2025-12-16 22:00:00,,,,,,,1533.0,1533.0,,,0.0,,,0.0
2025-12-16 23:00:00,,,,,,,1529.0,1529.0,,,0.0,,,0.0
2025-12-17 00:00:00,,,,,,,1533.0,1533.0,,,0.0,,,0.0
2025-12-17 01:00:00,,,,,,,1533.0,1533.0,,,0.0,,,0.0
2025-12-17 02:00:00,,,,,,,1533.0,1533.0,,,0.0,,,0.0
2025-12-17 03:00:00,,,,,,,1533.0,1533.0,,,0.0,,,0.0
2025-12-17 04:00:00,,,,,,,1529.0,1529.0,,,0.0,,,0.0
2025-12-17 05:00:00,,,,,,,1273.0,1273.0,,,0.0,,,0.0
2025-12-17 06:00:00,,,,,,,1273.0,1273.0,,,0.0,,,0.0
2025-12-17 07:00:00,,,,,,,1533.0,1533.0,,,0.0,,,0.0
2025-12-17 08:00:00,,,,,,,509.0,509.0,,,0.0,,,0.0
2025-12-17 09:00:00,,,,,,,509.0,509.0,,,0.0,,,0.0
2025-12-17 10:00:00,,,,,,,509.0,509.0,,,0.0,,,0.0
2025-12-17 11:00:00,,,,,,,509.0,509.0,0.6556,0.0,1.0,0.6704,0.0,1.0
2025-12-17 12:00:00,,,,,,,509.0,509.0,0.6418,0.0486,5.0,0.9431,0.043900013,5.0
2025-12-17 13:00:00,,,,,,,509.0,509.0,0.7162,0.0,1.0,0.9829999,0.0,1.0
2025-12-17 14:00:00,,,,,,,509.0,509.0,,,0.0,,,0.0
2025-12-17 15:00:00,,,,,,,509.0,509.0,,,0.0,,,0.0
2025-12-17 16:00:00,,,,,,,1533.0,1533.0,,,0.0,,,0.0
2025-12-17 17:00:00,,,,,,,1533.0,1533.0,,,0.0,,,0.0
2025-12-17 18:00:00,,,,,,,1533.0,1533.0,,,0.0,,,0.0
2025-12-17 19:00:00,,,,,,,1533.0,1533.0,,,0.0,,,0.0
2025-12-17 20:00:00,,,,,,,1273.0,1273.0,,,0.0,,,0.0
2025-12-17 21:00:00,,,,,,,1273.0,1273.0,,,0.0,,,0.0
2025-12-17 22:00:00,,,,,,,1533.0,1533.0,,,0.0,,,0.0
2025-12-17 23:00:00,,,,,,,1533.0,1533.0,,,0.0,,,0.0
2025-12-18 00:00:00,,,,,,,1533.0,1533.0,,,0.0,,,0.0
2025-12-18 01:00:00,,,,,,,1529.0,1529.0,,,0.0,,,0.0
2025-12-18 02:00:00,,,,,,,1529.0,1529.0,,,0.0,,,0.0
2025-12-18 03:00:00,,,,,,,1273.0,1273.0,,,0.0,,,0.0
2025-12-18 04:00:00,,,,,,,1533.0,1533.0,,,0.0,,,0.0
2025-12-18 05:00:00,,,,,,,1533.0,1533.0,,,0.0,,,0.0
2025-12-18 06:00:00,,,,,,,1529.0,1529.0,,,0.0,,,0.0
2025-12-18 08:00:00,,,,,,,509.0,509.0,,,0.0,,,0.0
2025-12-18 09:00:00,,,,,,,509.0,509.0,,,0.0,,,0.0
2025-12-18 10:00:00,,,,,,,509.0,509.0,,,0.0,,,0.0
2025-12-18 11:00:00,,,,,,,509.0,509.0,,,0.0,,,0.0
2025-12-18 12:00:00,,,,,,,509.0,509.0,,,0.0,,,0.0
2025-12-18 13:00:00,,,,,,,509.0,509.0,,,0.0,,,0.0
2025-12-18 14:00:00,,,,,,,509.0,509.0,,,0.0,,,0.0
2025-12-18 15:00:00,,,,,,,509.0,509.0,,,0.0,,,0.0
2025-12-18 16:00:00,,,,,,,1533.0,1533.0,,,0.0,,,0.0
2025-12-18 17:00:00,,,,,,,1533.0,1533.0,,,0.0,,,0.0
2025-12-18 18:00:00,,,,,,,1529.0,1529.0,,,0.0,,,0.0
2025-12-18 19:00:00,,,,,,,1533.0,1533.0,,,0.0,,,0.0
2025-12-18 20:00:00,,,,,,,1533.0,1533.0,,,0.0,,,0.0
2025-12-18 21:00:00,,,,,,,1273.0,1273.0,,,0.0,,,0.0
2025-12-18 22:00:00,,,,,,,1529.0,1529.0,,,0.0,,,0.0
2025-12-18 23:00:00,,,,,,,1273.0,1273.0,,,0.0,,,0.0
2025-12-19 00:00:00,,,,,,,1529.0,1529.0,,,0.0,,,0.0
2025-12-19 01:00:00,,,,,,,1529.0,1529.0,,,0.0,,,0.0
2025-12-19 02:00:00,,,,,,,1533.0,1533.0,,,0.0,,,0.0
2025-12-19 03:00:00,,,,,,,1273.0,1273.0,,,0.0,,,0.0
2025-12-19 04:00:00,,,,,,,1529.0,1529.0,,,0.0,,,0.0
2025-12-19 05:00:00,,,,,,,1533.0,1533.0,,,0.0,,,0.0
2025-12-19 06:00:00,,,,,,,1529.0,1529.0,,,0.0,,,0.0
2025-12-19 07:00:00,,,,,,,1529.0,1529.0,,,0.0,,,0.0
2025-12-19 08:00:00,,,,,,,509.0,509.0,0.0278,0.0,1.0,0.9922,0.0,1.0
2025-12-19 09:00:00,,,,,,,249.0,248.0,0.24319999,0.195,5.0,0.9397,0.0636,5.0
2025-12-19 10:00:00,,,,,,,509.0,509.0,0.37219998,0.0422,5.0,0.90209997,0.0176,5.0
2025-12-19 11:00:00,,,,,,,509.0,509.0,0.4718,0.1986,2.0,0.8642,0.043900013,2.0
2025-12-19 12:00:00,,,,,,,509.0,509.0,,,0.0,,,0.0
2025-12-19 13:00:00,,,,,,,2553.0,2552.0,0.41279998,0.0814,2.0,1.0521,0.00040000677,2.0
2025-12-19 14:00:00,,,,,,,509.0,509.0,,,0.0,,,0.0
2025-12-19 15:00:00,,,,,,,509.0,509.0,,,0.0,,,0.0
2025-12-19 16:00:00,,,,,,,1533.0,1533.0,,,0.0,,,0.0
2025-12-19 17:00:00,,,,,,,1533.0,1533.0,,,0.0,,,0.0
2025-12-19 18:00:00,,,,,,,1533.0,1533.0,,,0.0,,,0.0
2025-12-19 19:00:00,,,,,,,1273.0,1273.0,,,0.0,,,0.0
2025-12-19 20:00:00,,,,,,,1273.0,1273.0,,,0.0,,,0.0
2025-12-19 21:00:00,,,,,,,1273.0,1273.0,,,0.0,,,0.0
2025-12-19 22:00:00,,,,,,,1273.0,1273.0,,,0.0,,,0.0
2025-12-19 23:00:00,,,,,,,1529.0,1529.0,,,0.0,,,0.0
2025-12-20 00:00:00,,,,,,,1273.0,1273.0,,,0.0,,,0.0
2025-12-20 01:00:00,,,,,,,1529.0,1529.0,,,0.0,,,0.0
2025-12-20 02:00:00,,,,,,,1273.0,1273.0,,,0.0,,,0.0
2025-12-20 03:00:00,,,,,,,1529.0,1529.0,,,0.0,,,0.0
2025-12-20 04:00:00,,,,,,,1273.0,1273.0,,,0.0,,,0.0
2025-12-20 05:00:00,,,,,,,1273.0,1273.0,,,0.0,,,0.0
2025-12-20 06:00:00,,,,,,,1273.0,1273.0,,,0.0,,,0.0
2025-12-20 07:00:00,,,,,,,1529.0,1529.0,,,0.0,,,0.0
2025-12-20 08:00:00,,,,,,,505.0,504.0,0.541,0.2676,3.0,0.8571999,0.1437,3.0
2025-12-20 09:00:00,,,,,,,509.0,509.0,1.3938,0.0,1.0,0.5151,0.0,1.0
2025-12-20 10:00:00,,,,,,,505.0,504.0,0.4632,0.0,1.0,0.9225,0.0,1.0
2025-12-20 11:00:00,,,,,,,509.0,509.0,0.5464,0.0138,2.0,0.9663,0.041799963,2.0
2025-12-20 12:00:00,,,,,,,505.0,505.0,,,0.0,,,0.0
2025-12-20 13:00:00,,,,,,,509.0,509.0,,,0.0,,,0.0
2025-12-20 14:00:00,,,,,,,509.0,509.0,,,0.0,,,0.0
2025-12-20 15:00:00,,,,,,,509.0,509.0,,,0.0,,,0.0
2025-12-20 16:00:00,,,,,,,1529.0,1529.0,,,0.0,,,0.0
2025-12-20 17:00:00,,,,,,,1533.0,1533.0,,,0.0,,,0.0
2025-12-20 18:00:00,,,,,,,1533.0,1533.0,,,0.0,,,0.0
2025-12-20 19:00:00,,,,,,,1529.0,1529.0,,,0.0,,,0.0
2025-12-20 20:00:00,,,,,,,1533.0,1533.0,,,0.0,,,0.0
2025-12-20 21:00:00,,,,,,,1533.0,1533.0,,,0.0,,,0.0
2025-12-20 22:00:00,,,,,,,1533.0,1533.0,,,0.0,,,0.0
2025-12-20 23:00:00,,,,,,,1273.0,1273.0,,,0.0,,,0.0
2025-12-21 00:00:00,,,,,,,1533.0,1533.0,,,0.0,,,0.0
2025-12-21 01:00:00,,,,,,,1533.0,1533.0,,,0.0,,,0.0
2025-12-21 02:00:00,,,,,,,1529.0,1529.0,,,0.0,,,0.0
2025-12-21 03:00:00,,,,,,,1273.0,1273.0,,,0.0,,,0.0
2025-12-21 04:00:00,,,,,,,1529.0,1529.0,,,0.0,,,0.0
2025-12-21 05:00:00,,,,,,,1273.0,1273.0,,,0.0,,,0.0
2025-12-21 06:00:00,,,,,,,1273.0,1273.0,,,0.0,,,0.0
2025-12-21 07:00:00,,,,,,,1533.0,1533.0,,,0.0,,,0.0
2025-12-21 08:00:00,,,,,,,249.0,248.0,0.4048,0.25259998,3.0,0.8124,0.14199996,3.0
2025-12-21 09:00:00,0.1538,,,,,,193.0,248.0,0.6562,0.0374,5.0,0.6495,0.04429996,5.0
2025-12-21 10:00:00,,,,,,,249.0,248.0,0.5554,0.2522,6.0,0.6457,0.18,6.0
2025-12-21 11:00:00,,,,,,,505.0,504.0,0.17819999,0.094,6.0,0.9778999,0.0036999583,6.0
2025-12-21 12:00:00,,,,,,,509.0,509.0,0.2496,0.030599998,5.0,0.982,0.004099965,5.0
2025-12-21 13:00:00,,,,,,,509.0,509.0,0.484,0.0786,3.0,0.9232999,0.03850001,3.0
2025-12-21 14:00:00,,,,,,,509.0,509.0,,,0.0,,,0.0
2025-12-21 15:00:00,,,,,,,505.0,504.0,0.6132,0.0,1.0,1.2609999,0.0,1.0
2025-12-21 16:00:00,,,,,,,1533.0,1533.0,,,0.0,,,0.0
2025-12-21 17:00:00,,,,,,,1529.0,1529.0,,,0.0,,,0.0
2025-12-21 18:00:00,,,,,,,1529.0,1529.0,,,0.0,,,0.0
2025-12-21 19:00:00,,,,,,,1273.0,1273.0,,,0.0,,,0.0
2025-12-21 20:00:00,,,,,,,1273.0,1273.0,,,0.0,,,0.0
2025-12-21 21:00:00,,,,,,,1529.0,1529.0,,,0.0,,,0.0
2025-12-21 22:00:00,,,,,,,1273.0,1273.0,,,0.0,,,0.0
2025-12-21 23:00:00,,,,,,,1273.0,1273.0,,,0.0,,,0.0
2025-12-22 00:00:00,,,,,,,1529.0,1529.0,,,0.0,,,0.0
2025-12-22 01:00:00,,,,,,,1533.0,1533.0,,,0.0,,,0.0
2025-12-22 02:00:00,,,,,,,1533.0,1533.0,,,0.0,,,0.0
2025-12-22 03:00:00,,,,,,,1533.0,1533.0,,,0.0,,,0.0
2025-12-22 04:00:00,,,,,,,1533.0,1533.0,,,0.0,,,0.0
2025-12-22 05:00:00,,,,,,,1529.0,1529.0,,,0.0,,,0.0
2025-12-22 06:00:00,,,,,,,1273.0,1273.0,,,0.0,,,0.0
2025-12-22 07:00:00,,,,,,,1529.0,1529.0,,,0.0,,,0.0
2025-12-22 08:00:00,,,,,,,509.0,509.0,,,0.0,,,0.0
2025-12-22 09:00:00,,,,,,,509.0,509.0,1.1272,0.0,1.0,0.56999993,0.0,1.0
2025-12-22 10:00:00,,,,,,,509.0,509.0,,,0.0,,,0.0
2025-12-22 11:00:00,,,,,,,509.0,509.0,,,0.0,,,0.0
2025-12-22 12:00:00,,,,,,,509.0,509.0,,,0.0,,,0.0
2025-12-22 13:00:00,,,,,,,509.0,509.0,,,0.0,,,0.0
2025-12-22 14:00:00,,,,,,,509.0,509.0,,,0.0,,,0.0
2025-12-22 15:00:00,,,,,,,505.0,505.0,,,0.0,,,0.0
2025-12-22 16:00:00,,,,,,,1529.0,1529.0,0.4456,0.0,1.0,1.1553999,0.0,1.0
2025-12-22 17:00:00,,,,,,,1533.0,1533.0,,,0.0,,,0.0
2025-12-22 18:00:00,,,,,,,1533.0,1533.0,,,0.0,,,0.0
2025-12-22 19:00:00,,,,,,,1533.0,1533.0,,,0.0,,,0.0
2025-12-22 20:00:00,,,,,,,1533.0,1533.0,,,0.0,,,0.0
2025-12-22 21:00:00,,,,,,,1529.0,1529.0,,,0.0,,,0.0
2025-12-22 22:00:00,,,,,,,1529.0,1529.0,,,0.0,,,0.0
2025-12-22 23:00:00,,,,,,,1533.0,1533.0,,,0.0,,,0.0
2025-12-23 00:00:00,,,,,,,1533.0,1533.0,,,0.0,,,0.0
2025-12-23 01:00:00,,,,,,,1533.0,1533.0,,,0.0,,,0.0
2025-12-23 02:00:00,,,,,,,1529.0,1529.0,,,0.0,,,0.0
2025-12-23 03:00:00,,,,,,,1529.0,1529.0,,,0.0,,,0.0
2025-12-23 04:00:00,,,,,,,1533.0,1533.0,,,0.0,,,0.0
2025-12-23 05:00:00,,,,,,,1533.0,1533.0,,,0.0,,,0.0
2025-12-23 06:00:00,,,,,,,1533.0,1533.0,,,0.0,,,0.0
2025-12-23 07:00:00,,,,,,,1533.0,1533.0,,,0.0,,,0.0
2025-12-23 08:00:00,,,,,,,509.0,509.0,,,0.0,,,0.0
2025-12-23 09:00:00,,,,,,,509.0,509.0,,,0.0,,,0.0
2025-12-23 10:00:00,,,,,,,505.0,504.0,0.8164,0.0942,2.0,0.76399994,0.015199959,2.0
2025-12-23 11:00:00,,,,,,,505.0,504.0,0.5718,0.109,6.0,0.9836,0.07849997,6.0
2025-12-23 12:00:00,,,,,,,509.0,509.0,0.83919996,0.1308,4.0,0.95519996,0.100899994,4.0
2025-12-23 13:00:00,,,,,,,505.0,504.0,1.2312,0.2058,3.0,0.5619999,0.082700014,3.0
2025-12-23 14:00:00,,,,,,,509.0,509.0,,,0.0,,,0.0
2025-12-23 15:00:00,,,,,,,509.0,509.0,0.4314,0.0358,4.0,0.9635999,0.037800014,4.0
2025-12-23 16:00:00,,,,,,,1533.0,1533.0,,,0.0,,,0.0
2025-12-23 17:00:00,,,,,,,1533.0,1533.0,,,0.0,,,0.0
2025-12-23 18:00:00,,,,,,,1533.0,1533.0,,,0.0,,,0.0
2025-12-23 19:00:00,,,,,,,1533.0,1533.0,,,0.0,,,0.0
2025-12-23 20:00:00,,,,,,,1533.0,1533.0,,,0.0,,,0.0
2025-12-23 21:00:00,,,,,,,1533.0,1533.0,,,0.0,,,0.0
2025-12-23 22:00:00,,,,,,,1533.0,1533.0,,,0.0,,,0.0
2025-12-23 23:00:00,,,,,,,1533.0,1533.0,,,0.0,,,0.0
2025-12-24 00:00:00,,,,,,,1533.0,1533.0,,,0.0,,,0.0
2025-12-24 01:00:00,,,,,,,1533.0,1533.0,,,0.0,,,0.0
2025-12-24 02:00:00,,,,,,,1529.0,1529.0,,,0.0,,,0.0
2025-12-24 03:00:00,,,,,,,1533.0,1533.0,,,0.0,,,0.0
2025-12-24 04:00:00,,,,,,,1529.0,1529.0,,,0.0,,,0.0
2025-12-24 05:00:00,,,,,,,1533.0,1533.0,,,0.0,,,0.0
2025-12-24 06:00:00,,,,,,,1533.0,1533.0,,,0.0,,,0.0
2025-12-24 07:00:00,,,,,,,1533.0,1533.0,,,0.0,,,0.0
2025-12-24 08:00:00,,,,,,,509.0,509.0,,,0.0,,,0.0
2025-12-24 09:00:00,,,,,,,509.0,509.0,,,0.0,,,0.0
2025-12-24 10:00:00,,,,,,,509.0,509.0,,,0.0,,,0.0
2025-12-24 11:00:00,,,,,,,505.0,505.0,,,0.0,,,0.0
2025-12-24 12:00:00,,,,,,,509.0,509.0,,,0.0,,,0.0
2025-12-24 13:00:00,,,,,,,509.0,509.0,,,0.0,,,0.0
2025-12-24 14:00:00,,,,,,,509.0,509.0,,,0.0,,,0.0
2025-12-24 15:00:00,,,,,,,509.0,509.0,,,0.0,,,0.0
2025-12-24 16:00:00,,,,,,,505.0,505.0,,,0.0,,,0.0
2025-12-24 17:00:00,,,,,,,1529.0,1529.0,,,0.0,,,0.0
2025-12-24 18:00:00,,,,,,,1533.0,1533.0,,,0.0,,,0.0
2025-12-24 19:00:00,,,,,,,1533.0,1533.0,,,0.0,,,0.0
2025-12-24 20:00:00,,,,,,,1273.0,1273.0,,,0.0,,,0.0
2025-12-24 21:00:00,,,,,,,1533.0,1533.0,,,0.0,,,0.0
2025-12-24 22:00:00,,,,,,,1273.0,1273.0,,,0.0,,,0.0
2025-12-24 23:00:00,,,,,,,1533.0,1533.0,,,0.0,,,0.0
2025-12-25 00:00:00,,,,,,,1533.0,1533.0,,,0.0,,,0.0
2025-12-25 01:00:00,,,,,,,1529.0,1529.0,,,0.0,,,0.0
2025-12-25 02:00:00,,,,,,,1529.0,1529.0,,,0.0,,,0.0
2025-12-25 03:00:00,,,,,,,1533.0,1533.0,,,0.0,,,0.0
2025-12-25 04:00:00,,,,,,,1533.0,1533.0,,,0.0,,,0.0
2025-12-25 05:00:00,,,,,,,1533.0,1533.0,,,0.0,,,0.0
2025-12-25 06:00:00,,,,,,,1529.0,1529.0,,,0.0,,,0.0
2025-12-25 07:00:00,,,,,,,1533.0,1533.0,,,0.0,,,0.0
2025-12-25 08:00:00,,,,,,,509.0,509.0,,,0.0,,,0.0
2025-12-25 09:00:00,,,,,,,509.0,509.0,,,0.0,,,0.0
2025-12-25 10:00:00,,,,,,,509.0,509.0,,,0.0,,,0.0
2025-12-25 11:00:00,,,,,,,509.0,509.0,,,0.0,,,0.0
2025-12-25 12:00:00,,,,,,,509.0,509.0,,,0.0,,,0.0
2025-12-25 13:00:00,,,,,,,509.0,509.0,,,0.0,,,0.0
2025-12-25 14:00:00,,,,,,,505.0,505.0,,,0.0,,,0.0
2025-12-25 15:00:00,,,,,,,509.0,509.0,,,0.0,,,0.0
2025-12-25 16:00:00,,,,,,,509.0,509.0,,,0.0,,,0.0
2025-12-25 17:00:00,,,,,,,1533.0,1533.0,,,0.0,,,0.0
2025-12-25 18:00:00,,,,,,,1533.0,1533.0,,,0.0,,,0.0
2025-12-25 19:00:00,,,,,,,1533.0,1533.0,,,0.0,,,0.0
2025-12-25 20:00:00,,,,,,,1529.0,1529.0,,,0.0,,,0.0
2025-12-25 21:00:00,,,,,,,1533.0,1533.0,,,0.0,,,0.0
2025-12-25 22:00:00,,,,,,,1533.0,1533.0,,,0.0,,,0.0
2025-12-25 23:00:00,,,,,,,1529.0,1529.0,,,0.0,,,0.0
2025-12-26 00:00:00,,,,,,,1533.0,1533.0,,,0.0,,,0.0
2025-12-26 01:00:00,,,,,,,1533.0,1533.0,,,0.0,,,0.0
2025-12-26 02:00:00,,,,,,,1529.0,1529.0,,,0.0,,,0.0
2025-12-26 03:00:00,,,,,,,1529.0,1529.0,,,0.0,,,0.0
2025-12-26 04:00:00,,,,,,,1529.0,1529.0,,,0.0,,,0.0
2025-12-26 05:00:00,,,,,,,1273.0,1273.0,,,0.0,,,0.0
2025-12-26 06:00:00,,,,,,,1529.0,1529.0,,,0.0,,,0.0
2025-12-26 07:00:00,,,,,,,1533.0,1533.0,,,0.0,,,0.0
2025-12-26 08:00:00,,,,,,,505.0,505.0,,,0.0,,,0.0
2025-12-26 09:00:00,,,,,,,509.0,509.0,1.3038,0.0,1.0,0.4206,0.0,1.0
2025-12-26 10:00:00,,,,,,,509.0,509.0,0.941,0.0,1.0,0.6819,0.0,1.0
2025-12-26 11:00:00,,,,,,,509.0,509.0,,,0.0,,,0.0
2025-12-26 12:00:00,,,,,,,509.0,509.0,,,0.0,,,0.0
2025-12-26 13:00:00,,,,,,,509.0,509.0,,,0.0,,,0.0
2025-12-26 14:00:00,,,,,,,509.0,509.0,,,0.0,,,0.0
2025-12-26 15:00:00,,,,,,,509.0,509.0,,,0.0,,,0.0
2025-12-26 16:00:00,,,,,,,509.0,509.0,,,0.0,,,0.0
2025-12-26 17:00:00,,,,,,,1533.0,1533.0,,,0.0,,,0.0
2025-12-26 18:00:00,,,,,,,1533.0,1533.0,,,0.0,,,0.0
2025-12-26 19:00:00,,,,,,,1529.0,1529.0,,,0.0,,,0.0
2025-12-26 20:00:00,,,,,,,1533.0,1533.0,,,0.0,,,0.0
2025-12-26 21:00:00,,,,,,,1533.0,1533.0,,,0.0,,,0.0
2025-12-26 22:00:00,,,,,,,1529.0,1529.0,,,0.0,,,0.0
2025-12-26 23:00:00,,,,,,,1533.0,1533.0,,,0.0,,,0.0
2025-12-27 00:00:00,,,,,,,1529.0,1529.0,,,0.0,,,0.0
2025-12-27 01:00:00,,,,,,,1533.0,1533.0,,,0.0,,,0.0
2025-12-27 02:00:00,,,,,,,1533.0,1533.0,,,0.0,,,0.0
2025-12-27 03:00:00,,,,,,,1529.0,1529.0,,,0.0,,,0.0
2025-12-27 04:00:00,,,,,,,1533.0,1533.0,,,0.0,,,0.0
2025-12-27 05:00:00,,,,,,,1273.0,1273.0,,,0.0,,,0.0
2025-12-27 06:00:00,,,,,,,1273.0,1273.0,,,0.0,,,0.0
2025-12-27 07:00:00,,,,,,,1273.0,1273.0,,,0.0,,,0.0
2025-12-27 08:00:00,,,,,,,509.0,509.0,,,0.0,,,0.0
2025-12-27 09:00:00,,,,,,,509.0,509.0,,,0.0,,,0.0
2025-12-27 10:00:00,,,,,,,509.0,509.0,,,0.0,,,0.0
2025-12-27 11:00:00,,,,,,,509.0,509.0,,,0.0,,,0.0
2025-12-27 12:00:00,,,,,,,509.0,509.0,,,0.0,,,0.0
2025-12-27 13:00:00,,,,,,,509.0,509.0,,,0.0,,,0.0
2025-12-27 14:00:00,,,,,,,509.0,509.0,,,0.0,,,0.0
2025-12-27 15:00:00,,,,,,,509.0,509.0,,,0.0,,,0.0
2025-12-27 16:00:00,,,,,,,509.0,509.0,,,0.0,,,0.0
2025-12-27 17:00:00,,,,,,,1533.0,1533.0,,,0.0,,,0.0
2025-12-27 18:00:00,,,,,,,1529.0,1529.0,,,0.0,,,0.0
2025-12-27 19:00:00,,,,,,,1533.0,1533.0,,,0.0,,,0.0
2025-12-27 20:00:00,,,,,,,1529.0,1529.0,,,0.0,,,0.0
2025-12-27 21:00:00,,,,,,,1533.0,1533.0,,,0.0,,,0.0
2025-12-27 22:00:00,,,,,,,1533.0,1533.0,,,0.0,,,0.0
2025-12-27 23:00:00,,,,,,,1533.0,1533.0,,,0.0,,,0.0
2025-12-28 00:00:00,,,,,,,1533.0,1533.0,,,0.0,,,0.0
2025-12-28 01:00:00,,,,,,,1533.0,1533.0,,,0.0,,,0.0
2025-12-28 02:00:00,,,,,,,1533.0,1533.0,,,0.0,,,0.0
2025-12-28 03:00:00,,,,,,,1273.0,1273.0,,,0.0,,,0.0
2025-12-28 04:00:00,,,,,,,1529.0,1529.0,,,0.0,,,0.0
2025-12-28 05:00:00,,,,,,,1529.0,1529.0,,,0.0,,,0.0
2025-12-28 06:00:00,,,,,,,1273.0,1273.0,,,0.0,,,0.0
2025-12-28 07:00:00,,,,,,,1533.0,1533.0,,,0.0,,,0.0
2025-12-28 08:00:00,,,,,,,249.0,248.0,0.603,0.094399996,2.0,0.9390999,0.21529996,2.0
2025-12-28 09:00:00,0.38099998,,,,,,193.0,248.0,0.733,0.0766,6.0,0.65049994,0.10429996,6.0
2025-12-28 10:00:00,,,,,,,509.0,509.0,0.99939996,0.20019999,5.0,0.4806,0.12459999,5.0
2025-12-28 11:00:00,,,,,,,509.0,509.0,,,0.0,,,0.0
2025-12-28 12:00:00,,,,,,,505.0,504.0,0.493,0.0418,4.0,1.0735999,0.050799966,4.0
2025-12-28 13:00:00,,,,,,,509.0,509.0,,,0.0,,,0.0
2025-12-28 14:00:00,,,,,,,509.0,509.0,1.064,0.0,1.0,0.582,0.0,1.0
2025-12-28 15:00:00,,,,,,,509.0,509.0,0.788,0.049599998,2.0,1.0511999,0.162,2.0
2025-12-28 16:00:00,,,,,,,509.0,509.0,,,0.0,,,0.0
2025-12-28 17:00:00,,,,,,,1529.0,1529.0,,,0.0,,,0.0
2025-12-28 18:00:00,,,,,,,1533.0,1533.0,,,0.0,,,0.0
2025-12-28 19:00:00,,,,,,,1273.0,1273.0,,,0.0,,,0.0
2025-12-28 20:00:00,,,,,,,1533.0,1533.0,,,0.0,,,0.0
2025-12-28 21:00:00,,,,,,,1529.0,1529.0,,,0.0,,,0.0
2025-12-28 22:00:00,,,,,,,1273.0,1273.0,,,0.0,,,0.0
2025-12-28 23:00:00,,,,,,,1273.0,1273.0,,,0.0,,,0.0
2025-12-29 00:00:00,,,,,,,1273.0,1273.0,,,0.0,,,0.0
2025-12-29 01:00:00,,,,,,,1273.0,1273.0,,,0.0,,,0.0
2025-12-29 02:00:00,,,,,,,1273.0,1273.0,,,0.0,,,0.0
2025-12-29 03:00:00,,,,,,,1273.0,1273.0,,,0.0,,,0.0
2025-12-29 04:00:00,,,,,,,1273.0,1273.0,,,0.0,,,0.0
2025-12-29 05:00:00,,,,,,,1529.0,1529.0,,,0.0,,,0.0
2025-12-29 06:00:00,,,,,,,1273.0,1273.0,,,0.0,,,0.0
2025-12-29 07:00:00,,,,,,,1529.0,1529.0,,,0.0,,,0.0
2025-12-29 08:00:00,,,,,,,509.0,509.0,,,0.0,,,0.0
2025-12-29 09:00:00,,,,,,,509.0,509.0,,,0.0,,,0.0
2025-12-29 10:00:00,,,,,,,509.0,509.0,1.1342,0.0,1.0,0.2331,0.0,1.0
2025-12-29 11:00:00,,,,,,,509.0,509.0,,,0.0,,,0.0
2025-12-29 12:00:00,,,,,,,509.0,509.0,0.6006,0.0,1.0,0.9728,0.0,1.0
2025-12-29 13:00:00,,,,,,,509.0,509.0,0.4946,0.1398,2.0,0.9915,0.104200006,2.0
2025-12-29 14:00:00,,,,,,,509.0,509.0,,,0.0,,,0.0
2025-12-29 15:00:00,,,,,,,509.0,509.0,0.7574,0.091,3.0,0.5919,0.15059996,3.0
2025-12-29 16:00:00,,,,,,,505.0,504.0,0.9174,0.0,1.0,0.9951,0.0,1.0
2025-12-29 17:00:00,,,,,,,1533.0,1533.0,,,0.0,,,0.0
2025-12-29 18:00:00,,,,,,,1533.0,1533.0,,,0.0,,,0.0
2025-12-29 19:00:00,,,,,,,1533.0,1533.0,,,0.0,,,0.0
2025-12-29 20:00:00,,,,,,,1529.0,1529.0,,,0.0,,,0.0
2025-12-29 21:00:00,,,,,,,1533.0,1533.0,,,0.0,,,0.0
2025-12-29 22:00:00,,,,,,,1533.0,1533.0,,,0.0,,,0.0
2025-12-29 23:00:00,,,,,,,1533.0,1533.0,,,0.0,,,0.0
2025-12-30 00:00:00,,,,,,,1533.0,1533.0,,,0.0,,,0.0
2025-12-30 01:00:00,,,,,,,1533.0,1533.0,,,0.0,,,0.0
2025-12-30 02:00:00,,,,,,,1533.0,1533.0,,,0.0,,,0.0
2025-12-30 03:00:00,,,,,,,1533.0,1533.0,,,0.0,,,0.0
2025-12-30 04:00:00,,,,,,,1533.0,1533.0,,,0.0,,,0.0
2025-12-30 05:00:00,,,,,,,1533.0,1533.0,,,0.0,,,0.0
2025-12-30 06:00:00,,,,,,,1273.0,1273.0,,,0.0,,,0.0
2025-12-30 07:00:00,,,,,,,1529.0,1529.0,,,0.0,,,0.0
2025-12-30 08:00:00,,,,,,,505.0,504.0,0.86079997,0.34759998,2.0,0.6277,0.31699997,2.0
2025-12-30 09:00:00,,,,,,,505.0,505.0,1.5289999,0.1016,2.0,0.18579996,0.07730001,2.0
2025-12-30 10:00:00,,,,,,,509.0,509.0,1.4246,0.0,1.0,0.1868,0.0,1.0
2025-12-30 11:00:00,,,,,,,509.0,509.0,,,0.0,,,0.0
2025-12-30 12:00:00,,,,,,,509.0,509.0,,,0.0,,,0.0
2025-12-30 13:00:00,,,,,,,509.0,509.0,,,0.0,,,0.0
2025-12-30 14:00:00,,,,,,,509.0,509.0,,,0.0,,,0.0
2025-12-30 15:00:00,,,,,,,509.0,509.0,0.8954,0.1196,2.0,0.55779994,0.11899996,2.0
2025-12-30 16:00:00,,,,,,,505.0,505.0,0.4768,0.0112,3.0,0.8958,0.058699965,3.0
2025-12-30 17:00:00,,,,,,,1529.0,1529.0,,,0.0,,,0.0
2025-12-30 18:00:00,,,,,,,1533.0,1533.0,,,0.0,,,0.0
2025-12-30 19:00:00,,,,,,,1533.0,1533.0,,,0.0,,,0.0
2025-12-30 20:00:00,,,,,,,1529.0,1529.0,,,0.0,,,0.0
2025-12-30 21:00:00,,,,,,,1273.0,1273.0,,,0.0,,,0.0
2025-12-30 22:00:00,,,,,,,1533.0,1533.0,,,0.0,,,0.0
2025-12-30 23:00:00,,,,,,,1273.0,1273.0,,,0.0,,,0.0
2025-12-31 00:00:00,,,,,,,1533.0,1533.0,,,0.0,,,0.0
2025-12-31 01:00:00,,,,,,,1533.0,1533.0,,,0.0,,,0.0
2025-12-31 02:00:00,,,,,,,1533.0,1533.0,,,0.0,,,0.0
2025-12-31 03:00:00,,,,,,,1533.0,1533.0,,,0.0,,,0.0
2025-12-31 04:00:00,,,,,,,1273.0,1273.0,,,0.0,,,0.0
2025-12-31 05:00:00,,,,,,,1273.0,1273.0,,,0.0,,,0.0
2025-12-31 06:00:00,,,,,,,1533.0,1533.0,,,0.0,,,0.0
2025-12-31 07:00:00,,,,,,,1533.0,1533.0,,,0.0,,,0.0
2025-12-31 09:00:00,0.3626,,,,,,449.0,504.0,0.9686,0.2446,6.0,0.622,0.08219999,6.0
2025-12-31 10:00:00,,,,,,,509.0,509.0,,,0.0,,,0.0
2025-12-31 11:00:00,,,,,,,509.0,509.0,0.7104,0.0,1.0,1.0831,0.0,1.0
2025-12-31 12:00:00,,,,,,,509.0,509.0,,,0.0,,,0.0
2025-12-31 13:00:00,,,,,,,509.0,509.0,,,0.0,,,0.0
2025-12-31 14:00:00,,,,,,,509.0,509.0,,,0.0,,,0.0
2025-12-31 15:00:00,,,,,,,505.0,504.0,0.99939996,0.1374,5.0,0.6546,0.23689997,5.0
2025-12-31 16:00:00,,,,,,,505.0,504.0,0.6088,0.16839999,5.0,0.9828,0.2564,5.0
2025-12-31 17:00:00,,,,,,,1529.0,1529.0,,,0.0,,,0.0
2025-12-31 18:00:00,,,,,,,1529.0,1529.0,,,0.0,,,0.0
2025-12-31 19:00:00,,,,,,,1529.0,1529.0,,,0.0,,,0.0
2025-12-31 20:00:00,,,,,,,1533.0,1533.0,,,0.0,,,0.0
2025-12-31 21:00:00,,,,,,,1533.0,1533.0,,,0.0,,,0.0
2025-12-31 22:00:00,,,,,,,1533.0,1533.0,,,0.0,,,0.0
2025-12-31 23:00:00,,,,,,,1529.0,1529.0,,,0.0,,,0.0
2026-01-01 00:00:00,,,,,,,1529.0,1529.0,,,0.0,,,0.0
2026-01-01 01:00:00,,,,,,,1529.0,1529.0,,,0.0,,,0.0
2026-01-01 02:00:00,,,,,,,1533.0,1533.0,,,0.0,,,0.0
2026-01-01 03:00:00,,,,,,,1533.0,1533.0,,,0.0,,,0.0
2026-01-01 04:00:00,,,,,,,1529.0,1529.0,,,0.0,,,0.0
2026-01-01 05:00:00,,,,,,,1273.0,1273.0,,,0.0,,,0.0
2026-01-01 06:00:00,,,,,,,1273.0,1273.0,,,0.0,,,0.0
