timestamp,AOT_Merged,AOT_Pure,AOT_Merged_uncertainty,AOT_Pure_uncertainty,AE_Merged,AE_Pure,QA_flag_Merged,QA_flag_Pure,AOT_L2_Mean,AOT_L2_SDV,AOT_L2_Num,AE_L2_Mean,AE_L2_SDV,AE_L2_Num
2025-01-01 07:00:00,,,,,,,1273.0,1273.0,,,0.0,,,0.0
2025-01-01 08:00:00,,,,,,,1273.0,1273.0,,,0.0,,,0.0
2025-01-01 09:00:00,0.67939997,,,,,,2241.0,2296.0,0.4456,0.069,5.0,1.7623999,0.17140001,5.0
2025-01-01 10:00:00,0.6976,0.6132,0.6034,0.6031,,1.3994999,192.0,0.0,0.30719998,0.146,6.0,1.4197999,0.026799977,6.0
2025-01-01 11:00:00,0.908,1.0612,0.46969998,0.4691,-0.28750002,1.1782,0.0,0.0,1.0217999,0.0392,2.0,1.3231,0.14489996,2.0
2025-01-01 12:00:00,0.9992,1.1244,0.6358,0.6354,,0.5813,192.0,0.0,0.99079996,0.1064,5.0,1.2195,0.3416,5.0
2025-01-01 13:00:00,1.043,0.9824,0.2613,0.2604,,1.2458999,192.0,0.0,1.0364,0.081999995,6.0,1.074,0.17759997,6.0
2025-01-01 14:00:00,0.9094,,,,,,193.0,248.0,1.129,0.0788,6.0,1.43,0.11399996,6.0
2025-01-01 15:00:00,0.85899997,,,,,,193.0,249.0,1.4236,0.0656,5.0,1.4598,0.07080001,5.0
2025-01-01 16:00:00,0.81079996,,,,,,1477.0,1533.0,,,0.0,,,0.0
2025-01-01 17:00:00,,,,,,,1273.0,1273.0,,,0.0,,,0.0
2025-01-01 18:00:00,,,,,,,1273.0,1273.0,,,0.0,,,0.0
2025-01-01 19:00:00,,,,,,,1273.0,1273.0,,,0.0,,,0.0
2025-01-01 20:00:00,,,,,,,1273.0,1273.0,,,0.0,,,0.0
2025-01-01 21:00:00,,,,,,,1273.0,1273.0,,,0.0,,,0.0
2025-01-01 22:00:00,,,,,,,1273.0,1273.0,,,0.0,,,0.0
2025-01-01 23:00:00,,,,,,,1273.0,1273.0,,,0.0,,,0.0
2025-01-02 00:00:00,,,,,,,1273.0,1273.0,,,0.0,,,0.0
2025-01-02 01:00:00,,,,,,,1273.0,1273.0,,,0.0,,,0.0
2025-01-02 02:00:00,,,,,,,1273.0,1273.0,,,0.0,,,0.0
2025-01-02 03:00:00,,,,,,,1273.0,1273.0,,,0.0,,,0.0
2025-01-02 04:00:00,,,,,,,1533.0,1533.0,,,0.0,,,0.0
2025-01-02 05:00:00,,,,,,,1533.0,1533.0,,,0.0,,,0.0
2025-01-02 06:00:00,,,,,,,1529.0,1529.0,,,0.0,,,0.0
2025-01-02 07:00:00,,,,,,,1273.0,1273.0,,,0.0,,,0.0
2025-01-02 08:00:00,,,,,,,1273.0,1273.0,,,0.0,,,0.0
2025-01-02 09:00:00,,,,,,,2297.0,2296.0,0.46339998,0.0694,5.0,1.7704,0.16689998,5.0
2025-01-02 10:00:00,0.798,,,,,,193.0,248.0,0.54039997,0.347,6.0,1.4959999,0.018299997,6.0
2025-01-02 11:00:00,0.89,,,,,,193.0,248.0,1.423,0.0896,4.0,1.4240999,0.153,4.0
2025-01-02 12:00:00,,,,,,,505.0,504.0,1.5294,0.23719999,6.0,1.1746,0.21599996,6.0
2025-01-02 13:00:00,,,,,,,509.0,509.0,2.08,0.2102,3.0,0.68869996,0.07429999,3.0
2025-01-02 14:00:00,,,,,,,509.0,509.0,1.4355999,0.1222,2.0,1.1681,0.20679998,2.0
2025-01-02 15:00:00,,,,,,,509.0,509.0,,,0.0,,,0.0
2025-01-02 16:00:00,,,,,,,1533.0,1533.0,,,0.0,,,0.0
2025-01-02 17:00:00,,,,,,,1533.0,1533.0,,,0.0,,,0.0
2025-01-02 18:00:00,,,,,,,1529.0,1529.0,,,0.0,,,0.0
2025-01-02 19:00:00,,,,,,,1529.0,1529.0,,,0.0,,,0.0
2025-01-02 20:00:00,,,,,,,1533.0,1533.0,,,0.0,,,0.0
2025-01-02 21:00:00,,,,,,,1529.0,1529.0,,,0.0,,,0.0
2025-01-02 22:00:00,,,,,,,1529.0,1529.0,,,0.0,,,0.0
2025-01-02 23:00:00,,,,,,,1533.0,1533.0,,,0.0,,,0.0
2025-01-03 00:00:00,,,,,,,1533.0,1533.0,,,0.0,,,0.0
2025-01-03 01:00:00,,,,,,,1529.0,1529.0,,,0.0,,,0.0
2025-01-03 02:00:00,,,,,,,1529.0,1529.0,,,0.0,,,0.0
2025-01-03 03:00:00,,,,,,,1273.0,1273.0,,,0.0,,,0.0
2025-01-03 04:00:00,,,,,,,1273.0,1273.0,,,0.0,,,0.0
2025-01-03 05:00:00,,,,,,,1273.0,1273.0,,,0.0,,,0.0
2025-01-03 06:00:00,,,,,,,1273.0,1273.0,,,0.0,,,0.0
2025-01-03 07:00:00,,,,,,,1533.0,1533.0,,,0.0,,,0.0
2025-01-03 08:00:00,,,,,,,1273.0,1273.0,,,0.0,,,0.0
2025-01-03 09:00:00,0.811,,,,,,2241.0,2296.0,0.4278,0.0694,5.0,1.7254999,0.13769996,5.0
2025-01-03 10:00:00,0.81,0.7644,0.60929996,0.6089,,,2240.0,2240.0,0.3488,0.19839999,6.0,1.4517,0.014400005,6.0
2025-01-03 11:00:00,0.83919996,1.1408,0.48409998,0.4833,,1.1516,192.0,0.0,1.0292,0.20279999,3.0,1.3944999,0.17939997,3.0
2025-01-03 12:00:00,0.94299996,0.9482,0.59929997,0.5988,,0.6668999,192.0,0.0,1.111,0.097399995,6.0,1.2227999,0.268,6.0
2025-01-03 13:00:00,0.8326,0.6976,0.3464,0.3461,,1.0267,192.0,0.0,0.8012,0.0928,6.0,0.94869995,0.1448,6.0
2025-01-03 14:00:00,0.72279996,0.8142,0.2502,0.2497,,1.2407,192.0,0.0,0.7216,0.047599997,6.0,1.2947999,0.17939997,6.0
2025-01-03 15:00:00,0.7466,,,,,,193.0,249.0,0.918,0.1096,5.0,1.4583999,0.08289999,5.0
2025-01-03 16:00:00,0.6768,,,,,,1217.0,1273.0,,,0.0,,,0.0
2025-01-03 17:00:00,,,,,,,1273.0,1273.0,,,0.0,,,0.0
2025-01-03 18:00:00,,,,,,,1273.0,1273.0,,,0.0,,,0.0
2025-01-03 19:00:00,,,,,,,1273.0,1273.0,,,0.0,,,0.0
2025-01-03 20:00:00,,,,,,,1273.0,1273.0,,,0.0,,,0.0
2025-01-03 21:00:00,,,,,,,1273.0,1273.0,,,0.0,,,0.0
2025-01-03 22:00:00,,,,,,,1273.0,1273.0,,,0.0,,,0.0
2025-01-03 23:00:00,,,,,,,1273.0,1273.0,,,0.0,,,0.0
2025-01-04 00:00:00,,,,,,,1273.0,1273.0,,,0.0,,,0.0
2025-01-04 01:00:00,,,,,,,1273.0,1273.0,,,0.0,,,0.0
2025-01-04 02:00:00,,,,,,,1273.0,1273.0,,,0.0,,,0.0
2025-01-04 03:00:00,,,,,,,1273.0,1273.0,,,0.0,,,0.0
2025-01-04 04:00:00,,,,,,,1273.0,1273.0,,,0.0,,,0.0
2025-01-04 05:00:00,,,,,,,1273.0,1273.0,,,0.0,,,0.0
2025-01-04 06:00:00,,,,,,,1273.0,1273.0,,,0.0,,,0.0
2025-01-04 07:00:00,,,,,,,1273.0,1273.0,,,0.0,,,0.0
2025-01-04 08:00:00,,,,,,,1273.0,1273.0,,,0.0,,,0.0
2025-01-04 09:00:00,0.7636,,,,,,2241.0,2296.0,0.6254,0.1986,5.0,1.7073,0.13849998,5.0
2025-01-04 10:00:00,0.84639996,,,,,,449.0,504.0,0.4378,0.17359999,6.0,1.4519999,0.10170001,6.0
2025-01-04 11:00:00,,,,,,,505.0,504.0,1.1112,0.109799996,3.0,1.4521999,0.12959999,3.0
2025-01-04 12:00:00,1.1326,,,,,,193.0,248.0,1.4718,0.0208,5.0,1.2748,0.16259998,5.0
2025-01-04 13:00:00,1.0918,1.0224,0.3888,0.3877,-0.407,0.6496,0.0,0.0,1.1392,0.1072,5.0,1.0900999,0.26059997,5.0
2025-01-04 14:00:00,,,,,,,249.0,249.0,1.0654,0.099999994,4.0,0.8837,0.1135,4.0
2025-01-04 15:00:00,,,,,,,249.0,249.0,,,0.0,,,0.0
2025-01-04 16:00:00,,,,,,,1533.0,1533.0,,,0.0,,,0.0
2025-01-04 17:00:00,,,,,,,1273.0,1273.0,,,0.0,,,0.0
2025-01-04 18:00:00,,,,,,,1273.0,1273.0,,,0.0,,,0.0
2025-01-04 19:00:00,,,,,,,1273.0,1273.0,,,0.0,,,0.0
2025-01-04 20:00:00,,,,,,,1273.0,1273.0,,,0.0,,,0.0
2025-01-04 21:00:00,,,,,,,1533.0,1533.0,,,0.0,,,0.0
2025-01-04 22:00:00,,,,,,,1533.0,1533.0,,,0.0,,,0.0
2025-01-04 23:00:00,,,,,,,1533.0,1533.0,,,0.0,,,0.0
2025-01-05 00:00:00,,,,,,,1533.0,1533.0,,,0.0,,,0.0
2025-01-05 01:00:00,,,,,,,1273.0,1273.0,,,0.0,,,0.0
2025-01-05 02:00:00,,,,,,,1273.0,1273.0,,,0.0,,,0.0
2025-01-05 03:00:00,,,,,,,1273.0,1273.0,,,0.0,,,0.0
2025-01-05 04:00:00,,,,,,,1273.0,1273.0,,,0.0,,,0.0
2025-01-05 05:00:00,,,,,,,1529.0,1529.0,,,0.0,,,0.0
2025-01-05 06:00:00,,,,,,,1533.0,1533.0,,,0.0,,,0.0
2025-01-05 07:00:00,,,,,,,1533.0,1533.0,,,0.0,,,0.0
2025-01-05 08:00:00,,,,,,,1533.0,1533.0,,,0.0,,,0.0
2025-01-05 09:00:00,0.83199996,,,,,,2241.0,2296.0,0.3572,0.0,1.0,1.4496,0.0,1.0
2025-01-05 10:00:00,0.8462,0.6526,0.94879997,0.9486,,,192.0,192.0,0.3906,0.1174,6.0,1.3478999,0.2159,6.0
2025-01-05 11:00:00,0.89019996,0.9206,0.774,0.7737,-0.4986,0.7466999,0.0,0.0,0.7072,0.113199994,6.0,0.9887999,0.13129997,6.0
2025-01-05 12:00:00,0.95119995,0.9928,0.4247,0.4242,,1.0582,192.0,0.0,0.87979996,0.0758,6.0,1.0159,0.21810001,6.0
2025-01-05 13:00:00,0.95299995,1.031,0.3854,0.3849,,1.1049,192.0,0.0,0.9578,0.0826,6.0,1.3477999,0.16359997,6.0
2025-01-05 14:00:00,0.9072,,,,,,193.0,249.0,1.0746,0.0122,4.0,1.1435,0.08819997,4.0
2025-01-05 15:00:00,0.8498,,,,,,193.0,249.0,,,0.0,,,0.0
2025-01-05 16:00:00,,,,,,,1533.0,1533.0,,,0.0,,,0.0
2025-01-05 17:00:00,,,,,,,1273.0,1273.0,,,0.0,,,0.0
2025-01-05 18:00:00,,,,,,,1273.0,1273.0,,,0.0,,,0.0
2025-01-05 19:00:00,,,,,,,1273.0,1273.0,,,0.0,,,0.0
2025-01-05 20:00:00,,,,,,,1273.0,1273.0,,,0.0,,,0.0
2025-01-05 21:00:00,,,,,,,1273.0,1273.0,,,0.0,,,0.0
2025-01-05 22:00:00,,,,,,,1273.0,1273.0,,,0.0,,,0.0
2025-01-05 23:00:00,,,,,,,1273.0,1273.0,,,0.0,,,0.0
2025-01-06 00:00:00,,,,,,,1273.0,1273.0,,,0.0,,,0.0
2025-01-06 01:00:00,,,,,,,1273.0,1273.0,,,0.0,,,0.0
2025-01-06 02:00:00,,,,,,,1273.0,1273.0,,,0.0,,,0.0
2025-01-06 03:00:00,,,,,,,1273.0,1273.0,,,0.0,,,0.0
2025-01-06 04:00:00,,,,,,,1273.0,1273.0,,,0.0,,,0.0
2025-01-06 06:00:00,,,,,,,1273.0,1273.0,,,0.0,,,0.0
2025-01-06 07:00:00,,,,,,,1273.0,1273.0,,,0.0,,,0.0
2025-01-06 08:00:00,,,,,,,1273.0,1273.0,,,0.0,,,0.0
2025-01-06 09:00:00,0.65779996,,,,,,2241.0,2296.0,0.7916,0.708,3.0,1.7214999,0.21759999,3.0
2025-01-06 10:00:00,0.6674,0.552,0.8315,0.8312,,,192.0,192.0,0.3166,0.108799994,6.0,1.3612,0.18309999,6.0
2025-01-06 11:00:00,0.81839997,0.8282,0.7539,0.7536,,0.9426,192.0,0.0,0.5822,0.1138,6.0,1.2454,0.14389998,6.0
2025-01-06 12:00:00,0.9364,1.0172,0.48659998,0.4861,,1.3441999,192.0,0.0,0.87979996,0.0686,6.0,1.262,0.10280001,6.0
2025-01-06 13:00:00,0.91179997,1.0372,0.42339998,0.4229,0.031199992,0.9986999,0.0,0.0,0.9432,0.088999994,6.0,1.5432,0.27199996,6.0
2025-01-06 14:00:00,0.8418,,,,,,193.0,249.0,0.9058,0.0212,5.0,1.1788,0.0722,5.0
2025-01-06 15:00:00,0.802,,,,,,193.0,249.0,,,0.0,,,0.0
2025-01-06 16:00:00,,,,,,,1533.0,1533.0,,,0.0,,,0.0
2025-01-06 17:00:00,,,,,,,1273.0,1273.0,,,0.0,,,0.0
2025-01-06 18:00:00,,,,,,,1273.0,1273.0,,,0.0,,,0.0
2025-01-06 19:00:00,,,,,,,1273.0,1273.0,,,0.0,,,0.0
2025-01-06 20:00:00,,,,,,,1273.0,1273.0,,,0.0,,,0.0
2025-01-06 21:00:00,,,,,,,1273.0,1273.0,,,0.0,,,0.0
2025-01-06 22:00:00,,,,,,,1273.0,1273.0,,,0.0,,,0.0
2025-01-06 23:00:00,,,,,,,1273.0,1273.0,,,0.0,,,0.0
2025-01-07 00:00:00,,,,,,,1273.0,1273.0,,,0.0,,,0.0
2025-01-07 01:00:00,,,,,,,1529.0,1529.0,,,0.0,,,0.0
2025-01-07 02:00:00,,,,,,,1273.0,1273.0,,,0.0,,,0.0
2025-01-07 03:00:00,,,,,,,1533.0,1533.0,,,0.0,,,0.0
2025-01-07 04:00:00,,,,,,,1533.0,1533.0,,,0.0,,,0.0
2025-01-07 05:00:00,,,,,,,1273.0,1273.0,,,0.0,,,0.0
2025-01-07 06:00:00,,,,,,,1529.0,1529.0,,,0.0,,,0.0
2025-01-07 07:00:00,,,,,,,1533.0,1533.0,,,0.0,,,0.0
2025-01-07 08:00:00,,,,,,,1533.0,1533.0,,,0.0,,,0.0
2025-01-07 09:00:00,,,,,,,509.0,509.0,,,0.0,,,0.0
2025-01-07 10:00:00,,,,,,,509.0,509.0,,,0.0,,,0.0
2025-01-07 11:00:00,,,,,,,505.0,505.0,,,0.0,,,0.0
2025-01-07 12:00:00,,,,,,,509.0,509.0,,,0.0,,,0.0
2025-01-07 13:00:00,,,,,,,509.0,509.0,,,0.0,,,0.0
2025-01-07 14:00:00,,,,,,,509.0,509.0,,,0.0,,,0.0
2025-01-07 15:00:00,,,,,,,509.0,509.0,,,0.0,,,0.0
2025-01-07 16:00:00,,,,,,,1533.0,1533.0,,,0.0,,,0.0
2025-01-07 17:00:00,,,,,,,1533.0,1533.0,,,0.0,,,0.0
2025-01-07 18:00:00,,,,,,,1533.0,1533.0,,,0.0,,,0.0
2025-01-07 19:00:00,,,,,,,1273.0,1273.0,,,0.0,,,0.0
2025-01-07 20:00:00,,,,,,,1273.0,1273.0,,,0.0,,,0.0
2025-01-07 21:00:00,,,,,,,1273.0,1273.0,,,0.0,,,0.0
2025-01-07 22:00:00,,,,,,,1273.0,1273.0,,,0.0,,,0.0
2025-01-07 23:00:00,,,,,,,1533.0,1533.0,,,0.0,,,0.0
2025-01-08 00:00:00,,,,,,,1273.0,1273.0,,,0.0,,,0.0
2025-01-08 01:00:00,,,,,,,1273.0,1273.0,,,0.0,,,0.0
2025-01-08 02:00:00,,,,,,,1529.0,1529.0,,,0.0,,,0.0
2025-01-08 04:00:00,,,,,,,1273.0,1273.0,,,0.0,,,0.0
2025-01-08 05:00:00,,,,,,,1273.0,1273.0,,,0.0,,,0.0
2025-01-08 06:00:00,,,,,,,1273.0,1273.0,,,0.0,,,0.0
2025-01-08 07:00:00,,,,,,,1529.0,1529.0,,,0.0,,,0.0
2025-01-08 08:00:00,,,,,,,1533.0,1533.0,,,0.0,,,0.0
2025-01-08 09:00:00,,,,,,,509.0,509.0,,,0.0,,,0.0
2025-01-08 10:00:00,,,,,,,509.0,509.0,,,0.0,,,0.0
2025-01-08 11:00:00,,,,,,,509.0,509.0,,,0.0,,,0.0
2025-01-08 12:00:00,,,,,,,509.0,509.0,,,0.0,,,0.0
2025-01-08 13:00:00,,,,,,,509.0,509.0,,,0.0,,,0.0
2025-01-08 14:00:00,,,,,,,509.0,509.0,,,0.0,,,0.0
2025-01-08 15:00:00,,,,,,,509.0,509.0,,,0.0,,,0.0
2025-01-08 16:00:00,,,,,,,1533.0,1533.0,,,0.0,,,0.0
2025-01-08 17:00:00,,,,,,,1533.0,1533.0,,,0.0,,,0.0
2025-01-08 18:00:00,,,,,,,1273.0,1273.0,,,0.0,,,0.0
2025-01-08 19:00:00,,,,,,,1533.0,1533.0,,,0.0,,,0.0
2025-01-08 20:00:00,,,,,,,1529.0,1529.0,,,0.0,,,0.0
2025-01-08 21:00:00,,,,,,,1529.0,1529.0,,,0.0,,,0.0
2025-01-08 22:00:00,,,,,,,1533.0,1533.0,,,0.0,,,0.0
2025-01-08 23:00:00,,,,,,,1273.0,1273.0,,,0.0,,,0.0
2025-01-09 00:00:00,,,,,,,1529.0,1529.0,,,0.0,,,0.0
2025-01-09 01:00:00,,,,,,,1273.0,1273.0,,,0.0,,,0.0
2025-01-09 02:00:00,,,,,,,1533.0,1533.0,,,0.0,,,0.0
2025-01-09 03:00:00,,,,,,,1529.0,1529.0,,,0.0,,,0.0
2025-01-09 04:00:00,,,,,,,1533.0,1533.0,,,0.0,,,0.0
2025-01-09 05:00:00,,,,,,,1273.0,1273.0,,,0.0,,,0.0
2025-01-09 06:00:00,,,,,,,1273.0,1273.0,,,0.0,,,0.0
2025-01-09 07:00:00,,,,,,,1273.0,1273.0,,,0.0,,,0.0
2025-01-09 08:00:00,,,,,,,1533.0,1533.0,,,0.0,,,0.0
2025-01-09 09:00:00,,,,,,,509.0,509.0,,,0.0,,,0.0
2025-01-09 10:00:00,,,,,,,509.0,509.0,,,0.0,,,0.0
2025-01-09 11:00:00,,,,,,,509.0,509.0,,,0.0,,,0.0
2025-01-09 12:00:00,,,,,,,509.0,509.0,,,0.0,,,0.0
2025-01-09 13:00:00,,,,,,,509.0,509.0,,,0.0,,,0.0
2025-01-09 14:00:00,,,,,,,509.0,509.0,,,0.0,,,0.0
2025-01-09 15:00:00,,,,,,,509.0,509.0,,,0.0,,,0.0
2025-01-09 16:00:00,,,,,,,1533.0,1533.0,,,0.0,,,0.0
2025-01-09 17:00:00,,,,,,,1533.0,1533.0,,,0.0,,,0.0
2025-01-09 18:00:00,,,,,,,1273.0,1273.0,,,0.0,,,0.0
2025-01-09 19:00:00,,,,,,,1273.0,1273.0,,,0.0,,,0.0
2025-01-09 20:00:00,,,,,,,1529.0,1529.0,,,0.0,,,0.0
2025-01-09 21:00:00,,,,,,,1273.0,1273.0,,,0.0,,,0.0
2025-01-09 22:00:00,,,,,,,1529.0,1529.0,,,0.0,,,0.0
2025-01-09 23:00:00,,,,,,,1273.0,1273.0,,,0.0,,,0.0
2025-01-10 00:00:00,,,,,,,1273.0,1273.0,,,0.0,,,0.0
2025-01-10 01:00:00,,,,,,,1273.0,1273.0,,,0.0,,,0.0
2025-01-10 02:00:00,,,,,,,1273.0,1273.0,,,0.0,,,0.0
2025-01-10 03:00:00,,,,,,,1529.0,1529.0,,,0.0,,,0.0
2025-01-10 04:00:00,,,,,,,1273.0,1273.0,,,0.0,,,0.0
2025-01-10 05:00:00,,,,,,,1273.0,1273.0,,,0.0,,,0.0
2025-01-10 06:00:00,,,,,,,1533.0,1533.0,,,0.0,,,0.0
2025-01-10 07:00:00,,,,,,,1533.0,1533.0,,,0.0,,,0.0
2025-01-10 08:00:00,,,,,,,1533.0,1533.0,,,0.0,,,0.0
2025-01-10 09:00:00,,,,,,,509.0,509.0,,,0.0,,,0.0
2025-01-10 10:00:00,,,,,,,509.0,509.0,,,0.0,,,0.0
2025-01-10 11:00:00,,,,,,,509.0,509.0,,,0.0,,,0.0
2025-01-10 12:00:00,,,,,,,509.0,509.0,,,0.0,,,0.0
2025-01-10 13:00:00,,,,,,,509.0,509.0,,,0.0,,,0.0
2025-01-10 14:00:00,,,,,,,509.0,509.0,,,0.0,,,0.0
2025-01-10 15:00:00,,,,,,,509.0,509.0,,,0.0,,,0.0
2025-01-10 16:00:00,,,,,,,1533.0,1533.0,,,0.0,,,0.0
2025-01-10 17:00:00,,,,,,,1533.0,1533.0,,,0.0,,,0.0
2025-01-10 18:00:00,,,,,,,1273.0,1273.0,,,0.0,,,0.0
2025-01-10 19:00:00,,,,,,,1273.0,1273.0,,,0.0,,,0.0
2025-01-10 20:00:00,,,,,,,1273.0,1273.0,,,0.0,,,0.0
2025-01-10 21:00:00,,,,,,,1273.0,1273.0,,,0.0,,,0.0
2025-01-10 22:00:00,,,,,,,1273.0,1273.0,,,0.0,,,0.0
2025-01-10 23:00:00,,,,,,,1273.0,1273.0,,,0.0,,,0.0
2025-01-11 00:00:00,,,,,,,1273.0,1273.0,,,0.0,,,0.0
2025-01-11 01:00:00,,,,,,,1273.0,1273.0,,,0.0,,,0.0
2025-01-11 02:00:00,,,,,,,1273.0,1273.0,,,0.0,,,0.0
2025-01-11 03:00:00,,,,,,,1273.0,1273.0,,,0.0,,,0.0
2025-01-11 04:00:00,,,,,,,1273.0,1273.0,,,0.0,,,0.0
2025-01-11 05:00:00,,,,,,,1273.0,1273.0,,,0.0,,,0.0
2025-01-11 06:00:00,,,,,,,1273.0,1273.0,,,0.0,,,0.0
2025-01-11 07:00:00,,,,,,,1273.0,1273.0,,,0.0,,,0.0
2025-01-11 08:00:00,,,,,,,1533.0,1533.0,,,0.0,,,0.0
2025-01-11 09:00:00,,,,,,,509.0,509.0,,,0.0,,,0.0
2025-01-11 10:00:00,,,,,,,509.0,509.0,,,0.0,,,0.0
2025-01-11 11:00:00,,,,,,,509.0,509.0,,,0.0,,,0.0
2025-01-11 12:00:00,,,,,,,509.0,509.0,,,0.0,,,0.0
2025-01-11 13:00:00,,,,,,,509.0,509.0,,,0.0,,,0.0
2025-01-11 14:00:00,,,,,,,509.0,509.0,,,0.0,,,0.0
2025-01-11 15:00:00,,,,,,,249.0,249.0,,,0.0,,,0.0
2025-01-11 16:00:00,,,,,,,1533.0,1533.0,,,0.0,,,0.0
2025-01-11 17:00:00,,,,,,,1533.0,1533.0,,,0.0,,,0.0
2025-01-11 18:00:00,,,,,,,1273.0,1273.0,,,0.0,,,0.0
2025-01-11 19:00:00,,,,,,,1273.0,1273.0,,,0.0,,,0.0
2025-01-11 20:00:00,,,,,,,1273.0,1273.0,,,0.0,,,0.0
2025-01-11 21:00:00,,,,,,,1273.0,1273.0,,,0.0,,,0.0
2025-01-11 22:00:00,,,,,,,1273.0,1273.0,,,0.0,,,0.0
2025-01-11 23:00:00,,,,,,,1273.0,1273.0,,,0.0,,,0.0
2025-01-12 00:00:00,,,,,,,1273.0,1273.0,,,0.0,,,0.0
2025-01-12 01:00:00,,,,,,,1273.0,1273.0,,,0.0,,,0.0
2025-01-12 02:00:00,,,,,,,1273.0,1273.0,,,0.0,,,0.0
2025-01-12 03:00:00,,,,,,,1273.0,1273.0,,,0.0,,,0.0
2025-01-12 04:00:00,,,,,,,1273.0,1273.0,,,0.0,,,0.0
2025-01-12 05:00:00,,,,,,,1273.0,1273.0,,,0.0,,,0.0
2025-01-12 06:00:00,,,,,,,1273.0,1273.0,,,0.0,,,0.0
2025-01-12 07:00:00,,,,,,,1273.0,1273.0,,,0.0,,,0.0
2025-01-12 08:00:00,,,,,,,1273.0,1273.0,,,0.0,,,0.0
2025-01-12 09:00:00,,,,,,,249.0,248.0,0.040599998,0.032199997,3.0,1.1398,0.15959996,3.0
2025-01-12 10:00:00,0.0928,,,,,,193.0,249.0,0.0552,0.007999999,2.0,1.2737999,0.008000016,2.0
2025-01-12 11:00:00,0.1836,,,,,,193.0,248.0,0.22899999,0.0,1.0,0.9992,0.0,1.0
2025-01-12 12:00:00,0.18679999,,,,,,193.0,248.0,0.0712,0.0598,5.0,1.2178999,0.062299967,4.0
2025-01-12 13:00:00,,,,,,,249.0,249.0,,,0.0,,,0.0
2025-01-12 14:00:00,0.26659998,,,,,,193.0,249.0,0.0138,0.0,1.0,1.2801,0.0,1.0
2025-01-12 15:00:00,,,,,,,249.0,249.0,,,0.0,,,0.0
2025-01-12 17:00:00,,,,,,,1529.0,1529.0,,,0.0,,,0.0
2025-01-12 18:00:00,,,,,,,1273.0,1273.0,,,0.0,,,0.0
2025-01-12 19:00:00,,,,,,,1273.0,1273.0,,,0.0,,,0.0
2025-01-12 20:00:00,,,,,,,1273.0,1273.0,,,0.0,,,0.0
2025-01-12 21:00:00,,,,,,,1273.0,1273.0,,,0.0,,,0.0
2025-01-12 22:00:00,,,,,,,1273.0,1273.0,,,0.0,,,0.0
2025-01-12 23:00:00,,,,,,,1273.0,1273.0,,,0.0,,,0.0
2025-01-13 00:00:00,,,,,,,1273.0,1273.0,,,0.0,,,0.0
2025-01-13 01:00:00,,,,,,,1273.0,1273.0,,,0.0,,,0.0
2025-01-13 02:00:00,,,,,,,1273.0,1273.0,,,0.0,,,0.0
2025-01-13 03:00:00,,,,,,,1273.0,1273.0,,,0.0,,,0.0
2025-01-13 04:00:00,,,,,,,1273.0,1273.0,,,0.0,,,0.0
2025-01-13 05:00:00,,,,,,,1273.0,1273.0,,,0.0,,,0.0
2025-01-13 06:00:00,,,,,,,1273.0,1273.0,,,0.0,,,0.0
2025-01-13 07:00:00,,,,,,,1273.0,1273.0,,,0.0,,,0.0
2025-01-13 08:00:00,,,,,,,1273.0,1273.0,,,0.0,,,0.0
2025-01-13 09:00:00,0.104399994,,,,,,193.0,248.0,0.0506,0.023799999,2.0,1.1926999,0.077499986,2.0
2025-01-13 10:00:00,0.1564,,,,,,193.0,249.0,0.060599998,0.0134,2.0,1.2825999,0.011200011,2.0
2025-01-13 11:00:00,0.3374,,,,,,193.0,248.0,0.5922,0.060599998,6.0,0.58579993,0.14129996,6.0
2025-01-13 12:00:00,0.54899997,,,,,,193.0,248.0,0.45119998,0.0506,6.0,1.1654999,0.1002,6.0
2025-01-13 13:00:00,0.6538,0.8074,0.45099998,0.4504,,1.0446999,192.0,0.0,0.6228,0.0832,6.0,1.2584,0.09719998,6.0
2025-01-13 14:00:00,0.6288,,,,,,193.0,249.0,0.78239995,0.087799996,5.0,1.2335,0.21379995,5.0
2025-01-13 15:00:00,0.48819998,,,,,,193.0,248.0,0.28779998,0.0,1.0,1.2479,0.0,1.0
2025-01-13 16:00:00,0.5356,,,,,,1477.0,1533.0,0.49359998,0.058399998,5.0,1.2566999,0.058799982,5.0
2025-01-13 17:00:00,,,,,,,1529.0,1529.0,,,0.0,,,0.0
2025-01-13 18:00:00,,,,,,,1273.0,1273.0,,,0.0,,,0.0
2025-01-13 19:00:00,,,,,,,1273.0,1273.0,,,0.0,,,0.0
2025-01-13 20:00:00,,,,,,,1273.0,1273.0,,,0.0,,,0.0
2025-01-13 21:00:00,,,,,,,1273.0,1273.0,,,0.0,,,0.0
2025-01-13 22:00:00,,,,,,,1273.0,1273.0,,,0.0,,,0.0
2025-01-13 23:00:00,,,,,,,1273.0,1273.0,,,0.0,,,0.0
2025-01-14 00:00:00,,,,,,,1273.0,1273.0,,,0.0,,,0.0
2025-01-14 01:00:00,,,,,,,1273.0,1273.0,,,0.0,,,0.0
2025-01-14 02:00:00,,,,,,,1529.0,1529.0,,,0.0,,,0.0
2025-01-14 03:00:00,,,,,,,1533.0,1533.0,,,0.0,,,0.0
2025-01-14 04:00:00,,,,,,,1529.0,1529.0,,,0.0,,,0.0
2025-01-14 05:00:00,,,,,,,1529.0,1529.0,,,0.0,,,0.0
2025-01-14 06:00:00,,,,,,,1533.0,1533.0,,,0.0,,,0.0
2025-01-14 07:00:00,,,,,,,1529.0,1529.0,,,0.0,,,0.0
2025-01-14 08:00:00,,,,,,,1533.0,1533.0,,,0.0,,,0.0
2025-01-14 09:00:00,,,,,,,509.0,509.0,,,0.0,,,0.0
2025-01-14 10:00:00,,,,,,,509.0,509.0,,,0.0,,,0.0
2025-01-14 11:00:00,,,,,,,509.0,509.0,,,0.0,,,0.0
2025-01-14 12:00:00,,,,,,,509.0,509.0,,,0.0,,,0.0
2025-01-14 13:00:00,,,,,,,509.0,509.0,,,0.0,,,0.0
2025-01-14 14:00:00,,,,,,,509.0,509.0,0.5226,0.1432,3.0,1.1923,0.14379996,3.0
2025-01-14 15:00:00,,,,,,,509.0,509.0,,,0.0,,,0.0
2025-01-14 16:00:00,,,,,,,1533.0,1533.0,,,0.0,,,0.0
2025-01-14 17:00:00,,,,,,,1533.0,1533.0,,,0.0,,,0.0
2025-01-14 18:00:00,,,,,,,1273.0,1273.0,,,0.0,,,0.0
2025-01-14 19:00:00,,,,,,,1273.0,1273.0,,,0.0,,,0.0
2025-01-14 20:00:00,,,,,,,1533.0,1533.0,,,0.0,,,0.0
2025-01-14 21:00:00,,,,,,,1533.0,1533.0,,,0.0,,,0.0
2025-01-14 22:00:00,,,,,,,1529.0,1529.0,,,0.0,,,0.0
2025-01-14 23:00:00,,,,,,,1529.0,1529.0,,,0.0,,,0.0
2025-01-15 00:00:00,,,,,,,1529.0,1529.0,,,0.0,,,0.0
2025-01-15 02:00:00,,,,,,,1273.0,1273.0,,,0.0,,,0.0
2025-01-15 03:00:00,,,,,,,1273.0,1273.0,,,0.0,,,0.0
2025-01-15 04:00:00,,,,,,,1273.0,1273.0,,,0.0,,,0.0
2025-01-15 05:00:00,,,,,,,1273.0,1273.0,,,0.0,,,0.0
2025-01-15 06:00:00,,,,,,,1273.0,1273.0,,,0.0,,,0.0
2025-01-15 07:00:00,,,,,,,1273.0,1273.0,,,0.0,,,0.0
2025-01-15 08:00:00,,,,,,,1533.0,1533.0,,,0.0,,,0.0
2025-01-15 09:00:00,,,,,,,509.0,509.0,,,0.0,,,0.0
2025-01-15 10:00:00,,,,,,,509.0,509.0,,,0.0,,,0.0
2025-01-15 11:00:00,,,,,,,505.0,505.0,,,0.0,,,0.0
2025-01-15 12:00:00,,,,,,,505.0,505.0,,,0.0,,,0.0
2025-01-15 13:00:00,,,,,,,505.0,504.0,3.3362,0.88799995,4.0,0.9111999,0.18229997,4.0
2025-01-15 14:00:00,,,,,,,509.0,509.0,,,0.0,,,0.0
2025-01-15 15:00:00,,,,,,,509.0,509.0,,,0.0,,,0.0
2025-01-15 16:00:00,,,,,,,1533.0,1533.0,,,0.0,,,0.0
2025-01-15 17:00:00,,,,,,,1533.0,1533.0,,,0.0,,,0.0
2025-01-15 18:00:00,,,,,,,1273.0,1273.0,,,0.0,,,0.0
2025-01-15 19:00:00,,,,,,,1273.0,1273.0,,,0.0,,,0.0
2025-01-15 20:00:00,,,,,,,1273.0,1273.0,,,0.0,,,0.0
2025-01-15 21:00:00,,,,,,,1273.0,1273.0,,,0.0,,,0.0
2025-01-15 22:00:00,,,,,,,1273.0,1273.0,,,0.0,,,0.0
2025-01-15 23:00:00,,,,,,,1529.0,1529.0,,,0.0,,,0.0
2025-01-16 00:00:00,,,,,,,1529.0,1529.0,,,0.0,,,0.0
2025-01-16 01:00:00,,,,,,,1533.0,1533.0,,,0.0,,,0.0
2025-01-16 02:00:00,,,,,,,1273.0,1273.0,,,0.0,,,0.0
2025-01-16 03:00:00,,,,,,,1273.0,1273.0,,,0.0,,,0.0
2025-01-16 04:00:00,,,,,,,1529.0,1529.0,,,0.0,,,0.0
2025-01-16 05:00:00,,,,,,,1273.0,1273.0,,,0.0,,,0.0
2025-01-16 06:00:00,,,,,,,1273.0,1273.0,,,0.0,,,0.0
2025-01-16 07:00:00,,,,,,,1273.0,1273.0,,,0.0,,,0.0
2025-01-16 08:00:00,,,,,,,1273.0,1273.0,,,0.0,,,0.0
2025-01-16 09:00:00,0.2014,,,,,,2241.0,2296.0,0.14,0.0288,5.0,1.3475,0.1778,5.0
2025-01-16 10:00:00,0.32279998,0.5148,0.9708,0.9705,,,192.0,192.0,0.1994,0.15799999,5.0,1.1252999,0.37269998,5.0
2025-01-16 11:00:00,0.3766,,,,,,449.0,504.0,0.6006,0.046,6.0,0.54699993,0.148,6.0
2025-01-16 12:00:00,,,,,,,505.0,505.0,,,0.0,,,0.0
2025-01-16 13:00:00,,,,,,,249.0,248.0,0.6792,0.0,1.0,0.4321,0.0,1.0
2025-01-16 14:00:00,0.49139997,,,,,,193.0,249.0,0.5374,0.0692,5.0,0.8075,0.1361,5.0
2025-01-16 15:00:00,,,,,,,249.0,248.0,0.2112,0.0,1.0,1.2161,0.0,1.0
2025-01-16 16:00:00,0.3414,,,,,,1477.0,1533.0,0.2512,0.0232,5.0,1.3226,0.16899997,5.0
2025-01-16 17:00:00,,,,,,,1533.0,1533.0,,,0.0,,,0.0
2025-01-16 18:00:00,,,,,,,1273.0,1273.0,,,0.0,,,0.0
2025-01-16 19:00:00,,,,,,,1529.0,1529.0,,,0.0,,,0.0
2025-01-16 20:00:00,,,,,,,1533.0,1533.0,,,0.0,,,0.0
2025-01-16 21:00:00,,,,,,,1273.0,1273.0,,,0.0,,,0.0
2025-01-16 22:00:00,,,,,,,1273.0,1273.0,,,0.0,,,0.0
2025-01-16 23:00:00,,,,,,,1273.0,1273.0,,,0.0,,,0.0
2025-01-17 00:00:00,,,,,,,1273.0,1273.0,,,0.0,,,0.0
2025-01-17 01:00:00,,,,,,,1273.0,1273.0,,,0.0,,,0.0
2025-01-17 02:00:00,,,,,,,1273.0,1273.0,,,0.0,,,0.0
2025-01-17 03:00:00,,,,,,,1273.0,1273.0,,,0.0,,,0.0
2025-01-17 04:00:00,,,,,,,1273.0,1273.0,,,0.0,,,0.0
2025-01-17 05:00:00,,,,,,,1273.0,1273.0,,,0.0,,,0.0
2025-01-17 06:00:00,,,,,,,1273.0,1273.0,,,0.0,,,0.0
2025-01-17 07:00:00,,,,,,,1273.0,1273.0,,,0.0,,,0.0
2025-01-17 08:00:00,,,,,,,1273.0,1273.0,,,0.0,,,0.0
2025-01-17 09:00:00,0.54899997,,,,,,2241.0,2296.0,0.59459996,0.2534,5.0,1.5841999,0.13080001,5.0
2025-01-17 10:00:00,0.5114,0.6296,0.92759997,0.9274,,,192.0,192.0,0.294,0.15339999,6.0,1.2778,0.3488,6.0
2025-01-17 11:00:00,0.74719995,,,,,,193.0,248.0,0.6816,0.0556,6.0,0.82359993,0.17509997,6.0
2025-01-17 12:00:00,0.9636,,,,,,193.0,248.0,0.84059995,0.0376,6.0,1.1721,0.10039997,6.0
2025-01-17 13:00:00,1.0052,1.1424,0.4513,0.4504,-0.22530001,0.9764999,0.0,0.0,0.8594,0.1274,6.0,1.2594,0.1293,6.0
2025-01-17 14:00:00,0.96419996,,,,,,193.0,249.0,1.1158,0.0222,5.0,1.1566,0.100600004,5.0
2025-01-17 15:00:00,0.862,,,,,,193.0,248.0,0.8218,0.0,1.0,1.1632999,0.0,1.0
2025-01-17 16:00:00,0.86179996,,,,0.11129999,,1285.0,1533.0,0.81579995,0.0654,5.0,1.3244,0.08340001,5.0
2025-01-17 17:00:00,,,,,,,1533.0,1533.0,,,0.0,,,0.0
2025-01-17 18:00:00,,,,,,,1273.0,1273.0,,,0.0,,,0.0
2025-01-17 19:00:00,,,,,,,1273.0,1273.0,,,0.0,,,0.0
2025-01-17 20:00:00,,,,,,,1273.0,1273.0,,,0.0,,,0.0
2025-01-17 21:00:00,,,,,,,1273.0,1273.0,,,0.0,,,0.0
2025-01-17 22:00:00,,,,,,,1273.0,1273.0,,,0.0,,,0.0
2025-01-17 23:00:00,,,,,,,1273.0,1273.0,,,0.0,,,0.0
2025-01-18 00:00:00,,,,,,,1273.0,1273.0,,,0.0,,,0.0
2025-01-18 01:00:00,,,,,,,1273.0,1273.0,,,0.0,,,0.0
2025-01-18 02:00:00,,,,,,,1273.0,1273.0,,,0.0,,,0.0
2025-01-18 03:00:00,,,,,,,1273.0,1273.0,,,0.0,,,0.0
2025-01-18 04:00:00,,,,,,,1533.0,1533.0,,,0.0,,,0.0
2025-01-18 05:00:00,,,,,,,1529.0,1529.0,,,0.0,,,0.0
2025-01-18 06:00:00,,,,,,,1273.0,1273.0,,,0.0,,,0.0
2025-01-18 07:00:00,,,,,,,1273.0,1273.0,,,0.0,,,0.0
2025-01-18 08:00:00,,,,,,,1533.0,1533.0,,,0.0,,,0.0
2025-01-18 09:00:00,,,,,,,509.0,509.0,,,0.0,,,0.0
2025-01-18 10:00:00,,,,,,,509.0,509.0,,,0.0,,,0.0
2025-01-18 11:00:00,,,,,,,509.0,509.0,,,0.0,,,0.0
2025-01-18 12:00:00,,,,,,,509.0,509.0,,,0.0,,,0.0
2025-01-18 13:00:00,,,,,,,509.0,509.0,,,0.0,,,0.0
2025-01-18 14:00:00,,,,,,,509.0,509.0,,,0.0,,,0.0
2025-01-18 15:00:00,,,,,,,509.0,509.0,,,0.0,,,0.0
2025-01-18 16:00:00,,,,,,,1533.0,1533.0,,,0.0,,,0.0
2025-01-18 17:00:00,,,,,,,1533.0,1533.0,,,0.0,,,0.0
2025-01-18 18:00:00,,,,,,,1273.0,1273.0,,,0.0,,,0.0
2025-01-18 19:00:00,,,,,,,1273.0,1273.0,,,0.0,,,0.0
2025-01-18 20:00:00,,,,,,,1273.0,1273.0,,,0.0,,,0.0
2025-01-18 21:00:00,,,,,,,1273.0,1273.0,,,0.0,,,0.0
2025-01-18 22:00:00,,,,,,,1273.0,1273.0,,,0.0,,,0.0
2025-01-18 23:00:00,,,,,,,1273.0,1273.0,,,0.0,,,0.0
2025-01-19 00:00:00,,,,,,,1273.0,1273.0,,,0.0,,,0.0
2025-01-19 01:00:00,,,,,,,1273.0,1273.0,,,0.0,,,0.0
2025-01-19 03:00:00,,,,,,,1273.0,1273.0,,,0.0,,,0.0
2025-01-19 04:00:00,,,,,,,1273.0,1273.0,,,0.0,,,0.0
2025-01-19 05:00:00,,,,,,,1273.0,1273.0,,,0.0,,,0.0
2025-01-19 06:00:00,,,,,,,1273.0,1273.0,,,0.0,,,0.0
2025-01-19 07:00:00,,,,,,,1273.0,1273.0,,,0.0,,,0.0
2025-01-19 08:00:00,,,,,,,1533.0,1533.0,,,0.0,,,0.0
2025-01-19 09:00:00,,,,,,,509.0,509.0,,,0.0,,,0.0
2025-01-19 11:00:00,,,,,,,509.0,509.0,,,0.0,,,0.0
2025-01-19 12:00:00,,,,,,,505.0,505.0,,,0.0,,,0.0
2025-01-19 13:00:00,,,,,,,509.0,509.0,,,0.0,,,0.0
2025-01-19 14:00:00,,,,,,,505.0,505.0,,,0.0,,,0.0
2025-01-19 15:00:00,,,,,,,249.0,248.0,0.6246,0.0,1.0,1.1768,0.0,1.0
2025-01-19 16:00:00,0.6512,,,,0.12459999,,1285.0,1533.0,0.6306,0.051,5.0,1.3885,0.08459997,5.0
2025-01-19 17:00:00,,,,,,,1533.0,1533.0,,,0.0,,,0.0
2025-01-19 18:00:00,,,,,,,1273.0,1273.0,,,0.0,,,0.0
2025-01-19 19:00:00,,,,,,,1273.0,1273.0,,,0.0,,,0.0
2025-01-19 21:00:00,,,,,,,1533.0,1533.0,,,0.0,,,0.0
2025-01-19 22:00:00,,,,,,,1273.0,1273.0,,,0.0,,,0.0
2025-01-19 23:00:00,,,,,,,1273.0,1273.0,,,0.0,,,0.0
2025-01-20 00:00:00,,,,,,,1273.0,1273.0,,,0.0,,,0.0
2025-01-20 01:00:00,,,,,,,1273.0,1273.0,,,0.0,,,0.0
2025-01-20 02:00:00,,,,,,,1273.0,1273.0,,,0.0,,,0.0
2025-01-20 03:00:00,,,,,,,1533.0,1533.0,,,0.0,,,0.0
2025-01-20 04:00:00,,,,,,,1529.0,1529.0,,,0.0,,,0.0
2025-01-20 05:00:00,,,,,,,1529.0,1529.0,,,0.0,,,0.0
2025-01-20 06:00:00,,,,,,,1529.0,1529.0,,,0.0,,,0.0
2025-01-20 07:00:00,,,,,,,1273.0,1273.0,,,0.0,,,0.0
2025-01-20 08:00:00,,,,,,,1533.0,1533.0,,,0.0,,,0.0
2025-01-20 09:00:00,,,,,,,509.0,509.0,,,0.0,,,0.0
2025-01-20 10:00:00,,,,,,,509.0,509.0,,,0.0,,,0.0
2025-01-20 11:00:00,,,,,,,509.0,509.0,,,0.0,,,0.0
2025-01-20 12:00:00,,,,,,,509.0,509.0,,,0.0,,,0.0
2025-01-20 13:00:00,0.9784,,,,,,193.0,248.0,1.1475999,0.0468,5.0,1.2466999,0.030799985,5.0
2025-01-20 14:00:00,0.91899997,,,,,,193.0,249.0,1.1128,0.072,5.0,1.3053,0.058099985,5.0
2025-01-20 15:00:00,0.84239995,,,,,,193.0,248.0,1.043,0.0,1.0,1.1998,0.0,1.0
2025-01-20 16:00:00,0.8638,,,,,,1477.0,1533.0,1.0084,0.1028,5.0,1.3452,0.05739999,5.0
2025-01-20 17:00:00,,,,,,,1533.0,1533.0,,,0.0,,,0.0
2025-01-20 18:00:00,,,,,,,1273.0,1273.0,,,0.0,,,0.0
2025-01-20 19:00:00,,,,,,,1273.0,1273.0,,,0.0,,,0.0
2025-01-20 20:00:00,,,,,,,1273.0,1273.0,,,0.0,,,0.0
2025-01-20 21:00:00,,,,,,,1273.0,1273.0,,,0.0,,,0.0
2025-01-20 22:00:00,,,,,,,1273.0,1273.0,,,0.0,,,0.0
2025-01-20 23:00:00,,,,,,,1273.0,1273.0,,,0.0,,,0.0
2025-01-21 00:00:00,,,,,,,1273.0,1273.0,,,0.0,,,0.0
2025-01-21 01:00:00,,,,,,,1273.0,1273.0,,,0.0,,,0.0
2025-01-21 02:00:00,,,,,,,1529.0,1529.0,,,0.0,,,0.0
2025-01-21 03:00:00,,,,,,,1273.0,1273.0,,,0.0,,,0.0
2025-01-21 04:00:00,,,,,,,1273.0,1273.0,,,0.0,,,0.0
2025-01-21 05:00:00,,,,,,,1529.0,1529.0,,,0.0,,,0.0
2025-01-21 06:00:00,,,,,,,1533.0,1533.0,,,0.0,,,0.0
2025-01-21 07:00:00,,,,,,,1533.0,1533.0,,,0.0,,,0.0
2025-01-21 08:00:00,,,,,,,1273.0,1273.0,,,0.0,,,0.0
2025-01-21 09:00:00,0.5528,,,,,,193.0,248.0,0.5098,0.0744,5.0,1.3772,0.2281,5.0
2025-01-21 10:00:00,0.5906,,,,,,193.0,248.0,0.392,0.063,6.0,1.1173999,0.2374,6.0
2025-01-21 11:00:00,0.62259996,,,,,,193.0,248.0,0.491,0.103599995,6.0,1.2717999,0.20779997,6.0
2025-01-21 12:00:00,0.6238,,,,,,193.0,248.0,0.62979996,0.0536,6.0,1.1617,0.060000002,6.0
2025-01-21 13:00:00,0.59499997,,,,,,193.0,248.0,0.63199997,0.029199999,6.0,1.2499,0.03819996,6.0
2025-01-21 14:00:00,0.5548,,,,,,193.0,249.0,0.6706,0.019,5.0,1.27,0.07139999,5.0
2025-01-21 15:00:00,0.5868,,,,,,193.0,248.0,0.5496,0.0,1.0,1.1251,0.0,1.0
2025-01-21 16:00:00,0.56659997,,,,,,1477.0,1533.0,0.5602,0.058599997,5.0,1.2772,0.05309999,5.0
2025-01-21 17:00:00,,,,,,,1533.0,1533.0,,,0.0,,,0.0
2025-01-21 18:00:00,,,,,,,1273.0,1273.0,,,0.0,,,0.0
2025-01-21 19:00:00,,,,,,,1273.0,1273.0,,,0.0,,,0.0
2025-01-21 20:00:00,,,,,,,1529.0,1529.0,,,0.0,,,0.0
2025-01-21 21:00:00,,,,,,,1533.0,1533.0,,,0.0,,,0.0
2025-01-21 22:00:00,,,,,,,1529.0,1529.0,,,0.0,,,0.0
2025-01-22 02:00:00,,,,,,,1529.0,1529.0,,,0.0,,,0.0
2025-01-22 03:00:00,,,,,,,1529.0,1529.0,,,0.0,,,0.0
2025-01-22 04:00:00,,,,,,,1273.0,1273.0,,,0.0,,,0.0
2025-01-22 05:00:00,,,,,,,1529.0,1529.0,,,0.0,,,0.0
2025-01-22 06:00:00,,,,,,,1529.0,1529.0,,,0.0,,,0.0
2025-01-22 07:00:00,,,,,,,1533.0,1533.0,,,0.0,,,0.0
2025-01-22 08:00:00,,,,,,,1533.0,1533.0,,,0.0,,,0.0
2025-01-22 09:00:00,,,,,,,509.0,509.0,,,0.0,,,0.0
2025-01-22 10:00:00,,,,,,,509.0,509.0,,,0.0,,,0.0
2025-01-22 11:00:00,,,,,,,509.0,509.0,,,0.0,,,0.0
2025-01-22 12:00:00,,,,,,,509.0,509.0,,,0.0,,,0.0
2025-01-22 13:00:00,,,,,,,509.0,509.0,,,0.0,,,0.0
2025-01-22 14:00:00,,,,,,,509.0,509.0,,,0.0,,,0.0
2025-01-22 15:00:00,,,,,,,509.0,509.0,,,0.0,,,0.0
2025-01-22 16:00:00,,,,,,,1533.0,1533.0,,,0.0,,,0.0
2025-01-22 17:00:00,,,,,,,1533.0,1533.0,,,0.0,,,0.0
2025-01-22 18:00:00,,,,,,,1273.0,1273.0,,,0.0,,,0.0
2025-01-22 19:00:00,,,,,,,1273.0,1273.0,,,0.0,,,0.0
2025-01-22 20:00:00,,,,,,,1273.0,1273.0,,,0.0,,,0.0
2025-01-22 21:00:00,,,,,,,1273.0,1273.0,,,0.0,,,0.0
2025-01-22 22:00:00,,,,,,,1273.0,1273.0,,,0.0,,,0.0
2025-01-22 23:00:00,,,,,,,1273.0,1273.0,,,0.0,,,0.0
2025-01-23 00:00:00,,,,,,,1273.0,1273.0,,,0.0,,,0.0
2025-01-23 01:00:00,,,,,,,1273.0,1273.0,,,0.0,,,0.0
2025-01-23 02:00:00,,,,,,,1273.0,1273.0,,,0.0,,,0.0
2025-01-23 03:00:00,,,,,,,1273.0,1273.0,,,0.0,,,0.0
2025-01-23 04:00:00,,,,,,,1273.0,1273.0,,,0.0,,,0.0
2025-01-23 05:00:00,,,,,,,1273.0,1273.0,,,0.0,,,0.0
2025-01-23 06:00:00,,,,,,,1273.0,1273.0,,,0.0,,,0.0
2025-01-23 07:00:00,,,,,,,1533.0,1533.0,,,0.0,,,0.0
2025-01-23 08:00:00,,,,,,,1533.0,1533.0,,,0.0,,,0.0
2025-01-23 09:00:00,,,,,,,509.0,509.0,,,0.0,,,0.0
2025-01-23 10:00:00,,,,,,,509.0,509.0,,,0.0,,,0.0
2025-01-23 11:00:00,,,,,,,509.0,509.0,,,0.0,,,0.0
2025-01-23 12:00:00,,,,,,,509.0,509.0,,,0.0,,,0.0
2025-01-23 13:00:00,,,,,,,509.0,509.0,,,0.0,,,0.0
2025-01-23 14:00:00,,,,,,,509.0,509.0,,,0.0,,,0.0
2025-01-23 15:00:00,,,,,,,509.0,509.0,,,0.0,,,0.0
2025-01-23 16:00:00,,,,,,,1533.0,1533.0,,,0.0,,,0.0
2025-01-23 17:00:00,,,,,,,1533.0,1533.0,,,0.0,,,0.0
2025-01-23 18:00:00,,,,,,,1273.0,1273.0,,,0.0,,,0.0
2025-01-23 19:00:00,,,,,,,1533.0,1533.0,,,0.0,,,0.0
2025-01-23 20:00:00,,,,,,,1529.0,1529.0,,,0.0,,,0.0
2025-01-23 21:00:00,,,,,,,1273.0,1273.0,,,0.0,,,0.0
2025-01-23 22:00:00,,,,,,,1273.0,1273.0,,,0.0,,,0.0
2025-01-23 23:00:00,,,,,,,1273.0,1273.0,,,0.0,,,0.0
2025-01-24 00:00:00,,,,,,,1273.0,1273.0,,,0.0,,,0.0
2025-01-24 01:00:00,,,,,,,1273.0,1273.0,,,0.0,,,0.0
2025-01-24 02:00:00,,,,,,,1273.0,1273.0,,,0.0,,,0.0
2025-01-24 03:00:00,,,,,,,1273.0,1273.0,,,0.0,,,0.0
2025-01-24 04:00:00,,,,,,,1273.0,1273.0,,,0.0,,,0.0
2025-01-24 05:00:00,,,,,,,1273.0,1273.0,,,0.0,,,0.0
2025-01-24 06:00:00,,,,,,,1273.0,1273.0,,,0.0,,,0.0
2025-01-24 07:00:00,,,,,,,1533.0,1533.0,,,0.0,,,0.0
2025-01-24 08:00:00,,,,,,,1533.0,1533.0,,,0.0,,,0.0
2025-01-24 09:00:00,,,,,,,509.0,509.0,,,0.0,,,0.0
2025-01-24 10:00:00,,,,,,,509.0,509.0,,,0.0,,,0.0
2025-01-24 11:00:00,,,,,,,509.0,509.0,,,0.0,,,0.0
2025-01-24 12:00:00,,,,,,,509.0,509.0,,,0.0,,,0.0
2025-01-24 13:00:00,,,,,,,509.0,509.0,,,0.0,,,0.0
2025-01-24 14:00:00,,,,,,,509.0,509.0,,,0.0,,,0.0
2025-01-24 15:00:00,,,,,,,509.0,509.0,,,0.0,,,0.0
2025-01-24 16:00:00,,,,,,,509.0,509.0,,,0.0,,,0.0
2025-01-24 17:00:00,,,,,,,1533.0,1533.0,,,0.0,,,0.0
2025-01-24 18:00:00,,,,,,,1273.0,1273.0,,,0.0,,,0.0
2025-01-24 19:00:00,,,,,,,1529.0,1529.0,,,0.0,,,0.0
2025-01-24 20:00:00,,,,,,,1273.0,1273.0,,,0.0,,,0.0
2025-01-24 21:00:00,,,,,,,1273.0,1273.0,,,0.0,,,0.0
2025-01-24 22:00:00,,,,,,,1273.0,1273.0,,,0.0,,,0.0
2025-01-24 23:00:00,,,,,,,1273.0,1273.0,,,0.0,,,0.0
2025-01-25 00:00:00,,,,,,,1273.0,1273.0,,,0.0,,,0.0
2025-01-25 01:00:00,,,,,,,1273.0,1273.0,,,0.0,,,0.0
2025-01-25 02:00:00,,,,,,,1273.0,1273.0,,,0.0,,,0.0
2025-01-25 03:00:00,,,,,,,1273.0,1273.0,,,0.0,,,0.0
2025-01-25 04:00:00,,,,,,,1273.0,1273.0,,,0.0,,,0.0
2025-01-25 05:00:00,,,,,,,1273.0,1273.0,,,0.0,,,0.0
2025-01-25 06:00:00,,,,,,,1273.0,1273.0,,,0.0,,,0.0
2025-01-25 07:00:00,,,,,,,1533.0,1533.0,,,0.0,,,0.0
2025-01-25 08:00:00,,,,,,,1533.0,1533.0,,,0.0,,,0.0
2025-01-25 09:00:00,,,,,,,509.0,509.0,,,0.0,,,0.0
2025-01-25 10:00:00,,,,,,,509.0,509.0,,,0.0,,,0.0
2025-01-25 11:00:00,,,,,,,509.0,509.0,,,0.0,,,0.0
2025-01-25 12:00:00,,,,,,,509.0,509.0,,,0.0,,,0.0
2025-01-25 13:00:00,,,,,,,509.0,509.0,,,0.0,,,0.0
2025-01-25 14:00:00,,,,,,,509.0,509.0,,,0.0,,,0.0
2025-01-25 15:00:00,,,,,,,509.0,509.0,,,0.0,,,0.0
2025-01-25 16:00:00,,,,,,,509.0,509.0,,,0.0,,,0.0
2025-01-25 17:00:00,,,,,,,1533.0,1533.0,,,0.0,,,0.0
2025-01-25 18:00:00,,,,,,,1529.0,1529.0,,,0.0,,,0.0
2025-01-25 19:00:00,,,,,,,1273.0,1273.0,,,0.0,,,0.0
2025-01-25 20:00:00,,,,,,,1273.0,1273.0,,,0.0,,,0.0
2025-01-25 21:00:00,,,,,,,1273.0,1273.0,,,0.0,,,0.0
2025-01-25 22:00:00,,,,,,,1273.0,1273.0,,,0.0,,,0.0
2025-01-25 23:00:00,,,,,,,1529.0,1529.0,,,0.0,,,0.0
2025-01-26 00:00:00,,,,,,,1529.0,1529.0,,,0.0,,,0.0
2025-01-26 01:00:00,,,,,,,1273.0,1273.0,,,0.0,,,0.0
2025-01-26 02:00:00,,,,,,,1529.0,1529.0,,,0.0,,,0.0
2025-01-26 03:00:00,,,,,,,1533.0,1533.0,,,0.0,,,0.0
2025-01-26 04:00:00,,,,,,,1529.0,1529.0,,,0.0,,,0.0
2025-01-26 05:00:00,,,,,,,1529.0,1529.0,,,0.0,,,0.0
2025-01-26 06:00:00,,,,,,,1533.0,1533.0,,,0.0,,,0.0
2025-01-26 07:00:00,,,,,,,1533.0,1533.0,,,0.0,,,0.0
2025-01-26 08:00:00,,,,,,,1533.0,1533.0,,,0.0,,,0.0
2025-01-26 09:00:00,,,,,,,509.0,509.0,,,0.0,,,0.0
2025-01-26 10:00:00,,,,,,,509.0,509.0,,,0.0,,,0.0
2025-01-26 11:00:00,,,,,,,509.0,509.0,,,0.0,,,0.0
2025-01-26 12:00:00,,,,,,,509.0,509.0,,,0.0,,,0.0
2025-01-26 13:00:00,,,,,,,509.0,509.0,,,0.0,,,0.0
2025-01-26 14:00:00,,,,,,,509.0,509.0,,,0.0,,,0.0
2025-01-26 15:00:00,,,,,,,509.0,509.0,,,0.0,,,0.0
2025-01-26 16:00:00,,,,,,,509.0,509.0,,,0.0,,,0.0
2025-01-26 17:00:00,,,,,,,1533.0,1533.0,,,0.0,,,0.0
2025-01-26 18:00:00,,,,,,,1273.0,1273.0,,,0.0,,,0.0
2025-01-26 19:00:00,,,,,,,1533.0,1533.0,,,0.0,,,0.0
2025-01-26 20:00:00,,,,,,,1529.0,1529.0,,,0.0,,,0.0
2025-01-26 21:00:00,,,,,,,1529.0,1529.0,,,0.0,,,0.0
2025-01-26 22:00:00,,,,,,,1533.0,1533.0,,,0.0,,,0.0
2025-01-26 23:00:00,,,,,,,1529.0,1529.0,,,0.0,,,0.0
2025-01-27 00:00:00,,,,,,,1533.0,1533.0,,,0.0,,,0.0
2025-01-27 01:00:00,,,,,,,1533.0,1533.0,,,0.0,,,0.0
2025-01-27 02:00:00,,,,,,,1533.0,1533.0,,,0.0,,,0.0
2025-01-27 03:00:00,,,,,,,1533.0,1533.0,,,0.0,,,0.0
2025-01-27 04:00:00,,,,,,,1533.0,1533.0,,,0.0,,,0.0
2025-01-27 05:00:00,,,,,,,1529.0,1529.0,,,0.0,,,0.0
2025-01-27 06:00:00,,,,,,,1533.0,1533.0,,,0.0,,,0.0
2025-01-27 07:00:00,,,,,,,1533.0,1533.0,,,0.0,,,0.0
2025-01-27 08:00:00,,,,,,,1533.0,1533.0,,,0.0,,,0.0
2025-01-27 09:00:00,,,,,,,509.0,509.0,,,0.0,,,0.0
2025-01-27 10:00:00,,,,,,,249.0,248.0,0.191,0.114199996,6.0,0.80649996,0.2004,6.0
2025-01-27 11:00:00,,,,,,,249.0,248.0,0.1612,0.12719999,6.0,0.98179996,0.27929997,6.0
2025-01-27 12:00:00,0.2288,,,,,,193.0,248.0,0.2078,0.049399998,6.0,1.1863999,0.064199984,6.0
2025-01-27 13:00:00,,,,,,,509.0,509.0,0.23259999,0.068399996,3.0,1.2723,0.019299984,3.0
2025-01-27 14:00:00,,,,,,,509.0,509.0,0.522,0.0,1.0,1.0537,0.0,1.0
2025-01-27 15:00:00,,,,,,,249.0,248.0,0.2084,0.0,1.0,1.1761,0.0,1.0
2025-01-27 16:00:00,,,,,,,509.0,509.0,0.35799998,0.113199994,5.0,1.1408,0.101199985,5.0
2025-01-27 17:00:00,,,,,,,1533.0,1533.0,,,0.0,,,0.0
2025-01-27 18:00:00,,,,,,,1533.0,1533.0,,,0.0,,,0.0
2025-01-27 19:00:00,,,,,,,1533.0,1533.0,,,0.0,,,0.0
2025-01-27 20:00:00,,,,,,,1529.0,1529.0,,,0.0,,,0.0
2025-01-27 21:00:00,,,,,,,1533.0,1533.0,,,0.0,,,0.0
2025-01-27 22:00:00,,,,,,,1529.0,1529.0,,,0.0,,,0.0
2025-01-27 23:00:00,,,,,,,1533.0,1533.0,,,0.0,,,0.0
2025-01-28 00:00:00,,,,,,,1533.0,1533.0,,,0.0,,,0.0
2025-01-28 01:00:00,,,,,,,1533.0,1533.0,,,0.0,,,0.0
2025-01-28 02:00:00,,,,,,,1273.0,1273.0,,,0.0,,,0.0
2025-01-28 03:00:00,,,,,,,1533.0,1533.0,,,0.0,,,0.0
2025-01-28 04:00:00,,,,,,,1273.0,1273.0,,,0.0,,,0.0
2025-01-28 05:00:00,,,,,,,1273.0,1273.0,,,0.0,,,0.0
2025-01-28 06:00:00,,,,,,,1529.0,1529.0,,,0.0,,,0.0
2025-01-28 07:00:00,,,,,,,1533.0,1533.0,,,0.0,,,0.0
2025-01-28 08:00:00,,,,,,,1533.0,1533.0,,,0.0,,,0.0
2025-01-28 09:00:00,,,,,,,509.0,509.0,,,0.0,,,0.0
2025-01-28 10:00:00,,,,,,,509.0,509.0,,,0.0,,,0.0
2025-01-28 11:00:00,,,,,,,509.0,509.0,,,0.0,,,0.0
2025-01-28 12:00:00,,,,,,,509.0,509.0,,,0.0,,,0.0
2025-01-28 13:00:00,,,,,,,509.0,509.0,,,0.0,,,0.0
2025-01-28 14:00:00,,,,,,,509.0,509.0,,,0.0,,,0.0
2025-01-28 15:00:00,,,,,,,509.0,509.0,,,0.0,,,0.0
2025-01-28 16:00:00,,,,,,,509.0,509.0,0.2456,0.0,1.0,1.0755,0.0,1.0
2025-01-28 17:00:00,,,,,,,1533.0,1533.0,,,0.0,,,0.0
2025-01-28 18:00:00,,,,,,,1273.0,1273.0,,,0.0,,,0.0
2025-01-28 19:00:00,,,,,,,1273.0,1273.0,,,0.0,,,0.0
2025-01-28 20:00:00,,,,,,,1273.0,1273.0,,,0.0,,,0.0
2025-01-28 21:00:00,,,,,,,1533.0,1533.0,,,0.0,,,0.0
2025-01-28 22:00:00,,,,,,,1529.0,1529.0,,,0.0,,,0.0
2025-01-28 23:00:00,,,,,,,1273.0,1273.0,,,0.0,,,0.0
2025-01-29 00:00:00,,,,,,,1533.0,1533.0,,,0.0,,,0.0
2025-01-29 01:00:00,,,,,,,1273.0,1273.0,,,0.0,,,0.0
2025-01-29 02:00:00,,,,,,,1533.0,1533.0,,,0.0,,,0.0
2025-01-29 03:00:00,,,,,,,1533.0,1533.0,,,0.0,,,0.0
2025-01-29 04:00:00,,,,,,,1533.0,1533.0,,,0.0,,,0.0
2025-01-29 05:00:00,,,,,,,1273.0,1273.0,,,0.0,,,0.0
2025-01-29 06:00:00,,,,,,,1529.0,1529.0,,,0.0,,,0.0
2025-01-29 07:00:00,,,,,,,1533.0,1533.0,,,0.0,,,0.0
2025-01-29 08:00:00,,,,,,,1533.0,1533.0,,,0.0,,,0.0
2025-01-29 09:00:00,,,,,,,509.0,509.0,,,0.0,,,0.0
2025-01-29 10:00:00,,,,,,,509.0,509.0,,,0.0,,,0.0
2025-01-29 11:00:00,,,,,,,509.0,509.0,,,0.0,,,0.0
2025-01-29 12:00:00,,,,,,,509.0,509.0,,,0.0,,,0.0
2025-01-29 13:00:00,,,,,,,509.0,509.0,,,0.0,,,0.0
2025-01-29 14:00:00,,,,,,,509.0,509.0,,,0.0,,,0.0
2025-01-29 15:00:00,,,,,,,249.0,248.0,0.31059998,0.0,1.0,1.2508999,0.0,1.0
2025-01-29 16:00:00,0.268,,,,,,453.0,509.0,0.33699998,0.0334,5.0,1.2169,0.047699988,5.0
2025-01-29 17:00:00,,,,,,,1533.0,1533.0,,,0.0,,,0.0
2025-01-29 18:00:00,,,,,,,1273.0,1273.0,,,0.0,,,0.0
2025-01-29 19:00:00,,,,,,,1273.0,1273.0,,,0.0,,,0.0
2025-01-29 20:00:00,,,,,,,1273.0,1273.0,,,0.0,,,0.0
2025-01-29 21:00:00,,,,,,,1273.0,1273.0,,,0.0,,,0.0
2025-01-29 22:00:00,,,,,,,1533.0,1533.0,,,0.0,,,0.0
2025-01-29 23:00:00,,,,,,,1273.0,1273.0,,,0.0,,,0.0
2025-01-30 00:00:00,,,,,,,1273.0,1273.0,,,0.0,,,0.0
2025-01-30 01:00:00,,,,,,,1529.0,1529.0,,,0.0,,,0.0
2025-01-30 02:00:00,,,,,,,1529.0,1529.0,,,0.0,,,0.0
2025-01-30 03:00:00,,,,,,,1529.0,1529.0,,,0.0,,,0.0
2025-01-30 04:00:00,,,,,,,1273.0,1273.0,,,0.0,,,0.0
2025-01-30 05:00:00,,,,,,,1273.0,1273.0,,,0.0,,,0.0
2025-01-30 06:00:00,,,,,,,1529.0,1529.0,,,0.0,,,0.0
2025-01-30 07:00:00,,,,,,,1533.0,1533.0,,,0.0,,,0.0
2025-01-30 08:00:00,,,,,,,1529.0,1529.0,,,0.0,,,0.0
2025-01-30 09:00:00,,,,,,,505.0,504.0,0.6058,0.2254,2.0,1.0776,0.029599965,2.0
2025-01-30 10:00:00,,,,,,,509.0,509.0,1.2116,0.9266,2.0,1.2327,0.0036999583,2.0
2025-01-30 11:00:00,,,,,,,509.0,509.0,,,0.0,,,0.0
2025-01-30 12:00:00,,,,,,,509.0,509.0,1.2027999,0.6624,2.0,1.069,0.14649999,2.0
2025-01-30 13:00:00,,,,,,,249.0,248.0,0.4006,0.0328,6.0,1.275,0.017399967,6.0
2025-01-30 14:00:00,,,,,,,249.0,249.0,0.6254,0.2032,3.0,1.2198,0.11250001,3.0
2025-01-30 15:00:00,0.287,,,,,,193.0,248.0,0.1982,0.0,1.0,1.2714,0.0,1.0
2025-01-30 16:00:00,0.2628,,,,,,453.0,509.0,0.32979998,0.070199996,5.0,1.2739999,0.044200003,5.0
2025-01-30 17:00:00,,,,,,,1533.0,1533.0,,,0.0,,,0.0
2025-01-30 18:00:00,,,,,,,1273.0,1273.0,,,0.0,,,0.0
2025-01-30 19:00:00,,,,,,,1533.0,1533.0,,,0.0,,,0.0
2025-01-30 20:00:00,,,,,,,1529.0,1529.0,,,0.0,,,0.0
2025-01-30 21:00:00,,,,,,,1533.0,1533.0,,,0.0,,,0.0
2025-01-30 22:00:00,,,,,,,1529.0,1529.0,,,0.0,,,0.0
2025-01-30 23:00:00,,,,,,,1533.0,1533.0,,,0.0,,,0.0
2025-01-31 00:00:00,,,,,,,1529.0,1529.0,,,0.0,,,0.0
2025-01-31 01:00:00,,,,,,,1533.0,1533.0,,,0.0,,,0.0
2025-01-31 02:00:00,,,,,,,1273.0,1273.0,,,0.0,,,0.0
2025-01-31 03:00:00,,,,,,,1273.0,1273.0,,,0.0,,,0.0
2025-01-31 04:00:00,,,,,,,1273.0,1273.0,,,0.0,,,0.0
2025-01-31 05:00:00,,,,,,,1273.0,1273.0,,,0.0,,,0.0
2025-01-31 06:00:00,,,,,,,1529.0,1529.0,,,0.0,,,0.0
2025-01-31 07:00:00,,,,,,,1533.0,1533.0,,,0.0,,,0.0
2025-01-31 08:00:00,,,,,,,1533.0,1533.0,,,0.0,,,0.0
2025-01-31 09:00:00,,,,,,,509.0,509.0,,,0.0,,,0.0
2025-01-31 10:00:00,,,,,,,509.0,509.0,,,0.0,,,0.0
2025-01-31 11:00:00,,,,,,,509.0,509.0,,,0.0,,,0.0
2025-01-31 12:00:00,,,,,,,509.0,509.0,,,0.0,,,0.0
2025-01-31 13:00:00,,,,,,,509.0,509.0,,,0.0,,,0.0
2025-01-31 14:00:00,,,,,,,509.0,509.0,,,0.0,,,0.0
2025-01-31 15:00:00,,,,,,,509.0,509.0,,,0.0,,,0.0
2025-01-31 16:00:00,,,,,,,509.0,509.0,,,0.0,,,0.0
2025-01-31 17:00:00,,,,,,,1533.0,1533.0,,,0.0,,,0.0
2025-01-31 18:00:00,,,,,,,1273.0,1273.0,,,0.0,,,0.0
2025-01-31 19:00:00,,,,,,,1273.0,1273.0,,,0.0,,,0.0
2025-01-31 20:00:00,,,,,,,1273.0,1273.0,,,0.0,,,0.0
2025-01-31 21:00:00,,,,,,,1273.0,1273.0,,,0.0,,,0.0
2025-01-31 22:00:00,,,,,,,1273.0,1273.0,,,0.0,,,0.0
2025-01-31 23:00:00,,,,,,,1273.0,1273.0,,,0.0,,,0.0
2025-02-01 00:00:00,,,,,,,1273.0,1273.0,,,0.0,,,0.0
2025-02-01 01:00:00,,,,,,,1529.0,1529.0,,,0.0,,,0.0
2025-02-01 02:00:00,,,,,,,1273.0,1273.0,,,0.0,,,0.0
2025-02-01 03:00:00,,,,,,,1273.0,1273.0,,,0.0,,,0.0
2025-02-01 04:00:00,,,,,,,1273.0,1273.0,,,0.0,,,0.0
2025-02-01 05:00:00,,,,,,,1273.0,1273.0,,,0.0,,,0.0
2025-02-01 06:00:00,,,,,,,1273.0,1273.0,,,0.0,,,0.0
2025-02-01 07:00:00,,,,,,,1533.0,1533.0,,,0.0,,,0.0
2025-02-01 08:00:00,,,,,,,1533.0,1533.0,,,0.0,,,0.0
2025-02-01 09:00:00,,,,,,,509.0,509.0,,,0.0,,,0.0
2025-02-01 10:00:00,,,,,,,509.0,509.0,,,0.0,,,0.0
2025-02-01 11:00:00,,,,,,,509.0,509.0,,,0.0,,,0.0
2025-02-01 12:00:00,,,,,,,509.0,509.0,,,0.0,,,0.0
2025-02-01 13:00:00,,,,,,,509.0,509.0,,,0.0,,,0.0
2025-02-01 14:00:00,,,,,,,509.0,509.0,,,0.0,,,0.0
2025-02-01 15:00:00,,,,,,,509.0,509.0,,,0.0,,,0.0
2025-02-01 16:00:00,,,,,,,509.0,509.0,,,0.0,,,0.0
2025-02-01 17:00:00,,,,,,,1533.0,1533.0,,,0.0,,,0.0
2025-02-01 18:00:00,,,,,,,1273.0,1273.0,,,0.0,,,0.0
2025-02-01 19:00:00,,,,,,,1273.0,1273.0,,,0.0,,,0.0
2025-02-01 20:00:00,,,,,,,1273.0,1273.0,,,0.0,,,0.0
2025-02-01 21:00:00,,,,,,,1273.0,1273.0,,,0.0,,,0.0
2025-02-01 22:00:00,,,,,,,1273.0,1273.0,,,0.0,,,0.0
2025-02-01 23:00:00,,,,,,,1273.0,1273.0,,,0.0,,,0.0
2025-02-02 00:00:00,,,,,,,1273.0,1273.0,,,0.0,,,0.0
2025-02-02 01:00:00,,,,,,,1273.0,1273.0,,,0.0,,,0.0
2025-02-02 02:00:00,,,,,,,1273.0,1273.0,,,0.0,,,0.0
2025-02-02 03:00:00,,,,,,,1273.0,1273.0,,,0.0,,,0.0
2025-02-02 04:00:00,,,,,,,1273.0,1273.0,,,0.0,,,0.0
2025-02-02 05:00:00,,,,,,,1273.0,1273.0,,,0.0,,,0.0
2025-02-02 06:00:00,,,,,,,1273.0,1273.0,,,0.0,,,0.0
2025-02-02 07:00:00,,,,,,,1533.0,1533.0,,,0.0,,,0.0
2025-02-02 08:00:00,,,,,,,1533.0,1533.0,,,0.0,,,0.0
2025-02-02 09:00:00,,,,,,,509.0,509.0,,,0.0,,,0.0
2025-02-02 10:00:00,,,,,,,509.0,509.0,,,0.0,,,0.0
2025-02-02 11:00:00,,,,,,,509.0,509.0,,,0.0,,,0.0
2025-02-02 12:00:00,,,,,,,509.0,509.0,,,0.0,,,0.0
2025-02-02 13:00:00,,,,,,,509.0,509.0,,,0.0,,,0.0
2025-02-02 14:00:00,,,,,,,509.0,509.0,,,0.0,,,0.0
2025-02-02 15:00:00,,,,,,,509.0,509.0,,,0.0,,,0.0
2025-02-02 16:00:00,,,,,,,509.0,509.0,2.2632,0.0,1.0,0.5289,0.0,1.0
2025-02-02 17:00:00,,,,,,,1533.0,1533.0,,,0.0,,,0.0
2025-02-02 18:00:00,,,,,,,1273.0,1273.0,,,0.0,,,0.0
2025-02-02 19:00:00,,,,,,,1273.0,1273.0,,,0.0,,,0.0
2025-02-02 20:00:00,,,,,,,1273.0,1273.0,,,0.0,,,0.0
2025-02-02 21:00:00,,,,,,,1273.0,1273.0,,,0.0,,,0.0
2025-02-02 22:00:00,,,,,,,1273.0,1273.0,,,0.0,,,0.0
2025-02-02 23:00:00,,,,,,,1273.0,1273.0,,,0.0,,,0.0
2025-02-03 00:00:00,,,,,,,1273.0,1273.0,,,0.0,,,0.0
2025-02-03 01:00:00,,,,,,,1273.0,1273.0,,,0.0,,,0.0
2025-02-03 02:00:00,,,,,,,1273.0,1273.0,,,0.0,,,0.0
2025-02-03 03:00:00,,,,,,,1273.0,1273.0,,,0.0,,,0.0
2025-02-03 04:00:00,,,,,,,1529.0,1529.0,,,0.0,,,0.0
2025-02-03 05:00:00,,,,,,,1273.0,1273.0,,,0.0,,,0.0
2025-02-03 06:00:00,,,,,,,1273.0,1273.0,,,0.0,,,0.0
2025-02-03 07:00:00,,,,,,,1533.0,1533.0,,,0.0,,,0.0
2025-02-03 08:00:00,,,,,,,1533.0,1533.0,,,0.0,,,0.0
2025-02-03 09:00:00,,,,,,,509.0,509.0,,,0.0,,,0.0
2025-02-03 10:00:00,,,,,,,509.0,509.0,,,0.0,,,0.0
2025-02-03 11:00:00,,,,,,,509.0,509.0,,,0.0,,,0.0
2025-02-03 12:00:00,,,,,,,509.0,509.0,,,0.0,,,0.0
2025-02-03 13:00:00,,,,,,,509.0,509.0,,,0.0,,,0.0
2025-02-03 14:00:00,,,,,,,509.0,509.0,,,0.0,,,0.0
2025-02-03 15:00:00,,,,,,,509.0,509.0,,,0.0,,,0.0
2025-02-03 16:00:00,,,,,,,509.0,509.0,,,0.0,,,0.0
2025-02-03 17:00:00,,,,,,,1533.0,1533.0,,,0.0,,,0.0
2025-02-03 18:00:00,,,,,,,1273.0,1273.0,,,0.0,,,0.0
2025-02-03 19:00:00,,,,,,,1273.0,1273.0,,,0.0,,,0.0
2025-02-03 20:00:00,,,,,,,1273.0,1273.0,,,0.0,,,0.0
2025-02-03 21:00:00,,,,,,,1273.0,1273.0,,,0.0,,,0.0
2025-02-03 22:00:00,,,,,,,1273.0,1273.0,,,0.0,,,0.0
2025-02-03 23:00:00,,,,,,,1273.0,1273.0,,,0.0,,,0.0
2025-02-04 00:00:00,,,,,,,1529.0,1529.0,,,0.0,,,0.0
2025-02-04 01:00:00,,,,,,,1529.0,1529.0,,,0.0,,,0.0
2025-02-04 02:00:00,,,,,,,1529.0,1529.0,,,0.0,,,0.0
2025-02-04 03:00:00,,,,,,,1533.0,1533.0,,,0.0,,,0.0
2025-02-04 04:00:00,,,,,,,1529.0,1529.0,,,0.0,,,0.0
2025-02-04 05:00:00,,,,,,,1533.0,1533.0,,,0.0,,,0.0
2025-02-04 06:00:00,,,,,,,1529.0,1529.0,,,0.0,,,0.0
2025-02-04 07:00:00,,,,,,,1533.0,1533.0,,,0.0,,,0.0
2025-02-04 08:00:00,,,,,,,1533.0,1533.0,,,0.0,,,0.0
2025-02-04 09:00:00,,,,,,,509.0,509.0,,,0.0,,,0.0
2025-02-04 10:00:00,,,,,,,509.0,509.0,,,0.0,,,0.0
2025-02-04 11:00:00,,,,,,,509.0,509.0,,,0.0,,,0.0
2025-02-04 12:00:00,,,,,,,509.0,509.0,,,0.0,,,0.0
2025-02-04 13:00:00,,,,,,,249.0,248.0,0.2462,0.070199996,5.0,1.2803999,0.014999986,5.0
2025-02-04 14:00:00,0.21519999,,,,,,193.0,248.0,0.19219999,0.0234,6.0,1.2929,0.0059999824,6.0
2025-02-04 15:00:00,0.1804,,,,,,193.0,248.0,0.18259999,0.0468,6.0,1.2816999,0.026499987,6.0
2025-02-04 16:00:00,0.2058,,,,,,453.0,509.0,0.24839999,0.0654,5.0,1.1953,0.073300004,5.0
2025-02-04 17:00:00,,,,,,,1533.0,1533.0,,,0.0,,,0.0
2025-02-04 18:00:00,,,,,,,1529.0,1529.0,,,0.0,,,0.0
2025-02-04 19:00:00,,,,,,,1529.0,1529.0,,,0.0,,,0.0
2025-02-04 20:00:00,,,,,,,1533.0,1533.0,,,0.0,,,0.0
2025-02-04 21:00:00,,,,,,,1529.0,1529.0,,,0.0,,,0.0
2025-02-04 22:00:00,,,,,,,1529.0,1529.0,,,0.0,,,0.0
2025-02-04 23:00:00,,,,,,,1529.0,1529.0,,,0.0,,,0.0
2025-02-05 00:00:00,,,,,,,1533.0,1533.0,,,0.0,,,0.0
2025-02-05 01:00:00,,,,,,,1529.0,1529.0,,,0.0,,,0.0
2025-02-05 02:00:00,,,,,,,1529.0,1529.0,,,0.0,,,0.0
2025-02-05 03:00:00,,,,,,,1533.0,1533.0,,,0.0,,,0.0
2025-02-05 04:00:00,,,,,,,1273.0,1273.0,,,0.0,,,0.0
2025-02-05 05:00:00,,,,,,,1533.0,1533.0,,,0.0,,,0.0
2025-02-05 06:00:00,,,,,,,1273.0,1273.0,,,0.0,,,0.0
2025-02-05 07:00:00,,,,,,,1533.0,1533.0,,,0.0,,,0.0
2025-02-05 08:00:00,,,,,,,1533.0,1533.0,,,0.0,,,0.0
2025-02-05 09:00:00,,,,,,,509.0,509.0,,,0.0,,,0.0
2025-02-05 10:00:00,,,,,,,509.0,509.0,,,0.0,,,0.0
2025-02-05 11:00:00,,,,,,,509.0,509.0,,,0.0,,,0.0
2025-02-05 12:00:00,,,,,,,509.0,509.0,,,0.0,,,0.0
2025-02-05 13:00:00,,,,,,,509.0,509.0,,,0.0,,,0.0
2025-02-05 14:00:00,,,,,,,509.0,509.0,,,0.0,,,0.0
2025-02-05 15:00:00,,,,,,,509.0,509.0,,,0.0,,,0.0
2025-02-05 16:00:00,,,,,,,509.0,509.0,,,0.0,,,0.0
2025-02-05 17:00:00,,,,,,,1533.0,1533.0,,,0.0,,,0.0
2025-02-05 18:00:00,,,,,,,1273.0,1273.0,,,0.0,,,0.0
2025-02-05 19:00:00,,,,,,,1273.0,1273.0,,,0.0,,,0.0
2025-02-05 20:00:00,,,,,,,1273.0,1273.0,,,0.0,,,0.0
2025-02-05 21:00:00,,,,,,,1273.0,1273.0,,,0.0,,,0.0
2025-02-05 22:00:00,,,,,,,1273.0,1273.0,,,0.0,,,0.0
2025-02-05 23:00:00,,,,,,,1273.0,1273.0,,,0.0,,,0.0
2025-02-06 00:00:00,,,,,,,1273.0,1273.0,,,0.0,,,0.0
2025-02-06 01:00:00,,,,,,,1273.0,1273.0,,,0.0,,,0.0
2025-02-06 02:00:00,,,,,,,1273.0,1273.0,,,0.0,,,0.0
2025-02-06 03:00:00,,,,,,,1529.0,1529.0,,,0.0,,,0.0
2025-02-06 04:00:00,,,,,,,1529.0,1529.0,,,0.0,,,0.0
2025-02-06 05:00:00,,,,,,,1533.0,1533.0,,,0.0,,,0.0
2025-02-06 06:00:00,,,,,,,1273.0,1273.0,,,0.0,,,0.0
2025-02-06 07:00:00,,,,,,,1533.0,1533.0,,,0.0,,,0.0
2025-02-06 08:00:00,,,,,,,1533.0,1533.0,,,0.0,,,0.0
2025-02-06 09:00:00,,,,,,,509.0,509.0,,,0.0,,,0.0
2025-02-06 10:00:00,,,,,,,509.0,509.0,,,0.0,,,0.0
2025-02-06 11:00:00,,,,,,,509.0,509.0,,,0.0,,,0.0
2025-02-06 12:00:00,,,,,,,509.0,509.0,,,0.0,,,0.0
2025-02-06 13:00:00,,,,,,,509.0,509.0,,,0.0,,,0.0
2025-02-06 14:00:00,,,,,,,509.0,509.0,,,0.0,,,0.0
2025-02-06 15:00:00,,,,,,,509.0,509.0,,,0.0,,,0.0
2025-02-06 16:00:00,,,,,,,509.0,509.0,,,0.0,,,0.0
2025-02-06 17:00:00,,,,,,,1533.0,1533.0,,,0.0,,,0.0
2025-02-06 18:00:00,,,,,,,1273.0,1273.0,,,0.0,,,0.0
2025-02-06 19:00:00,,,,,,,1273.0,1273.0,,,0.0,,,0.0
2025-02-06 20:00:00,,,,,,,1273.0,1273.0,,,0.0,,,0.0
2025-02-06 21:00:00,,,,,,,1273.0,1273.0,,,0.0,,,0.0
2025-02-06 22:00:00,,,,,,,1273.0,1273.0,,,0.0,,,0.0
2025-02-06 23:00:00,,,,,,,1273.0,1273.0,,,0.0,,,0.0
2025-02-07 00:00:00,,,,,,,1533.0,1533.0,,,0.0,,,0.0
2025-02-07 01:00:00,,,,,,,1273.0,1273.0,,,0.0,,,0.0
2025-02-07 02:00:00,,,,,,,1529.0,1529.0,,,0.0,,,0.0
2025-02-07 03:00:00,,,,,,,1533.0,1533.0,,,0.0,,,0.0
2025-02-07 04:00:00,,,,,,,1529.0,1529.0,,,0.0,,,0.0
2025-02-07 05:00:00,,,,,,,1273.0,1273.0,,,0.0,,,0.0
2025-02-07 06:00:00,,,,,,,1273.0,1273.0,,,0.0,,,0.0
2025-02-07 07:00:00,,,,,,,1533.0,1533.0,,,0.0,,,0.0
2025-02-07 08:00:00,,,,,,,1533.0,1533.0,,,0.0,,,0.0
2025-02-07 09:00:00,,,,,,,509.0,509.0,,,0.0,,,0.0
2025-02-07 10:00:00,,,,,,,509.0,509.0,,,0.0,,,0.0
2025-02-07 11:00:00,,,,,,,509.0,509.0,,,0.0,,,0.0
2025-02-07 12:00:00,,,,,,,509.0,509.0,,,0.0,,,0.0
2025-02-07 13:00:00,,,,,,,509.0,509.0,,,0.0,,,0.0
2025-02-07 14:00:00,,,,,,,509.0,509.0,,,0.0,,,0.0
2025-02-07 15:00:00,,,,,,,509.0,509.0,,,0.0,,,0.0
2025-02-07 16:00:00,,,,,,,509.0,509.0,,,0.0,,,0.0
2025-02-07 17:00:00,,,,,,,1533.0,1533.0,,,0.0,,,0.0
2025-02-07 18:00:00,,,,,,,1529.0,1529.0,,,0.0,,,0.0
2025-02-07 19:00:00,,,,,,,1273.0,1273.0,,,0.0,,,0.0
2025-02-07 20:00:00,,,,,,,1273.0,1273.0,,,0.0,,,0.0
2025-02-07 21:00:00,,,,,,,1529.0,1529.0,,,0.0,,,0.0
2025-02-07 22:00:00,,,,,,,1273.0,1273.0,,,0.0,,,0.0
2025-02-07 23:00:00,,,,,,,1273.0,1273.0,,,0.0,,,0.0
2025-02-08 00:00:00,,,,,,,1273.0,1273.0,,,0.0,,,0.0
2025-02-08 01:00:00,,,,,,,1533.0,1533.0,,,0.0,,,0.0
2025-02-08 02:00:00,,,,,,,1529.0,1529.0,,,0.0,,,0.0
2025-02-08 03:00:00,,,,,,,1529.0,1529.0,,,0.0,,,0.0
2025-02-08 04:00:00,,,,,,,1273.0,1273.0,,,0.0,,,0.0
2025-02-08 05:00:00,,,,,,,1533.0,1533.0,,,0.0,,,0.0
2025-02-08 06:00:00,,,,,,,1533.0,1533.0,,,0.0,,,0.0
2025-02-08 07:00:00,,,,,,,1533.0,1533.0,,,0.0,,,0.0
2025-02-08 08:00:00,,,,,,,1533.0,1533.0,,,0.0,,,0.0
2025-02-08 09:00:00,,,,,,,509.0,509.0,,,0.0,,,0.0
2025-02-08 10:00:00,,,,,,,509.0,509.0,,,0.0,,,0.0
2025-02-08 11:00:00,,,,,,,509.0,509.0,,,0.0,,,0.0
2025-02-08 12:00:00,,,,,,,509.0,509.0,,,0.0,,,0.0
2025-02-08 13:00:00,,,,,,,509.0,509.0,,,0.0,,,0.0
2025-02-08 14:00:00,,,,,,,509.0,509.0,,,0.0,,,0.0
2025-02-08 15:00:00,,,,,,,509.0,509.0,,,0.0,,,0.0
2025-02-08 16:00:00,,,,,,,509.0,509.0,,,0.0,,,0.0
2025-02-08 17:00:00,,,,,,,1533.0,1533.0,,,0.0,,,0.0
2025-02-08 18:00:00,,,,,,,1273.0,1273.0,,,0.0,,,0.0
2025-02-08 19:00:00,,,,,,,1533.0,1533.0,,,0.0,,,0.0
2025-02-08 20:00:00,,,,,,,1273.0,1273.0,,,0.0,,,0.0
2025-02-08 21:00:00,,,,,,,1533.0,1533.0,,,0.0,,,0.0
2025-02-08 22:00:00,,,,,,,1273.0,1273.0,,,0.0,,,0.0
2025-02-08 23:00:00,,,,,,,1529.0,1529.0,,,0.0,,,0.0
2025-02-09 00:00:00,,,,,,,1533.0,1533.0,,,0.0,,,0.0
2025-02-09 01:00:00,,,,,,,1273.0,1273.0,,,0.0,,,0.0
2025-02-09 02:00:00,,,,,,,1533.0,1533.0,,,0.0,,,0.0
2025-02-09 03:00:00,,,,,,,1533.0,1533.0,,,0.0,,,0.0
2025-02-09 04:00:00,,,,,,,1529.0,1529.0,,,0.0,,,0.0
2025-02-09 05:00:00,,,,,,,1529.0,1529.0,,,0.0,,,0.0
2025-02-09 06:00:00,,,,,,,1273.0,1273.0,,,0.0,,,0.0
2025-02-09 07:00:00,,,,,,,1533.0,1533.0,,,0.0,,,0.0
2025-02-09 08:00:00,,,,,,,1533.0,1533.0,,,0.0,,,0.0
2025-02-09 09:00:00,,,,,,,509.0,509.0,,,0.0,,,0.0
2025-02-09 10:00:00,,,,,,,509.0,509.0,,,0.0,,,0.0
2025-02-09 11:00:00,,,,,,,509.0,509.0,,,0.0,,,0.0
2025-02-09 12:00:00,,,,,,,509.0,509.0,,,0.0,,,0.0
2025-02-09 13:00:00,,,,,,,509.0,509.0,,,0.0,,,0.0
2025-02-09 14:00:00,,,,,,,509.0,509.0,,,0.0,,,0.0
2025-02-09 15:00:00,,,,,,,509.0,509.0,,,0.0,,,0.0
2025-02-09 16:00:00,,,,,,,509.0,509.0,0.68259996,0.058399998,2.0,1.2285,0.065100014,2.0
2025-02-09 17:00:00,,,,,,,1533.0,1533.0,,,0.0,,,0.0
2025-02-09 18:00:00,,,,,,,1273.0,1273.0,,,0.0,,,0.0
2025-02-09 19:00:00,,,,,,,1529.0,1529.0,,,0.0,,,0.0
2025-02-09 20:00:00,,,,,,,1273.0,1273.0,,,0.0,,,0.0
2025-02-09 21:00:00,,,,,,,1273.0,1273.0,,,0.0,,,0.0
2025-02-09 22:00:00,,,,,,,1533.0,1533.0,,,0.0,,,0.0
2025-02-09 23:00:00,,,,,,,1273.0,1273.0,,,0.0,,,0.0
2025-02-10 00:00:00,,,,,,,1273.0,1273.0,,,0.0,,,0.0
2025-02-10 01:00:00,,,,,,,1273.0,1273.0,,,0.0,,,0.0
2025-02-10 02:00:00,,,,,,,1273.0,1273.0,,,0.0,,,0.0
2025-02-10 03:00:00,,,,,,,1273.0,1273.0,,,0.0,,,0.0
2025-02-10 04:00:00,,,,,,,1273.0,1273.0,,,0.0,,,0.0
2025-02-10 05:00:00,,,,,,,1273.0,1273.0,,,0.0,,,0.0
2025-02-10 06:00:00,,,,,,,1273.0,1273.0,,,0.0,,,0.0
2025-02-10 07:00:00,,,,,,,1533.0,1533.0,,,0.0,,,0.0
2025-02-10 08:00:00,,,,,,,1533.0,1533.0,,,0.0,,,0.0
2025-02-10 09:00:00,,,,,,,509.0,509.0,,,0.0,,,0.0
2025-02-10 10:00:00,,,,,,,509.0,509.0,,,0.0,,,0.0
2025-02-10 11:00:00,,,,,,,509.0,509.0,,,0.0,,,0.0
2025-02-10 12:00:00,,,,,,,509.0,509.0,,,0.0,,,0.0
2025-02-10 13:00:00,,,,,,,509.0,509.0,,,0.0,,,0.0
2025-02-10 14:00:00,,,,,,,509.0,509.0,,,0.0,,,0.0
2025-02-10 15:00:00,,,,,,,509.0,509.0,,,0.0,,,0.0
2025-02-10 16:00:00,,,,,,,509.0,509.0,,,0.0,,,0.0
2025-02-10 17:00:00,,,,,,,1533.0,1533.0,,,0.0,,,0.0
2025-02-10 18:00:00,,,,,,,1529.0,1529.0,,,0.0,,,0.0
2025-02-10 19:00:00,,,,,,,1533.0,1533.0,,,0.0,,,0.0
2025-02-10 20:00:00,,,,,,,1273.0,1273.0,,,0.0,,,0.0
2025-02-10 21:00:00,,,,,,,1273.0,1273.0,,,0.0,,,0.0
2025-02-10 22:00:00,,,,,,,1273.0,1273.0,,,0.0,,,0.0
2025-02-10 23:00:00,,,,,,,1273.0,1273.0,,,0.0,,,0.0
2025-02-11 00:00:00,,,,,,,1273.0,1273.0,,,0.0,,,0.0
2025-02-11 01:00:00,,,,,,,1273.0,1273.0,,,0.0,,,0.0
2025-02-11 02:00:00,,,,,,,1273.0,1273.0,,,0.0,,,0.0
2025-02-11 03:00:00,,,,,,,1273.0,1273.0,,,0.0,,,0.0
2025-02-11 04:00:00,,,,,,,1273.0,1273.0,,,0.0,,,0.0
2025-02-11 05:00:00,,,,,,,1273.0,1273.0,,,0.0,,,0.0
2025-02-11 06:00:00,,,,,,,1273.0,1273.0,,,0.0,,,0.0
2025-02-11 07:00:00,,,,,,,1533.0,1533.0,,,0.0,,,0.0
2025-02-11 08:00:00,,,,,,,1533.0,1533.0,,,0.0,,,0.0
2025-02-11 09:00:00,,,,,,,509.0,509.0,,,0.0,,,0.0
2025-02-11 10:00:00,,,,,,,505.0,505.0,,,0.0,,,0.0
2025-02-11 11:00:00,,,,,,,509.0,509.0,,,0.0,,,0.0
2025-02-11 12:00:00,,,,,,,509.0,509.0,,,0.0,,,0.0
2025-02-11 13:00:00,,,,,,,249.0,248.0,1.035,0.1192,6.0,1.216,0.0715,6.0
2025-02-11 14:00:00,,,,,,,509.0,509.0,1.6667999,0.32639998,2.0,1.1896,0.019199967,2.0
2025-02-11 15:00:00,,,,,,,509.0,509.0,1.961,0.0862,2.0,1.1898999,0.047800004,2.0
2025-02-11 16:00:00,,,,,,,505.0,505.0,,,0.0,,,0.0
2025-02-11 17:00:00,,,,,,,1533.0,1533.0,,,0.0,,,0.0
2025-02-11 18:00:00,,,,,,,1273.0,1273.0,,,0.0,,,0.0
2025-02-11 19:00:00,,,,,,,1273.0,1273.0,,,0.0,,,0.0
2025-02-11 20:00:00,,,,,,,1529.0,1529.0,,,0.0,,,0.0
2025-02-11 21:00:00,,,,,,,1273.0,1273.0,,,0.0,,,0.0
2025-02-11 22:00:00,,,,,,,1273.0,1273.0,,,0.0,,,0.0
2025-02-11 23:00:00,,,,,,,1273.0,1273.0,,,0.0,,,0.0
2025-02-12 00:00:00,,,,,,,1273.0,1273.0,,,0.0,,,0.0
2025-02-12 01:00:00,,,,,,,1273.0,1273.0,,,0.0,,,0.0
2025-02-12 02:00:00,,,,,,,1273.0,1273.0,,,0.0,,,0.0
2025-02-12 03:00:00,,,,,,,1273.0,1273.0,,,0.0,,,0.0
2025-02-12 04:00:00,,,,,,,1273.0,1273.0,,,0.0,,,0.0
2025-02-12 05:00:00,,,,,,,1273.0,1273.0,,,0.0,,,0.0
2025-02-12 06:00:00,,,,,,,1273.0,1273.0,,,0.0,,,0.0
2025-02-12 07:00:00,,,,,,,1533.0,1533.0,,,0.0,,,0.0
2025-02-12 08:00:00,,,,,,,1533.0,1533.0,,,0.0,,,0.0
2025-02-12 09:00:00,,,,,,,509.0,509.0,,,0.0,,,0.0
2025-02-12 10:00:00,,,,,,,509.0,509.0,,,0.0,,,0.0
2025-02-12 11:00:00,,,,,,,509.0,509.0,,,0.0,,,0.0
2025-02-12 12:00:00,,,,,,,509.0,509.0,,,0.0,,,0.0
2025-02-12 13:00:00,,,,,,,509.0,509.0,,,0.0,,,0.0
2025-02-12 14:00:00,,,,,,,509.0,509.0,,,0.0,,,0.0
2025-02-12 15:00:00,,,,,,,509.0,509.0,,,0.0,,,0.0
2025-02-12 16:00:00,,,,,,,509.0,509.0,,,0.0,,,0.0
2025-02-12 17:00:00,,,,,,,1533.0,1533.0,,,0.0,,,0.0
2025-02-12 18:00:00,,,,,,,1273.0,1273.0,,,0.0,,,0.0
2025-02-12 19:00:00,,,,,,,1273.0,1273.0,,,0.0,,,0.0
2025-02-12 20:00:00,,,,,,,1273.0,1273.0,,,0.0,,,0.0
2025-02-12 21:00:00,,,,,,,1529.0,1529.0,,,0.0,,,0.0
2025-02-12 22:00:00,,,,,,,1533.0,1533.0,,,0.0,,,0.0
2025-02-12 23:00:00,,,,,,,1533.0,1533.0,,,0.0,,,0.0
2025-02-13 00:00:00,,,,,,,1273.0,1273.0,,,0.0,,,0.0
2025-02-13 01:00:00,,,,,,,1273.0,1273.0,,,0.0,,,0.0
2025-02-13 02:00:00,,,,,,,1273.0,1273.0,,,0.0,,,0.0
2025-02-13 03:00:00,,,,,,,1273.0,1273.0,,,0.0,,,0.0
2025-02-13 04:00:00,,,,,,,1273.0,1273.0,,,0.0,,,0.0
2025-02-13 05:00:00,,,,,,,1273.0,1273.0,,,0.0,,,0.0
2025-02-13 06:00:00,,,,,,,1529.0,1529.0,,,0.0,,,0.0
2025-02-13 07:00:00,,,,,,,1533.0,1533.0,,,0.0,,,0.0
2025-02-13 08:00:00,,,,,,,509.0,509.0,,,0.0,,,0.0
2025-02-13 09:00:00,,,,,,,509.0,509.0,,,0.0,,,0.0
2025-02-13 10:00:00,,,,,,,509.0,509.0,,,0.0,,,0.0
2025-02-13 11:00:00,,,,,,,509.0,509.0,,,0.0,,,0.0
2025-02-13 12:00:00,,,,,,,509.0,509.0,,,0.0,,,0.0
2025-02-13 13:00:00,,,,,,,509.0,509.0,,,0.0,,,0.0
2025-02-13 14:00:00,,,,,,,509.0,509.0,,,0.0,,,0.0
2025-02-13 15:00:00,,,,,,,509.0,509.0,,,0.0,,,0.0
2025-02-13 16:00:00,,,,,,,509.0,509.0,,,0.0,,,0.0
2025-02-13 17:00:00,,,,,,,1533.0,1533.0,,,0.0,,,0.0
2025-02-13 18:00:00,,,,,,,1529.0,1529.0,,,0.0,,,0.0
2025-02-13 19:00:00,,,,,,,1529.0,1529.0,,,0.0,,,0.0
2025-02-13 20:00:00,,,,,,,1529.0,1529.0,,,0.0,,,0.0
2025-02-13 21:00:00,,,,,,,1273.0,1273.0,,,0.0,,,0.0
2025-02-13 22:00:00,,,,,,,1273.0,1273.0,,,0.0,,,0.0
2025-02-13 23:00:00,,,,,,,1273.0,1273.0,,,0.0,,,0.0
2025-02-14 00:00:00,,,,,,,1273.0,1273.0,,,0.0,,,0.0
2025-02-14 01:00:00,,,,,,,1273.0,1273.0,,,0.0,,,0.0
2025-02-14 02:00:00,,,,,,,1273.0,1273.0,,,0.0,,,0.0
2025-02-14 03:00:00,,,,,,,1273.0,1273.0,,,0.0,,,0.0
2025-02-14 04:00:00,,,,,,,1529.0,1529.0,,,0.0,,,0.0
2025-02-14 05:00:00,,,,,,,1273.0,1273.0,,,0.0,,,0.0
2025-02-14 06:00:00,,,,,,,1273.0,1273.0,,,0.0,,,0.0
2025-02-14 07:00:00,,,,,,,1533.0,1533.0,,,0.0,,,0.0
2025-02-14 08:00:00,,,,,,,509.0,509.0,,,0.0,,,0.0
2025-02-14 09:00:00,,,,,,,509.0,509.0,,,0.0,,,0.0
2025-02-14 10:00:00,,,,,,,509.0,509.0,,,0.0,,,0.0
2025-02-14 11:00:00,,,,,,,509.0,509.0,,,0.0,,,0.0
2025-02-14 12:00:00,,,,,,,509.0,509.0,,,0.0,,,0.0
2025-02-14 13:00:00,,,,,,,509.0,509.0,,,0.0,,,0.0
2025-02-14 14:00:00,,,,,,,509.0,509.0,,,0.0,,,0.0
2025-02-14 15:00:00,,,,,,,509.0,509.0,,,0.0,,,0.0
2025-02-14 16:00:00,,,,,,,509.0,509.0,,,0.0,,,0.0
2025-02-14 17:00:00,,,,,,,1533.0,1533.0,,,0.0,,,0.0
2025-02-14 18:00:00,,,,,,,1273.0,1273.0,,,0.0,,,0.0
2025-02-14 19:00:00,,,,,,,1273.0,1273.0,,,0.0,,,0.0
2025-02-14 20:00:00,,,,,,,1273.0,1273.0,,,0.0,,,0.0
2025-02-14 21:00:00,,,,,,,1273.0,1273.0,,,0.0,,,0.0
2025-02-14 22:00:00,,,,,,,1273.0,1273.0,,,0.0,,,0.0
2025-02-14 23:00:00,,,,,,,1273.0,1273.0,,,0.0,,,0.0
2025-02-15 00:00:00,,,,,,,1273.0,1273.0,,,0.0,,,0.0
2025-02-15 01:00:00,,,,,,,1273.0,1273.0,,,0.0,,,0.0
2025-02-15 02:00:00,,,,,,,1273.0,1273.0,,,0.0,,,0.0
2025-02-15 03:00:00,,,,,,,1273.0,1273.0,,,0.0,,,0.0
2025-02-15 04:00:00,,,,,,,1273.0,1273.0,,,0.0,,,0.0
2025-02-15 05:00:00,,,,,,,1273.0,1273.0,,,0.0,,,0.0
2025-02-15 06:00:00,,,,,,,1273.0,1273.0,,,0.0,,,0.0
2025-02-15 07:00:00,,,,,,,1533.0,1533.0,,,0.0,,,0.0
2025-02-15 08:00:00,,,,,,,509.0,509.0,,,0.0,,,0.0
2025-02-15 09:00:00,,,,,,,509.0,509.0,,,0.0,,,0.0
2025-02-15 10:00:00,,,,,,,509.0,509.0,,,0.0,,,0.0
2025-02-15 11:00:00,,,,,,,509.0,509.0,,,0.0,,,0.0
2025-02-15 12:00:00,,,,,,,509.0,509.0,,,0.0,,,0.0
2025-02-15 13:00:00,,,,,,,509.0,509.0,,,0.0,,,0.0
2025-02-15 14:00:00,,,,,,,509.0,509.0,,,0.0,,,0.0
2025-02-15 15:00:00,,,,,,,509.0,509.0,,,0.0,,,0.0
2025-02-15 16:00:00,,,,,,,509.0,509.0,,,0.0,,,0.0
2025-02-15 17:00:00,,,,,,,1533.0,1533.0,,,0.0,,,0.0
2025-02-15 18:00:00,,,,,,,1273.0,1273.0,,,0.0,,,0.0
2025-02-15 19:00:00,,,,,,,1273.0,1273.0,,,0.0,,,0.0
2025-02-15 20:00:00,,,,,,,1273.0,1273.0,,,0.0,,,0.0
2025-02-15 21:00:00,,,,,,,1273.0,1273.0,,,0.0,,,0.0
2025-02-15 22:00:00,,,,,,,1273.0,1273.0,,,0.0,,,0.0
2025-02-15 23:00:00,,,,,,,1273.0,1273.0,,,0.0,,,0.0
2025-02-16 00:00:00,,,,,,,1273.0,1273.0,,,0.0,,,0.0
2025-02-16 01:00:00,,,,,,,1273.0,1273.0,,,0.0,,,0.0
2025-02-16 02:00:00,,,,,,,1273.0,1273.0,,,0.0,,,0.0
2025-02-16 03:00:00,,,,,,,1533.0,1533.0,,,0.0,,,0.0
2025-02-16 04:00:00,,,,,,,1533.0,1533.0,,,0.0,,,0.0
2025-02-16 05:00:00,,,,,,,1273.0,1273.0,,,0.0,,,0.0
2025-02-16 06:00:00,,,,,,,1529.0,1529.0,,,0.0,,,0.0
2025-02-16 07:00:00,,,,,,,1533.0,1533.0,,,0.0,,,0.0
2025-02-16 08:00:00,,,,,,,509.0,509.0,,,0.0,,,0.0
2025-02-16 09:00:00,,,,,,,509.0,509.0,,,0.0,,,0.0
2025-02-16 10:00:00,,,,,,,509.0,509.0,,,0.0,,,0.0
2025-02-16 11:00:00,,,,,,,509.0,509.0,,,0.0,,,0.0
2025-02-16 12:00:00,,,,,,,509.0,509.0,,,0.0,,,0.0
2025-02-16 13:00:00,,,,,,,509.0,509.0,,,0.0,,,0.0
2025-02-16 14:00:00,,,,,,,509.0,509.0,,,0.0,,,0.0
2025-02-16 15:00:00,,,,,,,509.0,509.0,,,0.0,,,0.0
2025-02-16 16:00:00,,,,,,,509.0,509.0,,,0.0,,,0.0
2025-02-16 17:00:00,,,,,,,1533.0,1533.0,,,0.0,,,0.0
2025-02-16 18:00:00,,,,,,,1273.0,1273.0,,,0.0,,,0.0
2025-02-16 19:00:00,,,,,,,1273.0,1273.0,,,0.0,,,0.0
2025-02-16 20:00:00,,,,,,,1273.0,1273.0,,,0.0,,,0.0
2025-02-16 21:00:00,,,,,,,1533.0,1533.0,,,0.0,,,0.0
2025-02-16 22:00:00,,,,,,,1273.0,1273.0,,,0.0,,,0.0
2025-02-16 23:00:00,,,,,,,1529.0,1529.0,,,0.0,,,0.0
2025-02-17 00:00:00,,,,,,,1529.0,1529.0,,,0.0,,,0.0
2025-02-17 01:00:00,,,,,,,1273.0,1273.0,,,0.0,,,0.0
2025-02-17 02:00:00,,,,,,,1533.0,1533.0,,,0.0,,,0.0
2025-02-17 03:00:00,,,,,,,1273.0,1273.0,,,0.0,,,0.0
2025-02-17 04:00:00,,,,,,,1273.0,1273.0,,,0.0,,,0.0
2025-02-17 05:00:00,,,,,,,1273.0,1273.0,,,0.0,,,0.0
2025-02-17 06:00:00,,,,,,,1273.0,1273.0,,,0.0,,,0.0
2025-02-17 07:00:00,,,,,,,1533.0,1533.0,,,0.0,,,0.0
2025-02-17 08:00:00,,,,,,,509.0,509.0,,,0.0,,,0.0
2025-02-17 09:00:00,,,,,,,509.0,509.0,,,0.0,,,0.0
2025-02-17 10:00:00,,,,,,,509.0,509.0,,,0.0,,,0.0
2025-02-17 11:00:00,,,,,,,509.0,509.0,,,0.0,,,0.0
2025-02-17 12:00:00,,,,,,,509.0,509.0,,,0.0,,,0.0
2025-02-17 13:00:00,,,,,,,509.0,509.0,,,0.0,,,0.0
2025-02-17 14:00:00,,,,,,,509.0,509.0,,,0.0,,,0.0
2025-02-17 15:00:00,,,,,,,509.0,509.0,,,0.0,,,0.0
2025-02-17 16:00:00,,,,,,,509.0,509.0,,,0.0,,,0.0
2025-02-17 17:00:00,,,,,,,1533.0,1533.0,,,0.0,,,0.0
2025-02-17 18:00:00,,,,,,,1273.0,1273.0,,,0.0,,,0.0
2025-02-17 19:00:00,,,,,,,1273.0,1273.0,,,0.0,,,0.0
2025-02-17 20:00:00,,,,,,,1273.0,1273.0,,,0.0,,,0.0
2025-02-17 21:00:00,,,,,,,1273.0,1273.0,,,0.0,,,0.0
2025-02-17 22:00:00,,,,,,,1273.0,1273.0,,,0.0,,,0.0
2025-02-17 23:00:00,,,,,,,1273.0,1273.0,,,0.0,,,0.0
2025-02-18 00:00:00,,,,,,,1273.0,1273.0,,,0.0,,,0.0
2025-02-18 01:00:00,,,,,,,1533.0,1533.0,,,0.0,,,0.0
2025-02-18 02:00:00,,,,,,,1529.0,1529.0,,,0.0,,,0.0
2025-02-18 03:00:00,,,,,,,1533.0,1533.0,,,0.0,,,0.0
2025-02-18 04:00:00,,,,,,,1533.0,1533.0,,,0.0,,,0.0
2025-02-18 05:00:00,,,,,,,1529.0,1529.0,,,0.0,,,0.0
2025-02-18 06:00:00,,,,,,,1533.0,1533.0,,,0.0,,,0.0
2025-02-18 07:00:00,,,,,,,1533.0,1533.0,,,0.0,,,0.0
2025-02-18 08:00:00,,,,,,,509.0,509.0,,,0.0,,,0.0
2025-02-18 09:00:00,,,,,,,509.0,509.0,,,0.0,,,0.0
2025-02-18 10:00:00,,,,,,,509.0,509.0,,,0.0,,,0.0
2025-02-18 11:00:00,,,,,,,509.0,509.0,,,0.0,,,0.0
2025-02-18 12:00:00,,,,,,,509.0,509.0,,,0.0,,,0.0
2025-02-18 13:00:00,,,,,,,509.0,509.0,,,0.0,,,0.0
2025-02-18 14:00:00,,,,,,,509.0,509.0,,,0.0,,,0.0
2025-02-18 15:00:00,,,,,,,509.0,509.0,,,0.0,,,0.0
2025-02-18 16:00:00,,,,,,,509.0,509.0,,,0.0,,,0.0
2025-02-18 17:00:00,,,,,,,1533.0,1533.0,,,0.0,,,0.0
2025-02-18 18:00:00,,,,,,,1273.0,1273.0,,,0.0,,,0.0
2025-02-18 19:00:00,,,,,,,1273.0,1273.0,,,0.0,,,0.0
2025-02-18 20:00:00,,,,,,,1273.0,1273.0,,,0.0,,,0.0
2025-02-18 21:00:00,,,,,,,1533.0,1533.0,,,0.0,,,0.0
2025-02-18 22:00:00,,,,,,,1533.0,1533.0,,,0.0,,,0.0
2025-02-18 23:00:00,,,,,,,1273.0,1273.0,,,0.0,,,0.0
2025-02-19 00:00:00,,,,,,,1273.0,1273.0,,,0.0,,,0.0
2025-02-19 01:00:00,,,,,,,1529.0,1529.0,,,0.0,,,0.0
2025-02-19 02:00:00,,,,,,,1533.0,1533.0,,,0.0,,,0.0
2025-02-19 03:00:00,,,,,,,1529.0,1529.0,,,0.0,,,0.0
2025-02-19 04:00:00,,,,,,,1533.0,1533.0,,,0.0,,,0.0
2025-02-19 05:00:00,,,,,,,1533.0,1533.0,,,0.0,,,0.0
2025-02-19 06:00:00,,,,,,,1533.0,1533.0,,,0.0,,,0.0
2025-02-19 07:00:00,,,,,,,1533.0,1533.0,,,0.0,,,0.0
2025-02-19 08:00:00,,,,,,,509.0,509.0,,,0.0,,,0.0
2025-02-19 09:00:00,,,,,,,509.0,509.0,,,0.0,,,0.0
2025-02-19 10:00:00,,,,,,,509.0,509.0,,,0.0,,,0.0
2025-02-19 11:00:00,,,,,,,509.0,509.0,,,0.0,,,0.0
2025-02-19 12:00:00,,,,,,,509.0,509.0,,,0.0,,,0.0
2025-02-19 13:00:00,,,,,,,509.0,509.0,,,0.0,,,0.0
2025-02-19 14:00:00,,,,,,,509.0,509.0,,,0.0,,,0.0
2025-02-19 15:00:00,,,,,,,509.0,509.0,,,0.0,,,0.0
2025-02-19 16:00:00,,,,,,,509.0,509.0,,,0.0,,,0.0
2025-02-19 17:00:00,,,,,,,1533.0,1533.0,,,0.0,,,0.0
2025-02-19 18:00:00,,,,,,,1533.0,1533.0,,,0.0,,,0.0
2025-02-19 19:00:00,,,,,,,1533.0,1533.0,,,0.0,,,0.0
2025-02-19 20:00:00,,,,,,,1533.0,1533.0,,,0.0,,,0.0
2025-02-19 21:00:00,,,,,,,1533.0,1533.0,,,0.0,,,0.0
2025-02-19 22:00:00,,,,,,,1529.0,1529.0,,,0.0,,,0.0
2025-02-19 23:00:00,,,,,,,1533.0,1533.0,,,0.0,,,0.0
2025-02-20 00:00:00,,,,,,,1533.0,1533.0,,,0.0,,,0.0
2025-02-20 01:00:00,,,,,,,1529.0,1529.0,,,0.0,,,0.0
2025-02-20 02:00:00,,,,,,,1529.0,1529.0,,,0.0,,,0.0
2025-02-20 03:00:00,,,,,,,1533.0,1533.0,,,0.0,,,0.0
2025-02-20 04:00:00,,,,,,,1533.0,1533.0,,,0.0,,,0.0
2025-02-20 05:00:00,,,,,,,1533.0,1533.0,,,0.0,,,0.0
2025-02-20 06:00:00,,,,,,,1273.0,1273.0,,,0.0,,,0.0
2025-02-20 07:00:00,,,,,,,1533.0,1533.0,,,0.0,,,0.0
2025-02-20 08:00:00,,,,,,,509.0,509.0,,,0.0,,,0.0
2025-02-20 09:00:00,,,,,,,509.0,509.0,,,0.0,,,0.0
2025-02-20 10:00:00,,,,,,,509.0,509.0,,,0.0,,,0.0
2025-02-20 11:00:00,,,,,,,509.0,509.0,,,0.0,,,0.0
2025-02-20 12:00:00,,,,,,,509.0,509.0,,,0.0,,,0.0
2025-02-20 13:00:00,,,,,,,509.0,509.0,,,0.0,,,0.0
2025-02-20 14:00:00,,,,,,,509.0,509.0,,,0.0,,,0.0
2025-02-20 15:00:00,,,,,,,509.0,509.0,,,0.0,,,0.0
2025-02-20 16:00:00,,,,,,,509.0,509.0,,,0.0,,,0.0
2025-02-20 17:00:00,,,,,,,1533.0,1533.0,,,0.0,,,0.0
2025-02-20 18:00:00,,,,,,,1273.0,1273.0,,,0.0,,,0.0
2025-02-20 19:00:00,,,,,,,1273.0,1273.0,,,0.0,,,0.0
2025-02-20 20:00:00,,,,,,,1273.0,1273.0,,,0.0,,,0.0
2025-02-20 21:00:00,,,,,,,1273.0,1273.0,,,0.0,,,0.0
2025-02-20 22:00:00,,,,,,,1273.0,1273.0,,,0.0,,,0.0
2025-02-20 23:00:00,,,,,,,1273.0,1273.0,,,0.0,,,0.0
2025-02-21 00:00:00,,,,,,,1273.0,1273.0,,,0.0,,,0.0
2025-02-21 01:00:00,,,,,,,1273.0,1273.0,,,0.0,,,0.0
2025-02-21 02:00:00,,,,,,,1273.0,1273.0,,,0.0,,,0.0
2025-02-21 03:00:00,,,,,,,1273.0,1273.0,,,0.0,,,0.0
2025-02-21 04:00:00,,,,,,,1273.0,1273.0,,,0.0,,,0.0
2025-02-21 05:00:00,,,,,,,1273.0,1273.0,,,0.0,,,0.0
2025-02-21 06:00:00,,,,,,,1273.0,1273.0,,,0.0,,,0.0
2025-02-21 07:00:00,,,,,,,1529.0,1529.0,,,0.0,,,0.0
2025-02-21 08:00:00,,,,,,,509.0,509.0,,,0.0,,,0.0
2025-02-21 09:00:00,,,,,,,509.0,509.0,,,0.0,,,0.0
2025-02-21 10:00:00,,,,,,,509.0,509.0,,,0.0,,,0.0
2025-02-21 11:00:00,,,,,,,509.0,509.0,,,0.0,,,0.0
2025-02-21 12:00:00,,,,,,,509.0,509.0,,,0.0,,,0.0
2025-02-21 13:00:00,,,,,,,509.0,509.0,,,0.0,,,0.0
2025-02-21 14:00:00,,,,,,,509.0,509.0,,,0.0,,,0.0
2025-02-21 15:00:00,,,,,,,509.0,509.0,,,0.0,,,0.0
2025-02-21 16:00:00,,,,,,,509.0,509.0,,,0.0,,,0.0
2025-02-21 17:00:00,,,,,,,1533.0,1533.0,,,0.0,,,0.0
2025-02-21 18:00:00,,,,,,,1273.0,1273.0,,,0.0,,,0.0
2025-02-21 19:00:00,,,,,,,1529.0,1529.0,,,0.0,,,0.0
2025-02-21 20:00:00,,,,,,,1533.0,1533.0,,,0.0,,,0.0
2025-02-21 21:00:00,,,,,,,1273.0,1273.0,,,0.0,,,0.0
2025-02-21 22:00:00,,,,,,,1273.0,1273.0,,,0.0,,,0.0
2025-02-21 23:00:00,,,,,,,1529.0,1529.0,,,0.0,,,0.0
2025-02-22 00:00:00,,,,,,,1273.0,1273.0,,,0.0,,,0.0
2025-02-22 01:00:00,,,,,,,1529.0,1529.0,,,0.0,,,0.0
2025-02-22 02:00:00,,,,,,,1533.0,1533.0,,,0.0,,,0.0
2025-02-22 03:00:00,,,,,,,1533.0,1533.0,,,0.0,,,0.0
2025-02-22 04:00:00,,,,,,,1533.0,1533.0,,,0.0,,,0.0
2025-02-22 05:00:00,,,,,,,1533.0,1533.0,,,0.0,,,0.0
2025-02-22 06:00:00,,,,,,,1273.0,1273.0,,,0.0,,,0.0
2025-02-22 07:00:00,,,,,,,1533.0,1533.0,,,0.0,,,0.0
2025-02-22 08:00:00,,,,,,,509.0,509.0,,,0.0,,,0.0
2025-02-22 09:00:00,,,,,,,509.0,509.0,,,0.0,,,0.0
2025-02-22 10:00:00,,,,,,,509.0,509.0,,,0.0,,,0.0
2025-02-22 11:00:00,,,,,,,509.0,509.0,,,0.0,,,0.0
2025-02-22 12:00:00,,,,,,,509.0,509.0,,,0.0,,,0.0
2025-02-22 13:00:00,,,,,,,509.0,509.0,,,0.0,,,0.0
2025-02-22 14:00:00,,,,,,,509.0,509.0,,,0.0,,,0.0
2025-02-22 15:00:00,,,,,,,509.0,509.0,,,0.0,,,0.0
2025-02-22 16:00:00,,,,,,,509.0,509.0,,,0.0,,,0.0
2025-02-22 17:00:00,,,,,,,1533.0,1533.0,,,0.0,,,0.0
2025-02-22 18:00:00,,,,,,,1529.0,1529.0,,,0.0,,,0.0
2025-02-22 19:00:00,,,,,,,1273.0,1273.0,,,0.0,,,0.0
2025-02-22 20:00:00,,,,,,,1273.0,1273.0,,,0.0,,,0.0
2025-02-22 21:00:00,,,,,,,1273.0,1273.0,,,0.0,,,0.0
2025-02-22 22:00:00,,,,,,,1529.0,1529.0,,,0.0,,,0.0
2025-02-22 23:00:00,,,,,,,1529.0,1529.0,,,0.0,,,0.0
2025-02-23 00:00:00,,,,,,,1273.0,1273.0,,,0.0,,,0.0
2025-02-23 01:00:00,,,,,,,1273.0,1273.0,,,0.0,,,0.0
2025-02-23 02:00:00,,,,,,,1273.0,1273.0,,,0.0,,,0.0
2025-02-23 03:00:00,,,,,,,1273.0,1273.0,,,0.0,,,0.0
2025-02-23 04:00:00,,,,,,,1273.0,1273.0,,,0.0,,,0.0
2025-02-23 05:00:00,,,,,,,1273.0,1273.0,,,0.0,,,0.0
2025-02-23 06:00:00,,,,,,,1273.0,1273.0,,,0.0,,,0.0
2025-02-23 07:00:00,,,,,,,1533.0,1533.0,,,0.0,,,0.0
2025-02-23 08:00:00,,,,,,,509.0,509.0,,,0.0,,,0.0
2025-02-23 09:00:00,,,,,,,509.0,509.0,,,0.0,,,0.0
2025-02-23 10:00:00,,,,,,,509.0,509.0,,,0.0,,,0.0
2025-02-23 11:00:00,,,,,,,509.0,509.0,,,0.0,,,0.0
2025-02-23 12:00:00,,,,,,,509.0,509.0,,,0.0,,,0.0
2025-02-23 13:00:00,,,,,,,509.0,509.0,,,0.0,,,0.0
2025-02-23 14:00:00,,,,,,,509.0,509.0,,,0.0,,,0.0
2025-02-23 15:00:00,,,,,,,509.0,509.0,,,0.0,,,0.0
2025-02-23 16:00:00,,,,,,,509.0,509.0,,,0.0,,,0.0
2025-02-23 17:00:00,,,,,,,1533.0,1533.0,,,0.0,,,0.0
2025-02-23 18:00:00,,,,,,,1273.0,1273.0,,,0.0,,,0.0
2025-02-23 19:00:00,,,,,,,1533.0,1533.0,,,0.0,,,0.0
2025-02-23 20:00:00,,,,,,,1273.0,1273.0,,,0.0,,,0.0
2025-02-23 21:00:00,,,,,,,1533.0,1533.0,,,0.0,,,0.0
2025-02-23 22:00:00,,,,,,,1533.0,1533.0,,,0.0,,,0.0
2025-02-23 23:00:00,,,,,,,1533.0,1533.0,,,0.0,,,0.0
2025-02-24 00:00:00,,,,,,,1529.0,1529.0,,,0.0,,,0.0
2025-02-24 01:00:00,,,,,,,1529.0,1529.0,,,0.0,,,0.0
2025-02-24 02:00:00,,,,,,,1273.0,1273.0,,,0.0,,,0.0
2025-02-24 03:00:00,,,,,,,1533.0,1533.0,,,0.0,,,0.0
2025-02-24 04:00:00,,,,,,,1533.0,1533.0,,,0.0,,,0.0
2025-02-24 05:00:00,,,,,,,1533.0,1533.0,,,0.0,,,0.0
2025-02-24 06:00:00,,,,,,,1533.0,1533.0,,,0.0,,,0.0
2025-02-24 07:00:00,,,,,,,1533.0,1533.0,,,0.0,,,0.0
2025-02-24 08:00:00,,,,,,,509.0,509.0,,,0.0,,,0.0
2025-02-24 09:00:00,,,,,,,509.0,509.0,,,0.0,,,0.0
2025-02-24 10:00:00,,,,,,,509.0,509.0,,,0.0,,,0.0
2025-02-24 11:00:00,,,,,,,509.0,509.0,,,0.0,,,0.0
2025-02-24 12:00:00,,,,,,,509.0,509.0,,,0.0,,,0.0
2025-02-24 13:00:00,,,,,,,509.0,509.0,,,0.0,,,0.0
2025-02-24 14:00:00,,,,,,,509.0,509.0,,,0.0,,,0.0
2025-02-24 15:00:00,,,,,,,509.0,509.0,,,0.0,,,0.0
2025-02-24 16:00:00,,,,,,,509.0,509.0,,,0.0,,,0.0
2025-02-24 17:00:00,,,,,,,1533.0,1533.0,,,0.0,,,0.0
2025-02-24 18:00:00,,,,,,,1533.0,1533.0,,,0.0,,,0.0
2025-02-24 19:00:00,,,,,,,1533.0,1533.0,,,0.0,,,0.0
2025-02-24 20:00:00,,,,,,,1529.0,1529.0,,,0.0,,,0.0
2025-02-24 21:00:00,,,,,,,1533.0,1533.0,,,0.0,,,0.0
2025-02-24 22:00:00,,,,,,,1533.0,1533.0,,,0.0,,,0.0
2025-02-24 23:00:00,,,,,,,1529.0,1529.0,,,0.0,,,0.0
2025-02-25 00:00:00,,,,,,,1533.0,1533.0,,,0.0,,,0.0
2025-02-25 01:00:00,,,,,,,1533.0,1533.0,,,0.0,,,0.0
2025-02-25 02:00:00,,,,,,,1529.0,1529.0,,,0.0,,,0.0
2025-02-25 03:00:00,,,,,,,1533.0,1533.0,,,0.0,,,0.0
2025-02-25 04:00:00,,,,,,,1533.0,1533.0,,,0.0,,,0.0
2025-02-25 05:00:00,,,,,,,1533.0,1533.0,,,0.0,,,0.0
2025-02-25 06:00:00,,,,,,,1533.0,1533.0,,,0.0,,,0.0
2025-02-25 07:00:00,,,,,,,1533.0,1533.0,,,0.0,,,0.0
2025-02-25 08:00:00,,,,,,,509.0,509.0,,,0.0,,,0.0
2025-02-25 09:00:00,,,,,,,509.0,509.0,,,0.0,,,0.0
2025-02-25 10:00:00,,,,,,,509.0,509.0,,,0.0,,,0.0
2025-02-25 11:00:00,,,,,,,509.0,509.0,,,0.0,,,0.0
2025-02-25 12:00:00,,,,,,,509.0,509.0,,,0.0,,,0.0
2025-02-25 13:00:00,,,,,,,509.0,509.0,,,0.0,,,0.0
2025-02-25 14:00:00,,,,,,,509.0,509.0,,,0.0,,,0.0
2025-02-25 15:00:00,,,,,,,509.0,509.0,,,0.0,,,0.0
2025-02-25 16:00:00,,,,,,,509.0,509.0,,,0.0,,,0.0
2025-02-25 17:00:00,,,,,,,1533.0,1533.0,,,0.0,,,0.0
2025-02-25 18:00:00,,,,,,,1529.0,1529.0,,,0.0,,,0.0
2025-02-25 19:00:00,,,,,,,1533.0,1533.0,,,0.0,,,0.0
2025-02-25 20:00:00,,,,,,,1529.0,1529.0,,,0.0,,,0.0
2025-02-25 21:00:00,,,,,,,1533.0,1533.0,,,0.0,,,0.0
2025-02-25 22:00:00,,,,,,,1533.0,1533.0,,,0.0,,,0.0
2025-02-25 23:00:00,,,,,,,1533.0,1533.0,,,0.0,,,0.0
2025-02-26 00:00:00,,,,,,,1533.0,1533.0,,,0.0,,,0.0
2025-02-26 01:00:00,,,,,,,1533.0,1533.0,,,0.0,,,0.0
2025-02-26 02:00:00,,,,,,,1529.0,1529.0,,,0.0,,,0.0
2025-02-26 03:00:00,,,,,,,1533.0,1533.0,,,0.0,,,0.0
2025-02-26 04:00:00,,,,,,,1533.0,1533.0,,,0.0,,,0.0
2025-02-26 05:00:00,,,,,,,1533.0,1533.0,,,0.0,,,0.0
2025-02-26 06:00:00,,,,,,,1529.0,1529.0,,,0.0,,,0.0
2025-02-26 07:00:00,,,,,,,1533.0,1533.0,,,0.0,,,0.0
2025-02-26 08:00:00,,,,,,,509.0,509.0,,,0.0,,,0.0
2025-02-26 09:00:00,,,,,,,509.0,509.0,,,0.0,,,0.0
2025-02-26 10:00:00,,,,,,,509.0,509.0,,,0.0,,,0.0
2025-02-26 11:00:00,,,,,,,509.0,509.0,,,0.0,,,0.0
2025-02-26 12:00:00,,,,,,,509.0,509.0,,,0.0,,,0.0
2025-02-26 13:00:00,,,,,,,509.0,509.0,,,0.0,,,0.0
2025-02-26 14:00:00,,,,,,,509.0,509.0,,,0.0,,,0.0
2025-02-26 15:00:00,,,,,,,509.0,509.0,,,0.0,,,0.0
2025-02-26 16:00:00,,,,,,,509.0,509.0,,,0.0,,,0.0
2025-02-26 17:00:00,,,,,,,1533.0,1533.0,,,0.0,,,0.0
2025-02-26 18:00:00,,,,,,,1273.0,1273.0,,,0.0,,,0.0
2025-02-26 19:00:00,,,,,,,1273.0,1273.0,,,0.0,,,0.0
2025-02-26 20:00:00,,,,,,,1273.0,1273.0,,,0.0,,,0.0
2025-02-26 21:00:00,,,,,,,1273.0,1273.0,,,0.0,,,0.0
2025-02-26 22:00:00,,,,,,,1273.0,1273.0,,,0.0,,,0.0
2025-02-26 23:00:00,,,,,,,1273.0,1273.0,,,0.0,,,0.0
2025-02-27 00:00:00,,,,,,,1273.0,1273.0,,,0.0,,,0.0
2025-02-27 01:00:00,,,,,,,1273.0,1273.0,,,0.0,,,0.0
2025-02-27 02:00:00,,,,,,,1273.0,1273.0,,,0.0,,,0.0
2025-02-27 03:00:00,,,,,,,1273.0,1273.0,,,0.0,,,0.0
2025-02-27 04:00:00,,,,,,,1273.0,1273.0,,,0.0,,,0.0
2025-02-27 05:00:00,,,,,,,1273.0,1273.0,,,0.0,,,0.0
2025-02-27 06:00:00,,,,,,,1273.0,1273.0,,,0.0,,,0.0
2025-02-27 07:00:00,,,,,,,1533.0,1533.0,,,0.0,,,0.0
2025-02-27 08:00:00,,,,,,,509.0,509.0,,,0.0,,,0.0
2025-02-27 09:00:00,,,,,,,509.0,509.0,,,0.0,,,0.0
2025-02-27 10:00:00,,,,,,,509.0,509.0,,,0.0,,,0.0
2025-02-27 11:00:00,,,,,,,509.0,509.0,,,0.0,,,0.0
2025-02-27 12:00:00,,,,,,,509.0,509.0,,,0.0,,,0.0
2025-02-27 13:00:00,,,,,,,509.0,509.0,,,0.0,,,0.0
2025-02-27 14:00:00,,,,,,,509.0,509.0,,,0.0,,,0.0
2025-02-27 15:00:00,,,,,,,509.0,509.0,,,0.0,,,0.0
2025-02-27 16:00:00,,,,,,,509.0,509.0,,,0.0,,,0.0
2025-02-27 17:00:00,,,,,,,1533.0,1533.0,,,0.0,,,0.0
2025-02-27 18:00:00,,,,,,,1273.0,1273.0,,,0.0,,,0.0
2025-02-27 19:00:00,,,,,,,1273.0,1273.0,,,0.0,,,0.0
2025-02-27 20:00:00,,,,,,,1273.0,1273.0,,,0.0,,,0.0
2025-02-27 21:00:00,,,,,,,1273.0,1273.0,,,0.0,,,0.0
2025-02-27 22:00:00,,,,,,,1273.0,1273.0,,,0.0,,,0.0
2025-02-27 23:00:00,,,,,,,1273.0,1273.0,,,0.0,,,0.0
2025-02-28 00:00:00,,,,,,,1273.0,1273.0,,,0.0,,,0.0
2025-02-28 01:00:00,,,,,,,1273.0,1273.0,,,0.0,,,0.0
2025-02-28 02:00:00,,,,,,,1273.0,1273.0,,,0.0,,,0.0
2025-02-28 03:00:00,,,,,,,1273.0,1273.0,,,0.0,,,0.0
2025-02-28 04:00:00,,,,,,,1533.0,1533.0,,,0.0,,,0.0
2025-02-28 05:00:00,,,,,,,1533.0,1533.0,,,0.0,,,0.0
2025-02-28 06:00:00,,,,,,,1273.0,1273.0,,,0.0,,,0.0
2025-02-28 07:00:00,,,,,,,1533.0,1533.0,,,0.0,,,0.0
2025-02-28 08:00:00,,,,,,,505.0,505.0,,,0.0,,,0.0
2025-02-28 09:00:00,,,,,,,509.0,509.0,,,0.0,,,0.0
2025-02-28 10:00:00,,,,,,,509.0,509.0,,,0.0,,,0.0
2025-02-28 11:00:00,,,,,,,509.0,509.0,,,0.0,,,0.0
2025-02-28 12:00:00,,,,,,,509.0,509.0,,,0.0,,,0.0
2025-02-28 13:00:00,,,,,,,509.0,509.0,,,0.0,,,0.0
2025-02-28 14:00:00,,,,,,,509.0,509.0,,,0.0,,,0.0
2025-02-28 15:00:00,,,,,,,509.0,509.0,,,0.0,,,0.0
2025-02-28 16:00:00,,,,,,,509.0,509.0,,,0.0,,,0.0
2025-02-28 17:00:00,,,,,,,1533.0,1533.0,,,0.0,,,0.0
2025-02-28 18:00:00,,,,,,,1529.0,1529.0,,,0.0,,,0.0
2025-02-28 19:00:00,,,,,,,1273.0,1273.0,,,0.0,,,0.0
2025-02-28 20:00:00,,,,,,,1273.0,1273.0,,,0.0,,,0.0
2025-02-28 21:00:00,,,,,,,1529.0,1529.0,,,0.0,,,0.0
2025-02-28 22:00:00,,,,,,,1273.0,1273.0,,,0.0,,,0.0
2025-02-28 23:00:00,,,,,,,1273.0,1273.0,,,0.0,,,0.0
2025-03-01 00:00:00,,,,,,,1273.0,1273.0,,,0.0,,,0.0
2025-03-01 01:00:00,,,,,,,1533.0,1533.0,,,0.0,,,0.0
2025-03-01 02:00:00,,,,,,,1533.0,1533.0,,,0.0,,,0.0
2025-03-01 03:00:00,,,,,,,1533.0,1533.0,,,0.0,,,0.0
2025-03-01 04:00:00,,,,,,,1533.0,1533.0,,,0.0,,,0.0
2025-03-01 05:00:00,,,,,,,1533.0,1533.0,,,0.0,,,0.0
2025-03-01 06:00:00,,,,,,,1273.0,1273.0,,,0.0,,,0.0
2025-03-01 07:00:00,,,,,,,1533.0,1533.0,,,0.0,,,0.0
2025-03-01 08:00:00,,,,,,,509.0,509.0,,,0.0,,,0.0
2025-03-01 09:00:00,,,,,,,509.0,509.0,,,0.0,,,0.0
2025-03-01 10:00:00,,,,,,,509.0,509.0,,,0.0,,,0.0
2025-03-01 11:00:00,,,,,,,509.0,509.0,,,0.0,,,0.0
2025-03-01 12:00:00,,,,,,,509.0,509.0,,,0.0,,,0.0
2025-03-01 13:00:00,,,,,,,509.0,509.0,,,0.0,,,0.0
2025-03-01 14:00:00,,,,,,,509.0,509.0,,,0.0,,,0.0
2025-03-01 15:00:00,,,,,,,509.0,509.0,,,0.0,,,0.0
2025-03-01 16:00:00,,,,,,,509.0,509.0,,,0.0,,,0.0
2025-03-01 17:00:00,,,,,,,1533.0,1533.0,,,0.0,,,0.0
2025-03-01 18:00:00,,,,,,,1273.0,1273.0,,,0.0,,,0.0
2025-03-01 19:00:00,,,,,,,1273.0,1273.0,,,0.0,,,0.0
2025-03-01 20:00:00,,,,,,,1273.0,1273.0,,,0.0,,,0.0
2025-03-01 21:00:00,,,,,,,1273.0,1273.0,,,0.0,,,0.0
2025-03-01 22:00:00,,,,,,,1273.0,1273.0,,,0.0,,,0.0
2025-03-01 23:00:00,,,,,,,1273.0,1273.0,,,0.0,,,0.0
2025-03-02 00:00:00,,,,,,,1273.0,1273.0,,,0.0,,,0.0
2025-03-02 01:00:00,,,,,,,1273.0,1273.0,,,0.0,,,0.0
2025-03-02 02:00:00,,,,,,,1273.0,1273.0,,,0.0,,,0.0
2025-03-02 03:00:00,,,,,,,1273.0,1273.0,,,0.0,,,0.0
2025-03-02 04:00:00,,,,,,,1273.0,1273.0,,,0.0,,,0.0
2025-03-02 05:00:00,,,,,,,1273.0,1273.0,,,0.0,,,0.0
2025-03-02 06:00:00,,,,,,,1273.0,1273.0,,,0.0,,,0.0
2025-03-02 07:00:00,,,,,,,1533.0,1533.0,,,0.0,,,0.0
2025-03-02 08:00:00,,,,,,,505.0,505.0,,,0.0,,,0.0
2025-03-02 09:00:00,,,,,,,509.0,509.0,,,0.0,,,0.0
2025-03-02 10:00:00,,,,,,,509.0,509.0,,,0.0,,,0.0
2025-03-02 11:00:00,,,,,,,509.0,509.0,,,0.0,,,0.0
2025-03-02 12:00:00,,,,,,,509.0,509.0,,,0.0,,,0.0
2025-03-02 13:00:00,,,,,,,509.0,509.0,,,0.0,,,0.0
2025-03-02 14:00:00,,,,,,,509.0,509.0,,,0.0,,,0.0
2025-03-02 15:00:00,,,,,,,509.0,509.0,,,0.0,,,0.0
2025-03-02 16:00:00,,,,,,,509.0,509.0,,,0.0,,,0.0
2025-03-02 17:00:00,,,,,,,1533.0,1533.0,,,0.0,,,0.0
2025-03-02 18:00:00,,,,,,,1273.0,1273.0,,,0.0,,,0.0
2025-03-02 19:00:00,,,,,,,1273.0,1273.0,,,0.0,,,0.0
2025-03-02 20:00:00,,,,,,,1273.0,1273.0,,,0.0,,,0.0
2025-03-02 21:00:00,,,,,,,1273.0,1273.0,,,0.0,,,0.0
2025-03-02 22:00:00,,,,,,,1273.0,1273.0,,,0.0,,,0.0
2025-03-02 23:00:00,,,,,,,1273.0,1273.0,,,0.0,,,0.0
2025-03-03 00:00:00,,,,,,,1273.0,1273.0,,,0.0,,,0.0
2025-03-03 01:00:00,,,,,,,1273.0,1273.0,,,0.0,,,0.0
2025-03-03 02:00:00,,,,,,,1273.0,1273.0,,,0.0,,,0.0
2025-03-03 03:00:00,,,,,,,1273.0,1273.0,,,0.0,,,0.0
2025-03-03 04:00:00,,,,,,,1273.0,1273.0,,,0.0,,,0.0
2025-03-03 05:00:00,,,,,,,1273.0,1273.0,,,0.0,,,0.0
2025-03-03 06:00:00,,,,,,,1273.0,1273.0,,,0.0,,,0.0
2025-03-03 07:00:00,,,,,,,1533.0,1533.0,,,0.0,,,0.0
2025-03-03 08:00:00,,,,,,,505.0,505.0,,,0.0,,,0.0
2025-03-03 09:00:00,,,,,,,509.0,509.0,,,0.0,,,0.0
2025-03-03 10:00:00,,,,,,,509.0,509.0,,,0.0,,,0.0
2025-03-03 11:00:00,,,,,,,509.0,509.0,,,0.0,,,0.0
2025-03-03 12:00:00,,,,,,,509.0,509.0,,,0.0,,,0.0
2025-03-03 13:00:00,,,,,,,509.0,509.0,,,0.0,,,0.0
2025-03-03 14:00:00,,,,,,,509.0,509.0,,,0.0,,,0.0
2025-03-03 15:00:00,,,,,,,509.0,509.0,,,0.0,,,0.0
2025-03-03 16:00:00,,,,,,,509.0,509.0,,,0.0,,,0.0
2025-03-03 17:00:00,,,,,,,1533.0,1533.0,,,0.0,,,0.0
2025-03-03 18:00:00,,,,,,,1273.0,1273.0,,,0.0,,,0.0
2025-03-03 19:00:00,,,,,,,1273.0,1273.0,,,0.0,,,0.0
2025-03-03 20:00:00,,,,,,,1529.0,1529.0,,,0.0,,,0.0
2025-03-03 21:00:00,,,,,,,1273.0,1273.0,,,0.0,,,0.0
2025-03-03 22:00:00,,,,,,,1533.0,1533.0,,,0.0,,,0.0
2025-03-03 23:00:00,,,,,,,1273.0,1273.0,,,0.0,,,0.0
2025-03-04 00:00:00,,,,,,,1273.0,1273.0,,,0.0,,,0.0
2025-03-04 01:00:00,,,,,,,1273.0,1273.0,,,0.0,,,0.0
2025-03-04 02:00:00,,,,,,,1273.0,1273.0,,,0.0,,,0.0
2025-03-04 03:00:00,,,,,,,1273.0,1273.0,,,0.0,,,0.0
2025-03-04 04:00:00,,,,,,,1273.0,1273.0,,,0.0,,,0.0
2025-03-04 05:00:00,,,,,,,1529.0,1529.0,,,0.0,,,0.0
2025-03-04 06:00:00,,,,,,,1273.0,1273.0,,,0.0,,,0.0
2025-03-04 07:00:00,,,,,,,1533.0,1533.0,,,0.0,,,0.0
2025-03-04 08:00:00,,,,,,,505.0,505.0,,,0.0,,,0.0
2025-03-04 09:00:00,,,,,,,509.0,509.0,,,0.0,,,0.0
2025-03-04 10:00:00,,,,,,,509.0,509.0,,,0.0,,,0.0
2025-03-04 11:00:00,,,,,,,509.0,509.0,,,0.0,,,0.0
2025-03-04 12:00:00,,,,,,,509.0,509.0,,,0.0,,,0.0
2025-03-04 13:00:00,,,,,,,509.0,509.0,,,0.0,,,0.0
2025-03-04 14:00:00,,,,,,,509.0,509.0,,,0.0,,,0.0
2025-03-04 15:00:00,,,,,,,505.0,505.0,,,0.0,,,0.0
2025-03-04 16:00:00,,,,,,,509.0,509.0,,,0.0,,,0.0
2025-03-04 17:00:00,,,,,,,1533.0,1533.0,,,0.0,,,0.0
2025-03-04 18:00:00,,,,,,,1273.0,1273.0,,,0.0,,,0.0
2025-03-04 19:00:00,,,,,,,1529.0,1529.0,,,0.0,,,0.0
2025-03-04 20:00:00,,,,,,,1273.0,1273.0,,,0.0,,,0.0
2025-03-04 21:00:00,,,,,,,1529.0,1529.0,,,0.0,,,0.0
2025-03-04 22:00:00,,,,,,,1273.0,1273.0,,,0.0,,,0.0
2025-03-04 23:00:00,,,,,,,1273.0,1273.0,,,0.0,,,0.0
2025-03-05 00:00:00,,,,,,,1273.0,1273.0,,,0.0,,,0.0
2025-03-05 01:00:00,,,,,,,1273.0,1273.0,,,0.0,,,0.0
2025-03-05 02:00:00,,,,,,,1273.0,1273.0,,,0.0,,,0.0
2025-03-05 03:00:00,,,,,,,1273.0,1273.0,,,0.0,,,0.0
2025-03-05 04:00:00,,,,,,,1273.0,1273.0,,,0.0,,,0.0
2025-03-05 05:00:00,,,,,,,1273.0,1273.0,,,0.0,,,0.0
2025-03-05 06:00:00,,,,,,,1273.0,1273.0,,,0.0,,,0.0
2025-03-05 07:00:00,,,,,,,1533.0,1533.0,,,0.0,,,0.0
2025-03-05 08:00:00,,,,,,,505.0,505.0,,,0.0,,,0.0
2025-03-05 09:00:00,,,,,,,509.0,509.0,,,0.0,,,0.0
2025-03-05 10:00:00,,,,,,,509.0,509.0,,,0.0,,,0.0
2025-03-05 11:00:00,,,,,,,509.0,509.0,,,0.0,,,0.0
2025-03-05 12:00:00,,,,,,,509.0,509.0,,,0.0,,,0.0
2025-03-05 13:00:00,,,,,,,509.0,509.0,,,0.0,,,0.0
2025-03-05 14:00:00,,,,,,,509.0,509.0,,,0.0,,,0.0
2025-03-05 15:00:00,,,,,,,509.0,509.0,,,0.0,,,0.0
2025-03-05 16:00:00,,,,,,,509.0,509.0,,,0.0,,,0.0
2025-03-05 17:00:00,,,,,,,1533.0,1533.0,,,0.0,,,0.0
2025-03-05 18:00:00,,,,,,,1273.0,1273.0,,,0.0,,,0.0
2025-03-05 19:00:00,,,,,,,1273.0,1273.0,,,0.0,,,0.0
2025-03-05 20:00:00,,,,,,,1273.0,1273.0,,,0.0,,,0.0
2025-03-05 21:00:00,,,,,,,1529.0,1529.0,,,0.0,,,0.0
2025-03-05 22:00:00,,,,,,,1273.0,1273.0,,,0.0,,,0.0
2025-03-05 23:00:00,,,,,,,1533.0,1533.0,,,0.0,,,0.0
2025-03-06 00:00:00,,,,,,,1273.0,1273.0,,,0.0,,,0.0
2025-03-06 01:00:00,,,,,,,1533.0,1533.0,,,0.0,,,0.0
2025-03-06 02:00:00,,,,,,,1533.0,1533.0,,,0.0,,,0.0
2025-03-06 03:00:00,,,,,,,1529.0,1529.0,,,0.0,,,0.0
2025-03-06 04:00:00,,,,,,,1529.0,1529.0,,,0.0,,,0.0
2025-03-06 05:00:00,,,,,,,1533.0,1533.0,,,0.0,,,0.0
2025-03-06 06:00:00,,,,,,,1533.0,1533.0,,,0.0,,,0.0
2025-03-06 07:00:00,,,,,,,1533.0,1533.0,,,0.0,,,0.0
2025-03-06 08:00:00,,,,,,,509.0,509.0,,,0.0,,,0.0
2025-03-06 09:00:00,,,,,,,509.0,509.0,,,0.0,,,0.0
2025-03-06 10:00:00,,,,,,,509.0,509.0,,,0.0,,,0.0
2025-03-06 11:00:00,,,,,,,509.0,509.0,,,0.0,,,0.0
2025-03-06 12:00:00,,,,,,,509.0,509.0,,,0.0,,,0.0
2025-03-06 13:00:00,,,,,,,509.0,509.0,,,0.0,,,0.0
2025-03-06 14:00:00,,,,,,,509.0,509.0,,,0.0,,,0.0
2025-03-06 15:00:00,,,,,,,509.0,509.0,,,0.0,,,0.0
2025-03-06 16:00:00,,,,,,,509.0,509.0,,,0.0,,,0.0
2025-03-06 17:00:00,,,,,,,1533.0,1533.0,,,0.0,,,0.0
2025-03-06 18:00:00,,,,,,,1273.0,1273.0,,,0.0,,,0.0
2025-03-06 19:00:00,,,,,,,1273.0,1273.0,,,0.0,,,0.0
2025-03-06 20:00:00,,,,,,,1273.0,1273.0,,,0.0,,,0.0
2025-03-06 21:00:00,,,,,,,1273.0,1273.0,,,0.0,,,0.0
2025-03-06 22:00:00,,,,,,,1273.0,1273.0,,,0.0,,,0.0
2025-03-06 23:00:00,,,,,,,1273.0,1273.0,,,0.0,,,0.0
2025-03-07 00:00:00,,,,,,,1273.0,1273.0,,,0.0,,,0.0
2025-03-07 01:00:00,,,,,,,1273.0,1273.0,,,0.0,,,0.0
2025-03-07 02:00:00,,,,,,,1273.0,1273.0,,,0.0,,,0.0
2025-03-07 03:00:00,,,,,,,1529.0,1529.0,,,0.0,,,0.0
2025-03-07 04:00:00,,,,,,,1529.0,1529.0,,,0.0,,,0.0
2025-03-07 05:00:00,,,,,,,1533.0,1533.0,,,0.0,,,0.0
2025-03-07 06:00:00,,,,,,,1273.0,1273.0,,,0.0,,,0.0
2025-03-07 07:00:00,,,,,,,1533.0,1533.0,,,0.0,,,0.0
2025-03-07 08:00:00,,,,,,,509.0,509.0,,,0.0,,,0.0
2025-03-07 09:00:00,,,,,,,509.0,509.0,,,0.0,,,0.0
2025-03-07 10:00:00,,,,,,,509.0,509.0,,,0.0,,,0.0
2025-03-07 11:00:00,,,,,,,509.0,509.0,,,0.0,,,0.0
2025-03-07 12:00:00,,,,,,,509.0,509.0,,,0.0,,,0.0
2025-03-07 13:00:00,,,,,,,509.0,509.0,,,0.0,,,0.0
2025-03-07 14:00:00,,,,,,,509.0,509.0,,,0.0,,,0.0
2025-03-07 15:00:00,,,,,,,509.0,509.0,,,0.0,,,0.0
2025-03-07 16:00:00,,,,,,,509.0,509.0,,,0.0,,,0.0
2025-03-07 17:00:00,,,,,,,1533.0,1533.0,,,0.0,,,0.0
2025-03-07 18:00:00,,,,,,,1529.0,1529.0,,,0.0,,,0.0
2025-03-07 19:00:00,,,,,,,1529.0,1529.0,,,0.0,,,0.0
2025-03-07 20:00:00,,,,,,,1533.0,1533.0,,,0.0,,,0.0
2025-03-07 21:00:00,,,,,,,1529.0,1529.0,,,0.0,,,0.0
2025-03-07 22:00:00,,,,,,,1529.0,1529.0,,,0.0,,,0.0
2025-03-07 23:00:00,,,,,,,1529.0,1529.0,,,0.0,,,0.0
2025-03-08 00:00:00,,,,,,,1529.0,1529.0,,,0.0,,,0.0
2025-03-08 01:00:00,,,,,,,1273.0,1273.0,,,0.0,,,0.0
2025-03-08 02:00:00,,,,,,,1529.0,1529.0,,,0.0,,,0.0
2025-03-08 03:00:00,,,,,,,1529.0,1529.0,,,0.0,,,0.0
2025-03-08 04:00:00,,,,,,,1529.0,1529.0,,,0.0,,,0.0
2025-03-08 05:00:00,,,,,,,1273.0,1273.0,,,0.0,,,0.0
2025-03-08 06:00:00,,,,,,,1273.0,1273.0,,,0.0,,,0.0
2025-03-08 07:00:00,,,,,,,1533.0,1533.0,,,0.0,,,0.0
2025-03-08 08:00:00,,,,,,,505.0,505.0,,,0.0,,,0.0
2025-03-08 09:00:00,,,,,,,509.0,509.0,,,0.0,,,0.0
2025-03-08 10:00:00,,,,,,,509.0,509.0,,,0.0,,,0.0
2025-03-08 11:00:00,,,,,,,509.0,509.0,,,0.0,,,0.0
2025-03-08 12:00:00,,,,,,,509.0,509.0,,,0.0,,,0.0
2025-03-08 13:00:00,,,,,,,509.0,509.0,,,0.0,,,0.0
2025-03-08 14:00:00,,,,,,,509.0,509.0,,,0.0,,,0.0
2025-03-08 15:00:00,,,,,,,509.0,509.0,,,0.0,,,0.0
2025-03-08 16:00:00,,,,,,,509.0,509.0,,,0.0,,,0.0
2025-03-08 17:00:00,,,,,,,1533.0,1533.0,,,0.0,,,0.0
2025-03-08 18:00:00,,,,,,,1533.0,1533.0,,,0.0,,,0.0
2025-03-08 19:00:00,,,,,,,1533.0,1533.0,,,0.0,,,0.0
2025-03-08 20:00:00,,,,,,,1533.0,1533.0,,,0.0,,,0.0
2025-03-08 21:00:00,,,,,,,1533.0,1533.0,,,0.0,,,0.0
2025-03-08 22:00:00,,,,,,,1533.0,1533.0,,,0.0,,,0.0
2025-03-08 23:00:00,,,,,,,1529.0,1529.0,,,0.0,,,0.0
2025-03-09 00:00:00,,,,,,,1533.0,1533.0,,,0.0,,,0.0
2025-03-09 01:00:00,,,,,,,1529.0,1529.0,,,0.0,,,0.0
2025-03-09 02:00:00,,,,,,,1273.0,1273.0,,,0.0,,,0.0
2025-03-09 03:00:00,,,,,,,1533.0,1533.0,,,0.0,,,0.0
2025-03-09 04:00:00,,,,,,,1273.0,1273.0,,,0.0,,,0.0
2025-03-09 05:00:00,,,,,,,1273.0,1273.0,,,0.0,,,0.0
2025-03-09 06:00:00,,,,,,,1273.0,1273.0,,,0.0,,,0.0
2025-03-09 07:00:00,,,,,,,1533.0,1533.0,,,0.0,,,0.0
2025-03-09 08:00:00,,,,,,,505.0,505.0,,,0.0,,,0.0
2025-03-09 09:00:00,,,,,,,509.0,509.0,,,0.0,,,0.0
2025-03-09 10:00:00,,,,,,,509.0,509.0,,,0.0,,,0.0
2025-03-09 11:00:00,,,,,,,509.0,509.0,,,0.0,,,0.0
2025-03-09 12:00:00,,,,,,,509.0,509.0,,,0.0,,,0.0
2025-03-09 13:00:00,,,,,,,509.0,509.0,,,0.0,,,0.0
2025-03-09 14:00:00,,,,,,,509.0,509.0,,,0.0,,,0.0
2025-03-09 15:00:00,,,,,,,509.0,509.0,,,0.0,,,0.0
2025-03-09 16:00:00,,,,,,,509.0,509.0,,,0.0,,,0.0
2025-03-09 17:00:00,,,,,,,1533.0,1533.0,,,0.0,,,0.0
2025-03-09 18:00:00,,,,,,,1533.0,1533.0,,,0.0,,,0.0
2025-03-09 19:00:00,,,,,,,1533.0,1533.0,,,0.0,,,0.0
2025-03-09 20:00:00,,,,,,,1533.0,1533.0,,,0.0,,,0.0
2025-03-09 21:00:00,,,,,,,1529.0,1529.0,,,0.0,,,0.0
2025-03-09 22:00:00,,,,,,,1533.0,1533.0,,,0.0,,,0.0
2025-03-09 23:00:00,,,,,,,1533.0,1533.0,,,0.0,,,0.0
2025-03-10 00:00:00,,,,,,,1533.0,1533.0,,,0.0,,,0.0
2025-03-10 01:00:00,,,,,,,1529.0,1529.0,,,0.0,,,0.0
2025-03-10 02:00:00,,,,,,,1529.0,1529.0,,,0.0,,,0.0
2025-03-10 03:00:00,,,,,,,1273.0,1273.0,,,0.0,,,0.0
2025-03-10 04:00:00,,,,,,,1273.0,1273.0,,,0.0,,,0.0
2025-03-10 05:00:00,,,,,,,1273.0,1273.0,,,0.0,,,0.0
2025-03-10 06:00:00,,,,,,,1273.0,1273.0,,,0.0,,,0.0
2025-03-10 07:00:00,,,,,,,1533.0,1533.0,,,0.0,,,0.0
2025-03-10 08:00:00,,,,,,,505.0,505.0,,,0.0,,,0.0
2025-03-10 09:00:00,,,,,,,509.0,509.0,,,0.0,,,0.0
2025-03-10 10:00:00,,,,,,,509.0,509.0,,,0.0,,,0.0
2025-03-10 11:00:00,,,,,,,509.0,509.0,,,0.0,,,0.0
2025-03-10 12:00:00,,,,,,,509.0,509.0,,,0.0,,,0.0
2025-03-10 13:00:00,,,,,,,509.0,509.0,,,0.0,,,0.0
2025-03-10 14:00:00,,,,,,,509.0,509.0,,,0.0,,,0.0
2025-03-10 15:00:00,,,,,,,509.0,509.0,,,0.0,,,0.0
2025-03-10 16:00:00,,,,,,,509.0,509.0,,,0.0,,,0.0
2025-03-10 17:00:00,,,,,,,1533.0,1533.0,,,0.0,,,0.0
2025-03-10 18:00:00,,,,,,,1273.0,1273.0,,,0.0,,,0.0
2025-03-10 19:00:00,,,,,,,1273.0,1273.0,,,0.0,,,0.0
2025-03-10 20:00:00,,,,,,,1273.0,1273.0,,,0.0,,,0.0
2025-03-10 21:00:00,,,,,,,1273.0,1273.0,,,0.0,,,0.0
2025-03-10 22:00:00,,,,,,,1273.0,1273.0,,,0.0,,,0.0
2025-03-11 01:00:00,,,,,,,1273.0,1273.0,,,0.0,,,0.0
2025-03-11 02:00:00,,,,,,,1273.0,1273.0,,,0.0,,,0.0
2025-03-11 03:00:00,,,,,,,1273.0,1273.0,,,0.0,,,0.0
2025-03-11 04:00:00,,,,,,,1273.0,1273.0,,,0.0,,,0.0
2025-03-11 05:00:00,,,,,,,1273.0,1273.0,,,0.0,,,0.0
2025-03-11 06:00:00,,,,,,,1273.0,1273.0,,,0.0,,,0.0
2025-03-11 07:00:00,,,,,,,1533.0,1533.0,,,0.0,,,0.0
2025-03-11 08:00:00,,,,,,,505.0,505.0,,,0.0,,,0.0
2025-03-11 09:00:00,,,,,,,509.0,509.0,,,0.0,,,0.0
2025-03-11 10:00:00,,,,,,,509.0,509.0,,,0.0,,,0.0
2025-03-11 11:00:00,,,,,,,509.0,509.0,,,0.0,,,0.0
2025-03-11 12:00:00,,,,,,,509.0,509.0,,,0.0,,,0.0
2025-03-11 13:00:00,,,,,,,509.0,509.0,,,0.0,,,0.0
2025-03-11 14:00:00,,,,,,,509.0,509.0,,,0.0,,,0.0
2025-03-11 15:00:00,,,,,,,509.0,509.0,,,0.0,,,0.0
2025-03-11 16:00:00,,,,,,,509.0,509.0,,,0.0,,,0.0
2025-03-11 17:00:00,,,,,,,1533.0,1533.0,,,0.0,,,0.0
2025-03-11 18:00:00,,,,,,,1273.0,1273.0,,,0.0,,,0.0
2025-03-11 19:00:00,,,,,,,1273.0,1273.0,,,0.0,,,0.0
2025-03-11 20:00:00,,,,,,,1533.0,1533.0,,,0.0,,,0.0
2025-03-11 21:00:00,,,,,,,1529.0,1529.0,,,0.0,,,0.0
2025-03-11 22:00:00,,,,,,,1273.0,1273.0,,,0.0,,,0.0
2025-03-11 23:00:00,,,,,,,1273.0,1273.0,,,0.0,,,0.0
2025-03-12 00:00:00,,,,,,,1529.0,1529.0,,,0.0,,,0.0
2025-03-12 01:00:00,,,,,,,1529.0,1529.0,,,0.0,,,0.0
2025-03-12 02:00:00,,,,,,,1533.0,1533.0,,,0.0,,,0.0
2025-03-12 03:00:00,,,,,,,1533.0,1533.0,,,0.0,,,0.0
2025-03-12 04:00:00,,,,,,,1533.0,1533.0,,,0.0,,,0.0
2025-03-12 05:00:00,,,,,,,1533.0,1533.0,,,0.0,,,0.0
2025-03-12 06:00:00,,,,,,,1533.0,1533.0,,,0.0,,,0.0
2025-03-12 07:00:00,,,,,,,1529.0,1529.0,,,0.0,,,0.0
2025-03-12 08:00:00,,,,,,,509.0,509.0,,,0.0,,,0.0
2025-03-12 09:00:00,,,,,,,509.0,509.0,,,0.0,,,0.0
2025-03-12 10:00:00,,,,,,,509.0,509.0,,,0.0,,,0.0
2025-03-12 11:00:00,,,,,,,509.0,509.0,,,0.0,,,0.0
2025-03-12 12:00:00,,,,,,,509.0,509.0,,,0.0,,,0.0
2025-03-12 13:00:00,,,,,,,509.0,509.0,,,0.0,,,0.0
2025-03-12 14:00:00,,,,,,,509.0,509.0,,,0.0,,,0.0
2025-03-12 15:00:00,,,,,,,509.0,509.0,,,0.0,,,0.0
2025-03-12 16:00:00,,,,,,,509.0,509.0,,,0.0,,,0.0
2025-03-12 17:00:00,,,,,,,1533.0,1533.0,,,0.0,,,0.0
2025-03-12 18:00:00,,,,,,,1533.0,1533.0,,,0.0,,,0.0
2025-03-12 19:00:00,,,,,,,1533.0,1533.0,,,0.0,,,0.0
2025-03-12 20:00:00,,,,,,,1533.0,1533.0,,,0.0,,,0.0
2025-03-12 21:00:00,,,,,,,1273.0,1273.0,,,0.0,,,0.0
2025-03-12 22:00:00,,,,,,,1533.0,1533.0,,,0.0,,,0.0
2025-03-12 23:00:00,,,,,,,1273.0,1273.0,,,0.0,,,0.0
2025-03-13 00:00:00,,,,,,,1273.0,1273.0,,,0.0,,,0.0
2025-03-13 01:00:00,,,,,,,1273.0,1273.0,,,0.0,,,0.0
2025-03-13 02:00:00,,,,,,,1273.0,1273.0,,,0.0,,,0.0
2025-03-13 03:00:00,,,,,,,1273.0,1273.0,,,0.0,,,0.0
2025-03-13 04:00:00,,,,,,,1273.0,1273.0,,,0.0,,,0.0
2025-03-13 05:00:00,,,,,,,1273.0,1273.0,,,0.0,,,0.0
2025-03-13 06:00:00,,,,,,,1273.0,1273.0,,,0.0,,,0.0
2025-03-13 07:00:00,,,,,,,1533.0,1533.0,,,0.0,,,0.0
2025-03-13 08:00:00,,,,,,,505.0,505.0,,,0.0,,,0.0
2025-03-13 09:00:00,,,,,,,509.0,509.0,,,0.0,,,0.0
2025-03-13 10:00:00,,,,,,,509.0,509.0,,,0.0,,,0.0
2025-03-13 11:00:00,,,,,,,509.0,509.0,,,0.0,,,0.0
2025-03-13 12:00:00,,,,,,,509.0,509.0,,,0.0,,,0.0
2025-03-13 13:00:00,,,,,,,509.0,509.0,,,0.0,,,0.0
2025-03-13 14:00:00,,,,,,,509.0,509.0,,,0.0,,,0.0
2025-03-13 15:00:00,,,,,,,509.0,509.0,,,0.0,,,0.0
2025-03-13 16:00:00,,,,,,,509.0,509.0,,,0.0,,,0.0
2025-03-13 17:00:00,,,,,,,1533.0,1533.0,,,0.0,,,0.0
2025-03-13 18:00:00,,,,,,,1273.0,1273.0,,,0.0,,,0.0
2025-03-13 19:00:00,,,,,,,1273.0,1273.0,,,0.0,,,0.0
2025-03-13 20:00:00,,,,,,,1273.0,1273.0,,,0.0,,,0.0
2025-03-13 21:00:00,,,,,,,1533.0,1533.0,,,0.0,,,0.0
2025-03-13 22:00:00,,,,,,,1273.0,1273.0,,,0.0,,,0.0
2025-03-13 23:00:00,,,,,,,1273.0,1273.0,,,0.0,,,0.0
2025-03-14 00:00:00,,,,,,,1273.0,1273.0,,,0.0,,,0.0
2025-03-14 01:00:00,,,,,,,1273.0,1273.0,,,0.0,,,0.0
2025-03-14 02:00:00,,,,,,,1273.0,1273.0,,,0.0,,,0.0
2025-03-14 03:00:00,,,,,,,1273.0,1273.0,,,0.0,,,0.0
2025-03-14 04:00:00,,,,,,,1273.0,1273.0,,,0.0,,,0.0
2025-03-14 05:00:00,,,,,,,1273.0,1273.0,,,0.0,,,0.0
2025-03-14 06:00:00,,,,,,,1273.0,1273.0,,,0.0,,,0.0
2025-03-14 07:00:00,,,,,,,1533.0,1533.0,,,0.0,,,0.0
2025-03-14 08:00:00,,,,,,,505.0,504.0,0.422,0.0,1.0,0.8615,0.0,1.0
2025-03-14 09:00:00,,,,,,,509.0,509.0,0.61579996,0.0074,2.0,0.8678,0.004799962,2.0
2025-03-14 10:00:00,,,,,,,509.0,509.0,,,0.0,,,0.0
2025-03-14 11:00:00,,,,,,,509.0,509.0,,,0.0,,,0.0
2025-03-14 12:00:00,,,,,,,509.0,509.0,,,0.0,,,0.0
2025-03-14 13:00:00,,,,,,,509.0,509.0,,,0.0,,,0.0
2025-03-14 14:00:00,,,,,,,509.0,509.0,,,0.0,,,0.0
2025-03-14 15:00:00,,,,,,,509.0,509.0,,,0.0,,,0.0
2025-03-14 16:00:00,,,,,,,509.0,509.0,,,0.0,,,0.0
2025-03-14 17:00:00,,,,,,,1533.0,1533.0,,,0.0,,,0.0
2025-03-14 18:00:00,,,,,,,1273.0,1273.0,,,0.0,,,0.0
2025-03-14 19:00:00,,,,,,,1273.0,1273.0,,,0.0,,,0.0
2025-03-14 20:00:00,,,,,,,1273.0,1273.0,,,0.0,,,0.0
2025-03-14 21:00:00,,,,,,,1273.0,1273.0,,,0.0,,,0.0
2025-03-14 22:00:00,,,,,,,1273.0,1273.0,,,0.0,,,0.0
2025-03-14 23:00:00,,,,,,,1273.0,1273.0,,,0.0,,,0.0
2025-03-15 00:00:00,,,,,,,1273.0,1273.0,,,0.0,,,0.0
2025-03-15 01:00:00,,,,,,,1273.0,1273.0,,,0.0,,,0.0
2025-03-15 02:00:00,,,,,,,1533.0,1533.0,,,0.0,,,0.0
2025-03-15 03:00:00,,,,,,,1273.0,1273.0,,,0.0,,,0.0
2025-03-15 04:00:00,,,,,,,1273.0,1273.0,,,0.0,,,0.0
2025-03-15 05:00:00,,,,,,,1273.0,1273.0,,,0.0,,,0.0
2025-03-15 06:00:00,,,,,,,1273.0,1273.0,,,0.0,,,0.0
2025-03-15 07:00:00,,,,,,,1533.0,1533.0,,,0.0,,,0.0
2025-03-15 08:00:00,,,,,,,2553.0,2552.0,0.6282,0.0,1.0,1.0015,0.0,1.0
2025-03-15 09:00:00,,,,,,,509.0,509.0,0.68979996,0.083399996,2.0,0.995,0.0022000074,2.0
2025-03-15 10:00:00,,,,,,,509.0,509.0,,,0.0,,,0.0
2025-03-15 11:00:00,,,,,,,505.0,505.0,,,0.0,,,0.0
2025-03-15 12:00:00,,,,,,,509.0,509.0,,,0.0,,,0.0
2025-03-15 13:00:00,,,,,,,509.0,509.0,,,0.0,,,0.0
2025-03-15 14:00:00,,,,,,,509.0,509.0,,,0.0,,,0.0
2025-03-15 15:00:00,,,,,,,509.0,509.0,,,0.0,,,0.0
2025-03-15 16:00:00,,,,,,,509.0,509.0,,,0.0,,,0.0
2025-03-15 17:00:00,,,,,,,1533.0,1533.0,,,0.0,,,0.0
2025-03-15 18:00:00,,,,,,,1529.0,1529.0,,,0.0,,,0.0
2025-03-15 19:00:00,,,,,,,1529.0,1529.0,,,0.0,,,0.0
2025-03-15 20:00:00,,,,,,,1533.0,1533.0,,,0.0,,,0.0
2025-03-15 21:00:00,,,,,,,1533.0,1533.0,,,0.0,,,0.0
2025-03-15 22:00:00,,,,,,,1529.0,1529.0,,,0.0,,,0.0
2025-03-15 23:00:00,,,,,,,1533.0,1533.0,,,0.0,,,0.0
2025-03-16 00:00:00,,,,,,,1533.0,1533.0,,,0.0,,,0.0
2025-03-16 01:00:00,,,,,,,1529.0,1529.0,,,0.0,,,0.0
2025-03-16 02:00:00,,,,,,,1529.0,1529.0,,,0.0,,,0.0
2025-03-16 03:00:00,,,,,,,1529.0,1529.0,,,0.0,,,0.0
2025-03-16 04:00:00,,,,,,,1533.0,1533.0,,,0.0,,,0.0
2025-03-16 05:00:00,,,,,,,1529.0,1529.0,,,0.0,,,0.0
2025-03-16 06:00:00,,,,,,,1533.0,1533.0,,,0.0,,,0.0
2025-03-16 07:00:00,,,,,,,1533.0,1533.0,,,0.0,,,0.0
2025-03-16 08:00:00,,,,,,,509.0,509.0,,,0.0,,,0.0
2025-03-16 09:00:00,,,,,,,509.0,509.0,,,0.0,,,0.0
2025-03-16 10:00:00,,,,,,,509.0,509.0,,,0.0,,,0.0
2025-03-16 11:00:00,,,,,,,509.0,509.0,,,0.0,,,0.0
2025-03-16 12:00:00,,,,,,,509.0,509.0,,,0.0,,,0.0
2025-03-16 13:00:00,,,,,,,509.0,509.0,,,0.0,,,0.0
2025-03-16 14:00:00,,,,,,,509.0,509.0,,,0.0,,,0.0
2025-03-16 15:00:00,,,,,,,509.0,509.0,,,0.0,,,0.0
2025-03-16 16:00:00,,,,,,,509.0,509.0,,,0.0,,,0.0
2025-03-16 17:00:00,,,,,,,1533.0,1533.0,,,0.0,,,0.0
2025-03-16 18:00:00,,,,,,,1273.0,1273.0,,,0.0,,,0.0
2025-03-16 19:00:00,,,,,,,1273.0,1273.0,,,0.0,,,0.0
2025-03-16 20:00:00,,,,,,,1273.0,1273.0,,,0.0,,,0.0
2025-03-16 21:00:00,,,,,,,1273.0,1273.0,,,0.0,,,0.0
2025-03-16 22:00:00,,,,,,,1273.0,1273.0,,,0.0,,,0.0
2025-03-16 23:00:00,,,,,,,1273.0,1273.0,,,0.0,,,0.0
2025-03-17 00:00:00,,,,,,,1533.0,1533.0,,,0.0,,,0.0
2025-03-17 01:00:00,,,,,,,1533.0,1533.0,,,0.0,,,0.0
2025-03-17 02:00:00,,,,,,,1533.0,1533.0,,,0.0,,,0.0
2025-03-17 03:00:00,,,,,,,1533.0,1533.0,,,0.0,,,0.0
2025-03-17 04:00:00,,,,,,,1273.0,1273.0,,,0.0,,,0.0
2025-03-17 05:00:00,,,,,,,1273.0,1273.0,,,0.0,,,0.0
2025-03-17 06:00:00,,,,,,,1529.0,1529.0,,,0.0,,,0.0
2025-03-17 07:00:00,,,,,,,1533.0,1533.0,,,0.0,,,0.0
2025-03-17 08:00:00,,,,,,,509.0,509.0,,,0.0,,,0.0
2025-03-17 09:00:00,,,,,,,509.0,509.0,0.0276,0.0,1.0,1.1537,0.0,1.0
2025-03-17 10:00:00,,,,,,,509.0,509.0,,,0.0,,,0.0
2025-03-17 11:00:00,,,,,,,509.0,509.0,,,0.0,,,0.0
2025-03-17 12:00:00,,,,,,,509.0,509.0,,,0.0,,,0.0
2025-03-17 13:00:00,,,,,,,509.0,509.0,,,0.0,,,0.0
2025-03-17 14:00:00,,,,,,,509.0,509.0,,,0.0,,,0.0
2025-03-17 15:00:00,,,,,,,509.0,509.0,,,0.0,,,0.0
2025-03-17 16:00:00,,,,,,,509.0,509.0,,,0.0,,,0.0
2025-03-17 17:00:00,,,,,,,1533.0,1533.0,,,0.0,,,0.0
2025-03-17 18:00:00,,,,,,,1273.0,1273.0,,,0.0,,,0.0
2025-03-17 19:00:00,,,,,,,1273.0,1273.0,,,0.0,,,0.0
2025-03-17 20:00:00,,,,,,,1273.0,1273.0,,,0.0,,,0.0
2025-03-17 21:00:00,,,,,,,1273.0,1273.0,,,0.0,,,0.0
2025-03-17 22:00:00,,,,,,,1273.0,1273.0,,,0.0,,,0.0
2025-03-17 23:00:00,,,,,,,1273.0,1273.0,,,0.0,,,0.0
2025-03-18 00:00:00,,,,,,,1273.0,1273.0,,,0.0,,,0.0
2025-03-18 01:00:00,,,,,,,1273.0,1273.0,,,0.0,,,0.0
2025-03-18 02:00:00,,,,,,,1533.0,1533.0,,,0.0,,,0.0
2025-03-18 03:00:00,,,,,,,1273.0,1273.0,,,0.0,,,0.0
2025-03-18 04:00:00,,,,,,,1533.0,1533.0,,,0.0,,,0.0
2025-03-18 05:00:00,,,,,,,1273.0,1273.0,,,0.0,,,0.0
2025-03-18 06:00:00,,,,,,,1529.0,1529.0,,,0.0,,,0.0
2025-03-18 07:00:00,,,,,,,1533.0,1533.0,,,0.0,,,0.0
2025-03-18 08:00:00,,,,,,,509.0,509.0,,,0.0,,,0.0
2025-03-18 09:00:00,,,,,,,509.0,509.0,1.1328,0.0,1.0,1.1445,0.0,1.0
2025-03-18 10:00:00,,,,,,,509.0,509.0,,,0.0,,,0.0
2025-03-18 11:00:00,,,,,,,509.0,509.0,,,0.0,,,0.0
2025-03-18 12:00:00,,,,,,,509.0,509.0,,,0.0,,,0.0
2025-03-18 13:00:00,,,,,,,509.0,509.0,,,0.0,,,0.0
2025-03-18 14:00:00,,,,,,,509.0,509.0,,,0.0,,,0.0
2025-03-18 15:00:00,,,,,,,509.0,509.0,,,0.0,,,0.0
2025-03-18 16:00:00,,,,,,,509.0,509.0,,,0.0,,,0.0
2025-03-18 17:00:00,,,,,,,1533.0,1533.0,,,0.0,,,0.0
2025-03-18 18:00:00,,,,,,,1273.0,1273.0,,,0.0,,,0.0
2025-03-18 19:00:00,,,,,,,1273.0,1273.0,,,0.0,,,0.0
2025-03-18 20:00:00,,,,,,,1529.0,1529.0,,,0.0,,,0.0
2025-03-18 21:00:00,,,,,,,1273.0,1273.0,,,0.0,,,0.0
2025-03-18 22:00:00,,,,,,,1273.0,1273.0,,,0.0,,,0.0
2025-03-18 23:00:00,,,,,,,1273.0,1273.0,,,0.0,,,0.0
2025-03-19 00:00:00,,,,,,,1533.0,1533.0,,,0.0,,,0.0
2025-03-19 01:00:00,,,,,,,1533.0,1533.0,,,0.0,,,0.0
2025-03-19 02:00:00,,,,,,,1529.0,1529.0,,,0.0,,,0.0
2025-03-19 03:00:00,,,,,,,1273.0,1273.0,,,0.0,,,0.0
2025-03-19 04:00:00,,,,,,,1529.0,1529.0,,,0.0,,,0.0
2025-03-19 05:00:00,,,,,,,1273.0,1273.0,,,0.0,,,0.0
2025-03-19 06:00:00,,,,,,,1533.0,1533.0,,,0.0,,,0.0
2025-03-19 07:00:00,,,,,,,1533.0,1533.0,,,0.0,,,0.0
2025-03-19 08:00:00,,,,,,,505.0,505.0,,,0.0,,,0.0
2025-03-19 09:00:00,,,,,,,509.0,509.0,,,0.0,,,0.0
2025-03-19 10:00:00,,,,,,,509.0,509.0,,,0.0,,,0.0
2025-03-19 11:00:00,,,,,,,509.0,509.0,,,0.0,,,0.0
2025-03-19 12:00:00,,,,,,,509.0,509.0,,,0.0,,,0.0
2025-03-19 13:00:00,,,,,,,509.0,509.0,,,0.0,,,0.0
2025-03-19 14:00:00,,,,,,,509.0,509.0,,,0.0,,,0.0
2025-03-19 15:00:00,,,,,,,509.0,509.0,,,0.0,,,0.0
2025-03-19 16:00:00,,,,,,,509.0,509.0,,,0.0,,,0.0
2025-03-19 17:00:00,,,,,,,1533.0,1533.0,,,0.0,,,0.0
2025-03-19 18:00:00,,,,,,,1529.0,1529.0,,,0.0,,,0.0
2025-03-19 19:00:00,,,,,,,1273.0,1273.0,,,0.0,,,0.0
2025-03-19 20:00:00,,,,,,,1273.0,1273.0,,,0.0,,,0.0
2025-03-19 21:00:00,,,,,,,1273.0,1273.0,,,0.0,,,0.0
2025-03-19 22:00:00,,,,,,,1529.0,1529.0,,,0.0,,,0.0
2025-03-19 23:00:00,,,,,,,1533.0,1533.0,,,0.0,,,0.0
2025-03-20 00:00:00,,,,,,,1529.0,1529.0,,,0.0,,,0.0
2025-03-20 01:00:00,,,,,,,1273.0,1273.0,,,0.0,,,0.0
2025-03-20 02:00:00,,,,,,,1273.0,1273.0,,,0.0,,,0.0
2025-03-20 03:00:00,,,,,,,1273.0,1273.0,,,0.0,,,0.0
2025-03-20 04:00:00,,,,,,,1273.0,1273.0,,,0.0,,,0.0
2025-03-20 05:00:00,,,,,,,1273.0,1273.0,,,0.0,,,0.0
2025-03-20 06:00:00,,,,,,,1273.0,1273.0,,,0.0,,,0.0
2025-03-20 07:00:00,,,,,,,1533.0,1533.0,,,0.0,,,0.0
2025-03-20 08:00:00,,,,,,,509.0,509.0,,,0.0,,,0.0
2025-03-20 09:00:00,,,,,,,505.0,505.0,,,0.0,,,0.0
2025-03-20 10:00:00,,,,,,,505.0,505.0,,,0.0,,,0.0
2025-03-20 11:00:00,,,,,,,249.0,249.0,,,0.0,,,0.0
2025-03-20 12:00:00,,,,,,,249.0,249.0,,,0.0,,,0.0
2025-03-20 13:00:00,,,,,,,249.0,249.0,,,0.0,,,0.0
2025-03-20 14:00:00,,,,,,,509.0,509.0,,,0.0,,,0.0
2025-03-20 15:00:00,,,,,,,509.0,509.0,,,0.0,,,0.0
2025-03-20 16:00:00,,,,,,,509.0,509.0,,,0.0,,,0.0
2025-03-20 17:00:00,,,,,,,1533.0,1533.0,,,0.0,,,0.0
2025-03-20 18:00:00,,,,,,,1273.0,1273.0,,,0.0,,,0.0
2025-03-20 19:00:00,,,,,,,1273.0,1273.0,,,0.0,,,0.0
2025-03-20 20:00:00,,,,,,,1273.0,1273.0,,,0.0,,,0.0
2025-03-20 21:00:00,,,,,,,1533.0,1533.0,,,0.0,,,0.0
2025-03-20 22:00:00,,,,,,,1533.0,1533.0,,,0.0,,,0.0
2025-03-20 23:00:00,,,,,,,1533.0,1533.0,,,0.0,,,0.0
2025-03-21 00:00:00,,,,,,,1533.0,1533.0,,,0.0,,,0.0
2025-03-21 01:00:00,,,,,,,1273.0,1273.0,,,0.0,,,0.0
2025-03-21 02:00:00,,,,,,,1273.0,1273.0,,,0.0,,,0.0
2025-03-21 03:00:00,,,,,,,1273.0,1273.0,,,0.0,,,0.0
2025-03-21 04:00:00,,,,,,,1273.0,1273.0,,,0.0,,,0.0
2025-03-21 05:00:00,,,,,,,1273.0,1273.0,,,0.0,,,0.0
2025-03-21 06:00:00,,,,,,,1529.0,1529.0,,,0.0,,,0.0
2025-03-21 07:00:00,,,,,,,1533.0,1533.0,,,0.0,,,0.0
2025-03-21 08:00:00,,,,,,,505.0,505.0,,,0.0,,,0.0
2025-03-21 09:00:00,,,,,,,505.0,505.0,,,0.0,,,0.0
2025-03-21 10:00:00,,,,,,,505.0,505.0,,,0.0,,,0.0
2025-03-21 11:00:00,,,,,,,249.0,249.0,,,0.0,,,0.0
2025-03-21 12:00:00,,,,,,,249.0,249.0,,,0.0,,,0.0
2025-03-21 13:00:00,,,,,,,249.0,249.0,,,0.0,,,0.0
2025-03-21 14:00:00,,,,,,,505.0,505.0,,,0.0,,,0.0
2025-03-21 15:00:00,,,,,,,509.0,509.0,,,0.0,,,0.0
2025-03-21 16:00:00,,,,,,,509.0,509.0,,,0.0,,,0.0
2025-03-21 17:00:00,,,,,,,1533.0,1533.0,,,0.0,,,0.0
2025-03-21 18:00:00,,,,,,,1273.0,1273.0,,,0.0,,,0.0
2025-03-21 19:00:00,,,,,,,1273.0,1273.0,,,0.0,,,0.0
2025-03-21 20:00:00,,,,,,,1273.0,1273.0,,,0.0,,,0.0
2025-03-21 21:00:00,,,,,,,1273.0,1273.0,,,0.0,,,0.0
2025-03-21 22:00:00,,,,,,,1273.0,1273.0,,,0.0,,,0.0
2025-03-21 23:00:00,,,,,,,1273.0,1273.0,,,0.0,,,0.0
2025-03-22 00:00:00,,,,,,,1529.0,1529.0,,,0.0,,,0.0
2025-03-22 01:00:00,,,,,,,1273.0,1273.0,,,0.0,,,0.0
2025-03-22 02:00:00,,,,,,,1273.0,1273.0,,,0.0,,,0.0
2025-03-22 03:00:00,,,,,,,1273.0,1273.0,,,0.0,,,0.0
2025-03-22 04:00:00,,,,,,,1273.0,1273.0,,,0.0,,,0.0
2025-03-22 05:00:00,,,,,,,1273.0,1273.0,,,0.0,,,0.0
2025-03-22 06:00:00,,,,,,,1273.0,1273.0,,,0.0,,,0.0
2025-03-22 07:00:00,,,,,,,1533.0,1533.0,,,0.0,,,0.0
2025-03-22 08:00:00,,,,,,,505.0,505.0,,,0.0,,,0.0
2025-03-22 09:00:00,,,,,,,505.0,505.0,,,0.0,,,0.0
2025-03-22 10:00:00,,,,,,,505.0,505.0,,,0.0,,,0.0
2025-03-22 11:00:00,,,,,,,249.0,249.0,,,0.0,,,0.0
2025-03-22 12:00:00,,,,,,,249.0,249.0,,,0.0,,,0.0
2025-03-22 13:00:00,,,,,,,249.0,249.0,,,0.0,,,0.0
2025-03-22 14:00:00,,,,,,,505.0,505.0,,,0.0,,,0.0
2025-03-22 15:00:00,,,,,,,509.0,509.0,,,0.0,,,0.0
2025-03-22 16:00:00,,,,,,,509.0,509.0,,,0.0,,,0.0
2025-03-22 17:00:00,,,,,,,1533.0,1533.0,,,0.0,,,0.0
2025-03-22 18:00:00,,,,,,,1273.0,1273.0,,,0.0,,,0.0
2025-03-22 19:00:00,,,,,,,1273.0,1273.0,,,0.0,,,0.0
2025-03-22 20:00:00,,,,,,,1273.0,1273.0,,,0.0,,,0.0
2025-03-22 21:00:00,,,,,,,1273.0,1273.0,,,0.0,,,0.0
2025-03-22 22:00:00,,,,,,,1273.0,1273.0,,,0.0,,,0.0
2025-03-22 23:00:00,,,,,,,1273.0,1273.0,,,0.0,,,0.0
2025-03-23 00:00:00,,,,,,,1273.0,1273.0,,,0.0,,,0.0
2025-03-23 01:00:00,,,,,,,1273.0,1273.0,,,0.0,,,0.0
2025-03-23 02:00:00,,,,,,,1273.0,1273.0,,,0.0,,,0.0
2025-03-23 03:00:00,,,,,,,1273.0,1273.0,,,0.0,,,0.0
2025-03-23 04:00:00,,,,,,,1273.0,1273.0,,,0.0,,,0.0
2025-03-23 05:00:00,,,,,,,1273.0,1273.0,,,0.0,,,0.0
2025-03-23 06:00:00,,,,,,,1273.0,1273.0,,,0.0,,,0.0
2025-03-23 07:00:00,,,,,,,1529.0,1529.0,,,0.0,,,0.0
2025-03-23 08:00:00,,,,,,,2553.0,2552.0,0.9188,0.0,1.0,1.2321999,0.0,1.0
2025-03-23 09:00:00,,,,,,,2297.0,2296.0,1.0496,0.107,4.0,1.222,0.013499975,4.0
2025-03-23 10:00:00,,,,,,,509.0,509.0,0.9912,0.0088,4.0,1.2100999,0.00080001354,4.0
2025-03-23 11:00:00,,,,,,,249.0,249.0,,,0.0,,,0.0
2025-03-23 12:00:00,,,,,,,505.0,505.0,,,0.0,,,0.0
2025-03-23 13:00:00,,,,,,,249.0,249.0,,,0.0,,,0.0
2025-03-23 14:00:00,,,,,,,249.0,249.0,,,0.0,,,0.0
2025-03-23 15:00:00,,,,,,,509.0,509.0,,,0.0,,,0.0
2025-03-23 16:00:00,,,,,,,509.0,509.0,,,0.0,,,0.0
2025-03-23 17:00:00,,,,,,,1533.0,1533.0,,,0.0,,,0.0
2025-03-23 18:00:00,,,,,,,1273.0,1273.0,,,0.0,,,0.0
2025-03-23 19:00:00,,,,,,,1273.0,1273.0,,,0.0,,,0.0
2025-03-23 20:00:00,,,,,,,1273.0,1273.0,,,0.0,,,0.0
2025-03-23 21:00:00,,,,,,,1273.0,1273.0,,,0.0,,,0.0
2025-03-23 22:00:00,,,,,,,1273.0,1273.0,,,0.0,,,0.0
2025-03-23 23:00:00,,,,,,,1273.0,1273.0,,,0.0,,,0.0
2025-03-24 00:00:00,,,,,,,1273.0,1273.0,,,0.0,,,0.0
2025-03-24 01:00:00,,,,,,,1273.0,1273.0,,,0.0,,,0.0
2025-03-24 02:00:00,,,,,,,1273.0,1273.0,,,0.0,,,0.0
2025-03-24 03:00:00,,,,,,,1273.0,1273.0,,,0.0,,,0.0
2025-03-24 04:00:00,,,,,,,1273.0,1273.0,,,0.0,,,0.0
2025-03-24 05:00:00,,,,,,,1273.0,1273.0,,,0.0,,,0.0
2025-03-24 06:00:00,,,,,,,1273.0,1273.0,,,0.0,,,0.0
2025-03-24 07:00:00,,,,,,,1533.0,1533.0,,,0.0,,,0.0
2025-03-24 08:00:00,,,,,,,505.0,505.0,,,0.0,,,0.0
2025-03-24 09:00:00,,,,,,,249.0,249.0,,,0.0,,,0.0
2025-03-24 10:00:00,,,,,,,505.0,505.0,,,0.0,,,0.0
2025-03-24 11:00:00,,,,,,,249.0,249.0,,,0.0,,,0.0
2025-03-24 12:00:00,,,,,,,249.0,249.0,,,0.0,,,0.0
2025-03-24 13:00:00,,,,,,,249.0,249.0,,,0.0,,,0.0
2025-03-24 14:00:00,,,,,,,505.0,505.0,,,0.0,,,0.0
2025-03-24 15:00:00,,,,,,,509.0,509.0,,,0.0,,,0.0
2025-03-24 16:00:00,,,,,,,509.0,509.0,,,0.0,,,0.0
2025-03-24 17:00:00,,,,,,,1533.0,1533.0,,,0.0,,,0.0
2025-03-24 18:00:00,,,,,,,1273.0,1273.0,,,0.0,,,0.0
2025-03-24 19:00:00,,,,,,,1273.0,1273.0,,,0.0,,,0.0
2025-03-24 20:00:00,,,,,,,1273.0,1273.0,,,0.0,,,0.0
2025-03-24 21:00:00,,,,,,,1273.0,1273.0,,,0.0,,,0.0
2025-03-24 22:00:00,,,,,,,1273.0,1273.0,,,0.0,,,0.0
2025-03-24 23:00:00,,,,,,,1273.0,1273.0,,,0.0,,,0.0
2025-03-25 00:00:00,,,,,,,1273.0,1273.0,,,0.0,,,0.0
2025-03-25 01:00:00,,,,,,,1273.0,1273.0,,,0.0,,,0.0
2025-03-25 02:00:00,,,,,,,1273.0,1273.0,,,0.0,,,0.0
2025-03-25 03:00:00,,,,,,,1273.0,1273.0,,,0.0,,,0.0
2025-03-25 04:00:00,,,,,,,1273.0,1273.0,,,0.0,,,0.0
2025-03-25 05:00:00,,,,,,,1273.0,1273.0,,,0.0,,,0.0
2025-03-25 06:00:00,,,,,,,1273.0,1273.0,,,0.0,,,0.0
2025-03-25 07:00:00,,,,,,,1273.0,1273.0,,,0.0,,,0.0
2025-03-25 08:00:00,,,,,,,2553.0,2552.0,1.3672,0.0,1.0,1.1767,0.0,1.0
2025-03-25 09:00:00,,,,,,,2297.0,2296.0,1.0266,0.102,5.0,1.1901,0.004799962,5.0
2025-03-25 10:00:00,,,,,,,505.0,505.0,0.9672,0.0164,5.0,1.1953,0.00069999695,5.0
2025-03-25 11:00:00,,,,,,,505.0,505.0,0.9794,0.0,1.0,1.2212,0.0,1.0
2025-03-25 12:00:00,,,,,,,509.0,509.0,0.98039997,0.0638,3.0,1.2012,0.0048999786,3.0
2025-03-25 13:00:00,,,,,,,505.0,505.0,,,0.0,,,0.0
2025-03-25 14:00:00,,,,,,,505.0,505.0,,,0.0,,,0.0
2025-03-25 15:00:00,,,,,,,509.0,509.0,,,0.0,,,0.0
2025-03-25 16:00:00,,,,,,,509.0,509.0,,,0.0,,,0.0
2025-03-25 17:00:00,,,,,,,1533.0,1533.0,,,0.0,,,0.0
2025-03-25 18:00:00,,,,,,,1273.0,1273.0,,,0.0,,,0.0
2025-03-25 19:00:00,,,,,,,1273.0,1273.0,,,0.0,,,0.0
2025-03-25 20:00:00,,,,,,,1529.0,1529.0,,,0.0,,,0.0
2025-03-25 21:00:00,,,,,,,1529.0,1529.0,,,0.0,,,0.0
2025-03-25 22:00:00,,,,,,,1533.0,1533.0,,,0.0,,,0.0
2025-03-25 23:00:00,,,,,,,1529.0,1529.0,,,0.0,,,0.0
2025-03-26 00:00:00,,,,,,,1273.0,1273.0,,,0.0,,,0.0
2025-03-26 01:00:00,,,,,,,1533.0,1533.0,,,0.0,,,0.0
2025-03-26 02:00:00,,,,,,,1273.0,1273.0,,,0.0,,,0.0
2025-03-26 03:00:00,,,,,,,1273.0,1273.0,,,0.0,,,0.0
2025-03-26 04:00:00,,,,,,,1273.0,1273.0,,,0.0,,,0.0
2025-03-26 05:00:00,,,,,,,1273.0,1273.0,,,0.0,,,0.0
2025-03-26 06:00:00,,,,,,,1273.0,1273.0,,,0.0,,,0.0
2025-03-26 07:00:00,,,,,,,1273.0,1273.0,,,0.0,,,0.0
2025-03-26 08:00:00,,,,,,,2297.0,2296.0,0.8362,0.0,1.0,1.2005,0.0,1.0
2025-03-26 09:00:00,,,,,,,2553.0,2552.0,0.7912,0.0324,6.0,1.2069999,0.004000008,6.0
2025-03-26 10:00:00,,,,,,,509.0,509.0,0.8922,0.0176,5.0,1.2141,0.0009999871,5.0
2025-03-26 11:00:00,,,,,,,505.0,504.0,0.7184,0.0,1.0,1.2486,0.0,1.0
2025-03-26 12:00:00,,,,,,,509.0,509.0,,,0.0,,,0.0
2025-03-26 13:00:00,,,,,,,509.0,509.0,,,0.0,,,0.0
2025-03-26 14:00:00,,,,,,,509.0,509.0,,,0.0,,,0.0
2025-03-26 15:00:00,,,,,,,505.0,505.0,,,0.0,,,0.0
2025-03-26 16:00:00,,,,,,,509.0,509.0,,,0.0,,,0.0
2025-03-26 17:00:00,,,,,,,1533.0,1533.0,,,0.0,,,0.0
2025-03-26 18:00:00,,,,,,,1273.0,1273.0,,,0.0,,,0.0
2025-03-26 19:00:00,,,,,,,1529.0,1529.0,,,0.0,,,0.0
2025-03-26 20:00:00,,,,,,,1529.0,1529.0,,,0.0,,,0.0
2025-03-26 21:00:00,,,,,,,1529.0,1529.0,,,0.0,,,0.0
2025-03-26 22:00:00,,,,,,,1533.0,1533.0,,,0.0,,,0.0
2025-03-26 23:00:00,,,,,,,1533.0,1533.0,,,0.0,,,0.0
2025-03-27 00:00:00,,,,,,,1533.0,1533.0,,,0.0,,,0.0
2025-03-27 01:00:00,,,,,,,1529.0,1529.0,,,0.0,,,0.0
2025-03-27 02:00:00,,,,,,,1273.0,1273.0,,,0.0,,,0.0
2025-03-27 03:00:00,,,,,,,1529.0,1529.0,,,0.0,,,0.0
2025-03-27 04:00:00,,,,,,,1273.0,1273.0,,,0.0,,,0.0
2025-03-27 05:00:00,,,,,,,1273.0,1273.0,,,0.0,,,0.0
2025-03-27 06:00:00,,,,,,,1273.0,1273.0,,,0.0,,,0.0
2025-03-27 07:00:00,,,,,,,1533.0,1533.0,,,0.0,,,0.0
2025-03-27 08:00:00,,,,,,,2553.0,2552.0,0.8096,0.0,1.0,1.2292,0.0,1.0
2025-03-27 09:00:00,,,,,,,2553.0,2552.0,0.93939996,0.0444,6.0,1.2286999,0.0016999841,6.0
2025-03-27 10:00:00,,,,,,,509.0,509.0,0.81159997,0.036399998,3.0,1.2300999,0.0,3.0
2025-03-27 11:00:00,,,,,,,509.0,509.0,,,0.0,,,0.0
2025-03-27 12:00:00,,,,,,,509.0,509.0,,,0.0,,,0.0
2025-03-27 13:00:00,,,,,,,509.0,509.0,,,0.0,,,0.0
2025-03-27 14:00:00,,,,,,,509.0,509.0,,,0.0,,,0.0
2025-03-27 15:00:00,,,,,,,509.0,509.0,,,0.0,,,0.0
2025-03-27 16:00:00,,,,,,,509.0,509.0,,,0.0,,,0.0
2025-03-27 17:00:00,,,,,,,1533.0,1533.0,,,0.0,,,0.0
2025-03-27 18:00:00,,,,,,,1273.0,1273.0,,,0.0,,,0.0
2025-03-27 19:00:00,,,,,,,1273.0,1273.0,,,0.0,,,0.0
2025-03-27 20:00:00,,,,,,,1273.0,1273.0,,,0.0,,,0.0
2025-03-27 21:00:00,,,,,,,1273.0,1273.0,,,0.0,,,0.0
2025-03-27 22:00:00,,,,,,,1273.0,1273.0,,,0.0,,,0.0
2025-03-27 23:00:00,,,,,,,1273.0,1273.0,,,0.0,,,0.0
2025-03-28 00:00:00,,,,,,,1273.0,1273.0,,,0.0,,,0.0
2025-03-28 01:00:00,,,,,,,1273.0,1273.0,,,0.0,,,0.0
2025-03-28 02:00:00,,,,,,,1273.0,1273.0,,,0.0,,,0.0
2025-03-28 03:00:00,,,,,,,1273.0,1273.0,,,0.0,,,0.0
2025-03-28 04:00:00,,,,,,,1273.0,1273.0,,,0.0,,,0.0
2025-03-28 05:00:00,,,,,,,1273.0,1273.0,,,0.0,,,0.0
2025-03-28 06:00:00,,,,,,,1273.0,1273.0,,,0.0,,,0.0
2025-03-28 07:00:00,,,,,,,1273.0,1273.0,,,0.0,,,0.0
2025-03-28 08:00:00,,,,,,,2297.0,2296.0,1.5244,0.0,1.0,0.9318,0.0,1.0
2025-03-28 09:00:00,,,,,,,2297.0,2296.0,1.637,0.0876,6.0,0.9152,0.02609998,6.0
2025-03-28 10:00:00,,,,,,,505.0,505.0,1.6536,0.0352,2.0,0.88109994,0.004700005,2.0
2025-03-28 11:00:00,,,,,,,2297.0,2296.0,1.3806,0.1314,2.0,0.94449997,0.03490001,2.0
2025-03-28 12:00:00,,,,,,,509.0,509.0,1.4366,0.1392,4.0,0.9591,0.020099998,4.0
2025-03-28 13:00:00,,,,,,,505.0,505.0,,,0.0,,,0.0
2025-03-28 14:00:00,,,,,,,505.0,505.0,,,0.0,,,0.0
2025-03-28 15:00:00,,,,,,,509.0,509.0,,,0.0,,,0.0
2025-03-28 16:00:00,,,,,,,509.0,509.0,,,0.0,,,0.0
2025-03-28 17:00:00,,,,,,,1533.0,1533.0,,,0.0,,,0.0
2025-03-28 18:00:00,,,,,,,1273.0,1273.0,,,0.0,,,0.0
2025-03-28 19:00:00,,,,,,,1273.0,1273.0,,,0.0,,,0.0
2025-03-28 20:00:00,,,,,,,1273.0,1273.0,,,0.0,,,0.0
2025-03-28 21:00:00,,,,,,,1529.0,1529.0,,,0.0,,,0.0
2025-03-28 22:00:00,,,,,,,1273.0,1273.0,,,0.0,,,0.0
2025-03-28 23:00:00,,,,,,,1273.0,1273.0,,,0.0,,,0.0
2025-03-29 00:00:00,,,,,,,1273.0,1273.0,,,0.0,,,0.0
2025-03-29 01:00:00,,,,,,,1273.0,1273.0,,,0.0,,,0.0
2025-03-29 02:00:00,,,,,,,1273.0,1273.0,,,0.0,,,0.0
2025-03-29 03:00:00,,,,,,,1533.0,1533.0,,,0.0,,,0.0
2025-03-29 04:00:00,,,,,,,1529.0,1529.0,,,0.0,,,0.0
2025-03-29 05:00:00,,,,,,,1533.0,1533.0,,,0.0,,,0.0
2025-03-29 06:00:00,,,,,,,1273.0,1273.0,,,0.0,,,0.0
2025-03-29 07:00:00,,,,,,,1533.0,1533.0,,,0.0,,,0.0
2025-03-29 08:00:00,,,,,,,509.0,509.0,,,0.0,,,0.0
2025-03-29 09:00:00,,,,,,,509.0,509.0,,,0.0,,,0.0
2025-03-29 10:00:00,,,,,,,509.0,509.0,,,0.0,,,0.0
2025-03-29 11:00:00,,,,,,,509.0,509.0,,,0.0,,,0.0
2025-03-29 12:00:00,,,,,,,509.0,509.0,,,0.0,,,0.0
2025-03-29 13:00:00,,,,,,,509.0,509.0,,,0.0,,,0.0
2025-03-29 14:00:00,,,,,,,509.0,509.0,,,0.0,,,0.0
2025-03-29 15:00:00,,,,,,,509.0,509.0,,,0.0,,,0.0
2025-03-29 16:00:00,,,,,,,509.0,509.0,,,0.0,,,0.0
2025-03-29 17:00:00,,,,,,,1533.0,1533.0,,,0.0,,,0.0
2025-03-29 18:00:00,,,,,,,1273.0,1273.0,,,0.0,,,0.0
2025-03-29 19:00:00,,,,,,,1273.0,1273.0,,,0.0,,,0.0
2025-03-29 20:00:00,,,,,,,1273.0,1273.0,,,0.0,,,0.0
2025-03-29 21:00:00,,,,,,,1529.0,1529.0,,,0.0,,,0.0
2025-03-29 22:00:00,,,,,,,1529.0,1529.0,,,0.0,,,0.0
2025-03-29 23:00:00,,,,,,,1533.0,1533.0,,,0.0,,,0.0
2025-03-30 00:00:00,,,,,,,1533.0,1533.0,,,0.0,,,0.0
2025-03-30 01:00:00,,,,,,,1533.0,1533.0,,,0.0,,,0.0
2025-03-30 02:00:00,,,,,,,1273.0,1273.0,,,0.0,,,0.0
2025-03-30 03:00:00,,,,,,,1533.0,1533.0,,,0.0,,,0.0
2025-03-30 04:00:00,,,,,,,1529.0,1529.0,,,0.0,,,0.0
2025-03-30 05:00:00,,,,,,,1273.0,1273.0,,,0.0,,,0.0
2025-03-30 06:00:00,,,,,,,1273.0,1273.0,,,0.0,,,0.0
2025-03-30 07:00:00,,,,,,,1533.0,1533.0,,,0.0,,,0.0
2025-03-30 08:00:00,,,,,,,2553.0,2552.0,1.202,0.0,1.0,0.985,0.0,1.0
2025-03-30 09:00:00,,,,,,,505.0,504.0,1.352,0.1028,3.0,0.98379993,0.0065999627,3.0
2025-03-30 10:00:00,,,,,,,509.0,509.0,1.2716,0.0,1.0,0.97319996,0.0,1.0
2025-03-30 11:00:00,,,,,,,505.0,505.0,,,0.0,,,0.0
2025-03-30 12:00:00,,,,,,,509.0,509.0,,,0.0,,,0.0
2025-03-30 13:00:00,,,,,,,509.0,509.0,,,0.0,,,0.0
2025-03-30 14:00:00,,,,,,,509.0,509.0,,,0.0,,,0.0
2025-03-30 15:00:00,,,,,,,509.0,509.0,,,0.0,,,0.0
2025-03-30 16:00:00,,,,,,,509.0,509.0,,,0.0,,,0.0
2025-03-30 17:00:00,,,,,,,1533.0,1533.0,,,0.0,,,0.0
2025-03-30 18:00:00,,,,,,,1529.0,1529.0,,,0.0,,,0.0
2025-03-30 19:00:00,,,,,,,1273.0,1273.0,,,0.0,,,0.0
2025-03-30 20:00:00,,,,,,,1273.0,1273.0,,,0.0,,,0.0
2025-03-30 21:00:00,,,,,,,1273.0,1273.0,,,0.0,,,0.0
2025-03-30 22:00:00,,,,,,,1273.0,1273.0,,,0.0,,,0.0
2025-03-30 23:00:00,,,,,,,1533.0,1533.0,,,0.0,,,0.0
2025-03-31 00:00:00,,,,,,,1273.0,1273.0,,,0.0,,,0.0
2025-03-31 01:00:00,,,,,,,1529.0,1529.0,,,0.0,,,0.0
2025-03-31 02:00:00,,,,,,,1273.0,1273.0,,,0.0,,,0.0
2025-03-31 03:00:00,,,,,,,1273.0,1273.0,,,0.0,,,0.0
2025-03-31 04:00:00,,,,,,,1273.0,1273.0,,,0.0,,,0.0
2025-03-31 05:00:00,,,,,,,1273.0,1273.0,,,0.0,,,0.0
2025-03-31 06:00:00,,,,,,,1529.0,1529.0,,,0.0,,,0.0
2025-03-31 07:00:00,,,,,,,1533.0,1533.0,,,0.0,,,0.0
2025-03-31 08:00:00,,,,,,,509.0,509.0,,,0.0,,,0.0
2025-03-31 09:00:00,,,,,,,509.0,509.0,1.8614,0.0,1.0,1.0231999,0.0,1.0
2025-03-31 10:00:00,,,,,,,509.0,509.0,2.7862,0.0,2.0,1.0095999,0.0,2.0
2025-03-31 11:00:00,,,,,,,509.0,509.0,,,0.0,,,0.0
2025-03-31 12:00:00,,,,,,,509.0,509.0,,,0.0,,,0.0
2025-03-31 13:00:00,,,,,,,509.0,509.0,,,0.0,,,0.0
2025-03-31 14:00:00,,,,,,,509.0,509.0,,,0.0,,,0.0
2025-03-31 15:00:00,,,,,,,505.0,505.0,,,0.0,,,0.0
2025-03-31 16:00:00,,,,,,,505.0,505.0,,,0.0,,,0.0
2025-03-31 17:00:00,,,,,,,1533.0,1533.0,,,0.0,,,0.0
2025-03-31 18:00:00,,,,,,,1273.0,1273.0,,,0.0,,,0.0
2025-03-31 19:00:00,,,,,,,1273.0,1273.0,,,0.0,,,0.0
2025-03-31 20:00:00,,,,,,,1273.0,1273.0,,,0.0,,,0.0
2025-03-31 21:00:00,,,,,,,1273.0,1273.0,,,0.0,,,0.0
2025-03-31 22:00:00,,,,,,,1273.0,1273.0,,,0.0,,,0.0
2025-03-31 23:00:00,,,,,,,1273.0,1273.0,,,0.0,,,0.0
2025-04-01 00:00:00,,,,,,,1273.0,1273.0,,,0.0,,,0.0
2025-04-01 01:00:00,,,,,,,1273.0,1273.0,,,0.0,,,0.0
2025-04-01 02:00:00,,,,,,,1529.0,1529.0,,,0.0,,,0.0
2025-04-01 03:00:00,,,,,,,1273.0,1273.0,,,0.0,,,0.0
2025-04-01 04:00:00,,,,,,,1533.0,1533.0,,,0.0,,,0.0
2025-04-01 05:00:00,,,,,,,1533.0,1533.0,,,0.0,,,0.0
2025-04-01 06:00:00,,,,,,,1273.0,1273.0,,,0.0,,,0.0
2025-04-01 07:00:00,,,,,,,1533.0,1533.0,,,0.0,,,0.0
2025-04-01 08:00:00,,,,,,,505.0,504.0,1.6394,0.0,1.0,1.0935999,0.0,1.0
2025-04-01 09:00:00,,,,,,,509.0,509.0,,,0.0,,,0.0
2025-04-01 10:00:00,,,,,,,509.0,509.0,,,0.0,,,0.0
2025-04-01 11:00:00,,,,,,,509.0,509.0,,,0.0,,,0.0
2025-04-01 12:00:00,,,,,,,509.0,509.0,1.1146,0.0056,3.0,1.0976,0.0011000037,3.0
2025-04-01 13:00:00,,,,,,,509.0,509.0,,,0.0,,,0.0
2025-04-01 14:00:00,,,,,,,509.0,509.0,,,0.0,,,0.0
2025-04-01 15:00:00,,,,,,,249.0,249.0,0.9198,0.0358,5.0,1.1804999,0.030200005,5.0
2025-04-01 16:00:00,,,,,,,505.0,505.0,,,0.0,,,0.0
2025-04-01 17:00:00,,,,,,,1533.0,1533.0,,,0.0,,,0.0
2025-04-01 18:00:00,,,,,,,1533.0,1533.0,,,0.0,,,0.0
2025-04-01 19:00:00,,,,,,,1273.0,1273.0,,,0.0,,,0.0
2025-04-01 20:00:00,,,,,,,1273.0,1273.0,,,0.0,,,0.0
2025-04-01 21:00:00,,,,,,,1273.0,1273.0,,,0.0,,,0.0
2025-04-01 22:00:00,,,,,,,1273.0,1273.0,,,0.0,,,0.0
2025-04-01 23:00:00,,,,,,,1273.0,1273.0,,,0.0,,,0.0
2025-04-02 00:00:00,,,,,,,1273.0,1273.0,,,0.0,,,0.0
2025-04-02 01:00:00,,,,,,,1273.0,1273.0,,,0.0,,,0.0
2025-04-02 02:00:00,,,,,,,1273.0,1273.0,,,0.0,,,0.0
2025-04-02 03:00:00,,,,,,,1273.0,1273.0,,,0.0,,,0.0
2025-04-02 04:00:00,,,,,,,1273.0,1273.0,,,0.0,,,0.0
2025-04-02 05:00:00,,,,,,,1273.0,1273.0,,,0.0,,,0.0
2025-04-02 06:00:00,,,,,,,1273.0,1273.0,,,0.0,,,0.0
2025-04-02 07:00:00,,,,,,,1533.0,1533.0,,,0.0,,,0.0
2025-04-02 08:00:00,,,,,,,509.0,509.0,,,0.0,,,0.0
2025-04-02 09:00:00,,,,,,,509.0,509.0,,,0.0,,,0.0
2025-04-02 10:00:00,,,,,,,505.0,505.0,,,0.0,,,0.0
2025-04-02 11:00:00,,,,,,,509.0,509.0,,,0.0,,,0.0
2025-04-02 12:00:00,,,,,,,509.0,509.0,,,0.0,,,0.0
2025-04-02 13:00:00,,,,,,,249.0,249.0,,,0.0,,,0.0
2025-04-02 14:00:00,,,,,,,249.0,248.0,0.6982,0.0,1.0,1.2248,0.0,1.0
2025-04-02 15:00:00,,,,,,,249.0,249.0,0.78099996,0.030599998,5.0,1.2379999,0.02759999,5.0
2025-04-02 16:00:00,,,,,,,505.0,505.0,,,0.0,,,0.0
2025-04-02 17:00:00,,,,,,,1533.0,1533.0,,,0.0,,,0.0
2025-04-02 18:00:00,,,,,,,1273.0,1273.0,,,0.0,,,0.0
2025-04-02 19:00:00,,,,,,,1273.0,1273.0,,,0.0,,,0.0
2025-04-02 20:00:00,,,,,,,1273.0,1273.0,,,0.0,,,0.0
2025-04-02 21:00:00,,,,,,,1533.0,1533.0,,,0.0,,,0.0
2025-04-02 22:00:00,,,,,,,1273.0,1273.0,,,0.0,,,0.0
2025-04-02 23:00:00,,,,,,,1273.0,1273.0,,,0.0,,,0.0
2025-04-03 00:00:00,,,,,,,1273.0,1273.0,,,0.0,,,0.0
2025-04-03 01:00:00,,,,,,,1273.0,1273.0,,,0.0,,,0.0
2025-04-03 02:00:00,,,,,,,1273.0,1273.0,,,0.0,,,0.0
2025-04-03 03:00:00,,,,,,,1273.0,1273.0,,,0.0,,,0.0
2025-04-03 04:00:00,,,,,,,1273.0,1273.0,,,0.0,,,0.0
2025-04-03 05:00:00,,,,,,,1273.0,1273.0,,,0.0,,,0.0
2025-04-03 06:00:00,,,,,,,1273.0,1273.0,,,0.0,,,0.0
2025-04-03 07:00:00,,,,,,,1529.0,1529.0,,,0.0,,,0.0
2025-04-03 08:00:00,,,,,,,2553.0,2552.0,0.68219995,0.03,2.0,1.2177,0.005699992,2.0
2025-04-03 09:00:00,,,,,,,249.0,248.0,0.676,0.0166,6.0,1.2104,0.0012999773,6.0
2025-04-03 10:00:00,,,,,,,249.0,248.0,0.70019996,0.0139999995,6.0,1.208,0.00040000677,6.0
2025-04-03 11:00:00,,,,,,,249.0,248.0,0.7576,0.0336,6.0,1.2084999,0.00089997053,6.0
2025-04-03 12:00:00,,,,,,,249.0,249.0,0.83599997,0.0023999999,5.0,1.2085999,0.00049996376,5.0
2025-04-03 13:00:00,,,,,,,249.0,249.0,,,0.0,,,0.0
2025-04-03 14:00:00,,,,,,,249.0,248.0,0.7388,0.0,1.0,1.2048,0.0,1.0
2025-04-03 15:00:00,,,,,,,249.0,249.0,0.85179996,0.056199998,5.0,1.2353,0.0158,5.0
2025-04-03 16:00:00,,,,,,,505.0,505.0,,,0.0,,,0.0
2025-04-03 17:00:00,,,,,,,1533.0,1533.0,,,0.0,,,0.0
2025-04-03 18:00:00,,,,,,,1273.0,1273.0,,,0.0,,,0.0
2025-04-03 19:00:00,,,,,,,1533.0,1533.0,,,0.0,,,0.0
2025-04-03 20:00:00,,,,,,,1529.0,1529.0,,,0.0,,,0.0
2025-04-03 21:00:00,,,,,,,1273.0,1273.0,,,0.0,,,0.0
2025-04-03 22:00:00,,,,,,,1273.0,1273.0,,,0.0,,,0.0
2025-04-03 23:00:00,,,,,,,1273.0,1273.0,,,0.0,,,0.0
2025-04-04 00:00:00,,,,,,,1273.0,1273.0,,,0.0,,,0.0
2025-04-04 01:00:00,,,,,,,1273.0,1273.0,,,0.0,,,0.0
2025-04-04 02:00:00,,,,,,,1273.0,1273.0,,,0.0,,,0.0
2025-04-04 03:00:00,,,,,,,1273.0,1273.0,,,0.0,,,0.0
2025-04-04 04:00:00,,,,,,,1273.0,1273.0,,,0.0,,,0.0
2025-04-04 05:00:00,,,,,,,1273.0,1273.0,,,0.0,,,0.0
2025-04-04 06:00:00,,,,,,,1273.0,1273.0,,,0.0,,,0.0
2025-04-04 07:00:00,,,,,,,1533.0,1533.0,,,0.0,,,0.0
2025-04-04 08:00:00,,,,,,,505.0,504.0,1.3822,0.0,1.0,1.1875,0.0,1.0
2025-04-04 09:00:00,,,,,,,509.0,509.0,1.433,0.0394,4.0,1.1807,0.004999995,4.0
2025-04-04 10:00:00,,,,,,,509.0,509.0,1.3396,0.030399999,2.0,1.1818,0.0029000044,2.0
2025-04-04 11:00:00,,,,,,,249.0,248.0,1.2628,0.015199999,5.0,1.1889,0.0045999885,5.0
2025-04-04 12:00:00,,,,,,,249.0,249.0,1.221,0.0288,4.0,1.1977999,0.0011999607,4.0
2025-04-04 13:00:00,,,,,,,249.0,249.0,,,0.0,,,0.0
2025-04-04 14:00:00,,,,,,,505.0,504.0,2.6968,0.0,1.0,0.6437,0.0,1.0
2025-04-04 15:00:00,,,,,,,2553.0,2552.0,2.4773998,0.6398,6.0,1.015,0.393,6.0
2025-04-04 16:00:00,,,,,,,509.0,509.0,,,0.0,,,0.0
2025-04-04 17:00:00,,,,,,,1533.0,1533.0,,,0.0,,,0.0
2025-04-04 18:00:00,,,,,,,1273.0,1273.0,,,0.0,,,0.0
2025-04-04 19:00:00,,,,,,,1273.0,1273.0,,,0.0,,,0.0
2025-04-04 20:00:00,,,,,,,1273.0,1273.0,,,0.0,,,0.0
2025-04-04 21:00:00,,,,,,,1273.0,1273.0,,,0.0,,,0.0
2025-04-04 22:00:00,,,,,,,1273.0,1273.0,,,0.0,,,0.0
2025-04-04 23:00:00,,,,,,,1273.0,1273.0,,,0.0,,,0.0
2025-04-05 00:00:00,,,,,,,1273.0,1273.0,,,0.0,,,0.0
2025-04-05 01:00:00,,,,,,,1273.0,1273.0,,,0.0,,,0.0
2025-04-05 02:00:00,,,,,,,1273.0,1273.0,,,0.0,,,0.0
2025-04-05 03:00:00,,,,,,,1273.0,1273.0,,,0.0,,,0.0
2025-04-05 04:00:00,,,,,,,1273.0,1273.0,,,0.0,,,0.0
2025-04-05 05:00:00,,,,,,,1273.0,1273.0,,,0.0,,,0.0
2025-04-05 06:00:00,,,,,,,1273.0,1273.0,,,0.0,,,0.0
2025-04-05 07:00:00,,,,,,,1533.0,1533.0,,,0.0,,,0.0
2025-04-05 08:00:00,,,,,,,509.0,509.0,,,0.0,,,0.0
2025-04-05 09:00:00,,,,,,,509.0,509.0,,,0.0,,,0.0
2025-04-05 10:00:00,,,,,,,509.0,509.0,,,0.0,,,0.0
2025-04-05 11:00:00,,,,,,,509.0,509.0,,,0.0,,,0.0
2025-04-05 12:00:00,,,,,,,509.0,509.0,,,0.0,,,0.0
2025-04-05 13:00:00,,,,,,,509.0,509.0,,,0.0,,,0.0
2025-04-05 14:00:00,,,,,,,509.0,509.0,,,0.0,,,0.0
2025-04-05 15:00:00,,,,,,,509.0,509.0,,,0.0,,,0.0
2025-04-05 16:00:00,,,,,,,509.0,509.0,,,0.0,,,0.0
2025-04-05 17:00:00,,,,,,,1533.0,1533.0,,,0.0,,,0.0
2025-04-05 18:00:00,,,,,,,1273.0,1273.0,,,0.0,,,0.0
2025-04-05 19:00:00,,,,,,,1533.0,1533.0,,,0.0,,,0.0
2025-04-05 20:00:00,,,,,,,1529.0,1529.0,,,0.0,,,0.0
2025-04-05 21:00:00,,,,,,,1533.0,1533.0,,,0.0,,,0.0
2025-04-05 22:00:00,,,,,,,1533.0,1533.0,,,0.0,,,0.0
2025-04-05 23:00:00,,,,,,,1533.0,1533.0,,,0.0,,,0.0
2025-04-06 00:00:00,,,,,,,1533.0,1533.0,,,0.0,,,0.0
2025-04-06 01:00:00,,,,,,,1533.0,1533.0,,,0.0,,,0.0
2025-04-06 02:00:00,,,,,,,1533.0,1533.0,,,0.0,,,0.0
2025-04-06 03:00:00,,,,,,,1529.0,1529.0,,,0.0,,,0.0
2025-04-06 04:00:00,,,,,,,1533.0,1533.0,,,0.0,,,0.0
2025-04-06 05:00:00,,,,,,,1533.0,1533.0,,,0.0,,,0.0
2025-04-06 06:00:00,,,,,,,1533.0,1533.0,,,0.0,,,0.0
2025-04-06 07:00:00,,,,,,,1533.0,1533.0,,,0.0,,,0.0
2025-04-06 08:00:00,,,,,,,509.0,509.0,,,0.0,,,0.0
2025-04-06 09:00:00,,,,,,,509.0,509.0,,,0.0,,,0.0
2025-04-06 10:00:00,,,,,,,509.0,509.0,,,0.0,,,0.0
2025-04-06 11:00:00,,,,,,,509.0,509.0,,,0.0,,,0.0
2025-04-06 12:00:00,,,,,,,509.0,509.0,,,0.0,,,0.0
2025-04-06 13:00:00,,,,,,,509.0,509.0,,,0.0,,,0.0
2025-04-06 14:00:00,,,,,,,509.0,509.0,,,0.0,,,0.0
2025-04-06 15:00:00,,,,,,,509.0,509.0,,,0.0,,,0.0
2025-04-06 16:00:00,,,,,,,509.0,509.0,,,0.0,,,0.0
2025-04-06 17:00:00,,,,,,,1533.0,1533.0,,,0.0,,,0.0
2025-04-06 18:00:00,,,,,,,1533.0,1533.0,,,0.0,,,0.0
2025-04-06 19:00:00,,,,,,,1533.0,1533.0,,,0.0,,,0.0
2025-04-06 20:00:00,,,,,,,1533.0,1533.0,,,0.0,,,0.0
2025-04-06 21:00:00,,,,,,,1529.0,1529.0,,,0.0,,,0.0
2025-04-06 22:00:00,,,,,,,1533.0,1533.0,,,0.0,,,0.0
2025-04-06 23:00:00,,,,,,,1533.0,1533.0,,,0.0,,,0.0
2025-04-07 00:00:00,,,,,,,1533.0,1533.0,,,0.0,,,0.0
2025-04-07 01:00:00,,,,,,,1533.0,1533.0,,,0.0,,,0.0
2025-04-07 02:00:00,,,,,,,1529.0,1529.0,,,0.0,,,0.0
2025-04-07 03:00:00,,,,,,,1533.0,1533.0,,,0.0,,,0.0
2025-04-07 04:00:00,,,,,,,1273.0,1273.0,,,0.0,,,0.0
2025-04-07 05:00:00,,,,,,,1529.0,1529.0,,,0.0,,,0.0
2025-04-07 06:00:00,,,,,,,1533.0,1533.0,,,0.0,,,0.0
2025-04-07 07:00:00,,,,,,,1533.0,1533.0,,,0.0,,,0.0
2025-04-07 08:00:00,,,,,,,509.0,509.0,,,0.0,,,0.0
2025-04-07 09:00:00,,,,,,,509.0,509.0,,,0.0,,,0.0
2025-04-07 10:00:00,,,,,,,509.0,509.0,,,0.0,,,0.0
2025-04-07 11:00:00,,,,,,,509.0,509.0,,,0.0,,,0.0
2025-04-07 12:00:00,,,,,,,509.0,509.0,,,0.0,,,0.0
2025-04-07 13:00:00,,,,,,,509.0,509.0,,,0.0,,,0.0
2025-04-07 14:00:00,,,,,,,509.0,509.0,,,0.0,,,0.0
2025-04-07 15:00:00,,,,,,,509.0,509.0,,,0.0,,,0.0
2025-04-07 16:00:00,,,,,,,509.0,509.0,,,0.0,,,0.0
2025-04-07 17:00:00,,,,,,,1533.0,1533.0,,,0.0,,,0.0
2025-04-07 18:00:00,,,,,,,1273.0,1273.0,,,0.0,,,0.0
2025-04-07 19:00:00,,,,,,,1533.0,1533.0,,,0.0,,,0.0
2025-04-07 20:00:00,,,,,,,1533.0,1533.0,,,0.0,,,0.0
2025-04-07 21:00:00,,,,,,,1529.0,1529.0,,,0.0,,,0.0
2025-04-07 22:00:00,,,,,,,1533.0,1533.0,,,0.0,,,0.0
2025-04-07 23:00:00,,,,,,,1533.0,1533.0,,,0.0,,,0.0
2025-04-08 00:00:00,,,,,,,1533.0,1533.0,,,0.0,,,0.0
2025-04-08 01:00:00,,,,,,,1533.0,1533.0,,,0.0,,,0.0
2025-04-08 02:00:00,,,,,,,1529.0,1529.0,,,0.0,,,0.0
2025-04-08 03:00:00,,,,,,,1529.0,1529.0,,,0.0,,,0.0
2025-04-08 04:00:00,,,,,,,1533.0,1533.0,,,0.0,,,0.0
2025-04-08 05:00:00,,,,,,,1533.0,1533.0,,,0.0,,,0.0
2025-04-08 06:00:00,,,,,,,1533.0,1533.0,,,0.0,,,0.0
2025-04-08 07:00:00,,,,,,,1533.0,1533.0,,,0.0,,,0.0
2025-04-08 08:00:00,,,,,,,509.0,509.0,,,0.0,,,0.0
2025-04-08 09:00:00,,,,,,,509.0,509.0,,,0.0,,,0.0
2025-04-08 10:00:00,,,,,,,505.0,504.0,1.6976,0.0,1.0,1.0107,0.0,1.0
2025-04-08 11:00:00,,,,,,,509.0,509.0,,,0.0,,,0.0
2025-04-08 12:00:00,,,,,,,509.0,509.0,,,0.0,,,0.0
2025-04-08 13:00:00,,,,,,,509.0,509.0,,,0.0,,,0.0
2025-04-08 14:00:00,,,,,,,509.0,509.0,,,0.0,,,0.0
2025-04-08 15:00:00,,,,,,,509.0,509.0,,,0.0,,,0.0
2025-04-08 16:00:00,,,,,,,509.0,509.0,,,0.0,,,0.0
2025-04-08 17:00:00,,,,,,,1533.0,1533.0,,,0.0,,,0.0
2025-04-08 18:00:00,,,,,,,1273.0,1273.0,,,0.0,,,0.0
2025-04-08 19:00:00,,,,,,,1273.0,1273.0,,,0.0,,,0.0
2025-04-08 20:00:00,,,,,,,1273.0,1273.0,,,0.0,,,0.0
2025-04-08 21:00:00,,,,,,,1529.0,1529.0,,,0.0,,,0.0
2025-04-08 22:00:00,,,,,,,1273.0,1273.0,,,0.0,,,0.0
2025-04-08 23:00:00,,,,,,,1273.0,1273.0,,,0.0,,,0.0
2025-04-09 00:00:00,,,,,,,1273.0,1273.0,,,0.0,,,0.0
2025-04-09 01:00:00,,,,,,,1273.0,1273.0,,,0.0,,,0.0
2025-04-09 02:00:00,,,,,,,1273.0,1273.0,,,0.0,,,0.0
2025-04-09 03:00:00,,,,,,,1273.0,1273.0,,,0.0,,,0.0
2025-04-09 04:00:00,,,,,,,1529.0,1529.0,,,0.0,,,0.0
2025-04-09 05:00:00,,,,,,,1273.0,1273.0,,,0.0,,,0.0
2025-04-09 06:00:00,,,,,,,1273.0,1273.0,,,0.0,,,0.0
2025-04-09 07:00:00,,,,,,,1533.0,1533.0,,,0.0,,,0.0
2025-04-09 08:00:00,,,,,,,509.0,509.0,,,0.0,,,0.0
2025-04-09 09:00:00,,,,,,,509.0,509.0,,,0.0,,,0.0
2025-04-09 10:00:00,,,,,,,509.0,509.0,,,0.0,,,0.0
2025-04-09 11:00:00,,,,,,,509.0,509.0,,,0.0,,,0.0
2025-04-09 12:00:00,,,,,,,509.0,509.0,,,0.0,,,0.0
2025-04-09 13:00:00,,,,,,,509.0,509.0,,,0.0,,,0.0
2025-04-09 14:00:00,,,,,,,509.0,509.0,,,0.0,,,0.0
2025-04-09 15:00:00,,,,,,,509.0,509.0,,,0.0,,,0.0
2025-04-09 16:00:00,,,,,,,509.0,509.0,,,0.0,,,0.0
2025-04-09 17:00:00,,,,,,,1533.0,1533.0,,,0.0,,,0.0
2025-04-09 18:00:00,,,,,,,1529.0,1529.0,,,0.0,,,0.0
2025-04-09 19:00:00,,,,,,,1533.0,1533.0,,,0.0,,,0.0
2025-04-09 20:00:00,,,,,,,1533.0,1533.0,,,0.0,,,0.0
2025-04-09 21:00:00,,,,,,,1529.0,1529.0,,,0.0,,,0.0
2025-04-09 22:00:00,,,,,,,1529.0,1529.0,,,0.0,,,0.0
2025-04-09 23:00:00,,,,,,,1533.0,1533.0,,,0.0,,,0.0
2025-04-10 00:00:00,,,,,,,1529.0,1529.0,,,0.0,,,0.0
2025-04-10 01:00:00,,,,,,,1533.0,1533.0,,,0.0,,,0.0
2025-04-10 02:00:00,,,,,,,1533.0,1533.0,,,0.0,,,0.0
2025-04-10 03:00:00,,,,,,,1529.0,1529.0,,,0.0,,,0.0
2025-04-10 04:00:00,,,,,,,1533.0,1533.0,,,0.0,,,0.0
2025-04-10 05:00:00,,,,,,,1529.0,1529.0,,,0.0,,,0.0
2025-04-10 06:00:00,,,,,,,1533.0,1533.0,,,0.0,,,0.0
2025-04-10 07:00:00,,,,,,,1533.0,1533.0,,,0.0,,,0.0
2025-04-10 08:00:00,,,,,,,509.0,509.0,,,0.0,,,0.0
2025-04-10 09:00:00,,,,,,,509.0,509.0,,,0.0,,,0.0
2025-04-10 10:00:00,,,,,,,509.0,509.0,,,0.0,,,0.0
2025-04-10 11:00:00,,,,,,,509.0,509.0,,,0.0,,,0.0
2025-04-10 12:00:00,,,,,,,509.0,509.0,,,0.0,,,0.0
2025-04-10 13:00:00,,,,,,,509.0,509.0,,,0.0,,,0.0
2025-04-10 14:00:00,,,,,,,509.0,509.0,,,0.0,,,0.0
2025-04-10 15:00:00,,,,,,,509.0,509.0,,,0.0,,,0.0
2025-04-10 16:00:00,,,,,,,509.0,509.0,,,0.0,,,0.0
2025-04-10 17:00:00,,,,,,,1533.0,1533.0,0.0168,0.0,1.0,1.069,0.0,1.0
2025-04-10 18:00:00,,,,,,,1533.0,1533.0,,,0.0,,,0.0
2025-04-10 19:00:00,,,,,,,1533.0,1533.0,,,0.0,,,0.0
2025-04-10 20:00:00,,,,,,,1529.0,1529.0,,,0.0,,,0.0
2025-04-10 21:00:00,,,,,,,1533.0,1533.0,,,0.0,,,0.0
2025-04-10 22:00:00,,,,,,,1533.0,1533.0,,,0.0,,,0.0
2025-04-10 23:00:00,,,,,,,1529.0,1529.0,,,0.0,,,0.0
2025-04-11 00:00:00,,,,,,,1533.0,1533.0,,,0.0,,,0.0
2025-04-11 01:00:00,,,,,,,1533.0,1533.0,,,0.0,,,0.0
2025-04-11 02:00:00,,,,,,,1533.0,1533.0,,,0.0,,,0.0
2025-04-11 03:00:00,,,,,,,1533.0,1533.0,,,0.0,,,0.0
2025-04-11 04:00:00,,,,,,,1273.0,1273.0,,,0.0,,,0.0
2025-04-11 05:00:00,,,,,,,1533.0,1533.0,,,0.0,,,0.0
2025-04-11 06:00:00,,,,,,,1533.0,1533.0,,,0.0,,,0.0
2025-04-11 07:00:00,,,,,,,1533.0,1533.0,,,0.0,,,0.0
2025-04-11 08:00:00,,,,,,,509.0,509.0,,,0.0,,,0.0
2025-04-11 09:00:00,,,,,,,509.0,509.0,,,0.0,,,0.0
2025-04-11 10:00:00,,,,,,,509.0,509.0,,,0.0,,,0.0
2025-04-11 11:00:00,,,,,,,509.0,509.0,,,0.0,,,0.0
2025-04-11 12:00:00,,,,,,,509.0,509.0,,,0.0,,,0.0
2025-04-11 13:00:00,,,,,,,509.0,509.0,,,0.0,,,0.0
2025-04-11 14:00:00,,,,,,,509.0,509.0,,,0.0,,,0.0
2025-04-11 15:00:00,,,,,,,509.0,509.0,,,0.0,,,0.0
2025-04-11 16:00:00,,,,,,,509.0,509.0,,,0.0,,,0.0
2025-04-11 17:00:00,,,,,,,1533.0,1533.0,,,0.0,,,0.0
2025-04-11 18:00:00,,,,,,,1533.0,1533.0,,,0.0,,,0.0
2025-04-11 19:00:00,,,,,,,1533.0,1533.0,,,0.0,,,0.0
2025-04-11 20:00:00,,,,,,,1533.0,1533.0,,,0.0,,,0.0
2025-04-11 21:00:00,,,,,,,1533.0,1533.0,,,0.0,,,0.0
2025-04-11 22:00:00,,,,,,,1533.0,1533.0,,,0.0,,,0.0
2025-04-11 23:00:00,,,,,,,1533.0,1533.0,,,0.0,,,0.0
2025-04-12 00:00:00,,,,,,,1529.0,1529.0,,,0.0,,,0.0
2025-04-12 01:00:00,,,,,,,1533.0,1533.0,,,0.0,,,0.0
2025-04-12 02:00:00,,,,,,,1533.0,1533.0,,,0.0,,,0.0
2025-04-12 03:00:00,,,,,,,1533.0,1533.0,,,0.0,,,0.0
2025-04-12 04:00:00,,,,,,,1533.0,1533.0,,,0.0,,,0.0
2025-04-12 05:00:00,,,,,,,1529.0,1529.0,,,0.0,,,0.0
2025-04-12 06:00:00,,,,,,,1533.0,1533.0,,,0.0,,,0.0
2025-04-12 07:00:00,,,,,,,1529.0,1529.0,,,0.0,,,0.0
2025-04-12 08:00:00,,,,,,,509.0,509.0,0.5956,0.0,1.0,1.0547,0.0,1.0
2025-04-12 09:00:00,,,,,,,509.0,509.0,,,0.0,,,0.0
2025-04-12 10:00:00,,,,,,,509.0,509.0,,,0.0,,,0.0
2025-04-12 11:00:00,,,,,,,509.0,509.0,,,0.0,,,0.0
2025-04-12 12:00:00,,,,,,,509.0,509.0,,,0.0,,,0.0
2025-04-12 13:00:00,,,,,,,505.0,505.0,,,0.0,,,0.0
2025-04-12 14:00:00,,,,,,,509.0,509.0,,,0.0,,,0.0
2025-04-12 15:00:00,,,,,,,509.0,509.0,,,0.0,,,0.0
2025-04-12 16:00:00,,,,,,,509.0,509.0,,,0.0,,,0.0
2025-04-12 17:00:00,,,,,,,1533.0,1533.0,,,0.0,,,0.0
2025-04-12 18:00:00,,,,,,,1533.0,1533.0,,,0.0,,,0.0
2025-04-12 19:00:00,,,,,,,1529.0,1529.0,,,0.0,,,0.0
2025-04-12 20:00:00,,,,,,,1533.0,1533.0,,,0.0,,,0.0
2025-04-12 21:00:00,,,,,,,1533.0,1533.0,,,0.0,,,0.0
2025-04-12 22:00:00,,,,,,,1529.0,1529.0,,,0.0,,,0.0
2025-04-12 23:00:00,,,,,,,1533.0,1533.0,,,0.0,,,0.0
2025-04-13 00:00:00,,,,,,,1529.0,1529.0,,,0.0,,,0.0
2025-04-13 01:00:00,,,,,,,1533.0,1533.0,,,0.0,,,0.0
2025-04-13 02:00:00,,,,,,,1273.0,1273.0,,,0.0,,,0.0
2025-04-13 03:00:00,,,,,,,1533.0,1533.0,,,0.0,,,0.0
2025-04-13 04:00:00,,,,,,,1533.0,1533.0,,,0.0,,,0.0
2025-04-13 05:00:00,,,,,,,1529.0,1529.0,,,0.0,,,0.0
2025-04-13 06:00:00,,,,,,,1533.0,1533.0,,,0.0,,,0.0
2025-04-13 07:00:00,,,,,,,1533.0,1533.0,,,0.0,,,0.0
2025-04-13 08:00:00,,,,,,,509.0,509.0,,,0.0,,,0.0
2025-04-13 09:00:00,,,,,,,509.0,509.0,,,0.0,,,0.0
2025-04-13 10:00:00,,,,,,,509.0,509.0,,,0.0,,,0.0
2025-04-13 11:00:00,,,,,,,509.0,509.0,,,0.0,,,0.0
2025-04-13 12:00:00,,,,,,,509.0,509.0,,,0.0,,,0.0
2025-04-13 13:00:00,,,,,,,509.0,509.0,,,0.0,,,0.0
2025-04-13 14:00:00,,,,,,,509.0,509.0,,,0.0,,,0.0
2025-04-13 15:00:00,,,,,,,509.0,509.0,0.9422,0.106,4.0,0.24149996,0.0097,4.0
2025-04-13 16:00:00,,,,,,,509.0,509.0,,,0.0,,,0.0
2025-04-13 17:00:00,,,,,,,1533.0,1533.0,,,0.0,,,0.0
2025-04-13 18:00:00,,,,,,,1533.0,1533.0,,,0.0,,,0.0
2025-04-13 19:00:00,,,,,,,1533.0,1533.0,,,0.0,,,0.0
2025-04-13 20:00:00,,,,,,,1533.0,1533.0,,,0.0,,,0.0
2025-04-13 21:00:00,,,,,,,1529.0,1529.0,,,0.0,,,0.0
2025-04-13 22:00:00,,,,,,,1533.0,1533.0,,,0.0,,,0.0
2025-04-13 23:00:00,,,,,,,1273.0,1273.0,,,0.0,,,0.0
2025-04-14 00:00:00,,,,,,,1533.0,1533.0,,,0.0,,,0.0
2025-04-14 01:00:00,,,,,,,1533.0,1533.0,,,0.0,,,0.0
2025-04-14 02:00:00,,,,,,,1533.0,1533.0,,,0.0,,,0.0
2025-04-14 03:00:00,,,,,,,1529.0,1529.0,,,0.0,,,0.0
2025-04-14 04:00:00,,,,,,,1533.0,1533.0,,,0.0,,,0.0
2025-04-14 05:00:00,,,,,,,1533.0,1533.0,,,0.0,,,0.0
2025-04-14 06:00:00,,,,,,,1533.0,1533.0,,,0.0,,,0.0
2025-04-14 07:00:00,,,,,,,1533.0,1533.0,,,0.0,,,0.0
2025-04-14 08:00:00,,,,,,,509.0,509.0,,,0.0,,,0.0
2025-04-14 09:00:00,,,,,,,509.0,509.0,,,0.0,,,0.0
2025-04-14 10:00:00,,,,,,,509.0,509.0,,,0.0,,,0.0
2025-04-14 11:00:00,,,,,,,509.0,509.0,0.8998,0.0,1.0,0.356,0.0,1.0
2025-04-14 12:00:00,,,,,,,509.0,509.0,,,0.0,,,0.0
2025-04-14 13:00:00,,,,,,,509.0,509.0,,,0.0,,,0.0
2025-04-14 14:00:00,,,,,,,509.0,509.0,,,0.0,,,0.0
2025-04-14 15:00:00,,,,,,,509.0,509.0,,,0.0,,,0.0
2025-04-14 16:00:00,,,,,,,509.0,509.0,,,0.0,,,0.0
2025-04-14 17:00:00,,,,,,,1533.0,1533.0,1.0404,0.0,1.0,0.4519,0.0,1.0
2025-04-14 18:00:00,,,,,,,1529.0,1529.0,,,0.0,,,0.0
2025-04-14 19:00:00,,,,,,,1533.0,1533.0,,,0.0,,,0.0
2025-04-14 20:00:00,,,,,,,1529.0,1529.0,,,0.0,,,0.0
2025-04-14 21:00:00,,,,,,,1533.0,1533.0,,,0.0,,,0.0
2025-04-14 22:00:00,,,,,,,1529.0,1529.0,,,0.0,,,0.0
2025-04-14 23:00:00,,,,,,,1533.0,1533.0,,,0.0,,,0.0
2025-04-15 00:00:00,,,,,,,1533.0,1533.0,,,0.0,,,0.0
2025-04-15 01:00:00,,,,,,,1529.0,1529.0,,,0.0,,,0.0
2025-04-15 02:00:00,,,,,,,1529.0,1529.0,,,0.0,,,0.0
2025-04-15 03:00:00,,,,,,,1273.0,1273.0,,,0.0,,,0.0
2025-04-15 04:00:00,,,,,,,1529.0,1529.0,,,0.0,,,0.0
2025-04-15 05:00:00,,,,,,,1533.0,1533.0,,,0.0,,,0.0
2025-04-15 06:00:00,,,,,,,1533.0,1533.0,,,0.0,,,0.0
2025-04-15 07:00:00,,,,,,,1533.0,1533.0,,,0.0,,,0.0
2025-04-15 08:00:00,,,,,,,509.0,509.0,,,0.0,,,0.0
2025-04-15 09:00:00,,,,,,,509.0,509.0,0.523,0.0,1.0,0.6876,0.0,1.0
2025-04-15 10:00:00,,,,,,,509.0,509.0,0.39319998,0.0,1.0,0.6941,0.0,1.0
2025-04-15 11:00:00,,,,,,,509.0,509.0,0.35799998,0.0,1.0,0.6876999,0.0,1.0
2025-04-15 12:00:00,,,,,,,249.0,249.0,0.45819998,0.0,1.0,0.6725,0.0,1.0
2025-04-15 13:00:00,,,,,,,509.0,509.0,,,0.0,,,0.0
2025-04-15 14:00:00,,,,,,,509.0,509.0,,,0.0,,,0.0
2025-04-15 15:00:00,,,,,,,509.0,509.0,0.2644,0.1046,5.0,0.6855,0.015599966,5.0
2025-04-15 16:00:00,,,,,,,2553.0,2552.0,0.5816,0.0,1.0,0.7314,0.0,1.0
2025-04-15 17:00:00,,,,,,,1533.0,1533.0,,,0.0,,,0.0
2025-04-15 18:00:00,,,,,,,1529.0,1529.0,,,0.0,,,0.0
2025-04-15 19:00:00,,,,,,,1273.0,1273.0,,,0.0,,,0.0
2025-04-15 20:00:00,,,,,,,1273.0,1273.0,,,0.0,,,0.0
2025-04-15 21:00:00,,,,,,,1273.0,1273.0,,,0.0,,,0.0
2025-04-15 22:00:00,,,,,,,1273.0,1273.0,,,0.0,,,0.0
2025-04-15 23:00:00,,,,,,,1533.0,1533.0,,,0.0,,,0.0
2025-04-16 00:00:00,,,,,,,1273.0,1273.0,,,0.0,,,0.0
2025-04-16 01:00:00,,,,,,,1533.0,1533.0,,,0.0,,,0.0
2025-04-16 02:00:00,,,,,,,1533.0,1533.0,,,0.0,,,0.0
2025-04-16 03:00:00,,,,,,,1533.0,1533.0,,,0.0,,,0.0
2025-04-16 04:00:00,,,,,,,1529.0,1529.0,,,0.0,,,0.0
2025-04-16 05:00:00,,,,,,,1533.0,1533.0,,,0.0,,,0.0
2025-04-16 06:00:00,,,,,,,1533.0,1533.0,,,0.0,,,0.0
2025-04-16 07:00:00,,,,,,,1533.0,1533.0,,,0.0,,,0.0
2025-04-16 08:00:00,,,,,,,509.0,509.0,0.6994,0.0,1.0,0.6967,0.0,1.0
2025-04-16 09:00:00,,,,,,,509.0,509.0,0.22639999,0.0046,2.0,0.71439993,0.0,2.0
2025-04-16 10:00:00,,,,,,,2553.0,2552.0,0.36479998,0.0,1.0,0.7430999,0.0,1.0
2025-04-16 11:00:00,,,,,,,509.0,509.0,0.46339998,0.0,1.0,0.742,0.0,1.0
2025-04-16 12:00:00,,,,,,,509.0,509.0,0.3856,0.0,1.0,0.7508,0.0,1.0
2025-04-16 13:00:00,,,,,,,509.0,509.0,,,0.0,,,0.0
2025-04-16 14:00:00,,,,,,,509.0,509.0,,,0.0,,,0.0
2025-04-16 15:00:00,,,,,,,509.0,509.0,0.17,0.0,1.0,0.7774,0.0,1.0
2025-04-16 16:00:00,,,,,,,505.0,505.0,0.17019999,0.03,3.0,0.76539993,0.0022999644,3.0
2025-04-16 17:00:00,,,,,,,1533.0,1533.0,0.1362,0.0334,4.0,0.7738,0.004700005,4.0
2025-04-16 18:00:00,,,,,,,1273.0,1273.0,,,0.0,,,0.0
2025-04-16 19:00:00,,,,,,,1529.0,1529.0,,,0.0,,,0.0
2025-04-16 20:00:00,,,,,,,1533.0,1533.0,,,0.0,,,0.0
2025-04-16 21:00:00,,,,,,,1529.0,1529.0,,,0.0,,,0.0
2025-04-16 22:00:00,,,,,,,1273.0,1273.0,,,0.0,,,0.0
2025-04-16 23:00:00,,,,,,,1533.0,1533.0,,,0.0,,,0.0
2025-04-17 00:00:00,,,,,,,1533.0,1533.0,,,0.0,,,0.0
2025-04-17 01:00:00,,,,,,,1533.0,1533.0,,,0.0,,,0.0
2025-04-17 02:00:00,,,,,,,1533.0,1533.0,,,0.0,,,0.0
2025-04-17 03:00:00,,,,,,,1533.0,1533.0,,,0.0,,,0.0
2025-04-17 04:00:00,,,,,,,1533.0,1533.0,,,0.0,,,0.0
2025-04-17 05:00:00,,,,,,,1529.0,1529.0,,,0.0,,,0.0
2025-04-17 06:00:00,,,,,,,1533.0,1533.0,,,0.0,,,0.0
2025-04-17 07:00:00,,,,,,,1533.0,1533.0,,,0.0,,,0.0
2025-04-17 08:00:00,,,,,,,509.0,509.0,,,0.0,,,0.0
2025-04-17 09:00:00,,,,,,,509.0,509.0,,,0.0,,,0.0
2025-04-17 10:00:00,,,,,,,509.0,509.0,,,0.0,,,0.0
2025-04-17 11:00:00,,,,,,,509.0,509.0,,,0.0,,,0.0
2025-04-17 12:00:00,,,,,,,509.0,509.0,,,0.0,,,0.0
2025-04-17 13:00:00,,,,,,,509.0,509.0,,,0.0,,,0.0
2025-04-17 14:00:00,,,,,,,509.0,509.0,,,0.0,,,0.0
2025-04-17 15:00:00,,,,,,,509.0,509.0,,,0.0,,,0.0
2025-04-17 16:00:00,,,,,,,509.0,509.0,,,0.0,,,0.0
2025-04-17 17:00:00,,,,,,,1533.0,1533.0,,,0.0,,,0.0
2025-04-17 18:00:00,,,,,,,1529.0,1529.0,,,0.0,,,0.0
2025-04-17 19:00:00,,,,,,,1273.0,1273.0,,,0.0,,,0.0
2025-04-17 20:00:00,,,,,,,1273.0,1273.0,,,0.0,,,0.0
2025-04-17 21:00:00,,,,,,,1533.0,1533.0,,,0.0,,,0.0
2025-04-17 22:00:00,,,,,,,1533.0,1533.0,,,0.0,,,0.0
2025-04-17 23:00:00,,,,,,,1533.0,1533.0,,,0.0,,,0.0
2025-04-18 00:00:00,,,,,,,1533.0,1533.0,,,0.0,,,0.0
2025-04-18 01:00:00,,,,,,,1533.0,1533.0,,,0.0,,,0.0
2025-04-18 02:00:00,,,,,,,1533.0,1533.0,,,0.0,,,0.0
2025-04-18 03:00:00,,,,,,,1533.0,1533.0,,,0.0,,,0.0
2025-04-18 04:00:00,,,,,,,1533.0,1533.0,,,0.0,,,0.0
2025-04-18 05:00:00,,,,,,,1533.0,1533.0,,,0.0,,,0.0
2025-04-18 06:00:00,,,,,,,1533.0,1533.0,,,0.0,,,0.0
2025-04-18 07:00:00,,,,,,,1533.0,1533.0,,,0.0,,,0.0
2025-04-18 08:00:00,,,,,,,509.0,509.0,,,0.0,,,0.0
2025-04-18 09:00:00,,,,,,,509.0,509.0,,,0.0,,,0.0
2025-04-18 10:00:00,,,,,,,509.0,509.0,,,0.0,,,0.0
2025-04-18 11:00:00,,,,,,,509.0,509.0,,,0.0,,,0.0
2025-04-18 12:00:00,,,,,,,509.0,509.0,,,0.0,,,0.0
2025-04-18 13:00:00,,,,,,,249.0,249.0,,,0.0,,,0.0
2025-04-18 14:00:00,,,,,,,509.0,509.0,,,0.0,,,0.0
2025-04-18 15:00:00,,,,,,,509.0,509.0,,,0.0,,,0.0
2025-04-18 16:00:00,,,,,,,509.0,509.0,0.029,0.0,1.0,1.1049,0.0,1.0
2025-04-18 17:00:00,,,,,,,1533.0,1533.0,0.5298,0.0,1.0,1.0424,0.0,1.0
2025-04-18 18:00:00,,,,,,,1533.0,1533.0,,,0.0,,,0.0
2025-04-18 19:00:00,,,,,,,1533.0,1533.0,,,0.0,,,0.0
2025-04-18 20:00:00,,,,,,,1533.0,1533.0,,,0.0,,,0.0
2025-04-18 21:00:00,,,,,,,1529.0,1529.0,,,0.0,,,0.0
2025-04-18 22:00:00,,,,,,,1533.0,1533.0,,,0.0,,,0.0
2025-04-18 23:00:00,,,,,,,1533.0,1533.0,,,0.0,,,0.0
2025-04-19 00:00:00,,,,,,,1533.0,1533.0,,,0.0,,,0.0
2025-04-19 01:00:00,,,,,,,1533.0,1533.0,,,0.0,,,0.0
2025-04-19 02:00:00,,,,,,,1533.0,1533.0,,,0.0,,,0.0
2025-04-19 03:00:00,,,,,,,1533.0,1533.0,,,0.0,,,0.0
2025-04-19 04:00:00,,,,,,,1529.0,1529.0,,,0.0,,,0.0
2025-04-19 05:00:00,,,,,,,1533.0,1533.0,,,0.0,,,0.0
2025-04-19 06:00:00,,,,,,,1533.0,1533.0,,,0.0,,,0.0
2025-04-19 07:00:00,,,,,,,1533.0,1533.0,,,0.0,,,0.0
2025-04-19 08:00:00,,,,,,,509.0,509.0,,,0.0,,,0.0
2025-04-19 09:00:00,,,,,,,509.0,509.0,,,0.0,,,0.0
2025-04-19 10:00:00,,,,,,,509.0,509.0,,,0.0,,,0.0
2025-04-19 11:00:00,,,,,,,509.0,509.0,,,0.0,,,0.0
2025-04-19 12:00:00,,,,,,,509.0,509.0,,,0.0,,,0.0
2025-04-19 13:00:00,,,,,,,509.0,509.0,,,0.0,,,0.0
2025-04-19 14:00:00,,,,,,,509.0,509.0,,,0.0,,,0.0
2025-04-19 15:00:00,,,,,,,2553.0,2552.0,0.060399998,0.0,1.0,1.1661999,0.0,1.0
2025-04-19 16:00:00,,,,,,,2553.0,2552.0,0.043399997,0.034399997,6.0,1.1741999,0.0026999712,5.0
2025-04-19 17:00:00,,,,,,,1533.0,1533.0,,,0.0,,,0.0
2025-04-19 18:00:00,,,,,,,1533.0,1533.0,,,0.0,,,0.0
2025-04-19 19:00:00,,,,,,,1533.0,1533.0,,,0.0,,,0.0
2025-04-19 20:00:00,,,,,,,1533.0,1533.0,,,0.0,,,0.0
2025-04-19 21:00:00,,,,,,,1533.0,1533.0,,,0.0,,,0.0
2025-04-19 22:00:00,,,,,,,1533.0,1533.0,,,0.0,,,0.0
2025-04-19 23:00:00,,,,,,,1533.0,1533.0,,,0.0,,,0.0
2025-04-20 00:00:00,,,,,,,1533.0,1533.0,,,0.0,,,0.0
2025-04-20 01:00:00,,,,,,,1533.0,1533.0,,,0.0,,,0.0
2025-04-20 02:00:00,,,,,,,1529.0,1529.0,,,0.0,,,0.0
2025-04-20 03:00:00,,,,,,,1529.0,1529.0,,,0.0,,,0.0
2025-04-20 04:00:00,,,,,,,1533.0,1533.0,,,0.0,,,0.0
2025-04-20 05:00:00,,,,,,,1529.0,1529.0,,,0.0,,,0.0
2025-04-20 06:00:00,,,,,,,1533.0,1533.0,,,0.0,,,0.0
2025-04-20 07:00:00,,,,,,,1533.0,1533.0,,,0.0,,,0.0
2025-04-20 08:00:00,,,,,,,509.0,509.0,,,0.0,,,0.0
2025-04-20 09:00:00,,,,,,,509.0,509.0,0.615,0.0,1.0,1.1315999,0.0,1.0
2025-04-20 10:00:00,,,,,,,509.0,509.0,,,0.0,,,0.0
2025-04-20 11:00:00,,,,,,,505.0,504.0,0.4942,0.363,3.0,1.1731,0.011200011,3.0
2025-04-20 12:00:00,,,,,,,509.0,509.0,0.5866,0.0,1.0,1.1967,0.0,1.0
2025-04-20 13:00:00,,,,,,,509.0,509.0,,,0.0,,,0.0
2025-04-20 14:00:00,,,,,,,509.0,509.0,,,0.0,,,0.0
2025-04-20 15:00:00,,,,,,,509.0,509.0,,,0.0,,,0.0
2025-04-20 16:00:00,,,,,,,509.0,509.0,,,0.0,,,0.0
2025-04-20 17:00:00,,,,,,,1533.0,1533.0,,,0.0,,,0.0
2025-04-20 18:00:00,,,,,,,1533.0,1533.0,,,0.0,,,0.0
2025-04-20 19:00:00,,,,,,,1533.0,1533.0,,,0.0,,,0.0
2025-04-20 20:00:00,,,,,,,1533.0,1533.0,,,0.0,,,0.0
2025-04-20 21:00:00,,,,,,,1533.0,1533.0,,,0.0,,,0.0
2025-04-20 22:00:00,,,,,,,1533.0,1533.0,,,0.0,,,0.0
2025-04-20 23:00:00,,,,,,,1529.0,1529.0,,,0.0,,,0.0
2025-04-21 00:00:00,,,,,,,1533.0,1533.0,,,0.0,,,0.0
2025-04-21 01:00:00,,,,,,,1533.0,1533.0,,,0.0,,,0.0
2025-04-21 02:00:00,,,,,,,1529.0,1529.0,,,0.0,,,0.0
2025-04-21 03:00:00,,,,,,,1273.0,1273.0,,,0.0,,,0.0
2025-04-21 04:00:00,,,,,,,1533.0,1533.0,,,0.0,,,0.0
2025-04-21 05:00:00,,,,,,,1533.0,1533.0,,,0.0,,,0.0
2025-04-21 06:00:00,,,,,,,1533.0,1533.0,,,0.0,,,0.0
2025-04-21 07:00:00,,,,,,,1533.0,1533.0,,,0.0,,,0.0
2025-04-21 08:00:00,,,,,,,509.0,509.0,,,0.0,,,0.0
2025-04-21 09:00:00,,,,,,,509.0,509.0,,,0.0,,,0.0
2025-04-21 10:00:00,,,,,,,509.0,509.0,,,0.0,,,0.0
2025-04-21 11:00:00,,,,,,,509.0,509.0,,,0.0,,,0.0
2025-04-21 12:00:00,,,,,,,509.0,509.0,,,0.0,,,0.0
2025-04-21 13:00:00,,,,,,,509.0,509.0,,,0.0,,,0.0
2025-04-21 14:00:00,,,,,,,509.0,509.0,,,0.0,,,0.0
2025-04-21 15:00:00,,,,,,,505.0,505.0,,,0.0,,,0.0
2025-04-21 16:00:00,,,,,,,509.0,509.0,,,0.0,,,0.0
2025-04-21 17:00:00,,,,,,,1533.0,1533.0,,,0.0,,,0.0
2025-04-21 18:00:00,,,,,,,1533.0,1533.0,,,0.0,,,0.0
2025-04-21 19:00:00,,,,,,,1533.0,1533.0,,,0.0,,,0.0
2025-04-21 20:00:00,,,,,,,1533.0,1533.0,,,0.0,,,0.0
2025-04-21 21:00:00,,,,,,,1533.0,1533.0,,,0.0,,,0.0
2025-04-21 22:00:00,,,,,,,1533.0,1533.0,,,0.0,,,0.0
2025-04-21 23:00:00,,,,,,,1533.0,1533.0,,,0.0,,,0.0
2025-04-22 00:00:00,,,,,,,1529.0,1529.0,,,0.0,,,0.0
2025-04-22 01:00:00,,,,,,,1273.0,1273.0,,,0.0,,,0.0
2025-04-22 02:00:00,,,,,,,1533.0,1533.0,,,0.0,,,0.0
2025-04-22 03:00:00,,,,,,,1529.0,1529.0,,,0.0,,,0.0
2025-04-22 04:00:00,,,,,,,1529.0,1529.0,,,0.0,,,0.0
2025-04-22 05:00:00,,,,,,,1533.0,1533.0,,,0.0,,,0.0
2025-04-22 06:00:00,,,,,,,1533.0,1533.0,,,0.0,,,0.0
2025-04-22 07:00:00,,,,,,,1533.0,1533.0,,,0.0,,,0.0
2025-04-22 08:00:00,,,,,,,509.0,509.0,,,0.0,,,0.0
2025-04-22 09:00:00,,,,,,,509.0,509.0,,,0.0,,,0.0
2025-04-22 10:00:00,,,,,,,509.0,509.0,,,0.0,,,0.0
2025-04-22 11:00:00,,,,,,,509.0,509.0,,,0.0,,,0.0
2025-04-22 12:00:00,,,,,,,505.0,505.0,,,0.0,,,0.0
2025-04-22 13:00:00,,,,,,,509.0,509.0,,,0.0,,,0.0
2025-04-22 14:00:00,,,,,,,509.0,509.0,1.513,0.43559998,3.0,0.8493999,0.16549999,3.0
2025-04-22 15:00:00,,,,,,,509.0,509.0,,,0.0,,,0.0
2025-04-22 16:00:00,,,,,,,509.0,509.0,,,0.0,,,0.0
2025-04-22 17:00:00,,,,,,,1533.0,1533.0,,,0.0,,,0.0
2025-04-22 18:00:00,,,,,,,1533.0,1533.0,,,0.0,,,0.0
2025-04-22 19:00:00,,,,,,,1529.0,1529.0,,,0.0,,,0.0
2025-04-22 20:00:00,,,,,,,1533.0,1533.0,,,0.0,,,0.0
2025-04-22 21:00:00,,,,,,,1529.0,1529.0,,,0.0,,,0.0
2025-04-22 22:00:00,,,,,,,1529.0,1529.0,,,0.0,,,0.0
2025-04-22 23:00:00,,,,,,,1533.0,1533.0,,,0.0,,,0.0
2025-04-23 00:00:00,,,,,,,1533.0,1533.0,,,0.0,,,0.0
2025-04-23 01:00:00,,,,,,,1273.0,1273.0,,,0.0,,,0.0
2025-04-23 02:00:00,,,,,,,1273.0,1273.0,,,0.0,,,0.0
2025-04-23 03:00:00,,,,,,,1273.0,1273.0,,,0.0,,,0.0
2025-04-23 04:00:00,,,,,,,1273.0,1273.0,,,0.0,,,0.0
2025-04-23 05:00:00,,,,,,,1273.0,1273.0,,,0.0,,,0.0
2025-04-23 06:00:00,,,,,,,1533.0,1533.0,,,0.0,,,0.0
2025-04-23 07:00:00,,,,,,,509.0,509.0,,,0.0,,,0.0
2025-04-23 08:00:00,,,,,,,509.0,509.0,,,0.0,,,0.0
2025-04-23 09:00:00,,,,,,,509.0,509.0,,,0.0,,,0.0
2025-04-23 10:00:00,,,,,,,509.0,509.0,,,0.0,,,0.0
2025-04-23 11:00:00,,,,,,,509.0,509.0,,,0.0,,,0.0
2025-04-23 12:00:00,,,,,,,509.0,509.0,1.1791999,0.0168,4.0,1.0231,0.0019999743,4.0
2025-04-23 13:00:00,,,,,,,505.0,504.0,0.983,0.0,1.0,1.0064,0.0,1.0
2025-04-23 14:00:00,,,,,,,2297.0,2296.0,0.90239996,0.166,5.0,1.0099,0.02459997,5.0
2025-04-23 15:00:00,,,,,,,2297.0,2296.0,0.9938,0.036199998,6.0,0.99959993,0.011200011,6.0
2025-04-23 16:00:00,,,,,,,509.0,509.0,0.96459997,0.033999998,5.0,0.9879999,0.0065000057,5.0
2025-04-23 17:00:00,,,,,,,1533.0,1533.0,1.5934,0.0,1.0,0.8181,0.0,1.0
2025-04-23 18:00:00,,,,,,,1529.0,1529.0,,,0.0,,,0.0
2025-04-23 19:00:00,,,,,,,1533.0,1533.0,,,0.0,,,0.0
2025-04-23 20:00:00,,,,,,,1533.0,1533.0,,,0.0,,,0.0
2025-04-23 21:00:00,,,,,,,1529.0,1529.0,,,0.0,,,0.0
2025-04-23 22:00:00,,,,,,,1533.0,1533.0,,,0.0,,,0.0
2025-04-23 23:00:00,,,,,,,1533.0,1533.0,,,0.0,,,0.0
2025-04-24 00:00:00,,,,,,,1273.0,1273.0,,,0.0,,,0.0
2025-04-24 01:00:00,,,,,,,1529.0,1529.0,,,0.0,,,0.0
2025-04-24 02:00:00,,,,,,,1533.0,1533.0,,,0.0,,,0.0
2025-04-24 03:00:00,,,,,,,1533.0,1533.0,,,0.0,,,0.0
2025-04-24 04:00:00,,,,,,,1529.0,1529.0,,,0.0,,,0.0
2025-04-24 05:00:00,,,,,,,1533.0,1533.0,,,0.0,,,0.0
2025-04-24 06:00:00,,,,,,,1533.0,1533.0,,,0.0,,,0.0
2025-04-24 07:00:00,,,,,,,509.0,509.0,,,0.0,,,0.0
2025-04-24 08:00:00,,,,,,,509.0,509.0,,,0.0,,,0.0
2025-04-24 09:00:00,,,,,,,509.0,509.0,,,0.0,,,0.0
2025-04-24 10:00:00,,,,,,,509.0,509.0,,,0.0,,,0.0
2025-04-24 11:00:00,,,,,,,509.0,509.0,,,0.0,,,0.0
2025-04-24 12:00:00,,,,,,,509.0,509.0,,,0.0,,,0.0
2025-04-24 13:00:00,,,,,,,509.0,509.0,,,0.0,,,0.0
2025-04-24 14:00:00,,,,,,,509.0,509.0,,,0.0,,,0.0
2025-04-24 15:00:00,,,,,,,509.0,509.0,,,0.0,,,0.0
2025-04-24 16:00:00,,,,,,,509.0,509.0,,,0.0,,,0.0
2025-04-24 17:00:00,,,,,,,1533.0,1533.0,,,0.0,,,0.0
2025-04-24 18:00:00,,,,,,,1533.0,1533.0,,,0.0,,,0.0
2025-04-24 19:00:00,,,,,,,1533.0,1533.0,,,0.0,,,0.0
2025-04-24 20:00:00,,,,,,,1533.0,1533.0,,,0.0,,,0.0
2025-04-24 21:00:00,,,,,,,1533.0,1533.0,,,0.0,,,0.0
2025-04-24 22:00:00,,,,,,,1529.0,1529.0,,,0.0,,,0.0
2025-04-24 23:00:00,,,,,,,1533.0,1533.0,,,0.0,,,0.0
2025-04-25 00:00:00,,,,,,,1533.0,1533.0,,,0.0,,,0.0
2025-04-25 01:00:00,,,,,,,1533.0,1533.0,,,0.0,,,0.0
2025-04-25 02:00:00,,,,,,,1533.0,1533.0,,,0.0,,,0.0
2025-04-25 03:00:00,,,,,,,1533.0,1533.0,,,0.0,,,0.0
2025-04-25 04:00:00,,,,,,,1533.0,1533.0,,,0.0,,,0.0
2025-04-25 05:00:00,,,,,,,1533.0,1533.0,,,0.0,,,0.0
2025-04-25 06:00:00,,,,,,,1533.0,1533.0,,,0.0,,,0.0
2025-04-25 07:00:00,,,,,,,509.0,509.0,,,0.0,,,0.0
2025-04-25 08:00:00,,,,,,,509.0,509.0,,,0.0,,,0.0
2025-04-25 09:00:00,,,,,,,509.0,509.0,,,0.0,,,0.0
2025-04-25 10:00:00,,,,,,,509.0,509.0,,,0.0,,,0.0
2025-04-25 11:00:00,,,,,,,505.0,504.0,1.7761999,0.043199997,2.0,0.9067,0.0072000027,2.0
2025-04-25 12:00:00,,,,,,,509.0,509.0,,,0.0,,,0.0
2025-04-25 13:00:00,,,,,,,509.0,509.0,,,0.0,,,0.0
2025-04-25 14:00:00,,,,,,,509.0,509.0,,,0.0,,,0.0
2025-04-25 15:00:00,,,,,,,509.0,509.0,,,0.0,,,0.0
2025-04-25 16:00:00,,,,,,,509.0,509.0,,,0.0,,,0.0
2025-04-25 17:00:00,,,,,,,1533.0,1533.0,,,0.0,,,0.0
2025-04-25 18:00:00,,,,,,,1533.0,1533.0,,,0.0,,,0.0
2025-04-25 19:00:00,,,,,,,1529.0,1529.0,,,0.0,,,0.0
2025-04-25 20:00:00,,,,,,,1533.0,1533.0,,,0.0,,,0.0
2025-04-25 21:00:00,,,,,,,1533.0,1533.0,,,0.0,,,0.0
2025-04-25 22:00:00,,,,,,,1273.0,1273.0,,,0.0,,,0.0
2025-04-25 23:00:00,,,,,,,1533.0,1533.0,,,0.0,,,0.0
2025-04-26 00:00:00,,,,,,,1533.0,1533.0,,,0.0,,,0.0
2025-04-26 01:00:00,,,,,,,1529.0,1529.0,,,0.0,,,0.0
2025-04-26 02:00:00,,,,,,,1529.0,1529.0,,,0.0,,,0.0
2025-04-26 03:00:00,,,,,,,1273.0,1273.0,,,0.0,,,0.0
2025-04-26 04:00:00,,,,,,,1529.0,1529.0,,,0.0,,,0.0
2025-04-26 05:00:00,,,,,,,1529.0,1529.0,,,0.0,,,0.0
2025-04-26 06:00:00,,,,,,,1533.0,1533.0,,,0.0,,,0.0
2025-04-26 07:00:00,,,,,,,509.0,509.0,,,0.0,,,0.0
2025-04-26 08:00:00,,,,,,,509.0,509.0,,,0.0,,,0.0
2025-04-26 09:00:00,,,,,,,509.0,509.0,,,0.0,,,0.0
2025-04-26 10:00:00,,,,,,,509.0,509.0,,,0.0,,,0.0
2025-04-26 11:00:00,,,,,,,509.0,509.0,,,0.0,,,0.0
2025-04-26 12:00:00,,,,,,,509.0,509.0,,,0.0,,,0.0
2025-04-26 13:00:00,,,,,,,509.0,509.0,,,0.0,,,0.0
2025-04-26 14:00:00,,,,,,,509.0,509.0,,,0.0,,,0.0
2025-04-26 15:00:00,,,,,,,509.0,509.0,1.3126,0.0,1.0,1.1106,0.0,1.0
2025-04-26 16:00:00,,,,,,,509.0,509.0,,,0.0,,,0.0
2025-04-26 17:00:00,,,,,,,1533.0,1533.0,,,0.0,,,0.0
2025-04-26 18:00:00,,,,,,,1273.0,1273.0,,,0.0,,,0.0
2025-04-26 19:00:00,,,,,,,1273.0,1273.0,,,0.0,,,0.0
2025-04-26 20:00:00,,,,,,,1529.0,1529.0,,,0.0,,,0.0
2025-04-26 21:00:00,,,,,,,1533.0,1533.0,,,0.0,,,0.0
2025-04-26 22:00:00,,,,,,,1533.0,1533.0,,,0.0,,,0.0
2025-04-26 23:00:00,,,,,,,1533.0,1533.0,,,0.0,,,0.0
2025-04-27 00:00:00,,,,,,,1533.0,1533.0,,,0.0,,,0.0
2025-04-27 01:00:00,,,,,,,1533.0,1533.0,,,0.0,,,0.0
2025-04-27 02:00:00,,,,,,,1533.0,1533.0,,,0.0,,,0.0
2025-04-27 03:00:00,,,,,,,1529.0,1529.0,,,0.0,,,0.0
2025-04-27 04:00:00,,,,,,,1533.0,1533.0,,,0.0,,,0.0
2025-04-27 05:00:00,,,,,,,1533.0,1533.0,,,0.0,,,0.0
2025-04-27 06:00:00,,,,,,,1533.0,1533.0,,,0.0,,,0.0
2025-04-27 07:00:00,,,,,,,509.0,509.0,,,0.0,,,0.0
2025-04-27 08:00:00,,,,,,,509.0,509.0,,,0.0,,,0.0
2025-04-27 09:00:00,,,,,,,505.0,505.0,,,0.0,,,0.0
2025-04-27 10:00:00,,,,,,,509.0,509.0,,,0.0,,,0.0
2025-04-27 11:00:00,,,,,,,509.0,509.0,,,0.0,,,0.0
2025-04-27 12:00:00,,,,,,,509.0,509.0,,,0.0,,,0.0
2025-04-27 13:00:00,,,,,,,509.0,509.0,,,0.0,,,0.0
2025-04-27 14:00:00,,,,,,,509.0,509.0,,,0.0,,,0.0
2025-04-27 15:00:00,,,,,,,509.0,509.0,,,0.0,,,0.0
2025-04-27 16:00:00,,,,,,,509.0,509.0,,,0.0,,,0.0
2025-04-27 17:00:00,,,,,,,1533.0,1533.0,,,0.0,,,0.0
2025-04-27 18:00:00,,,,,,,1529.0,1529.0,,,0.0,,,0.0
2025-04-27 19:00:00,,,,,,,1533.0,1533.0,,,0.0,,,0.0
2025-04-27 20:00:00,,,,,,,1533.0,1533.0,,,0.0,,,0.0
2025-04-27 21:00:00,,,,,,,1533.0,1533.0,,,0.0,,,0.0
2025-04-27 22:00:00,,,,,,,1533.0,1533.0,,,0.0,,,0.0
2025-04-27 23:00:00,,,,,,,1533.0,1533.0,,,0.0,,,0.0
2025-04-28 00:00:00,,,,,,,1529.0,1529.0,,,0.0,,,0.0
2025-04-28 01:00:00,,,,,,,1529.0,1529.0,,,0.0,,,0.0
2025-04-28 02:00:00,,,,,,,1533.0,1533.0,,,0.0,,,0.0
2025-04-28 03:00:00,,,,,,,1529.0,1529.0,,,0.0,,,0.0
2025-04-28 04:00:00,,,,,,,1529.0,1529.0,,,0.0,,,0.0
2025-04-28 05:00:00,,,,,,,1529.0,1529.0,,,0.0,,,0.0
2025-04-28 06:00:00,,,,,,,1533.0,1533.0,,,0.0,,,0.0
2025-04-28 07:00:00,,,,,,,509.0,509.0,,,0.0,,,0.0
2025-04-28 08:00:00,,,,,,,509.0,509.0,,,0.0,,,0.0
2025-04-28 09:00:00,,,,,,,509.0,509.0,,,0.0,,,0.0
2025-04-28 10:00:00,,,,,,,509.0,509.0,,,0.0,,,0.0
2025-04-28 11:00:00,,,,,,,509.0,509.0,,,0.0,,,0.0
2025-04-28 12:00:00,,,,,,,509.0,509.0,,,0.0,,,0.0
2025-04-28 13:00:00,,,,,,,509.0,509.0,,,0.0,,,0.0
2025-04-28 14:00:00,,,,,,,509.0,509.0,,,0.0,,,0.0
2025-04-28 15:00:00,,,,,,,509.0,509.0,,,0.0,,,0.0
2025-04-28 16:00:00,,,,,,,509.0,509.0,,,0.0,,,0.0
2025-04-28 17:00:00,,,,,,,1533.0,1533.0,,,0.0,,,0.0
2025-04-28 18:00:00,,,,,,,1533.0,1533.0,,,0.0,,,0.0
2025-04-28 19:00:00,,,,,,,1533.0,1533.0,,,0.0,,,0.0
2025-04-28 20:00:00,,,,,,,1533.0,1533.0,,,0.0,,,0.0
2025-04-28 21:00:00,,,,,,,1533.0,1533.0,,,0.0,,,0.0
2025-04-28 22:00:00,,,,,,,1529.0,1529.0,,,0.0,,,0.0
2025-04-28 23:00:00,,,,,,,1529.0,1529.0,,,0.0,,,0.0
2025-04-29 00:00:00,,,,,,,1533.0,1533.0,,,0.0,,,0.0
2025-04-29 01:00:00,,,,,,,1533.0,1533.0,,,0.0,,,0.0
2025-04-29 02:00:00,,,,,,,1529.0,1529.0,,,0.0,,,0.0
2025-04-29 03:00:00,,,,,,,1533.0,1533.0,,,0.0,,,0.0
2025-04-29 04:00:00,,,,,,,1533.0,1533.0,,,0.0,,,0.0
2025-04-29 05:00:00,,,,,,,1533.0,1533.0,,,0.0,,,0.0
2025-04-29 06:00:00,,,,,,,1533.0,1533.0,,,0.0,,,0.0
2025-04-29 07:00:00,,,,,,,509.0,509.0,,,0.0,,,0.0
2025-04-29 08:00:00,,,,,,,509.0,509.0,,,0.0,,,0.0
2025-04-29 09:00:00,,,,,,,509.0,509.0,,,0.0,,,0.0
2025-04-29 10:00:00,,,,,,,509.0,509.0,,,0.0,,,0.0
2025-04-29 11:00:00,,,,,,,509.0,509.0,,,0.0,,,0.0
2025-04-29 12:00:00,,,,,,,509.0,509.0,,,0.0,,,0.0
2025-04-29 13:00:00,,,,,,,509.0,509.0,,,0.0,,,0.0
2025-04-29 14:00:00,,,,,,,509.0,509.0,,,0.0,,,0.0
2025-04-29 15:00:00,,,,,,,509.0,509.0,0.56,0.067,2.0,1.0727999,0.0013999939,2.0
2025-04-29 16:00:00,,,,,,,509.0,509.0,0.4694,0.0088,2.0,1.0702,0.0024999976,2.0
2025-04-29 17:00:00,,,,,,,1533.0,1533.0,0.2802,0.0,1.0,1.0932,0.0,1.0
2025-04-29 18:00:00,,,,,,,1273.0,1273.0,,,0.0,,,0.0
2025-04-29 19:00:00,,,,,,,1533.0,1533.0,,,0.0,,,0.0
2025-04-29 20:00:00,,,,,,,1533.0,1533.0,,,0.0,,,0.0
2025-04-29 21:00:00,,,,,,,1533.0,1533.0,,,0.0,,,0.0
2025-04-29 22:00:00,,,,,,,1529.0,1529.0,,,0.0,,,0.0
2025-04-29 23:00:00,,,,,,,1533.0,1533.0,,,0.0,,,0.0
2025-04-30 00:00:00,,,,,,,1533.0,1533.0,,,0.0,,,0.0
2025-04-30 01:00:00,,,,,,,1533.0,1533.0,,,0.0,,,0.0
2025-04-30 02:00:00,,,,,,,1533.0,1533.0,,,0.0,,,0.0
2025-04-30 03:00:00,,,,,,,1273.0,1273.0,,,0.0,,,0.0
2025-04-30 04:00:00,,,,,,,1533.0,1533.0,,,0.0,,,0.0
2025-04-30 05:00:00,,,,,,,1529.0,1529.0,,,0.0,,,0.0
2025-04-30 06:00:00,,,,,,,1533.0,1533.0,,,0.0,,,0.0
2025-04-30 07:00:00,,,,,,,509.0,509.0,,,0.0,,,0.0
2025-04-30 08:00:00,,,,,,,509.0,509.0,,,0.0,,,0.0
2025-04-30 09:00:00,,,,,,,509.0,509.0,,,0.0,,,0.0
2025-04-30 10:00:00,,,,,,,509.0,509.0,,,0.0,,,0.0
2025-04-30 11:00:00,,,,,,,509.0,509.0,,,0.0,,,0.0
2025-04-30 12:00:00,,,,,,,509.0,509.0,,,0.0,,,0.0
2025-04-30 13:00:00,,,,,,,509.0,509.0,,,0.0,,,0.0
2025-04-30 14:00:00,,,,,,,509.0,509.0,,,0.0,,,0.0
2025-04-30 15:00:00,,,,,,,509.0,509.0,,,0.0,,,0.0
2025-04-30 16:00:00,,,,,,,509.0,509.0,,,0.0,,,0.0
2025-04-30 17:00:00,,,,,,,1533.0,1533.0,,,0.0,,,0.0
2025-04-30 18:00:00,,,,,,,1533.0,1533.0,,,0.0,,,0.0
2025-04-30 19:00:00,,,,,,,1533.0,1533.0,,,0.0,,,0.0
2025-04-30 20:00:00,,,,,,,1533.0,1533.0,,,0.0,,,0.0
2025-04-30 21:00:00,,,,,,,1533.0,1533.0,,,0.0,,,0.0
2025-04-30 22:00:00,,,,,,,1533.0,1533.0,,,0.0,,,0.0
2025-04-30 23:00:00,,,,,,,1533.0,1533.0,,,0.0,,,0.0
2025-05-01 00:00:00,,,,,,,1533.0,1533.0,,,0.0,,,0.0
2025-05-01 01:00:00,,,,,,,1529.0,1529.0,,,0.0,,,0.0
2025-05-01 02:00:00,,,,,,,1529.0,1529.0,,,0.0,,,0.0
2025-05-01 03:00:00,,,,,,,1533.0,1533.0,,,0.0,,,0.0
2025-05-01 04:00:00,,,,,,,1529.0,1529.0,,,0.0,,,0.0
2025-05-01 05:00:00,,,,,,,1529.0,1529.0,,,0.0,,,0.0
2025-05-01 06:00:00,,,,,,,1533.0,1533.0,,,0.0,,,0.0
2025-05-01 07:00:00,,,,,,,509.0,509.0,,,0.0,,,0.0
2025-05-01 08:00:00,,,,,,,509.0,509.0,,,0.0,,,0.0
2025-05-01 09:00:00,,,,,,,509.0,509.0,,,0.0,,,0.0
2025-05-01 10:00:00,,,,,,,509.0,509.0,,,0.0,,,0.0
2025-05-01 11:00:00,,,,,,,509.0,509.0,,,0.0,,,0.0
2025-05-01 12:00:00,,,,,,,509.0,509.0,,,0.0,,,0.0
2025-05-01 13:00:00,,,,,,,505.0,504.0,0.4174,0.0,1.0,1.063,0.0,1.0
2025-05-01 14:00:00,,,,,,,2553.0,2552.0,0.12459999,0.060799997,5.0,1.0696,0.0036000013,5.0
2025-05-01 15:00:00,,,,,,,509.0,509.0,,,0.0,,,0.0
2025-05-01 16:00:00,,,,,,,509.0,509.0,,,0.0,,,0.0
2025-05-01 17:00:00,,,,,,,1533.0,1533.0,,,0.0,,,0.0
2025-05-01 18:00:00,,,,,,,1533.0,1533.0,,,0.0,,,0.0
2025-05-01 19:00:00,,,,,,,1529.0,1529.0,,,0.0,,,0.0
2025-05-01 20:00:00,,,,,,,1533.0,1533.0,,,0.0,,,0.0
2025-05-01 21:00:00,,,,,,,1529.0,1529.0,,,0.0,,,0.0
2025-05-01 22:00:00,,,,,,,1533.0,1533.0,,,0.0,,,0.0
2025-05-01 23:00:00,,,,,,,1533.0,1533.0,,,0.0,,,0.0
2025-05-02 00:00:00,,,,,,,1533.0,1533.0,,,0.0,,,0.0
2025-05-02 01:00:00,,,,,,,1533.0,1533.0,,,0.0,,,0.0
2025-05-02 02:00:00,,,,,,,1273.0,1273.0,,,0.0,,,0.0
2025-05-02 03:00:00,,,,,,,1533.0,1533.0,,,0.0,,,0.0
2025-05-02 04:00:00,,,,,,,1529.0,1529.0,,,0.0,,,0.0
2025-05-02 05:00:00,,,,,,,1273.0,1273.0,,,0.0,,,0.0
2025-05-02 06:00:00,,,,,,,1533.0,1533.0,,,0.0,,,0.0
2025-05-02 07:00:00,,,,,,,2297.0,2296.0,0.141,0.0,1.0,1.064,0.0,1.0
2025-05-02 08:00:00,,,,,,,509.0,509.0,0.3488,0.0,1.0,1.1026,0.0,1.0
2025-05-02 09:00:00,,,,,,,509.0,509.0,0.0558,0.0092,2.0,1.1134,0.00029999018,2.0
2025-05-02 10:00:00,,,,,,,509.0,509.0,,,0.0,,,0.0
2025-05-02 11:00:00,,,,,,,509.0,509.0,,,0.0,,,0.0
2025-05-02 12:00:00,,,,,,,509.0,509.0,,,0.0,,,0.0
2025-05-02 13:00:00,,,,,,,509.0,509.0,,,0.0,,,0.0
2025-05-02 14:00:00,,,,,,,509.0,509.0,,,0.0,,,0.0
2025-05-02 15:00:00,,,,,,,509.0,509.0,,,0.0,,,0.0
2025-05-02 16:00:00,,,,,,,2553.0,2552.0,0.37899998,0.0,1.0,1.1437999,0.0,1.0
2025-05-02 17:00:00,,,,,,,1533.0,1533.0,0.23699999,0.038,2.0,1.147,0.0018000007,2.0
2025-05-02 18:00:00,,,,,,,1529.0,1529.0,,,0.0,,,0.0
2025-05-02 19:00:00,,,,,,,1533.0,1533.0,,,0.0,,,0.0
2025-05-02 20:00:00,,,,,,,1533.0,1533.0,,,0.0,,,0.0
2025-05-02 21:00:00,,,,,,,1529.0,1529.0,,,0.0,,,0.0
2025-05-02 22:00:00,,,,,,,1533.0,1533.0,,,0.0,,,0.0
2025-05-02 23:00:00,,,,,,,1533.0,1533.0,,,0.0,,,0.0
2025-05-03 00:00:00,,,,,,,1533.0,1533.0,,,0.0,,,0.0
2025-05-03 01:00:00,,,,,,,1529.0,1529.0,,,0.0,,,0.0
2025-05-03 02:00:00,,,,,,,1533.0,1533.0,,,0.0,,,0.0
2025-05-03 03:00:00,,,,,,,1533.0,1533.0,,,0.0,,,0.0
2025-05-03 04:00:00,,,,,,,1533.0,1533.0,,,0.0,,,0.0
2025-05-03 05:00:00,,,,,,,1533.0,1533.0,,,0.0,,,0.0
2025-05-03 06:00:00,,,,,,,1533.0,1533.0,,,0.0,,,0.0
2025-05-03 07:00:00,,,,,,,509.0,509.0,,,0.0,,,0.0
2025-05-03 08:00:00,,,,,,,509.0,509.0,,,0.0,,,0.0
2025-05-03 09:00:00,,,,,,,509.0,509.0,,,0.0,,,0.0
2025-05-03 10:00:00,,,,,,,509.0,509.0,,,0.0,,,0.0
2025-05-03 11:00:00,,,,,,,509.0,509.0,,,0.0,,,0.0
2025-05-03 12:00:00,,,,,,,509.0,509.0,,,0.0,,,0.0
2025-05-03 13:00:00,,,,,,,509.0,509.0,,,0.0,,,0.0
2025-05-03 14:00:00,,,,,,,509.0,509.0,,,0.0,,,0.0
2025-05-03 15:00:00,,,,,,,509.0,509.0,,,0.0,,,0.0
2025-05-03 16:00:00,,,,,,,509.0,509.0,,,0.0,,,0.0
2025-05-03 17:00:00,,,,,,,1533.0,1533.0,,,0.0,,,0.0
2025-05-03 18:00:00,,,,,,,1533.0,1533.0,,,0.0,,,0.0
2025-05-03 19:00:00,,,,,,,1273.0,1273.0,,,0.0,,,0.0
2025-05-03 20:00:00,,,,,,,1533.0,1533.0,,,0.0,,,0.0
2025-05-03 21:00:00,,,,,,,1529.0,1529.0,,,0.0,,,0.0
2025-05-03 22:00:00,,,,,,,1529.0,1529.0,,,0.0,,,0.0
2025-05-03 23:00:00,,,,,,,1529.0,1529.0,,,0.0,,,0.0
2025-05-04 00:00:00,,,,,,,1533.0,1533.0,,,0.0,,,0.0
2025-05-04 01:00:00,,,,,,,1533.0,1533.0,,,0.0,,,0.0
2025-05-04 02:00:00,,,,,,,1529.0,1529.0,,,0.0,,,0.0
2025-05-04 03:00:00,,,,,,,1529.0,1529.0,,,0.0,,,0.0
2025-05-04 04:00:00,,,,,,,1533.0,1533.0,,,0.0,,,0.0
2025-05-04 05:00:00,,,,,,,1529.0,1529.0,,,0.0,,,0.0
2025-05-04 06:00:00,,,,,,,1533.0,1533.0,,,0.0,,,0.0
2025-05-04 07:00:00,,,,,,,509.0,509.0,,,0.0,,,0.0
2025-05-04 08:00:00,,,,,,,509.0,509.0,,,0.0,,,0.0
2025-05-04 09:00:00,,,,,,,509.0,509.0,,,0.0,,,0.0
2025-05-04 10:00:00,,,,,,,509.0,509.0,,,0.0,,,0.0
2025-05-04 11:00:00,,,,,,,509.0,509.0,0.7838,0.0,1.0,1.0762,0.0,1.0
2025-05-04 12:00:00,,,,,,,509.0,509.0,,,0.0,,,0.0
2025-05-04 13:00:00,,,,,,,509.0,509.0,,,0.0,,,0.0
2025-05-04 14:00:00,,,,,,,509.0,509.0,,,0.0,,,0.0
2025-05-04 15:00:00,,,,,,,509.0,509.0,,,0.0,,,0.0
2025-05-04 16:00:00,,,,,,,509.0,509.0,,,0.0,,,0.0
2025-05-04 17:00:00,,,,,,,1533.0,1533.0,,,0.0,,,0.0
2025-05-04 18:00:00,,,,,,,1533.0,1533.0,,,0.0,,,0.0
2025-05-04 19:00:00,,,,,,,1533.0,1533.0,,,0.0,,,0.0
2025-05-04 20:00:00,,,,,,,1273.0,1273.0,,,0.0,,,0.0
2025-05-04 21:00:00,,,,,,,1533.0,1533.0,,,0.0,,,0.0
2025-05-04 22:00:00,,,,,,,1533.0,1533.0,,,0.0,,,0.0
2025-05-04 23:00:00,,,,,,,1533.0,1533.0,,,0.0,,,0.0
2025-05-05 00:00:00,,,,,,,1533.0,1533.0,,,0.0,,,0.0
2025-05-05 01:00:00,,,,,,,1533.0,1533.0,,,0.0,,,0.0
2025-05-05 02:00:00,,,,,,,1529.0,1529.0,,,0.0,,,0.0
2025-05-05 03:00:00,,,,,,,1529.0,1529.0,,,0.0,,,0.0
2025-05-05 04:00:00,,,,,,,1273.0,1273.0,,,0.0,,,0.0
2025-05-05 05:00:00,,,,,,,1273.0,1273.0,,,0.0,,,0.0
2025-05-05 06:00:00,,,,,,,1533.0,1533.0,,,0.0,,,0.0
2025-05-05 07:00:00,,,,,,,509.0,509.0,,,0.0,,,0.0
2025-05-05 08:00:00,,,,,,,509.0,509.0,,,0.0,,,0.0
2025-05-05 09:00:00,,,,,,,509.0,509.0,,,0.0,,,0.0
2025-05-05 10:00:00,,,,,,,509.0,509.0,0.3538,0.0047999998,4.0,1.0893999,0.00019997358,4.0
2025-05-05 11:00:00,,,,,,,509.0,509.0,,,0.0,,,0.0
2025-05-05 12:00:00,,,,,,,509.0,509.0,,,0.0,,,0.0
2025-05-05 13:00:00,,,,,,,505.0,504.0,0.5844,0.0,1.0,1.1811999,0.0,1.0
2025-05-05 14:00:00,,,,,,,509.0,509.0,,,0.0,,,0.0
2025-05-05 15:00:00,,,,,,,509.0,509.0,,,0.0,,,0.0
2025-05-05 16:00:00,,,,,,,509.0,509.0,,,0.0,,,0.0
2025-05-05 17:00:00,,,,,,,1533.0,1533.0,0.49679998,0.015199999,3.0,1.1524999,0.0015000105,3.0
2025-05-05 18:00:00,,,,,,,1529.0,1529.0,,,0.0,,,0.0
2025-05-05 19:00:00,,,,,,,1533.0,1533.0,,,0.0,,,0.0
2025-05-05 20:00:00,,,,,,,1533.0,1533.0,,,0.0,,,0.0
2025-05-05 21:00:00,,,,,,,1529.0,1529.0,,,0.0,,,0.0
2025-05-05 22:00:00,,,,,,,1529.0,1529.0,,,0.0,,,0.0
2025-05-05 23:00:00,,,,,,,1533.0,1533.0,,,0.0,,,0.0
2025-05-06 00:00:00,,,,,,,1533.0,1533.0,,,0.0,,,0.0
2025-05-06 01:00:00,,,,,,,1533.0,1533.0,,,0.0,,,0.0
2025-05-06 02:00:00,,,,,,,1533.0,1533.0,,,0.0,,,0.0
2025-05-06 03:00:00,,,,,,,1533.0,1533.0,,,0.0,,,0.0
2025-05-06 04:00:00,,,,,,,1533.0,1533.0,,,0.0,,,0.0
2025-05-06 05:00:00,,,,,,,1533.0,1533.0,,,0.0,,,0.0
2025-05-06 06:00:00,,,,,,,1533.0,1533.0,,,0.0,,,0.0
2025-05-06 07:00:00,,,,,,,509.0,509.0,,,0.0,,,0.0
2025-05-06 08:00:00,,,,,,,509.0,509.0,,,0.0,,,0.0
2025-05-06 09:00:00,,,,,,,509.0,509.0,,,0.0,,,0.0
2025-05-06 10:00:00,,,,,,,509.0,509.0,,,0.0,,,0.0
2025-05-06 11:00:00,,,,,,,509.0,509.0,,,0.0,,,0.0
2025-05-06 12:00:00,,,,,,,509.0,509.0,,,0.0,,,0.0
2025-05-06 13:00:00,,,,,,,509.0,509.0,,,0.0,,,0.0
2025-05-06 14:00:00,,,,,,,509.0,509.0,,,0.0,,,0.0
2025-05-06 15:00:00,,,,,,,509.0,509.0,,,0.0,,,0.0
2025-05-06 16:00:00,,,,,,,509.0,509.0,,,0.0,,,0.0
2025-05-06 17:00:00,,,,,,,1533.0,1533.0,,,0.0,,,0.0
2025-05-06 18:00:00,,,,,,,1529.0,1529.0,,,0.0,,,0.0
2025-05-06 19:00:00,,,,,,,1533.0,1533.0,,,0.0,,,0.0
2025-05-06 20:00:00,,,,,,,1529.0,1529.0,,,0.0,,,0.0
2025-05-06 21:00:00,,,,,,,1533.0,1533.0,,,0.0,,,0.0
2025-05-06 22:00:00,,,,,,,1533.0,1533.0,,,0.0,,,0.0
2025-05-06 23:00:00,,,,,,,1533.0,1533.0,,,0.0,,,0.0
2025-05-07 00:00:00,,,,,,,1529.0,1529.0,,,0.0,,,0.0
2025-05-07 01:00:00,,,,,,,1529.0,1529.0,,,0.0,,,0.0
2025-05-07 02:00:00,,,,,,,1533.0,1533.0,,,0.0,,,0.0
2025-05-07 03:00:00,,,,,,,1533.0,1533.0,,,0.0,,,0.0
2025-05-07 04:00:00,,,,,,,1533.0,1533.0,,,0.0,,,0.0
2025-05-07 05:00:00,,,,,,,1533.0,1533.0,,,0.0,,,0.0
2025-05-07 06:00:00,,,,,,,1533.0,1533.0,,,0.0,,,0.0
2025-05-07 07:00:00,,,,,,,509.0,509.0,,,0.0,,,0.0
2025-05-07 08:00:00,,,,,,,509.0,509.0,,,0.0,,,0.0
2025-05-07 09:00:00,,,,,,,509.0,509.0,,,0.0,,,0.0
2025-05-07 10:00:00,,,,,,,509.0,509.0,,,0.0,,,0.0
2025-05-07 11:00:00,,,,,,,509.0,509.0,,,0.0,,,0.0
2025-05-07 12:00:00,,,,,,,509.0,509.0,1.1106,0.0,1.0,1.1378,0.0,1.0
2025-05-07 13:00:00,,,,,,,509.0,509.0,,,0.0,,,0.0
2025-05-07 14:00:00,,,,,,,509.0,509.0,,,0.0,,,0.0
2025-05-07 15:00:00,,,,,,,509.0,509.0,,,0.0,,,0.0
2025-05-07 16:00:00,,,,,,,509.0,509.0,,,0.0,,,0.0
2025-05-07 17:00:00,,,,,,,1533.0,1533.0,,,0.0,,,0.0
2025-05-07 18:00:00,,,,,,,1533.0,1533.0,,,0.0,,,0.0
2025-05-07 19:00:00,,,,,,,1529.0,1529.0,,,0.0,,,0.0
2025-05-07 20:00:00,,,,,,,1533.0,1533.0,,,0.0,,,0.0
2025-05-07 21:00:00,,,,,,,1533.0,1533.0,,,0.0,,,0.0
2025-05-07 22:00:00,,,,,,,1533.0,1533.0,,,0.0,,,0.0
2025-05-07 23:00:00,,,,,,,1533.0,1533.0,,,0.0,,,0.0
2025-05-08 00:00:00,,,,,,,1533.0,1533.0,,,0.0,,,0.0
2025-05-08 01:00:00,,,,,,,1533.0,1533.0,,,0.0,,,0.0
2025-05-08 02:00:00,,,,,,,1533.0,1533.0,,,0.0,,,0.0
2025-05-08 03:00:00,,,,,,,1533.0,1533.0,,,0.0,,,0.0
2025-05-08 04:00:00,,,,,,,1533.0,1533.0,,,0.0,,,0.0
2025-05-08 05:00:00,,,,,,,1533.0,1533.0,,,0.0,,,0.0
2025-05-08 06:00:00,,,,,,,1533.0,1533.0,,,0.0,,,0.0
2025-05-08 07:00:00,,,,,,,509.0,509.0,,,0.0,,,0.0
2025-05-08 08:00:00,,,,,,,509.0,509.0,,,0.0,,,0.0
2025-05-08 09:00:00,,,,,,,509.0,509.0,,,0.0,,,0.0
2025-05-08 10:00:00,,,,,,,509.0,509.0,,,0.0,,,0.0
2025-05-08 11:00:00,,,,,,,509.0,509.0,,,0.0,,,0.0
2025-05-08 12:00:00,,,,,,,509.0,509.0,,,0.0,,,0.0
2025-05-08 13:00:00,,,,,,,509.0,509.0,,,0.0,,,0.0
2025-05-08 14:00:00,,,,,,,509.0,509.0,,,0.0,,,0.0
2025-05-08 15:00:00,,,,,,,509.0,509.0,1.1812,0.0,1.0,1.1854999,0.0,1.0
2025-05-08 16:00:00,,,,,,,509.0,509.0,0.6552,0.0,1.0,1.2321,0.0,1.0
2025-05-08 17:00:00,,,,,,,1533.0,1533.0,0.62,0.0,1.0,1.2175,0.0,1.0
2025-05-08 18:00:00,,,,,,,1273.0,1273.0,,,0.0,,,0.0
2025-05-08 19:00:00,,,,,,,1529.0,1529.0,,,0.0,,,0.0
2025-05-08 20:00:00,,,,,,,1533.0,1533.0,,,0.0,,,0.0
2025-05-08 21:00:00,,,,,,,1533.0,1533.0,,,0.0,,,0.0
2025-05-08 22:00:00,,,,,,,1533.0,1533.0,,,0.0,,,0.0
2025-05-08 23:00:00,,,,,,,1533.0,1533.0,,,0.0,,,0.0
2025-05-09 00:00:00,,,,,,,1533.0,1533.0,,,0.0,,,0.0
2025-05-09 01:00:00,,,,,,,1533.0,1533.0,,,0.0,,,0.0
2025-05-09 02:00:00,,,,,,,1533.0,1533.0,,,0.0,,,0.0
2025-05-09 03:00:00,,,,,,,1529.0,1529.0,,,0.0,,,0.0
2025-05-09 04:00:00,,,,,,,1533.0,1533.0,,,0.0,,,0.0
2025-05-09 05:00:00,,,,,,,1533.0,1533.0,,,0.0,,,0.0
2025-05-09 06:00:00,,,,,,,1533.0,1533.0,,,0.0,,,0.0
2025-05-09 07:00:00,,,,,,,509.0,509.0,,,0.0,,,0.0
2025-05-09 08:00:00,,,,,,,509.0,509.0,,,0.0,,,0.0
2025-05-09 09:00:00,,,,,,,509.0,509.0,1.2974,0.0,1.0,1.2372999,0.0,1.0
2025-05-09 10:00:00,,,,,,,509.0,509.0,,,0.0,,,0.0
2025-05-09 11:00:00,,,,,,,509.0,509.0,,,0.0,,,0.0
2025-05-09 12:00:00,,,,,,,509.0,509.0,,,0.0,,,0.0
2025-05-09 13:00:00,,,,,,,509.0,509.0,,,0.0,,,0.0
2025-05-09 14:00:00,,,,,,,2553.0,2552.0,1.1494,0.045199998,2.0,1.2294999,0.011099994,2.0
2025-05-09 15:00:00,,,,,,,509.0,509.0,0.958,0.0252,4.0,1.2067,0.010699987,4.0
2025-05-09 16:00:00,,,,,,,509.0,509.0,,,0.0,,,0.0
2025-05-09 17:00:00,,,,,,,1533.0,1533.0,,,0.0,,,0.0
2025-05-09 18:00:00,,,,,,,1533.0,1533.0,,,0.0,,,0.0
2025-05-09 19:00:00,,,,,,,1529.0,1529.0,,,0.0,,,0.0
2025-05-09 20:00:00,,,,,,,1533.0,1533.0,,,0.0,,,0.0
2025-05-09 21:00:00,,,,,,,1533.0,1533.0,,,0.0,,,0.0
2025-05-09 22:00:00,,,,,,,1533.0,1533.0,,,0.0,,,0.0
2025-05-09 23:00:00,,,,,,,1533.0,1533.0,,,0.0,,,0.0
2025-05-10 00:00:00,,,,,,,1533.0,1533.0,,,0.0,,,0.0
2025-05-10 01:00:00,,,,,,,1533.0,1533.0,,,0.0,,,0.0
2025-05-10 02:00:00,,,,,,,1529.0,1529.0,,,0.0,,,0.0
2025-05-10 03:00:00,,,,,,,1533.0,1533.0,,,0.0,,,0.0
2025-05-10 04:00:00,,,,,,,1529.0,1529.0,,,0.0,,,0.0
2025-05-10 05:00:00,,,,,,,1533.0,1533.0,,,0.0,,,0.0
2025-05-10 06:00:00,,,,,,,1533.0,1533.0,,,0.0,,,0.0
2025-05-10 07:00:00,,,,,,,509.0,509.0,,,0.0,,,0.0
2025-05-10 08:00:00,,,,,,,509.0,509.0,,,0.0,,,0.0
2025-05-10 09:00:00,,,,,,,509.0,509.0,,,0.0,,,0.0
2025-05-10 10:00:00,,,,,,,509.0,509.0,,,0.0,,,0.0
2025-05-10 11:00:00,,,,,,,509.0,509.0,,,0.0,,,0.0
2025-05-10 12:00:00,,,,,,,509.0,509.0,,,0.0,,,0.0
2025-05-10 13:00:00,,,,,,,509.0,509.0,,,0.0,,,0.0
2025-05-10 14:00:00,,,,,,,509.0,509.0,,,0.0,,,0.0
2025-05-10 15:00:00,,,,,,,509.0,509.0,,,0.0,,,0.0
2025-05-10 16:00:00,,,,,,,509.0,509.0,,,0.0,,,0.0
2025-05-10 17:00:00,,,,,,,1533.0,1533.0,,,0.0,,,0.0
2025-05-10 18:00:00,,,,,,,1533.0,1533.0,,,0.0,,,0.0
2025-05-10 19:00:00,,,,,,,1533.0,1533.0,,,0.0,,,0.0
2025-05-10 20:00:00,,,,,,,1533.0,1533.0,,,0.0,,,0.0
2025-05-10 21:00:00,,,,,,,1533.0,1533.0,,,0.0,,,0.0
2025-05-10 22:00:00,,,,,,,1529.0,1529.0,,,0.0,,,0.0
2025-05-10 23:00:00,,,,,,,1533.0,1533.0,,,0.0,,,0.0
2025-05-11 00:00:00,,,,,,,1529.0,1529.0,,,0.0,,,0.0
2025-05-11 01:00:00,,,,,,,1533.0,1533.0,,,0.0,,,0.0
2025-05-11 02:00:00,,,,,,,1529.0,1529.0,,,0.0,,,0.0
2025-05-11 03:00:00,,,,,,,1533.0,1533.0,,,0.0,,,0.0
2025-05-11 04:00:00,,,,,,,1533.0,1533.0,,,0.0,,,0.0
2025-05-11 05:00:00,,,,,,,1529.0,1529.0,,,0.0,,,0.0
2025-05-11 06:00:00,,,,,,,1533.0,1533.0,,,0.0,,,0.0
2025-05-11 07:00:00,,,,,,,509.0,509.0,,,0.0,,,0.0
2025-05-11 08:00:00,,,,,,,509.0,509.0,,,0.0,,,0.0
2025-05-11 09:00:00,,,,,,,509.0,509.0,,,0.0,,,0.0
2025-05-11 10:00:00,,,,,,,509.0,509.0,,,0.0,,,0.0
2025-05-11 11:00:00,,,,,,,509.0,509.0,,,0.0,,,0.0
2025-05-11 12:00:00,,,,,,,509.0,509.0,,,0.0,,,0.0
2025-05-11 13:00:00,,,,,,,509.0,509.0,,,0.0,,,0.0
2025-05-11 14:00:00,,,,,,,509.0,509.0,2.1684,0.0,1.0,0.8117,0.0,1.0
2025-05-11 15:00:00,,,,,,,509.0,509.0,1.2896,0.0,1.0,0.9426,0.0,1.0
2025-05-11 16:00:00,,,,,,,509.0,509.0,,,0.0,,,0.0
2025-05-11 17:00:00,,,,,,,1533.0,1533.0,,,0.0,,,0.0
2025-05-11 18:00:00,,,,,,,1533.0,1533.0,,,0.0,,,0.0
2025-05-11 19:00:00,,,,,,,1533.0,1533.0,,,0.0,,,0.0
2025-05-11 20:00:00,,,,,,,1533.0,1533.0,,,0.0,,,0.0
2025-05-11 21:00:00,,,,,,,1529.0,1529.0,,,0.0,,,0.0
2025-05-11 22:00:00,,,,,,,1273.0,1273.0,,,0.0,,,0.0
2025-05-11 23:00:00,,,,,,,1533.0,1533.0,,,0.0,,,0.0
2025-05-12 00:00:00,,,,,,,1529.0,1529.0,,,0.0,,,0.0
2025-05-12 01:00:00,,,,,,,1533.0,1533.0,,,0.0,,,0.0
2025-05-12 02:00:00,,,,,,,1529.0,1529.0,,,0.0,,,0.0
2025-05-12 03:00:00,,,,,,,1529.0,1529.0,,,0.0,,,0.0
2025-05-12 04:00:00,,,,,,,1273.0,1273.0,,,0.0,,,0.0
2025-05-12 05:00:00,,,,,,,1273.0,1273.0,,,0.0,,,0.0
2025-05-12 06:00:00,,,,,,,1533.0,1533.0,,,0.0,,,0.0
2025-05-12 07:00:00,,,,,,,509.0,509.0,,,0.0,,,0.0
2025-05-12 08:00:00,,,,,,,509.0,509.0,,,0.0,,,0.0
2025-05-12 09:00:00,,,,,,,509.0,509.0,,,0.0,,,0.0
2025-05-12 10:00:00,,,,,,,509.0,509.0,0.9464,0.0,2.0,1.0353,0.0,2.0
2025-05-12 11:00:00,,,,,,,509.0,509.0,,,0.0,,,0.0
2025-05-12 12:00:00,,,,,,,249.0,249.0,0.099199995,0.0092,2.0,1.102,0.0,2.0
2025-05-12 13:00:00,,,,,,,2297.0,2296.0,0.0092,0.0,1.0,1.1014,0.0,1.0
2025-05-12 14:00:00,,,,,,,2297.0,2296.0,0.0266,0.029399998,6.0,1.1075,0.0066999793,6.0
2025-05-12 15:00:00,0.163,,,,,,193.0,249.0,0.124199994,0.060599998,5.0,1.0958999,0.0020999908,5.0
2025-05-12 16:00:00,0.1472,,,,,,2497.0,2552.0,0.0984,0.052199997,4.0,1.3144,0.21639997,4.0
2025-05-12 17:00:00,,,,,,,1533.0,1533.0,0.2184,0.022599999,5.0,1.134,0.0029000044,5.0
2025-05-12 18:00:00,,,,,,,1273.0,1273.0,,,0.0,,,0.0
2025-05-12 19:00:00,,,,,,,1273.0,1273.0,,,0.0,,,0.0
2025-05-12 20:00:00,,,,,,,1273.0,1273.0,,,0.0,,,0.0
2025-05-12 21:00:00,,,,,,,1529.0,1529.0,,,0.0,,,0.0
2025-05-12 22:00:00,,,,,,,1529.0,1529.0,,,0.0,,,0.0
2025-05-12 23:00:00,,,,,,,1529.0,1529.0,,,0.0,,,0.0
2025-05-13 00:00:00,,,,,,,1533.0,1533.0,,,0.0,,,0.0
2025-05-13 01:00:00,,,,,,,1529.0,1529.0,,,0.0,,,0.0
2025-05-13 02:00:00,,,,,,,1273.0,1273.0,,,0.0,,,0.0
2025-05-13 03:00:00,,,,,,,1273.0,1273.0,,,0.0,,,0.0
2025-05-13 04:00:00,,,,,,,1529.0,1529.0,,,0.0,,,0.0
2025-05-13 05:00:00,,,,,,,1273.0,1273.0,,,0.0,,,0.0
2025-05-13 06:00:00,,,,,,,1533.0,1533.0,,,0.0,,,0.0
2025-05-13 07:00:00,,,,,,,509.0,509.0,,,0.0,,,0.0
2025-05-13 08:00:00,,,,,,,509.0,509.0,,,0.0,,,0.0
2025-05-13 09:00:00,,,,,,,505.0,504.0,0.38099998,0.23519999,3.0,1.1406,0.0065999627,3.0
2025-05-13 10:00:00,,,,,,,249.0,249.0,,,0.0,,,0.0
2025-05-13 11:00:00,,,,,,,2297.0,2296.0,0.0758,0.0,1.0,1.1416999,0.0,1.0
2025-05-13 12:00:00,,,,,,,2553.0,2552.0,0.1278,0.029199999,6.0,1.1439999,0.004099965,6.0
2025-05-13 13:00:00,,,,,,,249.0,248.0,0.1364,0.0672,6.0,1.1488,0.004499972,6.0
2025-05-13 14:00:00,,,,,,,509.0,509.0,0.36659998,0.0,1.0,1.1388999,0.0,1.0
2025-05-13 15:00:00,,,,,,,509.0,509.0,1.7378,0.0,1.0,0.7451,0.0,1.0
2025-05-13 16:00:00,,,,,,,509.0,509.0,,,0.0,,,0.0
2025-05-13 17:00:00,,,,,,,1533.0,1533.0,,,0.0,,,0.0
2025-05-13 18:00:00,,,,,,,1533.0,1533.0,,,0.0,,,0.0
2025-05-13 19:00:00,,,,,,,1273.0,1273.0,,,0.0,,,0.0
2025-05-13 20:00:00,,,,,,,1273.0,1273.0,,,0.0,,,0.0
2025-05-13 21:00:00,,,,,,,1533.0,1533.0,,,0.0,,,0.0
2025-05-13 22:00:00,,,,,,,1533.0,1533.0,,,0.0,,,0.0
2025-05-13 23:00:00,,,,,,,1529.0,1529.0,,,0.0,,,0.0
2025-05-14 00:00:00,,,,,,,1273.0,1273.0,,,0.0,,,0.0
2025-05-14 01:00:00,,,,,,,1273.0,1273.0,,,0.0,,,0.0
2025-05-14 02:00:00,,,,,,,1529.0,1529.0,,,0.0,,,0.0
2025-05-14 03:00:00,,,,,,,1273.0,1273.0,,,0.0,,,0.0
2025-05-14 04:00:00,,,,,,,1533.0,1533.0,,,0.0,,,0.0
2025-05-14 05:00:00,,,,,,,1273.0,1273.0,,,0.0,,,0.0
2025-05-14 06:00:00,,,,,,,1533.0,1533.0,,,0.0,,,0.0
2025-05-14 07:00:00,,,,,,,509.0,509.0,,,0.0,,,0.0
2025-05-14 08:00:00,,,,,,,509.0,509.0,,,0.0,,,0.0
2025-05-14 09:00:00,,,,,,,509.0,509.0,,,0.0,,,0.0
2025-05-14 10:00:00,,,,,,,509.0,509.0,,,0.0,,,0.0
2025-05-14 11:00:00,,,,,,,509.0,509.0,,,0.0,,,0.0
2025-05-14 12:00:00,,,,,,,509.0,509.0,,,0.0,,,0.0
2025-05-14 13:00:00,,,,,,,509.0,509.0,,,0.0,,,0.0
2025-05-14 14:00:00,,,,,,,509.0,509.0,,,0.0,,,0.0
2025-05-14 15:00:00,,,,,,,509.0,509.0,,,0.0,,,0.0
2025-05-14 16:00:00,,,,,,,509.0,509.0,,,0.0,,,0.0
2025-05-14 17:00:00,,,,,,,1533.0,1533.0,,,0.0,,,0.0
2025-05-14 18:00:00,,,,,,,1529.0,1529.0,,,0.0,,,0.0
2025-05-14 19:00:00,,,,,,,1273.0,1273.0,,,0.0,,,0.0
2025-05-14 20:00:00,,,,,,,1529.0,1529.0,,,0.0,,,0.0
2025-05-14 21:00:00,,,,,,,1273.0,1273.0,,,0.0,,,0.0
2025-05-14 22:00:00,,,,,,,1533.0,1533.0,,,0.0,,,0.0
2025-05-14 23:00:00,,,,,,,1529.0,1529.0,,,0.0,,,0.0
2025-05-15 00:00:00,,,,,,,1533.0,1533.0,,,0.0,,,0.0
2025-05-15 01:00:00,,,,,,,1533.0,1533.0,,,0.0,,,0.0
2025-05-15 02:00:00,,,,,,,1529.0,1529.0,,,0.0,,,0.0
2025-05-15 03:00:00,,,,,,,1529.0,1529.0,,,0.0,,,0.0
2025-05-15 04:00:00,,,,,,,1533.0,1533.0,,,0.0,,,0.0
2025-05-15 05:00:00,,,,,,,1533.0,1533.0,,,0.0,,,0.0
2025-05-15 06:00:00,,,,,,,1533.0,1533.0,,,0.0,,,0.0
2025-05-15 07:00:00,,,,,,,509.0,509.0,,,0.0,,,0.0
2025-05-15 08:00:00,,,,,,,509.0,509.0,,,0.0,,,0.0
2025-05-15 09:00:00,,,,,,,509.0,509.0,,,0.0,,,0.0
2025-05-15 10:00:00,,,,,,,509.0,509.0,,,0.0,,,0.0
2025-05-15 11:00:00,,,,,,,509.0,509.0,,,0.0,,,0.0
2025-05-15 12:00:00,,,,,,,509.0,509.0,,,0.0,,,0.0
2025-05-15 13:00:00,,,,,,,509.0,509.0,,,0.0,,,0.0
2025-05-15 14:00:00,,,,,,,509.0,509.0,,,0.0,,,0.0
2025-05-15 15:00:00,,,,,,,509.0,509.0,,,0.0,,,0.0
2025-05-15 16:00:00,,,,,,,509.0,509.0,,,0.0,,,0.0
2025-05-15 17:00:00,,,,,,,1533.0,1533.0,,,0.0,,,0.0
2025-05-15 18:00:00,,,,,,,1533.0,1533.0,,,0.0,,,0.0
2025-05-15 19:00:00,,,,,,,1533.0,1533.0,,,0.0,,,0.0
2025-05-15 20:00:00,,,,,,,1533.0,1533.0,,,0.0,,,0.0
2025-05-15 21:00:00,,,,,,,1529.0,1529.0,,,0.0,,,0.0
2025-05-15 22:00:00,,,,,,,1533.0,1533.0,,,0.0,,,0.0
2025-05-15 23:00:00,,,,,,,1533.0,1533.0,,,0.0,,,0.0
2025-05-16 00:00:00,,,,,,,1533.0,1533.0,,,0.0,,,0.0
2025-05-16 01:00:00,,,,,,,1533.0,1533.0,,,0.0,,,0.0
2025-05-16 02:00:00,,,,,,,1533.0,1533.0,,,0.0,,,0.0
2025-05-16 03:00:00,,,,,,,1533.0,1533.0,,,0.0,,,0.0
2025-05-16 04:00:00,,,,,,,1533.0,1533.0,,,0.0,,,0.0
2025-05-16 05:00:00,,,,,,,1533.0,1533.0,,,0.0,,,0.0
2025-05-16 06:00:00,,,,,,,1533.0,1533.0,,,0.0,,,0.0
2025-05-16 07:00:00,,,,,,,509.0,509.0,,,0.0,,,0.0
2025-05-16 08:00:00,,,,,,,509.0,509.0,,,0.0,,,0.0
2025-05-16 09:00:00,,,,,,,509.0,509.0,,,0.0,,,0.0
2025-05-16 10:00:00,,,,,,,509.0,509.0,,,0.0,,,0.0
2025-05-16 11:00:00,,,,,,,509.0,509.0,,,0.0,,,0.0
2025-05-16 12:00:00,,,,,,,509.0,509.0,,,0.0,,,0.0
2025-05-16 13:00:00,,,,,,,509.0,509.0,,,0.0,,,0.0
2025-05-16 14:00:00,,,,,,,509.0,509.0,,,0.0,,,0.0
2025-05-16 15:00:00,,,,,,,509.0,509.0,,,0.0,,,0.0
2025-05-16 16:00:00,,,,,,,509.0,509.0,,,0.0,,,0.0
2025-05-16 17:00:00,,,,,,,1533.0,1533.0,,,0.0,,,0.0
2025-05-16 18:00:00,,,,,,,1533.0,1533.0,,,0.0,,,0.0
2025-05-16 19:00:00,,,,,,,1533.0,1533.0,,,0.0,,,0.0
2025-05-16 20:00:00,,,,,,,1533.0,1533.0,,,0.0,,,0.0
2025-05-16 21:00:00,,,,,,,1533.0,1533.0,,,0.0,,,0.0
2025-05-16 22:00:00,,,,,,,1533.0,1533.0,,,0.0,,,0.0
2025-05-16 23:00:00,,,,,,,1533.0,1533.0,,,0.0,,,0.0
2025-05-17 00:00:00,,,,,,,1529.0,1529.0,,,0.0,,,0.0
2025-05-17 01:00:00,,,,,,,1533.0,1533.0,,,0.0,,,0.0
2025-05-17 02:00:00,,,,,,,1533.0,1533.0,,,0.0,,,0.0
2025-05-17 03:00:00,,,,,,,1529.0,1529.0,,,0.0,,,0.0
2025-05-17 04:00:00,,,,,,,1533.0,1533.0,,,0.0,,,0.0
2025-05-17 05:00:00,,,,,,,1533.0,1533.0,,,0.0,,,0.0
2025-05-17 06:00:00,,,,,,,1533.0,1533.0,,,0.0,,,0.0
2025-05-17 07:00:00,,,,,,,509.0,509.0,,,0.0,,,0.0
2025-05-17 08:00:00,,,,,,,509.0,509.0,,,0.0,,,0.0
2025-05-17 09:00:00,,,,,,,509.0,509.0,,,0.0,,,0.0
2025-05-17 10:00:00,,,,,,,509.0,509.0,,,0.0,,,0.0
2025-05-17 11:00:00,,,,,,,509.0,509.0,,,0.0,,,0.0
2025-05-17 12:00:00,,,,,,,509.0,509.0,,,0.0,,,0.0
2025-05-17 13:00:00,,,,,,,509.0,509.0,,,0.0,,,0.0
2025-05-17 14:00:00,,,,,,,509.0,509.0,,,0.0,,,0.0
2025-05-17 15:00:00,,,,,,,509.0,509.0,,,0.0,,,0.0
2025-05-17 16:00:00,,,,,,,509.0,509.0,,,0.0,,,0.0
2025-05-17 17:00:00,,,,,,,1533.0,1533.0,,,0.0,,,0.0
2025-05-17 18:00:00,,,,,,,1533.0,1533.0,,,0.0,,,0.0
2025-05-17 19:00:00,,,,,,,1533.0,1533.0,,,0.0,,,0.0
2025-05-17 20:00:00,,,,,,,1529.0,1529.0,,,0.0,,,0.0
2025-05-17 21:00:00,,,,,,,1529.0,1529.0,,,0.0,,,0.0
2025-05-17 22:00:00,,,,,,,1533.0,1533.0,,,0.0,,,0.0
2025-05-17 23:00:00,,,,,,,1529.0,1529.0,,,0.0,,,0.0
2025-05-18 00:00:00,,,,,,,1529.0,1529.0,,,0.0,,,0.0
2025-05-18 01:00:00,,,,,,,1529.0,1529.0,,,0.0,,,0.0
2025-05-18 02:00:00,,,,,,,1529.0,1529.0,,,0.0,,,0.0
2025-05-18 03:00:00,,,,,,,1533.0,1533.0,,,0.0,,,0.0
2025-05-18 04:00:00,,,,,,,1533.0,1533.0,,,0.0,,,0.0
2025-05-18 05:00:00,,,,,,,1533.0,1533.0,,,0.0,,,0.0
2025-05-18 06:00:00,,,,,,,1533.0,1533.0,,,0.0,,,0.0
2025-05-18 07:00:00,,,,,,,509.0,509.0,,,0.0,,,0.0
2025-05-18 08:00:00,,,,,,,509.0,509.0,1.031,0.1366,4.0,0.8125,0.038399994,4.0
2025-05-18 09:00:00,,,,,,,509.0,509.0,0.5794,0.0,1.0,1.0030999,0.0,1.0
2025-05-18 10:00:00,,,,,,,509.0,509.0,0.1646,0.0,2.0,0.9776,0.0,2.0
2025-05-18 11:00:00,,,,,,,509.0,509.0,1.332,0.0,1.0,0.6809,0.0,1.0
2025-05-18 12:00:00,,,,,,,509.0,509.0,,,0.0,,,0.0
2025-05-18 13:00:00,,,,,,,509.0,509.0,,,0.0,,,0.0
2025-05-18 14:00:00,,,,,,,509.0,509.0,,,0.0,,,0.0
2025-05-18 15:00:00,,,,,,,509.0,509.0,,,0.0,,,0.0
2025-05-18 16:00:00,,,,,,,509.0,509.0,0.3134,0.0,1.0,0.6883,0.0,1.0
2025-05-18 17:00:00,,,,,,,1533.0,1533.0,,,0.0,,,0.0
2025-05-18 18:00:00,,,,,,,1533.0,1533.0,,,0.0,,,0.0
2025-05-18 19:00:00,,,,,,,1529.0,1529.0,,,0.0,,,0.0
2025-05-18 20:00:00,,,,,,,1529.0,1529.0,,,0.0,,,0.0
2025-05-18 21:00:00,,,,,,,1533.0,1533.0,,,0.0,,,0.0
2025-05-18 22:00:00,,,,,,,1533.0,1533.0,,,0.0,,,0.0
2025-05-18 23:00:00,,,,,,,1529.0,1529.0,,,0.0,,,0.0
2025-05-19 00:00:00,,,,,,,1529.0,1529.0,,,0.0,,,0.0
2025-05-19 01:00:00,,,,,,,1529.0,1529.0,,,0.0,,,0.0
2025-05-19 02:00:00,,,,,,,1533.0,1533.0,,,0.0,,,0.0
2025-05-19 03:00:00,,,,,,,1533.0,1533.0,,,0.0,,,0.0
2025-05-19 04:00:00,,,,,,,1533.0,1533.0,,,0.0,,,0.0
2025-05-19 05:00:00,,,,,,,1533.0,1533.0,,,0.0,,,0.0
2025-05-19 06:00:00,,,,,,,1533.0,1533.0,,,0.0,,,0.0
2025-05-19 07:00:00,,,,,,,509.0,509.0,,,0.0,,,0.0
2025-05-19 08:00:00,,,,,,,509.0,509.0,,,0.0,,,0.0
2025-05-19 09:00:00,,,,,,,509.0,509.0,,,0.0,,,0.0
2025-05-19 10:00:00,,,,,,,509.0,509.0,,,0.0,,,0.0
2025-05-19 11:00:00,,,,,,,509.0,509.0,,,0.0,,,0.0
2025-05-19 12:00:00,,,,,,,509.0,509.0,,,0.0,,,0.0
2025-05-19 13:00:00,,,,,,,509.0,509.0,,,0.0,,,0.0
2025-05-19 14:00:00,,,,,,,509.0,509.0,,,0.0,,,0.0
2025-05-19 15:00:00,,,,,,,509.0,509.0,,,0.0,,,0.0
2025-05-19 16:00:00,,,,,,,509.0,509.0,,,0.0,,,0.0
2025-05-19 17:00:00,,,,,,,1533.0,1533.0,,,0.0,,,0.0
2025-05-19 18:00:00,,,,,,,1533.0,1533.0,,,0.0,,,0.0
2025-05-19 19:00:00,,,,,,,1529.0,1529.0,,,0.0,,,0.0
2025-05-19 20:00:00,,,,,,,1533.0,1533.0,,,0.0,,,0.0
2025-05-19 21:00:00,,,,,,,1533.0,1533.0,,,0.0,,,0.0
2025-05-19 22:00:00,,,,,,,1533.0,1533.0,,,0.0,,,0.0
2025-05-19 23:00:00,,,,,,,1533.0,1533.0,,,0.0,,,0.0
2025-05-20 00:00:00,,,,,,,1533.0,1533.0,,,0.0,,,0.0
2025-05-20 01:00:00,,,,,,,1533.0,1533.0,,,0.0,,,0.0
2025-05-20 02:00:00,,,,,,,1533.0,1533.0,,,0.0,,,0.0
2025-05-20 03:00:00,,,,,,,1529.0,1529.0,,,0.0,,,0.0
2025-05-20 04:00:00,,,,,,,1533.0,1533.0,,,0.0,,,0.0
2025-05-20 05:00:00,,,,,,,1533.0,1533.0,,,0.0,,,0.0
2025-05-20 06:00:00,,,,,,,1533.0,1533.0,,,0.0,,,0.0
2025-05-20 07:00:00,,,,,,,509.0,509.0,,,0.0,,,0.0
2025-05-20 08:00:00,,,,,,,509.0,509.0,,,0.0,,,0.0
2025-05-20 09:00:00,,,,,,,509.0,509.0,,,0.0,,,0.0
2025-05-20 10:00:00,,,,,,,509.0,509.0,,,0.0,,,0.0
2025-05-20 11:00:00,,,,,,,509.0,509.0,,,0.0,,,0.0
2025-05-20 12:00:00,,,,,,,509.0,509.0,,,0.0,,,0.0
2025-05-20 13:00:00,,,,,,,509.0,509.0,,,0.0,,,0.0
2025-05-20 14:00:00,,,,,,,509.0,509.0,,,0.0,,,0.0
2025-05-20 15:00:00,,,,,,,509.0,509.0,,,0.0,,,0.0
2025-05-20 16:00:00,,,,,,,509.0,509.0,,,0.0,,,0.0
2025-05-20 17:00:00,,,,,,,1533.0,1533.0,,,0.0,,,0.0
2025-05-20 18:00:00,,,,,,,1533.0,1533.0,,,0.0,,,0.0
2025-05-20 19:00:00,,,,,,,1533.0,1533.0,,,0.0,,,0.0
2025-05-20 20:00:00,,,,,,,1529.0,1529.0,,,0.0,,,0.0
2025-05-20 21:00:00,,,,,,,1533.0,1533.0,,,0.0,,,0.0
2025-05-20 22:00:00,,,,,,,1533.0,1533.0,,,0.0,,,0.0
2025-05-20 23:00:00,,,,,,,1529.0,1529.0,,,0.0,,,0.0
2025-05-21 00:00:00,,,,,,,1533.0,1533.0,,,0.0,,,0.0
2025-05-21 01:00:00,,,,,,,1273.0,1273.0,,,0.0,,,0.0
2025-05-21 02:00:00,,,,,,,1533.0,1533.0,,,0.0,,,0.0
2025-05-21 03:00:00,,,,,,,1529.0,1529.0,,,0.0,,,0.0
2025-05-21 04:00:00,,,,,,,1533.0,1533.0,,,0.0,,,0.0
2025-05-21 05:00:00,,,,,,,1533.0,1533.0,,,0.0,,,0.0
2025-05-21 06:00:00,,,,,,,1533.0,1533.0,,,0.0,,,0.0
2025-05-21 07:00:00,,,,,,,509.0,509.0,,,0.0,,,0.0
2025-05-21 08:00:00,,,,,,,509.0,509.0,,,0.0,,,0.0
2025-05-21 09:00:00,,,,,,,509.0,509.0,,,0.0,,,0.0
2025-05-21 10:00:00,,,,,,,509.0,509.0,,,0.0,,,0.0
2025-05-21 11:00:00,,,,,,,509.0,509.0,,,0.0,,,0.0
2025-05-21 12:00:00,,,,,,,509.0,509.0,,,0.0,,,0.0
2025-05-21 13:00:00,,,,,,,509.0,509.0,,,0.0,,,0.0
2025-05-21 14:00:00,,,,,,,509.0,509.0,,,0.0,,,0.0
2025-05-21 15:00:00,,,,,,,509.0,509.0,,,0.0,,,0.0
2025-05-21 16:00:00,,,,,,,509.0,509.0,,,0.0,,,0.0
2025-05-21 17:00:00,,,,,,,1533.0,1533.0,,,0.0,,,0.0
2025-05-21 18:00:00,,,,,,,1533.0,1533.0,,,0.0,,,0.0
2025-05-21 19:00:00,,,,,,,1533.0,1533.0,,,0.0,,,0.0
2025-05-21 20:00:00,,,,,,,1533.0,1533.0,,,0.0,,,0.0
2025-05-21 21:00:00,,,,,,,1533.0,1533.0,,,0.0,,,0.0
2025-05-21 22:00:00,,,,,,,1533.0,1533.0,,,0.0,,,0.0
2025-05-21 23:00:00,,,,,,,1533.0,1533.0,,,0.0,,,0.0
2025-05-22 00:00:00,,,,,,,1533.0,1533.0,,,0.0,,,0.0
2025-05-22 01:00:00,,,,,,,1529.0,1529.0,,,0.0,,,0.0
2025-05-22 02:00:00,,,,,,,1533.0,1533.0,,,0.0,,,0.0
2025-05-22 03:00:00,,,,,,,1529.0,1529.0,,,0.0,,,0.0
2025-05-22 04:00:00,,,,,,,1533.0,1533.0,,,0.0,,,0.0
2025-05-22 05:00:00,,,,,,,1533.0,1533.0,,,0.0,,,0.0
2025-05-22 06:00:00,,,,,,,1533.0,1533.0,,,0.0,,,0.0
2025-05-22 07:00:00,,,,,,,509.0,509.0,,,0.0,,,0.0
2025-05-22 08:00:00,,,,,,,509.0,509.0,,,0.0,,,0.0
2025-05-22 09:00:00,,,,,,,509.0,509.0,,,0.0,,,0.0
2025-05-22 10:00:00,,,,,,,509.0,509.0,,,0.0,,,0.0
2025-05-22 11:00:00,,,,,,,509.0,509.0,,,0.0,,,0.0
2025-05-22 12:00:00,,,,,,,509.0,509.0,,,0.0,,,0.0
2025-05-22 13:00:00,,,,,,,509.0,509.0,,,0.0,,,0.0
2025-05-22 14:00:00,,,,,,,509.0,509.0,,,0.0,,,0.0
2025-05-22 15:00:00,,,,,,,509.0,509.0,,,0.0,,,0.0
2025-05-22 16:00:00,,,,,,,509.0,509.0,,,0.0,,,0.0
2025-05-22 17:00:00,,,,,,,509.0,509.0,,,0.0,,,0.0
2025-05-22 18:00:00,,,,,,,1533.0,1533.0,,,0.0,,,0.0
2025-05-22 19:00:00,,,,,,,1529.0,1529.0,,,0.0,,,0.0
2025-05-22 20:00:00,,,,,,,1533.0,1533.0,,,0.0,,,0.0
2025-05-22 21:00:00,,,,,,,1273.0,1273.0,,,0.0,,,0.0
2025-05-22 22:00:00,,,,,,,1533.0,1533.0,,,0.0,,,0.0
2025-05-22 23:00:00,,,,,,,1529.0,1529.0,,,0.0,,,0.0
2025-05-23 00:00:00,,,,,,,1533.0,1533.0,,,0.0,,,0.0
2025-05-23 01:00:00,,,,,,,1533.0,1533.0,,,0.0,,,0.0
2025-05-23 02:00:00,,,,,,,1533.0,1533.0,,,0.0,,,0.0
2025-05-23 03:00:00,,,,,,,1529.0,1529.0,,,0.0,,,0.0
2025-05-23 04:00:00,,,,,,,1533.0,1533.0,,,0.0,,,0.0
2025-05-23 05:00:00,,,,,,,1533.0,1533.0,,,0.0,,,0.0
2025-05-23 06:00:00,,,,,,,1533.0,1533.0,,,0.0,,,0.0
2025-05-23 07:00:00,,,,,,,509.0,509.0,,,0.0,,,0.0
2025-05-23 08:00:00,,,,,,,509.0,509.0,,,0.0,,,0.0
2025-05-23 09:00:00,,,,,,,509.0,509.0,,,0.0,,,0.0
2025-05-23 10:00:00,,,,,,,509.0,509.0,,,0.0,,,0.0
2025-05-23 11:00:00,,,,,,,509.0,509.0,,,0.0,,,0.0
2025-05-23 12:00:00,,,,,,,509.0,509.0,,,0.0,,,0.0
2025-05-23 13:00:00,,,,,,,509.0,509.0,,,0.0,,,0.0
2025-05-23 14:00:00,,,,,,,509.0,509.0,,,0.0,,,0.0
2025-05-23 15:00:00,,,,,,,509.0,509.0,,,0.0,,,0.0
2025-05-23 16:00:00,,,,,,,509.0,509.0,,,0.0,,,0.0
2025-05-23 17:00:00,,,,,,,1533.0,1533.0,,,0.0,,,0.0
2025-05-23 18:00:00,,,,,,,1533.0,1533.0,,,0.0,,,0.0
2025-05-23 19:00:00,,,,,,,1529.0,1529.0,,,0.0,,,0.0
2025-05-23 20:00:00,,,,,,,1529.0,1529.0,,,0.0,,,0.0
2025-05-23 21:00:00,,,,,,,1533.0,1533.0,,,0.0,,,0.0
2025-05-23 22:00:00,,,,,,,1533.0,1533.0,,,0.0,,,0.0
2025-05-23 23:00:00,,,,,,,1273.0,1273.0,,,0.0,,,0.0
2025-05-24 00:00:00,,,,,,,1533.0,1533.0,,,0.0,,,0.0
2025-05-24 01:00:00,,,,,,,1533.0,1533.0,,,0.0,,,0.0
2025-05-24 02:00:00,,,,,,,1533.0,1533.0,,,0.0,,,0.0
2025-05-24 03:00:00,,,,,,,1533.0,1533.0,,,0.0,,,0.0
2025-05-24 04:00:00,,,,,,,1533.0,1533.0,,,0.0,,,0.0
2025-05-24 05:00:00,,,,,,,1533.0,1533.0,,,0.0,,,0.0
2025-05-24 06:00:00,,,,,,,1533.0,1533.0,,,0.0,,,0.0
2025-05-24 07:00:00,,,,,,,509.0,509.0,,,0.0,,,0.0
2025-05-24 08:00:00,,,,,,,509.0,509.0,,,0.0,,,0.0
2025-05-24 09:00:00,,,,,,,509.0,509.0,,,0.0,,,0.0
2025-05-24 10:00:00,,,,,,,509.0,509.0,,,0.0,,,0.0
2025-05-24 11:00:00,,,,,,,509.0,509.0,,,0.0,,,0.0
2025-05-24 12:00:00,,,,,,,509.0,509.0,,,0.0,,,0.0
2025-05-24 13:00:00,,,,,,,509.0,509.0,,,0.0,,,0.0
2025-05-24 14:00:00,,,,,,,509.0,509.0,,,0.0,,,0.0
2025-05-24 15:00:00,,,,,,,509.0,509.0,,,0.0,,,0.0
2025-05-24 16:00:00,,,,,,,509.0,509.0,,,0.0,,,0.0
2025-05-24 17:00:00,,,,,,,1533.0,1533.0,,,0.0,,,0.0
2025-05-24 18:00:00,,,,,,,1533.0,1533.0,,,0.0,,,0.0
2025-05-24 19:00:00,,,,,,,1529.0,1529.0,,,0.0,,,0.0
2025-05-24 20:00:00,,,,,,,1529.0,1529.0,,,0.0,,,0.0
2025-05-24 21:00:00,,,,,,,1529.0,1529.0,,,0.0,,,0.0
2025-05-24 22:00:00,,,,,,,1533.0,1533.0,,,0.0,,,0.0
2025-05-24 23:00:00,,,,,,,1533.0,1533.0,,,0.0,,,0.0
2025-05-25 00:00:00,,,,,,,1529.0,1529.0,,,0.0,,,0.0
2025-05-25 01:00:00,,,,,,,1533.0,1533.0,,,0.0,,,0.0
2025-05-25 02:00:00,,,,,,,1533.0,1533.0,,,0.0,,,0.0
2025-05-25 03:00:00,,,,,,,1273.0,1273.0,,,0.0,,,0.0
2025-05-25 04:00:00,,,,,,,1533.0,1533.0,,,0.0,,,0.0
2025-05-25 05:00:00,,,,,,,1529.0,1529.0,,,0.0,,,0.0
2025-05-25 06:00:00,,,,,,,1533.0,1533.0,,,0.0,,,0.0
2025-05-25 07:00:00,,,,,,,509.0,509.0,,,0.0,,,0.0
2025-05-25 08:00:00,,,,,,,509.0,509.0,,,0.0,,,0.0
2025-05-25 09:00:00,,,,,,,509.0,509.0,,,0.0,,,0.0
2025-05-25 10:00:00,,,,,,,509.0,509.0,,,0.0,,,0.0
2025-05-25 11:00:00,,,,,,,509.0,509.0,,,0.0,,,0.0
2025-05-25 12:00:00,,,,,,,509.0,509.0,,,0.0,,,0.0
2025-05-25 13:00:00,,,,,,,509.0,509.0,,,0.0,,,0.0
2025-05-25 14:00:00,,,,,,,509.0,509.0,,,0.0,,,0.0
2025-05-25 15:00:00,,,,,,,509.0,509.0,2.335,0.0,1.0,-0.036799997,0.0,1.0
2025-05-25 16:00:00,,,,,,,509.0,509.0,,,0.0,,,0.0
2025-05-25 17:00:00,,,,,,,1533.0,1533.0,,,0.0,,,0.0
2025-05-25 18:00:00,,,,,,,1533.0,1533.0,,,0.0,,,0.0
2025-05-25 19:00:00,,,,,,,1273.0,1273.0,,,0.0,,,0.0
2025-05-25 20:00:00,,,,,,,1273.0,1273.0,,,0.0,,,0.0
2025-05-25 21:00:00,,,,,,,1529.0,1529.0,,,0.0,,,0.0
2025-05-25 22:00:00,,,,,,,1529.0,1529.0,,,0.0,,,0.0
2025-05-25 23:00:00,,,,,,,1533.0,1533.0,,,0.0,,,0.0
2025-05-26 00:00:00,,,,,,,1529.0,1529.0,,,0.0,,,0.0
2025-05-26 01:00:00,,,,,,,1529.0,1529.0,,,0.0,,,0.0
2025-05-26 02:00:00,,,,,,,1533.0,1533.0,,,0.0,,,0.0
2025-05-26 03:00:00,,,,,,,1273.0,1273.0,,,0.0,,,0.0
2025-05-26 04:00:00,,,,,,,1533.0,1533.0,,,0.0,,,0.0
2025-05-26 05:00:00,,,,,,,1529.0,1529.0,,,0.0,,,0.0
2025-05-26 06:00:00,,,,,,,1533.0,1533.0,,,0.0,,,0.0
2025-05-26 07:00:00,,,,,,,509.0,509.0,,,0.0,,,0.0
2025-05-26 08:00:00,,,,,,,509.0,509.0,,,0.0,,,0.0
2025-05-26 09:00:00,,,,,,,509.0,509.0,,,0.0,,,0.0
2025-05-26 10:00:00,,,,,,,509.0,509.0,,,0.0,,,0.0
2025-05-26 11:00:00,,,,,,,509.0,509.0,,,0.0,,,0.0
2025-05-26 12:00:00,,,,,,,509.0,509.0,,,0.0,,,0.0
2025-05-26 13:00:00,,,,,,,509.0,509.0,,,0.0,,,0.0
2025-05-26 14:00:00,,,,,,,509.0,509.0,,,0.0,,,0.0
2025-05-26 15:00:00,,,,,,,509.0,509.0,,,0.0,,,0.0
2025-05-26 16:00:00,,,,,,,509.0,509.0,,,0.0,,,0.0
2025-05-26 17:00:00,,,,,,,1533.0,1533.0,,,0.0,,,0.0
2025-05-26 18:00:00,,,,,,,1533.0,1533.0,,,0.0,,,0.0
2025-05-26 19:00:00,,,,,,,1273.0,1273.0,,,0.0,,,0.0
2025-05-26 20:00:00,,,,,,,1273.0,1273.0,,,0.0,,,0.0
2025-05-26 21:00:00,,,,,,,1533.0,1533.0,,,0.0,,,0.0
2025-05-26 22:00:00,,,,,,,1529.0,1529.0,,,0.0,,,0.0
2025-05-26 23:00:00,,,,,,,1533.0,1533.0,,,0.0,,,0.0
2025-05-27 00:00:00,,,,,,,1529.0,1529.0,,,0.0,,,0.0
2025-05-27 01:00:00,,,,,,,1533.0,1533.0,,,0.0,,,0.0
2025-05-27 02:00:00,,,,,,,1533.0,1533.0,,,0.0,,,0.0
2025-05-27 03:00:00,,,,,,,1529.0,1529.0,,,0.0,,,0.0
2025-05-27 04:00:00,,,,,,,1533.0,1533.0,,,0.0,,,0.0
2025-05-27 05:00:00,,,,,,,1533.0,1533.0,,,0.0,,,0.0
2025-05-27 06:00:00,,,,,,,1533.0,1533.0,,,0.0,,,0.0
2025-05-27 07:00:00,,,,,,,509.0,509.0,,,0.0,,,0.0
2025-05-27 08:00:00,,,,,,,509.0,509.0,,,0.0,,,0.0
2025-05-27 09:00:00,,,,,,,509.0,509.0,,,0.0,,,0.0
2025-05-27 10:00:00,,,,,,,509.0,509.0,,,0.0,,,0.0
2025-05-27 11:00:00,,,,,,,509.0,509.0,,,0.0,,,0.0
2025-05-27 12:00:00,,,,,,,509.0,509.0,,,0.0,,,0.0
2025-05-27 13:00:00,,,,,,,509.0,509.0,,,0.0,,,0.0
2025-05-27 14:00:00,,,,,,,509.0,509.0,,,0.0,,,0.0
2025-05-27 15:00:00,,,,,,,509.0,509.0,,,0.0,,,0.0
2025-05-27 16:00:00,,,,,,,509.0,509.0,,,0.0,,,0.0
2025-05-27 17:00:00,,,,,,,1533.0,1533.0,,,0.0,,,0.0
2025-05-27 18:00:00,,,,,,,1533.0,1533.0,,,0.0,,,0.0
2025-05-27 19:00:00,,,,,,,1533.0,1533.0,,,0.0,,,0.0
2025-05-27 20:00:00,,,,,,,1533.0,1533.0,,,0.0,,,0.0
2025-05-27 21:00:00,,,,,,,1533.0,1533.0,,,0.0,,,0.0
2025-05-27 22:00:00,,,,,,,1533.0,1533.0,,,0.0,,,0.0
2025-05-27 23:00:00,,,,,,,1533.0,1533.0,,,0.0,,,0.0
2025-05-28 00:00:00,,,,,,,1533.0,1533.0,,,0.0,,,0.0
2025-05-28 01:00:00,,,,,,,1533.0,1533.0,,,0.0,,,0.0
2025-05-28 02:00:00,,,,,,,1533.0,1533.0,,,0.0,,,0.0
2025-05-28 03:00:00,,,,,,,1533.0,1533.0,,,0.0,,,0.0
2025-05-28 04:00:00,,,,,,,1533.0,1533.0,,,0.0,,,0.0
2025-05-28 05:00:00,,,,,,,1533.0,1533.0,,,0.0,,,0.0
2025-05-28 06:00:00,,,,,,,1533.0,1533.0,,,0.0,,,0.0
2025-05-28 07:00:00,,,,,,,509.0,509.0,,,0.0,,,0.0
2025-05-28 08:00:00,,,,,,,509.0,509.0,,,0.0,,,0.0
2025-05-28 09:00:00,,,,,,,509.0,509.0,,,0.0,,,0.0
2025-05-28 10:00:00,,,,,,,509.0,509.0,,,0.0,,,0.0
2025-05-28 11:00:00,,,,,,,509.0,509.0,,,0.0,,,0.0
2025-05-28 12:00:00,,,,,,,509.0,509.0,,,0.0,,,0.0
2025-05-28 13:00:00,,,,,,,509.0,509.0,,,0.0,,,0.0
2025-05-28 14:00:00,,,,,,,509.0,509.0,,,0.0,,,0.0
2025-05-28 15:00:00,,,,,,,509.0,509.0,,,0.0,,,0.0
2025-05-28 16:00:00,,,,,,,509.0,509.0,,,0.0,,,0.0
2025-05-28 17:00:00,,,,,,,1529.0,1529.0,0.3436,0.0,1.0,1.0927999,0.0,1.0
2025-05-28 18:00:00,,,,,,,1533.0,1533.0,,,0.0,,,0.0
2025-05-28 19:00:00,,,,,,,1533.0,1533.0,,,0.0,,,0.0
2025-05-28 20:00:00,,,,,,,1533.0,1533.0,,,0.0,,,0.0
2025-05-28 21:00:00,,,,,,,1273.0,1273.0,,,0.0,,,0.0
2025-05-28 22:00:00,,,,,,,1529.0,1529.0,,,0.0,,,0.0
2025-05-28 23:00:00,,,,,,,1273.0,1273.0,,,0.0,,,0.0
2025-05-29 00:00:00,,,,,,,1533.0,1533.0,,,0.0,,,0.0
2025-05-29 01:00:00,,,,,,,1533.0,1533.0,,,0.0,,,0.0
2025-05-29 02:00:00,,,,,,,1529.0,1529.0,,,0.0,,,0.0
2025-05-29 03:00:00,,,,,,,1533.0,1533.0,,,0.0,,,0.0
2025-05-29 04:00:00,,,,,,,1533.0,1533.0,,,0.0,,,0.0
2025-05-29 05:00:00,,,,,,,1533.0,1533.0,,,0.0,,,0.0
2025-05-29 06:00:00,,,,,,,1533.0,1533.0,,,0.0,,,0.0
2025-05-29 07:00:00,,,,,,,509.0,509.0,,,0.0,,,0.0
2025-05-29 08:00:00,,,,,,,509.0,509.0,,,0.0,,,0.0
2025-05-29 09:00:00,,,,,,,509.0,509.0,,,0.0,,,0.0
2025-05-29 10:00:00,,,,,,,509.0,509.0,,,0.0,,,0.0
2025-05-29 11:00:00,,,,,,,509.0,509.0,,,0.0,,,0.0
2025-05-29 12:00:00,,,,,,,509.0,509.0,,,0.0,,,0.0
2025-05-29 13:00:00,,,,,,,509.0,509.0,,,0.0,,,0.0
2025-05-29 14:00:00,,,,,,,509.0,509.0,,,0.0,,,0.0
2025-05-29 15:00:00,,,,,,,509.0,509.0,,,0.0,,,0.0
2025-05-29 16:00:00,,,,,,,509.0,509.0,,,0.0,,,0.0
2025-05-29 17:00:00,,,,,,,1533.0,1533.0,,,0.0,,,0.0
2025-05-29 18:00:00,,,,,,,1533.0,1533.0,,,0.0,,,0.0
2025-05-29 19:00:00,,,,,,,1533.0,1533.0,,,0.0,,,0.0
2025-05-29 20:00:00,,,,,,,1533.0,1533.0,,,0.0,,,0.0
2025-05-29 21:00:00,,,,,,,1533.0,1533.0,,,0.0,,,0.0
2025-05-29 22:00:00,,,,,,,1533.0,1533.0,,,0.0,,,0.0
2025-05-29 23:00:00,,,,,,,1529.0,1529.0,,,0.0,,,0.0
2025-05-30 00:00:00,,,,,,,1529.0,1529.0,,,0.0,,,0.0
2025-05-30 01:00:00,,,,,,,1533.0,1533.0,,,0.0,,,0.0
2025-05-30 02:00:00,,,,,,,1529.0,1529.0,,,0.0,,,0.0
2025-05-30 03:00:00,,,,,,,1533.0,1533.0,,,0.0,,,0.0
2025-05-30 04:00:00,,,,,,,1533.0,1533.0,,,0.0,,,0.0
2025-05-30 05:00:00,,,,,,,1273.0,1273.0,,,0.0,,,0.0
2025-05-30 06:00:00,,,,,,,1533.0,1533.0,,,0.0,,,0.0
2025-05-30 07:00:00,,,,,,,509.0,509.0,,,0.0,,,0.0
2025-05-30 08:00:00,,,,,,,509.0,509.0,,,0.0,,,0.0
2025-05-30 09:00:00,,,,,,,509.0,509.0,,,0.0,,,0.0
2025-05-30 10:00:00,,,,,,,509.0,509.0,,,0.0,,,0.0
2025-05-30 11:00:00,,,,,,,509.0,509.0,,,0.0,,,0.0
2025-05-30 12:00:00,,,,,,,509.0,509.0,,,0.0,,,0.0
2025-05-30 13:00:00,,,,,,,509.0,509.0,,,0.0,,,0.0
2025-05-30 14:00:00,,,,,,,509.0,509.0,,,0.0,,,0.0
2025-05-30 15:00:00,,,,,,,509.0,509.0,,,0.0,,,0.0
2025-05-30 16:00:00,,,,,,,509.0,509.0,,,0.0,,,0.0
2025-05-30 17:00:00,,,,,,,1533.0,1533.0,,,0.0,,,0.0
2025-05-30 18:00:00,,,,,,,1533.0,1533.0,,,0.0,,,0.0
2025-05-30 19:00:00,,,,,,,1273.0,1273.0,,,0.0,,,0.0
2025-05-30 20:00:00,,,,,,,1529.0,1529.0,,,0.0,,,0.0
2025-05-30 21:00:00,,,,,,,1273.0,1273.0,,,0.0,,,0.0
2025-05-30 22:00:00,,,,,,,1273.0,1273.0,,,0.0,,,0.0
2025-05-30 23:00:00,,,,,,,1273.0,1273.0,,,0.0,,,0.0
2025-05-31 00:00:00,,,,,,,1273.0,1273.0,,,0.0,,,0.0
2025-05-31 01:00:00,,,,,,,1529.0,1529.0,,,0.0,,,0.0
2025-05-31 02:00:00,,,,,,,1533.0,1533.0,,,0.0,,,0.0
2025-05-31 03:00:00,,,,,,,1529.0,1529.0,,,0.0,,,0.0
2025-05-31 04:00:00,,,,,,,1529.0,1529.0,,,0.0,,,0.0
2025-05-31 05:00:00,,,,,,,1273.0,1273.0,,,0.0,,,0.0
2025-05-31 06:00:00,,,,,,,1533.0,1533.0,,,0.0,,,0.0
2025-05-31 07:00:00,,,,,,,509.0,509.0,,,0.0,,,0.0
2025-05-31 08:00:00,,,,,,,509.0,509.0,,,0.0,,,0.0
2025-05-31 09:00:00,,,,,,,509.0,509.0,,,0.0,,,0.0
2025-05-31 10:00:00,,,,,,,509.0,509.0,,,0.0,,,0.0
2025-05-31 11:00:00,,,,,,,509.0,509.0,,,0.0,,,0.0
2025-05-31 12:00:00,,,,,,,509.0,509.0,,,0.0,,,0.0
2025-05-31 13:00:00,,,,,,,509.0,509.0,,,0.0,,,0.0
2025-05-31 14:00:00,,,,,,,509.0,509.0,,,0.0,,,0.0
2025-05-31 15:00:00,,,,,,,509.0,509.0,,,0.0,,,0.0
2025-05-31 16:00:00,,,,,,,509.0,509.0,,,0.0,,,0.0
2025-05-31 17:00:00,,,,,,,1533.0,1533.0,,,0.0,,,0.0
2025-05-31 18:00:00,,,,,,,1533.0,1533.0,,,0.0,,,0.0
2025-05-31 19:00:00,,,,,,,1273.0,1273.0,,,0.0,,,0.0
2025-05-31 20:00:00,,,,,,,1529.0,1529.0,,,0.0,,,0.0
2025-05-31 21:00:00,,,,,,,1533.0,1533.0,,,0.0,,,0.0
2025-05-31 22:00:00,,,,,,,1533.0,1533.0,,,0.0,,,0.0
2025-05-31 23:00:00,,,,,,,1533.0,1533.0,,,0.0,,,0.0
2025-06-01 00:00:00,,,,,,,1529.0,1529.0,,,0.0,,,0.0
2025-06-01 01:00:00,,,,,,,1529.0,1529.0,,,0.0,,,0.0
2025-06-01 02:00:00,,,,,,,1533.0,1533.0,,,0.0,,,0.0
2025-06-01 03:00:00,,,,,,,1533.0,1533.0,,,0.0,,,0.0
2025-06-01 04:00:00,,,,,,,1533.0,1533.0,,,0.0,,,0.0
2025-06-01 05:00:00,,,,,,,1533.0,1533.0,,,0.0,,,0.0
2025-06-01 06:00:00,,,,,,,1533.0,1533.0,,,0.0,,,0.0
2025-06-01 07:00:00,,,,,,,509.0,509.0,,,0.0,,,0.0
2025-06-01 08:00:00,,,,,,,2553.0,2552.0,0.1286,0.0186,2.0,1.0591999,0.011900008,2.0
2025-06-01 09:00:00,,,,,,,509.0,509.0,,,0.0,,,0.0
2025-06-01 10:00:00,,,,,,,509.0,509.0,,,0.0,,,0.0
2025-06-01 11:00:00,,,,,,,509.0,509.0,0.2244,0.0,1.0,1.0733999,0.0,1.0
2025-06-01 12:00:00,,,,,,,249.0,248.0,0.1366,0.047799997,5.0,1.0859,0.022399962,5.0
2025-06-01 13:00:00,,,,,,,505.0,505.0,0.1512,0.0144,2.0,1.0419999,0.022000015,2.0
2025-06-01 14:00:00,,,,,,,509.0,509.0,,,0.0,,,0.0
2025-06-01 15:00:00,,,,,,,509.0,509.0,,,0.0,,,0.0
2025-06-01 16:00:00,,,,,,,509.0,509.0,,,0.0,,,0.0
2025-06-01 17:00:00,,,,,,,1529.0,1529.0,0.074,0.0,1.0,1.0526999,0.0,1.0
2025-06-01 18:00:00,,,,,,,1533.0,1533.0,,,0.0,,,0.0
2025-06-01 19:00:00,,,,,,,1533.0,1533.0,,,0.0,,,0.0
2025-06-01 20:00:00,,,,,,,1533.0,1533.0,,,0.0,,,0.0
2025-06-01 21:00:00,,,,,,,1529.0,1529.0,,,0.0,,,0.0
2025-06-01 22:00:00,,,,,,,1533.0,1533.0,,,0.0,,,0.0
2025-06-01 23:00:00,,,,,,,1533.0,1533.0,,,0.0,,,0.0
2025-06-02 00:00:00,,,,,,,1533.0,1533.0,,,0.0,,,0.0
2025-06-02 01:00:00,,,,,,,1533.0,1533.0,,,0.0,,,0.0
2025-06-02 02:00:00,,,,,,,1273.0,1273.0,,,0.0,,,0.0
2025-06-02 03:00:00,,,,,,,1273.0,1273.0,,,0.0,,,0.0
2025-06-02 04:00:00,,,,,,,1273.0,1273.0,,,0.0,,,0.0
2025-06-02 05:00:00,,,,,,,1533.0,1533.0,,,0.0,,,0.0
2025-06-02 06:00:00,,,,,,,1533.0,1533.0,,,0.0,,,0.0
2025-06-02 07:00:00,,,,,,,509.0,509.0,,,0.0,,,0.0
2025-06-02 08:00:00,,,,,,,505.0,504.0,0.394,0.0502,5.0,0.9977,0.018299997,5.0
2025-06-02 09:00:00,,,,,,,2297.0,2296.0,0.1988,0.068399996,4.0,1.0259,0.0033000112,4.0
2025-06-02 10:00:00,,,,,,,509.0,509.0,0.1178,0.0,1.0,1.0208,0.0,1.0
2025-06-02 11:00:00,,,,,,,509.0,509.0,0.29279998,0.019399999,2.0,1.0091,0.0016999841,2.0
2025-06-02 12:00:00,,,,,,,505.0,505.0,0.2356,0.0716,3.0,1.0139999,0.0026000142,3.0
2025-06-02 13:00:00,,,,,,,509.0,509.0,,,0.0,,,0.0
2025-06-02 14:00:00,,,,,,,509.0,509.0,,,0.0,,,0.0
2025-06-02 15:00:00,,,,,,,509.0,509.0,,,0.0,,,0.0
2025-06-02 16:00:00,,,,,,,509.0,509.0,,,0.0,,,0.0
2025-06-02 17:00:00,,,,,,,1533.0,1533.0,,,0.0,,,0.0
2025-06-02 18:00:00,,,,,,,1533.0,1533.0,,,0.0,,,0.0
2025-06-02 19:00:00,,,,,,,1529.0,1529.0,,,0.0,,,0.0
2025-06-02 20:00:00,,,,,,,1529.0,1529.0,,,0.0,,,0.0
2025-06-02 21:00:00,,,,,,,1529.0,1529.0,,,0.0,,,0.0
2025-06-02 22:00:00,,,,,,,1533.0,1533.0,,,0.0,,,0.0
2025-06-02 23:00:00,,,,,,,1529.0,1529.0,,,0.0,,,0.0
2025-06-03 00:00:00,,,,,,,1533.0,1533.0,,,0.0,,,0.0
2025-06-03 01:00:00,,,,,,,1533.0,1533.0,,,0.0,,,0.0
2025-06-03 02:00:00,,,,,,,1529.0,1529.0,,,0.0,,,0.0
2025-06-03 03:00:00,,,,,,,1533.0,1533.0,,,0.0,,,0.0
2025-06-03 04:00:00,,,,,,,1533.0,1533.0,,,0.0,,,0.0
2025-06-03 05:00:00,,,,,,,1533.0,1533.0,,,0.0,,,0.0
2025-06-03 06:00:00,,,,,,,1533.0,1533.0,,,0.0,,,0.0
2025-06-03 07:00:00,,,,,,,509.0,509.0,,,0.0,,,0.0
2025-06-03 08:00:00,,,,,,,509.0,509.0,,,0.0,,,0.0
2025-06-03 09:00:00,,,,,,,509.0,509.0,,,0.0,,,0.0
2025-06-03 10:00:00,,,,,,,509.0,509.0,,,0.0,,,0.0
2025-06-03 11:00:00,,,,,,,509.0,509.0,,,0.0,,,0.0
2025-06-03 12:00:00,,,,,,,509.0,509.0,,,0.0,,,0.0
2025-06-03 13:00:00,,,,,,,509.0,509.0,,,0.0,,,0.0
2025-06-03 14:00:00,,,,,,,505.0,505.0,,,0.0,,,0.0
2025-06-03 15:00:00,,,,,,,509.0,509.0,,,0.0,,,0.0
2025-06-03 16:00:00,,,,,,,509.0,509.0,,,0.0,,,0.0
2025-06-03 17:00:00,,,,,,,1533.0,1533.0,,,0.0,,,0.0
2025-06-03 18:00:00,,,,,,,1533.0,1533.0,,,0.0,,,0.0
2025-06-03 19:00:00,,,,,,,1533.0,1533.0,,,0.0,,,0.0
2025-06-03 20:00:00,,,,,,,1533.0,1533.0,,,0.0,,,0.0
2025-06-03 21:00:00,,,,,,,1529.0,1529.0,,,0.0,,,0.0
2025-06-03 22:00:00,,,,,,,1533.0,1533.0,,,0.0,,,0.0
2025-06-03 23:00:00,,,,,,,1533.0,1533.0,,,0.0,,,0.0
2025-06-04 00:00:00,,,,,,,1533.0,1533.0,,,0.0,,,0.0
2025-06-04 01:00:00,,,,,,,1533.0,1533.0,,,0.0,,,0.0
2025-06-04 02:00:00,,,,,,,1529.0,1529.0,,,0.0,,,0.0
2025-06-04 03:00:00,,,,,,,1533.0,1533.0,,,0.0,,,0.0
2025-06-04 04:00:00,,,,,,,1533.0,1533.0,,,0.0,,,0.0
2025-06-04 05:00:00,,,,,,,1533.0,1533.0,,,0.0,,,0.0
2025-06-04 06:00:00,,,,,,,1533.0,1533.0,,,0.0,,,0.0
2025-06-04 07:00:00,,,,,,,509.0,509.0,,,0.0,,,0.0
2025-06-04 08:00:00,,,,,,,509.0,509.0,,,0.0,,,0.0
2025-06-04 09:00:00,,,,,,,509.0,509.0,,,0.0,,,0.0
2025-06-04 10:00:00,,,,,,,509.0,509.0,,,0.0,,,0.0
2025-06-04 11:00:00,,,,,,,509.0,509.0,,,0.0,,,0.0
2025-06-04 12:00:00,,,,,,,509.0,509.0,,,0.0,,,0.0
2025-06-04 13:00:00,,,,,,,509.0,509.0,,,0.0,,,0.0
2025-06-04 14:00:00,,,,,,,509.0,509.0,0.9054,0.0,1.0,0.8815,0.0,1.0
2025-06-04 15:00:00,,,,,,,509.0,509.0,0.9884,0.0,1.0,0.62590003,0.0,1.0
2025-06-04 16:00:00,,,,,,,509.0,509.0,,,0.0,,,0.0
2025-06-04 17:00:00,,,,,,,1533.0,1533.0,,,0.0,,,0.0
2025-06-04 18:00:00,,,,,,,1533.0,1533.0,,,0.0,,,0.0
2025-06-04 19:00:00,,,,,,,1533.0,1533.0,,,0.0,,,0.0
2025-06-04 20:00:00,,,,,,,1533.0,1533.0,,,0.0,,,0.0
2025-06-04 21:00:00,,,,,,,1533.0,1533.0,,,0.0,,,0.0
2025-06-04 22:00:00,,,,,,,1533.0,1533.0,,,0.0,,,0.0
2025-06-04 23:00:00,,,,,,,1529.0,1529.0,,,0.0,,,0.0
2025-06-05 00:00:00,,,,,,,1533.0,1533.0,,,0.0,,,0.0
2025-06-05 01:00:00,,,,,,,1529.0,1529.0,,,0.0,,,0.0
2025-06-05 02:00:00,,,,,,,1533.0,1533.0,,,0.0,,,0.0
2025-06-05 03:00:00,,,,,,,1529.0,1529.0,,,0.0,,,0.0
2025-06-05 04:00:00,,,,,,,1533.0,1533.0,,,0.0,,,0.0
2025-06-05 05:00:00,,,,,,,1529.0,1529.0,,,0.0,,,0.0
2025-06-05 06:00:00,,,,,,,1533.0,1533.0,,,0.0,,,0.0
2025-06-05 07:00:00,,,,,,,509.0,509.0,,,0.0,,,0.0
2025-06-05 08:00:00,,,,,,,509.0,509.0,,,0.0,,,0.0
2025-06-05 09:00:00,,,,,,,509.0,509.0,,,0.0,,,0.0
2025-06-05 10:00:00,,,,,,,509.0,509.0,,,0.0,,,0.0
2025-06-05 11:00:00,,,,,,,509.0,509.0,,,0.0,,,0.0
2025-06-05 12:00:00,,,,,,,509.0,509.0,,,0.0,,,0.0
2025-06-05 13:00:00,,,,,,,509.0,509.0,,,0.0,,,0.0
2025-06-05 14:00:00,,,,,,,509.0,509.0,,,0.0,,,0.0
2025-06-05 15:00:00,,,,,,,509.0,509.0,,,0.0,,,0.0
2025-06-05 16:00:00,,,,,,,505.0,504.0,0.2978,0.0,1.0,1.0655999,0.0,1.0
2025-06-05 17:00:00,,,,,,,1533.0,1533.0,0.2926,0.0,1.0,1.0654,0.0,1.0
2025-06-05 18:00:00,,,,,,,1533.0,1533.0,,,0.0,,,0.0
2025-06-05 19:00:00,,,,,,,1533.0,1533.0,,,0.0,,,0.0
2025-06-05 20:00:00,,,,,,,1529.0,1529.0,,,0.0,,,0.0
2025-06-05 21:00:00,,,,,,,1529.0,1529.0,,,0.0,,,0.0
2025-06-05 22:00:00,,,,,,,1273.0,1273.0,,,0.0,,,0.0
2025-06-05 23:00:00,,,,,,,1533.0,1533.0,,,0.0,,,0.0
2025-06-06 00:00:00,,,,,,,1533.0,1533.0,,,0.0,,,0.0
2025-06-06 01:00:00,,,,,,,1533.0,1533.0,,,0.0,,,0.0
2025-06-06 02:00:00,,,,,,,1529.0,1529.0,,,0.0,,,0.0
2025-06-06 03:00:00,,,,,,,1273.0,1273.0,,,0.0,,,0.0
2025-06-06 04:00:00,,,,,,,1529.0,1529.0,,,0.0,,,0.0
2025-06-06 05:00:00,,,,,,,1529.0,1529.0,,,0.0,,,0.0
2025-06-06 06:00:00,,,,,,,1533.0,1533.0,,,0.0,,,0.0
2025-06-06 07:00:00,,,,,,,509.0,509.0,,,0.0,,,0.0
2025-06-06 08:00:00,,,,,,,509.0,509.0,,,0.0,,,0.0
2025-06-06 09:00:00,,,,,,,509.0,509.0,,,0.0,,,0.0
2025-06-06 10:00:00,,,,,,,509.0,509.0,,,0.0,,,0.0
2025-06-06 11:00:00,,,,,,,509.0,509.0,,,0.0,,,0.0
2025-06-06 12:00:00,,,,,,,509.0,509.0,,,0.0,,,0.0
2025-06-06 13:00:00,,,,,,,509.0,509.0,,,0.0,,,0.0
2025-06-06 14:00:00,,,,,,,509.0,509.0,,,0.0,,,0.0
2025-06-06 15:00:00,,,,,,,509.0,509.0,,,0.0,,,0.0
2025-06-06 16:00:00,,,,,,,509.0,509.0,,,0.0,,,0.0
2025-06-06 17:00:00,,,,,,,1533.0,1533.0,,,0.0,,,0.0
2025-06-06 18:00:00,,,,,,,1533.0,1533.0,,,0.0,,,0.0
2025-06-06 19:00:00,,,,,,,1533.0,1533.0,,,0.0,,,0.0
2025-06-06 20:00:00,,,,,,,1273.0,1273.0,,,0.0,,,0.0
2025-06-06 21:00:00,,,,,,,1529.0,1529.0,,,0.0,,,0.0
2025-06-06 22:00:00,,,,,,,1529.0,1529.0,,,0.0,,,0.0
2025-06-06 23:00:00,,,,,,,1529.0,1529.0,,,0.0,,,0.0
2025-06-07 00:00:00,,,,,,,1533.0,1533.0,,,0.0,,,0.0
2025-06-07 01:00:00,,,,,,,1273.0,1273.0,,,0.0,,,0.0
2025-06-07 02:00:00,,,,,,,1529.0,1529.0,,,0.0,,,0.0
2025-06-07 03:00:00,,,,,,,1533.0,1533.0,,,0.0,,,0.0
2025-06-07 04:00:00,,,,,,,1533.0,1533.0,,,0.0,,,0.0
2025-06-07 05:00:00,,,,,,,1533.0,1533.0,,,0.0,,,0.0
2025-06-07 06:00:00,,,,,,,1533.0,1533.0,,,0.0,,,0.0
2025-06-07 07:00:00,,,,,,,509.0,509.0,,,0.0,,,0.0
2025-06-07 08:00:00,,,,,,,509.0,509.0,,,0.0,,,0.0
2025-06-07 09:00:00,,,,,,,509.0,509.0,,,0.0,,,0.0
2025-06-07 10:00:00,,,,,,,509.0,509.0,,,0.0,,,0.0
2025-06-07 11:00:00,,,,,,,509.0,509.0,,,0.0,,,0.0
2025-06-07 12:00:00,,,,,,,509.0,509.0,,,0.0,,,0.0
2025-06-07 13:00:00,,,,,,,509.0,509.0,,,0.0,,,0.0
2025-06-07 14:00:00,,,,,,,509.0,509.0,,,0.0,,,0.0
2025-06-07 15:00:00,,,,,,,509.0,509.0,,,0.0,,,0.0
2025-06-07 16:00:00,,,,,,,509.0,509.0,,,0.0,,,0.0
2025-06-07 17:00:00,,,,,,,1533.0,1533.0,0.060399998,0.0,1.0,0.997,0.0,1.0
2025-06-07 18:00:00,,,,,,,1533.0,1533.0,,,0.0,,,0.0
2025-06-07 19:00:00,,,,,,,1533.0,1533.0,,,0.0,,,0.0
2025-06-07 20:00:00,,,,,,,1533.0,1533.0,,,0.0,,,0.0
2025-06-07 21:00:00,,,,,,,1273.0,1273.0,,,0.0,,,0.0
2025-06-07 22:00:00,,,,,,,1529.0,1529.0,,,0.0,,,0.0
2025-06-07 23:00:00,,,,,,,1529.0,1529.0,,,0.0,,,0.0
2025-06-08 00:00:00,,,,,,,1533.0,1533.0,,,0.0,,,0.0
2025-06-08 01:00:00,,,,,,,1533.0,1533.0,,,0.0,,,0.0
2025-06-08 02:00:00,,,,,,,1529.0,1529.0,,,0.0,,,0.0
2025-06-08 03:00:00,,,,,,,1529.0,1529.0,,,0.0,,,0.0
2025-06-08 04:00:00,,,,,,,1273.0,1273.0,,,0.0,,,0.0
2025-06-08 05:00:00,,,,,,,1273.0,1273.0,,,0.0,,,0.0
2025-06-08 06:00:00,,,,,,,1533.0,1533.0,,,0.0,,,0.0
2025-06-08 07:00:00,,,,,,,509.0,509.0,,,0.0,,,0.0
2025-06-08 08:00:00,,,,,,,509.0,509.0,,,0.0,,,0.0
2025-06-08 09:00:00,,,,,,,509.0,509.0,,,0.0,,,0.0
2025-06-08 10:00:00,,,,,,,509.0,509.0,,,0.0,,,0.0
2025-06-08 11:00:00,,,,,,,509.0,509.0,,,0.0,,,0.0
2025-06-08 12:00:00,,,,,,,509.0,509.0,,,0.0,,,0.0
2025-06-08 13:00:00,,,,,,,509.0,509.0,,,0.0,,,0.0
2025-06-08 14:00:00,,,,,,,509.0,509.0,,,0.0,,,0.0
2025-06-08 15:00:00,,,,,,,509.0,509.0,,,0.0,,,0.0
2025-06-08 16:00:00,,,,,,,509.0,509.0,,,0.0,,,0.0
2025-06-08 17:00:00,,,,,,,1533.0,1533.0,,,0.0,,,0.0
2025-06-08 18:00:00,,,,,,,1533.0,1533.0,,,0.0,,,0.0
2025-06-08 19:00:00,,,,,,,1533.0,1533.0,,,0.0,,,0.0
2025-06-08 20:00:00,,,,,,,1533.0,1533.0,,,0.0,,,0.0
2025-06-08 21:00:00,,,,,,,1529.0,1529.0,,,0.0,,,0.0
2025-06-08 22:00:00,,,,,,,1529.0,1529.0,,,0.0,,,0.0
2025-06-08 23:00:00,,,,,,,1533.0,1533.0,,,0.0,,,0.0
2025-06-09 00:00:00,,,,,,,1533.0,1533.0,,,0.0,,,0.0
2025-06-09 01:00:00,,,,,,,1533.0,1533.0,,,0.0,,,0.0
2025-06-09 02:00:00,,,,,,,1533.0,1533.0,,,0.0,,,0.0
2025-06-09 03:00:00,,,,,,,1529.0,1529.0,,,0.0,,,0.0
2025-06-09 04:00:00,,,,,,,1533.0,1533.0,,,0.0,,,0.0
2025-06-09 05:00:00,,,,,,,1533.0,1533.0,,,0.0,,,0.0
2025-06-09 06:00:00,,,,,,,1533.0,1533.0,,,0.0,,,0.0
2025-06-09 07:00:00,,,,,,,509.0,509.0,,,0.0,,,0.0
2025-06-09 08:00:00,,,,,,,509.0,509.0,,,0.0,,,0.0
2025-06-09 09:00:00,,,,,,,509.0,509.0,,,0.0,,,0.0
2025-06-09 10:00:00,,,,,,,509.0,509.0,,,0.0,,,0.0
2025-06-09 11:00:00,,,,,,,509.0,509.0,,,0.0,,,0.0
2025-06-09 12:00:00,,,,,,,509.0,509.0,,,0.0,,,0.0
2025-06-09 13:00:00,,,,,,,509.0,509.0,,,0.0,,,0.0
2025-06-09 14:00:00,,,,,,,509.0,509.0,,,0.0,,,0.0
2025-06-09 15:00:00,,,,,,,509.0,509.0,,,0.0,,,0.0
2025-06-09 16:00:00,,,,,,,509.0,509.0,,,0.0,,,0.0
2025-06-09 17:00:00,,,,,,,1533.0,1533.0,,,0.0,,,0.0
2025-06-09 18:00:00,,,,,,,1533.0,1533.0,,,0.0,,,0.0
2025-06-09 19:00:00,,,,,,,1529.0,1529.0,,,0.0,,,0.0
2025-06-09 20:00:00,,,,,,,1533.0,1533.0,,,0.0,,,0.0
2025-06-09 21:00:00,,,,,,,1529.0,1529.0,,,0.0,,,0.0
2025-06-09 22:00:00,,,,,,,1533.0,1533.0,,,0.0,,,0.0
2025-06-09 23:00:00,,,,,,,1529.0,1529.0,,,0.0,,,0.0
2025-06-10 00:00:00,,,,,,,1533.0,1533.0,,,0.0,,,0.0
2025-06-10 01:00:00,,,,,,,1533.0,1533.0,,,0.0,,,0.0
2025-06-10 02:00:00,,,,,,,1529.0,1529.0,,,0.0,,,0.0
2025-06-10 03:00:00,,,,,,,1529.0,1529.0,,,0.0,,,0.0
2025-06-10 04:00:00,,,,,,,1533.0,1533.0,,,0.0,,,0.0
2025-06-10 05:00:00,,,,,,,1533.0,1533.0,,,0.0,,,0.0
2025-06-10 06:00:00,,,,,,,1533.0,1533.0,,,0.0,,,0.0
2025-06-10 07:00:00,,,,,,,509.0,509.0,,,0.0,,,0.0
2025-06-10 08:00:00,,,,,,,509.0,509.0,,,0.0,,,0.0
2025-06-10 09:00:00,,,,,,,509.0,509.0,,,0.0,,,0.0
2025-06-10 10:00:00,,,,,,,509.0,509.0,,,0.0,,,0.0
2025-06-10 11:00:00,,,,,,,509.0,509.0,,,0.0,,,0.0
2025-06-10 12:00:00,,,,,,,509.0,509.0,,,0.0,,,0.0
2025-06-10 13:00:00,,,,,,,509.0,509.0,,,0.0,,,0.0
2025-06-10 14:00:00,,,,,,,509.0,509.0,,,0.0,,,0.0
2025-06-10 15:00:00,,,,,,,509.0,509.0,,,0.0,,,0.0
2025-06-10 16:00:00,,,,,,,509.0,509.0,,,0.0,,,0.0
2025-06-10 17:00:00,,,,,,,1533.0,1533.0,,,0.0,,,0.0
2025-06-10 18:00:00,,,,,,,1533.0,1533.0,,,0.0,,,0.0
2025-06-10 19:00:00,,,,,,,1533.0,1533.0,,,0.0,,,0.0
2025-06-10 20:00:00,,,,,,,1533.0,1533.0,,,0.0,,,0.0
2025-06-10 21:00:00,,,,,,,1533.0,1533.0,,,0.0,,,0.0
2025-06-10 22:00:00,,,,,,,1529.0,1529.0,,,0.0,,,0.0
2025-06-10 23:00:00,,,,,,,1533.0,1533.0,,,0.0,,,0.0
2025-06-11 00:00:00,,,,,,,1533.0,1533.0,,,0.0,,,0.0
2025-06-11 01:00:00,,,,,,,1529.0,1529.0,,,0.0,,,0.0
2025-06-11 02:00:00,,,,,,,1533.0,1533.0,,,0.0,,,0.0
2025-06-11 03:00:00,,,,,,,1533.0,1533.0,,,0.0,,,0.0
2025-06-11 04:00:00,,,,,,,1529.0,1529.0,,,0.0,,,0.0
2025-06-11 05:00:00,,,,,,,1529.0,1529.0,,,0.0,,,0.0
2025-06-11 06:00:00,,,,,,,1533.0,1533.0,,,0.0,,,0.0
2025-06-11 07:00:00,,,,,,,509.0,509.0,,,0.0,,,0.0
2025-06-11 08:00:00,,,,,,,509.0,509.0,,,0.0,,,0.0
2025-06-11 09:00:00,,,,,,,509.0,509.0,,,0.0,,,0.0
2025-06-11 10:00:00,,,,,,,509.0,509.0,,,0.0,,,0.0
2025-06-11 11:00:00,,,,,,,505.0,504.0,0.4402,0.0,1.0,0.9704,0.0,1.0
2025-06-11 12:00:00,,,,,,,2297.0,2296.0,0.6468,0.3346,3.0,0.8583,0.22850001,3.0
2025-06-11 13:00:00,,,,,,,505.0,504.0,0.6408,0.1532,6.0,1.0022999,0.04699999,6.0
2025-06-11 14:00:00,,,,,,,505.0,504.0,0.7928,0.1292,5.0,0.8993,0.19409996,5.0
2025-06-11 15:00:00,,,,,,,505.0,505.0,1.0217999,0.1356,3.0,0.47419995,0.10409999,3.0
2025-06-11 16:00:00,,,,,,,509.0,509.0,,,0.0,,,0.0
2025-06-11 17:00:00,,,,,,,1533.0,1533.0,,,0.0,,,0.0
2025-06-11 18:00:00,,,,,,,1533.0,1533.0,,,0.0,,,0.0
2025-06-11 19:00:00,,,,,,,1529.0,1529.0,,,0.0,,,0.0
2025-06-11 20:00:00,,,,,,,1533.0,1533.0,,,0.0,,,0.0
2025-06-11 21:00:00,,,,,,,1533.0,1533.0,,,0.0,,,0.0
2025-06-11 22:00:00,,,,,,,1533.0,1533.0,,,0.0,,,0.0
2025-06-11 23:00:00,,,,,,,1533.0,1533.0,,,0.0,,,0.0
2025-06-12 00:00:00,,,,,,,1533.0,1533.0,,,0.0,,,0.0
2025-06-12 01:00:00,,,,,,,1529.0,1529.0,,,0.0,,,0.0
2025-06-12 02:00:00,,,,,,,1529.0,1529.0,,,0.0,,,0.0
2025-06-12 03:00:00,,,,,,,1533.0,1533.0,,,0.0,,,0.0
2025-06-12 04:00:00,,,,,,,1529.0,1529.0,,,0.0,,,0.0
2025-06-12 05:00:00,,,,,,,1533.0,1533.0,,,0.0,,,0.0
2025-06-12 06:00:00,,,,,,,1533.0,1533.0,,,0.0,,,0.0
2025-06-12 07:00:00,,,,,,,509.0,509.0,,,0.0,,,0.0
2025-06-12 08:00:00,,,,,,,509.0,509.0,,,0.0,,,0.0
2025-06-12 09:00:00,,,,,,,509.0,509.0,,,0.0,,,0.0
2025-06-12 10:00:00,,,,,,,509.0,509.0,,,0.0,,,0.0
2025-06-12 11:00:00,,,,,,,509.0,509.0,,,0.0,,,0.0
2025-06-12 12:00:00,,,,,,,509.0,509.0,,,0.0,,,0.0
2025-06-12 13:00:00,,,,,,,509.0,509.0,,,0.0,,,0.0
2025-06-12 14:00:00,,,,,,,509.0,509.0,,,0.0,,,0.0
2025-06-12 15:00:00,,,,,,,509.0,509.0,,,0.0,,,0.0
2025-06-12 16:00:00,,,,,,,509.0,509.0,,,0.0,,,0.0
2025-06-12 17:00:00,,,,,,,1533.0,1533.0,,,0.0,,,0.0
2025-06-12 18:00:00,,,,,,,1533.0,1533.0,,,0.0,,,0.0
2025-06-12 19:00:00,,,,,,,1533.0,1533.0,,,0.0,,,0.0
2025-06-12 20:00:00,,,,,,,1533.0,1533.0,,,0.0,,,0.0
2025-06-12 21:00:00,,,,,,,1529.0,1529.0,,,0.0,,,0.0
2025-06-12 22:00:00,,,,,,,1529.0,1529.0,,,0.0,,,0.0
2025-06-12 23:00:00,,,,,,,1533.0,1533.0,,,0.0,,,0.0
2025-06-13 00:00:00,,,,,,,1533.0,1533.0,,,0.0,,,0.0
2025-06-13 01:00:00,,,,,,,1533.0,1533.0,,,0.0,,,0.0
2025-06-13 02:00:00,,,,,,,1533.0,1533.0,,,0.0,,,0.0
2025-06-13 03:00:00,,,,,,,1533.0,1533.0,,,0.0,,,0.0
2025-06-13 04:00:00,,,,,,,1533.0,1533.0,,,0.0,,,0.0
2025-06-13 05:00:00,,,,,,,1529.0,1529.0,,,0.0,,,0.0
2025-06-13 06:00:00,,,,,,,1533.0,1533.0,,,0.0,,,0.0
2025-06-13 07:00:00,,,,,,,509.0,509.0,,,0.0,,,0.0
2025-06-13 08:00:00,,,,,,,509.0,509.0,,,0.0,,,0.0
2025-06-13 09:00:00,,,,,,,509.0,509.0,,,0.0,,,0.0
2025-06-13 10:00:00,,,,,,,509.0,509.0,,,0.0,,,0.0
2025-06-13 11:00:00,,,,,,,509.0,509.0,,,0.0,,,0.0
2025-06-13 12:00:00,,,,,,,509.0,509.0,,,0.0,,,0.0
2025-06-13 13:00:00,,,,,,,509.0,509.0,,,0.0,,,0.0
2025-06-13 14:00:00,,,,,,,509.0,509.0,,,0.0,,,0.0
2025-06-13 15:00:00,,,,,,,509.0,509.0,,,0.0,,,0.0
2025-06-13 16:00:00,,,,,,,509.0,509.0,,,0.0,,,0.0
2025-06-13 17:00:00,,,,,,,1533.0,1533.0,,,0.0,,,0.0
2025-06-13 18:00:00,,,,,,,1533.0,1533.0,,,0.0,,,0.0
2025-06-13 19:00:00,,,,,,,1533.0,1533.0,,,0.0,,,0.0
2025-06-13 20:00:00,,,,,,,1533.0,1533.0,,,0.0,,,0.0
2025-06-13 21:00:00,,,,,,,1533.0,1533.0,,,0.0,,,0.0
2025-06-13 22:00:00,,,,,,,1529.0,1529.0,,,0.0,,,0.0
2025-06-13 23:00:00,,,,,,,1533.0,1533.0,,,0.0,,,0.0
2025-06-14 00:00:00,,,,,,,1533.0,1533.0,,,0.0,,,0.0
2025-06-14 01:00:00,,,,,,,1529.0,1529.0,,,0.0,,,0.0
2025-06-14 02:00:00,,,,,,,1533.0,1533.0,,,0.0,,,0.0
2025-06-14 03:00:00,,,,,,,1533.0,1533.0,,,0.0,,,0.0
2025-06-14 04:00:00,,,,,,,1273.0,1273.0,,,0.0,,,0.0
2025-06-14 05:00:00,,,,,,,1533.0,1533.0,,,0.0,,,0.0
2025-06-14 06:00:00,,,,,,,1533.0,1533.0,,,0.0,,,0.0
2025-06-14 07:00:00,,,,,,,509.0,509.0,,,0.0,,,0.0
2025-06-14 08:00:00,,,,,,,509.0,509.0,,,0.0,,,0.0
2025-06-14 09:00:00,,,,,,,509.0,509.0,,,0.0,,,0.0
2025-06-14 10:00:00,,,,,,,505.0,504.0,0.5428,0.0,1.0,1.0662,0.0,1.0
2025-06-14 11:00:00,,,,,,,509.0,509.0,0.6554,0.23619999,3.0,1.0898,0.031199992,3.0
2025-06-14 12:00:00,,,,,,,509.0,509.0,,,0.0,,,0.0
2025-06-14 13:00:00,,,,,,,509.0,509.0,,,0.0,,,0.0
2025-06-14 14:00:00,,,,,,,509.0,509.0,,,0.0,,,0.0
2025-06-14 15:00:00,,,,,,,509.0,509.0,,,0.0,,,0.0
2025-06-14 16:00:00,,,,,,,509.0,509.0,,,0.0,,,0.0
2025-06-14 17:00:00,,,,,,,509.0,509.0,,,0.0,,,0.0
2025-06-14 18:00:00,,,,,,,1533.0,1533.0,,,0.0,,,0.0
2025-06-14 19:00:00,,,,,,,1533.0,1533.0,,,0.0,,,0.0
2025-06-14 20:00:00,,,,,,,1533.0,1533.0,,,0.0,,,0.0
2025-06-14 21:00:00,,,,,,,1529.0,1529.0,,,0.0,,,0.0
2025-06-14 22:00:00,,,,,,,1533.0,1533.0,,,0.0,,,0.0
2025-06-14 23:00:00,,,,,,,1533.0,1533.0,,,0.0,,,0.0
2025-06-15 00:00:00,,,,,,,1533.0,1533.0,,,0.0,,,0.0
2025-06-15 01:00:00,,,,,,,1533.0,1533.0,,,0.0,,,0.0
2025-06-15 02:00:00,,,,,,,1529.0,1529.0,,,0.0,,,0.0
2025-06-15 03:00:00,,,,,,,1529.0,1529.0,,,0.0,,,0.0
2025-06-15 04:00:00,,,,,,,1273.0,1273.0,,,0.0,,,0.0
2025-06-15 05:00:00,,,,,,,1273.0,1273.0,,,0.0,,,0.0
2025-06-15 06:00:00,,,,,,,1533.0,1533.0,,,0.0,,,0.0
2025-06-15 07:00:00,,,,,,,509.0,509.0,,,0.0,,,0.0
2025-06-15 08:00:00,,,,,,,509.0,509.0,,,0.0,,,0.0
2025-06-15 09:00:00,,,,,,,505.0,504.0,0.46679997,0.057,4.0,1.0827999,0.0036999583,4.0
2025-06-15 10:00:00,,,,,,,509.0,509.0,0.2104,0.0067999996,3.0,1.0961,0.0026999712,3.0
2025-06-15 11:00:00,,,,,,,505.0,505.0,0.6732,0.026999999,3.0,1.0481,0.011299968,3.0
2025-06-15 12:00:00,,,,,,,509.0,509.0,,,0.0,,,0.0
2025-06-15 13:00:00,,,,,,,509.0,509.0,,,0.0,,,0.0
2025-06-15 14:00:00,,,,,,,509.0,509.0,,,0.0,,,0.0
2025-06-15 15:00:00,,,,,,,509.0,509.0,,,0.0,,,0.0
2025-06-15 16:00:00,,,,,,,509.0,509.0,,,0.0,,,0.0
2025-06-15 17:00:00,,,,,,,509.0,509.0,,,0.0,,,0.0
2025-06-15 18:00:00,,,,,,,1533.0,1533.0,,,0.0,,,0.0
2025-06-15 19:00:00,,,,,,,1529.0,1529.0,,,0.0,,,0.0
2025-06-15 20:00:00,,,,,,,1529.0,1529.0,,,0.0,,,0.0
2025-06-15 21:00:00,,,,,,,1529.0,1529.0,,,0.0,,,0.0
2025-06-15 22:00:00,,,,,,,1529.0,1529.0,,,0.0,,,0.0
2025-06-15 23:00:00,,,,,,,1533.0,1533.0,,,0.0,,,0.0
2025-06-16 00:00:00,,,,,,,1529.0,1529.0,,,0.0,,,0.0
2025-06-16 01:00:00,,,,,,,1529.0,1529.0,,,0.0,,,0.0
2025-06-16 02:00:00,,,,,,,1529.0,1529.0,,,0.0,,,0.0
2025-06-16 03:00:00,,,,,,,1529.0,1529.0,,,0.0,,,0.0
2025-06-16 04:00:00,,,,,,,1533.0,1533.0,,,0.0,,,0.0
2025-06-16 05:00:00,,,,,,,1533.0,1533.0,,,0.0,,,0.0
2025-06-16 06:00:00,,,,,,,1533.0,1533.0,,,0.0,,,0.0
2025-06-16 07:00:00,,,,,,,509.0,509.0,,,0.0,,,0.0
2025-06-16 08:00:00,,,,,,,509.0,509.0,,,0.0,,,0.0
2025-06-16 09:00:00,,,,,,,509.0,509.0,,,0.0,,,0.0
2025-06-16 10:00:00,,,,,,,509.0,509.0,,,0.0,,,0.0
2025-06-16 11:00:00,,,,,,,509.0,509.0,,,0.0,,,0.0
2025-06-16 12:00:00,,,,,,,509.0,509.0,,,0.0,,,0.0
2025-06-16 13:00:00,,,,,,,509.0,509.0,,,0.0,,,0.0
2025-06-16 14:00:00,,,,,,,509.0,509.0,,,0.0,,,0.0
2025-06-16 15:00:00,,,,,,,509.0,509.0,,,0.0,,,0.0
2025-06-16 16:00:00,,,,,,,509.0,509.0,,,0.0,,,0.0
2025-06-16 17:00:00,,,,,,,509.0,509.0,,,0.0,,,0.0
2025-06-16 18:00:00,,,,,,,1533.0,1533.0,,,0.0,,,0.0
2025-06-16 19:00:00,,,,,,,1533.0,1533.0,,,0.0,,,0.0
2025-06-16 20:00:00,,,,,,,1533.0,1533.0,,,0.0,,,0.0
2025-06-16 21:00:00,,,,,,,1533.0,1533.0,,,0.0,,,0.0
2025-06-16 22:00:00,,,,,,,1533.0,1533.0,,,0.0,,,0.0
2025-06-16 23:00:00,,,,,,,1533.0,1533.0,,,0.0,,,0.0
2025-06-17 00:00:00,,,,,,,1533.0,1533.0,,,0.0,,,0.0
2025-06-17 01:00:00,,,,,,,1533.0,1533.0,,,0.0,,,0.0
2025-06-17 02:00:00,,,,,,,1529.0,1529.0,,,0.0,,,0.0
2025-06-17 03:00:00,,,,,,,1533.0,1533.0,,,0.0,,,0.0
2025-06-17 04:00:00,,,,,,,1533.0,1533.0,,,0.0,,,0.0
2025-06-17 05:00:00,,,,,,,1533.0,1533.0,,,0.0,,,0.0
2025-06-17 06:00:00,,,,,,,1533.0,1533.0,,,0.0,,,0.0
2025-06-17 07:00:00,,,,,,,509.0,509.0,,,0.0,,,0.0
2025-06-17 08:00:00,,,,,,,509.0,509.0,,,0.0,,,0.0
2025-06-17 09:00:00,,,,,,,509.0,509.0,,,0.0,,,0.0
2025-06-17 10:00:00,,,,,,,509.0,509.0,,,0.0,,,0.0
2025-06-17 11:00:00,,,,,,,509.0,509.0,,,0.0,,,0.0
2025-06-17 12:00:00,,,,,,,509.0,509.0,,,0.0,,,0.0
2025-06-17 13:00:00,,,,,,,509.0,509.0,,,0.0,,,0.0
2025-06-17 14:00:00,,,,,,,509.0,509.0,,,0.0,,,0.0
2025-06-17 15:00:00,,,,,,,509.0,509.0,0.8926,0.138,2.0,0.102999985,0.16569996,2.0
2025-06-17 16:00:00,,,,,,,509.0,509.0,,,0.0,,,0.0
2025-06-17 17:00:00,,,,,,,509.0,509.0,,,0.0,,,0.0
2025-06-17 18:00:00,,,,,,,1533.0,1533.0,,,0.0,,,0.0
2025-06-17 19:00:00,,,,,,,1533.0,1533.0,,,0.0,,,0.0
2025-06-17 20:00:00,,,,,,,1533.0,1533.0,,,0.0,,,0.0
2025-06-17 21:00:00,,,,,,,1529.0,1529.0,,,0.0,,,0.0
2025-06-17 22:00:00,,,,,,,1533.0,1533.0,,,0.0,,,0.0
2025-06-17 23:00:00,,,,,,,1533.0,1533.0,,,0.0,,,0.0
2025-06-18 00:00:00,,,,,,,1533.0,1533.0,,,0.0,,,0.0
2025-06-18 01:00:00,,,,,,,1533.0,1533.0,,,0.0,,,0.0
2025-06-18 02:00:00,,,,,,,1533.0,1533.0,,,0.0,,,0.0
2025-06-18 03:00:00,,,,,,,1533.0,1533.0,,,0.0,,,0.0
2025-06-18 04:00:00,,,,,,,1533.0,1533.0,,,0.0,,,0.0
2025-06-18 05:00:00,,,,,,,1533.0,1533.0,,,0.0,,,0.0
2025-06-18 06:00:00,,,,,,,1533.0,1533.0,,,0.0,,,0.0
2025-06-18 07:00:00,,,,,,,509.0,509.0,,,0.0,,,0.0
2025-06-18 08:00:00,,,,,,,505.0,504.0,1.306,0.0,1.0,0.4044,0.0,1.0
2025-06-18 09:00:00,,,,,,,509.0,509.0,,,0.0,,,0.0
2025-06-18 10:00:00,,,,,,,509.0,509.0,,,0.0,,,0.0
2025-06-18 11:00:00,,,,,,,509.0,509.0,,,0.0,,,0.0
2025-06-18 12:00:00,,,,,,,509.0,509.0,,,0.0,,,0.0
2025-06-18 13:00:00,,,,,,,509.0,509.0,,,0.0,,,0.0
2025-06-18 14:00:00,,,,,,,509.0,509.0,,,0.0,,,0.0
2025-06-18 15:00:00,,,,,,,509.0,509.0,,,0.0,,,0.0
2025-06-18 16:00:00,,,,,,,509.0,509.0,,,0.0,,,0.0
2025-06-18 17:00:00,,,,,,,509.0,509.0,,,0.0,,,0.0
2025-06-18 18:00:00,,,,,,,1533.0,1533.0,,,0.0,,,0.0
2025-06-18 19:00:00,,,,,,,1529.0,1529.0,,,0.0,,,0.0
2025-06-18 20:00:00,,,,,,,1533.0,1533.0,,,0.0,,,0.0
2025-06-18 21:00:00,,,,,,,1533.0,1533.0,,,0.0,,,0.0
2025-06-18 22:00:00,,,,,,,1529.0,1529.0,,,0.0,,,0.0
2025-06-18 23:00:00,,,,,,,1533.0,1533.0,,,0.0,,,0.0
2025-06-19 00:00:00,,,,,,,1529.0,1529.0,,,0.0,,,0.0
2025-06-19 01:00:00,,,,,,,1533.0,1533.0,,,0.0,,,0.0
2025-06-19 02:00:00,,,,,,,1533.0,1533.0,,,0.0,,,0.0
2025-06-19 03:00:00,,,,,,,1533.0,1533.0,,,0.0,,,0.0
2025-06-19 04:00:00,,,,,,,1533.0,1533.0,,,0.0,,,0.0
2025-06-19 05:00:00,,,,,,,1533.0,1533.0,,,0.0,,,0.0
2025-06-19 06:00:00,,,,,,,1533.0,1533.0,,,0.0,,,0.0
2025-06-19 07:00:00,,,,,,,509.0,509.0,,,0.0,,,0.0
2025-06-19 08:00:00,,,,,,,509.0,509.0,,,0.0,,,0.0
2025-06-19 09:00:00,,,,,,,509.0,509.0,,,0.0,,,0.0
2025-06-19 10:00:00,,,,,,,509.0,509.0,,,0.0,,,0.0
2025-06-19 11:00:00,,,,,,,509.0,509.0,,,0.0,,,0.0
2025-06-19 12:00:00,,,,,,,509.0,509.0,,,0.0,,,0.0
2025-06-19 13:00:00,,,,,,,509.0,509.0,,,0.0,,,0.0
2025-06-19 14:00:00,,,,,,,509.0,509.0,,,0.0,,,0.0
2025-06-19 15:00:00,,,,,,,509.0,509.0,,,0.0,,,0.0
2025-06-19 16:00:00,,,,,,,509.0,509.0,,,0.0,,,0.0
2025-06-19 17:00:00,,,,,,,509.0,509.0,,,0.0,,,0.0
2025-06-19 18:00:00,,,,,,,1533.0,1533.0,,,0.0,,,0.0
2025-06-19 19:00:00,,,,,,,1529.0,1529.0,,,0.0,,,0.0
2025-06-19 20:00:00,,,,,,,1533.0,1533.0,,,0.0,,,0.0
2025-06-19 21:00:00,,,,,,,1533.0,1533.0,,,0.0,,,0.0
2025-06-19 22:00:00,,,,,,,1533.0,1533.0,,,0.0,,,0.0
2025-06-19 23:00:00,,,,,,,1533.0,1533.0,,,0.0,,,0.0
2025-06-20 00:00:00,,,,,,,1533.0,1533.0,,,0.0,,,0.0
2025-06-20 01:00:00,,,,,,,1533.0,1533.0,,,0.0,,,0.0
2025-06-20 02:00:00,,,,,,,1533.0,1533.0,,,0.0,,,0.0
2025-06-20 03:00:00,,,,,,,1533.0,1533.0,,,0.0,,,0.0
2025-06-20 04:00:00,,,,,,,1533.0,1533.0,,,0.0,,,0.0
2025-06-20 05:00:00,,,,,,,1533.0,1533.0,,,0.0,,,0.0
2025-06-20 06:00:00,,,,,,,1533.0,1533.0,,,0.0,,,0.0
2025-06-20 07:00:00,,,,,,,509.0,509.0,,,0.0,,,0.0
2025-06-20 08:00:00,,,,,,,509.0,509.0,,,0.0,,,0.0
2025-06-20 09:00:00,,,,,,,509.0,509.0,,,0.0,,,0.0
2025-06-20 10:00:00,,,,,,,509.0,509.0,,,0.0,,,0.0
2025-06-20 11:00:00,,,,,,,509.0,509.0,,,0.0,,,0.0
2025-06-20 12:00:00,,,,,,,509.0,509.0,,,0.0,,,0.0
2025-06-20 13:00:00,,,,,,,509.0,509.0,,,0.0,,,0.0
2025-06-20 14:00:00,,,,,,,509.0,509.0,,,0.0,,,0.0
2025-06-20 15:00:00,,,,,,,509.0,509.0,,,0.0,,,0.0
2025-06-20 16:00:00,,,,,,,509.0,509.0,,,0.0,,,0.0
2025-06-20 17:00:00,,,,,,,509.0,509.0,,,0.0,,,0.0
2025-06-20 18:00:00,,,,,,,1533.0,1533.0,,,0.0,,,0.0
2025-06-20 19:00:00,,,,,,,1533.0,1533.0,,,0.0,,,0.0
2025-06-20 20:00:00,,,,,,,1529.0,1529.0,,,0.0,,,0.0
2025-06-20 21:00:00,,,,,,,1533.0,1533.0,,,0.0,,,0.0
2025-06-20 22:00:00,,,,,,,1533.0,1533.0,,,0.0,,,0.0
2025-06-20 23:00:00,,,,,,,1533.0,1533.0,,,0.0,,,0.0
2025-06-21 00:00:00,,,,,,,1529.0,1529.0,,,0.0,,,0.0
2025-06-21 01:00:00,,,,,,,1533.0,1533.0,,,0.0,,,0.0
2025-06-21 02:00:00,,,,,,,1533.0,1533.0,,,0.0,,,0.0
2025-06-21 03:00:00,,,,,,,1533.0,1533.0,,,0.0,,,0.0
2025-06-21 04:00:00,,,,,,,1533.0,1533.0,,,0.0,,,0.0
2025-06-21 05:00:00,,,,,,,1533.0,1533.0,,,0.0,,,0.0
2025-06-21 06:00:00,,,,,,,1533.0,1533.0,,,0.0,,,0.0
2025-06-21 07:00:00,,,,,,,509.0,509.0,,,0.0,,,0.0
2025-06-21 08:00:00,,,,,,,509.0,509.0,,,0.0,,,0.0
2025-06-21 09:00:00,,,,,,,509.0,509.0,,,0.0,,,0.0
2025-06-21 10:00:00,,,,,,,509.0,509.0,,,0.0,,,0.0
2025-06-21 11:00:00,,,,,,,509.0,509.0,,,0.0,,,0.0
2025-06-21 12:00:00,,,,,,,509.0,509.0,,,0.0,,,0.0
2025-06-21 13:00:00,,,,,,,509.0,509.0,,,0.0,,,0.0
2025-06-21 14:00:00,,,,,,,509.0,509.0,,,0.0,,,0.0
2025-06-21 15:00:00,,,,,,,509.0,509.0,,,0.0,,,0.0
2025-06-21 16:00:00,,,,,,,509.0,509.0,,,0.0,,,0.0
2025-06-21 17:00:00,,,,,,,509.0,509.0,,,0.0,,,0.0
2025-06-21 18:00:00,,,,,,,1533.0,1533.0,,,0.0,,,0.0
2025-06-21 19:00:00,,,,,,,1533.0,1533.0,,,0.0,,,0.0
2025-06-21 20:00:00,,,,,,,1533.0,1533.0,,,0.0,,,0.0
2025-06-21 21:00:00,,,,,,,1533.0,1533.0,,,0.0,,,0.0
2025-06-21 22:00:00,,,,,,,1533.0,1533.0,,,0.0,,,0.0
2025-06-21 23:00:00,,,,,,,1533.0,1533.0,,,0.0,,,0.0
2025-06-22 00:00:00,,,,,,,1533.0,1533.0,,,0.0,,,0.0
2025-06-22 01:00:00,,,,,,,1533.0,1533.0,,,0.0,,,0.0
2025-06-22 02:00:00,,,,,,,1533.0,1533.0,,,0.0,,,0.0
2025-06-22 03:00:00,,,,,,,1533.0,1533.0,,,0.0,,,0.0
2025-06-22 04:00:00,,,,,,,1529.0,1529.0,,,0.0,,,0.0
2025-06-22 05:00:00,,,,,,,1533.0,1533.0,,,0.0,,,0.0
2025-06-22 06:00:00,,,,,,,1533.0,1533.0,,,0.0,,,0.0
2025-06-22 07:00:00,,,,,,,509.0,509.0,,,0.0,,,0.0
2025-06-22 08:00:00,,,,,,,509.0,509.0,,,0.0,,,0.0
2025-06-22 09:00:00,,,,,,,509.0,509.0,,,0.0,,,0.0
2025-06-22 10:00:00,,,,,,,509.0,509.0,,,0.0,,,0.0
2025-06-22 11:00:00,,,,,,,509.0,509.0,,,0.0,,,0.0
2025-06-22 12:00:00,,,,,,,509.0,509.0,,,0.0,,,0.0
2025-06-22 13:00:00,,,,,,,509.0,509.0,,,0.0,,,0.0
2025-06-22 14:00:00,,,,,,,509.0,509.0,,,0.0,,,0.0
2025-06-22 15:00:00,,,,,,,509.0,509.0,,,0.0,,,0.0
2025-06-22 16:00:00,,,,,,,509.0,509.0,,,0.0,,,0.0
2025-06-22 17:00:00,,,,,,,509.0,509.0,,,0.0,,,0.0
2025-06-22 18:00:00,,,,,,,1533.0,1533.0,,,0.0,,,0.0
2025-06-22 19:00:00,,,,,,,1533.0,1533.0,,,0.0,,,0.0
2025-06-22 20:00:00,,,,,,,1533.0,1533.0,,,0.0,,,0.0
2025-06-22 21:00:00,,,,,,,1533.0,1533.0,,,0.0,,,0.0
2025-06-22 22:00:00,,,,,,,1533.0,1533.0,,,0.0,,,0.0
2025-06-22 23:00:00,,,,,,,1533.0,1533.0,,,0.0,,,0.0
2025-06-23 00:00:00,,,,,,,1533.0,1533.0,,,0.0,,,0.0
2025-06-23 01:00:00,,,,,,,1533.0,1533.0,,,0.0,,,0.0
2025-06-23 02:00:00,,,,,,,1533.0,1533.0,,,0.0,,,0.0
2025-06-23 03:00:00,,,,,,,1533.0,1533.0,,,0.0,,,0.0
2025-06-23 04:00:00,,,,,,,1533.0,1533.0,,,0.0,,,0.0
2025-06-23 05:00:00,,,,,,,1533.0,1533.0,,,0.0,,,0.0
2025-06-23 06:00:00,,,,,,,1533.0,1533.0,,,0.0,,,0.0
2025-06-23 07:00:00,,,,,,,509.0,509.0,,,0.0,,,0.0
2025-06-23 08:00:00,,,,,,,509.0,509.0,,,0.0,,,0.0
2025-06-23 09:00:00,,,,,,,509.0,509.0,,,0.0,,,0.0
2025-06-23 10:00:00,,,,,,,509.0,509.0,,,0.0,,,0.0
2025-06-23 11:00:00,,,,,,,509.0,509.0,,,0.0,,,0.0
2025-06-23 12:00:00,,,,,,,509.0,509.0,,,0.0,,,0.0
2025-06-23 13:00:00,,,,,,,509.0,509.0,,,0.0,,,0.0
2025-06-23 14:00:00,,,,,,,509.0,509.0,,,0.0,,,0.0
2025-06-23 15:00:00,,,,,,,509.0,509.0,,,0.0,,,0.0
2025-06-23 16:00:00,,,,,,,509.0,509.0,,,0.0,,,0.0
2025-06-23 17:00:00,,,,,,,509.0,509.0,,,0.0,,,0.0
2025-06-23 18:00:00,,,,,,,1533.0,1533.0,,,0.0,,,0.0
2025-06-23 19:00:00,,,,,,,1529.0,1529.0,,,0.0,,,0.0
2025-06-23 20:00:00,,,,,,,1529.0,1529.0,,,0.0,,,0.0
2025-06-23 21:00:00,,,,,,,1529.0,1529.0,,,0.0,,,0.0
2025-06-23 22:00:00,,,,,,,1533.0,1533.0,,,0.0,,,0.0
2025-06-23 23:00:00,,,,,,,1533.0,1533.0,,,0.0,,,0.0
2025-06-24 00:00:00,,,,,,,1533.0,1533.0,,,0.0,,,0.0
2025-06-24 01:00:00,,,,,,,1533.0,1533.0,,,0.0,,,0.0
2025-06-24 02:00:00,,,,,,,1533.0,1533.0,,,0.0,,,0.0
2025-06-24 03:00:00,,,,,,,1533.0,1533.0,,,0.0,,,0.0
2025-06-24 04:00:00,,,,,,,1533.0,1533.0,,,0.0,,,0.0
2025-06-24 05:00:00,,,,,,,1533.0,1533.0,,,0.0,,,0.0
2025-06-24 06:00:00,,,,,,,1533.0,1533.0,,,0.0,,,0.0
2025-06-24 07:00:00,,,,,,,509.0,509.0,,,0.0,,,0.0
2025-06-24 08:00:00,,,,,,,509.0,509.0,,,0.0,,,0.0
2025-06-24 09:00:00,,,,,,,509.0,509.0,,,0.0,,,0.0
2025-06-24 10:00:00,,,,,,,509.0,509.0,,,0.0,,,0.0
2025-06-24 11:00:00,,,,,,,509.0,509.0,,,0.0,,,0.0
2025-06-24 12:00:00,,,,,,,509.0,509.0,,,0.0,,,0.0
2025-06-24 13:00:00,,,,,,,509.0,509.0,,,0.0,,,0.0
2025-06-24 14:00:00,,,,,,,509.0,509.0,,,0.0,,,0.0
2025-06-24 15:00:00,,,,,,,509.0,509.0,0.4192,0.0,1.0,1.211,0.0,1.0
2025-06-24 16:00:00,,,,,,,509.0,509.0,,,0.0,,,0.0
2025-06-24 17:00:00,,,,,,,509.0,509.0,,,0.0,,,0.0
2025-06-24 18:00:00,,,,,,,1533.0,1533.0,,,0.0,,,0.0
2025-06-24 19:00:00,,,,,,,1529.0,1529.0,,,0.0,,,0.0
2025-06-24 20:00:00,,,,,,,1533.0,1533.0,,,0.0,,,0.0
2025-06-24 21:00:00,,,,,,,1529.0,1529.0,,,0.0,,,0.0
2025-06-24 22:00:00,,,,,,,1273.0,1273.0,,,0.0,,,0.0
2025-06-24 23:00:00,,,,,,,1273.0,1273.0,,,0.0,,,0.0
2025-06-25 00:00:00,,,,,,,1273.0,1273.0,,,0.0,,,0.0
2025-06-25 01:00:00,,,,,,,1529.0,1529.0,,,0.0,,,0.0
2025-06-25 02:00:00,,,,,,,1529.0,1529.0,,,0.0,,,0.0
2025-06-25 03:00:00,,,,,,,1529.0,1529.0,,,0.0,,,0.0
2025-06-25 04:00:00,,,,,,,1529.0,1529.0,,,0.0,,,0.0
2025-06-25 05:00:00,,,,,,,1533.0,1533.0,,,0.0,,,0.0
2025-06-25 06:00:00,,,,,,,1533.0,1533.0,,,0.0,,,0.0
2025-06-25 07:00:00,,,,,,,509.0,509.0,,,0.0,,,0.0
2025-06-25 08:00:00,,,,,,,509.0,509.0,,,0.0,,,0.0
2025-06-25 09:00:00,,,,,,,509.0,509.0,,,0.0,,,0.0
2025-06-25 10:00:00,,,,,,,509.0,509.0,,,0.0,,,0.0
2025-06-25 11:00:00,,,,,,,509.0,509.0,,,0.0,,,0.0
2025-06-25 12:00:00,,,,,,,249.0,249.0,0.0656,0.0,1.0,1.0856,0.0,1.0
2025-06-25 13:00:00,,,,,,,509.0,509.0,0.0778,0.051599998,2.0,1.078,0.009000003,2.0
2025-06-25 14:00:00,,,,,,,509.0,509.0,,,0.0,,,0.0
2025-06-25 15:00:00,,,,,,,509.0,509.0,,,0.0,,,0.0
2025-06-25 16:00:00,,,,,,,509.0,509.0,,,0.0,,,0.0
2025-06-25 17:00:00,,,,,,,509.0,509.0,0.4578,0.0286,3.0,0.7092,0.034099996,3.0
2025-06-25 18:00:00,,,,,,,1533.0,1533.0,,,0.0,,,0.0
2025-06-25 19:00:00,,,,,,,1273.0,1273.0,,,0.0,,,0.0
2025-06-25 20:00:00,,,,,,,1533.0,1533.0,,,0.0,,,0.0
2025-06-25 21:00:00,,,,,,,1533.0,1533.0,,,0.0,,,0.0
2025-06-25 22:00:00,,,,,,,1529.0,1529.0,,,0.0,,,0.0
2025-06-25 23:00:00,,,,,,,1273.0,1273.0,,,0.0,,,0.0
2025-06-26 00:00:00,,,,,,,1273.0,1273.0,,,0.0,,,0.0
2025-06-26 01:00:00,,,,,,,1273.0,1273.0,,,0.0,,,0.0
2025-06-26 02:00:00,,,,,,,1273.0,1273.0,,,0.0,,,0.0
2025-06-26 03:00:00,,,,,,,1273.0,1273.0,,,0.0,,,0.0
2025-06-26 04:00:00,,,,,,,1273.0,1273.0,,,0.0,,,0.0
2025-06-26 05:00:00,,,,,,,1273.0,1273.0,,,0.0,,,0.0
2025-06-26 06:00:00,,,,,,,1533.0,1533.0,,,0.0,,,0.0
2025-06-26 07:00:00,,,,,,,509.0,509.0,,,0.0,,,0.0
2025-06-26 08:00:00,,,,,,,509.0,509.0,,,0.0,,,0.0
2025-06-26 09:00:00,,,,,,,509.0,509.0,,,0.0,,,0.0
2025-06-26 10:00:00,,,,,,,509.0,509.0,,,0.0,,,0.0
2025-06-26 11:00:00,,,,,,,509.0,509.0,,,0.0,,,0.0
2025-06-26 12:00:00,,,,,,,509.0,509.0,,,0.0,,,0.0
2025-06-26 13:00:00,,,,,,,509.0,509.0,,,0.0,,,0.0
2025-06-26 14:00:00,,,,,,,509.0,509.0,,,0.0,,,0.0
2025-06-26 15:00:00,,,,,,,509.0,509.0,,,0.0,,,0.0
2025-06-26 16:00:00,,,,,,,509.0,509.0,,,0.0,,,0.0
2025-06-26 17:00:00,,,,,,,509.0,509.0,,,0.0,,,0.0
2025-06-26 18:00:00,,,,,,,1533.0,1533.0,,,0.0,,,0.0
2025-06-26 19:00:00,,,,,,,1533.0,1533.0,,,0.0,,,0.0
2025-06-26 20:00:00,,,,,,,1533.0,1533.0,,,0.0,,,0.0
2025-06-26 21:00:00,,,,,,,1533.0,1533.0,,,0.0,,,0.0
2025-06-26 22:00:00,,,,,,,1529.0,1529.0,,,0.0,,,0.0
2025-06-26 23:00:00,,,,,,,1533.0,1533.0,,,0.0,,,0.0
2025-06-27 00:00:00,,,,,,,1533.0,1533.0,,,0.0,,,0.0
2025-06-27 01:00:00,,,,,,,1533.0,1533.0,,,0.0,,,0.0
2025-06-27 02:00:00,,,,,,,1533.0,1533.0,,,0.0,,,0.0
2025-06-27 03:00:00,,,,,,,1533.0,1533.0,,,0.0,,,0.0
2025-06-27 04:00:00,,,,,,,1529.0,1529.0,,,0.0,,,0.0
2025-06-27 05:00:00,,,,,,,1533.0,1533.0,,,0.0,,,0.0
2025-06-27 06:00:00,,,,,,,1533.0,1533.0,,,0.0,,,0.0
2025-06-27 07:00:00,,,,,,,509.0,509.0,,,0.0,,,0.0
2025-06-27 08:00:00,,,,,,,509.0,509.0,0.6286,0.0,1.0,1.0705,0.0,1.0
2025-06-27 09:00:00,,,,,,,509.0,509.0,,,0.0,,,0.0
2025-06-27 10:00:00,,,,,,,509.0,509.0,,,0.0,,,0.0
2025-06-27 11:00:00,,,,,,,509.0,509.0,,,0.0,,,0.0
2025-06-27 12:00:00,,,,,,,509.0,509.0,,,0.0,,,0.0
2025-06-27 13:00:00,,,,,,,509.0,509.0,,,0.0,,,0.0
2025-06-27 14:00:00,,,,,,,509.0,509.0,,,0.0,,,0.0
2025-06-27 15:00:00,,,,,,,509.0,509.0,,,0.0,,,0.0
2025-06-27 16:00:00,,,,,,,509.0,509.0,,,0.0,,,0.0
2025-06-27 17:00:00,,,,,,,509.0,509.0,,,0.0,,,0.0
2025-06-27 18:00:00,,,,,,,1533.0,1533.0,,,0.0,,,0.0
2025-06-27 19:00:00,,,,,,,1529.0,1529.0,,,0.0,,,0.0
2025-06-27 20:00:00,,,,,,,1533.0,1533.0,,,0.0,,,0.0
2025-06-27 21:00:00,,,,,,,1533.0,1533.0,,,0.0,,,0.0
2025-06-27 22:00:00,,,,,,,1533.0,1533.0,,,0.0,,,0.0
2025-06-27 23:00:00,,,,,,,1533.0,1533.0,,,0.0,,,0.0
2025-06-28 00:00:00,,,,,,,1533.0,1533.0,,,0.0,,,0.0
2025-06-28 01:00:00,,,,,,,1533.0,1533.0,,,0.0,,,0.0
2025-06-28 02:00:00,,,,,,,1529.0,1529.0,,,0.0,,,0.0
2025-06-28 03:00:00,,,,,,,1533.0,1533.0,,,0.0,,,0.0
2025-06-28 04:00:00,,,,,,,1533.0,1533.0,,,0.0,,,0.0
2025-06-28 05:00:00,,,,,,,1529.0,1529.0,,,0.0,,,0.0
2025-06-28 06:00:00,,,,,,,1533.0,1533.0,,,0.0,,,0.0
2025-06-28 07:00:00,,,,,,,509.0,509.0,,,0.0,,,0.0
2025-06-28 08:00:00,,,,,,,509.0,509.0,,,0.0,,,0.0
2025-06-28 09:00:00,,,,,,,509.0,509.0,,,0.0,,,0.0
2025-06-28 10:00:00,,,,,,,509.0,509.0,,,0.0,,,0.0
2025-06-28 11:00:00,,,,,,,509.0,509.0,,,0.0,,,0.0
2025-06-28 12:00:00,,,,,,,509.0,509.0,,,0.0,,,0.0
2025-06-28 13:00:00,,,,,,,509.0,509.0,,,0.0,,,0.0
2025-06-28 14:00:00,,,,,,,509.0,509.0,,,0.0,,,0.0
2025-06-28 15:00:00,,,,,,,509.0,509.0,,,0.0,,,0.0
2025-06-28 16:00:00,,,,,,,509.0,509.0,,,0.0,,,0.0
2025-06-28 17:00:00,,,,,,,509.0,509.0,,,0.0,,,0.0
2025-06-28 18:00:00,,,,,,,1533.0,1533.0,,,0.0,,,0.0
2025-06-28 19:00:00,,,,,,,1533.0,1533.0,,,0.0,,,0.0
2025-06-28 20:00:00,,,,,,,1533.0,1533.0,,,0.0,,,0.0
2025-06-28 21:00:00,,,,,,,1533.0,1533.0,,,0.0,,,0.0
2025-06-28 22:00:00,,,,,,,1533.0,1533.0,,,0.0,,,0.0
2025-06-28 23:00:00,,,,,,,1533.0,1533.0,,,0.0,,,0.0
2025-06-29 00:00:00,,,,,,,1533.0,1533.0,,,0.0,,,0.0
2025-06-29 01:00:00,,,,,,,1533.0,1533.0,,,0.0,,,0.0
2025-06-29 02:00:00,,,,,,,1533.0,1533.0,,,0.0,,,0.0
2025-06-29 03:00:00,,,,,,,1533.0,1533.0,,,0.0,,,0.0
2025-06-29 04:00:00,,,,,,,1533.0,1533.0,,,0.0,,,0.0
2025-06-29 05:00:00,,,,,,,1533.0,1533.0,,,0.0,,,0.0
2025-06-29 06:00:00,,,,,,,1533.0,1533.0,,,0.0,,,0.0
2025-06-29 07:00:00,,,,,,,509.0,509.0,,,0.0,,,0.0
2025-06-29 08:00:00,,,,,,,509.0,509.0,,,0.0,,,0.0
2025-06-29 09:00:00,,,,,,,509.0,509.0,,,0.0,,,0.0
2025-06-29 10:00:00,,,,,,,509.0,509.0,,,0.0,,,0.0
2025-06-29 11:00:00,,,,,,,509.0,509.0,,,0.0,,,0.0
2025-06-29 12:00:00,,,,,,,509.0,509.0,,,0.0,,,0.0
2025-06-29 13:00:00,,,,,,,509.0,509.0,,,0.0,,,0.0
2025-06-29 14:00:00,,,,,,,509.0,509.0,,,0.0,,,0.0
2025-06-29 15:00:00,,,,,,,509.0,509.0,,,0.0,,,0.0
2025-06-29 16:00:00,,,,,,,509.0,509.0,,,0.0,,,0.0
2025-06-29 17:00:00,,,,,,,509.0,509.0,,,0.0,,,0.0
2025-06-29 18:00:00,,,,,,,1533.0,1533.0,,,0.0,,,0.0
2025-06-29 19:00:00,,,,,,,1533.0,1533.0,,,0.0,,,0.0
2025-06-29 20:00:00,,,,,,,1533.0,1533.0,,,0.0,,,0.0
2025-06-29 21:00:00,,,,,,,1533.0,1533.0,,,0.0,,,0.0
2025-06-29 22:00:00,,,,,,,1533.0,1533.0,,,0.0,,,0.0
2025-06-29 23:00:00,,,,,,,1533.0,1533.0,,,0.0,,,0.0
2025-06-30 00:00:00,,,,,,,1533.0,1533.0,,,0.0,,,0.0
2025-06-30 01:00:00,,,,,,,1533.0,1533.0,,,0.0,,,0.0
2025-06-30 02:00:00,,,,,,,1533.0,1533.0,,,0.0,,,0.0
2025-06-30 03:00:00,,,,,,,1533.0,1533.0,,,0.0,,,0.0
2025-06-30 04:00:00,,,,,,,1533.0,1533.0,,,0.0,,,0.0
2025-06-30 05:00:00,,,,,,,1533.0,1533.0,,,0.0,,,0.0
2025-06-30 06:00:00,,,,,,,1533.0,1533.0,,,0.0,,,0.0
2025-06-30 07:00:00,,,,,,,509.0,509.0,,,0.0,,,0.0
2025-06-30 08:00:00,,,,,,,509.0,509.0,,,0.0,,,0.0
2025-06-30 09:00:00,,,,,,,509.0,509.0,,,0.0,,,0.0
2025-06-30 10:00:00,,,,,,,509.0,509.0,,,0.0,,,0.0
2025-06-30 11:00:00,,,,,,,509.0,509.0,,,0.0,,,0.0
2025-06-30 12:00:00,,,,,,,509.0,509.0,,,0.0,,,0.0
2025-06-30 13:00:00,,,,,,,509.0,509.0,,,0.0,,,0.0
2025-06-30 14:00:00,,,,,,,509.0,509.0,,,0.0,,,0.0
2025-06-30 15:00:00,,,,,,,509.0,509.0,,,0.0,,,0.0
2025-06-30 16:00:00,,,,,,,509.0,509.0,,,0.0,,,0.0
2025-06-30 17:00:00,,,,,,,509.0,509.0,,,0.0,,,0.0
2025-06-30 18:00:00,,,,,,,1533.0,1533.0,,,0.0,,,0.0
2025-06-30 19:00:00,,,,,,,1533.0,1533.0,,,0.0,,,0.0
2025-06-30 20:00:00,,,,,,,1533.0,1533.0,,,0.0,,,0.0
2025-06-30 21:00:00,,,,,,,1533.0,1533.0,,,0.0,,,0.0
2025-06-30 22:00:00,,,,,,,1533.0,1533.0,,,0.0,,,0.0
2025-06-30 23:00:00,,,,,,,1533.0,1533.0,,,0.0,,,0.0
2025-07-01 00:00:00,,,,,,,1533.0,1533.0,,,0.0,,,0.0
2025-07-01 01:00:00,,,,,,,1533.0,1533.0,,,0.0,,,0.0
2025-07-01 02:00:00,,,,,,,1533.0,1533.0,,,0.0,,,0.0
2025-07-01 03:00:00,,,,,,,1533.0,1533.0,,,0.0,,,0.0
2025-07-01 04:00:00,,,,,,,1533.0,1533.0,,,0.0,,,0.0
2025-07-01 05:00:00,,,,,,,1533.0,1533.0,,,0.0,,,0.0
2025-07-01 06:00:00,,,,,,,1533.0,1533.0,,,0.0,,,0.0
2025-07-01 07:00:00,,,,,,,509.0,509.0,,,0.0,,,0.0
2025-07-01 08:00:00,,,,,,,509.0,509.0,,,0.0,,,0.0
2025-07-01 09:00:00,,,,,,,509.0,509.0,,,0.0,,,0.0
2025-07-01 10:00:00,,,,,,,509.0,509.0,,,0.0,,,0.0
2025-07-01 11:00:00,,,,,,,509.0,509.0,,,0.0,,,0.0
2025-07-01 12:00:00,,,,,,,509.0,509.0,,,0.0,,,0.0
2025-07-01 13:00:00,,,,,,,509.0,509.0,,,0.0,,,0.0
2025-07-01 14:00:00,,,,,,,509.0,509.0,,,0.0,,,0.0
2025-07-01 15:00:00,,,,,,,509.0,509.0,,,0.0,,,0.0
2025-07-01 16:00:00,,,,,,,509.0,509.0,,,0.0,,,0.0
2025-07-01 17:00:00,,,,,,,509.0,509.0,,,0.0,,,0.0
2025-07-01 18:00:00,,,,,,,1533.0,1533.0,,,0.0,,,0.0
2025-07-01 19:00:00,,,,,,,1533.0,1533.0,,,0.0,,,0.0
2025-07-01 20:00:00,,,,,,,1533.0,1533.0,,,0.0,,,0.0
2025-07-01 21:00:00,,,,,,,1533.0,1533.0,,,0.0,,,0.0
2025-07-01 22:00:00,,,,,,,1533.0,1533.0,,,0.0,,,0.0
2025-07-01 23:00:00,,,,,,,1533.0,1533.0,,,0.0,,,0.0
2025-07-02 00:00:00,,,,,,,1533.0,1533.0,,,0.0,,,0.0
2025-07-02 01:00:00,,,,,,,1533.0,1533.0,,,0.0,,,0.0
2025-07-02 02:00:00,,,,,,,1533.0,1533.0,,,0.0,,,0.0
2025-07-02 03:00:00,,,,,,,1533.0,1533.0,,,0.0,,,0.0
2025-07-02 04:00:00,,,,,,,1533.0,1533.0,,,0.0,,,0.0
2025-07-02 05:00:00,,,,,,,1533.0,1533.0,,,0.0,,,0.0
2025-07-02 06:00:00,,,,,,,1533.0,1533.0,,,0.0,,,0.0
2025-07-02 07:00:00,,,,,,,509.0,509.0,,,0.0,,,0.0
2025-07-02 08:00:00,,,,,,,509.0,509.0,,,0.0,,,0.0
2025-07-02 09:00:00,,,,,,,509.0,509.0,,,0.0,,,0.0
2025-07-02 10:00:00,,,,,,,509.0,509.0,,,0.0,,,0.0
2025-07-02 11:00:00,,,,,,,509.0,509.0,,,0.0,,,0.0
2025-07-02 12:00:00,,,,,,,509.0,509.0,,,0.0,,,0.0
2025-07-02 13:00:00,,,,,,,509.0,509.0,,,0.0,,,0.0
2025-07-02 14:00:00,,,,,,,509.0,509.0,,,0.0,,,0.0
2025-07-02 15:00:00,,,,,,,509.0,509.0,,,0.0,,,0.0
2025-07-02 16:00:00,,,,,,,509.0,509.0,,,0.0,,,0.0
2025-07-02 17:00:00,,,,,,,509.0,509.0,,,0.0,,,0.0
2025-07-02 18:00:00,,,,,,,1533.0,1533.0,,,0.0,,,0.0
2025-07-02 19:00:00,,,,,,,1533.0,1533.0,,,0.0,,,0.0
2025-07-02 20:00:00,,,,,,,1533.0,1533.0,,,0.0,,,0.0
2025-07-02 21:00:00,,,,,,,1533.0,1533.0,,,0.0,,,0.0
2025-07-02 22:00:00,,,,,,,1529.0,1529.0,,,0.0,,,0.0
2025-07-02 23:00:00,,,,,,,1273.0,1273.0,,,0.0,,,0.0
2025-07-03 00:00:00,,,,,,,1533.0,1533.0,,,0.0,,,0.0
2025-07-03 01:00:00,,,,,,,1533.0,1533.0,,,0.0,,,0.0
2025-07-03 02:00:00,,,,,,,1529.0,1529.0,,,0.0,,,0.0
2025-07-03 03:00:00,,,,,,,1273.0,1273.0,,,0.0,,,0.0
2025-07-03 04:00:00,,,,,,,1533.0,1533.0,,,0.0,,,0.0
2025-07-03 05:00:00,,,,,,,1529.0,1529.0,,,0.0,,,0.0
2025-07-03 06:00:00,,,,,,,1533.0,1533.0,,,0.0,,,0.0
2025-07-03 07:00:00,,,,,,,509.0,509.0,,,0.0,,,0.0
2025-07-03 08:00:00,,,,,,,509.0,509.0,,,0.0,,,0.0
2025-07-03 09:00:00,,,,,,,509.0,509.0,,,0.0,,,0.0
2025-07-03 10:00:00,,,,,,,509.0,509.0,,,0.0,,,0.0
2025-07-03 11:00:00,,,,,,,509.0,509.0,,,0.0,,,0.0
2025-07-03 12:00:00,,,,,,,509.0,509.0,,,0.0,,,0.0
2025-07-03 13:00:00,,,,,,,509.0,509.0,,,0.0,,,0.0
2025-07-03 14:00:00,,,,,,,509.0,509.0,,,0.0,,,0.0
2025-07-03 15:00:00,,,,,,,509.0,509.0,,,0.0,,,0.0
2025-07-03 16:00:00,,,,,,,509.0,509.0,,,0.0,,,0.0
2025-07-03 17:00:00,,,,,,,509.0,509.0,,,0.0,,,0.0
2025-07-03 18:00:00,,,,,,,1533.0,1533.0,,,0.0,,,0.0
2025-07-03 19:00:00,,,,,,,1533.0,1533.0,,,0.0,,,0.0
2025-07-03 20:00:00,,,,,,,1533.0,1533.0,,,0.0,,,0.0
2025-07-03 21:00:00,,,,,,,1533.0,1533.0,,,0.0,,,0.0
2025-07-03 22:00:00,,,,,,,1529.0,1529.0,,,0.0,,,0.0
2025-07-03 23:00:00,,,,,,,1529.0,1529.0,,,0.0,,,0.0
2025-07-04 00:00:00,,,,,,,1533.0,1533.0,,,0.0,,,0.0
2025-07-04 01:00:00,,,,,,,1529.0,1529.0,,,0.0,,,0.0
2025-07-04 02:00:00,,,,,,,1533.0,1533.0,,,0.0,,,0.0
2025-07-04 03:00:00,,,,,,,1533.0,1533.0,,,0.0,,,0.0
2025-07-04 04:00:00,,,,,,,1533.0,1533.0,,,0.0,,,0.0
2025-07-04 05:00:00,,,,,,,1273.0,1273.0,,,0.0,,,0.0
2025-07-04 06:00:00,,,,,,,1533.0,1533.0,,,0.0,,,0.0
2025-07-04 07:00:00,,,,,,,249.0,249.0,,,0.0,,,0.0
2025-07-04 08:00:00,,,,,,,509.0,509.0,,,0.0,,,0.0
2025-07-04 09:00:00,,,,,,,509.0,509.0,,,0.0,,,0.0
2025-07-04 10:00:00,,,,,,,509.0,509.0,,,0.0,,,0.0
2025-07-04 11:00:00,,,,,,,509.0,509.0,,,0.0,,,0.0
2025-07-04 12:00:00,,,,,,,509.0,509.0,,,0.0,,,0.0
2025-07-04 13:00:00,,,,,,,509.0,509.0,,,0.0,,,0.0
2025-07-04 14:00:00,,,,,,,509.0,509.0,,,0.0,,,0.0
2025-07-04 15:00:00,,,,,,,509.0,509.0,,,0.0,,,0.0
2025-07-04 16:00:00,,,,,,,509.0,509.0,,,0.0,,,0.0
2025-07-04 17:00:00,,,,,,,509.0,509.0,,,0.0,,,0.0
2025-07-04 18:00:00,,,,,,,1533.0,1533.0,,,0.0,,,0.0
2025-07-04 19:00:00,,,,,,,1529.0,1529.0,,,0.0,,,0.0
2025-07-04 20:00:00,,,,,,,1533.0,1533.0,,,0.0,,,0.0
2025-07-04 21:00:00,,,,,,,1533.0,1533.0,,,0.0,,,0.0
2025-07-04 22:00:00,,,,,,,1533.0,1533.0,,,0.0,,,0.0
2025-07-04 23:00:00,,,,,,,1533.0,1533.0,,,0.0,,,0.0
2025-07-05 00:00:00,,,,,,,1533.0,1533.0,,,0.0,,,0.0
2025-07-05 01:00:00,,,,,,,1533.0,1533.0,,,0.0,,,0.0
2025-07-05 02:00:00,,,,,,,1533.0,1533.0,,,0.0,,,0.0
2025-07-05 03:00:00,,,,,,,1533.0,1533.0,,,0.0,,,0.0
2025-07-05 04:00:00,,,,,,,1533.0,1533.0,,,0.0,,,0.0
2025-07-05 05:00:00,,,,,,,1533.0,1533.0,,,0.0,,,0.0
2025-07-05 06:00:00,,,,,,,1533.0,1533.0,,,0.0,,,0.0
2025-07-05 07:00:00,,,,,,,509.0,509.0,,,0.0,,,0.0
2025-07-05 08:00:00,,,,,,,2553.0,2552.0,0.0174,0.0,1.0,0.9915999,0.0,1.0
2025-07-05 09:00:00,,,,,,,509.0,509.0,,,0.0,,,0.0
2025-07-05 10:00:00,,,,,,,509.0,509.0,,,0.0,,,0.0
2025-07-05 11:00:00,,,,,,,509.0,509.0,,,0.0,,,0.0
2025-07-05 12:00:00,,,,,,,509.0,509.0,0.385,0.0,1.0,1.1085999,0.0,1.0
2025-07-05 13:00:00,,,,,,,509.0,509.0,,,0.0,,,0.0
2025-07-05 14:00:00,,,,,,,509.0,509.0,,,0.0,,,0.0
2025-07-05 15:00:00,,,,,,,509.0,509.0,,,0.0,,,0.0
2025-07-05 16:00:00,,,,,,,509.0,509.0,,,0.0,,,0.0
2025-07-05 17:00:00,,,,,,,509.0,509.0,,,0.0,,,0.0
2025-07-05 18:00:00,,,,,,,1529.0,1529.0,,,0.0,,,0.0
2025-07-05 19:00:00,,,,,,,1273.0,1273.0,,,0.0,,,0.0
2025-07-05 20:00:00,,,,,,,1533.0,1533.0,,,0.0,,,0.0
2025-07-05 21:00:00,,,,,,,1529.0,1529.0,,,0.0,,,0.0
2025-07-05 22:00:00,,,,,,,1533.0,1533.0,,,0.0,,,0.0
2025-07-05 23:00:00,,,,,,,1533.0,1533.0,,,0.0,,,0.0
2025-07-06 00:00:00,,,,,,,1533.0,1533.0,,,0.0,,,0.0
2025-07-06 01:00:00,,,,,,,1533.0,1533.0,,,0.0,,,0.0
2025-07-06 02:00:00,,,,,,,1529.0,1529.0,,,0.0,,,0.0
2025-07-06 03:00:00,,,,,,,1533.0,1533.0,,,0.0,,,0.0
2025-07-06 04:00:00,,,,,,,1533.0,1533.0,,,0.0,,,0.0
2025-07-06 05:00:00,,,,,,,1533.0,1533.0,,,0.0,,,0.0
2025-07-06 06:00:00,,,,,,,1533.0,1533.0,,,0.0,,,0.0
2025-07-06 07:00:00,,,,,,,509.0,509.0,,,0.0,,,0.0
2025-07-06 08:00:00,,,,,,,509.0,509.0,,,0.0,,,0.0
2025-07-06 09:00:00,,,,,,,509.0,509.0,,,0.0,,,0.0
2025-07-06 10:00:00,,,,,,,509.0,509.0,0.7794,0.0,1.0,1.3966,0.0,1.0
2025-07-06 11:00:00,,,,,,,509.0,509.0,,,0.0,,,0.0
2025-07-06 12:00:00,,,,,,,509.0,509.0,,,0.0,,,0.0
2025-07-06 13:00:00,,,,,,,509.0,509.0,,,0.0,,,0.0
2025-07-06 14:00:00,,,,,,,509.0,509.0,,,0.0,,,0.0
2025-07-06 15:00:00,,,,,,,509.0,509.0,,,0.0,,,0.0
2025-07-06 16:00:00,,,,,,,509.0,509.0,,,0.0,,,0.0
2025-07-06 17:00:00,,,,,,,509.0,509.0,,,0.0,,,0.0
2025-07-06 18:00:00,,,,,,,1533.0,1533.0,,,0.0,,,0.0
2025-07-06 19:00:00,,,,,,,1533.0,1533.0,,,0.0,,,0.0
2025-07-06 20:00:00,,,,,,,1533.0,1533.0,,,0.0,,,0.0
2025-07-06 21:00:00,,,,,,,1533.0,1533.0,,,0.0,,,0.0
2025-07-06 22:00:00,,,,,,,1529.0,1529.0,,,0.0,,,0.0
2025-07-06 23:00:00,,,,,,,1273.0,1273.0,,,0.0,,,0.0
2025-07-07 00:00:00,,,,,,,1273.0,1273.0,,,0.0,,,0.0
2025-07-07 01:00:00,,,,,,,1533.0,1533.0,,,0.0,,,0.0
2025-07-07 02:00:00,,,,,,,1529.0,1529.0,,,0.0,,,0.0
2025-07-07 03:00:00,,,,,,,1529.0,1529.0,,,0.0,,,0.0
2025-07-07 04:00:00,,,,,,,1533.0,1533.0,,,0.0,,,0.0
2025-07-07 05:00:00,,,,,,,1273.0,1273.0,,,0.0,,,0.0
2025-07-07 06:00:00,,,,,,,1533.0,1533.0,,,0.0,,,0.0
2025-07-07 07:00:00,,,,,,,509.0,509.0,,,0.0,,,0.0
2025-07-07 08:00:00,,,,,,,509.0,509.0,,,0.0,,,0.0
2025-07-07 09:00:00,,,,,,,509.0,509.0,,,0.0,,,0.0
2025-07-07 10:00:00,,,,,,,509.0,509.0,,,0.0,,,0.0
2025-07-07 11:00:00,,,,,,,509.0,509.0,,,0.0,,,0.0
2025-07-07 12:00:00,,,,,,,509.0,509.0,,,0.0,,,0.0
2025-07-07 13:00:00,,,,,,,505.0,504.0,0.49719998,0.1796,2.0,1.1189,0.014599979,2.0
2025-07-07 14:00:00,,,,,,,509.0,509.0,0.312,0.0,1.0,1.1028,0.0,1.0
2025-07-07 15:00:00,,,,,,,509.0,509.0,,,0.0,,,0.0
2025-07-07 16:00:00,,,,,,,509.0,509.0,,,0.0,,,0.0
2025-07-07 17:00:00,,,,,,,509.0,509.0,,,0.0,,,0.0
2025-07-07 18:00:00,,,,,,,1533.0,1533.0,,,0.0,,,0.0
2025-07-07 19:00:00,,,,,,,1273.0,1273.0,,,0.0,,,0.0
2025-07-07 20:00:00,,,,,,,1273.0,1273.0,,,0.0,,,0.0
2025-07-07 21:00:00,,,,,,,1273.0,1273.0,,,0.0,,,0.0
2025-07-07 22:00:00,,,,,,,1529.0,1529.0,,,0.0,,,0.0
2025-07-07 23:00:00,,,,,,,1533.0,1533.0,,,0.0,,,0.0
2025-07-08 00:00:00,,,,,,,1533.0,1533.0,,,0.0,,,0.0
2025-07-08 01:00:00,,,,,,,1533.0,1533.0,,,0.0,,,0.0
2025-07-08 02:00:00,,,,,,,1529.0,1529.0,,,0.0,,,0.0
2025-07-08 03:00:00,,,,,,,1273.0,1273.0,,,0.0,,,0.0
2025-07-08 04:00:00,,,,,,,1273.0,1273.0,,,0.0,,,0.0
2025-07-08 05:00:00,,,,,,,1273.0,1273.0,,,0.0,,,0.0
2025-07-08 06:00:00,,,,,,,1533.0,1533.0,,,0.0,,,0.0
2025-07-08 07:00:00,,,,,,,509.0,509.0,,,0.0,,,0.0
2025-07-08 08:00:00,,,,,,,249.0,248.0,0.31599998,0.0,1.0,0.8835,0.0,1.0
2025-07-08 09:00:00,,,,,,,509.0,509.0,0.3044,0.1664,3.0,0.9032999,0.03789997,3.0
2025-07-08 10:00:00,,,,,,,509.0,509.0,,,0.0,,,0.0
2025-07-08 11:00:00,,,,,,,509.0,509.0,,,0.0,,,0.0
2025-07-08 12:00:00,,,,,,,509.0,509.0,,,0.0,,,0.0
2025-07-08 13:00:00,,,,,,,509.0,509.0,,,0.0,,,0.0
2025-07-08 14:00:00,,,,,,,509.0,509.0,,,0.0,,,0.0
2025-07-08 15:00:00,,,,,,,509.0,509.0,0.4824,0.0,1.0,0.9742,0.0,1.0
2025-07-08 16:00:00,,,,,,,509.0,509.0,,,0.0,,,0.0
2025-07-08 17:00:00,,,,,,,509.0,509.0,,,0.0,,,0.0
2025-07-08 18:00:00,,,,,,,1533.0,1533.0,,,0.0,,,0.0
2025-07-08 19:00:00,,,,,,,1533.0,1533.0,,,0.0,,,0.0
2025-07-08 20:00:00,,,,,,,1533.0,1533.0,,,0.0,,,0.0
2025-07-08 21:00:00,,,,,,,1533.0,1533.0,,,0.0,,,0.0
2025-07-08 22:00:00,,,,,,,1533.0,1533.0,,,0.0,,,0.0
2025-07-08 23:00:00,,,,,,,1533.0,1533.0,,,0.0,,,0.0
2025-07-09 00:00:00,,,,,,,1533.0,1533.0,,,0.0,,,0.0
2025-07-09 01:00:00,,,,,,,1533.0,1533.0,,,0.0,,,0.0
2025-07-09 02:00:00,,,,,,,1533.0,1533.0,,,0.0,,,0.0
2025-07-09 03:00:00,,,,,,,1529.0,1529.0,,,0.0,,,0.0
2025-07-09 04:00:00,,,,,,,1533.0,1533.0,,,0.0,,,0.0
2025-07-09 05:00:00,,,,,,,1533.0,1533.0,,,0.0,,,0.0
2025-07-09 06:00:00,,,,,,,1533.0,1533.0,,,0.0,,,0.0
2025-07-09 07:00:00,,,,,,,509.0,509.0,,,0.0,,,0.0
2025-07-09 08:00:00,,,,,,,249.0,248.0,0.3974,0.028199999,4.0,0.85469997,0.010399997,4.0
2025-07-09 09:00:00,,,,,,,249.0,249.0,0.2692,0.042999998,5.0,0.8656,0.008599997,5.0
2025-07-09 10:00:00,,,,,,,2297.0,2296.0,0.0356,0.0,1.0,0.9599,0.0,1.0
2025-07-09 11:00:00,,,,,,,505.0,504.0,0.12619999,0.121,2.0,0.9483,0.014400005,2.0
2025-07-09 12:00:00,,,,,,,505.0,504.0,0.2024,0.0324,6.0,0.9375,0.0072999597,6.0
2025-07-09 13:00:00,,,,,,,505.0,505.0,0.2438,0.0198,5.0,0.92209995,0.00089997053,5.0
2025-07-09 14:00:00,,,,,,,509.0,509.0,,,0.0,,,0.0
2025-07-09 15:00:00,,,,,,,509.0,509.0,,,0.0,,,0.0
2025-07-09 16:00:00,,,,,,,509.0,509.0,,,0.0,,,0.0
2025-07-09 17:00:00,,,,,,,509.0,509.0,,,0.0,,,0.0
2025-07-09 18:00:00,,,,,,,1533.0,1533.0,,,0.0,,,0.0
2025-07-09 19:00:00,,,,,,,1533.0,1533.0,,,0.0,,,0.0
2025-07-09 20:00:00,,,,,,,1529.0,1529.0,,,0.0,,,0.0
2025-07-09 21:00:00,,,,,,,1533.0,1533.0,,,0.0,,,0.0
2025-07-09 22:00:00,,,,,,,1533.0,1533.0,,,0.0,,,0.0
2025-07-09 23:00:00,,,,,,,1529.0,1529.0,,,0.0,,,0.0
2025-07-10 00:00:00,,,,,,,1529.0,1529.0,,,0.0,,,0.0
2025-07-10 01:00:00,,,,,,,1533.0,1533.0,,,0.0,,,0.0
2025-07-10 02:00:00,,,,,,,1533.0,1533.0,,,0.0,,,0.0
2025-07-10 03:00:00,,,,,,,1529.0,1529.0,,,0.0,,,0.0
2025-07-10 04:00:00,,,,,,,1533.0,1533.0,,,0.0,,,0.0
2025-07-10 05:00:00,,,,,,,1533.0,1533.0,,,0.0,,,0.0
2025-07-10 06:00:00,,,,,,,1533.0,1533.0,,,0.0,,,0.0
2025-07-10 07:00:00,,,,,,,509.0,509.0,,,0.0,,,0.0
2025-07-10 08:00:00,,,,,,,509.0,509.0,,,0.0,,,0.0
2025-07-10 09:00:00,,,,,,,509.0,509.0,,,0.0,,,0.0
2025-07-10 10:00:00,,,,,,,509.0,509.0,,,0.0,,,0.0
2025-07-10 11:00:00,,,,,,,509.0,509.0,,,0.0,,,0.0
2025-07-10 12:00:00,,,,,,,509.0,509.0,,,0.0,,,0.0
2025-07-10 13:00:00,,,,,,,509.0,509.0,,,0.0,,,0.0
2025-07-10 14:00:00,,,,,,,509.0,509.0,0.7122,0.0,1.0,0.8413,0.0,1.0
2025-07-10 15:00:00,,,,,,,509.0,509.0,0.383,0.5374,3.0,0.8382,0.017399967,2.0
2025-07-10 16:00:00,,,,,,,509.0,509.0,,,0.0,,,0.0
2025-07-10 17:00:00,,,,,,,509.0,509.0,,,0.0,,,0.0
2025-07-10 18:00:00,,,,,,,1533.0,1533.0,,,0.0,,,0.0
2025-07-10 19:00:00,,,,,,,1533.0,1533.0,,,0.0,,,0.0
2025-07-10 20:00:00,,,,,,,1533.0,1533.0,,,0.0,,,0.0
2025-07-10 21:00:00,,,,,,,1533.0,1533.0,,,0.0,,,0.0
2025-07-10 22:00:00,,,,,,,1533.0,1533.0,,,0.0,,,0.0
2025-07-10 23:00:00,,,,,,,1533.0,1533.0,,,0.0,,,0.0
2025-07-11 00:00:00,,,,,,,1533.0,1533.0,,,0.0,,,0.0
2025-07-11 01:00:00,,,,,,,1533.0,1533.0,,,0.0,,,0.0
2025-07-11 02:00:00,,,,,,,1533.0,1533.0,,,0.0,,,0.0
2025-07-11 03:00:00,,,,,,,1533.0,1533.0,,,0.0,,,0.0
2025-07-11 04:00:00,,,,,,,1529.0,1529.0,,,0.0,,,0.0
2025-07-11 05:00:00,,,,,,,1529.0,1529.0,,,0.0,,,0.0
2025-07-11 06:00:00,,,,,,,1533.0,1533.0,,,0.0,,,0.0
2025-07-11 07:00:00,,,,,,,509.0,509.0,,,0.0,,,0.0
2025-07-11 08:00:00,,,,,,,509.0,509.0,,,0.0,,,0.0
2025-07-11 09:00:00,,,,,,,509.0,509.0,,,0.0,,,0.0
2025-07-11 10:00:00,,,,,,,509.0,509.0,,,0.0,,,0.0
2025-07-11 11:00:00,,,,,,,509.0,509.0,,,0.0,,,0.0
2025-07-11 12:00:00,,,,,,,509.0,509.0,,,0.0,,,0.0
2025-07-11 13:00:00,,,,,,,509.0,509.0,,,0.0,,,0.0
2025-07-11 14:00:00,,,,,,,509.0,509.0,,,0.0,,,0.0
2025-07-11 15:00:00,,,,,,,509.0,509.0,,,0.0,,,0.0
2025-07-11 16:00:00,,,,,,,509.0,509.0,,,0.0,,,0.0
2025-07-11 17:00:00,,,,,,,509.0,509.0,,,0.0,,,0.0
2025-07-11 18:00:00,,,,,,,1533.0,1533.0,,,0.0,,,0.0
2025-07-11 19:00:00,,,,,,,1533.0,1533.0,,,0.0,,,0.0
2025-07-11 20:00:00,,,,,,,1529.0,1529.0,,,0.0,,,0.0
2025-07-11 21:00:00,,,,,,,1533.0,1533.0,,,0.0,,,0.0
2025-07-11 22:00:00,,,,,,,1533.0,1533.0,,,0.0,,,0.0
2025-07-11 23:00:00,,,,,,,1533.0,1533.0,,,0.0,,,0.0
2025-07-12 00:00:00,,,,,,,1533.0,1533.0,,,0.0,,,0.0
2025-07-12 01:00:00,,,,,,,1533.0,1533.0,,,0.0,,,0.0
2025-07-12 02:00:00,,,,,,,1533.0,1533.0,,,0.0,,,0.0
2025-07-12 03:00:00,,,,,,,1529.0,1529.0,,,0.0,,,0.0
2025-07-12 04:00:00,,,,,,,1533.0,1533.0,,,0.0,,,0.0
2025-07-12 05:00:00,,,,,,,1533.0,1533.0,,,0.0,,,0.0
2025-07-12 06:00:00,,,,,,,1533.0,1533.0,,,0.0,,,0.0
2025-07-12 07:00:00,,,,,,,509.0,509.0,,,0.0,,,0.0
2025-07-12 08:00:00,,,,,,,509.0,509.0,,,0.0,,,0.0
2025-07-12 09:00:00,,,,,,,509.0,509.0,,,0.0,,,0.0
2025-07-12 10:00:00,,,,,,,509.0,509.0,,,0.0,,,0.0
2025-07-12 11:00:00,,,,,,,509.0,509.0,,,0.0,,,0.0
2025-07-12 12:00:00,,,,,,,509.0,509.0,,,0.0,,,0.0
2025-07-12 13:00:00,,,,,,,509.0,509.0,,,0.0,,,0.0
2025-07-12 14:00:00,,,,,,,509.0,509.0,,,0.0,,,0.0
2025-07-12 15:00:00,,,,,,,509.0,509.0,,,0.0,,,0.0
2025-07-12 16:00:00,,,,,,,509.0,509.0,,,0.0,,,0.0
2025-07-12 17:00:00,,,,,,,505.0,505.0,,,0.0,,,0.0
2025-07-12 18:00:00,,,,,,,1533.0,1533.0,,,0.0,,,0.0
2025-07-12 19:00:00,,,,,,,1529.0,1529.0,,,0.0,,,0.0
2025-07-12 20:00:00,,,,,,,1529.0,1529.0,,,0.0,,,0.0
2025-07-12 21:00:00,,,,,,,1533.0,1533.0,,,0.0,,,0.0
2025-07-12 22:00:00,,,,,,,1533.0,1533.0,,,0.0,,,0.0
2025-07-12 23:00:00,,,,,,,1529.0,1529.0,,,0.0,,,0.0
2025-07-13 00:00:00,,,,,,,1533.0,1533.0,,,0.0,,,0.0
2025-07-13 01:00:00,,,,,,,1533.0,1533.0,,,0.0,,,0.0
2025-07-13 02:00:00,,,,,,,1533.0,1533.0,,,0.0,,,0.0
2025-07-13 03:00:00,,,,,,,1533.0,1533.0,,,0.0,,,0.0
2025-07-13 04:00:00,,,,,,,1529.0,1529.0,,,0.0,,,0.0
2025-07-13 05:00:00,,,,,,,1529.0,1529.0,,,0.0,,,0.0
2025-07-13 06:00:00,,,,,,,1533.0,1533.0,,,0.0,,,0.0
2025-07-13 07:00:00,,,,,,,509.0,509.0,,,0.0,,,0.0
2025-07-13 08:00:00,,,,,,,509.0,509.0,,,0.0,,,0.0
2025-07-13 09:00:00,,,,,,,509.0,509.0,1.0374,0.0,1.0,1.0077,0.0,1.0
2025-07-13 10:00:00,,,,,,,509.0,509.0,,,0.0,,,0.0
2025-07-13 11:00:00,,,,,,,509.0,509.0,,,0.0,,,0.0
2025-07-13 12:00:00,,,,,,,509.0,509.0,,,0.0,,,0.0
2025-07-13 13:00:00,,,,,,,509.0,509.0,,,0.0,,,0.0
2025-07-13 14:00:00,,,,,,,509.0,509.0,,,0.0,,,0.0
2025-07-13 15:00:00,,,,,,,509.0,509.0,,,0.0,,,0.0
2025-07-13 16:00:00,,,,,,,509.0,509.0,,,0.0,,,0.0
2025-07-13 17:00:00,,,,,,,509.0,509.0,,,0.0,,,0.0
2025-07-13 18:00:00,,,,,,,1533.0,1533.0,,,0.0,,,0.0
2025-07-13 19:00:00,,,,,,,1533.0,1533.0,,,0.0,,,0.0
2025-07-13 20:00:00,,,,,,,1533.0,1533.0,,,0.0,,,0.0
2025-07-13 21:00:00,,,,,,,1533.0,1533.0,,,0.0,,,0.0
2025-07-13 22:00:00,,,,,,,1533.0,1533.0,,,0.0,,,0.0
2025-07-13 23:00:00,,,,,,,1533.0,1533.0,,,0.0,,,0.0
2025-07-14 00:00:00,,,,,,,1533.0,1533.0,,,0.0,,,0.0
2025-07-14 01:00:00,,,,,,,1533.0,1533.0,,,0.0,,,0.0
2025-07-14 02:00:00,,,,,,,1533.0,1533.0,,,0.0,,,0.0
2025-07-14 03:00:00,,,,,,,1533.0,1533.0,,,0.0,,,0.0
2025-07-14 04:00:00,,,,,,,1533.0,1533.0,,,0.0,,,0.0
2025-07-14 05:00:00,,,,,,,1533.0,1533.0,,,0.0,,,0.0
2025-07-14 06:00:00,,,,,,,1533.0,1533.0,,,0.0,,,0.0
2025-07-14 07:00:00,,,,,,,509.0,509.0,,,0.0,,,0.0
2025-07-14 08:00:00,,,,,,,509.0,509.0,,,0.0,,,0.0
2025-07-14 09:00:00,,,,,,,509.0,509.0,,,0.0,,,0.0
2025-07-14 10:00:00,,,,,,,509.0,509.0,,,0.0,,,0.0
2025-07-14 11:00:00,,,,,,,509.0,509.0,,,0.0,,,0.0
2025-07-14 12:00:00,,,,,,,509.0,509.0,,,0.0,,,0.0
2025-07-14 13:00:00,,,,,,,509.0,509.0,,,0.0,,,0.0
2025-07-14 14:00:00,,,,,,,509.0,509.0,,,0.0,,,0.0
2025-07-14 15:00:00,,,,,,,509.0,509.0,,,0.0,,,0.0
2025-07-14 16:00:00,,,,,,,509.0,509.0,,,0.0,,,0.0
2025-07-14 17:00:00,,,,,,,509.0,509.0,,,0.0,,,0.0
2025-07-14 18:00:00,,,,,,,1533.0,1533.0,,,0.0,,,0.0
2025-07-14 19:00:00,,,,,,,1529.0,1529.0,,,0.0,,,0.0
2025-07-14 20:00:00,,,,,,,1529.0,1529.0,,,0.0,,,0.0
2025-07-14 21:00:00,,,,,,,1533.0,1533.0,,,0.0,,,0.0
2025-07-14 22:00:00,,,,,,,1533.0,1533.0,,,0.0,,,0.0
2025-07-14 23:00:00,,,,,,,1533.0,1533.0,,,0.0,,,0.0
2025-07-15 00:00:00,,,,,,,1529.0,1529.0,,,0.0,,,0.0
2025-07-15 01:00:00,,,,,,,1529.0,1529.0,,,0.0,,,0.0
2025-07-15 02:00:00,,,,,,,1533.0,1533.0,,,0.0,,,0.0
2025-07-15 03:00:00,,,,,,,1533.0,1533.0,,,0.0,,,0.0
2025-07-15 04:00:00,,,,,,,1533.0,1533.0,,,0.0,,,0.0
2025-07-15 05:00:00,,,,,,,1529.0,1529.0,,,0.0,,,0.0
2025-07-15 06:00:00,,,,,,,1533.0,1533.0,,,0.0,,,0.0
2025-07-15 07:00:00,,,,,,,509.0,509.0,,,0.0,,,0.0
2025-07-15 08:00:00,,,,,,,509.0,509.0,,,0.0,,,0.0
2025-07-15 09:00:00,,,,,,,509.0,509.0,,,0.0,,,0.0
2025-07-15 10:00:00,,,,,,,509.0,509.0,,,0.0,,,0.0
2025-07-15 11:00:00,,,,,,,509.0,509.0,,,0.0,,,0.0
2025-07-15 12:00:00,,,,,,,509.0,509.0,,,0.0,,,0.0
2025-07-15 13:00:00,,,,,,,509.0,509.0,,,0.0,,,0.0
2025-07-15 14:00:00,,,,,,,509.0,509.0,,,0.0,,,0.0
2025-07-15 15:00:00,,,,,,,509.0,509.0,,,0.0,,,0.0
2025-07-15 16:00:00,,,,,,,509.0,509.0,,,0.0,,,0.0
2025-07-15 17:00:00,,,,,,,509.0,509.0,,,0.0,,,0.0
2025-07-15 18:00:00,,,,,,,1533.0,1533.0,,,0.0,,,0.0
2025-07-15 19:00:00,,,,,,,1533.0,1533.0,,,0.0,,,0.0
2025-07-15 20:00:00,,,,,,,1533.0,1533.0,,,0.0,,,0.0
2025-07-15 21:00:00,,,,,,,1533.0,1533.0,,,0.0,,,0.0
2025-07-15 22:00:00,,,,,,,1533.0,1533.0,,,0.0,,,0.0
2025-07-15 23:00:00,,,,,,,1529.0,1529.0,,,0.0,,,0.0
2025-07-16 00:00:00,,,,,,,1533.0,1533.0,,,0.0,,,0.0
2025-07-16 01:00:00,,,,,,,1529.0,1529.0,,,0.0,,,0.0
2025-07-16 02:00:00,,,,,,,1533.0,1533.0,,,0.0,,,0.0
2025-07-16 03:00:00,,,,,,,1533.0,1533.0,,,0.0,,,0.0
2025-07-16 04:00:00,,,,,,,1533.0,1533.0,,,0.0,,,0.0
2025-07-16 05:00:00,,,,,,,1529.0,1529.0,,,0.0,,,0.0
2025-07-16 06:00:00,,,,,,,1533.0,1533.0,,,0.0,,,0.0
2025-07-16 07:00:00,,,,,,,509.0,509.0,,,0.0,,,0.0
2025-07-16 08:00:00,,,,,,,509.0,509.0,,,0.0,,,0.0
2025-07-16 09:00:00,,,,,,,509.0,509.0,,,0.0,,,0.0
2025-07-16 10:00:00,,,,,,,509.0,509.0,,,0.0,,,0.0
2025-07-16 11:00:00,,,,,,,509.0,509.0,,,0.0,,,0.0
2025-07-16 12:00:00,,,,,,,509.0,509.0,,,0.0,,,0.0
2025-07-16 13:00:00,,,,,,,509.0,509.0,,,0.0,,,0.0
2025-07-16 14:00:00,,,,,,,509.0,509.0,,,0.0,,,0.0
2025-07-16 15:00:00,,,,,,,509.0,509.0,,,0.0,,,0.0
2025-07-16 16:00:00,,,,,,,509.0,509.0,,,0.0,,,0.0
2025-07-16 17:00:00,,,,,,,509.0,509.0,,,0.0,,,0.0
2025-07-16 18:00:00,,,,,,,1533.0,1533.0,,,0.0,,,0.0
2025-07-16 19:00:00,,,,,,,1533.0,1533.0,,,0.0,,,0.0
2025-07-16 20:00:00,,,,,,,1533.0,1533.0,,,0.0,,,0.0
2025-07-16 21:00:00,,,,,,,1533.0,1533.0,,,0.0,,,0.0
2025-07-16 22:00:00,,,,,,,1533.0,1533.0,,,0.0,,,0.0
2025-07-16 23:00:00,,,,,,,1533.0,1533.0,,,0.0,,,0.0
2025-07-17 00:00:00,,,,,,,1533.0,1533.0,,,0.0,,,0.0
2025-07-17 01:00:00,,,,,,,1529.0,1529.0,,,0.0,,,0.0
2025-07-17 02:00:00,,,,,,,1273.0,1273.0,,,0.0,,,0.0
2025-07-17 03:00:00,,,,,,,1529.0,1529.0,,,0.0,,,0.0
2025-07-17 04:00:00,,,,,,,1273.0,1273.0,,,0.0,,,0.0
2025-07-17 05:00:00,,,,,,,1273.0,1273.0,,,0.0,,,0.0
2025-07-17 06:00:00,,,,,,,1533.0,1533.0,,,0.0,,,0.0
2025-07-17 07:00:00,,,,,,,505.0,504.0,0.1954,0.0,1.0,0.9979,0.0,1.0
2025-07-17 08:00:00,,,,,,,509.0,509.0,,,0.0,,,0.0
2025-07-17 09:00:00,,,,,,,509.0,509.0,,,0.0,,,0.0
2025-07-17 10:00:00,,,,,,,509.0,509.0,,,0.0,,,0.0
2025-07-17 11:00:00,,,,,,,509.0,509.0,,,0.0,,,0.0
2025-07-17 12:00:00,,,,,,,509.0,509.0,,,0.0,,,0.0
2025-07-17 13:00:00,,,,,,,509.0,509.0,,,0.0,,,0.0
2025-07-17 14:00:00,,,,,,,509.0,509.0,,,0.0,,,0.0
2025-07-17 15:00:00,,,,,,,509.0,509.0,,,0.0,,,0.0
2025-07-17 16:00:00,,,,,,,505.0,505.0,,,0.0,,,0.0
2025-07-17 17:00:00,,,,,,,509.0,509.0,,,0.0,,,0.0
2025-07-17 18:00:00,,,,,,,1533.0,1533.0,,,0.0,,,0.0
2025-07-17 19:00:00,,,,,,,1533.0,1533.0,,,0.0,,,0.0
2025-07-17 20:00:00,,,,,,,1533.0,1533.0,,,0.0,,,0.0
2025-07-17 21:00:00,,,,,,,1273.0,1273.0,,,0.0,,,0.0
2025-07-17 22:00:00,,,,,,,1529.0,1529.0,,,0.0,,,0.0
2025-07-17 23:00:00,,,,,,,1529.0,1529.0,,,0.0,,,0.0
2025-07-18 00:00:00,,,,,,,1529.0,1529.0,,,0.0,,,0.0
2025-07-18 01:00:00,,,,,,,1533.0,1533.0,,,0.0,,,0.0
2025-07-18 02:00:00,,,,,,,1529.0,1529.0,,,0.0,,,0.0
2025-07-18 03:00:00,,,,,,,1533.0,1533.0,,,0.0,,,0.0
2025-07-18 04:00:00,,,,,,,1533.0,1533.0,,,0.0,,,0.0
2025-07-18 05:00:00,,,,,,,1533.0,1533.0,,,0.0,,,0.0
2025-07-18 06:00:00,,,,,,,1533.0,1533.0,,,0.0,,,0.0
2025-07-18 07:00:00,,,,,,,509.0,509.0,,,0.0,,,0.0
2025-07-18 08:00:00,,,,,,,509.0,509.0,0.2122,0.0158,2.0,1.0416,0.0026999712,2.0
2025-07-18 09:00:00,,,,,,,509.0,509.0,0.4156,0.035,3.0,1.0088999,0.016600013,3.0
2025-07-18 10:00:00,,,,,,,509.0,509.0,,,0.0,,,0.0
2025-07-18 11:00:00,,,,,,,509.0,509.0,0.475,0.0106,2.0,1.0978999,0.007499993,2.0
2025-07-18 12:00:00,,,,,,,509.0,509.0,,,0.0,,,0.0
2025-07-18 13:00:00,,,,,,,509.0,509.0,,,0.0,,,0.0
2025-07-18 14:00:00,,,,,,,509.0,509.0,,,0.0,,,0.0
2025-07-18 15:00:00,,,,,,,509.0,509.0,,,0.0,,,0.0
2025-07-18 16:00:00,,,,,,,509.0,509.0,,,0.0,,,0.0
2025-07-18 17:00:00,,,,,,,509.0,509.0,,,0.0,,,0.0
2025-07-18 18:00:00,,,,,,,1533.0,1533.0,,,0.0,,,0.0
2025-07-18 19:00:00,,,,,,,1529.0,1529.0,,,0.0,,,0.0
2025-07-18 20:00:00,,,,,,,1533.0,1533.0,,,0.0,,,0.0
2025-07-18 21:00:00,,,,,,,1533.0,1533.0,,,0.0,,,0.0
2025-07-18 22:00:00,,,,,,,1533.0,1533.0,,,0.0,,,0.0
2025-07-18 23:00:00,,,,,,,1533.0,1533.0,,,0.0,,,0.0
2025-07-19 00:00:00,,,,,,,1533.0,1533.0,,,0.0,,,0.0
2025-07-19 01:00:00,,,,,,,1533.0,1533.0,,,0.0,,,0.0
2025-07-19 02:00:00,,,,,,,1533.0,1533.0,,,0.0,,,0.0
2025-07-19 03:00:00,,,,,,,1533.0,1533.0,,,0.0,,,0.0
2025-07-19 04:00:00,,,,,,,1533.0,1533.0,,,0.0,,,0.0
2025-07-19 05:00:00,,,,,,,1533.0,1533.0,,,0.0,,,0.0
2025-07-19 06:00:00,,,,,,,1533.0,1533.0,,,0.0,,,0.0
2025-07-19 07:00:00,,,,,,,509.0,509.0,,,0.0,,,0.0
2025-07-19 08:00:00,,,,,,,505.0,504.0,0.7862,0.0,1.0,0.9059,0.0,1.0
2025-07-19 09:00:00,,,,,,,505.0,504.0,0.5822,0.074599996,5.0,1.013,0.032000005,5.0
2025-07-19 10:00:00,,,,,,,505.0,504.0,0.5196,0.1626,2.0,1.0248,0.05489999,2.0
2025-07-19 11:00:00,,,,,,,505.0,505.0,0.6128,0.0,1.0,1.0221,0.0,1.0
2025-07-19 12:00:00,,,,,,,509.0,509.0,,,0.0,,,0.0
2025-07-19 13:00:00,,,,,,,509.0,509.0,,,0.0,,,0.0
2025-07-19 14:00:00,,,,,,,509.0,509.0,,,0.0,,,0.0
2025-07-19 15:00:00,,,,,,,509.0,509.0,,,0.0,,,0.0
2025-07-19 16:00:00,,,,,,,509.0,509.0,,,0.0,,,0.0
2025-07-19 17:00:00,,,,,,,509.0,509.0,,,0.0,,,0.0
2025-07-19 18:00:00,,,,,,,1533.0,1533.0,,,0.0,,,0.0
2025-07-19 19:00:00,,,,,,,1533.0,1533.0,,,0.0,,,0.0
2025-07-19 20:00:00,,,,,,,1529.0,1529.0,,,0.0,,,0.0
2025-07-19 21:00:00,,,,,,,1533.0,1533.0,,,0.0,,,0.0
2025-07-19 22:00:00,,,,,,,1529.0,1529.0,,,0.0,,,0.0
2025-07-19 23:00:00,,,,,,,1533.0,1533.0,,,0.0,,,0.0
2025-07-20 00:00:00,,,,,,,1533.0,1533.0,,,0.0,,,0.0
2025-07-20 01:00:00,,,,,,,1533.0,1533.0,,,0.0,,,0.0
2025-07-20 02:00:00,,,,,,,1529.0,1529.0,,,0.0,,,0.0
2025-07-20 03:00:00,,,,,,,1533.0,1533.0,,,0.0,,,0.0
2025-07-20 04:00:00,,,,,,,1533.0,1533.0,,,0.0,,,0.0
2025-07-20 05:00:00,,,,,,,1533.0,1533.0,,,0.0,,,0.0
2025-07-20 06:00:00,,,,,,,1533.0,1533.0,,,0.0,,,0.0
2025-07-20 07:00:00,,,,,,,509.0,509.0,,,0.0,,,0.0
2025-07-20 08:00:00,,,,,,,2553.0,2552.0,0.29,0.0638,2.0,1.1286,0.0589,2.0
2025-07-20 09:00:00,,,,,,,509.0,509.0,,,0.0,,,0.0
2025-07-20 10:00:00,,,,,,,509.0,509.0,,,0.0,,,0.0
2025-07-20 11:00:00,,,,,,,509.0,509.0,,,0.0,,,0.0
2025-07-20 12:00:00,,,,,,,509.0,509.0,,,0.0,,,0.0
2025-07-20 13:00:00,,,,,,,509.0,509.0,,,0.0,,,0.0
2025-07-20 14:00:00,,,,,,,509.0,509.0,,,0.0,,,0.0
2025-07-20 15:00:00,,,,,,,509.0,509.0,,,0.0,,,0.0
2025-07-20 16:00:00,,,,,,,509.0,509.0,,,0.0,,,0.0
2025-07-20 17:00:00,,,,,,,509.0,509.0,,,0.0,,,0.0
2025-07-20 18:00:00,,,,,,,1533.0,1533.0,,,0.0,,,0.0
2025-07-20 19:00:00,,,,,,,1533.0,1533.0,,,0.0,,,0.0
2025-07-20 20:00:00,,,,,,,1529.0,1529.0,,,0.0,,,0.0
2025-07-20 21:00:00,,,,,,,1533.0,1533.0,,,0.0,,,0.0
2025-07-20 22:00:00,,,,,,,1533.0,1533.0,,,0.0,,,0.0
2025-07-20 23:00:00,,,,,,,1533.0,1533.0,,,0.0,,,0.0
2025-07-21 00:00:00,,,,,,,1533.0,1533.0,,,0.0,,,0.0
2025-07-21 01:00:00,,,,,,,1533.0,1533.0,,,0.0,,,0.0
2025-07-21 02:00:00,,,,,,,1529.0,1529.0,,,0.0,,,0.0
2025-07-21 03:00:00,,,,,,,1533.0,1533.0,,,0.0,,,0.0
2025-07-21 04:00:00,,,,,,,1533.0,1533.0,,,0.0,,,0.0
2025-07-21 05:00:00,,,,,,,1533.0,1533.0,,,0.0,,,0.0
2025-07-21 06:00:00,,,,,,,1533.0,1533.0,,,0.0,,,0.0
2025-07-21 07:00:00,,,,,,,509.0,509.0,,,0.0,,,0.0
2025-07-21 08:00:00,,,,,,,509.0,509.0,,,0.0,,,0.0
2025-07-21 09:00:00,,,,,,,509.0,509.0,,,0.0,,,0.0
2025-07-21 10:00:00,,,,,,,509.0,509.0,,,0.0,,,0.0
2025-07-21 11:00:00,,,,,,,509.0,509.0,,,0.0,,,0.0
2025-07-21 12:00:00,,,,,,,509.0,509.0,,,0.0,,,0.0
2025-07-21 13:00:00,,,,,,,509.0,509.0,,,0.0,,,0.0
2025-07-21 14:00:00,,,,,,,509.0,509.0,,,0.0,,,0.0
2025-07-21 15:00:00,,,,,,,509.0,509.0,,,0.0,,,0.0
2025-07-21 16:00:00,,,,,,,509.0,509.0,,,0.0,,,0.0
2025-07-21 17:00:00,,,,,,,509.0,509.0,,,0.0,,,0.0
2025-07-21 18:00:00,,,,,,,1533.0,1533.0,,,0.0,,,0.0
2025-07-21 19:00:00,,,,,,,1533.0,1533.0,,,0.0,,,0.0
2025-07-21 20:00:00,,,,,,,1529.0,1529.0,,,0.0,,,0.0
2025-07-21 21:00:00,,,,,,,1533.0,1533.0,,,0.0,,,0.0
2025-07-21 22:00:00,,,,,,,1533.0,1533.0,,,0.0,,,0.0
2025-07-21 23:00:00,,,,,,,1533.0,1533.0,,,0.0,,,0.0
2025-07-22 00:00:00,,,,,,,1529.0,1529.0,,,0.0,,,0.0
2025-07-22 01:00:00,,,,,,,1533.0,1533.0,,,0.0,,,0.0
2025-07-22 02:00:00,,,,,,,1533.0,1533.0,,,0.0,,,0.0
2025-07-22 03:00:00,,,,,,,1529.0,1529.0,,,0.0,,,0.0
2025-07-22 04:00:00,,,,,,,1533.0,1533.0,,,0.0,,,0.0
2025-07-22 05:00:00,,,,,,,1529.0,1529.0,,,0.0,,,0.0
2025-07-22 06:00:00,,,,,,,1533.0,1533.0,,,0.0,,,0.0
2025-07-22 07:00:00,,,,,,,509.0,509.0,,,0.0,,,0.0
2025-07-22 08:00:00,,,,,,,509.0,509.0,,,0.0,,,0.0
2025-07-22 09:00:00,,,,,,,509.0,509.0,,,0.0,,,0.0
2025-07-22 10:00:00,,,,,,,509.0,509.0,,,0.0,,,0.0
2025-07-22 11:00:00,,,,,,,509.0,509.0,,,0.0,,,0.0
2025-07-22 12:00:00,,,,,,,509.0,509.0,,,0.0,,,0.0
2025-07-22 13:00:00,,,,,,,509.0,509.0,,,0.0,,,0.0
2025-07-22 14:00:00,,,,,,,509.0,509.0,,,0.0,,,0.0
2025-07-22 15:00:00,,,,,,,509.0,509.0,,,0.0,,,0.0
2025-07-22 16:00:00,,,,,,,509.0,509.0,,,0.0,,,0.0
2025-07-22 17:00:00,,,,,,,509.0,509.0,,,0.0,,,0.0
2025-07-22 18:00:00,,,,,,,1533.0,1533.0,,,0.0,,,0.0
2025-07-22 19:00:00,,,,,,,1529.0,1529.0,,,0.0,,,0.0
2025-07-22 20:00:00,,,,,,,1273.0,1273.0,,,0.0,,,0.0
2025-07-22 21:00:00,,,,,,,1533.0,1533.0,,,0.0,,,0.0
2025-07-22 22:00:00,,,,,,,1533.0,1533.0,,,0.0,,,0.0
2025-07-22 23:00:00,,,,,,,1273.0,1273.0,,,0.0,,,0.0
2025-07-23 00:00:00,,,,,,,1533.0,1533.0,,,0.0,,,0.0
2025-07-23 01:00:00,,,,,,,1533.0,1533.0,,,0.0,,,0.0
2025-07-23 02:00:00,,,,,,,1533.0,1533.0,,,0.0,,,0.0
2025-07-23 03:00:00,,,,,,,1533.0,1533.0,,,0.0,,,0.0
2025-07-23 04:00:00,,,,,,,1533.0,1533.0,,,0.0,,,0.0
2025-07-23 05:00:00,,,,,,,1529.0,1529.0,,,0.0,,,0.0
2025-07-23 06:00:00,,,,,,,1533.0,1533.0,,,0.0,,,0.0
2025-07-23 07:00:00,,,,,,,509.0,509.0,,,0.0,,,0.0
2025-07-23 08:00:00,,,,,,,509.0,509.0,,,0.0,,,0.0
2025-07-23 09:00:00,,,,,,,509.0,509.0,,,0.0,,,0.0
2025-07-23 10:00:00,,,,,,,509.0,509.0,,,0.0,,,0.0
2025-07-23 11:00:00,,,,,,,509.0,509.0,,,0.0,,,0.0
2025-07-23 12:00:00,,,,,,,509.0,509.0,,,0.0,,,0.0
2025-07-23 13:00:00,,,,,,,509.0,509.0,,,0.0,,,0.0
2025-07-23 14:00:00,,,,,,,509.0,509.0,,,0.0,,,0.0
2025-07-23 15:00:00,,,,,,,509.0,509.0,,,0.0,,,0.0
2025-07-23 16:00:00,,,,,,,509.0,509.0,,,0.0,,,0.0
2025-07-23 17:00:00,,,,,,,509.0,509.0,,,0.0,,,0.0
2025-07-23 18:00:00,,,,,,,1533.0,1533.0,,,0.0,,,0.0
2025-07-23 19:00:00,,,,,,,1533.0,1533.0,,,0.0,,,0.0
2025-07-23 20:00:00,,,,,,,1533.0,1533.0,,,0.0,,,0.0
2025-07-23 21:00:00,,,,,,,1533.0,1533.0,,,0.0,,,0.0
2025-07-23 22:00:00,,,,,,,1529.0,1529.0,,,0.0,,,0.0
2025-07-23 23:00:00,,,,,,,1533.0,1533.0,,,0.0,,,0.0
2025-07-24 00:00:00,,,,,,,1533.0,1533.0,,,0.0,,,0.0
2025-07-24 01:00:00,,,,,,,1529.0,1529.0,,,0.0,,,0.0
2025-07-24 02:00:00,,,,,,,1533.0,1533.0,,,0.0,,,0.0
2025-07-24 03:00:00,,,,,,,1533.0,1533.0,,,0.0,,,0.0
2025-07-24 04:00:00,,,,,,,1529.0,1529.0,,,0.0,,,0.0
2025-07-24 05:00:00,,,,,,,1533.0,1533.0,,,0.0,,,0.0
2025-07-24 06:00:00,,,,,,,1533.0,1533.0,,,0.0,,,0.0
2025-07-24 07:00:00,,,,,,,509.0,509.0,,,0.0,,,0.0
2025-07-24 08:00:00,,,,,,,509.0,509.0,,,0.0,,,0.0
2025-07-24 09:00:00,,,,,,,509.0,509.0,,,0.0,,,0.0
2025-07-24 10:00:00,,,,,,,509.0,509.0,,,0.0,,,0.0
2025-07-24 11:00:00,,,,,,,509.0,509.0,,,0.0,,,0.0
2025-07-24 12:00:00,,,,,,,509.0,509.0,,,0.0,,,0.0
2025-07-24 13:00:00,,,,,,,509.0,509.0,,,0.0,,,0.0
2025-07-24 14:00:00,,,,,,,509.0,509.0,,,0.0,,,0.0
2025-07-24 15:00:00,,,,,,,509.0,509.0,,,0.0,,,0.0
2025-07-24 16:00:00,,,,,,,509.0,509.0,,,0.0,,,0.0
2025-07-24 17:00:00,,,,,,,509.0,509.0,,,0.0,,,0.0
2025-07-24 18:00:00,,,,,,,1533.0,1533.0,,,0.0,,,0.0
2025-07-24 19:00:00,,,,,,,1533.0,1533.0,,,0.0,,,0.0
2025-07-24 20:00:00,,,,,,,1529.0,1529.0,,,0.0,,,0.0
2025-07-24 21:00:00,,,,,,,1533.0,1533.0,,,0.0,,,0.0
2025-07-24 22:00:00,,,,,,,1533.0,1533.0,,,0.0,,,0.0
2025-07-24 23:00:00,,,,,,,1533.0,1533.0,,,0.0,,,0.0
2025-07-25 00:00:00,,,,,,,1529.0,1529.0,,,0.0,,,0.0
2025-07-25 01:00:00,,,,,,,1533.0,1533.0,,,0.0,,,0.0
2025-07-25 02:00:00,,,,,,,1533.0,1533.0,,,0.0,,,0.0
2025-07-25 03:00:00,,,,,,,1533.0,1533.0,,,0.0,,,0.0
2025-07-25 04:00:00,,,,,,,1533.0,1533.0,,,0.0,,,0.0
2025-07-25 05:00:00,,,,,,,1533.0,1533.0,,,0.0,,,0.0
2025-07-25 06:00:00,,,,,,,1533.0,1533.0,,,0.0,,,0.0
2025-07-25 07:00:00,,,,,,,509.0,509.0,,,0.0,,,0.0
2025-07-25 08:00:00,,,,,,,509.0,509.0,,,0.0,,,0.0
2025-07-25 09:00:00,,,,,,,509.0,509.0,,,0.0,,,0.0
2025-07-25 10:00:00,,,,,,,509.0,509.0,,,0.0,,,0.0
2025-07-25 11:00:00,,,,,,,509.0,509.0,,,0.0,,,0.0
2025-07-25 12:00:00,,,,,,,509.0,509.0,,,0.0,,,0.0
2025-07-25 13:00:00,,,,,,,509.0,509.0,,,0.0,,,0.0
2025-07-25 14:00:00,,,,,,,509.0,509.0,,,0.0,,,0.0
2025-07-25 15:00:00,,,,,,,509.0,509.0,,,0.0,,,0.0
2025-07-25 16:00:00,,,,,,,509.0,509.0,,,0.0,,,0.0
2025-07-25 17:00:00,,,,,,,509.0,509.0,,,0.0,,,0.0
2025-07-25 18:00:00,,,,,,,1533.0,1533.0,,,0.0,,,0.0
2025-07-25 19:00:00,,,,,,,1533.0,1533.0,,,0.0,,,0.0
2025-07-25 20:00:00,,,,,,,1533.0,1533.0,,,0.0,,,0.0
2025-07-25 21:00:00,,,,,,,1533.0,1533.0,,,0.0,,,0.0
2025-07-25 22:00:00,,,,,,,1529.0,1529.0,,,0.0,,,0.0
2025-07-25 23:00:00,,,,,,,1529.0,1529.0,,,0.0,,,0.0
2025-07-26 00:00:00,,,,,,,1533.0,1533.0,,,0.0,,,0.0
2025-07-26 01:00:00,,,,,,,1533.0,1533.0,,,0.0,,,0.0
2025-07-26 02:00:00,,,,,,,1533.0,1533.0,,,0.0,,,0.0
2025-07-26 03:00:00,,,,,,,1273.0,1273.0,,,0.0,,,0.0
2025-07-26 04:00:00,,,,,,,1533.0,1533.0,,,0.0,,,0.0
2025-07-26 05:00:00,,,,,,,1529.0,1529.0,,,0.0,,,0.0
2025-07-26 06:00:00,,,,,,,1533.0,1533.0,,,0.0,,,0.0
2025-07-26 07:00:00,,,,,,,509.0,509.0,,,0.0,,,0.0
2025-07-26 08:00:00,,,,,,,509.0,509.0,,,0.0,,,0.0
2025-07-26 09:00:00,,,,,,,509.0,509.0,,,0.0,,,0.0
2025-07-26 10:00:00,,,,,,,509.0,509.0,,,0.0,,,0.0
2025-07-26 11:00:00,,,,,,,509.0,509.0,,,0.0,,,0.0
2025-07-26 12:00:00,,,,,,,509.0,509.0,,,0.0,,,0.0
2025-07-26 13:00:00,,,,,,,509.0,509.0,,,0.0,,,0.0
2025-07-26 14:00:00,,,,,,,509.0,509.0,,,0.0,,,0.0
2025-07-26 15:00:00,,,,,,,509.0,509.0,,,0.0,,,0.0
2025-07-26 16:00:00,,,,,,,509.0,509.0,,,0.0,,,0.0
2025-07-26 17:00:00,,,,,,,509.0,509.0,,,0.0,,,0.0
2025-07-26 18:00:00,,,,,,,1533.0,1533.0,,,0.0,,,0.0
2025-07-26 19:00:00,,,,,,,1533.0,1533.0,,,0.0,,,0.0
2025-07-26 20:00:00,,,,,,,1533.0,1533.0,,,0.0,,,0.0
2025-07-26 21:00:00,,,,,,,1533.0,1533.0,,,0.0,,,0.0
2025-07-26 22:00:00,,,,,,,1529.0,1529.0,,,0.0,,,0.0
2025-07-26 23:00:00,,,,,,,1533.0,1533.0,,,0.0,,,0.0
2025-07-27 00:00:00,,,,,,,1529.0,1529.0,,,0.0,,,0.0
2025-07-27 01:00:00,,,,,,,1533.0,1533.0,,,0.0,,,0.0
2025-07-27 02:00:00,,,,,,,1533.0,1533.0,,,0.0,,,0.0
2025-07-27 03:00:00,,,,,,,1533.0,1533.0,,,0.0,,,0.0
2025-07-27 04:00:00,,,,,,,1529.0,1529.0,,,0.0,,,0.0
2025-07-27 05:00:00,,,,,,,1533.0,1533.0,,,0.0,,,0.0
2025-07-27 06:00:00,,,,,,,1533.0,1533.0,,,0.0,,,0.0
2025-07-27 07:00:00,,,,,,,509.0,509.0,,,0.0,,,0.0
2025-07-27 08:00:00,,,,,,,509.0,509.0,0.6174,0.15959999,4.0,1.0268999,0.062299967,4.0
2025-07-27 09:00:00,,,,,,,509.0,509.0,,,0.0,,,0.0
2025-07-27 10:00:00,,,,,,,509.0,509.0,,,0.0,,,0.0
2025-07-27 11:00:00,,,,,,,509.0,509.0,,,0.0,,,0.0
2025-07-27 12:00:00,,,,,,,509.0,509.0,0.6192,0.0,1.0,1.1047,0.0,1.0
2025-07-27 13:00:00,,,,,,,509.0,509.0,,,0.0,,,0.0
2025-07-27 14:00:00,,,,,,,509.0,509.0,,,0.0,,,0.0
2025-07-27 15:00:00,,,,,,,509.0,509.0,0.0094,0.0,1.0,1.1581999,0.0,1.0
2025-07-27 16:00:00,,,,,,,509.0,509.0,,,0.0,,,0.0
2025-07-27 17:00:00,,,,,,,509.0,509.0,,,0.0,,,0.0
2025-07-27 18:00:00,,,,,,,1533.0,1533.0,,,0.0,,,0.0
2025-07-27 19:00:00,,,,,,,1533.0,1533.0,,,0.0,,,0.0
2025-07-27 20:00:00,,,,,,,1533.0,1533.0,,,0.0,,,0.0
2025-07-27 21:00:00,,,,,,,1529.0,1529.0,,,0.0,,,0.0
2025-07-27 22:00:00,,,,,,,1529.0,1529.0,,,0.0,,,0.0
2025-07-27 23:00:00,,,,,,,1533.0,1533.0,,,0.0,,,0.0
2025-07-28 00:00:00,,,,,,,1533.0,1533.0,,,0.0,,,0.0
2025-07-28 01:00:00,,,,,,,1533.0,1533.0,,,0.0,,,0.0
2025-07-28 02:00:00,,,,,,,1533.0,1533.0,,,0.0,,,0.0
2025-07-28 03:00:00,,,,,,,1273.0,1273.0,,,0.0,,,0.0
2025-07-28 04:00:00,,,,,,,1273.0,1273.0,,,0.0,,,0.0
2025-07-28 05:00:00,,,,,,,1273.0,1273.0,,,0.0,,,0.0
2025-07-28 06:00:00,,,,,,,1533.0,1533.0,,,0.0,,,0.0
2025-07-28 07:00:00,,,,,,,2297.0,2296.0,0.4648,0.0,1.0,1.1349,0.0,1.0
2025-07-28 08:00:00,0.5988,,,,,,453.0,509.0,0.4904,0.087,4.0,1.1327,0.042100012,4.0
2025-07-28 09:00:00,,,,,,,509.0,509.0,,,0.0,,,0.0
2025-07-28 10:00:00,,,,,,,509.0,509.0,,,0.0,,,0.0
2025-07-28 11:00:00,,,,,,,509.0,509.0,0.8684,0.1432,4.0,1.2127,0.10649997,4.0
2025-07-28 12:00:00,,,,,,,505.0,504.0,0.6114,0.0,1.0,1.1889,0.0,1.0
2025-07-28 13:00:00,,,,,,,505.0,504.0,0.55979997,0.16579999,5.0,1.1881,0.009000003,5.0
2025-07-28 14:00:00,,,,,,,2553.0,2552.0,0.1998,0.106199995,3.0,1.1658,0.004400015,3.0
2025-07-28 15:00:00,,,,,,,509.0,509.0,,,0.0,,,0.0
2025-07-28 16:00:00,,,,,,,509.0,509.0,,,0.0,,,0.0
2025-07-28 17:00:00,,,,,,,509.0,509.0,0.5216,0.0039999997,2.0,0.80069995,0.0058999658,2.0
2025-07-28 18:00:00,,,,,,,1533.0,1533.0,,,0.0,,,0.0
2025-07-28 19:00:00,,,,,,,1533.0,1533.0,,,0.0,,,0.0
2025-07-28 20:00:00,,,,,,,1533.0,1533.0,,,0.0,,,0.0
2025-07-28 21:00:00,,,,,,,1273.0,1273.0,,,0.0,,,0.0
2025-07-28 22:00:00,,,,,,,1273.0,1273.0,,,0.0,,,0.0
2025-07-28 23:00:00,,,,,,,1273.0,1273.0,,,0.0,,,0.0
2025-07-29 00:00:00,,,,,,,1273.0,1273.0,,,0.0,,,0.0
2025-07-29 01:00:00,,,,,,,1273.0,1273.0,,,0.0,,,0.0
2025-07-29 02:00:00,,,,,,,1529.0,1529.0,,,0.0,,,0.0
2025-07-29 03:00:00,,,,,,,1273.0,1273.0,,,0.0,,,0.0
2025-07-29 04:00:00,,,,,,,1533.0,1533.0,,,0.0,,,0.0
2025-07-29 05:00:00,,,,,,,1533.0,1533.0,,,0.0,,,0.0
2025-07-29 06:00:00,,,,,,,1533.0,1533.0,,,0.0,,,0.0
2025-07-29 07:00:00,,,,,,,509.0,509.0,,,0.0,,,0.0
2025-07-29 08:00:00,,,,,,,509.0,509.0,,,0.0,,,0.0
2025-07-29 09:00:00,,,,,,,509.0,509.0,0.97599995,0.2128,2.0,1.1258999,0.0941,2.0
2025-07-29 10:00:00,,,,,,,505.0,504.0,0.5442,0.0,1.0,1.1874,0.0,1.0
2025-07-29 11:00:00,,,,,,,509.0,509.0,0.8264,0.0,1.0,1.1093,0.0,1.0
2025-07-29 12:00:00,,,,,,,2553.0,2552.0,0.2642,0.0334,5.0,1.1784999,0.005800009,5.0
2025-07-29 13:00:00,,,,,,,2553.0,2552.0,0.2956,0.1628,4.0,1.1953,0.004499972,4.0
2025-07-29 14:00:00,,,,,,,509.0,509.0,0.3574,0.23979999,4.0,1.1824,0.01969999,4.0
2025-07-29 15:00:00,,,,,,,509.0,509.0,,,0.0,,,0.0
2025-07-29 16:00:00,,,,,,,509.0,509.0,,,0.0,,,0.0
2025-07-29 17:00:00,,,,,,,509.0,509.0,,,0.0,,,0.0
2025-07-29 18:00:00,,,,,,,1533.0,1533.0,,,0.0,,,0.0
2025-07-29 19:00:00,,,,,,,1533.0,1533.0,,,0.0,,,0.0
2025-07-29 20:00:00,,,,,,,1533.0,1533.0,,,0.0,,,0.0
2025-07-29 21:00:00,,,,,,,1533.0,1533.0,,,0.0,,,0.0
2025-07-29 22:00:00,,,,,,,1533.0,1533.0,,,0.0,,,0.0
2025-07-29 23:00:00,,,,,,,1533.0,1533.0,,,0.0,,,0.0
2025-07-30 00:00:00,,,,,,,1533.0,1533.0,,,0.0,,,0.0
2025-07-30 01:00:00,,,,,,,1533.0,1533.0,,,0.0,,,0.0
2025-07-30 02:00:00,,,,,,,1273.0,1273.0,,,0.0,,,0.0
2025-07-30 03:00:00,,,,,,,1273.0,1273.0,,,0.0,,,0.0
2025-07-30 04:00:00,,,,,,,1273.0,1273.0,,,0.0,,,0.0
2025-07-30 05:00:00,,,,,,,1273.0,1273.0,,,0.0,,,0.0
2025-07-30 06:00:00,,,,,,,1533.0,1533.0,,,0.0,,,0.0
2025-07-30 07:00:00,,,,,,,509.0,509.0,,,0.0,,,0.0
2025-07-30 08:00:00,,,,,,,509.0,509.0,0.904,0.085999995,4.0,0.9016,0.035099983,4.0
2025-07-30 09:00:00,,,,,,,509.0,509.0,0.5284,0.2936,2.0,1.2041,0.05739999,2.0
2025-07-30 10:00:00,,,,,,,509.0,509.0,,,0.0,,,0.0
2025-07-30 11:00:00,,,,,,,509.0,509.0,,,0.0,,,0.0
2025-07-30 12:00:00,,,,,,,509.0,509.0,,,0.0,,,0.0
2025-07-30 13:00:00,,,,,,,505.0,504.0,0.8382,0.2136,2.0,1.1234,0.021099985,2.0
2025-07-30 14:00:00,,,,,,,509.0,509.0,0.6556,0.037,2.0,1.0905,0.0034999847,2.0
2025-07-30 15:00:00,,,,,,,509.0,509.0,,,0.0,,,0.0
2025-07-30 16:00:00,,,,,,,509.0,509.0,,,0.0,,,0.0
2025-07-30 17:00:00,,,,,,,509.0,509.0,,,0.0,,,0.0
2025-07-30 18:00:00,,,,,,,1533.0,1533.0,,,0.0,,,0.0
2025-07-30 19:00:00,,,,,,,1273.0,1273.0,,,0.0,,,0.0
2025-07-30 20:00:00,,,,,,,1533.0,1533.0,,,0.0,,,0.0
2025-07-30 21:00:00,,,,,,,1533.0,1533.0,,,0.0,,,0.0
2025-07-30 22:00:00,,,,,,,1529.0,1529.0,,,0.0,,,0.0
2025-07-30 23:00:00,,,,,,,1529.0,1529.0,,,0.0,,,0.0
2025-07-31 00:00:00,,,,,,,1533.0,1533.0,,,0.0,,,0.0
2025-07-31 01:00:00,,,,,,,1533.0,1533.0,,,0.0,,,0.0
2025-07-31 02:00:00,,,,,,,1533.0,1533.0,,,0.0,,,0.0
2025-07-31 03:00:00,,,,,,,1533.0,1533.0,,,0.0,,,0.0
2025-07-31 04:00:00,,,,,,,1533.0,1533.0,,,0.0,,,0.0
2025-07-31 05:00:00,,,,,,,1533.0,1533.0,,,0.0,,,0.0
2025-07-31 06:00:00,,,,,,,1533.0,1533.0,,,0.0,,,0.0
2025-07-31 07:00:00,,,,,,,1533.0,1533.0,,,0.0,,,0.0
2025-07-31 08:00:00,,,,,,,509.0,509.0,,,0.0,,,0.0
2025-07-31 09:00:00,,,,,,,509.0,509.0,,,0.0,,,0.0
2025-07-31 10:00:00,,,,,,,509.0,509.0,,,0.0,,,0.0
2025-07-31 11:00:00,,,,,,,509.0,509.0,,,0.0,,,0.0
2025-07-31 12:00:00,,,,,,,505.0,505.0,,,0.0,,,0.0
2025-07-31 13:00:00,,,,,,,509.0,509.0,,,0.0,,,0.0
2025-07-31 14:00:00,,,,,,,509.0,509.0,,,0.0,,,0.0
2025-07-31 15:00:00,,,,,,,509.0,509.0,0.254,0.0,1.0,0.98469996,0.0,1.0
2025-07-31 16:00:00,,,,,,,509.0,509.0,,,0.0,,,0.0
2025-07-31 17:00:00,,,,,,,509.0,509.0,,,0.0,,,0.0
2025-07-31 18:00:00,,,,,,,1533.0,1533.0,,,0.0,,,0.0
2025-07-31 19:00:00,,,,,,,1529.0,1529.0,,,0.0,,,0.0
2025-07-31 20:00:00,,,,,,,1533.0,1533.0,,,0.0,,,0.0
2025-07-31 21:00:00,,,,,,,1533.0,1533.0,,,0.0,,,0.0
2025-07-31 22:00:00,,,,,,,1529.0,1529.0,,,0.0,,,0.0
2025-07-31 23:00:00,,,,,,,1533.0,1533.0,,,0.0,,,0.0
2025-08-01 00:00:00,,,,,,,1533.0,1533.0,,,0.0,,,0.0
2025-08-01 01:00:00,,,,,,,1533.0,1533.0,,,0.0,,,0.0
2025-08-01 02:00:00,,,,,,,1533.0,1533.0,,,0.0,,,0.0
2025-08-01 03:00:00,,,,,,,1529.0,1529.0,,,0.0,,,0.0
2025-08-01 04:00:00,,,,,,,1533.0,1533.0,,,0.0,,,0.0
2025-08-01 05:00:00,,,,,,,1533.0,1533.0,,,0.0,,,0.0
2025-08-01 06:00:00,,,,,,,1533.0,1533.0,,,0.0,,,0.0
2025-08-01 07:00:00,,,,,,,1533.0,1533.0,,,0.0,,,0.0
2025-08-01 08:00:00,,,,,,,509.0,509.0,0.113,0.0664,3.0,1.0119,0.0066999793,3.0
2025-08-01 09:00:00,,,,,,,509.0,509.0,,,0.0,,,0.0
2025-08-01 10:00:00,,,,,,,509.0,509.0,,,0.0,,,0.0
2025-08-01 11:00:00,,,,,,,2553.0,2552.0,0.4438,0.0,1.0,1.036,0.0,1.0
2025-08-01 12:00:00,,,,,,,509.0,509.0,0.5506,0.053799998,3.0,1.0352,0.008700013,3.0
2025-08-01 13:00:00,,,,,,,509.0,509.0,0.2728,0.114999995,4.0,1.0257,0.0062000155,4.0
2025-08-01 14:00:00,,,,,,,509.0,509.0,,,0.0,,,0.0
2025-08-01 15:00:00,,,,,,,509.0,509.0,0.8944,0.0,1.0,0.2507,0.0,1.0
2025-08-01 16:00:00,,,,,,,509.0,509.0,,,0.0,,,0.0
2025-08-01 17:00:00,,,,,,,1533.0,1533.0,,,0.0,,,0.0
2025-08-01 18:00:00,,,,,,,1533.0,1533.0,,,0.0,,,0.0
2025-08-01 19:00:00,,,,,,,1533.0,1533.0,,,0.0,,,0.0
2025-08-01 20:00:00,,,,,,,1533.0,1533.0,,,0.0,,,0.0
2025-08-01 21:00:00,,,,,,,1533.0,1533.0,,,0.0,,,0.0
2025-08-01 22:00:00,,,,,,,1533.0,1533.0,,,0.0,,,0.0
2025-08-01 23:00:00,,,,,,,1533.0,1533.0,,,0.0,,,0.0
2025-08-02 00:00:00,,,,,,,1533.0,1533.0,,,0.0,,,0.0
2025-08-02 01:00:00,,,,,,,1533.0,1533.0,,,0.0,,,0.0
2025-08-02 02:00:00,,,,,,,1533.0,1533.0,,,0.0,,,0.0
2025-08-02 03:00:00,,,,,,,1273.0,1273.0,,,0.0,,,0.0
2025-08-02 04:00:00,,,,,,,1273.0,1273.0,,,0.0,,,0.0
2025-08-02 05:00:00,,,,,,,1273.0,1273.0,,,0.0,,,0.0
2025-08-02 06:00:00,,,,,,,1533.0,1533.0,,,0.0,,,0.0
2025-08-02 07:00:00,,,,,,,1533.0,1533.0,,,0.0,,,0.0
2025-08-02 08:00:00,,,,,,,509.0,509.0,,,0.0,,,0.0
2025-08-02 09:00:00,,,,,,,509.0,509.0,,,0.0,,,0.0
2025-08-02 10:00:00,,,,,,,509.0,509.0,,,0.0,,,0.0
2025-08-02 11:00:00,,,,,,,509.0,509.0,,,0.0,,,0.0
2025-08-02 12:00:00,,,,,,,509.0,509.0,,,0.0,,,0.0
2025-08-02 13:00:00,,,,,,,509.0,509.0,,,0.0,,,0.0
2025-08-02 14:00:00,,,,,,,509.0,509.0,,,0.0,,,0.0
2025-08-02 15:00:00,,,,,,,505.0,505.0,0.538,0.0,1.0,1.0468,0.0,1.0
2025-08-02 16:00:00,,,,,,,509.0,509.0,,,0.0,,,0.0
2025-08-02 17:00:00,,,,,,,1533.0,1533.0,,,0.0,,,0.0
2025-08-02 18:00:00,,,,,,,1273.0,1273.0,,,0.0,,,0.0
2025-08-02 19:00:00,,,,,,,1529.0,1529.0,,,0.0,,,0.0
2025-08-02 20:00:00,,,,,,,1533.0,1533.0,,,0.0,,,0.0
2025-08-02 21:00:00,,,,,,,1529.0,1529.0,,,0.0,,,0.0
2025-08-02 22:00:00,,,,,,,1533.0,1533.0,,,0.0,,,0.0
2025-08-02 23:00:00,,,,,,,1533.0,1533.0,,,0.0,,,0.0
2025-08-03 00:00:00,,,,,,,1533.0,1533.0,,,0.0,,,0.0
2025-08-03 01:00:00,,,,,,,1533.0,1533.0,,,0.0,,,0.0
2025-08-03 02:00:00,,,,,,,1533.0,1533.0,,,0.0,,,0.0
2025-08-03 03:00:00,,,,,,,1533.0,1533.0,,,0.0,,,0.0
2025-08-03 04:00:00,,,,,,,1533.0,1533.0,,,0.0,,,0.0
2025-08-03 05:00:00,,,,,,,1273.0,1273.0,,,0.0,,,0.0
2025-08-03 06:00:00,,,,,,,1533.0,1533.0,,,0.0,,,0.0
2025-08-03 07:00:00,,,,,,,1533.0,1533.0,,,0.0,,,0.0
2025-08-03 08:00:00,,,,,,,505.0,505.0,0.3162,0.33699998,3.0,0.9347,0.06979996,3.0
2025-08-03 09:00:00,,,,,,,509.0,509.0,0.169,0.0,1.0,0.9999,0.0,1.0
2025-08-03 10:00:00,,,,,,,509.0,509.0,,,0.0,,,0.0
2025-08-03 11:00:00,,,,,,,509.0,509.0,0.3308,0.045199998,2.0,0.9499999,0.012600005,2.0
2025-08-03 12:00:00,,,,,,,509.0,509.0,,,0.0,,,0.0
2025-08-03 13:00:00,,,,,,,509.0,509.0,,,0.0,,,0.0
2025-08-03 14:00:00,,,,,,,509.0,509.0,,,0.0,,,0.0
2025-08-03 15:00:00,,,,,,,509.0,509.0,,,0.0,,,0.0
2025-08-03 16:00:00,,,,,,,509.0,509.0,,,0.0,,,0.0
2025-08-03 17:00:00,,,,,,,1533.0,1533.0,,,0.0,,,0.0
2025-08-03 18:00:00,,,,,,,1533.0,1533.0,,,0.0,,,0.0
2025-08-03 19:00:00,,,,,,,1529.0,1529.0,,,0.0,,,0.0
2025-08-03 20:00:00,,,,,,,1529.0,1529.0,,,0.0,,,0.0
2025-08-03 21:00:00,,,,,,,1529.0,1529.0,,,0.0,,,0.0
2025-08-03 22:00:00,,,,,,,1273.0,1273.0,,,0.0,,,0.0
2025-08-03 23:00:00,,,,,,,1533.0,1533.0,,,0.0,,,0.0
2025-08-04 00:00:00,,,,,,,1273.0,1273.0,,,0.0,,,0.0
2025-08-04 01:00:00,,,,,,,1273.0,1273.0,,,0.0,,,0.0
2025-08-04 02:00:00,,,,,,,1273.0,1273.0,,,0.0,,,0.0
2025-08-04 03:00:00,,,,,,,1273.0,1273.0,,,0.0,,,0.0
2025-08-04 04:00:00,,,,,,,1273.0,1273.0,,,0.0,,,0.0
2025-08-04 05:00:00,,,,,,,1273.0,1273.0,,,0.0,,,0.0
2025-08-04 06:00:00,,,,,,,1533.0,1533.0,,,0.0,,,0.0
2025-08-04 07:00:00,,,,,,,1533.0,1533.0,,,0.0,,,0.0
2025-08-04 08:00:00,,,,,,,509.0,509.0,,,0.0,,,0.0
2025-08-04 09:00:00,,,,,,,509.0,509.0,,,0.0,,,0.0
2025-08-04 10:00:00,,,,,,,509.0,509.0,,,0.0,,,0.0
2025-08-04 11:00:00,,,,,,,505.0,504.0,0.11,0.1114,3.0,0.9190999,0.0066999793,3.0
2025-08-04 12:00:00,,,,,,,2297.0,2296.0,0.0222,0.006,3.0,0.9204,0.004499972,3.0
2025-08-04 13:00:00,,,,,,,509.0,509.0,0.0376,0.0,1.0,0.9209,0.0,1.0
2025-08-04 14:00:00,,,,,,,505.0,505.0,0.0088,0.0,1.0,0.8795999,0.0,1.0
2025-08-04 15:00:00,,,,,,,509.0,509.0,,,0.0,,,0.0
2025-08-04 16:00:00,,,,,,,509.0,509.0,,,0.0,,,0.0
2025-08-04 17:00:00,,,,,,,1533.0,1533.0,,,0.0,,,0.0
2025-08-04 18:00:00,,,,,,,1533.0,1533.0,,,0.0,,,0.0
2025-08-04 19:00:00,,,,,,,1533.0,1533.0,,,0.0,,,0.0
2025-08-04 20:00:00,,,,,,,1529.0,1529.0,,,0.0,,,0.0
2025-08-04 21:00:00,,,,,,,1533.0,1533.0,,,0.0,,,0.0
2025-08-04 22:00:00,,,,,,,1533.0,1533.0,,,0.0,,,0.0
2025-08-04 23:00:00,,,,,,,1529.0,1529.0,,,0.0,,,0.0
2025-08-05 00:00:00,,,,,,,1533.0,1533.0,,,0.0,,,0.0
2025-08-05 01:00:00,,,,,,,1529.0,1529.0,,,0.0,,,0.0
2025-08-05 02:00:00,,,,,,,1533.0,1533.0,,,0.0,,,0.0
2025-08-05 03:00:00,,,,,,,1533.0,1533.0,,,0.0,,,0.0
2025-08-05 04:00:00,,,,,,,1533.0,1533.0,,,0.0,,,0.0
2025-08-05 05:00:00,,,,,,,1533.0,1533.0,,,0.0,,,0.0
2025-08-05 06:00:00,,,,,,,1533.0,1533.0,,,0.0,,,0.0
2025-08-05 07:00:00,,,,,,,1533.0,1533.0,,,0.0,,,0.0
2025-08-05 08:00:00,,,,,,,509.0,509.0,,,0.0,,,0.0
2025-08-05 09:00:00,,,,,,,505.0,504.0,0.9532,0.0,1.0,0.6351,0.0,1.0
2025-08-05 10:00:00,,,,,,,509.0,509.0,1.1148,0.1758,3.0,0.5712,0.07730001,3.0
2025-08-05 11:00:00,,,,,,,509.0,509.0,,,0.0,,,0.0
2025-08-05 12:00:00,,,,,,,509.0,509.0,,,0.0,,,0.0
2025-08-05 13:00:00,,,,,,,509.0,509.0,,,0.0,,,0.0
2025-08-05 14:00:00,,,,,,,509.0,509.0,,,0.0,,,0.0
2025-08-05 15:00:00,,,,,,,509.0,509.0,,,0.0,,,0.0
2025-08-05 16:00:00,,,,,,,509.0,509.0,,,0.0,,,0.0
2025-08-05 17:00:00,,,,,,,1533.0,1533.0,,,0.0,,,0.0
2025-08-05 18:00:00,,,,,,,1533.0,1533.0,,,0.0,,,0.0
2025-08-05 19:00:00,,,,,,,1533.0,1533.0,,,0.0,,,0.0
2025-08-05 20:00:00,,,,,,,1273.0,1273.0,,,0.0,,,0.0
2025-08-05 21:00:00,,,,,,,1533.0,1533.0,,,0.0,,,0.0
2025-08-05 22:00:00,,,,,,,1533.0,1533.0,,,0.0,,,0.0
2025-08-05 23:00:00,,,,,,,1533.0,1533.0,,,0.0,,,0.0
2025-08-06 00:00:00,,,,,,,1533.0,1533.0,,,0.0,,,0.0
2025-08-06 01:00:00,,,,,,,1533.0,1533.0,,,0.0,,,0.0
2025-08-06 02:00:00,,,,,,,1533.0,1533.0,,,0.0,,,0.0
2025-08-06 03:00:00,,,,,,,1533.0,1533.0,,,0.0,,,0.0
2025-08-06 04:00:00,,,,,,,1533.0,1533.0,,,0.0,,,0.0
2025-08-06 05:00:00,,,,,,,1533.0,1533.0,,,0.0,,,0.0
2025-08-06 06:00:00,,,,,,,1533.0,1533.0,,,0.0,,,0.0
2025-08-06 07:00:00,,,,,,,1533.0,1533.0,,,0.0,,,0.0
2025-08-06 08:00:00,,,,,,,509.0,509.0,,,0.0,,,0.0
2025-08-06 09:00:00,,,,,,,509.0,509.0,,,0.0,,,0.0
2025-08-06 10:00:00,,,,,,,509.0,509.0,,,0.0,,,0.0
2025-08-06 11:00:00,,,,,,,509.0,509.0,,,0.0,,,0.0
2025-08-06 12:00:00,,,,,,,509.0,509.0,,,0.0,,,0.0
2025-08-06 13:00:00,,,,,,,509.0,509.0,,,0.0,,,0.0
2025-08-06 14:00:00,,,,,,,509.0,509.0,,,0.0,,,0.0
2025-08-06 15:00:00,,,,,,,509.0,509.0,,,0.0,,,0.0
2025-08-06 16:00:00,,,,,,,509.0,509.0,,,0.0,,,0.0
2025-08-06 17:00:00,,,,,,,1533.0,1533.0,,,0.0,,,0.0
2025-08-06 18:00:00,,,,,,,1533.0,1533.0,,,0.0,,,0.0
2025-08-06 19:00:00,,,,,,,1533.0,1533.0,,,0.0,,,0.0
2025-08-06 20:00:00,,,,,,,1533.0,1533.0,,,0.0,,,0.0
2025-08-06 21:00:00,,,,,,,1533.0,1533.0,,,0.0,,,0.0
2025-08-06 22:00:00,,,,,,,1529.0,1529.0,,,0.0,,,0.0
2025-08-06 23:00:00,,,,,,,1533.0,1533.0,,,0.0,,,0.0
2025-08-07 00:00:00,,,,,,,1533.0,1533.0,,,0.0,,,0.0
2025-08-07 01:00:00,,,,,,,1533.0,1533.0,,,0.0,,,0.0
2025-08-07 02:00:00,,,,,,,1533.0,1533.0,,,0.0,,,0.0
2025-08-07 03:00:00,,,,,,,1533.0,1533.0,,,0.0,,,0.0
2025-08-07 04:00:00,,,,,,,1533.0,1533.0,,,0.0,,,0.0
2025-08-07 05:00:00,,,,,,,1529.0,1529.0,,,0.0,,,0.0
2025-08-07 06:00:00,,,,,,,1533.0,1533.0,,,0.0,,,0.0
2025-08-07 07:00:00,,,,,,,1533.0,1533.0,,,0.0,,,0.0
2025-08-07 08:00:00,,,,,,,509.0,509.0,,,0.0,,,0.0
2025-08-07 09:00:00,,,,,,,509.0,509.0,,,0.0,,,0.0
2025-08-07 10:00:00,,,,,,,509.0,509.0,,,0.0,,,0.0
2025-08-07 11:00:00,,,,,,,509.0,509.0,,,0.0,,,0.0
2025-08-07 12:00:00,,,,,,,509.0,509.0,,,0.0,,,0.0
2025-08-07 13:00:00,,,,,,,509.0,509.0,,,0.0,,,0.0
2025-08-07 14:00:00,,,,,,,509.0,509.0,,,0.0,,,0.0
2025-08-07 15:00:00,,,,,,,509.0,509.0,,,0.0,,,0.0
2025-08-07 16:00:00,,,,,,,509.0,509.0,,,0.0,,,0.0
2025-08-07 17:00:00,,,,,,,1533.0,1533.0,,,0.0,,,0.0
2025-08-07 18:00:00,,,,,,,1533.0,1533.0,,,0.0,,,0.0
2025-08-07 19:00:00,,,,,,,1529.0,1529.0,,,0.0,,,0.0
2025-08-07 20:00:00,,,,,,,1529.0,1529.0,,,0.0,,,0.0
2025-08-07 21:00:00,,,,,,,1533.0,1533.0,,,0.0,,,0.0
2025-08-07 22:00:00,,,,,,,1529.0,1529.0,,,0.0,,,0.0
2025-08-07 23:00:00,,,,,,,1529.0,1529.0,,,0.0,,,0.0
2025-08-08 00:00:00,,,,,,,1529.0,1529.0,,,0.0,,,0.0
2025-08-08 01:00:00,,,,,,,1529.0,1529.0,,,0.0,,,0.0
2025-08-08 02:00:00,,,,,,,1533.0,1533.0,,,0.0,,,0.0
2025-08-08 03:00:00,,,,,,,1529.0,1529.0,,,0.0,,,0.0
2025-08-08 04:00:00,,,,,,,1273.0,1273.0,,,0.0,,,0.0
2025-08-08 05:00:00,,,,,,,1529.0,1529.0,,,0.0,,,0.0
2025-08-08 06:00:00,,,,,,,1533.0,1533.0,,,0.0,,,0.0
2025-08-08 07:00:00,,,,,,,1533.0,1533.0,,,0.0,,,0.0
2025-08-08 08:00:00,,,,,,,509.0,509.0,,,0.0,,,0.0
2025-08-08 09:00:00,,,,,,,509.0,509.0,,,0.0,,,0.0
2025-08-08 10:00:00,,,,,,,509.0,509.0,,,0.0,,,0.0
2025-08-08 11:00:00,,,,,,,509.0,509.0,0.2472,0.0,1.0,1.0367,0.0,1.0
2025-08-08 12:00:00,,,,,,,509.0,509.0,,,0.0,,,0.0
2025-08-08 13:00:00,,,,,,,509.0,509.0,,,0.0,,,0.0
2025-08-08 14:00:00,,,,,,,509.0,509.0,,,0.0,,,0.0
2025-08-08 15:00:00,,,,,,,509.0,509.0,,,0.0,,,0.0
2025-08-08 16:00:00,,,,,,,505.0,505.0,,,0.0,,,0.0
2025-08-08 17:00:00,,,,,,,1533.0,1533.0,,,0.0,,,0.0
2025-08-08 18:00:00,,,,,,,1529.0,1529.0,,,0.0,,,0.0
2025-08-08 19:00:00,,,,,,,1273.0,1273.0,,,0.0,,,0.0
2025-08-08 20:00:00,,,,,,,1273.0,1273.0,,,0.0,,,0.0
2025-08-08 21:00:00,,,,,,,1273.0,1273.0,,,0.0,,,0.0
2025-08-08 22:00:00,,,,,,,1273.0,1273.0,,,0.0,,,0.0
2025-08-08 23:00:00,,,,,,,1273.0,1273.0,,,0.0,,,0.0
2025-08-09 00:00:00,,,,,,,1273.0,1273.0,,,0.0,,,0.0
2025-08-09 01:00:00,,,,,,,1529.0,1529.0,,,0.0,,,0.0
2025-08-09 02:00:00,,,,,,,1529.0,1529.0,,,0.0,,,0.0
2025-08-09 03:00:00,,,,,,,1273.0,1273.0,,,0.0,,,0.0
2025-08-09 04:00:00,,,,,,,1273.0,1273.0,,,0.0,,,0.0
2025-08-09 05:00:00,,,,,,,1273.0,1273.0,,,0.0,,,0.0
2025-08-09 06:00:00,,,,,,,1533.0,1533.0,,,0.0,,,0.0
2025-08-09 07:00:00,,,,,,,1533.0,1533.0,,,0.0,,,0.0
2025-08-09 08:00:00,,,,,,,509.0,509.0,,,0.0,,,0.0
2025-08-09 09:00:00,,,,,,,509.0,509.0,,,0.0,,,0.0
2025-08-09 10:00:00,,,,,,,509.0,509.0,,,0.0,,,0.0
2025-08-09 11:00:00,,,,,,,505.0,504.0,0.1752,0.0,1.0,1.0971999,0.0,1.0
2025-08-09 12:00:00,,,,,,,509.0,509.0,0.127,0.0,1.0,1.1035,0.0,1.0
2025-08-09 13:00:00,,,,,,,509.0,509.0,,,0.0,,,0.0
2025-08-09 14:00:00,,,,,,,509.0,509.0,,,0.0,,,0.0
2025-08-09 15:00:00,,,,,,,509.0,509.0,,,0.0,,,0.0
2025-08-09 16:00:00,,,,,,,505.0,505.0,,,0.0,,,0.0
2025-08-09 17:00:00,,,,,,,1533.0,1533.0,,,0.0,,,0.0
2025-08-09 18:00:00,,,,,,,1533.0,1533.0,,,0.0,,,0.0
2025-08-09 19:00:00,,,,,,,1533.0,1533.0,,,0.0,,,0.0
2025-08-09 20:00:00,,,,,,,1533.0,1533.0,,,0.0,,,0.0
2025-08-09 21:00:00,,,,,,,1273.0,1273.0,,,0.0,,,0.0
2025-08-09 22:00:00,,,,,,,1529.0,1529.0,,,0.0,,,0.0
2025-08-09 23:00:00,,,,,,,1533.0,1533.0,,,0.0,,,0.0
2025-08-10 00:00:00,,,,,,,1529.0,1529.0,,,0.0,,,0.0
2025-08-10 01:00:00,,,,,,,1533.0,1533.0,,,0.0,,,0.0
2025-08-10 02:00:00,,,,,,,1529.0,1529.0,,,0.0,,,0.0
2025-08-10 03:00:00,,,,,,,1529.0,1529.0,,,0.0,,,0.0
2025-08-10 04:00:00,,,,,,,1533.0,1533.0,,,0.0,,,0.0
2025-08-10 05:00:00,,,,,,,1533.0,1533.0,,,0.0,,,0.0
2025-08-10 06:00:00,,,,,,,1533.0,1533.0,,,0.0,,,0.0
2025-08-10 07:00:00,,,,,,,1533.0,1533.0,,,0.0,,,0.0
2025-08-10 08:00:00,,,,,,,509.0,509.0,,,0.0,,,0.0
2025-08-10 09:00:00,,,,,,,509.0,509.0,,,0.0,,,0.0
2025-08-10 10:00:00,,,,,,,509.0,509.0,,,0.0,,,0.0
2025-08-10 11:00:00,,,,,,,509.0,509.0,,,0.0,,,0.0
2025-08-10 12:00:00,,,,,,,509.0,509.0,,,0.0,,,0.0
2025-08-10 13:00:00,,,,,,,509.0,509.0,,,0.0,,,0.0
2025-08-10 14:00:00,,,,,,,509.0,509.0,,,0.0,,,0.0
2025-08-10 15:00:00,,,,,,,509.0,509.0,,,0.0,,,0.0
2025-08-10 16:00:00,,,,,,,509.0,509.0,,,0.0,,,0.0
2025-08-10 17:00:00,,,,,,,1533.0,1533.0,,,0.0,,,0.0
2025-08-10 18:00:00,,,,,,,1533.0,1533.0,,,0.0,,,0.0
2025-08-10 19:00:00,,,,,,,1273.0,1273.0,,,0.0,,,0.0
2025-08-10 20:00:00,,,,,,,1273.0,1273.0,,,0.0,,,0.0
2025-08-10 21:00:00,,,,,,,1529.0,1529.0,,,0.0,,,0.0
2025-08-10 22:00:00,,,,,,,1273.0,1273.0,,,0.0,,,0.0
2025-08-10 23:00:00,,,,,,,1529.0,1529.0,,,0.0,,,0.0
2025-08-11 00:00:00,,,,,,,1533.0,1533.0,,,0.0,,,0.0
2025-08-11 01:00:00,,,,,,,1533.0,1533.0,,,0.0,,,0.0
2025-08-11 02:00:00,,,,,,,1529.0,1529.0,,,0.0,,,0.0
2025-08-11 03:00:00,,,,,,,1533.0,1533.0,,,0.0,,,0.0
2025-08-11 04:00:00,,,,,,,1529.0,1529.0,,,0.0,,,0.0
2025-08-11 05:00:00,,,,,,,1533.0,1533.0,,,0.0,,,0.0
2025-08-11 06:00:00,,,,,,,1533.0,1533.0,,,0.0,,,0.0
2025-08-11 07:00:00,,,,,,,1533.0,1533.0,,,0.0,,,0.0
2025-08-11 08:00:00,,,,,,,509.0,509.0,0.1758,0.0104,3.0,1.0764999,0.014800012,3.0
2025-08-11 09:00:00,,,,,,,509.0,509.0,,,0.0,,,0.0
2025-08-11 10:00:00,,,,,,,509.0,509.0,,,0.0,,,0.0
2025-08-11 11:00:00,,,,,,,509.0,509.0,,,0.0,,,0.0
2025-08-11 12:00:00,,,,,,,509.0,509.0,,,0.0,,,0.0
2025-08-11 13:00:00,,,,,,,509.0,509.0,,,0.0,,,0.0
2025-08-11 14:00:00,,,,,,,509.0,509.0,0.5276,0.0,1.0,1.0985,0.0,1.0
2025-08-11 15:00:00,,,,,,,509.0,509.0,,,0.0,,,0.0
2025-08-11 16:00:00,,,,,,,505.0,505.0,,,0.0,,,0.0
2025-08-11 17:00:00,,,,,,,1533.0,1533.0,,,0.0,,,0.0
2025-08-11 18:00:00,,,,,,,1529.0,1529.0,,,0.0,,,0.0
2025-08-11 19:00:00,,,,,,,1533.0,1533.0,,,0.0,,,0.0
2025-08-11 20:00:00,,,,,,,1529.0,1529.0,,,0.0,,,0.0
2025-08-11 21:00:00,,,,,,,1273.0,1273.0,,,0.0,,,0.0
2025-08-11 22:00:00,,,,,,,1529.0,1529.0,,,0.0,,,0.0
2025-08-11 23:00:00,,,,,,,1273.0,1273.0,,,0.0,,,0.0
2025-08-12 00:00:00,,,,,,,1533.0,1533.0,,,0.0,,,0.0
2025-08-12 01:00:00,,,,,,,1533.0,1533.0,,,0.0,,,0.0
2025-08-12 02:00:00,,,,,,,1533.0,1533.0,,,0.0,,,0.0
2025-08-12 03:00:00,,,,,,,1529.0,1529.0,,,0.0,,,0.0
2025-08-12 04:00:00,,,,,,,1529.0,1529.0,,,0.0,,,0.0
2025-08-12 05:00:00,,,,,,,1533.0,1533.0,,,0.0,,,0.0
2025-08-12 06:00:00,,,,,,,1533.0,1533.0,,,0.0,,,0.0
2025-08-12 07:00:00,,,,,,,1533.0,1533.0,,,0.0,,,0.0
2025-08-12 08:00:00,,,,,,,509.0,509.0,,,0.0,,,0.0
2025-08-12 09:00:00,,,,,,,509.0,509.0,,,0.0,,,0.0
2025-08-12 10:00:00,,,,,,,509.0,509.0,,,0.0,,,0.0
2025-08-12 11:00:00,,,,,,,509.0,509.0,,,0.0,,,0.0
2025-08-12 12:00:00,,,,,,,509.0,509.0,,,0.0,,,0.0
2025-08-12 13:00:00,,,,,,,509.0,509.0,,,0.0,,,0.0
2025-08-12 14:00:00,,,,,,,509.0,509.0,,,0.0,,,0.0
2025-08-12 15:00:00,,,,,,,509.0,509.0,,,0.0,,,0.0
2025-08-12 16:00:00,,,,,,,509.0,509.0,,,0.0,,,0.0
2025-08-12 17:00:00,,,,,,,1533.0,1533.0,,,0.0,,,0.0
2025-08-12 18:00:00,,,,,,,1533.0,1533.0,,,0.0,,,0.0
2025-08-12 19:00:00,,,,,,,1533.0,1533.0,,,0.0,,,0.0
2025-08-12 20:00:00,,,,,,,1533.0,1533.0,,,0.0,,,0.0
2025-08-12 21:00:00,,,,,,,1529.0,1529.0,,,0.0,,,0.0
2025-08-12 22:00:00,,,,,,,1533.0,1533.0,,,0.0,,,0.0
2025-08-12 23:00:00,,,,,,,1533.0,1533.0,,,0.0,,,0.0
2025-08-13 00:00:00,,,,,,,1533.0,1533.0,,,0.0,,,0.0
2025-08-13 01:00:00,,,,,,,1533.0,1533.0,,,0.0,,,0.0
2025-08-13 02:00:00,,,,,,,1529.0,1529.0,,,0.0,,,0.0
2025-08-13 03:00:00,,,,,,,1533.0,1533.0,,,0.0,,,0.0
2025-08-13 04:00:00,,,,,,,1273.0,1273.0,,,0.0,,,0.0
2025-08-13 05:00:00,,,,,,,1529.0,1529.0,,,0.0,,,0.0
2025-08-13 06:00:00,,,,,,,1533.0,1533.0,,,0.0,,,0.0
2025-08-13 07:00:00,,,,,,,1533.0,1533.0,,,0.0,,,0.0
2025-08-13 08:00:00,,,,,,,509.0,509.0,,,0.0,,,0.0
2025-08-13 09:00:00,,,,,,,509.0,509.0,,,0.0,,,0.0
2025-08-13 10:00:00,,,,,,,509.0,509.0,,,0.0,,,0.0
2025-08-13 11:00:00,,,,,,,509.0,509.0,,,0.0,,,0.0
2025-08-13 12:00:00,,,,,,,509.0,509.0,,,0.0,,,0.0
2025-08-13 13:00:00,,,,,,,509.0,509.0,,,0.0,,,0.0
2025-08-13 14:00:00,,,,,,,2553.0,2552.0,0.5258,0.024799999,2.0,1.2039,0.0923,2.0
2025-08-13 15:00:00,,,,,,,509.0,509.0,,,0.0,,,0.0
2025-08-13 16:00:00,,,,,,,509.0,509.0,,,0.0,,,0.0
2025-08-13 17:00:00,,,,,,,1533.0,1533.0,,,0.0,,,0.0
2025-08-13 18:00:00,,,,,,,1273.0,1273.0,,,0.0,,,0.0
2025-08-13 19:00:00,,,,,,,1529.0,1529.0,,,0.0,,,0.0
2025-08-13 20:00:00,,,,,,,1529.0,1529.0,,,0.0,,,0.0
2025-08-13 21:00:00,,,,,,,1529.0,1529.0,,,0.0,,,0.0
2025-08-13 22:00:00,,,,,,,1533.0,1533.0,,,0.0,,,0.0
2025-08-13 23:00:00,,,,,,,1273.0,1273.0,,,0.0,,,0.0
2025-08-14 00:00:00,,,,,,,1273.0,1273.0,,,0.0,,,0.0
2025-08-14 01:00:00,,,,,,,1533.0,1533.0,,,0.0,,,0.0
2025-08-14 02:00:00,,,,,,,1533.0,1533.0,,,0.0,,,0.0
2025-08-14 03:00:00,,,,,,,1529.0,1529.0,,,0.0,,,0.0
2025-08-14 04:00:00,,,,,,,1273.0,1273.0,,,0.0,,,0.0
2025-08-14 05:00:00,,,,,,,1533.0,1533.0,,,0.0,,,0.0
2025-08-14 06:00:00,,,,,,,1533.0,1533.0,,,0.0,,,0.0
2025-08-14 07:00:00,,,,,,,1533.0,1533.0,,,0.0,,,0.0
2025-08-14 08:00:00,,,,,,,509.0,509.0,,,0.0,,,0.0
2025-08-14 09:00:00,,,,,,,509.0,509.0,1.0022,0.0,1.0,0.9448,0.0,1.0
2025-08-14 10:00:00,,,,,,,509.0,509.0,,,0.0,,,0.0
2025-08-14 11:00:00,,,,,,,509.0,509.0,,,0.0,,,0.0
2025-08-14 12:00:00,,,,,,,509.0,509.0,,,0.0,,,0.0
2025-08-14 13:00:00,,,,,,,509.0,509.0,,,0.0,,,0.0
2025-08-14 14:00:00,,,,,,,509.0,509.0,,,0.0,,,0.0
2025-08-14 15:00:00,,,,,,,509.0,509.0,,,0.0,,,0.0
2025-08-14 16:00:00,,,,,,,509.0,509.0,,,0.0,,,0.0
2025-08-14 17:00:00,,,,,,,1533.0,1533.0,0.1364,0.0078,2.0,1.1156,0.0026999712,2.0
2025-08-14 18:00:00,,,,,,,1533.0,1533.0,,,0.0,,,0.0
2025-08-14 19:00:00,,,,,,,1533.0,1533.0,,,0.0,,,0.0
2025-08-14 20:00:00,,,,,,,1533.0,1533.0,,,0.0,,,0.0
2025-08-14 21:00:00,,,,,,,1533.0,1533.0,,,0.0,,,0.0
2025-08-14 22:00:00,,,,,,,1533.0,1533.0,,,0.0,,,0.0
2025-08-14 23:00:00,,,,,,,1533.0,1533.0,,,0.0,,,0.0
2025-08-15 00:00:00,,,,,,,1533.0,1533.0,,,0.0,,,0.0
2025-08-15 01:00:00,,,,,,,1529.0,1529.0,,,0.0,,,0.0
2025-08-15 02:00:00,,,,,,,1529.0,1529.0,,,0.0,,,0.0
2025-08-15 03:00:00,,,,,,,1533.0,1533.0,,,0.0,,,0.0
2025-08-15 04:00:00,,,,,,,1533.0,1533.0,,,0.0,,,0.0
2025-08-15 05:00:00,,,,,,,1533.0,1533.0,,,0.0,,,0.0
2025-08-15 06:00:00,,,,,,,1533.0,1533.0,,,0.0,,,0.0
2025-08-15 07:00:00,,,,,,,1533.0,1533.0,,,0.0,,,0.0
2025-08-15 08:00:00,,,,,,,509.0,509.0,,,0.0,,,0.0
2025-08-15 09:00:00,,,,,,,509.0,509.0,,,0.0,,,0.0
2025-08-15 10:00:00,,,,,,,509.0,509.0,,,0.0,,,0.0
2025-08-15 11:00:00,,,,,,,509.0,509.0,,,0.0,,,0.0
2025-08-15 12:00:00,,,,,,,509.0,509.0,,,0.0,,,0.0
2025-08-15 13:00:00,,,,,,,509.0,509.0,,,0.0,,,0.0
2025-08-15 14:00:00,,,,,,,509.0,509.0,,,0.0,,,0.0
2025-08-15 15:00:00,,,,,,,509.0,509.0,,,0.0,,,0.0
2025-08-15 16:00:00,,,,,,,509.0,509.0,,,0.0,,,0.0
2025-08-15 17:00:00,,,,,,,1533.0,1533.0,,,0.0,,,0.0
2025-08-15 18:00:00,,,,,,,1533.0,1533.0,,,0.0,,,0.0
2025-08-15 19:00:00,,,,,,,1533.0,1533.0,,,0.0,,,0.0
2025-08-15 20:00:00,,,,,,,1533.0,1533.0,,,0.0,,,0.0
2025-08-15 21:00:00,,,,,,,1533.0,1533.0,,,0.0,,,0.0
2025-08-15 22:00:00,,,,,,,1533.0,1533.0,,,0.0,,,0.0
2025-08-15 23:00:00,,,,,,,1533.0,1533.0,,,0.0,,,0.0
2025-08-16 00:00:00,,,,,,,1529.0,1529.0,,,0.0,,,0.0
2025-08-16 01:00:00,,,,,,,1533.0,1533.0,,,0.0,,,0.0
2025-08-16 02:00:00,,,,,,,1533.0,1533.0,,,0.0,,,0.0
2025-08-16 03:00:00,,,,,,,1533.0,1533.0,,,0.0,,,0.0
2025-08-16 04:00:00,,,,,,,1529.0,1529.0,,,0.0,,,0.0
2025-08-16 05:00:00,,,,,,,1533.0,1533.0,,,0.0,,,0.0
2025-08-16 06:00:00,,,,,,,1533.0,1533.0,,,0.0,,,0.0
2025-08-16 07:00:00,,,,,,,1533.0,1533.0,,,0.0,,,0.0
2025-08-16 08:00:00,,,,,,,509.0,509.0,,,0.0,,,0.0
2025-08-16 09:00:00,,,,,,,509.0,509.0,,,0.0,,,0.0
2025-08-16 10:00:00,,,,,,,509.0,509.0,,,0.0,,,0.0
2025-08-16 11:00:00,,,,,,,509.0,509.0,,,0.0,,,0.0
2025-08-16 12:00:00,,,,,,,509.0,509.0,,,0.0,,,0.0
2025-08-16 13:00:00,,,,,,,509.0,509.0,,,0.0,,,0.0
2025-08-16 14:00:00,,,,,,,509.0,509.0,,,0.0,,,0.0
2025-08-16 15:00:00,,,,,,,509.0,509.0,,,0.0,,,0.0
2025-08-16 16:00:00,,,,,,,509.0,509.0,,,0.0,,,0.0
2025-08-16 17:00:00,,,,,,,1533.0,1533.0,,,0.0,,,0.0
2025-08-16 18:00:00,,,,,,,1529.0,1529.0,,,0.0,,,0.0
2025-08-16 19:00:00,,,,,,,1533.0,1533.0,,,0.0,,,0.0
2025-08-16 20:00:00,,,,,,,1533.0,1533.0,,,0.0,,,0.0
2025-08-16 21:00:00,,,,,,,1273.0,1273.0,,,0.0,,,0.0
2025-08-16 22:00:00,,,,,,,1529.0,1529.0,,,0.0,,,0.0
2025-08-16 23:00:00,,,,,,,1529.0,1529.0,,,0.0,,,0.0
2025-08-17 00:00:00,,,,,,,1533.0,1533.0,,,0.0,,,0.0
2025-08-17 01:00:00,,,,,,,1533.0,1533.0,,,0.0,,,0.0
2025-08-17 02:00:00,,,,,,,1533.0,1533.0,,,0.0,,,0.0
2025-08-17 03:00:00,,,,,,,1529.0,1529.0,,,0.0,,,0.0
2025-08-17 04:00:00,,,,,,,1533.0,1533.0,,,0.0,,,0.0
2025-08-17 05:00:00,,,,,,,1533.0,1533.0,,,0.0,,,0.0
2025-08-17 06:00:00,,,,,,,1533.0,1533.0,,,0.0,,,0.0
2025-08-17 07:00:00,,,,,,,1533.0,1533.0,,,0.0,,,0.0
2025-08-17 08:00:00,,,,,,,509.0,509.0,,,0.0,,,0.0
2025-08-17 09:00:00,,,,,,,509.0,509.0,,,0.0,,,0.0
2025-08-17 10:00:00,,,,,,,509.0,509.0,,,0.0,,,0.0
2025-08-17 11:00:00,,,,,,,509.0,509.0,,,0.0,,,0.0
2025-08-17 12:00:00,,,,,,,509.0,509.0,,,0.0,,,0.0
2025-08-17 13:00:00,,,,,,,509.0,509.0,,,0.0,,,0.0
2025-08-17 14:00:00,,,,,,,509.0,509.0,,,0.0,,,0.0
2025-08-17 15:00:00,,,,,,,509.0,509.0,,,0.0,,,0.0
2025-08-17 16:00:00,,,,,,,509.0,509.0,,,0.0,,,0.0
2025-08-17 17:00:00,,,,,,,1533.0,1533.0,,,0.0,,,0.0
2025-08-17 18:00:00,,,,,,,1529.0,1529.0,,,0.0,,,0.0
2025-08-17 19:00:00,,,,,,,1533.0,1533.0,,,0.0,,,0.0
2025-08-17 20:00:00,,,,,,,1533.0,1533.0,,,0.0,,,0.0
2025-08-17 21:00:00,,,,,,,1533.0,1533.0,,,0.0,,,0.0
2025-08-17 22:00:00,,,,,,,1533.0,1533.0,,,0.0,,,0.0
2025-08-17 23:00:00,,,,,,,1533.0,1533.0,,,0.0,,,0.0
2025-08-18 00:00:00,,,,,,,1533.0,1533.0,,,0.0,,,0.0
2025-08-18 01:00:00,,,,,,,1533.0,1533.0,,,0.0,,,0.0
2025-08-18 02:00:00,,,,,,,1529.0,1529.0,,,0.0,,,0.0
2025-08-18 03:00:00,,,,,,,1533.0,1533.0,,,0.0,,,0.0
2025-08-18 04:00:00,,,,,,,1533.0,1533.0,,,0.0,,,0.0
2025-08-18 05:00:00,,,,,,,1529.0,1529.0,,,0.0,,,0.0
2025-08-18 06:00:00,,,,,,,1533.0,1533.0,,,0.0,,,0.0
2025-08-18 07:00:00,,,,,,,1533.0,1533.0,,,0.0,,,0.0
2025-08-18 08:00:00,,,,,,,509.0,509.0,,,0.0,,,0.0
2025-08-18 09:00:00,,,,,,,509.0,509.0,,,0.0,,,0.0
2025-08-18 10:00:00,,,,,,,509.0,509.0,,,0.0,,,0.0
2025-08-18 11:00:00,,,,,,,509.0,509.0,,,0.0,,,0.0
2025-08-18 12:00:00,,,,,,,509.0,509.0,,,0.0,,,0.0
2025-08-18 13:00:00,,,,,,,509.0,509.0,,,0.0,,,0.0
2025-08-18 14:00:00,,,,,,,509.0,509.0,,,0.0,,,0.0
2025-08-18 15:00:00,,,,,,,509.0,509.0,,,0.0,,,0.0
2025-08-18 16:00:00,,,,,,,509.0,509.0,,,0.0,,,0.0
2025-08-18 17:00:00,,,,,,,1533.0,1533.0,,,0.0,,,0.0
2025-08-18 18:00:00,,,,,,,1533.0,1533.0,,,0.0,,,0.0
2025-08-18 19:00:00,,,,,,,1533.0,1533.0,,,0.0,,,0.0
2025-08-18 20:00:00,,,,,,,1529.0,1529.0,,,0.0,,,0.0
2025-08-18 21:00:00,,,,,,,1533.0,1533.0,,,0.0,,,0.0
2025-08-18 22:00:00,,,,,,,1533.0,1533.0,,,0.0,,,0.0
2025-08-18 23:00:00,,,,,,,1533.0,1533.0,,,0.0,,,0.0
2025-08-19 00:00:00,,,,,,,1533.0,1533.0,,,0.0,,,0.0
2025-08-19 01:00:00,,,,,,,1529.0,1529.0,,,0.0,,,0.0
2025-08-19 02:00:00,,,,,,,1529.0,1529.0,,,0.0,,,0.0
2025-08-19 03:00:00,,,,,,,1529.0,1529.0,,,0.0,,,0.0
2025-08-19 04:00:00,,,,,,,1533.0,1533.0,,,0.0,,,0.0
2025-08-19 05:00:00,,,,,,,1529.0,1529.0,,,0.0,,,0.0
2025-08-19 06:00:00,,,,,,,1533.0,1533.0,,,0.0,,,0.0
2025-08-19 07:00:00,,,,,,,1533.0,1533.0,,,0.0,,,0.0
2025-08-19 08:00:00,,,,,,,509.0,509.0,,,0.0,,,0.0
2025-08-19 09:00:00,,,,,,,509.0,509.0,,,0.0,,,0.0
2025-08-19 10:00:00,,,,,,,509.0,509.0,,,0.0,,,0.0
2025-08-19 11:00:00,,,,,,,509.0,509.0,,,0.0,,,0.0
2025-08-19 12:00:00,,,,,,,509.0,509.0,,,0.0,,,0.0
2025-08-19 13:00:00,,,,,,,509.0,509.0,,,0.0,,,0.0
2025-08-19 14:00:00,,,,,,,509.0,509.0,,,0.0,,,0.0
2025-08-19 15:00:00,,,,,,,509.0,509.0,,,0.0,,,0.0
2025-08-19 16:00:00,,,,,,,509.0,509.0,,,0.0,,,0.0
2025-08-19 17:00:00,,,,,,,1533.0,1533.0,,,0.0,,,0.0
2025-08-19 18:00:00,,,,,,,1529.0,1529.0,,,0.0,,,0.0
2025-08-19 19:00:00,,,,,,,1533.0,1533.0,,,0.0,,,0.0
2025-08-19 20:00:00,,,,,,,1533.0,1533.0,,,0.0,,,0.0
2025-08-19 21:00:00,,,,,,,1533.0,1533.0,,,0.0,,,0.0
2025-08-19 22:00:00,,,,,,,1533.0,1533.0,,,0.0,,,0.0
2025-08-19 23:00:00,,,,,,,1533.0,1533.0,,,0.0,,,0.0
2025-08-20 00:00:00,,,,,,,1533.0,1533.0,,,0.0,,,0.0
2025-08-20 01:00:00,,,,,,,1533.0,1533.0,,,0.0,,,0.0
2025-08-20 02:00:00,,,,,,,1533.0,1533.0,,,0.0,,,0.0
2025-08-20 03:00:00,,,,,,,1529.0,1529.0,,,0.0,,,0.0
2025-08-20 04:00:00,,,,,,,1533.0,1533.0,,,0.0,,,0.0
2025-08-20 05:00:00,,,,,,,1533.0,1533.0,,,0.0,,,0.0
2025-08-20 06:00:00,,,,,,,1533.0,1533.0,,,0.0,,,0.0
2025-08-20 07:00:00,,,,,,,1533.0,1533.0,,,0.0,,,0.0
2025-08-20 08:00:00,,,,,,,509.0,509.0,,,0.0,,,0.0
2025-08-20 09:00:00,,,,,,,509.0,509.0,,,0.0,,,0.0
2025-08-20 10:00:00,,,,,,,509.0,509.0,,,0.0,,,0.0
2025-08-20 11:00:00,,,,,,,509.0,509.0,,,0.0,,,0.0
2025-08-20 12:00:00,,,,,,,2553.0,2552.0,0.4948,0.0,1.0,1.1452,0.0,1.0
2025-08-20 13:00:00,,,,,,,509.0,509.0,,,0.0,,,0.0
2025-08-20 14:00:00,,,,,,,509.0,509.0,,,0.0,,,0.0
2025-08-20 15:00:00,,,,,,,509.0,509.0,,,0.0,,,0.0
2025-08-20 16:00:00,,,,,,,509.0,509.0,,,0.0,,,0.0
2025-08-20 17:00:00,,,,,,,1533.0,1533.0,,,0.0,,,0.0
2025-08-20 18:00:00,,,,,,,1533.0,1533.0,,,0.0,,,0.0
2025-08-20 19:00:00,,,,,,,1533.0,1533.0,,,0.0,,,0.0
2025-08-20 20:00:00,,,,,,,1529.0,1529.0,,,0.0,,,0.0
2025-08-20 21:00:00,,,,,,,1533.0,1533.0,,,0.0,,,0.0
2025-08-20 22:00:00,,,,,,,1529.0,1529.0,,,0.0,,,0.0
2025-08-20 23:00:00,,,,,,,1533.0,1533.0,,,0.0,,,0.0
2025-08-21 00:00:00,,,,,,,1533.0,1533.0,,,0.0,,,0.0
2025-08-21 01:00:00,,,,,,,1533.0,1533.0,,,0.0,,,0.0
2025-08-21 02:00:00,,,,,,,1533.0,1533.0,,,0.0,,,0.0
2025-08-21 03:00:00,,,,,,,1533.0,1533.0,,,0.0,,,0.0
2025-08-21 04:00:00,,,,,,,1533.0,1533.0,,,0.0,,,0.0
2025-08-21 05:00:00,,,,,,,1533.0,1533.0,,,0.0,,,0.0
2025-08-21 06:00:00,,,,,,,1533.0,1533.0,,,0.0,,,0.0
2025-08-21 07:00:00,,,,,,,1533.0,1533.0,,,0.0,,,0.0
2025-08-21 08:00:00,,,,,,,509.0,509.0,,,0.0,,,0.0
2025-08-21 09:00:00,,,,,,,509.0,509.0,,,0.0,,,0.0
2025-08-21 10:00:00,,,,,,,509.0,509.0,,,0.0,,,0.0
2025-08-21 11:00:00,,,,,,,509.0,509.0,,,0.0,,,0.0
2025-08-21 12:00:00,,,,,,,509.0,509.0,,,0.0,,,0.0
2025-08-21 13:00:00,,,,,,,509.0,509.0,,,0.0,,,0.0
2025-08-21 14:00:00,,,,,,,509.0,509.0,,,0.0,,,0.0
2025-08-21 15:00:00,,,,,,,509.0,509.0,,,0.0,,,0.0
2025-08-21 16:00:00,,,,,,,509.0,509.0,,,0.0,,,0.0
2025-08-21 17:00:00,,,,,,,1533.0,1533.0,,,0.0,,,0.0
2025-08-21 18:00:00,,,,,,,1533.0,1533.0,,,0.0,,,0.0
2025-08-21 19:00:00,,,,,,,1533.0,1533.0,,,0.0,,,0.0
2025-08-21 20:00:00,,,,,,,1529.0,1529.0,,,0.0,,,0.0
2025-08-21 21:00:00,,,,,,,1533.0,1533.0,,,0.0,,,0.0
2025-08-21 22:00:00,,,,,,,1533.0,1533.0,,,0.0,,,0.0
2025-08-21 23:00:00,,,,,,,1529.0,1529.0,,,0.0,,,0.0
2025-08-22 00:00:00,,,,,,,1533.0,1533.0,,,0.0,,,0.0
2025-08-22 01:00:00,,,,,,,1533.0,1533.0,,,0.0,,,0.0
2025-08-22 02:00:00,,,,,,,1533.0,1533.0,,,0.0,,,0.0
2025-08-22 03:00:00,,,,,,,1533.0,1533.0,,,0.0,,,0.0
2025-08-22 04:00:00,,,,,,,1533.0,1533.0,,,0.0,,,0.0
2025-08-22 05:00:00,,,,,,,1533.0,1533.0,,,0.0,,,0.0
2025-08-22 06:00:00,,,,,,,1533.0,1533.0,,,0.0,,,0.0
2025-08-22 07:00:00,,,,,,,1533.0,1533.0,,,0.0,,,0.0
2025-08-22 08:00:00,,,,,,,509.0,509.0,,,0.0,,,0.0
2025-08-22 09:00:00,,,,,,,509.0,509.0,,,0.0,,,0.0
2025-08-22 10:00:00,,,,,,,509.0,509.0,,,0.0,,,0.0
2025-08-22 11:00:00,,,,,,,509.0,509.0,,,0.0,,,0.0
2025-08-22 12:00:00,,,,,,,509.0,509.0,,,0.0,,,0.0
2025-08-22 13:00:00,,,,,,,509.0,509.0,,,0.0,,,0.0
2025-08-22 14:00:00,,,,,,,505.0,505.0,,,0.0,,,0.0
2025-08-22 15:00:00,,,,,,,509.0,509.0,,,0.0,,,0.0
2025-08-22 16:00:00,,,,,,,509.0,509.0,,,0.0,,,0.0
2025-08-22 17:00:00,,,,,,,1533.0,1533.0,,,0.0,,,0.0
2025-08-22 18:00:00,,,,,,,1533.0,1533.0,,,0.0,,,0.0
2025-08-22 19:00:00,,,,,,,1529.0,1529.0,,,0.0,,,0.0
2025-08-22 20:00:00,,,,,,,1533.0,1533.0,,,0.0,,,0.0
2025-08-22 21:00:00,,,,,,,1533.0,1533.0,,,0.0,,,0.0
2025-08-22 22:00:00,,,,,,,1529.0,1529.0,,,0.0,,,0.0
2025-08-22 23:00:00,,,,,,,1533.0,1533.0,,,0.0,,,0.0
2025-08-23 00:00:00,,,,,,,1533.0,1533.0,,,0.0,,,0.0
2025-08-23 01:00:00,,,,,,,1529.0,1529.0,,,0.0,,,0.0
2025-08-23 02:00:00,,,,,,,1273.0,1273.0,,,0.0,,,0.0
2025-08-23 03:00:00,,,,,,,1533.0,1533.0,,,0.0,,,0.0
2025-08-23 04:00:00,,,,,,,1533.0,1533.0,,,0.0,,,0.0
2025-08-23 05:00:00,,,,,,,1533.0,1533.0,,,0.0,,,0.0
2025-08-23 06:00:00,,,,,,,1533.0,1533.0,,,0.0,,,0.0
2025-08-23 07:00:00,,,,,,,1533.0,1533.0,,,0.0,,,0.0
2025-08-23 08:00:00,,,,,,,509.0,509.0,,,0.0,,,0.0
2025-08-23 09:00:00,,,,,,,509.0,509.0,,,0.0,,,0.0
2025-08-23 10:00:00,,,,,,,509.0,509.0,,,0.0,,,0.0
2025-08-23 11:00:00,,,,,,,509.0,509.0,,,0.0,,,0.0
2025-08-23 12:00:00,,,,,,,509.0,509.0,,,0.0,,,0.0
2025-08-23 13:00:00,,,,,,,509.0,509.0,0.0334,0.0,1.0,1.0676999,0.0,1.0
2025-08-23 14:00:00,,,,,,,509.0,509.0,0.24479999,0.0,1.0,1.0662999,0.0,1.0
2025-08-23 15:00:00,,,,,,,509.0,509.0,,,0.0,,,0.0
2025-08-23 16:00:00,,,,,,,509.0,509.0,,,0.0,,,0.0
2025-08-23 17:00:00,,,,,,,1533.0,1533.0,0.39119998,0.0,1.0,1.2544999,0.0,1.0
2025-08-23 18:00:00,,,,,,,1533.0,1533.0,,,0.0,,,0.0
2025-08-23 19:00:00,,,,,,,1533.0,1533.0,,,0.0,,,0.0
2025-08-23 20:00:00,,,,,,,1533.0,1533.0,,,0.0,,,0.0
2025-08-23 21:00:00,,,,,,,1273.0,1273.0,,,0.0,,,0.0
2025-08-23 22:00:00,,,,,,,1529.0,1529.0,,,0.0,,,0.0
2025-08-23 23:00:00,,,,,,,1529.0,1529.0,,,0.0,,,0.0
2025-08-24 00:00:00,,,,,,,1273.0,1273.0,,,0.0,,,0.0
2025-08-24 01:00:00,,,,,,,1533.0,1533.0,,,0.0,,,0.0
2025-08-24 02:00:00,,,,,,,1533.0,1533.0,,,0.0,,,0.0
2025-08-24 03:00:00,,,,,,,1529.0,1529.0,,,0.0,,,0.0
2025-08-24 04:00:00,,,,,,,1273.0,1273.0,,,0.0,,,0.0
2025-08-24 05:00:00,,,,,,,1273.0,1273.0,,,0.0,,,0.0
2025-08-24 06:00:00,,,,,,,1529.0,1529.0,,,0.0,,,0.0
2025-08-24 07:00:00,,,,,,,1533.0,1533.0,,,0.0,,,0.0
2025-08-24 08:00:00,,,,,,,509.0,509.0,,,0.0,,,0.0
2025-08-24 09:00:00,,,,,,,509.0,509.0,,,0.0,,,0.0
2025-08-24 10:00:00,,,,,,,509.0,509.0,,,0.0,,,0.0
2025-08-24 11:00:00,,,,,,,509.0,509.0,0.308,0.0,1.0,1.0927,0.0,1.0
2025-08-24 12:00:00,,,,,,,509.0,509.0,,,0.0,,,0.0
2025-08-24 13:00:00,,,,,,,509.0,509.0,,,0.0,,,0.0
2025-08-24 14:00:00,,,,,,,509.0,509.0,,,0.0,,,0.0
2025-08-24 15:00:00,,,,,,,509.0,509.0,,,0.0,,,0.0
2025-08-24 16:00:00,,,,,,,509.0,509.0,,,0.0,,,0.0
2025-08-24 17:00:00,,,,,,,1533.0,1533.0,,,0.0,,,0.0
2025-08-24 18:00:00,,,,,,,1533.0,1533.0,,,0.0,,,0.0
2025-08-24 19:00:00,,,,,,,1533.0,1533.0,,,0.0,,,0.0
2025-08-24 20:00:00,,,,,,,1533.0,1533.0,,,0.0,,,0.0
2025-08-24 21:00:00,,,,,,,1533.0,1533.0,,,0.0,,,0.0
2025-08-24 22:00:00,,,,,,,1533.0,1533.0,,,0.0,,,0.0
2025-08-24 23:00:00,,,,,,,1533.0,1533.0,,,0.0,,,0.0
2025-08-25 00:00:00,,,,,,,1529.0,1529.0,,,0.0,,,0.0
2025-08-25 01:00:00,,,,,,,1533.0,1533.0,,,0.0,,,0.0
2025-08-25 02:00:00,,,,,,,1529.0,1529.0,,,0.0,,,0.0
2025-08-25 03:00:00,,,,,,,1533.0,1533.0,,,0.0,,,0.0
2025-08-25 04:00:00,,,,,,,1533.0,1533.0,,,0.0,,,0.0
2025-08-25 05:00:00,,,,,,,1533.0,1533.0,,,0.0,,,0.0
2025-08-25 06:00:00,,,,,,,1533.0,1533.0,,,0.0,,,0.0
2025-08-25 07:00:00,,,,,,,1533.0,1533.0,,,0.0,,,0.0
2025-08-25 08:00:00,,,,,,,509.0,509.0,,,0.0,,,0.0
2025-08-25 09:00:00,,,,,,,509.0,509.0,,,0.0,,,0.0
2025-08-25 10:00:00,,,,,,,509.0,509.0,,,0.0,,,0.0
2025-08-25 11:00:00,,,,,,,509.0,509.0,,,0.0,,,0.0
2025-08-25 12:00:00,,,,,,,509.0,509.0,,,0.0,,,0.0
2025-08-25 13:00:00,,,,,,,509.0,509.0,,,0.0,,,0.0
2025-08-25 14:00:00,,,,,,,509.0,509.0,,,0.0,,,0.0
2025-08-25 15:00:00,,,,,,,509.0,509.0,,,0.0,,,0.0
2025-08-25 16:00:00,,,,,,,509.0,509.0,,,0.0,,,0.0
2025-08-25 17:00:00,,,,,,,1533.0,1533.0,,,0.0,,,0.0
2025-08-25 18:00:00,,,,,,,1533.0,1533.0,,,0.0,,,0.0
2025-08-25 19:00:00,,,,,,,1529.0,1529.0,,,0.0,,,0.0
2025-08-25 20:00:00,,,,,,,1533.0,1533.0,,,0.0,,,0.0
2025-08-25 21:00:00,,,,,,,1533.0,1533.0,,,0.0,,,0.0
2025-08-25 22:00:00,,,,,,,1533.0,1533.0,,,0.0,,,0.0
2025-08-25 23:00:00,,,,,,,1533.0,1533.0,,,0.0,,,0.0
2025-08-26 00:00:00,,,,,,,1533.0,1533.0,,,0.0,,,0.0
2025-08-26 01:00:00,,,,,,,1529.0,1529.0,,,0.0,,,0.0
2025-08-26 02:00:00,,,,,,,1533.0,1533.0,,,0.0,,,0.0
2025-08-26 03:00:00,,,,,,,1529.0,1529.0,,,0.0,,,0.0
2025-08-26 04:00:00,,,,,,,1529.0,1529.0,,,0.0,,,0.0
2025-08-26 05:00:00,,,,,,,1533.0,1533.0,,,0.0,,,0.0
2025-08-26 06:00:00,,,,,,,1533.0,1533.0,,,0.0,,,0.0
2025-08-26 07:00:00,,,,,,,1533.0,1533.0,,,0.0,,,0.0
2025-08-26 08:00:00,,,,,,,509.0,509.0,,,0.0,,,0.0
2025-08-26 09:00:00,,,,,,,509.0,509.0,,,0.0,,,0.0
2025-08-26 10:00:00,,,,,,,509.0,509.0,,,0.0,,,0.0
2025-08-26 11:00:00,,,,,,,509.0,509.0,,,0.0,,,0.0
2025-08-26 12:00:00,,,,,,,509.0,509.0,,,0.0,,,0.0
2025-08-26 13:00:00,,,,,,,509.0,509.0,,,0.0,,,0.0
2025-08-26 14:00:00,,,,,,,509.0,509.0,,,0.0,,,0.0
2025-08-26 15:00:00,,,,,,,509.0,509.0,,,0.0,,,0.0
2025-08-26 16:00:00,,,,,,,509.0,509.0,,,0.0,,,0.0
2025-08-26 17:00:00,,,,,,,1533.0,1533.0,,,0.0,,,0.0
2025-08-26 18:00:00,,,,,,,1533.0,1533.0,,,0.0,,,0.0
2025-08-26 19:00:00,,,,,,,1529.0,1529.0,,,0.0,,,0.0
2025-08-26 20:00:00,,,,,,,1533.0,1533.0,,,0.0,,,0.0
2025-08-26 21:00:00,,,,,,,1533.0,1533.0,,,0.0,,,0.0
2025-08-26 22:00:00,,,,,,,1529.0,1529.0,,,0.0,,,0.0
2025-08-26 23:00:00,,,,,,,1533.0,1533.0,,,0.0,,,0.0
2025-08-27 00:00:00,,,,,,,1533.0,1533.0,,,0.0,,,0.0
2025-08-27 01:00:00,,,,,,,1533.0,1533.0,,,0.0,,,0.0
2025-08-27 02:00:00,,,,,,,1533.0,1533.0,,,0.0,,,0.0
2025-08-27 03:00:00,,,,,,,1529.0,1529.0,,,0.0,,,0.0
2025-08-27 04:00:00,,,,,,,1533.0,1533.0,,,0.0,,,0.0
2025-08-27 05:00:00,,,,,,,1529.0,1529.0,,,0.0,,,0.0
2025-08-27 06:00:00,,,,,,,1533.0,1533.0,,,0.0,,,0.0
2025-08-27 07:00:00,,,,,,,1533.0,1533.0,,,0.0,,,0.0
2025-08-27 08:00:00,,,,,,,509.0,509.0,,,0.0,,,0.0
2025-08-27 09:00:00,,,,,,,509.0,509.0,,,0.0,,,0.0
2025-08-27 10:00:00,,,,,,,509.0,509.0,,,0.0,,,0.0
2025-08-27 11:00:00,,,,,,,509.0,509.0,,,0.0,,,0.0
2025-08-27 12:00:00,,,,,,,509.0,509.0,,,0.0,,,0.0
2025-08-27 13:00:00,,,,,,,509.0,509.0,,,0.0,,,0.0
2025-08-27 14:00:00,,,,,,,509.0,509.0,,,0.0,,,0.0
2025-08-27 15:00:00,,,,,,,509.0,509.0,,,0.0,,,0.0
2025-08-27 16:00:00,,,,,,,509.0,509.0,,,0.0,,,0.0
2025-08-27 17:00:00,,,,,,,1533.0,1533.0,,,0.0,,,0.0
2025-08-27 18:00:00,,,,,,,1533.0,1533.0,,,0.0,,,0.0
2025-08-27 19:00:00,,,,,,,1529.0,1529.0,,,0.0,,,0.0
2025-08-27 20:00:00,,,,,,,1533.0,1533.0,,,0.0,,,0.0
2025-08-27 21:00:00,,,,,,,1533.0,1533.0,,,0.0,,,0.0
2025-08-27 22:00:00,,,,,,,1533.0,1533.0,,,0.0,,,0.0
2025-08-27 23:00:00,,,,,,,1533.0,1533.0,,,0.0,,,0.0
2025-08-28 00:00:00,,,,,,,1529.0,1529.0,,,0.0,,,0.0
2025-08-28 01:00:00,,,,,,,1533.0,1533.0,,,0.0,,,0.0
2025-08-28 02:00:00,,,,,,,1273.0,1273.0,,,0.0,,,0.0
2025-08-28 03:00:00,,,,,,,1529.0,1529.0,,,0.0,,,0.0
2025-08-28 04:00:00,,,,,,,1529.0,1529.0,,,0.0,,,0.0
2025-08-28 05:00:00,,,,,,,1273.0,1273.0,,,0.0,,,0.0
2025-08-28 06:00:00,,,,,,,1273.0,1273.0,,,0.0,,,0.0
2025-08-28 07:00:00,,,,,,,1533.0,1533.0,,,0.0,,,0.0
2025-08-28 08:00:00,,,,,,,509.0,509.0,,,0.0,,,0.0
2025-08-28 09:00:00,,,,,,,509.0,509.0,,,0.0,,,0.0
2025-08-28 10:00:00,,,,,,,505.0,504.0,0.907,0.0,1.0,0.6955,0.0,1.0
2025-08-28 11:00:00,,,,,,,509.0,509.0,,,0.0,,,0.0
2025-08-28 12:00:00,,,,,,,509.0,509.0,,,0.0,,,0.0
2025-08-28 13:00:00,,,,,,,509.0,509.0,,,0.0,,,0.0
2025-08-28 14:00:00,,,,,,,509.0,509.0,,,0.0,,,0.0
2025-08-28 15:00:00,,,,,,,509.0,509.0,,,0.0,,,0.0
2025-08-28 16:00:00,,,,,,,509.0,509.0,,,0.0,,,0.0
2025-08-28 17:00:00,,,,,,,1533.0,1533.0,0.3946,0.0,1.0,1.2125,0.0,1.0
2025-08-28 18:00:00,,,,,,,1273.0,1273.0,,,0.0,,,0.0
2025-08-28 19:00:00,,,,,,,1533.0,1533.0,,,0.0,,,0.0
2025-08-28 20:00:00,,,,,,,1533.0,1533.0,,,0.0,,,0.0
2025-08-28 21:00:00,,,,,,,1533.0,1533.0,,,0.0,,,0.0
2025-08-28 22:00:00,,,,,,,1533.0,1533.0,,,0.0,,,0.0
2025-08-28 23:00:00,,,,,,,1529.0,1529.0,,,0.0,,,0.0
2025-08-29 00:00:00,,,,,,,1529.0,1529.0,,,0.0,,,0.0
2025-08-29 01:00:00,,,,,,,1529.0,1529.0,,,0.0,,,0.0
2025-08-29 02:00:00,,,,,,,1529.0,1529.0,,,0.0,,,0.0
2025-08-29 03:00:00,,,,,,,1533.0,1533.0,,,0.0,,,0.0
2025-08-29 04:00:00,,,,,,,1273.0,1273.0,,,0.0,,,0.0
2025-08-29 05:00:00,,,,,,,1529.0,1529.0,,,0.0,,,0.0
2025-08-29 06:00:00,,,,,,,1529.0,1529.0,,,0.0,,,0.0
2025-08-29 07:00:00,,,,,,,1533.0,1533.0,,,0.0,,,0.0
2025-08-29 08:00:00,,,,,,,509.0,509.0,,,0.0,,,0.0
2025-08-29 09:00:00,,,,,,,505.0,504.0,1.2364,0.0,1.0,0.8155999,0.0,1.0
2025-08-29 10:00:00,,,,,,,509.0,509.0,,,0.0,,,0.0
2025-08-29 11:00:00,,,,,,,509.0,509.0,,,0.0,,,0.0
2025-08-29 12:00:00,,,,,,,509.0,509.0,,,0.0,,,0.0
2025-08-29 13:00:00,,,,,,,509.0,509.0,,,0.0,,,0.0
2025-08-29 14:00:00,,,,,,,509.0,509.0,,,0.0,,,0.0
2025-08-29 15:00:00,,,,,,,509.0,509.0,,,0.0,,,0.0
2025-08-29 16:00:00,,,,,,,509.0,509.0,,,0.0,,,0.0
2025-08-29 17:00:00,,,,,,,1533.0,1533.0,,,0.0,,,0.0
2025-08-29 18:00:00,,,,,,,1533.0,1533.0,,,0.0,,,0.0
2025-08-29 19:00:00,,,,,,,1533.0,1533.0,,,0.0,,,0.0
2025-08-29 20:00:00,,,,,,,1533.0,1533.0,,,0.0,,,0.0
2025-08-29 21:00:00,,,,,,,1533.0,1533.0,,,0.0,,,0.0
2025-08-29 22:00:00,,,,,,,1533.0,1533.0,,,0.0,,,0.0
2025-08-29 23:00:00,,,,,,,1533.0,1533.0,,,0.0,,,0.0
2025-08-30 00:00:00,,,,,,,1533.0,1533.0,,,0.0,,,0.0
2025-08-30 01:00:00,,,,,,,1529.0,1529.0,,,0.0,,,0.0
2025-08-30 02:00:00,,,,,,,1533.0,1533.0,,,0.0,,,0.0
2025-08-30 03:00:00,,,,,,,1529.0,1529.0,,,0.0,,,0.0
2025-08-30 04:00:00,,,,,,,1529.0,1529.0,,,0.0,,,0.0
2025-08-30 05:00:00,,,,,,,1533.0,1533.0,,,0.0,,,0.0
2025-08-30 06:00:00,,,,,,,1533.0,1533.0,,,0.0,,,0.0
2025-08-30 07:00:00,,,,,,,1533.0,1533.0,,,0.0,,,0.0
2025-08-30 08:00:00,,,,,,,509.0,509.0,,,0.0,,,0.0
2025-08-30 09:00:00,,,,,,,509.0,509.0,,,0.0,,,0.0
2025-08-30 10:00:00,,,,,,,509.0,509.0,,,0.0,,,0.0
2025-08-30 11:00:00,,,,,,,509.0,509.0,,,0.0,,,0.0
2025-08-30 12:00:00,,,,,,,509.0,509.0,,,0.0,,,0.0
2025-08-30 13:00:00,,,,,,,509.0,509.0,,,0.0,,,0.0
2025-08-30 14:00:00,,,,,,,509.0,509.0,,,0.0,,,0.0
2025-08-30 15:00:00,,,,,,,509.0,509.0,,,0.0,,,0.0
2025-08-30 16:00:00,,,,,,,509.0,509.0,,,0.0,,,0.0
2025-08-30 17:00:00,,,,,,,1533.0,1533.0,,,0.0,,,0.0
2025-08-30 18:00:00,,,,,,,1529.0,1529.0,,,0.0,,,0.0
2025-08-30 19:00:00,,,,,,,1533.0,1533.0,,,0.0,,,0.0
2025-08-30 20:00:00,,,,,,,1533.0,1533.0,,,0.0,,,0.0
2025-08-30 21:00:00,,,,,,,1533.0,1533.0,,,0.0,,,0.0
2025-08-30 22:00:00,,,,,,,1533.0,1533.0,,,0.0,,,0.0
2025-08-30 23:00:00,,,,,,,1533.0,1533.0,,,0.0,,,0.0
2025-08-31 00:00:00,,,,,,,1529.0,1529.0,,,0.0,,,0.0
2025-08-31 01:00:00,,,,,,,1529.0,1529.0,,,0.0,,,0.0
2025-08-31 02:00:00,,,,,,,1533.0,1533.0,,,0.0,,,0.0
2025-08-31 03:00:00,,,,,,,1533.0,1533.0,,,0.0,,,0.0
2025-08-31 04:00:00,,,,,,,1529.0,1529.0,,,0.0,,,0.0
2025-08-31 05:00:00,,,,,,,1533.0,1533.0,,,0.0,,,0.0
2025-08-31 06:00:00,,,,,,,1533.0,1533.0,,,0.0,,,0.0
2025-08-31 07:00:00,,,,,,,1533.0,1533.0,,,0.0,,,0.0
2025-08-31 08:00:00,,,,,,,509.0,509.0,,,0.0,,,0.0
2025-08-31 09:00:00,,,,,,,509.0,509.0,,,0.0,,,0.0
2025-08-31 10:00:00,,,,,,,509.0,509.0,,,0.0,,,0.0
2025-08-31 11:00:00,,,,,,,509.0,509.0,,,0.0,,,0.0
2025-08-31 12:00:00,,,,,,,509.0,509.0,,,0.0,,,0.0
2025-08-31 13:00:00,,,,,,,509.0,509.0,,,0.0,,,0.0
2025-08-31 14:00:00,,,,,,,509.0,509.0,0.38259998,0.0,1.0,0.8981,0.0,1.0
2025-08-31 15:00:00,,,,,,,509.0,509.0,,,0.0,,,0.0
2025-08-31 16:00:00,,,,,,,509.0,509.0,,,0.0,,,0.0
2025-08-31 17:00:00,,,,,,,1533.0,1533.0,,,0.0,,,0.0
2025-08-31 18:00:00,,,,,,,1533.0,1533.0,,,0.0,,,0.0
2025-08-31 19:00:00,,,,,,,1533.0,1533.0,,,0.0,,,0.0
2025-08-31 20:00:00,,,,,,,1533.0,1533.0,,,0.0,,,0.0
2025-08-31 21:00:00,,,,,,,1533.0,1533.0,,,0.0,,,0.0
2025-08-31 22:00:00,,,,,,,1533.0,1533.0,,,0.0,,,0.0
2025-08-31 23:00:00,,,,,,,1533.0,1533.0,,,0.0,,,0.0
2025-09-01 00:00:00,,,,,,,1533.0,1533.0,,,0.0,,,0.0
2025-09-01 01:00:00,,,,,,,1533.0,1533.0,,,0.0,,,0.0
2025-09-01 02:00:00,,,,,,,1529.0,1529.0,,,0.0,,,0.0
2025-09-01 03:00:00,,,,,,,1529.0,1529.0,,,0.0,,,0.0
2025-09-01 04:00:00,,,,,,,1533.0,1533.0,,,0.0,,,0.0
2025-09-01 05:00:00,,,,,,,1533.0,1533.0,,,0.0,,,0.0
2025-09-01 06:00:00,,,,,,,1533.0,1533.0,,,0.0,,,0.0
2025-09-01 07:00:00,,,,,,,1533.0,1533.0,,,0.0,,,0.0
2025-09-01 08:00:00,,,,,,,509.0,509.0,,,0.0,,,0.0
2025-09-01 09:00:00,,,,,,,509.0,509.0,,,0.0,,,0.0
2025-09-01 10:00:00,,,,,,,509.0,509.0,,,0.0,,,0.0
2025-09-01 11:00:00,,,,,,,509.0,509.0,,,0.0,,,0.0
2025-09-01 12:00:00,,,,,,,509.0,509.0,,,0.0,,,0.0
2025-09-01 13:00:00,,,,,,,509.0,509.0,,,0.0,,,0.0
2025-09-01 14:00:00,,,,,,,509.0,509.0,,,0.0,,,0.0
2025-09-01 15:00:00,,,,,,,509.0,509.0,,,0.0,,,0.0
2025-09-01 16:00:00,,,,,,,509.0,509.0,,,0.0,,,0.0
2025-09-01 17:00:00,,,,,,,1533.0,1533.0,,,0.0,,,0.0
2025-09-01 18:00:00,,,,,,,1533.0,1533.0,,,0.0,,,0.0
2025-09-01 19:00:00,,,,,,,1533.0,1533.0,,,0.0,,,0.0
2025-09-01 20:00:00,,,,,,,1529.0,1529.0,,,0.0,,,0.0
2025-09-01 21:00:00,,,,,,,1533.0,1533.0,,,0.0,,,0.0
2025-09-01 22:00:00,,,,,,,1533.0,1533.0,,,0.0,,,0.0
2025-09-01 23:00:00,,,,,,,1529.0,1529.0,,,0.0,,,0.0
2025-09-02 00:00:00,,,,,,,1533.0,1533.0,,,0.0,,,0.0
2025-09-02 01:00:00,,,,,,,1273.0,1273.0,,,0.0,,,0.0
2025-09-02 02:00:00,,,,,,,1529.0,1529.0,,,0.0,,,0.0
2025-09-02 03:00:00,,,,,,,1273.0,1273.0,,,0.0,,,0.0
2025-09-02 04:00:00,,,,,,,1273.0,1273.0,,,0.0,,,0.0
2025-09-02 05:00:00,,,,,,,1273.0,1273.0,,,0.0,,,0.0
2025-09-02 06:00:00,,,,,,,1529.0,1529.0,,,0.0,,,0.0
2025-09-02 07:00:00,,,,,,,1533.0,1533.0,,,0.0,,,0.0
2025-09-02 08:00:00,,,,,,,509.0,509.0,,,0.0,,,0.0
2025-09-02 09:00:00,,,,,,,509.0,509.0,1.0658,0.0778,2.0,0.8220999,0.010500014,2.0
2025-09-02 10:00:00,,,,,,,509.0,509.0,1.3246,0.0,1.0,0.76539993,0.0,1.0
2025-09-02 11:00:00,,,,,,,509.0,509.0,,,0.0,,,0.0
2025-09-02 12:00:00,,,,,,,509.0,509.0,,,0.0,,,0.0
2025-09-02 13:00:00,,,,,,,509.0,509.0,,,0.0,,,0.0
2025-09-02 14:00:00,,,,,,,509.0,509.0,,,0.0,,,0.0
2025-09-02 15:00:00,,,,,,,509.0,509.0,,,0.0,,,0.0
2025-09-02 16:00:00,,,,,,,509.0,509.0,,,0.0,,,0.0
2025-09-02 17:00:00,,,,,,,1533.0,1533.0,,,0.0,,,0.0
2025-09-02 18:00:00,,,,,,,1533.0,1533.0,,,0.0,,,0.0
2025-09-02 19:00:00,,,,,,,1529.0,1529.0,,,0.0,,,0.0
2025-09-02 20:00:00,,,,,,,1273.0,1273.0,,,0.0,,,0.0
2025-09-02 21:00:00,,,,,,,1273.0,1273.0,,,0.0,,,0.0
2025-09-02 22:00:00,,,,,,,1529.0,1529.0,,,0.0,,,0.0
2025-09-02 23:00:00,,,,,,,1529.0,1529.0,,,0.0,,,0.0
2025-09-03 00:00:00,,,,,,,1273.0,1273.0,,,0.0,,,0.0
2025-09-03 01:00:00,,,,,,,1273.0,1273.0,,,0.0,,,0.0
2025-09-03 02:00:00,,,,,,,1273.0,1273.0,,,0.0,,,0.0
2025-09-03 03:00:00,,,,,,,1273.0,1273.0,,,0.0,,,0.0
2025-09-03 04:00:00,,,,,,,1273.0,1273.0,,,0.0,,,0.0
2025-09-03 05:00:00,,,,,,,1273.0,1273.0,,,0.0,,,0.0
2025-09-03 06:00:00,,,,,,,1273.0,1273.0,,,0.0,,,0.0
2025-09-03 07:00:00,,,,,,,1529.0,1529.0,,,0.0,,,0.0
2025-09-03 08:00:00,,,,,,,509.0,509.0,0.68299997,0.088999994,2.0,0.9347999,0.024500012,2.0
2025-09-03 09:00:00,,,,,,,509.0,509.0,,,0.0,,,0.0
2025-09-03 10:00:00,,,,,,,509.0,509.0,,,0.0,,,0.0
2025-09-03 11:00:00,,,,,,,509.0,509.0,,,0.0,,,0.0
2025-09-03 12:00:00,,,,,,,509.0,509.0,,,0.0,,,0.0
2025-09-03 13:00:00,,,,,,,509.0,509.0,,,0.0,,,0.0
2025-09-03 14:00:00,,,,,,,249.0,249.0,0.0066,0.0,1.0,1.1148,0.0,1.0
2025-09-03 15:00:00,,,,,,,509.0,509.0,,,0.0,,,0.0
2025-09-03 16:00:00,,,,,,,505.0,505.0,,,0.0,,,0.0
2025-09-03 17:00:00,,,,,,,1533.0,1533.0,0.101399995,0.049999997,2.0,1.1994,0.045300007,2.0
2025-09-03 18:00:00,,,,,,,1273.0,1273.0,,,0.0,,,0.0
2025-09-03 19:00:00,,,,,,,1273.0,1273.0,,,0.0,,,0.0
2025-09-03 20:00:00,,,,,,,1529.0,1529.0,,,0.0,,,0.0
2025-09-03 21:00:00,,,,,,,1273.0,1273.0,,,0.0,,,0.0
2025-09-03 22:00:00,,,,,,,1273.0,1273.0,,,0.0,,,0.0
2025-09-03 23:00:00,,,,,,,1273.0,1273.0,,,0.0,,,0.0
2025-09-04 00:00:00,,,,,,,1273.0,1273.0,,,0.0,,,0.0
2025-09-04 01:00:00,,,,,,,1273.0,1273.0,,,0.0,,,0.0
2025-09-04 02:00:00,,,,,,,1273.0,1273.0,,,0.0,,,0.0
2025-09-04 03:00:00,,,,,,,1273.0,1273.0,,,0.0,,,0.0
2025-09-04 04:00:00,,,,,,,1273.0,1273.0,,,0.0,,,0.0
2025-09-04 05:00:00,,,,,,,1273.0,1273.0,,,0.0,,,0.0
2025-09-04 06:00:00,,,,,,,1273.0,1273.0,,,0.0,,,0.0
2025-09-04 07:00:00,,,,,,,1533.0,1533.0,,,0.0,,,0.0
2025-09-04 08:00:00,,,,,,,509.0,509.0,,,0.0,,,0.0
2025-09-04 09:00:00,,,,,,,509.0,509.0,,,0.0,,,0.0
2025-09-04 10:00:00,,,,,,,509.0,509.0,,,0.0,,,0.0
2025-09-04 11:00:00,,,,,,,509.0,509.0,,,0.0,,,0.0
2025-09-04 12:00:00,,,,,,,509.0,509.0,,,0.0,,,0.0
2025-09-04 13:00:00,,,,,,,509.0,509.0,,,0.0,,,0.0
2025-09-04 14:00:00,,,,,,,509.0,509.0,,,0.0,,,0.0
2025-09-04 15:00:00,,,,,,,509.0,509.0,,,0.0,,,0.0
2025-09-04 16:00:00,,,,,,,2297.0,2296.0,0.0638,0.0,1.0,1.2694,0.0,1.0
2025-09-04 17:00:00,,,,,,,1533.0,1533.0,0.0202,0.006,3.0,1.2616999,0.01910001,3.0
2025-09-04 18:00:00,,,,,,,1273.0,1273.0,,,0.0,,,0.0
2025-09-04 19:00:00,,,,,,,1273.0,1273.0,,,0.0,,,0.0
2025-09-04 20:00:00,,,,,,,1273.0,1273.0,,,0.0,,,0.0
2025-09-04 21:00:00,,,,,,,1273.0,1273.0,,,0.0,,,0.0
2025-09-04 22:00:00,,,,,,,1273.0,1273.0,,,0.0,,,0.0
2025-09-04 23:00:00,,,,,,,1273.0,1273.0,,,0.0,,,0.0
2025-09-05 00:00:00,,,,,,,1529.0,1529.0,,,0.0,,,0.0
2025-09-05 01:00:00,,,,,,,1273.0,1273.0,,,0.0,,,0.0
2025-09-05 02:00:00,,,,,,,1273.0,1273.0,,,0.0,,,0.0
2025-09-05 03:00:00,,,,,,,1529.0,1529.0,,,0.0,,,0.0
2025-09-05 04:00:00,,,,,,,1529.0,1529.0,,,0.0,,,0.0
2025-09-05 05:00:00,,,,,,,1529.0,1529.0,,,0.0,,,0.0
2025-09-05 06:00:00,,,,,,,1533.0,1533.0,,,0.0,,,0.0
2025-09-05 07:00:00,,,,,,,1533.0,1533.0,,,0.0,,,0.0
2025-09-05 08:00:00,,,,,,,509.0,509.0,0.6526,0.0,1.0,0.8262,0.0,1.0
2025-09-05 09:00:00,,,,,,,509.0,509.0,,,0.0,,,0.0
2025-09-05 10:00:00,,,,,,,509.0,509.0,,,0.0,,,0.0
2025-09-05 11:00:00,,,,,,,509.0,509.0,,,0.0,,,0.0
2025-09-05 12:00:00,,,,,,,509.0,509.0,,,0.0,,,0.0
2025-09-05 13:00:00,,,,,,,509.0,509.0,,,0.0,,,0.0
2025-09-05 14:00:00,,,,,,,509.0,509.0,,,0.0,,,0.0
2025-09-05 15:00:00,,,,,,,509.0,509.0,,,0.0,,,0.0
2025-09-05 16:00:00,,,,,,,509.0,509.0,,,0.0,,,0.0
2025-09-05 17:00:00,,,,,,,1533.0,1533.0,,,0.0,,,0.0
2025-09-05 18:00:00,,,,,,,1273.0,1273.0,,,0.0,,,0.0
2025-09-05 19:00:00,,,,,,,1529.0,1529.0,,,0.0,,,0.0
2025-09-05 20:00:00,,,,,,,1533.0,1533.0,,,0.0,,,0.0
2025-09-05 21:00:00,,,,,,,1533.0,1533.0,,,0.0,,,0.0
2025-09-05 22:00:00,,,,,,,1533.0,1533.0,,,0.0,,,0.0
2025-09-05 23:00:00,,,,,,,1533.0,1533.0,,,0.0,,,0.0
2025-09-06 00:00:00,,,,,,,1533.0,1533.0,,,0.0,,,0.0
2025-09-06 01:00:00,,,,,,,1273.0,1273.0,,,0.0,,,0.0
2025-09-06 02:00:00,,,,,,,1273.0,1273.0,,,0.0,,,0.0
2025-09-06 03:00:00,,,,,,,1273.0,1273.0,,,0.0,,,0.0
2025-09-06 04:00:00,,,,,,,1529.0,1529.0,,,0.0,,,0.0
2025-09-06 05:00:00,,,,,,,1529.0,1529.0,,,0.0,,,0.0
2025-09-06 06:00:00,,,,,,,1273.0,1273.0,,,0.0,,,0.0
2025-09-06 07:00:00,,,,,,,1533.0,1533.0,,,0.0,,,0.0
2025-09-06 08:00:00,,,,,,,509.0,509.0,,,0.0,,,0.0
2025-09-06 09:00:00,,,,,,,509.0,509.0,,,0.0,,,0.0
2025-09-06 10:00:00,,,,,,,509.0,509.0,,,0.0,,,0.0
2025-09-06 11:00:00,,,,,,,509.0,509.0,,,0.0,,,0.0
2025-09-06 12:00:00,,,,,,,509.0,509.0,,,0.0,,,0.0
2025-09-06 13:00:00,,,,,,,509.0,509.0,1.4936,0.0,1.0,0.8377999,0.0,1.0
2025-09-06 14:00:00,,,,,,,509.0,509.0,,,0.0,,,0.0
2025-09-06 15:00:00,,,,,,,509.0,509.0,,,0.0,,,0.0
2025-09-06 16:00:00,,,,,,,509.0,509.0,,,0.0,,,0.0
2025-09-06 17:00:00,,,,,,,1533.0,1533.0,,,0.0,,,0.0
2025-09-06 18:00:00,,,,,,,1529.0,1529.0,,,0.0,,,0.0
2025-09-06 19:00:00,,,,,,,1533.0,1533.0,,,0.0,,,0.0
2025-09-06 20:00:00,,,,,,,1533.0,1533.0,,,0.0,,,0.0
2025-09-06 21:00:00,,,,,,,1529.0,1529.0,,,0.0,,,0.0
2025-09-06 22:00:00,,,,,,,1529.0,1529.0,,,0.0,,,0.0
2025-09-06 23:00:00,,,,,,,1533.0,1533.0,,,0.0,,,0.0
2025-09-07 00:00:00,,,,,,,1273.0,1273.0,,,0.0,,,0.0
2025-09-07 01:00:00,,,,,,,1273.0,1273.0,,,0.0,,,0.0
2025-09-07 02:00:00,,,,,,,1273.0,1273.0,,,0.0,,,0.0
2025-09-07 03:00:00,,,,,,,1273.0,1273.0,,,0.0,,,0.0
2025-09-07 04:00:00,,,,,,,1273.0,1273.0,,,0.0,,,0.0
2025-09-07 05:00:00,,,,,,,1273.0,1273.0,,,0.0,,,0.0
2025-09-07 06:00:00,,,,,,,1273.0,1273.0,,,0.0,,,0.0
2025-09-07 07:00:00,,,,,,,1533.0,1533.0,,,0.0,,,0.0
2025-09-07 08:00:00,,,,,,,509.0,509.0,0.0982,0.0,1.0,1.1176,0.0,1.0
2025-09-07 09:00:00,,,,,,,509.0,509.0,,,0.0,,,0.0
2025-09-07 10:00:00,,,,,,,509.0,509.0,,,0.0,,,0.0
2025-09-07 11:00:00,,,,,,,509.0,509.0,1.2744,0.0,1.0,0.5409,0.0,1.0
2025-09-07 12:00:00,,,,,,,509.0,509.0,,,0.0,,,0.0
2025-09-07 13:00:00,,,,,,,509.0,509.0,,,0.0,,,0.0
2025-09-07 14:00:00,,,,,,,509.0,509.0,,,0.0,,,0.0
2025-09-07 15:00:00,,,,,,,509.0,509.0,,,0.0,,,0.0
2025-09-07 16:00:00,,,,,,,509.0,509.0,,,0.0,,,0.0
2025-09-07 17:00:00,,,,,,,1533.0,1533.0,,,0.0,,,0.0
2025-09-07 18:00:00,,,,,,,1529.0,1529.0,,,0.0,,,0.0
2025-09-07 19:00:00,,,,,,,1533.0,1533.0,,,0.0,,,0.0
2025-09-07 20:00:00,,,,,,,1529.0,1529.0,,,0.0,,,0.0
2025-09-07 21:00:00,,,,,,,1529.0,1529.0,,,0.0,,,0.0
2025-09-07 22:00:00,,,,,,,1273.0,1273.0,,,0.0,,,0.0
2025-09-07 23:00:00,,,,,,,1529.0,1529.0,,,0.0,,,0.0
2025-09-08 00:00:00,,,,,,,1273.0,1273.0,,,0.0,,,0.0
2025-09-08 01:00:00,,,,,,,1273.0,1273.0,,,0.0,,,0.0
2025-09-08 02:00:00,,,,,,,1533.0,1533.0,,,0.0,,,0.0
2025-09-08 03:00:00,,,,,,,1273.0,1273.0,,,0.0,,,0.0
2025-09-08 04:00:00,,,,,,,1273.0,1273.0,,,0.0,,,0.0
2025-09-08 05:00:00,,,,,,,1273.0,1273.0,,,0.0,,,0.0
2025-09-08 06:00:00,,,,,,,1273.0,1273.0,,,0.0,,,0.0
2025-09-08 07:00:00,,,,,,,1533.0,1533.0,,,0.0,,,0.0
2025-09-08 08:00:00,,,,,,,249.0,249.0,0.53859997,0.0026,2.0,1.2039,0.0069999695,2.0
2025-09-08 09:00:00,,,,,,,249.0,249.0,,,0.0,,,0.0
2025-09-08 10:00:00,,,,,,,249.0,248.0,0.5844,0.0,1.0,1.0135,0.0,1.0
2025-09-08 11:00:00,,,,,,,509.0,509.0,0.7836,0.17,5.0,0.9656,0.100300014,5.0
2025-09-08 12:00:00,,,,,,,509.0,509.0,1.0188,0.0,1.0,1.0633,0.0,1.0
2025-09-08 13:00:00,,,,,,,509.0,509.0,,,0.0,,,0.0
2025-09-08 14:00:00,,,,,,,509.0,509.0,,,0.0,,,0.0
2025-09-08 15:00:00,,,,,,,509.0,509.0,,,0.0,,,0.0
2025-09-08 16:00:00,,,,,,,509.0,509.0,,,0.0,,,0.0
2025-09-08 17:00:00,,,,,,,1533.0,1533.0,,,0.0,,,0.0
2025-09-08 18:00:00,,,,,,,1533.0,1533.0,,,0.0,,,0.0
2025-09-08 19:00:00,,,,,,,1533.0,1533.0,,,0.0,,,0.0
2025-09-08 20:00:00,,,,,,,1533.0,1533.0,,,0.0,,,0.0
2025-09-08 21:00:00,,,,,,,511.0,511.0,,,0.0,,,0.0
2025-09-08 22:00:00,,,,,,,1533.0,1533.0,,,0.0,,,0.0
2025-09-08 23:00:00,,,,,,,1533.0,1533.0,,,0.0,,,0.0
2025-09-09 00:00:00,,,,,,,1533.0,1533.0,,,0.0,,,0.0
2025-09-09 01:00:00,,,,,,,1533.0,1533.0,,,0.0,,,0.0
2025-09-09 02:00:00,,,,,,,1529.0,1529.0,,,0.0,,,0.0
2025-09-09 03:00:00,,,,,,,1533.0,1533.0,,,0.0,,,0.0
2025-09-09 04:00:00,,,,,,,1533.0,1533.0,,,0.0,,,0.0
2025-09-09 05:00:00,,,,,,,1533.0,1533.0,,,0.0,,,0.0
2025-09-09 06:00:00,,,,,,,1533.0,1533.0,,,0.0,,,0.0
2025-09-09 07:00:00,,,,,,,1533.0,1533.0,,,0.0,,,0.0
2025-09-09 08:00:00,,,,,,,509.0,509.0,,,0.0,,,0.0
2025-09-09 09:00:00,,,,,,,509.0,509.0,,,0.0,,,0.0
2025-09-09 10:00:00,,,,,,,509.0,509.0,,,0.0,,,0.0
2025-09-09 11:00:00,,,,,,,509.0,509.0,,,0.0,,,0.0
2025-09-09 12:00:00,,,,,,,509.0,509.0,,,0.0,,,0.0
2025-09-09 13:00:00,,,,,,,509.0,509.0,,,0.0,,,0.0
2025-09-09 14:00:00,,,,,,,509.0,509.0,,,0.0,,,0.0
2025-09-09 15:00:00,,,,,,,509.0,509.0,,,0.0,,,0.0
2025-09-09 16:00:00,,,,,,,509.0,509.0,,,0.0,,,0.0
2025-09-09 17:00:00,,,,,,,1533.0,1533.0,,,0.0,,,0.0
2025-09-09 18:00:00,,,,,,,1533.0,1533.0,,,0.0,,,0.0
2025-09-09 19:00:00,,,,,,,1533.0,1533.0,,,0.0,,,0.0
2025-09-09 20:00:00,,,,,,,1533.0,1533.0,,,0.0,,,0.0
2025-09-09 21:00:00,,,,,,,511.0,511.0,,,0.0,,,0.0
2025-09-09 22:00:00,,,,,,,1533.0,1533.0,,,0.0,,,0.0
2025-09-09 23:00:00,,,,,,,1533.0,1533.0,,,0.0,,,0.0
2025-09-10 00:00:00,,,,,,,1533.0,1533.0,,,0.0,,,0.0
2025-09-10 01:00:00,,,,,,,1529.0,1529.0,,,0.0,,,0.0
2025-09-10 02:00:00,,,,,,,1533.0,1533.0,,,0.0,,,0.0
2025-09-10 03:00:00,,,,,,,1533.0,1533.0,,,0.0,,,0.0
2025-09-10 04:00:00,,,,,,,1533.0,1533.0,,,0.0,,,0.0
2025-09-10 05:00:00,,,,,,,1533.0,1533.0,,,0.0,,,0.0
2025-09-10 06:00:00,,,,,,,1533.0,1533.0,,,0.0,,,0.0
2025-09-10 07:00:00,,,,,,,1533.0,1533.0,,,0.0,,,0.0
2025-09-10 08:00:00,,,,,,,509.0,509.0,,,0.0,,,0.0
2025-09-10 09:00:00,,,,,,,509.0,509.0,,,0.0,,,0.0
2025-09-10 10:00:00,,,,,,,509.0,509.0,,,0.0,,,0.0
2025-09-10 11:00:00,,,,,,,509.0,509.0,,,0.0,,,0.0
2025-09-10 12:00:00,,,,,,,509.0,509.0,,,0.0,,,0.0
2025-09-10 13:00:00,,,,,,,509.0,509.0,,,0.0,,,0.0
2025-09-10 14:00:00,,,,,,,509.0,509.0,,,0.0,,,0.0
2025-09-10 15:00:00,,,,,,,509.0,509.0,,,0.0,,,0.0
2025-09-10 16:00:00,,,,,,,505.0,504.0,0.5398,0.0,1.0,1.1064,0.0,1.0
2025-09-10 17:00:00,,,,,,,1529.0,1529.0,,,0.0,,,0.0
2025-09-10 18:00:00,,,,,,,1533.0,1533.0,,,0.0,,,0.0
2025-09-10 19:00:00,,,,,,,1533.0,1533.0,,,0.0,,,0.0
2025-09-10 20:00:00,,,,,,,1533.0,1533.0,,,0.0,,,0.0
2025-09-10 21:00:00,,,,,,,511.0,511.0,,,0.0,,,0.0
2025-09-10 22:00:00,,,,,,,1533.0,1533.0,,,0.0,,,0.0
2025-09-10 23:00:00,,,,,,,1529.0,1529.0,,,0.0,,,0.0
2025-09-11 00:00:00,,,,,,,1533.0,1533.0,,,0.0,,,0.0
2025-09-11 01:00:00,,,,,,,1533.0,1533.0,,,0.0,,,0.0
2025-09-11 02:00:00,,,,,,,1529.0,1529.0,,,0.0,,,0.0
2025-09-11 03:00:00,,,,,,,1529.0,1529.0,,,0.0,,,0.0
2025-09-11 04:00:00,,,,,,,1529.0,1529.0,,,0.0,,,0.0
2025-09-11 05:00:00,,,,,,,1533.0,1533.0,,,0.0,,,0.0
2025-09-11 06:00:00,,,,,,,1529.0,1529.0,,,0.0,,,0.0
2025-09-11 07:00:00,,,,,,,1533.0,1533.0,,,0.0,,,0.0
2025-09-11 08:00:00,,,,,,,509.0,509.0,,,0.0,,,0.0
2025-09-11 09:00:00,,,,,,,509.0,509.0,,,0.0,,,0.0
2025-09-11 10:00:00,,,,,,,509.0,509.0,,,0.0,,,0.0
2025-09-11 11:00:00,,,,,,,509.0,509.0,,,0.0,,,0.0
2025-09-11 12:00:00,,,,,,,509.0,509.0,,,0.0,,,0.0
2025-09-11 13:00:00,,,,,,,509.0,509.0,,,0.0,,,0.0
2025-09-11 14:00:00,,,,,,,509.0,509.0,,,0.0,,,0.0
2025-09-11 15:00:00,,,,,,,509.0,509.0,,,0.0,,,0.0
2025-09-11 16:00:00,,,,,,,509.0,509.0,,,0.0,,,0.0
2025-09-11 17:00:00,,,,,,,1533.0,1533.0,,,0.0,,,0.0
2025-09-11 18:00:00,,,,,,,1533.0,1533.0,,,0.0,,,0.0
2025-09-11 19:00:00,,,,,,,1533.0,1533.0,,,0.0,,,0.0
2025-09-11 20:00:00,,,,,,,1533.0,1533.0,,,0.0,,,0.0
2025-09-11 21:00:00,,,,,,,511.0,511.0,,,0.0,,,0.0
2025-09-11 22:00:00,,,,,,,1533.0,1533.0,,,0.0,,,0.0
2025-09-11 23:00:00,,,,,,,1533.0,1533.0,,,0.0,,,0.0
2025-09-12 00:00:00,,,,,,,1533.0,1533.0,,,0.0,,,0.0
2025-09-12 01:00:00,,,,,,,1529.0,1529.0,,,0.0,,,0.0
2025-09-12 02:00:00,,,,,,,1529.0,1529.0,,,0.0,,,0.0
2025-09-12 03:00:00,,,,,,,1533.0,1533.0,,,0.0,,,0.0
2025-09-12 04:00:00,,,,,,,1533.0,1533.0,,,0.0,,,0.0
2025-09-12 05:00:00,,,,,,,1529.0,1529.0,,,0.0,,,0.0
2025-09-12 06:00:00,,,,,,,1533.0,1533.0,,,0.0,,,0.0
2025-09-12 07:00:00,,,,,,,1529.0,1529.0,,,0.0,,,0.0
2025-09-12 08:00:00,,,,,,,509.0,509.0,,,0.0,,,0.0
2025-09-12 09:00:00,,,,,,,509.0,509.0,,,0.0,,,0.0
2025-09-12 10:00:00,,,,,,,509.0,509.0,,,0.0,,,0.0
2025-09-12 11:00:00,,,,,,,509.0,509.0,,,0.0,,,0.0
2025-09-12 12:00:00,,,,,,,509.0,509.0,,,0.0,,,0.0
2025-09-12 13:00:00,,,,,,,509.0,509.0,,,0.0,,,0.0
2025-09-12 14:00:00,,,,,,,509.0,509.0,,,0.0,,,0.0
2025-09-12 15:00:00,,,,,,,509.0,509.0,,,0.0,,,0.0
2025-09-12 16:00:00,,,,,,,509.0,509.0,,,0.0,,,0.0
2025-09-12 17:00:00,,,,,,,1533.0,1533.0,,,0.0,,,0.0
2025-09-12 18:00:00,,,,,,,1273.0,1273.0,,,0.0,,,0.0
2025-09-12 19:00:00,,,,,,,1533.0,1533.0,,,0.0,,,0.0
2025-09-12 20:00:00,,,,,,,1533.0,1533.0,,,0.0,,,0.0
2025-09-12 21:00:00,,,,,,,511.0,511.0,,,0.0,,,0.0
2025-09-12 22:00:00,,,,,,,1273.0,1273.0,,,0.0,,,0.0
2025-09-12 23:00:00,,,,,,,1529.0,1529.0,,,0.0,,,0.0
2025-09-13 00:00:00,,,,,,,1273.0,1273.0,,,0.0,,,0.0
2025-09-13 01:00:00,,,,,,,1533.0,1533.0,,,0.0,,,0.0
2025-09-13 02:00:00,,,,,,,1529.0,1529.0,,,0.0,,,0.0
2025-09-13 03:00:00,,,,,,,1273.0,1273.0,,,0.0,,,0.0
2025-09-13 04:00:00,,,,,,,1529.0,1529.0,,,0.0,,,0.0
2025-09-13 05:00:00,,,,,,,1273.0,1273.0,,,0.0,,,0.0
2025-09-13 06:00:00,,,,,,,1529.0,1529.0,,,0.0,,,0.0
2025-09-13 07:00:00,,,,,,,1533.0,1533.0,,,0.0,,,0.0
2025-09-13 08:00:00,,,,,,,509.0,509.0,,,0.0,,,0.0
2025-09-13 09:00:00,,,,,,,509.0,509.0,,,0.0,,,0.0
2025-09-13 10:00:00,,,,,,,509.0,509.0,,,0.0,,,0.0
2025-09-13 11:00:00,,,,,,,509.0,509.0,,,0.0,,,0.0
2025-09-13 12:00:00,,,,,,,509.0,509.0,,,0.0,,,0.0
2025-09-13 13:00:00,,,,,,,509.0,509.0,,,0.0,,,0.0
2025-09-13 14:00:00,,,,,,,509.0,509.0,,,0.0,,,0.0
2025-09-13 15:00:00,,,,,,,509.0,509.0,,,0.0,,,0.0
2025-09-13 16:00:00,,,,,,,509.0,509.0,,,0.0,,,0.0
2025-09-13 17:00:00,,,,,,,1533.0,1533.0,,,0.0,,,0.0
2025-09-13 18:00:00,,,,,,,1533.0,1533.0,,,0.0,,,0.0
2025-09-13 19:00:00,,,,,,,1533.0,1533.0,,,0.0,,,0.0
2025-09-13 20:00:00,,,,,,,1533.0,1533.0,,,0.0,,,0.0
2025-09-13 21:00:00,,,,,,,511.0,511.0,,,0.0,,,0.0
2025-09-13 22:00:00,,,,,,,1529.0,1529.0,,,0.0,,,0.0
2025-09-13 23:00:00,,,,,,,1533.0,1533.0,,,0.0,,,0.0
2025-09-14 00:00:00,,,,,,,1533.0,1533.0,,,0.0,,,0.0
2025-09-14 01:00:00,,,,,,,1529.0,1529.0,,,0.0,,,0.0
2025-09-14 02:00:00,,,,,,,1529.0,1529.0,,,0.0,,,0.0
2025-09-14 03:00:00,,,,,,,1533.0,1533.0,,,0.0,,,0.0
2025-09-14 04:00:00,,,,,,,1533.0,1533.0,,,0.0,,,0.0
2025-09-14 05:00:00,,,,,,,1533.0,1533.0,,,0.0,,,0.0
2025-09-14 06:00:00,,,,,,,1533.0,1533.0,,,0.0,,,0.0
2025-09-14 07:00:00,,,,,,,1533.0,1533.0,,,0.0,,,0.0
2025-09-14 08:00:00,,,,,,,509.0,509.0,,,0.0,,,0.0
2025-09-14 09:00:00,,,,,,,509.0,509.0,,,0.0,,,0.0
2025-09-14 10:00:00,,,,,,,509.0,509.0,,,0.0,,,0.0
2025-09-14 11:00:00,,,,,,,509.0,509.0,,,0.0,,,0.0
2025-09-14 12:00:00,,,,,,,509.0,509.0,,,0.0,,,0.0
2025-09-14 13:00:00,,,,,,,509.0,509.0,,,0.0,,,0.0
2025-09-14 14:00:00,,,,,,,509.0,509.0,,,0.0,,,0.0
2025-09-14 15:00:00,,,,,,,509.0,509.0,,,0.0,,,0.0
2025-09-14 16:00:00,,,,,,,509.0,509.0,,,0.0,,,0.0
2025-09-14 17:00:00,,,,,,,1533.0,1533.0,,,0.0,,,0.0
2025-09-14 18:00:00,,,,,,,1533.0,1533.0,,,0.0,,,0.0
2025-09-14 19:00:00,,,,,,,1529.0,1529.0,,,0.0,,,0.0
2025-09-14 20:00:00,,,,,,,1273.0,1273.0,,,0.0,,,0.0
2025-09-14 21:00:00,,,,,,,511.0,511.0,,,0.0,,,0.0
2025-09-14 22:00:00,,,,,,,1533.0,1533.0,,,0.0,,,0.0
2025-09-14 23:00:00,,,,,,,1273.0,1273.0,,,0.0,,,0.0
2025-09-15 00:00:00,,,,,,,1533.0,1533.0,,,0.0,,,0.0
2025-09-15 01:00:00,,,,,,,1533.0,1533.0,,,0.0,,,0.0
2025-09-15 02:00:00,,,,,,,1273.0,1273.0,,,0.0,,,0.0
2025-09-15 03:00:00,,,,,,,1529.0,1529.0,,,0.0,,,0.0
2025-09-15 04:00:00,,,,,,,1533.0,1533.0,,,0.0,,,0.0
2025-09-15 05:00:00,,,,,,,1529.0,1529.0,,,0.0,,,0.0
2025-09-15 06:00:00,,,,,,,1273.0,1273.0,,,0.0,,,0.0
2025-09-15 07:00:00,,,,,,,1533.0,1533.0,,,0.0,,,0.0
2025-09-15 08:00:00,,,,,,,509.0,509.0,,,0.0,,,0.0
2025-09-15 09:00:00,,,,,,,509.0,509.0,,,0.0,,,0.0
2025-09-15 10:00:00,,,,,,,509.0,509.0,,,0.0,,,0.0
2025-09-15 11:00:00,,,,,,,509.0,509.0,,,0.0,,,0.0
2025-09-15 12:00:00,,,,,,,509.0,509.0,,,0.0,,,0.0
2025-09-15 13:00:00,,,,,,,509.0,509.0,,,0.0,,,0.0
2025-09-15 14:00:00,,,,,,,509.0,509.0,,,0.0,,,0.0
2025-09-15 15:00:00,,,,,,,509.0,509.0,,,0.0,,,0.0
2025-09-15 16:00:00,,,,,,,509.0,509.0,,,0.0,,,0.0
2025-09-15 17:00:00,,,,,,,1533.0,1533.0,,,0.0,,,0.0
2025-09-15 18:00:00,,,,,,,1533.0,1533.0,,,0.0,,,0.0
2025-09-15 19:00:00,,,,,,,1533.0,1533.0,,,0.0,,,0.0
2025-09-15 20:00:00,,,,,,,1529.0,1529.0,,,0.0,,,0.0
2025-09-15 21:00:00,,,,,,,1529.0,1529.0,,,0.0,,,0.0
2025-09-15 22:00:00,,,,,,,1533.0,1533.0,,,0.0,,,0.0
2025-09-15 23:00:00,,,,,,,1533.0,1533.0,,,0.0,,,0.0
2025-09-16 00:00:00,,,,,,,1533.0,1533.0,,,0.0,,,0.0
2025-09-16 01:00:00,,,,,,,1529.0,1529.0,,,0.0,,,0.0
2025-09-16 02:00:00,,,,,,,1273.0,1273.0,,,0.0,,,0.0
2025-09-16 03:00:00,,,,,,,1273.0,1273.0,,,0.0,,,0.0
2025-09-16 04:00:00,,,,,,,1533.0,1533.0,,,0.0,,,0.0
2025-09-16 05:00:00,,,,,,,1273.0,1273.0,,,0.0,,,0.0
2025-09-16 06:00:00,,,,,,,1273.0,1273.0,,,0.0,,,0.0
2025-09-16 07:00:00,,,,,,,1533.0,1533.0,,,0.0,,,0.0
2025-09-16 08:00:00,,,,,,,509.0,509.0,,,0.0,,,0.0
2025-09-16 09:00:00,,,,,,,509.0,509.0,,,0.0,,,0.0
2025-09-16 10:00:00,,,,,,,509.0,509.0,,,0.0,,,0.0
2025-09-16 11:00:00,,,,,,,509.0,509.0,,,0.0,,,0.0
2025-09-16 12:00:00,,,,,,,509.0,509.0,,,0.0,,,0.0
2025-09-16 13:00:00,,,,,,,509.0,509.0,,,0.0,,,0.0
2025-09-16 14:00:00,,,,,,,2553.0,2552.0,0.059,0.0,1.0,1.1516999,0.0,1.0
2025-09-16 15:00:00,,,,,,,505.0,505.0,0.0866,0.0033999998,2.0,1.1528,0.00089997053,2.0
2025-09-16 16:00:00,,,,,,,509.0,509.0,0.081999995,0.074999996,4.0,1.3721,0.22969997,4.0
2025-09-16 17:00:00,,,,,,,1533.0,1533.0,,,0.0,,,0.0
2025-09-16 18:00:00,,,,,,,1533.0,1533.0,,,0.0,,,0.0
2025-09-16 19:00:00,,,,,,,1533.0,1533.0,,,0.0,,,0.0
2025-09-16 20:00:00,,,,,,,1273.0,1273.0,,,0.0,,,0.0
2025-09-16 21:00:00,,,,,,,1533.0,1533.0,,,0.0,,,0.0
2025-09-16 22:00:00,,,,,,,1533.0,1533.0,,,0.0,,,0.0
2025-09-16 23:00:00,,,,,,,1533.0,1533.0,,,0.0,,,0.0
2025-09-17 00:00:00,,,,,,,1529.0,1529.0,,,0.0,,,0.0
2025-09-17 01:00:00,,,,,,,1273.0,1273.0,,,0.0,,,0.0
2025-09-17 02:00:00,,,,,,,1273.0,1273.0,,,0.0,,,0.0
2025-09-17 03:00:00,,,,,,,1273.0,1273.0,,,0.0,,,0.0
2025-09-17 04:00:00,,,,,,,1273.0,1273.0,,,0.0,,,0.0
2025-09-17 05:00:00,,,,,,,1273.0,1273.0,,,0.0,,,0.0
2025-09-17 06:00:00,,,,,,,1529.0,1529.0,,,0.0,,,0.0
2025-09-17 07:00:00,,,,,,,1533.0,1533.0,,,0.0,,,0.0
2025-09-17 08:00:00,,,,,,,509.0,509.0,,,0.0,,,0.0
2025-09-17 09:00:00,,,,,,,509.0,509.0,,,0.0,,,0.0
2025-09-17 10:00:00,,,,,,,509.0,509.0,0.2122,0.0,1.0,0.9951,0.0,1.0
2025-09-17 11:00:00,,,,,,,509.0,509.0,,,0.0,,,0.0
2025-09-17 12:00:00,,,,,,,509.0,509.0,,,0.0,,,0.0
2025-09-17 13:00:00,,,,,,,509.0,509.0,,,0.0,,,0.0
2025-09-17 14:00:00,,,,,,,509.0,509.0,,,0.0,,,0.0
2025-09-17 15:00:00,,,,,,,509.0,509.0,,,0.0,,,0.0
2025-09-17 16:00:00,,,,,,,509.0,509.0,,,0.0,,,0.0
2025-09-17 17:00:00,,,,,,,1533.0,1533.0,,,0.0,,,0.0
2025-09-17 18:00:00,,,,,,,1533.0,1533.0,,,0.0,,,0.0
2025-09-17 19:00:00,,,,,,,1533.0,1533.0,,,0.0,,,0.0
2025-09-17 20:00:00,,,,,,,1533.0,1533.0,,,0.0,,,0.0
2025-09-17 21:00:00,,,,,,,1533.0,1533.0,,,0.0,,,0.0
2025-09-17 22:00:00,,,,,,,1529.0,1529.0,,,0.0,,,0.0
2025-09-17 23:00:00,,,,,,,1273.0,1273.0,,,0.0,,,0.0
2025-09-18 00:00:00,,,,,,,1529.0,1529.0,,,0.0,,,0.0
2025-09-18 01:00:00,,,,,,,1533.0,1533.0,,,0.0,,,0.0
2025-09-18 02:00:00,,,,,,,1529.0,1529.0,,,0.0,,,0.0
2025-09-18 03:00:00,,,,,,,1273.0,1273.0,,,0.0,,,0.0
2025-09-18 04:00:00,,,,,,,1533.0,1533.0,,,0.0,,,0.0
2025-09-18 05:00:00,,,,,,,1533.0,1533.0,,,0.0,,,0.0
2025-09-18 06:00:00,,,,,,,1529.0,1529.0,,,0.0,,,0.0
2025-09-18 07:00:00,,,,,,,1533.0,1533.0,,,0.0,,,0.0
2025-09-18 08:00:00,,,,,,,509.0,509.0,,,0.0,,,0.0
2025-09-18 09:00:00,,,,,,,509.0,509.0,,,0.0,,,0.0
2025-09-18 10:00:00,,,,,,,509.0,509.0,,,0.0,,,0.0
2025-09-18 11:00:00,,,,,,,509.0,509.0,,,0.0,,,0.0
2025-09-18 12:00:00,,,,,,,509.0,509.0,,,0.0,,,0.0
2025-09-18 13:00:00,,,,,,,509.0,509.0,,,0.0,,,0.0
2025-09-18 14:00:00,,,,,,,509.0,509.0,,,0.0,,,0.0
2025-09-18 15:00:00,,,,,,,509.0,509.0,,,0.0,,,0.0
2025-09-18 16:00:00,,,,,,,509.0,509.0,,,0.0,,,0.0
2025-09-18 17:00:00,,,,,,,1533.0,1533.0,,,0.0,,,0.0
2025-09-18 18:00:00,,,,,,,1533.0,1533.0,,,0.0,,,0.0
2025-09-18 19:00:00,,,,,,,1533.0,1533.0,,,0.0,,,0.0
2025-09-18 20:00:00,,,,,,,1529.0,1529.0,,,0.0,,,0.0
2025-09-18 21:00:00,,,,,,,1529.0,1529.0,,,0.0,,,0.0
2025-09-18 22:00:00,,,,,,,1533.0,1533.0,,,0.0,,,0.0
2025-09-18 23:00:00,,,,,,,1533.0,1533.0,,,0.0,,,0.0
2025-09-19 00:00:00,,,,,,,1533.0,1533.0,,,0.0,,,0.0
2025-09-19 01:00:00,,,,,,,1273.0,1273.0,,,0.0,,,0.0
2025-09-19 02:00:00,,,,,,,1273.0,1273.0,,,0.0,,,0.0
2025-09-19 03:00:00,,,,,,,1529.0,1529.0,,,0.0,,,0.0
2025-09-19 04:00:00,,,,,,,1273.0,1273.0,,,0.0,,,0.0
2025-09-19 05:00:00,,,,,,,1273.0,1273.0,,,0.0,,,0.0
2025-09-19 06:00:00,,,,,,,1273.0,1273.0,,,0.0,,,0.0
2025-09-19 07:00:00,,,,,,,1273.0,1273.0,,,0.0,,,0.0
2025-09-19 08:00:00,,,,,,,509.0,509.0,,,0.0,,,0.0
2025-09-19 09:00:00,,,,,,,509.0,509.0,,,0.0,,,0.0
2025-09-19 10:00:00,,,,,,,509.0,509.0,,,0.0,,,0.0
2025-09-19 11:00:00,,,,,,,509.0,509.0,,,0.0,,,0.0
2025-09-19 12:00:00,,,,,,,509.0,509.0,,,0.0,,,0.0
2025-09-19 13:00:00,,,,,,,509.0,509.0,,,0.0,,,0.0
2025-09-19 14:00:00,,,,,,,509.0,509.0,,,0.0,,,0.0
2025-09-19 15:00:00,,,,,,,509.0,509.0,,,0.0,,,0.0
2025-09-19 16:00:00,,,,,,,509.0,509.0,,,0.0,,,0.0
2025-09-19 17:00:00,,,,,,,1533.0,1533.0,,,0.0,,,0.0
2025-09-19 18:00:00,,,,,,,1533.0,1533.0,,,0.0,,,0.0
2025-09-19 19:00:00,,,,,,,1533.0,1533.0,,,0.0,,,0.0
2025-09-19 20:00:00,,,,,,,1533.0,1533.0,,,0.0,,,0.0
2025-09-19 21:00:00,,,,,,,1533.0,1533.0,,,0.0,,,0.0
2025-09-19 22:00:00,,,,,,,1533.0,1533.0,,,0.0,,,0.0
2025-09-19 23:00:00,,,,,,,1533.0,1533.0,,,0.0,,,0.0
2025-09-20 00:00:00,,,,,,,1273.0,1273.0,,,0.0,,,0.0
2025-09-20 01:00:00,,,,,,,1273.0,1273.0,,,0.0,,,0.0
2025-09-20 02:00:00,,,,,,,1273.0,1273.0,,,0.0,,,0.0
2025-09-20 03:00:00,,,,,,,1273.0,1273.0,,,0.0,,,0.0
2025-09-20 04:00:00,,,,,,,1273.0,1273.0,,,0.0,,,0.0
2025-09-20 05:00:00,,,,,,,1273.0,1273.0,,,0.0,,,0.0
2025-09-20 06:00:00,,,,,,,1273.0,1273.0,,,0.0,,,0.0
2025-09-20 07:00:00,,,,,,,1273.0,1273.0,,,0.0,,,0.0
2025-09-20 08:00:00,0.2916,,,,,,193.0,249.0,0.0512,0.033999998,4.0,1.1226,0.0031999946,4.0
2025-09-20 09:00:00,0.3032,,,,,,453.0,509.0,,,0.0,,,0.0
2025-09-20 10:00:00,,,,,,,505.0,505.0,0.2474,0.0,1.0,1.0174999,0.0,1.0
2025-09-20 11:00:00,,,,,,,505.0,505.0,,,0.0,,,0.0
2025-09-20 12:00:00,,,,,,,509.0,509.0,,,0.0,,,0.0
2025-09-20 13:00:00,,,,,,,509.0,509.0,,,0.0,,,0.0
2025-09-20 14:00:00,,,,,,,2553.0,2552.0,0.8048,0.15799999,3.0,1.0912,0.05039996,3.0
2025-09-20 15:00:00,,,,,,,509.0,509.0,,,0.0,,,0.0
2025-09-20 16:00:00,,,,,,,509.0,509.0,,,0.0,,,0.0
2025-09-20 17:00:00,,,,,,,1533.0,1533.0,0.658,0.0,1.0,1.1495,0.0,1.0
2025-09-20 18:00:00,,,,,,,1273.0,1273.0,,,0.0,,,0.0
2025-09-20 19:00:00,,,,,,,1273.0,1273.0,,,0.0,,,0.0
2025-09-20 20:00:00,,,,,,,1273.0,1273.0,,,0.0,,,0.0
2025-09-20 21:00:00,,,,,,,1533.0,1533.0,,,0.0,,,0.0
2025-09-20 22:00:00,,,,,,,1273.0,1273.0,,,0.0,,,0.0
2025-09-20 23:00:00,,,,,,,1273.0,1273.0,,,0.0,,,0.0
2025-09-21 00:00:00,,,,,,,1273.0,1273.0,,,0.0,,,0.0
2025-09-21 01:00:00,,,,,,,1273.0,1273.0,,,0.0,,,0.0
2025-09-21 02:00:00,,,,,,,1273.0,1273.0,,,0.0,,,0.0
2025-09-21 03:00:00,,,,,,,1273.0,1273.0,,,0.0,,,0.0
2025-09-21 04:00:00,,,,,,,1273.0,1273.0,,,0.0,,,0.0
2025-09-21 05:00:00,,,,,,,1273.0,1273.0,,,0.0,,,0.0
2025-09-21 06:00:00,,,,,,,1273.0,1273.0,,,0.0,,,0.0
2025-09-21 07:00:00,,,,,,,1273.0,1273.0,,,0.0,,,0.0
2025-09-21 08:00:00,0.5972,,,,,,193.0,249.0,0.3502,0.0778,4.0,1.1144999,0.0041999817,4.0
2025-09-21 09:00:00,0.65999997,,,,,,449.0,504.0,1.0153999,0.2418,2.0,0.96949995,0.061500013,2.0
2025-09-21 10:00:00,,,,,,,2553.0,2552.0,0.8372,0.4604,6.0,1.104,0.19229996,6.0
2025-09-21 11:00:00,,,,,,,505.0,505.0,1.313,0.0014,2.0,1.5504,0.011799991,2.0
2025-09-21 12:00:00,,,,,,,509.0,509.0,,,0.0,,,0.0
2025-09-21 13:00:00,,,,,,,509.0,509.0,,,0.0,,,0.0
2025-09-21 14:00:00,,,,,,,509.0,509.0,,,0.0,,,0.0
2025-09-21 15:00:00,,,,,,,509.0,509.0,,,0.0,,,0.0
2025-09-21 16:00:00,,,,,,,509.0,509.0,,,0.0,,,0.0
2025-09-21 17:00:00,,,,,,,1529.0,1529.0,,,0.0,,,0.0
2025-09-21 18:00:00,,,,,,,1533.0,1533.0,,,0.0,,,0.0
2025-09-21 19:00:00,,,,,,,1533.0,1533.0,,,0.0,,,0.0
2025-09-21 20:00:00,,,,,,,1533.0,1533.0,,,0.0,,,0.0
2025-09-21 21:00:00,,,,,,,1533.0,1533.0,,,0.0,,,0.0
2025-09-21 22:00:00,,,,,,,1533.0,1533.0,,,0.0,,,0.0
2025-09-21 23:00:00,,,,,,,1533.0,1533.0,,,0.0,,,0.0
2025-09-22 00:00:00,,,,,,,1529.0,1529.0,,,0.0,,,0.0
2025-09-22 01:00:00,,,,,,,1533.0,1533.0,,,0.0,,,0.0
2025-09-22 02:00:00,,,,,,,1533.0,1533.0,,,0.0,,,0.0
2025-09-22 03:00:00,,,,,,,1533.0,1533.0,,,0.0,,,0.0
2025-09-22 04:00:00,,,,,,,1533.0,1533.0,,,0.0,,,0.0
2025-09-22 05:00:00,,,,,,,1533.0,1533.0,,,0.0,,,0.0
2025-09-22 06:00:00,,,,,,,1533.0,1533.0,,,0.0,,,0.0
2025-09-22 07:00:00,,,,,,,1533.0,1533.0,,,0.0,,,0.0
2025-09-22 08:00:00,,,,,,,509.0,509.0,,,0.0,,,0.0
2025-09-22 09:00:00,,,,,,,509.0,509.0,,,0.0,,,0.0
2025-09-22 10:00:00,,,,,,,509.0,509.0,,,0.0,,,0.0
2025-09-22 11:00:00,,,,,,,509.0,509.0,,,0.0,,,0.0
2025-09-22 12:00:00,,,,,,,509.0,509.0,,,0.0,,,0.0
2025-09-22 13:00:00,,,,,,,509.0,509.0,,,0.0,,,0.0
2025-09-22 14:00:00,,,,,,,509.0,509.0,,,0.0,,,0.0
2025-09-22 15:00:00,,,,,,,505.0,504.0,0.79359996,0.034399997,2.0,1.0532,0.102699995,2.0
2025-09-22 16:00:00,,,,,,,505.0,504.0,0.65,0.2198,2.0,1.2716,0.0036000013,2.0
2025-09-22 17:00:00,,,,,,,1529.0,1529.0,0.4364,0.0,1.0,1.2614,0.0,1.0
2025-09-22 18:00:00,,,,,,,1273.0,1273.0,,,0.0,,,0.0
2025-09-22 19:00:00,,,,,,,1529.0,1529.0,,,0.0,,,0.0
2025-09-22 20:00:00,,,,,,,1529.0,1529.0,,,0.0,,,0.0
2025-09-22 21:00:00,,,,,,,1273.0,1273.0,,,0.0,,,0.0
2025-09-22 22:00:00,,,,,,,1273.0,1273.0,,,0.0,,,0.0
2025-09-22 23:00:00,,,,,,,1273.0,1273.0,,,0.0,,,0.0
2025-09-23 00:00:00,,,,,,,1529.0,1529.0,,,0.0,,,0.0
2025-09-23 01:00:00,,,,,,,1273.0,1273.0,,,0.0,,,0.0
2025-09-23 02:00:00,,,,,,,1533.0,1533.0,,,0.0,,,0.0
2025-09-23 03:00:00,,,,,,,1533.0,1533.0,,,0.0,,,0.0
2025-09-23 04:00:00,,,,,,,1273.0,1273.0,,,0.0,,,0.0
2025-09-23 05:00:00,,,,,,,1529.0,1529.0,,,0.0,,,0.0
2025-09-23 06:00:00,,,,,,,1529.0,1529.0,,,0.0,,,0.0
2025-09-23 07:00:00,,,,,,,1533.0,1533.0,,,0.0,,,0.0
2025-09-23 08:00:00,,,,,,,509.0,509.0,1.5588,0.0,1.0,0.8485,0.0,1.0
2025-09-23 09:00:00,,,,,,,509.0,509.0,,,0.0,,,0.0
2025-09-23 10:00:00,,,,,,,509.0,509.0,,,0.0,,,0.0
2025-09-23 11:00:00,,,,,,,509.0,509.0,,,0.0,,,0.0
2025-09-23 12:00:00,,,,,,,509.0,509.0,,,0.0,,,0.0
2025-09-23 13:00:00,,,,,,,509.0,509.0,2.1067998,0.0,1.0,0.4012,0.0,1.0
2025-09-23 14:00:00,,,,,,,2553.0,2552.0,0.5334,0.25599998,3.0,0.9792,0.21029997,3.0
2025-09-23 15:00:00,,,,,,,2553.0,2552.0,0.1856,0.042,6.0,1.0900999,0.010500014,6.0
2025-09-23 16:00:00,,,,,,,509.0,509.0,,,0.0,,,0.0
2025-09-23 17:00:00,,,,,,,1533.0,1533.0,,,0.0,,,0.0
2025-09-23 18:00:00,,,,,,,1273.0,1273.0,,,0.0,,,0.0
2025-09-23 19:00:00,,,,,,,1529.0,1529.0,,,0.0,,,0.0
2025-09-23 20:00:00,,,,,,,1273.0,1273.0,,,0.0,,,0.0
2025-09-23 21:00:00,,,,,,,1529.0,1529.0,,,0.0,,,0.0
2025-09-23 22:00:00,,,,,,,1529.0,1529.0,,,0.0,,,0.0
2025-09-23 23:00:00,,,,,,,1529.0,1529.0,,,0.0,,,0.0
2025-09-24 00:00:00,,,,,,,1273.0,1273.0,,,0.0,,,0.0
2025-09-24 01:00:00,,,,,,,1529.0,1529.0,,,0.0,,,0.0
2025-09-24 02:00:00,,,,,,,1529.0,1529.0,,,0.0,,,0.0
2025-09-24 03:00:00,,,,,,,1273.0,1273.0,,,0.0,,,0.0
2025-09-24 04:00:00,,,,,,,1273.0,1273.0,,,0.0,,,0.0
2025-09-24 05:00:00,,,,,,,1273.0,1273.0,,,0.0,,,0.0
2025-09-24 06:00:00,,,,,,,1529.0,1529.0,,,0.0,,,0.0
2025-09-24 07:00:00,,,,,,,1533.0,1533.0,,,0.0,,,0.0
2025-09-24 08:00:00,,,,,,,509.0,509.0,,,0.0,,,0.0
2025-09-24 09:00:00,,,,,,,509.0,509.0,,,0.0,,,0.0
2025-09-24 10:00:00,,,,,,,509.0,509.0,,,0.0,,,0.0
2025-09-24 11:00:00,,,,,,,509.0,509.0,1.4554,0.0,1.0,0.8124,0.0,1.0
2025-09-24 12:00:00,,,,,,,509.0,509.0,,,0.0,,,0.0
2025-09-24 13:00:00,,,,,,,509.0,509.0,,,0.0,,,0.0
2025-09-24 14:00:00,,,,,,,509.0,509.0,,,0.0,,,0.0
2025-09-24 15:00:00,,,,,,,509.0,509.0,0.2316,0.0,1.0,1.1896,0.0,1.0
2025-09-24 16:00:00,,,,,,,509.0,509.0,,,0.0,,,0.0
2025-09-24 17:00:00,,,,,,,1533.0,1533.0,,,0.0,,,0.0
2025-09-24 18:00:00,,,,,,,1533.0,1533.0,,,0.0,,,0.0
2025-09-24 19:00:00,,,,,,,1533.0,1533.0,,,0.0,,,0.0
2025-09-24 20:00:00,,,,,,,1533.0,1533.0,,,0.0,,,0.0
2025-09-24 21:00:00,,,,,,,1533.0,1533.0,,,0.0,,,0.0
2025-09-24 22:00:00,,,,,,,1533.0,1533.0,,,0.0,,,0.0
2025-09-24 23:00:00,,,,,,,1533.0,1533.0,,,0.0,,,0.0
2025-09-25 00:00:00,,,,,,,1533.0,1533.0,,,0.0,,,0.0
2025-09-25 01:00:00,,,,,,,1533.0,1533.0,,,0.0,,,0.0
2025-09-25 02:00:00,,,,,,,1533.0,1533.0,,,0.0,,,0.0
2025-09-25 03:00:00,,,,,,,1533.0,1533.0,,,0.0,,,0.0
2025-09-25 04:00:00,,,,,,,1533.0,1533.0,,,0.0,,,0.0
2025-09-25 05:00:00,,,,,,,1533.0,1533.0,,,0.0,,,0.0
2025-09-25 06:00:00,,,,,,,1533.0,1533.0,,,0.0,,,0.0
2025-09-25 07:00:00,,,,,,,1533.0,1533.0,,,0.0,,,0.0
2025-09-25 08:00:00,,,,,,,509.0,509.0,,,0.0,,,0.0
2025-09-25 09:00:00,,,,,,,509.0,509.0,,,0.0,,,0.0
2025-09-25 10:00:00,,,,,,,509.0,509.0,,,0.0,,,0.0
2025-09-25 11:00:00,,,,,,,509.0,509.0,,,0.0,,,0.0
2025-09-25 12:00:00,,,,,,,509.0,509.0,,,0.0,,,0.0
2025-09-25 13:00:00,,,,,,,509.0,509.0,,,0.0,,,0.0
2025-09-25 14:00:00,,,,,,,509.0,509.0,,,0.0,,,0.0
2025-09-25 15:00:00,,,,,,,509.0,509.0,,,0.0,,,0.0
2025-09-25 16:00:00,,,,,,,509.0,509.0,,,0.0,,,0.0
2025-09-25 17:00:00,,,,,,,1533.0,1533.0,,,0.0,,,0.0
2025-09-25 18:00:00,,,,,,,1529.0,1529.0,,,0.0,,,0.0
2025-09-25 19:00:00,,,,,,,1529.0,1529.0,,,0.0,,,0.0
2025-09-25 20:00:00,,,,,,,1273.0,1273.0,,,0.0,,,0.0
2025-09-25 21:00:00,,,,,,,1533.0,1533.0,,,0.0,,,0.0
2025-09-25 22:00:00,,,,,,,1533.0,1533.0,,,0.0,,,0.0
2025-09-25 23:00:00,,,,,,,1529.0,1529.0,,,0.0,,,0.0
2025-09-26 00:00:00,,,,,,,1529.0,1529.0,,,0.0,,,0.0
2025-09-26 01:00:00,,,,,,,1533.0,1533.0,,,0.0,,,0.0
2025-09-26 02:00:00,,,,,,,1533.0,1533.0,,,0.0,,,0.0
2025-09-26 03:00:00,,,,,,,1533.0,1533.0,,,0.0,,,0.0
2025-09-26 04:00:00,,,,,,,1533.0,1533.0,,,0.0,,,0.0
2025-09-26 05:00:00,,,,,,,1529.0,1529.0,,,0.0,,,0.0
2025-09-26 06:00:00,,,,,,,1533.0,1533.0,,,0.0,,,0.0
2025-09-26 07:00:00,,,,,,,1533.0,1533.0,,,0.0,,,0.0
2025-09-26 08:00:00,,,,,,,509.0,509.0,,,0.0,,,0.0
2025-09-26 09:00:00,,,,,,,509.0,509.0,,,0.0,,,0.0
2025-09-26 10:00:00,,,,,,,509.0,509.0,,,0.0,,,0.0
2025-09-26 11:00:00,,,,,,,509.0,509.0,,,0.0,,,0.0
2025-09-26 12:00:00,,,,,,,509.0,509.0,,,0.0,,,0.0
2025-09-26 13:00:00,,,,,,,509.0,509.0,,,0.0,,,0.0
2025-09-26 14:00:00,,,,,,,509.0,509.0,,,0.0,,,0.0
2025-09-26 15:00:00,,,,,,,509.0,509.0,,,0.0,,,0.0
2025-09-26 16:00:00,,,,,,,509.0,509.0,,,0.0,,,0.0
2025-09-26 17:00:00,,,,,,,1533.0,1533.0,,,0.0,,,0.0
2025-09-26 18:00:00,,,,,,,1533.0,1533.0,,,0.0,,,0.0
2025-09-26 19:00:00,,,,,,,1533.0,1533.0,,,0.0,,,0.0
2025-09-26 20:00:00,,,,,,,1533.0,1533.0,,,0.0,,,0.0
2025-09-26 21:00:00,,,,,,,1533.0,1533.0,,,0.0,,,0.0
2025-09-26 22:00:00,,,,,,,1533.0,1533.0,,,0.0,,,0.0
2025-09-26 23:00:00,,,,,,,1529.0,1529.0,,,0.0,,,0.0
2025-09-27 00:00:00,,,,,,,1533.0,1533.0,,,0.0,,,0.0
2025-09-27 01:00:00,,,,,,,1533.0,1533.0,,,0.0,,,0.0
2025-09-27 02:00:00,,,,,,,1529.0,1529.0,,,0.0,,,0.0
2025-09-27 03:00:00,,,,,,,1533.0,1533.0,,,0.0,,,0.0
2025-09-27 04:00:00,,,,,,,1533.0,1533.0,,,0.0,,,0.0
2025-09-27 05:00:00,,,,,,,1533.0,1533.0,,,0.0,,,0.0
2025-09-27 06:00:00,,,,,,,1533.0,1533.0,,,0.0,,,0.0
2025-09-27 07:00:00,,,,,,,1533.0,1533.0,,,0.0,,,0.0
2025-09-27 08:00:00,,,,,,,509.0,509.0,,,0.0,,,0.0
2025-09-27 09:00:00,,,,,,,509.0,509.0,,,0.0,,,0.0
2025-09-27 10:00:00,,,,,,,509.0,509.0,,,0.0,,,0.0
2025-09-27 11:00:00,,,,,,,509.0,509.0,,,0.0,,,0.0
2025-09-27 12:00:00,,,,,,,509.0,509.0,,,0.0,,,0.0
2025-09-27 13:00:00,,,,,,,509.0,509.0,,,0.0,,,0.0
2025-09-27 14:00:00,,,,,,,505.0,504.0,0.43719998,0.0,1.0,0.8586,0.0,1.0
2025-09-27 15:00:00,,,,,,,509.0,509.0,,,0.0,,,0.0
2025-09-27 16:00:00,,,,,,,509.0,509.0,,,0.0,,,0.0
2025-09-27 17:00:00,,,,,,,1533.0,1533.0,,,0.0,,,0.0
2025-09-27 18:00:00,,,,,,,1533.0,1533.0,,,0.0,,,0.0
2025-09-27 19:00:00,,,,,,,1529.0,1529.0,,,0.0,,,0.0
2025-09-27 20:00:00,,,,,,,1533.0,1533.0,,,0.0,,,0.0
2025-09-27 21:00:00,,,,,,,1273.0,1273.0,,,0.0,,,0.0
2025-09-27 22:00:00,,,,,,,1533.0,1533.0,,,0.0,,,0.0
2025-09-27 23:00:00,,,,,,,1533.0,1533.0,,,0.0,,,0.0
2025-09-28 00:00:00,,,,,,,1533.0,1533.0,,,0.0,,,0.0
2025-09-28 01:00:00,,,,,,,1533.0,1533.0,,,0.0,,,0.0
2025-09-28 02:00:00,,,,,,,1533.0,1533.0,,,0.0,,,0.0
2025-09-28 03:00:00,,,,,,,1533.0,1533.0,,,0.0,,,0.0
2025-09-28 04:00:00,,,,,,,1533.0,1533.0,,,0.0,,,0.0
2025-09-28 05:00:00,,,,,,,1533.0,1533.0,,,0.0,,,0.0
2025-09-28 06:00:00,,,,,,,1533.0,1533.0,,,0.0,,,0.0
2025-09-28 07:00:00,,,,,,,1533.0,1533.0,,,0.0,,,0.0
2025-09-28 08:00:00,,,,,,,509.0,509.0,,,0.0,,,0.0
2025-09-28 09:00:00,,,,,,,509.0,509.0,,,0.0,,,0.0
2025-09-28 10:00:00,,,,,,,509.0,509.0,,,0.0,,,0.0
2025-09-28 11:00:00,,,,,,,509.0,509.0,,,0.0,,,0.0
2025-09-28 12:00:00,,,,,,,509.0,509.0,,,0.0,,,0.0
2025-09-28 13:00:00,,,,,,,509.0,509.0,,,0.0,,,0.0
2025-09-28 14:00:00,,,,,,,509.0,509.0,,,0.0,,,0.0
2025-09-28 15:00:00,,,,,,,509.0,509.0,,,0.0,,,0.0
2025-09-28 16:00:00,,,,,,,509.0,509.0,,,0.0,,,0.0
2025-09-28 17:00:00,,,,,,,1533.0,1533.0,,,0.0,,,0.0
2025-09-28 18:00:00,,,,,,,1533.0,1533.0,,,0.0,,,0.0
2025-09-28 19:00:00,,,,,,,1533.0,1533.0,,,0.0,,,0.0
2025-09-28 20:00:00,,,,,,,1529.0,1529.0,,,0.0,,,0.0
2025-09-28 21:00:00,,,,,,,1533.0,1533.0,,,0.0,,,0.0
2025-09-28 22:00:00,,,,,,,1533.0,1533.0,,,0.0,,,0.0
2025-09-28 23:00:00,,,,,,,1529.0,1529.0,,,0.0,,,0.0
2025-09-29 00:00:00,,,,,,,1533.0,1533.0,,,0.0,,,0.0
2025-09-29 01:00:00,,,,,,,1533.0,1533.0,,,0.0,,,0.0
2025-09-29 02:00:00,,,,,,,1533.0,1533.0,,,0.0,,,0.0
2025-09-29 03:00:00,,,,,,,1533.0,1533.0,,,0.0,,,0.0
2025-09-29 04:00:00,,,,,,,1533.0,1533.0,,,0.0,,,0.0
2025-09-29 05:00:00,,,,,,,1529.0,1529.0,,,0.0,,,0.0
2025-09-29 06:00:00,,,,,,,1533.0,1533.0,,,0.0,,,0.0
2025-09-29 07:00:00,,,,,,,1533.0,1533.0,,,0.0,,,0.0
2025-09-29 08:00:00,,,,,,,509.0,509.0,,,0.0,,,0.0
2025-09-29 09:00:00,,,,,,,509.0,509.0,,,0.0,,,0.0
2025-09-29 10:00:00,,,,,,,509.0,509.0,,,0.0,,,0.0
2025-09-29 11:00:00,,,,,,,509.0,509.0,,,0.0,,,0.0
2025-09-29 12:00:00,,,,,,,509.0,509.0,,,0.0,,,0.0
2025-09-29 13:00:00,,,,,,,509.0,509.0,,,0.0,,,0.0
2025-09-29 14:00:00,,,,,,,509.0,509.0,,,0.0,,,0.0
2025-09-29 15:00:00,,,,,,,509.0,509.0,,,0.0,,,0.0
2025-09-29 16:00:00,,,,,,,509.0,509.0,,,0.0,,,0.0
2025-09-29 17:00:00,,,,,,,1533.0,1533.0,,,0.0,,,0.0
2025-09-29 18:00:00,,,,,,,1529.0,1529.0,,,0.0,,,0.0
2025-09-29 19:00:00,,,,,,,1529.0,1529.0,,,0.0,,,0.0
2025-09-29 20:00:00,,,,,,,1533.0,1533.0,,,0.0,,,0.0
2025-09-29 21:00:00,,,,,,,1533.0,1533.0,,,0.0,,,0.0
2025-09-29 22:00:00,,,,,,,1533.0,1533.0,,,0.0,,,0.0
2025-09-29 23:00:00,,,,,,,1529.0,1529.0,,,0.0,,,0.0
2025-09-30 00:00:00,,,,,,,1533.0,1533.0,,,0.0,,,0.0
2025-09-30 01:00:00,,,,,,,1529.0,1529.0,,,0.0,,,0.0
2025-09-30 02:00:00,,,,,,,1533.0,1533.0,,,0.0,,,0.0
2025-09-30 03:00:00,,,,,,,1533.0,1533.0,,,0.0,,,0.0
2025-09-30 04:00:00,,,,,,,1533.0,1533.0,,,0.0,,,0.0
2025-09-30 05:00:00,,,,,,,1533.0,1533.0,,,0.0,,,0.0
2025-09-30 06:00:00,,,,,,,1529.0,1529.0,,,0.0,,,0.0
2025-09-30 07:00:00,,,,,,,1533.0,1533.0,,,0.0,,,0.0
2025-09-30 08:00:00,,,,,,,509.0,509.0,,,0.0,,,0.0
2025-09-30 09:00:00,,,,,,,509.0,509.0,,,0.0,,,0.0
2025-09-30 10:00:00,,,,,,,509.0,509.0,,,0.0,,,0.0
2025-09-30 11:00:00,,,,,,,509.0,509.0,,,0.0,,,0.0
2025-09-30 12:00:00,,,,,,,509.0,509.0,,,0.0,,,0.0
2025-09-30 13:00:00,,,,,,,509.0,509.0,,,0.0,,,0.0
2025-09-30 14:00:00,,,,,,,509.0,509.0,,,0.0,,,0.0
2025-09-30 15:00:00,,,,,,,509.0,509.0,,,0.0,,,0.0
2025-09-30 16:00:00,,,,,,,509.0,509.0,,,0.0,,,0.0
2025-09-30 17:00:00,,,,,,,1533.0,1533.0,,,0.0,,,0.0
2025-09-30 18:00:00,,,,,,,1533.0,1533.0,,,0.0,,,0.0
2025-09-30 19:00:00,,,,,,,1533.0,1533.0,,,0.0,,,0.0
2025-09-30 20:00:00,,,,,,,1533.0,1533.0,,,0.0,,,0.0
2025-09-30 21:00:00,,,,,,,1533.0,1533.0,,,0.0,,,0.0
2025-09-30 22:00:00,,,,,,,1529.0,1529.0,,,0.0,,,0.0
2025-09-30 23:00:00,,,,,,,1533.0,1533.0,,,0.0,,,0.0
2025-10-01 00:00:00,,,,,,,1533.0,1533.0,,,0.0,,,0.0
2025-10-01 01:00:00,,,,,,,1533.0,1533.0,,,0.0,,,0.0
2025-10-01 02:00:00,,,,,,,1533.0,1533.0,,,0.0,,,0.0
2025-10-01 03:00:00,,,,,,,1533.0,1533.0,,,0.0,,,0.0
2025-10-01 04:00:00,,,,,,,1529.0,1529.0,,,0.0,,,0.0
2025-10-01 05:00:00,,,,,,,1533.0,1533.0,,,0.0,,,0.0
2025-10-01 06:00:00,,,,,,,1533.0,1533.0,,,0.0,,,0.0
2025-10-01 07:00:00,,,,,,,1533.0,1533.0,,,0.0,,,0.0
2025-10-01 08:00:00,,,,,,,509.0,509.0,,,0.0,,,0.0
2025-10-01 09:00:00,,,,,,,509.0,509.0,,,0.0,,,0.0
2025-10-01 10:00:00,,,,,,,509.0,509.0,,,0.0,,,0.0
2025-10-01 11:00:00,,,,,,,509.0,509.0,,,0.0,,,0.0
2025-10-01 12:00:00,,,,,,,509.0,509.0,,,0.0,,,0.0
2025-10-01 13:00:00,,,,,,,509.0,509.0,,,0.0,,,0.0
2025-10-01 14:00:00,,,,,,,509.0,509.0,,,0.0,,,0.0
2025-10-01 15:00:00,,,,,,,509.0,509.0,,,0.0,,,0.0
2025-10-01 16:00:00,,,,,,,505.0,504.0,0.2464,0.0,1.0,0.8687999,0.0,1.0
2025-10-01 17:00:00,,,,,,,1533.0,1533.0,,,0.0,,,0.0
2025-10-01 18:00:00,,,,,,,1533.0,1533.0,,,0.0,,,0.0
2025-10-01 19:00:00,,,,,,,1529.0,1529.0,,,0.0,,,0.0
2025-10-01 20:00:00,,,,,,,1533.0,1533.0,,,0.0,,,0.0
2025-10-01 21:00:00,,,,,,,1273.0,1273.0,,,0.0,,,0.0
2025-10-01 22:00:00,,,,,,,1273.0,1273.0,,,0.0,,,0.0
2025-10-01 23:00:00,,,,,,,1273.0,1273.0,,,0.0,,,0.0
2025-10-02 00:00:00,,,,,,,1533.0,1533.0,,,0.0,,,0.0
2025-10-02 01:00:00,,,,,,,1533.0,1533.0,,,0.0,,,0.0
2025-10-02 02:00:00,,,,,,,1529.0,1529.0,,,0.0,,,0.0
2025-10-02 03:00:00,,,,,,,1533.0,1533.0,,,0.0,,,0.0
2025-10-02 04:00:00,,,,,,,1533.0,1533.0,,,0.0,,,0.0
2025-10-02 05:00:00,,,,,,,1529.0,1529.0,,,0.0,,,0.0
2025-10-02 06:00:00,,,,,,,1529.0,1529.0,,,0.0,,,0.0
2025-10-02 07:00:00,,,,,,,1533.0,1533.0,,,0.0,,,0.0
2025-10-02 08:00:00,,,,,,,509.0,509.0,,,0.0,,,0.0
2025-10-02 09:00:00,,,,,,,509.0,509.0,,,0.0,,,0.0
2025-10-02 10:00:00,,,,,,,509.0,509.0,,,0.0,,,0.0
2025-10-02 11:00:00,,,,,,,509.0,509.0,,,0.0,,,0.0
2025-10-02 12:00:00,,,,,,,509.0,509.0,,,0.0,,,0.0
2025-10-02 13:00:00,,,,,,,509.0,509.0,,,0.0,,,0.0
2025-10-02 14:00:00,,,,,,,509.0,509.0,,,0.0,,,0.0
2025-10-02 15:00:00,,,,,,,509.0,509.0,,,0.0,,,0.0
2025-10-02 16:00:00,,,,,,,509.0,509.0,,,0.0,,,0.0
2025-10-02 17:00:00,,,,,,,1533.0,1533.0,,,0.0,,,0.0
2025-10-02 18:00:00,,,,,,,1273.0,1273.0,,,0.0,,,0.0
2025-10-02 19:00:00,,,,,,,1273.0,1273.0,,,0.0,,,0.0
2025-10-02 20:00:00,,,,,,,1273.0,1273.0,,,0.0,,,0.0
2025-10-02 21:00:00,,,,,,,1273.0,1273.0,,,0.0,,,0.0
2025-10-02 22:00:00,,,,,,,1273.0,1273.0,,,0.0,,,0.0
2025-10-02 23:00:00,,,,,,,1273.0,1273.0,,,0.0,,,0.0
2025-10-03 00:00:00,,,,,,,1273.0,1273.0,,,0.0,,,0.0
2025-10-03 01:00:00,,,,,,,1529.0,1529.0,,,0.0,,,0.0
2025-10-03 02:00:00,,,,,,,1273.0,1273.0,,,0.0,,,0.0
2025-10-03 03:00:00,,,,,,,1273.0,1273.0,,,0.0,,,0.0
2025-10-03 04:00:00,,,,,,,1273.0,1273.0,,,0.0,,,0.0
2025-10-03 05:00:00,,,,,,,1273.0,1273.0,,,0.0,,,0.0
2025-10-03 06:00:00,,,,,,,1273.0,1273.0,,,0.0,,,0.0
2025-10-03 07:00:00,,,,,,,1273.0,1273.0,,,0.0,,,0.0
2025-10-03 08:00:00,,,,,,,509.0,509.0,,,0.0,,,0.0
2025-10-03 09:00:00,,,,,,,509.0,509.0,0.5136,0.0,1.0,0.8778,0.0,1.0
2025-10-03 10:00:00,,,,,,,2553.0,2552.0,0.1372,0.15779999,4.0,0.9542999,0.04219997,4.0
2025-10-03 11:00:00,,,,,,,509.0,509.0,0.12459999,0.08,2.0,0.9906,0.025299966,2.0
2025-10-03 12:00:00,,,,,,,505.0,505.0,,,0.0,,,0.0
2025-10-03 13:00:00,,,,,,,509.0,509.0,,,0.0,,,0.0
2025-10-03 14:00:00,,,,,,,509.0,509.0,,,0.0,,,0.0
2025-10-03 15:00:00,,,,,,,509.0,509.0,,,0.0,,,0.0
2025-10-03 16:00:00,,,,,,,509.0,509.0,,,0.0,,,0.0
2025-10-03 17:00:00,,,,,,,1533.0,1533.0,,,0.0,,,0.0
2025-10-03 18:00:00,,,,,,,1533.0,1533.0,,,0.0,,,0.0
2025-10-03 19:00:00,,,,,,,1533.0,1533.0,,,0.0,,,0.0
2025-10-03 20:00:00,,,,,,,1273.0,1273.0,,,0.0,,,0.0
2025-10-03 21:00:00,,,,,,,1273.0,1273.0,,,0.0,,,0.0
2025-10-03 22:00:00,,,,,,,1273.0,1273.0,,,0.0,,,0.0
2025-10-03 23:00:00,,,,,,,1273.0,1273.0,,,0.0,,,0.0
2025-10-04 00:00:00,,,,,,,1273.0,1273.0,,,0.0,,,0.0
2025-10-04 01:00:00,,,,,,,1273.0,1273.0,,,0.0,,,0.0
2025-10-04 02:00:00,,,,,,,1273.0,1273.0,,,0.0,,,0.0
2025-10-04 03:00:00,,,,,,,1273.0,1273.0,,,0.0,,,0.0
2025-10-04 04:00:00,,,,,,,1273.0,1273.0,,,0.0,,,0.0
2025-10-04 05:00:00,,,,,,,1273.0,1273.0,,,0.0,,,0.0
2025-10-04 06:00:00,,,,,,,1273.0,1273.0,,,0.0,,,0.0
2025-10-04 07:00:00,,,,,,,1533.0,1533.0,,,0.0,,,0.0
2025-10-04 08:00:00,,,,,,,509.0,509.0,,,0.0,,,0.0
2025-10-04 09:00:00,,,,,,,509.0,509.0,,,0.0,,,0.0
2025-10-04 10:00:00,,,,,,,509.0,509.0,,,0.0,,,0.0
2025-10-04 11:00:00,,,,,,,509.0,509.0,,,0.0,,,0.0
2025-10-04 12:00:00,,,,,,,509.0,509.0,,,0.0,,,0.0
2025-10-04 13:00:00,,,,,,,509.0,509.0,,,0.0,,,0.0
2025-10-04 14:00:00,,,,,,,509.0,509.0,,,0.0,,,0.0
2025-10-04 15:00:00,,,,,,,509.0,509.0,,,0.0,,,0.0
2025-10-04 16:00:00,,,,,,,509.0,509.0,0.527,0.0,1.0,0.8759999,0.0,1.0
2025-10-04 17:00:00,,,,,,,1273.0,1273.0,,,0.0,,,0.0
2025-10-04 18:00:00,,,,,,,1529.0,1529.0,,,0.0,,,0.0
2025-10-04 19:00:00,,,,,,,1529.0,1529.0,,,0.0,,,0.0
2025-10-04 20:00:00,,,,,,,1533.0,1533.0,,,0.0,,,0.0
2025-10-04 21:00:00,,,,,,,1533.0,1533.0,,,0.0,,,0.0
2025-10-04 22:00:00,,,,,,,1533.0,1533.0,,,0.0,,,0.0
2025-10-04 23:00:00,,,,,,,1533.0,1533.0,,,0.0,,,0.0
2025-10-05 00:00:00,,,,,,,1533.0,1533.0,,,0.0,,,0.0
2025-10-05 01:00:00,,,,,,,1533.0,1533.0,,,0.0,,,0.0
2025-10-05 02:00:00,,,,,,,1533.0,1533.0,,,0.0,,,0.0
2025-10-05 03:00:00,,,,,,,1533.0,1533.0,,,0.0,,,0.0
2025-10-05 04:00:00,,,,,,,1529.0,1529.0,,,0.0,,,0.0
2025-10-05 05:00:00,,,,,,,1533.0,1533.0,,,0.0,,,0.0
2025-10-05 06:00:00,,,,,,,1529.0,1529.0,,,0.0,,,0.0
2025-10-05 07:00:00,,,,,,,1529.0,1529.0,,,0.0,,,0.0
2025-10-05 08:00:00,,,,,,,2297.0,2296.0,0.1918,0.0734,5.0,1.0432,0.009000003,5.0
2025-10-05 09:00:00,0.48479998,,,,,,193.0,248.0,0.177,0.077599995,6.0,1.0351,0.014400005,6.0
2025-10-05 10:00:00,,,,,,,509.0,509.0,0.2562,0.073199995,2.0,1.0317,0.026499987,2.0
2025-10-05 11:00:00,,,,,,,2553.0,2552.0,0.3136,0.0696,4.0,1.0918,0.04369998,4.0
2025-10-05 12:00:00,,,,,,,509.0,509.0,0.29119998,0.1016,3.0,1.1552999,0.013300002,3.0
2025-10-05 13:00:00,,,,,,,509.0,509.0,,,0.0,,,0.0
2025-10-05 14:00:00,,,,,,,509.0,509.0,,,0.0,,,0.0
2025-10-05 15:00:00,,,,,,,509.0,509.0,0.587,0.0,1.0,1.2242,0.0,1.0
2025-10-05 16:00:00,,,,,,,509.0,509.0,,,0.0,,,0.0
2025-10-05 17:00:00,,,,,,,1533.0,1533.0,,,0.0,,,0.0
2025-10-05 18:00:00,,,,,,,1533.0,1533.0,,,0.0,,,0.0
2025-10-05 19:00:00,,,,,,,1533.0,1533.0,,,0.0,,,0.0
2025-10-05 20:00:00,,,,,,,1533.0,1533.0,,,0.0,,,0.0
2025-10-05 21:00:00,,,,,,,1529.0,1529.0,,,0.0,,,0.0
2025-10-05 22:00:00,,,,,,,1529.0,1529.0,,,0.0,,,0.0
2025-10-05 23:00:00,,,,,,,1529.0,1529.0,,,0.0,,,0.0
2025-10-06 00:00:00,,,,,,,1533.0,1533.0,,,0.0,,,0.0
2025-10-06 01:00:00,,,,,,,1533.0,1533.0,,,0.0,,,0.0
2025-10-06 02:00:00,,,,,,,1529.0,1529.0,,,0.0,,,0.0
2025-10-06 03:00:00,,,,,,,1533.0,1533.0,,,0.0,,,0.0
2025-10-06 04:00:00,,,,,,,1533.0,1533.0,,,0.0,,,0.0
2025-10-06 05:00:00,,,,,,,1529.0,1529.0,,,0.0,,,0.0
2025-10-06 06:00:00,,,,,,,1533.0,1533.0,,,0.0,,,0.0
2025-10-06 07:00:00,,,,,,,1533.0,1533.0,,,0.0,,,0.0
2025-10-06 08:00:00,,,,,,,509.0,509.0,,,0.0,,,0.0
2025-10-06 09:00:00,,,,,,,509.0,509.0,,,0.0,,,0.0
2025-10-06 10:00:00,,,,,,,509.0,509.0,,,0.0,,,0.0
2025-10-06 11:00:00,,,,,,,509.0,509.0,,,0.0,,,0.0
2025-10-06 12:00:00,,,,,,,509.0,509.0,,,0.0,,,0.0
2025-10-06 13:00:00,,,,,,,509.0,509.0,,,0.0,,,0.0
2025-10-06 14:00:00,,,,,,,509.0,509.0,,,0.0,,,0.0
2025-10-06 15:00:00,,,,,,,509.0,509.0,,,0.0,,,0.0
2025-10-06 16:00:00,,,,,,,509.0,509.0,,,0.0,,,0.0
2025-10-06 17:00:00,,,,,,,1533.0,1533.0,,,0.0,,,0.0
2025-10-06 18:00:00,,,,,,,1529.0,1529.0,,,0.0,,,0.0
2025-10-06 19:00:00,,,,,,,1533.0,1533.0,,,0.0,,,0.0
2025-10-06 20:00:00,,,,,,,1533.0,1533.0,,,0.0,,,0.0
2025-10-06 21:00:00,,,,,,,1533.0,1533.0,,,0.0,,,0.0
2025-10-06 22:00:00,,,,,,,1533.0,1533.0,,,0.0,,,0.0
2025-10-06 23:00:00,,,,,,,1533.0,1533.0,,,0.0,,,0.0
2025-10-07 00:00:00,,,,,,,1533.0,1533.0,,,0.0,,,0.0
2025-10-07 01:00:00,,,,,,,1533.0,1533.0,,,0.0,,,0.0
2025-10-07 02:00:00,,,,,,,1533.0,1533.0,,,0.0,,,0.0
2025-10-07 03:00:00,,,,,,,1529.0,1529.0,,,0.0,,,0.0
2025-10-07 04:00:00,,,,,,,1529.0,1529.0,,,0.0,,,0.0
2025-10-07 05:00:00,,,,,,,1529.0,1529.0,,,0.0,,,0.0
2025-10-07 06:00:00,,,,,,,1529.0,1529.0,,,0.0,,,0.0
2025-10-07 07:00:00,,,,,,,1533.0,1533.0,,,0.0,,,0.0
2025-10-07 08:00:00,,,,,,,509.0,509.0,,,0.0,,,0.0
2025-10-07 09:00:00,,,,,,,509.0,509.0,,,0.0,,,0.0
2025-10-07 10:00:00,,,,,,,509.0,509.0,,,0.0,,,0.0
2025-10-07 11:00:00,,,,,,,509.0,509.0,,,0.0,,,0.0
2025-10-07 12:00:00,,,,,,,509.0,509.0,,,0.0,,,0.0
2025-10-07 13:00:00,,,,,,,509.0,509.0,,,0.0,,,0.0
2025-10-07 14:00:00,,,,,,,509.0,509.0,,,0.0,,,0.0
2025-10-07 15:00:00,,,,,,,509.0,509.0,,,0.0,,,0.0
2025-10-07 16:00:00,,,,,,,509.0,509.0,,,0.0,,,0.0
2025-10-07 17:00:00,,,,,,,1533.0,1533.0,,,0.0,,,0.0
2025-10-07 18:00:00,,,,,,,1529.0,1529.0,,,0.0,,,0.0
2025-10-07 19:00:00,,,,,,,1533.0,1533.0,,,0.0,,,0.0
2025-10-07 20:00:00,,,,,,,1533.0,1533.0,,,0.0,,,0.0
2025-10-07 21:00:00,,,,,,,1533.0,1533.0,,,0.0,,,0.0
2025-10-07 22:00:00,,,,,,,1533.0,1533.0,,,0.0,,,0.0
2025-10-07 23:00:00,,,,,,,1533.0,1533.0,,,0.0,,,0.0
2025-10-08 00:00:00,,,,,,,1533.0,1533.0,,,0.0,,,0.0
2025-10-08 01:00:00,,,,,,,1533.0,1533.0,,,0.0,,,0.0
2025-10-08 02:00:00,,,,,,,1533.0,1533.0,,,0.0,,,0.0
2025-10-08 03:00:00,,,,,,,1533.0,1533.0,,,0.0,,,0.0
2025-10-08 04:00:00,,,,,,,1529.0,1529.0,,,0.0,,,0.0
2025-10-08 05:00:00,,,,,,,1529.0,1529.0,,,0.0,,,0.0
2025-10-08 06:00:00,,,,,,,1533.0,1533.0,,,0.0,,,0.0
2025-10-08 07:00:00,,,,,,,1533.0,1533.0,,,0.0,,,0.0
2025-10-08 08:00:00,,,,,,,2553.0,2552.0,0.0356,0.0,1.0,0.9426,0.0,1.0
2025-10-08 09:00:00,,,,,,,509.0,509.0,0.1786,0.0446,2.0,0.9663,0.00069999695,2.0
2025-10-08 10:00:00,,,,,,,509.0,509.0,,,0.0,,,0.0
2025-10-08 11:00:00,,,,,,,509.0,509.0,,,0.0,,,0.0
2025-10-08 12:00:00,,,,,,,509.0,509.0,,,0.0,,,0.0
2025-10-08 13:00:00,,,,,,,509.0,509.0,,,0.0,,,0.0
2025-10-08 14:00:00,,,,,,,505.0,504.0,0.48619998,0.0,1.0,1.125,0.0,1.0
2025-10-08 15:00:00,,,,,,,2553.0,2552.0,0.20799999,0.103999995,3.0,1.115,0.015299976,3.0
2025-10-08 16:00:00,,,,,,,2553.0,2552.0,0.1218,0.0224,6.0,1.265,0.2633,6.0
2025-10-08 17:00:00,,,,,,,1273.0,1273.0,,,0.0,,,0.0
2025-10-08 18:00:00,,,,,,,1273.0,1273.0,,,0.0,,,0.0
2025-10-08 19:00:00,,,,,,,1273.0,1273.0,,,0.0,,,0.0
2025-10-08 20:00:00,,,,,,,1273.0,1273.0,,,0.0,,,0.0
2025-10-08 21:00:00,,,,,,,1273.0,1273.0,,,0.0,,,0.0
2025-10-08 22:00:00,,,,,,,1273.0,1273.0,,,0.0,,,0.0
2025-10-08 23:00:00,,,,,,,1273.0,1273.0,,,0.0,,,0.0
2025-10-09 00:00:00,,,,,,,1273.0,1273.0,,,0.0,,,0.0
2025-10-09 01:00:00,,,,,,,1273.0,1273.0,,,0.0,,,0.0
2025-10-09 02:00:00,,,,,,,1273.0,1273.0,,,0.0,,,0.0
2025-10-09 03:00:00,,,,,,,1273.0,1273.0,,,0.0,,,0.0
2025-10-09 04:00:00,,,,,,,1273.0,1273.0,,,0.0,,,0.0
2025-10-09 05:00:00,,,,,,,1273.0,1273.0,,,0.0,,,0.0
2025-10-09 06:00:00,,,,,,,1273.0,1273.0,,,0.0,,,0.0
2025-10-09 07:00:00,,,,,,,1533.0,1533.0,,,0.0,,,0.0
2025-10-09 08:00:00,,,,,,,505.0,504.0,0.66499996,0.0854,4.0,1.1392,0.054199994,4.0
2025-10-09 09:00:00,,,,,,,249.0,248.0,0.40559998,0.1664,5.0,1.1659,0.015199959,5.0
2025-10-09 10:00:00,,,,,,,505.0,504.0,0.125,0.15519999,4.0,1.1841999,0.007499993,4.0
2025-10-09 11:00:00,,,,,,,509.0,509.0,0.28779998,0.0,1.0,1.1894,0.0,1.0
2025-10-09 12:00:00,,,,,,,509.0,509.0,,,0.0,,,0.0
2025-10-09 13:00:00,,,,,,,509.0,509.0,,,0.0,,,0.0
2025-10-09 14:00:00,,,,,,,509.0,509.0,,,0.0,,,0.0
2025-10-09 15:00:00,,,,,,,509.0,509.0,0.5542,0.0,1.0,1.3635,0.0,1.0
2025-10-09 16:00:00,,,,,,,505.0,505.0,,,0.0,,,0.0
2025-10-09 17:00:00,,,,,,,1529.0,1529.0,,,0.0,,,0.0
2025-10-09 18:00:00,,,,,,,1273.0,1273.0,,,0.0,,,0.0
2025-10-09 19:00:00,,,,,,,1273.0,1273.0,,,0.0,,,0.0
2025-10-09 20:00:00,,,,,,,1273.0,1273.0,,,0.0,,,0.0
2025-10-09 21:00:00,,,,,,,1273.0,1273.0,,,0.0,,,0.0
2025-10-09 22:00:00,,,,,,,1273.0,1273.0,,,0.0,,,0.0
2025-10-09 23:00:00,,,,,,,1273.0,1273.0,,,0.0,,,0.0
2025-10-10 00:00:00,,,,,,,1273.0,1273.0,,,0.0,,,0.0
2025-10-10 01:00:00,,,,,,,1273.0,1273.0,,,0.0,,,0.0
2025-10-10 02:00:00,,,,,,,1533.0,1533.0,,,0.0,,,0.0
2025-10-10 03:00:00,,,,,,,1273.0,1273.0,,,0.0,,,0.0
2025-10-10 04:00:00,,,,,,,1273.0,1273.0,,,0.0,,,0.0
2025-10-10 05:00:00,,,,,,,1273.0,1273.0,,,0.0,,,0.0
2025-10-10 06:00:00,,,,,,,1273.0,1273.0,,,0.0,,,0.0
2025-10-10 07:00:00,,,,,,,1533.0,1533.0,,,0.0,,,0.0
2025-10-10 08:00:00,,,,,,,2553.0,2552.0,0.4804,0.033,2.0,1.1491,0.0449,2.0
2025-10-10 09:00:00,,,,,,,509.0,509.0,0.2942,0.0308,3.0,1.0769,0.02520001,3.0
2025-10-10 10:00:00,,,,,,,509.0,509.0,,,0.0,,,0.0
2025-10-10 11:00:00,,,,,,,509.0,509.0,0.3606,0.0,1.0,1.0992,0.0,1.0
2025-10-10 12:00:00,,,,,,,509.0,509.0,0.3112,0.1758,2.0,1.0373,0.029299974,2.0
2025-10-10 13:00:00,,,,,,,505.0,505.0,,,0.0,,,0.0
2025-10-10 14:00:00,,,,,,,505.0,504.0,0.5628,0.0,1.0,1.0762999,0.0,1.0
2025-10-10 15:00:00,,,,,,,505.0,505.0,0.6674,0.0308,3.0,0.9225999,0.092400014,3.0
2025-10-10 16:00:00,,,,,,,505.0,505.0,,,0.0,,,0.0
2025-10-10 17:00:00,,,,,,,1273.0,1273.0,,,0.0,,,0.0
2025-10-10 18:00:00,,,,,,,1273.0,1273.0,,,0.0,,,0.0
2025-10-10 19:00:00,,,,,,,1273.0,1273.0,,,0.0,,,0.0
2025-10-10 20:00:00,,,,,,,1273.0,1273.0,,,0.0,,,0.0
2025-10-10 21:00:00,,,,,,,1273.0,1273.0,,,0.0,,,0.0
2025-10-10 22:00:00,,,,,,,1273.0,1273.0,,,0.0,,,0.0
2025-10-10 23:00:00,,,,,,,1273.0,1273.0,,,0.0,,,0.0
2025-10-11 00:00:00,,,,,,,1529.0,1529.0,,,0.0,,,0.0
2025-10-11 01:00:00,,,,,,,1273.0,1273.0,,,0.0,,,0.0
2025-10-11 02:00:00,,,,,,,1529.0,1529.0,,,0.0,,,0.0
2025-10-11 03:00:00,,,,,,,1273.0,1273.0,,,0.0,,,0.0
2025-10-11 04:00:00,,,,,,,1273.0,1273.0,,,0.0,,,0.0
2025-10-11 05:00:00,,,,,,,1529.0,1529.0,,,0.0,,,0.0
2025-10-11 06:00:00,,,,,,,1529.0,1529.0,,,0.0,,,0.0
2025-10-11 07:00:00,,,,,,,1529.0,1529.0,,,0.0,,,0.0
2025-10-11 08:00:00,,,,,,,509.0,509.0,0.69979995,0.0718,2.0,0.91059995,0.021899998,2.0
2025-10-11 09:00:00,,,,,,,509.0,509.0,,,0.0,,,0.0
2025-10-11 10:00:00,,,,,,,509.0,509.0,,,0.0,,,0.0
2025-10-11 11:00:00,,,,,,,509.0,509.0,,,0.0,,,0.0
2025-10-11 12:00:00,,,,,,,509.0,509.0,,,0.0,,,0.0
2025-10-11 13:00:00,,,,,,,509.0,509.0,,,0.0,,,0.0
2025-10-11 14:00:00,,,,,,,509.0,509.0,,,0.0,,,0.0
2025-10-11 15:00:00,,,,,,,509.0,509.0,,,0.0,,,0.0
2025-10-11 16:00:00,,,,,,,509.0,509.0,,,0.0,,,0.0
2025-10-11 17:00:00,,,,,,,1533.0,1533.0,,,0.0,,,0.0
2025-10-11 18:00:00,,,,,,,1529.0,1529.0,,,0.0,,,0.0
2025-10-11 19:00:00,,,,,,,1533.0,1533.0,,,0.0,,,0.0
2025-10-11 20:00:00,,,,,,,1533.0,1533.0,,,0.0,,,0.0
2025-10-11 21:00:00,,,,,,,1529.0,1529.0,,,0.0,,,0.0
2025-10-11 22:00:00,,,,,,,1533.0,1533.0,,,0.0,,,0.0
2025-10-11 23:00:00,,,,,,,1533.0,1533.0,,,0.0,,,0.0
2025-10-12 18:00:00,,,,,,,1273.0,1273.0,,,0.0,,,0.0
2025-10-12 19:00:00,,,,,,,1273.0,1273.0,,,0.0,,,0.0
2025-10-12 20:00:00,,,,,,,1273.0,1273.0,,,0.0,,,0.0
2025-10-12 21:00:00,,,,,,,1273.0,1273.0,,,0.0,,,0.0
2025-10-12 22:00:00,,,,,,,1273.0,1273.0,,,0.0,,,0.0
2025-10-12 23:00:00,,,,,,,1533.0,1533.0,,,0.0,,,0.0
2025-10-13 00:00:00,,,,,,,1533.0,1533.0,,,0.0,,,0.0
2025-10-13 01:00:00,,,,,,,1533.0,1533.0,,,0.0,,,0.0
2025-10-13 02:00:00,,,,,,,1529.0,1529.0,,,0.0,,,0.0
2025-10-13 03:00:00,,,,,,,1533.0,1533.0,,,0.0,,,0.0
2025-10-13 04:00:00,,,,,,,1273.0,1273.0,,,0.0,,,0.0
2025-10-13 05:00:00,,,,,,,1273.0,1273.0,,,0.0,,,0.0
2025-10-13 06:00:00,,,,,,,1273.0,1273.0,,,0.0,,,0.0
2025-10-13 07:00:00,,,,,,,1529.0,1529.0,,,0.0,,,0.0
2025-10-13 08:00:00,,,,,,,505.0,504.0,0.52279997,0.2844,3.0,0.9783,0.07609999,3.0
2025-10-13 09:00:00,,,,,,,509.0,509.0,,,0.0,,,0.0
2025-10-13 10:00:00,,,,,,,509.0,509.0,,,0.0,,,0.0
2025-10-13 11:00:00,,,,,,,509.0,509.0,,,0.0,,,0.0
2025-10-13 12:00:00,,,,,,,509.0,509.0,,,0.0,,,0.0
2025-10-13 13:00:00,,,,,,,509.0,509.0,,,0.0,,,0.0
2025-10-13 14:00:00,,,,,,,509.0,509.0,,,0.0,,,0.0
2025-10-13 15:00:00,,,,,,,509.0,509.0,,,0.0,,,0.0
2025-10-13 16:00:00,,,,,,,1533.0,1533.0,,,0.0,,,0.0
2025-10-13 17:00:00,,,,,,,1533.0,1533.0,,,0.0,,,0.0
2025-10-13 18:00:00,,,,,,,1533.0,1533.0,,,0.0,,,0.0
2025-10-13 19:00:00,,,,,,,1533.0,1533.0,,,0.0,,,0.0
2025-10-13 20:00:00,,,,,,,1533.0,1533.0,,,0.0,,,0.0
2025-10-13 21:00:00,,,,,,,1533.0,1533.0,,,0.0,,,0.0
2025-10-13 22:00:00,,,,,,,1533.0,1533.0,,,0.0,,,0.0
2025-10-13 23:00:00,,,,,,,1533.0,1533.0,,,0.0,,,0.0
2025-10-14 00:00:00,,,,,,,1533.0,1533.0,,,0.0,,,0.0
2025-10-14 01:00:00,,,,,,,1533.0,1533.0,,,0.0,,,0.0
2025-10-14 02:00:00,,,,,,,1533.0,1533.0,,,0.0,,,0.0
2025-10-14 03:00:00,,,,,,,1529.0,1529.0,,,0.0,,,0.0
2025-10-14 04:00:00,,,,,,,1533.0,1533.0,,,0.0,,,0.0
2025-10-14 05:00:00,,,,,,,1533.0,1533.0,,,0.0,,,0.0
2025-10-14 06:00:00,,,,,,,1533.0,1533.0,,,0.0,,,0.0
2025-10-14 07:00:00,,,,,,,1533.0,1533.0,,,0.0,,,0.0
2025-10-14 08:00:00,,,,,,,509.0,509.0,,,0.0,,,0.0
2025-10-14 09:00:00,,,,,,,509.0,509.0,,,0.0,,,0.0
2025-10-14 10:00:00,,,,,,,509.0,509.0,,,0.0,,,0.0
2025-10-14 11:00:00,,,,,,,509.0,509.0,,,0.0,,,0.0
2025-10-14 12:00:00,,,,,,,509.0,509.0,,,0.0,,,0.0
2025-10-14 13:00:00,,,,,,,509.0,509.0,,,0.0,,,0.0
2025-10-14 14:00:00,,,,,,,509.0,509.0,,,0.0,,,0.0
2025-10-14 15:00:00,,,,,,,509.0,509.0,,,0.0,,,0.0
2025-10-14 16:00:00,,,,,,,1533.0,1533.0,,,0.0,,,0.0
2025-10-14 17:00:00,,,,,,,1533.0,1533.0,,,0.0,,,0.0
2025-10-14 18:00:00,,,,,,,1533.0,1533.0,,,0.0,,,0.0
2025-10-14 19:00:00,,,,,,,1533.0,1533.0,,,0.0,,,0.0
2025-10-14 20:00:00,,,,,,,1533.0,1533.0,,,0.0,,,0.0
2025-10-14 21:00:00,,,,,,,1529.0,1529.0,,,0.0,,,0.0
2025-10-14 22:00:00,,,,,,,1273.0,1273.0,,,0.0,,,0.0
2025-10-14 23:00:00,,,,,,,1273.0,1273.0,,,0.0,,,0.0
2025-10-15 00:00:00,,,,,,,1533.0,1533.0,,,0.0,,,0.0
2025-10-15 01:00:00,,,,,,,1533.0,1533.0,,,0.0,,,0.0
2025-10-15 02:00:00,,,,,,,1533.0,1533.0,,,0.0,,,0.0
2025-10-15 03:00:00,,,,,,,1533.0,1533.0,,,0.0,,,0.0
2025-10-15 04:00:00,,,,,,,1533.0,1533.0,,,0.0,,,0.0
2025-10-15 05:00:00,,,,,,,1533.0,1533.0,,,0.0,,,0.0
2025-10-15 06:00:00,,,,,,,1533.0,1533.0,,,0.0,,,0.0
2025-10-15 07:00:00,,,,,,,1533.0,1533.0,,,0.0,,,0.0
2025-10-15 08:00:00,,,,,,,509.0,509.0,,,0.0,,,0.0
2025-10-15 09:00:00,,,,,,,509.0,509.0,,,0.0,,,0.0
2025-10-15 10:00:00,,,,,,,509.0,509.0,,,0.0,,,0.0
2025-10-15 11:00:00,,,,,,,509.0,509.0,,,0.0,,,0.0
2025-10-15 12:00:00,,,,,,,509.0,509.0,,,0.0,,,0.0
2025-10-15 13:00:00,,,,,,,509.0,509.0,,,0.0,,,0.0
2025-10-15 14:00:00,,,,,,,509.0,509.0,,,0.0,,,0.0
2025-10-15 15:00:00,,,,,,,509.0,509.0,,,0.0,,,0.0
2025-10-15 16:00:00,,,,,,,1533.0,1533.0,,,0.0,,,0.0
2025-10-15 17:00:00,,,,,,,1533.0,1533.0,,,0.0,,,0.0
2025-10-15 18:00:00,,,,,,,1533.0,1533.0,,,0.0,,,0.0
2025-10-15 19:00:00,,,,,,,1533.0,1533.0,,,0.0,,,0.0
2025-10-15 20:00:00,,,,,,,1533.0,1533.0,,,0.0,,,0.0
2025-10-15 21:00:00,,,,,,,1529.0,1529.0,,,0.0,,,0.0
2025-10-15 22:00:00,,,,,,,1529.0,1529.0,,,0.0,,,0.0
2025-10-15 23:00:00,,,,,,,1273.0,1273.0,,,0.0,,,0.0
2025-10-16 00:00:00,,,,,,,1273.0,1273.0,,,0.0,,,0.0
2025-10-16 01:00:00,,,,,,,1529.0,1529.0,,,0.0,,,0.0
2025-10-16 02:00:00,,,,,,,1529.0,1529.0,,,0.0,,,0.0
2025-10-16 03:00:00,,,,,,,1533.0,1533.0,,,0.0,,,0.0
2025-10-16 04:00:00,,,,,,,1533.0,1533.0,,,0.0,,,0.0
2025-10-16 05:00:00,,,,,,,1529.0,1529.0,,,0.0,,,0.0
2025-10-16 06:00:00,,,,,,,1533.0,1533.0,,,0.0,,,0.0
2025-10-16 07:00:00,,,,,,,1533.0,1533.0,,,0.0,,,0.0
2025-10-16 08:00:00,,,,,,,509.0,509.0,,,0.0,,,0.0
2025-10-16 09:00:00,,,,,,,509.0,509.0,,,0.0,,,0.0
2025-10-16 10:00:00,,,,,,,2553.0,2552.0,0.0998,0.0,1.0,1.0065,0.0,1.0
2025-10-16 11:00:00,,,,,,,509.0,509.0,0.37039998,0.0,1.0,0.9855,0.0,1.0
2025-10-16 12:00:00,,,,,,,509.0,509.0,,,0.0,,,0.0
2025-10-16 13:00:00,,,,,,,509.0,509.0,,,0.0,,,0.0
2025-10-16 14:00:00,,,,,,,509.0,509.0,,,0.0,,,0.0
2025-10-16 15:00:00,,,,,,,509.0,509.0,,,0.0,,,0.0
2025-10-16 16:00:00,,,,,,,1533.0,1533.0,,,0.0,,,0.0
2025-10-16 17:00:00,,,,,,,1533.0,1533.0,,,0.0,,,0.0
2025-10-16 18:00:00,,,,,,,1533.0,1533.0,,,0.0,,,0.0
2025-10-16 19:00:00,,,,,,,1533.0,1533.0,,,0.0,,,0.0
2025-10-16 20:00:00,,,,,,,1529.0,1529.0,,,0.0,,,0.0
2025-10-16 21:00:00,,,,,,,1273.0,1273.0,,,0.0,,,0.0
2025-10-16 22:00:00,,,,,,,1273.0,1273.0,,,0.0,,,0.0
2025-10-16 23:00:00,,,,,,,1273.0,1273.0,,,0.0,,,0.0
2025-10-17 00:00:00,,,,,,,1273.0,1273.0,,,0.0,,,0.0
2025-10-17 01:00:00,,,,,,,1273.0,1273.0,,,0.0,,,0.0
2025-10-17 02:00:00,,,,,,,1273.0,1273.0,,,0.0,,,0.0
2025-10-17 03:00:00,,,,,,,1273.0,1273.0,,,0.0,,,0.0
2025-10-17 04:00:00,,,,,,,1273.0,1273.0,,,0.0,,,0.0
2025-10-17 05:00:00,,,,,,,1273.0,1273.0,,,0.0,,,0.0
2025-10-17 06:00:00,,,,,,,1273.0,1273.0,,,0.0,,,0.0
2025-10-17 07:00:00,,,,,,,1533.0,1533.0,,,0.0,,,0.0
2025-10-17 08:00:00,,,,,,,509.0,509.0,,,0.0,,,0.0
2025-10-17 09:00:00,,,,,,,509.0,509.0,0.0906,0.0652,5.0,1.092,0.012699962,5.0
2025-10-17 10:00:00,,,,,,,505.0,504.0,0.1006,0.1442,5.0,1.0339999,0.074800014,5.0
2025-10-17 11:00:00,,,,,,,509.0,509.0,0.50839996,0.0488,2.0,0.84889996,0.0758,2.0
2025-10-17 12:00:00,,,,,,,509.0,509.0,,,0.0,,,0.0
2025-10-17 13:00:00,,,,,,,509.0,509.0,,,0.0,,,0.0
2025-10-17 14:00:00,,,,,,,509.0,509.0,,,0.0,,,0.0
2025-10-17 15:00:00,,,,,,,505.0,505.0,0.3856,0.0,1.0,1.4986,0.0,1.0
2025-10-17 16:00:00,,,,,,,1533.0,1533.0,,,0.0,,,0.0
2025-10-17 17:00:00,,,,,,,1273.0,1273.0,,,0.0,,,0.0
2025-10-17 18:00:00,,,,,,,1273.0,1273.0,,,0.0,,,0.0
2025-10-17 19:00:00,,,,,,,1273.0,1273.0,,,0.0,,,0.0
2025-10-17 20:00:00,,,,,,,1273.0,1273.0,,,0.0,,,0.0
2025-10-17 21:00:00,,,,,,,1273.0,1273.0,,,0.0,,,0.0
2025-10-17 22:00:00,,,,,,,1273.0,1273.0,,,0.0,,,0.0
2025-10-17 23:00:00,,,,,,,1273.0,1273.0,,,0.0,,,0.0
2025-10-18 00:00:00,,,,,,,1273.0,1273.0,,,0.0,,,0.0
2025-10-18 01:00:00,,,,,,,1273.0,1273.0,,,0.0,,,0.0
2025-10-18 02:00:00,,,,,,,1273.0,1273.0,,,0.0,,,0.0
2025-10-18 03:00:00,,,,,,,1273.0,1273.0,,,0.0,,,0.0
2025-10-18 04:00:00,,,,,,,1273.0,1273.0,,,0.0,,,0.0
2025-10-18 05:00:00,,,,,,,1273.0,1273.0,,,0.0,,,0.0
2025-10-18 06:00:00,,,,,,,1529.0,1529.0,,,0.0,,,0.0
2025-10-18 07:00:00,,,,,,,1533.0,1533.0,,,0.0,,,0.0
2025-10-18 08:00:00,,,,,,,249.0,249.0,,,0.0,,,0.0
2025-10-18 09:00:00,,,,,,,249.0,248.0,0.0594,0.0,1.0,1.0761,0.0,1.0
2025-10-18 10:00:00,,,,,,,505.0,504.0,0.4764,0.44039997,2.0,0.9469999,0.13419998,2.0
2025-10-18 11:00:00,,,,,,,509.0,509.0,,,0.0,,,0.0
2025-10-18 12:00:00,,,,,,,509.0,509.0,,,0.0,,,0.0
2025-10-18 13:00:00,,,,,,,509.0,509.0,,,0.0,,,0.0
2025-10-18 14:00:00,,,,,,,505.0,504.0,0.671,0.0,1.0,0.7247,0.0,1.0
2025-10-18 15:00:00,,,,,,,505.0,504.0,0.4464,0.0692,4.0,0.7463,0.043900013,4.0
2025-10-18 16:00:00,,,,,,,1529.0,1529.0,0.50339997,0.1284,5.0,1.0093,0.27569997,5.0
2025-10-18 17:00:00,,,,,,,1529.0,1529.0,,,0.0,,,0.0
2025-10-18 18:00:00,,,,,,,1529.0,1529.0,,,0.0,,,0.0
2025-10-18 19:00:00,,,,,,,1273.0,1273.0,,,0.0,,,0.0
2025-10-18 20:00:00,,,,,,,1529.0,1529.0,,,0.0,,,0.0
2025-10-18 21:00:00,,,,,,,1533.0,1533.0,,,0.0,,,0.0
2025-10-18 22:00:00,,,,,,,1273.0,1273.0,,,0.0,,,0.0
2025-10-18 23:00:00,,,,,,,1533.0,1533.0,,,0.0,,,0.0
2025-10-19 00:00:00,,,,,,,1273.0,1273.0,,,0.0,,,0.0
2025-10-19 01:00:00,,,,,,,1273.0,1273.0,,,0.0,,,0.0
2025-10-19 02:00:00,,,,,,,1273.0,1273.0,,,0.0,,,0.0
2025-10-19 03:00:00,,,,,,,1529.0,1529.0,,,0.0,,,0.0
2025-10-19 04:00:00,,,,,,,1529.0,1529.0,,,0.0,,,0.0
2025-10-19 05:00:00,,,,,,,1273.0,1273.0,,,0.0,,,0.0
2025-10-19 06:00:00,,,,,,,1533.0,1533.0,,,0.0,,,0.0
2025-10-19 07:00:00,,,,,,,1533.0,1533.0,,,0.0,,,0.0
2025-10-19 08:00:00,,,,,,,505.0,504.0,0.6374,0.5014,4.0,1.0582,0.074,4.0
2025-10-19 09:00:00,,,,,,,509.0,509.0,,,0.0,,,0.0
2025-10-19 10:00:00,,,,,,,509.0,509.0,0.9956,0.32819998,2.0,1.2742,0.19080001,2.0
2025-10-19 11:00:00,,,,,,,509.0,509.0,,,0.0,,,0.0
2025-10-19 12:00:00,,,,,,,509.0,509.0,,,0.0,,,0.0
2025-10-19 13:00:00,,,,,,,509.0,509.0,0.8656,0.018,2.0,1.1636,0.061399996,2.0
2025-10-19 14:00:00,,,,,,,509.0,509.0,,,0.0,,,0.0
2025-10-19 15:00:00,,,,,,,509.0,509.0,,,0.0,,,0.0
2025-10-19 16:00:00,,,,,,,1533.0,1533.0,,,0.0,,,0.0
2025-10-19 17:00:00,,,,,,,1533.0,1533.0,,,0.0,,,0.0
2025-10-19 18:00:00,,,,,,,1533.0,1533.0,,,0.0,,,0.0
2025-10-19 19:00:00,,,,,,,1533.0,1533.0,,,0.0,,,0.0
2025-10-19 20:00:00,,,,,,,1533.0,1533.0,,,0.0,,,0.0
2025-10-19 21:00:00,,,,,,,1533.0,1533.0,,,0.0,,,0.0
2025-10-19 22:00:00,,,,,,,1529.0,1529.0,,,0.0,,,0.0
2025-10-19 23:00:00,,,,,,,1529.0,1529.0,,,0.0,,,0.0
2025-10-20 00:00:00,,,,,,,1533.0,1533.0,,,0.0,,,0.0
2025-10-20 01:00:00,,,,,,,1273.0,1273.0,,,0.0,,,0.0
2025-10-20 02:00:00,,,,,,,1273.0,1273.0,,,0.0,,,0.0
2025-10-20 03:00:00,,,,,,,1273.0,1273.0,,,0.0,,,0.0
2025-10-20 04:00:00,,,,,,,1273.0,1273.0,,,0.0,,,0.0
2025-10-20 05:00:00,,,,,,,1529.0,1529.0,,,0.0,,,0.0
2025-10-20 06:00:00,,,,,,,1273.0,1273.0,,,0.0,,,0.0
2025-10-20 07:00:00,,,,,,,1533.0,1533.0,,,0.0,,,0.0
2025-10-20 08:00:00,,,,,,,509.0,509.0,0.1934,0.0,1.0,1.2017,0.0,1.0
2025-10-20 09:00:00,,,,,,,505.0,504.0,0.124,0.0,1.0,1.1424999,0.0,1.0
2025-10-20 10:00:00,,,,,,,509.0,509.0,0.0264,0.0286,4.0,1.1926999,0.009000003,4.0
2025-10-20 11:00:00,,,,,,,509.0,509.0,,,0.0,,,0.0
2025-10-20 12:00:00,,,,,,,2553.0,2552.0,1.0238,0.0,1.0,1.1660999,0.0,1.0
2025-10-20 13:00:00,,,,,,,509.0,509.0,,,0.0,,,0.0
2025-10-20 14:00:00,,,,,,,509.0,509.0,,,0.0,,,0.0
2025-10-20 15:00:00,,,,,,,509.0,509.0,,,0.0,,,0.0
2025-10-20 16:00:00,,,,,,,1533.0,1533.0,0.191,0.0,1.0,1.0058,0.0,1.0
2025-10-20 17:00:00,,,,,,,1529.0,1529.0,,,0.0,,,0.0
2025-10-20 18:00:00,,,,,,,1273.0,1273.0,,,0.0,,,0.0
2025-10-20 19:00:00,,,,,,,1273.0,1273.0,,,0.0,,,0.0
2025-10-20 20:00:00,,,,,,,1273.0,1273.0,,,0.0,,,0.0
2025-10-20 21:00:00,,,,,,,1273.0,1273.0,,,0.0,,,0.0
2025-10-20 22:00:00,,,,,,,1273.0,1273.0,,,0.0,,,0.0
2025-10-20 23:00:00,,,,,,,1273.0,1273.0,,,0.0,,,0.0
2025-10-21 00:00:00,,,,,,,1273.0,1273.0,,,0.0,,,0.0
2025-10-21 01:00:00,,,,,,,1273.0,1273.0,,,0.0,,,0.0
2025-10-21 02:00:00,,,,,,,1273.0,1273.0,,,0.0,,,0.0
2025-10-21 03:00:00,,,,,,,1273.0,1273.0,,,0.0,,,0.0
2025-10-21 04:00:00,,,,,,,1273.0,1273.0,,,0.0,,,0.0
2025-10-21 05:00:00,,,,,,,1273.0,1273.0,,,0.0,,,0.0
2025-10-21 06:00:00,,,,,,,1529.0,1529.0,,,0.0,,,0.0
2025-10-21 07:00:00,,,,,,,1533.0,1533.0,,,0.0,,,0.0
2025-10-21 08:00:00,,,,,,,509.0,509.0,,,0.0,,,0.0
2025-10-21 09:00:00,,,,,,,509.0,509.0,,,0.0,,,0.0
2025-10-21 10:00:00,,,,,,,509.0,509.0,,,0.0,,,0.0
2025-10-21 11:00:00,,,,,,,509.0,509.0,,,0.0,,,0.0
2025-10-21 12:00:00,,,,,,,509.0,509.0,,,0.0,,,0.0
2025-10-21 13:00:00,,,,,,,509.0,509.0,,,0.0,,,0.0
2025-10-21 14:00:00,,,,,,,509.0,509.0,,,0.0,,,0.0
2025-10-21 15:00:00,,,,,,,509.0,509.0,,,0.0,,,0.0
2025-10-21 16:00:00,,,,,,,1533.0,1533.0,,,0.0,,,0.0
2025-10-21 17:00:00,,,,,,,1529.0,1529.0,,,0.0,,,0.0
2025-10-21 18:00:00,,,,,,,1273.0,1273.0,,,0.0,,,0.0
2025-10-21 19:00:00,,,,,,,1533.0,1533.0,,,0.0,,,0.0
2025-10-21 20:00:00,,,,,,,1533.0,1533.0,,,0.0,,,0.0
2025-10-21 21:00:00,,,,,,,1533.0,1533.0,,,0.0,,,0.0
2025-10-21 22:00:00,,,,,,,1533.0,1533.0,,,0.0,,,0.0
2025-10-21 23:00:00,,,,,,,1533.0,1533.0,,,0.0,,,0.0
2025-10-22 00:00:00,,,,,,,1529.0,1529.0,,,0.0,,,0.0
2025-10-22 01:00:00,,,,,,,1273.0,1273.0,,,0.0,,,0.0
2025-10-22 02:00:00,,,,,,,1533.0,1533.0,,,0.0,,,0.0
2025-10-22 03:00:00,,,,,,,1533.0,1533.0,,,0.0,,,0.0
2025-10-22 04:00:00,,,,,,,1529.0,1529.0,,,0.0,,,0.0
2025-10-22 05:00:00,,,,,,,1533.0,1533.0,,,0.0,,,0.0
2025-10-22 06:00:00,,,,,,,1533.0,1533.0,,,0.0,,,0.0
2025-10-22 07:00:00,,,,,,,1533.0,1533.0,,,0.0,,,0.0
2025-10-22 08:00:00,,,,,,,509.0,509.0,,,0.0,,,0.0
2025-10-22 09:00:00,,,,,,,509.0,509.0,,,0.0,,,0.0
2025-10-22 10:00:00,,,,,,,509.0,509.0,,,0.0,,,0.0
2025-10-22 11:00:00,,,,,,,509.0,509.0,,,0.0,,,0.0
2025-10-22 12:00:00,,,,,,,509.0,509.0,,,0.0,,,0.0
2025-10-22 13:00:00,,,,,,,509.0,509.0,,,0.0,,,0.0
2025-10-22 14:00:00,,,,,,,509.0,509.0,,,0.0,,,0.0
2025-10-22 15:00:00,,,,,,,509.0,509.0,,,0.0,,,0.0
2025-10-22 16:00:00,,,,,,,1533.0,1533.0,,,0.0,,,0.0
2025-10-22 17:00:00,,,,,,,1533.0,1533.0,,,0.0,,,0.0
2025-10-22 18:00:00,,,,,,,1533.0,1533.0,,,0.0,,,0.0
2025-10-22 19:00:00,,,,,,,1529.0,1529.0,,,0.0,,,0.0
2025-10-22 20:00:00,,,,,,,1533.0,1533.0,,,0.0,,,0.0
2025-10-22 21:00:00,,,,,,,1529.0,1529.0,,,0.0,,,0.0
2025-10-22 22:00:00,,,,,,,1529.0,1529.0,,,0.0,,,0.0
2025-10-22 23:00:00,,,,,,,1529.0,1529.0,,,0.0,,,0.0
2025-10-23 00:00:00,,,,,,,1533.0,1533.0,,,0.0,,,0.0
2025-10-23 01:00:00,,,,,,,1533.0,1533.0,,,0.0,,,0.0
2025-10-23 02:00:00,,,,,,,1529.0,1529.0,,,0.0,,,0.0
2025-10-23 03:00:00,,,,,,,1533.0,1533.0,,,0.0,,,0.0
2025-10-23 04:00:00,,,,,,,1529.0,1529.0,,,0.0,,,0.0
2025-10-23 05:00:00,,,,,,,1529.0,1529.0,,,0.0,,,0.0
2025-10-23 06:00:00,,,,,,,1529.0,1529.0,,,0.0,,,0.0
2025-10-23 07:00:00,,,,,,,1533.0,1533.0,,,0.0,,,0.0
2025-10-23 08:00:00,,,,,,,509.0,509.0,,,0.0,,,0.0
2025-10-23 09:00:00,,,,,,,509.0,509.0,,,0.0,,,0.0
2025-10-23 10:00:00,,,,,,,509.0,509.0,,,0.0,,,0.0
2025-10-23 11:00:00,,,,,,,509.0,509.0,,,0.0,,,0.0
2025-10-23 12:00:00,,,,,,,509.0,509.0,,,0.0,,,0.0
2025-10-23 13:00:00,,,,,,,509.0,509.0,,,0.0,,,0.0
2025-10-23 14:00:00,,,,,,,509.0,509.0,,,0.0,,,0.0
2025-10-23 15:00:00,,,,,,,509.0,509.0,,,0.0,,,0.0
2025-10-23 16:00:00,,,,,,,1533.0,1533.0,,,0.0,,,0.0
2025-10-23 17:00:00,,,,,,,1529.0,1529.0,,,0.0,,,0.0
2025-10-23 18:00:00,,,,,,,1533.0,1533.0,,,0.0,,,0.0
2025-10-23 19:00:00,,,,,,,1529.0,1529.0,,,0.0,,,0.0
2025-10-23 20:00:00,,,,,,,1533.0,1533.0,,,0.0,,,0.0
2025-10-23 21:00:00,,,,,,,1529.0,1529.0,,,0.0,,,0.0
2025-10-23 22:00:00,,,,,,,1533.0,1533.0,,,0.0,,,0.0
2025-10-23 23:00:00,,,,,,,1529.0,1529.0,,,0.0,,,0.0
2025-10-24 00:00:00,,,,,,,1529.0,1529.0,,,0.0,,,0.0
2025-10-24 01:00:00,,,,,,,1529.0,1529.0,,,0.0,,,0.0
2025-10-24 02:00:00,,,,,,,1273.0,1273.0,,,0.0,,,0.0
2025-10-24 03:00:00,,,,,,,1533.0,1533.0,,,0.0,,,0.0
2025-10-24 04:00:00,,,,,,,1273.0,1273.0,,,0.0,,,0.0
2025-10-24 05:00:00,,,,,,,1273.0,1273.0,,,0.0,,,0.0
2025-10-24 06:00:00,,,,,,,1533.0,1533.0,,,0.0,,,0.0
2025-10-24 07:00:00,,,,,,,1533.0,1533.0,,,0.0,,,0.0
2025-10-24 08:00:00,,,,,,,509.0,509.0,,,0.0,,,0.0
2025-10-24 09:00:00,,,,,,,509.0,509.0,,,0.0,,,0.0
2025-10-24 10:00:00,,,,,,,509.0,509.0,,,0.0,,,0.0
2025-10-24 11:00:00,,,,,,,509.0,509.0,,,0.0,,,0.0
2025-10-24 12:00:00,,,,,,,509.0,509.0,,,0.0,,,0.0
2025-10-24 13:00:00,,,,,,,509.0,509.0,,,0.0,,,0.0
2025-10-24 14:00:00,,,,,,,509.0,509.0,,,0.0,,,0.0
2025-10-24 15:00:00,,,,,,,509.0,509.0,,,0.0,,,0.0
2025-10-24 16:00:00,,,,,,,1533.0,1533.0,,,0.0,,,0.0
2025-10-24 17:00:00,,,,,,,1533.0,1533.0,,,0.0,,,0.0
2025-10-24 18:00:00,,,,,,,1533.0,1533.0,,,0.0,,,0.0
2025-10-24 19:00:00,,,,,,,1529.0,1529.0,,,0.0,,,0.0
2025-10-24 20:00:00,,,,,,,1533.0,1533.0,,,0.0,,,0.0
2025-10-24 21:00:00,,,,,,,1529.0,1529.0,,,0.0,,,0.0
2025-10-24 22:00:00,,,,,,,1273.0,1273.0,,,0.0,,,0.0
2025-10-24 23:00:00,,,,,,,1529.0,1529.0,,,0.0,,,0.0
2025-10-25 00:00:00,,,,,,,1529.0,1529.0,,,0.0,,,0.0
2025-10-25 01:00:00,,,,,,,1273.0,1273.0,,,0.0,,,0.0
2025-10-25 02:00:00,,,,,,,1529.0,1529.0,,,0.0,,,0.0
2025-10-25 03:00:00,,,,,,,1273.0,1273.0,,,0.0,,,0.0
2025-10-25 04:00:00,,,,,,,1273.0,1273.0,,,0.0,,,0.0
2025-10-25 05:00:00,,,,,,,1273.0,1273.0,,,0.0,,,0.0
2025-10-25 06:00:00,,,,,,,1273.0,1273.0,,,0.0,,,0.0
2025-10-25 07:00:00,,,,,,,1533.0,1533.0,,,0.0,,,0.0
2025-10-25 08:00:00,,,,,,,509.0,509.0,,,0.0,,,0.0
2025-10-25 09:00:00,,,,,,,509.0,509.0,,,0.0,,,0.0
2025-10-25 10:00:00,,,,,,,509.0,509.0,,,0.0,,,0.0
2025-10-25 11:00:00,,,,,,,509.0,509.0,,,0.0,,,0.0
2025-10-25 12:00:00,,,,,,,509.0,509.0,,,0.0,,,0.0
2025-10-25 13:00:00,,,,,,,509.0,509.0,,,0.0,,,0.0
2025-10-25 14:00:00,,,,,,,509.0,509.0,,,0.0,,,0.0
2025-10-25 15:00:00,,,,,,,509.0,509.0,,,0.0,,,0.0
2025-10-25 16:00:00,,,,,,,1533.0,1533.0,,,0.0,,,0.0
2025-10-25 17:00:00,,,,,,,1273.0,1273.0,,,0.0,,,0.0
2025-10-25 18:00:00,,,,,,,1273.0,1273.0,,,0.0,,,0.0
2025-10-25 19:00:00,,,,,,,1529.0,1529.0,,,0.0,,,0.0
2025-10-25 20:00:00,,,,,,,1273.0,1273.0,,,0.0,,,0.0
2025-10-25 21:00:00,,,,,,,1529.0,1529.0,,,0.0,,,0.0
2025-10-25 22:00:00,,,,,,,1529.0,1529.0,,,0.0,,,0.0
2025-10-25 23:00:00,,,,,,,1529.0,1529.0,,,0.0,,,0.0
2025-10-26 00:00:00,,,,,,,1529.0,1529.0,,,0.0,,,0.0
2025-10-26 01:00:00,,,,,,,1273.0,1273.0,,,0.0,,,0.0
2025-10-26 02:00:00,,,,,,,1529.0,1529.0,,,0.0,,,0.0
2025-10-26 03:00:00,,,,,,,1529.0,1529.0,,,0.0,,,0.0
2025-10-26 04:00:00,,,,,,,1533.0,1533.0,,,0.0,,,0.0
2025-10-26 05:00:00,,,,,,,1533.0,1533.0,,,0.0,,,0.0
2025-10-26 06:00:00,,,,,,,1529.0,1529.0,,,0.0,,,0.0
2025-10-26 07:00:00,,,,,,,1533.0,1533.0,,,0.0,,,0.0
2025-10-26 08:00:00,,,,,,,505.0,504.0,0.74399996,0.3376,3.0,1.0637,0.11579996,3.0
2025-10-26 09:00:00,,,,,,,509.0,509.0,,,0.0,,,0.0
2025-10-26 10:00:00,,,,,,,505.0,504.0,0.4964,0.0,1.0,1.1435,0.0,1.0
2025-10-26 11:00:00,,,,,,,509.0,509.0,0.5032,0.0,1.0,1.1559,0.0,1.0
2025-10-26 12:00:00,,,,,,,2297.0,2296.0,1.4632,0.598,4.0,0.86309993,0.2134,4.0
2025-10-26 13:00:00,,,,,,,505.0,505.0,0.5722,0.066199996,4.0,1.2217,0.034799993,4.0
2025-10-26 14:00:00,,,,,,,509.0,509.0,,,0.0,,,0.0
2025-10-26 15:00:00,,,,,,,509.0,509.0,,,0.0,,,0.0
2025-10-26 16:00:00,,,,,,,1533.0,1533.0,,,0.0,,,0.0
2025-10-26 17:00:00,,,,,,,1533.0,1533.0,,,0.0,,,0.0
2025-10-26 18:00:00,,,,,,,1533.0,1533.0,,,0.0,,,0.0
2025-10-26 19:00:00,,,,,,,1529.0,1529.0,,,0.0,,,0.0
2025-10-26 20:00:00,,,,,,,1533.0,1533.0,,,0.0,,,0.0
2025-10-26 21:00:00,,,,,,,1533.0,1533.0,,,0.0,,,0.0
2025-10-26 22:00:00,,,,,,,1273.0,1273.0,,,0.0,,,0.0
2025-10-26 23:00:00,,,,,,,1273.0,1273.0,,,0.0,,,0.0
2025-10-27 00:00:00,,,,,,,1273.0,1273.0,,,0.0,,,0.0
2025-10-27 01:00:00,,,,,,,1273.0,1273.0,,,0.0,,,0.0
2025-10-27 02:00:00,,,,,,,1273.0,1273.0,,,0.0,,,0.0
2025-10-27 03:00:00,,,,,,,1533.0,1533.0,,,0.0,,,0.0
2025-10-27 04:00:00,,,,,,,1529.0,1529.0,,,0.0,,,0.0
2025-10-27 05:00:00,,,,,,,1529.0,1529.0,,,0.0,,,0.0
2025-10-27 06:00:00,,,,,,,1273.0,1273.0,,,0.0,,,0.0
2025-10-27 07:00:00,,,,,,,1533.0,1533.0,,,0.0,,,0.0
2025-10-27 08:00:00,,,,,,,509.0,509.0,,,0.0,,,0.0
2025-10-27 09:00:00,,,,,,,505.0,504.0,2.1134,0.0,1.0,0.2827,0.0,1.0
2025-10-27 10:00:00,,,,,,,509.0,509.0,2.1094,0.0,1.0,0.3876,0.0,1.0
2025-10-27 11:00:00,,,,,,,509.0,509.0,,,0.0,,,0.0
2025-10-27 12:00:00,,,,,,,509.0,509.0,,,0.0,,,0.0
2025-10-27 13:00:00,,,,,,,509.0,509.0,0.9012,0.0,1.0,1.1201999,0.0,1.0
2025-10-27 14:00:00,,,,,,,509.0,509.0,,,0.0,,,0.0
2025-10-27 15:00:00,,,,,,,509.0,509.0,1.7736,0.0,1.0,0.17680001,0.0,1.0
2025-10-27 16:00:00,,,,,,,1533.0,1533.0,,,0.0,,,0.0
2025-10-27 17:00:00,,,,,,,1529.0,1529.0,,,0.0,,,0.0
2025-10-27 18:00:00,,,,,,,1273.0,1273.0,,,0.0,,,0.0
2025-10-27 19:00:00,,,,,,,1273.0,1273.0,,,0.0,,,0.0
2025-10-27 20:00:00,,,,,,,1273.0,1273.0,,,0.0,,,0.0
2025-10-27 21:00:00,,,,,,,1533.0,1533.0,,,0.0,,,0.0
2025-10-27 22:00:00,,,,,,,1529.0,1529.0,,,0.0,,,0.0
2025-10-27 23:00:00,,,,,,,1529.0,1529.0,,,0.0,,,0.0
2025-10-28 00:00:00,,,,,,,1529.0,1529.0,,,0.0,,,0.0
2025-10-28 01:00:00,,,,,,,1533.0,1533.0,,,0.0,,,0.0
2025-10-28 02:00:00,,,,,,,1273.0,1273.0,,,0.0,,,0.0
2025-10-28 03:00:00,,,,,,,1273.0,1273.0,,,0.0,,,0.0
2025-10-28 04:00:00,,,,,,,1273.0,1273.0,,,0.0,,,0.0
2025-10-28 05:00:00,,,,,,,1273.0,1273.0,,,0.0,,,0.0
2025-10-28 06:00:00,,,,,,,1273.0,1273.0,,,0.0,,,0.0
2025-10-28 07:00:00,,,,,,,1533.0,1533.0,,,0.0,,,0.0
2025-10-28 08:00:00,,,,,,,509.0,509.0,,,0.0,,,0.0
2025-10-28 09:00:00,,,,,,,509.0,509.0,,,0.0,,,0.0
2025-10-28 10:00:00,,,,,,,509.0,509.0,,,0.0,,,0.0
2025-10-28 11:00:00,,,,,,,505.0,504.0,1.8745999,0.7662,2.0,0.5713999,0.3603,2.0
2025-10-28 12:00:00,,,,,,,509.0,509.0,,,0.0,,,0.0
2025-10-28 13:00:00,,,,,,,509.0,509.0,,,0.0,,,0.0
2025-10-28 14:00:00,,,,,,,509.0,509.0,,,0.0,,,0.0
2025-10-28 15:00:00,,,,,,,249.0,248.0,0.322,0.092599995,5.0,0.94879997,0.16999996,5.0
2025-10-28 16:00:00,,,,,,,1529.0,1529.0,0.428,0.049599998,4.0,0.5704,0.025399983,4.0
2025-10-28 17:00:00,,,,,,,1529.0,1529.0,,,0.0,,,0.0
2025-10-28 18:00:00,,,,,,,1273.0,1273.0,,,0.0,,,0.0
2025-10-28 19:00:00,,,,,,,1533.0,1533.0,,,0.0,,,0.0
2025-10-28 20:00:00,,,,,,,1533.0,1533.0,,,0.0,,,0.0
2025-10-28 21:00:00,,,,,,,1273.0,1273.0,,,0.0,,,0.0
2025-10-28 22:00:00,,,,,,,1273.0,1273.0,,,0.0,,,0.0
2025-10-28 23:00:00,,,,,,,1273.0,1273.0,,,0.0,,,0.0
2025-10-29 00:00:00,,,,,,,1533.0,1533.0,,,0.0,,,0.0
2025-10-29 01:00:00,,,,,,,1533.0,1533.0,,,0.0,,,0.0
2025-10-29 02:00:00,,,,,,,1273.0,1273.0,,,0.0,,,0.0
2025-10-29 03:00:00,,,,,,,1533.0,1533.0,,,0.0,,,0.0
2025-10-29 04:00:00,,,,,,,1533.0,1533.0,,,0.0,,,0.0
2025-10-29 05:00:00,,,,,,,1529.0,1529.0,,,0.0,,,0.0
2025-10-29 06:00:00,,,,,,,1529.0,1529.0,,,0.0,,,0.0
2025-10-29 07:00:00,,,,,,,1533.0,1533.0,,,0.0,,,0.0
2025-10-29 08:00:00,,,,,,,509.0,509.0,,,0.0,,,0.0
2025-10-29 09:00:00,,,,,,,509.0,509.0,,,0.0,,,0.0
2025-10-29 10:00:00,,,,,,,509.0,509.0,,,0.0,,,0.0
2025-10-29 11:00:00,,,,,,,509.0,509.0,,,0.0,,,0.0
2025-10-29 12:00:00,,,,,,,509.0,509.0,,,0.0,,,0.0
2025-10-29 13:00:00,,,,,,,509.0,509.0,,,0.0,,,0.0
2025-10-29 14:00:00,,,,,,,509.0,509.0,,,0.0,,,0.0
2025-10-29 15:00:00,,,,,,,509.0,509.0,,,0.0,,,0.0
2025-10-29 16:00:00,,,,,,,1533.0,1533.0,,,0.0,,,0.0
2025-10-29 17:00:00,,,,,,,1533.0,1533.0,,,0.0,,,0.0
2025-10-29 18:00:00,,,,,,,1273.0,1273.0,,,0.0,,,0.0
2025-10-29 19:00:00,,,,,,,1273.0,1273.0,,,0.0,,,0.0
2025-10-29 20:00:00,,,,,,,1273.0,1273.0,,,0.0,,,0.0
2025-10-29 21:00:00,,,,,,,1273.0,1273.0,,,0.0,,,0.0
2025-10-29 22:00:00,,,,,,,1529.0,1529.0,,,0.0,,,0.0
2025-10-29 23:00:00,,,,,,,1533.0,1533.0,,,0.0,,,0.0
2025-10-30 00:00:00,,,,,,,1529.0,1529.0,,,0.0,,,0.0
2025-10-30 01:00:00,,,,,,,1529.0,1529.0,,,0.0,,,0.0
2025-10-30 02:00:00,,,,,,,1529.0,1529.0,,,0.0,,,0.0
2025-10-30 03:00:00,,,,,,,1273.0,1273.0,,,0.0,,,0.0
2025-10-30 04:00:00,,,,,,,1529.0,1529.0,,,0.0,,,0.0
2025-10-30 05:00:00,,,,,,,1273.0,1273.0,,,0.0,,,0.0
2025-10-30 06:00:00,,,,,,,1529.0,1529.0,,,0.0,,,0.0
2025-10-30 07:00:00,,,,,,,1533.0,1533.0,,,0.0,,,0.0
2025-10-30 08:00:00,,,,,,,509.0,509.0,,,0.0,,,0.0
2025-10-30 09:00:00,,,,,,,509.0,509.0,,,0.0,,,0.0
2025-10-30 10:00:00,,,,,,,509.0,509.0,,,0.0,,,0.0
2025-10-30 11:00:00,,,,,,,509.0,509.0,,,0.0,,,0.0
2025-10-30 12:00:00,,,,,,,509.0,509.0,,,0.0,,,0.0
2025-10-30 13:00:00,,,,,,,509.0,509.0,,,0.0,,,0.0
2025-10-30 14:00:00,,,,,,,509.0,509.0,,,0.0,,,0.0
2025-10-30 15:00:00,,,,,,,509.0,509.0,,,0.0,,,0.0
2025-10-30 16:00:00,,,,,,,1533.0,1533.0,,,0.0,,,0.0
2025-10-30 17:00:00,,,,,,,1533.0,1533.0,,,0.0,,,0.0
2025-10-30 18:00:00,,,,,,,1533.0,1533.0,,,0.0,,,0.0
2025-10-30 19:00:00,,,,,,,1533.0,1533.0,,,0.0,,,0.0
2025-10-30 20:00:00,,,,,,,1529.0,1529.0,,,0.0,,,0.0
2025-10-30 21:00:00,,,,,,,1533.0,1533.0,,,0.0,,,0.0
2025-10-30 22:00:00,,,,,,,1529.0,1529.0,,,0.0,,,0.0
2025-10-30 23:00:00,,,,,,,1533.0,1533.0,,,0.0,,,0.0
2025-10-31 00:00:00,,,,,,,1533.0,1533.0,,,0.0,,,0.0
2025-10-31 01:00:00,,,,,,,1529.0,1529.0,,,0.0,,,0.0
2025-10-31 02:00:00,,,,,,,1533.0,1533.0,,,0.0,,,0.0
2025-10-31 03:00:00,,,,,,,1533.0,1533.0,,,0.0,,,0.0
2025-10-31 04:00:00,,,,,,,1529.0,1529.0,,,0.0,,,0.0
2025-10-31 05:00:00,,,,,,,1533.0,1533.0,,,0.0,,,0.0
2025-10-31 06:00:00,,,,,,,1273.0,1273.0,,,0.0,,,0.0
2025-10-31 07:00:00,,,,,,,1533.0,1533.0,,,0.0,,,0.0
2025-10-31 08:00:00,,,,,,,509.0,509.0,,,0.0,,,0.0
2025-10-31 09:00:00,,,,,,,509.0,509.0,,,0.0,,,0.0
2025-10-31 10:00:00,,,,,,,509.0,509.0,,,0.0,,,0.0
2025-10-31 11:00:00,,,,,,,509.0,509.0,,,0.0,,,0.0
2025-10-31 12:00:00,,,,,,,509.0,509.0,,,0.0,,,0.0
2025-10-31 13:00:00,,,,,,,509.0,509.0,,,0.0,,,0.0
2025-10-31 14:00:00,,,,,,,509.0,509.0,,,0.0,,,0.0
2025-10-31 15:00:00,,,,,,,509.0,509.0,,,0.0,,,0.0
2025-10-31 16:00:00,,,,,,,1533.0,1533.0,,,0.0,,,0.0
2025-10-31 17:00:00,,,,,,,1529.0,1529.0,,,0.0,,,0.0
2025-10-31 18:00:00,,,,,,,1529.0,1529.0,,,0.0,,,0.0
2025-10-31 19:00:00,,,,,,,1533.0,1533.0,,,0.0,,,0.0
2025-10-31 20:00:00,,,,,,,1529.0,1529.0,,,0.0,,,0.0
2025-10-31 21:00:00,,,,,,,1533.0,1533.0,,,0.0,,,0.0
2025-10-31 22:00:00,,,,,,,1533.0,1533.0,,,0.0,,,0.0
2025-10-31 23:00:00,,,,,,,1273.0,1273.0,,,0.0,,,0.0
2025-11-01 00:00:00,,,,,,,1273.0,1273.0,,,0.0,,,0.0
2025-11-01 01:00:00,,,,,,,1273.0,1273.0,,,0.0,,,0.0
2025-11-01 02:00:00,,,,,,,1529.0,1529.0,,,0.0,,,0.0
2025-11-01 03:00:00,,,,,,,1529.0,1529.0,,,0.0,,,0.0
2025-11-01 04:00:00,,,,,,,1529.0,1529.0,,,0.0,,,0.0
2025-11-01 05:00:00,,,,,,,1533.0,1533.0,,,0.0,,,0.0
2025-11-01 06:00:00,,,,,,,1529.0,1529.0,,,0.0,,,0.0
2025-11-01 07:00:00,,,,,,,1533.0,1533.0,,,0.0,,,0.0
2025-11-01 08:00:00,,,,,,,509.0,509.0,,,0.0,,,0.0
2025-11-01 09:00:00,,,,,,,509.0,509.0,,,0.0,,,0.0
2025-11-01 10:00:00,,,,,,,509.0,509.0,,,0.0,,,0.0
2025-11-01 11:00:00,,,,,,,509.0,509.0,,,0.0,,,0.0
2025-11-01 12:00:00,,,,,,,509.0,509.0,,,0.0,,,0.0
2025-11-01 13:00:00,,,,,,,509.0,509.0,,,0.0,,,0.0
2025-11-01 14:00:00,,,,,,,509.0,509.0,,,0.0,,,0.0
2025-11-01 15:00:00,,,,,,,509.0,509.0,,,0.0,,,0.0
2025-11-01 16:00:00,,,,,,,1533.0,1533.0,,,0.0,,,0.0
2025-11-01 17:00:00,,,,,,,1533.0,1533.0,,,0.0,,,0.0
2025-11-01 18:00:00,,,,,,,1529.0,1529.0,,,0.0,,,0.0
2025-11-01 19:00:00,,,,,,,1533.0,1533.0,,,0.0,,,0.0
2025-11-01 20:00:00,,,,,,,1533.0,1533.0,,,0.0,,,0.0
2025-11-01 21:00:00,,,,,,,1529.0,1529.0,,,0.0,,,0.0
2025-11-01 22:00:00,,,,,,,1529.0,1529.0,,,0.0,,,0.0
2025-11-01 23:00:00,,,,,,,1533.0,1533.0,,,0.0,,,0.0
2025-11-02 00:00:00,,,,,,,1529.0,1529.0,,,0.0,,,0.0
2025-11-02 01:00:00,,,,,,,1533.0,1533.0,,,0.0,,,0.0
2025-11-02 02:00:00,,,,,,,1529.0,1529.0,,,0.0,,,0.0
2025-11-02 03:00:00,,,,,,,1533.0,1533.0,,,0.0,,,0.0
2025-11-02 04:00:00,,,,,,,1273.0,1273.0,,,0.0,,,0.0
2025-11-02 05:00:00,,,,,,,1529.0,1529.0,,,0.0,,,0.0
2025-11-02 06:00:00,,,,,,,1533.0,1533.0,,,0.0,,,0.0
2025-11-02 07:00:00,,,,,,,1533.0,1533.0,,,0.0,,,0.0
2025-11-02 08:00:00,,,,,,,509.0,509.0,,,0.0,,,0.0
2025-11-02 09:00:00,,,,,,,509.0,509.0,,,0.0,,,0.0
2025-11-02 10:00:00,,,,,,,509.0,509.0,,,0.0,,,0.0
2025-11-02 11:00:00,,,,,,,509.0,509.0,,,0.0,,,0.0
2025-11-02 12:00:00,,,,,,,509.0,509.0,,,0.0,,,0.0
2025-11-02 13:00:00,,,,,,,509.0,509.0,,,0.0,,,0.0
2025-11-02 14:00:00,,,,,,,509.0,509.0,,,0.0,,,0.0
2025-11-02 15:00:00,,,,,,,509.0,509.0,,,0.0,,,0.0
2025-11-02 16:00:00,,,,,,,1533.0,1533.0,,,0.0,,,0.0
2025-11-02 17:00:00,,,,,,,1529.0,1529.0,,,0.0,,,0.0
2025-11-02 18:00:00,,,,,,,1533.0,1533.0,,,0.0,,,0.0
2025-11-02 19:00:00,,,,,,,1273.0,1273.0,,,0.0,,,0.0
2025-11-02 20:00:00,,,,,,,1273.0,1273.0,,,0.0,,,0.0
2025-11-02 21:00:00,,,,,,,1273.0,1273.0,,,0.0,,,0.0
2025-11-02 22:00:00,,,,,,,1273.0,1273.0,,,0.0,,,0.0
2025-11-02 23:00:00,,,,,,,1273.0,1273.0,,,0.0,,,0.0
2025-11-03 00:00:00,,,,,,,1533.0,1533.0,,,0.0,,,0.0
2025-11-03 01:00:00,,,,,,,1529.0,1529.0,,,0.0,,,0.0
2025-11-03 02:00:00,,,,,,,1529.0,1529.0,,,0.0,,,0.0
2025-11-03 03:00:00,,,,,,,1529.0,1529.0,,,0.0,,,0.0
2025-11-03 04:00:00,,,,,,,1529.0,1529.0,,,0.0,,,0.0
2025-11-03 05:00:00,,,,,,,1533.0,1533.0,,,0.0,,,0.0
2025-11-03 06:00:00,,,,,,,1533.0,1533.0,,,0.0,,,0.0
2025-11-03 07:00:00,,,,,,,1533.0,1533.0,,,0.0,,,0.0
2025-11-03 08:00:00,,,,,,,509.0,509.0,,,0.0,,,0.0
2025-11-03 09:00:00,,,,,,,509.0,509.0,,,0.0,,,0.0
2025-11-03 10:00:00,,,,,,,509.0,509.0,,,0.0,,,0.0
2025-11-03 11:00:00,,,,,,,509.0,509.0,,,0.0,,,0.0
2025-11-03 12:00:00,,,,,,,509.0,509.0,,,0.0,,,0.0
2025-11-03 13:00:00,,,,,,,509.0,509.0,,,0.0,,,0.0
2025-11-03 14:00:00,,,,,,,509.0,509.0,,,0.0,,,0.0
2025-11-03 15:00:00,,,,,,,509.0,509.0,,,0.0,,,0.0
2025-11-03 16:00:00,,,,,,,1533.0,1533.0,,,0.0,,,0.0
2025-11-03 17:00:00,,,,,,,1533.0,1533.0,,,0.0,,,0.0
2025-11-03 18:00:00,,,,,,,1533.0,1533.0,,,0.0,,,0.0
2025-11-03 19:00:00,,,,,,,1529.0,1529.0,,,0.0,,,0.0
2025-11-03 20:00:00,,,,,,,1529.0,1529.0,,,0.0,,,0.0
2025-11-03 21:00:00,,,,,,,1533.0,1533.0,,,0.0,,,0.0
2025-11-03 22:00:00,,,,,,,1533.0,1533.0,,,0.0,,,0.0
2025-11-03 23:00:00,,,,,,,1533.0,1533.0,,,0.0,,,0.0
2025-11-04 00:00:00,,,,,,,1533.0,1533.0,,,0.0,,,0.0
2025-11-04 01:00:00,,,,,,,1529.0,1529.0,,,0.0,,,0.0
2025-11-04 02:00:00,,,,,,,1533.0,1533.0,,,0.0,,,0.0
2025-11-04 03:00:00,,,,,,,1529.0,1529.0,,,0.0,,,0.0
2025-11-04 04:00:00,,,,,,,1533.0,1533.0,,,0.0,,,0.0
2025-11-04 05:00:00,,,,,,,1529.0,1529.0,,,0.0,,,0.0
2025-11-04 06:00:00,,,,,,,1533.0,1533.0,,,0.0,,,0.0
2025-11-04 07:00:00,,,,,,,1533.0,1533.0,,,0.0,,,0.0
2025-11-04 08:00:00,,,,,,,509.0,509.0,,,0.0,,,0.0
2025-11-04 09:00:00,,,,,,,509.0,509.0,,,0.0,,,0.0
2025-11-04 10:00:00,,,,,,,509.0,509.0,,,0.0,,,0.0
2025-11-04 11:00:00,,,,,,,509.0,509.0,,,0.0,,,0.0
2025-11-04 12:00:00,,,,,,,509.0,509.0,,,0.0,,,0.0
2025-11-04 13:00:00,,,,,,,509.0,509.0,,,0.0,,,0.0
2025-11-04 14:00:00,,,,,,,509.0,509.0,,,0.0,,,0.0
2025-11-04 15:00:00,,,,,,,509.0,509.0,,,0.0,,,0.0
2025-11-04 16:00:00,,,,,,,1533.0,1533.0,,,0.0,,,0.0
2025-11-04 17:00:00,,,,,,,1529.0,1529.0,,,0.0,,,0.0
2025-11-04 18:00:00,,,,,,,1533.0,1533.0,,,0.0,,,0.0
2025-11-04 19:00:00,,,,,,,1533.0,1533.0,,,0.0,,,0.0
2025-11-04 20:00:00,,,,,,,1273.0,1273.0,,,0.0,,,0.0
2025-11-04 21:00:00,,,,,,,1529.0,1529.0,,,0.0,,,0.0
2025-11-04 22:00:00,,,,,,,1533.0,1533.0,,,0.0,,,0.0
2025-11-04 23:00:00,,,,,,,1529.0,1529.0,,,0.0,,,0.0
2025-11-05 00:00:00,,,,,,,1273.0,1273.0,,,0.0,,,0.0
2025-11-05 01:00:00,,,,,,,1273.0,1273.0,,,0.0,,,0.0
2025-11-05 02:00:00,,,,,,,1273.0,1273.0,,,0.0,,,0.0
2025-11-05 03:00:00,,,,,,,1529.0,1529.0,,,0.0,,,0.0
2025-11-05 04:00:00,,,,,,,1533.0,1533.0,,,0.0,,,0.0
2025-11-05 05:00:00,,,,,,,1529.0,1529.0,,,0.0,,,0.0
2025-11-05 06:00:00,,,,,,,1533.0,1533.0,,,0.0,,,0.0
2025-11-05 07:00:00,,,,,,,1533.0,1533.0,,,0.0,,,0.0
2025-11-05 08:00:00,,,,,,,509.0,509.0,,,0.0,,,0.0
2025-11-05 09:00:00,,,,,,,509.0,509.0,,,0.0,,,0.0
2025-11-05 10:00:00,,,,,,,509.0,509.0,,,0.0,,,0.0
2025-11-05 11:00:00,,,,,,,509.0,509.0,,,0.0,,,0.0
2025-11-05 12:00:00,,,,,,,509.0,509.0,,,0.0,,,0.0
2025-11-05 13:00:00,,,,,,,505.0,505.0,,,0.0,,,0.0
2025-11-05 14:00:00,,,,,,,509.0,509.0,,,0.0,,,0.0
2025-11-05 15:00:00,,,,,,,509.0,509.0,,,0.0,,,0.0
2025-11-05 16:00:00,,,,,,,1533.0,1533.0,,,0.0,,,0.0
2025-11-05 17:00:00,,,,,,,1273.0,1273.0,,,0.0,,,0.0
2025-11-05 18:00:00,,,,,,,1273.0,1273.0,,,0.0,,,0.0
2025-11-05 19:00:00,,,,,,,1273.0,1273.0,,,0.0,,,0.0
2025-11-05 20:00:00,,,,,,,1273.0,1273.0,,,0.0,,,0.0
2025-11-05 21:00:00,,,,,,,1533.0,1533.0,,,0.0,,,0.0
2025-11-05 22:00:00,,,,,,,1273.0,1273.0,,,0.0,,,0.0
2025-11-05 23:00:00,,,,,,,1273.0,1273.0,,,0.0,,,0.0
2025-11-06 00:00:00,,,,,,,1273.0,1273.0,,,0.0,,,0.0
2025-11-06 01:00:00,,,,,,,1273.0,1273.0,,,0.0,,,0.0
2025-11-06 02:00:00,,,,,,,1529.0,1529.0,,,0.0,,,0.0
2025-11-06 03:00:00,,,,,,,1529.0,1529.0,,,0.0,,,0.0
2025-11-06 04:00:00,,,,,,,1273.0,1273.0,,,0.0,,,0.0
2025-11-06 05:00:00,,,,,,,1529.0,1529.0,,,0.0,,,0.0
2025-11-06 06:00:00,,,,,,,1273.0,1273.0,,,0.0,,,0.0
2025-11-06 07:00:00,,,,,,,1533.0,1533.0,,,0.0,,,0.0
2025-11-06 08:00:00,,,,,,,509.0,509.0,,,0.0,,,0.0
2025-11-06 09:00:00,,,,,,,509.0,509.0,1.607,0.0,1.0,0.9986999,0.0,1.0
2025-11-06 10:00:00,,,,,,,509.0,509.0,,,0.0,,,0.0
2025-11-06 11:00:00,,,,,,,509.0,509.0,,,0.0,,,0.0
2025-11-06 12:00:00,,,,,,,509.0,509.0,,,0.0,,,0.0
2025-11-06 13:00:00,,,,,,,509.0,509.0,,,0.0,,,0.0
2025-11-06 14:00:00,,,,,,,509.0,509.0,,,0.0,,,0.0
2025-11-06 15:00:00,,,,,,,509.0,509.0,,,0.0,,,0.0
2025-11-06 16:00:00,,,,,,,1533.0,1533.0,,,0.0,,,0.0
2025-11-06 17:00:00,,,,,,,1273.0,1273.0,,,0.0,,,0.0
2025-11-06 18:00:00,,,,,,,1273.0,1273.0,,,0.0,,,0.0
2025-11-06 19:00:00,,,,,,,1273.0,1273.0,,,0.0,,,0.0
2025-11-06 20:00:00,,,,,,,1273.0,1273.0,,,0.0,,,0.0
2025-11-06 21:00:00,,,,,,,1273.0,1273.0,,,0.0,,,0.0
2025-11-06 22:00:00,,,,,,,1273.0,1273.0,,,0.0,,,0.0
2025-11-06 23:00:00,,,,,,,1273.0,1273.0,,,0.0,,,0.0
2025-11-07 00:00:00,,,,,,,1273.0,1273.0,,,0.0,,,0.0
2025-11-07 01:00:00,,,,,,,1529.0,1529.0,,,0.0,,,0.0
2025-11-07 02:00:00,,,,,,,1273.0,1273.0,,,0.0,,,0.0
2025-11-07 03:00:00,,,,,,,1533.0,1533.0,,,0.0,,,0.0
2025-11-07 04:00:00,,,,,,,1529.0,1529.0,,,0.0,,,0.0
2025-11-07 05:00:00,,,,,,,1529.0,1529.0,,,0.0,,,0.0
2025-11-07 06:00:00,,,,,,,1533.0,1533.0,,,0.0,,,0.0
2025-11-07 07:00:00,,,,,,,1533.0,1533.0,,,0.0,,,0.0
2025-11-07 08:00:00,,,,,,,509.0,509.0,,,0.0,,,0.0
2025-11-07 09:00:00,,,,,,,509.0,509.0,,,0.0,,,0.0
2025-11-07 10:00:00,,,,,,,509.0,509.0,,,0.0,,,0.0
2025-11-07 11:00:00,,,,,,,509.0,509.0,,,0.0,,,0.0
2025-11-07 12:00:00,,,,,,,509.0,509.0,,,0.0,,,0.0
2025-11-07 13:00:00,,,,,,,509.0,509.0,,,0.0,,,0.0
2025-11-07 14:00:00,,,,,,,509.0,509.0,,,0.0,,,0.0
2025-11-07 15:00:00,,,,,,,509.0,509.0,,,0.0,,,0.0
2025-11-07 16:00:00,,,,,,,1533.0,1533.0,,,0.0,,,0.0
2025-11-07 17:00:00,,,,,,,1533.0,1533.0,,,0.0,,,0.0
2025-11-07 18:00:00,,,,,,,1273.0,1273.0,,,0.0,,,0.0
2025-11-07 19:00:00,,,,,,,1273.0,1273.0,,,0.0,,,0.0
2025-11-07 20:00:00,,,,,,,1529.0,1529.0,,,0.0,,,0.0
2025-11-07 21:00:00,,,,,,,1533.0,1533.0,,,0.0,,,0.0
2025-11-07 22:00:00,,,,,,,1533.0,1533.0,,,0.0,,,0.0
2025-11-07 23:00:00,,,,,,,1533.0,1533.0,,,0.0,,,0.0
2025-11-08 00:00:00,,,,,,,1533.0,1533.0,,,0.0,,,0.0
2025-11-08 01:00:00,,,,,,,1273.0,1273.0,,,0.0,,,0.0
2025-11-08 02:00:00,,,,,,,1273.0,1273.0,,,0.0,,,0.0
2025-11-08 03:00:00,,,,,,,1533.0,1533.0,,,0.0,,,0.0
2025-11-08 04:00:00,,,,,,,1529.0,1529.0,,,0.0,,,0.0
2025-11-08 05:00:00,,,,,,,1533.0,1533.0,,,0.0,,,0.0
2025-11-08 06:00:00,,,,,,,1529.0,1529.0,,,0.0,,,0.0
2025-11-08 07:00:00,,,,,,,1533.0,1533.0,,,0.0,,,0.0
2025-11-08 08:00:00,,,,,,,509.0,509.0,,,0.0,,,0.0
2025-11-08 09:00:00,,,,,,,509.0,509.0,,,0.0,,,0.0
2025-11-08 10:00:00,,,,,,,509.0,509.0,,,0.0,,,0.0
2025-11-08 11:00:00,,,,,,,509.0,509.0,,,0.0,,,0.0
2025-11-08 12:00:00,,,,,,,509.0,509.0,,,0.0,,,0.0
2025-11-08 13:00:00,,,,,,,509.0,509.0,,,0.0,,,0.0
2025-11-08 14:00:00,,,,,,,509.0,509.0,,,0.0,,,0.0
2025-11-08 15:00:00,,,,,,,509.0,509.0,,,0.0,,,0.0
2025-11-08 16:00:00,,,,,,,1533.0,1533.0,,,0.0,,,0.0
2025-11-08 17:00:00,,,,,,,1533.0,1533.0,,,0.0,,,0.0
2025-11-08 18:00:00,,,,,,,1533.0,1533.0,,,0.0,,,0.0
2025-11-08 19:00:00,,,,,,,1529.0,1529.0,,,0.0,,,0.0
2025-11-08 20:00:00,,,,,,,1529.0,1529.0,,,0.0,,,0.0
2025-11-08 21:00:00,,,,,,,1273.0,1273.0,,,0.0,,,0.0
2025-11-08 22:00:00,,,,,,,1529.0,1529.0,,,0.0,,,0.0
2025-11-08 23:00:00,,,,,,,1529.0,1529.0,,,0.0,,,0.0
2025-11-09 00:00:00,,,,,,,1533.0,1533.0,,,0.0,,,0.0
2025-11-09 01:00:00,,,,,,,1533.0,1533.0,,,0.0,,,0.0
2025-11-09 02:00:00,,,,,,,1533.0,1533.0,,,0.0,,,0.0
2025-11-09 03:00:00,,,,,,,1529.0,1529.0,,,0.0,,,0.0
2025-11-09 04:00:00,,,,,,,1529.0,1529.0,,,0.0,,,0.0
2025-11-09 05:00:00,,,,,,,1533.0,1533.0,,,0.0,,,0.0
2025-11-09 06:00:00,,,,,,,1533.0,1533.0,,,0.0,,,0.0
2025-11-09 07:00:00,,,,,,,1533.0,1533.0,,,0.0,,,0.0
2025-11-09 08:00:00,,,,,,,509.0,509.0,,,0.0,,,0.0
2025-11-09 09:00:00,,,,,,,509.0,509.0,,,0.0,,,0.0
2025-11-09 10:00:00,,,,,,,509.0,509.0,,,0.0,,,0.0
2025-11-09 11:00:00,,,,,,,509.0,509.0,,,0.0,,,0.0
2025-11-09 12:00:00,,,,,,,509.0,509.0,,,0.0,,,0.0
2025-11-09 13:00:00,,,,,,,509.0,509.0,,,0.0,,,0.0
2025-11-09 14:00:00,,,,,,,509.0,509.0,,,0.0,,,0.0
2025-11-09 15:00:00,,,,,,,509.0,509.0,,,0.0,,,0.0
2025-11-09 16:00:00,,,,,,,1533.0,1533.0,,,0.0,,,0.0
2025-11-09 17:00:00,,,,,,,1533.0,1533.0,,,0.0,,,0.0
2025-11-09 18:00:00,,,,,,,1529.0,1529.0,,,0.0,,,0.0
2025-11-09 19:00:00,,,,,,,1533.0,1533.0,,,0.0,,,0.0
2025-11-09 20:00:00,,,,,,,1529.0,1529.0,,,0.0,,,0.0
2025-11-09 21:00:00,,,,,,,1529.0,1529.0,,,0.0,,,0.0
2025-11-09 22:00:00,,,,,,,1273.0,1273.0,,,0.0,,,0.0
2025-11-09 23:00:00,,,,,,,1529.0,1529.0,,,0.0,,,0.0
2025-11-10 00:00:00,,,,,,,1273.0,1273.0,,,0.0,,,0.0
2025-11-10 01:00:00,,,,,,,1273.0,1273.0,,,0.0,,,0.0
2025-11-10 02:00:00,,,,,,,1273.0,1273.0,,,0.0,,,0.0
2025-11-10 03:00:00,,,,,,,1273.0,1273.0,,,0.0,,,0.0
2025-11-10 04:00:00,,,,,,,1533.0,1533.0,,,0.0,,,0.0
2025-11-10 05:00:00,,,,,,,1529.0,1529.0,,,0.0,,,0.0
2025-11-10 06:00:00,,,,,,,1529.0,1529.0,,,0.0,,,0.0
2025-11-10 07:00:00,,,,,,,1533.0,1533.0,,,0.0,,,0.0
2025-11-10 08:00:00,,,,,,,509.0,509.0,,,0.0,,,0.0
2025-11-10 09:00:00,,,,,,,509.0,509.0,,,0.0,,,0.0
2025-11-10 10:00:00,,,,,,,509.0,509.0,,,0.0,,,0.0
2025-11-10 11:00:00,,,,,,,509.0,509.0,,,0.0,,,0.0
2025-11-10 12:00:00,,,,,,,509.0,509.0,,,0.0,,,0.0
2025-11-10 13:00:00,,,,,,,509.0,509.0,,,0.0,,,0.0
2025-11-10 14:00:00,,,,,,,509.0,509.0,,,0.0,,,0.0
2025-11-10 15:00:00,,,,,,,509.0,509.0,,,0.0,,,0.0
2025-11-10 16:00:00,,,,,,,1533.0,1533.0,,,0.0,,,0.0
2025-11-10 17:00:00,,,,,,,1533.0,1533.0,,,0.0,,,0.0
2025-11-10 18:00:00,,,,,,,1529.0,1529.0,,,0.0,,,0.0
2025-11-10 19:00:00,,,,,,,1533.0,1533.0,,,0.0,,,0.0
2025-11-10 20:00:00,,,,,,,1533.0,1533.0,,,0.0,,,0.0
2025-11-10 21:00:00,,,,,,,1533.0,1533.0,,,0.0,,,0.0
2025-11-10 22:00:00,,,,,,,1529.0,1529.0,,,0.0,,,0.0
2025-11-10 23:00:00,,,,,,,1533.0,1533.0,,,0.0,,,0.0
2025-11-11 00:00:00,,,,,,,1273.0,1273.0,,,0.0,,,0.0
2025-11-11 01:00:00,,,,,,,1529.0,1529.0,,,0.0,,,0.0
2025-11-11 02:00:00,,,,,,,1533.0,1533.0,,,0.0,,,0.0
2025-11-11 03:00:00,,,,,,,1529.0,1529.0,,,0.0,,,0.0
2025-11-11 04:00:00,,,,,,,1273.0,1273.0,,,0.0,,,0.0
2025-11-11 05:00:00,,,,,,,1273.0,1273.0,,,0.0,,,0.0
2025-11-11 06:00:00,,,,,,,1529.0,1529.0,,,0.0,,,0.0
2025-11-11 07:00:00,,,,,,,1533.0,1533.0,,,0.0,,,0.0
2025-11-11 08:00:00,,,,,,,509.0,509.0,,,0.0,,,0.0
2025-11-11 09:00:00,,,,,,,509.0,509.0,,,0.0,,,0.0
2025-11-11 10:00:00,,,,,,,509.0,509.0,,,0.0,,,0.0
2025-11-11 11:00:00,,,,,,,509.0,509.0,,,0.0,,,0.0
2025-11-11 12:00:00,,,,,,,509.0,509.0,,,0.0,,,0.0
2025-11-11 13:00:00,,,,,,,509.0,509.0,,,0.0,,,0.0
2025-11-11 14:00:00,,,,,,,509.0,509.0,,,0.0,,,0.0
2025-11-11 15:00:00,,,,,,,509.0,509.0,,,0.0,,,0.0
2025-11-11 16:00:00,,,,,,,1533.0,1533.0,,,0.0,,,0.0
2025-11-11 17:00:00,,,,,,,1273.0,1273.0,,,0.0,,,0.0
2025-11-11 18:00:00,,,,,,,1533.0,1533.0,,,0.0,,,0.0
2025-11-11 19:00:00,,,,,,,1533.0,1533.0,,,0.0,,,0.0
2025-11-11 20:00:00,,,,,,,1533.0,1533.0,,,0.0,,,0.0
2025-11-11 21:00:00,,,,,,,1533.0,1533.0,,,0.0,,,0.0
2025-11-11 22:00:00,,,,,,,1533.0,1533.0,,,0.0,,,0.0
2025-11-11 23:00:00,,,,,,,1529.0,1529.0,,,0.0,,,0.0
2025-11-12 00:00:00,,,,,,,1273.0,1273.0,,,0.0,,,0.0
2025-11-12 01:00:00,,,,,,,1273.0,1273.0,,,0.0,,,0.0
2025-11-12 02:00:00,,,,,,,1529.0,1529.0,,,0.0,,,0.0
2025-11-12 03:00:00,,,,,,,1533.0,1533.0,,,0.0,,,0.0
2025-11-12 04:00:00,,,,,,,1273.0,1273.0,,,0.0,,,0.0
2025-11-12 05:00:00,,,,,,,1533.0,1533.0,,,0.0,,,0.0
2025-11-12 06:00:00,,,,,,,1533.0,1533.0,,,0.0,,,0.0
2025-11-12 07:00:00,,,,,,,1533.0,1533.0,,,0.0,,,0.0
2025-11-12 08:00:00,,,,,,,509.0,509.0,,,0.0,,,0.0
2025-11-12 09:00:00,,,,,,,509.0,509.0,2.9243999,0.0,1.0,0.12400001,0.0,1.0
2025-11-12 10:00:00,,,,,,,509.0,509.0,,,0.0,,,0.0
2025-11-12 11:00:00,,,,,,,509.0,509.0,0.7888,0.0,1.0,1.0057,0.0,1.0
2025-11-12 12:00:00,,,,,,,2297.0,2296.0,0.16579999,0.16219999,2.0,1.1249,0.0011999607,2.0
2025-11-12 13:00:00,,,,,,,249.0,249.0,0.26659998,0.0218,5.0,1.1272999,0.00059998035,5.0
2025-11-12 14:00:00,,,,,,,505.0,505.0,,,0.0,,,0.0
2025-11-12 15:00:00,,,,,,,505.0,505.0,,,0.0,,,0.0
2025-11-12 16:00:00,,,,,,,1273.0,1273.0,,,0.0,,,0.0
2025-11-12 17:00:00,,,,,,,1273.0,1273.0,,,0.0,,,0.0
2025-11-12 18:00:00,,,,,,,1529.0,1529.0,,,0.0,,,0.0
2025-11-12 19:00:00,,,,,,,1273.0,1273.0,,,0.0,,,0.0
2025-11-12 20:00:00,,,,,,,1273.0,1273.0,,,0.0,,,0.0
2025-11-12 21:00:00,,,,,,,1273.0,1273.0,,,0.0,,,0.0
2025-11-12 22:00:00,,,,,,,1533.0,1533.0,,,0.0,,,0.0
2025-11-12 23:00:00,,,,,,,1273.0,1273.0,,,0.0,,,0.0
2025-11-13 00:00:00,,,,,,,1533.0,1533.0,,,0.0,,,0.0
2025-11-13 01:00:00,,,,,,,1273.0,1273.0,,,0.0,,,0.0
2025-11-13 02:00:00,,,,,,,1273.0,1273.0,,,0.0,,,0.0
2025-11-13 03:00:00,,,,,,,1273.0,1273.0,,,0.0,,,0.0
2025-11-13 04:00:00,,,,,,,1529.0,1529.0,,,0.0,,,0.0
2025-11-13 05:00:00,,,,,,,1529.0,1529.0,,,0.0,,,0.0
2025-11-13 06:00:00,,,,,,,1533.0,1533.0,,,0.0,,,0.0
2025-11-13 07:00:00,,,,,,,1533.0,1533.0,,,0.0,,,0.0
2025-11-13 08:00:00,,,,,,,509.0,509.0,0.0534,0.0,1.0,1.1337,0.0,1.0
2025-11-13 09:00:00,,,,,,,509.0,509.0,,,0.0,,,0.0
2025-11-13 10:00:00,,,,,,,2553.0,2552.0,0.031799998,0.0142,3.0,1.1552,0.0031999946,3.0
2025-11-13 11:00:00,,,,,,,2297.0,2296.0,0.0036,0.0,1.0,1.1725999,0.0,1.0
2025-11-13 12:00:00,,,,,,,2297.0,2296.0,0.0554,0.088599995,5.0,1.1718999,0.012899995,5.0
2025-11-13 13:00:00,,,,,,,249.0,249.0,0.2082,0.0112,5.0,1.1975,0.000100016594,5.0
2025-11-13 14:00:00,,,,,,,505.0,505.0,,,0.0,,,0.0
2025-11-13 15:00:00,,,,,,,249.0,249.0,,,0.0,,,0.0
2025-11-13 16:00:00,,,,,,,1273.0,1273.0,,,0.0,,,0.0
2025-11-13 17:00:00,,,,,,,1273.0,1273.0,,,0.0,,,0.0
2025-11-13 18:00:00,,,,,,,1273.0,1273.0,,,0.0,,,0.0
2025-11-13 19:00:00,,,,,,,1273.0,1273.0,,,0.0,,,0.0
2025-11-13 20:00:00,,,,,,,1273.0,1273.0,,,0.0,,,0.0
2025-11-13 21:00:00,,,,,,,1273.0,1273.0,,,0.0,,,0.0
2025-11-13 22:00:00,,,,,,,1273.0,1273.0,,,0.0,,,0.0
2025-11-13 23:00:00,,,,,,,1273.0,1273.0,,,0.0,,,0.0
2025-11-14 00:00:00,,,,,,,1273.0,1273.0,,,0.0,,,0.0
2025-11-14 01:00:00,,,,,,,1273.0,1273.0,,,0.0,,,0.0
2025-11-14 02:00:00,,,,,,,1273.0,1273.0,,,0.0,,,0.0
2025-11-14 03:00:00,,,,,,,1273.0,1273.0,,,0.0,,,0.0
2025-11-14 04:00:00,,,,,,,1529.0,1529.0,,,0.0,,,0.0
2025-11-14 05:00:00,,,,,,,1273.0,1273.0,,,0.0,,,0.0
2025-11-14 06:00:00,,,,,,,1273.0,1273.0,,,0.0,,,0.0
2025-11-14 07:00:00,,,,,,,1273.0,1273.0,,,0.0,,,0.0
2025-11-14 08:00:00,,,,,,,509.0,509.0,,,0.0,,,0.0
2025-11-14 09:00:00,,,,,,,249.0,248.0,0.0986,0.0,1.0,1.2371,0.0,1.0
2025-11-14 10:00:00,,,,,,,509.0,509.0,0.018199999,0.0134,5.0,1.2430999,0.0036999583,5.0
2025-11-14 11:00:00,,,,,,,2297.0,2296.0,0.036199998,0.033999998,2.0,1.2391,0.0038999915,2.0
2025-11-14 12:00:00,,,,,,,2297.0,2296.0,0.046,0.072,6.0,1.2433,0.0069000125,5.0
2025-11-14 13:00:00,,,,,,,249.0,249.0,0.1858,0.0088,5.0,1.2461,0.0016999841,5.0
2025-11-14 14:00:00,,,,,,,249.0,249.0,,,0.0,,,0.0
2025-11-14 15:00:00,,,,,,,249.0,249.0,,,0.0,,,0.0
2025-11-14 16:00:00,,,,,,,1273.0,1273.0,,,0.0,,,0.0
2025-11-14 17:00:00,,,,,,,1273.0,1273.0,,,0.0,,,0.0
2025-11-14 18:00:00,,,,,,,1273.0,1273.0,,,0.0,,,0.0
2025-11-14 19:00:00,,,,,,,1273.0,1273.0,,,0.0,,,0.0
2025-11-14 20:00:00,,,,,,,1273.0,1273.0,,,0.0,,,0.0
2025-11-14 21:00:00,,,,,,,1273.0,1273.0,,,0.0,,,0.0
2025-11-14 22:00:00,,,,,,,1273.0,1273.0,,,0.0,,,0.0
2025-11-14 23:00:00,,,,,,,1273.0,1273.0,,,0.0,,,0.0
2025-11-15 00:00:00,,,,,,,1273.0,1273.0,,,0.0,,,0.0
2025-11-15 01:00:00,,,,,,,1273.0,1273.0,,,0.0,,,0.0
2025-11-15 02:00:00,,,,,,,1273.0,1273.0,,,0.0,,,0.0
2025-11-15 03:00:00,,,,,,,1273.0,1273.0,,,0.0,,,0.0
2025-11-15 04:00:00,,,,,,,1273.0,1273.0,,,0.0,,,0.0
2025-11-15 05:00:00,,,,,,,1273.0,1273.0,,,0.0,,,0.0
2025-11-15 06:00:00,,,,,,,1273.0,1273.0,,,0.0,,,0.0
2025-11-15 07:00:00,,,,,,,1273.0,1273.0,,,0.0,,,0.0
2025-11-15 08:00:00,,,,,,,509.0,509.0,0.0104,0.0,1.0,1.2348,0.0,1.0
2025-11-15 09:00:00,0.083,,,,,,193.0,248.0,0.106,0.0,1.0,1.2318,0.0,1.0
2025-11-15 10:00:00,0.063599996,,,,,,2241.0,2296.0,0.0394,0.0144,6.0,1.2274,0.01910001,6.0
2025-11-15 11:00:00,,,,,,,2297.0,2296.0,0.1384,0.0,1.0,1.2268,0.0,1.0
2025-11-15 12:00:00,,,,,,,2297.0,2296.0,0.1074,0.0704,6.0,1.2283,0.00080001354,6.0
2025-11-15 13:00:00,,,,,,,249.0,249.0,0.22899999,0.015999999,5.0,1.2265999,0.00069999695,5.0
2025-11-15 14:00:00,,,,,,,249.0,249.0,,,0.0,,,0.0
2025-11-15 15:00:00,,,,,,,249.0,249.0,,,0.0,,,0.0
2025-11-15 16:00:00,,,,,,,1273.0,1273.0,,,0.0,,,0.0
2025-11-15 17:00:00,,,,,,,1273.0,1273.0,,,0.0,,,0.0
2025-11-15 18:00:00,,,,,,,1273.0,1273.0,,,0.0,,,0.0
2025-11-15 19:00:00,,,,,,,1273.0,1273.0,,,0.0,,,0.0
2025-11-15 20:00:00,,,,,,,1273.0,1273.0,,,0.0,,,0.0
2025-11-15 21:00:00,,,,,,,1529.0,1529.0,,,0.0,,,0.0
2025-11-15 22:00:00,,,,,,,1529.0,1529.0,,,0.0,,,0.0
2025-11-15 23:00:00,,,,,,,1533.0,1533.0,,,0.0,,,0.0
2025-11-16 00:00:00,,,,,,,1533.0,1533.0,,,0.0,,,0.0
2025-11-16 01:00:00,,,,,,,1533.0,1533.0,,,0.0,,,0.0
2025-11-16 02:00:00,,,,,,,1273.0,1273.0,,,0.0,,,0.0
2025-11-16 03:00:00,,,,,,,1273.0,1273.0,,,0.0,,,0.0
2025-11-16 04:00:00,,,,,,,1529.0,1529.0,,,0.0,,,0.0
2025-11-16 05:00:00,,,,,,,1533.0,1533.0,,,0.0,,,0.0
2025-11-16 06:00:00,,,,,,,1533.0,1533.0,,,0.0,,,0.0
2025-11-16 07:00:00,,,,,,,1533.0,1533.0,,,0.0,,,0.0
2025-11-16 08:00:00,,,,,,,509.0,509.0,,,0.0,,,0.0
2025-11-16 09:00:00,,,,,,,509.0,509.0,,,0.0,,,0.0
2025-11-16 10:00:00,,,,,,,509.0,509.0,,,0.0,,,0.0
2025-11-16 11:00:00,,,,,,,509.0,509.0,,,0.0,,,0.0
2025-11-16 12:00:00,,,,,,,509.0,509.0,,,0.0,,,0.0
2025-11-16 13:00:00,,,,,,,509.0,509.0,,,0.0,,,0.0
2025-11-16 14:00:00,,,,,,,505.0,505.0,,,0.0,,,0.0
2025-11-16 15:00:00,,,,,,,249.0,249.0,,,0.0,,,0.0
2025-11-16 16:00:00,,,,,,,1529.0,1529.0,,,0.0,,,0.0
2025-11-16 17:00:00,,,,,,,1533.0,1533.0,,,0.0,,,0.0
2025-11-16 18:00:00,,,,,,,1533.0,1533.0,,,0.0,,,0.0
2025-11-16 19:00:00,,,,,,,1533.0,1533.0,,,0.0,,,0.0
2025-11-16 20:00:00,,,,,,,1529.0,1529.0,,,0.0,,,0.0
2025-11-16 21:00:00,,,,,,,1533.0,1533.0,,,0.0,,,0.0
2025-11-16 22:00:00,,,,,,,1533.0,1533.0,,,0.0,,,0.0
2025-11-16 23:00:00,,,,,,,1529.0,1529.0,,,0.0,,,0.0
2025-11-17 00:00:00,,,,,,,1529.0,1529.0,,,0.0,,,0.0
2025-11-17 01:00:00,,,,,,,1533.0,1533.0,,,0.0,,,0.0
2025-11-17 02:00:00,,,,,,,1533.0,1533.0,,,0.0,,,0.0
2025-11-17 03:00:00,,,,,,,1533.0,1533.0,,,0.0,,,0.0
2025-11-17 04:00:00,,,,,,,1533.0,1533.0,,,0.0,,,0.0
2025-11-17 05:00:00,,,,,,,1529.0,1529.0,,,0.0,,,0.0
2025-11-17 06:00:00,,,,,,,1533.0,1533.0,,,0.0,,,0.0
2025-11-17 07:00:00,,,,,,,1533.0,1533.0,,,0.0,,,0.0
2025-11-17 08:00:00,,,,,,,509.0,509.0,,,0.0,,,0.0
2025-11-17 09:00:00,,,,,,,509.0,509.0,,,0.0,,,0.0
2025-11-17 10:00:00,,,,,,,509.0,509.0,,,0.0,,,0.0
2025-11-17 11:00:00,,,,,,,509.0,509.0,,,0.0,,,0.0
2025-11-17 12:00:00,,,,,,,509.0,509.0,,,0.0,,,0.0
2025-11-17 13:00:00,,,,,,,509.0,509.0,,,0.0,,,0.0
2025-11-17 14:00:00,,,,,,,509.0,509.0,,,0.0,,,0.0
2025-11-17 15:00:00,,,,,,,509.0,509.0,,,0.0,,,0.0
2025-11-17 16:00:00,,,,,,,1533.0,1533.0,,,0.0,,,0.0
2025-11-17 17:00:00,,,,,,,1529.0,1529.0,,,0.0,,,0.0
2025-11-17 18:00:00,,,,,,,1529.0,1529.0,,,0.0,,,0.0
2025-11-17 19:00:00,,,,,,,1533.0,1533.0,,,0.0,,,0.0
2025-11-17 20:00:00,,,,,,,1533.0,1533.0,,,0.0,,,0.0
2025-11-17 21:00:00,,,,,,,1533.0,1533.0,,,0.0,,,0.0
2025-11-17 22:00:00,,,,,,,1529.0,1529.0,,,0.0,,,0.0
2025-11-17 23:00:00,,,,,,,1533.0,1533.0,,,0.0,,,0.0
2025-11-18 00:00:00,,,,,,,1533.0,1533.0,,,0.0,,,0.0
2025-11-18 01:00:00,,,,,,,1533.0,1533.0,,,0.0,,,0.0
2025-11-18 02:00:00,,,,,,,1533.0,1533.0,,,0.0,,,0.0
2025-11-18 03:00:00,,,,,,,1533.0,1533.0,,,0.0,,,0.0
2025-11-18 04:00:00,,,,,,,1533.0,1533.0,,,0.0,,,0.0
2025-11-18 05:00:00,,,,,,,1533.0,1533.0,,,0.0,,,0.0
2025-11-18 06:00:00,,,,,,,1529.0,1529.0,,,0.0,,,0.0
2025-11-18 07:00:00,,,,,,,1533.0,1533.0,,,0.0,,,0.0
2025-11-18 08:00:00,,,,,,,509.0,509.0,,,0.0,,,0.0
2025-11-18 09:00:00,,,,,,,509.0,509.0,,,0.0,,,0.0
2025-11-18 10:00:00,,,,,,,509.0,509.0,,,0.0,,,0.0
2025-11-18 11:00:00,,,,,,,509.0,509.0,,,0.0,,,0.0
2025-11-18 12:00:00,,,,,,,509.0,509.0,,,0.0,,,0.0
2025-11-18 13:00:00,,,,,,,509.0,509.0,,,0.0,,,0.0
2025-11-18 14:00:00,,,,,,,509.0,509.0,,,0.0,,,0.0
2025-11-18 15:00:00,,,,,,,509.0,509.0,,,0.0,,,0.0
2025-11-18 16:00:00,,,,,,,1533.0,1533.0,,,0.0,,,0.0
2025-11-18 17:00:00,,,,,,,1533.0,1533.0,,,0.0,,,0.0
2025-11-18 18:00:00,,,,,,,1533.0,1533.0,,,0.0,,,0.0
2025-11-18 19:00:00,,,,,,,1529.0,1529.0,,,0.0,,,0.0
2025-11-18 20:00:00,,,,,,,1529.0,1529.0,,,0.0,,,0.0
2025-11-18 21:00:00,,,,,,,1533.0,1533.0,,,0.0,,,0.0
2025-11-18 22:00:00,,,,,,,1533.0,1533.0,,,0.0,,,0.0
2025-11-18 23:00:00,,,,,,,1533.0,1533.0,,,0.0,,,0.0
2025-11-19 00:00:00,,,,,,,1533.0,1533.0,,,0.0,,,0.0
2025-11-19 01:00:00,,,,,,,1533.0,1533.0,,,0.0,,,0.0
2025-11-19 02:00:00,,,,,,,1529.0,1529.0,,,0.0,,,0.0
2025-11-19 03:00:00,,,,,,,1533.0,1533.0,,,0.0,,,0.0
2025-11-19 04:00:00,,,,,,,1533.0,1533.0,,,0.0,,,0.0
2025-11-19 05:00:00,,,,,,,1533.0,1533.0,,,0.0,,,0.0
2025-11-19 06:00:00,,,,,,,1533.0,1533.0,,,0.0,,,0.0
2025-11-19 07:00:00,,,,,,,1533.0,1533.0,,,0.0,,,0.0
2025-11-19 08:00:00,,,,,,,509.0,509.0,,,0.0,,,0.0
2025-11-19 09:00:00,,,,,,,509.0,509.0,,,0.0,,,0.0
2025-11-19 10:00:00,,,,,,,509.0,509.0,,,0.0,,,0.0
2025-11-19 11:00:00,,,,,,,509.0,509.0,,,0.0,,,0.0
2025-11-19 12:00:00,,,,,,,509.0,509.0,,,0.0,,,0.0
2025-11-19 13:00:00,,,,,,,509.0,509.0,,,0.0,,,0.0
2025-11-19 14:00:00,,,,,,,509.0,509.0,,,0.0,,,0.0
2025-11-19 15:00:00,,,,,,,509.0,509.0,,,0.0,,,0.0
2025-11-19 16:00:00,,,,,,,1533.0,1533.0,,,0.0,,,0.0
2025-11-19 17:00:00,,,,,,,1533.0,1533.0,,,0.0,,,0.0
2025-11-19 18:00:00,,,,,,,1533.0,1533.0,,,0.0,,,0.0
2025-11-19 19:00:00,,,,,,,1533.0,1533.0,,,0.0,,,0.0
2025-11-19 20:00:00,,,,,,,1533.0,1533.0,,,0.0,,,0.0
2025-11-19 21:00:00,,,,,,,1533.0,1533.0,,,0.0,,,0.0
2025-11-19 22:00:00,,,,,,,1533.0,1533.0,,,0.0,,,0.0
2025-11-19 23:00:00,,,,,,,1533.0,1533.0,,,0.0,,,0.0
2025-11-20 00:00:00,,,,,,,1533.0,1533.0,,,0.0,,,0.0
2025-11-20 01:00:00,,,,,,,1529.0,1529.0,,,0.0,,,0.0
2025-11-20 02:00:00,,,,,,,1529.0,1529.0,,,0.0,,,0.0
2025-11-20 03:00:00,,,,,,,1273.0,1273.0,,,0.0,,,0.0
2025-11-20 04:00:00,,,,,,,1273.0,1273.0,,,0.0,,,0.0
2025-11-20 05:00:00,,,,,,,1273.0,1273.0,,,0.0,,,0.0
2025-11-20 06:00:00,,,,,,,1273.0,1273.0,,,0.0,,,0.0
2025-11-20 07:00:00,,,,,,,1533.0,1533.0,,,0.0,,,0.0
2025-11-20 08:00:00,,,,,,,509.0,509.0,,,0.0,,,0.0
2025-11-20 09:00:00,,,,,,,509.0,509.0,,,0.0,,,0.0
2025-11-20 10:00:00,,,,,,,509.0,509.0,,,0.0,,,0.0
2025-11-20 11:00:00,,,,,,,509.0,509.0,0.61,0.0234,2.0,1.1524,0.02520001,2.0
2025-11-20 12:00:00,,0.0752,,0.5829,,,248.0,192.0,0.046,0.047199998,6.0,1.2442,0.003799975,6.0
2025-11-20 13:00:00,,,,,,,509.0,509.0,0.030599998,0.0074,3.0,1.2394999,0.0027999878,3.0
2025-11-20 14:00:00,0.1226,0.0994,0.2929,0.2929,,,2240.0,2240.0,0.1408,0.034199998,5.0,1.2464,0.014400005,5.0
2025-11-20 15:00:00,0.103199996,,,,,,193.0,248.0,0.1322,0.018199999,6.0,1.2422999,0.038999975,6.0
2025-11-20 16:00:00,0.0818,,,,,,1217.0,1273.0,0.107,0.0112,3.0,1.2197,0.00069999695,3.0
2025-11-20 17:00:00,,,,,,,1273.0,1273.0,,,0.0,,,0.0
2025-11-20 18:00:00,,,,,,,1273.0,1273.0,,,0.0,,,0.0
2025-11-20 19:00:00,,,,,,,1273.0,1273.0,,,0.0,,,0.0
2025-11-20 20:00:00,,,,,,,1273.0,1273.0,,,0.0,,,0.0
2025-11-20 21:00:00,,,,,,,1533.0,1533.0,,,0.0,,,0.0
2025-11-20 22:00:00,,,,,,,1273.0,1273.0,,,0.0,,,0.0
2025-11-20 23:00:00,,,,,,,1273.0,1273.0,,,0.0,,,0.0
2025-11-21 00:00:00,,,,,,,1273.0,1273.0,,,0.0,,,0.0
2025-11-21 01:00:00,,,,,,,1273.0,1273.0,,,0.0,,,0.0
2025-11-21 02:00:00,,,,,,,1533.0,1533.0,,,0.0,,,0.0
2025-11-21 03:00:00,,,,,,,1533.0,1533.0,,,0.0,,,0.0
2025-11-21 04:00:00,,,,,,,1533.0,1533.0,,,0.0,,,0.0
2025-11-21 05:00:00,,,,,,,1529.0,1529.0,,,0.0,,,0.0
2025-11-21 06:00:00,,,,,,,1529.0,1529.0,,,0.0,,,0.0
2025-11-21 07:00:00,,,,,,,1533.0,1533.0,,,0.0,,,0.0
2025-11-21 08:00:00,,,,,,,509.0,509.0,,,0.0,,,0.0
2025-11-21 09:00:00,,,,,,,509.0,509.0,,,0.0,,,0.0
2025-11-21 10:00:00,,,,,,,509.0,509.0,,,0.0,,,0.0
2025-11-21 11:00:00,,,,,,,509.0,509.0,0.88979995,0.012999999,2.0,1.082,0.017700016,2.0
2025-11-21 12:00:00,,,,,,,249.0,248.0,0.1126,0.039,4.0,1.2651,0.004700005,4.0
2025-11-21 13:00:00,,,,,,,249.0,248.0,0.064399995,0.034399997,5.0,1.2677,0.009000003,5.0
2025-11-21 14:00:00,,,,,,,249.0,248.0,0.025999999,0.0112,6.0,1.2710999,0.0022999644,6.0
2025-11-21 15:00:00,0.0762,,,,,,193.0,248.0,0.0962,0.0174,6.0,1.3267,0.055000007,6.0
2025-11-21 16:00:00,0.0982,,,,,,1217.0,1273.0,0.0902,0.0098,3.0,1.2781,0.00089997053,3.0
2025-11-21 17:00:00,,,,,,,1273.0,1273.0,,,0.0,,,0.0
2025-11-21 18:00:00,,,,,,,1273.0,1273.0,,,0.0,,,0.0
2025-11-21 19:00:00,,,,,,,1529.0,1529.0,,,0.0,,,0.0
2025-11-21 20:00:00,,,,,,,1533.0,1533.0,,,0.0,,,0.0
2025-11-21 21:00:00,,,,,,,1533.0,1533.0,,,0.0,,,0.0
2025-11-21 22:00:00,,,,,,,1529.0,1529.0,,,0.0,,,0.0
2025-11-21 23:00:00,,,,,,,1533.0,1533.0,,,0.0,,,0.0
2025-11-22 00:00:00,,,,,,,1273.0,1273.0,,,0.0,,,0.0
2025-11-22 01:00:00,,,,,,,1273.0,1273.0,,,0.0,,,0.0
2025-11-22 02:00:00,,,,,,,1529.0,1529.0,,,0.0,,,0.0
2025-11-22 03:00:00,,,,,,,1529.0,1529.0,,,0.0,,,0.0
2025-11-22 04:00:00,,,,,,,1529.0,1529.0,,,0.0,,,0.0
2025-11-22 05:00:00,,,,,,,1529.0,1529.0,,,0.0,,,0.0
2025-11-22 06:00:00,,,,,,,1273.0,1273.0,,,0.0,,,0.0
2025-11-22 07:00:00,,,,,,,1529.0,1529.0,,,0.0,,,0.0
2025-11-22 08:00:00,,,,,,,509.0,509.0,,,0.0,,,0.0
2025-11-22 09:00:00,,,,,,,509.0,509.0,0.0982,0.0,1.0,1.3038,0.0,1.0
2025-11-22 10:00:00,,,,,,,509.0,509.0,,,0.0,,,0.0
2025-11-22 11:00:00,,,,,,,509.0,509.0,,,0.0,,,0.0
2025-11-22 12:00:00,,,,,,,505.0,505.0,,,0.0,,,0.0
2025-11-22 13:00:00,,,,,,,509.0,509.0,,,0.0,,,0.0
2025-11-22 14:00:00,,,,,,,509.0,509.0,,,0.0,,,0.0
2025-11-22 15:00:00,,,,,,,509.0,509.0,,,0.0,,,0.0
2025-11-22 16:00:00,,,,,,,1533.0,1533.0,,,0.0,,,0.0
2025-11-22 17:00:00,,,,,,,1273.0,1273.0,,,0.0,,,0.0
2025-11-22 18:00:00,,,,,,,1273.0,1273.0,,,0.0,,,0.0
2025-11-22 19:00:00,,,,,,,1273.0,1273.0,,,0.0,,,0.0
2025-11-22 20:00:00,,,,,,,1273.0,1273.0,,,0.0,,,0.0
2025-11-22 21:00:00,,,,,,,1273.0,1273.0,,,0.0,,,0.0
2025-11-22 22:00:00,,,,,,,1273.0,1273.0,,,0.0,,,0.0
2025-11-22 23:00:00,,,,,,,1273.0,1273.0,,,0.0,,,0.0
2025-11-23 00:00:00,,,,,,,1529.0,1529.0,,,0.0,,,0.0
2025-11-23 01:00:00,,,,,,,1529.0,1529.0,,,0.0,,,0.0
2025-11-23 02:00:00,,,,,,,1273.0,1273.0,,,0.0,,,0.0
2025-11-23 03:00:00,,,,,,,1273.0,1273.0,,,0.0,,,0.0
2025-11-23 04:00:00,,,,,,,1273.0,1273.0,,,0.0,,,0.0
2025-11-23 05:00:00,,,,,,,1529.0,1529.0,,,0.0,,,0.0
2025-11-23 06:00:00,,,,,,,1533.0,1533.0,,,0.0,,,0.0
2025-11-23 07:00:00,,,,,,,1533.0,1533.0,,,0.0,,,0.0
2025-11-23 08:00:00,,,,,,,509.0,509.0,,,0.0,,,0.0
2025-11-23 09:00:00,,,,,,,509.0,509.0,,,0.0,,,0.0
2025-11-23 10:00:00,,,,,,,249.0,248.0,0.234,0.1382,4.0,1.1057,0.050599992,4.0
2025-11-23 11:00:00,0.35639998,,,,,,193.0,248.0,0.359,0.0548,6.0,1.1216999,0.03819996,6.0
2025-11-23 12:00:00,0.39319998,0.42999998,0.49249998,0.4921,,1.0813999,192.0,0.0,0.3804,0.03,6.0,1.1234,0.021600008,6.0
2025-11-23 13:00:00,0.3988,0.4384,0.3816,0.3813,-0.14340001,1.1388999,0.0,0.0,0.44739997,0.0324,6.0,1.2256999,0.066900015,6.0
2025-11-23 14:00:00,0.37359998,0.3558,0.22039999,0.2201,,1.2615999,192.0,0.0,0.42339998,0.032199997,6.0,1.3018,0.1354,6.0
2025-11-23 15:00:00,0.31919998,,,,,,193.0,248.0,0.41239998,0.0298,6.0,1.2428,0.123600006,6.0
2025-11-23 16:00:00,0.2902,,,,,,1217.0,1273.0,0.3818,0.022799999,3.0,1.1168,0.0069000125,3.0
2025-11-23 17:00:00,,,,,,,1273.0,1273.0,,,0.0,,,0.0
2025-11-23 18:00:00,,,,,,,1273.0,1273.0,,,0.0,,,0.0
2025-11-23 19:00:00,,,,,,,1273.0,1273.0,,,0.0,,,0.0
2025-11-23 20:00:00,,,,,,,1273.0,1273.0,,,0.0,,,0.0
2025-11-23 21:00:00,,,,,,,1273.0,1273.0,,,0.0,,,0.0
2025-11-23 22:00:00,,,,,,,1273.0,1273.0,,,0.0,,,0.0
2025-11-23 23:00:00,,,,,,,1273.0,1273.0,,,0.0,,,0.0
2025-11-24 00:00:00,,,,,,,1273.0,1273.0,,,0.0,,,0.0
2025-11-24 01:00:00,,,,,,,1273.0,1273.0,,,0.0,,,0.0
2025-11-24 02:00:00,,,,,,,1273.0,1273.0,,,0.0,,,0.0
2025-11-24 03:00:00,,,,,,,1273.0,1273.0,,,0.0,,,0.0
2025-11-24 04:00:00,,,,,,,1273.0,1273.0,,,0.0,,,0.0
2025-11-24 05:00:00,,,,,,,1529.0,1529.0,,,0.0,,,0.0
2025-11-24 06:00:00,,,,,,,1273.0,1273.0,,,0.0,,,0.0
2025-11-24 07:00:00,,,,,,,1533.0,1533.0,,,0.0,,,0.0
2025-11-24 08:00:00,,,,,,,2297.0,2296.0,0.0104,0.0,1.0,1.1509999,0.0,1.0
2025-11-24 09:00:00,,,,,,,249.0,248.0,0.13499999,0.0326,6.0,1.1603999,0.0036000013,6.0
2025-11-24 10:00:00,0.2368,,,,,,193.0,248.0,0.1612,0.1236,6.0,1.1546999,0.020699978,6.0
2025-11-24 11:00:00,0.2866,,,,,,193.0,248.0,0.27019998,0.042,6.0,1.183,0.010999978,6.0
2025-11-24 12:00:00,,,,,,,249.0,248.0,0.24759999,0.0462,6.0,1.1901,0.010699987,6.0
2025-11-24 13:00:00,0.2482,0.2156,0.4328,0.4328,,,192.0,192.0,0.2618,0.0464,6.0,1.1922,0.014999986,6.0
2025-11-24 14:00:00,0.2112,0.1488,0.2688,0.2687,,,192.0,192.0,0.177,0.012999999,6.0,1.2214999,0.022399962,6.0
2025-11-24 15:00:00,0.1752,,,,,,193.0,248.0,0.1344,0.027999999,6.0,1.2515999,0.07789999,6.0
2025-11-24 16:00:00,0.1426,,,,,,1217.0,1273.0,0.111999996,0.0072,3.0,1.2357999,0.00029999018,3.0
2025-11-24 17:00:00,,,,,,,1273.0,1273.0,,,0.0,,,0.0
2025-11-24 18:00:00,,,,,,,1273.0,1273.0,,,0.0,,,0.0
2025-11-24 19:00:00,,,,,,,1273.0,1273.0,,,0.0,,,0.0
2025-11-24 20:00:00,,,,,,,1273.0,1273.0,,,0.0,,,0.0
2025-11-24 21:00:00,,,,,,,1273.0,1273.0,,,0.0,,,0.0
2025-11-24 22:00:00,,,,,,,1273.0,1273.0,,,0.0,,,0.0
2025-11-24 23:00:00,,,,,,,1273.0,1273.0,,,0.0,,,0.0
2025-11-25 00:00:00,,,,,,,1529.0,1529.0,,,0.0,,,0.0
2025-11-25 01:00:00,,,,,,,1273.0,1273.0,,,0.0,,,0.0
2025-11-25 02:00:00,,,,,,,1273.0,1273.0,,,0.0,,,0.0
2025-11-25 03:00:00,,,,,,,1273.0,1273.0,,,0.0,,,0.0
2025-11-25 04:00:00,,,,,,,1273.0,1273.0,,,0.0,,,0.0
2025-11-25 05:00:00,,,,,,,1533.0,1533.0,,,0.0,,,0.0
2025-11-25 06:00:00,,,,,,,1273.0,1273.0,,,0.0,,,0.0
2025-11-25 07:00:00,,,,,,,1529.0,1529.0,,,0.0,,,0.0
2025-11-25 08:00:00,,,,,,,2297.0,2296.0,0.045199998,0.0,1.0,1.2327,0.0,1.0
2025-11-25 09:00:00,0.174,,,,,,2241.0,2296.0,0.0508,0.0442,5.0,1.2313,0.0018999577,5.0
2025-11-25 10:00:00,0.1762,,,,,,449.0,504.0,0.1122,0.099,5.0,1.2175,0.025600016,5.0
2025-11-25 11:00:00,,,,,,,505.0,504.0,0.2254,0.058399998,5.0,1.2153,0.0153999925,5.0
2025-11-25 12:00:00,0.24659999,0.2768,0.4845,0.4845,,,192.0,192.0,0.24039999,0.023599999,6.0,1.2089,0.012600005,6.0
2025-11-25 13:00:00,0.2716,0.4386,0.3856,0.3852,,0.9326999,192.0,0.0,0.30859998,0.0628,6.0,1.1646,0.10530001,6.0
2025-11-25 14:00:00,0.211,0.368,0.2609,0.2606,,0.9295,192.0,0.0,0.257,0.054199997,6.0,1.1751,0.11009997,6.0
2025-11-25 15:00:00,0.2342,,,,,,193.0,248.0,0.2926,0.056599997,6.0,1.0529,0.072399974,6.0
2025-11-25 16:00:00,0.1934,,,,,,1217.0,1273.0,0.17899999,0.0092,2.0,1.1934999,0.0018999577,2.0
2025-11-25 17:00:00,,,,,,,1533.0,1533.0,,,0.0,,,0.0
2025-11-25 18:00:00,,,,,,,1533.0,1533.0,,,0.0,,,0.0
2025-11-25 19:00:00,,,,,,,1273.0,1273.0,,,0.0,,,0.0
2025-11-25 20:00:00,,,,,,,1529.0,1529.0,,,0.0,,,0.0
2025-11-25 21:00:00,,,,,,,1273.0,1273.0,,,0.0,,,0.0
2025-11-25 22:00:00,,,,,,,1273.0,1273.0,,,0.0,,,0.0
2025-11-25 23:00:00,,,,,,,1529.0,1529.0,,,0.0,,,0.0
2025-11-26 00:00:00,,,,,,,1273.0,1273.0,,,0.0,,,0.0
2025-11-26 01:00:00,,,,,,,1529.0,1529.0,,,0.0,,,0.0
2025-11-26 02:00:00,,,,,,,1529.0,1529.0,,,0.0,,,0.0
2025-11-26 03:00:00,,,,,,,1533.0,1533.0,,,0.0,,,0.0
2025-11-26 04:00:00,,,,,,,1533.0,1533.0,,,0.0,,,0.0
2025-11-26 05:00:00,,,,,,,1533.0,1533.0,,,0.0,,,0.0
2025-11-26 06:00:00,,,,,,,1273.0,1273.0,,,0.0,,,0.0
2025-11-26 07:00:00,,,,,,,1533.0,1533.0,,,0.0,,,0.0
2025-11-26 08:00:00,,,,,,,2297.0,2296.0,0.1594,0.0,1.0,1.0188999,0.0,1.0
2025-11-26 09:00:00,,,,,,,249.0,248.0,0.14119999,0.0716,6.0,1.0173,0.0016999841,6.0
2025-11-26 10:00:00,0.24919999,,,,,,449.0,504.0,0.19919999,0.1034,6.0,1.013,0.01849997,6.0
2025-11-26 11:00:00,0.331,,,,,,193.0,248.0,0.28419998,0.1086,6.0,1.0094,0.023699999,6.0
2025-11-26 12:00:00,0.34,,,,,,449.0,504.0,0.368,0.024,6.0,1.0286,0.020099998,6.0
2025-11-26 13:00:00,0.2454,,,,,,193.0,249.0,,,0.0,,,0.0
2025-11-26 14:00:00,0.2242,,,,,,193.0,249.0,,,0.0,,,0.0
2025-11-26 15:00:00,0.25959998,0.0352,0.2024,0.2024,,,2240.0,2240.0,0.0552,0.034199998,5.0,1.0950999,0.03219998,5.0
2025-11-26 16:00:00,,,,,,,1273.0,1273.0,0.0698,0.0308,3.0,1.3736999,0.13519996,3.0
2025-11-26 17:00:00,,,,,,,1273.0,1273.0,,,0.0,,,0.0
2025-11-26 18:00:00,,,,,,,1533.0,1533.0,,,0.0,,,0.0
2025-11-26 19:00:00,,,,,,,1273.0,1273.0,,,0.0,,,0.0
2025-11-26 20:00:00,,,,,,,1273.0,1273.0,,,0.0,,,0.0
2025-11-26 21:00:00,,,,,,,1273.0,1273.0,,,0.0,,,0.0
2025-11-26 22:00:00,,,,,,,1273.0,1273.0,,,0.0,,,0.0
2025-11-26 23:00:00,,,,,,,1273.0,1273.0,,,0.0,,,0.0
2025-11-27 00:00:00,,,,,,,1273.0,1273.0,,,0.0,,,0.0
2025-11-27 01:00:00,,,,,,,1273.0,1273.0,,,0.0,,,0.0
2025-11-27 02:00:00,,,,,,,1273.0,1273.0,,,0.0,,,0.0
2025-11-27 03:00:00,,,,,,,1273.0,1273.0,,,0.0,,,0.0
2025-11-27 04:00:00,,,,,,,1273.0,1273.0,,,0.0,,,0.0
2025-11-27 05:00:00,,,,,,,1529.0,1529.0,,,0.0,,,0.0
2025-11-27 06:00:00,,,,,,,1273.0,1273.0,,,0.0,,,0.0
2025-11-27 07:00:00,,,,,,,1273.0,1273.0,,,0.0,,,0.0
2025-11-27 08:00:00,,,,,,,2297.0,2296.0,0.0009999999,0.0,1.0,1.1344999,0.0,1.0
2025-11-27 09:00:00,,,,,,,249.0,249.0,0.0532,0.0,1.0,1.1078,0.0,1.0
2025-11-27 10:00:00,0.0714,,,,,,2241.0,2296.0,0.0332,0.0,1.0,1.1545,0.0,1.0
2025-11-27 11:00:00,0.2426,,,,,,193.0,248.0,0.30719998,0.6376,6.0,1.0709,0.17829996,6.0
2025-11-27 12:00:00,,,,,,,505.0,505.0,1.6544,0.0,1.0,0.7056,0.0,1.0
2025-11-27 13:00:00,0.1786,,,,,,193.0,249.0,0.1768,0.0,2.0,1.109,0.00089997053,2.0
2025-11-27 14:00:00,,,,,,,509.0,509.0,,,0.0,,,0.0
2025-11-27 15:00:00,,,,,,,509.0,509.0,0.2644,0.0072,2.0,0.97449994,0.000100016594,2.0
2025-11-27 16:00:00,,,,,,,1533.0,1533.0,0.1758,0.038599998,2.0,1.2276,0.028599977,2.0
2025-11-27 17:00:00,,,,,,,1533.0,1533.0,,,0.0,,,0.0
2025-11-27 18:00:00,,,,,,,1533.0,1533.0,,,0.0,,,0.0
2025-11-27 19:00:00,,,,,,,1533.0,1533.0,,,0.0,,,0.0
2025-11-27 20:00:00,,,,,,,1533.0,1533.0,,,0.0,,,0.0
2025-11-27 21:00:00,,,,,,,1533.0,1533.0,,,0.0,,,0.0
2025-11-27 22:00:00,,,,,,,1533.0,1533.0,,,0.0,,,0.0
2025-11-27 23:00:00,,,,,,,1533.0,1533.0,,,0.0,,,0.0
2025-11-28 00:00:00,,,,,,,1533.0,1533.0,,,0.0,,,0.0
2025-11-28 01:00:00,,,,,,,1533.0,1533.0,,,0.0,,,0.0
2025-11-28 02:00:00,,,,,,,1533.0,1533.0,,,0.0,,,0.0
2025-11-28 03:00:00,,,,,,,1533.0,1533.0,,,0.0,,,0.0
2025-11-28 04:00:00,,,,,,,1533.0,1533.0,,,0.0,,,0.0
2025-11-28 05:00:00,,,,,,,1533.0,1533.0,,,0.0,,,0.0
2025-11-28 06:00:00,,,,,,,1529.0,1529.0,,,0.0,,,0.0
2025-11-28 07:00:00,,,,,,,1529.0,1529.0,,,0.0,,,0.0
2025-11-28 08:00:00,,,,,,,2553.0,2552.0,0.0288,0.0,1.0,1.0504,0.0,1.0
2025-11-28 09:00:00,,,,,,,505.0,505.0,,,0.0,,,0.0
2025-11-28 10:00:00,,,,,,,2297.0,2296.0,0.0778,0.0,1.0,1.0863,0.0,1.0
2025-11-28 11:00:00,,,,,,,509.0,509.0,0.0696,0.0374,4.0,1.0819,0.004000008,4.0
2025-11-28 12:00:00,,,,,,,2553.0,2552.0,0.8384,0.5726,2.0,0.8916999,0.1828,2.0
2025-11-28 13:00:00,,,,,,,505.0,505.0,,,0.0,,,0.0
2025-11-28 14:00:00,,,,,,,249.0,248.0,0.1454,0.0,1.0,1.0422,0.0,1.0
2025-11-28 15:00:00,0.13159999,,,,,,193.0,249.0,0.0138,0.0033999998,2.0,1.1156,0.000100016594,2.0
2025-11-28 16:00:00,,,,,,,1273.0,1273.0,0.01,0.0064,2.0,1.1422,0.014899969,2.0
2025-11-28 17:00:00,,,,,,,1273.0,1273.0,,,0.0,,,0.0
2025-11-28 18:00:00,,,,,,,1273.0,1273.0,,,0.0,,,0.0
2025-11-28 19:00:00,,,,,,,1273.0,1273.0,,,0.0,,,0.0
2025-11-28 20:00:00,,,,,,,1273.0,1273.0,,,0.0,,,0.0
2025-11-28 21:00:00,,,,,,,1273.0,1273.0,,,0.0,,,0.0
2025-11-28 22:00:00,,,,,,,1273.0,1273.0,,,0.0,,,0.0
2025-11-28 23:00:00,,,,,,,1273.0,1273.0,,,0.0,,,0.0
2025-11-29 00:00:00,,,,,,,1273.0,1273.0,,,0.0,,,0.0
2025-11-29 01:00:00,,,,,,,1273.0,1273.0,,,0.0,,,0.0
2025-11-29 02:00:00,,,,,,,1273.0,1273.0,,,0.0,,,0.0
2025-11-29 03:00:00,,,,,,,1273.0,1273.0,,,0.0,,,0.0
2025-11-29 04:00:00,,,,,,,1273.0,1273.0,,,0.0,,,0.0
2025-11-29 05:00:00,,,,,,,1273.0,1273.0,,,0.0,,,0.0
2025-11-29 06:00:00,,,,,,,1273.0,1273.0,,,0.0,,,0.0
2025-11-29 07:00:00,,,,,,,1273.0,1273.0,,,0.0,,,0.0
2025-11-29 08:00:00,,,,,,,2297.0,2296.0,0.1108,0.0,1.0,0.9634999,0.0,1.0
2025-11-29 09:00:00,0.054199997,,,,,,193.0,249.0,0.029399998,0.012999999,5.0,1.0004,0.015299976,5.0
2025-11-29 10:00:00,0.098799996,,,,,,2241.0,2296.0,0.1024,0.0,1.0,1.0259999,0.0,1.0
2025-11-29 11:00:00,0.297,,,,,,193.0,248.0,0.3662,0.58919996,4.0,0.7983999,0.3265,3.0
2025-11-29 12:00:00,0.4658,0.7176,0.67539996,0.675,,,2240.0,2240.0,1.2531999,0.24039999,6.0,0.554,0.26839995,6.0
2025-11-29 13:00:00,0.40879998,,,,,,193.0,249.0,,,0.0,,,0.0
2025-11-29 14:00:00,0.378,0.0046,0.3376,0.3376,,,2240.0,2240.0,0.0046,0.0,1.0,0.9778999,0.0,1.0
2025-11-29 15:00:00,0.3414,0.1228,0.1911,0.191,,,2240.0,2240.0,0.1466,0.031999998,5.0,1.1829,0.18720001,5.0
2025-11-29 16:00:00,0.28059998,,,,,,1217.0,1273.0,0.1796,0.0,1.0,1.5202,0.0,1.0
2025-11-29 17:00:00,,,,,,,1273.0,1273.0,,,0.0,,,0.0
2025-11-29 18:00:00,,,,,,,1273.0,1273.0,,,0.0,,,0.0
2025-11-29 19:00:00,,,,,,,1273.0,1273.0,,,0.0,,,0.0
2025-11-29 20:00:00,,,,,,,1273.0,1273.0,,,0.0,,,0.0
2025-11-29 21:00:00,,,,,,,1273.0,1273.0,,,0.0,,,0.0
2025-11-29 22:00:00,,,,,,,1273.0,1273.0,,,0.0,,,0.0
2025-11-29 23:00:00,,,,,,,1273.0,1273.0,,,0.0,,,0.0
2025-11-30 00:00:00,,,,,,,1273.0,1273.0,,,0.0,,,0.0
2025-11-30 01:00:00,,,,,,,1529.0,1529.0,,,0.0,,,0.0
2025-11-30 02:00:00,,,,,,,1273.0,1273.0,,,0.0,,,0.0
2025-11-30 03:00:00,,,,,,,1273.0,1273.0,,,0.0,,,0.0
2025-11-30 04:00:00,,,,,,,1533.0,1533.0,,,0.0,,,0.0
2025-11-30 05:00:00,,,,,,,1273.0,1273.0,,,0.0,,,0.0
2025-11-30 06:00:00,,,,,,,1529.0,1529.0,,,0.0,,,0.0
2025-11-30 07:00:00,,,,,,,1533.0,1533.0,,,0.0,,,0.0
2025-11-30 08:00:00,,,,,,,2297.0,2296.0,0.1542,0.0,1.0,0.93009996,0.0,1.0
2025-11-30 09:00:00,,,,,,,509.0,509.0,0.542,0.12619999,2.0,0.8866999,0.039900005,2.0
2025-11-30 10:00:00,,,,,,,509.0,509.0,0.0256,0.017199999,2.0,0.98599994,0.013399959,2.0
2025-11-30 11:00:00,0.56079996,,,,,,193.0,248.0,0.478,0.4312,5.0,0.867,0.26449996,5.0
2025-11-30 12:00:00,0.5326,0.8294,0.68399996,0.6832,,,2240.0,2240.0,1.2988,0.21339999,6.0,0.4321,0.28529996,6.0
2025-11-30 13:00:00,0.5304,,,,,,193.0,249.0,,,0.0,,,0.0
2025-11-30 14:00:00,0.514,0.4084,0.28079998,0.2805,-0.36110002,1.1801,0.0,0.0,0.4084,0.0,1.0,1.1801,0.0,1.0
2025-11-30 15:00:00,0.51699996,0.4768,0.17109999,0.1707,,,2240.0,2240.0,0.44959998,0.0338,6.0,1.4462999,0.19479996,6.0
2025-11-30 16:00:00,0.529,,,,-0.046499997,,1025.0,1273.0,0.5868,0.0416,2.0,1.5904999,0.014299989,2.0
2025-11-30 17:00:00,,,,,,,1273.0,1273.0,,,0.0,,,0.0
2025-11-30 18:00:00,,,,,,,1273.0,1273.0,,,0.0,,,0.0
2025-11-30 19:00:00,,,,,,,1273.0,1273.0,,,0.0,,,0.0
2025-11-30 20:00:00,,,,,,,1273.0,1273.0,,,0.0,,,0.0
2025-11-30 21:00:00,,,,,,,1273.0,1273.0,,,0.0,,,0.0
2025-11-30 22:00:00,,,,,,,1273.0,1273.0,,,0.0,,,0.0
2025-11-30 23:00:00,,,,,,,1273.0,1273.0,,,0.0,,,0.0
2025-12-01 00:00:00,,,,,,,1273.0,1273.0,,,0.0,,,0.0
2025-12-01 01:00:00,,,,,,,1273.0,1273.0,,,0.0,,,0.0
2025-12-01 02:00:00,,,,,,,1273.0,1273.0,,,0.0,,,0.0
2025-12-01 03:00:00,,,,,,,1273.0,1273.0,,,0.0,,,0.0
2025-12-01 04:00:00,,,,,,,1273.0,1273.0,,,0.0,,,0.0
2025-12-01 05:00:00,,,,,,,1273.0,1273.0,,,0.0,,,0.0
2025-12-01 06:00:00,,,,,,,1273.0,1273.0,,,0.0,,,0.0
2025-12-01 07:00:00,,,,,,,1533.0,1533.0,,,0.0,,,0.0
2025-12-01 08:00:00,,,,,,,509.0,509.0,,,0.0,,,0.0
2025-12-01 09:00:00,,,,,,,509.0,509.0,,,0.0,,,0.0
2025-12-01 10:00:00,,,,,,,509.0,509.0,2.2288,0.0,1.0,1.3456,0.0,1.0
2025-12-01 11:00:00,,,,,,,249.0,248.0,1.6572,0.91819996,4.0,1.4949,0.3836,4.0
2025-12-01 12:00:00,,,,,,,2297.0,2296.0,2.2716,0.81619996,6.0,0.8512,0.384,6.0
2025-12-01 13:00:00,0.73219997,,,,,,193.0,249.0,,,0.0,,,0.0
2025-12-01 14:00:00,0.5712,0.4274,0.2962,0.2958,0.05699998,1.3082999,0.0,0.0,0.4274,0.0,1.0,1.3082999,0.0,1.0
2025-12-01 15:00:00,0.56839997,,,,-0.302,,1.0,249.0,0.5852,0.036,4.0,1.4403,0.06099999,4.0
2025-12-01 16:00:00,0.52059996,,,,,,1217.0,1273.0,,,0.0,,,0.0
2025-12-01 17:00:00,,,,,,,1273.0,1273.0,,,0.0,,,0.0
2025-12-01 18:00:00,,,,,,,1273.0,1273.0,,,0.0,,,0.0
2025-12-01 19:00:00,,,,,,,1273.0,1273.0,,,0.0,,,0.0
2025-12-01 20:00:00,,,,,,,1273.0,1273.0,,,0.0,,,0.0
2025-12-01 21:00:00,,,,,,,1529.0,1529.0,,,0.0,,,0.0
2025-12-01 22:00:00,,,,,,,1529.0,1529.0,,,0.0,,,0.0
2025-12-01 23:00:00,,,,,,,1273.0,1273.0,,,0.0,,,0.0
2025-12-02 00:00:00,,,,,,,1273.0,1273.0,,,0.0,,,0.0
2025-12-02 01:00:00,,,,,,,1529.0,1529.0,,,0.0,,,0.0
2025-12-02 02:00:00,,,,,,,1529.0,1529.0,,,0.0,,,0.0
2025-12-02 03:00:00,,,,,,,1533.0,1533.0,,,0.0,,,0.0
2025-12-02 04:00:00,,,,,,,1273.0,1273.0,,,0.0,,,0.0
2025-12-02 05:00:00,,,,,,,1273.0,1273.0,,,0.0,,,0.0
2025-12-02 06:00:00,,,,,,,1273.0,1273.0,,,0.0,,,0.0
2025-12-02 07:00:00,,,,,,,1529.0,1529.0,,,0.0,,,0.0
2025-12-02 08:00:00,,,,,,,1533.0,1533.0,,,0.0,,,0.0
2025-12-02 09:00:00,,,,,,,509.0,509.0,,,0.0,,,0.0
2025-12-02 10:00:00,,,,,,,509.0,509.0,,,0.0,,,0.0
2025-12-02 11:00:00,,,,,,,509.0,509.0,,,0.0,,,0.0
2025-12-02 12:00:00,,,,,,,509.0,509.0,,,0.0,,,0.0
2025-12-02 13:00:00,,,,,,,509.0,509.0,,,0.0,,,0.0
2025-12-02 14:00:00,,,,,,,509.0,509.0,,,0.0,,,0.0
2025-12-02 15:00:00,,,,,,,505.0,504.0,0.9112,0.0,1.0,1.4374,0.0,1.0
2025-12-02 16:00:00,,,,,,,505.0,504.0,0.8078,0.0482,2.0,1.4575,0.0485,2.0
2025-12-02 17:00:00,,,,,,,1529.0,1529.0,,,0.0,,,0.0
2025-12-02 18:00:00,,,,,,0.0001,1273.0,1081.0,,,0.0,,,0.0
2025-12-02 19:00:00,,,,,,,1529.0,1529.0,,,0.0,,,0.0
2025-12-02 20:00:00,,,,,,,1273.0,1273.0,,,0.0,,,0.0
2025-12-02 21:00:00,,,,,,,1533.0,1533.0,,,0.0,,,0.0
2025-12-02 22:00:00,,,,,,,1533.0,1533.0,,,0.0,,,0.0
2025-12-02 23:00:00,,,,,,,1533.0,1533.0,,,0.0,,,0.0
2025-12-03 00:00:00,,,,,,,1533.0,1533.0,,,0.0,,,0.0
2025-12-03 01:00:00,,,,,,,1273.0,1273.0,,,0.0,,,0.0
2025-12-03 02:00:00,,,,,,,1273.0,1273.0,,,0.0,,,0.0
2025-12-03 03:00:00,,,,,,,1533.0,1533.0,,,0.0,,,0.0
2025-12-03 04:00:00,,,,,,,1533.0,1533.0,,,0.0,,,0.0
2025-12-03 05:00:00,,,,,,,1529.0,1529.0,,,0.0,,,0.0
2025-12-03 06:00:00,,,,,,,1273.0,1273.0,,,0.0,,,0.0
2025-12-03 07:00:00,,,,,,,1529.0,1529.0,,,0.0,,,0.0
2025-12-03 08:00:00,,,,,,,1533.0,1533.0,,,0.0,,,0.0
2025-12-03 09:00:00,,,,,,,509.0,509.0,,,0.0,,,0.0
2025-12-03 10:00:00,,,,,,,509.0,509.0,,,0.0,,,0.0
2025-12-03 11:00:00,,,,,,,509.0,509.0,,,0.0,,,0.0
2025-12-03 12:00:00,,,,,,,509.0,509.0,,,0.0,,,0.0
2025-12-03 13:00:00,,,,,,,509.0,509.0,,,0.0,,,0.0
2025-12-03 14:00:00,,,,,,,509.0,509.0,,,0.0,,,0.0
2025-12-03 15:00:00,,,,,,,509.0,509.0,,,0.0,,,0.0
2025-12-03 16:00:00,,,,,,,1533.0,1533.0,,,0.0,,,0.0
2025-12-03 17:00:00,,,,,,,1533.0,1533.0,,,0.0,,,0.0
2025-12-03 18:00:00,,,,,,,1273.0,1273.0,,,0.0,,,0.0
2025-12-03 19:00:00,,,,,,,1529.0,1529.0,,,0.0,,,0.0
2025-12-03 20:00:00,,,,,,,1529.0,1529.0,,,0.0,,,0.0
2025-12-03 21:00:00,,,,,,,1273.0,1273.0,,,0.0,,,0.0
2025-12-03 22:00:00,,,,,,,1273.0,1273.0,,,0.0,,,0.0
2025-12-03 23:00:00,,,,,,,1273.0,1273.0,,,0.0,,,0.0
2025-12-04 00:00:00,,,,,,,1273.0,1273.0,,,0.0,,,0.0
2025-12-04 01:00:00,,,,,,,1529.0,1529.0,,,0.0,,,0.0
2025-12-04 02:00:00,,,,,,,1273.0,1273.0,,,0.0,,,0.0
2025-12-04 03:00:00,,,,,,,1273.0,1273.0,,,0.0,,,0.0
2025-12-04 04:00:00,,,,,,,1273.0,1273.0,,,0.0,,,0.0
2025-12-04 05:00:00,,,,,,,1533.0,1533.0,,,0.0,,,0.0
2025-12-04 06:00:00,,,,,,,1273.0,1273.0,,,0.0,,,0.0
2025-12-04 07:00:00,,,,,,,1533.0,1533.0,,,0.0,,,0.0
2025-12-04 08:00:00,,,,,,,509.0,509.0,,,0.0,,,0.0
2025-12-04 09:00:00,,,,,,,509.0,509.0,,,0.0,,,0.0
2025-12-04 10:00:00,,,,,,,509.0,509.0,,,0.0,,,0.0
2025-12-04 11:00:00,,,,,,,509.0,509.0,,,0.0,,,0.0
2025-12-04 12:00:00,,,,,,,509.0,509.0,,,0.0,,,0.0
2025-12-04 13:00:00,,,,,,,509.0,509.0,,,0.0,,,0.0
2025-12-04 14:00:00,,,,,,,509.0,509.0,,,0.0,,,0.0
2025-12-04 15:00:00,,,,,,,509.0,509.0,,,0.0,,,0.0
2025-12-04 16:00:00,,,,,,,1533.0,1533.0,,,0.0,,,0.0
2025-12-04 17:00:00,,,,,,,1273.0,1273.0,,,0.0,,,0.0
2025-12-04 18:00:00,,,,,,,1273.0,1273.0,,,0.0,,,0.0
2025-12-04 19:00:00,,,,,,,1273.0,1273.0,,,0.0,,,0.0
2025-12-04 20:00:00,,,,,,,1529.0,1529.0,,,0.0,,,0.0
2025-12-04 21:00:00,,,,,,,1273.0,1273.0,,,0.0,,,0.0
2025-12-04 22:00:00,,,,,,,1529.0,1529.0,,,0.0,,,0.0
2025-12-04 23:00:00,,,,,,,1273.0,1273.0,,,0.0,,,0.0
2025-12-05 00:00:00,,,,,,,1273.0,1273.0,,,0.0,,,0.0
2025-12-05 01:00:00,,,,,,,1273.0,1273.0,,,0.0,,,0.0
2025-12-05 02:00:00,,,,,,,1273.0,1273.0,,,0.0,,,0.0
2025-12-05 03:00:00,,,,,,,1273.0,1273.0,,,0.0,,,0.0
2025-12-05 04:00:00,,,,,,,1273.0,1273.0,,,0.0,,,0.0
2025-12-05 05:00:00,,,,,,,1273.0,1273.0,,,0.0,,,0.0
2025-12-05 06:00:00,,,,,,,1529.0,1529.0,,,0.0,,,0.0
2025-12-05 07:00:00,,,,,,,1533.0,1533.0,,,0.0,,,0.0
2025-12-05 08:00:00,,,,,,,509.0,509.0,,,0.0,,,0.0
2025-12-05 09:00:00,,,,,,,509.0,509.0,,,0.0,,,0.0
2025-12-05 10:00:00,,,,,,,509.0,509.0,,,0.0,,,0.0
2025-12-05 11:00:00,,,,,,,509.0,509.0,,,0.0,,,0.0
2025-12-05 12:00:00,,,,,,,509.0,509.0,,,0.0,,,0.0
2025-12-05 13:00:00,,,,,,,509.0,509.0,,,0.0,,,0.0
2025-12-05 14:00:00,,,,,,,509.0,509.0,,,0.0,,,0.0
2025-12-05 15:00:00,,,,,,,509.0,509.0,,,0.0,,,0.0
2025-12-05 16:00:00,,,,,,,1533.0,1533.0,,,0.0,,,0.0
2025-12-05 17:00:00,,,,,,,1273.0,1273.0,,,0.0,,,0.0
2025-12-05 18:00:00,,,,,,,1273.0,1273.0,,,0.0,,,0.0
2025-12-05 19:00:00,,,,,,,1273.0,1273.0,,,0.0,,,0.0
2025-12-05 20:00:00,,,,,,,1273.0,1273.0,,,0.0,,,0.0
2025-12-05 21:00:00,,,,,,,1273.0,1273.0,,,0.0,,,0.0
2025-12-05 22:00:00,,,,,,,1273.0,1273.0,,,0.0,,,0.0
2025-12-05 23:00:00,,,,,,,1273.0,1273.0,,,0.0,,,0.0
2025-12-06 00:00:00,,,,,,,1533.0,1533.0,,,0.0,,,0.0
2025-12-06 01:00:00,,,,,,,1529.0,1529.0,,,0.0,,,0.0
2025-12-06 02:00:00,,,,,,,1273.0,1273.0,,,0.0,,,0.0
2025-12-06 03:00:00,,,,,,,1533.0,1533.0,,,0.0,,,0.0
2025-12-06 04:00:00,,,,,,,1529.0,1529.0,,,0.0,,,0.0
2025-12-06 05:00:00,,,,,,,1529.0,1529.0,,,0.0,,,0.0
2025-12-06 06:00:00,,,,,,,1273.0,1273.0,,,0.0,,,0.0
2025-12-06 07:00:00,,,,,,,1533.0,1533.0,,,0.0,,,0.0
2025-12-06 08:00:00,,,,,,,509.0,509.0,,,0.0,,,0.0
2025-12-06 09:00:00,,,,,,,509.0,509.0,,,0.0,,,0.0
2025-12-06 10:00:00,,,,,,,509.0,509.0,,,0.0,,,0.0
2025-12-06 11:00:00,,,,,,,509.0,509.0,,,0.0,,,0.0
2025-12-06 12:00:00,,,,,,,505.0,504.0,2.2447999,0.0,1.0,0.6474999,0.0,1.0
2025-12-06 13:00:00,,,,,,,509.0,509.0,1.9842,0.0,1.0,0.6144,0.0,1.0
2025-12-06 14:00:00,,,,,,,509.0,509.0,,,0.0,,,0.0
2025-12-06 15:00:00,,,,,,,509.0,509.0,,,0.0,,,0.0
2025-12-06 16:00:00,,,,,,,1533.0,1533.0,,,0.0,,,0.0
2025-12-06 17:00:00,,,,,,,1273.0,1273.0,,,0.0,,,0.0
2025-12-06 18:00:00,,,,,,,1273.0,1273.0,,,0.0,,,0.0
2025-12-06 19:00:00,,,,,,,1273.0,1273.0,,,0.0,,,0.0
2025-12-06 20:00:00,,,,,,,1273.0,1273.0,,,0.0,,,0.0
2025-12-06 21:00:00,,,,,,,1273.0,1273.0,,,0.0,,,0.0
2025-12-06 22:00:00,,,,,,,1273.0,1273.0,,,0.0,,,0.0
2025-12-06 23:00:00,,,,,,,1273.0,1273.0,,,0.0,,,0.0
2025-12-07 00:00:00,,,,,,,1273.0,1273.0,,,0.0,,,0.0
2025-12-07 01:00:00,,,,,,,1273.0,1273.0,,,0.0,,,0.0
2025-12-07 02:00:00,,,,,,,1273.0,1273.0,,,0.0,,,0.0
2025-12-07 03:00:00,,,,,,,1529.0,1529.0,,,0.0,,,0.0
2025-12-07 04:00:00,,,,,,,1273.0,1273.0,,,0.0,,,0.0
2025-12-07 05:00:00,,,,,,,1273.0,1273.0,,,0.0,,,0.0
2025-12-07 06:00:00,,,,,,,1533.0,1533.0,,,0.0,,,0.0
2025-12-07 07:00:00,,,,,,,1533.0,1533.0,,,0.0,,,0.0
2025-12-07 08:00:00,,,,,,,1533.0,1533.0,,,0.0,,,0.0
2025-12-07 09:00:00,,,,,,,509.0,509.0,,,0.0,,,0.0
2025-12-07 10:00:00,,,,,,,509.0,509.0,,,0.0,,,0.0
2025-12-07 11:00:00,,,,,,,509.0,509.0,,,0.0,,,0.0
2025-12-07 12:00:00,,,,,,,509.0,509.0,,,0.0,,,0.0
2025-12-07 13:00:00,,,,,,,509.0,509.0,,,0.0,,,0.0
2025-12-07 14:00:00,,,,,,,509.0,509.0,,,0.0,,,0.0
2025-12-07 15:00:00,,,,,,,509.0,509.0,,,0.0,,,0.0
2025-12-07 16:00:00,,,,,,,1529.0,1529.0,,,0.0,,,0.0
2025-12-07 17:00:00,,,,,,,1273.0,1273.0,,,0.0,,,0.0
2025-12-07 18:00:00,,,,,,,1533.0,1533.0,,,0.0,,,0.0
2025-12-07 19:00:00,,,,,,,1273.0,1273.0,,,0.0,,,0.0
2025-12-07 20:00:00,,,,,,,1529.0,1529.0,,,0.0,,,0.0
2025-12-07 21:00:00,,,,,,,1273.0,1273.0,,,0.0,,,0.0
2025-12-07 22:00:00,,,,,,,1533.0,1533.0,,,0.0,,,0.0
2025-12-07 23:00:00,,,,,,,1529.0,1529.0,,,0.0,,,0.0
2025-12-08 00:00:00,,,,,,,1273.0,1273.0,,,0.0,,,0.0
2025-12-08 01:00:00,,,,,,,1273.0,1273.0,,,0.0,,,0.0
2025-12-08 02:00:00,,,,,,,1273.0,1273.0,,,0.0,,,0.0
2025-12-08 03:00:00,,,,,,,1273.0,1273.0,,,0.0,,,0.0
2025-12-08 04:00:00,,,,,,,1273.0,1273.0,,,0.0,,,0.0
2025-12-08 05:00:00,,,,,,,1273.0,1273.0,,,0.0,,,0.0
2025-12-08 06:00:00,,,,,,,1273.0,1273.0,,,0.0,,,0.0
2025-12-08 07:00:00,,,,,,,1533.0,1533.0,,,0.0,,,0.0
2025-12-08 08:00:00,,,,,,,1529.0,1529.0,,,0.0,,,0.0
2025-12-08 09:00:00,,,,,,,2553.0,2552.0,0.39139998,0.1458,5.0,1.2257999,0.08700001,5.0
2025-12-08 10:00:00,,,,,,,2553.0,2552.0,0.22,0.078,5.0,1.3321999,0.0625,5.0
2025-12-08 11:00:00,,,,,,,249.0,248.0,0.66639996,0.5688,6.0,1.137,0.14069998,6.0
2025-12-08 12:00:00,,,,,,,2297.0,2296.0,1.7004,0.3978,6.0,0.928,0.18269998,6.0
2025-12-08 13:00:00,,,,,,,505.0,505.0,0.895,0.0568,5.0,1.3737999,0.039299965,5.0
2025-12-08 14:00:00,,,,,,,509.0,509.0,,,0.0,,,0.0
2025-12-08 15:00:00,,,,,,,505.0,504.0,0.7844,0.1872,6.0,1.3763,0.20289999,6.0
2025-12-08 16:00:00,,,,,,,1529.0,1529.0,,,0.0,,,0.0
2025-12-08 17:00:00,,,,,,,1273.0,1273.0,,,0.0,,,0.0
2025-12-08 18:00:00,,,,,,,1273.0,1273.0,,,0.0,,,0.0
2025-12-08 19:00:00,,,,,,,1533.0,1533.0,,,0.0,,,0.0
2025-12-08 20:00:00,,,,,,,1533.0,1533.0,,,0.0,,,0.0
2025-12-08 21:00:00,,,,,,,1273.0,1273.0,,,0.0,,,0.0
2025-12-08 22:00:00,,,,,,,1273.0,1273.0,,,0.0,,,0.0
2025-12-08 23:00:00,,,,,,,1273.0,1273.0,,,0.0,,,0.0
2025-12-09 00:00:00,,,,,,,1529.0,1529.0,,,0.0,,,0.0
2025-12-09 01:00:00,,,,,,,1529.0,1529.0,,,0.0,,,0.0
2025-12-09 02:00:00,,,,,,,1273.0,1273.0,,,0.0,,,0.0
2025-12-09 03:00:00,,,,,,,1273.0,1273.0,,,0.0,,,0.0
2025-12-09 04:00:00,,,,,,,1533.0,1533.0,,,0.0,,,0.0
2025-12-09 05:00:00,,,,,,,1533.0,1533.0,,,0.0,,,0.0
2025-12-09 06:00:00,,,,,,,1273.0,1273.0,,,0.0,,,0.0
2025-12-09 07:00:00,,,,,,,1529.0,1529.0,,,0.0,,,0.0
2025-12-09 08:00:00,,,,,,,1273.0,1273.0,,,0.0,,,0.0
2025-12-09 09:00:00,,,,,,,509.0,509.0,0.1988,0.1108,5.0,1.196,0.003799975,5.0
2025-12-09 10:00:00,,,,,,,509.0,509.0,,,0.0,,,0.0
2025-12-09 11:00:00,,,,,,,509.0,509.0,,,0.0,,,0.0
2025-12-09 12:00:00,0.6272,,,,,,193.0,248.0,1.7076,0.0,1.0,0.81949997,0.0,1.0
2025-12-09 13:00:00,,,,,,,509.0,509.0,,,0.0,,,0.0
2025-12-09 14:00:00,,,,,,,509.0,509.0,,,0.0,,,0.0
2025-12-09 15:00:00,,,,,,,509.0,509.0,,,0.0,,,0.0
2025-12-09 16:00:00,,,,,,,1533.0,1533.0,,,0.0,,,0.0
2025-12-09 17:00:00,,,,,,,1533.0,1533.0,,,0.0,,,0.0
2025-12-09 18:00:00,,,,,,,1533.0,1533.0,,,0.0,,,0.0
2025-12-09 19:00:00,,,,,,,1529.0,1529.0,,,0.0,,,0.0
2025-12-09 20:00:00,,,,,,,1529.0,1529.0,,,0.0,,,0.0
2025-12-09 21:00:00,,,,,,,1533.0,1533.0,,,0.0,,,0.0
2025-12-09 22:00:00,,,,,,,1273.0,1273.0,,,0.0,,,0.0
2025-12-09 23:00:00,,,,,,,1533.0,1533.0,,,0.0,,,0.0
2025-12-10 00:00:00,,,,,,,1273.0,1273.0,,,0.0,,,0.0
2025-12-10 01:00:00,,,,,,,1273.0,1273.0,,,0.0,,,0.0
2025-12-10 02:00:00,,,,,,,1273.0,1273.0,,,0.0,,,0.0
2025-12-10 03:00:00,,,,,,,1273.0,1273.0,,,0.0,,,0.0
2025-12-10 04:00:00,,,,,,,1273.0,1273.0,,,0.0,,,0.0
2025-12-10 05:00:00,,,,,,,1273.0,1273.0,,,0.0,,,0.0
2025-12-10 06:00:00,,,,,,,1273.0,1273.0,,,0.0,,,0.0
2025-12-10 07:00:00,,,,,,,1273.0,1273.0,,,0.0,,,0.0
2025-12-10 08:00:00,,,,,,,1273.0,1273.0,,,0.0,,,0.0
2025-12-10 09:00:00,,,,,,,2297.0,2296.0,0.2498,0.0042,2.0,1.2041999,0.0019999743,2.0
2025-12-10 10:00:00,,,,,,,509.0,509.0,,,0.0,,,0.0
2025-12-10 11:00:00,,,,,,,509.0,509.0,1.2702,0.0,1.0,1.1754999,0.0,1.0
2025-12-10 12:00:00,,,,,,,509.0,509.0,,,0.0,,,0.0
2025-12-10 13:00:00,,,,,,,509.0,509.0,,,0.0,,,0.0
2025-12-10 14:00:00,,,,,,,509.0,509.0,,,0.0,,,0.0
2025-12-10 15:00:00,,,,,,,509.0,509.0,,,0.0,,,0.0
2025-12-10 16:00:00,,,,,,,1533.0,1533.0,,,0.0,,,0.0
2025-12-10 17:00:00,,,,,,,1529.0,1529.0,,,0.0,,,0.0
2025-12-10 18:00:00,,,,,,,1273.0,1273.0,,,0.0,,,0.0
2025-12-10 19:00:00,,,,,,,1273.0,1273.0,,,0.0,,,0.0
2025-12-10 20:00:00,,,,,,,1273.0,1273.0,,,0.0,,,0.0
2025-12-10 21:00:00,,,,,,,1273.0,1273.0,,,0.0,,,0.0
2025-12-10 22:00:00,,,,,,,1273.0,1273.0,,,0.0,,,0.0
2025-12-10 23:00:00,,,,,,,1533.0,1533.0,,,0.0,,,0.0
2025-12-11 00:00:00,,,,,,,1529.0,1529.0,,,0.0,,,0.0
2025-12-11 01:00:00,,,,,,,1529.0,1529.0,,,0.0,,,0.0
2025-12-11 02:00:00,,,,,,,1529.0,1529.0,,,0.0,,,0.0
2025-12-11 03:00:00,,,,,,,1273.0,1273.0,,,0.0,,,0.0
2025-12-11 04:00:00,,,,,,,1273.0,1273.0,,,0.0,,,0.0
2025-12-11 05:00:00,,,,,,,1273.0,1273.0,,,0.0,,,0.0
2025-12-11 06:00:00,,,,,,,1529.0,1529.0,,,0.0,,,0.0
2025-12-11 07:00:00,,,,,,,1533.0,1533.0,,,0.0,,,0.0
2025-12-11 08:00:00,,,,,,,1533.0,1533.0,,,0.0,,,0.0
2025-12-11 09:00:00,,,,,,,509.0,509.0,,,0.0,,,0.0
2025-12-11 10:00:00,,,,,,,509.0,509.0,,,0.0,,,0.0
2025-12-11 11:00:00,,,,,,,509.0,509.0,,,0.0,,,0.0
2025-12-11 12:00:00,,,,,,,509.0,509.0,,,0.0,,,0.0
2025-12-11 13:00:00,,,,,,,509.0,509.0,,,0.0,,,0.0
2025-12-11 14:00:00,,,,,,,509.0,509.0,,,0.0,,,0.0
2025-12-11 15:00:00,,,,,,,509.0,509.0,,,0.0,,,0.0
2025-12-11 16:00:00,,,,,,,1533.0,1533.0,,,0.0,,,0.0
2025-12-11 17:00:00,,,,,,,1533.0,1533.0,,,0.0,,,0.0
2025-12-11 18:00:00,,,,,,,1529.0,1529.0,,,0.0,,,0.0
2025-12-11 19:00:00,,,,,,,1273.0,1273.0,,,0.0,,,0.0
2025-12-11 20:00:00,,,,,,,1533.0,1533.0,,,0.0,,,0.0
2025-12-11 21:00:00,,,,,,,1273.0,1273.0,,,0.0,,,0.0
2025-12-11 22:00:00,,,,,,,1533.0,1533.0,,,0.0,,,0.0
2025-12-11 23:00:00,,,,,,,1533.0,1533.0,,,0.0,,,0.0
2025-12-12 00:00:00,,,,,,,1533.0,1533.0,,,0.0,,,0.0
2025-12-12 01:00:00,,,,,,,1529.0,1529.0,,,0.0,,,0.0
2025-12-12 02:00:00,,,,,,,1529.0,1529.0,,,0.0,,,0.0
2025-12-12 03:00:00,,,,,,,1273.0,1273.0,,,0.0,,,0.0
2025-12-12 04:00:00,,,,,,,1273.0,1273.0,,,0.0,,,0.0
2025-12-12 05:00:00,,,,,,,1533.0,1533.0,,,0.0,,,0.0
2025-12-12 06:00:00,,,,,,,1273.0,1273.0,,,0.0,,,0.0
2025-12-12 07:00:00,,,,,,,1533.0,1533.0,,,0.0,,,0.0
2025-12-12 08:00:00,,,,,,,1533.0,1533.0,,,0.0,,,0.0
2025-12-12 09:00:00,,,,,,,509.0,509.0,,,0.0,,,0.0
2025-12-12 10:00:00,,,,,,,509.0,509.0,,,0.0,,,0.0
2025-12-12 11:00:00,,,,,,,509.0,509.0,,,0.0,,,0.0
2025-12-12 12:00:00,,,,,,,509.0,509.0,,,0.0,,,0.0
2025-12-12 13:00:00,,,,,,,509.0,509.0,,,0.0,,,0.0
2025-12-12 14:00:00,,,,,,,509.0,509.0,,,0.0,,,0.0
2025-12-12 15:00:00,,,,,,,509.0,509.0,,,0.0,,,0.0
2025-12-12 16:00:00,,,,,,,1533.0,1533.0,,,0.0,,,0.0
2025-12-12 17:00:00,,,,,,,1529.0,1529.0,,,0.0,,,0.0
2025-12-12 18:00:00,,,,,,,1533.0,1533.0,,,0.0,,,0.0
2025-12-12 19:00:00,,,,,,,1533.0,1533.0,,,0.0,,,0.0
2025-12-12 20:00:00,,,,,,,1533.0,1533.0,,,0.0,,,0.0
2025-12-12 21:00:00,,,,,,,1533.0,1533.0,,,0.0,,,0.0
2025-12-12 22:00:00,,,,,,,1529.0,1529.0,,,0.0,,,0.0
2025-12-12 23:00:00,,,,,,,1533.0,1533.0,,,0.0,,,0.0
2025-12-13 00:00:00,,,,,,,1533.0,1533.0,,,0.0,,,0.0
2025-12-13 01:00:00,,,,,,,1533.0,1533.0,,,0.0,,,0.0
2025-12-13 02:00:00,,,,,,,1533.0,1533.0,,,0.0,,,0.0
2025-12-13 03:00:00,,,,,,,1533.0,1533.0,,,0.0,,,0.0
2025-12-13 04:00:00,,,,,,,1533.0,1533.0,,,0.0,,,0.0
2025-12-13 05:00:00,,,,,,,1533.0,1533.0,,,0.0,,,0.0
2025-12-13 06:00:00,,,,,,,1529.0,1529.0,,,0.0,,,0.0
2025-12-13 07:00:00,,,,,,,1533.0,1533.0,,,0.0,,,0.0
2025-12-13 08:00:00,,,,,,,1533.0,1533.0,,,0.0,,,0.0
2025-12-13 09:00:00,,,,,,,509.0,509.0,,,0.0,,,0.0
2025-12-13 10:00:00,,,,,,,509.0,509.0,,,0.0,,,0.0
2025-12-13 11:00:00,,,,,,,509.0,509.0,,,0.0,,,0.0
2025-12-13 12:00:00,,,,,,,509.0,509.0,,,0.0,,,0.0
2025-12-13 13:00:00,,,,,,,509.0,509.0,,,0.0,,,0.0
2025-12-13 14:00:00,,,,,,,509.0,509.0,,,0.0,,,0.0
2025-12-13 15:00:00,,,,,,,509.0,509.0,,,0.0,,,0.0
2025-12-13 16:00:00,,,,,,,1533.0,1533.0,,,0.0,,,0.0
2025-12-13 17:00:00,,,,,,,1533.0,1533.0,,,0.0,,,0.0
2025-12-13 18:00:00,,,,,,,1533.0,1533.0,,,0.0,,,0.0
2025-12-13 19:00:00,,,,,,,1533.0,1533.0,,,0.0,,,0.0
2025-12-13 20:00:00,,,,,,,1533.0,1533.0,,,0.0,,,0.0
2025-12-13 21:00:00,,,,,,,1533.0,1533.0,,,0.0,,,0.0
2025-12-13 22:00:00,,,,,,,1529.0,1529.0,,,0.0,,,0.0
2025-12-13 23:00:00,,,,,,,1529.0,1529.0,,,0.0,,,0.0
2025-12-14 00:00:00,,,,,,,1533.0,1533.0,,,0.0,,,0.0
2025-12-14 01:00:00,,,,,,,1533.0,1533.0,,,0.0,,,0.0
2025-12-14 02:00:00,,,,,,,1529.0,1529.0,,,0.0,,,0.0
2025-12-14 03:00:00,,,,,,,1533.0,1533.0,,,0.0,,,0.0
2025-12-14 04:00:00,,,,,,,1533.0,1533.0,,,0.0,,,0.0
2025-12-14 05:00:00,,,,,,,1529.0,1529.0,,,0.0,,,0.0
2025-12-14 06:00:00,,,,,,,1529.0,1529.0,,,0.0,,,0.0
2025-12-14 07:00:00,,,,,,,1533.0,1533.0,,,0.0,,,0.0
2025-12-14 08:00:00,,,,,,,1533.0,1533.0,,,0.0,,,0.0
2025-12-14 09:00:00,,,,,,,509.0,509.0,,,0.0,,,0.0
2025-12-14 10:00:00,,,,,,,509.0,509.0,,,0.0,,,0.0
2025-12-14 11:00:00,,,,,,,509.0,509.0,,,0.0,,,0.0
2025-12-14 12:00:00,,,,,,,249.0,248.0,0.75479996,0.2364,4.0,0.8751999,0.1771,4.0
2025-12-14 13:00:00,,,,,,,249.0,248.0,0.6788,0.088,2.0,0.86459994,0.17979997,2.0
2025-12-14 14:00:00,,,,,,,505.0,504.0,0.315,0.043199997,6.0,1.1845,0.10549998,6.0
2025-12-14 15:00:00,,,,,,,509.0,509.0,,,0.0,,,0.0
2025-12-14 16:00:00,,,,,,,1529.0,1529.0,,,0.0,,,0.0
2025-12-14 17:00:00,,,,,,,1533.0,1533.0,,,0.0,,,0.0
2025-12-14 18:00:00,,,,,,,1529.0,1529.0,,,0.0,,,0.0
2025-12-14 19:00:00,,,,,,,1529.0,1529.0,,,0.0,,,0.0
2025-12-14 20:00:00,,,,,,,1529.0,1529.0,,,0.0,,,0.0
2025-12-14 21:00:00,,,,,,,1533.0,1533.0,,,0.0,,,0.0
2025-12-14 22:00:00,,,,,,,1273.0,1273.0,,,0.0,,,0.0
2025-12-14 23:00:00,,,,,,,1273.0,1273.0,,,0.0,,,0.0
2025-12-15 00:00:00,,,,,,,1273.0,1273.0,,,0.0,,,0.0
2025-12-15 01:00:00,,,,,,,1273.0,1273.0,,,0.0,,,0.0
2025-12-15 02:00:00,,,,,,,1273.0,1273.0,,,0.0,,,0.0
2025-12-15 03:00:00,,,,,,,1273.0,1273.0,,,0.0,,,0.0
2025-12-15 04:00:00,,,,,,,1273.0,1273.0,,,0.0,,,0.0
2025-12-15 05:00:00,,,,,,,1529.0,1529.0,,,0.0,,,0.0
2025-12-15 06:00:00,,,,,,,1273.0,1273.0,,,0.0,,,0.0
2025-12-15 07:00:00,,,,,,,1533.0,1533.0,,,0.0,,,0.0
2025-12-15 08:00:00,,,,,,,1533.0,1533.0,,,0.0,,,0.0
2025-12-15 09:00:00,,,,,,,509.0,509.0,,,0.0,,,0.0
2025-12-15 10:00:00,,,,,,,509.0,509.0,,,0.0,,,0.0
2025-12-15 11:00:00,,,,,,,505.0,505.0,1.1566,0.0,1.0,0.9424,0.0,1.0
2025-12-15 12:00:00,,,,,,,509.0,509.0,,,0.0,,,0.0
2025-12-15 13:00:00,,,,,,,509.0,509.0,,,0.0,,,0.0
2025-12-15 14:00:00,,,,,,,249.0,248.0,0.6586,0.0548,4.0,1.0274,0.10780001,4.0
2025-12-15 15:00:00,0.5198,0.616,0.1166,0.1153,0.7746999,1.0517,0.0,0.0,0.65059996,0.0276,6.0,0.9843999,0.06189996,6.0
2025-12-15 16:00:00,0.48479998,,,,0.6695,,1025.0,1273.0,0.63879997,0.0308,3.0,1.1265,0.09529996,3.0
2025-12-15 17:00:00,,,,,,,1273.0,1273.0,,,0.0,,,0.0
2025-12-15 18:00:00,,,,,,,1273.0,1273.0,,,0.0,,,0.0
2025-12-15 19:00:00,,,,,,,1273.0,1273.0,,,0.0,,,0.0
2025-12-15 20:00:00,,,,,,,1273.0,1273.0,,,0.0,,,0.0
2025-12-15 21:00:00,,,,,,,1273.0,1273.0,,,0.0,,,0.0
2025-12-15 22:00:00,,,,,,,1273.0,1273.0,,,0.0,,,0.0
2025-12-15 23:00:00,,,,,,,1273.0,1273.0,,,0.0,,,0.0
2025-12-16 00:00:00,,,,,,,1529.0,1529.0,,,0.0,,,0.0
2025-12-16 01:00:00,,,,,,,1273.0,1273.0,,,0.0,,,0.0
2025-12-16 02:00:00,,,,,,,1273.0,1273.0,,,0.0,,,0.0
2025-12-16 03:00:00,,,,,,,1273.0,1273.0,,,0.0,,,0.0
2025-12-16 04:00:00,,,,,,,1529.0,1529.0,,,0.0,,,0.0
2025-12-16 05:00:00,,,,,,,1273.0,1273.0,,,0.0,,,0.0
2025-12-16 06:00:00,,,,,,,1273.0,1273.0,,,0.0,,,0.0
2025-12-16 07:00:00,,,,,,,1533.0,1533.0,,,0.0,,,0.0
2025-12-16 08:00:00,,,,,,,1533.0,1533.0,,,0.0,,,0.0
2025-12-16 09:00:00,,,,,,,509.0,509.0,,,0.0,,,0.0
2025-12-16 10:00:00,,,,,,,509.0,509.0,,,0.0,,,0.0
2025-12-16 11:00:00,,0.0,,3.2768,,0.0001,248.0,0.0,,,0.0,,,0.0
2025-12-16 12:00:00,,,,,,,509.0,509.0,,,0.0,,,0.0
2025-12-16 13:00:00,,,,,,,509.0,509.0,,,0.0,,,0.0
2025-12-16 14:00:00,,,,,,,509.0,509.0,,,0.0,,,0.0
2025-12-16 15:00:00,,,,,,,509.0,509.0,,,0.0,,,0.0
2025-12-16 16:00:00,,,,,,,1533.0,1533.0,,,0.0,,,0.0
2025-12-16 17:00:00,,,,,,,1273.0,1273.0,,,0.0,,,0.0
2025-12-16 18:00:00,,,,,,,1529.0,1529.0,,,0.0,,,0.0
2025-12-16 19:00:00,,,,,,,1533.0,1533.0,,,0.0,,,0.0
2025-12-16 20:00:00,,,,,,,1273.0,1273.0,,,0.0,,,0.0
2025-12-16 21:00:00,,,,,,,1273.0,1273.0,,,0.0,,,0.0
2025-12-16 22:00:00,,,,,,,1529.0,1529.0,,,0.0,,,0.0
2025-12-16 23:00:00,,,,,,,1533.0,1533.0,,,0.0,,,0.0
2025-12-17 00:00:00,,,,,,,1273.0,1273.0,,,0.0,,,0.0
2025-12-17 01:00:00,,,,,,,1273.0,1273.0,,,0.0,,,0.0
2025-12-17 02:00:00,,,,,,,1529.0,1529.0,,,0.0,,,0.0
2025-12-17 03:00:00,,,,,,,1529.0,1529.0,,,0.0,,,0.0
2025-12-17 04:00:00,,,,,,,1533.0,1533.0,,,0.0,,,0.0
2025-12-17 05:00:00,,,,,,,1529.0,1529.0,,,0.0,,,0.0
2025-12-17 06:00:00,,,,,,,1529.0,1529.0,,,0.0,,,0.0
2025-12-17 07:00:00,,,,,,,1533.0,1533.0,,,0.0,,,0.0
2025-12-17 08:00:00,,,,,,,1533.0,1533.0,,,0.0,,,0.0
2025-12-17 09:00:00,,,,,,,509.0,509.0,,,0.0,,,0.0
2025-12-17 10:00:00,,,,,,,509.0,509.0,,,0.0,,,0.0
2025-12-17 11:00:00,,,,,,,509.0,509.0,,,0.0,,,0.0
2025-12-17 12:00:00,,,,,,,509.0,509.0,,,0.0,,,0.0
2025-12-17 13:00:00,,,,,,,509.0,509.0,,,0.0,,,0.0
2025-12-17 14:00:00,,,,,,,509.0,509.0,,,0.0,,,0.0
2025-12-17 15:00:00,,,,,,,509.0,509.0,,,0.0,,,0.0
2025-12-17 16:00:00,,,,,,,1533.0,1533.0,0.8186,0.0198,2.0,0.9900999,0.15109998,2.0
2025-12-17 17:00:00,,,,,,,1533.0,1533.0,,,0.0,,,0.0
2025-12-17 18:00:00,,,,,,,1533.0,1533.0,,,0.0,,,0.0
2025-12-17 19:00:00,,,,,,,1533.0,1533.0,,,0.0,,,0.0
2025-12-17 20:00:00,,,,,,,1529.0,1529.0,,,0.0,,,0.0
2025-12-17 21:00:00,,,,,,,1533.0,1533.0,,,0.0,,,0.0
2025-12-17 22:00:00,,,,,,,1273.0,1273.0,,,0.0,,,0.0
2025-12-17 23:00:00,,,,,,,1533.0,1533.0,,,0.0,,,0.0
2025-12-18 00:00:00,,,,,,,1533.0,1533.0,,,0.0,,,0.0
2025-12-18 01:00:00,,,,,,,1533.0,1533.0,,,0.0,,,0.0
2025-12-18 02:00:00,,,,,,,1529.0,1529.0,,,0.0,,,0.0
2025-12-18 03:00:00,,,,,,,1533.0,1533.0,,,0.0,,,0.0
2025-12-18 04:00:00,,,,,,,1533.0,1533.0,,,0.0,,,0.0
2025-12-18 05:00:00,,,,,,,1529.0,1529.0,,,0.0,,,0.0
2025-12-18 06:00:00,,,,,,,1273.0,1273.0,,,0.0,,,0.0
2025-12-18 08:00:00,,,,,,,1533.0,1533.0,,,0.0,,,0.0
2025-12-18 09:00:00,,,,,,,509.0,509.0,0.2888,0.0026,2.0,1.0948,0.0069000125,2.0
2025-12-18 10:00:00,,,,,,,509.0,509.0,0.4456,0.0,1.0,1.1392,0.0,1.0
2025-12-18 11:00:00,0.56799996,,,,0.1135,,1.0,248.0,0.5882,0.205,6.0,1.091,0.1279,6.0
2025-12-18 12:00:00,0.78459996,,,,0.48979998,,257.0,504.0,0.87899995,0.097399995,6.0,1.0374,0.10469997,6.0
2025-12-18 13:00:00,,,,,,,505.0,504.0,0.8014,0.15339999,6.0,1.1126,0.031499982,6.0
2025-12-18 14:00:00,,,,,,,509.0,509.0,,,0.0,,,0.0
2025-12-18 15:00:00,,,,,,,509.0,509.0,,,0.0,,,0.0
2025-12-18 16:00:00,,,,,,,1529.0,1529.0,,,0.0,,,0.0
2025-12-18 17:00:00,,,,,,,1273.0,1273.0,,,0.0,,,0.0
2025-12-18 18:00:00,,,,,,,1533.0,1533.0,,,0.0,,,0.0
2025-12-18 19:00:00,,,,,,,1533.0,1533.0,,,0.0,,,0.0
2025-12-18 20:00:00,,,,,,,1533.0,1533.0,,,0.0,,,0.0
2025-12-18 21:00:00,,,,,,,1273.0,1273.0,,,0.0,,,0.0
2025-12-18 22:00:00,,,,,,,1273.0,1273.0,,,0.0,,,0.0
2025-12-18 23:00:00,,,,,,,1273.0,1273.0,,,0.0,,,0.0
2025-12-19 00:00:00,,,,,,,1273.0,1273.0,,,0.0,,,0.0
2025-12-19 01:00:00,,,,,,,1273.0,1273.0,,,0.0,,,0.0
2025-12-19 02:00:00,,,,,,,1273.0,1273.0,,,0.0,,,0.0
2025-12-19 03:00:00,,,,,,,1273.0,1273.0,,,0.0,,,0.0
2025-12-19 04:00:00,,,,,,,1273.0,1273.0,,,0.0,,,0.0
2025-12-19 05:00:00,,,,,,,1273.0,1273.0,,,0.0,,,0.0
2025-12-19 06:00:00,,,,,,,1273.0,1273.0,,,0.0,,,0.0
2025-12-19 07:00:00,,,,,,,1273.0,1273.0,,,0.0,,,0.0
2025-12-19 08:00:00,,,,,,,1529.0,1529.0,,,0.0,,,0.0
2025-12-19 09:00:00,0.5092,,,,,,2241.0,2296.0,0.37759998,0.062,6.0,1.2515999,0.01639998,6.0
2025-12-19 10:00:00,0.5814,,,,,,453.0,509.0,0.5398,0.045399997,2.0,1.2272999,0.004700005,2.0
2025-12-19 11:00:00,,,,,,,509.0,509.0,,,0.0,,,0.0
2025-12-19 12:00:00,,,,,,,509.0,509.0,,,0.0,,,0.0
2025-12-19 13:00:00,,,,,,,509.0,509.0,,,0.0,,,0.0
2025-12-19 14:00:00,,,,,,,505.0,504.0,1.0533999,0.0962,4.0,0.8658999,0.11509997,4.0
2025-12-19 15:00:00,,,,,,,249.0,248.0,0.78239995,0.0546,6.0,1.1180999,0.09560001,6.0
2025-12-19 16:00:00,,,,,,,1273.0,1273.0,0.8652,0.0234,3.0,1.3291,0.033599973,3.0
2025-12-19 17:00:00,,,,,,,1273.0,1273.0,,,0.0,,,0.0
2025-12-19 18:00:00,,,,,,,1273.0,1273.0,,,0.0,,,0.0
2025-12-19 19:00:00,,,,,,,1273.0,1273.0,,,0.0,,,0.0
2025-12-19 20:00:00,,,,,,,1273.0,1273.0,,,0.0,,,0.0
2025-12-19 21:00:00,,,,,,,1273.0,1273.0,,,0.0,,,0.0
2025-12-19 22:00:00,,,,,,,1273.0,1273.0,,,0.0,,,0.0
2025-12-19 23:00:00,,,,,,,1529.0,1529.0,,,0.0,,,0.0
2025-12-20 00:00:00,,,,,,,1273.0,1273.0,,,0.0,,,0.0
2025-12-20 01:00:00,,,,,,,1273.0,1273.0,,,0.0,,,0.0
2025-12-20 02:00:00,,,,,,,1529.0,1529.0,,,0.0,,,0.0
2025-12-20 03:00:00,,,,,,,1529.0,1529.0,,,0.0,,,0.0
2025-12-20 04:00:00,,,,,,,1529.0,1529.0,,,0.0,,,0.0
2025-12-20 05:00:00,,,,,,,1273.0,1273.0,,,0.0,,,0.0
2025-12-20 06:00:00,,,,,,,1529.0,1529.0,,,0.0,,,0.0
2025-12-20 07:00:00,,,,,,,1533.0,1533.0,,,0.0,,,0.0
2025-12-20 08:00:00,,,,,,,1533.0,1533.0,,,0.0,,,0.0
2025-12-20 09:00:00,,,,,,,509.0,509.0,,,0.0,,,0.0
2025-12-20 10:00:00,,,,,,,509.0,509.0,,,0.0,,,0.0
2025-12-20 11:00:00,,,,,,,509.0,509.0,,,0.0,,,0.0
2025-12-20 12:00:00,,,,,,,509.0,509.0,,,0.0,,,0.0
2025-12-20 13:00:00,,,,,,,509.0,509.0,,,0.0,,,0.0
2025-12-20 14:00:00,,,,,,,509.0,509.0,,,0.0,,,0.0
2025-12-20 15:00:00,,,,,,,2553.0,2552.0,0.67399997,0.062,3.0,1.1775,0.040499985,3.0
2025-12-20 16:00:00,,,,,,,1529.0,1529.0,0.55,0.0092,3.0,1.2219,0.017399967,3.0
2025-12-20 17:00:00,,,,,,,1529.0,1529.0,,,0.0,,,0.0
2025-12-20 18:00:00,,,,,,,1529.0,1529.0,,,0.0,,,0.0
2025-12-20 19:00:00,,,,,,,1273.0,1273.0,,,0.0,,,0.0
2025-12-20 20:00:00,,,,,,,1529.0,1529.0,,,0.0,,,0.0
2025-12-20 21:00:00,,,,,,,1273.0,1273.0,,,0.0,,,0.0
2025-12-20 22:00:00,,,,,,,1273.0,1273.0,,,0.0,,,0.0
2025-12-20 23:00:00,,,,,,,1273.0,1273.0,,,0.0,,,0.0
2025-12-21 00:00:00,,,,,,,1529.0,1529.0,,,0.0,,,0.0
2025-12-21 01:00:00,,,,,,,1533.0,1533.0,,,0.0,,,0.0
2025-12-21 02:00:00,,,,,,,1533.0,1533.0,,,0.0,,,0.0
2025-12-21 03:00:00,,,,,,,1533.0,1533.0,,,0.0,,,0.0
2025-12-21 04:00:00,,,,,,,1529.0,1529.0,,,0.0,,,0.0
2025-12-21 05:00:00,,,,,,,1529.0,1529.0,,,0.0,,,0.0
2025-12-21 06:00:00,,,,,,,1533.0,1533.0,,,0.0,,,0.0
2025-12-21 07:00:00,,,,,,,1533.0,1533.0,,,0.0,,,0.0
2025-12-21 08:00:00,,,,,,,1529.0,1529.0,,,0.0,,,0.0
2025-12-21 09:00:00,,,,,,,249.0,248.0,0.611,0.047399998,4.0,1.1146,0.08609998,4.0
2025-12-21 10:00:00,0.426,,,,,,449.0,504.0,0.6462,0.1108,5.0,0.9764999,0.032400012,5.0
2025-12-21 11:00:00,,,,,,,509.0,509.0,,,0.0,,,0.0
2025-12-21 12:00:00,,,,,,,509.0,509.0,,,0.0,,,0.0
2025-12-21 13:00:00,,,,,,,509.0,509.0,,,0.0,,,0.0
2025-12-21 14:00:00,,,,,,,509.0,509.0,,,0.0,,,0.0
2025-12-21 15:00:00,,,,,,,505.0,504.0,0.839,0.15359999,3.0,1.0738,0.08829999,3.0
2025-12-21 16:00:00,,,,,,,1529.0,1529.0,0.8082,0.14019999,3.0,1.0758,0.035099983,3.0
2025-12-21 17:00:00,,,,,,,1273.0,1273.0,,,0.0,,,0.0
2025-12-21 18:00:00,,,,,,,1273.0,1273.0,,,0.0,,,0.0
2025-12-21 19:00:00,,,,,,,1533.0,1533.0,,,0.0,,,0.0
2025-12-21 20:00:00,,,,,,,1273.0,1273.0,,,0.0,,,0.0
2025-12-21 21:00:00,,,,,,,1273.0,1273.0,,,0.0,,,0.0
2025-12-21 22:00:00,,,,,,,1273.0,1273.0,,,0.0,,,0.0
2025-12-21 23:00:00,,,,,,,1533.0,1533.0,,,0.0,,,0.0
2025-12-22 00:00:00,,,,,,,1529.0,1529.0,,,0.0,,,0.0
2025-12-22 01:00:00,,,,,,,1529.0,1529.0,,,0.0,,,0.0
2025-12-22 02:00:00,,,,,,,1533.0,1533.0,,,0.0,,,0.0
2025-12-22 03:00:00,,,,,,,1529.0,1529.0,,,0.0,,,0.0
2025-12-22 04:00:00,,,,,,,1529.0,1529.0,,,0.0,,,0.0
2025-12-22 05:00:00,,,,,,,1533.0,1533.0,,,0.0,,,0.0
2025-12-22 06:00:00,,,,,,,1529.0,1529.0,,,0.0,,,0.0
2025-12-22 07:00:00,,,,,,,1533.0,1533.0,,,0.0,,,0.0
2025-12-22 08:00:00,,,,,,,1533.0,1533.0,,,0.0,,,0.0
2025-12-22 09:00:00,,,,,,,509.0,509.0,,,0.0,,,0.0
2025-12-22 10:00:00,,,,,,,509.0,509.0,,,0.0,,,0.0
2025-12-22 11:00:00,,,,,,,509.0,509.0,,,0.0,,,0.0
2025-12-22 12:00:00,,,,,,,509.0,509.0,,,0.0,,,0.0
2025-12-22 13:00:00,,,,,,,509.0,509.0,,,0.0,,,0.0
2025-12-22 14:00:00,,,,,,,509.0,509.0,,,0.0,,,0.0
2025-12-22 15:00:00,,,,,,,509.0,509.0,,,0.0,,,0.0
2025-12-22 16:00:00,,,,,,,1533.0,1533.0,,,0.0,,,0.0
2025-12-22 17:00:00,,,,,,,1273.0,1273.0,,,0.0,,,0.0
2025-12-22 18:00:00,,,,,,,1273.0,1273.0,,,0.0,,,0.0
2025-12-22 19:00:00,,,,,,,1273.0,1273.0,,,0.0,,,0.0
2025-12-22 20:00:00,,,,,,,1273.0,1273.0,,,0.0,,,0.0
2025-12-22 21:00:00,,,,,,,1529.0,1529.0,,,0.0,,,0.0
2025-12-22 22:00:00,,,,,,,1273.0,1273.0,,,0.0,,,0.0
2025-12-22 23:00:00,,,,,,,1273.0,1273.0,,,0.0,,,0.0
2025-12-23 00:00:00,,,,,,,1273.0,1273.0,,,0.0,,,0.0
2025-12-23 01:00:00,,,,,,,1529.0,1529.0,,,0.0,,,0.0
2025-12-23 02:00:00,,,,,,,1533.0,1533.0,,,0.0,,,0.0
2025-12-23 03:00:00,,,,,,,1533.0,1533.0,,,0.0,,,0.0
2025-12-23 04:00:00,,,,,,,1529.0,1529.0,,,0.0,,,0.0
2025-12-23 05:00:00,,,,,,,1529.0,1529.0,,,0.0,,,0.0
2025-12-23 06:00:00,,,,,,,1533.0,1533.0,,,0.0,,,0.0
2025-12-23 07:00:00,,,,,,,1533.0,1533.0,,,0.0,,,0.0
2025-12-23 08:00:00,,,,,,,1533.0,1533.0,,,0.0,,,0.0
2025-12-23 09:00:00,,,,,,,509.0,509.0,,,0.0,,,0.0
2025-12-23 10:00:00,,,,,,,509.0,509.0,,,0.0,,,0.0
2025-12-23 11:00:00,,,,,,,509.0,509.0,,,0.0,,,0.0
2025-12-23 12:00:00,,,,,,,509.0,509.0,2.6829998,0.0,1.0,0.7063999,0.0,1.0
2025-12-23 13:00:00,,,,,,,509.0,509.0,,,0.0,,,0.0
2025-12-23 14:00:00,,,,,,,509.0,509.0,,,0.0,,,0.0
2025-12-23 15:00:00,,,,,,,509.0,509.0,,,0.0,,,0.0
2025-12-23 16:00:00,,,,,,,1533.0,1533.0,,,0.0,,,0.0
2025-12-23 17:00:00,,,,,,,1533.0,1533.0,,,0.0,,,0.0
2025-12-23 18:00:00,,,,,,,1529.0,1529.0,,,0.0,,,0.0
2025-12-23 19:00:00,,,,,,,1533.0,1533.0,,,0.0,,,0.0
2025-12-23 20:00:00,,,,,,,1533.0,1533.0,,,0.0,,,0.0
2025-12-23 21:00:00,,,,,,,1533.0,1533.0,,,0.0,,,0.0
2025-12-23 22:00:00,,,,,,,1529.0,1529.0,,,0.0,,,0.0
2025-12-23 23:00:00,,,,,,,1533.0,1533.0,,,0.0,,,0.0
2025-12-24 00:00:00,,,,,,,1529.0,1529.0,,,0.0,,,0.0
2025-12-24 01:00:00,,,,,,,1529.0,1529.0,,,0.0,,,0.0
2025-12-24 02:00:00,,,,,,,1529.0,1529.0,,,0.0,,,0.0
2025-12-24 03:00:00,,,,,,,1273.0,1273.0,,,0.0,,,0.0
2025-12-24 04:00:00,,,,,,,1529.0,1529.0,,,0.0,,,0.0
2025-12-24 05:00:00,,,,,,,1529.0,1529.0,,,0.0,,,0.0
2025-12-24 06:00:00,,,,,,,1529.0,1529.0,,,0.0,,,0.0
2025-12-24 07:00:00,,,,,,,1533.0,1533.0,,,0.0,,,0.0
2025-12-24 08:00:00,,,,,,,1533.0,1533.0,,,0.0,,,0.0
2025-12-24 09:00:00,,,,,,,509.0,509.0,,,0.0,,,0.0
2025-12-24 10:00:00,,,,,,,509.0,509.0,,,0.0,,,0.0
2025-12-24 11:00:00,,,,,,,509.0,509.0,,,0.0,,,0.0
2025-12-24 12:00:00,,,,,,,509.0,509.0,,,0.0,,,0.0
2025-12-24 13:00:00,,,,,,,509.0,509.0,,,0.0,,,0.0
2025-12-24 14:00:00,,,,,,,509.0,509.0,,,0.0,,,0.0
2025-12-24 15:00:00,,,,,,,509.0,509.0,,,0.0,,,0.0
2025-12-24 16:00:00,,,,,,,1533.0,1533.0,,,0.0,,,0.0
2025-12-24 17:00:00,,,,,,,1533.0,1533.0,,,0.0,,,0.0
2025-12-24 18:00:00,,,,,,,1533.0,1533.0,,,0.0,,,0.0
2025-12-24 19:00:00,,,,,,,1533.0,1533.0,,,0.0,,,0.0
2025-12-24 20:00:00,,,,,,,1533.0,1533.0,,,0.0,,,0.0
2025-12-24 21:00:00,,,,,,,1533.0,1533.0,,,0.0,,,0.0
2025-12-24 22:00:00,,,,,,,1533.0,1533.0,,,0.0,,,0.0
2025-12-24 23:00:00,,,,,,,1533.0,1533.0,,,0.0,,,0.0
2025-12-25 00:00:00,,,,,,,1533.0,1533.0,,,0.0,,,0.0
2025-12-25 01:00:00,,,,,,,1533.0,1533.0,,,0.0,,,0.0
2025-12-25 02:00:00,,,,,,,1529.0,1529.0,,,0.0,,,0.0
2025-12-25 03:00:00,,,,,,,1529.0,1529.0,,,0.0,,,0.0
2025-12-25 04:00:00,,,,,,,1533.0,1533.0,,,0.0,,,0.0
2025-12-25 05:00:00,,,,,,,1533.0,1533.0,,,0.0,,,0.0
2025-12-25 06:00:00,,,,,,,1533.0,1533.0,,,0.0,,,0.0
2025-12-25 07:00:00,,,,,,,1533.0,1533.0,,,0.0,,,0.0
2025-12-25 08:00:00,,,,,,,1533.0,1533.0,,,0.0,,,0.0
2025-12-25 09:00:00,,,,,,,509.0,509.0,,,0.0,,,0.0
2025-12-25 10:00:00,,,,,,,509.0,509.0,,,0.0,,,0.0
2025-12-25 11:00:00,,,,,,,509.0,509.0,,,0.0,,,0.0
2025-12-25 12:00:00,,,,,,,509.0,509.0,,,0.0,,,0.0
2025-12-25 13:00:00,,,,,,,509.0,509.0,,,0.0,,,0.0
2025-12-25 14:00:00,,,,,,,509.0,509.0,,,0.0,,,0.0
2025-12-25 15:00:00,,,,,,,509.0,509.0,,,0.0,,,0.0
2025-12-25 16:00:00,,,,,,,1533.0,1533.0,,,0.0,,,0.0
2025-12-25 17:00:00,,,,,,,1529.0,1529.0,,,0.0,,,0.0
2025-12-25 18:00:00,,,,,,,1529.0,1529.0,,,0.0,,,0.0
2025-12-25 19:00:00,,,,,,,1529.0,1529.0,,,0.0,,,0.0
2025-12-25 20:00:00,,,,,,,1533.0,1533.0,,,0.0,,,0.0
2025-12-25 21:00:00,,,,,,,1533.0,1533.0,,,0.0,,,0.0
2025-12-25 22:00:00,,,,,,,1529.0,1529.0,,,0.0,,,0.0
2025-12-25 23:00:00,,,,,,,1529.0,1529.0,,,0.0,,,0.0
2025-12-26 00:00:00,,,,,,,1273.0,1273.0,,,0.0,,,0.0
2025-12-26 01:00:00,,,,,,,1529.0,1529.0,,,0.0,,,0.0
2025-12-26 02:00:00,,,,,,,1533.0,1533.0,,,0.0,,,0.0
2025-12-26 03:00:00,,,,,,,1533.0,1533.0,,,0.0,,,0.0
2025-12-26 04:00:00,,,,,,,1533.0,1533.0,,,0.0,,,0.0
2025-12-26 05:00:00,,,,,,,1529.0,1529.0,,,0.0,,,0.0
2025-12-26 06:00:00,,,,,,,1529.0,1529.0,,,0.0,,,0.0
2025-12-26 07:00:00,,,,,,,1533.0,1533.0,,,0.0,,,0.0
2025-12-26 08:00:00,,,,,,,1533.0,1533.0,,,0.0,,,0.0
2025-12-26 09:00:00,,,,,,,249.0,248.0,0.4554,0.19139999,4.0,1.0618,0.15319997,4.0
2025-12-26 10:00:00,0.2024,,,,,,193.0,248.0,0.48799998,0.1126,3.0,0.9584,0.044699967,3.0
2025-12-26 11:00:00,0.211,,,,,,193.0,248.0,0.4148,0.0984,4.0,1.0287,0.02639997,4.0
2025-12-26 12:00:00,0.1836,,,,,,193.0,249.0,0.262,0.0278,5.0,1.0763999,0.005100012,5.0
2025-12-26 13:00:00,0.1864,0.1576,0.53029996,0.5302,,,192.0,192.0,0.4702,0.3416,6.0,0.9670999,0.12629998,6.0
2025-12-26 14:00:00,0.19399999,0.1832,0.4885,0.4885,,,192.0,192.0,0.2148,0.030399999,6.0,1.1082,0.033899963,6.0
2025-12-26 15:00:00,0.2188,,,,,,2241.0,2296.0,0.2678,0.0648,6.0,1.0676999,0.053799987,6.0
2025-12-26 16:00:00,0.24159999,,,,,,1217.0,1273.0,0.2602,0.0064,3.0,1.1242,0.009000003,3.0
2025-12-26 17:00:00,,,,,,,1273.0,1273.0,,,0.0,,,0.0
2025-12-26 18:00:00,,,,,,,1273.0,1273.0,,,0.0,,,0.0
2025-12-26 19:00:00,,,,,,,1533.0,1533.0,,,0.0,,,0.0
2025-12-26 20:00:00,,,,,,,1533.0,1533.0,,,0.0,,,0.0
2025-12-26 21:00:00,,,,,,,1529.0,1529.0,,,0.0,,,0.0
2025-12-26 22:00:00,,,,,,,1273.0,1273.0,,,0.0,,,0.0
2025-12-26 23:00:00,,,,,,,1273.0,1273.0,,,0.0,,,0.0
2025-12-27 00:00:00,,,,,,,1533.0,1533.0,,,0.0,,,0.0
2025-12-27 01:00:00,,,,,,,1529.0,1529.0,,,0.0,,,0.0
2025-12-27 02:00:00,,,,,,,1273.0,1273.0,,,0.0,,,0.0
2025-12-27 03:00:00,,,,,,,1273.0,1273.0,,,0.0,,,0.0
2025-12-27 04:00:00,,,,,,,1273.0,1273.0,,,0.0,,,0.0
2025-12-27 05:00:00,,,,,,,1273.0,1273.0,,,0.0,,,0.0
2025-12-27 06:00:00,,,,,,,1273.0,1273.0,,,0.0,,,0.0
2025-12-27 07:00:00,,,,,,,1533.0,1533.0,,,0.0,,,0.0
2025-12-27 08:00:00,,,,,,,1533.0,1533.0,,,0.0,,,0.0
2025-12-27 09:00:00,,,,,,,509.0,509.0,,,0.0,,,0.0
2025-12-27 10:00:00,,,,,,,509.0,509.0,,,0.0,,,0.0
2025-12-27 11:00:00,,,,,,,509.0,509.0,,,0.0,,,0.0
2025-12-27 12:00:00,,,,,,,509.0,509.0,,,0.0,,,0.0
2025-12-27 13:00:00,,,,,,,509.0,509.0,,,0.0,,,0.0
2025-12-27 14:00:00,,,,,,,509.0,509.0,,,0.0,,,0.0
2025-12-27 15:00:00,,,,,,,509.0,509.0,,,0.0,,,0.0
2025-12-27 16:00:00,,,,,,,1533.0,1533.0,,,0.0,,,0.0
2025-12-27 17:00:00,,,,,,,1273.0,1273.0,,,0.0,,,0.0
2025-12-27 18:00:00,,,,,,,1273.0,1273.0,,,0.0,,,0.0
2025-12-27 19:00:00,,,,,,,1273.0,1273.0,,,0.0,,,0.0
2025-12-27 20:00:00,,,,,,,1273.0,1273.0,,,0.0,,,0.0
2025-12-27 21:00:00,,,,,,,1273.0,1273.0,,,0.0,,,0.0
2025-12-27 22:00:00,,,,,,,1273.0,1273.0,,,0.0,,,0.0
2025-12-27 23:00:00,,,,,,,1273.0,1273.0,,,0.0,,,0.0
2025-12-28 00:00:00,,,,,,,1273.0,1273.0,,,0.0,,,0.0
2025-12-28 01:00:00,,,,,,,1273.0,1273.0,,,0.0,,,0.0
2025-12-28 02:00:00,,,,,,,1273.0,1273.0,,,0.0,,,0.0
2025-12-28 03:00:00,,,,,,,1273.0,1273.0,,,0.0,,,0.0
2025-12-28 04:00:00,,,,,,,1273.0,1273.0,,,0.0,,,0.0
2025-12-28 05:00:00,,,,,,,1273.0,1273.0,,,0.0,,,0.0
2025-12-28 06:00:00,,,,,,,1273.0,1273.0,,,0.0,,,0.0
2025-12-28 07:00:00,,,,,,,1533.0,1533.0,,,0.0,,,0.0
2025-12-28 08:00:00,,,,,,,1533.0,1533.0,,,0.0,,,0.0
2025-12-28 09:00:00,,,,,,,509.0,509.0,,,0.0,,,0.0
2025-12-28 10:00:00,,,,,,,509.0,509.0,,,0.0,,,0.0
2025-12-28 11:00:00,,,,,,,509.0,509.0,,,0.0,,,0.0
2025-12-28 12:00:00,,,,,,,509.0,509.0,,,0.0,,,0.0
2025-12-28 13:00:00,,,,,,,509.0,509.0,,,0.0,,,0.0
2025-12-28 14:00:00,,,,,,,509.0,509.0,,,0.0,,,0.0
2025-12-28 15:00:00,,,,,,,509.0,509.0,,,0.0,,,0.0
2025-12-28 16:00:00,,,,,,,1533.0,1533.0,,,0.0,,,0.0
2025-12-28 17:00:00,,,,,,,1273.0,1273.0,,,0.0,,,0.0
2025-12-28 18:00:00,,,,,,,1273.0,1273.0,,,0.0,,,0.0
2025-12-28 19:00:00,,,,,,,1273.0,1273.0,,,0.0,,,0.0
2025-12-28 20:00:00,,,,,,,1529.0,1529.0,,,0.0,,,0.0
2025-12-28 21:00:00,,,,,,,1273.0,1273.0,,,0.0,,,0.0
2025-12-28 22:00:00,,,,,,,1273.0,1273.0,,,0.0,,,0.0
2025-12-28 23:00:00,,,,,,,1273.0,1273.0,,,0.0,,,0.0
2025-12-29 00:00:00,,,,,,,1273.0,1273.0,,,0.0,,,0.0
2025-12-29 01:00:00,,,,,,,1273.0,1273.0,,,0.0,,,0.0
2025-12-29 02:00:00,,,,,,,1273.0,1273.0,,,0.0,,,0.0
2025-12-29 03:00:00,,,,,,,1273.0,1273.0,,,0.0,,,0.0
2025-12-29 04:00:00,,,,,,,1273.0,1273.0,,,0.0,,,0.0
2025-12-29 05:00:00,,,,,,,1273.0,1273.0,,,0.0,,,0.0
2025-12-29 06:00:00,,,,,,,1273.0,1273.0,,,0.0,,,0.0
2025-12-29 07:00:00,,,,,,,1533.0,1533.0,,,0.0,,,0.0
2025-12-29 08:00:00,,,,,,,1533.0,1533.0,,,0.0,,,0.0
2025-12-29 09:00:00,,,,,,,509.0,509.0,,,0.0,,,0.0
2025-12-29 10:00:00,,,,,,,509.0,509.0,,,0.0,,,0.0
2025-12-29 11:00:00,,,,,,,509.0,509.0,,,0.0,,,0.0
2025-12-29 12:00:00,,,,,,,509.0,509.0,,,0.0,,,0.0
2025-12-29 13:00:00,,,,,,,509.0,509.0,,,0.0,,,0.0
2025-12-29 14:00:00,,,,,,,509.0,509.0,,,0.0,,,0.0
2025-12-29 15:00:00,,,,,,,509.0,509.0,,,0.0,,,0.0
2025-12-29 16:00:00,,,,,,,1533.0,1533.0,,,0.0,,,0.0
2025-12-29 17:00:00,,,,,,,1273.0,1273.0,,,0.0,,,0.0
2025-12-29 18:00:00,,,,,,,1273.0,1273.0,,,0.0,,,0.0
2025-12-29 19:00:00,,,,,,,1273.0,1273.0,,,0.0,,,0.0
2025-12-29 20:00:00,,,,,,,1273.0,1273.0,,,0.0,,,0.0
2025-12-29 21:00:00,,,,,,,1273.0,1273.0,,,0.0,,,0.0
2025-12-29 22:00:00,,,,,,,1273.0,1273.0,,,0.0,,,0.0
2025-12-29 23:00:00,,,,,,,1273.0,1273.0,,,0.0,,,0.0
2025-12-30 00:00:00,,,,,,,1273.0,1273.0,,,0.0,,,0.0
2025-12-30 01:00:00,,,,,,,1273.0,1273.0,,,0.0,,,0.0
2025-12-30 02:00:00,,,,,,,1273.0,1273.0,,,0.0,,,0.0
2025-12-30 03:00:00,,,,,,,1273.0,1273.0,,,0.0,,,0.0
2025-12-30 04:00:00,,,,,,,1273.0,1273.0,,,0.0,,,0.0
2025-12-30 05:00:00,,,,,,,1273.0,1273.0,,,0.0,,,0.0
2025-12-30 06:00:00,,,,,,,1273.0,1273.0,,,0.0,,,0.0
2025-12-30 07:00:00,,,,,,,1533.0,1533.0,,,0.0,,,0.0
2025-12-30 08:00:00,,,,,,,1533.0,1533.0,,,0.0,,,0.0
2025-12-30 09:00:00,,,,,,,509.0,509.0,,,0.0,,,0.0
2025-12-30 10:00:00,,,,,,,509.0,509.0,,,0.0,,,0.0
2025-12-30 11:00:00,,,,,,,509.0,509.0,,,0.0,,,0.0
2025-12-30 12:00:00,,,,,,,509.0,509.0,,,0.0,,,0.0
2025-12-30 13:00:00,,,,,,,509.0,509.0,,,0.0,,,0.0
2025-12-30 14:00:00,,,,,,,509.0,509.0,,,0.0,,,0.0
2025-12-30 15:00:00,,,,,,,509.0,509.0,,,0.0,,,0.0
2025-12-30 16:00:00,,,,,,,1533.0,1533.0,,,0.0,,,0.0
2025-12-30 17:00:00,,,,,,,1533.0,1533.0,,,0.0,,,0.0
2025-12-30 18:00:00,,,,,,,1533.0,1533.0,,,0.0,,,0.0
2025-12-30 19:00:00,,,,,,,1533.0,1533.0,,,0.0,,,0.0
2025-12-30 20:00:00,,,,,,,1533.0,1533.0,,,0.0,,,0.0
2025-12-30 21:00:00,,,,,,,1533.0,1533.0,,,0.0,,,0.0
2025-12-30 22:00:00,,,,,,,1533.0,1533.0,,,0.0,,,0.0
2025-12-30 23:00:00,,,,,,,1533.0,1533.0,,,0.0,,,0.0
2025-12-31 00:00:00,,,,,,,1533.0,1533.0,,,0.0,,,0.0
2025-12-31 01:00:00,,,,,,,1533.0,1533.0,,,0.0,,,0.0
2025-12-31 02:00:00,,,,,,,1533.0,1533.0,,,0.0,,,0.0
2025-12-31 03:00:00,,,,,,,1533.0,1533.0,,,0.0,,,0.0
2025-12-31 04:00:00,,,,,,,1533.0,1533.0,,,0.0,,,0.0
2025-12-31 05:00:00,,,,,,,1533.0,1533.0,,,0.0,,,0.0
2025-12-31 06:00:00,,,,,,,1533.0,1533.0,,,0.0,,,0.0
2025-12-31 07:00:00,,,,,,,1533.0,1533.0,,,0.0,,,0.0
2025-12-31 09:00:00,,,,,,,509.0,509.0,,,0.0,,,0.0
2025-12-31 10:00:00,,,,,,,509.0,509.0,,,0.0,,,0.0
2025-12-31 11:00:00,,,,,,,509.0,509.0,,,0.0,,,0.0
2025-12-31 12:00:00,,,,,,,509.0,509.0,,,0.0,,,0.0
2025-12-31 13:00:00,,,,,,,509.0,509.0,,,0.0,,,0.0
2025-12-31 14:00:00,,,,,,,509.0,509.0,,,0.0,,,0.0
2025-12-31 15:00:00,,,,,,,509.0,509.0,,,0.0,,,0.0
2025-12-31 16:00:00,,,,,,,1533.0,1533.0,,,0.0,,,0.0
2025-12-31 17:00:00,,,,,,,1529.0,1529.0,,,0.0,,,0.0
2025-12-31 18:00:00,,,,,,,1533.0,1533.0,,,0.0,,,0.0
2025-12-31 19:00:00,,,,,,,1533.0,1533.0,,,0.0,,,0.0
2025-12-31 20:00:00,,,,,,,1533.0,1533.0,,,0.0,,,0.0
2025-12-31 21:00:00,,,,,,,1529.0,1529.0,,,0.0,,,0.0
2025-12-31 22:00:00,,,,,,,1273.0,1273.0,,,0.0,,,0.0
2025-12-31 23:00:00,,,,,,,1273.0,1273.0,,,0.0,,,0.0
2026-01-01 00:00:00,,,,,,,1273.0,1273.0,,,0.0,,,0.0
2026-01-01 01:00:00,,,,,,,1273.0,1273.0,,,0.0,,,0.0
2026-01-01 02:00:00,,,,,,,1533.0,1533.0,,,0.0,,,0.0
2026-01-01 03:00:00,,,,,,,1533.0,1533.0,,,0.0,,,0.0
2026-01-01 04:00:00,,,,,,,1533.0,1533.0,,,0.0,,,0.0
2026-01-01 05:00:00,,,,,,,1529.0,1529.0,,,0.0,,,0.0
2026-01-01 06:00:00,,,,,,,1529.0,1529.0,,,0.0,,,0.0
